{"type": "FeatureCollection", "name": "bmc_flooding_spots_clean", "features": [{"type": "Feature", "geometry": {"type": "Polygon", "coordinates": [[[72.91269492803167, 19.0795653457171], [72.91248414275987, 19.079622670649517], [72.91226745660921, 19.07965443774585], [72.91204829928202, 19.07966012943012], [72.91183011019191, 19.0796396663464], [72.91161634576197, 19.07959335505048], [72.91141037616703, 19.079521939229064], [72.91121544239937, 19.079426537787487], [72.91103461798264, 19.079308666994972], [72.91087076509072, 19.07917017856041], [72.91072645386906, 19.079013253294363], [72.91060396278561, 19.078840373107308], [72.91050524810039, 19.078654255623324], [72.91043183096318, 19.07845784205745], [72.9103848846558, 19.07825423497212], [72.9103651488122, 19.078046644912174], [72.91037294263617, 19.077838321904174], [72.91040813234, 19.077632576765932], [72.91047016508142, 19.077432651419212], [72.9105041707011, 19.077426884697267], [72.91053867118903, 19.07742521726856], [72.91064720549065, 19.077258983170555], [72.9107768089601, 19.077106995081106], [72.91092541949315, 19.076971638642075], [72.91109069763903, 19.076855068726484], [72.91127005159325, 19.07675911036343], [72.91146062463073, 19.076685275761378], [72.91165943787291, 19.076634743346503], [72.91186334074014, 19.07660829306977], [72.91206912925504, 19.076606342073617], [72.91227354706486, 19.076628938380757], [72.9124733744446, 19.076675708608267], [72.91266546257732, 19.0767459270042], [72.91284677294755, 19.076838479760344], [72.913014458464, 19.076951911092696], [72.91316587197163, 19.077084426044536], [72.91329861976189, 19.077233941673196], [72.91341061092378, 19.07739809121863], [72.91350007633245, 19.07757430109461], [72.91356562212025, 19.07775976981241], [72.91360618717181, 19.077951600280514], [72.91362115683911, 19.078146747796616], [72.91361026942515, 19.078342129189075], [72.91357372084148, 19.078534687231983], [72.91351207566115, 19.078721362540495], [72.91342631392001, 19.078899225982255], [72.91331777336859, 19.079065462670098], [72.91318817778158, 19.079217463517423], [72.91303955923527, 19.07935281081212], [72.91287427667686, 19.07946938863115], [72.91269492803167, 19.0795653457171]]]}, "properties": {"FEATUREID": "FS17000000008", "NAME": "Vallabha Bag Lane Shashtri Nagar", "TYPE": 2, "LOCATION": "Vallabh Baug Lane,Near ONGC Colony,Ghatkoper East,Mumbai,400075", "WARD": "N", "SUBTYPE": 4, "DEPTH": 2, "HEIGHT_TO_MSL": null, "AFFECT_AREA": "Ghatkoper East", "AFFECT_POPULATION": 280, "AFFECTED_HUT": 100, "AFFECT_ROAD": null, "AFFECT_RAIL": "No", "NO_DE_WATER_PUMP": 1, "REMARKS": " Will be Tackled before Monsoon 26 (2025)"}}, {"type": "Feature", "geometry": {"type": "Polygon", "coordinates": [[[72.91270457523386, 19.09034358513246], [72.91250745036353, 19.0904654570843], [72.91229581256566, 19.090562879482114], [72.91207300190463, 19.09063431662272], [72.91184253008117, 19.090678640339426], [72.9116080297911, 19.090695152011996], [72.9113732004531, 19.090683590985275], [72.91114175107464, 19.090644143857467], [72.91091732538544, 19.09057742827405], [72.910703466611, 19.0904844979458], [72.91050354272151, 19.09036681740921], [72.9103207106099, 19.090226239034237], [72.91015786018572, 19.090064990643185], [72.9100175430475, 19.089885605144172], [72.9099019820745, 19.089690913409406], [72.90981300649281, 19.08948399475709], [72.90975200629508, 19.08926809965181], [72.90971994948369, 19.089046639058274], [72.9097173402595, 19.08882310989604], [72.90974421988142, 19.088601027302527], [72.90980016984318, 19.08838389937792], [72.90988430047356, 19.088175152084798], [72.90999528869666, 19.087978073675885], [72.91013137760984, 19.087795773141572], [72.91029042841073, 19.08763113112256], [72.91046993076095, 19.087486731382175], [72.91066705593971, 19.087364865026952], [72.91087868742426, 19.087267440529235], [72.91110149375052, 19.087196007139397], [72.91133196167873, 19.087151685711945], [72.91156645603401, 19.087135169386173], [72.9118012804285, 19.087146729695373], [72.91203272904939, 19.087186177409286], [72.91225714993591, 19.087252892155398], [72.9124710038813, 19.08734582218103], [72.91267092405916, 19.087463502188392], [72.91285375472977, 19.087604072738525], [72.91305079666645, 19.087803842879726], [72.91318657957295, 19.08798272321637], [72.91329770635058, 19.088176368391913], [72.91338242793405, 19.088381731722276], [72.91343940905811, 19.088595573381458], [72.91346775039676, 19.08881451394376], [72.91346700573841, 19.0890351050334], [72.91343717959695, 19.089253869041706], [72.91337875501877, 19.08946735544649], [72.9132926425398, 19.089672196239544], [72.91318020991362, 19.089865160463116], [72.91304321783373, 19.09004320406924], [72.91288383731963, 19.090203523414562], [72.91270457523386, 19.09034358513246]]]}, "properties": {"FEATUREID": "FS17000000009", "NAME": "Devkabai Chawl", "TYPE": 2, "LOCATION": "Lal Bahadur Shastri Marg,Near Ganesh Store,Gahatkoper West,Mumbai,400086", "WARD": "N", "SUBTYPE": 2, "DEPTH": 3, "HEIGHT_TO_MSL": null, "AFFECT_AREA": "Gahatkoper West", "AFFECT_POPULATION": 850, "AFFECTED_HUT": 250, "AFFECT_ROAD": null, "AFFECT_RAIL": "No", "NO_DE_WATER_PUMP": 1, "REMARKS": "Will be Tackled before Monsoon 26 (2025)"}}, {"type": "Feature", "geometry": {"type": "Polygon", "coordinates": [[[72.91088550004243, 19.076150497015647], [72.9108552075308, 19.076148684900666], [72.91082539333667, 19.07614327680319], [72.91079652664044, 19.076134360241042], [72.91076906270054, 19.076122072255174], [72.91074343512922, 19.076106609258236], [72.91072004845178, 19.07608821430416], [72.91069927144576, 19.07606717791581], [72.9106814305821, 19.076043830784386], [72.91066680813664, 19.07601854284452], [72.9106556347494, 19.075991710543995], [72.91064808654104, 19.075963759520743], [72.91064428245565, 19.07593512921696], [72.91064428239511, 19.07590627014794], [72.91064808726453, 19.07587764028952], [72.91065563537663, 19.075849688778202], [72.91066680814001, 19.075822856878894], [72.91068143113382, 19.07579756806104], [72.9106992713374, 19.0757742216443], [72.91072004861992, 19.075753185702524], [72.91074343583102, 19.07573478983857], [72.91076906257786, 19.075719327033877], [72.91079652679385, 19.075707040230185], [72.91082539283883, 19.075698122308278], [72.91085520765883, 19.07569271536774], [72.9108854999379, 19.075690902587983], [72.91091579235628, 19.075692715593302], [72.91094560648708, 19.07569812276584], [72.91097447310923, 19.075707040201728], [72.91100193701362, 19.075719327249242], [72.91102756360698, 19.07573479019666], [72.91105095027697, 19.075753185110862], [72.91107172824653, 19.07577422147146], [72.911089569144, 19.075797568568184], [72.9111041906801, 19.075822857371694], [72.91111536414535, 19.07584968874813], [72.91112291243103, 19.075877639759508], [72.91112671658817, 19.07590627096444], [72.91112671674368, 19.07593512913827], [72.91112291289176, 19.075963759928044], [72.91111536486024, 19.07599171056203], [72.91110419120217, 19.076018542483137], [72.911089569196, 19.07604383134902], [72.91107172806038, 19.076067177794613], [72.91105095076342, 19.076088214679064], [72.91102756448966, 19.076106609687514], [72.91100193674974, 19.076122072513428], [72.9109744734239, 19.076134359352913], [72.91094560635644, 19.07614327728061], [72.91091579240552, 19.076148684238884], [72.91088550004243, 19.076150497015647]]]}, "properties": {"FEATUREID": "FS17000000011", "NAME": "Garodia Nagar Sati Krupa shopping centre", "TYPE": 2, "LOCATION": "Garodia Nagar Road,Near Satikrupa Shopping Center,Ghatkoper East,Mumbai,400075", "WARD": "N", "SUBTYPE": 2, "DEPTH": 2, "HEIGHT_TO_MSL": null, "AFFECT_AREA": "Ghatkoper East", "AFFECT_POPULATION": 1200, "AFFECTED_HUT": 300, "AFFECT_ROAD": null, "AFFECT_RAIL": "No", "NO_DE_WATER_PUMP": 1, "REMARKS": "Already Tackled (2024-25)"}}, {"type": "Feature", "geometry": {"type": "Polygon", "coordinates": [[[72.89713951517263, 19.08126463813486], [72.89693035238031, 19.08133144573661], [72.8967140233078, 19.081372800896542], [72.89649396612724, 19.081388046419864], [72.89627361834823, 19.081376954178133], [72.89605647049663, 19.081339686880842], [72.89584595904044, 19.081276850145542], [72.89564538010598, 19.081189402989203], [72.8954579176192, 19.08107876112062], [72.89528651880757, 19.080946649184238], [72.89513386889428, 19.08079514834105], [72.8950024152107, 19.08062666763528], [72.8948942079026, 19.080443843713823], [72.8948109490447, 19.08024956396557], [72.89475395747252, 19.08004689295132], [72.89472413793199, 19.079839033208227], [72.89472194766554, 19.079629263443856], [72.89474743127991, 19.079420886543986], [72.89480017958506, 19.07921717942275], [72.89487936971594, 19.079021376320245], [72.89498375234002, 19.07883655394252], [72.89511166713552, 19.078665609962776], [72.89526110542174, 19.078511269160064], [72.8954297193696, 19.07837595616606], [72.89561484293377, 19.07826179299827], [72.89581355177563, 19.07817059342505], [72.89602271076365, 19.078103787635946], [72.89623903169597, 19.078062440065544], [72.89645909016079, 19.078047192681304], [72.89667944027478, 19.078058281649902], [72.89689657268461, 19.07809555221351], [72.8971070940447, 19.078158389378274], [72.89730766399936, 19.078245817456896], [72.8974951267559, 19.078356462726536], [72.8976927095667, 19.07852848097115], [72.8978416846887, 19.0786797300702], [72.89796952794498, 19.078847535411626], [72.89807424717414, 19.079029249383343], [72.89815419490897, 19.079222010608607], [72.89820809260078, 19.07942278215725], [72.89823511277945, 19.079628391321734], [72.89823480032328, 19.079835595560734], [72.898207188693, 19.080041132601597], [72.89815268928048, 19.080241756213493], [72.89807218077095, 19.08043430768404], [72.89796690629467, 19.080615735423986], [72.8978385594927, 19.08078320163576], [72.89768914430621, 19.080934050909317], [72.89752102421919, 19.081065898405686], [72.89733684276355, 19.08117668044084], [72.89713951517263, 19.08126463813486]]]}, "properties": {"FEATUREID": "FS17000000013", "NAME": "Vidhyavihar Station", "TYPE": 2, "LOCATION": "Bhaveshwer Complex,Vidhyavihar Station Road,Opp Booking Office,Vidhyavihar West,Mumbai,400086", "WARD": "N", "SUBTYPE": 2, "DEPTH": 2, "HEIGHT_TO_MSL": null, "AFFECT_AREA": "Vidhyavihar West", "AFFECT_POPULATION": null, "AFFECTED_HUT": null, "AFFECT_ROAD": null, "AFFECT_RAIL": "Yes", "NO_DE_WATER_PUMP": 1, "REMARKS": "Will be Tackled before Monsoon 26 (2025)"}}, {"type": "Feature", "geometry": {"type": "Polygon", "coordinates": [[[72.91608703787914, 19.078728375405934], [72.9160158925771, 19.07854628373411], [72.91596931108545, 19.078357155909277], [72.91594802563921, 19.078163968427248], [72.91595237622478, 19.077969762890763], [72.91598228722265, 19.07777761503344], [72.91603729894216, 19.07759054474834], [72.9161165402607, 19.07741150132745], [72.91621875591663, 19.07724330867205], [72.91634232786409, 19.077088629405328], [72.9164853246258, 19.07694989317057], [72.91664548522465, 19.076829290129794], [72.91682027294382, 19.076728726410373], [72.9170069433226, 19.076649780615774], [72.91720255086977, 19.076593698484213], [72.91740399681436, 19.07656137265485], [72.91760813027683, 19.076553304971153], [72.91781170908968, 19.076569624104298], [72.91801153581005, 19.076610072637298], [72.91820445093938, 19.07667401692328], [72.91838741848949, 19.07676044172735], [72.91855755493984, 19.07686798939256], [72.91871215956384, 19.076994965599226], [72.91884881484809, 19.077139362174876], [72.91896536217978, 19.07729890198054], [72.91905995648119, 19.07747107655968], [72.91913110306835, 19.077653161907225], [72.91917769385668, 19.077842286622825], [72.91919897918709, 19.07803548217517], [72.91919463627268, 19.078229680060822], [72.91916472489078, 19.078421836860873], [72.919109716215, 19.078608908371987], [72.91903048300891, 19.07878795066548], [72.91892826613561, 19.078956139583774], [72.91880468910686, 19.07911082329813], [72.9186616920437, 19.07924956131089], [72.91850153689218, 19.07937016335897], [72.91832674317871, 19.079470736566012], [72.91814006719936, 19.079549677983955], [72.91794446480097, 19.07960576360101], [72.91774300941945, 19.079638092316994], [72.91753887787141, 19.079646158047385], [72.91733529538611, 19.079629838263113], [72.91713545963684, 19.079589390422107], [72.91694254177465, 19.07952544475338], [72.91675956946624, 19.079439011966297], [72.91658944707501, 19.07933146450689], [72.91643482708668, 19.07920448542078], [72.91629817257726, 19.079060087121768], [72.91618163360671, 19.078900543147768], [72.91608703787914, 19.078728375405934]]]}, "properties": {"FEATUREID": "FS17000000014", "NAME": "Kamraj Nagar Municipal School", "TYPE": 2, "LOCATION": "Kamraj Nagar Road,Inside BMC School,Ghatkoper East,Mumbai,400075", "WARD": "N", "SUBTYPE": 2, "DEPTH": 2, "HEIGHT_TO_MSL": null, "AFFECT_AREA": "Ghatkoper East", "AFFECT_POPULATION": null, "AFFECTED_HUT": null, "AFFECT_ROAD": null, "AFFECT_RAIL": "No", "NO_DE_WATER_PUMP": 1, "REMARKS": "Planning Stage (2025)"}}, {"type": "Feature", "geometry": {"type": "Polygon", "coordinates": [[[72.87984806120346, 19.06817368525623], [72.87958246054517, 19.068205417561494], [72.87931475272352, 19.068205268647823], [72.87904918665788, 19.068173207007437], [72.87878994451079, 19.068109743254563], [72.87854111647854, 19.068015894605253], [72.87830661404995, 19.067893132389457], [72.87809014339122, 19.067743382643354], [72.8778951255414, 19.067569026089153], [72.8777246121305, 19.067372802315777], [72.87758132915363, 19.067157803954245], [72.87746750368098, 19.06692743312717], [72.87738494877327, 19.066685298545362], [72.87733495009066, 19.066435243103577], [72.87731831423947, 19.06618120352424], [72.87733530074034, 19.065927182475086], [72.87738563228612, 19.065677189974874], [72.87746852238426, 19.065435162419035], [72.87758265864997, 19.065204932582375], [72.87772624238403, 19.06499010633069], [72.87789700431273, 19.064794095324736], [72.87809226814785, 19.06461997504041], [72.87830892376239, 19.064470502531293], [72.8785435889402, 19.064348021645444], [72.8787925465329, 19.06425447404986], [72.8790518735645, 19.06419133116829], [72.87931748109172, 19.064159596449272], [72.87958515668619, 19.06415975075722], [72.87985071837186, 19.064191822791766], [72.88010996578814, 19.06425526929315], [72.8803587895169, 19.064349117207623], [72.88059329000022, 19.064471874723594], [72.88080975930997, 19.064621619578187], [72.88100477834686, 19.064795974877548], [72.88117529175685, 19.064992193956588], [72.88131857903471, 19.0652071916557], [72.88143241190184, 19.065437569609056], [72.88151496972813, 19.065679693852754], [72.88156497375199, 19.065929748753245], [72.88158161611393, 19.066183790385814], [72.88156463600194, 19.066437810637375], [72.88151431216534, 19.0666878039631], [72.88143142597175, 19.06692983470908], [72.88131729237244, 19.06716006818243], [72.88117371177337, 19.067374895657412], [72.88100295039352, 19.067570910669566], [72.88080768550465, 19.06774503214037], [72.8805910272215, 19.067894509149788], [72.88035635896759, 19.068016990466678], [72.8801073942432, 19.0681105423685], [72.87984806120346, 19.06817368525623]]]}, "properties": {"FEATUREID": "FS15000000002", "NAME": "Kurla Station west near Police Chowky", "TYPE": 2, "LOCATION": "S G Barve Road,Near Police Chowki,Kurla Station,Mumbai,400070", "WARD": "L", "SUBTYPE": null, "DEPTH": 2, "HEIGHT_TO_MSL": null, "AFFECT_AREA": "Kurla Station ", "AFFECT_POPULATION": null, "AFFECTED_HUT": null, "AFFECT_ROAD": "S G Barve Road ", "AFFECT_RAIL": "No", "NO_DE_WATER_PUMP": 1, "REMARKS": "Will be tackled before Monsoon 26 (2025)"}}, {"type": "Feature", "geometry": {"type": "Polygon", "coordinates": [[[72.88194944146161, 19.069934555821238], [72.88172064101322, 19.069817411849492], [72.881509089596, 19.06967392407154], [72.88131811963179, 19.06950635199524], [72.88115074596719, 19.06931734711592], [72.88100960124025, 19.06910988080977], [72.88089692267727, 19.068887236950882], [72.880814476331, 19.068652918902107], [72.88076356787015, 19.068410623440787], [72.88074500262933, 19.068164170745], [72.88075907203822, 19.067917451846718], [72.88080554126512, 19.067674355324886], [72.88088370408163, 19.06743871193463], [72.88099230567391, 19.067214239526578], [72.88112963378286, 19.067004473642907], [72.88129352856498, 19.066812739633942], [72.88148140017874, 19.066642039956328], [72.88169030740494, 19.066495072244013], [72.88191692608505, 19.066374171141586], [72.8821576937027, 19.066281218739473], [72.88240882579655, 19.066217698059724], [72.88266634179523, 19.066184603028375], [72.8829261863916, 19.066182455227082], [72.88318427626902, 19.066211289074374], [72.88343652088335, 19.066270660193005], [72.88367895586606, 19.066359612614992], [72.88390775248838, 19.066476755665146], [72.88411930347223, 19.066620238746925], [72.88431027070476, 19.066787808791297], [72.88447765549006, 19.066976813767436], [72.88461879669377, 19.06718427401482], [72.88473147860498, 19.067406916896875], [72.88481393023116, 19.067641232791434], [72.88486484456544, 19.06788352950476], [72.88488341692138, 19.068129981485658], [72.88486935354838, 19.0683767003786], [72.88482288887684, 19.068619799354305], [72.88474474017525, 19.06885544859394], [72.8846361326565, 19.069079918937195], [72.884498810574, 19.069289681373622], [72.88433491253265, 19.069481426391896], [72.88414704098035, 19.06965212801155], [72.88393813431978, 19.069799090194365], [72.88371150896275, 19.06992000152868], [72.88347073555686, 19.070012956395445], [72.8832196063504, 19.070076480792615], [72.88296208427883, 19.070109576013927], [72.88270222503068, 19.07011172046583], [72.88244414079244, 19.07008288099419], [72.88219188810695, 19.070023515208625], [72.88194944146161, 19.069934555821238]]]}, "properties": {"FEATUREID": "FS15000000007", "NAME": "Bramhanwadi Pumpping", "TYPE": 2, "LOCATION": "Bhagini Mandal,Maheshwar Patankar Road,In Front of Little Leaders per School,Bramhanwadi, Kurla,Mumbai,400070", "WARD": "L", "SUBTYPE": null, "DEPTH": 2, "HEIGHT_TO_MSL": null, "AFFECT_AREA": "Bramhanwadi, Kurla ", "AFFECT_POPULATION": 150, "AFFECTED_HUT": 70, "AFFECT_ROAD": null, "AFFECT_RAIL": "No", "NO_DE_WATER_PUMP": 1, "REMARKS": "Planning Stage (2025)"}}, {"type": "Feature", "geometry": {"type": "Polygon", "coordinates": [[[72.88026199986521, 19.074401494624286], [72.88023119393954, 19.074399652647646], [72.88020087441738, 19.074394152590077], [72.88017151802622, 19.074385083939166], [72.88014358942799, 19.07437258843367], [72.88011752692486, 19.074356863512243], [72.88009374443924, 19.074338156013297], [72.88007261440427, 19.07431676288128], [72.88005447076289, 19.07429301945864], [72.88003960133416, 19.074267302107828], [72.88002823847552, 19.074240015457885], [72.88002056195528, 19.074211590631016], [72.88001669435297, 19.07418247344703], [72.88001669343714, 19.07415312614221], [72.8800205618944, 19.074124009415808], [72.8800282387575, 19.074095584138], [72.88003960147766, 19.074068297824603], [72.88005447168156, 19.074042580187115], [72.8800726143018, 19.074018836799766], [72.8800937442953, 19.073997443757275], [72.88011752773107, 19.073978736848133], [72.88014358938919, 19.073963011642178], [72.88017151855222, 19.073950516330992], [72.88020087476163, 19.073941447277857], [72.88023119447855, 19.073935948191153], [72.8802619996901, 19.073934105706964], [72.88029280553108, 19.073935947670254], [72.88032312498756, 19.073941446802017], [72.88035248130244, 19.07395051632556], [72.88038041080219, 19.07396301180551], [72.88040647232657, 19.07397873667587], [72.88043025480461, 19.07399744413355], [72.88045138485379, 19.07401883722575], [72.88046952758037, 19.074042580601603], [72.88048439801273, 19.07406829793369], [72.88049576095194, 19.074095583658913], [72.88050343754068, 19.074124009376774], [72.88050730619034, 19.07415312566659], [72.88050730623127, 19.074182473871975], [72.8805034378556, 19.074211590616525], [72.88049576202542, 19.074240015028913], [72.88048439840088, 19.074267302268296], [72.8804695291858, 19.074293019955313], [72.88045138564553, 19.074316762469618], [72.8804302556372, 19.074338156456122], [72.88040647312648, 19.074356863414327], [72.88038041047369, 19.074372588642373], [72.88035248219866, 19.074385083990304], [72.88032312591413, 19.07439415306043], [72.88029280611353, 19.074399652154245], [72.88026199986521, 19.074401494624286]]]}, "properties": {"FEATUREID": "FS15000000010", "NAME": "Kurla Station west 2", "TYPE": 2, "LOCATION": "L B S Road,Opp Bal Hanuman Mandir,Kurla Signal, Kurla West,Mumbai,400070", "WARD": "L", "SUBTYPE": null, "DEPTH": 2, "HEIGHT_TO_MSL": null, "AFFECT_AREA": "Kurla Signal, Kurla West ", "AFFECT_POPULATION": null, "AFFECTED_HUT": null, "AFFECT_ROAD": "L B S Road ", "AFFECT_RAIL": "No", "NO_DE_WATER_PUMP": 1, "REMARKS": null}}, {"type": "Feature", "geometry": {"type": "Polygon", "coordinates": [[[72.93188295990358, 19.16392156599431], [72.93182338390868, 19.16391800435519], [72.93176474779668, 19.163907375123742], [72.93170797723556, 19.163889845901775], [72.93165396515312, 19.163865694124336], [72.93160356423452, 19.163835298845385], [72.9315575697916, 19.16379914235118], [72.93151670669333, 19.16375779104362], [72.93148161980507, 19.16371189984881], [72.93145286283139, 19.163662192218634], [72.93143088797426, 19.16360945098119], [72.93141604319487, 19.163554509276832], [72.93140856198468, 19.163498232376988], [72.93140856160039, 19.16344150682479], [72.93141604415021, 19.16338522960777], [72.93143088923888, 19.163330288202783], [72.93145286364165, 19.16327754713577], [72.93148162141739, 19.163227838950352], [72.93151670791357, 19.163181947993987], [72.93155757132946, 19.16314059790251], [72.93160356476353, 19.16310443988077], [72.93165396626263, 19.163074045702434], [72.93170797804034, 19.16304989415217], [72.93176474936585, 19.16303236496073], [72.93182338515112, 19.163021736191997], [72.93188296034202, 19.163018173565778], [72.93194253505695, 19.163021736048133], [72.93200117087868, 19.16303236519541], [72.93205794214622, 19.163049894314252], [72.93211195404626, 19.163074045955355], [72.9321623548668, 19.16310444018087], [72.93220834925779, 19.163140598326624], [72.93224921243096, 19.163181947678293], [72.93228429945007, 19.163227838738194], [72.9323130556632, 19.163277547149008], [72.93233503077907, 19.163330288304753], [72.93234987585858, 19.163385229962675], [72.93235735834182, 19.163441506864977], [72.93235735810056, 19.163498232436908], [72.93234987681913, 19.163554508828692], [72.93233503198844, 19.163609451236642], [72.93231305685013, 19.163662192419025], [72.93228430018313, 19.163711899856434], [72.93224921280644, 19.163757790955835], [72.93220835031815, 19.16379914211455], [72.93216235585257, 19.16383529936579], [72.93211195513658, 19.163865693679185], [72.93205794311584, 19.163889846230134], [72.93200117247038, 19.163907374593688], [72.93194253635997, 19.163918004293148], [72.93188295990358, 19.16392156599431]]]}, "properties": {"FEATUREID": "FS18000000006", "NAME": "Shreeram Pada", "TYPE": 2, "LOCATION": "Pipeline Road,Near Pipeline,Shreeram Pada, Bhandup West,Mumbai,400078", "WARD": "S", "SUBTYPE": 99, "DEPTH": 2, "HEIGHT_TO_MSL": null, "AFFECT_AREA": "Shreeram Pada, Bhandup West", "AFFECT_POPULATION": null, "AFFECTED_HUT": null, "AFFECT_ROAD": null, "AFFECT_RAIL": "No", "NO_DE_WATER_PUMP": 1, "REMARKS": null}}, {"type": "Feature", "geometry": {"type": "Polygon", "coordinates": [[[72.93722760017306, 19.1427631974049], [72.93695963223941, 19.14268993752673], [72.93670343283142, 19.142585342346344], [72.93646304767722, 19.142451051661887], [72.93624227504309, 19.14228918847762], [72.93604458568166, 19.142102299385147], [72.93587309737354, 19.141893338012082], [72.9357305177456, 19.141665601143316], [72.93561910215166, 19.141422676754736], [72.93554060490422, 19.14116839197284], [72.93549625146011, 19.140906757657856], [72.93548675243305, 19.14064191255465], [72.93551225447584, 19.140378023378034], [72.93557235878738, 19.14011924979301], [72.93566611158181, 19.139869671143238], [72.93579203605502, 19.139633238939258], [72.93594815381023, 19.139413659676013], [72.93613198556795, 19.139214414718847], [72.93634064970558, 19.139038632245548], [72.93657084593441, 19.138889100618638], [72.93681894780477, 19.13876816645482], [72.93708104168446, 19.138677733261378], [72.93735299549664, 19.138619236016613], [72.93763051444301, 19.138593592117456], [72.93790922738944, 19.13860120867369], [72.93818474413946, 19.138641961471688], [72.9384527092851, 19.13871521996613], [72.93870890148473, 19.138819811355933], [72.93894927905261, 19.138954098774573], [72.93917005624317, 19.139115960461442], [72.939367745325, 19.139302845328743], [72.9395392379229, 19.139511804579282], [72.93968181111049, 19.139739536933355], [72.93979324055343, 19.13998246215501], [72.93987174606971, 19.140236743019102], [72.93991610358165, 19.140498378698563], [72.93992561068148, 19.140763223345026], [72.93990011163869, 19.141027116442533], [72.9398400162622, 19.14128589566576], [72.93974626576701, 19.141535467859626], [72.93962034490161, 19.14177190492796], [72.939464231992, 19.14199148753953], [72.9392803975946, 19.142190737637065], [72.93907173578343, 19.142366517938456], [72.93884153249876, 19.14251605507363], [72.93859342493583, 19.142636995139274], [72.93833132516629, 19.14272743084967], [72.9380593704103, 19.142785925372067], [72.9377818405807, 19.14281156921547], [72.93750311964422, 19.142803952700103], [72.93722760017306, 19.1427631974049]]]}, "properties": {"FEATUREID": "FS18000000008", "NAME": "Bhandup Railway Station Flatform No 1", "TYPE": 2, "LOCATION": "Station Road,Inside Bhandup Railway Station Flatform No 1,Bhandup Railway Station, Bhandup West,Mumbai,400078", "WARD": "S", "SUBTYPE": null, "DEPTH": 2, "HEIGHT_TO_MSL": null, "AFFECT_AREA": "Bhandup Railway Station, Bhandup West", "AFFECT_POPULATION": null, "AFFECTED_HUT": null, "AFFECT_ROAD": null, "AFFECT_RAIL": "No", "NO_DE_WATER_PUMP": 1, "REMARKS": "Will be Tackled before Monsoon 26 (2025)"}}, {"type": "Feature", "geometry": {"type": "Polygon", "coordinates": [[[72.91608727285742, 19.079408129159116], [72.91588070889433, 19.079471220033707], [72.91566745690585, 19.079509204016272], [72.91545088395468, 19.079521481459057], [72.91523439492777, 19.07950784699143], [72.91502140925515, 19.079468527194443], [72.91481528837853, 19.07940413009843], [72.91461928487743, 19.079315686156562], [72.91443647682678, 19.079204578849595], [72.91426976460349, 19.07907257174504], [72.914121768234, 19.078921735972163], [72.91399483026596, 19.078754448444126], [72.91389093917542, 19.078573362985544], [72.91381174004549, 19.078381316508217], [72.91375847246384, 19.078181357210507], [72.91373199677656, 19.07797662112232], [72.9137327151043, 19.077770342952473], [72.91376062171918, 19.077565778976084], [72.91381527051777, 19.07736614975992], [72.91389580958779, 19.077174611650197], [72.9140009575006, 19.076994177920625], [72.91412906525379, 19.07682770412065], [72.91427810312275, 19.076677800311405], [72.91444573179358, 19.076546840907316], [72.91462929091828, 19.07643689228742], [72.91482590790119, 19.07634967428522], [72.91503246909184, 19.07628658425461], [72.91524571598104, 19.076248601508944], [72.91546228742054, 19.076236329351456], [72.91567876949713, 19.076249956798904], [72.91589175413748, 19.076289281826252], [72.91609787000614, 19.076353671067217], [72.9162938701861, 19.07644211319438], [72.91647667014702, 19.076553221152412], [72.91664338201724, 19.076685226219258], [72.9167913818912, 19.076836065479043], [72.91691832645193, 19.077003344068245], [72.9170222210971, 19.0771844334971], [72.91710142183085, 19.077376472571082], [72.91715468669042, 19.077576433909424], [72.91718117331048, 19.077781167273326], [72.91718045925315, 19.077987445862348], [72.91715254997783, 19.07819201337513], [72.91709790566337, 19.078391643027004], [72.9170173751168, 19.078583181065785], [72.91691222909652, 19.07876361760713], [72.91678412224115, 19.078930092530385], [72.91663507750263, 19.079080000990782], [72.9164674552178, 19.07921095965198], [72.9162838890004, 19.079320918875915], [72.91608727285742, 19.079408129159116]]]}, "properties": {"FEATUREID": "FS17000000004", "NAME": "Ramabai Nagar", "TYPE": 2, "LOCATION": "Ramabai Nagar Road,Near Police Chowki,Ghatkoper East,Mumbai,400075", "WARD": "N", "SUBTYPE": 2, "DEPTH": 2, "HEIGHT_TO_MSL": null, "AFFECT_AREA": "Ghatkoper East", "AFFECT_POPULATION": 750, "AFFECTED_HUT": 200, "AFFECT_ROAD": null, "AFFECT_RAIL": "No", "NO_DE_WATER_PUMP": 1, "REMARKS": "Planning stage (2025)"}}, {"type": "Feature", "geometry": {"type": "Polygon", "coordinates": [[[72.91104710019863, 19.09680039906941], [72.91086525599727, 19.096893683950853], [72.91067254631193, 19.096964573983072], [72.91047200696988, 19.097011937448702], [72.91026680851165, 19.097035038907446], [72.91006018348497, 19.09703350224052], [72.90985538683996, 19.097007361688682], [72.90965565266231, 19.096957026132447], [72.90946413226693, 19.096883290130602], [72.90928383836683, 19.096787315218563], [72.90911762342182, 19.09667061340077], [72.90896810479822, 19.096535029135318], [72.90883764246587, 19.096382699332935], [72.90872828997128, 19.096216022988486], [72.90864176912946, 19.096037633791926], [72.90857946029217, 19.09585034310822], [72.9085423248822, 19.09565710477066], [72.9085309620413, 19.095460968751965], [72.9085455514234, 19.0952650218007], [72.90858585072618, 19.09507235760506], [72.90865123920976, 19.094886016768193], [72.90874067656014, 19.09470893395254], [72.9088527526931, 19.094543906833028], [72.9089857037868, 19.094393530342384], [72.90913743239356, 19.09426018425701], [72.90930554151936, 19.094145967647616], [72.9094873814119, 19.0940526804448], [72.90968008982146, 19.09398179499418], [72.90988062368731, 19.093934429319884], [72.91008581728727, 19.093911331527533], [72.91029244131369, 19.09391286602318], [72.91049723244159, 19.093939003912897], [72.91069696530751, 19.09398934098141], [72.91088848318678, 19.094063075456628], [72.91106877065167, 19.09415904767293], [72.91123498669269, 19.094275750380373], [72.91138450557763, 19.094411328301593], [72.91151496901985, 19.094563660919192], [72.9116243264423, 19.094730334023758], [72.91171084350509, 19.094908717489933], [72.91177316046692, 19.095096009293204], [72.91181029964314, 19.0952892473349], [72.91182166537598, 19.0954853880263], [72.91180708170285, 19.09568133381354], [72.91176678205848, 19.09587399719436], [72.9117013983105, 19.0960603421459], [72.91161196595588, 19.096237424833173], [72.91149989106593, 19.096402453756937], [72.91136693839113, 19.096552829366058], [72.91121521094803, 19.09668618086417], [72.91104710019863, 19.09680039906941]]]}, "properties": {"FEATUREID": "FS17000000006", "NAME": "Haripada Kadri Chawl 2", "TYPE": 2, "LOCATION": "Gavdevi Path,Near Masjid,Gahatkoper West,Mumbai,400086", "WARD": "N", "SUBTYPE": null, "DEPTH": 4, "HEIGHT_TO_MSL": null, "AFFECT_AREA": "Gahatkoper West", "AFFECT_POPULATION": 250, "AFFECTED_HUT": 100, "AFFECT_ROAD": null, "AFFECT_RAIL": "No", "NO_DE_WATER_PUMP": 1, "REMARKS": "Will be tackled before Monsoon 26 (2025)"}}, {"type": "Feature", "geometry": {"type": "Polygon", "coordinates": [[[72.8637067997115, 19.075905300266065], [72.8636472558037, 19.07590173768937], [72.86358865088737, 19.07589110890615], [72.86353190911747, 19.07587357999221], [72.86347792568809, 19.075849426886904], [72.86342755165688, 19.075819033410305], [72.86338158180484, 19.07578287486361], [72.8633407412564, 19.075741524196534], [72.86330567243594, 19.075695631984015], [72.86327693035314, 19.075645923661554], [72.8632549676251, 19.075593182189223], [72.86324012983152, 19.075538239868262], [72.86323265287406, 19.075481962051608], [72.8632326526555, 19.075425237088215], [72.86324013099976, 19.075368959229625], [72.86325496820395, 19.075314016801318], [72.86327693085818, 19.075261275131414], [72.86330567387309, 19.075211566638497], [72.86334074163871, 19.07516567458648], [72.86338158332707, 19.075124325132986], [72.86342755315871, 19.075088166557595], [72.86347792746581, 19.075057772169707], [72.86353190970779, 19.075033619591938], [72.86358865231831, 19.07501609101358], [72.86364725589397, 19.075005462342197], [72.86370679963623, 19.075001899943615], [72.86376634418907, 19.07500546157805], [72.86382494785569, 19.075016091168543], [72.8638816903335, 19.07503361997925], [72.86393567264413, 19.075057772033993], [72.86398604654453, 19.075088167166797], [72.86403201733, 19.07512432466712], [72.86407285793176, 19.075165675185442], [72.86410792593365, 19.07521156725303], [72.864136669179, 19.075261274572718], [72.86415863215366, 19.07531401686773], [72.86417346929645, 19.075368959132486], [72.8641809465751, 19.075425236942067], [72.8641809471168, 19.075481961936916], [72.86417347002717, 19.075538239874547], [72.86415863214027, 19.07559318239218], [72.86413666969895, 19.075645924188407], [72.86410792779068, 19.07569563193359], [72.86407285914358, 19.075741524127956], [72.86403201838077, 19.075782874648297], [72.86398604845607, 19.075819033366148], [72.86393567399304, 19.07584942697417], [72.86388169056971, 19.07587357963725], [72.86382494861662, 19.075891109193062], [72.86376634377848, 19.07590173787978], [72.8637067997115, 19.075905300266065]]]}, "properties": {"FEATUREID": "FS21000000004", "NAME": "Sundar Nagar, Kalina", "TYPE": 1, "LOCATION": "Praveen Apartment,Sundar Nagar Road no 2,Inside Praveen Apartment,Sundar Nagar, Kalina,Mumbai,400029", "WARD": "H/E", "SUBTYPE": 3, "DEPTH": 2, "HEIGHT_TO_MSL": null, "AFFECT_AREA": "Sundar Nagar, Kalina", "AFFECT_POPULATION": null, "AFFECTED_HUT": null, "AFFECT_ROAD": null, "AFFECT_RAIL": "No", "NO_DE_WATER_PUMP": 1, "REMARKS": "Already Tackled (2024-25)"}}, {"type": "Feature", "geometry": {"type": "Polygon", "coordinates": [[[72.849148500424, 19.07743120032854], [72.84908895482475, 19.077427638418687], [72.84903034981575, 19.077417008643717], [72.8489736076031, 19.0773994798391], [72.84891962431854, 19.077375327121295], [72.84886924909824, 19.077344933449808], [72.84882327856971, 19.077308775110513], [72.84878243686896, 19.07726742419194], [72.84874736920122, 19.077221532251112], [72.84871862577454, 19.077171823802995], [72.84869666293662, 19.07711908188139], [72.84868182618209, 19.077064139711087], [72.84867434944809, 19.077007861731026], [72.84867434854723, 19.07695113719479], [72.84868182714744, 19.076894858562248], [72.84869666353251, 19.076839916828735], [72.8487186271004, 19.076787174620087], [72.84874736980332, 19.076737466996146], [72.84878243788488, 19.07669157539352], [72.84882328046416, 19.076650225016323], [72.84886924976922, 19.076614066774066], [72.8489196249541, 19.076583672140345], [72.84897360942381, 19.076559519573042], [72.8490303508283, 19.07654199113491], [72.84908895640002, 19.076531361833727], [72.84914849960256, 19.076527799699935], [72.84920804393549, 19.07653136154834], [72.8492666486563, 19.07654199123825], [72.8493233906271, 19.07655951992845], [72.84937737469289, 19.076583671617648], [72.84942774978241, 19.07661406694521], [72.84947372028311, 19.076650225130187], [72.84951456204907, 19.076691574996893], [72.84954962984837, 19.076737466803856], [72.84957837252644, 19.076787175130317], [72.84960033562275, 19.076839916971608], [72.84961517267652, 19.076894859096893], [72.84962265068171, 19.076951137081178], [72.84962265095582, 19.077007861638], [72.84961517361019, 19.077064140349872], [72.84960033654241, 19.077119082172825], [72.84957837414882, 19.077171823615927], [72.84954963062935, 19.077221532276425], [72.84951456261598, 19.07726742403251], [72.84947372097363, 19.077308774573513], [72.8494277506254, 19.077344932947113], [72.84937737623432, 19.077375326811993], [72.84932339152128, 19.077399480378624], [72.84926664983577, 19.077417008879912], [72.84920804490122, 19.077427638218335], [72.849148500424, 19.07743120032854]]]}, "properties": {"FEATUREID": "FS21000000007", "NAME": "Shivaji Nagar, Vakola", "TYPE": 1, "LOCATION": "Shivaji Nagar Road,In Front of Siddhivinayak Flour Mill,Shivaji Nagar,  Vakola,Mumbai,400029", "WARD": "H/E", "SUBTYPE": 3, "DEPTH": 2, "HEIGHT_TO_MSL": null, "AFFECT_AREA": "Shivaji Nagar,  Vakola", "AFFECT_POPULATION": null, "AFFECTED_HUT": null, "AFFECT_ROAD": null, "AFFECT_RAIL": "No", "NO_DE_WATER_PUMP": 1, "REMARKS": "Already Tackled (2024-25)"}}, {"type": "Feature", "geometry": {"type": "Polygon", "coordinates": [[[72.84306019977598, 19.09049969924293], [72.84300065080096, 19.090496136739574], [72.84294204088225, 19.090485508228134], [72.8428852942342, 19.090467978990603], [72.84283130605823, 19.09044382687687], [72.84278092747194, 19.090413432192125], [72.84273495320596, 19.090377273939474], [72.84269410838648, 19.090335923342177], [72.84265903728772, 19.090290031969268], [72.84263029297615, 19.090240324387963], [72.8426083280219, 19.09018758179613], [72.8425934897844, 19.090132639256986], [72.84258601121769, 19.090076362106796], [72.84258601193785, 19.09001963693465], [72.84259348983797, 19.089963358838776], [72.8426083288756, 19.089908417065697], [72.84263029363109, 19.0898556750751], [72.84265903790448, 19.089805967027633], [72.84269410974656, 19.089760076166097], [72.84273495538771, 19.089718724925852], [72.84278092883119, 19.08968256782146], [72.84283130729807, 19.08965217265962], [72.84288529502695, 19.089628020583863], [72.84294204056002, 19.0896104918252], [72.84300065102703, 19.089599863159865], [72.84306019983795, 19.089596300773493], [72.84311974944625, 19.089599863237492], [72.84317835907655, 19.08961049166377], [72.84323510453264, 19.08962802077562], [72.84328909347813, 19.089652172763756], [72.8433394709953, 19.08968256819019], [72.8433854452452, 19.089718725385286], [72.84342629011833, 19.089760075833695], [72.84346136229877, 19.089805967083784], [72.84349010585021, 19.08985567544646], [72.84351207107478, 19.08990841705488], [72.84352690962349, 19.08996335864592], [72.84353438755014, 19.090019636681276], [72.8435343890533, 19.090076361907425], [72.84352690956992, 19.090132639146315], [72.84351207173786, 19.09018758193429], [72.84349010719527, 19.09024032405153], [72.84346136306696, 19.090290032243637], [72.843426292243, 19.090335923269883], [72.84338544660051, 19.09037727375988], [72.84333947305191, 19.09041343190991], [72.84328909441709, 19.090443827195006], [72.8432351064563, 19.090467979366984], [72.84317835874202, 19.09048550816655], [72.84311974891197, 19.090496136869124], [72.84306019977598, 19.09049969924293]]]}, "properties": {"FEATUREID": "FS21000000009", "NAME": "Milan Subway In Nala", "TYPE": 1, "LOCATION": "Milan Subway,Near Milan Subway,Santacruz,Mumbai,400029", "WARD": "H/E", "SUBTYPE": 3, "DEPTH": 3, "HEIGHT_TO_MSL": null, "AFFECT_AREA": "Santacruz", "AFFECT_POPULATION": null, "AFFECTED_HUT": null, "AFFECT_ROAD": null, "AFFECT_RAIL": "No", "NO_DE_WATER_PUMP": 1, "REMARKS": "Already Tackled (2024-25)"}}, {"type": "Feature", "geometry": {"type": "Polygon", "coordinates": [[[72.8432097441028, 19.077739820052848], [72.84283890520479, 19.077840614709586], [72.84245770507768, 19.07789643078666], [72.84207214639767, 19.07790638199077], [72.8416883213256, 19.077870302117102], [72.84131228091462, 19.077788776939133], [72.84094995036871, 19.07766308359695], [72.84060704822276, 19.07749519416003], [72.8402889837258, 19.077287775319068], [72.84000076780717, 19.07704409339367], [72.83974694799656, 19.07676797742795], [72.83953153452022, 19.076463803860488], [72.83935790524622, 19.07613635449136], [72.83922881641418, 19.075790795823092], [72.83914630423882, 19.075432575831588], [72.83911166011615, 19.075067359538675], [72.83912543252124, 19.074700884511177], [72.8391874091732, 19.074338946199667], [72.83929659920945, 19.073987236050435], [72.83945129224057, 19.073651331364474], [72.83964904774203, 19.07333648923973], [72.83988674375946, 19.07304770134728], [72.84016063237026, 19.07278952026499], [72.84046639453128, 19.072566005936963], [72.84079920789051, 19.07238069757578], [72.84115382706744, 19.07223650261048], [72.84152465189932, 19.072135707431013], [72.84190583779007, 19.072079891072033], [72.84229138571317, 19.072069942529822], [72.84267519691342, 19.07210601624157], [72.8430512285641, 19.072187541132124], [72.84341354865897, 19.07231323480082], [72.84375644140124, 19.072481106554307], [72.84407450507089, 19.072688528093053], [72.84436272560689, 19.072932199134424], [72.84461654771776, 19.073208304495935], [72.8448319684583, 19.073512477241092], [72.84500560115161, 19.07383992496805], [72.84513469284092, 19.074185476972826], [72.84521722455179, 19.07454369290098], [72.84525187830528, 19.074908917454707], [72.84523811841345, 19.075275387021282], [72.8451761598357, 19.07563732775794], [72.8450669794421, 19.075989041535824], [72.84491229061533, 19.076324961650577], [72.84471454698388, 19.0766398064276], [72.84447684727411, 19.076928591668423], [72.84420296174812, 19.0771867908472], [72.84389719392227, 19.077410302794767], [72.84356437551754, 19.077595621463185], [72.8432097441028, 19.077739820052848]]]}, "properties": {"FEATUREID": "FS21000000010", "NAME": "Khar Subway", "TYPE": 1, "LOCATION": "Khar Subway,Near Khar Subway,Khar,Mumbai,400029", "WARD": "H/E", "SUBTYPE": 3, "DEPTH": 3, "HEIGHT_TO_MSL": null, "AFFECT_AREA": "Khar", "AFFECT_POPULATION": null, "AFFECTED_HUT": null, "AFFECT_ROAD": "Khar Subway", "AFFECT_RAIL": "No", "NO_DE_WATER_PUMP": 1, "REMARKS": "Planning Stage (2025)"}}, {"type": "Feature", "geometry": {"type": "Polygon", "coordinates": [[[72.84188640003109, 19.06314077273996], [72.8418646536505, 19.06313947046266], [72.84184325413953, 19.063135588933832], [72.84182253132842, 19.0631291862091], [72.84180281542416, 19.063120364608114], [72.84178442093405, 19.06310926510688], [72.84176763252383, 19.06309605904286], [72.84175271629829, 19.063080957279517], [72.84173991049038, 19.06306419564524], [72.84172941493158, 19.063046041132914], [72.84172139217705, 19.063026778364105], [72.84171597411924, 19.06300671237634], [72.84171324407038, 19.062986158477464], [72.84171324533402, 19.062965440539518], [72.84171597460346, 19.062944887308404], [72.8417213925731, 19.062924819882593], [72.84172941339737, 19.062905558815697], [72.84173991159648, 19.06288740432577], [72.84175271723731, 19.06287064165855], [72.84176763304166, 19.06285554038427], [72.84178441944655, 19.062842334351473], [72.84180281724751, 19.062831233694176], [72.84182253159213, 19.062822413805666], [72.84184325198443, 19.062816011056228], [72.8418646541024, 19.06281212913736], [72.84188640089982, 19.062810827332335], [72.84190814628843, 19.062812129591787], [72.84192954671079, 19.06281601112039], [72.8419502694897, 19.062822413829863], [72.84196998536993, 19.06283123541261], [72.84198837984573, 19.062842334893823], [72.84200516825229, 19.06285554093729], [72.84202008353517, 19.062870642669694], [72.84203288936064, 19.06288740428612], [72.84204338589608, 19.06290555879485], [72.84205140773524, 19.062924821541834], [72.84205682583294, 19.062944887523628], [72.84205955592464, 19.062965441421607], [72.84205955565383, 19.062986159374915], [72.84205682642502, 19.063006712615117], [72.84205140754116, 19.063026780043245], [72.84204338769503, 19.063046041138136], [72.84203288951525, 19.06306419564731], [72.84202008198388, 19.063080958312778], [72.84200516807739, 19.063096059629626], [72.84198838072193, 19.063109264767174], [72.84196998383672, 19.06312036635512], [72.84195026946121, 19.063129186256457], [72.84192954809333, 19.063135588100064], [72.84190814687179, 19.063139470936616], [72.84188640003109, 19.06314077273996]]]}, "properties": {"FEATUREID": "FS21000000011", "NAME": "Chamda Wadi Nala ", "TYPE": 2, "LOCATION": "Bandra Station Road,Near Bandra Terminal,Chamda Wadi, Bandra,Mumbai,400029", "WARD": "H/E", "SUBTYPE": 99, "DEPTH": 3, "HEIGHT_TO_MSL": null, "AFFECT_AREA": "Chamda Wadi, Bandra", "AFFECT_POPULATION": null, "AFFECTED_HUT": null, "AFFECT_ROAD": null, "AFFECT_RAIL": "No", "NO_DE_WATER_PUMP": 1, "REMARKS": "333 Encroched Structures"}}, {"type": "Feature", "geometry": {"type": "Polygon", "coordinates": [[[72.83052330180954, 19.210218435749958], [72.83021354352564, 19.210224223479496], [72.8299054602654, 19.210193087236636], [72.82960391869493, 19.210125506511513], [72.82931367110135, 19.210022560121093], [72.82903929251606, 19.20988586223311], [72.82878511298345, 19.209717578719054], [72.828555145291, 19.209520354935208], [72.82835300240251, 19.209297303897728], [72.8281818868689, 19.209051943826186], [72.82804448601213, 19.208788143602966], [72.82794297649474, 19.20851006501388], [72.82787895777352, 19.208222090598568], [72.82785343005769, 19.20792876557838], [72.82786680202261, 19.207634718461307], [72.82791886430181, 19.20734458124315], [72.82800879323284, 19.20706292261444], [72.82813517246173, 19.206794196736016], [72.82829600477632, 19.20654263951243], [72.82848875182653, 19.206312213068852], [72.82871038140998, 19.20610655302777], [72.82895740155189, 19.205928907500635], [72.82922589839504, 19.20578207522117], [72.8295116584527, 19.205668362742035], [72.82981015822537, 19.205589577995173], [72.8301167030221, 19.205546956068723], [72.83042645162594, 19.20554116221149], [72.83073452357819, 19.20557230213671], [72.83103606348087, 19.205639874910702], [72.83132630306969, 19.20574282336291], [72.831600677459, 19.20587951377948], [72.8318548548039, 19.20604779315224], [72.83208482062443, 19.206245010944183], [72.83228696470147, 19.206468062562045], [72.8324580825633, 19.206713420979668], [72.83259548851001, 19.206977218456004], [72.83269700548777, 19.207255294280426], [72.83276103932282, 19.207543262485363], [72.83278657303536, 19.20783658403443], [72.83277321252412, 19.208130636910372], [72.83272115721168, 19.208420780801145], [72.83263122941544, 19.20870243874078], [72.8325048658459, 19.20897116656201], [72.83234402724233, 19.209222729511257], [72.8321512860451, 19.209453160196293], [72.831929649659, 19.209658823342462], [72.83168263476198, 19.209836477196365], [72.83141412987926, 19.20998331255317], [72.83112836307076, 19.210097023736775], [72.83082985145502, 19.210175814331016], [72.83052330180954, 19.210218435749958]]]}, "properties": {"FEATUREID": "FS23000000001", "NAME": "Maruti Nagar", "TYPE": 1, "LOCATION": "Mahatma Gandhi Road,Near Sulabh Sauchalaya,Khandiwali West,Mumbai,400067", "WARD": "R/S", "SUBTYPE": 99, "DEPTH": 2, "HEIGHT_TO_MSL": null, "AFFECT_AREA": "Khandiwali West", "AFFECT_POPULATION": 600, "AFFECTED_HUT": 200, "AFFECT_ROAD": null, "AFFECT_RAIL": "No", "NO_DE_WATER_PUMP": 1, "REMARKS": "Other Agency (2025)"}}, {"type": "Feature", "geometry": {"type": "Polygon", "coordinates": [[[72.8305034228189, 19.21293269101917], [72.83023135882124, 19.212869784690955], [72.82996973131426, 19.212774984578424], [72.82972268732489, 19.21264977511011], [72.82949410776864, 19.212496136164255], [72.82928758995007, 19.212316499500222], [72.82910641319188, 19.21211368692514], [72.82895341815033, 19.211890905244584], [72.82883102508072, 19.211651658859186], [72.82874115616377, 19.211399728064563], [72.82868524043229, 19.211139084201257], [72.82866414697487, 19.21087383647254], [72.82867821902748, 19.210608170927085], [72.82872722644115, 19.210346278540097], [72.82881039705238, 19.21009228423127], [72.82892642599798, 19.20985019007449], [72.82907347259854, 19.209623823780912], [72.82924923185149, 19.209416752840905], [72.82945092171971, 19.209232239217656], [72.82967536363812, 19.20907319062948], [72.82991901342989, 19.208942122986148], [72.83017803339266, 19.208841100731767], [72.83044834487141, 19.208771714891135], [72.83072567612314, 19.208735057446376], [72.83100565268532, 19.20873171698987], [72.83128386459397, 19.208761727132874], [72.83155592443245, 19.2088246340313], [72.83181754600488, 19.20891944131389], [72.8320645895285, 19.209044643129673], [72.83229317223254, 19.209198272420352], [72.83249967674188, 19.209377913658948], [72.83268086015956, 19.209580722198975], [72.8328338606657, 19.209803501121492], [72.83293121253078, 19.210076385523248], [72.83299178734885, 19.210358701870465], [72.83301464005265, 19.210646009525284], [72.8329994077065, 19.210933775355745], [72.83294633129543, 19.211217453478685], [72.83285624304281, 19.211492583564713], [72.83273057565852, 19.21175481172595], [72.8325712913677, 19.212000010715517], [72.83238092244235, 19.212224307510596], [72.83216245215469, 19.212424171331655], [72.8319193418385, 19.21259645280928], [72.83165542102964, 19.212738423337136], [72.83137484279456, 19.21284784590565], [72.83108204529215, 19.212923005362693], [72.83078164431438, 19.21296270895225], [72.8305034228189, 19.21293269101917]]]}, "properties": {"FEATUREID": "FS23000000002", "NAME": "Jijamata Nagar", "TYPE": 1, "LOCATION": "Bander Pakhadi Road,Opp ICICI Bank,Khandiwali West,Mumbai,400067", "WARD": "R/S", "SUBTYPE": 99, "DEPTH": 1.5, "HEIGHT_TO_MSL": null, "AFFECT_AREA": "Khandiwali West", "AFFECT_POPULATION": 1200, "AFFECTED_HUT": 340, "AFFECT_ROAD": null, "AFFECT_RAIL": "No", "NO_DE_WATER_PUMP": 1, "REMARKS": "Other Agency (2025)"}}, {"type": "Feature", "geometry": {"type": "Polygon", "coordinates": [[[72.83957687064112, 19.205849191636936], [72.83929663847803, 19.205862637266637], [72.83901684650749, 19.205842611721458], [72.83874190046288, 19.205789426210554], [72.83847613824584, 19.20570392498342], [72.83822375801007, 19.205587458284267], [72.83798872633152, 19.20544185145722], [72.8377747619698, 19.205269410168633], [72.83758523026914, 19.20507285231522], [72.8374231303212, 19.204855271736694], [72.83729101065835, 19.20462011463381], [72.83719095634643, 19.204371076441046], [72.8371245473673, 19.204112085975915], [72.83709282919031, 19.20384723011934], [72.83709629839005, 19.203580691320475], [72.83713491040017, 19.203316664589785], [72.83720804673983, 19.20305932008064], [72.83731455236529, 19.202812710499217], [72.83745275624553, 19.202580725286097], [72.83762047411017, 19.202367026523856], [72.8378150596989, 19.202174983611087], [72.83803344720388, 19.20200762680099], [72.8382721853425, 19.20186758618924], [72.838527522133, 19.201757079171266], [72.83879541996062, 19.201677848301383], [72.8390716604161, 19.201631140855437], [72.83935188439763, 19.201617694854427], [72.83963166461417, 19.201637719145953], [72.8399066090804, 19.201690902752947], [72.84017235746643, 19.20177640218326], [72.84042474331899, 19.201892867725775], [72.8406597728085, 19.202038468485927], [72.84087373199733, 19.202210904483135], [72.84106326408906, 19.202407460846093], [72.84122536808786, 19.20262503759762], [72.84135749145264, 19.202860189579507], [72.84145755162064, 19.203109226057272], [72.84152396828921, 19.203368214708792], [72.84155569269083, 19.203633070483644], [72.84155222777638, 19.203899612743186], [72.84151363107627, 19.204163638456773], [72.84144049955889, 19.20442099067099], [72.84133399378139, 19.204667603055896], [72.84119579868585, 19.204899590674906], [72.8410280783633, 19.205113292812715], [72.84083349135939, 19.205305339098253], [72.8406151063511, 19.205472700002463], [72.84037635577367, 19.205612743202366], [72.84012102040629, 19.205723248760474], [72.8398531133617, 19.205802482731777], [72.83957687064112, 19.205849191636936]]]}, "properties": {"FEATUREID": "FS23000000004", "NAME": "Maharastara Nagar", "TYPE": 1, "LOCATION": "Link Road,Near Arihant Tower,Kandiwali West,Mumbai,400067", "WARD": "R/S", "SUBTYPE": 99, "DEPTH": 1.5, "HEIGHT_TO_MSL": null, "AFFECT_AREA": "Kandiwali West", "AFFECT_POPULATION": 800, "AFFECTED_HUT": 250, "AFFECT_ROAD": null, "AFFECT_RAIL": "No", "NO_DE_WATER_PUMP": 1, "REMARKS": "Other Agency (2025)"}}, {"type": "Feature", "geometry": {"type": "Polygon", "coordinates": [[[72.8544428863005, 19.214235820746538], [72.85416710262916, 19.214216696775374], [72.85389601632028, 19.21416489102261], [72.85363390136763, 19.21408121503896], [72.85338489198317, 19.21396699180295], [72.85315291751856, 19.213824014307832], [72.8529416367564, 19.213654552915347], [72.85275438770744, 19.21346126714643], [72.85259410003098, 19.213247213681015], [72.85246333228865, 19.213015760077123], [72.85236412674405, 19.212770564095237], [72.85229804851231, 19.21251548834429], [72.85226615284851, 19.212254557442332], [72.85226893092481, 19.211991887829083], [72.85230633923129, 19.211731621269873], [72.85237779572718, 19.21147785616513], [72.85248215857449, 19.211234602141275], [72.85261779574539, 19.21100569235254], [72.85278256469097, 19.21079473898849], [72.85297386648656, 19.210605064364493], [72.85318868152466, 19.210439661603242], [72.8534236215763, 19.210301139249623], [72.85367498351609, 19.210191683969605], [72.8539388048987, 19.210113026882937], [72.85421092545914, 19.210066392802418], [72.85448705615882, 19.21005252723941], [72.854762833019, 19.21007165006668], [72.85503391497774, 19.210123460276854], [72.85529602200859, 19.210207128297608], [72.85554502659605, 19.21032135306073], [72.85577699517789, 19.210464318223565], [72.85598827725525, 19.210633785338025], [72.8561755294829, 19.210827068835666], [72.85633581067702, 19.21104111481276], [72.8564665914552, 19.21127256436456], [72.8565657997679, 19.211517762242103], [72.8566318817042, 19.211772834335246], [72.85666379104728, 19.21203376071051], [72.85666101709202, 19.212296431032865], [72.85662361907151, 19.2125567036794], [72.85655216923772, 19.212810470108472], [72.85644780328448, 19.213053726809097], [72.85631217387153, 19.213282640698313], [72.8561474023967, 19.21349360275672], [72.85595610877895, 19.21368327806157], [72.8557412916434, 19.213848680263506], [72.85550634213547, 19.21398720607785], [72.85525497510554, 19.214096662485506], [72.85499114560868, 19.214175326278127], [72.85471901737056, 19.214221955434883], [72.8544428863005, 19.214235820746538]]]}, "properties": {"FEATUREID": "FS23000000005", "NAME": "Poisar Subway", "TYPE": 2, "LOCATION": "Gavdevi Road,Opp Parera Appertment,Kandiwali West,Mumbai,400067", "WARD": "R/S", "SUBTYPE": 2, "DEPTH": 2, "HEIGHT_TO_MSL": null, "AFFECT_AREA": "Kandiwali West", "AFFECT_POPULATION": null, "AFFECTED_HUT": null, "AFFECT_ROAD": "Gavdevi Road", "AFFECT_RAIL": "No", "NO_DE_WATER_PUMP": 1, "REMARKS": "Planning Stage (2025)"}}, {"type": "Feature", "geometry": {"type": "Polygon", "coordinates": [[[72.86052439471736, 19.261790085009], [72.86026782360138, 19.261745224568593], [72.860019194198, 19.261670182638724], [72.85978243370194, 19.261566130686322], [72.85956126990284, 19.261434725612375], [72.85935918947625, 19.261278025256978], [72.8591793863236, 19.261098511273612], [72.85902468840538, 19.260899010587632], [72.85889754190526, 19.26068266991478], [72.8587999501736, 19.26045289723325], [72.85873344946732, 19.26021332626915], [72.85869909397758, 19.259967725089965], [72.85869741626438, 19.259719967638947], [72.85872845099364, 19.259473964462565], [72.85879170436536, 19.259233600932692], [72.85888618363768, 19.259002661721905], [72.85901038917633, 19.25878478464832], [72.85916237022631, 19.25858341436419], [72.85933973357997, 19.258401721170465], [72.85953966971213, 19.25824256610157], [72.85975902929984, 19.258108467503593], [72.85999436301611, 19.258001539181205], [72.86024194658835, 19.257923464501395], [72.86049788568523, 19.25787547504377], [72.86075813712033, 19.25785832826989], [72.86101859842738, 19.25787229321758], [72.86127516586706, 19.25791715027613], [72.8615237866699, 19.25799219540905], [72.86176055032684, 19.258096240315922], [72.86198171098098, 19.258227645207292], [72.8621837917542, 19.258384340794848], [72.86236359487535, 19.25856385369553], [72.86251829142054, 19.258763353541056], [72.86264544643977, 19.258979695719034], [72.86274304034129, 19.259209459554523], [72.8628095457866, 19.259449033207005], [72.86284391122933, 19.259694636959356], [72.86284558863464, 19.259942386767403], [72.86281456175229, 19.260188388527812], [72.86275130972331, 19.260428758428226], [72.86265684312417, 19.26065970466315], [72.86253263576869, 19.260877579931716], [72.8623806560762, 19.261078956778277], [72.86220330305916, 19.26126065033359], [72.8620033595445, 19.26141980538814], [72.86178399304231, 19.261553902730608], [72.86154865865461, 19.261660838406456], [72.86130106786382, 19.26173890980877], [72.86104512362782, 19.26178690615045], [72.86078486212575, 19.2618040526872], [72.86052439471736, 19.261790085009]]]}, "properties": {"FEATUREID": "FS14000000001", "NAME": "Patilwadi", "TYPE": 1, "LOCATION": "Bagwe Road,Near Maidan,Dahisar West,Mumbai,400068", "WARD": "R/N", "SUBTYPE": 99, "DEPTH": 1, "HEIGHT_TO_MSL": null, "AFFECT_AREA": "Dahisar West", "AFFECT_POPULATION": 900, "AFFECTED_HUT": 400, "AFFECT_ROAD": null, "AFFECT_RAIL": "No", "NO_DE_WATER_PUMP": 1, "REMARKS": "Other Agency (2025)"}}, {"type": "Feature", "geometry": {"type": "Polygon", "coordinates": [[[72.84631909100928, 19.24941357098297], [72.84601655979225, 19.249391167599914], [72.84571937823858, 19.249332925619992], [72.84543222395486, 19.2492397663957], [72.84515962754182, 19.249113160549904], [72.84490589012869, 19.248955106224305], [72.84467500870616, 19.248768092966902], [72.84447062710119, 19.24855506863043], [72.84429596998174, 19.24831939523177], [72.84415378854727, 19.2480647841747], [72.84404633145986, 19.24779526519073], [72.84397528831494, 19.247515073665717], [72.84394177559162, 19.247228635115334], [72.84394632752966, 19.246940463912555], [72.84398886825647, 19.246655114183767], [72.84406873127313, 19.24637707255445], [72.84418465029083, 19.246110732753746], [72.84433480532603, 19.245860289580296], [72.8445168241448, 19.24562970189238], [72.84472783400959, 19.245422590255448], [72.8449645121005, 19.245242235737066], [72.84522312200504, 19.245091480084536], [72.84549958553359, 19.244972687738482], [72.8457895445043, 19.24488774746974], [72.84608842356228, 19.244837994541975], [72.84639150909771, 19.244824210740823], [72.84669402640225, 19.244846613541487], [72.84699120341887, 19.2449048523425], [72.84727835059769, 19.244998009403258], [72.84755094156264, 19.245124611628423], [72.84780468300322, 19.245282666611185], [72.84803556394519, 19.24546967585199], [72.8482399462381, 19.245682696333187], [72.84841460704799, 19.245918363592494], [72.84855679300884, 19.246172969128576], [72.84866425506918, 19.246442486998415], [72.84873530897707, 19.24672267658988], [72.84876882541924, 19.247009110502447], [72.84876428758773, 19.247297282707905], [72.84872175084718, 19.24758263968922], [72.84864189656976, 19.247860683141585], [72.848525982973, 19.248127021785624], [72.84837582956229, 19.24837747144912], [72.84819380933371, 19.24860807033654], [72.84798279897949, 19.248815178710203], [72.84774612866828, 19.24899553792074], [72.84748751509458, 19.24914629943376], [72.84721103967128, 19.24926509232323], [72.8469210751628, 19.249350033252913], [72.84662219072445, 19.249399787687054], [72.84631909100928, 19.24941357098297]]]}, "properties": {"FEATUREID": "FS14000000002", "NAME": "IC Colony (Pearl Apartment)", "TYPE": 1, "LOCATION": "Road No 4,Inside Pearl Aparatment,Dahisar West,Mumbai,400068", "WARD": "R/N", "SUBTYPE": 99, "DEPTH": 1.5, "HEIGHT_TO_MSL": null, "AFFECT_AREA": "Dahisar West", "AFFECT_POPULATION": 180, "AFFECTED_HUT": 40, "AFFECT_ROAD": null, "AFFECT_RAIL": "No", "NO_DE_WATER_PUMP": 1, "REMARKS": "Other Agency (2025)"}}, {"type": "Feature", "geometry": {"type": "Polygon", "coordinates": [[[72.86531349998155, 19.25775519118297], [72.86525389090627, 19.25775162918438], [72.86519522072781, 19.257741000268705], [72.86513841742887, 19.257723472438563], [72.86508437527954, 19.257699319887276], [72.86503394530439, 19.257668924693956], [72.86498792493862, 19.25763276766993], [72.86494703913799, 19.257591418202065], [72.86491193190218, 19.25754552783089], [72.86488315879616, 19.257495820227142], [72.86486117187575, 19.25744308017651], [72.86484631798496, 19.257388138204345], [72.86483883317962, 19.25733186057458], [72.86483883337051, 19.25727513743822], [72.86484631935939, 19.257218861214035], [72.86486117312926, 19.2571639193194], [72.86488315994572, 19.257111178839665], [72.86491193331084, 19.257061471230973], [72.86494703987009, 19.257015580635546], [72.864987926233, 19.25697423131612], [72.86503394675587, 19.256938074198377], [72.86508437599751, 19.256907679790668], [72.86513841835676, 19.256883528361072], [72.86519522246478, 19.25686600017003], [72.86525389075233, 19.256855371065843], [72.86531350041632, 19.256851809116743], [72.86537310917154, 19.256855371065054], [72.86543177810738, 19.256865999884255], [72.8654885821123, 19.256883527610427], [72.86554262407881, 19.256907680024103], [72.86559305300551, 19.256938074151776], [72.86563907429344, 19.25697423103114], [72.8656799601359, 19.257015581251796], [72.86571506656489, 19.257061470573348], [72.86574383986226, 19.25711117896821], [72.86576582704355, 19.2571639189373], [72.86578068123663, 19.257218860863453], [72.86578816734104, 19.25727513669057], [72.86578816746524, 19.257331860761443], [72.86578068177299, 19.257388137957108], [72.86576582827357, 19.257443079952772], [72.86574384073346, 19.257495819645637], [72.86571506845479, 19.257545528314203], [72.86567996102582, 19.257591418150238], [72.86563907465042, 19.257632767623917], [72.86559305498476, 19.257668924896763], [72.86554262461144, 19.257699320321176], [72.86548858296935, 19.25772347185942], [72.86543177857747, 19.25774100011474], [72.86537310902298, 19.257751629234804], [72.86531349998155, 19.25775519118297]]]}, "properties": {"FEATUREID": "FS14000000003", "NAME": "Aanad Nagar", "TYPE": 1, "LOCATION": "Link Road,Near Police Chowki,Dahisar East,Mumbai,400068", "WARD": "R/N", "SUBTYPE": 99, "DEPTH": 1, "HEIGHT_TO_MSL": null, "AFFECT_AREA": "Dahisar East", "AFFECT_POPULATION": null, "AFFECTED_HUT": null, "AFFECT_ROAD": "Link Road", "AFFECT_RAIL": "No", "NO_DE_WATER_PUMP": 1, "REMARKS": "Already Tackled (2024-25)"}}, {"type": "Feature", "geometry": {"type": "Polygon", "coordinates": [[[72.83990043055611, 19.160282059148482], [72.83984085586411, 19.160278498605077], [72.83978222111382, 19.160267869461926], [72.83972545082513, 19.160250342472278], [72.83967143871443, 19.160226190997932], [72.83962103907025, 19.160195796327066], [72.83957504500071, 19.160159639288832], [72.83953418287244, 19.160118289348787], [72.83949909527473, 19.16007239898853], [72.83947033833331, 19.1600226910285], [72.83944836280939, 19.159969950276132], [72.83943351810156, 19.159915008217457], [72.83942603529285, 19.1598587310754], [72.83942603493068, 19.15980200635245], [72.83943351579964, 19.159745729149876], [72.83944835987401, 19.15969078687098], [72.83947033344513, 19.159638045685643], [72.8394990891991, 19.159588337006372], [72.8395341749233, 19.159542445848743], [72.83957503656961, 19.159501094609364], [72.83962102879067, 19.159464936867245], [72.83967142845655, 19.15943454128491], [72.8397254384913, 19.159410388943915], [72.83978220801826, 19.159392859130172], [72.83984084187487, 19.159382228542945], [72.83990041682691, 19.159378666969385], [72.83995999120083, 19.15938222746223], [72.84001862567318, 19.159392855616826], [72.84007539570696, 19.159410383394654], [72.84012940668602, 19.15943453472064], [72.84017980717253, 19.15946492925183], [72.84022580026371, 19.15950108612383], [72.84026666340786, 19.159542435022484], [72.84030175017564, 19.159588326140163], [72.84033050826974, 19.159638034000263], [72.840352483103, 19.159690774660742], [72.84036732906196, 19.159745716685343], [72.84037481124325, 19.159801993809275], [72.84037481193027, 19.159858718564045], [72.84036733136762, 19.15991499583513], [72.84035248756177, 19.15996993821501], [72.84033051515492, 19.160022679538585], [72.84030175860819, 19.160072387448757], [72.84026667294076, 19.16011827966364], [72.84022581224357, 19.16015963016457], [72.84017981896667, 19.160195788941706], [72.84012942008258, 19.160226184659006], [72.84007540886465, 19.160250337085508], [72.84001863906698, 19.16026786605961], [72.83996000489604, 19.16027849667314], [72.83990043055611, 19.160282059148482]]]}, "properties": {"FEATUREID": "FS13000000003", "NAME": "Siddhartha Hospital", "TYPE": 1, "LOCATION": "Road No 16,Near Siddhartha Hospital,Goregoan West,Mumbai,400104", "WARD": "P/S", "SUBTYPE": 3, "DEPTH": 1, "HEIGHT_TO_MSL": null, "AFFECT_AREA": "Goregoan West", "AFFECT_POPULATION": null, "AFFECTED_HUT": null, "AFFECT_ROAD": "Road No 16", "AFFECT_RAIL": "No", "NO_DE_WATER_PUMP": 1, "REMARKS": "Already Tackled (2024-25)"}}, {"type": "Feature", "geometry": {"type": "Polygon", "coordinates": [[[72.83731989965648, 19.160613595605707], [72.83705500806626, 19.16051641963127], [72.83680502117203, 19.160388458396113], [72.83657388299781, 19.16023172751169], [72.83636523108163, 19.16004870867567], [72.8361823746064, 19.159842277148417], [72.83602818033462, 19.159615702208974], [72.83590509204751, 19.159372541698435], [72.83581503931843, 19.159116640939676], [72.83575944644517, 19.158852031674932], [72.8357391902737, 19.158582887306927], [72.83575459441924, 19.158313456892635], [72.83580540655863, 19.158047985390407], [72.83589084391114, 19.15779065277728], [72.83600953207983, 19.1575455272661], [72.83615961650322, 19.15731647449275], [72.83633872615414, 19.157107099286296], [72.83654404052757, 19.156920711238087], [72.83677231351052, 19.156760243697537], [72.83701995448837, 19.156628229443037], [72.83728305274562, 19.15652675129682], [72.8375574557856, 19.15645741234194], [72.83783884483147, 19.156421303395046], [72.8381227730155, 19.156418989006237], [72.83840477276479, 19.15645050782086], [72.83868038911996, 19.1565153675512], [72.83894527381672, 19.15661254517812], [72.83919526107758, 19.15674050500069], [72.83942639669807, 19.156897226974], [72.83952345261262, 19.15695308113475], [72.83961237398121, 19.157020056059213], [72.8396917621972, 19.1570970920578], [72.8397603660472, 19.157182977623357], [72.83981710062393, 19.157276356878658], [72.83993368380165, 19.15754805077224], [72.84001351680729, 19.157831490813408], [72.84005533652005, 19.15812220556185], [72.84005848582986, 19.158415606937066], [72.84002291636065, 19.158707074251602], [72.83994918121068, 19.158992001998968], [72.8398384507565, 19.159265901206023], [72.83969246727077, 19.15952445490521], [72.83951353554465, 19.15976358216071], [72.8393044734982, 19.159979508850824], [72.83906858553601, 19.16016884323475], [72.83880958746927, 19.16032857507665], [72.83853155442438, 19.160456206913786], [72.83823888709296, 19.16054971753564], [72.83793619007206, 19.160607633719955], [72.8376282413448, 19.160629037102616], [72.83731989965648, 19.160613595605707]]]}, "properties": {"FEATUREID": "FS13000000004", "NAME": "Shastri Nagar, Goregaon (W)", "TYPE": 1, "LOCATION": "Sonawala Cross Lane,Near Shastri Nagar Ground,Goregoan West,Mumbai,400104", "WARD": "P/S", "SUBTYPE": 99, "DEPTH": 1, "HEIGHT_TO_MSL": null, "AFFECT_AREA": "Goregoan West", "AFFECT_POPULATION": 1200, "AFFECTED_HUT": 300, "AFFECT_ROAD": null, "AFFECT_RAIL": "No", "NO_DE_WATER_PUMP": 1, "REMARKS": "Planning Stage  (2025)"}}, {"type": "Feature", "geometry": {"type": "Polygon", "coordinates": [[[72.86006290008183, 19.1743439951783], [72.85978013599272, 19.17433475133922], [72.85950081382009, 19.17429190101758], [72.85922935465116, 19.174216127194292], [72.85897002281894, 19.174108618673262], [72.8587269229002, 19.17397108088097], [72.85850388270403, 19.17380566855838], [72.85830441887529, 19.173614998902316], [72.85813167790195, 19.173402082223383], [72.85798838170278, 19.17317026620615], [72.85787679174898, 19.17292321741954], [72.85779867037913, 19.172664826018813], [72.85775524232031, 19.17239916825917], [72.85774720044498, 19.172130429784115], [72.85777466743495, 19.17186285730475], [72.85783721795414, 19.171600662211205], [72.85793384865619, 19.171347988611203], [72.8580630498823, 19.171108809393274], [72.85822277550221, 19.17088690691138], [72.85841050693327, 19.17068577438006], [72.8586232953364, 19.170508587469115], [72.85885776910975, 19.170358139363177], [72.85911024466002, 19.170236801413928], [72.85937672779002, 19.17014648883813], [72.85965302248133, 19.170088627667432], [72.859934772206, 19.170064120006266], [72.86021752995362, 19.170073367431662], [72.86049683882297, 19.170116212318206], [72.86076829422355, 19.17019197830488], [72.86102761973383, 19.170299483821914], [72.86127071482176, 19.170437026383983], [72.86149375688777, 19.170602429840226], [72.86169322249003, 19.17079309339111], [72.86186596881122, 19.171006013306265], [72.86200926544993, 19.171237823935016], [72.86212086190079, 19.171484872553634], [72.86219899461827, 19.171743261895678], [72.86224242319626, 19.17200892012031], [72.86225047429356, 19.172277660033142], [72.8622230095836, 19.172545232907403], [72.86216047389748, 19.17280742930682], [72.86206384261324, 19.173060105572787], [72.8619346450506, 19.173299287071714], [72.86177492423566, 19.17352119302242], [72.86158719013272, 19.173722325379206], [72.86137440568903, 19.173899519257983], [72.86113992470644, 19.174049969316172], [72.8608874490163, 19.174171306939925], [72.86062095874068, 19.17426162653413], [72.86034465330903, 19.174319488452497], [72.86006290008183, 19.1743439951783]]]}, "properties": {"FEATUREID": "FS13000000008", "NAME": "Oberoi Mall", "TYPE": 2, "LOCATION": "Western Express Highway,Opp Oberoi Mall,Goregoan East,Mumbai,400104", "WARD": "P/S", "SUBTYPE": 2, "DEPTH": 1.5, "HEIGHT_TO_MSL": null, "AFFECT_AREA": "Goregoan East", "AFFECT_POPULATION": null, "AFFECTED_HUT": null, "AFFECT_ROAD": "Estern Express Highway", "AFFECT_RAIL": "No", "NO_DE_WATER_PUMP": 1, "REMARKS": "Planning Stage (2025)"}}, {"type": "Feature", "geometry": {"type": "Polygon", "coordinates": [[[72.84212749996138, 19.190726994160453], [72.84186267511932, 19.190617741825857], [72.8416143455811, 19.19047781313141], [72.84138643641913, 19.190309421238506], [72.84118254180396, 19.19011521801165], [72.84100587220851, 19.1898982599701], [72.84085921107396, 19.18966197796418], [72.8407448798018, 19.189410091852125], [72.84066467445372, 19.189146580845808], [72.84061986306757, 19.188875598570235], [72.84061115598364, 19.1886014167106], [72.84063868783768, 19.188328348926888], [72.84070201216659, 19.18806072821004], [72.8408001482046, 19.187802745754887], [72.84093153668879, 19.187558487476622], [72.84109411381611, 19.18733180391634], [72.84128530707483, 19.18712626593925], [72.84150210425057, 19.186945122197674], [72.84174108967876, 19.186791216466204], [72.8419984918022, 19.186666985497954], [72.8422702526254, 19.186574381265554], [72.84255208661301, 19.186514873465168], [72.84283953848539, 19.186489390585756], [72.84312809214856, 19.186498349192693], [72.84341318765078, 19.186541591803508], [72.84369033161303, 19.186618446895828], [72.84395515752166, 19.186727697096444], [72.84420348035256, 19.186867617755308], [72.84443138934797, 19.187036006031267], [72.84463528281522, 19.187230209295386], [72.84481196081614, 19.18744716144021], [72.84495861962813, 19.187683443325653], [72.84507295863976, 19.18793532377191], [72.84515316889215, 19.188198837098795], [72.84519798776115, 19.188469818990825], [72.8452067034388, 19.18874400138831], [72.84517918659476, 19.189017064343407], [72.84511586396233, 19.18928469442155], [72.84501773239651, 19.18954267429046], [72.84488634779574, 19.189786931369067], [72.84472377266628, 19.190013623024853], [72.84453257955553, 19.190219165524063], [72.8443157787313, 19.190400312673987], [72.8440767954734, 19.190554220596276], [72.84381938343101, 19.190678457553876], [72.8435476153322, 19.190771059848576], [72.84326577978776, 19.1908305712584], [72.84297831462447, 19.190856051289273], [72.8426897600487, 19.190847093594027], [72.84240465281721, 19.19080384821188], [72.84212749996138, 19.190726994160453]]]}, "properties": {"FEATUREID": "FS12000000001", "NAME": "Malad Subway 1", "TYPE": 2, "LOCATION": "Malad Subway,Near Traffic Police Chowki,Malad West,Mumbai,400067", "WARD": "P/N", "SUBTYPE": 99, "DEPTH": 1.5, "HEIGHT_TO_MSL": null, "AFFECT_AREA": "Malad West", "AFFECT_POPULATION": null, "AFFECTED_HUT": null, "AFFECT_ROAD": null, "AFFECT_RAIL": "No", "NO_DE_WATER_PUMP": 1, "REMARKS": "Work is in Planning Stage (2025)"}}, {"type": "Feature", "geometry": {"type": "Polygon", "coordinates": [[[72.84847400046894, 19.19225369395735], [72.84820750192115, 19.192214549666183], [72.84794827232565, 19.192143977841013], [72.84770039759475, 19.19204309592945], [72.84746778450351, 19.191913488982188], [72.84725410080972, 19.191757208042027], [72.84706272367394, 19.19157671533806], [72.84689666028196, 19.191374847218057], [72.84675853655703, 19.19115480497775], [72.84665053481712, 19.190920051153416], [72.84657434848509, 19.1906742836945], [72.84653118567799, 19.19042138000113], [72.8465217244736, 19.19016532865298], [72.84654611172633, 19.189910175199802], [72.84660396796255, 19.18965993912095], [72.84669437474308, 19.189418563097213], [72.84681590869408, 19.18918985560602], [72.84696666038639, 19.188977428823666], [72.84714423535205, 19.188784620963244], [72.84734585026693, 19.188614483860984], [72.84756831506814, 19.188469696060498], [72.84780813029208, 19.18835253415381], [72.8480615024534, 19.18826485941825], [72.84832444472217, 19.18820805125848], [72.84859280838633, 19.18818299944947], [72.84886235707467, 19.1881900977829], [72.84912884664686, 19.188229240488287], [72.84938807379872, 19.188299811962874], [72.84963594446477, 19.18840068937764], [72.84986855300696, 19.18853029328074], [72.85008223747829, 19.188686577401654], [72.85027361905871, 19.18886706614122], [72.85043968098235, 19.189068925944547], [72.85057780370813, 19.189288965707508], [72.85068581520864, 19.189523717750014], [72.85076200367459, 19.189769484929254], [72.85080517395781, 19.190022387363435], [72.85081464471962, 19.190278436462492], [72.85079026104691, 19.19053358926995], [72.85073241908509, 19.19078382914148], [72.85064200842008, 19.191025211137188], [72.8505204769135, 19.191253921496134], [72.8503697346847, 19.191466351484863], [72.85019215422284, 19.19165916243784], [72.84999054065403, 19.19182930618933], [72.84976807189342, 19.191974094830872], [72.84952825803926, 19.19209125262925], [72.84927487458289, 19.192178934216308], [72.84901192604553, 19.192235742231663], [72.84874355669908, 19.19226079311872], [72.84847400046894, 19.19225369395735]]]}, "properties": {"FEATUREID": "FS12000000002", "NAME": "Malad Subway 2", "TYPE": 2, "LOCATION": "Malad Subway,Near Garden,Malad West,Mumbai,400067", "WARD": "P/N", "SUBTYPE": null, "DEPTH": 1.5, "HEIGHT_TO_MSL": null, "AFFECT_AREA": "Malad West", "AFFECT_POPULATION": null, "AFFECTED_HUT": null, "AFFECT_ROAD": null, "AFFECT_RAIL": "No", "NO_DE_WATER_PUMP": 1, "REMARKS": "Planning Stage (2025)"}}, {"type": "Feature", "geometry": {"type": "Polygon", "coordinates": [[[72.8662361796908, 19.188452743787536], [72.86596620153597, 19.18845264991667], [72.86569835679852, 19.18842040019961], [72.86543688081204, 19.188356516358446], [72.86518589628173, 19.188261995744995], [72.86494935599772, 19.18813832963863], [72.86473099374888, 19.18798747557267], [72.86453426035636, 19.187811804195427], [72.86436224676004, 19.187614092046097], [72.86421767155001, 19.187397456369492], [72.86410280924281, 19.187165314532105], [72.86401948260678, 19.186921316183913], [72.86396899535836, 19.186669328921933], [72.86395214716963, 19.186413307490543], [72.8639692040858, 19.18615730337166], [72.86401989717746, 19.18590534915267], [72.86410342307686, 19.185661417888067], [72.86421846854418, 19.18542936196726], [72.864363219141, 19.18521283102371], [72.86453539003803, 19.185015242491342], [72.86473226680286, 19.18483971524425], [72.86495074124556, 19.18468901763124], [72.86518737567154, 19.18456552396992], [72.8654384289596, 19.1844711823383], [72.86569994817587, 19.184407486741325], [72.86596781093358, 19.1843754351539], [72.86623778719958, 19.18437552753233], [72.8665056200057, 19.184407772173387], [72.86676709138234, 19.184471658479293], [72.86701807152893, 19.184566176495647], [72.86725460793059, 19.184689835106184], [72.8674729658614, 19.18484069049995], [72.86766970332955, 19.18501635787654], [72.86784171884149, 19.185214067094204], [72.86798629750042, 19.185430700233532], [72.86810115980886, 19.185662840935226], [72.86818449702693, 19.18590683442122], [72.868234990677, 19.186158823847936], [72.86825184555188, 19.186414845529388], [72.86823479519755, 19.186670847064786], [72.86818410804115, 19.1869228030271], [72.86810058617348, 19.187166736628683], [72.86798554056193, 19.18739879982613], [72.86784079694597, 19.187615333008036], [72.86766863042884, 19.18781292475786], [72.86747174879939, 19.18798845231227], [72.86725327160661, 19.188139156293936], [72.86701663304068, 19.188262652233615], [72.86676557359077, 19.18835698738339], [72.86650404906203, 19.18842069205167], [72.8662361796908, 19.188452743787536]]]}, "properties": {"FEATUREID": "FS12000000003", "NAME": "Aapaa Pada (Raviya Budhiya Chawl)", "TYPE": 1, "LOCATION": "Shivaji Nagar Road,Near BMC Garden,Malad East,Mumbai,400061", "WARD": "P/N", "SUBTYPE": 99, "DEPTH": 1, "HEIGHT_TO_MSL": null, "AFFECT_AREA": "Malad East", "AFFECT_POPULATION": null, "AFFECTED_HUT": null, "AFFECT_ROAD": null, "AFFECT_RAIL": "No", "NO_DE_WATER_PUMP": 1, "REMARKS": "Other Agency (2025)"}}, {"type": "Feature", "geometry": {"type": "Polygon", "coordinates": [[[72.79511220733428, 19.14430673302909], [72.79493060844965, 19.144257240070964], [72.79475696531081, 19.144186509141946], [72.79459402694164, 19.144095649909925], [72.79444434793176, 19.143986098489545], [72.79431030221748, 19.143859581475812], [72.79419399497333, 19.14371809501273], [72.79409726492106, 19.143563874108494], [72.79402163650616, 19.14339934418791], [72.79396830203888, 19.14322710642408], [72.79393810075582, 19.14304986884025], [72.79393151519248, 19.142870433620036], [72.79394864070785, 19.142691630805693], [72.79398921364734, 19.14251627347525], [72.79405258599245, 19.142347134858674], [72.79413777000065, 19.142186879327014], [72.79424341297359, 19.142038030478787], [72.79436785561994, 19.141902942036808], [72.79450912806195, 19.14178374089982], [72.79466500613874, 19.14168230975668], [72.79483303194752, 19.141600243077516], [72.79501055484431, 19.14153883676963], [72.79519477741039, 19.141499061634278], [72.79538279086934, 19.141481543922072], [72.79557163216641, 19.141486560599315], [72.79575832494193, 19.141514030807265], [72.7959399222011, 19.14156352269596], [72.79611355859463, 19.14163425224361], [72.7962764985272, 19.141725110025117], [72.79642617703749, 19.141834659893664], [72.79656022687222, 19.14196117543166], [72.79667652863137, 19.142102656807317], [72.79677326333366, 19.14225688017645], [72.79684889136992, 19.14242140826613], [72.79690223254421, 19.142593646429074], [72.79693243321928, 19.142770883796388], [72.79693902870126, 19.142950319314853], [72.79692190347102, 19.143129122689118], [72.79688133333927, 19.143304480951993], [72.79681795950833, 19.143473619832], [72.7967327809548, 19.143633876825], [72.79662713506953, 19.143782728061037], [72.79650269823925, 19.143917816314037], [72.796361423184, 19.144037017995057], [72.79620554546496, 19.14413845407203], [72.7960375155969, 19.144220520871194], [72.79585998998968, 19.144281927906405], [72.79567576434377, 19.144321703404856], [72.79548774669097, 19.144339220178622], [72.79529890310523, 19.14433420400636], [72.79511220733428, 19.14430673302909]]]}, "properties": {"FEATUREID": "FS20000000005", "NAME": "Ganga Bawadi 1 and 2", "TYPE": 2, "LOCATION": "Shivaji Nagar Road,Near Police Chowki,Malad West,Mumbai,400061", "WARD": "P/N", "SUBTYPE": null, "DEPTH": 2.5, "HEIGHT_TO_MSL": null, "AFFECT_AREA": "Malad West", "AFFECT_POPULATION": 760, "AFFECTED_HUT": 300, "AFFECT_ROAD": null, "AFFECT_RAIL": "No", "NO_DE_WATER_PUMP": 1, "REMARKS": "Other Agency (2025)"}}, {"type": "Feature", "geometry": {"type": "Polygon", "coordinates": [[[72.79375249974836, 19.1444236958264], [72.79369293126116, 19.14442013538703], [72.79363430165496, 19.144409505821827], [72.7935775372024, 19.144391977223027], [72.79352353236267, 19.14436782497916], [72.7934731374279, 19.14433742962649], [72.79342714813029, 19.14430127220782], [72.79338628964416, 19.144259922338193], [72.79335120717946, 19.14421403086585], [72.7933224527627, 19.14416432339058], [72.79330048073825, 19.144111581241756], [72.7932856383024, 19.14405663865477], [72.79327815817804, 19.14400036190874], [72.7932781578333, 19.143943636671818], [72.7932856386398, 19.14388735986215], [72.79330048236066, 19.143832417928227], [72.79332245414574, 19.14377967604641], [72.79335120836565, 19.143729968255602], [72.79338629078883, 19.143684076709498], [72.79342714909434, 19.143642727286956], [72.7934731378873, 19.14360656978161], [72.79352353298835, 19.143576175364014], [72.79357753826518, 19.143552023115614], [72.79363430282037, 19.143534493912796], [72.7936929324658, 19.143523865145525], [72.79375250028266, 19.1435203027152], [72.79381206842817, 19.143523864909486], [72.79387069679498, 19.143534494377253], [72.79392746195529, 19.14355202287205], [72.79398146661451, 19.143576174978385], [72.79403186239227, 19.143606570191412], [72.79407785071238, 19.143642727443645], [72.794118709253, 19.143684077163947], [72.79415379186251, 19.14372996759903], [72.79418254647001, 19.143779675866764], [72.79420451780419, 19.14383241792403], [72.79421936055293, 19.14388735956335], [72.79422684193833, 19.143943637217617], [72.79422684166937, 19.144000361572534], [72.79421936210693, 19.144056639365864], [72.79420451865398, 19.144111581401305], [72.7941825470821, 19.144164323410607], [72.79415379300723, 19.14421403134686], [72.7941187097136, 19.144259922132726], [72.79407785234459, 19.14430127172006], [72.79403186344524, 19.144337430271374], [72.79398146817508, 19.144367824812353], [72.79392746266505, 19.14439197715689], [72.79387069782723, 19.144409506422562], [72.7938120688177, 19.144420135226866], [72.79375249974836, 19.1444236958264]]]}, "properties": {"FEATUREID": "FS12000000004", "NAME": "Ganga Bawadi 2 ", "TYPE": 1, "LOCATION": "Shivaji Nagar Road,Near Police Chowki,Malad West,Mumbai,400061", "WARD": "P/N", "SUBTYPE": 99, "DEPTH": 1.5, "HEIGHT_TO_MSL": null, "AFFECT_AREA": "Malad West", "AFFECT_POPULATION": 500, "AFFECTED_HUT": 150, "AFFECT_ROAD": null, "AFFECT_RAIL": "No", "NO_DE_WATER_PUMP": 1, "REMARKS": "Other Agency (2024-25)"}}, {"type": "Feature", "geometry": {"type": "Polygon", "coordinates": [[[72.79146190036926, 19.142064737163565], [72.79140233191721, 19.14206117515545], [72.7913437042944, 19.14205054586897], [72.79128693999213, 19.142033016651496], [72.79123293532864, 19.142008864730133], [72.79118254059013, 19.141978469747016], [72.7911365524528, 19.14194231186155], [72.79109569511036, 19.14190096158778], [72.7910606127925, 19.14185507067199], [72.79103185943276, 19.141805362935937], [72.7910098883966, 19.14175262060476], [72.7909950449522, 19.141697678796973], [72.79098756373273, 19.141641402009956], [72.79098756503224, 19.141584676849508], [72.79099504546033, 19.14152840017559], [72.79100988868352, 19.141473457554202], [72.79103185982072, 19.141420715964244], [72.79106061421203, 19.14137100764512], [72.79109569568688, 19.141325117430984], [72.7911365538846, 19.14128376670123], [72.79118254240215, 19.141247609745566], [72.79123293615031, 19.14121721500522], [72.7912869408797, 19.14119306338133], [72.79134370477539, 19.141175533922848], [72.79140233269757, 19.141164904901192], [72.79146189962827, 19.141161343133255], [72.79152146681247, 19.1411649050787], [72.79158009509639, 19.141175534290554], [72.79163685915626, 19.1411930633926], [72.79169086363929, 19.141217215176404], [72.79174125827058, 19.141247610008485], [72.79178724639274, 19.141283766835848], [72.79182810378971, 19.141325116960314], [72.79186318624036, 19.14137100774195], [72.79189193979084, 19.141420716270503], [72.79191391109899, 19.141473457618492], [72.79192875483221, 19.141528400284805], [72.79193623542426, 19.141584677054187], [72.79193623634966, 19.141641402270015], [72.79192875527713, 19.14169767900169], [72.79191391233383, 19.141752620821542], [72.79189194139774, 19.141805363442064], [72.79186318716341, 19.141855071003565], [72.79182810479406, 19.141900962263602], [72.7917872475448, 19.141942312255072], [72.79174125892082, 19.141978470256674], [72.79169086500356, 19.142008865120353], [72.79163686004097, 19.142033016840347], [72.79158009586266, 19.142050546361645], [72.79152146762618, 19.142061175408877], [72.79146190036926, 19.142064737163565]]]}, "properties": {"FEATUREID": "FS20000000002", "NAME": "Maamu Gally ", "TYPE": 2, "LOCATION": "Maamu Gally Road,Near Shree Krishna Society,Malad West,Mumbai,400061", "WARD": "K/W", "SUBTYPE": 99, "DEPTH": 1.5, "HEIGHT_TO_MSL": null, "AFFECT_AREA": "Malad West", "AFFECT_POPULATION": 350, "AFFECTED_HUT": 100, "AFFECT_ROAD": null, "AFFECT_RAIL": "No", "NO_DE_WATER_PUMP": 1, "REMARKS": null}}, {"type": "Feature", "geometry": {"type": "Polygon", "coordinates": [[[72.8742273732775, 19.071207555901342], [72.87403042386111, 19.070950986383195], [72.87386884271929, 19.070672970927934], [72.87374518051865, 19.07037789911599], [72.87366139466951, 19.07007041561309], [72.87361880072001, 19.069755359085793], [72.87361806531611, 19.069437719663757], [72.87365921557048, 19.069122501750243], [72.87374158566529, 19.068814666501808], [72.87386389920268, 19.0685190821988], [72.87402419481067, 19.068240399645106], [72.87421995766135, 19.06798302027106], [72.87444810751767, 19.06775099122461], [72.8747050456258, 19.067547978822763], [72.87498671742209, 19.067377193408788], [72.87528868073856, 19.06724132962779], [72.87560616737768, 19.067142504818197], [72.87593418232645, 19.06708229990461], [72.87626754681101, 19.067061659634955], [72.87660099216359, 19.06708090540639], [72.8769292803764, 19.06713974116964], [72.87724722432922, 19.067237230174477], [72.87754980599703, 19.06737183607012], [72.87783226927942, 19.067541442936395], [72.87809014339122, 19.067743382643354], [72.87831936901331, 19.06797444984395], [72.87851632249966, 19.0682310151525], [72.87867790334703, 19.06850901981985], [72.87880158014333, 19.068804098195805], [72.8788853734472, 19.069111580235436], [72.87892797279915, 19.069426629234485], [72.87892870694859, 19.069744268582077], [72.87888758049908, 19.070059489670996], [72.87880521595835, 19.070367328010533], [72.87868291664958, 19.07066292266667], [72.87852262005318, 19.070941600638378], [72.87832685936036, 19.07119898752473], [72.87809870056047, 19.071431024874524], [72.87784176629083, 19.071634037311732], [72.87756008927569, 19.07180482750747], [72.87725812342026, 19.071940699800965], [72.8769406233235, 19.07203952114544], [72.876612598602, 19.072099726007593], [72.87627923721638, 19.0721203678781], [72.87594576959845, 19.07210111951499], [72.8756174713783, 19.072042281103887], [72.8752995140516, 19.07194479298727], [72.87499692776235, 19.071810172905273], [72.87471446109335, 19.071640558633398], [72.87445659259814, 19.071438622297066], [72.8742273732775, 19.071207555901342]]]}, "properties": {"FEATUREID": "FS15000000014", "NAME": "Surve Chowk, LBS Road, Kurla", "TYPE": 2, "LOCATION": "Swapna Apartment,LBS Road,In Front of Swapna Apartment,Kurla West,Mumbai,400070", "WARD": "L", "SUBTYPE": null, "DEPTH": 2, "HEIGHT_TO_MSL": null, "AFFECT_AREA": "Kurla West ", "AFFECT_POPULATION": null, "AFFECTED_HUT": null, "AFFECT_ROAD": "L B S Road ", "AFFECT_RAIL": "No", "NO_DE_WATER_PUMP": 1, "REMARKS": "Planning Stage (2025)"}}, {"type": "Feature", "geometry": {"type": "Polygon", "coordinates": [[[72.88326793018416, 19.087755241281364], [72.88307212125355, 19.087691629160204], [72.88288624547421, 19.08760518157901], [72.88271322698333, 19.08749726992783], [72.88255580425842, 19.087369593163412], [72.88241645239034, 19.087224163363437], [72.88229737297782, 19.08706327850881], [72.88220044250095, 19.08688947311026], [72.88212719087736, 19.086705486344307], [72.8820787696735, 19.08651422194143], [72.88205594043882, 19.086318694757193], [72.88205907426791, 19.08612199102224], [72.8820881135258, 19.085927215512367], [72.88214260114638, 19.08573742956039], [72.88222167702317, 19.085555636563736], [72.88232409332126, 19.085384699061837], [72.8824482414252, 19.085227311950497], [72.88259215629314, 19.08508595917812], [72.88275356735704, 19.084962870977225], [72.88292993609844, 19.084859982749144], [72.88311847995578, 19.084778922696145], [72.88331621654655, 19.084720970781863], [72.8835200362024, 19.084687032468786], [72.88372672173972, 19.084677652495813], [72.8839330202613, 19.084692971443435], [72.88413566365766, 19.08473275668021], [72.88433146976544, 19.08479636648943], [72.88451734439603, 19.084882814222876], [72.88469036268431, 19.084990721358984], [72.88484778420144, 19.085118398968035], [72.88498713403109, 19.085263822444734], [72.88510621698182, 19.085424709349493], [72.88520314996717, 19.085598513453945], [72.88527640570445, 19.085782500211348], [72.8853248315465, 19.085973760519327], [72.88534765988916, 19.086169289422447], [72.88534453091958, 19.086365990888606], [72.8853154971418, 19.086560770897993], [72.88526100984362, 19.086750556257286], [72.88518194026415, 19.086932349040342], [72.88507952558746, 19.087103290103055], [72.88495537437147, 19.087260680826898], [72.88481146307039, 19.087402032762288], [72.8846500459705, 19.087525127117196], [72.88447367707342, 19.087628012302023], [72.88428513702428, 19.087709071742324], [72.88408739219048, 19.08776702883129], [72.88388356973911, 19.08780096380781], [72.88367687647025, 19.087810345343396], [72.88347058176787, 19.087795025830527], [72.88326793018416, 19.087755241281364]]]}, "properties": {"FEATUREID": "FS15000000016", "NAME": "Kale Marg No 1 Kajupada  (Shanti Nagar, Bail Bazar)", "TYPE": 2, "LOCATION": "Kale Road,Opp Bharat Coal Compound,kurla West,Mumbai,400070", "WARD": "L", "SUBTYPE": 2, "DEPTH": 2, "HEIGHT_TO_MSL": null, "AFFECT_AREA": "kurla West ", "AFFECT_POPULATION": null, "AFFECTED_HUT": null, "AFFECT_ROAD": "Kale Road ", "AFFECT_RAIL": "No", "NO_DE_WATER_PUMP": 1, "REMARKS": "Will be Tackled before Monsoon 26 (2025)"}}, {"type": "Feature", "geometry": {"type": "Polygon", "coordinates": [[[72.8711965334311, 19.059944912624466], [72.87096360705007, 19.059811721507973], [72.8707500780141, 19.059651810466917], [72.87055929871252, 19.059467706781646], [72.87039430013122, 19.059262331461838], [72.87025767340188, 19.0590389021267], [72.87015156480385, 19.058800952813918], [72.87007766747278, 19.05855223993938], [72.87003713290237, 19.058296680752967], [72.8700306019948, 19.058038303111804], [72.8700581753718, 19.057781190940762], [72.87011942130435, 19.05752938496521], [72.87021337495935, 19.057286868252298], [72.8703385578978, 19.057057453530945], [72.87049298204418, 19.056844770596683], [72.87067422692084, 19.05665216965555], [72.87087943349836, 19.05648268241849], [72.87110535481115, 19.056339001013068], [72.87134843250895, 19.056223359641216], [72.87160483008624, 19.05613760993903], [72.87187051996779, 19.056083095528102], [72.87214128908153, 19.056060661115282], [72.87241288191785, 19.056070681242915], [72.87268101557056, 19.056112997233168], [72.87294145942523, 19.056186924428815], [72.87319010559814, 19.05629131442493], [72.87342303210755, 19.056424516952806], [72.87363656213793, 19.056584424818436], [72.87382733763475, 19.056768512682716], [72.87399234320266, 19.056973899656676], [72.87412897680544, 19.05719731759296], [72.87423508302433, 19.05743525960018], [72.8743089845465, 19.057683969561953], [72.87434952945105, 19.057939533908876], [72.87435607088332, 19.058197912093178], [72.87432850298075, 19.05845502552265], [72.87426725228548, 19.058706836046948], [72.87417330794264, 19.058949362566715], [72.87404814076534, 19.059178771334544], [72.87389370796345, 19.059391452792052], [72.87371246219865, 19.059584056907166], [72.8735072530676, 19.059753546240472], [72.87328133800457, 19.059897234917557], [72.87303825671427, 19.060012876610475], [72.87278184588521, 19.06009862767832], [72.87251615242059, 19.060153146433635], [72.87224537288218, 19.060175573478165], [72.87197376960796, 19.06016555331843], [72.87170563362277, 19.060123236647694], [72.87144518172454, 19.060049304448512], [72.8711965334311, 19.059944912624466]]]}, "properties": {"FEATUREID": "FS15000000017", "NAME": "Pant Walwalkar School", "TYPE": 2, "LOCATION": "LBS Road,Next to Moon Furniture,Kurla West,Mumbai,400070", "WARD": "L", "SUBTYPE": null, "DEPTH": 2, "HEIGHT_TO_MSL": null, "AFFECT_AREA": "Kurla West ", "AFFECT_POPULATION": null, "AFFECTED_HUT": null, "AFFECT_ROAD": null, "AFFECT_RAIL": "No", "NO_DE_WATER_PUMP": 1, "REMARKS": "Planning Stage (2025)"}}, {"type": "Feature", "geometry": {"type": "Polygon", "coordinates": [[[72.86817511522418, 19.052158700809024], [72.86836013825382, 19.052004770155964], [72.86856398517224, 19.0518740964111], [72.86878345308494, 19.051768754360026], [72.86901507665176, 19.05169039665404], [72.8692551935092, 19.05164026269868], [72.86950003321185, 19.051619130906868], [72.86974572338656, 19.051627356708444], [72.86998840272743, 19.051664800690265], [72.87022421768664, 19.051730863784343], [72.87044947600228, 19.051824514329557], [72.87066060513187, 19.051944269523055], [72.87085429501359, 19.05208824764718], [72.8710274809551, 19.052254168770578], [72.87117742720376, 19.052439430679335], [72.8713017813028, 19.052641092337197], [72.87139856497558, 19.05285599300771], [72.87146626177432, 19.053080732486542], [72.87150380830278, 19.053311764034156], [72.87151061251782, 19.05354544968457], [72.87148655601229, 19.0537781054346], [72.87143202085404, 19.054006057556837], [72.87134788011433, 19.05422571565693], [72.87123543847238, 19.05443361263826], [72.8710964893862, 19.054626465884336], [72.870933218272, 19.054801246600988], [72.87074819871924, 19.05495517887418], [72.87054433979698, 19.05508584926546], [72.87032487284677, 19.055191199438035], [72.87009324078555, 19.05526956553014], [72.86985311774428, 19.055319701870133], [72.86960826698954, 19.055340822695275], [72.8693625752211, 19.05533259351636], [72.86911989933672, 19.055295153736335], [72.86888407731952, 19.055229081547402], [72.86865882038511, 19.055135433330005], [72.86844767970486, 19.05501567100364], [72.86825399187042, 19.05487169210381], [72.86808080560394, 19.054705766605252], [72.86793086977882, 19.054520507874003], [72.86780651790687, 19.054318843326506], [72.86770973458783, 19.054103943835063], [72.86764203887844, 19.053879207923853], [72.86760449600601, 19.05364816344526], [72.86759770576104, 19.05341448460609], [72.86762176943238, 19.053181829899838], [72.86767630451732, 19.052953881117887], [72.86776045100392, 19.052734224192513], [72.86787288208106, 19.052526329451652], [72.86801183651487, 19.05233347160593], [72.86817511522418, 19.052158700809024]]]}, "properties": {"FEATUREID": "FS15000000019", "NAME": "Samarth Nagar, Near Railway Track, Chunabhatti", "TYPE": 2, "LOCATION": "Padwal Bhavan,Station Road,Opp Padwal Bhavan,Chunabhatti,Mumbai,400070", "WARD": "L", "SUBTYPE": null, "DEPTH": 2, "HEIGHT_TO_MSL": null, "AFFECT_AREA": "Chunabhatti ", "AFFECT_POPULATION": 300, "AFFECTED_HUT": 120, "AFFECT_ROAD": "Station Road ", "AFFECT_RAIL": "No", "NO_DE_WATER_PUMP": 1, "REMARKS": "Planning Stage (2025)"}}, {"type": "Feature", "geometry": {"type": "Polygon", "coordinates": [[[72.89577269969543, 19.06302155566552], [72.89573284622239, 19.06301917150468], [72.89569362053864, 19.06301205679668], [72.89565564252759, 19.063000322492968], [72.8956195102069, 19.062984156074695], [72.89558579321611, 19.062963810638983], [72.89555502518374, 19.06293960752147], [72.89552768958221, 19.062911928005388], [72.89550421692395, 19.06288120967619], [72.89548497918786, 19.062847936421782], [72.89547027943958, 19.06281263289432], [72.89546034814646, 19.062775855435255], [72.89545534421862, 19.062738184860887], [72.89545534375961, 19.062700214591256], [72.895460349656, 19.062662543533488], [72.89547028029385, 19.062625766920075], [72.89548498016653, 19.062590463784208], [72.89550421806663, 19.062557189712884], [72.89552769000393, 19.06252647146072], [72.89555502604817, 19.062498791672308], [72.89558579412842, 19.0624745889258], [72.8956195097024, 19.062454244294106], [72.89565564246213, 19.062438076905156], [72.89569362109444, 19.062426343093072], [72.89573284668096, 19.06241922842158], [72.89577270033065, 19.062416845061417], [72.89581255366203, 19.062419229200007], [72.89585177826683, 19.062426343859364], [72.89588975713065, 19.06243807721979], [72.89592588937037, 19.062454243577097], [72.89595960631279, 19.06247458894573], [72.89599037433241, 19.062498791994205], [72.89601770995759, 19.06252647144367], [72.89604118267445, 19.06255718971286], [72.89606042050039, 19.06259046291763], [72.8960751203641, 19.06262576640891], [72.89608505084121, 19.062662543836733], [72.8960900558512, 19.062700215321748], [72.89609005645488, 19.062738185605237], [72.89608505070636, 19.06277585579015], [72.89607512017685, 19.062812633351434], [72.8960604203996, 19.062847936543733], [72.8960411825647, 19.062881210679567], [72.89601771066961, 19.062911928097197], [72.89599037463128, 19.062939607050804], [72.89595960650958, 19.062963809861124], [72.89592589083799, 19.06298415635439], [72.8958897579862, 19.063000322883436], [72.89585178018949, 19.063012055831717], [72.89581255350188, 19.063019171407497], [72.89577269969543, 19.06302155566552]]]}, "properties": {"FEATUREID": "FS22000000001", "NAME": "Postal Colony Service Road 1", "TYPE": 2, "LOCATION": "Postal Colony Service Road,Near Postal Colony Housing Society,Chembur East,Mumbai,400071", "WARD": "M/W", "SUBTYPE": 4, "DEPTH": 3.5, "HEIGHT_TO_MSL": null, "AFFECT_AREA": "Chembur East", "AFFECT_POPULATION": 2800, "AFFECTED_HUT": 500, "AFFECT_ROAD": null, "AFFECT_RAIL": "No", "NO_DE_WATER_PUMP": 1, "REMARKS": "Planning stage (2024-25)"}}, {"type": "Feature", "geometry": {"type": "Polygon", "coordinates": [[[72.872745800363, 19.080605384451886], [72.87271735356147, 19.08060368217374], [72.8726893574398, 19.08059860506665], [72.8726622489782, 19.080590231340608], [72.87263645972645, 19.08057869243589], [72.87261239491711, 19.080564171878656], [72.87259043353461, 19.080546899862053], [72.87257092270801, 19.080527145955344], [72.87255417101537, 19.080505222639484], [72.87254043815003, 19.080481476155196], [72.87252994640046, 19.080456280312525], [72.87252285884837, 19.080430032626023], [72.87251928607586, 19.08040314987579], [72.87251928543483, 19.080376050936945], [72.87252285808204, 19.080349165778102], [72.8725299463371, 19.080322919171945], [72.87254043852448, 19.08029772352521], [72.87255416994664, 19.080273977083234], [72.87257092396082, 19.08025205400663], [72.87259043392527, 19.080232300780665], [72.87261239472498, 19.080215026412496], [72.87263645986437, 19.080200506913954], [72.87266225022411, 19.080188969143975], [72.8726893559032, 19.080180595346157], [72.87271735434804, 19.080175517035336], [72.87274579989169, 19.080173815779993], [72.87277424567105, 19.08017551803578], [72.87280224267685, 19.08018059513449], [72.87282935013329, 19.08018896882352], [72.87285513935534, 19.080200506793986], [72.87287920415162, 19.080215026413846], [72.8729011655046, 19.080232300201487], [72.87292067634336, 19.080252054074258], [72.87293742901586, 19.080273977370506], [72.87295116097715, 19.080297723818536], [72.87296165278563, 19.080322919642818], [72.87296874136744, 19.080349166426814], [72.87297231420173, 19.080376050078527], [72.8729723139666, 19.080403149013552], [72.87296874138897, 19.08043003418792], [72.87296165319493, 19.08045628081693], [72.87295116105616, 19.080481476492473], [72.87293742967871, 19.080505222064257], [72.87292067661855, 19.08052714608996], [72.87290116570132, 19.08054689933982], [72.87287920489193, 19.0805641728374], [72.87285514066424, 19.08057869237505], [72.87282935119008, 19.080590231081143], [72.8728022435586, 19.080598603968355], [72.87277424503087, 19.08060368318835], [72.872745800363, 19.080605384451886]]]}, "properties": {"FEATUREID": "FS21000000002", "NAME": "Air India Colony N Building (Air India Road)", "TYPE": 2, "LOCATION": "Air India Colony N Building,Air India Road,Near Air India Colony N Building,Air India Colony,Mumbai,400029", "WARD": "H/E", "SUBTYPE": 3, "DEPTH": 1, "HEIGHT_TO_MSL": null, "AFFECT_AREA": "Air India Colony", "AFFECT_POPULATION": null, "AFFECTED_HUT": null, "AFFECT_ROAD": null, "AFFECT_RAIL": "No", "NO_DE_WATER_PUMP": 1, "REMARKS": "Already Tackled (2024-25)"}}, {"type": "Feature", "geometry": {"type": "Polygon", "coordinates": [[[72.86411349995234, 19.03529437601281], [72.86409436764481, 19.035293230643873], [72.86407553602709, 19.03528981432394], [72.86405730454445, 19.03528418110024], [72.86403995891935, 19.03527641828232], [72.86402377206653, 19.03526664916225], [72.86400900130168, 19.03525502846611], [72.86399587795295, 19.0352417377174], [72.86398460921411, 19.03522698887148], [72.86397537544573, 19.035211012541883], [72.86396831778347, 19.035194061470033], [72.86396355057612, 19.035176403442907], [72.86396114720999, 19.035158315709445], [72.86396114771796, 19.035140084165345], [72.86396355032484, 19.035121996029], [72.86396831716867, 19.035104338101345], [72.86397537442771, 19.035087386831147], [72.86398461038664, 19.035071411002715], [72.86399587841251, 19.035056661834208], [72.86400900172629, 19.03504337122642], [72.86402377151498, 19.035031750837682], [72.86403995846625, 19.035021981378172], [72.86405730412896, 19.03501421973601], [72.86407553629253, 19.035008584703068], [72.86409436693741, 19.035005168693644], [72.86411350001706, 19.035004023382264], [72.864132632292, 19.035005168746025], [72.86415146388, 19.03500858505721], [72.86416969628738, 19.035014218280104], [72.86418704093268, 19.03502198197611], [72.86420322778595, 19.035031750177588], [72.86421799854793, 19.03504337085782], [72.86423112190217, 19.0350566615912], [72.86424239064299, 19.035071411326456], [72.86425162444365, 19.03508738674152], [72.86425868212096, 19.035104338708212], [72.8642634493707, 19.035121995827556], [72.86426585275835, 19.035140084463432], [72.8642658522837, 19.03515831601078], [72.86426344971977, 19.03517640325099], [72.86425868195381, 19.035194061178043], [72.86425162566636, 19.03521101247223], [72.86424238971082, 19.035226989218685], [72.86423112169197, 19.03524173840301], [72.86421799838844, 19.03525502812339], [72.86420322859014, 19.035266648526814], [72.86418704162162, 19.03527641799902], [72.86416969497384, 19.03528418054325], [72.86415146279288, 19.03528981467958], [72.86413263306544, 19.03529323070271], [72.86411349995234, 19.03529437601281]]]}, "properties": {"FEATUREID": "FS06000000007", "NAME": "J K Bhasin  (Tackled)", "TYPE": 2, "LOCATION": "Rajyogi Jaimal Singh Road,Near Shankar Temple,Sion,Mumbai,400037", "WARD": "F/N", "SUBTYPE": 2, "DEPTH": 1, "HEIGHT_TO_MSL": null, "AFFECT_AREA": "Sion", "AFFECT_POPULATION": 1200, "AFFECTED_HUT": 300, "AFFECT_ROAD": null, "AFFECT_RAIL": "No", "NO_DE_WATER_PUMP": 1, "REMARKS": "Already Tackled (2024-25)"}}, {"type": "Feature", "geometry": {"type": "Polygon", "coordinates": [[[72.86260437958538, 19.02249504165291], [72.86258804829916, 19.022494064150724], [72.8625719744971, 19.02249114760028], [72.86255641116381, 19.022486338285603], [72.86254160520512, 19.022479712228247], [72.8625277879869, 19.022471372368088], [72.86251517908707, 19.02246145221978], [72.86250397785336, 19.02245010764561], [72.86249435961658, 19.02243751590841], [72.86248647566735, 19.022423877477816], [72.86248045147272, 19.02240940697693], [72.86247638193962, 19.022394332224238], [72.86247433239924, 19.022378891535148], [72.86247433201775, 19.02236332912947], [72.86247638243499, 19.02234788800515], [72.86248045202078, 19.022332813484987], [72.86248647696326, 19.022318342389884], [72.86249435935805, 19.022304703920142], [72.8625039777348, 19.022292113454373], [72.862515179518, 19.02228076794587], [72.86252778860083, 19.022270847816912], [72.86254160451085, 19.02226250791636], [72.86255641185983, 19.02225588124212], [72.86257197472686, 19.02225107255334], [72.8625880480882, 19.022248155792738], [72.86260437965838, 19.02224717862445], [72.86262071187042, 19.022248156133834], [72.86263678565088, 19.0222510726779], [72.86265234801644, 19.02225588197301], [72.86266715396158, 19.022262508020123], [72.86268097117174, 19.022270847869017], [72.86269358006948, 19.022280768005743], [72.86270478130719, 19.022292112568746], [72.86271439955385, 19.022304704295905], [72.86272228351817, 19.022318342718197], [72.86272830773217, 19.022332813213044], [72.86273237728773, 19.022347887962358], [72.8627344268522, 19.022363328650933], [72.86273442725792, 19.022378891058988], [72.86273237686355, 19.022394332188416], [72.86272830729781, 19.02240940671612], [72.86272228332088, 19.02242387783171], [72.86271439999892, 19.022437515398153], [72.86270478161575, 19.02245010677857], [72.86269357983159, 19.02246145229853], [72.86268097169138, 19.022471372449168], [72.86266715481916, 19.022479712347984], [72.86265234841396, 19.022486338137305], [72.8626367845647, 19.02249114772299], [72.86262071117993, 19.022494064485542], [72.86260437958538, 19.02249504165291]]]}, "properties": {"FEATUREID": "FS06000000010", "NAME": "Gowari Cemetery  (Tackled)", "TYPE": 2, "LOCATION": "MT Vishwas Rao Nagar Road,Near Public Toilet,Wadala,Mumbai,400037", "WARD": "F/N", "SUBTYPE": 2, "DEPTH": 1.5, "HEIGHT_TO_MSL": null, "AFFECT_AREA": "Wadala", "AFFECT_POPULATION": 2000, "AFFECTED_HUT": 400, "AFFECT_ROAD": null, "AFFECT_RAIL": "No", "NO_DE_WATER_PUMP": 1, "REMARKS": "Already Tackled (2024-25)"}}, {"type": "Feature", "geometry": {"type": "Polygon", "coordinates": [[[72.86279496927105, 19.02013900973627], [72.86277326316352, 19.020137710858847], [72.86275189773603, 19.020133833476187], [72.86273121121204, 19.02012744201996], [72.86271153094222, 19.020118634217106], [72.86269316666507, 19.02010754823803], [72.86267640764657, 19.020094363566713], [72.8626615172138, 19.02007928287205], [72.86264873351963, 19.020062546468992], [72.86263825453445, 19.020044417692635], [72.86263024751882, 19.02002518481419], [72.86262483876304, 19.020005146470126], [72.86262211343701, 19.019984623402756], [72.86262211301889, 19.019963936752116], [72.86262483903565, 19.019943412615575], [72.86263024744656, 19.01992337565995], [72.86263825539423, 19.019904141070253], [72.86264873363126, 19.01988601265558], [72.86266151798432, 19.019869277562048], [72.8626764075706, 19.019854197219672], [72.86269316568966, 19.01984101186892], [72.8627115295039, 19.019829926220545], [72.86273121087248, 19.01982111849788], [72.86275189653631, 19.019814725986755], [72.86277326325312, 19.019810849726912], [72.86279497025868, 19.019809549908544], [72.86281667822342, 19.019810848801256], [72.86283804171357, 19.019814726150695], [72.86285872820551, 19.019821117591764], [72.86287840842833, 19.019829927182787], [72.86289677271434, 19.019841011335682], [72.86291353360515, 19.019854197814794], [72.86292842216898, 19.01986927666151], [72.86294120683014, 19.019886013057796], [72.86295168489241, 19.019904141808517], [72.86295969194227, 19.0199233746763], [72.86296510073771, 19.01994341301439], [72.8629678261063, 19.019963936080828], [72.86296782656726, 19.01998462273565], [72.86296510059088, 19.02000514688124], [72.86295969031625, 19.020025183828206], [72.86295168619505, 19.0200444184786], [72.86294120607809, 19.02006254689047], [72.8629284217341, 19.02007928200433], [72.86291353309566, 19.02009436237794], [72.86289677401469, 19.020107547736586], [72.86287841017825, 19.02011863340128], [72.86285872877896, 19.020127441136726], [72.8628380430779, 19.02013383365622], [72.86281667821878, 19.02013770994152], [72.86279496927105, 19.02013900973627]]]}, "properties": {"FEATUREID": "FS06000000011", "NAME": "Bhimwadi  (Tackled)", "TYPE": 2, "LOCATION": "Bhimwadi Road,Near Public Toilet,Wadala East,Mumbai,400037", "WARD": "F/N", "SUBTYPE": 2, "DEPTH": 1, "HEIGHT_TO_MSL": null, "AFFECT_AREA": "Wadala East", "AFFECT_POPULATION": 2000, "AFFECTED_HUT": 400, "AFFECT_ROAD": null, "AFFECT_RAIL": "No", "NO_DE_WATER_PUMP": 1, "REMARKS": "Already Tackled (2024-25)"}}, {"type": "Feature", "geometry": {"type": "Polygon", "coordinates": [[[72.85583667670302, 19.01085113278939], [72.8558101333609, 19.010849544043868], [72.85578400650104, 19.01084480321255], [72.85575871204585, 19.010836986478747], [72.8557346472978, 19.010826214973267], [72.85571219086967, 19.010812660193093], [72.85569169711495, 19.010796534000892], [72.8556734913223, 19.010778093085445], [72.85565785848345, 19.0107576261856], [72.85564504513445, 19.010735458627984], [72.85563525385545, 19.010711936907494], [72.85562864034118, 19.010687434976234], [72.85562530698614, 19.01066233610367], [72.85562530660161, 19.01063703924271], [72.85562863981053, 19.010611940030767], [72.85563525590439, 19.0105874380259], [72.8556450454905, 19.010563917653], [72.8556578594708, 19.01054174932716], [72.85567349203163, 19.010521282933627], [72.85569169971525, 19.010502841726197], [72.85571219295527, 19.010486715906215], [72.8557346493929, 19.01047316097059], [72.85575871396965, 19.010462390486797], [72.85578400940656, 19.010454573504713], [72.85581013527779, 19.01044983273933], [72.85583667940465, 19.010448244702996], [72.8558632226841, 19.010449833438532], [72.85588934853739, 19.010454574241972], [72.85591464389417, 19.01046239096411], [72.85593870861811, 19.010473161539398], [72.8559611659629, 19.01048671720394], [72.85598165782467, 19.010502842440413], [72.85599986456586, 19.010521284240546], [72.85601549744234, 19.010541750210727], [72.85602831081964, 19.01056391864957], [72.85603810214982, 19.01058744035416], [72.85604471572337, 19.010611942276512], [72.85604804914205, 19.010637041147703], [72.85604804959057, 19.010662338014946], [72.85604471549249, 19.010687437229404], [72.85603810041263, 19.010711938362082], [72.85602830990756, 19.010735459652164], [72.8560154969055, 19.010757628017668], [72.85599986340866, 19.01077809443058], [72.85598165668354, 19.01079653477618], [72.85596116342504, 19.010812660624378], [72.85593870695418, 19.01082621558441], [72.85591464231996, 19.01083698699037], [72.8558893468274, 19.01084480398496], [72.85586322090579, 19.010849543852387], [72.85583667670302, 19.01085113278939]]]}, "properties": {"FEATUREID": "FS06000000014", "NAME": "Reynolds Colony", "TYPE": 1, "LOCATION": "Bombay Trust Road,Near Building No 3,Wadala,Mumbai,400037", "WARD": "F/S", "SUBTYPE": 3, "DEPTH": 1.5, "HEIGHT_TO_MSL": null, "AFFECT_AREA": "Wadala", "AFFECT_POPULATION": 900, "AFFECTED_HUT": 200, "AFFECT_ROAD": null, "AFFECT_RAIL": "No", "NO_DE_WATER_PUMP": 1, "REMARKS": "Already Tackled (2024-25)"}}, {"type": "Feature", "geometry": {"type": "Polygon", "coordinates": [[[72.859131490735, 19.03168910524088], [72.85910953834411, 19.031687792111935], [72.85908793182752, 19.031683873456416], [72.85906701234775, 19.03167740832901], [72.8590471100309, 19.031668501723164], [72.85902853840753, 19.031657293667347], [72.85901159061416, 19.031643959181057], [72.85899653366073, 19.031628710918017], [72.85898360478254, 19.031611787381507], [72.85897300854505, 19.031593456503696], [72.85896491031222, 19.03157400653735], [72.85895944100642, 19.03155374520762], [72.85895668392924, 19.031532990526628], [72.85895668328531, 19.031512072698813], [72.85895944058046, 19.031491318723628], [72.85896491075394, 19.03147105777028], [72.85897300710023, 19.031451607685867], [72.85898360409497, 19.03143327683474], [72.85899653278561, 19.03141635320577], [72.85901158933827, 19.03140110451163], [72.85902853799074, 19.03138777009356], [72.85904710915337, 19.03137656089945], [72.85906701087382, 19.031367654197233], [72.85908792983325, 19.03136118997331], [72.8591095360942, 19.0313572709877], [72.85913148791823, 19.031355957410256], [72.85915344121581, 19.031357270543392], [72.85917504674372, 19.03136118917639], [72.85919596619067, 19.03136765428828], [72.85921586848308, 19.031376560875607], [72.85923444009185, 19.031387768911053], [72.85925138788144, 19.031401103376414], [72.8592664448421, 19.03141635161926], [72.85927937372655, 19.031433276040755], [72.85928997000293, 19.031451606000424], [72.85929806827077, 19.03147105595589], [72.85930353761718, 19.03149131727951], [72.85930629473789, 19.031512071959543], [72.85930629543724, 19.03153298888852], [72.85930353817183, 19.031553743776094], [72.85929806803459, 19.03157400474308], [72.85928997172871, 19.03159345394149], [72.85927937569171, 19.031611785726355], [72.85926644607227, 19.03162870846199], [72.85925138950628, 19.03164395808], [72.85923444084116, 19.031657292517394], [72.85921586966738, 19.031668500825067], [72.85919596790394, 19.031677408443482], [72.85917504891799, 19.03168387177285], [72.85915344260306, 19.031687791665146], [72.859131490735, 19.03168910524088]]]}, "properties": {"FEATUREID": "FS06000000019", "NAME": "Gandhi Market  (Tackled)", "TYPE": 2, "LOCATION": "Eastern Express Highway,Opp Gandhi Market,Sion,Mumbai,400022", "WARD": "F/N", "SUBTYPE": 2, "DEPTH": 3, "HEIGHT_TO_MSL": null, "AFFECT_AREA": "Gandhi Market, Shanmukhanad Hall, Matunga East", "AFFECT_POPULATION": null, "AFFECTED_HUT": null, "AFFECT_ROAD": "Jaishankar Yagnik Road, King's Circle Stn. road, Dr. B. A. road.", "AFFECT_RAIL": "No", "NO_DE_WATER_PUMP": 1, "REMARKS": "Already Tackled (2024-25)"}}, {"type": "Feature", "geometry": {"type": "Polygon", "coordinates": [[[72.86459292957169, 19.027368688735763], [72.86457809914342, 19.02736780098184], [72.86456350205168, 19.027365153647885], [72.86454936952885, 19.02736078644143], [72.86453592387977, 19.027354768774735], [72.86452337757827, 19.027347196141175], [72.86451192760414, 19.02733818734003], [72.86450175449346, 19.02732788446547], [72.86449302046252, 19.027316451078264], [72.86448586093051, 19.027304066688192], [72.86448039117847, 19.027290925927712], [72.86447669591503, 19.027277237528093], [72.8644748322292, 19.02726321622404], [72.86447483337737, 19.02724908370083], [72.86447669556952, 19.027235062118624], [72.8644803912869, 19.02722137245991], [72.86448586075876, 19.02720823262439], [72.86449302063572, 19.027195847593394], [72.86450175537415, 19.027184414749826], [72.8645119268823, 19.0271741122473], [72.86452337731146, 19.027165103558666], [72.86453592440022, 19.027157530196124], [72.86454936904832, 19.027151513605308], [72.86456350302886, 19.027147146221807], [72.86457809941143, 19.027144497683363], [72.86459293066244, 19.027143610522693], [72.86460776107113, 19.02714449827351], [72.86462235813349, 19.027147146505353], [72.8646364906529, 19.027151512801588], [72.8646499362908, 19.027157530459846], [72.86466248258563, 19.027165103084116], [72.8646739325465, 19.027174112778834], [72.86468410567201, 19.027184414741065], [72.8646928397111, 19.02719584811998], [72.86469999925555, 19.027208232503202], [72.86470546902358, 19.027221373258698], [72.864709164294, 19.027235062558674], [72.86471102799968, 19.02724908386229], [72.86471102687152, 19.027263216387432], [72.86470916470977, 19.02727723707073], [72.86470546900892, 19.02729092673567], [72.86469999955024, 19.02730406657902], [72.86469283968225, 19.027316451618958], [72.86468410589767, 19.027327884482975], [72.86467393343911, 19.027338186983975], [72.8646624830042, 19.02734719568143], [72.86464993590505, 19.02735476905161], [72.86463649124265, 19.027360785648394], [72.86462235723317, 19.027365153938923], [72.86460776084279, 19.02736780157588], [72.86459292957169, 19.027368688735763]]]}, "properties": {"FEATUREID": "FS06000000021", "NAME": "Suleman Compound  (Tackled)", "TYPE": 2, "LOCATION": "Antop Hill Road,Near Masjid,Antop Hil,Mumbai,400037", "WARD": "F/N", "SUBTYPE": 2, "DEPTH": 1.5, "HEIGHT_TO_MSL": null, "AFFECT_AREA": "Antop Hil", "AFFECT_POPULATION": 1500, "AFFECTED_HUT": 400, "AFFECT_ROAD": null, "AFFECT_RAIL": "No", "NO_DE_WATER_PUMP": 1, "REMARKS": "Already Tackled (2024-25)"}}, {"type": "Feature", "geometry": {"type": "Polygon", "coordinates": [[[72.85649810006676, 19.024939287567896], [72.85647611918667, 19.024937972969077], [72.85645448805231, 19.024934048377915], [72.85643354302857, 19.024927575506887], [72.85641361519919, 19.024918657557492], [72.85639502092882, 19.02490743459439], [72.85637805140568, 19.024894084327272], [72.8563629765444, 19.024878814026724], [72.85635003157573, 19.024861869401246], [72.85633942109978, 19.024843514772403], [72.85633131519512, 19.024824040255734], [72.85632583720154, 19.02480375168309], [72.85632307887875, 19.024782973488275], [72.85632307599525, 19.024762026745375], [72.85632583658438, 19.024741247561995], [72.85633131281585, 19.02472095875171], [72.85633942170143, 19.02470148452638], [72.85635003016813, 19.024683129548098], [72.85636297586798, 19.024666185493448], [72.85637805217019, 19.024650916427156], [72.85639502042463, 19.024637565267284], [72.85641361581006, 19.024626342110768], [72.85643354163645, 19.024617424167218], [72.8564544883833, 19.024610952366938], [72.85647612046303, 19.024607026690923], [72.8564981008409, 19.02460571187624], [72.8565200807284, 19.024607026457193], [72.8565417118236, 19.024610951036795], [72.85656265681446, 19.02461742389227], [72.85658258460774, 19.024626342726226], [72.85660117886353, 19.024637565668915], [72.85661814838286, 19.02465091591506], [72.85663322326302, 19.024666185292276], [72.85664616824958, 19.024683129899536], [72.8566567787413, 19.024701485416486], [72.85666488564223, 19.024720959030116], [72.8566703627269, 19.024741247585627], [72.85667312203135, 19.024762026693676], [72.85667312400918, 19.024782973429865], [72.85667036346146, 19.02480375262249], [72.85666488727787, 19.024824040543333], [72.8566567784212, 19.02484351478584], [72.85664616997421, 19.02486186978377], [72.85663322428363, 19.02487881385928], [72.85661814797965, 19.02489408294634], [72.85660117971253, 19.024907434125566], [72.8565825843043, 19.02491865729883], [72.85656265844644, 19.024927575255454], [72.8565417116614, 19.02493404706432], [72.85652007953917, 19.0249379727439], [72.85649810006676, 19.024939287567896]]]}, "properties": {"FEATUREID": "FS06000000022", "NAME": "Dadar T T Khodadad Circle", "TYPE": 1, "LOCATION": "Tilak Road,Near Dadar TT,Dadar East,Mumbai,400019", "WARD": "F/N", "SUBTYPE": 3, "DEPTH": 1.5, "HEIGHT_TO_MSL": null, "AFFECT_AREA": "Dadar East", "AFFECT_POPULATION": null, "AFFECTED_HUT": null, "AFFECT_ROAD": null, "AFFECT_RAIL": "No", "NO_DE_WATER_PUMP": 1, "REMARKS": "Monsoon 24 (2024-25)"}}, {"type": "Feature", "geometry": {"type": "Polygon", "coordinates": [[[72.868613399756, 19.051677199289486], [72.8685921934595, 19.051675930906786], [72.86857132044992, 19.051672144447156], [72.86855111146475, 19.05166590063751], [72.86853188537134, 19.05165729710174], [72.86851394439479, 19.051646470112175], [72.86849757131495, 19.051633590943972], [72.86848302572501, 19.05161886131561], [72.86847053547221, 19.051602514193178], [72.86846029863813, 19.05158480749038], [72.8684524769366, 19.05156602037914], [72.86844719291062, 19.051546449644135], [72.86844452906354, 19.05152640334984], [72.86844452885488, 19.051506197238965], [72.86844719295925, 19.051486150172856], [72.86845247742453, 19.05146657959395], [72.86846029948582, 19.051447792560204], [72.86847053566608, 19.05143008572324], [72.8684830256559, 19.051413739050254], [72.86849757144456, 19.051399009491202], [72.86851394397986, 19.051386130152423], [72.86853188515985, 19.05137530309365], [72.86855111163197, 19.051366699371833], [72.8685713205375, 19.051360455494496], [72.86859219240704, 19.051356669840168], [72.86861339973113, 19.051355400950786], [72.86863460693728, 19.051356669338084], [72.8686554789606, 19.051360455776], [72.8686756879151, 19.051366699571194], [72.8686949149354, 19.051375303100635], [72.86871285589831, 19.051386130071183], [72.86872922802483, 19.05139900920888], [72.86874377362155, 19.051413738818393], [72.86875626389096, 19.05143008592386], [72.86876650075051, 19.051447792612638], [72.86877432248477, 19.05146657971366], [72.86877960654863, 19.051486150442937], [72.86878227043643, 19.05150619673633], [72.86878227068601, 19.05152640285119], [72.86877960662024, 19.051546449925933], [72.86877432313858, 19.051566020528526], [72.8687665001545, 19.051584807567295], [72.86875626400416, 19.05160251351941], [72.86874377401148, 19.051618861114953], [72.8687292282212, 19.05163359069338], [72.86871285567413, 19.051646470050187], [72.86869491447291, 19.051657297124578], [72.86867568797147, 19.051665900858605], [72.86865547904189, 19.051672143840836], [72.86863460712124, 19.051675930401654], [72.868613399756, 19.051677199289486]]]}, "properties": {"FEATUREID": "FS06000000023", "NAME": "Chunabhatti Bus Depot  (Tackled)", "TYPE": 2, "LOCATION": "Chunabhatti Bus Depot Road,Near Chunabhatti Railway Station,Chunabhatti,Mumbai,400022", "WARD": "F/N", "SUBTYPE": 2, "DEPTH": 1.5, "HEIGHT_TO_MSL": null, "AFFECT_AREA": "Chunabhatti", "AFFECT_POPULATION": null, "AFFECTED_HUT": null, "AFFECT_ROAD": null, "AFFECT_RAIL": "No", "NO_DE_WATER_PUMP": 1, "REMARKS": "Already Tackled (2024-25)"}}, {"type": "Feature", "geometry": {"type": "Polygon", "coordinates": [[[72.86178279914556, 19.043671011087024], [72.8617606704805, 19.043669688869457], [72.86173888895603, 19.043665736748284], [72.86171779947803, 19.04365922014161], [72.86169773698093, 19.043650241386143], [72.86167901402344, 19.04363894410963], [72.86166193041296, 19.04362550340649], [72.86164675034323, 19.043610130992448], [72.86163371667446, 19.043593072660165], [72.86162303498534, 19.043574592738928], [72.86161487149985, 19.043554987619537], [72.86160935622586, 19.043534563209057], [72.8616065781025, 19.04351364300393], [72.8616065775414, 19.043492557164353], [72.86160935695462, 19.043471636313388], [72.86161487124603, 19.043451212330144], [72.86162303460975, 19.043431606685953], [72.86163371581648, 19.043413127680136], [72.8616467505827, 19.04339606877677], [72.86166192841381, 19.04338069761303], [72.86167901445887, 19.043367255349274], [72.86169773715284, 19.043355957429068], [72.8617178007594, 19.043346978369136], [72.86173888808115, 19.043340462629896], [72.86176066916887, 19.04333651207065], [72.86178280033704, 19.04333518864811], [72.86180492990817, 19.043336510869725], [72.86182671139291, 19.043340462979213], [72.86184780083754, 19.0433469795701], [72.86186786330977, 19.043355958306734], [72.86188658625242, 19.043367255562536], [72.86190366985905, 19.04338069624441], [72.86191884993615, 19.043396068637946], [72.86193188362303, 19.043413126951762], [72.8619425653399, 19.043431606857744], [72.8619507279113, 19.04345121195504], [72.86195624417624, 19.0434716363703], [72.86195902234392, 19.043492556574463], [72.861959022938, 19.04351364332153], [72.86195624262868, 19.043534563267734], [72.86195072931224, 19.043554988178983], [72.86194256598942, 19.04357459293748], [72.86193188385303, 19.043593071952195], [72.86191885004592, 19.043610130887732], [72.86190367221305, 19.043625502072523], [72.86188658520543, 19.04363894434495], [72.86186786342648, 19.04365024319627], [72.86184779979956, 19.04365922136634], [72.86182671148936, 19.043665737103325], [72.86180493130821, 19.043669687677173], [72.86178279914556, 19.043671011087024]]]}, "properties": {"FEATUREID": "FS06000000024", "NAME": "Mukhyadhpak Bhavan", "TYPE": 1, "LOCATION": "Road No 26,Near SBI Bank,Sion,Mumbai,400022", "WARD": "F/N", "SUBTYPE": 3, "DEPTH": 1.5, "HEIGHT_TO_MSL": null, "AFFECT_AREA": "Sion", "AFFECT_POPULATION": null, "AFFECTED_HUT": null, "AFFECT_ROAD": null, "AFFECT_RAIL": "No", "NO_DE_WATER_PUMP": 1, "REMARKS": "Monsoon 24 (2024-25)"}}, {"type": "Feature", "geometry": {"type": "Polygon", "coordinates": [[[72.83778149987243, 19.005386318985288], [72.83775308852344, 19.005384618268295], [72.83772512626199, 19.00537954461577], [72.83769805268645, 19.005371177236647], [72.83767229437467, 19.00535964757671], [72.83764825823762, 19.005345139240813], [72.83762632404016, 19.00532787887285], [72.83760683769657, 19.005308140593506], [72.83759010382632, 19.00528623417077], [72.83757639048993, 19.005262505978564], [72.83756591126573, 19.005237329754397], [72.83755883099361, 19.00521110305359], [72.83755526304334, 19.005184238184608], [72.8375552636296, 19.005157161239325], [72.83755883106116, 19.00513029672888], [72.83756591045326, 19.00510407034851], [72.83757639011678, 19.00507889448335], [72.83759010444165, 19.005055165532283], [72.8376068377533, 19.005033259436903], [72.83762632445277, 19.005013520844102], [72.83764825854642, 19.004996260507806], [72.83767229464218, 19.004981751687648], [72.83769805279013, 19.00497022297966], [72.83772512611328, 19.004961855695694], [72.83775308938773, 19.00495678125412], [72.83778149999192, 19.004955081190907], [72.83780991126915, 19.0049567818964], [72.83783787441475, 19.004961855540643], [72.83786494793546, 19.004970222893746], [72.83789070621805, 19.00498175161952], [72.83791474136967, 19.00499626081332], [72.83793667651034, 19.005013521157355], [72.83795616286616, 19.00503325940295], [72.83797289581686, 19.00505516578422], [72.83798661014845, 19.00507889396248], [72.8379970894313, 19.005104070168475], [72.83800416977132, 19.00513029685913], [72.83800773684504, 19.005157161715513], [72.83800773728154, 19.005184238679163], [72.8380041689813, 19.00521110229096], [72.83799708963807, 19.005237329597303], [72.83798661002278, 19.00526250549122], [72.83797289573074, 19.00528623447512], [72.83795616338394, 19.00530814061645], [72.83793667668147, 19.00532787924392], [72.83791474257825, 19.005345138709405], [72.83789070644438, 19.00535964755749], [72.83786494823215, 19.005371177190383], [72.83783787389574, 19.00537954447752], [72.83780991151144, 19.005384618032952], [72.83778149987243, 19.005386318985288]]]}, "properties": {"FEATUREID": "FS07000000003", "NAME": "Vittal Chavan Marg Junction (Tackled)", "TYPE": 2, "LOCATION": "Vitthal Chavan Road,Opp 72 Mahapalika Vasahat,Parel East,Mumbai,400012", "WARD": "F/S", "SUBTYPE": 2, "DEPTH": 1.5, "HEIGHT_TO_MSL": null, "AFFECT_AREA": "Parel East", "AFFECT_POPULATION": 1200, "AFFECTED_HUT": 400, "AFFECT_ROAD": null, "AFFECT_RAIL": "No", "NO_DE_WATER_PUMP": 1, "REMARKS": "Already Tackled (2024-25)"}}, {"type": "Feature", "geometry": {"type": "Polygon", "coordinates": [[[72.83616525939078, 19.009743703621076], [72.83579193162407, 19.009571964960916], [72.83544418061312, 19.009357058620775], [72.83512748163628, 19.00910239363939], [72.83484684039422, 19.00881199320358], [72.83460668772926, 19.00849041120519], [72.83441078914875, 19.00814275284628], [72.83426225692799, 19.007774474246197], [72.83416342083504, 19.007391393562937], [72.83411584152438, 19.00699953849262], [72.83412026162355, 19.006605112271952], [72.83417662404307, 19.0062143285964], [72.83428404168984, 19.00583333268476], [72.83444081883871, 19.005468166308784], [72.8346444482891, 19.005124549180795], [72.83489177699066, 19.004807923358108], [72.83517886016028, 19.0045232799284], [72.83550118893476, 19.004275105687782], [72.83585367033385, 19.004067316981935], [72.83623075830948, 19.003903185379535], [72.83662650269035, 19.00378529670626], [72.83703464174927, 19.00371551420024], [72.83744877910472, 19.003694955296286], [72.8378623448312, 19.003723912589905], [72.83826883909515, 19.003801956947793], [72.83866184303415, 19.003927828336288], [72.83903515944658, 19.00409956933464], [72.83938290952992, 19.004314459414683], [72.83969960752698, 19.004569116062825], [72.83998025170229, 19.004859508475647], [72.84022041683261, 19.005181075147387], [72.84041631953917, 19.005528739072094], [72.84056487670543, 19.005897017708456], [72.84066372543928, 19.006280096367206], [72.84071130989327, 19.006671945738482], [72.84070690434089, 19.00706637544958], [72.84065055741748, 19.007457162579065], [72.84054314110699, 19.00783815791306], [72.84038639266826, 19.008203350572394], [72.84018275210313, 19.008546954642338], [72.83993543484023, 19.008863591587836], [72.83964835257343, 19.009148244178665], [72.83932601804801, 19.009396423396577], [72.83897352827559, 19.009604217931884], [72.83859643927828, 19.00976835957335], [72.83820068404317, 19.009886251164136], [72.837792521478, 19.00995602020918], [72.83737837494, 19.009976592866092], [72.83696479406105, 19.00994763298284], [72.83655828119805, 19.009869595164915], [72.83616525939078, 19.009743703621076]]]}, "properties": {"FEATUREID": "FS07000000007", "NAME": "Parel Station East J B Road, Elphinstone East/W ", "TYPE": 1, "LOCATION": "Jagannath Batankar Road,Opp Parel Station East,Parel East,Mumbai,400012", "WARD": "F/S", "SUBTYPE": 4, "DEPTH": 2, "HEIGHT_TO_MSL": null, "AFFECT_AREA": "Parel East", "AFFECT_POPULATION": null, "AFFECTED_HUT": null, "AFFECT_ROAD": null, "AFFECT_RAIL": "No", "NO_DE_WATER_PUMP": 1, "REMARKS": "Planning Stage (2025)"}}, {"type": "Feature", "geometry": {"type": "Polygon", "coordinates": [[[72.85452500010686, 19.007945861905228], [72.8544917598554, 19.00794387282059], [72.8544590441034, 19.007937937128656], [72.85442736826602, 19.007928147525536], [72.85439723271627, 19.007914658858343], [72.8543691114371, 19.007897684380428], [72.85434344923088, 19.007877491202454], [72.85432065036004, 19.007854397450835], [72.85430107384603, 19.007828768599893], [72.85428502789978, 19.007801007471304], [72.85427276708485, 19.007771553297736], [72.85426448488388, 19.00774086899087], [72.85426031087336, 19.00770943930195], [72.85426030991339, 19.007677759973276], [72.85426448508903, 19.007646330546102], [72.85427276831989, 19.007615646122304], [72.85428502897508, 19.0075861920449], [72.85430107403585, 19.007558431254157], [72.85432065002921, 19.0075328016004], [72.8543434497673, 19.00750970869618], [72.85436911153694, 19.007489515067725], [72.85439723334198, 19.00747254032038], [72.8544273692212, 19.007459052063304], [72.8544590444748, 19.00744926337643], [72.85449175953175, 19.00744332743591], [72.85452500039409, 19.007441337635203], [72.85455824054728, 19.007443326704188], [72.85459095524872, 19.00744926326178], [72.85462263102258, 19.00745905192622], [72.85465276651637, 19.007472540550964], [72.85468088776219, 19.007489514982243], [72.85470654995979, 19.007509708112256], [72.85472934979676, 19.007532801828688], [72.85474892635162, 19.00755843063804], [72.8547649714109, 19.007586191721273], [72.85477723230609, 19.007615645869905], [72.85478551458841, 19.00764633106594], [72.85478968964823, 19.007677760763755], [72.85478968977064, 19.007709439188137], [72.85478551468958, 19.007740868636542], [72.8547772315417, 19.007771553091583], [72.85476497094096, 19.007801008111443], [72.8547489268863, 19.00782876805496], [72.85472934996459, 19.00785439774537], [72.85470655022246, 19.007877490697048], [72.85468088842383, 19.00789768436975], [72.85465276656669, 19.007914659155354], [72.854622631565, 19.00792814745332], [72.85459095621253, 19.007937937062927], [72.85455824010897, 19.00794387300054], [72.85452500010686, 19.007945861905228]]]}, "properties": {"FEATUREID": "FS07000000009", "NAME": "Seweri Gate no 6 (Tackled)", "TYPE": 2, "LOCATION": "Cross Road No 6,Near Expert Classes,Sewri,Mumbai,400031", "WARD": "F/S", "SUBTYPE": 2, "DEPTH": 2, "HEIGHT_TO_MSL": null, "AFFECT_AREA": "Sewri ", "AFFECT_POPULATION": 1800, "AFFECTED_HUT": 400, "AFFECT_ROAD": null, "AFFECT_RAIL": "No", "NO_DE_WATER_PUMP": 1, "REMARKS": "Already Tackled (2024-25)"}}, {"type": "Feature", "geometry": {"type": "Polygon", "coordinates": [[[72.84262522186322, 19.009651744384794], [72.84260566771032, 19.009650574964844], [72.84258642176226, 19.009647083246676], [72.84256778719487, 19.009641324254805], [72.84255005817221, 19.00963338903904], [72.84253351511089, 19.009623403715935], [72.8425184180917, 19.009611524875595], [72.8425050049606, 19.009597939559455], [72.84249348947633, 19.00958286162561], [72.84248404896698, 19.00956653160465], [72.84247683684823, 19.009549203296952], [72.84247196446648, 19.00953115259326], [72.84246950793168, 19.009512663102292], [72.8424695090554, 19.00949402706491], [72.84247196310052, 19.00947553798514], [72.84247683688008, 19.009457486324962], [72.84248404881784, 19.009440159271808], [72.84249348810141, 19.009423828316322], [72.84250500516407, 19.0094087509479], [72.8425184174516, 19.00939516530246], [72.84253351421644, 19.009383286605345], [72.84255005754878, 19.009373300860634], [72.84256778616276, 19.009365365798594], [72.84258642020221, 19.009359606415494], [72.84260566505036, 19.009356114114794], [72.84262522084782, 19.00935494501185], [72.84264477401723, 19.00935611441528], [72.8426640208838, 19.009359606135362], [72.84268265447572, 19.009365365103843], [72.84270038349067, 19.009373299401783], [72.84271692652881, 19.009383285611854], [72.84273202354504, 19.00939516443558], [72.84274543668192, 19.009408749735723], [72.84275695218035, 19.0094238276552], [72.8427663926997, 19.009440158567408], [72.84277360579573, 19.00945748687757], [72.84277847727184, 19.009475536662226], [72.84278093384115, 19.009494026152474], [72.84278093275218, 19.009512662193288], [72.8427784787398, 19.00953115128044], [72.84277360403944, 19.00954920294035], [72.84276639307404, 19.009566530018205], [72.84275695380603, 19.00958286098924], [72.84274543770019, 19.00959793838525], [72.84273202541122, 19.00961152404712], [72.84271692769846, 19.009623401845353], [72.84270038433644, 19.00963338850641], [72.84268265569754, 19.00964132357877], [72.84266402257737, 19.009647082979743], [72.84264477674611, 19.009650575272133], [72.84262522186322, 19.009651744384794]]]}, "properties": {"FEATUREID": "FS07000000011", "NAME": "Hindmata To Madkebuva Chowk", "TYPE": 1, "LOCATION": "Dr Babasaheb Ambedkar Road,Opp Parsha Store,Dadar East,Mumbai,400014", "WARD": "F/S", "SUBTYPE": 3, "DEPTH": 2, "HEIGHT_TO_MSL": null, "AFFECT_AREA": "Dadar East", "AFFECT_POPULATION": null, "AFFECTED_HUT": null, "AFFECT_ROAD": "Dr Babasaheb Ambedkar Road", "AFFECT_RAIL": "No", "NO_DE_WATER_PUMP": 1, "REMARKS": "Already Tackled (2024-25)"}}, {"type": "Feature", "geometry": {"type": "Polygon", "coordinates": [[[72.84141649979733, 19.001147546872815], [72.84138734896227, 19.001145802011692], [72.84135865585924, 19.001140595778732], [72.84133087618406, 19.001132010271107], [72.84130444595584, 19.00112018064884], [72.8412797834507, 19.001105292447562], [72.84125727780831, 19.00108758144542], [72.84123728245558, 19.00106732816673], [72.8412201123632, 19.001044849720458], [72.84120604117409, 19.0010205015733], [72.84119528897702, 19.000994668374073], [72.84118802429897, 19.00096775675107], [72.84118436320226, 19.00094019168829], [72.84118436370466, 19.000912407427766], [72.84118802395045, 19.000884842028594], [72.84119528895, 19.000857930219553], [72.841206041167, 19.00083209696649], [72.84122011296611, 19.000807749488274], [72.84123728194761, 19.000785270879607], [72.84125727762844, 19.000765017479303], [72.84127978444202, 19.000747307162943], [72.84130444648552, 19.00073241939848], [72.84133087614643, 19.000720589024066], [72.84135865603626, 19.000712003560988], [72.84138734856653, 19.00070679700267], [72.84141649972307, 19.000705051665207], [72.84144565142036, 19.000706797428442], [72.84147434445461, 19.000712003641024], [72.84150212407208, 19.000720589121265], [72.84152855330785, 19.000732418699773], [72.84155321578739, 19.000747306865176], [72.84157572237265, 19.000765017841513], [72.84159571773824, 19.00078527108469], [72.84161288691264, 19.000807749487894], [72.84162695909933, 19.00083209761978], [72.84163771136977, 19.00085792989673], [72.84164497611933, 19.000884841509045], [72.84164863633167, 19.000912407462273], [72.84164863685588, 19.00094019174151], [72.84164497573337, 19.000967757145983], [72.841637711747, 19.000994668990174], [72.84162695959245, 19.001020501370363], [72.84161288781624, 19.00104484978625], [72.84159571791315, 19.001067327517394], [72.84157572316695, 19.001087581868415], [72.84155321633104, 19.00110529221879], [72.84152855424742, 19.001120180012652], [72.84150212453115, 19.001132010409986], [72.84147434362472, 19.001140595877008], [72.84144565196922, 19.00114580245262], [72.84141649979733, 19.001147546872815]]]}, "properties": {"FEATUREID": "FS07000000013", "NAME": "KEM Hospital (Tackled)", "TYPE": 2, "LOCATION": "Aacharya Donde Road,Near Addmission Office,Parel East,Mumbai,400014", "WARD": "F/S", "SUBTYPE": 2, "DEPTH": 2, "HEIGHT_TO_MSL": null, "AFFECT_AREA": "Parel East", "AFFECT_POPULATION": null, "AFFECTED_HUT": null, "AFFECT_ROAD": null, "AFFECT_RAIL": "No", "NO_DE_WATER_PUMP": 1, "REMARKS": "Already Tackled (2024-25)"}}, {"type": "Feature", "geometry": {"type": "Polygon", "coordinates": [[[72.85672080004908, 19.19111019362162], [72.85645097901094, 19.19116850311947], [72.85617558777389, 19.19119422011942], [72.85589898103389, 19.191186947517682], [72.8556255070521, 19.191146784949225], [72.85535949843202, 19.19107437926053], [72.85510513312676, 19.190970865073368], [72.85486642763448, 19.190837875539952], [72.85464715086579, 19.19067751242649], [72.8544507590662, 19.190492305602955], [72.854280345082, 19.190285166377762], [72.85413860443475, 19.19005936451343], [72.85402776288355, 19.189818469565388], [72.85394957265146, 19.189566275863367], [72.8539052721475, 19.189306756873755], [72.85389555053729, 19.18904401239422], [72.85392056603594, 19.18878217844196], [72.85397992446872, 19.188525395389597], [72.85407268735383, 19.188277698768932], [72.85419739112322, 19.188043004143967], [72.85435207314471, 19.187825007159482], [72.85453429116069, 19.187627151256994], [72.85474117464082, 19.187452553311804], [72.8549694556205, 19.187303971483004], [72.85521553133613, 19.187183740014813], [72.85547553084918, 19.18709376279502], [72.8557453509907, 19.18703545326191], [72.85602072951713, 19.187009737069314], [72.8562973311827, 19.187017011545105], [72.85657079686109, 19.18705716884679], [72.85683680564367, 19.187129571394998], [72.85709116372031, 19.187233088136217], [72.85732986361697, 19.187366070843208], [72.85754913928635, 19.187526430626598], [72.85774553263921, 19.18771163870647], [72.8579159442978, 19.18791877125858], [72.85805769563036, 19.188144564327914], [72.85816853957755, 19.188385459112183], [72.8582467351318, 19.188637650699345], [72.85829104344404, 19.188897169311012], [72.85830077393202, 19.18915991787199], [72.85827576423085, 19.189421753067833], [72.85821641184634, 19.189678538103884], [72.85812364825027, 19.189926235439803], [72.85799894896174, 19.190160936718122], [72.85784426800866, 19.190378932457172], [72.85766205020174, 19.190576792589248], [72.85745517180742, 19.19075139648423], [72.85722689051255, 19.190899979340237], [72.85698080252234, 19.19102021478742], [72.85672080004908, 19.19111019362162]]]}, "properties": {"FEATUREID": "FS12000000005", "NAME": "Pushpa Park No 3", "TYPE": 1, "LOCATION": "Pushpa Park Road No 4,Near St Joseph's School,Malad East,Mumbai,400067", "WARD": "P/N", "SUBTYPE": 99, "DEPTH": 1.5, "HEIGHT_TO_MSL": null, "AFFECT_AREA": "Malad East", "AFFECT_POPULATION": 550, "AFFECTED_HUT": 150, "AFFECT_ROAD": null, "AFFECT_RAIL": "No", "NO_DE_WATER_PUMP": 1, "REMARKS": "Other Agency (2025)"}}, {"type": "Feature", "geometry": {"type": "Polygon", "coordinates": [[[72.81386812285842, 18.910385974496535], [72.81384145125527, 18.91038437511575], [72.81381519852995, 18.91037961024123], [72.813789781374, 18.910371748910883], [72.81376560048601, 18.910360922299066], [72.81374303432816, 18.9103472929323], [72.81372244261667, 18.910331078215002], [72.81370414751952, 18.91031253665922], [72.81368844041617, 18.910291958931563], [72.81367556478193, 18.910269670361426], [72.81366572675527, 18.910246021129616], [72.81365907901797, 18.910221385175124], [72.81365573042527, 18.91019614946951], [72.81365572986276, 18.910170714730068], [72.81365907974255, 18.910145479320132], [72.81366572645558, 18.910120843652933], [72.81367556437871, 18.910097193980295], [72.81368844248205, 18.91007490518011], [72.81370414741285, 18.91005432791177], [72.81372244336178, 18.910035788182306], [72.81374303430601, 18.91001957154659], [72.81376559887238, 18.910005942486222], [72.81378978124746, 18.9099951135919], [72.81381519963558, 18.909987251985847], [72.81384145088586, 18.909982488408875], [72.81386812319197, 18.909980889369074], [72.81389479661829, 18.909982489665133], [72.81392104834914, 18.90998725360825], [72.813946466406, 18.90999511492684], [72.81397064628585, 18.910005943306423], [72.81399321148531, 18.910019571728913], [72.81401380415208, 18.910035785523487], [72.81403209829942, 18.910054327941612], [72.81404780544086, 18.91007490473955], [72.81406068206421, 18.910097193298903], [72.8140705220285, 18.910120843440303], [72.81407716699042, 18.910145478449362], [72.81408051567057, 18.91017071234753], [72.8140805162739, 18.910196148899697], [72.81407716835254, 18.91022138434574], [72.81407052074366, 18.91024602002192], [72.81406068286272, 18.910269669719874], [72.81404780953267, 18.9102919586048], [72.81403209891003, 18.91031253673985], [72.8140138048679, 18.910331075618963], [72.81399321487734, 18.910347290487955], [72.8139706474072, 18.9103609213455], [72.81394646498589, 18.910371750258868], [72.81392104654175, 18.91037961187737], [72.81389479519396, 18.910384378168747], [72.81386812285842, 18.910385974496535]]]}, "properties": {"FEATUREID": "FS01000000002", "NAME": "Ganesh Murthi Nagar (Tackled)", "TYPE": 2, "LOCATION": "Gully No 21/1,Near Public Toilet,Colaba,Mumbai,400005", "WARD": "A", "SUBTYPE": 2, "DEPTH": 1.5, "HEIGHT_TO_MSL": null, "AFFECT_AREA": "Colaba", "AFFECT_POPULATION": 3000, "AFFECTED_HUT": 500, "AFFECT_ROAD": null, "AFFECT_RAIL": "No", "NO_DE_WATER_PUMP": 1, "REMARKS": null}}, {"type": "Feature", "geometry": {"type": "Polygon", "coordinates": [[[72.81509086061668, 18.909605869324885], [72.81505719804065, 18.909603854560697], [72.8150240686134, 18.909597839226137], [72.81499199212926, 18.909587918860932], [72.81496147522502, 18.90957425207814], [72.81493299727502, 18.90955705046223], [72.81490701117582, 18.90953659122387], [72.81488392184953, 18.90951319165569], [72.81486409746661, 18.90948722190985], [72.81484784968288, 18.909459092119807], [72.8148354336866, 18.909429248787752], [72.81482704558655, 18.909398156688706], [72.81482281942456, 18.909366309674375], [72.81482281986605, 18.909334208909033], [72.81482704694476, 18.909302362925267], [72.8148354343646, 18.909271272248766], [72.81484785047222, 18.909241427603217], [72.81486409842142, 18.909213297266792], [72.8148839237646, 18.90918732716151], [72.81490701082139, 18.90916392816509], [72.81493299796702, 18.909143468161588], [72.81496147578129, 18.909126268406762], [72.81499199277722, 18.909112600885717], [72.81502407067745, 18.90910268126683], [72.81505719970468, 18.909096666136495], [72.8150908594928, 18.909094650535593], [72.8151245219686, 18.909096665283545], [72.81515765035572, 18.90910268057971], [72.8151897277123, 18.909112600919574], [72.81522024454789, 18.90912626856198], [72.81524872247581, 18.90914346922703], [72.81527470856648, 18.9091639284164], [72.81529779791, 18.9091873279374], [72.81531762233489, 18.90921329764086], [72.81533387018266, 18.909241427395976], [72.81534628626098, 18.909271270702753], [72.81535467350709, 18.90930236277659], [72.81535890071987, 18.909334209800164], [72.81535890038079, 18.909366310575816], [72.81535467339856, 18.909398156581492], [72.8153462860515, 18.90942924819323], [72.81533387002284, 18.909459091975986], [72.81531762211935, 18.90948722235839], [72.81529779680926, 18.909513191609314], [72.81527470973634, 18.909536591557316], [72.81524872256088, 18.909557051605947], [72.81522024469321, 18.909574251399736], [72.81518972762365, 18.90958791895113], [72.8151576505831, 18.909597838600995], [72.81512452050775, 18.90960385372821], [72.81509086061668, 18.909605869324885]]]}, "properties": {"FEATUREID": "FS01000000006", "NAME": "Ganesh Murthi Nagar (Tackled) ", "TYPE": 2, "LOCATION": "Gully No 2/1,Near Sai Baba Temple,Colaba,Mumbai,400005", "WARD": "A", "SUBTYPE": 2, "DEPTH": 1.5, "HEIGHT_TO_MSL": null, "AFFECT_AREA": "Colaba", "AFFECT_POPULATION": 800, "AFFECTED_HUT": 200, "AFFECT_ROAD": null, "AFFECT_RAIL": "No", "NO_DE_WATER_PUMP": 1, "REMARKS": null}}, {"type": "Feature", "geometry": {"type": "Polygon", "coordinates": [[[72.83911281925968, 18.958165691336916], [72.83909422356652, 18.95816457840945], [72.83907592310831, 18.958161255931238], [72.83905820387022, 18.958155779627305], [72.83904134581636, 18.95814823044387], [72.83902561412563, 18.958138731608095], [72.83901125940133, 18.958127432371825], [72.83899850151126, 18.958114509629556], [72.83898755332947, 18.95810016729202], [72.83897857711955, 18.95808463216451], [72.83897171779158, 18.95806815162485], [72.83896708406941, 18.958050981661287], [72.83896474840924, 18.958033393194512], [72.83896474896791, 18.958015666680875], [72.83896708408236, 18.957998078499145], [72.83897171784837, 18.957980910048157], [72.83897857752915, 18.957964427844903], [72.83898755438818, 18.957948892566808], [72.83899850380566, 18.95793455002052], [72.83901125860214, 18.95792162858758], [72.83902561491705, 18.957910330027076], [72.83904134455982, 18.957900828716493], [72.83905820532314, 18.95789328170793], [72.83907592325063, 18.95788780503639], [72.83909422385572, 18.957884482213437], [72.83911281972387, 18.95788336859877], [72.83913141538635, 18.95788448152131], [72.83914971581665, 18.957887803991234], [72.83916743598051, 18.957893280295114], [72.83918429306773, 18.957900829454204], [72.83920002474807, 18.957910328275396], [72.83921438136812, 18.95792162751883], [72.83922713736501, 18.95793455022453], [72.83923808555959, 18.957948892549094], [72.83924706178905, 18.957964427665893], [72.8392539211421, 18.957980908197793], [72.83925855488167, 18.957998079060147], [72.83926089058463, 18.95801566662316], [72.83926089005728, 18.958033393139917], [72.83925855497236, 18.958050981328302], [72.83925392123223, 18.958068149789074], [72.83924706252125, 18.958084632015694], [72.83923808472703, 18.95810016729676], [72.83922713531614, 18.95811450985794], [72.83921438051836, 18.9581274313057], [72.83920002419435, 18.95813872988002], [72.8391842945353, 18.958148231202532], [72.8391674365971, 18.95815577825362], [72.83914971579473, 18.958161254898037], [72.8391314151593, 18.958164577723498], [72.83911281925968, 18.958165691336916]]]}, "properties": {"FEATUREID": "FS02000000006", "NAME": "S V P Low Level 2 (Tackled)", "TYPE": 2, "LOCATION": "Nandalal Jani Road,Near Railway Track,Masjid Bandar,Mumbai,400009", "WARD": "B", "SUBTYPE": 2, "DEPTH": 1.5, "HEIGHT_TO_MSL": null, "AFFECT_AREA": "Masjid Bandar", "AFFECT_POPULATION": null, "AFFECTED_HUT": null, "AFFECT_ROAD": null, "AFFECT_RAIL": "N", "NO_DE_WATER_PUMP": 1, "REMARKS": "Already Tackled (2024-25)"}}, {"type": "Feature", "geometry": {"type": "Polygon", "coordinates": [[[72.82547999972553, 18.958362105409236], [72.82545813251247, 18.95836079555117], [72.82543661035992, 18.95835688836416], [72.82541577231979, 18.958350446539683], [72.82539594651095, 18.958341570577776], [72.82537744724802, 18.958330400559756], [72.82536056559623, 18.958317112424382], [72.82534556560982, 18.958301915213877], [72.82533268720299, 18.958285049301058], [72.82532213197048, 18.95826678170655], [72.82531406614066, 18.958247398004197], [72.8253086167202, 18.95822720679202], [72.82530587075581, 18.958206523424902], [72.825305869557, 18.958185676269572], [72.82530861646552, 18.958164993247003], [72.82531406641425, 18.958144801709768], [72.82532213268873, 18.958125419489004], [72.82533268697408, 18.958107151281812], [72.82534556509704, 18.95809028510578], [72.82536056423703, 18.95807508774992], [72.82537744679313, 18.958061799400685], [72.8253959461261, 18.958050630096203], [72.82541577234727, 18.95804175256837], [72.82543661029122, 18.958035312154838], [72.82545813213629, 18.95803140526902], [72.82548000005305, 18.958030094786576], [72.82550186722371, 18.958031404637804], [72.82552339028686, 18.95803531182447], [72.8255442273454, 18.958041753622396], [72.82556405313012, 18.958050629565946], [72.82558255237873, 18.958061799563787], [72.82559943402687, 18.958075087678427], [72.82561443400883, 18.958090285772094], [72.82562731244509, 18.958107150763883], [72.82563786770467, 18.958125418343595], [72.82564593356919, 18.958144802035214], [72.82565138302978, 18.95816499324142], [72.82565412903726, 18.958185676607698], [72.8256541302794, 18.958206523767352], [72.82565138341171, 18.95822720679917], [72.82564593444796, 18.958247398361088], [72.82563786820195, 18.958266780598894], [72.82562731297507, 18.958285049717492], [72.82561443487288, 18.95830191501102], [72.82559943573106, 18.958317112387356], [72.82558255316239, 18.958330400755703], [72.82556405380684, 18.958341570076666], [72.82554422755454, 18.95835044761735], [72.82552338957288, 18.958356888039294], [72.82550186768586, 18.958360794928545], [72.82547999972553, 18.958362105409236]]]}, "properties": {"FEATUREID": "FS04000000002", "NAME": "Alankar Cinema (Tackled) ", "TYPE": 2, "LOCATION": "Khatwadi Road No 2,Near Alankar Cinema,Girgoan,Mumbai,400004", "WARD": "D", "SUBTYPE": 2, "DEPTH": 2, "HEIGHT_TO_MSL": null, "AFFECT_AREA": "Girgoan ", "AFFECT_POPULATION": null, "AFFECTED_HUT": null, "AFFECT_ROAD": null, "AFFECT_RAIL": "No", "NO_DE_WATER_PUMP": 2, "REMARKS": "Already Tackled (2024-25)"}}, {"type": "Feature", "geometry": {"type": "Polygon", "coordinates": [[[72.79902839968392, 18.956216944587556], [72.79900229978938, 18.95621538174638], [72.7989766108012, 18.956210719335747], [72.79895173712623, 18.956203029903303], [72.79892807398859, 18.956192434662974], [72.79890599321587, 18.956179101519478], [72.79888584234908, 18.956163240541613], [72.79886793992053, 18.95614510209953], [72.79885256889267, 18.956124970464064], [72.79883996999004, 18.95610316553401], [72.79883034092816, 18.956080029278123], [72.79882383827622, 18.956055928467105], [72.79882056055, 18.95603124092392], [72.79882056051554, 18.95600635837981], [72.79882383779751, 18.95598167103122], [72.79883034169116, 18.955957570283058], [72.79883996945372, 18.955934434276433], [72.79885256819102, 18.95591262881441], [72.79886793972189, 18.955892498387385], [72.79888584352054, 18.95587435898214], [72.79890599388084, 18.955858497144987], [72.79892807421318, 18.955845165635395], [72.79895173912043, 18.955834569902155], [72.7989766094862, 18.955826880670376], [72.79900229925279, 18.95582221890453], [72.79902840023448, 18.9558206556281], [72.79905450006862, 18.955822218459478], [72.79908018995098, 18.95582688086494], [72.79910506263072, 18.955834570264084], [72.79912872573406, 18.95584516547819], [72.79915080744748, 18.95585849770108], [72.7991709582973, 18.955874359552535], [72.79918886073625, 18.955892497966182], [72.79920423178945, 18.955912629576122], [72.79921683073067, 18.955934434485147], [72.7992264579437, 18.955957570703273], [72.79923296255122, 18.9559816715284], [72.79923624033886, 18.956006359070447], [72.79923624044687, 18.956031240717703], [72.7992329632112, 18.956055928982618], [72.79922645936847, 18.956080029750158], [72.79921683165826, 18.956103164877998], [72.79920423197564, 18.95612497216267], [72.79918886046943, 18.956145101715975], [72.79917095761728, 18.956163241161704], [72.79915080725081, 18.956179102122945], [72.79912872687441, 18.9561924345591], [72.79910506192277, 18.956203030310604], [72.7990801905659, 18.956210718639927], [72.79905450167684, 18.956215381324977], [72.79902839968392, 18.956216944587556]]]}, "properties": {"FEATUREID": "FS04000000003", "NAME": "Petit Hall (Tackled)", "TYPE": 2, "LOCATION": "Nepean Sea Road,Near Punam Society,Malabar Hill,Mumbai,400006", "WARD": "D", "SUBTYPE": 2, "DEPTH": 1, "HEIGHT_TO_MSL": null, "AFFECT_AREA": "Malabar Hill", "AFFECT_POPULATION": 2000, "AFFECTED_HUT": 400, "AFFECT_ROAD": null, "AFFECT_RAIL": "No", "NO_DE_WATER_PUMP": 1, "REMARKS": "Already Tackled (2024-25)"}}, {"type": "Feature", "geometry": {"type": "Polygon", "coordinates": [[[72.81293996731354, 18.96641564672906], [72.81254318390579, 18.966444939011634], [72.812145645398, 18.966426679012805], [72.81175367302696, 18.966361162742814], [72.81137343544637, 18.966249390800073], [72.8110108871684, 18.96609320041435], [72.81067181213658, 18.96589498052671], [72.81036145779116, 18.96565792126633], [72.81008486115263, 18.965385688107457], [72.80984625960104, 18.965082613605578], [72.80964948740386, 18.964753503358544], [72.80949759990997, 18.964403552969287], [72.80939303664466, 18.96403821899407], [72.80933740137579, 18.963663268722705], [72.80933160597213, 18.963284670776282], [72.80937573002416, 18.962908369440267], [72.80946909107698, 18.962540288206856], [72.80961020117535, 18.96218624255437], [72.80979682073276, 18.96185181504065], [72.81002602818972, 18.96154225677941], [72.81029420100703, 18.961262489936935], [72.8105970948814, 18.961016930741224], [72.81092998717482, 18.96080941080091], [72.8112875860968, 18.960643224819062], [72.81166424244564, 18.960520981360627], [72.81205401591606, 18.960444612676554], [72.81245076405918, 18.960415321565446], [72.81284828846934, 18.96043358039303], [72.81324024790247, 18.960499093936086], [72.81362047454058, 18.96061086001824], [72.81398301170972, 18.96076704168683], [72.81432208445136, 18.960965256800023], [72.81463243718208, 18.961202309219324], [72.8149090358359, 18.9614745339376], [72.81514764285667, 18.96177760242535], [72.81534442363383, 18.96210670946455], [72.81549632041371, 18.962456657034046], [72.81560090126612, 18.962822007877918], [72.81565654811521, 18.963196936872965], [72.8156623813489, 18.96357555440241], [72.81561824552779, 18.96395183934562], [72.81552490000145, 18.96431994843314], [72.81538379798876, 18.96467397789815], [72.81519718520185, 18.96500841085296], [72.81496800204273, 18.965317974335186], [72.81469980806978, 18.965597754044218], [72.81439690859662, 18.9658433150764], [72.81406401110893, 18.96605084059739], [72.81370640029688, 18.96621703185187], [72.81332975706702, 18.966339299334095], [72.81293996731354, 18.96641564672906]]]}, "properties": {"FEATUREID": "FS04000000004", "NAME": "Nana Chowk", "TYPE": 1, "LOCATION": "Nana Chowk Road,Near Municipal Building,Sandhurst Road,Mumbai,400007", "WARD": "D", "SUBTYPE": 3, "DEPTH": 1.5, "HEIGHT_TO_MSL": null, "AFFECT_AREA": "Sandhurst Road ", "AFFECT_POPULATION": 1200, "AFFECTED_HUT": 200, "AFFECT_ROAD": null, "AFFECT_RAIL": "No", "NO_DE_WATER_PUMP": 2, "REMARKS": "Planning Stage (2025)"}}, {"type": "Feature", "geometry": {"type": "Polygon", "coordinates": [[[72.81823260135775, 18.963913623994063], [72.81821053245855, 18.963912301812076], [72.81818881283063, 18.963908360698454], [72.81816778252899, 18.963901859757478], [72.81814777439983, 18.96389290136479], [72.81812910556091, 18.96388162926038], [72.81811206802685, 18.9638682194057], [72.81809693057228, 18.963852882715305], [72.81808393400921, 18.963835863194667], [72.81807328182413, 18.96381742789408], [72.81806514206471, 18.96379786783406], [72.81805964363699, 18.9637774907358], [72.81805687159459, 18.963756618255733], [72.81805687099448, 18.963735581514857], [72.81805964230365, 18.96371470930223], [72.81806514228974, 18.963694332601722], [72.81807328228716, 18.963674771926183], [72.81808393391599, 18.963656335578253], [72.8180969319768, 18.963639316071497], [72.8181120679235, 18.96362398102105], [72.8181291041371, 18.96361057060203], [72.8181477748748, 18.96359929756079], [72.81816778255545, 18.96359034084838], [72.81818881206824, 18.96358384036965], [72.81821053172195, 18.96357989699449], [72.81823259889312, 18.963578576237325], [72.81825466774913, 18.963579898412338], [72.81827638733772, 18.963583839514246], [72.81829741665715, 18.963590340428315], [72.81831742572274, 18.96359929791036], [72.81833609453533, 18.963610570897323], [72.8183531320657, 18.96362398073089], [72.81836826952767, 18.963639317400947], [72.81838126610879, 18.96365633690332], [72.81839191832144, 18.96367477218886], [72.81840005811623, 18.963694332237957], [72.81840555658486, 18.963714709330162], [72.81840832867115, 18.963735581809363], [72.8184083293154, 18.963756618554658], [72.81840555804784, 18.963777490776724], [72.81840005809818, 18.96379786749105], [72.81839191812976, 18.96381742818395], [72.81838126652065, 18.963835864551676], [72.81836826848081, 18.96385288317633], [72.81835313252049, 18.963868219150765], [72.81833609629405, 18.96388162958924], [72.8183174255451, 18.963892901744156], [72.81829741782099, 18.96390185937277], [72.81827638826977, 18.963908359860035], [72.81825466858507, 18.963912302335572], [72.81823260135775, 18.963913623994063]]]}, "properties": {"FEATUREID": "FS04000000006", "NAME": "Alibhai Premji Junction (Tackled)", "TYPE": 2, "LOCATION": "Lamington Road,Near Apsara Cinema,Grant Road,Mumbai,400007", "WARD": "D", "SUBTYPE": 2, "DEPTH": 1.5, "HEIGHT_TO_MSL": null, "AFFECT_AREA": "Grant Road", "AFFECT_POPULATION": 1000, "AFFECTED_HUT": 200, "AFFECT_ROAD": null, "AFFECT_RAIL": "No", "NO_DE_WATER_PUMP": 1, "REMARKS": "Already Tackled (2024-25)"}}, {"type": "Feature", "geometry": {"type": "Polygon", "coordinates": [[[72.84561679939209, 18.96854369313898], [72.84559489345355, 18.96854238237372], [72.8455733323754, 18.968538468796886], [72.84555245712825, 18.96853201599102], [72.84553259491699, 18.968523124412467], [72.8455140619935, 18.968511934133915], [72.84549714848009, 18.968498623764468], [72.84548212326669, 18.968483398764185], [72.84546922055858, 18.96846650393321], [72.84545864677668, 18.968448203620266], [72.84545056528798, 18.96842878786772], [72.84544510701016, 18.9684085598893], [72.84544235610296, 18.96838784132318], [72.84544235679884, 18.968366957859207], [72.84544510675815, 18.96834623916153], [72.84545056569402, 18.968326012646198], [72.84545864597249, 18.96830659614565], [72.84546922024157, 18.968288295287703], [72.84548212242704, 18.96827139989412], [72.84549714971223, 18.968256177680807], [72.84551406169325, 18.968242866118718], [72.84553259552078, 18.968231676223013], [72.84555245557421, 18.96822278340036], [72.84557333145128, 18.96821633127135], [72.8455948933957, 18.968212418068298], [72.84561680071282, 18.96821110666916], [72.84563870660878, 18.96821241742761], [72.84566026764817, 18.96821633099294], [72.84568114286276, 18.968222783783368], [72.84570100503817, 18.96823167624662], [72.84571953795886, 18.968242865601805], [72.84573645145694, 18.96825617685359], [72.84575147668919, 18.96827140093073], [72.84576437941503, 18.96828829574366], [72.84577495322408, 18.968306596041753], [72.84578303378672, 18.96832601267559], [72.84578849211643, 18.968346239744825], [72.84579124401616, 18.968366958321106], [72.8457912433638, 18.9683878417894], [72.84578849344547, 18.968408560496304], [72.84578303454555, 18.968428787025196], [72.84577495429569, 18.968448203542806], [72.8457643800461, 18.96846650442024], [72.84575147786977, 18.968483399834504], [72.84573645057118, 18.968498622971513], [72.8457195385892, 18.968511933649662], [72.84570100473906, 18.968523123561955], [72.8456811446544, 18.968532016397543], [72.84566026872787, 18.968538469438162], [72.84563870675295, 18.96854238174155], [72.84561679939209, 18.96854369313898]]]}, "properties": {"FEATUREID": "FS05000000002", "NAME": "Star Cinema (Tackled)", "TYPE": 2, "LOCATION": "Barrister Nath Pai Marg,Near Hanuman Mandir,Dockyard Road,Mumbai,400010", "WARD": "E", "SUBTYPE": 2, "DEPTH": 1.5, "HEIGHT_TO_MSL": null, "AFFECT_AREA": "Dockyard Road", "AFFECT_POPULATION": 2000, "AFFECTED_HUT": 600, "AFFECT_ROAD": null, "AFFECT_RAIL": "No", "NO_DE_WATER_PUMP": 1, "REMARKS": "Already Tackled (2024-25)"}}, {"type": "Feature", "geometry": {"type": "Polygon", "coordinates": [[[72.82940360047799, 18.972534420085893], [72.82938196565325, 18.972533125898185], [72.8293606726836, 18.972529261434982], [72.82934005591666, 18.972522888424724], [72.8293204425519, 18.972514107352207], [72.82930214029996, 18.972503057313844], [72.82928543744114, 18.97248991150208], [72.82927059901657, 18.972474878063966], [72.82925785741725, 18.97245819366792], [72.82924741430602, 18.972440121719806], [72.82923943404292, 18.972420946866198], [72.82923404373192, 18.972400971381937], [72.82923132662289, 18.972380511479674], [72.82923132602578, 18.972359888323254], [72.82923404341214, 18.972339428005373], [72.829239433774, 18.97231945336393], [72.82924741423781, 18.97230027866345], [72.82925785746622, 18.972282205904797], [72.82927059834986, 18.97226552129052], [72.8292854369489, 18.972250488033435], [72.82930214043833, 18.972237342766363], [72.82932044220549, 18.972226291918616], [72.82934005705019, 18.972217510990934], [72.82936067271135, 18.972211139036677], [72.82938196606314, 18.972207274335446], [72.8294036001969, 18.972205979778355], [72.8294252340308, 18.972207273948257], [72.8294465279119, 18.97221113841135], [72.82946714369784, 18.97221751139539], [72.82948675703898, 18.972226292449935], [72.82950505927688, 18.972237342468542], [72.8295217621321, 18.97225048826], [72.82953660151306, 18.972265521689714], [72.82954934218046, 18.972282206057045], [72.82955978531815, 18.972300277990662], [72.82956776561524, 18.972319452833776], [72.82957315596558, 18.972339428312193], [72.8295758740544, 18.972359889127844], [72.82957587375634, 18.97238051137425], [72.82957315640999, 18.972400971701187], [72.82956776608316, 18.97242094635589], [72.82955978564725, 18.972440121073014], [72.82954934243784, 18.9724581938507], [72.82953660156309, 18.97247487848516], [72.82952176297397, 18.972489910859192], [72.82950505946052, 18.972503057048087], [72.82948675767126, 18.972514107912012], [72.8294671428078, 18.972522887949175], [72.8294465270863, 18.972529261717913], [72.82942523370512, 18.9725331255194], [72.82940360047799, 18.972534420085893]]]}, "properties": {"FEATUREID": "FS05000000003", "NAME": "Sakhali Street (Tackled)", "TYPE": 2, "LOCATION": "Sakhali Street 1,Near Padmavati Store,Byculla,Mumbai,400008", "WARD": "E", "SUBTYPE": 2, "DEPTH": 2, "HEIGHT_TO_MSL": null, "AFFECT_AREA": "Byculla", "AFFECT_POPULATION": 900, "AFFECTED_HUT": 300, "AFFECT_ROAD": null, "AFFECT_RAIL": "No", "NO_DE_WATER_PUMP": 1, "REMARKS": "Already Tackled (2024-25)"}}, {"type": "Feature", "geometry": {"type": "Polygon", "coordinates": [[[72.82954801029388, 18.9726936581079], [72.82952612025325, 18.972692348297763], [72.82950457624929, 18.972688438453236], [72.8294837164388, 18.972681989443917], [72.82946387082274, 18.972673105400283], [72.82944535280791, 18.972661925485312], [72.82942845256187, 18.972648623816674], [72.82941343981412, 18.972633413112476], [72.82940054788189, 18.97261653185839], [72.82938998124126, 18.972598246202928], [72.82938190797948, 18.97257884625579], [72.82937645330234, 18.97255863426949], [72.82937370416356, 18.97253793372615], [72.82937370386162, 18.972517066692706], [72.82937645284882, 18.97249636466948], [72.8293819070199, 18.97247615411801], [72.82938998155603, 18.972456752893113], [72.82940054716292, 18.972438467489095], [72.82941343964545, 18.9724215868291], [72.82942845334468, 18.972406375865546], [72.8294453534902, 18.97239307482166], [72.82946387151222, 18.97238189462028], [72.82948371652641, 18.97237300979243], [72.82950457528713, 18.972366562089938], [72.82952612084783, 18.97236265155434], [72.82954800964292, 18.972361341902232], [72.82956989964102, 18.97236265170553], [72.82959144360628, 18.972366561538575], [72.82961230339598, 18.97237300962931], [72.82963214897616, 18.972381894557664], [72.82965066696491, 18.972393075355505], [72.82966756723066, 18.97240637519714], [72.8296825799857, 18.972421585881328], [72.82969547192396, 18.97243846802055], [72.82970603859172, 18.972456753661174], [72.82971411283756, 18.9724761536087], [72.82971956661738, 18.972496364674743], [72.82972231577598, 18.972517067023453], [72.82972231613306, 18.972537933158108], [72.8297195671985, 18.972558634287456], [72.82971411305161, 18.972578845755635], [72.82970603854403, 18.972598246997595], [72.82969547296828, 18.97261653151797], [72.82968258048315, 18.97263341310175], [72.8296675667821, 18.972648624085853], [72.82965066662398, 18.972661925148884], [72.82963214857934, 18.972673105366813], [72.82961230353395, 18.972681990207555], [72.82959144378613, 18.97268843790736], [72.82956989913264, 18.972692348457542], [72.82954801029388, 18.9726936581079]]]}, "properties": {"FEATUREID": "FS05000000004", "NAME": "Molana Assad Road (Tackled)", "TYPE": 2, "LOCATION": "Molana Azad Road,Byculla,Mumbai,400008", "WARD": "E", "SUBTYPE": 2, "DEPTH": 1.5, "HEIGHT_TO_MSL": null, "AFFECT_AREA": "Byculla", "AFFECT_POPULATION": 900, "AFFECTED_HUT": 300, "AFFECT_ROAD": null, "AFFECT_RAIL": "No", "NO_DE_WATER_PUMP": 1, "REMARKS": "Already Tackled (2024-25)"}}, {"type": "Feature", "geometry": {"type": "Polygon", "coordinates": [[[72.83263479934874, 18.97373994224249], [72.83261304383666, 18.973738639778492], [72.83259163124805, 18.973734754396062], [72.83257089881765, 18.97372834514209], [72.832551174664, 18.973719515216555], [72.8325327693627, 18.973708402841197], [72.83251597307512, 18.973695183032465], [72.83250105178621, 18.97368006484751], [72.83248823787012, 18.973663286757585], [72.83247773677023, 18.97364511401631], [72.8324697118923, 18.973625832160085], [72.83246429128468, 18.973605744376353], [72.83246155816882, 18.973585169586347], [72.83246155868544, 18.97356443079331], [72.83246429050331, 18.973543854949188], [72.83246971238215, 18.973523767647038], [72.83247773667195, 18.97350448580711], [72.83248823792664, 18.973486312358297], [72.83250105102901, 18.97346953440955], [72.83251597317106, 18.973454416950386], [72.832532770569, 18.97344119750996], [72.8325511756273, 18.97343008522068], [72.83257089936093, 18.97342125464079], [72.83259163139545, 18.97341484575447], [72.83261304381074, 18.973410960403818], [72.83263479974302, 18.973409657873265], [72.83265655521309, 18.973410960330504], [72.83267796776344, 18.97341484570159], [72.83269870016177, 18.973421254940316], [72.83271842429151, 18.97343008484766], [72.8327368295786, 18.97344119720302], [72.83275362586255, 18.973454416991252], [72.83276854811959, 18.97346953426444], [72.83278136110393, 18.973486312325477], [72.83279186316823, 18.973504485966306], [72.83279988713122, 18.97352376780081], [72.83280530872788, 18.97354385558971], [72.83280804093715, 18.973564430367745], [72.83280804046343, 18.973585169165055], [72.8328053086977, 18.973605744115186], [72.83279988779191, 18.973625832344997], [72.83279186353033, 18.973645114201762], [72.83278136134555, 18.97366328765869], [72.83276854825218, 18.97368006562787], [72.83275362610837, 18.973695183107335], [72.83273682964723, 18.973708402577774], [72.83271842456661, 18.97371951488341], [72.83269869986455, 18.973728344561813], [72.83267796874196, 18.97373475346757], [72.83265655532415, 18.973738639713652], [72.83263479934874, 18.97373994224249]]]}, "properties": {"FEATUREID": "FS05000000005", "NAME": "Khatava Mil (Tackled)", "TYPE": 2, "LOCATION": "Khatava Mill Road,Opp Monte South,Byculla,Mumbai,400008", "WARD": "E", "SUBTYPE": 2, "DEPTH": 1.5, "HEIGHT_TO_MSL": null, "AFFECT_AREA": "Byculla", "AFFECT_POPULATION": 900, "AFFECTED_HUT": 300, "AFFECT_ROAD": null, "AFFECT_RAIL": "Yes", "NO_DE_WATER_PUMP": 1, "REMARKS": "Already Tackled (2024-25)"}}, {"type": "Feature", "geometry": {"type": "Polygon", "coordinates": [[[72.86709944304128, 19.04228188769003], [72.86674515055897, 19.042297939798473], [72.86639153632892, 19.042271629469102], [72.86604418012517, 19.04220338977106], [72.86570855948746, 19.042094293047665], [72.86538995186098, 19.041946051585906], [72.86509340918163, 19.041760998346764], [72.8648235930565, 19.041542050726065], [72.86458474366019, 19.041292691216196], [72.86438065319489, 19.041016814437082], [72.86421455492155, 19.040718789071533], [72.86408900906319, 19.04040331923983], [72.86400603098966, 19.040075374617505], [72.86396694389214, 19.039740125496955], [72.86397236064141, 19.039402877539402], [72.86402216119745, 19.03906890892499], [72.86411558143791, 19.03874350751343], [72.8642511751747, 19.038431823176417], [72.8644267453624, 19.038138752293456], [72.86463957042328, 19.03786891779684], [72.8648862903736, 19.037626587472843], [72.8651629843377, 19.037415554733986], [72.8654653172142, 19.03723918187544], [72.86578848775538, 19.03710022605656], [72.86612744055404, 19.03700089866575], [72.86647681270182, 19.03694272741317], [72.8668311098812, 19.036926673988756], [72.86718469687634, 19.036952983108556], [72.86753204210423, 19.037021221470003], [72.86786765540434, 19.037130313160407], [72.86818625791865, 19.037278548840174], [72.86848279618289, 19.037463596737243], [72.86875261261756, 19.037682538931257], [72.86899146422677, 19.03793189414126], [72.86919555963125, 19.03820776718278], [72.86936166434349, 19.03850578694466], [72.86948721856888, 19.038821254069504], [72.86957020827526, 19.039149197267808], [72.86960930767785, 19.039484448122163], [72.86960390401298, 19.039821710921892], [72.86955411235571, 19.04015566851627], [72.86946070040133, 19.04048107267886], [72.86932511391872, 19.0407927606644], [72.86914954758878, 19.041085836687124], [72.86893672554693, 19.041355676622068], [72.86869000555117, 19.04159802767311], [72.86841330720586, 19.041809050911542], [72.86811098334047, 19.041985426386717], [72.86778778823613, 19.042124386189116], [72.86744882723416, 19.042223717489627], [72.86709944304128, 19.04228188769003]]]}, "properties": {"FEATUREID": "FS06000000004", "NAME": "Pratiksha Nagar", "TYPE": 1, "LOCATION": "Saradar Nagar Road no 1,Near Railway East-West Pubilc Bridge,Pratiksha Nagar,Mumbai,400022", "WARD": "F/N", "SUBTYPE": 3, "DEPTH": 1, "HEIGHT_TO_MSL": null, "AFFECT_AREA": "Pratiksha Nagar", "AFFECT_POPULATION": 900, "AFFECTED_HUT": 200, "AFFECT_ROAD": null, "AFFECT_RAIL": "No", "NO_DE_WATER_PUMP": 1, "REMARKS": "Monsoon 26 (2025)"}}, {"type": "Feature", "geometry": {"type": "Polygon", "coordinates": [[[72.86688019019056, 19.04018342469324], [72.86686170645733, 19.040182318671445], [72.86684351480274, 19.040179019274394], [72.8668259014441, 19.040173575876416], [72.86680914449329, 19.040166077502118], [72.86679350747053, 19.04015664010555], [72.86677923731273, 19.040145413773423], [72.86676655972875, 19.040132574541953], [72.866755674428, 19.040118326148175], [72.8667467523637, 19.040102892771994], [72.8667399347947, 19.040086518122017], [72.86673532861793, 19.040069459058685], [72.86673300826784, 19.040051985616273], [72.86673300726153, 19.04003437367898], [72.86673532870309, 19.04001690058599], [72.86673993488328, 19.0399998413982], [72.86674675206268, 19.039983466243747], [72.86675567437422, 19.039968032233638], [72.86676656001308, 19.039953784321106], [72.86677923706166, 19.039940945432868], [72.86679350725377, 19.03992971922261], [72.86680914416759, 19.039920282823836], [72.86682590181887, 19.039912783336245], [72.86684351462644, 19.039907340535105], [72.86686170604, 19.03990404064805], [72.86688018951284, 19.039902934559912], [72.86689867321564, 19.039904040576882], [72.86691686483096, 19.039907340868904], [72.86693447817787, 19.03991278335275], [72.86695123604947, 19.03992028262805], [72.86696687211219, 19.039929719999208], [72.86698114227883, 19.03994094541334], [72.86699381986794, 19.039953784630512], [72.86700470518132, 19.039968033011416], [72.86701362726498, 19.03998346637695], [72.86702044484728, 19.039999841922327], [72.86702505106435, 19.04001690007817], [72.86702737144533, 19.0400343735199], [72.86702737248272, 19.04005198546023], [72.86702505105895, 19.040069459462906], [72.86702044491598, 19.040086517757196], [72.86701362774552, 19.040102893826955], [72.86700470640916, 19.040118326958773], [72.86699381982719, 19.040132574875113], [72.86698114277738, 19.040145413778035], [72.86696687257631, 19.040156640002003], [72.86695123563487, 19.040166077315764], [72.86693447797285, 19.040173575909478], [72.86691686513826, 19.040179018716717], [72.86689867369464, 19.040182318606284], [72.86688019019056, 19.04018342469324]]]}, "properties": {"FEATUREID": "FS06000000005", "NAME": "Shivaji Chowk Pratiksha Nagar", "TYPE": 1, "LOCATION": "Pratiksha Nagar Road,Near Dada Saheb Gayakwad Nagar,Sion,Mumbai,400022", "WARD": "F/N", "SUBTYPE": 3, "DEPTH": 1.5, "HEIGHT_TO_MSL": null, "AFFECT_AREA": "Sion ", "AFFECT_POPULATION": 1500, "AFFECTED_HUT": 300, "AFFECT_ROAD": null, "AFFECT_RAIL": "No", "NO_DE_WATER_PUMP": 1, "REMARKS": "Monsoon 24 (2024-25)"}}, {"type": "Feature", "geometry": {"type": "Polygon", "coordinates": [[[72.8743709000009, 19.111105498270764], [72.87431134299402, 19.11110193610659], [72.87425272585227, 19.11109130678967], [72.87419597196569, 19.111073778157003], [72.87414197673486, 19.11104962611515], [72.8740915933652, 19.11101923086279], [72.87404561296086, 19.110983073047546], [72.87400476276287, 19.110941722906098], [72.87396968820127, 19.110895831927145], [72.87394093877079, 19.110846122752104], [72.87391897192383, 19.110793381993627], [72.8739041324344, 19.11073843922187], [72.873896653418, 19.110682161556632], [72.8738966527396, 19.11062543736682], [72.87390413227209, 19.11056916000319], [72.87391897328493, 19.110514216905905], [72.8739409404183, 19.110461476101577], [72.87396968856521, 19.11041176821766], [72.87400476396056, 19.110365875656033], [72.87404561376313, 19.11032452638118], [72.87409159399134, 19.11028836781735], [72.87414197893165, 19.11025797418377], [72.87419597285137, 19.110233822241945], [72.87425272707677, 19.110216293299796], [72.87431134390852, 19.110205664224367], [72.87437090044264, 19.110202102297528], [72.87443045618228, 19.11020566440071], [72.87448907304662, 19.110216292729685], [72.87454582667901, 19.110233822151194], [72.87459982077871, 19.110257974045535], [72.87465020595204, 19.11028836826645], [72.87469618632804, 19.110324525927176], [72.87473703562912, 19.11036587590858], [72.87477211126065, 19.110411767667397], [72.87480085995391, 19.11046147581733], [72.87482282704792, 19.110514217398187], [72.87483766778708, 19.110569160135423], [72.87484514713687, 19.110625436890214], [72.87484514717744, 19.110682162003496], [72.87483766795042, 19.11073843943508], [72.87482282816713, 19.110793381740528], [72.8748008612473, 19.110846122671262], [72.87477211228446, 19.11089583159189], [72.8747370369694, 19.110941723403965], [72.87469618715429, 19.110983072831832], [72.8746502068446, 19.111019230635296], [72.87459982266363, 19.111049626209727], [72.87454582756203, 19.11107377823721], [72.87448907400538, 19.11109130725396], [72.87443045686042, 19.111101936356008], [72.8743709000009, 19.111105498270764]]]}, "properties": {"FEATUREID": "FS11000000007", "NAME": "Airport Road", "TYPE": 2, "LOCATION": "Andheri Kurla Road,Opp Indian oil Pump,Andheri East,Mumbai,400059", "WARD": "K/E", "SUBTYPE": null, "DEPTH": 1.5, "HEIGHT_TO_MSL": null, "AFFECT_AREA": "Andheri East", "AFFECT_POPULATION": null, "AFFECTED_HUT": null, "AFFECT_ROAD": "Anderi Kurla Road", "AFFECT_RAIL": "No", "NO_DE_WATER_PUMP": 1, "REMARKS": null}}, {"type": "Feature", "geometry": {"type": "Polygon", "coordinates": [[[72.82797269996952, 19.134549397070835], [72.82770671002243, 19.134509973428344], [72.82744801314105, 19.134439174785477], [72.82720070221976, 19.134338119001043], [72.8269686595771, 19.134208399277174], [72.82675555255203, 19.134052057005196], [72.8265647471608, 19.133871570803827], [72.82639924933211, 19.13366977181724], [72.82626165918066, 19.133449852201007], [72.82615416457992, 19.133215275620053], [72.82607844373676, 19.13296974267212], [72.82603570217091, 19.13271712538496], [72.82602660689818, 19.13246141404788], [72.8260513047046, 19.132206628909348], [72.82610940245289, 19.131956800976734], [72.82619999425063, 19.131715857627974], [72.8263216407815, 19.131487605208996], [72.82647242264957, 19.131275647473952], [72.82664996689158, 19.131083320870435], [72.8268514720867, 19.130913664131977], [72.8270737634982, 19.130769343966502], [72.8273133226562, 19.130652645476033], [72.82756639376697, 19.130565401159906], [72.8278289684785, 19.130508992545217], [72.82809690804808, 19.130484309181004], [72.82836599200236, 19.130491732956244], [72.82863198061247, 19.13053115599955], [72.8288906646689, 19.130601952362127], [72.82904791736173, 19.130640948823135], [72.82919879401285, 19.130698371000626], [72.82934090219348, 19.130773311811964], [72.82947201076712, 19.13086459240118], [72.8295900479046, 19.1309707684363], [72.82969315569788, 19.131090168688225], [72.82984728803329, 19.13132191052786], [72.82996965476951, 19.131570182430586], [72.83005831681288, 19.13183107942195], [72.83011187197974, 19.132100477940053], [72.83012947848633, 19.13237413004721], [72.83011086659496, 19.13264771866399], [72.83005631859781, 19.132916935915606], [72.82996669951416, 19.13317753498106], [72.82984342575287, 19.13342540198639], [72.82968843661132, 19.133656628835766], [72.82950417830108, 19.133867572642753], [72.82929355492618, 19.13405489851381], [72.8290598865516, 19.134215661254903], [72.82880686156118, 19.13434731475123], [72.82853847660621, 19.134447797975135], [72.82825894852334, 19.134515511369603], [72.82797269996952, 19.134549397070835]]]}, "properties": {"FEATUREID": "FS20000000012", "NAME": "Teacher Colony", "TYPE": 1, "LOCATION": " RTO Lane,Building No 64,Andheri West,Mumbai,400053", "WARD": "K/W", "SUBTYPE": 99, "DEPTH": 1.5, "HEIGHT_TO_MSL": null, "AFFECT_AREA": "Andheri West", "AFFECT_POPULATION": 500, "AFFECTED_HUT": 180, "AFFECT_ROAD": null, "AFFECT_RAIL": "No", "NO_DE_WATER_PUMP": 1, "REMARKS": "Other Agency (2025)"}}, {"type": "Feature", "geometry": {"type": "Polygon", "coordinates": [[[72.83795460029742, 19.125546797043828], [72.83789503812326, 19.125543236180995], [72.83783641562685, 19.125532605789388], [72.83777965711175, 19.12551507841963], [72.83772565804472, 19.125490924738354], [72.83767526771724, 19.1254605313889], [72.83762928485899, 19.12542437293894], [72.83758843089205, 19.12538302240472], [72.83755335304015, 19.125337131415723], [72.8375246016189, 19.125287422721538], [72.83750263299241, 19.12523468209708], [72.83748779081748, 19.125179739153623], [72.83748031181541, 19.12512346198705], [72.837480311779, 19.125066737141793], [72.83748779235347, 19.12501045975478], [72.83750263364739, 19.12495551721018], [72.83752460296103, 19.124902775693414], [72.8375533539894, 19.12485306843983], [72.83758843277053, 19.124807176836562], [72.83762928629578, 19.124765826007888], [72.83767527032276, 19.124729668648925], [72.83772565901789, 19.124699274300244], [72.8377796583523, 19.1246751222798], [72.83783641572063, 19.12465759276362], [72.83789503897877, 19.124646964300272], [72.83795460038502, 19.12464340301814], [72.83801416129165, 19.124646963819238], [72.83807278446093, 19.124657593233565], [72.83812954175983, 19.124675122283566], [72.83818354066958, 19.124699274021655], [72.83823392991567, 19.12472966901555], [72.838279913708, 19.124765826418802], [72.83832076677855, 19.1248071767927], [72.83835584571263, 19.12485306765866], [72.83838459733585, 19.12490277624201], [72.83840656622154, 19.124955516785988], [72.8384214077465, 19.125010459673206], [72.838428888021, 19.125066736844104], [72.83842888838153, 19.125123461721188], [72.83842140906283, 19.125179739187892], [72.83840656708666, 19.12523468182219], [72.83838459799816, 19.12528742256272], [72.83835584710341, 19.12533713086436], [72.83832076935249, 19.125383021729572], [72.83827991486402, 19.12542437270024], [72.8382339316818, 19.125460531116307], [72.83818354187996, 19.1254909246742], [72.83812954325153, 19.12551507770535], [72.83807278371273, 19.12553260635934], [72.83801416202945, 19.125543235774316], [72.83795460029742, 19.125546797043828]]]}, "properties": {"FEATUREID": "FS20000000011", "NAME": "Aazad Nagar", "TYPE": 2, "LOCATION": "Tipu Sultan Road,Near Shreenath Nagar,Andheri West,Mumbai,400058", "WARD": "K/W", "SUBTYPE": null, "DEPTH": 1.5, "HEIGHT_TO_MSL": null, "AFFECT_AREA": "Andheri West", "AFFECT_POPULATION": 1200, "AFFECTED_HUT": 300, "AFFECT_ROAD": null, "AFFECT_RAIL": "No", "NO_DE_WATER_PUMP": 1, "REMARKS": "2023"}}, {"type": "Feature", "geometry": {"type": "Polygon", "coordinates": [[[72.84278969999372, 19.145531796080032], [72.84273013137897, 19.14552823518693], [72.8426715024325, 19.145517605648532], [72.84261473570932, 19.145500077270604], [72.84256072959481, 19.145475924352834], [72.84251033543896, 19.145445529936506], [72.84246434632895, 19.14540937212358], [72.84242348665937, 19.145368022147544], [72.84238840375592, 19.14532213072595], [72.84235964989081, 19.145272422429553], [72.84233767771941, 19.14521968117643], [72.84232283472012, 19.14516473932756], [72.84231535484177, 19.14510846223332], [72.84231535484422, 19.14505173735144], [72.84232283638724, 19.144995459819622], [72.84233767861686, 19.144940517916453], [72.84235965073086, 19.144887776950707], [72.84238840640664, 19.144838069260285], [72.84242348877628, 19.144792177109228], [72.84246434666336, 19.144750826555903], [72.84251033575654, 19.144714670305273], [72.84256073112735, 19.144684275210786], [72.84261473672102, 19.144660123289295], [72.84267150174534, 19.14464259384879], [72.84273013109993, 19.144631965417474], [72.84278969978213, 19.14462840417087], [72.84284926902937, 19.144631965024615], [72.84290789769814, 19.144642593574556], [72.84296466321639, 19.144660122729615], [72.84301866916152, 19.14468427460719], [72.84306906414797, 19.144714669787064], [72.84311505323001, 19.14475082744509], [72.84315591105276, 19.144792177249467], [72.84319099407655, 19.144838069439775], [72.84321974910578, 19.14488777673321], [72.84324172058635, 19.144940517894526], [72.84325656388613, 19.14499545969818], [72.84326404503739, 19.145051736796628], [72.84326404535949, 19.14510846171027], [72.84325656507278, 19.14516473932171], [72.84324172216117, 19.145219681314597], [72.84321975026089, 19.1452724224073], [72.84319099566929, 19.145322131157034], [72.84315591339164, 19.1453680216559], [72.84311505359106, 19.145409372340243], [72.84306906534276, 19.145445529648132], [72.84301866981527, 19.145475923963197], [72.84296466397727, 19.145500076884385], [72.84290789772047, 19.14551760637717], [72.8428492690021, 19.145528234845937], [72.84278969999372, 19.145531796080032]]]}, "properties": {"FEATUREID": "FS20000000010", "NAME": "Vaishali Nagar", "TYPE": 2, "LOCATION": "S V Road,Opp Ruby Hospital,Andheri West,Mumbai,400058", "WARD": "K/W", "SUBTYPE": null, "DEPTH": 1.5, "HEIGHT_TO_MSL": null, "AFFECT_AREA": "Andheri West", "AFFECT_POPULATION": 1400, "AFFECTED_HUT": 500, "AFFECT_ROAD": null, "AFFECT_RAIL": "No", "NO_DE_WATER_PUMP": 1, "REMARKS": "Monsoon 24 (2024-25)"}}, {"type": "Feature", "geometry": {"type": "Polygon", "coordinates": [[[72.8468283998923, 19.124834397175334], [72.84676883846673, 19.12483083559375], [72.84671021630346, 19.1248202071094], [72.84665345779824, 19.12480267790704], [72.8465994593014, 19.124778524943988], [72.84654907017297, 19.124748131211852], [72.84650308629504, 19.12471197301476], [72.84646223294536, 19.124670621575117], [72.84642715354762, 19.124624731159173], [72.84639840418129, 19.124575022754094], [72.84637643460223, 19.124522282038818], [72.84636159326304, 19.124467338667962], [72.8463541140699, 19.124411061600224], [72.84635411381369, 19.1243543373902], [72.84636159419955, 19.1242980602764], [72.84637643539556, 19.12424311675041], [72.84639840471327, 19.124190375722993], [72.8464271559275, 19.124140667741386], [72.84646223413266, 19.12409477691724], [72.84650308734392, 19.124053425707398], [72.84654907133013, 19.124017268648043], [72.84659946029936, 19.123986874415017], [72.84665345929773, 19.12396272235639], [72.84671021668969, 19.12394519270286], [72.84676883939517, 19.12393456403676], [72.84682839966884, 19.123931003435754], [72.84688796078872, 19.123934564063788], [72.8469465826512, 19.123945193366023], [72.84700334092554, 19.123962721550583], [72.84705734019164, 19.12398687438785], [72.84710772920054, 19.124017268872556], [72.8471537130622, 19.124053426011816], [72.84719456646552, 19.124094777302318], [72.84722964409484, 19.12414066756176], [72.84725839461315, 19.124190375867077], [72.84728036538975, 19.124243117416004], [72.84729520609059, 19.124298059827442], [72.84730268560595, 19.12435433688822], [72.84730268617459, 19.124411062033072], [72.8472952070445, 19.124467339226378], [72.84728036517801, 19.124522281938855], [72.84725839607373, 19.12457502309307], [72.84722964595517, 19.124624731230664], [72.8471945668683, 19.124670622197527], [72.84715371365579, 19.124711972657394], [72.84710772956439, 19.124748130762704], [72.84705734137711, 19.124778525130388], [72.84700334213476, 19.124802678188626], [72.84694658447268, 19.12482020700242], [72.84688796240371, 19.124830835705918], [72.8468283998923, 19.124834397175334]]]}, "properties": {"FEATUREID": "FS20000000009", "NAME": "Andheri Subway", "TYPE": 2, "LOCATION": "S V Road,Opp DCB Bank,Andheri West,Mumbai,400058", "WARD": "K/W", "SUBTYPE": null, "DEPTH": 1.5, "HEIGHT_TO_MSL": null, "AFFECT_AREA": "Andheri West", "AFFECT_POPULATION": null, "AFFECTED_HUT": null, "AFFECT_ROAD": "Andheri Sub way", "AFFECT_RAIL": "No", "NO_DE_WATER_PUMP": 1, "REMARKS": "Monsoon 24 (2024-25)"}}, {"type": "Feature", "geometry": {"type": "Polygon", "coordinates": [[[72.85900612991705, 19.04114758526029], [72.85898572713035, 19.04114636405181], [72.85896564699918, 19.041142721318142], [72.85894620508655, 19.04113671401233], [72.85892770792168, 19.041128436919887], [72.85891044733644, 19.041118019883253], [72.85889469571707, 19.04110562774668], [72.85888070226319, 19.041091455796508], [72.85886868635166, 19.04107572878092], [72.85885883764074, 19.041058692781625], [72.85885131224836, 19.04104061697619], [72.85884622903436, 19.04102178727189], [72.85884366683263, 19.04100249995081], [72.85884366637377, 19.040983059885605], [72.85884622848995, 19.040963772389283], [72.85885131222726, 19.040944942290018], [72.85885883777587, 19.040926867642362], [72.85886868562469, 19.040909831588028], [72.85888070224794, 19.040894103325186], [72.85889469638754, 19.040879931742477], [72.85891044765816, 19.040867541002566], [72.85892770757803, 19.040857124231255], [72.85894620523227, 19.040848846293024], [72.85896564734236, 19.04084283837228], [72.8589857277861, 19.04083919627725], [72.8590061295664, 19.040837975043225], [72.85902653231602, 19.040839196245816], [72.85904661241341, 19.04084283896952], [72.85906605524737, 19.040848846272944], [72.85908455239111, 19.04085712334938], [72.85910181201406, 19.040867540357404], [72.85911756363016, 19.040879932475896], [72.85913155805159, 19.040894103516514], [72.85914357396695, 19.040909831419555], [72.85915342175174, 19.040926867394848], [72.8591609471744, 19.040944943190866], [72.85916603137318, 19.040963772900916], [72.85916859361254, 19.040983060221173], [72.85916859315958, 19.041002500279063], [72.8591660310791, 19.041021787783375], [72.8591609473847, 19.041040616991285], [72.85915342184944, 19.041058692556888], [72.85914357401762, 19.041075728628154], [72.85913155741395, 19.04109145600585], [72.85911756327285, 19.041105627606463], [72.85910181197973, 19.041118019266214], [72.8590845520402, 19.041128436051977], [72.8590660553085, 19.041136714012485], [72.85904661317706, 19.041142721037502], [72.85902653268509, 19.041146364038752], [72.85900612991705, 19.04114758526029]]]}, "properties": {"FEATUREID": "FS08000000002", "NAME": "Dhobighat", "TYPE": 1, "LOCATION": "Mahatma Gandhi Road,Near Police Bit Chowk,Sion,Mumbai,400017", "WARD": "G/N", "SUBTYPE": 4, "DEPTH": 1, "HEIGHT_TO_MSL": null, "AFFECT_AREA": "Sion ", "AFFECT_POPULATION": null, "AFFECTED_HUT": null, "AFFECT_ROAD": null, "AFFECT_RAIL": "No", "NO_DE_WATER_PUMP": 1, "REMARKS": "Monsoon 24 (2024-25)"}}, {"type": "Feature", "geometry": {"type": "Polygon", "coordinates": [[[72.85705192041455, 19.043120982749457], [72.85703022092865, 19.043119684827804], [72.85700886417193, 19.043115810259064], [72.85698818559581, 19.043109420747154], [72.85696851254369, 19.043100617645585], [72.85695015573862, 19.043089539148824], [72.85693340264676, 19.043076359311865], [72.85691851938846, 19.043061287169223], [72.85690573942307, 19.04304456028059], [72.85689526548308, 19.04302644204349], [72.856887262023, 19.043007217992546], [72.85688185432765, 19.04298719127274], [72.85687912951998, 19.04296667813478], [72.85687912999438, 19.042946001536006], [72.85688185438964, 19.042925489345183], [72.8568872615386, 19.042905462645898], [72.85689526568494, 19.042886238390864], [72.85690574040952, 19.042868119511596], [72.85691851961504, 19.04285139222012], [72.85693340329374, 19.04283632065639], [72.8569501556976, 19.042823141447503], [72.85696851295909, 19.042812061989633], [72.85698818596343, 19.04280325867499], [72.85700886424011, 19.042796869710877], [72.85703022071131, 19.04279299517478], [72.85705192023899, 19.042791697113785], [72.85707361968294, 19.04279299502876], [72.85709497640144, 19.042796869586233], [72.85711565399582, 19.04280325907194], [72.85713532702401, 19.0428120621554], [72.85715368476454, 19.042823140643286], [72.8571704378527, 19.04283632045977], [72.85718532111808, 19.0428513925827], [72.85719810015121, 19.04286811944257], [72.85720857506757, 19.04288623767602], [72.85721657855034, 19.042905462619427], [72.85722198534722, 19.042925488419115], [72.85722471114718, 19.042946001567188], [72.85722471071563, 19.042966678170163], [72.85722198634916, 19.04298719127315], [72.85721657829752, 19.04300721707159], [72.85720857512912, 19.04302644135443], [72.85719810042376, 19.043044560252856], [72.85718532122726, 19.043061287564672], [72.85717043753526, 19.043076360051774], [72.85715368511906, 19.043089539279578], [72.85713532784693, 19.043100617850644], [72.85711565481189, 19.043109421178045], [72.85709497649793, 19.043115810150553], [72.85707361903559, 19.04311968467907], [72.85705192041455, 19.043120982749457]]]}, "properties": {"FEATUREID": "FS08000000003", "NAME": "Dharavi Police Station", "TYPE": 2, "LOCATION": "90 Feet Road,Near Dharavi Police Station,Sion,Mumbai,400017", "WARD": "G/N", "SUBTYPE": 99, "DEPTH": 1, "HEIGHT_TO_MSL": null, "AFFECT_AREA": "Sion", "AFFECT_POPULATION": 1000, "AFFECTED_HUT": 200, "AFFECT_ROAD": null, "AFFECT_RAIL": "No", "NO_DE_WATER_PUMP": 1, "REMARKS": null}}, {"type": "Feature", "geometry": {"type": "Polygon", "coordinates": [[[72.84598279956116, 19.043067100935513], [72.8459232682284, 19.043063540128568], [72.84586467444035, 19.043052909602906], [72.84580794397553, 19.043035380945135], [72.84575397088076, 19.043011229247213], [72.84570360701251, 19.042980833887402], [72.84565764592679, 19.042944675632253], [72.84561681258386, 19.04290332477379], [72.8455817511072, 19.042857432857], [72.84555301537998, 19.04280772534376], [72.84553105598278, 19.04275498339496], [72.84551622213992, 19.042700040279946], [72.84550874582014, 19.042643762222397], [72.84550874568743, 19.042587036703985], [72.84551622252792, 19.04253075886207], [72.84553105659975, 19.04247581610347], [72.84555301636723, 19.042423073754374], [72.84558175291983, 19.042373365962828], [72.84561681354786, 19.042327474179174], [72.8456576465379, 19.042286123599325], [72.84570360804209, 19.042249966083244], [72.84575397169156, 19.042219571234927], [72.84580794483419, 19.042195419366042], [72.84586467533353, 19.04217788983327], [72.84592326772467, 19.042167260323634], [72.84598280041304, 19.04216369892617], [72.84604233237974, 19.042167259693827], [72.84610092493058, 19.042177890123412], [72.84615765515414, 19.042195418666896], [72.8462116280574, 19.04221957113155], [72.84626199181855, 19.04224996634144], [72.84630795287664, 19.042286124442548], [72.84634878628478, 19.04232747424941], [72.84638384694313, 19.042373366021565], [72.84641258380933, 19.04242307433872], [72.84643454346445, 19.04247581620745], [72.84644937665627, 19.042530759266565], [72.84645685424636, 19.042587037328435], [72.84645685376353, 19.042643761964374], [72.84644937817674, 19.042700039885602], [72.8464345443714, 19.04275498274464], [72.84641258481615, 19.042807725220065], [72.84638384935785, 19.04285743316699], [72.84634878689835, 19.04290332508166], [72.84630795389526, 19.042944675813963], [72.8462619932359, 19.042980834386384], [72.84621162941893, 19.043011229357607], [72.84615765604504, 19.043035381322408], [72.84610092622657, 19.043052910026095], [72.84604233161228, 19.043063540442688], [72.84598279956116, 19.043067100935513]]]}, "properties": {"FEATUREID": "FS08000000004", "NAME": "Mahim Junction Ticket Booking Office (Tackled)", "TYPE": 2, "LOCATION": "Mahim Station Road,Near Mahim Ticket Booking Office,Mahim,Mumbai,400017", "WARD": "G/N", "SUBTYPE": 2, "DEPTH": 2, "HEIGHT_TO_MSL": null, "AFFECT_AREA": "Mahim", "AFFECT_POPULATION": 200, "AFFECTED_HUT": 20, "AFFECT_ROAD": null, "AFFECT_RAIL": "No", "NO_DE_WATER_PUMP": 1, "REMARKS": "Already Tackled (2024-25)"}}, {"type": "Feature", "geometry": {"type": "Polygon", "coordinates": [[[72.84417439957531, 19.04452400091888], [72.84411486686669, 19.044520440373315], [72.84405627274302, 19.0445098101387], [72.8439995420499, 19.044492280897106], [72.84394556882613, 19.044468128652817], [72.84389520396883, 19.044437733684738], [72.84384924294545, 19.044401575886393], [72.84380840882741, 19.0443602246315], [72.84377334761153, 19.044314333299557], [72.8437446113122, 19.044264624625946], [72.84372265235702, 19.044211883410078], [72.84370781809875, 19.044156940192455], [72.84370034238542, 19.0441006621235], [72.84370034197205, 19.04404393666285], [72.84370781858395, 19.043987658957917], [72.84372265341754, 19.043932716424237], [72.84374461207611, 19.04387997435122], [72.84377334944699, 19.043830266023402], [72.8438084108968, 19.0437843737663], [72.84384924373794, 19.043743023661083], [72.84389520603266, 19.043706865776], [72.84394557043848, 19.04367647059864], [72.84399954333013, 19.04365231932365], [72.84405627352152, 19.043634790406145], [72.84411486746035, 19.043624159739203], [72.84417439969751, 19.043620598969934], [72.84423393302839, 19.043624160379313], [72.84429252592646, 19.043634789614682], [72.844349257328, 19.04365231875305], [72.84440323037195, 19.04367647086093], [72.84445359417248, 19.043706865667954], [72.84449955610624, 19.043743024226476], [72.84454038933983, 19.04378437441868], [72.84457545068715, 19.043830265617032], [72.84460418813715, 19.04387997419145], [72.84462614733864, 19.043932716230394], [72.8446409809459, 19.043987659392126], [72.84464845794125, 19.04404393656232], [72.84464845772742, 19.04410066204361], [72.84464098236927, 19.0441569398279], [72.84462614779052, 19.044211883365175], [72.84460418935586, 19.044264624661437], [72.84457545212959, 19.044314333133553], [72.84454039075935, 19.04436022464074], [72.84449955694375, 19.044401575790474], [72.84445359645518, 19.044437733839885], [72.84440323093214, 19.044468129129054], [72.84434925779753, 19.044492281403073], [72.8442925273256, 19.04450981038352], [72.84423393308631, 19.0445204401733], [72.84417439957531, 19.04452400091888]]]}, "properties": {"FEATUREID": "FS08000000006", "NAME": "Shivram Masterwadi ", "TYPE": 2, "LOCATION": "Mahim Station Road,Near Mahim Station,Mahim,Mumbai,400016", "WARD": "G/N", "SUBTYPE": 99, "DEPTH": 1, "HEIGHT_TO_MSL": null, "AFFECT_AREA": "Mahim", "AFFECT_POPULATION": 1100, "AFFECTED_HUT": 200, "AFFECT_ROAD": null, "AFFECT_RAIL": "No", "NO_DE_WATER_PUMP": 1, "REMARKS": null}}, {"type": "Feature", "geometry": {"type": "Polygon", "coordinates": [[[72.83198860033554, 18.987352353677366], [72.83196603755985, 18.98735100358833], [72.83194383042387, 18.98734697318572], [72.83192232939813, 18.98734032799788], [72.83190187403054, 18.98733117045878], [72.83188278525787, 18.987319647044032], [72.831865366472, 18.9873059392507], [72.83184989025213, 18.987290261635327], [72.83183660215059, 18.98727286276153], [72.83182571036679, 18.98725401604633], [72.83181738764594, 18.987234019782445], [72.83181176567652, 18.987213189846486], [72.83180893232411, 18.98719185334381], [72.83180893260418, 18.987170346813265], [72.83181176591603, 18.98714900987214], [72.83181738802338, 18.987128178916464], [72.83182571015189, 18.987108183497487], [72.8318366019543, 18.987089337323816], [72.83184989054936, 18.987071939153562], [72.83186536637017, 18.98705626112043], [72.831882785016, 18.987042552368646], [72.83190187402666, 18.987031029196373], [72.83192232911983, 18.987021872302098], [72.8319438303422, 18.987015226070444], [72.83196603734571, 18.987011196710515], [72.83198860086179, 18.987009846067465], [72.83201116264287, 18.98701119613813], [72.83203337068706, 18.987015226539626], [72.83205487072892, 18.987021871699945], [72.83207532703183, 18.987031028327458], [72.83209441482813, 18.987042552612703], [72.83211183454776, 18.987056261298207], [72.83212731078704, 18.987071937989175], [72.83214059889576, 18.987089337746973], [72.83215148977072, 18.987108183532147], [72.83215981252854, 18.98712817978459], [72.83216543454076, 18.98714900971417], [72.83216826792744, 18.987170347119058], [72.8321682686546, 18.987191852762173], [72.83216543538629, 18.987213189713124], [72.83215981236775, 18.98723402067211], [72.8321514902696, 18.987254016109237], [72.83214059943722, 18.987272862314715], [72.83212731084014, 18.987290261410074], [72.83211183502911, 18.987305938561914], [72.83209441542051, 18.987319647322952], [72.83207532638583, 18.9873311705128], [72.83205487125949, 18.987340327420807], [72.8320333699969, 18.98734697366143], [72.83201116389804, 18.98735100303616], [72.83198860033554, 18.987352353677366]]]}, "properties": {"FEATUREID": "FS09000000003", "NAME": "Shanti Nagar (Tackled)", "TYPE": 2, "LOCATION": "N M Joshi Road,Near Shahu Maharaj Chowk Monorail Station,Lower Parel,Mumbai,400011", "WARD": "G/S", "SUBTYPE": 2, "DEPTH": 2, "HEIGHT_TO_MSL": null, "AFFECT_AREA": "Lower Parel", "AFFECT_POPULATION": 900, "AFFECTED_HUT": 200, "AFFECT_ROAD": null, "AFFECT_RAIL": "No", "NO_DE_WATER_PUMP": 1, "REMARKS": "Already Tackled (2024-25)"}}, {"type": "Feature", "geometry": {"type": "Polygon", "coordinates": [[[72.82758029984966, 18.983058102233226], [72.82755085364133, 18.983056340263293], [72.82752187247098, 18.98305108092627], [72.82749381196395, 18.983042407251162], [72.82746711659964, 18.983030456331615], [72.82744220550657, 18.983015416449405], [72.82741947152464, 18.982997526160066], [72.8273992746768, 18.982977065183704], [72.82738193357827, 18.98295435791701], [72.82736771893174, 18.98292976251782], [72.82735685833265, 18.982903666445175], [72.82734952116199, 18.98287647995917], [72.82734582336813, 18.982848633467224], [72.82734582287272, 18.982820565727906], [72.82734952057858, 18.982792719346392], [72.82735685856508, 18.982765533527324], [72.82736771923257, 18.98273943683871], [72.82738193392842, 18.982714840990507], [72.82739927543469, 18.98269213442365], [72.82741947232518, 18.982671673446163], [72.82744220516817, 18.982653782188592], [72.82746711709801, 18.982638742792478], [72.82749381290083, 18.9826267926898], [72.82752187237547, 18.98261811934043], [72.8275508541307, 18.982612860276753], [72.82758029945275, 18.982611097729524], [72.82760974558407, 18.982612859687066], [72.8276387266726, 18.982618119906377], [72.82766678713256, 18.982626792650407], [72.82769348340241, 18.98263874354776], [72.82771839448117, 18.982653782490235], [72.8277411274954, 18.98267167363392], [72.82776132435642, 18.98269213457406], [72.8277786664364, 18.98271484181935], [72.8277928801827, 18.982739437180545], [72.82780374084477, 18.982765533233714], [72.82781107903767, 18.98279271972001], [72.82781477690975, 18.982820566210407], [72.8278147765345, 18.982848633946418], [72.82781107890276, 18.982876480344675], [72.82780374193054, 18.98290366619947], [72.82779288036544, 18.98292976290784], [72.8277786666541, 18.982954358802445], [72.82776132516429, 18.982977065406704], [72.82774112732119, 18.98299752641026], [72.82771839446708, 18.983015416799372], [72.82769348344563, 18.983030456236584], [72.8276667875746, 18.983042407265724], [72.82763872708215, 18.983051080619227], [72.82760974525077, 18.983056339689163], [72.82758029984966, 18.983058102233226]]]}, "properties": {"FEATUREID": "FS09000000004", "NAME": "Shanti Nagar 2 (Tackled)", "TYPE": 2, "LOCATION": "N M Joshi Road,Near Shahu Maharaj Chowk Monorail Station,Lower parel,Mumbai,400011", "WARD": "G/S", "SUBTYPE": 2, "DEPTH": 2, "HEIGHT_TO_MSL": null, "AFFECT_AREA": "Lower parel", "AFFECT_POPULATION": 1900, "AFFECTED_HUT": 500, "AFFECT_ROAD": null, "AFFECT_RAIL": "No", "NO_DE_WATER_PUMP": 1, "REMARKS": "Already Tackled (2024-25)"}}, {"type": "Feature", "geometry": {"type": "Polygon", "coordinates": [[[72.8311291000775, 19.005681297043125], [72.83109619875314, 19.005679328557132], [72.83106381624837, 19.00567345325374], [72.83103246226632, 19.00566376292241], [72.8310026333586, 19.005650411523163], [72.83097479875345, 19.005633609600764], [72.83094939754235, 19.005613621541787], [72.83092683016987, 19.005590762765046], [72.83090745375665, 19.005565394246993], [72.83089157079941, 19.00553791516307], [72.83087943585254, 19.005508760256312], [72.83087123764048, 19.00547838788501], [72.83086710572769, 19.005447278294486], [72.83086710592359, 19.005415921820813], [72.83087123752819, 19.005384811632467], [72.83087943625074, 19.005354438345066], [72.83089157144373, 19.005325283666167], [72.83090745389765, 19.00529780513145], [72.83092683014442, 19.005272436037934], [72.83094939774261, 19.005249578397418], [72.83097479879511, 19.00522959021484], [72.8310026332183, 19.005212787450695], [72.83103246263347, 19.005199436840613], [72.83106381523125, 19.00518974691998], [72.83109619806753, 19.005183871781362], [72.83112910001725, 19.005181902979732], [72.83116200219483, 19.00518387146141], [72.83119438461199, 19.005189746738786], [72.83122573757107, 19.00519943702407], [72.83125556642403, 19.005212788381648], [72.83128340099663, 19.005229590258306], [72.83130880219939, 19.00524957827028], [72.8313313696, 19.005272436098636], [72.83135074604165, 19.00529780547912], [72.83136662811077, 19.0053252845183], [72.83137876409751, 19.00535443850875], [72.83138696238895, 19.00538481176958], [72.8313910943995, 19.005415921358132], [72.83139109430192, 19.005447277841572], [72.83138696279, 19.005478388050804], [72.83137876416036, 19.005508760465784], [72.8313666290203, 19.005537916086382], [72.83135074661038, 19.005565394665165], [72.83133136943476, 19.005590763794267], [72.83130880278196, 19.005613621492433], [72.83128340075149, 19.005633609707186], [72.83125556628886, 19.00565041160565], [72.83122573774088, 19.00566376315921], [72.83119438410807, 19.0056734530878], [72.83116200212606, 19.00567932824542], [72.8311291000775, 19.005681297043125]]]}, "properties": {"FEATUREID": "FS09000000007", "NAME": "Bala Sheth Mandukar Road (Tackled)", "TYPE": 2, "LOCATION": "Bala Sheth Mandhukar Road,Near Shivraj Bhavan 2,Elphinstone,Mumbai,400013", "WARD": "G/S", "SUBTYPE": 2, "DEPTH": 1.5, "HEIGHT_TO_MSL": null, "AFFECT_AREA": "Elphinstone", "AFFECT_POPULATION": 3000, "AFFECTED_HUT": 800, "AFFECT_ROAD": "Baluseth Madukar Marg", "AFFECT_RAIL": "No", "NO_DE_WATER_PUMP": 1, "REMARKS": "Already Tackled (2024-25)"}}, {"type": "Feature", "geometry": {"type": "Polygon", "coordinates": [[[72.82041650036231, 19.018042643120886], [72.82039492251907, 19.018041349852233], [72.82037368574649, 19.018037497185627], [72.82035312356204, 19.01803114415365], [72.82033356232984, 19.018022388544363], [72.82031530695885, 19.018011371248758], [72.82029864866398, 19.017998263706797], [72.82028384876502, 19.01798327223246], [72.82027114154712, 19.017966637144347], [72.82026072497743, 19.017948616397472], [72.82025276717522, 19.017929499208403], [72.82024739057609, 19.01790958238396], [72.82024468032472, 19.017889182162353], [72.8202446806888, 19.017868617912505], [72.82024739120212, 19.017848216604712], [72.820252767779, 19.017828300178333], [72.8202607265597, 19.017809181974226], [72.82027114112068, 19.017791162185556], [72.8202838500827, 19.017774527044367], [72.82029864775693, 19.017759537872248], [72.82031530695713, 19.017746429543028], [72.8203335619082, 19.017735410281226], [72.82035312540832, 19.017726656444932], [72.82037368612164, 19.017720301655004], [72.82039492455537, 19.017716449629013], [72.82041649998996, 19.017715156865425], [72.8204380777918, 19.017716450127406], [72.82045931452666, 19.01772030278283], [72.82047987572997, 19.017726655788568], [72.82049943788815, 19.017735411391097], [72.82051769323336, 19.017746429570117], [72.82053435153642, 19.017759536188755], [72.82054915144249, 19.017774527643592], [72.82056185867768, 19.017791162714193], [72.82057227527379, 19.01780918344663], [72.82058023310987, 19.01782830062523], [72.82058560974822, 19.01784821744386], [72.82058831909214, 19.01786861765342], [72.8205883197199, 19.017889181918704], [72.82058560924646, 19.017909583235504], [72.82058023270451, 19.01792949967509], [72.82057227395163, 19.01794861789582], [72.82056185940957, 19.017966637703456], [72.82054915045639, 19.017983272864782], [72.82053435183087, 19.017998262045715], [72.82051769355614, 19.018011371307868], [72.82049943859481, 19.01802238968266], [72.82047987506431, 19.018031143531534], [72.82045931336461, 19.018037498318478], [72.82043807583945, 19.018041350359006], [72.82041650036231, 19.018042643120886]]]}, "properties": {"FEATUREID": "FS09000000012", "NAME": "Janta Colony (Tackled)", "TYPE": 2, "LOCATION": "Aadarsh Nagar Road,Opp Janata Colony,Worli,Mumbai,400030", "WARD": "G/S", "SUBTYPE": 2, "DEPTH": 4, "HEIGHT_TO_MSL": null, "AFFECT_AREA": "Worli", "AFFECT_POPULATION": 3800, "AFFECTED_HUT": 900, "AFFECT_ROAD": null, "AFFECT_RAIL": "No", "NO_DE_WATER_PUMP": 1, "REMARKS": "Already Tackled (2024-25)"}}, {"type": "Feature", "geometry": {"type": "Polygon", "coordinates": [[[72.83780700006547, 19.084653698977412], [72.83774745343167, 19.08465013769863], [72.83768884509966, 19.08463950773259], [72.8376321001351, 19.084621978910842], [72.83757811372091, 19.084597827298754], [72.83752773694329, 19.084567432318817], [72.83748176542744, 19.08453127390714], [72.83744092139443, 19.084489924173358], [72.83740585101076, 19.08444403201401], [72.83737710822813, 19.084394323825737], [72.83735514366609, 19.08434158169658], [72.83734030562101, 19.084286638901318], [72.83733282795218, 19.08423036169411], [72.8373328283467, 19.084173636642554], [72.83734030562277, 19.08411735885369], [72.83735514467936, 19.084062416676932], [72.83737710910853, 19.084009675358953], [72.83740585272383, 19.08395996724341], [72.83744092262171, 19.08391407554861], [72.83748176594843, 19.083872725414725], [72.83752773772228, 19.083836566834044], [72.83757811510593, 19.083806173012405], [72.83763210147548, 19.08378201964229], [72.83768884533649, 19.083764491448015], [72.83774745294218, 19.083753861559092], [72.83780699957452, 19.083750300675373], [72.83786654684167, 19.083753861914776], [72.83792515489715, 19.083764490892467], [72.83798189866992, 19.08378201958849], [72.83803588488038, 19.083806172870048], [72.83808626156237, 19.083836566796606], [72.83813223400045, 19.08387272506503], [72.83817307711385, 19.08391407644507], [72.8382081467028, 19.08395996665317], [72.83823689063686, 19.08400967474206], [72.83825885545752, 19.084062416790978], [72.83827369381376, 19.08411735863823], [72.83828117179235, 19.084173636741802], [72.83828117172115, 19.084230361825217], [72.8382736938117, 19.084286638768244], [72.83825885596046, 19.084341581959976], [72.83823689173232, 19.084394324307727], [72.83820814922362, 19.084444031675957], [72.83817307938206, 19.084489924427416], [72.83813223510404, 19.084531273799872], [72.83808626324843, 19.084567431619895], [72.83803588567336, 19.084597827370953], [72.8379819000453, 19.084621979042105], [72.83792515494139, 19.084639508191408], [72.83786654702278, 19.08465013810635], [72.83780700006547, 19.084653698977412]]]}, "properties": {"FEATUREID": "FS10000000002", "NAME": "Green Street Nalla 1", "TYPE": 1, "LOCATION": "Juhu Tara Road,Near 1969 Clothing Company,Bandra West,Mumbai,400050", "WARD": "H/W", "SUBTYPE": 3, "DEPTH": 1.5, "HEIGHT_TO_MSL": null, "AFFECT_AREA": "Bandra West", "AFFECT_POPULATION": 800, "AFFECTED_HUT": 200, "AFFECT_ROAD": null, "AFFECT_RAIL": "No", "NO_DE_WATER_PUMP": 1, "REMARKS": "Already Tackled (2024-25)"}}, {"type": "Feature", "geometry": {"type": "Polygon", "coordinates": [[[72.83780459989765, 19.084503798880178], [72.83774505331729, 19.084500237605855], [72.83768644503726, 19.084489607644105], [72.83762970012242, 19.084472078826398], [72.83757571375493, 19.084447927218083], [72.83752533702024, 19.08441753224154], [72.83747936459292, 19.08438137382168], [72.83743852154322, 19.0843400241016], [72.83740345213725, 19.08429413195541], [72.83737470842648, 19.0842444237575], [72.83735274387985, 19.08419168162927], [72.83733790584357, 19.08413673883439], [72.83733042912668, 19.084080461638138], [72.83733042856652, 19.08402373657466], [72.83733790678106, 19.083967458795595], [72.83735274486975, 19.08391251660581], [72.83737470927467, 19.083859775285447], [72.83740345285987, 19.08381006716705], [72.83743852271054, 19.083764176372092], [72.83747936600865, 19.083722825331424], [72.83752533868793, 19.08368666675794], [72.83757571507365, 19.083656272920916], [72.83762970138073, 19.0836321204495], [72.83768644615073, 19.08361459135873], [72.83774505274098, 19.083603962357184], [72.83780460028096, 19.083600400576948], [72.83786414654477, 19.083603961800744], [72.83792275359832, 19.083614590762995], [72.8379794992095, 19.083632120380358], [72.83803348538498, 19.083656272755064], [72.83808386107414, 19.083686666667056], [72.83812983442368, 19.083722824943653], [72.83817067655376, 19.08376417631], [72.83820574705312, 19.083810067430335], [72.83823449097713, 19.08385977461462], [72.83825645483246, 19.083912516651466], [72.83827129316819, 19.083967459401443], [72.83827877115647, 19.08402373660212], [72.83827877109002, 19.08408046168629], [72.83827129414195, 19.084136738641803], [72.8382564563087, 19.084191681835403], [72.8382344921048, 19.084244424185556], [72.83820574771462, 19.08429413243746], [72.83817067792029, 19.084340024289087], [72.83812983463248, 19.08438137367633], [72.83808386280967, 19.084417532403453], [72.83803348624426, 19.08444792726676], [72.837979499717, 19.0844720789312], [72.83792275466577, 19.084489608085036], [72.83786414680092, 19.084500238004555], [72.83780459989765, 19.084503798880178]]]}, "properties": {"FEATUREID": "FS10000000003", "NAME": "Green Street Nalla 2, L K Mehata Road", "TYPE": 2, "LOCATION": "Mehata Road,Near Sadashiv Apartment,Bandra West,Mumbai,400050", "WARD": "H/W", "SUBTYPE": null, "DEPTH": 1.5, "HEIGHT_TO_MSL": null, "AFFECT_AREA": "Bandra West", "AFFECT_POPULATION": 1200, "AFFECTED_HUT": 400, "AFFECT_ROAD": null, "AFFECT_RAIL": "No", "NO_DE_WATER_PUMP": 1, "REMARKS": "Monsoon 24 (2024-25)"}}, {"type": "Feature", "geometry": {"type": "Polygon", "coordinates": [[[72.83200009993291, 19.081289700198447], [72.83194055386268, 19.081286138063124], [72.83188194722949, 19.081275509107602], [72.83182520416871, 19.081257979566622], [72.83177121790976, 19.081233827315057], [72.83172084330589, 19.08120343184403], [72.83167487117473, 19.081167274862015], [72.83163402945976, 19.08112592404974], [72.83159895854459, 19.081080031866186], [72.83157021615538, 19.081030323863708], [72.83154825287546, 19.08097758214124], [72.83153341507771, 19.080922639055782], [72.83152593847558, 19.080866361791205], [72.83152593787469, 19.08080963688225], [72.83153341587538, 19.08075335857478], [72.83154825352726, 19.08069841697354], [72.83157021728455, 19.080645674639747], [72.83159896090658, 19.08059596661357], [72.83163402958688, 19.08055007517202], [72.8316748723726, 19.080508724555955], [72.83172084424083, 19.08047256744589], [72.83177121862352, 19.080442171561156], [72.83182520545529, 19.080418019872393], [72.83188194763221, 19.080400490688653], [72.83194055421059, 19.08038986166136], [72.83200009958587, 19.080386299838814], [72.83205964628951, 19.080389861934712], [72.83211825168462, 19.080400490793753], [72.83217499545353, 19.080418020231257], [72.83222898058241, 19.080442172334887], [72.83227935604071, 19.080472566763678], [72.83232532812077, 19.08050872539751], [72.8323661699013, 19.080550075157895], [72.83240123904852, 19.080595967185268], [72.83242998258919, 19.080645675088444], [72.83245194612772, 19.080698416730783], [72.83246678423666, 19.0807533588683], [72.83247426209839, 19.080809637040538], [72.83247426207262, 19.080866361970234], [72.8324667853383, 19.080922639454272], [72.83245194699187, 19.080977582048224], [72.83242998440888, 19.08103032361679], [72.83240124093167, 19.08108003178765], [72.83236617135766, 19.081125924274676], [72.83232532855872, 19.08116727504356], [72.83227935659694, 19.081203432296032], [72.83222898205798, 19.08123382740077], [72.83217499593243, 19.081257980099902], [72.83211825252438, 19.08127550933542], [72.8320596456331, 19.081286138388663], [72.83200009993291, 19.081289700198447]]]}, "properties": {"FEATUREID": "FS10000000005", "NAME": "Meerabuag", "TYPE": 2, "LOCATION": "Saraswati Road,Near Kalpana Building,Santacruz West,Mumbai,400054", "WARD": "H/W", "SUBTYPE": null, "DEPTH": 1.5, "HEIGHT_TO_MSL": null, "AFFECT_AREA": "Santacruz West", "AFFECT_POPULATION": 1200, "AFFECTED_HUT": 300, "AFFECT_ROAD": null, "AFFECT_RAIL": "No", "NO_DE_WATER_PUMP": 1, "REMARKS": "Monsoon 24 (2024-25)"}}, {"type": "Feature", "geometry": {"type": "Polygon", "coordinates": [[[72.83882010046734, 19.064616232284997], [72.83879375972393, 19.06461465719463], [72.83876783475897, 19.06460995449184], [72.83874273401587, 19.06460220032125], [72.83871885301656, 19.06459151493564], [72.83869656859244, 19.064578068047812], [72.83867623232914, 19.06456207152765], [72.8386581667791, 19.064543778454425], [72.83864265320773, 19.064523475747116], [72.83862993824197, 19.064501484242275], [72.83862022160491, 19.0644781522274], [72.83861365910579, 19.064453844636926], [72.8386103511838, 19.064428947434223], [72.83861035164384, 19.064403853261858], [72.83861365919032, 19.06437895501963], [72.83862022215287, 19.064354647726425], [72.83862993866218, 19.064331314973547], [72.83864265385908, 19.064309324375813], [72.83865816661361, 19.064289022230728], [72.83867623339451, 19.06427072814445], [72.8386965683161, 19.0642547314194], [72.83871885270655, 19.064241285746863], [72.83874273427514, 19.06423060016486], [72.8387678336789, 19.0642228454578], [72.83879375987156, 19.064218142594267], [72.8388201005352, 19.064216568034333], [72.83884644121673, 19.064218143114818], [72.83887236612534, 19.06422284580094], [72.83889746682118, 19.064230599949145], [72.83892134777354, 19.06424128621112], [72.83894363123859, 19.06425473215533], [72.83896396749648, 19.06427072864531], [72.83898203400683, 19.06428902170056], [72.83899754760398, 19.064309324381693], [72.83901026165933, 19.064331315853792], [72.83901997834693, 19.064354647853005], [72.83902654090458, 19.06437895543469], [72.83902984888941, 19.06440385263608], [72.83902984944238, 19.064428946825807], [72.8390265419555, 19.064453845081427], [72.83901997904516, 19.064478152394333], [72.83901026257743, 19.064501485171956], [72.83899754740888, 19.064523475797976], [72.83898203466764, 19.0645437779731], [72.83896396788417, 19.064562072089235], [72.83894363199448, 19.064578068831004], [72.8389213475712, 19.064591514527617], [72.83889746596898, 19.06460219922531], [72.83887236649853, 19.0646099548478], [72.8388464411945, 19.06461465772755], [72.83882010046734, 19.064616232284997]]]}, "properties": {"FEATUREID": "FS10000000006", "NAME": "Jai Bharat Nagar", "TYPE": 1, "LOCATION": "Jai Bharat Nagar Road,Near Jay Deep Society,Khar,Mumbai,400052", "WARD": "H/W", "SUBTYPE": 99, "DEPTH": 4, "HEIGHT_TO_MSL": null, "AFFECT_AREA": "Khar ", "AFFECT_POPULATION": 1600, "AFFECTED_HUT": 400, "AFFECT_ROAD": null, "AFFECT_RAIL": "No", "NO_DE_WATER_PUMP": 1, "REMARKS": "Already Tackled (2024-25)"}}, {"type": "Feature", "geometry": {"type": "Polygon", "coordinates": [[[72.83763107081273, 19.063384935400222], [72.83760455565823, 19.063383348176355], [72.83757845750615, 19.063378613486808], [72.837553188607, 19.06337080661995], [72.83752914919269, 19.063360050595787], [72.83750671705194, 19.063346514237228], [72.83748624565412, 19.06333041034143], [72.83746805847385, 19.06331199380676], [72.8374524414628, 19.06329155612492], [72.83743964219373, 19.06326941814482], [72.83742986226204, 19.06324592998341], [72.83742325362734, 19.06322146014375], [72.83741992428875, 19.063196397388005], [72.83741992519884, 19.063171134325387], [72.83742325402775, 19.063146070166127], [72.83742986287876, 19.06312160177939], [72.83743964417043, 19.063098113591955], [72.83745244303078, 19.063075974120604], [72.83746805918537, 19.063055536897576], [72.83748624815308, 19.063037121516302], [72.83750672024955, 19.063021017232813], [72.83752915294616, 19.06300748220746], [72.83755319203068, 19.062996727260042], [72.83757846105843, 19.062988919593664], [72.83760455942901, 19.06298418457881], [72.83763107482739, 19.06298259867312], [72.83765758991919, 19.062984185886968], [72.83768368991377, 19.062988920581898], [72.83770895781522, 19.06299672741491], [72.83773299718212, 19.063007484315094], [72.83775542931333, 19.06302101974076], [72.83777590070568, 19.063037123605977], [72.8377940869468, 19.063055540100024], [72.83780970493376, 19.063075977766477], [72.83782250424275, 19.063098115724692], [72.83783228421395, 19.06312160477332], [72.8378388929197, 19.063146073700977], [72.83784222232195, 19.063171136455402], [72.83784222147591, 19.063196399524337], [72.83783889175758, 19.063221463686027], [72.83783228390928, 19.063245932103857], [72.83782250265976, 19.06326942031639], [72.83780970382811, 19.063291559816403], [72.83779408768699, 19.063311997069853], [72.83777589871666, 19.063330412481406], [72.83775542661337, 19.063346515890004], [72.8377329938718, 19.06336005184287], [72.83770895474132, 19.063370806809324], [72.83768368471976, 19.063378613573935], [72.83765758722528, 19.063383349508193], [72.83763107081273, 19.063384935400222]]]}, "properties": {"FEATUREID": "FS10000000008", "NAME": "Railway Colony, S.V. Road", "TYPE": 1, "LOCATION": "Railway Colony Road,Near Railway Crossing,Khar,Mumbai,400050", "WARD": "H/W", "SUBTYPE": 99, "DEPTH": 4, "HEIGHT_TO_MSL": null, "AFFECT_AREA": "Khar", "AFFECT_POPULATION": 1800, "AFFECTED_HUT": 300, "AFFECT_ROAD": null, "AFFECT_RAIL": "Yes", "NO_DE_WATER_PUMP": 1, "REMARKS": "Monsoon 24 (2024-25)"}}, {"type": "Feature", "geometry": {"type": "Polygon", "coordinates": [[[72.85389029971313, 19.11791989813418], [72.85383074133806, 19.117916336367934], [72.85377212091925, 19.11790570671055], [72.85371536469081, 19.117888178039802], [72.85366136804411, 19.117864026362078], [72.85361098132208, 19.117833631033346], [72.85356500034108, 19.117797472841836], [72.85352414752818, 19.117756122948627], [72.85348907112261, 19.117710231135646], [72.85346032240803, 19.117660522830096], [72.85343835308393, 19.117607781911566], [72.85342351256733, 19.117552838938057], [72.85341603290799, 19.11749656193727], [72.85341603284594, 19.117439836582182], [72.85342351314326, 19.117383559813867], [72.85343835402584, 19.117328617230193], [72.8534603228782, 19.11727587594976], [72.85348907160359, 19.117226168322627], [72.85352414917416, 19.11718027672168], [72.85356500077447, 19.117138926306847], [72.85361098321329, 19.117102768946566], [72.85366136884083, 19.117072374231263], [72.85371536560588, 19.117048221578305], [72.85377212189937, 19.11703069306271], [72.85383074093397, 19.117020063649292], [72.85389029973425, 19.11701650231757], [72.8539498587422, 19.11702006404458], [72.85400847793356, 19.117030692702652], [72.85406523390778, 19.117048222161966], [72.85411923132371, 19.11707237371398], [72.85416961698776, 19.117102768881175], [72.85421559890248, 19.117138926026016], [72.85425645080714, 19.117180276662157], [72.85429152829457, 19.117226168351994], [72.85432027722247, 19.117275875643532], [72.85434224584371, 19.117328617373513], [72.8543570866602, 19.117383560301786], [72.85436456664164, 19.11743983729553], [72.8543645670393, 19.11749656177907], [72.8543570870475, 19.11755283861565], [72.85434224737126, 19.11760778221415], [72.85432027779385, 19.117660522707062], [72.85429152920231, 19.11771023138207], [72.85425645170024, 19.117756123136758], [72.85421560009877, 19.117797472801556], [72.85416961945516, 19.117833631229917], [72.85411923175936, 19.117864026046586], [72.85406523477386, 19.117888177892944], [72.85400847913718, 19.117905707386146], [72.85394985885067, 19.11791633591172], [72.85389029971313, 19.11791989813418]]]}, "properties": {"FEATUREID": "FS11000000002", "NAME": "Rajaram Bridge", "TYPE": 2, "LOCATION": "Anderi Kurla Road,Next To Hetal Building,Andheri East,Mumbai,400069", "WARD": "K/E", "SUBTYPE": null, "DEPTH": 1.5, "HEIGHT_TO_MSL": null, "AFFECT_AREA": "Andheri East", "AFFECT_POPULATION": 700, "AFFECTED_HUT": 300, "AFFECT_ROAD": null, "AFFECT_RAIL": "No", "NO_DE_WATER_PUMP": 1, "REMARKS": null}}, {"type": "Feature", "geometry": {"type": "Polygon", "coordinates": [[[72.82777890056899, 18.915769449070616], [72.82775763418007, 18.915767678206667], [72.82773701364027, 18.91576241928082], [72.8277176679999, 18.915753835015835], [72.82770018332955, 18.915742182474002], [72.82768508655268, 18.915727815577707], [72.82767284273876, 18.915711174238425], [72.82766382216988, 18.915692762293094], [72.82765829759896, 18.915673139342545], [72.8276564369266, 18.915652899890684], [72.82765829767102, 18.91563266063424], [72.8276638225151, 18.915613037828983], [72.82767284338252, 18.91559462565934], [72.82768508728329, 18.915577984564457], [72.82770018231109, 18.915563617823597], [72.82771766816346, 18.915551965356695], [72.82773701447535, 18.91554338045411], [72.82775763517002, 18.915538120912114], [72.82777889982309, 18.9155363509724], [72.82780016618347, 18.91553812183106], [72.82782078480135, 18.915543380725214], [72.82784013137407, 18.915551964988833], [72.82785761698622, 18.915563617527784], [72.82787271281722, 18.91557798439919], [72.82788495759311, 18.915594625737608], [72.82789397723438, 18.915613037663146], [72.82789950278138, 18.91563266062047], [72.82790136348333, 18.915652900072825], [72.82789950276742, 18.915673139334594], [72.82789397794735, 18.91569276214931], [72.82788495709653, 18.91571117433141], [72.82787271320295, 18.91572781544029], [72.82785761722307, 18.915742182183845], [72.82784013135769, 18.915753834662702], [72.82782078597342, 18.91576241958507], [72.82780016525165, 18.91576767913143], [72.82777890056899, 18.915769449070616]]]}, "properties": {"FEATUREID": "FS01000000014", "NAME": "Panchshil Nagar BMC Chawl (Azad Nagar) (Tackled) ", "TYPE": 2, "LOCATION": "Rajwadkar Street, Near BMC Chawl, Azadnagar, Colaba, Mumbai, 400005", "WARD": "A", "SUBTYPE": 2, "DEPTH": 3, "HEIGHT_TO_MSL": null, "AFFECT_AREA": "BMC Chawl Panchshil Nagar", "AFFECT_POPULATION": 90, "AFFECTED_HUT": 30, "AFFECT_ROAD": null, "AFFECT_RAIL": "No", "NO_DE_WATER_PUMP": 0, "REMARKS": "Already Tackled (2024-25)"}}, {"type": "Feature", "geometry": {"type": "Polygon", "coordinates": [[[72.81715239844948, 18.9097986187525], [72.8171273086793, 18.9097965281076], [72.81710298030116, 18.909790323951484], [72.81708015589491, 18.90978019385972], [72.81705952429057, 18.90976644490928], [72.81704171216832, 18.909749492740584], [72.81702726605268, 18.909729859539084], [72.81701662340004, 18.9097081348553], [72.81701010305115, 18.909684980008706], [72.8170079074807, 18.909661101016365], [72.81701010419452, 18.909637219470085], [72.81701662297672, 18.909614065277918], [72.81702726679711, 18.909592340662243], [72.81704171388492, 18.909572706635405], [72.81705952474664, 18.909555754178186], [72.81708015447843, 18.90954200619117], [72.817102979875, 18.909531876263795], [72.81712730982059, 18.90952567240976], [72.81715239878463, 18.90952358096705], [72.81717749136185, 18.90952567163799], [72.81720181970663, 18.90953187578092], [72.81722464407807, 18.90954200675843], [72.81724527567245, 18.909555755689397], [72.81726308781076, 18.90957270693576], [72.81727753394453, 18.90959234012064], [72.81728817661516, 18.90961406569548], [72.81729469701352, 18.909637219632923], [72.81729689258998, 18.90966110133533], [72.81729469593931, 18.909684981082787], [72.81728817720222, 18.90970813438502], [72.8172775334049, 18.909729859018093], [72.81726308632705, 18.90974949306438], [72.81724527546099, 18.909766445540814], [72.81722464571106, 18.90978019354449], [72.81720181933588, 18.909790323472752], [72.81717749027801, 18.909796529150224], [72.81715239844948, 18.9097986187525]]]}, "properties": {"FEATUREID": "FS01000000015", "NAME": "Dr Babasaheb Ambedkar Nagar, Captain Prakash Pethe Marg Back Bay Depot Near Telgu Church (Tackled)", "TYPE": 2, "LOCATION": "Captain Prakash Pethe Marg, Near Back Bay Depot, Colaba, Mumbai, 400005", "WARD": "A", "SUBTYPE": 2, "DEPTH": 2, "HEIGHT_TO_MSL": null, "AFFECT_AREA": "Dr Babasaheb Ambedkar Nagar", "AFFECT_POPULATION": 30, "AFFECTED_HUT": 10, "AFFECT_ROAD": "Captain Prakash Pethe Marg", "AFFECT_RAIL": "Yes", "NO_DE_WATER_PUMP": 0, "REMARKS": "Already Tackled (2024-25)"}}, {"type": "Feature", "geometry": {"type": "Polygon", "coordinates": [[[72.82934150338028, 18.9603648965917], [72.82903716848011, 18.960773772039605], [72.82866286052625, 18.961126194159295], [72.82822989014456, 18.961411391918578], [72.82775145303981, 18.961620698468664], [72.82724205321118, 18.961747807280474], [72.82671723965075, 18.96178886393627], [72.82619290316812, 18.961742507580578], [72.82568500580552, 18.96161030221059], [72.82520895226037, 18.96139614938917], [72.82477923599095, 18.961106556836206], [72.8244087906338, 18.96075042662707], [72.82410904331522, 18.960338456000052], [72.82388909911813, 18.959883287598515], [72.82375551338664, 18.959398624265244], [72.82371238720489, 18.958899267161144], [72.82376110211904, 18.958400424350266], [72.82390002814326, 18.95791717716052], [72.8241251856774, 18.95746417906666], [72.82442950545891, 18.957055410383855], [72.82480380048284, 18.956702954984845], [72.82523678090205, 18.956417756555926], [72.82571520037088, 18.956208435302344], [72.82622455937087, 18.956081366708602], [72.82674937631407, 18.956040339712334], [72.82727368176873, 18.956086650138392], [72.82778156555398, 18.956218849687037], [72.82825767649774, 18.95643307152603], [72.82868743522609, 18.95672264525058], [72.82905772196472, 18.957078713690862], [72.82935750758513, 18.95749069097389], [72.82957748045487, 18.957945828143682], [72.82971107852943, 18.958430524991755], [72.82975420961426, 18.958929872404394], [72.82970554316428, 18.95942873425196], [72.82956660245256, 18.95991197067132], [72.82934150338028, 18.9603648965917]]]}, "properties": {"FEATUREID": "FS03000000003", "NAME": "Gol Deval Alankar Cinema Junction", "TYPE": 1, "LOCATION": "S V P Road, Near Alankar Cinema, Kumbharwada, Mumbai, 400004", "WARD": "C", "SUBTYPE": 3, "DEPTH": 1, "HEIGHT_TO_MSL": null, "AFFECT_AREA": "Alankar Cinema Junction", "AFFECT_POPULATION": null, "AFFECTED_HUT": null, "AFFECT_ROAD": "S V P Road", "AFFECT_RAIL": "No", "NO_DE_WATER_PUMP": 2, "REMARKS": "Planning Stage (2025)"}}, {"type": "Feature", "geometry": {"type": "Polygon", "coordinates": [[[72.82336500000655, 18.944072182706215], [72.82333978073834, 18.944070084605777], [72.82331533179611, 18.944063850505273], [72.82329239113616, 18.944053670624324], [72.82327165434475, 18.9440398548184], [72.8232537538862, 18.944022822399187], [72.82323923549214, 18.94400309282475], [72.82322853569902, 18.94398126104763], [72.82322198661723, 18.943957995764315], [72.82321977941949, 18.94393400014638], [72.82322198533872, 18.943910003054462], [72.82322853601804, 18.943886737129393], [72.82323923625941, 18.94386490732797], [72.82325375373594, 18.943845179059927], [72.82327165359334, 18.94382814517388], [72.82329238987289, 18.94381432856648], [72.8233153315474, 18.943804150874367], [72.8233397826632, 18.94379791645206], [72.82336499936535, 18.94379581708834], [72.82339021858166, 18.943797916084428], [72.82341466750181, 18.943804149268505], [72.82343761098574, 18.943814329165306], [72.82345834489628, 18.94382814672436], [72.82347624633174, 18.943845177329028], [72.82349076379501, 18.943864906875486], [72.82350146171997, 18.94388673861811], [72.82350801368726, 18.943910003928742], [72.82351021997759, 18.943933999536245], [72.82350801504764, 18.943957996646784], [72.82350146345301, 18.94398126257403], [72.82349076513322, 18.944003092415294], [72.82347624576856, 18.944022820680747], [72.8234583468559, 18.94403985459738], [72.82343761150713, 18.944053671232755], [72.82341466788091, 18.94406385072105], [72.82339021769948, 18.944070083354383], [72.82336500000655, 18.944072182706215]]]}, "properties": {"FEATUREID": "FS03000000004", "NAME": "N S Road, Near Princes Street Bridge (Tackled)", "TYPE": 2, "LOCATION": "N S Road, Near Indian Oil Petrol Pump, Marine Drive, Mumbai, 400020", "WARD": "C", "SUBTYPE": 2, "DEPTH": 2, "HEIGHT_TO_MSL": null, "AFFECT_AREA": "N S Road", "AFFECT_POPULATION": null, "AFFECTED_HUT": null, "AFFECT_ROAD": "N S Road", "AFFECT_RAIL": "No", "NO_DE_WATER_PUMP": 0, "REMARKS": "Already Tackled (2024-25)"}}, {"type": "Feature", "geometry": {"type": "Polygon", "coordinates": [[[72.81448650060425, 18.973012591847297], [72.81445642245372, 18.973010088864704], [72.81442725643349, 18.973002655871188], [72.8143998920816, 18.972990516535052], [72.81437516009439, 18.97297403835028], [72.81435380867691, 18.972953726034415], [72.81433649058297, 18.972930196084494], [72.81432373007893, 18.972904161934764], [72.81431591462443, 18.972876416696618], [72.8143132820068, 18.97284780048965], [72.8143159158189, 18.97281918322645], [72.81432372870255, 18.972791439123764], [72.81433648950558, 18.972765402764033], [72.81435380897244, 18.972741874346042], [72.81437515948376, 18.972721562110124], [72.8143998921079, 18.972705085249448], [72.81442725501397, 18.97269294522364], [72.81445642216187, 18.972685509839007], [72.8144865000174, 18.9726830079085], [72.81451657716144, 18.972685510869237], [72.81454574313351, 18.972692943843768], [72.81457310838961, 18.972705084069187], [72.81459783942496, 18.972721561311594], [72.81461919084867, 18.97274187359976], [72.81463651087905, 18.972765402644992], [72.8146492695156, 18.97279143765802], [72.81465708502449, 18.97281918288746], [72.81465971768976, 18.97284779999856], [72.81465708394666, 18.97287641636934], [72.81464927111115, 18.972904160491012], [72.81463651130245, 18.97293019598386], [72.81461919183819, 18.97295372533303], [72.81459784035958, 18.972974038488545], [72.81457310769756, 18.972990516276315], [72.8145457447722, 18.973002654513298], [72.8145165775699, 18.973010089906634], [72.81448650060425, 18.973012591847297]]]}, "properties": {"FEATUREID": "FS04000000007", "NAME": "Tardeo A C Market (Tackled)", "TYPE": 2, "LOCATION": "Tardeo Road, Near A C Market Bldg, Tardeo, Mumbai, 400034", "WARD": "D", "SUBTYPE": 2, "DEPTH": 2, "HEIGHT_TO_MSL": null, "AFFECT_AREA": "Tardeo A C Market", "AFFECT_POPULATION": null, "AFFECTED_HUT": null, "AFFECT_ROAD": "Tardeo Road A C Market", "AFFECT_RAIL": "No", "NO_DE_WATER_PUMP": 0, "REMARKS": "Already Tackled (2024-25)"}}, {"type": "Feature", "geometry": {"type": "Polygon", "coordinates": [[[72.81275460035754, 18.96927910505721], [72.8127292837189, 18.969276998620796], [72.81270473614987, 18.969270740901468], [72.81268170326828, 18.96926052406649], [72.81266088646669, 18.969246655376907], [72.8126429153721, 18.969229557765303], [72.81262833953842, 18.969209751672597], [72.81261759922013, 18.9691878393474], [72.81261102179928, 18.969164487642036], [72.81260880886163, 18.969140399859043], [72.81261102293094, 18.96911631378791], [72.8126176003399, 18.969092961210983], [72.81262833917303, 18.969071046083076], [72.81264291638871, 18.96905124202404], [72.8126608865455, 18.96903414443174], [72.8126817045135, 18.96902027616988], [72.81270473630491, 18.96901005788888], [72.81272928196198, 18.969003800167137], [72.8127545994058, 18.969001694760273], [72.81277991600392, 18.96900380118912], [72.81280446352706, 18.96901005979812], [72.81282749639686, 18.969020275712246], [72.81284831316471, 18.969034146188186], [72.81286628428728, 18.969051241973947], [72.81288086111228, 18.969071046254662], [72.81289160143734, 18.969092960373757], [72.81289817794747, 18.969116312061747], [72.81290039092721, 18.969140399845482], [72.81289817689843, 18.969164485924164], [72.81289159952355, 18.969187838514532], [72.812880860714, 18.96920975366019], [72.81286628444599, 18.969229558653414], [72.81284831334729, 18.969246655351014], [72.81282749536079, 18.969260523629874], [72.81280446353904, 18.969270741923182], [72.81277991784343, 18.969276999651086], [72.81275460035754, 18.96927910505721]]]}, "properties": {"FEATUREID": "FS04000000008", "NAME": "Tardeo Police station Building No 07 (Tackled)", "TYPE": 2, "LOCATION": "S V P Road, Near Alankar Cinema, Kumbharwada, Mumbai, 400004", "WARD": "D", "SUBTYPE": 2, "DEPTH": 2, "HEIGHT_TO_MSL": null, "AFFECT_AREA": "Tardeo Police Station", "AFFECT_POPULATION": null, "AFFECTED_HUT": null, "AFFECT_ROAD": null, "AFFECT_RAIL": "No", "NO_DE_WATER_PUMP": 0, "REMARKS": "Already Tackled (2024-25)"}}, {"type": "Feature", "geometry": {"type": "Polygon", "coordinates": [[[72.82753819985794, 18.98308898980061], [72.82749583606237, 18.98308546206437], [72.82745475676587, 18.98307499253079], [72.82741621689279, 18.983057896717416], [72.8273813804885, 18.983034688694953], [72.82735130928012, 18.98300608456571], [72.82732691878371, 18.98297294594616], [72.82730894794912, 18.982936277803613], [72.82729793860291, 18.98289720292351], [72.82729423340936, 18.982856899560595], [72.82729793794458, 18.982816597380538], [72.82730894611815, 18.982777520853418], [72.82732691972203, 18.982740855593224], [72.82735130880071, 18.982707715176918], [72.82738138054175, 18.982679109870006], [72.8274162150683, 18.982655905027816], [72.82745475976182, 18.982638805475034], [72.82749583804025, 18.982628337543968], [72.82753820018748, 18.982624809928275], [72.82758056386946, 18.982628337643444], [72.82762164307036, 18.982638807139402], [72.8276601828422, 18.982655905612493], [72.827695019253, 18.982679110869956], [72.82772509047369, 18.982707714944244], [72.82774948099843, 18.98274085532239], [72.82776745191799, 18.982777523430364], [72.82777846139554, 18.982816596486888], [72.82778216670695, 18.982856899851807], [72.82777846225018, 18.982897204762274], [72.82776745420735, 18.98293627861767], [72.82774948066958, 18.982972943927496], [72.82772508782219, 18.983006084354876], [72.82769501984275, 18.98303469156755], [72.82766018528788, 18.983057894651132], [72.82762164050938, 18.983074994238503], [72.82758056212302, 18.983085462186914], [72.82753819985794, 18.98308898980061]]]}, "properties": {"FEATUREID": "FS04000000009", "NAME": "Shanti Nagar, Seven Road, Sane Guruji Marg, Chawl No 15 (Tackled)", "TYPE": 2, "LOCATION": "Sane Guruji Marg, Near Sat Rasta, Mahalaxmi, Mumbai, 400011", "WARD": "D", "SUBTYPE": 2, "DEPTH": 1.5, "HEIGHT_TO_MSL": null, "AFFECT_AREA": "Shanti Nagar", "AFFECT_POPULATION": 120, "AFFECTED_HUT": 40, "AFFECT_ROAD": "Sane Guruji Marg", "AFFECT_RAIL": "No", "NO_DE_WATER_PUMP": 2, "REMARKS": "Already Tackled (2024-25)"}}, {"type": "Feature", "geometry": {"type": "Polygon", "coordinates": [[[72.80910240024839, 18.976572785694568], [72.80906615324342, 18.976569767087454], [72.80903100644099, 18.976560810004553], [72.80899802920995, 18.97654618181922], [72.80896822406343, 18.976526325247175], [72.80894249355156, 18.976501848921888], [72.8089216245721, 18.976473492885322], [72.80890624766931, 18.976442119073386], [72.80889683071985, 18.976408685950055], [72.80889365771374, 18.976374201287317], [72.80889683073612, 18.97633971586571], [72.80890624775192, 18.976306279855603], [72.8089216258617, 18.97627490696269], [72.80894249591344, 18.976246550880017], [72.8089682256874, 18.976222074852224], [72.80899802887676, 18.97620221836204], [72.80903100793546, 18.976187587702015], [72.80906615154882, 18.976178631557055], [72.80910239955084, 18.976175613772472], [72.80913864647268, 18.976178632364096], [72.80917379320518, 18.976187589419393], [72.80920677036428, 18.976202219374567], [72.80923657551354, 18.976222074099653], [72.80926230601088, 18.97624655219092], [72.80928317505192, 18.976274906386436], [72.80929855486481, 18.976306280206824], [72.80930796904543, 18.976339713283828], [72.80931114210239, 18.976374200657407], [72.80930796919854, 18.976408683385205], [72.80929855319015, 18.976442120337246], [72.80928317608979, 18.976473492374662], [72.80926230510964, 18.97650184848686], [72.80923657813902, 18.976526327297897], [72.80920677114997, 18.97654618106864], [72.80917379487691, 18.97656081178765], [72.80913864833666, 18.976569767911506], [72.80910240024839, 18.976572785694568]]]}, "properties": {"FEATUREID": "FS04000000010", "NAME": "Cadbury Junction, Peddler Road (Tackled)", "TYPE": 2, "LOCATION": "Pedder Road, Near Cadbury Company, Near Mahalaxmi Temple, Pedder Road, Mumbai, 400034", "WARD": "D", "SUBTYPE": 2, "DEPTH": 1.5, "HEIGHT_TO_MSL": null, "AFFECT_AREA": "Cadbury Junction", "AFFECT_POPULATION": null, "AFFECTED_HUT": null, "AFFECT_ROAD": "Peddler Road", "AFFECT_RAIL": "No", "NO_DE_WATER_PUMP": 0, "REMARKS": "Already Tackled (2024-25)"}}, {"type": "Feature", "geometry": {"type": "Polygon", "coordinates": [[[72.83160440019645, 18.98660848657291], [72.83157439213912, 18.98660598877121], [72.83154529851983, 18.98659857351501], [72.8315180004813, 18.986586460686798], [72.83149332491577, 18.986570026700377], [72.83147202694138, 18.986549764551917], [72.83145474991215, 18.98652629238369], [72.8314420182207, 18.986500322688904], [72.83143422235433, 18.986472643167932], [72.83143159727057, 18.98644410021614], [72.83143422203302, 18.98641555375681], [72.83144201886236, 18.986387877230015], [72.83145474999424, 18.98636190697341], [72.83147202632917, 18.986338434194543], [72.83149332590328, 18.98631817176697], [72.83151799978336, 18.98630173894417], [72.83154529909329, 18.98628962735271], [72.83157439196201, 18.98628221203012], [72.83160440008994, 18.98627971391685], [72.83163440809027, 18.986282211707966], [72.83166350071224, 18.986289626934198], [72.83169080157735, 18.986301738867752], [72.83171547426873, 18.986318173695995], [72.83173677512075, 18.98633843404404], [72.83175405215255, 18.98636190799459], [72.83176678103855, 18.98638787763864], [72.83177457890457, 18.986415553560686], [72.83177720210196, 18.986444100103686], [72.83177457836925, 18.98647264477845], [72.83176678063855, 18.986500321313006], [72.83175405236453, 18.986526293434114], [72.8317367750946, 18.986549766229775], [72.83171547460006, 18.98657002596443], [72.83169080162, 18.986586460628512], [72.83166350130638, 18.986598573129324], [72.83163440743417, 18.986605988449483], [72.83160440019645, 18.98660848657291]]]}, "properties": {"FEATUREID": "FS05000000008", "NAME": "Aurther Road Lane (Tackled)", "TYPE": 2, "LOCATION": "Sane Guruji Marg, Gulabrao Ganacharya Chowk, Chinchpokli, Mumbai, 400011", "WARD": "E", "SUBTYPE": 2, "DEPTH": 1.5, "HEIGHT_TO_MSL": null, "AFFECT_AREA": "Aurther Road", "AFFECT_POPULATION": null, "AFFECTED_HUT": null, "AFFECT_ROAD": "Sane Guruji Marg/ Aurther Road", "AFFECT_RAIL": "No", "NO_DE_WATER_PUMP": 0, "REMARKS": "Already Tackled (2024-25)"}}, {"type": "Feature", "geometry": {"type": "Polygon", "coordinates": [[[72.83393379871742, 18.97404517184525], [72.83390405553547, 18.974042695777865], [72.83387521183877, 18.974035343601717], [72.83384814771401, 18.974023338783578], [72.83382368733969, 18.97400704323838], [72.83380257431607, 18.97398695613697], [72.83378544830641, 18.973963684728446], [72.83377282898076, 18.973937937829348], [72.83376509734559, 18.97391050121692], [72.83376249719547, 18.973882198806], [72.83376509800928, 18.973853898537595], [72.833772827892, 18.97382646127852], [72.83378544732194, 18.973800715223202], [72.83380257495686, 18.973777442646703], [72.8338236869886, 18.973757356412747], [72.83384814708465, 18.97374106058079], [72.83387521011537, 18.973729055869423], [72.83390405489652, 18.97372170390922], [72.8339338012645, 18.97371922834594], [72.83396354439046, 18.973721704402955], [72.83399238996196, 18.973729054776555], [72.83401945213222, 18.973741061354247], [72.83404391249242, 18.973757356872042], [72.83406502552208, 18.973777443946375], [72.83408215442847, 18.97380071355847], [72.8340947709598, 18.973826459504103], [72.83410250261309, 18.973853898817328], [72.83410510284465, 18.973882199422963], [72.83410250207514, 18.97391050060488], [72.83409477222787, 18.973937938785582], [72.8340821528305, 18.97396368486537], [72.8340650252097, 18.97398695746929], [72.83404391317194, 18.974007043730328], [72.8340194521011, 18.974023339574646], [72.83399238997781, 18.974035344314164], [72.83396354514346, 18.97404269628294], [72.83393379871742, 18.97404517184525]]]}, "properties": {"FEATUREID": "FS05000000009", "NAME": "Byculla Police station (Tackled)", "TYPE": 2, "LOCATION": "Love Lane, Near Byculla Flyover, Byculla, Mumbai, 400027", "WARD": "E", "SUBTYPE": 2, "DEPTH": 1, "HEIGHT_TO_MSL": null, "AFFECT_AREA": "Byculla Police station/ Love Lane", "AFFECT_POPULATION": null, "AFFECTED_HUT": null, "AFFECT_ROAD": "Love Lane", "AFFECT_RAIL": "No", "NO_DE_WATER_PUMP": 0, "REMARKS": "Already Tackled (2024-25)"}}, {"type": "Feature", "geometry": {"type": "Polygon", "coordinates": [[[72.82188009740818, 18.97596949565434], [72.82180171964869, 18.975962973283806], [72.8217257267845, 18.975943605788373], [72.82165442414666, 18.975911971283537], [72.82158997721244, 18.975869034640528], [72.82153433991559, 18.975816111414627], [72.82148921284326, 18.975754796898435], [72.82145597018777, 18.975686961647877], [72.82143560864053, 18.975614665973985], [72.82142874908307, 18.97554010305702], [72.82143560512394, 18.9754655362514], [72.82145597053936, 18.975393242936306], [72.82148921500107, 18.975325405172214], [72.82153434225515, 18.975264089611702], [72.8215899760154, 18.975211164235315], [72.82165442545498, 18.97516822686329], [72.82172572893202, 18.97513660115521], [72.82180172088681, 18.97511722991118], [72.82188009602714, 18.97511070382874], [72.82195847522615, 18.975117231568053], [72.82203447248624, 18.975136600796745], [72.82210577499194, 18.975168227906774], [72.82217022182836, 18.975211164359337], [72.82222585347169, 18.97526408733017], [72.82227098641698, 18.9753254017504], [72.82230422932805, 18.975393239592115], [72.82232459127982, 18.975465532497452], [72.82233145115839, 18.97554010174314], [72.82232459552962, 18.97561466681475], [72.822304230406, 18.975686962968034], [72.82227098621736, 18.97575479728952], [72.82222585910806, 18.97581610942802], [72.82217022530556, 18.975869034992474], [72.82210577568878, 18.975911972527467], [72.82203446900259, 18.975943603738955], [72.82195847959684, 18.975962969657008], [72.82188009740818, 18.97596949565434]]]}, "properties": {"FEATUREID": "FS05000000010", "NAME": "Patra Chwal, Ghas Bazar", "TYPE": 1, "LOCATION": "Sane Guruji Marg, Near Bal Gopal Mitra Mandal, Agripada, Mumbai, 400008", "WARD": "E", "SUBTYPE": 3, "DEPTH": 2, "HEIGHT_TO_MSL": null, "AFFECT_AREA": "Agripada Ghas Bazar", "AFFECT_POPULATION": 150, "AFFECTED_HUT": 50, "AFFECT_ROAD": "Sane Guruji Marg", "AFFECT_RAIL": "No", "NO_DE_WATER_PUMP": 0, "REMARKS": "Monsoon 24 (2024-25)"}}, {"type": "Feature", "geometry": {"type": "Polygon", "coordinates": [[[72.84413880015752, 18.976463154702376], [72.84410923835895, 18.97646069227603], [72.84408057629385, 18.97645338709112], [72.84405368180884, 18.97644145700595], [72.84402937532361, 18.976425263848988], [72.8440083920208, 18.97640530033261], [72.84399137253891, 18.976382175492375], [72.84397883006017, 18.97635658991543], [72.84397115046184, 18.97632932399962], [72.84396856336436, 18.976301200582487], [72.84397114984246, 18.976273075998346], [72.84397882953024, 18.976245809217158], [72.84399137155215, 18.976220224034854], [72.84400839181481, 18.976197098202764], [72.8440293751784, 18.9761771374914], [72.84405368252018, 18.976160943255397], [72.84408057637754, 18.976149011829055], [72.84410923743455, 18.97614170762073], [72.8441387998787, 18.976139245459333], [72.84416836162198, 18.97614170787546], [72.84419702364053, 18.976149013042097], [72.8442239180933, 18.976160943103135], [72.8442482245646, 18.97617713623302], [72.84426920789659, 18.9761970979164], [72.84428622738038, 18.976220224539688], [72.84429876990045, 18.976245810099776], [72.84430644955128, 18.976273076007107], [72.84430903670611, 18.976301199425173], [72.8443064483847, 18.976329323997405], [72.84429876874349, 18.976356590796886], [72.84428622675378, 18.976382176003323], [72.8442692084037, 18.97640530188459], [72.84424822503415, 18.97642526262271], [72.84422391766722, 18.97644145688191], [72.84419702379179, 18.976453386518838], [72.84416836265903, 18.976460692541906], [72.84413880015752, 18.976463154702376]]]}, "properties": {"FEATUREID": "FS05000000011", "NAME": "List No 40, Elbert Junction (Tackled)", "TYPE": 2, "LOCATION": "Barrister Nath Pai Road, Near Reay Road Railway station, Reay Road, Mumbai, 400010", "WARD": "E", "SUBTYPE": 2, "DEPTH": 2, "HEIGHT_TO_MSL": null, "AFFECT_AREA": "Elbert Junction", "AFFECT_POPULATION": null, "AFFECTED_HUT": null, "AFFECT_ROAD": "Barrister Nath Pai Road", "AFFECT_RAIL": "No", "NO_DE_WATER_PUMP": 0, "REMARKS": "Already Tackled (2024-25)"}}, {"type": "Feature", "geometry": {"type": "Polygon", "coordinates": [[[72.82299480006249, 18.97446769690164], [72.8229649025455, 18.97446520823346], [72.82293591369049, 18.974457819258184], [72.82290871451531, 18.974445753504625], [72.82288412913624, 18.974429375643574], [72.8228629096379, 18.97440918679353], [72.82284569559424, 18.974385797850076], [72.82283301132617, 18.974359921324197], [72.82282524440863, 18.974332344895057], [72.82282262994363, 18.974303899611], [72.82282524396261, 18.974275456198942], [72.82283301258059, 18.974247878202856], [72.8228456961168, 18.974222001925444], [72.82286290934688, 18.97419861227874], [72.82288412934378, 18.974178423908043], [72.82290871397181, 18.974162046182766], [72.82293591426262, 18.97414998063242], [72.82296490138204, 18.974142591456445], [72.82299479989004, 18.97414010320584], [72.82302469735049, 18.974142591863515], [72.8230536861579, 18.974149980820048], [72.8230808853002, 18.97416204654889], [72.82310547066503, 18.97417842438223], [72.82312669016949, 18.974198613204916], [72.82314390423896, 18.97422200212466], [72.82315658854932, 18.974247878633335], [72.8231643555206, 18.974275455053853], [72.82316697004428, 18.974303900338917], [72.82316435608183, 18.97433234376148], [72.82315658751145, 18.974359921776312], [72.8231439040316, 18.974385796272216], [72.82312669079228, 18.974409187752855], [72.82310547078926, 18.974429376150912], [72.82308088613543, 18.9744457538999], [72.82305368580232, 18.97445781946745], [72.82302469862917, 18.974465208652042], [72.82299480006249, 18.97446769690164]]]}, "properties": {"FEATUREID": "FS05000000012", "NAME": "Gate no 4, Nair Hospital, Murzban Colony", "TYPE": 1, "LOCATION": "Dr Android Nair Marg, Near Murzban Colony, Mumbai Central, Mumbai, 400008", "WARD": "E", "SUBTYPE": 3, "DEPTH": 2, "HEIGHT_TO_MSL": null, "AFFECT_AREA": "Nair Hospital Gate No 04", "AFFECT_POPULATION": null, "AFFECTED_HUT": null, "AFFECT_ROAD": "Dr Anandrao Nair Marg", "AFFECT_RAIL": "No", "NO_DE_WATER_PUMP": 0, "REMARKS": "Monsoon 25 (2024-25)"}}, {"type": "Feature", "geometry": {"type": "Polygon", "coordinates": [[[72.83398199955685, 18.98827868281799], [72.83392654878202, 18.988274064738338], [72.83387277843903, 18.988260362386278], [72.83382232975501, 18.98823798066994], [72.8337767329717, 18.988207609532004], [72.83373737391514, 18.988170165749313], [72.83370544560088, 18.988126790559054], [72.83368192135661, 18.988078798761077], [72.83366751628434, 18.988027648458566], [72.83366266120466, 18.987974900106085], [72.8336675149504, 18.987922147102402], [72.83368191993446, 18.987871000818195], [72.83370544496336, 18.98782301070764], [72.83373737331722, 18.987779631652106], [72.83377673166393, 18.987742190878585], [72.83382233083265, 18.98771181888706], [72.83387277927997, 18.987689436059913], [72.83392654881786, 18.987675736270024], [72.83398200019568, 18.987671117630022], [72.83403745078753, 18.9876757347705], [72.8340912209783, 18.987689436155026], [72.83414166952561, 18.987711819592608], [72.83418726820527, 18.98774218704493], [72.8342266291816, 18.987779630755668], [72.8342585537403, 18.987823009432294], [72.83428208097821, 18.987871001204336], [72.83429648631719, 18.987922145155235], [72.83430133866894, 18.98797489979956], [72.83429648516461, 18.988027649226826], [72.83428208225484, 18.988078794694548], [72.83425855538215, 18.988126789383458], [72.83422662713583, 18.98817016401876], [72.83418726870967, 18.98820760940205], [72.83414166945234, 18.98823798147522], [72.83409122088281, 18.98826036255544], [72.83403745493412, 18.988274064225788], [72.83398199955685, 18.98827868281799]]]}, "properties": {"FEATUREID": "FS05000000014", "NAME": "Dattara Lad Marg, 37, Doctor Compound Gandi Nagar Opp Soman Nagar (Tackled)", "TYPE": 2, "LOCATION": "Dattaram Lad Marg, Near Sahakar Sadan, Chinchpokli, Mumbai, 400012", "WARD": "E", "SUBTYPE": 2, "DEPTH": 2, "HEIGHT_TO_MSL": null, "AFFECT_AREA": "Gandhi Nagar Doctor Compound", "AFFECT_POPULATION": 90, "AFFECTED_HUT": 30, "AFFECT_ROAD": "Dattaram Lad Marg", "AFFECT_RAIL": "No", "NO_DE_WATER_PUMP": 0, "REMARKS": "Already Tackled (2024-25)"}}, {"type": "Feature", "geometry": {"type": "Polygon", "coordinates": [[[72.82373589970024, 18.976331301696717], [72.82370625696716, 18.976328833275712], [72.8236775147334, 18.97632150780407], [72.82365054837885, 18.976309545128665], [72.82362617352196, 18.976293307108207], [72.82360513189757, 18.976273288414497], [72.82358806403822, 18.976250099952594], [72.82357548776895, 18.97622444331664], [72.8235677869332, 18.976197101624585], [72.8235651957595, 18.97616890049449], [72.82356778854867, 18.976140697987315], [72.82357548856976, 18.976113357613993], [72.82358806488507, 18.97608770042565], [72.82360513131904, 18.97606451132449], [72.82362617362523, 18.976044494220595], [72.8236505477991, 18.97602825575376], [72.8236775163154, 18.976016293074117], [72.82370625606245, 18.976008967741276], [72.82373590021649, 18.976006498087433], [72.82376554383156, 18.976008967412394], [72.82379428508095, 18.976016291951318], [72.82382125327831, 18.976028256430975], [72.82384562621085, 18.976044495305004], [72.82386666787649, 18.976064511262457], [72.82388373576119, 18.976087699701043], [72.82389631207205, 18.976113356320095], [72.82390401296063, 18.97614069800366], [72.8239066041803, 18.976168900037873], [72.82390401145844, 18.976197101652247], [72.82389631144893, 18.97622444475335], [72.82388373520115, 18.97625009925663], [72.82386666876947, 18.976273289288148], [72.82384562645723, 18.976293306418945], [72.823821252258, 18.976309544909103], [72.82379428368839, 18.976321508508757], [72.82376554391199, 18.976328832043844], [72.82373589970024, 18.976331301696717]]]}, "properties": {"FEATUREID": "FS05000000015", "NAME": "Agripada Union Bank, Mumbai Central", "TYPE": 1, "LOCATION": "Dr Nair Marg, Near Union Bank, Near Sardar Auto Bharat Petroleum, Agripada, Mumbai, 400008", "WARD": "E", "SUBTYPE": 3, "DEPTH": 2, "HEIGHT_TO_MSL": null, "AFFECT_AREA": "Agripada", "AFFECT_POPULATION": null, "AFFECTED_HUT": null, "AFFECT_ROAD": "Dr Nair Marg", "AFFECT_RAIL": "No", "NO_DE_WATER_PUMP": 0, "REMARKS": "Monsoon 24 (2024-25)"}}, {"type": "Feature", "geometry": {"type": "Polygon", "coordinates": [[[72.83534960000831, 18.970083782465743], [72.8353197616715, 18.970081300153318], [72.83529082772516, 18.97007392371007], [72.83526368292638, 18.970061881165428], [72.83523914573163, 18.970045535262976], [72.83521796638627, 18.97002538434136], [72.83520078638584, 18.97000204018187], [72.83518812728325, 18.96997621252198], [72.83518037479634, 18.969948689901017], [72.8351777631838, 18.969920299733918], [72.83518037522228, 18.969891910117376], [72.83518812757838, 18.969864386302508], [72.83520078547966, 18.9698385574457], [72.83521796558604, 18.96981521483587], [72.83523914515176, 18.96979506412896], [72.83526368205331, 18.969778718356157], [72.83529082838241, 18.969766674598343], [72.83531976102073, 18.969759298988173], [72.83534959979227, 18.96975681788987], [72.83537943809608, 18.969759298385622], [72.83540837197171, 18.96976667661647], [72.83543551771028, 18.96977871734137], [72.83546005394155, 18.969795063205144], [72.83548123326969, 18.969815215905754], [72.8354984152526, 18.969838555548204], [72.83551107247544, 18.96986438497499], [72.83551882593012, 18.96989191030781], [72.83552143666348, 18.96992029956166], [72.83551882468133, 18.969948689188634], [72.83551107236096, 18.969976213925264], [72.83549841451583, 18.970002041000424], [72.83548123442363, 18.97002538363784], [72.83546005485182, 18.970045534371998], [72.83543551791296, 18.970061881071548], [72.83540837155341, 18.97007392394339], [72.83537943883826, 18.970081301368413], [72.83534960000831, 18.970083782465743]]]}, "properties": {"FEATUREID": "FS05000000016", "NAME": "Burhani College, Motishah Lane (Tackled)", "TYPE": 2, "LOCATION": "Nesbit Road, Near Prince Ali Khan Hospital, Mazgaon, Mumbai, 400010", "WARD": "E", "SUBTYPE": 2, "DEPTH": 2, "HEIGHT_TO_MSL": null, "AFFECT_AREA": "Burhani College", "AFFECT_POPULATION": null, "AFFECTED_HUT": null, "AFFECT_ROAD": "Nesbit Road", "AFFECT_RAIL": "No", "NO_DE_WATER_PUMP": 1, "REMARKS": "Already Tackled (2024-25)"}}, {"type": "Feature", "geometry": {"type": "Polygon", "coordinates": [[[72.8397597000021, 18.96450394111498], [72.83974321076788, 18.964502569135416], [72.83972722441943, 18.96449849323383], [72.83971222258441, 18.964491838258432], [72.83969866502943, 18.964482804676685], [72.83968696115963, 18.96447167004919], [72.83967746835283, 18.964458770945033], [72.83967047303295, 18.964444498204745], [72.83966618888795, 18.964429287886652], [72.83966474574675, 18.964413600362292], [72.83966618873472, 18.964397912177024], [72.83967047275307, 18.96438270243682], [72.83967746752761, 18.964368429382297], [72.83968696140583, 18.96435553043304], [72.83969866455384, 18.964344395127128], [72.83971222324146, 18.964335361674728], [72.83972722376721, 18.96432870706805], [72.83974321070329, 18.964324631035456], [72.83975970014983, 18.964323258905956], [72.83977618936686, 18.964324630882334], [72.83979217570084, 18.96432870677825], [72.83980717657661, 18.96433536173505], [72.8398207350765, 18.964344395319472], [72.83983243894814, 18.964355529938647], [72.83984193176278, 18.964368429035574], [72.83984892709552, 18.964382701770642], [72.83985321125684, 18.964397912086103], [72.83985465441589, 18.96441359961076], [72.83985321144509, 18.964429287799206], [72.83984892742957, 18.964444498448206], [72.83984193172745, 18.964458770596053], [72.83983243880279, 18.96447166956479], [72.83982073470371, 18.96448280486794], [72.83980717695749, 18.96449183833863], [72.83979217641888, 18.964498492950565], [72.83977618946649, 18.964502568985775], [72.8397597000021, 18.96450394111498]]]}, "properties": {"FEATUREID": "FS05000000018", "NAME": "Jinabhai Mulji Rathod Marg (Tackled)", "TYPE": 2, "LOCATION": "Jinabhai Mulji Rathod Marg, Near Wadi Bunder Muncipal Urdu High school, Mazgaon, Mumbai, 400010", "WARD": "E", "SUBTYPE": 2, "DEPTH": 1.5, "HEIGHT_TO_MSL": null, "AFFECT_AREA": "Jinabhai Mulji Rathod Marg", "AFFECT_POPULATION": null, "AFFECTED_HUT": null, "AFFECT_ROAD": "Jinabhai Mulji Rathod Marg", "AFFECT_RAIL": "No", "NO_DE_WATER_PUMP": 0, "REMARKS": "Already Tackled (2024-25)"}}, {"type": "Feature", "geometry": {"type": "Polygon", "coordinates": [[[72.84370269970923, 18.978060040913974], [72.84368621004242, 18.97805866826018], [72.84367022135332, 18.978054592556017], [72.84365521912041, 18.978047937784602], [72.84364166029196, 18.978038905277366], [72.84362995529548, 18.978027769891423], [72.84362046057093, 18.978014869986687], [72.84361346539653, 18.97800059823961], [72.84360918067135, 18.977985387963635], [72.84360773908985, 18.977969699562124], [72.84360918100671, 18.977954012234456], [72.84361346515853, 18.97793880242247], [72.84362046124375, 18.977924530175233], [72.84362995478558, 18.97791163017302], [72.84364165969411, 18.977900494711758], [72.84365521936675, 18.977891461973456], [72.84367022104414, 18.977884807160905], [72.84368621018957, 18.97788073182603], [72.84370270005162, 18.977879358561843], [72.8437191896896, 18.97788073211558], [72.84373517932515, 18.97788480692199], [72.84375018059873, 18.977891461674837], [72.84376374036052, 18.977900495087837], [72.84377544537047, 18.977911629562325], [72.84378493914191, 18.977924530351906], [72.84379193527849, 18.9779388021048], [72.84379621907068, 18.977954012367096], [72.84379766068166, 18.977969699865756], [72.8437962187704, 18.977985388099743], [72.84379193463306, 18.978000597917397], [72.84378493855786, 18.97801487017216], [72.84377544502036, 18.97802777018278], [72.8437637401216, 18.978038904749248], [72.84375018137885, 18.978047938408945], [72.84373517873927, 18.978054593215703], [72.84371918958914, 18.978058667650075], [72.84370269970923, 18.978060040913974]]]}, "properties": {"FEATUREID": "FS05000000022", "NAME": "Reay Road Railway Station, B R Nath Pai Road ", "TYPE": 2, "LOCATION": "Barrister Nath Pai Road, Near Reay Road Railway station, Reay Road, Mumbai, 400010", "WARD": "E", "SUBTYPE": 99, "DEPTH": 2, "HEIGHT_TO_MSL": null, "AFFECT_AREA": "Reay Road Railway station", "AFFECT_POPULATION": null, "AFFECTED_HUT": null, "AFFECT_ROAD": "Barrister Nath Pai Road", "AFFECT_RAIL": "No", "NO_DE_WATER_PUMP": 0, "REMARKS": null}}, {"type": "Feature", "geometry": {"type": "Polygon", "coordinates": [[[72.83508720004966, 18.9840866413732], [72.83507070994932, 18.98408526790015], [72.83505472001927, 18.98408119321244], [72.83503971770321, 18.984074536823393], [72.83502615799532, 18.98406550457964], [72.83501445324256, 18.98405436957329], [72.8350049579785, 18.98404147015796], [72.83499796242954, 18.984027198130377], [72.83499367841493, 18.984011987726287], [72.83499223479863, 18.98399630021183], [72.83499367764115, 18.983980612142894], [72.83499796183065, 18.983965401718383], [72.83500495797374, 18.983951129892418], [72.83501445252392, 18.983938230440003], [72.835026158423, 18.983927094726276], [72.83503971806594, 18.983918062708547], [72.83505471964979, 18.983911406869083], [72.83507071046456, 18.983907332370556], [72.83508719997468, 18.983905959027073], [72.83510369006947, 18.983907331593816], [72.83511967997336, 18.98391140717897], [72.83513468229108, 18.983918062657363], [72.83514824199463, 18.98392709489269], [72.83515994674924, 18.98393822989072], [72.83516944200946, 18.98395113020195], [72.8351764375713, 18.98396540222429], [72.83518072161392, 18.983980611722615], [72.8351821652364, 18.9839963001405], [72.83518072241111, 18.984011988212607], [72.83517643824777, 18.984027197739696], [72.83516944211472, 18.984041469573178], [72.83515994660785, 18.98405436992603], [72.83514824166792, 18.98406550475608], [72.83513468201714, 18.984074536781026], [72.83511968042042, 18.984081192625748], [72.83510368957764, 18.98408526803001], [72.83508720004966, 18.9840866413732]]]}, "properties": {"FEATUREID": "FS05000000023", "NAME": "Nirmal Park Dr Babasaheb Ambedkar Road (Tackled)", "TYPE": 2, "LOCATION": "Dr Babasaheb Ambedkar Road, Near Additional Commissioner of Police Central Rigion, Chinchpokli, Mumbai, 400012", "WARD": "E", "SUBTYPE": 2, "DEPTH": 1, "HEIGHT_TO_MSL": null, "AFFECT_AREA": "Nirmal Park", "AFFECT_POPULATION": null, "AFFECTED_HUT": null, "AFFECT_ROAD": "Dr Babasaheb Ambedkar Road", "AFFECT_RAIL": "No", "NO_DE_WATER_PUMP": 0, "REMARKS": "Already Tackled (2024-25)"}}, {"type": "Feature", "geometry": {"type": "Polygon", "coordinates": [[[72.8322359996221, 18.96322834084276], [72.83221951158505, 18.963226969125532], [72.83220352371089, 18.963222892581616], [72.83218852328793, 18.963216237950803], [72.83217496533396, 18.963207204759357], [72.83216326209629, 18.96319606971322], [72.83215376806253, 18.963183171167213], [72.83214677345619, 18.963168898209723], [72.83214248908408, 18.96315368777558], [72.8321410466517, 18.963138000261686], [72.83214248936446, 18.96312231219093], [72.83214677306387, 18.963107101773378], [72.83215376838297, 18.96309282905983], [72.83216326177747, 18.963079929631046], [72.83217496527487, 18.963068794840343], [72.83218852324761, 18.96305976195694], [72.83220352389716, 18.96305310707446], [72.83221951178066, 18.96304903080534], [72.83223600013926, 18.96304765932854], [72.83225248815913, 18.963049031042587], [72.83226847603049, 18.963053106677705], [72.83228347738101, 18.96305976221522], [72.83229703533064, 18.963068795398247], [72.83230873762095, 18.963079930424968], [72.83231823166254, 18.963092828963767], [72.83232522723095, 18.963107101927132], [72.83232951067016, 18.96312231234753], [72.83233095312038, 18.963137999861736], [72.83232951137403, 18.96315368794677], [72.83232522673988, 18.963168898358905], [72.83231823238, 18.963183171091075], [72.83230873805228, 18.96319606961405], [72.83229703454136, 18.963207205316195], [72.83228347656078, 18.9632162382068], [72.83226847589837, 18.963222893094535], [72.83225248799853, 18.963226969366264], [72.8322359996221, 18.96322834084276]]]}, "properties": {"FEATUREID": "FS05000000027", "NAME": "J J Junction, Near J J police station (Tackled)", "TYPE": 2, "LOCATION": "Sir J J Road, Near J J Marg Police station, J J Marg, Mumbai, 400008", "WARD": "E", "SUBTYPE": 2, "DEPTH": 2, "HEIGHT_TO_MSL": null, "AFFECT_AREA": "J J Junction", "AFFECT_POPULATION": null, "AFFECTED_HUT": null, "AFFECT_ROAD": "Sir J J Marg", "AFFECT_RAIL": "No", "NO_DE_WATER_PUMP": 0, "REMARKS": null}}, {"type": "Feature", "geometry": {"type": "Polygon", "coordinates": [[[72.86818485700482, 19.039106191200812], [72.86816836094069, 19.03910481922707], [72.86815236576712, 19.03910074322909], [72.86813735904805, 19.039094088069096], [72.86812379506628, 19.03908505590626], [72.86811208634542, 19.0390739206791], [72.86810258759759, 19.03906102069385], [72.8680955901522, 19.039046748624227], [72.86809130408507, 19.039031537755868], [72.86808986120595, 19.039015851181542], [72.8680913038931, 19.03900016360695], [72.86809558994561, 19.038984953277144], [72.86810258810041, 19.03897068114975], [72.86811208575661, 19.038957781048182], [72.86812379484667, 19.038946646180477], [72.86813735868022, 19.038937613862746], [72.86815236627, 19.038930959361906], [72.86816836104035, 19.038926883350463], [72.8681848569832, 19.038925511189824], [72.86820135303009, 19.038926883160414], [72.8682173481891, 19.03893095915271], [72.86823235489807, 19.038937614305173], [72.868245918887, 19.03894664555643], [72.86825762760968, 19.03895778077526], [72.86826712636534, 19.03897068075323], [72.86827412382362, 19.03898495281758], [72.86827840990713, 19.03900016368328], [72.86827985279264, 19.03901585116099], [72.8682784101343, 19.039031537835623], [72.86827412408482, 19.03904674907424], [72.8682671259401, 19.039061021209143], [72.86825762828829, 19.039073921319158], [72.86824591919641, 19.039085056195233], [72.86823235536656, 19.03909408761708], [72.86821734775235, 19.039100743026324], [72.86820135296561, 19.03910481904044], [72.86818485700482, 19.039106191200812]]]}, "properties": {"FEATUREID": "FS06000000028", "NAME": "107 Samaj Mandir Hemant Manjrekar Marg  (Tackled)", "TYPE": 2, "LOCATION": "Hemant Mankikar Road, In frontside Of Samjmandir hall Kokri agar Sardar nagar no 1, Sion Koliwada, Mumbai, 400022", "WARD": "F/N", "SUBTYPE": 2, "DEPTH": 2, "HEIGHT_TO_MSL": null, "AFFECT_AREA": "Sardr Ngr no 1", "AFFECT_POPULATION": null, "AFFECTED_HUT": null, "AFFECT_ROAD": null, "AFFECT_RAIL": "No", "NO_DE_WATER_PUMP": 0, "REMARKS": "Already Tackled (2024-25)"}}, {"type": "Feature", "geometry": {"type": "Polygon", "coordinates": [[[72.85837467814835, 19.029039066574438], [72.85835818323426, 19.029037694730423], [72.858342189319, 19.02903361889864], [72.85832718297814, 19.029026963952777], [72.85831361940352, 19.029017932083523], [72.85830191107713, 19.029006797247604], [72.85829241363122, 19.028993896874308], [72.858285416433, 19.02897962543353], [72.85828113144419, 19.028964414434494], [72.85827968759271, 19.028948726941028], [72.85828113099299, 19.02893304041198], [72.85828541566974, 19.028917829431624], [72.85829241411979, 19.028903556799484], [72.85830191087317, 19.028890657196975], [72.85831361883359, 19.02887952202137], [72.85832718319273, 19.028870490398646], [72.85834218921234, 19.02886383482153], [72.85835818315053, 19.028859758682433], [72.85837467807524, 19.028858387308166], [72.85839117297205, 19.02885975914901], [72.85840716687277, 19.028863834975105], [72.85842217320355, 19.02887048991346], [72.8584357367738, 19.028879521774268], [72.85844744510202, 19.028890656601842], [72.85845694160615, 19.028903556956852], [72.85846393975528, 19.028917829306526], [72.8584682247605, 19.0289330403029], [72.85846966769182, 19.028948726882494], [72.85846822524685, 19.028964414328854], [72.85846393963502, 19.028979625303894], [72.85845694215625, 19.028993897051432], [72.85844744540725, 19.02900679666238], [72.85843573744498, 19.029017931846333], [72.85842217306643, 19.02902696437944], [72.85840716704553, 19.029033619058694], [72.85839117309094, 19.02903769520045], [72.85837467814835, 19.029039066574438]]]}, "properties": {"FEATUREID": "FS06000000033", "NAME": "112 R A Kidwai Road ", "TYPE": 2, "LOCATION": "R A Kodwai Road, In Frontside Of Reshning Office 31, E matunga King Circle, Matunga East, Mumbai, 400019", "WARD": "F/N", "SUBTYPE": 99, "DEPTH": 3, "HEIGHT_TO_MSL": null, "AFFECT_AREA": "King Cricle", "AFFECT_POPULATION": null, "AFFECTED_HUT": null, "AFFECT_ROAD": "R A Kidwai Road", "AFFECT_RAIL": "No", "NO_DE_WATER_PUMP": 0, "REMARKS": null}}, {"type": "Feature", "geometry": {"type": "Polygon", "coordinates": [[[72.8487519181981, 19.01735236246807], [72.84871224859229, 19.01734905896386], [72.84867378895333, 19.01733925702087], [72.84863769982385, 19.017323250163265], [72.84860508317648, 19.01730152904829], [72.84857692394844, 19.017274749171218], [72.84855408726257, 19.01724372541305], [72.84853725802841, 19.017209402432545], [72.84852695184092, 19.017172819565726], [72.84852348010352, 19.017135090547757], [72.84852695054019, 19.017097363775253], [72.8485372591734, 19.017060781566144], [72.84855408585602, 19.01702645842952], [72.8485769262229, 19.016995433564908], [72.84860508241667, 19.016968653592702], [72.84863769874408, 19.01694693232279], [72.84867378762745, 19.01693092666896], [72.84871224875786, 19.016921124226617], [72.84875191590125, 19.016917822139515], [72.84879158544216, 19.01692112291597], [72.8488300449622, 19.016930927535412], [72.8488661340684, 19.016946931640142], [72.84889875069054, 19.016968652706296], [72.84892690801854, 19.016995433416124], [72.84894974664883, 19.01702645715456], [72.84896657403516, 19.01706078188875], [72.84897688223971, 19.01709736295609], [72.84898035409222, 19.017135091072564], [72.84897688372045, 19.01717282057285], [72.84896657519451, 19.017209401008618], [72.8489497485468, 19.017243725995], [72.84892690820519, 19.01727475090842], [72.84889875202398, 19.017301529122633], [72.84886613563961, 19.017323251337537], [72.84883004669334, 19.017339256118667], [72.8487915854566, 19.017349059479475], [72.8487519181981, 19.01735236246807]]]}, "properties": {"FEATUREID": "FS06000000035", "NAME": "Dadar TT Near BEST Office Tilak road junction", "TYPE": 1, "LOCATION": "Tilak Road, Behiend BEST Office Oppsite Light Pol No MJJ 1, Dadar TT, Mumbai, 400014", "WARD": "F/N", "SUBTYPE": 3, "DEPTH": 2, "HEIGHT_TO_MSL": null, "AFFECT_AREA": "Khodad Circle", "AFFECT_POPULATION": null, "AFFECTED_HUT": null, "AFFECT_ROAD": "Jamejamshed Road", "AFFECT_RAIL": "No", "NO_DE_WATER_PUMP": 0, "REMARKS": "Monsoon 24 (2024-25)"}}, {"type": "Feature", "geometry": {"type": "Polygon", "coordinates": [[[72.85269677576268, 19.024489120845367], [72.85268028234537, 19.02448774855298], [72.85266428808481, 19.024483673175723], [72.8526492824097, 19.02447701782746], [72.85263571858091, 19.024467985592164], [72.85262401094691, 19.02445685136253], [72.85261451419218, 19.0244439507596], [72.85260751670167, 19.02442967915229], [72.85260323136674, 19.024414468065647], [72.85260178804664, 19.0243987805768], [72.85260323094033, 19.024383094122413], [72.85260751690801, 19.024367883317254], [72.85261451368802, 19.02435361090073], [72.8526240105631, 19.024340710699015], [72.85263571946079, 19.024329575895397], [72.8526492817979, 19.02432054375451], [72.85266428756513, 19.0243138886181], [72.85268028209023, 19.024309812951053], [72.85269677561493, 19.02430844112994], [72.85271326996455, 19.024309813430193], [72.85272926421061, 19.024313888801753], [72.85274426987564, 19.024320544142473], [72.85275783275047, 19.024329576358298], [72.85276954133587, 19.024340710590643], [72.85277903809846, 19.024353611186317], [72.85278603465228, 19.02436788277732], [72.85279032095316, 19.02438309387236], [72.85279176429115, 19.024398781361484], [72.85279032141473, 19.024414467819028], [72.85278603546159, 19.02442967862988], [72.85277903774204, 19.0244439510429], [72.85276954087134, 19.024456851253056], [72.85275783292141, 19.024467986076065], [72.85274426962688, 19.024477018213155], [72.85272926384674, 19.02448367335483], [72.85271327025485, 19.024487749035565], [72.85269677576268, 19.024489120845367]]]}, "properties": {"FEATUREID": "FS06000000040", "NAME": "Devdhar Road  (Tackled)", "TYPE": 2, "LOCATION": "Devdhar Road, Behiend Ravi Kiran Building Polt No 321 A, Matunga East, Mumbai, 400019", "WARD": "F/N", "SUBTYPE": 2, "DEPTH": 3, "HEIGHT_TO_MSL": null, "AFFECT_AREA": null, "AFFECT_POPULATION": null, "AFFECTED_HUT": null, "AFFECT_ROAD": null, "AFFECT_RAIL": "No", "NO_DE_WATER_PUMP": 0, "REMARKS": "Already Tackled (2024-25)"}}, {"type": "Feature", "geometry": {"type": "Polygon", "coordinates": [[[72.8680078313146, 19.040836015926715], [72.86799133508407, 19.04083464392086], [72.86797533975518, 19.0408305678925], [72.86796033194685, 19.040823912693817], [72.86794676783396, 19.040814881409908], [72.86793505901714, 19.040803746162766], [72.86792556114959, 19.04079084617335], [72.86791856271377, 19.040776574082937], [72.86791427663577, 19.04076136321035], [72.86791283378753, 19.04074567573441], [72.86791427746181, 19.040729989081104], [72.8679185626533, 19.040714777849857], [72.86792556091105, 19.04070050574022], [72.86793505869285, 19.04068760566094], [72.86794676792738, 19.04067647081937], [72.86796033190832, 19.040667439434017], [72.86797533967821, 19.04066078406145], [72.86799133462165, 19.040656708082647], [72.86800783073686, 19.040655335954888], [72.86802432695009, 19.04065670795759], [72.86804032226445, 19.04066078398027], [72.86805533006267, 19.040667439171415], [72.86806889415965, 19.04067647135002], [72.86808060298982, 19.04068760568569], [72.86809010086522, 19.040700505667836], [72.86809709931393, 19.040714777752964], [72.86810138540831, 19.040729988622896], [72.86810282827446, 19.0407456760991], [72.86810138461746, 19.040761362755557], [72.86809709944053, 19.040776573992485], [72.86809010119288, 19.040790846109644], [72.86808060341545, 19.04080374619737], [72.8680688941791, 19.040814881047293], [72.86805533017879, 19.04082391334305], [72.86804032240755, 19.040830567817746], [72.86802432744773, 19.04083464379922], [72.8680078313146, 19.040836015926715]]]}, "properties": {"FEATUREID": "FS06000000044", "NAME": "Panchahil Nagar No 1 Sion Koliwada ", "TYPE": 2, "LOCATION": "Pachshil Nagar Road, In Frontside Of Gurukrpa General Store Pachsgilnagar Rahiwashi Seva Sang No 1 Patiksha Nagar Sion Koliwada, Sion Koliwada, Mumbai, 400022", "WARD": "F/N", "SUBTYPE": 99, "DEPTH": 1, "HEIGHT_TO_MSL": null, "AFFECT_AREA": "Pachshilnagar No 2", "AFFECT_POPULATION": 900, "AFFECTED_HUT": 300, "AFFECT_ROAD": null, "AFFECT_RAIL": "No", "NO_DE_WATER_PUMP": 0, "REMARKS": null}}, {"type": "Feature", "geometry": {"type": "Polygon", "coordinates": [[[72.86953903722568, 19.02170933027581], [72.8695225428528, 19.021707957684043], [72.86950655020449, 19.02170388196649], [72.86949154395938, 19.0216972270412], [72.86947798120593, 19.021688195092718], [72.86946627253121, 19.021677060031145], [72.86945677641555, 19.021664160201222], [72.8694497794179, 19.021649888217773], [72.86944549444948, 19.021634677396687], [72.86944405142769, 19.021618989904635], [72.86944549365064, 19.02160330316807], [72.86944977897713, 19.021588091821503], [72.86945677707007, 19.021573820449515], [72.86946627254476, 19.02156092013808], [72.86947798115787, 19.021549785048165], [72.86949154435179, 19.021540753384283], [72.86950655027204, 19.021534097700858], [72.86952254329758, 19.021530022302375], [72.86953903655804, 19.021528649838707], [72.86955553091364, 19.021530022427317], [72.86957152354744, 19.021534098139195], [72.86958652978247, 19.021540753056993], [72.86960009253154, 19.02154978499703], [72.86961180120807, 19.021560920050245], [72.86962129733156, 19.021573819872938], [72.86962829529166, 19.021588091862068], [72.86963258027647, 19.021603302680465], [72.86963402331614, 19.0216189901728], [72.86963258016085, 19.021634676901563], [72.86962829484892, 19.021649888253812], [72.86962129771563, 19.021664159644256], [72.86961180129575, 19.0216770599532], [72.86960009268081, 19.021688195051432], [72.86958653042865, 19.021697226733515], [72.86957152354594, 19.02170388241128], [72.8695555314536, 19.02170795782338], [72.86953903722568, 19.02170933027581]]]}, "properties": {"FEATUREID": "FS06000000045", "NAME": "Near vidyalankar collage (Road)  (Tackled)", "TYPE": 2, "LOCATION": "vidyalankar collage road, in frontside of vidyalankar collage Wadala Near Light Pol no, Wadala East, Mumbai, 400037", "WARD": "F/N", "SUBTYPE": 2, "DEPTH": 3, "HEIGHT_TO_MSL": null, "AFFECT_AREA": "Sangam Nagar", "AFFECT_POPULATION": 60, "AFFECTED_HUT": 20, "AFFECT_ROAD": null, "AFFECT_RAIL": "No", "NO_DE_WATER_PUMP": 0, "REMARKS": "Already Tackled (2024-25)"}}, {"type": "Feature", "geometry": {"type": "Polygon", "coordinates": [[[72.86758504748039, 19.01836938285449], [72.86755206327999, 19.01836663562446], [72.8675200806272, 19.018358484840757], [72.86749007364018, 19.01834517569366], [72.86746295170248, 19.01832711431219], [72.86743953977557, 19.018304847664854], [72.86742054819707, 19.01827904875847], [72.86740655661877, 19.01825051012969], [72.86739798621159, 19.018220089327738], [72.86739510047695, 19.01818871976294], [72.8673979870282, 19.018157349977194], [72.86740655490368, 19.018126930967167], [72.8674205482067, 19.01809838924379], [72.86743953990845, 19.018072591533212], [72.86746295110443, 19.01805032422406], [72.86749007419594, 19.01803226292409], [72.86752008167785, 19.018018953593057], [72.86755206423621, 19.018010803949963], [72.86758504817402, 19.01800805747941], [72.86761803232847, 19.01801080289052], [72.8676500149231, 19.018018953651506], [72.86768002186989, 19.018032262768585], [72.86770714568917, 19.018050324138237], [72.86773055570123, 19.01807259253657], [72.8677495492332, 19.01809838962961], [72.8677635408399, 19.01812693004358], [72.86777210943647, 19.018157349006696], [72.86777499521962, 19.018188720378834], [72.86777211063648, 19.018220090199144], [72.86776354092002, 19.01825050920996], [72.86774954765725, 19.018279050963375], [72.86773055599609, 19.01830484690141], [72.86770714479277, 19.01832711424393], [72.86768002164695, 19.018345177379143], [72.86765001603573, 19.0183584849469], [72.86761803148974, 19.01836663638501], [72.86758504748039, 19.01836938285449]]]}, "properties": {"FEATUREID": "FS06000000046", "NAME": "Shakar Nagar ", "TYPE": 2, "LOCATION": "Jenearal Ajun Kumar Vaidya Road, In Middal Sideof Shankar Nagar Behiend Shree Sai ganesh Janeral store, Wadala East, Mumbai, 400037", "WARD": "F/N", "SUBTYPE": 99, "DEPTH": 3, "HEIGHT_TO_MSL": null, "AFFECT_AREA": "Shankar Nagar", "AFFECT_POPULATION": 30, "AFFECTED_HUT": 10, "AFFECT_ROAD": null, "AFFECT_RAIL": "No", "NO_DE_WATER_PUMP": 0, "REMARKS": null}}, {"type": "Feature", "geometry": {"type": "Polygon", "coordinates": [[[72.84984793515139, 19.024230795921284], [72.84983144084924, 19.024229424271173], [72.84981544672071, 19.0242253477531], [72.84980044119482, 19.02421869308965], [72.84978687756237, 19.024209660661974], [72.84977517015425, 19.024198526271803], [72.84976567268689, 19.024185626437095], [72.84975867642127, 19.024171353854353], [72.84975439040755, 19.024156142716297], [72.84975294734554, 19.024140456134404], [72.84975438956164, 19.02412476881382], [72.84975867577248, 19.024109558099273], [72.84976567277108, 19.02409528581325], [72.84977516983349, 19.02408238577795], [72.84978687793195, 19.024071251160603], [72.8498004413275, 19.024062219252954], [72.84981544715879, 19.024055564356868], [72.84983144076321, 19.024051488026796], [72.8498479352191, 19.024050115567928], [72.84986442854277, 19.024051488106956], [72.84988042266839, 19.024055563716196], [72.84989542912218, 19.024062219286314], [72.8499089918123, 19.024071250791376], [72.84992070016024, 19.024082386087375], [72.84993019668585, 19.024095285903762], [72.84993719392557, 19.024109557589178], [72.84994147995566, 19.024124768724597], [72.84994292302395, 19.024140456209878], [72.84994147988715, 19.02415614261948], [72.84993719367922, 19.024171354242842], [72.8499301967023, 19.024185625633265], [72.84992069964427, 19.02419852567699], [72.84990899153235, 19.02420966120582], [72.84989542907853, 19.024218693131754], [72.84988042323435, 19.024225348033124], [72.84986442866396, 19.024229424354775], [72.84984793515139, 19.024230795921284]]]}, "properties": {"FEATUREID": "FS06000000048", "NAME": "Ruiya Collage  (Tackled)", "TYPE": 2, "LOCATION": "Lakhamshi Nupoo Road, In Frontside Of Ruiya Collage, Matunga East, Mumbai, 400019", "WARD": "F/N", "SUBTYPE": 2, "DEPTH": 3, "HEIGHT_TO_MSL": null, "AFFECT_AREA": null, "AFFECT_POPULATION": null, "AFFECTED_HUT": null, "AFFECT_ROAD": null, "AFFECT_RAIL": "No", "NO_DE_WATER_PUMP": 0, "REMARKS": "Already Tackled (2024-25)"}}, {"type": "Feature", "geometry": {"type": "Polygon", "coordinates": [[[72.85180561168951, 19.029491678095944], [72.85136702412167, 19.02934436189281], [72.8509619949307, 19.029126854326623], [72.85060285285829, 19.02884575112872], [72.85030045160903, 19.028509627115795], [72.85006405794273, 19.028128653665785], [72.8499008126291, 19.027714420781095], [72.84981565440421, 19.02727950350555], [72.84981121966022, 19.026837144592054], [72.8498875994848, 19.026400805454507], [72.85004249879188, 19.02598369020254], [72.85027122252409, 19.025598496202957], [72.85056679711941, 19.02525691060532], [72.85092020393347, 19.024969334897072], [72.85132078426612, 19.024744482291133], [72.85175632583704, 19.024589224317417], [72.85221358383718, 19.024508244647784], [72.85267869804403, 19.024504018679], [72.85313751381037, 19.024576660106078], [72.85357609132805, 19.02472397109548], [72.8539811144882, 19.02494147230621], [72.85434025525409, 19.02522257058029], [72.8546426531833, 19.02555871079982], [72.85487906188185, 19.025939655748072], [72.8550423098984, 19.02635391053418], [72.85512749065164, 19.02678880244404], [72.85513194048279, 19.027231160820023], [72.85505557254233, 19.02766750519569], [72.8549006832855, 19.028084625661368], [72.85467196558359, 19.028469826016746], [72.85437639227193, 19.028811418345114], [72.85402297300399, 19.02909902282555], [72.85362239345929, 19.02932385534126], [72.8531868403143, 19.029479116602243], [72.8527295686346, 19.029560098254986], [72.85226443430226, 19.02956434728448], [72.85180561168951, 19.029491678095944]]]}, "properties": {"FEATUREID": "FS06000000049", "NAME": "89 Vaccharaj Lane", "TYPE": 1, "LOCATION": "Vaccharaj Lane, Behinend Matunga Central Railway Line Station, Matunga East, Mumbai, 400019", "WARD": "F/N", "SUBTYPE": 99, "DEPTH": 3, "HEIGHT_TO_MSL": null, "AFFECT_AREA": null, "AFFECT_POPULATION": 90, "AFFECTED_HUT": 30, "AFFECT_ROAD": null, "AFFECT_RAIL": "Yes", "NO_DE_WATER_PUMP": 0, "REMARKS": "Other Agency (2025)"}}, {"type": "Feature", "geometry": {"type": "Polygon", "coordinates": [[[72.84293521155627, 19.012059893437225], [72.8429187185809, 19.012058520388816], [72.84290272675733, 19.01205444431263], [72.84288772165921, 19.012047789203073], [72.84287416031046, 19.012038757305003], [72.84286245228829, 19.012027621667126], [72.84285295598325, 19.012014721581917], [72.8428459588227, 19.012000449709227], [72.84284167363597, 19.011985239388075], [72.84284023122133, 19.01196955190425], [72.84284167386285, 19.011953863769005], [72.84284595929148, 19.011938654119668], [72.84285295622905, 19.011924382086153], [72.84286245299215, 19.011911482375083], [72.84287415962426, 19.011900347229624], [72.84288772228986, 19.011891314855074], [72.84290272718907, 19.01188466043206], [72.84291871876128, 19.011880583683375], [72.8429352120055, 19.01187921082441], [72.84295170496362, 19.011880583869637], [72.84296769677266, 19.01188465994012], [72.84298270186076, 19.011891315042156], [72.84299626415465, 19.011900346942877], [72.8430079712408, 19.011911481658228], [72.84301746755368, 19.01192438173618], [72.84302446472711, 19.011938653603615], [72.84302874993023, 19.011953863922116], [72.84303019330059, 19.01196955232045], [72.84302874975013, 19.01198523864153], [72.84302446526223, 19.0120004501139], [72.84301746833471, 19.01201472215493], [72.84300797157596, 19.012027621874438], [72.8429962639925, 19.01203875701715], [72.84298270226856, 19.012047789410026], [72.84296769735646, 19.012054443838313], [72.84295170483003, 19.012058519675417], [72.84293521155627, 19.012059893437225]]]}, "properties": {"FEATUREID": "FS07000000021", "NAME": "Shindewadi Bus Stop (Tackled)", "TYPE": 2, "LOCATION": "Abaji Marge, In Front of Shindewadi Cort Main Gate, Dadar East, Mumbai, 400014", "WARD": "F/S", "SUBTYPE": 2, "DEPTH": 1.5, "HEIGHT_TO_MSL": null, "AFFECT_AREA": "Hindamata Road", "AFFECT_POPULATION": 90, "AFFECTED_HUT": 30, "AFFECT_ROAD": "Hindamata Road", "AFFECT_RAIL": "No", "NO_DE_WATER_PUMP": 1, "REMARKS": "Already Tackled (2024-25)"}}, {"type": "Feature", "geometry": {"type": "Polygon", "coordinates": [[[72.84752179070045, 18.99093125171771], [72.8474944401144, 18.990928973408103], [72.84746792194906, 18.990922215560776], [72.84744303980335, 18.990911177211835], [72.84742054894372, 18.990896197744448], [72.84740113762949, 18.990877732283312], [72.84738539121018, 18.99085633772781], [72.84737378838588, 18.990832668191995], [72.84736668169982, 18.990807441356726], [72.84736428818411, 18.990781427521608], [72.84736668132638, 18.990755409767797], [72.84737378822193, 18.990730183924928], [72.84738539109259, 18.990706514328966], [72.847401137916, 18.990685119493634], [72.84742054930386, 18.99066665412548], [72.84744303888057, 18.990651675037046], [72.84746792189733, 18.990640635827706], [72.84749443908298, 18.990633878128683], [72.8475217874308, 18.990631600347115], [72.84754913796947, 18.99063387864799], [72.8475756560949, 18.99064063647968], [72.84760053821303, 18.990651674807953], [72.84762302906068, 18.990666654252152], [72.84764244038, 18.99068511969038], [72.84765818682084, 18.99070651422601], [72.84766978968052, 18.990730183747385], [72.84767689643476, 18.99075540876911], [72.84767928997638, 18.99078142441127], [72.8476768949827, 18.99080744215174], [72.84766979002583, 18.990832668032322], [72.84765818718276, 18.990856337648964], [72.84764244039457, 18.990877730701214], [72.84762302897838, 18.990896197898543], [72.84760053843075, 18.990911176995795], [72.84757565632802, 18.990922216230626], [72.84754913909737, 18.99092897393693], [72.84752179070045, 18.99093125171771]]]}, "properties": {"FEATUREID": "FS07000000023", "NAME": "Zakeria Bunder Cross Road No 3 (Tackled)", "TYPE": 2, "LOCATION": "Zakeria Bunder Cross Road No 3, Opp Harigovindji Chawl, Garib Navaz Chwok, Sewre, Mumbai, 400015", "WARD": "F/S", "SUBTYPE": 2, "DEPTH": 1, "HEIGHT_TO_MSL": null, "AFFECT_AREA": "Garib Navaz Chwok", "AFFECT_POPULATION": 150, "AFFECTED_HUT": 50, "AFFECT_ROAD": "Tokreshi Jiv Raj road", "AFFECT_RAIL": "No", "NO_DE_WATER_PUMP": 0, "REMARKS": "Already Tackled (2024-25)"}}, {"type": "Feature", "geometry": {"type": "Polygon", "coordinates": [[[72.84224429953785, 19.03712563996244], [72.84222780409767, 19.037124268418157], [72.84221180996313, 19.037120192057078], [72.84219680180506, 19.037113536677378], [72.84218323764966, 19.037104505446024], [72.84217153000215, 19.037093369645596], [72.84216203157852, 19.03708047031387], [72.84215503366309, 19.037066198353056], [72.84215074815847, 19.037050987093714], [72.84214930490012, 19.03703529961789], [72.84215074805621, 19.037019613361544], [72.842155034462, 19.03700440202999], [72.84216203179048, 19.03699013015699], [72.84217153025199, 19.0369772297568], [72.84218323791586, 19.03696609485009], [72.84219680279767, 19.03695706275369], [72.8422118100919, 19.036950407725524], [72.84222780413064, 19.0369463321887], [72.8422442998727, 19.036944959639868], [72.84226079623357, 19.03694633209518], [72.84227679035358, 19.03695040845056], [72.84229179661395, 19.036957062897418], [72.84230536170297, 19.036966095034536], [72.84231707031367, 19.03697722993461], [72.84232656778381, 19.036990130151093], [72.84233356571212, 19.037004402106653], [72.8423378521828, 19.03701961337443], [72.84233929547074, 19.037035299947426], [72.84233785232024, 19.037050987110067], [72.84233356592902, 19.037066198447324], [72.84232656766093, 19.037080470316763], [72.84231707016512, 19.03709336983338], [72.84230536154973, 19.03710450473734], [72.84229179760975, 19.03711353685209], [72.8422767903026, 19.03712019188554], [72.84226079623579, 19.037124268328117], [72.84224429953785, 19.03712563996244]]]}, "properties": {"FEATUREID": "FS08000000010", "NAME": "A G Road Paredise Cinema, Near Sheetladevi Devi Metro Station, Chhota dargah, Mahim (W) (Tackled)", "TYPE": 2, "LOCATION": "Lady Jamshedji Road, Near ICICI bank, Mahim, Mumbai, 400016", "WARD": "G/N", "SUBTYPE": 2, "DEPTH": 1, "HEIGHT_TO_MSL": null, "AFFECT_AREA": null, "AFFECT_POPULATION": null, "AFFECTED_HUT": null, "AFFECT_ROAD": null, "AFFECT_RAIL": "No", "NO_DE_WATER_PUMP": 0, "REMARKS": "Already Tackled (2024-25)"}}, {"type": "Feature", "geometry": {"type": "Polygon", "coordinates": [[[72.85405339981547, 19.040512639808142], [72.85403690384314, 19.0405112683748], [72.85402090900459, 19.040507192075662], [72.85400590189185, 19.04050053670176], [72.85399233675889, 19.040491505348825], [72.85398062802845, 19.04048037020085], [72.85397113038378, 19.040467469588737], [72.85396413224844, 19.040453197978525], [72.85395984558376, 19.040437986884317], [72.85395840309792, 19.040422300319392], [72.85395984617882, 19.040406612977613], [72.85396413164662, 19.04039140218266], [72.85397113008642, 19.040377129803247], [72.85398062791053, 19.04036422963167], [72.85399233701767, 19.0403530948503], [72.85400590163825, 19.040344062755885], [72.85402090887358, 19.040337407655947], [72.85403690400692, 19.040333332014296], [72.85405340008133, 19.040331960239484], [72.8540698960364, 19.04033333166965], [72.85408589086039, 19.040337407963097], [72.85410089796304, 19.040344063329478], [72.85411446309165, 19.040353094673957], [72.8541261718239, 19.04036422981358], [72.8541356704261, 19.04037713042948], [72.85414266762466, 19.04039140202337], [72.85414695430575, 19.04040661311493], [72.8541483968095, 19.040422299680127], [72.85414695374587, 19.040437987025076], [72.85414266829262, 19.040453197825734], [72.85413566986288, 19.040467470212672], [72.85412617204318, 19.040480370392697], [72.85411446293418, 19.04049150518242], [72.85410089830577, 19.04050053728409], [72.85408589105755, 19.040507192389295], [72.85406989590781, 19.040511268033605], [72.85405339981547, 19.040512639808142]]]}, "properties": {"FEATUREID": "FS08000000011", "NAME": "Murgan Chawl, 60 ft Road, Motha Nala, Dharavi (Localised) (Tackled)", "TYPE": 2, "LOCATION": "60 Feet Road, Near Motha Nala, Matunga, Mumbai, 400017", "WARD": "G/N", "SUBTYPE": 2, "DEPTH": 2, "HEIGHT_TO_MSL": null, "AFFECT_AREA": null, "AFFECT_POPULATION": null, "AFFECTED_HUT": null, "AFFECT_ROAD": null, "AFFECT_RAIL": "No", "NO_DE_WATER_PUMP": 0, "REMARKS": "Already Tackled (2024-25)"}}, {"type": "Feature", "geometry": {"type": "Polygon", "coordinates": [[[72.85132499987479, 19.03706403985983], [72.8513085042893, 19.037062668217676], [72.85129250986459, 19.037058591719525], [72.85127750221884, 19.03705193705453], [72.85126393847678, 19.037042904647766], [72.85125223015271, 19.037031770267497], [72.85124273194039, 19.037018870442473], [72.85123573417397, 19.037004597857784], [72.85123144781944, 19.036989386728028], [72.85123000463744, 19.03697370015336], [72.8512314479076, 19.036958012849762], [72.85123573444422, 19.036942802139677], [72.85124273197988, 19.0369285298565], [72.85125222977445, 19.036915629822367], [72.85126393782822, 19.0369044951934], [72.85127750322371, 19.036895463294517], [72.85129251021866, 19.0368888083945], [72.85130850411515, 19.036884732047923], [72.85132499985306, 19.03688335958225], [72.85134149635932, 19.036884732135395], [72.85135748983144, 19.036888807713677], [72.85137249745553, 19.036895463274288], [72.85138606215448, 19.036904494780515], [72.85139777046876, 19.036915630055564], [72.85140726773928, 19.03692852986228], [72.85141426646825, 19.036942802452746], [72.85141855190113, 19.036958012665693], [72.85141999508943, 19.036973700143744], [72.85141855184817, 19.03698938654742], [72.85141426626411, 19.037004598177372], [72.8514072678005, 19.037018869553897], [72.85139777001031, 19.03703176959646], [72.85138606194306, 19.037042905136907], [72.85137249843903, 19.037051937065147], [72.85135748953189, 19.037058591948345], [72.851341495619, 19.03706266829756], [72.85132499987479, 19.03706403985983]]]}, "properties": {"FEATUREID": "FS08000000012", "NAME": "Matunga Labour Camp, G, 10, 9 Chawl (Localized) (Tackled)", "TYPE": 2, "LOCATION": "Dr Babasaheb Ambedkar Road, Near G, 10, 9 Chawl, Matunga, Mumbai, 400019", "WARD": "G/N", "SUBTYPE": 2, "DEPTH": 1, "HEIGHT_TO_MSL": null, "AFFECT_AREA": null, "AFFECT_POPULATION": null, "AFFECTED_HUT": null, "AFFECT_ROAD": null, "AFFECT_RAIL": "No", "NO_DE_WATER_PUMP": 0, "REMARKS": "Already Tackled (2024-25)"}}, {"type": "Feature", "geometry": {"type": "Polygon", "coordinates": [[[72.84744600023085, 19.045674839957336], [72.84742950292133, 19.04567346787782], [72.84741350781347, 19.0456693918781], [72.84739849961932, 19.0456627368423], [72.8473849354571, 19.045653705013034], [72.84737322592704, 19.045642570351134], [72.84736372761843, 19.04562967031879], [72.84735672896903, 19.045615397585323], [72.84735244283044, 19.04560018729471], [72.8473510000417, 19.045584499828692], [72.84735244288618, 19.04556881260111], [72.84735672912369, 19.045553602039774], [72.84736372836629, 19.04553932999532], [72.84737322605214, 19.045526430238695], [72.84738493501665, 19.045515295047323], [72.84739850040414, 19.045506262616826], [72.84741350833161, 19.045499608129543], [72.84742950313492, 19.045495532213327], [72.84744599972635, 19.045494160182596], [72.84746249701858, 19.045495532258936], [72.84747849211188, 19.045499608252957], [72.84749350029597, 19.04550626328122], [72.8475070654035, 19.045515295113113], [72.84751877398571, 19.045526429755597], [72.84752827230217, 19.045539329780674], [72.84753527097611, 19.045553601605747], [72.84753955711946, 19.045568812796837], [72.84754099992614, 19.045584500263136], [72.84753955711058, 19.045600186590764], [72.84753527087598, 19.04561539806092], [72.84752827164345, 19.045629670112923], [72.84751877396197, 19.045642569877987], [72.84750706499561, 19.04565370507771], [72.84749349961193, 19.045662736612343], [72.8474784916599, 19.04566939200804], [72.8474624968402, 19.04567346792689], [72.84744600023085, 19.045674839957336]]]}, "properties": {"FEATUREID": "FS08000000016", "NAME": "Kalyanwadi (Tackled)", "TYPE": 2, "LOCATION": "Sion Mahim Link Road, Near Jalil Campund, Matunga, Mumbai, 400017", "WARD": "G/N", "SUBTYPE": 2, "DEPTH": 1, "HEIGHT_TO_MSL": null, "AFFECT_AREA": null, "AFFECT_POPULATION": null, "AFFECTED_HUT": null, "AFFECT_ROAD": null, "AFFECT_RAIL": "No", "NO_DE_WATER_PUMP": 0, "REMARKS": "Already Tackled (2024-25)"}}, {"type": "Feature", "geometry": {"type": "Polygon", "coordinates": [[[72.84592449964804, 19.043610639995396], [72.84590800446759, 19.043609267822962], [72.84589200865409, 19.04360519170247], [72.84587700071093, 19.043598536565703], [72.84586343584934, 19.043589504636195], [72.8458517265613, 19.043578369899606], [72.84584222942883, 19.043565469820454], [72.84583523002198, 19.043551197939657], [72.84583094501994, 19.043535986737346], [72.84582950141099, 19.04352030016404], [72.84583094530802, 19.043504612968523], [72.84583522970753, 19.043489402425667], [72.84584222896821, 19.043475130440285], [72.84585172663996, 19.043462229856242], [72.84586343553565, 19.043451094754904], [72.84587700080164, 19.043442063329163], [72.84589200859328, 19.043435408048882], [72.84590800416565, 19.04343133225908], [72.84592449959905, 19.043429960334233], [72.84594099572358, 19.043431331611448], [72.84595699057284, 19.04343540771515], [72.84597199945561, 19.043442062855465], [72.84598556431284, 19.04345109477653], [72.84599727264136, 19.043462230396774], [72.84600677074305, 19.04347512957665], [72.84601377015113, 19.043489402355306], [72.84601805518123, 19.043504612651827], [72.84601949879645, 19.043520300128527], [72.8460180549167, 19.04353598732725], [72.84601376958204, 19.043551197864723], [72.84600677128113, 19.043565469868717], [72.84599727267572, 19.043578369547017], [72.84598556377819, 19.04358950465671], [72.84597199944238, 19.043598537003902], [72.84595699068814, 19.04360519227835], [72.84594099604907, 19.043609268081912], [72.84592449964804, 19.043610639995396]]]}, "properties": {"FEATUREID": "FS08000000017", "NAME": "Mahim Phatak (Tackled)", "TYPE": 2, "LOCATION": "Mahim Railway Phatak, Near Humlog Welfare Society, Matunga, Mumbai, 400050", "WARD": "G/N", "SUBTYPE": 2, "DEPTH": 1, "HEIGHT_TO_MSL": null, "AFFECT_AREA": null, "AFFECT_POPULATION": null, "AFFECTED_HUT": null, "AFFECT_ROAD": null, "AFFECT_RAIL": "No", "NO_DE_WATER_PUMP": 0, "REMARKS": "Already Tackled (2024-25)"}}, {"type": "Feature", "geometry": {"type": "Polygon", "coordinates": [[[72.85753090024605, 19.041108239972136], [72.85751440416465, 19.041106867938193], [72.85749840915291, 19.04110279192695], [72.8574834008701, 19.041096136806527], [72.85746983738714, 19.041087104805623], [72.85745812836315, 19.041075969852248], [72.85744863038961, 19.04106307029342], [72.85744163193456, 19.041048797881295], [72.85743734588425, 19.041033586847284], [72.85743590306934, 19.041017900277932], [72.85743734583738, 19.04100221287838], [72.85744163196769, 19.04098700198497], [72.85744863014315, 19.040972730350905], [72.85745812775662, 19.040959829977982], [72.85746983670167, 19.040948694957873], [72.85748340121356, 19.040939662594543], [72.85749840933507, 19.04093300811788], [72.85751440352509, 19.040928932161147], [72.85753089966404, 19.04092756007837], [72.85754739572816, 19.040928932109132], [72.85756339072535, 19.040933008114695], [72.85757839899807, 19.04093966322759], [72.85759196342633, 19.040948695231066], [72.85760367245217, 19.040959830176106], [72.85761317043354, 19.040972729727667], [72.8576201679518, 19.040987002123494], [72.85762445401849, 19.041002213154858], [72.85762589685133, 19.04101789972447], [72.85762445410057, 19.0410335871272], [72.85762016798482, 19.041048798026296], [72.85761316981942, 19.04106306966789], [72.85760367221035, 19.041075970049256], [72.85759196326346, 19.04108710507771], [72.85757839874374, 19.041096137448296], [72.85756339060934, 19.041102791930232], [72.85754739640291, 19.041106867889653], [72.85753090024605, 19.041108239972136]]]}, "properties": {"FEATUREID": "FS08000000018", "NAME": "Rajeev Gandhi Nagar ", "TYPE": 2, "LOCATION": "Transit Camp, Near Vanitha Printers, Matunga, Mumbai, 400017", "WARD": "G/N", "SUBTYPE": 99, "DEPTH": 2, "HEIGHT_TO_MSL": null, "AFFECT_AREA": null, "AFFECT_POPULATION": null, "AFFECTED_HUT": null, "AFFECT_ROAD": null, "AFFECT_RAIL": "No", "NO_DE_WATER_PUMP": 0, "REMARKS": null}}, {"type": "Feature", "geometry": {"type": "Polygon", "coordinates": [[[72.82766110026239, 18.996552681664916], [72.82762860917475, 18.996549978677137], [72.82759710640599, 18.996541949063698], [72.82756754691584, 18.996528835275186], [72.82754082943634, 18.996511041687864], [72.82751776836434, 18.996489105369214], [72.82749906057879, 18.996463692074958], [72.82748527815026, 18.996435572678518], [72.82747683724509, 18.996405604740634], [72.82747399475001, 18.996374699952337], [72.82747683632891, 18.996343793284], [72.82748527758375, 18.996313826740423], [72.82749906078487, 18.996285708676094], [72.8275177674717, 18.996260294071735], [72.82754083019775, 18.996238357574875], [72.82756754619747, 18.996220564756545], [72.82759710708785, 18.996207451685436], [72.82762860839728, 18.99619942233034], [72.82766110028271, 18.99619671844533], [72.82769359130349, 18.996199421420727], [72.82772509401597, 18.996207451012033], [72.82775465346721, 18.99622056477134], [72.82778137092986, 18.99623835832591], [72.82780443200909, 18.996260294612217], [72.82782313697686, 18.996285707844983], [72.82783692230362, 18.99631382725452], [72.82784536330749, 18.99634379247286], [72.82784820583677, 18.99637469997166], [72.82784536433643, 18.996405605749274], [72.82783692217674, 18.996435573206956], [72.82782313711573, 18.996463691278187], [72.82780443139515, 18.996489105926443], [72.8277813705607, 18.99651104247795], [72.82775465453051, 18.99652883532432], [72.82772509359013, 18.996541948415782], [72.82769359126779, 18.99654997776994], [72.82766110026239, 18.996552681664916]]]}, "properties": {"FEATUREID": "FS09000000014", "NAME": "Mhanaji Rajuji Chawl no, 2, Room no, 13, Sitaram Jadhav Marg, Lower Parel", "TYPE": 2, "LOCATION": "Sitaram Jadhav Marg, Near Sujata Lady Fashion, Lower Parel, Mumbai, 400013", "WARD": "G/S", "SUBTYPE": 3, "DEPTH": 1, "HEIGHT_TO_MSL": null, "AFFECT_AREA": null, "AFFECT_POPULATION": null, "AFFECTED_HUT": null, "AFFECT_ROAD": null, "AFFECT_RAIL": "No", "NO_DE_WATER_PUMP": 0, "REMARKS": "Already Tackled (2024-25)"}}, {"type": "Feature", "geometry": {"type": "Polygon", "coordinates": [[[72.8463060778619, 19.07273723574724], [72.84628957885566, 19.072735864221258], [72.84627358126036, 19.07273178788116], [72.84625856984005, 19.072725133427603], [72.84624500276679, 19.07271610041439], [72.84623329162706, 19.07270496462783], [72.84622379207468, 19.072692066235174], [72.84621679263113, 19.072677794298272], [72.84621250618346, 19.072662583061245], [72.84621106259571, 19.072646895605402], [72.84621250604616, 19.072631209366143], [72.84621679336118, 19.072615998048228], [72.8462237921858, 19.072601726185024], [72.84623329172388, 19.0725888266825], [72.84624500285508, 19.07257769178822], [72.84625856971985, 19.07256865877457], [72.8462735811994, 19.072562003750186], [72.84628957868973, 19.072557928202027], [72.84630607799481, 19.07255655563815], [72.84632257697207, 19.07255792806406], [72.84633857455279, 19.072562004398463], [72.84635358596302, 19.072568658844467], [72.84636715303188, 19.072577691849222], [72.84637886418513, 19.072588826724278], [72.8463883637337, 19.072601726012806], [72.84639536319017, 19.072615997944407], [72.84639964965426, 19.072631209178788], [72.84640109327164, 19.072646895731776], [72.84639964982685, 19.072662582877353], [72.8463953625264, 19.072677794200974], [72.84638836371188, 19.07269206607172], [72.84637886418984, 19.07270496467959], [72.8463671530568, 19.072716099582237], [72.84635358618418, 19.07272513260315], [72.84633857469169, 19.072731787632808], [72.84632257717325, 19.072735864086756], [72.8463060778619, 19.07273723574724]]]}, "properties": {"FEATUREID": "FS21000000045", "NAME": "Indira Nagar, Government Colony", "TYPE": 2, "LOCATION": "Prabhat Vayam Shala road, In Front of Vadana Yashvant Communication, Bandra East, Mumbai, 400055", "WARD": "H/E", "SUBTYPE": 2, "DEPTH": 2, "HEIGHT_TO_MSL": null, "AFFECT_AREA": "Indira Nagar", "AFFECT_POPULATION": null, "AFFECTED_HUT": null, "AFFECT_ROAD": null, "AFFECT_RAIL": "No", "NO_DE_WATER_PUMP": 0, "REMARKS": null}}, {"type": "Feature", "geometry": {"type": "Polygon", "coordinates": [[[72.83544959995311, 19.08460943992025], [72.83543309997602, 19.08460806731608], [72.83541710066645, 19.08460399174653], [72.83540208874571, 19.084597337256277], [72.83538852143943, 19.084588304319773], [72.8353768093907, 19.08457716873726], [72.83536730826334, 19.08456426979368], [72.83536030844556, 19.08454999839559], [72.83535602188006, 19.084534786980395], [72.83535457838202, 19.084519100440723], [72.8353560221447, 19.084503412598753], [72.83536030799858, 19.084488201646078], [72.83536730926916, 19.084473930364506], [72.83537680942726, 19.084461030672742], [72.83538852119322, 19.084449895721697], [72.83540208865978, 19.084440862757724], [72.83541710066133, 19.08443420786022], [72.83543310043747, 19.084430133409796], [72.83544959998727, 19.084428760127636], [72.83546609994703, 19.08443013272861], [72.83548209924201, 19.084434208292425], [72.83549711115266, 19.08444086277513], [72.83551067940448, 19.08444989571431], [72.83552239145509, 19.08446103128847], [72.83553189069046, 19.084473930202442], [72.83553889242104, 19.084488201617578], [72.83554317805306, 19.084503413018954], [72.83554462156907, 19.08451909955891], [72.83554317782371, 19.08453478740407], [72.83553889198441, 19.084549998362462], [72.83553189167385, 19.084564269662756], [72.8355223905702, 19.084577169351835], [72.8355106788024, 19.084588304311247], [72.83549711132795, 19.08459733728249], [72.83548209931347, 19.084603992185272], [72.83546610047081, 19.084608066649515], [72.83544959995311, 19.08460943992025]]]}, "properties": {"FEATUREID": "FS10000000015", "NAME": "Juhu Tara road, Sabaka Dentist Police Chowki, Santacruz West", "TYPE": 2, "LOCATION": "Juhu Tara Road, Near Santacruz Police station, Santacruz, Mumbai, 400054", "WARD": "H/W", "SUBTYPE": 2, "DEPTH": 4, "HEIGHT_TO_MSL": null, "AFFECT_AREA": "Juhu Tara road, Sabaka Dentist Police Chowki, Santacruz (W)", "AFFECT_POPULATION": 50, "AFFECTED_HUT": 10, "AFFECT_ROAD": "Juhu Tara Road", "AFFECT_RAIL": "No", "NO_DE_WATER_PUMP": 0, "REMARKS": "Monsoon 24 (2024-25)"}}, {"type": "Feature", "geometry": {"type": "Polygon", "coordinates": [[[72.83692269988101, 19.081265839723784], [72.8369062002059, 19.08126446728267], [72.83689020115884, 19.081260391867904], [72.83687519041479, 19.081253736627506], [72.8368616223196, 19.081244703804376], [72.83684991036128, 19.08123356922842], [72.83684041022401, 19.08122067037527], [72.83683341039486, 19.081206398126678], [72.83682912279386, 19.081191186724727], [72.83682768010021, 19.08117550019165], [72.83682912270027, 19.081159813208263], [72.83683341020358, 19.081144602216717], [72.83684041024381, 19.081130329933735], [72.83684991006511, 19.081117431034645], [72.83686162243289, 19.081106295964382], [72.8368751895389, 19.081097262854044], [72.83689020117843, 19.081090607798636], [72.83690619965215, 19.081086533172414], [72.83692269981955, 19.081085159735036], [72.83693920041551, 19.08108653308722], [72.83695519945971, 19.081090607593136], [72.83697021019367, 19.081097262826002], [72.83698377828446, 19.081106295640648], [72.83699549023294, 19.081117431111355], [72.83700499037808, 19.081130329957244], [72.83701199022015, 19.081144602200563], [72.83701627689943, 19.081159812685566], [72.8370177195993, 19.081175500122058], [72.83701627701659, 19.08119118710862], [72.83701198952785, 19.08120639810588], [72.83700499044762, 19.081220670407586], [72.8369954896808, 19.081233569303976], [72.83698377826106, 19.081244704393765], [72.836970210209, 19.081253736597105], [72.83695519855654, 19.081260391657793], [72.83693920005466, 19.0812644671898], [72.83692269988101, 19.081265839723784]]]}, "properties": {"FEATUREID": "FS10000000022", "NAME": "Poddar High shool, Jain Girasan, Premkothi Building, Santacruz West ", "TYPE": 2, "LOCATION": "Saraswati Marg, Near Poddar Education Complex, Santacruz, Mumbai, 400054", "WARD": "H/W", "SUBTYPE": 3, "DEPTH": 4, "HEIGHT_TO_MSL": null, "AFFECT_AREA": "Poddar High shool, Jain Derasar Marg Premkothi bldg, Santacruz (W)", "AFFECT_POPULATION": 50, "AFFECTED_HUT": 12, "AFFECT_ROAD": null, "AFFECT_RAIL": "No", "NO_DE_WATER_PUMP": 0, "REMARKS": null}}, {"type": "Feature", "geometry": {"type": "Polygon", "coordinates": [[[72.83640360007591, 19.07010323971456], [72.83638710054491, 19.07010186822687], [72.83637110257018, 19.07009779196638], [72.83635609280931, 19.070091136777485], [72.83634252559018, 19.07008210399846], [72.83633081533561, 19.07007096856589], [72.83632131578415, 19.07005806973826], [72.8363143163549, 19.070043798407696], [72.83631002992871, 19.07002858702077], [72.83630858632831, 19.070012899566123], [72.83631002971518, 19.069997212575647], [72.8363143159043, 19.0699820024474], [72.83632131636296, 19.069967730137364], [72.83633081454039, 19.069954831180596], [72.83634252607251, 19.069943696056825], [72.83635609317658, 19.069934662898795], [72.83637110282717, 19.06992800776989], [72.83638710116769, 19.069923932187674], [72.83640360020615, 19.069922559589703], [72.8364200987583, 19.069923931966166], [72.83643609671846, 19.06992800822096], [72.83645110741907, 19.069934663413445], [72.83646467368398, 19.069943696172857], [72.83647638490199, 19.069954830705086], [72.83648588444959, 19.069967730428566], [72.83649288389176, 19.069982001753853], [72.8364971703344, 19.06999721313813], [72.83649861396447, 19.070012899689953], [72.83649716964506, 19.070028586672493], [72.83649288440861, 19.070043797720707], [72.83648588396005, 19.070058070038275], [72.83647638483716, 19.07007096899238], [72.83646467425302, 19.070082104135665], [72.83645110714107, 19.07009113730094], [72.83643609652773, 19.070097792423987], [72.83642009912062, 19.070101868019982], [72.83640360007591, 19.07010323971456]]]}, "properties": {"FEATUREID": "FS10000000028", "NAME": "Junction of 7th Road & 11th Road", "TYPE": 1, "LOCATION": "11th Road, Near Dada Gobind Malhi Chowk, Khar, Mumbai, 400052", "WARD": "H/W", "SUBTYPE": 3, "DEPTH": 4, "HEIGHT_TO_MSL": null, "AFFECT_AREA": "Junction of 7th Road & 11th Road", "AFFECT_POPULATION": 20, "AFFECTED_HUT": 12, "AFFECT_ROAD": "Junction of 7th Road & 11th Road", "AFFECT_RAIL": "No", "NO_DE_WATER_PUMP": 0, "REMARKS": "Already Tackled (2024-25)"}}, {"type": "Feature", "geometry": {"type": "Polygon", "coordinates": [[[72.83521325975637, 19.064080113514102], [72.83515273365546, 19.064075083589184], [72.83509404733338, 19.064060125929576], [72.83503898442099, 19.064035708588477], [72.8349892147685, 19.06400257558313], [72.83494624728293, 19.063961721049374], [72.83491139939328, 19.063914399721344], [72.83488572500669, 19.06386204208242], [72.83486999858546, 19.063806237015942], [72.83486470147584, 19.063748687384706], [72.83486999814126, 19.063691138394926], [72.83488572535293, 19.0636353323067], [72.83491140306137, 19.063582976044824], [72.83494624986446, 19.063535647442897], [72.8349892143284, 19.06349479741815], [72.83503898182441, 19.063461662437103], [72.83509405169697, 19.063437247357413], [72.83515273573862, 19.063422296506467], [72.8352132631241, 19.063417259687192], [72.83527378891009, 19.06342229589092], [72.83533247511818, 19.063437247151857], [72.83538753789495, 19.063461664391422], [72.83543731318736, 19.06349479734972], [72.8354802750226, 19.06353564989775], [72.83551512299466, 19.063582972934366], [72.83554080033427, 19.06363533595447], [72.83555652419754, 19.063691135533123], [72.83556182151354, 19.063748687877563], [72.83555652505747, 19.063806238716545], [72.83554079808877, 19.06386204126922], [72.83551512147751, 19.06391439674066], [72.8354802737835, 19.063961725445367], [72.83543731117071, 19.06400257741123], [72.83538754169265, 19.064035710661408], [72.83533247164613, 19.064060125812063], [72.83527378732477, 19.064075081214256], [72.83521325975637, 19.064080113514102]]]}, "properties": {"FEATUREID": "FS10000000041", "NAME": "National College, Bandra West", "TYPE": 1, "LOCATION": "Linking Road, Near National College, Bandra West, Mumbai, 400050", "WARD": "H/W", "SUBTYPE": 99, "DEPTH": 3, "HEIGHT_TO_MSL": null, "AFFECT_AREA": "National College", "AFFECT_POPULATION": null, "AFFECTED_HUT": null, "AFFECT_ROAD": "Linking Road", "AFFECT_RAIL": "No", "NO_DE_WATER_PUMP": 0, "REMARKS": "Monsoon 24 (2024-25)"}}, {"type": "Feature", "geometry": {"type": "Polygon", "coordinates": [[[72.83106909979377, 19.07318994022666], [72.83105260100567, 19.07318856824683], [72.83103660291209, 19.07318449241097], [72.83102159219733, 19.073177836771812], [72.83100802507731, 19.073168803606386], [72.83099631406041, 19.073157668743846], [72.83098681385243, 19.073144769657336], [72.83097981480171, 19.07313049816083], [72.83097552787792, 19.07311528668359], [72.8309740838281, 19.073099600130934], [72.83097552777151, 19.073083913239422], [72.83097981455639, 19.073068702392916], [72.83098681370912, 19.07305443032569], [72.8309963143834, 19.07304153082548], [72.83100802457515, 19.073030396078696], [72.8310215921955, 19.073021363369843], [72.83103660326512, 19.073014707834336], [72.83105260105232, 19.073010631844653], [72.83106910039118, 19.073009259759516], [72.83108559916197, 19.073010631736143], [72.83110159724097, 19.07301470756629], [72.83111660794566, 19.07302136319788], [72.83113017506129, 19.073030396354838], [72.83114188608005, 19.07304153120902], [72.8311513862959, 19.073054430288273], [72.83115838535956, 19.073068701779505], [72.83116267229978, 19.07308391325408], [72.83116411636757, 19.07309959980704], [72.83116267244145, 19.073115286701753], [72.83115838470955, 19.073130498445906], [72.83115138557866, 19.073144769617553], [72.8311418858586, 19.073157669137426], [72.83113017471514, 19.073168803881405], [72.83111660803678, 19.073177836608682], [72.83110159695421, 19.073184492149476], [72.83108559915057, 19.073188568141813], [72.83106909979377, 19.07318994022666]]]}, "properties": {"FEATUREID": "FS10000000047", "NAME": "Junction of C D Marg, 16th Road", "TYPE": 1, "LOCATION": "Khar Danda Road, Near National Dry Fruit, Khar West, Mumbai, 400052", "WARD": "H/W", "SUBTYPE": 3, "DEPTH": 2, "HEIGHT_TO_MSL": null, "AFFECT_AREA": "Junction of C D Marg, 16th Road", "AFFECT_POPULATION": null, "AFFECTED_HUT": null, "AFFECT_ROAD": "Chitrakar Dhurandhar Road, 16th Road", "AFFECT_RAIL": "No", "NO_DE_WATER_PUMP": 0, "REMARKS": "Already Tackled (2024-25)"}}, {"type": "Feature", "geometry": {"type": "Polygon", "coordinates": [[[72.82995629971963, 19.05092014041242], [72.8299398031486, 19.050918767645964], [72.82992380717158, 19.050914691918734], [72.8299087993582, 19.050908037291332], [72.82989523302732, 19.050899005101186], [72.82988352444467, 19.050887870316476], [72.82987402542196, 19.050874970374853], [72.82986702720963, 19.05086069800308], [72.82986273977922, 19.050845487424656], [72.82986129676004, 19.05082979996571], [72.82986274038473, 19.050814113039092], [72.8298670274225, 19.05079890214896], [72.8298740245718, 19.050784629997754], [72.82988352386728, 19.050771730408872], [72.82989523335895, 19.050760594668382], [72.8299087990732, 19.050751562750843], [72.82992380711204, 19.05074490798882], [72.8299398027179, 19.05074083187766], [72.82995629982958, 19.050739459671707], [72.82997279733303, 19.05074083244613], [72.82998879329548, 19.050744908167673], [72.8300038010988, 19.050751562787525], [72.83001736742533, 19.050760594969216], [72.83002907600984, 19.050771729745545], [72.8300385750404, 19.05078462967992], [72.83004557326565, 19.05079890204643], [72.83004985976275, 19.050814112611054], [72.83005130279986, 19.05082980007027], [72.8300498601422, 19.050845487011262], [72.83004557311897, 19.050860697907112], [72.83003857503002, 19.050874970054704], [72.83002907573889, 19.05088786965203], [72.8300173671951, 19.050899005412063], [72.83000380052324, 19.050908037325684], [72.82998879342121, 19.050914692104147], [72.8299727968492, 19.05091876820676], [72.82995629971963, 19.05092014041242]]]}, "properties": {"FEATUREID": "FS10000000050", "NAME": "List No 276 K C Marg From Lilavati Hospital To Bus stop ", "TYPE": 2, "LOCATION": "K C Marg, Near Lilavati Hospital, Bandra, Mumbai, 400050", "WARD": "H/W", "SUBTYPE": 99, "DEPTH": 2, "HEIGHT_TO_MSL": null, "AFFECT_AREA": "K C Marg", "AFFECT_POPULATION": 90, "AFFECTED_HUT": 30, "AFFECT_ROAD": "K C Marg", "AFFECT_RAIL": "No", "NO_DE_WATER_PUMP": 0, "REMARKS": null}}, {"type": "Feature", "geometry": {"type": "Polygon", "coordinates": [[[72.8679126003209, 19.118043140164357], [72.86789609555646, 19.11804176740606], [72.86788009396265, 19.118037690691338], [72.86786507856584, 19.118031035752633], [72.8678515086158, 19.11802200392102], [72.86783979396698, 19.118010869119384], [72.86783029233227, 19.117997969701133], [72.86782329135808, 19.11798369830662], [72.86781900310885, 19.11796848734681], [72.86781755943245, 19.117952799917035], [72.86781900266755, 19.117937113430504], [72.86782329062594, 19.117921901610774], [72.86783029190013, 19.11790762992111], [72.86783979377718, 19.117894731268144], [72.86785150901713, 19.117883596144654], [72.86786507881929, 19.117874563631325], [72.8678800938873, 19.117867908995247], [72.8678960964683, 19.117863832874583], [72.86791260032878, 19.117862459703495], [72.86792910411415, 19.117863833350725], [72.8679451057049, 19.117867909156633], [72.86796012109158, 19.11787456408778], [72.86797369103721, 19.117883595910914], [72.86798540568786, 19.117894730704176], [72.86799490828055, 19.117907630126133], [72.8680019092561, 19.117921902418484], [72.86800619657167, 19.11793711336459], [72.86800764122778, 19.117952799902497], [72.86800619704833, 19.117968487284323], [72.86800190911616, 19.117983698206622], [72.86799490785211, 19.11799796990384], [72.8679854059795, 19.118010868565264], [72.8679736907377, 19.118022003697146], [72.86796012092768, 19.118031036217783], [72.86794510584672, 19.11803769085915], [72.86792910419939, 19.118041766993535], [72.8679126003209, 19.118043140164357]]]}, "properties": {"FEATUREID": "FS11000000014", "NAME": "MIDC, Near Seepz Police Station, Behind Marol Depot", "TYPE": 2, "LOCATION": "MIDC Central Road, Near MIDC Police Station, Andheri East, Mumbai, 400093", "WARD": "K/E", "SUBTYPE": null, "DEPTH": 1, "HEIGHT_TO_MSL": null, "AFFECT_AREA": "Seepz Police Station Area", "AFFECT_POPULATION": null, "AFFECTED_HUT": null, "AFFECT_ROAD": null, "AFFECT_RAIL": "No", "NO_DE_WATER_PUMP": 0, "REMARKS": null}}, {"type": "Feature", "geometry": {"type": "Polygon", "coordinates": [[[72.87862070021384, 19.10867393957874], [72.87860419714222, 19.108672566969677], [72.87858819606383, 19.108668491244895], [72.87857318191277, 19.108661836322664], [72.87855961201834, 19.108652804387436], [72.8785478981339, 19.108641669359855], [72.87853839702815, 19.108628769562067], [72.87853139636074, 19.10861449761886], [72.87852710820445, 19.10859928683397], [72.8785256644332, 19.10858360029766], [72.87852710840177, 19.108567912725388], [72.87853139599977, 19.108552702340592], [72.87853839686676, 19.108538430113512], [72.87854789830796, 19.10852553077372], [72.87855961216371, 19.10851439572725], [72.87857318157543, 19.10850536410199], [72.8785881963827, 19.1084987075696], [72.8786041968889, 19.108494633098864], [72.8786206998131, 19.108493259769855], [72.87863720285584, 19.108494633278898], [72.87865320393115, 19.10849870809483], [72.87866821806054, 19.10850536391268], [72.87868178795054, 19.108514395839435], [72.87869350183682, 19.108525530858632], [72.87870300296193, 19.108538429745998], [72.87871000364228, 19.108552701683898], [72.87871429180349, 19.108567913369225], [72.87871573559272, 19.10858359990578], [72.87871429165303, 19.10859928657807], [72.87871000405814, 19.108614497871702], [72.87870300320127, 19.108628770106318], [72.87869350177604, 19.108641668551453], [72.87868178791847, 19.108652803606308], [72.87866821753728, 19.108661836131034], [72.87865320369022, 19.108668490873423], [72.8786372031445, 19.108672567153118], [72.87862070021384, 19.10867393957874]]]}, "properties": {"FEATUREID": "FS11000000015", "NAME": "Andheri Kurla Road, Marol Naka Metro Station", "TYPE": 1, "LOCATION": "Andheri Kurla Road, Near Concord Galaxy, Andheri East, Mumbai, 400059", "WARD": "K/E", "SUBTYPE": 99, "DEPTH": 1, "HEIGHT_TO_MSL": null, "AFFECT_AREA": "Marol Naka Metro Station Area", "AFFECT_POPULATION": null, "AFFECTED_HUT": null, "AFFECT_ROAD": null, "AFFECT_RAIL": "No", "NO_DE_WATER_PUMP": 0, "REMARKS": "Already Tackled (2024-25)"}}, {"type": "Feature", "geometry": {"type": "Polygon", "coordinates": [[[72.85016406654786, 19.124987995846855], [72.85041324771069, 19.125359544483988], [72.85059074714323, 19.12576658300198], [72.85069119562523, 19.126196732951648], [72.85071153781142, 19.126636954556417], [72.85065114446823, 19.1270738397636], [72.85051185975075, 19.127494078880083], [72.8502978855146, 19.127884962351796], [72.8500157507606, 19.128234617994732], [72.84967403972806, 19.128532390837297], [72.84928311059303, 19.128769212017104], [72.84885485847133, 19.128937919418085], [72.84840225473677, 19.129033383291322], [72.8479391285192, 19.129052715086377], [72.84747949918894, 19.128995290363008], [72.84703734561712, 19.128862873444685], [72.84662607633865, 19.128659502806837], [72.84625822523029, 19.128391355606766], [72.84594498381806, 19.12806653441764], [72.84569580800407, 19.127694980380536], [72.84551832143619, 19.12728793820716], [72.84541788441027, 19.126857786700544], [72.84539755826303, 19.126417565911595], [72.84545796482071, 19.12598068373067], [72.84559726023383, 19.12556044950779], [72.84581122641306, 19.125169552161065], [72.84609337836176, 19.124819923269172], [72.84643506563172, 19.124522171963196], [72.84682598754016, 19.12428535435473], [72.84725424880281, 19.12411663912466], [72.8477068190628, 19.124021189196153], [72.84816993019267, 19.124001856596223], [72.84862956834975, 19.124059264099095], [72.84907171122573, 19.124191676123576], [72.84948295157491, 19.124395054784213], [72.84985080233375, 19.124663195302205], [72.85016406654786, 19.124987995846855]]]}, "properties": {"FEATUREID": "FS11000000016", "NAME": "Andheri Subway", "TYPE": 1, "LOCATION": "Andheri Subway Road, Near Rajdhani Restaurant, Andheri East, Mumbai, 400069", "WARD": "K/E", "SUBTYPE": 3, "DEPTH": 2, "HEIGHT_TO_MSL": null, "AFFECT_AREA": "Andheri Subway", "AFFECT_POPULATION": null, "AFFECTED_HUT": null, "AFFECT_ROAD": null, "AFFECT_RAIL": "No", "NO_DE_WATER_PUMP": 0, "REMARKS": "Planning stage (2025)"}}, {"type": "Feature", "geometry": {"type": "Polygon", "coordinates": [[[72.86744415253716, 19.112300957594524], [72.86742765024674, 19.112299584871092], [72.86741164824517, 19.112295509060072], [72.86739663431572, 19.112288854142406], [72.86738306388038, 19.112279822307908], [72.8673713496414, 19.11226868660913], [72.86736184831472, 19.112255788097695], [72.86735484663325, 19.112241515790277], [72.86735055947001, 19.11222630484026], [72.8673491148683, 19.112210618298963], [72.86735055900084, 19.11219493091435], [72.86735484678474, 19.112179719989633], [72.8673618478023, 19.112165448289975], [72.8673713502985, 19.112152548733345], [72.86738306417028, 19.112141413586023], [72.86739663443014, 19.112132381973147], [72.86741164801897, 19.112125727311966], [72.86742765003879, 19.11212165117721], [72.86744415332302, 19.11212027799245], [72.86746065559606, 19.112121650712734], [72.86747665757142, 19.11212572742117], [72.86749167244083, 19.112132382342313], [72.86750524192166, 19.112141414157318], [72.86751695617406, 19.112152548944575], [72.86752645844712, 19.11216544836287], [72.86753345920302, 19.112179719750827], [72.8675377473328, 19.112194930709173], [72.86753919099081, 19.112210618142832], [72.86753774688721, 19.1122263046275], [72.86753345911796, 19.11224151555792], [72.86752645809894, 19.112255788168238], [72.86751695561874, 19.112268686830244], [72.86750524174515, 19.11227982198595], [72.86749167242752, 19.11228885361711], [72.86747665786405, 19.112295509175713], [72.86746065582778, 19.112299585313153], [72.86744415253716, 19.112300957594524]]]}, "properties": {"FEATUREID": "FS11000000021", "NAME": "A K Road, Kohinoor Junction ", "TYPE": 2, "LOCATION": "Andheri Kurla Road, Near J B Nagar Metro Station, Andheri East, Mumbai, 400059", "WARD": "K/E", "SUBTYPE": 99, "DEPTH": 1, "HEIGHT_TO_MSL": null, "AFFECT_AREA": "Kohinoor Junction Area", "AFFECT_POPULATION": null, "AFFECTED_HUT": null, "AFFECT_ROAD": null, "AFFECT_RAIL": "No", "NO_DE_WATER_PUMP": 0, "REMARKS": null}}, {"type": "Feature", "geometry": {"type": "Polygon", "coordinates": [[[72.8819419002217, 19.117009739654637], [72.8819253962701, 19.117008367262386], [72.8819093943098, 19.117004290841727], [72.88189438022914, 19.116997636121827], [72.88188080854529, 19.11698860434537], [72.88186909484912, 19.116977468568468], [72.88185959209783, 19.11696456977457], [72.88185259085671, 19.11695029790849], [72.88184830320444, 19.11693508717477], [72.88184685913981, 19.11691939973741], [72.88184830294247, 19.11690371303216], [72.8818525905527, 19.116888501671003], [72.88185959156401, 19.116874230238974], [72.8818690952117, 19.11686133078139], [72.88188080856465, 19.116850195556967], [72.88189438045144, 19.116841163764274], [72.8819093940203, 19.11683450881045], [72.8819253962622, 19.116830433231442], [72.88194190002618, 19.11682905968264], [72.8819584039489, 19.116830432974854], [72.88197440589457, 19.11683450938982], [72.88198941996507, 19.1168411641022], [72.88200299069435, 19.116850195859243], [72.88201470535398, 19.11686133073556], [72.88202420810163, 19.1168742304253], [72.88203120935567, 19.116888502286063], [72.8820354970244, 19.116903713017084], [72.88203694111851, 19.116919399551552], [72.88203549732174, 19.11693508716309], [72.88203120878751, 19.116950297615862], [72.88202420777483, 19.116964569958558], [72.88201470508173, 19.116977469435568], [72.88200299078832, 19.11698860375432], [72.88198941984382, 19.11699763556522], [72.8819744062505, 19.117004291427516], [72.88195840399216, 19.117008367009216], [72.8819419002217, 19.117009739654637]]]}, "properties": {"FEATUREID": "FS11000000022", "NAME": "MIDC Military Road, Blue Soap Chowpatty, Andheri East", "TYPE": 2, "LOCATION": "Blossom society, MIDC Military Road, In Front of Blossom Society, Andheri East, Mumbai, 400059", "WARD": "K/E", "SUBTYPE": null, "DEPTH": 1, "HEIGHT_TO_MSL": null, "AFFECT_AREA": null, "AFFECT_POPULATION": null, "AFFECTED_HUT": null, "AFFECT_ROAD": null, "AFFECT_RAIL": "No", "NO_DE_WATER_PUMP": 0, "REMARKS": "Monsoon 24 (2024-25)"}}, {"type": "Feature", "geometry": {"type": "Polygon", "coordinates": [[[72.85788449982262, 19.102678540195935], [72.85786799770044, 19.102677166702843], [72.85785199690075, 19.102673091975188], [72.857836984266, 19.10266643639234], [72.8578234142056, 19.10265740395952], [72.85781170127004, 19.102646268672373], [72.85780220025826, 19.102633369769084], [72.8577951987918, 19.102619098095186], [72.85779091078099, 19.102603886994654], [72.85778946803732, 19.10258819956685], [72.85779091097116, 19.102572513202706], [72.85779519927468, 19.102557301643937], [72.85780219962975, 19.102543030323723], [72.85781170123424, 19.102530131256117], [72.85782341399499, 19.102518995789044], [72.85783698386811, 19.102509963943827], [72.85785199686825, 19.10250330820308], [72.85786799808109, 19.1024992328289], [72.85788450038785, 19.102497860415454], [72.8579010015543, 19.10249923299117], [72.85791700328939, 19.102503307724184], [72.85793201590238, 19.102509964202603], [72.85794558597001, 19.102518995723827], [72.85795729890742, 19.10253013100259], [72.85796679992706, 19.102543029898598], [72.85797380140643, 19.102557301567195], [72.85797808943373, 19.102572512665045], [72.85797953219536, 19.102588200093116], [72.85797808926725, 19.10260388736356], [72.85797380098997, 19.102619098024917], [72.85796679968335, 19.102633370244746], [72.85795729903332, 19.102646269331895], [72.85794558628234, 19.102657403904207], [72.85793201640136, 19.10266643575672], [72.85791700337666, 19.10267309240588], [72.857901002159, 19.102677166879616], [72.85788449982262, 19.102678540195935]]]}, "properties": {"FEATUREID": "FS11000000026", "NAME": "Subway on M C Chagala Marg, Below T2 Elevated Road", "TYPE": 1, "LOCATION": "Chakala Road, Opposite P S General Store, Andheri East, Mumbai, 400099", "WARD": "K/E", "SUBTYPE": 99, "DEPTH": 1.5, "HEIGHT_TO_MSL": null, "AFFECT_AREA": null, "AFFECT_POPULATION": null, "AFFECTED_HUT": null, "AFFECT_ROAD": null, "AFFECT_RAIL": "No", "NO_DE_WATER_PUMP": 0, "REMARKS": "Monsoon 25 (2024-25)"}}, {"type": "Feature", "geometry": {"type": "Polygon", "coordinates": [[[72.86972490014125, 19.10824713973291], [72.869708397259, 19.108245767239808], [72.86969239557152, 19.108241690754888], [72.86967738187964, 19.108235036047358], [72.86966381160971, 19.108226004397565], [72.86965209935912, 19.10821486887442], [72.86964259710227, 19.10820196956673], [72.86963559628755, 19.108187698252028], [72.86963130802455, 19.108172487327874], [72.86962986416142, 19.108156799888487], [72.86963130799268, 19.10814111335838], [72.86963559637913, 19.108125902354885], [72.86964259701351, 19.108111629623878], [72.86965209906812, 19.10809873080759], [72.86966381152604, 19.10808759636004], [72.8696773822869, 19.108078563638912], [72.8696923963823, 19.108071907852292], [72.86970839699315, 19.10806783326939], [72.86972489987423, 19.108066459838522], [72.86974140272756, 19.108067833231605], [72.86975740442355, 19.10807190790455], [72.86977241808216, 19.108078564410796], [72.86978598834767, 19.108087596052115], [72.86979770061167, 19.108098730663745], [72.86980720287636, 19.108111629964156], [72.86981420369244, 19.10812590217669], [72.86981849197191, 19.10814111309815], [72.86981993586458, 19.108156799634674], [72.86981849203912, 19.108172487071062], [72.86981420366729, 19.108187698080258], [72.8698072030546, 19.108201969915672], [72.86979770100443, 19.108214868740458], [72.86978598758303, 19.108226004088525], [72.86977241777596, 19.108235035924782], [72.86975740367919, 19.10824169081358], [72.86974140302874, 19.108245767205428], [72.86972490014125, 19.10824713973291]]]}, "properties": {"FEATUREID": "FS11000000027", "NAME": "Lele Wadi, Marol Pipe line", "TYPE": 2, "LOCATION": "Marol Pipeline Road, Opposite Golden Chariot, Andheri East, Mumbai, 400059", "WARD": "K/E", "SUBTYPE": null, "DEPTH": 2, "HEIGHT_TO_MSL": null, "AFFECT_AREA": null, "AFFECT_POPULATION": 180, "AFFECTED_HUT": 60, "AFFECT_ROAD": null, "AFFECT_RAIL": "No", "NO_DE_WATER_PUMP": 0, "REMARKS": "Monsoon 24 (2024-25)"}}, {"type": "Feature", "geometry": {"type": "Polygon", "coordinates": [[[72.8287848000827, 19.09207753966782], [72.82876829853011, 19.09207616729137], [72.82875229873704, 19.09207209199381], [72.82873728745095, 19.09206543693592], [72.82872371808375, 19.092056404371203], [72.82871200604454, 19.092045269268173], [72.8287025051083, 19.092032369999156], [72.8286955037458, 19.092018098361326], [72.82869121673892, 19.09200288683231], [72.82868977388722, 19.091987200307816], [72.82869121746452, 19.0919715125872], [72.8286955041779, 19.091956301880337], [72.8287025054387, 19.0919420300362], [72.82871200561584, 19.09192913078011], [72.828723718362, 19.091917996357502], [72.82873728680197, 19.0919089630844], [72.82875229877918, 19.091902307914083], [72.82876829940533, 19.091898233230047], [72.82878479970411, 19.09189685972187], [72.8288013012276, 19.091898232998226], [72.82881730100607, 19.091902308290045], [72.82883231323203, 19.091908963351575], [72.82884588164488, 19.091917995896615], [72.82885759368597, 19.091929130991268], [72.82886709463008, 19.09194203025302], [72.82887409600552, 19.091956301885563], [72.82887838302887, 19.091971513411924], [72.82887982589855, 19.09198719993671], [72.8288783833003, 19.092002886768633], [72.82887409563979, 19.09201809837313], [72.82886709533905, 19.09203237023601], [72.8288575942281, 19.092045268586293], [72.82884588241826, 19.092056403931565], [72.82883231302044, 19.092065437200738], [72.8288173010303, 19.09207209237633], [72.82880130133765, 19.09207616707422], [72.8287848000827, 19.09207753966782]]]}, "properties": {"FEATUREID": "FS20000000016", "NAME": "Kishor Kumar Gangualy Road, Bharat Petroleum Staff Quarters, opp A, Z Medical, Kole chawl", "TYPE": 2, "LOCATION": "Kishor Kumar Ganguly Road, Opp A To Z Chemist, Juhu, Mumbai, 400049", "WARD": "K/W", "SUBTYPE": null, "DEPTH": 1.5, "HEIGHT_TO_MSL": null, "AFFECT_AREA": "Bharat Petroleum staff quarters", "AFFECT_POPULATION": 45, "AFFECTED_HUT": 10, "AFFECT_ROAD": "Kishor Kumar Ganguly Road", "AFFECT_RAIL": "No", "NO_DE_WATER_PUMP": 0, "REMARKS": "Monsoon 24 (2024-25)"}}, {"type": "Feature", "geometry": {"type": "Polygon", "coordinates": [[[72.82978480009388, 19.104100840394068], [72.82976829830247, 19.104099467098358], [72.8297522973505, 19.10409539177599], [72.82973728309418, 19.104088735771033], [72.8297237136929, 19.104079704102993], [72.82971199987074, 19.104068568975585], [72.82970249921617, 19.104055669709474], [72.82969549832019, 19.10404139807968], [72.82969121102948, 19.104026186552705], [72.8296897671522, 19.104010500024188], [72.82969121085266, 19.103994813218783], [72.82969549791915, 19.103979601625497], [72.82970249876738, 19.103965329790917], [72.82971199966161, 19.103952430558987], [72.82972371423287, 19.103941296174465], [72.82973728271745, 19.10393226382201], [72.82975229676363, 19.10392560778954], [72.82976829761411, 19.103921533124133], [72.82978480006862, 19.103920159656198], [72.82980130184268, 19.1039215329487], [72.82981730278004, 19.103925608265346], [72.82983231702626, 19.10393226426276], [72.82984588642314, 19.103941295922297], [72.82985760024718, 19.10395243104132], [72.82986710090964, 19.103965330300156], [72.82987410181858, 19.10397960192467], [72.82987838912575, 19.10399481344899], [72.82987983302101, 19.104010499977786], [72.82987838933792, 19.104026186786392], [72.82987410228604, 19.10404139838541], [72.82986710144789, 19.104055670227545], [72.82985759961979, 19.104068568553654], [72.82984588598491, 19.104079703860872], [72.82983231654244, 19.104088736209395], [72.82981730343332, 19.10409539225835], [72.82980130161634, 19.104099466915216], [72.82978480009388, 19.104100840394068]]]}, "properties": {"FEATUREID": "FS20000000019", "NAME": "Potdar Circlelane Road No 10, V M Road, Santacruz West", "TYPE": 1, "LOCATION": "Vaikunthlal Mehta Road, Near Pushpa Narsee Park, Santacruz, Mumbai, 400047", "WARD": "K/W", "SUBTYPE": 4, "DEPTH": 4, "HEIGHT_TO_MSL": null, "AFFECT_AREA": "Potdar Circlelane road no 10, V M Road, Santacruz (West)", "AFFECT_POPULATION": 14, "AFFECTED_HUT": 3, "AFFECT_ROAD": null, "AFFECT_RAIL": "No", "NO_DE_WATER_PUMP": 0, "REMARKS": "Already Tackled (2024-25)"}}, {"type": "Feature", "geometry": {"type": "Polygon", "coordinates": [[[72.82491143995667, 19.125504348672113], [72.82489493611074, 19.12550297744513], [72.82487893333195, 19.12549890061239], [72.82486391744972, 19.125492245858112], [72.8248503457812, 19.12548321369202], [72.82483863095521, 19.125472079064348], [72.82482912775195, 19.125459180371244], [72.8248221266057, 19.125444907635742], [72.82481783942372, 19.125429696920495], [72.82481639509567, 19.12541401040336], [72.82481783872089, 19.125398322819553], [72.82482212697622, 19.12538311237446], [72.82482912838782, 19.12536883997236], [72.82483863103906, 19.125355941178434], [72.82485034568104, 19.125344806384263], [72.82486391722902, 19.125335773718], [72.82487893344373, 19.1253291192114], [72.82489493556027, 19.125325043377025], [72.82491144015319, 19.125323670563546], [72.82492794396993, 19.125325042690427], [72.82494394674592, 19.12532911861433], [72.8249589626062, 19.125335774264148], [72.82497253427033, 19.125344806421726], [72.8249842490982, 19.12535594104102], [72.82499375230935, 19.125368839726846], [72.82500075346859, 19.125383112457044], [72.82500504066705, 19.125398323169627], [72.82500648501312, 19.125414009687052], [72.82500504140525, 19.125429697274086], [72.82500075316457, 19.125444907724912], [72.82499375176309, 19.125459180134577], [72.82498424911623, 19.125472078937], [72.82497253447237, 19.125483213739557], [72.82495896291648, 19.125492246413113], [72.8249439466888, 19.125498900924985], [72.82492794360566, 19.125502976750802], [72.82491143995667, 19.125504348672113]]]}, "properties": {"FEATUREID": "FS20000000035", "NAME": "Room no 15, Naval Building Lodge, 4 Bunglow,Opp Goodshafar Church, JP Datta Road, Andheri (W) ", "TYPE": 2, "LOCATION": "Jp road, Near Good Shepherd Church, Andheri West, Mumbai, 400053", "WARD": "K/W", "SUBTYPE": null, "DEPTH": 1.5, "HEIGHT_TO_MSL": null, "AFFECT_AREA": "Goldshafar Charch", "AFFECT_POPULATION": null, "AFFECTED_HUT": null, "AFFECT_ROAD": null, "AFFECT_RAIL": "No", "NO_DE_WATER_PUMP": 0, "REMARKS": null}}, {"type": "Feature", "geometry": {"type": "Polygon", "coordinates": [[[72.83734011984619, 19.11271013994143], [72.83732361707116, 19.112708767234555], [72.83730761507965, 19.112704690666995], [72.8372926006514, 19.112698036092535], [72.83727903108843, 19.112689003988198], [72.8372673171135, 19.112677869253243], [72.83725781541044, 19.1126649702824], [72.8372508126137, 19.112650697938665], [72.83724652636432, 19.112635487436446], [72.83724508179287, 19.112619800000115], [72.8372465259, 19.112604113097255], [72.83725081259031, 19.112588902197878], [72.8372578151645, 19.112574630082147], [72.83726731701826, 19.11256173137604], [72.83727903086725, 19.112550595615478], [72.8372926006943, 19.11254156365643], [72.83730761529712, 19.112534908865882], [72.83732361689785, 19.112530832706902], [72.83734012020315, 19.112529460446414], [72.83735662296083, 19.112530833150096], [72.83737262494947, 19.112534908808808], [72.83738763935587, 19.112541564278818], [72.83740120891444, 19.11255059637467], [72.83741292289122, 19.11256173110125], [72.83742242460217, 19.112574630064813], [72.83742942741185, 19.112588902403253], [72.83743371367771, 19.112604112902794], [72.83743515826718, 19.11261980033941], [72.8374337141774, 19.112635487245463], [72.83742942655161, 19.112650698139408], [72.83742242493761, 19.11266497027385], [72.83741292308825, 19.112677868988463], [72.83740120924915, 19.11268900385429], [72.83738763941423, 19.112698035820614], [72.83737262479845, 19.11270469061645], [72.83735662318125, 19.11270876677811], [72.83734011984619, 19.11271013994143]]]}, "properties": {"FEATUREID": "FS20000000048", "NAME": "Irla Masjid Jn, Juhu", "TYPE": 2, "LOCATION": "Gulmohar Road, Near Irla Masjid Jn, Juhu, Juhu, Mumbai, 400049", "WARD": "K/W", "SUBTYPE": 4, "DEPTH": 3, "HEIGHT_TO_MSL": null, "AFFECT_AREA": "Irla Masjit Junction", "AFFECT_POPULATION": null, "AFFECTED_HUT": null, "AFFECT_ROAD": "Gulmohar Road", "AFFECT_RAIL": "No", "NO_DE_WATER_PUMP": 0, "REMARKS": "Already Tackled (2024-25)"}}, {"type": "Feature", "geometry": {"type": "Polygon", "coordinates": [[[72.88988597897466, 19.09104087121022], [72.8896257835407, 19.091138606955447], [72.88935172236961, 19.091191924766118], [72.88907206651392, 19.091199178785516], [72.88879532076122, 19.091160147640405], [72.88852993398956, 19.091076020280525], [72.88828392795236, 19.090949370940653], [72.88806480479602, 19.090784032513124], [72.88787919939476, 19.090585013961928], [72.88773277318899, 19.090358405148336], [72.88762996356104, 19.090111061408408], [72.88757388376455, 19.089850479546968], [72.88756625590645, 19.089584615501945], [72.88760732789108, 19.089321543757215], [72.88769579833018, 19.08906923789129], [72.88782902373147, 19.08883534352943], [72.8880029493043, 19.08862701768268], [72.88821226525769, 19.0884505927313], [72.88845063087567, 19.088311364031192], [72.88871082127453, 19.088213629549784], [72.88898488591924, 19.08816032587064], [72.88926453474187, 19.088153071469], [72.889541276702, 19.088192101461008], [72.88980667401273, 19.088276221738404], [72.89005267026087, 19.088402855174362], [72.8902718011379, 19.088568204808464], [72.89045739928643, 19.08876720740113], [72.89060383571535, 19.088993826133503], [72.8907066360253, 19.08924117657478], [72.89076271331007, 19.089501743412303], [72.89077034630127, 19.089767607817738], [72.89072928648683, 19.090030694360884], [72.89064081982725, 19.090283002053553], [72.89050758935893, 19.09051688505095], [72.8903336852516, 19.090725220800906], [72.89012435478138, 19.09090165513836], [72.88988597897466, 19.09104087121022]]]}, "properties": {"FEATUREID": "FS15000000028", "NAME": "Sanjay Nagar Police Chowky", "TYPE": 2, "LOCATION": "Sanjay Nagar Road, Near Sanjaynagar Police Chowky, Kurla West, Mumbai, 400072", "WARD": "L", "SUBTYPE": 2, "DEPTH": 2, "HEIGHT_TO_MSL": null, "AFFECT_AREA": "Sanjay Nagar", "AFFECT_POPULATION": 150, "AFFECTED_HUT": 50, "AFFECT_ROAD": null, "AFFECT_RAIL": "No", "NO_DE_WATER_PUMP": 0, "REMARKS": "Monsoon 26 (2025)"}}, {"type": "Feature", "geometry": {"type": "Polygon", "coordinates": [[[72.87610041785496, 19.075495035499532], [72.87597956238665, 19.075198884194624], [72.87591461261799, 19.074887238410042], [72.87590757459888, 19.074569644468827], [72.8759586894177, 19.074255706884244], [72.87606631626579, 19.073954949718487], [72.87622723136336, 19.073676548154463], [72.87643657082333, 19.073428969256565], [72.87668793512559, 19.0732196778274], [72.87697371550797, 19.073055095028398], [72.87728518588358, 19.072940168601356], [72.87761294301654, 19.072878420410913], [72.87794697388134, 19.072871726834947], [72.87827716796781, 19.072920295764142], [72.87859347538269, 19.07302263138482], [72.87888629688895, 19.073175638017652], [72.87914671035057, 19.07337466516028], [72.87936683836261, 19.073613657122646], [72.87953993684755, 19.07388535725905], [72.87966082373921, 19.074181515210455], [72.87972574664211, 19.074493135569632], [72.87973279937664, 19.074810745512412], [72.87968171776211, 19.075124694136175], [72.8795740869448, 19.075425437572097], [72.87941317608906, 19.075703841496967], [72.87920384486331, 19.07595144021691], [72.8789524533321, 19.076160725602698], [72.87866669445, 19.076325320420757], [72.87835520986424, 19.076440231366554], [72.87802744663863, 19.0765019820213], [72.87769339127195, 19.076508682064645], [72.87736321505668, 19.07646011984703], [72.8770468930045, 19.076357767030593], [72.87675407015215, 19.07620475445683], [72.87649364602693, 19.076005749014694], [72.87627352857146, 19.075766729482652], [72.87610041785496, 19.075495035499532]]]}, "properties": {"FEATUREID": "FS15000000032", "NAME": "Kurla Depot Junction", "TYPE": 2, "LOCATION": "BKC Road, Near Kanakia Zillion, Kurla West, Mumbai, 400072", "WARD": "L", "SUBTYPE": null, "DEPTH": 1, "HEIGHT_TO_MSL": null, "AFFECT_AREA": null, "AFFECT_POPULATION": null, "AFFECTED_HUT": null, "AFFECT_ROAD": null, "AFFECT_RAIL": "No", "NO_DE_WATER_PUMP": 0, "REMARKS": "Other Agency (2025)"}}, {"type": "Feature", "geometry": {"type": "Polygon", "coordinates": [[[72.92332199814594, 19.05524473283494], [72.9232886755424, 19.055241960374524], [72.92325636614011, 19.05523372535884], [72.92322605185474, 19.05522028273187], [72.92319865194683, 19.055202036679344], [72.92317499923132, 19.055179543973946], [72.92315581382024, 19.055153486580693], [72.92314168049609, 19.055124657852545], [72.92313302533796, 19.055093932458444], [72.92313011027058, 19.05506224644927], [72.92313302970389, 19.055030561991593], [72.92314169000915, 19.05499983732792], [72.92315582490727, 19.054971011593945], [72.92317501508398, 19.054944955358604], [72.9231986692501, 19.054922465894393], [72.92322607219417, 19.05490422255408], [72.92325638767683, 19.054890783190274], [72.92328869968824, 19.05488255119824], [72.92332202185577, 19.05487978284833], [72.92335534438872, 19.054882555296015], [72.92338765563107, 19.054890790310033], [72.92341796985262, 19.054904234712772], [72.92344536976492, 19.054922478924556], [72.9234690205881, 19.054944971574464], [72.92348820603098, 19.054971028938034], [72.92350233938512, 19.05499985945084], [72.92351099653217, 19.05503058304894], [72.92351390977308, 19.055062269037613], [72.92351099228746, 19.055093955335728], [72.92350233206425, 19.05512467821614], [72.92348819528534, 19.055153505765627], [72.92346900512673, 19.055179562035388], [72.92344535095334, 19.05520205153371], [72.92341794989957, 19.05522029311875], [72.92338763246481, 19.05523373248285], [72.92335532228618, 19.055241964507324], [72.92332199814594, 19.05524473283494]]]}, "properties": {"FEATUREID": "FS16000000029", "NAME": "Durga Devi Chowk", "TYPE": 2, "LOCATION": "Deonar Circle, Opp Gaikwad Udyan, Near Ayush Hospital, Deonar Colony", "WARD": "M/E", "SUBTYPE": 2, "DEPTH": 2, "HEIGHT_TO_MSL": null, "AFFECT_AREA": null, "AFFECT_POPULATION": null, "AFFECTED_HUT": null, "AFFECT_ROAD": null, "AFFECT_RAIL": "No", "NO_DE_WATER_PUMP": 0, "REMARKS": "Already Tackled (2024-25)"}}, {"type": "Feature", "geometry": {"type": "Polygon", "coordinates": [[[72.89385910006739, 19.05040923965553], [72.89384260341077, 19.050407868055935], [72.89382660728944, 19.050403792328453], [72.89381159932597, 19.050397137272352], [72.89379803387037, 19.05038810498932], [72.89378632445889, 19.05037697028087], [72.89377682495564, 19.050364069593737], [72.89376982673753, 19.05034979827784], [72.89376554094528, 19.050334586898245], [72.89376409659539, 19.050318900310447], [72.89376554088804, 19.050303213275185], [72.89376982696304, 19.05028800218925], [72.89377682454099, 19.05027372985115], [72.89378632391639, 19.05026083015099], [72.89379803421767, 19.050249695404712], [72.89381159877446, 19.050240662980464], [72.89382660660593, 19.05023400820341], [72.89384260302758, 19.050229931831097], [72.89385910009868, 19.050228560172624], [72.89387559673803, 19.050229931769067], [72.89389159283336, 19.050234008394046], [72.8939066007867, 19.050240663442626], [72.8939201662493, 19.050249694814067], [72.8939318756512, 19.05026083041731], [72.89394137517367, 19.050273730194025], [72.89394837339324, 19.05028800240779], [72.89395265921327, 19.05030321288153], [72.89395410261994, 19.050318900361894], [72.89395265929434, 19.050334587411125], [72.89394837324532, 19.050349797599576], [72.89394137472772, 19.050364069934346], [72.8939318763065, 19.050376969653797], [72.89392016599199, 19.050388105311576], [72.89390660143879, 19.050397136839955], [72.89389159264469, 19.050403791611448], [72.89387559715641, 19.050407867997293], [72.89385910006739, 19.05040923965553]]]}, "properties": {"FEATUREID": "FS22000000016", "NAME": "Opp Chagan Mitha Petroal Pump, Surana hospital, Chunabhatti West", "TYPE": 2, "LOCATION": "Bhakti Bhavan Marg, Opp Chagan Mitha Petrol Pump, Chembur, Mumbai, 400071", "WARD": "M/W", "SUBTYPE": 3, "DEPTH": 1, "HEIGHT_TO_MSL": null, "AFFECT_AREA": "Chagan Mitha Petroal Pump Area", "AFFECT_POPULATION": null, "AFFECTED_HUT": null, "AFFECT_ROAD": null, "AFFECT_RAIL": "No", "NO_DE_WATER_PUMP": 0, "REMARKS": null}}, {"type": "Feature", "geometry": {"type": "Polygon", "coordinates": [[[72.88373540054398, 19.053883549267688], [72.88367998790221, 19.053878941906916], [72.8836262569074, 19.05386525151933], [72.88357584275116, 19.053842897017], [72.88353027376272, 19.053812558940432], [72.88349094131327, 19.053775155627676], [72.88345903830957, 19.053731824442547], [72.88343552830979, 19.053683885288674], [72.88342113188494, 19.053632792578863], [72.88341628336568, 19.053580100414013], [72.88342113153114, 19.053527408394356], [72.88343552974722, 19.053476315439223], [72.88345903746772, 19.053428376447318], [72.88349094281364, 19.053385044746623], [72.88353027338808, 19.05334764331422], [72.88357584170649, 19.053317302972157], [72.88362625769257, 19.053294950788892], [72.88367998823942, 19.053281257469894], [72.88373539883821, 19.053276650481468], [72.88379081508394, 19.053281257850244], [72.88384454206934, 19.05329495174278], [72.88389495897239, 19.05331730528987], [72.88394052794544, 19.05334764056171], [72.88397985946561, 19.05338504376926], [72.88401176445714, 19.053428374894217], [72.88403527460231, 19.05347631398837], [72.88404967118922, 19.053527408474192], [72.88405451613457, 19.053580098791993], [72.88404967101356, 19.05363279087991], [72.8840352738659, 19.053683887522553], [72.88401176247176, 19.053731825652523], [72.88397986097468, 19.05377515749209], [72.88394052659211, 19.053812558072075], [72.88389495820834, 19.053842896689815], [72.88384454397641, 19.05386524895459], [72.88379081324457, 19.05387894230387], [72.88373540054398, 19.053883549267688]]]}, "properties": {"FEATUREID": "FS22000000019", "NAME": "Suman Nagar", "TYPE": 2, "LOCATION": "Vn Purv Marg, Near Traffic Chowki, Chembur West, Mumbai, 400089", "WARD": "M/W", "SUBTYPE": 3, "DEPTH": 1, "HEIGHT_TO_MSL": null, "AFFECT_AREA": "VN Purv Marg", "AFFECT_POPULATION": null, "AFFECTED_HUT": null, "AFFECT_ROAD": null, "AFFECT_RAIL": "No", "NO_DE_WATER_PUMP": 0, "REMARKS": "Already Tackled (2024-25)"}}, {"type": "Feature", "geometry": {"type": "Polygon", "coordinates": [[[72.89947711408803, 19.06537750258516], [72.89904001927817, 19.065452710708186], [72.8985958352213, 19.06545460256606], [72.89815802088971, 19.06538310756025], [72.89773994574779, 19.065240427752403], [72.89735426763696, 19.065030870872196], [72.89701270693458, 19.064760825128506], [72.89672566618425, 19.064438484752824], [72.89650185246308, 19.064073662284958], [72.89634808171624, 19.06367741144084], [72.8962689937636, 19.06326180523571], [72.89626703376119, 19.062839453400137], [72.89634220376682, 19.062423171647843], [72.89649225538493, 19.062025627988042], [72.89671264304071, 19.061658911348506], [72.89699662643274, 19.061334171464175], [72.89733562494821, 19.061061239064255], [72.8977193247709, 19.060848419380882], [72.89813602440589, 19.060702209788595], [72.89857310131417, 19.060626978168134], [72.89901730266673, 19.060625102636482], [72.8994550741685, 19.0606965769549], [72.899873140202, 19.060839251984643], [72.90025883767072, 19.061048797014127], [72.90060037348648, 19.06131884176543], [72.90088741762717, 19.06164117731341], [72.90111126801952, 19.06200601445271], [72.90126504401486, 19.0624022369737], [72.90134414447745, 19.06281784222605], [72.90134612370419, 19.063240219702994], [72.9012709590584, 19.063656480164546], [72.9011209111459, 19.0640540050556], [72.9009005342993, 19.06442075195521], [72.90061653355734, 19.064745527578495], [72.90027753165144, 19.065018464806254], [72.89989385008846, 19.065231283089606], [72.89947711408803, 19.06537750258516]]]}, "properties": {"FEATUREID": "FS22000000025", "NAME": "Tembhe Bridge", "TYPE": 2, "LOCATION": "Shanta Jog Marg, Near Bhaji Market, Chembur West, Mumbai, 400089", "WARD": "M/W", "SUBTYPE": null, "DEPTH": 2, "HEIGHT_TO_MSL": null, "AFFECT_AREA": "Shanta Jog Marg", "AFFECT_POPULATION": null, "AFFECTED_HUT": null, "AFFECT_ROAD": null, "AFFECT_RAIL": "No", "NO_DE_WATER_PUMP": 0, "REMARKS": "Will be tackeled Before Monsoon 2026 (2025)"}}, {"type": "Feature", "geometry": {"type": "Polygon", "coordinates": [[[72.88959769940543, 19.05401422704043], [72.88954689244838, 19.0540100020045], [72.88949762999106, 19.05399744833823], [72.88945140515573, 19.053976953468993], [72.88940962360691, 19.05394913506391], [72.8893735588884, 19.053914842325], [72.88934430927007, 19.053875113040757], [72.88932275422977, 19.053831159538753], [72.88930955232425, 19.053784311754196], [72.88930510530427, 19.053736000560068], [72.88930955234706, 19.053687688148543], [72.88932275139334, 19.053640841622467], [72.88934430728614, 19.053596886347023], [72.88937355910353, 19.053557156124896], [72.88940962516423, 19.053522864806748], [72.8894514056589, 19.053495048512115], [72.88949762842206, 19.05347455170115], [72.88954689204854, 19.05346199786021], [72.88959770030174, 19.053457772733495], [72.88964850709472, 19.053461997739564], [72.88969777226308, 19.053474551384653], [72.88974399700255, 19.053495046182647], [72.88978577566016, 19.053522864475017], [72.88982184039585, 19.053557157134655], [72.88985109293768, 19.053596886382564], [72.8898726480659, 19.053640842543782], [72.88988584731186, 19.0536876875608], [72.88989029450185, 19.053735998757265], [72.88988584758884, 19.053784313908096], [72.88987264868088, 19.05383116048796], [72.88985109291818, 19.053875113125216], [72.88982184114268, 19.05391484342743], [72.88978577787985, 19.053949137566907], [72.88974399731099, 19.05397695393046], [72.8896977716106, 19.053997448049603], [72.88964850782864, 19.054010001916055], [72.88959769940543, 19.05401422704043]]]}, "properties": {"FEATUREID": "FS22000000037", "NAME": "Umarshi Bappa Chowk, Swastik Chember", "TYPE": 1, "LOCATION": "Hemu Kalani Marg, Near SBI Bank, Chembur West, Mumbai, 400089", "WARD": "M/W", "SUBTYPE": 3, "DEPTH": 1, "HEIGHT_TO_MSL": null, "AFFECT_AREA": null, "AFFECT_POPULATION": null, "AFFECTED_HUT": null, "AFFECT_ROAD": null, "AFFECT_RAIL": "No", "NO_DE_WATER_PUMP": 0, "REMARKS": "Already Tackled (2024-25)"}}, {"type": "Feature", "geometry": {"type": "Polygon", "coordinates": [[[72.91682906373164, 19.098155638579275], [72.91681256201247, 19.098154265864654], [72.91679656161499, 19.098150190767903], [72.91678154939406, 19.09814353622484], [72.91676797986901, 19.098134503391393], [72.9167562667185, 19.098123367934313], [72.91674676581516, 19.09811046899968], [72.91673976492227, 19.0980961973535], [72.9167354781064, 19.098080986285662], [72.91673403354544, 19.0980652988259], [72.91673547752087, 19.09804961243304], [72.91673976514375, 19.09803440082445], [72.91674676612281, 19.09802012862147], [72.91675626693619, 19.09800722969524], [72.91676797954005, 19.09799609461928], [72.91678154908215, 19.09798706172385], [72.91679656162653, 19.09798040724741], [72.91681256237396, 19.09797633199339], [72.91682906424622, 19.097974958717536], [72.91684556593673, 19.097976332332195], [72.91686156631957, 19.097980407423268], [72.91687657853036, 19.097987061958833], [72.91689014805094, 19.097996094783813], [72.91690186120324, 19.098007230232508], [72.91691136211439, 19.098020129159867], [72.91691836302019, 19.098034400800717], [72.91692264985245, 19.09804961186584], [72.91692409443138, 19.098065299325828], [72.91692265047331, 19.0980809857218], [72.91691836286508, 19.09809619733607], [72.91691136190747, 19.098110468643398], [72.91690186109855, 19.098123367578072], [72.91689014754286, 19.09813450265168], [72.91687657894299, 19.09814353556513], [72.91686156637441, 19.098150190950058], [72.91684556561054, 19.098154266206816], [72.91682906373164, 19.098155638579275]]]}, "properties": {"FEATUREID": "FS17000000016", "NAME": "Rcity Mall Ghatkopar West", "TYPE": 1, "LOCATION": "Lal Bahdurshastri Road, In Writeside Of Rcity Mall, Ghatkopar West, Mumbai, 400086", "WARD": "N", "SUBTYPE": 99, "DEPTH": 2, "HEIGHT_TO_MSL": null, "AFFECT_AREA": "Lal Bahdur shatri Marg", "AFFECT_POPULATION": null, "AFFECTED_HUT": null, "AFFECT_ROAD": "Lal Bahadurshatri Marg", "AFFECT_RAIL": "No", "NO_DE_WATER_PUMP": 1, "REMARKS": "Already Tackled (2024-25)"}}, {"type": "Feature", "geometry": {"type": "Polygon", "coordinates": [[[72.8977247418333, 19.07623766897551], [72.89744011500918, 19.07624387131884], [72.89715869934385, 19.076202955968576], [72.89688903010533, 19.07611621629786], [72.89663928663356, 19.075986269482684], [72.8964170795345, 19.075817054060977], [72.89622914680321, 19.075613742444133], [72.89608119373095, 19.075382478024938], [72.89597775789764, 19.075130308584278], [72.89592192798379, 19.07486488498569], [72.89591542489963, 19.074594283243076], [72.89595844121611, 19.07432670731188], [72.89604967287197, 19.074070313313936], [72.89618634638417, 19.07383286299687], [72.89636430314616, 19.07362159554027], [72.89657816970146, 19.073442910657384], [72.89682138957012, 19.073302256065908], [72.89708662256137, 19.073203877336386], [72.89736576860388, 19.07315081004832], [72.89765037395905, 19.07314460803039], [72.89793181707705, 19.073185518913863], [72.89820146625334, 19.07327225920583], [72.89845122519957, 19.07340221741797], [72.89867341379774, 19.073571415659824], [72.89886134773732, 19.073774724889553], [72.89900930370479, 19.074005988249212], [72.89911274549847, 19.07425817176424], [72.89916859496574, 19.07452357788237], [72.89917508719924, 19.07479418073759], [72.89913209193212, 19.07506175717222], [72.89904084969118, 19.0753181700717], [72.89890417688686, 19.075555606466388], [72.89872622076025, 19.07576687644664], [72.89851235374101, 19.075945579984346], [72.89826914809841, 19.07608623402373], [72.89800390913538, 19.076184599582415], [72.8977247418333, 19.07623766897551]]]}, "properties": {"FEATUREID": "FS17000000017", "NAME": "Shatri Nagar Vidyavihar East", "TYPE": 1, "LOCATION": "Rajawadi Road, In Frontside Of Shatrinagar CHS Vidyavehar, Vidyvihar East, Mumbai, 400077", "WARD": "N", "SUBTYPE": 99, "DEPTH": 2, "HEIGHT_TO_MSL": null, "AFFECT_AREA": "Shatrinagar Area", "AFFECT_POPULATION": null, "AFFECTED_HUT": null, "AFFECT_ROAD": null, "AFFECT_RAIL": "No", "NO_DE_WATER_PUMP": 1, "REMARKS": "Planning Stage (2025)"}}, {"type": "Feature", "geometry": {"type": "Polygon", "coordinates": [[[72.81493864994195, 19.192537349145276], [72.8149221387085, 19.192535976367303], [72.8149061289889, 19.19253190077447], [72.81489110780302, 19.192525245591142], [72.81487753069264, 19.192516214054233], [72.81486581234724, 19.192505079365887], [72.81485630481346, 19.19249217901436], [72.81484930044209, 19.19247790758321], [72.81484501123892, 19.192462696634145], [72.81484356607284, 19.192447010157448], [72.81484501096213, 19.19243132289789], [72.81484929967671, 19.19241611211363], [72.81485630537097, 19.19240184055351], [72.81486581223194, 19.19238894100258], [72.81487753083077, 19.192377805626357], [72.814891107783, 19.19236877434401], [72.81490612881471, 19.192362118606823], [72.81492213868772, 19.192358044345337], [72.81493865002841, 19.1923566713003], [72.81495516124441, 19.19235804407506], [72.81497117096126, 19.192362118759046], [72.81498619213698, 19.192368773934767], [72.81499976923104, 19.19237780636625], [72.81501148757832, 19.192388941046172], [72.81502099512002, 19.192401841390392], [72.81502800046688, 19.19241611192444], [72.81503228873609, 19.19243132285952], [72.81503373390834, 19.192447010239597], [72.81503228904839, 19.192462696599286], [72.81502800033657, 19.192477908292382], [72.8150209946644, 19.19249217895702], [72.81501148779593, 19.19250507941957], [72.81499976920715, 19.19251621390114], [72.81498619223505, 19.19252524609387], [72.81497117120222, 19.192531900933286], [72.81495516130072, 19.192535976100544], [72.81493864994195, 19.192537349145276]]]}, "properties": {"FEATUREID": "FS12000000011", "NAME": "Marve Road, Near Rathodi Village, Cherry Studio, Opp Bulbul Estate, Suhasini Kuteer, Malad West", "TYPE": 2, "LOCATION": "Marve Road, Near Cherist Studio, Malad, Mumbai, 400095", "WARD": "P/N", "SUBTYPE": 3, "DEPTH": 2, "HEIGHT_TO_MSL": null, "AFFECT_AREA": "omji compound", "AFFECT_POPULATION": 60, "AFFECTED_HUT": 20, "AFFECT_ROAD": null, "AFFECT_RAIL": "No", "NO_DE_WATER_PUMP": 0, "REMARKS": "Already Tackled (2024-25)"}}, {"type": "Feature", "geometry": {"type": "Polygon", "coordinates": [[[72.84659810007842, 19.186884249026928], [72.8465815888669, 19.18688287642142], [72.84656558053513, 19.186878800882802], [72.84655056020674, 19.186872146432787], [72.84653698252916, 19.186863114414614], [72.846525264128, 19.186851978888086], [72.8465157580374, 19.186839079103372], [72.84650875290205, 19.186824807749307], [72.8465044636485, 19.18680959729517], [72.84650301925765, 19.186793909911298], [72.84650446390351, 19.186778223030537], [72.84650875432477, 19.186763012155698], [72.84651575805331, 19.186748740903045], [72.84652526412823, 19.1867358412567], [72.8465369831899, 19.186724706343878], [72.84655056004814, 19.186715674324013], [72.84656558140361, 19.186709019447072], [72.84658158926085, 19.186704944081875], [72.84659810004382, 19.18670357081128], [72.84661461122616, 19.186704944316702], [72.84663061860448, 19.18670901893534], [72.84664563986145, 19.18671567429203], [72.8466592165841, 19.18672470629053], [72.84667093594935, 19.186735840916672], [72.84668044204787, 19.18674874069407], [72.8466874462457, 19.186763012031655], [72.84669173645456, 19.18677822339738], [72.84669318087522, 19.18679390987842], [72.84669173624681, 19.186809596762373], [72.84668744679075, 19.1868248076541], [72.84668044212187, 19.186839078903176], [72.84667093605138, 19.18685197855804], [72.84665921697612, 19.18686311438239], [72.84664564010998, 19.18687214640957], [72.84663061874149, 19.186878801291833], [72.84661461087947, 19.186882875756616], [72.84659810007842, 19.186884249026928]]]}, "properties": {"FEATUREID": "FS12000000013", "NAME": "Near Natraj Market, S V Road, Malad West", "TYPE": 1, "LOCATION": "S V Road, Near Natraj Market, Malad, Mumbai, 400064", "WARD": "P/N", "SUBTYPE": 3, "DEPTH": 2, "HEIGHT_TO_MSL": null, "AFFECT_AREA": "Natraj Market", "AFFECT_POPULATION": null, "AFFECTED_HUT": null, "AFFECT_ROAD": "jakaria road", "AFFECT_RAIL": "No", "NO_DE_WATER_PUMP": 0, "REMARKS": "Already Tackled (2024-25)"}}, {"type": "Feature", "geometry": {"type": "Polygon", "coordinates": [[[72.84998560040505, 19.170730839452872], [72.8499690907295, 19.170729467304415], [72.84995308381359, 19.170725391295846], [72.84993806377624, 19.170718736327775], [72.84992448902933, 19.170709703775945], [72.84991277139163, 19.17069856944008], [72.84990326582172, 19.170685668971487], [72.84989626186419, 19.17067139777283], [72.84989197254926, 19.170656187383553], [72.84989052876071, 19.17064049999434], [72.84989197278223, 19.17062481301629], [72.84989626232188, 19.170609601966245], [72.84990326590066, 19.170595329573867], [72.84991277064351, 19.17058243142098], [72.84992448919014, 19.17057129615098], [72.84993806447045, 19.17056226371843], [72.84995308417189, 19.170555609300155], [72.84996909133454, 19.170551532580244], [72.84998560047305, 19.170550160648894], [72.85000210918075, 19.170551532783033], [72.85001811608201, 19.17055560878587], [72.85003313610919, 19.17056226374638], [72.85004671085167, 19.17057129628969], [72.85005842944162, 19.17058243062828], [72.85006793408071, 19.170595330175335], [72.85007493803954, 19.17060960227177], [72.850079227371, 19.17062481265836], [72.85008067117761, 19.170640500047828], [72.8500792271735, 19.170656187029092], [72.85007493764853, 19.170671398084867], [72.85006793410336, 19.170685668678573], [72.85005842934149, 19.170698568646213], [72.85004671079302, 19.17070970392463], [72.85003313645524, 19.170718736375598], [72.85001811579038, 19.170725390788082], [72.85000210862292, 19.17072946660755], [72.84998560040505, 19.170730839452872]]]}, "properties": {"FEATUREID": "FS13000000010", "NAME": "Pandurang wadi 2", "TYPE": 1, "LOCATION": "Jai Sadguru Banglow, Road No 2, Opp Jivan Smruti Building, Goregaon, Mumbai, 400065", "WARD": "P/S", "SUBTYPE": 3, "DEPTH": 1, "HEIGHT_TO_MSL": null, "AFFECT_AREA": "Pandurang wadi 2", "AFFECT_POPULATION": 107, "AFFECTED_HUT": 3, "AFFECT_ROAD": null, "AFFECT_RAIL": "No", "NO_DE_WATER_PUMP": 0, "REMARKS": "Already Tackled (2024-25)"}}, {"type": "Feature", "geometry": {"type": "Polygon", "coordinates": [[[72.83671310040961, 19.15606983863187], [72.83669659239773, 19.15606846724664], [72.83668058729955, 19.156064391147414], [72.83666556916685, 19.156057736167913], [72.83665199540273, 19.156048703700627], [72.83664027777863, 19.156037568666658], [72.83663077304881, 19.156024670372602], [72.83662376983418, 19.156010397904115], [72.83661948105512, 19.15599518732701], [72.83661803661163, 19.155979499923077], [72.83661948065033, 19.155963813125428], [72.83662376989945, 19.155948602434034], [72.83663077287181, 19.155934329664152], [72.83664027762072, 19.155921431295518], [72.83665199488541, 19.15591029592842], [72.83666556854482, 19.15590126440682], [72.83668058729234, 19.155894609181342], [72.83669659321235, 19.155890532603888], [72.83671309991871, 19.155889160818603], [72.83672960695107, 19.155890533092542], [72.83674561298493, 19.15589460919725], [72.8367606311075, 19.155901264169177], [72.83677420487898, 19.155910295724848], [72.83678592155461, 19.155921430739216], [72.83679542723087, 19.155934329940273], [72.83680243045849, 19.15594860240345], [72.83680671925408, 19.155963812977877], [72.8368081627653, 19.155979500370893], [72.83680671874399, 19.155995187171726], [72.83680243045985, 19.15601039788005], [72.83679542655908, 19.15602466974322], [72.83678592180281, 19.15603756902345], [72.83677420453627, 19.156048704398977], [72.83676063086897, 19.156057735927874], [72.83674561305877, 19.15606439116984], [72.83672960808435, 19.15606846685806], [72.83671310040961, 19.15606983863187]]]}, "properties": {"FEATUREID": "FS13000000015", "NAME": "Motilal Nagar no, 4, Goregan West", "TYPE": 2, "LOCATION": "motilal nagar road no 4, near ganesh maidan, Goregaon west, Mumbai, 400104", "WARD": "P/S", "SUBTYPE": null, "DEPTH": 2, "HEIGHT_TO_MSL": null, "AFFECT_AREA": "motilal nagar 1", "AFFECT_POPULATION": 300, "AFFECTED_HUT": 100, "AFFECT_ROAD": "Motilal Nagar Road No 4", "AFFECT_RAIL": "No", "NO_DE_WATER_PUMP": 0, "REMARKS": "Already Tackled (2024-25)"}}, {"type": "Feature", "geometry": {"type": "Polygon", "coordinates": [[[72.83639800046134, 19.17965871878994], [72.83638149013659, 19.179657346246337], [72.83636548186998, 19.17965327079854], [72.83635046171626, 19.17964661560069], [72.83633688616611, 19.179637583846908], [72.83632516706835, 19.17962644865784], [72.8363156612221, 19.1796135493448], [72.83630865724716, 19.179599277706277], [72.83630436812206, 19.17958406710102], [72.83630292374545, 19.179568379714716], [72.83630436826193, 19.179552692980007], [72.8363086574349, 19.179537482383715], [72.83631566068907, 19.17952321065215], [72.83632516703769, 19.17951031065947], [72.83633688615086, 19.179499176407752], [72.83635046190989, 19.179490144219038], [72.83636548195909, 19.179483489234897], [72.83638149021515, 19.17947941382196], [72.83639800025587, 19.179478041407076], [72.83641450961274, 19.17947941393627], [72.83643051786466, 19.17948348937831], [72.83644553802002, 19.179490143665475], [72.83645911355396, 19.179499176313843], [72.83647083266537, 19.17951031059139], [72.8364803394582, 19.179523210811436], [72.83648734344614, 19.179537482444637], [72.83649163163733, 19.179552693036023], [72.83649307603201, 19.179568380422587], [72.83649163153295, 19.179584067160512], [72.83648734332513, 19.179599277773736], [72.83648033914244, 19.17961354859857], [72.83647083279826, 19.179626448599787], [72.83645911367144, 19.179637583763007], [72.8364455379045, 19.17964661595903], [72.83643051784227, 19.17965327094849], [72.83641450956969, 19.17965734636411], [72.83639800046134, 19.17965871878994]]]}, "properties": {"FEATUREID": "FS13000000023", "NAME": "Link Road and Chincholi Bunder Junction", "TYPE": 2, "LOCATION": "link road, near guru krupa restaurant, Goregaon west, Mumbai, 400064", "WARD": "P/S", "SUBTYPE": 2, "DEPTH": 2, "HEIGHT_TO_MSL": null, "AFFECT_AREA": "Chincholi Bunder Junction", "AFFECT_POPULATION": null, "AFFECTED_HUT": null, "AFFECT_ROAD": "link road", "AFFECT_RAIL": "No", "NO_DE_WATER_PUMP": 0, "REMARKS": "Already Tackled (2024-25)"}}, {"type": "Feature", "geometry": {"type": "Polygon", "coordinates": [[[72.8651461002279, 19.232442537767547], [72.8651295851207, 19.232441166396683], [72.86511357188644, 19.232437090220966], [72.86509854672556, 19.232430435043973], [72.86508496727309, 19.232421403112703], [72.86507324364129, 19.23241026837991], [72.8650637347099, 19.232397369234985], [72.86505672923884, 19.232383098347682], [72.86505243846052, 19.23236788722646], [72.86505099330932, 19.232352199863357], [72.865052438023, 19.23233651278779], [72.86505672935552, 19.23232130241186], [72.86506373486246, 19.232307030558413], [72.86507324447392, 19.232294131950432], [72.86508496691329, 19.23228299700767], [72.86509854690483, 19.232273964821285], [72.86511357200428, 19.2322673096849], [72.86512958505227, 19.232263234013857], [72.8651461004195, 19.232261862211946], [72.86516261455844, 19.232263233568535], [72.86517862777795, 19.232267309738546], [72.86519365292861, 19.232273964907936], [72.8652072333274, 19.23228299684178], [72.86521895601024, 19.232294131555022], [72.86522846494954, 19.232307030692613], [72.86523547138442, 19.232321301585642], [72.8652397621793, 19.232336512704155], [72.86524120734862, 19.23235220006751], [72.86523976170167, 19.232367887135183], [72.865235471323, 19.23238309843104], [72.86522846488718, 19.232397369377875], [72.86521895623098, 19.23241026800546], [72.86520723283897, 19.232421402945594], [72.86519365283952, 19.2324304351393], [72.86517862772706, 19.23243709028103], [72.86516261466248, 19.232441165954807], [72.8651461002279, 19.232442537767547]]]}, "properties": {"FEATUREID": "FS24000000013", "NAME": "Abhinav Nagar, Shri krishna Nagar, National Park", "TYPE": 2, "LOCATION": "Shri krishna Nagar Road, Near Fab The Gym, Borivali, Mumbai, 400066", "WARD": "R/C", "SUBTYPE": 99, "DEPTH": 1, "HEIGHT_TO_MSL": null, "AFFECT_AREA": null, "AFFECT_POPULATION": null, "AFFECTED_HUT": null, "AFFECT_ROAD": null, "AFFECT_RAIL": "No", "NO_DE_WATER_PUMP": 0, "REMARKS": null}}, {"type": "Feature", "geometry": {"type": "Polygon", "coordinates": [[[72.84326725810391, 19.22505198280857], [72.84287189532178, 19.225002501833846], [72.84249155056501, 19.224888539358925], [72.84213786197137, 19.22471358821418], [72.8418215092944, 19.22448294280744], [72.84155211508056, 19.22420361844303], [72.84133790045013, 19.223884132259872], [72.84118532942354, 19.22353414403218], [72.84109906248905, 19.223164301140308], [72.84108170891137, 19.222785841818133], [72.84113382320564, 19.22241028800105], [72.8412537741473, 19.22204899668052], [72.84143795009717, 19.221713024143494], [72.84168073059784, 19.221412538555043], [72.84197477499028, 19.22115663822698], [72.84231112325027, 19.220953130642894], [72.8426795588381, 19.220808196245354], [72.84306889579527, 19.220726244618014], [72.84346730119873, 19.220709755720364], [72.84386265415682, 19.220759234446987], [72.84424299096182, 19.22087319328567], [72.8445966753991, 19.22104813895353], [72.84491302544386, 19.22127878027077], [72.84518242163873, 19.22155809985815], [72.84539664166168, 19.221877582045575], [72.84554922084244, 19.22222756753986], [72.84563549770921, 19.222597409290955], [72.84565286466321, 19.22297586833269], [72.8456007573288, 19.223351425267868], [72.8454808143391, 19.223712720224242], [72.84529664636025, 19.224048697379995], [72.84505386661401, 19.224349185229055], [72.84475981923111, 19.224605094838356], [72.84442346560195, 19.22480860461227], [72.84405502185996, 19.22495354174308], [72.84366567594476, 19.2250354927163], [72.84326725810391, 19.22505198280857]]]}, "properties": {"FEATUREID": "FS24000000017", "NAME": "Gawand Compound, Shimpoli", "TYPE": 1, "LOCATION": "Shimpoli Road, Near Parimal Bldg, Borivali, Mumbai, 400066", "WARD": "R/C", "SUBTYPE": 99, "DEPTH": 1.5, "HEIGHT_TO_MSL": null, "AFFECT_AREA": null, "AFFECT_POPULATION": null, "AFFECTED_HUT": null, "AFFECT_ROAD": null, "AFFECT_RAIL": "No", "NO_DE_WATER_PUMP": 0, "REMARKS": "Other Agency (2025)"}}, {"type": "Feature", "geometry": {"type": "Polygon", "coordinates": [[[72.86748570000482, 19.25199413781427], [72.8674691829266, 19.251992765564243], [72.867453167754, 19.25198869031656], [72.86743814078092, 19.251982035164712], [72.86742455873507, 19.251973003246935], [72.86741283464265, 19.251961867645438], [72.86740332453924, 19.251948969424937], [72.8673963182293, 19.25193469675006], [72.86739202690119, 19.251919486547386], [72.86739058154068, 19.25190380009915], [72.86739202735419, 19.25188811304239], [72.86739631823855, 19.251872901755707], [72.8674033245518, 19.251858630804414], [72.86741283528367, 19.251845732191157], [72.86742455911158, 19.251834597238915], [72.86743814071767, 19.251825565039148], [72.86745316760863, 19.25181890988588], [72.86746918257063, 19.251814834194974], [72.8674856999163, 19.251813462370812], [72.86750221698867, 19.25181483371454], [72.86751823213484, 19.251818909859626], [72.86753325909767, 19.251825565003863], [72.86754684113906, 19.251834596913103], [72.86755856524499, 19.25184573160303], [72.86756807534462, 19.251858630719294], [72.86757508169097, 19.251872901582594], [72.86757937302399, 19.251888112685652], [72.86758081839098, 19.251903800037244], [72.86757937259497, 19.251919487097208], [72.86757508174874, 19.25193469658338], [72.86756807542235, 19.251948969348486], [72.86755856469496, 19.251961867970284], [72.86754684086523, 19.251973002930985], [72.86753325925122, 19.251982035138102], [72.86751823234724, 19.25198869029672], [72.86750221736862, 19.25199276599035], [72.86748570000482, 19.25199413781427]]]}, "properties": {"FEATUREID": "FS14000000008", "NAME": "Rajnagar, Near Maharaja Hotel", "TYPE": 1, "LOCATION": "Express highway Road, Near Maharaja Hotel, Dahisar East, Mumbai, 400068", "WARD": "R/N", "SUBTYPE": 99, "DEPTH": 1, "HEIGHT_TO_MSL": null, "AFFECT_AREA": null, "AFFECT_POPULATION": null, "AFFECTED_HUT": null, "AFFECT_ROAD": null, "AFFECT_RAIL": "No", "NO_DE_WATER_PUMP": 0, "REMARKS": "Other Agency"}}, {"type": "Feature", "geometry": {"type": "Polygon", "coordinates": [[[72.86741827672151, 19.254045843222293], [72.86675169983867, 19.253767251178605], [72.8664666575251, 19.25354995749125], [72.86622565652148, 19.253288969550237], [72.86603604708033, 19.25299217918447], [72.86590357702173, 19.252668636435523], [72.86583229538222, 19.252328133818914], [72.86582432111612, 19.251981078058005], [72.86587991730384, 19.251637977897957], [72.86599745081634, 19.25130925847255], [72.86617325041951, 19.251004912813737], [72.86640202864216, 19.250734168076782], [72.86667685677325, 19.250505288366018], [72.86698935314564, 19.25032520933743], [72.86733000936104, 19.250199388478933], [72.8676884838617, 19.25013167848878], [72.86805391075366, 19.250124123144303], [72.86841517880251, 19.250176926237607], [72.86876127378063, 19.250288522403633], [72.86908172751738, 19.250455486596117], [72.86936678961014, 19.250672784461493], [72.86960778958147, 19.250933784662216], [72.86979740192656, 19.251230575364268], [72.86992988668068, 19.251554116049117], [72.8700011760729, 19.251894599801194], [72.87000913335396, 19.252241666765173], [72.86995354911733, 19.25258476720419], [72.86983604001735, 19.252913497237106], [72.86966022354152, 19.25321784115221], [72.86943145326802, 19.253488570291942], [72.86915663924793, 19.253717455960526], [72.868844136757, 19.253897562616288], [72.86850347376836, 19.254023361243227], [72.8681449706307, 19.254091087145056], [72.86777955289487, 19.254098648357004], [72.86741827672151, 19.254045843222293]]]}, "properties": {"FEATUREID": "FS14000000010", "NAME": "Raj Nagar Garden, Pada No 2, Rushi Tower", "TYPE": 2, "LOCATION": "Ghartanpada Road, Near Rushi Tower 2, Dahisar East, Mumbai, 400068", "WARD": "R/N", "SUBTYPE": null, "DEPTH": 1.5, "HEIGHT_TO_MSL": null, "AFFECT_AREA": "Rajnagar", "AFFECT_POPULATION": null, "AFFECTED_HUT": null, "AFFECT_ROAD": null, "AFFECT_RAIL": "No", "NO_DE_WATER_PUMP": 0, "REMARKS": "Other Agency (2025)"}}, {"type": "Feature", "geometry": {"type": "Polygon", "coordinates": [[[72.86339870012239, 19.259859238037393], [72.86338218232451, 19.259857866249597], [72.86336616560826, 19.25985378966893], [72.86335113909196, 19.259847135047423], [72.86333755574923, 19.259838102781142], [72.86332583239722, 19.25982696781325], [72.86331632129715, 19.259814069366318], [72.86330931413342, 19.25979979743999], [72.8633050230653, 19.259784587170063], [72.86330357716884, 19.259768899818553], [72.8633050225658, 19.25975321283958], [72.86330931408763, 19.25973800262009], [72.86331632115679, 19.259723731], [72.86332583176618, 19.259710831769937], [72.86333755645848, 19.259699697169175], [72.86335113895035, 19.25969066536427], [72.86336616578235, 19.25968400972305], [72.86338218160405, 19.259679933573715], [72.86339869973965, 19.259678562199177], [72.86341521847093, 19.2596799339949], [72.86343123423319, 19.2596840096556], [72.86344626072756, 19.259690665172638], [72.86345984406583, 19.259699697430374], [72.86347156837058, 19.259710832400906], [72.86348107852766, 19.25972373082937], [72.86348808570443, 19.259738002750343], [72.86349237678914, 19.259753213017564], [72.86349382270377, 19.259768900369306], [72.86349237732433, 19.259784587351465], [72.86348808582898, 19.259799796673583], [72.86348107875834, 19.259814069204403], [72.86347156815341, 19.25982696844299], [72.86345984441024, 19.259838103063327], [72.8634462609595, 19.259847134864458], [72.86343123412615, 19.259853789607938], [72.86341521828786, 19.25985786575999], [72.86339870012239, 19.259859238037393]]]}, "properties": {"FEATUREID": "FS14000000023", "NAME": "N L Complex, Corporation Bank, Dahisar", "TYPE": 2, "LOCATION": "C S C Road, Near Corporation Bank, Dahisar East, Mumbai, 400068", "WARD": "R/N", "SUBTYPE": null, "DEPTH": 1, "HEIGHT_TO_MSL": null, "AFFECT_AREA": null, "AFFECT_POPULATION": null, "AFFECTED_HUT": null, "AFFECT_ROAD": null, "AFFECT_RAIL": "No", "NO_DE_WATER_PUMP": 0, "REMARKS": "Monsoon 24 (2024-25)"}}, {"type": "Feature", "geometry": {"type": "Polygon", "coordinates": [[[72.8664463418319, 19.198379330111468], [72.86609524141774, 19.19826806938737], [72.86576983523109, 19.19810062848239], [72.8654799558445, 19.1978820258132], [72.86523445724127, 19.197618911451954], [72.86504077601118, 19.197319311786607], [72.86490479066691, 19.196992260230065], [72.86483062489467, 19.19664779580901], [72.86482059898125, 19.19629631043285], [72.86487491365666, 19.19594851991384], [72.86499199880781, 19.195614968532507], [72.8651682695896, 19.195305777815598], [72.86539834719366, 19.1950304133793], [72.86567529322812, 19.194797132183748], [72.86599063550975, 19.19461312106067], [72.86633484112163, 19.194483936811203], [72.86669742420096, 19.194413475869837], [72.86706735512391, 19.19440394114621], [72.86743343884686, 19.194455545649884], [72.86778453859662, 19.1945667815497], [72.86810993968282, 19.19473421845073], [72.86839979298112, 19.194952833702803], [72.86864532040626, 19.195215927146993], [72.86883900053544, 19.195515545065774], [72.86897499715249, 19.19584257275312], [72.86904915165199, 19.196187031574276], [72.86905920742863, 19.196538524153844], [72.86900489515958, 19.19688633471879], [72.86888779673971, 19.19721988547131], [72.86871155598328, 19.197529064223612], [72.86848147354836, 19.197804454557033], [72.86820453056164, 19.198037718200574], [72.86788915847339, 19.198221748647505], [72.86754496558653, 19.198350938980234], [72.86718237981177, 19.1984213827773], [72.86681243389775, 19.198430936665503], [72.8664463418319, 19.198379330111468]]]}, "properties": {"FEATUREID": "FS23000000008", "NAME": "Hanuman Nagar, Sanjivani Chawl", "TYPE": 1, "LOCATION": "Vadarpada Road, Near Sree Coaching Classes, Kandivali, Mumbai, 400101", "WARD": "R/S", "SUBTYPE": 99, "DEPTH": 1.5, "HEIGHT_TO_MSL": null, "AFFECT_AREA": null, "AFFECT_POPULATION": 90, "AFFECTED_HUT": 30, "AFFECT_ROAD": null, "AFFECT_RAIL": "No", "NO_DE_WATER_PUMP": 0, "REMARKS": "Monsoon 26 (2025)"}}, {"type": "Feature", "geometry": {"type": "Polygon", "coordinates": [[[72.93275250000704, 19.129435538825735], [72.93273599492669, 19.129434167239168], [72.93271999203378, 19.129430091424442], [72.93270497636563, 19.12942343606953], [72.93269140537487, 19.12941440413866], [72.93267968906432, 19.12940326942263], [72.93267018626462, 19.129390370173887], [72.93266318386414, 19.12937609803343], [72.93265889599351, 19.129360887182127], [72.93265745185262, 19.129345199751057], [72.93265889586803, 19.129329513177392], [72.93266318411698, 19.129314302098138], [72.93267018632919, 19.12930003024322], [72.9326796889849, 19.129287130597856], [72.93269140494101, 19.129275995574673], [72.93270497643903, 19.129266964401484], [72.93271999238927, 19.12926030886308], [72.9327359950224, 19.12925623337602], [72.93275250002412, 19.12925486076231], [72.93276900507583, 19.129256233248935], [72.93278500795408, 19.129260309058], [72.93280002361205, 19.129266964405385], [72.93281359459831, 19.129275996327802], [72.93282531091066, 19.129287131035436], [72.93283481371816, 19.12930003027686], [72.93284181613156, 19.129314302411967], [72.93284610401861, 19.129329513260554], [72.93284754818875, 19.12934519978866], [72.9328461041795, 19.129360887268607], [72.93284181594521, 19.12937609835352], [72.93283481374318, 19.12939037021596], [72.93282531110317, 19.12940326896662], [72.9328135951453, 19.129414403998197], [72.93280002362826, 19.129423436081858], [72.93278500767634, 19.129430090722426], [72.93276900501552, 19.12943416711541], [72.93275250000704, 19.129435538825735]]]}, "properties": {"FEATUREID": "FS18000000015", "NAME": "N G Royal Park, Kanjurmarg", "TYPE": 2, "LOCATION": "Kanjur Marg Station Road, In Front of Nitco, Kanjurmarg, Mumbai, 400042", "WARD": "S", "SUBTYPE": 4, "DEPTH": 1, "HEIGHT_TO_MSL": null, "AFFECT_AREA": "Kanjurmarg", "AFFECT_POPULATION": null, "AFFECTED_HUT": null, "AFFECT_ROAD": null, "AFFECT_RAIL": "No", "NO_DE_WATER_PUMP": 0, "REMARKS": "Already Tackled (2024-25)"}}, {"type": "Feature", "geometry": {"type": "Polygon", "coordinates": [[[72.8944610003993, 19.1260383388823], [72.89444449534683, 19.12603696661635], [72.89442849211687, 19.12603289117646], [72.89441347667082, 19.12602623555262], [72.89439990638408, 19.12601720370224], [72.89438819119096, 19.12600606859178], [72.89437868790638, 19.12599317032495], [72.89437168620195, 19.12597889791679], [72.89436739817673, 19.125963687367538], [72.89436595388118, 19.125947999932734], [72.89436739763083, 19.125932313048416], [72.89437168633512, 19.125917102246337], [72.89437868773437, 19.12590283029463], [72.89438819105803, 19.12588993106089], [72.8943999062463, 19.12587879595422], [72.89441347737879, 19.12586976414303], [72.89442849234803, 19.125863109116814], [72.8944444952806, 19.12585903340865], [72.8944609999428, 19.125857660619356], [72.89447750497787, 19.125859032882158], [72.89449350818175, 19.125863109219498], [72.89450852267889, 19.12586976392179], [72.89452209391139, 19.12587879577458], [72.8945338091063, 19.125889930876642], [72.89454331238727, 19.125902830039315], [72.89455031410465, 19.12591710244214], [72.89455460214631, 19.12593231298869], [72.89455604645988, 19.12594800042373], [72.8945546017774, 19.125963687300317], [72.89455031403796, 19.12597889811896], [72.89454331169868, 19.12599317006732], [72.89453380932967, 19.126006069320415], [72.89452209413959, 19.126017204435488], [72.89450852299925, 19.126026236253963], [72.89449350801709, 19.12603289128551], [72.89447750506807, 19.126036966996384], [72.8944610003993, 19.1260383388823]]]}, "properties": {"FEATUREID": "FS18000000022", "NAME": "Saki Vihar Road Near Ambedkar Garden", "TYPE": 2, "LOCATION": "Saki Vihar Road, Near L & T, Powai, Mumbai, 400072", "WARD": "S", "SUBTYPE": 99, "DEPTH": 2, "HEIGHT_TO_MSL": null, "AFFECT_AREA": "Ambedkar Garden Saki Vihar Road", "AFFECT_POPULATION": null, "AFFECTED_HUT": null, "AFFECT_ROAD": null, "AFFECT_RAIL": "No", "NO_DE_WATER_PUMP": 0, "REMARKS": null}}, {"type": "Feature", "geometry": {"type": "Polygon", "coordinates": [[[72.93183194214359, 19.16617564384132], [72.93181543345344, 19.166174271834755], [72.931799427139, 19.166170195624517], [72.93178440833002, 19.16616354081367], [72.93177083269606, 19.16615450854967], [72.93175911506376, 19.166143373589417], [72.93174960956995, 19.166130475042802], [72.93174260697951, 19.166116202793084], [72.93173831764499, 19.166100991885106], [72.93173687267122, 19.16608530537595], [72.93173831841568, 19.166069618013797], [72.93174260709674, 19.16605440709915], [72.93174961032551, 19.16604013457171], [72.9317591154393, 19.16602723612952], [72.93177083335318, 19.166016101445233], [72.93178440813209, 19.16600706885428], [72.93179942664172, 19.16600041372088], [72.93181543389085, 19.165996337771528], [72.93183194163022, 19.16599496557878], [72.93184845030294, 19.165996337582218], [72.93186445660268, 19.166000413786794], [72.9318794763519, 19.16600706860082], [72.93189305103088, 19.166016100845635], [72.93190476866498, 19.166027235797472], [72.93191427415536, 19.16604013523992], [72.93192127676998, 19.16605440658112], [72.93192556610974, 19.166069618389514], [72.93192701110152, 19.16608530489886], [72.93192556632495, 19.166100992274853], [72.93192127670814, 19.166116203184455], [72.9319142744513, 19.16613047482698], [72.93190476933073, 19.166143374180805], [72.93189305141509, 19.166154508873504], [72.93187947568917, 19.166163540557914], [72.9318644571666, 19.16617019569668], [72.93184845085145, 19.166174271659486], [72.93183194214359, 19.16617564384132]]]}, "properties": {"FEATUREID": "FS18000000024", "NAME": "Khindipada, MGLR", "TYPE": 2, "LOCATION": "Mulund Goregaon Link Road, Near Shrishti Oasis CHS, Khnidipada, Bhandup, Mumbai, 400078", "WARD": "S", "SUBTYPE": 99, "DEPTH": 1.5, "HEIGHT_TO_MSL": null, "AFFECT_AREA": "Mulund Goregaon Link Road", "AFFECT_POPULATION": null, "AFFECTED_HUT": null, "AFFECT_ROAD": null, "AFFECT_RAIL": "No", "NO_DE_WATER_PUMP": 0, "REMARKS": null}}, {"type": "Feature", "geometry": {"type": "Polygon", "coordinates": [[[72.93754912873665, 19.166056713298563], [72.93753261996883, 19.166055340900026], [72.93751661442367, 19.1660512651872], [72.93750159535801, 19.166044609920714], [72.937488020328, 19.16603557806214], [72.93747630228111, 19.166024443431787], [72.93746679727896, 19.166011544247777], [72.93745979417724, 19.165997272170525], [72.93745550525625, 19.165982061357894], [72.93745405974752, 19.16596637393987], [72.93745550494174, 19.165950687384875], [72.93745979405789, 19.165935476297655], [72.93746679679931, 19.165921204408377], [72.9374763024525, 19.165908304735023], [72.93748802001065, 19.165897169648648], [72.93750159543919, 19.165888138421437], [72.93751661375632, 19.16588148279737], [72.9375326208934, 19.165877407238007], [72.93754912861554, 19.165876035428372], [72.93756563737716, 19.165877406920632], [72.93758164385808, 19.16588148263848], [72.9375966629135, 19.165888137897433], [72.93761023793903, 19.165897169747545], [72.93762195597645, 19.16590830527265], [72.93763146098642, 19.165921204449315], [72.93763846411231, 19.16593547561805], [72.93764275303855, 19.16595068733109], [72.93764419762611, 19.16596637383546], [72.93764275338853, 19.165982061307435], [72.93763846428709, 19.165997272400304], [72.93763146060543, 19.16601154428643], [72.93762195591843, 19.166024443075777], [72.9376102383585, 19.166035578170565], [72.93759666291092, 19.16604461030827], [72.93758164364164, 19.16605126502385], [72.93756563838896, 19.166055340607322], [72.93754912873665, 19.166056713298563]]]}, "properties": {"FEATUREID": "FS19000000032", "NAME": "Nirmal Lifestyle", "TYPE": 1, "LOCATION": "Lal Bahadur Shastri Marg, , Mulund West, Mumbai, 400080", "WARD": "T", "SUBTYPE": 99, "DEPTH": 1, "HEIGHT_TO_MSL": null, "AFFECT_AREA": "In side Nirmal Lifestyle", "AFFECT_POPULATION": null, "AFFECTED_HUT": null, "AFFECT_ROAD": null, "AFFECT_RAIL": "No", "NO_DE_WATER_PUMP": 0, "REMARKS": "Already Tackled (2024-25)"}}, {"type": "Feature", "geometry": {"type": "Polygon", "coordinates": [[[72.8416215565941, 18.973020981159983], [72.84158526712243, 18.972913013906453], [72.84242109753787, 18.97296577384507], [72.8424123622333, 18.97305887700225], [72.8416215565941, 18.973020981159983]]]}, "properties": {"FEATUREID": "FS05000000028", "NAME": "Anjeerwadi (Tackled)", "TYPE": 2, "LOCATION": "Anjeer Wadi, Thakkar Estate, Byculla, Mumbai 400010", "WARD": "E", "SUBTYPE": 2, "DEPTH": null, "HEIGHT_TO_MSL": null, "AFFECT_AREA": null, "AFFECT_POPULATION": null, "AFFECTED_HUT": null, "AFFECT_ROAD": null, "AFFECT_RAIL": null, "NO_DE_WATER_PUMP": null, "REMARKS": "Already Tackled (2024-25)"}}, {"type": "Feature", "geometry": {"type": "Polygon", "coordinates": [[[72.82091868449233, 18.966577213817814], [72.82086396133052, 18.966439152645698], [72.8210038037559, 18.96630935576424], [72.82129325052246, 18.966264963608236], [72.82137355573336, 18.966367477311334], [72.82140277616696, 18.96653511165872], [72.82091868449233, 18.966577213817814]]]}, "properties": {"FEATUREID": "FS04000000012", "NAME": "Kehsavrao Kadam Marg and B More Marg ", "TYPE": 2, "LOCATION": "Keshavrao Kadam Marg, Near Mun.workshop, B.I.T.Chawl, Navjeevan Society, Dalal Estate, Mumbai Central, Mumbai 400008", "WARD": "D", "SUBTYPE": 4, "DEPTH": null, "HEIGHT_TO_MSL": null, "AFFECT_AREA": null, "AFFECT_POPULATION": null, "AFFECTED_HUT": null, "AFFECT_ROAD": null, "AFFECT_RAIL": null, "NO_DE_WATER_PUMP": null, "REMARKS": "DOC 10.04.2020 Road work of R S Nimkar marg is in progress by road department. Hence work is Held-up."}}, {"type": "Feature", "geometry": {"type": "Polygon", "coordinates": [[[72.84085632036124, 19.024266070034745], [72.8407016091391, 19.02408502102517], [72.84051634211608, 19.0238378937043], [72.84057938441974, 19.02382070642444], [72.84077101017414, 19.024061933870023], [72.84092028909386, 19.02417719740955], [72.84085632036124, 19.024266070034745]]]}, "properties": {"FEATUREID": "FS08000000036", "NAME": "D L Vaidya Marg (Tackled)", "TYPE": 2, "LOCATION": "D L Vaidya Marg, Dadar West, Mumbai 400028", "WARD": "G/N", "SUBTYPE": 2, "DEPTH": null, "HEIGHT_TO_MSL": null, "AFFECT_AREA": null, "AFFECT_POPULATION": null, "AFFECTED_HUT": null, "AFFECT_ROAD": null, "AFFECT_RAIL": null, "NO_DE_WATER_PUMP": null, "REMARKS": "Already Tackled (2024-25)"}}, {"type": "Feature", "geometry": {"type": "Polygon", "coordinates": [[[72.83232093847118, 18.953484346290693], [72.83230973441319, 18.95348322002149], [72.83229889614461, 18.953480165298593], [72.83228875298073, 18.953475274938214], [72.83227961311648, 18.953468697531473], [72.83227175426201, 18.953460632929552], [72.83226541520462, 18.953451326171294], [72.83226078855336, 18.953441060037843], [72.83225801488669, 18.953430146460466], [72.83225717848109, 18.95341891704269], [72.83225830475028, 18.953407712984692], [72.83226135947318, 18.95339687471611], [72.83226624983357, 18.95338673155224], [72.8322728272403, 18.95337759168799], [72.83228089184222, 18.953369732833508], [72.83229019860048, 18.953363393776115], [72.83230046473393, 18.953358767124858], [72.8323113783113, 18.953355993458196], [72.83232260772908, 18.953355157052584], [72.83233381178708, 18.95335628332179], [72.83234465005566, 18.953359338044685], [72.83235479321954, 18.953364228405064], [72.83236393308378, 18.953370805811804], [72.83237179193826, 18.953378870413726], [72.83237813099565, 18.953388177171984], [72.83238275764691, 18.953398443305435], [72.83238553131358, 18.953409356882812], [72.83238636771918, 18.953420586300588], [72.83238524144998, 18.953431790358586], [72.83238218672709, 18.95344262862717], [72.8323772963667, 18.95345277179104], [72.83237071895996, 18.95346191165529], [72.83236265435805, 18.95346977050977], [72.83235334759979, 18.953476109567163], [72.83234308146633, 18.95348073621842], [72.83233216788896, 18.953483509885082], [72.83232093847118, 18.953484346290693]]]}, "properties": {"FEATUREID": "FS02000000011", "NAME": "Nakhoda street (Tackled)", "TYPE": 2, "LOCATION": "Nakhoda street, Mumbadevi Area", "WARD": "B", "SUBTYPE": 2, "DEPTH": null, "HEIGHT_TO_MSL": null, "AFFECT_AREA": null, "AFFECT_POPULATION": null, "AFFECTED_HUT": null, "AFFECT_ROAD": null, "AFFECT_RAIL": null, "NO_DE_WATER_PUMP": null, "REMARKS": "Already Tackled (2024-25)"}}, {"type": "Feature", "geometry": {"type": "Polygon", "coordinates": [[[72.83559682478389, 18.955868239085284], [72.83558822617827, 18.95586737487931], [72.83557990827258, 18.955865030670374], [72.83557212380218, 18.955861277686072], [72.83556510929425, 18.955856229958936], [72.83555907788109, 18.9558500408616], [72.83555421282412, 18.95584289844665], [72.83555066194563, 18.955835019732756], [72.83554853313728, 18.955826644110655], [72.83554789108183, 18.95581802606938], [72.83554875528779, 18.95580942746376], [72.83555109949674, 18.955801109558067], [72.83555485248104, 18.955793325087665], [72.83555990020817, 18.955786310579743], [72.83556608930552, 18.95578027916658], [72.83557323172046, 18.955775414109606], [72.83558111043435, 18.95577186323112], [72.83558948605645, 18.955769734422766], [72.83559810409773, 18.955769092367312], [72.83560670270334, 18.955769956573285], [72.83561502060904, 18.955772300782222], [72.83562280507944, 18.955776053766524], [72.83562981958737, 18.95578110149366], [72.83563585100053, 18.955787290590997], [72.8356407160575, 18.955794433005945], [72.83564426693599, 18.95580231171984], [72.83564639574433, 18.95581068734194], [72.83564703779979, 18.955819305383216], [72.83564617359383, 18.955827903988837], [72.83564382938488, 18.95583622189453], [72.83564007640058, 18.95584400636493], [72.83563502867345, 18.955851020872853], [72.8356288395761, 18.955857052286017], [72.83562169716116, 18.95586191734299], [72.83561381844727, 18.955865468221475], [72.83560544282517, 18.95586759702983], [72.83559682478389, 18.955868239085284]]]}, "properties": {"FEATUREID": "FS02000000012", "NAME": "J B Shah Road (Tackled)", "TYPE": 2, "LOCATION": "J B Shah Road, mandavi masjid bunder", "WARD": "B", "SUBTYPE": 2, "DEPTH": null, "HEIGHT_TO_MSL": null, "AFFECT_AREA": null, "AFFECT_POPULATION": null, "AFFECTED_HUT": null, "AFFECT_ROAD": null, "AFFECT_RAIL": null, "NO_DE_WATER_PUMP": null, "REMARKS": "Already Tackled (2024-25)"}}, {"type": "Feature", "geometry": {"type": "Polygon", "coordinates": [[[72.83187869558205, 18.946416893653637], [72.83187474343708, 18.94641649638101], [72.83187092031974, 18.946415418861072], [72.83186734239352, 18.946413693833723], [72.83186411837188, 18.946411373713048], [72.83186134621512, 18.94640852899474], [72.83185911015379, 18.946405246114125], [72.83185747812949, 18.946401624819867], [72.83185649973046, 18.94639777514316], [72.83185620468487, 18.946393814054485], [72.8318566019575, 18.946389861909516], [72.83185767947742, 18.946386038792177], [72.83185940450477, 18.946382460865955], [72.83186172462545, 18.946379236844326], [72.83186456934376, 18.946376464687557], [72.83186785222438, 18.94637422862623], [72.83187147351863, 18.946372596601933], [72.83187532319533, 18.946371618202903], [72.83187928428401, 18.946371323157297], [72.83188323642898, 18.946371720429926], [72.83188705954632, 18.946372797949863], [72.83189063747254, 18.946374522977212], [72.83189386149418, 18.946376843097887], [72.83189663365094, 18.946379687816194], [72.83189886971228, 18.94638297069681], [72.83190050173657, 18.946386591991068], [72.8319014801356, 18.946390441667774], [72.8319017751812, 18.94639440275645], [72.83190137790857, 18.94639835490142], [72.83190030038864, 18.946402178018758], [72.8318985753613, 18.94640575594498], [72.83189625524061, 18.94640897996661], [72.8318934105223, 18.946411752123378], [72.83189012764169, 18.946413988184705], [72.83188650634743, 18.946415620209002], [72.83188265667073, 18.94641659860803], [72.83187869558205, 18.946416893653637]]]}, "properties": {"FEATUREID": "FS03000000005", "NAME": "Mangaldas road, Lohar Chawl near Bata Showroom (Tackled)", "TYPE": 2, "LOCATION": "Mangaldas road, Lohar Chawl near Bata Showroom", "WARD": "C", "SUBTYPE": 2, "DEPTH": null, "HEIGHT_TO_MSL": null, "AFFECT_AREA": null, "AFFECT_POPULATION": null, "AFFECTED_HUT": null, "AFFECT_ROAD": null, "AFFECT_RAIL": null, "NO_DE_WATER_PUMP": null, "REMARKS": "Already Tackled (2024-25)"}}, {"type": "Feature", "geometry": {"type": "Polygon", "coordinates": [[[72.82685400648688, 18.955718070969148], [72.82684965481812, 18.955717633374253], [72.82684544524852, 18.955716446768058], [72.82684150568376, 18.955714547204987], [72.82683795582551, 18.95571199240231], [72.8268349035344, 18.955708859986405], [72.82683244155277, 18.955705245134148], [72.82683064468668, 18.955701257681], [72.826829567533, 18.9556970187837], [72.82682924282048, 18.955692657239], [72.82682968041539, 18.955688305570227], [72.82683086702157, 18.95568409600064], [72.82683276658464, 18.955680156435875], [72.82683532138732, 18.95567660657762], [72.82683845380323, 18.955673554286516], [72.82684206865548, 18.955671092304886], [72.82684605610864, 18.955669295438796], [72.82685029500594, 18.955668218285112], [72.82685465655064, 18.955667893572603], [72.8268590082194, 18.955668331167498], [72.826863217789, 18.955669517773693], [72.82686715735376, 18.955671417336763], [72.82687070721201, 18.95567397213944], [72.82687375950312, 18.955677104555345], [72.82687622148475, 18.955680719407603], [72.82687801835084, 18.95568470686075], [72.82687909550452, 18.95568894575805], [72.82687942021704, 18.955693307302752], [72.82687898262213, 18.955697658971523], [72.82687779601595, 18.955701868541112], [72.82687589645288, 18.955705808105876], [72.8268733416502, 18.955709357964132], [72.82687020923429, 18.955712410255234], [72.82686659438204, 18.955714872236864], [72.82686260692888, 18.955716669102955], [72.82685836803158, 18.95571774625664], [72.82685400648688, 18.955718070969148]]]}, "properties": {"FEATUREID": "FS03000000006", "NAME": "C P Tank Road (Tackled)", "TYPE": 2, "LOCATION": "C P Tank Road", "WARD": "C", "SUBTYPE": 2, "DEPTH": null, "HEIGHT_TO_MSL": null, "AFFECT_AREA": null, "AFFECT_POPULATION": null, "AFFECTED_HUT": null, "AFFECT_ROAD": null, "AFFECT_RAIL": null, "NO_DE_WATER_PUMP": null, "REMARKS": "Already Tackled (2024-25)"}}, {"type": "Feature", "geometry": {"type": "Polygon", "coordinates": [[[72.84091810447347, 18.970134487095066], [72.84090283440335, 18.970132952699984], [72.84088806276482, 18.97012878999596], [72.84087423838663, 18.970122125464655], [72.84086178131554, 18.970113161604473], [72.84085107005332, 18.970102170777775], [72.84084243005627, 18.970089486935265], [72.84083612384633, 18.970075495469082], [72.84083234303449, 18.970060621502846], [72.84083120249882, 18.970045316974492], [72.8408327368939, 18.97003004690437], [72.84083689959792, 18.970015275265837], [72.84084356412923, 18.97000145088765], [72.84085252798941, 18.96998899381655], [72.8408635188161, 18.969978282554337], [72.84087620265862, 18.969969642557288], [72.8408901941248, 18.969963336347348], [72.84090506809105, 18.969959555535514], [72.8409203726194, 18.969958414999837], [72.84093564268952, 18.96995994939492], [72.84095041432805, 18.969964112098943], [72.84096423870623, 18.969970776630248], [72.84097669577733, 18.96997974049043], [72.84098740703955, 18.96999073131713], [72.8409960470366, 18.97000341515964], [72.84100235324654, 18.97001740662582], [72.84100613405838, 18.970032280592058], [72.84100727459405, 18.970047585120412], [72.84100574019897, 18.970062855190534], [72.84100157749495, 18.970077626829067], [72.84099491296364, 18.970091451207253], [72.84098594910346, 18.970103908278354], [72.84097495827676, 18.970114619540567], [72.84096227443425, 18.970123259537615], [72.84094828296807, 18.970129565747555], [72.84093340900182, 18.97013334655939], [72.84091810447347, 18.970134487095066]]]}, "properties": {"FEATUREID": "FS05000000029", "NAME": "Parab Chowk, Sane Guruji Marg (Tackled)", "TYPE": 2, "LOCATION": "Parab Chowk, Sane Guruji Marg", "WARD": "E", "SUBTYPE": 2, "DEPTH": null, "HEIGHT_TO_MSL": null, "AFFECT_AREA": null, "AFFECT_POPULATION": null, "AFFECTED_HUT": null, "AFFECT_ROAD": null, "AFFECT_RAIL": null, "NO_DE_WATER_PUMP": null, "REMARKS": "Already Tackled (2024-25)"}}, {"type": "Feature", "geometry": {"type": "Polygon", "coordinates": [[[72.83375250582381, 18.979286962850423], [72.83374199868413, 18.97928590652723], [72.8337318346001, 18.979283041706303], [72.83372232240228, 18.97927845543377], [72.833713751114, 18.97927228706121], [72.83370638116949, 18.979264724011497], [72.8337004365008, 18.97925599608407], [72.83369609773368, 18.979246368472587], [72.83369349669937, 18.97923613370715], [72.83369271242898, 18.979225602765933], [72.83369376875217, 18.979215095626248], [72.8336966335731, 18.979204931542228], [72.83370121984564, 18.97919541934441], [72.83370738821819, 18.97918684805612], [72.83371495126791, 18.979179478111615], [72.83372367919533, 18.979173533442925], [72.83373330680682, 18.9791691946758], [72.83374354157225, 18.97916659364149], [72.83375407251347, 18.979165809371104], [72.83376457965315, 18.979166865694296], [72.83377474373718, 18.979169730515224], [72.833784255935, 18.979174316787756], [72.83379282722328, 18.979180485160317], [72.83380019716779, 18.97918804821003], [72.83380614183648, 18.979196776137456], [72.8338104806036, 18.97920640374894], [72.83381308163791, 18.979216638514377], [72.8338138659083, 18.979227169455594], [72.83381280958511, 18.97923767659528], [72.83380994476418, 18.9792478406793], [72.83380535849165, 18.979257352877116], [72.8337991901191, 18.979265924165407], [72.83379162706937, 18.979273294109912], [72.83378289914195, 18.979279238778602], [72.83377327153046, 18.979283577545726], [72.83376303676503, 18.979286178580036], [72.83375250582381, 18.979286962850423]]]}, "properties": {"FEATUREID": "FS05000000030", "NAME": "Junction of B.A. road & \u2018S\u2019 Bridge (Tackled)", "TYPE": 2, "LOCATION": "Junction of B.A. road & \u2018S\u2019 Bridge, Byculla (E)", "WARD": "E", "SUBTYPE": 2, "DEPTH": null, "HEIGHT_TO_MSL": null, "AFFECT_AREA": null, "AFFECT_POPULATION": null, "AFFECTED_HUT": null, "AFFECT_ROAD": null, "AFFECT_RAIL": null, "NO_DE_WATER_PUMP": null, "REMARKS": "Already Tackled (2024-25)"}}, {"type": "Feature", "geometry": {"type": "Polygon", "coordinates": [[[72.84516524419728, 18.971033300868243], [72.84515591859186, 18.97103236402829], [72.8451468973439, 18.971029822046656], [72.84513845455943, 18.971025752160166], [72.84513084676821, 18.97102027803026], [72.84512430512912, 18.971013565985604], [72.84511902840654, 18.971005819968283], [72.84511517693103, 18.970997275337112], [72.84511286772772, 18.97098819171638], [72.84511217096058, 18.970978845107314], [72.84511310780053, 18.970969519501896], [72.84511564978216, 18.97096049825393], [72.84511971966866, 18.97095205546947], [72.84512519379857, 18.97094444767825], [72.84513190584322, 18.970937906039154], [72.84513965186053, 18.97093262931658], [72.8451481964917, 18.970928777841067], [72.84515728011245, 18.970926468637757], [72.84516662672151, 18.97092577187062], [72.84517595232693, 18.97092670871057], [72.84518497357489, 18.970929250692205], [72.84519341635935, 18.970933320578695], [72.84520102415057, 18.9709387947086], [72.84520756578966, 18.970945506753257], [72.84521284251224, 18.970953252770578], [72.84521669398775, 18.97096179740175], [72.84521900319106, 18.97097088102248], [72.84521969995821, 18.970980227631546], [72.84521876311825, 18.970989553236965], [72.84521622113662, 18.97099857448493], [72.84521215125012, 18.97100701726939], [72.84520667712022, 18.97101462506061], [72.84519996507557, 18.971021166699707], [72.84519221905825, 18.971026443422282], [72.84518367442708, 18.971030294897794], [72.84517459080634, 18.971032604101104], [72.84516524419728, 18.971033300868243]]]}, "properties": {"FEATUREID": "FS05000000031", "NAME": "Mankeshwar Mahadev Mandir, Br. Nath Pai Marg (Tackled)", "TYPE": 2, "LOCATION": "Br Nath Pai Road, Kalachowki, Abhyudaya Nagar, Parel, Mumbai, 400033", "WARD": "E", "SUBTYPE": 2, "DEPTH": null, "HEIGHT_TO_MSL": null, "AFFECT_AREA": null, "AFFECT_POPULATION": null, "AFFECTED_HUT": null, "AFFECT_ROAD": null, "AFFECT_RAIL": null, "NO_DE_WATER_PUMP": null, "REMARKS": "Already Tackled (2024-25)"}}, {"type": "Feature", "geometry": {"type": "Polygon", "coordinates": [[[72.83065892920386, 18.962968649588777], [72.83065416844823, 18.962968170940474], [72.83064956313558, 18.962966872867376], [72.830645253196, 18.962964794810773], [72.83064136958482, 18.962961999911368], [72.83063803030362, 18.96295857309076], [72.83063533681477, 18.962954618471162], [72.83063337095854, 18.962950256211688], [72.83063219246648, 18.96294561885739], [72.83063183714651, 18.962940847311923], [72.8306323157948, 18.962936086556287], [72.8306336138679, 18.962931481243633], [72.83063569192451, 18.962927171304056], [72.83063848682391, 18.962923287692885], [72.83064191364453, 18.962919948411685], [72.83064586826413, 18.96291725492282], [72.83065023052359, 18.962915289066594], [72.8306548678779, 18.962914110574545], [72.83065963942336, 18.962913755254565], [72.83066440017899, 18.96291423390287], [72.83066900549164, 18.962915531975966], [72.83067331543123, 18.96291761003257], [72.8306771990424, 18.962920404931975], [72.8306805383236, 18.962923831752583], [72.83068323181246, 18.96292778637218], [72.83068519766869, 18.962932148631655], [72.83068637616074, 18.962936785985953], [72.83068673148071, 18.96294155753142], [72.83068625283242, 18.962946318287056], [72.83068495475932, 18.96295092359971], [72.83068287670271, 18.962955233539287], [72.83068008180331, 18.962959117150458], [72.8306766549827, 18.962962456431658], [72.8306727003631, 18.96296514992052], [72.83066833810364, 18.96296711577675], [72.83066370074933, 18.962968294268798], [72.83065892920386, 18.962968649588777]]]}, "properties": {"FEATUREID": "FS05000000032", "NAME": "Barkat Ali Virani Marg (Tackled)", "TYPE": 2, "LOCATION": "Barkat Ali Virani Marg", "WARD": "E", "SUBTYPE": 2, "DEPTH": null, "HEIGHT_TO_MSL": null, "AFFECT_AREA": null, "AFFECT_POPULATION": null, "AFFECTED_HUT": null, "AFFECT_ROAD": null, "AFFECT_RAIL": null, "NO_DE_WATER_PUMP": null, "REMARKS": "Already Tackled (2024-25)"}}, {"type": "Feature", "geometry": {"type": "Polygon", "coordinates": [[[72.83784538587898, 18.94929839292763], [72.83779540077758, 18.949294169978838], [72.83774652544074, 18.949282876391955], [72.83769975482932, 18.94926474207184], [72.83765604105812, 18.949240136180958], [72.83761627401348, 18.94920955962429], [72.83758126323772, 18.949173634852354], [72.8375517214493, 18.949133093189907], [72.83752825003381, 18.949088759948285], [72.8375113268016, 18.94904153762444], [72.83750129626088, 18.94899238752871], [72.83749836260452, 18.9489423102153], [72.83750258555331, 18.94889232511391], [72.8375138791402, 18.94884344977705], [72.83753201346032, 18.948796679165643], [72.83755661935119, 18.94875296539445], [72.83758719590786, 18.948713198349804], [72.8376231206798, 18.94867818757405], [72.83766366234225, 18.948648645785617], [72.83770799558387, 18.948625174370132], [72.83775521790771, 18.948608251137927], [72.83780436800345, 18.9485982205972], [72.83785444531685, 18.948595286940844], [72.83790443041825, 18.948599509889636], [72.8379533057551, 18.94861080347652], [72.83800007636651, 18.948628937796634], [72.8380437901377, 18.948653543687517], [72.83808355718234, 18.948684120244184], [72.8381185679581, 18.94872004501612], [72.83814810974653, 18.948760586678567], [72.83817158116202, 18.94880491992019], [72.83818850439422, 18.948852142244036], [72.83819853493495, 18.948901292339766], [72.83820146859131, 18.948951369653173], [72.83819724564252, 18.949001354754564], [72.83818595205562, 18.949050230091423], [72.83816781773551, 18.94909700070283], [72.83814321184464, 18.949140714474023], [72.83811263528797, 18.94918048151867], [72.83807671051603, 18.949215492294424], [72.83803616885358, 18.949245034082857], [72.83799183561196, 18.949268505498342], [72.83794461328812, 18.949285428730548], [72.83789546319238, 18.949295459271273], [72.83784538587898, 18.94929839292763]]]}, "properties": {"FEATUREID": "FS01000000017", "NAME": "Masjid Bandar Rail Track (Tackled)", "TYPE": 2, "LOCATION": "Inbetween CST & Masjid Railway Station", "WARD": "A", "SUBTYPE": 2, "DEPTH": null, "HEIGHT_TO_MSL": null, "AFFECT_AREA": null, "AFFECT_POPULATION": null, "AFFECTED_HUT": null, "AFFECT_ROAD": null, "AFFECT_RAIL": null, "NO_DE_WATER_PUMP": null, "REMARKS": "Already Tackled (2024-25)"}}, {"type": "Feature", "geometry": {"type": "Polygon", "coordinates": [[[72.81750519270376, 18.962273967030182], [72.81747298441492, 18.962270726260257], [72.81744182819614, 18.962261941814244], [72.81741267071338, 18.962247880603094], [72.81738639790198, 18.96222896986959], [72.81736380804804, 18.962205784206795], [72.81734558753284, 18.96217902809935], [72.8173322899775, 18.962149514518032], [72.81732431942152, 18.96211814021808], [72.81732191804619, 18.962085858491722], [72.81732515881612, 18.962053650202876], [72.81733394326213, 18.9620224939841], [72.81734800447329, 18.961993336501337], [72.81736691520679, 18.961967063689944], [72.81739010086959, 18.961944473836006], [72.81741685697703, 18.961926253320797], [72.81744637055834, 18.961912955765456], [72.8174777448583, 18.961904985209472], [72.81751002658466, 18.961902583834156], [72.8175422348735, 18.96190582460408], [72.81757339109228, 18.961914609050094], [72.81760254857504, 18.961928670261244], [72.81762882138644, 18.96194758099475], [72.81765141124038, 18.961970766657544], [72.81766963175558, 18.96199752276499], [72.81768292931092, 18.962027036346306], [72.8176908998669, 18.962058410646257], [72.81769330124223, 18.962090692372616], [72.8176900604723, 18.962122900661463], [72.81768127602629, 18.962154056880237], [72.81766721481513, 18.962183214363], [72.81764830408163, 18.962209487174395], [72.81762511841883, 18.962232077028332], [72.81759836231139, 18.96225029754354], [72.81756884873008, 18.962263595098882], [72.81753747443013, 18.962271565654866], [72.81750519270376, 18.962273967030182]]]}, "properties": {"FEATUREID": "FS04000000013", "NAME": "M. S Ali Road (Tackled)", "TYPE": 2, "LOCATION": "M. S Ali Road, Grant road E", "WARD": "D", "SUBTYPE": 2, "DEPTH": null, "HEIGHT_TO_MSL": null, "AFFECT_AREA": null, "AFFECT_POPULATION": null, "AFFECTED_HUT": null, "AFFECT_ROAD": null, "AFFECT_RAIL": null, "NO_DE_WATER_PUMP": null, "REMARKS": "Already Tackled (2024-25)"}}, {"type": "Feature", "geometry": {"type": "Polygon", "coordinates": [[[72.81720603438785, 18.955531726734936], [72.81719639097281, 18.955530756453623], [72.81718706255049, 18.955528126351616], [72.81717833256029, 18.955523916343232], [72.81717046625855, 18.955518254347446], [72.81716370265885, 18.955511312401136], [72.81715824726975, 18.955503301431825], [72.81715426585049, 18.955494464848766], [72.81715187937449, 18.95548507114706], [72.8171511603536, 18.955475405749578], [72.81715213063491, 18.955465762334537], [72.81715476073691, 18.955456433912218], [72.8171589707453, 18.95544770392202], [72.81716463274108, 18.95543983762027], [72.81717157468739, 18.95543307402057], [72.8171795856567, 18.955427618631475], [72.81718842223977, 18.955423637212217], [72.81719781594147, 18.95542125073621], [72.81720748133895, 18.955420531715323], [72.817217124754, 18.955421501996636], [72.81722645317632, 18.955424132098642], [72.81723518316652, 18.955428342107027], [72.81724304946826, 18.955434004102813], [72.81724981306796, 18.955440946049123], [72.81725526845706, 18.955448957018433], [72.81725924987632, 18.955457793601493], [72.81726163635231, 18.9554671873032], [72.8172623553732, 18.95547685270068], [72.8172613850919, 18.95548649611572], [72.8172587549899, 18.95549582453804], [72.81725454498151, 18.95550455452824], [72.81724888298572, 18.95551242082999], [72.81724194103941, 18.95551918442969], [72.8172339300701, 18.955524639818783], [72.81722509348704, 18.95552862123804], [72.81721569978534, 18.955531007714047], [72.81720603438785, 18.955531726734936]]]}, "properties": {"FEATUREID": "FS04000000014", "NAME": "Tata Road No.1 (Tackled)", "TYPE": 2, "LOCATION": "Tata Road No.1,charni road", "WARD": "D", "SUBTYPE": 2, "DEPTH": null, "HEIGHT_TO_MSL": null, "AFFECT_AREA": null, "AFFECT_POPULATION": null, "AFFECTED_HUT": null, "AFFECT_ROAD": null, "AFFECT_RAIL": null, "NO_DE_WATER_PUMP": null, "REMARKS": "Already Tackled (2024-25)"}}, {"type": "Feature", "geometry": {"type": "Polygon", "coordinates": [[[72.81708644524153, 18.955090267051297], [72.81706991937104, 18.955088604279045], [72.81705393330303, 18.95508409708074], [72.81703897276608, 18.95507688240533], [72.81702549232854, 18.955067179467072], [72.81701390158669, 18.95505528308484], [72.81700455271934, 18.95504155472418], [72.81699772978712, 18.95502641151439], [72.81699364010133, 18.95501031357423], [72.81699240792504, 18.954993750031477], [72.8169940706973, 18.954977224160988], [72.8169985778956, 18.954961238092977], [72.81700579257101, 18.95494627755603], [72.81701549550927, 18.95493279711849], [72.81702739189151, 18.95492120637664], [72.81704112025217, 18.954911857509295], [72.81705626346196, 18.954905034577063], [72.81707236140211, 18.954900944891286], [72.81708892494487, 18.954899712714997], [72.81710545081536, 18.95490137548725], [72.81712143688337, 18.954905882685555], [72.81713639742031, 18.954913097360965], [72.81714987785786, 18.954922800299222], [72.8171614685997, 18.954934696681455], [72.81717081746706, 18.954948425042115], [72.81717764039928, 18.954963568251905], [72.81718173008507, 18.954979666192063], [72.81718296226136, 18.954996229734817], [72.81718129948909, 18.955012755605306], [72.8171767922908, 18.955028741673317], [72.81716957761539, 18.955043702210265], [72.81715987467713, 18.955057182647803], [72.81714797829488, 18.955068773389655], [72.81713424993423, 18.955078122257], [72.81711910672443, 18.95508494518923], [72.81710300878429, 18.95508903487501], [72.81708644524153, 18.955090267051297]]]}, "properties": {"FEATUREID": "FS04000000015", "NAME": "Tata Road No.2 (Tackled)", "TYPE": 2, "LOCATION": "Tata Road No.1,charni road", "WARD": "D", "SUBTYPE": 2, "DEPTH": null, "HEIGHT_TO_MSL": null, "AFFECT_AREA": null, "AFFECT_POPULATION": null, "AFFECTED_HUT": null, "AFFECT_ROAD": null, "AFFECT_RAIL": null, "NO_DE_WATER_PUMP": null, "REMARKS": "Already Tackled (2024-25)"}}, {"type": "Feature", "geometry": {"type": "Polygon", "coordinates": [[[72.8212236311898, 18.967028454734557], [72.82119881580186, 18.96702595829971], [72.82117481091679, 18.96701919064443], [72.82115234591086, 18.96700835740049], [72.82113210337192, 18.96699378773053], [72.82111469835928, 18.966975924326594], [72.82110065971543, 18.966955309959175], [72.82109041399745, 18.966932570985396], [72.82108427251632, 18.966908398317468], [72.8210824218778, 18.966883526429672], [72.82108491831265, 18.966858711041738], [72.82109168596794, 18.966834706156664], [72.82110251921188, 18.96681224115074], [72.82111708888183, 18.966791998611807], [72.82113495228577, 18.96677459359916], [72.82115556665319, 18.966760554955304], [72.82117830562697, 18.96675030923733], [72.82120247829491, 18.966744167756193], [72.8212273501827, 18.96674231711769], [72.82125216557063, 18.966744813552534], [72.8212761704557, 18.966751581207816], [72.82129863546163, 18.966762414451754], [72.82131887800057, 18.966776984121715], [72.82133628301321, 18.96679484752565], [72.82135032165706, 18.96681546189307], [72.82136056737504, 18.96683820086685], [72.82136670885617, 18.966862373534777], [72.82136855949469, 18.966887245422573], [72.82136606305984, 18.966912060810508], [72.82135929540455, 18.96693606569558], [72.82134846216061, 18.966958530701504], [72.82133389249066, 18.966978773240438], [72.82131602908672, 18.966996178253087], [72.8212954147193, 18.96701021689694], [72.82127267574552, 18.967020462614915], [72.82124850307758, 18.967026604096052], [72.8212236311898, 18.967028454734557]]]}, "properties": {"FEATUREID": "FS04000000016", "NAME": "Keshav Rao Kadam Marg (Tackled)", "TYPE": 2, "LOCATION": "Keshav Rao Kadam Marg ,Near Mumbai central Post office,Mumbai central", "WARD": "D", "SUBTYPE": 2, "DEPTH": null, "HEIGHT_TO_MSL": null, "AFFECT_AREA": null, "AFFECT_POPULATION": null, "AFFECTED_HUT": null, "AFFECT_ROAD": null, "AFFECT_RAIL": null, "NO_DE_WATER_PUMP": null, "REMARKS": "Already Tackled (2024-25)"}}, {"type": "Feature", "geometry": {"type": "Polygon", "coordinates": [[[72.79659749845943, 18.954823914190857], [72.79657496211271, 18.95482164388864], [72.79655316237758, 18.954815494681874], [72.79653276162796, 18.9548056534111], [72.7965143797303, 18.954792419098343], [72.79649857520926, 18.954776193861505], [72.79648582827721, 18.954757470696194], [72.79647652624325, 18.95473681849632], [72.79647095174495, 18.954714864768512], [72.79646927416064, 18.954692276565694], [72.79647154446286, 18.95466974021897], [72.79647769366962, 18.95464794048384], [72.7964875349404, 18.954627539734215], [72.79650076925316, 18.954609157836554], [72.79651699448999, 18.954593353315516], [72.7965357176553, 18.954580606383473], [72.79655636985518, 18.954571304349507], [72.79657832358298, 18.954565729851215], [72.7966009117858, 18.9545640522669], [72.79662344813252, 18.954566322569118], [72.79664524786766, 18.954572471775883], [72.79666564861728, 18.954582313046657], [72.79668403051494, 18.954595547359414], [72.79669983503598, 18.95461177259625], [72.79671258196802, 18.954630495761563], [72.79672188400198, 18.95465114796144], [72.79672745850029, 18.954673101689245], [72.7967291360846, 18.954695689892063], [72.79672686578238, 18.954718226238786], [72.79672071657562, 18.954740025973916], [72.79671087530484, 18.954760426723542], [72.79669764099208, 18.954778808621203], [72.79668141575524, 18.95479461314224], [72.79666269258993, 18.954807360074284], [72.79664204039005, 18.95481666210825], [72.79662008666226, 18.954822236606542], [72.79659749845943, 18.954823914190857]]]}, "properties": {"FEATUREID": "FS04000000017", "NAME": "Rungta Lane (Tackled)", "TYPE": 2, "LOCATION": "Rungta Lane, Navshanti Nagar, Malabar Hill, Mumbai", "WARD": "D", "SUBTYPE": 2, "DEPTH": null, "HEIGHT_TO_MSL": null, "AFFECT_AREA": null, "AFFECT_POPULATION": null, "AFFECTED_HUT": null, "AFFECT_ROAD": null, "AFFECT_RAIL": null, "NO_DE_WATER_PUMP": null, "REMARKS": "Already Tackled (2024-25)"}}, {"type": "Feature", "geometry": {"type": "Polygon", "coordinates": [[[72.82361850710419, 18.965307162786676], [72.82359818007063, 18.965305118200956], [72.82357851688897, 18.965299574924757], [72.82356011501504, 18.965290701387715], [72.82354353358046, 18.965278767207767], [72.82352927640373, 18.96526413499893], [72.82351777668195, 18.965247249353464], [72.82350938382835, 18.965228623333164], [72.82350435285554, 18.965208822880232], [72.82350283662707, 18.965188449621408], [72.82350488121278, 18.965168122587855], [72.82351042448899, 18.9651484594062], [72.82351929802603, 18.96513005753227], [72.82353123220598, 18.965113476097688], [72.82354586441481, 18.965099218920958], [72.82356275006028, 18.965087719199175], [72.82358137608058, 18.965079326345574], [72.82360117653351, 18.965074295372755], [72.82362154979234, 18.96507277914429], [72.82364187682589, 18.96507482373001], [72.82366154000755, 18.96508036700621], [72.82367994188148, 18.96508924054325], [72.82369652331606, 18.9651011747232], [72.82371078049279, 18.965115806932037], [72.82372228021457, 18.9651326925775], [72.82373067306817, 18.9651513185978], [72.82373570404098, 18.965171119050733], [72.82373722026945, 18.965191492309557], [72.82373517568374, 18.96521181934311], [72.82372963240753, 18.965231482524764], [72.8237207588705, 18.965249884398695], [72.82370882469054, 18.965266465833277], [72.82369419248171, 18.965280723010007], [72.82367730683625, 18.96529222273179], [72.82365868081594, 18.96530061558539], [72.823638880363, 18.96530564655821], [72.82361850710419, 18.965307162786676]]]}, "properties": {"FEATUREID": "FS04000000018", "NAME": "Jairajbhai lane (Tackled)", "TYPE": 2, "LOCATION": "Jairajbhai lane Near Navjeevan CHS Kamathipura", "WARD": "D", "SUBTYPE": 2, "DEPTH": null, "HEIGHT_TO_MSL": null, "AFFECT_AREA": null, "AFFECT_POPULATION": null, "AFFECTED_HUT": null, "AFFECT_ROAD": null, "AFFECT_RAIL": null, "NO_DE_WATER_PUMP": null, "REMARKS": "Already Tackled (2024-25)"}}, {"type": "Feature", "geometry": {"type": "Polygon", "coordinates": [[[72.79529413875134, 18.945847349910192], [72.79527307437581, 18.945845227870972], [72.79525269850373, 18.945839480279872], [72.79523363024565, 18.945830281774537], [72.79521644898094, 18.945817911846902], [72.79520167675363, 18.945802746350957], [72.7951897624104, 18.945785246082618], [72.7951810679625, 18.94576594277869], [72.79517585758637, 18.94574542296029], [72.79517428959662, 18.945724310111714], [72.79517641163584, 18.94570324573619], [72.79518215922694, 18.945682869864104], [72.79519135773228, 18.945663801606017], [72.79520372765991, 18.945646620341307], [72.79521889315586, 18.945631848114008], [72.79523639342419, 18.945619933770768], [72.79525569672812, 18.945611239322876], [72.79527621654653, 18.945606028946738], [72.7952973293951, 18.94560446095699], [72.79531839377063, 18.94560658299621], [72.79533876964271, 18.94561233058731], [72.7953578379008, 18.945621529092644], [72.7953750191655, 18.94563389902028], [72.79538979139281, 18.945649064516225], [72.79540170573604, 18.945666564784563], [72.79541040018394, 18.945685868088493], [72.79541561056007, 18.945706387906892], [72.79541717854983, 18.945727500755467], [72.7954150565106, 18.94574856513099], [72.7954093089195, 18.945768941003077], [72.79540011041416, 18.945788009261165], [72.79538774048653, 18.945805190525874], [72.79537257499058, 18.945819962753173], [72.79535507472225, 18.945831877096413], [72.79533577141832, 18.945840571544306], [72.79531525159992, 18.945845781920443], [72.79529413875134, 18.945847349910192]]]}, "properties": {"FEATUREID": "FS04000000019", "NAME": "Walkeshwar Road, (Tackled)", "TYPE": 2, "LOCATION": "Walkeshwar Road, Raj Bhavan, Malabar hill", "WARD": "D", "SUBTYPE": 2, "DEPTH": null, "HEIGHT_TO_MSL": null, "AFFECT_AREA": null, "AFFECT_POPULATION": null, "AFFECTED_HUT": null, "AFFECT_ROAD": null, "AFFECT_RAIL": null, "NO_DE_WATER_PUMP": null, "REMARKS": "Already Tackled (2024-25)"}}, {"type": "Feature", "geometry": {"type": "Polygon", "coordinates": [[[72.81769045138566, 18.953387139315545], [72.81766293302132, 18.953384370654945], [72.81763631349564, 18.953376865542698], [72.81761140162943, 18.953364852017845], [72.81758895435715, 18.953348695105262], [72.81756965372779, 18.95332888572456], [72.81755408618122, 18.953306025773742], [72.81754272472946, 18.953280809840855], [72.81753591458448, 18.953254004099254], [72.8175338626691, 18.953226423027836], [72.8175366313297, 18.9531989046635], [72.81754413644194, 18.953172285137814], [72.81755614996679, 18.953147373271605], [72.81757230687938, 18.95312492599932], [72.81759211626009, 18.953105625369965], [72.81761497621089, 18.9530900578234], [72.81764019214378, 18.953078696371644], [72.81766699788538, 18.953071886226667], [72.8176945789568, 18.953069834311272], [72.81772209732114, 18.953072602971872], [72.81774871684682, 18.95308010808412], [72.81777362871303, 18.95309212160897], [72.81779607598531, 18.953108278521555], [72.81781537661467, 18.953128087902257], [72.81783094416124, 18.953150947853075], [72.817842305613, 18.95317616378596], [72.81784911575798, 18.953202969527563], [72.81785116767337, 18.95323055059898], [72.81784839901276, 18.95325806896332], [72.81784089390052, 18.953284688489003], [72.81782888037567, 18.95330960035521], [72.81781272346308, 18.953332047627498], [72.81779291408237, 18.953351348256852], [72.81777005413157, 18.953366915803418], [72.81774483819868, 18.953378277255172], [72.81771803245708, 18.95338508740015], [72.81769045138566, 18.953387139315545]]]}, "properties": {"FEATUREID": "FS04000000020", "NAME": "Hinduja collage lane (Tackled)", "TYPE": 2, "LOCATION": "Hinduja collage lane, near Saifee hospital", "WARD": "D", "SUBTYPE": 2, "DEPTH": null, "HEIGHT_TO_MSL": null, "AFFECT_AREA": null, "AFFECT_POPULATION": null, "AFFECTED_HUT": null, "AFFECT_ROAD": null, "AFFECT_RAIL": null, "NO_DE_WATER_PUMP": null, "REMARKS": "Already Tackled (2024-25)"}}, {"type": "Feature", "geometry": {"type": "Polygon", "coordinates": [[[72.85024528153883, 18.994338763592257], [72.85019889102885, 18.99433468735154], [72.85015362619468, 18.994323742492323], [72.85011049817794, 18.994306173504683], [72.85007047038724, 18.994282372850765], [72.85003443697728, 18.99425287219785], [72.85000320287492, 18.99421833054178], [72.84997746579836, 18.994179519486067], [72.84995780067138, 18.994137306005566], [72.84994464678041, 18.994092633079674], [72.84993829796167, 18.99404649862774], [72.84993889603723, 18.993999933217175], [72.84994642764711, 18.993953977042317], [72.84996072454757, 18.993909656688164], [72.84998146736949, 18.99386796219819], [72.8500081927525, 18.993829824958407], [72.85004030369569, 18.99379609689173], [72.85007708289369, 18.993767531427437], [72.85011770875995, 18.993744766670794], [72.85016127377979, 18.993728311148846], [72.85020680478262, 18.993718532450764], [72.85025328468109, 18.993715649016504], [72.85029967519107, 18.993719725257222], [72.85034494002524, 18.993730670116438], [72.85038806804198, 18.99374823910408], [72.85042809583268, 18.993772039757996], [72.85046412924264, 18.99380154041091], [72.850495363345, 18.99383608206698], [72.85052110042156, 18.993874893122694], [72.85054076554854, 18.993917106603195], [72.8505539194395, 18.993961779529087], [72.85056026825825, 18.994007913981022], [72.85055967018269, 18.994054479391586], [72.85055213857281, 18.994100435566445], [72.85053784167235, 18.994144755920598], [72.85051709885043, 18.99418645041057], [72.85049037346742, 18.994224587650354], [72.85045826252423, 18.99425831571703], [72.85042148332623, 18.994286881181324], [72.85038085745997, 18.994309645937967], [72.85033729244013, 18.994326101459915], [72.8502917614373, 18.994335880157998], [72.85024528153883, 18.994338763592257]]]}, "properties": {"FEATUREID": "FS07000000026", "NAME": "T. J. Road Near Rushabh Tower (Tackled)", "TYPE": 2, "LOCATION": "T. J. Road Near Rushabh Tower, Abyudaya Nagar, Sewri", "WARD": "F/S", "SUBTYPE": 2, "DEPTH": null, "HEIGHT_TO_MSL": null, "AFFECT_AREA": null, "AFFECT_POPULATION": null, "AFFECTED_HUT": null, "AFFECT_ROAD": null, "AFFECT_RAIL": null, "NO_DE_WATER_PUMP": null, "REMARKS": "Already Tackled (2024-25)"}}, {"type": "Feature", "geometry": {"type": "Polygon", "coordinates": [[[72.85230816754287, 18.998317826702955], [72.85227282683364, 18.9983142772299], [72.85223863938872, 18.998304644831553], [72.85220664397633, 18.998289222183477], [72.85217781276087, 18.99826847789502], [72.85215302176425, 18.998243042270897], [72.85213302424835, 18.99821368815967], [72.85211842782758, 18.998181307471157], [72.85210967600678, 18.998146884076196], [72.85210703470561, 18.998111463912217], [72.85211058417866, 18.998076123202985], [72.852120216577, 18.998041935758064], [72.85213563922508, 18.998009940345668], [72.85215638351355, 18.997981109130215], [72.85218181913767, 18.997956318133593], [72.85221117324889, 18.997936320617693], [72.8522435539374, 18.997921724196917], [72.85227797733236, 18.99791297237612], [72.85231339749635, 18.99791033107495], [72.85234873820558, 18.99791388054801], [72.8523829256505, 18.997923512946354], [72.85241492106289, 18.99793893559443], [72.85244375227835, 18.997959679882886], [72.85246854327497, 18.99798511550701], [72.85248854079087, 18.998014469618237], [72.85250313721164, 18.99804685030675], [72.85251188903244, 18.99808127370171], [72.85251453033361, 18.99811669386569], [72.85251098086056, 18.99815203457492], [72.85250134846221, 18.998186222019843], [72.85248592581414, 18.99821821743224], [72.85246518152567, 18.99824704864769], [72.85243974590155, 18.998271839644314], [72.85241039179033, 18.998291837160213], [72.85237801110182, 18.99830643358099], [72.85234358770686, 18.998315185401786], [72.85230816754287, 18.998317826702955]]]}, "properties": {"FEATUREID": "FS07000000027", "NAME": "Azad nagar (Tackled)", "TYPE": 2, "LOCATION": "Azad nagar, Nr Sewri Bus Depot", "WARD": "F/S", "SUBTYPE": 2, "DEPTH": null, "HEIGHT_TO_MSL": null, "AFFECT_AREA": null, "AFFECT_POPULATION": null, "AFFECTED_HUT": null, "AFFECT_ROAD": null, "AFFECT_RAIL": null, "NO_DE_WATER_PUMP": null, "REMARKS": "Already Tackled (2024-25)"}}, {"type": "Feature", "geometry": {"type": "Polygon", "coordinates": [[[72.8462206570045, 19.000647904833393], [72.84618027978972, 19.000643944131642], [72.84614115272628, 19.00063321661856], [72.84610440142853, 19.00061603090517], [72.84607108316442, 19.000592881393157], [72.84604215643971, 19.000564434051828], [72.84601845342362, 19.000531507259407], [72.84600065600878, 19.000495048259754], [72.8459892761944, 19.000456105911915], [72.845984641357, 19.000415800516333], [72.84598688483246, 19.000375291585854], [72.84599594208004, 19.000335744488652], [72.84601155253922, 19.000298296922715], [72.84603326712553, 19.00026402618633], [72.84606046114983, 19.000233918186186], [72.84609235228959, 19.000208839074634], [72.84612802309475, 19.00018951033205], [72.84616644738121, 19.000176488011164], [72.84620651975219, 19.00017014674044], [72.84624708739855, 19.000170668946694], [72.84628698326296, 19.000178039606997], [72.84632505961405, 19.000192046680876], [72.84636022106451, 19.000212287210317], [72.84639145608344, 19.00023817891214], [72.8464178660962, 19.000268976929227], [72.84643869133482, 19.000303795258695], [72.84645333269512, 19.000341632240602], [72.84646136897177, 19.000381399373865], [72.84646256897577, 19.000421952630468], [72.84645689818517, 19.00046212536705], [72.8464445197383, 19.000500761887128], [72.84642578974052, 19.000536750688358], [72.84640124701977, 19.000569056438458], [72.84637159762546, 19.00059674975981], [72.84633769451668, 19.00061903396599], [72.84630051302412, 19.000635267980947], [72.84626112279163, 19.000644984781637], [72.8462206570045, 19.000647904833393]]]}, "properties": {"FEATUREID": "FS07000000028", "NAME": "Achary Donde & G.D. Ambekar marg Jn (Tackled)", "TYPE": 2, "LOCATION": "Achary Donde & G.D. Ambekar marg Junction, Parel", "WARD": "F/S", "SUBTYPE": 2, "DEPTH": null, "HEIGHT_TO_MSL": null, "AFFECT_AREA": null, "AFFECT_POPULATION": null, "AFFECTED_HUT": null, "AFFECT_ROAD": null, "AFFECT_RAIL": null, "NO_DE_WATER_PUMP": null, "REMARKS": "Already Tackled (2024-25)"}}, {"type": "Feature", "geometry": {"type": "Polygon", "coordinates": [[[72.84633490020104, 18.99489629714397], [72.84629775972746, 18.99489256566385], [72.84626183146587, 18.99488244149774], [72.84622820707828, 18.994866232263313], [72.84619790822471, 18.994844430469946], [72.84617185552051, 18.9948176985541], [72.8461508405639, 18.994786848751517], [72.84613550188368, 18.994752818417833], [72.84612630553792, 18.994716641547516], [72.84612353095292, 18.994679417356465], [72.84612726243304, 18.994642276882892], [72.84613738659915, 18.994606348621286], [72.84615359583358, 18.994572724233702], [72.84617539762695, 18.99454242538014], [72.84620212954279, 18.994516372675932], [72.84623297934537, 18.99449535771931], [72.84626700967905, 18.994480019039102], [72.84630318654938, 18.99447082269334], [72.84634041074042, 18.99446804810834], [72.846377551214, 18.994471779588462], [72.8464134794756, 18.994481903754572], [72.84644710386318, 18.994498112989], [72.84647740271676, 18.994519914782366], [72.84650345542096, 18.99454664669821], [72.84652447037757, 18.994577496500796], [72.84653980905779, 18.99461152683448], [72.84654900540355, 18.994647703704796], [72.84655177998854, 18.994684927895847], [72.84654804850842, 18.99472206836942], [72.84653792434231, 18.994757996631026], [72.84652171510788, 18.99479162101861], [72.84649991331452, 18.994821919872173], [72.84647318139868, 18.99484797257638], [72.8464423315961, 18.994868987533003], [72.84640830126241, 18.99488432621321], [72.84637212439209, 18.99489352255897], [72.84633490020104, 18.99489629714397]]]}, "properties": {"FEATUREID": "FS07000000029", "NAME": "Hrishi Vyas Dev Marg , Ganesh Baug lane & Pakkad Pande Chawl (Tackled)", "TYPE": 2, "LOCATION": "Hrishi Vyas Dev Marg , Ganesh Baug lane & Pakkad Pande Chawl Nr Ashoka Garden, Sewri ", "WARD": "F/S", "SUBTYPE": 2, "DEPTH": null, "HEIGHT_TO_MSL": null, "AFFECT_AREA": null, "AFFECT_POPULATION": null, "AFFECTED_HUT": null, "AFFECT_ROAD": null, "AFFECT_RAIL": null, "NO_DE_WATER_PUMP": null, "REMARKS": "Already Tackled (2024-25)"}}, {"type": "Feature", "geometry": {"type": "Polygon", "coordinates": [[[72.80323451526279, 18.968007537328912], [72.80321410592319, 18.968005481914314], [72.8031943635663, 18.967999913681457], [72.80317588805367, 18.967991001818273], [72.80315924075441, 18.967979017107215], [72.80314492748825, 18.967964323697664], [72.80313338315656, 18.96794736804144], [72.80312495852802, 18.96792866532757], [72.80311990958069, 18.967908783828552], [72.80311838972429, 18.967888327633677], [72.80312044513887, 18.967867918294072], [72.80312601337174, 18.967848175937196], [72.80313492523493, 18.96782970042457], [72.80314690994598, 18.967813053125294], [72.80316160335553, 18.967798739859138], [72.80317855901176, 18.967787195527446], [72.80319726172563, 18.9677787708989], [72.80321714322464, 18.967773721951573], [72.80323759941952, 18.967772202095173], [72.80325800875912, 18.96777425750977], [72.803277751116, 18.967779825742628], [72.80329622662863, 18.96778873760581], [72.8033128739279, 18.96780072231687], [72.80332718719406, 18.96781541572642], [72.80333873152574, 18.967832371382645], [72.80334715615429, 18.967851074096515], [72.80335220510162, 18.967870955595533], [72.80335372495801, 18.967891411790408], [72.80335166954343, 18.967911821130013], [72.80334610131057, 18.96793156348689], [72.80333718944738, 18.967950038999515], [72.80332520473632, 18.96796668629879], [72.80331051132677, 18.967980999564947], [72.80329355567055, 18.96799254389664], [72.80327485295668, 18.968000968525185], [72.80325497145766, 18.96800601747251], [72.80323451526279, 18.968007537328912]]]}, "properties": {"FEATUREID": "FS04000000021", "NAME": "Tata Garden (Tackled)", "TYPE": 2, "LOCATION": "Tata Garden Park, Breach Candy, Cumballa Hill, Mumbai", "WARD": "D", "SUBTYPE": 2, "DEPTH": null, "HEIGHT_TO_MSL": null, "AFFECT_AREA": null, "AFFECT_POPULATION": null, "AFFECTED_HUT": null, "AFFECT_ROAD": null, "AFFECT_RAIL": null, "NO_DE_WATER_PUMP": null, "REMARKS": "Already Tackled (2024-25)"}}, {"type": "Feature", "geometry": {"type": "Polygon", "coordinates": [[[72.81730429071375, 18.96210415685244], [72.81727376453397, 18.962101085301637], [72.81724423548464, 18.962092759599102], [72.817216600791, 18.962079432717093], [72.81719170011922, 18.962061509586178], [72.81717029006363, 18.962039534791614], [72.8171530211579, 18.962014176026422], [72.81714041810905, 18.961986203803843], [72.81713286385428, 18.961956468045713], [72.81713058792583, 18.96192587225799], [72.81713365947664, 18.961895346078204], [72.81714198517918, 18.96186581702888], [72.81715531206117, 18.96183818233524], [72.8171732351921, 18.961813281663463], [72.81719520998666, 18.96179187160787], [72.81722056875185, 18.961774602702153], [72.81724854097443, 18.961761999653284], [72.81727827673257, 18.961754445398523], [72.81730887252029, 18.961752169470074], [72.81733939870007, 18.961755241020878], [72.8173689277494, 18.961763566723413], [72.81739656244304, 18.96177689360542], [72.81742146311481, 18.961794816736337], [72.8174428731704, 18.9618167915309], [72.81746014207613, 18.961842150296093], [72.81747274512499, 18.961870122518672], [72.81748029937975, 18.9618998582768], [72.8174825753082, 18.961930454064525], [72.8174795037574, 18.96196098024431], [72.81747117805486, 18.961990509293635], [72.81745785117286, 18.962018143987276], [72.81743992804194, 18.96204304465905], [72.81741795324737, 18.962064454714646], [72.81739259448219, 18.96208172362036], [72.8173646222596, 18.96209432666923], [72.81733488650147, 18.962101880923992], [72.81730429071375, 18.96210415685244]]]}, "properties": {"FEATUREID": "FS04000000022", "NAME": "D.B Marg and M.S Ali Road Junction (Tackled)", "TYPE": 2, "LOCATION": "D.B Marg and M.S Ali Road Junction", "WARD": "D", "SUBTYPE": 2, "DEPTH": null, "HEIGHT_TO_MSL": null, "AFFECT_AREA": null, "AFFECT_POPULATION": null, "AFFECTED_HUT": null, "AFFECT_ROAD": null, "AFFECT_RAIL": null, "NO_DE_WATER_PUMP": null, "REMARKS": "Already Tackled (2024-25)"}}, {"type": "Feature", "geometry": {"type": "Polygon", "coordinates": [[[72.8162145106974, 18.96193178919104], [72.8161961311435, 18.961929939717436], [72.81617835197403, 18.96192492676545], [72.81616171340008, 18.96191690265109], [72.81614672097629, 18.961906111183012], [72.81613383023986, 18.96189288025451], [72.81612343286932, 18.961877611880652], [72.8161158447835, 18.961860769983257], [72.81611129654253, 18.961842866294848], [72.81610992634242, 18.961824444809942], [72.81611177581603, 18.961806065256035], [72.81611678876801, 18.96178828608657], [72.81612481288238, 18.961771647512613], [72.81613560435046, 18.961756655088823], [72.81614883527897, 18.961743764352402], [72.81616410365281, 18.961733366981854], [72.81618094555022, 18.961725778896025], [72.81619884923862, 18.961721230655062], [72.81621727072353, 18.961719860454963], [72.81623565027743, 18.961721709928568], [72.8162534294469, 18.961726722880552], [72.81627006802086, 18.961734746994914], [72.81628506044464, 18.961745538462992], [72.81629795118107, 18.961758769391494], [72.81630834855162, 18.961774037765352], [72.81631593663744, 18.961790879662747], [72.8163204848784, 18.961808783351156], [72.81632185507851, 18.961827204836062], [72.81632000560491, 18.96184558438997], [72.81631499265292, 18.961863363559434], [72.81630696853856, 18.96188000213339], [72.81629617707047, 18.96189499455718], [72.81628294614197, 18.961907885293602], [72.81626767776812, 18.96191828266415], [72.81625083587072, 18.96192587074998], [72.81623293218232, 18.961930418990942], [72.8162145106974, 18.96193178919104]]]}, "properties": {"FEATUREID": "FS04000000023", "NAME": "Proctor Road (Wadilal A Patel Marg) (Tackled)", "TYPE": 2, "LOCATION": "Proctor Road (Wadilal A Patel Marg)", "WARD": "D", "SUBTYPE": 2, "DEPTH": null, "HEIGHT_TO_MSL": null, "AFFECT_AREA": null, "AFFECT_POPULATION": null, "AFFECTED_HUT": null, "AFFECT_ROAD": null, "AFFECT_RAIL": null, "NO_DE_WATER_PUMP": null, "REMARKS": "Already Tackled (2024-25)"}}, {"type": "Feature", "geometry": {"type": "Polygon", "coordinates": [[[72.81810079871353, 19.00341779085826], [72.81808750218084, 19.003416452610953], [72.81807464003657, 19.00341282577596], [72.81806260309047, 19.003407020552824], [72.81805175707903, 19.003399213330315], [72.81804243155284, 19.00338964132694], [72.8180349098633, 19.003378595383175], [72.81802942055312, 19.003366411124436], [72.81802613041222, 19.003353458763254], [72.81802513940988, 19.00334013185057], [72.81802647765718, 19.003326835317885], [72.81803010449218, 19.003313973173615], [72.81803590971532, 19.003301936227505], [72.81804371693782, 19.003291090216074], [72.8180532889412, 19.003281764689884], [72.81806433488497, 19.003274243000337], [72.8180765191437, 19.00326875369016], [72.81808947150489, 19.003265463549265], [72.81810279841757, 19.00326447254692], [72.81811609495026, 19.00326581079423], [72.81812895709453, 19.00326943762922], [72.81814099404063, 19.003275242852357], [72.81815184005207, 19.003283050074867], [72.81816116557826, 19.00329262207824], [72.8181686872678, 19.003303668022006], [72.81817417657798, 19.003315852280746], [72.81817746671888, 19.003328804641928], [72.81817845772122, 19.00334213155461], [72.81817711947392, 19.003355428087296], [72.81817349263892, 19.003368290231567], [72.81816768741578, 19.003380327177677], [72.81815988019328, 19.003391173189108], [72.8181503081899, 19.003400498715298], [72.81813926224613, 19.003408020404844], [72.8181270779874, 19.00341350971502], [72.81811412562621, 19.003416799855916], [72.81810079871353, 19.00341779085826]]]}, "properties": {"FEATUREID": "FS09000000035", "NAME": "Ganpat Jadhav Marg", "TYPE": 1, "LOCATION": "Sitaram Jadhav Marg,Nearpoddar Hospital", "WARD": "G/S", "SUBTYPE": 2, "DEPTH": null, "HEIGHT_TO_MSL": null, "AFFECT_AREA": null, "AFFECT_POPULATION": null, "AFFECTED_HUT": null, "AFFECT_ROAD": null, "AFFECT_RAIL": null, "NO_DE_WATER_PUMP": null, "REMARKS": "Already Tackled (2024-25)"}}, {"type": "Feature", "geometry": {"type": "Polygon", "coordinates": [[[72.85487059393384, 19.03193045129478], [72.85485938205272, 19.031929325116188], [72.85484853606414, 19.03192626912406], [72.85483838551797, 19.031921376173162], [72.85482923883339, 19.03191479493334], [72.8548213739278, 19.031906725372227], [72.8548150297724, 19.03189741267936], [72.85481039913111, 19.0318871398162], [72.85480762270363, 19.031876218918487], [72.85480678485033, 19.031864981812184], [72.85480791102891, 19.03185376993107], [72.85481096702104, 19.031842923942488], [72.85481585997194, 19.031832773396303], [72.85482244121177, 19.03182362671173], [72.85483051077287, 19.031815761806154], [72.85483982346574, 19.031809417650745], [72.8548500963289, 19.031804787009456], [72.85486101722661, 19.031802010581984], [72.85487225433292, 19.031801172728667], [72.85488346621403, 19.03180229890726], [72.85489431220262, 19.031805354899387], [72.85490446274879, 19.031810247850284], [72.85491360943337, 19.031816829090108], [72.85492147433895, 19.03182489865122], [72.85492781849436, 19.031834211344087], [72.85493244913565, 19.031844484207248], [72.85493522556312, 19.03185540510496], [72.85493606341643, 19.031866642211263], [72.85493493723784, 19.031877854092375], [72.85493188124572, 19.03188870008096], [72.85492698829482, 19.031898850627144], [72.85492040705499, 19.031907997311716], [72.85491233749389, 19.031915862217293], [72.85490302480102, 19.031922206372702], [72.85489275193785, 19.03192683701399], [72.85488183104015, 19.031929613441463], [72.85487059393384, 19.03193045129478]]]}, "properties": {"FEATUREID": "FS06000000055", "NAME": "Sion Road No. 7  (Tackled)", "TYPE": 2, "LOCATION": "Sion Road No. 7", "WARD": "F/N", "SUBTYPE": 2, "DEPTH": null, "HEIGHT_TO_MSL": null, "AFFECT_AREA": null, "AFFECT_POPULATION": null, "AFFECTED_HUT": null, "AFFECT_ROAD": null, "AFFECT_RAIL": null, "NO_DE_WATER_PUMP": null, "REMARKS": "Already Tackled (2024-25)"}}, {"type": "Feature", "geometry": {"type": "Polygon", "coordinates": [[[72.84987394015405, 19.040435748895813], [72.84981943851705, 19.04043154433957], [72.84976592200445, 19.040420404788023], [72.84971426935591, 19.04040251315231], [72.8496653287065, 19.040378163212587], [72.84961990366031, 19.040347754794197], [72.84957874009537, 19.040311787202523], [72.84954251391626, 19.040270851024435], [72.84951181995584, 19.040225618430835], [72.8494871622081, 19.040176832139664], [72.84946894555257, 19.04012529322048], [72.84945746910624, 19.0400718479409], [72.84945292131202, 19.040017373870946], [72.84945537684459, 19.039962765473337], [72.84946479538416, 19.039908919416455], [72.84948102227857, 19.03985671985106], [72.84950379108267, 19.039807023892575], [72.84953272793331, 19.039760647547265], [72.84956735768823, 19.03971835231344], [72.84960711172778, 19.039680832677664], [72.84965133729175, 19.039648704711325], [72.8496993081976, 19.03962249595474], [72.84975023676438, 19.03960263675497], [72.84980328674642, 19.039589453199522], [72.8498575870645, 19.039583161762014], [72.8499122461089, 19.039583865747673], [72.8499663663796, 19.03959155359708], [72.85001905922327, 19.039606099075957], [72.85006945942487, 19.039627263347942], [72.85011673941447, 19.039654698896275], [72.85016012285597, 19.03968795523001], [72.85019889739445, 19.03972648628107], [72.85023242635305, 19.039769659370656], [72.85026015918721, 19.039816765597834], [72.85028164052456, 19.03986703147966], [72.85029651764212, 19.039919631651735], [72.85030454625804, 19.039973702420696], [72.85030559454269, 19.040028355946006], [72.85029964528323, 19.040082694818295], [72.85028679616634, 19.040135826794778], [72.8502672581742, 19.040186879449873], [72.85024135212005, 19.040235014500393], [72.85020950338063, 19.040279441570142], [72.85017223491133, 19.04031943116786], [72.8501301586594, 19.040354326665458], [72.85008396551571, 19.04038355507983], [72.85003441397043, 19.040406636481222], [72.84998231765856, 19.040423191873664], [72.84992853200009, 19.04043294941806], [72.84987394015405, 19.040435748895813]]]}, "properties": {"FEATUREID": "FS08000000037", "NAME": "Jasmine Mill Road (Tackled)", "TYPE": 2, "LOCATION": "Jasmine Mill Road, Dharavi", "WARD": "G/N", "SUBTYPE": 2, "DEPTH": null, "HEIGHT_TO_MSL": null, "AFFECT_AREA": null, "AFFECT_POPULATION": null, "AFFECTED_HUT": null, "AFFECT_ROAD": null, "AFFECT_RAIL": null, "NO_DE_WATER_PUMP": null, "REMARKS": "Already Tackled (2024-25)"}}, {"type": "Feature", "geometry": {"type": "Polygon", "coordinates": [[[72.84250756460001, 18.957734899989124], [72.84246065855237, 18.95773085974066], [72.84241484063011, 18.95772003297233], [72.8423710873627, 18.957702650437895], [72.84233033127505, 18.957679082615908], [72.84229344101244, 18.95764983181357], [72.84226120282675, 18.95761552146095], [72.84223430381896, 18.957576882823652], [72.84221331729469, 18.957534739417138], [72.84219869054529, 18.95748998945496], [72.84219073531453, 18.957443586704866], [72.84218962115433, 18.95739652016091], [72.84219537181109, 18.95734979296476], [72.84220786471954, 18.957304401025482], [72.84222683361503, 18.957261311793452], [72.84225187420847, 18.95722144364084], [72.84228245280312, 18.957185646288103], [72.84231791766929, 18.957154682693666], [72.84235751293494, 18.957129212792786], [72.84240039469573, 18.95710977943218], [72.84244564900138, 18.957096796800194], [72.84249231133492, 18.957090541599083], [72.84253938716975, 18.9570911471476], [72.84258587316614, 18.957098600539535], [72.84263077855583, 18.957112742918774], [72.84267314625838, 18.957133272865057], [72.84271207327976, 18.957159752818225], [72.84274672995808, 18.957191618404046], [72.84277637764644, 18.957228190462885], [72.84280038445584, 18.9572686895248], [72.84281823872278, 18.957312252422597], [72.8428295599146, 18.957357950688746], [72.84283410673972, 18.95740481034404], [72.84283178229047, 18.957451832656282], [72.84282263610845, 18.957498015426527], [72.84280686312864, 18.957542374349206], [72.84278479952474, 18.957583963990892], [72.84275691554414, 18.957621897940584], [72.84272380548549, 18.957655367702], [72.8426861750322, 18.957683659925284], [72.84264482621205, 18.957706171610816], [72.84260064030337, 18.95772242296111], [72.84255455905206, 18.957732067606834], [72.84250756460001, 18.957734899989124]]]}, "properties": {"FEATUREID": "FS02000000013", "NAME": "Junction of P D \u2018Mello Road & S.V.P. Road ", "TYPE": 1, "LOCATION": "Junction of P D \u2018Mello Road & S.V.P. Road ", "WARD": "B", "SUBTYPE": 3, "DEPTH": null, "HEIGHT_TO_MSL": null, "AFFECT_AREA": null, "AFFECT_POPULATION": null, "AFFECTED_HUT": null, "AFFECT_ROAD": null, "AFFECT_RAIL": null, "NO_DE_WATER_PUMP": null, "REMARKS": "Already Tackled (2024-25)"}}, {"type": "Feature", "geometry": {"type": "Polygon", "coordinates": [[[72.83819503496508, 18.952871343391383], [72.83814647884786, 18.952867241142826], [72.83809900077274, 18.952856270393273], [72.83805356725642, 18.95283865447555], [72.83801110319428, 18.952814751998943], [72.83797247303214, 18.952785049548947], [72.83793846316873, 18.952750151781785], [72.83790976594676, 18.952710769115367], [72.83788696555895, 18.952667703267203], [72.83787052615543, 18.952621830933772], [72.83786078239504, 18.952574085943503], [72.83785793263266, 18.952525440246706], [72.83786203488121, 18.95247688412949], [72.83787300563077, 18.952429406054375], [72.8378906215485, 18.95238397253805], [72.8379145240251, 18.9523415084759], [72.83794422647509, 18.952302878313766], [72.83797912424225, 18.952268868450346], [72.83801850690868, 18.95224017122839], [72.83806157275684, 18.95221737084058], [72.83810744509027, 18.952200931437055], [72.83815519008054, 18.952191187676668], [72.83820383577734, 18.952188337914283], [72.83825239189456, 18.95219244016284], [72.83829986996967, 18.952203410912393], [72.838345303486, 18.952221026830117], [72.83838776754814, 18.952244929306723], [72.83842639771028, 18.95227463175672], [72.83846040757369, 18.95230952952388], [72.83848910479566, 18.9523489121903], [72.83851190518347, 18.952391978038463], [72.83852834458699, 18.952437850371894], [72.83853808834738, 18.952485595362162], [72.83854093810976, 18.95253424105896], [72.8385368358612, 18.952582797176177], [72.83852586511165, 18.95263027525129], [72.83850824919392, 18.952675708767615], [72.83848434671732, 18.952718172829766], [72.83845464426733, 18.9527568029919], [72.83841974650016, 18.95279081285532], [72.83838036383374, 18.952819510077276], [72.83833729798557, 18.952842310465087], [72.83829142565214, 18.95285874986861], [72.83824368066188, 18.952868493628998], [72.83819503496508, 18.952871343391383]]]}, "properties": {"FEATUREID": "FS02000000014", "NAME": "Masjid Bunder Railway Track in B ward", "TYPE": 1, "LOCATION": "Masjid Bunder Railway Track in B ward", "WARD": "B", "SUBTYPE": 3, "DEPTH": null, "HEIGHT_TO_MSL": null, "AFFECT_AREA": null, "AFFECT_POPULATION": null, "AFFECTED_HUT": null, "AFFECT_ROAD": null, "AFFECT_RAIL": null, "NO_DE_WATER_PUMP": null, "REMARKS": "Already Tackled (2024-25)"}}, {"type": "Feature", "geometry": {"type": "Polygon", "coordinates": [[[72.83357100766352, 18.95016784551613], [72.83354342714242, 18.950165073307033], [72.83351674702047, 18.95015755390679], [72.83349177795967, 18.95014551578858], [72.8334692786323, 18.950129324724525], [72.83344993266903, 18.95010947267192], [72.83343432788718, 18.950086562825334], [72.83342293843013, 18.950061291288865], [72.83341611036079, 18.950034425925356], [72.83341405114656, 18.950006783025287], [72.83341682335566, 18.94997920250419], [72.8334243427559, 18.949952522382237], [72.83343638087412, 18.949927553321434], [72.83345257193817, 18.949905053994062], [72.83347242399077, 18.949885708030795], [72.83349533383736, 18.949870103248937], [72.83352060537383, 18.949858713791894], [72.83354747073734, 18.949851885722545], [72.83357511363741, 18.94984982650833], [72.83360269415851, 18.949852598717428], [72.83362937428046, 18.94986011811767], [72.83365434334127, 18.94987215623588], [72.83367684266864, 18.949888347299936], [72.8336961886319, 18.949908199352542], [72.83371179341376, 18.949931109199127], [72.8337231828708, 18.949956380735596], [72.83373001094014, 18.949983246099105], [72.83373207015437, 18.950010888999174], [72.83372929794527, 18.950038469520273], [72.83372177854503, 18.950065149642224], [72.83370974042681, 18.950090118703027], [72.83369354936276, 18.9501126180304], [72.83367369731016, 18.950131963993666], [72.83365078746357, 18.950147568775524], [72.8336255159271, 18.950158958232567], [72.83359865056359, 18.950165786301916], [72.83357100766352, 18.95016784551613]]]}, "properties": {"FEATUREID": "FS02000000015", "NAME": "Sarang Street, Masjid Bunder (Tackled)", "TYPE": 2, "LOCATION": "Sarang Street, Masjid Bunder", "WARD": "B", "SUBTYPE": 2, "DEPTH": null, "HEIGHT_TO_MSL": null, "AFFECT_AREA": null, "AFFECT_POPULATION": null, "AFFECTED_HUT": null, "AFFECT_ROAD": null, "AFFECT_RAIL": null, "NO_DE_WATER_PUMP": null, "REMARKS": "Already Tackled (2024-25)"}}, {"type": "Feature", "geometry": {"type": "Polygon", "coordinates": [[[72.83431131532805, 18.949613316455867], [72.83428363406553, 18.949610534255765], [72.83425685646756, 18.949602987522738], [72.83423179615791, 18.94959090556046], [72.8342092145814, 18.949574655473228], [72.83418979786784, 18.94955473101173], [72.83417413598418, 18.94953173757064], [72.83416270480889, 18.949506373794037], [72.83415585167242, 18.949479410347433], [72.83415378480387, 18.94945166650151], [72.83415656700397, 18.949423985238987], [72.83416411373699, 18.94939720764102], [72.83417619569927, 18.94937214733137], [72.8341924457865, 18.94934956575487], [72.83421237024801, 18.94933014904129], [72.83423536368909, 18.949314487157647], [72.83426072746569, 18.949303055982355], [72.8342876909123, 18.949296202845886], [72.83431543475822, 18.949294135977325], [72.83434311602075, 18.949296918177428], [72.83436989361871, 18.949304464910455], [72.83439495392837, 18.949316546872733], [72.83441753550487, 18.949332796959965], [72.83443695221844, 18.949352721421462], [72.83445261410209, 18.94937571486255], [72.83446404527739, 18.949401078639156], [72.83447089841385, 18.94942804208576], [72.8344729652824, 18.949455785931683], [72.8344701830823, 18.949483467194206], [72.83446263634929, 18.949510244792172], [72.834450554387, 18.949535305101822], [72.83443430429978, 18.949557886678324], [72.83441437983826, 18.9495773033919], [72.83439138639719, 18.949592965275546], [72.83436602262059, 18.949604396450837], [72.83433905917397, 18.949611249587306], [72.83431131532805, 18.949613316455867]]]}, "properties": {"FEATUREID": "FS02000000016", "NAME": "Nagdevi Street, Masjid Bunder (Tackled)", "TYPE": 2, "LOCATION": "Nagdevi Street, Masjid Bunder", "WARD": "B", "SUBTYPE": 2, "DEPTH": null, "HEIGHT_TO_MSL": null, "AFFECT_AREA": null, "AFFECT_POPULATION": null, "AFFECTED_HUT": null, "AFFECT_ROAD": null, "AFFECT_RAIL": null, "NO_DE_WATER_PUMP": null, "REMARKS": "Already Tackled (2024-25)"}}, {"type": "Feature", "geometry": {"type": "Polygon", "coordinates": [[[72.83435411297765, 18.955210383130552], [72.8343399266175, 18.95520895722615], [72.83432620338573, 18.955205089548855], [72.8343133602558, 18.955198897616075], [72.83430178745974, 18.955190569566565], [72.83429183663105, 18.95518035844389], [72.83428381012067, 18.955168574507844], [72.83427795181002, 18.955155575807364], [72.83427443970093, 18.955141757301387], [72.83427338050706, 18.95512753885822], [72.83427480641146, 18.95511335249807], [72.83427867408875, 18.955099629266304], [72.83428486602153, 18.95508678613638], [72.83429319407104, 18.955075213340304], [72.83430340519372, 18.95506526251162], [72.83431518912975, 18.955057236001235], [72.83432818783024, 18.95505137769059], [72.83434200633621, 18.955047865581502], [72.83435622477938, 18.955046806387625], [72.83437041113953, 18.955048232292025], [72.8343841343713, 18.955052099969322], [72.83439697750123, 18.955058291902102], [72.8344085502973, 18.955066619951612], [72.83441850112598, 18.955076831074287], [72.83442652763637, 18.955088615010332], [72.83443238594701, 18.955101613710813], [72.8344358980561, 18.95511543221679], [72.83443695724998, 18.955129650659956], [72.83443553134558, 18.955143837020106], [72.83443166366828, 18.955157560251873], [72.8344254717355, 18.955170403381796], [72.834417143686, 18.955181976177872], [72.83440693256331, 18.955191927006556], [72.83439514862728, 18.955199953516942], [72.8343821499268, 18.955205811827586], [72.83436833142082, 18.955209323936675], [72.83435411297765, 18.955210383130552]]]}, "properties": {"FEATUREID": "FS02000000017", "NAME": "Zakaria Masjid Street (Tackled) ", "TYPE": 2, "LOCATION": "Zakaria Masjid Street, Masjid Bunder", "WARD": "B", "SUBTYPE": 2, "DEPTH": null, "HEIGHT_TO_MSL": null, "AFFECT_AREA": null, "AFFECT_POPULATION": null, "AFFECTED_HUT": null, "AFFECT_ROAD": null, "AFFECT_RAIL": null, "NO_DE_WATER_PUMP": null, "REMARKS": "Already Tackled (2024-25)"}}, {"type": "Feature", "geometry": {"type": "Polygon", "coordinates": [[[72.81252536200742, 18.957370011461165], [72.81248086244285, 18.95736592471436], [72.81243755004982, 18.957354927016613], [72.81239649132318, 18.95733728916774], [72.81235869726505, 18.957313445470117], [72.81232509849058, 18.957283983034717], [72.81229652231309, 18.957249627324472], [72.81227367237292, 18.957211224290994], [72.81225711131144, 18.957169719544417], [72.81224724691693, 18.95712613506935], [72.81224432208352, 18.957081544060216], [72.81224840883031, 18.95703704449565], [72.81225940652807, 18.956993732102617], [72.81227704437694, 18.956952673375977], [72.81230088807456, 18.95691487931785], [72.81233035050997, 18.956881280543374], [72.81236470622021, 18.95685270436589], [72.81240310925368, 18.95682985442572], [72.81244461400026, 18.95681329336423], [72.81248819847534, 18.956803428969717], [72.81253278948446, 18.95680050413631], [72.81257728904903, 18.956804590883117], [72.81262060144206, 18.956815588580863], [72.8126616601687, 18.956833226429737], [72.81269945422683, 18.95685707012736], [72.81273305300131, 18.95688653256276], [72.8127616291788, 18.956920888273004], [72.81278447911896, 18.956959291306482], [72.81280104018045, 18.95700079605306], [72.81281090457496, 18.957044380528128], [72.81281382940837, 18.95708897153726], [72.81280974266157, 18.957133471101827], [72.81279874496381, 18.95717678349486], [72.81278110711494, 18.9572178422215], [72.81275726341732, 18.957255636279626], [72.81272780098192, 18.957289235054102], [72.81269344527168, 18.957317811231587], [72.8126550422382, 18.957340661171756], [72.81261353749163, 18.957357222233245], [72.81256995301655, 18.95736708662776], [72.81252536200742, 18.957370011461165]]]}, "properties": {"FEATUREID": "FS04000000024", "NAME": "Wilson College / N. S. Patkar Road (Hughes Road) & A. Rangnekar Marg (Tackled)", "TYPE": 2, "LOCATION": "Wilson College / N. S. Patkar Road (Hughes Road) & A. Rangnekar Marg", "WARD": "D", "SUBTYPE": 2, "DEPTH": null, "HEIGHT_TO_MSL": null, "AFFECT_AREA": null, "AFFECT_POPULATION": null, "AFFECTED_HUT": null, "AFFECT_ROAD": null, "AFFECT_RAIL": null, "NO_DE_WATER_PUMP": null, "REMARKS": "Already Tackled (2024-25)"}}, {"type": "Feature", "geometry": {"type": "Polygon", "coordinates": [[[72.80791372819596, 18.955884964146556], [72.80786792231811, 18.955880844681868], [72.80782328209906, 18.955869781261097], [72.80778085386774, 18.95585203320144], [72.8077416321059, 18.955828016502384], [72.80770653613841, 18.95579829409499], [72.80767638858501, 18.9557635626473], [72.80765189607878, 18.955724636235008], [72.80763363270333, 18.95568242726023], [72.80762202653668, 18.955637925065556], [72.80761734961754, 18.955592172744712], [72.80761971156895, 18.955546242693323], [72.80762905702875, 18.955501211472864], [72.8076451669473, 18.955458134576975], [72.80766766372174, 18.95541802169158], [72.80769602004678, 18.95538181302873], [72.80772957127417, 18.955350357288776], [72.80776753099157, 18.95532439176761], [72.8078090094554, 18.955304525075043], [72.80785303444561, 18.955291222869505], [72.80789857405374, 18.95528479694342], [72.80794456086998, 18.955285397915056], [72.80798991700235, 18.95529301169814], [72.80803357934151, 18.95530745983205], [72.80807452447927, 18.955328403664776], [72.80811179269628, 18.955355352290628], [72.80814451045714, 18.955387674056656], [72.80817191088526, 18.955424611368063], [72.80819335173783, 18.955465298445574], [72.80820833045944, 18.955508781618573], [72.80821649596153, 18.955554041678344], [72.80821765685168, 18.95560001776745], [72.8082117859196, 18.955645632245318], [72.80819902077495, 18.95568981594726], [72.8081796606219, 18.955731533244744], [72.80815415924606, 18.95576980631968], [72.80812311437803, 18.955803738083624], [72.80808725368323, 18.955832533204795], [72.80804741770594, 18.955855516749953], [72.8080045401677, 18.95587215000428], [72.80795962608167, 18.955882043098395], [72.80791372819596, 18.955884964146556]]]}, "properties": {"FEATUREID": "FS04000000025", "NAME": "Babulnath Road / Band Stand (Tackled)", "TYPE": 2, "LOCATION": "Babulnath Road / Band Stand", "WARD": "D", "SUBTYPE": 2, "DEPTH": null, "HEIGHT_TO_MSL": null, "AFFECT_AREA": null, "AFFECT_POPULATION": null, "AFFECTED_HUT": null, "AFFECT_ROAD": null, "AFFECT_RAIL": null, "NO_DE_WATER_PUMP": null, "REMARKS": "Already Tackled (2024-25)"}}, {"type": "Feature", "geometry": {"type": "Polygon", "coordinates": [[[72.8193573449834, 18.957274348448617], [72.81931608384919, 18.957270295683507], [72.81927610113947, 18.957259328048206], [72.81923854708398, 18.95724176106161], [72.81920450204454, 18.957218100093943], [72.81917494543495, 18.95718902582816], [72.81915072754505, 18.95715537467796], [72.81913254507943, 18.95711811472566], [72.81912092111453, 18.95707831787225], [72.81911619005066, 18.957037129000742], [72.81911848799191, 18.95699573303998], [72.8191277488307, 18.956955320876386], [72.81914370614955, 18.956917055094326], [72.81916590088545, 18.956882036530683], [72.81919369453625, 18.956851272605775], [72.81922628752925, 18.956825648341706], [72.81926274222336, 18.956805900901898], [72.8193020098834, 18.956792598384247], [72.8193429608503, 18.95678612347796], [72.81938441703929, 18.956786662454306], [72.8194251858313, 18.956794199807913], [72.81946409438241, 18.956808518702847], [72.81950002336444, 18.956829207210564], [72.819531939166, 18.95685567016037], [72.81955892362758, 18.956887146261373], [72.81958020045535, 18.956922730003463], [72.81959515755372, 18.956961397707165], [72.8196033646342, 18.957002036973044], [72.81960458559404, 18.957043478683417], [72.81959878530843, 18.957084530635722], [72.81958613064103, 18.957124011840037], [72.81956698564359, 18.957160786494], [72.81954190108281, 18.957193796657773], [72.81951159859585, 18.95722209268904], [72.81947694993009, 18.9572448605625], [72.81943895186454, 18.957261445287894], [72.81939869753438, 18.95727136975286], [72.8193573449834, 18.957274348448617]]]}, "properties": {"FEATUREID": "FS04000000026", "NAME": "R R Road (Tackled)", "TYPE": 2, "LOCATION": "R R Road, Girgaon ", "WARD": "D", "SUBTYPE": 2, "DEPTH": null, "HEIGHT_TO_MSL": null, "AFFECT_AREA": null, "AFFECT_POPULATION": null, "AFFECTED_HUT": null, "AFFECT_ROAD": null, "AFFECT_RAIL": null, "NO_DE_WATER_PUMP": null, "REMARKS": "Already Tackled (2024-25)"}}, {"type": "Feature", "geometry": {"type": "Polygon", "coordinates": [[[72.80131711723966, 18.962720879755217], [72.80129375403946, 18.962718526681776], [72.80127115438567, 18.962712152379666], [72.80125000495737, 18.962701950528835], [72.8012309483692, 18.962688231107354], [72.80121456364597, 18.96267141097291], [72.80120134862919, 18.962652001196766], [72.80119170485047, 18.962630591535156], [72.80118592533113, 18.96260783250981], [72.80118418567896, 18.9625844156422], [72.8011865387524, 18.962561052442], [72.8011929130545, 18.96253845278822], [72.80120311490535, 18.962517303359906], [72.80121683432682, 18.962498246771737], [72.80123365446127, 18.962481862048502], [72.80125306423741, 18.962468647031724], [72.80127447389903, 18.962459003253002], [72.80129723292437, 18.962453223733668], [72.80132064979198, 18.962451484081498], [72.80134401299217, 18.96245383715494], [72.80136661264596, 18.96246021145705], [72.80138776207427, 18.96247041330788], [72.80140681866244, 18.96248413272936], [72.80142320338567, 18.962500952863806], [72.80143641840245, 18.96252036263995], [72.80144606218117, 18.96254177230156], [72.80145184170051, 18.962564531326905], [72.80145358135267, 18.962587948194514], [72.80145122827923, 18.962611311394717], [72.80144485397713, 18.962633911048496], [72.80143465212629, 18.96265506047681], [72.80142093270481, 18.962674117064978], [72.80140411257037, 18.962690501788213], [72.80138470279422, 18.96270371680499], [72.80136329313261, 18.962713360583713], [72.80134053410727, 18.962719140103047], [72.80131711723966, 18.962720879755217]]]}, "properties": {"FEATUREID": "FS04000000027", "NAME": "Kashinath compound and / or setalwad lane (Tackled)", "TYPE": 2, "LOCATION": "Kashinath compound and / or setalwad lane", "WARD": "D", "SUBTYPE": 2, "DEPTH": null, "HEIGHT_TO_MSL": null, "AFFECT_AREA": null, "AFFECT_POPULATION": null, "AFFECTED_HUT": null, "AFFECT_ROAD": null, "AFFECT_RAIL": null, "NO_DE_WATER_PUMP": null, "REMARKS": "Already Tackled (2024-25)"}}, {"type": "Feature", "geometry": {"type": "Polygon", "coordinates": [[[72.8163446861182, 18.966035387354456], [72.81630925944596, 18.96603182240634], [72.8162749900312, 18.966022159840715], [72.81624291913278, 18.966006693249756], [72.8162140212087, 18.965985892578], [72.81618917430777, 18.96596038984333], [72.81616913339049, 18.965930959933438], [72.81615450739, 18.96589849706124], [72.81614574070991, 18.965863987594684], [72.81614309972139, 18.965828480086447], [72.8161466646695, 18.9657930534142], [72.81615632723512, 18.96575878399945], [72.81617179382609, 18.965726713101027], [72.81619259449785, 18.96569781517695], [72.81621809723251, 18.965672968276014], [72.81624752714241, 18.965652927358736], [72.8162799900146, 18.965638301358247], [72.81631449948115, 18.965629534678165], [72.8163500069894, 18.965626893689635], [72.81638543366164, 18.96563045863775], [72.81641970307639, 18.965640121203375], [72.81645177397482, 18.965655587794334], [72.8164806718989, 18.96567638846609], [72.81650551879983, 18.96570189120076], [72.8165255597171, 18.965731321110653], [72.8165401857176, 18.96576378398285], [72.81654895239768, 18.965798293449406], [72.81655159338621, 18.965833800957643], [72.81654802843809, 18.96586922762989], [72.81653836587247, 18.96590349704464], [72.81652289928151, 18.965935567943063], [72.81650209860975, 18.965964465867142], [72.81647659587509, 18.965989312768077], [72.81644716596519, 18.966009353685354], [72.81641470309299, 18.966023979685843], [72.81638019362644, 18.966032746365926], [72.8163446861182, 18.966035387354456]]]}, "properties": {"FEATUREID": "FS04000000028", "NAME": "Chikalwadi, Sleater Road (Tackled)", "TYPE": 2, "LOCATION": "Chikalwadi, Sleater Road, Tardeo", "WARD": "D", "SUBTYPE": 2, "DEPTH": null, "HEIGHT_TO_MSL": null, "AFFECT_AREA": null, "AFFECT_POPULATION": null, "AFFECTED_HUT": null, "AFFECT_ROAD": null, "AFFECT_RAIL": null, "NO_DE_WATER_PUMP": null, "REMARKS": "Already Tackled (2024-25)"}}, {"type": "Feature", "geometry": {"type": "Polygon", "coordinates": [[[72.81124481492247, 18.9072616379556], [72.81122449928651, 18.90725959388421], [72.81120484723998, 18.907254053093695], [72.81118645590037, 18.90724518393817], [72.81116988407922, 18.907233255902437], [72.81115563530295, 18.907218631413826], [72.8111441425134, 18.907201754830027], [72.81113575491317, 18.907183138937494], [72.81113072735525, 18.907163349370702], [72.81112921259944, 18.907142987425626], [72.81113125667082, 18.90712267178966], [72.81113679746134, 18.907103019743133], [72.81114566661687, 18.90708462840352], [72.8111575946526, 18.907068056582375], [72.81117221914121, 18.9070538078061], [72.81118909572501, 18.90704231501655], [72.81120771161754, 18.90703392741632], [72.81122750118433, 18.9070288998584], [72.81124786312941, 18.907027385102587], [72.81126817876537, 18.907029429173978], [72.8112878308119, 18.907034969964492], [72.81130622215152, 18.907043839120018], [72.81132279397266, 18.90705576715575], [72.81133704274893, 18.90707039164436], [72.81134853553849, 18.90708726822816], [72.81135692313872, 18.907105884120693], [72.81136195069664, 18.907125673687485], [72.81136346545244, 18.90714603563256], [72.81136142138106, 18.907166351268526], [72.81135588059054, 18.907186003315054], [72.81134701143502, 18.907204394654666], [72.81133508339929, 18.907220966475812], [72.81132045891067, 18.907235215252086], [72.81130358232687, 18.907246708041637], [72.81128496643434, 18.907255095641865], [72.81126517686755, 18.907260123199787], [72.81124481492247, 18.9072616379556]]]}, "properties": {"FEATUREID": "FS01000000018", "NAME": "Doctor Homi Bhabha Road (Tackled)", "TYPE": 2, "LOCATION": "Doctor Homi Bhabha Road, Army Area, Old Navy Nagar, Colaba", "WARD": "A", "SUBTYPE": 2, "DEPTH": null, "HEIGHT_TO_MSL": null, "AFFECT_AREA": null, "AFFECT_POPULATION": null, "AFFECTED_HUT": null, "AFFECT_ROAD": null, "AFFECT_RAIL": null, "NO_DE_WATER_PUMP": null, "REMARKS": "Already Tackled (2024-25)"}}, {"type": "Feature", "geometry": {"type": "Polygon", "coordinates": [[[72.82680765181352, 18.924714611747238], [72.82678477654171, 18.924712311979142], [72.82676264814724, 18.924706074900428], [72.82674193899012, 18.92469609002158], [72.82672327830768, 18.92468266072808], [72.82670723309526, 18.924666195062226], [72.82669429087855, 18.92464719332494], [72.82668484490024, 18.924626232874388], [72.8266791821716, 18.92460395058326], [72.82667747475179, 18.924581023487697], [72.82667977451989, 18.92455814821589], [72.8266860115986, 18.924536019821403], [72.82669599647745, 18.924515310664304], [72.82670942577094, 18.92449664998185], [72.82672589143681, 18.924480604769435], [72.8267448931741, 18.92446766255272], [72.82676585362464, 18.92445821657441], [72.82678813591576, 18.92445255384578], [72.82681106301133, 18.924450846425966], [72.82683393828314, 18.92445314619406], [72.82685606667762, 18.924459383272776], [72.82687677583473, 18.924469368151623], [72.82689543651718, 18.924482797445123], [72.8269114817296, 18.924499263110977], [72.82692442394631, 18.924518264848263], [72.82693386992462, 18.924539225298815], [72.82693953265326, 18.924561507589942], [72.82694124007307, 18.924584434685507], [72.82693894030497, 18.924607309957313], [72.82693270322626, 18.9246294383518], [72.8269227183474, 18.9246501475089], [72.82690928905392, 18.924668808191353], [72.82689282338805, 18.924684853403768], [72.82687382165076, 18.924697795620485], [72.82685286120022, 18.924707241598792], [72.8268305789091, 18.924712904327425], [72.82680765181352, 18.924714611747238]]]}, "properties": {"FEATUREID": "FS01000000019", "NAME": "Jagannath Bhosale marg, Advent Building (Tackled)", "TYPE": 2, "LOCATION": "Jagannath Bhosale marg, Advent Building to Deepak Jog chowk", "WARD": "A", "SUBTYPE": 2, "DEPTH": null, "HEIGHT_TO_MSL": null, "AFFECT_AREA": null, "AFFECT_POPULATION": null, "AFFECTED_HUT": null, "AFFECT_ROAD": null, "AFFECT_RAIL": null, "NO_DE_WATER_PUMP": null, "REMARKS": "Already Tackled (2024-25)"}}, {"type": "Feature", "geometry": {"type": "Polygon", "coordinates": [[[72.82971053982463, 18.920112945308848], [72.82967480839578, 18.92010935379278], [72.82964024346785, 18.9200996121424], [72.82960789527867, 18.92008401635284], [72.82957874671162, 18.920063040294263], [72.82955368343113, 18.920037321313593], [72.82953346697232, 18.920007640869052], [72.82951871160205, 18.91997490078592], [72.82950986565479, 18.91994009585506], [72.82950719791015, 18.919904283606687], [72.82951078942622, 18.91986855217784], [72.8295205310766, 18.919833987249906], [72.82953612686616, 18.91980163906073], [72.82955710292474, 18.919772490493667], [72.8295828219054, 18.919747427213185], [72.82961250234995, 18.919727210754374], [72.82964524243307, 18.919712455384104], [72.82968004736394, 18.919703609436837], [72.8297158596123, 18.919700941692202], [72.82975159104116, 18.91970453320827], [72.82978615596909, 18.91971427485865], [72.82981850415827, 18.91972987064821], [72.82984765272532, 18.919750846706787], [72.82987271600581, 18.919776565687457], [72.82989293246462, 18.919806246131998], [72.82990768783489, 18.91983898621513], [72.82991653378215, 18.91987379114599], [72.82991920152679, 18.919909603394363], [72.82991561001072, 18.91994533482321], [72.82990586836034, 18.919979899751144], [72.82989027257078, 18.92001224794032], [72.8298692965122, 18.920041396507383], [72.82984357753153, 18.920066459787865], [72.82981389708699, 18.920086676246676], [72.82978115700386, 18.920101431616946], [72.829746352073, 18.920110277564213], [72.82971053982463, 18.920112945308848]]]}, "properties": {"FEATUREID": "FS01000000020", "NAME": "Colaba Market from Khandoba Mandir to Lala Nigam road (Tackled)", "TYPE": 2, "LOCATION": "Colaba Market from Khandoba Mandir to Lala Nigam road", "WARD": "A", "SUBTYPE": 2, "DEPTH": null, "HEIGHT_TO_MSL": null, "AFFECT_AREA": null, "AFFECT_POPULATION": null, "AFFECTED_HUT": null, "AFFECT_ROAD": null, "AFFECT_RAIL": null, "NO_DE_WATER_PUMP": null, "REMARKS": "Already Tackled (2024-25)"}}, {"type": "Feature", "geometry": {"type": "Polygon", "coordinates": [[[72.82438104166243, 18.97695767513723], [72.82436291286508, 18.97695585158599], [72.82434537614124, 18.976950907705973], [72.82432896433541, 18.976942993714463], [72.82431417611197, 18.97693235007409], [72.82430146080364, 18.97691930018648], [72.82429120475862, 18.97690424056587], [72.82428371960164, 18.976887628791204], [72.8242792327654, 18.976869969602852], [72.82427788058018, 18.976851799566315], [72.82427970413141, 18.97683367076896], [72.82428464801144, 18.976816134045126], [72.82429256200295, 18.976799722239285], [72.82430320564332, 18.976784934015853], [72.82431625553093, 18.976772218707524], [72.82433131515154, 18.976761962662497], [72.82434792692621, 18.976754477505516], [72.82436558611455, 18.976749990669287], [72.8243837561511, 18.97674863848406], [72.82440188494844, 18.976750462035298], [72.82441942167229, 18.976755405915316], [72.82443583347812, 18.976763319906826], [72.82445062170156, 18.9767739635472], [72.82446333700989, 18.97678701343481], [72.8244735930549, 18.97680207305542], [72.82448107821189, 18.976818684830086], [72.82448556504812, 18.976836344018437], [72.82448691723334, 18.976854514054974], [72.82448509368211, 18.976872642852328], [72.82448014980208, 18.976890179576163], [72.82447223581057, 18.976906591382004], [72.82446159217021, 18.976921379605436], [72.8244485422826, 18.976934094913766], [72.82443348266199, 18.976944350958792], [72.82441687088732, 18.976951836115774], [72.82439921169897, 18.976956322952002], [72.82438104166243, 18.97695767513723]]]}, "properties": {"FEATUREID": "FS05000000033", "NAME": "Prabha Sadan Bldg ", "TYPE": 1, "LOCATION": "Opp Argipada Police station, R B Chadorkar Marg, Byculla ", "WARD": "E", "SUBTYPE": 3, "DEPTH": null, "HEIGHT_TO_MSL": null, "AFFECT_AREA": null, "AFFECT_POPULATION": null, "AFFECTED_HUT": null, "AFFECT_ROAD": null, "AFFECT_RAIL": null, "NO_DE_WATER_PUMP": null, "REMARKS": "Monsoon 24 (2024-25)"}}, {"type": "Feature", "geometry": {"type": "Polygon", "coordinates": [[[72.82953925842688, 18.97517002528528], [72.82952597901443, 18.975168689957933], [72.82951313322326, 18.975165068971435], [72.82950111136621, 18.97515927234763], [72.82949027872137, 18.975151476214], [72.82948096443312, 18.975141917452117], [72.82947345151143, 18.97513088650013], [72.8294679682326, 18.975118718527927], [72.82946468120332, 18.975105783253188], [72.82946369029827, 18.975092473707694], [72.82946502562562, 18.975079194295244], [72.82946864661211, 18.97506634850407], [72.82947444323592, 18.975054326647033], [72.82948223936955, 18.97504349400218], [72.82949179813143, 18.97503417971394], [72.82950282908342, 18.97502666679225], [72.82951499705563, 18.97502118351343], [72.82952793233036, 18.975017896484136], [72.82954124187586, 18.97501690557909], [72.8295545212883, 18.975018240906437], [72.82956736707948, 18.975021861892934], [72.82957938893652, 18.97502765851674], [72.82959022158137, 18.97503545465037], [72.82959953586962, 18.975045013412252], [72.8296070487913, 18.97505604436424], [72.82961253207013, 18.975068212336442], [72.82961581909942, 18.97508114761118], [72.82961681000447, 18.975094457156676], [72.82961547467711, 18.975107736569125], [72.82961185369062, 18.9751205823603], [72.82960605706681, 18.975132604217336], [72.82959826093318, 18.97514343686219], [72.8295887021713, 18.97515275115043], [72.82957767121931, 18.97516026407212], [72.82956550324711, 18.97516574735094], [72.82955256797237, 18.975169034380233], [72.82953925842688, 18.97517002528528]]]}, "properties": {"FEATUREID": "FS05000000034", "NAME": "Tank Pakhadi Road (Tackled)", "TYPE": 2, "LOCATION": "Tank Pakhadi Road, Byculla", "WARD": "E", "SUBTYPE": 2, "DEPTH": null, "HEIGHT_TO_MSL": null, "AFFECT_AREA": null, "AFFECT_POPULATION": null, "AFFECTED_HUT": null, "AFFECT_ROAD": null, "AFFECT_RAIL": null, "NO_DE_WATER_PUMP": null, "REMARKS": "Already Tackled (2024-25)"}}, {"type": "Feature", "geometry": {"type": "Polygon", "coordinates": [[[72.82702590892738, 18.963975712929024], [72.82701704584791, 18.963974821630725], [72.82700847219085, 18.96397240481565], [72.82700044846246, 18.963968535917505], [72.82699321845963, 18.9639633324908], [72.82698700186236, 18.963956952639023], [72.82698198755881, 18.963949590210746], [72.82697832790603, 18.96394146890962], [72.82697613410076, 18.96393283549727], [72.82697547280064, 18.96392395229557], [72.82697636409894, 18.9639150892161], [72.82697878091402, 18.96390651555905], [72.82698264981217, 18.963898491830648], [72.82698785323886, 18.963891261827822], [72.82699423309064, 18.963885045230548], [72.82700159551892, 18.96388003092699], [72.82700971682004, 18.963876371274225], [72.8270183502324, 18.963874177468952], [72.8270272334341, 18.963873516168828], [72.82703609651357, 18.963874407467127], [72.82704467017062, 18.963876824282202], [72.82705269389902, 18.963880693180347], [72.82705992390184, 18.963885896607053], [72.82706614049911, 18.96389227645883], [72.82707115480267, 18.963899638887106], [72.82707481445544, 18.96390776018823], [72.82707700826072, 18.96391639360058], [72.82707766956084, 18.963925276802282], [72.82707677826254, 18.96393413988175], [72.82707436144746, 18.963942713538803], [72.82707049254931, 18.963950737267204], [72.82706528912261, 18.96395796727003], [72.82705890927083, 18.963964183867304], [72.82705154684255, 18.96396919817086], [72.82704342554143, 18.963972857823627], [72.82703479212908, 18.9639750516289], [72.82702590892738, 18.963975712929024]]]}, "properties": {"FEATUREID": "FS05000000035", "NAME": "5th Lane Kamathipura (Tackled)", "TYPE": 2, "LOCATION": "5th Lane Kamathipura", "WARD": "E", "SUBTYPE": 2, "DEPTH": null, "HEIGHT_TO_MSL": null, "AFFECT_AREA": null, "AFFECT_POPULATION": null, "AFFECTED_HUT": null, "AFFECT_ROAD": null, "AFFECT_RAIL": null, "NO_DE_WATER_PUMP": null, "REMARKS": "Already Tackled (2024-25)"}}, {"type": "Feature", "geometry": {"type": "Polygon", "coordinates": [[[72.82733697495843, 18.965017175329226], [72.82732437426648, 18.9650159081792], [72.82731218504566, 18.96501247219284], [72.82730077765926, 18.965006971770848], [72.82729049871494, 18.964999574040764], [72.82728166053323, 18.964990503778875], [72.8272745316578, 18.964980036580496], [72.82726932869595, 18.964968490486154], [72.82726620973702, 18.964956216318086], [72.82726526954899, 18.964943587020674], [72.82726653669901, 18.96493098632873], [72.82726997268537, 18.964918797107902], [72.82727547310736, 18.9649073897215], [72.82728287083745, 18.964897110777184], [72.82729194109935, 18.964888272595477], [72.82730240829771, 18.964881143720056], [72.82731395439205, 18.964875940758198], [72.82732622856012, 18.964872821799258], [72.82733885785754, 18.964871881611234], [72.82735145854949, 18.96487314876126], [72.82736364777031, 18.96487658474762], [72.82737505515671, 18.964882085169613], [72.82738533410102, 18.964889482899697], [72.82739417228274, 18.964898553161586], [72.82740130115816, 18.964909020359965], [72.82740650412002, 18.964920566454307], [72.82740962307895, 18.964932840622374], [72.82741056326698, 18.964945469919787], [72.82740929611695, 18.96495807061173], [72.8274058601306, 18.96497025983256], [72.8274003597086, 18.96498166721896], [72.82739296197852, 18.964991946163277], [72.82738389171662, 18.965000784344983], [72.82737342451826, 18.965007913220404], [72.82736187842391, 18.965013116182263], [72.82734960425584, 18.965016235141203], [72.82733697495843, 18.965017175329226]]]}, "properties": {"FEATUREID": "FS05000000036", "NAME": "Shankar Pupala Road Kamathipura (Tackled)", "TYPE": 2, "LOCATION": "Shankar Pupala Road Kamathipura", "WARD": "E", "SUBTYPE": 2, "DEPTH": null, "HEIGHT_TO_MSL": null, "AFFECT_AREA": null, "AFFECT_POPULATION": null, "AFFECTED_HUT": null, "AFFECT_ROAD": null, "AFFECT_RAIL": null, "NO_DE_WATER_PUMP": null, "REMARKS": "Already Tackled (2024-25)"}}, {"type": "Feature", "geometry": {"type": "Polygon", "coordinates": [[[72.83334120053489, 18.97610228535087], [72.83331831609011, 18.97609998468752], [72.83329617881748, 18.976093745134282], [72.8332754613468, 18.976083756276825], [72.83325679316795, 18.97607032162153], [72.8332407415041, 18.976053849373603], [72.83322779407692, 18.976034840033954], [72.83321834428743, 18.976013871191753], [72.83321267926273, 18.975991579974657], [72.8332109711317, 18.975968643690024], [72.83321327179505, 18.97594575924525], [72.83321951134829, 18.975923621972612], [72.83322950020575, 18.975902904501936], [72.83324293486103, 18.975884236323086], [72.83325940710897, 18.975868184659227], [72.83327841644862, 18.97585523723205], [72.83329938529081, 18.97584578744257], [72.83332167650791, 18.97584012241786], [72.83334461279254, 18.975838414286834], [72.83336749723732, 18.975840714950184], [72.83338963450996, 18.97584695450342], [72.83341035198063, 18.975856943360878], [72.83342902015949, 18.97587037801617], [72.83344507182333, 18.9758868502641], [72.83345801925051, 18.97590585960375], [72.83346746904, 18.97592682844595], [72.8334731340647, 18.975949119663046], [72.83347484219573, 18.97597205594768], [72.83347254153239, 18.975994940392454], [72.83346630197914, 18.97601707766509], [72.83345631312169, 18.976037795135767], [72.8334428784664, 18.976056463314617], [72.83342640621846, 18.976072514978476], [72.83340739687881, 18.976085462405653], [72.83338642803662, 18.976094912195133], [72.83336413681953, 18.976100577219842], [72.83334120053489, 18.97610228535087]]]}, "properties": {"FEATUREID": "FS05000000037", "NAME": "Palace Cinema (Tackled)", "TYPE": 2, "LOCATION": "Plot Nio. 202, NUB Marg, Doctor Baba Saheb Ambedkar Road, Byculla East,", "WARD": "E", "SUBTYPE": 2, "DEPTH": null, "HEIGHT_TO_MSL": null, "AFFECT_AREA": null, "AFFECT_POPULATION": null, "AFFECTED_HUT": null, "AFFECT_ROAD": null, "AFFECT_RAIL": null, "NO_DE_WATER_PUMP": null, "REMARKS": "Already Tackled (2024-25)"}}, {"type": "Feature", "geometry": {"type": "Polygon", "coordinates": [[[72.84311394694471, 19.000920708873313], [72.84309724139003, 19.000919030076517], [72.84308108115025, 19.00091447589529], [72.84306595724611, 19.000907184706122], [72.84305232920975, 19.000897378048105], [72.84304061112219, 19.000885353891583], [72.84303115903158, 19.000871477584464], [72.84302426013491, 19.000856170751323], [72.84302012405166, 19.000839898482536], [72.84301887645464, 19.000823155202756], [72.84302055525143, 19.000806449648067], [72.84302510943266, 19.000790289408297], [72.84303240062182, 19.000775165504148], [72.84304220727984, 19.000761537467802], [72.84305423143637, 19.000749819380243], [72.84306810774348, 19.00074036728963], [72.84308341457663, 19.00073346839296], [72.8430996868454, 19.00072933230971], [72.84311643012519, 19.00072808471268], [72.84313313567988, 19.000729763509476], [72.84314929591966, 19.000734317690704], [72.8431644198238, 19.00074160887987], [72.84317804786015, 19.000751415537888], [72.84318976594771, 19.00076343969441], [72.84319921803832, 19.00077731600153], [72.843206116935, 19.00079262283467], [72.84321025301824, 19.000808895103457], [72.84321150061527, 19.000825638383237], [72.84320982181848, 19.000842343937926], [72.84320526763725, 19.000858504177696], [72.84319797644808, 19.000873628081845], [72.84318816979007, 19.00088725611819], [72.84317614563354, 19.00089897420575], [72.84316226932643, 19.000908426296363], [72.84314696249328, 19.000915325193034], [72.8431306902245, 19.000919461276283], [72.84311394694471, 19.000920708873313]]]}, "properties": {"FEATUREID": "FS07000000030", "NAME": "Near Nurses Staff Quarters, S.S. Rao Road (Tackled)", "TYPE": 2, "LOCATION": "Near nurses staff quarters, S.S. Rao Road, Parel", "WARD": "F/S", "SUBTYPE": 2, "DEPTH": null, "HEIGHT_TO_MSL": null, "AFFECT_AREA": null, "AFFECT_POPULATION": null, "AFFECTED_HUT": null, "AFFECT_ROAD": null, "AFFECT_RAIL": null, "NO_DE_WATER_PUMP": null, "REMARKS": "Already Tackled (2024-25)"}}, {"type": "Feature", "geometry": {"type": "Polygon", "coordinates": [[[72.84488387118367, 18.988396740742825], [72.84487367392585, 18.98839571618964], [72.84486380949907, 18.988392936466482], [72.84485457762898, 18.988388486033834], [72.84484625882124, 18.988382500115836], [72.84483910583864, 18.98837516059158], [72.84483333602094, 18.988366690468798], [72.84482912468111, 18.988357347107883], [72.84482659977859, 18.988347414402124], [72.84482583803127, 18.988337194151768], [72.84482686258445, 18.988326996893946], [72.84482964230762, 18.988317132467174], [72.84483409274027, 18.98830790059707], [72.84484007865827, 18.988299581789338], [72.84484741818251, 18.98829242880674], [72.8448558883053, 18.988286658989033], [72.84486523166622, 18.98828244764921], [72.84487516437197, 18.988279922746692], [72.84488538462233, 18.988279160999372], [72.84489558188015, 18.988280185552558], [72.84490544630692, 18.988282965275715], [72.84491467817702, 18.988287415708363], [72.84492299698476, 18.98829340162636], [72.84493014996735, 18.988300741150617], [72.84493591978506, 18.9883092112734], [72.84494013112489, 18.988318554634315], [72.84494265602741, 18.988328487340073], [72.84494341777473, 18.98833870759043], [72.84494239322154, 18.98834890484825], [72.84493961349838, 18.988358769275024], [72.84493516306573, 18.988368001145126], [72.84492917714773, 18.98837631995286], [72.84492183762349, 18.988383472935457], [72.8449133675007, 18.988389242753165], [72.84490402413978, 18.98839345409299], [72.84489409143403, 18.988395978995506], [72.84488387118367, 18.988396740742825]]]}, "properties": {"FEATUREID": "FS07000000031", "NAME": "Zakeria Bunder road Vishwa vihar hotel (Tackled)", "TYPE": 2, "LOCATION": "Zakeria Bunder road Vishwa vihar hotel, Sewri ", "WARD": "F/S", "SUBTYPE": 2, "DEPTH": null, "HEIGHT_TO_MSL": null, "AFFECT_AREA": null, "AFFECT_POPULATION": null, "AFFECTED_HUT": null, "AFFECT_ROAD": null, "AFFECT_RAIL": null, "NO_DE_WATER_PUMP": null, "REMARKS": "Already Tackled (2024-25)"}}, {"type": "Feature", "geometry": {"type": "Polygon", "coordinates": [[[72.86316353789668, 19.01346829841541], [72.8630842955729, 19.0134637745391], [72.86300576315911, 19.01345226492066], [72.8629285552779, 19.013433859638454], [72.86285327618565, 19.01340870273878], [72.86278051504328, 19.01337699110848], [72.86271084130543, 19.013338972934058], [72.86264480026352, 19.013294945759277], [72.8625829087783, 19.013245254156477], [72.8625256512345, 19.013190287029822], [72.86247347575008, 19.013130474571604], [72.86242679066892, 19.0130662848954], [72.86238596136508, 19.01299822037247], [72.86235130738324, 19.012926813699984], [72.86232309993777, 19.012852623731973], [72.86230155979018, 19.012776231105523], [72.86228685552135, 19.01269823369652], [72.8622791022121, 19.012619241940435], [72.86227836054259, 19.012539874054866], [72.8622846363174, 19.012460751201125], [72.86229788042006, 19.01238249262282], [72.86231798919755, 19.01230571079944], [72.86234480527138, 19.01223100665285], [72.86237811876944, 19.01215896484429], [72.86241766896842, 19.012090149198585], [72.8624631463344, 19.01202509829147], [72.86251419494535, 19.011964321234494], [72.86257041527664, 19.011908293690528], [72.86263136732798, 19.01185745415107], [72.8626965740669, 19.011812200504448], [72.86276552516227, 19.011772886921804], [72.86283768097829, 19.011739821085225], [72.86291247679785, 19.011713261779715], [72.86298932724226, 19.011693416867846], [72.8630676308526, 19.011680441662968], [72.86314677479695, 19.011674437713644], [72.86322613966662, 19.011675452008923], [72.86330510432391, 19.011683476610568], [72.86338305076333, 19.01169844871519], [72.86345936894828, 19.01172025114577], [72.86353346158549, 19.01174871326873], [72.86360474879964, 19.011783612329364], [72.8636726726716, 19.011824675195207], [72.86373670160499, 19.01187158049366], [72.86379633448658, 19.011923961127163], [72.86385110460823, 19.01198140714624], [72.86390058331948, 19.012043468957906], [72.86394438338232, 19.012109660844335], [72.86398216200188, 19.01217946476427], [72.86401362350922, 19.012252334407393], [72.86403852167541, 19.01232769946995], [72.86405666163853, 19.012404970118137], [72.86406790142878, 19.012483541604368], [72.86407215307956, 19.012562799000232], [72.86406938331595, 19.012642122009144], [72.86405961381507, 19.01272088982101], [72.86404292103656, 19.012798485970908], [72.864019435624, 19.012874303163752], [72.8639893413826, 19.012947748027212], [72.86395287384062, 19.01301824575565], [72.863910318406, 19.01308524460876], [72.86386200813273, 19.013148220229674], [72.86380832111418, 19.013206679748773], [72.86374967752408, 19.013260165641057], [72.86368653632802, 19.0133082593069], [72.86361939169149, 19.013350584348164], [72.86354876911228, 19.013386809514007], [72.86347522130785, 19.013416651293394], [72.86339932388948, 19.01343987613394], [72.86332167085737, 19.01345630226978], [72.8632428699518, 19.013465801144125], [72.86316353789668, 19.01346829841541]]]}, "properties": {"FEATUREID": " FS0700000032", "NAME": "BPT Colony (Tackled)", "TYPE": 2, "LOCATION": "BPT Colony", "WARD": "F/S", "SUBTYPE": 2, "DEPTH": null, "HEIGHT_TO_MSL": null, "AFFECT_AREA": null, "AFFECT_POPULATION": null, "AFFECTED_HUT": null, "AFFECT_ROAD": null, "AFFECT_RAIL": null, "NO_DE_WATER_PUMP": null, "REMARKS": "Already Tackled (2024-25)"}}, {"type": "Feature", "geometry": {"type": "Polygon", "coordinates": [[[72.85886614692272, 19.01728453976952], [72.85882096453734, 19.017280488192633], [72.85877693014069, 19.017269587039724], [72.85873507586169, 19.017252091824574], [72.85869638272918, 19.017228412620202], [72.85866175767737, 19.01719910444709], [72.85863201228815, 19.01716485426397], [72.85860784376823, 19.01712646486611], [72.85858981860721, 19.017084836068456], [72.85857835929961, 19.01704094361474], [72.85857373444188, 19.01699581630688], [72.85857605243677, 19.016950511890723], [72.85858525895244, 19.016906092263387], [72.85860113819597, 19.016863598583285], [72.85862331797134, 19.01682402686626], [72.85865127840341, 19.016788304639828], [72.85868436412339, 19.016757269202692], [72.85872179962999, 19.0167316479992], [72.85876270746671, 19.016712041568645], [72.8588061287885, 19.016698909469138], [72.85885104583639, 19.016692559505962], [72.85889640579285, 19.016693140516875], [72.85894114545894, 19.016700638883474], [72.85898421617482, 19.016714878850397], [72.8590246083994, 19.01673552664489], [72.85906137537316, 19.016762098300152], [72.85909365530942, 19.016793970999103], [72.85912069159383, 19.016830397672695], [72.8591418505188, 19.016870524510573], [72.85915663613704, 19.016913410973668], [72.85916470188621, 19.01695805183963], [72.85916585871199, 19.0170034007644], [72.85916007949936, 19.017048394807617], [72.85914749970814, 19.01709197934704], [72.85912841419803, 19.01713313279801], [72.85910327031715, 19.017170890558514], [72.85907265741679, 19.017204367618646], [72.85903729303737, 19.017232779304496], [72.85899800609, 19.017255459670224], [72.8589557174274, 19.01727187710728], [72.85891141826, 19.017281646804857], [72.85886614692272, 19.01728453976952]]]}, "properties": {"FEATUREID": "FS06000000056", "NAME": "Wadala railway station", "TYPE": 1, "LOCATION": "Wadala railway station ", "WARD": "F/N", "SUBTYPE": 3, "DEPTH": null, "HEIGHT_TO_MSL": null, "AFFECT_AREA": null, "AFFECT_POPULATION": null, "AFFECTED_HUT": null, "AFFECT_ROAD": null, "AFFECT_RAIL": null, "NO_DE_WATER_PUMP": null, "REMARKS": "Monsoon 24 (2024-25)"}}, {"type": "Feature", "geometry": {"type": "Polygon", "coordinates": [[[72.83593482206972, 19.02090119749555], [72.83591808208726, 19.020899514264823], [72.8359018887127, 19.020894949738704], [72.83588673397352, 19.02088764260801], [72.83587307833882, 19.020877814896206], [72.83586133672814, 19.02086576521335], [72.83585186590437, 19.020851859682953], [72.83584495363372, 19.02083652081752], [72.83584080994201, 19.020820214680718], [72.83583956073323, 19.02080343672626], [72.83584124396397, 19.020786696743805], [72.83584580849009, 19.020770503369242], [72.83585311562078, 19.02075534863007], [72.83586294333259, 19.020741692995365], [72.83587499301544, 19.020729951384684], [72.83588889854583, 19.020720480560918], [72.83590423741127, 19.02071356829026], [72.83592054354807, 19.020709424598557], [72.83593732150253, 19.02070817538978], [72.83595406148498, 19.02070985862051], [72.83597025485955, 19.02071442314663], [72.83598540959872, 19.020721730277323], [72.83599906523342, 19.020731557989127], [72.8360108068441, 19.02074360767198], [72.83602027766787, 19.02075751320238], [72.83602718993852, 19.02077285206781], [72.83603133363023, 19.020789158204614], [72.83603258283901, 19.02080593615907], [72.83603089960828, 19.020822676141528], [72.83602633508215, 19.02083886951609], [72.83601902795147, 19.020854024255264], [72.83600920023966, 19.020867679889967], [72.8359971505568, 19.02087942150065], [72.83598324502641, 19.020888892324415], [72.83596790616097, 19.02089580459507], [72.83595160002417, 19.020899948286775], [72.83593482206972, 19.02090119749555]]]}, "properties": {"FEATUREID": "FS08000000038", "NAME": "Vijay Manjrekar Road (Tackled)", "TYPE": 2, "LOCATION": "Vijay Manjrekar Road, Dharavi (W)", "WARD": "G/N", "SUBTYPE": 2, "DEPTH": null, "HEIGHT_TO_MSL": null, "AFFECT_AREA": null, "AFFECT_POPULATION": null, "AFFECTED_HUT": null, "AFFECT_ROAD": null, "AFFECT_RAIL": null, "NO_DE_WATER_PUMP": null, "REMARKS": "Already Tackled (2024-25)"}}, {"type": "Feature", "geometry": {"type": "Polygon", "coordinates": [[[72.84614817984254, 19.04458238433636], [72.84612143951897, 19.044579696741195], [72.846095572137, 19.044572406568182], [72.84607136366395, 19.04456073532554], [72.84604954966201, 19.04454503763807], [72.8460307929386, 19.044525790472058], [72.84601566340727, 19.04450357864291], [72.84600462077118, 19.04447907704581], [72.84599800055523, 19.04445303014939], [72.84599600391132, 19.044426229375418], [72.84599869150648, 19.044399489051848], [72.8460059816795, 19.04437362166988], [72.84601765292213, 19.044349413196827], [72.8460333506096, 19.04432759919489], [72.84605259777561, 19.044308842471484], [72.84607480960477, 19.044293712940153], [72.84609931120187, 19.044282670304053], [72.84612535809829, 19.044276050088097], [72.84615215887226, 19.04427405344419], [72.84617889919583, 19.044276741039354], [72.8462047665778, 19.044284031212367], [72.84622897505085, 19.04429570245501], [72.84625078905279, 19.04431140014248], [72.8462695457762, 19.04433064730849], [72.84628467530753, 19.04435285913764], [72.84629571794362, 19.04437736073474], [72.84630233815957, 19.044403407631158], [72.84630433480348, 19.04443020840513], [72.84630164720832, 19.0444569487287], [72.8462943570353, 19.04448281611067], [72.84628268579267, 19.044507024583723], [72.8462669881052, 19.04452883858566], [72.84624774093919, 19.044547595309066], [72.84622552911003, 19.044562724840397], [72.84620102751293, 19.044573767476496], [72.84617498061651, 19.044580387692452], [72.84614817984254, 19.04458238433636]]]}, "properties": {"FEATUREID": "FS08000000039", "NAME": "Sanaullah Compound (Tackled)", "TYPE": 2, "LOCATION": "Sanaullah Compound, Dharavi", "WARD": "G/N", "SUBTYPE": 2, "DEPTH": null, "HEIGHT_TO_MSL": null, "AFFECT_AREA": null, "AFFECT_POPULATION": null, "AFFECTED_HUT": null, "AFFECT_ROAD": null, "AFFECT_RAIL": null, "NO_DE_WATER_PUMP": null, "REMARKS": "Already Tackled (2024-25)"}}, {"type": "Feature", "geometry": {"type": "Polygon", "coordinates": [[[72.85255949902694, 19.044526229991302], [72.85255183360675, 19.044525459858992], [72.85254441837361, 19.044523370340478], [72.8525374786356, 19.04452002492472], [72.85253122525314, 19.044515525260483], [72.8525258482321, 19.044510008067792], [72.85252151095057, 19.044503640983752], [72.85251834519462, 19.04449661746899], [72.85251644715417, 19.044489150929447], [72.85251587450018, 19.044481468232153], [72.8525166446325, 19.04447380281197], [72.85251873415102, 19.044466387578822], [72.85252207956677, 19.044459447840804], [72.85252657923101, 19.044453194458352], [72.8525320964237, 19.044447817437327], [72.85253846350774, 19.04444348015579], [72.8525454870225, 19.044440314399843], [72.85255295356204, 19.04443841635938], [72.85256063625934, 19.044437843705406], [72.85256830167953, 19.044438613837716], [72.85257571691267, 19.04444070335623], [72.85258265665068, 19.04444404877199], [72.85258891003313, 19.044448548436225], [72.85259428705417, 19.044454065628916], [72.85259862433571, 19.044460432712956], [72.85260179009165, 19.044467456227718], [72.8526036881321, 19.04447492276726], [72.8526042607861, 19.044482605464555], [72.85260349065378, 19.044490270884737], [72.85260140113526, 19.044497686117886], [72.85259805571951, 19.044504625855904], [72.85259355605527, 19.044510879238356], [72.85258803886258, 19.04451625625938], [72.85258167177854, 19.04452059354092], [72.85257464826378, 19.044523759296865], [72.85256718172424, 19.044525657337328], [72.85255949902694, 19.044526229991302]]]}, "properties": {"FEATUREID": "FS08000000040", "NAME": "Chamda Bazar (Tackled)", "TYPE": 2, "LOCATION": "Chamda Bazar, Dharavi", "WARD": "G/N", "SUBTYPE": 2, "DEPTH": null, "HEIGHT_TO_MSL": null, "AFFECT_AREA": null, "AFFECT_POPULATION": null, "AFFECTED_HUT": null, "AFFECT_ROAD": null, "AFFECT_RAIL": null, "NO_DE_WATER_PUMP": null, "REMARKS": "Already Tackled (2024-25)"}}, {"type": "Feature", "geometry": {"type": "Polygon", "coordinates": [[[72.85440832555045, 19.01183260784331], [72.85438426716149, 19.011830191584856], [72.8543609938524, 19.0118236343394], [72.85433921277088, 19.011813135345523], [72.8543195857241, 19.011799013609842], [72.85430270906993, 19.01178169821415], [72.85428909559695, 19.01176171527798], [72.85427915894367, 19.011739671972745], [72.85427320103027, 19.01171623807311], [72.85427140288493, 19.01169212560626], [72.85427381914337, 19.0116680672173], [72.85428037638883, 19.011644793908207], [72.85429087538272, 19.011623012826693], [72.85430499711839, 19.011603385779907], [72.85432231251409, 19.01158650912573], [72.85434229545025, 19.01157289565276], [72.85436433875549, 19.01156295899948], [72.85438777265513, 19.01155700108608], [72.85441188512198, 19.011555202940734], [72.85443594351094, 19.011557619199188], [72.85445921682003, 19.011564176444644], [72.85448099790155, 19.01157467543852], [72.85450062494833, 19.011588797174202], [72.8545175016025, 19.011606112569893], [72.85453111507547, 19.011626095506063], [72.85454105172876, 19.0116481388113], [72.85454700964216, 19.011671572710934], [72.8545488077875, 19.011695685177784], [72.85454639152906, 19.011719743566744], [72.8545398342836, 19.011743016875837], [72.85452933528971, 19.01176479795735], [72.85451521355404, 19.011784425004137], [72.85449789815834, 19.011801301658313], [72.85447791522218, 19.011814915131286], [72.85445587191694, 19.011824851784564], [72.8544324380173, 19.011830809697965], [72.85440832555045, 19.01183260784331]]]}, "properties": {"FEATUREID": "FS06000000057", "NAME": "Shakkar panchyayat R.A.Kidwai", "TYPE": 1, "LOCATION": "Shakkar panchyayat R.A.Kidwai, Mumbai", "WARD": "F/N", "SUBTYPE": 3, "DEPTH": null, "HEIGHT_TO_MSL": null, "AFFECT_AREA": null, "AFFECT_POPULATION": null, "AFFECTED_HUT": null, "AFFECT_ROAD": null, "AFFECT_RAIL": null, "NO_DE_WATER_PUMP": null, "REMARKS": "Monsoon 24 (2024-25)"}}, {"type": "Feature", "geometry": {"type": "Polygon", "coordinates": [[[72.8436881031355, 19.017826837984682], [72.84365006009446, 19.017823014571487], [72.84361325894143, 19.01781264313978], [72.84357881786082, 19.017796038820265], [72.84354778332744, 19.017773706126786], [72.84352109830988, 19.017746323626938], [72.8434995736189, 19.017714723324122], [72.84348386327133, 19.017679865377545], [72.84347444461815, 19.017642808928276], [72.84347160384036, 19.017604679917778], [72.84347542725355, 19.017566636876737], [72.84348579868526, 19.017529835723703], [72.84350240300478, 19.017495394643095], [72.84352473569825, 19.017464360109713], [72.8435521181981, 19.017437675092154], [72.84358371850092, 19.017416150401168], [72.8436185764475, 19.017400440053603], [72.84365563289676, 19.01739102140042], [72.84369376190726, 19.01738818062263], [72.8437318049483, 19.017392004035823], [72.84376860610134, 19.01740237546753], [72.84380304718195, 19.017418979787045], [72.84383408171533, 19.017441312480525], [72.84386076673289, 19.017468694980373], [72.84388229142387, 19.017500295283188], [72.84389800177144, 19.017535153229765], [72.84390742042461, 19.017572209679035], [72.84391026120241, 19.017610338689533], [72.84390643778922, 19.017648381730574], [72.8438960663575, 19.017685182883607], [72.84387946203799, 19.017719623964215], [72.84385712934451, 19.017750658497597], [72.84382974684466, 19.017777343515156], [72.84379814654184, 19.017798868206143], [72.84376328859527, 19.017814578553708], [72.84372623214601, 19.01782399720689], [72.8436881031355, 19.017826837984682]]]}, "properties": {"FEATUREID": "FS06000000058", "NAME": "Dadar Railway Station", "TYPE": 1, "LOCATION": "Dadar Railway Station", "WARD": "F/N", "SUBTYPE": 3, "DEPTH": null, "HEIGHT_TO_MSL": null, "AFFECT_AREA": null, "AFFECT_POPULATION": null, "AFFECTED_HUT": null, "AFFECT_ROAD": null, "AFFECT_RAIL": null, "NO_DE_WATER_PUMP": null, "REMARKS": "Already Tackled (2024-25)"}}, {"type": "Feature", "geometry": {"type": "Polygon", "coordinates": [[[72.86205803890267, 19.01881129724252], [72.86203150810492, 19.018808633763854], [72.86200584287782, 19.01880140372473], [72.86198182304632, 19.01878982680623], [72.86196017844082, 19.018774254767166], [72.86194156672173, 19.018755160756065], [72.86192655339669, 19.018733124934794], [72.861915594638, 19.018708816850626], [72.861909023422, 19.018682975092403], [72.86190703941176, 19.01865638484887], [72.86190970289043, 19.018629854051124], [72.86191693292956, 19.018604188824025], [72.86192850984806, 19.018580168992514], [72.86194408188712, 19.018558524387014], [72.86196317589823, 19.018539912667915], [72.8619852117195, 19.018524899342882], [72.86200951980366, 19.0185139405842], [72.86203536156188, 19.0185073693682], [72.86206195180542, 19.01850538535796], [72.86208848260317, 19.01850804883663], [72.86211414783027, 19.018515278875753], [72.86213816766177, 19.018526855794253], [72.86215981226727, 19.018542427833317], [72.86217842398636, 19.01856152184442], [72.8621934373114, 19.01858355766569], [72.86220439607008, 19.018607865749857], [72.86221096728609, 19.01863370750808], [72.86221295129633, 19.018660297751612], [72.86221028781766, 19.01868682854936], [72.86220305777853, 19.01871249377646], [72.86219148086003, 19.01873651360797], [72.86217590882097, 19.01875815821347], [72.86215681480986, 19.01877676993257], [72.86213477898859, 19.0187917832576], [72.86211047090443, 19.018802742016284], [72.86208462914621, 19.018809313232282], [72.86205803890267, 19.01881129724252]]]}, "properties": {"FEATUREID": "FS06000000059", "NAME": "Barkat Ali naka  (Tackled)", "TYPE": 2, "LOCATION": "Barkat Ali naka, S M Road, Wadala ", "WARD": "F/N", "SUBTYPE": 2, "DEPTH": null, "HEIGHT_TO_MSL": null, "AFFECT_AREA": null, "AFFECT_POPULATION": null, "AFFECTED_HUT": null, "AFFECT_ROAD": null, "AFFECT_RAIL": null, "NO_DE_WATER_PUMP": null, "REMARKS": "Already Tackled (2024-25)"}}, {"type": "Feature", "geometry": {"type": "Polygon", "coordinates": [[[72.84619335250402, 19.061960805629727], [72.84618944199502, 19.061960412546075], [72.84618565915372, 19.06195934638149], [72.84618211891981, 19.061957639530835], [72.8461789288615, 19.061955343855914], [72.84617618590713, 19.06195252910964], [72.84617397339996, 19.06194928081666], [72.84617235856588, 19.06194569767471], [72.84617139047084, 19.061941888555744], [72.84617109852992, 19.061937969197913], [72.84617149161357, 19.061934058688927], [72.84617255777816, 19.061930275847615], [72.84617426462881, 19.061926735613703], [72.84617656030373, 19.061923545555405], [72.84617937505, 19.061920802601026], [72.84618262334298, 19.06191859009385], [72.84618620648493, 19.061916975259784], [72.84619001560391, 19.061916007164747], [72.84619393496173, 19.061915715223815], [72.84619784547073, 19.061916108307468], [72.84620162831203, 19.061917174472054], [72.84620516854594, 19.061918881322708], [72.84620835860424, 19.06192117699763], [72.84621110155862, 19.061923991743903], [72.84621331406579, 19.061927240036884], [72.84621492889987, 19.061930823178834], [72.8462158969949, 19.0619346322978], [72.84621618893583, 19.06193855165563], [72.84621579585217, 19.061942462164616], [72.84621472968759, 19.061946245005927], [72.84621302283693, 19.06194978523984], [72.84621072716202, 19.061952975298137], [72.84620791241575, 19.061955718252516], [72.84620466412277, 19.061957930759693], [72.84620108098082, 19.06195954559376], [72.84619727186184, 19.061960513688796], [72.84619335250402, 19.061960805629727]]]}, "properties": {"FEATUREID": "FS21000000050", "NAME": "Kherwadi junction ", "TYPE": 1, "LOCATION": "Western Express Hwy, Sadguru Colony, Bandra East", "WARD": "H/E", "SUBTYPE": 99, "DEPTH": null, "HEIGHT_TO_MSL": null, "AFFECT_AREA": null, "AFFECT_POPULATION": null, "AFFECTED_HUT": null, "AFFECT_ROAD": null, "AFFECT_RAIL": null, "NO_DE_WATER_PUMP": null, "REMARKS": "Already Tackled (2024-25)"}}, {"type": "Feature", "geometry": {"type": "Polygon", "coordinates": [[[72.82719808468559, 19.04837249746412], [72.82719433758608, 19.04837212041274], [72.8271907128877, 19.048371098412616], [72.8271873207251, 19.048369462516707], [72.82718426416743, 19.048367262430876], [72.82718163608662, 19.048364565003624], [72.82717951633559, 19.048361452194907], [72.82717796932191, 19.048358018585848], [72.82717704205079, 19.048354368504917], [72.82717676269691, 19.048350612857977], [72.82717713974829, 19.04834686575846], [72.8271781617484, 19.048343241060092], [72.82717979764432, 19.048339848897495], [72.82718199773015, 19.04833679233981], [72.8271846951574, 19.048334164259003], [72.82718780796613, 19.048332044507976], [72.82719124157518, 19.04833049749429], [72.8271948916561, 19.048329570223174], [72.82719864730305, 19.048329290869294], [72.82720239440256, 19.048329667920672], [72.82720601910094, 19.048330689920796], [72.82720941126354, 19.048332325816705], [72.82721246782121, 19.048334525902536], [72.82721509590202, 19.04833722332979], [72.82721721565305, 19.048340336138505], [72.82721876266673, 19.048343769747564], [72.82721968993785, 19.048347419828495], [72.82721996929173, 19.048351175475435], [72.82721959224035, 19.04835492257495], [72.82721857024023, 19.04835854727332], [72.82721693434432, 19.048361939435917], [72.82721473425849, 19.0483649959936], [72.82721203683124, 19.04836762407441], [72.82720892402251, 19.048369743825436], [72.82720549041346, 19.04837129083912], [72.82720184033253, 19.048372218110238], [72.82719808468559, 19.04837249746412]]]}, "properties": {"FEATUREID": "FS10000000055", "NAME": "K C Marg, from lilavati to bus depot, Bandra(W)", "TYPE": 2, "LOCATION": "K C Marg, from lilavati to bus depot, Bandra(W)", "WARD": "H/W", "SUBTYPE": 2, "DEPTH": null, "HEIGHT_TO_MSL": null, "AFFECT_AREA": null, "AFFECT_POPULATION": null, "AFFECTED_HUT": null, "AFFECT_ROAD": null, "AFFECT_RAIL": null, "NO_DE_WATER_PUMP": null, "REMARKS": "Monsoon 24 (2024-25)"}}, {"type": "Feature", "geometry": {"type": "Polygon", "coordinates": [[[72.83807274010545, 19.082735837104124], [72.83806896114801, 19.08273545699974], [72.83806530560587, 19.08273442646092], [72.8380618845508, 19.08273277680007], [72.83805880192985, 19.0827305581413], [72.8380561514069, 19.08272783789743], [72.83805401351674, 19.082724698721695], [72.83805245321807, 19.082721235996363], [72.8380515179198, 19.08271755493459], [72.83805123604046, 19.082713767383574], [72.83805161614485, 19.08270998842614], [72.83805264668366, 19.08270633288399], [72.83805429634452, 19.082702911828928], [72.83805651500329, 19.082699829207982], [72.83805923524716, 19.082697178685027], [72.83806237442289, 19.08269504079486], [72.83806583714822, 19.082693480496197], [72.83806951821, 19.08269254519792], [72.83807330576101, 19.08269226331859], [72.83807708471845, 19.082692643422977], [72.8380807402606, 19.082693673961796], [72.83808416131566, 19.082695323622644], [72.83808724393661, 19.082697542281416], [72.83808989445956, 19.082700262525286], [72.83809203234972, 19.08270340170102], [72.83809359264839, 19.082706864426353], [72.83809452794667, 19.082710545488126], [72.838094809826, 19.082714333039142], [72.83809442972161, 19.082718111996577], [72.8380933991828, 19.082721767538725], [72.83809174952194, 19.082725188593788], [72.83808953086317, 19.082728271214734], [72.8380868106193, 19.08273092173769], [72.83808367144357, 19.082733059627856], [72.83808020871824, 19.08273461992652], [72.83807652765645, 19.082735555224797], [72.83807274010545, 19.082735837104124]]]}, "properties": {"FEATUREID": "FS10000000056", "NAME": "Tilak Rd Jn", "TYPE": 1, "LOCATION": "Railway Colony, Santacruz West", "WARD": "H/W", "SUBTYPE": 99, "DEPTH": null, "HEIGHT_TO_MSL": null, "AFFECT_AREA": null, "AFFECT_POPULATION": null, "AFFECTED_HUT": null, "AFFECT_ROAD": null, "AFFECT_RAIL": null, "NO_DE_WATER_PUMP": null, "REMARKS": "Already Tackled (2024-25)"}}, {"type": "Feature", "geometry": {"type": "Polygon", "coordinates": [[[72.83656255104472, 19.079778478124602], [72.83655521835088, 19.0797777405185], [72.83654812514108, 19.079775740809367], [72.83654148693893, 19.079772539757357], [72.83653550544284, 19.079768234624815], [72.83653036239753, 19.07976295622101], [72.83652621407184, 19.079756864927575], [72.83652318651053, 19.079750145825376], [72.83652137170455, 19.079743003070934], [72.83652082479583, 19.07973565369323], [72.83652156240193, 19.079728320999386], [72.83652356211107, 19.079721227789594], [72.83652676316308, 19.079714589587443], [72.83653106829561, 19.079708608091345], [72.83653634669942, 19.079703465046038], [72.83654243799286, 19.079699316720344], [72.83654915709506, 19.079696289159042], [72.83655629984949, 19.079694474353055], [72.8365636492272, 19.07969392744434], [72.83657098192104, 19.07969466505044], [72.83657807513084, 19.079696664759574], [72.836584713333, 19.079699865811584], [72.83659069482908, 19.079704170944126], [72.8365958378744, 19.07970944934793], [72.83659998620008, 19.079715540641367], [72.83660301376139, 19.079722259743566], [72.83660482856737, 19.079729402498007], [72.8366053754761, 19.07973675187571], [72.83660463787, 19.079744084569555], [72.83660263816085, 19.079751177779347], [72.83659943710884, 19.0797578159815], [72.83659513197631, 19.079763797477597], [72.8365898535725, 19.079768940522904], [72.83658376227906, 19.079773088848597], [72.83657704317686, 19.0797761164099], [72.83656990042243, 19.079777931215887], [72.83656255104472, 19.079778478124602]]]}, "properties": {"FEATUREID": "FS10000000057", "NAME": "Jain Derasar Rd", "TYPE": 1, "LOCATION": " Santacruz West, Mumbai,", "WARD": "H/W", "SUBTYPE": 3, "DEPTH": null, "HEIGHT_TO_MSL": null, "AFFECT_AREA": null, "AFFECT_POPULATION": null, "AFFECTED_HUT": null, "AFFECT_ROAD": null, "AFFECT_RAIL": null, "NO_DE_WATER_PUMP": null, "REMARKS": "Already Tackled (2024-25)"}}, {"type": "Feature", "geometry": {"type": "Polygon", "coordinates": [[[72.83799665170369, 19.052793849761006], [72.83799442096402, 19.05279362543175], [72.83799226306866, 19.052793017146676], [72.83799024358417, 19.052792043388227], [72.83798842387158, 19.052790733743556], [72.83798685922191, 19.052789128005553], [72.83798559717629, 19.05278727496376], [72.83798467608128, 19.052785230921906], [72.83798412392393, 19.05278305798717], [72.83798395748124, 19.05278082218308], [72.8379841818105, 19.05277859144341], [72.83798479009556, 19.052776433548054], [72.83798576385402, 19.05277441406357], [72.83798707349868, 19.052772594350973], [72.83798867923669, 19.05277102970131], [72.83799053227848, 19.052769767655672], [72.83799257632035, 19.05276884656067], [72.83799474925507, 19.052768294403315], [72.83799698505916, 19.05276812796063], [72.83799921579883, 19.052768352289885], [72.8380013736942, 19.05276896057496], [72.83800339317868, 19.05276993433341], [72.83800521289128, 19.05277124397808], [72.83800677754094, 19.05277284971608], [72.83800803958657, 19.052774702757876], [72.83800896068158, 19.05277674679973], [72.83800951283892, 19.052778919734465], [72.83800967928161, 19.052781155538554], [72.83800945495236, 19.052783386278225], [72.8380088466673, 19.05278554417358], [72.83800787290883, 19.052787563658065], [72.83800656326417, 19.052789383370662], [72.83800495752617, 19.052790948020323], [72.83800310448437, 19.052792210065963], [72.83800106044251, 19.052793131160964], [72.83799888750778, 19.05279368331832], [72.83799665170369, 19.052793849761006]]]}, "properties": {"FEATUREID": "FS10000000058", "NAME": "Opp Saiba Hotel", "TYPE": 1, "LOCATION": "Shop No 1 & 2, Zarina CHS, Swami Vivekananda Rd, Bandra West, Mumbai, Maharashtra 400050", "WARD": "H/W", "SUBTYPE": 99, "DEPTH": null, "HEIGHT_TO_MSL": null, "AFFECT_AREA": null, "AFFECT_POPULATION": null, "AFFECTED_HUT": null, "AFFECT_ROAD": null, "AFFECT_RAIL": null, "NO_DE_WATER_PUMP": null, "REMARKS": "Already Tackled (2024-25)"}}, {"type": "Feature", "geometry": {"type": "Polygon", "coordinates": [[[72.86545073676292, 19.139129036282146], [72.8654497693166, 19.139128939092892], [72.8654488334447, 19.139128675384875], [72.86544795758321, 19.13912825317072], [72.86544716834476, 19.1391276852792], [72.86544648970992, 19.139126988965405], [72.8654459422987, 19.13912618538648], [72.86544554274391, 19.139125298958767], [72.86544530318581, 19.139124356615916], [72.86544523090325, 19.139123386990544], [72.86544532809249, 19.139122419544226], [72.86544559180051, 19.139121483672326], [72.86544601401467, 19.13912060781084], [72.86544658190618, 19.139119818572375], [72.86544727821997, 19.139119139937545], [72.8654480817989, 19.139118592526327], [72.86544896822662, 19.139118192971527], [72.86544991056947, 19.13911795341342], [72.86545088019484, 19.13911788113086], [72.86545184764117, 19.139117978320115], [72.86545278351306, 19.139118242028132], [72.86545365937455, 19.139118664242286], [72.86545444861301, 19.139119232133808], [72.86545512724784, 19.139119928447602], [72.86545567465906, 19.139120732026527], [72.86545607421385, 19.13912161845424], [72.86545631377196, 19.13912256079709], [72.86545638605452, 19.139123530422463], [72.86545628886527, 19.13912449786878], [72.86545602515726, 19.13912543374068], [72.8654556029431, 19.13912630960217], [72.86545503505158, 19.139127098840632], [72.86545433873779, 19.139127777475462], [72.86545353515886, 19.13912832488668], [72.86545264873115, 19.13912872444148], [72.8654517063883, 19.139128963999585], [72.86545073676292, 19.139129036282146]]]}, "properties": {"FEATUREID": "FS11000000047", "NAME": "Majjas Depot JVLR", "TYPE": 1, "LOCATION": "Shyam Nagar, Jogeshwari East, Mumbai, Maharashtra 400093", "WARD": "K/E", "SUBTYPE": 3, "DEPTH": null, "HEIGHT_TO_MSL": null, "AFFECT_AREA": null, "AFFECT_POPULATION": null, "AFFECTED_HUT": null, "AFFECT_ROAD": null, "AFFECT_RAIL": null, "NO_DE_WATER_PUMP": null, "REMARKS": null}}, {"type": "Feature", "geometry": {"type": "Polygon", "coordinates": [[[72.83720526941462, 19.111602387201927], [72.83718952306432, 19.111600802944086], [72.83717429103996, 19.111596508429646], [72.83716003615886, 19.111589634145258], [72.83714719154841, 19.11158038896257], [72.83713614748557, 19.111569053791783], [72.83712723953862, 19.111555973046322], [72.837120738371, 19.111541544178024], [72.83711684151741, 19.111526205600747], [72.8371156673818, 19.111510423369403], [72.83711725163963, 19.111494677019103], [72.83712154615407, 19.111479444994732], [72.83712842043846, 19.11146519011364], [72.83713766562114, 19.111452345503185], [72.83714900079194, 19.111441301440347], [72.83716208153739, 19.11143239349339], [72.8371765104057, 19.11142589232578], [72.83719184898297, 19.111421995472195], [72.83720763121431, 19.111420821336566], [72.83722337756461, 19.111422405594407], [72.83723860958898, 19.111426700108847], [72.83725286447007, 19.111433574393235], [72.83726570908053, 19.111442819575924], [72.83727675314337, 19.11145415474671], [72.83728566109032, 19.11146723549217], [72.83729216225794, 19.11148166436047], [72.83729605911152, 19.111497002937746], [72.83729723324714, 19.11151278516909], [72.83729564898931, 19.11152853151939], [72.83729135447487, 19.11154376354376], [72.83728448019048, 19.11155801842485], [72.8372752350078, 19.111570863035308], [72.837263899837, 19.111581907098145], [72.83725081909155, 19.1115908150451], [72.83723639022324, 19.111597316212713], [72.83722105164597, 19.111601213066297], [72.83720526941462, 19.111602387201927]]]}, "properties": {"FEATUREID": "FS20000000055", "NAME": "Irla Masjid & Juhu Junction", "TYPE": 1, "LOCATION": "Irla Masjid & Juhu Junction", "WARD": "K/W", "SUBTYPE": 99, "DEPTH": null, "HEIGHT_TO_MSL": null, "AFFECT_AREA": null, "AFFECT_POPULATION": null, "AFFECTED_HUT": null, "AFFECT_ROAD": null, "AFFECT_RAIL": null, "NO_DE_WATER_PUMP": null, "REMARKS": null}}, {"type": "Feature", "geometry": {"type": "Polygon", "coordinates": [[[72.8378438544114, 19.12941810247496], [72.837832999744, 19.12941701027332], [72.8378224996422, 19.129414049771455], [72.8378126731463, 19.12940931092273], [72.8378038188294, 19.129402937714655], [72.83779620572544, 19.129395123793937], [72.83779006515472, 19.129386106582608], [72.83778558369539, 19.129376160064062], [72.83778289751432, 19.129365586458235], [72.83778208822974, 19.129354707038793], [72.83778318043139, 19.129343852371388], [72.83778614093325, 19.129333352269594], [72.83779087978198, 19.129323525773696], [72.83779725299006, 19.129314671456793], [72.83780506691078, 19.12930705835283], [72.8378140841221, 19.129300917782114], [72.83782403064065, 19.129296436322782], [72.83783460424647, 19.129293750141706], [72.83784548366592, 19.129292940857137], [72.83785633833332, 19.12929403305878], [72.83786683843512, 19.129296993560644], [72.83787666493102, 19.12930173240937], [72.83788551924792, 19.129308105617444], [72.83789313235188, 19.12931591953816], [72.8378992729226, 19.12932493674949], [72.83790375438193, 19.129334883268037], [72.837906440563, 19.129345456873864], [72.83790724984758, 19.129356336293306], [72.83790615764593, 19.12936719096071], [72.83790319714407, 19.129377691062505], [72.83789845829534, 19.129387517558403], [72.83789208508726, 19.129396371875306], [72.83788427116654, 19.12940398497927], [72.83787525395522, 19.129410125549985], [72.83786530743667, 19.129414607009316], [72.83785473383085, 19.129417293190393], [72.8378438544114, 19.12941810247496]]]}, "properties": {"FEATUREID": "FS20000000059", "NAME": "Noble Medical near Veera Desai Road", "TYPE": 1, "LOCATION": "A-57, Veera Desai Rd, Dattaguru Nagar, Ambivali, Jogeshwari West, Mumbai, Maharashtra 400053", "WARD": "K/W", "SUBTYPE": 3, "DEPTH": null, "HEIGHT_TO_MSL": null, "AFFECT_AREA": null, "AFFECT_POPULATION": null, "AFFECTED_HUT": null, "AFFECT_ROAD": null, "AFFECT_RAIL": null, "NO_DE_WATER_PUMP": null, "REMARKS": "Monsoon 24 (2024-25)"}}, {"type": "Feature", "geometry": {"type": "Polygon", "coordinates": [[[72.8464015350938, 19.123402509469546], [72.84634549686702, 19.12351475317916], [72.84628314217285, 19.123623614675214], [72.84621467439935, 19.123728738874142], [72.84614031687416, 19.123829782882652], [72.84606031213607, 19.1239264171162], [72.84597492114392, 19.12401832637399], [72.84588442242537, 19.124105210867132], [72.84578911116843, 19.124186787196468], [72.84568929825859, 19.124262789276973], [72.84558530926485, 19.124332969205646], [72.84547748337768, 19.12439709807016], [72.8453661723027, 19.124454966695478], [72.84525173911352, 19.124506386326175], [72.8451345570674, 19.124551189242105], [72.84501500838782, 19.124589229305467], [72.84489348301774, 19.124620382437485], [72.84477037734764, 19.12464454702311], [72.84464609292264, 19.124661644242494], [72.8445210351327, 19.12467161832806], [72.84439561189032, 19.124674436746407], [72.84427023230008, 19.12467009030445], [72.84414530532412, 19.12465859317937], [72.84402123844826, 19.124639982872406], [72.84389843635289, 19.124614320086508], [72.8437772995929, 19.12458168852835], [72.84365822329123, 19.124542194635293], [72.84354159585003, 19.12449596722821], [72.84342779768374, 19.124443157091285], [72.84331719997837, 19.124383936480218], [72.84321016348063, 19.12431849856033], [72.84310703732133, 19.12424705677651], [72.84300815787655, 19.124169844157016], [72.8429138476705, 19.124087112553354], [72.84282441432347, 19.123999131818827], [72.84274014954846, 19.123906188928302], [72.84266132819963, 19.123808587042166], [72.84258820737584, 19.12370664451749], [72.84252102558203, 19.123600693869598], [72.84246000195124, 19.12349108068748], [72.84240533552988, 19.123378162506555], [72.84235720462844, 19.12326230764246], [72.84231576623992, 19.123143893989674], [72.84228115552773, 19.123023307788927], [72.84225348538483, 19.12290094236734], [72.84223284606546, 19.122777196855484], [72.84221930489079, 19.1226524748855], [72.84221290602933, 19.122527183274524], [72.84221367035283, 19.122401730697753], [72.84222159536823, 19.12227652635542], [72.84223665522578, 19.12215197863806], [72.84225880080334, 19.122028493794442], [72.84228795986664, 19.121906474606458], [72.84232403730488, 19.12178631907534], [72.84236691544096, 19.121668419123456], [72.84241645441531, 19.12155315931594], [72.8424724926421, 19.12144091560633], [72.84253484733627, 19.121332054110272], [72.84260331510977, 19.121226929911344], [72.84267767263496, 19.121125885902835], [72.84275767737304, 19.121029251669288], [72.8428430683652, 19.120937342411498], [72.84293356708375, 19.120850457918355], [72.84302887834069, 19.12076888158902], [72.84312869125053, 19.120692879508514], [72.84323268024427, 19.12062269957984], [72.84334050613144, 19.12055857071533], [72.84345181720641, 19.12050070209001], [72.8435662503956, 19.12044928245931], [72.84368343244172, 19.12040447954338], [72.8438029811213, 19.12036643948002], [72.84392450649138, 19.120335286348002], [72.84404761216148, 19.120311121762377], [72.84417189658647, 19.120294024542993], [72.84429695437642, 19.12028405045743], [72.8444223776188, 19.12028123203908], [72.84454775720904, 19.120285578481038], [72.844672684185, 19.120297075606118], [72.84479675106085, 19.12031568591308], [72.84491955315623, 19.12034134869898], [72.84504068991622, 19.120373980257135], [72.84515976621789, 19.120413474150194], [72.84527639365909, 19.120459701557277], [72.84539019182537, 19.1205125116942], [72.84550078953075, 19.12057173230527], [72.84560782602848, 19.120637170225155], [72.84571095218779, 19.120708612008976], [72.84580983163256, 19.12078582462847], [72.84590414183862, 19.120868556232132], [72.84599357518564, 19.12095653696666], [72.84607783996066, 19.121049479857184], [72.8461566613095, 19.12114708174332], [72.84622978213328, 19.121249024267996], [72.84629696392709, 19.12135497491589], [72.84635798755788, 19.121464588098007], [72.84641265397924, 19.121577506278932], [72.84646078488068, 19.121693361143027], [72.8465022232692, 19.121811774795813], [72.84653683398139, 19.12193236099656], [72.84656450412429, 19.122054726418146], [72.84658514344366, 19.122178471930003], [72.84659868461833, 19.122303193899988], [72.84660508347979, 19.122428485510962], [72.84660431915628, 19.122553938087734], [72.84659639414089, 19.122679142430066], [72.84658133428334, 19.12280369014743], [72.84655918870578, 19.122927174991045], [72.84653002964248, 19.12304919417903], [72.84649395220424, 19.123169349710146], [72.84645107406816, 19.12328724966203], [72.8464015350938, 19.123402509469546]]]}, "properties": {"FEATUREID": "FS20000000061", "NAME": "Andheri Market S.V. Road ", "TYPE": 1, "LOCATION": "Andheri Market S.V. Road", "WARD": "K/W", "SUBTYPE": 3, "DEPTH": null, "HEIGHT_TO_MSL": null, "AFFECT_AREA": null, "AFFECT_POPULATION": null, "AFFECTED_HUT": null, "AFFECT_ROAD": null, "AFFECT_RAIL": null, "NO_DE_WATER_PUMP": null, "REMARKS": "Planning Stage (2025)"}}, {"type": "Feature", "geometry": {"type": "Polygon", "coordinates": [[[72.83941814198965, 19.11441580478982], [72.83940256391779, 19.114414237639757], [72.83938749464458, 19.11440998919443], [72.83937339204229, 19.114403188540702], [72.83936068461134, 19.114394042313], [72.83934975846059, 19.11438282841482], [72.8393409455756, 19.11436988757478], [72.83933451373143, 19.114355612993766], [72.83933065835642, 19.114340438397694], [72.83932949659416, 19.114324824858983], [72.83933106374423, 19.114309246787112], [72.83933531218955, 19.11429417751391], [72.83934211284327, 19.114280074911612], [72.83935125907098, 19.11426736748066], [72.83936247296916, 19.114256441329914], [72.8393754138092, 19.114247628444932], [72.83938968839021, 19.114241196600762], [72.83940486298629, 19.11423734122574], [72.83942047652499, 19.114236179463482], [72.83943605459686, 19.114237746613547], [72.83945112387006, 19.114241995058872], [72.83946522647236, 19.1142487957126], [72.83947793390331, 19.114257941940306], [72.83948886005406, 19.114269155838485], [72.83949767293905, 19.114282096678522], [72.83950410478322, 19.114296371259538], [72.83950796015823, 19.11431154585561], [72.83950912192049, 19.11432715939432], [72.83950755477042, 19.114342737466192], [72.8395033063251, 19.114357806739395], [72.83949650567138, 19.114371909341692], [72.83948735944367, 19.114384616772643], [72.83947614554549, 19.11439554292339], [72.83946320470545, 19.11440435580837], [72.83944893012443, 19.11441078765254], [72.83943375552836, 19.114414643027565], [72.83941814198965, 19.11441580478982]]]}, "properties": {"FEATUREID": "FS20000000062", "NAME": "Juhu Gully", "TYPE": 1, "LOCATION": "Juhu Gully", "WARD": "K/W", "SUBTYPE": 3, "DEPTH": null, "HEIGHT_TO_MSL": null, "AFFECT_AREA": null, "AFFECT_POPULATION": null, "AFFECTED_HUT": null, "AFFECT_ROAD": null, "AFFECT_RAIL": null, "NO_DE_WATER_PUMP": null, "REMARKS": "Already Tackled (2024-25)"}}, {"type": "Feature", "geometry": {"type": "Polygon", "coordinates": [[[72.84268238583078, 19.11514191944925], [72.8426499667611, 19.11513865872648], [72.8426186064285, 19.11512981802904], [72.84258925770082, 19.115115665977054], [72.8425628123243, 19.11509663257346], [72.84254007382832, 19.115073296138593], [72.84252173311057, 19.115046365738216], [72.84250834744448, 19.115016659638922], [72.84250032354676, 19.1149850804455], [72.84249790521945, 19.114952587675766], [72.84250116594222, 19.114920168606087], [72.84251000663966, 19.114888808273488], [72.84252415869165, 19.114859459545805], [72.84254319209523, 19.11483301416928], [72.8425665285301, 19.1148102756733], [72.84259345893048, 19.11479193495555], [72.84262316502978, 19.114778549289465], [72.8426547442232, 19.114770525391734], [72.84268723699293, 19.114768107064428], [72.84271965606261, 19.1147713677872], [72.84275101639521, 19.11478020848464], [72.84278036512289, 19.114794360536624], [72.84280681049941, 19.114813393940217], [72.8428295489954, 19.114836730375085], [72.84284788971314, 19.114863660775463], [72.84286127537924, 19.114893366874757], [72.84286929927696, 19.11492494606818], [72.84287171760427, 19.114957438837912], [72.84286845688149, 19.11498985790759], [72.84285961618406, 19.11502121824019], [72.84284546413207, 19.115050566967874], [72.84282643072848, 19.115077012344397], [72.84280309429361, 19.11509975084038], [72.84277616389323, 19.115118091558127], [72.84274645779394, 19.115131477224214], [72.84271487860052, 19.115139501121945], [72.84268238583078, 19.11514191944925]]]}, "properties": {"FEATUREID": "FS20000000063", "NAME": "Irla Jn,S.V. Road Ajit Glass Jn", "TYPE": 1, "LOCATION": "Irla Jn,S.V. Road Ajit Glass Jn", "WARD": "K/W", "SUBTYPE": 3, "DEPTH": null, "HEIGHT_TO_MSL": null, "AFFECT_AREA": null, "AFFECT_POPULATION": null, "AFFECTED_HUT": null, "AFFECT_ROAD": null, "AFFECT_RAIL": null, "NO_DE_WATER_PUMP": null, "REMARKS": "Already Tackled (2024-25)"}}, {"type": "Feature", "geometry": {"type": "Polygon", "coordinates": [[[72.8349190303207, 19.14021452618632], [72.83490396517563, 19.14021300993557], [72.83488939219812, 19.14020890068509], [72.83487575418076, 19.140202323292367], [72.83486346550778, 19.140193477608157], [72.8348528995643, 19.1401826324041], [72.83484437739115, 19.140170117206228], [72.83483815793028, 19.1401563122825], [72.83483443015683, 19.140141637088533], [72.83483330733735, 19.140126537522676], [72.8348348235881, 19.14011147237759], [72.83483893283858, 19.140096899400092], [72.83484551023129, 19.140083261382724], [72.8348543559155, 19.140070972709744], [72.83486520111956, 19.140060406766263], [72.83487771631744, 19.140051884593124], [72.83489152124116, 19.14004566513225], [72.83490619643513, 19.14004193735881], [72.83492129600099, 19.14004081453931], [72.83493636114606, 19.14004233079006], [72.83495093412357, 19.140046440040543], [72.83496457214093, 19.140053017433264], [72.83497686081391, 19.140061863117474], [72.8349874267574, 19.140072708321533], [72.83499594893054, 19.140085223519403], [72.83500216839141, 19.14009902844313], [72.83500589616486, 19.1401137036371], [72.83500701898434, 19.140128803202956], [72.8350055027336, 19.14014386834804], [72.83500139348311, 19.14015844132554], [72.8349948160904, 19.140172079342907], [72.8349859704062, 19.140184368015888], [72.83497512520213, 19.140194933959368], [72.83496261000425, 19.140203456132507], [72.83494880508053, 19.140209675593383], [72.83493412988656, 19.140213403366822], [72.8349190303207, 19.14021452618632]]]}, "properties": {"FEATUREID": "FS20000000065", "NAME": "Rehab Building, Veera Desai Road", "TYPE": 1, "LOCATION": "  Rehab Building, Veera Desai Industrial Estate, Andheri West", "WARD": "K/W", "SUBTYPE": 3, "DEPTH": null, "HEIGHT_TO_MSL": null, "AFFECT_AREA": null, "AFFECT_POPULATION": null, "AFFECTED_HUT": null, "AFFECT_ROAD": null, "AFFECT_RAIL": null, "NO_DE_WATER_PUMP": null, "REMARKS": "Already Tackled (2024-25)"}}, {"type": "Feature", "geometry": {"type": "Polygon", "coordinates": [[[72.84173909404979, 19.144167542552637], [72.84173607060995, 19.144167238371317], [72.84173314592351, 19.144166413796377], [72.84173040885555, 19.144165093882112], [72.84172794257051, 19.144163318733447], [72.84172582200523, 19.144161142287377], [72.84172411159199, 19.144158630674116], [72.84172286330082, 19.14415586020776], [72.84172211506043, 19.144152915067526], [72.84172188960575, 19.144149884740013], [72.84172219378706, 19.14414686130019], [72.841723018362, 19.144143936613737], [72.84172433827628, 19.144141199545786], [72.84172611342494, 19.14413873326075], [72.841728289871, 19.144136612695455], [72.84173080148427, 19.144134902282207], [72.84173357195063, 19.144133653991048], [72.84173651709085, 19.144132905750666], [72.84173954741837, 19.144132680295975], [72.8417425708582, 19.144132984477295], [72.84174549554464, 19.144133809052235], [72.8417482326126, 19.1441351289665], [72.84175069889764, 19.144136904115165], [72.84175281946293, 19.144139080561235], [72.84175452987617, 19.144141592174496], [72.84175577816734, 19.14414436264085], [72.84175652640772, 19.144147307781086], [72.8417567518624, 19.1441503381086], [72.84175644768109, 19.144153361548423], [72.84175562310615, 19.144156286234875], [72.84175430319188, 19.144159023302826], [72.84175252804322, 19.144161489587862], [72.84175035159716, 19.144163610153157], [72.84174783998388, 19.144165320566405], [72.84174506951753, 19.144166568857564], [72.8417421243773, 19.144167317097946], [72.84173909404979, 19.144167542552637]]]}, "properties": {"FEATUREID": "FS20000000066", "NAME": "Singh Compound,", "TYPE": 1, "LOCATION": "Behram baug road, Jogeshwari West,", "WARD": "K/W", "SUBTYPE": 99, "DEPTH": null, "HEIGHT_TO_MSL": null, "AFFECT_AREA": null, "AFFECT_POPULATION": null, "AFFECTED_HUT": null, "AFFECT_ROAD": null, "AFFECT_RAIL": null, "NO_DE_WATER_PUMP": null, "REMARKS": "Already Tackled (2024-25)"}}, {"type": "Feature", "geometry": {"type": "Polygon", "coordinates": [[[72.80867775634172, 19.13950327108377], [72.8085807928473, 19.13942855692542], [72.80848833764172, 19.13934833124581], [72.80840070356412, 19.139262865503238], [72.8083181871405, 19.13917244888673], [72.8082410675803, 19.139077387337494], [72.80816960583171, 19.138978002513717], [72.80810404369866, 19.138874630702187], [72.80804460302265, 19.138767621680394], [72.80799148493213, 19.138657337532994], [72.8079448691619, 19.13854415142663], [72.80790491344496, 19.13842844634726], [72.80787175297881, 19.138310613804244], [72.80784549996797, 19.138191052505608], [72.80782624324434, 19.138070167008948], [72.80781404796654, 19.13794836635251], [72.80780895539955, 19.137826062671166], [72.80781098277502, 19.13770366980186], [72.80782012323293, 19.137581601883316], [72.80783634584486, 19.13746027195473], [72.80785959571865, 19.137340090558176], [72.80788979418408, 19.13722146434946], [72.80792683905908, 19.137104794722113], [72.80797060499555, 19.136990476449235], [72.80802094390339, 19.136878896347667], [72.80807768545168, 19.136770431969158], [72.808140637645, 19.136665450322823], [72.80820958747302, 19.136564306633332], [72.80828430163136, 19.136467343138907], [72.80836452731097, 19.136374887933325], [72.80844999305354, 19.13628725385573], [72.80854040967006, 19.136204737432106], [72.80863547121929, 19.136127617871907], [72.80873485604306, 19.136056156123313], [72.8088382278546, 19.135990593990265], [72.80894523687638, 19.135931153314264], [72.8090555210238, 19.135878035223744], [72.80916870713015, 19.135831419453506], [72.80928441220952, 19.135791463736563], [72.80940224475255, 19.135758303270414], [72.80952180605118, 19.13573205025958], [72.80964269154784, 19.13571279353594], [72.80976449220427, 19.135700598258147], [72.80988679588562, 19.135695505691164], [72.81000918875492, 19.135697533066626], [72.81013125667347, 19.135706673524535], [72.81025258660206, 19.135722896136475], [72.81037276799862, 19.135746146010263], [72.81049139420733, 19.135776344475683], [72.81060806383466, 19.13581338935069], [72.81072238210754, 19.135857155287155], [72.81083396220912, 19.135907494195], [72.81094242658763, 19.135964235743295], [72.81104740823396, 19.1360271879366], [72.81114855192345, 19.136096137764625], [72.81124551541788, 19.136170851922973], [72.81133797062346, 19.136251077602584], [72.81142560470106, 19.136336543345156], [72.81150812112467, 19.136426959961664], [72.81158524068488, 19.1365220215109], [72.81165670243347, 19.136621406334676], [72.81172226456651, 19.136724778146206], [72.81178170524252, 19.136831787168], [72.81183482333304, 19.1369420713154], [72.81188143910327, 19.137055257421764], [72.81192139482022, 19.137170962501134], [72.81195455528636, 19.13728879504415], [72.8119808082972, 19.137408356342785], [72.81200006502084, 19.137529241839445], [72.81201226029863, 19.137651042495882], [72.81201735286562, 19.137773346177227], [72.81201532549015, 19.137895739046535], [72.81200618503225, 19.138017806965077], [72.81198996242031, 19.138139136893663], [72.81196671254652, 19.138259318290217], [72.8119365140811, 19.138377944498934], [72.8118994692061, 19.13849461412628], [72.81185570326963, 19.13860893239916], [72.81180536436179, 19.138720512500726], [72.8117486228135, 19.138828976879235], [72.81168567062018, 19.13893395852557], [72.81161672079216, 19.13903510221506], [72.81154200663381, 19.139132065709486], [72.8114617809542, 19.139224520915068], [72.81137631521163, 19.139312154992663], [72.81128589859512, 19.139394671416287], [72.81119083704588, 19.139471790976486], [72.81109145222212, 19.13954325272508], [72.81098808041058, 19.13960881485813], [72.81088107138879, 19.13966825553413], [72.81077078724138, 19.13972137362465], [72.81065760113502, 19.139767989394887], [72.81054189605565, 19.13980794511183], [72.81042406351263, 19.13984110557798], [72.810304502214, 19.139867358588813], [72.81018361671734, 19.139886615312452], [72.81006181606091, 19.139898810590246], [72.80993951237956, 19.13990390315723], [72.80981711951026, 19.139901875781767], [72.8096950515917, 19.13989273532386], [72.80957372166311, 19.13987651271192], [72.80945354026656, 19.13985326283813], [72.80933491405784, 19.13982306437271], [72.80921824443051, 19.139786019497702], [72.80910392615763, 19.139742253561238], [72.80899234605606, 19.139691914653394], [72.80888388167754, 19.1396351731051], [72.80877890003121, 19.13957222091179], [72.80867775634172, 19.13950327108377]]]}, "properties": {"FEATUREID": "FS20000000068", "NAME": "Priti Apartmen Near Versova Cemetry", "TYPE": 1, "LOCATION": " Yari Rd, Sai Nagar, Versova, Andheri West,", "WARD": "K/W", "SUBTYPE": 99, "DEPTH": null, "HEIGHT_TO_MSL": null, "AFFECT_AREA": null, "AFFECT_POPULATION": null, "AFFECTED_HUT": null, "AFFECT_ROAD": null, "AFFECT_RAIL": null, "NO_DE_WATER_PUMP": null, "REMARKS": "Other Agency (2025)"}}, {"type": "Feature", "geometry": {"type": "Polygon", "coordinates": [[[72.8966183684125, 19.111306702821935], [72.89661327556502, 19.11130619226545], [72.89660834874654, 19.111304805101778], [72.89660373765594, 19.11130258347919], [72.89659958239889, 19.11129959490056], [72.89659600923076, 19.11129593017234], [72.89659312672046, 19.11129170064544], [72.8965910224516, 19.111287034831903], [72.89658976036134, 19.1112820745001], [72.89658937879764, 19.11127697036721], [72.89658988935413, 19.111271877519727], [72.8965912765178, 19.111266950701246], [72.89659349814039, 19.111262339610647], [72.89659648671902, 19.111258184353595], [72.89660015144723, 19.111254611185462], [72.89660438097413, 19.11125172867516], [72.89660904678767, 19.11124962440631], [72.89661400711947, 19.111248362316044], [72.89661911125236, 19.111247980752346], [72.89662420409985, 19.11124849130883], [72.89662913091833, 19.111249878472503], [72.89663374200893, 19.11125210009509], [72.89663789726598, 19.11125508867372], [72.8966414704341, 19.11125875340194], [72.8966443529444, 19.11126298292884], [72.89664645721327, 19.111267648742377], [72.89664771930353, 19.11127260907418], [72.89664810086722, 19.11127771320707], [72.89664759031074, 19.111282806054554], [72.89664620314707, 19.111287732873034], [72.89664398152448, 19.111292343963633], [72.89664099294585, 19.111296499220686], [72.89663732821764, 19.11130007238882], [72.89663309869074, 19.11130295489912], [72.8966284328772, 19.11130505916797], [72.8966234725454, 19.111306321258237], [72.8966183684125, 19.111306702821935]]]}, "properties": {"FEATUREID": "FS15000000054", "NAME": "Chandivali MHADA Colony, Sakinaka Police Station, Kurla(W)", "TYPE": 1, "LOCATION": "Chandivali MHADA Colony, Sakinaka Police Station, Kurla(W)", "WARD": "L", "SUBTYPE": 3, "DEPTH": null, "HEIGHT_TO_MSL": null, "AFFECT_AREA": null, "AFFECT_POPULATION": null, "AFFECTED_HUT": null, "AFFECT_ROAD": null, "AFFECT_RAIL": null, "NO_DE_WATER_PUMP": null, "REMARKS": "Already Tackled (2024-25)"}}, {"type": "Feature", "geometry": {"type": "Polygon", "coordinates": [[[72.91690956338302, 19.063405166590123], [72.91690450179975, 19.063404659965443], [72.91689960508775, 19.063403282102822], [72.91689502203116, 19.063401074867915], [72.9168908918838, 19.063398105326442], [72.91688734013813, 19.063394463706413], [72.91688447471215, 19.06339026065661], [72.91688238267035, 19.063385623884578], [72.91688112757839, 19.06338069427629], [72.91688074757158, 19.063375621615393], [72.91688125419627, 19.063370560032126], [72.91688263205889, 19.063365663320134], [72.9168848392938, 19.063361080263533], [72.91688780883527, 19.06335695011618], [72.9168914504553, 19.06335339837051], [72.9168956535051, 19.063350532944522], [72.91690029027713, 19.06334844090273], [72.91690521988542, 19.063347185810766], [72.91691029254632, 19.063346805803967], [72.91691535412959, 19.063347312428647], [72.91692025084159, 19.063348690291267], [72.91692483389818, 19.063350897526174], [72.91692896404554, 19.063353867067647], [72.9169325157912, 19.063357508687677], [72.91693538121719, 19.06336171173748], [72.91693747325898, 19.06336634850951], [72.91693872835094, 19.0633712781178], [72.91693910835775, 19.063376350778697], [72.91693860173307, 19.063381412361963], [72.91693722387045, 19.063386309073955], [72.91693501663553, 19.063390892130556], [72.91693204709406, 19.06339502227791], [72.91692840547404, 19.06339857402358], [72.91692420242424, 19.063401439449567], [72.91691956565221, 19.06340353149136], [72.91691463604391, 19.063404786583323], [72.91690956338302, 19.063405166590123]]]}, "properties": {"FEATUREID": "FS16000000034", "NAME": "Shivaji Nagar, opposite Police station, Mankhurd, Mumbai", "TYPE": 2, "LOCATION": "Shivaji Nagar, opposite Police station, Mankhurd, Mumbai", "WARD": "M/E", "SUBTYPE": 2, "DEPTH": null, "HEIGHT_TO_MSL": null, "AFFECT_AREA": null, "AFFECT_POPULATION": null, "AFFECTED_HUT": null, "AFFECT_ROAD": null, "AFFECT_RAIL": null, "NO_DE_WATER_PUMP": null, "REMARKS": "Already Tackled (2024-25)"}}, {"type": "Feature", "geometry": {"type": "Polygon", "coordinates": [[[72.88842417932445, 19.057454232862234], [72.88830462277866, 19.057438356281043], [72.8881862167449, 19.05741542497855], [72.88806937712863, 19.057385519501786], [72.8879545143333, 19.057348744894828], [72.88784203181865, 19.05730523032983], [72.88773232468363, 19.057255128653285], [72.88762577827853, 19.05719861584916], [72.8875227668515, 19.05713589042074], [72.88742365223393, 19.05706717269338], [72.88732878256954, 19.056992704040603], [72.88723849109148, 19.056912746036268], [72.88715309495184, 19.056827579535785], [72.8870728941077, 19.056737503689586], [72.88699817026745, 19.056642834892372], [72.88692918590128, 19.056543905671745], [72.88686618331933, 19.0564410635202], [72.88680938382042, 19.056334669674545], [72.8867589869149, 19.05622509784704], [72.88671516962373, 19.05611273291273], [72.88667808585673, 19.05599796955754], [72.88664786587199, 19.05588121089195], [72.88662461581832, 19.05576286703502], [72.88660841736237, 19.05564335367387], [72.88659932740181, 19.05552309060354], [72.88659737786546, 19.055402500252445], [72.88660257560112, 19.0552820061986], [72.88661490235158, 19.055162031681757], [72.88663431481868, 19.055042998116782], [72.88666074481539, 19.054925323613418], [72.88669409950542, 19.05480942150765], [72.88673426172917, 19.054695698909846], [72.8867810904154, 19.05458455527478], [72.88683442107661, 19.054476380998526], [72.88689406638693, 19.054371556047172], [72.88695981684002, 19.054270448622187], [72.88703144148501, 19.054173413867087], [72.88710868873774, 19.054080792619985], [72.88719128726441, 19.053992910216394], [72.88727894693467, 19.053910075346458], [72.88737135984076, 19.05383257897068], [72.88746820137894, 19.05376069329791], [72.88756913138981, 19.05369467082919], [72.887673795353, 19.05363474347085], [72.88778182563253, 19.053581121719926], [72.88789284276811, 19.05353399392477], [72.888006456808, 19.053493525623484], [72.88812226867874, 19.053459858962448], [72.8882398715869, 19.05343311219704], [72.888358852448, 19.05341337927625], [72.8884787933374, 19.053400729512678], [72.88859927295836, 19.053395207339083], [72.88871986812181, 19.0533968321523], [72.88884015523287, 19.053405598245114], [72.88895971177865, 19.053421474826305], [72.88907811781242, 19.053444406128797], [72.88919495742869, 19.053474311605562], [72.88930982022401, 19.05351108621252], [72.88942230273867, 19.053554600777517], [72.88953200987369, 19.053604702454063], [72.88963855627878, 19.053661215258188], [72.88974156770581, 19.05372394068661], [72.88984068232338, 19.05379265841397], [72.88993555198778, 19.053867127066745], [72.89002584346584, 19.05394708507108], [72.89011123960547, 19.054032251571563], [72.89019144044961, 19.054122327417762], [72.89026616428987, 19.054216996214976], [72.89033514865604, 19.054315925435603], [72.89039815123799, 19.054418767587148], [72.8904549507369, 19.054525161432803], [72.89050534764242, 19.054634733260308], [72.89054916493359, 19.054747098194618], [72.89058624870059, 19.054861861549806], [72.89061646868532, 19.054978620215397], [72.890639718739, 19.055096964072327], [72.89065591719495, 19.05521647743348], [72.8906650071555, 19.055336740503808], [72.89066695669186, 19.055457330854903], [72.8906617589562, 19.05557782490875], [72.89064943220573, 19.05569779942559], [72.89063001973864, 19.055816832990566], [72.89060358974193, 19.05593450749393], [72.8905702350519, 19.0560504095997], [72.89053007282814, 19.0561641321975], [72.89048324414192, 19.05627527583257], [72.8904299134807, 19.05638345010882], [72.89037026817039, 19.056488275060175], [72.8903045177173, 19.05658938248516], [72.89023289307231, 19.05668641724026], [72.89015564581958, 19.056779038487363], [72.8900730472929, 19.056866920890954], [72.88998538762264, 19.05694975576089], [72.88989297471656, 19.057027252136667], [72.88979613317838, 19.057099137809438], [72.8896952031675, 19.057165160278156], [72.88959053920432, 19.057225087636496], [72.88948250892479, 19.057278709387422], [72.8893714917892, 19.057325837182578], [72.88925787774932, 19.057366305483864], [72.88914206587857, 19.0573999721449], [72.88902446297041, 19.057426718910307], [72.88890548210932, 19.057446451831098], [72.88878554121992, 19.05745910159467], [72.88866506159896, 19.057464623768265], [72.8885444664355, 19.05746299895505], [72.88842417932445, 19.057454232862234]]]}, "properties": {"FEATUREID": "FS22000000043", "NAME": "Chandroday Society, opp Swastik chamber, Sion-trombay road, Chambur", "TYPE": 2, "LOCATION": "Chandroday Society, opp Swastik chamber, Sion-trombay road, Chambur", "WARD": "M/W", "SUBTYPE": 2, "DEPTH": null, "HEIGHT_TO_MSL": null, "AFFECT_AREA": null, "AFFECT_POPULATION": null, "AFFECTED_HUT": null, "AFFECT_ROAD": null, "AFFECT_RAIL": null, "NO_DE_WATER_PUMP": null, "REMARKS": "Already Tackled Metro Deptt (2025)"}}, {"type": "Feature", "geometry": {"type": "Polygon", "coordinates": [[[72.88709709346011, 19.053815621285445], [72.88709698925337, 19.05381561083706], [72.8870968884441, 19.053815582452096], [72.88709679409534, 19.053815536993017], [72.88709670907386, 19.053815475841077], [72.88709663596295, 19.053815400854344], [72.88709657698408, 19.05381531431125], [72.88709653392927, 19.05381521884137], [72.88709650810674, 19.0538151173455], [72.88709650030107, 19.053815012907545], [72.88709651074946, 19.0538149087008], [72.88709653913442, 19.05381480789153], [72.88709658459351, 19.05381471354278], [72.88709664574544, 19.053814628521284], [72.88709672073217, 19.05381455541038], [72.88709680727527, 19.053814496431503], [72.88709690274516, 19.0538144533767], [72.88709700424101, 19.053814427554165], [72.88709710867897, 19.053814419748505], [72.88709721288572, 19.05381443019689], [72.88709731369498, 19.053814458581854], [72.88709740804374, 19.053814504040933], [72.88709749306523, 19.053814565192873], [72.88709756617614, 19.053814640179606], [72.88709762515501, 19.0538147267227], [72.88709766820982, 19.05381482219258], [72.88709769403235, 19.05381492368845], [72.88709770183802, 19.053815028126404], [72.88709769138963, 19.05381513233315], [72.88709766300467, 19.05381523314242], [72.88709761754558, 19.05381532749117], [72.88709755639364, 19.053815412512666], [72.88709748140691, 19.05381548562357], [72.88709739486382, 19.053815544602447], [72.88709729939393, 19.05381558765725], [72.88709719789807, 19.053815613479784], [72.88709709346011, 19.053815621285445]]]}, "properties": {"FEATUREID": "FS22000000044", "NAME": "Surana Hospital", "TYPE": 1, "LOCATION": "Surana Hospital, Chagan Petrol pump, V.N. Purav marg", "WARD": "M/W", "SUBTYPE": 3, "DEPTH": null, "HEIGHT_TO_MSL": null, "AFFECT_AREA": null, "AFFECT_POPULATION": null, "AFFECTED_HUT": null, "AFFECT_ROAD": null, "AFFECT_RAIL": null, "NO_DE_WATER_PUMP": null, "REMARKS": null}}, {"type": "Feature", "geometry": {"type": "Polygon", "coordinates": [[[72.89335512210144, 19.060392332092725], [72.89323467545049, 19.060367875691966], [72.89311583783713, 19.060336520741554], [72.89299900402797, 19.06029837139948], [72.89288456213316, 19.06025355439402], [72.8927728923172, 19.06020221860276], [72.89266436553595, 19.060144534558038], [72.89255934230447, 19.060080693880444], [72.8924581714994, 19.060010908642298], [72.89236118919995, 19.059935410663133], [72.89226871757157, 19.059854450739653], [72.89218106379573, 19.059768297812575], [72.89209851904944, 19.05967723807326], [72.89202135753806, 19.059581574013002], [72.89194983558436, 19.059481623418197], [72.89188419077706, 19.059377718314664], [72.89182464118164, 19.059270203864706], [72.89177138461586, 19.059159437220515], [72.89172459799268, 19.059045786337744], [72.89168443673253, 19.058929628753198], [72.89165103424712, 19.05881135033069], [72.8916245014961, 19.05869134397924], [72.89160492661863, 19.05857000834789], [72.89159237464048, 19.058447746501393], [72.89158688725806, 19.058324964581313], [72.89158848269989, 19.058202070456844], [72.89159715566609, 19.058079472369904], [72.89161287734593, 19.05795757757901], [72.89163559551358, 19.0578367910064], [72.89166523470155, 19.05771751389292], [72.89170169645145, 19.057600142465148], [72.89174485964102, 19.057485066619158], [72.89179458088648, 19.057372668625344], [72.89185069501886, 19.057263321858535], [72.89191301563264, 19.057157389557695], [72.89198133570503, 19.05705522361927], [72.8920554282836, 19.056957163428237], [72.89213504724025, 19.05686353473069], [72.89221992808883, 19.056774648551745], [72.8923097888637, 19.056690800162347], [72.8924043310564, 19.05661226809842], [72.89250324060725, 19.056539313235575], [72.8926061889487, 19.056472177922533], [72.8927128340967, 19.056411085176055], [72.8928228217868, 19.056356237940097], [72.89293578665092, 19.05630781841166], [72.8930513534312, 19.056265987435555], [72.89316913822637, 19.05623088397007], [72.89328874976722, 19.056202624625392], [72.8934097907162, 19.05618130327622], [72.8935318589875, 19.056166990749933], [72.89365454908256, 19.056159734591304], [72.89377745343724, 19.05615955890456], [72.89390016377561, 19.056166464273318], [72.8940222724663, 19.056180427758637], [72.8941433738765, 19.05620140297522], [72.89426306571951, 19.056229320245507], [72.89438095039108, 19.05626408683114], [72.89449663629014, 19.05630558724101], [72.89460973911982, 19.05635368361493], [72.89471988316386, 19.056408216181588], [72.89482670253483, 19.056469003789278], [72.89492984238953, 19.056535844507682], [72.89502896010774, 19.056608516298652], [72.89512372643034, 19.05668677775381], [72.89521382655316, 19.05677036889647], [72.89529896117266, 19.056859012045265], [72.89537884748016, 19.056952412736567], [72.89545322010142, 19.057050260702677], [72.89552183197804, 19.057152230902485], [72.8955844551883, 19.057257984601247], [72.89564088170417, 19.057367170495805], [72.89569092408244, 19.057479425881606], [72.89573441608736, 19.05759437785754], [72.89577121324288, 19.057711644564712], [72.89580119331252, 19.0578308364549], [72.89582425670554, 19.057951557584648], [72.89584032680764, 19.05807340693049], [72.89584935023558, 19.05819597972116], [72.89585129701442, 19.05831886878217], [72.89584616067715, 19.05844166588842], [72.89583395828619, 19.05856396312027], [72.89581473037664, 19.05868535421862], [72.8957885408217, 19.058805435934445], [72.89575547662041, 19.058923809368363], [72.89571564760874, 19.059040081295727], [72.89566918609465, 19.05915386547289], [72.89561624641864, 19.059264783920263], [72.89555700444096, 19.05937246817791], [72.89549165695752, 19.05947656052956], [72.89542042104608, 19.05957671519089], [72.8953435333452, 19.059672599458185], [72.89526124926805, 19.059763894813553], [72.89517384215408, 19.059850297983008], [72.89508160236093, 19.059931521943906], [72.89498483629991, 19.060007296878414], [72.89488386541817, 19.060077371069827], [72.89477902513079, 19.060141511738728], [72.89467066370668, 19.06019950581626], [72.89455914111159, 19.060251160651934], [72.89444482781236, 19.060296304653576], [72.89432810354629, 19.060334787857357], [72.89420935605963, 19.060366482425945], [72.89408897981961, 19.060391283073162], [72.89396737470399, 19.060409107413765], [72.89384494467274, 19.060419896237075], [72.89372209642607, 19.060423613703712], [72.89359923805355, 19.060420247464627], [72.89347677767833, 19.060409808702126], [72.89335512210144, 19.060392332092725]]]}, "properties": {"FEATUREID": "FS22000000045", "NAME": "Postal Colony, Chembur", "TYPE": 1, "LOCATION": "Postal Colony, Chembur", "WARD": "M/W", "SUBTYPE": 3, "DEPTH": null, "HEIGHT_TO_MSL": null, "AFFECT_AREA": null, "AFFECT_POPULATION": null, "AFFECTED_HUT": null, "AFFECT_ROAD": null, "AFFECT_RAIL": null, "NO_DE_WATER_PUMP": null, "REMARKS": "Planning Stage (2025)"}}, {"type": "Feature", "geometry": {"type": "Polygon", "coordinates": [[[72.89659007308111, 19.078438638645956], [72.89652233092029, 19.078355371990828], [72.89646030163513, 19.07826776660291], [72.89640426226349, 19.07817621374913], [72.89635446309079, 19.078081122326765], [72.89631112653224, 19.077982917037183], [72.89627444613942, 19.077882036489047], [72.89624458573587, 19.077778931239376], [72.89622167868541, 19.077674061781245], [72.89620582729648, 19.077567896487114], [72.89619710236524, 19.077460909516955], [72.89619554285933, 19.077353578700546], [72.89620115574391, 19.077246383403374], [72.89621391595045, 19.077139802385652], [72.89623376648878, 19.077034311664082], [72.89626061870159, 19.076930382385836], [72.89629435266036, 19.0768284787243], [72.89633481770105, 19.076729055805956], [72.89638183309695, 19.0766325576777], [72.89643518886592, 19.076539415323598], [72.89649464670812, 19.07645004474001], [72.8965599410704, 19.076364845077663], [72.89663078033227, 19.07628419685893], [72.89670684810842, 19.076208460278327], [72.89678780466168, 19.076137973593816], [72.89687328842044, 19.07607305161604], [72.89696291759347, 19.076013984302307], [72.89705629187513, 19.07596103546158], [72.89715299423321, 19.07591444157624], [72.8972525927715, 19.07587441074589], [72.89735464265875, 19.07584112175793], [72.89745868811542, 19.075814723289064], [72.8975642644492, 19.07579533324126], [72.89767090013058, 19.075783038215185], [72.89777811889871, 19.075777893123405], [72.89788544188856, 19.07577992094515], [72.89799238976958, 19.075789112623674], [72.89809848488659, 19.07580542710671], [72.89820325339302, 19.07582879152982], [72.89830622736731, 19.075859101541816], [72.8984069469027, 19.075896221770826], [72.89850496216128, 19.0759399864289], [72.89859983538311, 19.075990200052445], [72.89869114284134, 19.07604663837523], [72.89877847673472, 19.076109049330007], [72.89886144700888, 19.076177154174303], [72.89893968309842, 19.076250648735346], [72.89901283558197, 19.07632920476859], [72.8990805777428, 19.07641247142372], [72.89914260702795, 19.076500076811637], [72.8991986463996, 19.076591629665415], [72.8992484455723, 19.076686721087782], [72.89929178213085, 19.076784926377364], [72.89932846252367, 19.0768858069255], [72.89935832292721, 19.07698891217517], [72.89938122997768, 19.0770937816333], [72.8993970813666, 19.077199946927433], [72.89940580629785, 19.077306933897592], [72.89940736580375, 19.077414264714], [72.89940175291918, 19.077521460011173], [72.89938899271263, 19.077628041028895], [72.89936914217431, 19.077733531750464], [72.8993422899615, 19.07783746102871], [72.89930855600272, 19.07793936469025], [72.89926809096204, 19.07803878760859], [72.89922107556613, 19.078135285736845], [72.89916771979716, 19.07822842809095], [72.89910826195496, 19.078317798674536], [72.89904296759269, 19.078402998336884], [72.89897212833081, 19.07848364655562], [72.89889606055466, 19.07855938313622], [72.8988151040014, 19.07862986982073], [72.89872962024265, 19.078694791798508], [72.89863999106962, 19.07875385911224], [72.89854661678795, 19.078806807952965], [72.89844991442988, 19.078853401838305], [72.89835031589159, 19.078893432668657], [72.89824826600433, 19.078926721656618], [72.89814422054766, 19.078953120125483], [72.89803864421388, 19.078972510173287], [72.8979320085325, 19.07898480519936], [72.89782478976437, 19.07898995029114], [72.89771746677452, 19.0789879224694], [72.8976105188935, 19.078978730790872], [72.8975044237765, 19.078962416307835], [72.89739965527006, 19.078939051884728], [72.89729668129577, 19.07890874187273], [72.89719596176039, 19.07887162164372], [72.8970979465018, 19.078827856985647], [72.89700307327998, 19.078777643362102], [72.89691176582174, 19.078721205039315], [72.89682443192837, 19.07865879408454], [72.8967414616542, 19.078590689240244], [72.89666322556467, 19.0785171946792], [72.89659007308111, 19.078438638645956]]]}, "properties": {"FEATUREID": "FS17000000020", "NAME": "Near ONGC Colony, Vidyavihar", "TYPE": 1, "LOCATION": "Near ONGC Colony, Vidyavihar (E)", "WARD": "N", "SUBTYPE": 99, "DEPTH": null, "HEIGHT_TO_MSL": null, "AFFECT_AREA": null, "AFFECT_POPULATION": null, "AFFECTED_HUT": null, "AFFECT_ROAD": null, "AFFECT_RAIL": null, "NO_DE_WATER_PUMP": null, "REMARKS": "Planning Stage (2025)"}}, {"type": "Feature", "geometry": {"type": "Polygon", "coordinates": [[[72.85888491144158, 19.18842945857988], [72.85886848425643, 19.18842780706019], [72.85885259342054, 19.188423328080034], [72.85883772176888, 19.188416157730952], [72.85882432116908, 19.188406513880377], [72.85881279879158, 19.188394689551828], [72.85880350473798, 19.18838104402154], [72.85879672140342, 19.188365991902053], [72.85879265489606, 19.188349990544395], [72.8587914287747, 19.188333526141722], [72.85879308029438, 19.18831709895658], [72.85879755927454, 19.188301208120677], [72.85880472962361, 19.18828633646902], [72.85881437347419, 19.188272935869218], [72.85882619780274, 19.18826141349172], [72.85883984333303, 19.18825211943813], [72.85885489545252, 19.188245336103563], [72.85887089681017, 19.188241269596208], [72.85888736121285, 19.18824004347484], [72.858903788398, 19.188241694994527], [72.85891967923389, 19.188246173974683], [72.85893455088555, 19.188253344323766], [72.85894795148535, 19.18826298817434], [72.85895947386285, 19.18827481250289], [72.85896876791645, 19.188288458033178], [72.858975551251, 19.188303510152664], [72.85897961775837, 19.188319511510322], [72.85898084387973, 19.188335975912995], [72.85897919236005, 19.188352403098136], [72.8589747133799, 19.18836829393404], [72.85896754303081, 19.188383165585698], [72.85895789918024, 19.1883965661855], [72.85894607485169, 19.188408088562998], [72.8589324293214, 19.18841738261659], [72.8589173772019, 19.188424165951155], [72.85890137584425, 19.18842823245851], [72.85888491144158, 19.18842945857988]]]}, "properties": {"FEATUREID": "FS12000000021", "NAME": "Nadiadwala Chawl", "TYPE": 1, "LOCATION": "Jain Mandir Rd\r\nMalad, Ambewadi, Malad East", "WARD": "P/N", "SUBTYPE": 99, "DEPTH": null, "HEIGHT_TO_MSL": null, "AFFECT_AREA": null, "AFFECT_POPULATION": null, "AFFECTED_HUT": null, "AFFECT_ROAD": null, "AFFECT_RAIL": null, "NO_DE_WATER_PUMP": null, "REMARKS": "Monsoon 24 (2024-25)"}}, {"type": "Feature", "geometry": {"type": "Polygon", "coordinates": [[[72.86250667436485, 19.17775370635605], [72.86240492330451, 19.17770010078562], [72.86230666523997, 19.17764033299986], [72.86221227289774, 19.177574629718453], [72.86212210434027, 19.177503240176453], [72.86203650160782, 19.17742643517884], [72.86195578942085, 19.177344506073286], [72.86188027394836, 19.177257763644945], [72.86181024164637, 19.17716653693756], [72.86174595817141, 19.17707117200528], [72.8616876673727, 19.17697203059996], [72.86163559036724, 19.176869488798907], [72.86158992470092, 19.176763935578297], [72.86155084359928, 19.176655771337646], [72.86151849531029, 19.176545406380974], [72.8614930025421, 19.176433259360362], [72.86147446199755, 19.17631975568787], [72.86146294400722, 19.176205325921813], [72.86145849226283, 19.17609040413348], [72.86146112365135, 19.17597542626058], [72.86147082819105, 19.175860828453576], [72.86148756906925, 19.175747045421193], [72.86151128278209, 19.17563450878145], [72.86154187937534, 19.175523645424366], [72.86157924278561, 19.17541487589263], [72.86162323128072, 19.175308612786335], [72.86167367799722, 19.175205259197835], [72.86173039157345, 19.175105207182696], [72.86179315687538, 19.175008836272482], [72.86186173581272, 19.174916512035068], [72.86193586824207, 19.1748285846879], [72.86201527295374, 19.174745387769534], [72.86209964873846, 19.174667236874374], [72.86218867552998, 19.174594428455535], [72.86228201561917, 19.174527238700286], [72.86237931493513, 19.174465922482383], [72.86248020438819, 19.174410712395247], [72.86258430127012, 19.174361817869645], [72.86269121070579, 19.174319424379263], [72.86280052715108, 19.17428369273713], [72.86291183593129, 19.174254758485603], [72.86302471481407, 19.174232731382208], [72.86313873561116, 19.174217694983298], [72.86325346580263, 19.174209706327076], [72.86336847017755, 19.17420879571726], [72.86348331248495, 19.174214966608098], [72.8635975570886, 19.174228195591294], [72.8637107706196, 19.174248432484777], [72.86382252362027, 19.17427560052308], [72.86393239217317, 19.174309596648534], [72.86403995950924, 19.174350291902183], [72.86414481758877, 19.174397531912994], [72.86424656864911, 19.174451137483423], [72.86434482671365, 19.174510905269184], [72.86443921905588, 19.17457660855059], [72.86452938761335, 19.174647998092592], [72.8646149903458, 19.174724803090204], [72.86469570253277, 19.17480673219576], [72.86477121800526, 19.1748934746241], [72.86484125030725, 19.174984701331486], [72.8649055337822, 19.175080066263764], [72.86496382458091, 19.175179207669085], [72.86501590158637, 19.175281749470138], [72.8650615672527, 19.175387302690748], [72.86510064835434, 19.175495466931398], [72.86513299664333, 19.17560583188807], [72.86515848941151, 19.175717978908683], [72.86517702995607, 19.175831482581174], [72.8651885479464, 19.17594591234723], [72.86519299969079, 19.176060834135566], [72.86519036830227, 19.176175812008463], [72.86518066376257, 19.17629040981547], [72.86516392288436, 19.17640419284785], [72.86514020917153, 19.176516729487595], [72.86510961257828, 19.176627592844678], [72.86507224916801, 19.176736362376413], [72.8650282606729, 19.17684262548271], [72.8649778139564, 19.17694597907121], [72.86492110038017, 19.17704603108635], [72.86485833507824, 19.177142401996562], [72.8647897561409, 19.177234726233976], [72.86471562371155, 19.177322653581143], [72.86463621899988, 19.17740585049951], [72.86455184321515, 19.17748400139467], [72.86446281642364, 19.17755680981351], [72.86436947633445, 19.17762399956876], [72.86427217701849, 19.17768531578666], [72.86417128756543, 19.177740525873798], [72.8640671906835, 19.1777894203994], [72.86396028124783, 19.17783181388978], [72.86385096480254, 19.177867545531914], [72.86373965602233, 19.177896479783442], [72.86362677713954, 19.177918506886837], [72.86351275634246, 19.177933543285747], [72.86339802615099, 19.17794153194197], [72.86328302177607, 19.177942442551785], [72.86316817946867, 19.177936271660947], [72.86305393486502, 19.17792304267775], [72.86294072133401, 19.177902805784267], [72.86282896833335, 19.177875637745963], [72.86271909978045, 19.17784164162051], [72.86261153244438, 19.17780094636686], [72.86250667436485, 19.17775370635605]]]}, "properties": {"FEATUREID": "FS12000000022", "NAME": "Lotus Building", "TYPE": 1, "LOCATION": "Vasant Valley Complex, Malad East", "WARD": "P/N", "SUBTYPE": 99, "DEPTH": null, "HEIGHT_TO_MSL": null, "AFFECT_AREA": null, "AFFECT_POPULATION": null, "AFFECTED_HUT": null, "AFFECT_ROAD": null, "AFFECT_RAIL": null, "NO_DE_WATER_PUMP": null, "REMARKS": "Other Agency (2025)"}}, {"type": "Feature", "geometry": {"type": "Polygon", "coordinates": [[[72.86920719115, 19.051697865271112], [72.86920716645095, 19.051697855922466], [72.86920715353958, 19.05169783288475], [72.86920715845726, 19.05169780693756], [72.86920717890294, 19.05169779022188], [72.86920720530988, 19.051697790559164], [72.86920722532196, 19.051697807791587], [72.86920722957532, 19.051697833855915], [72.86920721607976, 19.05169785655635], [72.86920719115, 19.051697865271112]]]}, "properties": {"FEATUREID": "FS06000000060", "NAME": "Chunabhatti railway station East  (Tackled)", "TYPE": 2, "LOCATION": "Chunabhatti railway station, Doctor Gangadhar S Badhe Marg, Samarth Nagar, Chunabhatti, Sion", "WARD": "F/N", "SUBTYPE": 2, "DEPTH": null, "HEIGHT_TO_MSL": null, "AFFECT_AREA": null, "AFFECT_POPULATION": null, "AFFECTED_HUT": null, "AFFECT_ROAD": null, "AFFECT_RAIL": null, "NO_DE_WATER_PUMP": null, "REMARKS": "Already Tackled (2024-25)"}}, {"type": "Feature", "geometry": {"type": "Polygon", "coordinates": [[[72.8743904925679, 19.17233595400733], [72.87436448032189, 19.172333341615165], [72.87433931689748, 19.172326251931988], [72.87431576687258, 19.17231490037424], [72.87429454580281, 19.172299631853253], [72.8742762984796, 19.17228091029531], [72.87426157933866, 19.17225930454548], [72.87425083561364, 19.17223547108354], [72.87424439374718, 19.172210134077165], [72.8742424494721, 19.172184063378477], [72.87424506186427, 19.17215805113246], [72.87425215154745, 19.17213288770805], [72.8742635031052, 19.17210933768316], [72.8742787716262, 19.172088116613384], [72.87429749318413, 19.172069869290187], [72.87431909893395, 19.172055150149248], [72.8743429323959, 19.17204440642422], [72.87436826940227, 19.17203796455775], [72.87439434010096, 19.17203602028269], [72.87442035234697, 19.172038632674855], [72.87444551577138, 19.172045722358032], [72.87446906579628, 19.17205707391578], [72.87449028686605, 19.172072342436767], [72.87450853418926, 19.17209106399471], [72.8745232533302, 19.17211266974454], [72.87453399705522, 19.17213650320648], [72.87454043892168, 19.172161840212855], [72.87454238319675, 19.172187910911543], [72.87453977080459, 19.17221392315756], [72.87453268112141, 19.17223908658197], [72.87452132956366, 19.17226263660686], [72.87450606104267, 19.172283857676636], [72.87448733948473, 19.172302104999833], [72.87446573373491, 19.172316824140772], [72.87444190027296, 19.1723275678658], [72.87441656326659, 19.17233400973227], [72.8743904925679, 19.17233595400733]]]}, "properties": {"FEATUREID": "FS13000000024", "NAME": "Hanuman nagar", "TYPE": 1, "LOCATION": "Hanuman nagar, Muncipal Colony, Sector A, Goregaon", "WARD": "P/S", "SUBTYPE": 3, "DEPTH": null, "HEIGHT_TO_MSL": null, "AFFECT_AREA": null, "AFFECT_POPULATION": null, "AFFECTED_HUT": null, "AFFECT_ROAD": null, "AFFECT_RAIL": null, "NO_DE_WATER_PUMP": null, "REMARKS": "Monsoon 24 (2024-25)"}}, {"type": "Feature", "geometry": {"type": "Polygon", "coordinates": [[[72.8480503151708, 19.236956490383594], [72.84803374873033, 19.236954823173388], [72.84801772347934, 19.236950304559652], [72.84800272633696, 19.236943071838184], [72.84798921298378, 19.236933344771558], [72.84797759401619, 19.236921418911777], [72.84796822247064, 19.23690765662006], [72.8479613830968, 19.236892476056664], [72.84795728370558, 19.236876338475337], [72.84795604885493, 19.236859734208316], [72.84795771606514, 19.236843167767855], [72.84796223467887, 19.236827142516866], [72.84796946740035, 19.236812145374486], [72.84797919446696, 19.236798632021298], [72.84799112032674, 19.236787013053707], [72.84800488261847, 19.236777641508155], [72.84802006318186, 19.23677080213432], [72.84803620076319, 19.236766702743108], [72.8480528050302, 19.23676546789245], [72.84806937147067, 19.236767135102657], [72.84808539672166, 19.236771653716392], [72.84810039386404, 19.23677888643786], [72.84811390721723, 19.236788613504487], [72.84812552618482, 19.236800539364268], [72.84813489773036, 19.236814301655986], [72.8481417371042, 19.23682948221938], [72.84814583649542, 19.236845619800707], [72.84814707134608, 19.23686222406773], [72.84814540413586, 19.23687879050819], [72.84814088552213, 19.23689481575918], [72.84813365280066, 19.23690981290156], [72.84812392573404, 19.236923326254747], [72.84811199987426, 19.236934945222337], [72.84809823758253, 19.23694431676789], [72.84808305701914, 19.236951156141725], [72.84806691943781, 19.236955255532937], [72.8480503151708, 19.236956490383594]]]}, "properties": {"FEATUREID": "FS24000000025", "NAME": "Near Gagangiri Bldg., D D Borge Road", "TYPE": 1, "LOCATION": "Near Gagangiri Bldg., D D Borge Road", "WARD": "R/C", "SUBTYPE": 3, "DEPTH": null, "HEIGHT_TO_MSL": null, "AFFECT_AREA": null, "AFFECT_POPULATION": null, "AFFECTED_HUT": null, "AFFECT_ROAD": null, "AFFECT_RAIL": null, "NO_DE_WATER_PUMP": null, "REMARKS": null}}, {"type": "Feature", "geometry": {"type": "Polygon", "coordinates": [[[72.84672623486978, 19.23824596472593], [72.84670320453934, 19.238243646795674], [72.84668092659572, 19.238237364905075], [72.84666007794299, 19.238227309926202], [72.8466412920569, 19.238213787374495], [72.84662513973709, 19.238197208125847], [72.84661211176362, 19.23817807593234], [72.84660260398488, 19.23815697211599], [72.84659690528991, 19.23813453790558], [72.84659518883069, 19.23811145495324], [72.84659750676094, 19.2380884246228], [72.84660378865155, 19.238066146679188], [72.84661384363042, 19.238045298026453], [72.84662736618213, 19.238026512140358], [72.84664394543077, 19.23801035982055], [72.84666307762429, 19.237997331847083], [72.84668418144064, 19.237987824068348], [72.84670661565104, 19.237982125373385], [72.84672969860338, 19.237980408914158], [72.84675272893382, 19.237982726844415], [72.84677500687744, 19.237989008735013], [72.84679585553017, 19.237999063713886], [72.84681464141626, 19.238012586265594], [72.84683079373607, 19.23802916551424], [72.84684382170954, 19.23804829770775], [72.84685332948828, 19.238069401524097], [72.84685902818325, 19.238091835734508], [72.84686074464247, 19.238114918686847], [72.84685842671222, 19.23813794901729], [72.84685214482161, 19.2381602269609], [72.84684208984274, 19.238181075613635], [72.84682856729103, 19.23819986149973], [72.84681198804239, 19.23821601381954], [72.84679285584888, 19.238229041793005], [72.84677175203252, 19.23823854957174], [72.84674931782212, 19.238244248266703], [72.84672623486978, 19.23824596472593]]]}, "properties": {"FEATUREID": "FS24000000026", "NAME": "D N Mhatre Road", "TYPE": 1, "LOCATION": "D N Mhatre Road, Borivali (W)", "WARD": "R/C", "SUBTYPE": 3, "DEPTH": null, "HEIGHT_TO_MSL": null, "AFFECT_AREA": null, "AFFECT_POPULATION": null, "AFFECTED_HUT": null, "AFFECT_ROAD": null, "AFFECT_RAIL": null, "NO_DE_WATER_PUMP": null, "REMARKS": "Already Tackled (2024-25)"}}, {"type": "Feature", "geometry": {"type": "Polygon", "coordinates": [[[72.84417855694085, 19.16247031307708], [72.84416545673457, 19.162468995112988], [72.84415278441193, 19.162465422344788], [72.84414092501504, 19.16245970332923], [72.84413023888567, 19.16245201183571], [72.84412105071644, 19.16244258156637], [72.84411363968523, 19.162431699055166], [72.84410823097248, 19.162419694961695], [72.84410498891918, 19.162406934024265], [72.84410401203348, 19.1623938039775], [72.84410532999757, 19.16238070377123], [72.84410890276578, 19.162368031448594], [72.84411462178134, 19.162356172051698], [72.84412231327485, 19.16234548592232], [72.8441317435442, 19.16233629775309], [72.8441426260554, 19.162328886721884], [72.84415463014888, 19.16232347800913], [72.8441673910863, 19.162320235955836], [72.84418052113307, 19.162319259070145], [72.84419362133934, 19.162320577034237], [72.84420629366198, 19.162324149802437], [72.84421815305888, 19.162329868817995], [72.84422883918825, 19.162337560311514], [72.84423802735748, 19.162346990580854], [72.84424543838868, 19.16235787309206], [72.84425084710143, 19.16236987718553], [72.84425408915473, 19.16238263812296], [72.84425506604043, 19.162395768169723], [72.84425374807634, 19.162408868375994], [72.84425017530813, 19.16242154069863], [72.84424445629257, 19.162433400095527], [72.84423676479906, 19.162444086224905], [72.84422733452972, 19.162453274394135], [72.84421645201851, 19.16246068542534], [72.84420444792504, 19.162466094138093], [72.84419168698761, 19.16246933619139], [72.84417855694085, 19.16247031307708]]]}, "properties": {"FEATUREID": "FS13000000025", "NAME": "Bhagyodaya society", "TYPE": 1, "LOCATION": ", Goregaon ", "WARD": "P/S", "SUBTYPE": 3, "DEPTH": null, "HEIGHT_TO_MSL": null, "AFFECT_AREA": null, "AFFECT_POPULATION": null, "AFFECTED_HUT": null, "AFFECT_ROAD": null, "AFFECT_RAIL": null, "NO_DE_WATER_PUMP": null, "REMARKS": "Monsoon 24 (2024-25)"}}, {"type": "Feature", "geometry": {"type": "Polygon", "coordinates": [[[72.859266632875, 19.229280126314467], [72.85924356615898, 19.22927780664559], [72.85922125268448, 19.229271516724495], [72.85920037043512, 19.229261447667245], [72.8591815539075, 19.229247905417058], [72.85916537483227, 19.229231301448348], [72.85915232480248, 19.229212140264302], [72.85914280033664, 19.229191004067804], [72.85913709083084, 19.229168535071487], [72.85913536976554, 19.229145415984433], [72.85913768943442, 19.22912234926841], [72.85914397935551, 19.229100035793902], [72.85915404841276, 19.22907915354455], [72.85916759066295, 19.22906033701693], [72.85918419463165, 19.229044157941708], [72.85920335581571, 19.229031107911904], [72.8592244920122, 19.229021583446066], [72.85924696100852, 19.229015873940273], [72.85927008009557, 19.229014152874964], [72.8592931468116, 19.22901647254384], [72.8593154602861, 19.229022762464936], [72.85933634253546, 19.229032831522186], [72.85935515906307, 19.229046373772373], [72.8593713381383, 19.229062977741084], [72.8593843881681, 19.22908213892513], [72.85939391263393, 19.229103275121627], [72.85939962213973, 19.229125744117944], [72.85940134320504, 19.229148863204998], [72.85939902353616, 19.229171929921023], [72.85939273361507, 19.22919424339553], [72.85938266455781, 19.22921512564488], [72.85936912230763, 19.229233942172502], [72.85935251833892, 19.229250121247723], [72.85933335715487, 19.229263171277527], [72.85931222095837, 19.229272695743365], [72.85928975196205, 19.229278405249158], [72.859266632875, 19.229280126314467]]]}, "properties": {"FEATUREID": "FS24000000028", "NAME": "Kasturba Main Road, Borivali(E)", "TYPE": 1, "LOCATION": "Kasturba Main Road, Borivali(E)", "WARD": "R/C", "SUBTYPE": 3, "DEPTH": null, "HEIGHT_TO_MSL": null, "AFFECT_AREA": null, "AFFECT_POPULATION": null, "AFFECTED_HUT": null, "AFFECT_ROAD": null, "AFFECT_RAIL": null, "NO_DE_WATER_PUMP": null, "REMARKS": "Already Tackled (2024-25)"}}, {"type": "Feature", "geometry": {"type": "Polygon", "coordinates": [[[72.87432277325466, 19.157995419987614], [72.87428344179463, 19.15799147035247], [72.87424539371482, 19.1579807508848], [72.87420978508683, 19.157963587290205], [72.87417769786086, 19.15794050107582], [72.874150106991, 19.15791219370459], [72.87412785081189, 19.15787952528166], [72.87411160556624, 19.15784348842054], [72.87410186485765, 19.157805178083013], [72.8740989246526, 19.157765758309296], [72.87410287428774, 19.15772642684927], [72.87411359375541, 19.157688378769446], [72.87413075735002, 19.15765277014147], [72.8741538435644, 19.157620682915496], [72.87418215093562, 19.157593092045637], [72.87421481935856, 19.157570835866515], [72.87425085621967, 19.157554590620876], [72.8742891665572, 19.15754484991228], [72.87432858633092, 19.157541909707234], [72.87436791779095, 19.157545859342378], [72.87440596587076, 19.15755657881005], [72.87444157449875, 19.157573742404644], [72.87447366172472, 19.157596828619027], [72.87450125259458, 19.15762513599026], [72.87452350877369, 19.157657804413187], [72.87453975401934, 19.15769384127431], [72.87454949472793, 19.157732151611835], [72.87455243493298, 19.157771571385553], [72.87454848529784, 19.15781090284558], [72.87453776583017, 19.157848950925402], [72.87452060223556, 19.157884559553377], [72.87449751602118, 19.157916646779352], [72.87446920864996, 19.15794423764921], [72.87443654022702, 19.157966493828333], [72.8744005033659, 19.157982739073972], [72.87436219302838, 19.157992479782568], [72.87432277325466, 19.157995419987614]]]}, "properties": {"FEATUREID": "FS13000000026", "NAME": "Aarey Road", "TYPE": 1, "LOCATION": "Aarey Road, Mumbai, Mumbai Suburban", "WARD": "P/S", "SUBTYPE": 3, "DEPTH": null, "HEIGHT_TO_MSL": null, "AFFECT_AREA": null, "AFFECT_POPULATION": null, "AFFECTED_HUT": null, "AFFECT_ROAD": null, "AFFECT_RAIL": null, "NO_DE_WATER_PUMP": null, "REMARKS": "Already Tackled (2024-25)"}}, {"type": "Feature", "geometry": {"type": "Polygon", "coordinates": [[[72.83982781502688, 19.2092600509117], [72.8397330067276, 19.209342025645885], [72.83963367321068, 19.209418454194736], [72.83953013848146, 19.209489087264206], [72.83942274024868, 19.209553694463906], [72.83931182882304, 19.20961206505858], [72.83919776597457, 19.20966400865548], [72.83908092375258, 19.20970935582539], [72.8389616832721, 19.209747958655264], [72.8388404334708, 19.209779691230697], [72.83871756984033, 19.209804450046626], [72.83859349313632, 19.209822154344934], [72.83846860807117, 19.209832746377884], [72.83834332199402, 19.20983619159647], [72.838218043562, 19.209832478763094], [72.83809318140733, 19.209821619988258], [72.83796914280441, 19.209803650691022], [72.83784633234137, 19.2097786294835], [72.8377251506004, 19.20974663797967], [72.83760599285118, 19.20970778052917], [72.83748924776151, 19.20966218387692], [72.83737529612961, 19.20960999674973], [72.837264509642, 19.209551389371164], [72.83715724966119, 19.2094865529063], [72.83705386604694, 19.209415698838214], [72.83695469601511, 19.20933905827815], [72.83686006303775, 19.209256881211687], [72.83677027578793, 19.209169435683332], [72.83668562713301, 19.20907700692222], [72.83660639317932, 19.208979896411766], [72.83653283237153, 19.208878420906263], [72.83646518464973, 19.20877291139772], [72.8364036706667, 19.208663712036227], [72.83634849106826, 19.2085511790074], [72.83629982583884, 19.208435679370588], [72.83625783371426, 19.208317589861604], [72.8362226516641, 19.20819729566388], [72.83619439444493, 19.208075189152083], [72.8361731542259, 19.207951668612274], [72.83615900028819, 19.207827136942782], [72.83615197879901, 19.207702000340028], [72.836152112661, 19.2075766669736], [72.83615940143751, 19.20745154565489], [72.8361738213541, 19.207327044503632], [72.83619532537597, 19.207203569616702], [72.83622384336148, 19.20708152374352], [72.8362592822909, 19.206961304972353], [72.8363015265698, 19.206843305431846], [72.83635043840611, 19.206727910011974], [72.83640585825961, 19.20661549510861], [72.83646760536223, 19.20650642739581], [72.83653547830778, 19.206401062629773], [72.83660925570881, 19.206299744488472], [72.83668869691877, 19.206202803450623], [72.83677354281694, 19.206110555717743], [72.83686351665365, 19.20602330218276], [72.83695832495293, 19.205941327448574], [72.83705765846985, 19.205864898899723], [72.83716119319907, 19.205794265830253], [72.83726859143185, 19.205729658630553], [72.83737950285749, 19.20567128803588], [72.83749356570596, 19.20561934443898], [72.83761040792795, 19.20557399726907], [72.83772964840843, 19.205535394439195], [72.83785089820972, 19.205503661863762], [72.8379737618402, 19.205478903047833], [72.83809783854421, 19.205461198749525], [72.83822272360936, 19.205450606716575], [72.83834800968651, 19.20544716149799], [72.83847328811854, 19.205450874331365], [72.8385981502732, 19.2054617331062], [72.83872218887612, 19.205479702403437], [72.83884499933916, 19.20550472361096], [72.83896618108012, 19.20553671511479], [72.83908533882935, 19.20557557256529], [72.83920208391902, 19.20562116921754], [72.83931603555092, 19.20567335634473], [72.83942682203853, 19.205731963723295], [72.83953408201934, 19.20579680018816], [72.83963746563359, 19.205867654256245], [72.83973663566542, 19.20594429481631], [72.83983126864278, 19.206026471882772], [72.8399210558926, 19.206113917411127], [72.84000570454752, 19.206206346172237], [72.8400849385012, 19.206303456682694], [72.840158499309, 19.206404932188196], [72.8402261470308, 19.20651044169674], [72.84028766101383, 19.206619641058232], [72.84034284061227, 19.20673217408706], [72.8403915058417, 19.20684767372387], [72.84043349796627, 19.206965763232855], [72.84046868001643, 19.20708605743058], [72.8404969372356, 19.207208163942376], [72.84051817745463, 19.207331684482185], [72.84053233139234, 19.207456216151677], [72.84053935288152, 19.20758135275443], [72.84053921901953, 19.207706686120858], [72.84053193024302, 19.207831807439568], [72.84051751032644, 19.207956308590827], [72.84049600630456, 19.208079783477757], [72.84046748831905, 19.20820182935094], [72.84043204938963, 19.208322048122106], [72.84038980511073, 19.208440047662613], [72.84034089327442, 19.208555443082485], [72.84028547342092, 19.208667857985848], [72.8402237263183, 19.20877692569865], [72.84015585337275, 19.208882290464686], [72.84008207597172, 19.208983608605987], [72.84000263476176, 19.209080549643836], [72.83991778886359, 19.209172797376716], [72.83982781502688, 19.2092600509117]]]}, "properties": {"FEATUREID": "FS23000000021", "NAME": "Dahanukar Wadi Cemetry Road, Kandivali (W) ", "TYPE": 1, "LOCATION": "Dahanukar Wadi Cemetry Road, Kandivali (W)", "WARD": "R/S", "SUBTYPE": 99, "DEPTH": null, "HEIGHT_TO_MSL": null, "AFFECT_AREA": null, "AFFECT_POPULATION": null, "AFFECTED_HUT": null, "AFFECT_ROAD": null, "AFFECT_RAIL": null, "NO_DE_WATER_PUMP": null, "REMARKS": "Monsoon 26 (2025)"}}, {"type": "Feature", "geometry": {"type": "Polygon", "coordinates": [[[72.85623979553506, 19.20202151859656], [72.85623125121705, 19.202020659363303], [72.85622298591073, 19.202018329478477], [72.85621525075324, 19.202014599734458], [72.85620828077342, 19.202009583457627], [72.85620228775058, 19.202003433065016], [72.8561974537797, 19.201996335433197], [72.85619392573852, 19.20198850622012], [72.85619181082481, 19.201980183312457], [72.85619117329912, 19.201971619597554], [72.85619203253239, 19.20196307527955], [72.85619436241721, 19.201954809973223], [72.85619809216124, 19.201947074815727], [72.85620310843807, 19.201940104835906], [72.85620925883067, 19.20193411181307], [72.85621635646248, 19.201929277842186], [72.85622418567557, 19.201925749801013], [72.85623250858323, 19.201923634887297], [72.85624107229813, 19.20192299736162], [72.85624961661614, 19.201923856594878], [72.85625788192246, 19.201926186479703], [72.85626561707996, 19.201929916223722], [72.85627258705978, 19.201934932500553], [72.85627858008262, 19.201941082893164], [72.8562834140535, 19.201948180524983], [72.85628694209467, 19.201956009738062], [72.85628905700838, 19.201964332645723], [72.85628969453407, 19.201972896360626], [72.8562888353008, 19.20198144067863], [72.85628650541598, 19.201989705984957], [72.85628277567196, 19.201997441142453], [72.85627775939513, 19.202004411122275], [72.85627160900252, 19.20201040414511], [72.85626451137071, 19.202015238115994], [72.85625668215762, 19.202018766157167], [72.85624835924996, 19.202020881070883], [72.85623979553506, 19.20202151859656]]]}, "properties": {"FEATUREID": "FS23000000023", "NAME": "Akurli Road, Near Thakur House, Kandivali (E)", "TYPE": 1, "LOCATION": "Akurli Road, Near Thakur House, Kandivali (E)", "WARD": "R/S", "SUBTYPE": 3, "DEPTH": null, "HEIGHT_TO_MSL": null, "AFFECT_AREA": null, "AFFECT_POPULATION": null, "AFFECTED_HUT": null, "AFFECT_ROAD": null, "AFFECT_RAIL": null, "NO_DE_WATER_PUMP": null, "REMARKS": "Already Tackled (2024-25)"}}, {"type": "Feature", "geometry": {"type": "Polygon", "coordinates": [[[72.82968495447618, 19.208970226860615], [72.82965133903942, 19.208966840799494], [72.82961882228001, 19.208957668920917], [72.82958839220326, 19.20894298990777], [72.82956097341162, 19.20892324977444], [72.82953739901122, 19.20889904831489], [72.82951838529829, 19.20887112087822], [72.82950450999485, 19.208840316025466], [72.829496194695, 19.20880756974649], [72.82949369205491, 19.208773877020402], [72.82949707811602, 19.20874026158364], [72.82950624999461, 19.20870774482424], [72.82952092900776, 19.20867731474748], [72.82954066914108, 19.208649895955844], [72.82956487060063, 19.208626321555446], [72.8295927980373, 19.208607307842506], [72.82962360289005, 19.208593432539075], [72.82965634916903, 19.208585117239224], [72.82969004189512, 19.20858261459913], [72.82972365733188, 19.20858600066025], [72.82975617409129, 19.20859517253883], [72.82978660416804, 19.208609851551977], [72.82981402295968, 19.208629591685305], [72.82983759736008, 19.208653793144855], [72.82985661107301, 19.208681720581524], [72.82987048637645, 19.20871252543428], [72.8298788016763, 19.208745271713255], [72.82988130431639, 19.208778964439343], [72.82987791825528, 19.208812579876106], [72.82986874637669, 19.208845096635507], [72.82985406736354, 19.208875526712266], [72.82983432723022, 19.2089029455039], [72.82981012577066, 19.2089265199043], [72.829782198334, 19.20894553361724], [72.82975139348125, 19.20895940892067], [72.82971864720227, 19.20896772422052], [72.82968495447618, 19.208970226860615]]]}, "properties": {"FEATUREID": "FS23000000024", "NAME": "MG Road upto Hindusthan Naka ", "TYPE": 1, "LOCATION": "MG Road upto Hindusthan Naka", "WARD": "R/S", "SUBTYPE": 3, "DEPTH": null, "HEIGHT_TO_MSL": null, "AFFECT_AREA": null, "AFFECT_POPULATION": null, "AFFECTED_HUT": null, "AFFECT_ROAD": null, "AFFECT_RAIL": null, "NO_DE_WATER_PUMP": null, "REMARKS": "Already Tackled (2024-25)"}}, {"type": "Feature", "geometry": {"type": "Polygon", "coordinates": [[[72.82935269858055, 19.204086644386678], [72.82930214846886, 19.20408244233526], [72.82925267511989, 19.204071245962115], [72.82920524147613, 19.20405327319192], [72.82916077077951, 19.204028873844194], [72.82912012860152, 19.20399852282449], [72.82908410599593, 19.20396281088089], [72.82905340410181, 19.20392243310574], [72.82902862049659, 19.203878175406512], [72.82901023756496, 19.20383089920898], [72.82899861310976, 19.20378152469055], [72.8289939733878, 19.203731012870065], [72.82899640870598, 19.203680346902654], [72.82900587166361, 19.203630512943736], [72.829022178075, 19.203582480954637], [72.82904501055437, 19.203537185823393], [72.82907392469349, 19.20349550916821], [72.82910835771153, 19.203458262177772], [72.82914763940899, 19.203426169822382], [72.82919100521227, 19.203399856743236], [72.82923761105536, 19.203379835094484], [72.82928654980853, 19.203366494574748], [72.82933686893462, 19.203360094842065], [72.82938758902907, 19.203360760459958], [72.82943772288294, 19.20336847847293], [72.8294862946978, 19.203383098658637], [72.82953235907851, 19.203404336451797], [72.8295750194343, 19.20343177848292], [72.82961344542989, 19.203464890624083], [72.82964688914694, 19.203503028385132], [72.82967469964159, 19.20354544945792], [72.82969633561416, 19.20359132816452], [72.82971137594507, 19.2036397715281], [72.82971952789138, 19.203689836653687], [72.82972063278473, 19.20374054908056], [72.82971466911964, 19.203790921749015], [72.82970175297204, 19.203839974212357], [72.82968213574007, 19.203886751720187], [72.82965619925085, 19.20393034380152], [72.8296244483286, 19.203969901986078], [72.82958750096894, 19.204004656318798], [72.8295460763102, 19.204033930346128], [72.82950098063621, 19.20405715428242], [72.829453091683, 19.20407387610017], [72.82940334155457, 19.20408377032822], [72.82935269858055, 19.204086644386678]]]}, "properties": {"FEATUREID": "FS23000000025", "NAME": "Ganesh Nagar , 60 ft DP Road", "TYPE": 1, "LOCATION": "Ganesh Nagar , 60 ft DP Road", "WARD": "R/S", "SUBTYPE": 3, "DEPTH": null, "HEIGHT_TO_MSL": null, "AFFECT_AREA": null, "AFFECT_POPULATION": null, "AFFECTED_HUT": null, "AFFECT_ROAD": null, "AFFECT_RAIL": null, "NO_DE_WATER_PUMP": null, "REMARKS": "Already Tackled (2024-25)"}}, {"type": "Feature", "geometry": {"type": "Polygon", "coordinates": [[[72.838585970017, 19.122361020136665], [72.83856537433634, 19.1224877998546], [72.83853782591916, 19.122613252489696], [72.8385034084291, 19.12273699704642], [72.83846222639096, 19.122858657716627], [72.8384144048732, 19.122977865020857], [72.83836008910824, 19.123094256930447], [72.83829944405124, 19.123207479966986], [72.83823265387927, 19.12331719027584], [72.83815992143188, 19.123423054670408], [72.83808146759512, 19.123524751644], [72.83799753063069, 19.123621972346246], [72.83790836545244, 19.123714421521075], [72.83781424285203, 19.12380181840338], [72.83771544867676, 19.1238838975717], [72.83761228296126, 19.1239604097543], [72.83750505901642, 19.124031122586192], [72.83739410247784, 19.12409582131484], [72.83727975031688, 19.12415430945232], [72.8371623498173, 19.124206409372086], [72.83704225752057, 19.12425196284839], [72.836919838143, 19.12429083153683], [72.83679546346828, 19.12432289739447], [72.83666951121816, 19.124348063038358], [72.83654236390551, 19.124366252041256], [72.83641440767252, 19.124377409163763], [72.83628603111809, 19.124381500522066], [72.83615762411758, 19.124378513690843], [72.83602957663884, 19.124368457741003], [72.83590227755782, 19.12435136321213], [72.83577611347769, 19.124327282019753], [72.83565146755461, 19.124296287297657], [72.83552871833412, 19.1242584731758], [72.8354082386016, 19.124213954494422], [72.83529039425001, 19.124162866455297], [72.8351755431688, 19.12410536421112], [72.83506403415691, 19.124041622394316], [72.83495620586356, 19.12397183458669], [72.83485238575972, 19.123896212731523], [72.83475288914363, 19.123814986489897], [72.83465801818325, 19.12372840254324], [72.83456806099858, 19.123636723844154], [72.83448329078661, 19.123540228817834], [72.83440396499171, 19.1234392105165], [72.83433032452369, 19.123333975729423], [72.83426259302625, 19.123224844051183], [72.8342009761977, 19.123112146911105], [72.83414566116636, 19.122996226566695], [72.83409681592212, 19.122877435064236], [72.83405458880641, 19.12275613316961], [72.83401910806158, 19.122632689272685], [72.83399048144149, 19.122507478268524], [72.83396879588425, 19.122380880418824], [72.83395411724817, 19.1222532801971], [72.83394649011179, 19.12212506512103], [72.83394593763848, 19.121996624575583], [72.83395246150609, 19.12186834863048], [72.83396604190182, 19.12174062685554], [72.83398663758247, 19.121613847137606], [72.83401418599965, 19.12148839450251], [72.8340486034897, 19.121364649945786], [72.83408978552785, 19.12124298927558], [72.8341376070456, 19.12112378197135], [72.83419192281058, 19.12100739006176], [72.83425256786757, 19.12089416702522], [72.83431935803954, 19.120784456716365], [72.83439209048693, 19.1206785923218], [72.8344705443237, 19.120576895348208], [72.83455448128812, 19.12047967464596], [72.83464364646638, 19.12038722547113], [72.83473776906678, 19.120299828588827], [72.83483656324205, 19.120217749420505], [72.83493972895755, 19.120141237237906], [72.83504695290239, 19.120070524406014], [72.83515790944097, 19.120005825677367], [72.83527226160193, 19.119947337539887], [72.8353896621015, 19.11989523762012], [72.83550975439825, 19.119849684143816], [72.8356321737758, 19.119810815455377], [72.83575654845053, 19.119778749597735], [72.83588250070065, 19.119753583953848], [72.8360096480133, 19.11973539495095], [72.83613760424629, 19.119724237828443], [72.83626598080072, 19.11972014647014], [72.83639438780123, 19.119723133301363], [72.83652243527997, 19.119733189251203], [72.83664973436099, 19.119750283780075], [72.83677589844112, 19.119774364972454], [72.8369005443642, 19.11980535969455], [72.83702329358469, 19.119843173816406], [72.83714377331721, 19.119887692497784], [72.8372616176688, 19.11993878053691], [72.83737646875001, 19.119996282781088], [72.8374879777619, 19.12006002459789], [72.83759580605525, 19.120129812405516], [72.8376996261591, 19.120205434260683], [72.83779912277518, 19.12028666050231], [72.83789399373556, 19.120373244448967], [72.83798395092023, 19.120464923148052], [72.8380687211322, 19.120561418174372], [72.8381480469271, 19.120662436475705], [72.83822168739512, 19.120767671262783], [72.83828941889256, 19.120876802941023], [72.8383510357211, 19.1209895000811], [72.83840635075245, 19.12110542042551], [72.83845519599669, 19.12122421192797], [72.8384974231124, 19.121345513822597], [72.83853290385723, 19.12146895771952], [72.83856153047732, 19.121594168723682], [72.83858321603456, 19.121720766573382], [72.83859789467064, 19.121848366795106], [72.83860552180703, 19.121976581871177], [72.83860607428034, 19.122105022416623], [72.83859955041272, 19.122233298361728], [72.838585970017, 19.122361020136665]]]}, "properties": {"FEATUREID": "FS20000000069", "NAME": "Irla Darshan ", "TYPE": 1, "LOCATION": "Gilbert Hill Road, Juhu, Andheri (West)", "WARD": "K/W", "SUBTYPE": 99, "DEPTH": null, "HEIGHT_TO_MSL": null, "AFFECT_AREA": null, "AFFECT_POPULATION": null, "AFFECTED_HUT": null, "AFFECT_ROAD": null, "AFFECT_RAIL": null, "NO_DE_WATER_PUMP": null, "REMARKS": "Other Agency (2025)"}}, {"type": "Feature", "geometry": {"type": "Polygon", "coordinates": [[[72.90585597616672, 19.038478948612536], [72.90571900144451, 19.03848448948084], [72.90558192445476, 19.03848285405251], [72.90544512091596, 19.038474046810137], [72.9053089657971, 19.038458091893766], [72.90517383228992, 19.038435033034713], [72.90504009078595, 19.0384049334357], [72.90490810786136, 19.038367875597647], [72.90477824527217, 19.038323961093504], [72.90465085896271, 19.038273310289878], [72.90452629809, 19.0382160620171], [72.90440490406674, 19.038152373188705], [72.9042870096255, 19.03808241837135], [72.90417293790676, 19.038006389306318], [72.90406300157316, 19.037924494384], [72.90395750195258, 19.03783695807268], [72.90385672821209, 19.03774402030331], [72.90376095656556, 19.03764593581185], [72.90367044951638, 19.03754297344107], [72.90358545513811, 19.037435415403678], [72.90350620639443, 19.037323556508774], [72.9034329205006, 19.03720770335382], [72.90336579832821, 19.037088173484253], [72.90330502385444, 19.036965294523142], [72.90325076365791, 19.036839403273177], [72.90320316646205, 19.03671084479352], [72.90316236272744, 19.036579971454035], [72.90312846429431, 19.036447141969443], [72.9031015640759, 19.03631272041613], [72.90308173580382, 19.03617707523423], [72.90306903382603, 19.03604057821776], [72.90306349295773, 19.03590360349555], [72.90306512838605, 19.0357665265058], [72.90307393562843, 19.035629722967002], [72.90308989054479, 19.035493567848153], [72.90311294940385, 19.035358434340967], [72.90314304900286, 19.03522469283699], [72.90318010684092, 19.035092709912398], [72.90322402134505, 19.034962847323207], [72.90327467214868, 19.03483546101375], [72.90333192042146, 19.03471090014104], [72.90339560924986, 19.03458950611778], [72.90346556406722, 19.034471611676544], [72.90354159313225, 19.034357539957803], [72.90362348805456, 19.03424760362421], [72.90371102436588, 19.03414210400361], [72.90380396213526, 19.034041330263136], [72.90390204662671, 19.0339455586166], [72.90400500899749, 19.03385505156743], [72.90411256703489, 19.033770057189155], [72.90422442592978, 19.033690808445463], [72.90434027908474, 19.033617522551648], [72.90445980895431, 19.033550400379255], [72.90458268791542, 19.033489625905485], [72.90470857916539, 19.033435365708954], [72.90483713764505, 19.033387768513084], [72.90496801098452, 19.033346964778485], [72.90510084046912, 19.033313066345354], [72.90523526202243, 19.03328616612694], [72.90537090720433, 19.033266337854872], [72.9055074042208, 19.033253635877067], [72.90564437894301, 19.033248095008762], [72.90578145593275, 19.033249730437092], [72.90591825947156, 19.033258537679465], [72.90605441459041, 19.033274492595837], [72.9061895480976, 19.03329755145489], [72.90632328960157, 19.033327651053902], [72.90645527252616, 19.033364708891956], [72.90658513511535, 19.0334086233961], [72.90671252142481, 19.033459274199725], [72.90683708229751, 19.033516522472503], [72.90695847632078, 19.033580211300897], [72.90707637076201, 19.033650166118253], [72.90719044248075, 19.033726195183284], [72.90730037881436, 19.0338080901056], [72.90740587843494, 19.03389562641692], [72.90750665217543, 19.03398856418629], [72.90760242382196, 19.034086648677754], [72.90769293087114, 19.034189611048532], [72.9077779252494, 19.034297169085924], [72.9078571739931, 19.03440902798083], [72.90793045988691, 19.034524881135784], [72.90799758205931, 19.03464441100535], [72.90805835653308, 19.03476728996646], [72.90811261672961, 19.034893181216425], [72.90816021392547, 19.03502173969608], [72.90820101766008, 19.035152613035567], [72.9082349160932, 19.03528544252016], [72.90826181631162, 19.03541986407347], [72.9082816445837, 19.03555550925537], [72.90829434656149, 19.03569200627184], [72.90829988742979, 19.03582898099405], [72.90829825200147, 19.035966057983803], [72.90828944475909, 19.0361028615226], [72.90827348984273, 19.03623901664145], [72.90825043098367, 19.036374150148635], [72.90822033138465, 19.03650789165261], [72.9081832735466, 19.036639874577205], [72.90813935904247, 19.036769737166395], [72.90808870823884, 19.036897123475853], [72.90803145996605, 19.037021684348563], [72.90796777113766, 19.037143078371823], [72.9078978163203, 19.03726097281306], [72.90782178725527, 19.0373750445318], [72.90773989233296, 19.037484980865393], [72.90765235602164, 19.037590480485992], [72.90755941825226, 19.037691254226466], [72.9074613337608, 19.037787025873], [72.90735837139003, 19.037877532922174], [72.90725081335263, 19.037962527300447], [72.90713895445774, 19.03804177604414], [72.90702310130278, 19.038115061937955], [72.9069035714332, 19.038182184110347], [72.9067806924721, 19.038242958584117], [72.90665480122213, 19.03829721878065], [72.90652624274247, 19.03834481597652], [72.906395369403, 19.038385619711118], [72.9062625399184, 19.03841951814425], [72.90612811836509, 19.038446418362664], [72.90599247318319, 19.03846624663473], [72.90585597616672, 19.038478948612536]]]}, "properties": {"FEATUREID": "FS16000000036", "NAME": "Eastern Freeway,  Twin Tunnel panjarapol Chembur", "TYPE": 2, "LOCATION": "Eastern Freeway, panjarapol Chembur", "WARD": "M/E", "SUBTYPE": 2, "DEPTH": null, "HEIGHT_TO_MSL": null, "AFFECT_AREA": null, "AFFECT_POPULATION": null, "AFFECTED_HUT": null, "AFFECT_ROAD": null, "AFFECT_RAIL": null, "NO_DE_WATER_PUMP": null, "REMARKS": "Bridge (2025)"}}, {"type": "Feature", "geometry": {"type": "Polygon", "coordinates": [[[72.84988782627882, 19.189579875632006], [72.8498662470729, 19.18957770494633], [72.84984537263922, 19.189571820048464], [72.84982583723688, 19.189562399748052], [72.8498082344392, 19.189549730276156], [72.84979309909828, 19.189534196588266], [72.84978089109379, 19.189516270667628], [72.84977198135977, 19.189496497184273], [72.84976664061398, 19.189475476945482], [72.84976503113228, 19.18945384864058], [72.84976720181795, 19.18943226943466], [72.84977308671581, 19.18941139500098], [72.84978250701623, 19.189391859598643], [72.84979517648813, 19.189374256800964], [72.84981071017602, 19.18935912146004], [72.84982863609666, 19.189346913455548], [72.84984840958, 19.189338003721527], [72.8498694298188, 19.189332662975737], [72.8498910581237, 19.189331053494037], [72.84991263732962, 19.189333224179713], [72.8499335117633, 19.18933910907758], [72.84995304716564, 19.18934852937799], [72.84997064996332, 19.189361198849888], [72.84998578530424, 19.189376732537777], [72.84999799330873, 19.189394658458415], [72.85000690304275, 19.18941443194177], [72.85001224378854, 19.18943545218056], [72.85001385327024, 19.189457080485465], [72.85001168258457, 19.189478659691382], [72.8500057976867, 19.189499534125062], [72.84999637738629, 19.1895190695274], [72.84998370791439, 19.18953667232508], [72.8499681742265, 19.189551807666003], [72.84995024830586, 19.189564015670495], [72.84993047482251, 19.189572925404516], [72.84990945458372, 19.189578266150306], [72.84988782627882, 19.189579875632006]]]}, "properties": {"FEATUREID": "FS12000000024", "NAME": "Patkarwadi", "TYPE": 1, "LOCATION": "Manchubhai Road, Malad (East)", "WARD": "P/N", "SUBTYPE": 99, "DEPTH": null, "HEIGHT_TO_MSL": null, "AFFECT_AREA": null, "AFFECT_POPULATION": null, "AFFECTED_HUT": null, "AFFECT_ROAD": null, "AFFECT_RAIL": null, "NO_DE_WATER_PUMP": null, "REMARKS": "Already Tackled (2024-25)"}}, {"type": "Feature", "geometry": {"type": "Polygon", "coordinates": [[[72.82856740502082, 19.229952672944965], [72.82852720483889, 19.229948718457624], [72.8284882512116, 19.22993802698826], [72.82845166476386, 19.229920906110987], [72.82841849802116, 19.229897848362263], [72.82838970513033, 19.229869517071542], [72.82836611441039, 19.229836727278478], [72.8283484045234, 19.229800422285713], [72.82833708495058, 19.229761646521787], [72.82833248133541, 19.229721515494838], [72.82833472611553, 19.229681183701434], [72.8283437547127, 19.22964181141385], [72.82835930739063, 19.229604531301103], [72.82838093672707, 19.229570415844172], [72.82840802048541, 19.229540446482634], [72.82843977951524, 19.229515485380453], [72.82847530016706, 19.229496250623097], [72.82851356057643, 19.229483295559515], [72.82855346006099, 19.229476992883292], [72.82859385078525, 19.229477523910955], [72.8286335707816, 19.229484873365802], [72.82867147737808, 19.2294988298174], [72.82870648007089, 19.229518991764042], [72.82873757189631, 19.229544779183236], [72.82876385839913, 19.229575450217883], [72.82878458336452, 19.229610122518157], [72.82879915057296, 19.22964779862511], [72.82880714095239, 19.229687394665735], [72.82880832463414, 19.229727771534044], [72.82880266756584, 19.229767767661045], [72.82879033249104, 19.229806232430985], [72.82877167426739, 19.229842059282465], [72.828747229658, 19.2298742175422], [72.82871770188981, 19.229901782075604], [72.82868394042292, 19.229923959901242], [72.82864691651326, 19.22994011300345], [72.82860769527133, 19.229949776686883], [72.82856740502082, 19.229952672944965]]]}, "properties": {"FEATUREID": "FS24000000030", "NAME": "Gorai Dispesary", "TYPE": 1, "LOCATION": "Garai Dispesary Gorai 1 Borivali W", "WARD": "R/C", "SUBTYPE": 99, "DEPTH": null, "HEIGHT_TO_MSL": null, "AFFECT_AREA": null, "AFFECT_POPULATION": null, "AFFECTED_HUT": null, "AFFECT_ROAD": null, "AFFECT_RAIL": null, "NO_DE_WATER_PUMP": null, "REMARKS": "Plainning Stage (2024-25)"}}, {"type": "Feature", "geometry": {"type": "Polygon", "coordinates": [[[72.8721024632939, 19.173834594264502], [72.87198249264591, 19.173836763784028], [72.87186260417486, 19.173831822356778], [72.87174321899339, 19.1738197873397], [72.87162475644628, 19.173800701006225], [72.87150763263756, 19.1737746303978], [72.87139225896887, 19.173741667088386], [72.87127904069445, 19.17370192686281], [72.87116837549759, 19.173655549310066], [72.87106065209386, 19.173602697332996], [72.87095624886562, 19.1735435565761], [72.87085553253303, 19.17347833477344], [72.87075885686588, 19.173407261018976], [72.87066656144097, 19.173330584961867], [72.87057897044934, 19.17324857592956], [72.87049639155757, 19.17316152198177], [72.870419114827, 19.17306972889866], [72.870347411695, 19.17297351910679], [72.87028153402139, 19.172873230546557], [72.87022171320393, 19.172769215485186], [72.87016815936542, 19.172661839279378], [72.87012106061566, 19.17255147909197], [72.87008058239074, 19.17243852256715], [72.8700468668719, 19.17232336646882], [72.87002003248612, 19.172206415286983], [72.87000017349017, 19.17208807981693], [72.86998735963948, 19.171968775716312], [72.86998163594319, 19.17184892204514], [72.86998302250599, 19.1717289397938], [72.86999151445751, 19.171609250404327], [72.87000708196946, 19.17149027429007], [72.87002967036041, 19.17137242935896], [72.8700592002878, 19.171256129545625], [72.87009556802667, 19.1711417833574], [72.87013864583403, 19.171029792439438], [72.8701882823975, 19.170920550163924], [72.87024430336686, 19.170814440248336], [72.87030651196638, 19.17071183540762], [72.8703746896861, 19.170613096045024], [72.8704485970493, 19.170518568986157], [72.87052797445368, 19.170428586260766], [72.87061254308318, 19.17034346393645], [72.87070200588742, 19.170263501008485], [72.87079604862505, 19.17018897834956], [72.87089434096751, 19.170120157723247], [72.87099653765937, 19.170057280864494], [72.87110227973102, 19.170000568630563], [72.87121119575957, 19.16995022022525], [72.87132290317349, 19.16990641249916], [72.87143700959645, 19.16986929932853], [72.87155311422545, 19.169839011074725], [72.87167080923875, 19.16981565412634], [72.87178968122832, 19.16979931052551], [72.87190931265197, 19.16979003767973], [72.87202928329995, 19.169787868160203], [72.872149171771, 19.169792809587452], [72.87226855695248, 19.16980484460453], [72.87238701949958, 19.169823930938005], [72.8725041433083, 19.16985000154643], [72.872619516977, 19.169882964855844], [72.87273273525142, 19.16992270508142], [72.87284340044828, 19.169969082634164], [72.872951123852, 19.170021934611235], [72.87305552708024, 19.17008107536813], [72.87315624341284, 19.170146297170792], [72.87325291907999, 19.170217370925254], [72.8733452145049, 19.170294046982363], [72.87343280549652, 19.17037605601467], [72.8735153843883, 19.170463109962462], [72.87359266111886, 19.17055490304557], [72.87366436425087, 19.17065111283744], [72.87373024192448, 19.170751401397673], [72.87379006274193, 19.170855416459045], [72.87384361658044, 19.170962792664852], [72.8738907153302, 19.17107315285226], [72.87393119355512, 19.171186109377082], [72.87396490907396, 19.17130126547541], [72.87399174345974, 19.171418216657248], [72.8740116024557, 19.1715365521273], [72.87402441630638, 19.17165585622792], [72.87403014000267, 19.17177570989909], [72.87402875343987, 19.17189569215043], [72.87402026148835, 19.172015381539904], [72.8740046939764, 19.172134357654162], [72.87398210558545, 19.17225220258527], [72.87395257565807, 19.172368502398605], [72.8739162079192, 19.17248284858683], [72.87387313011183, 19.172594839504793], [72.87382349354836, 19.172704081780306], [72.873767472579, 19.172810191695895], [72.87370526397949, 19.17291279653661], [72.87363708625976, 19.173011535899207], [72.87356317889656, 19.173106062958073], [72.87348380149218, 19.173196045683465], [72.87339923286268, 19.17328116800778], [72.87330977005844, 19.173361130935746], [72.87321572732081, 19.17343565359467], [72.87311743497835, 19.173504474220984], [72.8730152382865, 19.173567351079736], [72.87290949621485, 19.173624063313667], [72.8728005801863, 19.17367441171898], [72.87268887277237, 19.17371821944507], [72.87257476634942, 19.173755332615702], [72.87245866172042, 19.173785620869506], [72.87234096670711, 19.17380897781789], [72.87222209471754, 19.17382532141872], [72.8721024632939, 19.173834594264502]]]}, "properties": {"FEATUREID": "FS13000000028", "NAME": "Dhakad Compound", "TYPE": 1, "LOCATION": "Pankaj Shah Marg, Near Satellite Tower, Goregaon (East)", "WARD": "P/S", "SUBTYPE": 99, "DEPTH": null, "HEIGHT_TO_MSL": null, "AFFECT_AREA": null, "AFFECT_POPULATION": null, "AFFECTED_HUT": null, "AFFECT_ROAD": null, "AFFECT_RAIL": null, "NO_DE_WATER_PUMP": null, "REMARKS": "Monsoon 26 (2025)"}}, {"type": "Feature", "geometry": {"type": "Polygon", "coordinates": [[[72.84133249943677, 19.171488499343468], [72.84122379590039, 19.171441465370574], [72.84111813052832, 19.171387953852424], [72.84101588888204, 19.171328160046738], [72.84091744403027, 19.171262302134636], [72.84082315518755, 19.171190620424493], [72.84073336640367, 19.171113376475095], [72.84064840530814, 19.17103085214124], [72.84056858191482, 19.170943348545272], [72.84049418749059, 19.170851184978318], [72.84042549349265, 19.170754697735244], [72.84036275057792, 19.170654238887536], [72.84030618768854, 19.170550174998635], [72.84025601121633, 19.170442885786386], [72.84021240424978, 19.170332762737488], [72.840175525906, 19.170220207679], [72.84014551075009, 19.170105631312136], [72.84012246830406, 19.169989451713622], [72.84010648264731, 19.16987209281022], [72.84009761210977, 19.169753982831836], [72.84009588905909, 19.16963555274898], [72.84010131978245, 19.16951723470017], [72.84011388446378, 19.169399460415146], [72.84013353725587, 19.169282659639496], [72.84016020644785, 19.169167258566585], [72.84019379472672, 19.169053678282413], [72.84023417953249, 19.168942333229122], [72.84028121350538, 19.16883362969273], [72.84033472502352, 19.168727964320663], [72.84039451882921, 19.168625722674395], [72.84046037674132, 19.16852727782261], [72.84053205845146, 19.168432988979895], [72.84060930240085, 19.16834320019601], [72.84069182673471, 19.168258239100496], [72.84077933033068, 19.168178415707168], [72.84087149389764, 19.16810402128294], [72.84096798114071, 19.168035327284993], [72.84106843998842, 19.16797258437028], [72.84117250387732, 19.167916021480888], [72.84127979308957, 19.16786584500867], [72.84138991613847, 19.167822238042127], [72.84150247119695, 19.167785359698357], [72.84161704756382, 19.16775534454243], [72.84173322716234, 19.167732302096404], [72.84185058606573, 19.16771631643966], [72.84196869604412, 19.167707445902124], [72.84208712612697, 19.16770572285143], [72.84220544417578, 19.167711153574803], [72.8423232184608, 19.167723718256116], [72.84244001923645, 19.167743371048218], [72.84255542030937, 19.167770040240196], [72.84266900059353, 19.167803628519064], [72.84278034564683, 19.16784401332483], [72.84288904918321, 19.167891047297726], [72.84299471455529, 19.167944558815876], [72.84309695620156, 19.168004352621562], [72.84319540105334, 19.168070210533664], [72.84328968989605, 19.168141892243806], [72.84337947867994, 19.168219136193205], [72.84346443977546, 19.16830166052706], [72.84354426316878, 19.168389164123028], [72.84361865759301, 19.16848132768998], [72.84368735159096, 19.168577814933055], [72.84375009450568, 19.168678273780763], [72.84380665739506, 19.168782337669665], [72.84385683386728, 19.168889626881914], [72.84390044083382, 19.168999749930812], [72.8439373191776, 19.169112304989298], [72.84396733433351, 19.169226881356163], [72.84399037677954, 19.169343060954677], [72.84400636243629, 19.16946041985808], [72.84401523297383, 19.169578529836464], [72.84401695602452, 19.16969695991932], [72.84401152530116, 19.16981527796813], [72.84399896061983, 19.169933052253153], [72.84397930782774, 19.170049853028804], [72.84395263863576, 19.170165254101715], [72.84391905035689, 19.170278834385886], [72.84387866555112, 19.170390179439178], [72.84383163157823, 19.17049888297557], [72.84377812006008, 19.170604548347637], [72.84371832625439, 19.170706789993904], [72.84365246834228, 19.17080523484569], [72.84358078663215, 19.170899523688405], [72.84350354268275, 19.17098931247229], [72.84342101834889, 19.171074273567804], [72.84333351475293, 19.171154096961132], [72.84324135118597, 19.17122849138536], [72.8431448639429, 19.171297185383306], [72.84304440509518, 19.17135992829802], [72.84294034120629, 19.17141649118741], [72.84283305199403, 19.17146666765963], [72.84272292894514, 19.171510274626172], [72.84261037388666, 19.171547152969943], [72.84249579751979, 19.171577168125868], [72.84237961792127, 19.171600210571896], [72.84226225901787, 19.17161619622864], [72.84214414903948, 19.171625066766175], [72.84202571895663, 19.17162678981687], [72.84190740090783, 19.171621359093496], [72.8417896266228, 19.171608794412183], [72.84167282584716, 19.171589141620082], [72.84155742477424, 19.171562472428104], [72.84144384449007, 19.171528884149236], [72.84133249943677, 19.171488499343468]]]}, "properties": {"FEATUREID": "FS13000000029", "NAME": "Near Riddhi Siddhi Nalla", "TYPE": 1, "LOCATION": "Near Riddhi Siddhi Nalla,Arun Kumar Vaidya Marg, Goregaon (East)", "WARD": "P/S", "SUBTYPE": 3, "DEPTH": null, "HEIGHT_TO_MSL": null, "AFFECT_AREA": null, "AFFECT_POPULATION": null, "AFFECTED_HUT": null, "AFFECT_ROAD": null, "AFFECT_RAIL": null, "NO_DE_WATER_PUMP": null, "REMARKS": "Monsoon 26 (2025)"}}, {"type": "Feature", "geometry": {"type": "Polygon", "coordinates": [[[72.82487949356718, 18.92699439908736], [72.8248498885369, 18.926991422349023], [72.82482125017876, 18.92698334997447], [72.82479444865474, 18.926970427238725], [72.82477029831563, 18.92695304679257], [72.82474953295721, 18.926931736732065], [72.82473278352444, 18.92690714455262], [72.82472055894031, 18.926880017475153], [72.82471323064267, 18.926851179742197], [72.82471102129811, 18.92682150757367], [72.82471399803644, 18.9267919025434], [72.824722070411, 18.926763264185247], [72.82473499314675, 18.92673646266124], [72.8247523735929, 18.926712312322113], [72.8247736836534, 18.926691546963706], [72.82479827583285, 18.926674797530925], [72.82482540291032, 18.92666257294681], [72.82485424064328, 18.92665524464916], [72.8248839128118, 18.9266530353046], [72.82491351784208, 18.926656012042937], [72.82494215620022, 18.92666408441749], [72.82496895772424, 18.926677007153234], [72.82499310806335, 18.92669438759939], [72.82501387342177, 18.926715697659894], [72.82503062285454, 18.92674028983934], [72.82504284743867, 18.926767416916807], [72.82505017573631, 18.926796254649762], [72.82505238508087, 18.92682592681829], [72.82504940834254, 18.92685553184856], [72.82504133596798, 18.926884170206712], [72.82502841323223, 18.92691097173072], [72.82501103278608, 18.926935122069846], [72.82498972272558, 18.926955887428253], [72.82496513054613, 18.926972636861034], [72.82493800346866, 18.92698486144515], [72.8249091657357, 18.926992189742798], [72.82487949356718, 18.92699439908736]]]}, "properties": {"FEATUREID": "FS01000000021", "NAME": "Vidhan Bhavan Road (Tackled)", "TYPE": 2, "LOCATION": "Vidhan Bhavan Road, Churchgate ", "WARD": "A", "SUBTYPE": 2, "DEPTH": null, "HEIGHT_TO_MSL": null, "AFFECT_AREA": null, "AFFECT_POPULATION": null, "AFFECTED_HUT": null, "AFFECT_ROAD": null, "AFFECT_RAIL": null, "NO_DE_WATER_PUMP": null, "REMARKS": "Already Tackled (2024-25)"}}, {"type": "Feature", "geometry": {"type": "Polygon", "coordinates": [[[72.85780764691576, 19.0159872300983], [72.8577955417101, 19.015986014546545], [72.85778383148806, 19.015982715414854], [72.85777287205883, 19.015977432945665], [72.85776299641908, 19.015970327644137], [72.85775450463517, 19.015961615401263], [72.85774765472563, 19.01595156093413], [72.8577426548215, 19.015940469742638], [72.85773965684234, 19.015928678827024], [72.85773875188022, 19.015916546448295], [72.85773996743198, 19.01590444124264], [72.85774326656367, 19.015892731020603], [72.85774854903286, 19.01588177159136], [72.85775565433438, 19.015871895951623], [72.85776436657726, 19.015863404167703], [72.8577744210444, 19.01585655425816], [72.85778551223589, 19.01585155435403], [72.8577973031515, 19.01584855637487], [72.85780943553023, 19.01584765141276], [72.85782154073588, 19.015848866964514], [72.85783325095792, 19.015852166096206], [72.85784421038716, 19.015857448565395], [72.8578540860269, 19.015864553866923], [72.85786257781082, 19.015873266109796], [72.85786942772036, 19.01588332057693], [72.8578744276245, 19.01589441176842], [72.85787742560365, 19.015906202684036], [72.85787833056577, 19.015918335062764], [72.857877115014, 19.01593044026842], [72.85787381588231, 19.015942150490456], [72.85786853341313, 19.0159531099197], [72.8578614281116, 19.015962985559437], [72.85785271586873, 19.015971477343356], [72.85784266140159, 19.0159783272529], [72.8578315702101, 19.01598332715703], [72.85781977929449, 19.01598632513619], [72.85780764691576, 19.0159872300983]]]}, "properties": {"FEATUREID": "FS06000000061", "NAME": "Bank of baroda R A Kidwai", "TYPE": 1, "LOCATION": "Bank of baroda R.A.Kidwai, Wadala", "WARD": "F/N", "SUBTYPE": 3, "DEPTH": null, "HEIGHT_TO_MSL": null, "AFFECT_AREA": null, "AFFECT_POPULATION": null, "AFFECTED_HUT": null, "AFFECT_ROAD": null, "AFFECT_RAIL": null, "NO_DE_WATER_PUMP": null, "REMARKS": "Monsoon 24 (2024-25)"}}, {"type": "Feature", "geometry": {"type": "Polygon", "coordinates": [[[72.86439931128541, 19.052501741696844], [72.86428203949123, 19.052487827167656], [72.86416582179143, 19.052466857330046], [72.8640510822518, 19.052438908700683], [72.86393823954451, 19.05240408326108], [72.86382770542032, 19.052362508085494], [72.86371988320629, 19.052314334877227], [72.86361516633396, 19.052259739415096], [72.86351393690387, 19.052198920912016], [72.8634165642912, 19.052132101288116], [72.86332340379809, 19.052059524360953], [72.86323479535704, 19.051981454955865], [72.86315106229067, 19.051898177939645], [72.86307251013184, 19.051809997181092], [72.86299942550889, 19.051717234442233], [72.86293207509964, 19.05162022820424], [72.86287070465845, 19.05151933243236], [72.8628155381194, 19.05141491528432], [72.86276677677924, 19.051307357766966], [72.86272459856276, 19.051197052346023], [72.86268915737374, 19.051084401514], [72.86266058253321, 19.050969816321576], [72.86263897830767, 19.050853714877686], [72.8626244235286, 19.050736520823907], [72.8626169713048, 19.050618661788633], [72.86261664882865, 19.050500567826706], [72.86262345727681, 19.050382669850183], [72.862637371806, 19.050265398055995], [72.86265834164361, 19.0501491803562], [72.86268629027298, 19.050034440816585], [72.86272111571257, 19.049921598109282], [72.86276269088816, 19.049811063985096], [72.86281086409643, 19.04970324177106], [72.86286545955856, 19.049598524898737], [72.86292627806164, 19.049497295468637], [72.86299309768555, 19.049399922855976], [72.86306567461271, 19.049306762362857], [72.86314374401779, 19.049218153921814], [72.86322702103402, 19.049134420855445], [72.86331520179257, 19.04905586869662], [72.86340796453143, 19.048982784073655], [72.86350497076941, 19.04891543366441], [72.86360586654129, 19.048854063223224], [72.86371028368934, 19.048798896684186], [72.8638178412067, 19.048750135344008], [72.86392814662764, 19.048707957127537], [72.86404079745965, 19.048672515938506], [72.86415538265209, 19.048643941097975], [72.86427148409598, 19.048622336872437], [72.86438867814975, 19.04860778209337], [72.86450653718502, 19.04860032986958], [72.86462463114695, 19.048600007393425], [72.86474252912348, 19.048606815841588], [72.86485980091766, 19.048620730370775], [72.86497601861745, 19.048641700208385], [72.86509075815708, 19.04866964883775], [72.86520360086438, 19.04870447427735], [72.86531413498857, 19.048746049452937], [72.8654219572026, 19.048794222661204], [72.86552667407493, 19.048848818123336], [72.86562790350501, 19.048909636626416], [72.86572527611769, 19.048976456250315], [72.8658184366108, 19.04904903317748], [72.86590704505184, 19.049127102582567], [72.86599077811822, 19.049210379598787], [72.86606933027704, 19.04929856035734], [72.8661424149, 19.0493913230962], [72.86620976530925, 19.049488329334192], [72.86627113575044, 19.04958922510607], [72.86632630228948, 19.049693642254113], [72.86637506362965, 19.049801199771466], [72.86641724184612, 19.04991150519241], [72.86645268303515, 19.05002415602443], [72.86648125787568, 19.050138741216855], [72.86650286210121, 19.050254842660745], [72.86651741688028, 19.050372036714524], [72.86652486910408, 19.0504898957498], [72.86652519158024, 19.050607989711725], [72.86651838313207, 19.050725887688248], [72.86650446860288, 19.050843159482437], [72.86648349876528, 19.05095937718223], [72.86645555013591, 19.051074116721846], [72.86642072469631, 19.05118695942915], [72.86637914952072, 19.051297493553335], [72.86633097631245, 19.051405315767372], [72.86627638085032, 19.051510032639694], [72.86621556234725, 19.051611262069795], [72.86614874272334, 19.051708634682456], [72.86607616579617, 19.051801795175574], [72.8659980963911, 19.051890403616618], [72.86591481937486, 19.051974136682986], [72.86582663861631, 19.052052688841812], [72.86573387587745, 19.052125773464777], [72.86563686963947, 19.052193123874023], [72.8655359738676, 19.052254494315207], [72.86543155671954, 19.052309660854245], [72.86532399920219, 19.052358422194423], [72.86521369378124, 19.052400600410895], [72.86510104294923, 19.052436041599925], [72.8649864577568, 19.052464616440457], [72.8648703563129, 19.052486220665994], [72.86475316225913, 19.05250077544506], [72.86463530322386, 19.052508227668852], [72.86451720926193, 19.052508550145006], [72.86439931128541, 19.052501741696844]]]}, "properties": {"FEATUREID": "FS08000000041", "NAME": "Naik Nagar, Kali Bharni,Qadri Masjid", "TYPE": 1, "LOCATION": "Naik Nagar, Kali Bharni, Ward no. 183, Qadri Masjid", "WARD": "G/N", "SUBTYPE": 4, "DEPTH": null, "HEIGHT_TO_MSL": null, "AFFECT_AREA": null, "AFFECT_POPULATION": null, "AFFECTED_HUT": null, "AFFECT_ROAD": null, "AFFECT_RAIL": null, "NO_DE_WATER_PUMP": null, "REMARKS": "Monsoon 26 (2025)"}}, {"type": "Feature", "geometry": {"type": "Polygon", "coordinates": [[[72.9114506795249, 19.061049795598866], [72.91141731314035, 19.06104645484039], [72.91138503378276, 19.061037370823666], [72.9113548222441, 19.06102281956195], [72.91132759648667, 19.061003243187958], [72.91130418375135, 19.060979236519916], [72.91128529542225, 19.06095152898828], [72.91127150541168, 19.06092096247238], [72.91126323272213, 19.060888465720335], [72.9112607287151, 19.06085502612951], [72.91126406947359, 19.06082165974495], [72.91127315349031, 19.060789380387366], [72.91128770475203, 19.060759168848705], [72.91130728112601, 19.060731943091284], [72.91133128779406, 19.06070853035596], [72.9113589953257, 19.06068964202685], [72.91138956184159, 19.06067585201628], [72.91142205859364, 19.06066757932674], [72.91145549818447, 19.060665075319715], [72.91148886456902, 19.06066841607819], [72.9115211439266, 19.060677500094915], [72.91155135546526, 19.060692051356632], [72.9115785812227, 19.060711627730623], [72.91160199395802, 19.060735634398664], [72.91162088228712, 19.0607633419303], [72.9116346722977, 19.0607939084462], [72.91164294498724, 19.060826405198245], [72.91164544899426, 19.06085984478907], [72.91164210823578, 19.06089321117363], [72.91163302421906, 19.060925490531215], [72.91161847295734, 19.060955702069876], [72.91159889658336, 19.060982927827297], [72.91157488991531, 19.06100634056262], [72.91154718238367, 19.06102522889173], [72.91151661586778, 19.0610390189023], [72.91148411911573, 19.06104729159184], [72.9114506795249, 19.061049795598866]]]}, "properties": {"FEATUREID": "FS16000000039", "NAME": "P L Lokhande Marg, Mukund Nagar, Chembur (West)", "TYPE": 1, "LOCATION": "P L Lokhande Marg, Mukund Nagar, Chembur (West)", "WARD": "M/E", "SUBTYPE": 3, "DEPTH": null, "HEIGHT_TO_MSL": null, "AFFECT_AREA": null, "AFFECT_POPULATION": null, "AFFECTED_HUT": null, "AFFECT_ROAD": null, "AFFECT_RAIL": null, "NO_DE_WATER_PUMP": null, "REMARKS": "Already Tackled (2024-25)"}}, {"type": "Feature", "geometry": {"type": "Polygon", "coordinates": [[[72.87037076173497, 19.19314542242112], [72.87025720990317, 19.193115960988347], [72.8701456653675, 19.19307963178404], [72.87003654308093, 19.193036569955225], [72.86993024898555, 19.192986935694737], [72.86982717850239, 19.192930913645284], [72.86972771506039, 19.19286871221257], [72.86963222867011, 19.192800562790005], [72.86954107454717, 19.19272671889792], [72.86945459179093, 19.192647455240447], [72.86937310212288, 19.192563066683594], [72.86929690868996, 19.192473867158334], [72.86922629493675, 19.192380188492766], [72.86916152355104, 19.192282379177673], [72.86910283548664, 19.192180803070134], [72.869050449067, 19.192075838039937], [72.86900455917306, 19.191967874563893], [72.86896533651823, 19.19185731427322], [72.86893292701336, 19.191744568459466], [72.86890745122393, 19.191630056544458], [72.86888900392155, 19.191514204520043], [72.86887765373142, 19.191397443363364], [72.86887344287696, 19.19128020743359], [72.86887638702285, 19.191162932856077], [72.86888647521667, 19.191046055899957], [72.86890366992965, 19.19093001135519], [72.86892790719637, 19.190815230915096], [72.86895909685258, 19.190702141570455], [72.86899712287071, 19.190591164021058], [72.86904184379149, 19.190482711110672], [72.86909309325014, 19.190377186291254], [72.86915068059533, 19.19027498212206], [72.86921439159832, 19.19017647880931], [72.86928398925002, 19.1900820427918], [72.8693592146426, 19.18999202537772], [72.86943978793263, 19.189906761437754], [72.8695254093822, 19.18982656815937], [72.8696157604739, 19.18975174386682], [72.86971050509572, 19.189682566911397], [72.86980929079145, 19.18961929463591], [72.86991175007182, 19.18956216241739], [72.87001750178156, 19.189511382791427], [72.87012615251737, 19.189467144661577], [72.87023729809138, 19.189429612596587], [72.87035052503477, 19.1893989262182], [72.87046541213584, 19.18937519968176], [72.87058153200707, 19.189358521251542], [72.87069845267487, 19.189348952972402], [72.8708157391867, 19.189346530438968], [72.87093295522902, 19.189351262663223], [72.87104966475047, 19.189363132040977], [72.87116543358397, 19.189382094417372], [72.87127983106183, 19.18940807925112], [72.87139243161792, 19.189440989876932], [72.8715028163708, 19.18948070386512], [72.87161057468192, 19.189527073477034], [72.87171530568331, 19.18957992621468], [72.87181661976872, 19.189639065462398], [72.87191414004315, 19.189704271218304], [72.87200750372473, 19.1897753009127], [72.87209636349446, 19.189851890310464], [72.87218038878815, 19.189933754494], [72.8722592670262, 19.19002058892317], [72.87233270477635, 19.190112070568194], [72.8724004288454, 19.190207859111347], [72.87246218729531, 19.19030759821295], [72.87251775038062, 19.190410916837003], [72.87256691140301, 19.190517430631434], [72.87260948748023, 19.19062674335793], [72.87264532022648, 19.190738448365973], [72.8726742763416, 19.190852130105593], [72.87269624810692, 19.190967365673252], [72.87271115378606, 19.191083726385074], [72.87271893792888, 19.191200779371563], [72.87271957157789, 19.191318089187924], [72.87271305237584, 19.191435219433934], [72.87269940457463, 19.191551734377388], [72.87267867894495, 19.191667200575036], [72.8726509525875, 19.19178118848505], [72.87261632864617, 19.191893274064906], [72.87257493592428, 19.192003040348894], [72.87252692840548, 19.192110078999224], [72.8724724846809, 19.19221399182509], [72.87241180728476, 19.19231439226395], [72.87234512194097, 19.19241090681958], [72.87227267672337, 19.19250317645149], [72.87219474113294, 19.192590857910595], [72.8721116050952, 19.192673625016106], [72.87202357788166, 19.192751169868952], [72.87193098695936, 19.192823203997193], [72.87183417677258, 19.192889459429132], [72.87173350746158, 19.19294968969022], [72.87162935352283, 19.19300367071992], [72.87152210241581, 19.193051201705266], [72.87141215312168, 19.193092105827866], [72.87129991465903, 19.193126230921695], [72.87118580456233, 19.193153450039166], [72.87107024732862, 19.19317366192337], [72.87095367283841, 19.19318679138478], [72.87083651475645, 19.193192789580923], [72.8707192089185, 19.193191634198126], [72.87060219170999, 19.193183329534488], [72.87048589844262, 19.193167906483897], [72.87037076173497, 19.19314542242112]]]}, "properties": {"FEATUREID": "FS12000000028", "NAME": "Narayan Shukla Chawl", "TYPE": 2, "LOCATION": "Narayan Shukla Chawl, Appa Pada Road, Kandivali, Hanuman Nagar, Kandivali East, Mumbai, Maharashtra", "WARD": "P/N", "SUBTYPE": 2, "DEPTH": null, "HEIGHT_TO_MSL": null, "AFFECT_AREA": null, "AFFECT_POPULATION": null, "AFFECTED_HUT": null, "AFFECT_ROAD": null, "AFFECT_RAIL": null, "NO_DE_WATER_PUMP": null, "REMARKS": "Planning Stage  (2025)"}}, {"type": "Feature", "geometry": {"type": "Polygon", "coordinates": [[[72.86231813192958, 19.19074053308467], [72.8622157274542, 19.190804633472062], [72.86210973758456, 19.190862613501196], [72.86200052768973, 19.1909142733029], [72.86188847423882, 19.190959434795143], [72.8617739635033, 19.1909979422969], [72.86165739022537, 19.191029663064835], [72.86153915625731, 19.191054487750893], [72.86141966917607, 19.19107233077923], [72.86129934087839, 19.191083130641243], [72.86117858616083, 19.191086850107563], [72.86105782128992, 19.19108347635642], [72.86093746256718, 19.191073021017836], [72.86081792489408, 19.191055520133524], [72.86069962034173, 19.191031034032658], [72.86058295673043, 19.190999647123906], [72.86046833622382, 19.190961467604442], [72.86035615394252, 19.190916627086974], [72.86024679660211, 19.190865280146063], [72.86014064118, 19.190807603785245], [72.8600380536159, 19.19074379682689], [72.8599393875504, 19.190674079226795], [72.85984498310589, 19.190598691315973], [72.85975516571402, 19.190517892972174], [72.85967024499395, 19.190431962724023], [72.85959051368502, 19.190341196790886], [72.85951624663754, 19.190245908061744], [72.85944769986543, 19.19014642501658], [72.85938510966359, 19.19004309059406], [72.85932869179344, 19.189936261009347], [72.85927864073903, 19.189826304526154], [72.85923512903676, 19.18971360018725], [72.85919830668044, 19.189598536507848], [72.85916830060438, 19.18948151013628], [72.85914521424574, 19.189362924486694], [72.85912912718797, 19.189243188348396], [72.8591200948865, 19.189122714476653], [72.85911814847755, 19.189001918169858], [72.8591232946708, 19.18888121583791], [72.85913551572621, 19.188761023566748], [72.85915476951533, 19.18864175568403], [72.85918098966631, 19.18852382333086], [72.8592140857929, 19.188407633044488], [72.85925394380588, 19.188293585356895], [72.8593004263064, 19.188182073414097], [72.85935337305969, 19.188073481620854], [72.85941260154729, 19.187968184315576], [72.85947790759636, 19.18786654447989], [72.8595490660834, 19.18776891248736], [72.85962583171037, 19.187675624895697], [72.85970793985025, 19.18758700328655], [72.85979510745928, 19.187503353156963], [72.85988703405263, 19.187424962866267], [72.85998340274033, 19.187352102642034], [72.86008388131951, 19.187285023648542], [72.86018812341972, 19.187223957120988], [72.86029576969683, 19.187169113568338], [72.86040644907182, 19.18712068204768], [72.86051978000997, 19.1870788295125], [72.86063537183605, 19.187043700237155], [72.8607528260811, 19.187015415319536], [72.86087173785597, 19.186994072263612], [72.86099169724719, 19.18697974464332], [72.86111229072985, 19.186972481848937], [72.86123310259325, 19.186972308916815], [72.86135371637386, 19.186979226443093], [72.86147371629099, 19.186993210581615], [72.86159268868008, 19.18701421312617], [72.86171022341864, 19.18704216167663], [72.86182591534009, 19.18707695988855], [72.86193936563042, 19.18711848780529], [72.86205018320295, 19.187166602271514], [72.86215798604657, 19.187221137426693], [72.86226240254254, 19.187281905276844], [72.86236307274557, 19.187348696342603], [72.86245964962461, 19.18742128038133], [72.86255180025915, 19.187499407180802], [72.86263920698687, 19.187582807421762], [72.86272156849867, 19.187671193606302], [72.86279860087735, 19.18776426104893], [72.86287003857635, 19.187861688926894], [72.86293563533512, 19.187963141386113], [72.86299516502804, 19.188068268698945], [72.86304842244392, 19.188176708469765], [72.86309522399344, 19.188288086884217], [72.86313540834195, 19.18840201999783], [72.86316883696567, 19.188518115059566], [72.8631953946292, 19.18863597186569], [72.86321498978279, 19.18875518413938], [72.8632275548779, 19.188875340931233], [72.8632330466, 19.18899602803589], [72.86323144601802, 19.189116829419905], [72.86322275864948, 19.18923732865588], [72.86320701444156, 19.18935711035799], [72.86318426766779, 19.189475761613885], [72.86315459674101, 19.189592873408113], [72.86311810394307, 19.189708042032056], [72.86307491507219, 19.189820870475607], [72.86302517900934, 19.189930969795746], [72.86296906720506, 19.190037960457317], [72.86290677308835, 19.190141473641336], [72.86283851139994, 19.190241152516418], [72.862764517452, 19.19033665346883], [72.86268504631701, 19.190427647287006], [72.86260037194843, 19.190513820296403], [72.86251078623636, 19.190594875440805], [72.86241659800129, 19.190670533306342], [72.86231813192958, 19.19074053308467]]]}, "properties": {"FEATUREID": "FS12000000029", "NAME": "Kurar Nalla Tanaji Nagar Malad (E)", "TYPE": 1, "LOCATION": "Kurar Nalla Tanaji Nagar Malad (E)", "WARD": "P/N", "SUBTYPE": 4, "DEPTH": null, "HEIGHT_TO_MSL": null, "AFFECT_AREA": null, "AFFECT_POPULATION": null, "AFFECTED_HUT": null, "AFFECT_ROAD": null, "AFFECT_RAIL": null, "NO_DE_WATER_PUMP": null, "REMARKS": "Plannig Stage (2025)"}}, {"type": "Feature", "geometry": {"type": "Polygon", "coordinates": [[[72.84022110192983, 19.18727675649346], [72.84020301355064, 19.187274935918374], [72.84018551611412, 19.187270001987834], [72.84016914127103, 19.187262104616817], [72.84015438656267, 19.18725148376295], [72.84014170030342, 19.1872384621355], [72.84013146795883, 19.18722343539003], [72.8401240004335, 19.1872068601066], [72.84011952462444, 19.1871892399168], [72.84011817652681, 19.18717111020119], [72.8401199971019, 19.187153021822002], [72.84012493103245, 19.187135524385486], [72.84013282840345, 19.18711914954239], [72.84014344925733, 19.187104394834044], [72.84015647088478, 19.187091708574787], [72.84017149763024, 19.187081476230194], [72.84018807291368, 19.187074008704872], [72.84020569310347, 19.1870695328958], [72.84022382281908, 19.18706818479818], [72.84024191119828, 19.187070005373265], [72.8402594086348, 19.187074939303805], [72.84027578347788, 19.187082836674822], [72.84029053818624, 19.18709345752869], [72.84030322444549, 19.18710647915614], [72.84031345679008, 19.187121505901608], [72.8403209243154, 19.18713808118504], [72.84032540012447, 19.187155701374838], [72.8403267482221, 19.187173831090448], [72.84032492764702, 19.187191919469637], [72.84031999371646, 19.187209416906153], [72.84031209634546, 19.18722579174925], [72.84030147549159, 19.187240546457595], [72.84028845386413, 19.187253232716852], [72.84027342711867, 19.187263465061445], [72.84025685183524, 19.187270932586767], [72.84023923164544, 19.187275408395838], [72.84022110192983, 19.18727675649346]]]}, "properties": {"FEATUREID": "FS12000000026", "NAME": "Liberty Garden", "TYPE": 1, "LOCATION": "Liberty Garden, Malad West, Mumbai, Maharashtra", "WARD": "P/N", "SUBTYPE": 3, "DEPTH": null, "HEIGHT_TO_MSL": null, "AFFECT_AREA": null, "AFFECT_POPULATION": null, "AFFECTED_HUT": null, "AFFECT_ROAD": null, "AFFECT_RAIL": null, "NO_DE_WATER_PUMP": null, "REMARKS": "Already Tackled (2024-25)"}}, {"type": "Feature", "geometry": {"type": "Polygon", "coordinates": [[[72.87870755276204, 19.04305586232857], [72.87866644589926, 19.043051929562186], [72.87862654699258, 19.043041284466376], [72.87858894438016, 19.0430242174116], [72.87855466376325, 19.04300119394262], [72.87852464022772, 19.042972842079656], [72.87849969273736, 19.04293993518762], [72.87848050179466, 19.042903370880744], [72.8784675908785, 19.042864146538], [72.87846131216504, 19.042823332097218], [72.87846183692122, 19.04278204086994], [72.87846915083303, 19.04274139917321], [72.87848305439604, 19.042702515606567], [72.87850316835728, 19.04266645081235], [72.87852894406036, 19.04263418854413], [72.87855967841125, 19.042606608832486], [72.878594533057, 19.042584463980052], [72.87863255725371, 19.042568358040675], [72.87867271380044, 19.042558730342403], [72.87871390733126, 19.042555843503738], [72.87875501419404, 19.04255977627012], [72.87879491310072, 19.04257042136593], [72.87883251571314, 19.042587488420708], [72.87886679633004, 19.042610511889688], [72.87889681986557, 19.04263886375265], [72.87892176735593, 19.042671770644688], [72.87894095829864, 19.042708334951563], [72.8789538692148, 19.042747559294305], [72.87896014792825, 19.04278837373509], [72.87895962317208, 19.042829664962365], [72.87895230926027, 19.042870306659097], [72.87893840569726, 19.04290919022574], [72.87891829173601, 19.042945255019955], [72.87889251603293, 19.042977517288175], [72.87886178168205, 19.04300509699982], [72.8788269270363, 19.043027241852254], [72.87878890283959, 19.04304334779163], [72.87874874629286, 19.043052975489903], [72.87870755276204, 19.04305586232857]]]}, "properties": {"FEATUREID": "FS19000000062", "NAME": "Cem India Phase III", "TYPE": 1, "LOCATION": "Cem India, Patiksha Nagar Depot Road, Mhada Chawl, Sion East Mumbai 400022", "WARD": "F/N", "SUBTYPE": 3, "DEPTH": null, "HEIGHT_TO_MSL": null, "AFFECT_AREA": null, "AFFECT_POPULATION": null, "AFFECTED_HUT": null, "AFFECT_ROAD": null, "AFFECT_RAIL": null, "NO_DE_WATER_PUMP": null, "REMARKS": "Already Tackled (2024-25)"}}, {"type": "Feature", "geometry": {"type": "Polygon", "coordinates": [[[72.8773629474988, 19.04258913410899], [72.87732184069623, 19.042585201027894], [72.87728194190073, 19.042574555631568], [72.87724433944744, 19.042557488298677], [72.87721005903329, 19.042534464581568], [72.87718003573858, 19.042506112507226], [72.87715508852052, 19.042473205446335], [72.87713589787423, 19.04243664101773], [72.87712298727047, 19.04239741660371], [72.87711670887688, 19.042356602144032], [72.87711723395167, 19.04231531095077], [72.87712454817215, 19.042274669340028], [72.87713845202546, 19.04223578590901], [72.87715856625074, 19.042199721296353], [72.87718434218434, 19.042167459250674], [72.877215076726, 19.042139879796476], [72.87724993151754, 19.04211773522938], [72.87728795581108, 19.042101629595443], [72.87732811240306, 19.042092002214382], [72.8773693059263, 19.042089115696054], [72.87741041272886, 19.04209304877715], [72.87745031152436, 19.042103694173477], [72.87748791397765, 19.042120761506368], [72.8775221943918, 19.042143785223477], [72.87755221768651, 19.04217213729782], [72.87757716490457, 19.04220504435871], [72.87759635555086, 19.042241608787315], [72.87760926615462, 19.042280833201335], [72.8776155445482, 19.042321647661012], [72.87761501947342, 19.042362938854275], [72.87760770525294, 19.042403580465017], [72.87759380139963, 19.042442463896034], [72.87757368717435, 19.042478528508692], [72.87754791124075, 19.04251079055437], [72.87751717669909, 19.042538370008568], [72.87748232190755, 19.042560514575666], [72.877444297614, 19.0425766202096], [72.87740414102203, 19.042586247590663], [72.8773629474988, 19.04258913410899]]]}, "properties": {"FEATUREID": "FS19000000063", "NAME": "Cem India Phase III New", "TYPE": 1, "LOCATION": "Cem India, Patiksha Nagar Depot Road, Mhada Chawl, Sion East Mumbai 400022", "WARD": "F/N", "SUBTYPE": 3, "DEPTH": null, "HEIGHT_TO_MSL": null, "AFFECT_AREA": null, "AFFECT_POPULATION": null, "AFFECTED_HUT": null, "AFFECT_ROAD": null, "AFFECT_RAIL": null, "NO_DE_WATER_PUMP": null, "REMARKS": "Already Tackled (2024-25)"}}, {"type": "Feature", "geometry": {"type": "Polygon", "coordinates": [[[72.84670481804753, 19.1841199150473], [72.84658606795223, 19.184099201159714], [72.84646873818372, 19.184071553814587], [72.84635323320201, 19.184037068318045], [72.8462399511767, 19.18399586354873], [72.84612928261441, 19.183948081548028], [72.84602160901258, 19.183893887030393], [72.84591730154445, 19.183833466815546], [72.84581671977944, 19.183767029184494], [72.84572021044374, 19.18369480316151], [72.84562810622505, 19.18361703772466], [72.84554072462565, 19.18353400094751], [72.84545836686804, 19.183445979075035], [72.84538131685647, 19.18335327553687], [72.8453098401983, 19.183256209901305], [72.84524418328836, 19.183155116773705], [72.84518457245962, 19.183050344643014], [72.84513121320296, 19.18294225468048], [72.84508428945881, 19.182831219494588], [72.84504396298301, 19.18271762184663], [72.84501037278929, 19.18260185333123], [72.84498363467002, 19.182484313026446], [72.84496384079699, 19.18236540611806], [72.84495105940384, 19.18224554250281], [72.84494533455063, 19.182125135375415], [72.84494668597215, 19.182004599804188], [72.84495510900975, 19.18188435130021], [72.84497057462748, 19.181764804384983], [72.84499302951215, 19.181646371161495], [72.84502239625714, 19.181529459893596], [72.84505857362916, 19.181414473598654], [72.84510143691735, 19.181301808658244], [72.84515083836304, 19.181191853451754], [72.84520660766924, 19.18108498701756], [72.8452685525876, 19.180981577746397], [72.84533645958113, 19.18088198211145], [72.84541009456038, 19.180786543439506], [72.8454892036903, 19.180695590727435], [72.84557351426537, 19.180609437508075], [72.84566273564953, 19.180528380769427], [72.84575656027819, 19.180452699930854], [72.84585466471844, 19.18038265587989], [72.84595671078394, 19.18031849007289], [72.84606234670075, 19.180260423702677], [72.84617120832, 19.180208656936063], [72.84628292037314, 19.180163368223816], [72.84639709776556, 19.180124713685508], [72.84651334690415, 19.18009282657134], [72.84663126705402, 19.180067816802804], [72.84675045172003, 19.180049770593747], [72.84687049004792, 19.180038750153198], [72.8469909682407, 19.18003479347089], [72.8471114709851, 19.180037914186336], [72.84723158288318, 19.180048101541775], [72.84735088988435, 19.18006532041929], [72.84746898071266, 19.180089511461833], [72.84758544828458, 19.180120591277877], [72.84769989111223, 19.180158452728854], [72.8478119146875, 19.180202965298502], [72.8479211328419, 19.18025397554277], [72.84802716907784, 19.180311307618776], [72.84812965786644, 19.180374763890985], [72.84822824590762, 19.18044412561247], [72.84832259334797, 19.180519153679022], [72.84841237495233, 19.18059958945334], [72.84849728122491, 19.18068515565665], [72.84857701947618, 19.180775557324527], [72.8486513148319, 19.180870482823693], [72.84871991118055, 19.180969604926283], [72.84878257205635, 19.18107258193788], [72.84883908145423, 19.181179058875387], [72.84888924457464, 19.18128866869075], [72.84893288849487, 19.181401033536222], [72.8489698627653, 19.18151576606691], [72.84900003992797, 19.181632470776], [72.84902331595595, 19.181750745358197], [72.84903961061194, 19.181870182096507], [72.84904886772487, 19.18199036926775], [72.84905105538358, 19.18211089256185], [72.84904616604675, 19.182231336510046], [72.84903421656894, 19.182351285917097], [72.84901524814246, 19.182470327292545], [72.84898932615542, 19.18258805027611], [72.84895653996627, 19.18270404905228], [72.84891700259581, 19.182817923749244], [72.84887085033753, 19.182929281817326], [72.84881824228783, 19.183037739382204], [72.84875935979757, 19.18314292256818], [72.84869440584689, 19.18324446878702], [72.84862360434548, 19.183342027987873], [72.84854719936082, 19.183435263863966], [72.8484654542767, 19.183523855011913], [72.84837865088538, 19.18360749603968], [72.84828708841611, 19.183685898619313], [72.8481910825037, 19.183758792480884], [72.84809096410042, 19.18382592634414], [72.84798707833515, 19.183887068784763], [72.84787978332363, 19.18394200903208], [72.847769448934, 19.183990557695683], [72.84765645551177, 19.18403254741827], [72.84754119256866, 19.184067833452566], [72.84742405743991, 19.184096294160305], [72.84730545391459, 19.184117831431532], [72.8471857908436, 19.184132371022805], [72.84706548073035, 19.18413986281315], [72.84694493830872, 19.184140280976806], [72.84682457911343, 19.18413362407228], [72.84670481804753, 19.1841199150473]]]}, "properties": {"FEATUREID": "FS12000000031", "NAME": "Mamu Gully", "TYPE": 1, "LOCATION": "Mamu Gully", "WARD": "P/N", "SUBTYPE": 99, "DEPTH": null, "HEIGHT_TO_MSL": null, "AFFECT_AREA": null, "AFFECT_POPULATION": null, "AFFECTED_HUT": null, "AFFECT_ROAD": null, "AFFECT_RAIL": null, "NO_DE_WATER_PUMP": null, "REMARKS": "Other Agency (2025)"}}, {"type": "Feature", "geometry": {"type": "Polygon", "coordinates": [[[72.86391813587575, 19.233191132742906], [72.86390553990938, 19.23318986637101], [72.86389335520721, 19.233186431971546], [72.86388195199525, 19.233180933896996], [72.86387167675433, 19.233173539203577], [72.86386284169245, 19.233164472575307], [72.86385571525848, 19.233154009497095], [72.86385051398553, 19.233142467884285], [72.86384739591162, 19.233130198422934], [72.86384645577787, 19.23311757391442], [72.86384772214977, 19.233104977948045], [72.86385115654925, 19.233092793245874], [72.86385665462379, 19.233081390033917], [72.8638640493172, 19.233071114793], [72.86387311594548, 19.233062279731115], [72.86388357902369, 19.23305515329715], [72.8638951206365, 19.233049952024196], [72.86390739009785, 19.233046833950297], [72.86392001460636, 19.23304589381655], [72.86393261057273, 19.233047160188445], [72.8639447952749, 19.233050594587908], [72.86395619848686, 19.23305609266246], [72.86396647372779, 19.233063487355878], [72.86397530878966, 19.233072553984147], [72.86398243522363, 19.23308301706236], [72.86398763649659, 19.23309455867517], [72.8639907545705, 19.23310682813652], [72.86399169470424, 19.233119452645035], [72.86399042833234, 19.23313204861141], [72.86398699393287, 19.23314423331358], [72.86398149585833, 19.233155636525538], [72.86397410116491, 19.233165911766456], [72.86396503453663, 19.23317474682834], [72.86395457145842, 19.233181873262303], [72.86394302984561, 19.23318707453526], [72.86393076038426, 19.233190192609158], [72.86391813587575, 19.233191132742906]]]}, "properties": {"FEATUREID": "FS14000000025", "NAME": "Shri Krishna Nagar Bridge WEH, Borivali (E)", "TYPE": 1, "LOCATION": "Shri Krishna Nagar Bridge WEH, Borivali (E)", "WARD": "R/N", "SUBTYPE": 99, "DEPTH": null, "HEIGHT_TO_MSL": null, "AFFECT_AREA": null, "AFFECT_POPULATION": null, "AFFECTED_HUT": null, "AFFECT_ROAD": null, "AFFECT_RAIL": null, "NO_DE_WATER_PUMP": null, "REMARKS": "Plainning Stage (2024-25)"}}, {"type": "Feature", "geometry": {"type": "Polygon", "coordinates": [[[72.85482330472374, 19.08036828041498], [72.85481201856618, 19.08036714637035], [72.85480110079551, 19.08036406973371], [72.85479088314264, 19.080359143987113], [72.85478167606581, 19.08035251879688], [72.85477375931737, 19.080344395466053], [72.85476737344372, 19.080335020817934], [72.8547627124764, 19.080324679696467], [72.85475991803655, 19.08031368631139], [72.85475907503181, 19.080302374691144], [72.85476020907643, 19.08029108853359], [72.85476328571308, 19.08028017076291], [72.85476821145967, 19.080269953110047], [72.85477483664991, 19.08026074603321], [72.85478295998072, 19.08025282928477], [72.85479233462884, 19.080246443411124], [72.85480267575032, 19.080241782443807], [72.8548136691354, 19.080238988003952], [72.85482498075564, 19.080238144999207], [72.8548362669132, 19.080239279043838], [72.85484718468386, 19.080242355680475], [72.85485740233673, 19.080247281427074], [72.85486660941356, 19.08025390661731], [72.854874526162, 19.080262029948134], [72.85488091203565, 19.080271404596253], [72.85488557300297, 19.08028174571772], [72.85488836744283, 19.0802927391028], [72.85488921044757, 19.080304050723043], [72.85488807640294, 19.0803153368806], [72.8548849997663, 19.080326254651276], [72.8548800740197, 19.08033647230414], [72.85487344882947, 19.080345679380976], [72.85486532549865, 19.080353596129417], [72.85485595085053, 19.080359982003063], [72.85484560972905, 19.08036464297038], [72.85483461634398, 19.080367437410235], [72.85482330472374, 19.08036828041498]]]}, "properties": {"FEATUREID": "FS21000000053", "NAME": "Ashok Nagar, krishna Nagar Culvert, St Anthony Road", "TYPE": 2, "LOCATION": "Ashok Nagar, krishna Nagar Culvert, St Anthony Road, Vakola", "WARD": "H/E", "SUBTYPE": null, "DEPTH": null, "HEIGHT_TO_MSL": null, "AFFECT_AREA": null, "AFFECT_POPULATION": null, "AFFECTED_HUT": null, "AFFECT_ROAD": null, "AFFECT_RAIL": null, "NO_DE_WATER_PUMP": null, "REMARKS": "Monsoon 24 (2024-25)"}}, {"type": "Feature", "geometry": {"type": "Polygon", "coordinates": [[[72.86445923303143, 19.071738013996857], [72.86444141350673, 19.07173622462784], [72.86442417542132, 19.071731368115373], [72.8644080425457, 19.071723592022124], [72.86439350506915, 19.07171313262075], [72.8643810047055, 19.071700307714874], [72.86437092127201, 19.07168550698277], [72.86436356114869, 19.071669180137196], [72.86435914796915, 19.071651823261085], [72.86435781582566, 19.071633963734342], [72.86435960519466, 19.071616144209646], [72.86436446170714, 19.07159890612424], [72.86437223780038, 19.071582773248625], [72.86438269720175, 19.071568235772066], [72.86439552210763, 19.071555735408424], [72.86441032283973, 19.07154565197493], [72.86442664968531, 19.071538291851606], [72.86444400656141, 19.071533878672078], [72.86446186608816, 19.071532546528566], [72.86447968561286, 19.07153433589758], [72.86449692369827, 19.07153919241005], [72.86451305657388, 19.0715469685033], [72.86452759405044, 19.071557427904672], [72.86454009441408, 19.07157025281055], [72.86455017784758, 19.071585053542652], [72.8645575379709, 19.071601380388227], [72.86456195115043, 19.071618737264338], [72.86456328329393, 19.07163659679108], [72.86456149392492, 19.071654416315777], [72.86455663741245, 19.071671654401182], [72.86454886131921, 19.071687787276797], [72.86453840191784, 19.071702324753357], [72.86452557701196, 19.071714825117], [72.86451077627986, 19.071724908550493], [72.86449444943428, 19.071732268673816], [72.86447709255818, 19.071736681853345], [72.86445923303143, 19.071738013996857]]]}, "properties": {"FEATUREID": "FS21000000054", "NAME": "Dani Corporate Park, CST Road", "TYPE": 2, "LOCATION": "Dani Corporate Park, CST Road, Bandra East", "WARD": "H/E", "SUBTYPE": null, "DEPTH": null, "HEIGHT_TO_MSL": null, "AFFECT_AREA": null, "AFFECT_POPULATION": null, "AFFECTED_HUT": null, "AFFECT_ROAD": null, "AFFECT_RAIL": null, "NO_DE_WATER_PUMP": null, "REMARKS": "Monsoon 24 (2024-25)"}}, {"type": "Feature", "geometry": {"type": "Polygon", "coordinates": [[[72.83321262562698, 19.06562942491445], [72.83319093651411, 19.065627242963565], [72.83316995579939, 19.06562132788649], [72.83315032097123, 19.06561185940985], [72.83313262862393, 19.065599125228516], [72.83311741633054, 19.06558351226414], [72.83310514630887, 19.065565494908753], [72.83309619137732, 19.065545620610575], [72.83309082362697, 19.0655244932401], [72.8330892061542, 19.06550275474179], [72.83309138810509, 19.065481065628916], [72.83309730318216, 19.065460084914193], [72.8331067716588, 19.06544045008603], [72.83311950584013, 19.065422757738737], [72.8331351188045, 19.06540754544534], [72.8331531361599, 19.06539527542367], [72.83317301045807, 19.065386320492127], [72.83319413782856, 19.06538095274178], [72.83321587632686, 19.065379335269004], [72.83323756543973, 19.06538151721989], [72.83325854615445, 19.065387432296966], [72.83327818098262, 19.065396900773607], [72.83329587332992, 19.06540963495494], [72.83331108562331, 19.065425247919315], [72.83332335564498, 19.065443265274702], [72.83333231057652, 19.06546313957288], [72.83333767832687, 19.065484266943354], [72.83333929579965, 19.065506005441666], [72.83333711384876, 19.06552769455454], [72.83333119877169, 19.065548675269262], [72.83332173029504, 19.065568310097426], [72.83330899611371, 19.065586002444718], [72.83329338314934, 19.065601214738116], [72.83327536579395, 19.065613484759787], [72.83325549149578, 19.065622439691328], [72.83323436412529, 19.065627807441675], [72.83321262562698, 19.06562942491445]]]}, "properties": {"FEATUREID": "FS10000000061", "NAME": "14 th Road, 16th Road, 33rd Road and Pali Village", "TYPE": 2, "LOCATION": "14 th Road, 16th Road, 33rd Road and Pali Village, Bandra West", "WARD": "H/W", "SUBTYPE": null, "DEPTH": null, "HEIGHT_TO_MSL": null, "AFFECT_AREA": null, "AFFECT_POPULATION": null, "AFFECTED_HUT": null, "AFFECT_ROAD": null, "AFFECT_RAIL": null, "NO_DE_WATER_PUMP": null, "REMARKS": "Monsoon 24 (2024-25)"}}, {"type": "Feature", "geometry": {"type": "Polygon", "coordinates": [[[72.83173820687166, 19.057441889894577], [72.83160086991603, 19.05747335457541], [72.83146212550149, 19.057497879113292], [72.8313223241085, 19.057515401557108], [72.83118181888747, 19.057525877643645], [72.83104096476681, 19.0575292809094], [72.83090011755627, 19.057525602757426], [72.83075963304809, 19.057514852479056], [72.83061986611835, 19.057497057230428], [72.83048116983043, 19.05747226196388], [72.83034389454322, 19.05744052931441], [72.83020838702599, 19.057401939441444], [72.83007498958249, 19.05735658982635], [72.82994403918623, 19.057304595026196], [72.82981586662929, 19.05724608638435], [72.82969079568667, 19.05718121169873], [72.82956914229842, 19.05711013484841], [72.82945121377156, 19.057033035379696], [72.8293373080038, 19.05695010805253], [72.82922771273097, 19.056861562348537], [72.82912270480024, 19.05676762194185], [72.82902254947078, 19.056668524134093], [72.82892749974363, 19.056564519254927], [72.82883779572263, 19.056455870029698], [72.82875366400796, 19.056342850915787], [72.82867531712363, 19.05622574740928], [72.82860295298063, 19.056104855323795], [72.82853675437711, 19.05598048004324], [72.82847688853646, 19.05585293575036], [72.828423506685, 19.05572254463311], [72.82837674366992, 19.05558963607077], [72.82833671761865, 19.0554545458019], [72.82830352964048, 19.05531761507625], [72.8282772635711, 19.055179189792714], [72.8282579857609, 19.05503961962557], [72.8282457449073, 19.054899257141173], [72.82824057193176, 19.054758456907344], [72.82824247990166, 19.05461757459769], [72.82825146399729, 19.05447696609315], [72.82826750152408, 19.054336986583017], [72.8282905519698, 19.054197989667674], [72.82832055710706, 19.0540603264654], [72.82835744114027, 19.053924344725385], [72.82840111089715, 19.05379038794931], [72.82845145606412, 19.053658794523614], [72.8285083494649, 19.053529896864713], [72.82857164738184, 19.053404020579283], [72.8286411899189, 19.05328148364174], [72.82871680140559, 19.053162595591026], [72.82879829084074, 19.053047656748674], [72.82888545237498, 19.052936957460176], [72.82897806583067, 19.052830777361542], [72.82907589725822, 19.052729384672915], [72.82917869952693, 19.05263303552103], [72.82928621294937, 19.0525419732922], [72.82939816593729, 19.052456428017525], [72.82951427568771, 19.05237661579179], [72.82963424889736, 19.052302738227603], [72.82975778250348, 19.052234981946103], [72.82988456444946, 19.05217351810554], [72.8300142744731, 19.05211850196891], [72.83014658491562, 19.052070072511743], [72.83028116154938, 19.052028352071055], [72.8304176644221, 19.0519934460363], [72.83055574871568, 19.051965442583153], [72.83069506561722, 19.051944412450762], [72.83083526320013, 19.05193040876307], [72.83097598731315, 19.05192346689461], [72.83111688247496, 19.051923604381138], [72.83125759277213, 19.051930820875356], [72.83139776275829, 19.051945098147772], [72.83153703835183, 19.051966400132756], [72.83167506773054, 19.051994673019642], [72.83181150222025, 19.052029845388674], [72.83194599717557, 19.052071828391384], [72.83207821285058, 19.05212051597507], [72.832207815257, 19.052175785150666], [72.83233447700792, 19.052237496303444], [72.83245787814475, 19.05230549354567], [72.83257770694553, 19.052379605110414], [72.83269366071228, 19.052459643785426], [72.83280544653574, 19.05254540738607], [72.83291278203522, 19.052636679266048], [72.83301539607193, 19.052733228864668], [72.8331130294339, 19.052834812289266], [72.8332054354908, 19.05294117293129], [72.83329238081689, 19.053052042114537], [72.83337364578074, 19.053167139773823], [72.8334490251, 19.05328617516247], [72.83351832835997, 19.053408847586756], [72.83358138049459, 19.05353484716549], [72.83363802222871, 19.053663855612808], [72.8336881104804, 19.053795547042167], [72.83373151872236, 19.05392958878959], [72.83376813730162, 19.054065642253992], [72.83379787371648, 19.05420336375251], [72.83382065285015, 19.054342405388688], [72.83383641716058, 19.05448241593129], [72.83384512682576, 19.05462304170153], [72.83384675984432, 19.054763927466507], [72.83384131209108, 19.05490471733655], [72.83382879732758, 19.055045055664234], [72.83380924716718, 19.05518458794276], [72.83378271099528, 19.055322961701485], [72.83374925584455, 19.055459827396284], [72.83370896622561, 19.05559483929253], [72.83366194391354, 19.055727656338465], [72.83360830769077, 19.055857943026695], [72.83354819304706, 19.05598537024174], [72.83348175183721, 19.056109616091398], [72.8334091518975, 19.05623036671987], [72.83333057662166, 19.056347317100585], [72.83324622449767, 19.056460171806737], [72.8331563086063, 19.056568645757537], [72.83306105608291, 19.056672464938377], [72.83296070754363, 19.056771367092995], [72.8328555164776, 19.056865102385963], [72.83274574860654, 19.056953434033794], [72.83263168121367, 19.057036138903086], [72.83251360244309, 19.057113008074154], [72.83239181057203, 19.057183847368805], [72.83226661325733, 19.057248477840833], [72.83213832675827, 19.057306736228053], [72.83200727513768, 19.057358475364726], [72.83187378944332, 19.0574035645533], [72.83173820687166, 19.057441889894577]]]}, "properties": {"FEATUREID": "FS10000000062", "NAME": "Hill Road", "TYPE": 2, "LOCATION": "Hill Road, Bandra West", "WARD": "H/W", "SUBTYPE": null, "DEPTH": null, "HEIGHT_TO_MSL": null, "AFFECT_AREA": null, "AFFECT_POPULATION": null, "AFFECTED_HUT": null, "AFFECT_ROAD": null, "AFFECT_RAIL": null, "NO_DE_WATER_PUMP": null, "REMARKS": "Monsoon 26 (2025)"}}, {"type": "Feature", "geometry": {"type": "Polygon", "coordinates": [[[72.83606897176638, 19.076991360322914], [72.83605081498202, 19.076989533889787], [72.8360332511968, 19.076984582311766], [72.83601681407742, 19.076976656040046], [72.83600200305747, 19.076965995910378], [72.8359892681623, 19.07695292582541], [72.83597899633521, 19.07693784291306], [72.83597149968053, 19.07692120545999], [72.83596700598027, 19.076903518986786], [72.83596565177325, 19.07688532088799], [72.83596747820637, 19.076867164103625], [72.83597242978439, 19.076849600318397], [72.83598035605611, 19.076833163199034], [72.83599101618579, 19.076818352179085], [72.83600408627075, 19.076805617283902], [72.8360191691831, 19.07679534545683], [72.83603580663618, 19.076787848802134], [72.83605349310938, 19.076783355101874], [72.83607169120818, 19.07678200089486], [72.83608984799254, 19.076783827327986], [72.83610741177776, 19.076788778906007], [72.83612384889713, 19.076796705177728], [72.83613865991708, 19.076807365307396], [72.83615139481226, 19.076820435392364], [72.83616166663934, 19.076835518304712], [72.83616916329403, 19.076852155757784], [72.83617365699429, 19.076869842230987], [72.8361750112013, 19.076888040329784], [72.83617318476819, 19.07690619711415], [72.83616823319016, 19.076923760899376], [72.83616030691844, 19.07694019801874], [72.83614964678877, 19.076955009038688], [72.83613657670381, 19.07696774393387], [72.83612149379145, 19.076978015760943], [72.83610485633838, 19.07698551241564], [72.83608716986518, 19.0769900061159], [72.83606897176638, 19.076991360322914]]]}, "properties": {"FEATUREID": "FS10000000063", "NAME": "Main Avenue roa, North Avenue road Santacruz West", "TYPE": 2, "LOCATION": "Main Avenue roa, North Avenue road Santacruz West", "WARD": "H/W", "SUBTYPE": null, "DEPTH": null, "HEIGHT_TO_MSL": null, "AFFECT_AREA": null, "AFFECT_POPULATION": null, "AFFECTED_HUT": null, "AFFECT_ROAD": null, "AFFECT_RAIL": null, "NO_DE_WATER_PUMP": null, "REMARKS": "Monsoon 24 (2024-25)"}}, {"type": "Feature", "geometry": {"type": "Polygon", "coordinates": [[[72.83150912323755, 19.06258798175456], [72.83148827256706, 19.062585883983708], [72.8314681029392, 19.062580197401775], [72.8314492271979, 19.062571094792673], [72.83143221887299, 19.06255885273458], [72.83141759475383, 19.06254384319623], [72.8314057991869, 19.062526522234855], [72.8313971905745, 19.0625074161391], [72.83139203048498, 19.062487105438016], [72.83139047570505, 19.062466207261977], [72.83139257347591, 19.06244535659149], [72.83139826005784, 19.062425186963623], [72.83140736266694, 19.06240631122231], [72.83141960472503, 19.06238930289741], [72.83143461426337, 19.06237467877826], [72.83145193522475, 19.06236288321132], [72.83147104132051, 19.062354274598928], [72.8314913520216, 19.06234911450941], [72.83151225019763, 19.062347559729474], [72.83153310086813, 19.062349657500327], [72.83155327049599, 19.06235534408226], [72.83157214623729, 19.06236444669136], [72.8315891545622, 19.062376688749456], [72.83160377868136, 19.062391698287804], [72.83161557424829, 19.06240901924918], [72.83162418286068, 19.062428125344937], [72.83162934295021, 19.06244843604602], [72.83163089773014, 19.062469334222058], [72.83162879995928, 19.062490184892546], [72.83162311337735, 19.062510354520413], [72.83161401076825, 19.062529230261724], [72.83160176871016, 19.062546238586624], [72.83158675917181, 19.062560862705777], [72.83156943821044, 19.062572658272714], [72.83155033211467, 19.062581266885108], [72.83153002141358, 19.062586426974626], [72.83150912323755, 19.06258798175456]]]}, "properties": {"FEATUREID": "FS10000000064", "NAME": "15th Road and 17 Road", "TYPE": 2, "LOCATION": "15th Road and 17 Road", "WARD": "H/W", "SUBTYPE": null, "DEPTH": null, "HEIGHT_TO_MSL": null, "AFFECT_AREA": null, "AFFECT_POPULATION": null, "AFFECTED_HUT": null, "AFFECT_ROAD": null, "AFFECT_RAIL": null, "NO_DE_WATER_PUMP": null, "REMARKS": "Monsoon 24 (2024-25)"}}, {"type": "Feature", "geometry": {"type": "Polygon", "coordinates": [[[72.8799034746684, 19.104332204634808], [72.87989434408387, 19.104331288414954], [72.87988551131335, 19.104328800605174], [72.8798772447361, 19.10432481679631], [72.87986979552787, 19.10431945803438], [72.87986339002909, 19.104312887142648], [72.87985822286761, 19.10430530377434], [72.87985445104502, 19.104296938346263], [72.87985218916623, 19.104288045037713], [72.87985150595728, 19.104278894067374], [72.87985242217714, 19.104269763482847], [72.87985490998692, 19.104260930712325], [72.87985889379577, 19.104252664135064], [72.87986425255771, 19.10424521492684], [72.87987082344944, 19.10423880942807], [72.87987840681775, 19.104233642266596], [72.87988677224583, 19.104229870444], [72.87989566555437, 19.104227608565207], [72.87990481652471, 19.104226925356258], [72.87991394710924, 19.10422784157611], [72.87992277987976, 19.104230329385892], [72.87993104645702, 19.104234313194755], [72.87993849566524, 19.104239671956687], [72.87994490116402, 19.10424624284842], [72.8799500683255, 19.104253826216727], [72.87995384014809, 19.104262191644803], [72.87995610202688, 19.104271084953353], [72.87995678523583, 19.104280235923692], [72.87995586901597, 19.10428936650822], [72.87995338120619, 19.10429819927874], [72.87994939739734, 19.104306465856002], [72.8799440386354, 19.104313915064225], [72.87993746774367, 19.104320320562994], [72.87992988437536, 19.10432548772447], [72.87992151894728, 19.104329259547065], [72.87991262563874, 19.10433152142586], [72.8799034746684, 19.104332204634808]]]}, "properties": {"FEATUREID": "FS11000000050", "NAME": "Hasanpada Road, Marol, Andheri East", "TYPE": 2, "LOCATION": "Hasanpada Road, Marol, Andheri East", "WARD": "K/E", "SUBTYPE": null, "DEPTH": null, "HEIGHT_TO_MSL": null, "AFFECT_AREA": null, "AFFECT_POPULATION": null, "AFFECTED_HUT": null, "AFFECT_ROAD": null, "AFFECT_RAIL": null, "NO_DE_WATER_PUMP": null, "REMARKS": "Monsoon 24 (2024-25)"}}, {"type": "Feature", "geometry": {"type": "Polygon", "coordinates": [[[72.87936485769173, 19.120467943422284], [72.87933519671473, 19.120464966610765], [72.87930650327252, 19.1204568844491], [72.87927964920081, 19.120443942509677], [72.87925545044699, 19.120426534026784], [72.87923464227795, 19.120405187948357], [72.87921785693936, 19.12038055286419], [72.87920560444526, 19.12035337729885], [72.87919825708148, 19.120324486968144], [72.87919603809394, 19.12029475969014], [72.87919901490545, 19.120265098713144], [72.87920709706712, 19.12023640527093], [72.87922003900654, 19.120209551199224], [72.87923744748944, 19.120185352445404], [72.87925879356786, 19.12016454427636], [72.87928342865203, 19.12014775893778], [72.87931060421737, 19.120135506443678], [72.87933949454808, 19.12012815907989], [72.87936922182608, 19.12012594009235], [72.87939888280307, 19.12012891690387], [72.87942757624529, 19.120136999065533], [72.879454430317, 19.120149941004957], [72.87947862907082, 19.12016734948785], [72.87949943723986, 19.120188695566277], [72.87951622257845, 19.120213330650444], [72.87952847507255, 19.120240506215783], [72.87953582243632, 19.12026939654649], [72.87953804142387, 19.120299123824495], [72.87953506461236, 19.12032878480149], [72.87952698245068, 19.120357478243704], [72.87951404051127, 19.12038433231541], [72.87949663202836, 19.12040853106923], [72.87947528594995, 19.120429339238274], [72.87945065086578, 19.120446124576855], [72.87942347530044, 19.120458377070957], [72.87939458496973, 19.120465724434744], [72.87936485769173, 19.120467943422284]]]}, "properties": {"FEATUREID": "FS11000000051", "NAME": "HE Deptt. Marol Bhandar", "TYPE": 2, "LOCATION": "HE Deptt, Marol Bhandar, Andheri East", "WARD": "K/E", "SUBTYPE": null, "DEPTH": null, "HEIGHT_TO_MSL": null, "AFFECT_AREA": null, "AFFECT_POPULATION": null, "AFFECTED_HUT": null, "AFFECT_ROAD": null, "AFFECT_RAIL": null, "NO_DE_WATER_PUMP": null, "REMARKS": "Monsoon 24 (2024-25)"}}, {"type": "Feature", "geometry": {"type": "Polygon", "coordinates": [[[72.85151637212498, 19.127927071666946], [72.85149455361841, 19.127924878118886], [72.85147344748962, 19.127918929151843], [72.85145369503763, 19.12790940552218], [72.8514358964307, 19.12789659660055], [72.85142059247052, 19.12788089157957], [72.85140824816014, 19.12786276764835], [72.8513992385752, 19.127842775493363], [72.85139383746738, 19.12782152256613], [72.85139220894662, 19.127799654626084], [72.85139440249468, 19.127777836119524], [72.85140035146172, 19.127756729990725], [72.85140987509139, 19.12773697753874], [72.85142268401302, 19.127719178931812], [72.85143838903399, 19.12770387497162], [72.85145651296521, 19.12769153066124], [72.8514765051202, 19.127682521076306], [72.85149775804743, 19.127677119968492], [72.85151962598748, 19.127675491447725], [72.85154144449405, 19.127677684995785], [72.85156255062283, 19.12768363396283], [72.85158230307482, 19.127693157592493], [72.85160010168175, 19.12770596651412], [72.85161540564194, 19.127721671535102], [72.85162774995231, 19.127739795466322], [72.85163675953726, 19.127759787621308], [72.85164216064507, 19.12778104054854], [72.85164378916583, 19.127802908488587], [72.85164159561778, 19.127824726995147], [72.85163564665073, 19.127845833123946], [72.85162612302106, 19.127865585575933], [72.85161331409944, 19.12788338418286], [72.85159760907847, 19.127898688143052], [72.85157948514724, 19.12791103245343], [72.85155949299225, 19.127920042038365], [72.85153824006503, 19.12792544314618], [72.85151637212498, 19.127927071666946]]]}, "properties": {"FEATUREID": "FS11000000052", "NAME": "R K Singh Road", "TYPE": 2, "LOCATION": "R K Singh Road, Jogeshwari East", "WARD": "K/E", "SUBTYPE": null, "DEPTH": null, "HEIGHT_TO_MSL": null, "AFFECT_AREA": null, "AFFECT_POPULATION": null, "AFFECTED_HUT": null, "AFFECT_ROAD": null, "AFFECT_RAIL": null, "NO_DE_WATER_PUMP": null, "REMARKS": "Monsoon 24 (2024-25)"}}, {"type": "Feature", "geometry": {"type": "Polygon", "coordinates": [[[72.87294407019397, 19.130399886005506], [72.87292383904703, 19.130397854645892], [72.87290426799856, 19.130392341045393], [72.87288595170499, 19.130383512731978], [72.8728694466976, 19.13037163794948], [72.8728552544727, 19.130357077507153], [72.87284380625387, 19.13034027381667], [72.87283544988944, 19.13032173744967], [72.87283043928329, 19.130302031624275], [72.8728289266802, 19.130281755092025], [72.87283095803981, 19.130261523945087], [72.87283647164031, 19.130241952896625], [72.87284529995372, 19.130223636603045], [72.87285717473623, 19.130207131595657], [72.87287173517855, 19.13019293937076], [72.87288853886903, 19.130181491151927], [72.87290707523603, 19.130173134787487], [72.87292678106142, 19.130168124181353], [72.87294705759368, 19.130166611578254], [72.87296728874061, 19.130168642937868], [72.87298685978908, 19.130174156538367], [72.87300517608266, 19.130182984851782], [72.87302168109004, 19.13019485963428], [72.87303587331495, 19.130209420076607], [72.87304732153378, 19.13022622376709], [72.87305567789821, 19.13024476013409], [72.87306068850435, 19.130264465959485], [72.87306220110744, 19.130284742491735], [72.87306016974783, 19.130304973638673], [72.87305465614733, 19.130324544687134], [72.87304582783392, 19.130342860980715], [72.87303395305142, 19.130359365988102], [72.8730193926091, 19.130373558212998], [72.87300258891861, 19.130385006431833], [72.87298405255162, 19.130393362796273], [72.87296434672622, 19.130398373402407], [72.87294407019397, 19.130399886005506]]]}, "properties": {"FEATUREID": "FS11000000053", "NAME": "Veravali Reservior Road", "TYPE": 2, "LOCATION": "Veravali Reservior Road, Jogeshwari East", "WARD": "K/E", "SUBTYPE": null, "DEPTH": null, "HEIGHT_TO_MSL": null, "AFFECT_AREA": null, "AFFECT_POPULATION": null, "AFFECTED_HUT": null, "AFFECT_ROAD": null, "AFFECT_RAIL": null, "NO_DE_WATER_PUMP": null, "REMARKS": "Monsoon 24 (2024-25)"}}, {"type": "Feature", "geometry": {"type": "Polygon", "coordinates": [[[72.82441590511685, 19.1431586539748], [72.82440632081897, 19.143157688716652], [72.82439704974341, 19.143155073827085], [72.82438837358714, 19.14315088875819], [72.82438055597076, 19.14314526067117], [72.82437383442861, 19.143138360572596], [72.82436841319132, 19.143130398118483], [72.82436445698045, 19.14312161524396], [72.82436208600348, 19.14311227881223], [72.82436137230131, 19.143102672506043], [72.82436233755946, 19.143093088208154], [72.82436495244903, 19.143083817132606], [72.82436913751793, 19.143075140976336], [72.82437476560494, 19.143067323359958], [72.82438166570351, 19.143060601817798], [72.82438962815763, 19.143055180580507], [72.82439841103216, 19.143051224369643], [72.8244077474639, 19.143048853392663], [72.82441735377007, 19.143048139690507], [72.82442693806796, 19.143049104948656], [72.82443620914351, 19.143051719838223], [72.82444488529978, 19.14305590490712], [72.82445270291616, 19.14306153299414], [72.82445942445831, 19.14306843309271], [72.8244648456956, 19.143076395546824], [72.82446880190648, 19.143085178421348], [72.82447117288345, 19.14309451485308], [72.82447188658561, 19.143104121159265], [72.82447092132746, 19.143113705457154], [72.8244683064379, 19.143122976532702], [72.82446412136899, 19.14313165268897], [72.82445849328198, 19.14313947030535], [72.82445159318341, 19.14314619184751], [72.82444363072929, 19.1431516130848], [72.82443484785476, 19.143155569295665], [72.82442551142303, 19.143157940272644], [72.82441590511685, 19.1431586539748]]]}, "properties": {"FEATUREID": "FS20000000070", "NAME": "Lokhandwala Cross Lane no 2, Nr Market ", "TYPE": 2, "LOCATION": "Lokhandwala Cross Lane no 2, Nr Market, Andheri West", "WARD": "K/W", "SUBTYPE": null, "DEPTH": null, "HEIGHT_TO_MSL": null, "AFFECT_AREA": null, "AFFECT_POPULATION": null, "AFFECTED_HUT": null, "AFFECT_ROAD": null, "AFFECT_RAIL": null, "NO_DE_WATER_PUMP": null, "REMARKS": "Monsoon 24 (2024-25)"}}, {"type": "Feature", "geometry": {"type": "Polygon", "coordinates": [[[72.8535602812118, 19.10676664388884], [72.85351900700925, 19.106762593806852], [72.85347901096571, 19.10675162660752], [72.85344144369454, 19.106734057797198], [72.8534073859377, 19.106710392798572], [72.85337781747488, 19.106681312410565], [72.85335358893691, 19.106647653222996], [72.85333539733472, 19.106610383549405], [72.85332376600756, 19.106570575570448], [72.85331902956757, 19.106529374489195], [72.85332132427348, 19.10648796558575], [72.85333058411078, 19.10644754011886], [72.85334654269083, 19.10640926105561], [72.8533687409143, 19.10637422961496], [72.85339654017876, 19.10634345358767], [72.85342914074997, 19.10631781834401], [72.85346560476883, 19.106298061363272], [72.85350488323193, 19.106284751017817], [72.85354584616941, 19.10627827022205], [72.85358731515211, 19.106278805416665], [72.85362809719292, 19.106286341205088], [72.85366701906679, 19.10630066079641], [72.85370296106224, 19.106321352242052], [72.85373488919352, 19.106347820286803], [72.85376188494642, 19.106379303493203], [72.85378317170229, 19.106414896146728], [72.8537981370799, 19.106453574311534], [72.85380635055262, 19.106494225287243], [72.85380757583374, 19.1065356796193], [72.8538017776742, 19.106576744742043], [72.85378912287648, 19.10661623928666], [72.85376997549606, 19.106653027067008], [72.85374488636822, 19.10668604976563], [72.85371457726148, 19.10671435737961], [72.85367992011368, 19.10673713555043], [72.85364191194783, 19.10675372899159], [72.85360164618969, 19.106763660339993], [72.8535602812118, 19.10676664388884]]]}, "properties": {"FEATUREID": "FS20000000071", "NAME": "Dariyalal Society Nr AAI Juhu", "TYPE": 2, "LOCATION": "Dariyalal Society Nr AAI Juhu", "WARD": "K/W", "SUBTYPE": null, "DEPTH": null, "HEIGHT_TO_MSL": null, "AFFECT_AREA": null, "AFFECT_POPULATION": null, "AFFECTED_HUT": null, "AFFECT_ROAD": null, "AFFECT_RAIL": null, "NO_DE_WATER_PUMP": null, "REMARKS": "Monsoon 24 (2024-25)"}}, {"type": "Feature", "geometry": {"type": "Polygon", "coordinates": [[[72.84084721563919, 19.14940755115747], [72.84082878766472, 19.149405696990346], [72.84081096162534, 19.149400671008003], [72.84079427915621, 19.149392625922374], [72.84077924714575, 19.149381806179306], [72.84076632233396, 19.149368540531228], [72.84075589743473, 19.14935323204814], [72.84074828920333, 19.149336345870548], [72.84074372881203, 19.14931839507642], [72.840742354826, 19.14929992509155], [72.84074420899312, 19.149281497117084], [72.84074923497546, 19.1492636710777], [72.8407572800611, 19.149246988608585], [72.84076809980417, 19.14923195659812], [72.84078136545224, 19.14921903178633], [72.84079667393533, 19.149208606887093], [72.84081356011292, 19.149200998655694], [72.84083151090705, 19.14919643826439], [72.84084998089192, 19.149195064278363], [72.84086840886638, 19.149196918445487], [72.84088623490577, 19.14920194442783], [72.84090291737489, 19.14920998951346], [72.84091794938536, 19.149220809256526], [72.84093087419714, 19.149234074904605], [72.84094129909637, 19.149249383387694], [72.84094890732777, 19.149266269565285], [72.84095346771907, 19.149284220359412], [72.8409548417051, 19.149302690344282], [72.84095298753799, 19.14932111831875], [72.84094796155564, 19.14933894435813], [72.84093991647, 19.149355626827248], [72.84092909672694, 19.149370658837714], [72.84091583107886, 19.149383583649502], [72.84090052259577, 19.14939400854874], [72.84088363641818, 19.14940161678014], [72.84086568562405, 19.149406177171443], [72.84084721563919, 19.14940755115747]]]}, "properties": {"FEATUREID": "FS20000000072", "NAME": "Hindu Cementry Municipal Plot ", "TYPE": 2, "LOCATION": "Hindu Cementry, Municipal Plot, Jogeshwari West", "WARD": "K/W", "SUBTYPE": null, "DEPTH": null, "HEIGHT_TO_MSL": null, "AFFECT_AREA": null, "AFFECT_POPULATION": null, "AFFECTED_HUT": null, "AFFECT_ROAD": null, "AFFECT_RAIL": null, "NO_DE_WATER_PUMP": null, "REMARKS": "Monsoon 24 (2024-25)"}}, {"type": "Feature", "geometry": {"type": "Polygon", "coordinates": [[[72.84084518623388, 19.130106730858333], [72.84082957187664, 19.130105160011933], [72.84081446751118, 19.13010090162554], [72.84080033207601, 19.130094085088068], [72.84078759506919, 19.130084917516562], [72.84077664349819, 19.130073677463038], [72.84076781012098, 19.130060706450838], [72.84076136333525, 19.130046398597607], [72.84075749902331, 19.130031188640217], [72.84075633460034, 19.130015538725534], [72.84075790544674, 19.129999924368292], [72.84076216383313, 19.12998482000284], [72.84076898037061, 19.12997068456767], [72.84077814794212, 19.129957947560836], [72.84078938799564, 19.129946995989844], [72.84080235900784, 19.129938162612632], [72.84081666686107, 19.1299317158269], [72.84083187681846, 19.129927851514967], [72.84084752673314, 19.129926687092], [72.84086314109038, 19.1299282579384], [72.84087824545584, 19.129932516324793], [72.840892380891, 19.129939332862264], [72.84090511789783, 19.12994850043377], [72.84091606946883, 19.129959740487294], [72.84092490284604, 19.129972711499494], [72.84093134963177, 19.129987019352725], [72.84093521394371, 19.130002229310115], [72.84093637836668, 19.1300178792248], [72.84093480752028, 19.13003349358204], [72.84093054913389, 19.130048597947493], [72.84092373259641, 19.130062733382662], [72.8409145650249, 19.130075470389496], [72.84090332497138, 19.13008642196049], [72.84089035395918, 19.1300952553377], [72.84087604610595, 19.130101702123433], [72.84086083614856, 19.130105566435365], [72.84084518623388, 19.130106730858333]]]}, "properties": {"FEATUREID": "FS20000000073", "NAME": "Wolfort Bldg Lane, Amboli, Andheri West", "TYPE": 2, "LOCATION": "Wolfort Bldg Lane, Amboli, Andheri West", "WARD": "K/W", "SUBTYPE": null, "DEPTH": null, "HEIGHT_TO_MSL": null, "AFFECT_AREA": null, "AFFECT_POPULATION": null, "AFFECTED_HUT": null, "AFFECT_ROAD": null, "AFFECT_RAIL": null, "NO_DE_WATER_PUMP": null, "REMARKS": "Monsoon 24 (2024-25)"}}, {"type": "Feature", "geometry": {"type": "Polygon", "coordinates": [[[72.83969743997264, 19.156043467443585], [72.83968582782151, 19.15604229892533], [72.83967459499613, 19.156039131730612], [72.83966408280018, 19.15603406209304], [72.83965461064143, 19.156027244050982], [72.83964646632666, 19.1560188847672], [72.8396398973167, 19.1560092382343], [72.83963510320763, 19.155998597557307], [72.83963222966602, 19.155987286047804], [72.83963136400297, 19.15597564740028], [72.83963253252124, 19.155964035249152], [72.83963569971596, 19.155952802423762], [72.83964076935352, 19.155942290227816], [72.83964758739558, 19.15593281806908], [72.83965594667936, 19.155924673754292], [72.83966559321226, 19.15591810474434], [72.83967623388925, 19.15591331063527], [72.83968754539876, 19.15591043709366], [72.83969918404628, 19.155909571430616], [72.83971079619741, 19.155910739948872], [72.8397220290228, 19.15591390714359], [72.83973254121874, 19.155918976781162], [72.83974201337749, 19.15592579482322], [72.83975015769227, 19.155934154107], [72.83975672670222, 19.1559438006399], [72.8397615208113, 19.155954441316894], [72.8397643943529, 19.155965752826397], [72.83976526001595, 19.15597739147392], [72.83976409149768, 19.15598900362505], [72.83976092430296, 19.15600023645044], [72.8397558546654, 19.156010748646384], [72.83974903662335, 19.15602022080512], [72.83974067733956, 19.15602836511991], [72.83973103080666, 19.15603493412986], [72.83972039012967, 19.15603972823893], [72.83970907862016, 19.15604260178054], [72.83969743997264, 19.156043467443585]]]}, "properties": {"FEATUREID": "FS13000000030", "NAME": "H S Rupwate Marg, Goregaon West", "TYPE": 2, "LOCATION": "H S Rupwate Marg, Goregaon West", "WARD": "P/S", "SUBTYPE": null, "DEPTH": null, "HEIGHT_TO_MSL": null, "AFFECT_AREA": null, "AFFECT_POPULATION": null, "AFFECTED_HUT": null, "AFFECT_ROAD": null, "AFFECT_RAIL": null, "NO_DE_WATER_PUMP": null, "REMARKS": "Monsoon 24 (2024-25)"}}, {"type": "Feature", "geometry": {"type": "Polygon", "coordinates": [[[72.85135366430634, 19.157138104572574], [72.85133404482376, 19.157136131663645], [72.85131506599723, 19.157130781840237], [72.85129730448881, 19.157122217654027], [72.85128129997294, 19.15711069932348], [72.85126753873874, 19.157096576827236], [72.85125643891433, 19.157080279270204], [72.85124833776229, 19.157062301845407], [72.85124348143201, 19.157043190787796], [72.85124201748062, 19.157023526777188], [72.85124399038955, 19.157003907294595], [72.85124934021296, 19.156984928468066], [72.85125790439916, 19.156967166959646], [72.85126942272971, 19.15695116244378], [72.85128354522595, 19.156937401209575], [72.85129984278298, 19.156926301385177], [72.85131782020778, 19.156918200233132], [72.8513369312654, 19.156913343902847], [72.851356595276, 19.15691187995146], [72.85137621475859, 19.156913852860388], [72.85139519358512, 19.156919202683795], [72.85141295509354, 19.156927766870005], [72.85142895960941, 19.156939285200554], [72.85144272084361, 19.156953407696797], [72.85145382066801, 19.15696970525383], [72.85146192182006, 19.156987682678626], [72.85146677815034, 19.157006793736237], [72.85146824210173, 19.157026457746845], [72.8514662691928, 19.157046077229438], [72.85146091936939, 19.157065056055966], [72.85145235518318, 19.157082817564387], [72.85144083685263, 19.157098822080254], [72.85142671435639, 19.157112583314458], [72.85141041679937, 19.157123683138856], [72.85139243937456, 19.1571317842909], [72.85137332831695, 19.157136640621186], [72.85135366430634, 19.157138104572574]]]}, "properties": {"FEATUREID": "FS13000000031", "NAME": "Aspen Park, St Yadav Road", "TYPE": 2, "LOCATION": "Aspen Park, St Yadav Road, Goregaon East", "WARD": "P/S", "SUBTYPE": null, "DEPTH": null, "HEIGHT_TO_MSL": null, "AFFECT_AREA": null, "AFFECT_POPULATION": null, "AFFECTED_HUT": null, "AFFECT_ROAD": null, "AFFECT_RAIL": null, "NO_DE_WATER_PUMP": null, "REMARKS": "Already Tackled (2024-25)"}}, {"type": "Feature", "geometry": {"type": "Polygon", "coordinates": [[[72.83601323311645, 19.155844073912917], [72.83600166919139, 19.15584290998962], [72.8359904830615, 19.155839755694423], [72.83598001461166, 19.155834706868983], [72.83597058192044, 19.15582791691931], [72.83596247159538, 19.15581959215459], [72.83595593006461, 19.155809985518584], [72.83595115608922, 19.155799388904068], [72.83594829472405, 19.15578812428381], [72.83594743291022, 19.155776533927597], [72.83594859683352, 19.155764970002537], [72.83595175112872, 19.155753783872644], [72.83595679995416, 19.15574331542281], [72.83596358990383, 19.155733882731592], [72.83597191466855, 19.155725772406534], [72.83598152130455, 19.155719230875757], [72.83599211791908, 19.15571445690037], [72.83600338253933, 19.155711595535198], [72.83601497289554, 19.15571073372137], [72.8360265368206, 19.155711897644668], [72.8360377229505, 19.155715051939865], [72.83604819140032, 19.155720100765304], [72.83605762409155, 19.155726890714977], [72.83606573441661, 19.155735215479698], [72.83607227594737, 19.155744822115704], [72.83607704992276, 19.15575541873022], [72.83607991128794, 19.15576668335048], [72.83608077310177, 19.15577827370669], [72.83607960917847, 19.15578983763175], [72.83607645488327, 19.155801023761644], [72.83607140605783, 19.155811492211477], [72.83606461610816, 19.155820924902695], [72.83605629134344, 19.155829035227754], [72.83604668470744, 19.15583557675853], [72.83603608809291, 19.155840350733918], [72.83602482347266, 19.15584321209909], [72.83601323311645, 19.155844073912917]]]}, "properties": {"FEATUREID": "FS13000000032", "NAME": "BEST Colony Road, Goregaon West", "TYPE": 2, "LOCATION": "BEST Colony Road, Goregaon West", "WARD": "P/S", "SUBTYPE": null, "DEPTH": null, "HEIGHT_TO_MSL": null, "AFFECT_AREA": null, "AFFECT_POPULATION": null, "AFFECTED_HUT": null, "AFFECT_ROAD": null, "AFFECT_RAIL": null, "NO_DE_WATER_PUMP": null, "REMARKS": "Already Tackled (2024-25)"}}, {"type": "Feature", "geometry": {"type": "Polygon", "coordinates": [[[72.85071119340255, 19.184863311932133], [72.85059588666702, 19.18480931823494], [72.85048378878108, 19.184748944179592], [72.85037525244613, 19.1846823797252], [72.85027061915764, 19.184609834308166], [72.85017021813066, 19.18453153618321], [72.85007436526394, 19.184447731705205], [72.84998336214606, 19.184358684554038], [72.84989749510652, 19.184264674904995], [72.84981703431478, 19.184165998547208], [72.84974223293027, 19.18406296595301], [72.84967332630582, 19.183955901301054], [72.84961053124714, 19.183845141456352], [72.84955404533073, 19.183731034910352], [72.84950404628219, 19.18361394068446], [72.84946069141701, 19.18349422720043], [72.84942411714565, 19.183372271121176], [72.8493944385443, 19.183248456165643], [72.8493717489928, 19.183123171901485], [72.84935611988087, 19.182996812519352], [72.84934760038351, 19.182869775592604], [72.84934621730619, 19.182742460826418], [72.84935197500059, 19.18261526880014], [72.84936485535087, 19.182488599706954], [72.84938481783068, 19.18236285209468], [72.84941179963067, 19.18223842161183], [72.84944571585613, 19.182115699762747], [72.84948645979405, 19.181995072675758], [72.84953390324894, 19.181876919888314], [72.84958789694613, 19.181761613152794], [72.84964827100148, 19.18164951526685], [72.84971483545587, 19.181540978931903], [72.84978738087291, 19.181436345643412], [72.84986567899786, 19.181335944616418], [72.84994948347587, 19.181240091749697], [72.85003853062703, 19.18114908863183], [72.85013254027608, 19.18106322159229], [72.85023121663387, 19.180982760800557], [72.85033424922807, 19.180907959416043], [72.85044131388003, 19.18083905279158], [72.85055207372473, 19.180776257732905], [72.85066618027072, 19.1807197718165], [72.85078327449662, 19.180669772767956], [72.85090298798065, 19.18062641790278], [72.8510249440599, 19.180589843631417], [72.85114875901543, 19.180560165030055], [72.85127404327959, 19.180537475478555], [72.85140040266172, 19.18052184636664], [72.85152743958847, 19.180513326869278], [72.85165475435466, 19.18051194379196], [72.85178194638094, 19.180517701486355], [72.85190861547413, 19.180530581836635], [72.8520343630864, 19.180550544316446], [72.85215879356925, 19.18057752611644], [72.85228151541833, 19.1806114423419], [72.85240214250531, 19.180652186279822], [72.85252029529276, 19.18069962973471], [72.85263560202829, 19.180753623431904], [72.85274769991423, 19.180813997487252], [72.85285623624918, 19.180880561941645], [72.85296086953767, 19.18095310735868], [72.85306127056465, 19.181031405483633], [72.85315712343137, 19.18111520996164], [72.85324812654925, 19.181204257112807], [72.85333399358879, 19.18129826676185], [72.85341445438053, 19.181396943119637], [72.85348925576504, 19.181499975713834], [72.85355816238949, 19.18160704036579], [72.85362095744817, 19.181717800210492], [72.85367744336457, 19.181831906756493], [72.85372744241312, 19.181949000982385], [72.8537707972783, 19.182068714466414], [72.85380737154966, 19.18219067054567], [72.85383705015101, 19.1823144855012], [72.85385973970251, 19.18243976976536], [72.85387536881444, 19.182566129147492], [72.8538838883118, 19.18269316607424], [72.85388527138912, 19.182820480840427], [72.85387951369472, 19.182947672866703], [72.85386663334444, 19.18307434195989], [72.85384667086463, 19.183200089572164], [72.85381968906464, 19.183324520055013], [72.85378577283917, 19.183447241904098], [72.85374502890126, 19.183567868991087], [72.85369758544637, 19.18368602177853], [72.85364359174918, 19.18380132851405], [72.85358321769382, 19.183913426399993], [72.85351665323944, 19.184021962734942], [72.8534441078224, 19.184126596023432], [72.85336580969745, 19.184226997050427], [72.85328200521944, 19.184322849917148], [72.85319295806828, 19.184413853035014], [72.85309894841923, 19.184499720074555], [72.85300027206144, 19.184580180866288], [72.85289723946724, 19.1846549822508], [72.85279017481528, 19.184723888875265], [72.85267941497058, 19.18478668393394], [72.85256530842459, 19.184843169850346], [72.85244821419869, 19.18489316889889], [72.85232850071466, 19.184936523764065], [72.85220654463541, 19.184973098035428], [72.85208272967988, 19.18500277663679], [72.85195744541572, 19.18502546618829], [72.85183108603358, 19.185041095300203], [72.85170404910684, 19.185049614797567], [72.85157673434065, 19.185050997874885], [72.85144954231437, 19.18504524018049], [72.85132287322118, 19.18503235983021], [72.8511971256089, 19.1850123973504], [72.85107269512606, 19.184985415550404], [72.85094997327698, 19.184951499324946], [72.85082934619, 19.184910755387023], [72.85071119340255, 19.184863311932133]]]}, "properties": {"FEATUREID": "FS12000000032", "NAME": "Rani Sati Marg", "TYPE": 2, "LOCATION": "Rani Sati Marg, Malad East", "WARD": "P/N", "SUBTYPE": null, "DEPTH": null, "HEIGHT_TO_MSL": null, "AFFECT_AREA": null, "AFFECT_POPULATION": null, "AFFECTED_HUT": null, "AFFECT_ROAD": null, "AFFECT_RAIL": null, "NO_DE_WATER_PUMP": null, "REMARKS": "Monsoon 26  (2025)"}}, {"type": "Feature", "geometry": {"type": "Polygon", "coordinates": [[[72.84629099566133, 19.232412189218973], [72.84628622384307, 19.232411708958164], [72.84628160791586, 19.23241040737605], [72.84627728813231, 19.232408324020547], [72.84627339574688, 19.232405522193353], [72.84627004902771, 19.232402087026575], [72.84626734966317, 19.23239812289601], [72.84626537967209, 19.232393750249763], [72.84626419891167, 19.23238910194848], [72.84626384325868, 19.23238431922844], [72.84626432351949, 19.232379547410172], [72.84626562510161, 19.232374931482962], [72.8462677084571, 19.23237061169942], [72.8462705102843, 19.23236671931398], [72.84627394545109, 19.232363372594808], [72.84627790958164, 19.232360673230275], [72.84628228222789, 19.2323587032392], [72.84628693052917, 19.232357522478768], [72.84629171324922, 19.23235716682579], [72.84629648506748, 19.232357647086598], [72.8463011009947, 19.23235894866871], [72.84630542077824, 19.232361032024215], [72.84630931316367, 19.23236383385141], [72.84631265988284, 19.232367269018187], [72.84631535924738, 19.23237123314875], [72.84631732923846, 19.232375605795], [72.84631850999888, 19.23238025409628], [72.84631886565187, 19.23238503681632], [72.84631838539106, 19.23238980863459], [72.84631708380894, 19.2323944245618], [72.84631500045344, 19.232398744345343], [72.84631219862625, 19.232402636730782], [72.84630876345946, 19.232405983449954], [72.8463047993289, 19.232408682814487], [72.84630042668266, 19.232410652805562], [72.84629577838137, 19.232411833565994], [72.84629099566133, 19.232412189218973]]]}, "properties": {"FEATUREID": "FS24000000031", "NAME": "CKP Colony Road. ", "TYPE": 2, "LOCATION": "CKP Colony Road, Borivali West", "WARD": "R/C", "SUBTYPE": null, "DEPTH": null, "HEIGHT_TO_MSL": null, "AFFECT_AREA": null, "AFFECT_POPULATION": null, "AFFECTED_HUT": null, "AFFECT_ROAD": null, "AFFECT_RAIL": null, "NO_DE_WATER_PUMP": null, "REMARKS": "Monsoon 24 (2024-25)"}}, {"type": "Feature", "geometry": {"type": "Polygon", "coordinates": [[[72.89772610124385, 19.096093290158095], [72.89769459727933, 19.096090132454503], [72.8976641202603, 19.096081552117496], [72.89763559621555, 19.096067809856276], [72.89760989183375, 19.096049323222488], [72.89758778812954, 19.096026653923154], [72.89756995671279, 19.096000490753454], [72.89755693938206, 19.095971628668067], [72.89754913166236, 19.09594094462685], [72.89754677078732, 19.09590937094887], [72.8975499284909, 19.095877866984353], [72.89755850882791, 19.09584738996532], [72.89757225108913, 19.095818865920574], [72.89759073772292, 19.09579316153878], [72.89761340702225, 19.09577105783457], [72.89763957019196, 19.09575322641781], [72.89766843227734, 19.09574020908708], [72.89769911631855, 19.095732401367382], [72.89773068999654, 19.095730040492334], [72.89776219396106, 19.095733198195926], [72.89779267098008, 19.095741778532933], [72.89782119502483, 19.095755520794153], [72.89784689940663, 19.09577400742794], [72.89786900311084, 19.095796676727275], [72.8978868345276, 19.095822839896975], [72.89789985185833, 19.09585170198236], [72.89790765957802, 19.09588238602358], [72.89791002045307, 19.09591395970156], [72.89790686274948, 19.095945463666077], [72.89789828241247, 19.095975940685108], [72.89788454015125, 19.096004464729855], [72.89786605351746, 19.09603016911165], [72.89784338421813, 19.09605227281586], [72.89781722104843, 19.09607010423262], [72.89778835896304, 19.09608312156335], [72.89775767492183, 19.096090929283047], [72.89772610124385, 19.096093290158095]]]}, "properties": {"FEATUREID": "FS15000000055", "NAME": "Jangaleshwar Mahadev Mandir Road", "TYPE": 2, "LOCATION": "Jangaleshwar Mahadev Mandir Road, Kurla", "WARD": "L", "SUBTYPE": null, "DEPTH": null, "HEIGHT_TO_MSL": null, "AFFECT_AREA": null, "AFFECT_POPULATION": null, "AFFECTED_HUT": null, "AFFECT_ROAD": null, "AFFECT_RAIL": null, "NO_DE_WATER_PUMP": null, "REMARKS": "Already Tackled (2024-25)"}}, {"type": "Feature", "geometry": {"type": "Polygon", "coordinates": [[[72.89616851703236, 19.10492404491233], [72.89606236817018, 19.10489806946111], [72.89595814545665, 19.104865207157577], [72.89585629518943, 19.104825598723153], [72.89575725350701, 19.10477941376724], [72.89566144452108, 19.10472685006091], [72.89556927850042, 19.104668132690023], [72.89548115011408, 19.10460351309137], [72.89539743674135, 19.104533267976], [72.89531849685572, 19.104457698144277], [72.89524466848992, 19.104377127197825], [72.89517626778834, 19.104291900153804], [72.89511358765328, 19.1042023819675], [72.89505689649073, 19.104108955969537], [72.89500643706091, 19.10401202222437], [72.89496242543888, 19.103911995817185], [72.89492505008913, 19.103809305076414], [72.89489447105866, 19.10370438973957], [72.89487081929158, 19.103597699070235], [72.8948541960684, 19.103489689934236], [72.89484467257228, 19.10338082484327], [72.89484228958432, 19.103271569974375], [72.89484705730882, 19.103162393173672], [72.89485895532965, 19.10305376195298], [72.8948779326977, 19.102946141487866], [72.8949039081489, 19.102839992625682], [72.89493677045245, 19.102735769912154], [72.89497637888687, 19.10263391964494], [72.89502256384279, 19.102534877962523], [72.8950751275491, 19.102439068976587], [72.89513384492, 19.102346902955926], [72.89519846451866, 19.102258774569584], [72.89526870963402, 19.102175061196846], [72.89534427946575, 19.10209612131122], [72.8954248504122, 19.10202229294542], [72.89551007745622, 19.10195389224384], [72.89559959564252, 19.101891212108793], [72.89569302164048, 19.101834520946227], [72.89578995538565, 19.101784061516412], [72.89588998179283, 19.10174004989437], [72.89599267253361, 19.10170267454463], [72.89609758787046, 19.101672095514168], [72.89620427853978, 19.10164844374709], [72.89631228767578, 19.1016318205239], [72.89642115276675, 19.10162229702778], [72.89653040763565, 19.101619914039816], [72.89663958443636, 19.101624681764317], [72.89674821565704, 19.10163657978516], [72.89685583612216, 19.101655557153194], [72.89696198498434, 19.101681532604413], [72.89706620769788, 19.101714394907948], [72.89716805796509, 19.10175400334237], [72.89726709964751, 19.101800188298284], [72.89736290863344, 19.101852752004614], [72.8974550746541, 19.1019114693755], [72.89754320304044, 19.101976088974155], [72.89762691641317, 19.102046334089525], [72.8977058562988, 19.102121903921248], [72.8977796846646, 19.1022024748677], [72.89784808536618, 19.10228770191172], [72.89791076550124, 19.102377220098024], [72.89796745666379, 19.102470646095988], [72.89801791609361, 19.102567579841153], [72.89806192771564, 19.10266760624834], [72.8980993030654, 19.10277029698911], [72.89812988209586, 19.102875212325955], [72.89815353386294, 19.10298190299529], [72.89817015708613, 19.10308991213129], [72.89817968058225, 19.103198777222254], [72.8981820635702, 19.10330803209115], [72.8981772958457, 19.10341720889185], [72.89816539782487, 19.103525840112543], [72.89814642045683, 19.103633460577658], [72.89812044500562, 19.10373960943984], [72.89808758270208, 19.10384383215337], [72.89804797426766, 19.103945682420584], [72.89800178931173, 19.104044724103], [72.89794922560542, 19.104140533088938], [72.89789050823452, 19.1042326991096], [72.89782588863586, 19.10432082749594], [72.8977556435205, 19.10440454086868], [72.89768007368878, 19.104483480754304], [72.89759950274232, 19.104557309120104], [72.8975142756983, 19.104625709821683], [72.897424757512, 19.10468838995673], [72.89733133151404, 19.104745081119297], [72.89723439776887, 19.104795540549112], [72.89713437136169, 19.104839552171153], [72.89703168062091, 19.104876927520895], [72.89692676528406, 19.104907506551356], [72.89682007461474, 19.104931158318433], [72.89671206547874, 19.104947781541625], [72.89660320038777, 19.104957305037743], [72.89649394551887, 19.10495968802571], [72.89638476871816, 19.104954920301207], [72.89627613749748, 19.104943022280363], [72.89616851703236, 19.10492404491233]]]}, "properties": {"FEATUREID": "FS15000000056", "NAME": "Nahar Amrit Shakto Road Khairani Road", "TYPE": 2, "LOCATION": "Nahar Amrit Shakti Road Khairani Road, Sakinaka, Kurla", "WARD": "L", "SUBTYPE": null, "DEPTH": null, "HEIGHT_TO_MSL": null, "AFFECT_AREA": null, "AFFECT_POPULATION": null, "AFFECTED_HUT": null, "AFFECT_ROAD": null, "AFFECT_RAIL": null, "NO_DE_WATER_PUMP": null, "REMARKS": "Will be tackled befor monsoon 2025 (2025)"}}, {"type": "Feature", "geometry": {"type": "Polygon", "coordinates": [[[72.88791980845583, 19.103984194804486], [72.887856362962, 19.104077452625113], [72.88778718695634, 19.104166542647214], [72.88771255344496, 19.104251113273172], [72.88763275697222, 19.104330830741365], [72.88754811245835, 19.104405380443364], [72.88745895395658, 19.104474468165552], [72.88736563333477, 19.104537821250258], [72.88726851888678, 19.104595189671794], [72.88716799387899, 19.104646347023216], [72.88706445503766, 19.104691091409823], [72.8869583109833, 19.104729246245967], [72.88684998061801, 19.104760660951936], [72.88673989147225, 19.104785211548243], [72.88662847801756, 19.104802801144903], [72.88651617995195, 19.104813360323803], [72.8864034404646, 19.1048168474127], [72.88629070448675, 19.104813248649638], [72.88617841693582, 19.104802578237294], [72.88606702095944, 19.10478487828691], [72.88595695618666, 19.10476021865211], [72.88584865699285, 19.104728696653197], [72.88574255078544, 19.104690436693105], [72.88563905631716, 19.104645589766417], [72.88553858203342, 19.104594332863464], [72.88544152446028, 19.104536868271822], [72.88534826663965, 19.104473422777986], [72.88525917661755, 19.10440424677233], [72.8851746059916, 19.104329613260948], [72.8850948885234, 19.104249816788208], [72.88502033882139, 19.10416517227434], [72.88495125109921, 19.104076013772563], [72.8848878980145, 19.103982693150755], [72.88483052959296, 19.103885578702776], [72.88477937224154, 19.10378505369498], [72.88473462785494, 19.103681514853655], [72.88469647301879, 19.103575370799298], [72.88466505831282, 19.103467040434], [72.88464050771651, 19.10335695128823], [72.88462291811986, 19.10324553783354], [72.88461235894096, 19.103133239767942], [72.88460887185207, 19.103020500280593], [72.88461247061512, 19.10290776430275], [72.88462314102746, 19.102795476751805], [72.88464084097785, 19.10268408077543], [72.88466550061266, 19.10257401600265], [72.88469702261156, 19.102465716808833], [72.88473528257165, 19.102359610601425], [72.88478012949834, 19.102256116133155], [72.8848313864013, 19.1021556418494], [72.88488885099294, 19.10205858427626], [72.88495229648677, 19.101965326455634], [72.88502147249243, 19.101876236433533], [72.88509610600381, 19.101791665807575], [72.88517590247655, 19.101711948339382], [72.88526054699042, 19.101637398637383], [72.88534970549219, 19.101568310915194], [72.885443026114, 19.10150495783049], [72.88554014056199, 19.101447589408952], [72.88564066556978, 19.10139643205753], [72.88574420441111, 19.101351687670924], [72.88585034846547, 19.10131353283478], [72.88595867883076, 19.10128211812881], [72.88606876797652, 19.101257567532503], [72.88618018143121, 19.101239977935844], [72.88629247949682, 19.101229418756944], [72.88640521898417, 19.101225931668047], [72.88651795496202, 19.10122953043111], [72.88663024251295, 19.101240200843453], [72.88674163848933, 19.101257900793836], [72.88685170326211, 19.101282560428636], [72.88696000245592, 19.10131408242755], [72.88706610866333, 19.101352342387642], [72.88716960313161, 19.10139718931433], [72.88727007741535, 19.101448446217283], [72.8873671349885, 19.101505910808925], [72.88746039280912, 19.10156935630276], [72.88754948283122, 19.101638532308417], [72.88763405345718, 19.1017131658198], [72.88771377092537, 19.10179296229254], [72.88778832062738, 19.101877606806408], [72.88785740834956, 19.101966765308184], [72.88792076143427, 19.102060085929992], [72.88797812985581, 19.10215720037797], [72.88802928720723, 19.102257725385765], [72.88807403159383, 19.102361264227092], [72.88811218642998, 19.10246740828145], [72.88814360113595, 19.102575738646745], [72.88816815173226, 19.102685827792516], [72.88818574132891, 19.102797241247206], [72.88819630050781, 19.102909539312805], [72.8881997875967, 19.103022278800154], [72.88819618883365, 19.103135014777997], [72.88818551842131, 19.103247302328942], [72.88816781847092, 19.103358698305318], [72.88814315883612, 19.103468763078098], [72.88811163683721, 19.103577062271913], [72.88807337687712, 19.10368316847932], [72.88802852995043, 19.10378666294759], [72.88797727304747, 19.103887137231347], [72.88791980845583, 19.103984194804486]]]}, "properties": {"FEATUREID": "FS15000000057", "NAME": "Sakinaka Metro Station", "TYPE": 2, "LOCATION": "Saki Naka Metro Station", "WARD": "L", "SUBTYPE": null, "DEPTH": null, "HEIGHT_TO_MSL": null, "AFFECT_AREA": null, "AFFECT_POPULATION": null, "AFFECTED_HUT": null, "AFFECT_ROAD": null, "AFFECT_RAIL": null, "NO_DE_WATER_PUMP": null, "REMARKS": "Planning Stage (2025)"}}, {"type": "Feature", "geometry": {"type": "Polygon", "coordinates": [[[72.88977687842159, 19.102368639705574], [72.88966593009687, 19.1023609814558], [72.88955569086323, 19.10234630184693], [72.88944660461517, 19.10232465998856], [72.88933911060452, 19.102296143024827], [72.8892336416717, 19.102260865783467], [72.88913062250289, 19.102218970313487], [72.88903046791991, 19.102170625313157], [72.88893358120993, 19.10211602545073], [72.88884035250153, 19.10205539058058], [72.88875115719381, 19.10198896485793], [72.88866635444481, 19.10191701575572], [72.88858628572524, 19.10183983298759], [72.88851127344361, 19.101757727341308], [72.88844161964788, 19.101671029427333], [72.88837760480929, 19.10158008834756], [72.88831948669304, 19.101485270289626], [72.88826749932024, 19.10138695705238], [72.8882218520257, 19.101285544508535], [72.88818272861496, 19.10118144101061], [72.8881502866242, 19.101075065746645], [72.88812465668585, 19.100966847052288], [72.88810594200264, 19.10085722068602], [72.888094217932, 19.100746628074535], [72.8880895316826, 19.100635514535238], [72.88809190212432, 19.100524327483143], [72.88810131971223, 19.100413514629256], [72.88811774652505, 19.10030352217784], [72.88814111641777, 19.10019479302967], [72.88817133528809, 19.100087764998644], [72.8882082814553, 19.09998286904888], [72.88825180615021, 19.09988052755934], [72.88830173411422, 19.09978115262308], [72.88835786430508, 19.099685144387898], [72.8884199707063, 19.099592889445066], [72.88848780323731, 19.099504759272687], [72.88856108876047, 19.09942110873985], [72.88863953218083, 19.099342274677735], [72.88872281763443, 19.099268574523283], [72.88881060976014, 19.099200305041002], [72.88890255505007, 19.099137741128004], [72.88899828327297, 19.099081134707085], [72.88909740896507, 19.09903071371232], [72.8891995329822, 19.098986681171265], [72.88930424410701, 19.09894921438742], [72.88941112070472, 19.098918464226298], [72.88951973242101, 19.098894554507943], [72.88962964191484, 19.098877581508358], [72.88974040661945, 19.098867613571816], [72.88985158052449, 19.098864690835683], [72.88996271597188, 19.09886882506878], [72.89007336545838, 19.09887999962402], [72.89018308343758, 19.098898169505404], [72.89029142811388, 19.09892326154924], [72.89039796322153, 19.09895517471871], [72.89050225978124, 19.09899378051076], [72.89060389782759, 19.099038923473483], [72.89070246810003, 19.099090421832106], [72.89079757369085, 19.099148068220906], [72.89088883164342, 19.09921163051823], [72.89097587449417, 19.099280852781135], [72.89105835175225, 19.099355456276], [72.89113593131087, 19.09943514060089], [72.89120830078453, 19.09951958489514], [72.89127516876688, 19.09960844913139], [72.89133626600416, 19.099701375484724], [72.89139134647938, 19.099797989773514], [72.89144018840288, 19.099897902966116], [72.8914825951055, 19.10000071274737], [72.8915183958304, 19.100106005138574], [72.89154744642069, 19.100213356164424], [72.8915696298999, 19.100322333560236], [72.89158485694301, 19.100432498512497], [72.89159306623607, 19.100543407425825], [72.89159422472315, 19.10065461370917], [72.89158832773946, 19.100765669574084], [72.89157539903003, 19.10087612783779], [72.89155549065424, 19.100985543723844], [72.89152868277608, 19.101093476653098], [72.89149508334143, 19.101199492017734], [72.89145482764333, 19.1013031629313], [72.8914080777773, 19.10140407194761], [72.89135502198852, 19.10150181274168], [72.89129587391393, 19.10159599174582], [72.89123087172197, 19.10168622973443], [72.89116027715352, 19.101772163350972], [72.89108437446797, 19.101853446571106], [72.89100346929865, 19.101929752095987], [72.89091788742215, 19.102000772670202], [72.89082797344646, 19.102066222318967], [72.89073408942343, 19.102125837499642], [72.89063661339087, 19.102179378162937], [72.89053593785039, 19.1022266287195], [72.89043246818683, 19.102267398908012], [72.89032662103602, 19.102301524561316], [72.89021882260707, 19.102328868267453], [72.89010950696623, 19.102349319922965], [72.88999911428897, 19.102362797176255], [72.88988808908765, 19.10236924575918], [72.88977687842159, 19.102368639705574]]]}, "properties": {"FEATUREID": "FS15000000058", "NAME": "Upstream Side of AGLR New Sakinaka Metro Station ", "TYPE": 2, "LOCATION": "Upstream Side of AGLR New Sakinaka Metro Station ", "WARD": "L", "SUBTYPE": null, "DEPTH": null, "HEIGHT_TO_MSL": null, "AFFECT_AREA": null, "AFFECT_POPULATION": null, "AFFECTED_HUT": null, "AFFECT_ROAD": null, "AFFECT_RAIL": null, "NO_DE_WATER_PUMP": null, "REMARKS": "Planning Stage (2025)"}}, {"type": "Feature", "geometry": {"type": "Polygon", "coordinates": [[[72.88368342227143, 19.073770136168246], [72.88365775213428, 19.073767561426575], [72.88363291908338, 19.07376056822848], [72.88360967765844, 19.073749369058746], [72.88358873403838, 19.073734304198474], [72.88357072458452, 19.073715831385826], [72.88355619650495, 19.07369451190786], [72.88354559122807, 19.073670993546134], [72.88353923098984, 19.07364599089416], [72.88353730904285, 19.073620263644873], [72.88353988378452, 19.07359459350772], [72.88354687698262, 19.07356976045683], [72.88355807615235, 19.073546519031886], [72.88357314101263, 19.07352557541183], [72.88359161382527, 19.073507565957954], [72.88361293330324, 19.0734930378784], [72.88363645166497, 19.07348243260152], [72.88366145431694, 19.073476072363277], [72.88368718156623, 19.0734741504163], [72.88371285170338, 19.07347672515797], [72.88373768475428, 19.073483718356066], [72.88376092617922, 19.0734949175258], [72.88378186979928, 19.07350998238607], [72.88379987925315, 19.07352845519872], [72.88381440733271, 19.073549774676685], [72.88382501260959, 19.07357329303841], [72.88383137284782, 19.073598295690385], [72.88383329479481, 19.073624022939672], [72.88383072005314, 19.073649693076824], [72.88382372685504, 19.073674526127714], [72.88381252768531, 19.07369776755266], [72.88379746282503, 19.073718711172717], [72.88377899001239, 19.07373672062659], [72.88375767053442, 19.073751248706145], [72.88373415217269, 19.073761853983026], [72.88370914952073, 19.073768214221268], [72.88368342227143, 19.073770136168246]]]}, "properties": {"FEATUREID": "FS15000000059", "NAME": "AI-Barkat School, Ramdev Peer Marg", "TYPE": 2, "LOCATION": "AI-Barkat School, Ramdev Peer Marg, Kurla", "WARD": "L", "SUBTYPE": null, "DEPTH": null, "HEIGHT_TO_MSL": null, "AFFECT_AREA": null, "AFFECT_POPULATION": null, "AFFECTED_HUT": null, "AFFECT_ROAD": null, "AFFECT_RAIL": null, "NO_DE_WATER_PUMP": null, "REMARKS": "Monsoon 24 (2024-25)"}}, {"type": "Feature", "geometry": {"type": "Polygon", "coordinates": [[[72.88255054156603, 19.06019117862389], [72.88246760664572, 19.06028012269001], [72.88237959475708, 19.06036404619901], [72.88228680929531, 19.060442659849162], [72.88218957011114, 19.06051569264293], [72.88208821240816, 19.06058289282115], [72.88198308558738, 19.060644028730877], [72.88187455204273, 19.06069888962397], [72.88176298591182, 19.06074728638357], [72.88164877178622, 19.060789052176013], [72.88153230338568, 19.060824043025963], [72.8814139822009, 19.060852138312715], [72.88129421610952, 19.060873241185988], [72.88117341797006, 19.060887278899813], [72.88105200419875, 19.060894203063278], [72.88093039333398, 19.060893989807358], [72.88080900459363, 19.060886639867192], [72.88068825642982, 19.060872178579544], [72.88056856508648, 19.060850655795473], [72.88045034316445, 19.060822145708467], [72.88033399819923, 19.06078674659871], [72.880219931256, 19.06074458049426], [72.88010853554711, 19.06069579275042], [72.88000019507669, 19.060640551548644], [72.87989528331677, 19.060579047316804], [72.8797941619199, 19.060511492072724], [72.87969717947252, 19.060438118693327], [72.87960467029319, 19.060359180111853], [72.87951695328023, 19.060274948445944], [72.87943433081234, 19.060185714059603], [72.8793570877063, 19.060091784562243], [72.87928549023508, 19.059993483748304], [72.87921978521001, 19.059891150481054], [72.87916019912993, 19.059785137524464], [72.87910693740038, 19.059675810327157], [72.87906018362558, 19.05956354576263], [72.8790200989755, 19.059448730830095], [72.8789868216302, 19.05933176132041], [72.87896046630362, 19.05921304045171], [72.87894112384801, 19.059092977479416], [72.8789288609408, 19.05897198628547], [72.87892371985481, 19.058850483951584], [72.8789257183124, 19.05872888932147], [72.8789348494245, 19.05860762155701], [72.87895108171425, 19.05848709869331], [72.8789743592256, 19.058367736197646], [72.87900460171613, 19.05824994553727], [72.87904170493373, 19.05813413276099], [72.87908554097591, 19.05802069709944], [72.87913595873074, 19.057910029588843], [72.8791927843978, 19.057802511723033], [72.87925582208725, 19.057698514138366], [72.87932485449507, 19.057598395336065], [72.87939964365229, 19.05750250044638], [72.87947993174518, 19.05741116003886], [72.87956544200405, 19.057324688982813], [72.8796558796573, 19.057243385361883], [72.87975093294766, 19.057167529446495], [72.8798502742067, 19.057097382727704], [72.87995356098453, 19.057033187015776], [72.88006043723024, 19.056975163606637], [72.88017053451927, 19.056923512518996], [72.88028347332344, 19.056878411804846], [72.88039886431932, 19.056840016935702], [72.88051630973023, 19.056808460266623], [72.8806354046975, 19.05678385057999], [72.88075573867611, 19.056766272710487], [72.88087689684991, 19.056755787252676], [72.88099846156159, 19.0567524303521], [72.88112001375238, 19.05675621358069], [72.88124113440671, 19.056767123896876], [72.8813614059966, 19.056785123690535], [72.88148041392095, 19.05681015091265], [72.88159774793479, 19.0568421192892], [72.88171300356349, 19.056880918618575], [72.88182578349699, 19.05692641515144], [72.88193569895952, 19.05697845205183], [72.8820423710497, 19.057036849937763], [72.88214543204676, 19.05710140749963], [72.88224452667805, 19.057171902194142], [72.88233931334386, 19.057248091011484], [72.88242946529495, 19.057329711313017], [72.88251467175883, 19.057416481736656], [72.88259463901117, 19.05750810316677], [72.88266909138831, 19.057604259765316], [72.88273777223748, 19.057704620060573], [72.88280044480153, 19.057808838089816], [72.88285689303518, 19.057916554591905], [72.88290692234968, 19.058027398245745], [72.8829503602836, 19.0581409869503], [72.88298705709738, 19.058256929141773], [72.88301688628952, 19.058374825143407], [72.8830397450326, 19.058494268543267], [72.8830555545278, 19.05861484759521], [72.88306426027653, 19.058736146638257], [72.88306583226824, 19.058857747529483], [72.88306026508397, 19.058979231085427], [72.88304757791497, 19.059100178527103], [72.8830278144965, 19.05922017292362], [72.8830010429572, 19.059338800629444], [72.88296735558409, 19.059455652710287], [72.88292686850451, 19.05957032635283], [72.88287972128585, 19.059682426253264], [72.88282607645431, 19.05979156598001], [72.88276611893474, 19.059897369305823], [72.88270005541315, 19.059999471504717], [72.88262811362416, 19.060097520609265], [72.88255054156603, 19.06019117862389]]]}, "properties": {"FEATUREID": "FS15000000060", "NAME": "Vivekanand School Shivshrushti Road", "TYPE": 2, "LOCATION": "Agri Samaj Chawl, Shivshrushti Road, Kurla East", "WARD": "L", "SUBTYPE": null, "DEPTH": null, "HEIGHT_TO_MSL": null, "AFFECT_AREA": null, "AFFECT_POPULATION": null, "AFFECTED_HUT": null, "AFFECT_ROAD": null, "AFFECT_RAIL": null, "NO_DE_WATER_PUMP": null, "REMARKS": "Planning Stage (2025)"}}, {"type": "Feature", "geometry": {"type": "Polygon", "coordinates": [[[72.87904255697819, 19.067392334562413], [72.8790126753571, 19.06738933670212], [72.87898376827796, 19.067381195497013], [72.87895671406774, 19.067368158313492], [72.87893233475492, 19.06735062127978], [72.87891137109258, 19.067329117249766], [72.87889446005101, 19.06730429961253], [72.87888211546365, 19.06727692243942], [72.87887471241451, 19.06724781757198], [72.87887247584153, 19.067217869346887], [72.87887547370183, 19.067187987725802], [72.87888361490693, 19.06715908064666], [72.87889665209045, 19.067132026436436], [72.87891418912416, 19.067107647123617], [72.87893569315418, 19.067086683461287], [72.87896051079142, 19.067069772419714], [72.87898788796453, 19.067057427832342], [72.87901699283196, 19.067050024783214], [72.87904694105706, 19.067047788210225], [72.87907682267814, 19.067050786070517], [72.87910572975728, 19.067058927275625], [72.8791327839675, 19.067071964459146], [72.87915716328033, 19.06708950149286], [72.87917812694266, 19.06711100552287], [72.87919503798423, 19.067135823160108], [72.8792073825716, 19.06716320033322], [72.87921478562073, 19.067192305200656], [72.87921702219371, 19.06722225342575], [72.87921402433342, 19.067252135046836], [72.87920588312832, 19.067281042125977], [72.8791928459448, 19.067308096336202], [72.87917530891109, 19.06733247564902], [72.87915380488107, 19.06735343931135], [72.87912898724383, 19.067370350352924], [72.87910161007072, 19.067382694940296], [72.87907250520328, 19.067390097989424], [72.87904255697819, 19.067392334562413]]]}, "properties": {"FEATUREID": "FS15000000061", "NAME": "Preimer Road Near Don Bosco School", "TYPE": 2, "LOCATION": "Preimer Road Near Don Bosco School, Kurla West", "WARD": "L", "SUBTYPE": null, "DEPTH": null, "HEIGHT_TO_MSL": null, "AFFECT_AREA": null, "AFFECT_POPULATION": null, "AFFECTED_HUT": null, "AFFECT_ROAD": null, "AFFECT_RAIL": null, "NO_DE_WATER_PUMP": null, "REMARKS": "Monsoon 25 (2024-25)"}}, {"type": "Feature", "geometry": {"type": "Polygon", "coordinates": [[[72.91113127096541, 19.055284457650867], [72.91111096657832, 19.05528242474893], [72.91109132367022, 19.05527689691153], [72.91107293908091, 19.0552680420992], [72.91105637141685, 19.055256129360938], [72.91104212407812, 19.055241520659266], [72.91103062996291, 19.055224659872188], [72.91102223831408, 19.055206059306194], [72.91101720410765, 19.055186284130066], [72.91101568030541, 19.055165935202524], [72.91101771320734, 19.055145630815435], [72.91102324104475, 19.055125987907324], [72.91103209585708, 19.055107603318017], [72.91104400859534, 19.05509103565396], [72.91105861729702, 19.055076788315233], [72.91107547808409, 19.05506529420002], [72.91109407865008, 19.055056902551193], [72.91111385382622, 19.055051868344755], [72.91113420275376, 19.055050344542526], [72.91115450714085, 19.05505237744446], [72.91117415004895, 19.055057905281863], [72.91119253463826, 19.055066760094192], [72.91120910230232, 19.055078672832455], [72.91122334964105, 19.055093281534127], [72.91123484375626, 19.055110142321205], [72.9112432354051, 19.0551287428872], [72.91124826961152, 19.055148518063326], [72.91124979341376, 19.05516886699087], [72.91124776051183, 19.055189171377958], [72.91124223267443, 19.05520881428607], [72.91123337786209, 19.055227198875375], [72.91122146512383, 19.055243766539434], [72.91120685642215, 19.05525801387816], [72.91118999563508, 19.055269507993373], [72.91117139506909, 19.0552778996422], [72.91115161989295, 19.055282933848638], [72.91113127096541, 19.055284457650867]]]}, "properties": {"FEATUREID": "FS16000000040", "NAME": "Near Nildurga Hotel Junction (Borbaba Devi Juction)", "TYPE": 2, "LOCATION": "Near Nildurga Hotel Junction (Borbaba Devi Juction), Ashok Nagar, Chembur", "WARD": "M/E", "SUBTYPE": null, "DEPTH": null, "HEIGHT_TO_MSL": null, "AFFECT_AREA": null, "AFFECT_POPULATION": null, "AFFECTED_HUT": null, "AFFECT_ROAD": null, "AFFECT_RAIL": null, "NO_DE_WATER_PUMP": null, "REMARKS": "Already Tackled (2024-25)"}}, {"type": "Feature", "geometry": {"type": "Polygon", "coordinates": [[[72.94182105685422, 19.040282794743295], [72.94171626358383, 19.04022976141043], [72.94211672626581, 19.040111194458408], [72.9420294490047, 19.0399653398698], [72.94220188507502, 19.03990853027542], [72.94223250530064, 19.03999233407198], [72.9422921354825, 19.03996977123026], [72.94250919595778, 19.039986798818145], [72.94254967912417, 19.040058395966952], [72.94182105685422, 19.040282794743295]]]}, "properties": {"FEATUREID": "FS16000000041", "NAME": "FOFRA Gate, Shivaji Nagar, Mankhurd", "TYPE": 2, "LOCATION": "NOFRA Gate, V N Purav Marg, Shivaji Nagar, Mankhurd Mumbai.", "WARD": "M/E", "SUBTYPE": null, "DEPTH": null, "HEIGHT_TO_MSL": null, "AFFECT_AREA": null, "AFFECT_POPULATION": null, "AFFECTED_HUT": null, "AFFECT_ROAD": null, "AFFECT_RAIL": null, "NO_DE_WATER_PUMP": null, "REMARKS": "Already Tackled (2024-25)"}}, {"type": "Feature", "geometry": {"type": "Polygon", "coordinates": [[[72.92725764091232, 19.05771776381094], [72.9271216768125, 19.057663102336768], [72.92749756480514, 19.057441309109166], [72.92775441479579, 19.057309840527502], [72.92790174361375, 19.057381899289012], [72.92749024284763, 19.05759639570911], [72.92751196641989, 19.05765694103198], [72.92784069753995, 19.057823614824347], [72.92778561215664, 19.05791851851295], [72.92775178333281, 19.057976846305223], [72.92725764091232, 19.05771776381094]]]}, "properties": {"FEATUREID": "FS16000000042", "NAME": "Hajrat Ali Chowk area periphery Road", "TYPE": 2, "LOCATION": "Hazrat Ali Chowk, Bainganwadi, Mankhurd,", "WARD": "M/E", "SUBTYPE": null, "DEPTH": null, "HEIGHT_TO_MSL": null, "AFFECT_AREA": null, "AFFECT_POPULATION": null, "AFFECTED_HUT": null, "AFFECT_ROAD": null, "AFFECT_RAIL": null, "NO_DE_WATER_PUMP": null, "REMARKS": "Already Tackled (2024-25)"}}, {"type": "Feature", "geometry": {"type": "Polygon", "coordinates": [[[72.89663506851826, 19.02472943590686], [72.89656701709299, 19.02472506859399], [72.8964997754002, 19.024713727313017], [72.89643405621855, 19.024695532284344], [72.89637055618775, 19.0246706763798], [72.89630994842389, 19.024639423078153], [72.89625287538435, 19.024602103672176], [72.89619994205756, 19.02455911375686], [72.89615170954995, 19.024510909036003], [72.89610868913809, 19.024458000491634], [72.89607133684906, 19.024400948967486], [72.8960400486264, 19.024340359223906], [72.89601515613307, 19.024276873527256], [72.89599692323569, 19.024211164841706], [72.89598554320749, 19.024143929695672], [72.89598113667961, 19.02407588079843], [72.89598375036235, 19.024007739485217], [72.89599335655002, 19.02394022807091], [72.89600985341464, 19.023874062193286], [72.89603306608534, 19.023809943227114], [72.89606274850202, 19.023748550849383], [72.89609858602371, 19.023690535834575], [72.89614019876375, 19.023636513156276], [72.89618714561674, 19.023587055468315], [72.89623892893435, 19.02354268703449], [72.89629499980055, 19.023503878171233], [72.8963547638502, 19.023471040262155], [72.89641758756952, 19.023444521397256], [72.89648280501143, 19.023424602683104], [72.89654972485485, 19.02341149526302], [72.89661763773277, 19.023405338078923], [72.89668582375181, 19.023406196398497], [72.89675356012317, 19.023414061123336], [72.8968201288245, 19.023428848885402], [72.896884824211, 19.023450402930738], [72.89694696049547, 19.023478494781102], [72.89700587901783, 19.023512826655892], [72.89706095522709, 19.023553034628694], [72.89711160530173, 19.023598692484995], [72.89715729233838, 19.02364931624016], [72.89719753204305, 19.023704369269787], [72.89723189786488, 19.02376326799807], [72.89726002551762, 19.023825388083836], [72.89728161684114, 19.02389007103872], [72.89729644296203, 19.023956631207312], [72.89730434671974, 19.024024363035267], [72.89730524433246, 19.024092548548353], [72.89729912628528, 19.024160464963177], [72.897286057431, 19.02422739234884], [72.89726617630276, 19.02429262125841], [72.89723969364545, 19.024355460249215], [72.8972068901818, 19.024415243212317], [72.89716811363674, 19.024471336433443], [72.89712377505126, 19.024523145310486], [72.89707434442538, 19.024570120656467], [72.89702034573607, 19.024611764521026], [72.89696235138284, 19.02464763546885], [72.89690097612026, 19.024677353258955], [72.89683687054142, 19.024700602875384], [72.89677071418137, 19.02471713786641], [72.89670320831398, 19.024726782957025], [72.89663506851826, 19.02472943590686]]]}, "properties": {"FEATUREID": "FS22000000049", "NAME": "Prayag Nagar", "TYPE": 2, "LOCATION": "Prayag Nagar, Chembur ", "WARD": "M/W", "SUBTYPE": null, "DEPTH": null, "HEIGHT_TO_MSL": null, "AFFECT_AREA": null, "AFFECT_POPULATION": null, "AFFECTED_HUT": null, "AFFECT_ROAD": null, "AFFECT_RAIL": null, "NO_DE_WATER_PUMP": null, "REMARKS": "2023"}}, {"type": "Feature", "geometry": {"type": "Polygon", "coordinates": [[[72.8897551743643, 19.049059484586135], [72.88973619135122, 19.04905758160836], [72.88971782718139, 19.049052411175467], [72.88970063984081, 19.04904413038844], [72.88968515155813, 19.04903299085481], [72.88967183293698, 19.049019331043656], [72.88966108865694, 19.049003566001442], [72.88965324517748, 19.04898617474099], [72.88964854081881, 19.048967685686947], [72.88964711852044, 19.04894866061987], [72.88964902149822, 19.048929677606793], [72.88965419193111, 19.048911313436964], [72.88966247271814, 19.048894126096386], [72.88967361225177, 19.048878637813704], [72.88968727206293, 19.048865319192558], [72.88970303710514, 19.048854574912507], [72.88972042836559, 19.048846731433063], [72.88973891741963, 19.048842027074382], [72.88975794248671, 19.04884060477602], [72.88977692549979, 19.048842507753797], [72.88979528966962, 19.04884767818669], [72.8898124770102, 19.048855958973714], [72.88982796529288, 19.048867098507348], [72.88984128391402, 19.0488807583185], [72.88985202819407, 19.048896523360714], [72.88985987167352, 19.048913914621167], [72.8898645760322, 19.04893240367521], [72.88986599833056, 19.048951428742285], [72.88986409535279, 19.048970411755363], [72.88985892491989, 19.048988775925192], [72.88985064413286, 19.04900596326577], [72.88983950459924, 19.04902145154845], [72.88982584478808, 19.049034770169598], [72.88981007974587, 19.04904551444965], [72.88979268848541, 19.049053357929093], [72.88977419943137, 19.049058062287774], [72.8897551743643, 19.049059484586135]]]}, "properties": {"FEATUREID": "FS22000000050", "NAME": "Kokan Nagar", "TYPE": 2, "LOCATION": "Kokan Nagar, Shidhi Colony, Chembur", "WARD": "M/W", "SUBTYPE": null, "DEPTH": null, "HEIGHT_TO_MSL": null, "AFFECT_AREA": null, "AFFECT_POPULATION": null, "AFFECTED_HUT": null, "AFFECT_ROAD": null, "AFFECT_RAIL": null, "NO_DE_WATER_PUMP": null, "REMARKS": "Already Tackled (2024-25)"}}, {"type": "Feature", "geometry": {"type": "Polygon", "coordinates": [[[72.89121154650654, 19.046159750620713], [72.89117182173476, 19.04615576879298], [72.89113339190864, 19.046144949323928], [72.89109742469903, 19.046127620957648], [72.89106501295137, 19.046104310207784], [72.89103714148021, 19.046075725359675], [72.89101465714613, 19.046042734949463], [72.8909982431242, 19.04600634137407], [72.8909883981462, 19.04596765043387], [72.8909854213468, 19.045927837733498], [72.89098940317453, 19.045888112961713], [72.89100022264358, 19.0458496831356], [72.89101755100987, 19.045813715925984], [72.89104086175972, 19.045781304178323], [72.89106944660784, 19.045753432707176], [72.89110243701805, 19.045730948373084], [72.89113883059345, 19.045714534351163], [72.89117752153365, 19.04570468937316], [72.89121733423401, 19.045701712573756], [72.8912570590058, 19.04570569440149], [72.89129548883191, 19.04571651387054], [72.89133145604153, 19.04573384223682], [72.89136386778918, 19.045757152986685], [72.89139173926034, 19.045785737834795], [72.89141422359442, 19.045818728245006], [72.89143063761635, 19.0458551218204], [72.89144048259435, 19.0458938127606], [72.89144345939376, 19.04593362546097], [72.89143947756602, 19.045973350232757], [72.89142865809697, 19.04601178005887], [72.89141132973069, 19.046047747268485], [72.89138801898083, 19.046080159016146], [72.89135943413271, 19.046108030487293], [72.8913264437225, 19.046130514821385], [72.8912900501471, 19.046146928843307], [72.8912513592069, 19.04615677382131], [72.89121154650654, 19.046159750620713]]]}, "properties": {"FEATUREID": "FS22000000051", "NAME": "Collector Colony", "TYPE": 2, "LOCATION": "Collector Colony, Chembur ", "WARD": "M/W", "SUBTYPE": null, "DEPTH": null, "HEIGHT_TO_MSL": null, "AFFECT_AREA": null, "AFFECT_POPULATION": null, "AFFECTED_HUT": null, "AFFECT_ROAD": null, "AFFECT_RAIL": null, "NO_DE_WATER_PUMP": null, "REMARKS": "Already Tackled (2024-25)"}}, {"type": "Feature", "geometry": {"type": "Polygon", "coordinates": [[[72.91716246319113, 19.104406884368583], [72.91713510686809, 19.104404145457867], [72.9171086417559, 19.104396697781716], [72.91708387198364, 19.104384767633995], [72.91706155016827, 19.104368717506212], [72.91704235454688, 19.104349035073373], [72.91702686836871, 19.104326318376245], [72.91701556217345, 19.10430125765017], [72.9170087794941, 19.10427461435263], [72.91700672641896, 19.10424719802674], [72.91700946532968, 19.10421984170369], [72.91701691300584, 19.104193376591507], [72.91702884315355, 19.10416860681924], [72.91704489328133, 19.10414628500388], [72.91706457571418, 19.104127089382494], [72.91708729241131, 19.104111603204323], [72.91711235313738, 19.104100297009055], [72.91713899643491, 19.104093514329712], [72.9171664127608, 19.104091461254573], [72.91719376908385, 19.10409420016529], [72.91722023419604, 19.10410164784144], [72.9172450039683, 19.10411357798916], [72.91726732578367, 19.104129628116944], [72.91728652140506, 19.104149310549783], [72.91730200758323, 19.10417202724691], [72.9173133137785, 19.104197087972985], [72.91732009645784, 19.104223731270526], [72.91732214953298, 19.104251147596415], [72.91731941062226, 19.104278503919467], [72.9173119629461, 19.10430496903165], [72.9173000327984, 19.104329738803916], [72.91728398267061, 19.104352060619277], [72.91726430023776, 19.10437125624066], [72.91724158354063, 19.104386742418832], [72.91721652281456, 19.1043980486141], [72.91718987951703, 19.104404831293444], [72.91716246319113, 19.104406884368583]]]}, "properties": {"FEATUREID": "FS17000000023", "NAME": "VPS Road No 17", "TYPE": 2, "LOCATION": "VPS Road no 17, Vikhroli Park Site", "WARD": "N", "SUBTYPE": null, "DEPTH": null, "HEIGHT_TO_MSL": null, "AFFECT_AREA": null, "AFFECT_POPULATION": null, "AFFECTED_HUT": null, "AFFECT_ROAD": null, "AFFECT_RAIL": null, "NO_DE_WATER_PUMP": null, "REMARKS": "Already Tackled (2024-25)"}}, {"type": "Feature", "geometry": {"type": "Polygon", "coordinates": [[[72.90939113226088, 19.079139746152993], [72.90935541433666, 19.079136169041252], [72.9093208602069, 19.07912644392142], [72.90928851978136, 19.079110866286353], [72.90925937570748, 19.079089909454602], [72.90923431351321, 19.079064210188896], [72.90921409470066, 19.07903454934842], [72.90919933360819, 19.079001828162802], [72.90919047874414, 19.078967040848713], [72.90918779915906, 19.078931244401083], [72.9091913762708, 19.078895526476863], [72.90920110139064, 19.078860972347105], [72.9092166790257, 19.078828631921557], [72.90923763585745, 19.078799487847682], [72.90926333512316, 19.078774425653418], [72.90929299596364, 19.07875420684086], [72.90932571714924, 19.07873944574839], [72.90936050446334, 19.078730590884337], [72.90939630091097, 19.078727911299264], [72.90943201883519, 19.078731488411005], [72.90946657296494, 19.078741213530837], [72.9094989133905, 19.078756791165905], [72.90952805746437, 19.078777747997655], [72.90955311965864, 19.07880344726336], [72.90957333847119, 19.078833108103836], [72.90958809956366, 19.078865829289455], [72.90959695442771, 19.078900616603544], [72.90959963401279, 19.078936413051174], [72.90959605690105, 19.078972130975394], [72.90958633178121, 19.079006685105153], [72.90957075414615, 19.0790390255307], [72.9095497973144, 19.079068169604575], [72.90952409804869, 19.07909323179884], [72.90949443720821, 19.0791134506114], [72.9094617160226, 19.079128211703868], [72.90942692870851, 19.07913706656792], [72.90939113226088, 19.079139746152993]]]}, "properties": {"FEATUREID": "FS17000000024", "NAME": "R N Narkar Marg Junction, 90 Feet Road", "TYPE": 2, "LOCATION": "R N Narkar Marg Junction, 90 Feet Road, Ghatkopar ", "WARD": "N", "SUBTYPE": null, "DEPTH": null, "HEIGHT_TO_MSL": null, "AFFECT_AREA": null, "AFFECT_POPULATION": null, "AFFECTED_HUT": null, "AFFECT_ROAD": null, "AFFECT_RAIL": null, "NO_DE_WATER_PUMP": null, "REMARKS": "Already Tackled (2024-25)"}}, {"type": "Feature", "geometry": {"type": "Polygon", "coordinates": [[[72.9148760130586, 19.088378298976696], [72.91486341043625, 19.08837703717311], [72.91485121838596, 19.088373606116754], [72.91483980735698, 19.088368110058536], [72.91482952406767, 19.088360715993407], [72.91482068097056, 19.08835164858629], [72.9148135467587, 19.088341183345765], [72.91480833820148, 19.08832963825287], [72.91480521355831, 19.088317364099407], [72.91480426776985, 19.08830473382932], [72.91480552957344, 19.088292131206977], [72.9148089606298, 19.088279939156678], [72.914814456688, 19.088268528127703], [72.91482185075314, 19.088258244838393], [72.91483091816026, 19.088249401741287], [72.91484138340078, 19.08824226752942], [72.91485292849369, 19.088237058972204], [72.91486520264714, 19.088233934329022], [72.91487783291723, 19.08823298854057], [72.91489043553958, 19.088234250344158], [72.91490262758987, 19.088237681400514], [72.91491403861885, 19.088243177458732], [72.91492432190816, 19.08825057152386], [72.91493316500527, 19.088259638930978], [72.91494029921714, 19.088270104171503], [72.91494550777435, 19.0882816492644], [72.91494863241752, 19.08829392341786], [72.91494957820598, 19.088306553687946], [72.91494831640239, 19.08831915631029], [72.91494488534603, 19.08833134836059], [72.91493938928782, 19.088342759389565], [72.91493199522269, 19.088353042678875], [72.91492292781557, 19.08836188577598], [72.91491246257505, 19.088369019987848], [72.91490091748214, 19.088374228545064], [72.9148886433287, 19.088377353188246], [72.9148760130586, 19.088378298976696]]]}, "properties": {"FEATUREID": "FS17000000025", "NAME": "Building no 81", "TYPE": 2, "LOCATION": "Building no 81, Ghatkopar ", "WARD": "N", "SUBTYPE": null, "DEPTH": null, "HEIGHT_TO_MSL": null, "AFFECT_AREA": null, "AFFECT_POPULATION": null, "AFFECTED_HUT": null, "AFFECT_ROAD": null, "AFFECT_RAIL": null, "NO_DE_WATER_PUMP": null, "REMARKS": "Already Tackled (2024-25)"}}, {"type": "Feature", "geometry": {"type": "Polygon", "coordinates": [[[72.91496985046712, 19.075826271459974], [72.91495612020188, 19.075824896885283], [72.91494283722261, 19.075821158957933], [72.91493040512592, 19.075815171252955], [72.91491920165477, 19.075807115703736], [72.91490956722096, 19.07579723707406], [72.91490179456189, 19.075785835521092], [72.91489611984588, 19.07577325747525], [72.91489271549628, 19.075759885114095], [72.91489168495255, 19.075746124750047], [72.91489305952724, 19.07573239448481], [72.9148967974546, 19.075719111505542], [72.91490278515957, 19.07570667940885], [72.9149108407088, 19.0756954759377], [72.91492071933847, 19.07568584150389], [72.91493212089144, 19.075678068844823], [72.91494469893728, 19.075672394128805], [72.91495807129844, 19.075668989779214], [72.91497183166248, 19.07566795923549], [72.91498556192772, 19.07566933381018], [72.91499884490699, 19.07567307173753], [72.91501127700369, 19.075679059442507], [72.91502248047483, 19.075687114991727], [72.91503211490864, 19.075696993621403], [72.91503988756772, 19.07570839517437], [72.91504556228372, 19.07572097322021], [72.91504896663332, 19.075734345581367], [72.91504999717705, 19.075748105945415], [72.91504862260236, 19.075761836210653], [72.915044884675, 19.07577511918992], [72.91503889697003, 19.075787551286613], [72.9150308414208, 19.075798754757763], [72.91502096279113, 19.07580838919157], [72.91500956123816, 19.07581616185064], [72.91499698319232, 19.075821836566657], [72.91498361083116, 19.07582524091625], [72.91496985046712, 19.075826271459974]]]}, "properties": {"FEATUREID": "FS17000000026", "NAME": "D B Pawar Chowk", "TYPE": 2, "LOCATION": "D B Pawar Chowk, Ramabai", "WARD": "N", "SUBTYPE": null, "DEPTH": null, "HEIGHT_TO_MSL": null, "AFFECT_AREA": null, "AFFECT_POPULATION": null, "AFFECTED_HUT": null, "AFFECT_ROAD": null, "AFFECT_RAIL": null, "NO_DE_WATER_PUMP": null, "REMARKS": "Already Tackled (2024-25)"}}, {"type": "Feature", "geometry": {"type": "Polygon", "coordinates": [[[72.91411246978508, 19.089502054318526], [72.91400924648278, 19.08948698264576], [72.9139072761574, 19.089464976778274], [72.91380702407618, 19.0894361371238], [72.91370894766636, 19.089400595271066], [72.9136134944281, 19.089358513389392], [72.91352109989263, 19.089310083488755], [72.91343218563505, 19.08925552654368], [72.91334715735069, 19.089195091485], [72.91326640300412, 19.089129054064017], [72.9131902910589, 19.089057715594347], [72.91311916879638, 19.08898140157706], [72.91305336073115, 19.08890046021551], [72.9129931671303, 19.08881526082657], [72.91293886264341, 19.08872619215551], [72.91289069504944, 19.088633660602245], [72.91284888412603, 19.088538088367034], [72.91281362064687, 19.08843991152406], [72.9127850655111, 19.088339578031743], [72.91276334900927, 19.088237545688795], [72.91274857022879, 19.088134280045395], [72.91274079660184, 19.088030252278987], [72.91274006359771, 19.087925937044414], [72.91274637456092, 19.08782181030816], [72.91275970069601, 19.087718347176644], [72.91277998119885, 19.087616019728404], [72.9128071235342, 19.087515294860115], [72.91284100385776, 19.08741663215625], [72.91288146758143, 19.087320481792094], [72.91292833007849, 19.087227282479713], [72.91298137752612, 19.087137459466188], [72.913040367881, 19.087051422593326], [72.91310503198365, 19.086969564427648], [72.91317507478661, 19.08689225846919], [72.91325017670063, 19.086819857447306], [72.9133299950529, 19.086752691711258], [72.9134141656506, 19.086691067722885], [72.91350230444259, 19.086635266658323], [72.91359400927178, 19.086585543125025], [72.91368886171004, 19.08654212400007], [72.9137864289675, 19.086505207394964], [72.9138862658671, 19.086474961751712], [72.91398791687601, 19.08645152507425], [72.91409091818394, 19.086435004298753], [72.91419479981957, 19.08642547480574], [72.91429908779483, 19.086422980076094], [72.9144033062676, 19.0864275314927], [72.9145069797129, 19.086439108288484], [72.91460963509256, 19.086457657641184], [72.91471080401364, 19.086483094914357], [72.91481002486556, 19.086515304043562], [72.91490684492632, 19.086554138065928], [72.9150008224282, 19.08659941979072], [72.91509152857341, 19.086650942607807], [72.9151785494906, 19.086708471430402], [72.91526148812332, 19.086771743767674], [72.91533996604157, 19.086840470922468], [72.91541362516864, 19.08691433930853], [72.9154821294148, 19.086993011881365], [72.9155451662109, 19.087076129676063], [72.91560244793452, 19.087163313445195], [72.91565371322226, 19.087254165389215], [72.91569872816238, 19.087348270971543], [72.91573728736203, 19.087445200809988], [72.91576921488445, 19.08754451263593], [72.91579436505165, 19.087645753312287], [72.9158126231092, 19.08774846090107], [72.91582390574976, 19.087852166771118], [72.91582816149324, 19.087956397736317], [72.91582537092165, 19.08806067821469], [72.91581554676773, 19.088164532398327], [72.91579873385685, 19.088267486424414], [72.91577500890244, 19.088369070537336], [72.91574448015606, 19.088468821232087], [72.91570728691337, 19.088566283369133], [72.91566359887858, 19.088661012251087], [72.9156136153902, 19.088752575651792], [72.91555756451142, 19.08884055578845], [72.91549570198953, 19.08892455122788], [72.91542831008903, 19.089004178718152], [72.91535569630372, 19.089079074937295], [72.91527819195363, 19.089148898151038], [72.91519615067335, 19.089213329772072], [72.91510994679842, 19.08927207581369], [72.91501997365734, 19.089324868231174], [72.91492664177693, 19.089371466144833], [72.91483037700914, 19.089411656939074], [72.91473161858804, 19.089445257232526], [72.91463081712563, 19.08947211371475], [72.9145284325559, 19.08949210384578], [72.91442493203613, 19.089505136415234], [72.91432078781546, 19.089511151958487], [72.91421647508008, 19.089510123027992], [72.91411246978508, 19.089502054318526]]]}, "properties": {"FEATUREID": "FS17000000027", "NAME": "Savitribai Phule Nagar", "TYPE": 2, "LOCATION": "Savitribai Phule nagar, Pantnagar, Ghatkopar", "WARD": "N", "SUBTYPE": null, "DEPTH": null, "HEIGHT_TO_MSL": null, "AFFECT_AREA": null, "AFFECT_POPULATION": null, "AFFECTED_HUT": null, "AFFECT_ROAD": null, "AFFECT_RAIL": null, "NO_DE_WATER_PUMP": null, "REMARKS": "Planning Stage (2025)"}}, {"type": "Feature", "geometry": {"type": "Polygon", "coordinates": [[[72.91661804870131, 19.102719148362432], [72.9165165525562, 19.102741168398452], [72.91641379032164, 19.1027562107588], [72.9163102411226, 19.102764205309043], [72.91620638775323, 19.102765114774897], [72.91610271442589, 19.102758934916018], [72.9159997045135, 19.102745694545757], [72.91589783829579, 19.10272545539683], [72.91579759072013, 19.102698311833496], [72.91569942918697, 19.102664390411576], [72.9156038113707, 19.1026238492884], [72.91551118308571, 19.102576877485394], [72.91542197620784, 19.102523694006788], [72.91533660666072, 19.10246454681851], [72.91525547247659, 19.10239971169206], [72.91517895194046, 19.10232949091872], [72.91510740182642, 19.102254211900153], [72.91504115573409, 19.102174225621894], [72.91498052253337, 19.1020899050169], [72.91492578492422, 19.102001643226746], [72.91487719811863, 19.101909851768646], [72.91483498865072, 19.101814958616753], [72.91479935332053, 19.101717406206742], [72.91477045827641, 19.10161764937298], [72.9147484382404, 19.101516153227877], [72.91473339588005, 19.101413390993315], [72.9147254013298, 19.10130984179427], [72.91472449186395, 19.1012059884249], [72.91473067172282, 19.101102315097563], [72.91474391209309, 19.100999305185166], [72.91476415124201, 19.10089743896747], [72.91479129480534, 19.100797191391806], [72.91482521622727, 19.100699029858646], [72.91486575735044, 19.100603412042375], [72.91491272915346, 19.10051078375739], [72.91496591263206, 19.100421576879512], [72.91502505982034, 19.10033620733239], [72.91508989494679, 19.100255073148258], [72.91516011572013, 19.10017855261213], [72.91523539473869, 19.10010700249808], [72.91531538101695, 19.100040756405765], [72.91539970162195, 19.099980123205043], [72.9154879634121, 19.099925385595885], [72.9155797548702, 19.099876798790298], [72.91567464802209, 19.0998345893224], [72.9157722004321, 19.099798953992206], [72.91587195726586, 19.09977005894808], [72.91597345341097, 19.09974803891206], [72.91607621564553, 19.099732996551715], [72.91617976484457, 19.09972500200147], [72.91628361821394, 19.099724092535617], [72.91638729154128, 19.099730272394496], [72.91649030145368, 19.099743512764757], [72.91659216767138, 19.099763751913684], [72.91669241524704, 19.099790895477017], [72.9167905767802, 19.099824816898938], [72.91688619459647, 19.099865358022114], [72.91697882288146, 19.09991232982512], [72.91706802975933, 19.099965513303726], [72.91715339930646, 19.100024660492004], [72.91723453349059, 19.100089495618455], [72.91731105402671, 19.100159716391794], [72.91738260414076, 19.10023499541036], [72.91744885023309, 19.10031498168862], [72.9175094834338, 19.100399302293614], [72.91756422104295, 19.100487564083767], [72.91761280784854, 19.100579355541868], [72.91765501731645, 19.10067424869376], [72.91769065264664, 19.10077180110377], [72.91771954769077, 19.100871557937534], [72.91774156772678, 19.100973054082637], [72.91775661008712, 19.1010758163172], [72.91776460463737, 19.101179365516245], [72.91776551410322, 19.101283218885612], [72.91775933424435, 19.10138689221295], [72.91774609387409, 19.101489902125348], [72.91772585472516, 19.101591768343045], [72.91769871116183, 19.101692015918708], [72.9176647897399, 19.101790177451868], [72.91762424861673, 19.10188579526814], [72.91757727681372, 19.101978423553124], [72.91752409333512, 19.102067630431], [72.91746494614684, 19.102152999978124], [72.91740011102038, 19.102234134162256], [72.91732989024705, 19.102310654698382], [72.91725461122849, 19.102382204812432], [72.91717462495022, 19.10244845090475], [72.91709030434522, 19.10250908410547], [72.91700204255507, 19.10256382171463], [72.91691025109698, 19.102612408520216], [72.91681535794508, 19.102654617988115], [72.91671780553507, 19.102690253318308], [72.91661804870131, 19.102719148362432]]]}, "properties": {"FEATUREID": "FS17000000028", "NAME": "Vikharoli Park Site", "TYPE": 2, "LOCATION": "Vikharoli Park Site ", "WARD": "N", "SUBTYPE": null, "DEPTH": null, "HEIGHT_TO_MSL": null, "AFFECT_AREA": null, "AFFECT_POPULATION": null, "AFFECTED_HUT": null, "AFFECT_ROAD": null, "AFFECT_RAIL": null, "NO_DE_WATER_PUMP": null, "REMARKS": "Plainning Stage (2025)"}}, {"type": "Feature", "geometry": {"type": "Polygon", "coordinates": [[[72.92821078157623, 19.12926140539014], [72.9281728726016, 19.129257611825764], [72.92813619829504, 19.129247293069795], [72.92810187298676, 19.129230762652416], [72.9280709396339, 19.12920852284199], [72.92804433813073, 19.1291812493839], [72.92802287675046, 19.129149770968375], [72.92800720758628, 19.129115044051137], [72.92799780673779, 19.129078123792], [72.92799495984504, 19.129040131994348], [72.92799875340941, 19.129002223019732], [72.92800907216538, 19.12896554871316], [72.92802560258276, 19.128931223404887], [72.9280478423932, 19.128900290052023], [72.92807511585129, 19.128873688548854], [72.92810659426681, 19.128852227168583], [72.92814132118404, 19.128836558004394], [72.92817824144318, 19.128827157155914], [72.92821623324083, 19.128824310263163], [72.92825414221545, 19.128828103827537], [72.92829081652202, 19.128838422583506], [72.9283251418303, 19.128854953000886], [72.92835607518316, 19.128877192811313], [72.92838267668633, 19.1289044662694], [72.9284041380666, 19.128935944684926], [72.92841980723078, 19.128970671602165], [72.92842920807927, 19.129007591861303], [72.92843205497202, 19.129045583658954], [72.92842826140765, 19.12908349263357], [72.92841794265168, 19.12912016694014], [72.9284014122343, 19.129154492248414], [72.92837917242386, 19.12918542560128], [72.92835189896577, 19.129212027104447], [72.92832042055025, 19.12923348848472], [72.92828569363301, 19.129249157648907], [72.92824877337388, 19.129258558497387], [72.92821078157623, 19.12926140539014]]]}, "properties": {"FEATUREID": "FS18000000037", "NAME": "Central Railway line at Kanjur Marg", "TYPE": 2, "LOCATION": "Central Railway line at Kanjur Marg", "WARD": "S", "SUBTYPE": null, "DEPTH": null, "HEIGHT_TO_MSL": null, "AFFECT_AREA": null, "AFFECT_POPULATION": null, "AFFECTED_HUT": null, "AFFECT_ROAD": null, "AFFECT_RAIL": null, "NO_DE_WATER_PUMP": null, "REMARKS": "Monsoon 24 (2024-25)"}}, {"type": "Feature", "geometry": {"type": "Polygon", "coordinates": [[[72.81989020006978, 19.19043248723737], [72.81981046626908, 19.19042785353095], [72.81973146881545, 19.19041609119568], [72.81965384374996, 19.190397294934964], [72.81957821606397, 19.190371616085244], [72.81950519466717, 19.19033926139752], [72.81943536748489, 19.190300491372707], [72.81936929672453, 19.190255618164255], [72.81930751434903, 19.190205003064854], [72.81925051779375, 19.19014905359752], [72.81919876596142, 19.190088220234465], [72.81915267552738, 19.19002299277016], [72.8191126175847, 19.189953896377794], [72.81907891465637, 19.189881487380894], [72.81905183809857, 19.189806348774123], [72.81903160591581, 19.189729085529365], [72.81901838100573, 19.189650319724837], [72.81901226984755, 19.189570685536477], [72.81901332164469, 19.189490824131955], [72.81902152792871, 19.189411378508336], [72.81903682262745, 19.18933298831507], [72.81905908259698, 19.1892562847039], [72.8190881286131, 19.1891818852472], [72.8191237268144, 19.18911038896566], [72.81916559058506, 19.189042371505284], [72.81921338286263, 19.18897838050268], [72.8192667188518, 19.18891893117577], [72.81932516912252, 19.18886450217558], [72.81938826306761, 19.18881553173242], [72.81945549269169, 19.188772414127495], [72.8195263167014, 19.18873549651842], [72.81960016486342, 19.18870507614406], [72.81967644259578, 19.188681397931397], [72.81975453575504, 19.188664652523467], [72.81983381558099, 19.188654974744455], [72.8199136437591, 19.188652442514144], [72.8199933775598, 19.188657076220565], [72.82007237501342, 19.188668838555834], [72.82015000007891, 19.18868763481655], [72.8202256277649, 19.18871331366627], [72.8202986491617, 19.188745668353995], [72.82036847634399, 19.188784438378807], [72.82043454710434, 19.18882931158726], [72.82049632947984, 19.18887992668666], [72.82055332603512, 19.188935876153995], [72.82060507786746, 19.18899670951705], [72.8206511683015, 19.189061936981354], [72.82069122624418, 19.18913103337372], [72.8207249291725, 19.18920344237062], [72.8207520057303, 19.18927858097739], [72.82077223791306, 19.18935584422215], [72.82078546282314, 19.189434610026677], [72.82079157398132, 19.189514244215037], [72.82079052218418, 19.18959410561956], [72.82078231590016, 19.189673551243178], [72.82076702120142, 19.189751941436445], [72.8207447612319, 19.189828645047612], [72.82071571521577, 19.189903044504312], [72.82068011701448, 19.189974540785855], [72.82063825324381, 19.19004255824623], [72.82059046096624, 19.190106549248835], [72.82053712497708, 19.190165998575743], [72.82047867470635, 19.190220427575934], [72.82041558076126, 19.190269398019094], [72.82034835113718, 19.19031251562402], [72.82027752712747, 19.190349433233095], [72.82020367896546, 19.190379853607453], [72.8201274012331, 19.190403531820117], [72.82004930807383, 19.190420277228046], [72.81997002824788, 19.19042995500706], [72.81989020006978, 19.19043248723737]]]}, "properties": {"FEATUREID": "FS12000000033", "NAME": "BMC Colony Malvani", "TYPE": 2, "LOCATION": "BMC Colony Malvani Malad West", "WARD": "P/N", "SUBTYPE": null, "DEPTH": null, "HEIGHT_TO_MSL": null, "AFFECT_AREA": null, "AFFECT_POPULATION": null, "AFFECTED_HUT": null, "AFFECT_ROAD": null, "AFFECT_RAIL": null, "NO_DE_WATER_PUMP": null, "REMARKS": "Already Tackled (2024-25)"}}, {"type": "Feature", "geometry": {"type": "Polygon", "coordinates": [[[72.85511861456614, 19.14163795921735], [72.85502976070775, 19.141633227932353], [72.85494157568533, 19.141621362224356], [72.85485463141256, 19.141602439047027], [72.85476949175643, 19.141576581124433], [72.85468670888028, 19.14154395615512], [72.85460681966282, 19.14150477572454], [72.85453034221628, 19.141459293932815], [72.85445777252626, 19.14140780574682], [72.85438958123503, 19.1413506450872], [72.85432621058929, 19.141288182662763], [72.85426807157201, 19.141220823566304], [72.85421554123701, 19.141149004647406], [72.85416896026366, 19.14107319167932], [72.85412863074747, 19.140993876338243], [72.85409481424082, 19.140911573014588], [72.85406773005673, 19.14082681547699], [72.85404755384651, 19.140740153410615], [72.85403441646066, 19.14065214885221], [72.85402840310014, 19.140563372545113], [72.85402955276392, 19.140474400237732], [72.85403785799598, 19.14038580894963], [72.85405326493368, 19.140298173229304], [72.85407567365716, 19.140212061428027], [72.85410493883724, 19.140128032013877], [72.85414087067797, 19.140046629949843], [72.85418323614759, 19.139968383159555], [72.85423176048978, 19.139893799103472], [72.85428612900556, 19.139823361487814], [72.85434598909423, 19.13975752712755], [72.85441095254015, 19.139696722983768], [72.85448059803045, 19.139641343394672], [72.85455447388739, 19.139591747518153], [72.8546321009977, 19.1395482570025], [72.85471297591978, 19.139511153900393], [72.85479657414872, 19.139480678839686], [72.85488235351794, 19.139457029462847], [72.85496975771528, 19.139440359145155], [72.85505821989102, 19.139430776000022], [72.85514716633399, 19.139428342177816], [72.85523602019238, 19.13943307346281], [72.8553242052148, 19.139444939170808], [72.85541114948757, 19.139463862348137], [72.8554962891437, 19.13948972027073], [72.85557907201985, 19.139522345240042], [72.85565896123731, 19.139561525670626], [72.85573543868385, 19.13960700746235], [72.85580800837387, 19.139658495648344], [72.8558761996651, 19.139715656307963], [72.85593957031084, 19.1397781187324], [72.85599770932812, 19.13984547782886], [72.85605023966312, 19.139917296747758], [72.85609682063647, 19.139993109715842], [72.85613715015266, 19.14007242505692], [72.8561709666593, 19.140154728380576], [72.8561980508434, 19.140239485918173], [72.85621822705362, 19.14032614798455], [72.85623136443947, 19.140414152542952], [72.85623737779999, 19.14050292885005], [72.85623622813621, 19.140591901157432], [72.85622792290415, 19.140680492445533], [72.85621251596645, 19.14076812816586], [72.85619010724297, 19.140854239967137], [72.85616084206289, 19.140938269381287], [72.85612491022216, 19.14101967144532], [72.85608254475254, 19.14109791823561], [72.85603402041035, 19.141172502291692], [72.85597965189457, 19.14124293990735], [72.8559197918059, 19.141308774267614], [72.85585482835998, 19.141369578411396], [72.85578518286968, 19.141424958000492], [72.85571130701274, 19.14147455387701], [72.85563367990243, 19.141518044392665], [72.85555280498035, 19.14155514749477], [72.85546920675141, 19.14158562255548], [72.8553834273822, 19.141609271932317], [72.85529602318485, 19.14162594225001], [72.85520756100911, 19.14163552539514], [72.85511861456614, 19.14163795921735]]]}, "properties": {"FEATUREID": "FS11000000054", "NAME": "WEH and JVLR Junction ", "TYPE": 2, "LOCATION": "WEH and JVLR Junction, Jogeshwari East", "WARD": "K/E", "SUBTYPE": null, "DEPTH": null, "HEIGHT_TO_MSL": null, "AFFECT_AREA": null, "AFFECT_POPULATION": null, "AFFECTED_HUT": null, "AFFECT_ROAD": null, "AFFECT_RAIL": null, "NO_DE_WATER_PUMP": null, "REMARKS": "Already Tackled (2024-25)"}}, {"type": "Feature", "geometry": {"type": "Polygon", "coordinates": [[[72.9127410450019, 19.07244372365113], [72.91267532130537, 19.07243933402809], [72.91261045748571, 19.072427864155653], [72.91254721401188, 19.07240944850759], [72.9124863323558, 19.07238430299053], [72.91242852629922, 19.07235272241267], [72.91237447356531, 19.07231507702742], [72.91232480787292, 19.072271808192493], [72.91228011150693, 19.07222342319542], [72.91224090849133, 19.072170489306057], [72.91220765844565, 19.072113627125855], [72.91218075119627, 19.07205350331189], [72.91216050220609, 19.071990822760906], [72.912147148876, 19.071926320345053], [72.91214084776159, 19.071860752296185], [72.91214167273768, 19.071794887339724], [72.91214961413216, 19.071729497682064], [72.91216457883944, 19.071665349957154], [72.91218639141202, 19.07160319623842], [72.91221479611742, 19.071543765221385], [72.91224945993646, 19.071487753680383], [72.91228997646753, 19.071435818299527], [72.91233587069136, 19.071388567973663], [72.91238660454013, 19.07134655666967], [72.91244158320588, 19.07131027693167], [72.91250016211397, 19.07128015410642], [72.9125616544803, 19.071256541356508], [72.91262533936309, 19.071239715519837], [72.91269047011531, 19.071229873863956], [72.91275628313844, 19.07122713177328], [72.91282200683496, 19.07123152139632], [72.91288687065462, 19.071242991268758], [72.91295011412845, 19.071261406916822], [72.91301099578453, 19.071286552433882], [72.9130688018411, 19.07131813301174], [72.91312285457502, 19.071355778396992], [72.91317252026741, 19.071399047231917], [72.9132172166334, 19.07144743222899], [72.913256419649, 19.071500366118354], [72.91328966969468, 19.071557228298555], [72.91331657694406, 19.071617352112522], [72.91333682593424, 19.071680032663505], [72.91335017926433, 19.071744535079358], [72.91335648037874, 19.071810103128225], [72.91335565540265, 19.071875968084687], [72.91334771400817, 19.071941357742347], [72.91333274930089, 19.072005505467256], [72.91331093672831, 19.07206765918599], [72.9132825320229, 19.072127090203026], [72.91324786820387, 19.072183101744027], [72.9132073516728, 19.072235037124884], [72.91316145744896, 19.072282287450747], [72.9131107236002, 19.07232429875474], [72.91305574493445, 19.07236057849274], [72.91299716602636, 19.07239070131799], [72.91293567366003, 19.072414314067903], [72.91287198877724, 19.072431139904573], [72.91280685802502, 19.072440981560455], [72.9127410450019, 19.07244372365113]]]}, "properties": {"FEATUREID": "FS17000000029", "NAME": "Kamraj Nagar, Ghatkopar", "TYPE": 2, "LOCATION": "Kamaj Nagar, ghatkopar East", "WARD": "N", "SUBTYPE": null, "DEPTH": null, "HEIGHT_TO_MSL": null, "AFFECT_AREA": null, "AFFECT_POPULATION": null, "AFFECTED_HUT": null, "AFFECT_ROAD": null, "AFFECT_RAIL": null, "NO_DE_WATER_PUMP": null, "REMARKS": "Already Tackled (2024-25)"}}, {"type": "Feature", "geometry": {"type": "Polygon", "coordinates": [[[72.83180599746026, 19.104085350333204], [72.83176540494658, 19.104081265171995], [72.83172613850518, 19.104070193257535], [72.83168939122703, 19.10405247100434], [72.83165627965957, 19.10402863689411], [72.83162780988103, 19.10399941511422], [72.83160484693123, 19.103965693553665], [72.83158808852777, 19.103928496825], [72.83157804386626, 19.103888955132003], [72.83157501814865, 19.103848269929006], [72.83157910330988, 19.103807677415315], [72.83159017522433, 19.103768410973917], [72.83160789747753, 19.103731663695765], [72.83163173158776, 19.10369855212831], [72.83166095336765, 19.103670082349772], [72.8316946749282, 19.10364711939997], [72.83173187165687, 19.103630360996508], [72.83177141334987, 19.103620316335004], [72.83181209855286, 19.103617290617404], [72.83185269106654, 19.103621375778612], [72.83189195750795, 19.103632447693073], [72.8319287047861, 19.103650169946267], [72.83196181635356, 19.103674004056497], [72.8319902861321, 19.103703225836387], [72.8320132490819, 19.103736947396943], [72.83203000748536, 19.10377414412561], [72.83204005214687, 19.103813685818604], [72.83204307786447, 19.1038543710216], [72.83203899270325, 19.103894963535293], [72.83202792078879, 19.10393422997669], [72.8320101985356, 19.103970977254843], [72.83198636442536, 19.104004088822297], [72.83195714264548, 19.104032558600835], [72.83192342108492, 19.104055521550638], [72.83188622435625, 19.1040722799541], [72.83184668266325, 19.104082324615604], [72.83180599746026, 19.104085350333204]]]}, "properties": {"FEATUREID": "FS20000000074", "NAME": "V M Road Near Pushpa Nursee Park ", "TYPE": 2, "LOCATION": "V M Road Near Pushpa Nursee Prak, Andheri West", "WARD": "K/W", "SUBTYPE": null, "DEPTH": null, "HEIGHT_TO_MSL": null, "AFFECT_AREA": null, "AFFECT_POPULATION": null, "AFFECTED_HUT": null, "AFFECT_ROAD": null, "AFFECT_RAIL": null, "NO_DE_WATER_PUMP": null, "REMARKS": "Monsoon 24 (2024-25)"}}, {"type": "Feature", "geometry": {"type": "Polygon", "coordinates": [[[72.83426448026432, 19.112933389604418], [72.83424970674868, 19.11293190294575], [72.83423541583149, 19.112927873478696], [72.83422204173506, 19.112921423636575], [72.83420999082455, 19.112912749394575], [72.83419962926075, 19.11290211431515], [72.83419127187454, 19.11288984153981], [72.8341851726009, 19.112876303970623], [72.83418151676314, 19.11286191293977], [72.83418041544205, 19.112847105711452], [72.83418190210072, 19.112832332195804], [72.83418593156777, 19.112818041278622], [72.83419238140989, 19.112804667182193], [72.83420105565189, 19.112792616271673], [72.83421169073132, 19.112782254707877], [72.83422396350666, 19.112773897321677], [72.83423750107585, 19.112767798048026], [72.83425189210669, 19.112764142210267], [72.83426669933502, 19.11276304088918], [72.83428147285066, 19.11276452754785], [72.83429576376786, 19.112768557014903], [72.83430913786428, 19.112775006857024], [72.8343211887748, 19.112783681099025], [72.83433155033859, 19.112794316178448], [72.8343399077248, 19.112806588953788], [72.83434600699844, 19.112820126522976], [72.8343496628362, 19.11283451755383], [72.83435076415729, 19.112849324782147], [72.83434927749862, 19.112864098297795], [72.83434524803157, 19.112878389214977], [72.83433879818945, 19.112891763311406], [72.83433012394745, 19.112903814221927], [72.83431948886802, 19.112914175785722], [72.83430721609268, 19.112922533171922], [72.8342936785235, 19.112928632445573], [72.83427928749265, 19.112932288283332], [72.83426448026432, 19.112933389604418]]]}, "properties": {"FEATUREID": "FS20000000075", "NAME": "Gulmohar Road Near Ecole Mondiale School", "TYPE": 2, "LOCATION": "Gulmohar Road Near Ecole Mondiale School, Andheri West", "WARD": "K/W", "SUBTYPE": null, "DEPTH": null, "HEIGHT_TO_MSL": null, "AFFECT_AREA": null, "AFFECT_POPULATION": null, "AFFECTED_HUT": null, "AFFECT_ROAD": null, "AFFECT_RAIL": null, "NO_DE_WATER_PUMP": null, "REMARKS": "Monsoon 24 (2024-25)"}}, {"type": "Feature", "geometry": {"type": "Polygon", "coordinates": [[[72.84764445636233, 19.124264772848075], [72.84754893451641, 19.124174638606693], [72.84745843253096, 19.124079465106455], [72.8473732158639, 19.123979531507636], [72.8472935344704, 19.123875130932703], [72.8472196220697, 19.123766569606527], [72.84715169545962, 19.123654165958182], [72.84708995388061, 19.12353824968694], [72.84703457843135, 19.123419160795194], [72.84698573153759, 19.123297248591182], [72.84694355647567, 19.1231728706644], [72.84690817695233, 19.123046391836745], [72.84687969674178, 19.122918183092406], [72.84685819938142, 19.122788620489718], [72.84684374792668, 19.122658084058124], [72.84683638476618, 19.122526956683462], [72.84683613149735, 19.12239562298492], [72.84684298886306, 19.122264468186863], [72.84685693674946, 19.12213387698891], [72.84687793424503, 19.12200423243755], [72.84690591976046, 19.121875914802583], [72.84694081120944, 19.121749300461747], [72.84698250624933, 19.121624760796713], [72.8470308825814, 19.12150266110378], [72.84708579830951, 19.121383359522387], [72.84714709235638, 19.121267205984623], [72.84721458493603, 19.12115454118883], [72.84728807808106, 19.121045695600266], [72.84736735622344, 19.120940988481795], [72.84745218682671, 19.120840726957436], [72.8475423210681, 19.120745205111515], [72.84763749456833, 19.120654703126068], [72.84773742816715, 19.120569486459004], [72.84784182874209, 19.1204898050655], [72.84795039006826, 19.120415892664802], [72.84806279371661, 19.120347966054723], [72.84817870998785, 19.12028622447571], [72.8482977988796, 19.120230849026456], [72.84841971108361, 19.120182002132694], [72.84854408901039, 19.120139827070773], [72.84867056783804, 19.120104447547426], [72.84879877658238, 19.120075967336884], [72.84892833918508, 19.120054469976516], [72.84905887561666, 19.12004001852178], [72.84919000299132, 19.12003265536129], [72.84932133668987, 19.120032402092452], [72.84945249148792, 19.120039259458157], [72.84958308268588, 19.12005320734457], [72.84971272723725, 19.120074204840126], [72.8498410448722, 19.120102190355567], [72.84996765921305, 19.120137081804547], [72.85009219887807, 19.120178776844433], [72.850214298571, 19.120227153176494], [72.85033360015241, 19.12028206890461], [72.85044975369017, 19.120343362951488], [72.85056241848596, 19.12041085553113], [72.85067126407452, 19.120484348676168], [72.850775971193, 19.120563626818548], [72.85087623271735, 19.12064845742182], [72.85097175456328, 19.1207385916632], [72.85106225654873, 19.12083376516344], [72.85114747321579, 19.120933698762258], [72.85122715460929, 19.12103809933719], [72.85130106700998, 19.121146660663367], [72.85136899362007, 19.12125906431171], [72.85143073519907, 19.121374980582953], [72.85148611064834, 19.1214940694747], [72.8515349575421, 19.121615981678712], [72.85157713260402, 19.121740359605493], [72.85161251212736, 19.12186683843315], [72.8516409923379, 19.12199504717749], [72.85166248969827, 19.122124609780176], [72.851676941153, 19.12225514621177], [72.85168430431351, 19.122386273586432], [72.85168455758233, 19.122517607284973], [72.85167770021663, 19.12264876208303], [72.85166375233023, 19.122779353280983], [72.85164275483466, 19.122908997832344], [72.85161476931923, 19.12303731546731], [72.85157987787025, 19.123163929808147], [72.85153818283035, 19.12328846947318], [72.8514898064983, 19.123410569166115], [72.85143489077018, 19.123529870747507], [72.8513735967233, 19.12364602428527], [72.85130610414366, 19.123758689081065], [72.85123261099862, 19.12386753466963], [72.85115333285624, 19.1239722417881], [72.85106850225297, 19.12407250331246], [72.85097836801158, 19.12416802515838], [72.85088319451135, 19.124258527143827], [72.85078326091254, 19.12434374381089], [72.8506788603376, 19.124423425204395], [72.85057029901142, 19.124497337605092], [72.85045789536308, 19.12456526421517], [72.85034197909184, 19.124627005794185], [72.85022289020009, 19.12468238124344], [72.85010097799608, 19.1247312281372], [72.8499766000693, 19.12477340319912], [72.84985012124164, 19.124808782722468], [72.8497219124973, 19.12483726293301], [72.8495923498946, 19.124858760293378], [72.84946181346302, 19.124873211748113], [72.84933068608836, 19.124880574908605], [72.84919935238982, 19.124880828177442], [72.84906819759176, 19.124873970811738], [72.8489376063938, 19.124860022925326], [72.84880796184244, 19.124839025429768], [72.84867964420748, 19.124811039914327], [72.84855302986664, 19.124776148465347], [72.84842849020161, 19.12473445342546], [72.84830639050868, 19.1246860770934], [72.84818708892728, 19.124631161365283], [72.84807093538952, 19.124569867318407], [72.84795827059372, 19.124502374738764], [72.84784942500517, 19.124428881593726], [72.84774471788668, 19.124349603451346], [72.84764445636233, 19.124264772848075]]]}, "properties": {"FEATUREID": "FS11000000055", "NAME": "Andheri Subway , Andheri East", "TYPE": 2, "LOCATION": "Andheri Subway, Andheri East", "WARD": "K/E", "SUBTYPE": null, "DEPTH": null, "HEIGHT_TO_MSL": null, "AFFECT_AREA": null, "AFFECT_POPULATION": null, "AFFECTED_HUT": null, "AFFECT_ROAD": null, "AFFECT_RAIL": null, "NO_DE_WATER_PUMP": null, "REMARKS": "Planning Stage (2025)"}}, {"type": "Feature", "geometry": {"type": "Polygon", "coordinates": [[[72.83906809242629, 19.1307373943958], [72.83904496439146, 19.130735067392635], [72.83902259180333, 19.130728759600775], [72.83900165444163, 19.130718662679286], [72.83898278847751, 19.130705083418018], [72.83896656714376, 19.130688434415955], [72.8389534833174, 19.130669221544593], [72.83894393454383, 19.130648028577316], [72.83893821095776, 19.130625499451707], [72.83893648646742, 19.130602318703843], [72.83893881347059, 19.13057919066902], [72.83894512126244, 19.13055681808088], [72.83895521818394, 19.13053588071918], [72.8389687974452, 19.13051701475507], [72.83898544644727, 19.13050079342132], [72.83900465931862, 19.130487709594945], [72.8390258522859, 19.130478160821394], [72.83904838141152, 19.130472437235312], [72.83907156215938, 19.130470712744973], [72.8390946901942, 19.13047303974814], [72.83911706278234, 19.13047934754], [72.83913800014403, 19.13048944446149], [72.83915686610815, 19.130503023722756], [72.8391730874419, 19.13051967272482], [72.83918617126827, 19.13053888559618], [72.83919572004183, 19.13056007856346], [72.8392014436279, 19.130582607689067], [72.83920316811825, 19.13060578843693], [72.83920084111507, 19.130628916471753], [72.83919453332322, 19.130651289059895], [72.83918443640172, 19.130672226421595], [72.83917085714046, 19.130691092385703], [72.8391542081384, 19.130707313719455], [72.83913499526705, 19.13072039754583], [72.83911380229976, 19.13072994631938], [72.83909127317415, 19.130735669905462], [72.83906809242629, 19.1307373943958]]]}, "properties": {"FEATUREID": "FS11000000056", "NAME": "Azad Nagar Road no 03, Walford Bldg Lande, Amboli", "TYPE": 2, "LOCATION": "Azad Nagar Road no 03, Walford Bldg Lande, Amboli", "WARD": "K/W", "SUBTYPE": null, "DEPTH": null, "HEIGHT_TO_MSL": null, "AFFECT_AREA": null, "AFFECT_POPULATION": null, "AFFECTED_HUT": null, "AFFECT_ROAD": null, "AFFECT_RAIL": null, "NO_DE_WATER_PUMP": null, "REMARKS": "Monsoon 24 (2024-25)"}}, {"type": "Feature", "geometry": {"type": "Polygon", "coordinates": [[[72.8422568298394, 19.160402699713803], [72.84222595610397, 19.160399593306426], [72.84219609083193, 19.160391172924466], [72.84216814146447, 19.16037769441696], [72.84214295722897, 19.160359567321546], [72.84212130333567, 19.16033734242084], [72.8421038377272, 19.160311695007202], [72.84209109108717, 19.160283404364325], [72.84208345071585, 19.16025333008907], [72.84208114876202, 19.160222385973075], [72.8420842551694, 19.160191512237645], [72.84209267555136, 19.160161646965612], [72.84210615405887, 19.160133697598148], [72.84212428115428, 19.160108513362644], [72.84214650605499, 19.160086859469352], [72.84217215346862, 19.160069393860862], [72.8422004441115, 19.160056647220852], [72.84223051838676, 19.160049006849523], [72.84226146250275, 19.160046704895695], [72.84229233623817, 19.16004981130307], [72.84232220151021, 19.16005823168503], [72.84235015087768, 19.160071710192536], [72.84237533511318, 19.160089837287952], [72.84239698900647, 19.16011206218866], [72.84241445461495, 19.160137709602296], [72.84242720125498, 19.160166000245173], [72.8424348416263, 19.160196074520428], [72.84243714358013, 19.160227018636423], [72.84243403717275, 19.160257892371853], [72.84242561679079, 19.160287757643886], [72.84241213828328, 19.16031570701135], [72.84239401118786, 19.160340891246854], [72.84237178628716, 19.160362545140146], [72.84234613887352, 19.160380010748636], [72.84231784823065, 19.160392757388646], [72.84228777395539, 19.160400397759975], [72.8422568298394, 19.160402699713803]]]}, "properties": {"FEATUREID": "FS13000000033", "NAME": "Siddharth Nagar Road no 16 and 17", "TYPE": 2, "LOCATION": "Siddharth Nagar Road no 16 and 17, Goregaon ", "WARD": "P/S", "SUBTYPE": null, "DEPTH": null, "HEIGHT_TO_MSL": null, "AFFECT_AREA": null, "AFFECT_POPULATION": null, "AFFECTED_HUT": null, "AFFECT_ROAD": null, "AFFECT_RAIL": null, "NO_DE_WATER_PUMP": null, "REMARKS": "Monsoon 24 (2024-25)"}}, {"type": "Feature", "geometry": {"type": "Polygon", "coordinates": []}, "properties": {"FEATUREID": "FS13000000034", "NAME": "Motilal nagar Road no 4 ", "TYPE": 2, "LOCATION": "Motilal nagar road no 4, Goregaon West ", "WARD": "P/S", "SUBTYPE": null, "DEPTH": null, "HEIGHT_TO_MSL": null, "AFFECT_AREA": null, "AFFECT_POPULATION": null, "AFFECTED_HUT": null, "AFFECT_ROAD": null, "AFFECT_RAIL": null, "NO_DE_WATER_PUMP": null, "REMARKS": "Monsoon24 (2024-25)"}}, {"type": "Feature", "geometry": {"type": "Polygon", "coordinates": [[[72.87381103811931, 19.06444745646631], [72.87369749436013, 19.064396518954972], [72.87358704374095, 19.064339182439223], [72.87348004652877, 19.06427563393887], [72.87337685172623, 19.064206080735904], [72.87327779593335, 19.06413074969842], [72.87318320224952, 19.06404988654061], [72.87309337921968, 19.063963755021273], [72.87300861982789, 19.063872636083538], [72.87292920054165, 19.06377682693843], [72.87285538041017, 19.06367664009547], [72.8727874002194, 19.063572402343315], [72.87272548170655, 19.06346445368385], [72.87266982683698, 19.063353146223157], [72.87262061714529, 19.063238843023047], [72.87257801314327, 19.063121916916792], [72.8725421537963, 19.06300274929305], [72.87251315607014, 19.062881728851846], [72.87249111454933, 19.062759250336697], [72.87247610112874, 19.062635713247065], [72.87246816477902, 19.062511520535256], [72.8724673313869, 19.06238707729209], [72.87247360367073, 19.062262789425553], [72.87248696117162, 19.062139062336836], [72.87250736032017, 19.062016299597982], [72.87253473457862, 19.061894901635533], [72.87256899465781, 19.06177526442441], [72.8726100288085, 19.06165777819632], [72.87265770318581, 19.061542826166928], [72.87271186228581, 19.061430783285857], [72.87277232945281, 19.0613220150137], [72.87283890745546, 19.06121687612995], [72.87291137913016, 19.061115709575795], [72.87298950808935, 19.061018845335504], [72.87307303949262, 19.060926599360098], [72.87316170087792, 19.06083927253677], [72.87325520305019, 19.060757149707477], [72.87335324102482, 19.060680498739806], [72.87345549502228, 19.060609569653295], [72.87356163151132, 19.06054459380387], [72.87367130429675, 19.06048578312925], [72.87378415564874, 19.06043332945763], [72.87389981746963, 19.060387403881993], [72.87401791249464, 19.06034815620201], [72.8741380555223, 19.06031571443546], [72.87425985467104, 19.060290184400646], [72.87438291265737, 19.06027164937123], [72.87450682809168, 19.060260169804625], [72.87463119678762, 19.060255783144793], [72.87475561308032, 19.06025850370011], [72.87487967114973, 19.060268322596684], [72.87500296634417, 19.06028520780732], [72.87512509650038, 19.060309104255964], [72.87524566325516, 19.060339933997376], [72.8753642733448, 19.060377596471344], [72.87548053988787, 19.060421968830703], [72.87559408364706, 19.060472906342042], [72.87570453426623, 19.06053024285779], [72.87581153147842, 19.060593791358144], [72.87591472628095, 19.06066334456111], [72.87601378207384, 19.060738675598593], [72.87610837575767, 19.060819538756405], [72.8761981987875, 19.06090567027574], [72.8762829581793, 19.060996789213476], [72.87636237746554, 19.061092598358584], [72.87643619759702, 19.061192785201545], [72.8765041777878, 19.0612970229537], [72.87656609630064, 19.061404971613165], [72.8766217511702, 19.061516279073857], [72.8766709608619, 19.061630582273967], [72.87671356486392, 19.061747508380222], [72.87674942421089, 19.061866676003962], [72.87677842193705, 19.06198769644517], [72.87680046345785, 19.062110174960317], [72.87681547687845, 19.06223371204995], [72.87682341322817, 19.062357904761758], [72.87682424662029, 19.062482348004924], [72.87681797433646, 19.06260663587146], [72.87680461683557, 19.062730362960178], [72.87678421768702, 19.062853125699032], [72.87675684342857, 19.06297452366148], [72.87672258334938, 19.063094160872605], [72.8766815491987, 19.063211647100694], [72.87663387482138, 19.063326599130086], [72.87657971572138, 19.063438642011157], [72.87651924855437, 19.063547410283313], [72.87645267055173, 19.063652549167063], [72.87638019887703, 19.06375371572122], [72.87630206991784, 19.06385057996151], [72.87621853851456, 19.063942825936916], [72.87612987712927, 19.064030152760242], [72.876036374957, 19.064112275589537], [72.87593833698237, 19.064188926557208], [72.8758360829849, 19.06425985564372], [72.87572994649587, 19.064324831493145], [72.87562027371044, 19.064383642167765], [72.87550742235845, 19.064436095839383], [72.87539176053755, 19.06448202141502], [72.87527366551255, 19.064521269095003], [72.8751535224849, 19.064553710861553], [72.87503172333615, 19.064579240896368], [72.87490866534982, 19.064597775925783], [72.8747847499155, 19.06460925549239], [72.87466038121957, 19.06461364215222], [72.87453596492686, 19.064610921596906], [72.87441190685746, 19.06460110270033], [72.87428861166302, 19.064584217489696], [72.8741664815068, 19.06456032104105], [72.87404591475203, 19.064529491299638], [72.87392730466239, 19.06449182882567], [72.87381103811931, 19.06444745646631]]]}, "properties": {"FEATUREID": "FS15000000062", "NAME": "Kurla Court LBS Road", "TYPE": 2, "LOCATION": "Kurla Court, LBS Marg, Kurla West", "WARD": "L", "SUBTYPE": null, "DEPTH": null, "HEIGHT_TO_MSL": null, "AFFECT_AREA": null, "AFFECT_POPULATION": null, "AFFECTED_HUT": null, "AFFECT_ROAD": null, "AFFECT_RAIL": null, "NO_DE_WATER_PUMP": null, "REMARKS": "Planning Stage (2025)"}}, {"type": "Feature", "geometry": {"type": "Polygon", "coordinates": [[[72.8715487247775, 19.05025477347206], [72.8715762941436, 19.050132347277092], [72.8716107456212, 19.050011676904372], [72.87165196885184, 19.049893148897482], [72.87169983178508, 19.049777142937366], [72.87175418110151, 19.049664030626083], [72.8718148427039, 19.049554174296468], [72.87188162227484, 19.04944792585146], [72.87195430589924, 19.049345625636864], [72.87203266074951, 19.04924760135111], [72.87211643583149, 19.049154166995528], [72.87220536278829, 19.04906562186854], [72.87229915676009, 19.04898224960687], [72.8723975172965, 19.048904317277014], [72.87250012931909, 19.04883207451972], [72.87260666413061, 19.04876575275031], [72.87271678046793, 19.048705564417418], [72.87283012559523, 19.04865170232241], [72.8729463364339, 19.04860433900182], [72.87306504072558, 19.048563626174637], [72.87318585822464, 19.048529694256327], [72.87330840191622, 19.048502651941053], [72.87343227925592, 19.0484825858535], [72.87355709342728, 19.048469560271393], [72.87368244461288, 19.048463616919605], [72.87380793127508, 19.048464774836486], [72.87393315144227, 19.04847303031287], [72.8740577039965, 19.04848835690398], [72.8741811899584, 19.04851070551413], [72.8743032137652, 19.048540004553978], [72.87442338453785, 19.048576160169866], [72.87454131733315, 19.04861905654446], [72.8746566343768, 19.048668556267742], [72.87476896627355, 19.04872450077717], [72.87487795319046, 19.048786710865613], [72.87498324600958, 19.04885498725541], [72.87508450744626, 19.048929111236696], [72.8751814131296, 19.049008845368014], [72.87527365264148, 19.049093934236904], [72.87536093051094, 19.049184105278066], [72.87544296716065, 19.049279069646467], [72.87551949980248, 19.04937852314261], [72.87559028327931, 19.049482147186968], [72.87565509085033, 19.049589609840478], [72.87571371491735, 19.04970056686787], [72.8757659676898, 19.04981466284033], [72.87581168178632, 19.049931532274066], [72.87585071077085, 19.050050800801042], [72.87588292962181, 19.050172086368217], [72.87590823513248, 19.05029500046135], [72.8759265462417, 19.050419149349544], [72.87593780429347, 19.050544135346488], [72.87594197322484, 19.050669558084348], [72.87593903968148, 19.050795015796282], [72.8759290130604, 19.050920106603424], [72.87591192547991, 19.0510444298022], [72.87588783167666, 19.051167587147926], [72.87585680883039, 19.051289184130496], [72.8758189563166, 19.051408831238117], [72.87577439538833, 19.051526145205028], [72.87572326878765, 19.05164075023923], [72.87566574028848, 19.051752279226243], [72.87560199417196, 19.051860374905104], [72.8755322346361, 19.051964691012763], [72.87545668514171, 19.05206489339328], [72.87537558769664, 19.05216066106822], [72.87528920208042, 19.05225168726485], [72.87519780501225, 19.052337680398818], [72.87510168926447, 19.05241836500819], [72.8750011627248, 19.052493482635843], [72.87489654741007, 19.052562792657362], [72.87478817843464, 19.05262607305186], [72.87467640293704, 19.052683121113155], [72.87456157896789, 19.052733754099105], [72.87444407434295, 19.05277780981699], [72.87432426546496, 19.05281514714307], [72.8742025361179, 19.05284564647463], [72.87407927623755, 19.052869210113112], [72.87395488066248, 19.052885762577084], [72.87382974786921, 19.052895250844013], [72.87370427869581, 19.05289764452012], [72.87357887505785, 19.052892935937734], [72.873453938661, 19.05288114017987], [72.8733298697142, 19.052862295031893], [72.8732070656477, 19.05283646086049], [72.87308591983994, 19.05280372042031], [72.87296682035746, 19.052764178588845], [72.87285014871183, 19.052717962030506], [72.87273627863748, 19.05266521879086], [72.87262557489458, 19.052606117822407], [72.87251839210063, 19.052540848443364], [72.87241507359441, 19.05246961973123], [72.87231595033623, 19.052392659853044], [72.8722213398478, 19.052310215334497], [72.872131545195, 19.05222255027024], [72.87204685401721, 19.052129945477898], [72.87196753760578, 19.05203269759854], [72.8718938500351, 19.05193111814644], [72.87182602734867, 19.051825532511213], [72.871764286803, 19.051716278915475], [72.87170882617167, 19.05160370733143], [72.87165982311181, 19.051488178359804], [72.871617434595, 19.051370062074714], [72.87158179640441, 19.05124973683824], [72.87155302269993, 19.05112758808838], [72.87153120565242, 19.051004007104414], [72.87151641514842, 19.050879389753483], [72.87150869856642, 19.050754135222533], [72.87150808062493, 19.05062864473959], [72.87151456330342, 19.0505033202885], [72.8715281258359, 19.050378563321264], [72.8715487247775, 19.05025477347206]]]}, "properties": {"FEATUREID": "FS15000000063", "NAME": "Gulmohar Road and Bhaktidham Marg", "TYPE": 2, "LOCATION": "Gulmohar Road and Bhaktidham Marg, Chunabhatti", "WARD": "L", "SUBTYPE": null, "DEPTH": null, "HEIGHT_TO_MSL": null, "AFFECT_AREA": null, "AFFECT_POPULATION": null, "AFFECTED_HUT": null, "AFFECT_ROAD": null, "AFFECT_RAIL": null, "NO_DE_WATER_PUMP": null, "REMARKS": "Bridge Deprt (2025)"}}, {"type": "Feature", "geometry": {"type": "Polygon", "coordinates": [[[72.90854834543488, 19.086986262900517], [72.90844960479981, 19.08705065671989], [72.90834715630963, 19.08710897124505], [72.90824137378775, 19.08716099369262], [72.90813264322313, 19.087206534238334], [72.9080213613618, 19.08724542670967], [72.90790793425923, 19.08727752919223], [72.90779277579858, 19.08730272454753], [72.90767630618062, 19.087320920840448], [72.90755895039032, 19.08733205167469], [72.90744113664626, 19.087336076435047], [72.907323294838, 19.0873329804356], [72.90720585495752, 19.087322774973327], [72.90708924553022, 19.08730549728684], [72.90697389205124, 19.087281210420553], [72.90686021543293, 19.087250002994605], [72.90674863046893, 19.087211988881503], [72.90663954432067, 19.08716730679063], [72.90653335503168, 19.087116119762086], [72.90643045007516, 19.08705861457179], [72.90633120494014, 19.086995001049946], [72.90623598176136, 19.086925511315393], [72.90614512799786, 19.086850398928636], [72.90605897516518, 19.086769937966633], [72.90597783762566, 19.086684422022703], [72.90590201144137, 19.086594163135256], [72.90583177329384, 19.086499490649185], [72.90576737947447, 19.08640075001412], [72.9057090649493, 19.086298301523932], [72.90565704250174, 19.086192519002054], [72.90561150195603, 19.086083788437435], [72.9055726094847, 19.085972506576113], [72.90554050700213, 19.085859079473533], [72.90551531164684, 19.085743921012888], [72.90549711535391, 19.085627451394917], [72.90548598451967, 19.085510095604626], [72.90548195975931, 19.08539228186056], [72.90548505575876, 19.085274440052302], [72.90549526122103, 19.085157000171826], [72.90551253890752, 19.085040390744524], [72.90553682577381, 19.084925037265545], [72.90556803319976, 19.08481136064723], [72.90560604731286, 19.084699775683227], [72.90565072940373, 19.08459068953497], [72.90570191643228, 19.084484500245985], [72.90575942162256, 19.084381595289468], [72.90582303514442, 19.084282350154453], [72.90589252487896, 19.084187126975667], [72.90596763726572, 19.084096273212165], [72.90604809822773, 19.08401012037948], [72.90613361417165, 19.083928982839954], [72.9062238730591, 19.083853156655668], [72.90631854554518, 19.08378291850815], [72.90641728618024, 19.083718524688777], [72.90651973467043, 19.083660210163615], [72.90662551719231, 19.083608187716045], [72.90673424775693, 19.083562647170332], [72.90684552961825, 19.083523754698994], [72.90695895672083, 19.083491652216434], [72.90707411518147, 19.083466456861135], [72.90719058479944, 19.08344826056822], [72.90730794058973, 19.083437129733976], [72.9074257543338, 19.08343310497362], [72.90754359614206, 19.083436200973065], [72.90766103602253, 19.08344640643534], [72.90777764544984, 19.083463684121824], [72.90789299892882, 19.083487970988113], [72.90800667554713, 19.08351917841406], [72.90811826051113, 19.083557192527163], [72.90822734665939, 19.083601874618036], [72.90833353594837, 19.08365306164658], [72.9084364409049, 19.083710566836874], [72.90853568603991, 19.08377418035872], [72.9086309092187, 19.083843670093273], [72.9087217629822, 19.08391878248003], [72.90880791581488, 19.083999243442033], [72.9088890533544, 19.084084759385963], [72.90896487953869, 19.08417501827341], [72.90903511768622, 19.08426969075948], [72.90909951150559, 19.084368431394545], [72.90915782603075, 19.084470879884734], [72.90920984847831, 19.08457666240661], [72.90925538902403, 19.08468539297123], [72.90929428149536, 19.084796674832553], [72.90932638397793, 19.084910101935133], [72.90935157933322, 19.085025260395778], [72.90936977562615, 19.08514173001375], [72.90938090646038, 19.08525908580404], [72.90938493122074, 19.085376899548105], [72.9093818352213, 19.085494741356364], [72.90937162975902, 19.08561218123684], [72.90935435207254, 19.08572879066414], [72.90933006520625, 19.08584414414312], [72.9092988577803, 19.085957820761436], [72.9092608436672, 19.08606940572544], [72.90921616157632, 19.086178491873696], [72.90916497454778, 19.08628468116268], [72.9091074693575, 19.086387586119198], [72.90904385583563, 19.086486831254213], [72.90897436610109, 19.086582054433], [72.90889925371434, 19.0866729081965], [72.90881879275233, 19.086759061029184], [72.9087332768084, 19.086840198568712], [72.90864301792095, 19.086916024753], [72.90854834543488, 19.086986262900517]]]}, "properties": {"FEATUREID": "FS17000000030", "NAME": "Welcome Hotel, Shradhand Raod", "TYPE": 2, "LOCATION": "Welcome Hotel, Shradhand Road, Ghatkopar West", "WARD": "N", "SUBTYPE": null, "DEPTH": null, "HEIGHT_TO_MSL": null, "AFFECT_AREA": null, "AFFECT_POPULATION": null, "AFFECTED_HUT": null, "AFFECT_ROAD": null, "AFFECT_RAIL": null, "NO_DE_WATER_PUMP": null, "REMARKS": "Road Dept (2025)"}}, {"type": "Feature", "geometry": {"type": "Polygon", "coordinates": [[[72.90439770845822, 19.073910413980297], [72.90435403298736, 19.074011934604904], [72.90430394280366, 19.074110448347476], [72.90424764373849, 19.07420555039391], [72.90418536713673, 19.074296849949494], [72.90411736890633, 19.07438397184478], [72.90404392846658, 19.07446655807721], [72.90396534760002, 19.074544269282235], [72.90388194921226, 19.074616786127848], [72.9037940760052, 19.074683810626773], [72.90370208906867, 19.074745067360972], [72.90360636639674, 19.074800304613383], [72.90350730133439, 19.074849295402284], [72.9034053009612, 19.074891838414022], [72.9033007844186, 19.074927758830228], [72.90319418118749, 19.07495690904621], [72.9030859293234, 19.07497916927748], [72.90297647365645, 19.074994448051974], [72.90286626396347, 19.075002682585925], [72.90275575311972, 19.07500383904187], [72.90264539523797, 19.074997912667683], [72.90253564380241, 19.074984927816107], [72.90242694980525, 19.074964937844683], [72.90231975989343, 19.07493802489649], [72.90221451453328, 19.074904299562604], [72.9021116462006, 19.07486390042766], [72.90201157760337, 19.074816993500363], [72.90191471994498, 19.074763771531345], [72.9018214712343, 19.074704453221088], [72.90173221465027, 19.074639282321257], [72.90164731696736, 19.074568526633055], [72.90156712704835, 19.074492476906784], [72.90149197441083, 19.074411445647076], [72.9014221678731, 19.074325765828767], [72.90135799428518, 19.074235789528608], [72.90129971735013, 19.074141886478508], [72.90124757654037, 19.07404444254625], [72.90120178611367, 19.07394385814985], [72.90116253423271, 19.073840546612168], [72.9011299821919, 19.07373493246247], [72.90110426375456, 19.07362744969196], [72.90108548460326, 19.07351853997039], [72.90107372190556, 19.073408650831166], [72.9010690239969, 19.073298233832336], [72.901071410182, 19.07318774270103], [72.90108087065552, 19.07307763146901], [72.90109736654234, 19.072968352606942], [72.90112083005732, 19.072860355165115], [72.90115116478385, 19.07275408292818], [72.90118824607003, 19.07264997259156], [72.9012319215409, 19.072548451966952], [72.90128201172459, 19.07244993822438], [72.90133831078977, 19.072354836177947], [72.90140058739152, 19.072263536622362], [72.90146858562193, 19.072176414727075], [72.90154202606168, 19.072093828494648], [72.90162060692823, 19.07201611728962], [72.90170400531599, 19.07194360044401], [72.90179187852306, 19.071876575945083], [72.90188386545958, 19.071815319210884], [72.90197958813151, 19.071760081958473], [72.90207865319387, 19.071711091169572], [72.90218065356706, 19.071668548157835], [72.90228517010965, 19.07163262774163], [72.90239177334077, 19.071603477525645], [72.90250002520486, 19.071581217294376], [72.9026094808718, 19.071565938519882], [72.90271969056478, 19.07155770398593], [72.90283020140853, 19.071556547529987], [72.90294055929029, 19.071562473904173], [72.90305031072585, 19.07157545875575], [72.90315900472301, 19.071595448727173], [72.90326619463482, 19.071622361675367], [72.90337143999497, 19.071656087009252], [72.90347430832766, 19.071696486144198], [72.90357437692488, 19.071743393071493], [72.90367123458327, 19.071796615040512], [72.90376448329395, 19.07185593335077], [72.90385373987799, 19.0719211042506], [72.9039386375609, 19.0719918599388], [72.9040188274799, 19.072067909665073], [72.90409398011742, 19.07214894092478], [72.90416378665516, 19.07223462074309], [72.90422796024308, 19.07232459704325], [72.90428623717813, 19.07241850009335], [72.90433837798788, 19.072515944025607], [72.90438416841458, 19.072616528422007], [72.90442342029554, 19.07271983995969], [72.90445597233635, 19.072825454109385], [72.9044816907737, 19.072932936879898], [72.904500469925, 19.073041846601466], [72.9045122326227, 19.07315173574069], [72.90451693053136, 19.07326215273952], [72.90451454434626, 19.073372643870826], [72.90450508387273, 19.073482755102848], [72.90448858798591, 19.073592033964914], [72.90446512447093, 19.07370003140674], [72.9044347897444, 19.073806303643675], [72.90439770845822, 19.073910413980297]]]}, "properties": {"FEATUREID": "FS17000000031", "NAME": "Meghraj Junction, M G Road ", "TYPE": 2, "LOCATION": "Meghraj Junction, MG Road,Ghatkoper West", "WARD": "N", "SUBTYPE": null, "DEPTH": null, "HEIGHT_TO_MSL": null, "AFFECT_AREA": null, "AFFECT_POPULATION": null, "AFFECTED_HUT": null, "AFFECT_ROAD": null, "AFFECT_RAIL": null, "NO_DE_WATER_PUMP": null, "REMARKS": " Will be tackeled before Monsoon 26 (2025)"}}, {"type": "Feature", "geometry": {"type": "Polygon", "coordinates": [[[72.89724361840891, 19.082744106161883], [72.89721674768451, 19.082636392466668], [72.89719676268433, 19.082527191387303], [72.8971837438809, 19.082416942637998], [72.89717774369636, 19.082306090151548], [72.89717878629132, 19.082195080291797], [72.89718686746762, 19.082084360056268], [72.89720195468524, 19.081974375276268], [72.89722398719324, 19.081865568821694], [72.89725287627452, 19.08175837881773], [72.89728850560293, 19.081653236880694], [72.89733073171173, 19.081550566380056], [72.89737938457131, 19.081450780733682], [72.89743426827376, 19.08135428174316], [72.89749516182177, 19.081261457975856], [72.89756182001852, 19.081172683200325], [72.897633974455, 19.081088314881253], [72.89771133459075, 19.081008692740088], [72.8977935889238, 19.080934137387086], [72.89788040624498, 19.08086494903034], [72.89797143697159, 19.080801406266943], [72.89806631455501, 19.08074376496118], [72.89816465695671, 19.08069225721424], [72.89826606818654, 19.080647090429643], [72.89837013989727, 19.080608446478088], [72.89847645302886, 19.080576480965135], [72.89858457949585, 19.080551322604613], [72.8986940839111, 19.080533072700366], [72.898804525339, 19.080521804738314], [72.8989154590709, 19.08051756409057], [72.89902643841582, 19.08052036783272], [72.89913701649908, 19.08053020467508], [72.89924674806178, 19.080547035008166], [72.89935519125366, 19.080570791062165], [72.89946190941225, 19.08060137717983], [72.89956647282119, 19.080638670201658], [72.89966846044055, 19.08068251996182], [72.89976746160215, 19.0807327498928], [72.89986307766328, 19.080789157736397], [72.89995492361182, 19.080851516358138], [72.90004262961652, 19.080919574661856], [72.90012584251627, 19.08099305860079], [72.9002042272421, 19.081071672281045], [72.90027746816638, 19.081155099153083], [72.90034527037375, 19.081243003286332], [72.90040736084865, 19.081335030721874], [72.90046348957466, 19.081430810897707], [72.90051343054121, 19.08152995814087], [72.90055698265365, 19.0816320732204], [72.900593970543, 19.081736744954924], [72.90062424527208, 19.081843551868303], [72.90064768493525, 19.081952063886792], [72.90066419514925, 19.082061844070797], [72.90067370943328, 19.082172450374262], [72.90067618947666, 19.08228343742464], [72.90067162529316, 19.082394358316247], [72.90066003526111, 19.082504766409805], [72.90064146604949, 19.082614217130892], [72.90061599242996, 19.08272226976008], [72.9005837169758, 19.08282848920757], [72.90054476964886, 19.082932447765135], [72.90049930727629, 19.083033726828354], [72.90044751291902, 19.08313191858219], [72.90038959513464, 19.083226627643104], [72.90032578713763, 19.08331747265113], [72.90025634586027, 19.08340408780549], [72.90018155091808, 19.083486124337526], [72.90010170348388, 19.083563251915077], [72.90001712507512, 19.083635159972612], [72.8999281562592, 19.08370155896176], [72.89983515528213, 19.083762181517226], [72.89973849662603, 19.08381678353338], [72.89963856950119, 19.08386514514717], [72.89953577627888, 19.083907071623447], [72.89943053087113, 19.083942394139093], [72.89932325706403, 19.0839709704628], [72.89921438681135, 19.083992685527797], [72.89910435849517, 19.084007451895186], [72.89899361516069, 19.084015210106017], [72.89888260273224, 19.084015928920707], [72.89877176821767, 19.084009605444848], [72.89866155790847, 19.083996265140847], [72.89855241558263, 19.083975961725397], [72.89844478071781, 19.083948776953186], [72.89833908672159, 19.083914820287696], [72.89823575918642, 19.083874228460438], [72.89813521417578, 19.08382716492037], [72.89803785654897, 19.083773819175757], [72.89794407833078, 19.08371440603109], [72.897854257133, 19.083649164722125], [72.89776875463389, 19.08357835795259], [72.89768791512184, 19.08350227083636], [72.89761206410901, 19.08342120974939], [72.89754150702069, 19.083335501096073], [72.89747652796535, 19.0832454899949], [72.89741738859072, 19.083151538888814], [72.89736432703019, 19.083054026085755], [72.89731755694395, 19.082953344235364], [72.89727726665859, 19.082849898747916], [72.89724361840891, 19.082744106161883]]]}, "properties": {"FEATUREID": "FS17000000032", "NAME": "Fatima School, Jolly Gymkhana", "TYPE": 2, "LOCATION": "Fatima School, Jolly Gymhana", "WARD": "N", "SUBTYPE": null, "DEPTH": null, "HEIGHT_TO_MSL": null, "AFFECT_AREA": null, "AFFECT_POPULATION": null, "AFFECTED_HUT": null, "AFFECT_ROAD": null, "AFFECT_RAIL": null, "NO_DE_WATER_PUMP": null, "REMARKS": "Will be tackeled before monsoon 26 (2025)"}}, {"type": "Feature", "geometry": {"type": "Polygon", "coordinates": [[[72.93686978979505, 19.170427638190255], [72.93681991967975, 19.170313993076302], [72.93677661876183, 19.170197686280137], [72.9367400282799, 19.17007909717036], [72.9367102675845, 19.169958612559988], [72.93668743374883, 19.169836625444788], [72.93667160125213, 19.169713533721367], [72.93666282173669, 19.169589738889346], [72.93666112383949, 19.169465644741734], [72.9366665130987, 19.16934165604785], [72.93667897193569, 19.169218177233038], [72.9366984597123, 19.16909561105953], [72.93672491286348, 19.168974357312702], [72.93675824510454, 19.16885481149708], [72.93679834771264, 19.168737363546267], [72.9368450898814, 19.168622396551065], [72.93689831914759, 19.168510285509914], [72.9369578618884, 19.168401396105732], [72.93702352388779, 19.168296083513116], [72.93709509096995, 19.16819469123986], [72.93717232969796, 19.168097550006483], [72.93725498813512, 19.168004976667493], [72.93734279666681, 19.16791727317789], [72.93743546887984, 19.167834725608216], [72.93753270249671, 19.167757603211495], [72.93763418036158, 19.16768615754495], [72.93773957147475, 19.167620621649494], [72.9378485320723, 19.167561209289598], [72.9379607067474, 19.167508114256034], [72.93807572960962, 19.167461509733762], [72.93819322547824, 19.16742154773705], [72.9383128111062, 19.16738835861362], [72.93843409643, 19.1673620506195], [72.93855668584216, 19.167342709565894], [72.93868017948147, 19.1673303985393], [72.93880417453737, 19.16732515769573], [72.93892826656372, 19.16732700412972], [72.93905205079818, 19.167335931818595], [72.93917512348226, 19.167351911642086], [72.93929708317846, 19.16737489147733], [72.93941753207962, 19.167404796368878], [72.93953607730643, 19.167441528773193], [72.93965233218901, 19.167484968876806], [72.9397659175281, 19.16753497498713], [72.93987646283193, 19.167591383994623], [72.93998360752471, 19.16765401190483], [72.94008700212271, 19.167722654438528], [72.94018630937423, 19.16779708769803], [72.94028120535968, 19.167877068897525], [72.94037138054806, 19.16796233715496], [72.94045654080666, 19.168052614343004], [72.94053640836043, 19.168147605996232], [72.94061072269798, 19.168247002271617], [72.9406792414214, 19.168350478959166], [72.94074174103687, 19.168457698539434], [72.94079801768362, 19.16856831128444], [72.94084788779892, 19.16868195639839], [72.94089118871685, 19.168798263194557], [72.94092777919877, 19.168916852304335], [72.94095753989417, 19.169037336914705], [72.94098037372984, 19.169159324029906], [72.94099620622654, 19.169282415753326], [72.94100498574198, 19.169406210585347], [72.94100668363919, 19.16953030473296], [72.94100129437997, 19.169654293426845], [72.94098883554298, 19.169777772241655], [72.94096934776637, 19.169900338415164], [72.94094289461519, 19.17002159216199], [72.94090956237413, 19.170141137977613], [72.94086945976603, 19.170258585928426], [72.94082271759727, 19.17037355292363], [72.94076948833109, 19.17048566396478], [72.94070994559027, 19.17059455336896], [72.94064428359088, 19.170699865961577], [72.94057271650873, 19.17080125823483], [72.94049547778071, 19.17089839946821], [72.94041281934355, 19.1709909728072], [72.94032501081186, 19.171078676296805], [72.94023233859883, 19.171161223866477], [72.94013510498196, 19.1712383462632], [72.94003362711709, 19.171309791929744], [72.93992823600392, 19.1713753278252], [72.93981927540638, 19.171434740185095], [72.93970710073127, 19.17148783521866], [72.93959207786905, 19.17153443974093], [72.93947458200043, 19.171574401737644], [72.93935499637247, 19.171607590861072], [72.93923371104867, 19.171633898855195], [72.93911112163651, 19.1716532399088], [72.93898762799721, 19.171665550935394], [72.9388636329413, 19.171670791778965], [72.93873954091495, 19.171668945344972], [72.93861575668049, 19.171660017656098], [72.93849268399642, 19.171644037832607], [72.93837072430021, 19.171621057997363], [72.93825027539906, 19.171591153105815], [72.93813173017224, 19.1715544207015], [72.93801547528966, 19.171510980597887], [72.93790188995057, 19.171460974487562], [72.93779134464674, 19.17140456548007], [72.93768419995396, 19.171341937569863], [72.93758080535596, 19.171273295036166], [72.93748149810445, 19.171198861776663], [72.93738660211899, 19.17111888057717], [72.93729642693062, 19.171033612319732], [72.93721126667201, 19.17094333513169], [72.93713139911824, 19.17084834347846], [72.93705708478069, 19.170748947203077], [72.93698856605727, 19.170645470515527], [72.9369260664418, 19.17053825093526], [72.93686978979505, 19.170427638190255]]]}, "properties": {"FEATUREID": "FS19000000039", "NAME": "Marathon Avenue Mulund (W)", "TYPE": 2, "LOCATION": "Marathon Avenue Mulund (W)", "WARD": "T", "SUBTYPE": null, "DEPTH": null, "HEIGHT_TO_MSL": null, "AFFECT_AREA": null, "AFFECT_POPULATION": null, "AFFECTED_HUT": null, "AFFECT_ROAD": null, "AFFECT_RAIL": null, "NO_DE_WATER_PUMP": null, "REMARKS": "Road deppt.(2025)"}}, {"type": "Feature", "geometry": {"type": "Polygon", "coordinates": [[[72.92587923642827, 19.129472981749867], [72.92576125680559, 19.12940768071909], [72.92564691985882, 19.129336193107644], [72.92553654968845, 19.129258721554923], [72.92543045915073, 19.129175485662465], [72.9253289489708, 19.12908672137145], [72.92523230689031, 19.128992680293905], [72.92514080685173, 19.12889362899948], [72.92505470822185, 19.12878984825983], [72.92497425505661, 19.12868163225274], [72.92489967540925, 19.128569287728237], [72.92483118068385, 19.128453133139082], [72.9247689650362, 19.12833349773808], [72.92471320482326, 19.128210720644766], [72.92466405810345, 19.12808514988416], [72.92462166418846, 19.12795714140022], [72.92458614324848, 19.1278270580469], [72.92455759597145, 19.127695268559602], [72.92453610327775, 19.12756214650995], [72.92452172609072, 19.127428069246843], [72.92451450516408, 19.127293416826866], [72.92451446096634, 19.12715857093692], [72.92452159362276, 19.12702391381234], [72.92453588291507, 19.126889827153374], [72.9245572883387, 19.12675669104322], [72.92458574921768, 19.12662488287065], [72.92462118487654, 19.12649477626025], [72.92466349486904, 19.126366740013346], [72.92471255926293, 19.126241137062586], [72.92476823897985, 19.12611832344318], [72.9248303761896, 19.125998647283676], [72.92489879475748, 19.12588244781915], [72.92497330074366, 19.125770054429616], [72.92505368295281, 19.12566178570634], [72.92513971353283, 19.125557948548778], [72.9252311486207, 19.125458837294644], [72.9253277290337, 19.12536473288555], [72.92542918100419, 19.125275902070673], [72.92553521695552, 19.1251925966506], [72.92564553631728, 19.125115052763604], [72.92575982637723, 19.125043490216253], [72.92587776316779, 19.12497811186036], [72.92599901238432, 19.124919103017987], [72.92612323033273, 19.124866630956102], [72.92625006490377, 19.124820844412465], [72.92637915657106, 19.12478187317401], [72.92651013941023, 19.124749827708946], [72.92664264213619, 19.124724798853624], [72.9267762891556, 19.124706857555058], [72.92691070163141, 19.124696054669805], [72.92704549855691, 19.12469242081982], [72.92718029783553, 19.124695966305637], [72.9273147173641, 19.124706681077203], [72.92744837611583, 19.124724534762326], [72.92758089522049, 19.124749476752797], [72.92771189903827, 19.124781436347835], [72.92784101622462, 19.1248203229545], [72.92796788078284, 19.12486602634447], [72.92809213310156, 19.12491841696653], [72.92821342097409, 19.124977346313766], [72.92833140059678, 19.125042647344543], [72.92844573754354, 19.12511413495599], [72.92855610771392, 19.12519160650871], [72.92866219825163, 19.12527484240117], [72.92876370843156, 19.125363606692183], [72.92886035051205, 19.12545764776973], [72.92895185055063, 19.125556699064152], [72.92903794918051, 19.125660479803802], [72.92911840234575, 19.125768695810894], [72.92919298199311, 19.125881040335397], [72.92926147671851, 19.12599719492455], [72.92932369236617, 19.126116830325554], [72.9293794525791, 19.126239607418867], [72.92942859929892, 19.126365178179473], [72.9294709932139, 19.126493186663414], [72.92950651415389, 19.126623270016733], [72.92953506143091, 19.12675505950403], [72.92955655412462, 19.126888181553685], [72.92957093131164, 19.12702225881679], [72.92957815223828, 19.127156911236767], [72.92957819643603, 19.127291757126713], [72.9295710637796, 19.127426414251293], [72.9295567744873, 19.12756050091026], [72.92953536906366, 19.127693637020414], [72.92950690818468, 19.127825445192983], [72.92947147252582, 19.12795555180338], [72.92942916253332, 19.128083588050288], [72.92938009813943, 19.128209191001048], [72.92932441842251, 19.128332004620454], [72.92926228121276, 19.128451680779957], [72.92919386264488, 19.128567880244482], [72.9291193566587, 19.128680273634018], [72.92903897444955, 19.128788542357295], [72.92895294386953, 19.128892379514856], [72.92886150878167, 19.12899149076899], [72.92876492836866, 19.129085595178083], [72.92866347639817, 19.12917442599296], [72.92855744044684, 19.129257731413034], [72.92844712108509, 19.12933527530003], [72.92833283102513, 19.12940683784738], [72.92821489423457, 19.129472216203272], [72.92809364501804, 19.129531225045646], [72.92796942706963, 19.12958369710753], [72.92784259249859, 19.12962948365117], [72.9277135008313, 19.129668454889625], [72.92758251799214, 19.129700500354687], [72.92745001526617, 19.12972552921001], [72.92731636824676, 19.129743470508576], [72.92718195577095, 19.12975427339383], [72.92704715884545, 19.129757907243814], [72.92691235956683, 19.129754361757996], [72.92677794003826, 19.12974364698643], [72.92664428128653, 19.129725793301308], [72.92651176218187, 19.129700851310837], [72.92638075836409, 19.1296688917158], [72.92625164117774, 19.129630005109135], [72.92612477661952, 19.129584301719163], [72.9260005243008, 19.129531911097104], [72.92587923642827, 19.129472981749867]]]}, "properties": {"FEATUREID": "FS19000000038", "NAME": "Huma Cinnema LBS ROad", "TYPE": 2, "LOCATION": "Huma Cinnema LBS Road ,Bhandup West", "WARD": "S", "SUBTYPE": null, "DEPTH": null, "HEIGHT_TO_MSL": null, "AFFECT_AREA": null, "AFFECT_POPULATION": null, "AFFECTED_HUT": null, "AFFECT_ROAD": null, "AFFECT_RAIL": null, "NO_DE_WATER_PUMP": null, "REMARKS": "Will be tackeled before monsoon 26 (2025)"}}, {"type": "Feature", "geometry": {"type": "Polygon", "coordinates": [[[72.93213025419854, 19.119472518984747], [72.93203969410054, 19.119411399061566], [72.9319533253329, 19.119344487087037], [72.93187151773994, 19.11927206958851], [72.93179462163432, 19.119194456668836], [72.931722966297, 19.119111980678444], [72.93165685856711, 19.11902499479219], [72.93159658152808, 19.118933871497], [72.9315423932955, 19.118839000996804], [72.93149452591166, 19.11874078954165], [72.93145318435205, 19.118639657688075], [72.93141854564759, 19.118536038498192], [72.93139075812651, 19.118430375685282], [72.93136994077926, 19.118323121713736], [72.93135618274891, 19.118214735861525], [72.93134954294946, 19.118105682253503], [72.93135004981355, 19.11799642787397], [72.9313577011707, 19.117887440566943], [72.93137246425664, 19.11777918703281], [72.93139427585355, 19.117672130829817], [72.93142304256085, 19.11756673038907], [72.93145864119506, 19.117463437051427], [72.93150091931739, 19.117362693134826], [72.93154969588639, 19.11726493004018], [72.93160476203333, 19.11717056640407], [72.93166588195652, 19.117080006306075], [72.93173279393105, 19.11699363753843], [72.93180521142956, 19.116911829945472], [72.93188282434924, 19.116834933839858], [72.93196530033964, 19.11676327850253], [72.93205228622588, 19.116697170772632], [72.93214340952107, 19.11663689373362], [72.93223828002128, 19.116582705501028], [72.93233649147643, 19.116534838117186], [72.93243762333, 19.116493496557577], [72.93254124251989, 19.11645885785311], [72.9326469053328, 19.116431070332037], [72.93275415930434, 19.11641025298479], [72.93286254515655, 19.11639649495444], [72.93297159876458, 19.116389855154985], [72.93308085314412, 19.11639036201907], [72.93318984045113, 19.116398013376227], [72.93329809398527, 19.116412776462166], [72.93340515018826, 19.116434588059086], [72.93351055062901, 19.11646335476638], [72.93361384396665, 19.116498953400598], [72.93371458788326, 19.116541231522913], [72.9338123509779, 19.116590008091922], [72.93390671461401, 19.116645074238864], [72.93399727471201, 19.116706194162045], [72.93408364347965, 19.116773106136574], [72.93416545107262, 19.1168455236351], [72.93424234717823, 19.116923136554774], [72.93431400251555, 19.117005612545167], [72.93438011024544, 19.11709259843142], [72.93444038728447, 19.11718372172661], [72.93449457551705, 19.117278592226807], [72.93454244290089, 19.11737680368196], [72.9345837844605, 19.117477935535536], [72.93461842316496, 19.11758155472542], [72.93464621068604, 19.11768721753833], [72.93466702803329, 19.117794471509875], [72.93468078606364, 19.117902857362086], [72.93468742586309, 19.118011910970107], [72.934686918999, 19.118121165349642], [72.93467926764185, 19.11823015265667], [72.93466450455591, 19.1183384061908], [72.934642692959, 19.118445462393794], [72.9346139262517, 19.118550862834542], [72.93457832761749, 19.118654156172184], [72.93453604949516, 19.118754900088785], [72.93448727292616, 19.118852663183432], [72.93443220677922, 19.11894702681954], [72.93437108685603, 19.119037586917536], [72.9343041748815, 19.11912395568518], [72.93423175738299, 19.11920576327814], [72.9341541444633, 19.119282659383753], [72.93407166847291, 19.119354314721082], [72.93398468258667, 19.11942042245098], [72.93389355929148, 19.11948069948999], [72.93379868879127, 19.119534887722583], [72.93370047733612, 19.119582755106425], [72.93359934548255, 19.119624096666033], [72.93349572629266, 19.1196587353705], [72.93339006347975, 19.119686522891573], [72.93328280950821, 19.119707340238822], [72.933174423656, 19.11972109826917], [72.93306537004797, 19.119727738068626], [72.93295611566843, 19.11972723120454], [72.93284712836142, 19.119719579847384], [72.93273887482728, 19.119704816761445], [72.93263181862429, 19.119683005164525], [72.93252641818354, 19.11965423845723], [72.9324231248459, 19.119618639823013], [72.93232238092929, 19.119576361700698], [72.93222461783465, 19.11952758513169], [72.93213025419854, 19.119472518984747]]]}, "properties": {"FEATUREID": "FS19000000040", "NAME": "Kangutkar Chowk", "TYPE": 2, "LOCATION": "Kangutkar Chowk, Tagor Nagar, Vikhroli", "WARD": "S", "SUBTYPE": null, "DEPTH": null, "HEIGHT_TO_MSL": null, "AFFECT_AREA": null, "AFFECT_POPULATION": null, "AFFECTED_HUT": null, "AFFECT_ROAD": null, "AFFECT_RAIL": null, "NO_DE_WATER_PUMP": null, "REMARKS": "Will be tackeled before Monsoon 26 (2025)"}}, {"type": "Feature", "geometry": {"type": "Polygon", "coordinates": [[[72.93428672182756, 19.158651258585852], [72.93416999180523, 19.158611416248128], [72.93405577589755, 19.158564854070153], [72.93394446057496, 19.158511729603607], [72.9338364224933, 19.158452222604858], [72.93373202721924, 19.158386534426764], [72.93363162799334, 19.15831488733732], [72.9335355645348, 19.158237523767596], [72.93344416189194, 19.158154705491427], [72.93335772934239, 19.158066712739643], [72.93327655934654, 19.157973843251863], [72.93320092655794, 19.157876411269037], [72.93313108689404, 19.157774746470153], [72.93306727667012, 19.15766919285671], [72.93300971179978, 19.15756010758872], [72.93295858706436, 19.157447859776198], [72.93291407545374, 19.15733282923022], [72.93287632758114, 19.157215405177734], [72.93284547117341, 19.15709598494457], [72.93282161063887, 19.156974972610985], [72.932804826714, 19.15685277764442], [72.9327951761903, 19.15672981351396], [72.93279269172209, 19.156606496291293], [72.93279738171601, 19.156483243242874], [72.93280923030264, 19.156360471418], [72.93282819739007, 19.156238596237664], [72.9328542187997, 19.156118030088894], [72.93288720648333, 19.15599918092938], [72.93292704882104, 19.155882450907054], [72.93297361099901, 19.15576823499936], [72.93302673546557, 19.15565691967678], [72.93308624246431, 19.15554888159512], [72.93315193064241, 19.15544448632106], [72.93322357773185, 19.15534408709516], [72.93330094130158, 19.155248023636613], [72.93338375957775, 19.15515662099376], [72.93347175232952, 19.155070188444213], [72.93356462181731, 19.154989018448354], [72.93366205380013, 19.154913385659764], [72.93376371859902, 19.15484354599585], [72.93386927221246, 19.154779735771932], [72.93397835748046, 19.154722170901607], [72.93409060529298, 19.15467104616618], [72.93420563583895, 19.154626534555565], [72.93432305989144, 19.154588786682964], [72.9344424801246, 19.154557930275235], [72.9345634924582, 19.154534069740688], [72.93468568742476, 19.15451728581582], [72.93480865155522, 19.154507635292124], [72.93493196877787, 19.154505150823912], [72.9350552218263, 19.15450984081784], [72.93517799365118, 19.154521689404454], [72.9352998688315, 19.15454065649189], [72.93542043498027, 19.154566677901524], [72.9355392841398, 19.154599665585142], [72.93565601416212, 19.154639507922866], [72.9357702300698, 19.15468607010084], [72.93588154539239, 19.154739194567387], [72.93598958347405, 19.154798701566136], [72.93609397874812, 19.15486438974423], [72.93619437797402, 19.154936036833675], [72.93629044143256, 19.155013400403398], [72.93638184407541, 19.155096218679567], [72.93646827662496, 19.15518421143135], [72.93654944662082, 19.15527708091913], [72.93662507940941, 19.155374512901957], [72.93669491907332, 19.15547617770084], [72.93675872929724, 19.155581731314285], [72.93681629416757, 19.155690816582275], [72.93686741890299, 19.155803064394796], [72.93691193051362, 19.155918094940773], [72.93694967838621, 19.15603551899326], [72.93698053479395, 19.156154939226425], [72.93700439532849, 19.15627595156001], [72.93702117925335, 19.156398146526573], [72.93703082977706, 19.156521110657035], [72.93703331424527, 19.1566444278797], [72.93702862425134, 19.15676768092812], [72.93701677566472, 19.156890452752993], [72.93699780857729, 19.15701232793333], [72.93697178716765, 19.1571328940821], [72.93693879948404, 19.157251743241613], [72.93689895714631, 19.15736847326394], [72.93685239496834, 19.157482689171633], [72.93679927050178, 19.157594004494214], [72.93673976350304, 19.157702042575874], [72.93667407532494, 19.157806437849935], [72.9366024282355, 19.157906837075835], [72.93652506466577, 19.15800290053438], [72.9364422463896, 19.158094303177233], [72.93635425363783, 19.15818073572678], [72.93626138415004, 19.15826190572264], [72.93616395216722, 19.15833753851123], [72.93606228736833, 19.158407378175145], [72.93595673375489, 19.158471188399062], [72.9358476484869, 19.158528753269387], [72.93573540067437, 19.158579878004815], [72.9356203701284, 19.15862438961543], [72.93550294607591, 19.15866213748803], [72.93538352584275, 19.15869299389576], [72.93526251350916, 19.158716854430306], [72.9351403185426, 19.158733638355173], [72.93501735441214, 19.15874328887887], [72.93489403718948, 19.158745773347082], [72.93477078414105, 19.158741083353153], [72.93464801231617, 19.15872923476654], [72.93452613713585, 19.158710267679105], [72.93440557098708, 19.15868424626947], [72.93428672182756, 19.158651258585852]]]}, "properties": {"FEATUREID": "FS19000000041", "NAME": "Sunrise building", "TYPE": 2, "LOCATION": "Sunrise building, Lake Road, Bhandup West", "WARD": "S", "SUBTYPE": null, "DEPTH": null, "HEIGHT_TO_MSL": null, "AFFECT_AREA": null, "AFFECT_POPULATION": null, "AFFECTED_HUT": null, "AFFECT_ROAD": null, "AFFECT_RAIL": null, "NO_DE_WATER_PUMP": null, "REMARKS": "Will be tackeled before Monsoon 26 (2025)"}}, {"type": "Feature", "geometry": {"type": "Polygon", "coordinates": [[[72.93095985932408, 19.11560529783587], [72.9308734367938, 19.115540853649787], [72.9307914623693, 19.11547083864719], [72.93071429450389, 19.115395558985877], [72.930642270633, 19.11531534384465], [72.9305757056987, 19.115230543983913], [72.93051489077251, 19.11514153021188], [72.93046009178262, 19.115048691763125], [72.93041154835109, 19.114952434596567], [72.93036947274597, 19.1148531796203], [72.93033404895318, 19.114751360851088], [72.93030543187197, 19.114647423516494], [72.93028374663753, 19.11454182210804], [72.9302690880739, 19.114435018393817], [72.93026152027923, 19.114327479399293], [72.93026107634557, 19.114219675365128], [72.93026775821413, 19.11411207769093], [72.93028153666678, 19.114005156873958], [72.93030235145388, 19.113899380451738], [72.93033011155764, 19.11379521095765], [72.9303646955902, 19.113693103898385], [72.93040595232438, 19.113593505762136], [72.93045370135498, 19.113496852066213], [72.93050773388765, 19.113403565452632], [72.93056781365185, 19.113314053840018], [72.93063367793408, 19.113228708639884], [72.93070503872659, 19.113147903045068], [72.93078158398677, 19.11307199039788], [72.93086297900169, 19.113001302645014], [72.93094886785165, 19.11293614888602], [72.93103887496657, 19.112876814021714], [72.93113260676826, 19.11282355750836], [72.93122965339136, 19.112776612223136], [72.93132959047568, 19.112736183445836], [72.93143198102182, 19.112702447961215], [72.93153637730194, 19.112675553285964], [72.93164232281768, 19.11265561702365], [72.93174935429624, 19.11264272635048], [72.93185700371623, 19.112636937634086], [72.9319648003541, 19.112638276187056], [72.93207227284257, 19.112646736156233], [72.93217895123183, 19.112662280548324], [72.93228436904441, 19.112684841391662], [72.93238806531502, 19.11271432003342], [72.93248958660628, 19.112750587570993], [72.9325884889914, 19.11279348541567], [72.9326843399954, 19.11284282598609], [72.93277672048626, 19.112898393528493], [72.93286522650757, 19.112959945060155], [72.93294947104505, 19.11302721143189], [72.93302908571874, 19.113099898504966], [72.93310372239394, 19.11317768843731], [72.93317305470347, 19.11326024107334], [72.93323677947477, 19.113347195431384], [72.93329461805563, 19.11343817128216], [72.93334631753265, 19.113532770811414], [72.93339165183718, 19.113630580359477], [72.93343042273384, 19.113731172230082], [72.93346246068735, 19.113834106560578], [72.9334876256039, 19.113938933245322], [72.93350580744372, 19.114045193903895], [72.93351692670225, 19.11415242388547], [72.9335209347578, 19.11426015430063], [72.93351781408414, 19.114367914071675], [72.93350757832721, 19.114475231992547], [72.93349027224536, 19.11458163878928], [72.93346597151368, 19.114686669172023], [72.9334347823931, 19.114789863869643], [72.9333968412657, 19.11489077163798], [72.93335231403837, 19.11498895123304], [72.93330139541736, 19.115083973340433], [72.93324430805683, 19.11517542245266], [72.93318130158528, 19.115262898686023], [72.933112651514, 19.11534601952921], [72.93303865803226, 19.11542442151592], [72.93295964469475, 19.11549776181422], [72.93287595700667, 19.115565719725637], [72.932787960913, 19.115627998087525], [72.93269604119827, 19.11568432457245], [72.932600599804, 19.115734452879018], [72.93250205407114, 19.11577816380891], [72.93240083491507, 19.115815266225344], [72.93229738494144, 19.115845597888896], [72.93219215651062, 19.11586902616692], [72.93208560975982, 19.11588544861351], [72.93197821059084, 19.115894793417496], [72.93187042863292, 19.11589701971642], [72.93176273518915, 19.11589211777525], [72.93165560117554, 19.115880109028918], [72.93154949506189, 19.115861045988627], [72.93144488082322, 19.115835012012194], [72.931342215911, 19.115802120939577], [72.93124194925277, 19.115762516595066], [72.93114451928908, 19.115716372158385], [72.9310503520564, 19.115663889407415], [72.93095985932408, 19.11560529783587]]]}, "properties": {"FEATUREID": "FS19000000042", "NAME": "Kannamwar Nagar BMC Schhol", "TYPE": 2, "LOCATION": "Kannamwar Nagar BMC School, Vikhroli East", "WARD": "S", "SUBTYPE": null, "DEPTH": null, "HEIGHT_TO_MSL": null, "AFFECT_AREA": null, "AFFECT_POPULATION": null, "AFFECTED_HUT": null, "AFFECT_ROAD": null, "AFFECT_RAIL": null, "NO_DE_WATER_PUMP": null, "REMARKS": "Will be tackeled before Monsoon 26 (2025)"}}, {"type": "Feature", "geometry": {"type": "Polygon", "coordinates": [[[72.93971301050848, 19.136127089966468], [72.93959469164531, 19.136080547541386], [72.93947916857418, 19.13602744414457], [72.93936680477343, 19.13596794685896], [72.93925795378112, 19.135902242885024], [72.93915295808279, 19.13583053895177], [72.9390521480337, 19.135753060666303], [72.93895584081959, 19.135670051803977], [72.93886433945856, 19.135581773541375], [72.93877793184778, 19.135488503634576], [72.93869688985754, 19.135390535545213], [72.93862146847593, 19.13528817751714], [72.93855190500652, 19.135181751606577], [72.93848841832171, 19.135071592668822], [72.93843120817411, 19.13495804730464], [72.938380454568, 19.134841472769757], [72.93833631719302, 19.13472223585079], [72.93829893492166, 19.134600711711197], [72.9382684253724, 19.134477282710883], [72.93824488453954, 19.134352337203147], [72.93822838649126, 19.134226268312776], [72.93821898313654, 19.13409947269915], [72.93821670406179, 19.13397234930817], [72.93822155643784, 19.133845298117063], [72.93823352499732, 19.133718718875873], [72.93825257208269, 19.13359300984973], [72.9382786377648, 19.133468566565732], [72.93831164003134, 19.133345780568494], [72.93835147504501, 19.13322503818819], [72.93839801747009, 19.133106719325017], [72.9384511208669, 19.13299119625389], [72.93851061815252, 19.132878832453134], [72.93857632212645, 19.132769981460836], [72.93864802605971, 19.13266498576249], [72.93872550434517, 19.1325641757134], [72.9388085132075, 19.132467868499287], [72.9388967914701, 19.13237636713827], [72.9389900613769, 19.13228995952749], [72.93908802946626, 19.13220891753725], [72.93919038749434, 19.13213349615564], [72.9392968134049, 19.132063932686222], [72.93940697234265, 19.132000446001417], [72.93952051770684, 19.131943235853818], [72.93963709224172, 19.131892482247714], [72.93975632916069, 19.13184834487273], [72.93987785330027, 19.13181096260137], [72.9400012823006, 19.1317804530521], [72.94012622780834, 19.13175691221924], [72.9402522966987, 19.13174041417097], [72.94037909231233, 19.131731010816246], [72.94050621570331, 19.1317287317415], [72.94063326689442, 19.131733584117548], [72.9407598461356, 19.131745552677017], [72.94088555516174, 19.13176459976239], [72.94100999844575, 19.1317906654445], [72.94113278444298, 19.131823667711053], [72.94125352682329, 19.131863502724716], [72.94137184568646, 19.131910045149798], [72.94148736875759, 19.131963148546614], [72.94159973255834, 19.132022645832226], [72.94170858355065, 19.13208834980616], [72.94181357924899, 19.132160053739415], [72.94191438929808, 19.13223753202488], [72.94201069651218, 19.132320540887207], [72.94210219787321, 19.13240881914981], [72.94218860548399, 19.132502089056608], [72.94226964747423, 19.13260005714597], [72.94234506885584, 19.132702415174045], [72.94241463232525, 19.132808841084607], [72.94247811901006, 19.132919000022362], [72.94253532915766, 19.133032545386545], [72.94258608276377, 19.133149119921427], [72.94263022013875, 19.133268356840393], [72.94266760241011, 19.133389880979987], [72.94269811195937, 19.1335133099803], [72.94272165279223, 19.133638255488037], [72.94273815084051, 19.133764324378408], [72.94274755419524, 19.133891119992036], [72.94274983326999, 19.134018243383014], [72.94274498089393, 19.13414529457412], [72.94273301233446, 19.13427187381531], [72.94271396524908, 19.134397582841455], [72.94268789956698, 19.134522026125452], [72.94265489730043, 19.13464481212269], [72.94261506228676, 19.134765554502994], [72.94256851986168, 19.134883873366167], [72.94251541646487, 19.134999396437294], [72.94245591917925, 19.13511176023805], [72.94239021520532, 19.13522061123035], [72.94231851127206, 19.135325606928696], [72.9422410329866, 19.135426416977783], [72.94215802412427, 19.135522724191897], [72.94206974586167, 19.135614225552914], [72.94197647595487, 19.135700633163694], [72.94187850786551, 19.135781675153936], [72.94177614983744, 19.135857096535545], [72.94166972392688, 19.135926660004962], [72.94155956498912, 19.135990146689767], [72.94144601962493, 19.136047356837366], [72.94132944509005, 19.13609811044347], [72.94121020817109, 19.136142247818455], [72.9410886840315, 19.136179630089813], [72.94096525503117, 19.136210139639083], [72.94084030952344, 19.136233680471943], [72.94071424063307, 19.136250178520214], [72.94058744501945, 19.13625958187494], [72.94046032162846, 19.136261860949684], [72.94033327043735, 19.136257008573637], [72.94020669119617, 19.136245040014167], [72.94008098217003, 19.136225992928793], [72.93995653888602, 19.136199927246686], [72.93983375288879, 19.13616692498013], [72.93971301050848, 19.136127089966468]]]}, "properties": {"FEATUREID": "FS19000000043", "NAME": "Kanjur Village", "TYPE": 2, "LOCATION": "Kanjur Village, Kanjur East", "WARD": "S", "SUBTYPE": null, "DEPTH": null, "HEIGHT_TO_MSL": null, "AFFECT_AREA": null, "AFFECT_POPULATION": null, "AFFECTED_HUT": null, "AFFECT_ROAD": null, "AFFECT_RAIL": null, "NO_DE_WATER_PUMP": null, "REMARKS": "Will be tackeled before Monsoon 26 (2025)"}}]}