grid_id,first_wet_timestamp,first_flood_timestamp,peak_timestamp,peak_depth_m,nearest_node_peak_depth_proxy_m,flood_duration_minutes,first_hydraulic_overflow_proxy_timestamp,event_basis
22963,,,2005-07-26T02:15:00,,0.08905147016048431,,,HYDRAULIC_PROXY; no surface-water depth coupling
22964,,,2005-07-26T02:15:00,,0.08905147016048431,,,HYDRAULIC_PROXY; no surface-water depth coupling
23248,,,2005-07-26T04:15:00,,3.2317850589752197,,,HYDRAULIC_PROXY; no surface-water depth coupling
23249,,,2005-07-26T00:15:00,,5.529600143432617,,2005-07-26T00:15:00,HYDRAULIC_PROXY; no surface-water depth coupling
23250,,,2005-07-26T00:15:00,,5.529600143432617,,2005-07-26T00:15:00,HYDRAULIC_PROXY; no surface-water depth coupling
23251,,,2005-07-26T02:15:00,,0.08905147016048431,,,HYDRAULIC_PROXY; no surface-water depth coupling
23252,,,2005-07-26T02:15:00,,0.08905147016048431,,,HYDRAULIC_PROXY; no surface-water depth coupling
23253,,,2005-07-26T00:15:00,,0.0,,,HYDRAULIC_PROXY; no surface-water depth coupling
23536,,,2005-07-26T00:15:00,,5.529600143432617,,2005-07-26T00:15:00,HYDRAULIC_PROXY; no surface-water depth coupling
23537,,,2005-07-26T00:15:00,,5.529600143432617,,2005-07-26T00:15:00,HYDRAULIC_PROXY; no surface-water depth coupling
23538,,,2005-07-26T00:15:00,,5.529600143432617,,2005-07-26T00:15:00,HYDRAULIC_PROXY; no surface-water depth coupling
23539,,,2005-07-26T00:15:00,,5.529600143432617,,2005-07-26T00:15:00,HYDRAULIC_PROXY; no surface-water depth coupling
23540,,,2005-07-26T00:15:00,,0.0,,,HYDRAULIC_PROXY; no surface-water depth coupling
23541,,,2005-07-26T00:15:00,,0.0,,,HYDRAULIC_PROXY; no surface-water depth coupling
23542,,,2005-07-26T00:15:00,,0.0,,,HYDRAULIC_PROXY; no surface-water depth coupling
23543,,,2005-07-26T00:15:00,,0.0,,,HYDRAULIC_PROXY; no surface-water depth coupling
23823,,,2005-07-26T05:30:00,,1.095546841621399,,,HYDRAULIC_PROXY; no surface-water depth coupling
23824,,,2005-07-26T00:15:00,,5.529600143432617,,2005-07-26T00:15:00,HYDRAULIC_PROXY; no surface-water depth coupling
23825,,,2005-07-26T00:15:00,,5.529600143432617,,2005-07-26T00:15:00,HYDRAULIC_PROXY; no surface-water depth coupling
23826,,,2005-07-26T00:15:00,,5.529600143432617,,2005-07-26T00:15:00,HYDRAULIC_PROXY; no surface-water depth coupling
23827,,,2005-07-26T00:15:00,,0.0,,,HYDRAULIC_PROXY; no surface-water depth coupling
23828,,,2005-07-26T00:15:00,,0.0,,,HYDRAULIC_PROXY; no surface-water depth coupling
23829,,,2005-07-26T00:15:00,,0.0,,,HYDRAULIC_PROXY; no surface-water depth coupling
23830,,,2005-07-26T06:00:00,,0.17978067696094513,,,HYDRAULIC_PROXY; no surface-water depth coupling
23831,,,2005-07-26T06:00:00,,0.17978067696094513,,,HYDRAULIC_PROXY; no surface-water depth coupling
23832,,,2005-07-26T06:00:00,,0.17978067696094513,,,HYDRAULIC_PROXY; no surface-water depth coupling
24105,,,2005-07-26T05:30:00,,1.095546841621399,,,HYDRAULIC_PROXY; no surface-water depth coupling
24106,,,2005-07-26T05:30:00,,1.095546841621399,,,HYDRAULIC_PROXY; no surface-water depth coupling
24107,,,2005-07-26T05:30:00,,1.095546841621399,,,HYDRAULIC_PROXY; no surface-water depth coupling
24108,,,2005-07-26T00:15:00,,5.529600143432617,,2005-07-26T00:15:00,HYDRAULIC_PROXY; no surface-water depth coupling
24109,,,2005-07-26T00:15:00,,5.529600143432617,,2005-07-26T00:15:00,HYDRAULIC_PROXY; no surface-water depth coupling
24110,,,2005-07-26T00:15:00,,0.0,,,HYDRAULIC_PROXY; no surface-water depth coupling
24111,,,2005-07-26T00:15:00,,0.0,,,HYDRAULIC_PROXY; no surface-water depth coupling
24112,,,2005-07-26T00:15:00,,0.0,,,HYDRAULIC_PROXY; no surface-water depth coupling
24113,,,2005-07-26T06:00:00,,0.17978067696094513,,,HYDRAULIC_PROXY; no surface-water depth coupling
24114,,,2005-07-26T06:00:00,,0.17978067696094513,,,HYDRAULIC_PROXY; no surface-water depth coupling
24115,,,2005-07-26T06:00:00,,0.17978067696094513,,,HYDRAULIC_PROXY; no surface-water depth coupling
24116,,,2005-07-26T06:00:00,,0.17978067696094513,,,HYDRAULIC_PROXY; no surface-water depth coupling
24117,,,2005-07-26T06:00:00,,0.25339987874031067,,,HYDRAULIC_PROXY; no surface-water depth coupling
24118,,,2005-07-26T06:00:00,,0.25339987874031067,,,HYDRAULIC_PROXY; no surface-water depth coupling
24387,,,2005-07-26T05:30:00,,1.2536603212356567,,,HYDRAULIC_PROXY; no surface-water depth coupling
24388,,,2005-07-26T05:30:00,,1.2603920698165894,,,HYDRAULIC_PROXY; no surface-water depth coupling
24389,,,2005-07-26T05:45:00,,1.2669941186904907,,,HYDRAULIC_PROXY; no surface-water depth coupling
24390,,,2005-07-26T05:30:00,,1.269957423210144,,,HYDRAULIC_PROXY; no surface-water depth coupling
24391,,,2005-07-26T05:45:00,,1.2763290405273438,,,HYDRAULIC_PROXY; no surface-water depth coupling
24392,,,2005-07-26T00:15:00,,0.0,,,HYDRAULIC_PROXY; no surface-water depth coupling
24393,,,2005-07-26T00:15:00,,0.0,,,HYDRAULIC_PROXY; no surface-water depth coupling
24394,,,2005-07-26T06:00:00,,0.17978067696094513,,,HYDRAULIC_PROXY; no surface-water depth coupling
24395,,,2005-07-26T06:00:00,,0.17978067696094513,,,HYDRAULIC_PROXY; no surface-water depth coupling
24396,,,2005-07-26T06:00:00,,0.17978067696094513,,,HYDRAULIC_PROXY; no surface-water depth coupling
24397,,,2005-07-26T06:00:00,,0.17978067696094513,,,HYDRAULIC_PROXY; no surface-water depth coupling
24398,,,2005-07-26T06:00:00,,0.17978067696094513,,,HYDRAULIC_PROXY; no surface-water depth coupling
24399,,,2005-07-26T06:00:00,,0.17978067696094513,,,HYDRAULIC_PROXY; no surface-water depth coupling
24400,,,2005-07-26T06:00:00,,0.25339987874031067,,,HYDRAULIC_PROXY; no surface-water depth coupling
24401,,,2005-07-26T06:00:00,,0.25339987874031067,,,HYDRAULIC_PROXY; no surface-water depth coupling
24402,,,2005-07-26T06:00:00,,0.25339987874031067,,,HYDRAULIC_PROXY; no surface-water depth coupling
24668,,,2005-07-26T05:30:00,,1.269957423210144,,,HYDRAULIC_PROXY; no surface-water depth coupling
24669,,,2005-07-26T05:45:00,,1.2755507230758667,,,HYDRAULIC_PROXY; no surface-water depth coupling
24670,,,2005-07-26T05:45:00,,1.2763290405273438,,,HYDRAULIC_PROXY; no surface-water depth coupling
24671,,,2005-07-26T05:30:00,,1.2720911502838135,,,HYDRAULIC_PROXY; no surface-water depth coupling
24672,,,2005-07-26T05:30:00,,1.2657921314239502,,,HYDRAULIC_PROXY; no surface-water depth coupling
24673,,,2005-07-26T04:45:00,,1.1497251987457275,,,HYDRAULIC_PROXY; no surface-water depth coupling
24674,,,2005-07-26T04:45:00,,1.1467055082321167,,,HYDRAULIC_PROXY; no surface-water depth coupling
24675,,,2005-07-26T06:00:00,,0.17978067696094513,,,HYDRAULIC_PROXY; no surface-water depth coupling
24676,,,2005-07-26T06:00:00,,0.17978067696094513,,,HYDRAULIC_PROXY; no surface-water depth coupling
24677,,,2005-07-26T06:00:00,,0.17978067696094513,,,HYDRAULIC_PROXY; no surface-water depth coupling
24678,,,2005-07-26T06:00:00,,0.17978067696094513,,,HYDRAULIC_PROXY; no surface-water depth coupling
24679,,,2005-07-26T06:00:00,,0.17978067696094513,,,HYDRAULIC_PROXY; no surface-water depth coupling
24680,,,2005-07-26T06:00:00,,0.17978067696094513,,,HYDRAULIC_PROXY; no surface-water depth coupling
24681,,,2005-07-26T06:00:00,,0.17978067696094513,,,HYDRAULIC_PROXY; no surface-water depth coupling
24682,,,2005-07-26T06:00:00,,0.17978067696094513,,,HYDRAULIC_PROXY; no surface-water depth coupling
24683,,,2005-07-26T06:00:00,,0.25339987874031067,,,HYDRAULIC_PROXY; no surface-water depth coupling
24684,,,2005-07-26T06:00:00,,0.09712666273117065,,,HYDRAULIC_PROXY; no surface-water depth coupling
24685,,,2005-07-26T06:00:00,,0.09712666273117065,,,HYDRAULIC_PROXY; no surface-water depth coupling
24692,,,2005-07-26T05:45:00,,0.08214700222015381,,,HYDRAULIC_PROXY; no surface-water depth coupling
24693,,,2005-07-26T05:45:00,,0.08214700222015381,,,HYDRAULIC_PROXY; no surface-water depth coupling
24694,,,2005-07-26T00:15:00,,0.0,,,HYDRAULIC_PROXY; no surface-water depth coupling
24695,,,2005-07-26T00:15:00,,0.0,,,HYDRAULIC_PROXY; no surface-water depth coupling
24945,,,2005-07-26T05:45:00,,1.2763290405273438,,,HYDRAULIC_PROXY; no surface-water depth coupling
24946,,,2005-07-26T05:30:00,,1.2720911502838135,,,HYDRAULIC_PROXY; no surface-water depth coupling
24947,,,2005-07-26T05:30:00,,1.2657921314239502,,,HYDRAULIC_PROXY; no surface-water depth coupling
24948,,,2005-07-26T05:45:00,,1.2489709854125977,,,HYDRAULIC_PROXY; no surface-water depth coupling
24949,,,2005-07-26T05:45:00,,1.2389169931411743,,,HYDRAULIC_PROXY; no surface-water depth coupling
24950,,,2005-07-26T05:15:00,,1.1144614219665527,,,HYDRAULIC_PROXY; no surface-water depth coupling
24951,,,2005-07-26T04:45:00,,1.1497251987457275,,,HYDRAULIC_PROXY; no surface-water depth coupling
24952,,,2005-07-26T04:45:00,,1.1467055082321167,,,HYDRAULIC_PROXY; no surface-water depth coupling
24953,,,2005-07-26T05:45:00,,1.1442327499389648,,,HYDRAULIC_PROXY; no surface-water depth coupling
24954,,,2005-07-26T05:45:00,,1.1442327499389648,,,HYDRAULIC_PROXY; no surface-water depth coupling
24955,,,2005-07-26T06:00:00,,0.17978067696094513,,,HYDRAULIC_PROXY; no surface-water depth coupling
24956,,,2005-07-26T06:00:00,,0.17978067696094513,,,HYDRAULIC_PROXY; no surface-water depth coupling
24957,,,2005-07-26T06:00:00,,0.17978067696094513,,,HYDRAULIC_PROXY; no surface-water depth coupling
24958,,,2005-07-26T06:00:00,,0.17978067696094513,,,HYDRAULIC_PROXY; no surface-water depth coupling
24959,,,2005-07-26T05:30:00,,0.8903213143348694,,,HYDRAULIC_PROXY; no surface-water depth coupling
24960,,,2005-07-26T05:30:00,,0.8903213143348694,,,HYDRAULIC_PROXY; no surface-water depth coupling
24961,,,2005-07-26T05:30:00,,0.8903213143348694,,,HYDRAULIC_PROXY; no surface-water depth coupling
24962,,,2005-07-26T06:00:00,,0.09712666273117065,,,HYDRAULIC_PROXY; no surface-water depth coupling
24963,,,2005-07-26T06:00:00,,0.09712666273117065,,,HYDRAULIC_PROXY; no surface-water depth coupling
24964,,,2005-07-26T06:00:00,,0.09712666273117065,,,HYDRAULIC_PROXY; no surface-water depth coupling
24965,,,2005-07-26T06:00:00,,0.09712666273117065,,,HYDRAULIC_PROXY; no surface-water depth coupling
24966,,,2005-07-26T05:45:00,,0.14281556010246277,,,HYDRAULIC_PROXY; no surface-water depth coupling
24967,,,2005-07-26T05:45:00,,0.08214700222015381,,,HYDRAULIC_PROXY; no surface-water depth coupling
24968,,,2005-07-26T05:45:00,,0.08214700222015381,,,HYDRAULIC_PROXY; no surface-water depth coupling
24969,,,2005-07-26T05:45:00,,0.08214700222015381,,,HYDRAULIC_PROXY; no surface-water depth coupling
24970,,,2005-07-26T05:45:00,,0.08214700222015381,,,HYDRAULIC_PROXY; no surface-water depth coupling
24971,,,2005-07-26T05:45:00,,0.08214700222015381,,,HYDRAULIC_PROXY; no surface-water depth coupling
24972,,,2005-07-26T00:15:00,,0.0,,,HYDRAULIC_PROXY; no surface-water depth coupling
24973,,,2005-07-26T00:15:00,,0.0,,,HYDRAULIC_PROXY; no surface-water depth coupling
24974,,,2005-07-26T00:15:00,,0.0,,,HYDRAULIC_PROXY; no surface-water depth coupling
25224,,,2005-07-26T05:45:00,,1.2489709854125977,,,HYDRAULIC_PROXY; no surface-water depth coupling
25225,,,2005-07-26T05:45:00,,1.2389169931411743,,,HYDRAULIC_PROXY; no surface-water depth coupling
25226,,,2005-07-26T05:45:00,,1.2219785451889038,,,HYDRAULIC_PROXY; no surface-water depth coupling
25227,,,2005-07-26T05:45:00,,1.2090657949447632,,,HYDRAULIC_PROXY; no surface-water depth coupling
25228,,,2005-07-26T05:30:00,,1.1833183765411377,,,HYDRAULIC_PROXY; no surface-water depth coupling
25229,,,2005-07-26T05:15:00,,1.1144614219665527,,,HYDRAULIC_PROXY; no surface-water depth coupling
25230,,,2005-07-26T04:45:00,,1.1497251987457275,,,HYDRAULIC_PROXY; no surface-water depth coupling
25231,,,2005-07-26T04:45:00,,1.1467055082321167,,,HYDRAULIC_PROXY; no surface-water depth coupling
25232,,,2005-07-26T05:45:00,,1.1442327499389648,,,HYDRAULIC_PROXY; no surface-water depth coupling
25233,,,2005-07-26T05:45:00,,1.1442327499389648,,,HYDRAULIC_PROXY; no surface-water depth coupling
25234,,,2005-07-26T05:45:00,,1.1415141820907593,,,HYDRAULIC_PROXY; no surface-water depth coupling
25235,,,2005-07-26T05:30:00,,0.8984894156455994,,,HYDRAULIC_PROXY; no surface-water depth coupling
25236,,,2005-07-26T05:30:00,,0.8984894156455994,,,HYDRAULIC_PROXY; no surface-water depth coupling
25237,,,2005-07-26T05:30:00,,0.8903213143348694,,,HYDRAULIC_PROXY; no surface-water depth coupling
25238,,,2005-07-26T05:30:00,,0.8903213143348694,,,HYDRAULIC_PROXY; no surface-water depth coupling
25239,,,2005-07-26T05:30:00,,0.8903213143348694,,,HYDRAULIC_PROXY; no surface-water depth coupling
25240,,,2005-07-26T05:30:00,,0.8903213143348694,,,HYDRAULIC_PROXY; no surface-water depth coupling
25241,,,2005-07-26T05:30:00,,0.8903213143348694,,,HYDRAULIC_PROXY; no surface-water depth coupling
25242,,,2005-07-26T05:45:00,,0.14281556010246277,,,HYDRAULIC_PROXY; no surface-water depth coupling
25243,,,2005-07-26T05:45:00,,0.14281556010246277,,,HYDRAULIC_PROXY; no surface-water depth coupling
25244,,,2005-07-26T05:45:00,,0.08214700222015381,,,HYDRAULIC_PROXY; no surface-water depth coupling
25245,,,2005-07-26T05:45:00,,0.08214700222015381,,,HYDRAULIC_PROXY; no surface-water depth coupling
25246,,,2005-07-26T05:45:00,,0.08214700222015381,,,HYDRAULIC_PROXY; no surface-water depth coupling
25247,,,2005-07-26T05:45:00,,0.08214700222015381,,,HYDRAULIC_PROXY; no surface-water depth coupling
25248,,,2005-07-26T05:45:00,,0.08214700222015381,,,HYDRAULIC_PROXY; no surface-water depth coupling
25249,,,2005-07-26T05:45:00,,0.08214700222015381,,,HYDRAULIC_PROXY; no surface-water depth coupling
25250,,,2005-07-26T05:45:00,,0.08214700222015381,,,HYDRAULIC_PROXY; no surface-water depth coupling
25251,,,2005-07-26T00:15:00,,0.0,,,HYDRAULIC_PROXY; no surface-water depth coupling
25252,,,2005-07-26T00:15:00,,0.0,,,HYDRAULIC_PROXY; no surface-water depth coupling
25253,,,2005-07-26T05:00:00,,0.5136839747428894,,,HYDRAULIC_PROXY; no surface-water depth coupling
25501,,,2005-07-26T04:45:00,,1.0554109811782837,,,HYDRAULIC_PROXY; no surface-water depth coupling
25502,,,2005-07-26T05:45:00,,1.2090657949447632,,,HYDRAULIC_PROXY; no surface-water depth coupling
25503,,,2005-07-26T05:30:00,,1.1833183765411377,,,HYDRAULIC_PROXY; no surface-water depth coupling
25504,,,2005-07-26T05:45:00,,1.1216962337493896,,,HYDRAULIC_PROXY; no surface-water depth coupling
25505,,,2005-07-26T05:45:00,,1.1216962337493896,,,HYDRAULIC_PROXY; no surface-water depth coupling
25506,,,2005-07-26T05:45:00,,1.067164659500122,,,HYDRAULIC_PROXY; no surface-water depth coupling
25507,,,2005-07-26T05:15:00,,1.1144614219665527,,,HYDRAULIC_PROXY; no surface-water depth coupling
25508,,,2005-07-26T04:45:00,,1.1497251987457275,,,HYDRAULIC_PROXY; no surface-water depth coupling
25509,,,2005-07-26T04:45:00,,1.1467055082321167,,,HYDRAULIC_PROXY; no surface-water depth coupling
25510,,,2005-07-26T05:45:00,,1.1442327499389648,,,HYDRAULIC_PROXY; no surface-water depth coupling
25511,,,2005-07-26T05:45:00,,1.1415141820907593,,,HYDRAULIC_PROXY; no surface-water depth coupling
25512,,,2005-07-26T05:45:00,,1.1294221878051758,,,HYDRAULIC_PROXY; no surface-water depth coupling
25513,,,2005-07-26T05:30:00,,0.8984894156455994,,,HYDRAULIC_PROXY; no surface-water depth coupling
25514,,,2005-07-26T05:30:00,,0.8984894156455994,,,HYDRAULIC_PROXY; no surface-water depth coupling
25515,,,2005-07-26T05:30:00,,0.8903213143348694,,,HYDRAULIC_PROXY; no surface-water depth coupling
25516,,,2005-07-26T05:30:00,,0.8903213143348694,,,HYDRAULIC_PROXY; no surface-water depth coupling
25517,,,2005-07-26T05:30:00,,0.8903213143348694,,,HYDRAULIC_PROXY; no surface-water depth coupling
25518,,,2005-07-26T05:30:00,,0.8903213143348694,,,HYDRAULIC_PROXY; no surface-water depth coupling
25519,,,2005-07-26T05:30:00,,0.8903213143348694,,,HYDRAULIC_PROXY; no surface-water depth coupling
25520,,,2005-07-26T05:45:00,,0.18425539135932922,,,HYDRAULIC_PROXY; no surface-water depth coupling
25521,,,2005-07-26T05:45:00,,0.18425539135932922,,,HYDRAULIC_PROXY; no surface-water depth coupling
25522,,,2005-07-26T05:45:00,,0.08214700222015381,,,HYDRAULIC_PROXY; no surface-water depth coupling
25523,,,2005-07-26T05:45:00,,0.08214700222015381,,,HYDRAULIC_PROXY; no surface-water depth coupling
25524,,,2005-07-26T05:45:00,,0.08214700222015381,,,HYDRAULIC_PROXY; no surface-water depth coupling
25525,,,2005-07-26T05:45:00,,0.08214700222015381,,,HYDRAULIC_PROXY; no surface-water depth coupling
25526,,,2005-07-26T05:45:00,,0.08214700222015381,,,HYDRAULIC_PROXY; no surface-water depth coupling
25527,,,2005-07-26T05:45:00,,0.08214700222015381,,,HYDRAULIC_PROXY; no surface-water depth coupling
25528,,,2005-07-26T05:00:00,,0.5136839747428894,,,HYDRAULIC_PROXY; no surface-water depth coupling
25529,,,2005-07-26T05:00:00,,0.5136839747428894,,,HYDRAULIC_PROXY; no surface-water depth coupling
25530,,,2005-07-26T05:00:00,,0.5136839747428894,,,HYDRAULIC_PROXY; no surface-water depth coupling
25531,,,2005-07-26T05:00:00,,0.5136839747428894,,,HYDRAULIC_PROXY; no surface-water depth coupling
25532,,,2005-07-26T00:15:00,,0.0,,,HYDRAULIC_PROXY; no surface-water depth coupling
25778,,,2005-07-26T04:45:00,,1.0447763204574585,,,HYDRAULIC_PROXY; no surface-water depth coupling
25779,,,2005-07-26T04:00:00,,1.0655286312103271,,,HYDRAULIC_PROXY; no surface-water depth coupling
25780,,,2005-07-26T05:45:00,,1.0729789733886719,,,HYDRAULIC_PROXY; no surface-water depth coupling
25781,,,2005-07-26T05:30:00,,1.013847827911377,,,HYDRAULIC_PROXY; no surface-water depth coupling
25782,,,2005-07-26T04:00:00,,0.9531809091567993,,,HYDRAULIC_PROXY; no surface-water depth coupling
25783,,,2005-07-26T05:45:00,,1.067164659500122,,,HYDRAULIC_PROXY; no surface-water depth coupling
25784,,,2005-07-26T05:15:00,,1.1001428365707397,,,HYDRAULIC_PROXY; no surface-water depth coupling
25785,,,2005-07-26T04:45:00,,1.1497251987457275,,,HYDRAULIC_PROXY; no surface-water depth coupling
25786,,,2005-07-26T05:45:00,,1.1442327499389648,,,HYDRAULIC_PROXY; no surface-water depth coupling
25787,,,2005-07-26T05:45:00,,1.1415141820907593,,,HYDRAULIC_PROXY; no surface-water depth coupling
25788,,,2005-07-26T05:45:00,,1.1294221878051758,,,HYDRAULIC_PROXY; no surface-water depth coupling
25789,,,2005-07-26T03:30:00,,1.1267154216766357,,,HYDRAULIC_PROXY; no surface-water depth coupling
25790,,,2005-07-26T05:15:00,,0.8967483043670654,,,HYDRAULIC_PROXY; no surface-water depth coupling
25791,,,2005-07-26T05:30:00,,0.8984894156455994,,,HYDRAULIC_PROXY; no surface-water depth coupling
25792,,,2005-07-26T05:30:00,,0.8903213143348694,,,HYDRAULIC_PROXY; no surface-water depth coupling
25793,,,2005-07-26T05:30:00,,0.8903213143348694,,,HYDRAULIC_PROXY; no surface-water depth coupling
25794,,,2005-07-26T05:30:00,,0.8903213143348694,,,HYDRAULIC_PROXY; no surface-water depth coupling
25795,,,2005-07-26T05:30:00,,0.8903213143348694,,,HYDRAULIC_PROXY; no surface-water depth coupling
25796,,,2005-07-26T05:30:00,,0.8903213143348694,,,HYDRAULIC_PROXY; no surface-water depth coupling
25797,,,2005-07-26T05:45:00,,0.18425539135932922,,,HYDRAULIC_PROXY; no surface-water depth coupling
25798,,,2005-07-26T05:45:00,,0.18425539135932922,,,HYDRAULIC_PROXY; no surface-water depth coupling
25799,,,2005-07-26T05:45:00,,0.18425539135932922,,,HYDRAULIC_PROXY; no surface-water depth coupling
25800,,,2005-07-26T05:45:00,,0.18425539135932922,,,HYDRAULIC_PROXY; no surface-water depth coupling
25801,,,2005-07-26T05:45:00,,0.18425539135932922,,,HYDRAULIC_PROXY; no surface-water depth coupling
25802,,,2005-07-26T05:45:00,,0.18425539135932922,,,HYDRAULIC_PROXY; no surface-water depth coupling
25803,,,2005-07-26T05:45:00,,0.08214700222015381,,,HYDRAULIC_PROXY; no surface-water depth coupling
25804,,,2005-07-26T05:00:00,,0.5136839747428894,,,HYDRAULIC_PROXY; no surface-water depth coupling
25805,,,2005-07-26T05:00:00,,0.5136839747428894,,,HYDRAULIC_PROXY; no surface-water depth coupling
25806,,,2005-07-26T05:00:00,,0.5136839747428894,,,HYDRAULIC_PROXY; no surface-water depth coupling
25807,,,2005-07-26T05:00:00,,0.5136839747428894,,,HYDRAULIC_PROXY; no surface-water depth coupling
25808,,,2005-07-26T05:00:00,,0.5136839747428894,,,HYDRAULIC_PROXY; no surface-water depth coupling
25809,,,2005-07-26T05:00:00,,0.5357258319854736,,,HYDRAULIC_PROXY; no surface-water depth coupling
25810,,,2005-07-26T00:15:00,,0.0,,,HYDRAULIC_PROXY; no surface-water depth coupling
26054,,,2005-07-26T05:45:00,,0.9842769503593445,,,HYDRAULIC_PROXY; no surface-water depth coupling
26055,,,2005-07-26T04:45:00,,1.0309404134750366,,,HYDRAULIC_PROXY; no surface-water depth coupling
26057,,,2005-07-26T05:45:00,,1.0927165746688843,,,HYDRAULIC_PROXY; no surface-water depth coupling
26058,,,2005-07-26T05:45:00,,0.36464449763298035,,,HYDRAULIC_PROXY; no surface-water depth coupling
26059,,,2005-07-26T04:00:00,,0.9531809091567993,,,HYDRAULIC_PROXY; no surface-water depth coupling
26060,,,2005-07-26T04:00:00,,1.0473575592041016,,,HYDRAULIC_PROXY; no surface-water depth coupling
26061,,,2005-07-26T05:15:00,,1.1001428365707397,,,HYDRAULIC_PROXY; no surface-water depth coupling
26062,,,2005-07-26T04:45:00,,1.1467055082321167,,,HYDRAULIC_PROXY; no surface-water depth coupling
26063,,,2005-07-26T05:45:00,,1.1415141820907593,,,HYDRAULIC_PROXY; no surface-water depth coupling
26064,,,2005-07-26T05:45:00,,1.1294221878051758,,,HYDRAULIC_PROXY; no surface-water depth coupling
26065,,,2005-07-26T03:30:00,,1.1267154216766357,,,HYDRAULIC_PROXY; no surface-water depth coupling
26066,,,2005-07-26T05:15:00,,0.8725231885910034,,,HYDRAULIC_PROXY; no surface-water depth coupling
26067,,,2005-07-26T05:15:00,,0.8967483043670654,,,HYDRAULIC_PROXY; no surface-water depth coupling
26068,,,2005-07-26T05:30:00,,0.8984894156455994,,,HYDRAULIC_PROXY; no surface-water depth coupling
26069,,,2005-07-26T05:30:00,,0.8903213143348694,,,HYDRAULIC_PROXY; no surface-water depth coupling
26070,,,2005-07-26T05:30:00,,0.8903213143348694,,,HYDRAULIC_PROXY; no surface-water depth coupling
26071,,,2005-07-26T05:30:00,,0.8903213143348694,,,HYDRAULIC_PROXY; no surface-water depth coupling
26072,,,2005-07-26T05:30:00,,0.8903213143348694,,,HYDRAULIC_PROXY; no surface-water depth coupling
26073,,,2005-07-26T05:30:00,,0.8903213143348694,,,HYDRAULIC_PROXY; no surface-water depth coupling
26074,,,2005-07-26T05:45:00,,0.28823646903038025,,,HYDRAULIC_PROXY; no surface-water depth coupling
26075,,,2005-07-26T05:45:00,,0.18425539135932922,,,HYDRAULIC_PROXY; no surface-water depth coupling
26076,,,2005-07-26T05:45:00,,0.18425539135932922,,,HYDRAULIC_PROXY; no surface-water depth coupling
26077,,,2005-07-26T05:45:00,,0.18425539135932922,,,HYDRAULIC_PROXY; no surface-water depth coupling
26078,,,2005-07-26T05:45:00,,0.18425539135932922,,,HYDRAULIC_PROXY; no surface-water depth coupling
26079,,,2005-07-26T05:45:00,,0.18425539135932922,,,HYDRAULIC_PROXY; no surface-water depth coupling
26080,,,2005-07-26T06:00:00,,0.6560428738594055,,,HYDRAULIC_PROXY; no surface-water depth coupling
26081,,,2005-07-26T06:00:00,,0.6560428738594055,,,HYDRAULIC_PROXY; no surface-water depth coupling
26082,,,2005-07-26T05:00:00,,0.5136839747428894,,,HYDRAULIC_PROXY; no surface-water depth coupling
26083,,,2005-07-26T05:00:00,,0.5136839747428894,,,HYDRAULIC_PROXY; no surface-water depth coupling
26084,,,2005-07-26T05:00:00,,0.5136839747428894,,,HYDRAULIC_PROXY; no surface-water depth coupling
26085,,,2005-07-26T05:00:00,,0.5229990482330322,,,HYDRAULIC_PROXY; no surface-water depth coupling
26086,,,2005-07-26T04:45:00,,0.5617629885673523,,,HYDRAULIC_PROXY; no surface-water depth coupling
26087,,,2005-07-26T05:15:00,,0.4816587269306183,,,HYDRAULIC_PROXY; no surface-water depth coupling
26336,,,2005-07-26T04:00:00,,0.9531809091567993,,,HYDRAULIC_PROXY; no surface-water depth coupling
26337,,,2005-07-26T04:00:00,,1.0255391597747803,,,HYDRAULIC_PROXY; no surface-water depth coupling
26338,,,2005-07-26T05:15:00,,1.1001428365707397,,,HYDRAULIC_PROXY; no surface-water depth coupling
26339,,,2005-07-26T05:45:00,,1.1415141820907593,,,HYDRAULIC_PROXY; no surface-water depth coupling
26340,,,2005-07-26T05:45:00,,1.1319364309310913,,,HYDRAULIC_PROXY; no surface-water depth coupling
26341,,,2005-07-26T03:30:00,,1.1237900257110596,,,HYDRAULIC_PROXY; no surface-water depth coupling
26342,,,2005-07-26T05:45:00,,1.1143603324890137,,,HYDRAULIC_PROXY; no surface-water depth coupling
26343,,,2005-07-26T05:15:00,,0.8412169814109802,,,HYDRAULIC_PROXY; no surface-water depth coupling
26344,,,2005-07-26T05:30:00,,0.887826144695282,,,HYDRAULIC_PROXY; no surface-water depth coupling
26345,,,2005-07-26T05:30:00,,0.8984894156455994,,,HYDRAULIC_PROXY; no surface-water depth coupling
26346,,,2005-07-26T05:30:00,,0.8903213143348694,,,HYDRAULIC_PROXY; no surface-water depth coupling
26347,,,2005-07-26T05:30:00,,0.8903213143348694,,,HYDRAULIC_PROXY; no surface-water depth coupling
26348,,,2005-07-26T05:30:00,,0.8903213143348694,,,HYDRAULIC_PROXY; no surface-water depth coupling
26349,,,2005-07-26T05:30:00,,0.8903213143348694,,,HYDRAULIC_PROXY; no surface-water depth coupling
26350,,,2005-07-26T05:30:00,,0.8903213143348694,,,HYDRAULIC_PROXY; no surface-water depth coupling
26351,,,2005-07-26T05:45:00,,0.49791401624679565,,,HYDRAULIC_PROXY; no surface-water depth coupling
26352,,,2005-07-26T05:45:00,,0.27066370844841003,,,HYDRAULIC_PROXY; no surface-water depth coupling
26353,,,2005-07-26T05:45:00,,0.18425539135932922,,,HYDRAULIC_PROXY; no surface-water depth coupling
26354,,,2005-07-26T05:45:00,,0.18425539135932922,,,HYDRAULIC_PROXY; no surface-water depth coupling
26355,,,2005-07-26T05:45:00,,0.18425539135932922,,,HYDRAULIC_PROXY; no surface-water depth coupling
26356,,,2005-07-26T05:45:00,,0.18425539135932922,,,HYDRAULIC_PROXY; no surface-water depth coupling
26357,,,2005-07-26T06:00:00,,0.6560428738594055,,,HYDRAULIC_PROXY; no surface-water depth coupling
26358,,,2005-07-26T06:00:00,,0.6560428738594055,,,HYDRAULIC_PROXY; no surface-water depth coupling
26359,,,2005-07-26T06:00:00,,0.6560428738594055,,,HYDRAULIC_PROXY; no surface-water depth coupling
26360,,,2005-07-26T05:00:00,,0.5136839747428894,,,HYDRAULIC_PROXY; no surface-water depth coupling
26361,,,2005-07-26T05:00:00,,0.5136839747428894,,,HYDRAULIC_PROXY; no surface-water depth coupling
26362,,,2005-07-26T05:15:00,,0.5505552887916565,,,HYDRAULIC_PROXY; no surface-water depth coupling
26363,,,2005-07-26T05:15:00,,0.5795374512672424,,,HYDRAULIC_PROXY; no surface-water depth coupling
26364,,,2005-07-26T05:00:00,,0.5118871927261353,,,HYDRAULIC_PROXY; no surface-water depth coupling
26368,,,2005-07-26T05:45:00,,0.2234746664762497,,,HYDRAULIC_PROXY; no surface-water depth coupling
26369,,,2005-07-26T05:30:00,,0.6225170493125916,,,HYDRAULIC_PROXY; no surface-water depth coupling
26370,,,2005-07-26T05:15:00,,0.6225147247314453,,,HYDRAULIC_PROXY; no surface-water depth coupling
26613,,,2005-07-26T04:00:00,,0.9850975275039673,,,HYDRAULIC_PROXY; no surface-water depth coupling
26614,,,2005-07-26T04:00:00,,1.0098035335540771,,,HYDRAULIC_PROXY; no surface-water depth coupling
26615,,,2005-07-26T05:45:00,,1.0843350887298584,,,HYDRAULIC_PROXY; no surface-water depth coupling
26616,,,2005-07-26T05:45:00,,1.1319364309310913,,,HYDRAULIC_PROXY; no surface-water depth coupling
26617,,,2005-07-26T03:30:00,,1.1237900257110596,,,HYDRAULIC_PROXY; no surface-water depth coupling
26618,,,2005-07-26T05:45:00,,1.109155535697937,,,HYDRAULIC_PROXY; no surface-water depth coupling
26619,,,2005-07-26T05:00:00,,1.1023063659667969,,,HYDRAULIC_PROXY; no surface-water depth coupling
26620,,,2005-07-26T05:15:00,,0.8412169814109802,,,HYDRAULIC_PROXY; no surface-water depth coupling
26621,,,2005-07-26T05:15:00,,0.8725231885910034,,,HYDRAULIC_PROXY; no surface-water depth coupling
26622,,,2005-07-26T05:15:00,,0.8967483043670654,,,HYDRAULIC_PROXY; no surface-water depth coupling
26623,,,2005-07-26T05:30:00,,0.8903213143348694,,,HYDRAULIC_PROXY; no surface-water depth coupling
26624,,,2005-07-26T05:30:00,,0.8903213143348694,,,HYDRAULIC_PROXY; no surface-water depth coupling
26625,,,2005-07-26T05:30:00,,0.8903213143348694,,,HYDRAULIC_PROXY; no surface-water depth coupling
26626,,,2005-07-26T05:30:00,,0.8903213143348694,,,HYDRAULIC_PROXY; no surface-water depth coupling
26627,,,2005-07-26T05:45:00,,1.0410473346710205,,,HYDRAULIC_PROXY; no surface-water depth coupling
26628,,,2005-07-26T05:45:00,,0.6241315603256226,,,HYDRAULIC_PROXY; no surface-water depth coupling
26629,,,2005-07-26T06:00:00,,0.37099263072013855,,,HYDRAULIC_PROXY; no surface-water depth coupling
26630,,,2005-07-26T05:45:00,,0.27066370844841003,,,HYDRAULIC_PROXY; no surface-water depth coupling
26631,,,2005-07-26T05:45:00,,0.18425539135932922,,,HYDRAULIC_PROXY; no surface-water depth coupling
26632,,,2005-07-26T05:45:00,,0.18425539135932922,,,HYDRAULIC_PROXY; no surface-water depth coupling
26633,,,2005-07-26T05:45:00,,0.18425539135932922,,,HYDRAULIC_PROXY; no surface-water depth coupling
26634,,,2005-07-26T06:00:00,,0.6560428738594055,,,HYDRAULIC_PROXY; no surface-water depth coupling
26635,,,2005-07-26T06:00:00,,0.6560428738594055,,,HYDRAULIC_PROXY; no surface-water depth coupling
26636,,,2005-07-26T06:00:00,,0.6560428738594055,,,HYDRAULIC_PROXY; no surface-water depth coupling
26637,,,2005-07-26T06:00:00,,0.6560428738594055,,,HYDRAULIC_PROXY; no surface-water depth coupling
26638,,,2005-07-26T05:15:00,,0.5505552887916565,,,HYDRAULIC_PROXY; no surface-water depth coupling
26639,,,2005-07-26T05:15:00,,0.570562481880188,,,HYDRAULIC_PROXY; no surface-water depth coupling
26640,,,2005-07-26T05:45:00,,0.5012950897216797,,,HYDRAULIC_PROXY; no surface-water depth coupling
26641,,,2005-07-26T05:00:00,,0.5986477732658386,,,HYDRAULIC_PROXY; no surface-water depth coupling
26642,,,2005-07-26T05:45:00,,0.2234746664762497,,,HYDRAULIC_PROXY; no surface-water depth coupling
26643,,,2005-07-26T05:45:00,,0.17768220603466034,,,HYDRAULIC_PROXY; no surface-water depth coupling
26644,,,2005-07-26T05:45:00,,0.28433841466903687,,,HYDRAULIC_PROXY; no surface-water depth coupling
26645,,,2005-07-26T05:45:00,,0.28433841466903687,,,HYDRAULIC_PROXY; no surface-water depth coupling
26646,,,2005-07-26T05:30:00,,0.6225170493125916,,,HYDRAULIC_PROXY; no surface-water depth coupling
26647,,,2005-07-26T05:30:00,,0.6225170493125916,,,HYDRAULIC_PROXY; no surface-water depth coupling
26648,,,2005-07-26T05:30:00,,0.6225170493125916,,,HYDRAULIC_PROXY; no surface-water depth coupling
26649,,,2005-07-26T05:30:00,,0.6065449118614197,,,HYDRAULIC_PROXY; no surface-water depth coupling
26650,,,2005-07-26T05:30:00,,0.6065449118614197,,,HYDRAULIC_PROXY; no surface-water depth coupling
26651,,,2005-07-26T05:30:00,,0.6065449118614197,,,HYDRAULIC_PROXY; no surface-water depth coupling
26652,,,2005-07-26T05:45:00,,0.7614883184432983,,,HYDRAULIC_PROXY; no surface-water depth coupling
26653,,,2005-07-26T05:45:00,,0.7614883184432983,,,HYDRAULIC_PROXY; no surface-water depth coupling
26654,,,2005-07-26T05:45:00,,0.7614883184432983,,,HYDRAULIC_PROXY; no surface-water depth coupling
26655,,,2005-07-26T05:45:00,,0.7614883184432983,,,HYDRAULIC_PROXY; no surface-water depth coupling
26656,,,2005-07-26T05:15:00,,0.5617027878761292,,,HYDRAULIC_PROXY; no surface-water depth coupling
26657,,,2005-07-26T05:15:00,,0.5617027878761292,,,HYDRAULIC_PROXY; no surface-water depth coupling
26658,,,2005-07-26T05:15:00,,0.5617027878761292,,,HYDRAULIC_PROXY; no surface-water depth coupling
26664,,,2005-07-26T04:30:00,,0.14875712990760803,,,HYDRAULIC_PROXY; no surface-water depth coupling
26888,,,2005-07-26T04:45:00,,0.040472228080034256,,,HYDRAULIC_PROXY; no surface-water depth coupling
26889,,,2005-07-26T05:45:00,,0.25088170170783997,,,HYDRAULIC_PROXY; no surface-water depth coupling
26890,,,2005-07-26T05:30:00,,0.25987887382507324,,,HYDRAULIC_PROXY; no surface-water depth coupling
26891,,,2005-07-26T05:30:00,,0.26909399032592773,,,HYDRAULIC_PROXY; no surface-water depth coupling
26892,,,2005-07-26T05:45:00,,0.5537365078926086,,,HYDRAULIC_PROXY; no surface-water depth coupling
26893,,,2005-07-26T05:00:00,,0.8439205288887024,,,HYDRAULIC_PROXY; no surface-water depth coupling
26894,,,2005-07-26T04:30:00,,1.1685540676116943,,,HYDRAULIC_PROXY; no surface-water depth coupling
26895,,,2005-07-26T05:30:00,,0.7691468000411987,,,HYDRAULIC_PROXY; no surface-water depth coupling
26896,,,2005-07-26T05:15:00,,0.8725231885910034,,,HYDRAULIC_PROXY; no surface-water depth coupling
26897,,,2005-07-26T05:15:00,,0.8967483043670654,,,HYDRAULIC_PROXY; no surface-water depth coupling
26898,,,2005-07-26T05:30:00,,0.8903213143348694,,,HYDRAULIC_PROXY; no surface-water depth coupling
26899,,,2005-07-26T05:30:00,,0.8903213143348694,,,HYDRAULIC_PROXY; no surface-water depth coupling
26900,,,2005-07-26T05:30:00,,0.8903213143348694,,,HYDRAULIC_PROXY; no surface-water depth coupling
26901,,,2005-07-26T05:00:00,,1.0677504539489746,,,HYDRAULIC_PROXY; no surface-water depth coupling
26902,,,2005-07-26T05:45:00,,1.0410473346710205,,,HYDRAULIC_PROXY; no surface-water depth coupling
26903,,,2005-07-26T05:45:00,,0.9111856818199158,,,HYDRAULIC_PROXY; no surface-water depth coupling
26904,,,2005-07-26T05:45:00,,0.6241315603256226,,,HYDRAULIC_PROXY; no surface-water depth coupling
26905,,,2005-07-26T06:00:00,,0.37099263072013855,,,HYDRAULIC_PROXY; no surface-water depth coupling
26906,,,2005-07-26T05:45:00,,0.27066370844841003,,,HYDRAULIC_PROXY; no surface-water depth coupling
26907,,,2005-07-26T05:45:00,,0.18425539135932922,,,HYDRAULIC_PROXY; no surface-water depth coupling
26908,,,2005-07-26T05:45:00,,0.18425539135932922,,,HYDRAULIC_PROXY; no surface-water depth coupling
26909,,,2005-07-26T06:00:00,,0.6599507331848145,,,HYDRAULIC_PROXY; no surface-water depth coupling
26910,,,2005-07-26T06:00:00,,0.6560428738594055,,,HYDRAULIC_PROXY; no surface-water depth coupling
26911,,,2005-07-26T06:00:00,,0.6560428738594055,,,HYDRAULIC_PROXY; no surface-water depth coupling
26912,,,2005-07-26T06:00:00,,0.6560428738594055,,,HYDRAULIC_PROXY; no surface-water depth coupling
26913,,,2005-07-26T06:00:00,,0.6560428738594055,,,HYDRAULIC_PROXY; no surface-water depth coupling
26914,,,2005-07-26T05:15:00,,0.4423975646495819,,,HYDRAULIC_PROXY; no surface-water depth coupling
26915,,,2005-07-26T05:30:00,,0.3712347149848938,,,HYDRAULIC_PROXY; no surface-water depth coupling
26916,,,2005-07-26T05:15:00,,0.34679996967315674,,,HYDRAULIC_PROXY; no surface-water depth coupling
26917,,,2005-07-26T05:45:00,,0.27700844407081604,,,HYDRAULIC_PROXY; no surface-water depth coupling
26918,,,2005-07-26T05:15:00,,0.2889728546142578,,,HYDRAULIC_PROXY; no surface-water depth coupling
26919,,,2005-07-26T02:00:00,,0.7463901042938232,,,HYDRAULIC_PROXY; no surface-water depth coupling
26920,,,2005-07-26T06:00:00,,0.9659233093261719,,,HYDRAULIC_PROXY; no surface-water depth coupling
26921,,,2005-07-26T04:30:00,,0.9459702372550964,,,HYDRAULIC_PROXY; no surface-water depth coupling
26922,,,2005-07-26T05:30:00,,0.5739476680755615,,,HYDRAULIC_PROXY; no surface-water depth coupling
26923,,,2005-07-26T05:30:00,,0.5739476680755615,,,HYDRAULIC_PROXY; no surface-water depth coupling
26924,,,2005-07-26T05:45:00,,0.7614883184432983,,,HYDRAULIC_PROXY; no surface-water depth coupling
26925,,,2005-07-26T05:45:00,,0.7614883184432983,,,HYDRAULIC_PROXY; no surface-water depth coupling
26926,,,2005-07-26T05:45:00,,0.7614883184432983,,,HYDRAULIC_PROXY; no surface-water depth coupling
26927,,,2005-07-26T05:45:00,,0.7614883184432983,,,HYDRAULIC_PROXY; no surface-water depth coupling
26928,,,2005-07-26T05:45:00,,0.7614883184432983,,,HYDRAULIC_PROXY; no surface-water depth coupling
26929,,,2005-07-26T05:45:00,,0.7614883184432983,,,HYDRAULIC_PROXY; no surface-water depth coupling
26930,,,2005-07-26T05:30:00,,0.5269032716751099,,,HYDRAULIC_PROXY; no surface-water depth coupling
26931,,,2005-07-26T05:15:00,,0.5617027878761292,,,HYDRAULIC_PROXY; no surface-water depth coupling
26932,,,2005-07-26T05:15:00,,0.5617027878761292,,,HYDRAULIC_PROXY; no surface-water depth coupling
26933,,,2005-07-26T05:15:00,,0.5617027878761292,,,HYDRAULIC_PROXY; no surface-water depth coupling
26934,,,2005-07-26T05:15:00,,0.5617027878761292,,,HYDRAULIC_PROXY; no surface-water depth coupling
26939,,,2005-07-26T04:30:00,,0.14875712990760803,,,HYDRAULIC_PROXY; no surface-water depth coupling
26940,,,2005-07-26T04:30:00,,0.14875712990760803,,,HYDRAULIC_PROXY; no surface-water depth coupling
26941,,,2005-07-26T04:30:00,,0.14876143634319305,,,HYDRAULIC_PROXY; no surface-water depth coupling
27163,,,2005-07-26T06:00:00,,0.22894111275672913,,,HYDRAULIC_PROXY; no surface-water depth coupling
27164,,,2005-07-26T05:45:00,,0.25699079036712646,,,HYDRAULIC_PROXY; no surface-water depth coupling
27165,,,2005-07-26T05:30:00,,0.2640538811683655,,,HYDRAULIC_PROXY; no surface-water depth coupling
27166,,,2005-07-26T05:45:00,,0.15201377868652344,,,HYDRAULIC_PROXY; no surface-water depth coupling
27167,,,2005-07-26T05:45:00,,0.7485029697418213,,,HYDRAULIC_PROXY; no surface-water depth coupling
27168,,,2005-07-26T05:15:00,,1.131392478942871,,,HYDRAULIC_PROXY; no surface-water depth coupling
27169,,,2005-07-26T05:00:00,,1.140893816947937,,,HYDRAULIC_PROXY; no surface-water depth coupling
27170,,,2005-07-26T05:15:00,,1.1446270942687988,,,HYDRAULIC_PROXY; no surface-water depth coupling
27171,,,2005-07-26T05:30:00,,0.887826144695282,,,HYDRAULIC_PROXY; no surface-water depth coupling
27172,,,2005-07-26T05:30:00,,0.8903213143348694,,,HYDRAULIC_PROXY; no surface-water depth coupling
27173,,,2005-07-26T05:30:00,,0.8903213143348694,,,HYDRAULIC_PROXY; no surface-water depth coupling
27174,,,2005-07-26T06:00:00,,1.0935816764831543,,,HYDRAULIC_PROXY; no surface-water depth coupling
27175,,,2005-07-26T05:30:00,,1.0740115642547607,,,HYDRAULIC_PROXY; no surface-water depth coupling
27176,,,2005-07-26T05:45:00,,1.0410473346710205,,,HYDRAULIC_PROXY; no surface-water depth coupling
27177,,,2005-07-26T05:45:00,,1.0410473346710205,,,HYDRAULIC_PROXY; no surface-water depth coupling
27178,,,2005-07-26T05:45:00,,0.9111856818199158,,,HYDRAULIC_PROXY; no surface-water depth coupling
27179,,,2005-07-26T05:45:00,,0.6241315603256226,,,HYDRAULIC_PROXY; no surface-water depth coupling
27180,,,2005-07-26T06:00:00,,0.37099263072013855,,,HYDRAULIC_PROXY; no surface-water depth coupling
27181,,,2005-07-26T05:45:00,,0.27066370844841003,,,HYDRAULIC_PROXY; no surface-water depth coupling
27182,,,2005-07-26T05:45:00,,0.18425539135932922,,,HYDRAULIC_PROXY; no surface-water depth coupling
27183,,,2005-07-26T06:00:00,,0.6778361201286316,,,HYDRAULIC_PROXY; no surface-water depth coupling
27184,,,2005-07-26T06:00:00,,0.6662379503250122,,,HYDRAULIC_PROXY; no surface-water depth coupling
27185,,,2005-07-26T06:00:00,,0.6535868048667908,,,HYDRAULIC_PROXY; no surface-water depth coupling
27186,,,2005-07-26T06:00:00,,0.6590800881385803,,,HYDRAULIC_PROXY; no surface-water depth coupling
27187,,,2005-07-26T06:00:00,,0.6591262817382812,,,HYDRAULIC_PROXY; no surface-water depth coupling
27188,,,2005-07-26T05:30:00,,0.4208538830280304,,,HYDRAULIC_PROXY; no surface-water depth coupling
27189,,,2005-07-26T05:00:00,,0.3986941874027252,,,HYDRAULIC_PROXY; no surface-water depth coupling
27190,,,2005-07-26T05:00:00,,0.3986941874027252,,,HYDRAULIC_PROXY; no surface-water depth coupling
27191,,,2005-07-26T06:00:00,,0.7288984060287476,,,HYDRAULIC_PROXY; no surface-water depth coupling
27192,,,2005-07-26T06:00:00,,0.7288984060287476,,,HYDRAULIC_PROXY; no surface-water depth coupling
27193,,,2005-07-26T02:15:00,,0.8247786164283752,,,HYDRAULIC_PROXY; no surface-water depth coupling
27194,,,2005-07-26T05:00:00,,0.9337264895439148,,,HYDRAULIC_PROXY; no surface-water depth coupling
27195,,,2005-07-26T03:15:00,,0.593524158000946,,,HYDRAULIC_PROXY; no surface-water depth coupling
27196,,,2005-07-26T05:30:00,,0.5739476680755615,,,HYDRAULIC_PROXY; no surface-water depth coupling
27197,,,2005-07-26T05:30:00,,0.5739476680755615,,,HYDRAULIC_PROXY; no surface-water depth coupling
27198,,,2005-07-26T05:45:00,,0.7344659566879272,,,HYDRAULIC_PROXY; no surface-water depth coupling
27199,,,2005-07-26T05:45:00,,0.7344659566879272,,,HYDRAULIC_PROXY; no surface-water depth coupling
27200,,,2005-07-26T05:45:00,,0.7614883184432983,,,HYDRAULIC_PROXY; no surface-water depth coupling
27201,,,2005-07-26T05:45:00,,0.7614883184432983,,,HYDRAULIC_PROXY; no surface-water depth coupling
27202,,,2005-07-26T05:30:00,,0.5269032716751099,,,HYDRAULIC_PROXY; no surface-water depth coupling
27203,,,2005-07-26T05:30:00,,0.5269032716751099,,,HYDRAULIC_PROXY; no surface-water depth coupling
27204,,,2005-07-26T05:30:00,,0.5269032716751099,,,HYDRAULIC_PROXY; no surface-water depth coupling
27205,,,2005-07-26T05:15:00,,0.5617027878761292,,,HYDRAULIC_PROXY; no surface-water depth coupling
27206,,,2005-07-26T05:15:00,,0.5617027878761292,,,HYDRAULIC_PROXY; no surface-water depth coupling
27207,,,2005-07-26T05:15:00,,0.5617027878761292,,,HYDRAULIC_PROXY; no surface-water depth coupling
27208,,,2005-07-26T05:15:00,,0.5617027878761292,,,HYDRAULIC_PROXY; no surface-water depth coupling
27209,,,2005-07-26T05:15:00,,0.5617027878761292,,,HYDRAULIC_PROXY; no surface-water depth coupling
27212,,,2005-07-26T05:00:00,,0.43050244450569153,,,HYDRAULIC_PROXY; no surface-water depth coupling
27213,,,2005-07-26T04:30:00,,0.14875712990760803,,,HYDRAULIC_PROXY; no surface-water depth coupling
27214,,,2005-07-26T04:30:00,,0.14875712990760803,,,HYDRAULIC_PROXY; no surface-water depth coupling
27215,,,2005-07-26T04:30:00,,0.14875712990760803,,,HYDRAULIC_PROXY; no surface-water depth coupling
27216,,,2005-07-26T04:30:00,,0.14876143634319305,,,HYDRAULIC_PROXY; no surface-water depth coupling
27217,,,2005-07-26T04:30:00,,0.14876143634319305,,,HYDRAULIC_PROXY; no surface-water depth coupling
27436,,,2005-07-26T05:45:00,,0.16510434448719025,,,HYDRAULIC_PROXY; no surface-water depth coupling
27437,,,2005-07-26T05:45:00,,0.25088170170783997,,,HYDRAULIC_PROXY; no surface-water depth coupling
27438,,,2005-07-26T05:30:00,,0.25987887382507324,,,HYDRAULIC_PROXY; no surface-water depth coupling
27439,,,2005-07-26T05:30:00,,0.26909399032592773,,,HYDRAULIC_PROXY; no surface-water depth coupling
27440,,,2005-07-26T05:45:00,,0.5537365078926086,,,HYDRAULIC_PROXY; no surface-water depth coupling
27441,,,2005-07-26T05:15:00,,1.1459455490112305,,,HYDRAULIC_PROXY; no surface-water depth coupling
27442,,,2005-07-26T04:00:00,,1.1470335721969604,,,HYDRAULIC_PROXY; no surface-water depth coupling
27443,,,2005-07-26T06:00:00,,1.1422045230865479,,,HYDRAULIC_PROXY; no surface-water depth coupling
27444,,,2005-07-26T05:15:00,,1.1422009468078613,,,HYDRAULIC_PROXY; no surface-water depth coupling
27445,,,2005-07-26T05:30:00,,1.1297283172607422,,,HYDRAULIC_PROXY; no surface-water depth coupling
27446,,,2005-07-26T05:30:00,,1.1026320457458496,,,HYDRAULIC_PROXY; no surface-water depth coupling
27447,,,2005-07-26T06:00:00,,1.0935816764831543,,,HYDRAULIC_PROXY; no surface-water depth coupling
27448,,,2005-07-26T05:30:00,,1.0796712636947632,,,HYDRAULIC_PROXY; no surface-water depth coupling
27449,,,2005-07-26T05:15:00,,1.0605679750442505,,,HYDRAULIC_PROXY; no surface-water depth coupling
27450,,,2005-07-26T05:45:00,,1.0410473346710205,,,HYDRAULIC_PROXY; no surface-water depth coupling
27451,,,2005-07-26T05:45:00,,0.608559250831604,,,HYDRAULIC_PROXY; no surface-water depth coupling
27452,,,2005-07-26T05:45:00,,0.8617398738861084,,,HYDRAULIC_PROXY; no surface-water depth coupling
27453,,,2005-07-26T05:45:00,,0.6241315603256226,,,HYDRAULIC_PROXY; no surface-water depth coupling
27454,,,2005-07-26T06:00:00,,0.37099263072013855,,,HYDRAULIC_PROXY; no surface-water depth coupling
27455,,,2005-07-26T05:30:00,,0.12456405162811279,,,HYDRAULIC_PROXY; no surface-water depth coupling
27456,,,2005-07-26T06:00:00,,0.7080773711204529,,,HYDRAULIC_PROXY; no surface-water depth coupling
27457,,,2005-07-26T06:00:00,,0.7080773711204529,,,HYDRAULIC_PROXY; no surface-water depth coupling
27458,,,2005-07-26T06:00:00,,0.6866877675056458,,,HYDRAULIC_PROXY; no surface-water depth coupling
27459,,,2005-07-26T06:00:00,,0.5870097875595093,,,HYDRAULIC_PROXY; no surface-water depth coupling
27460,,,2005-07-26T05:45:00,,0.398232638835907,,,HYDRAULIC_PROXY; no surface-water depth coupling
27461,,,2005-07-26T05:45:00,,0.398232638835907,,,HYDRAULIC_PROXY; no surface-water depth coupling
27462,,,2005-07-26T05:45:00,,0.398232638835907,,,HYDRAULIC_PROXY; no surface-water depth coupling
27463,,,2005-07-26T05:00:00,,0.3709316849708557,,,HYDRAULIC_PROXY; no surface-water depth coupling
27464,,,2005-07-26T06:00:00,,0.7288984060287476,,,HYDRAULIC_PROXY; no surface-water depth coupling
27465,,,2005-07-26T05:45:00,,0.9056219458580017,,,HYDRAULIC_PROXY; no surface-water depth coupling
27466,,,2005-07-26T05:45:00,,0.9056219458580017,,,HYDRAULIC_PROXY; no surface-water depth coupling
27467,,,2005-07-26T04:30:00,,0.9459702372550964,,,HYDRAULIC_PROXY; no surface-water depth coupling
27468,,,2005-07-26T05:45:00,,0.5448318123817444,,,HYDRAULIC_PROXY; no surface-water depth coupling
27469,,,2005-07-26T02:45:00,,0.6244238018989563,,,HYDRAULIC_PROXY; no surface-water depth coupling
27470,,,2005-07-26T05:45:00,,0.6003165245056152,,,HYDRAULIC_PROXY; no surface-water depth coupling
27471,,,2005-07-26T05:45:00,,0.7344659566879272,,,HYDRAULIC_PROXY; no surface-water depth coupling
27472,,,2005-07-26T05:45:00,,0.7344659566879272,,,HYDRAULIC_PROXY; no surface-water depth coupling
27473,,,2005-07-26T05:15:00,,0.8482085466384888,,,HYDRAULIC_PROXY; no surface-water depth coupling
27474,,,2005-07-26T05:30:00,,0.5269032716751099,,,HYDRAULIC_PROXY; no surface-water depth coupling
27475,,,2005-07-26T05:30:00,,0.5269032716751099,,,HYDRAULIC_PROXY; no surface-water depth coupling
27476,,,2005-07-26T05:30:00,,0.5269032716751099,,,HYDRAULIC_PROXY; no surface-water depth coupling
27477,,,2005-07-26T05:30:00,,0.5269032716751099,,,HYDRAULIC_PROXY; no surface-water depth coupling
27478,,,2005-07-26T05:15:00,,0.5617027878761292,,,HYDRAULIC_PROXY; no surface-water depth coupling
27479,,,2005-07-26T05:15:00,,0.5617027878761292,,,HYDRAULIC_PROXY; no surface-water depth coupling
27480,,,2005-07-26T05:15:00,,0.5617027878761292,,,HYDRAULIC_PROXY; no surface-water depth coupling
27481,,,2005-07-26T05:15:00,,0.5617027878761292,,,HYDRAULIC_PROXY; no surface-water depth coupling
27482,,,2005-07-26T04:30:00,,0.6030458807945251,,,HYDRAULIC_PROXY; no surface-water depth coupling
27483,,,2005-07-26T05:00:00,,0.43050244450569153,,,HYDRAULIC_PROXY; no surface-water depth coupling
27484,,,2005-07-26T01:45:00,,0.4733845889568329,,,HYDRAULIC_PROXY; no surface-water depth coupling
27485,,,2005-07-26T01:45:00,,0.4733845889568329,,,HYDRAULIC_PROXY; no surface-water depth coupling
27486,,,2005-07-26T05:15:00,,0.6514435410499573,,,HYDRAULIC_PROXY; no surface-water depth coupling
27487,,,2005-07-26T04:30:00,,0.14875712990760803,,,HYDRAULIC_PROXY; no surface-water depth coupling
27488,,,2005-07-26T04:30:00,,0.14875712990760803,,,HYDRAULIC_PROXY; no surface-water depth coupling
27489,,,2005-07-26T04:30:00,,0.14876143634319305,,,HYDRAULIC_PROXY; no surface-water depth coupling
27490,,,2005-07-26T04:30:00,,0.14876143634319305,,,HYDRAULIC_PROXY; no surface-water depth coupling
27709,,,2005-07-26T06:45:00,,1.3299416303634644,,,HYDRAULIC_PROXY; no surface-water depth coupling
27710,,,2005-07-26T05:30:00,,0.2640538811683655,,,HYDRAULIC_PROXY; no surface-water depth coupling
27711,,,2005-07-26T05:15:00,,1.1446270942687988,,,HYDRAULIC_PROXY; no surface-water depth coupling
27712,,,2005-07-26T04:30:00,,1.1405572891235352,,,HYDRAULIC_PROXY; no surface-water depth coupling
27713,,,2005-07-26T06:00:00,,1.1422045230865479,,,HYDRAULIC_PROXY; no surface-water depth coupling
27714,,,2005-07-26T05:30:00,,1.1313434839248657,,,HYDRAULIC_PROXY; no surface-water depth coupling
27715,,,2005-07-26T05:15:00,,1.1291993856430054,,,HYDRAULIC_PROXY; no surface-water depth coupling
27716,,,2005-07-26T05:30:00,,1.125233769416809,,,HYDRAULIC_PROXY; no surface-water depth coupling
27717,,,2005-07-26T05:15:00,,1.1040103435516357,,,HYDRAULIC_PROXY; no surface-water depth coupling
27718,,,2005-07-26T05:15:00,,1.1003189086914062,,,HYDRAULIC_PROXY; no surface-water depth coupling
27719,,,2005-07-26T06:00:00,,1.0892890691757202,,,HYDRAULIC_PROXY; no surface-water depth coupling
27720,,,2005-07-26T05:30:00,,1.0740115642547607,,,HYDRAULIC_PROXY; no surface-water depth coupling
27721,,,2005-07-26T05:15:00,,1.0540341138839722,,,HYDRAULIC_PROXY; no surface-water depth coupling
27722,,,2005-07-26T05:45:00,,0.6065276861190796,,,HYDRAULIC_PROXY; no surface-water depth coupling
27723,,,2005-07-26T05:45:00,,0.7047091126441956,,,HYDRAULIC_PROXY; no surface-water depth coupling
27724,,,2005-07-26T06:00:00,,0.7343360781669617,,,HYDRAULIC_PROXY; no surface-water depth coupling
27725,,,2005-07-26T06:00:00,,0.7555063962936401,,,HYDRAULIC_PROXY; no surface-water depth coupling
27726,,,2005-07-26T06:00:00,,0.6769686937332153,,,HYDRAULIC_PROXY; no surface-water depth coupling
27727,,,2005-07-26T06:00:00,,0.6500976085662842,,,HYDRAULIC_PROXY; no surface-water depth coupling
27728,,,2005-07-26T06:00:00,,0.6240270137786865,,,HYDRAULIC_PROXY; no surface-water depth coupling
27729,,,2005-07-26T06:00:00,,0.5959348082542419,,,HYDRAULIC_PROXY; no surface-water depth coupling
27730,,,2005-07-26T06:00:00,,0.5870097875595093,,,HYDRAULIC_PROXY; no surface-water depth coupling
27731,,,2005-07-26T06:00:00,,0.5870097875595093,,,HYDRAULIC_PROXY; no surface-water depth coupling
27732,,,2005-07-26T05:15:00,,0.08737540245056152,,,HYDRAULIC_PROXY; no surface-water depth coupling
27733,,,2005-07-26T05:00:00,,0.12965679168701172,,,HYDRAULIC_PROXY; no surface-water depth coupling
27734,,,2005-07-26T05:00:00,,0.12965679168701172,,,HYDRAULIC_PROXY; no surface-water depth coupling
27735,,,2005-07-26T05:00:00,,0.12965679168701172,,,HYDRAULIC_PROXY; no surface-water depth coupling
27736,,,2005-07-26T05:45:00,,0.9056219458580017,,,HYDRAULIC_PROXY; no surface-water depth coupling
27737,,,2005-07-26T05:15:00,,0.896624743938446,,,HYDRAULIC_PROXY; no surface-water depth coupling
27738,,,2005-07-26T03:15:00,,0.593524158000946,,,HYDRAULIC_PROXY; no surface-water depth coupling
27739,,,2005-07-26T04:30:00,,0.814319908618927,,,HYDRAULIC_PROXY; no surface-water depth coupling
27740,,,2005-07-26T05:45:00,,0.5775333642959595,,,HYDRAULIC_PROXY; no surface-water depth coupling
27741,,,2005-07-26T05:15:00,,0.06885580718517303,,,HYDRAULIC_PROXY; no surface-water depth coupling
27742,,,2005-07-26T05:30:00,,0.7376856803894043,,,HYDRAULIC_PROXY; no surface-water depth coupling
27743,,,2005-07-26T05:15:00,,0.8482085466384888,,,HYDRAULIC_PROXY; no surface-water depth coupling
27744,,,2005-07-26T05:30:00,,0.5652138590812683,,,HYDRAULIC_PROXY; no surface-water depth coupling
27745,,,2005-07-26T05:30:00,,0.5269032716751099,,,HYDRAULIC_PROXY; no surface-water depth coupling
27746,,,2005-07-26T05:30:00,,0.5269032716751099,,,HYDRAULIC_PROXY; no surface-water depth coupling
27747,,,2005-07-26T05:30:00,,0.5269032716751099,,,HYDRAULIC_PROXY; no surface-water depth coupling
27748,,,2005-07-26T05:30:00,,0.5269032716751099,,,HYDRAULIC_PROXY; no surface-water depth coupling
27749,,,2005-07-26T05:30:00,,0.5269032716751099,,,HYDRAULIC_PROXY; no surface-water depth coupling
27750,,,2005-07-26T05:15:00,,0.5617027878761292,,,HYDRAULIC_PROXY; no surface-water depth coupling
27751,,,2005-07-26T05:00:00,,0.43050244450569153,,,HYDRAULIC_PROXY; no surface-water depth coupling
27752,,,2005-07-26T01:45:00,,0.5616539716720581,,,HYDRAULIC_PROXY; no surface-water depth coupling
27753,,,2005-07-26T01:45:00,,0.5991243720054626,,,HYDRAULIC_PROXY; no surface-water depth coupling
27754,,,2005-07-26T01:45:00,,0.5991243720054626,,,HYDRAULIC_PROXY; no surface-water depth coupling
27755,,,2005-07-26T01:45:00,,0.6073672771453857,,,HYDRAULIC_PROXY; no surface-water depth coupling
27756,,,2005-07-26T05:15:00,,0.6514435410499573,,,HYDRAULIC_PROXY; no surface-water depth coupling
27757,,,2005-07-26T05:15:00,,0.6514435410499573,,,HYDRAULIC_PROXY; no surface-water depth coupling
27758,,,2005-07-26T05:00:00,,0.6927493214607239,,,HYDRAULIC_PROXY; no surface-water depth coupling
27759,,,2005-07-26T05:00:00,,0.6927493214607239,,,HYDRAULIC_PROXY; no surface-water depth coupling
27760,,,2005-07-26T06:00:00,,0.7812792062759399,,,HYDRAULIC_PROXY; no surface-water depth coupling
27761,,,2005-07-26T06:00:00,,0.7812792062759399,,,HYDRAULIC_PROXY; no surface-water depth coupling
27981,,,2005-07-26T06:45:00,,1.1865650415420532,,,HYDRAULIC_PROXY; no surface-water depth coupling
27982,,,2005-07-26T05:15:00,,1.1422009468078613,,,HYDRAULIC_PROXY; no surface-water depth coupling
27983,,,2005-07-26T05:30:00,,1.1317899227142334,,,HYDRAULIC_PROXY; no surface-water depth coupling
27984,,,2005-07-26T05:15:00,,1.1291993856430054,,,HYDRAULIC_PROXY; no surface-water depth coupling
27985,,,2005-07-26T05:30:00,,1.1123216152191162,,,HYDRAULIC_PROXY; no surface-water depth coupling
27986,,,2005-07-26T06:00:00,,1.1281758546829224,,,HYDRAULIC_PROXY; no surface-water depth coupling
27987,,,2005-07-26T06:00:00,,1.1059225797653198,,,HYDRAULIC_PROXY; no surface-water depth coupling
27988,,,2005-07-26T05:30:00,,1.1026320457458496,,,HYDRAULIC_PROXY; no surface-water depth coupling
27989,,,2005-07-26T05:00:00,,0.5356015563011169,,,HYDRAULIC_PROXY; no surface-water depth coupling
27990,,,2005-07-26T05:45:00,,0.5404841899871826,,,HYDRAULIC_PROXY; no surface-water depth coupling
27991,,,2005-07-26T05:45:00,,0.5483837127685547,,,HYDRAULIC_PROXY; no surface-water depth coupling
27992,,,2005-07-26T05:45:00,,0.5387217998504639,,,HYDRAULIC_PROXY; no surface-water depth coupling
27993,,,2005-07-26T06:00:00,,0.7343360781669617,,,HYDRAULIC_PROXY; no surface-water depth coupling
27994,,,2005-07-26T06:00:00,,0.7654436230659485,,,HYDRAULIC_PROXY; no surface-water depth coupling
27995,,,2005-07-26T05:45:00,,0.7803199291229248,,,HYDRAULIC_PROXY; no surface-water depth coupling
27996,,,2005-07-26T05:30:00,,0.7487213611602783,,,HYDRAULIC_PROXY; no surface-water depth coupling
27997,,,2005-07-26T06:00:00,,0.6769686937332153,,,HYDRAULIC_PROXY; no surface-water depth coupling
27998,,,2005-07-26T05:30:00,,0.589699387550354,,,HYDRAULIC_PROXY; no surface-water depth coupling
27999,,,2005-07-26T05:45:00,,0.17807982861995697,,,HYDRAULIC_PROXY; no surface-water depth coupling
28000,,,2005-07-26T04:00:00,,0.1499633640050888,,,HYDRAULIC_PROXY; no surface-water depth coupling
28001,,,2005-07-26T04:00:00,,0.1499633640050888,,,HYDRAULIC_PROXY; no surface-water depth coupling
28002,,,2005-07-26T05:00:00,,0.12965679168701172,,,HYDRAULIC_PROXY; no surface-water depth coupling
28003,,,2005-07-26T05:00:00,,0.12965679168701172,,,HYDRAULIC_PROXY; no surface-water depth coupling
28004,,,2005-07-26T05:00:00,,0.12965679168701172,,,HYDRAULIC_PROXY; no surface-water depth coupling
28005,,,2005-07-26T05:00:00,,0.12965679168701172,,,HYDRAULIC_PROXY; no surface-water depth coupling
28006,,,2005-07-26T05:15:00,,0.896624743938446,,,HYDRAULIC_PROXY; no surface-water depth coupling
28007,,,2005-07-26T05:15:00,,0.896624743938446,,,HYDRAULIC_PROXY; no surface-water depth coupling
28008,,,2005-07-26T04:30:00,,0.814319908618927,,,HYDRAULIC_PROXY; no surface-water depth coupling
28009,,,2005-07-26T03:30:00,,0.6717875599861145,,,HYDRAULIC_PROXY; no surface-water depth coupling
28010,,,2005-07-26T05:15:00,,0.5351154804229736,,,HYDRAULIC_PROXY; no surface-water depth coupling
28011,,,2005-07-26T05:45:00,,0.5318740010261536,,,HYDRAULIC_PROXY; no surface-water depth coupling
28012,,,2005-07-26T05:45:00,,0.5311044454574585,,,HYDRAULIC_PROXY; no surface-water depth coupling
28013,,,2005-07-26T05:15:00,,0.8482085466384888,,,HYDRAULIC_PROXY; no surface-water depth coupling
28014,,,2005-07-26T05:30:00,,0.5652138590812683,,,HYDRAULIC_PROXY; no surface-water depth coupling
28015,,,2005-07-26T05:30:00,,0.5269032716751099,,,HYDRAULIC_PROXY; no surface-water depth coupling
28016,,,2005-07-26T05:30:00,,0.5269032716751099,,,HYDRAULIC_PROXY; no surface-water depth coupling
28017,,,2005-07-26T05:30:00,,0.5269032716751099,,,HYDRAULIC_PROXY; no surface-water depth coupling
28018,,,2005-07-26T05:30:00,,0.5269032716751099,,,HYDRAULIC_PROXY; no surface-water depth coupling
28019,,,2005-07-26T05:30:00,,0.5269032716751099,,,HYDRAULIC_PROXY; no surface-water depth coupling
28020,,,2005-07-26T01:45:00,,0.6073672771453857,,,HYDRAULIC_PROXY; no surface-water depth coupling
28021,,,2005-07-26T03:30:00,,0.6379523277282715,,,HYDRAULIC_PROXY; no surface-water depth coupling
28022,,,2005-07-26T03:30:00,,0.6379523277282715,,,HYDRAULIC_PROXY; no surface-water depth coupling
28023,,,2005-07-26T05:45:00,,0.7412734627723694,,,HYDRAULIC_PROXY; no surface-water depth coupling
28024,,,2005-07-26T04:00:00,,0.8236572742462158,,,HYDRAULIC_PROXY; no surface-water depth coupling
28025,,,2005-07-26T05:15:00,,0.5792911052703857,,,HYDRAULIC_PROXY; no surface-water depth coupling
28026,,,2005-07-26T05:45:00,,0.665727972984314,,,HYDRAULIC_PROXY; no surface-water depth coupling
28027,,,2005-07-26T05:00:00,,0.6927493214607239,,,HYDRAULIC_PROXY; no surface-water depth coupling
28028,,,2005-07-26T05:00:00,,0.7160995602607727,,,HYDRAULIC_PROXY; no surface-water depth coupling
28029,,,2005-07-26T06:00:00,,0.7812792062759399,,,HYDRAULIC_PROXY; no surface-water depth coupling
28030,,,2005-07-26T06:00:00,,0.7812792062759399,,,HYDRAULIC_PROXY; no surface-water depth coupling
28031,,,2005-07-26T06:00:00,,0.7812792062759399,,,HYDRAULIC_PROXY; no surface-water depth coupling
28032,,,2005-07-26T05:30:00,,0.47680437564849854,,,HYDRAULIC_PROXY; no surface-water depth coupling
28253,,,2005-07-26T05:30:00,,1.1297283172607422,,,HYDRAULIC_PROXY; no surface-water depth coupling
28254,,,2005-07-26T05:15:00,,1.126814365386963,,,HYDRAULIC_PROXY; no surface-water depth coupling
28255,,,2005-07-26T05:30:00,,1.1120247840881348,,,HYDRAULIC_PROXY; no surface-water depth coupling
28256,,,2005-07-26T03:45:00,,1.1102336645126343,,,HYDRAULIC_PROXY; no surface-water depth coupling
28257,,,2005-07-26T04:15:00,,1.1293758153915405,,,HYDRAULIC_PROXY; no surface-water depth coupling
28258,,,2005-07-26T06:00:00,,0.6289471387863159,,,HYDRAULIC_PROXY; no surface-water depth coupling
28259,,,2005-07-26T05:15:00,,0.4854152202606201,,,HYDRAULIC_PROXY; no surface-water depth coupling
28260,,,2005-07-26T05:30:00,,0.5303272604942322,,,HYDRAULIC_PROXY; no surface-water depth coupling
28261,,,2005-07-26T05:15:00,,0.5410407185554504,,,HYDRAULIC_PROXY; no surface-water depth coupling
28262,,,2005-07-26T05:45:00,,0.5504116415977478,,,HYDRAULIC_PROXY; no surface-water depth coupling
28263,,,2005-07-26T05:45:00,,0.5387217998504639,,,HYDRAULIC_PROXY; no surface-water depth coupling
28264,,,2005-07-26T06:00:00,,0.7729476094245911,,,HYDRAULIC_PROXY; no surface-water depth coupling
28265,,,2005-07-26T05:45:00,,0.7803199291229248,,,HYDRAULIC_PROXY; no surface-water depth coupling
28266,,,2005-07-26T05:45:00,,0.7985016703605652,,,HYDRAULIC_PROXY; no surface-water depth coupling
28267,,,2005-07-26T05:30:00,,0.773745596408844,,,HYDRAULIC_PROXY; no surface-water depth coupling
28268,,,2005-07-26T05:00:00,,0.7437219023704529,,,HYDRAULIC_PROXY; no surface-water depth coupling
28269,,,2005-07-26T05:30:00,,0.7260304689407349,,,HYDRAULIC_PROXY; no surface-water depth coupling
28270,,,2005-07-26T05:30:00,,0.22412270307540894,,,HYDRAULIC_PROXY; no surface-water depth coupling
28271,,,2005-07-26T05:30:00,,0.22412270307540894,,,HYDRAULIC_PROXY; no surface-water depth coupling
28272,,,2005-07-26T05:45:00,,0.6419941782951355,,,HYDRAULIC_PROXY; no surface-water depth coupling
28273,,,2005-07-26T04:30:00,,0.13019685447216034,,,HYDRAULIC_PROXY; no surface-water depth coupling
28274,,,2005-07-26T05:00:00,,0.12965679168701172,,,HYDRAULIC_PROXY; no surface-water depth coupling
28275,,,2005-07-26T05:00:00,,0.12965679168701172,,,HYDRAULIC_PROXY; no surface-water depth coupling
28276,,,2005-07-26T05:00:00,,0.12965679168701172,,,HYDRAULIC_PROXY; no surface-water depth coupling
28277,,,2005-07-26T05:30:00,,0.16599950194358826,,,HYDRAULIC_PROXY; no surface-water depth coupling
28278,,,2005-07-26T05:45:00,,0.3013117015361786,,,HYDRAULIC_PROXY; no surface-water depth coupling
28279,,,2005-07-26T05:45:00,,0.3013117015361786,,,HYDRAULIC_PROXY; no surface-water depth coupling
28280,,,2005-07-26T05:00:00,,0.6856487393379211,,,HYDRAULIC_PROXY; no surface-water depth coupling
28281,,,2005-07-26T05:00:00,,0.6856487393379211,,,HYDRAULIC_PROXY; no surface-water depth coupling
28282,,,2005-07-26T05:45:00,,0.4237540364265442,,,HYDRAULIC_PROXY; no surface-water depth coupling
28283,,,2005-07-26T05:45:00,,0.4237540364265442,,,HYDRAULIC_PROXY; no surface-water depth coupling
28284,,,2005-07-26T06:00:00,,0.5953764319419861,,,HYDRAULIC_PROXY; no surface-water depth coupling
28285,,,2005-07-26T06:00:00,,0.5843803286552429,,,HYDRAULIC_PROXY; no surface-water depth coupling
28286,,,2005-07-26T05:45:00,,0.5572249889373779,,,HYDRAULIC_PROXY; no surface-water depth coupling
28287,,,2005-07-26T05:30:00,,0.5269032716751099,,,HYDRAULIC_PROXY; no surface-water depth coupling
28288,,,2005-07-26T05:30:00,,0.5269032716751099,,,HYDRAULIC_PROXY; no surface-water depth coupling
28289,,,2005-07-26T05:30:00,,0.5269032716751099,,,HYDRAULIC_PROXY; no surface-water depth coupling
28290,,,2005-07-26T05:30:00,,0.5269032716751099,,,HYDRAULIC_PROXY; no surface-water depth coupling
28291,,,2005-07-26T04:00:00,,0.8236572742462158,,,HYDRAULIC_PROXY; no surface-water depth coupling
28292,,,2005-07-26T04:00:00,,0.8236572742462158,,,HYDRAULIC_PROXY; no surface-water depth coupling
28293,,,2005-07-26T04:00:00,,0.8236572742462158,,,HYDRAULIC_PROXY; no surface-water depth coupling
28294,,,2005-07-26T04:00:00,,0.8236572742462158,,,HYDRAULIC_PROXY; no surface-water depth coupling
28295,,,2005-07-26T04:00:00,,0.8236572742462158,,,HYDRAULIC_PROXY; no surface-water depth coupling
28296,,,2005-07-26T06:00:00,,0.8526574373245239,,,HYDRAULIC_PROXY; no surface-water depth coupling
28297,,,2005-07-26T05:00:00,,0.6983616948127747,,,HYDRAULIC_PROXY; no surface-water depth coupling
28298,,,2005-07-26T05:00:00,,0.7160995602607727,,,HYDRAULIC_PROXY; no surface-water depth coupling
28299,,,2005-07-26T06:00:00,,0.7200092673301697,,,HYDRAULIC_PROXY; no surface-water depth coupling
28300,,,2005-07-26T06:00:00,,0.7812792062759399,,,HYDRAULIC_PROXY; no surface-water depth coupling
28301,,,2005-07-26T06:00:00,,0.7812792062759399,,,HYDRAULIC_PROXY; no surface-water depth coupling
28302,,,2005-07-26T06:00:00,,0.7812792062759399,,,HYDRAULIC_PROXY; no surface-water depth coupling
28303,,,2005-07-26T05:30:00,,0.47680437564849854,,,HYDRAULIC_PROXY; no surface-water depth coupling
28304,,,2005-07-26T05:30:00,,0.36028000712394714,,,HYDRAULIC_PROXY; no surface-water depth coupling
28305,,,2005-07-26T05:45:00,,0.4066159129142761,,,HYDRAULIC_PROXY; no surface-water depth coupling
28331,,,2005-07-26T05:30:00,,0.5379841923713684,,,HYDRAULIC_PROXY; no surface-water depth coupling
28526,,,2005-07-26T05:30:00,,1.1120247840881348,,,HYDRAULIC_PROXY; no surface-water depth coupling
28527,,,2005-07-26T03:45:00,,1.1102336645126343,,,HYDRAULIC_PROXY; no surface-water depth coupling
28528,,,2005-07-26T04:15:00,,1.1159393787384033,,,HYDRAULIC_PROXY; no surface-water depth coupling
28529,,,2005-07-26T05:45:00,,1.1171419620513916,,,HYDRAULIC_PROXY; no surface-water depth coupling
28530,,,2005-07-26T05:00:00,,1.1209713220596313,,,HYDRAULIC_PROXY; no surface-water depth coupling
28531,,,2005-07-26T03:45:00,,1.1298086643218994,,,HYDRAULIC_PROXY; no surface-water depth coupling
28532,,,2005-07-26T06:00:00,,1.131088376045227,,,HYDRAULIC_PROXY; no surface-water depth coupling
28533,,,2005-07-26T04:45:00,,1.1279240846633911,,,HYDRAULIC_PROXY; no surface-water depth coupling
28534,,,2005-07-26T05:15:00,,1.1209267377853394,,,HYDRAULIC_PROXY; no surface-water depth coupling
28535,,,2005-07-26T05:30:00,,1.115051031112671,,,HYDRAULIC_PROXY; no surface-water depth coupling
28536,,,2005-07-26T05:30:00,,1.111521601676941,,,HYDRAULIC_PROXY; no surface-water depth coupling
28537,,,2005-07-26T05:45:00,,0.1317579597234726,,,HYDRAULIC_PROXY; no surface-water depth coupling
28538,,,2005-07-26T05:30:00,,0.09388965368270874,,,HYDRAULIC_PROXY; no surface-water depth coupling
28539,,,2005-07-26T05:30:00,,0.13737475872039795,,,HYDRAULIC_PROXY; no surface-water depth coupling
28540,,,2005-07-26T05:30:00,,0.5524269938468933,,,HYDRAULIC_PROXY; no surface-water depth coupling
28541,,,2005-07-26T04:45:00,,0.5619004964828491,,,HYDRAULIC_PROXY; no surface-water depth coupling
28542,,,2005-07-26T05:45:00,,0.5936546921730042,,,HYDRAULIC_PROXY; no surface-water depth coupling
28543,,,2005-07-26T05:45:00,,0.6586945652961731,,,HYDRAULIC_PROXY; no surface-water depth coupling
28544,,,2005-07-26T04:30:00,,0.13019685447216034,,,HYDRAULIC_PROXY; no surface-water depth coupling
28545,,,2005-07-26T05:45:00,,0.6419941782951355,,,HYDRAULIC_PROXY; no surface-water depth coupling
28546,,,2005-07-26T05:45:00,,0.6419941782951355,,,HYDRAULIC_PROXY; no surface-water depth coupling
28547,,,2005-07-26T05:45:00,,0.6419941782951355,,,HYDRAULIC_PROXY; no surface-water depth coupling
28548,,,2005-07-26T05:45:00,,0.31749847531318665,,,HYDRAULIC_PROXY; no surface-water depth coupling
28549,,,2005-07-26T05:45:00,,0.24199950695037842,,,HYDRAULIC_PROXY; no surface-water depth coupling
28550,,,2005-07-26T05:45:00,,0.3013117015361786,,,HYDRAULIC_PROXY; no surface-water depth coupling
28551,,,2005-07-26T05:30:00,,0.16599950194358826,,,HYDRAULIC_PROXY; no surface-water depth coupling
28552,,,2005-07-26T05:45:00,,0.3013117015361786,,,HYDRAULIC_PROXY; no surface-water depth coupling
28553,,,2005-07-26T06:00:00,,0.6314266920089722,,,HYDRAULIC_PROXY; no surface-water depth coupling
28554,,,2005-07-26T05:00:00,,0.6223543882369995,,,HYDRAULIC_PROXY; no surface-water depth coupling
28555,,,2005-07-26T05:00:00,,0.48536261916160583,,,HYDRAULIC_PROXY; no surface-water depth coupling
28556,,,2005-07-26T00:15:00,,4.74399995803833,,2005-07-26T00:15:00,HYDRAULIC_PROXY; no surface-water depth coupling
28557,,,2005-07-26T05:45:00,,0.5572249889373779,,,HYDRAULIC_PROXY; no surface-water depth coupling
28558,,,2005-07-26T05:45:00,,0.5572249889373779,,,HYDRAULIC_PROXY; no surface-water depth coupling
28559,,,2005-07-26T05:45:00,,0.5572249889373779,,,HYDRAULIC_PROXY; no surface-water depth coupling
28560,,,2005-07-26T05:30:00,,0.5269032716751099,,,HYDRAULIC_PROXY; no surface-water depth coupling
28561,,,2005-07-26T05:30:00,,0.5269032716751099,,,HYDRAULIC_PROXY; no surface-water depth coupling
28562,,,2005-07-26T05:30:00,,1.1584991216659546,,,HYDRAULIC_PROXY; no surface-water depth coupling
28563,,,2005-07-26T04:00:00,,0.8236572742462158,,,HYDRAULIC_PROXY; no surface-water depth coupling
28564,,,2005-07-26T04:00:00,,0.8236572742462158,,,HYDRAULIC_PROXY; no surface-water depth coupling
28565,,,2005-07-26T04:00:00,,0.8236572742462158,,,HYDRAULIC_PROXY; no surface-water depth coupling
28566,,,2005-07-26T06:00:00,,0.7883462309837341,,,HYDRAULIC_PROXY; no surface-water depth coupling
28567,,,2005-07-26T06:00:00,,0.7883462309837341,,,HYDRAULIC_PROXY; no surface-water depth coupling
28568,,,2005-07-26T06:00:00,,0.7883462309837341,,,HYDRAULIC_PROXY; no surface-water depth coupling
28569,,,2005-07-26T05:45:00,,0.7048265933990479,,,HYDRAULIC_PROXY; no surface-water depth coupling
28570,,,2005-07-26T05:45:00,,0.6326348781585693,,,HYDRAULIC_PROXY; no surface-water depth coupling
28571,,,2005-07-26T06:00:00,,0.7812792062759399,,,HYDRAULIC_PROXY; no surface-water depth coupling
28572,,,2005-07-26T06:00:00,,0.7812792062759399,,,HYDRAULIC_PROXY; no surface-water depth coupling
28573,,,2005-07-26T05:00:00,,1.0137913227081299,,,HYDRAULIC_PROXY; no surface-water depth coupling
28574,,,2005-07-26T05:30:00,,0.47680437564849854,,,HYDRAULIC_PROXY; no surface-water depth coupling
28575,,,2005-07-26T05:30:00,,0.47680437564849854,,,HYDRAULIC_PROXY; no surface-water depth coupling
28576,,,2005-07-26T05:45:00,,0.20410528779029846,,,HYDRAULIC_PROXY; no surface-water depth coupling
28577,,,2005-07-26T05:45:00,,0.4066159129142761,,,HYDRAULIC_PROXY; no surface-water depth coupling
28578,,,2005-07-26T06:00:00,,0.46543386578559875,,,HYDRAULIC_PROXY; no surface-water depth coupling
28584,,,2005-07-26T05:30:00,,0.8660334944725037,,,HYDRAULIC_PROXY; no surface-water depth coupling
28602,,,2005-07-26T05:30:00,,0.5379841923713684,,,HYDRAULIC_PROXY; no surface-water depth coupling
28603,,,2005-07-26T05:30:00,,0.5379841923713684,,,HYDRAULIC_PROXY; no surface-water depth coupling
28801,,,2005-07-26T05:45:00,,1.1171419620513916,,,HYDRAULIC_PROXY; no surface-water depth coupling
28802,,,2005-07-26T04:30:00,,1.117252230644226,,,HYDRAULIC_PROXY; no surface-water depth coupling
28803,,,2005-07-26T05:00:00,,1.1209713220596313,,,HYDRAULIC_PROXY; no surface-water depth coupling
28804,,,2005-07-26T04:00:00,,1.1320219039916992,,,HYDRAULIC_PROXY; no surface-water depth coupling
28805,,,2005-07-26T05:00:00,,1.1302869319915771,,,HYDRAULIC_PROXY; no surface-water depth coupling
28806,,,2005-07-26T06:00:00,,1.130690336227417,,,HYDRAULIC_PROXY; no surface-water depth coupling
28807,,,2005-07-26T05:00:00,,1.12626314163208,,,HYDRAULIC_PROXY; no surface-water depth coupling
28808,,,2005-07-26T05:15:00,,1.1236555576324463,,,HYDRAULIC_PROXY; no surface-water depth coupling
28809,,,2005-07-26T05:00:00,,1.1179779767990112,,,HYDRAULIC_PROXY; no surface-water depth coupling
28810,,,2005-07-26T05:30:00,,1.111521601676941,,,HYDRAULIC_PROXY; no surface-water depth coupling
28811,,,2005-07-26T04:30:00,,0.07197544723749161,,,HYDRAULIC_PROXY; no surface-water depth coupling
28812,,,2005-07-26T02:45:00,,1.2357254028320312,,,HYDRAULIC_PROXY; no surface-water depth coupling
28813,,,2005-07-26T05:15:00,,0.09069029986858368,,,HYDRAULIC_PROXY; no surface-water depth coupling
28814,,,2005-07-26T05:15:00,,0.5185596942901611,,,HYDRAULIC_PROXY; no surface-water depth coupling
28815,,,2005-07-26T04:45:00,,0.5619004964828491,,,HYDRAULIC_PROXY; no surface-water depth coupling
28816,,,2005-07-26T05:15:00,,0.5935584306716919,,,HYDRAULIC_PROXY; no surface-water depth coupling
28817,,,2005-07-26T05:30:00,,0.5916118025779724,,,HYDRAULIC_PROXY; no surface-water depth coupling
28818,,,2005-07-26T05:15:00,,0.6318274140357971,,,HYDRAULIC_PROXY; no surface-water depth coupling
28819,,,2005-07-26T05:45:00,,0.6419941782951355,,,HYDRAULIC_PROXY; no surface-water depth coupling
28820,,,2005-07-26T05:45:00,,0.5792915225028992,,,HYDRAULIC_PROXY; no surface-water depth coupling
28821,,,2005-07-26T04:00:00,,0.6155551671981812,,,HYDRAULIC_PROXY; no surface-water depth coupling
28822,,,2005-07-26T05:15:00,,0.2927156984806061,,,HYDRAULIC_PROXY; no surface-water depth coupling
28823,,,2005-07-26T05:30:00,,0.3454262316226959,,,HYDRAULIC_PROXY; no surface-water depth coupling
28824,,,2005-07-26T05:45:00,,0.24199950695037842,,,HYDRAULIC_PROXY; no surface-water depth coupling
28825,,,2005-07-26T05:45:00,,0.3013117015361786,,,HYDRAULIC_PROXY; no surface-water depth coupling
28826,,,2005-07-26T05:45:00,,0.3013117015361786,,,HYDRAULIC_PROXY; no surface-water depth coupling
28827,,,2005-07-26T05:00:00,,0.6223543882369995,,,HYDRAULIC_PROXY; no surface-water depth coupling
28828,,,2005-07-26T05:15:00,,0.10809578746557236,,,HYDRAULIC_PROXY; no surface-water depth coupling
28829,,,2005-07-26T04:00:00,,0.5978168845176697,,,HYDRAULIC_PROXY; no surface-water depth coupling
28830,,,2005-07-26T00:15:00,,4.74399995803833,,2005-07-26T00:15:00,HYDRAULIC_PROXY; no surface-water depth coupling
28831,,,2005-07-26T02:45:00,,7.054101467132568,,,HYDRAULIC_PROXY; no surface-water depth coupling
28832,,,2005-07-26T02:45:00,,7.054101467132568,,,HYDRAULIC_PROXY; no surface-water depth coupling
28833,,,2005-07-26T02:45:00,,7.054101467132568,,,HYDRAULIC_PROXY; no surface-water depth coupling
28834,,,2005-07-26T05:30:00,,1.1584991216659546,,,HYDRAULIC_PROXY; no surface-water depth coupling
28835,,,2005-07-26T05:30:00,,1.1584991216659546,,,HYDRAULIC_PROXY; no surface-water depth coupling
28836,,,2005-07-26T05:30:00,,1.1584991216659546,,,HYDRAULIC_PROXY; no surface-water depth coupling
28837,,,2005-07-26T05:30:00,,1.1584991216659546,,,HYDRAULIC_PROXY; no surface-water depth coupling
28838,,,2005-07-26T06:00:00,,0.7883462309837341,,,HYDRAULIC_PROXY; no surface-water depth coupling
28839,,,2005-07-26T06:00:00,,0.7883462309837341,,,HYDRAULIC_PROXY; no surface-water depth coupling
28840,,,2005-07-26T06:00:00,,0.7883462309837341,,,HYDRAULIC_PROXY; no surface-water depth coupling
28841,,,2005-07-26T06:00:00,,0.7883462309837341,,,HYDRAULIC_PROXY; no surface-water depth coupling
28842,,,2005-07-26T06:00:00,,0.7883462309837341,,,HYDRAULIC_PROXY; no surface-water depth coupling
28843,,,2005-07-26T05:15:00,,0.7181613445281982,,,HYDRAULIC_PROXY; no surface-water depth coupling
28844,,,2005-07-26T05:30:00,,0.8698675036430359,,,HYDRAULIC_PROXY; no surface-water depth coupling
28845,,,2005-07-26T05:00:00,,1.0137913227081299,,,HYDRAULIC_PROXY; no surface-water depth coupling
28846,,,2005-07-26T05:00:00,,1.0236912965774536,,,HYDRAULIC_PROXY; no surface-water depth coupling
28847,,,2005-07-26T05:30:00,,0.47680437564849854,,,HYDRAULIC_PROXY; no surface-water depth coupling
28848,,,2005-07-26T05:30:00,,0.47680437564849854,,,HYDRAULIC_PROXY; no surface-water depth coupling
28849,,,2005-07-26T05:30:00,,0.36028000712394714,,,HYDRAULIC_PROXY; no surface-water depth coupling
28850,,,2005-07-26T05:45:00,,0.4066159129142761,,,HYDRAULIC_PROXY; no surface-water depth coupling
28851,,,2005-07-26T05:45:00,,0.4066159129142761,,,HYDRAULIC_PROXY; no surface-water depth coupling
28852,,,2005-07-26T06:00:00,,0.46543386578559875,,,HYDRAULIC_PROXY; no surface-water depth coupling
28853,,,2005-07-26T06:00:00,,0.46543386578559875,,,HYDRAULIC_PROXY; no surface-water depth coupling
28857,,,2005-07-26T05:30:00,,0.8660334944725037,,,HYDRAULIC_PROXY; no surface-water depth coupling
28858,,,2005-07-26T05:30:00,,0.8983524441719055,,,HYDRAULIC_PROXY; no surface-water depth coupling
28859,,,2005-07-26T05:30:00,,0.9141722917556763,,,HYDRAULIC_PROXY; no surface-water depth coupling
28863,,,2005-07-26T05:45:00,,0.40921735763549805,,,HYDRAULIC_PROXY; no surface-water depth coupling
28864,,,2005-07-26T05:45:00,,0.40921735763549805,,,HYDRAULIC_PROXY; no surface-water depth coupling
28865,,,2005-07-26T05:45:00,,0.4812508821487427,,,HYDRAULIC_PROXY; no surface-water depth coupling
28866,,,2005-07-26T05:30:00,,0.6209902167320251,,,HYDRAULIC_PROXY; no surface-water depth coupling
28867,,,2005-07-26T05:30:00,,0.6144139170646667,,,HYDRAULIC_PROXY; no surface-water depth coupling
28875,,,2005-07-26T05:30:00,,0.5379841923713684,,,HYDRAULIC_PROXY; no surface-water depth coupling
28876,,,2005-07-26T05:30:00,,0.5379841923713684,,,HYDRAULIC_PROXY; no surface-water depth coupling
28877,,,2005-07-26T05:30:00,,0.5379841923713684,,,HYDRAULIC_PROXY; no surface-water depth coupling
29079,,,2005-07-26T04:00:00,,1.1320219039916992,,,HYDRAULIC_PROXY; no surface-water depth coupling
29080,,,2005-07-26T05:00:00,,1.1305049657821655,,,HYDRAULIC_PROXY; no surface-water depth coupling
29081,,,2005-07-26T06:00:00,,1.131088376045227,,,HYDRAULIC_PROXY; no surface-water depth coupling
29082,,,2005-07-26T05:00:00,,1.126624345779419,,,HYDRAULIC_PROXY; no surface-water depth coupling
29083,,,2005-07-26T04:45:00,,1.1263161897659302,,,HYDRAULIC_PROXY; no surface-water depth coupling
29084,,,2005-07-26T05:15:00,,1.1359144449234009,,,HYDRAULIC_PROXY; no surface-water depth coupling
29085,,,2005-07-26T05:15:00,,1.1236555576324463,,,HYDRAULIC_PROXY; no surface-water depth coupling
29086,,,2005-07-26T05:30:00,,1.115051031112671,,,HYDRAULIC_PROXY; no surface-water depth coupling
29087,,,2005-07-26T05:00:00,,1.0989259481430054,,,HYDRAULIC_PROXY; no surface-water depth coupling
29088,,,2005-07-26T04:45:00,,1.0959498882293701,,,HYDRAULIC_PROXY; no surface-water depth coupling
29089,,,2005-07-26T02:45:00,,1.2357254028320312,,,HYDRAULIC_PROXY; no surface-water depth coupling
29090,,,2005-07-26T05:15:00,,0.5185596942901611,,,HYDRAULIC_PROXY; no surface-water depth coupling
29091,,,2005-07-26T05:15:00,,0.59505295753479,,,HYDRAULIC_PROXY; no surface-water depth coupling
29092,,,2005-07-26T05:30:00,,0.5916118025779724,,,HYDRAULIC_PROXY; no surface-water depth coupling
29093,,,2005-07-26T05:30:00,,0.589180588722229,,,HYDRAULIC_PROXY; no surface-water depth coupling
29094,,,2005-07-26T05:15:00,,0.6288491487503052,,,HYDRAULIC_PROXY; no surface-water depth coupling
29095,,,2005-07-26T05:30:00,,0.5772419571876526,,,HYDRAULIC_PROXY; no surface-water depth coupling
29096,,,2005-07-26T05:30:00,,0.5882701277732849,,,HYDRAULIC_PROXY; no surface-water depth coupling
29097,,,2005-07-26T05:00:00,,0.3270360231399536,,,HYDRAULIC_PROXY; no surface-water depth coupling
29098,,,2005-07-26T05:30:00,,0.3136163055896759,,,HYDRAULIC_PROXY; no surface-water depth coupling
29099,,,2005-07-26T05:45:00,,0.29285767674446106,,,HYDRAULIC_PROXY; no surface-water depth coupling
29100,,,2005-07-26T05:15:00,,0.2927156984806061,,,HYDRAULIC_PROXY; no surface-water depth coupling
29101,,,2005-07-26T05:30:00,,0.3454262316226959,,,HYDRAULIC_PROXY; no surface-water depth coupling
29102,,,2005-07-26T05:45:00,,0.31749847531318665,,,HYDRAULIC_PROXY; no surface-water depth coupling
29103,,,2005-07-26T05:15:00,,0.10809578746557236,,,HYDRAULIC_PROXY; no surface-water depth coupling
29104,,,2005-07-26T05:15:00,,0.10809578746557236,,,HYDRAULIC_PROXY; no surface-water depth coupling
29105,,,2005-07-26T00:15:00,,4.74399995803833,,2005-07-26T00:15:00,HYDRAULIC_PROXY; no surface-water depth coupling
29106,,,2005-07-26T04:15:00,,6.692292213439941,,,HYDRAULIC_PROXY; no surface-water depth coupling
29107,,,2005-07-26T05:30:00,,6.5578837394714355,,,HYDRAULIC_PROXY; no surface-water depth coupling
29108,,,2005-07-26T05:30:00,,6.5578837394714355,,,HYDRAULIC_PROXY; no surface-water depth coupling
29109,,,2005-07-26T05:30:00,,6.5578837394714355,,,HYDRAULIC_PROXY; no surface-water depth coupling
29110,,,2005-07-26T05:30:00,,1.1584991216659546,,,HYDRAULIC_PROXY; no surface-water depth coupling
29111,,,2005-07-26T05:30:00,,1.1584991216659546,,,HYDRAULIC_PROXY; no surface-water depth coupling
29112,,,2005-07-26T05:30:00,,1.1584991216659546,,,HYDRAULIC_PROXY; no surface-water depth coupling
29113,,,2005-07-26T05:30:00,,1.1584991216659546,,,HYDRAULIC_PROXY; no surface-water depth coupling
29114,,,2005-07-26T05:30:00,,1.1584991216659546,,,HYDRAULIC_PROXY; no surface-water depth coupling
29115,,,2005-07-26T06:00:00,,0.7883462309837341,,,HYDRAULIC_PROXY; no surface-water depth coupling
29116,,,2005-07-26T06:00:00,,0.7883462309837341,,,HYDRAULIC_PROXY; no surface-water depth coupling
29117,,,2005-07-26T06:00:00,,0.7883462309837341,,,HYDRAULIC_PROXY; no surface-water depth coupling
29118,,,2005-07-26T05:15:00,,0.7181613445281982,,,HYDRAULIC_PROXY; no surface-water depth coupling
29119,,,2005-07-26T05:45:00,,0.9281784296035767,,,HYDRAULIC_PROXY; no surface-water depth coupling
29120,,,2005-07-26T05:45:00,,0.8384575247764587,,,HYDRAULIC_PROXY; no surface-water depth coupling
29121,,,2005-07-26T05:45:00,,0.8384575247764587,,,HYDRAULIC_PROXY; no surface-water depth coupling
29122,,,2005-07-26T05:45:00,,0.4246736764907837,,,HYDRAULIC_PROXY; no surface-water depth coupling
29123,,,2005-07-26T05:30:00,,0.47680437564849854,,,HYDRAULIC_PROXY; no surface-water depth coupling
29124,,,2005-07-26T05:30:00,,0.47680437564849854,,,HYDRAULIC_PROXY; no surface-water depth coupling
29125,,,2005-07-26T05:45:00,,0.20410528779029846,,,HYDRAULIC_PROXY; no surface-water depth coupling
29126,,,2005-07-26T05:45:00,,0.4066159129142761,,,HYDRAULIC_PROXY; no surface-water depth coupling
29127,,,2005-07-26T06:00:00,,0.46543386578559875,,,HYDRAULIC_PROXY; no surface-water depth coupling
29128,,,2005-07-26T06:00:00,,0.46543386578559875,,,HYDRAULIC_PROXY; no surface-water depth coupling
29129,,,2005-07-26T05:30:00,,0.43261009454727173,,,HYDRAULIC_PROXY; no surface-water depth coupling
29130,,,2005-07-26T05:30:00,,0.43261009454727173,,,HYDRAULIC_PROXY; no surface-water depth coupling
29131,,,2005-07-26T05:30:00,,1.0298017263412476,,,HYDRAULIC_PROXY; no surface-water depth coupling
29132,,,2005-07-26T05:45:00,,1.076940655708313,,,HYDRAULIC_PROXY; no surface-water depth coupling
29133,,,2005-07-26T05:30:00,,0.8660334944725037,,,HYDRAULIC_PROXY; no surface-water depth coupling
29134,,,2005-07-26T05:30:00,,0.8983524441719055,,,HYDRAULIC_PROXY; no surface-water depth coupling
29135,,,2005-07-26T05:30:00,,0.9141722917556763,,,HYDRAULIC_PROXY; no surface-water depth coupling
29136,,,2005-07-26T05:15:00,,1.0809059143066406,,,HYDRAULIC_PROXY; no surface-water depth coupling
29137,,,2005-07-26T05:15:00,,1.0809059143066406,,,HYDRAULIC_PROXY; no surface-water depth coupling
29138,,,2005-07-26T05:15:00,,1.0809059143066406,,,HYDRAULIC_PROXY; no surface-water depth coupling
29139,,,2005-07-26T05:15:00,,1.0809059143066406,,,HYDRAULIC_PROXY; no surface-water depth coupling
29140,,,2005-07-26T05:15:00,,1.0809059143066406,,,HYDRAULIC_PROXY; no surface-water depth coupling
29141,,,2005-07-26T05:15:00,,1.0809059143066406,,,HYDRAULIC_PROXY; no surface-water depth coupling
29142,,,2005-07-26T05:30:00,,0.6209902167320251,,,HYDRAULIC_PROXY; no surface-water depth coupling
29143,,,2005-07-26T05:30:00,,0.6144139170646667,,,HYDRAULIC_PROXY; no surface-water depth coupling
29144,,,2005-07-26T05:30:00,,0.6144139170646667,,,HYDRAULIC_PROXY; no surface-water depth coupling
29148,,,2005-07-26T05:30:00,,0.5379841923713684,,,HYDRAULIC_PROXY; no surface-water depth coupling
29149,,,2005-07-26T05:30:00,,0.5379841923713684,,,HYDRAULIC_PROXY; no surface-water depth coupling
29150,,,2005-07-26T05:30:00,,0.5379841923713684,,,HYDRAULIC_PROXY; no surface-water depth coupling
29151,,,2005-07-26T05:30:00,,0.5379841923713684,,,HYDRAULIC_PROXY; no surface-water depth coupling
29152,,,2005-07-26T05:30:00,,0.5379841923713684,,,HYDRAULIC_PROXY; no surface-water depth coupling
29357,,,2005-07-26T05:00:00,,1.1302869319915771,,,HYDRAULIC_PROXY; no surface-water depth coupling
29358,,,2005-07-26T06:00:00,,1.130690336227417,,,HYDRAULIC_PROXY; no surface-water depth coupling
29359,,,2005-07-26T05:00:00,,1.12626314163208,,,HYDRAULIC_PROXY; no surface-water depth coupling
29360,,,2005-07-26T05:45:00,,0.891599714756012,,,HYDRAULIC_PROXY; no surface-water depth coupling
29361,,,2005-07-26T05:30:00,,1.133628249168396,,,HYDRAULIC_PROXY; no surface-water depth coupling
29362,,,2005-07-26T04:45:00,,0.26371297240257263,,,HYDRAULIC_PROXY; no surface-water depth coupling
29363,,,2005-07-26T04:45:00,,0.27194157242774963,,,HYDRAULIC_PROXY; no surface-water depth coupling
29364,,,2005-07-26T05:30:00,,0.4353533983230591,,,HYDRAULIC_PROXY; no surface-water depth coupling
29365,,,2005-07-26T05:45:00,,0.43195274472236633,,,HYDRAULIC_PROXY; no surface-water depth coupling
29366,,,2005-07-26T05:45:00,,0.43195274472236633,,,HYDRAULIC_PROXY; no surface-water depth coupling
29367,,,2005-07-26T05:45:00,,0.43195274472236633,,,HYDRAULIC_PROXY; no surface-water depth coupling
29368,,,2005-07-26T05:00:00,,0.6340547800064087,,,HYDRAULIC_PROXY; no surface-water depth coupling
29369,,,2005-07-26T05:15:00,,0.630894660949707,,,HYDRAULIC_PROXY; no surface-water depth coupling
29370,,,2005-07-26T05:45:00,,0.5814651250839233,,,HYDRAULIC_PROXY; no surface-water depth coupling
29371,,,2005-07-26T04:45:00,,0.6200242638587952,,,HYDRAULIC_PROXY; no surface-water depth coupling
29372,,,2005-07-26T04:00:00,,0.6266072392463684,,,HYDRAULIC_PROXY; no surface-water depth coupling
29373,,,2005-07-26T04:30:00,,0.5986899137496948,,,HYDRAULIC_PROXY; no surface-water depth coupling
29374,,,2005-07-26T06:00:00,,0.4489831328392029,,,HYDRAULIC_PROXY; no surface-water depth coupling
29375,,,2005-07-26T05:45:00,,0.4548049867153168,,,HYDRAULIC_PROXY; no surface-water depth coupling
29376,,,2005-07-26T05:45:00,,0.4039284884929657,,,HYDRAULIC_PROXY; no surface-water depth coupling
29377,,,2005-07-26T05:45:00,,0.38106629252433777,,,HYDRAULIC_PROXY; no surface-water depth coupling
29378,,,2005-07-26T05:45:00,,0.38106629252433777,,,HYDRAULIC_PROXY; no surface-water depth coupling
29379,,,2005-07-26T05:30:00,,0.2352323979139328,,,HYDRAULIC_PROXY; no surface-water depth coupling
29380,,,2005-07-26T05:30:00,,0.23541904985904694,,,HYDRAULIC_PROXY; no surface-water depth coupling
29381,,,2005-07-26T05:30:00,,0.16604658961296082,,,HYDRAULIC_PROXY; no surface-water depth coupling
29382,,,2005-07-26T04:15:00,,6.692292213439941,,,HYDRAULIC_PROXY; no surface-water depth coupling
29383,,,2005-07-26T05:45:00,,1.7849442958831787,,,HYDRAULIC_PROXY; no surface-water depth coupling
29384,,,2005-07-26T05:45:00,,1.7849442958831787,,,HYDRAULIC_PROXY; no surface-water depth coupling
29385,,,2005-07-26T05:45:00,,1.7849442958831787,,,HYDRAULIC_PROXY; no surface-water depth coupling
29386,,,2005-07-26T05:30:00,,1.1584991216659546,,,HYDRAULIC_PROXY; no surface-water depth coupling
29387,,,2005-07-26T05:30:00,,1.1584991216659546,,,HYDRAULIC_PROXY; no surface-water depth coupling
29388,,,2005-07-26T05:30:00,,1.1584991216659546,,,HYDRAULIC_PROXY; no surface-water depth coupling
29389,,,2005-07-26T05:30:00,,1.1584991216659546,,,HYDRAULIC_PROXY; no surface-water depth coupling
29390,,,2005-07-26T05:30:00,,1.1584991216659546,,,HYDRAULIC_PROXY; no surface-water depth coupling
29391,,,2005-07-26T05:30:00,,1.1584991216659546,,,HYDRAULIC_PROXY; no surface-water depth coupling
29392,,,2005-07-26T06:00:00,,0.7883462309837341,,,HYDRAULIC_PROXY; no surface-water depth coupling
29393,,,2005-07-26T06:00:00,,0.7883462309837341,,,HYDRAULIC_PROXY; no surface-water depth coupling
29394,,,2005-07-26T06:00:00,,0.7883462309837341,,,HYDRAULIC_PROXY; no surface-water depth coupling
29395,,,2005-07-26T05:15:00,,0.7257718443870544,,,HYDRAULIC_PROXY; no surface-water depth coupling
29396,,,2005-07-26T05:15:00,,0.7257718443870544,,,HYDRAULIC_PROXY; no surface-water depth coupling
29397,,,2005-07-26T02:15:00,,0.5585595369338989,,,HYDRAULIC_PROXY; no surface-water depth coupling
29398,,,2005-07-26T02:15:00,,0.5585595369338989,,,HYDRAULIC_PROXY; no surface-water depth coupling
29399,,,2005-07-26T02:15:00,,0.498445063829422,,,HYDRAULIC_PROXY; no surface-water depth coupling
29400,,,2005-07-26T05:30:00,,0.47680437564849854,,,HYDRAULIC_PROXY; no surface-water depth coupling
29401,,,2005-07-26T05:30:00,,0.36028000712394714,,,HYDRAULIC_PROXY; no surface-water depth coupling
29402,,,2005-07-26T06:00:00,,0.4092060923576355,,,HYDRAULIC_PROXY; no surface-water depth coupling
29403,,,2005-07-26T05:45:00,,0.438541978597641,,,HYDRAULIC_PROXY; no surface-water depth coupling
29404,,,2005-07-26T05:30:00,,0.4435898959636688,,,HYDRAULIC_PROXY; no surface-water depth coupling
29405,,,2005-07-26T05:30:00,,0.43261009454727173,,,HYDRAULIC_PROXY; no surface-water depth coupling
29406,,,2005-07-26T05:30:00,,0.24994409084320068,,,HYDRAULIC_PROXY; no surface-water depth coupling
29407,,,2005-07-26T05:30:00,,0.24015970528125763,,,HYDRAULIC_PROXY; no surface-water depth coupling
29408,,,2005-07-26T05:30:00,,1.0298017263412476,,,HYDRAULIC_PROXY; no surface-water depth coupling
29409,,,2005-07-26T06:00:00,,0.8568867444992065,,,HYDRAULIC_PROXY; no surface-water depth coupling
29410,,,2005-07-26T05:30:00,,0.8660334944725037,,,HYDRAULIC_PROXY; no surface-water depth coupling
29411,,,2005-07-26T05:30:00,,0.9141722917556763,,,HYDRAULIC_PROXY; no surface-water depth coupling
29412,,,2005-07-26T05:15:00,,1.0340211391448975,,,HYDRAULIC_PROXY; no surface-water depth coupling
29413,,,2005-07-26T05:15:00,,1.0809059143066406,,,HYDRAULIC_PROXY; no surface-water depth coupling
29414,,,2005-07-26T05:15:00,,1.0809059143066406,,,HYDRAULIC_PROXY; no surface-water depth coupling
29415,,,2005-07-26T05:15:00,,1.0809059143066406,,,HYDRAULIC_PROXY; no surface-water depth coupling
29416,,,2005-07-26T05:15:00,,1.0809059143066406,,,HYDRAULIC_PROXY; no surface-water depth coupling
29417,,,2005-07-26T05:15:00,,1.0809059143066406,,,HYDRAULIC_PROXY; no surface-water depth coupling
29418,,,2005-07-26T05:15:00,,1.0809059143066406,,,HYDRAULIC_PROXY; no surface-water depth coupling
29419,,,2005-07-26T05:15:00,,1.0809059143066406,,,HYDRAULIC_PROXY; no surface-water depth coupling
29420,,,2005-07-26T05:30:00,,0.6144139170646667,,,HYDRAULIC_PROXY; no surface-water depth coupling
29421,,,2005-07-26T05:30:00,,0.6144139170646667,,,HYDRAULIC_PROXY; no surface-water depth coupling
29423,,,2005-07-26T05:30:00,,0.5379841923713684,,,HYDRAULIC_PROXY; no surface-water depth coupling
29424,,,2005-07-26T05:30:00,,0.5379841923713684,,,HYDRAULIC_PROXY; no surface-water depth coupling
29425,,,2005-07-26T05:30:00,,0.5379841923713684,,,HYDRAULIC_PROXY; no surface-water depth coupling
29426,,,2005-07-26T05:30:00,,0.5379841923713684,,,HYDRAULIC_PROXY; no surface-water depth coupling
29427,,,2005-07-26T05:30:00,,0.5379841923713684,,,HYDRAULIC_PROXY; no surface-water depth coupling
29428,,,2005-07-26T05:30:00,,0.5379841923713684,,,HYDRAULIC_PROXY; no surface-water depth coupling
29638,,,2005-07-26T05:15:00,,0.855928897857666,,,HYDRAULIC_PROXY; no surface-water depth coupling
29639,,,2005-07-26T04:45:00,,0.8626428246498108,,,HYDRAULIC_PROXY; no surface-water depth coupling
29640,,,2005-07-26T05:45:00,,0.8707484602928162,,,HYDRAULIC_PROXY; no surface-water depth coupling
29641,,,2005-07-26T04:45:00,,0.27956801652908325,,,HYDRAULIC_PROXY; no surface-water depth coupling
29642,,,2005-07-26T04:45:00,,0.27956801652908325,,,HYDRAULIC_PROXY; no surface-water depth coupling
29643,,,2005-07-26T05:45:00,,0.43379926681518555,,,HYDRAULIC_PROXY; no surface-water depth coupling
29644,,,2005-07-26T05:45:00,,0.43195274472236633,,,HYDRAULIC_PROXY; no surface-water depth coupling
29645,,,2005-07-26T05:45:00,,0.43195274472236633,,,HYDRAULIC_PROXY; no surface-water depth coupling
29646,,,2005-07-26T05:45:00,,0.43195274472236633,,,HYDRAULIC_PROXY; no surface-water depth coupling
29647,,,2005-07-26T05:30:00,,0.5868949890136719,,,HYDRAULIC_PROXY; no surface-water depth coupling
29648,,,2005-07-26T04:45:00,,0.6260939240455627,,,HYDRAULIC_PROXY; no surface-water depth coupling
29649,,,2005-07-26T05:30:00,,0.5772419571876526,,,HYDRAULIC_PROXY; no surface-water depth coupling
29650,,,2005-07-26T04:30:00,,0.6377870440483093,,,HYDRAULIC_PROXY; no surface-water depth coupling
29651,,,2005-07-26T05:45:00,,0.5526153445243835,,,HYDRAULIC_PROXY; no surface-water depth coupling
29652,,,2005-07-26T04:45:00,,0.5907361507415771,,,HYDRAULIC_PROXY; no surface-water depth coupling
29653,,,2005-07-26T05:30:00,,0.44251549243927,,,HYDRAULIC_PROXY; no surface-water depth coupling
29654,,,2005-07-26T05:30:00,,0.3136163055896759,,,HYDRAULIC_PROXY; no surface-water depth coupling
29655,,,2005-07-26T05:30:00,,0.4310852885246277,,,HYDRAULIC_PROXY; no surface-water depth coupling
29656,,,2005-07-26T05:30:00,,0.296371728181839,,,HYDRAULIC_PROXY; no surface-water depth coupling
29657,,,2005-07-26T05:00:00,,0.44840294122695923,,,HYDRAULIC_PROXY; no surface-water depth coupling
29658,,,2005-07-26T05:30:00,,0.2352323979139328,,,HYDRAULIC_PROXY; no surface-water depth coupling
29659,,,2005-07-26T05:30:00,,0.19297553598880768,,,HYDRAULIC_PROXY; no surface-water depth coupling
29660,,,2005-07-26T05:30:00,,0.11039723455905914,,,HYDRAULIC_PROXY; no surface-water depth coupling
29661,,,2005-07-26T03:15:00,,0.20624081790447235,,,HYDRAULIC_PROXY; no surface-water depth coupling
29662,,,2005-07-26T06:00:00,,0.9300379157066345,,,HYDRAULIC_PROXY; no surface-water depth coupling
29663,,,2005-07-26T06:00:00,,0.9300379157066345,,,HYDRAULIC_PROXY; no surface-water depth coupling
29664,,,2005-07-26T05:15:00,,0.9433928728103638,,,HYDRAULIC_PROXY; no surface-water depth coupling
29665,,,2005-07-26T05:15:00,,1.1934435367584229,,,HYDRAULIC_PROXY; no surface-water depth coupling
29666,,,2005-07-26T05:30:00,,1.1584991216659546,,,HYDRAULIC_PROXY; no surface-water depth coupling
29667,,,2005-07-26T05:30:00,,1.1584991216659546,,,HYDRAULIC_PROXY; no surface-water depth coupling
29668,,,2005-07-26T05:30:00,,1.1584991216659546,,,HYDRAULIC_PROXY; no surface-water depth coupling
29669,,,2005-07-26T05:30:00,,1.1584991216659546,,,HYDRAULIC_PROXY; no surface-water depth coupling
29670,,,2005-07-26T05:30:00,,1.1584991216659546,,,HYDRAULIC_PROXY; no surface-water depth coupling
29671,,,2005-07-26T05:00:00,,0.283893883228302,,,HYDRAULIC_PROXY; no surface-water depth coupling
29672,,,2005-07-26T05:15:00,,0.20220209658145905,,,HYDRAULIC_PROXY; no surface-water depth coupling
29673,,,2005-07-26T05:30:00,,0.6653019189834595,,,HYDRAULIC_PROXY; no surface-water depth coupling
29674,,,2005-07-26T02:15:00,,0.5585595369338989,,,HYDRAULIC_PROXY; no surface-water depth coupling
29675,,,2005-07-26T02:15:00,,0.5585595369338989,,,HYDRAULIC_PROXY; no surface-water depth coupling
29676,,,2005-07-26T02:15:00,,0.48356884717941284,,,HYDRAULIC_PROXY; no surface-water depth coupling
29677,,,2005-07-26T02:15:00,,0.4802160859107971,,,HYDRAULIC_PROXY; no surface-water depth coupling
29678,,,2005-07-26T02:00:00,,0.4780871272087097,,,HYDRAULIC_PROXY; no surface-water depth coupling
29679,,,2005-07-26T06:00:00,,0.4730016887187958,,,HYDRAULIC_PROXY; no surface-water depth coupling
29680,,,2005-07-26T05:30:00,,0.217439204454422,,,HYDRAULIC_PROXY; no surface-water depth coupling
29681,,,2005-07-26T02:00:00,,0.3053593337535858,,,HYDRAULIC_PROXY; no surface-water depth coupling
29682,,,2005-07-26T05:30:00,,0.4829082787036896,,,HYDRAULIC_PROXY; no surface-water depth coupling
29683,,,2005-07-26T05:45:00,,0.3641648590564728,,,HYDRAULIC_PROXY; no surface-water depth coupling
29684,,,2005-07-26T05:30:00,,0.2318892776966095,,,HYDRAULIC_PROXY; no surface-water depth coupling
29685,,,2005-07-26T05:30:00,,0.24015970528125763,,,HYDRAULIC_PROXY; no surface-water depth coupling
29686,,,2005-07-26T05:30:00,,1.0298017263412476,,,HYDRAULIC_PROXY; no surface-water depth coupling
29687,,,2005-07-26T05:45:00,,1.076940655708313,,,HYDRAULIC_PROXY; no surface-water depth coupling
29688,,,2005-07-26T06:00:00,,0.8568867444992065,,,HYDRAULIC_PROXY; no surface-water depth coupling
29689,,,2005-07-26T05:30:00,,0.8983524441719055,,,HYDRAULIC_PROXY; no surface-water depth coupling
29690,,,2005-07-26T05:30:00,,0.9141722917556763,,,HYDRAULIC_PROXY; no surface-water depth coupling
29691,,,2005-07-26T05:15:00,,1.0809059143066406,,,HYDRAULIC_PROXY; no surface-water depth coupling
29692,,,2005-07-26T05:15:00,,1.0809059143066406,,,HYDRAULIC_PROXY; no surface-water depth coupling
29693,,,2005-07-26T05:15:00,,1.0809059143066406,,,HYDRAULIC_PROXY; no surface-water depth coupling
29694,,,2005-07-26T05:15:00,,1.0809059143066406,,,HYDRAULIC_PROXY; no surface-water depth coupling
29695,,,2005-07-26T05:15:00,,1.0809059143066406,,,HYDRAULIC_PROXY; no surface-water depth coupling
29696,,,2005-07-26T05:15:00,,1.0809059143066406,,,HYDRAULIC_PROXY; no surface-water depth coupling
29697,,,2005-07-26T05:15:00,,1.0809059143066406,,,HYDRAULIC_PROXY; no surface-water depth coupling
29698,,,2005-07-26T05:15:00,,1.0809059143066406,,,HYDRAULIC_PROXY; no surface-water depth coupling
29699,,,2005-07-26T05:15:00,,1.0809059143066406,,,HYDRAULIC_PROXY; no surface-water depth coupling
29700,,,2005-07-26T05:30:00,,0.6144139170646667,,,HYDRAULIC_PROXY; no surface-water depth coupling
29701,,,2005-07-26T05:30:00,,0.5379841923713684,,,HYDRAULIC_PROXY; no surface-water depth coupling
29702,,,2005-07-26T05:30:00,,0.5379841923713684,,,HYDRAULIC_PROXY; no surface-water depth coupling
29703,,,2005-07-26T05:30:00,,0.5379841923713684,,,HYDRAULIC_PROXY; no surface-water depth coupling
29704,,,2005-07-26T05:30:00,,0.5379841923713684,,,HYDRAULIC_PROXY; no surface-water depth coupling
29705,,,2005-07-26T05:30:00,,0.5379841923713684,,,HYDRAULIC_PROXY; no surface-water depth coupling
29706,,,2005-07-26T05:30:00,,0.5379841923713684,,,HYDRAULIC_PROXY; no surface-water depth coupling
29707,,,2005-07-26T05:30:00,,0.5379841923713684,,,HYDRAULIC_PROXY; no surface-water depth coupling
29917,,,2005-07-26T04:45:00,,0.839328408241272,,,HYDRAULIC_PROXY; no surface-water depth coupling
29918,,,2005-07-26T05:45:00,,0.10211603343486786,,,HYDRAULIC_PROXY; no surface-water depth coupling
29919,,,2005-07-26T05:00:00,,0.22714079916477203,,,HYDRAULIC_PROXY; no surface-water depth coupling
29920,,,2005-07-26T04:45:00,,0.2187017798423767,,,HYDRAULIC_PROXY; no surface-water depth coupling
29921,,,2005-07-26T04:45:00,,0.2187017798423767,,,HYDRAULIC_PROXY; no surface-water depth coupling
29922,,,2005-07-26T05:45:00,,0.43195274472236633,,,HYDRAULIC_PROXY; no surface-water depth coupling
29923,,,2005-07-26T05:45:00,,0.43195274472236633,,,HYDRAULIC_PROXY; no surface-water depth coupling
29924,,,2005-07-26T05:45:00,,0.43195274472236633,,,HYDRAULIC_PROXY; no surface-water depth coupling
29925,,,2005-07-26T05:45:00,,0.43195274472236633,,,HYDRAULIC_PROXY; no surface-water depth coupling
29926,,,2005-07-26T05:30:00,,0.5758363008499146,,,HYDRAULIC_PROXY; no surface-water depth coupling
29927,,,2005-07-26T05:45:00,,0.5991945862770081,,,HYDRAULIC_PROXY; no surface-water depth coupling
29928,,,2005-07-26T05:45:00,,0.5526153445243835,,,HYDRAULIC_PROXY; no surface-water depth coupling
29929,,,2005-07-26T05:45:00,,0.5347630977630615,,,HYDRAULIC_PROXY; no surface-water depth coupling
29930,,,2005-07-26T05:45:00,,0.17958368360996246,,,HYDRAULIC_PROXY; no surface-water depth coupling
29931,,,2005-07-26T06:00:00,,0.3373293876647949,,,HYDRAULIC_PROXY; no surface-water depth coupling
29932,,,2005-07-26T06:00:00,,0.29498329758644104,,,HYDRAULIC_PROXY; no surface-water depth coupling
29933,,,2005-07-26T02:30:00,,0.41516709327697754,,,HYDRAULIC_PROXY; no surface-water depth coupling
29934,,,2005-07-26T05:30:00,,0.2799118459224701,,,HYDRAULIC_PROXY; no surface-water depth coupling
29935,,,2005-07-26T05:15:00,,0.31209123134613037,,,HYDRAULIC_PROXY; no surface-water depth coupling
29936,,,2005-07-26T05:30:00,,0.2352323979139328,,,HYDRAULIC_PROXY; no surface-water depth coupling
29937,,,2005-07-26T03:15:00,,0.26929718255996704,,,HYDRAULIC_PROXY; no surface-water depth coupling
29938,,,2005-07-26T05:30:00,,0.11039723455905914,,,HYDRAULIC_PROXY; no surface-water depth coupling
29939,,,2005-07-26T03:15:00,,0.20624081790447235,,,HYDRAULIC_PROXY; no surface-water depth coupling
29940,,,2005-07-26T06:00:00,,0.9300379157066345,,,HYDRAULIC_PROXY; no surface-water depth coupling
29941,,,2005-07-26T05:30:00,,0.49075278639793396,,,HYDRAULIC_PROXY; no surface-water depth coupling
29942,,,2005-07-26T05:30:00,,1.1767030954360962,,,HYDRAULIC_PROXY; no surface-water depth coupling
29943,,,2005-07-26T05:15:00,,1.2083168029785156,,,HYDRAULIC_PROXY; no surface-water depth coupling
29944,,,2005-07-26T05:30:00,,1.1584991216659546,,,HYDRAULIC_PROXY; no surface-water depth coupling
29945,,,2005-07-26T05:30:00,,1.1584991216659546,,,HYDRAULIC_PROXY; no surface-water depth coupling
29946,,,2005-07-26T05:30:00,,1.1584991216659546,,,HYDRAULIC_PROXY; no surface-water depth coupling
29947,,,2005-07-26T05:30:00,,1.1584991216659546,,,HYDRAULIC_PROXY; no surface-water depth coupling
29948,,,2005-07-26T05:30:00,,1.1584991216659546,,,HYDRAULIC_PROXY; no surface-water depth coupling
29949,,,2005-07-26T04:45:00,,0.26701417565345764,,,HYDRAULIC_PROXY; no surface-water depth coupling
29950,,,2005-07-26T05:00:00,,0.2894553244113922,,,HYDRAULIC_PROXY; no surface-water depth coupling
29951,,,2005-07-26T05:30:00,,0.6653019189834595,,,HYDRAULIC_PROXY; no surface-water depth coupling
29952,,,2005-07-26T05:15:00,,0.507470965385437,,,HYDRAULIC_PROXY; no surface-water depth coupling
29953,,,2005-07-26T05:00:00,,0.4909968376159668,,,HYDRAULIC_PROXY; no surface-water depth coupling
29954,,,2005-07-26T04:45:00,,0.42048412561416626,,,HYDRAULIC_PROXY; no surface-water depth coupling
29955,,,2005-07-26T05:00:00,,0.4392659068107605,,,HYDRAULIC_PROXY; no surface-water depth coupling
29956,,,2005-07-26T04:30:00,,0.5830062031745911,,,HYDRAULIC_PROXY; no surface-water depth coupling
29957,,,2005-07-26T06:00:00,,0.5473763346672058,,,HYDRAULIC_PROXY; no surface-water depth coupling
29958,,,2005-07-26T06:00:00,,0.2893896698951721,,,HYDRAULIC_PROXY; no surface-water depth coupling
29959,,,2005-07-26T05:30:00,,0.25543686747550964,,,HYDRAULIC_PROXY; no surface-water depth coupling
29960,,,2005-07-26T05:30:00,,0.3985624611377716,,,HYDRAULIC_PROXY; no surface-water depth coupling
29961,,,2005-07-26T05:30:00,,0.2318892776966095,,,HYDRAULIC_PROXY; no surface-water depth coupling
29962,,,2005-07-26T05:30:00,,0.24015970528125763,,,HYDRAULIC_PROXY; no surface-water depth coupling
29963,,,2005-07-26T05:45:00,,0.20177148282527924,,,HYDRAULIC_PROXY; no surface-water depth coupling
29964,,,2005-07-26T05:30:00,,1.0298017263412476,,,HYDRAULIC_PROXY; no surface-water depth coupling
29965,,,2005-07-26T05:45:00,,1.076940655708313,,,HYDRAULIC_PROXY; no surface-water depth coupling
29966,,,2005-07-26T05:30:00,,0.8660334944725037,,,HYDRAULIC_PROXY; no surface-water depth coupling
29967,,,2005-07-26T05:30:00,,0.9132472276687622,,,HYDRAULIC_PROXY; no surface-water depth coupling
29968,,,2005-07-26T05:15:00,,1.0340211391448975,,,HYDRAULIC_PROXY; no surface-water depth coupling
29969,,,2005-07-26T05:15:00,,1.0809059143066406,,,HYDRAULIC_PROXY; no surface-water depth coupling
29970,,,2005-07-26T05:15:00,,1.0809059143066406,,,HYDRAULIC_PROXY; no surface-water depth coupling
29971,,,2005-07-26T05:15:00,,1.0809059143066406,,,HYDRAULIC_PROXY; no surface-water depth coupling
29972,,,2005-07-26T05:15:00,,1.0809059143066406,,,HYDRAULIC_PROXY; no surface-water depth coupling
29973,,,2005-07-26T05:15:00,,1.0809059143066406,,,HYDRAULIC_PROXY; no surface-water depth coupling
29974,,,2005-07-26T05:15:00,,1.0809059143066406,,,HYDRAULIC_PROXY; no surface-water depth coupling
29975,,,2005-07-26T05:15:00,,1.0809059143066406,,,HYDRAULIC_PROXY; no surface-water depth coupling
29976,,,2005-07-26T05:15:00,,1.0809059143066406,,,HYDRAULIC_PROXY; no surface-water depth coupling
29977,,,2005-07-26T05:45:00,,1.0811240673065186,,,HYDRAULIC_PROXY; no surface-water depth coupling
29978,,,2005-07-26T05:45:00,,1.0811240673065186,,,HYDRAULIC_PROXY; no surface-water depth coupling
29979,,,2005-07-26T05:45:00,,1.0811240673065186,,,HYDRAULIC_PROXY; no surface-water depth coupling
29980,,,2005-07-26T05:45:00,,1.0811240673065186,,,HYDRAULIC_PROXY; no surface-water depth coupling
29981,,,2005-07-26T05:30:00,,0.5379841923713684,,,HYDRAULIC_PROXY; no surface-water depth coupling
29982,,,2005-07-26T05:30:00,,0.5379841923713684,,,HYDRAULIC_PROXY; no surface-water depth coupling
29983,,,2005-07-26T05:30:00,,0.5379841923713684,,,HYDRAULIC_PROXY; no surface-water depth coupling
29984,,,2005-07-26T05:30:00,,0.5379841923713684,,,HYDRAULIC_PROXY; no surface-water depth coupling
30197,,,2005-07-26T05:30:00,,0.13254038989543915,,,HYDRAULIC_PROXY; no surface-water depth coupling
30198,,,2005-07-26T04:45:00,,0.16420045495033264,,,HYDRAULIC_PROXY; no surface-water depth coupling
30204,,,2005-07-26T05:45:00,,0.43195274472236633,,,HYDRAULIC_PROXY; no surface-water depth coupling
30205,,,2005-07-26T04:30:00,,0.5986899137496948,,,HYDRAULIC_PROXY; no surface-water depth coupling
30206,,,2005-07-26T05:30:00,,0.546502411365509,,,HYDRAULIC_PROXY; no surface-water depth coupling
30207,,,2005-07-26T03:45:00,,0.23975391685962677,,,HYDRAULIC_PROXY; no surface-water depth coupling
30208,,,2005-07-26T05:45:00,,0.17958368360996246,,,HYDRAULIC_PROXY; no surface-water depth coupling
30209,,,2005-07-26T05:45:00,,0.23886066675186157,,,HYDRAULIC_PROXY; no surface-water depth coupling
30210,,,2005-07-26T04:30:00,,0.23857952654361725,,,HYDRAULIC_PROXY; no surface-water depth coupling
30211,,,2005-07-26T06:00:00,,0.2180773913860321,,,HYDRAULIC_PROXY; no surface-water depth coupling
30212,,,2005-07-26T06:00:00,,0.253679096698761,,,HYDRAULIC_PROXY; no surface-water depth coupling
30213,,,2005-07-26T06:00:00,,0.2407328337430954,,,HYDRAULIC_PROXY; no surface-water depth coupling
30214,,,2005-07-26T05:45:00,,0.22430497407913208,,,HYDRAULIC_PROXY; no surface-water depth coupling
30215,,,2005-07-26T06:00:00,,0.18477505445480347,,,HYDRAULIC_PROXY; no surface-water depth coupling
30216,,,2005-07-26T06:00:00,,0.11894182115793228,,,HYDRAULIC_PROXY; no surface-water depth coupling
30217,,,2005-07-26T06:00:00,,0.3682664632797241,,,HYDRAULIC_PROXY; no surface-water depth coupling
30218,,,2005-07-26T05:45:00,,0.2786193788051605,,,HYDRAULIC_PROXY; no surface-water depth coupling
30219,,,2005-07-26T06:00:00,,0.9300379157066345,,,HYDRAULIC_PROXY; no surface-water depth coupling
30220,,,2005-07-26T05:30:00,,0.49075278639793396,,,HYDRAULIC_PROXY; no surface-water depth coupling
30221,,,2005-07-26T05:30:00,,1.1767030954360962,,,HYDRAULIC_PROXY; no surface-water depth coupling
30222,,,2005-07-26T05:15:00,,1.2083168029785156,,,HYDRAULIC_PROXY; no surface-water depth coupling
30223,,,2005-07-26T05:30:00,,1.1584991216659546,,,HYDRAULIC_PROXY; no surface-water depth coupling
30224,,,2005-07-26T05:30:00,,1.1584991216659546,,,HYDRAULIC_PROXY; no surface-water depth coupling
30225,,,2005-07-26T05:30:00,,1.1584991216659546,,,HYDRAULIC_PROXY; no surface-water depth coupling
30226,,,2005-07-26T05:30:00,,0.23329047858715057,,,HYDRAULIC_PROXY; no surface-water depth coupling
30227,,,2005-07-26T00:15:00,,0.0,,,HYDRAULIC_PROXY; no surface-water depth coupling
30228,,,2005-07-26T05:15:00,,0.24726015329360962,,,HYDRAULIC_PROXY; no surface-water depth coupling
30229,,,2005-07-26T04:45:00,,0.26701417565345764,,,HYDRAULIC_PROXY; no surface-water depth coupling
30230,,,2005-07-26T05:00:00,,0.2894553244113922,,,HYDRAULIC_PROXY; no surface-water depth coupling
30231,,,2005-07-26T05:30:00,,0.6653019189834595,,,HYDRAULIC_PROXY; no surface-water depth coupling
30232,,,2005-07-26T05:30:00,,0.47656211256980896,,,HYDRAULIC_PROXY; no surface-water depth coupling
30233,,,2005-07-26T04:45:00,,0.44922104477882385,,,HYDRAULIC_PROXY; no surface-water depth coupling
30234,,,2005-07-26T06:00:00,,0.4266367256641388,,,HYDRAULIC_PROXY; no surface-water depth coupling
30235,,,2005-07-26T04:45:00,,0.5111215710639954,,,HYDRAULIC_PROXY; no surface-water depth coupling
30236,,,2005-07-26T04:45:00,,0.19469450414180756,,,HYDRAULIC_PROXY; no surface-water depth coupling
30237,,,2005-07-26T05:15:00,,0.31942278146743774,,,HYDRAULIC_PROXY; no surface-water depth coupling
30238,,,2005-07-26T05:15:00,,0.1930418163537979,,,HYDRAULIC_PROXY; no surface-water depth coupling
30239,,,2005-07-26T05:45:00,,0.2511410713195801,,,HYDRAULIC_PROXY; no surface-water depth coupling
30240,,,2005-07-26T04:45:00,,0.1408226191997528,,,HYDRAULIC_PROXY; no surface-water depth coupling
30241,,,2005-07-26T04:30:00,,0.17031720280647278,,,HYDRAULIC_PROXY; no surface-water depth coupling
30242,,,2005-07-26T04:30:00,,0.06307172030210495,,,HYDRAULIC_PROXY; no surface-water depth coupling
30243,,,2005-07-26T05:30:00,,1.0298017263412476,,,HYDRAULIC_PROXY; no surface-water depth coupling
30244,,,2005-07-26T05:45:00,,1.076940655708313,,,HYDRAULIC_PROXY; no surface-water depth coupling
30245,,,2005-07-26T05:30:00,,0.8983524441719055,,,HYDRAULIC_PROXY; no surface-water depth coupling
30246,,,2005-07-26T05:30:00,,0.9141722917556763,,,HYDRAULIC_PROXY; no surface-water depth coupling
30247,,,2005-07-26T05:15:00,,1.0809059143066406,,,HYDRAULIC_PROXY; no surface-water depth coupling
30248,,,2005-07-26T05:15:00,,1.0809059143066406,,,HYDRAULIC_PROXY; no surface-water depth coupling
30249,,,2005-07-26T05:15:00,,1.0809059143066406,,,HYDRAULIC_PROXY; no surface-water depth coupling
30250,,,2005-07-26T05:15:00,,1.0809059143066406,,,HYDRAULIC_PROXY; no surface-water depth coupling
30251,,,2005-07-26T05:15:00,,1.0809059143066406,,,HYDRAULIC_PROXY; no surface-water depth coupling
30252,,,2005-07-26T05:15:00,,1.0809059143066406,,,HYDRAULIC_PROXY; no surface-water depth coupling
30253,,,2005-07-26T05:15:00,,1.0809059143066406,,,HYDRAULIC_PROXY; no surface-water depth coupling
30254,,,2005-07-26T05:45:00,,1.0811240673065186,,,HYDRAULIC_PROXY; no surface-water depth coupling
30255,,,2005-07-26T05:45:00,,1.0811240673065186,,,HYDRAULIC_PROXY; no surface-water depth coupling
30256,,,2005-07-26T05:45:00,,1.0811240673065186,,,HYDRAULIC_PROXY; no surface-water depth coupling
30257,,,2005-07-26T05:45:00,,1.0811240673065186,,,HYDRAULIC_PROXY; no surface-water depth coupling
30258,,,2005-07-26T05:45:00,,1.0811240673065186,,,HYDRAULIC_PROXY; no surface-water depth coupling
30259,,,2005-07-26T05:45:00,,1.0811240673065186,,,HYDRAULIC_PROXY; no surface-water depth coupling
30260,,,2005-07-26T05:45:00,,1.0811240673065186,,,HYDRAULIC_PROXY; no surface-water depth coupling
30261,,,2005-07-26T05:45:00,,1.0811240673065186,,,HYDRAULIC_PROXY; no surface-water depth coupling
30262,,,2005-07-26T05:30:00,,0.5379841923713684,,,HYDRAULIC_PROXY; no surface-water depth coupling
30488,,,2005-07-26T05:45:00,,0.23886066675186157,,,HYDRAULIC_PROXY; no surface-water depth coupling
30489,,,2005-07-26T06:00:00,,0.23224255442619324,,,HYDRAULIC_PROXY; no surface-water depth coupling
30490,,,2005-07-26T05:00:00,,0.19209231436252594,,,HYDRAULIC_PROXY; no surface-water depth coupling
30491,,,2005-07-26T05:45:00,,0.1802290976047516,,,HYDRAULIC_PROXY; no surface-water depth coupling
30492,,,2005-07-26T06:00:00,,0.25112542510032654,,,HYDRAULIC_PROXY; no surface-water depth coupling
30493,,,2005-07-26T05:15:00,,0.2022133469581604,,,HYDRAULIC_PROXY; no surface-water depth coupling
30494,,,2005-07-26T05:15:00,,0.1867721825838089,,,HYDRAULIC_PROXY; no surface-water depth coupling
30495,,,2005-07-26T06:00:00,,0.11894182115793228,,,HYDRAULIC_PROXY; no surface-water depth coupling
30496,,,2005-07-26T06:00:00,,0.06474536657333374,,,HYDRAULIC_PROXY; no surface-water depth coupling
30497,,,2005-07-26T05:00:00,,0.4549729526042938,,,HYDRAULIC_PROXY; no surface-water depth coupling
30498,,,2005-07-26T05:00:00,,0.4743189513683319,,,HYDRAULIC_PROXY; no surface-water depth coupling
30499,,,2005-07-26T03:15:00,,0.4836251735687256,,,HYDRAULIC_PROXY; no surface-water depth coupling
30500,,,2005-07-26T05:30:00,,1.1767030954360962,,,HYDRAULIC_PROXY; no surface-water depth coupling
30501,,,2005-07-26T05:30:00,,1.1767030954360962,,,HYDRAULIC_PROXY; no surface-water depth coupling
30502,,,2005-07-26T05:15:00,,1.2083168029785156,,,HYDRAULIC_PROXY; no surface-water depth coupling
30503,,,2005-07-26T05:45:00,,0.06205057352781296,,,HYDRAULIC_PROXY; no surface-water depth coupling
30504,,,2005-07-26T05:30:00,,0.23329047858715057,,,HYDRAULIC_PROXY; no surface-water depth coupling
30506,,,2005-07-26T05:30:00,,0.23329047858715057,,,HYDRAULIC_PROXY; no surface-water depth coupling
30507,,,2005-07-26T05:30:00,,0.23329047858715057,,,HYDRAULIC_PROXY; no surface-water depth coupling
30508,,,2005-07-26T05:30:00,,0.23289670050144196,,,HYDRAULIC_PROXY; no surface-water depth coupling
30509,,,2005-07-26T05:15:00,,0.24726015329360962,,,HYDRAULIC_PROXY; no surface-water depth coupling
30510,,,2005-07-26T04:45:00,,0.26701417565345764,,,HYDRAULIC_PROXY; no surface-water depth coupling
30511,,,2005-07-26T05:15:00,,0.20220209658145905,,,HYDRAULIC_PROXY; no surface-water depth coupling
30512,,,2005-07-26T05:15:00,,0.507470965385437,,,HYDRAULIC_PROXY; no surface-water depth coupling
30513,,,2005-07-26T05:00:00,,0.4909968376159668,,,HYDRAULIC_PROXY; no surface-water depth coupling
30514,,,2005-07-26T04:45:00,,0.42048412561416626,,,HYDRAULIC_PROXY; no surface-water depth coupling
30515,,,2005-07-26T05:00:00,,0.4392659068107605,,,HYDRAULIC_PROXY; no surface-water depth coupling
30516,,,2005-07-26T05:00:00,,0.17245525121688843,,,HYDRAULIC_PROXY; no surface-water depth coupling
30517,,,2005-07-26T04:30:00,,0.09227340668439865,,,HYDRAULIC_PROXY; no surface-water depth coupling
30518,,,2005-07-26T04:45:00,,0.28339454531669617,,,HYDRAULIC_PROXY; no surface-water depth coupling
30519,,,2005-07-26T05:15:00,,0.1775527149438858,,,HYDRAULIC_PROXY; no surface-water depth coupling
30520,,,2005-07-26T04:30:00,,0.16314712166786194,,,HYDRAULIC_PROXY; no surface-water depth coupling
30521,,,2005-07-26T05:00:00,,0.13178026676177979,,,HYDRAULIC_PROXY; no surface-water depth coupling
30522,,,2005-07-26T04:30:00,,0.06307172030210495,,,HYDRAULIC_PROXY; no surface-water depth coupling
30523,,,2005-07-26T05:30:00,,1.0298017263412476,,,HYDRAULIC_PROXY; no surface-water depth coupling
30524,,,2005-07-26T06:00:00,,0.8568867444992065,,,HYDRAULIC_PROXY; no surface-water depth coupling
30525,,,2005-07-26T05:30:00,,0.8968440890312195,,,HYDRAULIC_PROXY; no surface-water depth coupling
30526,,,2005-07-26T05:15:00,,1.0340211391448975,,,HYDRAULIC_PROXY; no surface-water depth coupling
30527,,,2005-07-26T05:15:00,,1.0809059143066406,,,HYDRAULIC_PROXY; no surface-water depth coupling
30528,,,2005-07-26T05:15:00,,1.0809059143066406,,,HYDRAULIC_PROXY; no surface-water depth coupling
30529,,,2005-07-26T05:15:00,,1.0809059143066406,,,HYDRAULIC_PROXY; no surface-water depth coupling
30530,,,2005-07-26T05:15:00,,1.0809059143066406,,,HYDRAULIC_PROXY; no surface-water depth coupling
30531,,,2005-07-26T05:15:00,,1.0809059143066406,,,HYDRAULIC_PROXY; no surface-water depth coupling
30532,,,2005-07-26T05:15:00,,1.0809059143066406,,,HYDRAULIC_PROXY; no surface-water depth coupling
30533,,,2005-07-26T05:45:00,,1.0811240673065186,,,HYDRAULIC_PROXY; no surface-water depth coupling
30534,,,2005-07-26T05:45:00,,1.0811240673065186,,,HYDRAULIC_PROXY; no surface-water depth coupling
30535,,,2005-07-26T05:45:00,,1.0811240673065186,,,HYDRAULIC_PROXY; no surface-water depth coupling
30536,,,2005-07-26T05:45:00,,1.0811240673065186,,,HYDRAULIC_PROXY; no surface-water depth coupling
30537,,,2005-07-26T05:45:00,,1.0811240673065186,,,HYDRAULIC_PROXY; no surface-water depth coupling
30538,,,2005-07-26T05:45:00,,1.0811240673065186,,,HYDRAULIC_PROXY; no surface-water depth coupling
30539,,,2005-07-26T05:45:00,,1.0811240673065186,,,HYDRAULIC_PROXY; no surface-water depth coupling
30540,,,2005-07-26T05:45:00,,1.0811240673065186,,,HYDRAULIC_PROXY; no surface-water depth coupling
30541,,,2005-07-26T05:45:00,,1.0811240673065186,,,HYDRAULIC_PROXY; no surface-water depth coupling
30542,,,2005-07-26T05:45:00,,1.0811240673065186,,,HYDRAULIC_PROXY; no surface-water depth coupling
30773,,,2005-07-26T05:45:00,,0.23656389117240906,,,HYDRAULIC_PROXY; no surface-water depth coupling
30774,,,2005-07-26T05:30:00,,0.17347310483455658,,,HYDRAULIC_PROXY; no surface-water depth coupling
30775,,,2005-07-26T06:00:00,,0.12937137484550476,,,HYDRAULIC_PROXY; no surface-water depth coupling
30776,,,2005-07-26T05:30:00,,0.17347310483455658,,,HYDRAULIC_PROXY; no surface-water depth coupling
30779,,,2005-07-26T05:15:00,,0.23521725833415985,,,HYDRAULIC_PROXY; no surface-water depth coupling
30780,,,2005-07-26T03:15:00,,0.47518685460090637,,,HYDRAULIC_PROXY; no surface-water depth coupling
30781,,,2005-07-26T03:15:00,,0.47201594710350037,,,HYDRAULIC_PROXY; no surface-water depth coupling
30782,,,2005-07-26T03:45:00,,0.272213876247406,,,HYDRAULIC_PROXY; no surface-water depth coupling
30783,,,2005-07-26T03:45:00,,0.272213876247406,,,HYDRAULIC_PROXY; no surface-water depth coupling
30787,,,2005-07-26T05:30:00,,0.23329047858715057,,,HYDRAULIC_PROXY; no surface-water depth coupling
30788,,,2005-07-26T05:30:00,,0.23329047858715057,,,HYDRAULIC_PROXY; no surface-water depth coupling
30789,,,2005-07-26T05:30:00,,0.19708190858364105,,,HYDRAULIC_PROXY; no surface-water depth coupling
30790,,,2005-07-26T05:00:00,,0.21743181347846985,,,HYDRAULIC_PROXY; no surface-water depth coupling
30791,,,2005-07-26T05:15:00,,0.24726015329360962,,,HYDRAULIC_PROXY; no surface-water depth coupling
30792,,,2005-07-26T05:00:00,,0.283893883228302,,,HYDRAULIC_PROXY; no surface-water depth coupling
30793,,,2005-07-26T05:15:00,,0.20220209658145905,,,HYDRAULIC_PROXY; no surface-water depth coupling
30794,,,2005-07-26T05:30:00,,0.47656211256980896,,,HYDRAULIC_PROXY; no surface-water depth coupling
30795,,,2005-07-26T04:45:00,,0.44922104477882385,,,HYDRAULIC_PROXY; no surface-water depth coupling
30796,,,2005-07-26T05:00:00,,0.17245525121688843,,,HYDRAULIC_PROXY; no surface-water depth coupling
30797,,,2005-07-26T04:30:00,,0.09227340668439865,,,HYDRAULIC_PROXY; no surface-water depth coupling
30798,,,2005-07-26T04:30:00,,0.09227340668439865,,,HYDRAULIC_PROXY; no surface-water depth coupling
30799,,,2005-07-26T04:30:00,,0.2587769329547882,,,HYDRAULIC_PROXY; no surface-water depth coupling
30800,,,2005-07-26T04:00:00,,0.19641312956809998,,,HYDRAULIC_PROXY; no surface-water depth coupling
30801,,,2005-07-26T04:00:00,,0.059952035546302795,,,HYDRAULIC_PROXY; no surface-water depth coupling
30802,,,2005-07-26T04:30:00,,0.0833723321557045,,,HYDRAULIC_PROXY; no surface-water depth coupling
30803,,,2005-07-26T04:30:00,,0.08497051149606705,,,HYDRAULIC_PROXY; no surface-water depth coupling
30804,,,2005-07-26T05:45:00,,0.9073147177696228,,,HYDRAULIC_PROXY; no surface-water depth coupling
30805,,,2005-07-26T05:30:00,,0.8660334944725037,,,HYDRAULIC_PROXY; no surface-water depth coupling
30806,,,2005-07-26T05:30:00,,0.9132472276687622,,,HYDRAULIC_PROXY; no surface-water depth coupling
30807,,,2005-07-26T05:15:00,,1.0809059143066406,,,HYDRAULIC_PROXY; no surface-water depth coupling
30808,,,2005-07-26T05:15:00,,1.0809059143066406,,,HYDRAULIC_PROXY; no surface-water depth coupling
30809,,,2005-07-26T05:15:00,,1.0809059143066406,,,HYDRAULIC_PROXY; no surface-water depth coupling
30810,,,2005-07-26T05:15:00,,1.0809059143066406,,,HYDRAULIC_PROXY; no surface-water depth coupling
30811,,,2005-07-26T05:15:00,,1.0809059143066406,,,HYDRAULIC_PROXY; no surface-water depth coupling
30812,,,2005-07-26T05:15:00,,1.0809059143066406,,,HYDRAULIC_PROXY; no surface-water depth coupling
30813,,,2005-07-26T05:45:00,,1.0811240673065186,,,HYDRAULIC_PROXY; no surface-water depth coupling
30814,,,2005-07-26T05:45:00,,1.0811240673065186,,,HYDRAULIC_PROXY; no surface-water depth coupling
30815,,,2005-07-26T05:45:00,,1.0811240673065186,,,HYDRAULIC_PROXY; no surface-water depth coupling
30816,,,2005-07-26T05:45:00,,1.0811240673065186,,,HYDRAULIC_PROXY; no surface-water depth coupling
30817,,,2005-07-26T05:45:00,,1.0811240673065186,,,HYDRAULIC_PROXY; no surface-water depth coupling
30818,,,2005-07-26T05:45:00,,1.0811240673065186,,,HYDRAULIC_PROXY; no surface-water depth coupling
30819,,,2005-07-26T05:45:00,,1.0811240673065186,,,HYDRAULIC_PROXY; no surface-water depth coupling
30820,,,2005-07-26T05:45:00,,1.0811240673065186,,,HYDRAULIC_PROXY; no surface-water depth coupling
30821,,,2005-07-26T05:45:00,,1.0811240673065186,,,HYDRAULIC_PROXY; no surface-water depth coupling
30822,,,2005-07-26T05:45:00,,1.0811240673065186,,,HYDRAULIC_PROXY; no surface-water depth coupling
31061,,,2005-07-26T06:00:00,,0.2142699509859085,,,HYDRAULIC_PROXY; no surface-water depth coupling
31063,,,2005-07-26T05:30:00,,0.23396311700344086,,,HYDRAULIC_PROXY; no surface-water depth coupling
31064,,,2005-07-26T05:00:00,,1.04142165184021,,,HYDRAULIC_PROXY; no surface-water depth coupling
31065,,,2005-07-26T05:00:00,,0.6335827112197876,,,HYDRAULIC_PROXY; no surface-water depth coupling
31066,,,2005-07-26T05:45:00,,0.2082684189081192,,,HYDRAULIC_PROXY; no surface-water depth coupling
31069,,,2005-07-26T00:15:00,,0.0,,,HYDRAULIC_PROXY; no surface-water depth coupling
31070,,,2005-07-26T05:30:00,,0.23329047858715057,,,HYDRAULIC_PROXY; no surface-water depth coupling
31071,,,2005-07-26T05:30:00,,0.19708190858364105,,,HYDRAULIC_PROXY; no surface-water depth coupling
31072,,,2005-07-26T05:30:00,,0.19708190858364105,,,HYDRAULIC_PROXY; no surface-water depth coupling
31073,,,2005-07-26T05:30:00,,0.19708190858364105,,,HYDRAULIC_PROXY; no surface-water depth coupling
31074,,,2005-07-26T05:30:00,,0.23289670050144196,,,HYDRAULIC_PROXY; no surface-water depth coupling
31075,,,2005-07-26T05:00:00,,0.283893883228302,,,HYDRAULIC_PROXY; no surface-water depth coupling
31076,,,2005-07-26T06:00:00,,0.649329423904419,,,HYDRAULIC_PROXY; no surface-water depth coupling
31077,,,2005-07-26T05:00:00,,0.4909968376159668,,,HYDRAULIC_PROXY; no surface-water depth coupling
31078,,,2005-07-26T05:00:00,,0.39270564913749695,,,HYDRAULIC_PROXY; no surface-water depth coupling
31079,,,2005-07-26T05:00:00,,0.39270564913749695,,,HYDRAULIC_PROXY; no surface-water depth coupling
31080,,,2005-07-26T05:00:00,,0.39270564913749695,,,HYDRAULIC_PROXY; no surface-water depth coupling
31081,,,2005-07-26T03:30:00,,0.1068447008728981,,,HYDRAULIC_PROXY; no surface-water depth coupling
31082,,,2005-07-26T03:30:00,,0.1068447008728981,,,HYDRAULIC_PROXY; no surface-water depth coupling
31083,,,2005-07-26T04:45:00,,0.05722719430923462,,,HYDRAULIC_PROXY; no surface-water depth coupling
31084,,,2005-07-26T05:30:00,,0.6548980474472046,,,HYDRAULIC_PROXY; no surface-water depth coupling
31085,,,2005-07-26T04:30:00,,0.08497051149606705,,,HYDRAULIC_PROXY; no surface-water depth coupling
31086,,,2005-07-26T04:30:00,,0.08497051149606705,,,HYDRAULIC_PROXY; no surface-water depth coupling
31087,,,2005-07-26T05:30:00,,0.8983524441719055,,,HYDRAULIC_PROXY; no surface-water depth coupling
31088,,,2005-07-26T05:30:00,,0.9141722917556763,,,HYDRAULIC_PROXY; no surface-water depth coupling
31089,,,2005-07-26T05:15:00,,1.0809059143066406,,,HYDRAULIC_PROXY; no surface-water depth coupling
31090,,,2005-07-26T05:15:00,,1.0809059143066406,,,HYDRAULIC_PROXY; no surface-water depth coupling
31091,,,2005-07-26T05:15:00,,1.0809059143066406,,,HYDRAULIC_PROXY; no surface-water depth coupling
31092,,,2005-07-26T05:15:00,,1.0809059143066406,,,HYDRAULIC_PROXY; no surface-water depth coupling
31093,,,2005-07-26T05:45:00,,1.0811240673065186,,,HYDRAULIC_PROXY; no surface-water depth coupling
31094,,,2005-07-26T05:45:00,,1.0811240673065186,,,HYDRAULIC_PROXY; no surface-water depth coupling
31095,,,2005-07-26T05:45:00,,1.0811240673065186,,,HYDRAULIC_PROXY; no surface-water depth coupling
31096,,,2005-07-26T05:45:00,,1.0811240673065186,,,HYDRAULIC_PROXY; no surface-water depth coupling
31097,,,2005-07-26T05:45:00,,1.0811240673065186,,,HYDRAULIC_PROXY; no surface-water depth coupling
31098,,,2005-07-26T05:45:00,,1.0811240673065186,,,HYDRAULIC_PROXY; no surface-water depth coupling
31099,,,2005-07-26T05:45:00,,1.0811240673065186,,,HYDRAULIC_PROXY; no surface-water depth coupling
31100,,,2005-07-26T05:45:00,,1.0811240673065186,,,HYDRAULIC_PROXY; no surface-water depth coupling
31101,,,2005-07-26T05:45:00,,1.0811240673065186,,,HYDRAULIC_PROXY; no surface-water depth coupling
31102,,,2005-07-26T05:45:00,,1.0811240673065186,,,HYDRAULIC_PROXY; no surface-water depth coupling
31103,,,2005-07-26T05:45:00,,1.0811240673065186,,,HYDRAULIC_PROXY; no surface-water depth coupling
31104,,,2005-07-26T05:45:00,,1.0811240673065186,,,HYDRAULIC_PROXY; no surface-water depth coupling
31351,,,2005-07-26T05:30:00,,0.23329047858715057,,,HYDRAULIC_PROXY; no surface-water depth coupling
31352,,,2005-07-26T05:30:00,,0.23329047858715057,,,HYDRAULIC_PROXY; no surface-water depth coupling
31353,,,2005-07-26T05:30:00,,0.19708190858364105,,,HYDRAULIC_PROXY; no surface-water depth coupling
31354,,,2005-07-26T05:30:00,,0.19708190858364105,,,HYDRAULIC_PROXY; no surface-water depth coupling
31355,,,2005-07-26T05:30:00,,0.19708190858364105,,,HYDRAULIC_PROXY; no surface-water depth coupling
31356,,,2005-07-26T05:30:00,,0.19708190858364105,,,HYDRAULIC_PROXY; no surface-water depth coupling
31357,,,2005-07-26T05:00:00,,0.21743181347846985,,,HYDRAULIC_PROXY; no surface-water depth coupling
31358,,,2005-07-26T05:00:00,,0.283893883228302,,,HYDRAULIC_PROXY; no surface-water depth coupling
31359,,,2005-07-26T05:00:00,,0.39270564913749695,,,HYDRAULIC_PROXY; no surface-water depth coupling
31360,,,2005-07-26T05:00:00,,0.39270564913749695,,,HYDRAULIC_PROXY; no surface-water depth coupling
31361,,,2005-07-26T05:00:00,,0.39270564913749695,,,HYDRAULIC_PROXY; no surface-water depth coupling
31362,,,2005-07-26T05:00:00,,0.39270564913749695,,,HYDRAULIC_PROXY; no surface-water depth coupling
31363,,,2005-07-26T04:45:00,,0.4924505054950714,,,HYDRAULIC_PROXY; no surface-water depth coupling
31364,,,2005-07-26T05:30:00,,0.747755765914917,,,HYDRAULIC_PROXY; no surface-water depth coupling
31365,,,2005-07-26T05:45:00,,0.7596809267997742,,,HYDRAULIC_PROXY; no surface-water depth coupling
31366,,,2005-07-26T05:45:00,,0.7596809267997742,,,HYDRAULIC_PROXY; no surface-water depth coupling
31367,,,2005-07-26T05:45:00,,0.7596809267997742,,,HYDRAULIC_PROXY; no surface-water depth coupling
31368,,,2005-07-26T05:45:00,,0.4868025779724121,,,HYDRAULIC_PROXY; no surface-water depth coupling
31369,,,2005-07-26T05:45:00,,0.4868025779724121,,,HYDRAULIC_PROXY; no surface-water depth coupling
31370,,,2005-07-26T05:45:00,,0.5303480625152588,,,HYDRAULIC_PROXY; no surface-water depth coupling
31371,,,2005-07-26T05:15:00,,1.0809059143066406,,,HYDRAULIC_PROXY; no surface-water depth coupling
31372,,,2005-07-26T05:15:00,,1.0809059143066406,,,HYDRAULIC_PROXY; no surface-water depth coupling
31373,,,2005-07-26T05:15:00,,1.0809059143066406,,,HYDRAULIC_PROXY; no surface-water depth coupling
31374,,,2005-07-26T05:30:00,,1.5031334161758423,,,HYDRAULIC_PROXY; no surface-water depth coupling
31375,,,2005-07-26T05:45:00,,1.0811240673065186,,,HYDRAULIC_PROXY; no surface-water depth coupling
31376,,,2005-07-26T05:45:00,,1.0811240673065186,,,HYDRAULIC_PROXY; no surface-water depth coupling
31377,,,2005-07-26T05:45:00,,1.0811240673065186,,,HYDRAULIC_PROXY; no surface-water depth coupling
31378,,,2005-07-26T05:45:00,,1.0811240673065186,,,HYDRAULIC_PROXY; no surface-water depth coupling
31379,,,2005-07-26T05:45:00,,1.0811240673065186,,,HYDRAULIC_PROXY; no surface-water depth coupling
31380,,,2005-07-26T05:45:00,,1.0811240673065186,,,HYDRAULIC_PROXY; no surface-water depth coupling
31381,,,2005-07-26T05:45:00,,1.0811240673065186,,,HYDRAULIC_PROXY; no surface-water depth coupling
31382,,,2005-07-26T05:45:00,,1.0811240673065186,,,HYDRAULIC_PROXY; no surface-water depth coupling
31383,,,2005-07-26T05:45:00,,1.0811240673065186,,,HYDRAULIC_PROXY; no surface-water depth coupling
31384,,,2005-07-26T05:45:00,,1.0811240673065186,,,HYDRAULIC_PROXY; no surface-water depth coupling
31385,,,2005-07-26T05:45:00,,1.0811240673065186,,,HYDRAULIC_PROXY; no surface-water depth coupling
31386,,,2005-07-26T05:45:00,,1.0811240673065186,,,HYDRAULIC_PROXY; no surface-water depth coupling
31631,,,2005-07-26T05:45:00,,0.18302948772907257,,,HYDRAULIC_PROXY; no surface-water depth coupling
31632,,,2005-07-26T00:15:00,,0.0,,,HYDRAULIC_PROXY; no surface-water depth coupling
31633,,,2005-07-26T00:15:00,,0.0,,,HYDRAULIC_PROXY; no surface-water depth coupling
31634,,,2005-07-26T05:30:00,,0.19708190858364105,,,HYDRAULIC_PROXY; no surface-water depth coupling
31635,,,2005-07-26T05:30:00,,0.19708190858364105,,,HYDRAULIC_PROXY; no surface-water depth coupling
31636,,,2005-07-26T05:30:00,,0.19708190858364105,,,HYDRAULIC_PROXY; no surface-water depth coupling
31637,,,2005-07-26T05:30:00,,0.19708190858364105,,,HYDRAULIC_PROXY; no surface-water depth coupling
31638,,,2005-07-26T05:30:00,,0.19708190858364105,,,HYDRAULIC_PROXY; no surface-water depth coupling
31639,,,2005-07-26T05:30:00,,0.19708190858364105,,,HYDRAULIC_PROXY; no surface-water depth coupling
31640,,,2005-07-26T04:00:00,,0.6373425126075745,,,HYDRAULIC_PROXY; no surface-water depth coupling
31641,,,2005-07-26T04:00:00,,0.6373425126075745,,,HYDRAULIC_PROXY; no surface-water depth coupling
31642,,,2005-07-26T04:00:00,,0.6373425126075745,,,HYDRAULIC_PROXY; no surface-water depth coupling
31643,,,2005-07-26T04:00:00,,0.5989565849304199,,,HYDRAULIC_PROXY; no surface-water depth coupling
31644,,,2005-07-26T04:00:00,,0.44348758459091187,,,HYDRAULIC_PROXY; no surface-water depth coupling
31645,,,2005-07-26T05:30:00,,0.8013999462127686,,,HYDRAULIC_PROXY; no surface-water depth coupling
31646,,,2005-07-26T05:30:00,,0.7328760027885437,,,HYDRAULIC_PROXY; no surface-water depth coupling
31647,,,2005-07-26T05:30:00,,0.7328760027885437,,,HYDRAULIC_PROXY; no surface-water depth coupling
31648,,,2005-07-26T06:00:00,,1.2272580862045288,,,HYDRAULIC_PROXY; no surface-water depth coupling
31649,,,2005-07-26T05:45:00,,0.4868025779724121,,,HYDRAULIC_PROXY; no surface-water depth coupling
31650,,,2005-07-26T05:45:00,,0.4868025779724121,,,HYDRAULIC_PROXY; no surface-water depth coupling
31651,,,2005-07-26T05:45:00,,0.5303480625152588,,,HYDRAULIC_PROXY; no surface-water depth coupling
31652,,,2005-07-26T06:00:00,,0.6115058660507202,,,HYDRAULIC_PROXY; no surface-water depth coupling
31653,,,2005-07-26T05:30:00,,1.3701328039169312,,,HYDRAULIC_PROXY; no surface-water depth coupling
31654,,,2005-07-26T05:30:00,,1.3701328039169312,,,HYDRAULIC_PROXY; no surface-water depth coupling
31655,,,2005-07-26T05:30:00,,1.5031334161758423,,,HYDRAULIC_PROXY; no surface-water depth coupling
31656,,,2005-07-26T05:45:00,,1.0811240673065186,,,HYDRAULIC_PROXY; no surface-water depth coupling
31657,,,2005-07-26T05:45:00,,1.0811240673065186,,,HYDRAULIC_PROXY; no surface-water depth coupling
31658,,,2005-07-26T05:45:00,,1.0811240673065186,,,HYDRAULIC_PROXY; no surface-water depth coupling
31659,,,2005-07-26T05:45:00,,1.0811240673065186,,,HYDRAULIC_PROXY; no surface-water depth coupling
31660,,,2005-07-26T05:45:00,,1.0811240673065186,,,HYDRAULIC_PROXY; no surface-water depth coupling
31661,,,2005-07-26T05:45:00,,1.0811240673065186,,,HYDRAULIC_PROXY; no surface-water depth coupling
31662,,,2005-07-26T05:45:00,,1.0811240673065186,,,HYDRAULIC_PROXY; no surface-water depth coupling
31663,,,2005-07-26T05:45:00,,1.0811240673065186,,,HYDRAULIC_PROXY; no surface-water depth coupling
31666,,,2005-07-26T05:45:00,,1.0811240673065186,,,HYDRAULIC_PROXY; no surface-water depth coupling
31667,,,2005-07-26T05:45:00,,1.0811240673065186,,,HYDRAULIC_PROXY; no surface-water depth coupling
31912,,,2005-07-26T06:00:00,,0.04643948748707771,,,HYDRAULIC_PROXY; no surface-water depth coupling
31913,,,2005-07-26T05:45:00,,0.18302948772907257,,,HYDRAULIC_PROXY; no surface-water depth coupling
31914,,,2005-07-26T05:45:00,,0.18302948772907257,,,HYDRAULIC_PROXY; no surface-water depth coupling
31915,,,2005-07-26T05:30:00,,0.19708190858364105,,,HYDRAULIC_PROXY; no surface-water depth coupling
31916,,,2005-07-26T05:30:00,,0.19708190858364105,,,HYDRAULIC_PROXY; no surface-water depth coupling
31917,,,2005-07-26T05:30:00,,0.19708190858364105,,,HYDRAULIC_PROXY; no surface-water depth coupling
31918,,,2005-07-26T05:30:00,,0.19708190858364105,,,HYDRAULIC_PROXY; no surface-water depth coupling
31919,,,2005-07-26T05:30:00,,0.19708190858364105,,,HYDRAULIC_PROXY; no surface-water depth coupling
31920,,,2005-07-26T04:00:00,,0.6373425126075745,,,HYDRAULIC_PROXY; no surface-water depth coupling
31921,,,2005-07-26T03:45:00,,0.6441348791122437,,,HYDRAULIC_PROXY; no surface-water depth coupling
31922,,,2005-07-26T03:45:00,,0.6441348791122437,,,HYDRAULIC_PROXY; no surface-water depth coupling
31923,,,2005-07-26T03:45:00,,0.6441348791122437,,,HYDRAULIC_PROXY; no surface-water depth coupling
31924,,,2005-07-26T04:00:00,,0.549786388874054,,,HYDRAULIC_PROXY; no surface-water depth coupling
31925,,,2005-07-26T05:30:00,,0.8013999462127686,,,HYDRAULIC_PROXY; no surface-water depth coupling
31926,,,2005-07-26T05:30:00,,0.8013999462127686,,,HYDRAULIC_PROXY; no surface-water depth coupling
31927,,,2005-07-26T05:45:00,,0.8308842778205872,,,HYDRAULIC_PROXY; no surface-water depth coupling
31928,,,2005-07-26T05:45:00,,0.8308842778205872,,,HYDRAULIC_PROXY; no surface-water depth coupling
31929,,,2005-07-26T06:00:00,,1.2272580862045288,,,HYDRAULIC_PROXY; no surface-water depth coupling
31930,,,2005-07-26T05:45:00,,1.130895972251892,,,HYDRAULIC_PROXY; no surface-water depth coupling
31931,,,2005-07-26T06:00:00,,0.6364669799804688,,,HYDRAULIC_PROXY; no surface-water depth coupling
31932,,,2005-07-26T06:00:00,,0.6115058660507202,,,HYDRAULIC_PROXY; no surface-water depth coupling
31933,,,2005-07-26T05:45:00,,1.4487950801849365,,,HYDRAULIC_PROXY; no surface-water depth coupling
31934,,,2005-07-26T05:30:00,,1.3701328039169312,,,HYDRAULIC_PROXY; no surface-water depth coupling
31935,,,2005-07-26T05:30:00,,1.5031334161758423,,,HYDRAULIC_PROXY; no surface-water depth coupling
31936,,,2005-07-26T05:30:00,,1.5031334161758423,,,HYDRAULIC_PROXY; no surface-water depth coupling
31937,,,2005-07-26T05:45:00,,1.0811240673065186,,,HYDRAULIC_PROXY; no surface-water depth coupling
31938,,,2005-07-26T05:45:00,,1.0811240673065186,,,HYDRAULIC_PROXY; no surface-water depth coupling
31939,,,2005-07-26T05:45:00,,1.0811240673065186,,,HYDRAULIC_PROXY; no surface-water depth coupling
31940,,,2005-07-26T05:45:00,,1.0811240673065186,,,HYDRAULIC_PROXY; no surface-water depth coupling
31941,,,2005-07-26T05:45:00,,1.0811240673065186,,,HYDRAULIC_PROXY; no surface-water depth coupling
31942,,,2005-07-26T05:45:00,,1.0811240673065186,,,HYDRAULIC_PROXY; no surface-water depth coupling
31943,,,2005-07-26T05:45:00,,1.0811240673065186,,,HYDRAULIC_PROXY; no surface-water depth coupling
32193,,,2005-07-26T06:00:00,,0.21115508675575256,,,HYDRAULIC_PROXY; no surface-water depth coupling
32194,,,2005-07-26T05:30:00,,0.35345837473869324,,,HYDRAULIC_PROXY; no surface-water depth coupling
32195,,,2005-07-26T05:30:00,,0.35020968317985535,,,HYDRAULIC_PROXY; no surface-water depth coupling
32196,,,2005-07-26T05:30:00,,0.23835723102092743,,,HYDRAULIC_PROXY; no surface-water depth coupling
32197,,,2005-07-26T05:30:00,,0.22249792516231537,,,HYDRAULIC_PROXY; no surface-water depth coupling
32198,,,2005-07-26T05:30:00,,0.18636605143547058,,,HYDRAULIC_PROXY; no surface-water depth coupling
32199,,,2005-07-26T05:45:00,,0.13815906643867493,,,HYDRAULIC_PROXY; no surface-water depth coupling
32200,,,2005-07-26T03:45:00,,0.6441348791122437,,,HYDRAULIC_PROXY; no surface-water depth coupling
32201,,,2005-07-26T03:45:00,,0.6441348791122437,,,HYDRAULIC_PROXY; no surface-water depth coupling
32202,,,2005-07-26T03:45:00,,0.6441348791122437,,,HYDRAULIC_PROXY; no surface-water depth coupling
32203,,,2005-07-26T03:45:00,,0.6441348791122437,,,HYDRAULIC_PROXY; no surface-water depth coupling
32204,,,2005-07-26T05:45:00,,0.5377588868141174,,,HYDRAULIC_PROXY; no surface-water depth coupling
32205,,,2005-07-26T05:45:00,,0.5377588868141174,,,HYDRAULIC_PROXY; no surface-water depth coupling
32206,,,2005-07-26T05:45:00,,0.5377588868141174,,,HYDRAULIC_PROXY; no surface-water depth coupling
32207,,,2005-07-26T05:45:00,,0.8308842778205872,,,HYDRAULIC_PROXY; no surface-water depth coupling
32208,,,2005-07-26T05:45:00,,0.8308842778205872,,,HYDRAULIC_PROXY; no surface-water depth coupling
32209,,,2005-07-26T06:00:00,,1.2272580862045288,,,HYDRAULIC_PROXY; no surface-water depth coupling
32210,,,2005-07-26T05:45:00,,1.130895972251892,,,HYDRAULIC_PROXY; no surface-water depth coupling
32211,,,2005-07-26T05:45:00,,1.130895972251892,,,HYDRAULIC_PROXY; no surface-water depth coupling
32212,,,2005-07-26T05:30:00,,1.061933994293213,,,HYDRAULIC_PROXY; no surface-water depth coupling
32213,,,2005-07-26T05:45:00,,1.4487950801849365,,,HYDRAULIC_PROXY; no surface-water depth coupling
32214,,,2005-07-26T05:30:00,,1.3701328039169312,,,HYDRAULIC_PROXY; no surface-water depth coupling
32215,,,2005-07-26T05:30:00,,1.5031334161758423,,,HYDRAULIC_PROXY; no surface-water depth coupling
32216,,,2005-07-26T05:30:00,,1.5031334161758423,,,HYDRAULIC_PROXY; no surface-water depth coupling
32217,,,2005-07-26T05:45:00,,1.0811240673065186,,,HYDRAULIC_PROXY; no surface-water depth coupling
32218,,,2005-07-26T05:45:00,,1.0811240673065186,,,HYDRAULIC_PROXY; no surface-water depth coupling
32219,,,2005-07-26T05:45:00,,1.0811240673065186,,,HYDRAULIC_PROXY; no surface-water depth coupling
32220,,,2005-07-26T05:45:00,,1.0811240673065186,,,HYDRAULIC_PROXY; no surface-water depth coupling
32221,,,2005-07-26T05:45:00,,1.0811240673065186,,,HYDRAULIC_PROXY; no surface-water depth coupling
32222,,,2005-07-26T05:45:00,,1.0811240673065186,,,HYDRAULIC_PROXY; no surface-water depth coupling
32223,,,2005-07-26T05:45:00,,1.0811240673065186,,,HYDRAULIC_PROXY; no surface-water depth coupling
32473,,,2005-07-26T06:00:00,,0.21115508675575256,,,HYDRAULIC_PROXY; no surface-water depth coupling
32474,,,2005-07-26T05:30:00,,0.35345837473869324,,,HYDRAULIC_PROXY; no surface-water depth coupling
32475,,,2005-07-26T05:30:00,,0.35020968317985535,,,HYDRAULIC_PROXY; no surface-water depth coupling
32476,,,2005-07-26T05:30:00,,0.23835723102092743,,,HYDRAULIC_PROXY; no surface-water depth coupling
32477,,,2005-07-26T05:30:00,,0.22249792516231537,,,HYDRAULIC_PROXY; no surface-water depth coupling
32478,,,2005-07-26T05:30:00,,0.18636605143547058,,,HYDRAULIC_PROXY; no surface-water depth coupling
32479,,,2005-07-26T05:45:00,,0.1158190444111824,,,HYDRAULIC_PROXY; no surface-water depth coupling
32480,,,2005-07-26T05:45:00,,0.1158190444111824,,,HYDRAULIC_PROXY; no surface-water depth coupling
32481,,,2005-07-26T05:30:00,,0.39561566710472107,,,HYDRAULIC_PROXY; no surface-water depth coupling
32482,,,2005-07-26T05:30:00,,0.39561566710472107,,,HYDRAULIC_PROXY; no surface-water depth coupling
32483,,,2005-07-26T05:30:00,,0.39561566710472107,,,HYDRAULIC_PROXY; no surface-water depth coupling
32484,,,2005-07-26T05:15:00,,0.5617493987083435,,,HYDRAULIC_PROXY; no surface-water depth coupling
32485,,,2005-07-26T05:15:00,,0.5617493987083435,,,HYDRAULIC_PROXY; no surface-water depth coupling
32486,,,2005-07-26T05:45:00,,0.5377588868141174,,,HYDRAULIC_PROXY; no surface-water depth coupling
32487,,,2005-07-26T05:45:00,,0.8308842778205872,,,HYDRAULIC_PROXY; no surface-water depth coupling
32488,,,2005-07-26T05:45:00,,0.8308842778205872,,,HYDRAULIC_PROXY; no surface-water depth coupling
32489,,,2005-07-26T06:00:00,,1.2272580862045288,,,HYDRAULIC_PROXY; no surface-water depth coupling
32490,,,2005-07-26T05:45:00,,1.130895972251892,,,HYDRAULIC_PROXY; no surface-water depth coupling
32491,,,2005-07-26T05:45:00,,1.130895972251892,,,HYDRAULIC_PROXY; no surface-water depth coupling
32492,,,2005-07-26T05:30:00,,1.061933994293213,,,HYDRAULIC_PROXY; no surface-water depth coupling
32493,,,2005-07-26T05:45:00,,1.4487950801849365,,,HYDRAULIC_PROXY; no surface-water depth coupling
32494,,,2005-07-26T05:30:00,,1.3701328039169312,,,HYDRAULIC_PROXY; no surface-water depth coupling
32495,,,2005-07-26T05:30:00,,1.5031334161758423,,,HYDRAULIC_PROXY; no surface-water depth coupling
32496,,,2005-07-26T05:30:00,,0.6076139807701111,,,HYDRAULIC_PROXY; no surface-water depth coupling
32497,,,2005-07-26T05:30:00,,0.6076139807701111,,,HYDRAULIC_PROXY; no surface-water depth coupling
32498,,,2005-07-26T05:30:00,,0.6076139807701111,,,HYDRAULIC_PROXY; no surface-water depth coupling
32499,,,2005-07-26T05:30:00,,0.6076139807701111,,,HYDRAULIC_PROXY; no surface-water depth coupling
32500,,,2005-07-26T05:30:00,,0.6076139807701111,,,HYDRAULIC_PROXY; no surface-water depth coupling
32501,,,2005-07-26T05:45:00,,1.0811240673065186,,,HYDRAULIC_PROXY; no surface-water depth coupling
32502,,,2005-07-26T05:45:00,,1.0811240673065186,,,HYDRAULIC_PROXY; no surface-water depth coupling
32759,,,2005-07-26T05:45:00,,0.07487031817436218,,,HYDRAULIC_PROXY; no surface-water depth coupling
32760,,,2005-07-26T05:45:00,,0.07487031817436218,,,HYDRAULIC_PROXY; no surface-water depth coupling
32761,,,2005-07-26T05:30:00,,0.39561566710472107,,,HYDRAULIC_PROXY; no surface-water depth coupling
32762,,,2005-07-26T05:30:00,,0.39561566710472107,,,HYDRAULIC_PROXY; no surface-water depth coupling
32763,,,2005-07-26T05:30:00,,0.39561566710472107,,,HYDRAULIC_PROXY; no surface-water depth coupling
32764,,,2005-07-26T05:30:00,,0.34605279564857483,,,HYDRAULIC_PROXY; no surface-water depth coupling
32765,,,2005-07-26T05:30:00,,0.34605279564857483,,,HYDRAULIC_PROXY; no surface-water depth coupling
32766,,,2005-07-26T05:30:00,,0.34605279564857483,,,HYDRAULIC_PROXY; no surface-water depth coupling
32767,,,2005-07-26T05:30:00,,0.34605279564857483,,,HYDRAULIC_PROXY; no surface-water depth coupling
32768,,,2005-07-26T06:00:00,,1.2272580862045288,,,HYDRAULIC_PROXY; no surface-water depth coupling
32769,,,2005-07-26T05:45:00,,1.130895972251892,,,HYDRAULIC_PROXY; no surface-water depth coupling
32770,,,2005-07-26T05:45:00,,1.130895972251892,,,HYDRAULIC_PROXY; no surface-water depth coupling
32771,,,2005-07-26T05:30:00,,1.061933994293213,,,HYDRAULIC_PROXY; no surface-water depth coupling
32772,,,2005-07-26T05:30:00,,0.47848397493362427,,,HYDRAULIC_PROXY; no surface-water depth coupling
32773,,,2005-07-26T05:30:00,,0.47848397493362427,,,HYDRAULIC_PROXY; no surface-water depth coupling
32774,,,2005-07-26T05:30:00,,0.47848397493362427,,,HYDRAULIC_PROXY; no surface-water depth coupling
32775,,,2005-07-26T05:45:00,,0.49394547939300537,,,HYDRAULIC_PROXY; no surface-water depth coupling
32776,,,2005-07-26T05:45:00,,0.49394547939300537,,,HYDRAULIC_PROXY; no surface-water depth coupling
32777,,,2005-07-26T05:30:00,,0.6076139807701111,,,HYDRAULIC_PROXY; no surface-water depth coupling
32778,,,2005-07-26T05:30:00,,0.6076139807701111,,,HYDRAULIC_PROXY; no surface-water depth coupling
32779,,,2005-07-26T05:30:00,,0.6076139807701111,,,HYDRAULIC_PROXY; no surface-water depth coupling
32780,,,2005-07-26T05:30:00,,0.6076139807701111,,,HYDRAULIC_PROXY; no surface-water depth coupling
32781,,,2005-07-26T05:30:00,,0.6076139807701111,,,HYDRAULIC_PROXY; no surface-water depth coupling
33039,,,2005-07-26T05:30:00,,0.39561566710472107,,,HYDRAULIC_PROXY; no surface-water depth coupling
33040,,,2005-07-26T05:30:00,,0.39561566710472107,,,HYDRAULIC_PROXY; no surface-water depth coupling
33041,,,2005-07-26T05:30:00,,0.39561566710472107,,,HYDRAULIC_PROXY; no surface-water depth coupling
33042,,,2005-07-26T05:30:00,,0.34605279564857483,,,HYDRAULIC_PROXY; no surface-water depth coupling
33043,,,2005-07-26T05:30:00,,0.34605279564857483,,,HYDRAULIC_PROXY; no surface-water depth coupling
33044,,,2005-07-26T05:30:00,,0.34605279564857483,,,HYDRAULIC_PROXY; no surface-water depth coupling
33045,,,2005-07-26T05:30:00,,0.34605279564857483,,,HYDRAULIC_PROXY; no surface-water depth coupling
33046,,,2005-07-26T06:00:00,,1.2272580862045288,,,HYDRAULIC_PROXY; no surface-water depth coupling
33047,,,2005-07-26T05:45:00,,1.130895972251892,,,HYDRAULIC_PROXY; no surface-water depth coupling
33048,,,2005-07-26T05:45:00,,1.130895972251892,,,HYDRAULIC_PROXY; no surface-water depth coupling
33049,,,2005-07-26T05:30:00,,0.47848397493362427,,,HYDRAULIC_PROXY; no surface-water depth coupling
33050,,,2005-07-26T05:30:00,,0.47848397493362427,,,HYDRAULIC_PROXY; no surface-water depth coupling
33051,,,2005-07-26T05:30:00,,0.47848397493362427,,,HYDRAULIC_PROXY; no surface-water depth coupling
33052,,,2005-07-26T05:30:00,,0.47848397493362427,,,HYDRAULIC_PROXY; no surface-water depth coupling
33053,,,2005-07-26T05:45:00,,0.6018877625465393,,,HYDRAULIC_PROXY; no surface-water depth coupling
33054,,,2005-07-26T05:45:00,,0.6018877625465393,,,HYDRAULIC_PROXY; no surface-water depth coupling
33055,,,2005-07-26T05:45:00,,0.49394547939300537,,,HYDRAULIC_PROXY; no surface-water depth coupling
33056,,,2005-07-26T05:45:00,,0.49394547939300537,,,HYDRAULIC_PROXY; no surface-water depth coupling
33057,,,2005-07-26T05:30:00,,0.6076139807701111,,,HYDRAULIC_PROXY; no surface-water depth coupling
33058,,,2005-07-26T05:30:00,,0.6076139807701111,,,HYDRAULIC_PROXY; no surface-water depth coupling
33316,,,2005-07-26T05:30:00,,0.39561566710472107,,,HYDRAULIC_PROXY; no surface-water depth coupling
33317,,,2005-07-26T05:45:00,,0.35945621132850647,,,HYDRAULIC_PROXY; no surface-water depth coupling
33318,,,2005-07-26T05:30:00,,0.34605279564857483,,,HYDRAULIC_PROXY; no surface-water depth coupling
33319,,,2005-07-26T05:30:00,,0.34605279564857483,,,HYDRAULIC_PROXY; no surface-water depth coupling
33320,,,2005-07-26T05:30:00,,0.34605279564857483,,,HYDRAULIC_PROXY; no surface-water depth coupling
33321,,,2005-07-26T05:30:00,,0.34605279564857483,,,HYDRAULIC_PROXY; no surface-water depth coupling
33322,,,2005-07-26T05:30:00,,0.34605279564857483,,,HYDRAULIC_PROXY; no surface-water depth coupling
33323,,,2005-07-26T05:45:00,,1.130895972251892,,,HYDRAULIC_PROXY; no surface-water depth coupling
33324,,,2005-07-26T05:30:00,,0.47848397493362427,,,HYDRAULIC_PROXY; no surface-water depth coupling
33325,,,2005-07-26T05:30:00,,0.47848397493362427,,,HYDRAULIC_PROXY; no surface-water depth coupling
33326,,,2005-07-26T05:30:00,,0.47848397493362427,,,HYDRAULIC_PROXY; no surface-water depth coupling
33327,,,2005-07-26T05:30:00,,0.47848397493362427,,,HYDRAULIC_PROXY; no surface-water depth coupling
33328,,,2005-07-26T05:30:00,,0.47848397493362427,,,HYDRAULIC_PROXY; no surface-water depth coupling
33329,,,2005-07-26T05:45:00,,0.6018877625465393,,,HYDRAULIC_PROXY; no surface-water depth coupling
33330,,,2005-07-26T05:45:00,,0.6018877625465393,,,HYDRAULIC_PROXY; no surface-water depth coupling
33331,,,2005-07-26T05:45:00,,0.6018877625465393,,,HYDRAULIC_PROXY; no surface-water depth coupling
33332,,,2005-07-26T05:45:00,,0.6018877625465393,,,HYDRAULIC_PROXY; no surface-water depth coupling
33333,,,2005-07-26T05:45:00,,0.6018877625465393,,,HYDRAULIC_PROXY; no surface-water depth coupling
33334,,,2005-07-26T05:45:00,,0.49394547939300537,,,HYDRAULIC_PROXY; no surface-water depth coupling
33593,,,2005-07-26T05:45:00,,0.07138821482658386,,,HYDRAULIC_PROXY; no surface-water depth coupling
33594,,,2005-07-26T05:30:00,,0.34605279564857483,,,HYDRAULIC_PROXY; no surface-water depth coupling
33595,,,2005-07-26T05:30:00,,0.34605279564857483,,,HYDRAULIC_PROXY; no surface-water depth coupling
33596,,,2005-07-26T05:30:00,,0.34605279564857483,,,HYDRAULIC_PROXY; no surface-water depth coupling
33597,,,2005-07-26T05:30:00,,0.34605279564857483,,,HYDRAULIC_PROXY; no surface-water depth coupling
33598,,,2005-07-26T05:30:00,,0.34605279564857483,,,HYDRAULIC_PROXY; no surface-water depth coupling
33599,,,2005-07-26T05:45:00,,1.130895972251892,,,HYDRAULIC_PROXY; no surface-water depth coupling
33600,,,2005-07-26T05:30:00,,0.47848397493362427,,,HYDRAULIC_PROXY; no surface-water depth coupling
33601,,,2005-07-26T05:30:00,,0.47848397493362427,,,HYDRAULIC_PROXY; no surface-water depth coupling
33602,,,2005-07-26T05:30:00,,0.47848397493362427,,,HYDRAULIC_PROXY; no surface-water depth coupling
33603,,,2005-07-26T05:30:00,,0.47848397493362427,,,HYDRAULIC_PROXY; no surface-water depth coupling
33604,,,2005-07-26T05:30:00,,0.47848397493362427,,,HYDRAULIC_PROXY; no surface-water depth coupling
33605,,,2005-07-26T05:45:00,,0.6018877625465393,,,HYDRAULIC_PROXY; no surface-water depth coupling
33606,,,2005-07-26T05:45:00,,0.6018877625465393,,,HYDRAULIC_PROXY; no surface-water depth coupling
33607,,,2005-07-26T05:45:00,,0.6018877625465393,,,HYDRAULIC_PROXY; no surface-water depth coupling
33608,,,2005-07-26T05:45:00,,0.6018877625465393,,,HYDRAULIC_PROXY; no surface-water depth coupling
33609,,,2005-07-26T05:45:00,,0.6018877625465393,,,HYDRAULIC_PROXY; no surface-water depth coupling
33869,,,2005-07-26T05:45:00,,0.07138821482658386,,,HYDRAULIC_PROXY; no surface-water depth coupling
33870,,,2005-07-26T05:45:00,,0.07138821482658386,,,HYDRAULIC_PROXY; no surface-water depth coupling
33871,,,2005-07-26T05:30:00,,0.34605279564857483,,,HYDRAULIC_PROXY; no surface-water depth coupling
33872,,,2005-07-26T05:30:00,,0.34605279564857483,,,HYDRAULIC_PROXY; no surface-water depth coupling
33873,,,2005-07-26T05:30:00,,0.34605279564857483,,,HYDRAULIC_PROXY; no surface-water depth coupling
33874,,,2005-07-26T05:30:00,,0.47848397493362427,,,HYDRAULIC_PROXY; no surface-water depth coupling
33875,,,2005-07-26T05:30:00,,0.47848397493362427,,,HYDRAULIC_PROXY; no surface-water depth coupling
33876,,,2005-07-26T05:30:00,,0.47848397493362427,,,HYDRAULIC_PROXY; no surface-water depth coupling
33877,,,2005-07-26T05:30:00,,0.47848397493362427,,,HYDRAULIC_PROXY; no surface-water depth coupling
33878,,,2005-07-26T05:30:00,,0.47848397493362427,,,HYDRAULIC_PROXY; no surface-water depth coupling
33879,,,2005-07-26T05:30:00,,0.47848397493362427,,,HYDRAULIC_PROXY; no surface-water depth coupling
33880,,,2005-07-26T05:45:00,,0.6018877625465393,,,HYDRAULIC_PROXY; no surface-water depth coupling
33881,,,2005-07-26T05:45:00,,0.6018877625465393,,,HYDRAULIC_PROXY; no surface-water depth coupling
33882,,,2005-07-26T05:45:00,,0.6018877625465393,,,HYDRAULIC_PROXY; no surface-water depth coupling
33883,,,2005-07-26T05:45:00,,0.6018877625465393,,,HYDRAULIC_PROXY; no surface-water depth coupling
34144,,,2005-07-26T05:45:00,,0.07138821482658386,,,HYDRAULIC_PROXY; no surface-water depth coupling
34145,,,2005-07-26T05:45:00,,0.07138821482658386,,,HYDRAULIC_PROXY; no surface-water depth coupling
34146,,,2005-07-26T05:45:00,,0.07138821482658386,,,HYDRAULIC_PROXY; no surface-water depth coupling
34147,,,2005-07-26T05:30:00,,0.34605279564857483,,,HYDRAULIC_PROXY; no surface-water depth coupling
34148,,,2005-07-26T05:30:00,,0.47848397493362427,,,HYDRAULIC_PROXY; no surface-water depth coupling
34149,,,2005-07-26T05:30:00,,0.47848397493362427,,,HYDRAULIC_PROXY; no surface-water depth coupling
34150,,,2005-07-26T05:30:00,,0.47848397493362427,,,HYDRAULIC_PROXY; no surface-water depth coupling
34151,,,2005-07-26T05:30:00,,0.47848397493362427,,,HYDRAULIC_PROXY; no surface-water depth coupling
34152,,,2005-07-26T05:30:00,,0.47848397493362427,,,HYDRAULIC_PROXY; no surface-water depth coupling
34153,,,2005-07-26T05:30:00,,0.47848397493362427,,,HYDRAULIC_PROXY; no surface-water depth coupling
34155,,,2005-07-26T05:45:00,,0.6018877625465393,,,HYDRAULIC_PROXY; no surface-water depth coupling
34418,,,2005-07-26T05:45:00,,0.07138821482658386,,,HYDRAULIC_PROXY; no surface-water depth coupling
34419,,,2005-07-26T05:45:00,,0.07138821482658386,,,HYDRAULIC_PROXY; no surface-water depth coupling
34420,,,2005-07-26T05:45:00,,0.07138821482658386,,,HYDRAULIC_PROXY; no surface-water depth coupling
34421,,,2005-07-26T05:45:00,,0.07138821482658386,,,HYDRAULIC_PROXY; no surface-water depth coupling
34422,,,2005-07-26T05:30:00,,0.47848397493362427,,,HYDRAULIC_PROXY; no surface-water depth coupling
34423,,,2005-07-26T05:30:00,,0.47848397493362427,,,HYDRAULIC_PROXY; no surface-water depth coupling
34424,,,2005-07-26T05:30:00,,0.47848397493362427,,,HYDRAULIC_PROXY; no surface-water depth coupling
34694,,,2005-07-26T05:45:00,,0.07138821482658386,,,HYDRAULIC_PROXY; no surface-water depth coupling
34695,,,2005-07-26T05:45:00,,0.07138821482658386,,,HYDRAULIC_PROXY; no surface-water depth coupling
34696,,,2005-07-26T05:30:00,,0.47848397493362427,,,HYDRAULIC_PROXY; no surface-water depth coupling
34697,,,2005-07-26T05:30:00,,0.47848397493362427,,,HYDRAULIC_PROXY; no surface-water depth coupling
34698,,,2005-07-26T05:30:00,,0.47848397493362427,,,HYDRAULIC_PROXY; no surface-water depth coupling
34969,,,2005-07-26T05:45:00,,0.07138821482658386,,,HYDRAULIC_PROXY; no surface-water depth coupling
34970,,,2005-07-26T05:30:00,,0.47848397493362427,,,HYDRAULIC_PROXY; no surface-water depth coupling
