swmm_id,source_node_id,component_id,x_utm43,y_utm43,longitude,latitude,invert_elev_thd_m,dem_ground_msl_m,dem_ground_thd_m,dem_cover_m,max_depth_m,max_connected_conduit_height_m,elevation_classification,rim_basis,boundary_type,boundary_basis
N_2173075007_c8d38db,2173075007,0,273591.0882000212,2107087.383600007,72.84867824010098,19.044036340355433,24.19,5.535314559936523,32.967314559936526,8.777314559936524,8.777314559936524,1.25,SOURCE-DERIVED invert; DERIVED DEM ground and cover,DEM-derived rim in repository THD convention,JUNCTION,
N_2173075008_0583379,2173075008,0,273595.55210002064,2107087.3836000063,72.84872063360665,19.044036834504308,24.19,5.535314559936523,32.967314559936526,8.777314559936524,8.777314559936524,1.25,SOURCE-DERIVED invert; DERIVED DEM ground and cover,DEM-derived rim in repository THD convention,JUNCTION,
N_2173075009_c397ed3,2173075009,0,273596.7000000211,2107059.1000000057,72.84873482752135,19.04378152562195,24.3,5.3196868896484375,32.75168688964844,8.451686889648439,8.451686889648439,1.25,SOURCE-DERIVED invert; DERIVED DEM ground and cover,DEM-derived rim in repository THD convention,JUNCTION,
N_2173075101_d379d5f,2173075101,0,273575.8363000201,2107185.218700005,72.84852200340796,19.044918223912514,24.1,8.168519973754883,35.600519973754885,11.500519973754884,11.500519973754884,1.25,SOURCE-DERIVED invert; DERIVED DEM ground and cover,DEM-derived rim in repository THD convention,JUNCTION,
N_2173075102_5d8f77e,2173075102,0,273578.8123000214,2107186.7067000074,72.84855009328938,19.044931991872723,24.1,8.168519973754883,35.600519973754885,11.500519973754884,11.500519973754884,1.25,SOURCE-DERIVED invert; DERIVED DEM ground and cover,DEM-derived rim in repository THD convention,JUNCTION,
N_2173075103_fef184b,2173075103,0,273582.53220002033,2107153.227000006,72.84858931889364,19.04463004058981,24.11,7.398131370544434,34.830131370544436,10.720131370544436,10.720131370544436,1.25,SOURCE-DERIVED invert; DERIVED DEM ground and cover,DEM-derived rim in repository THD convention,JUNCTION,
N_2173075104_7718eb1,2173075104,0,273585.5082000209,2107154.343000007,72.84861745204249,19.044640448915533,24.11,8.26976490020752,35.70176490020752,11.591764900207522,11.591764900207522,1.25,SOURCE-DERIVED invert; DERIVED DEM ground and cover,DEM-derived rim in repository THD convention,JUNCTION,
N_2173075105_de425c7,2173075105,0,273585.88020002056,2107123.8393000057,72.8486245360055,19.044365003930213,24.16,7.398131370544434,34.830131370544436,10.670131370544436,10.670131370544436,1.25,SOURCE-DERIVED invert; DERIVED DEM ground and cover,DEM-derived rim in repository THD convention,JUNCTION,
N_2173075106_54c6b35,2173075106,0,273589.97220002033,2107124.211300006,72.84866335435953,19.04436881654995,24.16,7.398131370544434,34.830131370544436,10.670131370544436,10.670131370544436,1.25,SOURCE-DERIVED invert; DERIVED DEM ground and cover,DEM-derived rim in repository THD convention,JUNCTION,
N_2173075202_ecc75ab,2173075202,0,273563.18840002094,2107252.1781000057,72.84839408993074,19.045521549714067,24.05,7.945805072784424,35.377805072784426,11.327805072784425,11.327805072784425,1.25,SOURCE-DERIVED invert; DERIVED DEM ground and cover,DEM-derived rim in repository THD convention,JUNCTION,
N_2173075203_e6318d6,2173075203,0,273566.1644000213,2107282.3098000074,72.84841884481544,19.045794005700703,23.954,5.952014923095703,33.384014923095705,9.430014923095705,9.430014923095705,1.75,SOURCE-DERIVED invert; DERIVED DEM ground and cover,DEM-derived rim in repository THD convention,JUNCTION,
N_2173075204_645c7a5,2173075204,0,273566.53640002006,2107252.9221000057,72.84842579942352,19.045528639650946,24.05,7.945805072784424,35.377805072784426,11.327805072784425,11.327805072784425,1.25,SOURCE-DERIVED invert; DERIVED DEM ground and cover,DEM-derived rim in repository THD convention,JUNCTION,
N_2173075205_7e2d2df,2173075205,0,273569.14040002075,2107280.4499000055,72.8484473246313,19.045777538015766,23.962,5.952014923095703,33.384014923095705,9.422014923095706,9.422014923095706,1.75,SOURCE-DERIVED invert; DERIVED DEM ground and cover,DEM-derived rim in repository THD convention,JUNCTION,
N_2173075206_47d0ea9,2173075206,0,273569.88440001983,2107215.7225000067,72.84846192666231,19.045193051977275,24.060000000000002,8.0,35.432,11.372,11.372,1.25,SOURCE-DERIVED invert; DERIVED DEM ground and cover,DEM-derived rim in repository THD convention,JUNCTION,
N_2173075207_ea48a99,2173075207,0,273572.86030002043,2107216.0945000057,72.84849014556384,19.04519674107949,24.060000000000002,8.283308982849121,35.71530898284912,11.655308982849121,11.655308982849121,1.25,SOURCE-DERIVED invert; DERIVED DEM ground and cover,DEM-derived rim in repository THD convention,JUNCTION,
N_2173076301_eccf1c9,2173076301,0,273634.2398000198,2107304.629600006,72.84906276337333,19.04600311754299,23.774,7.532866477966309,34.96486647796631,11.19086647796631,11.19086647796631,1.75,SOURCE-DERIVED invert; DERIVED DEM ground and cover,DEM-derived rim in repository THD convention,JUNCTION,
N_2173076302_50e6bfa,2173076302,0,273634.6118000209,2107301.281700006,72.84906668598424,19.04597292303511,23.782,7.532866477966309,34.96486647796631,11.18286647796631,11.18286647796631,1.75,SOURCE-DERIVED invert; DERIVED DEM ground and cover,DEM-derived rim in repository THD convention,JUNCTION,
N_2173077301_91e67ea,2173077301,0,273704.17510002,2107319.509500007,72.84972521316305,19.04614524156265,23.569000000000003,4.96297025680542,32.39497025680542,8.82597025680542,8.82597025680542,1.75,SOURCE-DERIVED invert; DERIVED DEM ground and cover,DEM-derived rim in repository THD convention,JUNCTION,
N_2173077302_31cf53a,2173077302,0,273705.2911000199,2107317.649500005,72.84973602835731,19.046128566944933,23.565,4.96297025680542,32.39497025680542,8.82997025680542,8.82997025680542,1.75,SOURCE-DERIVED invert; DERIVED DEM ground and cover,DEM-derived rim in repository THD convention,JUNCTION,
N_2173077303_637beba,2173077303,0,273752.16270002,2107330.297400005,72.85017970081695,19.0462479793814,23.421,9.616966247558594,37.048966247558596,13.627966247558597,13.627966247558597,1.75,SOURCE-DERIVED invert; DERIVED DEM ground and cover,DEM-derived rim in repository THD convention,JUNCTION,
N_2173077304_05f2b19,2173077304,0,273753.2787000206,2107328.0654000062,72.85019055925538,19.046227945110118,23.408,9.616966247558594,37.048966247558596,13.640966247558595,13.640966247558595,1.75,SOURCE-DERIVED invert; DERIVED DEM ground and cover,DEM-derived rim in repository THD convention,JUNCTION,
N_2173077305_8b4ff9c,2173077305,0,273781.7781000206,2107382.9382000067,72.85045483766054,19.046726667725714,23.226000000000003,1.9497358798980713,29.38173587989807,6.155735879898067,6.155735879898067,2.0,SOURCE-DERIVED invert; DERIVED DEM ground and cover,DEM-derived rim in repository THD convention,PILOT_BOUNDARY_ASSUMPTION,PILOT_BOUNDARY; source-directed terminal; physical receiving water unverified
N_2173077306_0d7f3b5,2173077306,0,273792.7103000202,2107338.4813000066,72.85056383355443,19.046326375796166,23.240000000000002,4.73176908493042,32.16376908493042,8.92376908493042,8.92376908493042,2.0,SOURCE-DERIVED invert; DERIVED DEM ground and cover,DEM-derived rim in repository THD convention,JUNCTION,
N_2173078301_7c666b9,2173078301,0,273844.0459000203,2107344.0613000058,72.85105072443457,19.046382448059056,23.255000000000003,3.5592565536499023,30.9912565536499,7.736256553649898,7.736256553649898,2.0,SOURCE-DERIVED invert; DERIVED DEM ground and cover,DEM-derived rim in repository THD convention,JUNCTION,
N_2173079301_ad7d291,2173079301,0,273912.12120002054,2107377.1690000063,72.85169339430365,19.046688979499198,23.276,4.64108419418335,32.07308419418335,8.797084194183352,8.797084194183352,2.0,SOURCE-DERIVED invert; DERIVED DEM ground and cover,DEM-derived rim in repository THD convention,JUNCTION,
N_2173079302_caab2e5,2173079302,0,273913.2372000206,2107374.193000007,72.85170433910348,19.046662225871646,23.276,4.64108419418335,32.07308419418335,8.797084194183352,8.797084194183352,2.0,SOURCE-DERIVED invert; DERIVED DEM ground and cover,DEM-derived rim in repository THD convention,JUNCTION,
N_2173079303_8c5eadc,2173079303,0,273933.69700001937,2107387.2129000057,72.85189713498696,19.04678207382298,23.284000000000002,4.64108419418335,32.07308419418335,8.78908419418335,8.78908419418335,2.0,SOURCE-DERIVED invert; DERIVED DEM ground and cover,DEM-derived rim in repository THD convention,JUNCTION,
N_2173079304_01a0cb0,2173079304,0,273960.1000000193,2107361.8000000063,72.85215084199923,19.04655548207605,24.854000000000003,6.298346042633057,33.73034604263306,8.876346042633056,8.876346042633056,0.6,SOURCE-DERIVED invert; DERIVED DEM ground and cover,DEM-derived rim in repository THD convention,JUNCTION,
N_2173079305_f14a5e3,2173079305,0,273981.3000000202,2107338.600000005,72.85235487762121,19.04634830013045,25.0,5.166528224945068,32.59852822494507,7.5985282249450705,7.5985282249450705,0.6,SOURCE-DERIVED invert; DERIVED DEM ground and cover,DEM-derived rim in repository THD convention,JUNCTION,
N_2173079401_50bca1f,2173079401,0,273974.6167000204,2107425.9005000046,72.85228125847188,19.047135994741932,23.306,8.654685974121094,36.086685974121096,12.780685974121095,12.780685974121095,2.0,SOURCE-DERIVED invert; DERIVED DEM ground and cover,DEM-derived rim in repository THD convention,JUNCTION,
N_2173079402_94599fe,2173079402,0,273976.1000000194,2107422.600000005,72.85229572924392,19.047106351029495,23.306,8.654685974121094,36.086685974121096,12.780685974121095,12.780685974121095,2.0,SOURCE-DERIVED invert; DERIVED DEM ground and cover,DEM-derived rim in repository THD convention,JUNCTION,
N_2174055507_ec0244e,2174055507,1,274559.9562000198,2105559.7825000063,72.8580565674671,19.030347140670504,27.5,5.213494777679443,32.645494777679446,5.1454947776794455,5.1454947776794455,0.45,SOURCE-DERIVED invert; DERIVED DEM ground and cover,DEM-derived rim in repository THD convention,JUNCTION,
N_2174055607_30c8260,2174055607,1,274594.40560001915,2105640.8434000053,72.85837432089993,19.031083020741754,27.169,7.956960678100586,35.38896067810059,8.219960678100588,8.219960678100588,0.45,SOURCE-DERIVED invert; DERIVED DEM ground and cover,DEM-derived rim in repository THD convention,JUNCTION,
N_2174055608_4c705b5,2174055608,1,274594.7805000203,2105686.588700006,72.85837258372405,19.031496201950993,26.836000000000002,5.97914981842041,33.41114981842041,6.57514981842041,6.57514981842041,0.45,SOURCE-DERIVED invert; DERIVED DEM ground and cover,DEM-derived rim in repository THD convention,JUNCTION,
N_2174056505_b208c3d,2174056505,1,274652.42060001916,2105577.2153000054,72.85893261433041,19.030514763824982,26.48,7.0,34.432,7.952000000000002,7.952000000000002,1.53,SOURCE-DERIVED invert; DERIVED DEM ground and cover,DEM-derived rim in repository THD convention,JUNCTION,
N_2174056508_f723d7a,2174056508,1,274664.6701000195,2105588.931200006,72.85904758255712,19.030621922390317,26.391000000000002,7.0,34.432,8.041,8.041,1.53,SOURCE-DERIVED invert; DERIVED DEM ground and cover,DEM-derived rim in repository THD convention,JUNCTION,
N_2174056601_207dbad,2174056601,1,274600.03000001906,2105652.279700005,72.8584264075461,19.031186924905054,27.121000000000002,7.956960678100586,35.38896067810059,8.267960678100586,8.267960678100586,0.45,SOURCE-DERIVED invert; DERIVED DEM ground and cover,DEM-derived rim in repository THD convention,JUNCTION,
N_2174056602_690ab9d,2174056602,1,274602.80000001995,2105678.300000006,72.8584496992233,19.031422227326264,26.818,5.97914981842041,33.41114981842041,6.593149818420411,6.593149818420411,0.45,SOURCE-DERIVED invert; DERIVED DEM ground and cover,DEM-derived rim in repository THD convention,JUNCTION,
N_2174056603_77476e2,2174056603,1,274606.7793000187,2105661.4663000056,72.8584894371449,19.031270635201803,27.079,8.030755043029785,35.46275504302979,8.383755043029787,8.383755043029787,0.45,SOURCE-DERIVED invert; DERIVED DEM ground and cover,DEM-derived rim in repository THD convention,JUNCTION,
N_2174056604_0c4fef1,2174056604,1,274612.02880001994,2105672.527700005,72.85853800715711,19.031371112220583,26.8,6.387619972229004,33.819619972229006,7.019619972229005,7.019619972229005,0.9,SOURCE-DERIVED invert; DERIVED DEM ground and cover,DEM-derived rim in repository THD convention,JUNCTION,
N_2174056605_86c1ce5,2174056605,1,274621.4028000197,2105662.7786000054,72.85862815436515,19.031284097342176,26.784000000000002,8.030755043029785,35.46275504302979,8.678755043029785,8.678755043029785,0.9,SOURCE-DERIVED invert; DERIVED DEM ground and cover,DEM-derived rim in repository THD convention,JUNCTION,
N_2174056606_cbc6b4e,2174056606,1,274628.3437000195,2105654.4320000056,72.85869503365016,19.031209480907354,26.771,8.030755043029785,35.46275504302979,8.691755043029787,8.691755043029787,0.9,SOURCE-DERIVED invert; DERIVED DEM ground and cover,DEM-derived rim in repository THD convention,JUNCTION,
N_2174056608_e221e8f,2174056608,1,274649.2497000189,2105631.5720000067,72.85889620982461,19.03100532704432,26.734,7.1129961013793945,34.5449961013794,7.810996101379395,7.810996101379395,0.9,SOURCE-DERIVED invert; DERIVED DEM ground and cover,DEM-derived rim in repository THD convention,JUNCTION,
N_2174056610_b2cffd0,2174056610,1,274661.2000000193,2105619.000000006,72.8590111487135,19.030893101098346,26.714000000000002,7.1129961013793945,34.5449961013794,7.8309961013793945,7.8309961013793945,0.9,SOURCE-DERIVED invert; DERIVED DEM ground and cover,DEM-derived rim in repository THD convention,JUNCTION,
N_2174056613_b7ad54a,2174056613,1,274680.71030001977,2105636.227900007,72.8591944298534,19.031050839572274,26.683,9.778609275817871,37.21060927581787,10.527609275817873,10.527609275817873,0.9,SOURCE-DERIVED invert; DERIVED DEM ground and cover,DEM-derived rim in repository THD convention,JUNCTION,
N_2174056614_b598990,2174056614,1,274680.88610001863,2105615.2517000074,72.85919852738127,19.030861416280867,27.05,9.48078441619873,36.91278441619873,9.862784416198732,9.862784416198732,0.54,SOURCE-DERIVED invert; DERIVED DEM ground and cover,DEM-derived rim in repository THD convention,JUNCTION,
N_2174056615_84a3a8c,2174056615,1,274682.01600001863,2105605.325300007,72.85921040623569,19.030771892230906,26.265,9.48078441619873,36.91278441619873,10.647784416198732,10.647784416198732,1.53,SOURCE-DERIVED invert; DERIVED DEM ground and cover,DEM-derived rim in repository THD convention,JUNCTION,
N_2174056617_699a582,2174056617,1,274698.78840001975,2105632.8126000054,72.8593665001055,19.03102198500623,26.738,12.86142349243164,40.29342349243164,13.555423492431643,13.555423492431643,0.54,SOURCE-DERIVED invert; DERIVED DEM ground and cover,DEM-derived rim in repository THD convention,JUNCTION,
N_2174057410_34e9311,2174057410,1,274798.10000001825,2105469.500000006,72.86032848591553,19.029557986089163,25.833000000000002,6.544429779052734,33.97642977905274,8.143429779052735,8.143429779052735,1.8,SOURCE-DERIVED invert; DERIVED DEM ground and cover,DEM-derived rim in repository THD convention,JUNCTION,
N_2174057411_71b2d38,2174057411,1,274799.13000001863,2105491.9399000057,72.86033567108127,19.029760761368433,25.852,13.467327117919922,40.899327117919924,15.047327117919924,15.047327117919924,1.5,SOURCE-DERIVED invert; DERIVED DEM ground and cover,DEM-derived rim in repository THD convention,JUNCTION,
N_2174057504_c0d746e,2174057504,1,274799.23600001854,2105582.1445000065,72.86032624213044,19.030575439755395,25.928,22.552165985107422,49.984165985107424,24.056165985107423,24.056165985107423,1.5,SOURCE-DERIVED invert; DERIVED DEM ground and cover,DEM-derived rim in repository THD convention,JUNCTION,
N_2174057505_958ef9f,2174057505,1,274799.79130001867,2105515.416100005,72.86033923508951,19.0299728552384,25.872,37.07929992675781,64.51129992675781,38.639299926757815,38.639299926757815,1.5,SOURCE-DERIVED invert; DERIVED DEM ground and cover,DEM-derived rim in repository THD convention,JUNCTION,
N_2174057506_955de55,2174057506,1,274799.791300019,2105539.223000005,72.86033648094903,19.030187863004237,25.892000000000003,37.07929992675781,64.51129992675781,38.61929992675781,38.61929992675781,1.5,SOURCE-DERIVED invert; DERIVED DEM ground and cover,DEM-derived rim in repository THD convention,JUNCTION,
N_2174057601_52abd7d,2174057601,1,274701.33910002,2105623.9790000063,72.85939174473272,19.03094248675688,26.124000000000002,20.356943130493164,47.788943130493166,21.664943130493164,21.664943130493164,1.53,SOURCE-DERIVED invert; DERIVED DEM ground and cover,DEM-derived rim in repository THD convention,JUNCTION,
N_2174057602_33187ef,2174057602,1,274702.16750002024,2105656.2457000054,72.8593958767791,19.031233988671215,26.648,12.86142349243164,40.29342349243164,13.645423492431643,13.645423492431643,1.0,SOURCE-DERIVED invert; DERIVED DEM ground and cover,DEM-derived rim in repository THD convention,JUNCTION,
N_2174057603_adab68c,2174057603,1,274705.8000000189,2105650.100000006,72.85943108342857,19.03117888477266,26.635,12.86142349243164,40.29342349243164,13.658423492431641,13.658423492431641,1.0,SOURCE-DERIVED invert; DERIVED DEM ground and cover,DEM-derived rim in repository THD convention,JUNCTION,
N_2174057604_0bc0f8b,2174057604,1,274709.20320002036,2105630.401600005,72.85946568114525,19.031001356918242,26.082,20.356943130493164,47.788943130493166,21.706943130493165,21.706943130493165,1.53,SOURCE-DERIVED invert; DERIVED DEM ground and cover,DEM-derived rim in repository THD convention,JUNCTION,
N_2174057605_59fa55b,2174057605,1,274709.54540001997,2105661.884600007,72.85946528691287,19.03128572748227,26.658,12.86142349243164,40.29342349243164,13.635423492431642,13.635423492431642,1.0,SOURCE-DERIVED invert; DERIVED DEM ground and cover,DEM-derived rim in repository THD convention,JUNCTION,
N_2174057606_141d93d,2174057606,1,274709.7000000193,2105652.700000005,72.85946781807982,19.031202795482837,26.635,12.86142349243164,40.29342349243164,13.658423492431641,13.658423492431641,1.0,SOURCE-DERIVED invert; DERIVED DEM ground and cover,DEM-derived rim in repository THD convention,JUNCTION,
N_2174057607_529b015,2174057607,1,274713.7229000198,2105646.8790000076,72.85950669447476,19.031150667007484,26.022000000000002,12.86142349243164,40.29342349243164,14.27142349243164,14.27142349243164,1.0,SOURCE-DERIVED invert; DERIVED DEM ground and cover,DEM-derived rim in repository THD convention,JUNCTION,
N_2174057608_7f04778,2174057608,1,274716.90000002005,2105642.000000005,72.85953742985185,19.031106952923945,26.016000000000002,12.86142349243164,40.29342349243164,14.277423492431641,14.277423492431641,1.0,SOURCE-DERIVED invert; DERIVED DEM ground and cover,DEM-derived rim in repository THD convention,JUNCTION,
N_2174057610_194680a,2174057610,1,274720.7000000195,2105645.0000000065,72.85957316858196,19.03113446513264,26.016000000000002,12.86142349243164,40.29342349243164,14.277423492431641,14.277423492431641,1.0,SOURCE-DERIVED invert; DERIVED DEM ground and cover,DEM-derived rim in repository THD convention,JUNCTION,
N_2174057611_4d900a7,2174057611,1,274722.30000001896,2105641.500000005,72.85958876773115,19.03110303163484,26.01,12.86142349243164,40.29342349243164,14.283423492431641,14.283423492431641,1.53,SOURCE-DERIVED invert; DERIVED DEM ground and cover,DEM-derived rim in repository THD convention,JUNCTION,
N_2174057612_25538b8,2174057612,1,274728.5410000204,2105677.9183000047,72.85964381937526,19.0314326237346,26.683,11.804535865783691,39.236535865783694,12.553535865783694,12.553535865783694,1.0,SOURCE-DERIVED invert; DERIVED DEM ground and cover,DEM-derived rim in repository THD convention,JUNCTION,
N_2174057613_ab0fbf4,2174057613,1,274729.0057000191,2105636.4213000056,72.85965303482064,19.031057902353428,26.003,14.013185501098633,41.445185501098635,15.442185501098635,15.442185501098635,1.5,SOURCE-DERIVED invert; DERIVED DEM ground and cover,DEM-derived rim in repository THD convention,JUNCTION,
N_2174057614_faa298b,2174057614,1,274739.84130001965,2105688.0524000064,72.85974995782243,19.031525391747255,26.699,11.804535865783691,39.236535865783694,12.537535865783692,12.537535865783692,1.0,SOURCE-DERIVED invert; DERIVED DEM ground and cover,DEM-derived rim in repository THD convention,JUNCTION,
N_2174057616_91f1d43,2174057616,1,274743.55410001904,2105691.265000006,72.85978484399119,19.03155481438657,26.704,11.804535865783691,39.236535865783694,12.532535865783693,12.532535865783693,1.0,SOURCE-DERIVED invert; DERIVED DEM ground and cover,DEM-derived rim in repository THD convention,JUNCTION,
N_2174057617_8dc65a7,2174057617,1,274747.1482000197,2105694.5944000054,72.85981858944176,19.03158527881435,26.709,13.45218563079834,40.88418563079834,14.175185630798342,14.175185630798342,1.0,SOURCE-DERIVED invert; DERIVED DEM ground and cover,DEM-derived rim in repository THD convention,JUNCTION,
N_2174057618_6a58d48,2174057618,1,274751.14310001873,2105618.697500006,72.85986530911244,19.03090026948252,25.979000000000003,20.8436222076416,48.275622207641604,22.2966222076416,22.2966222076416,1.5,SOURCE-DERIVED invert; DERIVED DEM ground and cover,DEM-derived rim in repository THD convention,JUNCTION,
N_2174057621_7cd9ad8,2174057621,1,274771.97830002033,2105602.7773000053,72.86006500826949,19.030758781918603,25.957,22.478670120239258,49.91067012023926,23.95367012023926,23.95367012023926,1.5,SOURCE-DERIVED invert; DERIVED DEM ground and cover,DEM-derived rim in repository THD convention,JUNCTION,
N_2174058307_e669fd8,2174058307,1,274847.30000001914,2105395.7000000044,72.86080423520919,19.028896886717344,25.997,8.970922470092773,36.402922470092776,10.405922470092776,10.405922470092776,2.4,SOURCE-DERIVED invert; DERIVED DEM ground and cover,DEM-derived rim in repository THD convention,JUNCTION,
N_2174058308_985ffcd,2174058308,1,274850.0000000191,2105394.900000006,72.86082996741918,19.02888995863423,25.998,9.653223037719727,37.08522303771973,11.087223037719728,11.087223037719728,2.4,SOURCE-DERIVED invert; DERIVED DEM ground and cover,DEM-derived rim in repository THD convention,JUNCTION,
N_2174058401_74c1078,2174058401,1,274840.6000000192,2105464.500000005,72.8607326534345,19.029517504892944,25.797,8.655344009399414,36.087344009399416,10.290344009399416,10.290344009399416,1.8,SOURCE-DERIVED invert; DERIVED DEM ground and cover,DEM-derived rim in repository THD convention,JUNCTION,
N_2174058402_6f747ed,2174058402,1,274843.20000001974,2105451.000000006,72.86075890500315,19.029395868008724,25.87,8.655344009399414,36.087344009399416,10.217344009399415,10.217344009399415,2.4,SOURCE-DERIVED invert; DERIVED DEM ground and cover,DEM-derived rim in repository THD convention,JUNCTION,
N_2174058403_59717bd,2174058403,1,274847.3000000194,2105442.600000006,72.86079881097884,19.029320455865005,25.966,10.53197956085205,37.96397956085205,11.997979560852052,11.997979560852052,2.4,SOURCE-DERIVED invert; DERIVED DEM ground and cover,DEM-derived rim in repository THD convention,JUNCTION,
N_2174058404_920a299,2174058404,1,274847.7000000204,2105438.600000005,72.86080307208647,19.029284374563193,25.969,10.53197956085205,37.96397956085205,11.994979560852052,11.994979560852052,2.4,SOURCE-DERIVED invert; DERIVED DEM ground and cover,DEM-derived rim in repository THD convention,JUNCTION,
N_2174058405_316f96d,2174058405,1,274848.2000000198,2105430.6000000057,72.86080874543407,19.02921217896025,25.974,10.53197956085205,37.96397956085205,11.989979560852053,11.989979560852053,2.4,SOURCE-DERIVED invert; DERIVED DEM ground and cover,DEM-derived rim in repository THD convention,JUNCTION,
N_2174058406_92d5ed0,2174058406,1,274848.40000001935,2105420.3000000073,72.86081183592111,19.029119178310356,25.981,10.53197956085205,37.96397956085205,11.982979560852051,11.982979560852051,2.4,SOURCE-DERIVED invert; DERIVED DEM ground and cover,DEM-derived rim in repository THD convention,JUNCTION,
N_2174058407_4535677,2174058407,1,274848.8000000189,2105410.1000000047,72.86081681407136,19.02902710279017,25.988,8.970922470092773,36.402922470092776,10.414922470092776,10.414922470092776,2.4,SOURCE-DERIVED invert; DERIVED DEM ground and cover,DEM-derived rim in repository THD convention,JUNCTION,
N_2174058408_59956cf,2174058408,1,274849.500000019,2105400.0000000056,72.86082462950026,19.02893596339847,25.995,8.970922470092773,36.402922470092776,10.407922470092775,10.407922470092775,2.4,SOURCE-DERIVED invert; DERIVED DEM ground and cover,DEM-derived rim in repository THD convention,JUNCTION,
N_2174058409_fafad4c,2174058409,1,274862.40000001906,2105442.300000007,72.86094223837267,19.029319407334267,25.956,11.380054473876953,38.812054473876955,12.856054473876956,12.856054473876956,2.4,SOURCE-DERIVED invert; DERIVED DEM ground and cover,DEM-derived rim in repository THD convention,JUNCTION,
N_2174058411_19d11fe,2174058411,1,274884.50000001973,2105447.600000005,72.86115149165133,19.029369703971657,25.941000000000003,7.329553127288818,34.76155312728882,8.820553127288818,8.820553127288818,2.4,SOURCE-DERIVED invert; DERIVED DEM ground and cover,DEM-derived rim in repository THD convention,JUNCTION,
N_2174058412_e2adc4e,2174058412,1,274885.6000000194,2105450.8000000063,72.86116156744187,19.029398725192408,25.774,6.02106237411499,33.45306237411499,7.6790623741149915,7.6790623741149915,2.4,SOURCE-DERIVED invert; DERIVED DEM ground and cover,DEM-derived rim in repository THD convention,JUNCTION,
N_2174058413_b852792,2174058413,1,274889.3000000188,2105458.7000000053,72.86119578990001,19.02947047958702,25.756,6.02106237411499,33.45306237411499,7.697062374114992,7.697062374114992,1.8,SOURCE-DERIVED invert; DERIVED DEM ground and cover,DEM-derived rim in repository THD convention,JUNCTION,
N_2174058414_9f300ae,2174058414,1,274897.10000001686,2105448.900000006,72.86127099357813,19.029382830369315,25.933,7.329553127288818,34.76155312728882,8.82855312728882,8.82855312728882,2.4,SOURCE-DERIVED invert; DERIVED DEM ground and cover,DEM-derived rim in repository THD convention,JUNCTION,
N_2174058415_7034bc8,2174058415,1,274897.1000000206,2105452.000000006,72.86127063511972,19.029410827484895,25.747,6.02106237411499,33.45306237411499,7.7060623741149925,7.7060623741149925,2.4,SOURCE-DERIVED invert; DERIVED DEM ground and cover,DEM-derived rim in repository THD convention,JUNCTION,
N_2174058501_b706378,2174058501,1,274800.7833000198,2105554.102300005,72.86034417988262,19.03032235188611,25.904,40.057945251464844,67.48994525146485,41.58594525146485,41.58594525146485,1.5,SOURCE-DERIVED invert; DERIVED DEM ground and cover,DEM-derived rim in repository THD convention,JUNCTION,
N_2174058502_4df8f84,2174058502,1,274802.10590001906,2105573.280100005,72.86035452099635,19.0304956982749,25.92,22.552165985107422,49.984165985107424,24.064165985107422,24.064165985107422,1.5,SOURCE-DERIVED invert; DERIVED DEM ground and cover,DEM-derived rim in repository THD convention,JUNCTION,
N_2174059401_0eeae2d,2174059401,1,274916.7000000192,2105454.800000006,72.86145643716218,19.02943827054557,25.731,3.8777520656585693,31.309752065658568,5.578752065658566,5.578752065658566,2.4,SOURCE-DERIVED invert; DERIVED DEM ground and cover,DEM-derived rim in repository THD convention,JUNCTION,
N_2174059402_926c5ed,2174059402,1,274941.1000000179,2105454.4000000064,72.86168819108444,19.029437340934567,25.903000000000002,5.5806965827941895,33.01269658279419,7.109696582794189,7.109696582794189,2.4,SOURCE-DERIVED invert; DERIVED DEM ground and cover,DEM-derived rim in repository THD convention,JUNCTION,
N_2174059403_7b9ad12,2174059403,1,274941.40000001964,2105458.1000000047,72.86169061219462,19.02947078984061,25.71,5.5806965827941895,33.01269658279419,7.302696582794191,7.302696582794191,2.4,SOURCE-DERIVED invert; DERIVED DEM ground and cover,DEM-derived rim in repository THD convention,JUNCTION,
N_2174059404_bc9156b,2174059404,1,274968.10000001895,2105459.2000000053,72.86194403410542,19.029483659793076,25.687,5.5806965827941895,33.01269658279419,7.3256965827941904,7.3256965827941904,2.4,SOURCE-DERIVED invert; DERIVED DEM ground and cover,DEM-derived rim in repository THD convention,JUNCTION,
N_2174059405_b163762,2174059405,1,274990.7000000188,2105455.300000006,72.86215909949854,19.029450922045054,25.87,6.7299604415893555,34.16196044158936,8.291960441589357,8.291960441589357,2.4,SOURCE-DERIVED invert; DERIVED DEM ground and cover,DEM-derived rim in repository THD convention,JUNCTION,
N_2174064701_1c0e380,2174064701,0,274474.10000002047,2106785.800000007,72.85709916580657,19.04141021070405,27.372,7.3406267166137695,34.77262671661377,7.400626716613772,7.400626716613772,0.6,SOURCE-DERIVED invert; DERIVED DEM ground and cover,DEM-derived rim in repository THD convention,PILOT_BOUNDARY_ASSUMPTION,PILOT_BOUNDARY; source-directed terminal; physical receiving water unverified
N_2174064803_0cc77b7,2174064803,0,274441.90000002005,2106810.200000005,72.85679053740118,19.04162702378537,28.3,7.540158748626709,34.97215874862671,6.67215874862671,6.67215874862671,0.3,SOURCE-DERIVED invert; DERIVED DEM ground and cover,DEM-derived rim in repository THD convention,PILOT_BOUNDARY_ASSUMPTION,PILOT_BOUNDARY; source-directed terminal; physical receiving water unverified
N_2174064804_6a236bd,2174064804,0,274464.1000000189,2106841.500000006,72.85699773910024,19.041912151028967,28.35,7.9407148361206055,35.37271483612061,7.022714836120606,7.022714836120606,0.3,SOURCE-DERIVED invert; DERIVED DEM ground and cover,DEM-derived rim in repository THD convention,JUNCTION,
N_2174064805_a506297,2174064805,0,274485.1000000195,2106871.2000000053,72.85719373068055,19.04218269573359,26.246000000000002,7.54186487197876,34.97386487197876,8.72786487197876,8.72786487197876,0.9,SOURCE-DERIVED invert; DERIVED DEM ground and cover,DEM-derived rim in repository THD convention,PILOT_BOUNDARY_ASSUMPTION,PILOT_BOUNDARY; source-directed terminal; physical receiving water unverified
N_2174064903_3cac65e,2174064903,0,274484.80000002007,2106963.7000000053,72.8571801572402,19.04301805703112,26.6,7.0,34.432,7.832000000000001,7.832000000000001,0.9,SOURCE-DERIVED invert; DERIVED DEM ground and cover,DEM-derived rim in repository THD convention,PILOT_BOUNDARY_ASSUMPTION,PILOT_BOUNDARY; source-directed terminal; physical receiving water unverified
N_2174065601_e5a21a8,2174065601,0,274597.9000000196,2106688.100000005,72.85828619910954,19.04054149832579,27.7,8.024397850036621,35.45639785003662,7.756397850036624,7.756397850036624,0.6,SOURCE-DERIVED invert; DERIVED DEM ground and cover,DEM-derived rim in repository THD convention,JUNCTION,
N_2174065701_3e5658c,2174065701,0,274534.4000000191,2106740.0000000056,72.85767713550393,19.04100322472884,27.529,9.0,36.432,8.903000000000002,8.903000000000002,0.6,SOURCE-DERIVED invert; DERIVED DEM ground and cover,DEM-derived rim in repository THD convention,JUNCTION,
N_2174065702_c6b825c,2174065702,0,274559.50000001985,2106766.8000000063,72.857912400591,19.04124802984471,28.8,9.0,36.432,7.6320000000000014,7.6320000000000014,0.3,SOURCE-DERIVED invert; DERIVED DEM ground and cover,DEM-derived rim in repository THD convention,JUNCTION,
N_2174065703_abd45e5,2174065703,0,274581.30000001995,2106794.7000000053,72.85811619918839,19.0415024054901,26.336000000000002,9.0,36.432,10.096,10.096,0.9,SOURCE-DERIVED invert; DERIVED DEM ground and cover,DEM-derived rim in repository THD convention,JUNCTION,
N_2174065801_dbbc674,2174065801,0,274516.70000002015,2106843.800000006,72.8574970093535,19.041938722019168,26.276,7.9387078285217285,35.37070782852173,9.09470782852173,9.09470782852173,0.9,SOURCE-DERIVED invert; DERIVED DEM ground and cover,DEM-derived rim in repository THD convention,JUNCTION,
N_2174065802_a276565,2174065802,0,274542.40000001993,2106874.900000006,72.85773747507386,19.04222242814435,28.5,7.708420276641846,35.14042027664185,6.640420276641848,6.640420276641848,0.3,SOURCE-DERIVED invert; DERIVED DEM ground and cover,DEM-derived rim in repository THD convention,JUNCTION,
N_2174065803_4b06d27,2174065803,0,274594.3000000197,2106878.600000005,72.85822993650604,19.042261563910476,27.265,8.547809600830078,35.97980960083008,8.71480960083008,8.71480960083008,0.9,SOURCE-DERIVED invert; DERIVED DEM ground and cover,DEM-derived rim in repository THD convention,JUNCTION,
N_2174065903_6e1dbc9,2174065903,0,274530.8126000197,2106927.451400006,72.85762133901231,19.04269575800702,26.8,7.458552837371826,34.89055283737183,8.090552837371828,8.090552837371828,0.9,SOURCE-DERIVED invert; DERIVED DEM ground and cover,DEM-derived rim in repository THD convention,JUNCTION,
N_2174065904_0e4e5d5,2174065904,0,274559.5000000202,2106963.4000000064,72.85788961517079,19.043023582483972,27.0,8.467524528503418,35.89952452850342,8.89952452850342,8.89952452850342,0.45,SOURCE-DERIVED invert; DERIVED DEM ground and cover,DEM-derived rim in repository THD convention,JUNCTION,
N_2174065905_093970c,2174065905,0,274562.60000001965,2106903.400000006,72.85792600977872,19.042482046481076,27.148,7.0,34.432,7.2840000000000025,7.2840000000000025,0.9,SOURCE-DERIVED invert; DERIVED DEM ground and cover,DEM-derived rim in repository THD convention,JUNCTION,
N_2174065906_2009e9f,2174065906,0,274572.7000000201,2106985.800000007,72.85801237901278,19.043227338359515,26.804000000000002,8.521379470825195,35.9533794708252,9.149379470825195,9.149379470825195,0.6,SOURCE-DERIVED invert; DERIVED DEM ground and cover,DEM-derived rim in repository THD convention,JUNCTION,
N_2174065907_7aaf0b5,2174065907,0,274591.40000001976,2106938.0000000056,72.85819551192648,19.042797703349574,27.2,8.224706649780273,35.656706649780276,8.456706649780276,8.456706649780276,0.3,SOURCE-DERIVED invert; DERIVED DEM ground and cover,DEM-derived rim in repository THD convention,JUNCTION,
N_2174066301_66435e9,2174066301,0,274617.0000000212,2106373.000000006,72.85850409158148,19.037697839655305,27.2,8.534377098083496,35.9663770980835,8.766377098083499,8.766377098083499,1.2,SOURCE-DERIVED invert; DERIVED DEM ground and cover,DEM-derived rim in repository THD convention,JUNCTION,
N_2174066402_bc2985b,2174066402,0,274629.00000001944,2106401.000000005,72.85861480833353,19.037952038035368,27.004,13.536561012268066,40.96856101226807,13.964561012268067,13.964561012268067,1.2,SOURCE-DERIVED invert; DERIVED DEM ground and cover,DEM-derived rim in repository THD convention,JUNCTION,
N_2174066403_5c991f8,2174066403,0,274637.0000000197,2106415.000000006,72.85868916020183,19.0380793575154,26.592000000000002,16.343814849853516,43.77581484985352,17.183814849853515,17.183814849853515,1.6,SOURCE-DERIVED invert; DERIVED DEM ground and cover,DEM-derived rim in repository THD convention,JUNCTION,
N_2174066404_f66a918,2174066404,0,274645.0000000193,2106431.000000005,72.85876328052628,19.038224739583224,26.567,16.142845153808594,43.574845153808596,17.007845153808596,17.007845153808596,1.6,SOURCE-DERIVED invert; DERIVED DEM ground and cover,DEM-derived rim in repository THD convention,JUNCTION,
N_2174066405_1c6ea98,2174066405,0,274666.00000001956,2106447.000000006,72.85896085816468,19.03837155348841,26.565,16.142845153808594,43.574845153808596,17.009845153808595,17.009845153808595,1.6,SOURCE-DERIVED invert; DERIVED DEM ground and cover,DEM-derived rim in repository THD convention,JUNCTION,
N_2174066406_00656e4,2174066406,0,274681.00000001973,2106474.0000000056,72.8591001819569,19.038617050787106,26.562,15.242202758789062,42.674202758789065,16.112202758789063,16.112202758789063,1.6,SOURCE-DERIVED invert; DERIVED DEM ground and cover,DEM-derived rim in repository THD convention,JUNCTION,
N_2174066504_b99e1a6,2174066504,0,274698.000000019,2106505.000000005,72.85925803639587,19.038898893495492,26.559,17.020200729370117,44.45220072937012,17.89320072937012,17.89320072937012,1.6,SOURCE-DERIVED invert; DERIVED DEM ground and cover,DEM-derived rim in repository THD convention,JUNCTION,
N_2174066701_c88f0c1,2174066701,0,274643.30000001926,2106742.400000006,72.85871106475929,19.041036899948892,27.82,7.235065937042236,34.66706593704224,6.847065937042238,6.847065937042238,0.3,SOURCE-DERIVED invert; DERIVED DEM ground and cover,DEM-derived rim in repository THD convention,JUNCTION,
N_2174066702_29415f4,2174066702,0,274644.71120001946,2106744.8635000065,72.85872418133911,19.04105930402692,26.395,7.235065937042236,34.66706593704224,8.272065937042239,8.272065937042239,0.9,SOURCE-DERIVED invert; DERIVED DEM ground and cover,DEM-derived rim in repository THD convention,JUNCTION,
N_2174066703_b4cc312,2174066703,0,274648.9000000196,2106748.7000000044,72.85876351734849,19.041094414076806,26.292,7.235065937042236,34.66706593704224,8.375065937042237,8.375065937042237,1.2,SOURCE-DERIVED invert; DERIVED DEM ground and cover,DEM-derived rim in repository THD convention,JUNCTION,
N_2174066704_a0837f1,2174066704,0,274650.5803000195,2106747.023000006,72.85877966919337,19.041079453693744,27.5,7.235065937042236,34.66706593704224,7.1670659370422385,7.1670659370422385,1.0,SOURCE-DERIVED invert; DERIVED DEM ground and cover,DEM-derived rim in repository THD convention,JUNCTION,
N_2174066705_76cc05c,2174066705,0,274650.67450001976,2106748.2945000073,72.85878041650338,19.041090947370996,26.159000000000002,7.235065937042236,34.66706593704224,8.508065937042236,8.508065937042236,1.2,SOURCE-DERIVED invert; DERIVED DEM ground and cover,DEM-derived rim in repository THD convention,JUNCTION,
N_2174066706_924ed1e,2174066706,0,274652.6945000208,2106753.3798000044,72.85879901107151,19.041137096779046,26.227,7.235065937042236,34.66706593704224,8.440065937042238,8.440065937042238,1.2,SOURCE-DERIVED invert; DERIVED DEM ground and cover,DEM-derived rim in repository THD convention,JUNCTION,
N_2174066707_e246282,2174066707,0,274656.6080000192,2106755.923200006,72.85883588242093,19.04116049811236,26.157,7.235065937042236,34.66706593704224,8.510065937042238,8.510065937042238,1.2,SOURCE-DERIVED invert; DERIVED DEM ground and cover,DEM-derived rim in repository THD convention,JUNCTION,
N_2174066708_7938c9d,2174066708,0,274658.00000001956,2106761.0000000056,72.85884851396204,19.041206501569576,26.202,7.036989688873291,34.46898968887329,8.266989688873291,8.266989688873291,1.2,SOURCE-DERIVED invert; DERIVED DEM ground and cover,DEM-derived rim in repository THD convention,JUNCTION,
N_2174066709_2dd74f8,2174066709,0,274663.9000000206,2106724.500000005,72.8589087734928,19.04087750898022,28.0,7.420924186706543,34.852924186706545,6.852924186706545,6.852924186706545,0.3,SOURCE-DERIVED invert; DERIVED DEM ground and cover,DEM-derived rim in repository THD convention,JUNCTION,
N_2174066710_1dd49d5,2174066710,0,274673.00000001915,2106781.0000000065,72.85898865033333,19.041388779982135,26.182000000000002,6.0,33.432,7.25,7.25,1.2,SOURCE-DERIVED invert; DERIVED DEM ground and cover,DEM-derived rim in repository THD convention,JUNCTION,
N_2174066711_2ee2019,2174066711,0,274674.0000000198,2106776.0000000056,72.85899872637769,19.041343733624526,26.152,6.0,33.432,7.280000000000001,7.280000000000001,1.2,SOURCE-DERIVED invert; DERIVED DEM ground and cover,DEM-derived rim in repository THD convention,JUNCTION,
N_2174066712_e956be6,2174066712,0,274677.40000002057,2106721.6000000047,72.85903731687263,19.040852805265963,28.3,7.0,34.432,6.1320000000000014,6.1320000000000014,1.0,SOURCE-DERIVED invert; DERIVED DEM ground and cover,DEM-derived rim in repository THD convention,JUNCTION,
N_2174066713_521aff6,2174066713,0,274678.80000001984,2106725.7000000053,72.85905013757136,19.04088998781817,26.330000000000002,7.0,34.432,8.102,8.102,1.2,SOURCE-DERIVED invert; DERIVED DEM ground and cover,DEM-derived rim in repository THD convention,JUNCTION,
N_2174066714_05a7a7c,2174066714,0,274679.2129000179,2106726.0658000056,72.85905401645188,19.040893336949406,26.228,7.0,34.432,8.204,8.204,1.2,SOURCE-DERIVED invert; DERIVED DEM ground and cover,DEM-derived rim in repository THD convention,JUNCTION,
N_2174066715_407a021,2174066715,0,274684.000000019,2106797.000000006,72.85909126275523,19.0415344925044,26.167,7.271505355834961,34.70350535583496,8.536505355834962,8.536505355834962,1.2,SOURCE-DERIVED invert; DERIVED DEM ground and cover,DEM-derived rim in repository THD convention,JUNCTION,
N_2174066716_51898ea,2174066716,0,274686.0000000177,2106796.0000000056,72.85911037236016,19.041525681501493,26.145,7.271505355834961,34.70350535583496,8.558505355834964,8.558505355834964,1.2,SOURCE-DERIVED invert; DERIVED DEM ground and cover,DEM-derived rim in repository THD convention,JUNCTION,
N_2174066717_f4b97c9,2174066717,0,274699.0065000193,2106709.047000006,72.85924396440086,19.040741815132375,26.356,9.488157272338867,36.92015727233887,10.564157272338868,10.564157272338868,1.2,SOURCE-DERIVED invert; DERIVED DEM ground and cover,DEM-derived rim in repository THD convention,JUNCTION,
N_2174066801_31cb562,2174066801,0,274603.30000002007,2106824.500000005,72.8583216776119,19.04177396246924,28.900000000000002,8.67664909362793,36.10864909362793,7.20864909362793,7.20864909362793,0.3,SOURCE-DERIVED invert; DERIVED DEM ground and cover,DEM-derived rim in repository THD convention,JUNCTION,
N_2174066802_9ae598a,2174066802,0,274627.6000000194,2106852.600000005,72.85854919654852,19.042030419487116,27.388,9.179326057434082,36.611326057434084,9.223326057434083,9.223326057434083,0.9,SOURCE-DERIVED invert; DERIVED DEM ground and cover,DEM-derived rim in repository THD convention,JUNCTION,
N_2174066803_d115dc2,2174066803,0,274650.90000002016,2106884.300000006,72.8587668021775,19.042319278795713,28.8,9.039968490600586,36.47196849060059,7.671968490600587,7.671968490600587,0.3,SOURCE-DERIVED invert; DERIVED DEM ground and cover,DEM-derived rim in repository THD convention,JUNCTION,
N_2174066804_b2bea22,2174066804,0,274658.30000001966,2106829.8000000063,72.85884339308441,19.04182788815611,27.499000000000002,8.914444923400879,36.34644492340088,8.847444923400879,8.847444923400879,0.9,SOURCE-DERIVED invert; DERIVED DEM ground and cover,DEM-derived rim in repository THD convention,JUNCTION,
N_2174066806_28c8fd9,2174066806,0,274679.5000000193,2106860.400000006,72.85904118291859,19.042106581388033,28.2,9.38643741607666,36.81843741607666,8.618437416076663,8.618437416076663,0.3,SOURCE-DERIVED invert; DERIVED DEM ground and cover,DEM-derived rim in repository THD convention,JUNCTION,
N_2174066807_9a2b275,2174066807,0,274686.20000001916,2106809.200000005,72.8591107428044,19.041644916729993,27.6,7.271505355834961,34.70350535583496,7.103505355834962,7.103505355834962,0.9,SOURCE-DERIVED invert; DERIVED DEM ground and cover,DEM-derived rim in repository THD convention,JUNCTION,
N_2174066808_9711398,2174066808,0,274693.0000000192,2106808.000000005,72.85917546068086,19.041634828175727,26.157,7.271505355834961,34.70350535583496,8.546505355834963,8.546505355834963,1.2,SOURCE-DERIVED invert; DERIVED DEM ground and cover,DEM-derived rim in repository THD convention,JUNCTION,
N_2174066901_013c529,2174066901,0,274608.0000000199,2106960.800000007,72.85835051936455,19.043005446237085,26.728,9.225504875183105,36.65750487518311,9.929504875183106,9.929504875183106,0.6,SOURCE-DERIVED invert; DERIVED DEM ground and cover,DEM-derived rim in repository THD convention,JUNCTION,
N_2174066902_5cff9ec,2174066902,0,274619.3000000194,2106913.3000000063,72.85846333899214,19.042577704779912,28.3,8.297584533691406,35.72958453369141,7.429584533691408,7.429584533691408,0.3,SOURCE-DERIVED invert; DERIVED DEM ground and cover,DEM-derived rim in repository THD convention,JUNCTION,
N_2174066903_f9d3d1b,2174066903,0,274637.00000002026,2106936.6000000057,72.85862873533453,19.04279008430865,26.661,9.134233474731445,36.56623347473145,9.905233474731446,9.905233474731446,0.6,SOURCE-DERIVED invert; DERIVED DEM ground and cover,DEM-derived rim in repository THD convention,JUNCTION,
N_2174066904_4fda390,2174066904,0,274668.32260001986,2106912.691600006,72.85892897442893,19.042577611282642,26.592000000000002,9.774115562438965,37.20611556243897,10.614115562438965,10.614115562438965,0.6,SOURCE-DERIVED invert; DERIVED DEM ground and cover,DEM-derived rim in repository THD convention,JUNCTION,
N_2174066905_96c9ba0,2174066905,0,274687.5000000202,2106900.5000000056,72.85911251339394,19.042469617843217,26.402,8.397533416748047,35.82953341674805,9.427533416748048,9.427533416748048,0.75,SOURCE-DERIVED invert; DERIVED DEM ground and cover,DEM-derived rim in repository THD convention,JUNCTION,
N_2174067501_1867748,2174067501,0,274714.00000001944,2106533.0000000047,72.85940674196428,19.03915353207089,26.556,16.71767234802246,44.14967234802246,17.593672348022462,17.593672348022462,1.6,SOURCE-DERIVED invert; DERIVED DEM ground and cover,DEM-derived rim in repository THD convention,JUNCTION,
N_2174067502_54dc082,2174067502,0,274731.0000000199,2106562.0000000056,72.85956482893846,19.03941731198662,26.552,14.75477409362793,42.18677409362793,15.634774093627932,15.634774093627932,1.6,SOURCE-DERIVED invert; DERIVED DEM ground and cover,DEM-derived rim in repository THD convention,JUNCTION,
N_2174067503_98e8886,2174067503,0,274748.00000001973,2106590.000000005,72.85972303216487,19.03967206050034,26.549000000000003,14.737314224243164,42.169314224243166,15.620314224243163,15.620314224243163,1.6,SOURCE-DERIVED invert; DERIVED DEM ground and cover,DEM-derived rim in repository THD convention,JUNCTION,
N_2174067504_0d8d4db,2174067504,0,274752.0000000196,2106598.0000000056,72.85976009306398,19.039744751395993,26.549000000000003,14.737314224243164,42.169314224243166,15.620314224243163,15.620314224243163,1.6,SOURCE-DERIVED invert; DERIVED DEM ground and cover,DEM-derived rim in repository THD convention,JUNCTION,
N_2174067602_6bb4a4c,2174067602,0,274714.0000000211,2106694.200000005,72.85938807473586,19.04060937864363,26.377000000000002,11.22768783569336,38.65968783569336,12.282687835693359,12.282687835693359,1.6,SOURCE-DERIVED invert; DERIVED DEM ground and cover,DEM-derived rim in repository THD convention,JUNCTION,
N_2174067603_8db63d4,2174067603,0,274720.0000000198,2106691.2000000053,72.85944540317422,19.040582945497952,26.406000000000002,11.22768783569336,38.65968783569336,12.25368783569336,12.25368783569336,1.6,SOURCE-DERIVED invert; DERIVED DEM ground and cover,DEM-derived rim in repository THD convention,JUNCTION,
N_2174067605_20fb02b,2174067605,0,274736.00000002,2106680.200000005,72.85959862631282,19.040485363092696,26.492,12.408060073852539,39.84006007385254,13.34806007385254,13.34806007385254,1.6,SOURCE-DERIVED invert; DERIVED DEM ground and cover,DEM-derived rim in repository THD convention,JUNCTION,
N_2174067606_b670cbb,2174067606,0,274763.00000001985,2106619.000000006,72.85986212646652,19.039935620025204,26.546000000000003,12.736899375915527,40.16889937591553,13.622899375915527,13.622899375915527,1.6,SOURCE-DERIVED invert; DERIVED DEM ground and cover,DEM-derived rim in repository THD convention,JUNCTION,
N_2174067607_9f0b813,2174067607,0,274780.0000000192,2106643.000000006,72.86002079365998,19.040154243124373,26.543000000000003,10.089489936828613,37.521489936828615,10.978489936828613,10.978489936828613,1.6,SOURCE-DERIVED invert; DERIVED DEM ground and cover,DEM-derived rim in repository THD convention,JUNCTION,
N_2174067608_7f9a5cc,2174067608,0,274780.000000019,2106658.000000006,72.86001905710647,19.040289712768928,26.542,10.089489936828613,37.521489936828615,10.979489936828614,10.979489936828614,1.6,SOURCE-DERIVED invert; DERIVED DEM ground and cover,DEM-derived rim in repository THD convention,JUNCTION,
N_2174067801_c3278a1,2174067801,0,274701.48100001883,2106889.721000007,72.85924653863638,19.042373809453377,26.371000000000002,7.595048427581787,35.02704842758179,8.656048427581787,8.656048427581787,0.75,SOURCE-DERIVED invert; DERIVED DEM ground and cover,DEM-derived rim in repository THD convention,JUNCTION,
N_2174067802_fc03544,2174067802,0,274703.00000002,2106814.000000005,72.85926973470922,19.04169011744157,26.137,6.10666036605835,33.53866036605835,7.401660366058351,7.401660366058351,1.2,SOURCE-DERIVED invert; DERIVED DEM ground and cover,DEM-derived rim in repository THD convention,JUNCTION,
N_2174067803_a19ec81,2174067803,0,274711.0000000194,2106831.0000000056,72.8593437410115,19.04184453073383,26.142000000000003,6.953245162963867,34.38524516296387,8.243245162963866,8.243245162963866,1.2,SOURCE-DERIVED invert; DERIVED DEM ground and cover,DEM-derived rim in repository THD convention,JUNCTION,
N_2174067804_1f05a9e,2174067804,0,274714.0000000205,2106829.000000005,72.8593724633663,19.04182679854096,26.112000000000002,6.953245162963867,34.38524516296387,8.273245162963867,8.273245162963867,1.2,SOURCE-DERIVED invert; DERIVED DEM ground and cover,DEM-derived rim in repository THD convention,JUNCTION,
N_2174067805_7a50d0c,2174067805,0,274721.8000000195,2106873.9000000064,72.85944133922742,19.042233163170348,26.325000000000003,7.0255327224731445,34.45753272247315,8.132532722473144,8.132532722473144,0.75,SOURCE-DERIVED invert; DERIVED DEM ground and cover,DEM-derived rim in repository THD convention,JUNCTION,
N_2174067806_5d06bd2,2174067806,0,274725.0000000199,2106847.0000000056,72.85947484475221,19.04199057351181,26.102,6.953245162963867,34.38524516296387,8.283245162963869,8.283245162963869,1.2,SOURCE-DERIVED invert; DERIVED DEM ground and cover,DEM-derived rim in repository THD convention,JUNCTION,
N_2174067807_47d0955,2174067807,0,274730.2565000198,2106885.610200007,72.85952029385412,19.042339852905297,28.2,7.25273323059082,34.68473323059082,6.484733230590823,6.484733230590823,0.3,SOURCE-DERIVED invert; DERIVED DEM ground and cover,DEM-derived rim in repository THD convention,JUNCTION,
N_2174067808_de41e6b,2174067808,0,274733.1928000194,2106865.0563000045,72.8595505600356,19.042154547749266,26.14,6.0,33.432,7.292000000000002,7.292000000000002,1.2,SOURCE-DERIVED invert; DERIVED DEM ground and cover,DEM-derived rim in repository THD convention,JUNCTION,
N_2174067809_32e0fc7,2174067809,0,274738.0000000197,2106864.0000000056,72.85959633598722,19.042145537394518,26.097,6.0,33.432,7.335000000000001,7.335000000000001,1.2,SOURCE-DERIVED invert; DERIVED DEM ground and cover,DEM-derived rim in repository THD convention,JUNCTION,
N_2174067901_bb47103,2174067901,0,274758.0000000191,2106900.0000000056,72.85978210584675,19.042472866879105,26.104000000000003,7.25273323059082,34.68473323059082,8.58073323059082,8.58073323059082,1.2,SOURCE-DERIVED invert; DERIVED DEM ground and cover,DEM-derived rim in repository THD convention,JUNCTION,
N_2174067902_67704fd,2174067902,0,274762.00000002,2106902.000000006,72.85981986203988,19.04249136996853,26.092000000000002,7.065499782562256,34.49749978256226,8.405499782562256,8.405499782562256,1.2,SOURCE-DERIVED invert; DERIVED DEM ground and cover,DEM-derived rim in repository THD convention,JUNCTION,
N_2174067903_05cf310,2174067903,0,274773.0000000191,2106918.0000000056,72.85992247581211,19.042637082149533,26.082,7.562381267547607,34.99438126754761,8.912381267547609,8.912381267547609,1.2,SOURCE-DERIVED invert; DERIVED DEM ground and cover,DEM-derived rim in repository THD convention,JUNCTION,
N_2174067904_251d0f6,2174067904,0,274775.00000001985,2106928.0000000056,72.85994031181865,19.04272761544403,26.076,7.562381267547607,34.99438126754761,8.918381267547609,8.918381267547609,1.2,SOURCE-DERIVED invert; DERIVED DEM ground and cover,DEM-derived rim in repository THD convention,JUNCTION,
N_2174067905_d787ac3,2174067905,0,274790.0000000192,2106942.000000005,72.86008114527728,19.04285570539638,26.057000000000002,6.371922969818115,33.80392296981812,7.746922969818115,7.746922969818115,1.2,SOURCE-DERIVED invert; DERIVED DEM ground and cover,DEM-derived rim in repository THD convention,JUNCTION,
N_2174067906_d629a2d,2174067906,0,274792.4000000195,2106952.0000000056,72.86010278017213,19.04294628272683,26.051000000000002,6.371922969818115,33.80392296981812,7.7529229698181155,7.7529229698181155,1.2,SOURCE-DERIVED invert; DERIVED DEM ground and cover,DEM-derived rim in repository THD convention,JUNCTION,
N_2174068901_24863db,2174068901,0,274801.000000019,2106962.0000000065,72.86018329636444,19.04303754270241,26.037000000000003,6.371922969818115,33.80392296981812,7.766922969818115,7.766922969818115,1.2,SOURCE-DERIVED invert; DERIVED DEM ground and cover,DEM-derived rim in repository THD convention,JUNCTION,
N_2174068902_c4d2c55,2174068902,0,274809.5000000199,2106982.0000000056,72.86026170518008,19.043219104722592,26.022000000000002,7.850947380065918,35.28294738006592,9.260947380065918,9.260947380065918,1.2,SOURCE-DERIVED invert; DERIVED DEM ground and cover,DEM-derived rim in repository THD convention,JUNCTION,
N_2174068903_4fb4b15,2174068903,0,274816.0000000198,2106989.0000000056,72.86032262521047,19.043283039519583,25.977,7.850947380065918,35.28294738006592,9.30594738006592,9.30594738006592,1.2,SOURCE-DERIVED invert; DERIVED DEM ground and cover,DEM-derived rim in repository THD convention,JUNCTION,
N_2174070305_5d9bb1e,2174070305,0,274075.00000001956,2107384.000000006,72.85323948356917,19.046768673419297,26.455000000000002,12.185883522033691,39.617883522033694,13.162883522033692,13.162883522033692,0.8,SOURCE-DERIVED invert; DERIVED DEM ground and cover,DEM-derived rim in repository THD convention,JUNCTION,
N_2174070306_26c17b9,2174070306,0,274086.00000002014,2107354.0000000056,72.85334743741642,19.046498950762953,26.759,8.787933349609375,36.21993334960938,9.460933349609377,9.460933349609377,0.8,SOURCE-DERIVED invert; DERIVED DEM ground and cover,DEM-derived rim in repository THD convention,JUNCTION,
N_2174070307_d3dc694,2174070307,0,274097.0000000204,2107322.000000006,72.85345562320316,19.04621116547216,27.081000000000003,9.186101913452148,36.61810191345215,9.537101913452148,9.537101913452148,0.8,SOURCE-DERIVED invert; DERIVED DEM ground and cover,DEM-derived rim in repository THD convention,JUNCTION,
N_2174070402_a76b34d,2174070402,0,274019.0000000197,2107465.000000006,72.85269823018166,19.047494017757682,23.330000000000002,8.485284805297852,35.917284805297854,12.587284805297852,12.587284805297852,2.0,SOURCE-DERIVED invert; DERIVED DEM ground and cover,DEM-derived rim in repository THD convention,JUNCTION,
N_2174070403_8fa0fd5,2174070403,0,274031.00000001874,2107474.000000006,72.85281115056353,19.047576625210407,23.356,12.304439544677734,39.73643954467774,16.380439544677735,16.380439544677735,1.75,SOURCE-DERIVED invert; DERIVED DEM ground and cover,DEM-derived rim in repository THD convention,JUNCTION,
N_2174070404_1d2870f,2174070404,0,274032.0000000205,2107441.000000005,72.85282448257973,19.047278704140304,25.759,13.364622116088867,40.79662211608887,15.037622116088869,15.037622116088869,0.8,SOURCE-DERIVED invert; DERIVED DEM ground and cover,DEM-derived rim in repository THD convention,JUNCTION,
N_2174070405_422f8bd,2174070405,0,274054.0000000206,2107424.0000000056,72.85303539576331,19.047127603684746,26.023,13.06689167022705,40.49889167022705,14.475891670227053,14.475891670227053,0.8,SOURCE-DERIVED invert; DERIVED DEM ground and cover,DEM-derived rim in repository THD convention,JUNCTION,
N_2174070406_6e6ac82,2174070406,0,274062.00000002055,2107404.0000000056,72.85311369688577,19.04694786237392,26.228,13.0,40.432,14.204,14.204,0.8,SOURCE-DERIVED invert; DERIVED DEM ground and cover,DEM-derived rim in repository THD convention,JUNCTION,
N_2174070501_08bb008,2174070501,0,274064.0000000212,2107502.0000000056,72.85312130457862,19.047833147001104,23.432000000000002,10.434057235717773,37.866057235717776,14.434057235717773,14.434057235717773,1.75,SOURCE-DERIVED invert; DERIVED DEM ground and cover,DEM-derived rim in repository THD convention,JUNCTION,
N_2174070502_facc8b5,2174070502,0,274090.7329000201,2107523.849800006,72.85337265403594,19.04803343189907,23.492,5.104034900665283,32.536034900665285,9.044034900665284,9.044034900665284,1.75,SOURCE-DERIVED invert; DERIVED DEM ground and cover,DEM-derived rim in repository THD convention,JUNCTION,
N_2174071301_a1fc362,2174071301,0,274102.0000000198,2107312.0000000056,72.85350427041652,19.046121405146216,27.187,9.186101913452148,36.61810191345215,9.43110191345215,9.43110191345215,0.8,SOURCE-DERIVED invert; DERIVED DEM ground and cover,DEM-derived rim in repository THD convention,JUNCTION,
N_2174071302_7b19441,2174071302,0,274178.5000000204,2107311.8000000063,72.85423082308711,19.046128047915047,25.0,9.404913902282715,36.83691390228272,11.836913902282717,11.836913902282717,1.8,SOURCE-DERIVED invert; DERIVED DEM ground and cover,DEM-derived rim in repository THD convention,JUNCTION,
N_2174071401_2f6f127,2174071401,0,274103.90000002045,2107476.200000005,72.85350324052287,19.047604548666786,25.0,10.883711814880371,38.31571181488037,13.315711814880373,13.315711814880373,0.6,SOURCE-DERIVED invert; DERIVED DEM ground and cover,DEM-derived rim in repository THD convention,JUNCTION,
N_2174071402_9e2a70b,2174071402,0,274109.0000000204,2107493.7000000053,72.85354964327897,19.04776315918596,24.878,7.4253153800964355,34.85731538009644,9.979315380096438,9.979315380096438,0.6,SOURCE-DERIVED invert; DERIVED DEM ground and cover,DEM-derived rim in repository THD convention,JUNCTION,
N_2174071501_55e7eff,2174071501,0,274144.0000000206,2107548.0000000056,72.85387573846997,19.048257423067575,23.502000000000002,4.308587074279785,31.740587074279784,8.238587074279781,8.238587074279781,1.75,SOURCE-DERIVED invert; DERIVED DEM ground and cover,DEM-derived rim in repository THD convention,JUNCTION,
N_2174071502_dd189bb,2174071502,0,274193.00000002026,2107561.000000006,72.85433959352673,19.04838024132012,23.582,7.331592082977295,34.7635920829773,11.181592082977296,11.181592082977296,1.75,SOURCE-DERIVED invert; DERIVED DEM ground and cover,DEM-derived rim in repository THD convention,JUNCTION,
N_2174071601_6974c5a,2174071601,0,274191.4000000206,2107624.700000005,72.85431700020257,19.048955356372602,24.0,2.0,29.432,5.431999999999999,5.431999999999999,2.5,SOURCE-DERIVED invert; DERIVED DEM ground and cover,DEM-derived rim in repository THD convention,PILOT_BOUNDARY_ASSUMPTION,PILOT_BOUNDARY; source-directed terminal; physical receiving water unverified
N_2174072301_462a53d,2174072301,0,274224.1000000193,2107379.8000000063,72.85465599693721,19.046747209317957,24.727,8.268707275390625,35.70070727539063,10.973707275390627,10.973707275390627,1.8,SOURCE-DERIVED invert; DERIVED DEM ground and cover,DEM-derived rim in repository THD convention,JUNCTION,
N_2174072401_f7ba51b,2174072401,0,274240.28660002054,2107444.2395000043,72.85480224240305,19.04733096703484,24.505000000000003,8.467974662780762,35.899974662780764,11.394974662780761,11.394974662780761,1.8,SOURCE-DERIVED invert; DERIVED DEM ground and cover,DEM-derived rim in repository THD convention,JUNCTION,
N_2174072402_dc2f7f2,2174072402,0,274266.8931000194,2107479.857900005,72.85505079463034,19.04765558380691,24.357000000000003,9.0,36.432,12.075,12.075,1.8,SOURCE-DERIVED invert; DERIVED DEM ground and cover,DEM-derived rim in repository THD convention,JUNCTION,
N_2174072403_b5488d5,2174072403,0,274287.4917000206,2107499.5982000064,72.85524413249158,19.047836137690066,24.262,7.788642406463623,35.220642406463625,10.958642406463625,10.958642406463625,1.8,SOURCE-DERIVED invert; DERIVED DEM ground and cover,DEM-derived rim in repository THD convention,JUNCTION,
N_2174072404_8ce77f6,2174072404,0,274296.9000000219,2107484.100000006,72.85533528414048,19.04769720769077,25.338,6.558887004852295,33.9908870048523,8.652887004852296,8.652887004852296,0.8,SOURCE-DERIVED invert; DERIVED DEM ground and cover,DEM-derived rim in repository THD convention,JUNCTION,
N_2174072501_fdb070e,2174072501,0,274245.0000000197,2107563.000000006,72.85483321831036,19.048404045719167,23.627000000000002,7.808990478515625,35.24099047851563,11.613990478515625,11.613990478515625,1.75,SOURCE-DERIVED invert; DERIVED DEM ground and cover,DEM-derived rim in repository THD convention,JUNCTION,
N_2174072502_1c06d1b,2174072502,0,274261.21940001845,2107562.5826000045,72.85498730651602,19.04840206674969,23.827,7.808990478515625,35.24099047851563,11.413990478515625,11.413990478515625,1.75,SOURCE-DERIVED invert; DERIVED DEM ground and cover,DEM-derived rim in repository THD convention,JUNCTION,
N_2174072503_f5fe30b,2174072503,0,274287.0000000201,2107560.000000006,72.85523245122496,19.04838158859475,24.037000000000003,8.813700675964355,36.24570067596436,12.208700675964355,12.208700675964355,1.75,SOURCE-DERIVED invert; DERIVED DEM ground and cover,DEM-derived rim in repository THD convention,JUNCTION,
N_2174072504_a64400d,2174072504,0,274209.0191000197,2107588.8491000053,72.8544884969638,19.048633523001875,24.041,3.6879940032958984,31.119994003295897,7.078994003295897,7.078994003295897,2.5,SOURCE-DERIVED invert; DERIVED DEM ground and cover,DEM-derived rim in repository THD convention,JUNCTION,
N_2174072505_91d9843,2174072505,0,274221.10000001965,2107564.7000000053,72.85460603659392,19.048416759992634,24.068,7.694840908050537,35.12684090805054,11.058840908050538,11.058840908050538,2.0,SOURCE-DERIVED invert; DERIVED DEM ground and cover,DEM-derived rim in repository THD convention,JUNCTION,
N_2174073401_4b0a359,2174073401,0,274335.1000000197,2107486.7000000053,72.85569777608256,19.047724905093503,25.5,9.110430717468262,36.542430717468264,11.042430717468264,11.042430717468264,0.8,SOURCE-DERIVED invert; DERIVED DEM ground and cover,DEM-derived rim in repository THD convention,JUNCTION,
N_2174073402_4d5a704,2174073402,0,274379.7000000196,2107450.000000006,72.85612561039824,19.047398378688843,26.7,21.71678352355957,49.14878352355957,22.448783523559573,22.448783523559573,0.45,SOURCE-DERIVED invert; DERIVED DEM ground and cover,DEM-derived rim in repository THD convention,JUNCTION,
N_2174073403_e32d774,2174073403,0,274381.0000000197,2107477.200000005,72.85613480079799,19.047644172927,26.222,16.918224334716797,44.3502243347168,18.128224334716798,18.128224334716798,0.45,SOURCE-DERIVED invert; DERIVED DEM ground and cover,DEM-derived rim in repository THD convention,JUNCTION,
N_2174073501_864fcb0,2174073501,0,274302.0000000199,2107559.000000006,72.85537502611423,19.04837421307212,24.002000000000002,8.813700675964355,36.24570067596436,12.243700675964355,12.243700675964355,1.8,SOURCE-DERIVED invert; DERIVED DEM ground and cover,DEM-derived rim in repository THD convention,JUNCTION,
N_2174073502_690368b,2174073502,0,274304.22800001875,2107535.6457000063,72.85539889680037,19.048163539905698,24.115000000000002,9.773984909057617,37.20598490905762,13.090984909057617,13.090984909057617,1.8,SOURCE-DERIVED invert; DERIVED DEM ground and cover,DEM-derived rim in repository THD convention,JUNCTION,
N_2174073503_8a28fea,2174073503,0,274304.65720002016,2107514.618000006,72.85540541372967,19.047973680346395,24.186,7.71134090423584,35.14334090423584,10.957340904235842,10.957340904235842,1.8,SOURCE-DERIVED invert; DERIVED DEM ground and cover,DEM-derived rim in repository THD convention,JUNCTION,
N_2174073504_bdda676,2174073504,0,274343.3000000195,2107507.9000000064,72.85577319303043,19.047917273098506,25.7,7.037034511566162,34.469034511566164,8.769034511566165,8.769034511566165,0.6,SOURCE-DERIVED invert; DERIVED DEM ground and cover,DEM-derived rim in repository THD convention,JUNCTION,
N_2174073505_09b1520,2174073505,0,274355.07710001984,2107544.9524000064,72.8558807431058,19.04825320325058,24.058,7.395145893096924,34.827145893096926,10.769145893096926,10.769145893096926,1.8,SOURCE-DERIVED invert; DERIVED DEM ground and cover,DEM-derived rim in repository THD convention,JUNCTION,
N_2174073506_b13d289,2174073506,0,274378.8000000192,2107510.3000000063,72.85611006628626,19.04794286552301,25.490000000000002,6.268132209777832,33.700132209777834,8.210132209777832,8.210132209777832,0.6,SOURCE-DERIVED invert; DERIVED DEM ground and cover,DEM-derived rim in repository THD convention,JUNCTION,
N_2174073507_6ff82e4,2174073507,0,274302.1000000197,2107561.400000006,72.85537569725983,19.048395899168018,24.150000000000002,8.813700675964355,36.24570067596436,12.095700675964355,12.095700675964355,2.0,SOURCE-DERIVED invert; DERIVED DEM ground and cover,DEM-derived rim in repository THD convention,JUNCTION,
N_2174074501_6aa53dd,2174074501,0,274403.6000000208,2107554.4000000064,72.85634048119017,19.048343881245483,26.0,5.254457950592041,32.68645795059204,6.686457950592043,6.686457950592043,0.45,SOURCE-DERIVED invert; DERIVED DEM ground and cover,DEM-derived rim in repository THD convention,JUNCTION,
N_2174074502_74d6112,2174074502,0,274406.2138000197,2107512.2076000045,72.85637020027644,19.047963118235312,25.327,6.330822944641113,33.762822944641115,8.435822944641114,8.435822944641114,0.6,SOURCE-DERIVED invert; DERIVED DEM ground and cover,DEM-derived rim in repository THD convention,JUNCTION,
N_2174074503_80f6ba9,2174074503,0,274406.20560001954,2107533.968800006,72.85636759768462,19.048159648828484,24.111,6.46785831451416,33.89985831451416,9.788858314514162,9.788858314514162,1.8,SOURCE-DERIVED invert; DERIVED DEM ground and cover,DEM-derived rim in repository THD convention,JUNCTION,
N_2174074504_9f50a88,2174074504,0,274410.77310002124,2107525.2688000053,72.8564119857161,19.04808158060338,25.318,6.46785831451416,33.89985831451416,8.581858314514161,8.581858314514161,0.6,SOURCE-DERIVED invert; DERIVED DEM ground and cover,DEM-derived rim in repository THD convention,JUNCTION,
N_2174074505_7b17eae,2174074505,0,274418.1682000203,2107530.271300005,72.85648163843135,19.048127575435604,24.959,6.46785831451416,33.89985831451416,8.940858314514163,8.940858314514163,1.0,SOURCE-DERIVED invert; DERIVED DEM ground and cover,DEM-derived rim in repository THD convention,JUNCTION,
N_2174074506_80711e8,2174074506,0,274418.5000000204,2107550.1000000057,72.85648248921322,19.048306690599283,25.941000000000003,5.254457950592041,32.68645795059204,6.745457950592041,6.745457950592041,0.45,SOURCE-DERIVED invert; DERIVED DEM ground and cover,DEM-derived rim in repository THD convention,JUNCTION,
N_2174074507_d25c302,2174074507,0,274437.96080002,2107526.138800007,72.85667009304085,19.04809243711451,25.035,6.0,33.432,8.397000000000002,8.397000000000002,1.0,SOURCE-DERIVED invert; DERIVED DEM ground and cover,DEM-derived rim in repository THD convention,JUNCTION,
N_2174074508_c1e7314,2174074508,0,274438.2000000196,2107515.100000006,72.85667364531064,19.04799276898342,25.5,8.145216941833496,35.5772169418335,10.077216941833498,10.077216941833498,0.45,SOURCE-DERIVED invert; DERIVED DEM ground and cover,DEM-derived rim in repository THD convention,JUNCTION,
N_2174074509_f168de7,2174074509,0,274439.00000001944,2107543.100000006,72.85667799502895,19.04824573313157,25.693,6.0,33.432,7.739000000000001,7.739000000000001,0.6,SOURCE-DERIVED invert; DERIVED DEM ground and cover,DEM-derived rim in repository THD convention,JUNCTION,
N_2174074510_f8c1891,2174074510,0,274460.1000000198,2107521.6000000057,72.85688088095472,19.0480538880149,25.122,7.225766181945801,34.6577661819458,9.535766181945803,9.535766181945803,1.0,SOURCE-DERIVED invert; DERIVED DEM ground and cover,DEM-derived rim in repository THD convention,JUNCTION,
N_2174074511_7782fbf,2174074511,0,274467.4000000189,2107535.6000000057,72.8569485870155,19.048181131167567,25.23,7.225766181945801,34.6577661819458,9.427766181945803,9.427766181945803,1.0,SOURCE-DERIVED invert; DERIVED DEM ground and cover,DEM-derived rim in repository THD convention,JUNCTION,
N_2174074512_00707bb,2174074512,0,274479.90000002075,2107535.1000000047,72.85706736067542,19.048177994208412,25.587,7.225766181945801,34.6577661819458,9.070766181945803,9.070766181945803,1.0,SOURCE-DERIVED invert; DERIVED DEM ground and cover,DEM-derived rim in repository THD convention,JUNCTION,
N_2174074513_0c26500,2174074513,0,274461.90000002005,2107525.0000000056,72.85689758162884,19.04808479291876,24.316000000000003,7.225766181945801,34.6577661819458,10.3417661819458,10.3417661819458,2.0,SOURCE-DERIVED invert; DERIVED DEM ground and cover,DEM-derived rim in repository THD convention,JUNCTION,
N_2174075501_09ab23f,2174075501,0,274505.9735000203,2107534.894900006,72.8573150111262,19.04817901741295,25.598000000000003,18.679637908935547,46.11163790893555,20.513637908935547,20.513637908935547,1.0,SOURCE-DERIVED invert; DERIVED DEM ground and cover,DEM-derived rim in repository THD convention,JUNCTION,
N_2174075502_c6a0582,2174075502,0,274535.2080000196,2107536.0022000056,72.85759253026768,19.04819224149552,25.611,18.132617950439453,45.564617950439455,19.953617950439455,19.953617950439455,1.0,SOURCE-DERIVED invert; DERIVED DEM ground and cover,DEM-derived rim in repository THD convention,JUNCTION,
N_2174075503_a0b769a,2174075503,0,274555.4000000206,2107537.3000000063,72.85778414843809,19.04820618866576,25.62,15.216448783874512,42.648448783874514,17.028448783874513,17.028448783874513,1.0,SOURCE-DERIVED invert; DERIVED DEM ground and cover,DEM-derived rim in repository THD convention,JUNCTION,
N_2174075504_9ada7e9,2174075504,0,274584.59670001967,2107536.6666000052,72.85806151053839,19.04820368711623,25.632,13.191387176513672,40.623387176513674,14.991387176513673,14.991387176513673,1.0,SOURCE-DERIVED invert; DERIVED DEM ground and cover,DEM-derived rim in repository THD convention,JUNCTION,
N_2174075505_c9d1c39,2174075505,0,274557.7000000207,2107519.1000000057,72.85780810227446,19.048042072794246,24.414,15.216448783874512,42.648448783874514,18.234448783874512,18.234448783874512,2.0,SOURCE-DERIVED invert; DERIVED DEM ground and cover,DEM-derived rim in repository THD convention,JUNCTION,
N_2174076501_e528d4f,2174076501,0,274626.2337000192,2107532.6801000047,72.85845741012785,19.048172273531698,25.650000000000002,7.0,34.432,8.782,8.782,1.0,SOURCE-DERIVED invert; DERIVED DEM ground and cover,DEM-derived rim in repository THD convention,JUNCTION,
N_2174076502_d2e3457,2174076502,0,274645.501900019,2107531.1298000044,72.85864058495866,19.048160395967937,25.66,11.143661499023438,38.57566149902344,12.91566149902344,12.91566149902344,1.0,SOURCE-DERIVED invert; DERIVED DEM ground and cover,DEM-derived rim in repository THD convention,JUNCTION,
N_2174076503_e468bbd,2174076503,0,274667.1312000193,2107527.595200006,72.85884641372239,19.04813085761539,25.67,19.433515548706055,46.86551554870606,21.195515548706055,21.195515548706055,1.0,SOURCE-DERIVED invert; DERIVED DEM ground and cover,DEM-derived rim in repository THD convention,JUNCTION,
N_2174076504_e017626,2174076504,0,274688.2473000196,2107527.8222000054,72.85904693256903,19.04813523460043,25.679000000000002,19.433515548706055,46.86551554870606,21.186515548706055,21.186515548706055,1.0,SOURCE-DERIVED invert; DERIVED DEM ground and cover,DEM-derived rim in repository THD convention,JUNCTION,
N_2174076505_bb124c2,2174076505,0,274668.6000000199,2107515.200000005,72.85886179971068,19.048019074767193,24.526,9.424999237060547,36.85699923706055,12.33099923706055,12.33099923706055,2.0,SOURCE-DERIVED invert; DERIVED DEM ground and cover,DEM-derived rim in repository THD convention,JUNCTION,
N_2174077501_29d0148,2174077501,0,274715.0399000202,2107527.141000007,72.85930146790086,19.048132034568265,25.796000000000003,14.907962799072266,42.33996279907227,16.543962799072265,16.543962799072265,0.9,SOURCE-DERIVED invert; DERIVED DEM ground and cover,DEM-derived rim in repository THD convention,JUNCTION,
N_2174077502_4b0e57f,2174077502,0,274739.3348000202,2107525.778700006,72.85953236084319,19.048122407809675,25.813000000000002,8.393366813659668,35.82536681365967,10.012366813659668,10.012366813659668,0.9,SOURCE-DERIVED invert; DERIVED DEM ground and cover,DEM-derived rim in repository THD convention,JUNCTION,
N_2174077503_03d62d4,2174077503,0,274762.94850001927,2107521.237600005,72.85975715247154,19.048083997025643,25.828000000000003,12.474824905395508,39.90682490539551,14.078824905395507,14.078824905395507,0.9,SOURCE-DERIVED invert; DERIVED DEM ground and cover,DEM-derived rim in repository THD convention,JUNCTION,
N_2174077504_3ad7690,2174077504,0,274783.15640001954,2107511.2472000048,72.85995022940831,19.04799599656475,25.843,12.771727561950684,40.203727561950686,14.360727561950686,14.360727561950686,0.9,SOURCE-DERIVED invert; DERIVED DEM ground and cover,DEM-derived rim in repository THD convention,JUNCTION,
N_2174077505_b0b8470,2174077505,0,274760.3000000191,2107508.7000000053,72.85973345128168,19.047970474453738,24.619,12.771727561950684,40.203727561950686,15.584727561950686,15.584727561950686,2.0,SOURCE-DERIVED invert; DERIVED DEM ground and cover,DEM-derived rim in repository THD convention,JUNCTION,
N_2174078001_dd18539,2174078001,0,274823.5000000198,2107012.0000000056,72.86039118995002,19.04349158533401,25.994,8.335968017578125,35.76796801757813,9.773968017578127,9.773968017578127,1.2,SOURCE-DERIVED invert; DERIVED DEM ground and cover,DEM-derived rim in repository THD convention,JUNCTION,
N_2174078002_c315785,2174078002,0,274831.0000000198,2107020.000000006,72.86046149136656,19.04356466150157,25.948,8.335968017578125,35.76796801757813,9.819968017578127,9.819968017578127,1.2,SOURCE-DERIVED invert; DERIVED DEM ground and cover,DEM-derived rim in repository THD convention,JUNCTION,
N_2174078003_0110b37,2174078003,0,274838.5000000191,2107044.000000006,72.86052994059712,19.04378223859593,25.964000000000002,8.306991577148438,35.73899157714844,9.774991577148437,9.774991577148437,1.2,SOURCE-DERIVED invert; DERIVED DEM ground and cover,DEM-derived rim in repository THD convention,JUNCTION,
N_2174078004_93b605e,2174078004,0,274840.0000000198,2107038.000000006,72.86054488072497,19.04372821587315,25.932000000000002,8.306991577148438,35.73899157714844,9.806991577148438,9.806991577148438,1.2,SOURCE-DERIVED invert; DERIVED DEM ground and cover,DEM-derived rim in repository THD convention,JUNCTION,
N_2174078005_1707453,2174078005,0,274851.00000001915,2107060.0000000056,72.86064680125602,19.043928115627473,25.928,7.6874918937683105,35.11949189376831,9.191491893768312,9.191491893768312,1.2,SOURCE-DERIVED invert; DERIVED DEM ground and cover,DEM-derived rim in repository THD convention,JUNCTION,
N_2174078006_3a2d6f1,2174078006,0,274866.0000000199,2107082.000000005,72.86078671019705,19.04412845566019,25.924,7.6270551681518555,35.05905516815186,9.135055168151858,9.135055168151858,1.2,SOURCE-DERIVED invert; DERIVED DEM ground and cover,DEM-derived rim in repository THD convention,JUNCTION,
N_2174078007_077b319,2174078007,0,274878.71750001976,2107092.8655000054,72.86090623122927,19.0442279852443,25.872,8.008056640625,35.440056640625,9.568056640625002,9.568056640625002,1.4,SOURCE-DERIVED invert; DERIVED DEM ground and cover,DEM-derived rim in repository THD convention,JUNCTION,
N_2174078008_6ed1690,2174078008,0,274880.0000000193,2107091.0000000056,72.86091862712719,19.04421127850065,25.922,7.6270551681518555,35.05905516815186,9.137055168151857,9.137055168151857,1.4,SOURCE-DERIVED invert; DERIVED DEM ground and cover,DEM-derived rim in repository THD convention,JUNCTION,
N_2174078009_987a27a,2174078009,0,274882.00000001973,2107094.0000000065,72.8609372739909,19.04423859257599,25.919,7.608457088470459,35.04045708847046,9.12145708847046,9.12145708847046,1.25,SOURCE-DERIVED invert; DERIVED DEM ground and cover,DEM-derived rim in repository THD convention,JUNCTION,
N_2174078010_ebd909d,2174078010,0,274896.5000000197,2107074.700000005,72.86107721503609,19.04406588422584,26.95,7.380448818206787,34.81244881820679,7.86244881820679,7.86244881820679,1.4,SOURCE-DERIVED invert; DERIVED DEM ground and cover,DEM-derived rim in repository THD convention,JUNCTION,
N_2174078101_9a2bdc0,2174078101,0,274866.94740001997,2107109.9859000063,72.86079246819749,19.044381309294092,26.75,8.008056640625,35.440056640625,8.690056640625002,8.690056640625002,1.4,SOURCE-DERIVED invert; DERIVED DEM ground and cover,DEM-derived rim in repository THD convention,JUNCTION,
N_2174078103_810fcf7,2174078103,0,274874.8000000186,2107120.0000000056,72.86086588566802,19.044472614131095,26.929000000000002,8.008056640625,35.440056640625,8.511056640625,8.511056640625,1.4,SOURCE-DERIVED invert; DERIVED DEM ground and cover,DEM-derived rim in repository THD convention,JUNCTION,
N_2174078105_1648b80,2174078105,0,274881.5000000193,2107138.0000000056,72.86092743252507,19.044635915220667,26.897000000000002,9.792088508605957,37.22408850860596,10.327088508605957,10.327088508605957,1.4,SOURCE-DERIVED invert; DERIVED DEM ground and cover,DEM-derived rim in repository THD convention,JUNCTION,
N_2174078107_85cfd98,2174078107,0,274882.0000000199,2107100.000000005,72.86093657950822,19.04429278044269,25.87,7.608457088470459,35.04045708847046,9.17045708847046,9.17045708847046,1.2,SOURCE-DERIVED invert; DERIVED DEM ground and cover,DEM-derived rim in repository THD convention,JUNCTION,
N_2174078108_7788b80,2174078108,0,274883.20000002114,2107163.900000006,72.86094057962909,19.044870013291042,26.854000000000003,11.0,38.432,11.578,11.578,1.35,SOURCE-DERIVED invert; DERIVED DEM ground and cover,DEM-derived rim in repository THD convention,JUNCTION,
N_2174078109_443280f,2174078109,0,274884.90000002034,2107188.2000000053,72.8609539119372,19.04508966126192,26.813000000000002,10.424825668334961,37.85682566833496,11.04382566833496,11.04382566833496,1.45,SOURCE-DERIVED invert; DERIVED DEM ground and cover,DEM-derived rim in repository THD convention,JUNCTION,
N_2174078110_dfebf00,2174078110,0,274896.00000001944,2107122.0000000065,72.86106699201068,19.04449301024703,25.866,7.608457088470459,35.04045708847046,9.174457088470461,9.174457088470461,1.2,SOURCE-DERIVED invert; DERIVED DEM ground and cover,DEM-derived rim in repository THD convention,JUNCTION,
N_2174078111_58acef3,2174078111,0,274899.0000000201,2107119.000000006,72.86109583043768,19.044466246505323,25.897000000000002,7.608457088470459,35.04045708847046,9.14345708847046,9.14345708847046,1.25,SOURCE-DERIVED invert; DERIVED DEM ground and cover,DEM-derived rim in repository THD convention,JUNCTION,
N_2174078201_215ac21,2174078201,0,274883.10000001953,2107234.2000000053,72.86093149246858,19.04550490339145,26.733,9.435919761657715,36.86791976165772,10.134919761657716,10.134919761657716,1.5,SOURCE-DERIVED invert; DERIVED DEM ground and cover,DEM-derived rim in repository THD convention,JUNCTION,
N_2174078202_b9eac77,2174078202,0,274885.10000001884,2107258.600000005,72.86094766229094,19.045725487507248,26.692,7.894028663635254,35.326028663635256,8.634028663635256,8.634028663635256,1.4,SOURCE-DERIVED invert; DERIVED DEM ground and cover,DEM-derived rim in repository THD convention,JUNCTION,
N_2174078203_1a38703,2174078203,0,274888.60000001907,2107214.000000006,72.86098606485197,19.04532307634504,26.768,10.424825668334961,37.85682566833496,11.088825668334962,11.088825668334962,1.5,SOURCE-DERIVED invert; DERIVED DEM ground and cover,DEM-derived rim in repository THD convention,JUNCTION,
N_2174078204_add6a8f,2174078204,0,274891.3000000194,2107285.7000000053,72.86100340762198,19.045970918483853,26.646,9.16756534576416,36.59956534576416,9.953565345764162,9.953565345764162,1.4,SOURCE-DERIVED invert; DERIVED DEM ground and cover,DEM-derived rim in repository THD convention,JUNCTION,
N_2174078205_2d9ce33,2174078205,0,274895.9000000196,2107298.200000005,72.86104564761567,19.04608431620765,26.624000000000002,9.16756534576416,36.59956534576416,9.97556534576416,9.97556534576416,1.7,SOURCE-DERIVED invert; DERIVED DEM ground and cover,DEM-derived rim in repository THD convention,JUNCTION,
N_2174078302_61ea8da,2174078302,0,274845.0000000199,2107396.000000006,72.8605509187663,19.046961974535808,25.580000000000002,9.068370819091797,36.5003708190918,10.920370819091797,10.920370819091797,1.4,SOURCE-DERIVED invert; DERIVED DEM ground and cover,DEM-derived rim in repository THD convention,JUNCTION,
N_2174078303_570bc4c,2174078303,0,274849.0000000198,2107395.0000000056,72.86058902337514,19.046953383647878,25.574,9.068370819091797,36.5003708190918,10.926370819091797,10.926370819091797,1.4,SOURCE-DERIVED invert; DERIVED DEM ground and cover,DEM-derived rim in repository THD convention,JUNCTION,
N_2174078304_95e0b5e,2174078304,0,274849.9750000199,2107397.486800006,72.86059799522153,19.046975950051603,25.614,8.162628173828125,35.59462817382813,9.980628173828126,9.980628173828126,1.28,SOURCE-DERIVED invert; DERIVED DEM ground and cover,DEM-derived rim in repository THD convention,JUNCTION,
N_2174078305_3db7c74,2174078305,0,274866.71620001947,2107392.037300006,72.86075762078991,19.046928577134054,24.934,11.423455238342285,38.85545523834229,13.921455238342286,13.921455238342286,1.28,SOURCE-DERIVED invert; DERIVED DEM ground and cover,DEM-derived rim in repository THD convention,JUNCTION,
N_2174078306_896d62d,2174078306,0,274867.0000000179,2107393.500000005,72.860760146754,19.046941818472355,25.326,11.423455238342285,38.85545523834229,13.529455238342287,13.529455238342287,1.15,SOURCE-DERIVED invert; DERIVED DEM ground and cover,DEM-derived rim in repository THD convention,JUNCTION,
N_2174078307_5c9d15f,2174078307,0,274879.00000001915,2107388.0000000056,72.86087474995811,19.046893467379093,24.929000000000002,11.423455238342285,38.85545523834229,13.926455238342285,13.926455238342285,1.28,SOURCE-DERIVED invert; DERIVED DEM ground and cover,DEM-derived rim in repository THD convention,JUNCTION,
N_2174078308_4577d82,2174078308,0,274884.0000000197,2107385.000000006,72.86092258327552,19.046866923890374,25.521,12.913919448852539,40.34591944885254,14.82491944885254,14.82491944885254,1.4,SOURCE-DERIVED invert; DERIVED DEM ground and cover,DEM-derived rim in repository THD convention,JUNCTION,
N_2174078309_17edf1a,2174078309,0,274897.00000002014,2107380.0000000065,72.86104662571175,19.04682319842034,25.5,12.913919448852539,40.34591944885254,14.845919448852541,14.845919448852541,1.4,SOURCE-DERIVED invert; DERIVED DEM ground and cover,DEM-derived rim in repository THD convention,JUNCTION,
N_2174078401_25ed1a3,2174078401,0,274802.00200001994,2107499.4403000064,72.8601305784214,19.047891440486428,25.857000000000003,11.855324745178223,39.287324745178225,13.430324745178222,13.430324745178222,0.9,SOURCE-DERIVED invert; DERIVED DEM ground and cover,DEM-derived rim in repository THD convention,JUNCTION,
N_2174078405_5ac499e,2174078405,0,274816.07940002024,2107491.7204000056,72.86026516912423,19.047823270054852,25.868000000000002,11.855324745178223,39.287324745178225,13.419324745178223,13.419324745178223,0.9,SOURCE-DERIVED invert; DERIVED DEM ground and cover,DEM-derived rim in repository THD convention,JUNCTION,
N_2174078407_244c6bc,2174078407,0,274856.60000001907,2107458.4000000055,72.86065386158232,19.047526805257036,24.73,8.642109870910645,36.07410987091065,11.344109870910646,11.344109870910646,2.0,SOURCE-DERIVED invert; DERIVED DEM ground and cover,DEM-derived rim in repository THD convention,JUNCTION,
N_2174078409_fbfa0b1,2174078409,0,274844.00720001984,2107474.918300005,72.86053235208995,19.047674600520896,25.889000000000003,8.0,35.432,9.543,9.543,0.9,SOURCE-DERIVED invert; DERIVED DEM ground and cover,DEM-derived rim in repository THD convention,JUNCTION,
N_2174078410_1e58c1e,2174078410,0,274852.00000002,2107400.0000000056,72.8606169360825,19.046998870489364,25.359,8.162628173828125,35.59462817382813,10.235628173828125,10.235628173828125,1.15,SOURCE-DERIVED invert; DERIVED DEM ground and cover,DEM-derived rim in repository THD convention,JUNCTION,
N_2174078412_df54b12,2174078412,0,274857.20000002015,2107463.300000006,72.86065899258595,19.047571124719735,25.900000000000002,8.642109870910645,36.07410987091065,10.174109870910645,10.174109870910645,0.9,SOURCE-DERIVED invert; DERIVED DEM ground and cover,DEM-derived rim in repository THD convention,JUNCTION,
N_2174078413_906f4ba,2174078413,0,274865.68910001934,2107454.7124000066,72.86074060988629,19.047494502131197,24.740000000000002,8.473365783691406,35.90536578369141,11.165365783691406,11.165365783691406,2.0,SOURCE-DERIVED invert; DERIVED DEM ground and cover,DEM-derived rim in repository THD convention,JUNCTION,
N_2174079001_2f85de4,2174079001,0,274915.5000000199,2107062.1000000057,72.86125911707148,19.04395418077709,27.2,10.72721004486084,38.15921004486084,10.959210044860843,10.959210044860843,1.4,SOURCE-DERIVED invert; DERIVED DEM ground and cover,DEM-derived rim in repository THD convention,JUNCTION,
N_2174079003_f93006e,2174079003,0,274918.1000000175,2107064.600000005,72.86128352005844,19.043977045195525,26.55,8.022017478942871,35.45401747894287,8.904017478942873,8.904017478942873,1.2,SOURCE-DERIVED invert; DERIVED DEM ground and cover,DEM-derived rim in repository THD convention,JUNCTION,
N_2174079005_9d537ae,2174079005,0,274927.1000000186,2107054.300000007,72.86137018536154,19.04388501310361,27.45,10.72721004486084,38.15921004486084,10.709210044860843,10.709210044860843,1.4,SOURCE-DERIVED invert; DERIVED DEM ground and cover,DEM-derived rim in repository THD convention,JUNCTION,
N_2174079007_51e5a2d,2174079007,0,274929.000000019,2107057.0000000056,72.86138791728575,19.043909606739028,26.6,10.72721004486084,38.15921004486084,11.55921004486084,11.55921004486084,1.2,SOURCE-DERIVED invert; DERIVED DEM ground and cover,DEM-derived rim in repository THD convention,JUNCTION,
N_2174079008_0fd7f6a,2174079008,0,274955.00000001903,2107042.0000000056,72.8616365758887,19.043776998024743,26.839000000000002,11.036359786987305,38.46835978698731,11.629359786987305,11.629359786987305,1.0,SOURCE-DERIVED invert; DERIVED DEM ground and cover,DEM-derived rim in repository THD convention,JUNCTION,
N_2174079010_9c74b09,2174079010,0,274983.00000001944,2107023.0000000047,72.86190469093516,19.04360848370102,27.583000000000002,16.675100326538086,44.10710032653809,16.524100326538086,16.524100326538086,0.9,SOURCE-DERIVED invert; DERIVED DEM ground and cover,DEM-derived rim in repository THD convention,JUNCTION,
N_2174079101_0bbf66b,2174079101,0,274910.0000000192,2107147.000000006,72.86119705760252,19.044720333922385,25.761000000000003,9.792088508605957,37.22408850860596,11.463088508605956,11.463088508605956,1.25,SOURCE-DERIVED invert; DERIVED DEM ground and cover,DEM-derived rim in repository THD convention,JUNCTION,
N_2174079102_aceac56,2174079102,0,274915.0000000199,2107148.0000000047,72.8612444272834,19.044729915528354,25.872,6.194055557250977,33.62605555725098,7.754055557250979,7.754055557250979,1.25,SOURCE-DERIVED invert; DERIVED DEM ground and cover,DEM-derived rim in repository THD convention,JUNCTION,
N_2174079103_a357927,2174079103,0,274915.00000002,2107171.000000007,72.8612417653951,19.044937635713023,25.757,7.264126777648926,34.69612677764893,8.939126777648926,8.939126777648926,1.25,SOURCE-DERIVED invert; DERIVED DEM ground and cover,DEM-derived rim in repository THD convention,JUNCTION,
N_2174079104_2254baa,2174079104,0,274917.00000002055,2107164.000000005,72.86126156972233,19.044874636642795,25.91,7.264126777648926,34.69612677764893,8.786126777648928,8.786126777648928,1.2,SOURCE-DERIVED invert; DERIVED DEM ground and cover,DEM-derived rim in repository THD convention,JUNCTION,
N_2174079105_98ab8fe,2174079105,0,274918.0000000194,2107168.0000000056,72.8612706038816,19.044910871949938,25.906000000000002,7.264126777648926,34.69612677764893,8.790126777648926,8.790126777648926,1.2,SOURCE-DERIVED invert; DERIVED DEM ground and cover,DEM-derived rim in repository THD convention,JUNCTION,
N_2174079106_5141dd1,2174079106,0,274918.8000000189,2107180.000000006,72.86127681275755,19.045019335744964,25.897000000000002,7.264126777648926,34.69612677764893,8.799126777648926,8.799126777648926,1.2,SOURCE-DERIVED invert; DERIVED DEM ground and cover,DEM-derived rim in repository THD convention,JUNCTION,
N_2174079201_57a8017,2174079201,0,274918.70000001974,2107206.000000005,72.86127285394885,19.045254138858112,25.751,8.050416946411133,35.482416946411135,9.731416946411134,9.731416946411134,1.25,SOURCE-DERIVED invert; DERIVED DEM ground and cover,DEM-derived rim in repository THD convention,JUNCTION,
N_2174079202_84ff5ce,2174079202,0,274921.70000002114,2107203.0000000056,72.86130169249111,19.045227375095894,25.88,8.050416946411133,35.482416946411135,9.602416946411136,9.602416946411136,1.2,SOURCE-DERIVED invert; DERIVED DEM ground and cover,DEM-derived rim in repository THD convention,JUNCTION,
N_2174079203_c7fb5ab,2174079203,0,274926.7000000179,2107212.000000006,72.8613481364702,19.04530920718974,25.872,8.050416946411133,35.482416946411135,9.610416946411135,9.610416946411135,1.2,SOURCE-DERIVED invert; DERIVED DEM ground and cover,DEM-derived rim in repository THD convention,JUNCTION,
N_2174079204_00f0299,2174079204,0,274933.00030001986,2107219.166500006,72.86140714178886,19.045374623465758,25.865000000000002,8.251509666442871,35.68350966644287,9.818509666442871,9.818509666442871,1.2,SOURCE-DERIVED invert; DERIVED DEM ground and cover,DEM-derived rim in repository THD convention,JUNCTION,
N_2174079205_85d07d3,2174079205,0,274937.0000000197,2107229.0000000056,72.86144398942164,19.045463873056168,25.646,8.251509666442871,35.68350966644287,10.037509666442872,10.037509666442872,1.4,SOURCE-DERIVED invert; DERIVED DEM ground and cover,DEM-derived rim in repository THD convention,JUNCTION,
N_2174079206_3591fa1,2174079206,0,274951.11220002023,2107240.3893000055,72.86157669679989,19.045568286415154,25.643,8.0,35.432,9.789000000000001,9.789000000000001,1.4,SOURCE-DERIVED invert; DERIVED DEM ground and cover,DEM-derived rim in repository THD convention,JUNCTION,
N_2174079207_dc5f779,2174079207,0,274960.9031000193,2107261.886700007,72.8616671946769,19.045763513603646,25.626,8.576889991760254,36.008889991760256,10.382889991760255,10.382889991760255,1.4,SOURCE-DERIVED invert; DERIVED DEM ground and cover,DEM-derived rim in repository THD convention,JUNCTION,
N_2174079208_2a5516d,2174079208,0,274961.9089000196,2107273.908300005,72.86167535579831,19.04587219512726,25.815,8.576889991760254,36.008889991760256,10.193889991760255,10.193889991760255,1.2,SOURCE-DERIVED invert; DERIVED DEM ground and cover,DEM-derived rim in repository THD convention,JUNCTION,
N_2174079209_e8a63d7,2174079209,0,274965.0092000196,2107272.411600005,72.8617049730087,19.045859019119415,25.517,8.576889991760254,36.008889991760256,10.491889991760257,10.491889991760257,1.4,SOURCE-DERIVED invert; DERIVED DEM ground and cover,DEM-derived rim in repository THD convention,JUNCTION,
N_2174079210_5adebb6,2174079210,0,274973.24090001965,2107291.4408000056,72.86178094879142,19.046031783609603,25.502000000000002,9.436646461486816,36.86864646148682,11.366646461486816,11.366646461486816,1.4,SOURCE-DERIVED invert; DERIVED DEM ground and cover,DEM-derived rim in repository THD convention,JUNCTION,
N_2174079301_e9933f0,2174079301,0,274900.50000001944,2107381.5000000065,72.86107969228273,19.046837130659203,24.926000000000002,12.913919448852539,40.34591944885254,15.41991944885254,15.41991944885254,1.28,SOURCE-DERIVED invert; DERIVED DEM ground and cover,DEM-derived rim in repository THD convention,JUNCTION,
N_2174079302_7a8eb2a,2174079302,0,274913.00000002014,2107376.0000000056,72.86119904394057,19.046788834386444,25.476000000000003,10.67062759399414,38.10262759399414,12.62662759399414,12.62662759399414,1.4,SOURCE-DERIVED invert; DERIVED DEM ground and cover,DEM-derived rim in repository THD convention,JUNCTION,
N_2174079303_6589684,2174079303,0,274917.7000000193,2107326.500000006,72.86124941018147,19.046342301836244,26.564,9.033164978027344,36.465164978027346,9.901164978027346,9.901164978027346,1.7,SOURCE-DERIVED invert; DERIVED DEM ground and cover,DEM-derived rim in repository THD convention,JUNCTION,
N_2174079304_e10fed8,2174079304,0,274921.0000000189,2107376.5000000056,72.86127496367298,19.04679423059656,24.923000000000002,10.67062759399414,38.10262759399414,13.179627593994141,13.179627593994141,1.28,SOURCE-DERIVED invert; DERIVED DEM ground and cover,DEM-derived rim in repository THD convention,JUNCTION,
N_2174079305_fa371f3,2174079305,0,274924.0000000195,2107373.500000005,72.86130380250799,19.046767466864143,25.46,10.67062759399414,38.10262759399414,12.642627593994142,12.642627593994142,1.4,SOURCE-DERIVED invert; DERIVED DEM ground and cover,DEM-derived rim in repository THD convention,JUNCTION,
N_2174079306_fcee123,2174079306,0,274932.51820001996,2107377.076200004,72.8613842876506,19.046800702184374,25.194000000000003,10.67062759399414,38.10262759399414,12.90862759399414,12.90862759399414,1.15,SOURCE-DERIVED invert; DERIVED DEM ground and cover,DEM-derived rim in repository THD convention,JUNCTION,
N_2174079307_e581276,2174079307,0,274933.00000001944,2107371.500000005,72.86138950878687,19.046750394813802,25.446,10.67062759399414,38.10262759399414,12.656627593994141,12.656627593994141,1.4,SOURCE-DERIVED invert; DERIVED DEM ground and cover,DEM-derived rim in repository THD convention,JUNCTION,
N_2174079308_9cc8a30,2174079308,0,274933.00000001764,2107374.000000006,72.86138921943942,19.046772973092203,24.921000000000003,10.67062759399414,38.10262759399414,13.18162759399414,13.18162759399414,1.28,SOURCE-DERIVED invert; DERIVED DEM ground and cover,DEM-derived rim in repository THD convention,JUNCTION,
N_2174079309_228199b,2174079309,0,274941.10000001907,2107357.2000000053,72.86146809110407,19.04662213853416,26.5,8.630823135375977,36.06282313537598,9.562823135375979,9.562823135375979,2.0,SOURCE-DERIVED invert; DERIVED DEM ground and cover,DEM-derived rim in repository THD convention,JUNCTION,
N_2174079310_888befc,2174079310,0,274950.5570000202,2107368.0330000054,72.86155665236153,19.04672101552467,24.92,10.0,37.432,12.512,12.512,2.0,SOURCE-DERIVED invert; DERIVED DEM ground and cover,DEM-derived rim in repository THD convention,JUNCTION,
N_2174079311_8c105f4,2174079311,0,274961.00000001903,2107360.0000000056,72.8616567612228,19.046649616239193,25.73,8.630823135375977,36.06282313537598,10.332823135375978,10.332823135375978,1.2,SOURCE-DERIVED invert; DERIVED DEM ground and cover,DEM-derived rim in repository THD convention,JUNCTION,
N_2174079313_2799e6c,2174079313,0,274978.80000001885,2107398.500000006,72.86182135624718,19.046999280582074,24.868000000000002,8.602469444274902,36.034469444274905,11.166469444274902,11.166469444274902,2.0,SOURCE-DERIVED invert; DERIVED DEM ground and cover,DEM-derived rim in repository THD convention,JUNCTION,
N_2174079314_67018f5,2174079314,0,274984.00000001927,2107320.000000006,72.8618798251591,19.04629089460949,25.776,9.16378116607666,36.59578116607666,10.819781166076663,10.819781166076663,1.2,SOURCE-DERIVED invert; DERIVED DEM ground and cover,DEM-derived rim in repository THD convention,JUNCTION,
N_2174079315_e8fb989,2174079315,0,274985.21430002025,2107318.4878000054,72.861891532555,19.046277371068587,25.479000000000003,9.16378116607666,36.59578116607666,11.11678116607666,11.11678116607666,1.4,SOURCE-DERIVED invert; DERIVED DEM ground and cover,DEM-derived rim in repository THD convention,JUNCTION,
N_2174079316_eab4b76,2174079316,0,274992.9000000205,2107344.000000005,72.86196157309661,19.04650862545103,25.757,8.47721004486084,35.90921004486084,10.15221004486084,10.15221004486084,1.2,SOURCE-DERIVED invert; DERIVED DEM ground and cover,DEM-derived rim in repository THD convention,JUNCTION,
N_2174079317_88abc5b,2174079317,0,274994.83570001874,2107344.679500006,72.86197987818399,19.046514975214805,25.458000000000002,8.47721004486084,35.90921004486084,10.45121004486084,10.45121004486084,1.4,SOURCE-DERIVED invert; DERIVED DEM ground and cover,DEM-derived rim in repository THD convention,JUNCTION,
N_2174079401_a2156fa,2174079401,0,274929.5580000193,2107420.533900006,72.86135114413236,19.047192856377723,24.813000000000002,8.861910820007324,36.293910820007326,11.480910820007324,11.480910820007324,2.0,SOURCE-DERIVED invert; DERIVED DEM ground and cover,DEM-derived rim in repository THD convention,JUNCTION,
N_2174079402_fb992b1,2174079402,0,274965.90000001935,2107405.3000000063,72.86169805524015,19.047059273947486,24.853,8.957160949707031,36.38916094970703,11.536160949707032,11.536160949707032,2.0,SOURCE-DERIVED invert; DERIVED DEM ground and cover,DEM-derived rim in repository THD convention,JUNCTION,
N_2174079403_1dd0f17,2174079403,0,274989.740900019,2107415.199600005,72.8619233319983,19.047151303829413,24.918000000000003,8.602469444274902,36.034469444274905,11.116469444274902,11.116469444274902,2.0,SOURCE-DERIVED invert; DERIVED DEM ground and cover,DEM-derived rim in repository THD convention,JUNCTION,
N_2174139701_202041f,2174139701,2,274974.8000000202,2113795.2984000053,72.86104179709059,19.104770137306872,38.558,20.59198760986328,48.02398760986328,9.465987609863284,9.465987609863284,2.898,SOURCE-DERIVED invert; DERIVED DEM ground and cover,DEM-derived rim in repository THD convention,JUNCTION,
N_2174139702_e60658c,2174139702,2,274993.4971000217,2113771.846800005,72.86122215233726,19.104560404055,38.123000000000005,27.299638748168945,54.73163874816895,16.608638748168943,16.608638748168943,1.84,SOURCE-DERIVED invert; DERIVED DEM ground and cover,DEM-derived rim in repository THD convention,JUNCTION,
N_2174139801_3d230fb,2174139801,2,274955.86050002044,2113818.7499000053,72.8608591384662,19.104979842666186,39.0,17.820148468017578,45.25214846801758,6.25214846801758,6.25214846801758,2.898,SOURCE-DERIVED invert; DERIVED DEM ground and cover,DEM-derived rim in repository THD convention,JUNCTION,
N_2174148401_d3a2233,2174148401,2,274894.700000021,2114451.0000000056,72.86020461423182,19.11068309436895,43.0,20.86767578125,48.29967578125,5.299675781250002,5.299675781250002,1.99,SOURCE-DERIVED invert; DERIVED DEM ground and cover,DEM-derived rim in repository THD convention,JUNCTION,
N_2174149301_bd9125d,2174149301,2,274955.00000002,2114391.200000005,72.86078446285336,19.11014968677971,41.4,18.12273597717285,45.554735977172854,4.154735977172855,4.154735977172855,1.99,SOURCE-DERIVED invert; DERIVED DEM ground and cover,DEM-derived rim in repository THD convention,JUNCTION,
N_2174149302_eb78ff3,2174149302,2,274971.40000002185,2114389.3000000063,72.86094049687199,19.110134338633944,41.296,18.0,45.432,4.136000000000003,4.136000000000003,1.99,SOURCE-DERIVED invert; DERIVED DEM ground and cover,DEM-derived rim in repository THD convention,JUNCTION,
N_2174149303_969e18c,2174149303,2,274985.6000000209,2114384.200000005,72.86107600084155,19.110089847417548,41.2,18.0,45.432,4.231999999999999,4.231999999999999,1.99,SOURCE-DERIVED invert; DERIVED DEM ground and cover,DEM-derived rim in repository THD convention,JUNCTION,
N_2174149401_23afa33,2174149401,2,274918.7000000214,2114447.700000005,72.8604330178069,19.110655942581197,42.4,19.30797004699707,46.73997004699707,4.339970046997074,4.339970046997074,1.99,SOURCE-DERIVED invert; DERIVED DEM ground and cover,DEM-derived rim in repository THD convention,JUNCTION,
N_2174149402_0a0c8af,2174149402,2,274934.7000000216,2114448.200000006,72.86058497308976,19.110662225586825,42.132000000000005,19.30797004699707,46.73997004699707,4.6079700469970675,4.6079700469970675,2.258,SOURCE-DERIVED invert; DERIVED DEM ground and cover,DEM-derived rim in repository THD convention,JUNCTION,
N_2174149403_103f132,2174149403,2,274944.60000002093,2114408.2000000044,72.86068367916494,19.110302069298324,41.5,17.16412353515625,44.59612353515625,3.096123535156252,3.096123535156252,1.99,SOURCE-DERIVED invert; DERIVED DEM ground and cover,DEM-derived rim in repository THD convention,JUNCTION,
N_2174149404_a759b18,2174149404,2,274947.0000000213,2114432.600000005,72.86070364602142,19.110522696757887,41.800000000000004,17.28540802001953,44.71740802001953,2.917408020019529,2.917408020019529,2.258,SOURCE-DERIVED invert; DERIVED DEM ground and cover,DEM-derived rim in repository THD convention,JUNCTION,
N_2175049801_cf91e2b,2175049801,1,275901.92420001817,2104845.6111000045,72.87088248616534,19.024044550393953,25.8,7.353453636169434,34.785453636169436,8.985453636169435,8.985453636169435,3.115,SOURCE-DERIVED invert; DERIVED DEM ground and cover,DEM-derived rim in repository THD convention,JUNCTION,
N_2175049802_32ce649,2175049802,1,275905.1644000184,2104864.8650000053,72.87091103932981,19.02421879449668,25.788,7.353453636169434,34.785453636169436,8.997453636169435,8.997453636169435,3.115,SOURCE-DERIVED invert; DERIVED DEM ground and cover,DEM-derived rim in repository THD convention,JUNCTION,
N_2175049803_9659a48,2175049803,1,275907.88750001823,2104884.5794000044,72.87093462916658,19.0243971409578,25.775000000000002,9.436562538146973,36.868562538146975,11.093562538146973,11.093562538146973,3.335,SOURCE-DERIVED invert; DERIVED DEM ground and cover,DEM-derived rim in repository THD convention,JUNCTION,
N_2175049901_1184059,2175049901,1,275903.0129000185,2104995.7766000046,72.87087554311019,19.025400872583955,25.173000000000002,5.0,32.432,7.259,7.259,3.762,SOURCE-DERIVED invert; DERIVED DEM ground and cover,DEM-derived rim in repository THD convention,JUNCTION,
N_2175049902_3dfaed5,2175049902,1,275911.62320001854,2104905.9141000058,72.87096764822319,19.024590231803405,25.763,10.0,37.432,11.669,11.669,3.335,SOURCE-DERIVED invert; DERIVED DEM ground and cover,DEM-derived rim in repository THD convention,JUNCTION,
N_2175049903_3adb438,2175049903,1,275914.9858000188,2104925.1866000053,72.87099736168108,19.024764657281118,25.75,9.801775932312012,37.233775932312014,11.483775932312014,11.483775932312014,3.16,SOURCE-DERIVED invert; DERIVED DEM ground and cover,DEM-derived rim in repository THD convention,JUNCTION,
N_2175049904_1bcb5ed,2175049904,1,275918.04970001866,2104943.8330000066,72.87102431076981,19.02493339551281,25.738,9.094400405883789,36.52640040588379,10.788400405883792,10.788400405883792,3.601,SOURCE-DERIVED invert; DERIVED DEM ground and cover,DEM-derived rim in repository THD convention,JUNCTION,
N_2175049905_5991261,2175049905,1,275921.543000018,2104962.993200005,72.87105527836428,19.02510682106643,25.725,9.094400405883789,36.52640040588379,10.80140040588379,10.80140040588379,3.601,SOURCE-DERIVED invert; DERIVED DEM ground and cover,DEM-derived rim in repository THD convention,JUNCTION,
N_2175049906_c27e97d,2175049906,1,275923.5784000184,2104983.0369000053,72.87107230005994,19.025288066292074,25.713,6.054889678955078,33.48688967895508,7.773889678955079,7.773889678955079,3.182,SOURCE-DERIVED invert; DERIVED DEM ground and cover,DEM-derived rim in repository THD convention,JUNCTION,
N_2175049907_8c445e9,2175049907,1,275976.127100019,2104993.5295000058,72.87157009751698,19.02538857957677,25.122,8.536161422729492,35.968161422729494,10.846161422729494,10.846161422729494,3.837,SOURCE-DERIVED invert; DERIVED DEM ground and cover,DEM-derived rim in repository THD convention,JUNCTION,
N_2175049908_9892e63,2175049908,1,275990.38670001767,2104979.6043000063,72.8717071093462,19.02526437584981,25.109,8.536161422729492,35.968161422729494,10.859161422729493,10.859161422729493,3.642,SOURCE-DERIVED invert; DERIVED DEM ground and cover,DEM-derived rim in repository THD convention,JUNCTION,
N_2175050401_c353dd9,2175050401,1,275005.2000000199,2105459.400000007,72.86229632083955,19.029489544383985,25.656000000000002,6.434168338775635,33.86616833877564,8.210168338775635,8.210168338775635,2.4,SOURCE-DERIVED invert; DERIVED DEM ground and cover,DEM-derived rim in repository THD convention,JUNCTION,
N_2175050402_c703f96,2175050402,1,275034.1000000194,2105460.5000000047,72.86257063461258,19.029502655303723,25.632,6.3360114097595215,33.768011409759524,8.136011409759522,8.136011409759522,2.4,SOURCE-DERIVED invert; DERIVED DEM ground and cover,DEM-derived rim in repository THD convention,JUNCTION,
N_2175050403_c1aadea,2175050403,1,275034.30000001896,2105454.4000000055,72.86257323878542,19.029447586139753,25.841,6.3360114097595215,33.768011409759524,7.927011409759523,7.927011409759523,2.4,SOURCE-DERIVED invert; DERIVED DEM ground and cover,DEM-derived rim in repository THD convention,JUNCTION,
N_2175050404_2a2f988,2175050404,1,275067.57930001855,2105462.226500006,72.86288836216383,19.02952192717038,25.604000000000003,4.916259288787842,32.348259288787844,6.744259288787841,6.744259288787841,2.4,SOURCE-DERIVED invert; DERIVED DEM ground and cover,DEM-derived rim in repository THD convention,JUNCTION,
N_2175050405_cef434a,2175050405,1,275067.84100001876,2105458.6940000053,72.8628912554894,19.029490052729944,25.819000000000003,4.916259288787842,32.348259288787844,6.529259288787841,6.529259288787841,2.4,SOURCE-DERIVED invert; DERIVED DEM ground and cover,DEM-derived rim in repository THD convention,JUNCTION,
N_2175050407_1b81e1e,2175050407,1,275086.9000000182,2105457.2000000053,72.86307241670858,19.029478654182714,25.806,4.916259288787842,32.348259288787844,6.542259288787843,6.542259288787843,2.4,SOURCE-DERIVED invert; DERIVED DEM ground and cover,DEM-derived rim in repository THD convention,JUNCTION,
N_2175050408_9066a79,2175050408,1,275087.1000000184,2105467.400000006,72.8630731374955,19.029570795807597,25.587,4.916259288787842,32.348259288787844,6.761259288787844,6.761259288787844,2.4,SOURCE-DERIVED invert; DERIVED DEM ground and cover,DEM-derived rim in repository THD convention,JUNCTION,
N_2175050409_13778e4,2175050409,1,275087.4802000198,2105485.4466000046,72.86307466293339,19.029733822528655,26.624000000000002,4.857057094573975,32.28905709457398,5.665057094573974,5.665057094573974,0.75,SOURCE-DERIVED invert; DERIVED DEM ground and cover,DEM-derived rim in repository THD convention,JUNCTION,
N_2175050501_a6ff929,2175050501,1,275088.84820001875,2105515.543000005,72.8630841765525,19.03000578360176,26.836000000000002,5.126622676849365,32.55862267684937,5.722622676849365,5.722622676849365,0.75,SOURCE-DERIVED invert; DERIVED DEM ground and cover,DEM-derived rim in repository THD convention,JUNCTION,
N_2175050502_ddfafd4,2175050502,1,275091.84120001923,2105547.5623000055,72.86310889943074,19.030295289587052,27.063000000000002,4.985165596008301,32.4171655960083,5.3541655960083006,5.3541655960083006,0.75,SOURCE-DERIVED invert; DERIVED DEM ground and cover,DEM-derived rim in repository THD convention,JUNCTION,
N_2175050503_a89c485,2175050503,1,275093.15060001914,2105581.255000007,72.86311744104097,19.0305997236111,27.3,4.2467193603515625,31.67871936035156,4.37871936035156,4.37871936035156,0.75,SOURCE-DERIVED invert; DERIVED DEM ground and cover,DEM-derived rim in repository THD convention,JUNCTION,
N_2175051401_e677a6a,2175051401,1,275111.0000000192,2105456.0000000056,72.86330141444651,19.029470464515104,25.79,4.417830944061279,31.849830944061278,6.059830944061279,6.059830944061279,1.5,SOURCE-DERIVED invert; DERIVED DEM ground and cover,DEM-derived rim in repository THD convention,JUNCTION,
N_2175051402_0784d50,2175051402,1,275111.31450002,2105465.929800005,72.86330325389353,19.029560178463406,25.566000000000003,4.417830944061279,31.849830944061278,6.283830944061275,6.283830944061275,2.4,SOURCE-DERIVED invert; DERIVED DEM ground and cover,DEM-derived rim in repository THD convention,JUNCTION,
N_2175051403_5cda202,2175051403,1,275134.1000000206,2105456.800000006,72.86352068494158,19.02948022738729,25.774,4.647519111633301,32.0795191116333,6.305519111633302,6.305519111633302,1.5,SOURCE-DERIVED invert; DERIVED DEM ground and cover,DEM-derived rim in repository THD convention,JUNCTION,
N_2175051404_101b52f,2175051404,1,275136.4000000195,2105465.4000000055,72.86354153288804,19.02955814958641,25.545,4.647519111633301,32.0795191116333,6.534519111633301,6.534519111633301,2.4,SOURCE-DERIVED invert; DERIVED DEM ground and cover,DEM-derived rim in repository THD convention,JUNCTION,
N_2175051405_f1df2c2,2175051405,1,275167.4051000186,2105457.978600004,72.86383682177187,19.029494530218013,25.752000000000002,4.685033321380615,32.11703332138062,6.365033321380615,6.365033321380615,1.5,SOURCE-DERIVED invert; DERIVED DEM ground and cover,DEM-derived rim in repository THD convention,JUNCTION,
N_2175051406_abe4972,2175051406,1,275168.7000000196,2105465.900000006,72.86384820357596,19.029566213327286,25.518,4.685033321380615,32.11703332138062,6.599033321380617,6.599033321380617,2.4,SOURCE-DERIVED invert; DERIVED DEM ground and cover,DEM-derived rim in repository THD convention,JUNCTION,
N_2175051407_1d17f29,2175051407,1,275191.9000000191,2105459.000000005,72.86406931312976,19.02950644519899,25.736,6.505988121032715,33.93798812103272,8.201988121032716,8.201988121032716,1.5,SOURCE-DERIVED invert; DERIVED DEM ground and cover,DEM-derived rim in repository THD convention,JUNCTION,
N_2175051408_816c586,2175051408,1,275193.0000000193,2105466.600000005,72.86407888133401,19.029575204224276,25.498,6.505988121032715,33.93798812103272,8.439988121032716,8.439988121032716,2.4,SOURCE-DERIVED invert; DERIVED DEM ground and cover,DEM-derived rim in repository THD convention,JUNCTION,
N_2175052002_b84db3c,2175052002,1,275230.55180001876,2105033.612500007,72.86448546972626,19.025668867230177,29.45,12.964244842529297,40.3962448425293,10.9462448425293,10.9462448425293,0.6,SOURCE-DERIVED invert; DERIVED DEM ground and cover,DEM-derived rim in repository THD convention,JUNCTION,
N_2175052003_5d1678e,2175052003,1,275265.60220001906,2105051.254200006,72.8648162729333,19.025832043349045,29.28,9.481849670410156,36.91384967041016,7.633849670410157,7.633849670410157,0.6,SOURCE-DERIVED invert; DERIVED DEM ground and cover,DEM-derived rim in repository THD convention,JUNCTION,
N_2175052004_765711b,2175052004,1,275299.28340001893,2105059.559700005,72.86513515225376,19.025910750135814,28.847,7.490896701812744,34.922896701812746,6.075896701812745,6.075896701812745,0.6,SOURCE-DERIVED invert; DERIVED DEM ground and cover,DEM-derived rim in repository THD convention,JUNCTION,
N_2175052401_ca8926b,2175052401,1,275218.63150001754,2105466.9391000047,72.86432224506612,19.029581081642178,25.476000000000003,6.66115140914917,34.09315140914917,8.61715140914917,8.61715140914917,2.4,SOURCE-DERIVED invert; DERIVED DEM ground and cover,DEM-derived rim in repository THD convention,JUNCTION,
N_2175052402_49c455b,2175052402,1,275230.7323000189,2105460.1847000043,72.86443793706376,19.029521409133938,25.71,6.66115140914917,34.09315140914917,8.383151409149171,8.383151409149171,1.5,SOURCE-DERIVED invert; DERIVED DEM ground and cover,DEM-derived rim in repository THD convention,JUNCTION,
N_2175052403_e050b19,2175052403,1,275250.6654000189,2105467.6818000064,72.86462636100327,19.02959130678373,25.449,4.307586193084717,31.739586193084715,6.290586193084714,6.290586193084714,2.4,SOURCE-DERIVED invert; DERIVED DEM ground and cover,DEM-derived rim in repository THD convention,JUNCTION,
N_2175052404_a5b102a,2175052404,1,275258.63260001875,2105459.925100006,72.86470291497055,19.029522128109026,25.691000000000003,4.307586193084717,31.739586193084715,6.048586193084713,6.048586193084713,1.5,SOURCE-DERIVED invert; DERIVED DEM ground and cover,DEM-derived rim in repository THD convention,JUNCTION,
N_2175052406_add4098,2175052406,1,275278.4059000192,2105468.355400005,72.8648897138247,19.02960043601003,25.426000000000002,4.320329189300537,31.752329189300536,6.326329189300534,6.326329189300534,2.4,SOURCE-DERIVED invert; DERIVED DEM ground and cover,DEM-derived rim in repository THD convention,JUNCTION,
N_2175052407_571ea9c,2175052407,1,275281.21240001864,2105461.871600006,72.8649171135027,19.029542186662393,25.676000000000002,4.320329189300537,31.752329189300536,6.076329189300534,6.076329189300534,1.5,SOURCE-DERIVED invert; DERIVED DEM ground and cover,DEM-derived rim in repository THD convention,JUNCTION,
N_2175053001_ffce378,2175053001,1,275329.36570001836,2105061.8987000072,72.8654205450616,19.025935175881674,28.47,9.154279708862305,36.58627970886231,8.116279708862308,8.116279708862308,0.6,SOURCE-DERIVED invert; DERIVED DEM ground and cover,DEM-derived rim in repository THD convention,JUNCTION,
N_2175053002_608cfd0,2175053002,1,275363.59450001654,2105063.702500006,72.86574537509313,19.025955222578364,28.084,8.0,35.432,7.3480000000000025,7.3480000000000025,0.6,SOURCE-DERIVED invert; DERIVED DEM ground and cover,DEM-derived rim in repository THD convention,JUNCTION,
N_2175053003_cc9fee4,2175053003,1,275386.59630001924,2105071.492600005,72.86596290258782,19.026028101439913,27.810000000000002,7.388039588928223,34.820039588928225,7.0100395889282225,7.0100395889282225,0.6,SOURCE-DERIVED invert; DERIVED DEM ground and cover,DEM-derived rim in repository THD convention,JUNCTION,
N_2175053401_307149d,2175053401,1,275311.10000001825,2105460.6000000047,72.86520108021124,19.029533983372502,25.657,5.633831977844238,33.06583197784424,7.40883197784424,7.40883197784424,1.5,SOURCE-DERIVED invert; DERIVED DEM ground and cover,DEM-derived rim in repository THD convention,JUNCTION,
N_2175053402_253f22e,2175053402,1,275312.77050001814,2105469.457600006,72.86521592134591,19.029614162834797,25.397000000000002,5.633831977844238,33.06583197784424,7.668831977844238,7.668831977844238,2.4,SOURCE-DERIVED invert; DERIVED DEM ground and cover,DEM-derived rim in repository THD convention,JUNCTION,
N_2175053403_fc7ac8d,2175053403,1,275344.9289000187,2105462.001400005,72.86552216602007,19.029550353022643,25.634,7.226773738861084,34.658773738861086,9.024773738861086,9.024773738861086,1.5,SOURCE-DERIVED invert; DERIVED DEM ground and cover,DEM-derived rim in repository THD convention,JUNCTION,
N_2175053404_3ca4e6d,2175053404,1,275346.8547000196,2105470.2660000063,72.8655395001392,19.02962520490203,25.368000000000002,7.226773738861084,34.658773738861086,9.290773738861084,9.290773738861084,2.4,SOURCE-DERIVED invert; DERIVED DEM ground and cover,DEM-derived rim in repository THD convention,JUNCTION,
N_2175053405_d347713,2175053405,1,275374.90000001946,2105463.6000000057,72.86580659456438,19.029568079756366,25.614,7.294113636016846,34.72611363601685,9.112113636016847,9.112113636016847,1.5,SOURCE-DERIVED invert; DERIVED DEM ground and cover,DEM-derived rim in repository THD convention,JUNCTION,
N_2175053406_47a94a5,2175053406,1,275377.5042000199,2105470.9588000043,72.86583047559135,19.029634825467166,25.342000000000002,7.294113636016846,34.72611363601685,9.384113636016846,9.384113636016846,2.4,SOURCE-DERIVED invert; DERIVED DEM ground and cover,DEM-derived rim in repository THD convention,JUNCTION,
N_2175054001_f54686e,2175054001,1,275404.675600018,2105083.2798000053,72.86613322490953,19.026136539304023,27.71,6.109307289123535,33.54130728912354,5.8313072891235365,5.8313072891235365,0.6,SOURCE-DERIVED invert; DERIVED DEM ground and cover,DEM-derived rim in repository THD convention,JUNCTION,
N_2175054002_abf7b89,2175054002,1,275412.90000001923,2105095.3000000054,72.8662099378265,19.02624600028213,25.5,8.087129592895508,35.51912959289551,10.01912959289551,10.01912959289551,4.171,SOURCE-DERIVED invert; DERIVED DEM ground and cover,DEM-derived rim in repository THD convention,JUNCTION,
N_2175054003_b3ded0e,2175054003,1,275426.2592000185,2105085.4418000053,72.8663379346628,19.026158432779507,25.489,8.087129592895508,35.51912959289551,10.03012959289551,10.03012959289551,4.171,SOURCE-DERIVED invert; DERIVED DEM ground and cover,DEM-derived rim in repository THD convention,JUNCTION,
N_2175054004_5b81dbc,2175054004,1,275445.494500019,2105080.6245000064,72.86652114979228,19.02611703588145,25.476000000000003,7.264222145080566,34.69622214508057,9.220222145080566,9.220222145080566,3.561,SOURCE-DERIVED invert; DERIVED DEM ground and cover,DEM-derived rim in repository THD convention,JUNCTION,
N_2175054005_51a5584,2175054005,1,275465.3196000191,2105075.629700005,72.86670998609249,19.026074100410806,25.463,9.049717903137207,36.48171790313721,11.018717903137208,11.018717903137208,3.439,SOURCE-DERIVED invert; DERIVED DEM ground and cover,DEM-derived rim in repository THD convention,JUNCTION,
N_2175054006_5a9b8c3,2175054006,1,275482.1250000192,2105071.587700005,72.86687003721117,19.026039438668896,25.452,9.049717903137207,36.48171790313721,11.029717903137207,11.029717903137207,3.433,SOURCE-DERIVED invert; DERIVED DEM ground and cover,DEM-derived rim in repository THD convention,JUNCTION,
N_2175054401_3bde289,2175054401,1,275401.76770001854,2105464.3373000068,72.86606165191746,19.029577686829978,25.596,7.8734660148620605,35.30546601486206,9.709466014862063,9.709466014862063,1.5,SOURCE-DERIVED invert; DERIVED DEM ground and cover,DEM-derived rim in repository THD convention,JUNCTION,
N_2175054402_9f097eb,2175054402,1,275404.4210000187,2105471.6411000066,72.86608600566265,19.029643941180723,25.32,7.8734660148620605,35.30546601486206,9.985466014862062,9.985466014862062,2.4,SOURCE-DERIVED invert; DERIVED DEM ground and cover,DEM-derived rim in repository THD convention,JUNCTION,
N_2175054403_d6e2821,2175054403,1,275435.631300019,2105472.6069000047,72.86638227528098,19.029656087976303,25.294,8.1758394241333,35.6078394241333,10.313839424133302,10.313839424133302,2.4,SOURCE-DERIVED invert; DERIVED DEM ground and cover,DEM-derived rim in repository THD convention,JUNCTION,
N_2175054407_db1f551,2175054407,1,275453.67520001915,2105468.230300006,72.86655412966213,19.029618540844965,25.562,8.1758394241333,35.6078394241333,10.045839424133302,10.045839424133302,1.5,SOURCE-DERIVED invert; DERIVED DEM ground and cover,DEM-derived rim in repository THD convention,JUNCTION,
N_2175054412_ab64442,2175054412,1,275468.32420001924,2105478.1323000053,72.866692098243,19.0297095763193,25.266000000000002,8.828113555908203,36.260113555908205,10.994113555908203,10.994113555908203,2.4,SOURCE-DERIVED invert; DERIVED DEM ground and cover,DEM-derived rim in repository THD convention,JUNCTION,
N_2175054413_799d305,2175054413,1,275470.0000000186,2105471.6000000057,72.86670876551533,19.02965076459458,25.55,8.828113555908203,36.260113555908205,10.710113555908205,10.710113555908205,1.5,SOURCE-DERIVED invert; DERIVED DEM ground and cover,DEM-derived rim in repository THD convention,JUNCTION,
N_2175054418_37d7f57,2175054418,1,275483.4000000196,2105473.000000005,72.86683585394273,19.029664878340775,25.541,8.828113555908203,36.260113555908205,10.719113555908205,10.719113555908205,1.5,SOURCE-DERIVED invert; DERIVED DEM ground and cover,DEM-derived rim in repository THD convention,JUNCTION,
N_2175054420_cc7a013,2175054420,1,275484.83340001944,2105477.894200006,72.86684890142573,19.02970923684847,25.252000000000002,8.828113555908203,36.260113555908205,11.008113555908203,11.008113555908203,2.4,SOURCE-DERIVED invert; DERIVED DEM ground and cover,DEM-derived rim in repository THD convention,JUNCTION,
N_2175054501_6204b61,2175054501,1,275472.1650000178,2105503.0975000053,72.86672569201433,19.029935467323686,25.52,6.846576690673828,34.27857669067383,8.75857669067383,8.75857669067383,1.2,SOURCE-DERIVED invert; DERIVED DEM ground and cover,DEM-derived rim in repository THD convention,JUNCTION,
N_2175054502_59ff116,2175054502,1,275479.3665000191,2105532.8636000063,72.86679064629607,19.03020508562251,25.543000000000003,7.5878005027771,35.0198005027771,9.476800502777099,9.476800502777099,1.2,SOURCE-DERIVED invert; DERIVED DEM ground and cover,DEM-derived rim in repository THD convention,JUNCTION,
N_2175054503_5268cf1,2175054503,1,275485.6078000186,2105569.3511000047,72.86684570715747,19.03053530196668,25.572000000000003,8.203330993652344,35.635330993652346,10.063330993652343,10.063330993652343,1.2,SOURCE-DERIVED invert; DERIVED DEM ground and cover,DEM-derived rim in repository THD convention,JUNCTION,
N_2175054504_58a7904,2175054504,1,275491.36900001875,2105593.356100006,72.86689764867307,19.030752731697845,25.591,12.725383758544922,40.157383758544924,14.566383758544923,14.566383758544923,1.2,SOURCE-DERIVED invert; DERIVED DEM ground and cover,DEM-derived rim in repository THD convention,JUNCTION,
N_2175054601_6dacbe4,2175054601,1,275491.3690000192,2105679.2939000055,72.86688773666516,19.03152886683275,25.658,10.620010375976562,38.052010375976565,12.394010375976563,12.394010375976563,1.2,SOURCE-DERIVED invert; DERIVED DEM ground and cover,DEM-derived rim in repository THD convention,JUNCTION,
N_2175054602_e89206f,2175054602,1,275493.76950001926,2105651.448100007,72.8669137444312,19.031277644735983,25.636000000000003,11.899815559387207,39.33181555938721,13.695815559387206,13.695815559387206,1.2,SOURCE-DERIVED invert; DERIVED DEM ground and cover,DEM-derived rim in repository THD convention,JUNCTION,
N_2175054603_87c21e5,2175054603,1,275494.24960001896,2105616.8810000047,72.86692229052086,19.03096550949819,25.609,12.660221099853516,40.09222109985352,14.483221099853516,14.483221099853516,1.2,SOURCE-DERIVED invert; DERIVED DEM ground and cover,DEM-derived rim in repository THD convention,JUNCTION,
N_2175054705_9df5a67,2175054705,1,275485.30000001914,2105733.8000000063,72.8668238160926,19.032020465199125,25.7,5.334575176239014,32.766575176239016,7.0665751762390165,7.0665751762390165,1.2,SOURCE-DERIVED invert; DERIVED DEM ground and cover,DEM-derived rim in repository THD convention,JUNCTION,
N_2175055001_0b24f59,2175055001,1,275501.8744000186,2105067.0925000054,72.8670580969166,19.026001006592796,25.439,9.416034698486328,36.84803469848633,11.40903469848633,11.40903469848633,3.433,SOURCE-DERIVED invert; DERIVED DEM ground and cover,DEM-derived rim in repository THD convention,JUNCTION,
N_2175055002_7434354,2175055002,1,275520.60190001875,2105062.8404000043,72.8672364245113,19.025964657795214,25.426000000000002,9.819267272949219,37.25126727294922,11.825267272949219,11.825267272949219,3.371,SOURCE-DERIVED invert; DERIVED DEM ground and cover,DEM-derived rim in repository THD convention,JUNCTION,
N_2175055003_3d6ef67,2175055003,1,275540.1675000194,2105058.3059000047,72.86742274324237,19.02592585024531,25.413,9.819267272949219,37.25126727294922,11.83826727294922,11.83826727294922,3.422,SOURCE-DERIVED invert; DERIVED DEM ground and cover,DEM-derived rim in repository THD convention,JUNCTION,
N_2175055004_7109728,2175055004,1,275559.4441000195,2105054.0538000055,72.86760628499584,19.025889561275278,25.400000000000002,6.21478796005249,33.64678796005249,8.24678796005249,8.24678796005249,3.58,SOURCE-DERIVED invert; DERIVED DEM ground and cover,DEM-derived rim in repository THD convention,JUNCTION,
N_2175055005_eb75b17,2175055005,1,275578.46060001856,2105049.784000006,72.86778735880546,19.02585308374833,25.388,6.21478796005249,33.64678796005249,8.25878796005249,8.25878796005249,3.582,SOURCE-DERIVED invert; DERIVED DEM ground and cover,DEM-derived rim in repository THD convention,JUNCTION,
N_2175055006_8158f4c,2175055006,1,275596.8991000189,2105045.8142000055,72.86796290926321,19.02581925209416,25.375,7.186867713928223,34.618867713928225,9.243867713928225,9.243867713928225,3.582,SOURCE-DERIVED invert; DERIVED DEM ground and cover,DEM-derived rim in repository THD convention,JUNCTION,
N_2175055401_66f9b19,2175055401,1,275507.3179000184,2105473.3820000044,72.86706294055004,19.029670951652264,25.233,11.2576322555542,38.6896322555542,13.4566322555542,13.4566322555542,2.4,SOURCE-DERIVED invert; DERIVED DEM ground and cover,DEM-derived rim in repository THD convention,JUNCTION,
N_2175055403_945499f,2175055403,1,275545.20000001875,2105465.200000005,72.86742362239555,19.02960121139866,24.8,16.749557495117188,44.18155749511719,19.38155749511719,19.38155749511719,3.928,SOURCE-DERIVED invert; DERIVED DEM ground and cover,DEM-derived rim in repository THD convention,JUNCTION,
N_2175055404_ff770f9,2175055404,1,275553.5933000182,2105464.3061000053,72.86750343043593,19.02959405862021,24.797,12.368255615234375,39.80025561523438,15.003255615234377,15.003255615234377,3.928,SOURCE-DERIVED invert; DERIVED DEM ground and cover,DEM-derived rim in repository THD convention,JUNCTION,
N_2175055405_3178c09,2175055405,1,275558.70320001885,2105463.045800006,72.86755210069026,19.029583236694858,24.795,12.368255615234375,39.80025561523438,15.005255615234375,15.005255615234375,3.813,SOURCE-DERIVED invert; DERIVED DEM ground and cover,DEM-derived rim in repository THD convention,JUNCTION,
N_2175055406_fcfbdf9,2175055406,1,275574.40520001936,2105490.4526000055,72.86769805136818,19.0298324791694,24.782,15.651204109191895,43.0832041091919,18.301204109191897,18.301204109191897,3.954,SOURCE-DERIVED invert; DERIVED DEM ground and cover,DEM-derived rim in repository THD convention,JUNCTION,
N_2175055501_85a0e63,2175055501,1,275586.34680001927,2105521.717900006,72.86780784777946,19.030116156806354,24.769000000000002,8.0,35.432,10.663,10.663,3.954,SOURCE-DERIVED invert; DERIVED DEM ground and cover,DEM-derived rim in repository THD convention,JUNCTION,
N_2175055502_50bd2fe,2175055502,1,275593.83790001814,2105543.143100006,72.86787651556774,19.03031047692935,24.761000000000003,7.551123142242432,34.983123142242434,10.222123142242431,10.222123142242431,3.992,SOURCE-DERIVED invert; DERIVED DEM ground and cover,DEM-derived rim in repository THD convention,JUNCTION,
N_2175055503_855530e,2175055503,1,275599.6194000185,2105559.293300004,72.86792955668851,19.03045696915224,24.754,7.551123142242432,34.983123142242434,10.229123142242432,10.229123142242432,3.997,SOURCE-DERIVED invert; DERIVED DEM ground and cover,DEM-derived rim in repository THD convention,JUNCTION,
N_2175055701_8535fcb,2175055701,1,275500.1962000185,2105736.526900007,72.86696496178438,19.03204672687269,26.0,5.941739082336426,33.37373908233643,7.373739082336428,7.373739082336428,0.6,SOURCE-DERIVED invert; DERIVED DEM ground and cover,DEM-derived rim in repository THD convention,JUNCTION,
N_2175056001_5a19f5b,2175056001,1,275617.0138000187,2105040.9974000063,72.86815447455038,19.025777954401654,25.362000000000002,8.285866737365723,35.717866737365725,10.355866737365723,10.355866737365723,3.53,SOURCE-DERIVED invert; DERIVED DEM ground and cover,DEM-derived rim in repository THD convention,JUNCTION,
N_2175056002_ac28031,2175056002,1,275636.03040001844,2105037.027600005,72.86833551455629,19.025744185735824,25.349,8.285866737365723,35.717866737365725,10.368866737365725,10.368866737365725,3.518,SOURCE-DERIVED invert; DERIVED DEM ground and cover,DEM-derived rim in repository THD convention,JUNCTION,
N_2175056003_31d10b5,2175056003,1,275644.7858000181,2105035.298600005,72.86841885547898,19.025729529956898,25.34,8.951254844665527,36.38325484466553,11.04325484466553,11.04325484466553,3.351,SOURCE-DERIVED invert; DERIVED DEM ground and cover,DEM-derived rim in repository THD convention,JUNCTION,
N_2175056004_6604f1b,2175056004,1,275656.99100001936,2105034.782900006,72.86853481606626,19.025726209927825,25.337,8.951254844665527,36.38325484466553,11.04625484466553,11.04625484466553,3.212,SOURCE-DERIVED invert; DERIVED DEM ground and cover,DEM-derived rim in repository THD convention,JUNCTION,
N_2175056005_d72127e,2175056005,1,275674.699200019,2105032.4932000055,72.86870323779173,19.02570747113008,25.324,4.634086608886719,32.06608660888672,6.742086608886719,6.742086608886719,3.153,SOURCE-DERIVED invert; DERIVED DEM ground and cover,DEM-derived rim in repository THD convention,JUNCTION,
N_2175056006_edb2400,2175056006,1,275694.52490001684,2105031.346300006,72.86889163573296,19.025699285223624,25.311,4.634086608886719,32.06608660888672,6.755086608886721,6.755086608886721,3.141,SOURCE-DERIVED invert; DERIVED DEM ground and cover,DEM-derived rim in repository THD convention,JUNCTION,
N_2175056501_84f2a28,2175056501,1,275605.91820001847,2105578.0030000056,72.86798721528689,19.03062663386134,24.746000000000002,8.751153945922852,36.183153945922854,11.437153945922852,11.437153945922852,4.017,SOURCE-DERIVED invert; DERIVED DEM ground and cover,DEM-derived rim in repository THD convention,JUNCTION,
N_2175056502_0892b71,2175056502,1,275610.8448000194,2105598.752500005,72.86803160797778,19.030814570306077,24.738,9.30762004852295,36.73962004852295,12.001620048522952,12.001620048522952,4.017,SOURCE-DERIVED invert; DERIVED DEM ground and cover,DEM-derived rim in repository THD convention,JUNCTION,
N_2175056601_3bb7f5e,2175056601,1,275617.45860001846,2105619.1383000063,72.86809206490629,19.030999407005723,24.73,12.421808242797852,39.853808242797854,15.123808242797853,15.123808242797853,4.024,SOURCE-DERIVED invert; DERIVED DEM ground and cover,DEM-derived rim in repository THD convention,JUNCTION,
N_2175056602_95648e5,2175056602,1,275622.8000000203,2105690.4000000064,72.86813457412525,19.031643583089362,24.704,9.521943092346191,36.953943092346194,12.249943092346193,12.249943092346193,4.043,SOURCE-DERIVED invert; DERIVED DEM ground and cover,DEM-derived rim in repository THD convention,JUNCTION,
N_2175056603_6c5abc0,2175056603,1,275622.90260001866,2105642.603400004,72.86814105815343,19.03121192573957,24.72,13.091257095336914,40.523257095336916,15.803257095336917,15.803257095336917,4.024,SOURCE-DERIVED invert; DERIVED DEM ground and cover,DEM-derived rim in repository THD convention,JUNCTION,
N_2175056604_bb00d99,2175056604,1,275626.1420000191,2105664.8862000043,72.86816925208618,19.031413524999476,24.712,9.521943092346191,36.953943092346194,12.241943092346194,12.241943092346194,4.015,SOURCE-DERIVED invert; DERIVED DEM ground and cover,DEM-derived rim in repository THD convention,JUNCTION,
N_2175056702_d30b2c4,2175056702,1,275610.1700000187,2105750.4311000057,72.8680077142012,19.03218436118889,24.678,7.6395745277404785,35.07157452774048,10.39357452774048,10.39357452774048,4.111,SOURCE-DERIVED invert; DERIVED DEM ground and cover,DEM-derived rim in repository THD convention,JUNCTION,
N_2175056703_276756e,2175056703,1,275619.6857000189,2105709.1138000065,72.86810284225834,19.031812252835678,24.694000000000003,7.697797775268555,35.12979777526856,10.435797775268554,10.435797775268554,4.044,SOURCE-DERIVED invert; DERIVED DEM ground and cover,DEM-derived rim in repository THD convention,JUNCTION,
N_2175056704_f77d337,2175056704,1,275622.4077000186,2105770.6740000066,72.86812159484407,19.032368523920802,24.669,7.268996238708496,34.7009962387085,10.031996238708498,10.031996238708498,4.203,SOURCE-DERIVED invert; DERIVED DEM ground and cover,DEM-derived rim in repository THD convention,JUNCTION,
N_2175056705_16f32cc,2175056705,1,275627.93880001834,2105794.2905000057,72.86817139802993,19.03258241955821,24.659000000000002,7.036932468414307,34.46893246841431,9.809932468414306,9.809932468414306,4.203,SOURCE-DERIVED invert; DERIVED DEM ground and cover,DEM-derived rim in repository THD convention,JUNCTION,
N_2175056706_5c09a05,2175056706,1,275632.0865000192,2105799.3645000053,72.86821020147897,19.032628699431445,24.657,7.036932468414307,34.46893246841431,9.811932468414309,9.811932468414309,3.5,SOURCE-DERIVED invert; DERIVED DEM ground and cover,DEM-derived rim in repository THD convention,JUNCTION,
N_2175056802_6b8fade,2175056802,1,275634.70170001953,2105801.7823000047,72.86823475785027,19.032650822175814,24.655,7.036932468414307,34.46893246841431,9.813932468414308,9.813932468414308,4.353,SOURCE-DERIVED invert; DERIVED DEM ground and cover,DEM-derived rim in repository THD convention,JUNCTION,
N_2175056803_1d35822,2175056803,1,275650.71730001894,2105809.4895000043,72.86838596064767,19.032722184469034,24.649,6.3840556144714355,33.81605561447144,9.167055614471437,9.167055614471437,4.353,SOURCE-DERIVED invert; DERIVED DEM ground and cover,DEM-derived rim in repository THD convention,JUNCTION,
N_2175056804_1f9a69c,2175056804,1,275666.5319000187,2105814.101700006,72.86853561153146,19.03276557253599,24.642,6.3840556144714355,33.81605561447144,9.174055614471438,9.174055614471438,4.093,SOURCE-DERIVED invert; DERIVED DEM ground and cover,DEM-derived rim in repository THD convention,JUNCTION,
N_2175056806_e1da8da,2175056806,1,275684.70000001846,2105815.1000000047,72.86870802891407,19.03277657999037,24.635,6.646581172943115,34.07858117294312,9.443581172943116,9.443581172943116,4.072,SOURCE-DERIVED invert; DERIVED DEM ground and cover,DEM-derived rim in repository THD convention,JUNCTION,
N_2175057001_8afca3a,2175057001,1,275713.5414000195,2105030.217100006,72.86907234743401,19.02569117033108,25.299,3.0,30.432,5.132999999999999,5.132999999999999,3.104,SOURCE-DERIVED invert; DERIVED DEM ground and cover,DEM-derived rim in repository THD convention,JUNCTION,
N_2175057002_e634b11,2175057002,1,275732.81800001895,2105029.370200007,72.86925549654505,19.025685633309415,25.286,6.068100452423096,33.5001004524231,8.214100452423096,8.214100452423096,3.247,SOURCE-DERIVED invert; DERIVED DEM ground and cover,DEM-derived rim in repository THD convention,JUNCTION,
N_2175057003_6fd4194,2175057003,1,275752.3836000194,2105028.241000006,72.86944142253378,19.025677578200714,25.274,6.068100452423096,33.5001004524231,8.226100452423097,8.226100452423097,3.351,SOURCE-DERIVED invert; DERIVED DEM ground and cover,DEM-derived rim in repository THD convention,JUNCTION,
N_2175057004_4000c58,2175057004,1,275772.5273000192,2105027.658800006,72.86963277520236,19.02567452638215,25.26,6.836017608642578,34.26801760864258,9.008017608642579,9.008017608642579,3.435,SOURCE-DERIVED invert; DERIVED DEM ground and cover,DEM-derived rim in repository THD convention,JUNCTION,
N_2175057005_ae823d7,2175057005,1,275776.572400018,2105027.3068000064,72.86967122821878,19.0256717903542,25.258000000000003,6.836017608642578,34.26801760864258,9.010017608642578,9.010017608642578,3.435,SOURCE-DERIVED invert; DERIVED DEM ground and cover,DEM-derived rim in repository THD convention,JUNCTION,
N_2175057006_b1e0fd6,2175057006,1,275791.5149000189,2105023.2655000053,72.86981358832975,19.025636928259864,25.248,4.279909133911133,31.71190913391113,6.46390913391113,6.46390913391113,3.392,SOURCE-DERIVED invert; DERIVED DEM ground and cover,DEM-derived rim in repository THD convention,JUNCTION,
N_2175057702_9de957d,2175057702,1,275782.7960000195,2105796.712200006,72.86964171130825,19.032621262606302,24.596,6.431828022003174,33.863828022003176,9.267828022003176,9.267828022003176,4.094,SOURCE-DERIVED invert; DERIVED DEM ground and cover,DEM-derived rim in repository THD convention,JUNCTION,
N_2175057801_186a472,2175057801,1,275704.10000001907,2105811.5000000056,72.86889267493257,19.03274619335445,24.627000000000002,7.0,34.432,9.805,9.805,4.058,SOURCE-DERIVED invert; DERIVED DEM ground and cover,DEM-derived rim in repository THD convention,JUNCTION,
N_2175057802_42ad562,2175057802,1,275723.7574000177,2105807.9461000054,72.86907975997694,19.03271625108126,24.62,7.0,34.432,9.812000000000001,9.812000000000001,4.063,SOURCE-DERIVED invert; DERIVED DEM ground and cover,DEM-derived rim in repository THD convention,JUNCTION,
N_2175057803_0535a5d,2175057803,1,275743.6995000183,2105804.423500005,72.86926954500657,19.032686622490594,24.612000000000002,6.71309757232666,34.14509757232666,9.53309757232666,9.53309757232666,4.078,SOURCE-DERIVED invert; DERIVED DEM ground and cover,DEM-derived rim in repository THD convention,JUNCTION,
N_2175057804_dad5bb7,2175057804,1,275763.6663000188,2105800.567900006,72.86945960291662,19.032653988957264,24.604000000000003,6.431828022003174,33.863828022003176,9.259828022003173,9.259828022003173,4.094,SOURCE-DERIVED invert; DERIVED DEM ground and cover,DEM-derived rim in repository THD convention,JUNCTION,
N_2175058001_63c365f,2175058001,1,275810.21350001864,2105018.166500006,72.86999173828656,19.025592924859517,25.235000000000003,6.137033939361572,33.569033939361574,8.334033939361571,8.334033939361571,3.42,SOURCE-DERIVED invert; DERIVED DEM ground and cover,DEM-derived rim in repository THD convention,JUNCTION,
N_2175058002_91e40e2,2175058002,1,275828.36300001934,2105013.6321000047,72.87016460888626,19.02555396027486,25.223000000000003,4.614774227142334,32.046774227142336,6.823774227142334,6.823774227142334,3.42,SOURCE-DERIVED invert; DERIVED DEM ground and cover,DEM-derived rim in repository THD convention,JUNCTION,
N_2175058003_8b5b549,2175058003,1,275844.982800019,2105009.023300006,72.87032296188221,19.025514156107647,25.212,4.614774227142334,32.046774227142336,6.834774227142336,6.834774227142336,3.538,SOURCE-DERIVED invert; DERIVED DEM ground and cover,DEM-derived rim in repository THD convention,JUNCTION,
N_2175058004_5b58a21,2175058004,1,275863.8239000188,2105004.827800005,72.87050236081035,19.025478327646635,25.199,4.48818826675415,31.92018826675415,6.721188266754147,6.721188266754147,3.591,SOURCE-DERIVED invert; DERIVED DEM ground and cover,DEM-derived rim in repository THD convention,JUNCTION,
N_2175058005_56f8f7c,2175058005,1,275883.6640000186,2105000.311100005,72.87069128319834,19.02543970747786,25.186,4.48818826675415,31.92018826675415,6.734188266754149,6.734188266754149,3.709,SOURCE-DERIVED invert; DERIVED DEM ground and cover,DEM-derived rim in repository THD convention,JUNCTION,
N_2175058701_38d3c2a,2175058701,1,275801.9010000188,2105792.523600006,72.86982362343173,19.03258552681794,24.589000000000002,6.124355792999268,33.55635579299927,8.967355792999268,8.967355792999268,4.024,SOURCE-DERIVED invert; DERIVED DEM ground and cover,DEM-derived rim in repository THD convention,JUNCTION,
N_2175058702_17677a5,2175058702,1,275821.3828000179,2105788.108500005,72.87000913984473,19.032547786510275,24.581,6.124355792999268,33.55635579299927,8.97535579299927,8.97535579299927,3.954,SOURCE-DERIVED invert; DERIVED DEM ground and cover,DEM-derived rim in repository THD convention,JUNCTION,
N_2175058703_113fc1d,2175058703,1,275824.46880001866,2105787.1889000046,72.87003855179351,19.032539819292722,24.580000000000002,6.859769821166992,34.291769821166994,9.711769821166993,9.711769821166993,3.86,SOURCE-DERIVED invert; DERIVED DEM ground and cover,DEM-derived rim in repository THD convention,JUNCTION,
N_2175058704_c7d79dd,2175058704,1,275829.58790001884,2105786.1949000056,72.8700872795311,19.032531402832916,24.578,6.859769821166992,34.291769821166994,9.713769821166995,9.713769821166995,3.86,SOURCE-DERIVED invert; DERIVED DEM ground and cover,DEM-derived rim in repository THD convention,JUNCTION,
N_2175058705_e50d357,2175058705,1,275842.82230001944,2105783.9558000066,72.87021321716195,19.032512630266385,24.573,6.317333698272705,33.74933369827271,9.176333698272707,9.176333698272707,3.869,SOURCE-DERIVED invert; DERIVED DEM ground and cover,DEM-derived rim in repository THD convention,JUNCTION,
N_2175058706_fa82e33,2175058706,1,275861.0055000193,2105780.587300007,72.87038628083891,19.03248419956926,24.565,6.478744029998779,33.91074402999878,9.34574402999878,9.34574402999878,3.877,SOURCE-DERIVED invert; DERIVED DEM ground and cover,DEM-derived rim in repository THD convention,JUNCTION,
N_2175058708_8c98a8e,2175058708,1,275879.88810001884,2105777.155800005,72.8705659935409,19.03245527631862,24.558,6.478744029998779,33.91074402999878,9.352744029998782,9.352744029998782,3.88,SOURCE-DERIVED invert; DERIVED DEM ground and cover,DEM-derived rim in repository THD convention,JUNCTION,
N_2175058901_e290b18,2175058901,1,275852.69820001896,2105976.0876000053,72.87028487528485,19.03424892665997,25.618000000000002,6.491483688354492,33.923483688354494,8.305483688354492,8.305483688354492,3.169,SOURCE-DERIVED invert; DERIVED DEM ground and cover,DEM-derived rim in repository THD convention,JUNCTION,
N_2175058902_12d11c0,2175058902,1,275852.73130001855,2105993.8661000053,72.87028314194964,19.034409494604223,25.638,6.491483688354492,33.923483688354494,8.285483688354493,8.285483688354493,3.171,SOURCE-DERIVED invert; DERIVED DEM ground and cover,DEM-derived rim in repository THD convention,JUNCTION,
N_2175058903_2dbc4b7,2175058903,1,275896.36350001825,2105966.474100005,72.87070065180744,19.034166885897484,25.57,6.480169773101807,33.91216977310181,8.342169773101809,8.342169773101809,3.169,SOURCE-DERIVED invert; DERIVED DEM ground and cover,DEM-derived rim in repository THD convention,JUNCTION,
N_2175059001_81c8bd6,2175059001,1,275922.05680001935,2105001.6614000048,72.87105570764047,19.02545610487097,25.16,5.197439193725586,32.62943919372559,7.469439193725588,7.469439193725588,3.762,SOURCE-DERIVED invert; DERIVED DEM ground and cover,DEM-derived rim in repository THD convention,JUNCTION,
N_2175059002_6309a0e,2175059002,1,275941.5911000185,2105007.695700004,72.87124051196874,19.025512740854303,25.147000000000002,5.197439193725586,32.62943919372559,7.482439193725586,7.482439193725586,3.758,SOURCE-DERIVED invert; DERIVED DEM ground and cover,DEM-derived rim in repository THD convention,JUNCTION,
N_2175059003_1db34ad,2175059003,1,275960.6429000201,2105003.428900005,72.87142191981629,19.025476290600338,25.134,8.208279609680176,35.64027960968018,10.506279609680178,10.506279609680178,3.837,SOURCE-DERIVED invert; DERIVED DEM ground and cover,DEM-derived rim in repository THD convention,JUNCTION,
N_2175059701_a9292b0,2175059701,1,275899.98090001877,2105772.7573000058,72.87075731013351,19.03241775205924,24.55,6.490686893463135,33.92268689346314,9.372686893463136,9.372686893463136,3.885,SOURCE-DERIVED invert; DERIVED DEM ground and cover,DEM-derived rim in repository THD convention,JUNCTION,
N_2175059702_e0c74a2,2175059702,1,275918.319700019,2105763.2452000063,72.87093255862523,19.032333852672718,24.542,6.502630233764648,33.93463023376465,9.392630233764649,9.392630233764649,3.898,SOURCE-DERIVED invert; DERIVED DEM ground and cover,DEM-derived rim in repository THD convention,JUNCTION,
N_2175059703_e597f83,2175059703,1,275935.8378000178,2105751.8900000066,72.87110022540573,19.032233217508708,24.534000000000002,6.0,33.432,8.898,8.898,3.898,SOURCE-DERIVED invert; DERIVED DEM ground and cover,DEM-derived rim in repository THD convention,JUNCTION,
N_2175059704_4c3691c,2175059704,1,275955.1179000186,2105747.198400005,72.87128385766499,19.032192956591786,24.526,6.8806610107421875,34.31266101074219,9.78666101074219,9.78666101074219,3.895,SOURCE-DERIVED invert; DERIVED DEM ground and cover,DEM-derived rim in repository THD convention,JUNCTION,
N_2175059705_9b17945,2175059705,1,275974.4059000187,2105746.5185000063,72.87146710313425,19.03218892755571,24.519000000000002,6.8806610107421875,34.31266101074219,9.793661010742188,9.793661010742188,3.898,SOURCE-DERIVED invert; DERIVED DEM ground and cover,DEM-derived rim in repository THD convention,JUNCTION,
N_2175059706_f764351,2175059706,1,275994.74750001857,2105746.044000005,72.87166033041892,19.03218686870289,24.511000000000003,7.150407791137695,34.5824077911377,10.071407791137695,10.071407791137695,3.919,SOURCE-DERIVED invert; DERIVED DEM ground and cover,DEM-derived rim in repository THD convention,JUNCTION,
N_2175059801_420cb31,2175059801,1,275989.37810001965,2105898.7771000066,72.87159176126477,19.03356567246042,25.43,4.482171058654785,31.914171058654784,6.484171058654784,6.484171058654784,2.271,SOURCE-DERIVED invert; DERIVED DEM ground and cover,DEM-derived rim in repository THD convention,JUNCTION,
N_2175059901_447068c,2175059901,1,275942.2356000204,2105954.667300006,72.87113763749389,19.03406527725236,25.518,6.436110496520996,33.868110496521,8.350110496520998,8.350110496520998,3.173,SOURCE-DERIVED invert; DERIVED DEM ground and cover,DEM-derived rim in repository THD convention,JUNCTION,
N_2175059902_ce6f9d9,2175059902,1,275950.1458000194,2105943.188700006,72.87121407848385,19.033962475703547,25.503,7.158509254455566,34.59050925445557,9.087509254455568,9.087509254455568,3.198,SOURCE-DERIVED invert; DERIVED DEM ground and cover,DEM-derived rim in repository THD convention,JUNCTION,
N_2175059903_4d26030,2175059903,1,275954.6047000183,2105930.339800006,72.87125790176042,19.033846920556005,25.488,5.940913200378418,33.37291320037842,7.884913200378421,7.884913200378421,3.198,SOURCE-DERIVED invert; DERIVED DEM ground and cover,DEM-derived rim in repository THD convention,JUNCTION,
N_2175059904_6e9ae3b,2175059904,1,275959.03390001843,2105909.9605000066,72.8713023098043,19.03366335221546,25.465,5.940913200378418,33.37291320037842,7.90791320037842,7.90791320037842,2.585,SOURCE-DERIVED invert; DERIVED DEM ground and cover,DEM-derived rim in repository THD convention,JUNCTION,
N_2175059905_acf40a0,2175059905,1,275973.14810001897,2105906.5092000044,72.87143674282724,19.033633727362187,25.45,5.940913200378418,33.37291320037842,7.922913200378421,7.922913200378421,2.399,SOURCE-DERIVED invert; DERIVED DEM ground and cover,DEM-derived rim in repository THD convention,JUNCTION,
N_2175068001_013d591,2175068001,1,275854.1024000195,2106050.656600005,72.87028962162718,19.03492254113237,25.7,5.378961086273193,32.810961086273196,7.110961086273196,7.110961086273196,3.095,SOURCE-DERIVED invert; DERIVED DEM ground and cover,DEM-derived rim in repository THD convention,JUNCTION,
N_2175068002_fdfa45e,2175068002,1,275856.18600001786,2106025.0657000053,72.87031235622653,19.034691648332014,25.672,6.219903469085693,33.651903469085696,7.979903469085695,7.979903469085695,3.171,SOURCE-DERIVED invert; DERIVED DEM ground and cover,DEM-derived rim in repository THD convention,JUNCTION,
N_2175068101_582c9d7,2175068101,1,275861.5963000189,2106143.450700006,72.87035010008245,19.035761420343217,26.636000000000003,11.617201805114746,39.04920180511475,12.413201805114745,12.413201805114745,1.852,SOURCE-DERIVED invert; DERIVED DEM ground and cover,DEM-derived rim in repository THD convention,JUNCTION,
N_2175068102_a2569ae,2175068102,1,275870.42420001945,2106161.3873000047,72.87043186947311,19.035924379497207,26.577,9.334611892700195,36.7666118927002,10.189611892700196,10.189611892700196,2.131,SOURCE-DERIVED invert; DERIVED DEM ground and cover,DEM-derived rim in repository THD convention,JUNCTION,
N_2175068103_b96d924,2175068103,1,275879.13890001876,2106179.572900005,72.87051253531072,19.03608957504125,26.517000000000003,9.334611892700195,36.7666118927002,10.249611892700194,10.249611892700194,2.131,SOURCE-DERIVED invert; DERIVED DEM ground and cover,DEM-derived rim in repository THD convention,JUNCTION,
N_2175068104_70afae0,2175068104,1,275883.8418000178,2106199.0654000062,72.87055495207359,19.03626613425211,26.458000000000002,13.78552532196045,41.21752532196045,14.75952532196045,14.75952532196045,2.061,SOURCE-DERIVED invert; DERIVED DEM ground and cover,DEM-derived rim in repository THD convention,JUNCTION,
N_2175068201_f019b25,2175068201,1,275891.11300001823,2106217.7590000047,72.87062185121711,19.036435759598493,26.398,6.205002307891846,33.63700230789185,7.239002307891848,7.239002307891848,2.37,SOURCE-DERIVED invert; DERIVED DEM ground and cover,DEM-derived rim in repository THD convention,JUNCTION,
N_2175068401_a94ded1,2175068401,1,275895.52770001977,2106426.407500006,72.87063974470107,19.038320626024596,25.922,2.857962131500244,30.289962131500243,4.367962131500242,4.367962131500242,1.973,SOURCE-DERIVED invert; DERIVED DEM ground and cover,DEM-derived rim in repository THD convention,JUNCTION,
N_2175068402_0fc2647,2175068402,1,275896.7068000185,2106410.1729000057,72.87065281229243,19.038174134431205,25.932000000000002,3.798710823059082,31.23071082305908,5.2987108230590785,5.2987108230590785,2.095,SOURCE-DERIVED invert; DERIVED DEM ground and cover,DEM-derived rim in repository THD convention,JUNCTION,
N_2175068403_5c04b87,2175068403,1,275897.8201000182,2106447.1956000044,72.87065912067622,19.038508622241295,25.909000000000002,2.857962131500244,30.289962131500243,4.38096213150024,4.38096213150024,1.939,SOURCE-DERIVED invert; DERIVED DEM ground and cover,DEM-derived rim in repository THD convention,JUNCTION,
N_2175069201_5896c5f,2175069201,1,275910.450900018,2106222.9530000053,72.87080489873279,19.036484786547156,26.339000000000002,6.205002307891846,33.63700230789185,7.298002307891846,7.298002307891846,2.37,SOURCE-DERIVED invert; DERIVED DEM ground and cover,DEM-derived rim in repository THD convention,JUNCTION,
N_2175069202_85aea02,2175069202,1,275928.9210000187,2106228.1769000045,72.87097970171382,19.036533988328717,26.282,6.991013050079346,34.42301305007935,8.141013050079348,8.141013050079348,2.186,SOURCE-DERIVED invert; DERIVED DEM ground and cover,DEM-derived rim in repository THD convention,JUNCTION,
N_2175069203_3db040e,2175069203,1,275948.8084000191,2106230.662300006,72.87116827978224,19.036558612720736,26.223000000000003,9.289651870727539,36.72165187072754,10.498651870727539,10.498651870727539,2.186,SOURCE-DERIVED invert; DERIVED DEM ground and cover,DEM-derived rim in repository THD convention,JUNCTION,
N_2175069204_96cf5bb,2175069204,1,275968.45920001937,2106232.685000006,72.87135466428376,19.03657903219983,26.164,9.289651870727539,36.72165187072754,10.55765187072754,10.55765187072754,2.084,SOURCE-DERIVED invert; DERIVED DEM ground and cover,DEM-derived rim in repository THD convention,JUNCTION,
N_2175069205_6da8ed3,2175069205,1,275979.4481000182,2106267.400100006,72.87145502566798,19.036893760652298,26.046000000000003,4.301732540130615,31.733732540130614,5.687732540130611,5.687732540130611,1.751,SOURCE-DERIVED invert; DERIVED DEM ground and cover,DEM-derived rim in repository THD convention,JUNCTION,
N_2175069206_4b58843,2175069206,1,275988.464900019,2106232.2462000065,72.87154470260067,19.03657725960556,26.105,10.758015632629395,38.1900156326294,12.085015632629396,12.085015632629396,2.093,SOURCE-DERIVED invert; DERIVED DEM ground and cover,DEM-derived rim in repository THD convention,JUNCTION,
N_2175069301_8b6ee25,2175069301,1,275902.36820001935,2106396.1130000055,72.87070819670159,19.038047774331297,25.941000000000003,3.798710823059082,31.23071082305908,5.289710823059078,5.289710823059078,2.095,SOURCE-DERIVED invert; DERIVED DEM ground and cover,DEM-derived rim in repository THD convention,JUNCTION,
N_2175069302_7a1f9a4,2175069302,1,275923.144500019,2106380.496400006,72.87090730281497,19.03790901054515,25.957,2.2808938026428223,29.71289380264282,3.75589380264282,3.75589380264282,1.952,SOURCE-DERIVED invert; DERIVED DEM ground and cover,DEM-derived rim in repository THD convention,JUNCTION,
N_2175069303_18fccdc,2175069303,1,275952.7326000184,2106375.2422000053,72.87118889882689,19.03786479823809,25.976000000000003,2.670435667037964,30.102435667037962,4.12643566703796,4.12643566703796,1.928,SOURCE-DERIVED invert; DERIVED DEM ground and cover,DEM-derived rim in repository THD convention,JUNCTION,
N_2175069304_a1e385d,2175069304,1,275958.0501000184,2106352.533000005,72.87124201272874,19.03766028516417,25.991,3.8738837242126465,31.305883724212645,5.314883724212645,5.314883724212645,1.907,SOURCE-DERIVED invert; DERIVED DEM ground and cover,DEM-derived rim in repository THD convention,JUNCTION,
N_2175069305_4aaab73,2175069305,1,275968.1476000191,2106338.0727000046,72.87133957107511,19.03753079440782,26.001,3.8738837242126465,31.305883724212645,5.304883724212644,5.304883724212644,2.206,SOURCE-DERIVED invert; DERIVED DEM ground and cover,DEM-derived rim in repository THD convention,JUNCTION,
N_2175069306_d1c3ac8,2175069306,1,275970.9273000183,2106326.518300006,72.87136729951457,19.037426746609615,26.009,5.044739246368408,32.47673924636841,6.46773924636841,6.46773924636841,2.206,SOURCE-DERIVED invert; DERIVED DEM ground and cover,DEM-derived rim in repository THD convention,JUNCTION,
N_2175069307_747ab8b,2175069307,1,275977.7095000185,2106300.1520000063,72.87143474390581,19.03718936515404,26.026,3.3380472660064697,30.77004726600647,4.7440472660064685,4.7440472660064685,1.814,SOURCE-DERIVED invert; DERIVED DEM ground and cover,DEM-derived rim in repository THD convention,JUNCTION,
N_2175069401_f1428c9,2175069401,1,275902.9209000194,2106474.2136000055,72.87070444990643,19.038753190642122,25.892000000000003,3.107844114303589,30.539844114303587,4.6478441143035845,4.6478441143035845,2.024,SOURCE-DERIVED invert; DERIVED DEM ground and cover,DEM-derived rim in repository THD convention,JUNCTION,
N_2175069501_37d2164,2175069501,1,275907.664900019,2106503.7492000046,72.870746100785,19.03902045734353,25.873,4.0,31.432,5.5589999999999975,5.5589999999999975,2.075,SOURCE-DERIVED invert; DERIVED DEM ground and cover,DEM-derived rim in repository THD convention,JUNCTION,
N_2175069502_4982e52,2175069502,1,275911.5093000183,2106524.5169000044,72.87078021830553,19.03920843931666,25.86,3.786489725112915,31.218489725112914,5.358489725112914,5.358489725112914,2.105,SOURCE-DERIVED invert; DERIVED DEM ground and cover,DEM-derived rim in repository THD convention,JUNCTION,
N_2175069503_212797f,2175069503,1,275919.8011000182,2106573.8640000056,72.87085328035649,19.039655019691345,25.829,3.0,30.432,4.602999999999998,4.602999999999998,2.105,SOURCE-DERIVED invert; DERIVED DEM ground and cover,DEM-derived rim in repository THD convention,JUNCTION,
N_2175069601_259bb03,2175069601,1,275925.2589000191,2106609.968400005,72.87090095381787,19.03998168985633,25.805,4.192195892333984,31.624195892333983,5.819195892333983,5.819195892333983,2.086,SOURCE-DERIVED invert; DERIVED DEM ground and cover,DEM-derived rim in repository THD convention,JUNCTION,
N_2175069602_c4e977a,2175069602,1,275948.2297000184,2106616.114900006,72.87111839673193,19.040039717173958,25.792,3.771056652069092,31.20305665206909,5.411056652069089,5.411056652069089,2.086,SOURCE-DERIVED invert; DERIVED DEM ground and cover,DEM-derived rim in repository THD convention,JUNCTION,
N_2175069603_96da065,2175069603,1,275965.59020001907,2106621.4596000058,72.87128265179788,19.040089888484317,25.781000000000002,3.771056652069092,31.20305665206909,5.422056652069088,5.422056652069088,2.572,SOURCE-DERIVED invert; DERIVED DEM ground and cover,DEM-derived rim in repository THD convention,JUNCTION,
N_2175069604_cab0d52,2175069604,1,275994.5072000169,2106630.4057000056,72.87155624305584,19.040173850751614,25.762,3.216092109680176,30.648092109680174,4.886092109680174,4.886092109680174,2.572,SOURCE-DERIVED invert; DERIVED DEM ground and cover,DEM-derived rim in repository THD convention,JUNCTION,
N_2175070301_9c1479a,2175070301,0,275006.90000001993,2107383.600000006,72.8620899520125,19.046867805927853,24.900000000000002,8.0,35.432,10.532,10.532,2.0,SOURCE-DERIVED invert; DERIVED DEM ground and cover,DEM-derived rim in repository THD convention,JUNCTION,
N_2175070401_4d9fc13,2175070401,0,275002.56990001973,2107450.513300006,72.86204108585977,19.0474716445794,25.13,9.0,36.432,11.302000000000003,11.302000000000003,1.2,SOURCE-DERIVED invert; DERIVED DEM ground and cover,DEM-derived rim in repository THD convention,JUNCTION,
N_2175070402_8dbe0be,2175070402,0,275004.6363000205,2107447.5614000056,72.862061052522,19.047445212410295,25.089000000000002,9.0,36.432,11.343,11.343,1.2,SOURCE-DERIVED invert; DERIVED DEM ground and cover,DEM-derived rim in repository THD convention,JUNCTION,
N_2175070403_84204fd,2175070403,0,275014.3827000195,2107426.7957000057,72.86215601907637,19.04725874320501,24.917,8.54532527923584,35.97732527923584,11.06032527923584,11.06032527923584,2.0,SOURCE-DERIVED invert; DERIVED DEM ground and cover,DEM-derived rim in repository THD convention,JUNCTION,
N_2175070404_d9a38a9,2175070404,0,275017.62500001927,2107447.856600006,72.8621843752139,19.047449307567927,25.12,9.0,36.432,11.312000000000001,11.312000000000001,1.2,SOURCE-DERIVED invert; DERIVED DEM ground and cover,DEM-derived rim in repository THD convention,JUNCTION,
N_2175070405_68ed85f,2175070405,0,275018.2154000193,2107440.7718000053,72.86219080209773,19.047385387462406,25.082,9.0,36.432,11.350000000000001,11.350000000000001,1.2,SOURCE-DERIVED invert; DERIVED DEM ground and cover,DEM-derived rim in repository THD convention,JUNCTION,
N_2175070406_1bab45b,2175070406,0,275038.1000000186,2107424.500000005,72.86238153340658,19.047240619362288,24.916,7.947871208190918,35.37987120819092,10.46387120819092,10.46387120819092,2.0,SOURCE-DERIVED invert; DERIVED DEM ground and cover,DEM-derived rim in repository THD convention,JUNCTION,
N_2175070407_e8e2341,2175070407,0,275061.90480001946,2107499.8115000064,72.86259890123203,19.047923400146946,25.046000000000003,6.586129665374756,34.01812966537476,8.972129665374755,8.972129665374755,1.2,SOURCE-DERIVED invert; DERIVED DEM ground and cover,DEM-derived rim in repository THD convention,JUNCTION,
N_2175070408_a181526,2175070408,0,275068.20000001916,2107467.000000006,72.86266248400112,19.0476277615575,24.915000000000003,9.0,36.432,11.517,11.517,2.0,SOURCE-DERIVED invert; DERIVED DEM ground and cover,DEM-derived rim in repository THD convention,JUNCTION,
N_2175070409_84c2fcd,2175070409,0,275079.02630002063,2107494.4979000054,72.8627621234478,19.04787729472281,25.038,6.856196880340576,34.28819688034058,9.250196880340578,9.250196880340578,1.2,SOURCE-DERIVED invert; DERIVED DEM ground and cover,DEM-derived rim in repository THD convention,JUNCTION,
N_2175070410_8f0c9a5,2175070410,0,275082.20000001905,2107487.0000000056,72.86279313222347,19.04780992789386,24.914,9.0,36.432,11.518,11.518,2.0,SOURCE-DERIVED invert; DERIVED DEM ground and cover,DEM-derived rim in repository THD convention,JUNCTION,
N_2175070501_f4fe85c,2175070501,0,275060.7240000197,2107504.829800006,72.86258710632481,19.04796859211157,25.076,6.586129665374756,34.01812966537476,8.942129665374758,8.942129665374758,1.2,SOURCE-DERIVED invert; DERIVED DEM ground and cover,DEM-derived rim in repository THD convention,JUNCTION,
N_2175070502_c0ceb77,2175070502,0,275078.1407000205,2107501.287400005,72.86275292730396,19.047938515444994,25.064,6.856196880340576,34.28819688034058,9.224196880340578,9.224196880340578,1.2,SOURCE-DERIVED invert; DERIVED DEM ground and cover,DEM-derived rim in repository THD convention,JUNCTION,
N_2175071501_8c121c1,2175071501,0,275106.50000001944,2107525.0000000056,72.86301952083487,19.04815579078071,24.913,6.803658485412598,34.2356584854126,9.3226584854126,9.3226584854126,2.0,SOURCE-DERIVED invert; DERIVED DEM ground and cover,DEM-derived rim in repository THD convention,JUNCTION,
N_2175071502_750157c,2175071502,0,275110.8000000194,2107535.000000006,72.86305920259984,19.048246576911083,25.035,6.803658485412598,34.2356584854126,9.2006584854126,9.2006584854126,1.2,SOURCE-DERIVED invert; DERIVED DEM ground and cover,DEM-derived rim in repository THD convention,JUNCTION,
N_2175071503_d5a15da,2175071503,0,275114.5000000192,2107539.000000005,72.86309387996495,19.048283109127333,24.913,6.803658485412598,34.2356584854126,9.3226584854126,9.3226584854126,2.0,SOURCE-DERIVED invert; DERIVED DEM ground and cover,DEM-derived rim in repository THD convention,JUNCTION,
N_2175071504_c1c406c,2175071504,0,275133.000000019,2107567.000000005,72.86326634182569,19.04853802069715,24.912000000000003,6.0,33.432,8.52,8.52,2.0,SOURCE-DERIVED invert; DERIVED DEM ground and cover,DEM-derived rim in repository THD convention,JUNCTION,
N_2175071505_78c1093,2175071505,0,275136.1000000194,2107575.000000005,72.86329485831368,19.048610612183165,25.005000000000003,6.0,33.432,8.427,8.427,1.2,SOURCE-DERIVED invert; DERIVED DEM ground and cover,DEM-derived rim in repository THD convention,JUNCTION,
N_2175071506_a87c352,2175071506,0,275138.0000000192,2107576.0000000056,72.86331278756914,19.04861985245305,24.989,6.0,33.432,8.443000000000001,8.443000000000001,1.2,SOURCE-DERIVED invert; DERIVED DEM ground and cover,DEM-derived rim in repository THD convention,JUNCTION,
N_2175071507_51e3c7d,2175071507,0,275143.90000001894,2107586.000000006,72.86336766530083,19.0487108144957,24.997,4.420265197753906,31.852265197753905,6.855265197753905,6.855265197753905,1.2,SOURCE-DERIVED invert; DERIVED DEM ground and cover,DEM-derived rim in repository THD convention,JUNCTION,
N_2175071508_fabf2b9,2175071508,0,275145.9000000199,2107585.0000000065,72.86338677559102,19.048702003114272,24.911,4.420265197753906,31.852265197753905,6.9412651977539035,6.9412651977539035,2.0,SOURCE-DERIVED invert; DERIVED DEM ground and cover,DEM-derived rim in repository THD convention,JUNCTION,
N_2175071509_79b494c,2175071509,0,275147.40000002005,2107589.0000000056,72.86340055900342,19.048738293353157,24.981,4.420265197753906,31.852265197753905,6.871265197753903,6.871265197753903,1.2,SOURCE-DERIVED invert; DERIVED DEM ground and cover,DEM-derived rim in repository THD convention,JUNCTION,
N_2175071510_7efd3c0,2175071510,0,275152.9000000202,2107598.0000000056,72.86345175352653,19.04882018006887,24.987000000000002,4.420265197753906,31.852265197753905,6.865265197753903,6.865265197753903,1.2,SOURCE-DERIVED invert; DERIVED DEM ground and cover,DEM-derived rim in repository THD convention,JUNCTION,
N_2175071511_3a37a05,2175071511,0,275154.50000001997,2107599.000000005,72.86346683361445,19.04882938733658,24.976000000000003,6.518839359283447,33.95083935928345,8.974839359283447,8.974839359283447,1.2,SOURCE-DERIVED invert; DERIVED DEM ground and cover,DEM-derived rim in repository THD convention,JUNCTION,
N_2175071601_1daef95,2175071601,0,275157.4000000205,2107602.0000000056,72.86349402895719,19.04885680020115,24.91,6.518839359283447,33.95083935928345,9.04083935928345,9.04083935928345,2.0,SOURCE-DERIVED invert; DERIVED DEM ground and cover,DEM-derived rim in repository THD convention,JUNCTION,
N_2175071602_0c8f1e8,2175071602,0,275172.90000001993,2107628.0000000056,72.86363823119083,19.049093318980837,24.959,5.8924078941345215,33.324407894134524,8.365407894134524,8.365407894134524,1.2,SOURCE-DERIVED invert; DERIVED DEM ground and cover,DEM-derived rim in repository THD convention,JUNCTION,
N_2175071603_8dc18e1,2175071603,0,275173.8000000196,2107631.000000006,72.86364643190622,19.049120511910658,24.963,5.8924078941345215,33.324407894134524,8.361407894134523,8.361407894134523,1.2,SOURCE-DERIVED invert; DERIVED DEM ground and cover,DEM-derived rim in repository THD convention,JUNCTION,
N_2175071604_2d47f2b,2175071604,0,275175.40000002086,2107630.0000000056,72.86366174329497,19.049111656520864,24.91,5.8924078941345215,33.324407894134524,8.414407894134524,8.414407894134524,2.0,SOURCE-DERIVED invert; DERIVED DEM ground and cover,DEM-derived rim in repository THD convention,JUNCTION,
N_2175071605_c6a5b1f,2175071605,0,275180.9000000204,2107640.0000000056,72.86371282241981,19.04920257450741,24.952,5.8924078941345215,33.324407894134524,8.372407894134522,8.372407894134522,1.2,SOURCE-DERIVED invert; DERIVED DEM ground and cover,DEM-derived rim in repository THD convention,JUNCTION,
N_2175071606_ca8b12d,2175071606,0,275184.30000001984,2107647.000000005,72.86374430402736,19.049266167613006,24.951,4.480391502380371,31.91239150238037,6.961391502380369,6.961391502380369,1.2,SOURCE-DERIVED invert; DERIVED DEM ground and cover,DEM-derived rim in repository THD convention,JUNCTION,
N_2175071607_b6a3eed,2175071607,0,275186.5000000193,2107646.0000000056,72.86376531384003,19.049257378187896,24.909000000000002,4.480391502380371,31.91239150238037,7.003391502380367,7.003391502380367,2.0,SOURCE-DERIVED invert; DERIVED DEM ground and cover,DEM-derived rim in repository THD convention,JUNCTION,
N_2175071608_7ffb2e9,2175071608,0,275197.50000001944,2107664.0000000056,72.86386770357767,19.04942115146428,24.938000000000002,4.480391502380371,31.91239150238037,6.974391502380367,6.974391502380367,1.2,SOURCE-DERIVED invert; DERIVED DEM ground and cover,DEM-derived rim in repository THD convention,JUNCTION,
N_2175071609_593447b,2175071609,0,275199.300000019,2107670.0000000056,72.86388410510845,19.049475537311967,24.933,4.480391502380371,31.91239150238037,6.97939150238037,6.97939150238037,1.2,SOURCE-DERIVED invert; DERIVED DEM ground and cover,DEM-derived rim in repository THD convention,JUNCTION,
N_2175072601_051aaa0,2175072601,0,275201.80000001984,2107668.000000006,72.8639080797743,19.049457749533417,24.908,4.480391502380371,31.91239150238037,7.0043915023803685,7.0043915023803685,2.0,SOURCE-DERIVED invert; DERIVED DEM ground and cover,DEM-derived rim in repository THD convention,JUNCTION,
N_2175072602_1e7e833,2175072602,0,275218.60000001884,2107695.0000000056,72.86406451404311,19.049703442329697,24.907,7.0,34.432,9.525000000000002,9.525000000000002,2.0,SOURCE-DERIVED invert; DERIVED DEM ground and cover,DEM-derived rim in repository THD convention,JUNCTION,
N_2175072701_710e208,2175072701,0,275233.10000001907,2107718.000000006,72.86419956716156,19.04991275688456,24.906000000000002,5.963860988616943,33.395860988616946,8.489860988616943,8.489860988616943,2.0,SOURCE-DERIVED invert; DERIVED DEM ground and cover,DEM-derived rim in repository THD convention,JUNCTION,
N_2175072702_37bf34c,2175072702,0,275240.1000000187,2107731.300000006,72.86426451140194,19.0500336430381,24.900000000000002,5.963860988616943,33.395860988616946,8.495860988616943,8.495860988616943,1.2,SOURCE-DERIVED invert; DERIVED DEM ground and cover,DEM-derived rim in repository THD convention,JUNCTION,
N_2175072703_952eb1d,2175072703,0,275242.1000000192,2107737.0000000056,72.86428284726739,19.050085341454267,24.883000000000003,7.534883975982666,34.96688397598267,10.083883975982666,10.083883975982666,1.2,SOURCE-DERIVED invert; DERIVED DEM ground and cover,DEM-derived rim in repository THD convention,JUNCTION,
N_2175072704_9daec82,2175072704,0,275249.40000001795,2107743.1000000057,72.86435147317707,19.050141235023368,24.906000000000002,7.543655872344971,34.97565587234497,10.06965587234497,10.06965587234497,2.0,SOURCE-DERIVED invert; DERIVED DEM ground and cover,DEM-derived rim in repository THD convention,JUNCTION,
N_2175072705_8f09004,2175072705,0,275257.30000001896,2107760.000000005,72.86442454912878,19.050294732845536,24.866,7.543655872344971,34.97565587234497,10.109655872344973,10.109655872344973,1.2,SOURCE-DERIVED invert; DERIVED DEM ground and cover,DEM-derived rim in repository THD convention,JUNCTION,
N_2175072706_79fbf9a,2175072706,0,275258.4000000195,2107759.5000000056,72.86443505408936,19.050290338099586,24.883000000000003,7.543655872344971,34.97565587234497,10.09265587234497,10.09265587234497,1.2,SOURCE-DERIVED invert; DERIVED DEM ground and cover,DEM-derived rim in repository THD convention,JUNCTION,
N_2175072707_84cec8d,2175072707,0,275265.7000000199,2107768.0000000056,72.86450340270751,19.05036790680712,24.905,9.387895584106445,36.81989558410645,11.914895584106446,11.914895584106446,2.0,SOURCE-DERIVED invert; DERIVED DEM ground and cover,DEM-derived rim in repository THD convention,JUNCTION,
N_2175072708_ca64e28,2175072708,0,275273.2000000203,2107782.000000005,72.8645730151236,19.05049516977464,24.87,9.387895584106445,36.81989558410645,11.949895584106446,11.949895584106446,1.2,SOURCE-DERIVED invert; DERIVED DEM ground and cover,DEM-derived rim in repository THD convention,JUNCTION,
N_2175072709_266a0a7,2175072709,0,275274.00000002014,2107786.0000000056,72.86458015070588,19.05053138301537,24.847,9.387895584106445,36.81989558410645,11.972895584106446,11.972895584106446,1.2,SOURCE-DERIVED invert; DERIVED DEM ground and cover,DEM-derived rim in repository THD convention,JUNCTION,
N_2175072710_2e6e580,2175072710,0,275276.20000001986,2107785.000000005,72.86460116065139,19.050522593507385,24.904,6.480205535888672,33.912205535888674,9.008205535888674,9.008205535888674,2.0,SOURCE-DERIVED invert; DERIVED DEM ground and cover,DEM-derived rim in repository THD convention,JUNCTION,
N_2175072801_998391b,2175072801,0,275257.70000001916,2107848.400000006,72.86441812900708,19.051093145986226,26.0,7.509220123291016,34.94122012329102,8.941220123291018,8.941220123291018,0.45,SOURCE-DERIVED invert; DERIVED DEM ground and cover,DEM-derived rim in repository THD convention,JUNCTION,
N_2175072802_152819b,2175072802,0,275267.4000000217,2107865.2000000044,72.86450831235989,19.051245938548597,26.0,6.525439262390137,33.95743926239014,7.957439262390139,7.957439262390139,0.75,SOURCE-DERIVED invert; DERIVED DEM ground and cover,DEM-derived rim in repository THD convention,JUNCTION,
N_2175072803_33cc2e8,2175072803,0,275277.2000000202,2107833.6000000047,72.8646050403682,19.05096162589228,25.76,6.995218276977539,34.42721827697754,8.66721827697754,8.66721827697754,0.45,SOURCE-DERIVED invert; DERIVED DEM ground and cover,DEM-derived rim in repository THD convention,JUNCTION,
N_2175072804_3c7464c,2175072804,0,275289.00000002095,2107810.0000000056,72.86471983820977,19.050749783586877,24.829,6.0,33.432,8.603000000000002,8.603000000000002,1.2,SOURCE-DERIVED invert; DERIVED DEM ground and cover,DEM-derived rim in repository THD convention,JUNCTION,
N_2175072805_803fd58,2175072805,0,275291.1000000177,2107808.0000000056,72.86474001401736,19.050731951746737,24.855,6.0,33.432,8.577000000000002,8.577000000000002,1.2,SOURCE-DERIVED invert; DERIVED DEM ground and cover,DEM-derived rim in repository THD convention,JUNCTION,
N_2175072806_ae31b2b,2175072806,0,275295.9000000197,2107842.900000006,72.86478156793852,19.05104767264019,25.659000000000002,6.995218276977539,34.42721827697754,8.768218276977539,8.768218276977539,0.75,SOURCE-DERIVED invert; DERIVED DEM ground and cover,DEM-derived rim in repository THD convention,JUNCTION,
N_2175072807_e0f5def,2175072807,0,275298.3000000191,2107817.5000000056,72.86480729762278,19.05081854070607,24.903000000000002,6.0,33.432,8.529,8.529,2.0,SOURCE-DERIVED invert; DERIVED DEM ground and cover,DEM-derived rim in repository THD convention,JUNCTION,
N_2175073701_580e9c8,2175073701,0,275334.5882000195,2107780.4717000043,72.86515622212478,19.050488113959346,26.0,6.292608261108398,33.7246082611084,7.724608261108401,7.724608261108401,0.75,SOURCE-DERIVED invert; DERIVED DEM ground and cover,DEM-derived rim in repository THD convention,JUNCTION,
N_2175073702_85bbd7f,2175073702,0,275347.0000000192,2107795.300000007,72.86527238893446,19.050623397112485,25.95,4.523352146148682,31.95535214614868,6.005352146148681,6.005352146148681,0.75,SOURCE-DERIVED invert; DERIVED DEM ground and cover,DEM-derived rim in repository THD convention,JUNCTION,
N_2175073801_2ac2d4e,2175073801,0,275304.8631000187,2107836.314700006,72.86486745578945,19.050989183757746,24.810000000000002,6.995218276977539,34.42721827697754,9.617218276977539,9.617218276977539,1.2,SOURCE-DERIVED invert; DERIVED DEM ground and cover,DEM-derived rim in repository THD convention,JUNCTION,
N_2175073802_d6996a1,2175073802,0,275306.78190001997,2107834.395800005,72.86488590130146,19.0509720644291,24.84,6.929770469665527,34.36177046966553,9.52177046966553,9.52177046966553,1.2,SOURCE-DERIVED invert; DERIVED DEM ground and cover,DEM-derived rim in repository THD convention,JUNCTION,
N_2175073803_ddcc79a,2175073803,0,275307.87590001913,2107846.8839000054,72.86489484818462,19.05108496879097,24.803,6.929770469665527,34.36177046966553,9.558770469665529,9.558770469665529,1.2,SOURCE-DERIVED invert; DERIVED DEM ground and cover,DEM-derived rim in repository THD convention,JUNCTION,
N_2175073804_b4a0350,2175073804,0,275308.8926000194,2107832.093200005,72.8649062137189,19.050951500868177,24.903000000000002,6.929770469665527,34.36177046966553,9.458770469665527,9.458770469665527,2.0,SOURCE-DERIVED invert; DERIVED DEM ground and cover,DEM-derived rim in repository THD convention,JUNCTION,
N_2175073805_aa7927e,2175073805,0,275309.84140001907,2107846.2288000067,72.86491359117187,19.05107926838536,24.834,6.929770469665527,34.36177046966553,9.52777046966553,9.52777046966553,1.2,SOURCE-DERIVED invert; DERIVED DEM ground and cover,DEM-derived rim in repository THD convention,JUNCTION,
N_2175073806_4275dcb,2175073806,0,275312.3466000208,2107821.1558000054,72.8649402820259,19.050853101222312,25.437,5.849087238311768,33.28108723831177,7.844087238311769,7.844087238311769,0.6,SOURCE-DERIVED invert; DERIVED DEM ground and cover,DEM-derived rim in repository THD convention,JUNCTION,
N_2175073808_04533b2,2175073808,0,275316.00000002014,2107846.0000000056,72.86497210872007,19.05107787886297,24.902,6.929770469665527,34.36177046966553,9.459770469665528,9.459770469665528,2.5,SOURCE-DERIVED invert; DERIVED DEM ground and cover,DEM-derived rim in repository THD convention,JUNCTION,
N_2175073809_2498253,2175073809,0,275332.00000001985,2107872.000000005,72.8651210634978,19.05131445177292,24.817,8.843770980834961,36.27577098083496,11.458770980834963,11.458770980834963,2.5,SOURCE-DERIVED invert; DERIVED DEM ground and cover,DEM-derived rim in repository THD convention,JUNCTION,
N_2175073810_89d8f3d,2175073810,0,275336.6000000192,2107869.1000000047,72.86516508705355,19.05128876642824,25.3,6.885767459869385,34.31776745986939,9.017767459869386,9.017767459869386,2.3,SOURCE-DERIVED invert; DERIVED DEM ground and cover,DEM-derived rim in repository THD convention,JUNCTION,
N_2175073811_d470391,2175073811,0,275348.0000000206,2107894.0000000056,72.86527048091592,19.05151489927952,24.777,6.552601337432861,33.98460133743286,9.207601337432862,9.207601337432862,2.5,SOURCE-DERIVED invert; DERIVED DEM ground and cover,DEM-derived rim in repository THD convention,JUNCTION,
N_2175073812_8987809,2175073812,0,275363.91930001986,2107815.692200005,72.8654307228057,19.05080942490247,25.882,4.523352146148682,31.95535214614868,6.073352146148679,6.073352146148679,0.75,SOURCE-DERIVED invert; DERIVED DEM ground and cover,DEM-derived rim in repository THD convention,JUNCTION,
N_2175073813_2280a90,2175073813,0,275383.50000002014,2107880.8000000063,72.86560916716134,19.051399586419308,26.900000000000002,6.0447678565979,33.4767678565979,6.5767678565979,6.5767678565979,1.0,SOURCE-DERIVED invert; DERIVED DEM ground and cover,DEM-derived rim in repository THD convention,JUNCTION,
N_2175073814_48391e8,2175073814,0,275394.5231000191,2107872.7920000046,72.86571478415357,19.0513284745874,27.0,6.0447678565979,33.4767678565979,6.4767678565979026,6.4767678565979026,1.0,SOURCE-DERIVED invert; DERIVED DEM ground and cover,DEM-derived rim in repository THD convention,JUNCTION,
N_2175073901_9145a17,2175073901,0,275355.538700021,2107918.460000006,72.8653392531556,19.051736634009842,24.749000000000002,6.534997463226318,33.96699746322632,9.217997463226318,9.217997463226318,1.2,SOURCE-DERIVED invert; DERIVED DEM ground and cover,DEM-derived rim in repository THD convention,JUNCTION,
N_2175073902_19ccc16,2175073902,0,275356.80650001846,2107901.367100006,72.86535326929324,19.05158240170191,25.2,6.552601337432861,33.98460133743286,8.784601337432864,8.784601337432864,2.4,SOURCE-DERIVED invert; DERIVED DEM ground and cover,DEM-derived rim in repository THD convention,JUNCTION,
N_2175073903_f8e6892,2175073903,0,275357.1766000187,2107917.3135000053,72.86535494160941,19.051726459571253,24.793000000000003,6.534997463226318,33.96699746322632,9.173997463226318,9.173997463226318,1.2,SOURCE-DERIVED invert; DERIVED DEM ground and cover,DEM-derived rim in repository THD convention,JUNCTION,
N_2175073904_ed10976,2175073904,0,275364.00000001886,2107920.0000000047,72.8654194364667,19.051751472017315,24.753,6.534997463226318,33.96699746322632,9.21399746322632,9.21399746322632,2.5,SOURCE-DERIVED invert; DERIVED DEM ground and cover,DEM-derived rim in repository THD convention,JUNCTION,
N_2175073905_bf65de7,2175073905,0,275366.3000000194,2107917.700000005,72.8654415465078,19.051730952683897,25.1,6.534997463226318,33.96699746322632,8.866997463226319,8.866997463226319,2.4,SOURCE-DERIVED invert; DERIVED DEM ground and cover,DEM-derived rim in repository THD convention,JUNCTION,
N_2175073906_12957fb,2175073906,0,275379.0000000199,2107944.000000005,72.86555912598874,19.05196987213291,24.732000000000003,7.0,34.432,9.7,9.7,2.5,SOURCE-DERIVED invert; DERIVED DEM ground and cover,DEM-derived rim in repository THD convention,JUNCTION,
N_2175073907_ad52ae9,2175073907,0,275381.60000001825,2107942.8000000063,72.86558395820208,19.051959320210862,24.95,7.0,34.432,9.482000000000003,9.482000000000003,2.5,SOURCE-DERIVED invert; DERIVED DEM ground and cover,DEM-derived rim in repository THD convention,JUNCTION,
N_2175073908_23bff7a,2175073908,0,275388.1328000191,2107969.8900000066,72.86564287353903,19.05220469675332,24.71,7.0,34.432,9.722000000000001,9.722000000000001,1.2,SOURCE-DERIVED invert; DERIVED DEM ground and cover,DEM-derived rim in repository THD convention,JUNCTION,
N_2175073909_d0a8222,2175073909,0,275389.44320001954,2107968.4159000055,72.86565548943344,19.052191527644673,24.764000000000003,7.0,34.432,9.668,9.668,1.2,SOURCE-DERIVED invert; DERIVED DEM ground and cover,DEM-derived rim in repository THD convention,JUNCTION,
N_2175073910_386bb70,2175073910,0,275396.26460002083,2107963.978400005,72.86572078863227,19.0521522005798,24.900000000000002,7.0,34.432,9.532,9.532,2.5,SOURCE-DERIVED invert; DERIVED DEM ground and cover,DEM-derived rim in repository THD convention,JUNCTION,
N_2175074801_973af67,2175074801,0,275403.861000019,2107866.045200005,72.86580425019424,19.051268567869023,25.717000000000002,5.099237442016602,32.531237442016604,6.814237442016601,6.814237442016601,0.75,SOURCE-DERIVED invert; DERIVED DEM ground and cover,DEM-derived rim in repository THD convention,JUNCTION,
N_2175074802_d9b7c65,2175074802,0,275428.4208000204,2107899.6891000047,72.86603362003936,19.05157511514964,25.61,3.0,30.432,4.821999999999999,4.821999999999999,0.75,SOURCE-DERIVED invert; DERIVED DEM ground and cover,DEM-derived rim in repository THD convention,JUNCTION,
N_2175074803_e708231,2175074803,0,275467.00000002,2107882.0000000056,72.86640206921558,19.051419596465788,25.193,1.4450870752334595,28.877087075233458,3.6840870752334567,3.6840870752334567,2.5,SOURCE-DERIVED invert; DERIVED DEM ground and cover,DEM-derived rim in repository THD convention,JUNCTION,
N_2175074804_ffe6192,2175074804,0,275477.00000001735,2107878.0000000056,72.86649750615248,19.051384569386347,25.21,1.4450870752334595,28.877087075233458,3.6670870752334572,3.6670870752334572,2.5,SOURCE-DERIVED invert; DERIVED DEM ground and cover,DEM-derived rim in repository THD convention,JUNCTION,
N_2175074901_c32ef09,2175074901,0,275404.9000000182,2107917.300000006,72.86580819657546,19.051731581172664,26.5,6.578024387359619,34.01002438735962,7.510024387359621,7.510024387359621,1.2,SOURCE-DERIVED invert; DERIVED DEM ground and cover,DEM-derived rim in repository THD convention,JUNCTION,
N_2175074902_89f2072,2175074902,0,275409.2000000201,2107990.000000005,72.8658406366524,19.05238863144756,24.692,7.567358016967773,34.999358016967776,10.307358016967775,10.307358016967775,2.6,SOURCE-DERIVED invert; DERIVED DEM ground and cover,DEM-derived rim in repository THD convention,JUNCTION,
N_2175074903_d03494a,2175074903,0,275419.7621000195,2107905.7686000057,72.86595068168772,19.05162906997337,26.6,6.264244556427002,33.696244556427004,7.096244556427003,7.096244556427003,1.0,SOURCE-DERIVED invert; DERIVED DEM ground and cover,DEM-derived rim in repository THD convention,JUNCTION,
N_2175074904_ab68ada,2175074904,0,275451.20000001974,2107930.6000000043,72.86624639509891,19.0518567839987,25.511000000000003,4.572335720062256,32.00433572006226,6.493335720062255,6.493335720062255,0.75,SOURCE-DERIVED invert; DERIVED DEM ground and cover,DEM-derived rim in repository THD convention,JUNCTION,
N_2175074905_867c78a,2175074905,0,275453.6461000172,2107934.192100006,72.86626921206535,19.05188949413545,25.059,4.572335720062256,32.00433572006226,6.945335720062257,6.945335720062257,2.5,SOURCE-DERIVED invert; DERIVED DEM ground and cover,DEM-derived rim in repository THD convention,JUNCTION,
N_2175074906_9941bcb,2175074906,0,275476.2803000191,2107922.891600006,72.86648548606485,19.051789921504188,25.097,4.204193115234375,31.636193115234374,6.539193115234372,6.539193115234372,2.5,SOURCE-DERIVED invert; DERIVED DEM ground and cover,DEM-derived rim in repository THD convention,JUNCTION,
N_2175074907_db7b34f,2175074907,0,275485.8231000187,2107915.652200006,72.86657695506595,19.051725588077566,25.116,4.204193115234375,31.636193115234374,6.520193115234374,6.520193115234374,2.5,SOURCE-DERIVED invert; DERIVED DEM ground and cover,DEM-derived rim in repository THD convention,JUNCTION,
N_2175074908_9bf95c1,2175074908,0,275494.70790001896,2107910.3872000054,72.8666619466209,19.05167901381183,25.132,2.559115409851074,29.991115409851073,4.859115409851071,4.859115409851071,2.5,SOURCE-DERIVED invert; DERIVED DEM ground and cover,DEM-derived rim in repository THD convention,JUNCTION,
N_2175075802_b3fa922,2175075802,0,275518.00000001997,2107836.000000005,72.86689175325128,19.051009755507938,25.3,2.837404251098633,30.26940425109863,4.969404251098631,4.969404251098631,2.3,SOURCE-DERIVED invert; DERIVED DEM ground and cover,DEM-derived rim in repository THD convention,JUNCTION,
N_2175075803_f52f73f,2175075803,0,275522.0000000187,2107843.0000000056,72.86692893488473,19.051073414090855,26.007,5.303297996520996,32.735297996521,6.728297996520997,6.728297996520997,1.05,SOURCE-DERIVED invert; DERIVED DEM ground and cover,DEM-derived rim in repository THD convention,JUNCTION,
N_2175075804_ae46829,2175075804,0,275532.00000002,2107865.000000006,72.86702136949839,19.05127320155682,26.029,5.979350566864014,33.411350566864016,7.382350566864016,7.382350566864016,1.05,SOURCE-DERIVED invert; DERIVED DEM ground and cover,DEM-derived rim in repository THD convention,JUNCTION,
N_2175075805_e0e6cfc,2175075805,0,275534.0000000186,2107829.0000000056,72.86704452109834,19.050948292890272,26.044,5.303297996520996,32.735297996521,6.691297996520998,6.691297996520998,1.05,SOURCE-DERIVED invert; DERIVED DEM ground and cover,DEM-derived rim in repository THD convention,JUNCTION,
N_2175075806_0387dc8,2175075806,0,275540.0000000173,2107879.000000005,72.86709573299234,19.051400518682932,26.542,5.979350566864014,33.411350566864016,6.869350566864014,6.869350566864014,0.51,SOURCE-DERIVED invert; DERIVED DEM ground and cover,DEM-derived rim in repository THD convention,JUNCTION,
N_2175075807_ea3f99e,2175075807,0,275549.0000000191,2107864.5000000056,72.8671828845941,19.051270552358393,26.044,5.979350566864014,33.411350566864016,7.367350566864015,7.367350566864015,1.05,SOURCE-DERIVED invert; DERIVED DEM ground and cover,DEM-derived rim in repository THD convention,JUNCTION,
N_2175075808_9d857e0,2175075808,0,275562.0000000193,2107811.5000000056,72.86731247067314,19.050793318429825,26.11,6.76740026473999,34.19940026473999,8.089400264739993,8.089400264739993,1.05,SOURCE-DERIVED invert; DERIVED DEM ground and cover,DEM-derived rim in repository THD convention,JUNCTION,
N_2175075809_43554d9,2175075809,0,275584.0000000189,2107843.500000006,72.86751772103676,19.051084736441766,26.081,10.629125595092773,38.061125595092776,11.980125595092776,11.980125595092776,1.05,SOURCE-DERIVED invert; DERIVED DEM ground and cover,DEM-derived rim in repository THD convention,JUNCTION,
N_2175075901_dd4946c,2175075901,0,275554.000000019,2107908.000000006,72.86722534981459,19.051663964639022,26.625,12.833945274353027,40.26594527435303,13.64094527435303,13.64094527435303,0.51,SOURCE-DERIVED invert; DERIVED DEM ground and cover,DEM-derived rim in repository THD convention,JUNCTION,
N_2175075902_11fd36b,2175075902,0,275565.0000000189,2107929.0000000056,72.86732739802892,19.051854830453905,26.686,10.284191131591797,37.7161911315918,11.030191131591799,11.030191131591799,0.51,SOURCE-DERIVED invert; DERIVED DEM ground and cover,DEM-derived rim in repository THD convention,JUNCTION,
N_2175075903_9d85d98,2175075903,0,275582.0000000195,2107961.0000000056,72.86748516180569,19.052145699666003,26.779,11.884340286254883,39.316340286254885,12.537340286254885,12.537340286254885,0.51,SOURCE-DERIVED invert; DERIVED DEM ground and cover,DEM-derived rim in repository THD convention,JUNCTION,
N_2175075904_02a9432,2175075904,0,275594.00000002026,2107987.0000000065,72.86759613092556,19.05238183187152,26.913,7.539221286773682,34.971221286773684,8.058221286773684,8.058221286773684,0.45,SOURCE-DERIVED invert; DERIVED DEM ground and cover,DEM-derived rim in repository THD convention,JUNCTION,
N_2175076701_2f7fd7b,2175076701,0,275606.00000001944,2107786.5000000056,72.86773324478607,19.050572364607962,26.211000000000002,6.558619976043701,33.9906199760437,7.779619976043701,7.779619976043701,1.05,SOURCE-DERIVED invert; DERIVED DEM ground and cover,DEM-derived rim in repository THD convention,JUNCTION,
N_2175076702_246112f,2175076702,0,275645.00000001886,2107761.500000006,72.86810653062494,19.050350861039927,26.303,6.0409626960754395,33.47296269607544,7.169962696075441,7.169962696075441,1.05,SOURCE-DERIVED invert; DERIVED DEM ground and cover,DEM-derived rim in repository THD convention,JUNCTION,
N_2175076703_6b73ac3,2175076703,0,275660.0000000193,2107796.500000005,72.86824495358476,19.050668604207956,26.162000000000003,11.724288940429688,39.15628894042969,12.994288940429687,12.994288940429687,1.05,SOURCE-DERIVED invert; DERIVED DEM ground and cover,DEM-derived rim in repository THD convention,JUNCTION,
N_2175076704_c5d7ff7,2175076704,0,275672.0000000187,2107745.500000005,72.86836480784376,19.05020932213958,26.366,5.313698768615723,32.745698768615725,6.379698768615725,6.379698768615725,1.05,SOURCE-DERIVED invert; DERIVED DEM ground and cover,DEM-derived rim in repository THD convention,JUNCTION,
N_2175076705_9ca6658,2175076705,0,275692.00000001874,2107776.500000006,72.8685511800253,19.050491488329843,26.196,10.401689529418945,37.83368952941895,11.637689529418946,11.637689529418946,1.05,SOURCE-DERIVED invert; DERIVED DEM ground and cover,DEM-derived rim in repository THD convention,JUNCTION,
N_2175076801_088874a,2175076801,0,275616.00000001874,2107823.5000000056,72.86782394893187,19.050907621928623,26.115000000000002,11.74176025390625,39.17376025390625,13.05876025390625,13.05876025390625,1.05,SOURCE-DERIVED invert; DERIVED DEM ground and cover,DEM-derived rim in repository THD convention,JUNCTION,
N_2175077701_04c3c2e,2175077701,0,275703.0000000189,2107726.5000000056,72.86866142048403,19.050041127605695,26.438000000000002,5.454227447509766,32.88622744750977,6.448227447509765,6.448227447509765,1.05,SOURCE-DERIVED invert; DERIVED DEM ground and cover,DEM-derived rim in repository THD convention,JUNCTION,
N_2175077702_7506f6a,2175077702,0,275723.00000001956,2107758.5000000056,72.86884767768369,19.050332324883385,26.228,4.459864616394043,31.89186461639404,5.66386461639404,5.66386461639404,1.05,SOURCE-DERIVED invert; DERIVED DEM ground and cover,DEM-derived rim in repository THD convention,JUNCTION,
N_2175077703_3f98362,2175077703,0,275730.0000000186,2107711.500000005,72.86891958145516,19.049908619183835,26.5,5.454227447509766,32.88622744750977,6.386227447509768,6.386227447509768,1.05,SOURCE-DERIVED invert; DERIVED DEM ground and cover,DEM-derived rim in repository THD convention,JUNCTION,
N_2175077706_9ead686,2175077706,0,275734.8000000209,2107748.800000006,72.86896086651089,19.050246015158784,26.242,4.0,31.432,5.189999999999998,5.189999999999998,1.05,SOURCE-DERIVED invert; DERIVED DEM ground and cover,DEM-derived rim in repository THD convention,JUNCTION,
N_2175078701_f7ed602,2175078701,1,275858.23750001856,2107745.1278000064,72.8701336312718,19.0502263864839,26.923000000000002,3.817887783050537,31.249887783050536,4.326887783050534,4.326887783050534,1.206,SOURCE-DERIVED invert; DERIVED DEM ground and cover,DEM-derived rim in repository THD convention,JUNCTION,
N_2175078702_ed53eeb,2175078702,1,275876.71260001895,2107728.003900006,72.87031107166555,19.050073759720846,26.893,3.896472692489624,31.328472692489623,4.435472692489622,4.435472692489622,1.296,SOURCE-DERIVED invert; DERIVED DEM ground and cover,DEM-derived rim in repository THD convention,JUNCTION,
N_2175078703_d8c6355,2175078703,1,275891.3000000181,2107702.0000000056,72.87045261214453,19.049840508122553,26.856,1.2189252376556396,28.65092523765564,1.7949252376556366,1.7949252376556366,1.296,SOURCE-DERIVED invert; DERIVED DEM ground and cover,DEM-derived rim in repository THD convention,JUNCTION,
N_2175079602_d10733a,2175079602,1,275937.4000000191,2107674.800000006,72.87089357844692,19.049599907608123,26.8,2.009470224380493,29.44147022438049,2.641470224380491,2.641470224380491,1.515,SOURCE-DERIVED invert; DERIVED DEM ground and cover,DEM-derived rim in repository THD convention,JUNCTION,
N_2175079603_ecc501e,2175079603,1,275966.1787000194,2107684.8585000057,72.87116574285922,19.049693903208,26.793000000000003,2.0,29.432,2.638999999999996,2.638999999999996,1.339,SOURCE-DERIVED invert; DERIVED DEM ground and cover,DEM-derived rim in repository THD convention,JUNCTION,
N_2175079604_0163657,2175079604,1,275994.0000000185,2107695.4000000055,72.8714287591229,19.04979215569156,26.786,1.1719727516174316,28.60397275161743,1.8179727516174289,1.8179727516174289,1.206,SOURCE-DERIVED invert; DERIVED DEM ground and cover,DEM-derived rim in repository THD convention,JUNCTION,
N_2175079605_97c7e26,2175079605,1,275911.6000000193,2107679.900000006,72.87064795721028,19.04964314002408,26.824,2.207836389541626,29.639836389541625,2.815836389541623,2.815836389541623,1.515,SOURCE-DERIVED invert; DERIVED DEM ground and cover,DEM-derived rim in repository THD convention,JUNCTION,
N_2175084001_0c60efb,2175084001,0,275423.20000001986,2108012.0000000056,72.86597106070205,19.05258885881247,24.517,7.196224212646484,34.62822421264649,10.111224212646487,10.111224212646487,2.8,SOURCE-DERIVED invert; DERIVED DEM ground and cover,DEM-derived rim in repository THD convention,JUNCTION,
N_2175084002_7a2e696,2175084002,0,275432.2000000196,2108030.0000000056,72.86605445929217,19.052752411511445,24.404,5.036653518676758,32.46865351867676,8.06465351867676,8.06465351867676,3.0,SOURCE-DERIVED invert; DERIVED DEM ground and cover,DEM-derived rim in repository THD convention,JUNCTION,
N_2175084003_e422d8f,2175084003,0,275434.2000000199,2108040.0000000056,72.86607229918158,19.05284294455113,24.342000000000002,3.0,30.432,6.089999999999996,6.089999999999996,3.1,SOURCE-DERIVED invert; DERIVED DEM ground and cover,DEM-derived rim in repository THD convention,JUNCTION,
N_2175084004_d0ca886,2175084004,0,275465.5000000198,2108082.7000000044,72.86636464100806,19.05323202073683,24.251,4.26842737197876,31.70042737197876,7.449427371978757,7.449427371978757,3.1,SOURCE-DERIVED invert; DERIVED DEM ground and cover,DEM-derived rim in repository THD convention,JUNCTION,
N_2175084101_b4b5d69,2175084101,0,275491.7494000194,2108189.377400005,72.86660162584428,19.05419834321641,24.067,3.0,30.432,6.364999999999998,6.364999999999998,3.1,SOURCE-DERIVED invert; DERIVED DEM ground and cover,DEM-derived rim in repository THD convention,PILOT_BOUNDARY_ASSUMPTION,PILOT_BOUNDARY; source-directed terminal; physical receiving water unverified
N_2175084102_abcd483,2175084102,0,275493.6000000187,2108151.2000000044,72.86662361182456,19.053853753579055,24.138,3.0,30.432,6.293999999999997,6.293999999999997,3.1,SOURCE-DERIVED invert; DERIVED DEM ground and cover,DEM-derived rim in repository THD convention,JUNCTION,
N_2175085501_321c250,2175085501,3,275522.0019000189,2108567.2363000065,72.86684531010036,19.05761423599324,26.91,4.282919406890869,31.714919406890868,4.804919406890868,4.804919406890868,1.498,SOURCE-DERIVED invert; DERIVED DEM ground and cover,DEM-derived rim in repository THD convention,JUNCTION,
N_2175085502_86192ed,2175085502,3,275538.4967000189,2108569.9535000063,72.8670016614161,19.057640587669415,26.783,4.282919406890869,31.714919406890868,4.9319194068908665,4.9319194068908665,1.498,SOURCE-DERIVED invert; DERIVED DEM ground and cover,DEM-derived rim in repository THD convention,JUNCTION,
N_2175085503_993ab07,2175085503,3,275547.31930001907,2108577.227100005,72.8670846170688,19.057707246975777,26.695,4.282919406890869,31.714919406890868,5.0199194068908675,5.0199194068908675,1.355,SOURCE-DERIVED invert; DERIVED DEM ground and cover,DEM-derived rim in repository THD convention,JUNCTION,
N_2175085504_e985229,2175085504,3,275567.09620001854,2108568.8852000046,72.86727341869663,19.05763408046005,26.532,3.6780378818511963,31.110037881851195,4.578037881851195,4.578037881851195,1.356,SOURCE-DERIVED invert; DERIVED DEM ground and cover,DEM-derived rim in repository THD convention,JUNCTION,
N_2175085505_c5c7f14,2175085505,3,275584.0765000185,2108572.5917000063,72.86743426709992,19.057669419795715,26.399,3.599757194519043,31.03175719451904,4.632757194519041,4.632757194519041,1.499,SOURCE-DERIVED invert; DERIVED DEM ground and cover,DEM-derived rim in repository THD convention,JUNCTION,
N_2175085801_415cc53,2175085801,4,275569.57620002003,2108873.0679000057,72.8672618401879,19.06038152843341,27.39,2.7975401878356934,30.229540187835692,2.8395401878356914,2.8395401878356914,0.998,SOURCE-DERIVED invert; DERIVED DEM ground and cover,DEM-derived rim in repository THD convention,JUNCTION,
N_2175086001_d6cf941,2175086001,0,275609.0000000186,2108017.0000000056,72.86773513131256,19.052654418711885,27.0,5.097605228424072,32.529605228424074,5.529605228424074,5.529605228424074,0.45,SOURCE-DERIVED invert; DERIVED DEM ground and cover,DEM-derived rim in repository THD convention,JUNCTION,
N_2175086501_a7b3f12,2175086501,3,275606.0063000184,2108578.797100005,72.8676418366974,19.05772787086958,26.226000000000003,3.599757194519043,31.03175719451904,4.805757194519039,4.805757194519039,1.499,SOURCE-DERIVED invert; DERIVED DEM ground and cover,DEM-derived rim in repository THD convention,JUNCTION,
N_2175086502_1dbe4e2,2175086502,3,275621.70960001886,2108581.704600006,72.86779064878323,19.05775585365514,26.104000000000003,3.0,30.432,4.327999999999996,4.327999999999996,1.704,SOURCE-DERIVED invert; DERIVED DEM ground and cover,DEM-derived rim in repository THD convention,JUNCTION,
N_2175086503_f360a45,2175086503,3,275647.3119000199,2108573.7529000062,72.86803473403624,19.057686849941064,25.900000000000002,2.323213815689087,29.755213815689086,3.8552138156890834,3.8552138156890834,1.704,SOURCE-DERIVED invert; DERIVED DEM ground and cover,DEM-derived rim in repository THD convention,PILOT_BOUNDARY_ASSUMPTION,PILOT_BOUNDARY; source-directed terminal; physical receiving water unverified
N_2175086801_3aa6036,2175086801,4,275606.4284000193,2108864.911800006,72.86761280481171,19.060311915281325,27.203000000000003,2.782149076461792,30.21414907646179,3.0111490764617876,3.0111490764617876,1.045,SOURCE-DERIVED invert; DERIVED DEM ground and cover,DEM-derived rim in repository THD convention,JUNCTION,
N_2175086802_2aef967,2175086802,4,275651.5543000187,2108846.128600005,72.86804357995857,19.060147232921697,26.96,2.0,29.432,2.4719999999999978,2.4719999999999978,1.198,SOURCE-DERIVED invert; DERIVED DEM ground and cover,DEM-derived rim in repository THD convention,JUNCTION,
N_2175087701_307a8c8,2175087701,4,275756.2010000197,2108780.359300007,72.86904510546482,19.059564734580903,26.34,2.0,29.432,3.0919999999999987,3.0919999999999987,1.382,SOURCE-DERIVED invert; DERIVED DEM ground and cover,DEM-derived rim in repository THD convention,PILOT_BOUNDARY_ASSUMPTION,PILOT_BOUNDARY; source-directed terminal; physical receiving water unverified
N_2175087801_fa3dde1,2175087801,4,275700.0574000195,2108822.8492000042,72.8685069500203,19.05994231346898,26.692,2.0,29.432,2.7399999999999984,2.7399999999999984,1.266,SOURCE-DERIVED invert; DERIVED DEM ground and cover,DEM-derived rim in repository THD convention,JUNCTION,
N_2175087802_d57e4ad,2175087802,4,275727.2427000201,2108806.945700004,72.8687669915383,19.059801667419325,26.536,1.9365893602371216,29.36858936023712,2.832589360237119,2.832589360237119,1.382,SOURCE-DERIVED invert; DERIVED DEM ground and cover,DEM-derived rim in repository THD convention,JUNCTION,
N_2175091801_34faff5,2175091801,5,275175.0947000206,2109825.2720000055,72.86340484362238,19.068937809428306,26.87,2.6984751224517822,30.13047512245178,3.26047512245178,3.26047512245178,1.498,SOURCE-DERIVED invert; DERIVED DEM ground and cover,DEM-derived rim in repository THD convention,JUNCTION,
N_2175092801_eff7b13,2175092801,5,275284.21750002063,2109825.272000006,72.86444134418925,19.068949818831907,26.667,2.8242857456207275,30.256285745620726,3.5892857456207246,3.5892857456207246,1.498,SOURCE-DERIVED invert; DERIVED DEM ground and cover,DEM-derived rim in repository THD convention,JUNCTION,
N_2175092901_56e31ad,2175092901,5,275258.7579000189,2109920.902400006,72.86418844886279,19.06981068481185,26.483,2.2687246799468994,29.700724679946898,3.2177246799468975,3.2177246799468975,1.765,SOURCE-DERIVED invert; DERIVED DEM ground and cover,DEM-derived rim in repository THD convention,JUNCTION,
N_2175093901_82b9aa9,2175093901,5,275336.0931000206,2109988.1654000054,72.86491523736156,19.070426666680735,26.292,4.4438557624816895,31.875855762481688,5.5838557624816865,5.5838557624816865,1.786,SOURCE-DERIVED invert; DERIVED DEM ground and cover,DEM-derived rim in repository THD convention,JUNCTION,
N_2175103003_dffa4c2,2175103003,5,275396.6515000197,2110014.119200007,72.86548745348504,19.07066772475887,26.17,3.3484787940979004,30.7804787940979,4.610478794097897,4.610478794097897,2.108,SOURCE-DERIVED invert; DERIVED DEM ground and cover,DEM-derived rim in repository THD convention,JUNCTION,
N_2175104002_2b6cdc9,2175104002,5,275439.10000001977,2110037.2000000053,72.86588798493858,19.070880842896514,26.080000000000002,3.0815560817718506,30.51355608177185,4.433556081771847,4.433556081771847,2.418,SOURCE-DERIVED invert; DERIVED DEM ground and cover,DEM-derived rim in repository THD convention,JUNCTION,
N_2175104003_f2bba88,2175104003,5,275495.6935000194,2110041.9618000053,72.86642499354103,19.070930070665185,26.037000000000003,3.217353343963623,30.64935334396362,4.612353343963619,4.612353343963619,2.418,SOURCE-DERIVED invert; DERIVED DEM ground and cover,DEM-derived rim in repository THD convention,JUNCTION,
N_2175105001_92548a2,2175105001,5,275549.0408000189,2110059.276000006,72.86692971720106,19.07109230485651,25.995,4.567044258117676,31.999044258117674,6.004044258117673,6.004044258117673,2.251,SOURCE-DERIVED invert; DERIVED DEM ground and cover,DEM-derived rim in repository THD convention,JUNCTION,
N_2175105002_2641c3f,2175105002,5,275588.9225000195,2110068.8950000056,72.86730742660396,19.07118356020029,25.964000000000002,3.192539930343628,30.624539930343627,4.660539930343624,4.660539930343624,2.213,SOURCE-DERIVED invert; DERIVED DEM ground and cover,DEM-derived rim in repository THD convention,JUNCTION,
N_2175106001_f54b4c2,2175106001,5,275609.0841000189,2110073.687000007,72.86749838033506,19.071229053804956,25.948,4.592734336853027,32.02473433685303,6.076734336853029,6.076734336853029,2.18,SOURCE-DERIVED invert; DERIVED DEM ground and cover,DEM-derived rim in repository THD convention,JUNCTION,
N_2175106002_012367f,2175106002,5,275626.89100001886,2110082.361600006,72.86766651908438,19.071309353522796,25.933,4.59361457824707,32.02561457824707,6.092614578247073,6.092614578247073,2.225,SOURCE-DERIVED invert; DERIVED DEM ground and cover,DEM-derived rim in repository THD convention,JUNCTION,
N_2175106003_8394bf5,2175106003,5,275642.78480001737,2110076.5902000046,72.86781815541376,19.071258976390528,25.921000000000003,4.539083003997803,31.9710830039978,6.050083003997798,6.050083003997798,2.427,SOURCE-DERIVED invert; DERIVED DEM ground and cover,DEM-derived rim in repository THD convention,JUNCTION,
N_2175106004_50327fb,2175106004,5,275668.5332000194,2110075.240200005,72.86806288605345,19.071249612817507,25.905,4.539083003997803,31.9710830039978,6.0660830039978,6.0660830039978,2.743,SOURCE-DERIVED invert; DERIVED DEM ground and cover,DEM-derived rim in repository THD convention,JUNCTION,
N_2175106005_f2293b2,2175106005,5,275683.2878000201,2110054.273200005,72.86820545693543,19.071061873760343,25.883000000000003,13.557382583618164,40.989382583618166,15.106382583618164,15.106382583618164,2.995,SOURCE-DERIVED invert; DERIVED DEM ground and cover,DEM-derived rim in repository THD convention,JUNCTION,
N_2175106006_943728e,2175106006,5,275690.27680001775,2110043.7897000057,72.8682730539373,19.070967961526026,25.861,13.557382583618164,40.989382583618166,15.128382583618166,15.128382583618166,3.037,SOURCE-DERIVED invert; DERIVED DEM ground and cover,DEM-derived rim in repository THD convention,JUNCTION,
N_2175106401_10bd2b2,2175106401,6,275673.1000000193,2110425.1000000047,72.86806583923648,19.074409812211123,27.1,7.909047603607178,35.34104760360718,8.241047603607178,8.241047603607178,1.299,SOURCE-DERIVED invert; DERIVED DEM ground and cover,DEM-derived rim in repository THD convention,JUNCTION,
N_2175106402_562e8b0,2175106402,6,275680.8412000195,2110455.388600005,72.86813587146374,19.07468420889204,27.041,5.4510087966918945,32.8830087966919,5.842008796691896,5.842008796691896,1.357,SOURCE-DERIVED invert; DERIVED DEM ground and cover,DEM-derived rim in repository THD convention,JUNCTION,
N_2175106403_9a1d2f9,2175106403,6,275692.6907000196,2110480.6675000065,72.86824550687346,19.074913812697105,27.029,6.083197116851807,33.51519711685181,6.486197116851809,6.486197116851809,1.37,SOURCE-DERIVED invert; DERIVED DEM ground and cover,DEM-derived rim in repository THD convention,JUNCTION,
N_2175106501_6d18b23,2175106501,6,275692.6907000197,2110522.272300005,72.86824069930846,19.07528955913276,26.999000000000002,6.290839195251465,33.72283919525147,6.723839195251465,6.723839195251465,1.399,SOURCE-DERIVED invert; DERIVED DEM ground and cover,DEM-derived rim in repository THD convention,JUNCTION,
N_2175106502_6fa4ca6,2175106502,6,275698.7471000204,2110503.839800006,72.86830035813647,19.075123754634138,27.01,6.290839195251465,33.72283919525147,6.712839195251465,6.712839195251465,1.389,SOURCE-DERIVED invert; DERIVED DEM ground and cover,DEM-derived rim in repository THD convention,JUNCTION,
N_2175106601_500f48f,2175106601,6,275667.65630002,2110677.958800005,72.86798490782957,19.07669286341611,28.26,8.56184196472168,35.99384196472168,7.73384196472168,7.73384196472168,1.308,SOURCE-DERIVED invert; DERIVED DEM ground and cover,DEM-derived rim in repository THD convention,JUNCTION,
N_2175106602_b6922e7,2175106602,6,275668.7849000195,2110669.699900006,72.86799658287525,19.076618398656535,28.25,8.56184196472168,35.99384196472168,7.743841964721682,7.743841964721682,1.308,SOURCE-DERIVED invert; DERIVED DEM ground and cover,DEM-derived rim in repository THD convention,JUNCTION,
N_2175106603_3842227,2175106603,6,275669.2936000193,2110665.923200006,72.86800185148246,19.07658434596479,28.139000000000003,8.56184196472168,35.99384196472168,7.854841964721679,7.854841964721679,1.429,SOURCE-DERIVED invert; DERIVED DEM ground and cover,DEM-derived rim in repository THD convention,JUNCTION,
N_2175106604_42fd17e,2175106604,6,275671.6744000191,2110665.0871000043,72.8680245631889,19.07657705649275,28.065,7.674777507781982,35.106777507781985,7.041777507781983,7.041777507781983,1.514,SOURCE-DERIVED invert; DERIVED DEM ground and cover,DEM-derived rim in repository THD convention,JUNCTION,
N_2175106605_e952b57,2175106605,6,275685.23440001963,2110666.506500005,72.86815320476921,19.07659136554783,27.67,7.674777507781982,35.106777507781985,7.436777507781983,7.436777507781983,1.929,SOURCE-DERIVED invert; DERIVED DEM ground and cover,DEM-derived rim in repository THD convention,JUNCTION,
N_2175106606_91977a8,2175106606,6,275690.9656000198,2110652.2528000064,72.86820929231708,19.07646326551301,27.490000000000002,7.674777507781982,35.106777507781985,7.616777507781983,7.616777507781983,1.929,SOURCE-DERIVED invert; DERIVED DEM ground and cover,DEM-derived rim in repository THD convention,JUNCTION,
N_2175107001_396c991,2175107001,5,275706.37190001865,2110049.8260000045,72.86842523790536,19.07102424518082,25.836000000000002,17.685382843017578,45.11738284301758,19.281382843017578,19.281382843017578,3.202,SOURCE-DERIVED invert; DERIVED DEM ground and cover,DEM-derived rim in repository THD convention,JUNCTION,
N_2175107002_7e5b470,2175107002,5,275721.0598000189,2110057.556400005,72.8685638598322,19.07109567414783,25.810000000000002,17.685382843017578,45.11738284301758,19.307382843017578,19.307382843017578,3.368,SOURCE-DERIVED invert; DERIVED DEM ground and cover,DEM-derived rim in repository THD convention,JUNCTION,
N_2175107003_478546c,2175107003,5,275745.0244000196,2110072.2444000063,72.8687897942851,19.071230958159582,25.768,7.799757480621338,35.23175748062134,9.46375748062134,9.46375748062134,3.368,SOURCE-DERIVED invert; DERIVED DEM ground and cover,DEM-derived rim in repository THD convention,JUNCTION,
N_2175107004_478475a,2175107004,5,275787.54210002034,2110093.8898000047,72.86919115507848,19.071431113668982,25.7,20.49547004699707,47.92747004699707,22.227470046997073,22.227470046997073,3.598,SOURCE-DERIVED invert; DERIVED DEM ground and cover,DEM-derived rim in repository THD convention,JUNCTION,
N_2175107501_c9424f1,2175107501,6,275704.54020001966,2110544.6546000056,72.86835066988037,19.07549300277991,26.926000000000002,4.355712413787842,31.78771241378784,4.8617124137878385,4.8617124137878385,1.672,SOURCE-DERIVED invert; DERIVED DEM ground and cover,DEM-derived rim in repository THD convention,JUNCTION,
N_2175107502_b1a7af8,2175107502,6,275726.628400021,2110550.906500006,72.86855976070149,19.075551892264777,26.91,4.355712413787842,31.78771241378784,4.87771241378784,4.87771241378784,1.888,SOURCE-DERIVED invert; DERIVED DEM ground and cover,DEM-derived rim in repository THD convention,JUNCTION,
N_2175107503_f962168,2175107503,6,275733.2756000196,2110598.7588000055,72.86861737296917,19.07598479216952,26.97,5.664661407470703,33.096661407470705,6.126661407470706,6.126661407470706,1.879,SOURCE-DERIVED invert; DERIVED DEM ground and cover,DEM-derived rim in repository THD convention,JUNCTION,
N_2175107504_e52379d,2175107504,6,275738.8628000194,2110569.5418000054,72.86867382085345,19.07572153767208,26.900000000000002,4.686714172363281,32.11871417236328,5.218714172363281,5.218714172363281,1.899,SOURCE-DERIVED invert; DERIVED DEM ground and cover,DEM-derived rim in repository THD convention,JUNCTION,
N_2175107505_7848397,2175107505,6,275745.84440001973,2110591.082600005,72.8687376497052,19.075916846562542,26.900000000000002,5.664661407470703,33.096661407470705,6.196661407470703,6.196661407470703,1.879,SOURCE-DERIVED invert; DERIVED DEM ground and cover,DEM-derived rim in repository THD convention,JUNCTION,
N_2175107506_f9b0bad,2175107506,6,275763.00450001954,2110580.551600006,72.86890186845335,19.075823622528233,26.895,5.0721235275268555,32.50412352752686,5.609123527526858,5.609123527526858,1.899,SOURCE-DERIVED invert; DERIVED DEM ground and cover,DEM-derived rim in repository THD convention,JUNCTION,
N_2175107507_085e678,2175107507,6,275784.04820001917,2110568.8613000065,72.86910311085634,19.075720354828785,26.89,5.0721235275268555,32.50412352752686,5.614123527526857,5.614123527526857,1.823,SOURCE-DERIVED invert; DERIVED DEM ground and cover,DEM-derived rim in repository THD convention,JUNCTION,
N_2175107508_ea2a1c7,2175107508,6,275798.48750001995,2110571.055900005,72.86924001479943,19.07574176072588,26.87,4.276928901672363,31.708928901672362,4.838928901672361,4.838928901672361,1.888,SOURCE-DERIVED invert; DERIVED DEM ground and cover,DEM-derived rim in repository THD convention,JUNCTION,
N_2175107601_b0586d5,2175107601,6,275705.37220001913,2110638.222400006,72.86834776095638,19.07633813530475,27.3,6.28915548324585,33.72115548324585,6.421155483245851,6.421155483245851,1.718,SOURCE-DERIVED invert; DERIVED DEM ground and cover,DEM-derived rim in repository THD convention,JUNCTION,
N_2175107602_5e29e90,2175107602,6,275716.34810001997,2110621.620900005,72.86845393852853,19.076189407635542,27.2,6.28915548324585,33.72115548324585,6.5211554832458525,6.5211554832458525,1.648,SOURCE-DERIVED invert; DERIVED DEM ground and cover,DEM-derived rim in repository THD convention,JUNCTION,
N_2175107603_264928d,2175107603,6,275721.35560002044,2110607.380500005,72.86850314978643,19.076061348081126,27.17,4.655670642852783,32.087670642852785,4.917670642852784,4.917670642852784,1.858,SOURCE-DERIVED invert; DERIVED DEM ground and cover,DEM-derived rim in repository THD convention,JUNCTION,
N_2175108101_5d5174e,2175108101,5,275826.9676000201,2110117.0812000055,72.86956296662812,19.071644891383418,25.628,3.8810296058654785,31.313029605865477,5.685029605865477,5.685029605865477,3.598,SOURCE-DERIVED invert; DERIVED DEM ground and cover,DEM-derived rim in repository THD convention,JUNCTION,
N_2175108102_cb8d59c,2175108102,5,275850.1591000196,2110138.726600006,72.8697807560746,19.071842924072158,25.573,4.869937896728516,32.30193789672852,6.728937896728517,6.728937896728517,4.015,SOURCE-DERIVED invert; DERIVED DEM ground and cover,DEM-derived rim in repository THD convention,JUNCTION,
N_2175108103_174ee1b,2175108103,5,275877.98890002037,2110151.095400006,72.87004367467608,19.071957685527934,25.507,9.372224807739258,36.80422480773926,11.297224807739259,11.297224807739259,4.015,SOURCE-DERIVED invert; DERIVED DEM ground and cover,DEM-derived rim in repository THD convention,JUNCTION,
N_2175108104_ca2a76e,2175108104,5,275889.5846000191,2110153.4146000054,72.87015355091545,19.07197990366706,25.414,25.72757911682129,53.15957911682129,27.74557911682129,27.74557911682129,3.261,SOURCE-DERIVED invert; DERIVED DEM ground and cover,DEM-derived rim in repository THD convention,JUNCTION,
N_2175108501_3bfbcaa,2175108501,6,275817.7180000183,2110576.164000006,72.86942209343223,19.075790005426168,26.84,4.276928901672363,31.708928901672362,4.868928901672362,4.868928901672362,1.898,SOURCE-DERIVED invert; DERIVED DEM ground and cover,DEM-derived rim in repository THD convention,JUNCTION,
N_2175108502_930df9a,2175108502,6,275832.2682000196,2110592.0419000047,72.8695584706854,19.075935001686386,26.79,5.407120704650879,32.83912070465088,6.049120704650882,6.049120704650882,1.918,SOURCE-DERIVED invert; DERIVED DEM ground and cover,DEM-derived rim in repository THD convention,JUNCTION,
N_2175108503_0c757ca,2175108503,6,275837.1506000195,2110597.363800006,72.8696042335737,19.07598360162252,26.75,5.407120704650879,32.83912070465088,6.089120704650881,6.089120704650881,1.969,SOURCE-DERIVED invert; DERIVED DEM ground and cover,DEM-derived rim in repository THD convention,JUNCTION,
N_2175108601_c5c0a47,2175108601,6,275840.2273000204,2110609.821100006,72.86963202026696,19.07609644544825,26.68,5.407120704650879,32.83912070465088,6.159120704650881,6.159120704650881,1.998,SOURCE-DERIVED invert; DERIVED DEM ground and cover,DEM-derived rim in repository THD convention,JUNCTION,
N_2175108602_323d697,2175108602,6,275842.5125000193,2110618.8562000054,72.86965268379757,19.07617829534392,26.643,5.407120704650879,32.83912070465088,6.19612070465088,6.19612070465088,2.045,SOURCE-DERIVED invert; DERIVED DEM ground and cover,DEM-derived rim in repository THD convention,JUNCTION,
N_2175108603_fcf961d,2175108603,6,275852.3581000194,2110623.402200006,72.869745681462,19.076220432792034,26.6,6.692468166351318,34.12446816635132,7.524468166351319,7.524468166351319,2.045,SOURCE-DERIVED invert; DERIVED DEM ground and cover,DEM-derived rim in repository THD convention,JUNCTION,
N_2175108604_be0d2c7,2175108604,6,275870.5556000186,2110631.675800005,72.86991758288525,19.07629715233086,26.560000000000002,6.704440593719482,34.136440593719485,7.576440593719482,7.576440593719482,2.008,SOURCE-DERIVED invert; DERIVED DEM ground and cover,DEM-derived rim in repository THD convention,JUNCTION,
N_2175108605_6665352,2175108605,6,275888.8192000194,2110639.7634000047,72.87009013383614,19.076372199152228,26.52,8.878190994262695,36.3101909942627,9.790190994262698,9.790190994262698,1.888,SOURCE-DERIVED invert; DERIVED DEM ground and cover,DEM-derived rim in repository THD convention,JUNCTION,
N_2175109101_9d23aad,2175109101,5,275901.18030001933,2110158.8259000056,72.87026307028967,19.07203004754706,25.358,25.72757911682129,53.15957911682129,27.80157911682129,27.80157911682129,3.41,SOURCE-DERIVED invert; DERIVED DEM ground and cover,DEM-derived rim in repository THD convention,JUNCTION,
N_2175109102_ac2ad38,2175109102,5,275924.3718000192,2110170.4217000064,72.87048202096506,19.072137318173432,25.321,43.42133712768555,70.85333712768555,45.53233712768555,45.53233712768555,3.507,SOURCE-DERIVED invert; DERIVED DEM ground and cover,DEM-derived rim in repository THD convention,JUNCTION,
N_2175109103_338036d,2175109103,5,275949.88250001916,2110178.925200006,72.87072335819978,19.072216915416917,25.262,23.851871490478516,51.28387149047852,26.021871490478517,26.021871490478517,3.507,SOURCE-DERIVED invert; DERIVED DEM ground and cover,DEM-derived rim in repository THD convention,JUNCTION,
N_2175109601_0d211e3,2175109601,6,275903.92740002007,2110635.331700006,72.87023415738396,19.076333833471047,26.5,8.878190994262695,36.3101909942627,9.810190994262697,9.810190994262697,1.898,SOURCE-DERIVED invert; DERIVED DEM ground and cover,DEM-derived rim in repository THD convention,JUNCTION,
N_2175109602_d8718c5,2175109602,6,275932.62060001993,2110626.6075000055,72.87050771946548,19.07625819173422,26.3,9.913543701171875,37.34554370117188,11.045543701171876,11.045543701171876,1.918,SOURCE-DERIVED invert; DERIVED DEM ground and cover,DEM-derived rim in repository THD convention,JUNCTION,
N_2175109603_3ebe86f,2175109603,6,275960.47760001954,2110627.558400006,72.87077222159722,19.07626983689893,25.93,5.7890543937683105,33.22105439376831,7.291054393768313,7.291054393768313,2.348,SOURCE-DERIVED invert; DERIVED DEM ground and cover,DEM-derived rim in repository THD convention,JUNCTION,
N_2175109604_6cccc77,2175109604,6,275966.56640001957,2110631.655000005,72.87082958590203,19.07630750286603,25.900000000000002,5.7890543937683105,33.22105439376831,7.321054393768311,7.321054393768311,2.348,SOURCE-DERIVED invert; DERIVED DEM ground and cover,DEM-derived rim in repository THD convention,JUNCTION,
N_2175109605_a378776,2175109605,6,275987.6943000201,2110625.561600005,72.87103098182811,19.07625478974889,25.82,4.495337963104248,31.927337963104247,6.107337963104246,6.107337963104246,2.258,SOURCE-DERIVED invert; DERIVED DEM ground and cover,DEM-derived rim in repository THD convention,JUNCTION,
N_2175117301_d386b54,2175117301,7,275799.8000000202,2111300.1000000057,72.86916825828176,19.08232613981571,27.799000000000003,4.16218900680542,31.59418900680542,3.7951890068054155,3.7951890068054155,1.399,SOURCE-DERIVED invert; DERIVED DEM ground and cover,DEM-derived rim in repository THD convention,JUNCTION,
N_2175118201_0363b93,2175118201,7,275805.40000002016,2111294.700000005,72.86922207816956,19.082277985868778,27.779,4.16218900680542,31.59418900680542,3.8151890068054186,3.8151890068054186,1.419,SOURCE-DERIVED invert; DERIVED DEM ground and cover,DEM-derived rim in repository THD convention,JUNCTION,
N_2175118202_ae97151,2175118202,7,275822.90000002075,2111285.800000006,72.86938934371133,19.08219952947136,27.728,4.1344685554504395,31.566468555450438,3.8384685554504365,3.8384685554504365,1.47,SOURCE-DERIVED invert; DERIVED DEM ground and cover,DEM-derived rim in repository THD convention,JUNCTION,
N_2175118203_a15a049,2175118203,7,275845.9000000204,2111273.1000000047,72.86960929405707,19.08208735796451,27.659000000000002,4.459526538848877,31.891526538848876,4.232526538848873,4.232526538848873,1.539,SOURCE-DERIVED invert; DERIVED DEM ground and cover,DEM-derived rim in repository THD convention,JUNCTION,
N_2175118204_f0d08b8,2175118204,7,275870.4000000204,2111260.9000000064,72.86984343525747,19.081979866560623,27.587,4.449802398681641,31.88180239868164,4.2948023986816395,4.2948023986816395,1.611,SOURCE-DERIVED invert; DERIVED DEM ground and cover,DEM-derived rim in repository THD convention,JUNCTION,
N_2175118205_ad6344b,2175118205,7,275893.40000001964,2111249.600000005,72.87006322335101,19.08188033831049,27.52,3.5007212162017822,30.93272121620178,3.4127212162017813,3.4127212162017813,1.678,SOURCE-DERIVED invert; DERIVED DEM ground and cover,DEM-derived rim in repository THD convention,JUNCTION,
N_2175118301_013ef37,2175118301,7,275806.5000000205,2111355.6000000047,72.8692254904753,19.082828114260966,27.95,6.591367244720459,34.02336724472046,6.073367244720462,6.073367244720462,1.198,SOURCE-DERIVED invert; DERIVED DEM ground and cover,DEM-derived rim in repository THD convention,JUNCTION,
N_2175118302_118ec9f,2175118302,7,275807.20000002056,2111334.200000005,72.86923461274105,19.082634920858794,27.89,4.308325290679932,31.74032529067993,3.8503252906799297,3.8503252906799297,1.254,SOURCE-DERIVED invert; DERIVED DEM ground and cover,DEM-derived rim in repository THD convention,JUNCTION,
N_2175118303_e5ee36d,2175118303,7,275807.4000000204,2111315.500000006,72.86923867334396,19.08246605709465,27.844,4.16218900680542,31.59418900680542,3.7501890068054173,3.7501890068054173,1.354,SOURCE-DERIVED invert; DERIVED DEM ground and cover,DEM-derived rim in repository THD convention,JUNCTION,
N_2175119201_cdc4177,2175119201,7,275920.30000002007,2111236.5000000056,72.87032026614833,19.081764981584076,27.485000000000003,3.5065484046936035,30.938548404693602,3.453548404693599,3.453548404693599,1.795,SOURCE-DERIVED invert; DERIVED DEM ground and cover,DEM-derived rim in repository THD convention,JUNCTION,
N_2175119202_b591838,2175119202,7,275946.7000000196,2111224.1000000047,72.87057247816857,19.081655891504056,27.45,3.4454479217529297,30.87744792175293,3.427447921752929,3.427447921752929,1.822,SOURCE-DERIVED invert; DERIVED DEM ground and cover,DEM-derived rim in repository THD convention,JUNCTION,
N_2175119203_b540084,2175119203,7,275975.50000001985,2111212.3000000063,72.87084741879015,19.081552483287616,27.413,3.0,30.432,3.0189999999999984,3.0189999999999984,1.995,SOURCE-DERIVED invert; DERIVED DEM ground and cover,DEM-derived rim in repository THD convention,JUNCTION,
N_2175124901_94754a9,2175124901,2,275433.8084000209,2112977.3212000052,72.8654973976895,19.09743337791915,33.615,10.682452201843262,38.114452201843264,4.499452201843262,4.499452201843262,1.883,SOURCE-DERIVED invert; DERIVED DEM ground and cover,DEM-derived rim in repository THD convention,JUNCTION,
N_2175124902_7175d5a,2175124902,2,275439.157300021,2112947.9193000044,72.86555161887979,19.097168430006555,33.554,10.0,37.432,3.878,3.878,1.883,SOURCE-DERIVED invert; DERIVED DEM ground and cover,DEM-derived rim in repository THD convention,JUNCTION,
N_2175124903_c11c8a1,2175124903,2,275442.90000002115,2112931.9000000064,72.86558903058334,19.09702416727815,33.521,10.295353889465332,37.727353889465334,4.206353889465333,4.206353889465333,1.957,SOURCE-DERIVED invert; DERIVED DEM ground and cover,DEM-derived rim in repository THD convention,JUNCTION,
N_2175124904_5d0a3e3,2175124904,2,275447.20000002085,2112927.900000006,72.86563034432143,19.09698851565669,33.508,10.295353889465332,37.727353889465334,4.2193538894653315,4.2193538894653315,1.96,SOURCE-DERIVED invert; DERIVED DEM ground and cover,DEM-derived rim in repository THD convention,JUNCTION,
N_2175124905_fbab835,2175124905,2,275454.4000000204,2112930.100000005,72.86569849012187,19.097009177351588,33.493,10.295353889465332,37.727353889465334,4.234353889465332,4.234353889465332,1.96,SOURCE-DERIVED invert; DERIVED DEM ground and cover,DEM-derived rim in repository THD convention,JUNCTION,
N_2175124906_da4e040,2175124906,2,275461.60000002047,2112933.800000007,72.86576646219574,19.09704338595501,33.476,10.0,37.432,3.956000000000003,3.956000000000003,2.072,SOURCE-DERIVED invert; DERIVED DEM ground and cover,DEM-derived rim in repository THD convention,JUNCTION,
N_2175124907_322ac95,2175124907,2,275474.80000002147,2112951.7000000044,72.86588979015762,19.097206499495577,33.431000000000004,10.0,37.432,4.000999999999998,4.000999999999998,2.072,SOURCE-DERIVED invert; DERIVED DEM ground and cover,DEM-derived rim in repository THD convention,JUNCTION,
N_2175125901_290cf26,2175125901,2,275503.30000002054,2112962.200000005,72.86615932708034,19.097304465958953,33.369,10.0,37.432,4.063000000000002,4.063000000000002,2.067,SOURCE-DERIVED invert; DERIVED DEM ground and cover,DEM-derived rim in repository THD convention,JUNCTION,
N_2175125902_f8ffcf7,2175125902,2,275531.5000000199,2112972.7000000044,72.86642601432195,19.09740239903252,33.307,10.164786338806152,37.596786338806155,4.289786338806152,4.289786338806152,1.969,SOURCE-DERIVED invert; DERIVED DEM ground and cover,DEM-derived rim in repository THD convention,JUNCTION,
N_2175125903_f3bac1c,2175125903,2,275559.60000002047,2112982.900000005,72.86669178663571,19.097497611354182,33.246,10.730400085449219,38.16240008544922,4.916400085449219,4.916400085449219,1.952,SOURCE-DERIVED invert; DERIVED DEM ground and cover,DEM-derived rim in repository THD convention,JUNCTION,
N_2175125904_3f884ff,2175125904,2,275587.7000000207,2112993.500000006,72.86695751298139,19.09759643583839,33.184000000000005,10.406187057495117,37.83818705749512,4.654187057495115,4.654187057495115,2.034,SOURCE-DERIVED invert; DERIVED DEM ground and cover,DEM-derived rim in repository THD convention,JUNCTION,
N_2175130501_aac3f44,2175130501,2,275099.5000000192,2113596.900000006,72.8622495378902,19.102992112903536,36.08,14.472259521484375,41.90425952148438,5.824259521484379,5.824259521484379,1.669,SOURCE-DERIVED invert; DERIVED DEM ground and cover,DEM-derived rim in repository THD convention,JUNCTION,
N_2175130601_ce7d7b5,2175130601,2,275038.1000000221,2113699.7000000053,72.8616542782555,19.103913751047777,36.894,15.277127265930176,42.70912726593018,5.81512726593018,5.81512726593018,2.122,SOURCE-DERIVED invert; DERIVED DEM ground and cover,DEM-derived rim in repository THD convention,JUNCTION,
N_2175130602_3d01653,2175130602,2,275050.30000002077,2113680.3000000063,72.8617724360363,19.103739891061853,36.562000000000005,13.802969932556152,41.234969932556155,4.67296993255615,4.67296993255615,2.076,SOURCE-DERIVED invert; DERIVED DEM ground and cover,DEM-derived rim in repository THD convention,JUNCTION,
N_2175130603_0d3ea1d,2175130603,2,275052.6000000221,2113676.700000005,72.86179470499367,19.10370763235465,36.5,13.802969932556152,41.234969932556155,4.7349699325561545,4.7349699325561545,2.076,SOURCE-DERIVED invert; DERIVED DEM ground and cover,DEM-derived rim in repository THD convention,JUNCTION,
N_2175130604_ba136c9,2175130604,2,275069.5000000213,2113648.7000000044,72.86195851281305,19.103456622053955,36.2,13.29442024230957,40.72642024230957,4.52642024230957,4.52642024230957,2.028,SOURCE-DERIVED invert; DERIVED DEM ground and cover,DEM-derived rim in repository THD convention,JUNCTION,
N_2175130605_acd3666,2175130605,2,275085.3000000223,2113623.000000006,72.86211160268996,19.103226262081073,36.139,13.0,40.432,4.292999999999999,4.292999999999999,1.708,SOURCE-DERIVED invert; DERIVED DEM ground and cover,DEM-derived rim in repository THD convention,JUNCTION,
N_2175130606_f2a6dbb,2175130606,2,275094.1000000192,2113687.4000000055,72.8621877316923,19.103808846216374,36.671,15.003177642822266,42.43517764282227,5.764177642822268,5.764177642822268,2.259,SOURCE-DERIVED invert; DERIVED DEM ground and cover,DEM-derived rim in repository THD convention,JUNCTION,
N_2175130701_3801d9b,2175130701,2,275009.60000002076,2113746.800000006,72.8613780461984,19.104335977569203,37.692,16.71141242980957,44.14341242980957,6.451412429809572,6.451412429809572,1.575,SOURCE-DERIVED invert; DERIVED DEM ground and cover,DEM-derived rim in repository THD convention,JUNCTION,
N_2175130702_4f1ff33,2175130702,2,275024.70000002056,2113720.800000006,72.86152452227294,19.104102831619336,37.256,14.496475219726562,41.928475219726565,4.672475219726564,4.672475219726564,2.122,SOURCE-DERIVED invert; DERIVED DEM ground and cover,DEM-derived rim in repository THD convention,JUNCTION,
N_2175130703_4069fde,2175130703,2,275041.80000002123,2113758.3000000063,72.8616826265652,19.104443391053895,37.188,19.187820434570312,46.619820434570315,9.431820434570312,9.431820434570312,1.42,SOURCE-DERIVED invert; DERIVED DEM ground and cover,DEM-derived rim in repository THD convention,JUNCTION,
N_2175130704_e08a078,2175130704,2,275058.10000002093,2113735.8000000063,72.86184009660397,19.104241986662835,37.033,16.146329879760742,43.578329879760744,6.545329879760743,6.545329879760743,1.865,SOURCE-DERIVED invert; DERIVED DEM ground and cover,DEM-derived rim in repository THD convention,JUNCTION,
N_2175130705_25c695b,2175130705,2,275063.9000000205,2113734.100000005,72.86189539672931,19.104227273587394,37.022,14.47775936126709,41.90975936126709,4.8877593612670935,4.8877593612670935,2.566,SOURCE-DERIVED invert; DERIVED DEM ground and cover,DEM-derived rim in repository THD convention,JUNCTION,
N_2175130706_8e61755,2175130706,2,275068.700000021,2113721.500000006,72.86194246169315,19.104114009425032,36.937000000000005,17.183338165283203,44.615338165283205,7.678338165283201,7.678338165283201,2.566,SOURCE-DERIVED invert; DERIVED DEM ground and cover,DEM-derived rim in repository THD convention,JUNCTION,
N_2175130707_295c63f,2175130707,2,275076.2000000208,2113711.4000000064,72.86201488764368,19.10402362132902,36.859,17.183338165283203,44.615338165283205,7.7563381652832035,7.7563381652832035,2.531,SOURCE-DERIVED invert; DERIVED DEM ground and cover,DEM-derived rim in repository THD convention,JUNCTION,
N_2175131401_3b8bab5,2175131401,2,275156.70000002085,2113491.600000005,72.86280517912698,19.102047430704783,35.839,17.745546340942383,45.177546340942385,9.338546340942386,9.338546340942386,1.929,SOURCE-DERIVED invert; DERIVED DEM ground and cover,DEM-derived rim in repository THD convention,JUNCTION,
N_2175131402_af0ecd1,2175131402,2,275163.7000000203,2113478.900000006,72.86287315509757,19.101933505679384,35.81,16.500713348388672,43.932713348388674,8.122713348388672,8.122713348388672,2.178,SOURCE-DERIVED invert; DERIVED DEM ground and cover,DEM-derived rim in repository THD convention,JUNCTION,
N_2175131403_8a42a57,2175131403,2,275165.4000000213,2113475.500000005,72.86288970016138,19.101902986868055,35.802,16.500713348388672,43.932713348388674,8.130713348388674,8.130713348388674,2.426,SOURCE-DERIVED invert; DERIVED DEM ground and cover,DEM-derived rim in repository THD convention,JUNCTION,
N_2175131404_d5e5921,2175131404,2,275171.2000000202,2113465.300000007,72.86294598555624,19.101811507621836,35.7,16.500713348388672,43.932713348388674,8.232713348388671,8.232713348388671,2.426,SOURCE-DERIVED invert; DERIVED DEM ground and cover,DEM-derived rim in repository THD convention,JUNCTION,
N_2175131405_6ab7213,2175131405,2,275185.3000000204,2113438.8000000063,72.86308301462898,19.10157373402177,35.644,13.840154647827148,41.27215464782715,5.628154647827152,5.628154647827152,1.748,SOURCE-DERIVED invert; DERIVED DEM ground and cover,DEM-derived rim in repository THD convention,JUNCTION,
N_2175131501_64decf6,2175131501,2,275114.0000000212,2113570.500000005,72.86239035761199,19.102755287296652,36.019,13.915223121643066,41.34722312164307,5.32822312164307,5.32822312164307,1.859,SOURCE-DERIVED invert; DERIVED DEM ground and cover,DEM-derived rim in repository THD convention,JUNCTION,
N_2175131502_e8a868a,2175131502,2,275122.1000000201,2113555.8000000063,72.86246901671443,19.10262342130999,35.986000000000004,13.915223121643066,41.34722312164307,5.361223121643064,5.361223121643064,1.932,SOURCE-DERIVED invert; DERIVED DEM ground and cover,DEM-derived rim in repository THD convention,JUNCTION,
N_2175131503_c88c430,2175131503,2,275125.6000000207,2113548.8000000063,72.86250308038812,19.102560588568597,35.97,13.351700782775879,40.78370078277588,4.813700782775882,4.813700782775882,2.008,SOURCE-DERIVED invert; DERIVED DEM ground and cover,DEM-derived rim in repository THD convention,JUNCTION,
N_2175131504_831e1d3,2175131504,2,275128.20000002114,2113544.400000006,72.86252829197981,19.102521137822748,35.96,13.351700782775879,40.78370078277588,4.82370078277588,4.82370078277588,2.008,SOURCE-DERIVED invert; DERIVED DEM ground and cover,DEM-derived rim in repository THD convention,JUNCTION,
N_2175131505_0e3b3f8,2175131505,2,275142.30000002077,2113517.9000000055,72.86266532231076,19.10228336466586,35.899,13.0,40.432,4.533000000000001,4.533000000000001,1.929,SOURCE-DERIVED invert; DERIVED DEM ground and cover,DEM-derived rim in repository THD convention,JUNCTION,
N_2175131506_0e03dee,2175131506,2,275165.4000000212,2113556.000000005,72.8628803604566,19.10263000377673,36.139,15.84324836730957,43.27524836730957,7.13624836730957,7.13624836730957,2.2,SOURCE-DERIVED invert; DERIVED DEM ground and cover,DEM-derived rim in repository THD convention,JUNCTION,
N_2175131507_fc7244f,2175131507,2,275181.30000001844,2113530.7000000053,72.86303435188636,19.10240326635432,36.103,15.977737426757812,43.409737426757815,7.306737426757813,7.306737426757813,2.089,SOURCE-DERIVED invert; DERIVED DEM ground and cover,DEM-derived rim in repository THD convention,JUNCTION,
N_2175131508_179f014,2175131508,2,275182.70000002126,2113527.500000006,72.86304802366179,19.10237452069965,36.099000000000004,15.977737426757812,43.409737426757815,7.310737426757811,7.310737426757811,1.929,SOURCE-DERIVED invert; DERIVED DEM ground and cover,DEM-derived rim in repository THD convention,JUNCTION,
N_2175131509_d6a7410,2175131509,2,275186.80000002007,2113519.100000005,72.86308794970721,19.102299110218606,36.088,18.679317474365234,46.11131747436524,10.023317474365236,10.023317474365236,1.929,SOURCE-DERIVED invert; DERIVED DEM ground and cover,DEM-derived rim in repository THD convention,JUNCTION,
N_2175131510_40b2dc6,2175131510,2,275194.5000000206,2113503.600000005,72.86316290069058,19.102159974727662,36.065000000000005,19.795759201049805,47.22775920104981,11.162759201049802,11.162759201049802,1.89,SOURCE-DERIVED invert; DERIVED DEM ground and cover,DEM-derived rim in repository THD convention,JUNCTION,
N_2175131601_c33e265,2175131601,2,275109.30000002054,2113661.900000006,72.8623350981709,19.103580226117135,36.485,14.49670696258545,41.92870696258545,5.443706962585452,5.443706962585452,2.253,SOURCE-DERIVED invert; DERIVED DEM ground and cover,DEM-derived rim in repository THD convention,JUNCTION,
N_2175131602_813ae49,2175131602,2,275124.30000002065,2113635.7000000053,72.86248064537179,19.10334526190753,36.386,16.363195419311523,43.795195419311526,7.409195419311523,7.409195419311523,2.253,SOURCE-DERIVED invert; DERIVED DEM ground and cover,DEM-derived rim in repository THD convention,JUNCTION,
N_2175131603_93b4caf,2175131603,2,275134.0000000206,2113608.6000000047,72.86257594435853,19.103101584748455,36.288000000000004,16.32950210571289,43.76150210571289,7.473502105712889,7.473502105712889,2.2,SOURCE-DERIVED invert; DERIVED DEM ground and cover,DEM-derived rim in repository THD convention,JUNCTION,
N_2175132101_c260074,2175132101,2,275273.0000000194,2113165.400000006,72.86394789538814,19.099114253228286,35.065000000000005,12.087883949279785,39.51988394927979,4.4548839492797825,4.4548839492797825,2.183,SOURCE-DERIVED invert; DERIVED DEM ground and cover,DEM-derived rim in repository THD convention,JUNCTION,
N_2175132102_981edbe,2175132102,2,275278.80000002205,2113175.800000006,72.86400179076423,19.099208817762317,35.087,11.983728408813477,39.41572840881348,4.328728408813475,4.328728408813475,2.111,SOURCE-DERIVED invert; DERIVED DEM ground and cover,DEM-derived rim in repository THD convention,JUNCTION,
N_2175132103_0c3a503,2175132103,2,275286.1000000194,2113151.700000005,72.86407393631796,19.09899196858577,34.976,11.649759292602539,39.08175929260254,4.105759292602542,4.105759292602542,2.183,SOURCE-DERIVED invert; DERIVED DEM ground and cover,DEM-derived rim in repository THD convention,JUNCTION,
N_2175132104_2202694,2175132104,2,275289.6000000193,2113147.3000000063,72.86410769709926,19.09895261671159,34.938,11.649759292602539,39.08175929260254,4.143759292602539,4.143759292602539,2.172,SOURCE-DERIVED invert; DERIVED DEM ground and cover,DEM-derived rim in repository THD convention,JUNCTION,
N_2175132105_8e57304,2175132105,2,275299.20000002056,2113134.500000005,72.86420038280825,19.09883807436767,34.837,10.702188491821289,38.13418849182129,3.297188491821288,3.297188491821288,2.361,SOURCE-DERIVED invert; DERIVED DEM ground and cover,DEM-derived rim in repository THD convention,JUNCTION,
N_2175132201_a92bee4,2175132201,2,275270.5000000212,2113280.3000000063,72.86391082247447,19.10015167113149,35.309000000000005,12.49954891204834,39.93154891204834,4.622548912048337,4.622548912048337,1.523,SOURCE-DERIVED invert; DERIVED DEM ground and cover,DEM-derived rim in repository THD convention,JUNCTION,
N_2175132202_62100c4,2175132202,2,275285.1000000199,2113254.2000000044,72.8640525523665,19.099917564125374,35.253,13.207658767700195,40.6396587677002,5.386658767700197,5.386658767700197,1.845,SOURCE-DERIVED invert; DERIVED DEM ground and cover,DEM-derived rim in repository THD convention,JUNCTION,
N_2175132203_c294e2e,2175132203,2,275294.1000000206,2113201.600000005,72.86414415281679,19.09944351096475,35.143,11.983728408813477,39.41572840881348,4.272728408813478,4.272728408813478,2.028,SOURCE-DERIVED invert; DERIVED DEM ground and cover,DEM-derived rim in repository THD convention,JUNCTION,
N_2175132301_e39fbea,2175132301,2,275214.20000002044,2113386.7000000044,72.86336361734871,19.101106391709816,35.533,13.0,40.432,4.899000000000001,4.899000000000001,1.965,SOURCE-DERIVED invert; DERIVED DEM ground and cover,DEM-derived rim in repository THD convention,JUNCTION,
N_2175132302_33fcf06,2175132302,2,275217.30000001984,2113381.000000005,72.863393729426,19.10105525527755,35.521,13.841377258300781,41.27337725830078,5.752377258300783,5.752377258300783,1.965,SOURCE-DERIVED invert; DERIVED DEM ground and cover,DEM-derived rim in repository THD convention,JUNCTION,
N_2175132303_217daae,2175132303,2,275228.400000021,2113359.4000000055,72.86350168798029,19.100861403675662,35.476,13.841377258300781,41.27337725830078,5.797377258300784,5.797377258300784,1.727,SOURCE-DERIVED invert; DERIVED DEM ground and cover,DEM-derived rim in repository THD convention,JUNCTION,
N_2175132304_74872aa,2175132304,2,275233.20000002004,2113350.900000006,72.86354827519501,19.100785167077234,35.457,12.847541809082031,40.27954180908203,4.822541809082033,4.822541809082033,1.731,SOURCE-DERIVED invert; DERIVED DEM ground and cover,DEM-derived rim in repository THD convention,JUNCTION,
N_2175132305_c405010,2175132305,2,275242.2000000205,2113333.4000000064,72.86363580730355,19.100628112048128,35.421,12.847541809082031,40.27954180908203,4.858541809082034,4.858541809082034,1.731,SOURCE-DERIVED invert; DERIVED DEM ground and cover,DEM-derived rim in repository THD convention,JUNCTION,
N_2175132306_5b745e4,2175132306,2,275252.10000002023,2113398.2000000044,72.86372234546691,19.101214429885626,35.779,15.63453483581543,43.06653483581543,7.287534835815428,7.287534835815428,2.119,SOURCE-DERIVED invert; DERIVED DEM ground and cover,DEM-derived rim in repository THD convention,JUNCTION,
N_2175132307_eb6dec5,2175132307,2,275256.60000002,2113307.0000000047,72.86377567277243,19.10039127391317,35.365,12.511549949645996,39.943549949646,4.578549949645996,4.578549949645996,1.567,SOURCE-DERIVED invert; DERIVED DEM ground and cover,DEM-derived rim in repository THD convention,JUNCTION,
N_2175132308_fa7fe92,2175132308,2,275267.0000000209,2113372.400000006,72.86386689197941,19.100983065616006,35.672000000000004,14.331267356872559,41.76326735687256,6.091267356872557,6.091267356872557,2.826,SOURCE-DERIVED invert; DERIVED DEM ground and cover,DEM-derived rim in repository THD convention,JUNCTION,
N_2175132309_ad57394,2175132309,2,275281.500000021,2113346.3000000063,72.86400767273517,19.100748947715694,35.564,13.526198387145996,40.958198387146,5.394198387145998,5.394198387145998,3.164,SOURCE-DERIVED invert; DERIVED DEM ground and cover,DEM-derived rim in repository THD convention,JUNCTION,
N_2175132310_9d6a9a7,2175132310,2,275295.9000000206,2113320.2000000044,72.8641475030425,19.10051481864181,35.456,14.03572940826416,41.46772940826416,6.011729408264159,6.011729408264159,3.164,SOURCE-DERIVED invert; DERIVED DEM ground and cover,DEM-derived rim in repository THD convention,JUNCTION,
N_2175132401_6bd9094,2175132401,2,275200.10000001977,2113412.800000007,72.86322663551064,19.101340553099057,35.588,13.0,40.432,4.844000000000001,4.844000000000001,1.744,SOURCE-DERIVED invert; DERIVED DEM ground and cover,DEM-derived rim in repository THD convention,JUNCTION,
N_2175132402_5fc8784,2175132402,2,275208.70000002044,2113477.2000000044,72.8633008682472,19.101923115125906,36.001000000000005,16.635913848876953,44.067913848876955,8.06691384887695,8.06691384887695,1.717,SOURCE-DERIVED invert; DERIVED DEM ground and cover,DEM-derived rim in repository THD convention,JUNCTION,
N_2175132403_58ca80d,2175132403,2,275222.80000002077,2113450.700000005,72.86343789694995,19.10168534122375,35.983000000000004,17.4715633392334,44.9035633392334,8.920563339233397,8.920563339233397,1.717,SOURCE-DERIVED invert; DERIVED DEM ground and cover,DEM-derived rim in repository THD convention,JUNCTION,
N_2175132404_01d87c1,2175132404,2,275237.0000000208,2113424.3000000063,72.8635758636702,19.101448481328017,35.886,14.225574493408203,41.657574493408205,5.7715744934082025,5.7715744934082025,1.842,SOURCE-DERIVED invert; DERIVED DEM ground and cover,DEM-derived rim in repository THD convention,JUNCTION,
N_2175133101_720d41c,2175133101,2,275305.70000002114,2113135.800000006,72.86426198330875,19.09885053135354,34.808,10.702188491821289,38.13418849182129,3.3261884918212914,3.3261884918212914,2.361,SOURCE-DERIVED invert; DERIVED DEM ground and cover,DEM-derived rim in repository THD convention,JUNCTION,
N_2175133102_66bc9ae,2175133102,2,275333.4000000219,2113147.100000005,72.86452382869415,19.098955637223014,34.721000000000004,11.567917823791504,38.999917823791506,4.278917823791502,4.278917823791502,2.777,SOURCE-DERIVED invert; DERIVED DEM ground and cover,DEM-derived rim in repository THD convention,JUNCTION,
N_2175133103_4ee3d75,2175133103,2,275346.60000002047,2113153.8000000063,72.86464845469573,19.099017601254154,34.679,10.905475616455078,38.33747561645508,3.6584756164550782,4.409,4.109,SOURCE-DERIVED invert; ASSUMED rim depth,DEM nodata or DEM cover below connected pipe crown; max depth set to largest connected conduit height + 0.3 m cover assumption,JUNCTION,
N_2175133104_ed0d551,2175133104,2,275356.70000002044,2113193.600000005,72.86473979386219,19.09937815902212,34.776,11.224675178527832,38.656675178527834,3.880675178527831,3.880675178527831,2.642,SOURCE-DERIVED invert; DERIVED DEM ground and cover,DEM-derived rim in repository THD convention,JUNCTION,
N_2175133105_c52e2c1,2175133105,2,275362.90000002075,2113162.6000000047,72.86480228804105,19.099098872445477,34.624,10.905475616455078,38.33747561645508,3.713475616455078,4.814,4.514,SOURCE-DERIVED invert; ASSUMED rim depth,DEM nodata or DEM cover below connected pipe crown; max depth set to largest connected conduit height + 0.3 m cover assumption,JUNCTION,
N_2175133106_8489fa0,2175133106,2,275368.5000000207,2113165.400000006,72.86485516467839,19.09912477700858,34.606,10.816211700439453,38.248211700439455,3.6422117004394536,4.814,4.514,SOURCE-DERIVED invert; ASSUMED rim depth,DEM nodata or DEM cover below connected pipe crown; max depth set to largest connected conduit height + 0.3 m cover assumption,JUNCTION,
N_2175133107_1d669c5,2175133107,2,275377.10000001965,2113147.200000005,72.86493897561927,19.09896135516224,34.573,10.816211700439453,38.248211700439455,3.675211700439455,3.675211700439455,2.742,SOURCE-DERIVED invert; DERIVED DEM ground and cover,DEM-derived rim in repository THD convention,JUNCTION,
N_2175133108_98a14ad,2175133108,2,275389.30000002077,2113119.6000000047,72.86505807633284,19.098713435789136,34.467,12.0,39.432,4.965000000000003,4.965000000000003,2.525,SOURCE-DERIVED invert; DERIVED DEM ground and cover,DEM-derived rim in repository THD convention,JUNCTION,
N_2175133201_62e38d2,2175133201,2,275300.700000021,2113214.5000000047,72.86420535874761,19.099560741817818,35.17,12.339566230773926,39.77156623077393,4.601566230773926,4.601566230773926,2.028,SOURCE-DERIVED invert; DERIVED DEM ground and cover,DEM-derived rim in repository THD convention,JUNCTION,
N_2175133202_3a1b80e,2175133202,2,275302.30000002077,2113224.0000000056,72.86421945776165,19.099646715278165,35.188,12.339566230773926,39.77156623077393,4.5835662307739256,4.5835662307739256,1.93,SOURCE-DERIVED invert; DERIVED DEM ground and cover,DEM-derived rim in repository THD convention,JUNCTION,
N_2175133203_2e11d46,2175133203,2,275310.40000001964,2113292.300000007,72.86428849163627,19.100264444141608,35.349000000000004,14.0,41.432,6.082999999999998,6.082999999999998,2.692,SOURCE-DERIVED invert; DERIVED DEM ground and cover,DEM-derived rim in repository THD convention,JUNCTION,
N_2175133204_780e6a4,2175133204,2,275325.2000000208,2113267.4000000055,72.86443198208467,19.100041196377603,35.241,14.0,41.432,6.1910000000000025,6.1910000000000025,2.219,SOURCE-DERIVED invert; DERIVED DEM ground and cover,DEM-derived rim in repository THD convention,JUNCTION,
N_2175133205_19fdc59,2175133205,2,275333.00000002095,2113234.400000006,72.8645099093544,19.099744023754706,35.126000000000005,12.545722007751465,39.97772200775147,4.851722007751462,4.851722007751462,1.969,SOURCE-DERIVED invert; DERIVED DEM ground and cover,DEM-derived rim in repository THD convention,JUNCTION,
N_2175133206_58753cf,2175133206,2,275338.50000002026,2113244.800000007,72.86456095516027,19.099838555111294,35.159,13.069055557250977,40.50105555725098,5.34205555725098,5.34205555725098,1.969,SOURCE-DERIVED invert; DERIVED DEM ground and cover,DEM-derived rim in repository THD convention,JUNCTION,
N_2175133207_44a1840,2175133207,2,275342.4000000211,2113252.4000000064,72.8645971251767,19.099907622573923,35.188,13.069055557250977,40.50105555725098,5.313055557250976,5.313055557250976,2.017,SOURCE-DERIVED invert; DERIVED DEM ground and cover,DEM-derived rim in repository THD convention,JUNCTION,
N_2175133208_0ebe8b9,2175133208,2,275345.4000000213,2113221.2000000044,72.86462924232245,19.099626177249288,35.036,12.557710647583008,39.98971064758301,4.953710647583009,4.953710647583009,2.002,SOURCE-DERIVED invert; DERIVED DEM ground and cover,DEM-derived rim in repository THD convention,JUNCTION,
N_2175134001_de8fa66,2175134001,2,275402.71660002053,2113090.468500004,72.86518891202284,19.098451818899658,34.141,12.0,39.432,5.291000000000004,5.291000000000004,2.205,SOURCE-DERIVED invert; DERIVED DEM ground and cover,DEM-derived rim in repository THD convention,JUNCTION,
N_2175134002_e403116,2175134002,2,275411.16820002045,2113073.3263000064,72.86527118985516,19.09829793377169,34.035000000000004,12.384827613830566,39.81682761383057,5.781827613830565,5.781827613830565,2.234,SOURCE-DERIVED invert; DERIVED DEM ground and cover,DEM-derived rim in repository THD convention,JUNCTION,
N_2175134003_be96354,2175134003,2,275413.5599000207,2113064.9437000058,72.86529488263291,19.0982224915673,33.8,12.384827613830566,39.81682761383057,6.016827613830571,6.016827613830571,2.396,SOURCE-DERIVED invert; DERIVED DEM ground and cover,DEM-derived rim in repository THD convention,JUNCTION,
N_2175134004_90cf5a7,2175134004,2,275421.80000002077,2113036.000000005,72.86537651825552,19.09796200036516,33.738,12.719158172607422,40.151158172607424,6.4131581726074245,6.4131581726074245,2.396,SOURCE-DERIVED invert; DERIVED DEM ground and cover,DEM-derived rim in repository THD convention,JUNCTION,
N_2175134005_747272e,2175134005,2,275428.7988000213,2113006.8578000045,72.86544638407067,19.09769957967485,33.677,12.342710494995117,39.77471049499512,6.09771049499512,6.09771049499512,1.86,SOURCE-DERIVED invert; DERIVED DEM ground and cover,DEM-derived rim in repository THD convention,JUNCTION,
N_2175134901_dd260ed,2175134901,2,275428.2978000208,2113989.983000004,72.86532769533386,19.106578404283773,34.57,26.370098114013672,53.802098114013674,19.232098114013674,19.232098114013674,3.64,SOURCE-DERIVED invert; DERIVED DEM ground and cover,DEM-derived rim in repository THD convention,JUNCTION,
N_2175134902_027b346,2175134902,2,275449.61290002055,2113979.6259000055,72.86553140274745,19.106487215044602,34.544000000000004,26.370098114013672,53.802098114013674,19.25809811401367,19.25809811401367,3.64,SOURCE-DERIVED invert; DERIVED DEM ground and cover,DEM-derived rim in repository THD convention,JUNCTION,
N_2175134903_e6fd5f6,2175134903,2,275477.24640002067,2113967.841800005,72.86579530408612,19.10638383399877,34.511,27.328227996826172,54.760227996826174,20.24922799682617,20.24922799682617,3.055,SOURCE-DERIVED invert; DERIVED DEM ground and cover,DEM-derived rim in repository THD convention,JUNCTION,
N_2175134904_b1d46a1,2175134904,2,275484.9871000204,2113964.512100005,72.86586923144444,19.10635461528677,34.501000000000005,25.678651809692383,53.110651809692385,18.60965180969238,18.60965180969238,3.195,SOURCE-DERIVED invert; DERIVED DEM ground and cover,DEM-derived rim in repository THD convention,JUNCTION,
N_2175134905_0e9c7bf,2175134905,2,275489.15640002047,2113962.8428000063,72.86590903584191,19.106339998661475,34.497,24.369094848632812,51.801094848632815,17.304094848632815,17.304094848632815,3.195,SOURCE-DERIVED invert; DERIVED DEM ground and cover,DEM-derived rim in repository THD convention,JUNCTION,
N_2175135101_65982f3,2175135101,2,275569.00000002055,2113142.7000000053,72.86676258554441,19.09894184658714,34.6,9.674918174743652,37.106918174743655,2.506918174743653,2.506918174743653,1.928,SOURCE-DERIVED invert; DERIVED DEM ground and cover,DEM-derived rim in repository THD convention,JUNCTION,
N_2175135901_51a19e5,2175135901,2,275505.2000000213,2113956.3000000063,72.86606221820254,19.106282676079896,34.477000000000004,24.369094848632812,51.801094848632815,17.32409484863281,17.32409484863281,3.186,SOURCE-DERIVED invert; DERIVED DEM ground and cover,DEM-derived rim in repository THD convention,JUNCTION,
N_2175135902_49d19f8,2175135902,2,275532.9000000211,2113945.6000000057,72.86632662514153,19.10618909234402,34.445,24.0,51.432,16.987000000000002,16.987000000000002,3.021,SOURCE-DERIVED invert; DERIVED DEM ground and cover,DEM-derived rim in repository THD convention,JUNCTION,
N_2175135903_b5ea962,2175135903,2,275547.4778000214,2113938.2065000045,72.86646597980447,19.106123925046965,34.427,24.0,51.432,17.005000000000003,17.005000000000003,2.853,SOURCE-DERIVED invert; DERIVED DEM ground and cover,DEM-derived rim in repository THD convention,JUNCTION,
N_2175135904_c1e2a32,2175135904,2,275557.9494000212,2113931.4215000044,72.86656625246266,19.10606380098494,34.413000000000004,22.270963668823242,49.702963668823244,15.28996366882324,15.28996366882324,2.851,SOURCE-DERIVED invert; DERIVED DEM ground and cover,DEM-derived rim in repository THD convention,JUNCTION,
N_2175135905_20674cc,2175135905,2,275589.04130002175,2113929.0431000055,72.86686192005817,19.106045744685694,34.379000000000005,21.609634399414062,49.041634399414065,14.66263439941406,14.66263439941406,2.785,SOURCE-DERIVED invert; DERIVED DEM ground and cover,DEM-derived rim in repository THD convention,JUNCTION,
N_2175136001_f4c7984,2175136001,2,275615.5772000203,2113004.039700005,72.86722113002713,19.09769469086368,33.123000000000005,10.743277549743652,38.175277549743655,5.05227754974365,5.05227754974365,2.247,SOURCE-DERIVED invert; DERIVED DEM ground and cover,DEM-derived rim in repository THD convention,JUNCTION,
N_2175136002_1e1eaa6,2175136002,2,275629.2000000207,2113036.100000005,72.8673468375341,19.097985735996584,33.468,11.732181549072266,39.16418154907227,5.696181549072264,5.696181549072264,2.318,SOURCE-DERIVED invert; DERIVED DEM ground and cover,DEM-derived rim in repository THD convention,JUNCTION,
N_2175136003_f062fd4,2175136003,2,275633.8555000201,2113012.7817000053,72.86739376455456,19.097775653785664,33.082,10.743277549743652,38.175277549743655,5.093277549743654,5.093277549743654,2.247,SOURCE-DERIVED invert; DERIVED DEM ground and cover,DEM-derived rim in repository THD convention,JUNCTION,
N_2175136004_656aa65,2175136004,2,275671.50000001816,2113025.9000000055,72.86774987460953,19.097898270937137,33.0,10.512311935424805,37.94431193542481,4.944311935424807,4.944311935424807,2.036,SOURCE-DERIVED invert; DERIVED DEM ground and cover,DEM-derived rim in repository THD convention,JUNCTION,
N_2175136005_2e364da,2175136005,2,275682.2000000202,2113030.2000000044,72.86785102864118,19.097938282681145,32.988,10.512311935424805,37.94431193542481,4.956311935424807,4.956311935424807,2.05,SOURCE-DERIVED invert; DERIVED DEM ground and cover,DEM-derived rim in repository THD convention,JUNCTION,
N_2175136101_f2df2f5,2175136101,2,275603.2000000208,2113143.300000007,72.86708742318274,19.098951029604546,34.1,10.087747573852539,37.51974757385254,3.41974757385254,3.41974757385254,2.318,SOURCE-DERIVED invert; DERIVED DEM ground and cover,DEM-derived rim in repository THD convention,JUNCTION,
N_2175136901_4c9f070,2175136901,2,275648.81710001937,2113925.7044000053,72.86743021351532,19.106022172845712,34.313,25.155241012573242,52.587241012573244,18.274241012573242,18.274241012573242,2.727,SOURCE-DERIVED invert; DERIVED DEM ground and cover,DEM-derived rim in repository THD convention,JUNCTION,
N_2175136902_dd51962,2175136902,2,275678.90700001887,2113923.8376000053,72.86771630223987,19.106008625265858,34.279,25.434371948242188,52.86637194824219,18.587371948242186,18.587371948242186,2.806,SOURCE-DERIVED invert; DERIVED DEM ground and cover,DEM-derived rim in repository THD convention,JUNCTION,
N_2175137001_667366c,2175137001,2,275702.30000001984,2113027.5000000056,72.86804229421521,19.09791610931582,32.966,11.427349090576172,38.859349090576174,5.893349090576173,5.893349090576173,2.05,SOURCE-DERIVED invert; DERIVED DEM ground and cover,DEM-derived rim in repository THD convention,JUNCTION,
N_2175137002_905d582,2175137002,2,275730.40000002086,2113015.6000000047,72.86831062542961,19.09781172768759,32.934000000000005,9.934856414794922,37.366856414794924,4.432856414794919,4.432856414794919,2.034,SOURCE-DERIVED invert; DERIVED DEM ground and cover,DEM-derived rim in repository THD convention,JUNCTION,
N_2175137003_54ebb90,2175137003,2,275758.60000002035,2113006.400000006,72.86857959401411,19.097731741152437,32.902,10.79122543334961,38.22322543334961,5.3212254333496105,5.3212254333496105,2.034,SOURCE-DERIVED invert; DERIVED DEM ground and cover,DEM-derived rim in repository THD convention,JUNCTION,
N_2175137004_583c626,2175137004,2,275782.900000021,2113003.600000005,72.86881077152368,19.097709125708576,32.876000000000005,10.909222602844238,38.34122260284424,5.465222602844236,5.465222602844236,2.002,SOURCE-DERIVED invert; DERIVED DEM ground and cover,DEM-derived rim in repository THD convention,JUNCTION,
N_2175137005_56eb035,2175137005,2,275790.10000001994,2113007.800000007,72.86887868679881,19.097747848902557,32.868,10.909222602844238,38.34122260284424,5.473222602844238,5.473222602844238,2.002,SOURCE-DERIVED invert; DERIVED DEM ground and cover,DEM-derived rim in repository THD convention,JUNCTION,
N_2175137801_332309d,2175137801,2,275711.1462000199,2113889.1405000053,72.8680266112625,19.105698813711548,33.9,22.110288619995117,49.54228861999512,15.64228861999512,15.64228861999512,3.279,SOURCE-DERIVED invert; DERIVED DEM ground and cover,DEM-derived rim in repository THD convention,JUNCTION,
N_2175137802_052a2e3,2175137802,2,275717.57780001976,2113886.1608000067,72.86808806025685,19.105672610929112,33.888,22.110288619995117,49.54228861999512,15.654288619995121,15.654288619995121,3.279,SOURCE-DERIVED invert; DERIVED DEM ground and cover,DEM-derived rim in repository THD convention,JUNCTION,
N_2175137803_b6271cd,2175137803,2,275728.4050000211,2113881.278400006,72.86819149030964,19.105629707965804,33.868,22.110288619995117,49.54228861999512,15.674288619995117,15.674288619995117,3.099,SOURCE-DERIVED invert; DERIVED DEM ground and cover,DEM-derived rim in repository THD convention,JUNCTION,
N_2175137804_d32977e,2175137804,2,275796.3416000186,2113899.856600005,72.86883477884443,19.105804967644172,33.713,12.532809257507324,39.964809257507326,6.251809257507325,6.251809257507325,2.614,SOURCE-DERIVED invert; DERIVED DEM ground and cover,DEM-derived rim in repository THD convention,JUNCTION,
N_2175137901_92d3243,2175137901,2,275708.7868000206,2113921.575900005,72.8680004406026,19.105991487657697,34.246,24.241159439086914,51.673159439086916,17.427159439086914,17.427159439086914,3.016,SOURCE-DERIVED invert; DERIVED DEM ground and cover,DEM-derived rim in repository THD convention,JUNCTION,
N_2175137902_b7fd78d,2175137902,2,275714.74980002036,2113902.172100006,72.86805933904625,19.10581690246956,34.215,22.110288619995117,49.54228861999512,15.327288619995116,15.327288619995116,3.025,SOURCE-DERIVED invert; DERIVED DEM ground and cover,DEM-derived rim in repository THD convention,JUNCTION,
N_2175137903_7a829e6,2175137903,2,275719.9857000202,2113918.1206000065,72.86810723705474,19.105961514228134,34.233000000000004,24.241159439086914,51.673159439086916,17.440159439086912,17.440159439086912,3.016,SOURCE-DERIVED invert; DERIVED DEM ground and cover,DEM-derived rim in repository THD convention,JUNCTION,
N_2175137904_d329172,2175137904,2,275745.79320002027,2113906.758300006,72.8683537393794,19.105861737730176,33.815000000000005,10.0,37.432,3.6169999999999973,3.6169999999999973,2.856,SOURCE-DERIVED invert; DERIVED DEM ground and cover,DEM-derived rim in repository THD convention,JUNCTION,
N_2175137905_c82c110,2175137905,2,275754.2610000197,2113917.591100006,72.86843293482866,19.105960503639665,33.791000000000004,10.0,37.432,3.6409999999999982,3.6409999999999982,2.756,SOURCE-DERIVED invert; DERIVED DEM ground and cover,DEM-derived rim in repository THD convention,JUNCTION,
N_2175137906_8cfa3c4,2175137906,2,275769.25750002067,2113912.5920000053,72.86857598942451,19.105917005246443,33.764,10.223834037780762,37.655834037780764,3.891834037780761,3.891834037780761,2.681,SOURCE-DERIVED invert; DERIVED DEM ground and cover,DEM-derived rim in repository THD convention,JUNCTION,
N_2175138001_7e7a6c5,2175138001,2,275813.1000000192,2113020.900000006,72.86909567521987,19.097868687932102,32.839,11.0,38.432,5.5930000000000035,5.5930000000000035,1.88,SOURCE-DERIVED invert; DERIVED DEM ground and cover,DEM-derived rim in repository THD convention,JUNCTION,
N_2175138002_e0271b1,2175138002,2,275839.4000000203,2113035.2000000053,72.86934387575775,19.098000727094544,32.808,10.331111907958984,37.76311190795899,4.955111907958987,4.955111907958987,1.829,SOURCE-DERIVED invert; DERIVED DEM ground and cover,DEM-derived rim in repository THD convention,JUNCTION,
N_2175138003_4a1fb45,2175138003,2,275863.4000000204,2113052.5000000056,72.86956987941088,19.098159607061664,32.776,9.343841552734375,36.77584155273438,3.999841552734374,3.999841552734374,1.802,SOURCE-DERIVED invert; DERIVED DEM ground and cover,DEM-derived rim in repository THD convention,JUNCTION,
N_2175138004_fbee0b3,2175138004,2,275887.50000001956,2113070.300000006,72.86979677571821,19.09832301343718,32.745000000000005,11.447669982910156,38.87966998291016,6.134669982910154,6.134669982910154,1.933,SOURCE-DERIVED invert; DERIVED DEM ground and cover,DEM-derived rim in repository THD convention,JUNCTION,
N_2175138501_43ac856,2175138501,2,275808.20000002,2113560.700000005,72.86898668275524,19.10274324712614,33.785000000000004,14.461955070495605,41.89395507049561,8.108955070495604,8.108955070495604,2.743,SOURCE-DERIVED invert; DERIVED DEM ground and cover,DEM-derived rim in repository THD convention,JUNCTION,
N_2175138502_5ac50c5,2175138502,2,275821.1000000197,2113561.5000000056,72.86910914585258,19.10275189087188,33.748000000000005,14.461955070495605,41.89395507049561,8.145955070495603,8.145955070495603,2.82,SOURCE-DERIVED invert; DERIVED DEM ground and cover,DEM-derived rim in repository THD convention,JUNCTION,
N_2175138503_b14ed7b,2175138503,2,275866.3000000196,2113564.600000005,72.86953820718514,19.102784858238536,33.619,12.918408393859863,40.350408393859865,6.731408393859866,6.731408393859866,2.82,SOURCE-DERIVED invert; DERIVED DEM ground and cover,DEM-derived rim in repository THD convention,JUNCTION,
N_2175138504_2e869c6,2175138504,2,275896.10000001977,2113566.3000000063,72.86982112381635,19.102803487811247,33.534,12.647015571594238,40.07901557159424,6.5450155715942415,6.5450155715942415,2.604,SOURCE-DERIVED invert; DERIVED DEM ground and cover,DEM-derived rim in repository THD convention,JUNCTION,
N_2175138801_44483dd,2175138801,2,275823.8621000198,2113885.451800005,72.86909790717122,19.105677900791655,33.660000000000004,12.86574935913086,40.29774935913086,6.637749359130858,6.637749359130858,3.023,SOURCE-DERIVED invert; DERIVED DEM ground and cover,DEM-derived rim in repository THD convention,JUNCTION,
N_2175138802_f334088,2175138802,2,275863.16320001986,2113885.209400006,72.86947131951182,19.10568003398155,33.592,14.104537010192871,41.53653701019287,7.9445370101928745,7.9445370101928745,3.353,SOURCE-DERIVED invert; DERIVED DEM ground and cover,DEM-derived rim in repository THD convention,JUNCTION,
N_2175138803_8a77581,2175138803,2,275881.48860001995,2113886.8788000043,72.86964522885336,19.105697126026453,33.561,14.104537010192871,41.53653701019287,7.975537010192873,7.975537010192873,3.353,SOURCE-DERIVED invert; DERIVED DEM ground and cover,DEM-derived rim in repository THD convention,JUNCTION,
N_2175139001_835dd75,2175139001,2,275910.90000002016,2113089.100000006,72.87001690673428,19.09849537395281,32.713,12.479604721069336,39.91160472106934,7.198604721069337,7.198604721069337,2.075,SOURCE-DERIVED invert; DERIVED DEM ground and cover,DEM-derived rim in repository THD convention,JUNCTION,
N_2175139101_ba72e5d,2175139101,2,275934.90000001976,2113106.9000000055,72.87024285394173,19.0986587688692,32.681000000000004,11.664762496948242,39.096762496948244,6.41576249694824,6.41576249694824,2.097,SOURCE-DERIVED invert; DERIVED DEM ground and cover,DEM-derived rim in repository THD convention,JUNCTION,
N_2175139102_3a0196e,2175139102,2,275956.2000000201,2113128.2000000053,72.8704427464444,19.098853476463752,32.649,11.0,38.432,5.783000000000001,5.783000000000001,2.322,SOURCE-DERIVED invert; DERIVED DEM ground and cover,DEM-derived rim in repository THD convention,JUNCTION,
N_2175139103_6294386,2175139103,2,275978.40000002034,2113148.2000000044,72.87065133987946,19.099036542059963,32.617000000000004,10.242815017700195,37.6748150177002,5.057815017700193,5.057815017700193,2.322,SOURCE-DERIVED invert; DERIVED DEM ground and cover,DEM-derived rim in repository THD convention,JUNCTION,
N_2175139501_0eef79b,2175139501,2,275926.4000000206,2113568.700000005,72.8701087098388,19.102828493831968,33.449,11.982213020324707,39.41421302032471,5.965213020324711,5.965213020324711,2.699,SOURCE-DERIVED invert; DERIVED DEM ground and cover,DEM-derived rim in repository THD convention,JUNCTION,
N_2175139502_ed97c13,2175139502,2,275956.2000000198,2113571.000000005,72.87039155733119,19.102852541326307,33.364000000000004,11.701762199401855,39.13376219940186,5.769762199401853,5.769762199401853,2.699,SOURCE-DERIVED invert; DERIVED DEM ground and cover,DEM-derived rim in repository THD convention,JUNCTION,
N_2175139503_477b5b7,2175139503,2,275987.4000000199,2113573.100000005,72.87068772870964,19.102874935982243,33.275,15.609004974365234,43.04100497436524,9.766004974365238,9.766004974365238,2.684,SOURCE-DERIVED invert; DERIVED DEM ground and cover,DEM-derived rim in repository THD convention,JUNCTION,
N_2175139801_e6610d3,2175139801,2,275918.7051000197,2113884.8504000064,72.869999042951,19.10568289901106,33.161,16.45294189453125,43.88494189453125,10.72394189453125,10.72394189453125,3.767,SOURCE-DERIVED invert; DERIVED DEM ground and cover,DEM-derived rim in repository THD convention,JUNCTION,
N_2175139802_a3cfc7a,2175139802,2,275954.790300021,2113867.1159000057,72.87034392524285,19.10552670034323,32.998000000000005,14.742020606994629,42.17402060699463,9.176020606994626,9.176020606994626,3.552,SOURCE-DERIVED invert; DERIVED DEM ground and cover,DEM-derived rim in repository THD convention,JUNCTION,
N_2175139803_9a4403b,2175139803,2,275981.11500002,2113852.594500005,72.87059570484935,19.105398446690668,32.876000000000005,13.70712947845459,41.13912947845459,8.263129478454587,8.263129478454587,3.713,SOURCE-DERIVED invert; DERIVED DEM ground and cover,DEM-derived rim in repository THD convention,JUNCTION,
N_2175139901_ed9aead,2175139901,2,275910.09180001915,2113991.9844000065,72.86990481964534,19.10664951169129,33.496,13.350016593933105,40.78201659393311,7.286016593933105,7.286016593933105,3.751,SOURCE-DERIVED invert; DERIVED DEM ground and cover,DEM-derived rim in repository THD convention,JUNCTION,
N_2175139902_e0a6657,2175139902,2,275915.63470002,2113965.6788000055,72.86996052352868,19.106412547291928,33.413000000000004,13.968607902526855,41.40060790252686,7.987607902526854,7.987607902526854,3.796,SOURCE-DERIVED invert; DERIVED DEM ground and cover,DEM-derived rim in repository THD convention,JUNCTION,
N_2175139903_91ea8d0,2175139903,2,275919.6747000203,2113937.829600007,72.87000212724094,19.106161476895068,33.326,13.968607902526855,41.40060790252686,8.074607902526857,8.074607902526857,3.796,SOURCE-DERIVED invert; DERIVED DEM ground and cover,DEM-derived rim in repository THD convention,JUNCTION,
N_2175139904_8bdeafa,2175139904,2,275922.8000000195,2113907.100000005,72.8700353737045,19.105884292135205,33.231,16.962940216064453,44.394940216064455,11.163940216064454,11.163940216064454,3.767,SOURCE-DERIVED invert; DERIVED DEM ground and cover,DEM-derived rim in repository THD convention,JUNCTION,
N_2175140301_05bf33c,2175140301,2,275002.5000000206,2114365.8000000063,72.861238701867,19.109925538624218,41.0,16.083059310913086,43.51505931091309,2.515059310913088,2.515059310913088,1.99,SOURCE-DERIVED invert; DERIVED DEM ground and cover,DEM-derived rim in repository THD convention,JUNCTION,
N_2175140302_2844647,2175140302,2,275019.60000002047,2114357.800000007,72.86140209475637,19.109855176732832,40.6,15.095593452453613,42.527593452453615,1.927593452453614,2.29,1.99,SOURCE-DERIVED invert; ASSUMED rim depth,DEM nodata or DEM cover below connected pipe crown; max depth set to largest connected conduit height + 0.3 m cover assumption,JUNCTION,
N_2175140303_add17ee,2175140303,2,275025.30000002135,2114339.1000000057,72.8614584212598,19.109686921689338,40.2,15.095593452453613,42.527593452453615,2.3275934524536126,2.3275934524536126,1.99,SOURCE-DERIVED invert; DERIVED DEM ground and cover,DEM-derived rim in repository THD convention,JUNCTION,
N_2175140304_a5b2cad,2175140304,2,275060.9000000214,2114335.300000007,72.86179709060686,19.109656533113064,39.949000000000005,15.108771324157715,42.54077132415772,2.591771324157712,2.591771324157712,2.241,SOURCE-DERIVED invert; DERIVED DEM ground and cover,DEM-derived rim in repository THD convention,JUNCTION,
N_2175141201_dd81376,2175141201,2,275183.900000021,2114296.100000005,72.86297023765354,19.109316081944332,38.9,25.832902908325195,53.2649029083252,14.364902908325199,14.364902908325199,1.99,SOURCE-DERIVED invert; DERIVED DEM ground and cover,DEM-derived rim in repository THD convention,JUNCTION,
N_2175141301_3575cac,2175141301,2,275135.900000021,2114312.2000000044,72.86251233150313,19.109456188917292,39.4,29.0,56.432,17.032000000000004,17.032000000000004,2.241,SOURCE-DERIVED invert; DERIVED DEM ground and cover,DEM-derived rim in repository THD convention,JUNCTION,
N_2175142201_6a95c9c,2175142201,2,275206.2000000207,2114289.9000000064,72.86318282447314,19.109262548298073,38.6,20.437179565429688,47.86917956542969,9.269179565429688,9.269179565429688,1.99,SOURCE-DERIVED invert; DERIVED DEM ground and cover,DEM-derived rim in repository THD convention,JUNCTION,
N_2175142202_a8d4173,2175142202,2,275236.1000000207,2114285.100000005,72.86346745459839,19.109222496460017,38.4,20.868045806884766,48.30004580688477,9.90004580688477,9.90004580688477,1.99,SOURCE-DERIVED invert; DERIVED DEM ground and cover,DEM-derived rim in repository THD convention,JUNCTION,
N_2175142203_b70f26f,2175142203,2,275260.80000002205,2114274.2000000044,72.86370338835025,19.10912677996377,38.2,21.93299102783203,49.36499102783203,11.16499102783203,11.16499102783203,1.99,SOURCE-DERIVED invert; DERIVED DEM ground and cover,DEM-derived rim in repository THD convention,JUNCTION,
N_2175142204_2c64cdf,2175142204,2,275276.00000002026,2114267.600000005,72.86384856573572,19.109068849938268,38.085,23.573951721191406,51.00595172119141,12.920951721191408,12.920951721191408,2.105,SOURCE-DERIVED invert; DERIVED DEM ground and cover,DEM-derived rim in repository THD convention,JUNCTION,
N_2175143001_29c7f5a,2175143001,2,275340.30670001986,2114055.0873000063,72.86448417461969,19.107156681202646,36.343,24.492483139038086,51.92448313903809,15.581483139038085,15.581483139038085,2.488,SOURCE-DERIVED invert; DERIVED DEM ground and cover,DEM-derived rim in repository THD convention,JUNCTION,
N_2175143002_001d14f,2175143002,2,275341.615600019,2114050.5639000046,72.86449713459395,19.107115973441413,36.329,24.492483139038086,51.92448313903809,15.595483139038087,15.595483139038087,2.79,SOURCE-DERIVED invert; DERIVED DEM ground and cover,DEM-derived rim in repository THD convention,JUNCTION,
N_2175143003_d1aff91,2175143003,2,275344.2497000204,2114066.6291000065,72.86452029728608,19.10726135298414,36.38,27.589275360107422,55.021275360107424,18.64127536010742,18.64127536010742,2.874,SOURCE-DERIVED invert; DERIVED DEM ground and cover,DEM-derived rim in repository THD convention,JUNCTION,
N_2175143004_7306331,2175143004,2,275353.29930002126,2114044.6136000063,72.86460882744082,19.107063522598533,36.289,24.492483139038086,51.92448313903809,15.635483139038087,15.635483139038087,3.021,SOURCE-DERIVED invert; DERIVED DEM ground and cover,DEM-derived rim in repository THD convention,JUNCTION,
N_2175143005_0d09e58,2175143005,2,275357.8241000206,2114093.257800006,72.86464617531622,19.107503340337413,36.47,24.201765060424805,51.63376506042481,15.163765060424808,15.163765060424808,2.874,SOURCE-DERIVED invert; DERIVED DEM ground and cover,DEM-derived rim in repository THD convention,JUNCTION,
N_2175143006_143711a,2175143006,2,275379.85020002123,2114030.6844000053,72.86486269347103,19.106940650723452,36.199000000000005,25.270051956176758,52.70205195617676,16.503051956176755,16.503051956176755,3.021,SOURCE-DERIVED invert; DERIVED DEM ground and cover,DEM-derived rim in repository THD convention,JUNCTION,
N_2175143101_2129f00,2175143101,2,275363.6740000202,2114122.9021000057,72.86469831586955,19.10777171088568,36.56,21.144210815429688,48.57621081542969,12.016210815429687,12.016210815429687,2.276,SOURCE-DERIVED invert; DERIVED DEM ground and cover,DEM-derived rim in repository THD convention,JUNCTION,
N_2175143102_62960e3,2175143102,2,275364.98300002085,2114127.9011000055,72.8647101726076,19.107817002500752,36.576,21.144210815429688,48.57621081542969,12.00021081542969,12.00021081542969,2.276,SOURCE-DERIVED invert; DERIVED DEM ground and cover,DEM-derived rim in repository THD convention,JUNCTION,
N_2175143103_2e9de1f,2175143103,2,275367.8000000202,2114149.700000005,72.8647344083308,19.108014184794854,36.642,20.67697525024414,48.10897525024414,11.46697525024414,11.46697525024414,1.965,SOURCE-DERIVED invert; DERIVED DEM ground and cover,DEM-derived rim in repository THD convention,JUNCTION,
N_2175143104_b2e2e4d,2175143104,2,275369.37850002013,2114199.2699000053,72.864743657118,19.108462037995864,36.81,23.21455955505371,50.64655955505371,13.83655955505371,13.83655955505371,2.558,SOURCE-DERIVED invert; DERIVED DEM ground and cover,DEM-derived rim in repository THD convention,JUNCTION,
N_2175143105_f399b4e,2175143105,2,275377.47470002086,2114178.4391000047,72.86482299244666,19.10827480182153,36.733000000000004,20.67697525024414,48.10897525024414,11.375975250244139,11.375975250244139,2.053,SOURCE-DERIVED invert; DERIVED DEM ground and cover,DEM-derived rim in repository THD convention,JUNCTION,
N_2175143106_4f4c3fa,2175143106,2,275379.3815000213,2114190.5822000057,72.86483970038384,19.10838467963269,36.77,23.21455955505371,50.64655955505371,13.87655955505371,13.87655955505371,2.558,SOURCE-DERIVED invert; DERIVED DEM ground and cover,DEM-derived rim in repository THD convention,JUNCTION,
N_2175143201_92dbf4c,2175143201,2,275308.3000000198,2114243.3000000063,72.86415825923129,19.10885295195155,37.805,26.50511932373047,53.93711932373047,16.13211932373047,16.13211932373047,2.185,SOURCE-DERIVED invert; DERIVED DEM ground and cover,DEM-derived rim in repository THD convention,JUNCTION,
N_2175143202_c929593,2175143202,2,275320.3614000206,2114227.8543000054,72.86427464317904,19.10871478759121,37.0,28.461584091186523,55.893584091186526,18.893584091186526,18.893584091186526,2.667,SOURCE-DERIVED invert; DERIVED DEM ground and cover,DEM-derived rim in repository THD convention,JUNCTION,
N_2175143203_5c3e225,2175143203,2,275322.38160002104,2114220.7229000046,72.86429466373961,19.108650604745556,36.978,28.461584091186523,55.893584091186526,18.915584091186524,18.915584091186524,2.745,SOURCE-DERIVED invert; DERIVED DEM ground and cover,DEM-derived rim in repository THD convention,JUNCTION,
N_2175143204_96e61ba,2175143204,2,275326.9677000211,2114214.8697000053,72.86433891398585,19.10859824856113,36.955,28.461584091186523,55.893584091186526,18.938584091186527,18.938584091186527,2.779,SOURCE-DERIVED invert; DERIVED DEM ground and cover,DEM-derived rim in repository THD convention,JUNCTION,
N_2175143205_aab1beb,2175143205,2,275341.0339000209,2114217.722400006,72.86447222249338,19.108625562846658,36.912,26.1779727935791,53.609972793579104,16.697972793579105,16.697972793579105,2.807,SOURCE-DERIVED invert; DERIVED DEM ground and cover,DEM-derived rim in repository THD convention,JUNCTION,
N_2175143206_5b9ce66,2175143206,2,275357.5817000206,2114207.841000005,72.86463058485647,19.108538145511083,36.854,27.460220336914062,54.892220336914065,18.038220336914065,18.038220336914065,2.807,SOURCE-DERIVED invert; DERIVED DEM ground and cover,DEM-derived rim in repository THD convention,JUNCTION,
N_2175143801_1e49cca,2175143801,2,275390.418800021,2114897.610900005,72.86486256692929,19.114771262405114,40.639,19.122150421142578,46.55415042114258,5.915150421142577,5.915150421142577,3.16,SOURCE-DERIVED invert; DERIVED DEM ground and cover,DEM-derived rim in repository THD convention,JUNCTION,
N_2175143901_b7f5923,2175143901,2,275376.1172000214,2114910.4720000047,72.86472519409321,19.114885837462577,40.726,22.792736053466797,50.2247360534668,9.4987360534668,9.4987360534668,3.073,SOURCE-DERIVED invert; DERIVED DEM ground and cover,DEM-derived rim in repository THD convention,JUNCTION,
N_2175143902_49ab38d,2175143902,2,275386.96060002013,2114928.323200006,72.86482614765248,19.115048252024113,40.821000000000005,22.792736053466797,50.2247360534668,9.403736053466794,9.403736053466794,2.977,SOURCE-DERIVED invert; DERIVED DEM ground and cover,DEM-derived rim in repository THD convention,JUNCTION,
N_2175143903_8c0982c,2175143903,2,275389.46540002147,2114955.7058000057,72.86484676968857,19.115295827724058,40.945,22.062915802001953,49.494915802001955,8.549915802001955,8.549915802001955,2.853,SOURCE-DERIVED invert; DERIVED DEM ground and cover,DEM-derived rim in repository THD convention,JUNCTION,
N_2175143904_2263fc3,2175143904,2,275394.16790002066,2114978.968900006,72.8648887502667,19.115506441451295,41.053000000000004,26.629926681518555,54.06192668151856,13.008926681518552,13.008926681518552,2.888,SOURCE-DERIVED invert; DERIVED DEM ground and cover,DEM-derived rim in repository THD convention,JUNCTION,
N_2175144001_63d5191,2175144001,2,275406.7566000198,2114017.114300004,72.86511989500299,19.106821060767626,36.108000000000004,24.010910034179688,51.44291003417969,15.334910034179686,15.334910034179686,2.831,SOURCE-DERIVED invert; DERIVED DEM ground and cover,DEM-derived rim in repository THD convention,JUNCTION,
N_2175144002_fb74daf,2175144002,2,275416.4526000214,2114012.106300005,72.86521259382069,19.10677690063933,36.076,24.010910034179688,51.44291003417969,15.36691003417969,15.36691003417969,2.557,SOURCE-DERIVED invert; DERIVED DEM ground and cover,DEM-derived rim in repository THD convention,JUNCTION,
N_2175144801_86c8b4b,2175144801,2,275430.4309000203,2114888.205200005,72.86524381671067,19.11469072833676,40.402,23.279775619506836,50.71177561950684,10.309775619506837,10.309775619506837,3.196,SOURCE-DERIVED invert; DERIVED DEM ground and cover,DEM-derived rim in repository THD convention,JUNCTION,
N_2175144802_8115aa8,2175144802,2,275451.14810002025,2114869.878300005,72.86544277808225,19.11452749692158,40.277,25.88125228881836,53.31325228881836,13.03625228881836,13.03625228881836,3.322,SOURCE-DERIVED invert; DERIVED DEM ground and cover,DEM-derived rim in repository THD convention,JUNCTION,
N_2175144803_a60daeb,2175144803,2,275483.79120001994,2114868.325700005,72.86575310310789,19.114517072902874,40.128,21.031888961791992,48.463888961791994,8.335888961791994,8.335888961791994,3.47,SOURCE-DERIVED invert; DERIVED DEM ground and cover,DEM-derived rim in repository THD convention,JUNCTION,
N_2175144901_871cb2f,2175144901,2,275406.2000000215,2114982.200000005,72.86500269416202,19.11553694902502,41.11,25.651247024536133,53.083247024536135,11.973247024536136,11.973247024536136,2.888,SOURCE-DERIVED invert; DERIVED DEM ground and cover,DEM-derived rim in repository THD convention,JUNCTION,
N_2175144902_86e7ed0,2175144902,2,275426.1324000206,2114903.561300006,72.86520119529249,19.11482893951333,40.474000000000004,19.91546058654785,47.347460586547854,6.87346058654785,6.87346058654785,3.16,SOURCE-DERIVED invert; DERIVED DEM ground and cover,DEM-derived rim in repository THD convention,JUNCTION,
N_2175145801_cca7abe,2175145801,2,275504.2336000212,2114821.664900004,72.8659527377475,19.114097919413823,39.897,30.245983123779297,57.6779831237793,17.7809831237793,17.7809831237793,3.47,SOURCE-DERIVED invert; DERIVED DEM ground and cover,DEM-derived rim in repository THD convention,JUNCTION,
N_2175145802_212b3e0,2175145802,2,275544.3589000214,2114827.022900006,72.8663333499046,19.11415073038145,39.714,20.041473388671875,47.47347338867188,7.7594733886718785,7.7594733886718785,3.301,SOURCE-DERIVED invert; DERIVED DEM ground and cover,DEM-derived rim in repository THD convention,JUNCTION,
N_2175145803_4d37ea3,2175145803,2,275562.9429000202,2114819.762200005,72.8665107593715,19.11408720450264,39.623000000000005,19.531068801879883,46.963068801879885,7.34006880187988,7.34006880187988,3.285,SOURCE-DERIVED invert; DERIVED DEM ground and cover,DEM-derived rim in repository THD convention,JUNCTION,
N_2175145804_6a707fc,2175145804,2,275592.3541000199,2114813.093800007,72.86679097003775,19.114030220373703,39.486000000000004,19.923433303833008,47.35543330383301,7.869433303833006,7.869433303833006,3.312,SOURCE-DERIVED invert; DERIVED DEM ground and cover,DEM-derived rim in repository THD convention,JUNCTION,
N_2175146701_d3d0b97,2175146701,2,275689.2655000204,2114797.8454000056,72.86771349847432,19.113903180826163,39.004000000000005,17.94066047668457,45.37266047668457,6.368660476684568,6.368660476684568,3.005,SOURCE-DERIVED invert; DERIVED DEM ground and cover,DEM-derived rim in repository THD convention,JUNCTION,
N_2175146801_95fbf60,2175146801,2,275629.74830002006,2114810.930800006,72.867146505548,19.114014804567425,39.316,21.835845947265625,49.26784594726563,9.951845947265625,9.951845947265625,3.312,SOURCE-DERIVED invert; DERIVED DEM ground and cover,DEM-derived rim in repository THD convention,JUNCTION,
N_2175146802_0dfc848,2175146802,2,275667.74840002094,2114802.7518000063,72.86750849469881,19.11394512259695,39.14,23.201126098632812,50.633126098632815,11.493126098632814,11.493126098632814,3.083,SOURCE-DERIVED invert; DERIVED DEM ground and cover,DEM-derived rim in repository THD convention,JUNCTION,
N_2175147801_e3e15d2,2175147801,2,275709.27160001954,2114814.9875000063,72.86790159228686,19.11406019872799,38.842,15.373677253723145,42.80567725372315,3.963677253723148,3.963677253723148,3.356,SOURCE-DERIVED invert; DERIVED DEM ground and cover,DEM-derived rim in repository THD convention,JUNCTION,
N_2175147802_4cbaaa3,2175147802,2,275730.94210002135,2114833.5298000053,72.86810533790344,19.114230045307764,38.666000000000004,18.2269229888916,45.658922988891604,6.9929229888916,6.9929229888916,3.356,SOURCE-DERIVED invert; DERIVED DEM ground and cover,DEM-derived rim in repository THD convention,JUNCTION,
N_2175147803_38fb011,2175147803,2,275750.7058000199,2114874.1145000053,72.86828841456642,19.114598753014572,38.519,16.70516586303711,44.13716586303711,5.618165863037113,5.618165863037113,2.592,SOURCE-DERIVED invert; DERIVED DEM ground and cover,DEM-derived rim in repository THD convention,JUNCTION,
N_2175147804_e29438f,2175147804,2,275755.11750002025,2114854.001600004,72.8683326597993,19.114417593302957,38.551,16.70516586303711,44.13716586303711,5.58616586303711,5.58616586303711,3.31,SOURCE-DERIVED invert; DERIVED DEM ground and cover,DEM-derived rim in repository THD convention,JUNCTION,
N_2175147805_7b0240b,2175147805,2,275761.19360001985,2114876.1967000053,72.868387819186,19.114618712448138,38.506,16.70516586303711,44.13716586303711,5.631165863037111,5.631165863037111,2.655,SOURCE-DERIVED invert; DERIVED DEM ground and cover,DEM-derived rim in repository THD convention,JUNCTION,
N_2175147806_8ee838f,2175147806,2,275789.8938000208,2114869.169300005,72.86866131670998,19.114558404999148,38.481,15.50544548034668,42.93744548034668,4.45644548034668,4.45644548034668,2.664,SOURCE-DERIVED invert; DERIVED DEM ground and cover,DEM-derived rim in repository THD convention,JUNCTION,
N_2175148001_3b5f8f9,2175148001,2,275856.01840002066,2114086.0053000064,72.86938020823222,19.107492696284638,33.856,12.549149513244629,39.98114951324463,6.125149513244629,6.125149513244629,3.41,SOURCE-DERIVED invert; DERIVED DEM ground and cover,DEM-derived rim in repository THD convention,JUNCTION,
N_2175148002_24e9c3a,2175148002,2,275898.779800021,2114052.098700005,72.86979039429606,19.107191178264134,33.688,13.512030601501465,40.94403060150147,7.256030601501465,7.256030601501465,3.361,SOURCE-DERIVED invert; DERIVED DEM ground and cover,DEM-derived rim in repository THD convention,JUNCTION,
N_2175148101_e6e4deb,2175148101,2,275870.1105000219,2114112.021400006,72.86951108323738,19.10772920537205,33.947,11.560245513916016,38.99224551391602,5.045245513916015,5.045245513916015,3.41,SOURCE-DERIVED invert; DERIVED DEM ground and cover,DEM-derived rim in repository THD convention,JUNCTION,
N_2175148102_d45636a,2175148102,2,275880.62940002035,2114130.637500005,72.86960886667725,19.107898489809237,34.004000000000005,13.571955680847168,41.00395568084717,6.999955680847165,6.999955680847165,3.382,SOURCE-DERIVED invert; DERIVED DEM ground and cover,DEM-derived rim in repository THD convention,JUNCTION,
N_2175148103_a407f05,2175148103,2,275890.2035000186,2114146.708400005,72.86969796845118,19.108044683842582,34.079,13.596929550170898,41.0289295501709,6.9499295501709,6.9499295501709,3.278,SOURCE-DERIVED invert; DERIVED DEM ground and cover,DEM-derived rim in repository THD convention,JUNCTION,
N_2175148401_c6102b5,2175148401,2,275861.62800001935,2114472.5752000054,72.86938877243801,19.11098454108685,35.435,14.0,41.432,5.997,5.997,3.912,SOURCE-DERIVED invert; DERIVED DEM ground and cover,DEM-derived rim in repository THD convention,JUNCTION,
N_2175148402_998da6d,2175148402,2,275865.1993000208,2114484.718300006,72.86942129779523,19.111094601874633,35.480000000000004,14.295510292053223,41.727510292053225,6.247510292053221,6.247510292053221,3.769,SOURCE-DERIVED invert; DERIVED DEM ground and cover,DEM-derived rim in repository THD convention,JUNCTION,
N_2175148403_c8a12ef,2175148403,2,275878.41820002,2114461.742400006,72.8695495481622,19.110888553792314,35.365,14.0,41.432,6.067,6.067,3.912,SOURCE-DERIVED invert; DERIVED DEM ground and cover,DEM-derived rim in repository THD convention,JUNCTION,
N_2175148501_509831a,2175148501,2,275873.0046000199,2114509.8212000057,72.86949255037361,19.111322172199404,35.573,14.295510292053223,41.727510292053225,6.154510292053224,6.154510292053224,3.881,SOURCE-DERIVED invert; DERIVED DEM ground and cover,DEM-derived rim in repository THD convention,JUNCTION,
N_2175148502_39c9d96,2175148502,2,275886.11040001933,2114568.7418000065,72.86961024956358,19.111855743226958,35.791000000000004,23.580711364746094,51.012711364746096,15.221711364746092,15.221711364746092,3.858,SOURCE-DERIVED invert; DERIVED DEM ground and cover,DEM-derived rim in repository THD convention,JUNCTION,
N_2175148503_7540e12,2175148503,2,275888.01730002026,2114551.8330000057,72.86963032358727,19.111703244596566,35.730000000000004,23.580711364746094,51.012711364746096,15.282711364746092,15.282711364746092,3.881,SOURCE-DERIVED invert; DERIVED DEM ground and cover,DEM-derived rim in repository THD convention,JUNCTION,
N_2175148504_0fb457c,2175148504,2,275891.5563000203,2114595.083300005,72.86965894269532,19.11209424015541,36.026,18.621967315673828,46.05396731567383,10.027967315673827,10.027967315673827,4.414,SOURCE-DERIVED invert; DERIVED DEM ground and cover,DEM-derived rim in repository THD convention,JUNCTION,
N_2175148601_cb5e1dc,2175148601,2,275898.7152000212,2114613.1768000047,72.8697248655476,19.112258435367647,36.197,16.224788665771484,43.65678866577149,7.459788665771484,7.459788665771484,4.858,SOURCE-DERIVED invert; DERIVED DEM ground and cover,DEM-derived rim in repository THD convention,JUNCTION,
N_2175148701_04f667e,2175148701,2,275875.6872000192,2114775.4080000054,72.86948730147867,19.11372106002152,37.904,23.283767700195312,50.715767700195315,12.811767700195311,12.811767700195311,3.591,SOURCE-DERIVED invert; DERIVED DEM ground and cover,DEM-derived rim in repository THD convention,JUNCTION,
N_2175148702_c06d9cf,2175148702,2,275882.49180001975,2114787.8914000057,72.86955050768199,19.113834549874753,38.029,17.43208122253418,44.86408122253418,6.835081222534178,6.835081222534178,3.389,SOURCE-DERIVED invert; DERIVED DEM ground and cover,DEM-derived rim in repository THD convention,JUNCTION,
N_2175148703_24a3e20,2175148703,2,275885.712500021,2114794.414500006,72.86958035285065,19.113893816224007,38.093,17.60690689086914,45.03890689086914,6.945906890869139,6.945906890869139,3.305,SOURCE-DERIVED invert; DERIVED DEM ground and cover,DEM-derived rim in repository THD convention,JUNCTION,
N_2175148704_29b4a80,2175148704,2,275892.3643000218,2114770.4089000057,72.86964633027725,19.113677746340677,37.751000000000005,23.546499252319336,50.97849925231934,13.227499252319333,13.227499252319333,3.603,SOURCE-DERIVED invert; DERIVED DEM ground and cover,DEM-derived rim in repository THD convention,JUNCTION,
N_2175148801_a1a5e47,2175148801,2,275819.06260002055,2114861.675200006,72.86893932032697,19.114493933789152,38.455,17.16551399230957,44.59751399230957,6.142513992309574,6.142513992309574,2.664,SOURCE-DERIVED invert; DERIVED DEM ground and cover,DEM-derived rim in repository THD convention,JUNCTION,
N_2175148802_8357131,2175148802,2,275846.3406000198,2114849.2180000064,72.86919993359653,19.114384430884208,38.433,17.60143280029297,45.03343280029297,6.600432800292971,6.600432800292971,2.686,SOURCE-DERIVED invert; DERIVED DEM ground and cover,DEM-derived rim in repository THD convention,JUNCTION,
N_2175148803_632f217,2175148803,2,275859.20400001993,2114825.892100007,72.86932485007269,19.114175183230852,38.414,16.4125919342041,43.844591934204104,5.430591934204102,5.430591934204102,2.707,SOURCE-DERIVED invert; DERIVED DEM ground and cover,DEM-derived rim in repository THD convention,JUNCTION,
N_2175148804_7e4a042,2175148804,2,275859.5000000206,2114878.700000005,72.86932154982885,19.114652139367422,39.345,18.824111938476562,46.256111938476565,6.911111938476566,6.911111938476566,3.323,SOURCE-DERIVED invert; DERIVED DEM ground and cover,DEM-derived rim in repository THD convention,JUNCTION,
N_2175148805_d54c812,2175148805,2,275882.3000000201,2114873.000000005,72.86953883509159,19.11460316952551,39.138000000000005,18.824111938476562,46.256111938476565,7.118111938476559,7.118111938476559,3.323,SOURCE-DERIVED invert; DERIVED DEM ground and cover,DEM-derived rim in repository THD convention,JUNCTION,
N_2175148806_9cc56d4,2175148806,2,275885.609400021,2114824.0343000055,72.86957594524975,19.11416131000232,38.386,16.370901107788086,43.80290110778809,5.416901107788085,5.416901107788085,2.707,SOURCE-DERIVED invert; DERIVED DEM ground and cover,DEM-derived rim in repository THD convention,JUNCTION,
N_2175148807_87930c2,2175148807,2,275886.9184000208,2114815.6965000057,72.86958934715378,19.11408615288639,38.356,17.60690689086914,45.03890689086914,6.682906890869141,6.682906890869141,2.971,SOURCE-DERIVED invert; DERIVED DEM ground and cover,DEM-derived rim in repository THD convention,JUNCTION,
N_2175148808_683ade9,2175148808,2,275898.5000000196,2114859.6000000047,72.869694304018,19.114483932400134,38.954,19.046127319335938,46.47812731933594,7.524127319335939,7.524127319335939,3.2,SOURCE-DERIVED invert; DERIVED DEM ground and cover,DEM-derived rim in repository THD convention,JUNCTION,
N_2175148901_7ef597e,2175148901,2,275869.4000000206,2114910.700000005,72.86941190695732,19.114942229979636,39.638000000000005,25.15964698791504,52.59164698791504,12.953646987915036,12.953646987915036,3.14,SOURCE-DERIVED invert; DERIVED DEM ground and cover,DEM-derived rim in repository THD convention,JUNCTION,
N_2175148902_7be9e86,2175148902,2,275877.9000000204,2114953.2000000044,72.86948774738528,19.115326995105356,40.019000000000005,29.7874698638916,57.219469863891604,17.2004698638916,17.2004698638916,2.979,SOURCE-DERIVED invert; DERIVED DEM ground and cover,DEM-derived rim in repository THD convention,JUNCTION,
N_2175148903_487d20b,2175148903,2,275882.9000000204,2114997.7000000053,72.86953010244092,19.115729437722376,40.411,29.475879669189453,56.907879669189455,16.496879669189454,16.496879669189454,2.915,SOURCE-DERIVED invert; DERIVED DEM ground and cover,DEM-derived rim in repository THD convention,JUNCTION,
N_2175149001_f85cc36,2175149001,2,275908.5000000206,2114028.500000005,72.86988547269463,19.1069791201071,33.609,13.512030601501465,40.94403060150147,7.335030601501465,7.335030601501465,3.389,SOURCE-DERIVED invert; DERIVED DEM ground and cover,DEM-derived rim in repository THD convention,JUNCTION,
N_2175149101_a607f64,2175149101,2,275904.9067000216,2114169.9598000045,72.86983497002639,19.108256291139426,34.17,16.2506160736084,43.6826160736084,9.512616073608399,9.512616073608399,3.16,SOURCE-DERIVED invert; DERIVED DEM ground and cover,DEM-derived rim in repository THD convention,JUNCTION,
N_2175149102_5ed199a,2175149102,2,275916.5324000205,2114187.740400004,72.86994336616613,19.108418151511476,34.238,13.922771453857422,41.354771453857424,7.1167714538574245,7.1167714538574245,3.987,SOURCE-DERIVED invert; DERIVED DEM ground and cover,DEM-derived rim in repository THD convention,JUNCTION,
N_2175149201_540983b,2175149201,2,275927.4743000206,2114207.5725000054,72.87004502857064,19.108598464364505,34.297000000000004,13.922771453857422,41.354771453857424,7.05777145385742,7.05777145385742,3.987,SOURCE-DERIVED invert; DERIVED DEM ground and cover,DEM-derived rim in repository THD convention,JUNCTION,
N_2175149202_14092c6,2175149202,2,275938.0742000196,2114224.669200005,72.87014375831383,19.108754035350525,34.361000000000004,15.976285934448242,43.408285934448244,9.04728593444824,9.04728593444824,3.569,SOURCE-DERIVED invert; DERIVED DEM ground and cover,DEM-derived rim in repository THD convention,JUNCTION,
N_2175149203_4c5ab12,2175149203,2,275950.04190001916,2114243.4755000058,72.87025528568216,19.108925196602993,34.439,14.159479141235352,41.591479141235354,7.152479141235354,7.152479141235354,3.701,SOURCE-DERIVED invert; DERIVED DEM ground and cover,DEM-derived rim in repository THD convention,JUNCTION,
N_2175149204_16d9ab1,2175149204,2,275962.35150002013,2114265.3592000064,72.87036970566409,19.109124188330174,34.522,14.159479141235352,41.591479141235354,7.069479141235355,7.069479141235355,3.863,SOURCE-DERIVED invert; DERIVED DEM ground and cover,DEM-derived rim in repository THD convention,JUNCTION,
N_2175149205_76373f0,2175149205,2,275963.7255000202,2114292.654300006,72.87037960282795,19.109370849721415,34.645,12.590834617614746,40.02283461761475,5.377834617614745,5.377834617614745,3.9,SOURCE-DERIVED invert; DERIVED DEM ground and cover,DEM-derived rim in repository THD convention,JUNCTION,
N_2175149206_b045082,2175149206,2,275966.45470002014,2114272.5398000046,72.87040785889614,19.109189489627507,34.569,12.590834617614746,40.02283461761475,5.453834617614746,5.453834617614746,3.863,SOURCE-DERIVED invert; DERIVED DEM ground and cover,DEM-derived rim in repository THD convention,JUNCTION,
N_2175149207_172f2a5,2175149207,2,275967.94200002,2114284.5585000045,72.87042059940157,19.109298197673112,34.598,12.590834617614746,40.02283461761475,5.424834617614749,5.424834617614749,3.827,SOURCE-DERIVED invert; DERIVED DEM ground and cover,DEM-derived rim in repository THD convention,JUNCTION,
N_2175149301_735b8c0,2175149301,2,275953.59450002026,2114300.238100005,72.87028247278982,19.10943822743657,34.685,12.590834617614746,40.02283461761475,5.337834617614746,5.337834617614746,3.9,SOURCE-DERIVED invert; DERIVED DEM ground and cover,DEM-derived rim in repository THD convention,JUNCTION,
N_2175149302_808d29b,2175149302,2,275957.4083000198,2114329.999100005,72.87031526472445,19.109707427360412,34.777,13.19421100616455,40.62621100616455,5.849211006164552,5.849211006164552,3.075,SOURCE-DERIVED invert; DERIVED DEM ground and cover,DEM-derived rim in repository THD convention,JUNCTION,
N_2175149303_b58487b,2175149303,2,275959.37170002074,2114398.4962000065,72.87032599577597,19.110326261253054,34.86,26.0,53.432,18.572000000000003,18.572000000000003,4.109,SOURCE-DERIVED invert; DERIVED DEM ground and cover,DEM-derived rim in repository THD convention,JUNCTION,
N_2175149304_5b7005f,2175149304,2,275960.0782000207,2114349.179200004,72.87033841254505,19.109880942201283,34.867000000000004,18.482776641845703,45.914776641845705,11.0477766418457,11.0477766418457,3.038,SOURCE-DERIVED invert; DERIVED DEM ground and cover,DEM-derived rim in repository THD convention,JUNCTION,
N_2175149401_e221e8e,2175149401,2,275901.64010002115,2114444.725900005,72.8697721461307,19.11073742689473,35.263000000000005,17.671602249145508,45.10360224914551,9.840602249145505,9.840602249145505,3.383,SOURCE-DERIVED invert; DERIVED DEM ground and cover,DEM-derived rim in repository THD convention,JUNCTION,
N_2175149402_c79d50c,2175149402,2,275926.4457000199,2114426.928600006,72.87000988059995,19.110579422208552,35.155,16.053438186645508,43.48543818664551,8.330438186645509,8.330438186645509,3.502,SOURCE-DERIVED invert; DERIVED DEM ground and cover,DEM-derived rim in repository THD convention,JUNCTION,
N_2175149403_94e03ae,2175149403,2,275963.46820002067,2114423.7702000043,72.87036199271549,19.11055496880057,34.889,24.23155403137207,51.66355403137207,16.77455403137207,16.77455403137207,4.176,SOURCE-DERIVED invert; DERIVED DEM ground and cover,DEM-derived rim in repository THD convention,JUNCTION,
N_2175149404_2235313,2175149404,2,275979.4330000201,2114448.301300006,72.87051083524429,19.110778271897612,34.922000000000004,24.947298049926758,52.37929804992676,17.457298049926756,17.457298049926756,4.176,SOURCE-DERIVED invert; DERIVED DEM ground and cover,DEM-derived rim in repository THD convention,JUNCTION,
N_2175149405_bb307fe,2175149405,2,275987.0544000203,2114461.5386000047,72.87058171442975,19.110898659892825,34.939,22.107336044311523,49.539336044311526,14.600336044311526,14.600336044311526,4.059,SOURCE-DERIVED invert; DERIVED DEM ground and cover,DEM-derived rim in repository THD convention,JUNCTION,
N_2175149406_6a0e5ce,2175149406,2,275989.8624000221,2114472.369100006,72.87060714035157,19.110996782138354,34.951,22.107336044311523,49.539336044311526,14.588336044311525,14.588336044311525,4.027,SOURCE-DERIVED invert; DERIVED DEM ground and cover,DEM-derived rim in repository THD convention,JUNCTION,
N_2175149407_98d3a82,2175149407,2,275991.8680000197,2114479.990600005,72.87062531390441,19.11106583471375,34.96,22.107336044311523,49.539336044311526,14.579336044311525,14.579336044311525,3.938,SOURCE-DERIVED invert; DERIVED DEM ground and cover,DEM-derived rim in repository THD convention,JUNCTION,
N_2175149408_203641a,2175149408,2,275999.4895000198,2114497.2392000053,72.87069573029866,19.111222449959204,36.7,31.536985397338867,58.96898539733887,22.268985397338867,22.268985397338867,1.998,SOURCE-DERIVED invert; DERIVED DEM ground and cover,DEM-derived rim in repository THD convention,JUNCTION,
N_2175149501_cffd414,2175149501,2,275936.70000001893,2114541.1000000047,72.87009409741944,19.11161166600937,36.695,34.00390625,61.43590625,24.740906250000002,24.740906250000002,2.0,SOURCE-DERIVED invert; DERIVED DEM ground and cover,DEM-derived rim in repository THD convention,JUNCTION,
N_2175149601_421ae79,2175149601,2,275902.17340001976,2114633.3973000045,72.86975538205846,19.112441433082306,36.377,16.224788665771484,43.65678866577149,7.279788665771484,7.279788665771484,4.858,SOURCE-DERIVED invert; DERIVED DEM ground and cover,DEM-derived rim in repository THD convention,JUNCTION,
N_2175149602_284b9fe,2175149602,2,275909.1868000198,2114671.253700005,72.86981763589095,19.112784096886056,36.715,22.609291076660156,50.04129107666016,13.326291076660155,13.326291076660155,4.633,SOURCE-DERIVED invert; DERIVED DEM ground and cover,DEM-derived rim in repository THD convention,JUNCTION,
N_2175149603_fdd96d7,2175149603,2,275912.28960002103,2114697.792600006,72.86984404475106,19.11302411884758,36.949000000000005,36.31049346923828,63.74249346923828,26.79349346923828,26.79349346923828,4.481,SOURCE-DERIVED invert; DERIVED DEM ground and cover,DEM-derived rim in repository THD convention,JUNCTION,
N_2175149701_1730e8f,2175149701,2,275919.6262000198,2114758.7415000047,72.86990669749208,19.113575373402263,37.491,18.996932983398438,46.42893298339844,8.93793298339844,8.93793298339844,3.83,SOURCE-DERIVED invert; DERIVED DEM ground and cover,DEM-derived rim in repository THD convention,JUNCTION,
N_2175149702_ecd24ba,2175149702,2,275919.86860002065,2114730.174200006,72.86991230615355,19.113317400308535,37.241,18.24050521850586,45.67250521850586,8.431505218505862,8.431505218505862,4.079,SOURCE-DERIVED invert; DERIVED DEM ground and cover,DEM-derived rim in repository THD convention,JUNCTION,
N_2175149801_420377f,2175149801,2,275900.1000000193,2114806.300000007,72.86971567414358,19.114002740414747,38.256,17.60690689086914,45.03890689086914,6.782906890869143,6.782906890869143,2.962,SOURCE-DERIVED invert; DERIVED DEM ground and cover,DEM-derived rim in repository THD convention,JUNCTION,
N_2175149802_600b65e,2175149802,2,275906.7000000202,2114819.5000000056,72.86977685374634,19.11412267953128,38.386,16.370901107788086,43.80290110778809,5.416901107788085,5.416901107788085,3.047,SOURCE-DERIVED invert; DERIVED DEM ground and cover,DEM-derived rim in repository THD convention,JUNCTION,
N_2175149803_77d7b6d,2175149803,2,275925.7000000207,2114850.000000005,72.86995384517621,19.114400224013927,38.701,17.24921417236328,44.68121417236328,5.980214172363283,5.980214172363283,3.047,SOURCE-DERIVED invert; DERIVED DEM ground and cover,DEM-derived rim in repository THD convention,JUNCTION,
N_2175152301_1ac9081,2175152301,2,275244.27840002155,2115362.114300005,72.86342015088914,19.11895019244101,51.0,33.19834899902344,60.63034899902344,9.63034899902344,9.63034899902344,2.198,SOURCE-DERIVED invert; DERIVED DEM ground and cover,DEM-derived rim in repository THD convention,JUNCTION,
N_2175152302_4a86727,2175152302,2,275266.4878000213,2115362.114300005,72.86363116970723,19.118952643287873,50.506,42.20252990722656,69.63452990722656,19.128529907226564,19.128529907226564,2.592,SOURCE-DERIVED invert; DERIVED DEM ground and cover,DEM-derived rim in repository THD convention,JUNCTION,
N_2175152303_aa49d53,2175152303,2,275293.10000002006,2115366.1000000047,72.86388355837427,19.118991575548318,49.908,48.72842788696289,76.16042788696289,26.25242788696289,26.25242788696289,2.592,SOURCE-DERIVED invert; DERIVED DEM ground and cover,DEM-derived rim in repository THD convention,JUNCTION,
N_2175153101_16aa8f5,2175153101,2,275381.5470000204,2115130.4032000056,72.864751269361,19.116872692853388,42.72,27.61146354675293,55.04346354675293,12.323463546752933,12.323463546752933,3.139,SOURCE-DERIVED invert; DERIVED DEM ground and cover,DEM-derived rim in repository THD convention,JUNCTION,
N_2175153102_cc0e9b1,2175153102,2,275386.73430002003,2115163.691300005,72.8647966931496,19.117173898466117,43.043,29.71877670288086,57.15077670288086,14.107776702880862,14.107776702880862,3.196,SOURCE-DERIVED invert; DERIVED DEM ground and cover,DEM-derived rim in repository THD convention,JUNCTION,
N_2175153103_773ebd3,2175153103,2,275391.38840001984,2115193.5689000054,72.8648374466452,19.117444244154303,43.333000000000006,26.60684585571289,54.03884585571289,10.705845855712887,10.705845855712887,3.372,SOURCE-DERIVED invert; DERIVED DEM ground and cover,DEM-derived rim in repository THD convention,JUNCTION,
N_2175153201_8b98d40,2175153201,2,275395.2022000208,2115223.2042000056,72.864870244423,19.117712308899673,43.62,26.0,53.432,9.812000000000005,9.812000000000005,3.372,SOURCE-DERIVED invert; DERIVED DEM ground and cover,DEM-derived rim in repository THD convention,JUNCTION,
N_2175153202_5ee4ba4,2175153202,2,275396.7212000197,2115253.3870000066,72.86488117520014,19.117985065197338,44.292,29.304357528686523,56.736357528686526,12.444357528686524,12.444357528686524,3.111,SOURCE-DERIVED invert; DERIVED DEM ground and cover,DEM-derived rim in repository THD convention,JUNCTION,
N_2175153301_2d72666,2175153301,2,275312.4000000213,2115369.6000000047,72.86406652789196,19.119025314292035,49.472,46.41307067871094,73.84507067871094,24.37307067871094,24.37307067871094,2.21,SOURCE-DERIVED invert; DERIVED DEM ground and cover,DEM-derived rim in repository THD convention,JUNCTION,
N_2175153302_ef9d9a7,2175153302,2,275337.8000000202,2115375.2000000053,72.86430721196324,19.119078691414746,48.894000000000005,46.30906677246094,73.74106677246094,24.847066772460934,24.847066772460934,1.926,SOURCE-DERIVED invert; DERIVED DEM ground and cover,DEM-derived rim in repository THD convention,JUNCTION,
N_2175153303_8bf7455,2175153303,2,275366.9383000204,2115381.603200005,72.86458332189977,19.119139734475713,48.230000000000004,33.943660736083984,61.37566073608399,13.145660736083983,13.145660736083983,1.998,SOURCE-DERIVED invert; DERIVED DEM ground and cover,DEM-derived rim in repository THD convention,JUNCTION,
N_2175153304_ee1af97,2175153304,2,275396.5000000196,2115387.7000000053,72.86486349050362,19.11919805665718,47.559000000000005,33.943660736083984,61.37566073608399,13.816660736083982,13.816660736083982,2.759,SOURCE-DERIVED invert; DERIVED DEM ground and cover,DEM-derived rim in repository THD convention,JUNCTION,
N_2175154001_e081a83,2175154001,2,275422.62570002046,2115000.9844000065,72.86515657838629,19.11570840691964,41.223,27.764184951782227,55.19618495178223,13.97318495178223,13.97318495178223,2.812,SOURCE-DERIVED invert; DERIVED DEM ground and cover,DEM-derived rim in repository THD convention,JUNCTION,
N_2175154002_47418f5,2175154002,2,275425.6153000207,2115030.862000006,72.8651815176761,19.11597856907981,41.359,27.764184951782227,55.19618495178223,13.837184951782227,13.837184951782227,3.294,SOURCE-DERIVED invert; DERIVED DEM ground and cover,DEM-derived rim in repository THD convention,JUNCTION,
N_2175154003_be821be,2175154003,2,275425.97080002056,2115035.744400006,72.86518432905095,19.116022702527157,41.381,27.24606704711914,54.67806704711914,13.297067047119143,13.297067047119143,3.493,SOURCE-DERIVED invert; DERIVED DEM ground and cover,DEM-derived rim in repository THD convention,JUNCTION,
N_2175154004_b4665d9,2175154004,2,275428.1039000215,2115048.5158000053,72.86520311470198,19.116138279612358,41.44,24.15690803527832,51.58890803527832,10.148908035278325,10.148908035278325,3.493,SOURCE-DERIVED invert; DERIVED DEM ground and cover,DEM-derived rim in repository THD convention,JUNCTION,
N_2175154005_09e6958,2175154005,2,275429.89770002,2115060.8922000066,72.86521872243293,19.116250251939146,41.56,24.15690803527832,51.58890803527832,10.02890803527832,10.02890803527832,3.433,SOURCE-DERIVED invert; DERIVED DEM ground and cover,DEM-derived rim in repository THD convention,JUNCTION,
N_2175154006_04b37c8,2175154006,2,275434.06690002047,2115090.536500005,72.8652548964875,19.11651843714956,41.847,25.48857879638672,52.92057879638672,11.07357879638672,11.07357879638672,3.163,SOURCE-DERIVED invert; DERIVED DEM ground and cover,DEM-derived rim in repository THD convention,JUNCTION,
N_2175154101_9ab93f3,2175154101,2,275409.7623000197,2115127.5492000054,72.8650196801674,19.116850028928486,42.448,28.56157684326172,55.99357684326172,13.54557684326172,13.54557684326172,3.085,SOURCE-DERIVED invert; DERIVED DEM ground and cover,DEM-derived rim in repository THD convention,JUNCTION,
N_2175154102_e039d6c,2175154102,2,275437.9938000207,2115124.4618000058,72.86528827193321,19.116825258493073,42.175000000000004,32.188011169433594,59.620011169433596,17.44501116943359,17.44501116943359,3.108,SOURCE-DERIVED invert; DERIVED DEM ground and cover,DEM-derived rim in repository THD convention,JUNCTION,
N_2175154201_6504487,2175154201,2,275403.44380002125,2115282.340200005,72.86494168957098,19.118247290482813,44.953,27.240129470825195,54.6721294708252,9.719129470825195,9.719129470825195,3.123,SOURCE-DERIVED invert; DERIVED DEM ground and cover,DEM-derived rim in repository THD convention,JUNCTION,
N_2175154301_b2fedd0,2175154301,2,275407.8070000212,2115311.805000005,72.86497972734021,19.118513875974102,45.615,24.444692611694336,51.87669261169434,6.261692611694336,6.261692611694336,3.257,SOURCE-DERIVED invert; DERIVED DEM ground and cover,DEM-derived rim in repository THD convention,JUNCTION,
N_2175154302_dce98de,2175154302,2,275412.2186000212,2115341.4582000063,72.86501820319384,19.118782168289293,46.281,23.494600296020508,50.92660029602051,4.645600296020511,4.645600296020511,3.257,SOURCE-DERIVED invert; DERIVED DEM ground and cover,DEM-derived rim in repository THD convention,JUNCTION,
N_2175154303_d34c8f7,2175154303,2,275418.1655000204,2115370.9768000054,72.86507128215526,19.119049414295286,46.951,33.76339340209961,61.19539340209961,14.244393402099611,14.244393402099611,2.759,SOURCE-DERIVED invert; DERIVED DEM ground and cover,DEM-derived rim in repository THD convention,JUNCTION,
N_2175158001_86f76ce,2175158001,2,275867.1685000204,2115045.218300005,72.86937513397278,19.11615685840978,41.109,22.37099266052246,49.80299266052246,8.693992660522461,8.693992660522461,2.961,SOURCE-DERIVED invert; DERIVED DEM ground and cover,DEM-derived rim in repository THD convention,JUNCTION,
N_2175158002_821a124,2175158002,2,275868.3387000208,2115023.944600004,72.86938871489181,19.115964858199764,40.9,22.933992385864258,50.36599238586426,9.465992385864261,9.465992385864261,2.898,SOURCE-DERIVED invert; DERIVED DEM ground and cover,DEM-derived rim in repository THD convention,JUNCTION,
N_2175158003_d1e344e,2175158003,2,275871.9695000214,2115057.358500005,72.86941934394248,19.116267028356514,41.237,22.37099266052246,49.80299266052246,8.565992660522461,8.565992660522461,2.961,SOURCE-DERIVED invert; DERIVED DEM ground and cover,DEM-derived rim in repository THD convention,JUNCTION,
N_2175158004_28fc47b,2175158004,2,275886.6528000202,2115069.861000005,72.86955740592593,19.1163815576693,41.426,25.806638717651367,53.23863871765137,11.812638717651367,11.812638717651367,2.772,SOURCE-DERIVED invert; DERIVED DEM ground and cover,DEM-derived rim in repository THD convention,JUNCTION,
N_2175158005_95f49da,2175158005,2,275889.48340002104,2115002.6201000065,72.86959208304785,19.11577459690507,40.483000000000004,21.881126403808594,49.313126403808596,8.830126403808592,8.830126403808592,3.103,SOURCE-DERIVED invert; DERIVED DEM ground and cover,DEM-derived rim in repository THD convention,JUNCTION,
N_2175158006_5549e24,2175158006,2,275891.50390002027,2115026.7078000065,72.86960849215957,19.11599236226157,40.695,21.881126403808594,49.313126403808596,8.618126403808596,8.618126403808596,3.103,SOURCE-DERIVED invert; DERIVED DEM ground and cover,DEM-derived rim in repository THD convention,JUNCTION,
N_2175158101_52f8dcb,2175158101,2,275850.60000002,2115140.1000000047,72.86920672868044,19.117011939319706,42.527,27.252439498901367,54.68443949890137,12.157439498901368,12.157439498901368,2.551,SOURCE-DERIVED invert; DERIVED DEM ground and cover,DEM-derived rim in repository THD convention,JUNCTION,
N_2175158102_83f9582,2175158102,2,275894.00000002084,2115138.200000004,72.86961930307456,19.116999555477552,42.101,20.074487686157227,47.50648768615723,5.40548768615723,5.40548768615723,2.747,SOURCE-DERIVED invert; DERIVED DEM ground and cover,DEM-derived rim in repository THD convention,JUNCTION,
N_2175158201_4b45e80,2175158201,2,275871.88660002075,2115278.4711000063,72.86939295914762,19.118263951195733,44.0,41.81156921386719,69.24356921386719,25.24356921386719,25.24356921386719,2.098,SOURCE-DERIVED invert; DERIVED DEM ground and cover,DEM-derived rim in repository THD convention,JUNCTION,
N_2175158202_4bd76d9,2175158202,2,275878.900000021,2115252.200000005,72.8694626371018,19.118027461071318,43.733000000000004,26.452442169189453,53.884442169189455,10.151442169189451,10.151442169189451,2.165,SOURCE-DERIVED invert; DERIVED DEM ground and cover,DEM-derived rim in repository THD convention,JUNCTION,
N_2175158203_d48bd21,2175158203,2,275888.90000002016,2115211.100000005,72.86956240799688,19.117657375425022,43.318000000000005,21.313770294189453,48.745770294189455,5.42777029418945,5.42777029418945,2.28,SOURCE-DERIVED invert; DERIVED DEM ground and cover,DEM-derived rim in repository THD convention,JUNCTION,
N_2176040901_c0caa25,2176040901,1,276004.8912000193,2104965.8174000047,72.87184643064278,19.025141447834596,25.096,8.536161422729492,35.968161422729494,10.872161422729494,10.872161422729494,3.448,SOURCE-DERIVED invert; DERIVED DEM ground and cover,DEM-derived rim in repository THD convention,JUNCTION,
N_2176040902_ba468d3,2176040902,1,276021.09180001775,2104954.1952000055,72.87200160896076,19.02503825550007,25.083000000000002,7.0,34.432,9.349,9.349,3.292,SOURCE-DERIVED invert; DERIVED DEM ground and cover,DEM-derived rim in repository THD convention,JUNCTION,
N_2176040903_8947814,2176040903,1,276038.7546000178,2104945.010000005,72.87217039189504,19.024957232473085,25.07,7.0,34.432,9.362000000000002,9.362000000000002,3.267,SOURCE-DERIVED invert; DERIVED DEM ground and cover,DEM-derived rim in repository THD convention,JUNCTION,
N_2176040904_99f0ac1,2176040904,1,276056.4028000192,2104935.967500005,72.87233901962483,19.024877496458654,25.057000000000002,7.0,34.432,9.375,9.375,3.295,SOURCE-DERIVED invert; DERIVED DEM ground and cover,DEM-derived rim in repository THD convention,JUNCTION,
N_2176040905_334c108,2176040905,1,276073.27600001777,2104925.5504000057,72.87250044586219,19.024785260953205,25.044,7.12727165222168,34.55927165222168,9.515271652221681,9.515271652221681,3.334,SOURCE-DERIVED invert; DERIVED DEM ground and cover,DEM-derived rim in repository THD convention,JUNCTION,
N_2176040906_c6aad71,2176040906,1,276086.22700001847,2104917.2890000064,72.87262437878066,19.024712065341646,25.035,7.12727165222168,34.55927165222168,9.524271652221682,9.524271652221682,3.334,SOURCE-DERIVED invert; DERIVED DEM ground and cover,DEM-derived rim in repository THD convention,JUNCTION,
N_2176040907_16ea839,2176040907,1,276090.13460001926,2104914.7851000056,72.87266177332705,19.02468987895843,25.032,7.12727165222168,34.55927165222168,9.527271652221682,9.527271652221682,3.302,SOURCE-DERIVED invert; DERIVED DEM ground and cover,DEM-derived rim in repository THD convention,JUNCTION,
N_2176041801_dc6d7f2,2176041801,1,276122.3004000187,2104893.3853000044,72.87296968058959,19.024500126162902,25.006,7.822676658630371,35.25467665863037,10.248676658630373,10.248676658630373,3.227,SOURCE-DERIVED invert; DERIVED DEM ground and cover,DEM-derived rim in repository THD convention,JUNCTION,
N_2176041802_09282f0,2176041802,1,276139.1213000183,2104883.321700005,72.87313056887189,19.024411076915605,24.994,7.723063945770264,35.155063945770266,10.161063945770266,10.161063945770266,3.219,SOURCE-DERIVED invert; DERIVED DEM ground and cover,DEM-derived rim in repository THD convention,JUNCTION,
N_2176041803_334fbb2,2176041803,1,276158.40970001835,2104874.884100004,72.87331470146322,19.024336982331313,24.98,7.294246196746826,34.72624619674683,9.746246196746828,9.746246196746828,3.316,SOURCE-DERIVED invert; DERIVED DEM ground and cover,DEM-derived rim in repository THD convention,JUNCTION,
N_2176041804_c6860a4,2176041804,1,276173.6000000186,2104867.1000000043,72.8734598432527,19.024268341585064,24.969,4.122647762298584,31.554647762298583,6.585647762298581,6.585647762298581,3.316,SOURCE-DERIVED invert; DERIVED DEM ground and cover,DEM-derived rim in repository THD convention,JUNCTION,
N_2176041805_c4580cd,2176041805,1,276199.700000018,2104871.100000005,72.87370722907224,19.024307320197305,24.952,2.9426469802856445,30.374646980285643,5.422646980285641,5.422646980285641,2.496,SOURCE-DERIVED invert; DERIVED DEM ground and cover,DEM-derived rim in repository THD convention,JUNCTION,
N_2176041901_00e67c4,2176041901,1,276106.22940001835,2104904.0562000056,72.87281584337865,19.024594742024508,25.019000000000002,7.713168144226074,35.145168144226076,10.126168144226074,10.126168144226074,3.286,SOURCE-DERIVED invert; DERIVED DEM ground and cover,DEM-derived rim in repository THD convention,JUNCTION,
N_2176042801_e8a8367,2176042801,1,276217.80000001745,2104866.000000005,72.87387969276088,19.024263238339884,24.94,2.9426469802856445,30.374646980285643,5.434646980285642,5.434646980285642,2.496,SOURCE-DERIVED invert; DERIVED DEM ground and cover,DEM-derived rim in repository THD convention,JUNCTION,
N_2176042802_a7fc8de,2176042802,1,276233.3000000182,2104861.1000000057,72.8740274438004,19.024220678449776,24.929000000000002,2.432349681854248,29.864349681854247,4.935349681854245,4.935349681854245,2.669,SOURCE-DERIVED invert; DERIVED DEM ground and cover,DEM-derived rim in repository THD convention,JUNCTION,
N_2176042803_e9fc880,2176042803,1,276254.30000001803,2104855.2000000044,72.87422753765047,19.024169688051867,24.915000000000003,1.9665217399597168,29.398521739959715,4.483521739959713,4.483521739959713,2.783,SOURCE-DERIVED invert; DERIVED DEM ground and cover,DEM-derived rim in repository THD convention,JUNCTION,
N_2176042804_08e3830,2176042804,1,276264.6000000174,2104853.200000005,72.87432557619134,19.024152750752087,24.908,1.9665217399597168,29.398521739959715,4.490521739959714,4.490521739959714,2.89,SOURCE-DERIVED invert; DERIVED DEM ground and cover,DEM-derived rim in repository THD convention,JUNCTION,
N_2176042805_7b95b92,2176042805,1,276278.6000000182,2104851.100000005,72.87445876138716,19.024135314538096,24.899,1.9665217399597168,29.398521739959715,4.4995217399597145,4.4995217399597145,2.89,SOURCE-DERIVED invert; DERIVED DEM ground and cover,DEM-derived rim in repository THD convention,JUNCTION,
N_2176042806_ae7d7ba,2176042806,1,276298.68420001806,2104848.806100005,72.87464974437188,19.024116791768524,24.886000000000003,1.3766396045684814,28.80863960456848,3.9226396045684773,3.9226396045684773,3.612,SOURCE-DERIVED invert; DERIVED DEM ground and cover,DEM-derived rim in repository THD convention,JUNCTION,
N_2176043801_eb6b2df,2176043801,1,276316.3280000176,2104847.5510000056,72.87481743398678,19.024107384027293,24.874000000000002,0.9965581893920898,28.42855818939209,3.554558189392086,3.924,3.624,SOURCE-DERIVED invert; ASSUMED rim depth,DEM nodata or DEM cover below connected pipe crown; max depth set to largest connected conduit height + 0.3 m cover assumption,JUNCTION,
N_2176043802_ba8d448,2176043802,1,276337.57260001823,2104844.099400006,72.87501956905946,19.02407853196849,24.86,0.9965581893920898,28.42855818939209,3.568558189392089,3.9379999999999997,3.638,SOURCE-DERIVED invert; ASSUMED rim depth,DEM nodata or DEM cover below connected pipe crown; max depth set to largest connected conduit height + 0.3 m cover assumption,JUNCTION,
N_2176043803_d61bfa4,2176043803,1,276344.6542000182,2104841.6938000056,72.87508709218469,19.024057579545058,24.855,1.0,28.432,3.576999999999998,3.9429999999999996,3.643,SOURCE-DERIVED invert; ASSUMED rim depth,DEM nodata or DEM cover below connected pipe crown; max depth set to largest connected conduit height + 0.3 m cover assumption,JUNCTION,
N_2176043804_797acb8,2176043804,1,276351.7357000186,2104838.137600005,72.8751547464882,19.024026235538507,24.85,1.0,28.432,3.581999999999997,3.948,3.648,SOURCE-DERIVED invert; ASSUMED rim depth,DEM nodata or DEM cover below connected pipe crown; max depth set to largest connected conduit height + 0.3 m cover assumption,JUNCTION,
N_2176043805_7e63bc1,2176043805,1,276377.66140001785,2104825.2727000057,72.87540241408928,19.023912878915795,24.832,0.9813960194587708,28.41339601945877,3.5813960194587686,3.9659999999999997,3.666,SOURCE-DERIVED invert; ASSUMED rim depth,DEM nodata or DEM cover below connected pipe crown; max depth set to largest connected conduit height + 0.3 m cover assumption,JUNCTION,
N_2176043806_25d0164,2176043806,1,276396.79490001814,2104825.9677000064,72.87558402578797,19.023921245316966,24.844,0.9813960194587708,28.41339601945877,3.569396019458768,3.9659999999999997,3.666,SOURCE-DERIVED invert; ASSUMED rim depth,DEM nodata or DEM cover below connected pipe crown; max depth set to largest connected conduit height + 0.3 m cover assumption,JUNCTION,
N_2176044801_733c7e7,2176044801,1,276410.67800001893,2104829.182700006,72.87571549043665,19.023951797385962,24.855,0.9627088904380798,28.39470889043808,3.539708890438078,3.9539999999999997,3.654,SOURCE-DERIVED invert; ASSUMED rim depth,DEM nodata or DEM cover below connected pipe crown; max depth set to largest connected conduit height + 0.3 m cover assumption,JUNCTION,
N_2176044802_27d28ee,2176044802,1,276441.1552000181,2104812.3033000063,72.87600683947042,19.023802680278536,24.787000000000003,0.9908115863800049,28.422811586380003,3.635811586380001,4.011,3.711,SOURCE-DERIVED invert; ASSUMED rim depth,DEM nodata or DEM cover below connected pipe crown; max depth set to largest connected conduit height + 0.3 m cover assumption,JUNCTION,
N_2176044803_4ed2583,2176044803,1,276483.9636000181,2104810.147600006,72.87641359490422,19.023787884736546,24.764000000000003,1.9277523756027222,29.35975237560272,4.595752375602718,4.595752375602718,3.711,SOURCE-DERIVED invert; DERIVED DEM ground and cover,DEM-derived rim in repository THD convention,JUNCTION,
N_2176045801_8e99dba,2176045801,1,276529.50000001816,2104806.5000000056,72.87684642662082,19.023759912042767,24.751,2.0961215496063232,29.528121549606322,4.777121549606321,4.777121549606321,4.047,SOURCE-DERIVED invert; DERIVED DEM ground and cover,DEM-derived rim in repository THD convention,JUNCTION,
N_2176045802_4ee1ceb,2176045802,1,276573.0000000179,2104800.8000000063,72.87726015614166,19.0237131800113,24.7,-0.9536191821098328,26.478380817890166,1.7783808178901666,4.3469999999999995,4.047,SOURCE-DERIVED invert; ASSUMED rim depth,DEM nodata or DEM cover below connected pipe crown; max depth set to largest connected conduit height + 0.3 m cover assumption,JUNCTION,
N_2176045803_1e8de10,2176045803,1,276582.4000000183,2104801.600000005,72.87734932665327,19.023721430840634,23.103,-0.9536191821098328,26.478380817890166,3.3753808178901643,4.747,4.447,SOURCE-DERIVED invert; ASSUMED rim depth,DEM nodata or DEM cover below connected pipe crown; max depth set to largest connected conduit height + 0.3 m cover assumption,JUNCTION,
N_2176045901_61ec37d,2176045901,1,276598.75110001874,2104956.7366000055,72.87748679884994,19.025124319950784,23.162000000000003,0.06458819657564163,27.49658819657564,4.334588196575638,4.697,4.397,SOURCE-DERIVED invert; ASSUMED rim depth,DEM nodata or DEM cover below connected pipe crown; max depth set to largest connected conduit height + 0.3 m cover assumption,JUNCTION,
N_2176046501_8151f30,2176046501,1,276697.20000001806,2104557.500000005,72.87846745497765,19.021529380443706,23.0,2.0,29.432,6.431999999999999,6.431999999999999,4.5,SOURCE-DERIVED invert; DERIVED DEM ground and cover,DEM-derived rim in repository THD convention,JUNCTION,
N_2176046601_9cbe2a2,2176046601,1,276615.95410001825,2104674.634400006,72.87768251961342,19.022578410786718,23.053,2.0,29.432,6.378999999999998,6.378999999999998,4.5,SOURCE-DERIVED invert; DERIVED DEM ground and cover,DEM-derived rim in repository THD convention,JUNCTION,
N_2176047501_f0a8210,2176047501,1,276702.9000000181,2104549.300000006,72.87852252156227,19.02145594420241,22.990000000000002,2.0,29.432,6.441999999999997,6.441999999999997,4.0,SOURCE-DERIVED invert; DERIVED DEM ground and cover,DEM-derived rim in repository THD convention,PILOT_BOUNDARY_ASSUMPTION,PILOT_BOUNDARY; source-directed terminal; physical receiving water unverified
N_2176050701_88e71af,2176050701,1,276009.3037000201,2105741.4870000053,72.8717990868575,19.032147305832595,24.505000000000003,6.6284379959106445,34.06043799591065,9.555437995910644,9.555437995910644,3.919,SOURCE-DERIVED invert; DERIVED DEM ground and cover,DEM-derived rim in repository THD convention,JUNCTION,
N_2176050702_15fb2fe,2176050702,1,276013.1613000183,2105739.8393000043,72.87183590991566,19.032132847007624,24.503,6.6284379959106445,34.06043799591065,9.557437995910647,9.557437995910647,3.5,SOURCE-DERIVED invert; DERIVED DEM ground and cover,DEM-derived rim in repository THD convention,JUNCTION,
N_2176050703_2bf44bc,2176050703,1,276015.31420001655,2105739.1358000054,72.87185643574362,19.032126729045622,24.502000000000002,6.6284379959106445,34.06043799591065,9.558437995910644,9.558437995910644,3.8,SOURCE-DERIVED invert; DERIVED DEM ground and cover,DEM-derived rim in repository THD convention,JUNCTION,
N_2176050704_576ec4e,2176050704,1,276033.5847000178,2105733.4813000048,72.8720305909828,19.032077660539333,24.495,6.6284379959106445,34.06043799591065,9.565437995910646,9.565437995910646,3.807,SOURCE-DERIVED invert; DERIVED DEM ground and cover,DEM-derived rim in repository THD convention,JUNCTION,
N_2176050705_c8c2aa1,2176050705,1,276041.4000000196,2105797.8000000063,72.872097407559,19.032659402951552,25.3,6.0,33.432,8.132000000000001,8.132000000000001,2.739,SOURCE-DERIVED invert; DERIVED DEM ground and cover,DEM-derived rim in repository THD convention,JUNCTION,
N_2176050706_322b718,2176050706,1,276043.06590001803,2105785.0392000056,72.87211469606197,19.032544337512434,25.286,6.0,33.432,8.146,8.146,3.094,SOURCE-DERIVED invert; DERIVED DEM ground and cover,DEM-derived rim in repository THD convention,JUNCTION,
N_2176050707_09aac86,2176050707,1,276050.6760000185,2105779.475800005,72.8721876051972,19.032494925050344,25.276,6.44959831237793,33.88159831237793,8.605598312377932,8.605598312377932,3.094,SOURCE-DERIVED invert; DERIVED DEM ground and cover,DEM-derived rim in repository THD convention,JUNCTION,
N_2176050708_80b672c,2176050708,1,276052.1950000184,2105727.774100005,72.87220797908599,19.032028153086358,24.488,6.561487674713135,33.99348767471314,9.505487674713137,9.505487674713137,3.807,SOURCE-DERIVED invert; DERIVED DEM ground and cover,DEM-derived rim in repository THD convention,JUNCTION,
N_2176050709_5daa1e6,2176050709,1,276068.5000000185,2105770.9000000055,72.87235785670423,19.03241942400623,25.254,3.187500476837158,30.619500476837157,5.3655004768371555,5.3655004768371555,2.446,SOURCE-DERIVED invert; DERIVED DEM ground and cover,DEM-derived rim in repository THD convention,JUNCTION,
N_2176050711_5fc1931,2176050711,1,276071.70000001916,2105753.900000006,72.87239020120433,19.032266240504875,25.235000000000003,3.1498916149139404,30.58189161491394,5.346891614913936,5.346891614913936,2.446,SOURCE-DERIVED invert; DERIVED DEM ground and cover,DEM-derived rim in repository THD convention,JUNCTION,
N_2176050712_b3c3844,2176050712,1,276072.6000000188,2105721.500000005,72.87240247555975,19.031973721921545,24.479000000000003,3.8946282863616943,31.326628286361693,6.84762828636169,6.84762828636169,3.826,SOURCE-DERIVED invert; DERIVED DEM ground and cover,DEM-derived rim in repository THD convention,JUNCTION,
N_2176050713_17d5d0d,2176050713,1,276092.6213000184,2105719.257400006,72.87259286437893,19.03195565861786,24.471,3.8946282863616943,31.326628286361693,6.855628286361693,6.855628286361693,3.826,SOURCE-DERIVED invert; DERIVED DEM ground and cover,DEM-derived rim in repository THD convention,JUNCTION,
N_2176050801_cbc067a,2176050801,1,276003.60000001796,2105876.8000000063,72.87172934914327,19.03336874553235,25.401,4.482171058654785,31.914171058654784,6.513171058654784,6.513171058654784,2.179,SOURCE-DERIVED invert; DERIVED DEM ground and cover,DEM-derived rim in repository THD convention,JUNCTION,
N_2176050802_88683f1,2176050802,1,276017.9000000194,2105847.4000000055,72.87186853261194,19.033104787935024,25.366,4.255365371704102,31.6873653717041,6.3213653717041005,6.3213653717041005,2.211,SOURCE-DERIVED invert; DERIVED DEM ground and cover,DEM-derived rim in repository THD convention,JUNCTION,
N_2176050803_cbd5585,2176050803,1,276028.7758000187,2105835.596700005,72.8719731728168,19.032999378055486,25.348000000000003,5.368602275848389,32.80060227584839,7.452602275848388,7.452602275848388,2.215,SOURCE-DERIVED invert; DERIVED DEM ground and cover,DEM-derived rim in repository THD convention,JUNCTION,
N_2176050804_3adf0f1,2176050804,1,276040.1765000182,2105828.3221000056,72.87208227647069,19.032934925991796,25.334,4.943539619445801,32.3755396194458,7.041539619445803,7.041539619445803,2.48,SOURCE-DERIVED invert; DERIVED DEM ground and cover,DEM-derived rim in repository THD convention,JUNCTION,
N_2176050805_e7df726,2176050805,1,276042.6726000182,2105811.7069000057,72.87210789252472,19.032785140829624,25.315,6.0,33.432,8.117,8.117,2.739,SOURCE-DERIVED invert; DERIVED DEM ground and cover,DEM-derived rim in repository THD convention,JUNCTION,
N_2176051701_5a8d984,2176051701,1,276112.5327000187,2105717.023300005,72.87278220854266,19.03193765985818,24.464000000000002,3.8028500080108643,31.234850008010863,6.770850008010861,6.770850008010861,4.317,SOURCE-DERIVED invert; DERIVED DEM ground and cover,DEM-derived rim in repository THD convention,JUNCTION,
N_2176051702_1fe7367,2176051702,1,276133.0748000181,2105714.6680000047,72.87297755602327,19.031918635283358,24.456,3.391599178314209,30.823599178314208,6.367599178314208,6.367599178314208,4.317,SOURCE-DERIVED invert; DERIVED DEM ground and cover,DEM-derived rim in repository THD convention,JUNCTION,
N_2176051703_5b57a22,2176051703,1,276153.53400001855,2105712.443800006,72.87317210115032,19.03190078544628,24.448,3.391599178314209,30.823599178314208,6.375599178314207,6.375599178314207,3.802,SOURCE-DERIVED invert; DERIVED DEM ground and cover,DEM-derived rim in repository THD convention,JUNCTION,
N_2176051704_915d8fa,2176051704,1,276173.4337000182,2105707.7900000047,72.8733616123965,19.0318609315302,24.44,3.4013595581054688,30.833359558105467,6.393359558105466,6.393359558105466,3.891,SOURCE-DERIVED invert; DERIVED DEM ground and cover,DEM-derived rim in repository THD convention,JUNCTION,
N_2176051705_729aeaa,2176051705,1,276190.0698000187,2105719.261500004,72.87351827685147,19.03196635451596,24.432000000000002,3.6322860717773438,31.064286071777342,6.63228607177734,6.63228607177734,3.891,SOURCE-DERIVED invert; DERIVED DEM ground and cover,DEM-derived rim in repository THD convention,JUNCTION,
N_2176051706_b00b055,2176051706,1,276195.1648000194,2105744.088900005,72.8735638064101,19.03219113779657,24.422,3.378798723220825,30.810798723220824,6.388798723220823,6.388798723220823,3.832,SOURCE-DERIVED invert; DERIVED DEM ground and cover,DEM-derived rim in repository THD convention,JUNCTION,
N_2176051707_914cb8c,2176051707,1,276198.4960000185,2105761.5618000044,72.87359343186291,19.032349306781956,24.415000000000003,2.389883518218994,29.821883518218993,5.40688351821899,5.40688351821899,3.825,SOURCE-DERIVED invert; DERIVED DEM ground and cover,DEM-derived rim in repository THD convention,JUNCTION,
N_2176052701_599a54c,2176052701,1,276202.3596000183,2105782.115600005,72.87362775901939,19.03253535881769,24.407,2.389883518218994,29.821883518218993,5.414883518218993,5.414883518218993,3.837,SOURCE-DERIVED invert; DERIVED DEM ground and cover,DEM-derived rim in repository THD convention,JUNCTION,
N_2176052702_89a7c4a,2176052702,1,276224.8465000201,2105796.550100006,72.87383964555832,19.03266818143433,24.379,1.867913842201233,29.29991384220123,4.92091384220123,4.92091384220123,3.339,SOURCE-DERIVED invert; DERIVED DEM ground and cover,DEM-derived rim in repository THD convention,JUNCTION,
N_2176052703_35b5b4f,2176052703,1,276244.5148000198,2105792.7795000053,72.87402685858993,19.032636278137463,24.358,1.867913842201233,29.29991384220123,4.941913842201231,4.941913842201231,3.43,SOURCE-DERIVED invert; DERIVED DEM ground and cover,DEM-derived rim in repository THD convention,JUNCTION,
N_2176052704_33417ab,2176052704,1,276264.1831000187,2105789.008900005,72.87421407156968,19.032604374643594,24.336000000000002,1.0,28.432,4.0959999999999965,4.0959999999999965,3.43,SOURCE-DERIVED invert; DERIVED DEM ground and cover,DEM-derived rim in repository THD convention,JUNCTION,
N_2176052705_234620a,2176052705,1,276283.52790001826,2105785.3977000066,72.8743981940664,19.032573875195183,24.315,1.4806742668151855,28.912674266815184,4.597674266815183,4.597674266815183,3.383,SOURCE-DERIVED invert; DERIVED DEM ground and cover,DEM-derived rim in repository THD convention,JUNCTION,
N_2176052801_2cd1a22,2176052801,1,276205.4648000202,2105800.174300005,72.87365517099876,19.0326987936781,24.400000000000002,2.0,29.432,5.0319999999999965,5.0319999999999965,3.837,SOURCE-DERIVED invert; DERIVED DEM ground and cover,DEM-derived rim in repository THD convention,JUNCTION,
N_2176052802_6b3f405,2176052802,1,276209.3844000166,2105829.1169000063,72.87368906548438,19.03296061442014,24.842000000000002,2.0,29.432,4.589999999999996,4.589999999999996,2.626,SOURCE-DERIVED invert; DERIVED DEM ground and cover,DEM-derived rim in repository THD convention,JUNCTION,
N_2176052803_be51ef9,2176052803,1,276213.96050001914,2105860.8065000065,72.87372887863002,19.033247316197578,24.887,2.0,29.432,4.544999999999998,4.544999999999998,2.531,SOURCE-DERIVED invert; DERIVED DEM ground and cover,DEM-derived rim in repository THD convention,JUNCTION,
N_2176052804_dcaf99b,2176052804,1,276216.5909000185,2105880.392300006,72.87375160621426,19.033424490978966,24.916,2.0,29.432,4.515999999999998,4.515999999999998,2.364,SOURCE-DERIVED invert; DERIVED DEM ground and cover,DEM-derived rim in repository THD convention,JUNCTION,
N_2176052901_6f69f3b,2176052901,1,276219.193300019,2105900.1310000042,72.8737740503431,19.033603043597875,24.944000000000003,2.0943188667297363,29.526318866729735,4.582318866729732,4.582318866729732,2.735,SOURCE-DERIVED invert; DERIVED DEM ground and cover,DEM-derived rim in repository THD convention,JUNCTION,
N_2176052902_68962ae,2176052902,1,276219.98060001933,2105920.3463000054,72.87377920253049,19.033785702094754,24.973000000000003,1.6077150106430054,29.039715010643004,4.0667150106430014,4.0667150106430014,2.787,SOURCE-DERIVED invert; DERIVED DEM ground and cover,DEM-derived rim in repository THD convention,JUNCTION,
N_2176052903_92d595a,2176052903,1,276220.63680002,2105940.1596000064,72.87378315593415,19.033964715631427,25.001,1.6861482858657837,29.118148285865782,4.117148285865781,4.117148285865781,2.787,SOURCE-DERIVED invert; DERIVED DEM ground and cover,DEM-derived rim in repository THD convention,JUNCTION,
N_2176052904_2542d0f,2176052904,1,276221.4241000185,2105960.247500005,72.87378832274936,19.03414622352348,25.03,1.6861482858657837,29.118148285865782,4.088148285865781,4.088148285865781,2.539,SOURCE-DERIVED invert; DERIVED DEM ground and cover,DEM-derived rim in repository THD convention,JUNCTION,
N_2176052905_619378d,2176052905,1,276222.2115000192,2105980.3353000055,72.87379349051581,19.034327730520967,25.059,2.601015567779541,30.03301556777954,4.974015567779539,4.974015567779539,2.539,SOURCE-DERIVED invert; DERIVED DEM ground and cover,DEM-derived rim in repository THD convention,JUNCTION,
N_2176053701_628f18e,2176053701,1,276303.2082000192,2105781.627100005,72.87458552090207,19.03254197262228,24.294,1.7735987901687622,29.20559879016876,4.91159879016876,4.91159879016876,3.383,SOURCE-DERIVED invert; DERIVED DEM ground and cover,DEM-derived rim in repository THD convention,JUNCTION,
N_2176053702_a693891,2176053702,1,276322.96040001896,2105777.9362000055,72.87477352132296,19.03251079751332,24.273,2.0,29.432,5.158999999999999,5.158999999999999,3.304,SOURCE-DERIVED invert; DERIVED DEM ground and cover,DEM-derived rim in repository THD convention,JUNCTION,
N_2176053703_3d6740d,2176053703,1,276342.6288000189,2105774.3250000053,72.87496071673073,19.03248033285085,24.251,2.0,29.432,5.180999999999997,5.180999999999997,3.295,SOURCE-DERIVED invert; DERIVED DEM ground and cover,DEM-derived rim in repository THD convention,JUNCTION,
N_2176053704_9c6ba7e,2176053704,1,276362.29710001824,2105770.554400006,72.87514792945561,19.03244842837462,24.23,2.0,29.432,5.201999999999998,5.201999999999998,3.207,SOURCE-DERIVED invert; DERIVED DEM ground and cover,DEM-derived rim in repository THD convention,JUNCTION,
N_2176053705_7120cd7,2176053705,1,276381.80970001785,2105766.538600005,72.87533369169952,19.032414292187678,24.209,2.0,29.432,5.222999999999999,5.222999999999999,3.121,SOURCE-DERIVED invert; DERIVED DEM ground and cover,DEM-derived rim in repository THD convention,JUNCTION,
N_2176054701_c282a68,2176054701,1,276401.322200019,2105762.608600006,72.87551944308035,19.03238093069018,24.188000000000002,2.0,29.432,5.243999999999996,5.243999999999996,3.072,SOURCE-DERIVED invert; DERIVED DEM ground and cover,DEM-derived rim in repository THD convention,JUNCTION,
N_2176054702_70b0f95,2176054702,1,276420.90660001885,2105758.5927000064,72.8757058870698,19.032346801055,24.166,2.0,29.432,5.265999999999998,5.265999999999998,3.265,SOURCE-DERIVED invert; DERIVED DEM ground and cover,DEM-derived rim in repository THD convention,JUNCTION,
N_2176054703_eaa84f4,2176054703,1,276440.4911000197,2105754.6627000044,72.8758923220856,19.032313447033,24.145,2.896710157394409,30.328710157394408,6.183710157394408,6.183710157394408,3.396,SOURCE-DERIVED invert; DERIVED DEM ground and cover,DEM-derived rim in repository THD convention,JUNCTION,
N_2176054704_275f91c,2176054704,1,276459.9197000184,2105750.7266000053,72.87607727724766,19.032280020695378,24.124000000000002,2.159712553024292,29.59171255302429,5.467712553024288,5.467712553024288,3.397,SOURCE-DERIVED invert; DERIVED DEM ground and cover,DEM-derived rim in repository THD convention,JUNCTION,
N_2176054705_44c869f,2176054705,1,276479.3484000184,2105746.796600004,72.87626223260393,19.032246649267574,24.103,2.0,29.432,5.328999999999997,5.328999999999997,3.397,SOURCE-DERIVED invert; DERIVED DEM ground and cover,DEM-derived rim in repository THD convention,JUNCTION,
N_2176054706_c1125f6,2176054706,1,276498.5373000185,2105743.0260000066,72.87644489234893,19.032214691066805,24.082,2.0,29.432,5.349999999999998,5.349999999999998,3.496,SOURCE-DERIVED invert; DERIVED DEM ground and cover,DEM-derived rim in repository THD convention,JUNCTION,
N_2176055701_8566e1e,2176055701,1,276518.0215000183,2105739.2243000055,72.8766303599199,19.032182484047173,24.061,2.0,29.432,5.370999999999999,5.370999999999999,3.667,SOURCE-DERIVED invert; DERIVED DEM ground and cover,DEM-derived rim in repository THD convention,JUNCTION,
N_2176055702_63155e7,2176055702,1,276537.4821000183,2105735.1950000054,72.87681562945272,19.032148218706826,24.04,2.0,29.432,5.3919999999999995,5.3919999999999995,3.667,SOURCE-DERIVED invert; DERIVED DEM ground and cover,DEM-derived rim in repository THD convention,JUNCTION,
N_2176055703_ee94fc1,2176055703,1,276556.8444000174,2105731.2684000055,72.87699995363636,19.032114869967394,24.019000000000002,2.0,29.432,5.412999999999997,5.412999999999997,3.448,SOURCE-DERIVED invert; DERIVED DEM ground and cover,DEM-derived rim in repository THD convention,JUNCTION,
N_2176055704_e6cdf64,2176055704,1,276576.3942000185,2105727.3418000066,72.87718605835225,19.032081541505566,23.997,2.0,29.432,5.434999999999999,5.434999999999999,3.081,SOURCE-DERIVED invert; DERIVED DEM ground and cover,DEM-derived rim in repository THD convention,JUNCTION,
N_2176055705_13309ec,2176055705,1,276596.02260001836,2105723.5805000043,72.87737289046224,19.032049714322216,23.976000000000003,2.21246075630188,29.64446075630188,5.668460756301876,5.668460756301876,3.252,SOURCE-DERIVED invert; DERIVED DEM ground and cover,DEM-derived rim in repository THD convention,JUNCTION,
N_2176056101_5c70d12,2176056101,1,276649.05350001884,2105199.3552000057,72.87793664330925,19.027321000700873,23.254,-0.9996269345283508,26.432373065471648,3.1783730654716464,4.638,4.338,SOURCE-DERIVED invert; ASSUMED rim depth,DEM nodata or DEM cover below connected pipe crown; max depth set to largest connected conduit height + 0.3 m cover assumption,JUNCTION,
N_2176056701_5b3fef4,2176056701,1,276615.64160001755,2105719.689800005,72.87755964810492,19.032016717250823,23.955000000000002,2.3384294509887695,29.770429450988768,5.815429450988766,5.815429450988766,3.593,SOURCE-DERIVED invert; DERIVED DEM ground and cover,DEM-derived rim in repository THD convention,JUNCTION,
N_2176056702_0ac10b7,2176056702,1,276635.75870001817,2105715.3961000047,72.8777511821281,19.031980134681792,23.933,2.3384294509887695,29.770429450988768,5.837429450988768,5.837429450988768,3.593,SOURCE-DERIVED invert; DERIVED DEM ground and cover,DEM-derived rim in repository THD convention,JUNCTION,
N_2176056703_30869b9,2176056703,1,276654.93250001664,2105711.4057000047,72.87793372327397,19.031946188195512,23.912000000000003,2.3771514892578125,29.80915148925781,5.8971514892578085,5.8971514892578085,3.816,SOURCE-DERIVED invert; DERIVED DEM ground and cover,DEM-derived rim in repository THD convention,JUNCTION,
N_2176056704_270457a,2176056704,1,276665.6482000181,2105709.216600006,72.87803573567841,19.031927586867557,23.900000000000002,2.3771514892578125,29.80915148925781,5.909151489257809,5.909151489257809,3.858,SOURCE-DERIVED invert; DERIVED DEM ground and cover,DEM-derived rim in repository THD convention,JUNCTION,
N_2176056705_1aa4407,2176056705,1,276672.0929000187,2105727.925300005,72.87809479088725,19.032097256331234,25.243000000000002,2.800342321395874,30.232342321395873,4.9893423213958705,4.9893423213958705,2.983,SOURCE-DERIVED invert; DERIVED DEM ground and cover,DEM-derived rim in repository THD convention,JUNCTION,
N_2176056706_29b6d0a,2176056706,1,276674.204600018,2105707.202100005,72.87811722232826,19.03191032674804,23.891000000000002,2.3771514892578125,29.80915148925781,5.918151489257809,5.918151489257809,5.0,SOURCE-DERIVED invert; DERIVED DEM ground and cover,DEM-derived rim in repository THD convention,JUNCTION,
N_2176056707_a30e28a,2176056707,1,276678.9688000184,2105747.0336000063,72.87815789523252,19.032270581794073,25.463,4.463772773742676,31.895772773742674,6.432772773742673,6.432772773742673,2.766,SOURCE-DERIVED invert; DERIVED DEM ground and cover,DEM-derived rim in repository THD convention,JUNCTION,
N_2176056708_c795c3c,2176056708,1,276688.46340001735,2105764.883700006,72.8782460125096,19.03243282964856,25.6,4.691104412078857,32.12310441207886,6.523104412078858,6.523104412078858,2.766,SOURCE-DERIVED invert; DERIVED DEM ground and cover,DEM-derived rim in repository THD convention,JUNCTION,
N_2176056709_1b9b829,2176056709,1,276694.0864000204,2105701.931800006,72.87830663369262,19.03186489781254,23.859,3.977839708328247,31.409839708328246,7.550839708328244,7.550839708328244,5.0,SOURCE-DERIVED invert; DERIVED DEM ground and cover,DEM-derived rim in repository THD convention,JUNCTION,
N_2176056710_a0463d9,2176056710,1,276698.5693000185,2105782.6246000053,72.87833994768437,19.032594157943194,25.611,4.691104412078857,32.12310441207886,6.512104412078859,6.512104412078859,2.993,SOURCE-DERIVED invert; DERIVED DEM ground and cover,DEM-derived rim in repository THD convention,JUNCTION,
N_2176057401_13e01a7,2176057401,1,276720.5873000181,2105419.5066000056,72.87859069381003,19.029317086147916,23.34,2.9461240768432617,30.37812407684326,7.0381240768432605,7.0381240768432605,4.246,SOURCE-DERIVED invert; DERIVED DEM ground and cover,DEM-derived rim in repository THD convention,JUNCTION,
N_2176057501_9bb8938,2176057501,1,276736.0000000184,2105548.500000005,72.87872226321868,19.03048376217904,24.5,0.8228529691696167,28.254852969169615,3.7548529691696153,3.7548529691696153,2.5,SOURCE-DERIVED invert; DERIVED DEM ground and cover,DEM-derived rim in repository THD convention,JUNCTION,
N_2176057502_ba1adb2,2176057502,1,276743.90000001807,2105547.500000005,72.87879739932971,19.030475592466715,23.405,0.8228529691696167,28.254852969169615,4.849852969169614,4.849852969169614,4.16,SOURCE-DERIVED invert; DERIVED DEM ground and cover,DEM-derived rim in repository THD convention,JUNCTION,
N_2176057601_9756338,2176057601,1,276716.20000001846,2105697.6000000047,72.87851713150452,19.031828188152623,23.845000000000002,4.505928039550781,31.93792803955078,8.092928039550777,8.092928039550777,5.0,SOURCE-DERIVED invert; DERIVED DEM ground and cover,DEM-derived rim in repository THD convention,JUNCTION,
N_2176057602_ded4d9a,2176057602,1,276732.4816000179,2105694.078600006,72.87867215295822,19.031798161108792,23.827,4.505928039550781,31.93792803955078,8.110928039550778,8.110928039550778,3.763,SOURCE-DERIVED invert; DERIVED DEM ground and cover,DEM-derived rim in repository THD convention,JUNCTION,
N_2176057603_13d9aac,2176057603,1,276757.50000001956,2105688.3000000063,72.87891040189207,19.03174870119413,23.8,0.5440692901611328,27.97606929016113,4.176069290161131,4.176069290161131,3.57,SOURCE-DERIVED invert; DERIVED DEM ground and cover,DEM-derived rim in repository THD convention,JUNCTION,
N_2176057604_342ed99,2176057604,1,276788.8000000176,2105677.8000000054,72.87920884507747,19.031657285051384,23.44,0.2594485282897949,27.691448528289794,4.251448528289792,4.395,4.095,SOURCE-DERIVED invert; ASSUMED rim depth,DEM nodata or DEM cover below connected pipe crown; max depth set to largest connected conduit height + 0.3 m cover assumption,JUNCTION,
N_2176057801_8a87625,2176057801,1,276708.5712000177,2105800.2643000055,72.87843290700243,19.032754560877557,25.62,4.197935581207275,31.629935581207274,6.009935581207273,6.009935581207273,3.0,SOURCE-DERIVED invert; DERIVED DEM ground and cover,DEM-derived rim in repository THD convention,JUNCTION,
N_2176057802_db5c71a,2176057802,1,276718.3649000173,2105817.709200006,72.87852391166035,19.03291318174271,25.628,4.0,31.432,5.8039999999999985,5.8039999999999985,3.0,SOURCE-DERIVED invert; DERIVED DEM ground and cover,DEM-derived rim in repository THD convention,JUNCTION,
N_2176057803_b234e0f,2176057803,1,276728.36680001806,2105834.8424000046,72.87861692941479,19.033069010196215,25.637,4.0,31.432,5.794999999999998,5.794999999999998,2.791,SOURCE-DERIVED invert; DERIVED DEM ground and cover,DEM-derived rim in repository THD convention,JUNCTION,
N_2176057804_d2decd7,2176057804,1,276737.9525000182,2105852.6847000043,72.87870591352942,19.033231197396155,25.645,4.450300216674805,31.882300216674803,6.237300216674804,6.237300216674804,3.232,SOURCE-DERIVED invert; DERIVED DEM ground and cover,DEM-derived rim in repository THD convention,JUNCTION,
N_2176057805_f77f922,2176057805,1,276747.7072000179,2105870.3245000057,72.87879652595016,19.03339157413994,25.654,4.450300216674805,31.882300216674803,6.228300216674803,6.228300216674803,3.232,SOURCE-DERIVED invert; DERIVED DEM ground and cover,DEM-derived rim in repository THD convention,JUNCTION,
N_2176057806_79f8e99,2176057806,1,276757.8391000195,2105887.6940000057,72.87889075163994,19.03354955080685,25.662000000000003,4.543551921844482,31.97555192184448,6.313551921844478,6.313551921844478,2.66,SOURCE-DERIVED invert; DERIVED DEM ground and cover,DEM-derived rim in repository THD convention,JUNCTION,
N_2176057901_fe83be3,2176057901,1,276767.4248000179,2105905.333100005,72.87897975954861,19.033709902731413,25.664,5.0,32.432,6.768000000000001,6.768000000000001,2.66,SOURCE-DERIVED invert; DERIVED DEM ground and cover,DEM-derived rim in repository THD convention,JUNCTION,
N_2176057902_867a776,2176057902,1,276776.4642000189,2105923.1588000054,72.8790635582338,19.03387188030053,25.666,5.0,32.432,6.766000000000002,6.766000000000002,2.652,SOURCE-DERIVED invert; DERIVED DEM ground and cover,DEM-derived rim in repository THD convention,JUNCTION,
N_2176057903_e2acba5,2176057903,1,276784.5151000187,2105941.4338000063,72.87913791816028,19.034037807841862,25.668000000000003,4.229456424713135,31.661456424713133,5.993456424713131,5.993456424713131,2.586,SOURCE-DERIVED invert; DERIVED DEM ground and cover,DEM-derived rim in repository THD convention,JUNCTION,
N_2176057904_e3712a9,2176057904,1,276792.8261000188,2105959.6500000055,72.87921475502885,19.03420323268726,25.67,4.229456424713135,31.661456424713133,5.991456424713132,5.991456424713132,3.264,SOURCE-DERIVED invert; DERIVED DEM ground and cover,DEM-derived rim in repository THD convention,JUNCTION,
N_2176058701_b195382,2176058701,1,276868.6653000179,2105784.1753000054,72.87995508742786,19.03262671534311,23.490000000000002,3.1271393299102783,30.559139329910277,7.069139329910275,7.069139329910275,4.06,SOURCE-DERIVED invert; DERIVED DEM ground and cover,DEM-derived rim in repository THD convention,JUNCTION,
N_2176058801_8ad6323,2176058801,1,276881.8000000179,2105808.9000000055,72.8800769868942,19.03285144688302,23.5,3.8617799282073975,31.293779928207396,7.793779928207396,7.793779928207396,4.01,SOURCE-DERIVED invert; DERIVED DEM ground and cover,DEM-derived rim in repository THD convention,JUNCTION,
N_2176058901_ac1cfd1,2176058901,1,276800.78600001894,2105977.970000006,72.87928824587232,19.034369556679724,25.672,4.186030864715576,31.618030864715575,5.946030864715574,5.946030864715574,3.264,SOURCE-DERIVED invert; DERIVED DEM ground and cover,DEM-derived rim in repository THD convention,JUNCTION,
N_2176058902_d68d3ae,2176058902,1,276808.68730001734,2105996.611300006,72.87936114349684,19.03453877606105,25.678,4.186030864715576,31.618030864715575,5.940030864715574,5.940030864715574,2.5,SOURCE-DERIVED invert; DERIVED DEM ground and cover,DEM-derived rim in repository THD convention,JUNCTION,
N_2176059901_948bddd,2176059901,1,276957.72690001875,2105951.8051000047,72.8807816513414,19.034150361928525,23.552,3.684415578842163,31.11641557884216,7.564415578842162,7.564415578842162,4.0,SOURCE-DERIVED invert; DERIVED DEM ground and cover,DEM-derived rim in repository THD convention,JUNCTION,
N_2176060201_8339ee1,2176060201,1,276008.60000001837,2106231.6000000043,72.87173599368005,19.036573627872205,26.046000000000003,5.2212629318237305,32.65326293182373,6.60726293182373,6.60726293182373,2.272,SOURCE-DERIVED invert; DERIVED DEM ground and cover,DEM-derived rim in repository THD convention,JUNCTION,
N_2176060202_e70f7ad,2176060202,1,276020.97370002035,2106263.4523000047,72.87184983637209,19.03686265273724,26.072000000000003,3.0048553943634033,30.436855394363402,4.364855394363399,4.364855394363399,1.591,SOURCE-DERIVED invert; DERIVED DEM ground and cover,DEM-derived rim in repository THD convention,JUNCTION,
N_2176060203_0888963,2176060203,1,276028.10000001895,2106229.300000007,72.87192144378434,19.03655499031766,25.987000000000002,5.2212629318237305,32.65326293182373,6.666262931823731,6.666262931823731,2.272,SOURCE-DERIVED invert; DERIVED DEM ground and cover,DEM-derived rim in repository THD convention,JUNCTION,
N_2176060204_5c2f9f7,2176060204,1,276041.43830001785,2106231.3206000044,72.87204788086034,19.036574699142133,25.916,2.6158881187438965,30.047888118743895,4.131888118743895,4.131888118743895,2.382,SOURCE-DERIVED invert; DERIVED DEM ground and cover,DEM-derived rim in repository THD convention,JUNCTION,
N_2176060205_24636c6,2176060205,1,276043.1741000188,2106259.687300006,72.87206110031254,19.036831079702313,26.086000000000002,2.37302565574646,29.80502565574646,3.7190256557464565,3.7190256557464565,1.348,SOURCE-DERIVED invert; DERIVED DEM ground and cover,DEM-derived rim in repository THD convention,JUNCTION,
N_2176060206_025056d,2176060206,1,276054.6087000185,2106261.697800005,72.87216945990924,19.036850488872467,25.88,2.37302565574646,29.80502565574646,3.9250256557464596,3.9250256557464596,1.53,SOURCE-DERIVED invert; DERIVED DEM ground and cover,DEM-derived rim in repository THD convention,JUNCTION,
N_2176060207_9f43a04,2176060207,1,276072.30000001844,2106230.100000005,72.87234110525975,19.03656705322314,25.856,2.903550386428833,30.33555038642883,4.47955038642883,4.47955038642883,2.442,SOURCE-DERIVED invert; DERIVED DEM ground and cover,DEM-derived rim in repository THD convention,JUNCTION,
N_2176060208_f167ed8,2176060208,1,276083.7311000188,2106228.403800004,72.87244985804615,19.036552985192124,25.822000000000003,2.903550386428833,30.33555038642883,4.513550386428829,4.513550386428829,2.611,SOURCE-DERIVED invert; DERIVED DEM ground and cover,DEM-derived rim in repository THD convention,JUNCTION,
N_2176060209_f5ec416,2176060209,1,276088.7217000192,2106228.0009000064,72.87249729858115,19.036549892591655,25.807000000000002,2.903550386428833,30.33555038642883,4.5285503864288295,4.5285503864288295,2.626,SOURCE-DERIVED invert; DERIVED DEM ground and cover,DEM-derived rim in repository THD convention,JUNCTION,
N_2176060210_a454132,2176060210,1,276094.9000000188,2106227.600000005,72.87255601810236,19.036546948012536,25.789,2.903550386428833,30.33555038642883,4.54655038642883,4.54655038642883,2.626,SOURCE-DERIVED invert; DERIVED DEM ground and cover,DEM-derived rim in repository THD convention,JUNCTION,
N_2176060301_8f9bc73,2176060301,1,276051.73330001906,2106388.2823000047,72.87212758360575,19.037993407368383,25.830000000000002,3.6713197231292725,31.10331972312927,5.273319723129269,5.273319723129269,2.625,SOURCE-DERIVED invert; DERIVED DEM ground and cover,DEM-derived rim in repository THD convention,JUNCTION,
N_2176060302_f559ba0,2176060302,1,276053.73940001836,2106314.115400005,72.87215517150231,19.037323797219106,25.859,2.7017061710357666,30.133706171035765,4.2747061710357634,4.2747061710357634,2.456,SOURCE-DERIVED invert; DERIVED DEM ground and cover,DEM-derived rim in repository THD convention,JUNCTION,
N_2176060401_f2ea2c8,2176060401,1,276048.6574000191,2106459.8904000055,72.87209013005285,19.038639790838854,25.801000000000002,3.2954211235046387,30.727421123504637,4.926421123504635,4.926421123504635,2.625,SOURCE-DERIVED invert; DERIVED DEM ground and cover,DEM-derived rim in repository THD convention,JUNCTION,
N_2176060501_3d97b91,2176060501,1,276045.58140001865,2106567.320900006,72.87204855130875,19.03960969997882,25.759,1.5243228673934937,28.956322867393492,3.197322867393492,3.197322867393492,2.613,SOURCE-DERIVED invert; DERIVED DEM ground and cover,DEM-derived rim in repository THD convention,JUNCTION,
N_2176060502_0cd1994,2176060502,1,276046.91880001855,2106526.271500006,72.87206597776056,19.039239113595112,25.775000000000002,1.7267520427703857,29.158752042770384,3.383752042770382,3.383752042770382,2.565,SOURCE-DERIVED invert; DERIVED DEM ground and cover,DEM-derived rim in repository THD convention,JUNCTION,
N_2176060601_59f9f38,2176060601,1,276016.4000000185,2106634.700000005,72.87176366212695,19.04021503139028,25.748,3.2280402183532715,30.66004021835327,4.912040218353269,4.912040218353269,2.5,SOURCE-DERIVED invert; DERIVED DEM ground and cover,DEM-derived rim in repository THD convention,JUNCTION,
N_2176060602_169d1f0,2176060602,1,276034.9000000186,2106636.8000000063,72.87193911287775,19.04023602279813,25.737000000000002,4.10853385925293,31.54053385925293,5.803533859252926,5.803533859252926,2.511,SOURCE-DERIVED invert; DERIVED DEM ground and cover,DEM-derived rim in repository THD convention,JUNCTION,
N_2176060603_fea2b4d,2176060603,1,276043.5000000191,2106636.8000000063,72.87202078617176,19.040236964330635,25.731,4.228901386260986,31.660901386260985,5.929901386260983,5.929901386260983,2.511,SOURCE-DERIVED invert; DERIVED DEM ground and cover,DEM-derived rim in repository THD convention,JUNCTION,
N_2176060604_5aa06f5,2176060604,1,276045.10000001825,2106601.400000006,72.87204005643129,19.039917428617052,25.745,3.0,30.432,4.686999999999998,4.686999999999998,2.613,SOURCE-DERIVED invert; DERIVED DEM ground and cover,DEM-derived rim in repository THD convention,JUNCTION,
N_2176060605_f564917,2176060605,1,276090.6224000166,2106622.8587000053,72.87246990732436,19.040116213452883,25.713,3.401247262954712,30.83324726295471,5.1202472629547096,5.1202472629547096,2.367,SOURCE-DERIVED invert; DERIVED DEM ground and cover,DEM-derived rim in repository THD convention,JUNCTION,
N_2176060803_00ff0b7,2176060803,1,276040.7000000187,2106832.1000000047,72.87197171013725,19.04200048618712,26.2,9.760477066040039,37.19247706604004,10.992477066040042,10.992477066040042,0.6,SOURCE-DERIVED invert; DERIVED DEM ground and cover,DEM-derived rim in repository THD convention,JUNCTION,
N_2176061201_3d99867,2176061201,1,276112.5200000175,2106226.0375000043,72.87272352954314,19.036534764558503,25.73,3.0,30.432,4.701999999999998,4.701999999999998,2.289,SOURCE-DERIVED invert; DERIVED DEM ground and cover,DEM-derived rim in repository THD convention,JUNCTION,
N_2176061202_4ed9b2e,2176061202,1,276134.20250001864,2106224.084100006,72.8729296662482,19.036519495066788,25.67,2.6488325595855713,30.08083255958557,4.410832559585568,4.410832559585568,2.528,SOURCE-DERIVED invert; DERIVED DEM ground and cover,DEM-derived rim in repository THD convention,JUNCTION,
N_2176061203_46daa6d,2176061203,1,276150.02480001876,2106223.888800006,72.87307994818919,19.036519462311386,25.613,2.6488325595855713,30.08083255958557,4.46783255958557,4.46783255958557,2.528,SOURCE-DERIVED invert; DERIVED DEM ground and cover,DEM-derived rim in repository THD convention,JUNCTION,
N_2176061204_f40b8cb,2176061204,1,276168.581800018,2106223.6934000044,72.87325620075605,19.036519727693015,25.555,2.5681052207946777,30.000105220794676,4.445105220794677,4.445105220794677,2.243,SOURCE-DERIVED invert; DERIVED DEM ground and cover,DEM-derived rim in repository THD convention,JUNCTION,
N_2176061205_73c6565,2176061205,1,276188.5062000186,2106221.9354000054,72.87344561884919,19.036506030025407,25.495,2.556159496307373,29.98815949630737,4.493159496307371,4.493159496307371,2.403,SOURCE-DERIVED invert; DERIVED DEM ground and cover,DEM-derived rim in repository THD convention,JUNCTION,
N_2176061601_23ca14e,2176061601,1,276160.2298000186,2106623.227000005,72.87313091898494,19.04012715738569,25.682000000000002,2.71221923828125,30.14421923828125,4.4622192382812464,4.4622192382812464,2.716,SOURCE-DERIVED invert; DERIVED DEM ground and cover,DEM-derived rim in repository THD convention,JUNCTION,
N_2176062001_0eff5d5,2176062001,1,276223.0000000185,2106000.1000000047,72.87379870587114,19.034506319592147,25.087,2.534025192260742,29.96602519226074,4.879025192260741,4.879025192260741,2.511,SOURCE-DERIVED invert; DERIVED DEM ground and cover,DEM-derived rim in repository THD convention,JUNCTION,
N_2176062002_1083cb3,2176062002,1,276223.80000001844,2106020.000000005,72.8738040148699,19.03468613186659,25.115000000000002,2.534025192260742,29.96602519226074,4.851025192260739,4.851025192260739,2.654,SOURCE-DERIVED invert; DERIVED DEM ground and cover,DEM-derived rim in repository THD convention,JUNCTION,
N_2176062003_f471446,2176062003,1,276224.40000001853,2106039.8000000063,72.87380743603816,19.03486501912775,25.144000000000002,1.5404415130615234,28.972441513061522,3.82844151306152,3.82844151306152,2.654,SOURCE-DERIVED invert; DERIVED DEM ground and cover,DEM-derived rim in repository THD convention,JUNCTION,
N_2176062004_8f37a70,2176062004,1,276225.40000001946,2106059.9000000055,72.8738146213403,19.035046659548204,25.172,1.539168119430542,28.97116811943054,3.79916811943054,3.79916811943054,2.597,SOURCE-DERIVED invert; DERIVED DEM ground and cover,DEM-derived rim in repository THD convention,JUNCTION,
N_2176062005_e77389b,2176062005,1,276226.50000002014,2106079.800000006,72.87382277929726,19.035226504623207,25.201,1.539168119430542,28.97116811943054,3.77016811943054,3.77016811943054,2.597,SOURCE-DERIVED invert; DERIVED DEM ground and cover,DEM-derived rim in repository THD convention,JUNCTION,
N_2176062101_871b13a,2176062101,1,276226.70000001846,2106100.000000005,72.87382235578491,19.03540896069202,25.23,3.000251054763794,30.432251054763793,5.202251054763792,5.202251054763792,2.568,SOURCE-DERIVED invert; DERIVED DEM ground and cover,DEM-derived rim in repository THD convention,JUNCTION,
N_2176062102_bb77733,2176062102,1,276227.0000000185,2106120.1000000047,72.87382289341377,19.035590524553854,25.258000000000003,3.510958671569824,30.942958671569823,5.68495867156982,5.68495867156982,2.54,SOURCE-DERIVED invert; DERIVED DEM ground and cover,DEM-derived rim in repository THD convention,JUNCTION,
N_2176062103_68e79be,2176062103,1,276227.5000000179,2106140.0000000056,72.87382535335198,19.0357703040056,25.287000000000003,3.510958671569824,30.942958671569823,5.65595867156982,5.65595867156982,2.511,SOURCE-DERIVED invert; DERIVED DEM ground and cover,DEM-derived rim in repository THD convention,JUNCTION,
N_2176062104_03099fb,2176062104,1,276227.8000000181,2106160.1000000047,72.87382589094301,19.035951867861243,25.316000000000003,3.0,30.432,5.115999999999996,5.115999999999996,2.482,SOURCE-DERIVED invert; DERIVED DEM ground and cover,DEM-derived rim in repository THD convention,JUNCTION,
N_2176062105_9f4ca85,2176062105,1,276228.1000000178,2106180.200000005,72.873826428514,19.036133431713697,25.344,3.0,30.432,5.087999999999997,5.087999999999997,2.575,SOURCE-DERIVED invert; DERIVED DEM ground and cover,DEM-derived rim in repository THD convention,JUNCTION,
N_2176062201_0980e00,2176062201,1,276205.6959000182,2106221.740000006,72.87360888661209,19.0365061455068,25.437,2.556159496307373,29.98815949630737,4.5511594963073705,4.5511594963073705,2.403,SOURCE-DERIVED invert; DERIVED DEM ground and cover,DEM-derived rim in repository THD convention,JUNCTION,
N_2176062202_3d9f7a6,2176062202,1,276228.1597000191,2106221.1540000043,72.87382228582257,19.036503309990692,25.373,2.5442140102386475,29.976214010238646,4.603214010238645,4.603214010238645,2.575,SOURCE-DERIVED invert; DERIVED DEM ground and cover,DEM-derived rim in repository THD convention,JUNCTION,
N_2176062203_a15d99d,2176062203,1,276228.2000000193,2106289.4000000055,72.87381482012064,19.037119670941415,25.434,2.4336156845092773,29.865615684509276,4.431615684509275,4.431615684509275,2.443,SOURCE-DERIVED invert; DERIVED DEM ground and cover,DEM-derived rim in repository THD convention,JUNCTION,
N_2176062204_b6376b7,2176062204,1,276230.2293000178,2106253.0820000065,72.87383826847088,19.036791890701856,25.406000000000002,2.0,29.432,4.025999999999996,4.025999999999996,2.502,SOURCE-DERIVED invert; DERIVED DEM ground and cover,DEM-derived rim in repository THD convention,JUNCTION,
N_2176062301_dbb1546,2176062301,1,276225.2129000176,2106376.030300006,72.87377648922592,19.037901736572774,25.493000000000002,2.0,29.432,3.9389999999999965,3.9389999999999965,2.325,SOURCE-DERIVED invert; DERIVED DEM ground and cover,DEM-derived rim in repository THD convention,JUNCTION,
N_2176062302_a2814f1,2176062302,1,276225.9315000182,2106334.2387000057,72.87378812003959,19.037524378791726,25.465,2.0,29.432,3.9669999999999987,3.9669999999999987,2.443,SOURCE-DERIVED invert; DERIVED DEM ground and cover,DEM-derived rim in repository THD convention,JUNCTION,
N_2176062401_c82ab85,2176062401,1,276220.97320001724,2106489.0027000047,72.87372323199928,19.038921570917054,25.571,2.0,29.432,3.860999999999997,3.860999999999997,2.296,SOURCE-DERIVED invert; DERIVED DEM ground and cover,DEM-derived rim in repository THD convention,JUNCTION,
N_2176062402_393a305,2176062402,1,276221.4044000183,2106450.379100007,72.87373176949217,19.038572793211124,25.544,2.0,29.432,3.887999999999998,3.887999999999998,2.277,SOURCE-DERIVED invert; DERIVED DEM ground and cover,DEM-derived rim in repository THD convention,JUNCTION,
N_2176062403_e1402c2,2176062403,1,276222.90000001906,2106411.6000000047,72.87375043314037,19.038222727530112,25.518,2.0,29.432,3.913999999999998,3.913999999999998,2.28,SOURCE-DERIVED invert; DERIVED DEM ground and cover,DEM-derived rim in repository THD convention,JUNCTION,
N_2176062501_1348094,2176062501,1,276216.37420001917,2106570.2268000054,72.87367021321067,19.039654634474736,25.627000000000002,1.9006891250610352,29.332689125061034,3.7056891250610313,3.7056891250610313,2.221,SOURCE-DERIVED invert; DERIVED DEM ground and cover,DEM-derived rim in repository THD convention,JUNCTION,
N_2176062502_70f6b82,2176062502,1,276221.2000000189,2106535.6000000057,72.8737200261577,19.0393424341884,25.602,2.0,29.432,3.8299999999999983,3.8299999999999983,2.296,SOURCE-DERIVED invert; DERIVED DEM ground and cover,DEM-derived rim in repository THD convention,JUNCTION,
N_2176062601_b2b119f,2176062601,1,276209.3000000189,2106626.900000006,72.87359651110195,19.040165698390627,25.665000000000003,2.3989758491516113,29.83097584915161,4.165975849151607,4.165975849151607,2.716,SOURCE-DERIVED invert; DERIVED DEM ground and cover,DEM-derived rim in repository THD convention,JUNCTION,
N_2176062602_e740af5,2176062602,1,276210.4800000194,2106659.7646000045,72.87360393682648,19.040462640490126,25.688000000000002,2.739622116088867,30.171622116088866,4.483622116088863,4.483622116088863,2.665,SOURCE-DERIVED invert; DERIVED DEM ground and cover,DEM-derived rim in repository THD convention,JUNCTION,
N_2176062701_fa072a5,2176062701,1,276215.70000001835,2106711.3000000063,72.87364758229779,19.0409286478198,25.723000000000003,2.6762468814849854,30.108246881484984,4.385246881484981,4.385246881484981,2.665,SOURCE-DERIVED invert; DERIVED DEM ground and cover,DEM-derived rim in repository THD convention,JUNCTION,
N_2176062702_c4f6951,2176062702,1,276251.40000001935,2106732.100000005,72.87398423082978,19.041120405977242,25.752000000000002,2.1219754219055176,29.553975421905516,3.8019754219055137,3.8019754219055137,2.646,SOURCE-DERIVED invert; DERIVED DEM ground and cover,DEM-derived rim in repository THD convention,JUNCTION,
N_2176062703_7122c9a,2176062703,1,276269.9102000179,2106737.5132000064,72.8741593988392,19.04117131931479,25.765,2.1219754219055176,29.553975421905516,3.7889754219055156,3.7889754219055156,2.603,SOURCE-DERIVED invert; DERIVED DEM ground and cover,DEM-derived rim in repository THD convention,JUNCTION,
N_2176062704_9741199,2176062704,1,276288.3000000178,2106743.6000000047,72.87433334607127,19.041228302874952,25.778000000000002,2.0,29.432,3.6539999999999964,3.6539999999999964,2.52,SOURCE-DERIVED invert; DERIVED DEM ground and cover,DEM-derived rim in repository THD convention,JUNCTION,
N_2176063701_a1618b9,2176063701,1,276308.5707000188,2106751.9381000064,72.87452489740517,19.041305824347546,25.793000000000003,2.0,29.432,3.638999999999996,3.638999999999996,2.515,SOURCE-DERIVED invert; DERIVED DEM ground and cover,DEM-derived rim in repository THD convention,JUNCTION,
N_2176063702_3be2fc7,2176063702,1,276326.82310001866,2106758.813500006,72.87469744937364,19.041369914721933,25.806,2.247941017150879,29.679941017150878,3.8739410171508766,3.8739410171508766,2.412,SOURCE-DERIVED invert; DERIVED DEM ground and cover,DEM-derived rim in repository THD convention,JUNCTION,
N_2176063703_1be4373,2176063703,1,276360.9565000193,2106773.2383000054,72.87501995511357,19.041503922918796,25.832,3.46299409866333,30.89499409866333,5.062994098663328,5.062994098663328,2.316,SOURCE-DERIVED invert; DERIVED DEM ground and cover,DEM-derived rim in repository THD convention,JUNCTION,
N_2176063704_775cddb,2176063704,1,276385.3000000181,2106783.8000000073,72.87524993087663,19.04160197119648,25.85,3.631988048553467,31.063988048553465,5.213988048553464,5.213988048553464,2.248,SOURCE-DERIVED invert; DERIVED DEM ground and cover,DEM-derived rim in repository THD convention,JUNCTION,
N_2176064701_afda901,2176064701,1,276469.43280001765,2106789.4984000055,72.87604828486124,19.041662631405252,25.0,4.340756893157959,31.772756893157958,6.772756893157958,6.772756893157958,3.438,SOURCE-DERIVED invert; DERIVED DEM ground and cover,DEM-derived rim in repository THD convention,JUNCTION,
N_2176064702_a1a9999,2176064702,1,276485.59460001835,2106788.9048000053,72.87620184170649,19.041659036448532,24.925,4.340756893157959,31.772756893157958,6.847756893157957,6.847756893157957,3.503,SOURCE-DERIVED invert; DERIVED DEM ground and cover,DEM-derived rim in repository THD convention,JUNCTION,
N_2176064901_47c9ed8,2176064901,1,276425.70000001835,2106970.800000006,72.87561211546009,19.043295259032902,25.400000000000002,4.138527870178223,31.57052787017822,6.170527870178219,6.170527870178219,0.6,SOURCE-DERIVED invert; DERIVED DEM ground and cover,DEM-derived rim in repository THD convention,JUNCTION,
N_2176065701_c1965df,2176065701,1,276500.55710001773,2106789.529200006,72.8763438688595,19.04166631057417,24.856,4.277052879333496,31.709052879333495,6.853052879333493,6.853052879333493,3.555,SOURCE-DERIVED invert; DERIVED DEM ground and cover,DEM-derived rim in repository THD convention,JUNCTION,
N_2176065702_b79695c,2176065702,1,276511.2577000177,2106792.804600006,72.87644511617728,19.04169706120085,24.818,4.277052879333496,31.709052879333495,6.891052879333493,6.891052879333493,3.6,SOURCE-DERIVED invert; DERIVED DEM ground and cover,DEM-derived rim in repository THD convention,JUNCTION,
N_2176065703_b5535ba,2176065703,1,276523.84340001846,2106798.055800006,72.8765640393564,19.041745861980665,24.772000000000002,3.3646554946899414,30.79665549468994,6.024655494689938,6.024655494689938,3.666,SOURCE-DERIVED invert; DERIVED DEM ground and cover,DEM-derived rim in repository THD convention,JUNCTION,
N_2176065801_d107ce8,2176065801,1,276541.689600019,2106803.6932000048,72.87673287728076,19.04179872530806,24.709,3.3646554946899414,30.79665549468994,6.08765549468994,6.08765549468994,3.719,SOURCE-DERIVED invert; DERIVED DEM ground and cover,DEM-derived rim in repository THD convention,JUNCTION,
N_2176065802_13e3e72,2176065802,1,276561.25640001835,2106811.068000005,72.8769178563242,19.041867467610068,24.638,3.3766045570373535,30.808604557037352,6.1706045570373504,6.1706045570373504,3.77,SOURCE-DERIVED invert; DERIVED DEM ground and cover,DEM-derived rim in repository THD convention,JUNCTION,
N_2176065803_6629340,2176065803,1,276577.50000001834,2106816.6000000047,72.8770714866932,19.041919203677157,24.580000000000002,3.3766045570373535,30.808604557037352,6.22860455703735,6.22860455703735,3.868,SOURCE-DERIVED invert; DERIVED DEM ground and cover,DEM-derived rim in repository THD convention,JUNCTION,
N_2176065804_ab9d2de,2176065804,1,276596.45710001927,2106822.8446000046,72.87725080550703,19.04197767177534,24.512,4.0,31.432,6.919999999999998,6.919999999999998,3.868,SOURCE-DERIVED invert; DERIVED DEM ground and cover,DEM-derived rim in repository THD convention,JUNCTION,
N_2176066801_a9f0cee,2176066801,1,276612.53340001847,2106828.4819000047,72.87740283516088,19.042030340320814,24.454,4.0,31.432,6.977999999999998,6.977999999999998,3.854,SOURCE-DERIVED invert; DERIVED DEM ground and cover,DEM-derived rim in repository THD convention,JUNCTION,
N_2176066802_84c7b2e,2176066802,1,276626.8890000181,2106833.269800006,72.8775386209167,19.042075149561313,24.403000000000002,3.6413464546203613,31.07334645462036,6.670346454620358,6.670346454620358,3.885,SOURCE-DERIVED invert; DERIVED DEM ground and cover,DEM-derived rim in repository THD convention,JUNCTION,
N_2176066803_4b7e9a2,2176066803,1,276642.96530001867,2106838.482400005,72.87769069953947,19.04212398224578,24.345000000000002,3.6413464546203613,31.07334645462036,6.7283464546203575,6.7283464546203575,3.885,SOURCE-DERIVED invert; DERIVED DEM ground and cover,DEM-derived rim in repository THD convention,JUNCTION,
N_2176066804_fb178b2,2176066804,1,276658.60000001866,2106842.800000006,72.8778386871332,19.04216468348056,24.29,2.401369094848633,29.83336909484863,5.543369094848632,5.543369094848632,3.823,SOURCE-DERIVED invert; DERIVED DEM ground and cover,DEM-derived rim in repository THD convention,JUNCTION,
N_2176066805_6157baf,2176066805,1,276679.71840001753,2106850.5211000047,72.87803836299867,19.042236721737392,24.237000000000002,3.977776288986206,31.409776288986205,7.172776288986203,7.172776288986203,3.843,SOURCE-DERIVED invert; DERIVED DEM ground and cover,DEM-derived rim in repository THD convention,JUNCTION,
N_2176066806_595e419,2176066806,1,276694.90920001816,2106858.839900005,72.87818167571999,19.04231351074543,24.171000000000003,3.977776288986206,31.409776288986205,7.238776288986202,7.238776288986202,3.877,SOURCE-DERIVED invert; DERIVED DEM ground and cover,DEM-derived rim in repository THD convention,JUNCTION,
N_2176067801_ceca137,2176067801,1,276709.8761000185,2106863.464200005,72.87832328629868,19.042356908647584,24.103,4.414185047149658,31.846185047149657,7.743185047149655,7.743185047149655,3.935,SOURCE-DERIVED invert; DERIVED DEM ground and cover,DEM-derived rim in repository THD convention,JUNCTION,
N_2176067802_80a07c6,2176067802,1,276723.200000018,2106869.000000005,72.87844918866651,19.042408359234976,24.091,4.414185047149658,31.846185047149657,7.755185047149656,7.755185047149656,3.939,SOURCE-DERIVED invert; DERIVED DEM ground and cover,DEM-derived rim in repository THD convention,JUNCTION,
N_2176067803_0f7a9cf,2176067803,1,276742.5203000186,2106874.314100005,72.87863206474877,19.042458461998482,24.074,3.7412912845611572,31.173291284561156,7.099291284561154,7.099291284561154,4.026,SOURCE-DERIVED invert; DERIVED DEM ground and cover,DEM-derived rim in repository THD convention,JUNCTION,
N_2176067804_9f48877,2176067804,1,276758.15410001785,2106880.414800005,72.87877983974633,19.042515266350815,24.059,4.10642147064209,31.53842147064209,7.479421470642087,7.479421470642087,4.026,SOURCE-DERIVED invert; DERIVED DEM ground and cover,DEM-derived rim in repository THD convention,JUNCTION,
N_2176067805_575daaf,2176067805,1,276772.067200019,2106884.3146000057,72.87891152583003,19.04255200555346,24.047,3.281005859375,30.713005859375,6.666005859374998,6.666005859374998,3.991,SOURCE-DERIVED invert; DERIVED DEM ground and cover,DEM-derived rim in repository THD convention,JUNCTION,
N_2176067806_81ee606,2176067806,1,276794.0000000186,2106890.9000000055,72.87911906747159,19.0426138746251,24.027,3.281005859375,30.713005859375,6.686005859374998,6.686005859374998,3.983,SOURCE-DERIVED invert; DERIVED DEM ground and cover,DEM-derived rim in repository THD convention,JUNCTION,
N_2176068001_12ef030,2176068001,1,276816.28300001775,2106015.335500005,72.87943112957751,19.034708710799702,25.696,3.2396750450134277,30.671675045013426,4.975675045013425,4.975675045013425,2.438,SOURCE-DERIVED invert; DERIVED DEM ground and cover,DEM-derived rim in repository THD convention,JUNCTION,
N_2176068002_05df1e3,2176068002,1,276823.8917000175,2106033.797100005,72.87950126935684,19.034876275287107,25.746000000000002,3.0,30.432,4.685999999999996,4.685999999999996,2.438,SOURCE-DERIVED invert; DERIVED DEM ground and cover,DEM-derived rim in repository THD convention,JUNCTION,
N_2176068003_4977a66,2176068003,1,276830.6680000176,2106052.887700006,72.87956343211981,19.03504942974508,26.205000000000002,3.0,30.432,4.226999999999997,4.226999999999997,2.077,SOURCE-DERIVED invert; DERIVED DEM ground and cover,DEM-derived rim in repository THD convention,JUNCTION,
N_2176068004_d9ea75b,2176068004,1,276836.7550000181,2106072.137300005,72.87961903071545,19.035223945013954,26.401,3.138025999069214,30.570025999069212,4.169025999069213,4.169025999069213,2.077,SOURCE-DERIVED invert; DERIVED DEM ground and cover,DEM-derived rim in repository THD convention,JUNCTION,
N_2176068005_f02bc71,2176068005,1,276843.44020001875,2106091.1380000054,72.87968033885873,19.035396277589832,26.681,3.7903239727020264,31.222323972702025,4.541323972702024,4.541323972702024,1.737,SOURCE-DERIVED invert; DERIVED DEM ground and cover,DEM-derived rim in repository THD convention,JUNCTION,
N_2176068801_36150ca,2176068801,1,276832.3495000177,2106896.093400005,72.87948267970089,19.042664962999844,23.994,1.4977301359176636,28.929730135917662,4.935730135917662,4.935730135917662,4.106,SOURCE-DERIVED invert; DERIVED DEM ground and cover,DEM-derived rim in repository THD convention,JUNCTION,
N_2176068802_fd96972,2176068802,1,276856.5824000183,2106891.3915000055,72.87971336089569,19.04262514201218,23.973000000000003,1.4977301359176636,28.929730135917662,4.95673013591766,4.95673013591766,4.147,SOURCE-DERIVED invert; DERIVED DEM ground and cover,DEM-derived rim in repository THD convention,JUNCTION,
N_2176068803_6e640bb,2176068803,1,276878.9966000186,2106885.627400005,72.87992689151956,19.04257552915415,23.953,1.5371487140655518,28.96914871406555,5.016148714065551,5.016148714065551,4.147,SOURCE-DERIVED invert; DERIVED DEM ground and cover,DEM-derived rim in repository THD convention,JUNCTION,
N_2176068804_82bd3e4,2176068804,1,276899.00600001647,2106884.3146000057,72.88011707291717,19.042565855320813,23.936,0.676122784614563,28.10812278461456,4.172122784614562,4.4239999999999995,4.124,SOURCE-DERIVED invert; ASSUMED rim depth,DEM nodata or DEM cover below connected pipe crown; max depth set to largest connected conduit height + 0.3 m cover assumption,JUNCTION,
N_2176069601_b77b053,2176069601,1,276966.21950001724,2106685.909100005,72.8807781536133,19.040781300044795,23.794,1.5279457569122314,28.95994575691223,5.16594575691223,5.16594575691223,3.794,SOURCE-DERIVED invert; DERIVED DEM ground and cover,DEM-derived rim in repository THD convention,JUNCTION,
N_2176069801_ac17bbe,2176069801,1,276919.90000001795,2106883.000000005,72.88031565563537,19.042556261511404,23.918000000000003,0.0,27.432,3.513999999999996,4.4239999999999995,4.124,SOURCE-DERIVED invert; ASSUMED rim depth,DEM nodata or DEM cover below connected pipe crown; max depth set to largest connected conduit height + 0.3 m cover assumption,JUNCTION,
N_2176069802_afd7274,2176069802,1,276940.90000001824,2106881.3000000063,72.88051528924044,19.042543198333323,23.900000000000002,0.0,27.432,3.5319999999999965,4.402,4.102,SOURCE-DERIVED invert; ASSUMED rim depth,DEM nodata or DEM cover below connected pipe crown; max depth set to largest connected conduit height + 0.3 m cover assumption,JUNCTION,
N_2176069803_fb5d07d,2176069803,1,276940.8000000179,2106896.2000000044,72.88051263083712,19.0426777557063,23.862000000000002,0.0,27.432,3.5699999999999967,3.949,3.649,SOURCE-DERIVED invert; ASSUMED rim depth,DEM nodata or DEM cover below connected pipe crown; max depth set to largest connected conduit height + 0.3 m cover assumption,JUNCTION,
N_2176069804_b870dab,2176069804,1,276942.00000001857,2106881.200000005,72.88052574749456,19.04254241514991,23.851000000000003,0.0,27.432,3.580999999999996,4.3999999999999995,4.1,SOURCE-DERIVED invert; ASSUMED rim depth,DEM nodata or DEM cover below connected pipe crown; max depth set to largest connected conduit height + 0.3 m cover assumption,JUNCTION,
N_2176069901_8ad8c27,2176069901,1,276989.6000000178,2106905.4000000055,72.88097503391086,19.04276616618013,24.638,4.0,31.432,6.793999999999997,6.793999999999997,3.398,SOURCE-DERIVED invert; DERIVED DEM ground and cover,DEM-derived rim in repository THD convention,JUNCTION,
N_2176070701_7698600,2176070701,1,276022.5000000197,2107706.1000000047,72.87169820338512,19.049891913651653,26.78,1.8389707803726196,29.27097078037262,2.490970780372617,2.490970780372617,1.164,SOURCE-DERIVED invert; DERIVED DEM ground and cover,DEM-derived rim in repository THD convention,JUNCTION,
N_2176070702_2c768db,2176070702,1,276050.81500001973,2107716.5937000043,72.87196591474081,19.049989787812557,26.772000000000002,2.0,29.432,2.6599999999999966,2.6599999999999966,1.247,SOURCE-DERIVED invert; DERIVED DEM ground and cover,DEM-derived rim in repository THD convention,JUNCTION,
N_2176070703_7ed92a9,2176070703,1,276064.28580001835,2107720.242200006,72.8720934327489,19.05002421425259,26.77,2.0,29.432,2.661999999999999,2.661999999999999,1.249,SOURCE-DERIVED invert; DERIVED DEM ground and cover,DEM-derived rim in repository THD convention,JUNCTION,
N_2176070706_439516e,2176070706,1,276078.8913000174,2107725.267500005,72.87223156900885,19.05007119927731,26.766000000000002,1.9795693159103394,29.411569315910338,2.645569315910336,2.645569315910336,1.249,SOURCE-DERIVED invert; DERIVED DEM ground and cover,DEM-derived rim in repository THD convention,JUNCTION,
N_2176071701_9f759a2,2176071701,1,276106.500000019,2107735.800000007,72.87249256851125,19.050169345791588,26.759,2.853670835494995,30.285670835494994,3.5266708354949934,3.5266708354949934,1.143,SOURCE-DERIVED invert; DERIVED DEM ground and cover,DEM-derived rim in repository THD convention,JUNCTION,
N_2176071702_59a7195,2176071702,1,276135.20000001905,2107746.500000005,72.87276391365644,19.050269124213404,26.752000000000002,2.7149174213409424,30.14691742134094,3.3949174213409385,3.3949174213409385,1.1,SOURCE-DERIVED invert; DERIVED DEM ground and cover,DEM-derived rim in repository THD convention,JUNCTION,
N_2176071703_4e2b333,2176071703,1,276165.2000000187,2107757.7000000044,72.87304754831783,19.050373560281198,26.745,2.1224191188812256,29.554419118881224,2.809419118881223,2.809419118881223,1.534,SOURCE-DERIVED invert; DERIVED DEM ground and cover,DEM-derived rim in repository THD convention,JUNCTION,
N_2176071704_56ea7ff,2176071704,1,276179.064200019,2107762.4582000053,72.87317867546933,19.050418051208993,26.742,2.0,29.432,2.6899999999999977,2.6899999999999977,1.627,SOURCE-DERIVED invert; DERIVED DEM ground and cover,DEM-derived rim in repository THD convention,JUNCTION,
N_2176071706_8cf3f63,2176071706,1,276192.0695000207,2107765.659200005,72.87330182457285,19.05044838436544,26.739,2.2734012603759766,29.705401260375975,2.9664012603759744,2.9664012603759744,1.627,SOURCE-DERIVED invert; DERIVED DEM ground and cover,DEM-derived rim in repository THD convention,JUNCTION,
N_2176072702_71463f0,2176072702,1,276247.80000001926,2107786.9000000055,72.87382867957051,19.050646318124763,26.725,3.0,30.432,3.706999999999997,3.706999999999997,1.537,SOURCE-DERIVED invert; DERIVED DEM ground and cover,DEM-derived rim in repository THD convention,JUNCTION,
N_2176072703_95ff69c,2176072703,1,276276.30000001914,2107796.700000005,72.87409823054075,19.050737944598254,26.718,7.8586859703063965,35.2906859703064,8.572685970306399,8.572685970306399,1.361,SOURCE-DERIVED invert; DERIVED DEM ground and cover,DEM-derived rim in repository THD convention,JUNCTION,
N_2176072704_1014117,2176072704,1,276220.10000001814,2107775.900000006,72.87356686505241,19.050543941194533,26.732000000000003,3.0,30.432,3.6999999999999957,3.6999999999999957,1.537,SOURCE-DERIVED invert; DERIVED DEM ground and cover,DEM-derived rim in repository THD convention,JUNCTION,
N_2176073801_a5dacee,2176073801,1,276304.57850001915,2107806.739400005,72.87436565059909,19.05083170858319,26.712,17.45164680480957,44.88364680480957,18.171646804809573,18.171646804809573,1.361,SOURCE-DERIVED invert; DERIVED DEM ground and cover,DEM-derived rim in repository THD convention,JUNCTION,
N_2176073802_480cb59,2176073802,1,276332.65480001876,2107817.013700004,72.87463112357067,19.05092757155966,26.705000000000002,13.023504257202148,40.45550425720215,13.750504257202149,13.750504257202149,1.264,SOURCE-DERIVED invert; DERIVED DEM ground and cover,DEM-derived rim in repository THD convention,JUNCTION,
N_2176073804_1c0ec4a,2176073804,1,276360.9348000186,2107827.2881000056,72.87489853151726,19.051023457368462,26.698,11.305310249328613,38.737310249328615,12.039310249328615,12.039310249328615,1.411,SOURCE-DERIVED invert; DERIVED DEM ground and cover,DEM-derived rim in repository THD convention,JUNCTION,
N_2176073806_afc4d43,2176073806,1,276388.77840001864,2107837.5624000058,72.87516179509511,19.05111929418313,26.691000000000003,7.640040874481201,35.0720408744812,8.3810408744812,8.3810408744812,2.028,SOURCE-DERIVED invert; DERIVED DEM ground and cover,DEM-derived rim in repository THD convention,JUNCTION,
N_2176074802_098b0d7,2176074802,1,276417.5239000188,2107846.683700006,72.87543375744625,19.051204816092916,26.685000000000002,5.1870436668396,32.6190436668396,5.9340436668395995,5.9340436668395995,2.028,SOURCE-DERIVED invert; DERIVED DEM ground and cover,DEM-derived rim in repository THD convention,JUNCTION,
N_2176074803_6da0216,2176074803,1,276445.83300001826,2107856.045900006,72.87570154768338,19.05129246556968,26.678,3.0,30.432,3.753999999999998,3.753999999999998,1.821,SOURCE-DERIVED invert; DERIVED DEM ground and cover,DEM-derived rim in repository THD convention,JUNCTION,
N_2176075801_0e27744,2176075801,1,276501.9566000184,2107877.0421000044,72.8762321704383,19.05148822688595,26.664,3.035254955291748,30.467254955291747,3.803254955291745,3.803254955291745,1.821,SOURCE-DERIVED invert; DERIVED DEM ground and cover,DEM-derived rim in repository THD convention,JUNCTION,
N_2176075802_7265b2c,2176075802,1,276530.00000001886,2107887.3000000063,72.87649733519174,19.051583935662684,26.657,5.245203971862793,32.677203971862795,6.020203971862795,6.020203971862795,1.435,SOURCE-DERIVED invert; DERIVED DEM ground and cover,DEM-derived rim in repository THD convention,JUNCTION,
N_2176075803_5ac6f74,2176075803,1,276558.3129000191,2107898.0382000054,72.87676500467585,19.051684011322383,26.651,5.932714939117432,33.364714939117434,6.713714939117434,6.713714939117434,1.342,SOURCE-DERIVED invert; DERIVED DEM ground and cover,DEM-derived rim in repository THD convention,JUNCTION,
N_2176075903_0daf1a9,2176075903,1,276585.9238000184,2107908.312500005,72.87702606052753,19.051779820240046,26.644000000000002,3.756627082824707,31.188627082824706,4.544627082824704,4.544627082824704,1.555,SOURCE-DERIVED invert; DERIVED DEM ground and cover,DEM-derived rim in repository THD convention,JUNCTION,
N_2176076405_855a85a,2176076405,1,276686.9000000196,2107481.8000000063,72.8780340799011,19.047938845219175,24.6,3.5827696323394775,31.014769632339476,6.414769632339475,6.414769632339475,2.56,SOURCE-DERIVED invert; DERIVED DEM ground and cover,DEM-derived rim in repository THD convention,JUNCTION,
N_2176076406_b2ebf2d,2176076406,1,276695.5000000183,2107486.900000006,72.87811517159274,19.047985844605936,24.3,3.5827696323394775,31.014769632339476,6.714769632339475,6.714769632339475,3.928,SOURCE-DERIVED invert; DERIVED DEM ground and cover,DEM-derived rim in repository THD convention,JUNCTION,
N_2176076502_fa0a3e2,2176076502,1,276685.84410001803,2107555.8065000065,72.87801555204219,19.048607112792553,24.332,1.8552213907241821,29.28722139072418,4.95522139072418,4.95522139072418,3.761,SOURCE-DERIVED invert; DERIVED DEM ground and cover,DEM-derived rim in repository THD convention,JUNCTION,
N_2176076503_0b84ac4,2176076503,1,276691.91140001756,2107526.4642000045,72.87807654555756,19.048342773147102,24.318,2.028735637664795,29.460735637664794,5.142735637664792,5.142735637664792,3.928,SOURCE-DERIVED invert; DERIVED DEM ground and cover,DEM-derived rim in repository THD convention,JUNCTION,
N_2176076504_7a3d2d5,2176076504,1,276677.1000000185,2107584.4000000055,72.87792922159535,19.048864397310478,24.345000000000002,0.8637655377388,28.2957655377388,3.9507655377387962,4.297,3.997,SOURCE-DERIVED invert; ASSUMED rim depth,DEM nodata or DEM cover below connected pipe crown; max depth set to largest connected conduit height + 0.3 m cover assumption,JUNCTION,
N_2176076601_c2ace87,2176076601,1,276640.94630001887,2107697.958900006,72.87757280902177,19.049886044540752,24.400000000000002,0.7627784013748169,28.194778401374816,3.7947784013748134,4.006,3.706,SOURCE-DERIVED invert; ASSUMED rim depth,DEM nodata or DEM cover below connected pipe crown; max depth set to largest connected conduit height + 0.3 m cover assumption,JUNCTION,
N_2176076602_0e22cfc,2176076602,1,276647.7527000183,2107669.272200005,72.8776407481695,19.04962770691816,24.386000000000003,6.670854568481445,34.10285456848145,9.716854568481445,9.716854568481445,3.91,SOURCE-DERIVED invert; DERIVED DEM ground and cover,DEM-derived rim in repository THD convention,JUNCTION,
N_2176076603_5ddb875,2176076603,1,276658.9054000188,2107641.337800005,72.87774987941464,19.049376638338487,24.373,6.670854568481445,34.10285456848145,9.729854568481446,9.729854568481446,3.953,SOURCE-DERIVED invert; DERIVED DEM ground and cover,DEM-derived rim in repository THD convention,JUNCTION,
N_2176076604_4fe3efd,2176076604,1,276669.18670001894,2107613.4034000053,72.87785073423126,19.049125474475282,24.359,1.977362036705017,29.409362036705016,5.050362036705014,5.050362036705014,3.997,SOURCE-DERIVED invert; DERIVED DEM ground and cover,DEM-derived rim in repository THD convention,JUNCTION,
N_2176076701_cdfd89d,2176076701,1,276645.70080001844,2107727.6289000055,72.87761455622245,19.050154525697792,24.414,23.114198684692383,50.546198684692385,26.132198684692383,26.132198684692383,3.689,SOURCE-DERIVED invert; DERIVED DEM ground and cover,DEM-derived rim in repository THD convention,JUNCTION,
N_2176076702_a8b10b0,2176076702,1,276650.036200018,2107757.298900006,72.87765232310619,19.05042296106663,24.427,11.693927764892578,39.12592776489258,14.69892776489258,14.69892776489258,3.689,SOURCE-DERIVED invert; DERIVED DEM ground and cover,DEM-derived rim in repository THD convention,JUNCTION,
N_2176076703_3624306,2176076703,1,276663.78130001883,2107783.6094000055,72.8777798448585,19.05066208336626,24.441000000000003,3.6089251041412354,31.040925104141234,6.5999251041412315,6.5999251041412315,3.592,SOURCE-DERIVED invert; DERIVED DEM ground and cover,DEM-derived rim in repository THD convention,JUNCTION,
N_2176076801_2040d1c,2176076801,1,276686.1971000183,2107803.2007000055,72.8779904890726,19.050841468910452,24.454,1.0586473941802979,28.490647394180296,4.036647394180296,4.036647394180296,3.648,SOURCE-DERIVED invert; DERIVED DEM ground and cover,DEM-derived rim in repository THD convention,JUNCTION,
N_2176076901_080c371,2176076901,1,276614.7000000191,2107919.000000004,72.87729813677265,19.05187948792479,26.637,14.884788513183594,42.316788513183596,15.679788513183595,15.679788513183595,1.555,SOURCE-DERIVED invert; DERIVED DEM ground and cover,DEM-derived rim in repository THD convention,JUNCTION,
N_2176076903_c0208e6,2176076903,1,276643.5737000177,2107929.0902000046,72.87757120802375,19.051973771434938,26.549000000000003,14.884788513183594,42.316788513183596,15.767788513183593,15.767788513183593,1.162,SOURCE-DERIVED invert; DERIVED DEM ground and cover,DEM-derived rim in repository THD convention,JUNCTION,
N_2176076904_e004631,2176076904,1,276672.5676000185,2107997.3740000045,72.8778387356531,19.052593637549354,25.175,14.445090293884277,41.87709029388428,16.70209029388428,16.70209029388428,2.932,SOURCE-DERIVED invert; DERIVED DEM ground and cover,DEM-derived rim in repository THD convention,JUNCTION,
N_2176076905_102610e,2176076905,1,276678.93930001836,2107968.1515000053,72.87790260889084,19.052330413452637,25.165000000000003,3.019362449645996,30.451362449645995,5.286362449645992,5.286362449645992,2.832,SOURCE-DERIVED invert; DERIVED DEM ground and cover,DEM-derived rim in repository THD convention,JUNCTION,
N_2176076906_b00b0bf,2176076906,1,276685.5075000184,2107945.1727000056,72.87796763090769,19.05212360014892,25.155,3.019362449645996,30.451362449645995,5.296362449645994,5.296362449645994,4.352,SOURCE-DERIVED invert; DERIVED DEM ground and cover,DEM-derived rim in repository THD convention,JUNCTION,
N_2176077401_cbaa31a,2176077401,1,276703.2000000183,2107438.3000000054,72.87819388242954,19.047547758993105,24.6,4.062950611114502,31.4949506111145,6.894950611114499,6.894950611114499,2.56,SOURCE-DERIVED invert; DERIVED DEM ground and cover,DEM-derived rim in repository THD convention,JUNCTION,
N_2176077402_4ab1840,2176077402,1,276727.436400019,2107473.205900006,72.87842005596919,19.047865655018455,24.265,2.1925225257873535,29.624522525787352,5.3595225257873516,5.3595225257873516,3.256,SOURCE-DERIVED invert; DERIVED DEM ground and cover,DEM-derived rim in repository THD convention,JUNCTION,
N_2176077403_ba46831,2176077403,1,276746.4842000186,2107482.037100005,72.87859994599671,19.047947492988175,24.244,2.4169626235961914,29.84896262359619,5.60496262359619,5.60496262359619,3.285,SOURCE-DERIVED invert; DERIVED DEM ground and cover,DEM-derived rim in repository THD convention,JUNCTION,
N_2176077404_cc86d7a,2176077404,1,276776.300000018,2107483.0000000047,72.87888300729236,19.047959444484686,24.215,4.0,31.432,7.216999999999999,7.216999999999999,4.822,SOURCE-DERIVED invert; DERIVED DEM ground and cover,DEM-derived rim in repository THD convention,JUNCTION,
N_2176077405_2183818,2176077405,1,276711.5000000183,2107476.300000006,72.87826834681064,19.047891858924103,24.281000000000002,2.1925225257873535,29.624522525787352,5.34352252578735,5.34352252578735,3.706,SOURCE-DERIVED invert; DERIVED DEM ground and cover,DEM-derived rim in repository THD convention,JUNCTION,
N_2176077501_5d6942d,2176077501,1,276789.2763000189,2107544.8428000053,72.87899914881226,19.04851938895376,24.576,3.194262981414795,30.626262981414794,6.050262981414793,6.050262981414793,4.822,SOURCE-DERIVED invert; DERIVED DEM ground and cover,DEM-derived rim in repository THD convention,JUNCTION,
N_2176077801_979487f,2176077801,1,276703.9025000189,2107827.029900004,72.87815590973842,19.051058613974853,24.468,2.1426901817321777,29.574690181732176,5.106690181732176,5.106690181732176,4.35,SOURCE-DERIVED invert; DERIVED DEM ground and cover,DEM-derived rim in repository THD convention,JUNCTION,
N_2176077802_4bbca12,2176077802,1,276708.1827000178,2107883.6591000054,72.87819005674164,19.051570522759583,25.136000000000003,2.5820422172546387,30.014042217254637,4.8780422172546345,4.8780422172546345,4.365,SOURCE-DERIVED invert; DERIVED DEM ground and cover,DEM-derived rim in repository THD convention,JUNCTION,
N_2176077803_6f69ff8,2176077803,1,276710.73980001826,2107873.6001000046,72.87821549837207,19.05147995514183,24.490000000000002,4.875296115875244,32.307296115875246,7.817296115875244,7.817296115875244,3.989,SOURCE-DERIVED invert; DERIVED DEM ground and cover,DEM-derived rim in repository THD convention,JUNCTION,
N_2176077804_c3089fd,2176077804,1,276711.23880001786,2107842.2537000044,72.87822383805019,19.051196907574855,24.476000000000003,6.540072917938232,33.972072917938235,9.496072917938232,9.496072917938232,4.35,SOURCE-DERIVED invert; DERIVED DEM ground and cover,DEM-derived rim in repository THD convention,JUNCTION,
N_2176077805_efd02c4,2176077805,1,276712.2974000182,2107863.5240000053,72.87823144911509,19.05138912391441,24.485,4.875296115875244,32.307296115875246,7.822296115875247,7.822296115875247,4.022,SOURCE-DERIVED invert; DERIVED DEM ground and cover,DEM-derived rim in repository THD convention,JUNCTION,
N_2176077901_6701e34,2176077901,1,276702.00510001776,2107902.2820000052,72.87812924538426,19.05173803896764,25.142,6.949209213256836,34.38120921325684,9.239209213256839,9.239209213256839,4.365,SOURCE-DERIVED invert; DERIVED DEM ground and cover,DEM-derived rim in repository THD convention,JUNCTION,
N_2176078101_04d4bc8,2176078101,1,276865.9950000171,2107176.6344000055,72.87977002851201,19.0452023180252,23.955000000000002,0.6368873119354248,28.068887311935423,4.113887311935422,4.113887311935422,3.589,SOURCE-DERIVED invert; DERIVED DEM ground and cover,DEM-derived rim in repository THD convention,JUNCTION,
N_2176078201_b11df1e,2176078201,1,276857.5000000178,2107234.2000000044,72.87968274446351,19.045721290278184,23.974,1.681896448135376,29.113896448135375,5.139896448135374,5.139896448135374,3.545,SOURCE-DERIVED invert; DERIVED DEM ground and cover,DEM-derived rim in repository THD convention,JUNCTION,
N_2176078301_e7380d7,2176078301,1,276879.7000000188,2107312.3000000054,72.87988462281272,19.046429066485178,24.0,1.3077012300491333,28.739701230049132,4.739701230049132,4.739701230049132,3.526,SOURCE-DERIVED invert; DERIVED DEM ground and cover,DEM-derived rim in repository THD convention,JUNCTION,
N_2176078302_15fd831,2176078302,1,276889.2417000188,2107345.299800005,72.87997145701232,19.046728142627924,24.034000000000002,1.8863563537597656,29.318356353759764,5.284356353759762,5.284356353759762,3.5,SOURCE-DERIVED invert; DERIVED DEM ground and cover,DEM-derived rim in repository THD convention,JUNCTION,
N_2176078401_976353a,2176078401,1,276830.44670001813,2107447.9308000053,72.8794012839333,19.04764863030953,24.151,3.0,30.432,6.280999999999999,6.280999999999999,3.466,SOURCE-DERIVED invert; DERIVED DEM ground and cover,DEM-derived rim in repository THD convention,JUNCTION,
N_2176078501_8f8137c,2176078501,1,276817.0764000184,2107591.7587000057,72.8792577925173,19.048946140519444,24.639000000000003,3.304767370223999,30.736767370223998,6.097767370223995,6.097767370223995,4.56,SOURCE-DERIVED invert; DERIVED DEM ground and cover,DEM-derived rim in repository THD convention,JUNCTION,
N_2176078601_7dc6874,2176078601,1,276856.50410001783,2107656.0791000044,72.8796248726354,19.04953134815658,24.726000000000003,4.644898891448975,32.07689889144898,7.350898891448974,7.350898891448974,4.473,SOURCE-DERIVED invert; DERIVED DEM ground and cover,DEM-derived rim in repository THD convention,JUNCTION,
N_2176078701_ebf4faf,2176078701,1,276891.20990001905,2107714.6340000043,72.87994777054489,19.050063969367695,24.804000000000002,5.5342488288879395,32.96624882888794,8.16224882888794,8.16224882888794,4.194,SOURCE-DERIVED invert; DERIVED DEM ground and cover,DEM-derived rim in repository THD convention,JUNCTION,
N_2176079001_9dee874,2176079001,1,276904.79280001845,2107043.6479000053,72.8801537549344,19.04400549331465,23.911,1.7826303243637085,29.214630324363707,5.303630324363706,5.303630324363706,3.638,SOURCE-DERIVED invert; DERIVED DEM ground and cover,DEM-derived rim in repository THD convention,JUNCTION,
N_2176079701_c6a9413,2176079701,1,276921.0168000185,2107762.7391000045,72.8802253419803,19.05050167913529,24.869,5.0,32.432,7.563000000000002,7.563000000000002,3.93,SOURCE-DERIVED invert; DERIVED DEM ground and cover,DEM-derived rim in repository THD convention,JUNCTION,
N_2176079801_5d131b6,2176079801,1,276945.9247000186,2107805.006700005,72.88045705603078,19.050886133202283,24.926000000000002,5.154290199279785,32.58629019927979,7.660290199279785,7.660290199279785,4.072,SOURCE-DERIVED invert; DERIVED DEM ground and cover,DEM-derived rim in repository THD convention,JUNCTION,
N_2176079802_c985136,2176079802,1,276985.88360001834,2107855.4180000043,72.8808307848926,19.051345778162823,25.119,6.0,33.432,8.313000000000002,8.313000000000002,4.072,SOURCE-DERIVED invert; DERIVED DEM ground and cover,DEM-derived rim in repository THD convention,JUNCTION,
N_2176086001_5cc4aa8,2176086001,1,276673.5331000185,2108028.0984000056,72.87784437576796,19.052871227451774,25.185000000000002,15.403142929077148,42.83514292907715,17.65014292907715,17.65014292907715,3.012,SOURCE-DERIVED invert; DERIVED DEM ground and cover,DEM-derived rim in repository THD convention,JUNCTION,
N_2176086002_fda466c,2176086002,1,276673.9743000181,2108081.5759000047,72.87784242209885,19.053354252461716,25.203000000000003,5.066078186035156,32.49807818603516,7.2950781860351555,7.2950781860351555,3.804,SOURCE-DERIVED invert; DERIVED DEM ground and cover,DEM-derived rim in repository THD convention,JUNCTION,
N_2176086003_11b71e7,2176086003,1,276674.371500019,2108057.8498000056,72.87784892048685,19.053140015908117,25.195,10.586627006530762,38.018627006530764,12.823627006530764,12.823627006530764,3.804,SOURCE-DERIVED invert; DERIVED DEM ground and cover,DEM-derived rim in repository THD convention,JUNCTION,
N_2176086004_94a18e3,2176086004,1,276675.49660001934,2108098.6866000053,72.87785491453799,19.053508952383265,25.208000000000002,3.052194118499756,30.484194118499754,5.2761941184997525,5.2761941184997525,3.799,SOURCE-DERIVED invert; DERIVED DEM ground and cover,DEM-derived rim in repository THD convention,JUNCTION,
N_2176086101_a38cf1c,2176086101,1,276656.2138000184,2108175.1151000056,72.87766299059355,19.054197102002643,25.234,2.38228702545166,29.81428702545166,4.580287025451657,4.580287025451657,2.633,SOURCE-DERIVED invert; DERIVED DEM ground and cover,DEM-derived rim in repository THD convention,JUNCTION,
N_2176086102_931c4ca,2176086102,1,276662.93190001906,2108145.884500006,72.87773015592526,19.053933842789217,25.224,2.0543038845062256,29.486303884506224,4.262303884506224,4.262303884506224,2.655,SOURCE-DERIVED invert; DERIVED DEM ground and cover,DEM-derived rim in repository THD convention,JUNCTION,
N_2176086103_2bf23f1,2176086103,1,276671.1613000179,2108116.9743000055,72.87781163805664,19.0536736423019,25.214000000000002,2.8666794300079346,30.298679430007933,5.084679430007931,5.084679430007931,2.713,SOURCE-DERIVED invert; DERIVED DEM ground and cover,DEM-derived rim in repository THD convention,JUNCTION,
N_2176086201_8b05bc4,2176086201,1,276641.7075000183,2108293.899400005,72.87751156328227,19.05526830528619,25.273,1.0,28.432,3.158999999999999,3.158999999999999,2.734,SOURCE-DERIVED invert; DERIVED DEM ground and cover,DEM-derived rim in repository THD convention,JUNCTION,
N_2176086202_7ddaa94,2176086202,1,276642.689200018,2108264.013400005,72.87752432177506,19.05499850019547,25.263,1.1315321922302246,28.563532192230223,3.3005321922302215,3.3005321922302215,2.734,SOURCE-DERIVED invert; DERIVED DEM ground and cover,DEM-derived rim in repository THD convention,JUNCTION,
N_2176086203_2aca2bf,2176086203,1,276645.93250001885,2108234.023000006,72.87755857229644,19.05472799934869,25.253,5.19755744934082,32.62955744934082,7.376557449340822,7.376557449340822,2.764,SOURCE-DERIVED invert; DERIVED DEM ground and cover,DEM-derived rim in repository THD convention,JUNCTION,
N_2176086204_da92bfd,2176086204,1,276650.3781000185,2108204.4648000053,72.87760419212626,19.054461533223495,25.244,3.295835256576538,30.727835256576537,5.483835256576537,5.483835256576537,2.764,SOURCE-DERIVED invert; DERIVED DEM ground and cover,DEM-derived rim in repository THD convention,JUNCTION,
N_2176086301_5cf361c,2176086301,1,276642.3583000198,2108323.8897000044,72.87751429787234,19.055539230740138,25.273,1.0,28.432,3.158999999999999,3.3129999999999997,3.013,SOURCE-DERIVED invert; ASSUMED rim depth,DEM nodata or DEM cover below connected pipe crown; max depth set to largest connected conduit height + 0.3 m cover assumption,JUNCTION,
N_2176086302_6929b9d,2176086302,1,276645.6126000179,2108353.448000006,72.8775418096325,19.055806539136686,25.294,6.819984436035156,34.25198443603516,8.957984436035158,8.957984436035158,3.013,SOURCE-DERIVED invert; DERIVED DEM ground and cover,DEM-derived rim in repository THD convention,JUNCTION,
N_2176086303_526c342,2176086303,1,276656.1145000192,2108381.8144000056,72.87763829488505,19.05606387501463,25.315,4.1698832511901855,31.601883251190184,6.286883251190183,6.286883251190183,2.891,SOURCE-DERIVED invert; DERIVED DEM ground and cover,DEM-derived rim in repository THD convention,JUNCTION,
N_2176086401_7b3c66b,2176086401,1,276674.5149000189,2108404.549300005,72.87781044626205,19.05627121362084,25.336000000000002,3.429447889328003,30.861447889328,5.5254478893279995,5.5254478893279995,2.891,SOURCE-DERIVED invert; DERIVED DEM ground and cover,DEM-derived rim in repository THD convention,JUNCTION,
N_2176086402_36a0b7d,2176086402,1,276696.37910001853,2108425.1239000047,72.87801574495442,19.056459420026677,25.357000000000003,3.163038492202759,30.595038492202757,5.2380384922027545,5.2380384922027545,2.72,SOURCE-DERIVED invert; DERIVED DEM ground and cover,DEM-derived rim in repository THD convention,JUNCTION,
N_2176087401_b77efbf,2176087401,1,276716.6328000183,2108447.210600005,72.87820557406714,19.05666110667865,25.379,2.6188814640045166,30.050881464004515,4.671881464004514,4.671881464004514,2.437,SOURCE-DERIVED invert; DERIVED DEM ground and cover,DEM-derived rim in repository THD convention,JUNCTION,
N_2176087402_64d4229,2176087402,1,276734.27200001874,2108471.465100005,72.87837032237655,19.056882085832466,25.400000000000002,2.9498674869537354,30.381867486953734,4.981867486953732,4.981867486953732,2.437,SOURCE-DERIVED invert; DERIVED DEM ground and cover,DEM-derived rim in repository THD convention,JUNCTION,
N_2176087403_6b00b44,2176087403,1,276755.8163000181,2108491.9280000045,72.8785725969023,19.05706924798554,25.421000000000003,1.1723732948303223,28.60437329483032,3.183373294830318,3.183373294830318,2.645,SOURCE-DERIVED invert; DERIVED DEM ground and cover,DEM-derived rim in repository THD convention,JUNCTION,
N_2176087501_49b2d2f,2176087501,1,276780.49360001873,2108509.143000005,72.87880500189004,19.057227419059792,25.442,2.2702908515930176,29.702290851593016,4.260290851593016,4.260290851593016,2.645,SOURCE-DERIVED invert; DERIVED DEM ground and cover,DEM-derived rim in repository THD convention,JUNCTION,
N_2176088501_5b69f30,2176088501,1,276804.08970001934,2108527.5573000046,72.87902700044549,19.057396303164776,25.463,3.0,30.432,4.968999999999998,4.968999999999998,2.434,SOURCE-DERIVED invert; DERIVED DEM ground and cover,DEM-derived rim in repository THD convention,JUNCTION,
N_2176088502_f037251,2176088502,1,276827.58660001913,2108546.3963000043,72.87924800849312,19.057569011848347,25.484,2.7644059658050537,30.196405965805052,4.712405965805051,4.712405965805051,2.901,SOURCE-DERIVED invert; DERIVED DEM ground and cover,DEM-derived rim in repository THD convention,JUNCTION,
N_2176088503_630d152,2176088503,1,276851.4034000193,2108564.3711000048,72.87947215463592,19.05773395029656,25.506,4.5627827644348145,31.994782764434813,6.488782764434813,6.488782764434813,2.901,SOURCE-DERIVED invert; DERIVED DEM ground and cover,DEM-derived rim in repository THD convention,JUNCTION,
N_2176088504_b93cbf9,2176088504,1,276875.1099000176,2108582.6662000064,72.87969521683334,19.057901769229822,25.527,3.0276713371276855,30.459671337127684,4.932671337127683,4.932671337127683,2.659,SOURCE-DERIVED invert; DERIVED DEM ground and cover,DEM-derived rim in repository THD convention,JUNCTION,
N_2176088601_6c16cc9,2176088601,1,276896.974200018,2108603.345100006,72.87990050866559,19.058090915892777,25.548000000000002,3.0,30.432,4.883999999999997,4.883999999999997,2.949,SOURCE-DERIVED invert; DERIVED DEM ground and cover,DEM-derived rim in repository THD convention,JUNCTION,
N_2176088701_ba542e6,2176088701,1,276898.9012000194,2108790.076900005,72.87989737139831,19.05977757744778,27.115000000000002,7.0,34.432,7.317,7.317,1.5,SOURCE-DERIVED invert; DERIVED DEM ground and cover,DEM-derived rim in repository THD convention,JUNCTION,
N_2176088801_16b37d2,2176088801,1,276866.16790001804,2108880.5744000054,72.87957607582284,19.06059132294891,27.187,10.238619804382324,37.670619804382326,10.483619804382325,10.483619804382325,1.5,SOURCE-DERIVED invert; DERIVED DEM ground and cover,DEM-derived rim in repository THD convention,JUNCTION,
N_2176088802_b897a7c,2176088802,1,276880.9924000188,2108837.697400005,72.87972180422963,19.060205702162303,27.153000000000002,8.781874656677246,36.21387465667725,9.060874656677246,9.060874656677246,1.5,SOURCE-DERIVED invert; DERIVED DEM ground and cover,DEM-derived rim in repository THD convention,JUNCTION,
N_2176088901_cc3f2c4,2176088901,1,276840.39910001797,2108964.8402000046,72.87932164236679,19.061349547198414,27.252000000000002,8.773290634155273,36.205290634155276,8.953290634155273,8.953290634155273,1.5,SOURCE-DERIVED invert; DERIVED DEM ground and cover,DEM-derived rim in repository THD convention,JUNCTION,
N_2176088902_9d88842,2176088902,1,276852.8000000189,2108922.7000000044,72.8794442679229,19.06097031642019,27.22,8.057099342346191,35.489099342346194,8.269099342346195,8.269099342346195,1.5,SOURCE-DERIVED invert; DERIVED DEM ground and cover,DEM-derived rim in repository THD convention,JUNCTION,
N_2176089501_b82b51d,2176089501,1,276982.2023000198,2108582.729800007,72.88071236788572,19.057914033284653,25.771,1.1549232006072998,28.5869232006073,2.8159232006072976,2.8159232006072976,2.45,SOURCE-DERIVED invert; DERIVED DEM ground and cover,DEM-derived rim in repository THD convention,JUNCTION,
N_2176089502_d486bff,2176089502,1,276992.6484000194,2108555.107900005,72.88081475435348,19.057665708385176,25.87,1.1549232006072998,28.5869232006073,2.7169232006072974,2.75,2.45,SOURCE-DERIVED invert; ASSUMED rim depth,DEM nodata or DEM cover below connected pipe crown; max depth set to largest connected conduit height + 0.3 m cover assumption,JUNCTION,
N_2176089601_de68ff6,2176089601,1,276906.50530001824,2108613.7367000054,72.87998984164544,19.058185807193553,25.558,3.843090772628784,31.275090772628783,5.717090772628783,5.717090772628783,2.949,SOURCE-DERIVED invert; DERIVED DEM ground and cover,DEM-derived rim in repository THD convention,JUNCTION,
N_2176089602_aacd635,2176089602,1,276922.78890001855,2108631.855400005,72.88014242271164,19.058351222186886,25.572000000000003,4.110302925109863,31.542302925109862,5.970302925109859,5.970302925109859,2.826,SOURCE-DERIVED invert; DERIVED DEM ground and cover,DEM-derived rim in repository THD convention,JUNCTION,
N_2176089603_14ce85c,2176089603,1,276939.49450001813,2108685.535200005,72.88029493004446,19.058837850057248,27.031000000000002,9.866374015808105,37.29837401580811,10.267374015808105,10.267374015808105,1.5,SOURCE-DERIVED invert; DERIVED DEM ground and cover,DEM-derived rim in repository THD convention,JUNCTION,
N_2176089604_e6fe023,2176089604,1,276940.8240000182,2108642.646900005,72.88031248089901,19.0584506533045,25.59,4.110302925109863,31.542302925109862,5.952302925109862,5.952302925109862,2.826,SOURCE-DERIVED invert; DERIVED DEM ground and cover,DEM-derived rim in repository THD convention,JUNCTION,
N_2176089605_6d3dd75,2176089605,1,276957.149600019,2108648.276900006,72.88046689494153,19.058503282066965,25.538,4.855928421020508,32.28792842102051,6.74992842102051,6.74992842102051,2.72,SOURCE-DERIVED invert; DERIVED DEM ground and cover,DEM-derived rim in repository THD convention,JUNCTION,
N_2176089606_ee5b708,2176089606,1,276968.73660001846,2108652.152500005,72.88057650328305,19.0585395488366,25.61,4.855928421020508,32.28792842102051,6.6779284210205105,6.6779284210205105,2.617,SOURCE-DERIVED invert; DERIVED DEM ground and cover,DEM-derived rim in repository THD convention,JUNCTION,
N_2176089607_0e1f936,2176089607,1,276971.99290001765,2108610.3516000067,72.88061222925975,19.058162383020687,25.673000000000002,5.0,32.432,6.759,6.759,2.326,SOURCE-DERIVED invert; DERIVED DEM ground and cover,DEM-derived rim in repository THD convention,JUNCTION,
N_2176089608_b89c783,2176089608,1,276997.7149000199,2108660.705900006,72.88085075727584,19.058619960599483,25.63,4.867888927459717,32.29988892745972,6.66988892745972,6.66988892745972,2.53,SOURCE-DERIVED invert; DERIVED DEM ground and cover,DEM-derived rim in repository THD convention,JUNCTION,
N_2176089701_d08f7d5,2176089701,1,276922.2821000187,2108729.2027000054,72.88012643336147,19.059230350247237,27.066000000000003,12.949231147766113,40.381231147766115,13.315231147766113,13.315231147766113,1.5,SOURCE-DERIVED invert; DERIVED DEM ground and cover,DEM-derived rim in repository THD convention,JUNCTION,
N_2176098001_d21d76b,2176098001,1,276837.20000001934,2109001.5000000047,72.87928704588204,19.061680287199753,27.28,8.62457275390625,36.05657275390625,8.776572753906251,8.776572753906251,1.5,SOURCE-DERIVED invert; DERIVED DEM ground and cover,DEM-derived rim in repository THD convention,JUNCTION,
N_2176099901_2949adf,2176099901,1,276967.3109000183,2109929.707500005,72.88041627367105,19.07007751208653,28.812,6.390406131744385,33.82240613174439,5.010406131744386,5.010406131744386,1.893,SOURCE-DERIVED invert; DERIVED DEM ground and cover,DEM-derived rim in repository THD convention,JUNCTION,
N_2176099902_e02183a,2176099902,1,276989.6556000194,2109907.351800006,72.88063108558924,19.069878048934847,28.561,10.45916748046875,37.89116748046875,9.330167480468752,9.330167480468752,1.94,SOURCE-DERIVED invert; DERIVED DEM ground and cover,DEM-derived rim in repository THD convention,JUNCTION,
N_2176100101_86867d6,2176100101,5,276006.1446000197,2110197.7554000053,72.87125560304314,19.072393149855216,25.187,5.0,32.432,7.245000000000001,7.245000000000001,3.456,SOURCE-DERIVED invert; DERIVED DEM ground and cover,DEM-derived rim in repository THD convention,JUNCTION,
N_2176100102_06bd050,2176100102,5,276064.3388000211,2110127.063700006,72.87181652717815,19.071761091313732,25.109,3.1369521617889404,30.56895216178894,5.459952161788937,5.459952161788937,4.279,SOURCE-DERIVED invert; DERIVED DEM ground and cover,DEM-derived rim in repository THD convention,JUNCTION,
N_2176100501_68ba9bb,2176100501,6,276031.6000000196,2110580.000000005,72.87145329661351,19.07584812458124,25.68,3.2120580673217773,30.644058067321776,4.964058067321776,4.964058067321776,2.228,SOURCE-DERIVED invert; DERIVED DEM ground and cover,DEM-derived rim in repository THD convention,PILOT_BOUNDARY_ASSUMPTION,PILOT_BOUNDARY; source-directed terminal; physical receiving water unverified
N_2176100601_c83b4ac,2176100601,6,276008.29960001796,2110603.802700006,72.87122922127274,19.076060538591683,25.76,6.15040397644043,33.58240397644043,7.82240397644043,7.82240397644043,2.238,SOURCE-DERIVED invert; DERIVED DEM ground and cover,DEM-derived rim in repository THD convention,JUNCTION,
N_2176101101_c5fc24d,2176101101,5,276120.55580001906,2110151.0937000047,72.8723477441306,19.071984278848653,25.021,1.8715721368789673,29.303572136878966,4.282572136878965,4.579,4.279,SOURCE-DERIVED invert; ASSUMED rim depth,DEM nodata or DEM cover below connected pipe crown; max depth set to largest connected conduit height + 0.3 m cover assumption,JUNCTION,
N_2176101102_5f7c28b,2176101102,5,276134.02140001894,2110157.3198000053,72.87247493199202,19.07204198523334,25.0,1.0103659629821777,28.442365962982176,3.4423659629821763,3.597,3.297,SOURCE-DERIVED invert; ASSUMED rim depth,DEM nodata or DEM cover below connected pipe crown; max depth set to largest connected conduit height + 0.3 m cover assumption,PILOT_BOUNDARY_ASSUMPTION,PILOT_BOUNDARY; source-directed terminal; physical receiving water unverified
N_2176104901_f0e105d,2176104901,7,276402.9597000185,2110994.5920000058,72.87493305289296,19.07963316073152,26.405,4.786881923675537,32.21888192367554,5.813881923675538,5.813881923675538,2.756,SOURCE-DERIVED invert; DERIVED DEM ground and cover,DEM-derived rim in repository THD convention,JUNCTION,
N_2176104902_7b6f65e,2176104902,7,276429.82980001945,2110982.0216000066,72.8751897443687,19.079522576250437,26.342000000000002,4.404058456420898,31.836058456420897,5.494058456420895,5.494058456420895,2.786,SOURCE-DERIVED invert; DERIVED DEM ground and cover,DEM-derived rim in repository THD convention,JUNCTION,
N_2176104903_4f133c9,2176104903,7,276457.50000001845,2110969.000000005,72.87545408777481,19.079408004051945,26.279,4.444806098937988,31.876806098937987,5.597806098937987,5.597806098937987,2.816,SOURCE-DERIVED invert; DERIVED DEM ground and cover,DEM-derived rim in repository THD convention,JUNCTION,
N_2176104904_16543be,2176104904,7,276484.1058000206,2110955.232600006,72.87570840586139,19.079286579290166,26.216,3.3339831829071045,30.765983182907103,4.549983182907102,4.549983182907102,2.846,SOURCE-DERIVED invert; DERIVED DEM ground and cover,DEM-derived rim in repository THD convention,JUNCTION,
N_2176105901_8e4a718,2176105901,7,276523.10000001837,2110934.100000005,72.87608125083808,19.07909999269296,26.108,3.0,30.432,4.323999999999998,4.323999999999998,2.846,SOURCE-DERIVED invert; DERIVED DEM ground and cover,DEM-derived rim in repository THD convention,PILOT_BOUNDARY_ASSUMPTION,PILOT_BOUNDARY; source-directed terminal; physical receiving water unverified
N_2176106601_62e551d,2176106601,8,276672.1000000187,2110600.000000005,72.87753506619829,19.076098917546155,26.2,7.0,34.432,8.232000000000003,8.232000000000003,2.0,SOURCE-DERIVED invert; DERIVED DEM ground and cover,DEM-derived rim in repository THD convention,JUNCTION,
N_2176106602_0cbc3ed,2176106602,8,276681.50000001874,2110612.600000005,72.87762290687195,19.076213741180812,26.181,10.59529972076416,38.02729972076416,11.846299720764161,11.846299720764161,2.0,SOURCE-DERIVED invert; DERIVED DEM ground and cover,DEM-derived rim in repository THD convention,JUNCTION,
N_2176106603_7914d1d,2176106603,8,276694.7000000196,2110629.700000004,72.87774632609654,19.076369621647128,26.154,7.668868064880371,35.10086806488037,8.946868064880373,8.946868064880373,2.0,SOURCE-DERIVED invert; DERIVED DEM ground and cover,DEM-derived rim in repository THD convention,JUNCTION,
N_2176106801_bf8d0f2,2176106801,8,276689.800000019,2110853.800000006,72.87767399695053,19.07839301736713,25.0,3.035804510116577,30.467804510116576,5.467804510116576,5.467804510116576,2.798,SOURCE-DERIVED invert; DERIVED DEM ground and cover,DEM-derived rim in repository THD convention,PILOT_BOUNDARY_ASSUMPTION,PILOT_BOUNDARY; source-directed terminal; physical receiving water unverified
N_2176107601_d6fa215,2176107601,8,276712.0000000192,2110654.1000000047,72.87790785164907,19.07659187956582,26.118000000000002,5.028585910797119,32.46058591079712,6.342585910797119,6.342585910797119,2.0,SOURCE-DERIVED invert; DERIVED DEM ground and cover,DEM-derived rim in repository THD convention,JUNCTION,
N_2176107602_79bd1fd,2176107602,8,276729.90000001894,2110678.600000005,72.87807506552193,19.07681510613885,26.081,5.028585910797119,32.46058591079712,6.379585910797122,6.379585910797122,2.0,SOURCE-DERIVED invert; DERIVED DEM ground and cover,DEM-derived rim in repository THD convention,JUNCTION,
N_2176107701_5656f59,2176107701,8,276747.2000000186,2110700.300000006,72.87823690247806,19.0770129791145,26.047,5.9832282066345215,33.415228206634524,7.368228206634523,7.368228206634523,2.0,SOURCE-DERIVED invert; DERIVED DEM ground and cover,DEM-derived rim in repository THD convention,JUNCTION,
N_2176107702_f4322de,2176107702,8,276769.60000001854,2110728.600000005,72.87844642581624,19.077271016802637,26.003,5.030358791351318,32.46235879135132,6.45935879135132,6.45935879135132,2.0,SOURCE-DERIVED invert; DERIVED DEM ground and cover,DEM-derived rim in repository THD convention,JUNCTION,
N_2176107703_a7eae3f,2176107703,8,276792.5000000196,2110760.200000004,72.8786603198011,19.07755891254387,25.955000000000002,5.980727672576904,33.41272767257691,7.457727672576905,7.457727672576905,2.0,SOURCE-DERIVED invert; DERIVED DEM ground and cover,DEM-derived rim in repository THD convention,JUNCTION,
N_2176107801_5ebb080,2176107801,8,276732.05040001916,2110831.626400005,72.87807788874761,19.07819738085378,25.400000000000002,3.026848077774048,30.458848077774046,5.058848077774044,5.058848077774044,2.798,SOURCE-DERIVED invert; DERIVED DEM ground and cover,DEM-derived rim in repository THD convention,JUNCTION,
N_2176107802_5df2a96,2176107802,8,276765.0644000197,2110816.8679000065,72.87839318942021,19.078067701892774,25.585,2.3025598526000977,29.734559852600096,4.149559852600095,4.149559852600095,2.613,SOURCE-DERIVED invert; DERIVED DEM ground and cover,DEM-derived rim in repository THD convention,JUNCTION,
N_2176107803_de2325d,2176107803,8,276786.7484000185,2110811.579300005,72.87859977590773,19.07802230975222,25.699,2.008702278137207,29.440702278137206,3.741702278137204,3.741702278137204,2.523,SOURCE-DERIVED invert; DERIVED DEM ground and cover,DEM-derived rim in repository THD convention,JUNCTION,
N_2176108701_1a50e7b,2176108701,8,276821.28540001984,2110792.285200005,72.87893006458214,19.077851833588028,25.902,3.352205991744995,30.784205991744994,4.882205991744993,4.882205991744993,2.437,SOURCE-DERIVED invert; DERIVED DEM ground and cover,DEM-derived rim in repository THD convention,JUNCTION,
N_2176108702_ff256e8,2176108702,8,276830.1379000193,2110785.493800005,72.87901493610568,19.077791465667488,25.959,3.032132863998413,30.46413286399841,4.505132863998412,4.505132863998412,2.382,SOURCE-DERIVED invert; DERIVED DEM ground and cover,DEM-derived rim in repository THD convention,JUNCTION,
N_2176108703_1fbd9f6,2176108703,8,276848.50890001876,2110772.084800005,72.8791909853715,19.077672372149436,26.076,8.740686416625977,36.17268641662598,10.096686416625978,10.096686416625978,2.624,SOURCE-DERIVED invert; DERIVED DEM ground and cover,DEM-derived rim in repository THD convention,JUNCTION,
N_2176108704_c75aa23,2176108704,8,276882.95640001865,2110778.216000005,72.87951749980017,19.077731510761513,26.254,6.553071022033691,33.985071022033694,7.731071022033692,7.731071022033692,2.624,SOURCE-DERIVED invert; DERIVED DEM ground and cover,DEM-derived rim in repository THD convention,JUNCTION,
N_2176108801_13055e7,2176108801,8,276804.42350001796,2110804.6981000053,72.87876846457453,19.077962095661558,25.796000000000003,3.624798059463501,31.0567980594635,5.260798059463497,5.260798059463497,2.523,SOURCE-DERIVED invert; DERIVED DEM ground and cover,DEM-derived rim in repository THD convention,JUNCTION,
N_2176109301_1b777ce,2176109301,1,276965.7000000187,2110347.500000005,72.88035297824506,19.07385058676064,28.05,5.235219478607178,32.66721947860718,4.617219478607179,4.617219478607179,1.5,SOURCE-DERIVED invert; DERIVED DEM ground and cover,DEM-derived rim in repository THD convention,JUNCTION,
N_2176109302_d044bf7,2176109302,1,276981.2000000188,2110347.9000000055,72.88050016462698,19.07385589240207,28.037000000000003,5.307474136352539,32.73947413635254,4.702474136352539,4.702474136352539,1.5,SOURCE-DERIVED invert; DERIVED DEM ground and cover,DEM-derived rim in repository THD convention,JUNCTION,
N_2176109701_6ea9712,2176109701,8,276909.3541000192,2110782.969700005,72.87976770715726,19.077777328357254,26.391000000000002,12.572112083435059,40.00411208343506,13.613112083435059,13.613112083435059,2.153,SOURCE-DERIVED invert; DERIVED DEM ground and cover,DEM-derived rim in repository THD convention,JUNCTION,
N_2176109702_db64615,2176109702,8,276927.72880001896,2110761.741400005,72.87994468980725,19.07758761531817,26.535,12.079349517822266,39.51134951782227,12.976349517822268,12.976349517822268,2.279,SOURCE-DERIVED invert; DERIVED DEM ground and cover,DEM-derived rim in repository THD convention,JUNCTION,
N_2176109703_e06719e,2176109703,8,276949.1592000179,2110768.613100005,72.88014746897018,19.077652018059784,26.650000000000002,14.362215042114258,41.79421504211426,15.144215042114258,15.144215042114258,2.279,SOURCE-DERIVED invert; DERIVED DEM ground and cover,DEM-derived rim in repository THD convention,JUNCTION,
N_2176109704_37204f3,2176109704,8,276961.5032000193,2110774.943400004,72.88026399808983,19.07771053823021,26.72,8.240080833435059,35.67208083343506,8.952080833435062,8.952080833435062,2.158,SOURCE-DERIVED invert; DERIVED DEM ground and cover,DEM-derived rim in repository THD convention,JUNCTION,
N_2176109705_986ab9b,2176109705,8,276984.62980001845,2110775.8989000055,72.88048356971863,19.07772169442539,26.839000000000002,8.128022193908691,35.560022193908694,8.721022193908691,8.721022193908691,2.078,SOURCE-DERIVED invert; DERIVED DEM ground and cover,DEM-derived rim in repository THD convention,JUNCTION,
N_2176110101_1396580,2176110101,7,276002.0000000195,2111198.600000005,72.87110073020037,19.081431662658442,27.35,3.4473154544830322,30.87931545448303,3.5293154544830294,3.5293154544830294,2.198,SOURCE-DERIVED invert; DERIVED DEM ground and cover,DEM-derived rim in repository THD convention,JUNCTION,
N_2176110102_725ef23,2176110102,7,276028.70000001916,2111185.000000005,72.87135592957414,19.081311766725175,27.287000000000003,4.134890556335449,31.566890556335448,4.279890556335445,4.279890556335445,2.198,SOURCE-DERIVED invert; DERIVED DEM ground and cover,DEM-derived rim in repository THD convention,JUNCTION,
N_2176110103_9204856,2176110103,7,276055.30000001873,2111171.4000000055,72.87161017868648,19.081191859428486,27.224,4.57663631439209,32.00863631439209,4.784636314392092,4.784636314392092,1.875,SOURCE-DERIVED invert; DERIVED DEM ground and cover,DEM-derived rim in repository THD convention,JUNCTION,
N_2176110104_d45c905,2176110104,7,276082.5000000179,2111157.900000006,72.87187011545264,19.08107292070484,27.161,4.115135192871094,31.547135192871092,4.386135192871091,4.386135192871091,1.944,SOURCE-DERIVED invert; DERIVED DEM ground and cover,DEM-derived rim in repository THD convention,JUNCTION,
N_2176111101_fdfd591,2176111101,7,276109.10000001907,2111144.4000000055,72.87212435234925,19.08095391575803,27.098000000000003,4.0,31.432,4.333999999999996,4.333999999999996,2.012,SOURCE-DERIVED invert; DERIVED DEM ground and cover,DEM-derived rim in repository THD convention,JUNCTION,
N_2176111102_2a3a20a,2176111102,7,276135.88170001877,2111130.819200005,72.87238032423859,19.080834200620593,27.035,4.071115016937256,31.503115016937254,4.468115016937254,4.468115016937254,2.081,SOURCE-DERIVED invert; DERIVED DEM ground and cover,DEM-derived rim in repository THD convention,JUNCTION,
N_2176111103_e31c0f7,2176111103,7,276162.53750001884,2111117.3704000055,72.87263508461248,19.080715663420122,26.972,4.0,31.432,4.459999999999997,4.459999999999997,2.15,SOURCE-DERIVED invert; DERIVED DEM ground and cover,DEM-derived rim in repository THD convention,JUNCTION,
N_2176111104_5a89744,2176111104,7,276189.0707000195,2111103.550200006,72.87288872288677,19.0805937581447,26.909000000000002,3.804227113723755,31.236227113723753,4.327227113723751,4.327227113723751,2.219,SOURCE-DERIVED invert; DERIVED DEM ground and cover,DEM-derived rim in repository THD convention,JUNCTION,
N_2176112001_f55e30e,2176112001,7,276215.8183000193,2111089.9927000045,72.87314436714905,19.08047424852483,26.846,3.804227113723755,31.236227113723753,4.390227113723753,4.390227113723753,2.287,SOURCE-DERIVED invert; DERIVED DEM ground and cover,DEM-derived rim in repository THD convention,JUNCTION,
N_2176112002_e3b4138,2176112002,7,276242.59650002,2111076.5439000055,72.8734002892142,19.08035572357533,26.783,3.9214420318603516,31.35344203186035,4.570442031860349,4.570442031860349,2.356,SOURCE-DERIVED invert; DERIVED DEM ground and cover,DEM-derived rim in repository THD convention,JUNCTION,
N_2176112003_97b7378,2176112003,7,276269.5000000191,2111062.900000006,72.87365742368517,19.080235449951548,26.72,3.007856845855713,30.43985684585571,3.7198568458557126,3.7198568458557126,2.425,SOURCE-DERIVED invert; DERIVED DEM ground and cover,DEM-derived rim in repository THD convention,JUNCTION,
N_2176112004_d6c7dcd,2176112004,7,276296.1530000194,2111049.392600005,72.87391216253432,19.080116381255728,26.657,3.0224132537841797,30.45441325378418,3.7974132537841783,3.7974132537841783,2.493,SOURCE-DERIVED invert; DERIVED DEM ground and cover,DEM-derived rim in repository THD convention,JUNCTION,
N_2176113001_945c73d,2176113001,7,276322.87000001903,2111035.789800005,72.87416751999082,19.07999645759314,26.594,3.0,30.432,3.8379999999999974,3.8379999999999974,2.562,SOURCE-DERIVED invert; DERIVED DEM ground and cover,DEM-derived rim in repository THD convention,JUNCTION,
N_2176113002_7898d2d,2176113002,7,276349.89320001914,2111021.8519000052,72.87442582437282,19.079873540683355,26.531000000000002,3.0,30.432,3.9009999999999962,3.9009999999999962,2.631,SOURCE-DERIVED invert; DERIVED DEM ground and cover,DEM-derived rim in repository THD convention,JUNCTION,
N_2176113003_3eb6d2f,2176113003,7,276376.18140001886,2111008.158500006,72.87467711834418,19.079752751013313,26.468,3.6845645904541016,31.1165645904541,4.6485645904541,4.6485645904541,2.7,SOURCE-DERIVED invert; DERIVED DEM ground and cover,DEM-derived rim in repository THD convention,JUNCTION,
N_2176118001_39083b9,2176118001,9,276842.20000001986,2111022.100000005,72.87910230793837,19.079929665886468,24.0,3.886884927749634,31.318884927749632,7.318884927749632,7.318884927749632,4.387,SOURCE-DERIVED invert; DERIVED DEM ground and cover,DEM-derived rim in repository THD convention,PILOT_BOUNDARY_ASSUMPTION,PILOT_BOUNDARY; source-directed terminal; physical receiving water unverified
N_2176118002_c84bbff,2176118002,9,276848.1000000186,2111023.7000000044,72.87915816922174,19.079944761155346,24.211000000000002,3.886884927749634,31.318884927749632,7.10788492774963,7.10788492774963,4.387,SOURCE-DERIVED invert; DERIVED DEM ground and cover,DEM-derived rim in repository THD convention,JUNCTION,
N_2176118003_eb21573,2176118003,9,276853.90000001993,2111025.600000005,72.87921304609975,19.07996255489071,24.42,3.886884927749634,31.318884927749632,6.898884927749631,6.898884927749631,4.378,SOURCE-DERIVED invert; DERIVED DEM ground and cover,DEM-derived rim in repository THD convention,JUNCTION,
N_2176118004_79d834f,2176118004,9,276890.4000000196,2111038.300000006,72.87955830683823,19.080081243611975,25.044,5.276363372802734,32.70836337280274,7.664363372802736,7.664363372802736,4.154,SOURCE-DERIVED invert; DERIVED DEM ground and cover,DEM-derived rim in repository THD convention,JUNCTION,
N_2176118501_30ef276,2176118501,10,276804.87450001907,2111587.5564000043,72.87868269913649,19.085032435460725,26.8,4.80337381362915,32.23537381362915,5.435373813629152,5.435373813629152,1.5,SOURCE-DERIVED invert; DERIVED DEM ground and cover,DEM-derived rim in repository THD convention,PILOT_BOUNDARY_ASSUMPTION,PILOT_BOUNDARY; source-directed terminal; physical receiving water unverified
N_2176118502_221d21f,2176118502,10,276849.7685000196,2111573.0294000055,72.87911084018265,19.08490614675196,27.069000000000003,5.7683539390563965,33.2003539390564,6.131353939056396,6.131353939056396,1.5,SOURCE-DERIVED invert; DERIVED DEM ground and cover,DEM-derived rim in repository THD convention,JUNCTION,
N_2176118503_c10c827,2176118503,10,276880.52710001793,2111591.711600005,72.87940088229814,19.085078236323845,27.274,7.613640308380127,35.04564030838013,7.771640308380128,7.771640308380128,1.5,SOURCE-DERIVED invert; DERIVED DEM ground and cover,DEM-derived rim in repository THD convention,JUNCTION,
N_2176119001_348a82b,2176119001,9,276915.30000001885,2111041.0000000056,72.87979452679559,19.08010835002846,25.447000000000003,5.276363372802734,32.70836337280274,7.261363372802734,7.261363372802734,3.951,SOURCE-DERIVED invert; DERIVED DEM ground and cover,DEM-derived rim in repository THD convention,JUNCTION,
N_2176119002_4416c31,2176119002,9,276965.1991000193,2111048.4851000044,72.88026766875954,19.080181404154565,26.14,5.4196858406066895,32.85168584060669,6.711685840606691,6.711685840606691,3.258,SOURCE-DERIVED invert; DERIVED DEM ground and cover,DEM-derived rim in repository THD convention,JUNCTION,
N_2176119003_60c6537,2176119003,9,276987.6000000187,2111051.4000000046,72.88048012486493,19.080210177473084,26.528000000000002,5.0,32.432,5.904,5.904,2.0,SOURCE-DERIVED invert; DERIVED DEM ground and cover,DEM-derived rim in repository THD convention,JUNCTION,
N_2176130101_ba6da88,2176130101,2,276001.1000000213,2113167.7000000044,72.8708647416857,19.099215146734768,32.586,10.242815017700195,37.6748150177002,5.088815017700199,5.088815017700199,2.192,SOURCE-DERIVED invert; DERIVED DEM ground and cover,DEM-derived rim in repository THD convention,JUNCTION,
N_2176130102_2822836,2176130102,2,276026.90000002075,2113189.8000000063,72.87110729431335,19.09941757317264,32.549,9.167452812194824,36.599452812194826,4.050452812194827,4.050452812194827,2.239,SOURCE-DERIVED invert; DERIVED DEM ground and cover,DEM-derived rim in repository THD convention,JUNCTION,
N_2176130103_c1949a0,2176130103,2,276037.4000000206,2113199.000000005,72.87120598398127,19.099501814720103,32.535000000000004,14.105777740478516,41.53777774047852,9.002777740478514,9.002777740478514,2.793,SOURCE-DERIVED invert; DERIVED DEM ground and cover,DEM-derived rim in repository THD convention,JUNCTION,
N_2176130201_c4188f5,2176130201,2,276047.5000000194,2113206.2000000044,72.87130110473564,19.09956794964978,32.521,10.488958358764648,37.92095835876465,5.39995835876465,5.39995835876465,2.793,SOURCE-DERIVED invert; DERIVED DEM ground and cover,DEM-derived rim in repository THD convention,JUNCTION,
N_2176130202_1a581c1,2176130202,2,276072.50000002,2113223.000000005,72.87153667053529,19.09972242174758,32.49,10.772847175598145,38.20484717559815,5.714847175598145,5.714847175598145,2.428,SOURCE-DERIVED invert; DERIVED DEM ground and cover,DEM-derived rim in repository THD convention,JUNCTION,
N_2176130203_eeb7ea3,2176130203,2,276097.4000000191,2113239.800000006,72.87177128676053,19.099876882601656,32.458,11.690873146057129,39.12287314605713,6.664873146057133,6.664873146057133,2.47,SOURCE-DERIVED invert; DERIVED DEM ground and cover,DEM-derived rim in repository THD convention,JUNCTION,
N_2176130501_a1227c3,2176130501,2,276003.0000000205,2113573.7000000044,72.87083586646503,19.102882069043726,33.122,15.609004974365234,43.04100497436524,9.919004974365237,9.919004974365237,2.696,SOURCE-DERIVED invert; DERIVED DEM ground and cover,DEM-derived rim in repository THD convention,JUNCTION,
N_2176130502_8c070fe,2176130502,2,276046.1000000215,2113572.900000006,72.87124542866614,19.102879579605965,33.004000000000005,15.836308479309082,43.268308479309084,10.26430847930908,10.26430847930908,2.744,SOURCE-DERIVED invert; DERIVED DEM ground and cover,DEM-derived rim in repository THD convention,JUNCTION,
N_2176130503_452770a,2176130503,2,276076.00000002,2113572.800000006,72.87152950397754,19.102881961202307,32.865,15.712308883666992,43.144308883666994,10.279308883666992,10.279308883666992,2.913,SOURCE-DERIVED invert; DERIVED DEM ground and cover,DEM-derived rim in repository THD convention,JUNCTION,
N_2176130701_0076b2d,2176130701,2,276081.7594000194,2113792.5341000045,72.87155882839615,19.104867081876503,31.839000000000002,11.634652137756348,39.06665213775635,7.227652137756348,7.227652137756348,3.932,SOURCE-DERIVED invert; DERIVED DEM ground and cover,DEM-derived rim in repository THD convention,JUNCTION,
N_2176130702_c8ece54,2176130702,2,276099.0667000206,2113782.3744000043,72.87172443173554,19.10477722771305,31.793000000000003,9.440397262573242,36.872397262573244,5.0793972625732415,5.262,4.962,SOURCE-DERIVED invert; ASSUMED rim depth,DEM nodata or DEM cover below connected pipe crown; max depth set to largest connected conduit height + 0.3 m cover assumption,JUNCTION,
N_2176130801_9a83715,2176130801,2,276006.7447000204,2113836.699800005,72.87084103994725,19.105257713576787,32.753,13.201278686523438,40.63327868652344,7.8802786865234395,7.8802786865234395,3.861,SOURCE-DERIVED invert; DERIVED DEM ground and cover,DEM-derived rim in repository THD convention,JUNCTION,
N_2176130802_29bab27,2176130802,2,276030.7908000202,2113822.528400006,72.87107113031843,19.10513236973794,32.64,13.201278686523438,40.63327868652344,7.993278686523439,7.993278686523439,3.861,SOURCE-DERIVED invert; DERIVED DEM ground and cover,DEM-derived rim in repository THD convention,JUNCTION,
N_2176130803_4f3f40e,2176130803,2,276056.98610002006,2113806.6966000055,72.87132183092285,19.104992266122427,32.516,16.1369571685791,43.568957168579104,11.052957168579105,11.052957168579105,3.79,SOURCE-DERIVED invert; DERIVED DEM ground and cover,DEM-derived rim in repository THD convention,JUNCTION,
N_2176131201_a64d234,2176131201,2,276122.40000002016,2113256.5000000056,72.87200686501973,19.100030451045065,32.426,11.690873146057129,39.12287314605713,6.696873146057129,6.696873146057129,2.47,SOURCE-DERIVED invert; DERIVED DEM ground and cover,DEM-derived rim in repository THD convention,JUNCTION,
N_2176131202_acd41d8,2176131202,2,276147.10000001744,2113273.1000000057,72.87223960518781,19.100183083154793,32.394,15.236106872558594,42.668106872558596,10.274106872558598,10.274106872558598,3.274,SOURCE-DERIVED invert; DERIVED DEM ground and cover,DEM-derived rim in repository THD convention,JUNCTION,
N_2176131203_e017ed3,2176131203,2,276160.10000001895,2113277.200000004,72.87236263571755,19.10022153891882,32.38,8.37822151184082,35.81022151184082,3.43022151184082,3.574,3.274,SOURCE-DERIVED invert; ASSUMED rim depth,DEM nodata or DEM cover below connected pipe crown; max depth set to largest connected conduit height + 0.3 m cover assumption,JUNCTION,
N_2176131301_61cf757,2176131301,2,276158.40000002016,2113310.800000006,72.87234260453357,19.100524804745042,32.127,9.774587631225586,37.20658763122559,5.079587631225586,5.079587631225586,2.911,SOURCE-DERIVED invert; DERIVED DEM ground and cover,DEM-derived rim in repository THD convention,JUNCTION,
N_2176131302_75eac93,2176131302,2,276185.20000002184,2113321.900000006,72.872595931577,19.100627994777355,31.909000000000002,9.774587631225586,37.20658763122559,5.297587631225586,5.297587631225586,3.299,SOURCE-DERIVED invert; DERIVED DEM ground and cover,DEM-derived rim in repository THD convention,JUNCTION,
N_2176131303_e446ce9,2176131303,2,276197.30000001926,2113374.0000000056,72.87270486922597,19.101099855154686,30.622,10.837920188903809,38.26992018890381,7.647920188903811,7.647920188903811,5.583,SOURCE-DERIVED invert; DERIVED DEM ground and cover,DEM-derived rim in repository THD convention,JUNCTION,
N_2176131401_6b4734c,2176131401,2,276197.3000000211,2113415.8000000063,72.87270004207531,19.101477364532503,30.715,10.173171997070312,37.605171997070315,6.890171997070315,6.890171997070315,5.583,SOURCE-DERIVED invert; DERIVED DEM ground and cover,DEM-derived rim in repository THD convention,JUNCTION,
N_2176131402_15a1f81,2176131402,2,276197.3000000195,2113470.700000005,72.87269370193664,19.101973184240276,30.837,9.0,36.432,5.595000000000002,5.595000000000002,4.999,SOURCE-DERIVED invert; DERIVED DEM ground and cover,DEM-derived rim in repository THD convention,JUNCTION,
N_2176131501_d285c62,2176131501,2,276106.00000002014,2113572.700000005,72.87181452939039,19.102884353344216,32.726,10.740730285644531,38.17273028564453,5.446730285644534,5.446730285644534,3.342,SOURCE-DERIVED invert; DERIVED DEM ground and cover,DEM-derived rim in repository THD convention,JUNCTION,
N_2176131502_c3027c3,2176131502,2,276136.0000000204,2113572.5000000056,72.8720995664113,19.1028858419133,32.587,9.0,36.432,3.844999999999999,3.844999999999999,3.342,SOURCE-DERIVED invert; DERIVED DEM ground and cover,DEM-derived rim in repository THD convention,JUNCTION,
N_2176131503_fb3a5ab,2176131503,2,276161.0000000204,2113572.5000000056,72.87233707805004,19.102888587270673,32.471000000000004,9.0,36.432,3.9609999999999985,3.9609999999999985,2.927,SOURCE-DERIVED invert; DERIVED DEM ground and cover,DEM-derived rim in repository THD convention,JUNCTION,
N_2176131504_2c93a56,2176131504,2,276182.28700001945,2113560.8907000045,72.87254065537786,19.102786077315802,32.307,9.32034969329834,36.75234969329834,4.44534969329834,4.44534969329834,3.191,SOURCE-DERIVED invert; DERIVED DEM ground and cover,DEM-derived rim in repository THD convention,JUNCTION,
N_2176131505_7164a1f,2176131505,2,276195.1889000207,2113589.459200006,72.8726599298751,19.103045505217345,31.102,9.0,36.432,5.330000000000002,5.330000000000002,4.448,SOURCE-DERIVED invert; DERIVED DEM ground and cover,DEM-derived rim in repository THD convention,JUNCTION,
N_2176131506_e4e38d8,2176131506,2,276195.80330002017,2113554.4398000054,72.8726698115119,19.102729301158956,31.024,9.228636741638184,36.660636741638186,5.636636741638185,5.636636741638185,4.848,SOURCE-DERIVED invert; DERIVED DEM ground and cover,DEM-derived rim in repository THD convention,JUNCTION,
N_2176131507_44800c2,2176131507,2,276196.4000000196,2113532.1000000043,72.87267806050853,19.10252760871292,30.974,10.0,37.432,6.458000000000002,6.458000000000002,4.999,SOURCE-DERIVED invert; DERIVED DEM ground and cover,DEM-derived rim in repository THD convention,JUNCTION,
N_2176131601_6bf0eba,2176131601,2,276184.8000000195,2113628.3000000054,72.87255674416264,19.103395148343935,31.129,8.966652870178223,36.398652870178225,5.2696528701782235,5.2696528701782235,4.316,SOURCE-DERIVED invert; DERIVED DEM ground and cover,DEM-derived rim in repository THD convention,JUNCTION,
N_2176131602_3035824,2176131602,2,276192.9000000198,2113611.0000000056,72.87263569631975,19.103239795826717,31.117,8.250822067260742,35.682822067260744,4.5658220672607435,4.715,4.415,SOURCE-DERIVED invert; ASSUMED rim depth,DEM nodata or DEM cover below connected pipe crown; max depth set to largest connected conduit height + 0.3 m cover assumption,JUNCTION,
N_2176131603_e834855,2176131603,2,276194.10000001965,2113658.600000005,72.87264159913721,19.10366981852461,31.151,7.26191520690918,34.69391520690918,3.542915206909182,4.616,4.316,SOURCE-DERIVED invert; ASSUMED rim depth,DEM nodata or DEM cover below connected pipe crown; max depth set to largest connected conduit height + 0.3 m cover assumption,JUNCTION,
N_2176131701_1a81b41,2176131701,2,276105.6115000197,2113778.452400006,72.87178706427429,19.104742525828748,31.776,9.440397262573242,36.872397262573244,5.0963972625732445,5.262,4.962,SOURCE-DERIVED invert; ASSUMED rim depth,DEM nodata or DEM cover below connected pipe crown; max depth set to largest connected conduit height + 0.3 m cover assumption,JUNCTION,
N_2176131702_f236e1b,2176131702,2,276133.84300002025,2113762.261600006,72.87205715028009,19.104599402514502,31.702,9.0,36.432,4.73,5.13,4.83,SOURCE-DERIVED invert; ASSUMED rim depth,DEM nodata or DEM cover below connected pipe crown; max depth set to largest connected conduit height + 0.3 m cover assumption,JUNCTION,
N_2176131703_1d9f74f,2176131703,2,276159.32730002026,2113746.7887000046,72.87230105298832,19.10446246064866,31.635,9.68425464630127,37.11625464630127,5.48125464630127,5.48125464630127,3.632,SOURCE-DERIVED invert; DERIVED DEM ground and cover,DEM-derived rim in repository THD convention,JUNCTION,
N_2176131704_a571d93,2176131704,2,276185.2641000196,2113731.4147000057,72.87254924289196,19.104326461303128,31.566000000000003,9.68425464630127,37.11625464630127,5.550254646301269,5.550254646301269,3.382,SOURCE-DERIVED invert; DERIVED DEM ground and cover,DEM-derived rim in repository THD convention,JUNCTION,
N_2176131705_2ec3f7a,2176131705,2,276199.3654000189,2113722.148500005,72.87268428327113,19.104244323616186,31.528000000000002,9.715898513793945,37.14789851379395,5.619898513793945,5.619898513793945,3.5,SOURCE-DERIVED invert; DERIVED DEM ground and cover,DEM-derived rim in repository THD convention,JUNCTION,
N_2176132301_502d42d,2176132301,2,276210.40000002045,2113348.900000006,72.87283222240933,19.100874606942366,30.558,10.0,37.432,6.874000000000002,6.874000000000002,5.53,SOURCE-DERIVED invert; DERIVED DEM ground and cover,DEM-derived rim in repository THD convention,JUNCTION,
N_2176132302_62f2eb8,2176132302,2,276234.5000000201,2113338.600000005,72.87306237020475,19.10078422962162,29.876,12.444009780883789,39.87600978088379,10.00000978088379,10.00000978088379,6.122,SOURCE-DERIVED invert; DERIVED DEM ground and cover,DEM-derived rim in repository THD convention,JUNCTION,
N_2176132303_7ff8ed6,2176132303,2,276281.90000002016,2113339.6000000047,72.87351257146781,19.10079846298537,29.845000000000002,9.65494155883789,37.08694155883789,7.24194155883789,7.24194155883789,6.122,SOURCE-DERIVED invert; DERIVED DEM ground and cover,DEM-derived rim in repository THD convention,JUNCTION,
N_2176132701_615865b,2176132701,2,276209.33580001956,2113714.7630000054,72.87277986051996,19.104178717487617,31.19,9.715898513793945,37.14789851379395,5.957898513793946,5.957898513793946,4.486,SOURCE-DERIVED invert; DERIVED DEM ground and cover,DEM-derived rim in repository THD convention,JUNCTION,
N_2176132702_9f14e6b,2176132702,2,276241.46260002133,2113721.7792000063,72.87308427235709,19.104245610092264,31.224,9.959641456604004,37.391641456604006,6.167641456604006,6.167641456604006,4.688,SOURCE-DERIVED invert; DERIVED DEM ground and cover,DEM-derived rim in repository THD convention,JUNCTION,
N_2176132703_f9906fc,2176132703,2,276285.77550001885,2113734.7038000063,72.8735037770235,19.10436720043793,31.272000000000002,9.139921188354492,36.571921188354494,5.299921188354492,5.299921188354492,4.879,SOURCE-DERIVED invert; DERIVED DEM ground and cover,DEM-derived rim in repository THD convention,JUNCTION,
N_2176133301_6cb46a1,2176133301,2,276308.9000000205,2113338.6000000047,72.87376919647957,19.100792394347444,29.827,9.65494155883789,37.08694155883789,7.259941558837891,7.259941558837891,5.761,SOURCE-DERIVED invert; DERIVED DEM ground and cover,DEM-derived rim in repository THD convention,JUNCTION,
N_2176133302_ec5b2fd,2176133302,2,276339.60000002,2113341.4000000055,72.87406053429173,19.100821050337885,29.806,9.493666648864746,36.92566664886475,7.119666648864747,7.119666648864747,6.372,SOURCE-DERIVED invert; DERIVED DEM ground and cover,DEM-derived rim in repository THD convention,JUNCTION,
N_2176133303_4d6759f,2176133303,2,276365.70000001986,2113342.3000000063,72.87430838983144,19.100832041747644,29.789,8.091041564941406,35.52304156494141,5.734041564941407,6.672,6.372,SOURCE-DERIVED invert; ASSUMED rim depth,DEM nodata or DEM cover below connected pipe crown; max depth set to largest connected conduit height + 0.3 m cover assumption,JUNCTION,
N_2176133701_4123d4a,2176133701,2,276328.9806000197,2113746.1513000047,72.87391292818022,19.104475328143913,31.318,9.0,36.432,5.114000000000001,5.178999999999999,4.879,SOURCE-DERIVED invert; ASSUMED rim depth,DEM nodata or DEM cover below connected pipe crown; max depth set to largest connected conduit height + 0.3 m cover assumption,JUNCTION,
N_2176133702_6cd9a43,2176133702,2,276367.38510002,2113757.9681000053,72.87427642887373,19.104586263556453,31.36,10.731866836547852,38.163866836547854,6.803866836547854,6.803866836547854,4.758,SOURCE-DERIVED invert; DERIVED DEM ground and cover,DEM-derived rim in repository THD convention,JUNCTION,
N_2176133703_fc837ad,2176133703,2,276367.7000000194,2113787.7000000053,72.87427598898056,19.104854816728835,31.483,10.94985580444336,38.38185580444336,6.898855804443361,6.898855804443361,4.204,SOURCE-DERIVED invert; DERIVED DEM ground and cover,DEM-derived rim in repository THD convention,JUNCTION,
N_2176133704_461857b,2176133704,2,276367.75440001953,2113770.892700005,72.8742784457,19.104703030413415,31.413,10.731866836547852,38.163866836547854,6.7508668365478535,6.7508668365478535,4.296,SOURCE-DERIVED invert; DERIVED DEM ground and cover,DEM-derived rim in repository THD convention,JUNCTION,
N_2176133801_9ae8ccc,2176133801,2,276367.8000000191,2113818.000000005,72.87427344178819,19.105128477013604,31.608,10.924577713012695,38.3565777130127,6.748577713012697,6.748577713012697,3.96,SOURCE-DERIVED invert; DERIVED DEM ground and cover,DEM-derived rim in repository THD convention,JUNCTION,
N_2176133802_5e5fe62,2176133802,2,276369.8000000194,2113848.200000005,72.8742889572631,19.1054014426284,31.733,9.567327499389648,36.99932749938965,5.26632749938965,5.26632749938965,3.576,SOURCE-DERIVED invert; DERIVED DEM ground and cover,DEM-derived rim in repository THD convention,JUNCTION,
N_2176133803_f147ae9,2176133803,2,276376.10000001953,2113876.9000000055,72.87434549861551,19.105661333044303,31.855,9.0,36.432,4.577000000000002,4.577000000000002,3.576,SOURCE-DERIVED invert; DERIVED DEM ground and cover,DEM-derived rim in repository THD convention,JUNCTION,
N_2176133804_aeb77f0,2176133804,2,276393.0000000192,2113894.300000007,72.87450405120119,19.105820332400835,31.955000000000002,9.0,36.432,4.477,4.477,3.488,SOURCE-DERIVED invert; DERIVED DEM ground and cover,DEM-derived rim in repository THD convention,JUNCTION,
N_2176134301_78da050,2176134301,2,276435.4000000205,2113344.200000005,72.87497034598677,19.100856845853244,29.743000000000002,7.944925785064697,35.3769257850647,5.633925785064697,5.709,5.409,SOURCE-DERIVED invert; ASSUMED rim depth,DEM nodata or DEM cover below connected pipe crown; max depth set to largest connected conduit height + 0.3 m cover assumption,JUNCTION,
N_2176134302_1debad7,2176134302,2,276464.30000001896,2113343.300000006,72.87524501041834,19.100851886649355,29.723000000000003,7.956914901733398,35.3889149017334,5.665914901733398,5.665914901733398,5.275,SOURCE-DERIVED invert; DERIVED DEM ground and cover,DEM-derived rim in repository THD convention,JUNCTION,
N_2176134303_627dcda,2176134303,2,276492.2000000203,2113338.6000000047,72.87551061274948,19.100812498301938,29.705000000000002,7.9689040184021,35.4009040184021,5.6959040184021,5.6959040184021,5.275,SOURCE-DERIVED invert; DERIVED DEM ground and cover,DEM-derived rim in repository THD convention,JUNCTION,
N_2176134801_26ac245,2176134801,2,276420.70000002015,2113882.400000006,72.87476859240229,19.105715898393093,31.96,9.030525207519531,36.46252520751953,4.502525207519533,4.502525207519533,4.084,SOURCE-DERIVED invert; DERIVED DEM ground and cover,DEM-derived rim in repository THD convention,JUNCTION,
N_2176134802_47f645a,2176134802,2,276443.10000001884,2113866.600000005,72.87498322992816,19.1055756604362,31.964000000000002,10.0,37.432,5.468,5.468,4.089,SOURCE-DERIVED invert; DERIVED DEM ground and cover,DEM-derived rim in repository THD convention,JUNCTION,
N_2176134803_ff759e0,2176134803,2,276463.00000002014,2113891.400000006,72.87516943125645,19.105801820209454,31.969,12.840707778930664,40.272707778930666,8.303707778930665,8.303707778930665,4.195,SOURCE-DERIVED invert; DERIVED DEM ground and cover,DEM-derived rim in repository THD convention,JUNCTION,
N_2176134901_bedf0cf,2176134901,2,276477.20000001974,2113915.8000000063,72.87530152544217,19.10602374217816,31.973000000000003,13.457765579223633,40.889765579223635,8.916765579223632,8.916765579223632,4.26,SOURCE-DERIVED invert; DERIVED DEM ground and cover,DEM-derived rim in repository THD convention,JUNCTION,
N_2176134902_47db87b,2176134902,2,276492.2000000196,2113941.7000000044,72.87544104745224,19.106259298818625,31.978,24.529193878173828,51.96119387817383,19.98319387817383,19.98319387817383,4.26,SOURCE-DERIVED invert; DERIVED DEM ground and cover,DEM-derived rim in repository THD convention,JUNCTION,
N_2176135301_3818e4c,2176135301,2,276522.868600019,2113337.6938000065,72.87580208024532,19.100807676159462,29.684,8.38699722290039,35.81899722290039,6.134997222900392,6.134997222900392,5.113,SOURCE-DERIVED invert; DERIVED DEM ground and cover,DEM-derived rim in repository THD convention,JUNCTION,
N_2176135302_3ee42e5,2176135302,2,276557.28660002025,2113338.6240000054,72.87612895673931,19.100819849657952,29.662000000000003,8.99288272857666,36.42488272857666,6.76288272857666,6.76288272857666,5.329,SOURCE-DERIVED invert; DERIVED DEM ground and cover,DEM-derived rim in repository THD convention,JUNCTION,
N_2176135303_3e48c18,2176135303,2,276589.7000000198,2113341.100000005,72.87643661069824,19.100845763562965,29.64,9.491515159606934,36.923515159606936,7.283515159606935,7.283515159606935,5.388,SOURCE-DERIVED invert; DERIVED DEM ground and cover,DEM-derived rim in repository THD convention,JUNCTION,
N_2176135901_234a18c,2176135901,2,276507.4000000198,2113967.600000005,72.87558246997192,19.106494877318013,31.983,14.640109062194824,42.072109062194826,10.089109062194826,10.089109062194826,3.745,SOURCE-DERIVED invert; DERIVED DEM ground and cover,DEM-derived rim in repository THD convention,JUNCTION,
N_2176135902_a371e8e,2176135902,2,276528.00000002026,2113989.1000000047,72.87577570422805,19.106691309984292,31.987000000000002,14.939538955688477,42.37153895568848,10.384538955688477,10.384538955688477,3.777,SOURCE-DERIVED invert; DERIVED DEM ground and cover,DEM-derived rim in repository THD convention,JUNCTION,
N_2176136201_9df6c3b,2176136201,2,276688.4000000203,2113298.6000000047,72.87737919507556,19.100472744762413,28.747,10.051928520202637,37.48392852020264,8.736928520202639,8.736928520202639,6.381,SOURCE-DERIVED invert; DERIVED DEM ground and cover,DEM-derived rim in repository THD convention,JUNCTION,
N_2176136301_f84c857,2176136301,2,276622.00000002,2113327.4000000055,72.87674505190373,19.100725573434786,29.349,9.027950286865234,36.45995028686524,7.110950286865236,7.110950286865236,6.649,SOURCE-DERIVED invert; DERIVED DEM ground and cover,DEM-derived rim in repository THD convention,JUNCTION,
N_2176136302_a4eeff6,2176136302,2,276633.20000001905,2113321.8000000063,72.87685210147109,19.10067622501649,29.245,9.027950286865234,36.45995028686524,7.2149502868652355,7.2149502868652355,6.649,SOURCE-DERIVED invert; DERIVED DEM ground and cover,DEM-derived rim in repository THD convention,JUNCTION,
N_2176136303_fcc30a4,2176136303,2,276660.60000001884,2113310.000000005,72.8771137713926,19.10057265691425,28.997,9.61974048614502,37.05174048614502,8.054740486145022,8.054740486145022,6.573,SOURCE-DERIVED invert; DERIVED DEM ground and cover,DEM-derived rim in repository THD convention,JUNCTION,
N_2176137201_2488f74,2176137201,2,276716.0000000191,2113287.000000005,72.87764274144448,19.10037100402073,28.498,8.250965118408203,35.682965118408205,7.184965118408204,7.184965118408204,6.381,SOURCE-DERIVED invert; DERIVED DEM ground and cover,DEM-derived rim in repository THD convention,JUNCTION,
N_2176137202_918d79b,2176137202,2,276743.5000000198,2113275.3000000063,72.87790534900871,19.100268348783,28.25,8.347981452941895,35.7799814529419,7.529981452941897,7.529981452941897,5.71,SOURCE-DERIVED invert; DERIVED DEM ground and cover,DEM-derived rim in repository THD convention,JUNCTION,
N_2176137203_388a2a9,2176137203,2,276771.30000001926,2113263.700000005,72.8781707948682,19.10016662912149,27.377000000000002,7.6680097579956055,35.10000975799561,7.723009757995605,7.723009757995605,5.871,SOURCE-DERIVED invert; DERIVED DEM ground and cover,DEM-derived rim in repository THD convention,JUNCTION,
N_2176137204_9a9e42b,2176137204,2,276799.20000001986,2113252.2000000044,72.87843717895512,19.10006582312833,27.021,8.122061729431152,35.554061729431155,8.533061729431154,8.533061729431154,5.937,SOURCE-DERIVED invert; DERIVED DEM ground and cover,DEM-derived rim in repository THD convention,JUNCTION,
N_2176138201_3b912ef,2176138201,2,276826.4000000196,2113239.800000006,72.87869701614986,19.099956811867326,26.669,8.122061729431152,35.554061729431155,8.885061729431154,8.885061729431154,5.937,SOURCE-DERIVED invert; DERIVED DEM ground and cover,DEM-derived rim in repository THD convention,JUNCTION,
N_2176138202_dce6190,2176138202,2,276856.2268000201,2113225.2603000044,72.87898205486006,19.09982876329888,26.278000000000002,3.8329215049743652,31.264921504974364,4.986921504974362,5.239,4.939,SOURCE-DERIVED invert; ASSUMED rim depth,DEM nodata or DEM cover below connected pipe crown; max depth set to largest connected conduit height + 0.3 m cover assumption,JUNCTION,
N_2176138203_88f3c46,2176138203,2,276864.77160001895,2113213.0432000053,72.8790646398249,19.09971936142345,26.102,3.3142545223236084,30.746254522323607,4.644254522323607,5.17,4.87,SOURCE-DERIVED invert; ASSUMED rim depth,DEM nodata or DEM cover below connected pipe crown; max depth set to largest connected conduit height + 0.3 m cover assumption,PILOT_BOUNDARY_ASSUMPTION,PILOT_BOUNDARY; source-directed terminal; physical receiving water unverified
N_2176140401_886fc71,2176140401,2,276090.9000000209,2114494.8000000063,72.87156449751312,19.111210468315512,37.325,20.174312591552734,47.60631259155274,10.281312591552734,10.281312591552734,2.0,SOURCE-DERIVED invert; DERIVED DEM ground and cover,DEM-derived rim in repository THD convention,JUNCTION,
N_2176140501_ab282ba,2176140501,2,276003.80000002054,2114525.2000000044,72.87073345027667,19.111475446314163,36.964,44.00286102294922,71.43486102294922,34.47086102294922,34.47086102294922,2.0,SOURCE-DERIVED invert; DERIVED DEM ground and cover,DEM-derived rim in repository THD convention,JUNCTION,
N_2176140502_4999530,2176140502,2,276028.60000002023,2114517.200000006,72.87096999891428,19.111405922197207,37.066,35.4439582824707,62.875958282470705,25.809958282470703,25.809958282470703,2.0,SOURCE-DERIVED invert; DERIVED DEM ground and cover,DEM-derived rim in repository THD convention,JUNCTION,
N_2176141601_577c7c3,2176141601,2,276178.10000002,2114634.4000000055,72.8723768461367,19.112480820451783,37.968,19.260581970214844,46.692581970214846,8.724581970214842,8.724581970214842,2.0,SOURCE-DERIVED invert; DERIVED DEM ground and cover,DEM-derived rim in repository THD convention,JUNCTION,
N_2176141901_e65e429,2176141901,2,276116.1000000199,2114966.7000000044,72.87174936436652,19.11547511153292,40.0,21.35677719116211,48.78877719116211,8.788777191162112,8.788777191162112,2.0,SOURCE-DERIVED invert; DERIVED DEM ground and cover,DEM-derived rim in repository THD convention,JUNCTION,
N_2176141902_96b3244,2176141902,2,276120.9000000211,2114927.000000005,72.87179956025108,19.115117096246124,39.844,23.09725570678711,50.52925570678711,10.68525570678711,10.68525570678711,2.0,SOURCE-DERIVED invert; DERIVED DEM ground and cover,DEM-derived rim in repository THD convention,JUNCTION,
N_2176142701_d4bdfd3,2176142701,2,276248.20000002015,2114753.6000000047,72.87302909498305,19.113565053154183,38.509,23.127004623413086,50.55900462341309,12.050004623413088,12.050004623413088,2.0,SOURCE-DERIVED invert; DERIVED DEM ground and cover,DEM-derived rim in repository THD convention,JUNCTION,
N_2176142901_64788fa,2176142901,2,276200.40000001993,2114903.1000000047,72.87255766513438,19.1149099837003,39.519,28.0,55.432,15.913000000000004,15.913000000000004,2.0,SOURCE-DERIVED invert; DERIVED DEM ground and cover,DEM-derived rim in repository THD convention,JUNCTION,
N_2176143801_ef91349,2176143801,2,276317.70000002027,2114871.8000000063,72.87367576666242,19.114640187047392,39.045,21.0,48.432,9.387,9.387,2.0,SOURCE-DERIVED invert; DERIVED DEM ground and cover,DEM-derived rim in repository THD convention,JUNCTION,
N_2176145001_73a5b1f,2176145001,2,276533.09990002005,2114094.909200005,72.87581195164731,19.10764746777589,32.864000000000004,10.640007019042969,38.07200701904297,5.208007019042967,5.208007019042967,3.334,SOURCE-DERIVED invert; DERIVED DEM ground and cover,DEM-derived rim in repository THD convention,JUNCTION,
N_2176145002_abfcad7,2176145002,2,276535.5643000199,2114075.6085000057,72.87583759170944,19.10747342688015,32.823,10.20576286315918,37.63776286315918,4.8147628631591814,4.8147628631591814,3.334,SOURCE-DERIVED invert; DERIVED DEM ground and cover,DEM-derived rim in repository THD convention,JUNCTION,
N_2176145003_a10c01e,2176145003,2,276537.8913000194,2114064.8386000055,72.87586094226921,19.107376415440438,32.0,10.20576286315918,37.63776286315918,5.637762863159182,5.637762863159182,4.199,SOURCE-DERIVED invert; DERIVED DEM ground and cover,DEM-derived rim in repository THD convention,JUNCTION,
N_2176145004_2c26ee4,2176145004,2,276543.8624000198,2114012.272300005,72.87592373545162,19.106902326145267,31.992,13.167341232299805,40.59934123229981,8.607341232299806,8.607341232299806,3.778,SOURCE-DERIVED invert; DERIVED DEM ground and cover,DEM-derived rim in repository THD convention,JUNCTION,
N_2176145005_1b6f231,2176145005,2,276545.56730002037,2114047.8131000064,72.87593583380472,19.10722349406373,31.997,11.43271541595459,38.86471541595459,6.867715415954592,6.867715415954592,4.199,SOURCE-DERIVED invert; DERIVED DEM ground and cover,DEM-derived rim in repository THD convention,JUNCTION,
N_2176145101_f2db154,2176145101,2,276546.6662000202,2114126.6895000055,72.87593717598973,19.10793597396067,32.936,11.560894012451172,38.992894012451174,6.056894012451174,6.056894012451174,3.262,SOURCE-DERIVED invert; DERIVED DEM ground and cover,DEM-derived rim in repository THD convention,JUNCTION,
N_2176145102_8df2215,2176145102,2,276558.30950002046,2114154.579100005,72.87604457947133,19.108189131019106,32.999,10.693428039550781,38.12542803955078,5.126428039550781,5.126428039550781,3.276,SOURCE-DERIVED invert; DERIVED DEM ground and cover,DEM-derived rim in repository THD convention,JUNCTION,
N_2176145103_cb6655d,2176145103,2,276568.70000002027,2114183.1000000043,72.87614000781915,19.10844785216379,33.062000000000005,12.364672660827637,39.79667266082764,6.734672660827634,6.734672660827634,3.615,SOURCE-DERIVED invert; DERIVED DEM ground and cover,DEM-derived rim in repository THD convention,JUNCTION,
N_2176145104_599560a,2176145104,2,276592.5000000201,2114188.900000006,72.87636545813713,19.10850284328807,33.113,14.907363891601562,42.339363891601565,9.226363891601565,9.226363891601565,3.615,SOURCE-DERIVED invert; DERIVED DEM ground and cover,DEM-derived rim in repository THD convention,JUNCTION,
N_2176145301_e7072ba,2176145301,2,276587.20000002,2114394.2000000044,72.87629142460928,19.110356395934254,34.633,14.29232120513916,41.72432120513916,7.09132120513916,7.09132120513916,1.815,SOURCE-DERIVED invert; DERIVED DEM ground and cover,DEM-derived rim in repository THD convention,JUNCTION,
N_2176145302_c5ab9fa,2176145302,2,276590.50000002,2114364.300000006,72.87632622641105,19.110086720773392,34.589,14.144140243530273,41.576140243530276,6.987140243530277,6.987140243530277,1.819,SOURCE-DERIVED invert; DERIVED DEM ground and cover,DEM-derived rim in repository THD convention,JUNCTION,
N_2176145401_08f44e1,2176145401,2,276576.2794000206,2114451.582700004,72.87618104958439,19.110873440966618,34.718,14.056995391845703,41.488995391845705,6.770995391845702,6.770995391845702,1.837,SOURCE-DERIVED invert; DERIVED DEM ground and cover,DEM-derived rim in repository THD convention,JUNCTION,
N_2176145402_12450a3,2176145402,2,276583.63220002025,2114424.029600005,72.87625408641941,19.11062540590028,34.677,14.102225303649902,41.534225303649905,6.857225303649905,6.857225303649905,1.806,SOURCE-DERIVED invert; DERIVED DEM ground and cover,DEM-derived rim in repository THD convention,JUNCTION,
N_2176145403_d78e2f6,2176145403,2,276587.23580001923,2114478.8397000064,72.87628200163445,19.111120809484976,34.761,14.645060539245605,42.07706053924561,7.316060539245605,7.316060539245605,1.837,SOURCE-DERIVED invert; DERIVED DEM ground and cover,DEM-derived rim in repository THD convention,JUNCTION,
N_2176145501_35bd8a0,2176145501,2,276554.5000000204,2114588.6000000043,72.8759583168267,19.11210850165995,34.941,25.6636905670166,53.095690567016604,18.1546905670166,18.1546905670166,2.838,SOURCE-DERIVED invert; DERIVED DEM ground and cover,DEM-derived rim in repository THD convention,JUNCTION,
N_2176145502_8088bea,2176145502,2,276557.9000000206,2114558.5000000056,72.8759940930078,19.111837031397627,34.897,21.436769485473633,48.868769485473635,13.971769485473637,13.971769485473637,2.247,SOURCE-DERIVED invert; DERIVED DEM ground and cover,DEM-derived rim in repository THD convention,JUNCTION,
N_2176145503_49199a3,2176145503,2,276561.363700019,2114529.9341000053,72.8760302972514,19.111579423065297,34.855000000000004,17.24311065673828,44.67511065673828,9.82011065673828,9.82011065673828,2.001,SOURCE-DERIVED invert; DERIVED DEM ground and cover,DEM-derived rim in repository THD convention,JUNCTION,
N_2176145504_b5f26f2,2176145504,2,276586.2501000193,2114514.335600005,72.87626854196299,19.111441276803337,34.813,17.00627899169922,44.43827899169922,9.625278991699219,9.625278991699219,1.791,SOURCE-DERIVED invert; DERIVED DEM ground and cover,DEM-derived rim in repository THD convention,JUNCTION,
N_2176145603_b46da0b,2176145603,2,276565.8000000203,2114614.800000006,72.8760626555878,19.112346361872408,34.983000000000004,21.126985549926758,48.55898554992676,13.575985549926756,13.575985549926756,2.838,SOURCE-DERIVED invert; DERIVED DEM ground and cover,DEM-derived rim in repository THD convention,JUNCTION,
N_2176145604_3babfdd,2176145604,2,276591.5000000205,2114639.700000005,72.87630395962185,19.112574060424777,35.035000000000004,16.583877563476562,44.015877563476565,8.980877563476561,8.980877563476561,2.698,SOURCE-DERIVED invert; DERIVED DEM ground and cover,DEM-derived rim in repository THD convention,JUNCTION,
N_2176145605_683c813,2176145605,2,276594.20000002056,2114643.9000000055,72.8763291279339,19.11261228810407,35.06,16.583877563476562,44.015877563476565,8.955877563476562,8.955877563476562,2.757,SOURCE-DERIVED invert; DERIVED DEM ground and cover,DEM-derived rim in repository THD convention,JUNCTION,
N_2176146201_3463897,2176146201,2,276603.6000000189,2114219.800000006,72.87646735359408,19.10878312856465,33.182,16.008398056030273,43.440398056030276,10.258398056030273,10.258398056030273,3.748,SOURCE-DERIVED invert; DERIVED DEM ground and cover,DEM-derived rim in repository THD convention,JUNCTION,
N_2176146202_f5ee4e4,2176146202,2,276631.2000000201,2114237.100000005,72.87672758157208,19.1089423963006,33.25,17.790559768676758,45.22255976867676,11.97255976867676,11.97255976867676,3.748,SOURCE-DERIVED invert; DERIVED DEM ground and cover,DEM-derived rim in repository THD convention,JUNCTION,
N_2176146203_5a9bafe,2176146203,2,276647.1000000192,2114279.6000000047,72.87687374439182,19.10932797113975,33.5,12.888110160827637,40.32011016082764,6.820110160827639,6.820110160827639,3.568,SOURCE-DERIVED invert; DERIVED DEM ground and cover,DEM-derived rim in repository THD convention,JUNCTION,
N_2176146204_1ac573a,2176146204,2,276648.60000001936,2114294.8000000063,72.87688624300765,19.10946541194444,34.422000000000004,12.888110160827637,40.32011016082764,5.898110160827635,5.898110160827635,2.596,SOURCE-DERIVED invert; DERIVED DEM ground and cover,DEM-derived rim in repository THD convention,JUNCTION,
N_2176146301_9a2dd11,2176146301,2,276614.4169000181,2114353.818600007,72.87655466737364,19.1099946818559,34.551,19.206954956054688,46.63895495605469,12.087954956054688,12.087954956054688,1.819,SOURCE-DERIVED invert; DERIVED DEM ground and cover,DEM-derived rim in repository THD convention,JUNCTION,
N_2176146302_a1d2345,2176146302,2,276644.0000000191,2114348.1000000047,72.87683639285967,19.109946278205346,34.507000000000005,19.206954956054688,46.63895495605469,12.131954956054685,12.131954956054685,1.771,SOURCE-DERIVED invert; DERIVED DEM ground and cover,DEM-derived rim in repository THD convention,JUNCTION,
N_2176146303_b236e9e,2176146303,2,276652.40000001976,2114322.9000000064,72.87691910618267,19.109719609154208,34.464,14.110559463500977,41.54255946350098,7.07855946350098,7.07855946350098,1.798,SOURCE-DERIVED invert; DERIVED DEM ground and cover,DEM-derived rim in repository THD convention,JUNCTION,
N_2176146304_63b1bbe,2176146304,2,276653.6000000198,2114341.1000000047,72.87692840863774,19.10988411109777,34.49,19.455289840698242,46.887289840698244,12.397289840698242,12.397289840698242,1.798,SOURCE-DERIVED invert; DERIVED DEM ground and cover,DEM-derived rim in repository THD convention,JUNCTION,
N_2176146601_aad2494,2176146601,2,276607.0000000193,2114661.4000000055,72.87644872265625,19.11277174003336,35.171,16.583877563476562,44.015877563476565,8.844877563476565,8.844877563476565,2.958,SOURCE-DERIVED invert; DERIVED DEM ground and cover,DEM-derived rim in repository THD convention,JUNCTION,
N_2176146602_8ea629a,2176146602,2,276614.0000000188,2114670.6000000047,72.87651416882947,19.112855595865987,35.230000000000004,13.5596342086792,40.9916342086792,5.761634208679197,5.761634208679197,2.958,SOURCE-DERIVED invert; DERIVED DEM ground and cover,DEM-derived rim in repository THD convention,JUNCTION,
N_2176146603_90b2b48,2176146603,2,276616.5000000198,2114675.200000005,72.87653739087618,19.112897414129282,35.257000000000005,13.5596342086792,40.9916342086792,5.734634208679196,5.734634208679196,3.249,SOURCE-DERIVED invert; DERIVED DEM ground and cover,DEM-derived rim in repository THD convention,JUNCTION,
N_2176146604_bc092af,2176146604,2,276623.1272000192,2114681.2877000044,72.8765996541348,19.11295312083517,35.303000000000004,13.5596342086792,40.9916342086792,5.688634208679197,5.688634208679197,3.249,SOURCE-DERIVED invert; DERIVED DEM ground and cover,DEM-derived rim in repository THD convention,JUNCTION,
N_2176146605_7a746de,2176146605,2,276656.1744000198,2114694.786000005,72.8769120810895,19.11307865169766,35.485,13.468974113464355,40.90097411346436,5.415974113464358,5.415974113464358,3.113,SOURCE-DERIVED invert; DERIVED DEM ground and cover,DEM-derived rim in repository THD convention,JUNCTION,
N_2176146701_b94bc72,2176146701,2,276682.400000022,2114702.500000004,72.87716036298949,19.11315119435013,35.625,19.749391555786133,47.181391555786135,11.556391555786135,11.556391555786135,3.113,SOURCE-DERIVED invert; DERIVED DEM ground and cover,DEM-derived rim in repository THD convention,JUNCTION,
N_2176146702_3b6c548,2176146702,2,276689.8000000211,2114731.9000000055,72.87722728075525,19.113417526881562,35.78,15.93864631652832,43.37064631652832,7.590646316528321,7.590646316528321,3.088,SOURCE-DERIVED invert; DERIVED DEM ground and cover,DEM-derived rim in repository THD convention,JUNCTION,
N_2176147701_bab95b6,2176147701,2,276701.0000000198,2114762.1000000047,72.87733021067505,19.11369150099587,35.944,15.0,42.432,6.4879999999999995,6.4879999999999995,2.924,SOURCE-DERIVED invert; DERIVED DEM ground and cover,DEM-derived rim in repository THD convention,JUNCTION,
N_2176147702_1d221c9,2176147702,2,276720.6000000187,2114767.7000000044,72.87751578683546,19.11374422476927,36.048,15.382024765014648,42.81402476501465,6.766024765014649,6.766024765014649,2.38,SOURCE-DERIVED invert; DERIVED DEM ground and cover,DEM-derived rim in repository THD convention,JUNCTION,
N_2176147703_287f862,2176147703,2,276746.30000001984,2114779.500000005,72.87775860518722,19.113853611187842,36.193000000000005,22.0,49.432,13.238999999999997,13.238999999999997,2.511,SOURCE-DERIVED invert; DERIVED DEM ground and cover,DEM-derived rim in repository THD convention,JUNCTION,
N_2176147801_4802fb0,2176147801,2,276756.80000001926,2114816.000000005,72.87785415910622,19.114184405851443,36.387,18.805057525634766,46.23705752563477,9.850057525634767,9.850057525634767,2.511,SOURCE-DERIVED invert; DERIVED DEM ground and cover,DEM-derived rim in repository THD convention,JUNCTION,
N_2176147802_1f680d9,2176147802,2,276760.00000001915,2114853.300000006,72.87788026260807,19.11452162559839,36.578,15.489691734313965,42.92169173431397,6.343691734313964,6.343691734313964,2.616,SOURCE-DERIVED invert; DERIVED DEM ground and cover,DEM-derived rim in repository THD convention,JUNCTION,
N_2176147803_5c32444,2176147803,2,276777.9000000217,2114872.5000000056,72.87804812012392,19.11469698890429,36.712,15.672511100769043,43.104511100769045,6.392511100769042,6.392511100769042,2.616,SOURCE-DERIVED invert; DERIVED DEM ground and cover,DEM-derived rim in repository THD convention,JUNCTION,
N_2176147804_66a4857,2176147804,2,276791.10000001953,2114898.9000000055,72.87817049244067,19.114936862773668,36.862,16.322036743164062,43.754036743164065,6.892036743164063,6.892036743164063,2.549,SOURCE-DERIVED invert; DERIVED DEM ground and cover,DEM-derived rim in repository THD convention,JUNCTION,
N_2176147901_9d9908c,2176147901,2,276747.20000001945,2114987.7000000044,72.87774315164054,19.11573403507903,37.386,17.465944290161133,44.897944290161135,7.511944290161132,7.511944290161132,2.692,SOURCE-DERIVED invert; DERIVED DEM ground and cover,DEM-derived rim in repository THD convention,JUNCTION,
N_2176147902_7013b6c,2176147902,2,276750.90000001946,2114953.900000006,72.87778220332545,19.11542918128056,37.213,17.522964477539062,44.954964477539065,7.741964477539064,7.741964477539064,2.495,SOURCE-DERIVED invert; DERIVED DEM ground and cover,DEM-derived rim in repository THD convention,JUNCTION,
N_2176147903_41358e2,2176147903,2,276765.60000001965,2114939.900000005,72.87792348527506,19.115304353509643,37.109,17.488126754760742,44.920126754760744,7.811126754760743,7.811126754760743,2.549,SOURCE-DERIVED invert; DERIVED DEM ground and cover,DEM-derived rim in repository THD convention,JUNCTION,
N_2176156101_cdebd0c,2176156101,2,276603.1000000201,2115130.900000005,72.87635750197619,19.117011523314066,38.695,26.401952743530273,53.833952743530276,15.138952743530275,15.138952743530275,4.403,SOURCE-DERIVED invert; DERIVED DEM ground and cover,DEM-derived rim in repository THD convention,JUNCTION,
N_2176156102_d26e96d,2176156102,2,276641.3000000197,2115121.300000006,72.87672155911346,19.11692901188171,38.494,32.277584075927734,59.70958407592774,21.215584075927737,21.215584075927737,4.403,SOURCE-DERIVED invert; DERIVED DEM ground and cover,DEM-derived rim in repository THD convention,JUNCTION,
N_2176156103_8420126,2176156103,2,276687.1116000202,2115111.9251000057,72.87715791004106,19.11684936716893,38.255,27.441614151000977,54.87361415100098,16.618614151000976,16.618614151000976,4.004,SOURCE-DERIVED invert; DERIVED DEM ground and cover,DEM-derived rim in repository THD convention,JUNCTION,
N_2176156201_0a9cbc7,2176156201,2,276643.400000021,2115231.800000006,72.87672876364795,19.11792720443321,39.25,35.81684875488281,63.248848754882815,23.998848754882815,23.998848754882815,4.708,SOURCE-DERIVED invert; DERIVED DEM ground and cover,DEM-derived rim in repository THD convention,JUNCTION,
N_2176156202_94324b1,2176156202,2,276690.40000002,2115228.800000006,72.87717567332597,19.117905264118537,39.49,43.53873062133789,70.97073062133789,31.48073062133789,31.48073062133789,4.708,SOURCE-DERIVED invert; DERIVED DEM ground and cover,DEM-derived rim in repository THD convention,JUNCTION,
N_2176156301_a53d86d,2176156301,2,276646.30000001943,2115363.6000000057,72.87674111120086,19.119117851982704,40.300000000000004,31.95363426208496,59.38563426208496,19.08563426208496,19.08563426208496,4.298,SOURCE-DERIVED invert; DERIVED DEM ground and cover,DEM-derived rim in repository THD convention,JUNCTION,
N_2176156302_0dc072a,2176156302,2,276691.90000002144,2115352.100000005,72.87717570262711,19.119018992106348,40.12,22.41306495666504,49.84506495666504,9.725064956665044,9.725064956665044,4.258,SOURCE-DERIVED invert; DERIVED DEM ground and cover,DEM-derived rim in repository THD convention,JUNCTION,
N_2176157001_e179061,2176157001,2,276728.1000000214,2115062.700000005,72.87755302949093,19.116409292046455,37.783,31.213958740234375,58.64595874023438,20.862958740234376,20.862958740234376,3.515,SOURCE-DERIVED invert; DERIVED DEM ground and cover,DEM-derived rim in repository THD convention,JUNCTION,
N_2176157002_0b32c2b,2176157002,2,276733.2921000201,2115028.892600005,72.87760625948543,19.11610453507459,37.608000000000004,17.214269638061523,44.646269638061526,7.0382696380615215,7.0382696380615215,3.515,SOURCE-DERIVED invert; DERIVED DEM ground and cover,DEM-derived rim in repository THD convention,JUNCTION,
N_2176157101_e04a53b,2176157101,2,276738.20000001945,2115101.800000007,72.87764448358226,19.11676352447038,37.989000000000004,32.2706298828125,59.7026298828125,21.713629882812498,21.713629882812498,3.509,SOURCE-DERIVED invert; DERIVED DEM ground and cover,DEM-derived rim in repository THD convention,JUNCTION,
N_2176157401_a0538f4,2176157401,2,276712.50000002043,2115474.900000006,72.8773572671101,19.120130298595676,40.7,20.658885955810547,48.09088595581055,7.390885955810546,7.390885955810546,4.298,SOURCE-DERIVED invert; DERIVED DEM ground and cover,DEM-derived rim in repository THD convention,JUNCTION,
N_2176157402_5121d38,2176157402,2,276722.8000000197,2115493.100000005,72.87745303306006,19.120295798187804,40.9,24.469221115112305,51.90122111511231,11.001221115112308,11.001221115112308,3.928,SOURCE-DERIVED invert; DERIVED DEM ground and cover,DEM-derived rim in repository THD convention,JUNCTION,
N_2176157501_1296131,2176157501,2,276765.2000000207,2115558.100000005,72.8778484000627,19.12088748334258,41.2,21.381324768066406,48.81332476806641,7.613324768066406,7.613324768066406,3.898,SOURCE-DERIVED invert; DERIVED DEM ground and cover,DEM-derived rim in repository THD convention,JUNCTION,
N_2176157601_f1c899a,2176157601,2,276725.4000000205,2115601.9000000055,72.87746518685526,19.121278692365394,41.5,20.4642276763916,47.896227676391604,6.396227676391604,6.396227676391604,4.134,SOURCE-DERIVED invert; DERIVED DEM ground and cover,DEM-derived rim in repository THD convention,JUNCTION,
N_2176157602_51bd60c,2176157602,2,276742.30000001984,2115689.200000004,72.87761569317945,19.122068980734046,42.428000000000004,22.091463088989258,49.52346308898926,7.095463088989256,7.095463088989256,3.96,SOURCE-DERIVED invert; DERIVED DEM ground and cover,DEM-derived rim in repository THD convention,JUNCTION,
N_2176157603_cece9ea,2176157603,2,276751.5000000205,2115652.6000000043,72.87770732946515,19.12173944258882,41.894000000000005,21.68175506591797,49.11375506591797,7.2197550659179655,7.2197550659179655,4.134,SOURCE-DERIVED invert; DERIVED DEM ground and cover,DEM-derived rim in repository THD convention,JUNCTION,
N_2176157604_18819ab,2176157604,2,276788.60000002,2115687.800000006,72.87805577853591,19.122061412740468,43.083000000000006,20.0,47.432,4.348999999999997,4.348999999999997,3.665,SOURCE-DERIVED invert; DERIVED DEM ground and cover,DEM-derived rim in repository THD convention,JUNCTION,
N_2176157701_0e04fb2,2176157701,2,276796.66640002024,2115750.992400005,72.87812513458849,19.122633008757028,44.062000000000005,23.984336853027344,51.416336853027346,7.354336853027341,7.354336853027341,2.536,SOURCE-DERIVED invert; DERIVED DEM ground and cover,DEM-derived rim in repository THD convention,JUNCTION,
N_2176158701_0fa4e6c,2176158701,2,276805.50000002026,2115714.200000005,72.87821331111793,19.122301692518125,43.527,24.499603271484375,51.93160327148438,8.404603271484376,8.404603271484376,2.671,SOURCE-DERIVED invert; DERIVED DEM ground and cover,DEM-derived rim in repository THD convention,JUNCTION,
N_2176158801_53280ec,2176158801,2,276816.59080002044,2115814.229800006,72.87830715644729,19.12320631098491,45.0,26.02143669128418,53.45343669128418,8.453436691284182,8.453436691284182,1.798,SOURCE-DERIVED invert; DERIVED DEM ground and cover,DEM-derived rim in repository THD convention,JUNCTION,
N_2177054801_f911f67,2177054801,1,277459.4000000182,2105879.300000006,72.88555414063076,19.0335501527833,25.057000000000002,3.294377088546753,30.72637708854675,5.669377088546749,5.669377088546749,2.941,SOURCE-DERIVED invert; DERIVED DEM ground and cover,DEM-derived rim in repository THD convention,JUNCTION,
N_2177054802_f36a9d4,2177054802,1,277473.1000000192,2105852.6000000047,72.88568729687003,19.033310502376676,25.091,3.0,30.432,5.3409999999999975,5.3409999999999975,2.707,SOURCE-DERIVED invert; DERIVED DEM ground and cover,DEM-derived rim in repository THD convention,JUNCTION,
N_2177054803_3436a23,2177054803,1,277486.6000000173,2105825.800000006,72.88581856481866,19.033069926938484,25.125,3.0,30.432,5.306999999999999,5.306999999999999,2.673,SOURCE-DERIVED invert; DERIVED DEM ground and cover,DEM-derived rim in repository THD convention,JUNCTION,
N_2177054804_4999d64,2177054804,1,277490.00000001723,2105819.4000000055,72.88585158485867,19.03301249521651,25.133000000000003,3.0,30.432,5.298999999999996,5.298999999999996,2.665,SOURCE-DERIVED invert; DERIVED DEM ground and cover,DEM-derived rim in repository THD convention,JUNCTION,
N_2177054805_aa8dcee,2177054805,1,277495.4000000177,2105808.1000000047,72.88590415819245,19.03291102673757,25.147000000000002,3.0,30.432,5.284999999999997,5.284999999999997,2.651,SOURCE-DERIVED invert; DERIVED DEM ground and cover,DEM-derived rim in repository THD convention,JUNCTION,
N_2177054901_4d99706,2177054901,1,277405.0000000184,2105986.400000006,72.8850252759295,19.034511505971267,24.92,3.0411627292633057,30.473162729263304,5.553162729263303,5.553162729263303,3.278,SOURCE-DERIVED invert; DERIVED DEM ground and cover,DEM-derived rim in repository THD convention,JUNCTION,
N_2177054902_2ca95ae,2177054902,1,277418.6000000177,2105959.6000000047,72.8851574955757,19.03427094209375,24.954,2.0213682651519775,29.453368265151976,4.4993682651519755,4.4993682651519755,3.044,SOURCE-DERIVED invert; DERIVED DEM ground and cover,DEM-derived rim in repository THD convention,JUNCTION,
N_2177054903_7daa600,2177054903,1,277432.20000001823,2105932.8000000054,72.88528971481375,19.034030378078818,24.989,2.9675540924072266,30.399554092407225,5.410554092407224,5.410554092407224,3.009,SOURCE-DERIVED invert; DERIVED DEM ground and cover,DEM-derived rim in repository THD convention,JUNCTION,
N_2177054904_dde8c17,2177054904,1,277445.80000001716,2105906.1000000043,72.88542192220814,19.033790717072982,25.023,3.294377088546753,30.72637708854675,5.703377088546752,5.703377088546752,2.941,SOURCE-DERIVED invert; DERIVED DEM ground and cover,DEM-derived rim in repository THD convention,JUNCTION,
N_2177055701_dd20055,2177055701,1,277500.10000001534,2105799.1000000047,72.88594982092972,19.03283025451142,25.159000000000002,5.688858985900879,33.12085898590088,7.961858985900879,7.961858985900879,2.805,SOURCE-DERIVED invert; DERIVED DEM ground and cover,DEM-derived rim in repository THD convention,JUNCTION,
N_2177055702_5c56695,2177055702,1,277513.80000001803,2105772.4000000055,72.88608297594641,19.032590603691453,25.193,6.8881916999816895,34.32019169998169,9.12719169998169,9.12719169998169,2.805,SOURCE-DERIVED invert; DERIVED DEM ground and cover,DEM-derived rim in repository THD convention,JUNCTION,
N_2177055703_1aac109,2177055703,1,277528.2622000169,2105746.285600004,72.88622330187705,19.032356324417293,25.227,4.586727142333984,32.01872714233399,6.791727142333986,6.791727142333986,2.771,SOURCE-DERIVED invert; DERIVED DEM ground and cover,DEM-derived rim in repository THD convention,JUNCTION,
N_2177055704_4550459,2177055704,1,277538.7000000179,2105739.800000006,72.88632316609302,19.03229888451425,25.241,4.586727142333984,32.01872714233399,6.777727142333987,6.777727142333987,2.735,SOURCE-DERIVED invert; DERIVED DEM ground and cover,DEM-derived rim in repository THD convention,JUNCTION,
N_2177055705_0245413,2177055705,1,277557.10000001756,2105745.200000005,72.88649728513951,19.03234965445536,25.263,3.5797946453094482,31.011794645309447,5.748794645309445,5.748794645309445,2.735,SOURCE-DERIVED invert; DERIVED DEM ground and cover,DEM-derived rim in repository THD convention,JUNCTION,
N_2177055706_9f01a26,2177055706,1,277583.60000001773,2105759.2000000044,72.88674734352098,19.03247897523149,25.297,6.439188003540039,33.87118800354004,8.57418800354004,8.57418800354004,2.701,SOURCE-DERIVED invert; DERIVED DEM ground and cover,DEM-derived rim in repository THD convention,JUNCTION,
N_2177056701_765798f,2177056701,1,277610.10870001797,2105773.242200005,72.88699748011364,19.03260867777818,25.331,6.318981647491455,33.75098164749146,8.419981647491458,8.419981647491458,2.09,SOURCE-DERIVED invert; DERIVED DEM ground and cover,DEM-derived rim in repository THD convention,JUNCTION,
N_2177056702_032f1e3,2177056702,1,277636.6927000169,2105787.157600006,72.88724834669854,19.032737243012015,25.365000000000002,6.869054794311523,34.301054794311526,8.936054794311524,8.936054794311524,2.111,SOURCE-DERIVED invert; DERIVED DEM ground and cover,DEM-derived rim in repository THD convention,JUNCTION,
N_2177056703_f5da5bd,2177056703,1,277651.8066000177,2105795.2527000043,72.887390952002,19.032811995862584,25.385,6.822053909301758,34.25405390930176,8.869053909301758,8.869053909301758,2.111,SOURCE-DERIVED invert; DERIVED DEM ground and cover,DEM-derived rim in repository THD convention,JUNCTION,
N_2177056704_1f6448f,2177056704,1,277658.70000001753,2105798.8000000063,72.88745601040358,19.032844782163252,25.393,6.822053909301758,34.25405390930176,8.86105390930176,8.86105390930176,2.329,SOURCE-DERIVED invert; DERIVED DEM ground and cover,DEM-derived rim in repository THD convention,JUNCTION,
N_2177056801_a147267,2177056801,1,277663.12330001965,2105801.2913000057,72.88749773198391,19.032867762846482,25.399,6.822053909301758,34.25405390930176,8.855053909301759,8.855053909301759,2.329,SOURCE-DERIVED invert; DERIVED DEM ground and cover,DEM-derived rim in repository THD convention,JUNCTION,
N_2177056802_a6803ca,2177056802,1,277689.6680000166,2105815.307100005,72.88774821471125,19.032997229963048,25.433,4.173168182373047,31.605168182373045,6.172168182373046,6.172168182373046,2.323,SOURCE-DERIVED invert; DERIVED DEM ground and cover,DEM-derived rim in repository THD convention,JUNCTION,
N_2177057801_cfc8b9f,2177057801,1,277716.1773000168,2105829.338600005,72.88799835988048,19.033126834724616,25.467000000000002,4.433129787445068,31.865129787445067,6.398129787445065,6.398129787445065,2.319,SOURCE-DERIVED invert; DERIVED DEM ground and cover,DEM-derived rim in repository THD convention,JUNCTION,
N_2177057802_e071dbb,2177057802,1,277742.65120001754,2105843.480100005,72.88824815672227,19.03325742880131,25.501,7.494042873382568,34.92604287338257,9.42504287338257,9.42504287338257,2.312,SOURCE-DERIVED invert; DERIVED DEM ground and cover,DEM-derived rim in repository THD convention,JUNCTION,
N_2177057803_93953ce,2177057803,1,277769.1388000178,2105857.4261000063,72.88849810640711,19.033386258408495,25.535,5.919131755828857,33.35113175582886,7.816131755828859,7.816131755828859,2.318,SOURCE-DERIVED invert; DERIVED DEM ground and cover,DEM-derived rim in repository THD convention,JUNCTION,
N_2177057804_3489f13,2177057804,1,277795.6874000182,2105871.5685000042,72.88874861337331,19.033516868119786,25.57,5.197922706604004,32.629922706604006,7.059922706604006,7.059922706604006,2.328,SOURCE-DERIVED invert; DERIVED DEM ground and cover,DEM-derived rim in repository THD convention,JUNCTION,
N_2177058801_323ce0b,2177058801,1,277816.0859000176,2105882.1582000046,72.88894112115428,19.033614723645425,25.596,5.534340858459473,32.966340858459475,7.370340858459475,7.370340858459475,2.358,SOURCE-DERIVED invert; DERIVED DEM ground and cover,DEM-derived rim in repository THD convention,JUNCTION,
N_2177058802_a6f7f75,2177058802,1,277822.45250001654,2105885.012500004,72.88900125650609,19.033641193442143,25.604000000000003,5.534340858459473,32.966340858459475,7.362340858459472,7.362340858459472,2.446,SOURCE-DERIVED invert; DERIVED DEM ground and cover,DEM-derived rim in repository THD convention,JUNCTION,
N_2177058803_e73b116,2177058803,1,277840.3523000173,2105894.8097000043,72.88917012583174,19.033731620017655,25.627000000000002,4.210734844207764,31.642734844207762,6.01573484420776,6.01573484420776,2.613,SOURCE-DERIVED invert; DERIVED DEM ground and cover,DEM-derived rim in repository THD convention,JUNCTION,
N_2177058804_158dced,2177058804,1,277849.03260001575,2105899.0397000047,72.88925207659418,19.03377076553406,25.638,4.210734844207764,31.642734844207762,6.004734844207761,6.004734844207761,2.613,SOURCE-DERIVED invert; DERIVED DEM ground and cover,DEM-derived rim in repository THD convention,JUNCTION,
N_2177058901_618378e,2177058901,1,277875.83700001833,2105912.478500004,72.88950509435138,19.033895047539197,25.672,4.837857246398926,32.26985724639893,6.597857246398927,6.597857246398927,2.658,SOURCE-DERIVED invert; DERIVED DEM ground and cover,DEM-derived rim in repository THD convention,JUNCTION,
N_2177059901_e7b6b3c,2177059901,1,277902.5981000172,2105925.9977000053,72.88975769213218,19.03402005066458,25.706,5.0,32.432,6.726000000000003,6.726000000000003,2.746,SOURCE-DERIVED invert; DERIVED DEM ground and cover,DEM-derived rim in repository THD convention,JUNCTION,
N_2177059902_fd82b84,2177059902,1,277929.2884000167,2105939.6966000046,72.89000959744936,19.03414666875494,25.740000000000002,4.775583267211914,32.207583267211916,6.467583267211914,6.467583267211914,2.839,SOURCE-DERIVED invert; DERIVED DEM ground and cover,DEM-derived rim in repository THD convention,JUNCTION,
N_2177059903_a071a2a,2177059903,1,277956.0141000181,2105953.2524000043,72.89026185568456,19.034271997971118,25.8,4.763638973236084,32.195638973236086,6.395638973236085,6.395638973236085,2.839,SOURCE-DERIVED invert; DERIVED DEM ground and cover,DEM-derived rim in repository THD convention,JUNCTION,
N_2177059904_16f036b,2177059904,1,277982.7438000182,2105966.806500006,72.89051415250604,19.03439731195782,25.859,4.751695156097412,32.183695156097414,6.3246951560974125,6.3246951560974125,3.132,SOURCE-DERIVED invert; DERIVED DEM ground and cover,DEM-derived rim in repository THD convention,JUNCTION,
N_2177060001_92ea60d,2177060001,1,277015.5000000184,2106093.1000000047,72.8813141096326,19.035432754535954,23.601000000000003,1.1893045902252197,28.62130459022522,5.020304590225216,5.020304590225216,3.948,SOURCE-DERIVED invert; DERIVED DEM ground and cover,DEM-derived rim in repository THD convention,JUNCTION,
N_2177060002_0f96e68,2177060002,1,277054.1000000177,2106084.7000000044,72.88168164386684,19.035361096460385,24.445,1.833720326423645,29.265720326423644,4.820720326423643,4.820720326423643,2.753,SOURCE-DERIVED invert; DERIVED DEM ground and cover,DEM-derived rim in repository THD convention,JUNCTION,
N_2177060003_e143a4f,2177060003,1,277083.6000000186,2106078.8000000054,72.88196247173575,19.035311024897435,24.479000000000003,1.8456650972366333,29.277665097236632,4.798665097236629,4.798665097236629,2.685,SOURCE-DERIVED invert; DERIVED DEM ground and cover,DEM-derived rim in repository THD convention,JUNCTION,
N_2177060201_f04462e,2177060201,1,277040.0398000189,2106274.5210000053,72.88152636885961,19.037073921519966,23.66,-0.5068764090538025,26.925123590946196,3.265123590946196,4.199,3.899,SOURCE-DERIVED invert; ASSUMED rim depth,DEM nodata or DEM cover below connected pipe crown; max depth set to largest connected conduit height + 0.3 m cover assumption,JUNCTION,
N_2177060401_8830ab5,2177060401,1,277009.0092000167,2106415.5722000063,72.88121551279578,19.038344434843175,23.706,-2.3758904933929443,25.056109506607054,1.3501095066070548,4.14,3.84,SOURCE-DERIVED invert; ASSUMED rim depth,DEM nodata or DEM cover below connected pipe crown; max depth set to largest connected conduit height + 0.3 m cover assumption,JUNCTION,
N_2177060901_a9973cb,2177060901,1,277016.67190001806,2106917.0491000055,72.88123080286218,19.042874325756962,24.66,3.8484745025634766,31.280474502563475,6.620474502563475,6.620474502563475,3.36,SOURCE-DERIVED invert; DERIVED DEM ground and cover,DEM-derived rim in repository THD convention,JUNCTION,
N_2177060902_71e4e41,2177060902,1,277044.377600018,2106928.658800006,72.88149259596003,19.042982198259942,24.683,4.0,31.432,6.748999999999999,6.748999999999999,3.515,SOURCE-DERIVED invert; DERIVED DEM ground and cover,DEM-derived rim in repository THD convention,JUNCTION,
N_2177060903_ce9f6d2,2177060903,1,277069.5000000185,2106940.300000006,72.88172985191551,19.043090073348374,24.704,4.0,31.432,6.727999999999998,6.727999999999998,3.515,SOURCE-DERIVED invert; DERIVED DEM ground and cover,DEM-derived rim in repository THD convention,JUNCTION,
N_2177060904_b568669,2177060904,1,277094.6686000191,2106956.343500005,72.88196704245411,19.043237712285897,24.727,3.1089067459106445,30.540906745910643,5.813906745910643,5.813906745910643,3.494,SOURCE-DERIVED invert; DERIVED DEM ground and cover,DEM-derived rim in repository THD convention,JUNCTION,
N_2177061001_c6c41f4,2177061001,1,277113.0000000179,2106072.8000000054,72.88224236126638,19.03526003885335,24.513,1.7326340675354004,29.1646340675354,4.651634067535397,4.651634067535397,2.685,SOURCE-DERIVED invert; DERIVED DEM ground and cover,DEM-derived rim in repository THD convention,JUNCTION,
N_2177061002_b1d73b9,2177061002,1,277142.4000000183,2106067.1000000047,72.88252221631345,19.035211761801957,24.547,1.1304453611373901,28.56244536113739,4.015445361137388,4.015445361137388,2.651,SOURCE-DERIVED invert; DERIVED DEM ground and cover,DEM-derived rim in repository THD convention,JUNCTION,
N_2177061003_21da1e4,2177061003,1,277171.9000000182,2106061.100000005,72.88280305526146,19.035160785765125,24.581,1.3729596138000488,28.804959613800047,4.223959613800048,4.223959613800048,2.417,SOURCE-DERIVED invert; DERIVED DEM ground and cover,DEM-derived rim in repository THD convention,JUNCTION,
N_2177061901_85bf590,2177061901,1,277135.9870000181,2106976.6581000052,72.8823571209055,19.043425684945557,24.762,3.838315963745117,31.270315963745116,6.508315963745115,6.508315963745115,3.472,SOURCE-DERIVED invert; DERIVED DEM ground and cover,DEM-derived rim in repository THD convention,JUNCTION,
N_2177061902_ebebde1,2177061902,1,277165.68020001834,2106991.2315000053,72.88263745176431,19.043560539015814,24.787000000000003,4.0,31.432,6.644999999999996,6.644999999999996,3.236,SOURCE-DERIVED invert; DERIVED DEM ground and cover,DEM-derived rim in repository THD convention,JUNCTION,
N_2177061903_c3d2702,2177061903,1,277185.71860001807,2106999.429000005,72.88282682036215,19.043636757351447,24.804000000000002,4.0,31.432,6.627999999999997,6.627999999999997,3.211,SOURCE-DERIVED invert; DERIVED DEM ground and cover,DEM-derived rim in repository THD convention,JUNCTION,
N_2177062001_6245582,2177062001,1,277201.3000000177,2106055.600000005,72.88308288716976,19.03511431412104,24.615000000000002,2.809046506881714,30.241046506881712,5.6260465068817105,5.6260465068817105,2.385,SOURCE-DERIVED invert; DERIVED DEM ground and cover,DEM-derived rim in repository THD convention,JUNCTION,
N_2177062002_e858a64,2177062002,1,277230.8000000182,2106050.100000005,72.88336366863335,19.035067852923877,24.649,2.573106527328491,30.00510652732849,5.356106527328489,5.356106527328489,2.514,SOURCE-DERIVED invert; DERIVED DEM ground and cover,DEM-derived rim in repository THD convention,JUNCTION,
N_2177062003_e27e116,2177062003,1,277260.3000000176,2106044.9000000055,72.88364441564717,19.035024100720207,24.684,2.099261522293091,29.53126152229309,4.847261522293088,4.847261522293088,3.08,SOURCE-DERIVED invert; DERIVED DEM ground and cover,DEM-derived rim in repository THD convention,JUNCTION,
N_2177062004_953abe7,2177062004,1,277289.800000018,2106039.200000004,72.88392521978004,19.034975832347108,24.718,2.119286060333252,29.55128606033325,4.833286060333251,4.833286060333251,3.08,SOURCE-DERIVED invert; DERIVED DEM ground and cover,DEM-derived rim in repository THD convention,JUNCTION,
N_2177062005_ed543f0,2177062005,1,277294.70000001753,2106039.000000005,72.88397177634874,19.034974559353106,24.723000000000003,2.119286060333252,29.55128606033325,4.828286060333248,4.828286060333248,3.247,SOURCE-DERIVED invert; DERIVED DEM ground and cover,DEM-derived rim in repository THD convention,JUNCTION,
N_2177063001_01b46e5,2177063001,1,277317.40000001865,2106049.1000000047,72.88418619502342,19.035068247496614,24.751,2.494964122772217,29.926964122772215,5.175964122772214,5.175964122772214,3.247,SOURCE-DERIVED invert; DERIVED DEM ground and cover,DEM-derived rim in repository THD convention,JUNCTION,
N_2177063002_56a2402,2177063002,1,277342.3000000173,2106065.8000000063,72.88442075150219,19.03522178242707,24.786,2.540802240371704,29.972802240371703,5.186802240371701,5.186802240371701,3.39,SOURCE-DERIVED invert; DERIVED DEM ground and cover,DEM-derived rim in repository THD convention,JUNCTION,
N_2177063003_4e7ee69,2177063003,1,277360.0000000181,2106074.0000000047,72.88458790470222,19.035297766309615,24.808,2.0468318462371826,29.47883184623718,4.670831846237181,4.670831846237181,3.39,SOURCE-DERIVED invert; DERIVED DEM ground and cover,DEM-derived rim in repository THD convention,JUNCTION,
N_2177063004_2bc32e2,2177063004,1,277366.4000000182,2106067.000000005,72.88464948437496,19.03523524243555,24.818,2.0468318462371826,29.47883184623718,4.66083184623718,4.66083184623718,3.38,SOURCE-DERIVED invert; DERIVED DEM ground and cover,DEM-derived rim in repository THD convention,JUNCTION,
N_2177063005_b215e2e,2177063005,1,277366.90000001807,2106062.4000000055,72.88465475898556,19.03519375212226,24.824,2.0468318462371826,29.47883184623718,4.65483184623718,4.65483184623718,3.374,SOURCE-DERIVED invert; DERIVED DEM ground and cover,DEM-derived rim in repository THD convention,JUNCTION,
N_2177063006_1389090,2177063006,1,277368.5000000179,2106058.1000000047,72.88467044562343,19.0351550909266,24.829,2.9642462730407715,30.39624627304077,5.5672462730407695,5.5672462730407695,3.369,SOURCE-DERIVED invert; DERIVED DEM ground and cover,DEM-derived rim in repository THD convention,JUNCTION,
N_2177063007_9bc04e3,2177063007,1,277371.00000001746,2106053.200000005,72.88469474790877,19.035111108771723,24.835,2.9642462730407715,30.39624627304077,5.561246273040769,5.561246273040769,3.363,SOURCE-DERIVED invert; DERIVED DEM ground and cover,DEM-derived rim in repository THD convention,JUNCTION,
N_2177063008_2f1c92e,2177063008,1,277374.0000000176,2106078.6000000043,72.88472033213944,19.035340834247783,25.034000000000002,2.0468318462371826,29.47883184623718,4.444831846237179,4.444831846237179,1.5,SOURCE-DERIVED invert; DERIVED DEM ground and cover,DEM-derived rim in repository THD convention,JUNCTION,
N_2177063009_8cd9c80,2177063009,1,277377.80000001786,2106039.8000000063,72.88476085829225,19.034990827021865,24.852,6.2392473220825195,33.67124732208252,8.819247322082521,8.819247322082521,3.312,SOURCE-DERIVED invert; DERIVED DEM ground and cover,DEM-derived rim in repository THD convention,JUNCTION,
N_2177063010_6305701,2177063010,1,277391.40000001783,2106013.1000000047,72.8848930673141,19.034751166565176,24.886000000000003,4.764231204986572,32.196231204986574,7.310231204986572,7.310231204986572,3.312,SOURCE-DERIVED invert; DERIVED DEM ground and cover,DEM-derived rim in repository THD convention,JUNCTION,
N_2177063011_62e65cb,2177063011,1,277392.15940001735,2106084.4703000053,72.88489211490649,19.035395827266793,25.075000000000003,5.7506608963012695,33.18266089630127,8.107660896301269,8.107660896301269,1.5,SOURCE-DERIVED invert; DERIVED DEM ground and cover,DEM-derived rim in repository THD convention,JUNCTION,
N_2177064001_86ad72e,2177064001,1,277415.44040001713,2106096.2787000057,72.88511185690278,19.035505006989414,25.131,5.136080265045166,32.56808026504517,7.437080265045168,7.437080265045168,1.5,SOURCE-DERIVED invert; DERIVED DEM ground and cover,DEM-derived rim in repository THD convention,JUNCTION,
N_2177064101_3765e0d,2177064101,1,277433.58520001755,2106105.8650000053,72.88528307633504,19.035593558999818,25.175,5.136080265045166,32.56808026504517,7.3930802650451675,7.3930802650451675,1.5,SOURCE-DERIVED invert; DERIVED DEM ground and cover,DEM-derived rim in repository THD convention,JUNCTION,
N_2177064102_ca7facb,2177064102,1,277460.7351000176,2106120.669800005,72.88553921807366,19.035730220962808,25.241,6.365034103393555,33.79703410339356,8.556034103393557,8.556034103393557,1.5,SOURCE-DERIVED invert; DERIVED DEM ground and cover,DEM-derived rim in repository THD convention,JUNCTION,
N_2177065101_9adfff3,2177065101,1,277512.3099000178,2106145.949700005,72.88602611931226,19.03596414409488,25.364,6.027855396270752,33.459855396270754,8.095855396270753,8.095855396270753,1.5,SOURCE-DERIVED invert; DERIVED DEM ground and cover,DEM-derived rim in repository THD convention,JUNCTION,
N_2177065102_3edf65a,2177065102,1,277536.6338000171,2106158.323100006,72.88625570246657,19.03607853877215,25.422,3.0251832008361816,30.45718320083618,5.03518320083618,5.03518320083618,1.5,SOURCE-DERIVED invert; DERIVED DEM ground and cover,DEM-derived rim in repository THD convention,JUNCTION,
N_2177065103_51d40cf,2177065103,1,277573.5177000172,2106172.715200005,72.88660433444562,19.036212530410726,25.507,4.473750591278076,31.905750591278075,6.398750591278073,6.398750591278073,1.5,SOURCE-DERIVED invert; DERIVED DEM ground and cover,DEM-derived rim in repository THD convention,JUNCTION,
N_2177066101_e08cc53,2177066101,1,277617.13020001736,2106176.492400005,72.88701808010761,19.0362513845823,25.6,5.015496253967285,32.44749625396729,6.847496253967286,6.847496253967286,1.5,SOURCE-DERIVED invert; DERIVED DEM ground and cover,DEM-derived rim in repository THD convention,JUNCTION,
N_2177066102_51dd0ce,2177066102,1,277683.8107000174,2106194.827100005,72.88764923425542,19.036424220093743,25.748,6.7285990715026855,34.16059907150269,8.412599071502687,8.412599071502687,1.5,SOURCE-DERIVED invert; DERIVED DEM ground and cover,DEM-derived rim in repository THD convention,JUNCTION,
N_2177067201_4ce89ff,2177067201,1,277749.7735000181,2106226.6587000047,72.88827203246886,19.03671887258396,25.904,9.5425386428833,36.9745386428833,11.070538642883303,11.070538642883303,1.5,SOURCE-DERIVED invert; DERIVED DEM ground and cover,DEM-derived rim in repository THD convention,JUNCTION,
N_2177067801_5701e8f,2177067801,1,277796.3000000173,2106882.5000000047,72.8886389768331,19.042647142670067,25.357000000000003,1.4650232791900635,28.897023279190062,3.540023279190059,3.540023279190059,2.154,SOURCE-DERIVED invert; DERIVED DEM ground and cover,DEM-derived rim in repository THD convention,JUNCTION,
N_2177067901_3fd470f,2177067901,1,277738.70000001724,2106996.2000000044,72.88807894931774,19.043667762719025,25.302,1.2357852458953857,28.667785245895384,3.3657852458953847,3.3657852458953847,2.212,SOURCE-DERIVED invert; DERIVED DEM ground and cover,DEM-derived rim in repository THD convention,JUNCTION,
N_2177067902_133db61,2177067902,1,277753.9749000171,2106965.238900006,72.88822755575208,19.04338979828967,25.317,0.41488945484161377,27.846889454841612,2.529889454841612,2.529889454841612,2.196,SOURCE-DERIVED invert; DERIVED DEM ground and cover,DEM-derived rim in repository THD convention,JUNCTION,
N_2177067903_e5621c1,2177067903,1,277767.1093000168,2106938.657400006,72.88835533258603,19.043151155353126,25.331,2.095477342605591,29.52747734260559,4.19647734260559,4.19647734260559,2.181,SOURCE-DERIVED invert; DERIVED DEM ground and cover,DEM-derived rim in repository THD convention,JUNCTION,
N_2177067904_fe4f23c,2177067904,1,277781.3383000179,2106910.1995000057,72.88849371898097,19.04289568455246,25.344,1.3831526041030884,28.815152604103087,3.471152604103086,3.471152604103086,2.167,SOURCE-DERIVED invert; DERIVED DEM ground and cover,DEM-derived rim in repository THD convention,JUNCTION,
N_2177068201_1cb161d,2177068201,1,277823.54140001745,2106265.0040000053,72.88896821288688,19.037073199110647,26.082,3.599708080291748,31.031708080291747,4.949708080291746,4.949708080291746,1.5,SOURCE-DERIVED invert; DERIVED DEM ground and cover,DEM-derived rim in repository THD convention,JUNCTION,
N_2177068701_00a7d32,2177068701,1,277841.2000000179,2106798.6000000047,72.88907498067422,19.041894278936564,25.396,2.1639888286590576,29.595988828659056,4.199988828659055,4.199988828659055,2.115,SOURCE-DERIVED invert; DERIVED DEM ground and cover,DEM-derived rim in repository THD convention,JUNCTION,
N_2177068702_e8a798e,2177068702,1,277868.3000000172,2106795.300000006,72.88933272880134,19.041867418216967,25.404,2.0,29.432,4.027999999999999,4.027999999999999,2.102,SOURCE-DERIVED invert; DERIVED DEM ground and cover,DEM-derived rim in repository THD convention,JUNCTION,
N_2177068703_7320a0f,2177068703,1,277895.99510001787,2106792.7878000047,72.88959603865221,19.04184773674866,25.426000000000002,4.7333879470825195,32.16538794708252,6.73938794708252,6.73938794708252,2.172,SOURCE-DERIVED invert; DERIVED DEM ground and cover,DEM-derived rim in repository THD convention,JUNCTION,
N_2177068801_35050e1,2177068801,1,277810.7000000178,2106854.800000006,72.88877889974914,19.042398535093007,25.37,0.15562935173511505,27.587629351735114,2.2176293517351127,2.441,2.141,SOURCE-DERIVED invert; ASSUMED rim depth,DEM nodata or DEM cover below connected pipe crown; max depth set to largest connected conduit height + 0.3 m cover assumption,JUNCTION,
N_2177068802_71684fe,2177068802,1,277826.50000001746,2106828.4000000055,72.88893196968591,19.042161820351915,25.383000000000003,1.1445531845092773,28.576553184509276,3.1935531845092733,3.1935531845092733,2.128,SOURCE-DERIVED invert; DERIVED DEM ground and cover,DEM-derived rim in repository THD convention,JUNCTION,
N_2177068803_71e3663,2177068803,1,277892.8000000177,2106803.100000005,72.88956451700265,19.04194052425734,25.415000000000003,4.7333879470825195,32.16538794708252,6.750387947082519,6.750387947082519,2.172,SOURCE-DERIVED invert; DERIVED DEM ground and cover,DEM-derived rim in repository THD convention,JUNCTION,
N_2177069301_ad6f30a,2177069301,1,277900.0008000165,2106303.844400005,72.8896899007031,19.037432286947855,26.265,8.159150123596191,35.591150123596194,9.326150123596193,9.326150123596193,1.5,SOURCE-DERIVED invert; DERIVED DEM ground and cover,DEM-derived rim in repository THD convention,JUNCTION,
N_2177069302_4a07e12,2177069302,1,277961.32080001687,2106333.911200005,72.89026881618041,19.037710490595536,26.411,5.81521463394165,33.24721463394165,6.836214633941651,6.836214633941651,1.5,SOURCE-DERIVED invert; DERIVED DEM ground and cover,DEM-derived rim in repository THD convention,JUNCTION,
N_2177069303_5241e8e,2177069303,1,277984.8260000191,2106344.932100006,72.89049078432328,19.037812576552152,26.467000000000002,6.032357692718506,33.46435769271851,6.997357692718506,6.997357692718506,1.5,SOURCE-DERIVED invert; DERIVED DEM ground and cover,DEM-derived rim in repository THD convention,JUNCTION,
N_2177069401_0f1934e,2177069401,1,277994.30000001786,2106427.0000000047,72.89057139334261,19.038554800127926,26.643,1.3684152364730835,28.800415236473082,2.1574152364730814,2.1574152364730814,1.5,SOURCE-DERIVED invert; DERIVED DEM ground and cover,DEM-derived rim in repository THD convention,JUNCTION,
N_2177069601_2c8cb24,2177069601,1,277951.7408000172,2106687.2755000046,72.8901375051243,19.04090085623688,25.544,2.045415163040161,29.47741516304016,3.9334151630401593,3.9334151630401593,2.654,SOURCE-DERIVED invert; DERIVED DEM ground and cover,DEM-derived rim in repository THD convention,JUNCTION,
N_2177069602_dd2c2b9,2177069602,1,277963.8372000179,2106659.005200005,72.8902556119179,19.04064684642725,25.575000000000003,4.981644153594971,32.41364415359497,6.83864415359497,6.83864415359497,2.223,SOURCE-DERIVED invert; DERIVED DEM ground and cover,DEM-derived rim in repository THD convention,JUNCTION,
N_2177069603_05f1fed,2177069603,1,277976.2054000176,2106633.1814000043,72.890376020389,19.040414961535994,25.603,3.9927194118499756,31.424719411849974,5.821719411849973,5.821719411849973,1.975,SOURCE-DERIVED invert; DERIVED DEM ground and cover,DEM-derived rim in repository THD convention,JUNCTION,
N_2177069604_ac7785d,2177069604,1,277989.5251000178,2106605.047100005,72.89050572857793,19.040162312537493,25.634,3.366938352584839,30.798938352584837,5.164938352584837,5.164938352584837,2.042,SOURCE-DERIVED invert; DERIVED DEM ground and cover,DEM-derived rim in repository THD convention,JUNCTION,
N_2177069701_d32b385,2177069701,1,277908.11210001743,2106766.2420000047,72.88971414580533,19.041609304483067,25.455000000000002,4.697559833526611,32.12955983352661,6.674559833526612,6.674559833526612,2.904,SOURCE-DERIVED invert; DERIVED DEM ground and cover,DEM-derived rim in repository THD convention,JUNCTION,
N_2177069702_5f9d985,2177069702,1,277921.70360001724,2106739.3309000055,72.88984629772557,19.041367732986505,25.485000000000003,3.9364705085754395,31.368470508575438,5.883470508575435,5.883470508575435,2.904,SOURCE-DERIVED invert; DERIVED DEM ground and cover,DEM-derived rim in repository THD convention,JUNCTION,
N_2177069703_7e72608,2177069703,1,277936.654200017,2106713.643000005,72.88999121705011,19.04113735620813,25.514000000000003,2.9475457668304443,30.379545766830443,4.86554576683044,4.86554576683044,2.729,SOURCE-DERIVED invert; DERIVED DEM ground and cover,DEM-derived rim in repository THD convention,JUNCTION,
N_2177069801_fada290,2177069801,1,277904.27700001706,2106807.198300005,72.88967304728791,19.041978784186025,25.78,4.7333879470825195,32.16538794708252,6.3853879470825206,6.3853879470825206,2.216,SOURCE-DERIVED invert; DERIVED DEM ground and cover,DEM-derived rim in repository THD convention,JUNCTION,
N_2177069802_1beb8d3,2177069802,1,277918.6629000171,2106814.2060000054,72.88980887159047,19.04204363608359,25.782,4.7333879470825195,32.16538794708252,6.383387947082522,6.383387947082522,2.216,SOURCE-DERIVED invert; DERIVED DEM ground and cover,DEM-derived rim in repository THD convention,JUNCTION,
N_2177069803_4f97634,2177069803,1,277940.98190001654,2106824.8422000045,72.89001962331626,19.042142119888425,26.0,5.0,32.432,6.432000000000002,6.432000000000002,2.31,SOURCE-DERIVED invert; DERIVED DEM ground and cover,DEM-derived rim in repository THD convention,JUNCTION,
N_2177069804_0bc9589,2177069804,1,277945.9868000172,2106826.2955000047,72.89006698951852,19.042155788687054,26.01,5.0,32.432,6.422000000000001,6.422000000000001,2.31,SOURCE-DERIVED invert; DERIVED DEM ground and cover,DEM-derived rim in repository THD convention,JUNCTION,
N_2177069805_f80ceb5,2177069805,1,277963.05540001806,2106828.6631000056,72.89022882173063,19.042179024543785,26.043000000000003,4.917022705078125,32.34902270507813,6.306022705078124,6.306022705078124,2.001,SOURCE-DERIVED invert; DERIVED DEM ground and cover,DEM-derived rim in repository THD convention,JUNCTION,
N_2177069806_462c354,2177069806,1,277975.56640001736,2106825.8481000047,72.89034796148643,19.042154958975562,26.067,4.917022705078125,32.34902270507813,6.282022705078127,6.282022705078127,2.001,SOURCE-DERIVED invert; DERIVED DEM ground and cover,DEM-derived rim in repository THD convention,JUNCTION,
N_2177069901_2748b26,2177069901,1,277984.90000001807,2106905.400000005,72.89042752368562,19.0428744439717,26.794,6.0,33.432,6.638000000000002,6.638000000000002,1.2,SOURCE-DERIVED invert; DERIVED DEM ground and cover,DEM-derived rim in repository THD convention,JUNCTION,
N_2177069902_c5350be,2177069902,1,277988.104400017,2106965.7250000047,72.89045107068091,19.043419616171487,26.836000000000002,5.0,32.432,5.596,5.596,1.2,SOURCE-DERIVED invert; DERIVED DEM ground and cover,DEM-derived rim in repository THD convention,JUNCTION,
N_2177070801_bc99210,2177070801,1,277016.1036000203,2107893.073300006,72.8811134826616,19.051689155473245,25.263,8.048649787902832,35.480649787902834,10.217649787902833,10.217649787902833,3.88,SOURCE-DERIVED invert; DERIVED DEM ground and cover,DEM-derived rim in repository THD convention,JUNCTION,
N_2177070901_e3253c5,2177070901,1,277057.25250001816,2107947.699600006,72.88149803381745,19.052186996647208,25.395,4.853297710418701,32.2852977104187,6.890297710418704,6.890297710418704,3.736,SOURCE-DERIVED invert; DERIVED DEM ground and cover,DEM-derived rim in repository THD convention,JUNCTION,
N_2177070902_2907d4e,2177070902,1,277081.0295000172,2107979.9868000057,72.88172015651938,19.05248118899958,25.588,4.247470378875732,31.67947037887573,6.09147037887573,6.09147037887573,3.719,SOURCE-DERIVED invert; DERIVED DEM ground and cover,DEM-derived rim in repository THD convention,JUNCTION,
N_2177070903_ca91bbb,2177070903,1,277067.5000000184,2107961.7000000044,72.88159375522953,19.05231455774373,25.479000000000003,4.853297710418701,32.2852977104187,6.806297710418701,6.806297710418701,3.719,SOURCE-DERIVED invert; DERIVED DEM ground and cover,DEM-derived rim in repository THD convention,JUNCTION,
N_2177072001_8a2deaf,2177072001,1,277204.8598000172,2107009.845500005,72.88300741411157,19.043732918543654,24.82,3.146322727203369,30.578322727203368,5.7583227272033675,5.7583227272033675,3.378,SOURCE-DERIVED invert; DERIVED DEM ground and cover,DEM-derived rim in repository THD convention,JUNCTION,
N_2177072002_373606c,2177072002,1,277243.057100018,2107031.505600005,72.88336769933541,19.043932701093418,24.854000000000003,3.0,30.432,5.577999999999996,5.577999999999996,3.378,SOURCE-DERIVED invert; DERIVED DEM ground and cover,DEM-derived rim in repository THD convention,JUNCTION,
N_2177072003_e23ead0,2177072003,1,277253.3000000181,2107037.4000000055,72.88346430288834,19.043987051619528,24.863,3.4558656215667725,30.88786562156677,6.0248656215667715,6.0248656215667715,3.344,SOURCE-DERIVED invert; DERIVED DEM ground and cover,DEM-derived rim in repository THD convention,JUNCTION,
N_2177072004_6a8a756,2177072004,1,277282.20000001893,2107049.1000000047,72.88373743158907,19.044095866844312,24.886000000000003,3.4558656215667725,30.88786562156677,6.001865621566768,6.001865621566768,3.035,SOURCE-DERIVED invert; DERIVED DEM ground and cover,DEM-derived rim in repository THD convention,JUNCTION,
N_2177073001_6e49176,2177073001,1,277307.61620001786,2107065.559800006,72.88397692935534,19.04424729024651,24.909000000000002,3.0,30.432,5.522999999999996,5.522999999999996,2.712,SOURCE-DERIVED invert; DERIVED DEM ground and cover,DEM-derived rim in repository THD convention,JUNCTION,
N_2177073002_dfb9525,2177073002,1,277334.02420001745,2107080.071900006,72.88422606989374,19.04438123080707,24.932000000000002,3.0401792526245117,30.47217925262451,5.540179252624508,5.540179252624508,2.689,SOURCE-DERIVED invert; DERIVED DEM ground and cover,DEM-derived rim in repository THD convention,JUNCTION,
N_2177073003_58536dc,2177073003,1,277360.1517000181,2107094.8885000045,72.88447251203011,19.04451789060859,24.955000000000002,2.270517110824585,29.702517110824584,4.747517110824582,4.747517110824582,2.666,SOURCE-DERIVED invert; DERIVED DEM ground and cover,DEM-derived rim in repository THD convention,JUNCTION,
N_2177073101_b4182e4,2177073101,1,277393.3283000184,2107106.802600005,72.88478623369987,19.0446291036113,24.982000000000003,2.3611562252044678,29.793156225204466,4.8111562252044635,4.8111562252044635,2.644,SOURCE-DERIVED invert; DERIVED DEM ground and cover,DEM-derived rim in repository THD convention,JUNCTION,
N_2177074101_c4395d2,2177074101,1,277422.1000000172,2107121.9000000055,72.88505775716666,19.044768586550106,25.007,3.3996036052703857,30.831603605270384,5.824603605270383,5.824603605270383,2.516,SOURCE-DERIVED invert; DERIVED DEM ground and cover,DEM-derived rim in repository THD convention,JUNCTION,
N_2177074102_521ca19,2177074102,1,277448.10000001785,2107136.400000005,72.88530302597299,19.044902372123072,25.029,2.643212080001831,30.07521208000183,5.04621208000183,5.04621208000183,2.491,SOURCE-DERIVED invert; DERIVED DEM ground and cover,DEM-derived rim in repository THD convention,JUNCTION,
N_2177074103_7bca6b3,2177074103,1,277476.2000000187,2107149.0000000047,72.88556845682186,19.045019226138994,25.053,3.7735595703125,31.2055595703125,6.152559570312498,6.152559570312498,2.495,SOURCE-DERIVED invert; DERIVED DEM ground and cover,DEM-derived rim in repository THD convention,JUNCTION,
N_2177075101_ed7dd04,2177075101,1,277504.20000001776,2107160.900000006,72.88583301843319,19.045129746908202,25.076,3.3355307579040527,30.76753075790405,5.691530757904051,5.691530757904051,2.495,SOURCE-DERIVED invert; DERIVED DEM ground and cover,DEM-derived rim in repository THD convention,JUNCTION,
N_2177075102_8741c74,2177075102,1,277530.3000000175,2107174.500000005,72.88607934115285,19.04525541412259,25.098000000000003,4.373955249786377,31.805955249786376,6.707955249786373,6.707955249786373,2.402,SOURCE-DERIVED invert; DERIVED DEM ground and cover,DEM-derived rim in repository THD convention,JUNCTION,
N_2177075103_f3e2e9e,2177075103,1,277557.19740001817,2107188.480100006,72.88633319392036,19.045384600633838,25.121000000000002,3.4965944290161133,30.928594429016112,5.80759442901611,5.80759442901611,2.4,SOURCE-DERIVED invert; DERIVED DEM ground and cover,DEM-derived rim in repository THD convention,JUNCTION,
N_2177075201_9c11b90,2177075201,1,277584.0881000181,2107202.3812000058,72.88658699251106,19.045513072617833,25.144000000000002,3.4965944290161133,30.928594429016112,5.78459442901611,5.78459442901611,2.377,SOURCE-DERIVED invert; DERIVED DEM ground and cover,DEM-derived rim in repository THD convention,JUNCTION,
N_2177076001_604e59a,2177076001,1,277693.6191000178,2107081.8851000047,72.88764101364906,19.044436725492385,25.261000000000003,3.3073558807373047,30.739355880737303,5.4783558807373005,5.4783558807373005,2.35,SOURCE-DERIVED invert; DERIVED DEM ground and cover,DEM-derived rim in repository THD convention,JUNCTION,
N_2177076101_6f6bfce,2177076101,1,277637.4851000175,2107193.3714000056,72.88709514930585,19.045437507607605,25.193,1.6880581378936768,29.120058137893675,3.927058137893674,3.927058137893674,2.33,SOURCE-DERIVED invert; DERIVED DEM ground and cover,DEM-derived rim in repository THD convention,JUNCTION,
N_2177076102_84afe60,2177076102,1,277650.463100019,2107168.353400005,72.88722126542748,19.045212969503478,25.218,0.0,27.432,2.2139999999999986,2.605,2.305,SOURCE-DERIVED invert; ASSUMED rim depth,DEM nodata or DEM cover below connected pipe crown; max depth set to largest connected conduit height + 0.3 m cover assumption,JUNCTION,
N_2177076103_2e69943,2177076103,1,277654.9976000168,2107158.0335000064,72.88726551066995,19.045120258690776,25.225,0.0,27.432,2.206999999999997,2.5799999999999996,2.28,SOURCE-DERIVED invert; ASSUMED rim depth,DEM nodata or DEM cover below connected pipe crown; max depth set to largest connected conduit height + 0.3 m cover assumption,JUNCTION,
N_2177076104_517b4ab,2177076104,1,277665.00480001746,2107135.986400005,72.887363072206,19.044922229031492,25.236,0.6301445364952087,28.062144536495207,2.8261445364952067,2.8261445364952067,2.362,SOURCE-DERIVED invert; DERIVED DEM ground and cover,DEM-derived rim in repository THD convention,JUNCTION,
N_2177076105_030a9a7,2177076105,1,277677.98290001793,2107111.7503000046,72.88748909909047,19.044704752374894,25.248,2.91198468208313,30.34398468208313,5.095984682083127,5.095984682083127,2.362,SOURCE-DERIVED invert; DERIVED DEM ground and cover,DEM-derived rim in repository THD convention,JUNCTION,
N_2177076106_fdc779f,2177076106,1,277685.2699000182,2107170.249200005,72.8875516183874,19.04523387539883,25.365000000000002,0.8119410276412964,28.243941027641295,2.878941027641293,3.3299999999999996,3.03,SOURCE-DERIVED invert; ASSUMED rim depth,DEM nodata or DEM cover below connected pipe crown; max depth set to largest connected conduit height + 0.3 m cover assumption,JUNCTION,
N_2177076201_454b893,2177076201,1,277626.0193000189,2107219.017000006,72.8869833228678,19.04566787816909,25.168000000000003,1.2245296239852905,28.65652962398529,3.4885296239852863,3.4885296239852863,2.354,SOURCE-DERIVED invert; DERIVED DEM ground and cover,DEM-derived rim in repository THD convention,JUNCTION,
N_2177077001_2ac98b0,2177077001,1,277706.59720001736,2107056.710800004,72.88776714698908,19.044210775240625,25.273,3.0458803176879883,30.477880317687987,5.204880317687987,5.204880317687987,2.338,SOURCE-DERIVED invert; DERIVED DEM ground and cover,DEM-derived rim in repository THD convention,JUNCTION,
N_2177077002_3f07c8f,2177077002,1,277721.13880001765,2107030.1293000053,72.88790828966941,19.043972285704726,25.286,1.0,28.432,3.1459999999999972,3.1459999999999972,2.326,SOURCE-DERIVED invert; DERIVED DEM ground and cover,DEM-derived rim in repository THD convention,JUNCTION,
N_2177077101_9205beb,2177077101,1,277710.9626000173,2107182.4117000042,72.8877942388574,19.045346513449278,25.37,1.6977533102035522,29.12975331020355,3.75975331020355,3.75975331020355,3.03,SOURCE-DERIVED invert; DERIVED DEM ground and cover,DEM-derived rim in repository THD convention,JUNCTION,
N_2177077102_0b16b20,2177077102,1,277736.9922000178,2107195.1091000037,72.88803999818518,19.04546401875926,25.384,2.0,29.432,4.047999999999998,4.047999999999998,3.016,SOURCE-DERIVED invert; DERIVED DEM ground and cover,DEM-derived rim in repository THD convention,JUNCTION,
N_2177077201_986bf33,2177077201,1,277731.60000001773,2107271.800000006,72.88798002156989,19.046156064172894,25.466,3.0,30.432,4.9659999999999975,4.9659999999999975,1.5,SOURCE-DERIVED invert; DERIVED DEM ground and cover,DEM-derived rim in repository THD convention,JUNCTION,
N_2177077202_77c7061,2177077202,1,277765.4026000177,2107211.4570000055,72.88830795189358,19.045614751881203,25.400000000000002,2.879852056503296,30.311852056503295,4.911852056503292,4.911852056503292,3.0,SOURCE-DERIVED invert; DERIVED DEM ground and cover,DEM-derived rim in repository THD convention,JUNCTION,
N_2177077203_0c394fe,2177077203,1,277775.50000001746,2107230.900000006,72.88840162817797,19.045791448039857,25.448,8.479891777038574,35.911891777038576,10.463891777038576,10.463891777038576,2.598,SOURCE-DERIVED invert; DERIVED DEM ground and cover,DEM-derived rim in repository THD convention,JUNCTION,
N_2177077204_9a0ac7c,2177077204,1,277795.93640001776,2107252.937900004,72.88859320096735,19.04599270337095,25.514000000000003,3.1900041103363037,30.622004110336302,5.108004110336299,5.108004110336299,2.228,SOURCE-DERIVED invert; DERIVED DEM ground and cover,DEM-derived rim in repository THD convention,JUNCTION,
N_2177077301_a048076,2177077301,1,277710.5000000184,2107370.2000000044,72.88776837975219,19.047042467024454,25.565,2.379786729812622,29.81178672981262,4.246786729812619,4.246786729812619,1.5,SOURCE-DERIVED invert; DERIVED DEM ground and cover,DEM-derived rim in repository THD convention,JUNCTION,
N_2177077302_5f5b20f,2177077302,1,277710.6000000171,2107321.3000000054,72.88777491935686,19.046600839184652,25.518,2.6423678398132324,30.07436783981323,4.55636783981323,4.55636783981323,1.5,SOURCE-DERIVED invert; DERIVED DEM ground and cover,DEM-derived rim in repository THD convention,JUNCTION,
N_2177077401_d5406a8,2177077401,1,277743.6000000177,2107423.8000000063,72.88807661663314,19.04753015159854,25.625,4.197805881500244,31.629805881500243,6.004805881500243,6.004805881500243,1.5,SOURCE-DERIVED invert; DERIVED DEM ground and cover,DEM-derived rim in repository THD convention,JUNCTION,
N_2177078201_ad2a7bd,2177078201,1,277816.2136000174,2107275.007800005,72.88878325858227,19.046194230253782,25.579,3.797731399536133,31.22973139953613,5.650731399536131,5.650731399536131,2.117,SOURCE-DERIVED invert; DERIVED DEM ground and cover,DEM-derived rim in repository THD convention,JUNCTION,
N_2177078202_6615d01,2177078202,1,277836.50050001754,2107297.122100004,72.88897340370332,19.046396159032163,25.645,2.81978440284729,30.25178440284729,4.606784402847289,4.606784402847289,2.353,SOURCE-DERIVED invert; DERIVED DEM ground and cover,DEM-derived rim in repository THD convention,JUNCTION,
N_2177078301_6caa918,2177078301,1,277856.8000000177,2107319.100000005,72.8891636845282,19.046596857130382,25.71,1.9285258054733276,29.360525805473326,3.6505258054733254,3.6505258054733254,2.353,SOURCE-DERIVED invert; DERIVED DEM ground and cover,DEM-derived rim in repository THD convention,JUNCTION,
N_2177078302_59c34c1,2177078302,1,277877.10000001756,2107341.3000000063,72.88935394518526,19.046799561017426,25.776,2.6910533905029297,30.12305339050293,4.3470533905029285,4.3470533905029285,2.288,SOURCE-DERIVED invert; DERIVED DEM ground and cover,DEM-derived rim in repository THD convention,JUNCTION,
N_2177078303_e92af4a,2177078303,1,277897.4001000185,2107363.423400005,72.88954421599836,19.047001572948343,25.841,2.0169472694396973,29.448947269439696,3.607947269439695,3.607947269439695,1.882,SOURCE-DERIVED invert; DERIVED DEM ground and cover,DEM-derived rim in repository THD convention,JUNCTION,
N_2177079001_c132bd7,2177079001,1,277982.3000000176,2107014.900000006,72.89039033187426,19.043863109375994,26.900000000000002,5.874225616455078,33.30622561645508,6.406225616455078,6.406225616455078,1.2,SOURCE-DERIVED invert; DERIVED DEM ground and cover,DEM-derived rim in repository THD convention,JUNCTION,
N_2177079301_cc0bc64,2177079301,1,277917.32720001834,2107385.8518000054,72.8897309099033,19.04720629881396,25.907,2.3264472484588623,29.75844724845886,3.851447248458861,3.851447248458861,1.853,SOURCE-DERIVED invert; DERIVED DEM ground and cover,DEM-derived rim in repository THD convention,JUNCTION,
N_2177079401_86bf3d9,2177079401,1,277932.33940001775,2107400.9078000053,72.88987176736867,19.047343907109436,25.953000000000003,6.84964656829834,34.28164656829834,8.328646568298339,8.328646568298339,1.95,SOURCE-DERIVED invert; DERIVED DEM ground and cover,DEM-derived rim in repository THD convention,JUNCTION,
N_2177079402_24cc14b,2177079402,1,277939.7532000175,2107405.3734000055,72.88994166929876,19.047385043201093,25.972,6.84964656829834,34.28164656829834,8.30964656829834,8.30964656829834,1.95,SOURCE-DERIVED invert; DERIVED DEM ground and cover,DEM-derived rim in repository THD convention,JUNCTION,
N_2177079403_ef6d604,2177079403,1,277966.2482000183,2107419.3179000053,72.89019171099442,19.047513859754105,26.038,3.059382915496826,30.491382915496825,4.4533829154968245,4.4533829154968245,1.944,SOURCE-DERIVED invert; DERIVED DEM ground and cover,DEM-derived rim in repository THD convention,JUNCTION,
N_2177079404_1a7a6ff,2177079404,1,277992.9668000167,2107432.9872000045,72.89044390814757,19.04764021481659,26.103,4.116910457611084,31.548910457611083,5.445910457611081,5.445910457611081,1.891,SOURCE-DERIVED invert; DERIVED DEM ground and cover,DEM-derived rim in repository THD convention,JUNCTION,
N_2177080201_f51465d,2177080201,1,277097.74560001877,2108274.224300006,72.88184517788008,19.055140395700253,26.906000000000002,8.21503734588623,35.64703734588623,8.74103734588623,8.74103734588623,1.402,SOURCE-DERIVED invert; DERIVED DEM ground and cover,DEM-derived rim in repository THD convention,JUNCTION,
N_2177080301_b6e9bb1,2177080301,1,277053.93420001713,2108385.6483000047,72.88141628411199,19.056141934391125,26.810000000000002,13.983104705810547,41.41510470581055,14.605104705810547,14.605104705810547,1.307,SOURCE-DERIVED invert; DERIVED DEM ground and cover,DEM-derived rim in repository THD convention,JUNCTION,
N_2177080302_fca8c8c,2177080302,1,277065.0609000167,2108357.798800006,72.8815251585422,19.055891627535253,26.852,12.005269050598145,39.43726905059815,12.585269050598146,12.585269050598146,1.476,SOURCE-DERIVED invert; DERIVED DEM ground and cover,DEM-derived rim in repository THD convention,JUNCTION,
N_2177080303_228133f,2177080303,1,277076.15800001775,2108329.9407000057,72.88163375246272,19.055641239678444,26.873,10.091700553894043,37.523700553894045,10.650700553894044,10.650700553894044,1.476,SOURCE-DERIVED invert; DERIVED DEM ground and cover,DEM-derived rim in repository THD convention,JUNCTION,
N_2177080304_f17e8e9,2177080304,1,277086.94440001907,2108301.8462000056,72.88173942216548,19.05538868280591,26.895,9.340731620788574,36.772731620788576,9.877731620788577,9.877731620788577,1.384,SOURCE-DERIVED invert; DERIVED DEM ground and cover,DEM-derived rim in repository THD convention,JUNCTION,
N_2177080401_138596b,2177080401,1,277008.8946000188,2108497.081000006,72.88097571831818,19.057143416048103,26.174,6.2300896644592285,33.66208966445923,7.488089664459231,7.488089664459231,2.045,SOURCE-DERIVED invert; DERIVED DEM ground and cover,DEM-derived rim in repository THD convention,JUNCTION,
N_2177080402_969d5bf,2177080402,1,277020.25810001825,2108468.741400005,72.8810868995334,19.056888709143053,26.185000000000002,9.266350746154785,36.69835074615479,10.513350746154785,10.513350746154785,1.974,SOURCE-DERIVED invert; DERIVED DEM ground and cover,DEM-derived rim in repository THD convention,JUNCTION,
N_2177080403_c12370f,2177080403,1,277031.6511000186,2108440.6644000057,72.88119833043342,19.05663637700037,26.585,8.45530891418457,35.88730891418457,9.302308914184572,9.302308914184572,1.584,SOURCE-DERIVED invert; DERIVED DEM ground and cover,DEM-derived rim in repository THD convention,JUNCTION,
N_2177080404_6b7dc29,2177080404,1,277042.54110001825,2108413.497700005,72.88130487909996,19.056392211180107,26.791,14.0,41.432,14.641000000000002,14.641000000000002,1.428,SOURCE-DERIVED invert; DERIVED DEM ground and cover,DEM-derived rim in repository THD convention,JUNCTION,
N_2177080501_1878b33,2177080501,1,277001.9404000179,2108526.330700006,72.88090631149804,19.057406823467826,25.97,2.355581521987915,29.787581521987914,3.817581521987915,3.817581521987915,2.045,SOURCE-DERIVED invert; DERIVED DEM ground and cover,DEM-derived rim in repository THD convention,JUNCTION,
N_2177080601_1876fb5,2177080601,1,277025.479000019,2108672.093400005,72.88111315388761,19.05872583543099,25.650000000000002,4.879849433898926,32.31184943389893,6.661849433898926,6.661849433898926,2.35,SOURCE-DERIVED invert; DERIVED DEM ground and cover,DEM-derived rim in repository THD convention,JUNCTION,
N_2177080602_01295a7,2177080602,1,277051.2345000192,2108687.1834000046,72.8813560483468,19.058864929603565,25.67,5.477091312408447,32.90909131240845,7.239091312408448,7.239091312408448,2.118,SOURCE-DERIVED invert; DERIVED DEM ground and cover,DEM-derived rim in repository THD convention,JUNCTION,
N_2177080701_b026bd4,2177080701,1,277076.79410001746,2108702.4744000053,72.88159705951102,19.059005817437825,25.689,5.953407287597656,33.38540728759766,7.696407287597658,7.696407287597658,2.118,SOURCE-DERIVED invert; DERIVED DEM ground and cover,DEM-derived rim in repository THD convention,JUNCTION,
N_2177081001_9057848,2177081001,1,277112.8432000176,2108023.9840000044,72.88201726720382,19.052882015443952,25.75,4.851548194885254,32.283548194885256,6.533548194885256,6.533548194885256,3.211,SOURCE-DERIVED invert; DERIVED DEM ground and cover,DEM-derived rim in repository THD convention,JUNCTION,
N_2177081002_49fb9b9,2177081002,1,277130.4027000192,2108013.966700006,72.8821851901735,19.052793459426812,25.811,4.851548194885254,32.283548194885256,6.472548194885256,6.472548194885256,2.988,SOURCE-DERIVED invert; DERIVED DEM ground and cover,DEM-derived rim in repository THD convention,JUNCTION,
N_2177081004_3a9e39a,2177081004,1,277137.7000000188,2108016.6000000047,72.88225419563058,19.052818037460487,25.834,5.251219749450684,32.683219749450686,6.849219749450686,6.849219749450686,2.971,SOURCE-DERIVED invert; DERIVED DEM ground and cover,DEM-derived rim in repository THD convention,JUNCTION,
N_2177081102_5cf7c24,2177081102,1,277137.7693000165,2108193.433000006,72.88223457898833,19.05441509943211,26.939,11.407121658325195,38.8391216583252,11.900121658325197,11.900121658325197,1.58,SOURCE-DERIVED invert; DERIVED DEM ground and cover,DEM-derived rim in repository THD convention,JUNCTION,
N_2177081103_fb1b7a9,2177081103,1,277151.233800016,2108163.6055000047,72.88236588146052,19.054147182532887,27.002000000000002,8.295110702514648,35.72711070251465,8.725110702514648,8.725110702514648,1.038,SOURCE-DERIVED invert; DERIVED DEM ground and cover,DEM-derived rim in repository THD convention,JUNCTION,
N_2177081104_7add54d,2177081104,1,277172.4052000185,2108162.045900005,72.88256714093683,19.054135405174744,27.021,4.584791660308838,32.01679166030884,4.995791660308839,4.995791660308839,1.22,SOURCE-DERIVED invert; DERIVED DEM ground and cover,DEM-derived rim in repository THD convention,JUNCTION,
N_2177081105_af81b71,2177081105,1,277199.1000000178,2108151.7000000044,72.88282186743635,19.054044876791718,25.553,3.960940361022949,31.392940361022948,5.839940361022947,5.839940361022947,3.613,SOURCE-DERIVED invert; DERIVED DEM ground and cover,DEM-derived rim in repository THD convention,JUNCTION,
N_2177081201_3a10dd6,2177081201,1,277110.1596000177,2108246.471200006,72.88196626632812,19.054891099446888,26.917,7.354398250579834,34.786398250579836,7.8693982505798346,7.8693982505798346,1.622,SOURCE-DERIVED invert; DERIVED DEM ground and cover,DEM-derived rim in repository THD convention,JUNCTION,
N_2177081202_94efd71,2177081202,1,277116.00000001874,2108235.0000000056,72.88202305268427,19.05478813503767,26.917,7.354398250579834,34.786398250579836,7.8693982505798346,7.8693982505798346,1.622,SOURCE-DERIVED invert; DERIVED DEM ground and cover,DEM-derived rim in repository THD convention,JUNCTION,
N_2177081203_3bd1b62,2177081203,1,277130.600000018,2108206.6000000047,72.88216497687134,19.054533234531153,26.928,12.508231163024902,39.940231163024905,13.012231163024904,13.012231163024904,1.58,SOURCE-DERIVED invert; DERIVED DEM ground and cover,DEM-derived rim in repository THD convention,JUNCTION,
N_2177081701_03b374c,2177081701,1,277102.9856000189,2108717.466300005,72.88184410722047,19.059144072622672,25.709,6.064337253570557,33.49633725357056,7.787337253570559,7.787337253570559,1.938,SOURCE-DERIVED invert; DERIVED DEM ground and cover,DEM-derived rim in repository THD convention,JUNCTION,
N_2177081702_4166f45,2177081702,1,277128.1171000183,2108733.4007000043,72.88208097933429,19.059290724018854,25.729000000000003,6.064337253570557,33.49633725357056,7.767337253570556,7.767337253570556,2.44,SOURCE-DERIVED invert; DERIVED DEM ground and cover,DEM-derived rim in repository THD convention,JUNCTION,
N_2177081703_59085ff,2177081703,1,277148.3137000182,2108749.244400006,72.88227099035537,19.059436017819923,25.745,5.180134296417236,32.61213429641724,6.8671342964172375,6.8671342964172375,2.467,SOURCE-DERIVED invert; DERIVED DEM ground and cover,DEM-derived rim in repository THD convention,JUNCTION,
N_2177081704_21cc03f,2177081704,1,277150.6965000178,2108750.8125000056,72.88229344246456,19.059450439852213,25.749000000000002,5.180134296417236,32.61213429641724,6.863134296417236,6.863134296417236,2.467,SOURCE-DERIVED invert; DERIVED DEM ground and cover,DEM-derived rim in repository THD convention,JUNCTION,
N_2177081705_fcbc628,2177081705,1,277152.10300001904,2108751.8963000043,72.88230667717343,19.059460381494016,25.752000000000002,5.180134296417236,32.61213429641724,6.860134296417236,6.860134296417236,2.068,SOURCE-DERIVED invert; DERIVED DEM ground and cover,DEM-derived rim in repository THD convention,JUNCTION,
N_2177081706_d337653,2177081706,1,277176.3776000194,2108769.387000005,72.8825352328145,19.059620994538122,25.772000000000002,4.209352016448975,31.641352016448973,5.869352016448971,5.869352016448971,2.496,SOURCE-DERIVED invert; DERIVED DEM ground and cover,DEM-derived rim in repository THD convention,JUNCTION,
N_2177082101_c7a6565,2177082101,1,277247.15560001857,2108170.1104000057,72.88327617756617,19.054216386529603,25.586000000000002,4.859126567840576,32.29112656784058,6.705126567840576,6.705126567840576,3.785,SOURCE-DERIVED invert; DERIVED DEM ground and cover,DEM-derived rim in repository THD convention,JUNCTION,
N_2177082103_9b733fd,2177082103,1,277285.49860001926,2108187.406400006,72.88363836836534,19.054376772354356,25.614,5.722532272338867,33.15453227233887,7.540532272338869,7.540532272338869,3.785,SOURCE-DERIVED invert; DERIVED DEM ground and cover,DEM-derived rim in repository THD convention,JUNCTION,
N_2177082701_64b66c6,2177082701,1,277200.6246000177,2108786.922300005,72.88276352164893,19.059782007130963,25.791,4.768130302429199,32.2001303024292,6.409130302429201,6.409130302429201,2.496,SOURCE-DERIVED invert; DERIVED DEM ground and cover,DEM-derived rim in repository THD convention,JUNCTION,
N_2177082801_096d134,2177082801,1,277225.20260001795,2108804.249100005,72.88299497870963,19.05994117251521,25.811,7.0,34.432,8.621000000000002,8.621000000000002,2.496,SOURCE-DERIVED invert; DERIVED DEM ground and cover,DEM-derived rim in repository THD convention,JUNCTION,
N_2177082802_334ad4a,2177082802,1,277250.12550001853,2108820.8187000058,72.88322979892844,19.060093536650438,25.831,7.0,34.432,8.601000000000003,8.601000000000003,2.477,SOURCE-DERIVED invert; DERIVED DEM ground and cover,DEM-derived rim in repository THD convention,JUNCTION,
N_2177082803_15f6564,2177082803,1,277261.5306000182,2108828.339400006,72.88333726348377,19.060162702558546,25.84,11.713545799255371,39.14554579925537,13.305545799255373,13.305545799255373,2.477,SOURCE-DERIVED invert; DERIVED DEM ground and cover,DEM-derived rim in repository THD convention,JUNCTION,
N_2177082804_c9609fd,2177082804,1,277262.6653000185,2108830.163700004,72.88334783184212,19.06017930228057,25.843,11.713545799255371,39.14554579925537,13.302545799255373,13.302545799255373,2.364,SOURCE-DERIVED invert; DERIVED DEM ground and cover,DEM-derived rim in repository THD convention,JUNCTION,
N_2177082805_fe77774,2177082805,1,277274.0165000188,2108838.6791000045,72.88345467053229,19.060257445815726,25.852,11.713545799255371,39.14554579925537,13.293545799255373,13.293545799255373,2.355,SOURCE-DERIVED invert; DERIVED DEM ground and cover,DEM-derived rim in repository THD convention,JUNCTION,
N_2177082806_e66ae24,2177082806,1,277297.83330001845,2108856.9742000042,72.8836787880044,19.0604252726219,25.872,7.782943248748779,35.21494324874878,9.342943248748782,9.342943248748782,2.335,SOURCE-DERIVED invert; DERIVED DEM ground and cover,DEM-derived rim in repository THD convention,JUNCTION,
N_2177083201_8dbe169,2177083201,1,277311.95920001843,2108200.907400006,72.88388813827734,19.054501588717486,25.633000000000003,6.528868198394775,33.96086819839478,8.327868198394775,8.327868198394775,3.566,SOURCE-DERIVED invert; DERIVED DEM ground and cover,DEM-derived rim in repository THD convention,JUNCTION,
N_2177083202_5818340,2177083202,1,277337.319500019,2108211.6880000043,72.88412776982163,19.054601715793275,25.652,7.337337493896484,34.76933749389649,9.117337493896486,9.117337493896486,3.547,SOURCE-DERIVED invert; DERIVED DEM ground and cover,DEM-derived rim in repository THD convention,JUNCTION,
N_2177083203_27a0b33,2177083203,1,277365.9255000179,2108226.801000006,72.88439773241258,19.05474132391947,25.673000000000002,3.8334569931030273,31.265456993103026,5.592456993103024,5.592456993103024,3.697,SOURCE-DERIVED invert; DERIVED DEM ground and cover,DEM-derived rim in repository THD convention,JUNCTION,
N_2177083801_8b81126,2177083801,1,277320.34840001777,2108876.5655000056,72.8838903936685,19.060604663877573,25.892000000000003,5.078113079071045,32.51011307907105,6.618113079071044,6.618113079071044,2.496,SOURCE-DERIVED invert; DERIVED DEM ground and cover,DEM-derived rim in repository THD convention,JUNCTION,
N_2177083802_b175fca,2177083802,1,277345.46690001886,2108893.020700006,72.88412708664407,19.060756015149533,25.911,8.137027740478516,35.56902774047852,9.658027740478516,9.658027740478516,2.496,SOURCE-DERIVED invert; DERIVED DEM ground and cover,DEM-derived rim in repository THD convention,JUNCTION,
N_2177083901_df49852,2177083901,1,277359.00250001904,2108904.9319000053,72.88425428469503,19.060865065255538,25.923000000000002,8.137027740478516,35.56902774047852,9.646027740478516,9.646027740478516,2.484,SOURCE-DERIVED invert; DERIVED DEM ground and cover,DEM-derived rim in repository THD convention,JUNCTION,
N_2177083902_e1c164f,2177083902,1,277381.0873000178,2108919.5547000053,72.8844623738075,19.060999536397723,25.941000000000003,6.076351165771484,33.50835116577149,7.567351165771484,7.567351165771484,2.403,SOURCE-DERIVED invert; DERIVED DEM ground and cover,DEM-derived rim in repository THD convention,JUNCTION,
N_2177083903_9107fc5,2177083903,1,277393.4204000182,2108928.754400005,72.88457846141061,19.061083966567104,25.951,6.076351165771484,33.50835116577149,7.557351165771486,7.557351165771486,2.448,SOURCE-DERIVED invert; DERIVED DEM ground and cover,DEM-derived rim in repository THD convention,JUNCTION,
N_2177084201_ee258db,2177084201,1,277400.4727000174,2108258.135400004,72.88472226601868,19.055028081342545,25.703000000000003,3.502262592315674,30.934262592315672,5.2312625923156695,5.2312625923156695,3.697,SOURCE-DERIVED invert; DERIVED DEM ground and cover,DEM-derived rim in repository THD convention,JUNCTION,
N_2177084301_576c3b2,2177084301,1,277488.5000000183,2108325.7000000044,72.88555059797204,19.055647872176444,25.776,6.540355205535889,33.97235520553589,8.196355205535891,8.196355205535891,2.882,SOURCE-DERIVED invert; DERIVED DEM ground and cover,DEM-derived rim in repository THD convention,JUNCTION,
N_2177084901_074b6fd,2177084901,1,277417.34760001855,2108946.8409000053,72.88480365367988,19.061249920278453,25.97,7.22431755065918,34.65631755065918,8.686317550659183,8.686317550659183,2.541,SOURCE-DERIVED invert; DERIVED DEM ground and cover,DEM-derived rim in repository THD convention,JUNCTION,
N_2177084902_d94269e,2177084902,1,277440.8445000183,2108965.3521000054,72.88502471069086,19.061419662535254,25.990000000000002,10.87298583984375,38.30498583984375,12.31498583984375,12.31498583984375,2.541,SOURCE-DERIVED invert; DERIVED DEM ground and cover,DEM-derived rim in repository THD convention,JUNCTION,
N_2177084903_9e27641,2177084903,1,277464.4406000182,2108984.079300004,72.88524668564112,19.0615913661623,26.01,13.776236534118652,41.208236534118655,15.198236534118653,15.198236534118653,2.541,SOURCE-DERIVED invert; DERIVED DEM ground and cover,DEM-derived rim in repository THD convention,JUNCTION,
N_2177084904_5f783a0,2177084904,1,277477.10240001895,2108993.4265000047,72.88536587923774,19.061677163846507,26.017000000000003,12.039976119995117,39.47197611999512,13.454976119995116,13.454976119995116,2.071,SOURCE-DERIVED invert; DERIVED DEM ground and cover,DEM-derived rim in repository THD convention,JUNCTION,
N_2177086401_2cab1c9,2177086401,1,277629.1000000173,2108435.600000005,72.88687342219397,19.056655730677868,25.893,7.0,34.432,8.539000000000001,8.539000000000001,3.578,SOURCE-DERIVED invert; DERIVED DEM ground and cover,DEM-derived rim in repository THD convention,JUNCTION,
N_2177087501_256cef5,2177087501,1,277785.100000017,2108554.300000006,72.88834152547759,19.05774473253822,26.021,12.155855178833008,39.58785517883301,13.56685517883301,13.56685517883301,3.578,SOURCE-DERIVED invert; DERIVED DEM ground and cover,DEM-derived rim in repository THD convention,JUNCTION,
N_2177090701_c78889e,2177090701,1,277096.258400019,2109790.702800005,72.88165705714168,19.06883618226562,27.060000000000002,10.0,37.432,10.372,10.372,2.239,SOURCE-DERIVED invert; DERIVED DEM ground and cover,DEM-derived rim in repository THD convention,JUNCTION,
N_2177090801_a03e9cd,2177090801,1,277011.5639000173,2109883.8430000055,72.88084188421068,19.069668123718372,27.561,12.182554244995117,39.61455424499512,12.05355424499512,12.05355424499512,2.238,SOURCE-DERIVED invert; DERIVED DEM ground and cover,DEM-derived rim in repository THD convention,JUNCTION,
N_2177090802_e63eda5,2177090802,1,277032.10470001854,2109860.3342000064,72.88103969294383,19.069458048908018,27.436,10.0,37.432,9.996000000000002,9.996000000000002,2.238,SOURCE-DERIVED invert; DERIVED DEM ground and cover,DEM-derived rim in repository THD convention,JUNCTION,
N_2177090803_0c0163c,2177090803,1,277053.34380002005,2109836.584500005,72.88124416170473,19.069245874395904,27.311,10.654498100280762,38.086498100280764,10.775498100280764,10.775498100280764,2.083,SOURCE-DERIVED invert; DERIVED DEM ground and cover,DEM-derived rim in repository THD convention,JUNCTION,
N_2177090804_3926b73,2177090804,1,277074.7866000192,2109813.0757000055,72.88145053714828,19.069035897502353,27.185000000000002,9.034771919250488,36.46677191925049,9.281771919250488,9.281771919250488,2.144,SOURCE-DERIVED invert; DERIVED DEM ground and cover,DEM-derived rim in repository THD convention,JUNCTION,
N_2177091701_f8d8535,2177091701,1,277118.3704000179,2109767.4177000057,72.88186976232055,19.068628298156657,26.934,8.883040428161621,36.31504042816162,9.381040428161622,9.381040428161622,2.239,SOURCE-DERIVED invert; DERIVED DEM ground and cover,DEM-derived rim in repository THD convention,JUNCTION,
N_2177091702_216f270,2177091702,1,277140.5114000188,2109742.9968000054,72.88208287276954,19.06841015903296,26.817,8.58614730834961,36.01814730834961,9.201147308349611,9.201147308349611,2.522,SOURCE-DERIVED invert; DERIVED DEM ground and cover,DEM-derived rim in repository THD convention,JUNCTION,
N_2177091703_d24dcd8,2177091703,1,277163.79360001895,2109716.178300006,72.88230709751636,19.068170490395588,26.756,4.909849643707275,32.34184964370728,5.585849643707277,5.585849643707277,2.522,SOURCE-DERIVED invert; DERIVED DEM ground and cover,DEM-derived rim in repository THD convention,JUNCTION,
N_2177091704_fe7e7bb,2177091704,1,277168.38410001877,2109705.5565000065,72.88235191938512,19.06807506135535,26.745,2.7772984504699707,30.20929845046997,3.4642984504699683,3.4642984504699683,2.253,SOURCE-DERIVED invert; DERIVED DEM ground and cover,DEM-derived rim in repository THD convention,JUNCTION,
N_2177091705_d1617c1,2177091705,1,277171.70000001823,2109718.8000000073,72.88238189602033,19.06819503065076,26.762,4.909849643707275,32.34184964370728,5.579849643707277,5.579849643707277,2.253,SOURCE-DERIVED invert; DERIVED DEM ground and cover,DEM-derived rim in repository THD convention,JUNCTION,
N_2177091706_6f3aa83,2177091706,1,277177.28670001903,2109713.4961000048,72.88243557013666,19.06814773842951,27.0,4.909849643707275,32.34184964370728,5.3418496437072776,5.3418496437072776,2.247,SOURCE-DERIVED invert; DERIVED DEM ground and cover,DEM-derived rim in repository THD convention,JUNCTION,
N_2177091707_90d4e49,2177091707,1,277180.7182000186,2109709.561600005,72.88246861583706,19.068112578689743,26.999000000000002,4.909849643707275,32.34184964370728,5.342849643707275,5.342849643707275,1.63,SOURCE-DERIVED invert; DERIVED DEM ground and cover,DEM-derived rim in repository THD convention,JUNCTION,
N_2177091708_ddc81f7,2177091708,1,277184.10000001744,2109733.500000005,72.88249799142102,19.068329145240224,27.004,4.909849643707275,32.34184964370728,5.337849643707276,5.337849643707276,1.628,SOURCE-DERIVED invert; DERIVED DEM ground and cover,DEM-derived rim in repository THD convention,JUNCTION,
N_2177092401_7537805,2177092401,1,277281.89680001815,2109472.5079000047,72.88345685045441,19.065982682352978,26.499000000000002,18.647348403930664,46.079348403930666,19.580348403930664,19.580348403930664,1.648,SOURCE-DERIVED invert; DERIVED DEM ground and cover,DEM-derived rim in repository THD convention,JUNCTION,
N_2177092402_243058d,2177092402,1,277293.8838000189,2109443.5178000047,72.88357403222973,19.065722167417245,26.47,8.999547004699707,36.43154700469971,9.96154700469971,9.96154700469971,2.218,SOURCE-DERIVED invert; DERIVED DEM ground and cover,DEM-derived rim in repository THD convention,JUNCTION,
N_2177092403_56b2017,2177092403,1,277295.1785000188,2109480.7515000035,72.88358206052948,19.066058581877876,26.91,13.054614067077637,40.48661406707764,13.576614067077639,13.576614067077639,1.599,SOURCE-DERIVED invert; DERIVED DEM ground and cover,DEM-derived rim in repository THD convention,JUNCTION,
N_2177092501_2349ecf,2177092501,1,277225.65690001834,2109572.368700005,72.88291120554345,19.0668784343601,26.61,2.408985137939453,29.84098513793945,3.2309851379394523,3.2309851379394523,1.89,SOURCE-DERIVED invert; DERIVED DEM ground and cover,DEM-derived rim in repository THD convention,JUNCTION,
N_2177092502_2f895c9,2177092502,1,277237.6120000181,2109587.5804000045,72.88302301603281,19.067017121442795,26.990000000000002,3.240060806274414,30.672060806274413,3.6820608062744107,3.6820608062744107,1.568,SOURCE-DERIVED invert; DERIVED DEM ground and cover,DEM-derived rim in repository THD convention,JUNCTION,
N_2177092503_6be653c,2177092503,1,277238.7146000175,2109581.847500005,72.88303414662357,19.066965465469647,26.990000000000002,2.408985137939453,29.84098513793945,2.8509851379394497,2.8509851379394497,1.269,SOURCE-DERIVED invert; DERIVED DEM ground and cover,DEM-derived rim in repository THD convention,JUNCTION,
N_2177092504_8230f1d,2177092504,1,277246.532300018,2109560.8466000054,72.88311081160832,19.066776650105076,26.588,2.408985137939453,29.84098513793945,3.2529851379394508,3.2529851379394508,1.84,SOURCE-DERIVED invert; DERIVED DEM ground and cover,DEM-derived rim in repository THD convention,JUNCTION,
N_2177092505_1a93b0e,2177092505,1,277249.7318000192,2109573.313100006,72.88313977216274,19.06688958921599,26.98,2.408985137939453,29.84098513793945,2.8609851379394513,2.8609851379394513,1.149,SOURCE-DERIVED invert; DERIVED DEM ground and cover,DEM-derived rim in repository THD convention,JUNCTION,
N_2177092506_19523b1,2177092506,1,277257.8210000195,2109531.1681000046,72.88322144076797,19.066509842139222,26.558,3.345838785171509,30.777838785171507,4.219838785171508,4.219838785171508,1.84,SOURCE-DERIVED invert; DERIVED DEM ground and cover,DEM-derived rim in repository THD convention,JUNCTION,
N_2177092507_3af6afc,2177092507,1,277262.4907000181,2109558.2479000054,72.88326269009337,19.066754920417225,26.97,2.3569209575653076,29.788920957565306,2.8189209575653074,2.8189209575653074,1.529,SOURCE-DERIVED invert; DERIVED DEM ground and cover,DEM-derived rim in repository THD convention,JUNCTION,
N_2177092508_5db4028,2177092508,1,277270.02620001824,2109502.0660000048,72.88334070875901,19.06624833971157,26.529,8.686591148376465,36.11859114837647,9.589591148376467,9.589591148376467,1.669,SOURCE-DERIVED invert; DERIVED DEM ground and cover,DEM-derived rim in repository THD convention,JUNCTION,
N_2177092509_cc8854c,2177092509,1,277271.2773000179,2109538.275800006,72.88334843978562,19.06657550209507,26.95,3.345838785171509,30.777838785171507,3.827838785171508,3.827838785171508,1.529,SOURCE-DERIVED invert; DERIVED DEM ground and cover,DEM-derived rim in repository THD convention,JUNCTION,
N_2177092510_94dd35a,2177092510,1,277282.79880001856,2109508.4940000065,72.88346129149642,19.066307786368533,26.93,8.686591148376465,36.11859114837647,9.188591148376467,9.188591148376467,1.599,SOURCE-DERIVED invert; DERIVED DEM ground and cover,DEM-derived rim in repository THD convention,JUNCTION,
N_2177092601_ea8b11d,2177092601,1,277220.54910001834,2109635.5738000046,72.88285543897362,19.06744870894075,26.995,3.4030187129974365,30.835018712997435,3.840018712997434,3.840018712997434,1.63,SOURCE-DERIVED invert; DERIVED DEM ground and cover,DEM-derived rim in repository THD convention,JUNCTION,
N_2177092602_52de2da,2177092602,1,277222.9387000183,2109629.2015000056,72.88287886758347,19.06739141867192,26.994,5.500889778137207,32.93288977813721,5.938889778137209,5.938889778137209,1.554,SOURCE-DERIVED invert; DERIVED DEM ground and cover,DEM-derived rim in repository THD convention,JUNCTION,
N_2177092603_785def3,2177092603,1,277225.96560001775,2109621.7140000053,72.88290847749477,19.067324126069682,26.994,5.500889778137207,32.93288977813721,5.938889778137209,5.938889778137209,1.375,SOURCE-DERIVED invert; DERIVED DEM ground and cover,DEM-derived rim in repository THD convention,JUNCTION,
N_2177092604_851daf0,2177092604,1,277229.78900001873,2109611.199600005,72.88294600013742,19.067229583130462,26.993000000000002,3.240060806274414,30.672060806274413,3.6790608062744106,3.6790608062744106,1.506,SOURCE-DERIVED invert; DERIVED DEM ground and cover,DEM-derived rim in repository THD convention,JUNCTION,
N_2177092605_16251bd,2177092605,1,277233.61240001826,2109600.2073000045,72.88298357754906,19.067130724063627,26.991,3.240060806274414,30.672060806274413,3.681060806274413,3.681060806274413,1.568,SOURCE-DERIVED invert; DERIVED DEM ground and cover,DEM-derived rim in repository THD convention,JUNCTION,
N_2177092701_4852727,2177092701,1,277205.80000001827,2109752.400000006,72.88270194182621,19.068502206223467,27.009,11.526501655578613,38.958501655578615,11.949501655578615,11.949501655578615,1.661,SOURCE-DERIVED invert; DERIVED DEM ground and cover,DEM-derived rim in repository THD convention,JUNCTION,
N_2177092702_bd96f6f,2177092702,1,277222.0928000176,2109774.7147000055,72.8828541402016,19.068705516798854,27.013,6.781310081481934,34.213310081481936,7.200310081481934,7.200310081481934,1.661,SOURCE-DERIVED invert; DERIVED DEM ground and cover,DEM-derived rim in repository THD convention,JUNCTION,
N_2177092703_f1a5c78,2177092703,1,277242.40000001923,2109797.000000005,72.88304447346668,19.06890899960753,27.018,6.781310081481934,34.213310081481936,7.195310081481935,7.195310081481935,1.182,SOURCE-DERIVED invert; DERIVED DEM ground and cover,DEM-derived rim in repository THD convention,JUNCTION,
N_2177092801_86305a3,2177092801,1,277264.50000001816,2109817.500000005,72.88325204107092,19.06909655399204,27.023,7.6632585525512695,35.09525855255127,8.072258552551272,8.072258552551272,1.181,SOURCE-DERIVED invert; DERIVED DEM ground and cover,DEM-derived rim in repository THD convention,JUNCTION,
N_2177092802_898131b,2177092802,1,277284.61720001907,2109836.335000006,72.88344096624607,19.069268854646403,27.028000000000002,3.8035829067230225,31.23558290672302,4.207582906723019,4.207582906723019,1.203,SOURCE-DERIVED invert; DERIVED DEM ground and cover,DEM-derived rim in repository THD convention,JUNCTION,
N_2177093201_3ab5395,2177093201,1,277351.28760001936,2109296.0543000055,72.88413618090901,19.064396619139153,26.322000000000003,10.25605297088623,37.68805297088623,11.36605297088623,11.36605297088623,2.265,SOURCE-DERIVED invert; DERIVED DEM ground and cover,DEM-derived rim in repository THD convention,JUNCTION,
N_2177093202_0896db6,2177093202,1,277363.27460001805,2109266.608100006,72.8842534125632,19.06413198428469,26.293000000000003,7.40803337097168,34.84003337097168,8.547033370971679,8.547033370971679,2.265,SOURCE-DERIVED invert; DERIVED DEM ground and cover,DEM-derived rim in repository THD convention,JUNCTION,
N_2177093203_9ee3ff8,2177093203,1,277376.0471000186,2109237.962100005,72.88437801302727,19.063874661861117,26.264000000000003,7.064192295074463,34.496192295074465,8.232192295074462,8.232192295074462,2.134,SOURCE-DERIVED invert; DERIVED DEM ground and cover,DEM-derived rim in repository THD convention,JUNCTION,
N_2177093204_8d88be0,2177093204,1,277380.2513000177,2109273.4748000046,72.88441387590885,19.06419585046521,26.79,12.810543060302734,40.24254306030274,13.452543060302737,13.452543060302737,1.599,SOURCE-DERIVED invert; DERIVED DEM ground and cover,DEM-derived rim in repository THD convention,JUNCTION,
N_2177093205_4c6da54,2177093205,1,277388.13590001874,2109208.283500006,72.88449623741765,19.063607938954465,26.234,3.880401849746704,31.312401849746703,5.078401849746701,5.078401849746701,2.514,SOURCE-DERIVED invert; DERIVED DEM ground and cover,DEM-derived rim in repository THD convention,JUNCTION,
N_2177093206_5271db0,2177093206,1,277392.8202000188,2109244.957900006,72.8845365275422,19.063939671687955,26.77,7.064192295074463,34.496192295074465,7.7261922950744655,7.7261922950744655,1.589,SOURCE-DERIVED invert; DERIVED DEM ground and cover,DEM-derived rim in repository THD convention,JUNCTION,
N_2177093301_7e1f41d,2177093301,1,277318.0906000165,2109384.840400004,72.88381068572974,19.06519486586312,26.411,8.46700382232666,35.89900382232666,9.488003822326661,9.488003822326661,2.117,SOURCE-DERIVED invert; DERIVED DEM ground and cover,DEM-derived rim in repository THD convention,JUNCTION,
N_2177093302_82f871a,2177093302,1,277329.72840001865,2109355.5147000044,72.88392458793018,19.06493128156461,26.381,7.0,34.432,8.051000000000002,8.051000000000002,1.686,SOURCE-DERIVED invert; DERIVED DEM ground and cover,DEM-derived rim in repository THD convention,JUNCTION,
N_2177093303_dbbce9e,2177093303,1,277332.36150001787,2109391.2770000063,72.88394549840035,19.065254553150854,26.86,8.46700382232666,35.89900382232666,9.039003822326663,9.039003822326663,1.669,SOURCE-DERIVED invert; DERIVED DEM ground and cover,DEM-derived rim in repository THD convention,JUNCTION,
N_2177093304_60c95e3,2177093304,1,277339.1987000186,2109325.268200006,72.88401800759138,19.064659144768843,26.352,7.977337837219238,35.40933783721924,9.05733783721924,9.05733783721924,2.156,SOURCE-DERIVED invert; DERIVED DEM ground and cover,DEM-derived rim in repository THD convention,JUNCTION,
N_2177093305_a23fae7,2177093305,1,277344.930400018,2109361.6070000064,72.88406828385415,19.06498796071894,26.84,7.244845867156982,34.676845867156985,7.836845867156985,7.836845867156985,1.609,SOURCE-DERIVED invert; DERIVED DEM ground and cover,DEM-derived rim in repository THD convention,JUNCTION,
N_2177093306_2f411fd,2177093306,1,277356.5391000169,2109332.5910000056,72.88418187358661,19.064727170064398,26.82,8.116726875305176,35.54872687530518,8.728726875305178,8.728726875305178,1.539,SOURCE-DERIVED invert; DERIVED DEM ground and cover,DEM-derived rim in repository THD convention,JUNCTION,
N_2177093307_b45f7a6,2177093307,1,277368.8462000176,2109302.6973000057,72.88430219717145,19.064458528525176,26.8,10.25605297088623,37.68805297088623,10.888052970886232,10.888052970886232,1.599,SOURCE-DERIVED invert; DERIVED DEM ground and cover,DEM-derived rim in repository THD convention,JUNCTION,
N_2177093401_3ff6c52,2177093401,1,277306.3218000181,2109413.9597000047,72.88369556250561,19.065456571682244,26.44,4.547764301300049,31.979764301300047,5.539764301300046,5.539764301300046,2.218,SOURCE-DERIVED invert; DERIVED DEM ground and cover,DEM-derived rim in repository THD convention,JUNCTION,
N_2177093402_4539834,2177093402,1,277307.514700019,2109449.928500006,72.8837027691839,19.06578155122264,26.89,8.999547004699707,36.43154700469971,9.541547004699709,9.541547004699709,1.589,SOURCE-DERIVED invert; DERIVED DEM ground and cover,DEM-derived rim in repository THD convention,JUNCTION,
N_2177093403_0a3ea9e,2177093403,1,277320.05450001836,2109420.034800005,72.88382530473025,19.065512935539648,26.88,11.889680862426758,39.32168086242676,12.441680862426761,12.441680862426761,1.669,SOURCE-DERIVED invert; DERIVED DEM ground and cover,DEM-derived rim in repository THD convention,JUNCTION,
N_2177093801_95fa9d0,2177093801,1,277310.2787000189,2109855.851000005,72.88368247696513,19.069447910092503,27.033,3.8035829067230225,31.23558290672302,4.20258290672302,4.20258290672302,1.384,SOURCE-DERIVED invert; DERIVED DEM ground and cover,DEM-derived rim in repository THD convention,JUNCTION,
N_2177093802_d5be7f7,2177093802,1,277336.98750001786,2109875.2553000054,72.88393394895202,19.069626070643565,27.038,7.184939861297607,34.61693986129761,7.578939861297609,7.578939861297609,1.518,SOURCE-DERIVED invert; DERIVED DEM ground and cover,DEM-derived rim in repository THD convention,JUNCTION,
N_2177093803_f805fc0,2177093803,1,277363.5655000183,2109884.7293000054,72.884185317626,19.06971453190028,27.043000000000003,6.977107524871826,34.40910752487183,7.3661075248718255,7.3661075248718255,1.679,SOURCE-DERIVED invert; DERIVED DEM ground and cover,DEM-derived rim in repository THD convention,JUNCTION,
N_2177093901_2c0b24c,2177093901,1,277387.64130001864,2109902.9891000055,72.88441191183549,19.06988206837967,27.048000000000002,4.516373634338379,31.948373634338378,4.900373634338376,4.900373634338376,1.679,SOURCE-DERIVED invert; DERIVED DEM ground and cover,DEM-derived rim in repository THD convention,JUNCTION,
N_2177094001_e8a5c01,2177094001,1,277436.4912000188,2109091.075200007,72.88496895922125,19.062554648386943,26.116,11.460851669311523,38.892851669311526,12.776851669311526,12.776851669311526,2.412,SOURCE-DERIVED invert; DERIVED DEM ground and cover,DEM-derived rim in repository THD convention,JUNCTION,
N_2177094002_aa79fe8,2177094002,1,277448.7110000183,2109061.8182000048,72.88508837751442,19.062291746806697,26.086000000000002,6.806501865386963,34.238501865386965,8.152501865386963,8.152501865386963,2.412,SOURCE-DERIVED invert; DERIVED DEM ground and cover,DEM-derived rim in repository THD convention,JUNCTION,
N_2177094003_030a6aa,2177094003,1,277452.6097000181,2109098.6389000053,72.88512119020854,19.06262471526341,26.413,11.460851669311523,38.892851669311526,12.479851669311525,12.479851669311525,1.909,SOURCE-DERIVED invert; DERIVED DEM ground and cover,DEM-derived rim in repository THD convention,JUNCTION,
N_2177094004_a42d5f2,2177094004,1,277460.58160001884,2109032.595700004,72.88520447466561,19.06202911865543,26.057000000000002,5.771015167236328,33.20301516723633,7.146015167236328,7.146015167236328,2.221,SOURCE-DERIVED invert; DERIVED DEM ground and cover,DEM-derived rim in repository THD convention,JUNCTION,
N_2177094005_b652a95,2177094005,1,277465.17860001995,2109069.1927000056,72.88524394584083,19.062360142844234,26.292,6.806501865386963,34.238501865386965,7.9465018653869635,7.9465018653869635,1.886,SOURCE-DERIVED invert; DERIVED DEM ground and cover,DEM-derived rim in repository THD convention,JUNCTION,
N_2177094006_d6e5aa3,2177094006,1,277472.6559000177,2109003.6142000053,72.88532247859366,19.061768689150718,26.027,12.039976119995117,39.47197611999512,13.444976119995118,13.444976119995118,2.221,SOURCE-DERIVED invert; DERIVED DEM ground and cover,DEM-derived rim in repository THD convention,JUNCTION,
N_2177094007_d0de870,2177094007,1,277478.6494000192,2109037.6985000055,72.88537550207198,19.06207717214216,26.163,6.3449387550354,33.7769387550354,7.613938755035402,7.613938755035402,1.966,SOURCE-DERIVED invert; DERIVED DEM ground and cover,DEM-derived rim in repository THD convention,JUNCTION,
N_2177094008_6649d12,2177094008,1,277488.25740001735,2109001.9498000047,72.88547085543262,19.061755356365186,26.024,12.039976119995117,39.47197611999512,13.447976119995118,13.447976119995118,2.282,SOURCE-DERIVED invert; DERIVED DEM ground and cover,DEM-derived rim in repository THD convention,JUNCTION,
N_2177094101_80e3ed2,2177094101,1,277400.3411000174,2109179.1815000065,72.88461550092008,19.063346436134537,26.204,8.164999008178711,35.59699900817871,9.392999008178712,9.392999008178712,2.514,SOURCE-DERIVED invert; DERIVED DEM ground and cover,DEM-derived rim in repository THD convention,JUNCTION,
N_2177094102_4c5bbb1,2177094102,1,277412.43000001786,2109149.9676000047,72.884733672185,19.063083909906126,26.175,8.044827461242676,35.47682746124268,9.301827461242677,9.301827461242677,2.648,SOURCE-DERIVED invert; DERIVED DEM ground and cover,DEM-derived rim in repository THD convention,JUNCTION,
N_2177094103_5995f02,2177094103,1,277416.56140001887,2109185.3771000057,72.88476885610142,19.063404158540944,26.73,8.26736068725586,35.69936068725586,8.969360687255861,8.969360687255861,1.629,SOURCE-DERIVED invert; DERIVED DEM ground and cover,DEM-derived rim in repository THD convention,JUNCTION,
N_2177094104_760fa1c,2177094104,1,277422.6858000188,2109124.746400005,72.88483397431966,19.062857243660638,26.150000000000002,8.275172233581543,35.707172233581545,9.557172233581543,9.557172233581543,2.648,SOURCE-DERIVED invert; DERIVED DEM ground and cover,DEM-derived rim in repository THD convention,JUNCTION,
N_2177094105_423d753,2177094105,1,277425.2316000175,2109168.0295000053,72.8848531958304,19.063248429449832,26.72,8.26736068725586,35.69936068725586,8.979360687255863,8.979360687255863,2.179,SOURCE-DERIVED invert; DERIVED DEM ground and cover,DEM-derived rim in repository THD convention,JUNCTION,
N_2177094106_be33b25,2177094106,1,277429.8722000187,2109105.4541000053,72.88490444295647,19.06268378942493,26.13,8.275172233581543,35.707172233581545,9.577172233581546,9.577172233581546,2.368,SOURCE-DERIVED invert; DERIVED DEM ground and cover,DEM-derived rim in repository THD convention,JUNCTION,
N_2177094107_98d3ad2,2177094107,1,277435.73480001756,2109145.6565000056,72.88495552148777,19.06304751341905,26.7,6.779946327209473,34.211946327209475,7.5119463272094755,7.5119463272094755,2.219,SOURCE-DERIVED invert; DERIVED DEM ground and cover,DEM-derived rim in repository THD convention,JUNCTION,
N_2177094108_f3bb636,2177094108,1,277441.43730001873,2109127.6377000054,72.88501174973264,19.06288539902014,26.53,12.0,39.432,12.902000000000001,12.902000000000001,2.219,SOURCE-DERIVED invert; DERIVED DEM ground and cover,DEM-derived rim in repository THD convention,JUNCTION,
N_2177094201_3badce6,2177094201,1,277404.89440001704,2109215.2708000056,72.88465461404562,19.063672870303343,26.75,6.9335856437683105,34.36558564376831,7.615585643768313,7.615585643768313,1.529,SOURCE-DERIVED invert; DERIVED DEM ground and cover,DEM-derived rim in repository THD convention,JUNCTION,
N_2177094901_292316a,2177094901,1,277410.8152000186,2109921.704900006,72.88462988739006,19.07005362465021,27.052,8.989514350891113,36.421514350891115,9.369514350891116,9.369514350891116,1.495,SOURCE-DERIVED invert; DERIVED DEM ground and cover,DEM-derived rim in repository THD convention,JUNCTION,
N_2177094902_6769a99,2177094902,1,277434.99290001794,2109938.8202000055,72.88485758162977,19.070210835302312,27.057000000000002,3.5818989276885986,31.013898927688597,3.956898927688595,3.956898927688595,1.401,SOURCE-DERIVED invert; DERIVED DEM ground and cover,DEM-derived rim in repository THD convention,JUNCTION,
N_2177094903_b2c83fb,2177094903,1,277458.7195000175,2109957.424200005,72.88508082083405,19.07038144164105,27.062,5.141634941101074,32.573634941101076,5.511634941101075,5.511634941101075,1.887,SOURCE-DERIVED invert; DERIVED DEM ground and cover,DEM-derived rim in repository THD convention,JUNCTION,
N_2177094904_deb6194,2177094904,1,277481.0788000188,2109973.971500005,72.88529130862798,19.070533323826957,27.066000000000003,5.10886812210083,32.54086812210083,5.47486812210083,5.47486812210083,1.887,SOURCE-DERIVED invert; DERIVED DEM ground and cover,DEM-derived rim in repository THD convention,JUNCTION,
N_2177094905_fa3be18,2177094905,1,277493.3000000178,2109984.2000000044,72.88540622203601,19.07062703341669,27.069000000000003,4.253963470458984,31.685963470458983,4.61696347045898,4.61696347045898,1.705,SOURCE-DERIVED invert; DERIVED DEM ground and cover,DEM-derived rim in repository THD convention,JUNCTION,
N_2177095001_58bb755,2177095001,1,277513.38700001873,2109018.0847000047,72.88570769369505,19.061903814324513,26.027,7.1852288246154785,34.61722882461548,8.59022882461548,8.59022882461548,2.282,SOURCE-DERIVED invert; DERIVED DEM ground and cover,DEM-derived rim in repository THD convention,JUNCTION,
N_2177095002_1bd93e1,2177095002,1,277539.2556000177,2109033.2438000045,72.88595166332217,19.06204353960162,26.03,8.702125549316406,36.13412554931641,10.104125549316407,10.104125549316407,2.276,SOURCE-DERIVED invert; DERIVED DEM ground and cover,DEM-derived rim in repository THD convention,JUNCTION,
N_2177095003_94f6d2d,2177095003,1,277548.1917000183,2109037.4861000045,72.8860360546206,19.062082826644087,26.031000000000002,8.702125549316406,36.13412554931641,10.103125549316406,10.103125549316406,2.275,SOURCE-DERIVED invert; DERIVED DEM ground and cover,DEM-derived rim in repository THD convention,JUNCTION,
N_2177095004_1958e3d,2177095004,1,277551.10200001847,2109038.9660000056,72.88606352785001,19.062096509138865,26.031000000000002,8.702125549316406,36.13412554931641,10.103125549316406,10.103125549316406,2.275,SOURCE-DERIVED invert; DERIVED DEM ground and cover,DEM-derived rim in repository THD convention,JUNCTION,
N_2177095005_1aff641,2177095005,1,277558.90690001746,2109054.237700006,72.88613591194299,19.062235284363844,26.033,7.146691799163818,34.57869179916382,8.54569179916382,8.54569179916382,2.473,SOURCE-DERIVED invert; DERIVED DEM ground and cover,DEM-derived rim in repository THD convention,JUNCTION,
N_2177095006_5ded0ad,2177095006,1,277559.30000001774,2109043.8000000054,72.88614084081418,19.062141059680574,26.032,7.146691799163818,34.57869179916382,8.54669179916382,8.54669179916382,2.473,SOURCE-DERIVED invert; DERIVED DEM ground and cover,DEM-derived rim in repository THD convention,JUNCTION,
N_2177095007_b320744,2177095007,1,277570.1105000188,2109079.041200007,72.88623948647047,19.06246051548635,26.035,10.760091781616211,38.19209178161621,12.157091781616213,12.157091781616213,2.188,SOURCE-DERIVED invert; DERIVED DEM ground and cover,DEM-derived rim in repository THD convention,JUNCTION,
N_2177095101_210555a,2177095101,1,277589.92290001805,2109101.4483000054,72.886425104239,19.06266504080201,26.038,9.725814819335938,37.15781481933594,11.11981481933594,11.11981481933594,2.295,SOURCE-DERIVED invert; DERIVED DEM ground and cover,DEM-derived rim in repository THD convention,JUNCTION,
N_2177095901_929e16c,2177095901,11,277587.8000000184,2109998.2000000044,72.88630224651338,19.070763767747536,26.418000000000003,5.125944137573242,32.557944137573244,6.1399441375732415,6.1399441375732415,1.932,SOURCE-DERIVED invert; DERIVED DEM ground and cover,DEM-derived rim in repository THD convention,JUNCTION,
N_2177095901_2ede70d,2177095901!,12,277587.8000000184,2109998.2000000044,72.88630224651338,19.070763767747536,26.418000000000003,5.125944137573242,32.557944137573244,6.1399441375732415,6.1399441375732415,1.932,SOURCE-DERIVED invert; DERIVED DEM ground and cover,DEM-derived rim in repository THD convention,JUNCTION,
N_2177095902_8420168,2177095902,11,277595.9019000188,2109988.166900005,72.88638035341198,19.070674036831427,26.411,5.125944137573242,32.557944137573244,6.146944137573243,6.146944137573243,1.998,SOURCE-DERIVED invert; DERIVED DEM ground and cover,DEM-derived rim in repository THD convention,JUNCTION,
N_2177095902_44a1bb7,2177095902!,12,277595.9019000188,2109988.166900005,72.88638035341198,19.070674036831427,26.411,5.125944137573242,32.557944137573244,6.146944137573243,6.146944137573243,1.998,SOURCE-DERIVED invert; DERIVED DEM ground and cover,DEM-derived rim in repository THD convention,JUNCTION,
N_2177096101_b5ff73c,2177096101,1,277608.8748000168,2109124.622700005,72.88660246135274,19.06287640212976,26.041,9.725814819335938,37.15781481933594,11.11681481933594,11.11681481933594,2.295,SOURCE-DERIVED invert; DERIVED DEM ground and cover,DEM-derived rim in repository THD convention,JUNCTION,
N_2177096102_cd846ff,2177096102,1,277627.70540001674,2109148.013000006,72.88677864204966,19.063089700011744,26.044,3.116420269012451,30.54842026901245,4.504420269012449,4.504420269012449,2.309,SOURCE-DERIVED invert; DERIVED DEM ground and cover,DEM-derived rim in repository THD convention,JUNCTION,
N_2177096103_83909cb,2177096103,1,277646.54710001766,2109171.396000005,72.88695492945328,19.06330293304271,26.047,9.514971733093262,36.946971733093264,10.899971733093263,10.899971733093263,2.481,SOURCE-DERIVED invert; DERIVED DEM ground and cover,DEM-derived rim in repository THD convention,JUNCTION,
N_2177096104_f722e4d,2177096104,1,277664.08700001857,2109195.6504000053,72.88711875265692,19.063523894272183,26.05,11.369243621826172,38.801243621826174,12.751243621826173,12.751243621826173,2.481,SOURCE-DERIVED invert; DERIVED DEM ground and cover,DEM-derived rim in repository THD convention,JUNCTION,
N_2177096201_1916d31,2177096201,1,277678.16310001793,2109222.065200004,72.88724942871777,19.06376398998835,26.053,6.0668864250183105,33.49888642501831,7.445886425018312,7.445886425018312,2.411,SOURCE-DERIVED invert; DERIVED DEM ground and cover,DEM-derived rim in repository THD convention,JUNCTION,
N_2177096202_ea9dd86,2177096202,1,277690.9374000187,2109249.239700006,72.8873676532425,19.064010805171986,26.055,6.405126094818115,33.83712609481812,7.782126094818118,7.782126094818118,2.411,SOURCE-DERIVED invert; DERIVED DEM ground and cover,DEM-derived rim in repository THD convention,JUNCTION,
N_2177096801_ef33f7f,2177096801,11,277663.88840001787,2109897.763900006,72.88703648951015,19.069864970707737,26.133000000000003,4.900174140930176,32.33217414093018,6.199174140930175,6.199174140930175,2.874,SOURCE-DERIVED invert; DERIVED DEM ground and cover,DEM-derived rim in repository THD convention,JUNCTION,
N_2177096801_83984aa,2177096801!,12,277663.88840001787,2109897.763900006,72.88703648951015,19.069864970707737,26.133000000000003,4.900174140930176,32.33217414093018,6.199174140930175,6.199174140930175,2.874,SOURCE-DERIVED invert; DERIVED DEM ground and cover,DEM-derived rim in repository THD convention,JUNCTION,
N_2177096802_1b47f1b,2177096802,11,277665.4108000185,2109896.251700006,72.8870511234385,19.069851479105804,26.133000000000003,4.900174140930176,32.33217414093018,6.199174140930175,6.199174140930175,2.874,SOURCE-DERIVED invert; DERIVED DEM ground and cover,DEM-derived rim in repository THD convention,JUNCTION,
N_2177096802_5dbef54,2177096802!,12,277665.4108000185,2109896.251700006,72.8870511234385,19.069851479105804,26.133000000000003,4.900174140930176,32.33217414093018,6.199174140930175,6.199174140930175,2.874,SOURCE-DERIVED invert; DERIVED DEM ground and cover,DEM-derived rim in repository THD convention,JUNCTION,
N_2177096803_1c6ad1c,2177096803,11,277668.3341000177,2109892.676100006,72.88707930031097,19.069819504540753,26.132,4.900174140930176,32.33217414093018,6.2001741409301765,6.2001741409301765,2.875,SOURCE-DERIVED invert; DERIVED DEM ground and cover,DEM-derived rim in repository THD convention,JUNCTION,
N_2177096803_40979a1,2177096803!,12,277668.3341000177,2109892.676100006,72.88707930031097,19.069819504540753,26.132,4.900174140930176,32.33217414093018,6.2001741409301765,6.2001741409301765,2.875,SOURCE-DERIVED invert; DERIVED DEM ground and cover,DEM-derived rim in repository THD convention,JUNCTION,
N_2177096804_9493838,2177096804,11,277689.54750001885,2109871.6695000064,72.88728320442311,19.06963209398232,26.129,7.399610996246338,34.83161099624634,8.702610996246339,8.702610996246339,2.878,SOURCE-DERIVED invert; DERIVED DEM ground and cover,DEM-derived rim in repository THD convention,JUNCTION,
N_2177096804_fcb6408,2177096804!,12,277689.54750001885,2109871.6695000064,72.88728320442311,19.06963209398232,26.129,7.399610996246338,34.83161099624634,8.702610996246339,8.702610996246339,2.878,SOURCE-DERIVED invert; DERIVED DEM ground and cover,DEM-derived rim in repository THD convention,JUNCTION,
N_2177096805_964141a,2177096805,11,277695.7500000176,2109865.505800005,72.88734282551347,19.069577102047543,26.129,7.399610996246338,34.83161099624634,8.702610996246339,8.702610996246339,2.878,SOURCE-DERIVED invert; DERIVED DEM ground and cover,DEM-derived rim in repository THD convention,JUNCTION,
N_2177096805_5fe1293,2177096805!,12,277695.7500000176,2109865.505800005,72.88734282551347,19.069577102047543,26.129,7.399610996246338,34.83161099624634,8.702610996246339,8.702610996246339,2.878,SOURCE-DERIVED invert; DERIVED DEM ground and cover,DEM-derived rim in repository THD convention,JUNCTION,
N_2177096901_78625d1,2177096901,11,277604.3409000182,2109977.559300005,72.88646172804174,19.07057915402452,26.406000000000002,5.862198829650879,33.29419882965088,6.888198829650879,6.888198829650879,1.998,SOURCE-DERIVED invert; DERIVED DEM ground and cover,DEM-derived rim in repository THD convention,JUNCTION,
N_2177096901_e7f0778,2177096901!,12,277604.3409000182,2109977.559300005,72.88646172804174,19.07057915402452,26.406000000000002,5.862198829650879,33.29419882965088,6.888198829650879,6.888198829650879,1.998,SOURCE-DERIVED invert; DERIVED DEM ground and cover,DEM-derived rim in repository THD convention,JUNCTION,
N_2177096902_00735fc,2177096902,11,277620.038600018,2109957.208200006,72.88661316673719,19.07039706381117,26.153000000000002,6.714743137359619,34.14674313735962,7.993743137359619,7.993743137359619,2.854,SOURCE-DERIVED invert; DERIVED DEM ground and cover,DEM-derived rim in repository THD convention,JUNCTION,
N_2177096902_961b653,2177096902!,12,277620.038600018,2109957.208200006,72.88661316673719,19.07039706381117,26.153000000000002,6.714743137359619,34.14674313735962,7.993743137359619,7.993743137359619,2.854,SOURCE-DERIVED invert; DERIVED DEM ground and cover,DEM-derived rim in repository THD convention,JUNCTION,
N_2177096903_4f2442c,2177096903,11,277631.63260001864,2109940.0975000057,72.88672525421987,19.070243792073825,26.138,7.307417869567871,34.73941786956787,8.601417869567872,8.601417869567872,3.778,SOURCE-DERIVED invert; DERIVED DEM ground and cover,DEM-derived rim in repository THD convention,JUNCTION,
N_2177096903_3af60f3,2177096903!,12,277631.63260001864,2109940.0975000057,72.88672525421987,19.070243792073825,26.138,7.307417869567871,34.73941786956787,8.601417869567872,8.601417869567872,3.778,SOURCE-DERIVED invert; DERIVED DEM ground and cover,DEM-derived rim in repository THD convention,JUNCTION,
N_2177096904_682a880,2177096904,11,277642.70000001916,2109956.4000000055,72.88682851318116,19.07039223215665,24.98,6.714743137359619,34.14674313735962,9.16674313735962,9.16674313735962,3.778,SOURCE-DERIVED invert; DERIVED DEM ground and cover,DEM-derived rim in repository THD convention,JUNCTION,
N_2177096904_63ca0a9,2177096904!,12,277642.70000001916,2109956.4000000055,72.88682851318116,19.07039223215665,24.98,6.714743137359619,34.14674313735962,9.16674313735962,9.16674313735962,3.778,SOURCE-DERIVED invert; DERIVED DEM ground and cover,DEM-derived rim in repository THD convention,JUNCTION,
N_2177096905_44a3572,2177096905,11,277649.92270001885,2109916.170800005,72.8869017261352,19.070029691022214,26.135,4.900174140930176,32.33217414093018,6.197174140930176,6.197174140930176,2.672,SOURCE-DERIVED invert; DERIVED DEM ground and cover,DEM-derived rim in repository THD convention,JUNCTION,
N_2177096905_e72db6e,2177096905!,12,277649.92270001885,2109916.170800005,72.8869017261352,19.070029691022214,26.135,4.900174140930176,32.33217414093018,6.197174140930176,6.197174140930176,2.672,SOURCE-DERIVED invert; DERIVED DEM ground and cover,DEM-derived rim in repository THD convention,JUNCTION,
N_2177096906_8f7d68e,2177096906,11,277659.1229000184,2109904.699100006,72.88699042947465,19.0699270867263,26.134,4.900174140930176,32.33217414093018,6.198174140930178,6.198174140930178,2.873,SOURCE-DERIVED invert; DERIVED DEM ground and cover,DEM-derived rim in repository THD convention,JUNCTION,
N_2177096906_4909874,2177096906!,12,277659.1229000184,2109904.699100006,72.88699042947465,19.0699270867263,26.134,4.900174140930176,32.33217414093018,6.198174140930178,6.198174140930178,2.873,SOURCE-DERIVED invert; DERIVED DEM ground and cover,DEM-derived rim in repository THD convention,JUNCTION,
N_2177096907_6da89ef,2177096907,11,277660.85480001685,2109901.771500006,72.8870072154524,19.069900834838,26.133000000000003,4.900174140930176,32.33217414093018,6.199174140930175,6.199174140930175,2.874,SOURCE-DERIVED invert; DERIVED DEM ground and cover,DEM-derived rim in repository THD convention,JUNCTION,
N_2177096907_6dc5384,2177096907!,12,277660.85480001685,2109901.771500006,72.8870072154524,19.069900834838,26.133000000000003,4.900174140930176,32.33217414093018,6.199174140930175,6.199174140930175,2.874,SOURCE-DERIVED invert; DERIVED DEM ground and cover,DEM-derived rim in repository THD convention,JUNCTION,
N_2177097201_b110c05,2177097201,1,277704.484000019,2109276.094000006,72.88749325031166,19.06425481247536,26.058,11.528397560119629,38.96039756011963,12.902397560119631,12.902397560119631,2.308,SOURCE-DERIVED invert; DERIVED DEM ground and cover,DEM-derived rim in repository THD convention,JUNCTION,
N_2177097301_fc9dea7,2177097301,1,277718.3394000177,2109302.5161000057,72.88762183027563,19.064494949930918,26.061,13.049198150634766,40.48119815063477,14.420198150634768,14.420198150634768,2.245,SOURCE-DERIVED invert; DERIVED DEM ground and cover,DEM-derived rim in repository THD convention,JUNCTION,
N_2177097302_c171dd5,2177097302,1,277732.74640001723,2109328.938300005,72.8877556498813,19.064735148245934,26.064,6.7476959228515625,34.179695922851565,8.115695922851565,8.115695922851565,2.161,SOURCE-DERIVED invert; DERIVED DEM ground and cover,DEM-derived rim in repository THD convention,JUNCTION,
N_2177097303_761a287,2177097303,1,277746.90000001795,2109355.400000005,72.8878870584319,19.064975675667945,26.067,6.82418155670166,34.25618155670166,8.189181556701662,8.189181556701662,2.139,SOURCE-DERIVED invert; DERIVED DEM ground and cover,DEM-derived rim in repository THD convention,JUNCTION,
N_2177097304_ad7b397,2177097304,1,277761.0000000182,2109381.8000000063,72.8880179652795,19.06521563995522,26.07,7.0,34.432,8.362000000000002,8.362000000000002,2.341,SOURCE-DERIVED invert; DERIVED DEM ground and cover,DEM-derived rim in repository THD convention,JUNCTION,
N_2177097401_75aee9b,2177097401,1,277775.94540001807,2109407.7505000043,72.88815695387778,19.065451636511597,26.073,9.898526191711426,37.33052619171143,11.257526191711428,11.257526191711428,2.341,SOURCE-DERIVED invert; DERIVED DEM ground and cover,DEM-derived rim in repository THD convention,JUNCTION,
N_2177097402_0bbb9be,2177097402,1,277789.7016000178,2109434.3887000047,72.88828456861899,19.06569371456162,26.075000000000003,9.898526191711426,37.33052619171143,11.255526191711425,11.255526191711425,2.341,SOURCE-DERIVED invert; DERIVED DEM ground and cover,DEM-derived rim in repository THD convention,JUNCTION,
N_2177097601_45f4958,2177097601,1,277739.12260002043,2109689.5672000046,72.8877749441073,19.067992842973123,26.104000000000003,14.69240665435791,42.12440665435791,16.02040665435791,16.02040665435791,2.799,SOURCE-DERIVED invert; DERIVED DEM ground and cover,DEM-derived rim in repository THD convention,JUNCTION,
N_2177097602_3994b34,2177097602,1,277746.5909000186,2109679.175600005,72.88784707155646,19.067899804486444,26.103,14.69240665435791,42.12440665435791,16.02140665435791,16.02140665435791,2.502,SOURCE-DERIVED invert; DERIVED DEM ground and cover,DEM-derived rim in repository THD convention,JUNCTION,
N_2177097603_305a338,2177097603,1,277750.70560001826,2109664.776400005,72.88788780318094,19.067770206622473,26.101000000000003,5.403894424438477,32.83589442443848,6.734894424438476,6.734894424438476,2.303,SOURCE-DERIVED invert; DERIVED DEM ground and cover,DEM-derived rim in repository THD convention,JUNCTION,
N_2177097604_fa31d83,2177097604,1,277753.62890001805,2109660.2250000047,72.88791609118188,19.06772941898747,26.101000000000003,5.403894424438477,32.83589442443848,6.734894424438476,6.734894424438476,2.255,SOURCE-DERIVED invert; DERIVED DEM ground and cover,DEM-derived rim in repository THD convention,JUNCTION,
N_2177097605_441c25a,2177097605,1,277772.02930001717,2109641.9298000047,72.88809296196337,19.067566188937455,26.098000000000003,4.864977836608887,32.29697783660889,6.198977836608886,6.198977836608886,2.308,SOURCE-DERIVED invert; DERIVED DEM ground and cover,DEM-derived rim in repository THD convention,JUNCTION,
N_2177097606_1f16c40,2177097606,1,277792.1616000186,2109619.738800005,72.88828672866967,19.067367962376746,26.096,4.864977836608887,32.29697783660889,6.200977836608889,6.200977836608889,2.51,SOURCE-DERIVED invert; DERIVED DEM ground and cover,DEM-derived rim in repository THD convention,JUNCTION,
N_2177097607_179b9d0,2177097607,1,277798.217800018,2109615.187300005,72.88834477447945,19.06732751458242,26.095000000000002,5.300494194030762,32.732494194030764,6.6374941940307615,6.6374941940307615,2.711,SOURCE-DERIVED invert; DERIVED DEM ground and cover,DEM-derived rim in repository THD convention,JUNCTION,
N_2177097701_ca3e241,2177097701,1,277707.8265000182,2109751.060100006,72.88747063698115,19.068544806746427,26.111,11.464752197265625,38.89675219726563,12.785752197265627,12.785752197265627,3.095,SOURCE-DERIVED invert; DERIVED DEM ground and cover,DEM-derived rim in repository THD convention,JUNCTION,
N_2177097702_db28ef7,2177097702,1,277723.0940000182,2109763.4033000055,72.88761424406306,19.068657945314584,26.113,10.812041282653809,38.24404128265381,12.131041282653811,12.131041282653811,2.693,SOURCE-DERIVED invert; DERIVED DEM ground and cover,DEM-derived rim in repository THD convention,JUNCTION,
N_2177097703_b9bd884,2177097703,1,277724.39570001874,2109715.4382000063,72.88763209847278,19.06822489284198,26.107000000000003,11.088308334350586,38.52030833435059,12.413308334350585,12.413308334350585,3.095,SOURCE-DERIVED invert; DERIVED DEM ground and cover,DEM-derived rim in repository THD convention,JUNCTION,
N_2177097704_d310f8a,2177097704,1,277747.34100001864,2109781.1621000054,72.88784252435089,19.06882097166411,26.115000000000002,4.972078800201416,32.40407880020142,6.289078800201416,6.289078800201416,2.688,SOURCE-DERIVED invert; DERIVED DEM ground and cover,DEM-derived rim in repository THD convention,JUNCTION,
N_2177097801_4a9094c,2177097801,1,277713.200000019,2109856.6000000057,72.88750959660526,19.069498569207678,26.127000000000002,7.268612861633301,34.7006128616333,8.5736128616333,8.5736128616333,2.68,SOURCE-DERIVED invert; DERIVED DEM ground and cover,DEM-derived rim in repository THD convention,JUNCTION,
N_2177097802_b2b7aad,2177097802,1,277739.01230001746,2109843.6234000064,72.8877562640754,19.069384181077847,26.124000000000002,7.268612861633301,34.7006128616333,8.5766128616333,8.5766128616333,2.68,SOURCE-DERIVED invert; DERIVED DEM ground and cover,DEM-derived rim in repository THD convention,JUNCTION,
N_2177097803_6201663,2177097803,1,277762.6085000178,2109825.3282000036,72.88798248997587,19.069221516788375,26.121000000000002,5.4918012619018555,32.92380126190186,6.802801261901855,6.802801261901855,2.283,SOURCE-DERIVED invert; DERIVED DEM ground and cover,DEM-derived rim in repository THD convention,JUNCTION,
N_2177097804_88b7025,2177097804,1,277766.83350001817,2109804.0013000043,72.88802506245237,19.0690293637849,26.118000000000002,5.4918012619018555,32.92380126190186,6.8058012619018555,6.8058012619018555,2.688,SOURCE-DERIVED invert; DERIVED DEM ground and cover,DEM-derived rim in repository THD convention,JUNCTION,
N_2177097805_61a30ae,2177097805,1,277775.2725000188,2109814.3929000036,72.88810403221838,19.069124133224015,26.12,4.227436542510986,31.659436542510985,5.539436542510984,5.539436542510984,2.087,SOURCE-DERIVED invert; DERIVED DEM ground and cover,DEM-derived rim in repository THD convention,JUNCTION,
N_2177097806_caa1d43,2177097806,11,277701.1000000173,2109861.2000000044,72.88739413626845,19.069538796812473,26.128,7.399610996246338,34.83161099624634,8.70361099624634,8.70361099624634,2.679,SOURCE-DERIVED invert; DERIVED DEM ground and cover,DEM-derived rim in repository THD convention,PILOT_BOUNDARY_ASSUMPTION,PILOT_BOUNDARY; source-directed terminal; physical receiving water unverified
N_2177097806_51c2a6a,2177097806!,12,277701.1000000173,2109861.2000000044,72.88739413626845,19.069538796812473,26.128,7.399610996246338,34.83161099624634,8.70361099624634,8.70361099624634,2.679,SOURCE-DERIVED invert; DERIVED DEM ground and cover,DEM-derived rim in repository THD convention,PILOT_BOUNDARY_ASSUMPTION,PILOT_BOUNDARY; source-directed terminal; physical receiving water unverified
N_2177098401_743a569,2177098401,1,277805.57200001855,2109460.366600005,72.88843234088249,19.06593005905948,26.078000000000003,5.021978378295898,32.4539783782959,6.375978378295898,6.375978378295898,2.129,SOURCE-DERIVED invert; DERIVED DEM ground and cover,DEM-derived rim in repository THD convention,JUNCTION,
N_2177098402_0422a60,2177098402,1,277810.1730000189,2109474.013200005,72.8884744821454,19.06605380814041,26.080000000000002,4.89170503616333,32.32370503616333,6.24370503616333,6.24370503616333,2.495,SOURCE-DERIVED invert; DERIVED DEM ground and cover,DEM-derived rim in repository THD convention,JUNCTION,
N_2177098403_8e5febd,2177098403,1,277812.75350001815,2109481.866600005,72.88849809452744,19.066125016433947,26.081,4.89170503616333,32.32370503616333,6.242705036163333,6.242705036163333,2.495,SOURCE-DERIVED invert; DERIVED DEM ground and cover,DEM-derived rim in repository THD convention,JUNCTION,
N_2177098404_18f5fd9,2177098404,1,277813.9000000167,2109491.700000005,72.8885078596077,19.066213951020718,26.081,4.89170503616333,32.32370503616333,6.242705036163333,6.242705036163333,2.325,SOURCE-DERIVED invert; DERIVED DEM ground and cover,DEM-derived rim in repository THD convention,JUNCTION,
N_2177098405_b5f0b96,2177098405,1,277814.70000001695,2109494.7000000044,72.88851511519546,19.06624113239452,26.082,4.89170503616333,32.32370503616333,6.2417050361633315,6.2417050361633315,2.494,SOURCE-DERIVED invert; DERIVED DEM ground and cover,DEM-derived rim in repository THD convention,JUNCTION,
N_2177098406_4d04a70,2177098406,1,277847.72950001893,2109462.853200005,72.88883248778257,19.065957101934387,26.312,5.023006439208984,32.45500643920899,6.143006439208985,6.143006439208985,1.527,SOURCE-DERIVED invert; DERIVED DEM ground and cover,DEM-derived rim in repository THD convention,JUNCTION,
N_2177098407_54f3cf9,2177098407,1,277871.93630001775,2109456.468300005,72.88906314539324,19.06590206945926,26.318,6.44460916519165,33.87660916519165,7.558609165191651,7.558609165191651,1.521,SOURCE-DERIVED invert; DERIVED DEM ground and cover,DEM-derived rim in repository THD convention,JUNCTION,
N_2177098501_c1ca854,2177098501,1,277816.4417000186,2109501.632300006,72.88853086565899,19.066303930577366,26.082,10.624738693237305,38.05673869323731,11.974738693237306,11.974738693237306,2.494,SOURCE-DERIVED invert; DERIVED DEM ground and cover,DEM-derived rim in repository THD convention,JUNCTION,
N_2177098502_71305d2,2177098502,1,277819.4643000178,2109518.631300005,72.88855763114708,19.06645778500213,26.084,10.624738693237305,38.05673869323731,11.972738693237307,11.972738693237307,2.519,SOURCE-DERIVED invert; DERIVED DEM ground and cover,DEM-derived rim in repository THD convention,JUNCTION,
N_2177098503_b6210ba,2177098503,1,277825.4000000187,2109548.1000000047,72.88861064027293,19.06672457578162,26.087,15.949966430664062,43.381966430664065,17.294966430664065,17.294966430664065,2.519,SOURCE-DERIVED invert; DERIVED DEM ground and cover,DEM-derived rim in repository THD convention,JUNCTION,
N_2177098504_f3c4310,2177098504,1,277825.928700018,2109585.1970000057,72.88861141836988,19.067059673055258,26.091,9.723613739013672,37.155613739013674,11.064613739013673,11.064613739013673,2.711,SOURCE-DERIVED invert; DERIVED DEM ground and cover,DEM-derived rim in repository THD convention,JUNCTION,
N_2177098505_cf9ba04,2177098505,1,277826.8687000179,2109555.7181000058,72.88862371925465,19.066793538036606,26.088,15.949966430664062,43.381966430664065,17.293966430664064,17.293966430664064,2.472,SOURCE-DERIVED invert; DERIVED DEM ground and cover,DEM-derived rim in repository THD convention,JUNCTION,
N_2177098506_6639874,2177098506,1,277833.83820001804,2109576.645400006,72.88868752519066,19.066983300008754,26.09,11.425219535827637,38.85721953582764,12.767219535827639,12.767219535827639,2.597,SOURCE-DERIVED invert; DERIVED DEM ground and cover,DEM-derived rim in repository THD convention,JUNCTION,
N_2177098507_1376bc9,2177098507,1,277851.97740001854,2109580.603700006,72.8888593679875,19.067021022092867,26.97,11.425219535827637,38.85721953582764,11.88721953582764,11.88721953582764,1.517,SOURCE-DERIVED invert; DERIVED DEM ground and cover,DEM-derived rim in repository THD convention,JUNCTION,
N_2177098508_10f7ca9,2177098508,1,277855.38140001794,2109588.3653000053,72.88889081316994,19.067091490834212,26.975,5.703220844268799,33.1352208442688,6.1602208442688,6.1602208442688,1.231,SOURCE-DERIVED invert; DERIVED DEM ground and cover,DEM-derived rim in repository THD convention,JUNCTION,
N_2177098509_9553f4d,2177098509,1,277855.3814000187,2109599.0871000052,72.88888958677833,19.06718832426865,26.982000000000003,5.703220844268799,33.1352208442688,6.153220844268798,6.153220844268798,1.369,SOURCE-DERIVED invert; DERIVED DEM ground and cover,DEM-derived rim in repository THD convention,JUNCTION,
N_2177098601_f209ea1,2177098601,1,277862.00000001886,2109609.800000006,72.88895122842423,19.06728579714544,27.0,10.476765632629395,37.9087656326294,10.908765632629397,10.908765632629397,1.691,SOURCE-DERIVED invert; DERIVED DEM ground and cover,DEM-derived rim in repository THD convention,JUNCTION,
N_2177098602_8cf800b,2177098602,1,277873.42010001803,2109639.2552000056,72.88905633373072,19.067553062398122,27.008000000000003,10.911300659179688,38.34330065917969,11.335300659179687,11.335300659179687,1.691,SOURCE-DERIVED invert; DERIVED DEM ground and cover,DEM-derived rim in repository THD convention,JUNCTION,
N_2177098603_55f7b34,2177098603,1,277895.29040001886,2109654.6277000047,72.88926231189417,19.06769427676179,27.012,7.833211421966553,35.265211421966555,8.253211421966554,8.253211421966554,1.597,SOURCE-DERIVED invert; DERIVED DEM ground and cover,DEM-derived rim in repository THD convention,JUNCTION,
N_2177098801_7357535,2177098801,1,277803.5348000183,2109839.252000006,72.88836964111255,19.06935172191298,26.7,3.698604106903076,31.130604106903075,4.4306041069030755,4.4306041069030755,1.706,SOURCE-DERIVED invert; DERIVED DEM ground and cover,DEM-derived rim in repository THD convention,JUNCTION,
N_2177098802_2a31c7c,2177098802,1,277823.406400018,2109862.519900005,72.88855573233398,19.069564026643846,26.8,3.1981022357940674,30.630102235794066,3.8301022357940653,3.8301022357940653,1.473,SOURCE-DERIVED invert; DERIVED DEM ground and cover,DEM-derived rim in repository THD convention,JUNCTION,
N_2177098803_506dd33,2177098803,1,277843.2000000181,2109885.4000000055,72.88874112749156,19.069772820346802,26.817,2.2403547763824463,29.672354776382445,2.8553547763824447,2.8553547763824447,1.578,SOURCE-DERIVED invert; DERIVED DEM ground and cover,DEM-derived rim in repository THD convention,JUNCTION,
N_2177098902_7586844,2177098902,1,277843.3072000179,2109906.5946000046,72.88873972090303,19.069964249970102,26.828000000000003,2.748566150665283,30.180566150665282,3.352566150665279,3.352566150665279,1.578,SOURCE-DERIVED invert; DERIVED DEM ground and cover,DEM-derived rim in repository THD convention,JUNCTION,
N_2177099401_398eaa8,2177099401,1,277900.90000001877,2109448.300000006,72.88933919003236,19.065831447194505,26.326,6.735838413238525,34.16783841323853,7.841838413238527,7.841838413238527,1.513,SOURCE-DERIVED invert; DERIVED DEM ground and cover,DEM-derived rim in repository THD convention,JUNCTION,
N_2177099402_40bad5a,2177099402,1,277929.9000000183,2109441.200000005,72.88961545712829,19.06577047674679,26.333000000000002,5.303781509399414,32.735781509399416,6.402781509399414,6.402781509399414,1.506,SOURCE-DERIVED invert; DERIVED DEM ground and cover,DEM-derived rim in repository THD convention,JUNCTION,
N_2177099403_3a480cb,2177099403,1,277958.6383000185,2109432.7357000047,72.88988939428435,19.06569715579703,26.341,7.184178829193115,34.61617882919312,8.275178829193116,8.275178829193116,1.498,SOURCE-DERIVED invert; DERIVED DEM ground and cover,DEM-derived rim in repository THD convention,JUNCTION,
N_2177099404_5c3783b,2177099404,1,277988.10000001703,2109425.0000000047,72.89017011913718,19.065630493361763,26.349,6.963372707366943,34.395372707366946,8.046372707366945,8.046372707366945,1.743,SOURCE-DERIVED invert; DERIVED DEM ground and cover,DEM-derived rim in repository THD convention,JUNCTION,
N_2177099601_cf267db,2177099601,1,277924.073900018,2109664.8292000047,72.88953454727302,19.067789540943725,27.014000000000003,7.281423568725586,34.71342356872559,7.699423568725585,7.699423568725585,1.575,SOURCE-DERIVED invert; DERIVED DEM ground and cover,DEM-derived rim in repository THD convention,JUNCTION,
N_2177099602_ee8845d,2177099602,1,277953.55890001776,2109661.8079000055,72.88981495811319,19.067765459854783,27.022000000000002,7.034417629241943,34.466417629241946,7.4444176292419435,7.4444176292419435,1.507,SOURCE-DERIVED invert; DERIVED DEM ground and cover,DEM-derived rim in repository THD convention,JUNCTION,
N_2177099603_f43a8c0,2177099603,1,277983.4666000167,2109657.898800005,72.89009948545811,19.067733406148584,27.042,9.140032768249512,36.572032768249514,9.530032768249512,9.530032768249512,1.344,SOURCE-DERIVED invert; DERIVED DEM ground and cover,DEM-derived rim in repository THD convention,JUNCTION,
N_2177100301_bf71906,2177100301,1,277001.6000000188,2110340.6000000043,72.88069477995724,19.07379219132838,28.02,6.103013515472412,33.535013515472414,5.515013515472415,5.515013515472415,1.5,SOURCE-DERIVED invert; DERIVED DEM ground and cover,DEM-derived rim in repository THD convention,JUNCTION,
N_2177100302_044deef,2177100302,1,277018.40000001935,2110336.6000000047,72.88085482023504,19.073757900506212,28.006,5.0,32.432,4.426000000000002,4.426000000000002,1.5,SOURCE-DERIVED invert; DERIVED DEM ground and cover,DEM-derived rim in repository THD convention,JUNCTION,
N_2177100303_e50a4e8,2177100303,1,277044.9525000197,2110326.232700005,72.88110822932855,19.073667168848555,27.983,5.0950093269348145,32.52700932693482,4.544009326934816,4.544009326934816,1.5,SOURCE-DERIVED invert; DERIVED DEM ground and cover,DEM-derived rim in repository THD convention,JUNCTION,
N_2177100304_a0625ab,2177100304,1,277053.21310001856,2110323.335600005,72.88118702827398,19.07364190597422,27.983,5.0950093269348145,32.52700932693482,4.544009326934816,4.544009326934816,1.504,SOURCE-DERIVED invert; DERIVED DEM ground and cover,DEM-derived rim in repository THD convention,JUNCTION,
N_2177100305_54b0b32,2177100305,1,277078.39540001866,2110305.734500005,72.88142825237497,19.07348569286392,27.938000000000002,5.0,32.432,4.494,4.494,2.07,SOURCE-DERIVED invert; DERIVED DEM ground and cover,DEM-derived rim in repository THD convention,JUNCTION,
N_2177100701_4f372f5,2177100701,8,277014.2985000188,2110776.735000005,72.88076529907632,19.077732486649946,26.990000000000002,6.103973865509033,33.535973865509035,6.545973865509033,6.545973865509033,2.373,SOURCE-DERIVED invert; DERIVED DEM ground and cover,DEM-derived rim in repository THD convention,JUNCTION,
N_2177100702_51fee5a,2177100702,8,277044.4923000193,2110778.423000006,72.8810519186234,19.077751029645693,27.145,6.246793270111084,33.678793270111086,6.533793270111087,6.533793270111087,2.373,SOURCE-DERIVED invert; DERIVED DEM ground and cover,DEM-derived rim in repository THD convention,JUNCTION,
N_2177100703_f5aba82,2177100703,8,277073.9456000186,2110778.7415000047,72.88133166150872,19.077757122834186,27.295,7.0,34.432,7.1370000000000005,7.1370000000000005,2.153,SOURCE-DERIVED invert; DERIVED DEM ground and cover,DEM-derived rim in repository THD convention,JUNCTION,
N_2177100704_4948111,2177100704,8,277098.9702000195,2110766.176600005,72.88157081547035,19.077646376879404,27.438000000000002,7.0,34.432,6.994,6.994,1.938,SOURCE-DERIVED invert; DERIVED DEM ground and cover,DEM-derived rim in repository THD convention,JUNCTION,
N_2177101201_e4cef8c,2177101201,1,277107.3464000189,2110298.4384000055,72.88170409116975,19.073422959423933,27.895,4.843038558959961,32.27503855895996,4.3800385589599635,4.3800385589599635,2.07,SOURCE-DERIVED invert; DERIVED DEM ground and cover,DEM-derived rim in repository THD convention,JUNCTION,
N_2177101202_588d887,2177101202,1,277136.8327000184,2110292.654600005,72.88198484092031,19.07337394217372,27.847,4.658425331115723,32.090425331115725,4.2434253311157235,4.2434253311157235,1.983,SOURCE-DERIVED invert; DERIVED DEM ground and cover,DEM-derived rim in repository THD convention,JUNCTION,
N_2177101203_bc9e3b7,2177101203,1,277166.63590001885,2110289.541500005,72.88226829418495,19.07334907924602,27.797,4.5084919929504395,31.940491992950438,4.1434919929504375,4.1434919929504375,1.811,SOURCE-DERIVED invert; DERIVED DEM ground and cover,DEM-derived rim in repository THD convention,JUNCTION,
N_2177101204_b5bfc3f,2177101204,1,277196.6575000185,2110287.5053000054,72.8825536983667,19.073333965630855,27.734,4.353153705596924,31.785153705596922,4.051153705596921,4.051153705596921,1.694,SOURCE-DERIVED invert; DERIVED DEM ground and cover,DEM-derived rim in repository THD convention,JUNCTION,
N_2177101701_3dc22d4,2177101701,8,277119.2295000196,2110744.0008000056,72.88176580685693,19.077448310405316,27.47,6.927278518676758,34.35927851867676,6.889278518676761,6.889278518676761,1.938,SOURCE-DERIVED invert; DERIVED DEM ground and cover,DEM-derived rim in repository THD convention,JUNCTION,
N_2177101702_b548e19,2177101702,8,277122.6000000182,2110740.100000005,72.88179827142831,19.077413448708842,27.5,5.559305667877197,32.9913056678772,5.491305667877199,5.491305667877199,1.698,SOURCE-DERIVED invert; DERIVED DEM ground and cover,DEM-derived rim in repository THD convention,JUNCTION,
N_2177101703_2922d9b,2177101703,8,277131.3716000173,2110729.8513000044,72.88188277033478,19.077321846242572,27.52,11.129817962646484,38.56181796264649,11.041817962646487,11.041817962646487,1.488,SOURCE-DERIVED invert; DERIVED DEM ground and cover,DEM-derived rim in repository THD convention,JUNCTION,
N_2177101704_dc7b6b9,2177101704,8,277140.5522000188,2110724.6756000053,72.88197057176494,19.077276104684657,27.55,11.129817962646484,38.56181796264649,11.011817962646486,11.011817962646486,1.278,SOURCE-DERIVED invert; DERIVED DEM ground and cover,DEM-derived rim in repository THD convention,JUNCTION,
N_2177101705_69e6794,2177101705,8,277170.400000019,2110726.3000000063,72.88225391149062,19.077294033577136,27.580000000000002,11.985505104064941,39.417505104064944,11.837505104064942,11.837505104064942,1.298,SOURCE-DERIVED invert; DERIVED DEM ground and cover,DEM-derived rim in repository THD convention,JUNCTION,
N_2177102201_64f5a5d,2177102201,1,277226.5000000184,2110288.100000004,72.88283709940241,19.0733425927689,27.682000000000002,4.365124225616455,31.797124225616454,4.1151242256164515,4.1151242256164515,1.726,SOURCE-DERIVED invert; DERIVED DEM ground and cover,DEM-derived rim in repository THD convention,JUNCTION,
N_2177102202_29fef92,2177102202,1,277255.90000001923,2110284.6000000047,72.88311676708233,19.07331419027336,27.609,5.223644256591797,32.6556442565918,5.046644256591797,5.046644256591797,1.726,SOURCE-DERIVED invert; DERIVED DEM ground and cover,DEM-derived rim in repository THD convention,JUNCTION,
N_2177102203_c56b30c,2177102203,1,277276.30000001774,2110262.9000000055,72.88331303308073,19.073120433903043,27.589000000000002,5.223644256591797,32.6556442565918,5.066644256591797,5.066644256591797,1.8,SOURCE-DERIVED invert; DERIVED DEM ground and cover,DEM-derived rim in repository THD convention,JUNCTION,
N_2177102204_06572db,2177102204,1,277296.5000000198,2110240.800000006,72.88350744474012,19.07292304289585,27.519000000000002,6.275463104248047,33.70746310424805,6.188463104248047,6.188463104248047,1.781,SOURCE-DERIVED invert; DERIVED DEM ground and cover,DEM-derived rim in repository THD convention,JUNCTION,
N_2177102205_e243afd,2177102205,1,277299.10000002,2110289.0000000056,72.8835266125608,19.073358640717213,27.607000000000003,7.329803943634033,34.761803943634035,7.1548039436340325,7.1548039436340325,1.8,SOURCE-DERIVED invert; DERIVED DEM ground and cover,DEM-derived rim in repository THD convention,JUNCTION,
N_2177102301_49b63df,2177102301,1,277277.700000019,2110371.0000000056,72.8833139295098,19.0740968824928,27.650000000000002,7.645071506500244,35.077071506500246,7.427071506500244,7.427071506500244,1.2,SOURCE-DERIVED invert; DERIVED DEM ground and cover,DEM-derived rim in repository THD convention,JUNCTION,
N_2177102302_d3decd7,2177102302,1,277283.4000000201,2110346.400000006,72.88337089546361,19.073875331473616,27.637,8.675698280334473,36.107698280334475,8.470698280334474,8.470698280334474,1.2,SOURCE-DERIVED invert; DERIVED DEM ground and cover,DEM-derived rim in repository THD convention,JUNCTION,
N_2177102303_e0afbda,2177102303,1,277291.5000000182,2110321.2000000044,72.88345072735028,19.07364862334788,27.624000000000002,8.675698280334473,36.107698280334475,8.483698280334472,8.483698280334472,1.2,SOURCE-DERIVED invert; DERIVED DEM ground and cover,DEM-derived rim in repository THD convention,JUNCTION,
N_2177102304_062af8d,2177102304,1,277298.00000001886,2110306.600000005,72.88351414484221,19.073517473655148,27.616,7.329803943634033,34.761803943634035,7.145803943634036,7.145803943634036,1.2,SOURCE-DERIVED invert; DERIVED DEM ground and cover,DEM-derived rim in repository THD convention,JUNCTION,
N_2177102701_5782a76,2177102701,8,277200.40000001964,2110727.500000005,72.88253874580032,19.077308145722082,27.7,13.802017211914062,41.234017211914065,13.534017211914065,13.534017211914065,1.298,SOURCE-DERIVED invert; DERIVED DEM ground and cover,DEM-derived rim in repository THD convention,JUNCTION,
N_2177102702_0431eb1,2177102702,8,277230.4000000197,2110728.8000000063,72.88282356872746,19.07732316057189,27.900000000000002,14.183337211608887,41.61533721160889,13.715337211608887,13.715337211608887,1.228,SOURCE-DERIVED invert; DERIVED DEM ground and cover,DEM-derived rim in repository THD convention,JUNCTION,
N_2177102703_df8c1a4,2177102703,8,277243.46400001796,2110729.6442000056,72.88294756773182,19.077332210476808,28.495,14.183337211608887,41.61533721160889,13.120337211608888,13.120337211608888,1.125,SOURCE-DERIVED invert; DERIVED DEM ground and cover,DEM-derived rim in repository THD convention,JUNCTION,
N_2177102704_678193c,2177102704,8,277250.4370000193,2110735.7754000043,72.8830131011152,19.077388344734956,28.591,14.183337211608887,41.61533721160889,13.024337211608888,13.024337211608888,0.939,SOURCE-DERIVED invert; DERIVED DEM ground and cover,DEM-derived rim in repository THD convention,JUNCTION,
N_2177103001_d0ee2df,2177103001,1,277399.7187000192,2110095.792800005,72.884504527285,19.07162467680072,27.240000000000002,6.538224697113037,33.97022469711304,6.730224697113037,6.730224697113037,1.868,SOURCE-DERIVED invert; DERIVED DEM ground and cover,DEM-derived rim in repository THD convention,JUNCTION,
N_2177103101_d359f68,2177103101,1,277336.05430002,2110195.1942000054,72.88388839475577,19.072515471532647,27.415000000000003,5.890469074249268,33.32246907424927,5.907469074249267,5.907469074249267,2.253,SOURCE-DERIVED invert; DERIVED DEM ground and cover,DEM-derived rim in repository THD convention,JUNCTION,
N_2177103102_eefbdb2,2177103102,1,277345.60000001773,2110166.9000000055,72.8839823123666,19.072260975641402,27.383000000000003,4.914672374725342,32.346672374725344,4.963672374725341,4.963672374725341,2.253,SOURCE-DERIVED invert; DERIVED DEM ground and cover,DEM-derived rim in repository THD convention,JUNCTION,
N_2177103103_98e1c62,2177103103,1,277361.00000001676,2110141.7000000044,72.88413148352997,19.072035062992992,27.331000000000003,4.531581401824951,31.96358140182495,4.632581401824947,4.632581401824947,1.887,SOURCE-DERIVED invert; DERIVED DEM ground and cover,DEM-derived rim in repository THD convention,JUNCTION,
N_2177103104_2e38ea9,2177103104,1,277380.3161000191,2110118.5221000044,72.88431762053746,19.071827839552576,27.295,4.833099365234375,32.26509936523438,4.9700993652343755,4.9700993652343755,1.887,SOURCE-DERIVED invert; DERIVED DEM ground and cover,DEM-derived rim in repository THD convention,JUNCTION,
N_2177103105_1e237b8,2177103105,1,277385.40000001923,2110112.6000000047,72.88436659034706,19.07177490880584,27.291,4.833099365234375,32.26509936523438,4.974099365234377,4.974099365234377,1.611,SOURCE-DERIVED invert; DERIVED DEM ground and cover,DEM-derived rim in repository THD convention,JUNCTION,
N_2177103106_f9c295e,2177103106,1,277393.00000001874,2110103.6000000047,72.88443981285658,19.071694454515438,27.284000000000002,6.538224697113037,33.97022469711304,6.686224697113037,6.686224697113037,1.611,SOURCE-DERIVED invert; DERIVED DEM ground and cover,DEM-derived rim in repository THD convention,JUNCTION,
N_2177103201_d0d6f6f,2177103201,1,277314.08330001857,2110219.801600005,72.88367687402777,19.07273531527511,27.490000000000002,5.890469074249268,33.32246907424927,5.832469074249268,5.832469074249268,1.898,SOURCE-DERIVED invert; DERIVED DEM ground and cover,DEM-derived rim in repository THD convention,JUNCTION,
N_2177103202_d0126be,2177103202,1,277320.40000001877,2110212.700000005,72.88373768974469,19.072671866634224,27.482000000000003,5.890469074249268,33.32246907424927,5.840469074249267,5.840469074249267,1.898,SOURCE-DERIVED invert; DERIVED DEM ground and cover,DEM-derived rim in repository THD convention,JUNCTION,
N_2177103203_6c2cdbf,2177103203,1,277330.5000000176,2110201.4000000055,72.88383492378732,19.072570913029626,27.469,5.890469074249268,33.32246907424927,5.8534690742492685,5.8534690742492685,1.718,SOURCE-DERIVED invert; DERIVED DEM ground and cover,DEM-derived rim in repository THD convention,JUNCTION,
N_2177103301_6b45778,2177103301,11,277346.50640001823,2110392.093600005,72.88396509489122,19.07429489210286,26.924000000000003,7.620241165161133,35.052241165161135,8.128241165161132,8.128241165161132,2.075,SOURCE-DERIVED invert; DERIVED DEM ground and cover,DEM-derived rim in repository THD convention,JUNCTION,
N_2177103301_3af0ab3,2177103301!,12,277346.50640001823,2110392.093600005,72.88396509489122,19.07429489210286,26.924000000000003,7.620241165161133,35.052241165161135,8.128241165161132,8.128241165161132,2.075,SOURCE-DERIVED invert; DERIVED DEM ground and cover,DEM-derived rim in repository THD convention,JUNCTION,
N_2177103302_16a3d7b,2177103302,11,277395.6317000177,2110379.1300000055,72.88443321818414,19.07418316897219,26.873,7.608270168304443,35.040270168304446,8.167270168304444,8.167270168304444,2.127,SOURCE-DERIVED invert; DERIVED DEM ground and cover,DEM-derived rim in repository THD convention,JUNCTION,
N_2177103302_421f424,2177103302!,12,277395.6317000177,2110379.1300000055,72.88443321818414,19.07418316897219,26.873,7.608270168304443,35.040270168304446,8.167270168304444,8.167270168304444,2.127,SOURCE-DERIVED invert; DERIVED DEM ground and cover,DEM-derived rim in repository THD convention,JUNCTION,
N_2177104001_865070c,2177104001,1,277418.48770001845,2110072.5250000055,72.88468547689627,19.07141658132773,27.194000000000003,11.320775985717773,38.752775985717776,11.558775985717773,11.558775985717773,2.014,SOURCE-DERIVED invert; DERIVED DEM ground and cover,DEM-derived rim in repository THD convention,JUNCTION,
N_2177104002_f394e26,2177104002,1,277429.7339000191,2110059.0007000053,72.88479385203786,19.071295663412197,27.169,11.320775985717773,38.752775985717776,11.583775985717775,11.583775985717775,2.735,SOURCE-DERIVED invert; DERIVED DEM ground and cover,DEM-derived rim in repository THD convention,JUNCTION,
N_2177104003_96eae12,2177104003,1,277437.9996000177,2110049.471100005,72.88487345813955,19.071210498417923,27.146,3.688525438308716,31.120525438308714,3.9745254383087136,3.9745254383087136,2.079,SOURCE-DERIVED invert; DERIVED DEM ground and cover,DEM-derived rim in repository THD convention,JUNCTION,
N_2177104004_2b4a089,2177104004,1,277446.7000000181,2110038.9000000055,72.8849573126366,19.07111597452507,27.136000000000003,3.7379589080810547,31.169958908081053,4.0339589080810505,4.0339589080810505,2.062,SOURCE-DERIVED invert; DERIVED DEM ground and cover,DEM-derived rim in repository THD convention,JUNCTION,
N_2177104005_73d6174,2177104005,1,277451.4485000202,2110085.452500006,72.8849970814832,19.071536927497558,27.174000000000003,4.129629135131836,31.561629135131835,4.3876291351318315,4.3876291351318315,2.735,SOURCE-DERIVED invert; DERIVED DEM ground and cover,DEM-derived rim in repository THD convention,JUNCTION,
N_2177104006_697c07a,2177104006,1,277453.80000001827,2110030.2000000044,72.88502575081272,19.071038174877724,27.128,3.7379589080810547,31.169958908081053,4.041958908081053,4.041958908081053,2.062,SOURCE-DERIVED invert; DERIVED DEM ground and cover,DEM-derived rim in repository THD convention,JUNCTION,
N_2177104007_0cac3fc,2177104007,1,277456.9761000186,2110026.4098000056,72.88505635414077,19.071004290088347,27.101000000000003,3.7379589080810547,31.169958908081053,4.068958908081051,4.068958908081051,2.062,SOURCE-DERIVED invert; DERIVED DEM ground and cover,DEM-derived rim in repository THD convention,JUNCTION,
N_2177104008_9607697,2177104008,1,277473.7000000186,2110007.3000000063,72.88521740000935,19.070833523758214,27.072000000000003,4.253963470458984,31.685963470458983,4.61396347045898,4.61396347045898,1.928,SOURCE-DERIVED invert; DERIVED DEM ground and cover,DEM-derived rim in repository THD convention,JUNCTION,
N_2177104009_f9f0a41,2177104009,1,277476.3000000186,2110004.400000005,72.8852424290287,19.07080761593091,27.066000000000003,4.253963470458984,31.685963470458983,4.6199634704589805,4.6199634704589805,1.928,SOURCE-DERIVED invert; DERIVED DEM ground and cover,DEM-derived rim in repository THD convention,JUNCTION,
N_2177104010_d034362,2177104010,1,277477.42740001855,2110003.0650000046,72.88525329087764,19.070795681822453,27.064,4.253963470458984,31.685963470458983,4.621963470458983,4.621963470458983,2.069,SOURCE-DERIVED invert; DERIVED DEM ground and cover,DEM-derived rim in repository THD convention,JUNCTION,
N_2177104011_415b676,2177104011,1,277495.0006000181,2110016.8760000058,72.88541863104997,19.070922329692483,27.080000000000002,3.5870301723480225,31.01903017234802,3.939030172348019,3.939030172348019,2.069,SOURCE-DERIVED invert; DERIVED DEM ground and cover,DEM-derived rim in repository THD convention,JUNCTION,
N_2177104101_5163f0f,2177104101,1,277470.07010001806,2110108.9165000054,72.88517127424866,19.0717508702539,27.18,6.582135200500488,34.01413520050049,6.834135200500491,6.834135200500491,2.619,SOURCE-DERIVED invert; DERIVED DEM ground and cover,DEM-derived rim in repository THD convention,JUNCTION,
N_2177104102_66f6b16,2177104102,1,277478.61550001847,2110151.6176000047,72.88524755101264,19.072137453347594,27.19,9.548891067504883,36.980891067504885,9.790891067504884,9.790891067504884,1.855,SOURCE-DERIVED invert; DERIVED DEM ground and cover,DEM-derived rim in repository THD convention,JUNCTION,
N_2177104103_ef794f7,2177104103,1,277478.9195000177,2110136.699500005,72.88525214843854,19.072002754743455,27.187,9.548891067504883,36.980891067504885,9.793891067504884,9.793891067504884,2.202,SOURCE-DERIVED invert; DERIVED DEM ground and cover,DEM-derived rim in repository THD convention,JUNCTION,
N_2177104104_8fe56ac,2177104104,1,277481.70860001806,2110166.0260000057,72.88527528035917,19.072267918824714,27.194000000000003,10.494784355163574,37.926784355163576,10.732784355163574,10.732784355163574,2.0,SOURCE-DERIVED invert; DERIVED DEM ground and cover,DEM-derived rim in repository THD convention,JUNCTION,
N_2177104105_59ace02,2177104105,1,277483.354700019,2110195.359500005,72.88528755436076,19.072533021566674,27.199,8.517599105834961,35.94959910583496,8.750599105834961,8.750599105834961,2.0,SOURCE-DERIVED invert; DERIVED DEM ground and cover,DEM-derived rim in repository THD convention,JUNCTION,
N_2177104201_b804865,2177104201,1,277461.1263000184,2110248.050800005,72.88507037111455,19.073006476681385,27.205000000000002,7.290708065032959,34.72270806503296,7.517708065032959,7.517708065032959,2.32,SOURCE-DERIVED invert; DERIVED DEM ground and cover,DEM-derived rim in repository THD convention,JUNCTION,
N_2177104202_a6a80b4,2177104202,1,277466.7883000192,2110260.6041000057,72.8851227146256,19.073120467951256,27.209,5.05605936050415,32.48805936050415,5.279059360504153,5.279059360504153,2.32,SOURCE-DERIVED invert; DERIVED DEM ground and cover,DEM-derived rim in repository THD convention,JUNCTION,
N_2177104203_3a621e5,2177104203,1,277467.606100019,2110220.062500005,72.8851351298242,19.07275440863837,27.202,8.517599105834961,35.94959910583496,8.747599105834961,8.747599105834961,1.914,SOURCE-DERIVED invert; DERIVED DEM ground and cover,DEM-derived rim in repository THD convention,JUNCTION,
N_2177104204_17ef033,2177104204,1,277478.8147000181,2110269.4616000056,72.88523593632524,19.0732017744706,27.212,5.05605936050415,32.48805936050415,5.276059360504153,5.276059360504153,2.253,SOURCE-DERIVED invert; DERIVED DEM ground and cover,DEM-derived rim in repository THD convention,JUNCTION,
N_2177104205_6a03272,2177104205,1,277491.37580001843,2110277.795000005,72.8853542972475,19.073278405828262,27.216,5.05605936050415,32.48805936050415,5.2720593605041515,5.2720593605041515,2.253,SOURCE-DERIVED invert; DERIVED DEM ground and cover,DEM-derived rim in repository THD convention,JUNCTION,
N_2177104301_927681c,2177104301,11,277445.30710001814,2110367.8120000064,72.88490637765523,19.074086366661483,26.822000000000003,7.296624183654785,34.72862418365479,7.906624183654785,7.906624183654785,2.177,SOURCE-DERIVED invert; DERIVED DEM ground and cover,DEM-derived rim in repository THD convention,JUNCTION,
N_2177104301_01baeb0,2177104301!,12,277445.30710001814,2110367.8120000064,72.88490637765523,19.074086366661483,26.822000000000003,7.296624183654785,34.72862418365479,7.906624183654785,7.906624183654785,2.177,SOURCE-DERIVED invert; DERIVED DEM ground and cover,DEM-derived rim in repository THD convention,JUNCTION,
N_2177104302_6060aa5,2177104302,11,277487.39090001804,2110359.6846000045,72.88530705915126,19.074017551425385,26.779,6.877449989318848,34.30944998931885,7.53044998931885,7.53044998931885,2.621,SOURCE-DERIVED invert; DERIVED DEM ground and cover,DEM-derived rim in repository THD convention,JUNCTION,
N_2177104302_4a92d66,2177104302!,12,277487.39090001804,2110359.6846000045,72.88530705915126,19.074017551425385,26.779,6.877449989318848,34.30944998931885,7.53044998931885,7.53044998931885,2.621,SOURCE-DERIVED invert; DERIVED DEM ground and cover,DEM-derived rim in repository THD convention,JUNCTION,
N_2177105001_0e65e57,2177105001,1,277500.58670001844,2110020.636300004,72.88547126097085,19.070956899218753,27.082,4.717775821685791,32.14977582168579,5.067775821685792,5.067775821685792,2.067,SOURCE-DERIVED invert; DERIVED DEM ground and cover,DEM-derived rim in repository THD convention,JUNCTION,
N_2177105002_2022399,2177105002,1,277509.5000000181,2110001.300000006,72.88555814167309,19.070783235911012,27.087,3.4163267612457275,30.848326761245726,3.7613267612457264,3.7613267612457264,1.631,SOURCE-DERIVED invert; DERIVED DEM ground and cover,DEM-derived rim in repository THD convention,JUNCTION,
N_2177105003_fe336ac,2177105003,1,277515.38010001817,2110007.2071000063,72.88561331822017,19.07083722610176,27.089000000000002,3.4163267612457275,30.848326761245726,3.759326761245724,3.759326761245724,1.71,SOURCE-DERIVED invert; DERIVED DEM ground and cover,DEM-derived rim in repository THD convention,JUNCTION,
N_2177105004_732a567,2177105004,1,277515.90000001946,2110014.9000000055,72.88561737511885,19.070906760634188,27.09,4.717775821685791,32.14977582168579,5.059775821685793,5.059775821685793,1.767,SOURCE-DERIVED invert; DERIVED DEM ground and cover,DEM-derived rim in repository THD convention,JUNCTION,
N_2177105005_b974b6b,2177105005,1,277516.12090001855,2110026.918300004,72.8856180962714,19.071015327139396,27.087,4.717775821685791,32.14977582168579,5.062775821685793,5.062775821685793,1.772,SOURCE-DERIVED invert; DERIVED DEM ground and cover,DEM-derived rim in repository THD convention,JUNCTION,
N_2177105006_77844e9,2177105006,11,277565.79720001883,2110026.5003000046,72.8860900060316,19.071016963537893,26.215,3.403470277786255,30.835470277786253,4.620470277786254,4.620470277786254,2.384,SOURCE-DERIVED invert; DERIVED DEM ground and cover,DEM-derived rim in repository THD convention,JUNCTION,
N_2177105006_dc340d2,2177105006!,12,277565.79720001883,2110026.5003000046,72.8860900060316,19.071016963537893,26.436,3.403470277786255,30.835470277786253,4.3994702777862535,4.3994702777862535,2.152,SOURCE-DERIVED invert; DERIVED DEM ground and cover,DEM-derived rim in repository THD convention,JUNCTION,
N_2177105007_1ad0859,2177105007,11,277570.0222000181,2110020.9731000043,72.88613077136348,19.070967505198855,26.433,3.403470277786255,30.835470277786253,4.402470277786254,4.402470277786254,1.973,SOURCE-DERIVED invert; DERIVED DEM ground and cover,DEM-derived rim in repository THD convention,JUNCTION,
N_2177105007_66bb009,2177105007!,12,277570.0222000181,2110020.9731000043,72.88613077136348,19.070967505198855,26.433,3.403470277786255,30.835470277786253,4.402470277786254,4.402470277786254,1.973,SOURCE-DERIVED invert; DERIVED DEM ground and cover,DEM-derived rim in repository THD convention,JUNCTION,
N_2177105008_3b5938e,2177105008,11,277573.80000001786,2110016.000000005,72.88616722536429,19.070923002456883,26.429000000000002,3.403470277786255,30.835470277786253,4.406470277786251,4.406470277786251,1.921,SOURCE-DERIVED invert; DERIVED DEM ground and cover,DEM-derived rim in repository THD convention,JUNCTION,
N_2177105008_f6ed605,2177105008!,12,277573.80000001786,2110016.000000005,72.88616722536429,19.070923002456883,26.429000000000002,3.403470277786255,30.835470277786253,4.406470277786251,4.406470277786251,1.921,SOURCE-DERIVED invert; DERIVED DEM ground and cover,DEM-derived rim in repository THD convention,JUNCTION,
N_2177105009_b8276a5,2177105009,11,277575.80000001885,2110013.500000005,72.8861865092066,19.070900641710445,26.428,3.403470277786255,30.835470277786253,4.407470277786253,4.407470277786253,1.922,SOURCE-DERIVED invert; DERIVED DEM ground and cover,DEM-derived rim in repository THD convention,JUNCTION,
N_2177105009_87e9ea6,2177105009!,12,277575.80000001885,2110013.500000005,72.8861865092066,19.070900641710445,26.428,3.403470277786255,30.835470277786253,4.407470277786253,4.407470277786253,1.922,SOURCE-DERIVED invert; DERIVED DEM ground and cover,DEM-derived rim in repository THD convention,JUNCTION,
N_2177105010_cda34e3,2177105010,11,277577.480300018,2110011.5901000043,72.88620268870316,19.070883575589683,26.427,4.784779071807861,32.21677907180786,5.789779071807864,5.789779071807864,1.923,SOURCE-DERIVED invert; DERIVED DEM ground and cover,DEM-derived rim in repository THD convention,JUNCTION,
N_2177105010_daea428,2177105010!,12,277577.480300018,2110011.5901000043,72.88620268870316,19.070883575589683,26.427,4.784779071807861,32.21677907180786,5.789779071807864,5.789779071807864,1.923,SOURCE-DERIVED invert; DERIVED DEM ground and cover,DEM-derived rim in repository THD convention,JUNCTION,
N_2177105011_60e722b,2177105011,11,277579.0000000182,2110009.6000000047,72.88621735188808,19.070865767654187,26.425,4.784779071807861,32.21677907180786,5.791779071807863,5.791779071807863,1.925,SOURCE-DERIVED invert; DERIVED DEM ground and cover,DEM-derived rim in repository THD convention,JUNCTION,
N_2177105011_e0d499e,2177105011!,12,277579.0000000182,2110009.6000000047,72.88621735188808,19.070865767654187,26.425,4.784779071807861,32.21677907180786,5.791779071807863,5.791779071807863,1.925,SOURCE-DERIVED invert; DERIVED DEM ground and cover,DEM-derived rim in repository THD convention,JUNCTION,
N_2177105012_c533040,2177105012,11,277582.10000001884,2110005.5000000047,72.88624726759404,19.070829076413112,26.422,4.784779071807861,32.21677907180786,5.794779071807863,5.794779071807863,1.928,SOURCE-DERIVED invert; DERIVED DEM ground and cover,DEM-derived rim in repository THD convention,JUNCTION,
N_2177105012_e807dce,2177105012!,12,277582.10000001884,2110005.5000000047,72.88624726759404,19.070829076413112,26.422,4.784779071807861,32.21677907180786,5.794779071807863,5.794779071807863,1.928,SOURCE-DERIVED invert; DERIVED DEM ground and cover,DEM-derived rim in repository THD convention,JUNCTION,
N_2177105013_0ffdb42,2177105013,11,277549.7000000184,2110092.0000000056,72.88592959871572,19.07160676617875,26.264000000000003,7.010062217712402,34.442062217712405,8.178062217712402,8.178062217712402,2.343,SOURCE-DERIVED invert; DERIVED DEM ground and cover,DEM-derived rim in repository THD convention,JUNCTION,
N_2177105013_05cfddb,2177105013!,12,277549.7000000184,2110092.0000000056,72.88592959871572,19.07160676617875,26.264000000000003,7.010062217712402,34.442062217712405,8.178062217712402,8.178062217712402,2.343,SOURCE-DERIVED invert; DERIVED DEM ground and cover,DEM-derived rim in repository THD convention,JUNCTION,
N_2177105014_10b16b1,2177105014,11,277551.90000002005,2110062.1000000047,72.88595392164899,19.0713369660261,26.243000000000002,6.716587066650391,34.14858706665039,7.905587066650391,7.905587066650391,2.355,SOURCE-DERIVED invert; DERIVED DEM ground and cover,DEM-derived rim in repository THD convention,JUNCTION,
N_2177105014_3607d6f,2177105014!,12,277551.90000002005,2110062.1000000047,72.88595392164899,19.0713369660261,26.243000000000002,6.716587066650391,34.14858706665039,7.905587066650391,7.905587066650391,2.355,SOURCE-DERIVED invert; DERIVED DEM ground and cover,DEM-derived rim in repository THD convention,JUNCTION,
N_2177105015_e7d2107,2177105015,11,277555.7000000181,2110044.500000005,72.8859920332766,19.071178426760074,26.23,6.716587066650391,34.14858706665039,7.918587066650392,7.918587066650392,2.355,SOURCE-DERIVED invert; DERIVED DEM ground and cover,DEM-derived rim in repository THD convention,JUNCTION,
N_2177105015_31bcc6d,2177105015!,12,277555.7000000181,2110044.500000005,72.8859920332766,19.071178426760074,26.23,6.716587066650391,34.14858706665039,7.918587066650392,7.918587066650392,2.355,SOURCE-DERIVED invert; DERIVED DEM ground and cover,DEM-derived rim in repository THD convention,JUNCTION,
N_2177105016_eb627b3,2177105016,11,277564.20000001864,2110047.6000000043,72.88607241744654,19.071207350086926,25.239,2.414551258087158,29.846551258087157,4.607551258087156,4.607551258087156,2.268,SOURCE-DERIVED invert; DERIVED DEM ground and cover,DEM-derived rim in repository THD convention,PILOT_BOUNDARY_ASSUMPTION,PILOT_BOUNDARY; source-directed terminal; physical receiving water unverified
N_2177105016_1390709,2177105016!,12,277564.20000001864,2110047.6000000043,72.88607241744654,19.071207350086926,25.239,2.414551258087158,29.846551258087157,4.607551258087156,4.607551258087156,2.268,SOURCE-DERIVED invert; DERIVED DEM ground and cover,DEM-derived rim in repository THD convention,PILOT_BOUNDARY_ASSUMPTION,PILOT_BOUNDARY; source-directed terminal; physical receiving water unverified
N_2177105017_c14994f,2177105017,11,277559.6000000165,2110036.1000000043,72.88603004070791,19.071102987549278,26.223000000000003,3.403470277786255,30.835470277786253,4.612470277786251,4.612470277786251,2.384,SOURCE-DERIVED invert; DERIVED DEM ground and cover,DEM-derived rim in repository THD convention,JUNCTION,
N_2177105017_3f6656c,2177105017!,12,277559.6000000165,2110036.1000000043,72.88603004070791,19.071102987549278,26.455000000000002,3.403470277786255,30.835470277786253,4.380470277786252,4.380470277786252,2.152,SOURCE-DERIVED invert; DERIVED DEM ground and cover,DEM-derived rim in repository THD convention,JUNCTION,
N_2177105101_d00aec1,2177105101,11,277541.439800018,2110181.659000005,72.88584086393581,19.072415615370375,26.328000000000003,6.3285813331604,33.7605813331604,7.4325813331604,7.4325813331604,2.279,SOURCE-DERIVED invert; DERIVED DEM ground and cover,DEM-derived rim in repository THD convention,JUNCTION,
N_2177105101_189b75e,2177105101!,12,277541.439800018,2110181.659000005,72.88584086393581,19.072415615370375,26.328000000000003,6.3285813331604,33.7605813331604,7.4325813331604,7.4325813331604,2.279,SOURCE-DERIVED invert; DERIVED DEM ground and cover,DEM-derived rim in repository THD convention,JUNCTION,
N_2177105102_2d437b1,2177105102,11,277544.50000001886,2110151.800000006,72.88587335343661,19.072146279276776,26.307000000000002,6.350711345672607,33.78271134567261,7.475711345672607,7.475711345672607,2.291,SOURCE-DERIVED invert; DERIVED DEM ground and cover,DEM-derived rim in repository THD convention,JUNCTION,
N_2177105102_afe4d00,2177105102!,12,277544.50000001886,2110151.800000006,72.88587335343661,19.072146279276776,26.307000000000002,6.350711345672607,33.78271134567261,7.475711345672607,7.475711345672607,2.291,SOURCE-DERIVED invert; DERIVED DEM ground and cover,DEM-derived rim in repository THD convention,JUNCTION,
N_2177105103_c299cd2,2177105103,11,277547.28650001896,2110121.782600006,72.8859032611187,19.071875482764952,26.285,6.191142559051514,33.623142559051516,7.338142559051516,7.338142559051516,2.291,SOURCE-DERIVED invert; DERIVED DEM ground and cover,DEM-derived rim in repository THD convention,JUNCTION,
N_2177105103_cc0cbb9,2177105103!,12,277547.28650001896,2110121.782600006,72.8859032611187,19.071875482764952,26.285,6.191142559051514,33.623142559051516,7.338142559051516,7.338142559051516,2.291,SOURCE-DERIVED invert; DERIVED DEM ground and cover,DEM-derived rim in repository THD convention,JUNCTION,
N_2177105201_784998e,2177105201,1,277501.7000000189,2110288.4000000046,72.88545114992937,19.073375309156486,27.222,4.50115442276001,31.93315442276001,4.711154422760007,4.711154422760007,2.037,SOURCE-DERIVED invert; DERIVED DEM ground and cover,DEM-derived rim in repository THD convention,JUNCTION,
N_2177105202_4c246d2,2177105202,11,277536.90000001836,2110241.400000006,72.88579089571577,19.072954667417722,26.37,3.9762685298919678,31.408268529891966,5.038268529891965,5.038268529891965,2.246,SOURCE-DERIVED invert; DERIVED DEM ground and cover,DEM-derived rim in repository THD convention,JUNCTION,
N_2177105202_fc5799a,2177105202!,12,277536.90000001836,2110241.400000006,72.88579089571577,19.072954667417722,26.37,3.9762685298919678,31.408268529891966,5.038268529891965,5.038268529891965,2.246,SOURCE-DERIVED invert; DERIVED DEM ground and cover,DEM-derived rim in repository THD convention,JUNCTION,
N_2177105203_6961cff,2177105203,11,277538.900000019,2110211.400000006,72.88581333099474,19.072683942428313,26.349,4.8932623863220215,32.325262386322024,5.9762623863220234,5.9762623863220234,2.249,SOURCE-DERIVED invert; DERIVED DEM ground and cover,DEM-derived rim in repository THD convention,JUNCTION,
N_2177105203_1346405,2177105203!,12,277538.900000019,2110211.400000006,72.88581333099474,19.072683942428313,26.349,4.8932623863220215,32.325262386322024,5.9762623863220234,5.9762623863220234,2.249,SOURCE-DERIVED invert; DERIVED DEM ground and cover,DEM-derived rim in repository THD convention,JUNCTION,
N_2177105204_a29f742,2177105204,11,277533.6000000182,2110271.300000006,72.88575612326171,19.07322434760839,26.392000000000003,4.490902423858643,31.92290242385864,5.530902423858638,5.530902423858638,2.394,SOURCE-DERIVED invert; DERIVED DEM ground and cover,DEM-derived rim in repository THD convention,JUNCTION,
N_2177105204_37762f9,2177105204!,12,277533.6000000182,2110271.300000006,72.88575612326171,19.07322434760839,26.392000000000003,4.490902423858643,31.92290242385864,5.530902423858638,5.530902423858638,2.394,SOURCE-DERIVED invert; DERIVED DEM ground and cover,DEM-derived rim in repository THD convention,JUNCTION,
N_2177105301_fa4b72d,2177105301,1,277515.54400001874,2110314.8390000043,72.88557962221242,19.073615599600263,27.226000000000003,4.50115442276001,31.93315442276001,4.707154422760006,4.707154422760006,1.943,SOURCE-DERIVED invert; DERIVED DEM ground and cover,DEM-derived rim in repository THD convention,JUNCTION,
N_2177105302_9606551,2177105302,1,277522.44320001826,2110328.3198000053,72.88564361196273,19.07373810222751,27.23,4.490336894989014,31.922336894989012,4.692336894989012,4.692336894989012,1.769,SOURCE-DERIVED invert; DERIVED DEM ground and cover,DEM-derived rim in repository THD convention,JUNCTION,
N_2177105303_5eac646,2177105303,11,277521.2368000181,2110374.3400000054,72.8856268784246,19.07415359887274,26.77,5.141455173492432,32.573455173492434,5.803455173492434,5.803455173492434,3.23,SOURCE-DERIVED invert; DERIVED DEM ground and cover,DEM-derived rim in repository THD convention,JUNCTION,
N_2177105303_5722c89,2177105303!,12,277521.2368000181,2110374.3400000054,72.8856268784246,19.07415359887274,26.77,5.141455173492432,32.573455173492434,5.803455173492434,5.803455173492434,3.23,SOURCE-DERIVED invert; DERIVED DEM ground and cover,DEM-derived rim in repository THD convention,JUNCTION,
N_2177105304_daf457a,2177105304,11,277521.5050000183,2110388.378300005,72.88562781716662,19.074280413981153,26.787000000000003,5.2226128578186035,32.654612857818606,5.867612857818603,5.867612857818603,3.212,SOURCE-DERIVED invert; DERIVED DEM ground and cover,DEM-derived rim in repository THD convention,JUNCTION,
N_2177105304_74e5de0,2177105304!,12,277521.5050000183,2110388.378300005,72.88562781716662,19.074280413981153,26.787000000000003,5.2226128578186035,32.654612857818606,5.867612857818603,5.867612857818603,3.212,SOURCE-DERIVED invert; DERIVED DEM ground and cover,DEM-derived rim in repository THD convention,JUNCTION,
N_2177105305_62fc696,2177105305,11,277523.03840001795,2110335.9403000064,72.8856483923792,19.073806991076427,26.731,4.490336894989014,31.922336894989012,5.191336894989011,5.191336894989011,2.269,SOURCE-DERIVED invert; DERIVED DEM ground and cover,DEM-derived rim in repository THD convention,JUNCTION,
N_2177105305_a6749d7,2177105305!,12,277523.03840001795,2110335.9403000064,72.8856483923792,19.073806991076427,26.731,4.490336894989014,31.922336894989012,5.191336894989011,5.191336894989011,2.269,SOURCE-DERIVED invert; DERIVED DEM ground and cover,DEM-derived rim in repository THD convention,JUNCTION,
N_2177105306_5eb42fd,2177105306,11,277523.0384000186,2110344.034200005,72.88564746480228,19.073880090548652,26.740000000000002,4.490336894989014,31.922336894989012,5.18233689498901,5.18233689498901,2.059,SOURCE-DERIVED invert; DERIVED DEM ground and cover,DEM-derived rim in repository THD convention,JUNCTION,
N_2177105306_c19f17e,2177105306!,12,277523.0384000186,2110344.034200005,72.88564746480228,19.073880090548652,26.740000000000002,4.490336894989014,31.922336894989012,5.18233689498901,5.18233689498901,2.059,SOURCE-DERIVED invert; DERIVED DEM ground and cover,DEM-derived rim in repository THD convention,JUNCTION,
N_2177105307_04357ac,2177105307,11,277523.2309000173,2110360.2387000057,72.88564743626056,19.074026461291524,26.755000000000003,5.141455173492432,32.573455173492434,5.818455173492431,5.818455173492431,3.044,SOURCE-DERIVED invert; DERIVED DEM ground and cover,DEM-derived rim in repository THD convention,JUNCTION,
N_2177105307_608be71,2177105307!,12,277523.2309000173,2110360.2387000057,72.88564743626056,19.074026461291524,26.755000000000003,5.141455173492432,32.573455173492434,5.818455173492431,5.818455173492431,3.044,SOURCE-DERIVED invert; DERIVED DEM ground and cover,DEM-derived rim in repository THD convention,JUNCTION,
N_2177105308_560e556,2177105308,11,277525.3489000177,2110366.644900005,72.88566682077074,19.074084549205562,26.762,5.141455173492432,32.573455173492434,5.811455173492433,5.811455173492433,3.23,SOURCE-DERIVED invert; DERIVED DEM ground and cover,DEM-derived rim in repository THD convention,JUNCTION,
N_2177105308_bf580f0,2177105308!,12,277525.3489000177,2110366.644900005,72.88566682077074,19.074084549205562,26.762,5.141455173492432,32.573455173492434,5.811455173492433,5.811455173492433,3.23,SOURCE-DERIVED invert; DERIVED DEM ground and cover,DEM-derived rim in repository THD convention,JUNCTION,
N_2177105309_825c8d2,2177105309,11,277526.4491000183,2110394.1422000052,72.88567412019849,19.074333008955886,26.794,5.0,32.432,5.638000000000002,5.638000000000002,3.206,SOURCE-DERIVED invert; DERIVED DEM ground and cover,DEM-derived rim in repository THD convention,JUNCTION,
N_2177105309_1f856cb,2177105309!,12,277526.4491000183,2110394.1422000052,72.88567412019849,19.074333008955886,26.794,5.0,32.432,5.638000000000002,5.638000000000002,3.206,SOURCE-DERIVED invert; DERIVED DEM ground and cover,DEM-derived rim in repository THD convention,JUNCTION,
N_2177105310_1d81521,2177105310,11,277528.42280001775,2110330.8657000056,72.88570011974598,19.073761746879217,26.434,4.473748207092285,31.905748207092284,5.471748207092283,5.471748207092283,3.16,SOURCE-DERIVED invert; DERIVED DEM ground and cover,DEM-derived rim in repository THD convention,JUNCTION,
N_2177105310_f731057,2177105310!,12,277528.42280001775,2110330.8657000056,72.88570011974598,19.073761746879217,26.434,4.473748207092285,31.905748207092284,5.471748207092283,5.471748207092283,3.16,SOURCE-DERIVED invert; DERIVED DEM ground and cover,DEM-derived rim in repository THD convention,JUNCTION,
N_2177105311_590b0ed,2177105311,11,277529.8373000177,2110322.136100005,72.88571455631391,19.073683060246,26.428,4.473748207092285,31.905748207092284,5.477748207092283,5.477748207092283,2.779,SOURCE-DERIVED invert; DERIVED DEM ground and cover,DEM-derived rim in repository THD convention,JUNCTION,
N_2177105311_f7b1ad4,2177105311!,12,277529.8373000177,2110322.136100005,72.88571455631391,19.073683060246,26.428,4.473748207092285,31.905748207092284,5.477748207092283,5.477748207092283,2.779,SOURCE-DERIVED invert; DERIVED DEM ground and cover,DEM-derived rim in repository THD convention,JUNCTION,
N_2177105312_1b2d3f5,2177105312,11,277529.83230001794,2110352.8081000056,72.88571099385982,19.073960071662317,26.745,5.0,32.432,5.687000000000001,5.687000000000001,3.054,SOURCE-DERIVED invert; DERIVED DEM ground and cover,DEM-derived rim in repository THD convention,JUNCTION,
N_2177105312_fdab565,2177105312!,12,277529.83230001794,2110352.8081000056,72.88571099385982,19.073960071662317,26.745,5.0,32.432,5.687000000000001,5.687000000000001,3.054,SOURCE-DERIVED invert; DERIVED DEM ground and cover,DEM-derived rim in repository THD convention,JUNCTION,
N_2177105313_63dbdb0,2177105313,11,277530.2260000168,2110318.637800006,72.88571864942458,19.07365150795249,26.427,4.473748207092285,31.905748207092284,5.478748207092284,5.478748207092284,2.78,SOURCE-DERIVED invert; DERIVED DEM ground and cover,DEM-derived rim in repository THD convention,JUNCTION,
N_2177105313_e35f42b,2177105313!,12,277530.2260000168,2110318.637800006,72.88571864942458,19.07365150795249,26.427,4.473748207092285,31.905748207092284,5.478748207092284,5.478748207092284,2.78,SOURCE-DERIVED invert; DERIVED DEM ground and cover,DEM-derived rim in repository THD convention,JUNCTION,
N_2177105314_d18d106,2177105314,11,277531.78740001854,2110301.203100005,72.88573547891698,19.073494217832963,26.413,4.515170574188232,31.94717057418823,5.534170574188231,5.534170574188231,2.78,SOURCE-DERIVED invert; DERIVED DEM ground and cover,DEM-derived rim in repository THD convention,JUNCTION,
N_2177105314_7d5a1ef,2177105314!,12,277531.78740001854,2110301.203100005,72.88573547891698,19.073494217832963,26.413,4.515170574188232,31.94717057418823,5.534170574188231,5.534170574188231,2.78,SOURCE-DERIVED invert; DERIVED DEM ground and cover,DEM-derived rim in repository THD convention,JUNCTION,
N_2177105315_e969ec5,2177105315,11,277538.7000000187,2110345.600000005,72.88579605325803,19.073895938424126,26.447000000000003,4.473748207092285,31.905748207092284,5.458748207092281,5.458748207092281,3.353,SOURCE-DERIVED invert; DERIVED DEM ground and cover,DEM-derived rim in repository THD convention,JUNCTION,
N_2177105315_02bca36,2177105315!,12,277538.7000000187,2110345.600000005,72.88579605325803,19.073895938424126,26.447000000000003,4.473748207092285,31.905748207092284,5.458748207092281,5.458748207092281,3.353,SOURCE-DERIVED invert; DERIVED DEM ground and cover,DEM-derived rim in repository THD convention,JUNCTION,
N_2177105316_d8c0896,2177105316,11,277544.56170001876,2110354.2635000045,72.88585074017327,19.07397482085892,26.454,5.0,32.432,5.9780000000000015,5.9780000000000015,3.353,SOURCE-DERIVED invert; DERIVED DEM ground and cover,DEM-derived rim in repository THD convention,JUNCTION,
N_2177105316_60ae539,2177105316!,12,277544.56170001876,2110354.2635000045,72.88585074017327,19.07397482085892,26.454,5.0,32.432,5.9780000000000015,5.9780000000000015,3.353,SOURCE-DERIVED invert; DERIVED DEM ground and cover,DEM-derived rim in repository THD convention,JUNCTION,
N_2177105317_133faba,2177105317,11,277569.9220000183,2110371.4391000043,72.88608966719691,19.074132703996852,26.476000000000003,6.525362491607666,33.95736249160767,7.4813624916076655,7.4813624916076655,2.301,SOURCE-DERIVED invert; DERIVED DEM ground and cover,DEM-derived rim in repository THD convention,JUNCTION,
N_2177105317_c8dd3da,2177105317!,12,277569.9220000183,2110371.4391000043,72.88608966719691,19.074132703996852,26.476000000000003,6.525362491607666,33.95736249160767,7.4813624916076655,7.4813624916076655,2.301,SOURCE-DERIVED invert; DERIVED DEM ground and cover,DEM-derived rim in repository THD convention,JUNCTION,
N_2177105318_adc3bf9,2177105318,11,277594.1000000185,2110389.0000000056,72.88631731997248,19.074293937888715,26.497,5.95076847076416,33.38276847076416,6.885768470764162,6.885768470764162,2.49,SOURCE-DERIVED invert; DERIVED DEM ground and cover,DEM-derived rim in repository THD convention,JUNCTION,
N_2177105318_8ac9a24,2177105318!,12,277594.1000000185,2110389.0000000056,72.88631731997248,19.074293937888715,26.497,5.95076847076416,33.38276847076416,6.885768470764162,6.885768470764162,2.49,SOURCE-DERIVED invert; DERIVED DEM ground and cover,DEM-derived rim in repository THD convention,JUNCTION,
N_2177105319_aa16381,2177105319,11,277517.1000000187,2110348.9000000055,72.88559049892365,19.073923388596782,26.747,5.141455173492432,32.573455173492434,5.826455173492434,5.826455173492434,2.621,SOURCE-DERIVED invert; DERIVED DEM ground and cover,DEM-derived rim in repository THD convention,JUNCTION,
N_2177105319_b675cdd,2177105319!,12,277517.1000000187,2110348.9000000055,72.88559049892365,19.073923388596782,26.747,5.141455173492432,32.573455173492434,5.826455173492434,5.826455173492434,2.621,SOURCE-DERIVED invert; DERIVED DEM ground and cover,DEM-derived rim in repository THD convention,JUNCTION,
N_2177105320_b256615,2177105320,11,277517.30000001786,2110382.2000000044,72.88558858230388,19.074224156911843,26.779,5.2226128578186035,32.654612857818606,5.875612857818606,5.875612857818606,3.221,SOURCE-DERIVED invert; DERIVED DEM ground and cover,DEM-derived rim in repository THD convention,JUNCTION,
N_2177105320_e33d1d2,2177105320!,12,277517.30000001786,2110382.2000000044,72.88558858230388,19.074224156911843,26.779,5.2226128578186035,32.654612857818606,5.875612857818606,5.875612857818606,3.221,SOURCE-DERIVED invert; DERIVED DEM ground and cover,DEM-derived rim in repository THD convention,JUNCTION,
N_2177105401_3e9250e,2177105401,11,277536.7088000186,2110401.6988000046,72.88577071029543,19.074402373750303,26.807000000000002,5.0,32.432,5.625,5.625,3.777,SOURCE-DERIVED invert; DERIVED DEM ground and cover,DEM-derived rim in repository THD convention,JUNCTION,
N_2177105401_9959323,2177105401!,12,277536.7088000186,2110401.6988000046,72.88577071029543,19.074402373750303,26.807000000000002,5.0,32.432,5.625,5.625,3.777,SOURCE-DERIVED invert; DERIVED DEM ground and cover,DEM-derived rim in repository THD convention,JUNCTION,
N_2177105402_46fc268,2177105402,11,277547.24350001855,2110411.958800004,72.885869602887,19.07449618402707,26.822000000000003,5.0,32.432,5.609999999999999,5.609999999999999,3.777,SOURCE-DERIVED invert; DERIVED DEM ground and cover,DEM-derived rim in repository THD convention,JUNCTION,
N_2177105402_653925d,2177105402!,12,277547.24350001855,2110411.958800004,72.885869602887,19.07449618402707,26.822000000000003,5.0,32.432,5.609999999999999,5.609999999999999,3.777,SOURCE-DERIVED invert; DERIVED DEM ground and cover,DEM-derived rim in repository THD convention,JUNCTION,
N_2177105403_e1828b8,2177105403,11,277549.6640000174,2110422.7562000053,72.88589135773896,19.074593963694394,26.833000000000002,5.0,32.432,5.599,5.599,3.766,SOURCE-DERIVED invert; DERIVED DEM ground and cover,DEM-derived rim in repository THD convention,JUNCTION,
N_2177105403_71124f0,2177105403!,12,277549.6640000174,2110422.7562000053,72.88589135773896,19.074593963694394,26.833000000000002,5.0,32.432,5.599,5.599,3.766,SOURCE-DERIVED invert; DERIVED DEM ground and cover,DEM-derived rim in repository THD convention,JUNCTION,
N_2177105404_07ea1f5,2177105404,11,277552.9097000185,2110438.6921000048,72.88592036230226,19.074738241263354,26.849,6.288266658782959,33.72026665878296,6.871266658782961,6.871266658782961,3.351,SOURCE-DERIVED invert; DERIVED DEM ground and cover,DEM-derived rim in repository THD convention,JUNCTION,
N_2177105404_175ba62,2177105404!,12,277552.9097000185,2110438.6921000048,72.88592036230226,19.074738241263354,26.849,6.288266658782959,33.72026665878296,6.871266658782961,6.871266658782961,3.351,SOURCE-DERIVED invert; DERIVED DEM ground and cover,DEM-derived rim in repository THD convention,JUNCTION,
N_2177105405_107ee05,2177105405,11,277557.4886000193,2110454.867400005,72.88596200347402,19.074884826209253,26.866,5.042150020599365,32.47415002059937,5.608150020599368,5.608150020599368,3.334,SOURCE-DERIVED invert; DERIVED DEM ground and cover,DEM-derived rim in repository THD convention,JUNCTION,
N_2177105405_4c7af6f,2177105405!,12,277557.4886000193,2110454.867400005,72.88596200347402,19.074884826209253,26.866,5.042150020599365,32.47415002059937,5.608150020599368,5.608150020599368,3.334,SOURCE-DERIVED invert; DERIVED DEM ground and cover,DEM-derived rim in repository THD convention,JUNCTION,
N_2177105406_a1f8b19,2177105406,11,277570.98100001784,2110472.427700005,72.88608815500416,19.075044890789112,26.889000000000003,5.1331329345703125,32.565132934570315,5.676132934570312,5.676132934570312,3.31,SOURCE-DERIVED invert; DERIVED DEM ground and cover,DEM-derived rim in repository THD convention,JUNCTION,
N_2177105406_61d8520,2177105406!,12,277570.98100001784,2110472.427700005,72.88608815500416,19.075044890789112,26.889000000000003,5.1331329345703125,32.565132934570315,5.676132934570312,5.676132934570312,3.31,SOURCE-DERIVED invert; DERIVED DEM ground and cover,DEM-derived rim in repository THD convention,JUNCTION,
N_2177105407_2100cfe,2177105407,11,277581.5157000191,2110485.6600000053,72.88618670756603,19.075165545061328,26.908,5.1331329345703125,32.565132934570315,5.657132934570313,5.657132934570313,3.472,SOURCE-DERIVED invert; DERIVED DEM ground and cover,DEM-derived rim in repository THD convention,JUNCTION,
N_2177105407_2ff876f,2177105407!,12,277581.5157000191,2110485.6600000053,72.88618670756603,19.075165545061328,26.908,5.1331329345703125,32.565132934570315,5.657132934570313,5.657132934570313,3.472,SOURCE-DERIVED invert; DERIVED DEM ground and cover,DEM-derived rim in repository THD convention,JUNCTION,
N_2177105408_44233f7,2177105408,11,277582.7889000171,2110484.4564000047,72.88619893956475,19.075154813536752,26.906000000000002,5.1331329345703125,32.565132934570315,5.659132934570312,5.659132934570312,3.291,SOURCE-DERIVED invert; DERIVED DEM ground and cover,DEM-derived rim in repository THD convention,JUNCTION,
N_2177105408_c91f1df,2177105408!,12,277582.7889000171,2110484.4564000047,72.88619893956475,19.075154813536752,26.906000000000002,5.1331329345703125,32.565132934570315,5.659132934570312,5.659132934570312,3.291,SOURCE-DERIVED invert; DERIVED DEM ground and cover,DEM-derived rim in repository THD convention,JUNCTION,
N_2177105501_143e2ba,2177105501,11,277553.1847000182,2110518.6063000048,72.88591381670858,19.07546001056909,26.951,7.592741012573242,35.024741012573244,8.073741012573244,8.073741012573244,3.448,SOURCE-DERIVED invert; DERIVED DEM ground and cover,DEM-derived rim in repository THD convention,JUNCTION,
N_2177105501_dac10ad,2177105501!,12,277553.1847000182,2110518.6063000048,72.88591381670858,19.07546001056909,26.951,7.592741012573242,35.024741012573244,8.073741012573244,8.073741012573244,3.448,SOURCE-DERIVED invert; DERIVED DEM ground and cover,DEM-derived rim in repository THD convention,JUNCTION,
N_2177105502_8d780b9,2177105502,11,277567.76280001865,2110501.3271000045,72.88605427390276,19.075305543047953,26.928,4.751543045043945,32.18354304504395,5.255543045043947,5.255543045043947,3.472,SOURCE-DERIVED invert; DERIVED DEM ground and cover,DEM-derived rim in repository THD convention,JUNCTION,
N_2177105502_29f291d,2177105502!,12,277567.76280001865,2110501.3271000045,72.88605427390276,19.075305543047953,26.928,4.751543045043945,32.18354304504395,5.255543045043947,5.255543045043947,3.472,SOURCE-DERIVED invert; DERIVED DEM ground and cover,DEM-derived rim in repository THD convention,JUNCTION,
N_2177106401_1b31034,2177106401,11,277616.4000000185,2110406.3000000054,72.8865271640957,19.074452610687125,26.517000000000003,5.95076847076416,33.38276847076416,6.865768470764159,6.865768470764159,2.49,SOURCE-DERIVED invert; DERIVED DEM ground and cover,DEM-derived rim in repository THD convention,JUNCTION,
N_2177106401_06288cb,2177106401!,12,277616.4000000185,2110406.3000000054,72.8865271640957,19.074452610687125,26.517000000000003,5.95076847076416,33.38276847076416,6.865768470764159,6.865768470764159,2.49,SOURCE-DERIVED invert; DERIVED DEM ground and cover,DEM-derived rim in repository THD convention,JUNCTION,
N_2177106402_2928282,2177106402,11,277637.7000000186,2110425.600000005,72.88672728058881,19.07462923723836,26.538,4.476417541503906,31.908417541503905,5.370417541503905,5.370417541503905,2.469,SOURCE-DERIVED invert; DERIVED DEM ground and cover,DEM-derived rim in repository THD convention,JUNCTION,
N_2177106402_4377a0c,2177106402!,12,277637.7000000186,2110425.600000005,72.88672728058881,19.07462923723836,26.538,4.476417541503906,31.908417541503905,5.370417541503905,5.370417541503905,2.469,SOURCE-DERIVED invert; DERIVED DEM ground and cover,DEM-derived rim in repository THD convention,JUNCTION,
N_2177106403_b914a8f,2177106403,11,277660.62310001696,2110444.778300006,72.88694282920248,19.074804941241727,26.559,4.995984077453613,32.427984077453615,5.868984077453614,5.868984077453614,2.247,SOURCE-DERIVED invert; DERIVED DEM ground and cover,DEM-derived rim in repository THD convention,JUNCTION,
N_2177106403_90ee6b6,2177106403!,12,277660.62310001696,2110444.778300006,72.88694282920248,19.074804941241727,26.559,4.995984077453613,32.427984077453615,5.868984077453614,5.868984077453614,2.247,SOURCE-DERIVED invert; DERIVED DEM ground and cover,DEM-derived rim in repository THD convention,JUNCTION,
N_2177106404_979f07d,2177106404,11,277684.2193000179,2110463.513000005,72.88716482283657,19.07497671198289,26.580000000000002,4.9785590171813965,32.4105590171814,5.830559017181397,5.830559017181397,2.247,SOURCE-DERIVED invert; DERIVED DEM ground and cover,DEM-derived rim in repository THD convention,JUNCTION,
N_2177106404_6a5fd8d,2177106404!,12,277684.2193000179,2110463.513000005,72.88716482283657,19.07497671198289,26.580000000000002,4.9785590171813965,32.4105590171814,5.830559017181397,5.830559017181397,2.247,SOURCE-DERIVED invert; DERIVED DEM ground and cover,DEM-derived rim in repository THD convention,JUNCTION,
N_2177107401_560ab74,2177107401,11,277707.81550001825,2110482.024100005,72.88738684254419,19.075146463068414,26.602,6.0,33.432,6.830000000000002,6.830000000000002,2.184,SOURCE-DERIVED invert; DERIVED DEM ground and cover,DEM-derived rim in repository THD convention,JUNCTION,
N_2177107401_0dc040f,2177107401!,12,277707.81550001825,2110482.024100005,72.88738684254419,19.075146463068414,26.602,6.0,33.432,6.830000000000002,6.830000000000002,2.184,SOURCE-DERIVED invert; DERIVED DEM ground and cover,DEM-derived rim in repository THD convention,JUNCTION,
N_2177107501_084c7eb,2177107501,11,277731.4227000181,2110500.5353000048,72.88760896719205,19.075316216027677,26.623,8.041967391967773,35.473967391967776,8.850967391967774,8.850967391967774,2.184,SOURCE-DERIVED invert; DERIVED DEM ground and cover,DEM-derived rim in repository THD convention,JUNCTION,
N_2177107501_78eda4e,2177107501!,12,277731.4227000181,2110500.5353000048,72.88760896719205,19.075316216027677,26.623,8.041967391967773,35.473967391967776,8.850967391967774,8.850967391967774,2.184,SOURCE-DERIVED invert; DERIVED DEM ground and cover,DEM-derived rim in repository THD convention,JUNCTION,
N_2177107502_481478b,2177107502,11,277754.6989000188,2110519.4785000044,72.8878278986727,19.075489834309053,26.644000000000002,8.910619735717773,36.342619735717776,9.698619735717774,9.698619735717774,2.103,SOURCE-DERIVED invert; DERIVED DEM ground and cover,DEM-derived rim in repository THD convention,JUNCTION,
N_2177107502_85491ab,2177107502!,12,277754.6989000188,2110519.4785000044,72.8878278986727,19.075489834309053,26.644000000000002,8.910619735717773,36.342619735717776,9.698619735717774,9.698619735717774,2.103,SOURCE-DERIVED invert; DERIVED DEM ground and cover,DEM-derived rim in repository THD convention,JUNCTION,
N_2177107503_46cc85a,2177107503,11,277777.54500001844,2110539.0773000047,72.8880426700383,19.075669326567272,26.666,21.40673828125,48.83873828125,22.172738281250002,22.172738281250002,2.211,SOURCE-DERIVED invert; DERIVED DEM ground and cover,DEM-derived rim in repository THD convention,JUNCTION,
N_2177107503_6f1097c,2177107503!,12,277777.54500001844,2110539.0773000047,72.8880426700383,19.075669326567272,26.666,21.40673828125,48.83873828125,22.172738281250002,22.172738281250002,2.211,SOURCE-DERIVED invert; DERIVED DEM ground and cover,DEM-derived rim in repository THD convention,JUNCTION,
N_2177108501_484de01,2177108501,11,277800.3000000184,2110558.500000005,72.88825659667094,19.075847218264403,26.687,4.754453182220459,32.18645318222046,5.49945318222046,5.49945318222046,2.211,SOURCE-DERIVED invert; DERIVED DEM ground and cover,DEM-derived rim in repository THD convention,JUNCTION,
N_2177108501_6522ac3,2177108501!,12,277800.3000000184,2110558.500000005,72.88825659667094,19.075847218264403,26.687,4.754453182220459,32.18645318222046,5.49945318222046,5.49945318222046,2.211,SOURCE-DERIVED invert; DERIVED DEM ground and cover,DEM-derived rim in repository THD convention,JUNCTION,
N_2177108502_cf265b6,2177108502,11,277822.9171000186,2110577.9470000057,72.88846921106881,19.07602531421041,26.708000000000002,8.640830993652344,36.072830993652346,9.364830993652344,9.364830993652344,2.169,SOURCE-DERIVED invert; DERIVED DEM ground and cover,DEM-derived rim in repository THD convention,JUNCTION,
N_2177108502_cfac700,2177108502!,12,277822.9171000186,2110577.9470000057,72.88846921106881,19.07602531421041,26.708000000000002,8.640830993652344,36.072830993652346,9.364830993652344,9.364830993652344,2.169,SOURCE-DERIVED invert; DERIVED DEM ground and cover,DEM-derived rim in repository THD convention,JUNCTION,
N_2177108503_c6955ac,2177108503,11,277846.62360001885,2110596.785900006,72.88869224378567,19.076198036477834,26.729000000000003,10.43111801147461,37.86311801147461,11.134118011474609,11.134118011474609,2.169,SOURCE-DERIVED invert; DERIVED DEM ground and cover,DEM-derived rim in repository THD convention,JUNCTION,
N_2177108503_b6dfe75,2177108503!,12,277846.62360001885,2110596.785900006,72.88869224378567,19.076198036477834,26.729000000000003,10.43111801147461,37.86311801147461,11.134118011474609,11.134118011474609,2.169,SOURCE-DERIVED invert; DERIVED DEM ground and cover,DEM-derived rim in repository THD convention,JUNCTION,
N_2177108601_bdf56b5,2177108601,11,277870.0000000183,2110615.400000005,72.88891216706301,19.07636869233056,26.735000000000003,8.857325553894043,36.289325553894045,9.554325553894042,9.554325553894042,2.178,SOURCE-DERIVED invert; DERIVED DEM ground and cover,DEM-derived rim in repository THD convention,JUNCTION,
N_2177108601_91bc79c,2177108601!,12,277870.0000000183,2110615.400000005,72.88891216706301,19.07636869233056,26.735000000000003,8.857325553894043,36.289325553894045,9.554325553894042,9.554325553894042,2.178,SOURCE-DERIVED invert; DERIVED DEM ground and cover,DEM-derived rim in repository THD convention,JUNCTION,
N_2177108602_8f85997,2177108602,11,277893.50000001676,2110634.000000005,72.88913326649876,19.076539234065084,26.740000000000002,6.013206481933594,33.445206481933596,6.705206481933594,6.705206481933594,2.178,SOURCE-DERIVED invert; DERIVED DEM ground and cover,DEM-derived rim in repository THD convention,JUNCTION,
N_2177108602_8f8b797,2177108602!,12,277893.50000001676,2110634.000000005,72.88913326649876,19.076539234065084,26.740000000000002,6.013206481933594,33.445206481933596,6.705206481933594,6.705206481933594,2.178,SOURCE-DERIVED invert; DERIVED DEM ground and cover,DEM-derived rim in repository THD convention,JUNCTION,
N_2177109601_f8b6042,2177109601,11,277916.98190001794,2110652.542900005,72.88935420099723,19.076709257910167,26.793000000000003,10.468666076660156,37.90066607666016,11.107666076660156,11.107666076660156,2.023,SOURCE-DERIVED invert; DERIVED DEM ground and cover,DEM-derived rim in repository THD convention,JUNCTION,
N_2177109601_795ec84,2177109601!,12,277916.98190001794,2110652.542900005,72.88935420099723,19.076709257910167,26.793000000000003,10.468666076660156,37.90066607666016,11.107666076660156,11.107666076660156,2.023,SOURCE-DERIVED invert; DERIVED DEM ground and cover,DEM-derived rim in repository THD convention,JUNCTION,
N_2177109602_21ddb0b,2177109602,11,277940.4788000176,2110671.381900005,72.88957524456661,19.076881957373978,26.815,8.003859519958496,35.4358595199585,8.620859519958497,8.620859519958497,2.092,SOURCE-DERIVED invert; DERIVED DEM ground and cover,DEM-derived rim in repository THD convention,JUNCTION,
N_2177109602_acf7944,2177109602!,12,277940.4788000176,2110671.381900005,72.88957524456661,19.076881957373978,26.815,8.003859519958496,35.4358595199585,8.620859519958497,8.620859519958497,2.092,SOURCE-DERIVED invert; DERIVED DEM ground and cover,DEM-derived rim in repository THD convention,JUNCTION,
N_2177109603_3e36bc3,2177109603,11,277963.90000001923,2110690.0000000056,72.88979559479243,19.077052653332956,26.836000000000002,5.52517032623291,32.95717032623291,6.12117032623291,6.12117032623291,2.092,SOURCE-DERIVED invert; DERIVED DEM ground and cover,DEM-derived rim in repository THD convention,JUNCTION,
N_2177109603_f68b372,2177109603!,12,277963.90000001923,2110690.0000000056,72.88979559479243,19.077052653332956,26.836000000000002,5.52517032623291,32.95717032623291,6.12117032623291,6.12117032623291,2.092,SOURCE-DERIVED invert; DERIVED DEM ground and cover,DEM-derived rim in repository THD convention,JUNCTION,
N_2177109701_6bc0e31,2177109701,11,277988.1014000189,2110707.7636000053,72.8900234544298,19.07721571654583,26.857000000000003,5.543598175048828,32.97559817504883,6.118598175048827,6.118598175048827,2.239,SOURCE-DERIVED invert; DERIVED DEM ground and cover,DEM-derived rim in repository THD convention,JUNCTION,
N_2177109701_98998be,2177109701!,12,277988.1014000189,2110707.7636000053,72.8900234544298,19.07721571654583,26.857000000000003,5.543598175048828,32.97559817504883,6.118598175048827,6.118598175048827,2.239,SOURCE-DERIVED invert; DERIVED DEM ground and cover,DEM-derived rim in repository THD convention,JUNCTION,
N_2177109801_9cfdb77,2177109801,11,277959.1561000191,2110893.7283000047,72.88972722406609,19.078892098802672,27.456000000000003,7.0,34.432,6.975999999999999,6.975999999999999,2.496,SOURCE-DERIVED invert; DERIVED DEM ground and cover,DEM-derived rim in repository THD convention,JUNCTION,
N_2177109801_4aa1e1d,2177109801!,12,277959.1561000191,2110893.7283000047,72.88972722406609,19.078892098802672,27.456000000000003,7.0,34.432,6.975999999999999,6.975999999999999,2.496,SOURCE-DERIVED invert; DERIVED DEM ground and cover,DEM-derived rim in repository THD convention,JUNCTION,
N_2177109802_043ace6,2177109802,11,277961.8663000178,2110884.720800004,72.88975399937632,19.078811042858884,27.447000000000003,7.0,34.432,6.984999999999999,6.984999999999999,2.352,SOURCE-DERIVED invert; DERIVED DEM ground and cover,DEM-derived rim in repository THD convention,JUNCTION,
N_2177109802_20b1c54,2177109802!,12,277961.8663000178,2110884.720800004,72.88975399937632,19.078811042858884,27.447000000000003,7.0,34.432,6.984999999999999,6.984999999999999,2.352,SOURCE-DERIVED invert; DERIVED DEM ground and cover,DEM-derived rim in repository THD convention,JUNCTION,
N_2177109803_69db630,2177109803,11,277976.42970001884,2110848.355600004,72.88989650032345,19.078484196577527,27.408,7.0,34.432,7.024000000000001,7.024000000000001,2.391,SOURCE-DERIVED invert; DERIVED DEM ground and cover,DEM-derived rim in repository THD convention,JUNCTION,
N_2177109803_35414f8,2177109803!,12,277976.42970001884,2110848.355600004,72.88989650032345,19.078484196577527,27.408,7.0,34.432,7.024000000000001,7.024000000000001,2.391,SOURCE-DERIVED invert; DERIVED DEM ground and cover,DEM-derived rim in repository THD convention,JUNCTION,
N_2177109804_c1b992e,2177109804,11,277981.235600019,2110839.585000006,72.88994315579382,19.078405508083314,27.398,7.0,34.432,7.0340000000000025,7.0340000000000025,2.401,SOURCE-DERIVED invert; DERIVED DEM ground and cover,DEM-derived rim in repository THD convention,JUNCTION,
N_2177109804_0c7c96e,2177109804!,12,277981.235600019,2110839.585000006,72.88994315579382,19.078405508083314,27.398,7.0,34.432,7.0340000000000025,7.0340000000000025,2.401,SOURCE-DERIVED invert; DERIVED DEM ground and cover,DEM-derived rim in repository THD convention,JUNCTION,
N_2177109901_9a0c6ee,2177109901,11,277948.26380001754,2110988.873100005,72.88961286919931,19.07975020898902,27.553,6.124546051025391,33.55654605102539,6.003546051025392,6.003546051025392,2.592,SOURCE-DERIVED invert; DERIVED DEM ground and cover,DEM-derived rim in repository THD convention,JUNCTION,
N_2177109901_ccfc9d8,2177109901!,12,277948.26380001754,2110988.873100005,72.88961286919931,19.07975020898902,27.553,6.124546051025391,33.55654605102539,6.003546051025392,6.003546051025392,2.592,SOURCE-DERIVED invert; DERIVED DEM ground and cover,DEM-derived rim in repository THD convention,JUNCTION,
N_2177109902_9540bb4,2177109902,11,277949.30900001863,2110940.2764000054,72.8896283584093,19.079311424256677,27.504,8.55524730682373,35.98724730682373,8.483247306823731,8.483247306823731,2.496,SOURCE-DERIVED invert; DERIVED DEM ground and cover,DEM-derived rim in repository THD convention,JUNCTION,
N_2177109902_263ab19,2177109902!,12,277949.30900001863,2110940.2764000054,72.8896283584093,19.079311424256677,27.504,8.55524730682373,35.98724730682373,8.483247306823731,8.483247306823731,2.496,SOURCE-DERIVED invert; DERIVED DEM ground and cover,DEM-derived rim in repository THD convention,JUNCTION,
N_2177110001_487c244,2177110001,9,277008.60000001796,2111070.800000006,72.88067737924845,19.08038768090484,26.766000000000002,5.0,32.432,5.666,5.666,1.892,SOURCE-DERIVED invert; DERIVED DEM ground and cover,DEM-derived rim in repository THD convention,JUNCTION,
N_2177110002_8991bd4,2177110002,9,277013.06450001907,2111035.299600005,72.88072386794165,19.080067550617077,26.825000000000003,11.0,38.432,11.607,11.607,1.537,SOURCE-DERIVED invert; DERIVED DEM ground and cover,DEM-derived rim in repository THD convention,JUNCTION,
N_2177110003_ab1158a,2177110003,9,277026.7000000186,2111094.6000000047,72.88084658065728,19.080604605479117,26.914,8.01989459991455,35.45189459991455,8.537894599914551,8.537894599914551,1.734,SOURCE-DERIVED invert; DERIVED DEM ground and cover,DEM-derived rim in repository THD convention,JUNCTION,
N_2177110101_8e456f0,2177110101,9,277044.7000000194,2111118.8000000063,72.88101478660815,19.080825131569338,26.976000000000003,10.992074966430664,38.424074966430666,11.448074966430664,11.448074966430664,1.721,SOURCE-DERIVED invert; DERIVED DEM ground and cover,DEM-derived rim in repository THD convention,JUNCTION,
N_2177110102_cba2c39,2177110102,9,277075.9000000187,2111166.2000000044,72.88130571810366,19.08125662772602,27.036,5.035682678222656,32.46768267822266,5.431682678222657,5.431682678222657,1.721,SOURCE-DERIVED invert; DERIVED DEM ground and cover,DEM-derived rim in repository THD convention,JUNCTION,
N_2177110103_15f8928,2177110103,9,277093.6000000189,2111193.9000000055,72.88147067341143,19.081508730623845,27.16,5.9838175773620605,33.41581757736206,6.255817577362063,6.255817577362063,1.698,SOURCE-DERIVED invert; DERIVED DEM ground and cover,DEM-derived rim in repository THD convention,JUNCTION,
N_2177110104_9b7fec1,2177110104,9,277097.6000000182,2111156.800000006,72.8815129324774,19.081174102702914,27.461000000000002,5.035682678222656,32.46768267822266,5.006682678222656,5.006682678222656,1.634,SOURCE-DERIVED invert; DERIVED DEM ground and cover,DEM-derived rim in repository THD convention,JUNCTION,
N_2177110501_d9cae41,2177110501,10,277019.1596000187,2111580.8577000047,72.88071906907476,19.084995364719983,28.066000000000003,12.743978500366211,40.17597850036621,12.10997850036621,12.10997850036621,1.5,SOURCE-DERIVED invert; DERIVED DEM ground and cover,DEM-derived rim in repository THD convention,JUNCTION,
N_2177110601_26a2074,2177110601,10,277031.4643000188,2111656.345400005,72.88082728117837,19.085678468030878,28.502000000000002,15.363869667053223,42.795869667053225,14.293869667053222,14.293869667053222,1.5,SOURCE-DERIVED invert; DERIVED DEM ground and cover,DEM-derived rim in repository THD convention,JUNCTION,
N_2177110602_196f320,2177110602,10,277039.8725000191,2111655.365500004,72.88090726781239,19.08567053696677,28.55,15.588946342468262,43.020946342468264,14.470946342468263,14.470946342468263,1.5,SOURCE-DERIVED invert; DERIVED DEM ground and cover,DEM-derived rim in repository THD convention,JUNCTION,
N_2177111101_da0ab5a,2177111101,9,277109.0000000184,2111177.9000000055,72.88161880060059,19.081365910199477,27.564,6.383321285247803,33.815321285247805,6.251321285247805,6.251321285247805,1.798,SOURCE-DERIVED invert; DERIVED DEM ground and cover,DEM-derived rim in repository THD convention,JUNCTION,
N_2177111201_5cee703,2177111201,9,277107.2000000195,2111220.900000005,72.88159676239945,19.08175406366368,27.221,10.303380012512207,37.73538001251221,10.514380012512209,10.514380012512209,1.815,SOURCE-DERIVED invert; DERIVED DEM ground and cover,DEM-derived rim in repository THD convention,JUNCTION,
N_2177111202_77d0ffa,2177111202,9,277121.3000000181,2111247.500000005,72.88172764734304,19.081995838692798,27.283,13.043892860412598,40.4758928604126,13.192892860412599,13.192892860412599,1.815,SOURCE-DERIVED invert; DERIVED DEM ground and cover,DEM-derived rim in repository THD convention,JUNCTION,
N_2177111203_32f891a,2177111203,9,277134.4000000187,2111274.5000000056,72.88184898734744,19.082241117014846,27.581000000000003,12.101940155029297,39.5339401550293,11.952940155029296,11.952940155029296,1.717,SOURCE-DERIVED invert; DERIVED DEM ground and cover,DEM-derived rim in repository THD convention,JUNCTION,
N_2177111301_28b5bbe,2177111301,9,277148.2393000183,2111300.9447000064,72.88197741433778,19.082481460880974,27.877000000000002,9.109709739685059,36.54170973968506,8.664709739685058,8.664709739685058,1.648,SOURCE-DERIVED invert; DERIVED DEM ground and cover,DEM-derived rim in repository THD convention,JUNCTION,
N_2177111302_b62ca2e,2177111302,9,277162.1000000187,2111327.600000005,72.88210602077054,19.08272370903667,28.174000000000003,11.583252906799316,39.01525290679932,10.841252906799316,10.841252906799316,1.624,SOURCE-DERIVED invert; DERIVED DEM ground and cover,DEM-derived rim in repository THD convention,JUNCTION,
N_2177111303_d156d96,2177111303,9,277175.6000000166,2111354.4000000055,72.8822311845011,19.082967224591965,28.472,11.291491508483887,38.72349150848389,10.251491508483888,10.251491508483888,1.621,SOURCE-DERIVED invert; DERIVED DEM ground and cover,DEM-derived rim in repository THD convention,JUNCTION,
N_2177111304_3f43d91,2177111304,9,277189.1175000183,2111381.060300006,72.88235653085192,19.083209480315755,28.591,11.291491508483887,38.72349150848389,10.132491508483888,10.132491508483888,1.811,SOURCE-DERIVED invert; DERIVED DEM ground and cover,DEM-derived rim in repository THD convention,JUNCTION,
N_2177112301_8f5980b,2177112301,9,277220.1110000166,2111391.6461000047,72.88264973519075,19.083308468652355,28.6,9.27522087097168,36.70722087097168,8.10722087097168,8.10722087097168,1.836,SOURCE-DERIVED invert; DERIVED DEM ground and cover,DEM-derived rim in repository THD convention,JUNCTION,
N_2177112401_ec76b77,2177112401,9,277205.0609000181,2111406.492700005,72.882505063188,19.083440911181125,28.773,9.27522087097168,36.70722087097168,7.934220870971682,7.934220870971682,1.973,SOURCE-DERIVED invert; DERIVED DEM ground and cover,DEM-derived rim in repository THD convention,JUNCTION,
N_2177112402_0fc4d73,2177112402,9,277222.30200001865,2111431.0211000047,72.88266602713476,19.08366431924498,28.962,9.487933158874512,36.919933158874514,7.957933158874514,7.957933158874514,1.973,SOURCE-DERIVED invert; DERIVED DEM ground and cover,DEM-derived rim in repository THD convention,JUNCTION,
N_2177112403_d000c72,2177112403,9,277245.2129000181,2111449.428700005,72.8828815542338,19.083833066723933,29.156000000000002,11.962904930114746,39.39490493011475,10.238904930114746,10.238904930114746,2.176,SOURCE-DERIVED invert; DERIVED DEM ground and cover,DEM-derived rim in repository THD convention,JUNCTION,
N_2177112404_f51fe0f,2177112404,9,277270.6000000186,2111465.3000000054,72.88312089550912,19.08397917791669,29.234,13.0,40.432,11.198,11.198,2.176,SOURCE-DERIVED invert; DERIVED DEM ground and cover,DEM-derived rim in repository THD convention,JUNCTION,
N_2177112405_4525323,2177112405,9,277277.3386000192,2111449.7541000056,72.88318669321104,19.08383951211623,29.372,13.0,40.432,11.060000000000002,11.060000000000002,2.008,SOURCE-DERIVED invert; DERIVED DEM ground and cover,DEM-derived rim in repository THD convention,JUNCTION,
N_2177112406_80e49e8,2177112406,9,277295.32310001866,2111475.0947000044,72.8833546271294,19.084070336139202,29.646,17.079694747924805,44.51169474792481,14.865694747924806,14.865694747924806,1.874,SOURCE-DERIVED invert; DERIVED DEM ground and cover,DEM-derived rim in repository THD convention,JUNCTION,
N_2177112407_cdbb09c,2177112407,9,277297.60000001895,2111458.6000000043,72.88337814989139,19.083921614324094,29.5,12.627276420593262,40.059276420593264,10.559276420593264,10.559276420593264,2.008,SOURCE-DERIVED invert; DERIVED DEM ground and cover,DEM-derived rim in repository THD convention,JUNCTION,
N_2177113401_e3af9c7,2177113401,9,277326.6448000189,2111487.602400004,72.88365073082913,19.084186716353805,29.864,13.032673835754395,40.4646738357544,10.600673835754396,10.600673835754396,1.874,SOURCE-DERIVED invert; DERIVED DEM ground and cover,DEM-derived rim in repository THD convention,JUNCTION,
N_2177113402_8841e8d,2177113402,9,277354.43760001834,2111498.199500005,72.88391353154603,19.08428545569253,29.92,9.961529731750488,37.39352973175049,7.473529731750489,7.473529731750489,1.892,SOURCE-DERIVED invert; DERIVED DEM ground and cover,DEM-derived rim in repository THD convention,JUNCTION,
N_2177113501_21709c6,2177113501,9,277307.723900018,2111530.5366000044,72.88346606398848,19.08457240771412,30.1,13.709988594055176,41.14198859405518,11.041988594055177,11.041988594055177,1.5,SOURCE-DERIVED invert; DERIVED DEM ground and cover,DEM-derived rim in repository THD convention,JUNCTION,
N_2177113502_79332c5,2177113502,9,277315.50000001857,2111583.5000000056,72.88353385344386,19.085051590224516,30.264000000000003,13.663674354553223,41.095674354553225,10.831674354553222,10.831674354553222,1.5,SOURCE-DERIVED invert; DERIVED DEM ground and cover,DEM-derived rim in repository THD convention,JUNCTION,
N_2177113503_d3f57ba,2177113503,9,277339.5293000188,2111554.5710000056,72.8837654405772,19.08479294292524,30.082,17.882829666137695,45.3148296661377,15.232829666137697,15.232829666137697,1.699,SOURCE-DERIVED invert; DERIVED DEM ground and cover,DEM-derived rim in repository THD convention,JUNCTION,
N_2177113504_1089c26,2177113504,9,277341.2000000193,2111584.500000006,72.88377787629835,19.08506342617643,30.131,13.663674354553223,41.095674354553225,10.964674354553225,10.964674354553225,1.699,SOURCE-DERIVED invert; DERIVED DEM ground and cover,DEM-derived rim in repository THD convention,JUNCTION,
N_2177113505_ef88051,2177113505,9,277348.8760000195,2111526.684900006,72.8838574300642,19.08454211210181,30.01,14.848405838012695,42.2804058380127,12.270405838012696,12.270405838012696,1.892,SOURCE-DERIVED invert; DERIVED DEM ground and cover,DEM-derived rim in repository THD convention,JUNCTION,
N_2177113601_06d3a77,2177113601,9,277321.04290001886,2111621.5043000053,72.88358214590355,19.085395427331804,30.41,11.3337984085083,38.7657984085083,8.355798408508303,8.355798408508303,1.5,SOURCE-DERIVED invert; DERIVED DEM ground and cover,DEM-derived rim in repository THD convention,JUNCTION,
N_2177113602_2bee81b,2177113602,10,277321.4271000187,2111623.388000006,72.88358557939867,19.08541248171651,30.165000000000003,11.3337984085083,38.7657984085083,8.6007984085083,8.6007984085083,1.5,SOURCE-DERIVED invert; DERIVED DEM ground and cover,DEM-derived rim in repository THD convention,JUNCTION,
N_2177113603_29e35d6,2177113603,9,277343.76230001694,2111612.720400005,72.88379897790621,19.0853185756557,30.338,12.19071102142334,39.62271102142334,9.284711021423341,9.284711021423341,1.65,SOURCE-DERIVED invert; DERIVED DEM ground and cover,DEM-derived rim in repository THD convention,JUNCTION,
N_2177113604_ac92ef2,2177113604,9,277345.87890001864,2111620.1414000057,72.88381823287155,19.085385828680437,30.371000000000002,12.19071102142334,39.62271102142334,9.25171102142334,9.25171102142334,1.617,SOURCE-DERIVED invert; DERIVED DEM ground and cover,DEM-derived rim in repository THD convention,JUNCTION,
N_2177113605_e4e81dd,2177113605,9,277349.4000000197,2111655.800000006,72.88384758897392,19.08570826018152,31.039,10.257214546203613,37.689214546203615,6.650214546203614,6.650214546203614,0.9,SOURCE-DERIVED invert; DERIVED DEM ground and cover,DEM-derived rim in repository THD convention,JUNCTION,
N_2177113701_56aee60,2177113701,9,277351.20000001835,2111709.1000000043,72.8838585705537,19.086189830502143,31.097,7.29046630859375,34.72246630859375,3.625466308593751,3.625466308593751,0.9,SOURCE-DERIVED invert; DERIVED DEM ground and cover,DEM-derived rim in repository THD convention,JUNCTION,
N_2177113702_06ae46b,2177113702,10,277351.50000001874,2111758.0000000056,72.88385580767114,19.08663149893765,30.650000000000002,7.881010055541992,35.313010055541994,4.663010055541992,4.663010055541992,1.5,SOURCE-DERIVED invert; DERIVED DEM ground and cover,DEM-derived rim in repository THD convention,JUNCTION,
N_2177113703_9fb76ca,2177113703,9,277365.1000000188,2111772.800000006,72.88398330369645,19.08676664778704,31.168000000000003,7.881010055541992,35.313010055541994,4.1450100555419915,4.1450100555419915,0.9,SOURCE-DERIVED invert; DERIVED DEM ground and cover,DEM-derived rim in repository THD convention,JUNCTION,
N_2177113801_c413eb2,2177113801,10,277368.2874000173,2111832.025000005,72.88400678516305,19.087301880560716,31.330000000000002,8.858841896057129,36.29084189605713,4.960841896057129,4.960841896057129,1.5,SOURCE-DERIVED invert; DERIVED DEM ground and cover,DEM-derived rim in repository THD convention,JUNCTION,
N_2177113802_1f1efe6,2177113802,9,277377.70000002015,2111832.9000000064,72.88409610113646,19.087310810127136,31.235000000000003,9.697610855102539,37.12961085510254,5.894610855102538,5.894610855102538,0.9,SOURCE-DERIVED invert; DERIVED DEM ground and cover,DEM-derived rim in repository THD convention,JUNCTION,
N_2177113803_64e8895,2177113803,10,277383.5998000185,2111898.1285000048,72.88414466074477,19.087900558909286,31.970000000000002,11.014671325683594,38.446671325683596,6.4766713256835935,6.4766713256835935,1.5,SOURCE-DERIVED invert; DERIVED DEM ground and cover,DEM-derived rim in repository THD convention,JUNCTION,
N_2177113804_f43206c,2177113804,9,277391.10000001907,2111891.6000000047,72.88421665955578,19.08784241576191,31.3,11.014671325683594,38.446671325683596,7.146671325683595,7.146671325683595,0.9,SOURCE-DERIVED invert; DERIVED DEM ground and cover,DEM-derived rim in repository THD convention,JUNCTION,
N_2177114501_331cf38,2177114501,9,277449.6493000188,2111511.398500005,72.88481647902358,19.08441504752579,30.38,10.490693092346191,37.922693092346194,7.542693092346195,7.542693092346195,1.5,SOURCE-DERIVED invert; DERIVED DEM ground and cover,DEM-derived rim in repository THD convention,JUNCTION,
N_2177114502_890ea1a,2177114502,9,277461.7221000191,2111539.5358000062,72.88492793683012,19.08467048376233,30.869,13.626705169677734,41.05870516967774,10.189705169677737,10.189705169677737,1.2,SOURCE-DERIVED invert; DERIVED DEM ground and cover,DEM-derived rim in repository THD convention,JUNCTION,
N_2177114503_b318550,2177114503,9,277469.2035000188,2111519.287700005,72.88500132901686,19.084488430699192,30.54,13.0,40.432,9.892000000000003,9.892000000000003,1.5,SOURCE-DERIVED invert; DERIVED DEM ground and cover,DEM-derived rim in repository THD convention,JUNCTION,
N_2177115501_40f3c5e,2177115501,9,277588.2079000181,2111581.256500005,72.88612470663193,19.08506107137169,31.464000000000002,9.869979858398438,37.30197985839844,5.8379798583984375,5.8379798583984375,1.75,SOURCE-DERIVED invert; DERIVED DEM ground and cover,DEM-derived rim in repository THD convention,JUNCTION,
N_2177115502_ba98043,2177115502,9,277596.112100018,2111559.601000005,72.88620227552586,19.08486635299119,31.29,11.891155242919922,39.323155242919924,8.033155242919925,8.033155242919925,1.5,SOURCE-DERIVED invert; DERIVED DEM ground and cover,DEM-derived rim in repository THD convention,JUNCTION,
N_2177116201_7640219,2177116201,11,277623.91580001765,2111240.6896000053,72.88650295065638,19.08198915943304,27.992,9.052958488464355,36.48495848846436,8.492958488464357,8.492958488464357,2.408,SOURCE-DERIVED invert; DERIVED DEM ground and cover,DEM-derived rim in repository THD convention,JUNCTION,
N_2177116201_7590b69,2177116201!,12,277623.91580001765,2111240.6896000053,72.88650295065638,19.08198915943304,27.992,9.052958488464355,36.48495848846436,8.492958488464357,8.492958488464357,2.408,SOURCE-DERIVED invert; DERIVED DEM ground and cover,DEM-derived rim in repository THD convention,JUNCTION,
N_2177116202_c504476,2177116202,11,277689.59960001905,2111202.369700005,72.88713129539764,19.08165023202954,27.916,5.04658842086792,32.47858842086792,4.562588420867922,4.562588420867922,2.408,SOURCE-DERIVED invert; DERIVED DEM ground and cover,DEM-derived rim in repository THD convention,JUNCTION,
N_2177116202_553b735,2177116202!,12,277689.59960001905,2111202.369700005,72.88713129539764,19.08165023202954,27.916,5.04658842086792,32.47858842086792,4.562588420867922,4.562588420867922,2.408,SOURCE-DERIVED invert; DERIVED DEM ground and cover,DEM-derived rim in repository THD convention,JUNCTION,
N_2177116501_f2b1dae,2177116501,9,277600.3802000185,2111585.2138000047,72.88623988414356,19.085098138144215,31.586000000000002,9.869979858398438,37.30197985839844,5.715979858398438,5.715979858398438,1.75,SOURCE-DERIVED invert; DERIVED DEM ground and cover,DEM-derived rim in repository THD convention,JUNCTION,
N_2177116502_cbeb2e5,2177116502,9,277639.38390001666,2111597.8940000045,72.88660894784725,19.085216909157182,31.978,9.3052978515625,36.7372978515625,4.759297851562501,4.759297851562501,1.75,SOURCE-DERIVED invert; DERIVED DEM ground and cover,DEM-derived rim in repository THD convention,JUNCTION,
N_2177116503_92549b7,2177116503,9,277644.7966000191,2111572.9961000043,72.88666321983689,19.08499263554314,32.11,10.51512336730957,37.94712336730957,5.837123367309573,5.837123367309573,1.5,SOURCE-DERIVED invert; DERIVED DEM ground and cover,DEM-derived rim in repository THD convention,JUNCTION,
N_2177116701_85db9bd,2177116701,9,277671.49590001884,2111712.804100004,72.88690082738293,19.0862582100745,32.688,10.0,37.432,4.744,4.744,1.595,SOURCE-DERIVED invert; DERIVED DEM ground and cover,DEM-derived rim in repository THD convention,JUNCTION,
N_2177117101_aa1ba18,2177117101,11,277752.42270001874,2111166.1992000053,72.88773221681296,19.081330402868836,27.843,10.130261421203613,37.562261421203615,9.719261421203615,9.719261421203615,2.283,SOURCE-DERIVED invert; DERIVED DEM ground and cover,DEM-derived rim in repository THD convention,JUNCTION,
N_2177117101_b836f72,2177117101!,12,277752.42270001874,2111166.1992000053,72.88773221681296,19.081330402868836,27.843,10.130261421203613,37.562261421203615,9.719261421203615,9.719261421203615,2.283,SOURCE-DERIVED invert; DERIVED DEM ground and cover,DEM-derived rim in repository THD convention,JUNCTION,
N_2177117801_c68e3f9,2177117801,9,277722.99120001856,2111816.344400005,72.88737814778735,19.087198937120746,33.373000000000005,13.005199432373047,40.43719943237305,7.064199432373044,7.064199432373044,1.598,SOURCE-DERIVED invert; DERIVED DEM ground and cover,DEM-derived rim in repository THD convention,JUNCTION,
N_2177117802_b3e07d8,2177117802,9,277729.1580000187,2111815.900800006,72.88743678114913,19.087195602620923,33.410000000000004,13.005199432373047,40.43719943237305,7.027199432373045,7.027199432373045,1.939,SOURCE-DERIVED invert; DERIVED DEM ground and cover,DEM-derived rim in repository THD convention,JUNCTION,
N_2177117803_5761735,2177117803,9,277780.5528000165,2111808.980100005,72.8879258074416,19.087138697285194,33.859,16.026559829711914,43.458559829711916,9.599559829711914,9.599559829711914,1.939,SOURCE-DERIVED invert; DERIVED DEM ground and cover,DEM-derived rim in repository THD convention,JUNCTION,
N_2177117804_2a0382c,2177117804,9,277783.33840001875,2111836.6639000047,72.8879490981391,19.087389024930534,34.1,16.026559829711914,43.458559829711916,9.358559829711915,9.358559829711915,1.5,SOURCE-DERIVED invert; DERIVED DEM ground and cover,DEM-derived rim in repository THD convention,JUNCTION,
N_2177118001_4489c15,2177118001,11,277872.67790001596,2111094.697800005,72.88888274629637,19.0806977340511,27.703000000000003,7.489665508270264,34.921665508270266,7.218665508270263,7.218665508270263,2.223,SOURCE-DERIVED invert; DERIVED DEM ground and cover,DEM-derived rim in repository THD convention,JUNCTION,
N_2177118001_db3dbd7,2177118001!,12,277872.67790001596,2111094.697800005,72.88888274629637,19.0806977340511,27.703000000000003,7.489665508270264,34.921665508270266,7.218665508270263,7.218665508270263,2.223,SOURCE-DERIVED invert; DERIVED DEM ground and cover,DEM-derived rim in repository THD convention,JUNCTION,
N_2177118101_29f3300,2177118101,11,277809.5247000186,2111132.480400004,72.88827850878664,19.081032091061278,27.777,9.59410572052002,37.02610572052002,9.24910572052002,9.24910572052002,2.223,SOURCE-DERIVED invert; DERIVED DEM ground and cover,DEM-derived rim in repository THD convention,JUNCTION,
N_2177118101_8255d88,2177118101!,12,277809.5247000186,2111132.480400004,72.88827850878664,19.081032091061278,27.777,9.59410572052002,37.02610572052002,9.24910572052002,9.24910572052002,2.223,SOURCE-DERIVED invert; DERIVED DEM ground and cover,DEM-derived rim in repository THD convention,JUNCTION,
N_2177118801_0c938e6,2177118801,9,277853.6236000181,2111837.8640000056,72.88861664764384,19.087407517656136,39.11,24.48513412475586,51.91713412475586,12.807134124755862,12.807134124755862,1.5,SOURCE-DERIVED invert; DERIVED DEM ground and cover,DEM-derived rim in repository THD convention,JUNCTION,
N_2177119001_d1369ef,2177119001,11,277930.9902000183,2111057.9564000047,72.88944087726578,19.080372251656016,27.635,5.688948154449463,33.120948154449465,5.4859481544494635,5.4859481544494635,2.164,SOURCE-DERIVED invert; DERIVED DEM ground and cover,DEM-derived rim in repository THD convention,JUNCTION,
N_2177119001_2c6d53a,2177119001!,12,277930.9902000183,2111057.9564000047,72.88944087726578,19.080372251656016,27.635,5.688948154449463,33.120948154449465,5.4859481544494635,5.4859481544494635,2.164,SOURCE-DERIVED invert; DERIVED DEM ground and cover,DEM-derived rim in repository THD convention,JUNCTION,
N_2177119002_3315800,2177119002,11,277953.65490001906,2111042.306000005,72.88965796660236,19.080233371783514,27.607000000000003,7.61348295211792,35.04548295211792,7.438482952117919,7.438482952117919,2.592,SOURCE-DERIVED invert; DERIVED DEM ground and cover,DEM-derived rim in repository THD convention,JUNCTION,
N_2177119002_f01a872,2177119002!,12,277953.65490001906,2111042.306000005,72.88965796660236,19.080233371783514,27.607000000000003,7.61348295211792,35.04548295211792,7.438482952117919,7.438482952117919,2.592,SOURCE-DERIVED invert; DERIVED DEM ground and cover,DEM-derived rim in repository THD convention,JUNCTION,
N_2177119801_3819d37,2177119801,9,277983.14380001836,2111831.212600006,72.88984781042276,19.087361544458005,40.480000000000004,21.993759155273438,49.42575915527344,8.945759155273436,8.945759155273436,1.5,SOURCE-DERIVED invert; DERIVED DEM ground and cover,DEM-derived rim in repository THD convention,JUNCTION,
N_2177120801_2c22465,2177120801,13,277076.91420001996,2112815.6736000045,72.8811257646934,19.096153773232857,26.307000000000002,3.4779305458068848,30.909930545806883,4.602930545806881,4.602930545806881,4.101,SOURCE-DERIVED invert; DERIVED DEM ground and cover,DEM-derived rim in repository THD convention,PILOT_BOUNDARY_ASSUMPTION,PILOT_BOUNDARY; source-directed terminal; physical receiving water unverified
N_2177121801_3e99182,2177121801,13,277104.04710001894,2112828.4677000055,72.88138205992364,19.096272287549617,26.474,4.397162437438965,31.829162437438963,5.355162437438963,5.355162437438963,4.101,SOURCE-DERIVED invert; DERIVED DEM ground and cover,DEM-derived rim in repository THD convention,JUNCTION,
N_2177121802_e5c6611,2177121802,13,277131.49610001873,2112840.5908000055,72.88164143568835,19.096384776033137,27.144000000000002,5.511589527130127,32.94358952713013,5.799589527130127,5.799589527130127,3.834,SOURCE-DERIVED invert; DERIVED DEM ground and cover,DEM-derived rim in repository THD convention,JUNCTION,
N_2177121803_bc7f21f,2177121803,13,277187.72610001825,2112860.881400006,72.8821732972357,19.09657417299733,27.945,7.0,34.432,6.487000000000002,6.487000000000002,3.645,SOURCE-DERIVED invert; DERIVED DEM ground and cover,DEM-derived rim in repository THD convention,JUNCTION,
N_2177122801_f7b19e6,2177122801,13,277217.4066000192,2112865.5176000055,72.88245473415998,19.096619287167883,28.138,6.090118408203125,33.52211840820313,5.3841184082031255,5.3841184082031255,2.984,SOURCE-DERIVED invert; DERIVED DEM ground and cover,DEM-derived rim in repository THD convention,JUNCTION,
N_2177122802_63e71c6,2177122802,13,277246.9905000188,2112870.245600005,72.88273524301609,19.096665219451566,28.303,5.131959438323975,32.56395943832398,4.260959438323976,4.260959438323976,2.756,SOURCE-DERIVED invert; DERIVED DEM ground and cover,DEM-derived rim in repository THD convention,JUNCTION,
N_2177122803_4664021,2177122803,13,277276.56370001903,2112875.4711000063,72.88301559326034,19.096715643270098,28.47,7.858543395996094,35.290543395996096,6.820543395996097,6.820543395996097,2.735,SOURCE-DERIVED invert; DERIVED DEM ground and cover,DEM-derived rim in repository THD convention,JUNCTION,
N_2177123801_e38b294,2177123801,13,277306.3031000189,2112879.706500005,72.88329763638974,19.096757142847416,28.6,9.234535217285156,36.66653521728516,8.066535217285157,8.066535217285157,3.238,SOURCE-DERIVED invert; DERIVED DEM ground and cover,DEM-derived rim in repository THD convention,JUNCTION,
N_2177123802_0089e09,2177123802,13,277328.65520001884,2112884.9930000063,72.88350937822992,19.09680732823485,28.701,11.325399398803711,38.75739939880371,10.056399398803713,10.056399398803713,3.238,SOURCE-DERIVED invert; DERIVED DEM ground and cover,DEM-derived rim in repository THD convention,JUNCTION,
N_2177123803_283168f,2177123803,13,277345.8990000191,2112887.8178000054,72.88367287313595,19.096834723038686,28.752000000000002,12.470879554748535,39.90287955474854,11.150879554748535,11.150879554748535,3.187,SOURCE-DERIVED invert; DERIVED DEM ground and cover,DEM-derived rim in repository THD convention,JUNCTION,
N_2177123901_a623641,2177123901,13,277343.8486000196,2112908.0717000044,72.88365106758884,19.097017420092712,28.757,10.8568696975708,38.2888696975708,9.531869697570801,9.531869697570801,2.622,SOURCE-DERIVED invert; DERIVED DEM ground and cover,DEM-derived rim in repository THD convention,JUNCTION,
N_2177123902_f47f037,2177123902,13,277349.11810001906,2112937.081600005,72.88369779686509,19.0972799952954,29.137,7.724277973175049,35.15627797317505,6.0192779731750505,6.0192779731750505,3.157,SOURCE-DERIVED invert; DERIVED DEM ground and cover,DEM-derived rim in repository THD convention,JUNCTION,
N_2177123903_d28e1b8,2177123903,13,277359.40080001915,2112964.028300006,72.88379238977926,19.097524484309048,29.242,8.906150817871094,36.338150817871096,7.096150817871095,7.096150817871095,3.251,SOURCE-DERIVED invert; DERIVED DEM ground and cover,DEM-derived rim in repository THD convention,JUNCTION,
N_2177123904_8b9e84f,2177123904,13,277385.59460001916,2112976.6523000053,72.88403978717498,19.09764135651462,29.348000000000003,8.798442840576172,36.230442840576174,6.8824428405761715,6.8824428405761715,3.32,SOURCE-DERIVED invert; DERIVED DEM ground and cover,DEM-derived rim in repository THD convention,JUNCTION,
N_2177124901_6fb5aea,2177124901,13,277418.64450001885,2112962.405100004,72.88435540511031,19.097516292374586,29.479000000000003,9.221146583557129,36.65314658355713,7.174146583557128,7.174146583557128,3.455,SOURCE-DERIVED invert; DERIVED DEM ground and cover,DEM-derived rim in repository THD convention,JUNCTION,
N_2177124902_26985fd,2177124902,13,277435.81700001896,2112956.7930000043,72.88451919224815,19.09746748172191,29.544,9.576654434204102,37.008654434204104,7.464654434204103,7.464654434204103,3.455,SOURCE-DERIVED invert; DERIVED DEM ground and cover,DEM-derived rim in repository THD convention,JUNCTION,
N_2177124903_283ff99,2177124903,13,277454.02930001845,2112957.3248000043,72.88469215228321,19.097474272410878,29.611,9.576654434204102,37.008654434204104,7.397654434204103,7.397654434204103,3.388,SOURCE-DERIVED invert; DERIVED DEM ground and cover,DEM-derived rim in repository THD convention,JUNCTION,
N_2177124904_ede9354,2177124904,13,277487.0121000188,2112967.0891000046,72.8850043757791,19.09756605722976,29.736,12.613948822021484,40.04594882202149,10.309948822021486,10.309948822021486,3.263,SOURCE-DERIVED invert; DERIVED DEM ground and cover,DEM-derived rim in repository THD convention,JUNCTION,
N_2177124905_b7f038a,2177124905,13,277487.2929000182,2112996.145800005,72.88500370799206,19.097828510568714,29.842000000000002,12.311845779418945,39.74384577941895,9.901845779418945,9.901845779418945,3.211,SOURCE-DERIVED invert; DERIVED DEM ground and cover,DEM-derived rim in repository THD convention,JUNCTION,
N_2177129001_7bf2eb6,2177129001,9,277989.28680001735,2112024.7648000037,72.88988401208726,19.089110267699844,44.288000000000004,25.098567962646484,52.53056796264649,8.242567962646483,8.242567962646483,1.5,SOURCE-DERIVED invert; DERIVED DEM ground and cover,DEM-derived rim in repository THD convention,JUNCTION,
N_2177129101_3fcd860,2177129101,9,277959.475600017,2112105.436200006,72.88959157603391,19.089835601744458,44.660000000000004,27.438549041748047,54.87054904174805,10.210549041748045,10.210549041748045,1.5,SOURCE-DERIVED invert; DERIVED DEM ground and cover,DEM-derived rim in repository THD convention,JUNCTION,
N_2177134001_f5ef8a0,2177134001,13,277462.8711000187,2113057.9047000045,72.88476460432645,19.098383614599072,30.084000000000003,18.082311630249023,45.514311630249026,15.430311630249022,15.430311630249022,3.802,SOURCE-DERIVED invert; DERIVED DEM ground and cover,DEM-derived rim in repository THD convention,JUNCTION,
N_2177134002_fcb274e,2177134002,13,277473.19240001915,2113033.6666000057,72.88486544222968,19.09816583710792,29.988000000000003,12.556838035583496,39.9888380355835,10.000838035583495,10.000838035583495,3.315,SOURCE-DERIVED invert; DERIVED DEM ground and cover,DEM-derived rim in repository THD convention,JUNCTION,
N_2177134003_0757b35,2177134003,13,277487.43550001853,2113076.893800005,72.8849957932844,19.098557793620767,30.197000000000003,14.621018409729004,42.053018409729006,11.856018409729003,11.856018409729003,3.891,SOURCE-DERIVED invert; DERIVED DEM ground and cover,DEM-derived rim in repository THD convention,JUNCTION,
N_2177135001_967e84c,2177135001,13,277514.7986000188,2113090.4896000065,72.88525419031868,19.09868356873378,30.308,22.064409255981445,49.49640925598145,19.188409255981448,19.188409255981448,3.891,SOURCE-DERIVED invert; DERIVED DEM ground and cover,DEM-derived rim in repository THD convention,JUNCTION,
N_2177135101_8cb6217,2177135101,13,277545.1208000184,2113103.7564000054,72.88554073791356,19.09880669504217,30.429000000000002,14.976966857910156,42.40896685791016,11.979966857910156,11.979966857910156,4.099,SOURCE-DERIVED invert; DERIVED DEM ground and cover,DEM-derived rim in repository THD convention,JUNCTION,
N_2177135102_55d6568,2177135102,13,277560.82560001843,2113125.056900006,72.88568749397929,19.09900078185598,30.525000000000002,11.601665496826172,39.033665496826174,8.508665496826172,8.508665496826172,4.099,SOURCE-DERIVED invert; DERIVED DEM ground and cover,DEM-derived rim in repository THD convention,JUNCTION,
N_2177135103_664b836,2177135103,13,277568.3660000196,2113153.885800006,72.88575582184927,19.099261969915574,30.574,10.0,37.432,6.8580000000000005,6.8580000000000005,3.989,SOURCE-DERIVED invert; DERIVED DEM ground and cover,DEM-derived rim in repository THD convention,JUNCTION,
N_2177135104_916b3a7,2177135104,13,277576.70000001974,2113183.4000000055,72.88583161073288,19.09952943376124,30.607000000000003,12.21971607208252,39.65171607208252,9.044716072082519,9.044716072082519,4.128,SOURCE-DERIVED invert; DERIVED DEM ground and cover,DEM-derived rim in repository THD convention,JUNCTION,
N_2177135201_0bfd5b9,2177135201,13,277586.8000000181,2113211.2000000044,72.88592437419074,19.099781608613608,30.64,24.522897720336914,51.954897720336916,21.314897720336916,21.314897720336916,4.128,SOURCE-DERIVED invert; DERIVED DEM ground and cover,DEM-derived rim in repository THD convention,JUNCTION,
N_2177135202_cf15861,2177135202,13,277598.50000001874,2113213.3000000054,72.88603528758537,19.09980185088506,30.642000000000003,25.36279296875,52.79479296875,22.15279296875,22.15279296875,4.056,SOURCE-DERIVED invert; DERIVED DEM ground and cover,DEM-derived rim in repository THD convention,JUNCTION,
N_2177136201_33cdfca,2177136201,13,277614.0000000184,2113206.500000005,72.88618332363897,19.099742128080702,30.644000000000002,25.36279296875,52.79479296875,22.15079296875,22.15079296875,4.219,SOURCE-DERIVED invert; DERIVED DEM ground and cover,DEM-derived rim in repository THD convention,JUNCTION,
N_2177136202_59e8418,2177136202,13,277631.20000001846,2113206.6000000047,72.88634671857791,19.099744907267052,30.649,25.67987632751465,53.11187632751465,22.46287632751465,22.46287632751465,4.305,SOURCE-DERIVED invert; DERIVED DEM ground and cover,DEM-derived rim in repository THD convention,JUNCTION,
N_2177136203_8ee22bb,2177136203,13,277637.20000001893,2113219.0000000056,72.88640229817945,19.099857551110325,30.653000000000002,25.67987632751465,53.11187632751465,22.45887632751465,22.45887632751465,4.503,SOURCE-DERIVED invert; DERIVED DEM ground and cover,DEM-derived rim in repository THD convention,JUNCTION,
N_2177136204_fc17b5d,2177136204,13,277639.6000000179,2113232.200000005,72.88642358467413,19.099977027435482,30.655,25.67987632751465,53.11187632751465,22.45687632751465,22.45687632751465,4.503,SOURCE-DERIVED invert; DERIVED DEM ground and cover,DEM-derived rim in repository THD convention,JUNCTION,
N_2177136205_14035fa,2177136205,13,277650.10000001825,2113244.700000004,72.88652190469183,19.100091065185875,30.657,12.380075454711914,39.812075454711916,9.155075454711916,9.155075454711916,3.891,SOURCE-DERIVED invert; DERIVED DEM ground and cover,DEM-derived rim in repository THD convention,JUNCTION,
N_2177136206_e3ddd98,2177136206,13,277677.8000000189,2113252.500000005,72.88678417089555,19.100164530977107,30.66,12.380075454711914,39.812075454711916,9.152075454711916,9.152075454711916,3.756,SOURCE-DERIVED invert; DERIVED DEM ground and cover,DEM-derived rim in repository THD convention,JUNCTION,
N_2177136207_6f0ed07,2177136207,13,277682.8000000186,2113254.100000005,72.8868314893635,19.1001795264649,30.662000000000003,10.530271530151367,37.96227153015137,7.300271530151367,7.300271530151367,3.756,SOURCE-DERIVED invert; DERIVED DEM ground and cover,DEM-derived rim in repository THD convention,JUNCTION,
N_2177137201_e6e68ed,2177137201,13,277706.4000000196,2113264.4000000055,72.88705451747656,19.100275123328498,30.667,10.530271530151367,37.96227153015137,7.295271530151368,7.295271530151368,3.724,SOURCE-DERIVED invert; DERIVED DEM ground and cover,DEM-derived rim in repository THD convention,JUNCTION,
N_2177137202_30f53fb,2177137202,13,277716.300000019,2113264.0000000056,72.88714861739578,19.100272590183042,30.694000000000003,13.0,40.432,9.738,9.738,3.724,SOURCE-DERIVED invert; DERIVED DEM ground and cover,DEM-derived rim in repository THD convention,JUNCTION,
N_2177137203_5527cfc,2177137203,13,277728.70000001916,2113246.3000000054,72.88726845238433,19.100114086133573,30.753,13.0,40.432,9.679000000000002,9.679000000000002,3.585,SOURCE-DERIVED invert; DERIVED DEM ground and cover,DEM-derived rim in repository THD convention,JUNCTION,
N_2177137204_f320986,2177137204,13,277742.70000001905,2113234.4000000055,72.88740282264318,19.100008138597552,30.804000000000002,12.83189582824707,40.26389582824707,9.45989582824707,9.45989582824707,4.155,SOURCE-DERIVED invert; DERIVED DEM ground and cover,DEM-derived rim in repository THD convention,JUNCTION,
N_2177137205_e96fb60,2177137205,13,277754.80000001827,2113234.700000004,72.88751774302553,19.10001216706944,30.894000000000002,12.83189582824707,40.26389582824707,9.36989582824707,9.36989582824707,4.259,SOURCE-DERIVED invert; DERIVED DEM ground and cover,DEM-derived rim in repository THD convention,JUNCTION,
N_2177137206_617a522,2177137206,13,277778.5000000181,2113242.400000006,72.88774201955925,19.10008429234192,30.989,9.494305610656738,36.92630561065674,5.93730561065674,5.93730561065674,4.259,SOURCE-DERIVED invert; DERIVED DEM ground and cover,DEM-derived rim in repository THD convention,JUNCTION,
N_2177137207_9d0d3d7,2177137207,13,277788.00000001723,2113239.4000000046,72.88783261733474,19.1000582335576,31.027,9.494305610656738,36.92630561065674,5.899305610656739,5.899305610656739,4.264,SOURCE-DERIVED invert; DERIVED DEM ground and cover,DEM-derived rim in repository THD convention,JUNCTION,
N_2177137301_c73bbf2,2177137301,13,277799.2000000184,2113351.800000006,72.88792613505149,19.101074585282905,32.0,12.0,39.432,7.432000000000002,7.432000000000002,2.0,SOURCE-DERIVED invert; DERIVED DEM ground and cover,DEM-derived rim in repository THD convention,JUNCTION,
N_2177138201_efc8c78,2177138201,13,277812.0000000192,2113254.000000005,72.88805895320138,19.100192707930013,31.134,9.75248908996582,37.18448908996582,6.050489089965822,6.050489089965822,4.264,SOURCE-DERIVED invert; DERIVED DEM ground and cover,DEM-derived rim in repository THD convention,JUNCTION,
N_2177138202_c903e2e,2177138202,13,277841.4000000193,2113252.600000005,72.88833842574557,19.100183267815254,31.235000000000003,11.913908004760742,39.345908004760744,8.110908004760741,8.110908004760741,3.263,SOURCE-DERIVED invert; DERIVED DEM ground and cover,DEM-derived rim in repository THD convention,JUNCTION,
N_2177138203_a710e15,2177138203,13,277865.400000019,2113271.300000006,72.8885642923246,19.10035477043635,31.34,14.0,41.432,10.092000000000002,10.092000000000002,3.208,SOURCE-DERIVED invert; DERIVED DEM ground and cover,DEM-derived rim in repository THD convention,JUNCTION,
N_2177138204_969ebd9,2177138204,13,277867.8000000191,2113284.000000005,72.88858563773279,19.100469730951428,31.385,14.0,41.432,10.047,10.047,3.304,SOURCE-DERIVED invert; DERIVED DEM ground and cover,DEM-derived rim in repository THD convention,JUNCTION,
N_2177138205_aaad3b8,2177138205,13,277871.20000001916,2113291.8000000054,72.88861704520541,19.100540546469073,31.414,14.0,41.432,10.018,10.018,3.368,SOURCE-DERIVED invert; DERIVED DEM ground and cover,DEM-derived rim in repository THD convention,JUNCTION,
N_2177138206_59996b9,2177138206,13,277878.30000001815,2113294.500000005,72.88868418883243,19.100565704872686,31.44,14.0,41.432,9.992,9.992,3.92,SOURCE-DERIVED invert; DERIVED DEM ground and cover,DEM-derived rim in repository THD convention,JUNCTION,
N_2177138401_f68c5b7,2177138401,13,277805.0000000182,2113460.000000005,72.8879688320287,19.102052416450018,32.3,11.21909236907959,38.65109236907959,6.351092369079595,6.351092369079595,2.0,SOURCE-DERIVED invert; DERIVED DEM ground and cover,DEM-derived rim in repository THD convention,JUNCTION,
N_2177138501_c53b274,2177138501,13,277850.80000001815,2113545.6000000047,72.88839414268999,19.10283049719722,32.7,12.60202693939209,40.03402693939209,7.334026939392089,7.334026939392089,2.0,SOURCE-DERIVED invert; DERIVED DEM ground and cover,DEM-derived rim in repository THD convention,JUNCTION,
N_2177138502_97fbf3e,2177138502,13,277872.40000001877,2113597.0000000056,72.88859346280691,19.1032970658387,33.197,13.839502334594727,41.27150233459473,8.074502334594726,8.074502334594726,2.401,SOURCE-DERIVED invert; DERIVED DEM ground and cover,DEM-derived rim in repository THD convention,JUNCTION,
N_2177138503_64b8981,2177138503,13,277898.11440001894,2113577.0064000054,72.88884005644377,19.103119297270904,33.032000000000004,13.879570960998535,41.31157096099854,8.279570960998534,8.279570960998534,2.401,SOURCE-DERIVED invert; DERIVED DEM ground and cover,DEM-derived rim in repository THD convention,JUNCTION,
N_2177138601_6c5a11a,2177138601,13,277888.98830001964,2113619.7053000047,72.88874845885799,19.103503934457684,33.771,14.591331481933594,42.023331481933596,8.252331481933595,8.252331481933595,1.982,SOURCE-DERIVED invert; DERIVED DEM ground and cover,DEM-derived rim in repository THD convention,JUNCTION,
N_2177138602_eed1e8e,2177138602,13,277893.20380001864,2113632.554300006,72.88878703584616,19.103620438471214,33.938,14.037985801696777,41.46998580169678,7.531985801696777,7.531985801696777,2.034,SOURCE-DERIVED invert; DERIVED DEM ground and cover,DEM-derived rim in repository THD convention,JUNCTION,
N_2177138603_56ab098,2177138603,13,277894.051000018,2113638.652500005,72.88879438576177,19.10367560617145,34.026,14.037985801696777,41.46998580169678,7.443985801696776,7.443985801696776,2.064,SOURCE-DERIVED invert; DERIVED DEM ground and cover,DEM-derived rim in repository THD convention,JUNCTION,
N_2177138604_9218a5c,2177138604,13,277896.6000000187,2113648.400000005,72.88881748553312,19.103763917654618,34.133,14.037985801696777,41.46998580169678,7.336985801696777,7.336985801696777,2.605,SOURCE-DERIVED invert; DERIVED DEM ground and cover,DEM-derived rim in repository THD convention,JUNCTION,
N_2177139201_6916532,2177139201,13,277901.800000019,2113284.900000005,72.88890854920285,19.10048156347535,31.528000000000002,14.0,41.432,9.904,9.904,3.92,SOURCE-DERIVED invert; DERIVED DEM ground and cover,DEM-derived rim in repository THD convention,JUNCTION,
N_2177139202_0983e53,2177139202,13,277906.3000000194,2113285.400000006,72.88895124384634,19.100486569411395,31.543000000000003,14.0,41.432,9.889,9.889,3.635,SOURCE-DERIVED invert; DERIVED DEM ground and cover,DEM-derived rim in repository THD convention,JUNCTION,
N_2177139203_48f7b65,2177139203,13,277916.20000001835,2113293.000000005,72.88904442723712,19.100556286675797,31.586000000000002,14.0,41.432,9.846,9.846,3.302,SOURCE-DERIVED invert; DERIVED DEM ground and cover,DEM-derived rim in repository THD convention,JUNCTION,
N_2177139301_117144a,2177139301,13,277913.59500001895,2113325.191600005,72.8890159896694,19.10084673879704,31.689,14.408825874328613,41.840825874328615,10.151825874328615,10.151825874328615,3.509,SOURCE-DERIVED invert; DERIVED DEM ground and cover,DEM-derived rim in repository THD convention,JUNCTION,
N_2177139302_54ab09e,2177139302,13,277914.1000000187,2113311.4000000055,72.88902236782319,19.100722236063852,31.650000000000002,14.408825874328613,41.840825874328615,10.190825874328613,10.190825874328613,3.509,SOURCE-DERIVED invert; DERIVED DEM ground and cover,DEM-derived rim in repository THD convention,JUNCTION,
N_2177139303_efded05,2177139303,13,277924.20000001945,2113339.2000000044,72.88911513676526,19.100974409806103,31.747,13.467609405517578,40.89960940551758,9.15260940551758,9.15260940551758,2.974,SOURCE-DERIVED invert; DERIVED DEM ground and cover,DEM-derived rim in repository THD convention,JUNCTION,
N_2177139304_d7f3097,2177139304,13,277926.18020001776,2113371.007200006,72.88913030480717,19.10126188973735,31.856,12.478691101074219,39.91069110107422,8.05469110107422,8.05469110107422,3.342,SOURCE-DERIVED invert; DERIVED DEM ground and cover,DEM-derived rim in repository THD convention,JUNCTION,
N_2177139305_3901c37,2177139305,13,277929.90000001894,2113355.4000000055,72.88916743308145,19.101121339741685,31.804000000000002,13.467609405517578,40.89960940551758,9.095609405517578,9.095609405517578,3.342,SOURCE-DERIVED invert; DERIVED DEM ground and cover,DEM-derived rim in repository THD convention,JUNCTION,
N_2177139306_df2019d,2177139306,13,277930.04140001966,2113381.2903000056,72.8891658097213,19.10135518135452,31.893,12.478691101074219,39.91069110107422,8.01769110107422,8.01769110107422,3.035,SOURCE-DERIVED invert; DERIVED DEM ground and cover,DEM-derived rim in repository THD convention,JUNCTION,
N_2177139307_e20cdce,2177139307,13,277942.6000000179,2113394.800000006,72.88928357450382,19.101478561145665,31.953000000000003,12.0,39.432,7.478999999999999,7.478999999999999,3.317,SOURCE-DERIVED invert; DERIVED DEM ground and cover,DEM-derived rim in repository THD convention,JUNCTION,
N_2177139401_0cf6f45,2177139401,13,277967.60000001785,2113410.7000000044,72.88951926510184,19.10162488377718,32.051,12.26152515411377,39.69352515411377,7.64252515411377,7.64252515411377,3.317,SOURCE-DERIVED invert; DERIVED DEM ground and cover,DEM-derived rim in repository THD convention,JUNCTION,
N_2177139402_629ce16,2177139402,13,277992.90000001877,2113427.7000000044,72.88975768027045,19.10178117338221,32.151,10.953753471374512,38.385753471374514,6.2347534713745105,6.2347534713745105,3.465,SOURCE-DERIVED invert; DERIVED DEM ground and cover,DEM-derived rim in repository THD convention,JUNCTION,
N_2177139501_6115d5a,2177139501,13,277921.9794000188,2113558.7860000054,72.88906887599192,19.102957341348514,32.993,14.545185089111328,41.97718508911133,8.984185089111328,8.984185089111328,1.798,SOURCE-DERIVED invert; DERIVED DEM ground and cover,DEM-derived rim in repository THD convention,JUNCTION,
N_2177139502_d65f90c,2177139502,13,277946.8857000171,2113539.9169000043,72.88930766238175,19.10278963984474,32.954,14.465897560119629,41.89789756011963,8.94389756011963,8.94389756011963,1.775,SOURCE-DERIVED invert; DERIVED DEM ground and cover,DEM-derived rim in repository THD convention,JUNCTION,
N_2177139503_0ba7192,2177139503,13,277962.4914000182,2113516.064000004,72.88945865847482,19.102575914149284,32.917,14.477887153625488,41.90988715362549,8.992887153625489,8.992887153625489,1.752,SOURCE-DERIVED invert; DERIVED DEM ground and cover,DEM-derived rim in repository THD convention,JUNCTION,
N_2177139504_0943469,2177139504,13,277971.98080001905,2113531.773300005,72.88954701311481,19.102718825065057,33.326,14.477887153625488,41.90988715362549,8.58388715362549,8.58388715362549,1.838,SOURCE-DERIVED invert; DERIVED DEM ground and cover,DEM-derived rim in repository THD convention,JUNCTION,
N_2177139505_600901b,2177139505,13,277973.5412000181,2113548.749000005,72.88955989276751,19.102872309736174,33.604,14.533194541931152,41.965194541931155,8.361194541931155,8.361194541931155,1.644,SOURCE-DERIVED invert; DERIVED DEM ground and cover,DEM-derived rim in repository THD convention,JUNCTION,
N_2177139506_c89eb01,2177139506,13,277975.67700001836,2113575.416700005,72.889577128574,19.103113389620955,33.974000000000004,14.0,41.432,7.457999999999998,7.457999999999998,1.672,SOURCE-DERIVED invert; DERIVED DEM ground and cover,DEM-derived rim in repository THD convention,JUNCTION,
N_2177139507_d76ebd4,2177139507,13,277978.1535000192,2113559.452100005,72.88960248594115,19.10296947631718,33.794000000000004,14.533194541931152,41.965194541931155,8.17119454193115,8.17119454193115,1.644,SOURCE-DERIVED invert; DERIVED DEM ground and cover,DEM-derived rim in repository THD convention,JUNCTION,
N_2177139508_9b614a8,2177139508,13,277978.71890001895,2113586.6855000053,72.88960473725996,19.103215494231925,34.097,14.0,41.432,7.335000000000001,7.335000000000001,1.672,SOURCE-DERIVED invert; DERIVED DEM ground and cover,DEM-derived rim in repository THD convention,JUNCTION,
N_2177139509_5547ef4,2177139509,13,277979.6000000187,2113567.8000000063,72.88961527206224,19.103045027276817,33.884,14.533194541931152,41.965194541931155,8.081194541931154,8.081194541931154,1.515,SOURCE-DERIVED invert; DERIVED DEM ground and cover,DEM-derived rim in repository THD convention,JUNCTION,
N_2177139510_1473ec8,2177139510,13,277986.0000000184,2113504.3000000063,72.88968335100557,19.102472228984176,32.6,13.00191879272461,40.43391879272461,7.83391879272461,7.83391879272461,2.375,SOURCE-DERIVED invert; DERIVED DEM ground and cover,DEM-derived rim in repository THD convention,JUNCTION,
N_2177139511_53167c7,2177139511,13,277990.2929000191,2113597.3158000056,72.88971347917851,19.103312761561813,34.282000000000004,14.0,41.432,7.149999999999999,7.149999999999999,1.397,SOURCE-DERIVED invert; DERIVED DEM ground and cover,DEM-derived rim in repository THD convention,JUNCTION,
N_2177139601_b4829d2,2177139601,13,277901.7641000195,2113669.174800004,72.88886416643335,19.103952106226764,34.194,14.080192565917969,41.51219256591797,7.318192565917968,7.318192565917968,2.605,SOURCE-DERIVED invert; DERIVED DEM ground and cover,DEM-derived rim in repository THD convention,JUNCTION,
N_2177139602_0d3d523,2177139602,13,277904.6439000184,2113692.265300005,72.88888887967516,19.104160959947176,34.271,14.080192565917969,41.51219256591797,7.24119256591797,7.24119256591797,2.528,SOURCE-DERIVED invert; DERIVED DEM ground and cover,DEM-derived rim in repository THD convention,JUNCTION,
N_2177139603_11e4afb,2177139603,13,277907.4732000189,2113675.701400006,72.88891765839935,19.104011672738515,34.219,14.080192565917969,41.51219256591797,7.29319256591797,7.29319256591797,2.58,SOURCE-DERIVED invert; DERIVED DEM ground and cover,DEM-derived rim in repository THD convention,JUNCTION,
N_2177139604_0a2ab92,2177139604,13,277910.1633000177,2113681.344600005,72.88894256923604,19.104062931941836,34.236000000000004,14.080192565917969,41.51219256591797,7.276192565917967,7.276192565917967,2.563,SOURCE-DERIVED invert; DERIVED DEM ground and cover,DEM-derived rim in repository THD convention,JUNCTION,
N_2177139605_b1e88f5,2177139605,13,277994.8719000181,2113600.1713000042,72.88975665526212,19.103339049502242,34.291000000000004,14.0,41.432,7.140999999999998,7.140999999999998,1.386,SOURCE-DERIVED invert; DERIVED DEM ground and cover,DEM-derived rim in repository THD convention,JUNCTION,
N_2177139701_5da39da,2177139701,13,277910.18820001837,2113701.119000006,72.88894053927162,19.104241525512244,34.300000000000004,15.125055313110352,42.557055313110354,8.25705531311035,8.25705531311035,2.674,SOURCE-DERIVED invert; DERIVED DEM ground and cover,DEM-derived rim in repository THD convention,JUNCTION,
N_2177139702_b98b552,2177139702,13,277914.66910001804,2113708.4364000056,72.88898227201139,19.10430810023551,34.325,15.125055313110352,42.557055313110354,8.23205531311035,8.23205531311035,2.674,SOURCE-DERIVED invert; DERIVED DEM ground and cover,DEM-derived rim in repository THD convention,JUNCTION,
N_2177139703_68fe056,2177139703,13,277930.3551000189,2113719.723000005,72.88913000565364,19.10441174328335,34.379000000000005,14.600597381591797,42.0325973815918,7.653597381591794,7.653597381591794,2.62,SOURCE-DERIVED invert; DERIVED DEM ground and cover,DEM-derived rim in repository THD convention,JUNCTION,
N_2177139704_9d1567b,2177139704,13,277944.54710002,2113729.9673000053,72.88926366494636,19.104505810019695,34.427,14.0,41.432,7.005000000000003,7.005000000000003,2.572,SOURCE-DERIVED invert; DERIVED DEM ground and cover,DEM-derived rim in repository THD convention,JUNCTION,
N_2177139705_6a8cd90,2177139705,13,277957.2631000192,2113731.1028000056,72.88938434525791,19.10451745048692,34.463,14.054311752319336,41.48631175231934,7.023311752319337,7.023311752319337,2.536,SOURCE-DERIVED invert; DERIVED DEM ground and cover,DEM-derived rim in repository THD convention,JUNCTION,
N_2177139706_6ca9f4d,2177139706,13,277978.1464000188,2113726.5236000065,72.8895832752153,19.104478368677075,34.523,14.054311752319336,41.48631175231934,6.963311752319335,6.963311752319335,2.466,SOURCE-DERIVED invert; DERIVED DEM ground and cover,DEM-derived rim in repository THD convention,JUNCTION,
N_2177139708_53e21dd,2177139708,13,277999.38670001784,2113720.371500006,72.88978577705323,19.10442512000265,34.595,14.0,41.432,6.837000000000003,6.837000000000003,2.461,SOURCE-DERIVED invert; DERIVED DEM ground and cover,DEM-derived rim in repository THD convention,JUNCTION,
N_2178050901_4aecf6b,2178050901,1,278009.6151000174,2105980.2261000047,72.89076780980642,19.03452142625945,25.919,4.411913871765137,31.843913871765135,5.924913871765135,5.924913871765135,3.141,SOURCE-DERIVED invert; DERIVED DEM ground and cover,DEM-derived rim in repository THD convention,JUNCTION,
N_2178050902_c2d14bf,2178050902,1,278036.34470001736,2105993.915500005,72.89102009105707,19.034647961574862,25.979000000000003,4.747525215148926,32.17952521514893,6.200525215148925,6.200525215148925,3.149,SOURCE-DERIVED invert; DERIVED DEM ground and cover,DEM-derived rim in repository THD convention,JUNCTION,
N_2178060001_67fae07,2178060001,1,278063.07040001673,2106007.4695000052,72.89127235112144,19.03477327329267,26.039,6.282251358032227,33.71425135803223,7.675251358032227,7.675251358032227,3.157,SOURCE-DERIVED invert; DERIVED DEM ground and cover,DEM-derived rim in repository THD convention,JUNCTION,
N_2178060002_77899b9,2178060002,1,278089.6899000156,2106021.313400005,72.89152356998267,19.034901191415376,26.099,6.0,33.432,7.333000000000002,7.333000000000002,3.55,SOURCE-DERIVED invert; DERIVED DEM ground and cover,DEM-derived rim in repository THD convention,JUNCTION,
N_2178060501_e394cd0,2178060501,1,278002.34760001686,2106578.6731000054,72.89063051356581,19.03992550757926,25.663,3.366938352584839,30.798938352584837,5.135938352584837,5.135938352584837,2.182,SOURCE-DERIVED invert; DERIVED DEM ground and cover,DEM-derived rim in repository THD convention,JUNCTION,
N_2178060502_e8688e2,2178060502,1,278014.7510000176,2106549.9429000053,72.89075158684263,19.039667377020642,25.694000000000003,5.038764953613281,32.47076495361328,6.776764953613281,6.776764953613281,2.533,SOURCE-DERIVED invert; DERIVED DEM ground and cover,DEM-derived rim in repository THD convention,JUNCTION,
N_2178060503_c589acb,2178060503,1,278026.4194000171,2106525.171400004,72.8908652277657,19.03944491955523,25.721,4.049839019775391,31.48183901977539,5.760839019775389,5.760839019775389,2.73,SOURCE-DERIVED invert; DERIVED DEM ground and cover,DEM-derived rim in repository THD convention,JUNCTION,
N_2178060504_5e2ece1,2178060504,1,278027.5000000171,2106518.500000005,72.89087625137068,19.039384784110904,25.728,4.049839019775391,31.48183901977539,5.753839019775388,5.753839019775388,3.744,SOURCE-DERIVED invert; DERIVED DEM ground and cover,DEM-derived rim in repository THD convention,JUNCTION,
N_2178060505_97be0bf,2178060505,1,278049.69100001734,2106519.755300006,72.8910868552753,19.039398529039303,25.75,4.326204776763916,31.758204776763915,6.008204776763915,6.008204776763915,3.744,SOURCE-DERIVED invert; DERIVED DEM ground and cover,DEM-derived rim in repository THD convention,JUNCTION,
N_2178060506_7cefae9,2178060506,1,278079.59480001824,2106521.4857000047,72.89137065325352,19.03941740128398,25.811,5.294937610626221,32.72693761062622,6.915937610626223,6.915937610626223,3.0,SOURCE-DERIVED invert; DERIVED DEM ground and cover,DEM-derived rim in repository THD convention,JUNCTION,
N_2178060507_aae0f12,2178060507,1,278099.00000001787,2106522.300000005,72.89155485094244,19.039426860593696,25.85,5.294937610626221,32.72693761062622,6.876937610626221,6.876937610626221,3.488,SOURCE-DERIVED invert; DERIVED DEM ground and cover,DEM-derived rim in repository THD convention,JUNCTION,
N_2178060701_bd43ca0,2178060701,1,278061.4150000169,2106799.082000006,72.8911663298763,19.04192253795064,26.239,7.204509735107422,34.636509735107424,8.397509735107423,8.397509735107423,2.273,SOURCE-DERIVED invert; DERIVED DEM ground and cover,DEM-derived rim in repository THD convention,JUNCTION,
N_2178060702_f646f59,2178060702,1,278074.0160000188,2106794.524600004,72.89128652290489,19.041882745038897,26.25,8.89626407623291,36.32826407623291,10.078264076232912,10.078264076232912,2.259,SOURCE-DERIVED invert; DERIVED DEM ground and cover,DEM-derived rim in repository THD convention,JUNCTION,
N_2178060703_5919755,2178060703,1,278085.41120001813,2106782.4142000056,72.89139612594862,19.041774606362143,26.284000000000002,5.0,32.432,6.148,6.148,2.218,SOURCE-DERIVED invert; DERIVED DEM ground and cover,DEM-derived rim in repository THD convention,JUNCTION,
N_2178060704_249c427,2178060704,1,278097.9684000163,2106773.3467000043,72.89151641735235,19.041694075594872,26.346,5.0,32.432,6.086000000000002,6.086000000000002,1.953,SOURCE-DERIVED invert; DERIVED DEM ground and cover,DEM-derived rim in repository THD convention,JUNCTION,
N_2178060801_df3786c,2178060801,1,278004.4775000182,2106817.7616000064,72.89062345650576,19.042085063844226,26.125,4.092502593994141,31.52450259399414,5.399502593994139,5.399502593994139,2.181,SOURCE-DERIVED invert; DERIVED DEM ground and cover,DEM-derived rim in repository THD convention,JUNCTION,
N_2178060802_0c6150d,2178060802,1,278032.8102000173,2106807.932700006,72.89089365703434,19.041999369044962,26.182000000000002,7.0,34.432,8.25,8.25,2.273,SOURCE-DERIVED invert; DERIVED DEM ground and cover,DEM-derived rim in repository THD convention,JUNCTION,
N_2178061001_b94ad43,2178061001,1,278116.3802000168,2106035.012300005,72.89177547815572,19.035027807340914,26.158,5.01508903503418,32.44708903503418,6.289089035034181,6.289089035034181,4.707,SOURCE-DERIVED invert; DERIVED DEM ground and cover,DEM-derived rim in repository THD convention,JUNCTION,
N_2178061002_8e08d21,2178061002,1,278143.1767000169,2106048.456400005,72.89202842433905,19.035152133245226,26.218,3.0,30.432,4.213999999999999,6.183,5.883,SOURCE-DERIVED invert; ASSUMED rim depth,DEM nodata or DEM cover below connected pipe crown; max depth set to largest connected conduit height + 0.3 m cover assumption,JUNCTION,
N_2178061003_8c1596e,2178061003,1,278161.74660001753,2106058.2648000047,72.89220365952787,19.035242731142503,26.26,3.0,30.432,4.171999999999997,6.183,5.883,SOURCE-DERIVED invert; ASSUMED rim depth,DEM nodata or DEM cover below connected pipe crown; max depth set to largest connected conduit height + 0.3 m cover assumption,JUNCTION,
N_2178061004_b581cdf,2178061004,1,278174.6735000175,2106099.6350000044,72.89232170698904,19.03561776768216,26.845000000000002,5.3162713050842285,32.74827130508423,5.903271305084228,5.903271305084228,3.789,SOURCE-DERIVED invert; DERIVED DEM ground and cover,DEM-derived rim in repository THD convention,JUNCTION,
N_2178061005_f4f0b4b,2178061005,1,278183.71580001776,2106081.7986000045,72.892409612668,19.035457658402798,26.758000000000003,5.279444217681885,32.71144421768189,5.953444217681884,5.953444217681884,4.419,SOURCE-DERIVED invert; DERIVED DEM ground and cover,DEM-derived rim in repository THD convention,JUNCTION,
N_2178061006_90892a1,2178061006,1,278184.69560001814,2106069.3741000043,72.8924203338159,19.035345552685797,26.7,5.279444217681885,32.71144421768189,6.011444217681888,6.011444217681888,5.398,SOURCE-DERIVED invert; DERIVED DEM ground and cover,DEM-derived rim in repository THD convention,JUNCTION,
N_2178061007_c20846f,2178061007,1,278186.34240001946,2106072.4108000053,72.89243562691034,19.035373157173492,26.715,5.279444217681885,32.71144421768189,5.996444217681887,5.996444217681887,5.398,SOURCE-DERIVED invert; DERIVED DEM ground and cover,DEM-derived rim in repository THD convention,JUNCTION,
N_2178061101_cc9a0c9,2178061101,1,278164.1368000174,2106120.0704000047,72.89221931287524,19.035801187762345,26.945,5.0,32.432,5.487000000000002,5.487000000000002,3.826,SOURCE-DERIVED invert; DERIVED DEM ground and cover,DEM-derived rim in repository THD convention,JUNCTION,
N_2178061102_43afab6,2178061102,1,278164.561800017,2106123.8565000044,72.89222291738417,19.03583542801313,26.962,5.0,32.432,5.470000000000002,5.470000000000002,3.897,SOURCE-DERIVED invert; DERIVED DEM ground and cover,DEM-derived rim in repository THD convention,JUNCTION,
N_2178061103_e485972,2178061103,1,278169.9978000158,2106108.495200006,72.89227629296911,19.035697281716814,26.888,5.3162713050842285,32.74827130508423,5.860271305084229,5.860271305084229,3.811,SOURCE-DERIVED invert; DERIVED DEM ground and cover,DEM-derived rim in repository THD convention,JUNCTION,
N_2178061104_cdf6e69,2178061104,1,278176.50960001745,2106129.4137000046,72.89233574939665,19.035886913177585,27.019000000000002,5.683045864105225,33.11504586410523,6.096045864105225,6.096045864105225,4.471,SOURCE-DERIVED invert; DERIVED DEM ground and cover,DEM-derived rim in repository THD convention,JUNCTION,
N_2178061105_0d261c6,2178061105,1,278192.75770001684,2106138.4484000048,72.89248902408302,19.035970271503817,27.1,5.683045864105225,33.11504586410523,6.015045864105225,6.015045864105225,4.471,SOURCE-DERIVED invert; DERIVED DEM ground and cover,DEM-derived rim in repository THD convention,JUNCTION,
N_2178061401_b6ce339,2178061401,1,278122.79310001736,2106490.7067000065,72.89178441641018,19.039144106478627,25.887,4.0662455558776855,31.498245555877684,5.611245555877684,5.611245555877684,2.87,SOURCE-DERIVED invert; DERIVED DEM ground and cover,DEM-derived rim in repository THD convention,JUNCTION,
N_2178061402_5244c0e,2178061402,1,278128.54360001744,2106477.261500004,72.89184056196952,19.039023299853525,25.900000000000002,4.599700450897217,32.03170045089722,6.131700450897217,6.131700450897217,2.87,SOURCE-DERIVED invert; DERIVED DEM ground and cover,DEM-derived rim in repository THD convention,JUNCTION,
N_2178061403_b57ddc5,2178061403,1,278136.9036000179,2106458.6742000054,72.89192207609631,19.038856335329914,26.0,4.0,31.432,5.431999999999999,5.431999999999999,2.855,SOURCE-DERIVED invert; DERIVED DEM ground and cover,DEM-derived rim in repository THD convention,JUNCTION,
N_2178061404_1fce456,2178061404,1,278160.00000001705,2106456.5000000047,72.89214166912923,19.038839203658988,26.119,4.0,31.432,5.312999999999999,5.312999999999999,2.904,SOURCE-DERIVED invert; DERIVED DEM ground and cover,DEM-derived rim in repository THD convention,JUNCTION,
N_2178061405_8740785,2178061405,1,278189.8000000176,2106460.400000005,72.89242423331781,19.038877657693007,26.272000000000002,4.107377052307129,31.539377052307128,5.2673770523071255,5.2673770523071255,2.951,SOURCE-DERIVED invert; DERIVED DEM ground and cover,DEM-derived rim in repository THD convention,JUNCTION,
N_2178061501_7f1b715,2178061501,1,278107.77250001684,2106516.5475000045,72.89163881921027,19.039375858440913,25.86,5.0917816162109375,32.52378161621094,6.66378161621094,6.66378161621094,3.488,SOURCE-DERIVED invert; DERIVED DEM ground and cover,DEM-derived rim in repository THD convention,JUNCTION,
N_2178061701_fa9dd51,2178061701,1,278111.8625000174,2106772.765900006,72.89164843723881,19.04169033734156,26.374000000000002,5.000590801239014,32.432590801239016,6.0585908012390135,6.0585908012390135,1.925,SOURCE-DERIVED invert; DERIVED DEM ground and cover,DEM-derived rim in repository THD convention,JUNCTION,
N_2178061702_c604d0f,2178061702,1,278135.67880001734,2106790.8592000064,72.8918725593238,19.041856330279863,26.442,12.983715057373047,40.41571505737305,13.973715057373049,13.973715057373049,1.775,SOURCE-DERIVED invert; DERIVED DEM ground and cover,DEM-derived rim in repository THD convention,JUNCTION,
N_2178061801_0845d74,2178061801,1,278152.0328000173,2106800.1046000044,72.89202682061867,19.041941603868835,26.490000000000002,12.983715057373047,40.41571505737305,13.925715057373047,13.925715057373047,2.396,SOURCE-DERIVED invert; DERIVED DEM ground and cover,DEM-derived rim in repository THD convention,JUNCTION,
N_2178061802_f3fd114,2178061802,1,278162.9322000169,2106801.713600006,72.89213014998106,19.041957317655623,26.644000000000002,12.983715057373047,40.41571505737305,13.771715057373047,13.771715057373047,2.396,SOURCE-DERIVED invert; DERIVED DEM ground and cover,DEM-derived rim in repository THD convention,JUNCTION,
N_2178061803_548614f,2178061803,1,278192.86910001596,2106803.2781000063,72.89241428584302,19.04197469398471,26.737000000000002,12.191143989562988,39.62314398956299,12.886143989562989,12.886143989562989,2.391,SOURCE-DERIVED invert; DERIVED DEM ground and cover,DEM-derived rim in repository THD convention,JUNCTION,
N_2178062101_8fd5473,2178062101,1,278202.9923000171,2106143.446100006,72.89258565016772,19.03601651768796,27.245,6.265475749969482,33.697475749969485,6.452475749969484,6.452475749969484,3.715,SOURCE-DERIVED invert; DERIVED DEM ground and cover,DEM-derived rim in repository THD convention,JUNCTION,
N_2178062102_0d42e6f,2178062102,1,278230.0230000161,2106156.626100005,72.8928408527409,19.03613848283465,27.629,7.163044452667236,34.59504445266724,6.966044452667237,6.966044452667237,3.585,SOURCE-DERIVED invert; DERIVED DEM ground and cover,DEM-derived rim in repository THD convention,JUNCTION,
N_2178062103_116bdb0,2178062103,1,278256.5170000175,2106166.118600005,72.8930913789972,19.036227085813767,27.987000000000002,11.405691146850586,38.83769114685059,10.850691146850586,10.850691146850586,3.613,SOURCE-DERIVED invert; DERIVED DEM ground and cover,DEM-derived rim in repository THD convention,JUNCTION,
N_2178062104_db09550,2178062104,1,278261.1250000176,2106167.8528000056,72.89313494261866,19.03624324763253,28.05,11.405691146850586,38.83769114685059,10.787691146850587,10.787691146850587,4.255,SOURCE-DERIVED invert; DERIVED DEM ground and cover,DEM-derived rim in repository THD convention,JUNCTION,
N_2178062105_434ea65,2178062105,1,278271.7779000179,2106169.933800006,72.89323587393446,19.03626319663775,28.156000000000002,11.405691146850586,38.83769114685059,10.681691146850586,10.681691146850586,4.255,SOURCE-DERIVED invert; DERIVED DEM ground and cover,DEM-derived rim in repository THD convention,JUNCTION,
N_2178062106_1b2ac25,2178062106,1,278285.30470001814,2106177.118400005,72.89336351662394,19.0363295502169,28.305,11.405691146850586,38.83769114685059,10.532691146850588,10.532691146850588,4.212,SOURCE-DERIVED invert; DERIVED DEM ground and cover,DEM-derived rim in repository THD convention,JUNCTION,
N_2178062401_8ab14e6,2178062401,1,278219.3000000174,2106464.500000004,72.89270392579871,19.038917885084924,26.425,4.287342548370361,31.71934254837036,5.294342548370359,5.294342548370359,2.999,SOURCE-DERIVED invert; DERIVED DEM ground and cover,DEM-derived rim in repository THD convention,JUNCTION,
N_2178062402_27b932f,2178062402,1,278249.2000000177,2106468.400000006,72.89298744003507,19.03895634912201,26.579,6.444622993469238,33.87662299346924,7.29762299346924,7.29762299346924,3.083,SOURCE-DERIVED invert; DERIVED DEM ground and cover,DEM-derived rim in repository THD convention,JUNCTION,
N_2178062403_0915341,2178062403,1,278278.9000000182,2106472.3000000054,72.89326905505656,19.03899479106,26.732000000000003,7.701593399047852,35.133593399047854,8.40159339904785,8.40159339904785,3.083,SOURCE-DERIVED invert; DERIVED DEM ground and cover,DEM-derived rim in repository THD convention,JUNCTION,
N_2178062801_0ad115f,2178062801,1,278222.67480001773,2106801.0022000056,72.89269761364953,19.041957371083974,26.828000000000003,9.956274032592773,37.388274032592776,10.560274032592773,10.560274032592773,2.388,SOURCE-DERIVED invert; DERIVED DEM ground and cover,DEM-derived rim in repository THD convention,JUNCTION,
N_2178062802_b2a3089,2178062802,1,278227.098700018,2106800.376900006,72.89273969925186,19.04195220334148,26.899,11.635270118713379,39.06727011871338,12.16827011871338,12.16827011871338,2.449,SOURCE-DERIVED invert; DERIVED DEM ground and cover,DEM-derived rim in repository THD convention,JUNCTION,
N_2178062803_e095bec,2178062803,1,278250.1518000179,2106811.1868000044,72.89295740499409,19.04205233231079,26.995,11.635270118713379,39.06727011871338,12.07227011871338,12.07227011871338,2.449,SOURCE-DERIVED invert; DERIVED DEM ground and cover,DEM-derived rim in repository THD convention,JUNCTION,
N_2178062804_f56c712,2178062804,1,278274.55150001735,2106828.3436000044,72.89318717638068,19.042209929063652,27.32,8.56624984741211,35.99824984741211,8.678249847412111,8.678249847412111,2.877,SOURCE-DERIVED invert; DERIVED DEM ground and cover,DEM-derived rim in repository THD convention,JUNCTION,
N_2178062805_e105b85,2178062805,1,278292.20000001776,2106841.800000006,72.89335325284964,19.04233337362202,27.521,7.953362464904785,35.38536246490479,7.8643624649047865,7.8643624649047865,2.877,SOURCE-DERIVED invert; DERIVED DEM ground and cover,DEM-derived rim in repository THD convention,JUNCTION,
N_2178062806_625954f,2178062806,1,278299.4000000183,2106844.2000000044,72.89342135875289,19.04235582964731,27.521,7.953362464904785,35.38536246490479,7.8643624649047865,7.8643624649047865,2.97,SOURCE-DERIVED invert; DERIVED DEM ground and cover,DEM-derived rim in repository THD convention,JUNCTION,
N_2178063101_cc68203,2178063101,1,278312.25910001755,2106189.7037000055,72.89361806348154,19.036446135078283,28.594,10.837499618530273,38.269499618530276,9.675499618530274,9.675499618530274,4.263,SOURCE-DERIVED invert; DERIVED DEM ground and cover,DEM-derived rim in repository THD convention,JUNCTION,
N_2178063102_00cbc7b,2178063102,1,278327.520000017,2106194.6585000055,72.89376242893634,19.036492537828714,28.75,15.371172904968262,42.803172904968264,14.053172904968264,14.053172904968264,4.263,SOURCE-DERIVED invert; DERIVED DEM ground and cover,DEM-derived rim in repository THD convention,JUNCTION,
N_2178063103_3c4a3b4,2178063103,1,278331.9794000174,2106196.145000004,72.89380460969706,19.036506446297043,28.85,15.371172904968262,42.803172904968264,13.953172904968262,13.953172904968262,4.301,SOURCE-DERIVED invert; DERIVED DEM ground and cover,DEM-derived rim in repository THD convention,JUNCTION,
N_2178063201_6157a0e,2178063201,1,278340.5513000176,2106200.554800005,72.8938855131223,19.036547202102525,28.955000000000002,15.371172904968262,42.803172904968264,13.848172904968262,13.848172904968262,4.301,SOURCE-DERIVED invert; DERIVED DEM ground and cover,DEM-derived rim in repository THD convention,JUNCTION,
N_2178063202_ab09453,2178063202,1,278368.3975000171,2106214.180600005,72.89414841149356,19.036673280198933,29.295,14.124043464660645,41.55604346466065,12.261043464660645,12.261043464660645,4.362,SOURCE-DERIVED invert; DERIVED DEM ground and cover,DEM-derived rim in repository THD convention,JUNCTION,
N_2178063401_7c47769,2178063401,1,278306.7444000171,2106474.4310000045,72.8935332492735,19.039017054760905,26.875,6.89756441116333,34.32956441116333,7.454564411163332,7.454564411163332,3.071,SOURCE-DERIVED invert; DERIVED DEM ground and cover,DEM-derived rim in repository THD convention,JUNCTION,
N_2178063402_059775d,2178063402,1,278322.8833000165,2106474.018200006,72.89368656677422,19.0390150753905,27.7,6.608652591705322,34.040652591705324,6.340652591705325,6.340652591705325,2.958,SOURCE-DERIVED invert; DERIVED DEM ground and cover,DEM-derived rim in repository THD convention,JUNCTION,
N_2178063403_51b2d90,2178063403,1,278335.24170001934,2106470.595800005,72.89380432392925,19.038985505042323,27.75,6.608652591705322,34.040652591705324,6.290652591705324,6.290652591705324,3.156,SOURCE-DERIVED invert; DERIVED DEM ground and cover,DEM-derived rim in repository THD convention,JUNCTION,
N_2178063404_9b27eff,2178063404,1,278365.9000000175,2106458.6000000047,72.89409685109887,19.038880486481663,27.901,6.4068145751953125,33.838814575195315,5.937814575195315,5.937814575195315,3.179,SOURCE-DERIVED invert; DERIVED DEM ground and cover,DEM-derived rim in repository THD convention,JUNCTION,
N_2178063405_370f254,2178063405,1,278370.100000017,2106457.8000000054,72.89413682943872,19.03887371627848,27.921000000000003,6.4068145751953125,33.838814575195315,5.917814575195312,5.917814575195312,3.515,SOURCE-DERIVED invert; DERIVED DEM ground and cover,DEM-derived rim in repository THD convention,JUNCTION,
N_2178063801_6949905,2178063801,1,278317.400000018,2106849.000000005,72.89359176036425,19.042401131802354,27.628,11.492446899414062,38.924446899414065,11.296446899414065,11.296446899414065,2.97,SOURCE-DERIVED invert; DERIVED DEM ground and cover,DEM-derived rim in repository THD convention,JUNCTION,
N_2178063802_d8d5761,2178063802,1,278325.1000000171,2106857.2000000044,72.89366395391329,19.04247602466368,27.95,8.93221664428711,36.36421664428711,8.414216644287112,8.414216644287112,2.029,SOURCE-DERIVED invert; DERIVED DEM ground and cover,DEM-derived rim in repository THD convention,JUNCTION,
N_2178063803_5e34d96,2178063803,1,278343.00000001804,2106875.900000005,72.89383182201482,19.042646853708412,28.075000000000003,8.93221664428711,36.36421664428711,8.289216644287109,8.289216644287109,1.855,SOURCE-DERIVED invert; DERIVED DEM ground and cover,DEM-derived rim in repository THD convention,JUNCTION,
N_2178063804_209eae8,2178063804,1,278346.10000001674,2106878.5000000047,72.89386096694518,19.04267067156882,28.105,8.93221664428711,36.36421664428711,8.259216644287111,8.259216644287111,1.916,SOURCE-DERIVED invert; DERIVED DEM ground and cover,DEM-derived rim in repository THD convention,JUNCTION,
N_2178063805_40349b5,2178063805,1,278361.40000001737,2106881.8000000063,72.89400589759167,19.04270213352436,28.282,12.145171165466309,39.57717116546631,11.29517116546631,11.29517116546631,1.916,SOURCE-DERIVED invert; DERIVED DEM ground and cover,DEM-derived rim in repository THD convention,JUNCTION,
N_2178063806_f7c2e39,2178063806,1,278362.7940000176,2106888.555300004,72.89401836689495,19.042763295118267,28.321,12.145171165466309,39.57717116546631,11.25617116546631,11.25617116546631,2.515,SOURCE-DERIVED invert; DERIVED DEM ground and cover,DEM-derived rim in repository THD convention,JUNCTION,
N_2178063807_551565c,2178063807,1,278363.51000001654,2106897.3856000057,72.89402416067593,19.042843123619907,28.329,12.145171165466309,39.57717116546631,11.24817116546631,11.24817116546631,2.515,SOURCE-DERIVED invert; DERIVED DEM ground and cover,DEM-derived rim in repository THD convention,JUNCTION,
N_2178063901_94065db,2178063901,1,278363.9078000172,2106901.3632000047,72.89402748541292,19.042879090447574,28.329,12.145171165466309,39.57717116546631,11.24817116546631,11.24817116546631,2.515,SOURCE-DERIVED invert; DERIVED DEM ground and cover,DEM-derived rim in repository THD convention,JUNCTION,
N_2178063902_f2f1429,2178063902,1,278367.9257000162,2106914.1193000055,72.89406419061967,19.042994732634398,28.506,14.92536449432373,42.35736449432373,13.851364494323732,13.851364494323732,2.392,SOURCE-DERIVED invert; DERIVED DEM ground and cover,DEM-derived rim in repository THD convention,JUNCTION,
N_2178063903_cdb117a,2178063903,1,278378.46530001773,2106913.405100004,72.89416436855832,19.04298942437504,28.918000000000003,15.351886749267578,42.78388674926758,13.865886749267577,13.865886749267577,1.973,SOURCE-DERIVED invert; DERIVED DEM ground and cover,DEM-derived rim in repository THD convention,JUNCTION,
N_2178064101_f8ab148,2178064101,1,278494.10460001545,2106173.9126000046,72.8953468147402,19.03632321179376,32.613,12.0,39.432,6.819000000000003,6.819000000000003,4.803,SOURCE-DERIVED invert; DERIVED DEM ground and cover,DEM-derived rim in repository THD convention,JUNCTION,
N_2178064201_8547914,2178064201,1,278402.765500017,2106227.9904000047,72.8944732258125,19.03680172611033,29.7,14.496933937072754,41.928933937072756,12.228933937072757,12.228933937072757,4.362,SOURCE-DERIVED invert; DERIVED DEM ground and cover,DEM-derived rim in repository THD convention,JUNCTION,
N_2178064202_ab1ca9a,2178064202,1,278423.59150001657,2106227.3982000044,72.89467107440925,19.036798633101427,30.805,14.631753921508789,42.06375392150879,11.258753921508792,11.258753921508792,5.286,SOURCE-DERIVED invert; DERIVED DEM ground and cover,DEM-derived rim in repository THD convention,JUNCTION,
N_2178064203_a7df924,2178064203,1,278453.5409000182,2106226.4455000046,72.89495560754,19.036793271921383,31.1,12.05682373046875,39.48882373046875,8.38882373046875,8.38882373046875,5.286,SOURCE-DERIVED invert; DERIVED DEM ground and cover,DEM-derived rim in repository THD convention,JUNCTION,
N_2178064204_999c7af,2178064204,1,278477.87620001734,2106218.4185000057,72.89518762986296,19.036723410800647,32.15,11.679536819458008,39.11153681945801,6.961536819458011,6.961536819458011,5.163,SOURCE-DERIVED invert; DERIVED DEM ground and cover,DEM-derived rim in repository THD convention,JUNCTION,
N_2178064205_459fa6c,2178064205,1,278482.1622000175,2106219.1997000054,72.8952282443757,19.036730930255626,32.165,11.679536819458008,39.11153681945801,6.946536819458011,6.946536819458011,5.239,SOURCE-DERIVED invert; DERIVED DEM ground and cover,DEM-derived rim in repository THD convention,JUNCTION,
N_2178064206_fc8b62f,2178064206,1,278484.5576000175,2106218.2465000055,72.89525110161763,19.036722580749398,32.173,11.679536819458008,39.11153681945801,6.938536819458008,6.938536819458008,5.239,SOURCE-DERIVED invert; DERIVED DEM ground and cover,DEM-derived rim in repository THD convention,JUNCTION,
N_2178064207_36b74d4,2178064207,1,278487.4246000168,2106203.199300005,72.8952800420357,19.036586992051358,32.225,11.649160385131836,39.08116038513184,6.856160385131837,6.856160385131837,5.189,SOURCE-DERIVED invert; DERIVED DEM ground and cover,DEM-derived rim in repository THD convention,JUNCTION,
N_2178064401_b5adc3e,2178064401,1,278414.46850001754,2106459.524100005,72.89455799872549,19.038894093633925,28.125,7.6819047927856445,35.11390479278565,6.988904792785647,6.988904792785647,3.515,SOURCE-DERIVED invert; DERIVED DEM ground and cover,DEM-derived rim in repository THD convention,JUNCTION,
N_2178064402_c124b45,2178064402,1,278425.69310001715,2106460.365900006,72.89466450240627,19.038902912092357,28.925,7.6819047927856445,35.11390479278565,6.188904792785646,6.188904792785646,3.307,SOURCE-DERIVED invert; DERIVED DEM ground and cover,DEM-derived rim in repository THD convention,JUNCTION,
N_2178064403_58b5e96,2178064403,1,278430.4895000177,2106459.664500004,72.89471013349852,19.03889709686458,29.753,7.6819047927856445,35.11390479278565,5.360904792785647,5.360904792785647,3.035,SOURCE-DERIVED invert; DERIVED DEM ground and cover,DEM-derived rim in repository THD convention,JUNCTION,
N_2178064404_6613274,2178064404,1,278433.5777000182,2106438.4185000057,72.89474188157644,19.03870554776074,29.874000000000002,7.761626243591309,35.19362624359131,5.319626243591308,5.319626243591308,3.035,SOURCE-DERIVED invert; DERIVED DEM ground and cover,DEM-derived rim in repository THD convention,JUNCTION,
N_2178064405_b67a57f,2178064405,1,278436.9917000171,2106438.582200005,72.89477428551425,19.038707395958742,29.894000000000002,7.761626243591309,35.19362624359131,5.299626243591309,5.299626243591309,2.793,SOURCE-DERIVED invert; DERIVED DEM ground and cover,DEM-derived rim in repository THD convention,JUNCTION,
N_2178064407_a7172ce,2178064407,1,278455.7000000176,2106439.200000004,72.89495188692977,19.03871500165274,30.0,7.164681434631348,34.59668143463135,4.59668143463135,4.59668143463135,2.738,SOURCE-DERIVED invert; DERIVED DEM ground and cover,DEM-derived rim in repository THD convention,JUNCTION,
N_2178064801_7493a9c,2178064801,1,278464.6814000172,2106898.720400005,72.89498485183927,19.042866139437137,29.563000000000002,12.074652671813965,39.50665267181397,9.943652671813965,9.943652671813965,1.94,SOURCE-DERIVED invert; DERIVED DEM ground and cover,DEM-derived rim in repository THD convention,JUNCTION,
N_2178064802_c7ec901,2178064802,1,278472.3062000175,2106898.843800006,72.89505725192964,19.042868079768116,29.563000000000002,10.0,37.432,7.869,7.869,1.805,SOURCE-DERIVED invert; DERIVED DEM ground and cover,DEM-derived rim in repository THD convention,JUNCTION,
N_2178064901_017b3ff,2178064901,1,278407.73620001634,2106906.883100004,72.89444310285059,19.042933692304555,29.151,13.655609130859375,41.08760913085938,11.936609130859377,11.936609130859377,1.803,SOURCE-DERIVED invert; DERIVED DEM ground and cover,DEM-derived rim in repository THD convention,JUNCTION,
N_2178064902_e794c2a,2178064902,1,278437.3620000172,2106902.414700005,72.89472497362327,19.042896545350043,29.427000000000003,15.072290420532227,42.50429042053223,13.077290420532226,13.077290420532226,2.573,SOURCE-DERIVED invert; DERIVED DEM ground and cover,DEM-derived rim in repository THD convention,JUNCTION,
N_2178064903_1675f0d,2178064903,1,278450.1672000177,2106899.9825000055,72.89484686403254,19.04287596599619,29.526,12.074652671813965,39.50665267181397,9.980652671813967,9.980652671813967,2.573,SOURCE-DERIVED invert; DERIVED DEM ground and cover,DEM-derived rim in repository THD convention,JUNCTION,
N_2178064904_6becb71,2178064904,1,278487.8143000172,2106905.365800006,72.89520379249689,19.042928662895537,30.173000000000002,10.0,37.432,7.259,7.259,1.316,SOURCE-DERIVED invert; DERIVED DEM ground and cover,DEM-derived rim in repository THD convention,JUNCTION,
N_2178064905_a628cda,2178064905,1,278492.3209000174,2106911.712800005,72.89524586972203,19.04298647397813,30.456000000000003,10.255352973937988,37.68735297393799,7.231352973937987,7.231352973937987,1.146,SOURCE-DERIVED invert; DERIVED DEM ground and cover,DEM-derived rim in repository THD convention,JUNCTION,
N_2178065101_12e0eb8,2178065101,1,278505.7892000176,2106172.789200005,72.8954579091168,19.036314330694942,32.765,18.315547943115234,45.74754794311524,12.982547943115236,12.982547943115236,4.904,SOURCE-DERIVED invert; DERIVED DEM ground and cover,DEM-derived rim in repository THD convention,JUNCTION,
N_2178065102_05a6a6c,2178065102,1,278535.6943000165,2106170.3504000064,72.89574218995276,19.036295541677635,33.153,18.46759796142578,45.89959796142578,12.746597961425785,12.746597961425785,4.904,SOURCE-DERIVED invert; DERIVED DEM ground and cover,DEM-derived rim in repository THD convention,JUNCTION,
N_2178065103_6419c9f,2178065103,1,278541.50020001724,2106169.9916000045,72.89579736835826,19.036292929572163,33.228,18.46759796142578,45.89959796142578,12.671597961425782,12.671597961425782,4.869,SOURCE-DERIVED invert; DERIVED DEM ground and cover,DEM-derived rim in repository THD convention,JUNCTION,
N_2178065104_177dddf,2178065104,1,278564.3446000176,2106177.9081000052,72.8960134165751,19.03636690005598,33.541000000000004,19.409011840820312,46.841011840820315,13.30001184082031,13.30001184082031,4.869,SOURCE-DERIVED invert; DERIVED DEM ground and cover,DEM-derived rim in repository THD convention,JUNCTION,
N_2178065105_e89195e,2178065105,1,278576.53640001715,2106185.282700006,72.89612836076358,19.03643482334595,33.725,18.1600284576416,45.592028457641604,11.867028457641602,11.867028457641602,4.898,SOURCE-DERIVED invert; DERIVED DEM ground and cover,DEM-derived rim in repository THD convention,JUNCTION,
N_2178065106_f61152f,2178065106,1,278599.0629000169,2106186.151700004,72.89634219218121,19.03644510939033,33.825,17.992753982543945,45.42475398254395,11.599753982543945,11.599753982543945,4.898,SOURCE-DERIVED invert; DERIVED DEM ground and cover,DEM-derived rim in repository THD convention,JUNCTION,
N_2178065801_4afd0ae,2178065801,1,278588.34460001753,2106894.778300005,72.89615975346834,19.042843926749097,31.205000000000002,17.166343688964844,44.598343688964846,13.393343688964844,13.393343688964844,2.436,SOURCE-DERIVED invert; DERIVED DEM ground and cover,DEM-derived rim in repository THD convention,JUNCTION,
N_2178065802_2d2bd74,2178065802,1,278589.6000000171,2106886.9000000055,72.89617257304538,19.042772909628237,31.362000000000002,17.166343688964844,44.598343688964846,13.236343688964844,13.236343688964844,2.577,SOURCE-DERIVED invert; DERIVED DEM ground and cover,DEM-derived rim in repository THD convention,JUNCTION,
N_2178065803_3d7e692,2178065803,1,278590.20000001776,2106881.400000005,72.89617889742986,19.042723301221155,31.421000000000003,17.166343688964844,44.598343688964846,13.177343688964843,13.177343688964843,2.577,SOURCE-DERIVED invert; DERIVED DEM ground and cover,DEM-derived rim in repository THD convention,JUNCTION,
N_2178065804_0c9e836,2178065804,1,278591.40000001807,2106870.2000000044,72.89619156894885,19.04262227810056,31.445,16.155059814453125,43.58705981445313,12.142059814453127,12.142059814453127,2.553,SOURCE-DERIVED invert; DERIVED DEM ground and cover,DEM-derived rim in repository THD convention,JUNCTION,
N_2178065805_ba7ce10,2178065805,1,278592.6348000176,2106857.0355000044,72.89620479456342,19.042503516322824,31.473000000000003,16.155059814453125,43.58705981445313,12.114059814453125,12.114059814453125,1.74,SOURCE-DERIVED invert; DERIVED DEM ground and cover,DEM-derived rim in repository THD convention,JUNCTION,
N_2178065806_b696b39,2178065806,1,278595.1774000175,2106850.6913000043,72.89622966421453,19.042446493780997,31.488000000000003,16.155059814453125,43.58705981445313,12.099059814453124,12.099059814453124,1.74,SOURCE-DERIVED invert; DERIVED DEM ground and cover,DEM-derived rim in repository THD convention,JUNCTION,
N_2178065901_cda9622,2178065901,1,278501.9709000167,2106927.394000005,72.89533573189452,19.043129144023638,30.586000000000002,15.117548942565918,42.54954894256592,11.963548942565918,11.963548942565918,1.362,SOURCE-DERIVED invert; DERIVED DEM ground and cover,DEM-derived rim in repository THD convention,JUNCTION,
N_2178065902_f13365a,2178065902,1,278511.6258000175,2106933.8271000045,72.8954266938764,19.043188290218236,30.631,15.117548942565918,42.54954894256592,11.91854894256592,11.91854894256592,1.634,SOURCE-DERIVED invert; DERIVED DEM ground and cover,DEM-derived rim in repository THD convention,JUNCTION,
N_2178065903_aa16c0a,2178065903,1,278538.1159000163,2106947.8549000057,72.89567667863187,19.04331785098558,30.714000000000002,14.0,41.432,10.718,10.718,1.77,SOURCE-DERIVED invert; DERIVED DEM ground and cover,DEM-derived rim in repository THD convention,JUNCTION,
N_2178065904_e21d0b9,2178065904,1,278551.3440000169,2106949.9974000063,72.8958020648228,19.043338633289913,30.798000000000002,14.0,41.432,10.634,10.634,1.77,SOURCE-DERIVED invert; DERIVED DEM ground and cover,DEM-derived rim in repository THD convention,JUNCTION,
N_2178065905_1bf7264,2178065905,1,278563.4539000171,2106940.3908000044,72.89591816888536,19.04325318224715,30.962,14.82792854309082,42.25992854309082,11.297928543090823,11.297928543090823,1.798,SOURCE-DERIVED invert; DERIVED DEM ground and cover,DEM-derived rim in repository THD convention,JUNCTION,
N_2178065906_6db6ce8,2178065906,1,278577.9362000177,2106914.166500005,72.89605869577068,19.043017904888682,31.098000000000003,14.82792854309082,42.25992854309082,11.16192854309082,11.16192854309082,1.831,SOURCE-DERIVED invert; DERIVED DEM ground and cover,DEM-derived rim in repository THD convention,JUNCTION,
N_2178066101_7bfd3e4,2178066101,1,278614.55610001704,2106187.7274000044,72.89648914918772,19.03646101678237,34.804,17.992753982543945,45.42475398254395,10.620753982543945,10.620753982543945,4.5,SOURCE-DERIVED invert; DERIVED DEM ground and cover,DEM-derived rim in repository THD convention,JUNCTION,
N_2178066102_f92504e,2178066102,1,278621.25830001757,2106187.583600005,72.89655281520933,19.036460443212665,34.838,15.642269134521484,43.07426913452149,8.236269134521486,8.236269134521486,4.474,SOURCE-DERIVED invert; DERIVED DEM ground and cover,DEM-derived rim in repository THD convention,JUNCTION,
N_2178066103_5392eb8,2178066103,1,278650.2188000172,2106187.591300004,72.8968278473416,19.036463645968734,34.985,15.642269134521484,43.07426913452149,8.089269134521487,8.089269134521487,4.369,SOURCE-DERIVED invert; DERIVED DEM ground and cover,DEM-derived rim in repository THD convention,JUNCTION,
N_2178066104_9396ee2,2178066104,1,278692.5189000162,2106189.2476000055,72.89722937601161,19.03648318057367,35.2,16.565542221069336,43.99754222106934,8.797542221069335,8.797542221069335,4.215,SOURCE-DERIVED invert; DERIVED DEM ground and cover,DEM-derived rim in repository THD convention,JUNCTION,
N_2178066801_61d72f0,2178066801,1,278617.11720001785,2106844.4347000043,72.89643874232765,19.042392361933487,31.542,17.66773796081543,45.09973796081543,13.55773796081543,13.55773796081543,1.99,SOURCE-DERIVED invert; DERIVED DEM ground and cover,DEM-derived rim in repository THD convention,JUNCTION,
N_2178066802_f286a54,2178066802,1,278638.8966000165,2106841.3084000046,72.89664594074416,19.042366483851758,31.583000000000002,19.11011505126953,46.54211505126953,14.959115051269531,14.959115051269531,1.99,SOURCE-DERIVED invert; DERIVED DEM ground and cover,DEM-derived rim in repository THD convention,JUNCTION,
N_2178067101_c78390b,2178067101,1,278751.50000001554,2106188.2000000044,72.89778962911319,19.036480097779464,35.5,24.544904708862305,51.97690470886231,16.476904708862307,16.476904708862307,4.0,SOURCE-DERIVED invert; DERIVED DEM ground and cover,DEM-derived rim in repository THD convention,JUNCTION,
N_2178067501_9b6e573,2178067501,1,278750.7000000171,2106588.8000000054,72.89773647658737,19.040098043407827,35.25,18.784889221191406,46.21688922119141,10.966889221191408,10.966889221191408,1.0,SOURCE-DERIVED invert; DERIVED DEM ground and cover,DEM-derived rim in repository THD convention,JUNCTION,
N_2178067601_860c9d0,2178067601,1,278734.10000001674,2106610.400000006,72.89757636887884,19.04029132901396,35.2,15.788440704345703,43.220440704345705,8.020440704345702,8.020440704345702,1.0,SOURCE-DERIVED invert; DERIVED DEM ground and cover,DEM-derived rim in repository THD convention,JUNCTION,
N_2178067701_78e02b3,2178067701,1,278720.90000001853,2106790.6000000047,72.89743050957404,19.041917382623783,33.0,15.674999237060547,43.10699923706055,10.106999237060549,10.106999237060549,1.0,SOURCE-DERIVED invert; DERIVED DEM ground and cover,DEM-derived rim in repository THD convention,JUNCTION,
N_2178067702_40e47b0,2178067702,1,278784.7000000165,2106769.9000000046,72.89803878177949,19.041737330877982,34.2,15.77990436553955,43.21190436553955,9.01190436553955,9.01190436553955,1.0,SOURCE-DERIVED invert; DERIVED DEM ground and cover,DEM-derived rim in repository THD convention,JUNCTION,
N_2178068701_6c28667,2178068701,1,278804.7000000172,2106763.6000000043,72.89822944099585,19.041682595099253,34.5,16.7596378326416,44.191637832641604,9.691637832641604,9.691637832641604,1.0,SOURCE-DERIVED invert; DERIVED DEM ground and cover,DEM-derived rim in repository THD convention,JUNCTION,
N_2178070401_c5fea1c,2178070401,1,278019.10200001724,2107447.3734000064,72.89069048306239,19.04777298090566,26.169,5.417599201202393,32.849599201202395,6.680599201202394,6.680599201202394,1.775,SOURCE-DERIVED invert; DERIVED DEM ground and cover,DEM-derived rim in repository THD convention,JUNCTION,
N_2178070402_dfd95cf,2178070402,1,278021.4258000178,2107483.1154000047,72.89070847288822,19.04809603642436,26.247,4.9449992179870605,32.37699921798706,6.129999217987063,6.129999217987063,1.711,SOURCE-DERIVED invert; DERIVED DEM ground and cover,DEM-derived rim in repository THD convention,JUNCTION,
N_2178070403_198df75,2178070403,1,278021.4696000181,2107477.0380000058,72.89070958268115,19.048041153248132,26.234,4.9449992179870605,32.37699921798706,6.142999217987061,6.142999217987061,1.775,SOURCE-DERIVED invert; DERIVED DEM ground and cover,DEM-derived rim in repository THD convention,JUNCTION,
N_2178070404_03dea4f,2178070404,1,278021.6567000175,2107487.924600004,72.89071011682499,19.048139495695956,26.257,4.9449992179870605,32.37699921798706,6.119999217987061,6.119999217987061,1.691,SOURCE-DERIVED invert; DERIVED DEM ground and cover,DEM-derived rim in repository THD convention,JUNCTION,
N_2178070501_37882bd,2178070501,1,278021.77090001793,2107506.8154000062,72.89070904481716,19.048310120018687,26.299,5.65604305267334,33.08804305267334,6.7890430526733425,6.7890430526733425,1.691,SOURCE-DERIVED invert; DERIVED DEM ground and cover,DEM-derived rim in repository THD convention,JUNCTION,
N_2178070502_26d73f0,2178070502,1,278022.61220001767,2107523.0496000047,72.89071518169266,19.048456830238752,26.334,4.871297359466553,32.303297359466555,5.969297359466555,5.969297359466555,1.606,SOURCE-DERIVED invert; DERIVED DEM ground and cover,DEM-derived rim in repository THD convention,JUNCTION,
N_2178070503_3e7dc18,2178070503,1,278030.7299000162,2107533.8588000047,72.8907910453941,19.048555334597427,26.364,4.871297359466553,32.303297359466555,5.939297359466554,5.939297359466554,1.613,SOURCE-DERIVED invert; DERIVED DEM ground and cover,DEM-derived rim in repository THD convention,JUNCTION,
N_2178070504_982762e,2178070504,1,278056.4639000164,2107549.2365000057,72.89103369833873,19.048697011534095,26.429000000000002,5.68524169921875,33.11724169921875,6.68824169921875,6.68824169921875,1.613,SOURCE-DERIVED invert; DERIVED DEM ground and cover,DEM-derived rim in repository THD convention,JUNCTION,
N_2178070505_3139bed,2178070505,1,278082.5517000173,2107564.108400006,72.89127976966317,19.048834158463773,26.495,5.3666253089904785,32.79862530899048,6.30362530899048,6.30362530899048,1.566,SOURCE-DERIVED invert; DERIVED DEM ground and cover,DEM-derived rim in repository THD convention,JUNCTION,
N_2178071501_32364c6,2178071501,1,278108.7779000181,2107578.5758000053,72.89152720203376,19.048967666885527,26.560000000000002,5.290850639343262,32.722850639343264,6.162850639343262,6.162850639343262,1.538,SOURCE-DERIVED invert; DERIVED DEM ground and cover,DEM-derived rim in repository THD convention,JUNCTION,
N_2178071502_e140f1c,2178071502,1,278134.98050001694,2107593.189500005,72.89177439398871,19.049102493757378,26.626,7.006692886352539,34.43869288635254,7.81269288635254,7.81269288635254,1.538,SOURCE-DERIVED invert; DERIVED DEM ground and cover,DEM-derived rim in repository THD convention,JUNCTION,
N_2178071503_2b0ff7e,2178071503,1,278146.59510001785,2107598.3721000045,72.89188411254112,19.049150560628824,26.654,7.006692886352539,34.43869288635254,7.784692886352541,7.784692886352541,1.472,SOURCE-DERIVED invert; DERIVED DEM ground and cover,DEM-derived rim in repository THD convention,JUNCTION,
N_2178071601_1a64756,2178071601,1,278157.081900017,2107612.096400005,72.89198214524237,19.04927564934082,26.691000000000003,6.428679466247559,33.86067946624756,7.169679466247558,7.169679466247558,1.444,SOURCE-DERIVED invert; DERIVED DEM ground and cover,DEM-derived rim in repository THD convention,JUNCTION,
N_2178071602_6f47484,2178071602,1,278174.71850001847,2107636.3962000045,72.89214687701298,19.04949702624962,26.757,6.289092063903809,33.72109206390381,6.964092063903809,6.964092063903809,1.407,SOURCE-DERIVED invert; DERIVED DEM ground and cover,DEM-derived rim in repository THD convention,JUNCTION,
N_2178071603_052c4c2,2178071603,1,278190.45920001855,2107661.9132000054,72.89229346391701,19.04972919049696,26.818,7.3996663093566895,34.83166630935669,8.01366630935669,8.01366630935669,1.437,SOURCE-DERIVED invert; DERIVED DEM ground and cover,DEM-derived rim in repository THD convention,JUNCTION,
N_2178072601_7eec607,2178072601,1,278203.14670001797,2107677.9017000045,72.89241214023771,19.049874966885763,26.882,6.525179862976074,33.957179862976076,7.075179862976075,7.075179862976075,1.731,SOURCE-DERIVED invert; DERIVED DEM ground and cover,DEM-derived rim in repository THD convention,JUNCTION,
N_2178072602_5a2aefc,2178072602,1,278211.83880001784,2107681.3439000063,72.8924943013836,19.049906998007025,26.911,6.525179862976074,33.957179862976076,7.046179862976075,7.046179862976075,1.841,SOURCE-DERIVED invert; DERIVED DEM ground and cover,DEM-derived rim in repository THD convention,JUNCTION,
N_2178072603_5342083,2178072603,1,278240.73160001775,2107688.553800005,72.89276789045742,19.049975248209382,27.007,5.574665069580078,33.00666506958008,5.999665069580079,5.999665069580079,1.841,SOURCE-DERIVED invert; DERIVED DEM ground and cover,DEM-derived rim in repository THD convention,JUNCTION,
N_2178072604_83f2fb6,2178072604,1,278254.924200018,2107690.4139000042,72.89290247361694,19.049993587038472,27.132,5.574665069580078,33.00666506958008,5.874665069580079,5.874665069580079,1.521,SOURCE-DERIVED invert; DERIVED DEM ground and cover,DEM-derived rim in repository THD convention,JUNCTION,
N_2178072605_d00f175,2178072605,1,278270.2080000167,2107686.7791000064,72.8930480472542,19.049962416956422,27.214000000000002,8.760199546813965,36.19219954681397,8.978199546813965,8.978199546813965,1.424,SOURCE-DERIVED invert; DERIVED DEM ground and cover,DEM-derived rim in repository THD convention,JUNCTION,
N_2178072606_d4740b5,2178072606,1,278273.009200018,2107690.7329000044,72.89307420095498,19.049998429467834,27.352,8.760199546813965,36.19219954681397,8.840199546813967,8.840199546813967,1.272,SOURCE-DERIVED invert; DERIVED DEM ground and cover,DEM-derived rim in repository THD convention,JUNCTION,
N_2178072701_b129d6c,2178072701,1,278271.54590001766,2107715.1067000045,72.89305752337778,19.050218402605115,27.487000000000002,13.95527172088623,41.38727172088623,13.90027172088623,13.90027172088623,1.093,SOURCE-DERIVED invert; DERIVED DEM ground and cover,DEM-derived rim in repository THD convention,JUNCTION,
N_2178072702_bea2c08,2178072702,1,278271.4539000172,2107725.986000005,72.89305540883049,19.05031664895975,27.551000000000002,13.95527172088623,41.38727172088623,13.83627172088623,13.83627172088623,1.706,SOURCE-DERIVED invert; DERIVED DEM ground and cover,DEM-derived rim in repository THD convention,JUNCTION,
N_2178072703_39a849f,2178072703,1,278278.89020001795,2107743.497600006,72.89312403869691,19.05047561134125,27.613000000000003,15.289948463439941,42.721948463439944,15.10894846343994,15.10894846343994,1.706,SOURCE-DERIVED invert; DERIVED DEM ground and cover,DEM-derived rim in repository THD convention,JUNCTION,
N_2178072704_a387853,2178072704,1,278292.81730001734,2107770.0760000045,72.8932532818307,19.050717164358,27.743000000000002,9.483227729797363,36.915227729797365,9.172227729797363,9.172227729797363,2.198,SOURCE-DERIVED invert; DERIVED DEM ground and cover,DEM-derived rim in repository THD convention,JUNCTION,
N_2178073701_c00b4fd,2178073701,1,278305.99670001725,2107789.4511000044,72.89337624536083,19.050893579665487,27.874000000000002,9.483227729797363,36.915227729797365,9.041227729797363,9.041227729797363,2.329,SOURCE-DERIVED invert; DERIVED DEM ground and cover,DEM-derived rim in repository THD convention,JUNCTION,
N_2178073702_fbb6321,2178073702,1,278379.40800001763,2107778.1960000056,72.8940747621459,19.050799888535195,28.662000000000003,9.494441986083984,36.92644198608399,8.264441986083984,8.264441986083984,2.496,SOURCE-DERIVED invert; DERIVED DEM ground and cover,DEM-derived rim in repository THD convention,JUNCTION,
N_2178073801_96019fe,2178073801,1,278315.709600017,2107810.8175000064,72.89346605848822,19.05108760344349,28.069000000000003,9.384560585021973,36.816560585021975,8.747560585021972,8.747560585021972,2.496,SOURCE-DERIVED invert; DERIVED DEM ground and cover,DEM-derived rim in repository THD convention,JUNCTION,
N_2178074701_421b0de,2178074701,1,278402.43330001645,2107767.046200004,72.89429471888711,19.050701684969525,28.874000000000002,9.494441986083984,36.92644198608399,8.052441986083984,8.052441986083984,1.962,SOURCE-DERIVED invert; DERIVED DEM ground and cover,DEM-derived rim in repository THD convention,JUNCTION,
N_2178074702_b849dcc,2178074702,1,278419.1721000178,2107740.297100005,72.89445674650766,19.050461914678525,29.136000000000003,14.28674602508545,41.71874602508545,12.582746025085449,12.582746025085449,1.962,SOURCE-DERIVED invert; DERIVED DEM ground and cover,DEM-derived rim in repository THD convention,JUNCTION,
N_2178074703_c29683a,2178074703,1,278455.60370001785,2107715.746900005,72.89480555745848,19.0502441376013,29.5,12.026022911071777,39.45802291107178,9.95802291107178,9.95802291107178,1.558,SOURCE-DERIVED invert; DERIVED DEM ground and cover,DEM-derived rim in repository THD convention,JUNCTION,
N_2178080701_08cdccb,2178080701,1,278004.90000001877,2108721.3000000063,72.89041010677207,19.059276876299116,26.201,4.480864524841309,31.912864524841307,5.711864524841307,5.711864524841307,3.298,SOURCE-DERIVED invert; DERIVED DEM ground and cover,DEM-derived rim in repository THD convention,JUNCTION,
N_2178081802_b93898f,2178081802,1,278191.70000001823,2108879.500000005,72.89216629144059,19.060725941204776,26.361,5.7431817054748535,33.175181705474856,6.814181705474855,6.814181705474855,3.038,SOURCE-DERIVED invert; DERIVED DEM ground and cover,DEM-derived rim in repository THD convention,JUNCTION,
N_2178083901_d250cef,2178083901,1,278313.0402000169,2108979.391200005,72.89330740547311,19.06164127549644,26.464000000000002,6.0,33.432,6.968,6.968,2.426,SOURCE-DERIVED invert; DERIVED DEM ground and cover,DEM-derived rim in repository THD convention,JUNCTION,
N_2178090301_964e924,2178090301,1,278071.00000001804,2109393.600000005,72.89096112879753,19.06535591354443,26.371000000000002,3.9793384075164795,31.411338407516478,5.040338407516476,5.040338407516476,1.97,SOURCE-DERIVED invert; DERIVED DEM ground and cover,DEM-derived rim in repository THD convention,JUNCTION,
N_2178090401_a9f5f19,2178090401,1,278016.6000000172,2109417.2000000044,72.8904417164976,19.06556314524601,26.356,6.992856979370117,34.42485697937012,8.068856979370118,8.068856979370118,1.755,SOURCE-DERIVED invert; DERIVED DEM ground and cover,DEM-derived rim in repository THD convention,JUNCTION,
N_2178090401_bff316c,2178090401!,14,278099.80000001844,2109436.500000005,72.89122978277932,19.065746492224005,26.841,5.017648696899414,32.449648696899416,5.608648696899415,5.608648696899415,1.557,SOURCE-DERIVED invert; DERIVED DEM ground and cover,DEM-derived rim in repository THD convention,JUNCTION,
N_2178090402_d33e63d,2178090402,1,278043.7820000178,2109403.7733000047,72.89070143771059,19.065444836153798,26.364,3.9793384075164795,31.411338407516478,5.047338407516477,5.047338407516477,1.755,SOURCE-DERIVED invert; DERIVED DEM ground and cover,DEM-derived rim in repository THD convention,JUNCTION,
N_2178090601_ced500e,2178090601,1,278012.82770001737,2109660.2630000054,72.89037810374353,19.067757949651256,27.075000000000003,9.140032768249512,36.572032768249514,9.497032768249511,9.497032768249511,1.429,SOURCE-DERIVED invert; DERIVED DEM ground and cover,DEM-derived rim in repository THD convention,JUNCTION,
N_2178090602_7bebcd1,2178090602,1,278042.28150001704,2109664.9914000058,72.89065733246566,19.067803854998637,27.09,9.455009460449219,36.88700946044922,9.797009460449221,9.797009460449221,1.469,SOURCE-DERIVED invert; DERIVED DEM ground and cover,DEM-derived rim in repository THD convention,JUNCTION,
N_2178090603_8f6f659,2178090603,1,278072.17990001803,2109667.5370000056,72.8909410338981,19.067830094365604,27.11,8.68163776397705,36.11363776397705,9.003637763977054,9.003637763977054,1.629,SOURCE-DERIVED invert; DERIVED DEM ground and cover,DEM-derived rim in repository THD convention,JUNCTION,
N_2178091301_1cdf7f0,2178091301,1,278100.329300019,2109387.7833000044,72.89124037597841,19.065306566383487,26.379,4.0582098960876465,31.490209896087645,5.111209896087644,5.111209896087644,1.97,SOURCE-DERIVED invert; DERIVED DEM ground and cover,DEM-derived rim in repository THD convention,JUNCTION,
N_2178091302_10760ce,2178091302,1,278129.3075000178,2109380.2454000055,72.89151648474561,19.065241635682494,26.386000000000003,5.0,32.432,6.045999999999999,6.045999999999999,1.783,SOURCE-DERIVED invert; DERIVED DEM ground and cover,DEM-derived rim in repository THD convention,JUNCTION,
N_2178091303_98bed11,2178091303,1,278158.7513000176,2109372.4837000044,72.89179704137156,19.0651747338664,26.394000000000002,7.435966968536377,34.86796696853638,8.473966968536377,8.473966968536377,1.625,SOURCE-DERIVED invert; DERIVED DEM ground and cover,DEM-derived rim in repository THD convention,JUNCTION,
N_2178091304_3da4072,2178091304,1,278187.4968000175,2109364.722000004,72.8920709650584,19.065107755777266,26.401,5.761206150054932,33.193206150054934,6.792206150054934,6.792206150054934,1.547,SOURCE-DERIVED invert; DERIVED DEM ground and cover,DEM-derived rim in repository THD convention,JUNCTION,
N_2178091401_2e1b624,2178091401,14,278104.20000001835,2109441.9000000055,72.89127095910194,19.065795740121803,26.832,4.932687282562256,32.36468728256226,5.532687282562257,5.532687282562257,1.557,SOURCE-DERIVED invert; DERIVED DEM ground and cover,DEM-derived rim in repository THD convention,JUNCTION,
N_2178091402_ddd4082,2178091402,14,278118.70000001765,2109459.400000005,72.89140668772222,19.06595536589159,26.813000000000002,4.932687282562256,32.36468728256226,5.551687282562256,5.551687282562256,1.563,SOURCE-DERIVED invert; DERIVED DEM ground and cover,DEM-derived rim in repository THD convention,JUNCTION,
N_2178091403_9e5afe8,2178091403,14,278136.20000001846,2109483.700000005,72.89157013528745,19.066176731424672,26.783,6.232021331787109,33.66402133178711,6.88102133178711,6.88102133178711,1.575,SOURCE-DERIVED invert; DERIVED DEM ground and cover,DEM-derived rim in repository THD convention,JUNCTION,
N_2178091501_b18bfb9,2178091501,14,278153.60000001814,2109508.3000000063,72.89173259915341,19.066400795429963,26.758000000000003,8.22498607635498,35.65698607635498,8.89898607635498,8.89898607635498,1.575,SOURCE-DERIVED invert; DERIVED DEM ground and cover,DEM-derived rim in repository THD convention,JUNCTION,
N_2178091502_97cbb1c,2178091502,14,278170.6000000179,2109533.000000005,72.89189125261028,19.06662571903568,26.739,20.881755828857422,48.313755828857424,21.574755828857423,21.574755828857423,1.572,SOURCE-DERIVED invert; DERIVED DEM ground and cover,DEM-derived rim in repository THD convention,JUNCTION,
N_2178091503_3886881,2178091503,14,278186.8000000173,2109558.000000005,72.89204227338838,19.066853265107014,26.724,11.991753578186035,39.42375357818604,12.699753578186037,12.699753578186037,1.563,SOURCE-DERIVED invert; DERIVED DEM ground and cover,DEM-derived rim in repository THD convention,JUNCTION,
N_2178091601_de37dd4,2178091601,1,278102.08760001755,2109670.4516000054,72.8912247816404,19.067859666925575,27.13,8.53654956817627,35.96854956817627,8.838549568176273,8.838549568176273,1.629,SOURCE-DERIVED invert; DERIVED DEM ground and cover,DEM-derived rim in repository THD convention,JUNCTION,
N_2178091602_5c6a729,2178091602,1,278131.90260001586,2109673.0847000047,72.8915076811705,19.067886686630164,27.149,9.22040843963623,36.65240843963623,9.503408439636232,9.503408439636232,1.57,SOURCE-DERIVED invert; DERIVED DEM ground and cover,DEM-derived rim in repository THD convention,JUNCTION,
N_2178091603_4f41d55,2178091603,1,278161.89360001864,2109675.717800006,72.89179225259032,19.067913725025026,27.169,8.9481782913208,36.3801782913208,9.211178291320802,9.211178291320802,1.6,SOURCE-DERIVED invert; DERIVED DEM ground and cover,DEM-derived rim in repository THD convention,JUNCTION,
N_2178091604_840471a,2178091604,1,278191.8105000179,2109678.2759000063,72.89207612886906,19.067940077581646,27.189,3.08449125289917,30.51649125289917,3.3274912528991685,3.3274912528991685,1.6,SOURCE-DERIVED invert; DERIVED DEM ground and cover,DEM-derived rim in repository THD convention,JUNCTION,
N_2178092301_3b7b057,2178092301,1,278216.7000000185,2109357.6000000047,72.89234916295527,19.065046604386065,26.409000000000002,5.014939785003662,32.446939785003664,6.037939785003662,6.037939785003662,1.694,SOURCE-DERIVED invert; DERIVED DEM ground and cover,DEM-derived rim in repository THD convention,JUNCTION,
N_2178092302_0a01280,2178092302,1,278245.22060001735,2109349.422400005,72.89262099757639,19.064975844828453,26.425,3.0,30.432,4.006999999999998,4.006999999999998,1.694,SOURCE-DERIVED invert; DERIVED DEM ground and cover,DEM-derived rim in repository THD convention,JUNCTION,
N_2178092303_e65b91d,2178092303,1,278274.4316000173,2109341.6607000064,72.89289934224465,19.064908915975032,26.441000000000003,5.7797627449035645,33.21176274490357,6.770762744903564,6.770762744903564,1.658,SOURCE-DERIVED invert; DERIVED DEM ground and cover,DEM-derived rim in repository THD convention,JUNCTION,
N_2178092501_0d69b63,2178092501,14,278203.60000001866,2109583.6000000047,72.89219892516536,19.067086295125193,26.702,12.446283340454102,39.878283340454104,13.176283340454102,13.176283340454102,1.55,SOURCE-DERIVED invert; DERIVED DEM ground and cover,DEM-derived rim in repository THD convention,JUNCTION,
N_2178092601_3ee32da,2178092601,1,278205.5000000176,2109679.400000006,72.89220603151169,19.06795171647506,27.426000000000002,3.7768638134002686,31.208863813400267,3.7828638134002652,3.7828638134002652,1.393,SOURCE-DERIVED invert; DERIVED DEM ground and cover,DEM-derived rim in repository THD convention,JUNCTION,
N_2178092601_1dbb587,2178092601!,14,278219.80000001774,2109608.500000005,72.89234995816096,19.067312937866987,26.687,7.357017993927002,34.789017993927004,8.102017993927003,8.102017993927003,1.546,SOURCE-DERIVED invert; DERIVED DEM ground and cover,DEM-derived rim in repository THD convention,JUNCTION,
N_2178092602_a8f8b71,2178092602,1,278212.600000017,2109680.2000000044,72.89227338018532,19.067959712644107,27.428,3.7768638134002686,31.208863813400267,3.7808638134002663,3.7808638134002663,1.371,SOURCE-DERIVED invert; DERIVED DEM ground and cover,DEM-derived rim in repository THD convention,JUNCTION,
N_2178092602_4494b8e,2178092602!,14,278236.1000000171,2109633.5000000047,72.89250192998648,19.06754049452413,26.658,3.0076818466186523,30.43968184661865,3.7816818466186497,3.7816818466186497,1.537,SOURCE-DERIVED invert; DERIVED DEM ground and cover,DEM-derived rim in repository THD convention,JUNCTION,
N_2178092603_8145c43,2178092603,1,278221.5000000177,2109681.3000000063,72.89235779208498,19.067970613683556,27.432000000000002,3.7768638134002686,31.208863813400267,3.776863813400265,3.776863813400265,0.567,SOURCE-DERIVED invert; DERIVED DEM ground and cover,DEM-derived rim in repository THD convention,JUNCTION,
N_2178092603_574fa98,2178092603!,14,278241.80000001733,2109643.400000006,72.89255494141015,19.067630524985038,26.658,3.0076818466186523,30.43968184661865,3.7816818466186497,3.7816818466186497,1.63,SOURCE-DERIVED invert; DERIVED DEM ground and cover,DEM-derived rim in repository THD convention,JUNCTION,
N_2178092604_8155009,2178092604,14,278269.30000001716,2109683.500000005,72.89281157398582,19.067995672703162,26.587,8.578455924987793,36.010455924987795,9.423455924987795,9.423455924987795,1.63,SOURCE-DERIVED invert; DERIVED DEM ground and cover,DEM-derived rim in repository THD convention,JUNCTION,
N_2178092701_eb996ff,2178092701,14,278287.7000000187,2109710.5000000047,72.89298326576488,19.06824151999974,26.553,8.536745071411133,35.968745071411135,9.415745071411134,9.415745071411134,1.564,SOURCE-DERIVED invert; DERIVED DEM ground and cover,DEM-derived rim in repository THD convention,JUNCTION,
N_2178092702_321f9eb,2178092702,14,278292.4000000175,2109709.9000000055,72.89302797776931,19.068236611310674,26.519000000000002,8.536745071411133,35.968745071411135,9.449745071411133,9.449745071411133,1.741,SOURCE-DERIVED invert; DERIVED DEM ground and cover,DEM-derived rim in repository THD convention,JUNCTION,
N_2178093001_c31c928,2178093001,1,278301.83880001755,2109007.4778000056,72.89319780674519,19.061893723770467,26.488,6.0,33.432,6.944000000000003,6.944000000000003,2.524,SOURCE-DERIVED invert; DERIVED DEM ground and cover,DEM-derived rim in repository THD convention,JUNCTION,
N_2178093002_d850120,2178093002,1,278304.5737000172,2109037.1478000055,72.89322039772561,19.062161984640213,26.511000000000003,5.870804786682129,33.30280478668213,6.791804786682128,6.791804786682128,2.524,SOURCE-DERIVED invert; DERIVED DEM ground and cover,DEM-derived rim in repository THD convention,JUNCTION,
N_2178093003_a4f2159,2178093003,1,278309.1416000181,2109067.0415000054,72.89326037356842,19.062432464744926,26.535,5.7351975440979,33.1671975440979,6.632197544097902,6.632197544097902,2.594,SOURCE-DERIVED invert; DERIVED DEM ground and cover,DEM-derived rim in repository THD convention,JUNCTION,
N_2178093004_c107145,2178093004,1,278313.9422000176,2109074.803100004,72.89330508534891,19.062503084403062,26.542,7.183857440948486,34.61585744094849,8.073857440948487,8.073857440948487,2.594,SOURCE-DERIVED invert; DERIVED DEM ground and cover,DEM-derived rim in repository THD convention,JUNCTION,
N_2178093005_cb8b82c,2178093005,1,278331.98460001673,2109076.001200005,72.89347632065311,19.06251586264788,26.557000000000002,7.0,34.432,7.875,7.875,2.422,SOURCE-DERIVED invert; DERIVED DEM ground and cover,DEM-derived rim in repository THD convention,JUNCTION,
N_2178093006_d9cf80e,2178093006,1,278363.4613000172,2109073.4436000064,72.89377558745493,19.06249617860215,26.581,7.1439409255981445,34.57594092559815,7.994940925598147,7.994940925598147,2.475,SOURCE-DERIVED invert; DERIVED DEM ground and cover,DEM-derived rim in repository THD convention,JUNCTION,
N_2178093007_b436a06,2178093007,1,278373.9644000171,2109074.114700006,72.89387527244527,19.062503378997125,26.59,7.1439409255981445,34.57594092559815,7.985940925598147,7.985940925598147,2.475,SOURCE-DERIVED invert; DERIVED DEM ground and cover,DEM-derived rim in repository THD convention,JUNCTION,
N_2178093008_d080a52,2178093008,1,278393.1378000174,2109088.726000005,72.89405572033071,19.062637420544426,26.609,7.263027191162109,34.69502719116211,8.08602719116211,8.08602719116211,2.417,SOURCE-DERIVED invert; DERIVED DEM ground and cover,DEM-derived rim in repository THD convention,JUNCTION,
N_2178093301_97ce8dd,2178093301,1,278303.6427000175,2109333.4515000056,72.89317773875679,19.064837945102514,26.441000000000003,2.9159507751464844,30.347950775146483,3.9069507751464805,3.9069507751464805,1.658,SOURCE-DERIVED invert; DERIVED DEM ground and cover,DEM-derived rim in repository THD convention,JUNCTION,
N_2178093302_2f6ee37,2178093302,1,278332.2000000187,2109325.200000004,72.89344992983165,19.064766520810227,26.474,3.0,30.432,3.9579999999999984,3.9579999999999984,1.708,SOURCE-DERIVED invert; DERIVED DEM ground and cover,DEM-derived rim in repository THD convention,JUNCTION,
N_2178093303_a4002d9,2178093303,1,278361.60000001686,2109317.5000000056,72.89373006210249,19.064700168385798,26.491,3.0,30.432,3.940999999999999,3.940999999999999,1.708,SOURCE-DERIVED invert; DERIVED DEM ground and cover,DEM-derived rim in repository THD convention,JUNCTION,
N_2178093304_cf85551,2178093304,1,278390.4000000182,2109310.600000005,72.89400440386953,19.064640975613216,26.507,4.6289963722229,32.0609963722229,5.553996372222901,5.553996372222901,1.643,SOURCE-DERIVED invert; DERIVED DEM ground and cover,DEM-derived rim in repository THD convention,JUNCTION,
N_2178093601_5fb1741,2178093601,14,278344.4000000191,2109699.100000005,72.89352313868717,19.068144715342825,26.399,12.087943077087402,39.519943077087405,13.120943077087404,13.120943077087404,2.344,SOURCE-DERIVED invert; DERIVED DEM ground and cover,DEM-derived rim in repository THD convention,JUNCTION,
N_2178093701_6724a2e,2178093701,14,278301.4000000181,2109706.400000005,72.8931138648973,19.068205978083967,26.493000000000002,8.21910572052002,35.65110572052002,9.15810572052002,9.15810572052002,1.827,SOURCE-DERIVED invert; DERIVED DEM ground and cover,DEM-derived rim in repository THD convention,JUNCTION,
N_2178093702_6ca8b13,2178093702,14,278312.10000001744,2109701.600000005,72.8932160480457,19.068163788414378,26.446,8.21910572052002,35.65110572052002,9.20510572052002,9.20510572052002,2.086,SOURCE-DERIVED invert; DERIVED DEM ground and cover,DEM-derived rim in repository THD convention,JUNCTION,
N_2178093703_af941b3,2178093703,14,278361.100000017,2109724.200000004,72.89367890089525,19.068373217795475,26.353,18.874622344970703,46.306622344970705,19.953622344970704,19.953622344970704,2.371,SOURCE-DERIVED invert; DERIVED DEM ground and cover,DEM-derived rim in repository THD convention,JUNCTION,
N_2178093704_a83258e,2178093704,14,278377.50000001735,2109748.9000000055,72.89383185956828,19.06859807500647,26.3,19.127086639404297,46.5590866394043,20.2590866394043,20.2590866394043,2.405,SOURCE-DERIVED invert; DERIVED DEM ground and cover,DEM-derived rim in repository THD convention,JUNCTION,
N_2178093705_c15b324,2178093705,14,278393.600000018,2109774.5000000056,72.89398186633211,19.068831027906512,26.263,19.950227737426758,47.38222773742676,21.11922773742676,21.11922773742676,2.405,SOURCE-DERIVED invert; DERIVED DEM ground and cover,DEM-derived rim in repository THD convention,JUNCTION,
N_2178094101_46a844f,2178094101,1,278414.3187000156,2109109.051000006,72.89425458464923,19.06282328288898,26.632,7.453878879547119,34.88587887954712,8.25387887954712,8.25387887954712,2.362,SOURCE-DERIVED invert; DERIVED DEM ground and cover,DEM-derived rim in repository THD convention,JUNCTION,
N_2178094102_70c6ad2,2178094102,1,278431.6591000181,2109139.1856000056,72.89441585222335,19.06309732385315,26.659000000000002,7.808121681213379,35.24012168121338,8.581121681213379,8.581121681213379,2.362,SOURCE-DERIVED invert; DERIVED DEM ground and cover,DEM-derived rim in repository THD convention,JUNCTION,
N_2178094103_a586fdb,2178094103,1,278450.5997000175,2109155.844800004,72.8945938564175,19.063249835309904,26.679000000000002,7.264804363250732,34.696804363250735,8.017804363250733,8.017804363250733,2.248,SOURCE-DERIVED invert; DERIVED DEM ground and cover,DEM-derived rim in repository THD convention,JUNCTION,
N_2178094104_ae404ff,2178094104,1,278469.07480001776,2109175.9288000045,72.89476704889088,19.063433227197745,26.7,7.746270656585693,35.178270656585696,8.478270656585696,8.478270656585696,2.178,SOURCE-DERIVED invert; DERIVED DEM ground and cover,DEM-derived rim in repository THD convention,JUNCTION,
N_2178094201_6745211,2178094201,1,278448.80000001757,2109296.000000005,72.89456077692198,19.06451545035616,26.536,3.5811386108398438,31.013138610839842,4.477138610839841,4.477138610839841,1.664,SOURCE-DERIVED invert; DERIVED DEM ground and cover,DEM-derived rim in repository THD convention,JUNCTION,
N_2178094202_e364222,2178094202,1,278477.80320001795,2109289.617800005,72.89483698923992,19.064460954828306,26.711000000000002,3.0542006492614746,30.486200649261473,3.775200649261471,3.775200649261471,2.41,SOURCE-DERIVED invert; DERIVED DEM ground and cover,DEM-derived rim in repository THD convention,JUNCTION,
N_2178094203_6394d48,2178094203,1,278490.3139000177,2109200.8144000056,72.89496594769359,19.06366028426008,26.726000000000003,7.080586910247803,34.512586910247805,7.786586910247802,7.786586910247802,2.105,SOURCE-DERIVED invert; DERIVED DEM ground and cover,DEM-derived rim in repository THD convention,JUNCTION,
N_2178094204_2cf8f75,2178094204,1,278498.75140001776,2109214.272600006,72.89504455557878,19.06378274672226,26.738,7.080586910247803,34.512586910247805,7.774586910247805,7.774586910247805,2.079,SOURCE-DERIVED invert; DERIVED DEM ground and cover,DEM-derived rim in repository THD convention,JUNCTION,
N_2178094301_903ee50,2178094301,1,278419.6000000175,2109303.1000000047,72.8942826132944,19.06457640690753,26.524,4.039112091064453,31.47111209106445,4.947112091064451,4.947112091064451,1.664,SOURCE-DERIVED invert; DERIVED DEM ground and cover,DEM-derived rim in repository THD convention,JUNCTION,
N_2178094701_5b75ceb,2178094701,14,278410.3000000176,2109799.300000006,72.89413766398599,19.06905682063303,26.223000000000003,22.104572296142578,49.53657229614258,23.313572296142578,23.313572296142578,2.401,SOURCE-DERIVED invert; DERIVED DEM ground and cover,DEM-derived rim in repository THD convention,JUNCTION,
N_2178094801_b410b6d,2178094801,14,278426.80000001745,2109824.400000005,72.89429152807544,19.069285301009582,26.186,17.53103256225586,44.96303256225586,18.77703256225586,18.77703256225586,2.365,SOURCE-DERIVED invert; DERIVED DEM ground and cover,DEM-derived rim in repository THD convention,JUNCTION,
N_2178094802_5152d0b,2178094802,14,278443.3000000174,2109849.800000006,72.89444535833822,19.069516490737886,26.158,27.939523696899414,55.371523696899416,29.213523696899415,29.213523696899415,2.331,SOURCE-DERIVED invert; DERIVED DEM ground and cover,DEM-derived rim in repository THD convention,JUNCTION,
N_2178094803_db82ef6,2178094803,14,278459.9000000183,2109874.6000000047,72.89460020733333,19.06974227233084,26.127000000000002,22.0059757232666,49.437975723266604,23.3109757232666,23.3109757232666,2.294,SOURCE-DERIVED invert; DERIVED DEM ground and cover,DEM-derived rim in repository THD convention,JUNCTION,
N_2178094804_007b467,2178094804,14,278476.10000001686,2109899.8000000063,72.89475121160524,19.069971623033876,26.1,13.567401885986328,40.99940188598633,14.899401885986329,14.899401885986329,2.238,SOURCE-DERIVED invert; DERIVED DEM ground and cover,DEM-derived rim in repository THD convention,JUNCTION,
N_2178094901_4a32f05,2178094901,14,278493.4000000185,2109924.900000005,72.89491267629582,19.07020018981097,26.073,12.005290031433105,39.43729003143311,13.364290031433107,13.364290031433107,2.18,SOURCE-DERIVED invert; DERIVED DEM ground and cover,DEM-derived rim in repository THD convention,JUNCTION,
N_2178095201_61369f4,2178095201,1,278500.84620001755,2109233.461700005,72.89506226469108,19.063956280056,26.754,6.488983154296875,33.92098315429688,7.166983154296876,7.166983154296876,2.225,SOURCE-DERIVED invert; DERIVED DEM ground and cover,DEM-derived rim in repository THD convention,JUNCTION,
N_2178095202_ba937f8,2178095202,1,278510.40000001836,2109257.7000000044,72.89515024662947,19.064176223915904,26.751,4.51113224029541,31.94313224029541,5.1921322402954075,5.1921322402954075,2.225,SOURCE-DERIVED invert; DERIVED DEM ground and cover,DEM-derived rim in repository THD convention,JUNCTION,
N_2178095203_d91aa39,2178095203,1,278512.25130001747,2109282.0798000055,72.89516505111723,19.064396610614878,26.729000000000003,4.51113224029541,31.94313224029541,5.214132240295406,5.214132240295406,2.433,SOURCE-DERIVED invert; DERIVED DEM ground and cover,DEM-derived rim in repository THD convention,JUNCTION,
N_2178095204_6c283db,2178095204,1,278514.5207000179,2109268.621600005,72.89518814137062,19.064275309028474,26.744,4.51113224029541,31.94313224029541,5.199132240295409,5.199132240295409,2.375,SOURCE-DERIVED invert; DERIVED DEM ground and cover,DEM-derived rim in repository THD convention,JUNCTION,
N_2178095205_c306b16,2178095205,1,278516.3536000174,2109279.7909000046,72.89520427744245,19.064376383199633,26.736,4.51113224029541,31.94313224029541,5.207132240295408,5.207132240295408,2.433,SOURCE-DERIVED invert; DERIVED DEM ground and cover,DEM-derived rim in repository THD convention,JUNCTION,
N_2178095206_720109a,2178095206,1,278565.3000000177,2109242.300000006,72.89567346440793,19.064043090394776,26.838,8.161690711975098,35.5936907119751,8.755690711975099,8.755690711975099,1.5,SOURCE-DERIVED invert; DERIVED DEM ground and cover,DEM-derived rim in repository THD convention,JUNCTION,
N_2178095901_d5047eb,2178095901,14,278510.10000001546,2109950.7000000044,72.8950683623094,19.07043501344916,26.052,19.990520477294922,47.422520477294924,21.370520477294924,21.370520477294924,2.04,SOURCE-DERIVED invert; DERIVED DEM ground and cover,DEM-derived rim in repository THD convention,JUNCTION,
N_2178095902_9aff3eb,2178095902,14,278525.90000001783,2109974.0000000056,72.89521578500569,19.07064716066928,26.039,8.123421669006348,35.55542166900635,9.516421669006348,9.516421669006348,2.008,SOURCE-DERIVED invert; DERIVED DEM ground and cover,DEM-derived rim in repository THD convention,JUNCTION,
N_2178095903_c76a72c,2178095903,14,278534.50000001735,2109989.0000000047,72.89529576353205,19.07078356564216,26.028000000000002,13.113347053527832,40.545347053527834,14.517347053527832,14.517347053527832,2.008,SOURCE-DERIVED invert; DERIVED DEM ground and cover,DEM-derived rim in repository THD convention,JUNCTION,
N_2178095904_2b321de,2178095904,14,278543.2000000186,2109999.2000000044,72.89537723952812,19.070876630296382,26.022000000000002,13.113347053527832,40.545347053527834,14.523347053527832,14.523347053527832,1.995,SOURCE-DERIVED invert; DERIVED DEM ground and cover,DEM-derived rim in repository THD convention,JUNCTION,
N_2178096201_75201d3,2178096201,1,278614.4000000176,2109230.6000000047,72.89614116914302,19.063942743328347,26.915000000000003,5.632299423217773,33.064299423217776,6.149299423217773,6.149299423217773,1.5,SOURCE-DERIVED invert; DERIVED DEM ground and cover,DEM-derived rim in repository THD convention,JUNCTION,
N_2178096202_3ba82b7,2178096202,1,278663.5000000176,2109216.700000004,72.89660912411034,19.06382252571658,26.993000000000002,8.521037101745605,35.95303710174561,8.960037101745606,8.960037101745606,1.5,SOURCE-DERIVED invert; DERIVED DEM ground and cover,DEM-derived rim in repository THD convention,JUNCTION,
N_2178097101_721cb2a,2178097101,1,278728.5000000169,2109197.6000000047,72.89722869516771,19.063657065218298,27.096,8.70065975189209,36.13265975189209,9.036659751892092,9.036659751892092,1.5,SOURCE-DERIVED invert; DERIVED DEM ground and cover,DEM-derived rim in repository THD convention,JUNCTION,
N_2178097102_a49930e,2178097102,1,278779.60000001756,2109180.500000005,72.89771600999835,19.063508160432335,27.178,8.407423973083496,35.8394239730835,8.661423973083497,8.661423973083497,1.5,SOURCE-DERIVED invert; DERIVED DEM ground and cover,DEM-derived rim in repository THD convention,JUNCTION,
N_2178098101_738383f,2178098101,1,278842.3000000169,2109140.4000000055,72.8983161236926,19.063152785260403,27.319000000000003,9.736286163330078,37.16828616333008,9.849286163330078,9.849286163330078,1.5,SOURCE-DERIVED invert; DERIVED DEM ground and cover,DEM-derived rim in repository THD convention,JUNCTION,
N_2178098102_e5dd26c,2178098102,1,278848.0000000171,2109161.3000000063,72.89836788499754,19.063342160889707,27.286,8.622757911682129,36.05475791168213,8.76875791168213,8.76875791168213,1.5,SOURCE-DERIVED invert; DERIVED DEM ground and cover,DEM-derived rim in repository THD convention,JUNCTION,
N_2178098103_de826ad,2178098103,1,278862.90000001714,2109123.9000000055,72.89851366822738,19.06300599516436,27.356,11.116256713867188,38.54825671386719,11.192256713867188,11.192256713867188,1.5,SOURCE-DERIVED invert; DERIVED DEM ground and cover,DEM-derived rim in repository THD convention,JUNCTION,
N_2178099001_045a5dd,2178099001,1,278938.60000001674,2109092.0000000047,72.8992363238488,19.062726082141417,27.482000000000003,14.564909934997559,41.99690993499756,14.514909934997558,14.514909934997558,1.5,SOURCE-DERIVED invert; DERIVED DEM ground and cover,DEM-derived rim in repository THD convention,JUNCTION,
N_2178099002_e5fdf11,2178099002,1,278974.9000000172,2109073.8000000063,72.89958318441442,19.062565635874172,27.543000000000003,12.461603164672852,39.893603164672854,12.350603164672851,12.350603164672851,1.5,SOURCE-DERIVED invert; DERIVED DEM ground and cover,DEM-derived rim in repository THD convention,JUNCTION,
N_2178099101_7beecac,2178099101,1,278903.5000000185,2109108.0000000047,72.89890111107643,19.062866788218642,27.423000000000002,14.18094253540039,41.61294253540039,14.189942535400391,14.189942535400391,1.5,SOURCE-DERIVED invert; DERIVED DEM ground and cover,DEM-derived rim in repository THD convention,JUNCTION,
N_2178100701_8adebb8,2178100701,11,278014.30100001843,2110722.162800004,72.8902706804726,19.07734861139449,26.878,5.478742599487305,32.91074259948731,6.032742599487307,6.032742599487307,2.894,SOURCE-DERIVED invert; DERIVED DEM ground and cover,DEM-derived rim in repository THD convention,JUNCTION,
N_2178100701_3294ddd,2178100701!,12,278014.30100001843,2110722.162800004,72.8902706804726,19.07734861139449,26.878,5.478742599487305,32.91074259948731,6.032742599487307,6.032742599487307,2.894,SOURCE-DERIVED invert; DERIVED DEM ground and cover,DEM-derived rim in repository THD convention,JUNCTION,
N_2178100702_f51151a,2178100702,11,278019.61370001757,2110768.9955000053,72.89031579005558,19.077772156357316,27.317,4.489821910858154,31.921821910858153,4.604821910858153,4.604821910858153,2.242,SOURCE-DERIVED invert; DERIVED DEM ground and cover,DEM-derived rim in repository THD convention,JUNCTION,
N_2178100702_7d3fe59,2178100702!,12,278019.61370001757,2110768.9955000053,72.89031579005558,19.077772156357316,27.317,4.489821910858154,31.921821910858153,4.604821910858153,4.604821910858153,2.242,SOURCE-DERIVED invert; DERIVED DEM ground and cover,DEM-derived rim in repository THD convention,JUNCTION,
N_2178100703_eda88eb,2178100703,11,278032.38150001876,2110732.2341000037,72.89044127751907,19.07744153591033,26.893,5.478742599487305,32.91074259948731,6.017742599487306,6.017742599487306,3.057,SOURCE-DERIVED invert; DERIVED DEM ground and cover,DEM-derived rim in repository THD convention,JUNCTION,
N_2178100703_587e960,2178100703!,12,278032.38150001876,2110732.2341000037,72.89044127751907,19.07744153591033,26.893,5.478742599487305,32.91074259948731,6.017742599487306,6.017742599487306,3.057,SOURCE-DERIVED invert; DERIVED DEM ground and cover,DEM-derived rim in repository THD convention,JUNCTION,
N_2178100704_df577fd,2178100704,11,278041.04110001825,2110737.0015000044,72.89052299095171,19.077485534039983,26.900000000000002,5.478742599487305,32.91074259948731,6.010742599487305,6.010742599487305,3.057,SOURCE-DERIVED invert; DERIVED DEM ground and cover,DEM-derived rim in repository THD convention,JUNCTION,
N_2178100704_c4a3d10,2178100704!,12,278041.04110001825,2110737.0015000044,72.89052299095171,19.077485534039983,26.900000000000002,5.478742599487305,32.91074259948731,6.010742599487305,6.010742599487305,3.057,SOURCE-DERIVED invert; DERIVED DEM ground and cover,DEM-derived rim in repository THD convention,JUNCTION,
N_2178100705_c02407d,2178100705,11,278049.5000000176,2110741.4000000055,72.89060284014066,19.077526178612803,27.277,5.698846340179443,33.130846340179446,5.8538463401794445,5.8538463401794445,2.724,SOURCE-DERIVED invert; DERIVED DEM ground and cover,DEM-derived rim in repository THD convention,JUNCTION,
N_2178100705_cab75ce,2178100705!,12,278049.5000000176,2110741.4000000055,72.89060284014066,19.077526178612803,27.277,5.698846340179443,33.130846340179446,5.8538463401794445,5.8538463401794445,2.724,SOURCE-DERIVED invert; DERIVED DEM ground and cover,DEM-derived rim in repository THD convention,JUNCTION,
N_2178100706_c7d953c,2178100706,11,278055.12820001884,2110787.6633000057,72.89065101267661,19.07794461536664,28.027,3.527845859527588,30.959845859527586,2.9328458595275855,2.9328458595275855,1.579,SOURCE-DERIVED invert; DERIVED DEM ground and cover,DEM-derived rim in repository THD convention,JUNCTION,
N_2178100706_f73e5eb,2178100706!,12,278055.12820001884,2110787.6633000057,72.89065101267661,19.07794461536664,28.027,3.527845859527588,30.959845859527586,2.9328458595275855,2.9328458595275855,1.579,SOURCE-DERIVED invert; DERIVED DEM ground and cover,DEM-derived rim in repository THD convention,JUNCTION,
N_2178100707_b77dfe7,2178100707,11,278055.5474000176,2110757.784700006,72.89065841152674,19.077674813772077,28.006,4.224774360656738,31.656774360656737,3.6507743606567367,3.6507743606567367,1.74,SOURCE-DERIVED invert; DERIVED DEM ground and cover,DEM-derived rim in repository THD convention,JUNCTION,
N_2178100707_62af741,2178100707!,12,278055.5474000176,2110757.784700006,72.89065841152674,19.077674813772077,28.006,4.224774360656738,31.656774360656737,3.6507743606567367,3.6507743606567367,1.74,SOURCE-DERIVED invert; DERIVED DEM ground and cover,DEM-derived rim in repository THD convention,JUNCTION,
N_2178100708_0eb2976,2178100708,11,278057.01770001755,2110749.0670000054,72.8906733750198,19.077596240129438,27.283,4.224774360656738,31.656774360656737,4.373774360656736,4.373774360656736,2.724,SOURCE-DERIVED invert; DERIVED DEM ground and cover,DEM-derived rim in repository THD convention,JUNCTION,
N_2178100708_d553cbb,2178100708!,12,278057.01770001755,2110749.0670000054,72.8906733750198,19.077596240129438,27.283,4.224774360656738,31.656774360656737,4.373774360656736,4.373774360656736,2.724,SOURCE-DERIVED invert; DERIVED DEM ground and cover,DEM-derived rim in repository THD convention,JUNCTION,
N_2178100709_a81b26d,2178100709,11,278079.1908000184,2110769.0146000045,72.8908817194726,19.077778806594345,27.301000000000002,3.9317500591278076,31.363750059127806,4.062750059127804,4.062750059127804,2.527,SOURCE-DERIVED invert; DERIVED DEM ground and cover,DEM-derived rim in repository THD convention,JUNCTION,
N_2178100709_58ad8a4,2178100709!,12,278079.1908000184,2110769.0146000045,72.8908817194726,19.077778806594345,27.301000000000002,3.9317500591278076,31.363750059127806,4.062750059127804,4.062750059127804,2.527,SOURCE-DERIVED invert; DERIVED DEM ground and cover,DEM-derived rim in repository THD convention,JUNCTION,
N_2178100801_06d52a4,2178100801,11,278000.1947000163,2110805.1660000044,72.89012718879479,19.078096716637646,27.358,10.920123100280762,38.352123100280764,10.994123100280763,10.994123100280763,2.401,SOURCE-DERIVED invert; DERIVED DEM ground and cover,DEM-derived rim in repository THD convention,JUNCTION,
N_2178100801_2738934,2178100801!,12,278000.1947000163,2110805.1660000044,72.89012718879479,19.078096716637646,27.358,10.920123100280762,38.352123100280764,10.994123100280763,10.994123100280763,2.401,SOURCE-DERIVED invert; DERIVED DEM ground and cover,DEM-derived rim in repository THD convention,JUNCTION,
N_2178100802_274629a,2178100802,11,278057.6103000179,2110817.5494000046,72.89067117284571,19.07821480013971,28.048000000000002,4.040361404418945,31.472361404418944,3.424361404418942,3.424361404418942,1.478,SOURCE-DERIVED invert; DERIVED DEM ground and cover,DEM-derived rim in repository THD convention,JUNCTION,
N_2178100802_d3fea7d,2178100802!,12,278057.6103000179,2110817.5494000046,72.89067117284571,19.07821480013971,28.048000000000002,4.040361404418945,31.472361404418944,3.424361404418942,3.424361404418942,1.478,SOURCE-DERIVED invert; DERIVED DEM ground and cover,DEM-derived rim in repository THD convention,JUNCTION,
N_2178100803_92bdcce,2178100803,11,278059.463600019,2110877.306500006,72.89068194389753,19.07875469505624,28.089000000000002,9.524942398071289,36.95694239807129,8.867942398071289,8.867942398071289,1.596,SOURCE-DERIVED invert; DERIVED DEM ground and cover,DEM-derived rim in repository THD convention,JUNCTION,
N_2178100803_a424f97,2178100803!,12,278059.463600019,2110877.306500006,72.89068194389753,19.07875469505624,28.089000000000002,9.524942398071289,36.95694239807129,8.867942398071289,8.867942398071289,1.596,SOURCE-DERIVED invert; DERIVED DEM ground and cover,DEM-derived rim in repository THD convention,JUNCTION,
N_2178100804_f3b36e8,2178100804,11,278059.8938000186,2110847.4279000047,72.89068944736438,19.07848489467713,28.068,6.071352005004883,33.503352005004885,5.435352005004884,5.435352005004884,1.587,SOURCE-DERIVED invert; DERIVED DEM ground and cover,DEM-derived rim in repository THD convention,JUNCTION,
N_2178100804_b2800c9,2178100804!,12,278059.8938000186,2110847.4279000047,72.89068944736438,19.07848489467713,28.068,6.071352005004883,33.503352005004885,5.435352005004884,5.435352005004884,1.587,SOURCE-DERIVED invert; DERIVED DEM ground and cover,DEM-derived rim in repository THD convention,JUNCTION,
N_2178100901_926b13c,2178100901,11,278060.8645000184,2110907.3043000055,72.89069182074638,19.079025771071965,28.11,10.938455581665039,38.37045558166504,10.260455581665042,10.260455581665042,1.697,SOURCE-DERIVED invert; DERIVED DEM ground and cover,DEM-derived rim in repository THD convention,JUNCTION,
N_2178100901_921cb2b,2178100901!,12,278060.8645000184,2110907.3043000055,72.89069182074638,19.079025771071965,28.11,10.938455581665039,38.37045558166504,10.260455581665042,10.260455581665042,1.697,SOURCE-DERIVED invert; DERIVED DEM ground and cover,DEM-derived rim in repository THD convention,JUNCTION,
N_2178100902_8098d2d,2178100902,11,278062.5965000182,2110937.078600006,72.89070486833704,19.079294864554385,28.189,10.367532730102539,37.79953273010254,9.610532730102541,9.610532730102541,1.785,SOURCE-DERIVED invert; DERIVED DEM ground and cover,DEM-derived rim in repository THD convention,JUNCTION,
N_2178100902_0380425,2178100902!,12,278062.5965000182,2110937.078600006,72.89070486833704,19.079294864554385,28.189,10.367532730102539,37.79953273010254,9.610532730102541,9.610532730102541,1.785,SOURCE-DERIVED invert; DERIVED DEM ground and cover,DEM-derived rim in repository THD convention,JUNCTION,
N_2178100903_82f8c0c,2178100903,11,278064.118800019,2110996.955000005,72.89071248129522,19.079835800888482,28.298000000000002,9.646215438842773,37.078215438842776,8.780215438842774,8.780215438842774,2.008,SOURCE-DERIVED invert; DERIVED DEM ground and cover,DEM-derived rim in repository THD convention,JUNCTION,
N_2178100903_e9ddff4,2178100903!,12,278064.118800019,2110996.955000005,72.89071248129522,19.079835800888482,28.298000000000002,9.646215438842773,37.078215438842776,8.780215438842774,8.780215438842774,2.008,SOURCE-DERIVED invert; DERIVED DEM ground and cover,DEM-derived rim in repository THD convention,JUNCTION,
N_2178100904_efd6812,2178100904,11,278065.42050001776,2110966.964700006,72.890728276318,19.079565086484276,28.191000000000003,10.249948501586914,37.681948501586916,9.490948501586914,9.490948501586914,2.008,SOURCE-DERIVED invert; DERIVED DEM ground and cover,DEM-derived rim in repository THD convention,JUNCTION,
N_2178100904_77910fe,2178100904!,12,278065.42050001776,2110966.964700006,72.890728276318,19.079565086484276,28.191000000000003,10.249948501586914,37.681948501586916,9.490948501586914,9.490948501586914,2.008,SOURCE-DERIVED invert; DERIVED DEM ground and cover,DEM-derived rim in repository THD convention,JUNCTION,
N_2178101701_55e404f,2178101701,11,278102.2876000183,2110788.400700005,72.89109890295852,19.077956402111838,27.327,3.0,30.432,3.104999999999997,3.104999999999997,2.69,SOURCE-DERIVED invert; DERIVED DEM ground and cover,DEM-derived rim in repository THD convention,JUNCTION,
N_2178101701_c5d3bb1,2178101701!,12,278102.2876000183,2110788.400700005,72.89109890295852,19.077956402111838,27.327,3.0,30.432,3.104999999999997,3.104999999999997,2.69,SOURCE-DERIVED invert; DERIVED DEM ground and cover,DEM-derived rim in repository THD convention,JUNCTION,
N_2178101801_c166fb4,2178101801,11,278124.6890000189,2110808.014300005,72.89130945518275,19.078135976485235,27.348000000000003,4.294995307922363,31.726995307922362,4.378995307922359,4.378995307922359,2.69,SOURCE-DERIVED invert; DERIVED DEM ground and cover,DEM-derived rim in repository THD convention,JUNCTION,
N_2178101801_3cc3a8f,2178101801!,12,278124.6890000189,2110808.014300005,72.89130945518275,19.078135976485235,27.348000000000003,4.294995307922363,31.726995307922362,4.378995307922359,4.378995307922359,2.69,SOURCE-DERIVED invert; DERIVED DEM ground and cover,DEM-derived rim in repository THD convention,JUNCTION,
N_2178101802_3239ae1,2178101802,11,278147.5491000182,2110827.286600004,72.89152440415631,19.078312518075148,27.373,4.9281697273254395,32.36016972732544,4.9871697273254405,4.9871697273254405,2.554,SOURCE-DERIVED invert; DERIVED DEM ground and cover,DEM-derived rim in repository THD convention,JUNCTION,
N_2178101802_e83e3c5,2178101802!,12,278147.5491000182,2110827.286600004,72.89152440415631,19.078312518075148,27.373,4.9281697273254395,32.36016972732544,4.9871697273254405,4.9871697273254405,2.554,SOURCE-DERIVED invert; DERIVED DEM ground and cover,DEM-derived rim in repository THD convention,JUNCTION,
N_2178101803_7679e6e,2178101803,11,278170.5275000195,2110846.6639000042,72.8917404653456,19.078490020614094,27.404,5.425884246826172,32.857884246826174,5.453884246826174,5.453884246826174,2.554,SOURCE-DERIVED invert; DERIVED DEM ground and cover,DEM-derived rim in repository THD convention,JUNCTION,
N_2178101803_8a3c00c,2178101803!,12,278170.5275000195,2110846.6639000042,72.8917404653456,19.078490020614094,27.404,5.425884246826172,32.857884246826174,5.453884246826174,5.453884246826174,2.554,SOURCE-DERIVED invert; DERIVED DEM ground and cover,DEM-derived rim in repository THD convention,JUNCTION,
N_2178101804_155c727,2178101804,11,278193.3137000182,2110866.610100005,72.89195463623476,19.07867264005294,27.439,5.595111846923828,33.02711184692383,5.58811184692383,5.58811184692383,2.499,SOURCE-DERIVED invert; DERIVED DEM ground and cover,DEM-derived rim in repository THD convention,JUNCTION,
N_2178101804_8726200,2178101804!,12,278193.3137000182,2110866.610100005,72.89195463623476,19.07867264005294,27.439,5.595111846923828,33.02711184692383,5.58811184692383,5.58811184692383,2.499,SOURCE-DERIVED invert; DERIVED DEM ground and cover,DEM-derived rim in repository THD convention,JUNCTION,
N_2178102801_07c562e,2178102801,11,278216.46970001794,2110885.0685000042,72.89217249043672,19.078841862457065,27.463,6.0,33.432,5.969000000000001,5.969000000000001,2.549,SOURCE-DERIVED invert; DERIVED DEM ground and cover,DEM-derived rim in repository THD convention,JUNCTION,
N_2178102801_303d5c1,2178102801!,12,278216.46970001794,2110885.0685000042,72.89217249043672,19.078841862457065,27.463,6.0,33.432,5.969000000000001,5.969000000000001,2.549,SOURCE-DERIVED invert; DERIVED DEM ground and cover,DEM-derived rim in repository THD convention,JUNCTION,
N_2178102901_b4a2b4d,2178102901,11,278241.2977000184,2110902.1352000046,72.89240638682827,19.078998697207876,27.489,5.512573719024658,32.94457371902466,5.45557371902466,5.45557371902466,2.549,SOURCE-DERIVED invert; DERIVED DEM ground and cover,DEM-derived rim in repository THD convention,JUNCTION,
N_2178102901_735daf4,2178102901!,12,278241.2977000184,2110902.1352000046,72.89240638682827,19.078998697207876,27.489,5.512573719024658,32.94457371902466,5.45557371902466,5.45557371902466,2.549,SOURCE-DERIVED invert; DERIVED DEM ground and cover,DEM-derived rim in repository THD convention,JUNCTION,
N_2178102902_2d8f119,2178102902,11,278249.6251000196,2110974.9724000054,72.89247716779745,19.07965742831652,27.561,5.187038421630859,32.61903842163086,5.058038421630862,5.058038421630862,2.047,SOURCE-DERIVED invert; DERIVED DEM ground and cover,DEM-derived rim in repository THD convention,JUNCTION,
N_2178102902_1dabbba,2178102902!,12,278249.6251000196,2110974.9724000054,72.89247716779745,19.07965742831652,27.561,5.187038421630859,32.61903842163086,5.058038421630862,5.058038421630862,2.047,SOURCE-DERIVED invert; DERIVED DEM ground and cover,DEM-derived rim in repository THD convention,JUNCTION,
N_2178102903_ebd2f0c,2178102903,11,278259.1000000193,2110946.400000005,72.89257043717723,19.079400407108448,27.544,5.460500240325928,32.89250024032593,5.348500240325929,5.348500240325929,2.674,SOURCE-DERIVED invert; DERIVED DEM ground and cover,DEM-derived rim in repository THD convention,JUNCTION,
N_2178102903_627eb88,2178102903!,12,278259.1000000193,2110946.400000005,72.89257043717723,19.079400407108448,27.544,5.460500240325928,32.89250024032593,5.348500240325929,5.348500240325929,2.674,SOURCE-DERIVED invert; DERIVED DEM ground and cover,DEM-derived rim in repository THD convention,JUNCTION,
N_2178102904_38a0d0b,2178102904,11,278263.12200001907,2110918.0379000064,72.89261188381388,19.079144692781252,27.518,5.550577163696289,32.98257716369629,5.4645771636962905,5.4645771636962905,2.674,SOURCE-DERIVED invert; DERIVED DEM ground and cover,DEM-derived rim in repository THD convention,JUNCTION,
N_2178102904_540b5c8,2178102904!,12,278263.12200001907,2110918.0379000064,72.89261188381388,19.079144692781252,27.518,5.550577163696289,32.98257716369629,5.4645771636962905,5.4645771636962905,2.674,SOURCE-DERIVED invert; DERIVED DEM ground and cover,DEM-derived rim in repository THD convention,JUNCTION,
N_2178105001_ea0aef5,2178105001,14,278562.5000000184,2110021.9000000055,72.895557977189,19.0710837379733,26.015,22.98300552368164,50.41500552368164,24.400005523681642,24.400005523681642,1.904,SOURCE-DERIVED invert; DERIVED DEM ground and cover,DEM-derived rim in repository THD convention,JUNCTION,
N_2178105002_98f23dd,2178105002,14,278572.20000001806,2110033.500000005,72.89564879261418,19.07118955505358,26.002000000000002,22.98300552368164,50.41500552368164,24.41300552368164,24.41300552368164,1.951,SOURCE-DERIVED invert; DERIVED DEM ground and cover,DEM-derived rim in repository THD convention,JUNCTION,
N_2178105003_eeb4712,2178105003,14,278584.30000001786,2110043.6000000043,72.8957625763499,19.071282085091926,25.993000000000002,30.843420028686523,58.275420028686526,32.28242002868652,32.28242002868652,1.951,SOURCE-DERIVED invert; DERIVED DEM ground and cover,DEM-derived rim in repository THD convention,JUNCTION,
N_2178106001_9489402,2178106001,14,278606.0000000184,2110060.1000000047,72.89596681905851,19.071433457435262,25.985000000000003,25.050905227661133,52.482905227661135,26.497905227661132,26.497905227661132,2.013,SOURCE-DERIVED invert; DERIVED DEM ground and cover,DEM-derived rim in repository THD convention,JUNCTION,
N_2178106002_623bab9,2178106002,14,278635.9000000175,2110074.700000005,72.89624916916354,19.071568558678063,25.978,43.832279205322266,71.26427920532227,45.286279205322266,45.286279205322266,2.17,SOURCE-DERIVED invert; DERIVED DEM ground and cover,DEM-derived rim in repository THD convention,JUNCTION,
N_2178106003_6f0a398,2178106003,14,278655.90000001853,2110081.1000000047,72.89643841610678,19.071628528206602,25.966,29.97554588317871,57.40754588317871,31.441545883178712,31.441545883178712,2.17,SOURCE-DERIVED invert; DERIVED DEM ground and cover,DEM-derived rim in repository THD convention,JUNCTION,
N_2178106005_5ef5346,2178106005,14,278664.9000000178,2110090.7000000044,72.89652281120918,19.07171620606961,25.956,29.97554588317871,57.40754588317871,31.451545883178714,31.451545883178714,2.152,SOURCE-DERIVED invert; DERIVED DEM ground and cover,DEM-derived rim in repository THD convention,JUNCTION,
N_2178106006_eed1492,2178106006,14,278687.20000001776,2110096.900000005,72.89673392857758,19.071774618317576,25.956,19.068918228149414,46.500918228149416,20.544918228149417,20.544918228149417,2.342,SOURCE-DERIVED invert; DERIVED DEM ground and cover,DEM-derived rim in repository THD convention,JUNCTION,
N_2178107101_e67eda4,2178107101,14,278716.7000000175,2110105.700000004,72.89701314148527,19.07185729247248,25.947000000000003,15.075424194335938,42.50742419433594,16.560424194335937,16.560424194335937,2.342,SOURCE-DERIVED invert; DERIVED DEM ground and cover,DEM-derived rim in repository THD convention,JUNCTION,
N_2178107102_45a149e,2178107102,14,278746.3000000171,2110114.3000000054,72.89729332738803,19.071938170765762,25.939,10.54169750213623,37.97369750213623,12.034697502136233,12.034697502136233,2.359,SOURCE-DERIVED invert; DERIVED DEM ground and cover,DEM-derived rim in repository THD convention,JUNCTION,
N_2178107103_cde38b0,2178107103,14,278777.30000001704,2110122.600000005,72.89758684619277,19.072016490881058,25.93,10.720532417297363,38.152532417297365,12.222532417297366,12.222532417297366,2.359,SOURCE-DERIVED invert; DERIVED DEM ground and cover,DEM-derived rim in repository THD convention,JUNCTION,
N_2178108101_7c5f7c6,2178108101,14,278807.20000001736,2110125.900000005,72.8978704862072,19.072049533896042,25.926000000000002,7.825222492218018,35.25722249221802,9.331222492218018,9.331222492218018,2.338,SOURCE-DERIVED invert; DERIVED DEM ground and cover,DEM-derived rim in repository THD convention,JUNCTION,
N_2178108102_9c593ad,2178108102,14,278836.30000001716,2110126.400000005,72.89814684624265,19.072057201631726,25.917,6.867994785308838,34.29999478530884,8.382994785308838,8.382994785308838,2.302,SOURCE-DERIVED invert; DERIVED DEM ground and cover,DEM-derived rim in repository THD convention,JUNCTION,
N_2178108103_20d931a,2178108103,14,278854.10000001756,2110126.700000004,72.89831589191242,19.072061838897238,25.908,6.867994785308838,34.29999478530884,8.391994785308839,8.391994785308839,2.281,SOURCE-DERIVED invert; DERIVED DEM ground and cover,DEM-derived rim in repository THD convention,JUNCTION,
N_2178108104_42e08d5,2178108104,14,278888.1000000173,2110109.7000000044,72.89864078953319,19.071911985220765,25.896,7.102908611297607,34.53490861129761,8.638908611297609,8.638908611297609,2.242,SOURCE-DERIVED invert; DERIVED DEM ground and cover,DEM-derived rim in repository THD convention,JUNCTION,
N_2178109001_e1cdea4,2178109001,14,278926.00000001723,2110094.000000005,72.89900258412639,19.07177429410158,25.889000000000003,8.636716842651367,36.06871684265137,10.179716842651366,10.179716842651366,2.242,SOURCE-DERIVED invert; DERIVED DEM ground and cover,DEM-derived rim in repository THD convention,JUNCTION,
N_2178109002_fe76106,2178109002,14,278957.500000017,2110097.200000005,72.89930143380577,19.071806604970725,25.88,8.750094413757324,36.182094413757326,10.302094413757327,10.302094413757327,2.209,SOURCE-DERIVED invert; DERIVED DEM ground and cover,DEM-derived rim in repository THD convention,JUNCTION,
N_2178109101_8ea74a8,2178109101,14,278983.9000000184,2110107.7000000044,72.89955100844656,19.07190429340176,25.873,7.911042213439941,35.343042213439944,9.470042213439942,9.470042213439942,2.188,SOURCE-DERIVED invert; DERIVED DEM ground and cover,DEM-derived rim in repository THD convention,JUNCTION,
N_2178109102_e06be52,2178109102,14,278991.30000001757,2110110.500000005,72.8996209813313,19.071930382561035,25.864,5.153779029846191,32.585779029846194,6.721779029846193,6.721779029846193,2.184,SOURCE-DERIVED invert; DERIVED DEM ground and cover,DEM-derived rim in repository THD convention,JUNCTION,
N_2178110001_98124db,2178110001,11,278056.54020001786,2111025.5449000048,72.89063722031179,19.08009318509866,28.403000000000002,9.63727855682373,37.06927855682373,8.66627855682373,8.66627855682373,1.91,SOURCE-DERIVED invert; DERIVED DEM ground and cover,DEM-derived rim in repository THD convention,JUNCTION,
N_2178110001_8dd16bb,2178110001!,12,278056.54020001786,2111025.5449000048,72.89063722031179,19.08009318509866,28.403000000000002,9.63727855682373,37.06927855682373,8.66627855682373,8.66627855682373,1.91,SOURCE-DERIVED invert; DERIVED DEM ground and cover,DEM-derived rim in repository THD convention,JUNCTION,
N_2178110002_71f8340,2178110002,11,278058.49280001817,2111054.6637000046,72.8906524382297,19.080356382427745,28.506,9.209506034851074,36.641506034851076,8.135506034851076,8.135506034851076,1.91,SOURCE-DERIVED invert; DERIVED DEM ground and cover,DEM-derived rim in repository THD convention,JUNCTION,
N_2178110002_f67c78d,2178110002!,12,278058.49280001817,2111054.6637000046,72.8906524382297,19.080356382427745,28.506,9.209506034851074,36.641506034851076,8.135506034851076,8.135506034851076,1.91,SOURCE-DERIVED invert; DERIVED DEM ground and cover,DEM-derived rim in repository THD convention,JUNCTION,
N_2178110003_56d63da,2178110003,11,278065.5308000166,2111083.789900005,72.89071596309229,19.080620199569314,28.613000000000003,8.17965316772461,35.61165316772461,6.998653167724608,6.998653167724608,1.823,SOURCE-DERIVED invert; DERIVED DEM ground and cover,DEM-derived rim in repository THD convention,JUNCTION,
N_2178110003_8368c0d,2178110003!,12,278065.5308000166,2111083.789900005,72.89071596309229,19.080620199569314,28.613000000000003,8.17965316772461,35.61165316772461,6.998653167724608,6.998653167724608,1.823,SOURCE-DERIVED invert; DERIVED DEM ground and cover,DEM-derived rim in repository THD convention,JUNCTION,
N_2178110101_0f6ed1c,2178110101,11,278033.49560001865,2111193.2628000053,72.89039912811776,19.081605414711234,28.912000000000003,19.355070114135742,46.787070114135744,17.87507011413574,17.87507011413574,2.184,SOURCE-DERIVED invert; DERIVED DEM ground and cover,DEM-derived rim in repository THD convention,JUNCTION,
N_2178110101_8ebbb5c,2178110101!,12,278033.49560001865,2111193.2628000053,72.89039912811776,19.081605414711234,28.912000000000003,19.355070114135742,46.787070114135744,17.87507011413574,17.87507011413574,2.184,SOURCE-DERIVED invert; DERIVED DEM ground and cover,DEM-derived rim in repository THD convention,JUNCTION,
N_2178110102_4b0291a,2178110102,11,278052.5579000186,2111170.0959000047,72.89058285777416,19.081398257160313,28.807000000000002,16.778654098510742,44.210654098510744,15.403654098510742,15.403654098510742,2.099,SOURCE-DERIVED invert; DERIVED DEM ground and cover,DEM-derived rim in repository THD convention,JUNCTION,
N_2178110102_b4d724c,2178110102!,12,278052.5579000186,2111170.0959000047,72.89058285777416,19.081398257160313,28.807000000000002,16.778654098510742,44.210654098510744,15.403654098510742,15.403654098510742,2.099,SOURCE-DERIVED invert; DERIVED DEM ground and cover,DEM-derived rim in repository THD convention,JUNCTION,
N_2178110103_1e42068,2178110103,11,278063.90920001856,2111143.457700004,72.89069373457245,19.081158910006994,28.706000000000003,13.029949188232422,40.461949188232424,11.755949188232421,11.755949188232421,2.099,SOURCE-DERIVED invert; DERIVED DEM ground and cover,DEM-derived rim in repository THD convention,JUNCTION,
N_2178110103_a4034f5,2178110103!,12,278063.90920001856,2111143.457700004,72.89069373457245,19.081158910006994,28.706000000000003,13.029949188232422,40.461949188232424,11.755949188232421,11.755949188232421,2.099,SOURCE-DERIVED invert; DERIVED DEM ground and cover,DEM-derived rim in repository THD convention,JUNCTION,
N_2178110104_84c42e1,2178110104,11,278064.78070001793,2111119.3150000046,72.89070477455918,19.080940961184282,28.621000000000002,9.375078201293945,36.80707820129395,8.186078201293945,8.186078201293945,2.177,SOURCE-DERIVED invert; DERIVED DEM ground and cover,DEM-derived rim in repository THD convention,JUNCTION,
N_2178110104_13c0bf3,2178110104!,12,278064.78070001793,2111119.3150000046,72.89070477455918,19.080940961184282,28.621000000000002,9.375078201293945,36.80707820129395,8.186078201293945,8.186078201293945,2.177,SOURCE-DERIVED invert; DERIVED DEM ground and cover,DEM-derived rim in repository THD convention,JUNCTION,
N_2178110105_e68d44f,2178110105,11,278066.8325000178,2111103.180100004,72.89072611066463,19.08079546274714,28.618000000000002,8.17965316772461,35.61165316772461,6.993653167724609,6.993653167724609,2.177,SOURCE-DERIVED invert; DERIVED DEM ground and cover,DEM-derived rim in repository THD convention,JUNCTION,
N_2178110105_c645b76,2178110105!,12,278066.8325000178,2111103.180100004,72.89072611066463,19.08079546274714,28.618000000000002,8.17965316772461,35.61165316772461,6.993653167724609,6.993653167724609,2.177,SOURCE-DERIVED invert; DERIVED DEM ground and cover,DEM-derived rim in repository THD convention,JUNCTION,
N_2178110201_4c67b6a,2178110201,11,278007.6796000184,2111296.4772000047,72.89014208367544,19.08253478207349,30.383000000000003,12.352241516113281,39.78424151611328,9.40124151611328,9.40124151611328,2.753,SOURCE-DERIVED invert; DERIVED DEM ground and cover,DEM-derived rim in repository THD convention,JUNCTION,
N_2178110201_66e9365,2178110201!,12,278007.6796000184,2111296.4772000047,72.89014208367544,19.08253478207349,30.383000000000003,12.352241516113281,39.78424151611328,9.40124151611328,9.40124151611328,2.753,SOURCE-DERIVED invert; DERIVED DEM ground and cover,DEM-derived rim in repository THD convention,JUNCTION,
N_2178110202_502912b,2178110202,11,278021.7062000184,2111268.729000006,72.89027850275122,19.082285701435076,30.033,10.643665313720703,38.075665313720705,8.042665313720704,8.042665313720704,2.193,SOURCE-DERIVED invert; DERIVED DEM ground and cover,DEM-derived rim in repository THD convention,JUNCTION,
N_2178110202_1027f63,2178110202!,12,278021.7062000184,2111268.729000006,72.89027850275122,19.082285701435076,30.033,10.643665313720703,38.075665313720705,8.042665313720704,8.042665313720704,2.193,SOURCE-DERIVED invert; DERIVED DEM ground and cover,DEM-derived rim in repository THD convention,JUNCTION,
N_2178110203_62bf6c1,2178110203,11,278023.00480001897,2111220.340500006,72.89029637448286,19.081848824521725,29.014000000000003,17.248069763183594,44.680069763183596,15.666069763183593,15.666069763183593,2.184,SOURCE-DERIVED invert; DERIVED DEM ground and cover,DEM-derived rim in repository THD convention,JUNCTION,
N_2178110203_0b13830,2178110203!,12,278023.00480001897,2111220.340500006,72.89029637448286,19.081848824521725,29.014000000000003,17.248069763183594,44.680069763183596,15.666069763183593,15.666069763183593,2.184,SOURCE-DERIVED invert; DERIVED DEM ground and cover,DEM-derived rim in repository THD convention,JUNCTION,
N_2178110204_54d0a29,2178110204,11,278043.4316000185,2111248.386200005,72.89048720815694,19.08210433945224,29.434,11.59453010559082,39.02653010559082,9.592530105590821,9.592530105590821,2.193,SOURCE-DERIVED invert; DERIVED DEM ground and cover,DEM-derived rim in repository THD convention,JUNCTION,
N_2178110204_d7e975b,2178110204!,12,278043.4316000185,2111248.386200005,72.89048720815694,19.08210433945224,29.434,11.59453010559082,39.02653010559082,9.592530105590821,9.592530105590821,2.193,SOURCE-DERIVED invert; DERIVED DEM ground and cover,DEM-derived rim in repository THD convention,JUNCTION,
N_2178110301_c1d0398,2178110301,11,278005.3037000168,2111333.566300004,72.89011527039031,19.082869491796696,30.583000000000002,13.693933486938477,41.12593348693848,10.542933486938477,10.542933486938477,2.772,SOURCE-DERIVED invert; DERIVED DEM ground and cover,DEM-derived rim in repository THD convention,JUNCTION,
N_2178110301_9878ac0,2178110301!,12,278005.3037000168,2111333.566300004,72.89011527039031,19.082869491796696,30.583000000000002,13.693933486938477,41.12593348693848,10.542933486938477,10.542933486938477,2.772,SOURCE-DERIVED invert; DERIVED DEM ground and cover,DEM-derived rim in repository THD convention,JUNCTION,
N_2178110302_6a6ecca,2178110302,11,278012.1571000193,2111364.0118000056,72.89017689036912,19.08314520417173,30.734,16.212812423706055,43.64481242370606,12.910812423706055,12.910812423706055,2.772,SOURCE-DERIVED invert; DERIVED DEM ground and cover,DEM-derived rim in repository THD convention,JUNCTION,
N_2178110302_268540e,2178110302!,12,278012.1571000193,2111364.0118000056,72.89017689036912,19.08314520417173,30.734,16.212812423706055,43.64481242370606,12.910812423706055,12.910812423706055,2.772,SOURCE-DERIVED invert; DERIVED DEM ground and cover,DEM-derived rim in repository THD convention,JUNCTION,
N_2178110303_84f3270,2178110303,11,278019.5588000179,2111394.819500004,72.89024367762191,19.083424247370452,30.887,16.0,43.432,12.545000000000002,12.545000000000002,2.319,SOURCE-DERIVED invert; DERIVED DEM ground and cover,DEM-derived rim in repository THD convention,JUNCTION,
N_2178110303_ab41279,2178110303!,12,278019.5588000179,2111394.819500004,72.89024367762191,19.083424247370452,30.887,16.0,43.432,12.545000000000002,12.545000000000002,2.319,SOURCE-DERIVED invert; DERIVED DEM ground and cover,DEM-derived rim in repository THD convention,JUNCTION,
N_2178110304_30f2f8c,2178110304,11,278087.42920001806,2111303.1903000064,72.89089889062444,19.082604084563748,27.884,9.669412612915039,37.10141261291504,9.21741261291504,9.21741261291504,3.248,SOURCE-DERIVED invert; DERIVED DEM ground and cover,DEM-derived rim in repository THD convention,JUNCTION,
N_2178110304_b22c41c,2178110304!,12,278087.42920001806,2111303.1903000064,72.89089889062444,19.082604084563748,27.884,9.669412612915039,37.10141261291504,9.21741261291504,9.21741261291504,3.248,SOURCE-DERIVED invert; DERIVED DEM ground and cover,DEM-derived rim in repository THD convention,JUNCTION,
N_2178110401_35302c8,2178110401,11,278029.2044000189,2111423.0397000043,72.8903320769814,19.083680165774773,31.156000000000002,15.467129707336426,42.89912970733643,11.743129707336426,11.743129707336426,2.11,SOURCE-DERIVED invert; DERIVED DEM ground and cover,DEM-derived rim in repository THD convention,JUNCTION,
N_2178110401_ea8cf66,2178110401!,12,278029.2044000189,2111423.0397000043,72.8903320769814,19.083680165774773,31.156000000000002,15.467129707336426,42.89912970733643,11.743129707336426,11.743129707336426,2.11,SOURCE-DERIVED invert; DERIVED DEM ground and cover,DEM-derived rim in repository THD convention,JUNCTION,
N_2178110402_2c52105,2178110402,11,278035.79020001774,2111452.270200005,72.89039129442739,19.0839448758041,31.536,13.744645118713379,41.17664511871338,9.64064511871338,9.64064511871338,2.11,SOURCE-DERIVED invert; DERIVED DEM ground and cover,DEM-derived rim in repository THD convention,JUNCTION,
N_2178110402_b671ef1,2178110402!,12,278035.79020001774,2111452.270200005,72.89039129442739,19.0839448758041,31.536,13.744645118713379,41.17664511871338,9.64064511871338,9.64064511871338,2.11,SOURCE-DERIVED invert; DERIVED DEM ground and cover,DEM-derived rim in repository THD convention,JUNCTION,
N_2178110403_067c9f4,2178110403,11,278042.9385000189,2111481.396500006,72.89045586741614,19.08420870593267,31.809,13.0,40.432,8.623000000000001,8.623000000000001,2.085,SOURCE-DERIVED invert; DERIVED DEM ground and cover,DEM-derived rim in repository THD convention,JUNCTION,
N_2178110403_2127a2a,2178110403!,12,278042.9385000189,2111481.396500006,72.89045586741614,19.08420870593267,31.809,13.0,40.432,8.623000000000001,8.623000000000001,2.085,SOURCE-DERIVED invert; DERIVED DEM ground and cover,DEM-derived rim in repository THD convention,JUNCTION,
N_2178110501_018f3b7,2178110501,11,278051.5982000183,2111508.891300005,72.89053498480705,19.084457965640766,32.421,13.518569946289062,40.950569946289065,8.529569946289065,8.529569946289065,2.136,SOURCE-DERIVED invert; DERIVED DEM ground and cover,DEM-derived rim in repository THD convention,JUNCTION,
N_2178110501_bcda39c,2178110501!,12,278051.5982000183,2111508.891300005,72.89053498480705,19.084457965640766,32.421,13.518569946289062,40.950569946289065,8.529569946289065,8.529569946289065,2.136,SOURCE-DERIVED invert; DERIVED DEM ground and cover,DEM-derived rim in repository THD convention,JUNCTION,
N_2178110502_bd591ad,2178110502,11,278081.3719000179,2111508.891300005,72.89081782090476,19.084461203864745,32.808,12.542911529541016,39.97491152954102,7.166911529541018,7.166911529541018,3.024,SOURCE-DERIVED invert; DERIVED DEM ground and cover,DEM-derived rim in repository THD convention,JUNCTION,
N_2178110502_286f4da,2178110502!,12,278081.3719000179,2111508.891300005,72.89081782090476,19.084461203864745,32.808,12.542911529541016,39.97491152954102,7.166911529541018,7.166911529541018,3.024,SOURCE-DERIVED invert; DERIVED DEM ground and cover,DEM-derived rim in repository THD convention,JUNCTION,
N_2178110801_0007b78,2178110801,9,278001.77580001845,2111866.2190000056,72.89002080203058,19.087679730099687,43.53,30.0,57.432,13.902000000000001,13.902000000000001,1.5,SOURCE-DERIVED invert; DERIVED DEM ground and cover,DEM-derived rim in repository THD convention,JUNCTION,
N_2178110901_a5f4a78,2178110901,9,278002.3108000187,2111906.158000005,72.89002131313802,19.08804049497718,43.703,27.845645904541016,55.27764590454102,11.574645904541015,11.574645904541015,1.5,SOURCE-DERIVED invert; DERIVED DEM ground and cover,DEM-derived rim in repository THD convention,JUNCTION,
N_2178110902_f84244f,2178110902,9,278016.552300018,2111984.7038000054,72.89014761380423,19.08875142627023,44.079,23.229049682617188,50.66104968261719,6.582049682617189,6.582049682617189,1.5,SOURCE-DERIVED invert; DERIVED DEM ground and cover,DEM-derived rim in repository THD convention,JUNCTION,
N_2178110903_5d51aef,2178110903,9,278026.79070001794,2111945.1614000048,72.89024940179421,19.08839541548725,43.902,23.132034301757812,50.564034301757815,6.662034301757814,6.662034301757814,1.5,SOURCE-DERIVED invert; DERIVED DEM ground and cover,DEM-derived rim in repository THD convention,JUNCTION,
N_2178111101_39f4a99,2178111101,11,278187.50890001847,2111165.6618000055,72.891865312416,19.081372882150923,27.663,7.485792636871338,34.91779263687134,7.25479263687134,7.25479263687134,2.136,SOURCE-DERIVED invert; DERIVED DEM ground and cover,DEM-derived rim in repository THD convention,JUNCTION,
N_2178111101_9754879,2178111101!,12,278187.50890001847,2111165.6618000055,72.891865312416,19.081372882150923,27.663,7.485792636871338,34.91779263687134,7.25479263687134,7.25479263687134,2.136,SOURCE-DERIVED invert; DERIVED DEM ground and cover,DEM-derived rim in repository THD convention,JUNCTION,
N_2178111102_41b0d2e,2178111102,11,278191.24970001716,2111177.450000004,72.89189950008506,19.08147975332764,27.675,10.145108222961426,37.57710822296143,9.902108222961427,9.902108222961427,2.125,SOURCE-DERIVED invert; DERIVED DEM ground and cover,DEM-derived rim in repository THD convention,JUNCTION,
N_2178111102_2926ba7,2178111102!,12,278191.24970001716,2111177.450000004,72.89189950008506,19.08147975332764,27.675,10.145108222961426,37.57710822296143,9.902108222961427,9.902108222961427,2.125,SOURCE-DERIVED invert; DERIVED DEM ground and cover,DEM-derived rim in repository THD convention,JUNCTION,
N_2178111103_fc85f10,2178111103,11,278196.3765000184,2111139.826800005,72.89195250209308,19.081140518192232,27.649,5.6859869956970215,33.117986995697024,5.468986995697023,5.468986995697023,2.136,SOURCE-DERIVED invert; DERIVED DEM ground and cover,DEM-derived rim in repository THD convention,JUNCTION,
N_2178111103_705c8be,2178111103!,12,278196.3765000184,2111139.826800005,72.89195250209308,19.081140518192232,27.649,5.6859869956970215,33.117986995697024,5.468986995697023,5.468986995697023,2.136,SOURCE-DERIVED invert; DERIVED DEM ground and cover,DEM-derived rim in repository THD convention,JUNCTION,
N_2178111201_46b7df5,2178111201,11,278179.40000001725,2111221.7000000044,72.89178187679315,19.081878107366496,27.721,12.461243629455566,39.89324362945557,12.172243629455568,12.172243629455568,3.497,SOURCE-DERIVED invert; DERIVED DEM ground and cover,DEM-derived rim in repository THD convention,JUNCTION,
N_2178111201_cd67640,2178111201!,12,278179.40000001725,2111221.7000000044,72.89178187679315,19.081878107366496,27.721,12.461243629455566,39.89324362945557,12.172243629455568,12.172243629455568,3.497,SOURCE-DERIVED invert; DERIVED DEM ground and cover,DEM-derived rim in repository THD convention,JUNCTION,
N_2178111301_aede517,2178111301,11,278138.3286000168,2111359.9481000053,72.8913759154318,19.083122224074668,27.96,12.663497924804688,40.09549792480469,12.135497924804689,12.135497924804689,3.248,SOURCE-DERIVED invert; DERIVED DEM ground and cover,DEM-derived rim in repository THD convention,JUNCTION,
N_2178111301_1671a84,2178111301!,12,278138.3286000168,2111359.9481000053,72.8913759154318,19.083122224074668,27.96,12.663497924804688,40.09549792480469,12.135497924804689,12.135497924804689,3.248,SOURCE-DERIVED invert; DERIVED DEM ground and cover,DEM-derived rim in repository THD convention,JUNCTION,
N_2178111302_d336952,2178111302,11,278141.67060001846,2111318.034700006,72.89141245534745,19.082744048528845,27.828000000000003,15.28268051147461,42.71468051147461,14.886680511474609,14.886680511474609,3.5,SOURCE-DERIVED invert; DERIVED DEM ground and cover,DEM-derived rim in repository THD convention,JUNCTION,
N_2178111302_ab99daa,2178111302!,12,278141.67060001846,2111318.034700006,72.89141245534745,19.082744048528845,27.828000000000003,15.28268051147461,42.71468051147461,14.886680511474609,14.886680511474609,3.5,SOURCE-DERIVED invert; DERIVED DEM ground and cover,DEM-derived rim in repository THD convention,JUNCTION,
N_2178111303_d89c791,2178111303,11,278154.50200001814,2111308.0936000044,72.89153548306695,19.082655660858855,27.811,15.28268051147461,42.71468051147461,14.903680511474612,14.903680511474612,3.5,SOURCE-DERIVED invert; DERIVED DEM ground and cover,DEM-derived rim in repository THD convention,JUNCTION,
N_2178111303_296406d,2178111303!,12,278154.50200001814,2111308.0936000044,72.89153548306695,19.082655660858855,27.811,15.28268051147461,42.71468051147461,14.903680511474612,14.903680511474612,3.5,SOURCE-DERIVED invert; DERIVED DEM ground and cover,DEM-derived rim in repository THD convention,JUNCTION,
N_2178111501_980022c,2178111501,11,278111.35530001833,2111508.891300006,72.8911026491113,19.08446446445788,32.874,13.031523704528809,40.46352370452881,7.589523704528808,7.589523704528808,3.067,SOURCE-DERIVED invert; DERIVED DEM ground and cover,DEM-derived rim in repository THD convention,JUNCTION,
N_2178111501_ebbe991,2178111501!,12,278111.35530001833,2111508.891300006,72.8911026491113,19.08446446445788,32.874,13.031523704528809,40.46352370452881,7.589523704528808,7.589523704528808,3.067,SOURCE-DERIVED invert; DERIVED DEM ground and cover,DEM-derived rim in repository THD convention,JUNCTION,
N_2178111502_696923d,2178111502,11,278141.2394000188,2111512.3626000057,72.8913861370952,19.084499064690103,32.939,14.281107902526855,41.71310790252686,8.774107902526858,8.774107902526858,3.301,SOURCE-DERIVED invert; DERIVED DEM ground and cover,DEM-derived rim in repository THD convention,JUNCTION,
N_2178111502_129332a,2178111502!,12,278141.2394000188,2111512.3626000057,72.8913861370952,19.084499064690103,32.939,14.281107902526855,41.71310790252686,8.774107902526858,8.774107902526858,3.301,SOURCE-DERIVED invert; DERIVED DEM ground and cover,DEM-derived rim in repository THD convention,JUNCTION,
N_2178111503_7416d92,2178111503,11,278170.4726000187,2111518.634800005,72.89166312172377,19.08455888993206,33.005,13.628602027893066,41.06060202789307,8.055602027893066,8.055602027893066,3.435,SOURCE-DERIVED invert; DERIVED DEM ground and cover,DEM-derived rim in repository THD convention,JUNCTION,
N_2178111503_4fa8bfa,2178111503!,12,278170.4726000187,2111518.634800005,72.89166312172377,19.08455888993206,33.005,13.628602027893066,41.06060202789307,8.055602027893066,8.055602027893066,3.435,SOURCE-DERIVED invert; DERIVED DEM ground and cover,DEM-derived rim in repository THD convention,JUNCTION,
N_2178111504_904363b,2178111504,11,278199.1653000191,2111527.298200005,72.8919346987013,19.08464025203767,33.071000000000005,12.30506420135498,39.73706420135498,6.666064201354978,6.666064201354978,3.72,SOURCE-DERIVED invert; DERIVED DEM ground and cover,DEM-derived rim in repository THD convention,JUNCTION,
N_2178111504_db45834,2178111504!,12,278199.1653000191,2111527.298200005,72.8919346987013,19.08464025203767,33.071000000000005,12.30506420135498,39.73706420135498,6.666064201354978,6.666064201354978,3.72,SOURCE-DERIVED invert; DERIVED DEM ground and cover,DEM-derived rim in repository THD convention,JUNCTION,
N_2178112001_014b0b7,2178112001,11,278211.86810001824,2111089.5631000055,72.89210540721487,19.08068824720109,27.614,31.318714141845703,58.750714141845705,31.136714141845705,31.136714141845705,1.621,SOURCE-DERIVED invert; DERIVED DEM ground and cover,DEM-derived rim in repository THD convention,JUNCTION,
N_2178112001_374f33a,2178112001!,12,278211.86810001824,2111089.5631000055,72.89210540721487,19.08068824720109,27.614,31.318714141845703,58.750714141845705,31.136714141845705,31.136714141845705,1.621,SOURCE-DERIVED invert; DERIVED DEM ground and cover,DEM-derived rim in repository THD convention,JUNCTION,
N_2178112002_4d325e0,2178112002,11,278221.4403000184,2111060.252200005,72.89219968658095,19.080424567158563,27.596,25.482297897338867,52.91429789733887,25.31829789733887,25.31829789733887,1.594,SOURCE-DERIVED invert; DERIVED DEM ground and cover,DEM-derived rim in repository THD convention,JUNCTION,
N_2178112002_d735985,2178112002!,12,278221.4403000184,2111060.252200005,72.89219968658095,19.080424567158563,27.596,25.482297897338867,52.91429789733887,25.31829789733887,25.31829789733887,1.594,SOURCE-DERIVED invert; DERIVED DEM ground and cover,DEM-derived rim in repository THD convention,JUNCTION,
N_2178112003_055a6d2,2178112003,11,278231.1656000187,2111032.0695000035,72.89229529101713,19.080171092960516,27.581000000000003,9.904272079467773,37.336272079467776,9.755272079467773,9.755272079467773,1.561,SOURCE-DERIVED invert; DERIVED DEM ground and cover,DEM-derived rim in repository THD convention,JUNCTION,
N_2178112003_9da1bc7,2178112003!,12,278231.1656000187,2111032.0695000035,72.89229529101713,19.080171092960516,27.581000000000003,9.904272079467773,37.336272079467776,9.755272079467773,9.755272079467773,1.561,SOURCE-DERIVED invert; DERIVED DEM ground and cover,DEM-derived rim in repository THD convention,JUNCTION,
N_2178112004_557bbcd,2178112004,11,278240.4000000177,2111003.4000000055,72.89238628755962,19.07991316882779,27.575000000000003,6.2587456703186035,33.690745670318606,6.115745670318603,6.115745670318603,1.633,SOURCE-DERIVED invert; DERIVED DEM ground and cover,DEM-derived rim in repository THD convention,JUNCTION,
N_2178112004_ec148eb,2178112004!,12,278240.4000000177,2111003.4000000055,72.89238628755962,19.07991316882779,27.575000000000003,6.2587456703186035,33.690745670318606,6.115745670318603,6.115745670318603,1.633,SOURCE-DERIVED invert; DERIVED DEM ground and cover,DEM-derived rim in repository THD convention,JUNCTION,
N_2178112101_22ba71c,2178112101,11,278200.3270000189,2111142.8463000054,72.89198968411681,19.081168218004123,27.659000000000002,5.6859869956970215,33.117986995697024,5.458986995697021,5.458986995697021,1.611,SOURCE-DERIVED invert; DERIVED DEM ground and cover,DEM-derived rim in repository THD convention,JUNCTION,
N_2178112101_3ccb77e,2178112101!,12,278200.3270000189,2111142.8463000054,72.89198968411681,19.081168218004123,27.659000000000002,5.6859869956970215,33.117986995697024,5.458986995697021,5.458986995697021,1.611,SOURCE-DERIVED invert; DERIVED DEM ground and cover,DEM-derived rim in repository THD convention,JUNCTION,
N_2178112102_4fc5cf5,2178112102,11,278202.36890001816,2111118.8128000046,72.89201182795769,19.080951382367545,27.638,18.018348693847656,45.45034869384766,17.812348693847657,17.812348693847657,1.621,SOURCE-DERIVED invert; DERIVED DEM ground and cover,DEM-derived rim in repository THD convention,JUNCTION,
N_2178112102_80bb997,2178112102!,12,278202.36890001816,2111118.8128000046,72.89201182795769,19.080951382367545,27.638,18.018348693847656,45.45034869384766,17.812348693847657,17.812348693847657,1.621,SOURCE-DERIVED invert; DERIVED DEM ground and cover,DEM-derived rim in repository THD convention,JUNCTION,
N_2178112103_00787c6,2178112103,11,278215.0640000184,2111147.9488000055,72.8921290928149,19.081215902518384,27.676000000000002,5.6859869956970215,33.117986995697024,5.441986995697022,5.441986995697022,1.611,SOURCE-DERIVED invert; DERIVED DEM ground and cover,DEM-derived rim in repository THD convention,JUNCTION,
N_2178112103_3df4b98,2178112103!,12,278215.0640000184,2111147.9488000055,72.8921290928149,19.081215902518384,27.676000000000002,5.6859869956970215,33.117986995697024,5.441986995697022,5.441986995697022,1.611,SOURCE-DERIVED invert; DERIVED DEM ground and cover,DEM-derived rim in repository THD convention,JUNCTION,
N_2178112104_18b4a47,2178112104,11,278258.5648000182,2111161.1909000054,72.89254080902735,19.081340224732006,27.699,6.0760884284973145,33.50808842849732,5.809088428497315,5.809088428497315,1.436,SOURCE-DERIVED invert; DERIVED DEM ground and cover,DEM-derived rim in repository THD convention,JUNCTION,
N_2178112104_bd30ff4,2178112104!,12,278258.5648000182,2111161.1909000054,72.89254080902735,19.081340224732006,27.699,6.0760884284973145,33.50808842849732,5.809088428497315,5.809088428497315,1.436,SOURCE-DERIVED invert; DERIVED DEM ground and cover,DEM-derived rim in repository THD convention,JUNCTION,
N_2178112105_5f7df1a,2178112105,11,278273.55330001726,2111166.529700005,72.892682580155,19.0813900703147,27.719,6.0760884284973145,33.50808842849732,5.789088428497315,5.789088428497315,1.468,SOURCE-DERIVED invert; DERIVED DEM ground and cover,DEM-derived rim in repository THD convention,JUNCTION,
N_2178112105_a6f6a27,2178112105!,12,278273.55330001726,2111166.529700005,72.892682580155,19.0813900703147,27.719,6.0760884284973145,33.50808842849732,5.789088428497315,5.789088428497315,1.468,SOURCE-DERIVED invert; DERIVED DEM ground and cover,DEM-derived rim in repository THD convention,JUNCTION,
N_2178112106_6732a0e,2178112106,11,278288.10000001796,2111171.6000000043,72.89282018523579,19.081437442853993,27.731,5.845068454742432,33.277068454742434,5.546068454742432,5.546068454742432,1.468,SOURCE-DERIVED invert; DERIVED DEM ground and cover,DEM-derived rim in repository THD convention,JUNCTION,
N_2178112106_444ec74,2178112106!,12,278288.10000001796,2111171.6000000043,72.89282018523579,19.081437442853993,27.731,5.845068454742432,33.277068454742434,5.546068454742432,5.546068454742432,1.468,SOURCE-DERIVED invert; DERIVED DEM ground and cover,DEM-derived rim in repository THD convention,JUNCTION,
N_2178112401_c91121e,2178112401,11,278204.2324000185,2111422.549600004,72.89199480924222,19.08369477058687,28.051000000000002,13.64680290222168,41.07880290222168,13.02780290222168,13.02780290222168,3.106,SOURCE-DERIVED invert; DERIVED DEM ground and cover,DEM-derived rim in repository THD convention,JUNCTION,
N_2178112401_a1b78ee,2178112401!,12,278204.2324000185,2111422.549600004,72.89199480924222,19.08369477058687,28.051000000000002,13.64680290222168,41.07880290222168,13.02780290222168,13.02780290222168,3.106,SOURCE-DERIVED invert; DERIVED DEM ground and cover,DEM-derived rim in repository THD convention,JUNCTION,
N_2178112402_67c9944,2178112402,11,278254.9531000162,2111470.1052000048,72.8924711947662,19.084129779132976,28.122,12.74437427520752,40.17637427520752,12.054374275207522,12.054374275207522,3.582,SOURCE-DERIVED invert; DERIVED DEM ground and cover,DEM-derived rim in repository THD convention,JUNCTION,
N_2178112402_0e245c0,2178112402!,12,278254.9531000162,2111470.1052000048,72.8924711947662,19.084129779132976,28.122,12.74437427520752,40.17637427520752,12.054374275207522,12.054374275207522,3.582,SOURCE-DERIVED invert; DERIVED DEM ground and cover,DEM-derived rim in repository THD convention,JUNCTION,
N_2178112501_0bd4217,2178112501,11,278227.74760001834,2111536.0659000054,72.89220521530893,19.084722543749564,33.136,13.089465141296387,40.52146514129639,7.385465141296386,7.385465141296386,3.894,SOURCE-DERIVED invert; DERIVED DEM ground and cover,DEM-derived rim in repository THD convention,JUNCTION,
N_2178112501_1c81871,2178112501!,12,278227.74760001834,2111536.0659000054,72.89220521530893,19.084722543749564,33.136,13.089465141296387,40.52146514129639,7.385465141296386,7.385465141296386,3.894,SOURCE-DERIVED invert; DERIVED DEM ground and cover,DEM-derived rim in repository THD convention,JUNCTION,
N_2178112502_f25eca4,2178112502,11,278256.31900001806,2111545.1613000054,72.89247559121982,19.084807793512837,33.202,12.317941665649414,39.749941665649416,6.547941665649418,6.547941665649418,3.894,SOURCE-DERIVED invert; DERIVED DEM ground and cover,DEM-derived rim in repository THD convention,JUNCTION,
N_2178112502_d093b2e,2178112502!,12,278256.31900001806,2111545.1613000054,72.89247559121982,19.084807793512837,33.202,12.317941665649414,39.749941665649416,6.547941665649418,6.547941665649418,3.894,SOURCE-DERIVED invert; DERIVED DEM ground and cover,DEM-derived rim in repository THD convention,JUNCTION,
N_2178112503_9b8d9f2,2178112503,11,278284.2505000178,2111555.768900005,72.89273971584544,19.084906630746378,33.267,12.317941665649414,39.749941665649416,6.482941665649413,6.482941665649413,3.889,SOURCE-DERIVED invert; DERIVED DEM ground and cover,DEM-derived rim in repository THD convention,JUNCTION,
N_2178112503_3a722c8,2178112503!,12,278284.2505000178,2111555.768900005,72.89273971584544,19.084906630746378,33.267,12.317941665649414,39.749941665649416,6.482941665649413,6.482941665649413,3.889,SOURCE-DERIVED invert; DERIVED DEM ground and cover,DEM-derived rim in repository THD convention,JUNCTION,
N_2178113101_fb211e1,2178113101,11,278316.2000000195,2111180.200000005,72.89308613499215,19.081518165869284,27.738000000000003,5.845068454742432,33.277068454742434,5.539068454742431,5.539068454742431,1.498,SOURCE-DERIVED invert; DERIVED DEM ground and cover,DEM-derived rim in repository THD convention,JUNCTION,
N_2178113101_cc43ff2,2178113101!,12,278316.2000000195,2111180.200000005,72.89308613499215,19.081518165869284,27.738000000000003,5.845068454742432,33.277068454742434,5.539068454742431,5.539068454742431,1.498,SOURCE-DERIVED invert; DERIVED DEM ground and cover,DEM-derived rim in repository THD convention,JUNCTION,
N_2178113102_10c73e1,2178113102,11,278321.1378000182,2111182.309900006,72.89313279995967,19.081537757697387,27.75,14.474105834960938,41.90610583496094,14.15610583496094,14.15610583496094,1.503,SOURCE-DERIVED invert; DERIVED DEM ground and cover,DEM-derived rim in repository THD convention,JUNCTION,
N_2178113102_1febbbe,2178113102!,12,278321.1378000182,2111182.309900006,72.89313279995967,19.081537757697387,27.75,14.474105834960938,41.90610583496094,14.15610583496094,14.15610583496094,1.503,SOURCE-DERIVED invert; DERIVED DEM ground and cover,DEM-derived rim in repository THD convention,JUNCTION,
N_2178113103_a59bc88,2178113103,11,278332.382900018,2111186.8435000046,72.89323910348209,19.081579924141142,27.763,14.474105834960938,41.90610583496094,14.143105834960938,14.143105834960938,1.503,SOURCE-DERIVED invert; DERIVED DEM ground and cover,DEM-derived rim in repository THD convention,JUNCTION,
N_2178113103_d346a54,2178113103!,12,278332.382900018,2111186.8435000046,72.89323910348209,19.081579924141142,27.763,14.474105834960938,41.90610583496094,14.143105834960938,14.143105834960938,1.503,SOURCE-DERIVED invert; DERIVED DEM ground and cover,DEM-derived rim in repository THD convention,JUNCTION,
N_2178113501_e2a11ed,2178113501,11,278312.5019000183,2111566.488200004,72.89300686696785,19.085006511199413,33.333,13.658303260803223,41.090303260803225,7.757303260803226,7.757303260803226,3.653,SOURCE-DERIVED invert; DERIVED DEM ground and cover,DEM-derived rim in repository THD convention,JUNCTION,
N_2178113501_e11a285,2178113501!,12,278312.5019000183,2111566.488200004,72.89300686696785,19.085006511199413,33.333,13.658303260803223,41.090303260803225,7.757303260803226,7.757303260803226,3.653,SOURCE-DERIVED invert; DERIVED DEM ground and cover,DEM-derived rim in repository THD convention,JUNCTION,
N_2178113502_4b15efd,2178113502,11,278337.03030001826,2111532.706700006,72.89324373625391,19.084704079610802,28.226000000000003,14.592001914978027,42.02400191497803,13.798001914978027,13.798001914978027,4.501,SOURCE-DERIVED invert; DERIVED DEM ground and cover,DEM-derived rim in repository THD convention,JUNCTION,
N_2178113502_ae0e374,2178113502!,12,278337.03030001826,2111532.706700006,72.89324373625391,19.084704079610802,28.226000000000003,14.592001914978027,42.02400191497803,13.798001914978027,13.798001914978027,4.501,SOURCE-DERIVED invert; DERIVED DEM ground and cover,DEM-derived rim in repository THD convention,JUNCTION,
N_2178113503_a24ebbc,2178113503,11,278340.5437000181,2111577.095900004,72.89327204008524,19.08510536061442,33.399,12.488238334655762,39.920238334655764,6.521238334655763,6.521238334655763,3.207,SOURCE-DERIVED invert; DERIVED DEM ground and cover,DEM-derived rim in repository THD convention,JUNCTION,
N_2178113503_a4ea40a,2178113503!,12,278340.5437000181,2111577.095900004,72.89327204008524,19.08510536061442,33.399,12.488238334655762,39.920238334655764,6.521238334655763,6.521238334655763,3.207,SOURCE-DERIVED invert; DERIVED DEM ground and cover,DEM-derived rim in repository THD convention,JUNCTION,
N_2178113504_4c73cb5,2178113504,11,278368.57450001827,2111587.5992000042,72.893537120984,19.085203265597226,33.464,12.0,39.432,5.9680000000000035,5.9680000000000035,2.926,SOURCE-DERIVED invert; DERIVED DEM ground and cover,DEM-derived rim in repository THD convention,JUNCTION,
N_2178113504_0daf97f,2178113504!,12,278368.57450001827,2111587.5992000042,72.893537120984,19.085203265597226,33.464,12.0,39.432,5.9680000000000035,5.9680000000000035,2.926,SOURCE-DERIVED invert; DERIVED DEM ground and cover,DEM-derived rim in repository THD convention,JUNCTION,
N_2178113505_69c912c,2178113505,11,278396.7157000172,2111598.199300006,72.89380323992658,19.08530205646297,33.53,12.541629791259766,39.97362979125977,6.443629791259767,6.443629791259767,2.926,SOURCE-DERIVED invert; DERIVED DEM ground and cover,DEM-derived rim in repository THD convention,JUNCTION,
N_2178113505_ba8c22c,2178113505!,12,278396.7157000172,2111598.199300006,72.89380323992658,19.08530205646297,33.53,12.541629791259766,39.97362979125977,6.443629791259767,6.443629791259767,2.926,SOURCE-DERIVED invert; DERIVED DEM ground and cover,DEM-derived rim in repository THD convention,JUNCTION,
N_2178114501_91100d6,2178114501,11,278411.51590001746,2111565.149300005,72.89394761099084,19.08500517386067,28.307000000000002,13.899735450744629,41.33173545074463,13.024735450744629,13.024735450744629,4.501,SOURCE-DERIVED invert; DERIVED DEM ground and cover,DEM-derived rim in repository THD convention,JUNCTION,
N_2178114501_e39daf8,2178114501!,12,278411.51590001746,2111565.149300005,72.89394761099084,19.08500517386067,28.307000000000002,13.899735450744629,41.33173545074463,13.024735450744629,13.024735450744629,4.501,SOURCE-DERIVED invert; DERIVED DEM ground and cover,DEM-derived rim in repository THD convention,JUNCTION,
N_2178114502_14fec3a,2178114502,11,278437.8114000186,2111571.463200004,72.89419668608161,19.085065053044502,28.334,13.899735450744629,41.33173545074463,12.997735450744631,12.997735450744631,3.474,SOURCE-DERIVED invert; DERIVED DEM ground and cover,DEM-derived rim in repository THD convention,JUNCTION,
N_2178114502_e780fec,2178114502!,12,278437.8114000186,2111571.463200004,72.89419668608161,19.085065053044502,28.334,13.899735450744629,41.33173545074463,12.997735450744631,12.997735450744631,3.474,SOURCE-DERIVED invert; DERIVED DEM ground and cover,DEM-derived rim in repository THD convention,JUNCTION,
N_2178114601_6929bf5,2178114601,11,278424.96710001875,2111607.9503000057,72.89407050306032,19.085393190322723,33.595,12.711355209350586,40.14335520935059,6.548355209350589,6.548355209350589,3.045,SOURCE-DERIVED invert; DERIVED DEM ground and cover,DEM-derived rim in repository THD convention,JUNCTION,
N_2178114601_9f6074e,2178114601!,12,278424.96710001875,2111607.9503000057,72.89407050306032,19.085393190322723,33.595,12.711355209350586,40.14335520935059,6.548355209350589,6.548355209350589,3.045,SOURCE-DERIVED invert; DERIVED DEM ground and cover,DEM-derived rim in repository THD convention,JUNCTION,
N_2178114602_4a3b666,2178114602,11,278453.3399000176,2111617.477800006,72.89433894530029,19.085482318470206,33.661,14.568856239318848,42.00085623931885,8.339856239318848,8.339856239318848,3.179,SOURCE-DERIVED invert; DERIVED DEM ground and cover,DEM-derived rim in repository THD convention,JUNCTION,
N_2178114602_1fc5177,2178114602!,12,278453.3399000176,2111617.477800006,72.89433894530029,19.085482318470206,33.661,14.568856239318848,42.00085623931885,8.339856239318848,8.339856239318848,3.179,SOURCE-DERIVED invert; DERIVED DEM ground and cover,DEM-derived rim in repository THD convention,JUNCTION,
N_2178114603_d4944ed,2178114603,11,278481.9222000183,2111627.0052000056,72.8946093780452,19.08557146809415,33.727000000000004,14.47422981262207,41.90622981262207,8.179229812622069,8.179229812622069,3.179,SOURCE-DERIVED invert; DERIVED DEM ground and cover,DEM-derived rim in repository THD convention,JUNCTION,
N_2178114603_ede3164,2178114603!,12,278481.9222000183,2111627.0052000056,72.8946093780452,19.08557146809415,33.727000000000004,14.47422981262207,41.90622981262207,8.179229812622069,8.179229812622069,3.179,SOURCE-DERIVED invert; DERIVED DEM ground and cover,DEM-derived rim in repository THD convention,JUNCTION,
N_2178115601_e403ccf,2178115601,11,278510.50820001855,2111636.1099000047,72.89487989452863,19.085656800147067,33.792,15.662681579589844,43.094681579589846,9.302681579589844,9.302681579589844,3.014,SOURCE-DERIVED invert; DERIVED DEM ground and cover,DEM-derived rim in repository THD convention,JUNCTION,
N_2178115601_4dd8f3b,2178115601!,12,278510.50820001855,2111636.1099000047,72.89487989452863,19.085656800147067,33.792,15.662681579589844,43.094681579589846,9.302681579589844,9.302681579589844,3.014,SOURCE-DERIVED invert; DERIVED DEM ground and cover,DEM-derived rim in repository THD convention,JUNCTION,
N_2178115602_fa842de,2178115602,11,278539.09060001746,2111645.2053000047,72.8951503781901,19.08574204744491,33.818000000000005,16.037425994873047,43.46942599487305,9.651425994873044,9.651425994873044,2.662,SOURCE-DERIVED invert; DERIVED DEM ground and cover,DEM-derived rim in repository THD convention,JUNCTION,
N_2178115602_1fe49a9,2178115602!,12,278539.09060001746,2111645.2053000047,72.8951503781901,19.08574204744491,33.818000000000005,16.037425994873047,43.46942599487305,9.651425994873044,9.651425994873044,2.662,SOURCE-DERIVED invert; DERIVED DEM ground and cover,DEM-derived rim in repository THD convention,JUNCTION,
N_2178115603_b892cc6,2178115603,11,278567.7833000188,2111654.1890000044,72.89542192272654,19.085826297525838,33.844,16.131187438964844,43.563187438964846,9.719187438964845,9.719187438964845,2.662,SOURCE-DERIVED invert; DERIVED DEM ground and cover,DEM-derived rim in repository THD convention,JUNCTION,
N_2178115603_5657f7c,2178115603!,12,278567.7833000188,2111654.1890000044,72.89542192272654,19.085826297525838,33.844,16.131187438964844,43.563187438964846,9.719187438964845,9.719187438964845,2.662,SOURCE-DERIVED invert; DERIVED DEM ground and cover,DEM-derived rim in repository THD convention,JUNCTION,
N_2178115604_ee94906,2178115604,11,278596.3656000185,2111663.1801000047,72.89569241797089,19.08591060208519,33.869,12.4053955078125,39.8373955078125,5.968395507812502,5.968395507812502,2.337,SOURCE-DERIVED invert; DERIVED DEM ground and cover,DEM-derived rim in repository THD convention,JUNCTION,
N_2178115604_9b0c57d,2178115604!,12,278596.3656000185,2111663.1801000047,72.89569241797089,19.08591060208519,33.869,12.4053955078125,39.8373955078125,5.968395507812502,5.968395507812502,2.337,SOURCE-DERIVED invert; DERIVED DEM ground and cover,DEM-derived rim in repository THD convention,JUNCTION,
N_2178115901_b500719,2178115901,11,278578.0000000184,2111991.6000000043,72.89548046041502,19.088874724239094,35.5,21.26915168762207,48.70115168762207,13.201151687622072,13.201151687622072,2.0,SOURCE-DERIVED invert; DERIVED DEM ground and cover,DEM-derived rim in repository THD convention,JUNCTION,
N_2178115901_6acf95a,2178115901!,12,278578.0000000184,2111991.6000000043,72.89548046041502,19.088874724239094,35.5,21.26915168762207,48.70115168762207,13.201151687622072,13.201151687622072,2.0,SOURCE-DERIVED invert; DERIVED DEM ground and cover,DEM-derived rim in repository THD convention,JUNCTION,
N_2178115902_2ed64c7,2178115902,11,278584.60000001744,2111987.2000000044,72.89554366147297,19.088835702106323,35.5,24.152597427368164,51.584597427368166,16.084597427368166,16.084597427368166,2.0,SOURCE-DERIVED invert; DERIVED DEM ground and cover,DEM-derived rim in repository THD convention,JUNCTION,
N_2178115902_9f02e45,2178115902!,12,278584.60000001744,2111987.2000000044,72.89554366147297,19.088835702106323,35.5,24.152597427368164,51.584597427368166,16.084597427368166,16.084597427368166,2.0,SOURCE-DERIVED invert; DERIVED DEM ground and cover,DEM-derived rim in repository THD convention,JUNCTION,
N_2178116601_0d9c21d,2178116601,11,278625.15760001756,2111671.7318000044,72.89596495574806,19.085990960593914,33.895,13.43378734588623,40.86578734588623,6.9707873458862295,6.9707873458862295,2.475,SOURCE-DERIVED invert; DERIVED DEM ground and cover,DEM-derived rim in repository THD convention,JUNCTION,
N_2178116601_7008a6f,2178116601!,12,278625.15760001756,2111671.7318000044,72.89596495574806,19.085990960593914,33.895,13.43378734588623,40.86578734588623,6.9707873458862295,6.9707873458862295,2.475,SOURCE-DERIVED invert; DERIVED DEM ground and cover,DEM-derived rim in repository THD convention,JUNCTION,
N_2178116602_e6c7d80,2178116602,11,278654.0488000178,2111680.0674000042,72.89623846085135,19.086069377782977,33.921,13.570646286010742,41.002646286010744,7.081646286010745,7.081646286010745,2.475,SOURCE-DERIVED invert; DERIVED DEM ground and cover,DEM-derived rim in repository THD convention,JUNCTION,
N_2178116602_7620d15,2178116602!,12,278654.0488000178,2111680.0674000042,72.89623846085135,19.086069377782977,33.921,13.570646286010742,41.002646286010744,7.081646286010745,7.081646286010745,2.475,SOURCE-DERIVED invert; DERIVED DEM ground and cover,DEM-derived rim in repository THD convention,JUNCTION,
N_2178116603_564a15a,2178116603,11,278678.28630001796,2111686.6244000047,72.89646796061349,19.08613122641099,33.992000000000004,13.0,40.432,6.439999999999998,6.439999999999998,2.346,SOURCE-DERIVED invert; DERIVED DEM ground and cover,DEM-derived rim in repository THD convention,JUNCTION,
N_2178116603_8db2c1a,2178116603!,12,278678.28630001796,2111686.6244000047,72.89646796061349,19.08613122641099,33.992000000000004,13.0,40.432,6.439999999999998,6.439999999999998,2.346,SOURCE-DERIVED invert; DERIVED DEM ground and cover,DEM-derived rim in repository THD convention,JUNCTION,
N_2178116701_8a528ff,2178116701,11,278662.4000000189,2111767.300000006,72.89630784064836,19.08685812300034,34.4,13.603874206542969,41.03587420654297,6.635874206542972,6.635874206542972,2.0,SOURCE-DERIVED invert; DERIVED DEM ground and cover,DEM-derived rim in repository THD convention,JUNCTION,
N_2178116701_6558e5b,2178116701!,12,278662.4000000189,2111767.300000006,72.89630784064836,19.08685812300034,34.4,13.603874206542969,41.03587420654297,6.635874206542972,6.635874206542972,2.0,SOURCE-DERIVED invert; DERIVED DEM ground and cover,DEM-derived rim in repository THD convention,JUNCTION,
N_2178116702_e7021a5,2178116702,11,278662.8000000182,2111721.400000005,72.89631687801987,19.086443621582507,34.35,13.407201766967773,40.839201766967776,6.489201766967774,6.489201766967774,2.0,SOURCE-DERIVED invert; DERIVED DEM ground and cover,DEM-derived rim in repository THD convention,JUNCTION,
N_2178116702_8bdfb42,2178116702!,12,278662.8000000182,2111721.400000005,72.89631687801987,19.086443621582507,34.35,13.407201766967773,40.839201766967776,6.489201766967774,6.489201766967774,2.0,SOURCE-DERIVED invert; DERIVED DEM ground and cover,DEM-derived rim in repository THD convention,JUNCTION,
N_2178116801_66ff251,2178116801,11,278668.1000000177,2111851.200000005,72.89635241527228,19.08761648227603,34.9,15.274205207824707,42.70620520782471,7.806205207824711,7.806205207824711,2.0,SOURCE-DERIVED invert; DERIVED DEM ground and cover,DEM-derived rim in repository THD convention,JUNCTION,
N_2178116801_ad24d3d,2178116801!,12,278668.1000000177,2111851.200000005,72.89635241527228,19.08761648227603,34.9,15.274205207824707,42.70620520782471,7.806205207824711,7.806205207824711,2.0,SOURCE-DERIVED invert; DERIVED DEM ground and cover,DEM-derived rim in repository THD convention,JUNCTION,
N_2178116901_9df77ec,2178116901,11,278642.200000018,2111962.0000000047,72.89609372661438,19.088614359722804,35.800000000000004,20.56825828552246,48.00025828552246,12.200258285522459,12.200258285522459,2.0,SOURCE-DERIVED invert; DERIVED DEM ground and cover,DEM-derived rim in repository THD convention,JUNCTION,
N_2178116901_661508b,2178116901!,12,278642.200000018,2111962.0000000047,72.89609372661438,19.088614359722804,35.307,20.56825828552246,48.00025828552246,12.693258285522461,12.693258285522461,2.0,SOURCE-DERIVED invert; DERIVED DEM ground and cover,DEM-derived rim in repository THD convention,JUNCTION,
N_2178116902_747ba25,2178116902,11,278647.40000001865,2111959.900000006,72.89614336523553,19.088595957844284,35.800000000000004,20.56825828552246,48.00025828552246,12.200258285522459,12.200258285522459,2.0,SOURCE-DERIVED invert; DERIVED DEM ground and cover,DEM-derived rim in repository THD convention,JUNCTION,
N_2178116902_ccc133c,2178116902!,12,278647.40000001865,2111959.900000006,72.89614336523553,19.088595957844284,35.29,20.56825828552246,48.00025828552246,12.710258285522464,12.710258285522464,2.0,SOURCE-DERIVED invert; DERIVED DEM ground and cover,DEM-derived rim in repository THD convention,JUNCTION,
N_2178116903_6069617,2178116903,11,278669.7000000172,2111929.800000006,72.89635864562385,19.08832652989521,35.35,15.659337997436523,43.091337997436526,7.741337997436524,7.741337997436524,2.0,SOURCE-DERIVED invert; DERIVED DEM ground and cover,DEM-derived rim in repository THD convention,JUNCTION,
N_2178116903_f1332b8,2178116903!,12,278669.7000000172,2111929.800000006,72.89635864562385,19.08832652989521,35.141,15.659337997436523,43.091337997436526,7.950337997436527,7.950337997436527,2.0,SOURCE-DERIVED invert; DERIVED DEM ground and cover,DEM-derived rim in repository THD convention,JUNCTION,
N_2178116904_0ed3f85,2178116904,11,278671.4000000178,2111953.3000000054,72.89637211355692,19.088538954012,35.7,15.659337997436523,43.091337997436526,7.391337997436523,7.391337997436523,2.0,SOURCE-DERIVED invert; DERIVED DEM ground and cover,DEM-derived rim in repository THD convention,JUNCTION,
N_2178116904_22c8a6f,2178116904!,12,278671.4000000178,2111953.3000000054,72.89637211355692,19.088538954012,35.214,15.659337997436523,43.091337997436526,7.877337997436527,7.877337997436527,2.0,SOURCE-DERIVED invert; DERIVED DEM ground and cover,DEM-derived rim in repository THD convention,JUNCTION,
N_2178117601_2fa1ae0,2178117601,11,278712.07400001783,2111695.2264000042,72.89678795097673,19.086212579942455,34.122,14.344624519348145,41.77662451934815,7.654624519348147,7.654624519348147,2.124,SOURCE-DERIVED invert; DERIVED DEM ground and cover,DEM-derived rim in repository THD convention,JUNCTION,
N_2178117601_335e55a,2178117601!,12,278712.07400001783,2111695.2264000042,72.89678795097673,19.086212579942455,34.122,14.344624519348145,41.77662451934815,7.654624519348147,7.654624519348147,2.124,SOURCE-DERIVED invert; DERIVED DEM ground and cover,DEM-derived rim in repository THD convention,JUNCTION,
N_2178117701_d9d067c,2178117701,11,278741.14180001884,2111701.8785000048,72.89706332661885,19.086275810629807,34.227000000000004,14.442235946655273,41.874235946655276,7.647235946655272,7.647235946655272,2.039,SOURCE-DERIVED invert; DERIVED DEM ground and cover,DEM-derived rim in repository THD convention,JUNCTION,
N_2178117701_16a4cc8,2178117701!,12,278741.14180001884,2111701.8785000048,72.89706332661885,19.086275810629807,34.227000000000004,14.442235946655273,41.874235946655276,7.647235946655272,7.647235946655272,2.039,SOURCE-DERIVED invert; DERIVED DEM ground and cover,DEM-derived rim in repository THD convention,JUNCTION,
N_2178117702_b0e2be3,2178117702,11,278770.5846000177,2111707.718700004,72.8973423574861,19.086331748923758,34.244,20.18313980102539,47.61513980102539,13.371139801025393,13.371139801025393,2.174,SOURCE-DERIVED invert; DERIVED DEM ground and cover,DEM-derived rim in repository THD convention,JUNCTION,
N_2178117702_8b73d9b,2178117702!,12,278770.5846000177,2111707.718700004,72.8973423574861,19.086331748923758,34.244,20.18313980102539,47.61513980102539,13.371139801025393,13.371139801025393,2.174,SOURCE-DERIVED invert; DERIVED DEM ground and cover,DEM-derived rim in repository THD convention,JUNCTION,
N_2178118701_df4be3e,2178118701,11,278800.2480000179,2111712.597900005,72.89762359379989,19.086379031471157,34.342,19.72658348083496,47.15858348083496,12.816583480834964,12.816583480834964,2.174,SOURCE-DERIVED invert; DERIVED DEM ground and cover,DEM-derived rim in repository THD convention,JUNCTION,
N_2178118701_675db95,2178118701!,12,278800.2480000179,2111712.597900005,72.89762359379989,19.086379031471157,34.342,19.72658348083496,47.15858348083496,12.816583480834964,12.816583480834964,2.174,SOURCE-DERIVED invert; DERIVED DEM ground and cover,DEM-derived rim in repository THD convention,JUNCTION,
N_2178118702_a9bfca8,2178118702,11,278829.5916000182,2111718.4380000043,72.89790168275759,19.086434957293488,34.642,15.384560585021973,42.816560585021975,8.174560585021972,8.174560585021972,2.174,SOURCE-DERIVED invert; DERIVED DEM ground and cover,DEM-derived rim in repository THD convention,JUNCTION,
N_2178118702_d2d36e4,2178118702!,12,278829.5916000182,2111718.4380000043,72.89790168275759,19.086434957293488,34.642,15.384560585021973,42.816560585021975,8.174560585021972,8.174560585021972,2.174,SOURCE-DERIVED invert; DERIVED DEM ground and cover,DEM-derived rim in repository THD convention,JUNCTION,
N_2178118703_a114f9f,2178118703,11,278859.0344000176,2111724.389900006,72.8981807015683,19.086491903185557,34.846000000000004,14.520922660827637,41.95292266082764,7.106922660827635,7.106922660827635,2.207,SOURCE-DERIVED invert; DERIVED DEM ground and cover,DEM-derived rim in repository THD convention,JUNCTION,
N_2178118703_1a4a38f,2178118703!,12,278859.0344000176,2111724.389900006,72.8981807015683,19.086491903185557,34.846000000000004,14.520922660827637,41.95292266082764,7.106922660827635,7.106922660827635,2.207,SOURCE-DERIVED invert; DERIVED DEM ground and cover,DEM-derived rim in repository THD convention,JUNCTION,
N_2178118704_528f995,2178118704,11,278888.3647000174,2111730.207800006,72.89845866717167,19.086547626261186,35.049,14.591789245605469,42.02378924560547,6.974789245605471,6.974789245605471,2.208,SOURCE-DERIVED invert; DERIVED DEM ground and cover,DEM-derived rim in repository THD convention,JUNCTION,
N_2178118704_eb56592,2178118704!,12,278888.3647000174,2111730.207800006,72.89845866717167,19.086547626261186,35.049,14.591789245605469,42.02378924560547,6.974789245605471,6.974789245605471,2.208,SOURCE-DERIVED invert; DERIVED DEM ground and cover,DEM-derived rim in repository THD convention,JUNCTION,
N_2178119701_3e6df10,2178119701,11,278906.5610000182,2111734.2136000055,72.89863106989586,19.086585776487258,35.209,15.0,42.432,7.222999999999999,7.222999999999999,2.208,SOURCE-DERIVED invert; DERIVED DEM ground and cover,DEM-derived rim in repository THD convention,JUNCTION,
N_2178119701_bc98955,2178119701!,12,278906.5610000182,2111734.2136000055,72.89863106989586,19.086585776487258,35.209,15.0,42.432,7.222999999999999,7.222999999999999,2.208,SOURCE-DERIVED invert; DERIVED DEM ground and cover,DEM-derived rim in repository THD convention,JUNCTION,
N_2178123901_11b7871,2178123901,13,278350.93400001875,2112992.273100004,72.89320898627159,19.097887598513925,37.707,22.232059478759766,49.66405947875977,11.957059478759767,11.957059478759767,2.293,SOURCE-DERIVED invert; DERIVED DEM ground and cover,DEM-derived rim in repository THD convention,JUNCTION,
N_2178123902_de7f838,2178123902,13,278370.0764000186,2112969.224300006,72.89339348033559,19.097681515209768,37.885000000000005,22.232059478759766,49.66405947875977,11.779059478759763,11.779059478759763,2.318,SOURCE-DERIVED invert; DERIVED DEM ground and cover,DEM-derived rim in repository THD convention,JUNCTION,
N_2178123903_a1c155d,2178123903,13,278390.62010001857,2112947.2634000047,72.8935911623157,19.09748540928466,38.061,18.745086669921875,46.17708666992188,8.116086669921877,8.116086669921877,2.318,SOURCE-DERIVED invert; DERIVED DEM ground and cover,DEM-derived rim in repository THD convention,JUNCTION,
N_2178124101_4dd2ca1,2178124101,11,278490.7000000187,2112196.900000005,72.89462767843105,19.09071940670177,42.7,23.830833435058594,51.262833435058596,8.562833435058593,8.562833435058593,2.0,SOURCE-DERIVED invert; DERIVED DEM ground and cover,DEM-derived rim in repository THD convention,JUNCTION,
N_2178124101_444f306,2178124101!,12,278490.7000000187,2112196.900000005,72.89462767843105,19.09071940670177,42.7,23.830833435058594,51.262833435058596,8.562833435058593,8.562833435058593,2.0,SOURCE-DERIVED invert; DERIVED DEM ground and cover,DEM-derived rim in repository THD convention,JUNCTION,
N_2178124201_314fd92,2178124201,11,278468.4000000184,2112236.6000000047,72.89441129526168,19.091075534030757,43.6,26.658342361450195,54.0903423614502,10.490342361450196,10.490342361450196,2.0,SOURCE-DERIVED invert; DERIVED DEM ground and cover,DEM-derived rim in repository THD convention,JUNCTION,
N_2178124201_2c95bc4,2178124201!,12,278468.4000000184,2112236.6000000047,72.89441129526168,19.091075534030757,43.6,26.658342361450195,54.0903423614502,10.490342361450196,10.490342361450196,2.0,SOURCE-DERIVED invert; DERIVED DEM ground and cover,DEM-derived rim in repository THD convention,JUNCTION,
N_2178124202_a4eab2a,2178124202,11,278473.10000001785,2112203.6000000043,72.8944597146733,19.090778006209835,43.1,23.15808868408203,50.59008868408203,7.490088684082032,7.490088684082032,2.0,SOURCE-DERIVED invert; DERIVED DEM ground and cover,DEM-derived rim in repository THD convention,JUNCTION,
N_2178124202_db361d0,2178124202!,12,278473.10000001785,2112203.6000000043,72.8944597146733,19.090778006209835,43.1,23.15808868408203,50.59008868408203,7.490088684082032,7.490088684082032,2.0,SOURCE-DERIVED invert; DERIVED DEM ground and cover,DEM-derived rim in repository THD convention,JUNCTION,
N_2178124801_878a6a4,2178124801,13,278461.8949000178,2112887.860700005,72.89427508254087,19.096956661524676,38.605000000000004,19.19724464416504,46.62924464416504,8.024244644165037,8.024244644165037,1.811,SOURCE-DERIVED invert; DERIVED DEM ground and cover,DEM-derived rim in repository THD convention,JUNCTION,
N_2178124802_f408b15,2178124802,13,278484.2000000184,2112872.400000006,72.89448875359135,19.096819452076403,38.787,21.828744888305664,49.260744888305666,10.473744888305667,10.473744888305667,1.539,SOURCE-DERIVED invert; DERIVED DEM ground and cover,DEM-derived rim in repository THD convention,JUNCTION,
N_2178124901_5a44ae8,2178124901,13,278412.0289000188,2112926.263000005,72.8937969527225,19.097298071819566,38.243,19.879322052001953,47.311322052001955,9.068322052001953,9.068322052001953,2.226,SOURCE-DERIVED invert; DERIVED DEM ground and cover,DEM-derived rim in repository THD convention,JUNCTION,
N_2178124902_d1838c7,2178124902,13,278437.0487000178,2112905.7711000047,72.89403699002305,19.097115718934806,38.425000000000004,19.879322052001953,47.311322052001955,8.886322052001951,8.886322052001951,2.104,SOURCE-DERIVED invert; DERIVED DEM ground and cover,DEM-derived rim in repository THD convention,JUNCTION,
N_2178125001_c1f162c,2178125001,11,278550.1000000173,2112048.300000006,72.89520894162553,19.089383780111586,37.6,18.745546340942383,46.177546340942385,8.577546340942384,8.577546340942384,2.0,SOURCE-DERIVED invert; DERIVED DEM ground and cover,DEM-derived rim in repository THD convention,JUNCTION,
N_2178125001_e599316,2178125001!,12,278550.1000000173,2112048.300000006,72.89520894162553,19.089383780111586,37.6,18.745546340942383,46.177546340942385,8.577546340942384,8.577546340942384,2.0,SOURCE-DERIVED invert; DERIVED DEM ground and cover,DEM-derived rim in repository THD convention,JUNCTION,
N_2178125002_b97586a,2178125002,11,278553.5000000178,2112046.4000000055,72.89524145801688,19.089366989404038,37.6,18.745546340942383,46.177546340942385,8.577546340942384,8.577546340942384,2.0,SOURCE-DERIVED invert; DERIVED DEM ground and cover,DEM-derived rim in repository THD convention,JUNCTION,
N_2178125002_912d138,2178125002!,12,278553.5000000178,2112046.4000000055,72.89524145801688,19.089366989404038,37.6,18.745546340942383,46.177546340942385,8.577546340942384,8.577546340942384,2.0,SOURCE-DERIVED invert; DERIVED DEM ground and cover,DEM-derived rim in repository THD convention,JUNCTION,
N_2178125003_7f7867c,2178125003,11,278563.6000000178,2112041.300000006,72.89533798866476,19.089322025269713,37.300000000000004,19.730892181396484,47.16289218139649,9.862892181396482,9.862892181396482,2.0,SOURCE-DERIVED invert; DERIVED DEM ground and cover,DEM-derived rim in repository THD convention,JUNCTION,
N_2178125003_be1c642,2178125003!,12,278563.6000000178,2112041.300000006,72.89533798866476,19.089322025269713,37.300000000000004,19.730892181396484,47.16289218139649,9.862892181396482,9.862892181396482,2.0,SOURCE-DERIVED invert; DERIVED DEM ground and cover,DEM-derived rim in repository THD convention,JUNCTION,
N_2178125004_4a9bade,2178125004,11,278577.7000000181,2112097.1000000047,72.89546556557309,19.089827511744293,38.0,21.184907913208008,48.61690791320801,10.61690791320801,10.61690791320801,2.0,SOURCE-DERIVED invert; DERIVED DEM ground and cover,DEM-derived rim in repository THD convention,JUNCTION,
N_2178125004_609b73e,2178125004!,12,278577.7000000181,2112097.1000000047,72.89546556557309,19.089827511744293,38.0,21.184907913208008,48.61690791320801,10.61690791320801,10.61690791320801,2.0,SOURCE-DERIVED invert; DERIVED DEM ground and cover,DEM-derived rim in repository THD convention,JUNCTION,
N_2178125005_ee77058,2178125005,11,278595.9000000176,2112027.500000005,72.89564640873715,19.089200896800957,36.0,20.272478103637695,47.7044781036377,11.704478103637697,11.704478103637697,2.0,SOURCE-DERIVED invert; DERIVED DEM ground and cover,DEM-derived rim in repository THD convention,JUNCTION,
N_2178125005_f30a34b,2178125005!,12,278595.9000000176,2112027.500000005,72.89564640873715,19.089200896800957,36.0,20.272478103637695,47.7044781036377,11.704478103637697,11.704478103637697,2.0,SOURCE-DERIVED invert; DERIVED DEM ground and cover,DEM-derived rim in repository THD convention,JUNCTION,
N_2178125101_6f66338,2178125101,11,278520.1000000177,2112197.400000005,72.8949069186869,19.09072711482134,42.2,22.773813247680664,50.205813247680666,8.005813247680663,8.005813247680663,2.0,SOURCE-DERIVED invert; DERIVED DEM ground and cover,DEM-derived rim in repository THD convention,JUNCTION,
N_2178125101_1b920ba,2178125101!,12,278520.1000000177,2112197.400000005,72.8949069186869,19.09072711482134,42.2,22.773813247680664,50.205813247680666,8.005813247680663,8.005813247680663,2.0,SOURCE-DERIVED invert; DERIVED DEM ground and cover,DEM-derived rim in repository THD convention,JUNCTION,
N_2178125102_054c9c3,2178125102,11,278540.3000000183,2112185.6000000047,72.89510016445162,19.090622736682516,42.1,21.772520065307617,49.20452006530762,7.104520065307618,7.104520065307618,2.0,SOURCE-DERIVED invert; DERIVED DEM ground and cover,DEM-derived rim in repository THD convention,JUNCTION,
N_2178125102_fbc041d,2178125102!,12,278540.3000000183,2112185.6000000047,72.89510016445162,19.090622736682516,42.1,21.772520065307617,49.20452006530762,7.104520065307618,7.104520065307618,2.0,SOURCE-DERIVED invert; DERIVED DEM ground and cover,DEM-derived rim in repository THD convention,JUNCTION,
N_2178125103_0cc0954,2178125103,11,278569.7000000187,2112171.6000000047,72.89538106028891,19.09049948778429,42.1,24.103647232055664,51.535647232055666,9.435647232055665,9.435647232055665,2.0,SOURCE-DERIVED invert; DERIVED DEM ground and cover,DEM-derived rim in repository THD convention,JUNCTION,
N_2178125103_00ce888,2178125103!,12,278569.7000000187,2112171.6000000047,72.89538106028891,19.09049948778429,42.1,24.103647232055664,51.535647232055666,9.435647232055665,9.435647232055665,2.0,SOURCE-DERIVED invert; DERIVED DEM ground and cover,DEM-derived rim in repository THD convention,JUNCTION,
N_2178130401_6e132d1,2178130401,13,278000.2000000193,2113434.2000000044,72.88982628938383,19.101840672624927,32.183,10.953753471374512,38.385753471374514,6.202753471374514,6.202753471374514,3.771,SOURCE-DERIVED invert; DERIVED DEM ground and cover,DEM-derived rim in repository THD convention,JUNCTION,
N_2178130402_e315915,2178130402,13,278008.4000000183,2113484.200000005,72.88989846591085,19.102293136835307,32.547000000000004,13.00191879272461,40.43391879272461,7.886918792724607,7.886918792724607,2.564,SOURCE-DERIVED invert; DERIVED DEM ground and cover,DEM-derived rim in repository THD convention,JUNCTION,
N_2178130403_7e3d0cf,2178130403,13,278035.9000000191,2113449.0000000056,72.89016376261881,19.101978225164633,32.227000000000004,11.319454193115234,38.75145419311524,6.524454193115233,6.524454193115233,3.771,SOURCE-DERIVED invert; DERIVED DEM ground and cover,DEM-derived rim in repository THD convention,JUNCTION,
N_2178130404_181d078,2178130404,13,278067.3722000193,2113432.2623000047,72.89046468189304,19.10183048638962,32.614000000000004,12.094204902648926,39.52620490264893,6.912204902648924,6.912204902648924,3.058,SOURCE-DERIVED invert; DERIVED DEM ground and cover,DEM-derived rim in repository THD convention,JUNCTION,
N_2178130405_66bac5c,2178130405,13,278073.9555000175,2113418.9686000044,72.89052874902023,19.10171114197903,32.741,13.294794082641602,40.726794082641604,7.985794082641604,7.985794082641604,3.058,SOURCE-DERIVED invert; DERIVED DEM ground and cover,DEM-derived rim in repository THD convention,JUNCTION,
N_2178130406_f8e2edb,2178130406,13,278080.10000001814,2113424.200000004,72.89058652584208,19.10175905789908,32.812000000000005,12.676689147949219,40.10868914794922,7.296689147949216,7.296689147949216,2.546,SOURCE-DERIVED invert; DERIVED DEM ground and cover,DEM-derived rim in repository THD convention,JUNCTION,
N_2178130407_b538b97,2178130407,13,278083.8000000166,2113408.7000000044,72.89062345268638,19.101619473522877,32.863,13.294794082641602,40.726794082641604,7.863794082641604,7.863794082641604,2.735,SOURCE-DERIVED invert; DERIVED DEM ground and cover,DEM-derived rim in repository THD convention,JUNCTION,
N_2178130408_e9488fc,2178130408,13,278099.4000000189,2113439.800000006,72.89076809950049,19.101902049127865,33.031,12.676689147949219,40.10868914794922,7.077689147949222,7.077689147949222,2.482,SOURCE-DERIVED invert; DERIVED DEM ground and cover,DEM-derived rim in repository THD convention,JUNCTION,
N_2178130501_d324718,2178130501,13,278087.13930001855,2113596.0934000043,72.89063371816403,19.103312267187892,34.869,15.356893539428711,42.78889353942871,7.919893539428713,7.919893539428713,2.129,SOURCE-DERIVED invert; DERIVED DEM ground and cover,DEM-derived rim in repository THD convention,JUNCTION,
N_2178130601_18f14ca,2178130601,13,278001.59080001863,2113604.6503000045,72.88981997569783,19.103380233004536,34.300000000000004,14.913263320922852,42.345263320922854,8.04526332092285,8.04526332092285,1.515,SOURCE-DERIVED invert; DERIVED DEM ground and cover,DEM-derived rim in repository THD convention,JUNCTION,
N_2178130602_748ecf5,2178130602,13,278019.826300019,2113615.2445000047,72.8899920102938,19.103477899646105,34.326,15.078821182250977,42.51082118225098,8.184821182250978,8.184821182250978,1.536,SOURCE-DERIVED invert; DERIVED DEM ground and cover,DEM-derived rim in repository THD convention,JUNCTION,
N_2178130603_f65ed23,2178130603,13,278028.5816000182,2113613.9162000054,72.89007534313876,19.103466856643937,34.396,15.078821182250977,42.51082118225098,8.114821182250978,8.114821182250978,1.586,SOURCE-DERIVED invert; DERIVED DEM ground and cover,DEM-derived rim in repository THD convention,JUNCTION,
N_2178130604_6aebf7a,2178130604,13,278040.70150001923,2113610.751400005,72.89019085209058,19.10343959376548,34.502,15.078821182250977,42.51082118225098,8.008821182250976,8.008821182250976,2.102,SOURCE-DERIVED invert; DERIVED DEM ground and cover,DEM-derived rim in repository THD convention,JUNCTION,
N_2178130605_00f2bcd,2178130605,13,278053.89390001853,2113615.9609000045,72.89031559121807,19.103488079459133,34.62,15.480612754821777,42.91261275482178,8.292612754821782,8.292612754821782,2.741,SOURCE-DERIVED invert; DERIVED DEM ground and cover,DEM-derived rim in repository THD convention,JUNCTION,
N_2178130606_3ec74b3,2178130606,13,278059.79590001854,2113619.0830000057,72.89037130623012,19.10351691909988,34.657000000000004,15.480612754821777,42.91261275482178,8.255612754821776,8.255612754821776,2.741,SOURCE-DERIVED invert; DERIVED DEM ground and cover,DEM-derived rim in repository THD convention,JUNCTION,
N_2178130607_32f02c8,2178130607,13,278066.91560001904,2113622.758700006,72.89043852675609,19.103550891104355,34.711,15.480612754821777,42.91261275482178,8.201612754821781,8.201612754821781,2.587,SOURCE-DERIVED invert; DERIVED DEM ground and cover,DEM-derived rim in repository THD convention,JUNCTION,
N_2178130608_6f3a7c4,2178130608,13,278076.5764000184,2113609.880500005,72.89053178523449,19.103435634404658,34.844,15.15073299407959,42.58273299407959,7.738732994079591,7.738732994079591,2.354,SOURCE-DERIVED invert; DERIVED DEM ground and cover,DEM-derived rim in repository THD convention,JUNCTION,
N_2178130609_3bad5f2,2178130609,13,278098.600000018,2113602.7000000044,72.89074184516888,19.103373181879476,34.919000000000004,15.15073299407959,42.58273299407959,7.663732994079588,7.663732994079588,2.46,SOURCE-DERIVED invert; DERIVED DEM ground and cover,DEM-derived rim in repository THD convention,JUNCTION,
N_2178130701_dbcacd0,2178130701,13,278016.52140001865,2113723.1696000057,72.88994824748194,19.104452257006102,34.65,14.457605361938477,41.88960536193848,7.23960536193848,7.23960536193848,2.32,SOURCE-DERIVED invert; DERIVED DEM ground and cover,DEM-derived rim in repository THD convention,JUNCTION,
N_2178130702_b5f026c,2178130702,13,278023.8484000183,2113757.7706000055,72.89001389481908,19.10476555123361,34.872,15.293675422668457,42.72567542266846,7.853675422668459,7.853675422668459,3.127,SOURCE-DERIVED invert; DERIVED DEM ground and cover,DEM-derived rim in repository THD convention,JUNCTION,
N_2178130703_2305ba4,2178130703,13,278023.9008000185,2113765.170600006,72.89001354487085,19.104832389469642,34.904,15.293675422668457,42.72567542266846,7.821675422668456,7.821675422668456,3.095,SOURCE-DERIVED invert; DERIVED DEM ground and cover,DEM-derived rim in repository THD convention,JUNCTION,
N_2178130704_7fb70ca,2178130704,13,278027.8640000188,2113724.516400005,72.8900558554298,19.10446565579829,34.699000000000005,14.58154010772705,42.01354010772705,7.314540107727048,7.314540107727048,2.32,SOURCE-DERIVED invert; DERIVED DEM ground and cover,DEM-derived rim in repository THD convention,JUNCTION,
N_2178130705_7a8a6da,2178130705,13,278028.24790001847,2113773.8394000055,72.89005385217546,19.10491115449453,34.946000000000005,15.293675422668457,42.72567542266846,7.779675422668454,7.779675422668454,3.053,SOURCE-DERIVED invert; DERIVED DEM ground and cover,DEM-derived rim in repository THD convention,JUNCTION,
N_2178130706_cfb6f4f,2178130706,13,278036.3373000183,2113733.5380000058,72.89013532393602,19.10454805644014,34.753,14.58154010772705,42.01354010772705,7.260540107727053,7.260540107727053,3.127,SOURCE-DERIVED invert; DERIVED DEM ground and cover,DEM-derived rim in repository THD convention,JUNCTION,
N_2178130707_648e7d1,2178130707,13,278037.15610001836,2113775.9042000053,72.89013824969214,19.10493077270853,34.986000000000004,15.293675422668457,42.72567542266846,7.739675422668455,7.739675422668455,2.723,SOURCE-DERIVED invert; DERIVED DEM ground and cover,DEM-derived rim in repository THD convention,JUNCTION,
N_2178130708_cfaa95c,2178130708,13,278043.68650001654,2113776.3566000042,72.89020024119218,19.104935569681672,35.014,14.850408554077148,42.28240855407715,7.268408554077148,7.268408554077148,2.695,SOURCE-DERIVED invert; DERIVED DEM ground and cover,DEM-derived rim in repository THD convention,JUNCTION,
N_2178130709_3a526ab,2178130709,13,278050.325800018,2113790.911300005,72.89026165185939,19.105067742345458,35.084,16.0,43.432,8.347999999999999,8.347999999999999,2.515,SOURCE-DERIVED invert; DERIVED DEM ground and cover,DEM-derived rim in repository THD convention,JUNCTION,
N_2178130710_20dcd49,2178130710,13,278058.5021000192,2113795.490600004,72.8903388078886,19.105109990293048,35.124,16.0,43.432,8.308,8.308,2.475,SOURCE-DERIVED invert; DERIVED DEM ground and cover,DEM-derived rim in repository THD convention,JUNCTION,
N_2178130711_065583e,2178130711,13,278080.8189000187,2113796.6934000044,72.89055069545354,19.105123283284012,35.221000000000004,16.040159225463867,43.47215922546387,8.251159225463866,8.251159225463866,2.378,SOURCE-DERIVED invert; DERIVED DEM ground and cover,DEM-derived rim in repository THD convention,JUNCTION,
N_2178130801_8328427,2178130801,13,278082.5000000168,2113814.8000000063,72.89056459319556,19.10528699473559,35.300000000000004,15.7407808303833,43.1727808303833,7.872780830383299,7.872780830383299,2.333,SOURCE-DERIVED invert; DERIVED DEM ground and cover,DEM-derived rim in repository THD convention,JUNCTION,
N_2178130802_4228985,2178130802,13,278086.33830002043,2113829.4460000056,72.89059938228174,19.105419686911667,35.366,15.7407808303833,43.1727808303833,7.806780830383303,7.806780830383303,2.56,SOURCE-DERIVED invert; DERIVED DEM ground and cover,DEM-derived rim in repository THD convention,JUNCTION,
N_2178130803_5c5926a,2178130803,13,278095.16860001883,2113841.1407000045,72.89068193708825,19.10552626815423,35.429,15.7407808303833,43.1727808303833,7.743780830383301,7.743780830383301,2.56,SOURCE-DERIVED invert; DERIVED DEM ground and cover,DEM-derived rim in repository THD convention,JUNCTION,
N_2178131201_722f590,2178131201,13,278174.5402000183,2113297.0334000047,72.89149831235237,19.10062083964353,34.138,13.650464057922363,41.082464057922365,6.944464057922367,6.944464057922367,2.296,SOURCE-DERIVED invert; DERIVED DEM ground and cover,DEM-derived rim in repository THD convention,JUNCTION,
N_2178131202_e8fed4b,2178131202,13,278189.15830001875,2113270.943400005,72.89164017694884,19.100386799967165,34.405,13.650464057922363,41.082464057922365,6.677464057922364,6.677464057922364,2.029,SOURCE-DERIVED invert; DERIVED DEM ground and cover,DEM-derived rim in repository THD convention,JUNCTION,
N_2178131301_a04f5c6,2178131301,13,278105.20000001945,2113387.300000006,72.89082921384603,19.10142853034979,33.121,16.77973175048828,44.21173175048828,11.090731750488281,11.090731750488281,2.277,SOURCE-DERIVED invert; DERIVED DEM ground and cover,DEM-derived rim in repository THD convention,JUNCTION,
N_2178131302_3617d8f,2178131302,13,278125.60000001814,2113365.3000000063,72.89102554273923,19.1012320592033,33.381,16.77973175048828,44.21173175048828,10.830731750488283,10.830731750488283,2.243,SOURCE-DERIVED invert; DERIVED DEM ground and cover,DEM-derived rim in repository THD convention,JUNCTION,
N_2178131303_b42036d,2178131303,13,278140.3110000178,2113344.738100005,72.8911676583216,19.101047956796364,33.604,14.85465145111084,42.28665145111084,8.682651451110843,8.682651451110843,2.408,SOURCE-DERIVED invert; DERIVED DEM ground and cover,DEM-derived rim in repository THD convention,JUNCTION,
N_2178131304_d5a6daa,2178131304,13,278158.3490000187,2113322.7324000057,72.89134154690463,19.100851176696864,33.871,15.079642295837402,42.511642295837405,8.640642295837402,8.640642295837402,2.408,SOURCE-DERIVED invert; DERIVED DEM ground and cover,DEM-derived rim in repository THD convention,JUNCTION,
N_2178131401_f32ba30,2178131401,13,278107.98890001816,2113444.4684000053,72.89084916401214,19.10194514635906,33.117000000000004,13.42891788482666,40.86091788482666,7.743917884826658,7.743917884826658,2.482,SOURCE-DERIVED invert; DERIVED DEM ground and cover,DEM-derived rim in repository THD convention,JUNCTION,
N_2178131402_ac0bc75,2178131402,13,278130.50160001894,2113438.380000006,72.89106374359515,19.10189260972864,33.322,13.42891788482666,40.86091788482666,7.53891788482666,7.53891788482666,2.383,SOURCE-DERIVED invert; DERIVED DEM ground and cover,DEM-derived rim in repository THD convention,JUNCTION,
N_2178131403_beafdc7,2178131403,13,278153.8000000187,2113424.000000005,72.89128673682607,19.10176527330663,33.685,13.4169282913208,40.8489282913208,7.163928291320801,7.163928291320801,2.383,SOURCE-DERIVED invert; DERIVED DEM ground and cover,DEM-derived rim in repository THD convention,JUNCTION,
N_2178131404_14648c2,2178131404,13,278162.20000001835,2113421.6000000047,72.89136681592225,19.10174451197395,33.715,13.4169282913208,40.8489282913208,7.1339282913207995,7.1339282913207995,2.557,SOURCE-DERIVED invert; DERIVED DEM ground and cover,DEM-derived rim in repository THD convention,JUNCTION,
N_2178131405_dae00a1,2178131405,13,278183.2324000183,2113435.4719000044,72.89156504683572,19.1018720837777,33.953,13.404938697814941,40.836938697814944,6.883938697814941,6.883938697814941,2.557,SOURCE-DERIVED invert; DERIVED DEM ground and cover,DEM-derived rim in repository THD convention,JUNCTION,
N_2178131406_7a132f7,2178131406,13,278194.8125000191,2113444.297800006,72.89167405370853,19.101953054329446,34.135000000000005,13.404938697814941,40.836938697814944,6.7019386978149385,6.7019386978149385,2.375,SOURCE-DERIVED invert; DERIVED DEM ground and cover,DEM-derived rim in repository THD convention,JUNCTION,
N_2178131601_aeb4046,2178131601,13,278111.6799000183,2113607.7293000054,72.890865536265,19.10342002750069,34.949000000000005,14.495405197143555,41.92740519714356,6.978405197143552,6.978405197143552,2.46,SOURCE-DERIVED invert; DERIVED DEM ground and cover,DEM-derived rim in repository THD convention,JUNCTION,
N_2178131602_7ffbce1,2178131602,13,278120.94880001957,2113620.287700004,72.8909521584696,19.103534456754403,34.982,14.495405197143555,41.92740519714356,6.9454051971435575,6.9454051971435575,2.524,SOURCE-DERIVED invert; DERIVED DEM ground and cover,DEM-derived rim in repository THD convention,JUNCTION,
N_2178131603_94c6628,2178131603,13,278125.42260001897,2113626.182800005,72.8909939873214,19.10358818491091,35.065000000000005,14.495405197143555,41.92740519714356,6.862405197143552,6.862405197143552,2.524,SOURCE-DERIVED invert; DERIVED DEM ground and cover,DEM-derived rim in repository THD convention,JUNCTION,
N_2178131604_9da7595,2178131604,13,278146.12260001834,2113619.407300004,72.89119142594792,19.103529245531334,35.308,15.146049499511719,42.57804949951172,7.270049499511721,7.270049499511721,1.606,SOURCE-DERIVED invert; DERIVED DEM ground and cover,DEM-derived rim in repository THD convention,JUNCTION,
N_2178131605_d56dbf1,2178131605,13,278170.82750001876,2113610.270000004,72.89142718385544,19.103449411332402,35.432,16.057151794433594,43.489151794433596,8.057151794433594,8.057151794433594,1.571,SOURCE-DERIVED invert; DERIVED DEM ground and cover,DEM-derived rim in repository THD convention,JUNCTION,
N_2178131606_18baa04,2178131606,13,278185.1150000186,2113604.2082000053,72.89156361782334,19.103396219398128,35.446000000000005,16.057151794433594,43.489151794433596,8.04315179443359,8.04315179443359,1.44,SOURCE-DERIVED invert; DERIVED DEM ground and cover,DEM-derived rim in repository THD convention,JUNCTION,
N_2178131607_4ed066c,2178131607,13,278192.0696000183,2113623.6594000044,72.89162746422913,19.10357264840084,35.477000000000004,16.057151794433594,43.489151794433596,8.012151794433592,8.012151794433592,1.44,SOURCE-DERIVED invert; DERIVED DEM ground and cover,DEM-derived rim in repository THD convention,JUNCTION,
N_2178131608_8b5a44d,2178131608,13,278198.1000000177,2113643.4000000055,72.89168249713921,19.10375159052162,35.694,16.5043888092041,43.936388809204104,8.242388809204101,8.242388809204101,1.508,SOURCE-DERIVED invert; DERIVED DEM ground and cover,DEM-derived rim in repository THD convention,JUNCTION,
N_2178131801_ea25dbc,2178131801,13,278106.52840001835,2113850.776400005,72.8907887599255,19.105614529053028,35.494,15.415943145751953,42.847943145751955,7.3539431457519555,7.3539431457519555,2.505,SOURCE-DERIVED invert; DERIVED DEM ground and cover,DEM-derived rim in repository THD convention,JUNCTION,
N_2178131802_8c917be,2178131802,13,278121.7168000187,2113856.166000004,72.89093244368591,19.10566485835767,35.564,15.415943145751953,42.847943145751955,7.283943145751955,7.283943145751955,2.435,SOURCE-DERIVED invert; DERIVED DEM ground and cover,DEM-derived rim in repository THD convention,JUNCTION,
N_2178131803_b1f1e50,2178131803,13,278139.0989000165,2113861.789600005,72.8910969425284,19.105717539710728,35.643,15.053489685058594,42.485489685058596,6.842489685058595,6.842489685058595,2.093,SOURCE-DERIVED invert; DERIVED DEM ground and cover,DEM-derived rim in repository THD convention,JUNCTION,
N_2178131804_297ab5f,2178131804,13,278148.1841000194,2113866.1093000052,72.89118276404606,19.10575754173108,35.654,15.053489685058594,42.485489685058596,6.831489685058592,6.831489685058592,2.082,SOURCE-DERIVED invert; DERIVED DEM ground and cover,DEM-derived rim in repository THD convention,JUNCTION,
N_2178131805_d3e12ff,2178131805,13,278170.6708000187,2113882.9044000055,72.89139448150486,19.105911673091438,35.726,16.42884635925293,43.86084635925293,8.134846359252933,8.134846359252933,1.898,SOURCE-DERIVED invert; DERIVED DEM ground and cover,DEM-derived rim in repository THD convention,JUNCTION,
N_2178131806_520c96c,2178131806,13,278174.08070001844,2113884.9096000055,72.89142664854735,19.105930154051098,35.736000000000004,16.42884635925293,43.86084635925293,8.124846359252928,8.124846359252928,1.888,SOURCE-DERIVED invert; DERIVED DEM ground and cover,DEM-derived rim in repository THD convention,JUNCTION,
N_2178131902_06a940a,2178131902,13,278199.300000018,2113900.2000000044,72.8916645005276,19.106070992963126,35.944,16.661895751953125,44.09389575195313,8.149895751953125,8.149895751953125,1.768,SOURCE-DERIVED invert; DERIVED DEM ground and cover,DEM-derived rim in repository THD convention,JUNCTION,
N_2178132001_03e9cfa,2178132001,13,278287.93990001874,2113085.531000004,72.89259985584518,19.09872300336006,36.29,21.410612106323242,48.842612106323244,12.552612106323245,12.552612106323245,2.152,SOURCE-DERIVED invert; DERIVED DEM ground and cover,DEM-derived rim in repository THD convention,JUNCTION,
N_2178132101_62e4040,2178132101,13,278232.0000000184,2113191.200000004,72.89205631668,19.0996712629514,35.209,16.53841209411621,43.97041209411621,8.76141209411621,8.76141209411621,1.95,SOURCE-DERIVED invert; DERIVED DEM ground and cover,DEM-derived rim in repository THD convention,JUNCTION,
N_2178132102_d07ddd8,2178132102,13,278244.97000001813,2113165.051800005,72.89218252864764,19.099436517783513,35.478,13.0,40.432,4.954000000000001,4.954000000000001,2.271,SOURCE-DERIVED invert; DERIVED DEM ground and cover,DEM-derived rim in repository THD convention,JUNCTION,
N_2178132103_f5eb89f,2178132103,13,278259.7333000192,2113138.673200005,72.89232580362135,19.099199886679532,35.747,16.23685646057129,43.66885646057129,7.921856460571291,7.921856460571291,2.303,SOURCE-DERIVED invert; DERIVED DEM ground and cover,DEM-derived rim in repository THD convention,JUNCTION,
N_2178132104_ee133c0,2178132104,13,278274.13730001776,2113112.2271000054,72.8924656724033,19.098962606723564,36.016,20.096641540527344,47.528641540527346,11.512641540527348,11.512641540527348,2.303,SOURCE-DERIVED invert; DERIVED DEM ground and cover,DEM-derived rim in repository THD convention,JUNCTION,
N_2178132201_b572730,2178132201,13,278202.8628000192,2113244.707200005,72.89177337826074,19.100151340350504,34.674,16.91603660583496,44.34803660583496,9.674036605834964,9.674036605834964,1.82,SOURCE-DERIVED invert; DERIVED DEM ground and cover,DEM-derived rim in repository THD convention,JUNCTION,
N_2178132202_72f17b4,2178132202,13,278217.623900018,2113217.624600006,72.89191671416519,19.099908351325016,34.942,18.765092849731445,46.19709284973145,11.255092849731447,11.255092849731447,1.789,SOURCE-DERIVED invert; DERIVED DEM ground and cover,DEM-derived rim in repository THD convention,JUNCTION,
N_2178132401_56e0479,2178132401,13,278205.0000000198,2113449.000000005,72.891770302208,19.101996630378217,34.226,14.330402374267578,41.76240237426758,7.536402374267581,7.536402374267581,2.509,SOURCE-DERIVED invert; DERIVED DEM ground and cover,DEM-derived rim in repository THD convention,JUNCTION,
N_2178132402_18f6994,2178132402,13,278210.13610001863,2113449.7942000045,72.89181900701227,19.10200436195014,34.29,14.993369102478027,42.42536910247803,8.13536910247803,8.13536910247803,2.509,SOURCE-DERIVED invert; DERIVED DEM ground and cover,DEM-derived rim in repository THD convention,JUNCTION,
N_2178132403_e67adf6,2178132403,13,278220.3000000186,2113440.2000000044,72.89191666751067,19.101918818329622,34.462,14.330402374267578,41.76240237426758,7.300402374267577,7.300402374267577,1.936,SOURCE-DERIVED invert; DERIVED DEM ground and cover,DEM-derived rim in repository THD convention,JUNCTION,
N_2178132404_3f81905,2178132404,13,278230.30000001803,2113436.4000000055,72.89201210769647,19.101885586771353,34.479,15.0,42.432,7.953000000000003,7.953000000000003,2.108,SOURCE-DERIVED invert; DERIVED DEM ground and cover,DEM-derived rim in repository THD convention,JUNCTION,
N_2178132405_32b57ec,2178132405,13,278240.5000000184,2113442.9000000064,72.89210826929468,19.10194540072717,34.49,15.0,42.432,7.942,7.942,2.108,SOURCE-DERIVED invert; DERIVED DEM ground and cover,DEM-derived rim in repository THD convention,JUNCTION,
N_2178132406_45cb11d,2178132406,13,278251.2000000188,2113457.7000000044,72.89220823147781,19.10208022996676,34.501000000000005,15.607959747314453,43.039959747314455,8.53895974731445,8.53895974731445,2.047,SOURCE-DERIVED invert; DERIVED DEM ground and cover,DEM-derived rim in repository THD convention,JUNCTION,
N_2178132407_c85aee6,2178132407,13,278261.8000000187,2113469.8000000063,72.89230755270744,19.10219066340357,34.691,15.216139793395996,42.648139793396,7.957139793395996,7.957139793395996,2.047,SOURCE-DERIVED invert; DERIVED DEM ground and cover,DEM-derived rim in repository THD convention,JUNCTION,
N_2178132408_8bd91a3,2178132408,13,278277.0000000185,2113484.700000004,72.89245025625972,19.102326885163926,34.943000000000005,14.752300262451172,42.184300262451174,7.241300262451169,7.241300262451169,1.755,SOURCE-DERIVED invert; DERIVED DEM ground and cover,DEM-derived rim in repository THD convention,JUNCTION,
N_2178132601_6f40a42,2178132601,13,278208.04480001866,2113641.6987000047,72.89177717379212,19.10373730746113,35.757000000000005,16.5043888092041,43.936388809204104,8.179388809204099,8.179388809204099,1.553,SOURCE-DERIVED invert; DERIVED DEM ground and cover,DEM-derived rim in repository THD convention,JUNCTION,
N_2178132602_45857d6,2178132602,13,278222.33240001905,2113639.5077000046,72.89191316583842,19.103719074170357,35.768,16.5043888092041,43.936388809204104,8.168388809204103,8.168388809204103,1.553,SOURCE-DERIVED invert; DERIVED DEM ground and cover,DEM-derived rim in repository THD convention,JUNCTION,
N_2178132603_7a5fff0,2178132603,13,278226.3189000188,2113654.958300005,72.89194927173824,19.1038590490013,35.804,16.0,43.432,7.628,7.628,1.528,SOURCE-DERIVED invert; DERIVED DEM ground and cover,DEM-derived rim in repository THD convention,JUNCTION,
N_2178132604_00eea72,2178132604,13,278233.01160001784,2113674.799100006,72.89201058588162,19.104038968070817,35.925000000000004,16.5303955078125,43.9623955078125,8.037395507812498,8.037395507812498,1.528,SOURCE-DERIVED invert; DERIVED DEM ground and cover,DEM-derived rim in repository THD convention,JUNCTION,
N_2178132605_14de3ae,2178132605,13,278236.6199000183,2113685.486300006,72.89204364393272,19.104135881405853,35.973,16.5303955078125,43.9623955078125,7.989395507812503,7.989395507812503,1.48,SOURCE-DERIVED invert; DERIVED DEM ground and cover,DEM-derived rim in repository THD convention,JUNCTION,
N_2178132606_2622d1b,2178132606,13,278264.500000019,2113678.600000004,72.89230931132565,19.104076721341627,36.032000000000004,17.106040954589844,44.538040954589846,8.506040954589842,8.506040954589842,1.266,SOURCE-DERIVED invert; DERIVED DEM ground and cover,DEM-derived rim in repository THD convention,JUNCTION,
N_2178132607_2d9ccd8,2178132607,13,278294.1777000188,2113673.891300005,72.89259180778437,19.104037423260863,36.09,17.554378509521484,44.98637850952149,8.896378509521483,8.896378509521483,1.283,SOURCE-DERIVED invert; DERIVED DEM ground and cover,DEM-derived rim in repository THD convention,JUNCTION,
N_2178132901_395c83d,2178132901,13,278226.8000000189,2113914.1000000043,72.8919241805128,19.106199522478033,36.075,16.558250427246094,43.990250427246096,7.915250427246093,7.915250427246093,1.57,SOURCE-DERIVED invert; DERIVED DEM ground and cover,DEM-derived rim in repository THD convention,JUNCTION,
N_2178132902_d9b7737,2178132902,13,278244.5000000183,2113937.300000006,72.89208968873281,19.106410977699856,36.22,16.4306697845459,43.8626697845459,7.642669784545902,7.642669784545902,1.57,SOURCE-DERIVED invert; DERIVED DEM ground and cover,DEM-derived rim in repository THD convention,JUNCTION,
N_2178132903_294e6b3,2178132903,13,278256.0000000206,2113952.300000006,72.89219723094752,19.106547700474664,36.453,16.4306697845459,43.8626697845459,7.409669784545898,7.409669784545898,1.704,SOURCE-DERIVED invert; DERIVED DEM ground and cover,DEM-derived rim in repository THD convention,JUNCTION,
N_2178132904_158e338,2178132904,13,278258.80000002,2113963.5000000047,72.8922225512616,19.106649157183973,36.596000000000004,17.7952880859375,45.2272880859375,8.631288085937499,8.631288085937499,1.861,SOURCE-DERIVED invert; DERIVED DEM ground and cover,DEM-derived rim in repository THD convention,JUNCTION,
N_2178132905_0c5ed3b,2178132905,13,278262.8000000182,2113982.700000004,72.8922583569207,19.106822995926258,36.737,18.882572174072266,46.31457217407227,9.577572174072266,9.577572174072266,1.861,SOURCE-DERIVED invert; DERIVED DEM ground and cover,DEM-derived rim in repository THD convention,JUNCTION,
N_2178133001_634aa4f,2178133001,13,278308.1556000198,2113063.752300005,72.89279440308782,19.09852850838308,36.655,24.207820892333984,51.63982089233399,14.984820892333985,14.984820892333985,2.059,SOURCE-DERIVED invert; DERIVED DEM ground and cover,DEM-derived rim in repository THD convention,JUNCTION,
N_2178133002_91fc2fa,2178133002,13,278316.800000018,2113037.500000004,72.89287953030302,19.098292352035998,36.911,16.935285568237305,44.36728556823731,7.4562855682373055,7.4562855682373055,2.256,SOURCE-DERIVED invert; DERIVED DEM ground and cover,DEM-derived rim in repository THD convention,JUNCTION,
N_2178133003_b07e8ff,2178133003,13,278332.88330001675,2113016.3865000047,72.89303474149659,19.098103415147115,37.522,19.355112075805664,46.787112075805666,9.265112075805668,9.265112075805668,2.258,SOURCE-DERIVED invert; DERIVED DEM ground and cover,DEM-derived rim in repository THD convention,JUNCTION,
N_2178133601_bf4676a,2178133601,13,278302.8319000179,2113672.8375000055,72.8926741489425,19.104028847225692,36.108000000000004,17.554378509521484,44.98637850952149,8.878378509521482,8.878378509521482,1.321,SOURCE-DERIVED invert; DERIVED DEM ground and cover,DEM-derived rim in repository THD convention,JUNCTION,
N_2178133602_17291ab,2178133602,13,278312.1731000168,2113692.1374000045,72.89276068834305,19.104204169083467,36.173,17.554378509521484,44.98637850952149,8.813378509521485,8.813378509521485,1.432,SOURCE-DERIVED invert; DERIVED DEM ground and cover,DEM-derived rim in repository THD convention,JUNCTION,
N_2178133701_57133a4,2178133701,13,278324.6854000178,2113719.6318000047,72.8928764179981,19.10445384393061,36.265,18.146268844604492,45.578268844604494,9.313268844604494,9.313268844604494,1.523,SOURCE-DERIVED invert; DERIVED DEM ground and cover,DEM-derived rim in repository THD convention,JUNCTION,
N_2178133702_8a05632,2178133702,13,278331.70120001875,2113749.108600005,72.8929397005886,19.104720824892787,36.361000000000004,17.434715270996094,44.866715270996096,8.505715270996092,8.505715270996092,2.403,SOURCE-DERIVED invert; DERIVED DEM ground and cover,DEM-derived rim in repository THD convention,JUNCTION,
N_2178133703_1843859,2178133703,13,278337.1766000191,2113765.8309000046,72.89298980761589,19.104872446817964,36.416000000000004,17.01413345336914,44.44613345336914,8.030133453369139,8.030133453369139,2.403,SOURCE-DERIVED invert; DERIVED DEM ground and cover,DEM-derived rim in repository THD convention,JUNCTION,
N_2178133704_12726c9,2178133704,13,278339.63540001935,2113769.2140000043,72.89301278091673,19.10490326848554,36.474000000000004,17.01413345336914,44.44613345336914,7.972133453369139,7.972133453369139,2.275,SOURCE-DERIVED invert; DERIVED DEM ground and cover,DEM-derived rim in repository THD convention,JUNCTION,
N_2178133705_fc4d95e,2178133705,13,278344.7617000181,2113771.8856000053,72.89306117876805,19.104927954374137,36.508,17.01413345336914,44.44613345336914,7.93813345336914,7.93813345336914,2.149,SOURCE-DERIVED invert; DERIVED DEM ground and cover,DEM-derived rim in repository THD convention,JUNCTION,
N_2178133706_307ef28,2178133706,13,278373.9190000186,2113768.191900005,72.89333861636881,19.104897765591428,36.771,17.0318603515625,44.4638603515625,7.692860351562501,7.692860351562501,1.696,SOURCE-DERIVED invert; DERIVED DEM ground and cover,DEM-derived rim in repository THD convention,JUNCTION,
N_2178133707_1f3294a,2178133707,13,278391.15350001806,2113767.5710000056,72.89350242738993,19.10489403190213,36.898,17.0,44.432,7.533999999999999,7.533999999999999,1.669,SOURCE-DERIVED invert; DERIVED DEM ground and cover,DEM-derived rim in repository THD convention,JUNCTION,
N_2178133708_3bdf916,2178133708,13,278398.04860001843,2113781.0770000047,72.89356639101638,19.105016760251356,37.043,17.0,44.432,7.389000000000003,7.389000000000003,1.743,SOURCE-DERIVED invert; DERIVED DEM ground and cover,DEM-derived rim in repository THD convention,JUNCTION,
N_2178134801_4e89c82,2178134801,13,278409.11910001806,2113808.4561000047,72.893668437401,19.105265236662703,37.402,19.064098358154297,46.4960983581543,9.094098358154298,9.094098358154298,1.743,SOURCE-DERIVED invert; DERIVED DEM ground and cover,DEM-derived rim in repository THD convention,JUNCTION,
N_2178134802_09214ec,2178134802,13,278424.0559000188,2113835.6123000043,72.89380724229284,19.105512120259775,37.742000000000004,19.0,46.432,8.689999999999998,8.689999999999998,1.835,SOURCE-DERIVED invert; DERIVED DEM ground and cover,DEM-derived rim in repository THD convention,JUNCTION,
N_2178134803_66d061d,2178134803,13,278434.533500019,2113843.7132000043,72.89390586092748,19.105586422136167,37.743,19.0,46.432,8.689,8.689,1.965,SOURCE-DERIVED invert; DERIVED DEM ground and cover,DEM-derived rim in repository THD convention,JUNCTION,
N_2178134804_6f3e340,2178134804,13,278439.89480001695,2113845.423900006,72.89395660168726,19.105602455050587,37.744,19.5478572845459,46.9798572845459,9.2358572845459,9.2358572845459,1.965,SOURCE-DERIVED invert; DERIVED DEM ground and cover,DEM-derived rim in repository THD convention,JUNCTION,
N_2178134805_eb2ef24,2178134805,13,278449.100000018,2113842.000000005,72.89404444956449,19.105572532939558,37.949000000000005,19.0,46.432,8.482999999999997,8.482999999999997,1.755,SOURCE-DERIVED invert; DERIVED DEM ground and cover,DEM-derived rim in repository THD convention,JUNCTION,
N_2178134806_3d51710,2178134806,13,278457.30000001856,2113837.500000005,72.89412287030689,19.105532782780458,38.037,19.0,46.432,8.395000000000003,8.395000000000003,1.98,SOURCE-DERIVED invert; DERIVED DEM ground and cover,DEM-derived rim in repository THD convention,JUNCTION,
N_2178134807_a97d7d2,2178134807,13,278469.8000000165,2113854.600000005,72.89423967447105,19.1056885792161,38.337,19.467613220214844,46.899613220214846,8.562613220214843,8.562613220214843,1.986,SOURCE-DERIVED invert; DERIVED DEM ground and cover,DEM-derived rim in repository THD convention,JUNCTION,
N_2178134808_a19b0da,2178134808,13,278473.4000000198,2113857.3000000054,72.89427356849363,19.10571335541635,38.410000000000004,19.467613220214844,46.899613220214846,8.489613220214842,8.489613220214842,1.986,SOURCE-DERIVED invert; DERIVED DEM ground and cover,DEM-derived rim in repository THD convention,JUNCTION,
N_2178134809_50e5d42,2178134809,15,278486.70000001846,2113870.500000005,72.89439841943968,19.105834016083456,38.688,19.467613220214844,46.899613220214846,8.211613220214844,8.211613220214844,2.042,SOURCE-DERIVED invert; DERIVED DEM ground and cover,DEM-derived rim in repository THD convention,PILOT_BOUNDARY_ASSUMPTION,PILOT_BOUNDARY; source-directed terminal; physical receiving water unverified
N_2178135403_c4ee85a,2178135403,16,278553.9000000189,2113485.6000000043,72.89508086047174,19.102365112436683,38.7,20.0,47.432,8.732,8.732,1.695,SOURCE-DERIVED invert; DERIVED DEM ground and cover,DEM-derived rim in repository THD convention,PILOT_BOUNDARY_ASSUMPTION,PILOT_BOUNDARY; source-directed terminal; physical receiving water unverified
N_2178135801_fc678c2,2178135801,15,278536.9000000191,2113882.600000005,72.89487397506261,19.105948752060613,39.056000000000004,20.318979263305664,47.750979263305666,8.694979263305662,8.694979263305662,2.042,SOURCE-DERIVED invert; DERIVED DEM ground and cover,DEM-derived rim in repository THD convention,JUNCTION,
N_2178135802_f7537e2,2178135802,15,278563.6000000179,2113883.7000000044,72.89512752018442,19.10596158776592,39.246,20.584747314453125,48.01674731445313,8.770747314453125,8.770747314453125,2.028,SOURCE-DERIVED invert; DERIVED DEM ground and cover,DEM-derived rim in repository THD convention,JUNCTION,
N_2178135803_fce4cc0,2178135803,15,278591.10000001825,2113868.4000000055,72.89539054021428,19.105826394202616,39.47,19.59815788269043,47.03015788269043,7.560157882690433,7.560157882690433,2.028,SOURCE-DERIVED invert; DERIVED DEM ground and cover,DEM-derived rim in repository THD convention,JUNCTION,
N_2178136401_754309d,2178136401,16,278610.8441000193,2113490.2647000044,72.89562132943836,19.102413426638524,39.203,18.259241104125977,45.69124110412598,6.488241104125976,6.488241104125976,1.753,SOURCE-DERIVED invert; DERIVED DEM ground and cover,DEM-derived rim in repository THD convention,JUNCTION,
N_2178136402_4bd3466,2178136402,16,278647.90000001935,2113489.4000000055,72.89597348089531,19.102409641233596,39.265,18.491586685180664,45.923586685180666,6.658586685180666,6.658586685180666,1.847,SOURCE-DERIVED invert; DERIVED DEM ground and cover,DEM-derived rim in repository THD convention,JUNCTION,
N_2178136403_95bb3a8,2178136403,16,278654.70000001893,2113497.000000005,72.89603721677487,19.102479018707008,39.281,20.235260009765625,47.66726000976563,8.386260009765628,8.386260009765628,1.909,SOURCE-DERIVED invert; DERIVED DEM ground and cover,DEM-derived rim in repository THD convention,JUNCTION,
N_2178136404_52f1ff2,2178136404,16,278666.60000001814,2113496.200000005,72.89615036516187,19.102473085645176,39.299,20.235260009765625,47.66726000976563,8.368260009765628,8.368260009765628,1.986,SOURCE-DERIVED invert; DERIVED DEM ground and cover,DEM-derived rim in repository THD convention,JUNCTION,
N_2178136501_73e6872,2178136501,16,278675.00000001874,2113528.3000000054,72.89622650384203,19.102763907584595,39.352000000000004,20.753662109375,48.185662109375,8.833662109374998,8.833662109374998,2.011,SOURCE-DERIVED invert; DERIVED DEM ground and cover,DEM-derived rim in repository THD convention,JUNCTION,
N_2178136502_cdf2758,2178136502,16,278682.70000001846,2113562.900000006,72.89629570676838,19.10307723216139,39.407000000000004,21.5736083984375,49.0056083984375,9.598608398437499,9.598608398437499,2.03,SOURCE-DERIVED invert; DERIVED DEM ground and cover,DEM-derived rim in repository THD convention,JUNCTION,
N_2178136503_97e1402,2178136503,16,278695.3000000176,2113599.200000004,72.89641126889167,19.103406442205777,39.468,23.65440559387207,51.08640559387207,11.618405593872069,11.618405593872069,2.08,SOURCE-DERIVED invert; DERIVED DEM ground and cover,DEM-derived rim in repository THD convention,JUNCTION,
N_2178136801_2d17868,2178136801,15,278656.0000000178,2113869.1000000043,72.8960070607456,19.105839765600706,39.931000000000004,17.840984344482422,45.272984344482424,5.3419843444824195,5.3419843444824195,1.867,SOURCE-DERIVED invert; DERIVED DEM ground and cover,DEM-derived rim in repository THD convention,JUNCTION,
N_2178137601_dedf1b3,2178137601,16,278702.8000000172,2113630.400000005,72.89647896048587,19.103689038068598,39.518,22.52745819091797,49.95945819091797,10.44145819091797,10.44145819091797,2.08,SOURCE-DERIVED invert; DERIVED DEM ground and cover,DEM-derived rim in repository THD convention,JUNCTION,
N_2178137603_2aa84df,2178137603,15,278728.0000000177,2113678.7000000044,72.89671286149184,19.104127993459386,39.7,18.833236694335938,46.26523669433594,6.565236694335937,6.565236694335937,2.0,SOURCE-DERIVED invert; DERIVED DEM ground and cover,DEM-derived rim in repository THD convention,PILOT_BOUNDARY_ASSUMPTION,PILOT_BOUNDARY; source-directed terminal; physical receiving water unverified
N_2178137801_08ba9c4,2178137801,15,278754.8000000176,2113868.1000000047,72.89694585238234,19.105841461748152,40.514,18.020366668701172,45.452366668701174,4.938366668701171,4.938366668701171,2.0,SOURCE-DERIVED invert; DERIVED DEM ground and cover,DEM-derived rim in repository THD convention,JUNCTION,
N_2178138601_476f250,2178138601,15,278882.2000000187,2113635.7000000044,72.89818277524647,19.103756373935443,41.726,19.0,46.432,4.706000000000003,4.706000000000003,2.0,SOURCE-DERIVED invert; DERIVED DEM ground and cover,DEM-derived rim in repository THD convention,JUNCTION,
N_2178139601_289c84b,2178139601,15,278979.5000000185,2113605.300000006,72.89911065878283,19.103492369783083,42.5,21.24193572998047,48.67393572998047,6.173935729980471,6.173935729980471,2.0,SOURCE-DERIVED invert; DERIVED DEM ground and cover,DEM-derived rim in repository THD convention,JUNCTION,
N_2178142101_f782355,2178142101,17,278263.60140001844,2114152.8182000048,72.89224649884879,19.1083594942853,37.901,18.767486572265625,46.19948657226563,8.298486572265624,8.298486572265624,2.857,SOURCE-DERIVED invert; DERIVED DEM ground and cover,DEM-derived rim in repository THD convention,JUNCTION,
N_2178142102_53b816a,2178142102,17,278268.6071000177,2114181.4988000053,72.89229077457087,19.10861906585944,38.062000000000005,18.474735260009766,45.90673526000977,7.844735260009763,7.844735260009763,2.857,SOURCE-DERIVED invert; DERIVED DEM ground and cover,DEM-derived rim in repository THD convention,JUNCTION,
N_2178142104_fff4fcd,2178142104,17,278285.10000001756,2114132.200000005,72.89245311480984,19.108175621550593,37.736000000000004,18.765642166137695,46.1976421661377,8.461642166137693,8.461642166137693,1.648,SOURCE-DERIVED invert; DERIVED DEM ground and cover,DEM-derived rim in repository THD convention,PILOT_BOUNDARY_ASSUMPTION,PILOT_BOUNDARY; source-directed terminal; physical receiving water unverified
N_2178142201_2256636,2178142201,17,278279.6307000199,2114206.523600006,72.89239264449934,19.108846275112086,38.214,18.474735260009766,45.90673526000977,7.692735260009769,7.692735260009769,1.615,SOURCE-DERIVED invert; DERIVED DEM ground and cover,DEM-derived rim in repository THD convention,JUNCTION,
N_2178142202_5eaa46a,2178142202,17,278280.8898000199,2114214.3728000047,72.89240370868515,19.10891730163212,38.309000000000005,19.130149841308594,46.562149841308596,8.253149841308591,8.253149841308591,1.589,SOURCE-DERIVED invert; DERIVED DEM ground and cover,DEM-derived rim in repository THD convention,JUNCTION,
N_2178142203_3c3a61e,2178142203,17,278285.66930001834,2114239.514800004,72.89244624063194,19.109144889951697,38.616,19.130149841308594,46.562149841308596,7.946149841308596,7.946149841308596,1.549,SOURCE-DERIVED invert; DERIVED DEM ground and cover,DEM-derived rim in repository THD convention,JUNCTION,
N_2178142204_b90abad,2178142204,17,278293.8664000181,2114268.4141000058,72.89252081309053,19.109406783916622,38.909,20.0,47.432,8.523000000000003,8.523000000000003,1.5,SOURCE-DERIVED invert; DERIVED DEM ground and cover,DEM-derived rim in repository THD convention,JUNCTION,
N_2178143001_58242ba,2178143001,18,278324.3000000185,2114058.1000000043,72.89283402926364,19.107510656677697,37.437000000000005,17.743453979492188,45.17545397949219,7.738453979492185,7.738453979492185,2.313,SOURCE-DERIVED invert; DERIVED DEM ground and cover,DEM-derived rim in repository THD convention,PILOT_BOUNDARY_ASSUMPTION,PILOT_BOUNDARY; source-directed terminal; physical receiving water unverified
N_2178143002_94f892f,2178143002,18,278342.4159000187,2114051.281900005,72.8930069259712,19.107451049928464,37.489000000000004,18.924419403076172,46.356419403076174,8.86741940307617,8.86741940307617,2.313,SOURCE-DERIVED invert; DERIVED DEM ground and cover,DEM-derived rim in repository THD convention,JUNCTION,
N_2178143003_8acb50e,2178143003,18,278349.20000001823,2114049.200000004,72.89307161892174,19.107432985251208,37.542,18.160064697265625,45.59206469726563,8.050064697265626,8.050064697265626,2.26,SOURCE-DERIVED invert; DERIVED DEM ground and cover,DEM-derived rim in repository THD convention,JUNCTION,
N_2178143201_1ba1200,2178143201,17,278303.6566000185,2114295.8472000062,72.89261068956753,19.109655609308398,39.114000000000004,19.667232513427734,47.09923251342774,7.985232513427732,7.985232513427732,1.5,SOURCE-DERIVED invert; DERIVED DEM ground and cover,DEM-derived rim in repository THD convention,JUNCTION,
N_2178143301_1b59689,2178143301,17,278317.30120001826,2114323.603700006,72.8927371498914,19.109907774781348,39.32,19.58763313293457,47.01963313293457,7.699633132934572,7.699633132934572,1.294,SOURCE-DERIVED invert; DERIVED DEM ground and cover,DEM-derived rim in repository THD convention,JUNCTION,
N_2178143302_38c358e,2178143302,17,278327.7015000187,2114352.039800005,72.89283270866942,19.110165725013417,39.497,19.96587371826172,47.39787371826172,7.900873718261721,7.900873718261721,1.038,SOURCE-DERIVED invert; DERIVED DEM ground and cover,DEM-derived rim in repository THD convention,JUNCTION,
N_2178143303_6328d44,2178143303,17,278335.34310001845,2114381.6817000057,72.89290191923581,19.11043426520796,39.595,21.574377059936523,49.006377059936526,9.411377059936527,9.411377059936527,0.954,SOURCE-DERIVED invert; DERIVED DEM ground and cover,DEM-derived rim in repository THD convention,JUNCTION,
N_2178143401_141c24f,2178143401,17,278347.7522000187,2114407.326400006,72.89301688363156,19.110667223573945,39.612,30.980510711669922,58.412510711669924,18.800510711669922,18.800510711669922,1.061,SOURCE-DERIVED invert; DERIVED DEM ground and cover,DEM-derived rim in repository THD convention,JUNCTION,
N_2178143402_228b9aa,2178143402,17,278359.9000000188,2114434.6000000047,72.89312917929341,19.110914864773996,39.658,35.50164794921875,62.93364794921875,23.27564794921875,23.27564794921875,1.061,SOURCE-DERIVED invert; DERIVED DEM ground and cover,DEM-derived rim in repository THD convention,JUNCTION,
N_2178146205_d4a0388,2178146205,15,278678.3000000202,2114217.3000000054,72.89617914751244,19.10898694044336,40.052,20.135494232177734,47.56749423217774,7.515494232177737,7.515494232177737,2.114,SOURCE-DERIVED invert; DERIVED DEM ground and cover,DEM-derived rim in repository THD convention,PILOT_BOUNDARY_ASSUMPTION,PILOT_BOUNDARY; source-directed terminal; physical receiving water unverified
N_2178146206_0e6d2f5,2178146206,15,278686.4000000189,2114233.900000006,72.89625420868302,19.109137742335317,40.184000000000005,20.021713256835938,47.45371325683594,7.269713256835935,7.269713256835935,2.421,SOURCE-DERIVED invert; DERIVED DEM ground and cover,DEM-derived rim in repository THD convention,JUNCTION,
N_2178146207_4cbc338,2178146207,15,278692.4000000181,2114245.400000005,72.89630990060944,19.109242255713276,40.277,21.0,48.432,8.155000000000001,8.155000000000001,2.635,SOURCE-DERIVED invert; DERIVED DEM ground and cover,DEM-derived rim in repository THD convention,JUNCTION,
N_2178146208_5a5eaa4,2178146208,15,278695.0000000182,2114279.7000000044,72.89633068430237,19.109552317001686,40.525,27.35309410095215,54.78509410095215,14.260094100952152,14.260094100952152,2.873,SOURCE-DERIVED invert; DERIVED DEM ground and cover,DEM-derived rim in repository THD convention,JUNCTION,
N_2178146209_fe6dad8,2178146209,15,278695.4397000184,2114257.0757000046,72.8963374467668,19.109348034404455,40.363,21.0,48.432,8.069000000000003,8.069000000000003,2.873,SOURCE-DERIVED invert; DERIVED DEM ground and cover,DEM-derived rim in repository THD convention,JUNCTION,
N_2178147001_2634e64,2178147001,15,278769.68750001676,2114045.427600005,72.89706704560986,19.10744460532846,41.271,50.953086853027344,78.38508685302735,37.114086853027345,37.114086853027345,2.0,SOURCE-DERIVED invert; DERIVED DEM ground and cover,DEM-derived rim in repository THD convention,JUNCTION,
N_2178147201_b208a27,2178147201,15,278720.20000001893,2114270.6000000047,72.89657114897042,19.109472867483564,41.117000000000004,25.695615768432617,53.12761576843262,12.010615768432615,12.010615768432615,2.481,SOURCE-DERIVED invert; DERIVED DEM ground and cover,DEM-derived rim in repository THD convention,JUNCTION,
N_2178147202_cd67ca9,2178147202,15,278738.4000000183,2114266.4000000055,72.8967445467938,19.1094369116908,41.54,25.695615768432617,53.12761576843262,11.58761576843262,11.58761576843262,2.209,SOURCE-DERIVED invert; DERIVED DEM ground and cover,DEM-derived rim in repository THD convention,JUNCTION,
N_2178147203_70a84ab,2178147203,15,278758.0000000184,2114265.000000005,72.89693092612886,19.10942639581698,41.789,26.095069885253906,53.52706988525391,11.738069885253907,11.738069885253907,2.305,SOURCE-DERIVED invert; DERIVED DEM ground and cover,DEM-derived rim in repository THD convention,JUNCTION,
N_2178147204_f4d4688,2178147204,15,278763.1000000185,2114286.800000006,72.89697689123454,19.109623835346767,42.073,28.5126895904541,55.944689590454104,13.871689590454103,13.871689590454103,2.305,SOURCE-DERIVED invert; DERIVED DEM ground and cover,DEM-derived rim in repository THD convention,JUNCTION,
N_2178147301_7f023b7,2178147301,15,278768.9000000187,2114315.900000006,72.89702867335002,19.10988728052165,42.449000000000005,29.501611709594727,56.93361170959473,14.484611709594724,14.484611709594724,2.079,SOURCE-DERIVED invert; DERIVED DEM ground and cover,DEM-derived rim in repository THD convention,JUNCTION,
N_2178147302_4f7349b,2178147302,15,278773.3000000181,2114335.3000000063,72.89706826204294,19.11006296853985,42.702000000000005,22.212100982666016,49.64410098266602,6.9421009826660125,6.9421009826660125,1.976,SOURCE-DERIVED invert; DERIVED DEM ground and cover,DEM-derived rim in repository THD convention,JUNCTION,
N_2178147303_a104ee5,2178147303,15,278783.60000001744,2114335.0000000047,72.89716615690111,19.110061377362765,42.832,22.212100982666016,49.64410098266602,6.812100982666017,6.812100982666017,1.966,SOURCE-DERIVED invert; DERIVED DEM ground and cover,DEM-derived rim in repository THD convention,JUNCTION,
N_2178147304_b27bb7c,2178147304,15,278791.70000001875,2114334.1000000047,72.89724321802275,19.110054128421197,42.936,22.212100982666016,49.64410098266602,6.708100982666018,6.708100982666018,1.998,SOURCE-DERIVED invert; DERIVED DEM ground and cover,DEM-derived rim in repository THD convention,JUNCTION,
N_2178148201_422147e,2178148201,15,278800.4424000187,2114208.4618000044,72.89734062749467,19.108920381001123,41.977000000000004,19.442081451416016,46.87408145141602,4.897081451416014,4.897081451416014,2.0,SOURCE-DERIVED invert; DERIVED DEM ground and cover,DEM-derived rim in repository THD convention,JUNCTION,
N_2178148301_8027c4b,2178148301,15,278804.500000019,2114332.1000000047,72.8973650595979,19.110037455059256,42.503,22.00710678100586,49.43910678100586,6.936106781005861,6.936106781005861,2.0,SOURCE-DERIVED invert; DERIVED DEM ground and cover,DEM-derived rim in repository THD convention,JUNCTION,
N_2178148401_0b1af1e,2178148401,15,278818.50000001845,2114448.0000000056,72.89748483860915,19.11108572110551,43.5,22.51871109008789,49.95071109008789,6.450711090087893,6.450711090087893,2.0,SOURCE-DERIVED invert; DERIVED DEM ground and cover,DEM-derived rim in repository THD convention,JUNCTION,
N_2178148501_2716d88,2178148501,15,278830.8790000183,2114544.469000005,72.89759143611361,19.111958320840372,44.0,29.344167709350586,56.77616770935059,12.776167709350588,12.776167709350588,2.0,SOURCE-DERIVED invert; DERIVED DEM ground and cover,DEM-derived rim in repository THD convention,JUNCTION,
N_2178148701_f7c8290,2178148701,15,278847.529100018,2114709.139000004,72.89773082623456,19.11344733876844,44.5,35.0040168762207,62.436016876220705,17.936016876220705,17.936016876220705,2.0,SOURCE-DERIVED invert; DERIVED DEM ground and cover,DEM-derived rim in repository THD convention,JUNCTION,
N_2178148801_a1e1e39,2178148801,15,278863.5428000181,2114810.236000004,72.89787143101879,19.114362130576207,45.5,25.058170318603516,52.49017031860352,6.990170318603518,6.990170318603518,2.0,SOURCE-DERIVED invert; DERIVED DEM ground and cover,DEM-derived rim in repository THD convention,JUNCTION,
N_2178149701_35cfe2a,2178149701,15,278943.77050001785,2114798.5872000055,72.8986350267821,19.114265632284553,46.2,40.03546905517578,67.46746905517578,21.26746905517578,21.26746905517578,2.0,SOURCE-DERIVED invert; DERIVED DEM ground and cover,DEM-derived rim in repository THD convention,JUNCTION,
N_2179090001_b5d58ec,2179090001,1,279007.9000000178,2109056.800000006,72.89989856337495,19.06241566976959,27.6,10.94655704498291,38.37855704498291,10.778557044982911,10.778557044982911,1.5,SOURCE-DERIVED invert; DERIVED DEM ground and cover,DEM-derived rim in repository THD convention,JUNCTION,
N_2179100101_6b11e08,2179100101,14,279014.20000001765,2110120.700000005,72.89983734446486,19.072024982368383,25.856,5.153779029846191,32.585779029846194,6.729779029846192,6.729779029846192,2.201,SOURCE-DERIVED invert; DERIVED DEM ground and cover,DEM-derived rim in repository THD convention,JUNCTION,
N_2179100102_f72550f,2179100102,14,279041.7000000177,2110132.7000000044,72.90009719786929,19.072136336432525,25.845000000000002,5.059205055236816,32.49120505523682,6.646205055236816,6.646205055236816,2.223,SOURCE-DERIVED invert; DERIVED DEM ground and cover,DEM-derived rim in repository THD convention,JUNCTION,
N_2179100103_392fe65,2179100103,14,279070.100000017,2110143.600000004,72.9003657258281,19.072237852871535,25.837,9.051765441894531,36.48376544189453,10.646765441894534,10.646765441894534,2.223,SOURCE-DERIVED invert; DERIVED DEM ground and cover,DEM-derived rim in repository THD convention,JUNCTION,
N_2179100104_5186cb3,2179100104,14,279096.800000017,2110157.000000005,72.90061782156909,19.07236176383031,25.826,9.313750267028809,36.74575026702881,10.91975026702881,10.91975026702881,2.179,SOURCE-DERIVED invert; DERIVED DEM ground and cover,DEM-derived rim in repository THD convention,JUNCTION,
N_2179101101_eeaf747,2179101101,14,279123.6000000152,2110169.800000006,72.9008709358639,19.07248026638485,25.816000000000003,12.061089515686035,39.49308951568604,13.677089515686035,13.677089515686035,2.211,SOURCE-DERIVED invert; DERIVED DEM ground and cover,DEM-derived rim in repository THD convention,JUNCTION,
N_2179101102_6242e5a,2179101102,14,279150.2000000174,2110184.5000000047,72.90112193462795,19.072615906879175,25.805,11.210309982299805,38.64230998229981,12.837309982299807,12.837309982299807,2.28,SOURCE-DERIVED invert; DERIVED DEM ground and cover,DEM-derived rim in repository THD convention,JUNCTION,
N_2179101103_8e3ba5c,2179101103,14,279176.90000001714,2110197.0000000056,72.90137413395239,19.07273168853851,25.796000000000003,3.83554744720459,31.26754744720459,5.4715474472045855,5.4715474472045855,2.294,SOURCE-DERIVED invert; DERIVED DEM ground and cover,DEM-derived rim in repository THD convention,JUNCTION,
N_2179102101_1b900eb,2179102101,14,279230.80000001704,2110196.3000000054,72.90188620570679,19.072731194830702,25.782,5.623215198516846,33.05521519851685,7.273215198516848,7.273215198516848,2.362,SOURCE-DERIVED invert; DERIVED DEM ground and cover,DEM-derived rim in repository THD convention,JUNCTION,
N_2179102102_5a55747,2179102102,14,279249.0000000178,2110188.900000005,72.90205992763045,19.072666329245873,25.754,6.0,33.432,7.678000000000001,7.678000000000001,2.475,SOURCE-DERIVED invert; DERIVED DEM ground and cover,DEM-derived rim in repository THD convention,JUNCTION,
N_2179102103_940b451,2179102103,14,279258.6000000173,2110193.2000000044,72.90215062840647,19.072706202639555,25.722,6.0,33.432,7.710000000000001,7.710000000000001,2.475,SOURCE-DERIVED invert; DERIVED DEM ground and cover,DEM-derived rim in repository THD convention,JUNCTION,
N_2179102201_7f8847e,2179102201,14,279209.5000000169,2110210.700000004,72.90168224089027,19.072858945691053,25.788,4.249501705169678,31.681501705169676,5.893501705169676,5.893501705169676,2.312,SOURCE-DERIVED invert; DERIVED DEM ground and cover,DEM-derived rim in repository THD convention,JUNCTION,
N_2179102202_0364cc4,2179102202,14,279274.1000000173,2110218.8000000054,72.90229495125142,19.072939085278602,25.691000000000003,5.975890636444092,33.407890636444094,7.7168906364440915,7.7168906364440915,2.442,SOURCE-DERIVED invert; DERIVED DEM ground and cover,DEM-derived rim in repository THD convention,JUNCTION,
N_2179102203_cd3d0e4,2179102203,14,279287.0000000178,2110247.8000000054,72.90241419064661,19.073202393981294,25.668000000000003,4.52738094329834,31.95938094329834,6.291380943298336,6.291380943298336,2.18,SOURCE-DERIVED invert; DERIVED DEM ground and cover,DEM-derived rim in repository THD convention,JUNCTION,
N_2179102204_80d75ca,2179102204,14,279299.40000001795,2110274.400000005,72.90252895373983,19.073443972927294,25.633000000000003,6.758375644683838,34.19037564468384,8.557375644683837,8.557375644683837,2.18,SOURCE-DERIVED invert; DERIVED DEM ground and cover,DEM-derived rim in repository THD convention,JUNCTION,
N_2179103201_99ce777,2179103201,14,279357.0000000176,2110294.700000004,72.90307378745916,19.073633538170785,25.473000000000003,7.428215980529785,34.86021598052979,9.387215980529785,9.387215980529785,3.292,SOURCE-DERIVED invert; DERIVED DEM ground and cover,DEM-derived rim in repository THD convention,JUNCTION,
N_2179103202_d85dd92,2179103202,14,279360.70000001765,2110291.1000000047,72.90310934286708,19.073601424495223,25.444000000000003,7.428215980529785,34.86021598052979,9.416215980529785,9.416215980529785,2.455,SOURCE-DERIVED invert; DERIVED DEM ground and cover,DEM-derived rim in repository THD convention,JUNCTION,
N_2179103203_81a1f39,2179103203,14,279393.60000001633,2110250.5000000047,72.9034264731443,19.073238299264585,25.414,6.0,33.432,8.018,8.018,2.492,SOURCE-DERIVED invert; DERIVED DEM ground and cover,DEM-derived rim in repository THD convention,JUNCTION,
N_2179103301_ee39837,2179103301,14,279312.10000001744,2110306.2000000044,72.9026459756958,19.07373254819298,25.598000000000003,4.373193740844727,31.805193740844725,6.207193740844723,6.207193740844723,2.2,SOURCE-DERIVED invert; DERIVED DEM ground and cover,DEM-derived rim in repository THD convention,JUNCTION,
N_2179103302_e72b9a2,2179103302,14,279318.9000000191,2110312.2000000034,72.90270988676606,19.07378747232886,25.562,4.373193740844727,31.805193740844725,6.243193740844724,6.243193740844724,3.036,SOURCE-DERIVED invert; DERIVED DEM ground and cover,DEM-derived rim in repository THD convention,JUNCTION,
N_2179103303_b99a87e,2179103303,14,279326.5000000176,2110313.800000006,72.90278189724013,19.073802744189056,25.534000000000002,5.191091060638428,32.62309106063843,7.089091060638427,7.089091060638427,3.064,SOURCE-DERIVED invert; DERIVED DEM ground and cover,DEM-derived rim in repository THD convention,JUNCTION,
N_2179103305_e4002e2,2179103305,14,279350.8000000166,2110301.000000005,72.90301417768461,19.073689766801483,25.506,5.191091060638428,32.62309106063843,7.11709106063843,7.11709106063843,3.292,SOURCE-DERIVED invert; DERIVED DEM ground and cover,DEM-derived rim in repository THD convention,JUNCTION,
N_2179104101_42ec585,2179104101,14,279463.0000000192,2110191.800000005,72.90409236973419,19.072715645115302,25.271,6.716748237609863,34.148748237609865,8.877748237609865,8.877748237609865,2.472,SOURCE-DERIVED invert; DERIVED DEM ground and cover,DEM-derived rim in repository THD convention,JUNCTION,
N_2179104102_61a7618,2179104102,14,279490.50000001735,2110175.9000000046,72.90435539656356,19.07257501364149,25.271,5.6702494621276855,33.10224946212769,7.831249462127687,7.831249462127687,2.367,SOURCE-DERIVED invert; DERIVED DEM ground and cover,DEM-derived rim in repository THD convention,JUNCTION,
N_2179104201_b3b505f,2179104201,14,279412.500000017,2110228.1000000043,72.90360854880946,19.073038034851997,25.387,5.874986171722412,33.306986171722414,7.919986171722414,7.919986171722414,2.527,SOURCE-DERIVED invert; DERIVED DEM ground and cover,DEM-derived rim in repository THD convention,JUNCTION,
N_2179104202_66cb119,2179104202,14,279434.6000000171,2110206.2000000044,72.90382096385177,19.072842631648946,25.347,6.359375953674316,33.79137595367432,8.444375953674317,8.444375953674317,2.527,SOURCE-DERIVED invert; DERIVED DEM ground and cover,DEM-derived rim in repository THD convention,JUNCTION,
N_2179105001_f9bc8c5,2179105001,14,279573.6000000164,2110092.5000000047,72.90515422704017,19.071830755382077,25.155,7.457350254058838,34.88935025405884,9.734350254058839,9.734350254058839,2.516,SOURCE-DERIVED invert; DERIVED DEM ground and cover,DEM-derived rim in repository THD convention,PILOT_BOUNDARY_ASSUMPTION,PILOT_BOUNDARY; source-directed terminal; physical receiving water unverified
N_2179105101_22da92f,2179105101,14,279513.6000000171,2110157.6000000034,72.90457690025518,19.07241223094868,25.246000000000002,5.0,32.432,7.186,7.186,2.414,SOURCE-DERIVED invert; DERIVED DEM ground and cover,DEM-derived rim in repository THD convention,JUNCTION,
N_2179105102_cf13b96,2179105102,14,279536.60000001686,2110136.5000000056,72.90479777158488,19.072224148834653,25.212,5.0,32.432,7.220000000000002,7.220000000000002,2.469,SOURCE-DERIVED invert; DERIVED DEM ground and cover,DEM-derived rim in repository THD convention,JUNCTION,
N_2179105103_1c6d97c,2179105103,14,279554.00000001723,2110114.4000000046,72.90496556208304,19.07202643030988,25.187,7.724168300628662,35.156168300628664,9.969168300628663,9.969168300628663,2.516,SOURCE-DERIVED invert; DERIVED DEM ground and cover,DEM-derived rim in repository THD convention,JUNCTION,
N_2179105104_2aa44ce,2179105104,14,279570.40000001714,2110120.3000000063,72.90512067430363,19.072081486844073,25.22,8.23365592956543,35.66565592956543,10.445655929565433,10.445655929565433,2.251,SOURCE-DERIVED invert; DERIVED DEM ground and cover,DEM-derived rim in repository THD convention,JUNCTION,
N_2179105105_131f689,2179105105,14,279573.80000001716,2110129.2000000034,72.90515196014644,19.07216223460141,25.261000000000003,8.23365592956543,35.66565592956543,10.404655929565429,10.404655929565429,2.251,SOURCE-DERIVED invert; DERIVED DEM ground and cover,DEM-derived rim in repository THD convention,JUNCTION,
N_2179105106_0564b1a,2179105106,14,279585.3000000175,2110144.400000005,72.90525947203882,19.072300755434757,25.325000000000003,5.0,32.432,7.106999999999999,7.106999999999999,2.194,SOURCE-DERIVED invert; DERIVED DEM ground and cover,DEM-derived rim in repository THD convention,JUNCTION,
N_2179106101_7dfad05,2179106101,14,279603.500000017,2110168.300000006,72.9054296393187,19.07251857383336,25.412000000000003,5.240747928619385,32.67274792861939,7.260747928619384,7.260747928619384,2.048,SOURCE-DERIVED invert; DERIVED DEM ground and cover,DEM-derived rim in repository THD convention,JUNCTION,
N_2179106102_4385b2f,2179106102,14,279621.80000001716,2110192.200000004,72.90560075692541,19.07273640290528,25.489,5.240747928619385,32.67274792861939,7.183747928619386,7.183747928619386,1.945,SOURCE-DERIVED invert; DERIVED DEM ground and cover,DEM-derived rim in repository THD convention,JUNCTION,
N_2179106201_134dbef,2179106201,14,279641.40000001714,2110217.400000005,72.90578407606354,19.07296611316216,25.567,4.0,31.432,5.864999999999998,5.864999999999998,1.945,SOURCE-DERIVED invert; DERIVED DEM ground and cover,DEM-derived rim in repository THD convention,JUNCTION,
N_2179106202_b8a50ef,2179106202,14,279648.70000001544,2110247.2000000044,72.90585003613417,19.07323604103721,25.737000000000002,4.3329339027404785,31.764933902740477,6.027933902740475,6.027933902740475,1.822,SOURCE-DERIVED invert; DERIVED DEM ground and cover,DEM-derived rim in repository THD convention,JUNCTION,
N_2179106203_21a0fd9,2179106203,14,279649.40000001807,2110227.8000000054,72.90585888737118,19.073060904587297,25.615000000000002,4.3329339027404785,31.764933902740477,6.149933902740475,6.149933902740475,1.855,SOURCE-DERIVED invert; DERIVED DEM ground and cover,DEM-derived rim in repository THD convention,JUNCTION,
N_2179106204_46cff7d,2179106204,14,279651.40000001737,2110260.3000000054,72.90587419649933,19.073354645666615,25.776,7.574921607971191,35.006921607971194,9.230921607971194,9.230921607971194,1.822,SOURCE-DERIVED invert; DERIVED DEM ground and cover,DEM-derived rim in repository THD convention,JUNCTION,
N_2179106205_527821e,2179106205,14,279653.00000001746,2110263.1000000043,72.90588907707382,19.073380106662828,25.802,7.574921607971191,35.006921607971194,9.204921607971194,9.204921607971194,1.805,SOURCE-DERIVED invert; DERIVED DEM ground and cover,DEM-derived rim in repository THD convention,JUNCTION,
N_2179106206_ecc9858,2179106206,14,279658.80000001733,2110271.3000000054,72.90594324051709,19.073454791252075,25.846,12.257230758666992,39.689230758666994,13.843230758666994,13.843230758666994,1.684,SOURCE-DERIVED invert; DERIVED DEM ground and cover,DEM-derived rim in repository THD convention,JUNCTION,
N_2179106207_7bbe61c,2179106207,14,279671.60000001744,2110296.500000004,72.90606196759471,19.07368376749742,25.911,10.914992332458496,38.3469923324585,12.435992332458497,12.435992332458497,1.587,SOURCE-DERIVED invert; DERIVED DEM ground and cover,DEM-derived rim in repository THD convention,JUNCTION,
N_2179106208_0722dd7,2179106208,14,279672.500000017,2110290.200000004,72.9060712317159,19.073626965871448,25.885,10.914992332458496,38.3469923324585,12.461992332458497,12.461992332458497,1.604,SOURCE-DERIVED invert; DERIVED DEM ground and cover,DEM-derived rim in repository THD convention,JUNCTION,
N_2179106301_16007ee,2179106301,14,279631.30000001704,2110380.5000000047,72.90566962208584,19.07443806804057,26.168000000000003,20.775907516479492,48.207907516479494,22.03990751647949,22.03990751647949,1.918,SOURCE-DERIVED invert; DERIVED DEM ground and cover,DEM-derived rim in repository THD convention,JUNCTION,
N_2179106302_4f5037c,2179106302,14,279632.1000000171,2110355.3000000054,72.9056800820244,19.07421055948338,26.104000000000003,10.88659381866455,38.31859381866455,12.21459381866455,12.21459381866455,1.959,SOURCE-DERIVED invert; DERIVED DEM ground and cover,DEM-derived rim in repository THD convention,JUNCTION,
N_2179106303_fb51bcb,2179106303,14,279632.1000000173,2110357.6000000047,72.90567982093049,19.074231332034408,26.132,10.88659381866455,38.31859381866455,12.186593818664551,12.186593818664551,1.942,SOURCE-DERIVED invert; DERIVED DEM ground and cover,DEM-derived rim in repository THD convention,JUNCTION,
N_2179106304_2b068f3,2179106304,14,279635.1000000171,2110384.1000000047,72.90570530980145,19.074470991744096,26.202,20.775907516479492,48.207907516479494,22.005907516479493,22.005907516479493,1.889,SOURCE-DERIVED invert; DERIVED DEM ground and cover,DEM-derived rim in repository THD convention,JUNCTION,
N_2179106305_f940cd0,2179106305,14,279653.60000001884,2110355.1000000043,72.90588433400619,19.074211073604243,26.097,10.88659381866455,38.31859381866455,12.221593818664552,12.221593818664552,1.959,SOURCE-DERIVED invert; DERIVED DEM ground and cover,DEM-derived rim in repository THD convention,JUNCTION,
N_2179106306_9c5151a,2179106306,14,279654.9000000173,2110328.400000004,72.90589971337606,19.073970071642012,26.012,11.501359939575195,38.9333599395752,12.921359939575197,12.921359939575197,1.733,SOURCE-DERIVED invert; DERIVED DEM ground and cover,DEM-derived rim in repository THD convention,JUNCTION,
N_2179106307_ba4ca7c,2179106307,14,279656.40000001737,2110350.100000004,72.90591149884149,19.074166218056607,26.058,7.990820407867432,35.422820407867434,9.364820407867434,9.364820407867434,1.733,SOURCE-DERIVED invert; DERIVED DEM ground and cover,DEM-derived rim in repository THD convention,JUNCTION,
N_2179106308_01e0424,2179106308,14,279656.7000000171,2110321.800000006,72.90591756074733,19.073910657695716,25.971,7.4642720222473145,34.89627202224732,8.925272022247317,8.925272022247317,1.599,SOURCE-DERIVED invert; DERIVED DEM ground and cover,DEM-derived rim in repository THD convention,JUNCTION,
N_2179106401_4d4b83a,2179106401,14,279648.7000000171,2110417.3000000054,72.90583072825055,19.074772306853486,26.252000000000002,23.73564910888672,51.16764910888672,24.91564910888672,24.91564910888672,1.846,SOURCE-DERIVED invert; DERIVED DEM ground and cover,DEM-derived rim in repository THD convention,JUNCTION,
N_2179106402_910040a,2179106402,14,279654.2000000167,2110446.8000000045,72.90587962450729,19.075039331007964,26.369,12.510906219482422,39.942906219482424,13.573906219482424,13.573906219482424,1.784,SOURCE-DERIVED invert; DERIVED DEM ground and cover,DEM-derived rim in repository THD convention,JUNCTION,
N_2179106403_38a690c,2179106403,14,279654.8000000165,2110450.300000006,72.90588492666107,19.07507100616881,26.403000000000002,12.510906219482422,39.942906219482424,13.539906219482422,13.539906219482422,1.784,SOURCE-DERIVED invert; DERIVED DEM ground and cover,DEM-derived rim in repository THD convention,JUNCTION,
N_2179106404_b01d871,2179106404,14,279655.2000000169,2110464.4000000055,72.90588712575244,19.07519839411308,26.442,12.510906219482422,39.942906219482424,13.500906219482424,13.500906219482424,1.772,SOURCE-DERIVED invert; DERIVED DEM ground and cover,DEM-derived rim in repository THD convention,JUNCTION,
N_2179106405_2ce00fb,2179106405,14,279655.3000000175,2110465.8000000054,72.90588791674197,19.07521104906761,26.474,12.510906219482422,39.942906219482424,13.468906219482424,13.468906219482424,1.721,SOURCE-DERIVED invert; DERIVED DEM ground and cover,DEM-derived rim in repository THD convention,JUNCTION,
N_2179111202_8acbef3,2179111202,19,279187.10000001756,2111256.500000005,72.90135048200581,19.082301682737963,28.547,14.305253028869629,41.73725302886963,13.19025302886963,13.19025302886963,4.831,SOURCE-DERIVED invert; DERIVED DEM ground and cover,DEM-derived rim in repository THD convention,JUNCTION,
N_2179111203_85c354a,2179111203,19,279188.80000001704,2111250.6000000043,72.90136730255216,19.082248580761032,28.399,14.305253028869629,41.73725302886963,13.33825302886963,13.33825302886963,3.799,SOURCE-DERIVED invert; DERIVED DEM ground and cover,DEM-derived rim in repository THD convention,JUNCTION,
N_2179111204_d9de370,2179111204,19,279194.9000000163,2111232.400000005,72.90142732047576,19.082084867251858,28.334,14.305253028869629,41.73725302886963,13.403253028869631,13.403253028869631,3.864,SOURCE-DERIVED invert; DERIVED DEM ground and cover,DEM-derived rim in repository THD convention,JUNCTION,
N_2179111205_a34325f,2179111205,19,279197.5000000176,2111286.6000000047,72.90144585108496,19.082574656475863,28.69,18.96451759338379,46.39651759338379,17.70651759338379,17.70651759338379,4.831,SOURCE-DERIVED invert; DERIVED DEM ground and cover,DEM-derived rim in repository THD convention,JUNCTION,
N_2179111206_18125e0,2179111206,19,279198.7000000178,2111221.200000004,72.90146469295276,19.081984125453747,28.294,8.997586250305176,36.42958625030518,8.135586250305177,8.135586250305177,3.864,SOURCE-DERIVED invert; DERIVED DEM ground and cover,DEM-derived rim in repository THD convention,PILOT_BOUNDARY_ASSUMPTION,PILOT_BOUNDARY; source-directed terminal; physical receiving water unverified
N_2179111301_e86fd3c,2179111301,19,279193.10000001674,2111320.7000000044,72.90140017257664,19.082882154927145,29.039,17.55722999572754,44.98922999572754,15.95022999572754,15.95022999572754,4.281,SOURCE-DERIVED invert; DERIVED DEM ground and cover,DEM-derived rim in repository THD convention,JUNCTION,
N_2179111302_4b143b7,2179111302,19,279194.30000001675,2111308.1000000043,72.90141300593169,19.082768487731187,28.972,17.467451095581055,44.89945109558106,15.927451095581056,15.927451095581056,4.386,SOURCE-DERIVED invert; DERIVED DEM ground and cover,DEM-derived rim in repository THD convention,JUNCTION,
N_2179111303_25055e3,2179111303,19,279194.40000001795,2111328.900000005,72.90141158872066,19.082956353974087,29.125,17.55722999572754,44.98922999572754,15.864229995727541,15.864229995727541,3.39,SOURCE-DERIVED invert; DERIVED DEM ground and cover,DEM-derived rim in repository THD convention,JUNCTION,
N_2179111304_699e7d5,2179111304,19,279195.3000000177,2111303.4000000055,72.90142304031036,19.082726147828414,28.85,17.467451095581055,44.89945109558106,16.049451095581055,16.049451095581055,4.538,SOURCE-DERIVED invert; DERIVED DEM ground and cover,DEM-derived rim in repository THD convention,JUNCTION,
N_2179112301_d6ab719,2179112301,19,279201.6000000169,2111338.200000004,72.90147892681179,19.08304112605167,29.22,16.766769409179688,44.19876940917969,14.97876940917969,14.97876940917969,4.182,SOURCE-DERIVED invert; DERIVED DEM ground and cover,DEM-derived rim in repository THD convention,JUNCTION,
N_2179112302_d36a78a,2179112302,19,279217.00000001956,2111358.700000005,72.9016228865041,19.08322793821297,29.336000000000002,20.77849006652832,48.21049006652832,18.87449006652832,18.87449006652832,4.182,SOURCE-DERIVED invert; DERIVED DEM ground and cover,DEM-derived rim in repository THD convention,JUNCTION,
N_2179112303_b67b6e2,2179112303,19,279217.40000001725,2111368.300000005,72.9016255938641,19.08331468400006,29.483,20.77849006652832,48.21049006652832,18.727490066528322,18.727490066528322,4.246,SOURCE-DERIVED invert; DERIVED DEM ground and cover,DEM-derived rim in repository THD convention,JUNCTION,
N_2179112304_7fbcfe9,2179112304,19,279218.8000000167,2111398.0000000047,72.90163551342282,19.08358307135664,29.61,22.0,49.432,19.822000000000003,19.822000000000003,4.246,SOURCE-DERIVED invert; DERIVED DEM ground and cover,DEM-derived rim in repository THD convention,JUNCTION,
N_2179112401_d7a1733,2179112401,19,279219.0000000183,2111403.000000005,72.90163684433976,19.083628250551456,29.79,22.0,49.432,19.642000000000003,19.642000000000003,4.152,SOURCE-DERIVED invert; DERIVED DEM ground and cover,DEM-derived rim in repository THD convention,JUNCTION,
N_2179112402_77fc9a5,2179112402,19,279234.4000000183,2111411.000000005,72.9017822270553,19.083702168743848,29.893,22.95888328552246,50.39088328552246,20.497883285522462,20.497883285522462,4.03,SOURCE-DERIVED invert; DERIVED DEM ground and cover,DEM-derived rim in repository THD convention,JUNCTION,
N_2179112403_36c8c0d,2179112403,19,279235.80000001774,2111414.700000005,72.90179510540422,19.08373573679675,29.965,25.78800392150879,53.22000392150879,23.25500392150879,23.25500392150879,4.03,SOURCE-DERIVED invert; DERIVED DEM ground and cover,DEM-derived rim in repository THD convention,JUNCTION,
N_2179112404_3cbc692,2179112404,19,279240.4000000183,2111426.5000000056,72.90183746065046,19.083842806284004,30.03,25.78800392150879,53.22000392150879,23.19000392150879,23.19000392150879,4.462,SOURCE-DERIVED invert; DERIVED DEM ground and cover,DEM-derived rim in repository THD convention,JUNCTION,
N_2179112405_4b3ed11,2179112405,19,279248.40000001807,2111446.9000000055,72.9019111359154,19.084027914585874,30.157,24.291091918945312,51.723091918945315,21.566091918945315,21.566091918945315,4.462,SOURCE-DERIVED invert; DERIVED DEM ground and cover,DEM-derived rim in repository THD convention,JUNCTION,
N_2179112406_a479edb,2179112406,19,279257.3000000169,2111475.400000006,72.90199243930601,19.084286275482757,30.414,18.004934310913086,45.43693431091309,15.022934310913087,15.022934310913087,3.412,SOURCE-DERIVED invert; DERIVED DEM ground and cover,DEM-derived rim in repository THD convention,JUNCTION,
N_2179112501_b69ce4e,2179112501,19,279265.2000000181,2111503.9000000055,72.90206424330788,19.0845445281866,30.656000000000002,18.6214599609375,46.0534599609375,15.3974599609375,15.3974599609375,3.412,SOURCE-DERIVED invert; DERIVED DEM ground and cover,DEM-derived rim in repository THD convention,JUNCTION,
N_2179112502_5476936,2179112502,19,279276.2000000176,2111515.000000005,72.9021674760268,19.084645967878267,31.014000000000003,18.6214599609375,46.0534599609375,15.0394599609375,15.0394599609375,3.365,SOURCE-DERIVED invert; DERIVED DEM ground and cover,DEM-derived rim in repository THD convention,JUNCTION,
N_2179112503_6b994c3,2179112503,19,279290.44160001643,2111507.154800005,72.90230365820383,19.08457665430739,31.073,18.72629737854004,46.15829737854004,15.08529737854004,15.08529737854004,3.446,SOURCE-DERIVED invert; DERIVED DEM ground and cover,DEM-derived rim in repository THD convention,JUNCTION,
N_2179112801_31bb4d3,2179112801,19,279246.06320001703,2111884.6044000047,72.9018391258862,19.087980793573568,35.899,26.02713394165039,53.45913394165039,17.560133941650392,17.560133941650392,4.254,SOURCE-DERIVED invert; DERIVED DEM ground and cover,DEM-derived rim in repository THD convention,JUNCTION,
N_2179112802_5babc87,2179112802,19,279254.5000000171,2111876.200000005,72.90192023029024,19.087905802049068,35.334,26.02713394165039,53.45913394165039,18.12513394165039,18.12513394165039,4.804,SOURCE-DERIVED invert; DERIVED DEM ground and cover,DEM-derived rim in repository THD convention,JUNCTION,
N_2179112803_2c79300,2179112803,19,279259.20000001806,2111898.700000004,72.90196231861748,19.088109519535934,36.146,25.879610061645508,53.31161006164551,17.16561006164551,17.16561006164551,4.231,SOURCE-DERIVED invert; DERIVED DEM ground and cover,DEM-derived rim in repository THD convention,JUNCTION,
N_2179112804_c9b5b00,2179112804,19,279276.1000000171,2111854.200000004,72.90212792941801,19.08770944584486,34.636,22.02497100830078,49.45697100830078,14.82097100830078,14.82097100830078,5.037,SOURCE-DERIVED invert; DERIVED DEM ground and cover,DEM-derived rim in repository THD convention,JUNCTION,
N_2179112805_5fb349d,2179112805,19,279284.5000000177,2111838.200000004,72.90220954829486,19.087565850442036,34.159,22.02497100830078,49.45697100830078,15.297971008300784,15.297971008300784,5.759,SOURCE-DERIVED invert; DERIVED DEM ground and cover,DEM-derived rim in repository THD convention,JUNCTION,
N_2179112806_1924711,2179112806,19,279292.50000001723,2111832.1000000047,72.90228624061308,19.087511623677752,33.941,16.114643096923828,43.54664309692383,9.605643096923828,9.605643096923828,5.979,SOURCE-DERIVED invert; DERIVED DEM ground and cover,DEM-derived rim in repository THD convention,JUNCTION,
N_2179112901_9891601,2179112901,19,279249.2000000173,2111999.1000000043,72.90185589323194,19.089015200895677,36.964,23.96186065673828,51.39386065673828,14.429860656738285,14.429860656738285,3.102,SOURCE-DERIVED invert; DERIVED DEM ground and cover,DEM-derived rim in repository THD convention,JUNCTION,
N_2179112902_1038de3,2179112902,19,279259.90000001853,2111988.8000000063,72.90195871399725,19.08892333418152,36.869,26.723739624023438,54.15573962402344,17.28673962402344,17.28673962402344,3.282,SOURCE-DERIVED invert; DERIVED DEM ground and cover,DEM-derived rim in repository THD convention,JUNCTION,
N_2179112903_48dc1e8,2179112903,19,279265.8000000173,2111947.800000006,72.90201942936574,19.088553680729053,36.559000000000005,25.846399307250977,53.27839930725098,16.719399307250974,16.719399307250974,3.656,SOURCE-DERIVED invert; DERIVED DEM ground and cover,DEM-derived rim in repository THD convention,JUNCTION,
N_2179112904_dbf49e2,2179112904,19,279266.94100001664,2111934.479000005,72.90203178471543,19.088433495454893,36.413000000000004,25.846399307250977,53.27839930725098,16.865399307250975,16.865399307250975,3.669,SOURCE-DERIVED invert; DERIVED DEM ground and cover,DEM-derived rim in repository THD convention,JUNCTION,
N_2179112905_9e4f292,2179112905,19,279270.5000000175,2111972.7000000044,72.90206124475628,19.088779073828057,36.772,29.11641502380371,56.54841502380371,19.776415023803715,19.776415023803715,3.282,SOURCE-DERIVED invert; DERIVED DEM ground and cover,DEM-derived rim in repository THD convention,JUNCTION,
N_2179112906_aeb89fd,2179112906,19,279271.90000001737,2111964.400000005,72.90207548914171,19.088704263781572,36.663000000000004,29.11641502380371,56.54841502380371,19.88541502380371,19.88541502380371,3.319,SOURCE-DERIVED invert; DERIVED DEM ground and cover,DEM-derived rim in repository THD convention,JUNCTION,
N_2179112907_f55bf5a,2179112907,19,279274.1902000173,2111923.8952000043,72.90210185532099,19.088338692099853,36.321000000000005,25.517887115478516,52.94988711547852,16.628887115478513,16.628887115478513,4.087,SOURCE-DERIVED invert; DERIVED DEM ground and cover,DEM-derived rim in repository THD convention,JUNCTION,
N_2179112908_2b7d11d,2179112908,19,279277.20000001846,2111916.1000000047,72.90213133498514,19.08826861531499,36.234,25.517887115478516,52.94988711547852,16.715887115478516,16.715887115478516,4.231,SOURCE-DERIVED invert; DERIVED DEM ground and cover,DEM-derived rim in repository THD convention,JUNCTION,
N_2179113501_1442163,2179113501,19,279302.6000000167,2111556.1000000047,72.9024135900229,19.08502001864646,31.231,16.737009048461914,44.169009048461916,12.938009048461915,12.938009048461915,2.429,SOURCE-DERIVED invert; DERIVED DEM ground and cover,DEM-derived rim in repository THD convention,JUNCTION,
N_2179113502_75ecbe1,2179113502,19,279302.6963000176,2111506.545900005,72.90242014229881,19.084572480481434,31.114,18.72629737854004,46.15829737854004,15.04429737854004,15.04429737854004,3.452,SOURCE-DERIVED invert; DERIVED DEM ground and cover,DEM-derived rim in repository THD convention,JUNCTION,
N_2179113503_b0aa6ad,2179113503,19,279302.70000001776,2111568.0000000056,72.90241318617376,19.08512750448342,31.338,15.64603042602539,43.07803042602539,11.740030426025392,11.740030426025392,1.75,SOURCE-DERIVED invert; DERIVED DEM ground and cover,DEM-derived rim in repository THD convention,JUNCTION,
N_2179113504_3783232,2179113504,19,279303.7000000175,2111524.300000006,72.90242765730764,19.08473293545609,31.142000000000003,18.72629737854004,46.15829737854004,15.016297378540038,15.016297378540038,3.452,SOURCE-DERIVED invert; DERIVED DEM ground and cover,DEM-derived rim in repository THD convention,JUNCTION,
N_2179113505_3035a5a,2179113505,19,279305.300000017,2111585.5000000056,72.9024358943391,19.08528583719921,31.423000000000002,15.64603042602539,43.07803042602539,11.655030426025391,11.655030426025391,1.871,SOURCE-DERIVED invert; DERIVED DEM ground and cover,DEM-derived rim in repository THD convention,JUNCTION,
N_2179113601_f4217c3,2179113601,19,279308.20000001614,2111615.5000000047,72.90246003035466,19.08555709628939,31.526,15.166908264160156,42.59890826416016,11.072908264160159,11.072908264160159,1.919,SOURCE-DERIVED invert; DERIVED DEM ground and cover,DEM-derived rim in repository THD convention,JUNCTION,
N_2179113602_85f18d6,2179113602,19,279310.100000017,2111645.800000006,72.90247463259398,19.08583095667035,31.701,14.147882461547852,41.579882461547854,9.878882461547853,9.878882461547853,1.919,SOURCE-DERIVED invert; DERIVED DEM ground and cover,DEM-derived rim in repository THD convention,JUNCTION,
N_2179113603_3f82fd7,2179113603,19,279311.00000001735,2111675.800000006,72.90247976927033,19.086101999431428,31.874000000000002,13.590071678161621,41.02207167816162,9.148071678161621,9.148071678161621,2.329,SOURCE-DERIVED invert; DERIVED DEM ground and cover,DEM-derived rim in repository THD convention,JUNCTION,
N_2179113701_5c3dfe8,2179113701,19,279309.90000001836,2111720.5000000047,72.90246423405353,19.086505589105478,32.622,17.806528091430664,45.238528091430666,12.616528091430666,12.616528091430666,2.655,SOURCE-DERIVED invert; DERIVED DEM ground and cover,DEM-derived rim in repository THD convention,JUNCTION,
N_2179113702_e154286,2179113702,19,279313.20000001776,2111735.600000005,72.90249386517755,19.086642321898672,32.719,17.806528091430664,45.238528091430666,12.519528091430665,12.519528091430665,2.811,SOURCE-DERIVED invert; DERIVED DEM ground and cover,DEM-derived rim in repository THD convention,JUNCTION,
N_2179113703_3485ca0,2179113703,19,279314.60000001703,2111700.2000000044,72.902511192237,19.086322757748285,32.203,14.998714447021484,42.43071444702149,10.227714447021484,10.227714447021484,2.329,SOURCE-DERIVED invert; DERIVED DEM ground and cover,DEM-derived rim in repository THD convention,JUNCTION,
N_2179113704_2c00d02,2179113704,19,279315.0000000169,2111705.200000004,72.9025144232775,19.08636795858137,32.467,14.998714447021484,42.43071444702149,9.963714447021488,9.963714447021488,2.655,SOURCE-DERIVED invert; DERIVED DEM ground and cover,DEM-derived rim in repository THD convention,JUNCTION,
N_2179113705_a03d845,2179113705,19,279317.0822000179,2111795.8630000046,72.9025238888031,19.08718700789116,33.336,16.720609664916992,44.152609664916994,10.816609664916996,10.816609664916996,5.747,SOURCE-DERIVED invert; DERIVED DEM ground and cover,DEM-derived rim in repository THD convention,JUNCTION,
N_2179113706_b0bae76,2179113706,19,279321.5000000176,2111764.500000004,72.90256942499687,19.086904230387002,32.922000000000004,19.0859317779541,46.517931777954104,13.5959317779541,13.5959317779541,2.919,SOURCE-DERIVED invert; DERIVED DEM ground and cover,DEM-derived rim in repository THD convention,JUNCTION,
N_2179113707_4a82612,2179113707,19,279322.9000000182,2111792.700000004,72.90257951634051,19.08715907049137,33.235,19.99469757080078,47.42669757080078,14.191697570800784,14.191697570800784,2.733,SOURCE-DERIVED invert; DERIVED DEM ground and cover,DEM-derived rim in repository THD convention,JUNCTION,
N_2179113708_98d8012,2179113708,19,279325.80000001774,2111784.300000006,72.9026080212843,19.087083519447063,33.138,19.99469757080078,47.42669757080078,14.288697570800785,14.288697570800785,2.919,SOURCE-DERIVED invert; DERIVED DEM ground and cover,DEM-derived rim in repository THD convention,JUNCTION,
N_2179113801_dc24f1b,2179113801,19,279313.65700001776,2111810.6295000054,72.90248967017175,19.08732000123203,33.577,16.114643096923828,43.54664309692383,9.969643096923832,9.969643096923832,6.013,SOURCE-DERIVED invert; DERIVED DEM ground and cover,DEM-derived rim in repository THD convention,JUNCTION,
N_2179113802_dc089b8,2179113802,19,279314.1137000177,2111800.2777000046,72.90249518649485,19.087226558219218,33.478,16.720609664916992,44.152609664916994,10.674609664916993,10.674609664916993,6.013,SOURCE-DERIVED invert; DERIVED DEM ground and cover,DEM-derived rim in repository THD convention,JUNCTION,
N_2179121001_9796b8c,2179121001,19,279152.50000001735,2112054.000000005,72.90093100581174,19.089500564159522,37.845,23.183486938476562,50.615486938476565,12.770486938476566,12.770486938476566,3.011,SOURCE-DERIVED invert; DERIVED DEM ground and cover,DEM-derived rim in repository THD convention,JUNCTION,
N_2179121002_08ba47a,2179121002,19,279154.30000001716,2112047.700000005,72.90094882299556,19.089443860567208,37.758,27.0,54.432,16.674,16.674,3.968,SOURCE-DERIVED invert; DERIVED DEM ground and cover,DEM-derived rim in repository THD convention,JUNCTION,
N_2179121003_38bcaae,2179121003,19,279157.10000001715,2112087.700000004,72.9009708677226,19.08980542375249,38.061,18.068017959594727,45.50001795959473,7.439017959594729,7.439017959594729,2.764,SOURCE-DERIVED invert; DERIVED DEM ground and cover,DEM-derived rim in repository THD convention,JUNCTION,
N_2179121004_db0d8e6,2179121004,19,279157.7000000189,2112083.7000000044,72.90097702315597,19.089769362702608,37.988,18.068017959594727,45.50001795959473,7.512017959594729,7.512017959594729,2.445,SOURCE-DERIVED invert; DERIVED DEM ground and cover,DEM-derived rim in repository THD convention,JUNCTION,
N_2179121005_a71bf0c,2179121005,19,279176.3000000174,2112037.3000000054,72.90115900442596,19.089352314515907,37.541000000000004,24.770708084106445,52.20270808410645,14.661708084106444,14.661708084106444,3.968,SOURCE-DERIVED invert; DERIVED DEM ground and cover,DEM-derived rim in repository THD convention,JUNCTION,
N_2179121006_42ee938,2179121006,19,279192.50000001723,2112027.4000000046,72.9013140294896,19.089264656174947,37.478,24.770708084106445,52.20270808410645,14.724708084106446,14.724708084106446,2.18,SOURCE-DERIVED invert; DERIVED DEM ground and cover,DEM-derived rim in repository THD convention,JUNCTION,
N_2179121007_cc5a684,2179121007,19,279197.2000000179,2112019.500000005,72.90135957827819,19.089193816010457,37.354,25.472332000732422,52.904332000732424,15.550332000732425,15.550332000732425,1.948,SOURCE-DERIVED invert; DERIVED DEM ground and cover,DEM-derived rim in repository THD convention,JUNCTION,
N_2179121101_1ea8ed9,2179121101,19,279120.70000001846,2112113.400000005,72.90062214447856,19.090033592303026,38.568000000000005,20.850248336791992,48.282248336791994,9.71424833679199,9.71424833679199,2.659,SOURCE-DERIVED invert; DERIVED DEM ground and cover,DEM-derived rim in repository THD convention,JUNCTION,
N_2179121102_a409848,2179121102,19,279122.40000001877,2112108.9000000055,72.9006388068421,19.089993134630085,38.318000000000005,19.649728775024414,47.081728775024416,8.763728775024411,8.763728775024411,3.098,SOURCE-DERIVED invert; DERIVED DEM ground and cover,DEM-derived rim in repository THD convention,JUNCTION,
N_2179121103_eb20fd2,2179121103,19,279122.40000001795,2112126.9000000055,72.90063675674703,19.090155701615082,38.657000000000004,20.850248336791992,48.282248336791994,9.62524833679199,9.62524833679199,2.502,SOURCE-DERIVED invert; DERIVED DEM ground and cover,DEM-derived rim in repository THD convention,JUNCTION,
N_2179121104_7d39e0c,2179121104,19,279133.1000000173,2112138.6000000047,72.90073707332078,19.09026252871688,38.826,20.850248336791992,48.282248336791994,9.456248336791994,9.456248336791994,2.533,SOURCE-DERIVED invert; DERIVED DEM ground and cover,DEM-derived rim in repository THD convention,JUNCTION,
N_2179121105_fa4759d,2179121105,19,279136.00000001804,2112142.000000005,72.90076423586952,19.09029354980935,38.864000000000004,22.717134475708008,50.14913447570801,11.285134475708006,11.285134475708006,2.869,SOURCE-DERIVED invert; DERIVED DEM ground and cover,DEM-derived rim in repository THD convention,JUNCTION,
N_2179121106_900bee2,2179121106,19,279145.70000001846,2112101.900000005,72.90086095180703,19.08993243686878,38.187000000000005,18.068017959594727,45.50001795959473,7.313017959594724,7.313017959594724,3.098,SOURCE-DERIVED invert; DERIVED DEM ground and cover,DEM-derived rim in repository THD convention,JUNCTION,
N_2179121107_72fd9b0,2179121107,19,279150.4000000178,2112163.2000000044,72.90089862046237,19.090486576699117,39.037,24.556156158447266,51.98815615844727,12.951156158447269,12.951156158447269,2.869,SOURCE-DERIVED invert; DERIVED DEM ground and cover,DEM-derived rim in repository THD convention,JUNCTION,
N_2179121108_d1b3a0d,2179121108,19,279167.3000000181,2112188.0000000047,72.90105634526786,19.090712387572186,39.276,22.701688766479492,50.133688766479494,10.857688766479491,10.857688766479491,3.585,SOURCE-DERIVED invert; DERIVED DEM ground and cover,DEM-derived rim in repository THD convention,JUNCTION,
N_2179121201_522c4fd,2179121201,19,279181.10000001785,2112206.000000005,72.90118539491634,19.090876448547544,39.538000000000004,22.644865036010742,50.076865036010744,10.53886503601074,10.53886503601074,3.585,SOURCE-DERIVED invert; DERIVED DEM ground and cover,DEM-derived rim in repository THD convention,JUNCTION,
N_2179121202_21ce95e,2179121202,19,279187.30000001757,2112209.6000000047,72.90124388473978,19.090909633123143,39.708,22.644865036010742,50.076865036010744,10.368865036010746,10.368865036010746,2.535,SOURCE-DERIVED invert; DERIVED DEM ground and cover,DEM-derived rim in repository THD convention,JUNCTION,
N_2179121801_96d5b00,2179121801,19,279197.6000000175,2112825.8000000054,72.90127156077143,19.096475958088348,53.489000000000004,36.1811637878418,63.6131637878418,10.124163787841795,10.124163787841795,1.497,SOURCE-DERIVED invert; DERIVED DEM ground and cover,DEM-derived rim in repository THD convention,JUNCTION,
N_2179121802_6f862a0,2179121802,19,279198.20000001806,2112811.400000005,72.90127890110084,19.09634596950435,53.205000000000005,36.1811637878418,63.6131637878418,10.408163787841794,10.408163787841794,1.534,SOURCE-DERIVED invert; DERIVED DEM ground and cover,DEM-derived rim in repository THD convention,JUNCTION,
N_2179122001_b6949fd,2179122001,19,279205.5000000176,2112004.6000000047,72.90144012343181,19.08906014493501,37.301,22.52317237854004,49.95517237854004,12.65417237854004,12.65417237854004,1.948,SOURCE-DERIVED invert; DERIVED DEM ground and cover,DEM-derived rim in repository THD convention,JUNCTION,
N_2179122002_a99fa4c,2179122002,19,279220.2000000173,2112003.800000005,72.90157986239572,19.089054510681063,37.17,22.52317237854004,49.95517237854004,12.78517237854004,12.78517237854004,1.861,SOURCE-DERIVED invert; DERIVED DEM ground and cover,DEM-derived rim in repository THD convention,JUNCTION,
N_2179122003_98e2015,2179122003,19,279244.200000018,2112002.500000004,72.90180800694976,19.089045366964086,37.074000000000005,23.96186065673828,51.39386065673828,14.319860656738278,14.319860656738278,2.965,SOURCE-DERIVED invert; DERIVED DEM ground and cover,DEM-derived rim in repository THD convention,JUNCTION,
N_2179122201_dc8b1e1,2179122201,19,279211.60000001686,2112285.1000000043,72.90146613762887,19.091594141960513,40.607,27.270544052124023,54.702544052124026,14.095544052124026,14.095544052124026,3.131,SOURCE-DERIVED invert; DERIVED DEM ground and cover,DEM-derived rim in repository THD convention,JUNCTION,
N_2179122202_4e26e23,2179122202,19,279214.7000000181,2112279.200000004,72.90149625938997,19.091541191648645,40.532000000000004,27.270544052124023,54.702544052124026,14.170544052124022,14.170544052124022,3.294,SOURCE-DERIVED invert; DERIVED DEM ground and cover,DEM-derived rim in repository THD convention,JUNCTION,
N_2179122203_23f4d6d,2179122203,19,279215.5000000183,2112277.6000000043,72.90150404155906,19.091526827837775,40.410000000000004,27.270544052124023,54.702544052124026,14.292544052124022,14.292544052124022,3.294,SOURCE-DERIVED invert; DERIVED DEM ground and cover,DEM-derived rim in repository THD convention,JUNCTION,
N_2179122204_e0ad1d9,2179122204,19,279217.4000000167,2112226.5000000047,72.9015279094889,19.091065523686414,39.916000000000004,26.22830581665039,53.66030581665039,13.744305816650389,13.744305816650389,3.425,SOURCE-DERIVED invert; DERIVED DEM ground and cover,DEM-derived rim in repository THD convention,JUNCTION,
N_2179122205_d10d34b,2179122205,19,279226.9000000183,2112258.900000005,72.90161447052972,19.09135917264564,40.315000000000005,27.69623565673828,55.12823565673828,14.813235656738279,14.813235656738279,3.373,SOURCE-DERIVED invert; DERIVED DEM ground and cover,DEM-derived rim in repository THD convention,JUNCTION,
N_2179122206_c61fa2e,2179122206,19,279227.4000000182,2112250.0000000047,72.90162023377934,19.0912788463806,40.072,27.69623565673828,55.12823565673828,15.05623565673828,15.05623565673828,3.425,SOURCE-DERIVED invert; DERIVED DEM ground and cover,DEM-derived rim in repository THD convention,JUNCTION,
N_2179122207_73301a1,2179122207,19,279227.90000001877,2112253.9000000055,72.9016245397622,19.09131412336215,40.197,27.69623565673828,55.12823565673828,14.93123565673828,14.93123565673828,3.396,SOURCE-DERIVED invert; DERIVED DEM ground and cover,DEM-derived rim in repository THD convention,JUNCTION,
N_2179122301_6ecedad,2179122301,19,279203.600000018,2112311.300000007,72.90138715438682,19.091829901343463,40.94,29.41244125366211,56.84444125366211,15.904441253662114,15.904441253662114,2.27,SOURCE-DERIVED invert; DERIVED DEM ground and cover,DEM-derived rim in repository THD convention,JUNCTION,
N_2179122302_ea3a59e,2179122302,19,279204.8000000175,2112329.500000005,72.90139648206467,19.091994404574724,41.065000000000005,27.5917911529541,55.023791152954104,13.958791152954099,13.958791152954099,2.27,SOURCE-DERIVED invert; DERIVED DEM ground and cover,DEM-derived rim in repository THD convention,JUNCTION,
N_2179122303_bc77d5d,2179122303,19,279205.3000000175,2112305.900000005,72.901403919275,19.09178131525625,40.753,29.41244125366211,56.84444125366211,16.09144125366211,16.09144125366211,2.382,SOURCE-DERIVED invert; DERIVED DEM ground and cover,DEM-derived rim in repository THD convention,JUNCTION,
N_2179122304_0a2ee08,2179122304,19,279206.3000000176,2112335.500000004,72.90141004891116,19.092048755959294,41.249,27.5917911529541,55.023791152954104,13.774791152954101,13.774791152954101,2.928,SOURCE-DERIVED invert; DERIVED DEM ground and cover,DEM-derived rim in repository THD convention,JUNCTION,
N_2179122305_4fc0749,2179122305,19,279210.6000000179,2112354.300000006,72.90144875839484,19.092219013662113,41.612,27.5917911529541,55.023791152954104,13.411791152954102,13.411791152954102,2.928,SOURCE-DERIVED invert; DERIVED DEM ground and cover,DEM-derived rim in repository THD convention,JUNCTION,
N_2179122306_ac2e550,2179122306,19,279215.5000000171,2112363.6000000047,72.90149424966043,19.092303537041467,41.837,22.82911491394043,50.26111491394043,8.424114913940429,8.424114913940429,3.083,SOURCE-DERIVED invert; DERIVED DEM ground and cover,DEM-derived rim in repository THD convention,JUNCTION,
N_2179122307_ee57d73,2179122307,19,279223.300000018,2112376.300000006,72.90156690398507,19.092419081428083,42.154,22.82911491394043,50.26111491394043,8.107114913940428,8.107114913940428,3.623,SOURCE-DERIVED invert; DERIVED DEM ground and cover,DEM-derived rim in repository THD convention,JUNCTION,
N_2179122308_f3d01fa,2179122308,19,279227.70000001835,2112385.900000006,72.90160761117373,19.092506260117467,42.375,21.75844383239746,49.19044383239746,6.815443832397463,6.815443832397463,4.865,SOURCE-DERIVED invert; DERIVED DEM ground and cover,DEM-derived rim in repository THD convention,JUNCTION,
N_2179122309_e478221,2179122309,19,279230.50000001735,2112390.6000000047,72.90163367620214,19.09254901125417,42.474000000000004,25.00835418701172,52.44035418701172,9.966354187011717,9.966354187011717,4.865,SOURCE-DERIVED invert; DERIVED DEM ground and cover,DEM-derived rim in repository THD convention,JUNCTION,
N_2179122401_41b983e,2179122401,19,279244.70000001846,2112416.1000000043,72.90176567384685,19.09278085155196,43.112,29.35489273071289,56.78689273071289,13.674892730712891,13.674892730712891,2.836,SOURCE-DERIVED invert; DERIVED DEM ground and cover,DEM-derived rim in repository THD convention,JUNCTION,
N_2179122402_4bba9c2,2179122402,19,279249.7000000178,2112452.3000000054,72.90180905286721,19.09310833313572,44.018,34.21748352050781,61.649483520507815,17.631483520507814,17.631483520507814,2.463,SOURCE-DERIVED invert; DERIVED DEM ground and cover,DEM-derived rim in repository THD convention,JUNCTION,
N_2179122403_3435def,2179122403,19,279250.90000001807,2112435.700000004,72.90182234286793,19.0929585400646,43.627,29.35489273071289,56.78689273071289,13.15989273071289,13.15989273071289,2.532,SOURCE-DERIVED invert; DERIVED DEM ground and cover,DEM-derived rim in repository THD convention,JUNCTION,
N_2179122404_af367b7,2179122404,19,279252.6000000171,2112432.200000004,72.90183889147191,19.092927113798407,43.458000000000006,29.35489273071289,56.78689273071289,13.328892730712887,13.328892730712887,2.532,SOURCE-DERIVED invert; DERIVED DEM ground and cover,DEM-derived rim in repository THD convention,JUNCTION,
N_2179122405_0cca5c7,2179122405,19,279255.20000001823,2112435.100000005,72.90186326152465,19.092953586560125,43.597,29.35489273071289,56.78689273071289,13.189892730712891,13.189892730712891,2.582,SOURCE-DERIVED invert; DERIVED DEM ground and cover,DEM-derived rim in repository THD convention,JUNCTION,
N_2179122406_aec1330,2179122406,19,279259.4000000179,2112444.300000005,72.9019021144974,19.093037130959257,43.714,29.35489273071289,56.78689273071289,13.072892730712894,13.072892730712894,3.65,SOURCE-DERIVED invert; DERIVED DEM ground and cover,DEM-derived rim in repository THD convention,JUNCTION,
N_2179122407_278f2a3,2179122407,19,279268.9000000177,2112447.800000006,72.90199196687772,19.093069769380556,43.791000000000004,38.14312744140625,65.57512744140625,21.78412744140625,21.78412744140625,3.65,SOURCE-DERIVED invert; DERIVED DEM ground and cover,DEM-derived rim in repository THD convention,JUNCTION,
N_2179122408_c67977b,2179122408,19,279294.6000000172,2112424.3000000054,72.9022387940818,19.092860310216924,44.221000000000004,35.47724533081055,62.90924533081055,18.688245330810545,18.688245330810545,3.277,SOURCE-DERIVED invert; DERIVED DEM ground and cover,DEM-derived rim in repository THD convention,JUNCTION,
N_2179122501_08f92ea,2179122501,19,279246.00000001816,2112577.300000006,72.90175967052905,19.09423687043993,46.941,29.600120544433594,57.032120544433596,10.091120544433593,10.091120544433593,2.355,SOURCE-DERIVED invert; DERIVED DEM ground and cover,DEM-derived rim in repository THD convention,JUNCTION,
N_2179122502_c087098,2179122502,19,279261.100000017,2112502.1000000047,72.90191168436688,19.093559335846695,45.349000000000004,40.0,67.432,22.083,22.083,2.268,SOURCE-DERIVED invert; DERIVED DEM ground and cover,DEM-derived rim in repository THD convention,JUNCTION,
N_2179122503_51a70a1,2179122503,19,279263.9000000182,2112511.3000000054,72.90193723730528,19.09364272872363,45.598,36.769935607910156,64.20193560791016,18.60393560791016,18.60393560791016,2.43,SOURCE-DERIVED invert; DERIVED DEM ground and cover,DEM-derived rim in repository THD convention,JUNCTION,
N_2179122504_5e64af1,2179122504,19,279279.40000001853,2112544.1000000047,72.90208075524254,19.093940639571592,46.14,30.304353713989258,57.73635371398926,11.59635371398926,11.59635371398926,2.444,SOURCE-DERIVED invert; DERIVED DEM ground and cover,DEM-derived rim in repository THD convention,JUNCTION,
N_2179122505_ff3bb5c,2179122505,19,279281.90000001754,2112549.600000004,72.90210387947127,19.093990583404047,46.25,30.304353713989258,57.73635371398926,11.48635371398926,11.48635371398926,2.444,SOURCE-DERIVED invert; DERIVED DEM ground and cover,DEM-derived rim in repository THD convention,JUNCTION,
N_2179122506_0df651e,2179122506,19,279282.0000000176,2112557.6000000047,72.90210391876523,19.094062846257003,46.388000000000005,30.304353713989258,57.73635371398926,11.348353713989255,11.348353713989255,2.355,SOURCE-DERIVED invert; DERIVED DEM ground and cover,DEM-derived rim in repository THD convention,JUNCTION,
N_2179122507_8f47339,2179122507,19,279283.7000000184,2112553.400000005,72.90212054713804,19.09402509792168,46.301,30.304353713989258,57.73635371398926,11.435353713989258,11.435353713989258,2.392,SOURCE-DERIVED invert; DERIVED DEM ground and cover,DEM-derived rim in repository THD convention,JUNCTION,
N_2179122601_082a161,2179122601,19,279224.3000000173,2112689.8000000054,72.90154070629094,19.095250565182923,49.917,30.536972045898438,57.96897204589844,8.051972045898438,8.051972045898438,2.35,SOURCE-DERIVED invert; DERIVED DEM ground and cover,DEM-derived rim in repository THD convention,JUNCTION,
N_2179122602_e6c3b0d,2179122602,19,279225.2000000174,2112679.6000000043,72.90155041803229,19.095158541322434,49.707,30.0,57.432,7.725000000000001,7.725000000000001,2.362,SOURCE-DERIVED invert; DERIVED DEM ground and cover,DEM-derived rim in repository THD convention,JUNCTION,
N_2179122603_f099f2a,2179122603,19,279231.8000000161,2112669.100000005,72.90161431505881,19.095064425072515,49.707,30.077098846435547,57.50909884643555,7.802098846435548,7.802098846435548,2.362,SOURCE-DERIVED invert; DERIVED DEM ground and cover,DEM-derived rim in repository THD convention,JUNCTION,
N_2179122604_ee97c23,2179122604,19,279237.60000001756,2112656.800000006,72.90167081681902,19.094953965490607,49.211000000000006,29.3026180267334,56.7346180267334,7.523618026733395,7.523618026733395,2.34,SOURCE-DERIVED invert; DERIVED DEM ground and cover,DEM-derived rim in repository THD convention,JUNCTION,
N_2179122605_ae0d9f6,2179122605,19,279240.90000001783,2112654.100000004,72.90170247490221,19.094929937667054,48.994,29.3026180267334,56.7346180267334,7.740618026733401,7.740618026733401,2.372,SOURCE-DERIVED invert; DERIVED DEM ground and cover,DEM-derived rim in repository THD convention,JUNCTION,
N_2179122606_68c52f4,2179122606,19,279255.0000000187,2112651.000000005,72.90183678059346,19.094903466288635,48.772000000000006,29.3026180267334,56.7346180267334,7.962618026733395,7.962618026733395,2.372,SOURCE-DERIVED invert; DERIVED DEM ground and cover,DEM-derived rim in repository THD convention,JUNCTION,
N_2179122607_923fb0a,2179122607,19,279259.70000001765,2112648.4000000055,72.90188172752684,19.094880493120485,48.666000000000004,29.3026180267334,56.7346180267334,8.068618026733397,8.068618026733397,2.183,SOURCE-DERIVED invert; DERIVED DEM ground and cover,DEM-derived rim in repository THD convention,JUNCTION,
N_2179122608_8c6c982,2179122608,19,279259.90000001783,2112642.700000005,72.90188427655167,19.094829035208722,48.592000000000006,29.3026180267334,56.7346180267334,8.142618026733395,8.142618026733395,2.183,SOURCE-DERIVED invert; DERIVED DEM ground and cover,DEM-derived rim in repository THD convention,JUNCTION,
N_2179122701_f9ae5b3,2179122701,19,279209.4000000187,2112799.400000005,72.90138667086246,19.09623880423516,52.821000000000005,33.23526382446289,60.66726382446289,7.846263824462888,7.846263824462888,1.653,SOURCE-DERIVED invert; DERIVED DEM ground and cover,DEM-derived rim in repository THD convention,JUNCTION,
N_2179122702_e857d6b,2179122702,19,279217.00000001816,2112750.000000005,72.9014644989332,19.095793471090715,51.03,32.246337890625,59.678337890625,8.648337890625001,8.648337890625001,2.5,SOURCE-DERIVED invert; DERIVED DEM ground and cover,DEM-derived rim in repository THD convention,JUNCTION,
N_2179122703_c72ffe8,2179122703,19,279217.4000000177,2112739.500000005,72.90146949482762,19.095698683663784,50.858000000000004,32.0,59.432,8.573999999999998,8.573999999999998,2.5,SOURCE-DERIVED invert; DERIVED DEM ground and cover,DEM-derived rim in repository THD convention,JUNCTION,
N_2179122704_11e6925,2179122704,19,279226.6000000177,2112705.800000005,72.90156073472961,19.0953953181701,50.287,30.536972045898438,57.96897204589844,7.681972045898441,7.681972045898441,2.45,SOURCE-DERIVED invert; DERIVED DEM ground and cover,DEM-derived rim in repository THD convention,JUNCTION,
N_2179122801_0d81e20,2179122801,19,279200.3000000172,2112846.700000004,72.90129483100867,19.096665008723832,53.796,37.91805648803711,65.35005648803711,11.554056488037112,11.554056488037112,1.457,SOURCE-DERIVED invert; DERIVED DEM ground and cover,DEM-derived rim in repository THD convention,JUNCTION,
N_2179122802_879b661,2179122802,19,279201.0000000178,2112852.200000005,72.90130085475731,19.096714757751027,54.0,37.91805648803711,65.35005648803711,11.350056488037112,11.350056488037112,1.775,SOURCE-DERIVED invert; DERIVED DEM ground and cover,DEM-derived rim in repository THD convention,JUNCTION,
N_2179122803_c77ee3e,2179122803,19,279205.4000000186,2112877.200000005,72.90133980855794,19.09694102159614,54.577000000000005,45.20204544067383,72.63404544067383,18.057045440673825,18.057045440673825,1.775,SOURCE-DERIVED invert; DERIVED DEM ground and cover,DEM-derived rim in repository THD convention,JUNCTION,
N_2179122804_6f40c9d,2179122804,19,279207.80000001856,2112881.4000000055,72.90136213091455,19.09697921375171,54.777,45.20204544067383,72.63404544067383,17.85704544067383,17.85704544067383,1.776,SOURCE-DERIVED invert; DERIVED DEM ground and cover,DEM-derived rim in repository THD convention,JUNCTION,
N_2179122805_086ba1e,2179122805,19,279210.60000001773,2112896.6000000047,72.90138700052191,19.097116795679916,55.175000000000004,45.20204544067383,72.63404544067383,17.459045440673826,17.459045440673826,2.214,SOURCE-DERIVED invert; DERIVED DEM ground and cover,DEM-derived rim in repository THD convention,JUNCTION,
N_2179122901_23ce81b,2179122901,19,279235.6000000185,2112959.6000000047,72.90161733349194,19.09768848683601,56.945,38.02920913696289,65.46120913696289,8.516209136962893,8.516209136962893,2.264,SOURCE-DERIVED invert; DERIVED DEM ground and cover,DEM-derived rim in repository THD convention,JUNCTION,
N_2179122902_7e5a370,2179122902,19,279241.3000000176,2112966.800000006,72.9016706654977,19.097754130746864,57.184000000000005,38.27002716064453,65.70202716064453,8.518027160644529,8.518027160644529,2.299,SOURCE-DERIVED invert; DERIVED DEM ground and cover,DEM-derived rim in repository THD convention,JUNCTION,
N_2179122903_25c154d,2179122903,19,279249.0572000185,2112973.9781000046,72.90174354417475,19.097819799576907,57.437000000000005,38.27002716064453,65.70202716064453,8.265027160644529,8.265027160644529,2.686,SOURCE-DERIVED invert; DERIVED DEM ground and cover,DEM-derived rim in repository THD convention,JUNCTION,
N_2179122904_20aa30a,2179122904,19,279255.55270001665,2112978.5443000044,72.90180473374859,19.09786174242044,57.692,38.27002716064453,65.70202716064453,8.010027160644533,8.010027160644533,2.686,SOURCE-DERIVED invert; DERIVED DEM ground and cover,DEM-derived rim in repository THD convention,JUNCTION,
N_2179122905_7719c29,2179122905,19,279268.2221000172,2112979.8948000055,72.90192494383602,19.097875311018182,57.762,38.80720520019531,66.23920520019531,8.477205200195314,8.477205200195314,2.5,SOURCE-DERIVED invert; DERIVED DEM ground and cover,DEM-derived rim in repository THD convention,JUNCTION,
N_2179122906_0597c06,2179122906,19,279271.1000000179,2112996.000000004,72.90195045097289,19.098021076661013,58.086000000000006,38.0,65.432,7.3459999999999965,7.3459999999999965,2.5,SOURCE-DERIVED invert; DERIVED DEM ground and cover,DEM-derived rim in repository THD convention,JUNCTION,
N_2179123401_127d275,2179123401,19,279306.1000000167,2112418.200000004,72.90234873927928,19.0928064624225,44.584,35.47724533081055,62.90924533081055,18.325245330810546,18.325245330810546,1.883,SOURCE-DERIVED invert; DERIVED DEM ground and cover,DEM-derived rim in repository THD convention,JUNCTION,
N_2179123402_f5085a3,2179123402,19,279317.00000001816,2112424.1000000047,72.90245161860697,19.092860927720118,44.655,35.47724533081055,62.90924533081055,18.254245330810548,18.254245330810548,2.515,SOURCE-DERIVED invert; DERIVED DEM ground and cover,DEM-derived rim in repository THD convention,JUNCTION,
N_2179123403_cc8c6eb,2179123403,19,279341.10000001674,2112450.6000000047,72.90267755477956,19.09310287016636,44.861000000000004,35.58391189575195,63.015911895751955,18.15491189575195,18.15491189575195,2.515,SOURCE-DERIVED invert; DERIVED DEM ground and cover,DEM-derived rim in repository THD convention,JUNCTION,
N_2179123404_f19692b,2179123404,19,279343.5000000176,2112470.5000000047,72.90269809033859,19.09328285683121,45.515,35.58391189575195,63.015911895751955,17.500911895751955,17.500911895751955,2.255,SOURCE-DERIVED invert; DERIVED DEM ground and cover,DEM-derived rim in repository THD convention,JUNCTION,
N_2179123405_a067f68,2179123405,19,279343.50000001804,2112481.500000005,72.90269683850121,19.093382203418535,45.675000000000004,39.0568962097168,66.4888962097168,20.813896209716795,20.813896209716795,2.253,SOURCE-DERIVED invert; DERIVED DEM ground and cover,DEM-derived rim in repository THD convention,JUNCTION,
N_2179123406_6aba0b4,2179123406,19,279345.9000000185,2112459.7000000044,72.90272211964628,19.093185576196703,45.451,35.58391189575195,63.015911895751955,17.564911895751955,17.564911895751955,2.255,SOURCE-DERIVED invert; DERIVED DEM ground and cover,DEM-derived rim in repository THD convention,JUNCTION,
N_2179123501_964097f,2179123501,19,279343.2000000179,2112556.9000000055,72.90268540747115,19.0940631466278,46.478,28.076215744018555,55.50821574401856,9.030215744018555,9.030215744018555,3.386,SOURCE-DERIVED invert; DERIVED DEM ground and cover,DEM-derived rim in repository THD convention,JUNCTION,
N_2179123502_0f0b1a4,2179123502,19,279344.2000000183,2112564.900000005,72.90269399715261,19.094135506879475,46.478,28.076215744018555,55.50821574401856,9.030215744018555,9.030215744018555,3.386,SOURCE-DERIVED invert; DERIVED DEM ground and cover,DEM-derived rim in repository THD convention,JUNCTION,
N_2179123503_6b2cfe7,2179123503,19,279348.0000000181,2112501.000000005,72.90273736985905,19.093558804676576,45.845,39.0568962097168,66.4888962097168,20.6438962097168,20.6438962097168,2.312,SOURCE-DERIVED invert; DERIVED DEM ground and cover,DEM-derived rim in repository THD convention,JUNCTION,
N_2179123504_58e1d42,2179123504,19,279349.20000001776,2112571.500000005,72.90274074679876,19.094195655794604,46.687000000000005,26.416608810424805,53.84860881042481,7.161608810424802,7.161608810424802,1.845,SOURCE-DERIVED invert; DERIVED DEM ground and cover,DEM-derived rim in repository THD convention,JUNCTION,
N_2179123505_654df97,2179123505,19,279350.90000001894,2112543.900000005,72.90276003807952,19.09394657011211,46.324000000000005,28.076215744018555,55.50821574401856,9.184215744018552,9.184215744018552,3.375,SOURCE-DERIVED invert; DERIVED DEM ground and cover,DEM-derived rim in repository THD convention,JUNCTION,
N_2179123506_d1dec56,2179123506,19,279352.8000000187,2112519.200000005,72.90278089926534,19.093723697426682,45.975,31.605152130126953,59.037152130126955,13.062152130126954,13.062152130126954,2.312,SOURCE-DERIVED invert; DERIVED DEM ground and cover,DEM-derived rim in repository THD convention,JUNCTION,
N_2179123507_5a914f8,2179123507,19,279354.40000001783,2112534.500000005,72.90279435831815,19.093862052599775,46.262,31.605152130126953,59.037152130126955,12.775152130126955,12.775152130126955,3.375,SOURCE-DERIVED invert; DERIVED DEM ground and cover,DEM-derived rim in repository THD convention,JUNCTION,
N_2179123508_9898f07,2179123508,19,279354.9000000182,2112530.1000000043,72.90279960911245,19.093822368058287,46.196000000000005,31.605152130126953,59.037152130126955,12.84115213012695,12.84115213012695,3.028,SOURCE-DERIVED invert; DERIVED DEM ground and cover,DEM-derived rim in repository THD convention,JUNCTION,
N_2179123509_b608308,2179123509,19,279355.20000001776,2112526.0000000056,72.90280292573627,19.09378537133133,46.073,31.605152130126953,59.037152130126955,12.964152130126955,12.964152130126955,2.227,SOURCE-DERIVED invert; DERIVED DEM ground and cover,DEM-derived rim in repository THD convention,JUNCTION,
N_2179123510_a9cc457,2179123510,19,279364.1000000171,2112579.0000000047,72.90288144565456,19.094265004118448,46.774,26.0,53.432,6.658000000000001,6.658000000000001,1.706,SOURCE-DERIVED invert; DERIVED DEM ground and cover,DEM-derived rim in repository THD convention,JUNCTION,
N_2179123511_cd62509,2179123511,19,279366.1000000172,2112584.6000000047,72.90289980870682,19.094315796934357,46.913000000000004,26.0,53.432,6.518999999999998,6.518999999999998,1.678,SOURCE-DERIVED invert; DERIVED DEM ground and cover,DEM-derived rim in repository THD convention,JUNCTION,
N_2179123601_1be7726,2179123601,19,279361.9000000189,2112606.400000005,72.90285742713942,19.094512229423934,47.009,26.7232608795166,54.155260879516604,7.146260879516603,7.146260879516603,1.738,SOURCE-DERIVED invert; DERIVED DEM ground and cover,DEM-derived rim in repository THD convention,JUNCTION,
N_2179123602_610abc5,2179123602,19,279366.90000001853,2112612.4000000055,72.90290424522064,19.094566959406254,47.176,26.7232608795166,54.155260879516604,6.979260879516602,6.979260879516602,1.799,SOURCE-DERIVED invert; DERIVED DEM ground and cover,DEM-derived rim in repository THD convention,JUNCTION,
N_2179123603_88457ba,2179123603,19,279384.8000000169,2112613.4000000055,72.90307418465112,19.094577927366515,47.393,28.21880340576172,55.65080340576172,8.25780340576172,8.25780340576172,1.799,SOURCE-DERIVED invert; DERIVED DEM ground and cover,DEM-derived rim in repository THD convention,JUNCTION,
N_2179123604_5bc05d7,2179123604,19,279386.6851000178,2112614.4173000054,72.90309197768396,19.094587319044816,47.5,28.21880340576172,55.65080340576172,8.150803405761721,8.150803405761721,1.787,SOURCE-DERIVED invert; DERIVED DEM ground and cover,DEM-derived rim in repository THD convention,JUNCTION,
N_2179123605_a2a0a1e,2179123605,19,279387.52910001826,2112615.092500004,72.90309991900658,19.09459350842046,47.516000000000005,28.21880340576172,55.65080340576172,8.134803405761716,8.134803405761716,2.174,SOURCE-DERIVED invert; DERIVED DEM ground and cover,DEM-derived rim in repository THD convention,JUNCTION,
N_2179123606_265a537,2179123606,19,279392.80000001704,2112666.2000000044,72.90314417806678,19.095055656449603,48.298,31.451229095458984,58.88322909545899,10.585229095458985,10.585229095458985,1.748,SOURCE-DERIVED invert; DERIVED DEM ground and cover,DEM-derived rim in repository THD convention,JUNCTION,
N_2179123607_362b212,2179123607,19,279394.8000000181,2112669.0000000047,72.90316285987439,19.095081161026275,48.513000000000005,31.451229095458984,58.88322909545899,10.370229095458981,10.370229095458981,2.107,SOURCE-DERIVED invert; DERIVED DEM ground and cover,DEM-derived rim in repository THD convention,JUNCTION,
N_2179123608_843755d,2179123608,19,279397.5000000176,2112628.700000004,72.9031930960465,19.094717483274792,47.567,29.79673957824707,57.22873957824707,9.661739578247072,9.661739578247072,2.174,SOURCE-DERIVED invert; DERIVED DEM ground and cover,DEM-derived rim in repository THD convention,JUNCTION,
N_2179123609_f6128d9,2179123609,19,279399.6000000156,2112648.1000000047,72.90321083901706,19.094892921718763,48.125,29.79673957824707,57.22873957824707,9.103739578247072,9.103739578247072,1.748,SOURCE-DERIVED invert; DERIVED DEM ground and cover,DEM-derived rim in repository THD convention,JUNCTION,
N_2179124601_efa2b91,2179124601,19,279400.00000001735,2112677.3000000054,72.90321131653698,19.09515668505832,48.683,31.451229095458984,58.88322909545899,10.200229095458987,10.200229095458987,2.107,SOURCE-DERIVED invert; DERIVED DEM ground and cover,DEM-derived rim in repository THD convention,JUNCTION,
N_2179124602_3dd5a70,2179124602,19,279400.30000001733,2112641.5000000056,72.90321824013799,19.0948333894766,47.743,29.79673957824707,57.22873957824707,9.48573957824707,9.48573957824707,2.066,SOURCE-DERIVED invert; DERIVED DEM ground and cover,DEM-derived rim in repository THD convention,JUNCTION,
N_2179124603_4e1e5c6,2179124603,19,279409.3000000178,2112684.700000004,72.90329882654657,19.095224524220836,48.858000000000004,31.451229095458984,58.88322909545899,10.025229095458982,10.025229095458982,1.77,SOURCE-DERIVED invert; DERIVED DEM ground and cover,DEM-derived rim in repository THD convention,JUNCTION,
N_2179124604_6d0ae75,2179124604,19,279430.7000000179,2112688.000000004,72.90350175580707,19.095256642916198,49.132000000000005,33.09036636352539,60.52236636352539,11.390366363525388,11.390366363525388,2.328,SOURCE-DERIVED invert; DERIVED DEM ground and cover,DEM-derived rim in repository THD convention,JUNCTION,
N_2179124605_6af4249,2179124605,19,279448.000000018,2112698.6000000043,72.90366490377029,19.095354248016196,49.372,35.534305572509766,62.96630557250977,13.594305572509768,13.594305572509768,3.176,SOURCE-DERIVED invert; DERIVED DEM ground and cover,DEM-derived rim in repository THD convention,JUNCTION,
N_2179124701_3fd812e,2179124701,19,279449.60000001785,2112700.400000005,72.90367989936306,19.095370677778277,49.486000000000004,35.534305572509766,62.96630557250977,13.480305572509764,13.480305572509764,3.5,SOURCE-DERIVED invert; DERIVED DEM ground and cover,DEM-derived rim in repository THD convention,JUNCTION,
N_2179124702_c77f655,2179124702,19,279451.70000001753,2112777.800000006,72.90369104446637,19.096069943874795,50.636,38.14146423339844,65.57346423339844,14.937464233398437,14.937464233398437,3.458,SOURCE-DERIVED invert; DERIVED DEM ground and cover,DEM-derived rim in repository THD convention,JUNCTION,
N_2179124703_9fa2fca,2179124703,19,279456.80000001943,2112709.900000005,72.90374722030259,19.095457255812395,49.581,35.534305572509766,62.96630557250977,13.385305572509765,13.385305572509765,3.5,SOURCE-DERIVED invert; DERIVED DEM ground and cover,DEM-derived rim in repository THD convention,JUNCTION,
N_2179124704_3806966,2179124704,19,279457.7000000175,2112748.1000000043,72.9037514248495,19.095802356896296,50.269000000000005,37.36955642700195,64.80155642700196,14.53255642700195,14.53255642700195,1.864,SOURCE-DERIVED invert; DERIVED DEM ground and cover,DEM-derived rim in repository THD convention,JUNCTION,
N_2179124705_7676681,2179124705,19,279461.6000000166,2112733.1000000047,72.90379018223867,19.095667305995057,49.994,37.36955642700195,64.80155642700196,14.807556427001956,14.807556427001956,2.546,SOURCE-DERIVED invert; DERIVED DEM ground and cover,DEM-derived rim in repository THD convention,JUNCTION,
N_2179124706_5fe652f,2179124706,19,279461.7000000181,2112717.7000000044,72.90379288414543,19.09552823152377,49.772000000000006,35.534305572509766,62.96630557250977,13.194305572509762,13.194305572509762,2.919,SOURCE-DERIVED invert; DERIVED DEM ground and cover,DEM-derived rim in repository THD convention,JUNCTION,
N_2179124801_2260c15,2179124801,19,279446.20000001707,2112816.6000000047,72.90363437866182,19.096419771631318,51.631,34.62544631958008,62.05744631958008,10.42644631958008,10.42644631958008,2.08,SOURCE-DERIVED invert; DERIVED DEM ground and cover,DEM-derived rim in repository THD convention,JUNCTION,
N_2179124802_30baaf0,2179124802,19,279447.6000000179,2112827.1000000047,72.90364648446113,19.096514753911663,52.104,34.62544631958008,62.05744631958008,9.953446319580081,9.953446319580081,1.965,SOURCE-DERIVED invert; DERIVED DEM ground and cover,DEM-derived rim in repository THD convention,JUNCTION,
N_2179124803_a5469cf,2179124803,19,279452.70000001753,2112807.500000005,72.90369716584111,19.096338287903045,50.927,36.00080871582031,63.432808715820315,12.505808715820315,12.505808715820315,3.458,SOURCE-DERIVED invert; DERIVED DEM ground and cover,DEM-derived rim in repository THD convention,JUNCTION,
N_2179124804_67d1faf,2179124804,19,279457.60000001674,2112870.000000005,72.90373660674287,19.096903287278675,52.837,34.123741149902344,61.555741149902346,8.718741149902343,8.718741149902343,1.751,SOURCE-DERIVED invert; DERIVED DEM ground and cover,DEM-derived rim in repository THD convention,JUNCTION,
N_2179124805_caf46d4,2179124805,19,279458.2000000177,2112839.000000005,72.90374583376182,19.096623375341807,52.329,34.62544631958008,62.05744631958008,9.72844631958008,9.72844631958008,2.162,SOURCE-DERIVED invert; DERIVED DEM ground and cover,DEM-derived rim in repository THD convention,JUNCTION,
N_2179124806_b91849b,2179124806,19,279459.3000000181,2112850.000000005,72.90375503265201,19.0967228409296,52.523,34.123741149902344,61.555741149902346,9.032741149902343,9.032741149902343,2.162,SOURCE-DERIVED invert; DERIVED DEM ground and cover,DEM-derived rim in repository THD convention,JUNCTION,
N_2179124807_25d5cdd,2179124807,19,279475.50000001735,2112877.9000000055,72.90390576372965,19.09697657212947,53.229,35.239681243896484,62.67168124389649,9.442681243896487,9.442681243896487,1.519,SOURCE-DERIVED invert; DERIVED DEM ground and cover,DEM-derived rim in repository THD convention,JUNCTION,
N_2179124808_d2e1ed6,2179124808,19,279485.3000000174,2112882.1000000047,72.9039983891215,19.09701556430129,53.4,35.239681243896484,62.67168124389649,9.271681243896488,9.271681243896488,1.808,SOURCE-DERIVED invert; DERIVED DEM ground and cover,DEM-derived rim in repository THD convention,JUNCTION,
N_2179124901_305e835,2179124901,19,279488.5000000183,2112914.900000005,72.9040250589715,19.09731214394652,54.842000000000006,37.402305603027344,64.83430560302735,9.99230560302734,9.99230560302734,2.156,SOURCE-DERIVED invert; DERIVED DEM ground and cover,DEM-derived rim in repository THD convention,JUNCTION,
N_2179124902_2206429,2179124902,19,279490.7000000169,2112939.3000000054,72.90404318406537,19.097532750747025,55.416000000000004,36.287776947021484,63.71977694702149,8.303776947021483,8.303776947021483,4.273,SOURCE-DERIVED invert; DERIVED DEM ground and cover,DEM-derived rim in repository THD convention,JUNCTION,
N_2179124903_2b68d53,2179124903,19,279491.70000001823,2112973.700000004,72.90404877114742,19.09784354288672,56.442,38.106815338134766,65.53881533813477,9.096815338134768,9.096815338134768,2.008,SOURCE-DERIVED invert; DERIVED DEM ground and cover,DEM-derived rim in repository THD convention,JUNCTION,
N_2179124904_61a61a3,2179124904,19,279492.1000000178,2112968.000000004,72.90405321972115,19.097792106529564,56.022000000000006,38.106815338134766,65.53881533813477,9.516815338134762,9.516815338134762,3.0,SOURCE-DERIVED invert; DERIVED DEM ground and cover,DEM-derived rim in repository THD convention,JUNCTION,
N_2179124905_7f5e8c1,2179124905,19,279493.9000000175,2112947.900000006,72.904072606902,19.0976107678047,55.725,36.287776947021484,63.71977694702149,7.994776947021485,7.994776947021485,4.273,SOURCE-DERIVED invert; DERIVED DEM ground and cover,DEM-derived rim in repository THD convention,JUNCTION,
N_2179130501_68fb310,2179130501,15,279058.5000000186,2113570.300000006,72.8998652023189,19.103184832390603,44.109,26.507705688476562,53.939705688476565,9.830705688476563,9.830705688476563,2.0,SOURCE-DERIVED invert; DERIVED DEM ground and cover,DEM-derived rim in repository THD convention,JUNCTION,
N_2179130601_a34c052,2179130601,15,279067.60000001814,2113603.7000000044,72.89994785010111,19.103487470221758,44.547000000000004,24.752614974975586,52.18461497497559,7.637614974975584,7.637614974975584,2.0,SOURCE-DERIVED invert; DERIVED DEM ground and cover,DEM-derived rim in repository THD convention,JUNCTION,
N_2179130602_fa94698,2179130602,15,279075.2000000176,2113638.7000000044,72.90001606467187,19.103804395829425,45.0,24.134767532348633,51.566767532348635,6.566767532348635,6.566767532348635,2.0,SOURCE-DERIVED invert; DERIVED DEM ground and cover,DEM-derived rim in repository THD convention,JUNCTION,
N_2179132001_9327c47,2179132001,19,279274.3000000179,2113005.800000006,72.9019797362069,19.098109931762963,58.423,38.0,65.432,7.009,7.009,1.601,SOURCE-DERIVED invert; DERIVED DEM ground and cover,DEM-derived rim in repository THD convention,JUNCTION,
N_2179132002_d36fca0,2179132002,19,279280.30000001786,2113025.300000006,72.90203451798777,19.09828669550908,58.878,38.17064666748047,65.60264666748047,6.724646667480471,6.724646667480471,1.375,SOURCE-DERIVED invert; DERIVED DEM ground and cover,DEM-derived rim in repository THD convention,JUNCTION,
N_2179132003_f19a01e,2179132003,19,279282.70000001707,2113034.800000006,72.90205623714782,19.09837275455399,59.14,38.17064666748047,65.60264666748047,6.46264666748047,6.46264666748047,1.338,SOURCE-DERIVED invert; DERIVED DEM ground and cover,DEM-derived rim in repository THD convention,JUNCTION,
N_2179132004_56a4356,2179132004,19,279283.80000001757,2113040.5000000047,72.90206603851841,19.09842435317531,59.284000000000006,38.17064666748047,65.60264666748047,6.318646667480465,6.318646667480465,1.054,SOURCE-DERIVED invert; DERIVED DEM ground and cover,DEM-derived rim in repository THD convention,JUNCTION,
N_2179134001_f96ca89,2179134001,19,279471.30000001786,2113087.0000000047,72.90384207304206,19.09886460667992,60.869,44.27700424194336,71.70900424194336,10.840004241943362,10.840004241943362,2.313,SOURCE-DERIVED invert; DERIVED DEM ground and cover,DEM-derived rim in repository THD convention,JUNCTION,
N_2179134002_1b5030c,2179134002,19,279471.70000001794,2113095.0000000047,72.90384496299922,19.0989369020175,61.174,44.27700424194336,71.70900424194336,10.535004241943362,10.535004241943362,2.282,SOURCE-DERIVED invert; DERIVED DEM ground and cover,DEM-derived rim in repository THD convention,JUNCTION,
N_2179134003_00a60a0,2179134003,19,279472.40000001795,2113068.4000000055,72.90385463974278,19.098696739583527,60.137,45.06370162963867,72.49570162963867,12.358701629638674,12.358701629638674,2.313,SOURCE-DERIVED invert; DERIVED DEM ground and cover,DEM-derived rim in repository THD convention,JUNCTION,
N_2179134004_f5a7bf3,2179134004,19,279473.2000000184,2113058.0000000056,72.9038634233324,19.098602898412192,59.730000000000004,45.51302719116211,72.94502719116211,13.215027191162108,13.215027191162108,3.068,SOURCE-DERIVED invert; DERIVED DEM ground and cover,DEM-derived rim in repository THD convention,JUNCTION,
N_2179134005_ccd252a,2179134005,19,279480.7000000181,2113032.300000006,72.90393760032187,19.098371599778226,58.704,53.454410552978516,80.88641055297852,22.182410552978517,22.182410552978517,3.068,SOURCE-DERIVED invert; DERIVED DEM ground and cover,DEM-derived rim in repository THD convention,JUNCTION,
N_2179134006_37b9ecf,2179134006,19,279483.500000017,2113002.1000000043,72.90396763718518,19.09809915098881,57.022000000000006,44.984466552734375,72.41646655273438,15.394466552734372,15.394466552734372,2.321,SOURCE-DERIVED invert; DERIVED DEM ground and cover,DEM-derived rim in repository THD convention,JUNCTION,
N_2179134101_84dda8f,2179134101,19,279470.80000001664,2113145.800000006,72.90383063262365,19.099395605320254,63.122,46.98106384277344,74.41306384277344,11.29106384277344,11.29106384277344,3.638,SOURCE-DERIVED invert; DERIVED DEM ground and cover,DEM-derived rim in repository THD convention,JUNCTION,
N_2179134102_aa0fcec,2179134102,19,279471.50000001816,2113117.300000005,72.90384052566407,19.099138283035817,62.556000000000004,45.56614303588867,72.99814303588867,10.44214303588867,10.44214303588867,3.625,SOURCE-DERIVED invert; DERIVED DEM ground and cover,DEM-derived rim in repository THD convention,JUNCTION,
N_2179134103_ef7e119,2179134103,19,279472.70000001776,2113154.700000004,72.90384767085548,19.099476191258855,63.547000000000004,46.98106384277344,74.41306384277344,10.866063842773436,10.866063842773436,3.638,SOURCE-DERIVED invert; DERIVED DEM ground and cover,DEM-derived rim in repository THD convention,JUNCTION,
N_2179134104_4872a21,2179134104,19,279482.2000000179,2113174.0000000047,72.90393572939855,19.0996515269198,64.247,46.210269927978516,73.64226992797852,9.395269927978518,9.395269927978518,3.108,SOURCE-DERIVED invert; DERIVED DEM ground and cover,DEM-derived rim in repository THD convention,JUNCTION,
N_2179134201_8ea02ee,2179134201,19,279486.9000000176,2113204.6000000043,72.90397690010988,19.09992839944568,64.658,46.800804138183594,74.2328041381836,9.574804138183595,9.574804138183595,3.658,SOURCE-DERIVED invert; DERIVED DEM ground and cover,DEM-derived rim in repository THD convention,JUNCTION,
N_2179134202_ff894cb,2179134202,19,279492.2000000174,2113229.900000005,72.90402437422503,19.100157469865806,66.562,45.81187438964844,73.24387438964844,6.681874389648442,6.681874389648442,3.658,SOURCE-DERIVED invert; DERIVED DEM ground and cover,DEM-derived rim in repository THD convention,JUNCTION,
N_2179135201_977ce8f,2179135201,19,279511.80000001786,2113233.2000000044,72.90421020871514,19.100189393664774,67.22500000000001,47.8116455078125,75.2436455078125,8.018645507812494,8.018645507812494,3.846,SOURCE-DERIVED invert; DERIVED DEM ground and cover,DEM-derived rim in repository THD convention,JUNCTION,
N_2179135202_b7da7ba,2179135202,19,279527.3000000169,2113236.6000000043,72.90435707982476,19.100221777056333,67.552,47.8116455078125,75.2436455078125,7.6916455078124955,7.6916455078124955,3.846,SOURCE-DERIVED invert; DERIVED DEM ground and cover,DEM-derived rim in repository THD convention,JUNCTION,
N_2179135203_b146dee,2179135203,19,279541.504000018,2113255.6639000047,72.90448985655334,19.10039548888628,68.036,50.201026916503906,77.63302691650391,9.597026916503907,9.597026916503907,3.762,SOURCE-DERIVED invert; DERIVED DEM ground and cover,DEM-derived rim in repository THD convention,JUNCTION,
N_2179135204_2ff689a,2179135204,19,279548.2000000171,2113284.700000003,72.90455016922108,19.100658452829197,69.86800000000001,50.620086669921875,78.05208666992188,8.184086669921868,8.184086669921868,2.873,SOURCE-DERIVED invert; DERIVED DEM ground and cover,DEM-derived rim in repository THD convention,JUNCTION,
N_2179135301_cbd9ba8,2179135301,19,279553.5000000177,2113300.900000005,72.90459867935557,19.100805336424028,70.125,48.82111740112305,76.25311740112305,6.128117401123049,6.128117401123049,2.962,SOURCE-DERIVED invert; DERIVED DEM ground and cover,DEM-derived rim in repository THD convention,JUNCTION,
N_2179135302_734b229,2179135302,19,279559.000000017,2113312.500000005,72.90464961290724,19.10091069668382,70.236,48.82111740112305,76.25311740112305,6.017117401123045,6.017117401123045,3.433,SOURCE-DERIVED invert; DERIVED DEM ground and cover,DEM-derived rim in repository THD convention,JUNCTION,
N_2179135303_2568f40,2179135303,19,279571.7000000174,2113339.500000005,72.90476719893108,19.101155920737128,70.36500000000001,53.06509780883789,80.49709780883789,10.132097808837884,10.132097808837884,4.634,SOURCE-DERIVED invert; DERIVED DEM ground and cover,DEM-derived rim in repository THD convention,JUNCTION,
N_2179135304_3108969,2179135304,19,279584.80000001716,2113366.500000005,72.90488858550421,19.101401187990653,70.964,52.364871978759766,79.79687197875977,8.83287197875977,8.83287197875977,4.784,SOURCE-DERIVED invert; DERIVED DEM ground and cover,DEM-derived rim in repository THD convention,JUNCTION,
N_2179135305_bd8d741,2179135305,19,279588.9000000162,2113394.7000000044,72.90492433055886,19.10165631994422,71.796,52.60951232910156,80.04151232910156,8.245512329101558,8.245512329101558,4.202,SOURCE-DERIVED invert; DERIVED DEM ground and cover,DEM-derived rim in repository THD convention,JUNCTION,
N_2179135306_ca86e62,2179135306,19,279589.6000000174,2113375.1000000043,72.9049332101828,19.1014793779767,71.214,52.364871978759766,79.79687197875977,8.58287197875977,8.58287197875977,4.784,SOURCE-DERIVED invert; DERIVED DEM ground and cover,DEM-derived rim in repository THD convention,JUNCTION,
N_2179135401_9ccfd01,2179135401,19,279585.7000000172,2113403.6000000047,72.90489291638329,19.10173635441761,72.325,52.60951232910156,80.04151232910156,7.716512329101562,7.716512329101562,3.673,SOURCE-DERIVED invert; DERIVED DEM ground and cover,DEM-derived rim in repository THD convention,JUNCTION,
N_2179140701_a4903a1,2179140701,15,279026.9677000188,2114754.098500005,72.8994305835149,19.11387286031709,47.199000000000005,33.8220100402832,61.254010040283205,14.0550100402832,14.0550100402832,2.0,SOURCE-DERIVED invert; DERIVED DEM ground and cover,DEM-derived rim in repository THD convention,JUNCTION,
N_2179141601_f5fa501,2179141601,15,279119.30000001774,2114650.9000000055,72.9003196280198,19.112950838934808,48.0,28.523714065551758,55.95571406555176,7.95571406555176,7.95571406555176,2.0,SOURCE-DERIVED invert; DERIVED DEM ground and cover,DEM-derived rim in repository THD convention,JUNCTION,
N_2179141701_02d9717,2179141701,15,279120.92900001747,2114712.906300005,72.90032803307874,19.11351102388047,47.698,39.024986267089844,66.45698626708985,18.758986267089846,18.758986267089846,2.0,SOURCE-DERIVED invert; DERIVED DEM ground and cover,DEM-derived rim in repository THD convention,JUNCTION,
