grid_id,ward,flood_label,flood_fraction,spatial_cv_fold,elevation_mean,slope_mean,flow_accumulation,flow_accumulation_area_km2,flow_accumulation_log,drain_density,distance_to_drain,distance_to_water,built_up_fraction,vegetation_fraction,water_fraction,mangrove_fraction,building_count,building_density,clay_percent,sand_percent,silt_percent,infiltration_proxy,topographic_wetness_index,drain_capacity_proxy_m2,drainage_stress_index,road_length_m,has_railway,has_hospital,is_critical_asset_cell,event_id,timestamp_or_event_window,rainfall_total_mm,rainfall_1h_mm,rainfall_3h_mm,rainfall_6h_mm,rainfall_12h_mm,rainfall_24h_mm,peak_15min_mm,peak_1h_mm,swmm_nearest_node_depth_proxy_m,swmm_node_flooding_m3,swmm_peak_conduit_flow_m3s,swmm_peak_conduit_velocity_m_s,swmm_subcatchment_runoff_mm,swmm_surface_runoff_mm,swmm_runoff_coefficient,physics_quality_status,hydraulic_validation_status,data_quality_status,rainfall_provenance,surface_provenance,swmm_provenance,hydraulic_coverage,mapping_classification,physics_coverage,scenario_id,swmm_model_version,feature_source,spatial_block_id
22963,L,0,0.0,2,4.946481068929036,3.668759028116862,1.0,0.0009251339207344,0.6931471805599453,5.663742835628263,42.67380433875799,1857.3801549906257,0.6181818181818182,0.0909090909090909,0.2818181818181818,0.0,16,1600.0,0.0,0.0,0.0,0.4,7.352,0.017,61.47,0.0,0,0,1,E001,2005-07-26 reconstructed 15-minute hyetograph; 108 intervals,944.181998744607,250.38599395751956,431.6999950408936,649.2999992370605,866.5999999046326,943.2999987602234,69.0719985961914,250.38599395751956,0.1081126928329467,0.0,0.8910227417945862,0.7185769081115723,900.7117539093448,900.7117539093448,,HYDRAULIC_PROXY; direct SWMM where mapped; street-surface states unavailable,UNVALIDATED_NO_EVENT_MATCHED_HYDRAULIC_OBSERVATIONS,RAINFALL_RECONSTRUCTED_15MIN; grid represents Phase 1 pilot coverage,Reconstructed E001 hyetograph; source rainfall is IMD three-hour observations,Unavailable; no street coupling,Phase 2A historical_2005 normalized SWMM output,True,PILOT_SUBCATCHMENT_ASSIGNED,1,historical_2005,terra05-swmm-v1.0.0,GIS + Phase 2B SWMM; rainfall reconstructed,137_1054
22964,L,0,0.0,2,-1.5191566944122314,4.483036041259766,15.0,0.013877008811017,2.772588722239781,0.0,70.61454431317897,1930.9987675173245,0.0165289256198347,0.0,0.975206611570248,0.0,2,200.0,0.0,0.0,0.0,0.4,9.859,0.0,1.65,0.0,0,0,0,E001,2005-07-26 reconstructed 15-minute hyetograph; 108 intervals,944.181998744607,250.38599395751956,431.6999950408936,649.2999992370605,866.5999999046326,943.2999987602234,69.0719985961914,250.38599395751956,0.1081126928329467,0.0,0.8910227417945862,0.7185769081115723,832.573667073593,832.573667073593,,HYDRAULIC_PROXY; direct SWMM where mapped; street-surface states unavailable,UNVALIDATED_NO_EVENT_MATCHED_HYDRAULIC_OBSERVATIONS,RAINFALL_RECONSTRUCTED_15MIN; grid represents Phase 1 pilot coverage,Reconstructed E001 hyetograph; source rainfall is IMD three-hour observations,Unavailable; no street coupling,Phase 2A historical_2005 normalized SWMM output,True,PILOT_SUBCATCHMENT_ASSIGNED,1,historical_2005,terra05-swmm-v1.0.0,GIS + Phase 2B SWMM; rainfall reconstructed,137_1054
23249,L,1,0.9207071701004242,2,8.992019653320312,6.923074086507161,2.0,0.0018502678414689,1.0986122886681098,1.2888024973590824,49.088232720239056,1644.9226122083996,0.6859504132231405,0.3057851239669421,0.0,0.0,20,2000.0,0.0,0.0,0.0,0.4,7.407,0.004,68.51,114.3,1,0,1,E001,2005-07-26 reconstructed 15-minute hyetograph; 108 intervals,944.181998744607,250.38599395751956,431.6999950408936,649.2999992370605,866.5999999046326,943.2999987602234,69.0719985961914,250.38599395751956,5.529600143432617,72852.60367356241,0.5870223045349121,3.690552234649658,908.2482845951016,908.2482845951016,,HYDRAULIC_PROXY; direct SWMM where mapped; street-surface states unavailable,UNVALIDATED_NO_EVENT_MATCHED_HYDRAULIC_OBSERVATIONS,RAINFALL_RECONSTRUCTED_15MIN; grid represents Phase 1 pilot coverage,Reconstructed E001 hyetograph; source rainfall is IMD three-hour observations,Unavailable; no street coupling,Phase 2A historical_2005 normalized SWMM output,True,PILOT_SUBCATCHMENT_ASSIGNED,1,historical_2005,terra05-swmm-v1.0.0,GIS + Phase 2B SWMM; rainfall reconstructed,137_1054
23250,L,1,0.987762916287021,2,8.403344048394096,7.113731384277344,2.0,0.0018502678414689,1.0986122886681098,2.3118497728046647,31.027653006312388,1716.0027972456598,0.8264462809917356,0.1570247933884297,0.0,0.0,6,600.0,0.0,0.0,0.0,0.4,7.379,0.007,82.45,79.7,1,0,1,E001,2005-07-26 reconstructed 15-minute hyetograph; 108 intervals,944.181998744607,250.38599395751956,431.6999950408936,649.2999992370605,866.5999999046326,943.2999987602234,69.0719985961914,250.38599395751956,5.529600143432617,72852.60367356241,0.5870223045349121,3.690552234649658,923.8422416154206,923.8422416154206,,HYDRAULIC_PROXY; direct SWMM where mapped; street-surface states unavailable,UNVALIDATED_NO_EVENT_MATCHED_HYDRAULIC_OBSERVATIONS,RAINFALL_RECONSTRUCTED_15MIN; grid represents Phase 1 pilot coverage,Reconstructed E001 hyetograph; source rainfall is IMD three-hour observations,Unavailable; no street coupling,Phase 2A historical_2005 normalized SWMM output,True,PILOT_SUBCATCHMENT_ASSIGNED,1,historical_2005,terra05-swmm-v1.0.0,GIS + Phase 2B SWMM; rainfall reconstructed,137_1054
23251,L,1,0.5453277837674789,2,5.329531351725261,2.362271202935113,9.0,0.0083262052866102,2.302585092994046,0.5446453425279605,66.92817977969946,1789.8493791812073,0.9818181818181818,0.0,0.0,0.0,35,3500.0,0.0,0.0,0.0,0.4,9.99,0.002,98.13,83.7,1,0,1,E001,2005-07-26 reconstructed 15-minute hyetograph; 108 intervals,944.181998744607,250.38599395751956,431.6999950408936,649.2999992370605,866.5999999046326,943.2999987602234,69.0719985961914,250.38599395751956,0.1081126928329467,0.0,0.8910227417945862,0.7185769081115723,941.2646079339172,941.2646079339172,,HYDRAULIC_PROXY; direct SWMM where mapped; street-surface states unavailable,UNVALIDATED_NO_EVENT_MATCHED_HYDRAULIC_OBSERVATIONS,RAINFALL_RECONSTRUCTED_15MIN; grid represents Phase 1 pilot coverage,Reconstructed E001 hyetograph; source rainfall is IMD three-hour observations,Unavailable; no street coupling,Phase 2A historical_2005 normalized SWMM output,True,PILOT_SUBCATCHMENT_ASSIGNED,1,historical_2005,terra05-swmm-v1.0.0,GIS + Phase 2B SWMM; rainfall reconstructed,137_1054
23252,L,0,0.0,2,3.2875210444132485,3.5964762369791665,2.0,0.0018502678414689,1.0986122886681098,8.867041859461272,17.236740542550013,1866.1339716525647,0.5289256198347108,0.0165289256198347,0.3471074380165289,0.0,23,2300.0,0.0,0.0,0.0,0.4,8.065,0.027,52.43,0.0,0,0,1,E001,2005-07-26 reconstructed 15-minute hyetograph; 108 intervals,944.181998744607,250.38599395751956,431.6999950408936,649.2999992370605,866.5999999046326,943.2999987602234,69.0719985961914,250.38599395751956,0.1081126928329467,0.0,0.8910227417945862,0.7185769081115723,890.7062783408762,890.7062783408762,,HYDRAULIC_PROXY; direct SWMM where mapped; street-surface states unavailable,UNVALIDATED_NO_EVENT_MATCHED_HYDRAULIC_OBSERVATIONS,RAINFALL_RECONSTRUCTED_15MIN; grid represents Phase 1 pilot coverage,Reconstructed E001 hyetograph; source rainfall is IMD three-hour observations,Unavailable; no street coupling,Phase 2A historical_2005 normalized SWMM output,True,PILOT_SUBCATCHMENT_ASSIGNED,1,historical_2005,terra05-swmm-v1.0.0,GIS + Phase 2B SWMM; rainfall reconstructed,137_1054
23253,L,0,0.0,2,-1.510262171427409,1.991867913140191,20.0,0.0185026784146894,3.044522437723423,0.0,76.56761148327686,1944.5696696586112,0.0,0.0,0.9834710743801652,0.0,1,100.0,0.0,0.0,0.0,0.4,10.96,0.0,0.0,0.0,0,0,0,E001,2005-07-26 reconstructed 15-minute hyetograph; 108 intervals,944.181998744607,250.38599395751956,431.6999950408936,649.2999992370605,866.5999999046326,943.2999987602234,69.0719985961914,250.38599395751956,0.0,0.0,0.0,0.0,829.0914978127693,829.0914978127693,,HYDRAULIC_PROXY; direct SWMM where mapped; street-surface states unavailable,UNVALIDATED_NO_EVENT_MATCHED_HYDRAULIC_OBSERVATIONS,RAINFALL_RECONSTRUCTED_15MIN; grid represents Phase 1 pilot coverage,Reconstructed E001 hyetograph; source rainfall is IMD three-hour observations,Unavailable; no street coupling,Phase 2A historical_2005 normalized SWMM output,True,PILOT_SUBCATCHMENT_ASSIGNED,1,historical_2005,terra05-swmm-v1.0.0,GIS + Phase 2B SWMM; rainfall reconstructed,137_1054
23537,L,1,1.0,2,7.459370930989583,5.536765416463216,21.0,0.0194278123354238,3.091042453358316,0.0,145.7975123046124,1574.633341497905,0.8016528925619835,0.1983471074380165,0.0,0.0,28,2800.0,0.0,0.0,0.0,0.4,9.983,0.0,80.17,399.6,1,0,1,E001,2005-07-26 reconstructed 15-minute hyetograph; 108 intervals,944.181998744607,250.38599395751956,431.6999950408936,649.2999992370605,866.5999999046326,943.2999987602234,69.0719985961914,250.38599395751956,5.529600143432617,72852.60367356241,0.5870223045349121,3.690552234649658,921.1001027734162,921.1001027734162,,HYDRAULIC_PROXY; direct SWMM where mapped; street-surface states unavailable,UNVALIDATED_NO_EVENT_MATCHED_HYDRAULIC_OBSERVATIONS,RAINFALL_RECONSTRUCTED_15MIN; grid represents Phase 1 pilot coverage,Reconstructed E001 hyetograph; source rainfall is IMD three-hour observations,Unavailable; no street coupling,Phase 2A historical_2005 normalized SWMM output,True,PILOT_SUBCATCHMENT_ASSIGNED,1,historical_2005,terra05-swmm-v1.0.0,GIS + Phase 2B SWMM; rainfall reconstructed,137_1054
23538,L,1,1.0,2,14.112162272135416,10.002891540527344,1.0,0.0009251339207344,0.6931471805599453,0.0,114.7367679060916,1648.7466027735377,0.6776859504132231,0.3223140495867768,0.0,0.0,5,500.0,0.0,0.0,0.0,0.4,6.34,0.0,67.77,0.0,1,0,1,E001,2005-07-26 reconstructed 15-minute hyetograph; 108 intervals,944.181998744607,250.38599395751956,431.6999950408936,649.2999992370605,866.5999999046326,943.2999987602234,69.0719985961914,250.38599395751956,5.529600143432617,72852.60367356241,0.5870223045349121,3.690552234649658,907.3274209063673,907.3274209063673,,HYDRAULIC_PROXY; direct SWMM where mapped; street-surface states unavailable,UNVALIDATED_NO_EVENT_MATCHED_HYDRAULIC_OBSERVATIONS,RAINFALL_RECONSTRUCTED_15MIN; grid represents Phase 1 pilot coverage,Reconstructed E001 hyetograph; source rainfall is IMD three-hour observations,Unavailable; no street coupling,Phase 2A historical_2005 normalized SWMM output,True,PILOT_SUBCATCHMENT_ASSIGNED,1,historical_2005,terra05-swmm-v1.0.0,GIS + Phase 2B SWMM; rainfall reconstructed,137_1054
23539,L,1,0.999814006872911,2,5.14888170030382,7.282316419813368,2.0,0.0018502678414689,1.0986122886681098,13.461383643824009,18.97352430017765,1725.4740102817268,0.7363636363636363,0.2545454545454545,0.0,0.009090909090909,5,500.0,0.0,0.0,0.0,0.4,7.356,0.04,72.66,40.3,1,0,1,E001,2005-07-26 reconstructed 15-minute hyetograph; 108 intervals,944.181998744607,250.38599395751956,431.6999950408936,649.2999992370605,866.5999999046326,943.2999987602234,69.0719985961914,250.38599395751956,5.529600143432617,72852.60367356241,0.5870223045349121,3.690552234649658,913.836203997125,913.836203997125,,HYDRAULIC_PROXY; direct SWMM where mapped; street-surface states unavailable,UNVALIDATED_NO_EVENT_MATCHED_HYDRAULIC_OBSERVATIONS,RAINFALL_RECONSTRUCTED_15MIN; grid represents Phase 1 pilot coverage,Reconstructed E001 hyetograph; source rainfall is IMD three-hour observations,Unavailable; no street coupling,Phase 2A historical_2005 normalized SWMM output,True,PILOT_SUBCATCHMENT_ASSIGNED,1,historical_2005,terra05-swmm-v1.0.0,GIS + Phase 2B SWMM; rainfall reconstructed,137_1054
23540,L,1,0.1564796737784587,2,3.479778289794922,2.1351985931396484,25.0,0.0231283480183617,3.258096538021482,14.086091029239276,9.079295266457688,1804.482130739489,0.9173553719008264,0.0082644628099173,0.0,0.0,21,2100.0,0.0,0.0,0.0,0.4,11.113,0.042,90.46,122.4,1,0,1,E001,2005-07-26 reconstructed 15-minute hyetograph; 108 intervals,944.181998744607,250.38599395751956,431.6999950408936,649.2999992370605,866.5999999046326,943.2999987602234,69.0719985961914,250.38599395751956,0.0,0.0,0.0,0.0,934.084271720785,934.084271720785,,HYDRAULIC_PROXY; direct SWMM where mapped; street-surface states unavailable,UNVALIDATED_NO_EVENT_MATCHED_HYDRAULIC_OBSERVATIONS,RAINFALL_RECONSTRUCTED_15MIN; grid represents Phase 1 pilot coverage,Reconstructed E001 hyetograph; source rainfall is IMD three-hour observations,Unavailable; no street coupling,Phase 2A historical_2005 normalized SWMM output,True,PILOT_SUBCATCHMENT_ASSIGNED,1,historical_2005,terra05-swmm-v1.0.0,GIS + Phase 2B SWMM; rainfall reconstructed,137_1054
23541,L,0,0.0,2,2.2532391018337674,3.4428109063042536,2.0,0.0018502678414689,1.0986122886681098,9.47426415115762,3.0881663263462915,1885.4842773564967,0.5619834710743802,0.0,0.371900826446281,0.0,26,2600.0,0.0,0.0,0.0,0.4,8.109,0.028,55.67,11.0,0,0,1,E001,2005-07-26 reconstructed 15-minute hyetograph; 108 intervals,944.181998744607,250.38599395751956,431.6999950408936,649.2999992370605,866.5999999046326,943.2999987602234,69.0719985961914,250.38599395751956,0.0,0.0,0.0,0.0,894.4138174743418,894.4138174743418,,HYDRAULIC_PROXY; direct SWMM where mapped; street-surface states unavailable,UNVALIDATED_NO_EVENT_MATCHED_HYDRAULIC_OBSERVATIONS,RAINFALL_RECONSTRUCTED_15MIN; grid represents Phase 1 pilot coverage,Reconstructed E001 hyetograph; source rainfall is IMD three-hour observations,Unavailable; no street coupling,Phase 2A historical_2005 normalized SWMM output,True,PILOT_SUBCATCHMENT_ASSIGNED,1,historical_2005,terra05-swmm-v1.0.0,GIS + Phase 2B SWMM; rainfall reconstructed,137_1054
23542,L,0,0.0,2,-1.24244138929579,4.917661031087239,364.0,0.3367487471473474,5.899897353582492,0.0,84.65045263597023,1968.234274714008,0.0330578512396694,0.0082644628099173,0.9008264462809916,0.0,2,200.0,0.0,0.0,0.0,0.4,12.955,0.0,3.31,0.0,0,0,0,E001,2005-07-26 reconstructed 15-minute hyetograph; 108 intervals,944.181998744607,250.38599395751956,431.6999950408936,649.2999992370605,866.5999999046326,943.2999987602234,69.0719985961914,250.38599395751956,0.0,0.0,0.0,0.0,834.608582782457,834.608582782457,,HYDRAULIC_PROXY; direct SWMM where mapped; street-surface states unavailable,UNVALIDATED_NO_EVENT_MATCHED_HYDRAULIC_OBSERVATIONS,RAINFALL_RECONSTRUCTED_15MIN; grid represents Phase 1 pilot coverage,Reconstructed E001 hyetograph; source rainfall is IMD three-hour observations,Unavailable; no street coupling,Phase 2A historical_2005 normalized SWMM output,True,PILOT_SUBCATCHMENT_ASSIGNED,1,historical_2005,terra05-swmm-v1.0.0,GIS + Phase 2B SWMM; rainfall reconstructed,137_1054
23543,L,0,0.0,2,-0.585007455613878,2.267485724555121,4.0,0.0037005356829378,1.6094379124341005,0.0,75.06326404358838,2052.520733186245,0.0826446280991735,0.0,0.9173553719008264,0.0,0,0.0,0.0,0.0,0.0,0.4,9.22,0.0,8.26,0.0,0,0,0,E001,2005-07-26 reconstructed 15-minute hyetograph; 108 intervals,944.181998744607,250.38599395751956,431.6999950408936,649.2999992370605,866.5999999046326,943.2999987602234,69.0719985961914,250.38599395751956,0.0,0.0,0.0,0.0,839.0923965831458,839.0923965831458,,HYDRAULIC_PROXY; direct SWMM where mapped; street-surface states unavailable,UNVALIDATED_NO_EVENT_MATCHED_HYDRAULIC_OBSERVATIONS,RAINFALL_RECONSTRUCTED_15MIN; grid represents Phase 1 pilot coverage,Reconstructed E001 hyetograph; source rainfall is IMD three-hour observations,Unavailable; no street coupling,Phase 2A historical_2005 normalized SWMM output,True,PILOT_SUBCATCHMENT_ASSIGNED,1,historical_2005,terra05-swmm-v1.0.0,GIS + Phase 2B SWMM; rainfall reconstructed,137_1054
23824,L,1,1.0,2,9.070537567138672,3.984185695648194,3.0,0.0027754017622034,1.3862943611198906,0.0,215.2808766119504,1507.7035252857931,0.6528925619834711,0.3471074380165289,0.0,0.0,11,1100.0,0.0,0.0,0.0,0.4,8.368,0.0,65.29,119.5,0,0,1,E001,2005-07-26 reconstructed 15-minute hyetograph; 108 intervals,944.181998744607,250.38599395751956,431.6999950408936,649.2999992370605,866.5999999046326,943.2999987602234,69.0719985961914,250.38599395751956,5.529600143432617,72852.60367356241,0.5870223045349121,3.690552234649658,904.5888309660947,904.5888309660947,,HYDRAULIC_PROXY; direct SWMM where mapped; street-surface states unavailable,UNVALIDATED_NO_EVENT_MATCHED_HYDRAULIC_OBSERVATIONS,RAINFALL_RECONSTRUCTED_15MIN; grid represents Phase 1 pilot coverage,Reconstructed E001 hyetograph; source rainfall is IMD three-hour observations,Unavailable; no street coupling,Phase 2A historical_2005 normalized SWMM output,True,PILOT_SUBCATCHMENT_ASSIGNED,1,historical_2005,terra05-swmm-v1.0.0,GIS + Phase 2B SWMM; rainfall reconstructed,137_1054
23825,L,1,1.0,2,2.801501909891764,4.408692042032878,36.0,0.0333048211464409,3.610917912644224,0.0,141.3215691678725,1584.9495639166669,0.1157024793388429,0.8842975206611571,0.0,0.0,6,600.0,0.0,0.0,0.0,0.4,10.751,0.0,11.57,67.3,0,0,0,E001,2005-07-26 reconstructed 15-minute hyetograph; 108 intervals,944.181998744607,250.38599395751956,431.6999950408936,649.2999992370605,866.5999999046326,943.2999987602234,69.0719985961914,250.38599395751956,5.529600143432617,72852.60367356241,0.5870223045349121,3.690552234649658,843.9343541315609,843.9343541315609,,HYDRAULIC_PROXY; direct SWMM where mapped; street-surface states unavailable,UNVALIDATED_NO_EVENT_MATCHED_HYDRAULIC_OBSERVATIONS,RAINFALL_RECONSTRUCTED_15MIN; grid represents Phase 1 pilot coverage,Reconstructed E001 hyetograph; source rainfall is IMD three-hour observations,Unavailable; no street coupling,Phase 2A historical_2005 normalized SWMM output,True,PILOT_SUBCATCHMENT_ASSIGNED,1,historical_2005,terra05-swmm-v1.0.0,GIS + Phase 2B SWMM; rainfall reconstructed,137_1054
23826,L,1,0.9990098446216924,2,2.7259976069132485,3.76533571879069,6.0,0.0055508035244068,1.9459101490553128,0.0,77.65910595889326,1664.6201729403788,0.0545454545454545,0.9454545454545454,0.0,0.0,0,0.0,0.0,0.0,0.0,0.4,9.118,0.0,5.45,0.0,1,0,1,E001,2005-07-26 reconstructed 15-minute hyetograph; 108 intervals,944.181998744607,250.38599395751956,431.6999950408936,649.2999992370605,866.5999999046326,943.2999987602234,69.0719985961914,250.38599395751956,5.529600143432617,72852.60367356241,0.5870223045349121,3.690552234649658,836.6911803383844,836.6911803383844,,HYDRAULIC_PROXY; direct SWMM where mapped; street-surface states unavailable,UNVALIDATED_NO_EVENT_MATCHED_HYDRAULIC_OBSERVATIONS,RAINFALL_RECONSTRUCTED_15MIN; grid represents Phase 1 pilot coverage,Reconstructed E001 hyetograph; source rainfall is IMD three-hour observations,Unavailable; no street coupling,Phase 2A historical_2005 normalized SWMM output,True,PILOT_SUBCATCHMENT_ASSIGNED,1,historical_2005,terra05-swmm-v1.0.0,GIS + Phase 2B SWMM; rainfall reconstructed,137_1054
23827,L,1,0.1488416222940245,2,4.516182899475098,7.6376953125,2.0,0.0018502678414689,1.0986122886681098,14.476726282755426,22.61962933468268,1746.3835547096978,0.5867768595041323,0.3471074380165289,0.0578512396694214,0.0082644628099173,2,200.0,0.0,0.0,0.0,0.4,7.308,0.043,57.84,0.0,1,0,1,E001,2005-07-26 reconstructed 15-minute hyetograph; 108 intervals,944.181998744607,250.38599395751956,431.6999950408936,649.2999992370605,866.5999999046326,943.2999987602234,69.0719985961914,250.38599395751956,0.0,0.0,0.0,0.0,897.2546490967941,897.2546490967941,,HYDRAULIC_PROXY; direct SWMM where mapped; street-surface states unavailable,UNVALIDATED_NO_EVENT_MATCHED_HYDRAULIC_OBSERVATIONS,RAINFALL_RECONSTRUCTED_15MIN; grid represents Phase 1 pilot coverage,Reconstructed E001 hyetograph; source rainfall is IMD three-hour observations,Unavailable; no street coupling,Phase 2A historical_2005 normalized SWMM output,True,PILOT_SUBCATCHMENT_ASSIGNED,1,historical_2005,terra05-swmm-v1.0.0,GIS + Phase 2B SWMM; rainfall reconstructed,137_1054
23828,L,0,0.002333188157932,2,2.99021848042806,2.668821652730306,1.0,0.0009251339207344,0.6931471805599453,21.97552584044098,15.502942688957424,1829.9592127041808,0.9256198347107438,0.0413223140495867,0.0,0.0,14,1400.0,0.0,0.0,0.0,0.4,7.671,0.066,90.57,127.8,1,0,1,E001,2005-07-26 reconstructed 15-minute hyetograph; 108 intervals,944.181998744607,250.38599395751956,431.6999950408936,649.2999992370605,866.5999999046326,943.2999987602234,69.0719985961914,250.38599395751956,0.0,0.0,0.0,0.0,934.9762736205593,934.9762736205593,,HYDRAULIC_PROXY; direct SWMM where mapped; street-surface states unavailable,UNVALIDATED_NO_EVENT_MATCHED_HYDRAULIC_OBSERVATIONS,RAINFALL_RECONSTRUCTED_15MIN; grid represents Phase 1 pilot coverage,Reconstructed E001 hyetograph; source rainfall is IMD three-hour observations,Unavailable; no street coupling,Phase 2A historical_2005 normalized SWMM output,True,PILOT_SUBCATCHMENT_ASSIGNED,1,historical_2005,terra05-swmm-v1.0.0,GIS + Phase 2B SWMM; rainfall reconstructed,137_1054
23829,L,1,0.2914351827883102,2,4.469329198201497,3.093250274658203,229.0,0.2118556678481938,5.438079308923196,9.56938119460114,41.093610934712885,1915.1098976720184,0.8099173553719008,0.0082644628099173,0.1157024793388429,0.0,25,2500.0,0.0,0.0,0.0,0.4,12.957,0.029,80.22,175.4,1,0,1,E001,2005-07-26 reconstructed 15-minute hyetograph; 108 intervals,944.181998744607,250.38599395751956,431.6999950408936,649.2999992370605,866.5999999046326,943.2999987602234,69.0719985961914,250.38599395751956,0.0,0.0,0.0,0.0,922.0730136004564,922.0730136004564,,HYDRAULIC_PROXY; direct SWMM where mapped; street-surface states unavailable,UNVALIDATED_NO_EVENT_MATCHED_HYDRAULIC_OBSERVATIONS,RAINFALL_RECONSTRUCTED_15MIN; grid represents Phase 1 pilot coverage,Reconstructed E001 hyetograph; source rainfall is IMD three-hour observations,Unavailable; no street coupling,Phase 2A historical_2005 normalized SWMM output,True,PILOT_SUBCATCHMENT_ASSIGNED,1,historical_2005,terra05-swmm-v1.0.0,GIS + Phase 2B SWMM; rainfall reconstructed,137_1054
23830,L,1,0.4216217281453537,2,1.8728125890096028,3.45389175415039,1.0,0.0009251339207344,0.6931471805599453,5.594993740066072,33.14803202423073,2001.6346120512983,0.2892561983471074,0.0826446280991735,0.6033057851239669,0.0,18,1800.0,0.0,0.0,0.0,0.4,7.413,0.017,28.76,48.4,0,0,1,E001,2005-07-26 reconstructed 15-minute hyetograph; 108 intervals,944.181998744607,250.38599395751956,431.6999950408936,649.2999992370605,866.5999999046326,943.2999987602234,69.0719985961914,250.38599395751956,0.8028975129127502,0.0,4.50820779800415,2.483078718185425,863.5372715562696,863.5372715562696,,HYDRAULIC_PROXY; direct SWMM where mapped; street-surface states unavailable,UNVALIDATED_NO_EVENT_MATCHED_HYDRAULIC_OBSERVATIONS,RAINFALL_RECONSTRUCTED_15MIN; grid represents Phase 1 pilot coverage,Reconstructed E001 hyetograph; source rainfall is IMD three-hour observations,Unavailable; no street coupling,Phase 2A historical_2005 normalized SWMM output,True,PILOT_SUBCATCHMENT_ASSIGNED,1,historical_2005,terra05-swmm-v1.0.0,GIS + Phase 2B SWMM; rainfall reconstructed,137_1054
23831,L,1,0.1207570216398208,2,0.3868357539176941,3.836325883865357,1.0,0.0009251339207344,0.6931471805599453,0.0,69.60623757191885,2089.3626588417283,0.0165289256198347,0.0330578512396694,0.950413223140496,0.0,0,0.0,0.0,0.0,0.0,0.4,7.307,0.0,1.65,0.0,0,0,0,E001,2005-07-26 reconstructed 15-minute hyetograph; 108 intervals,944.181998744607,250.38599395751956,431.6999950408936,649.2999992370605,866.5999999046326,943.2999987602234,69.0719985961914,250.38599395751956,0.8028975129127502,0.0,4.50820779800415,2.483078718185425,832.3272869076752,832.3272869076752,,HYDRAULIC_PROXY; direct SWMM where mapped; street-surface states unavailable,UNVALIDATED_NO_EVENT_MATCHED_HYDRAULIC_OBSERVATIONS,RAINFALL_RECONSTRUCTED_15MIN; grid represents Phase 1 pilot coverage,Reconstructed E001 hyetograph; source rainfall is IMD three-hour observations,Unavailable; no street coupling,Phase 2A historical_2005 normalized SWMM output,True,PILOT_SUBCATCHMENT_ASSIGNED,1,historical_2005,terra05-swmm-v1.0.0,GIS + Phase 2B SWMM; rainfall reconstructed,137_1054
23832,L,0,0.0,2,-0.7052817344665527,2.865112940470377,4.0,0.0037005356829378,1.6094379124341005,0.7929959774184842,62.135885843670366,2178.148645102671,0.0,0.0,1.0,0.0,0,0.0,0.0,0.0,0.0,0.4,8.986,0.002,0.0,0.0,0,0,0,E001,2005-07-26 reconstructed 15-minute hyetograph; 108 intervals,944.181998744607,250.38599395751956,431.6999950408936,649.2999992370605,866.5999999046326,943.2999987602234,69.0719985961914,250.38599395751956,0.8028975129127502,0.0,4.50820779800415,2.483078718185425,829.8910523497033,829.8910523497033,,HYDRAULIC_PROXY; direct SWMM where mapped; street-surface states unavailable,UNVALIDATED_NO_EVENT_MATCHED_HYDRAULIC_OBSERVATIONS,RAINFALL_RECONSTRUCTED_15MIN; grid represents Phase 1 pilot coverage,Reconstructed E001 hyetograph; source rainfall is IMD three-hour observations,Unavailable; no street coupling,Phase 2A historical_2005 normalized SWMM output,True,PILOT_SUBCATCHMENT_ASSIGNED,1,historical_2005,terra05-swmm-v1.0.0,GIS + Phase 2B SWMM; rainfall reconstructed,137_1054
24107,L,1,0.8982491887664422,2,9.951107025146484,4.094303448994954,1.0,0.0009251339207344,0.6931471805599453,0.0,169.27664749225832,1444.600180036525,0.7272727272727273,0.2396694214876033,0.0,0.0,36,3600.0,0.0,0.0,0.0,0.4,7.242,0.0,72.73,249.1,0,0,1,E001,2005-07-26 reconstructed 15-minute hyetograph; 108 intervals,944.181998744607,250.38599395751956,431.6999950408936,649.2999992370605,866.5999999046326,943.2999987602234,69.0719985961914,250.38599395751956,1.7980985641479492,0.0,3.0476620197296143,1.2634007930755615,912.8602223053164,912.8602223053164,,HYDRAULIC_PROXY; direct SWMM where mapped; street-surface states unavailable,UNVALIDATED_NO_EVENT_MATCHED_HYDRAULIC_OBSERVATIONS,RAINFALL_RECONSTRUCTED_15MIN; grid represents Phase 1 pilot coverage,Reconstructed E001 hyetograph; source rainfall is IMD three-hour observations,Unavailable; no street coupling,Phase 2A historical_2005 normalized SWMM output,True,PILOT_SUBCATCHMENT_ASSIGNED,1,historical_2005,terra05-swmm-v1.0.0,GIS + Phase 2B SWMM; rainfall reconstructed,137_1054
24108,L,1,0.9768289558801166,2,9.004202100965712,6.0259289211697045,3.0,0.0027754017622034,1.3862943611198906,0.0,206.2290556312589,1525.0458616585877,0.512396694214876,0.4710743801652892,0.0,0.0,22,2200.0,0.0,0.0,0.0,0.4,7.952,0.0,51.24,147.8,0,0,1,E001,2005-07-26 reconstructed 15-minute hyetograph; 108 intervals,944.181998744607,250.38599395751956,431.6999950408936,649.2999992370605,866.5999999046326,943.2999987602234,69.0719985961914,250.38599395751956,5.529600143432617,72852.60367356241,0.5870223045349121,3.690552234649658,888.9554021447109,888.9554021447109,,HYDRAULIC_PROXY; direct SWMM where mapped; street-surface states unavailable,UNVALIDATED_NO_EVENT_MATCHED_HYDRAULIC_OBSERVATIONS,RAINFALL_RECONSTRUCTED_15MIN; grid represents Phase 1 pilot coverage,Reconstructed E001 hyetograph; source rainfall is IMD three-hour observations,Unavailable; no street coupling,Phase 2A historical_2005 normalized SWMM output,True,PILOT_SUBCATCHMENT_ASSIGNED,1,historical_2005,terra05-swmm-v1.0.0,GIS + Phase 2B SWMM; rainfall reconstructed,137_1054
24109,L,1,0.5135859030753527,2,17.562544080946182,20.271026611328125,2.0,0.0018502678414689,1.0986122886681098,0.0,152.16270854414347,1607.6878055650009,0.4272727272727272,0.5727272727272728,0.0,0.0,8,800.0,0.0,0.0,0.0,0.4,6.294,0.0,42.73,50.2,0,0,0,E001,2005-07-26 reconstructed 15-minute hyetograph; 108 intervals,944.181998744607,250.38599395751956,431.6999950408936,649.2999992370605,866.5999999046326,943.2999987602234,69.0719985961914,250.38599395751956,5.529600143432617,72852.60367356241,0.5870223045349121,3.690552234649658,879.6196234855594,879.6196234855594,,HYDRAULIC_PROXY; direct SWMM where mapped; street-surface states unavailable,UNVALIDATED_NO_EVENT_MATCHED_HYDRAULIC_OBSERVATIONS,RAINFALL_RECONSTRUCTED_15MIN; grid represents Phase 1 pilot coverage,Reconstructed E001 hyetograph; source rainfall is IMD three-hour observations,Unavailable; no street coupling,Phase 2A historical_2005 normalized SWMM output,True,PILOT_SUBCATCHMENT_ASSIGNED,1,historical_2005,terra05-swmm-v1.0.0,GIS + Phase 2B SWMM; rainfall reconstructed,137_1054
24110,L,0,0.0,2,24.28527069091797,17.534393310546875,3.0,0.0027754017622034,1.3862943611198906,0.0,83.12237888855984,1692.2042666778832,1.0,0.0,0.0,0.0,7,700.0,0.0,0.0,0.0,0.4,6.856,0.0,100.0,0.0,0,0,0,E001,2005-07-26 reconstructed 15-minute hyetograph; 108 intervals,944.181998744607,250.38599395751956,431.6999950408936,649.2999992370605,866.5999999046326,943.2999987602234,69.0719985961914,250.38599395751956,0.0,0.0,0.0,0.0,942.9357390752556,942.9357390752556,,HYDRAULIC_PROXY; direct SWMM where mapped; street-surface states unavailable,UNVALIDATED_NO_EVENT_MATCHED_HYDRAULIC_OBSERVATIONS,RAINFALL_RECONSTRUCTED_15MIN; grid represents Phase 1 pilot coverage,Reconstructed E001 hyetograph; source rainfall is IMD three-hour observations,Unavailable; no street coupling,Phase 2A historical_2005 normalized SWMM output,True,PILOT_SUBCATCHMENT_ASSIGNED,1,historical_2005,terra05-swmm-v1.0.0,GIS + Phase 2B SWMM; rainfall reconstructed,137_1054
24111,L,1,0.5361104262416555,2,4.062374114990234,5.596397399902344,208.0,0.1924278555127699,5.342334251964811,6.298208825998946,41.50355431224785,1778.3280012875173,0.2479338842975206,0.7272727272727273,0.0082644628099173,0.0,3,300.0,0.0,0.0,0.0,0.4,12.266,0.019,24.64,0.0,1,0,1,E001,2005-07-26 reconstructed 15-minute hyetograph; 108 intervals,944.181998744607,250.38599395751956,431.6999950408936,649.2999992370605,866.5999999046326,943.2999987602234,69.0719985961914,250.38599395751956,0.0,0.0,0.0,0.0,859.2155910113067,859.2155910113067,,HYDRAULIC_PROXY; direct SWMM where mapped; street-surface states unavailable,UNVALIDATED_NO_EVENT_MATCHED_HYDRAULIC_OBSERVATIONS,RAINFALL_RECONSTRUCTED_15MIN; grid represents Phase 1 pilot coverage,Reconstructed E001 hyetograph; source rainfall is IMD three-hour observations,Unavailable; no street coupling,Phase 2A historical_2005 normalized SWMM output,True,PILOT_SUBCATCHMENT_ASSIGNED,1,historical_2005,terra05-swmm-v1.0.0,GIS + Phase 2B SWMM; rainfall reconstructed,137_1054
24112,L,1,1.0,2,1.874332427978516,2.596764882405599,3.0,0.0027754017622034,1.3862943611198906,17.779411669321444,16.16797312893202,1865.83645589952,0.6859504132231405,0.2975206611570248,0.0,0.0,6,600.0,0.0,0.0,0.0,0.4,8.797,0.053,67.4,76.6,1,0,1,E001,2005-07-26 reconstructed 15-minute hyetograph; 108 intervals,944.181998744607,250.38599395751956,431.6999950408936,649.2999992370605,866.5999999046326,943.2999987602234,69.0719985961914,250.38599395751956,0.0,0.0,0.0,0.0,908.273981453385,908.273981453385,,HYDRAULIC_PROXY; direct SWMM where mapped; street-surface states unavailable,UNVALIDATED_NO_EVENT_MATCHED_HYDRAULIC_OBSERVATIONS,RAINFALL_RECONSTRUCTED_15MIN; grid represents Phase 1 pilot coverage,Reconstructed E001 hyetograph; source rainfall is IMD three-hour observations,Unavailable; no street coupling,Phase 2A historical_2005 normalized SWMM output,True,PILOT_SUBCATCHMENT_ASSIGNED,1,historical_2005,terra05-swmm-v1.0.0,GIS + Phase 2B SWMM; rainfall reconstructed,137_1054
24113,L,1,1.0,2,3.0746710035536022,2.550866868760851,2.0,0.0018502678414689,1.0986122886681098,11.543224281480644,14.861314546809504,1954.543650104572,0.7933884297520661,0.1983471074380165,0.0,0.0,18,1800.0,0.0,0.0,0.0,0.4,8.409,0.035,78.43,215.8,1,0,1,E001,2005-07-26 reconstructed 15-minute hyetograph; 108 intervals,944.181998744607,250.38599395751956,431.6999950408936,649.2999992370605,866.5999999046326,943.2999987602234,69.0719985961914,250.38599395751956,0.8028975129127502,0.0,4.50820779800415,2.483078718185425,920.2612211260564,920.2612211260564,,HYDRAULIC_PROXY; direct SWMM where mapped; street-surface states unavailable,UNVALIDATED_NO_EVENT_MATCHED_HYDRAULIC_OBSERVATIONS,RAINFALL_RECONSTRUCTED_15MIN; grid represents Phase 1 pilot coverage,Reconstructed E001 hyetograph; source rainfall is IMD three-hour observations,Unavailable; no street coupling,Phase 2A historical_2005 normalized SWMM output,True,PILOT_SUBCATCHMENT_ASSIGNED,1,historical_2005,terra05-swmm-v1.0.0,GIS + Phase 2B SWMM; rainfall reconstructed,137_1054
24114,L,1,0.9438295652389528,2,5.214638392130534,1.909613291422526,2.0,0.0018502678414689,1.0986122886681098,10.662182074776394,26.634638351231995,2044.293540606272,0.9008264462809916,0.0330578512396694,0.0661157024793388,0.0,12,1200.0,0.0,0.0,0.0,0.4,8.699,0.032,89.13,41.3,0,0,0,E001,2005-07-26 reconstructed 15-minute hyetograph; 108 intervals,944.181998744607,250.38599395751956,431.6999950408936,649.2999992370605,866.5999999046326,943.2999987602234,69.0719985961914,250.38599395751956,0.8028975129127502,0.0,4.50820779800415,2.483078718185425,932.2560724279172,932.2560724279172,,HYDRAULIC_PROXY; direct SWMM where mapped; street-surface states unavailable,UNVALIDATED_NO_EVENT_MATCHED_HYDRAULIC_OBSERVATIONS,RAINFALL_RECONSTRUCTED_15MIN; grid represents Phase 1 pilot coverage,Reconstructed E001 hyetograph; source rainfall is IMD three-hour observations,Unavailable; no street coupling,Phase 2A historical_2005 normalized SWMM output,True,PILOT_SUBCATCHMENT_ASSIGNED,1,historical_2005,terra05-swmm-v1.0.0,GIS + Phase 2B SWMM; rainfall reconstructed,137_1054
24115,L,1,0.150060882816119,2,4.6436614990234375,3.158814112345377,2.0,0.0018502678414689,1.0986122886681098,0.4100831754635272,64.54660154203914,2134.9546318751018,0.5619834710743802,0.0,0.4380165289256198,0.0,2,200.0,0.0,0.0,0.0,0.4,8.195,0.001,56.18,69.2,0,0,0,E001,2005-07-26 reconstructed 15-minute hyetograph; 108 intervals,944.181998744607,250.38599395751956,431.6999950408936,649.2999992370605,866.5999999046326,943.2999987602234,69.0719985961914,250.38599395751956,0.8028975129127502,0.0,4.50820779800415,2.483078718185425,894.3973238429314,894.3973238429314,,HYDRAULIC_PROXY; direct SWMM where mapped; street-surface states unavailable,UNVALIDATED_NO_EVENT_MATCHED_HYDRAULIC_OBSERVATIONS,RAINFALL_RECONSTRUCTED_15MIN; grid represents Phase 1 pilot coverage,Reconstructed E001 hyetograph; source rainfall is IMD three-hour observations,Unavailable; no street coupling,Phase 2A historical_2005 normalized SWMM output,True,PILOT_SUBCATCHMENT_ASSIGNED,1,historical_2005,terra05-swmm-v1.0.0,GIS + Phase 2B SWMM; rainfall reconstructed,137_1054
24116,L,0,0.0,2,1.4290165371365018,3.261082543267144,1.0,0.0009251339207344,0.6931471805599453,5.159785240728962,3.1444984104928944,2226.41561263062,0.2231404958677686,0.0495867768595041,0.7272727272727273,0.0,0,0.0,0.0,0.0,0.0,0.4,7.47,0.015,22.2,0.0,0,0,0,E001,2005-07-26 reconstructed 15-minute hyetograph; 108 intervals,944.181998744607,250.38599395751956,431.6999950408936,649.2999992370605,866.5999999046326,943.2999987602234,69.0719985961914,250.38599395751956,0.8028975129127502,0.0,4.50820779800415,2.483078718185425,855.9083287300016,855.9083287300016,,HYDRAULIC_PROXY; direct SWMM where mapped; street-surface states unavailable,UNVALIDATED_NO_EVENT_MATCHED_HYDRAULIC_OBSERVATIONS,RAINFALL_RECONSTRUCTED_15MIN; grid represents Phase 1 pilot coverage,Reconstructed E001 hyetograph; source rainfall is IMD three-hour observations,Unavailable; no street coupling,Phase 2A historical_2005 normalized SWMM output,True,PILOT_SUBCATCHMENT_ASSIGNED,1,historical_2005,terra05-swmm-v1.0.0,GIS + Phase 2B SWMM; rainfall reconstructed,137_1054
24117,L,0,0.0,2,-0.5619557698567709,2.7292629877726235,3.0,0.0027754017622034,1.3862943611198906,0.0,98.21266654940788,2318.58182520389,0.0,0.0,1.0,0.0,0,0.0,0.0,0.0,0.0,0.4,8.747,0.0,0.0,0.0,0,0,0,E001,2005-07-26 reconstructed 15-minute hyetograph; 108 intervals,944.181998744607,250.38599395751956,431.6999950408936,649.2999992370605,866.5999999046326,943.2999987602234,69.0719985961914,250.38599395751956,1.0124722719192505,0.0,4.50820779800415,2.483078718185425,829.7925668890819,829.7925668890819,,HYDRAULIC_PROXY; direct SWMM where mapped; street-surface states unavailable,UNVALIDATED_NO_EVENT_MATCHED_HYDRAULIC_OBSERVATIONS,RAINFALL_RECONSTRUCTED_15MIN; grid represents Phase 1 pilot coverage,Reconstructed E001 hyetograph; source rainfall is IMD three-hour observations,Unavailable; no street coupling,Phase 2A historical_2005 normalized SWMM output,True,PILOT_SUBCATCHMENT_ASSIGNED,1,historical_2005,terra05-swmm-v1.0.0,GIS + Phase 2B SWMM; rainfall reconstructed,137_1054
24118,L,0,0.0,2,0.8110015657212999,1.9296805063883464,17.0,0.015727276652486,2.8903717578961645,0.0,198.1957816686237,2411.3724059477468,0.0,0.0413223140495867,0.9586776859504132,0.0,0,0.0,0.0,0.0,0.0,0.4,10.829,0.0,0.0,0.0,0,0,0,E001,2005-07-26 reconstructed 15-minute hyetograph; 108 intervals,944.181998744607,250.38599395751956,431.6999950408936,649.2999992370605,866.5999999046326,943.2999987602234,69.0719985961914,250.38599395751956,1.0124722719192505,0.0,0.0187833569943904,0.0174166895449161,829.0146306634414,829.0146306634414,,HYDRAULIC_PROXY; direct SWMM where mapped; street-surface states unavailable,UNVALIDATED_NO_EVENT_MATCHED_HYDRAULIC_OBSERVATIONS,RAINFALL_RECONSTRUCTED_15MIN; grid represents Phase 1 pilot coverage,Reconstructed E001 hyetograph; source rainfall is IMD three-hour observations,Unavailable; no street coupling,Phase 2A historical_2005 normalized SWMM output,True,PILOT_SUBCATCHMENT_ASSIGNED,1,historical_2005,terra05-swmm-v1.0.0,GIS + Phase 2B SWMM; rainfall reconstructed,137_1054
24387,L,1,0.9352834416288646,2,8.128890991210938,5.362382253011067,5.0,0.0046256696036723,1.791759469228055,9.686386371545998,36.9080348690604,1225.8788847855503,0.4132231404958678,0.5537190082644629,0.0,0.0,14,1400.0,0.0,0.0,0.0,0.4,8.581,0.029,40.93,77.7,0,0,0,E001,2005-07-26 reconstructed 15-minute hyetograph; 108 intervals,944.181998744607,250.38599395751956,431.6999950408936,649.2999992370605,866.5999999046326,943.2999987602234,69.0719985961914,250.38599395751956,2.597809076309204,0.0,0.5827953219413757,0.1207830756902694,877.8344914838087,877.8344914838087,,HYDRAULIC_PROXY; direct SWMM where mapped; street-surface states unavailable,UNVALIDATED_NO_EVENT_MATCHED_HYDRAULIC_OBSERVATIONS,RAINFALL_RECONSTRUCTED_15MIN; grid represents Phase 1 pilot coverage,Reconstructed E001 hyetograph; source rainfall is IMD three-hour observations,Unavailable; no street coupling,Phase 2A historical_2005 normalized SWMM output,True,PILOT_SUBCATCHMENT_ASSIGNED,1,historical_2005,terra05-swmm-v1.0.0,GIS + Phase 2B SWMM; rainfall reconstructed,138_1053
24388,L,1,0.4942080762528159,2,11.573146396213108,4.861822340223524,1.0,0.0009251339207344,0.6931471805599453,0.0,62.996179689784256,1304.4823648342235,0.7933884297520661,0.2066115702479339,0.0,0.0,15,1500.0,0.0,0.0,0.0,0.4,7.07,0.0,79.34,126.5,0,0,1,E001,2005-07-26 reconstructed 15-minute hyetograph; 108 intervals,944.181998744607,250.38599395751956,431.6999950408936,649.2999992370605,866.5999999046326,943.2999987602234,69.0719985961914,250.38599395751956,2.64635968208313,0.0,0.7258908152580261,0.1591863185167312,920.1879989010192,920.1879989010192,,HYDRAULIC_PROXY; direct SWMM where mapped; street-surface states unavailable,UNVALIDATED_NO_EVENT_MATCHED_HYDRAULIC_OBSERVATIONS,RAINFALL_RECONSTRUCTED_15MIN; grid represents Phase 1 pilot coverage,Reconstructed E001 hyetograph; source rainfall is IMD three-hour observations,Unavailable; no street coupling,Phase 2A historical_2005 normalized SWMM output,True,PILOT_SUBCATCHMENT_ASSIGNED,1,historical_2005,terra05-swmm-v1.0.0,GIS + Phase 2B SWMM; rainfall reconstructed,138_1053
24668,L,1,1.0,2,9.954727172851562,5.195379257202148,1.0,0.0009251339207344,0.6931471805599453,0.6742890942813475,59.62916330616597,1164.6796985289202,0.5206611570247934,0.4793388429752066,0.0,0.0,11,1100.0,0.0,0.0,0.0,0.4,7.003,0.002,52.03,26.9,0,0,0,E001,2005-07-26 reconstructed 15-minute hyetograph; 108 intervals,944.181998744607,250.38599395751956,431.6999950408936,649.2999992370605,866.5999999046326,943.2999987602234,69.0719985961914,250.38599395751956,2.690000057220459,13855.082631111143,1.013413667678833,0.124634176492691,889.8532107349454,889.8532107349454,,HYDRAULIC_PROXY; direct SWMM where mapped; street-surface states unavailable,UNVALIDATED_NO_EVENT_MATCHED_HYDRAULIC_OBSERVATIONS,RAINFALL_RECONSTRUCTED_15MIN; grid represents Phase 1 pilot coverage,Reconstructed E001 hyetograph; source rainfall is IMD three-hour observations,Unavailable; no street coupling,Phase 2A historical_2005 normalized SWMM output,True,PILOT_SUBCATCHMENT_ASSIGNED,1,historical_2005,terra05-swmm-v1.0.0,GIS + Phase 2B SWMM; rainfall reconstructed,138_1053
24669,L,1,1.0,2,8.758575439453125,5.559977213541667,1.0,0.0009251339207344,0.6931471805599453,10.154148229923234,36.80865164040496,1247.1463427223928,0.5537190082644629,0.3801652892561983,0.0,0.0,17,1700.0,0.0,0.0,0.0,0.4,6.935,0.03,54.82,112.0,0,0,1,E001,2005-07-26 reconstructed 15-minute hyetograph; 108 intervals,944.181998744607,250.38599395751956,431.6999950408936,649.2999992370605,866.5999999046326,943.2999987602234,69.0719985961914,250.38599395751956,3.0772507190704346,0.0,1.3000032901763916,0.4972832202911377,893.5575153063835,893.5575153063835,,HYDRAULIC_PROXY; direct SWMM where mapped; street-surface states unavailable,UNVALIDATED_NO_EVENT_MATCHED_HYDRAULIC_OBSERVATIONS,RAINFALL_RECONSTRUCTED_15MIN; grid represents Phase 1 pilot coverage,Reconstructed E001 hyetograph; source rainfall is IMD three-hour observations,Unavailable; no street coupling,Phase 2A historical_2005 normalized SWMM output,True,PILOT_SUBCATCHMENT_ASSIGNED,1,historical_2005,terra05-swmm-v1.0.0,GIS + Phase 2B SWMM; rainfall reconstructed,138_1053
24945,L,1,1.0,2,3.680400848388672,4.447637769911024,1.0,0.0009251339207344,0.6931471805599453,12.398011810706697,40.71603208933333,1025.321101005604,0.6033057851239669,0.3801652892561983,0.0,0.0,1,100.0,0.0,0.0,0.0,0.4,7.159,0.037,59.59,27.8,0,0,0,E001,2005-07-26 reconstructed 15-minute hyetograph; 108 intervals,944.181998744607,250.38599395751956,431.6999950408936,649.2999992370605,866.5999999046326,943.2999987602234,69.0719985961914,250.38599395751956,3.3621060848236084,0.0,1.441901922225952,0.5185312628746033,899.0659716469961,899.0659716469961,,HYDRAULIC_PROXY; direct SWMM where mapped; street-surface states unavailable,UNVALIDATED_NO_EVENT_MATCHED_HYDRAULIC_OBSERVATIONS,RAINFALL_RECONSTRUCTED_15MIN; grid represents Phase 1 pilot coverage,Reconstructed E001 hyetograph; source rainfall is IMD three-hour observations,Unavailable; no street coupling,Phase 2A historical_2005 normalized SWMM output,True,PILOT_SUBCATCHMENT_ASSIGNED,1,historical_2005,terra05-swmm-v1.0.0,GIS + Phase 2B SWMM; rainfall reconstructed,138_1053
24946,L,1,1.0,2,11.277130126953123,10.806294759114584,2.0,0.0018502678414689,1.0986122886681098,14.996940295834923,33.42927621325687,1109.1341488601674,0.71900826446281,0.2809917355371901,0.0,0.0,9,900.0,0.0,0.0,0.0,0.4,6.954,0.045,70.84,78.8,0,0,0,E001,2005-07-26 reconstructed 15-minute hyetograph; 108 intervals,944.181998744607,250.38599395751956,431.6999950408936,649.2999992370605,866.5999999046326,943.2999987602234,69.0719985961914,250.38599395751956,3.548074960708618,0.0,1.8736830949783323,0.7729939222335815,911.901514606652,911.901514606652,,HYDRAULIC_PROXY; direct SWMM where mapped; street-surface states unavailable,UNVALIDATED_NO_EVENT_MATCHED_HYDRAULIC_OBSERVATIONS,RAINFALL_RECONSTRUCTED_15MIN; grid represents Phase 1 pilot coverage,Reconstructed E001 hyetograph; source rainfall is IMD three-hour observations,Unavailable; no street coupling,Phase 2A historical_2005 normalized SWMM output,True,PILOT_SUBCATCHMENT_ASSIGNED,1,historical_2005,terra05-swmm-v1.0.0,GIS + Phase 2B SWMM; rainfall reconstructed,138_1053
24947,L,1,1.0,2,11.128997802734377,6.798258039686415,5.0,0.0046256696036723,1.791759469228055,0.0,126.2396532208185,1195.4387312481522,0.5702479338842975,0.4214876033057851,0.0,0.0,13,1300.0,0.0,0.0,0.0,0.4,8.341,0.0,57.02,0.0,0,0,0,E001,2005-07-26 reconstructed 15-minute hyetograph; 108 intervals,944.181998744607,250.38599395751956,431.6999950408936,649.2999992370605,866.5999999046326,943.2999987602234,69.0719985961914,250.38599395751956,3.623334407806397,0.0,2.163971424102783,0.8245899081230164,895.4149729353956,895.4149729353956,,HYDRAULIC_PROXY; direct SWMM where mapped; street-surface states unavailable,UNVALIDATED_NO_EVENT_MATCHED_HYDRAULIC_OBSERVATIONS,RAINFALL_RECONSTRUCTED_15MIN; grid represents Phase 1 pilot coverage,Reconstructed E001 hyetograph; source rainfall is IMD three-hour observations,Unavailable; no street coupling,Phase 2A historical_2005 normalized SWMM output,True,PILOT_SUBCATCHMENT_ASSIGNED,1,historical_2005,terra05-swmm-v1.0.0,GIS + Phase 2B SWMM; rainfall reconstructed,138_1053
25224,L,1,1.0,2,9.10989718967014,8.33956570095486,1.0,0.0009251339207344,0.6931471805599453,0.0,77.83015995165997,972.1024226745328,0.5867768595041323,0.4132231404958678,0.0,0.0,11,1100.0,0.0,0.0,0.0,0.4,6.525,0.0,58.68,0.0,0,0,0,E001,2005-07-26 reconstructed 15-minute hyetograph; 108 intervals,944.181998744607,250.38599395751956,431.6999950408936,649.2999992370605,866.5999999046326,943.2999987602234,69.0719985961914,250.38599395751956,3.668432235717773,0.0,2.4912686347961426,1.1980993747711182,897.2568033290734,897.2568033290734,,HYDRAULIC_PROXY; direct SWMM where mapped; street-surface states unavailable,UNVALIDATED_NO_EVENT_MATCHED_HYDRAULIC_OBSERVATIONS,RAINFALL_RECONSTRUCTED_15MIN; grid represents Phase 1 pilot coverage,Reconstructed E001 hyetograph; source rainfall is IMD three-hour observations,Unavailable; no street coupling,Phase 2A historical_2005 normalized SWMM output,True,PILOT_SUBCATCHMENT_ASSIGNED,1,historical_2005,terra05-swmm-v1.0.0,GIS + Phase 2B SWMM; rainfall reconstructed,138_1053
25225,L,1,1.0,2,13.232799106174046,12.13564724392361,2.0,0.0018502678414689,1.0986122886681098,25.845897426916807,2.8028800678825005,1060.131274970284,0.7272727272727273,0.256198347107438,0.0,0.0,11,1100.0,0.0,0.0,0.0,0.4,6.835,0.078,70.89,157.3,0,0,1,E001,2005-07-26 reconstructed 15-minute hyetograph; 108 intervals,944.181998744607,250.38599395751956,431.6999950408936,649.2999992370605,866.5999999046326,943.2999987602234,69.0719985961914,250.38599395751956,3.68635892868042,0.0,2.811424732208252,1.0681943893432615,912.8171049945374,912.8171049945374,,HYDRAULIC_PROXY; direct SWMM where mapped; street-surface states unavailable,UNVALIDATED_NO_EVENT_MATCHED_HYDRAULIC_OBSERVATIONS,RAINFALL_RECONSTRUCTED_15MIN; grid represents Phase 1 pilot coverage,Reconstructed E001 hyetograph; source rainfall is IMD three-hour observations,Unavailable; no street coupling,Phase 2A historical_2005 normalized SWMM output,True,PILOT_SUBCATCHMENT_ASSIGNED,1,historical_2005,terra05-swmm-v1.0.0,GIS + Phase 2B SWMM; rainfall reconstructed,138_1053
25226,L,1,0.9672727752778238,2,17.11917961968316,4.527314927842882,1.0,0.0009251339207344,0.6931471805599453,10.518164332457214,30.92221450152352,1150.118915665047,0.8347107438016529,0.1487603305785124,0.0,0.0,15,1500.0,0.0,0.0,0.0,0.4,7.141,0.032,82.6,94.1,0,0,0,E001,2005-07-26 reconstructed 15-minute hyetograph; 108 intervals,944.181998744607,250.38599395751956,431.6999950408936,649.2999992370605,866.5999999046326,943.2999987602234,69.0719985961914,250.38599395751956,3.6833362579345694,0.0,3.4035120010375977,0.8599790930747986,924.7839605001352,924.7839605001352,,HYDRAULIC_PROXY; direct SWMM where mapped; street-surface states unavailable,UNVALIDATED_NO_EVENT_MATCHED_HYDRAULIC_OBSERVATIONS,RAINFALL_RECONSTRUCTED_15MIN; grid represents Phase 1 pilot coverage,Reconstructed E001 hyetograph; source rainfall is IMD three-hour observations,Unavailable; no street coupling,Phase 2A historical_2005 normalized SWMM output,True,PILOT_SUBCATCHMENT_ASSIGNED,1,historical_2005,terra05-swmm-v1.0.0,GIS + Phase 2B SWMM; rainfall reconstructed,138_1053
25501,L,1,0.1777010489070944,2,10.384934743245443,11.172800699869793,1.0,0.0009251339207344,0.6931471805599453,5.659209870939264,45.53025225380284,836.5331315444857,0.3884297520661157,0.6115702479338843,0.0,0.0,10,1000.0,0.0,0.0,0.0,0.4,6.227,0.017,38.62,0.0,0,0,0,E001,2005-07-26 reconstructed 15-minute hyetograph; 108 intervals,944.181998744607,250.38599395751956,431.6999950408936,649.2999992370605,866.5999999046326,943.2999987602234,69.0719985961914,250.38599395751956,2.7696123123168945,0.0,146.2362518310547,2.008634567260742,875.2539266576057,875.2539266576057,,HYDRAULIC_PROXY; direct SWMM where mapped; street-surface states unavailable,UNVALIDATED_NO_EVENT_MATCHED_HYDRAULIC_OBSERVATIONS,RAINFALL_RECONSTRUCTED_15MIN; grid represents Phase 1 pilot coverage,Reconstructed E001 hyetograph; source rainfall is IMD three-hour observations,Unavailable; no street coupling,Phase 2A historical_2005 normalized SWMM output,True,PILOT_SUBCATCHMENT_ASSIGNED,1,historical_2005,terra05-swmm-v1.0.0,GIS + Phase 2B SWMM; rainfall reconstructed,138_1053
25502,L,1,0.5983109401434389,2,13.319323221842447,11.135537889268663,1.0,0.0009251339207344,0.6931471805599453,0.0,114.13549463014674,926.6514340203914,0.4132231404958678,0.4628099173553719,0.0,0.0,20,2000.0,0.0,0.0,0.0,0.4,6.231,0.0,41.32,0.0,0,0,1,E001,2005-07-26 reconstructed 15-minute hyetograph; 108 intervals,944.181998744607,250.38599395751956,431.6999950408936,649.2999992370605,866.5999999046326,943.2999987602234,69.0719985961914,250.38599395751956,3.688768148422241,0.0,3.4035120010375977,0.8599790930747986,878.008976153578,878.008976153578,,HYDRAULIC_PROXY; direct SWMM where mapped; street-surface states unavailable,UNVALIDATED_NO_EVENT_MATCHED_HYDRAULIC_OBSERVATIONS,RAINFALL_RECONSTRUCTED_15MIN; grid represents Phase 1 pilot coverage,Reconstructed E001 hyetograph; source rainfall is IMD three-hour observations,Unavailable; no street coupling,Phase 2A historical_2005 normalized SWMM output,True,PILOT_SUBCATCHMENT_ASSIGNED,1,historical_2005,terra05-swmm-v1.0.0,GIS + Phase 2B SWMM; rainfall reconstructed,138_1053
25503,L,1,0.6097131013755216,2,4.611615498860677,8.111259460449219,2.0,0.0018502678414689,1.0986122886681098,18.74066919152065,19.234402330076826,1018.6157667012972,0.7355371900826446,0.2644628099173554,0.0,0.0,5,500.0,0.0,0.0,0.0,0.4,7.247,0.056,72.2,120.9,0,0,1,E001,2005-07-26 reconstructed 15-minute hyetograph; 108 intervals,944.181998744607,250.38599395751956,431.6999950408936,649.2999992370605,866.5999999046326,943.2999987602234,69.0719985961914,250.38599395751956,3.662750482559204,0.0,5.09636926651001,1.3113185167312622,913.7404888884336,913.7404888884336,,HYDRAULIC_PROXY; direct SWMM where mapped; street-surface states unavailable,UNVALIDATED_NO_EVENT_MATCHED_HYDRAULIC_OBSERVATIONS,RAINFALL_RECONSTRUCTED_15MIN; grid represents Phase 1 pilot coverage,Reconstructed E001 hyetograph; source rainfall is IMD three-hour observations,Unavailable; no street coupling,Phase 2A historical_2005 normalized SWMM output,True,PILOT_SUBCATCHMENT_ASSIGNED,1,historical_2005,terra05-swmm-v1.0.0,GIS + Phase 2B SWMM; rainfall reconstructed,138_1053
25504,L,1,0.2036966268571336,2,15.022911919487846,9.768108791775171,1.0,0.0009251339207344,0.6931471805599453,3.0025355765107924,55.47363113578475,1111.9682010619258,0.7520661157024794,0.2479338842975206,0.0,0.0,19,1900.0,0.0,0.0,0.0,0.4,6.365,0.009,74.98,172.6,0,0,1,E001,2005-07-26 reconstructed 15-minute hyetograph; 108 intervals,944.181998744607,250.38599395751956,431.6999950408936,649.2999992370605,866.5999999046326,943.2999987602234,69.0719985961914,250.38599395751956,3.576462507247925,0.0,5.09636926651001,1.3113185167312622,915.5676324020168,915.5676324020168,,HYDRAULIC_PROXY; direct SWMM where mapped; street-surface states unavailable,UNVALIDATED_NO_EVENT_MATCHED_HYDRAULIC_OBSERVATIONS,RAINFALL_RECONSTRUCTED_15MIN; grid represents Phase 1 pilot coverage,Reconstructed E001 hyetograph; source rainfall is IMD three-hour observations,Unavailable; no street coupling,Phase 2A historical_2005 normalized SWMM output,True,PILOT_SUBCATCHMENT_ASSIGNED,1,historical_2005,terra05-swmm-v1.0.0,GIS + Phase 2B SWMM; rainfall reconstructed,138_1053
25778,L,0,0.0,2,21.3330135345459,22.65688705444336,1.0,0.0009251339207344,0.6931471805599453,0.0,84.92839453242964,795.9192422438194,0.768595041322314,0.1487603305785124,0.0,0.0,6,600.0,0.0,0.0,0.0,0.4,5.479,0.0,76.86,0.0,0,0,0,E001,2005-07-26 reconstructed 15-minute hyetograph; 108 intervals,944.181998744607,250.38599395751956,431.6999950408936,649.2999992370605,866.5999999046326,943.2999987602234,69.0719985961914,250.38599395751956,2.7277255058288574,0.0,149.40293884277344,2.1786725521087646,917.4403389969664,917.4403389969664,,HYDRAULIC_PROXY; direct SWMM where mapped; street-surface states unavailable,UNVALIDATED_NO_EVENT_MATCHED_HYDRAULIC_OBSERVATIONS,RAINFALL_RECONSTRUCTED_15MIN; grid represents Phase 1 pilot coverage,Reconstructed E001 hyetograph; source rainfall is IMD three-hour observations,Unavailable; no street coupling,Phase 2A historical_2005 normalized SWMM output,True,PILOT_SUBCATCHMENT_ASSIGNED,1,historical_2005,terra05-swmm-v1.0.0,GIS + Phase 2B SWMM; rainfall reconstructed,138_1053
25779,L,0,0.0,2,19.091885884602863,21.67181905110677,1.0,0.0009251339207344,0.6931471805599453,0.0,92.9848662355122,890.1587724526448,0.6446280991735537,0.2892561983471074,0.0,0.0,8,800.0,0.0,0.0,0.0,0.4,5.528,0.0,64.46,0.0,0,0,0,E001,2005-07-26 reconstructed 15-minute hyetograph; 108 intervals,944.181998744607,250.38599395751956,431.6999950408936,649.2999992370605,866.5999999046326,943.2999987602234,69.0719985961914,250.38599395751956,2.8288817405700684,0.0,149.3417510986328,1.9848370552062988,903.6792267730196,903.6792267730196,,HYDRAULIC_PROXY; direct SWMM where mapped; street-surface states unavailable,UNVALIDATED_NO_EVENT_MATCHED_HYDRAULIC_OBSERVATIONS,RAINFALL_RECONSTRUCTED_15MIN; grid represents Phase 1 pilot coverage,Reconstructed E001 hyetograph; source rainfall is IMD three-hour observations,Unavailable; no street coupling,Phase 2A historical_2005 normalized SWMM output,True,PILOT_SUBCATCHMENT_ASSIGNED,1,historical_2005,terra05-swmm-v1.0.0,GIS + Phase 2B SWMM; rainfall reconstructed,138_1053
25780,L,0,0.0,2,6.659718831380208,6.197228749593099,1.0,0.0009251339207344,0.6931471805599453,3.1259261136546583,54.07502129372574,985.5342917295286,0.9256198347107438,0.0661157024793388,0.0,0.0,7,700.0,0.0,0.0,0.0,0.4,6.825,0.009,92.27,0.0,0,0,0,E001,2005-07-26 reconstructed 15-minute hyetograph; 108 intervals,944.181998744607,250.38599395751956,431.6999950408936,649.2999992370605,866.5999999046326,943.2999987602234,69.0719985961914,250.38599395751956,3.41202712059021,0.0,7.391634941101074,2.5675110816955566,934.8994779911296,934.8994779911296,,HYDRAULIC_PROXY; direct SWMM where mapped; street-surface states unavailable,UNVALIDATED_NO_EVENT_MATCHED_HYDRAULIC_OBSERVATIONS,RAINFALL_RECONSTRUCTED_15MIN; grid represents Phase 1 pilot coverage,Reconstructed E001 hyetograph; source rainfall is IMD three-hour observations,Unavailable; no street coupling,Phase 2A historical_2005 normalized SWMM output,True,PILOT_SUBCATCHMENT_ASSIGNED,1,historical_2005,terra05-swmm-v1.0.0,GIS + Phase 2B SWMM; rainfall reconstructed,138_1053
25781,L,0,0.0,2,11.619478861490885,8.93264897664388,3.0,0.0027754017622034,1.3862943611198906,19.669858556245515,6.312144513920248,1081.745367531217,0.6115702479338843,0.3884297520661157,0.0,0.0,14,1400.0,0.0,0.0,0.0,0.4,7.554,0.059,59.98,254.1,0,0,1,E001,2005-07-26 reconstructed 15-minute hyetograph; 108 intervals,944.181998744607,250.38599395751956,431.6999950408936,649.2999992370605,866.5999999046326,943.2999987602234,69.0719985961914,250.38599395751956,3.170293092727661,0.0,8.153865814208984,4.411105632781982,900.0044893257289,900.0044893257289,,HYDRAULIC_PROXY; direct SWMM where mapped; street-surface states unavailable,UNVALIDATED_NO_EVENT_MATCHED_HYDRAULIC_OBSERVATIONS,RAINFALL_RECONSTRUCTED_15MIN; grid represents Phase 1 pilot coverage,Reconstructed E001 hyetograph; source rainfall is IMD three-hour observations,Unavailable; no street coupling,Phase 2A historical_2005 normalized SWMM output,True,PILOT_SUBCATCHMENT_ASSIGNED,1,historical_2005,terra05-swmm-v1.0.0,GIS + Phase 2B SWMM; rainfall reconstructed,138_1053
26054,L,0,0.0,2,3.2480521731906467,6.184940761990017,2.0,0.0018502678414689,1.0986122886681098,12.826100703904908,35.481442097978764,669.5461150480253,0.5619834710743802,0.256198347107438,0.0909090909090909,0.0,3,300.0,0.0,0.0,0.0,0.4,7.521,0.038,55.49,0.0,0,0,0,E001,2005-07-26 reconstructed 15-minute hyetograph; 108 intervals,944.181998744607,250.38599395751956,431.6999950408936,649.2999992370605,866.5999999046326,943.2999987602234,69.0719985961914,250.38599395751956,2.470355749130249,0.0,148.64122009277344,2.324869632720948,894.4882567641614,894.4882567641614,,HYDRAULIC_PROXY; direct SWMM where mapped; street-surface states unavailable,UNVALIDATED_NO_EVENT_MATCHED_HYDRAULIC_OBSERVATIONS,RAINFALL_RECONSTRUCTED_15MIN; grid represents Phase 1 pilot coverage,Reconstructed E001 hyetograph; source rainfall is IMD three-hour observations,Unavailable; no street coupling,Phase 2A historical_2005 normalized SWMM output,True,PILOT_SUBCATCHMENT_ASSIGNED,1,historical_2005,terra05-swmm-v1.0.0,GIS + Phase 2B SWMM; rainfall reconstructed,138_1053
26055,L,0,0.0,2,9.091290791829428,17.486048380533855,3108.0,2.875316225642736,8.042056410058754,10.54220501911484,6.37663889063045,766.281410564244,0.7024793388429752,0.0413223140495867,0.1983471074380165,0.0,2,200.0,0.0,0.0,0.0,0.4,13.802,0.032,69.52,0.0,0,0,0,E001,2005-07-26 reconstructed 15-minute hyetograph; 108 intervals,944.181998744607,250.38599395751956,431.6999950408936,649.2999992370605,866.5999999046326,943.2999987602234,69.0719985961914,250.38599395751956,2.6919705867767334,0.0,149.63601684570312,2.253342390060425,910.0799304689278,910.0799304689278,,HYDRAULIC_PROXY; direct SWMM where mapped; street-surface states unavailable,UNVALIDATED_NO_EVENT_MATCHED_HYDRAULIC_OBSERVATIONS,RAINFALL_RECONSTRUCTED_15MIN; grid represents Phase 1 pilot coverage,Reconstructed E001 hyetograph; source rainfall is IMD three-hour observations,Unavailable; no street coupling,Phase 2A historical_2005 normalized SWMM output,True,PILOT_SUBCATCHMENT_ASSIGNED,1,historical_2005,terra05-swmm-v1.0.0,GIS + Phase 2B SWMM; rainfall reconstructed,138_1053
26057,L,0,0.0,2,2.8299068874782987,4.039473639594184,2.0,0.0018502678414689,1.0986122886681098,5.124430538267145,47.37808342076562,961.75755789969,0.6033057851239669,0.1983471074380165,0.140495867768595,0.0,2,200.0,0.0,0.0,0.0,0.4,7.949,0.015,60.02,0.0,0,0,0,E001,2005-07-26 reconstructed 15-minute hyetograph; 108 intervals,944.181998744607,250.38599395751956,431.6999950408936,649.2999992370605,866.5999999046326,943.2999987602234,69.0719985961914,250.38599395751956,2.9024033546447754,0.0,146.73699951171875,1.853725910186768,899.0583769053771,899.0583769053771,,HYDRAULIC_PROXY; direct SWMM where mapped; street-surface states unavailable,UNVALIDATED_NO_EVENT_MATCHED_HYDRAULIC_OBSERVATIONS,RAINFALL_RECONSTRUCTED_15MIN; grid represents Phase 1 pilot coverage,Reconstructed E001 hyetograph; source rainfall is IMD three-hour observations,Unavailable; no street coupling,Phase 2A historical_2005 normalized SWMM output,True,PILOT_SUBCATCHMENT_ASSIGNED,1,historical_2005,terra05-swmm-v1.0.0,GIS + Phase 2B SWMM; rainfall reconstructed,138_1053
26058,L,0,0.0,2,8.174168904622396,10.689912584092882,1.0,0.0009251339207344,0.6931471805599453,23.02745231842684,5.119584362260864,1060.1286715194526,0.4958677685950413,0.4793388429752066,0.0,0.0,7,700.0,0.0,0.0,0.0,0.4,6.272,0.069,48.47,68.6,0,0,0,E001,2005-07-26 reconstructed 15-minute hyetograph; 108 intervals,944.181998744607,250.38599395751956,431.6999950408936,649.2999992370605,866.5999999046326,943.2999987602234,69.0719985961914,250.38599395751956,1.718098759651184,0.0,8.915812492370605,3.157957077026367,887.1835377049135,887.1835377049135,,HYDRAULIC_PROXY; direct SWMM where mapped; street-surface states unavailable,UNVALIDATED_NO_EVENT_MATCHED_HYDRAULIC_OBSERVATIONS,RAINFALL_RECONSTRUCTED_15MIN; grid represents Phase 1 pilot coverage,Reconstructed E001 hyetograph; source rainfall is IMD three-hour observations,Unavailable; no street coupling,Phase 2A historical_2005 normalized SWMM output,True,PILOT_SUBCATCHMENT_ASSIGNED,1,historical_2005,terra05-swmm-v1.0.0,GIS + Phase 2B SWMM; rainfall reconstructed,138_1053
28584,L,0,0.0,2,16.789630889892578,5.007290840148926,32531.0,30.09553157541308,10.389979499286666,1.8506977582768016,34.23487222586694,841.755900872875,0.4090909090909091,0.5636363636363636,0.0272727272727272,0.0,7,700.0,0.0,0.0,0.0,0.4,17.43,0.006,40.83,0.0,0,0,0,E001,2005-07-26 reconstructed 15-minute hyetograph; 108 intervals,944.181998744607,250.38599395751956,431.6999950408936,649.2999992370605,866.5999999046326,943.2999987602234,69.0719985961914,250.38599395751956,5.501660346984863,0.0,24.915939331054688,5.536258697509766,877.3438928598623,877.3438928598623,,HYDRAULIC_PROXY; direct SWMM where mapped; street-surface states unavailable,UNVALIDATED_NO_EVENT_MATCHED_HYDRAULIC_OBSERVATIONS,RAINFALL_RECONSTRUCTED_15MIN; grid represents Phase 1 pilot coverage,Reconstructed E001 hyetograph; source rainfall is IMD three-hour observations,Unavailable; no street coupling,Phase 2A historical_2005 normalized SWMM output,True,PILOT_SUBCATCHMENT_ASSIGNED,1,historical_2005,terra05-swmm-v1.0.0,GIS + Phase 2B SWMM; rainfall reconstructed,138_1057
28853,L,0,0.0,2,10.236709594726562,3.1536636352539062,49.0,0.045331562115989,3.912023005428146,4.949650176589233,31.427927486683128,1039.897611761926,0.140495867768595,0.859504132231405,0.0,0.0,7,700.0,0.0,0.0,0.0,0.4,11.396,0.015,13.98,0.0,0,0,0,E001,2005-07-26 reconstructed 15-minute hyetograph; 108 intervals,944.181998744607,250.38599395751956,431.6999950408936,649.2999992370605,866.5999999046326,943.2999987602234,69.0719985961914,250.38599395751956,2.0040371417999268,0.0,20.44202423095703,3.2543389797210693,846.3481945617239,846.3481945617239,,HYDRAULIC_PROXY; direct SWMM where mapped; street-surface states unavailable,UNVALIDATED_NO_EVENT_MATCHED_HYDRAULIC_OBSERVATIONS,RAINFALL_RECONSTRUCTED_15MIN; grid represents Phase 1 pilot coverage,Reconstructed E001 hyetograph; source rainfall is IMD three-hour observations,Unavailable; no street coupling,Phase 2A historical_2005 normalized SWMM output,True,PILOT_SUBCATCHMENT_ASSIGNED,1,historical_2005,terra05-swmm-v1.0.0,GIS + Phase 2B SWMM; rainfall reconstructed,138_1057
28857,L,0,0.0,2,19.153523763020832,9.42877197265625,1.0,0.0009251339207344,0.6931471805599453,0.0,158.93547897820605,970.0549348650676,0.7272727272727273,0.2727272727272727,0.0,0.0,11,1100.0,0.0,0.0,0.0,0.4,6.401,0.0,72.73,101.1,0,0,1,E001,2005-07-26 reconstructed 15-minute hyetograph; 108 intervals,944.181998744607,250.38599395751956,431.6999950408936,649.2999992370605,866.5999999046326,943.2999987602234,69.0719985961914,250.38599395751956,5.501660346984863,0.0,28.488739013671875,6.7437424659729,912.81922481583,912.81922481583,,HYDRAULIC_PROXY; direct SWMM where mapped; street-surface states unavailable,UNVALIDATED_NO_EVENT_MATCHED_HYDRAULIC_OBSERVATIONS,RAINFALL_RECONSTRUCTED_15MIN; grid represents Phase 1 pilot coverage,Reconstructed E001 hyetograph; source rainfall is IMD three-hour observations,Unavailable; no street coupling,Phase 2A historical_2005 normalized SWMM output,True,PILOT_SUBCATCHMENT_ASSIGNED,1,historical_2005,terra05-swmm-v1.0.0,GIS + Phase 2B SWMM; rainfall reconstructed,138_1057
28858,L,0,0.0,2,21.618072509765625,4.351363711886936,1.0,0.0009251339207344,0.6931471805599453,0.0,132.68408525050722,937.2886090510162,0.8842975206611571,0.0413223140495867,0.0,0.0,11,1100.0,0.0,0.0,0.0,0.4,7.181,0.0,88.43,100.5,0,0,1,E001,2005-07-26 reconstructed 15-minute hyetograph; 108 intervals,944.181998744607,250.38599395751956,431.6999950408936,649.2999992370605,866.5999999046326,943.2999987602234,69.0719985961914,250.38599395751956,6.048128128051758,0.0,22.98581314086914,5.920466899871826,930.3086380478632,930.3086380478632,,HYDRAULIC_PROXY; direct SWMM where mapped; street-surface states unavailable,UNVALIDATED_NO_EVENT_MATCHED_HYDRAULIC_OBSERVATIONS,RAINFALL_RECONSTRUCTED_15MIN; grid represents Phase 1 pilot coverage,Reconstructed E001 hyetograph; source rainfall is IMD three-hour observations,Unavailable; no street coupling,Phase 2A historical_2005 normalized SWMM output,True,PILOT_SUBCATCHMENT_ASSIGNED,1,historical_2005,terra05-swmm-v1.0.0,GIS + Phase 2B SWMM; rainfall reconstructed,138_1057
28859,L,0,0.0,2,16.551106770833332,7.262860616048177,1.0,0.0009251339207344,0.6931471805599453,0.0,173.05966161846024,902.6285832409686,0.4049586776859504,0.3471074380165289,0.1487603305785124,0.0,11,1100.0,0.0,0.0,0.0,0.4,6.665,0.0,40.5,17.2,0,0,0,E001,2005-07-26 reconstructed 15-minute hyetograph; 108 intervals,944.181998744607,250.38599395751956,431.6999950408936,649.2999992370605,866.5999999046326,943.2999987602234,69.0719985961914,250.38599395751956,9.411399841308594,86948.6866235733,22.958181381225582,6.300437450408936,876.998279536783,876.998279536783,,HYDRAULIC_PROXY; direct SWMM where mapped; street-surface states unavailable,UNVALIDATED_NO_EVENT_MATCHED_HYDRAULIC_OBSERVATIONS,RAINFALL_RECONSTRUCTED_15MIN; grid represents Phase 1 pilot coverage,Reconstructed E001 hyetograph; source rainfall is IMD three-hour observations,Unavailable; no street coupling,Phase 2A historical_2005 normalized SWMM output,True,PILOT_SUBCATCHMENT_ASSIGNED,1,historical_2005,terra05-swmm-v1.0.0,GIS + Phase 2B SWMM; rainfall reconstructed,138_1057
28863,L,0,0.0,2,30.472164577907986,12.53932359483507,8.0,0.0074010713658757,2.19722457733622,0.0,232.9645868177257,870.8006056141106,0.4545454545454545,0.5454545454545454,0.0,0.0,4,400.0,0.0,0.0,0.0,0.4,8.188,0.0,45.45,0.0,0,0,0,E001,2005-07-26 reconstructed 15-minute hyetograph; 108 intervals,944.181998744607,250.38599395751956,431.6999950408936,649.2999992370605,866.5999999046326,943.2999987602234,69.0719985961914,250.38599395751956,2.698310852050781,0.0,30.410860061645508,2.5110528469085693,882.6153911253639,882.6153911253639,,HYDRAULIC_PROXY; direct SWMM where mapped; street-surface states unavailable,UNVALIDATED_NO_EVENT_MATCHED_HYDRAULIC_OBSERVATIONS,RAINFALL_RECONSTRUCTED_15MIN; grid represents Phase 1 pilot coverage,Reconstructed E001 hyetograph; source rainfall is IMD three-hour observations,Unavailable; no street coupling,Phase 2A historical_2005 normalized SWMM output,True,PILOT_SUBCATCHMENT_ASSIGNED,1,historical_2005,terra05-swmm-v1.0.0,GIS + Phase 2B SWMM; rainfall reconstructed,138_1057
28864,L,0,0.0,2,36.40230305989584,10.559649149576822,1.0,0.0009251339207344,0.6931471805599453,0.0,141.66276402642993,890.7019674046768,0.5537190082644629,0.3636363636363636,0.0,0.0,12,1200.0,0.0,0.0,0.0,0.4,6.285,0.0,55.37,0.0,0,0,0,E001,2005-07-26 reconstructed 15-minute hyetograph; 108 intervals,944.181998744607,250.38599395751956,431.6999950408936,649.2999992370605,866.5999999046326,943.2999987602234,69.0719985961914,250.38599395751956,2.698310852050781,0.0,30.410860061645508,2.5110528469085693,893.5930119571274,893.5930119571274,,HYDRAULIC_PROXY; direct SWMM where mapped; street-surface states unavailable,UNVALIDATED_NO_EVENT_MATCHED_HYDRAULIC_OBSERVATIONS,RAINFALL_RECONSTRUCTED_15MIN; grid represents Phase 1 pilot coverage,Reconstructed E001 hyetograph; source rainfall is IMD three-hour observations,Unavailable; no street coupling,Phase 2A historical_2005 normalized SWMM output,True,PILOT_SUBCATCHMENT_ASSIGNED,1,historical_2005,terra05-swmm-v1.0.0,GIS + Phase 2B SWMM; rainfall reconstructed,138_1057
28865,L,0,0.0,2,33.816009521484375,17.398274739583332,1.0,0.0009251339207344,0.6931471805599453,0.0,76.57792574928044,921.0897321864044,0.7520661157024794,0.2066115702479339,0.0,0.0,14,1400.0,0.0,0.0,0.0,0.4,5.766,0.0,75.21,100.2,0,1,1,E001,2005-07-26 reconstructed 15-minute hyetograph; 108 intervals,944.181998744607,250.38599395751956,431.6999950408936,649.2999992370605,866.5999999046326,943.2999987602234,69.0719985961914,250.38599395751956,2.2895612716674805,0.0,28.92601203918457,2.969443321228028,915.5821501287572,915.5821501287572,,HYDRAULIC_PROXY; direct SWMM where mapped; street-surface states unavailable,UNVALIDATED_NO_EVENT_MATCHED_HYDRAULIC_OBSERVATIONS,RAINFALL_RECONSTRUCTED_15MIN; grid represents Phase 1 pilot coverage,Reconstructed E001 hyetograph; source rainfall is IMD three-hour observations,Unavailable; no street coupling,Phase 2A historical_2005 normalized SWMM output,True,PILOT_SUBCATCHMENT_ASSIGNED,1,historical_2005,terra05-swmm-v1.0.0,GIS + Phase 2B SWMM; rainfall reconstructed,138_1057
28866,L,0,0.0,2,14.682791392008465,6.052727381388347,4.0,0.0037005356829378,1.6094379124341005,0.0,102.22579857287982,947.769432468925,0.5041322314049587,0.4958677685950413,0.0,0.0,10,1000.0,0.0,0.0,0.0,0.4,8.235,0.0,50.41,104.1,0,0,1,E001,2005-07-26 reconstructed 15-minute hyetograph; 108 intervals,944.181998744607,250.38599395751956,431.6999950408936,649.2999992370605,866.5999999046326,943.2999987602234,69.0719985961914,250.38599395751956,2.7286078929901123,0.0,28.21793365478516,3.0446126461029053,888.0335892735454,888.0335892735454,,HYDRAULIC_PROXY; direct SWMM where mapped; street-surface states unavailable,UNVALIDATED_NO_EVENT_MATCHED_HYDRAULIC_OBSERVATIONS,RAINFALL_RECONSTRUCTED_15MIN; grid represents Phase 1 pilot coverage,Reconstructed E001 hyetograph; source rainfall is IMD three-hour observations,Unavailable; no street coupling,Phase 2A historical_2005 normalized SWMM output,True,PILOT_SUBCATCHMENT_ASSIGNED,1,historical_2005,terra05-swmm-v1.0.0,GIS + Phase 2B SWMM; rainfall reconstructed,138_1057
28867,L,0,0.0,2,15.76484849717882,6.30562506781684,3.0,0.0027754017622034,1.3862943611198906,0.0,95.79158542000866,977.4949090010186,0.5702479338842975,0.4214876033057851,0.0,0.0,10,1000.0,0.0,0.0,0.0,0.4,7.907,0.0,57.02,0.0,0,0,0,E001,2005-07-26 reconstructed 15-minute hyetograph; 108 intervals,944.181998744607,250.38599395751956,431.6999950408936,649.2999992370605,866.5999999046326,943.2999987602234,69.0719985961914,250.38599395751956,3.425708055496216,0.0,26.69258499145508,4.9961838722229,895.410062403316,895.410062403316,,HYDRAULIC_PROXY; direct SWMM where mapped; street-surface states unavailable,UNVALIDATED_NO_EVENT_MATCHED_HYDRAULIC_OBSERVATIONS,RAINFALL_RECONSTRUCTED_15MIN; grid represents Phase 1 pilot coverage,Reconstructed E001 hyetograph; source rainfall is IMD three-hour observations,Unavailable; no street coupling,Phase 2A historical_2005 normalized SWMM output,True,PILOT_SUBCATCHMENT_ASSIGNED,1,historical_2005,terra05-swmm-v1.0.0,GIS + Phase 2B SWMM; rainfall reconstructed,138_1057
29129,L,0,0.0,2,14.47250705295139,4.079471588134766,29.0,0.0268288837012996,3.4011973816621555,13.073099120737934,1.6156034472280196,1136.8844888626938,0.4793388429752066,0.5041322314049587,0.0,0.0,4,400.0,0.0,0.0,0.0,0.4,10.613,0.039,47.32,0.0,0,0,0,E001,2005-07-26 reconstructed 15-minute hyetograph; 108 intervals,944.181998744607,250.38599395751956,431.6999950408936,649.2999992370605,866.5999999046326,943.2999987602234,69.0719985961914,250.38599395751956,1.9622632265090945,0.0,13.431591987609863,3.0354766845703125,885.1684763914816,885.1684763914816,,HYDRAULIC_PROXY; direct SWMM where mapped; street-surface states unavailable,UNVALIDATED_NO_EVENT_MATCHED_HYDRAULIC_OBSERVATIONS,RAINFALL_RECONSTRUCTED_15MIN; grid represents Phase 1 pilot coverage,Reconstructed E001 hyetograph; source rainfall is IMD three-hour observations,Unavailable; no street coupling,Phase 2A historical_2005 normalized SWMM output,True,PILOT_SUBCATCHMENT_ASSIGNED,1,historical_2005,terra05-swmm-v1.0.0,GIS + Phase 2B SWMM; rainfall reconstructed,138_1057
29130,L,0,0.0,2,15.493445502387154,6.777486589219835,5.0,0.0046256696036723,1.791759469228055,0.0,87.64766052821088,1117.3028958241678,0.256198347107438,0.743801652892562,0.0,0.0,12,1200.0,0.0,0.0,0.0,0.4,8.345,0.0,25.62,0.0,0,0,0,E001,2005-07-26 reconstructed 15-minute hyetograph; 108 intervals,944.181998744607,250.38599395751956,431.6999950408936,649.2999992370605,866.5999999046326,943.2999987602234,69.0719985961914,250.38599395751956,1.9622632265090945,0.0,13.431591987609863,3.0354766845703125,860.274195038073,860.274195038073,,HYDRAULIC_PROXY; direct SWMM where mapped; street-surface states unavailable,UNVALIDATED_NO_EVENT_MATCHED_HYDRAULIC_OBSERVATIONS,RAINFALL_RECONSTRUCTED_15MIN; grid represents Phase 1 pilot coverage,Reconstructed E001 hyetograph; source rainfall is IMD three-hour observations,Unavailable; no street coupling,Phase 2A historical_2005 normalized SWMM output,True,PILOT_SUBCATCHMENT_ASSIGNED,1,historical_2005,terra05-swmm-v1.0.0,GIS + Phase 2B SWMM; rainfall reconstructed,138_1057
29131,L,0,0.0,2,16.31151072184245,6.394572575887044,3.0,0.0027754017622034,1.3862943611198906,0.0,90.71432914735924,1104.690951900454,0.2479338842975206,0.7520661157024794,0.0,0.0,11,1100.0,0.0,0.0,0.0,0.4,7.892,0.0,24.79,0.0,0,0,0,E001,2005-07-26 reconstructed 15-minute hyetograph; 108 intervals,944.181998744607,250.38599395751956,431.6999950408936,649.2999992370605,866.5999999046326,943.2999987602234,69.0719985961914,250.38599395751956,3.035433053970337,0.0,33.84453582763672,3.948286771774292,859.3069345672118,859.3069345672118,,HYDRAULIC_PROXY; direct SWMM where mapped; street-surface states unavailable,UNVALIDATED_NO_EVENT_MATCHED_HYDRAULIC_OBSERVATIONS,RAINFALL_RECONSTRUCTED_15MIN; grid represents Phase 1 pilot coverage,Reconstructed E001 hyetograph; source rainfall is IMD three-hour observations,Unavailable; no street coupling,Phase 2A historical_2005 normalized SWMM output,True,PILOT_SUBCATCHMENT_ASSIGNED,1,historical_2005,terra05-swmm-v1.0.0,GIS + Phase 2B SWMM; rainfall reconstructed,138_1057
29132,L,0,0.0,2,19.731272379557293,3.694560156928168,1.0,0.0009251339207344,0.6931471805599453,0.0,150.34935820706855,1100.3817152293475,0.3801652892561983,0.6198347107438017,0.0,0.0,13,1300.0,0.0,0.0,0.0,0.4,7.345,0.0,38.02,111.2,0,0,1,E001,2005-07-26 reconstructed 15-minute hyetograph; 108 intervals,944.181998744607,250.38599395751956,431.6999950408936,649.2999992370605,866.5999999046326,943.2999987602234,69.0719985961914,250.38599395751956,3.1638786792755127,0.0,33.84453582763672,3.948286771774292,873.9246919721334,873.9246919721334,,HYDRAULIC_PROXY; direct SWMM where mapped; street-surface states unavailable,UNVALIDATED_NO_EVENT_MATCHED_HYDRAULIC_OBSERVATIONS,RAINFALL_RECONSTRUCTED_15MIN; grid represents Phase 1 pilot coverage,Reconstructed E001 hyetograph; source rainfall is IMD three-hour observations,Unavailable; no street coupling,Phase 2A historical_2005 normalized SWMM output,True,PILOT_SUBCATCHMENT_ASSIGNED,1,historical_2005,terra05-swmm-v1.0.0,GIS + Phase 2B SWMM; rainfall reconstructed,138_1057
29133,L,0,0.0,2,22.5390116373698,11.12610880533854,1.0,0.0009251339207344,0.6931471805599453,0.0,238.7064505075206,1063.4676848210077,0.5867768595041323,0.3305785123966942,0.0,0.0,11,1100.0,0.0,0.0,0.0,0.4,6.231,0.0,58.68,0.0,0,0,0,E001,2005-07-26 reconstructed 15-minute hyetograph; 108 intervals,944.181998744607,250.38599395751956,431.6999950408936,649.2999992370605,866.5999999046326,943.2999987602234,69.0719985961914,250.38599395751956,5.501660346984863,0.0,24.915939331054688,5.536258697509766,897.2600651899116,897.2600651899116,,HYDRAULIC_PROXY; direct SWMM where mapped; street-surface states unavailable,UNVALIDATED_NO_EVENT_MATCHED_HYDRAULIC_OBSERVATIONS,RAINFALL_RECONSTRUCTED_15MIN; grid represents Phase 1 pilot coverage,Reconstructed E001 hyetograph; source rainfall is IMD three-hour observations,Unavailable; no street coupling,Phase 2A historical_2005 normalized SWMM output,True,PILOT_SUBCATCHMENT_ASSIGNED,1,historical_2005,terra05-swmm-v1.0.0,GIS + Phase 2B SWMM; rainfall reconstructed,138_1057
29134,L,0,0.0,2,18.681686401367188,6.757350073920356,31.0,0.0286791515427685,3.4657359027997265,0.0,232.46097840542248,1030.069871069594,0.9090909090909092,0.0826446280991735,0.0,0.0,8,800.0,0.0,0.0,0.0,0.4,10.172,0.0,90.91,0.0,0,0,0,E001,2005-07-26 reconstructed 15-minute hyetograph; 108 intervals,944.181998744607,250.38599395751956,431.6999950408936,649.2999992370605,866.5999999046326,943.2999987602234,69.0719985961914,250.38599395751956,6.048128128051758,0.0,22.98581314086914,5.920466899871826,933.0500422330804,933.0500422330804,,HYDRAULIC_PROXY; direct SWMM where mapped; street-surface states unavailable,UNVALIDATED_NO_EVENT_MATCHED_HYDRAULIC_OBSERVATIONS,RAINFALL_RECONSTRUCTED_15MIN; grid represents Phase 1 pilot coverage,Reconstructed E001 hyetograph; source rainfall is IMD three-hour observations,Unavailable; no street coupling,Phase 2A historical_2005 normalized SWMM output,True,PILOT_SUBCATCHMENT_ASSIGNED,1,historical_2005,terra05-swmm-v1.0.0,GIS + Phase 2B SWMM; rainfall reconstructed,138_1057
29135,L,0,0.0,2,15.8404172261556,6.870444615681966,119.0,0.110090936567402,4.787491742782046,0.0,257.64837760393215,998.4876760811412,0.5785123966942148,0.4049586776859504,0.0,0.0,20,2000.0,0.0,0.0,0.0,0.4,11.5,0.0,57.85,99.3,0,0,1,E001,2005-07-26 reconstructed 15-minute hyetograph; 108 intervals,944.181998744607,250.38599395751956,431.6999950408936,649.2999992370605,866.5999999046326,943.2999987602234,69.0719985961914,250.38599395751956,9.411399841308594,86948.6866235733,22.958181381225582,6.300437450408936,896.333098682662,896.333098682662,,HYDRAULIC_PROXY; direct SWMM where mapped; street-surface states unavailable,UNVALIDATED_NO_EVENT_MATCHED_HYDRAULIC_OBSERVATIONS,RAINFALL_RECONSTRUCTED_15MIN; grid represents Phase 1 pilot coverage,Reconstructed E001 hyetograph; source rainfall is IMD three-hour observations,Unavailable; no street coupling,Phase 2A historical_2005 normalized SWMM output,True,PILOT_SUBCATCHMENT_ASSIGNED,1,historical_2005,terra05-swmm-v1.0.0,GIS + Phase 2B SWMM; rainfall reconstructed,138_1057
29136,L,0,0.0,2,17.271021525065105,12.76412624782986,5.0,0.0046256696036723,1.791759469228055,0.0,314.20895353676747,976.1717775507065,0.2727272727272727,0.6776859504132231,0.0495867768595041,0.0,12,1200.0,0.0,0.0,0.0,0.4,7.699,0.0,27.27,106.0,0,0,1,E001,2005-07-26 reconstructed 15-minute hyetograph; 108 intervals,944.181998744607,250.38599395751956,431.6999950408936,649.2999992370605,866.5999999046326,943.2999987602234,69.0719985961914,250.38599395751956,23.27560043334961,3763.9668703079215,40.58124923706055,12.747952461242676,862.3999314822865,862.3999314822865,,HYDRAULIC_PROXY; direct SWMM where mapped; street-surface states unavailable,UNVALIDATED_NO_EVENT_MATCHED_HYDRAULIC_OBSERVATIONS,RAINFALL_RECONSTRUCTED_15MIN; grid represents Phase 1 pilot coverage,Reconstructed E001 hyetograph; source rainfall is IMD three-hour observations,Unavailable; no street coupling,Phase 2A historical_2005 normalized SWMM output,True,PILOT_SUBCATCHMENT_ASSIGNED,1,historical_2005,terra05-swmm-v1.0.0,GIS + Phase 2B SWMM; rainfall reconstructed,138_1057
29137,L,0,0.0,2,17.646562364366318,12.792651706271702,2.0,0.0018502678414689,1.0986122886681098,0.0,388.6796193311434,963.7660708320736,0.4214876033057851,0.5619834710743802,0.0,0.0,8,800.0,0.0,0.0,0.0,0.4,6.781,0.0,42.15,110.0,0,0,1,E001,2005-07-26 reconstructed 15-minute hyetograph; 108 intervals,944.181998744607,250.38599395751956,431.6999950408936,649.2999992370605,866.5999999046326,943.2999987602234,69.0719985961914,250.38599395751956,23.27560043334961,3763.9668703079215,40.58124923706055,12.747952461242676,878.9458754046786,878.9458754046786,,HYDRAULIC_PROXY; direct SWMM where mapped; street-surface states unavailable,UNVALIDATED_NO_EVENT_MATCHED_HYDRAULIC_OBSERVATIONS,RAINFALL_RECONSTRUCTED_15MIN; grid represents Phase 1 pilot coverage,Reconstructed E001 hyetograph; source rainfall is IMD three-hour observations,Unavailable; no street coupling,Phase 2A historical_2005 normalized SWMM output,True,PILOT_SUBCATCHMENT_ASSIGNED,1,historical_2005,terra05-swmm-v1.0.0,GIS + Phase 2B SWMM; rainfall reconstructed,138_1057
29138,L,0,0.0,2,34.26424662272135,20.03114446004232,1.0,0.0009251339207344,0.6931471805599453,0.0,364.9711203823962,961.6541682370444,0.6611570247933884,0.2809917355371901,0.0,0.0,14,1400.0,0.0,0.0,0.0,0.4,5.614,0.0,66.12,101.3,0,0,1,E001,2005-07-26 reconstructed 15-minute hyetograph; 108 intervals,944.181998744607,250.38599395751956,431.6999950408936,649.2999992370605,866.5999999046326,943.2999987602234,69.0719985961914,250.38599395751956,23.27560043334961,3763.9668703079215,40.58124923706055,12.747952461242676,905.5062289768828,905.5062289768828,,HYDRAULIC_PROXY; direct SWMM where mapped; street-surface states unavailable,UNVALIDATED_NO_EVENT_MATCHED_HYDRAULIC_OBSERVATIONS,RAINFALL_RECONSTRUCTED_15MIN; grid represents Phase 1 pilot coverage,Reconstructed E001 hyetograph; source rainfall is IMD three-hour observations,Unavailable; no street coupling,Phase 2A historical_2005 normalized SWMM output,True,PILOT_SUBCATCHMENT_ASSIGNED,1,historical_2005,terra05-swmm-v1.0.0,GIS + Phase 2B SWMM; rainfall reconstructed,138_1057
29139,L,0,0.0,2,38.142856174045136,12.139672173394096,1.0,0.0009251339207344,0.6931471805599453,0.0,281.06895722159686,969.8669881691628,0.8842975206611571,0.1157024793388429,0.0,0.0,11,1100.0,0.0,0.0,0.0,0.4,6.142,0.0,88.43,101.6,0,0,1,E001,2005-07-26 reconstructed 15-minute hyetograph; 108 intervals,944.181998744607,250.38599395751956,431.6999950408936,649.2999992370605,866.5999999046326,943.2999987602234,69.0719985961914,250.38599395751956,23.27560043334961,3763.9668703079215,40.58124923706055,12.747952461242676,930.2797911597006,930.2797911597006,,HYDRAULIC_PROXY; direct SWMM where mapped; street-surface states unavailable,UNVALIDATED_NO_EVENT_MATCHED_HYDRAULIC_OBSERVATIONS,RAINFALL_RECONSTRUCTED_15MIN; grid represents Phase 1 pilot coverage,Reconstructed E001 hyetograph; source rainfall is IMD three-hour observations,Unavailable; no street coupling,Phase 2A historical_2005 normalized SWMM output,True,PILOT_SUBCATCHMENT_ASSIGNED,1,historical_2005,terra05-swmm-v1.0.0,GIS + Phase 2B SWMM; rainfall reconstructed,138_1057
29140,L,0,0.0,2,36.502766927083336,7.031155480278863,1.0,0.0009251339207344,0.6931471805599453,0.0,211.64970756911097,987.7744047812654,0.9090909090909092,0.0909090909090909,0.0,0.0,16,1600.0,0.0,0.0,0.0,0.4,6.698,0.0,90.91,100.9,0,0,1,E001,2005-07-26 reconstructed 15-minute hyetograph; 108 intervals,944.181998744607,250.38599395751956,431.6999950408936,649.2999992370605,866.5999999046326,943.2999987602234,69.0719985961914,250.38599395751956,23.27560043334961,3763.9668703079215,40.58124923706055,12.747952461242676,933.0483187173376,933.0483187173376,,HYDRAULIC_PROXY; direct SWMM where mapped; street-surface states unavailable,UNVALIDATED_NO_EVENT_MATCHED_HYDRAULIC_OBSERVATIONS,RAINFALL_RECONSTRUCTED_15MIN; grid represents Phase 1 pilot coverage,Reconstructed E001 hyetograph; source rainfall is IMD three-hour observations,Unavailable; no street coupling,Phase 2A historical_2005 normalized SWMM output,True,PILOT_SUBCATCHMENT_ASSIGNED,1,historical_2005,terra05-swmm-v1.0.0,GIS + Phase 2B SWMM; rainfall reconstructed,138_1057
29141,L,0,0.0,2,25.535410563151043,21.1059061686198,11.0,0.0101764731280791,2.4849066497880004,0.0,174.9040843277953,1015.260840740764,0.5950413223140496,0.4049586776859504,0.0,0.0,9,900.0,0.0,0.0,0.0,0.4,7.955,0.0,59.5,137.2,0,0,1,E001,2005-07-26 reconstructed 15-minute hyetograph; 108 intervals,944.181998744607,250.38599395751956,431.6999950408936,649.2999992370605,866.5999999046326,943.2999987602234,69.0719985961914,250.38599395751956,23.27560043334961,3763.9668703079215,40.58124923706055,12.747952461242676,898.1792923297323,898.1792923297323,,HYDRAULIC_PROXY; direct SWMM where mapped; street-surface states unavailable,UNVALIDATED_NO_EVENT_MATCHED_HYDRAULIC_OBSERVATIONS,RAINFALL_RECONSTRUCTED_15MIN; grid represents Phase 1 pilot coverage,Reconstructed E001 hyetograph; source rainfall is IMD three-hour observations,Unavailable; no street coupling,Phase 2A historical_2005 normalized SWMM output,True,PILOT_SUBCATCHMENT_ASSIGNED,1,historical_2005,terra05-swmm-v1.0.0,GIS + Phase 2B SWMM; rainfall reconstructed,138_1057
29142,L,0,0.0,2,22.8603744506836,14.220738728841146,1.0,0.0009251339207344,0.6931471805599453,0.0,190.75449854459228,1044.912750962956,0.859504132231405,0.1322314049586777,0.0,0.0,12,1200.0,0.0,0.0,0.0,0.4,5.978,0.0,85.95,138.3,0,0,1,E001,2005-07-26 reconstructed 15-minute hyetograph; 108 intervals,944.181998744607,250.38599395751956,431.6999950408936,649.2999992370605,866.5999999046326,943.2999987602234,69.0719985961914,250.38599395751956,2.7286078929901123,0.0,26.69207572937012,3.6564829349517822,927.5165867942268,927.5165867942268,,HYDRAULIC_PROXY; direct SWMM where mapped; street-surface states unavailable,UNVALIDATED_NO_EVENT_MATCHED_HYDRAULIC_OBSERVATIONS,RAINFALL_RECONSTRUCTED_15MIN; grid represents Phase 1 pilot coverage,Reconstructed E001 hyetograph; source rainfall is IMD three-hour observations,Unavailable; no street coupling,Phase 2A historical_2005 normalized SWMM output,True,PILOT_SUBCATCHMENT_ASSIGNED,1,historical_2005,terra05-swmm-v1.0.0,GIS + Phase 2B SWMM; rainfall reconstructed,138_1057
29143,L,0,0.0,2,15.341398451063368,1.0631048414442277,20.0,0.0185026784146894,3.044522437723423,0.0,195.0814627049096,1071.9477865667775,0.8925619834710744,0.0330578512396694,0.0,0.0,24,2400.0,0.0,0.0,0.0,0.4,11.588,0.0,89.26,0.0,0,0,1,E001,2005-07-26 reconstructed 15-minute hyetograph; 108 intervals,944.181998744607,250.38599395751956,431.6999950408936,649.2999992370605,866.5999999046326,943.2999987602234,69.0719985961914,250.38599395751956,3.425708055496216,0.0,26.69258499145508,4.9961838722229,931.4290348137728,931.4290348137728,,HYDRAULIC_PROXY; direct SWMM where mapped; street-surface states unavailable,UNVALIDATED_NO_EVENT_MATCHED_HYDRAULIC_OBSERVATIONS,RAINFALL_RECONSTRUCTED_15MIN; grid represents Phase 1 pilot coverage,Reconstructed E001 hyetograph; source rainfall is IMD three-hour observations,Unavailable; no street coupling,Phase 2A historical_2005 normalized SWMM output,True,PILOT_SUBCATCHMENT_ASSIGNED,1,historical_2005,terra05-swmm-v1.0.0,GIS + Phase 2B SWMM; rainfall reconstructed,138_1057
29144,L,0,0.0,2,14.999813503689236,2.9442876180013022,2.0,0.0018502678414689,1.0986122886681098,0.0,172.08578854245525,1107.384963382588,0.6,0.3818181818181818,0.009090909090909,0.0,33,3300.0,0.0,0.0,0.0,0.4,8.266,0.0,60.0,0.0,0,0,1,E001,2005-07-26 reconstructed 15-minute hyetograph; 108 intervals,944.181998744607,250.38599395751956,431.6999950408936,649.2999992370605,866.5999999046326,943.2999987602234,69.0719985961914,250.38599395751956,3.425708055496216,0.0,26.69258499145508,4.9961838722229,898.6549870765881,898.6549870765881,,HYDRAULIC_PROXY; direct SWMM where mapped; street-surface states unavailable,UNVALIDATED_NO_EVENT_MATCHED_HYDRAULIC_OBSERVATIONS,RAINFALL_RECONSTRUCTED_15MIN; grid represents Phase 1 pilot coverage,Reconstructed E001 hyetograph; source rainfall is IMD three-hour observations,Unavailable; no street coupling,Phase 2A historical_2005 normalized SWMM output,True,PILOT_SUBCATCHMENT_ASSIGNED,1,historical_2005,terra05-swmm-v1.0.0,GIS + Phase 2B SWMM; rainfall reconstructed,138_1057
29148,L,0,0.0,2,24.12802463107639,13.526643541124132,1.0,0.0009251339207344,0.6931471805599453,0.8209498267096543,42.98920575353137,1317.2771375559598,0.3801652892561983,0.6033057851239669,0.0,0.0,1,100.0,0.0,0.0,0.0,0.4,6.03,0.002,37.99,1.7,0,0,0,E001,2005-07-26 reconstructed 15-minute hyetograph; 108 intervals,944.181998744607,250.38599395751956,431.6999950408936,649.2999992370605,866.5999999046326,943.2999987602234,69.0719985961914,250.38599395751956,5.475796699523926,0.0,22.11002349853516,6.147820472717285,874.3696009342236,874.3696009342236,,HYDRAULIC_PROXY; direct SWMM where mapped; street-surface states unavailable,UNVALIDATED_NO_EVENT_MATCHED_HYDRAULIC_OBSERVATIONS,RAINFALL_RECONSTRUCTED_15MIN; grid represents Phase 1 pilot coverage,Reconstructed E001 hyetograph; source rainfall is IMD three-hour observations,Unavailable; no street coupling,Phase 2A historical_2005 normalized SWMM output,True,PILOT_SUBCATCHMENT_ASSIGNED,1,historical_2005,terra05-swmm-v1.0.0,GIS + Phase 2B SWMM; rainfall reconstructed,138_1057
29406,L,0,0.0,2,20.543902926974827,4.340555826822917,9.0,0.0083262052866102,2.302585092994046,0.0,72.20799354535704,1234.2380244584551,0.6611570247933884,0.3388429752066115,0.0,0.0,16,1600.0,0.0,0.0,0.0,0.4,9.381,0.0,66.12,91.4,0,0,1,E001,2005-07-26 reconstructed 15-minute hyetograph; 108 intervals,944.181998744607,250.38599395751956,431.6999950408936,649.2999992370605,866.5999999046326,943.2999987602234,69.0719985961914,250.38599395751956,1.4255329370498655,0.0,9.165295600891112,1.577190399169922,905.510240830117,905.510240830117,,HYDRAULIC_PROXY; direct SWMM where mapped; street-surface states unavailable,UNVALIDATED_NO_EVENT_MATCHED_HYDRAULIC_OBSERVATIONS,RAINFALL_RECONSTRUCTED_15MIN; grid represents Phase 1 pilot coverage,Reconstructed E001 hyetograph; source rainfall is IMD three-hour observations,Unavailable; no street coupling,Phase 2A historical_2005 normalized SWMM output,True,PILOT_SUBCATCHMENT_ASSIGNED,1,historical_2005,terra05-swmm-v1.0.0,GIS + Phase 2B SWMM; rainfall reconstructed,138_1057
29407,L,0,0.0,2,23.553292168511284,4.629820929633246,1.0,0.0009251339207344,0.6931471805599453,0.0,134.5978992155235,1216.2248285056155,0.6942148760330579,0.3057851239669421,0.0,0.0,7,700.0,0.0,0.0,0.0,0.4,7.119,0.0,69.42,0.0,0,0,0,E001,2005-07-26 reconstructed 15-minute hyetograph; 108 intervals,944.181998744607,250.38599395751956,431.6999950408936,649.2999992370605,866.5999999046326,943.2999987602234,69.0719985961914,250.38599395751956,1.372023582458496,0.0,8.375579833984375,1.4355803728103638,909.1818676516413,909.1818676516413,,HYDRAULIC_PROXY; direct SWMM where mapped; street-surface states unavailable,UNVALIDATED_NO_EVENT_MATCHED_HYDRAULIC_OBSERVATIONS,RAINFALL_RECONSTRUCTED_15MIN; grid represents Phase 1 pilot coverage,Reconstructed E001 hyetograph; source rainfall is IMD three-hour observations,Unavailable; no street coupling,Phase 2A historical_2005 normalized SWMM output,True,PILOT_SUBCATCHMENT_ASSIGNED,1,historical_2005,terra05-swmm-v1.0.0,GIS + Phase 2B SWMM; rainfall reconstructed,138_1057
29408,L,0,0.0,2,22.5241216023763,2.7039575576782227,1.0,0.0009251339207344,0.6931471805599453,0.0,189.30491149239185,1204.332960278506,1.0,0.0,0.0,0.0,5,500.0,0.0,0.0,0.0,0.4,7.658,0.0,100.0,0.0,0,0,0,E001,2005-07-26 reconstructed 15-minute hyetograph; 108 intervals,944.181998744607,250.38599395751956,431.6999950408936,649.2999992370605,866.5999999046326,943.2999987602234,69.0719985961914,250.38599395751956,3.035433053970337,0.0,33.84453582763672,3.948286771774292,943.1991888448828,943.1991888448828,,HYDRAULIC_PROXY; direct SWMM where mapped; street-surface states unavailable,UNVALIDATED_NO_EVENT_MATCHED_HYDRAULIC_OBSERVATIONS,RAINFALL_RECONSTRUCTED_15MIN; grid represents Phase 1 pilot coverage,Reconstructed E001 hyetograph; source rainfall is IMD three-hour observations,Unavailable; no street coupling,Phase 2A historical_2005 normalized SWMM output,True,PILOT_SUBCATCHMENT_ASSIGNED,1,historical_2005,terra05-swmm-v1.0.0,GIS + Phase 2B SWMM; rainfall reconstructed,138_1057
29409,L,0,0.0,2,21.857364230685764,2.8217040167914496,1.0,0.0009251339207344,0.6931471805599453,0.0,224.0807656086624,1193.035566820579,1.0,0.0,0.0,0.0,10,1000.0,0.0,0.0,0.0,0.4,7.615,0.0,100.0,0.0,0,0,0,E001,2005-07-26 reconstructed 15-minute hyetograph; 108 intervals,944.181998744607,250.38599395751956,431.6999950408936,649.2999992370605,866.5999999046326,943.2999987602234,69.0719985961914,250.38599395751956,4.491777896881104,0.0,28.488739013671875,6.7437424659729,943.1909892153632,943.1909892153632,,HYDRAULIC_PROXY; direct SWMM where mapped; street-surface states unavailable,UNVALIDATED_NO_EVENT_MATCHED_HYDRAULIC_OBSERVATIONS,RAINFALL_RECONSTRUCTED_15MIN; grid represents Phase 1 pilot coverage,Reconstructed E001 hyetograph; source rainfall is IMD three-hour observations,Unavailable; no street coupling,Phase 2A historical_2005 normalized SWMM output,True,PILOT_SUBCATCHMENT_ASSIGNED,1,historical_2005,terra05-swmm-v1.0.0,GIS + Phase 2B SWMM; rainfall reconstructed,138_1057
29410,L,0,0.0,2,24.80819363064236,11.02449205186632,1.0,0.0009251339207344,0.6931471805599453,0.0,290.84021303180594,1157.9811987511011,0.9669421487603306,0.024793388429752,0.0,0.0,10,1000.0,0.0,0.0,0.0,0.4,6.241,0.0,96.69,0.0,0,0,0,E001,2005-07-26 reconstructed 15-minute hyetograph; 108 intervals,944.181998744607,250.38599395751956,431.6999950408936,649.2999992370605,866.5999999046326,943.2999987602234,69.0719985961914,250.38599395751956,5.501660346984863,0.0,24.915939331054688,5.536258697509766,939.4418362920258,939.4418362920258,,HYDRAULIC_PROXY; direct SWMM where mapped; street-surface states unavailable,UNVALIDATED_NO_EVENT_MATCHED_HYDRAULIC_OBSERVATIONS,RAINFALL_RECONSTRUCTED_15MIN; grid represents Phase 1 pilot coverage,Reconstructed E001 hyetograph; source rainfall is IMD three-hour observations,Unavailable; no street coupling,Phase 2A historical_2005 normalized SWMM output,True,PILOT_SUBCATCHMENT_ASSIGNED,1,historical_2005,terra05-swmm-v1.0.0,GIS + Phase 2B SWMM; rainfall reconstructed,138_1057
29411,L,0,0.0,2,18.78392876519097,6.480376349555121,2.0,0.0018502678414689,1.0986122886681098,0.0,332.37200014990543,1123.9587266833466,0.5867768595041323,0.396694214876033,0.0,0.0,12,1200.0,0.0,0.0,0.0,0.4,7.473,0.0,58.68,0.0,0,0,0,E001,2005-07-26 reconstructed 15-minute hyetograph; 108 intervals,944.181998744607,250.38599395751956,431.6999950408936,649.2999992370605,866.5999999046326,943.2999987602234,69.0719985961914,250.38599395751956,9.411399841308594,86948.6866235733,22.958181381225582,6.300437450408936,897.2491359202829,897.2491359202829,,HYDRAULIC_PROXY; direct SWMM where mapped; street-surface states unavailable,UNVALIDATED_NO_EVENT_MATCHED_HYDRAULIC_OBSERVATIONS,RAINFALL_RECONSTRUCTED_15MIN; grid represents Phase 1 pilot coverage,Reconstructed E001 hyetograph; source rainfall is IMD three-hour observations,Unavailable; no street coupling,Phase 2A historical_2005 normalized SWMM output,True,PILOT_SUBCATCHMENT_ASSIGNED,1,historical_2005,terra05-swmm-v1.0.0,GIS + Phase 2B SWMM; rainfall reconstructed,138_1057
29412,L,0,0.0,2,21.771626790364586,4.756223042805989,5.0,0.0046256696036723,1.791759469228055,0.0,350.4507475871336,1095.0876308717204,0.71900826446281,0.2644628099173554,0.0,0.0,17,1700.0,0.0,0.0,0.0,0.4,8.701,0.0,71.9,0.0,0,0,1,E001,2005-07-26 reconstructed 15-minute hyetograph; 108 intervals,944.181998744607,250.38599395751956,431.6999950408936,649.2999992370605,866.5999999046326,943.2999987602234,69.0719985961914,250.38599395751956,17.597658157348633,0.0,40.58124923706055,12.747952461242676,911.9335596662856,911.9335596662856,,HYDRAULIC_PROXY; direct SWMM where mapped; street-surface states unavailable,UNVALIDATED_NO_EVENT_MATCHED_HYDRAULIC_OBSERVATIONS,RAINFALL_RECONSTRUCTED_15MIN; grid represents Phase 1 pilot coverage,Reconstructed E001 hyetograph; source rainfall is IMD three-hour observations,Unavailable; no street coupling,Phase 2A historical_2005 normalized SWMM output,True,PILOT_SUBCATCHMENT_ASSIGNED,1,historical_2005,terra05-swmm-v1.0.0,GIS + Phase 2B SWMM; rainfall reconstructed,138_1057
29413,L,0,0.0,2,22.435651991102432,5.142430623372396,2.0,0.0018502678414689,1.0986122886681098,0.0,393.9039305276261,1074.7793351608625,0.4297520661157025,0.5619834710743802,0.0,0.0,8,800.0,0.0,0.0,0.0,0.4,7.706,0.0,42.98,0.0,0,0,0,E001,2005-07-26 reconstructed 15-minute hyetograph; 108 intervals,944.181998744607,250.38599395751956,431.6999950408936,649.2999992370605,866.5999999046326,943.2999987602234,69.0719985961914,250.38599395751956,23.27560043334961,3763.9668703079215,40.58124923706055,12.747952461242676,879.67508360256,879.67508360256,,HYDRAULIC_PROXY; direct SWMM where mapped; street-surface states unavailable,UNVALIDATED_NO_EVENT_MATCHED_HYDRAULIC_OBSERVATIONS,RAINFALL_RECONSTRUCTED_15MIN; grid represents Phase 1 pilot coverage,Reconstructed E001 hyetograph; source rainfall is IMD three-hour observations,Unavailable; no street coupling,Phase 2A historical_2005 normalized SWMM output,True,PILOT_SUBCATCHMENT_ASSIGNED,1,historical_2005,terra05-swmm-v1.0.0,GIS + Phase 2B SWMM; rainfall reconstructed,138_1057
29414,L,0,0.0,2,19.374915228949654,5.399444580078125,2.0,0.0018502678414689,1.0986122886681098,0.0,455.5270425406652,1063.5244798731308,0.5785123966942148,0.4214876033057851,0.0,0.0,15,1500.0,0.0,0.0,0.0,0.4,7.657,0.0,57.85,0.0,0,0,0,E001,2005-07-26 reconstructed 15-minute hyetograph; 108 intervals,944.181998744607,250.38599395751956,431.6999950408936,649.2999992370605,866.5999999046326,943.2999987602234,69.0719985961914,250.38599395751956,23.27560043334961,3763.9668703079215,40.58124923706055,12.747952461242676,896.3168551809938,896.3168551809938,,HYDRAULIC_PROXY; direct SWMM where mapped; street-surface states unavailable,UNVALIDATED_NO_EVENT_MATCHED_HYDRAULIC_OBSERVATIONS,RAINFALL_RECONSTRUCTED_15MIN; grid represents Phase 1 pilot coverage,Reconstructed E001 hyetograph; source rainfall is IMD three-hour observations,Unavailable; no street coupling,Phase 2A historical_2005 normalized SWMM output,True,PILOT_SUBCATCHMENT_ASSIGNED,1,historical_2005,terra05-swmm-v1.0.0,GIS + Phase 2B SWMM; rainfall reconstructed,138_1057
29415,L,0,0.0,2,17.625750223795574,7.854140599568685,2.0,0.0018502678414689,1.0986122886681098,0.0,421.81889326542,1061.611048967559,0.2892561983471074,0.7107438016528925,0.0,0.0,11,1100.0,0.0,0.0,0.0,0.4,7.279,0.0,28.93,0.0,0,0,0,E001,2005-07-26 reconstructed 15-minute hyetograph; 108 intervals,944.181998744607,250.38599395751956,431.6999950408936,649.2999992370605,866.5999999046326,943.2999987602234,69.0719985961914,250.38599395751956,23.27560043334961,3763.9668703079215,40.58124923706055,12.747952461242676,864.068340824524,864.068340824524,,HYDRAULIC_PROXY; direct SWMM where mapped; street-surface states unavailable,UNVALIDATED_NO_EVENT_MATCHED_HYDRAULIC_OBSERVATIONS,RAINFALL_RECONSTRUCTED_15MIN; grid represents Phase 1 pilot coverage,Reconstructed E001 hyetograph; source rainfall is IMD three-hour observations,Unavailable; no street coupling,Phase 2A historical_2005 normalized SWMM output,True,PILOT_SUBCATCHMENT_ASSIGNED,1,historical_2005,terra05-swmm-v1.0.0,GIS + Phase 2B SWMM; rainfall reconstructed,138_1057
29416,L,0,0.0,2,24.91751437717014,11.48012966579861,1.0,0.0009251339207344,0.6931471805599453,0.0,351.7485162955461,1069.0892008109467,0.3223140495867768,0.6776859504132231,0.0,0.0,6,600.0,0.0,0.0,0.0,0.4,6.199,0.0,32.23,0.0,0,0,0,E001,2005-07-26 reconstructed 15-minute hyetograph; 108 intervals,944.181998744607,250.38599395751956,431.6999950408936,649.2999992370605,866.5999999046326,943.2999987602234,69.0719985961914,250.38599395751956,23.27560043334961,3763.9668703079215,40.58124923706055,12.747952461242676,867.8968897992306,867.8968897992306,,HYDRAULIC_PROXY; direct SWMM where mapped; street-surface states unavailable,UNVALIDATED_NO_EVENT_MATCHED_HYDRAULIC_OBSERVATIONS,RAINFALL_RECONSTRUCTED_15MIN; grid represents Phase 1 pilot coverage,Reconstructed E001 hyetograph; source rainfall is IMD three-hour observations,Unavailable; no street coupling,Phase 2A historical_2005 normalized SWMM output,True,PILOT_SUBCATCHMENT_ASSIGNED,1,historical_2005,terra05-swmm-v1.0.0,GIS + Phase 2B SWMM; rainfall reconstructed,138_1057
29417,L,0,0.0,2,29.184214274088543,9.86657460530599,1.0,0.0009251339207344,0.6931471805599453,0.0,299.20370772530947,1085.3785306257923,0.4545454545454545,0.512396694214876,0.0,0.0,14,1400.0,0.0,0.0,0.0,0.4,6.354,0.0,45.45,0.0,0,0,0,E001,2005-07-26 reconstructed 15-minute hyetograph; 108 intervals,944.181998744607,250.38599395751956,431.6999950408936,649.2999992370605,866.5999999046326,943.2999987602234,69.0719985961914,250.38599395751956,23.27560043334961,3763.9668703079215,40.58124923706055,12.747952461242676,882.5897229836116,882.5897229836116,,HYDRAULIC_PROXY; direct SWMM where mapped; street-surface states unavailable,UNVALIDATED_NO_EVENT_MATCHED_HYDRAULIC_OBSERVATIONS,RAINFALL_RECONSTRUCTED_15MIN; grid represents Phase 1 pilot coverage,Reconstructed E001 hyetograph; source rainfall is IMD three-hour observations,Unavailable; no street coupling,Phase 2A historical_2005 normalized SWMM output,True,PILOT_SUBCATCHMENT_ASSIGNED,1,historical_2005,terra05-swmm-v1.0.0,GIS + Phase 2B SWMM; rainfall reconstructed,138_1057
29418,L,0,0.0,2,40.4661865234375,11.38640594482422,1.0,0.0009251339207344,0.6931471805599453,0.0,274.44252352182366,1110.451644487082,0.6776859504132231,0.2892561983471074,0.0,0.0,5,500.0,0.0,0.0,0.0,0.4,6.208,0.0,67.77,0.0,0,0,0,E001,2005-07-26 reconstructed 15-minute hyetograph; 108 intervals,944.181998744607,250.38599395751956,431.6999950408936,649.2999992370605,866.5999999046326,943.2999987602234,69.0719985961914,250.38599395751956,23.27560043334961,3763.9668703079215,40.58124923706055,12.747952461242676,907.3251619834624,907.3251619834624,,HYDRAULIC_PROXY; direct SWMM where mapped; street-surface states unavailable,UNVALIDATED_NO_EVENT_MATCHED_HYDRAULIC_OBSERVATIONS,RAINFALL_RECONSTRUCTED_15MIN; grid represents Phase 1 pilot coverage,Reconstructed E001 hyetograph; source rainfall is IMD three-hour observations,Unavailable; no street coupling,Phase 2A historical_2005 normalized SWMM output,True,PILOT_SUBCATCHMENT_ASSIGNED,1,historical_2005,terra05-swmm-v1.0.0,GIS + Phase 2B SWMM; rainfall reconstructed,138_1057
29419,L,0,0.0,2,25.74396006266276,12.81983439127604,1.0,0.0009251339207344,0.6931471805599453,0.0,284.8061423450714,1142.5490874038962,0.7851239669421488,0.1900826446280991,0.0,0.0,6,600.0,0.0,0.0,0.0,0.4,6.086,0.0,78.51,37.3,0,0,0,E001,2005-07-26 reconstructed 15-minute hyetograph; 108 intervals,944.181998744607,250.38599395751956,431.6999950408936,649.2999992370605,866.5999999046326,943.2999987602234,69.0719985961914,250.38599395751956,23.27560043334961,3763.9668703079215,40.58124923706055,12.747952461242676,919.2391152100024,919.2391152100024,,HYDRAULIC_PROXY; direct SWMM where mapped; street-surface states unavailable,UNVALIDATED_NO_EVENT_MATCHED_HYDRAULIC_OBSERVATIONS,RAINFALL_RECONSTRUCTED_15MIN; grid represents Phase 1 pilot coverage,Reconstructed E001 hyetograph; source rainfall is IMD three-hour observations,Unavailable; no street coupling,Phase 2A historical_2005 normalized SWMM output,True,PILOT_SUBCATCHMENT_ASSIGNED,1,historical_2005,terra05-swmm-v1.0.0,GIS + Phase 2B SWMM; rainfall reconstructed,138_1057
29420,L,0,0.0,2,16.906209309895832,1.5459950764973958,63.0,0.0582834370062716,4.158883083359672,0.0,294.69726346488943,1167.3250691764988,0.6528925619834711,0.0826446280991735,0.0,0.0,9,900.0,0.0,0.0,0.0,0.4,12.361,0.0,65.29,0.0,0,0,0,E001,2005-07-26 reconstructed 15-minute hyetograph; 108 intervals,944.181998744607,250.38599395751956,431.6999950408936,649.2999992370605,866.5999999046326,943.2999987602234,69.0719985961914,250.38599395751956,3.425708055496216,0.0,22.10893440246582,4.358531475067139,904.5205152380364,904.5205152380364,,HYDRAULIC_PROXY; direct SWMM where mapped; street-surface states unavailable,UNVALIDATED_NO_EVENT_MATCHED_HYDRAULIC_OBSERVATIONS,RAINFALL_RECONSTRUCTED_15MIN; grid represents Phase 1 pilot coverage,Reconstructed E001 hyetograph; source rainfall is IMD three-hour observations,Unavailable; no street coupling,Phase 2A historical_2005 normalized SWMM output,True,PILOT_SUBCATCHMENT_ASSIGNED,1,historical_2005,terra05-swmm-v1.0.0,GIS + Phase 2B SWMM; rainfall reconstructed,138_1057
29421,L,0,0.0,2,16.48572285970052,2.044273376464844,2.0,0.0018502678414689,1.0986122886681098,0.0,249.9319122754529,1199.9488393795627,0.7636363636363637,0.0636363636363636,0.0,0.0,17,1700.0,0.0,0.0,0.0,0.4,8.631,0.0,76.36,0.0,0,0,1,E001,2005-07-26 reconstructed 15-minute hyetograph; 108 intervals,944.181998744607,250.38599395751956,431.6999950408936,649.2999992370605,866.5999999046326,943.2999987602234,69.0719985961914,250.38599395751956,3.425708055496216,0.0,26.69258499145508,4.9961838722229,916.9714319087504,916.9714319087504,,HYDRAULIC_PROXY; direct SWMM where mapped; street-surface states unavailable,UNVALIDATED_NO_EVENT_MATCHED_HYDRAULIC_OBSERVATIONS,RAINFALL_RECONSTRUCTED_15MIN; grid represents Phase 1 pilot coverage,Reconstructed E001 hyetograph; source rainfall is IMD three-hour observations,Unavailable; no street coupling,Phase 2A historical_2005 normalized SWMM output,True,PILOT_SUBCATCHMENT_ASSIGNED,1,historical_2005,terra05-swmm-v1.0.0,GIS + Phase 2B SWMM; rainfall reconstructed,138_1057
29423,L,0,0.0,2,24.155432807074654,14.309519449869793,1.0,0.0009251339207344,0.6931471805599453,0.0,131.25825577584442,1286.2099428667325,0.7520661157024794,0.2314049586776859,0.0,0.0,5,500.0,0.0,0.0,0.0,0.4,5.971,0.0,75.21,0.0,0,0,0,E001,2005-07-26 reconstructed 15-minute hyetograph; 108 intervals,944.181998744607,250.38599395751956,431.6999950408936,649.2999992370605,866.5999999046326,943.2999987602234,69.0719985961914,250.38599395751956,5.475796699523926,0.0,22.11002349853516,6.147820472717285,915.5728905630529,915.5728905630529,,HYDRAULIC_PROXY; direct SWMM where mapped; street-surface states unavailable,UNVALIDATED_NO_EVENT_MATCHED_HYDRAULIC_OBSERVATIONS,RAINFALL_RECONSTRUCTED_15MIN; grid represents Phase 1 pilot coverage,Reconstructed E001 hyetograph; source rainfall is IMD three-hour observations,Unavailable; no street coupling,Phase 2A historical_2005 normalized SWMM output,True,PILOT_SUBCATCHMENT_ASSIGNED,1,historical_2005,terra05-swmm-v1.0.0,GIS + Phase 2B SWMM; rainfall reconstructed,138_1057
29424,L,0,0.0,2,20.69440205891927,7.78845723470052,1.0,0.0009251339207344,0.6931471805599453,0.0,97.85104553753636,1338.493712024709,0.5371900826446281,0.3801652892561983,0.0,0.0,9,900.0,0.0,0.0,0.0,0.4,6.595,0.0,53.72,103.4,0,0,1,E001,2005-07-26 reconstructed 15-minute hyetograph; 108 intervals,944.181998744607,250.38599395751956,431.6999950408936,649.2999992370605,866.5999999046326,943.2999987602234,69.0719985961914,250.38599395751956,5.475796699523926,0.0,22.11002349853516,6.147820472717285,891.7452879598566,891.7452879598566,,HYDRAULIC_PROXY; direct SWMM where mapped; street-surface states unavailable,UNVALIDATED_NO_EVENT_MATCHED_HYDRAULIC_OBSERVATIONS,RAINFALL_RECONSTRUCTED_15MIN; grid represents Phase 1 pilot coverage,Reconstructed E001 hyetograph; source rainfall is IMD three-hour observations,Unavailable; no street coupling,Phase 2A historical_2005 normalized SWMM output,True,PILOT_SUBCATCHMENT_ASSIGNED,1,historical_2005,terra05-swmm-v1.0.0,GIS + Phase 2B SWMM; rainfall reconstructed,138_1057
29425,L,0,0.0,2,22.992662217881943,8.890763176812065,1.0,0.0009251339207344,0.6931471805599453,0.0,142.3914738099806,1395.9924129916062,0.975206611570248,0.024793388429752,0.0,0.0,6,600.0,0.0,0.0,0.0,0.4,6.46,0.0,97.52,91.8,0,0,0,E001,2005-07-26 reconstructed 15-minute hyetograph; 108 intervals,944.181998744607,250.38599395751956,431.6999950408936,649.2999992370605,866.5999999046326,943.2999987602234,69.0719985961914,250.38599395751956,5.475796699523926,0.0,22.11002349853516,6.147820472717285,940.3597637548952,940.3597637548952,,HYDRAULIC_PROXY; direct SWMM where mapped; street-surface states unavailable,UNVALIDATED_NO_EVENT_MATCHED_HYDRAULIC_OBSERVATIONS,RAINFALL_RECONSTRUCTED_15MIN; grid represents Phase 1 pilot coverage,Reconstructed E001 hyetograph; source rainfall is IMD three-hour observations,Unavailable; no street coupling,Phase 2A historical_2005 normalized SWMM output,True,PILOT_SUBCATCHMENT_ASSIGNED,1,historical_2005,terra05-swmm-v1.0.0,GIS + Phase 2B SWMM; rainfall reconstructed,138_1057
29685,L,0,0.0,2,24.2478764851888,10.498666127522789,1.0,0.0009251339207344,0.6931471805599453,0.0,113.54400991818308,1331.9837315153784,0.6363636363636364,0.3388429752066115,0.0,0.0,8,800.0,0.0,0.0,0.0,0.4,6.291,0.0,63.64,17.2,0,0,0,E001,2005-07-26 reconstructed 15-minute hyetograph; 108 intervals,944.181998744607,250.38599395751956,431.6999950408936,649.2999992370605,866.5999999046326,943.2999987602234,69.0719985961914,250.38599395751956,1.372023582458496,0.0,8.375579833984375,1.4355803728103638,902.7519403972836,902.7519403972836,,HYDRAULIC_PROXY; direct SWMM where mapped; street-surface states unavailable,UNVALIDATED_NO_EVENT_MATCHED_HYDRAULIC_OBSERVATIONS,RAINFALL_RECONSTRUCTED_15MIN; grid represents Phase 1 pilot coverage,Reconstructed E001 hyetograph; source rainfall is IMD three-hour observations,Unavailable; no street coupling,Phase 2A historical_2005 normalized SWMM output,True,PILOT_SUBCATCHMENT_ASSIGNED,1,historical_2005,terra05-swmm-v1.0.0,GIS + Phase 2B SWMM; rainfall reconstructed,138_1057
29686,L,0,0.0,2,34.001207987467446,19.559468587239586,1.0,0.0009251339207344,0.6931471805599453,0.0,206.4773447229011,1315.2315394447207,0.7272727272727273,0.2727272727272727,0.0,0.0,10,1000.0,0.0,0.0,0.0,0.4,5.64,0.0,72.73,95.3,0,0,0,E001,2005-07-26 reconstructed 15-minute hyetograph; 108 intervals,944.181998744607,250.38599395751956,431.6999950408936,649.2999992370605,866.5999999046326,943.2999987602234,69.0719985961914,250.38599395751956,3.035433053970337,0.0,33.84453582763672,3.948286771774292,912.837000884974,912.837000884974,,HYDRAULIC_PROXY; direct SWMM where mapped; street-surface states unavailable,UNVALIDATED_NO_EVENT_MATCHED_HYDRAULIC_OBSERVATIONS,RAINFALL_RECONSTRUCTED_15MIN; grid represents Phase 1 pilot coverage,Reconstructed E001 hyetograph; source rainfall is IMD three-hour observations,Unavailable; no street coupling,Phase 2A historical_2005 normalized SWMM output,True,PILOT_SUBCATCHMENT_ASSIGNED,1,historical_2005,terra05-swmm-v1.0.0,GIS + Phase 2B SWMM; rainfall reconstructed,138_1057
29687,L,0,0.0,2,29.678897857666016,11.199607849121094,1.0,0.0009251339207344,0.6931471805599453,0.0,275.82547829406155,1304.0297769666336,0.9090909090909092,0.0909090909090909,0.0,0.0,8,800.0,0.0,0.0,0.0,0.4,6.225,0.0,90.91,0.0,0,0,0,E001,2005-07-26 reconstructed 15-minute hyetograph; 108 intervals,944.181998744607,250.38599395751956,431.6999950408936,649.2999992370605,866.5999999046326,943.2999987602234,69.0719985961914,250.38599395751956,3.1638786792755127,0.0,30.785852432250977,6.353441715240479,933.0406624623718,933.0406624623718,,HYDRAULIC_PROXY; direct SWMM where mapped; street-surface states unavailable,UNVALIDATED_NO_EVENT_MATCHED_HYDRAULIC_OBSERVATIONS,RAINFALL_RECONSTRUCTED_15MIN; grid represents Phase 1 pilot coverage,Reconstructed E001 hyetograph; source rainfall is IMD three-hour observations,Unavailable; no street coupling,Phase 2A historical_2005 normalized SWMM output,True,PILOT_SUBCATCHMENT_ASSIGNED,1,historical_2005,terra05-swmm-v1.0.0,GIS + Phase 2B SWMM; rainfall reconstructed,138_1057
29688,L,0,0.0,2,28.08663431803385,8.704507827758789,2.0,0.0018502678414689,1.0986122886681098,0.0,312.76101022706,1285.8359291382403,0.6363636363636364,0.3636363636363636,0.0,0.0,7,700.0,0.0,0.0,0.0,0.4,7.175,0.0,63.64,0.0,0,0,0,E001,2005-07-26 reconstructed 15-minute hyetograph; 108 intervals,944.181998744607,250.38599395751956,431.6999950408936,649.2999992370605,866.5999999046326,943.2999987602234,69.0719985961914,250.38599395751956,4.491777896881104,0.0,28.488739013671875,6.7437424659729,902.7498602328704,902.7498602328704,,HYDRAULIC_PROXY; direct SWMM where mapped; street-surface states unavailable,UNVALIDATED_NO_EVENT_MATCHED_HYDRAULIC_OBSERVATIONS,RAINFALL_RECONSTRUCTED_15MIN; grid represents Phase 1 pilot coverage,Reconstructed E001 hyetograph; source rainfall is IMD three-hour observations,Unavailable; no street coupling,Phase 2A historical_2005 normalized SWMM output,True,PILOT_SUBCATCHMENT_ASSIGNED,1,historical_2005,terra05-swmm-v1.0.0,GIS + Phase 2B SWMM; rainfall reconstructed,138_1057
29689,L,0,0.0,2,25.950714111328125,10.68328603108724,4.0,0.0037005356829378,1.6094379124341005,0.0,363.5867015154337,1252.83231092169,0.7933884297520661,0.2066115702479339,0.0,0.0,6,600.0,0.0,0.0,0.0,0.4,7.659,0.0,79.34,0.0,0,0,0,E001,2005-07-26 reconstructed 15-minute hyetograph; 108 intervals,944.181998744607,250.38599395751956,431.6999950408936,649.2999992370605,866.5999999046326,943.2999987602234,69.0719985961914,250.38599395751956,6.048128128051758,0.0,24.915939331054688,5.536258697509766,920.1549247663204,920.1549247663204,,HYDRAULIC_PROXY; direct SWMM where mapped; street-surface states unavailable,UNVALIDATED_NO_EVENT_MATCHED_HYDRAULIC_OBSERVATIONS,RAINFALL_RECONSTRUCTED_15MIN; grid represents Phase 1 pilot coverage,Reconstructed E001 hyetograph; source rainfall is IMD three-hour observations,Unavailable; no street coupling,Phase 2A historical_2005 normalized SWMM output,True,PILOT_SUBCATCHMENT_ASSIGNED,1,historical_2005,terra05-swmm-v1.0.0,GIS + Phase 2B SWMM; rainfall reconstructed,138_1057
29690,L,0,0.0,2,22.04633331298828,6.23371696472168,1.0,0.0009251339207344,0.6931471805599453,0.0,412.9508246790777,1218.8201258963395,0.4297520661157025,0.5702479338842975,0.0,0.0,0,0.0,0.0,0.0,0.0,0.4,6.819,0.0,42.98,0.0,0,0,0,E001,2005-07-26 reconstructed 15-minute hyetograph; 108 intervals,944.181998744607,250.38599395751956,431.6999950408936,649.2999992370605,866.5999999046326,943.2999987602234,69.0719985961914,250.38599395751956,9.411399841308594,86948.6866235733,22.958181381225582,6.300437450408936,879.7341561679057,879.7341561679057,,HYDRAULIC_PROXY; direct SWMM where mapped; street-surface states unavailable,UNVALIDATED_NO_EVENT_MATCHED_HYDRAULIC_OBSERVATIONS,RAINFALL_RECONSTRUCTED_15MIN; grid represents Phase 1 pilot coverage,Reconstructed E001 hyetograph; source rainfall is IMD three-hour observations,Unavailable; no street coupling,Phase 2A historical_2005 normalized SWMM output,True,PILOT_SUBCATCHMENT_ASSIGNED,1,historical_2005,terra05-swmm-v1.0.0,GIS + Phase 2B SWMM; rainfall reconstructed,138_1057
29691,L,0,0.0,2,25.216602325439453,4.920937538146973,1.0,0.0009251339207344,0.6931471805599453,0.0,446.3729007083912,1192.248379864933,0.5702479338842975,0.4132231404958678,0.0,0.0,18,1800.0,0.0,0.0,0.0,0.4,7.057,0.0,57.02,95.3,0,0,1,E001,2005-07-26 reconstructed 15-minute hyetograph; 108 intervals,944.181998744607,250.38599395751956,431.6999950408936,649.2999992370605,866.5999999046326,943.2999987602234,69.0719985961914,250.38599395751956,23.27560043334961,3763.9668703079215,40.58124923706055,12.747952461242676,895.3874067830473,895.3874067830473,,HYDRAULIC_PROXY; direct SWMM where mapped; street-surface states unavailable,UNVALIDATED_NO_EVENT_MATCHED_HYDRAULIC_OBSERVATIONS,RAINFALL_RECONSTRUCTED_15MIN; grid represents Phase 1 pilot coverage,Reconstructed E001 hyetograph; source rainfall is IMD three-hour observations,Unavailable; no street coupling,Phase 2A historical_2005 normalized SWMM output,True,PILOT_SUBCATCHMENT_ASSIGNED,1,historical_2005,terra05-swmm-v1.0.0,GIS + Phase 2B SWMM; rainfall reconstructed,138_1057
29692,L,0,0.0,2,24.929702758789062,5.248021761576335,1.0,0.0009251339207344,0.6931471805599453,0.0,481.2414638074689,1173.6225540143412,0.8099173553719008,0.1900826446280991,0.0,0.0,12,1200.0,0.0,0.0,0.0,0.4,6.993,0.0,80.99,0.0,0,0,0,E001,2005-07-26 reconstructed 15-minute hyetograph; 108 intervals,944.181998744607,250.38599395751956,431.6999950408936,649.2999992370605,866.5999999046326,943.2999987602234,69.0719985961914,250.38599395751956,23.27560043334961,3763.9668703079215,40.58124923706055,12.747952461242676,922.0162386306764,922.0162386306764,,HYDRAULIC_PROXY; direct SWMM where mapped; street-surface states unavailable,UNVALIDATED_NO_EVENT_MATCHED_HYDRAULIC_OBSERVATIONS,RAINFALL_RECONSTRUCTED_15MIN; grid represents Phase 1 pilot coverage,Reconstructed E001 hyetograph; source rainfall is IMD three-hour observations,Unavailable; no street coupling,Phase 2A historical_2005 normalized SWMM output,True,PILOT_SUBCATCHMENT_ASSIGNED,1,historical_2005,terra05-swmm-v1.0.0,GIS + Phase 2B SWMM; rainfall reconstructed,138_1057
29693,L,0,0.0,2,20.82142893473308,4.760430653889974,41.0,0.0379304907501133,3.737669618283368,0.0,532.858261161716,1163.3243740641442,0.8016528925619835,0.1818181818181818,0.0,0.0,10,1000.0,0.0,0.0,0.0,0.4,10.804,0.0,80.17,36.8,0,0,0,E001,2005-07-26 reconstructed 15-minute hyetograph; 108 intervals,944.181998744607,250.38599395751956,431.6999950408936,649.2999992370605,866.5999999046326,943.2999987602234,69.0719985961914,250.38599395751956,23.27560043334961,3763.9668703079215,40.58124923706055,12.747952461242676,921.1066673581806,921.1066673581806,,HYDRAULIC_PROXY; direct SWMM where mapped; street-surface states unavailable,UNVALIDATED_NO_EVENT_MATCHED_HYDRAULIC_OBSERVATIONS,RAINFALL_RECONSTRUCTED_15MIN; grid represents Phase 1 pilot coverage,Reconstructed E001 hyetograph; source rainfall is IMD three-hour observations,Unavailable; no street coupling,Phase 2A historical_2005 normalized SWMM output,True,PILOT_SUBCATCHMENT_ASSIGNED,1,historical_2005,terra05-swmm-v1.0.0,GIS + Phase 2B SWMM; rainfall reconstructed,138_1057
29694,L,0,0.0,2,24.90576362609864,4.718020439147949,1.0,0.0009251339207344,0.6931471805599453,0.0,492.60373396691375,1161.575352395324,0.6198347107438017,0.3801652892561983,0.0,0.0,9,900.0,0.0,0.0,0.0,0.4,7.1,0.0,61.98,3.4,0,0,0,E001,2005-07-26 reconstructed 15-minute hyetograph; 108 intervals,944.181998744607,250.38599395751956,431.6999950408936,649.2999992370605,866.5999999046326,943.2999987602234,69.0719985961914,250.38599395751956,23.27560043334961,3763.9668703079215,40.58124923706055,12.747952461242676,900.9109830449596,900.9109830449596,,HYDRAULIC_PROXY; direct SWMM where mapped; street-surface states unavailable,UNVALIDATED_NO_EVENT_MATCHED_HYDRAULIC_OBSERVATIONS,RAINFALL_RECONSTRUCTED_15MIN; grid represents Phase 1 pilot coverage,Reconstructed E001 hyetograph; source rainfall is IMD three-hour observations,Unavailable; no street coupling,Phase 2A historical_2005 normalized SWMM output,True,PILOT_SUBCATCHMENT_ASSIGNED,1,historical_2005,terra05-swmm-v1.0.0,GIS + Phase 2B SWMM; rainfall reconstructed,138_1057
29695,L,0,0.0,2,30.67429606119792,8.890399932861328,1.0,0.0009251339207344,0.6931471805599453,0.0,434.1132095647405,1168.4138818470572,0.6363636363636364,0.3057851239669421,0.0,0.0,16,1600.0,0.0,0.0,0.0,0.4,6.46,0.0,63.64,0.0,0,0,1,E001,2005-07-26 reconstructed 15-minute hyetograph; 108 intervals,944.181998744607,250.38599395751956,431.6999950408936,649.2999992370605,866.5999999046326,943.2999987602234,69.0719985961914,250.38599395751956,23.27560043334961,3763.9668703079215,40.58124923706055,12.747952461242676,902.74939757277,902.74939757277,,HYDRAULIC_PROXY; direct SWMM where mapped; street-surface states unavailable,UNVALIDATED_NO_EVENT_MATCHED_HYDRAULIC_OBSERVATIONS,RAINFALL_RECONSTRUCTED_15MIN; grid represents Phase 1 pilot coverage,Reconstructed E001 hyetograph; source rainfall is IMD three-hour observations,Unavailable; no street coupling,Phase 2A historical_2005 normalized SWMM output,True,PILOT_SUBCATCHMENT_ASSIGNED,1,historical_2005,terra05-swmm-v1.0.0,GIS + Phase 2B SWMM; rainfall reconstructed,138_1057
29696,L,0,0.0,2,29.7399419148763,12.712989807128906,3.0,0.0027754017622034,1.3862943611198906,0.0,392.7468888725341,1183.3827929904278,0.396694214876033,0.5950413223140496,0.0,0.0,35,3500.0,0.0,0.0,0.0,0.4,7.193,0.0,39.67,0.0,0,0,1,E001,2005-07-26 reconstructed 15-minute hyetograph; 108 intervals,944.181998744607,250.38599395751956,431.6999950408936,649.2999992370605,866.5999999046326,943.2999987602234,69.0719985961914,250.38599395751956,23.27560043334961,3763.9668703079215,40.58124923706055,12.747952461242676,876.1938624377942,876.1938624377942,,HYDRAULIC_PROXY; direct SWMM where mapped; street-surface states unavailable,UNVALIDATED_NO_EVENT_MATCHED_HYDRAULIC_OBSERVATIONS,RAINFALL_RECONSTRUCTED_15MIN; grid represents Phase 1 pilot coverage,Reconstructed E001 hyetograph; source rainfall is IMD three-hour observations,Unavailable; no street coupling,Phase 2A historical_2005 normalized SWMM output,True,PILOT_SUBCATCHMENT_ASSIGNED,1,historical_2005,terra05-swmm-v1.0.0,GIS + Phase 2B SWMM; rainfall reconstructed,138_1057
29697,L,0,0.0,2,27.777570088704422,9.685473124186196,7.0,0.0064759374451412,2.079441541679836,0.0,374.2271485602146,1206.420795057216,0.5371900826446281,0.4628099173553719,0.0,0.0,6,600.0,0.0,0.0,0.0,0.4,8.319,0.0,53.72,0.0,0,0,0,E001,2005-07-26 reconstructed 15-minute hyetograph; 108 intervals,944.181998744607,250.38599395751956,431.6999950408936,649.2999992370605,866.5999999046326,943.2999987602234,69.0719985961914,250.38599395751956,23.27560043334961,3763.9668703079215,40.58124923706055,12.747952461242676,891.7584103040278,891.7584103040278,,HYDRAULIC_PROXY; direct SWMM where mapped; street-surface states unavailable,UNVALIDATED_NO_EVENT_MATCHED_HYDRAULIC_OBSERVATIONS,RAINFALL_RECONSTRUCTED_15MIN; grid represents Phase 1 pilot coverage,Reconstructed E001 hyetograph; source rainfall is IMD three-hour observations,Unavailable; no street coupling,Phase 2A historical_2005 normalized SWMM output,True,PILOT_SUBCATCHMENT_ASSIGNED,1,historical_2005,terra05-swmm-v1.0.0,GIS + Phase 2B SWMM; rainfall reconstructed,138_1057
29698,L,0,0.0,2,21.06321907043457,6.146807670593262,1.0,0.0009251339207344,0.6931471805599453,0.0,381.8923915450048,1237.1367890201736,0.7768595041322314,0.2231404958677686,0.0,0.0,31,3100.0,0.0,0.0,0.0,0.4,6.834,0.0,77.69,0.0,0,0,1,E001,2005-07-26 reconstructed 15-minute hyetograph; 108 intervals,944.181998744607,250.38599395751956,431.6999950408936,649.2999992370605,866.5999999046326,943.2999987602234,69.0719985961914,250.38599395751956,23.27560043334961,3763.9668703079215,40.58124923706055,12.747952461242676,918.3355714262868,918.3355714262868,,HYDRAULIC_PROXY; direct SWMM where mapped; street-surface states unavailable,UNVALIDATED_NO_EVENT_MATCHED_HYDRAULIC_OBSERVATIONS,RAINFALL_RECONSTRUCTED_15MIN; grid represents Phase 1 pilot coverage,Reconstructed E001 hyetograph; source rainfall is IMD three-hour observations,Unavailable; no street coupling,Phase 2A historical_2005 normalized SWMM output,True,PILOT_SUBCATCHMENT_ASSIGNED,1,historical_2005,terra05-swmm-v1.0.0,GIS + Phase 2B SWMM; rainfall reconstructed,138_1057
29699,L,0,0.0,2,17.850601196289062,1.5295543670654297,3.0,0.0027754017622034,1.3862943611198906,0.0,391.3532685127624,1263.4174199885097,0.7272727272727273,0.0578512396694214,0.0,0.0,15,1500.0,0.0,0.0,0.0,0.4,9.327,0.0,72.73,0.0,0,0,0,E001,2005-07-26 reconstructed 15-minute hyetograph; 108 intervals,944.181998744607,250.38599395751956,431.6999950408936,649.2999992370605,866.5999999046326,943.2999987602234,69.0719985961914,250.38599395751956,23.27560043334961,3763.9668703079215,40.58124923706055,12.747952461242676,912.9137227222234,912.9137227222234,,HYDRAULIC_PROXY; direct SWMM where mapped; street-surface states unavailable,UNVALIDATED_NO_EVENT_MATCHED_HYDRAULIC_OBSERVATIONS,RAINFALL_RECONSTRUCTED_15MIN; grid represents Phase 1 pilot coverage,Reconstructed E001 hyetograph; source rainfall is IMD three-hour observations,Unavailable; no street coupling,Phase 2A historical_2005 normalized SWMM output,True,PILOT_SUBCATCHMENT_ASSIGNED,1,historical_2005,terra05-swmm-v1.0.0,GIS + Phase 2B SWMM; rainfall reconstructed,138_1057
29700,L,0,0.0,2,16.83325958251953,1.7315295537312825,5.0,0.0046256696036723,1.791759469228055,0.0,322.13594924428804,1293.6201054138205,0.9181818181818182,0.0818181818181818,0.0,0.0,30,3000.0,0.0,0.0,0.0,0.4,9.714,0.0,91.82,133.8,0,0,1,E001,2005-07-26 reconstructed 15-minute hyetograph; 108 intervals,944.181998744607,250.38599395751956,431.6999950408936,649.2999992370605,866.5999999046326,943.2999987602234,69.0719985961914,250.38599395751956,3.425708055496216,0.0,22.10893440246582,4.358531475067139,934.2063110509478,934.2063110509478,,HYDRAULIC_PROXY; direct SWMM where mapped; street-surface states unavailable,UNVALIDATED_NO_EVENT_MATCHED_HYDRAULIC_OBSERVATIONS,RAINFALL_RECONSTRUCTED_15MIN; grid represents Phase 1 pilot coverage,Reconstructed E001 hyetograph; source rainfall is IMD three-hour observations,Unavailable; no street coupling,Phase 2A historical_2005 normalized SWMM output,True,PILOT_SUBCATCHMENT_ASSIGNED,1,historical_2005,terra05-swmm-v1.0.0,GIS + Phase 2B SWMM; rainfall reconstructed,138_1057
29701,L,0,0.0,2,25.763427734375,9.539336204528809,1.0,0.0009251339207344,0.6931471805599453,0.0,267.79521805925003,1330.6698978827565,0.7933884297520661,0.1735537190082644,0.0,0.0,15,1500.0,0.0,0.0,0.0,0.4,6.389,0.0,79.34,77.3,0,0,0,E001,2005-07-26 reconstructed 15-minute hyetograph; 108 intervals,944.181998744607,250.38599395751956,431.6999950408936,649.2999992370605,866.5999999046326,943.2999987602234,69.0719985961914,250.38599395751956,5.475796699523926,0.0,22.11002349853516,6.147820472717285,920.1550592199052,920.1550592199052,,HYDRAULIC_PROXY; direct SWMM where mapped; street-surface states unavailable,UNVALIDATED_NO_EVENT_MATCHED_HYDRAULIC_OBSERVATIONS,RAINFALL_RECONSTRUCTED_15MIN; grid represents Phase 1 pilot coverage,Reconstructed E001 hyetograph; source rainfall is IMD three-hour observations,Unavailable; no street coupling,Phase 2A historical_2005 normalized SWMM output,True,PILOT_SUBCATCHMENT_ASSIGNED,1,historical_2005,terra05-swmm-v1.0.0,GIS + Phase 2B SWMM; rainfall reconstructed,138_1057
29702,L,0,0.0,2,20.69934844970703,8.236245473225912,1.0,0.0009251339207344,0.6931471805599453,0.0,218.6463974428204,1374.0130192730153,0.5950413223140496,0.3140495867768595,0.0,0.0,11,1100.0,0.0,0.0,0.0,0.4,6.538,0.0,59.5,70.5,0,0,0,E001,2005-07-26 reconstructed 15-minute hyetograph; 108 intervals,944.181998744607,250.38599395751956,431.6999950408936,649.2999992370605,866.5999999046326,943.2999987602234,69.0719985961914,250.38599395751956,5.475796699523926,0.0,22.11002349853516,6.147820472717285,898.1722397230621,898.1722397230621,,HYDRAULIC_PROXY; direct SWMM where mapped; street-surface states unavailable,UNVALIDATED_NO_EVENT_MATCHED_HYDRAULIC_OBSERVATIONS,RAINFALL_RECONSTRUCTED_15MIN; grid represents Phase 1 pilot coverage,Reconstructed E001 hyetograph; source rainfall is IMD three-hour observations,Unavailable; no street coupling,Phase 2A historical_2005 normalized SWMM output,True,PILOT_SUBCATCHMENT_ASSIGNED,1,historical_2005,terra05-swmm-v1.0.0,GIS + Phase 2B SWMM; rainfall reconstructed,138_1057
29703,L,0,0.0,2,18.266583760579422,2.8596324920654297,1.0,0.0009251339207344,0.6931471805599453,0.0,197.74247676023288,1423.0745507991453,0.5289256198347108,0.2892561983471074,0.0,0.0,3,300.0,0.0,0.0,0.0,0.4,7.602,0.0,52.89,0.0,0,0,0,E001,2005-07-26 reconstructed 15-minute hyetograph; 108 intervals,944.181998744607,250.38599395751956,431.6999950408936,649.2999992370605,866.5999999046326,943.2999987602234,69.0719985961914,250.38599395751956,5.475796699523926,0.0,22.11002349853516,6.147820472717285,890.6483989145634,890.6483989145634,,HYDRAULIC_PROXY; direct SWMM where mapped; street-surface states unavailable,UNVALIDATED_NO_EVENT_MATCHED_HYDRAULIC_OBSERVATIONS,RAINFALL_RECONSTRUCTED_15MIN; grid represents Phase 1 pilot coverage,Reconstructed E001 hyetograph; source rainfall is IMD three-hour observations,Unavailable; no street coupling,Phase 2A historical_2005 normalized SWMM output,True,PILOT_SUBCATCHMENT_ASSIGNED,1,historical_2005,terra05-swmm-v1.0.0,GIS + Phase 2B SWMM; rainfall reconstructed,138_1057
29704,L,0,0.0,2,23.49169667561849,7.555511474609375,1.0,0.0009251339207344,0.6931471805599453,0.0,224.4948264789608,1477.2848666159923,0.768595041322314,0.1322314049586777,0.0,0.0,15,1500.0,0.0,0.0,0.0,0.4,6.625,0.0,76.86,0.0,0,0,0,E001,2005-07-26 reconstructed 15-minute hyetograph; 108 intervals,944.181998744607,250.38599395751956,431.6999950408936,649.2999992370605,866.5999999046326,943.2999987602234,69.0719985961914,250.38599395751956,5.475796699523926,0.0,22.11002349853516,6.147820472717285,917.4081403415764,917.4081403415764,,HYDRAULIC_PROXY; direct SWMM where mapped; street-surface states unavailable,UNVALIDATED_NO_EVENT_MATCHED_HYDRAULIC_OBSERVATIONS,RAINFALL_RECONSTRUCTED_15MIN; grid represents Phase 1 pilot coverage,Reconstructed E001 hyetograph; source rainfall is IMD three-hour observations,Unavailable; no street coupling,Phase 2A historical_2005 normalized SWMM output,True,PILOT_SUBCATCHMENT_ASSIGNED,1,historical_2005,terra05-swmm-v1.0.0,GIS + Phase 2B SWMM; rainfall reconstructed,138_1057
29917,L,0,0.0,2,5.5694224039713545,4.836135228474935,1.0,0.0009251339207344,0.6931471805599453,10.60209169476305,35.124505373686866,2790.839015929804,0.8016528925619835,0.1735537190082644,0.0,0.0,4,400.0,0.0,0.0,0.0,0.4,7.075,0.032,79.32,127.8,1,0,1,E001,2005-07-26 reconstructed 15-minute hyetograph; 108 intervals,944.181998744607,250.38599395751956,431.6999950408936,649.2999992370605,866.5999999046326,943.2999987602234,69.0719985961914,250.38599395751956,3.4394338130950928,0.0,0.8147183656692505,0.0636751502752304,921.105193492185,921.105193492185,,HYDRAULIC_PROXY; direct SWMM where mapped; street-surface states unavailable,UNVALIDATED_NO_EVENT_MATCHED_HYDRAULIC_OBSERVATIONS,RAINFALL_RECONSTRUCTED_15MIN; grid represents Phase 1 pilot coverage,Reconstructed E001 hyetograph; source rainfall is IMD three-hour observations,Unavailable; no street coupling,Phase 2A historical_2005 normalized SWMM output,True,PILOT_SUBCATCHMENT_ASSIGNED,1,historical_2005,terra05-swmm-v1.0.0,GIS + Phase 2B SWMM; rainfall reconstructed,139_1054
29918,L,0,0.0,2,5.673125796847874,5.997235616048177,4.0,0.0037005356829378,1.6094379124341005,0.0,99.21832208285312,2774.02430886794,0.2975206611570248,0.7024793388429752,0.0,0.0,6,600.0,0.0,0.0,0.0,0.4,8.245,0.0,29.75,16.4,0,0,0,E001,2005-07-26 reconstructed 15-minute hyetograph; 108 intervals,944.181998744607,250.38599395751956,431.6999950408936,649.2999992370605,866.5999999046326,943.2999987602234,69.0719985961914,250.38599395751956,0.4269252419471741,0.0,0.0091077396646142,0.027603056281805,864.8619375210544,864.8619375210544,,HYDRAULIC_PROXY; direct SWMM where mapped; street-surface states unavailable,UNVALIDATED_NO_EVENT_MATCHED_HYDRAULIC_OBSERVATIONS,RAINFALL_RECONSTRUCTED_15MIN; grid represents Phase 1 pilot coverage,Reconstructed E001 hyetograph; source rainfall is IMD three-hour observations,Unavailable; no street coupling,Phase 2A historical_2005 normalized SWMM output,True,PILOT_SUBCATCHMENT_ASSIGNED,1,historical_2005,terra05-swmm-v1.0.0,GIS + Phase 2B SWMM; rainfall reconstructed,139_1054
29919,L,0,0.0,2,10.63184611002604,7.309686448838976,1.0,0.0009251339207344,0.6931471805599453,10.066249541587132,27.545251138588,2681.5658981630354,0.5206611570247934,0.4710743801652892,0.0,0.0,10,1000.0,0.0,0.0,0.0,0.4,6.659,0.03,51.55,143.2,0,0,1,E001,2005-07-26 reconstructed 15-minute hyetograph; 108 intervals,944.181998744607,250.38599395751956,431.6999950408936,649.2999992370605,866.5999999046326,943.2999987602234,69.0719985961914,250.38599395751956,2.7850117683410645,0.0,2.300645351409912,0.369388610124588,889.9015071326719,889.9015071326719,,HYDRAULIC_PROXY; direct SWMM where mapped; street-surface states unavailable,UNVALIDATED_NO_EVENT_MATCHED_HYDRAULIC_OBSERVATIONS,RAINFALL_RECONSTRUCTED_15MIN; grid represents Phase 1 pilot coverage,Reconstructed E001 hyetograph; source rainfall is IMD three-hour observations,Unavailable; no street coupling,Phase 2A historical_2005 normalized SWMM output,True,PILOT_SUBCATCHMENT_ASSIGNED,1,historical_2005,terra05-swmm-v1.0.0,GIS + Phase 2B SWMM; rainfall reconstructed,139_1054
29920,L,0,0.0,2,4.977211634318034,3.012657165527344,77.0,0.0712353118965542,4.356708826689592,0.0,72.09425235754088,2589.668022390438,0.975206611570248,0.0,0.0,0.0,0,0.0,0.0,0.0,0.0,0.4,11.893,0.0,97.52,100.4,0,0,1,E001,2005-07-26 reconstructed 15-minute hyetograph; 108 intervals,944.181998744607,250.38599395751956,431.6999950408936,649.2999992370605,866.5999999046326,943.2999987602234,69.0719985961914,250.38599395751956,2.7762985229492188,0.0,2.300645351409912,0.369388610124588,940.4957429902422,940.4957429902422,,HYDRAULIC_PROXY; direct SWMM where mapped; street-surface states unavailable,UNVALIDATED_NO_EVENT_MATCHED_HYDRAULIC_OBSERVATIONS,RAINFALL_RECONSTRUCTED_15MIN; grid represents Phase 1 pilot coverage,Reconstructed E001 hyetograph; source rainfall is IMD three-hour observations,Unavailable; no street coupling,Phase 2A historical_2005 normalized SWMM output,True,PILOT_SUBCATCHMENT_ASSIGNED,1,historical_2005,terra05-swmm-v1.0.0,GIS + Phase 2B SWMM; rainfall reconstructed,139_1054
29921,L,0,0.0,2,6.363667382134332,0.974135610792372,2.0,0.0018502678414689,1.0986122886681098,0.0,171.73375585366975,2498.392536450643,0.9834710743801652,0.0,0.0,0.0,0,0.0,0.0,0.0,0.0,0.4,9.373,0.0,98.35,0.0,1,0,1,E001,2005-07-26 reconstructed 15-minute hyetograph; 108 intervals,944.181998744607,250.38599395751956,431.6999950408936,649.2999992370605,866.5999999046326,943.2999987602234,69.0719985961914,250.38599395751956,2.7762985229492188,0.0,2.300645351409912,0.369388610124588,941.5889963771768,941.5889963771768,,HYDRAULIC_PROXY; direct SWMM where mapped; street-surface states unavailable,UNVALIDATED_NO_EVENT_MATCHED_HYDRAULIC_OBSERVATIONS,RAINFALL_RECONSTRUCTED_15MIN; grid represents Phase 1 pilot coverage,Reconstructed E001 hyetograph; source rainfall is IMD three-hour observations,Unavailable; no street coupling,Phase 2A historical_2005 normalized SWMM output,True,PILOT_SUBCATCHMENT_ASSIGNED,1,historical_2005,terra05-swmm-v1.0.0,GIS + Phase 2B SWMM; rainfall reconstructed,139_1054
29922,L,0,0.0,2,5.523384094238281,1.3291245566474066,86.0,0.0795615171831645,4.465908118654584,0.0,132.64748317643463,2407.810222212904,1.0,0.0,0.0,0.0,4,400.0,0.0,0.0,0.0,0.4,12.823,0.0,100.0,0.0,0,0,0,E001,2005-07-26 reconstructed 15-minute hyetograph; 108 intervals,944.181998744607,250.38599395751956,431.6999950408936,649.2999992370605,866.5999999046326,943.2999987602234,69.0719985961914,250.38599395751956,2.85982084274292,0.0,8.334197998046875,1.0561811923980713,943.3382818112292,943.3382818112292,,HYDRAULIC_PROXY; direct SWMM where mapped; street-surface states unavailable,UNVALIDATED_NO_EVENT_MATCHED_HYDRAULIC_OBSERVATIONS,RAINFALL_RECONSTRUCTED_15MIN; grid represents Phase 1 pilot coverage,Reconstructed E001 hyetograph; source rainfall is IMD three-hour observations,Unavailable; no street coupling,Phase 2A historical_2005 normalized SWMM output,True,PILOT_SUBCATCHMENT_ASSIGNED,1,historical_2005,terra05-swmm-v1.0.0,GIS + Phase 2B SWMM; rainfall reconstructed,139_1054
29923,L,0,0.0,2,8.502418518066406,6.069016350640191,1.0,0.0009251339207344,0.6931471805599453,7.870959658974656,50.89351605225022,2318.0023438714697,0.7768595041322314,0.2231404958677686,0.0,0.0,5,500.0,0.0,0.0,0.0,0.4,6.846,0.024,77.08,0.0,0,0,0,E001,2005-07-26 reconstructed 15-minute hyetograph; 108 intervals,944.181998744607,250.38599395751956,431.6999950408936,649.2999992370605,866.5999999046326,943.2999987602234,69.0719985961914,250.38599395751956,2.85982084274292,0.0,8.334197998046875,1.0561811923980713,918.3364246090784,918.3364246090784,,HYDRAULIC_PROXY; direct SWMM where mapped; street-surface states unavailable,UNVALIDATED_NO_EVENT_MATCHED_HYDRAULIC_OBSERVATIONS,RAINFALL_RECONSTRUCTED_15MIN; grid represents Phase 1 pilot coverage,Reconstructed E001 hyetograph; source rainfall is IMD three-hour observations,Unavailable; no street coupling,Phase 2A historical_2005 normalized SWMM output,True,PILOT_SUBCATCHMENT_ASSIGNED,1,historical_2005,terra05-swmm-v1.0.0,GIS + Phase 2B SWMM; rainfall reconstructed,139_1055
29924,L,0,0.0,2,6.864707946777344,3.664177576700846,6.0,0.0055508035244068,1.9459101490553128,17.795523710281223,26.8036178040139,2229.062508364066,0.2809917355371901,0.71900826446281,0.0,0.0,4,400.0,0.0,0.0,0.0,0.4,9.145,0.053,27.61,0.0,1,0,1,E001,2005-07-26 reconstructed 15-minute hyetograph; 108 intervals,944.181998744607,250.38599395751956,431.6999950408936,649.2999992370605,866.5999999046326,943.2999987602234,69.0719985961914,250.38599395751956,2.85982084274292,0.0,8.334197998046875,1.0561811923980713,862.6381544376634,862.6381544376634,,HYDRAULIC_PROXY; direct SWMM where mapped; street-surface states unavailable,UNVALIDATED_NO_EVENT_MATCHED_HYDRAULIC_OBSERVATIONS,RAINFALL_RECONSTRUCTED_15MIN; grid represents Phase 1 pilot coverage,Reconstructed E001 hyetograph; source rainfall is IMD three-hour observations,Unavailable; no street coupling,Phase 2A historical_2005 normalized SWMM output,True,PILOT_SUBCATCHMENT_ASSIGNED,1,historical_2005,terra05-swmm-v1.0.0,GIS + Phase 2B SWMM; rainfall reconstructed,139_1055
29925,L,0,0.0,2,4.126526302761501,2.067050298055013,3.0,0.0027754017622034,1.3862943611198906,0.0,104.50075166027804,2141.0988922034817,0.4297520661157025,0.5702479338842975,0.0,0.0,0,0.0,0.0,0.0,0.0,0.4,9.025,0.0,42.98,0.0,1,0,1,E001,2005-07-26 reconstructed 15-minute hyetograph; 108 intervals,944.181998744607,250.38599395751956,431.6999950408936,649.2999992370605,866.5999999046326,943.2999987602234,69.0719985961914,250.38599395751956,2.85982084274292,0.0,8.334197998046875,1.0561811923980713,879.2127201194669,879.2127201194669,,HYDRAULIC_PROXY; direct SWMM where mapped; street-surface states unavailable,UNVALIDATED_NO_EVENT_MATCHED_HYDRAULIC_OBSERVATIONS,RAINFALL_RECONSTRUCTED_15MIN; grid represents Phase 1 pilot coverage,Reconstructed E001 hyetograph; source rainfall is IMD three-hour observations,Unavailable; no street coupling,Phase 2A historical_2005 normalized SWMM output,True,PILOT_SUBCATCHMENT_ASSIGNED,1,historical_2005,terra05-swmm-v1.0.0,GIS + Phase 2B SWMM; rainfall reconstructed,139_1055
29926,L,0,0.0,2,4.824055989583333,2.7869275410970054,1.0,0.0009251339207344,0.6931471805599453,0.0,181.5328194390504,2054.2369060543265,0.4710743801652892,0.5289256198347108,0.0,0.0,0,0.0,0.0,0.0,0.0,0.4,7.628,0.0,47.11,0.0,1,0,1,E001,2005-07-26 reconstructed 15-minute hyetograph; 108 intervals,944.181998744607,250.38599395751956,431.6999950408936,649.2999992370605,866.5999999046326,943.2999987602234,69.0719985961914,250.38599395751956,2.259160041809082,0.0,42.70927810668945,1.554644227027893,884.0875390574363,884.0875390574363,,HYDRAULIC_PROXY; direct SWMM where mapped; street-surface states unavailable,UNVALIDATED_NO_EVENT_MATCHED_HYDRAULIC_OBSERVATIONS,RAINFALL_RECONSTRUCTED_15MIN; grid represents Phase 1 pilot coverage,Reconstructed E001 hyetograph; source rainfall is IMD three-hour observations,Unavailable; no street coupling,Phase 2A historical_2005 normalized SWMM output,True,PILOT_SUBCATCHMENT_ASSIGNED,1,historical_2005,terra05-swmm-v1.0.0,GIS + Phase 2B SWMM; rainfall reconstructed,139_1055
29927,L,0,0.0,2,9.511046091715494,3.4112586975097656,1.0,0.0009251339207344,0.6931471805599453,0.0,252.59805680340872,1968.6223777546384,0.9669421487603306,0.0330578512396694,0.0,0.0,0,0.0,0.0,0.0,0.0,0.4,7.425,0.0,96.69,0.0,1,0,1,E001,2005-07-26 reconstructed 15-minute hyetograph; 108 intervals,944.181998744607,250.38599395751956,431.6999950408936,649.2999992370605,866.5999999046326,943.2999987602234,69.0719985961914,250.38599395751956,2.3204338550567627,0.0,42.687286376953125,1.6302242279052734,939.5605371016424,939.5605371016424,,HYDRAULIC_PROXY; direct SWMM where mapped; street-surface states unavailable,UNVALIDATED_NO_EVENT_MATCHED_HYDRAULIC_OBSERVATIONS,RAINFALL_RECONSTRUCTED_15MIN; grid represents Phase 1 pilot coverage,Reconstructed E001 hyetograph; source rainfall is IMD three-hour observations,Unavailable; no street coupling,Phase 2A historical_2005 normalized SWMM output,True,PILOT_SUBCATCHMENT_ASSIGNED,1,historical_2005,terra05-swmm-v1.0.0,GIS + Phase 2B SWMM; rainfall reconstructed,139_1055
29928,L,0,0.0,2,9.268365648057726,2.901321199205187,1.0,0.0009251339207344,0.6931471805599453,0.0,174.35875869029223,1884.4253411045504,0.8925619834710744,0.1074380165289256,0.0,0.0,0,0.0,0.0,0.0,0.0,0.4,7.587,0.0,89.26,0.0,1,0,1,E001,2005-07-26 reconstructed 15-minute hyetograph; 108 intervals,944.181998744607,250.38599395751956,431.6999950408936,649.2999992370605,866.5999999046326,943.2999987602234,69.0719985961914,250.38599395751956,2.299940347671509,0.0,34.756141662597656,1.277845025062561,931.2752748252384,931.2752748252384,,HYDRAULIC_PROXY; direct SWMM where mapped; street-surface states unavailable,UNVALIDATED_NO_EVENT_MATCHED_HYDRAULIC_OBSERVATIONS,RAINFALL_RECONSTRUCTED_15MIN; grid represents Phase 1 pilot coverage,Reconstructed E001 hyetograph; source rainfall is IMD three-hour observations,Unavailable; no street coupling,Phase 2A historical_2005 normalized SWMM output,True,PILOT_SUBCATCHMENT_ASSIGNED,1,historical_2005,terra05-swmm-v1.0.0,GIS + Phase 2B SWMM; rainfall reconstructed,139_1055
29929,L,0,0.0,2,4.888962639702691,2.7186817593044705,9.0,0.0083262052866102,2.302585092994046,0.0,92.2657479264904,1801.844517764415,0.7,0.3,0.0,0.0,1,100.0,0.0,0.0,0.0,0.4,9.85,0.0,70.0,0.0,1,0,1,E001,2005-07-26 reconstructed 15-minute hyetograph; 108 intervals,944.181998744607,250.38599395751956,431.6999950408936,649.2999992370605,866.5999999046326,943.2999987602234,69.0719985961914,250.38599395751956,2.232729434967041,0.0,41.91021347045898,1.439706802368164,909.8438713745415,909.8438713745415,,HYDRAULIC_PROXY; direct SWMM where mapped; street-surface states unavailable,UNVALIDATED_NO_EVENT_MATCHED_HYDRAULIC_OBSERVATIONS,RAINFALL_RECONSTRUCTED_15MIN; grid represents Phase 1 pilot coverage,Reconstructed E001 hyetograph; source rainfall is IMD three-hour observations,Unavailable; no street coupling,Phase 2A historical_2005 normalized SWMM output,True,PILOT_SUBCATCHMENT_ASSIGNED,1,historical_2005,terra05-swmm-v1.0.0,GIS + Phase 2B SWMM; rainfall reconstructed,139_1055
29930,L,0,0.0,2,4.923334121704102,4.138081232706706,3.0,0.0027754017622034,1.3862943611198906,44.69364388485785,4.852746597388419,1721.1125663937128,0.7355371900826446,0.2231404958677686,0.0,0.0,23,2300.0,0.0,0.0,0.0,0.4,8.33,0.134,70.41,147.6,0,0,1,E001,2005-07-26 reconstructed 15-minute hyetograph; 108 intervals,944.181998744607,250.38599395751956,431.6999950408936,649.2999992370605,866.5999999046326,943.2999987602234,69.0719985961914,250.38599395751956,1.837480068206787,0.0,32.50586700439453,1.244369626045227,913.777885247109,913.777885247109,,HYDRAULIC_PROXY; direct SWMM where mapped; street-surface states unavailable,UNVALIDATED_NO_EVENT_MATCHED_HYDRAULIC_OBSERVATIONS,RAINFALL_RECONSTRUCTED_15MIN; grid represents Phase 1 pilot coverage,Reconstructed E001 hyetograph; source rainfall is IMD three-hour observations,Unavailable; no street coupling,Phase 2A historical_2005 normalized SWMM output,True,PILOT_SUBCATCHMENT_ASSIGNED,1,historical_2005,terra05-swmm-v1.0.0,GIS + Phase 2B SWMM; rainfall reconstructed,139_1055
29931,L,0,0.0,2,6.425685882568359,4.899023267957899,2.0,0.0018502678414689,1.0986122886681098,22.87784846571833,5.940974433794149,1642.5021358278434,0.0909090909090909,0.8842975206611571,0.0,0.0,15,1500.0,0.0,0.0,0.0,0.4,7.755,0.069,8.89,61.7,0,0,0,E001,2005-07-26 reconstructed 15-minute hyetograph; 108 intervals,944.181998744607,250.38599395751956,431.6999950408936,649.2999992370605,866.5999999046326,943.2999987602234,69.0719985961914,250.38599395751956,1.34047532081604,0.0,11.548007011413574,2.1715781688690186,841.2289316119857,841.2289316119857,,HYDRAULIC_PROXY; direct SWMM where mapped; street-surface states unavailable,UNVALIDATED_NO_EVENT_MATCHED_HYDRAULIC_OBSERVATIONS,RAINFALL_RECONSTRUCTED_15MIN; grid represents Phase 1 pilot coverage,Reconstructed E001 hyetograph; source rainfall is IMD three-hour observations,Unavailable; no street coupling,Phase 2A historical_2005 normalized SWMM output,True,PILOT_SUBCATCHMENT_ASSIGNED,1,historical_2005,terra05-swmm-v1.0.0,GIS + Phase 2B SWMM; rainfall reconstructed,139_1055
29932,L,0,0.0,2,10.360974629720053,2.547164493136936,1.0,0.0009251339207344,0.6931471805599453,20.04485246119736,9.431634384818093,1566.3326805630095,0.3305785123966942,0.6694214876033058,0.0,0.0,3,300.0,0.0,0.0,0.0,0.4,7.718,0.06,32.41,0.0,0,0,0,E001,2005-07-26 reconstructed 15-minute hyetograph; 108 intervals,944.181998744607,250.38599395751956,431.6999950408936,649.2999992370605,866.5999999046326,943.2999987602234,69.0719985961914,250.38599395751956,1.2560919523239136,0.0,10.842910766601562,1.971675157546997,867.9982436250427,867.9982436250427,,HYDRAULIC_PROXY; direct SWMM where mapped; street-surface states unavailable,UNVALIDATED_NO_EVENT_MATCHED_HYDRAULIC_OBSERVATIONS,RAINFALL_RECONSTRUCTED_15MIN; grid represents Phase 1 pilot coverage,Reconstructed E001 hyetograph; source rainfall is IMD three-hour observations,Unavailable; no street coupling,Phase 2A historical_2005 normalized SWMM output,True,PILOT_SUBCATCHMENT_ASSIGNED,1,historical_2005,terra05-swmm-v1.0.0,GIS + Phase 2B SWMM; rainfall reconstructed,139_1055
29933,L,0,0.0,2,9.528133816189236,1.427986568874783,1.0,0.0009251339207344,0.6931471805599453,20.38186866903556,4.148498960565129,1492.9778518787134,0.3057851239669421,0.6776859504132231,0.0,0.0,9,900.0,0.0,0.0,0.0,0.4,8.297,0.061,29.97,0.0,0,0,0,E001,2005-07-26 reconstructed 15-minute hyetograph; 108 intervals,944.181998744607,250.38599395751956,431.6999950408936,649.2999992370605,866.5999999046326,943.2999987602234,69.0719985961914,250.38599395751956,2.8615994453430176,0.0,25.28939437866211,2.942010402679444,864.4901069433398,864.4901069433398,,HYDRAULIC_PROXY; direct SWMM where mapped; street-surface states unavailable,UNVALIDATED_NO_EVENT_MATCHED_HYDRAULIC_OBSERVATIONS,RAINFALL_RECONSTRUCTED_15MIN; grid represents Phase 1 pilot coverage,Reconstructed E001 hyetograph; source rainfall is IMD three-hour observations,Unavailable; no street coupling,Phase 2A historical_2005 normalized SWMM output,True,PILOT_SUBCATCHMENT_ASSIGNED,1,historical_2005,terra05-swmm-v1.0.0,GIS + Phase 2B SWMM; rainfall reconstructed,139_1055
29934,L,0,0.0,2,11.714988708496094,4.577304204305013,1.0,0.0009251339207344,0.6931471805599453,21.572221967560203,10.852764218228248,1422.873032354276,0.1652892561983471,0.8347107438016529,0.0,0.0,17,1700.0,0.0,0.0,0.0,0.4,7.13,0.065,16.18,105.0,0,0,1,E001,2005-07-26 reconstructed 15-minute hyetograph; 108 intervals,944.181998744607,250.38599395751956,431.6999950408936,649.2999992370605,866.5999999046326,943.2999987602234,69.0719985961914,250.38599395751956,1.1285306215286257,0.0,10.710593223571776,2.824676275253296,849.6362181068978,849.6362181068978,,HYDRAULIC_PROXY; direct SWMM where mapped; street-surface states unavailable,UNVALIDATED_NO_EVENT_MATCHED_HYDRAULIC_OBSERVATIONS,RAINFALL_RECONSTRUCTED_15MIN; grid represents Phase 1 pilot coverage,Reconstructed E001 hyetograph; source rainfall is IMD three-hour observations,Unavailable; no street coupling,Phase 2A historical_2005 normalized SWMM output,True,PILOT_SUBCATCHMENT_ASSIGNED,1,historical_2005,terra05-swmm-v1.0.0,GIS + Phase 2B SWMM; rainfall reconstructed,139_1055
29935,L,0,0.0,2,12.362770928276907,3.7891485426161022,2.0,0.0018502678414689,1.0986122886681098,24.37151471725669,13.875741776298227,1356.52219524847,0.4132231404958678,0.5867768595041323,0.0,0.0,14,1400.0,0.0,0.0,0.0,0.4,8.013,0.073,40.34,0.0,0,0,0,E001,2005-07-26 reconstructed 15-minute hyetograph; 108 intervals,944.181998744607,250.38599395751956,431.6999950408936,649.2999992370605,866.5999999046326,943.2999987602234,69.0719985961914,250.38599395751956,2.9514501094818115,0.0,23.771804809570312,3.29030442237854,877.6853030376512,877.6853030376512,,HYDRAULIC_PROXY; direct SWMM where mapped; street-surface states unavailable,UNVALIDATED_NO_EVENT_MATCHED_HYDRAULIC_OBSERVATIONS,RAINFALL_RECONSTRUCTED_15MIN; grid represents Phase 1 pilot coverage,Reconstructed E001 hyetograph; source rainfall is IMD three-hour observations,Unavailable; no street coupling,Phase 2A historical_2005 normalized SWMM output,True,PILOT_SUBCATCHMENT_ASSIGNED,1,historical_2005,terra05-swmm-v1.0.0,GIS + Phase 2B SWMM; rainfall reconstructed,139_1055
29936,L,0,0.0,2,12.92426215277778,3.023855421278212,2.0,0.0018502678414689,1.0986122886681098,28.51614645642456,45.7274781209324,1294.5027100019538,0.4958677685950413,0.4958677685950413,0.0,0.0,9,900.0,0.0,0.0,0.0,0.4,8.239,0.086,48.21,10.8,0,0,0,E001,2005-07-26 reconstructed 15-minute hyetograph; 108 intervals,944.181998744607,250.38599395751956,431.6999950408936,649.2999992370605,866.5999999046326,943.2999987602234,69.0719985961914,250.38599395751956,0.9946141242980956,0.0,11.20414924621582,3.215759992599488,886.927733273478,886.927733273478,,HYDRAULIC_PROXY; direct SWMM where mapped; street-surface states unavailable,UNVALIDATED_NO_EVENT_MATCHED_HYDRAULIC_OBSERVATIONS,RAINFALL_RECONSTRUCTED_15MIN; grid represents Phase 1 pilot coverage,Reconstructed E001 hyetograph; source rainfall is IMD three-hour observations,Unavailable; no street coupling,Phase 2A historical_2005 normalized SWMM output,True,PILOT_SUBCATCHMENT_ASSIGNED,1,historical_2005,terra05-swmm-v1.0.0,GIS + Phase 2B SWMM; rainfall reconstructed,139_1055
29937,L,0,0.0,2,14.52117156982422,2.082839330037435,1.0,0.0009251339207344,0.6931471805599453,20.743880388703065,20.09463737573208,1237.465985877219,0.4958677685950413,0.5041322314049587,0.0,0.0,16,1600.0,0.0,0.0,0.0,0.4,7.919,0.062,48.58,111.6,0,0,1,E001,2005-07-26 reconstructed 15-minute hyetograph; 108 intervals,944.181998744607,250.38599395751956,431.6999950408936,649.2999992370605,866.5999999046326,943.2999987602234,69.0719985961914,250.38599395751956,1.4033162593841553,0.0,9.72923469543457,3.3485939502716064,886.7695400171212,886.7695400171212,,HYDRAULIC_PROXY; direct SWMM where mapped; street-surface states unavailable,UNVALIDATED_NO_EVENT_MATCHED_HYDRAULIC_OBSERVATIONS,RAINFALL_RECONSTRUCTED_15MIN; grid represents Phase 1 pilot coverage,Reconstructed E001 hyetograph; source rainfall is IMD three-hour observations,Unavailable; no street coupling,Phase 2A historical_2005 normalized SWMM output,True,PILOT_SUBCATCHMENT_ASSIGNED,1,historical_2005,terra05-swmm-v1.0.0,GIS + Phase 2B SWMM; rainfall reconstructed,139_1055
29938,L,0,0.0,2,16.490590413411457,5.178454081217448,2.0,0.0018502678414689,1.0986122886681098,14.649674866577753,29.38790000323206,1186.131049338037,0.8347107438016529,0.1570247933884297,0.0,0.0,15,1500.0,0.0,0.0,0.0,0.4,7.699,0.044,82.27,152.8,0,0,1,E001,2005-07-26 reconstructed 15-minute hyetograph; 108 intervals,944.181998744607,250.38599395751956,431.6999950408936,649.2999992370605,866.5999999046326,943.2999987602234,69.0719985961914,250.38599395751956,0.4582565426826477,0.0,7.6828293800354,4.120950222015381,924.7792549298172,924.7792549298172,,HYDRAULIC_PROXY; direct SWMM where mapped; street-surface states unavailable,UNVALIDATED_NO_EVENT_MATCHED_HYDRAULIC_OBSERVATIONS,RAINFALL_RECONSTRUCTED_15MIN; grid represents Phase 1 pilot coverage,Reconstructed E001 hyetograph; source rainfall is IMD three-hour observations,Unavailable; no street coupling,Phase 2A historical_2005 normalized SWMM output,True,PILOT_SUBCATCHMENT_ASSIGNED,1,historical_2005,terra05-swmm-v1.0.0,GIS + Phase 2B SWMM; rainfall reconstructed,139_1055
29939,L,0,0.0,2,16.421834309895832,8.58271959092882,3.0,0.0027754017622034,1.3862943611198906,0.0,129.38790000323203,1141.2675699433626,0.8760330578512396,0.1239669421487603,0.0,0.0,10,1000.0,0.0,0.0,0.0,0.4,7.595,0.0,87.6,0.0,0,0,0,E001,2005-07-26 reconstructed 15-minute hyetograph; 108 intervals,944.181998744607,250.38599395751956,431.6999950408936,649.2999992370605,866.5999999046326,943.2999987602234,69.0719985961914,250.38599395751956,1.0342960357666016,0.0,7.6828293800354,4.120950222015381,929.3559870299212,929.3559870299212,,HYDRAULIC_PROXY; direct SWMM where mapped; street-surface states unavailable,UNVALIDATED_NO_EVENT_MATCHED_HYDRAULIC_OBSERVATIONS,RAINFALL_RECONSTRUCTED_15MIN; grid represents Phase 1 pilot coverage,Reconstructed E001 hyetograph; source rainfall is IMD three-hour observations,Unavailable; no street coupling,Phase 2A historical_2005 normalized SWMM output,True,PILOT_SUBCATCHMENT_ASSIGNED,1,historical_2005,terra05-swmm-v1.0.0,GIS + Phase 2B SWMM; rainfall reconstructed,139_1055
29940,L,0,0.0,2,12.902414957682293,6.105504777696398,1.0,0.0009251339207344,0.6931471805599453,0.0,116.4026434117629,1103.6650153942105,0.9421487603305784,0.0495867768595041,0.0,0.0,4,400.0,0.0,0.0,0.0,0.4,6.84,0.0,94.21,0.0,0,0,0,E001,2005-07-26 reconstructed 15-minute hyetograph; 108 intervals,944.181998744607,250.38599395751956,431.6999950408936,649.2999992370605,866.5999999046326,943.2999987602234,69.0719985961914,250.38599395751956,8.205696105957031,0.0,11.251593589782717,4.166792869567871,936.7444273865838,936.7444273865838,,HYDRAULIC_PROXY; direct SWMM where mapped; street-surface states unavailable,UNVALIDATED_NO_EVENT_MATCHED_HYDRAULIC_OBSERVATIONS,RAINFALL_RECONSTRUCTED_15MIN; grid represents Phase 1 pilot coverage,Reconstructed E001 hyetograph; source rainfall is IMD three-hour observations,Unavailable; no street coupling,Phase 2A historical_2005 normalized SWMM output,True,PILOT_SUBCATCHMENT_ASSIGNED,1,historical_2005,terra05-swmm-v1.0.0,GIS + Phase 2B SWMM; rainfall reconstructed,139_1055
29941,L,0,0.0,2,21.71142323811849,5.934069315592448,108.0,0.0999144634393228,4.691347882229144,0.0,58.554074231756125,1074.0862470983311,0.975206611570248,0.0082644628099173,0.0,0.0,9,900.0,0.0,0.0,0.0,0.4,11.551,0.0,97.52,0.0,0,0,0,E001,2005-07-26 reconstructed 15-minute hyetograph; 108 intervals,944.181998744607,250.38599395751956,431.6999950408936,649.2999992370605,866.5999999046326,943.2999987602234,69.0719985961914,250.38599395751956,5.984843254089356,0.0,9.641439437866213,4.28460693359375,940.4055121902636,940.4055121902636,,HYDRAULIC_PROXY; direct SWMM where mapped; street-surface states unavailable,UNVALIDATED_NO_EVENT_MATCHED_HYDRAULIC_OBSERVATIONS,RAINFALL_RECONSTRUCTED_15MIN; grid represents Phase 1 pilot coverage,Reconstructed E001 hyetograph; source rainfall is IMD three-hour observations,Unavailable; no street coupling,Phase 2A historical_2005 normalized SWMM output,True,PILOT_SUBCATCHMENT_ASSIGNED,1,historical_2005,terra05-swmm-v1.0.0,GIS + Phase 2B SWMM; rainfall reconstructed,139_1055
29942,L,1,0.1152727366751368,2,25.847885131835938,5.853360493977864,91.0,0.0841871867868368,4.5217885770490405,8.947956045129802,27.326442082383767,1053.2075133640344,0.8264462809917356,0.1735537190082644,0.0,0.0,12,1200.0,0.0,0.0,0.0,0.4,11.394,0.027,81.91,0.0,0,0,0,E001,2005-07-26 reconstructed 15-minute hyetograph; 108 intervals,944.181998744607,250.38599395751956,431.6999950408936,649.2999992370605,866.5999999046326,943.2999987602234,69.0719985961914,250.38599395751956,6.657193660736084,0.0,7.634226322174072,3.3926117420196533,923.8523047849592,923.8523047849592,,HYDRAULIC_PROXY; direct SWMM where mapped; street-surface states unavailable,UNVALIDATED_NO_EVENT_MATCHED_HYDRAULIC_OBSERVATIONS,RAINFALL_RECONSTRUCTED_15MIN; grid represents Phase 1 pilot coverage,Reconstructed E001 hyetograph; source rainfall is IMD three-hour observations,Unavailable; no street coupling,Phase 2A historical_2005 normalized SWMM output,True,PILOT_SUBCATCHMENT_ASSIGNED,1,historical_2005,terra05-swmm-v1.0.0,GIS + Phase 2B SWMM; rainfall reconstructed,139_1055
29963,L,0,0.0,2,17.226220024956596,3.8916774325900607,1.0,0.0009251339207344,0.6931471805599453,0.0,73.8058377708655,1430.0411955689087,0.628099173553719,0.3553719008264462,0.0,0.0,14,1400.0,0.0,0.0,0.0,0.4,7.293,0.0,62.81,0.0,0,0,0,E001,2005-07-26 reconstructed 15-minute hyetograph; 108 intervals,944.181998744607,250.38599395751956,431.6999950408936,649.2999992370605,866.5999999046326,943.2999987602234,69.0719985961914,250.38599395751956,1.3056621551513672,0.0,6.1043195724487305,1.0232685804367063,901.8232569763492,901.8232569763492,,HYDRAULIC_PROXY; direct SWMM where mapped; street-surface states unavailable,UNVALIDATED_NO_EVENT_MATCHED_HYDRAULIC_OBSERVATIONS,RAINFALL_RECONSTRUCTED_15MIN; grid represents Phase 1 pilot coverage,Reconstructed E001 hyetograph; source rainfall is IMD three-hour observations,Unavailable; no street coupling,Phase 2A historical_2005 normalized SWMM output,True,PILOT_SUBCATCHMENT_ASSIGNED,1,historical_2005,terra05-swmm-v1.0.0,GIS + Phase 2B SWMM; rainfall reconstructed,139_1057
29964,L,0,0.0,2,20.765055338541668,4.430895063612196,1.0,0.0009251339207344,0.6931471805599453,0.0,162.37736917554892,1414.2388833636826,0.6033057851239669,0.3305785123966942,0.0,0.0,12,1200.0,0.0,0.0,0.0,0.4,7.163,0.0,60.33,89.2,0,0,0,E001,2005-07-26 reconstructed 15-minute hyetograph; 108 intervals,944.181998744607,250.38599395751956,431.6999950408936,649.2999992370605,866.5999999046326,943.2999987602234,69.0719985961914,250.38599395751956,3.035433053970337,0.0,33.84453582763672,3.948286771774292,899.0657004020611,899.0657004020611,,HYDRAULIC_PROXY; direct SWMM where mapped; street-surface states unavailable,UNVALIDATED_NO_EVENT_MATCHED_HYDRAULIC_OBSERVATIONS,RAINFALL_RECONSTRUCTED_15MIN; grid represents Phase 1 pilot coverage,Reconstructed E001 hyetograph; source rainfall is IMD three-hour observations,Unavailable; no street coupling,Phase 2A historical_2005 normalized SWMM output,True,PILOT_SUBCATCHMENT_ASSIGNED,1,historical_2005,terra05-swmm-v1.0.0,GIS + Phase 2B SWMM; rainfall reconstructed,139_1057
29965,L,0,0.0,2,26.266891479492188,7.345603307088216,13.0,0.0120267409695481,2.6390573296152584,0.0,222.7298707203291,1403.7697244270894,0.8429752066115702,0.1487603305785124,0.0,0.0,14,1400.0,0.0,0.0,0.0,0.4,9.219,0.0,84.3,106.3,0,0,1,E001,2005-07-26 reconstructed 15-minute hyetograph; 108 intervals,944.181998744607,250.38599395751956,431.6999950408936,649.2999992370605,866.5999999046326,943.2999987602234,69.0719985961914,250.38599395751956,3.1638786792755127,0.0,30.785852432250977,6.353441715240479,925.6795100247108,925.6795100247108,,HYDRAULIC_PROXY; direct SWMM where mapped; street-surface states unavailable,UNVALIDATED_NO_EVENT_MATCHED_HYDRAULIC_OBSERVATIONS,RAINFALL_RECONSTRUCTED_15MIN; grid represents Phase 1 pilot coverage,Reconstructed E001 hyetograph; source rainfall is IMD three-hour observations,Unavailable; no street coupling,Phase 2A historical_2005 normalized SWMM output,True,PILOT_SUBCATCHMENT_ASSIGNED,1,historical_2005,terra05-swmm-v1.0.0,GIS + Phase 2B SWMM; rainfall reconstructed,139_1057
29966,L,0,0.0,2,31.8045654296875,10.239117092556423,1.0,0.0009251339207344,0.6931471805599453,0.0,250.5673107526245,1379.6126183335978,0.5289256198347108,0.4710743801652892,0.0,0.0,13,1300.0,0.0,0.0,0.0,0.4,6.316,0.0,52.89,134.5,0,0,1,E001,2005-07-26 reconstructed 15-minute hyetograph; 108 intervals,944.181998744607,250.38599395751956,431.6999950408936,649.2999992370605,866.5999999046326,943.2999987602234,69.0719985961914,250.38599395751956,5.501660346984863,0.0,24.915939331054688,5.536258697509766,890.8455998201678,890.8455998201678,,HYDRAULIC_PROXY; direct SWMM where mapped; street-surface states unavailable,UNVALIDATED_NO_EVENT_MATCHED_HYDRAULIC_OBSERVATIONS,RAINFALL_RECONSTRUCTED_15MIN; grid represents Phase 1 pilot coverage,Reconstructed E001 hyetograph; source rainfall is IMD three-hour observations,Unavailable; no street coupling,Phase 2A historical_2005 normalized SWMM output,True,PILOT_SUBCATCHMENT_ASSIGNED,1,historical_2005,terra05-swmm-v1.0.0,GIS + Phase 2B SWMM; rainfall reconstructed,139_1057
29967,L,0,0.0,2,29.305884467230904,11.631501939561632,9.0,0.0083262052866102,2.302585092994046,0.0,287.30401148427416,1346.041633565508,0.8429752066115702,0.1570247933884297,0.0,0.0,11,1100.0,0.0,0.0,0.0,0.4,8.383,0.0,84.3,167.7,0,0,1,E001,2005-07-26 reconstructed 15-minute hyetograph; 108 intervals,944.181998744607,250.38599395751956,431.6999950408936,649.2999992370605,866.5999999046326,943.2999987602234,69.0719985961914,250.38599395751956,7.900899887084961,20615.99943637848,22.958181381225582,6.300437450408936,925.6698592899918,925.6698592899918,,HYDRAULIC_PROXY; direct SWMM where mapped; street-surface states unavailable,UNVALIDATED_NO_EVENT_MATCHED_HYDRAULIC_OBSERVATIONS,RAINFALL_RECONSTRUCTED_15MIN; grid represents Phase 1 pilot coverage,Reconstructed E001 hyetograph; source rainfall is IMD three-hour observations,Unavailable; no street coupling,Phase 2A historical_2005 normalized SWMM output,True,PILOT_SUBCATCHMENT_ASSIGNED,1,historical_2005,terra05-swmm-v1.0.0,GIS + Phase 2B SWMM; rainfall reconstructed,139_1057
29968,L,0,0.0,2,25.21817186143663,3.774948967827691,1.0,0.0009251339207344,0.6931471805599453,0.0,322.1490121704764,1314.4435245731515,0.4793388429752066,0.512396694214876,0.0,0.0,6,600.0,0.0,0.0,0.0,0.4,7.324,0.0,47.93,100.8,0,0,1,E001,2005-07-26 reconstructed 15-minute hyetograph; 108 intervals,944.181998744607,250.38599395751956,431.6999950408936,649.2999992370605,866.5999999046326,943.2999987602234,69.0719985961914,250.38599395751956,17.597658157348633,0.0,42.87131881713867,14.977828025817873,885.1424149439842,885.1424149439842,,HYDRAULIC_PROXY; direct SWMM where mapped; street-surface states unavailable,UNVALIDATED_NO_EVENT_MATCHED_HYDRAULIC_OBSERVATIONS,RAINFALL_RECONSTRUCTED_15MIN; grid represents Phase 1 pilot coverage,Reconstructed E001 hyetograph; source rainfall is IMD three-hour observations,Unavailable; no street coupling,Phase 2A historical_2005 normalized SWMM output,True,PILOT_SUBCATCHMENT_ASSIGNED,1,historical_2005,terra05-swmm-v1.0.0,GIS + Phase 2B SWMM; rainfall reconstructed,139_1057
29969,L,0,0.0,2,25.79466756184896,2.431013743082682,9.0,0.0083262052866102,2.302585092994046,0.0,368.1410618279437,1289.8431994986356,0.7107438016528925,0.2727272727272727,0.0,0.0,17,1700.0,0.0,0.0,0.0,0.4,9.962,0.0,71.07,186.2,0,0,1,E001,2005-07-26 reconstructed 15-minute hyetograph; 108 intervals,944.181998744607,250.38599395751956,431.6999950408936,649.2999992370605,866.5999999046326,943.2999987602234,69.0719985961914,250.38599395751956,23.27560043334961,3763.9668703079215,40.58124923706055,12.747952461242676,911.0525061933728,911.0525061933728,,HYDRAULIC_PROXY; direct SWMM where mapped; street-surface states unavailable,UNVALIDATED_NO_EVENT_MATCHED_HYDRAULIC_OBSERVATIONS,RAINFALL_RECONSTRUCTED_15MIN; grid represents Phase 1 pilot coverage,Reconstructed E001 hyetograph; source rainfall is IMD three-hour observations,Unavailable; no street coupling,Phase 2A historical_2005 normalized SWMM output,True,PILOT_SUBCATCHMENT_ASSIGNED,1,historical_2005,terra05-swmm-v1.0.0,GIS + Phase 2B SWMM; rainfall reconstructed,139_1057
29970,L,0,0.0,2,26.48018900553385,3.2714210086398654,1.0,0.0009251339207344,0.6931471805599453,0.0,431.5827630993663,1272.646525667463,0.512396694214876,0.4793388429752066,0.0,0.0,12,1200.0,0.0,0.0,0.0,0.4,7.467,0.0,51.24,35.7,0,0,0,E001,2005-07-26 reconstructed 15-minute hyetograph; 108 intervals,944.181998744607,250.38599395751956,431.6999950408936,649.2999992370605,866.5999999046326,943.2999987602234,69.0719985961914,250.38599395751956,23.27560043334961,3763.9668703079215,40.58124923706055,12.747952461242676,888.8195017928954,888.8195017928954,,HYDRAULIC_PROXY; direct SWMM where mapped; street-surface states unavailable,UNVALIDATED_NO_EVENT_MATCHED_HYDRAULIC_OBSERVATIONS,RAINFALL_RECONSTRUCTED_15MIN; grid represents Phase 1 pilot coverage,Reconstructed E001 hyetograph; source rainfall is IMD three-hour observations,Unavailable; no street coupling,Phase 2A historical_2005 normalized SWMM output,True,PILOT_SUBCATCHMENT_ASSIGNED,1,historical_2005,terra05-swmm-v1.0.0,GIS + Phase 2B SWMM; rainfall reconstructed,139_1057
29971,L,0,0.0,2,20.827850341796875,5.127522362603082,9.0,0.0083262052866102,2.302585092994046,0.0,506.9512021932304,1263.155920420774,0.8181818181818182,0.1487603305785124,0.0,0.0,10,1000.0,0.0,0.0,0.0,0.4,9.213,0.0,81.82,0.0,0,0,0,E001,2005-07-26 reconstructed 15-minute hyetograph; 108 intervals,944.181998744607,250.38599395751956,431.6999950408936,649.2999992370605,866.5999999046326,943.2999987602234,69.0719985961914,250.38599395751956,23.27560043334961,3763.9668703079215,40.58124923706055,12.747952461242676,922.9356672694846,922.9356672694846,,HYDRAULIC_PROXY; direct SWMM where mapped; street-surface states unavailable,UNVALIDATED_NO_EVENT_MATCHED_HYDRAULIC_OBSERVATIONS,RAINFALL_RECONSTRUCTED_15MIN; grid represents Phase 1 pilot coverage,Reconstructed E001 hyetograph; source rainfall is IMD three-hour observations,Unavailable; no street coupling,Phase 2A historical_2005 normalized SWMM output,True,PILOT_SUBCATCHMENT_ASSIGNED,1,historical_2005,terra05-swmm-v1.0.0,GIS + Phase 2B SWMM; rainfall reconstructed,139_1057
29972,L,0,0.0,2,34.114646911621094,13.785456339518229,1.0,0.0009251339207344,0.6931471805599453,0.0,572.176282906438,1261.5453140076422,0.6115702479338843,0.3223140495867768,0.0,0.0,3,300.0,0.0,0.0,0.0,0.4,6.01,0.0,61.16,103.6,0,0,1,E001,2005-07-26 reconstructed 15-minute hyetograph; 108 intervals,944.181998744607,250.38599395751956,431.6999950408936,649.2999992370605,866.5999999046326,943.2999987602234,69.0719985961914,250.38599395751956,23.27560043334961,3763.9668703079215,40.58124923706055,12.747952461242676,900.0074543434309,900.0074543434309,,HYDRAULIC_PROXY; direct SWMM where mapped; street-surface states unavailable,UNVALIDATED_NO_EVENT_MATCHED_HYDRAULIC_OBSERVATIONS,RAINFALL_RECONSTRUCTED_15MIN; grid represents Phase 1 pilot coverage,Reconstructed E001 hyetograph; source rainfall is IMD three-hour observations,Unavailable; no street coupling,Phase 2A historical_2005 normalized SWMM output,True,PILOT_SUBCATCHMENT_ASSIGNED,1,historical_2005,terra05-swmm-v1.0.0,GIS + Phase 2B SWMM; rainfall reconstructed,139_1057
29973,L,0,0.0,2,41.02909342447917,15.33293999565972,1.0,0.0009251339207344,0.6931471805599453,0.0,522.6677134863818,1267.84473785051,0.6776859504132231,0.2396694214876033,0.0,0.0,10,1000.0,0.0,0.0,0.0,0.4,5.899,0.0,67.77,0.0,0,0,0,E001,2005-07-26 reconstructed 15-minute hyetograph; 108 intervals,944.181998744607,250.38599395751956,431.6999950408936,649.2999992370605,866.5999999046326,943.2999987602234,69.0719985961914,250.38599395751956,23.27560043334961,3763.9668703079215,40.58124923706055,12.747952461242676,907.3259937537656,907.3259937537656,,HYDRAULIC_PROXY; direct SWMM where mapped; street-surface states unavailable,UNVALIDATED_NO_EVENT_MATCHED_HYDRAULIC_OBSERVATIONS,RAINFALL_RECONSTRUCTED_15MIN; grid represents Phase 1 pilot coverage,Reconstructed E001 hyetograph; source rainfall is IMD three-hour observations,Unavailable; no street coupling,Phase 2A historical_2005 normalized SWMM output,True,PILOT_SUBCATCHMENT_ASSIGNED,1,historical_2005,terra05-swmm-v1.0.0,GIS + Phase 2B SWMM; rainfall reconstructed,139_1057
29974,L,0,0.0,2,33.53447808159722,16.063690185546875,2.0,0.0018502678414689,1.0986122886681098,0.0,488.85312591977646,1281.6954063849362,0.4462809917355372,0.5454545454545454,0.0,0.0,6,600.0,0.0,0.0,0.0,0.4,6.543,0.0,44.63,0.0,0,0,0,E001,2005-07-26 reconstructed 15-minute hyetograph; 108 intervals,944.181998744607,250.38599395751956,431.6999950408936,649.2999992370605,866.5999999046326,943.2999987602234,69.0719985961914,250.38599395751956,23.27560043334961,3763.9668703079215,40.58124923706055,12.747952461242676,881.7166687302231,881.7166687302231,,HYDRAULIC_PROXY; direct SWMM where mapped; street-surface states unavailable,UNVALIDATED_NO_EVENT_MATCHED_HYDRAULIC_OBSERVATIONS,RAINFALL_RECONSTRUCTED_15MIN; grid represents Phase 1 pilot coverage,Reconstructed E001 hyetograph; source rainfall is IMD three-hour observations,Unavailable; no street coupling,Phase 2A historical_2005 normalized SWMM output,True,PILOT_SUBCATCHMENT_ASSIGNED,1,historical_2005,terra05-swmm-v1.0.0,GIS + Phase 2B SWMM; rainfall reconstructed,139_1057
29975,L,0,0.0,2,24.987350463867188,9.3119142320421,1.0,0.0009251339207344,0.6931471805599453,0.0,474.1025403032462,1302.9963218478042,0.6198347107438017,0.2975206611570248,0.0,0.0,7,700.0,0.0,0.0,0.0,0.4,6.413,0.0,61.98,0.0,0,0,0,E001,2005-07-26 reconstructed 15-minute hyetograph; 108 intervals,944.181998744607,250.38599395751956,431.6999950408936,649.2999992370605,866.5999999046326,943.2999987602234,69.0719985961914,250.38599395751956,23.27560043334961,3763.9668703079215,40.58124923706055,12.747952461242676,900.918910733453,900.918910733453,,HYDRAULIC_PROXY; direct SWMM where mapped; street-surface states unavailable,UNVALIDATED_NO_EVENT_MATCHED_HYDRAULIC_OBSERVATIONS,RAINFALL_RECONSTRUCTED_15MIN; grid represents Phase 1 pilot coverage,Reconstructed E001 hyetograph; source rainfall is IMD three-hour observations,Unavailable; no street coupling,Phase 2A historical_2005 normalized SWMM output,True,PILOT_SUBCATCHMENT_ASSIGNED,1,historical_2005,terra05-swmm-v1.0.0,GIS + Phase 2B SWMM; rainfall reconstructed,139_1057
29976,L,0,0.0,2,22.179575602213543,4.017022450764974,1.0,0.0009251339207344,0.6931471805599453,0.0,480.176070543343,1331.4862803459775,0.5950413223140496,0.3636363636363636,0.0,0.0,23,2300.0,0.0,0.0,0.0,0.4,7.261,0.0,59.5,3.5,0,0,1,E001,2005-07-26 reconstructed 15-minute hyetograph; 108 intervals,944.181998744607,250.38599395751956,431.6999950408936,649.2999992370605,866.5999999046326,943.2999987602234,69.0719985961914,250.38599395751956,23.27560043334961,3763.9668703079215,40.58124923706055,12.747952461242676,898.1339661982198,898.1339661982198,,HYDRAULIC_PROXY; direct SWMM where mapped; street-surface states unavailable,UNVALIDATED_NO_EVENT_MATCHED_HYDRAULIC_OBSERVATIONS,RAINFALL_RECONSTRUCTED_15MIN; grid represents Phase 1 pilot coverage,Reconstructed E001 hyetograph; source rainfall is IMD three-hour observations,Unavailable; no street coupling,Phase 2A historical_2005 normalized SWMM output,True,PILOT_SUBCATCHMENT_ASSIGNED,1,historical_2005,terra05-swmm-v1.0.0,GIS + Phase 2B SWMM; rainfall reconstructed,139_1057
29977,L,0,0.0,2,21.14944627549913,3.298028733995226,1.0,0.0009251339207344,0.6931471805599453,0.0,463.1014897379255,1360.0732837361838,0.768595041322314,0.1652892561983471,0.0,0.0,28,2800.0,0.0,0.0,0.0,0.4,7.459,0.0,76.86,93.1,0,0,1,E001,2005-07-26 reconstructed 15-minute hyetograph; 108 intervals,944.181998744607,250.38599395751956,431.6999950408936,649.2999992370605,866.5999999046326,943.2999987602234,69.0719985961914,250.38599395751956,6.990200042724609,399302.5978446007,36.71260833740234,6.118086814880371,917.4765109815778,917.4765109815778,,HYDRAULIC_PROXY; direct SWMM where mapped; street-surface states unavailable,UNVALIDATED_NO_EVENT_MATCHED_HYDRAULIC_OBSERVATIONS,RAINFALL_RECONSTRUCTED_15MIN; grid represents Phase 1 pilot coverage,Reconstructed E001 hyetograph; source rainfall is IMD three-hour observations,Unavailable; no street coupling,Phase 2A historical_2005 normalized SWMM output,True,PILOT_SUBCATCHMENT_ASSIGNED,1,historical_2005,terra05-swmm-v1.0.0,GIS + Phase 2B SWMM; rainfall reconstructed,139_1057
29978,L,0,0.0,2,18.8919677734375,3.326105753580729,279.0,0.2581123638849174,5.634789603169249,0.0,404.3498853692971,1388.1746061405129,0.7727272727272727,0.209090909090909,0.0,0.0,33,3300.0,0.0,0.0,0.0,0.4,13.082,0.0,77.27,220.4,0,0,1,E001,2005-07-26 reconstructed 15-minute hyetograph; 108 intervals,944.181998744607,250.38599395751956,431.6999950408936,649.2999992370605,866.5999999046326,943.2999987602234,69.0719985961914,250.38599395751956,6.990200042724609,399302.5978446007,31.28599739074707,5.213752269744873,917.9343896782664,917.9343896782664,,HYDRAULIC_PROXY; direct SWMM where mapped; street-surface states unavailable,UNVALIDATED_NO_EVENT_MATCHED_HYDRAULIC_OBSERVATIONS,RAINFALL_RECONSTRUCTED_15MIN; grid represents Phase 1 pilot coverage,Reconstructed E001 hyetograph; source rainfall is IMD three-hour observations,Unavailable; no street coupling,Phase 2A historical_2005 normalized SWMM output,True,PILOT_SUBCATCHMENT_ASSIGNED,1,historical_2005,terra05-swmm-v1.0.0,GIS + Phase 2B SWMM; rainfall reconstructed,139_1057
29979,L,0,0.0,2,28.42335255940755,8.87753677368164,2.0,0.0018502678414689,1.0986122886681098,0.0,354.4869042045608,1422.764259156734,0.9173553719008264,0.0743801652892562,0.0,0.0,17,1700.0,0.0,0.0,0.0,0.4,7.155,0.0,91.74,101.2,0,0,1,E001,2005-07-26 reconstructed 15-minute hyetograph; 108 intervals,944.181998744607,250.38599395751956,431.6999950408936,649.2999992370605,866.5999999046326,943.2999987602234,69.0719985961914,250.38599395751956,6.990200042724609,399302.5978446007,31.28599739074707,5.213752269744873,933.9637012523596,933.9637012523596,,HYDRAULIC_PROXY; direct SWMM where mapped; street-surface states unavailable,UNVALIDATED_NO_EVENT_MATCHED_HYDRAULIC_OBSERVATIONS,RAINFALL_RECONSTRUCTED_15MIN; grid represents Phase 1 pilot coverage,Reconstructed E001 hyetograph; source rainfall is IMD three-hour observations,Unavailable; no street coupling,Phase 2A historical_2005 normalized SWMM output,True,PILOT_SUBCATCHMENT_ASSIGNED,1,historical_2005,terra05-swmm-v1.0.0,GIS + Phase 2B SWMM; rainfall reconstructed,139_1057
29980,L,0,0.0,2,25.12876383463541,9.62954372829861,1.0,0.0009251339207344,0.6931471805599453,0.0,311.98318402953385,1463.3822252351747,0.859504132231405,0.0165289256198347,0.0,0.0,30,3000.0,0.0,0.0,0.0,0.4,6.379,0.0,85.95,160.8,0,0,1,E001,2005-07-26 reconstructed 15-minute hyetograph; 108 intervals,944.181998744607,250.38599395751956,431.6999950408936,649.2999992370605,866.5999999046326,943.2999987602234,69.0719985961914,250.38599395751956,6.990200042724609,399302.5978446007,36.71260833740234,6.118086814880371,927.5134656943552,927.5134656943552,,HYDRAULIC_PROXY; direct SWMM where mapped; street-surface states unavailable,UNVALIDATED_NO_EVENT_MATCHED_HYDRAULIC_OBSERVATIONS,RAINFALL_RECONSTRUCTED_15MIN; grid represents Phase 1 pilot coverage,Reconstructed E001 hyetograph; source rainfall is IMD three-hour observations,Unavailable; no street coupling,Phase 2A historical_2005 normalized SWMM output,True,PILOT_SUBCATCHMENT_ASSIGNED,1,historical_2005,terra05-swmm-v1.0.0,GIS + Phase 2B SWMM; rainfall reconstructed,139_1057
29981,L,0,0.0,2,25.2339341905382,9.204868740505642,5.0,0.0046256696036723,1.791759469228055,0.0,297.7068140264066,1509.541962694212,0.9090909090909092,0.0826446280991735,0.0,0.0,21,2100.0,0.0,0.0,0.0,0.4,8.034,0.0,90.91,126.0,0,0,1,E001,2005-07-26 reconstructed 15-minute hyetograph; 108 intervals,944.181998744607,250.38599395751956,431.6999950408936,649.2999992370605,866.5999999046326,943.2999987602234,69.0719985961914,250.38599395751956,5.475796699523926,0.0,22.11002349853516,6.147820472717285,933.0411633668698,933.0411633668698,,HYDRAULIC_PROXY; direct SWMM where mapped; street-surface states unavailable,UNVALIDATED_NO_EVENT_MATCHED_HYDRAULIC_OBSERVATIONS,RAINFALL_RECONSTRUCTED_15MIN; grid represents Phase 1 pilot coverage,Reconstructed E001 hyetograph; source rainfall is IMD three-hour observations,Unavailable; no street coupling,Phase 2A historical_2005 normalized SWMM output,True,PILOT_SUBCATCHMENT_ASSIGNED,1,historical_2005,terra05-swmm-v1.0.0,GIS + Phase 2B SWMM; rainfall reconstructed,139_1057
29982,L,0,0.0,2,32.012488471137154,8.378422207302517,1.0,0.0009251339207344,0.6931471805599453,0.0,316.1094543323577,1560.7518499540968,0.975206611570248,0.024793388429752,0.0,0.0,14,1400.0,0.0,0.0,0.0,0.4,6.521,0.0,97.52,5.4,0,0,0,E001,2005-07-26 reconstructed 15-minute hyetograph; 108 intervals,944.181998744607,250.38599395751956,431.6999950408936,649.2999992370605,866.5999999046326,943.2999987602234,69.0719985961914,250.38599395751956,5.475796699523926,0.0,22.11002349853516,6.147820472717285,940.3658666434784,940.3658666434784,,HYDRAULIC_PROXY; direct SWMM where mapped; street-surface states unavailable,UNVALIDATED_NO_EVENT_MATCHED_HYDRAULIC_OBSERVATIONS,RAINFALL_RECONSTRUCTED_15MIN; grid represents Phase 1 pilot coverage,Reconstructed E001 hyetograph; source rainfall is IMD three-hour observations,Unavailable; no street coupling,Phase 2A historical_2005 normalized SWMM output,True,PILOT_SUBCATCHMENT_ASSIGNED,1,historical_2005,terra05-swmm-v1.0.0,GIS + Phase 2B SWMM; rainfall reconstructed,139_1057
29983,L,0,0.0,2,30.414596557617188,11.173906962076822,1.0,0.0009251339207344,0.6931471805599453,0.0,354.154898059089,1616.5320093136347,0.9421487603305784,0.0495867768595041,0.0,0.0,19,1900.0,0.0,0.0,0.0,0.4,6.227,0.0,94.21,0.0,0,0,1,E001,2005-07-26 reconstructed 15-minute hyetograph; 108 intervals,944.181998744607,250.38599395751956,431.6999950408936,649.2999992370605,866.5999999046326,943.2999987602234,69.0719985961914,250.38599395751956,5.475796699523926,0.0,22.11002349853516,6.147820472717285,936.7152138661183,936.7152138661183,,HYDRAULIC_PROXY; direct SWMM where mapped; street-surface states unavailable,UNVALIDATED_NO_EVENT_MATCHED_HYDRAULIC_OBSERVATIONS,RAINFALL_RECONSTRUCTED_15MIN; grid represents Phase 1 pilot coverage,Reconstructed E001 hyetograph; source rainfall is IMD three-hour observations,Unavailable; no street coupling,Phase 2A historical_2005 normalized SWMM output,True,PILOT_SUBCATCHMENT_ASSIGNED,1,historical_2005,terra05-swmm-v1.0.0,GIS + Phase 2B SWMM; rainfall reconstructed,139_1058
29984,L,0,0.0,2,29.35772705078125,8.560645209418404,6711.0,6.208573742049035,8.811652248147043,0.0,392.0733755558916,1676.4262993451334,0.975206611570248,0.0165289256198347,0.0,0.0,19,1900.0,0.0,0.0,0.0,0.4,15.31,0.0,97.52,86.5,0,0,1,E001,2005-07-26 reconstructed 15-minute hyetograph; 108 intervals,944.181998744607,250.38599395751956,431.6999950408936,649.2999992370605,866.5999999046326,943.2999987602234,69.0719985961914,250.38599395751956,5.475796699523926,0.0,22.11002349853516,6.147820472717285,940.363628649138,940.363628649138,,HYDRAULIC_PROXY; direct SWMM where mapped; street-surface states unavailable,UNVALIDATED_NO_EVENT_MATCHED_HYDRAULIC_OBSERVATIONS,RAINFALL_RECONSTRUCTED_15MIN; grid represents Phase 1 pilot coverage,Reconstructed E001 hyetograph; source rainfall is IMD three-hour observations,Unavailable; no street coupling,Phase 2A historical_2005 normalized SWMM output,True,PILOT_SUBCATCHMENT_ASSIGNED,1,historical_2005,terra05-swmm-v1.0.0,GIS + Phase 2B SWMM; rainfall reconstructed,139_1058
30197,L,0,0.0,2,14.279939439561632,13.785389370388454,2.0,0.0018502678414689,1.0986122886681098,11.42549265047149,17.296406162624994,2738.1380181051504,0.256198347107438,0.743801652892562,0.0,0.0,23,2300.0,0.0,0.0,0.0,0.4,6.703,0.034,25.33,11.7,0,0,1,E001,2005-07-26 reconstructed 15-minute hyetograph; 108 intervals,944.181998744607,250.38599395751956,431.6999950408936,649.2999992370605,866.5999999046326,943.2999987602234,69.0719985961914,250.38599395751956,0.455230563879013,0.0,0.7574921250343323,0.3399810492992401,860.5830388751926,860.5830388751926,,HYDRAULIC_PROXY; direct SWMM where mapped; street-surface states unavailable,UNVALIDATED_NO_EVENT_MATCHED_HYDRAULIC_OBSERVATIONS,RAINFALL_RECONSTRUCTED_15MIN; grid represents Phase 1 pilot coverage,Reconstructed E001 hyetograph; source rainfall is IMD three-hour observations,Unavailable; no street coupling,Phase 2A historical_2005 normalized SWMM output,True,PILOT_SUBCATCHMENT_ASSIGNED,1,historical_2005,terra05-swmm-v1.0.0,GIS + Phase 2B SWMM; rainfall reconstructed,139_1054
30198,L,0,0.0,2,11.152513292100696,8.081453111436632,1.0,0.0009251339207344,0.6931471805599453,10.037456431386248,36.53797014350409,2644.4251939114247,0.512396694214876,0.4793388429752066,0.0,0.0,18,1800.0,0.0,0.0,0.0,0.4,6.557,0.03,50.73,24.4,0,0,1,E001,2005-07-26 reconstructed 15-minute hyetograph; 108 intervals,944.181998744607,250.38599395751956,431.6999950408936,649.2999992370605,866.5999999046326,943.2999987602234,69.0719985961914,250.38599395751956,2.729266881942749,0.0,0.7662549614906311,0.1186060309410095,888.9943107237921,888.9943107237921,,HYDRAULIC_PROXY; direct SWMM where mapped; street-surface states unavailable,UNVALIDATED_NO_EVENT_MATCHED_HYDRAULIC_OBSERVATIONS,RAINFALL_RECONSTRUCTED_15MIN; grid represents Phase 1 pilot coverage,Reconstructed E001 hyetograph; source rainfall is IMD three-hour observations,Unavailable; no street coupling,Phase 2A historical_2005 normalized SWMM output,True,PILOT_SUBCATCHMENT_ASSIGNED,1,historical_2005,terra05-swmm-v1.0.0,GIS + Phase 2B SWMM; rainfall reconstructed,139_1054
30204,L,0,0.0,2,7.95808580186632,5.890139685736762,1.0,0.0009251339207344,0.6931471805599453,12.083769825738347,40.713579330585695,2094.3957138510204,0.1487603305785124,0.8512396694214877,0.0,0.0,1,100.0,0.0,0.0,0.0,0.4,6.877,0.036,14.7,0.0,1,0,1,E001,2005-07-26 reconstructed 15-minute hyetograph; 108 intervals,944.181998744607,250.38599395751956,431.6999950408936,649.2999992370605,866.5999999046326,943.2999987602234,69.0719985961914,250.38599395751956,2.85982084274292,0.0,8.334197998046875,1.0561811923980713,848.0046261158711,848.0046261158711,,HYDRAULIC_PROXY; direct SWMM where mapped; street-surface states unavailable,UNVALIDATED_NO_EVENT_MATCHED_HYDRAULIC_OBSERVATIONS,RAINFALL_RECONSTRUCTED_15MIN; grid represents Phase 1 pilot coverage,Reconstructed E001 hyetograph; source rainfall is IMD three-hour observations,Unavailable; no street coupling,Phase 2A historical_2005 normalized SWMM output,True,PILOT_SUBCATCHMENT_ASSIGNED,1,historical_2005,terra05-swmm-v1.0.0,GIS + Phase 2B SWMM; rainfall reconstructed,139_1055
30205,L,0,0.0,2,5.547520531548394,3.6586502922905817,1.0,0.0009251339207344,0.6931471805599453,0.0,117.64128221787908,2005.5119561344432,0.4628099173553719,0.5371900826446281,0.0,0.0,1,100.0,0.0,0.0,0.0,0.4,7.355,0.0,46.28,0.0,1,0,1,E001,2005-07-26 reconstructed 15-minute hyetograph; 108 intervals,944.181998744607,250.38599395751956,431.6999950408936,649.2999992370605,866.5999999046326,943.2999987602234,69.0719985961914,250.38599395751956,2.5151560306549072,0.0,37.333534240722656,1.4257649183273315,883.2678881185709,883.2678881185709,,HYDRAULIC_PROXY; direct SWMM where mapped; street-surface states unavailable,UNVALIDATED_NO_EVENT_MATCHED_HYDRAULIC_OBSERVATIONS,RAINFALL_RECONSTRUCTED_15MIN; grid represents Phase 1 pilot coverage,Reconstructed E001 hyetograph; source rainfall is IMD three-hour observations,Unavailable; no street coupling,Phase 2A historical_2005 normalized SWMM output,True,PILOT_SUBCATCHMENT_ASSIGNED,1,historical_2005,terra05-swmm-v1.0.0,GIS + Phase 2B SWMM; rainfall reconstructed,139_1055
30206,L,0,0.0,2,4.353718439737956,2.7658799489339194,1752.0,1.6208346291267932,7.469083884921234,0.0,194.56898510517243,1917.7233914720016,0.4049586776859504,0.5950413223140496,0.0,0.0,0,0.0,0.0,0.0,0.0,0.4,15.104,0.0,40.5,0.0,1,0,1,E001,2005-07-26 reconstructed 15-minute hyetograph; 108 intervals,944.181998744607,250.38599395751956,431.6999950408936,649.2999992370605,866.5999999046326,943.2999987602234,69.0719985961914,250.38599395751956,2.283477783203125,0.0,34.756141662597656,1.277845025062561,876.5714664795812,876.5714664795812,,HYDRAULIC_PROXY; direct SWMM where mapped; street-surface states unavailable,UNVALIDATED_NO_EVENT_MATCHED_HYDRAULIC_OBSERVATIONS,RAINFALL_RECONSTRUCTED_15MIN; grid represents Phase 1 pilot coverage,Reconstructed E001 hyetograph; source rainfall is IMD three-hour observations,Unavailable; no street coupling,Phase 2A historical_2005 normalized SWMM output,True,PILOT_SUBCATCHMENT_ASSIGNED,1,historical_2005,terra05-swmm-v1.0.0,GIS + Phase 2B SWMM; rainfall reconstructed,139_1055
30207,L,0,0.0,2,7.628325568305121,2.4377619425455728,1.0,0.0009251339207344,0.6931471805599453,0.0,228.0712322585854,1831.1875398766645,0.3140495867768595,0.6859504132231405,0.0,0.0,2,200.0,0.0,0.0,0.0,0.4,7.762,0.0,31.4,0.0,1,0,1,E001,2005-07-26 reconstructed 15-minute hyetograph; 108 intervals,944.181998744607,250.38599395751956,431.6999950408936,649.2999992370605,866.5999999046326,943.2999987602234,69.0719985961914,250.38599395751956,2.1518805027008057,0.0,20.818262100219727,1.1363518238067627,866.0599007482958,866.0599007482958,,HYDRAULIC_PROXY; direct SWMM where mapped; street-surface states unavailable,UNVALIDATED_NO_EVENT_MATCHED_HYDRAULIC_OBSERVATIONS,RAINFALL_RECONSTRUCTED_15MIN; grid represents Phase 1 pilot coverage,Reconstructed E001 hyetograph; source rainfall is IMD three-hour observations,Unavailable; no street coupling,Phase 2A historical_2005 normalized SWMM output,True,PILOT_SUBCATCHMENT_ASSIGNED,1,historical_2005,terra05-swmm-v1.0.0,GIS + Phase 2B SWMM; rainfall reconstructed,139_1055
30208,L,0,0.0,2,5.102667914496528,1.5368436177571614,1.0,0.0009251339207344,0.6931471805599453,0.0,146.27070565467673,1746.0906637973371,0.4181818181818181,0.5818181818181818,0.0,0.0,1,100.0,0.0,0.0,0.0,0.4,8.223,0.0,41.82,0.0,1,0,1,E001,2005-07-26 reconstructed 15-minute hyetograph; 108 intervals,944.181998744607,250.38599395751956,431.6999950408936,649.2999992370605,866.5999999046326,943.2999987602234,69.0719985961914,250.38599395751956,1.837480068206787,0.0,20.6137752532959,0.9132021069526672,877.650122552295,877.650122552295,,HYDRAULIC_PROXY; direct SWMM where mapped; street-surface states unavailable,UNVALIDATED_NO_EVENT_MATCHED_HYDRAULIC_OBSERVATIONS,RAINFALL_RECONSTRUCTED_15MIN; grid represents Phase 1 pilot coverage,Reconstructed E001 hyetograph; source rainfall is IMD three-hour observations,Unavailable; no street coupling,Phase 2A historical_2005 normalized SWMM output,True,PILOT_SUBCATCHMENT_ASSIGNED,1,historical_2005,terra05-swmm-v1.0.0,GIS + Phase 2B SWMM; rainfall reconstructed,139_1055
30209,L,0,0.0,2,5.248932202657064,1.2459900379180908,11.0,0.0101764731280791,2.4849066497880004,0.0,71.27189257489586,1662.6537240811451,0.2396694214876033,0.7603305785123967,0.0,0.0,1,100.0,0.0,0.0,0.0,0.4,10.831,0.0,23.97,0.0,0,0,0,E001,2005-07-26 reconstructed 15-minute hyetograph; 108 intervals,944.181998744607,250.38599395751956,431.6999950408936,649.2999992370605,866.5999999046326,943.2999987602234,69.0719985961914,250.38599395751956,1.807134866714477,0.0,9.166316032409668,0.6102095246315002,856.488286063395,856.488286063395,,HYDRAULIC_PROXY; direct SWMM where mapped; street-surface states unavailable,UNVALIDATED_NO_EVENT_MATCHED_HYDRAULIC_OBSERVATIONS,RAINFALL_RECONSTRUCTED_15MIN; grid represents Phase 1 pilot coverage,Reconstructed E001 hyetograph; source rainfall is IMD three-hour observations,Unavailable; no street coupling,Phase 2A historical_2005 normalized SWMM output,True,PILOT_SUBCATCHMENT_ASSIGNED,1,historical_2005,terra05-swmm-v1.0.0,GIS + Phase 2B SWMM; rainfall reconstructed,139_1055
30210,L,0,0.0,2,5.061804029676649,1.1514422098795574,1.0,0.0009251339207344,0.6931471805599453,26.288771077426187,4.73715890620269,1581.1395277462314,0.512396694214876,0.4876033057851239,0.0,0.0,18,1800.0,0.0,0.0,0.0,0.4,8.512,0.079,49.93,122.9,0,0,1,E001,2005-07-26 reconstructed 15-minute hyetograph; 108 intervals,944.181998744607,250.38599395751956,431.6999950408936,649.2999992370605,866.5999999046326,943.2999987602234,69.0719985961914,250.38599395751956,2.075244903564453,0.0,7.880223274230957,0.5767050981521606,888.3438118669435,888.3438118669435,,HYDRAULIC_PROXY; direct SWMM where mapped; street-surface states unavailable,UNVALIDATED_NO_EVENT_MATCHED_HYDRAULIC_OBSERVATIONS,RAINFALL_RECONSTRUCTED_15MIN; grid represents Phase 1 pilot coverage,Reconstructed E001 hyetograph; source rainfall is IMD three-hour observations,Unavailable; no street coupling,Phase 2A historical_2005 normalized SWMM output,True,PILOT_SUBCATCHMENT_ASSIGNED,1,historical_2005,terra05-swmm-v1.0.0,GIS + Phase 2B SWMM; rainfall reconstructed,139_1055
30211,L,0,0.0,2,6.239682939317492,2.523010677761502,1.0,0.0009251339207344,0.6931471805599453,0.0,81.02378965282166,1501.8611807361726,0.1239669421487603,0.8760330578512396,0.0,0.0,4,400.0,0.0,0.0,0.0,0.4,7.727,0.0,12.4,0.0,0,0,0,E001,2005-07-26 reconstructed 15-minute hyetograph; 108 intervals,944.181998744607,250.38599395751956,431.6999950408936,649.2999992370605,866.5999999046326,943.2999987602234,69.0719985961914,250.38599395751956,1.6811628341674805,0.0,7.087096691131592,0.5176041126251221,844.0998984957694,844.0998984957694,,HYDRAULIC_PROXY; direct SWMM where mapped; street-surface states unavailable,UNVALIDATED_NO_EVENT_MATCHED_HYDRAULIC_OBSERVATIONS,RAINFALL_RECONSTRUCTED_15MIN; grid represents Phase 1 pilot coverage,Reconstructed E001 hyetograph; source rainfall is IMD three-hour observations,Unavailable; no street coupling,Phase 2A historical_2005 normalized SWMM output,True,PILOT_SUBCATCHMENT_ASSIGNED,1,historical_2005,terra05-swmm-v1.0.0,GIS + Phase 2B SWMM; rainfall reconstructed,139_1055
30212,L,0,0.0,2,10.744788275824654,5.5162230597602,1.0,0.0009251339207344,0.6931471805599453,0.0,71.65554154514344,1425.1918489112004,0.3553719008264462,0.6033057851239669,0.0,0.0,8,800.0,0.0,0.0,0.0,0.4,6.943,0.0,35.54,0.0,0,0,0,E001,2005-07-26 reconstructed 15-minute hyetograph; 108 intervals,944.181998744607,250.38599395751956,431.6999950408936,649.2999992370605,866.5999999046326,943.2999987602234,69.0719985961914,250.38599395751956,1.5561659336090088,0.0,5.270040512084961,0.5530040264129639,871.3375648537474,871.3375648537474,,HYDRAULIC_PROXY; direct SWMM where mapped; street-surface states unavailable,UNVALIDATED_NO_EVENT_MATCHED_HYDRAULIC_OBSERVATIONS,RAINFALL_RECONSTRUCTED_15MIN; grid represents Phase 1 pilot coverage,Reconstructed E001 hyetograph; source rainfall is IMD three-hour observations,Unavailable; no street coupling,Phase 2A historical_2005 normalized SWMM output,True,PILOT_SUBCATCHMENT_ASSIGNED,1,historical_2005,terra05-swmm-v1.0.0,GIS + Phase 2B SWMM; rainfall reconstructed,139_1055
30213,L,0,0.0,2,10.59548823038737,8.08691151936849,3.0,0.0027754017622034,1.3862943611198906,16.720744955995027,41.305930300149015,1351.5756013644227,0.2727272727272727,0.7272727272727273,0.0,0.0,7,700.0,0.0,0.0,0.0,0.4,7.655,0.05,26.82,105.2,0,0,1,E001,2005-07-26 reconstructed 15-minute hyetograph; 108 intervals,944.181998744607,250.38599395751956,431.6999950408936,649.2999992370605,866.5999999046326,943.2999987602234,69.0719985961914,250.38599395751956,1.5039641857147217,0.0,3.84786868095398,0.5634352564811707,862.2289266853475,862.2289266853475,,HYDRAULIC_PROXY; direct SWMM where mapped; street-surface states unavailable,UNVALIDATED_NO_EVENT_MATCHED_HYDRAULIC_OBSERVATIONS,RAINFALL_RECONSTRUCTED_15MIN; grid represents Phase 1 pilot coverage,Reconstructed E001 hyetograph; source rainfall is IMD three-hour observations,Unavailable; no street coupling,Phase 2A historical_2005 normalized SWMM output,True,PILOT_SUBCATCHMENT_ASSIGNED,1,historical_2005,terra05-swmm-v1.0.0,GIS + Phase 2B SWMM; rainfall reconstructed,139_1055
30214,L,0,0.0,2,12.655566745334202,3.617156982421875,1.0,0.0009251339207344,0.6931471805599453,20.77746117195041,20.54935256416368,1281.5386869713593,0.2892561983471074,0.7107438016528925,0.0,0.0,15,1500.0,0.0,0.0,0.0,0.4,7.366,0.062,28.34,0.0,0,0,0,E001,2005-07-26 reconstructed 15-minute hyetograph; 108 intervals,944.181998744607,250.38599395751956,431.6999950408936,649.2999992370605,866.5999999046326,943.2999987602234,69.0719985961914,250.38599395751956,1.4431171417236328,0.0,1.3299578428268433,0.336055040359497,863.5694919286468,863.5694919286468,,HYDRAULIC_PROXY; direct SWMM where mapped; street-surface states unavailable,UNVALIDATED_NO_EVENT_MATCHED_HYDRAULIC_OBSERVATIONS,RAINFALL_RECONSTRUCTED_15MIN; grid represents Phase 1 pilot coverage,Reconstructed E001 hyetograph; source rainfall is IMD three-hour observations,Unavailable; no street coupling,Phase 2A historical_2005 normalized SWMM output,True,PILOT_SUBCATCHMENT_ASSIGNED,1,historical_2005,terra05-swmm-v1.0.0,GIS + Phase 2B SWMM; rainfall reconstructed,139_1055
30215,L,0,0.0,2,13.378089057074654,2.4939117431640625,1.0,0.0009251339207344,0.6931471805599453,34.07969604465434,23.315342526798503,1215.6998832791548,0.1818181818181818,0.8181818181818182,0.0,0.0,4,400.0,0.0,0.0,0.0,0.4,7.739,0.102,17.58,0.0,0,0,0,E001,2005-07-26 reconstructed 15-minute hyetograph; 108 intervals,944.181998744607,250.38599395751956,431.6999950408936,649.2999992370605,866.5999999046326,943.2999987602234,69.0719985961914,250.38599395751956,1.36770761013031,0.0,3.2189643383026123,0.3948743939399719,850.8067509836835,850.8067509836835,,HYDRAULIC_PROXY; direct SWMM where mapped; street-surface states unavailable,UNVALIDATED_NO_EVENT_MATCHED_HYDRAULIC_OBSERVATIONS,RAINFALL_RECONSTRUCTED_15MIN; grid represents Phase 1 pilot coverage,Reconstructed E001 hyetograph; source rainfall is IMD three-hour observations,Unavailable; no street coupling,Phase 2A historical_2005 normalized SWMM output,True,PILOT_SUBCATCHMENT_ASSIGNED,1,historical_2005,terra05-swmm-v1.0.0,GIS + Phase 2B SWMM; rainfall reconstructed,139_1055
30216,L,0,0.0,2,14.988180796305338,3.323877652486165,2.0,0.0018502678414689,1.0986122886681098,9.677307572731472,46.52600514172188,1154.777470426933,0.5619834710743802,0.4380165289256198,0.0,0.0,10,1000.0,0.0,0.0,0.0,0.4,8.144,0.029,55.66,0.0,0,0,0,E001,2005-07-26 reconstructed 15-minute hyetograph; 108 intervals,944.181998744607,250.38599395751956,431.6999950408936,649.2999992370605,866.5999999046326,943.2999987602234,69.0719985961914,250.38599395751956,1.1574311256408691,0.0,2.1770119667053223,0.4076867997646332,894.4073503311663,894.4073503311663,,HYDRAULIC_PROXY; direct SWMM where mapped; street-surface states unavailable,UNVALIDATED_NO_EVENT_MATCHED_HYDRAULIC_OBSERVATIONS,RAINFALL_RECONSTRUCTED_15MIN; grid represents Phase 1 pilot coverage,Reconstructed E001 hyetograph; source rainfall is IMD three-hour observations,Unavailable; no street coupling,Phase 2A historical_2005 normalized SWMM output,True,PILOT_SUBCATCHMENT_ASSIGNED,1,historical_2005,terra05-swmm-v1.0.0,GIS + Phase 2B SWMM; rainfall reconstructed,139_1055
30217,L,0,0.0,2,17.788258870442707,6.51130845811632,2.0,0.0018502678414689,1.0986122886681098,20.46656941703555,22.82315597706905,1099.5889260111255,0.8181818181818182,0.140495867768595,0.0,0.0,13,1300.0,0.0,0.0,0.0,0.4,7.469,0.061,80.18,102.0,0,0,1,E001,2005-07-26 reconstructed 15-minute hyetograph; 108 intervals,944.181998744607,250.38599395751956,431.6999950408936,649.2999992370605,866.5999999046326,943.2999987602234,69.0719985961914,250.38599395751956,1.493840575218201,0.0,18.567934036254883,3.18792724609375,922.9269133885824,922.9269133885824,,HYDRAULIC_PROXY; direct SWMM where mapped; street-surface states unavailable,UNVALIDATED_NO_EVENT_MATCHED_HYDRAULIC_OBSERVATIONS,RAINFALL_RECONSTRUCTED_15MIN; grid represents Phase 1 pilot coverage,Reconstructed E001 hyetograph; source rainfall is IMD three-hour observations,Unavailable; no street coupling,Phase 2A historical_2005 normalized SWMM output,True,PILOT_SUBCATCHMENT_ASSIGNED,1,historical_2005,terra05-swmm-v1.0.0,GIS + Phase 2B SWMM; rainfall reconstructed,139_1055
30218,L,0,0.0,2,20.40452067057292,6.142525566948785,2.0,0.0018502678414689,1.0986122886681098,0.0,119.51943042805536,1051.0378709670626,0.950413223140496,0.0495867768595041,0.0,0.0,5,500.0,0.0,0.0,0.0,0.4,7.527,0.0,95.04,0.0,0,0,0,E001,2005-07-26 reconstructed 15-minute hyetograph; 108 intervals,944.181998744607,250.38599395751956,431.6999950408936,649.2999992370605,866.5999999046326,943.2999987602234,69.0719985961914,250.38599395751956,0.952601432800293,0.0,17.291261672973633,2.7232484817504883,937.663597744904,937.663597744904,,HYDRAULIC_PROXY; direct SWMM where mapped; street-surface states unavailable,UNVALIDATED_NO_EVENT_MATCHED_HYDRAULIC_OBSERVATIONS,RAINFALL_RECONSTRUCTED_15MIN; grid represents Phase 1 pilot coverage,Reconstructed E001 hyetograph; source rainfall is IMD three-hour observations,Unavailable; no street coupling,Phase 2A historical_2005 normalized SWMM output,True,PILOT_SUBCATCHMENT_ASSIGNED,1,historical_2005,terra05-swmm-v1.0.0,GIS + Phase 2B SWMM; rainfall reconstructed,139_1055
30219,L,0,0.0,2,17.903672960069443,6.713899400499132,5.0,0.0046256696036723,1.791759469228055,0.0,193.82485752843343,1010.0818809421596,0.4132231404958678,0.5206611570247934,0.0,0.0,5,500.0,0.0,0.0,0.0,0.4,8.354,0.0,41.32,0.0,0,0,0,E001,2005-07-26 reconstructed 15-minute hyetograph; 108 intervals,944.181998744607,250.38599395751956,431.6999950408936,649.2999992370605,866.5999999046326,943.2999987602234,69.0719985961914,250.38599395751956,8.205696105957031,0.0,9.641439437866213,4.28460693359375,877.8999138771176,877.8999138771176,,HYDRAULIC_PROXY; direct SWMM where mapped; street-surface states unavailable,UNVALIDATED_NO_EVENT_MATCHED_HYDRAULIC_OBSERVATIONS,RAINFALL_RECONSTRUCTED_15MIN; grid represents Phase 1 pilot coverage,Reconstructed E001 hyetograph; source rainfall is IMD three-hour observations,Unavailable; no street coupling,Phase 2A historical_2005 normalized SWMM output,True,PILOT_SUBCATCHMENT_ASSIGNED,1,historical_2005,terra05-swmm-v1.0.0,GIS + Phase 2B SWMM; rainfall reconstructed,139_1055
30220,L,0,0.0,2,27.701202392578125,9.461873372395834,3.0,0.0027754017622034,1.3862943611198906,0.0,154.0159585502938,977.6759208491972,0.7851239669421488,0.2148760330578512,0.0,0.0,22,2200.0,0.0,0.0,0.0,0.4,7.496,0.0,78.51,89.9,0,0,1,E001,2005-07-26 reconstructed 15-minute hyetograph; 108 intervals,944.181998744607,250.38599395751956,431.6999950408936,649.2999992370605,866.5999999046326,943.2999987602234,69.0719985961914,250.38599395751956,5.984843254089356,0.0,9.069134712219238,4.030277729034424,919.2367019441732,919.2367019441732,,HYDRAULIC_PROXY; direct SWMM where mapped; street-surface states unavailable,UNVALIDATED_NO_EVENT_MATCHED_HYDRAULIC_OBSERVATIONS,RAINFALL_RECONSTRUCTED_15MIN; grid represents Phase 1 pilot coverage,Reconstructed E001 hyetograph; source rainfall is IMD three-hour observations,Unavailable; no street coupling,Phase 2A historical_2005 normalized SWMM output,True,PILOT_SUBCATCHMENT_ASSIGNED,1,historical_2005,terra05-swmm-v1.0.0,GIS + Phase 2B SWMM; rainfall reconstructed,139_1055
30221,L,0,0.0,2,32.929958767361114,4.012155320909288,1.0,0.0009251339207344,0.6931471805599453,0.0,126.6327542132618,954.691052754241,0.9256198347107438,0.0743801652892562,0.0,0.0,24,2400.0,0.0,0.0,0.0,0.4,7.262,0.0,92.56,139.3,0,0,1,E001,2005-07-26 reconstructed 15-minute hyetograph; 108 intervals,944.181998744607,250.38599395751956,431.6999950408936,649.2999992370605,866.5999999046326,943.2999987602234,69.0719985961914,250.38599395751956,6.657193660736084,0.0,7.634226322174072,3.3926117420196533,934.9281866793896,934.9281866793896,,HYDRAULIC_PROXY; direct SWMM where mapped; street-surface states unavailable,UNVALIDATED_NO_EVENT_MATCHED_HYDRAULIC_OBSERVATIONS,RAINFALL_RECONSTRUCTED_15MIN; grid represents Phase 1 pilot coverage,Reconstructed E001 hyetograph; source rainfall is IMD three-hour observations,Unavailable; no street coupling,Phase 2A historical_2005 normalized SWMM output,True,PILOT_SUBCATCHMENT_ASSIGNED,1,historical_2005,terra05-swmm-v1.0.0,GIS + Phase 2B SWMM; rainfall reconstructed,139_1055
30242,L,0,0.0,2,15.424079047309029,2.131564670138889,2647.0,2.4488294881841446,7.881559917056899,8.872991997363103,40.53697012528576,1528.3504117271914,0.9586776859504132,0.024793388429752,0.0,0.0,12,1200.0,0.0,0.0,0.0,0.4,15.777,0.027,95.02,98.2,0,0,0,E001,2005-07-26 reconstructed 15-minute hyetograph; 108 intervals,944.181998744607,250.38599395751956,431.6999950408936,649.2999992370605,866.5999999046326,943.2999987602234,69.0719985961914,250.38599395751956,0.249574527144432,0.0,1.533614993095398,0.955139935016632,938.7051834468728,938.7051834468728,,HYDRAULIC_PROXY; direct SWMM where mapped; street-surface states unavailable,UNVALIDATED_NO_EVENT_MATCHED_HYDRAULIC_OBSERVATIONS,RAINFALL_RECONSTRUCTED_15MIN; grid represents Phase 1 pilot coverage,Reconstructed E001 hyetograph; source rainfall is IMD three-hour observations,Unavailable; no street coupling,Phase 2A historical_2005 normalized SWMM output,True,PILOT_SUBCATCHMENT_ASSIGNED,1,historical_2005,terra05-swmm-v1.0.0,GIS + Phase 2B SWMM; rainfall reconstructed,139_1057
30243,L,0,0.0,2,19.796549479166668,4.607726626925999,1.0,0.0009251339207344,0.6931471805599453,0.0,111.31863193545428,1513.3232963316907,0.975206611570248,0.024793388429752,0.0,0.0,31,3100.0,0.0,0.0,0.0,0.4,7.124,0.0,97.52,219.2,0,0,1,E001,2005-07-26 reconstructed 15-minute hyetograph; 108 intervals,944.181998744607,250.38599395751956,431.6999950408936,649.2999992370605,866.5999999046326,943.2999987602234,69.0719985961914,250.38599395751956,3.035433053970337,0.0,33.84453582763672,3.948286771774292,940.4389135649396,940.4389135649396,,HYDRAULIC_PROXY; direct SWMM where mapped; street-surface states unavailable,UNVALIDATED_NO_EVENT_MATCHED_HYDRAULIC_OBSERVATIONS,RAINFALL_RECONSTRUCTED_15MIN; grid represents Phase 1 pilot coverage,Reconstructed E001 hyetograph; source rainfall is IMD three-hour observations,Unavailable; no street coupling,Phase 2A historical_2005 normalized SWMM output,True,PILOT_SUBCATCHMENT_ASSIGNED,1,historical_2005,terra05-swmm-v1.0.0,GIS + Phase 2B SWMM; rainfall reconstructed,139_1057
30244,L,0,0.0,2,25.830535888671875,7.4049866994222,1.0,0.0009251339207344,0.6931471805599453,0.0,128.47061467102185,1503.5442192435062,1.0,0.0,0.0,0.0,11,1100.0,0.0,0.0,0.0,0.4,6.646,0.0,100.0,0.0,0,0,0,E001,2005-07-26 reconstructed 15-minute hyetograph; 108 intervals,944.181998744607,250.38599395751956,431.6999950408936,649.2999992370605,866.5999999046326,943.2999987602234,69.0719985961914,250.38599395751956,3.1638786792755127,0.0,30.785852432250977,6.353441715240479,943.0322233086916,943.0322233086916,,HYDRAULIC_PROXY; direct SWMM where mapped; street-surface states unavailable,UNVALIDATED_NO_EVENT_MATCHED_HYDRAULIC_OBSERVATIONS,RAINFALL_RECONSTRUCTED_15MIN; grid represents Phase 1 pilot coverage,Reconstructed E001 hyetograph; source rainfall is IMD three-hour observations,Unavailable; no street coupling,Phase 2A historical_2005 normalized SWMM output,True,PILOT_SUBCATCHMENT_ASSIGNED,1,historical_2005,terra05-swmm-v1.0.0,GIS + Phase 2B SWMM; rainfall reconstructed,139_1057
30245,L,0,0.0,2,23.48092820909288,4.746827019585504,1.0,0.0009251339207344,0.6931471805599453,0.0,155.93104406386686,1474.2075554913456,1.0,0.0,0.0,0.0,27,2700.0,0.0,0.0,0.0,0.4,7.094,0.0,100.0,101.7,0,0,1,E001,2005-07-26 reconstructed 15-minute hyetograph; 108 intervals,944.181998744607,250.38599395751956,431.6999950408936,649.2999992370605,866.5999999046326,943.2999987602234,69.0719985961914,250.38599395751956,6.048128128051758,0.0,24.915939331054688,5.536258697509766,943.1019176201514,943.1019176201514,,HYDRAULIC_PROXY; direct SWMM where mapped; street-surface states unavailable,UNVALIDATED_NO_EVENT_MATCHED_HYDRAULIC_OBSERVATIONS,RAINFALL_RECONSTRUCTED_15MIN; grid represents Phase 1 pilot coverage,Reconstructed E001 hyetograph; source rainfall is IMD three-hour observations,Unavailable; no street coupling,Phase 2A historical_2005 normalized SWMM output,True,PILOT_SUBCATCHMENT_ASSIGNED,1,historical_2005,terra05-swmm-v1.0.0,GIS + Phase 2B SWMM; rainfall reconstructed,139_1057
30246,L,0,0.0,2,22.188805474175343,3.2170728047688804,36.0,0.0333048211464409,3.610917912644224,0.0,190.69914422445623,1440.1622683899272,0.9421487603305784,0.0495867768595041,0.0,0.0,17,1700.0,0.0,0.0,0.0,0.4,11.067,0.0,94.21,135.5,0,0,1,E001,2005-07-26 reconstructed 15-minute hyetograph; 108 intervals,944.181998744607,250.38599395751956,431.6999950408936,649.2999992370605,866.5999999046326,943.2999987602234,69.0719985961914,250.38599395751956,9.411399841308594,86948.6866235733,42.87131881713867,14.977828025817873,936.800855655965,936.800855655965,,HYDRAULIC_PROXY; direct SWMM where mapped; street-surface states unavailable,UNVALIDATED_NO_EVENT_MATCHED_HYDRAULIC_OBSERVATIONS,RAINFALL_RECONSTRUCTED_15MIN; grid represents Phase 1 pilot coverage,Reconstructed E001 hyetograph; source rainfall is IMD three-hour observations,Unavailable; no street coupling,Phase 2A historical_2005 normalized SWMM output,True,PILOT_SUBCATCHMENT_ASSIGNED,1,historical_2005,terra05-swmm-v1.0.0,GIS + Phase 2B SWMM; rainfall reconstructed,139_1057
30247,L,0,0.0,2,25.910688612196186,6.730351342095269,1.0,0.0009251339207344,0.6931471805599453,0.0,231.21258920246032,1410.673973423558,0.859504132231405,0.140495867768595,0.0,0.0,25,2500.0,0.0,0.0,0.0,0.4,6.742,0.0,85.95,0.0,0,0,1,E001,2005-07-26 reconstructed 15-minute hyetograph; 108 intervals,944.181998744607,250.38599395751956,431.6999950408936,649.2999992370605,866.5999999046326,943.2999987602234,69.0719985961914,250.38599395751956,23.27560043334961,3763.9668703079215,40.58124923706055,12.747952461242676,927.5217698115008,927.5217698115008,,HYDRAULIC_PROXY; direct SWMM where mapped; street-surface states unavailable,UNVALIDATED_NO_EVENT_MATCHED_HYDRAULIC_OBSERVATIONS,RAINFALL_RECONSTRUCTED_15MIN; grid represents Phase 1 pilot coverage,Reconstructed E001 hyetograph; source rainfall is IMD three-hour observations,Unavailable; no street coupling,Phase 2A historical_2005 normalized SWMM output,True,PILOT_SUBCATCHMENT_ASSIGNED,1,historical_2005,terra05-swmm-v1.0.0,GIS + Phase 2B SWMM; rainfall reconstructed,139_1057
30248,L,0,0.0,2,25.98775736490885,4.10264778137207,1.0,0.0009251339207344,0.6931471805599453,0.0,290.16392161394486,1387.7805155337774,0.4132231404958678,0.5619834710743802,0.0,0.0,15,1500.0,0.0,0.0,0.0,0.4,7.24,0.0,41.32,0.0,0,0,0,E001,2005-07-26 reconstructed 15-minute hyetograph; 108 intervals,944.181998744607,250.38599395751956,431.6999950408936,649.2999992370605,866.5999999046326,943.2999987602234,69.0719985961914,250.38599395751956,23.27560043334961,3763.9668703079215,40.58124923706055,12.747952461242676,877.7225402063048,877.7225402063048,,HYDRAULIC_PROXY; direct SWMM where mapped; street-surface states unavailable,UNVALIDATED_NO_EVENT_MATCHED_HYDRAULIC_OBSERVATIONS,RAINFALL_RECONSTRUCTED_15MIN; grid represents Phase 1 pilot coverage,Reconstructed E001 hyetograph; source rainfall is IMD three-hour observations,Unavailable; no street coupling,Phase 2A historical_2005 normalized SWMM output,True,PILOT_SUBCATCHMENT_ASSIGNED,1,historical_2005,terra05-swmm-v1.0.0,GIS + Phase 2B SWMM; rainfall reconstructed,139_1057
30249,L,0,0.0,2,26.26929050021701,2.9033114115397134,1.0,0.0009251339207344,0.6931471805599453,0.0,367.329472554356,1371.8121078689255,0.5454545454545454,0.3553719008264462,0.0,0.0,12,1200.0,0.0,0.0,0.0,0.4,7.587,0.0,54.55,124.8,0,0,1,E001,2005-07-26 reconstructed 15-minute hyetograph; 108 intervals,944.181998744607,250.38599395751956,431.6999950408936,649.2999992370605,866.5999999046326,943.2999987602234,69.0719985961914,250.38599395751956,23.27560043334961,3763.9668703079215,40.58124923706055,12.747952461242676,892.5165416909292,892.5165416909292,,HYDRAULIC_PROXY; direct SWMM where mapped; street-surface states unavailable,UNVALIDATED_NO_EVENT_MATCHED_HYDRAULIC_OBSERVATIONS,RAINFALL_RECONSTRUCTED_15MIN; grid represents Phase 1 pilot coverage,Reconstructed E001 hyetograph; source rainfall is IMD three-hour observations,Unavailable; no street coupling,Phase 2A historical_2005 normalized SWMM output,True,PILOT_SUBCATCHMENT_ASSIGNED,1,historical_2005,terra05-swmm-v1.0.0,GIS + Phase 2B SWMM; rainfall reconstructed,139_1057
30250,L,0,0.0,2,26.169513278537327,4.99950451321072,6.0,0.0055508035244068,1.9459101490553128,0.0,453.5049960118843,1363.0121640309644,0.8925619834710744,0.0991735537190082,0.0,0.0,8,800.0,0.0,0.0,0.0,0.4,8.833,0.0,89.26,0.0,0,0,0,E001,2005-07-26 reconstructed 15-minute hyetograph; 108 intervals,944.181998744607,250.38599395751956,431.6999950408936,649.2999992370605,866.5999999046326,943.2999987602234,69.0719985961914,250.38599395751956,23.27560043334961,3763.9668703079215,40.58124923706055,12.747952461242676,931.2240378725252,931.2240378725252,,HYDRAULIC_PROXY; direct SWMM where mapped; street-surface states unavailable,UNVALIDATED_NO_EVENT_MATCHED_HYDRAULIC_OBSERVATIONS,RAINFALL_RECONSTRUCTED_15MIN; grid represents Phase 1 pilot coverage,Reconstructed E001 hyetograph; source rainfall is IMD three-hour observations,Unavailable; no street coupling,Phase 2A historical_2005 normalized SWMM output,True,PILOT_SUBCATCHMENT_ASSIGNED,1,historical_2005,terra05-swmm-v1.0.0,GIS + Phase 2B SWMM; rainfall reconstructed,139_1057
30251,L,0,0.0,2,34.22477467854818,10.315968831380207,1.0,0.0009251339207344,0.6931471805599453,0.0,544.4287110434359,1361.5196874437625,0.8264462809917356,0.1239669421487603,0.0,0.0,6,600.0,0.0,0.0,0.0,0.4,6.309,0.0,82.64,100.4,0,0,1,E001,2005-07-26 reconstructed 15-minute hyetograph; 108 intervals,944.181998744607,250.38599395751956,431.6999950408936,649.2999992370605,866.5999999046326,943.2999987602234,69.0719985961914,250.38599395751956,23.27560043334961,3763.9668703079215,40.58124923706055,12.747952461242676,923.8290870041964,923.8290870041964,,HYDRAULIC_PROXY; direct SWMM where mapped; street-surface states unavailable,UNVALIDATED_NO_EVENT_MATCHED_HYDRAULIC_OBSERVATIONS,RAINFALL_RECONSTRUCTED_15MIN; grid represents Phase 1 pilot coverage,Reconstructed E001 hyetograph; source rainfall is IMD three-hour observations,Unavailable; no street coupling,Phase 2A historical_2005 normalized SWMM output,True,PILOT_SUBCATCHMENT_ASSIGNED,1,historical_2005,terra05-swmm-v1.0.0,GIS + Phase 2B SWMM; rainfall reconstructed,139_1057
30252,L,0,0.0,2,29.10697089301216,12.549389309353298,4.0,0.0037005356829378,1.6094379124341005,0.0,614.7428720396558,1367.358606693046,0.2809917355371901,0.5454545454545454,0.0,0.0,10,1000.0,0.0,0.0,0.0,0.4,7.494,0.0,28.1,0.0,0,0,0,E001,2005-07-26 reconstructed 15-minute hyetograph; 108 intervals,944.181998744607,250.38599395751956,431.6999950408936,649.2999992370605,866.5999999046326,943.2999987602234,69.0719985961914,250.38599395751956,23.27560043334961,3763.9668703079215,40.58124923706055,12.747952461242676,863.314590499285,863.314590499285,,HYDRAULIC_PROXY; direct SWMM where mapped; street-surface states unavailable,UNVALIDATED_NO_EVENT_MATCHED_HYDRAULIC_OBSERVATIONS,RAINFALL_RECONSTRUCTED_15MIN; grid represents Phase 1 pilot coverage,Reconstructed E001 hyetograph; source rainfall is IMD three-hour observations,Unavailable; no street coupling,Phase 2A historical_2005 normalized SWMM output,True,PILOT_SUBCATCHMENT_ASSIGNED,1,historical_2005,terra05-swmm-v1.0.0,GIS + Phase 2B SWMM; rainfall reconstructed,139_1057
30253,L,0,0.0,2,31.409742567274307,10.72751956515842,1.0,0.0009251339207344,0.6931471805599453,0.0,586.2632844755153,1380.2504826120032,0.3553719008264462,0.6446280991735537,0.0,0.0,7,700.0,0.0,0.0,0.0,0.4,6.269,0.0,35.54,0.0,0,0,0,E001,2005-07-26 reconstructed 15-minute hyetograph; 108 intervals,944.181998744607,250.38599395751956,431.6999950408936,649.2999992370605,866.5999999046326,943.2999987602234,69.0719985961914,250.38599395751956,23.27560043334961,3763.9668703079215,40.58124923706055,12.747952461242676,871.5672600352989,871.5672600352989,,HYDRAULIC_PROXY; direct SWMM where mapped; street-surface states unavailable,UNVALIDATED_NO_EVENT_MATCHED_HYDRAULIC_OBSERVATIONS,RAINFALL_RECONSTRUCTED_15MIN; grid represents Phase 1 pilot coverage,Reconstructed E001 hyetograph; source rainfall is IMD three-hour observations,Unavailable; no street coupling,Phase 2A historical_2005 normalized SWMM output,True,PILOT_SUBCATCHMENT_ASSIGNED,1,historical_2005,terra05-swmm-v1.0.0,GIS + Phase 2B SWMM; rainfall reconstructed,139_1057
30254,L,0,0.0,2,36.9188469780816,10.495157029893663,1.0,0.0009251339207344,0.6931471805599453,0.0,574.0213225346889,1400.05274713181,0.7933884297520661,0.1818181818181818,0.0,0.0,19,1900.0,0.0,0.0,0.0,0.4,6.291,0.0,79.34,0.0,0,0,1,E001,2005-07-26 reconstructed 15-minute hyetograph; 108 intervals,944.181998744607,250.38599395751956,431.6999950408936,649.2999992370605,866.5999999046326,943.2999987602234,69.0719985961914,250.38599395751956,6.990200042724609,399302.5978446007,31.28599739074707,5.213752269744873,920.1548043458748,920.1548043458748,,HYDRAULIC_PROXY; direct SWMM where mapped; street-surface states unavailable,UNVALIDATED_NO_EVENT_MATCHED_HYDRAULIC_OBSERVATIONS,RAINFALL_RECONSTRUCTED_15MIN; grid represents Phase 1 pilot coverage,Reconstructed E001 hyetograph; source rainfall is IMD three-hour observations,Unavailable; no street coupling,Phase 2A historical_2005 normalized SWMM output,True,PILOT_SUBCATCHMENT_ASSIGNED,1,historical_2005,terra05-swmm-v1.0.0,GIS + Phase 2B SWMM; rainfall reconstructed,139_1057
30255,L,0,0.0,2,28.897674560546875,7.52140744527181,1.0,0.0009251339207344,0.6931471805599453,0.0,579.0477689490978,1426.605760100522,0.8264462809917356,0.140495867768595,0.0,0.0,16,1600.0,0.0,0.0,0.0,0.4,6.63,0.0,82.64,86.1,0,0,1,E001,2005-07-26 reconstructed 15-minute hyetograph; 108 intervals,944.181998744607,250.38599395751956,431.6999950408936,649.2999992370605,866.5999999046326,943.2999987602234,69.0719985961914,250.38599395751956,6.990200042724609,399302.5978446007,36.71260833740234,6.118086814880371,923.8401427940696,923.8401427940696,,HYDRAULIC_PROXY; direct SWMM where mapped; street-surface states unavailable,UNVALIDATED_NO_EVENT_MATCHED_HYDRAULIC_OBSERVATIONS,RAINFALL_RECONSTRUCTED_15MIN; grid represents Phase 1 pilot coverage,Reconstructed E001 hyetograph; source rainfall is IMD three-hour observations,Unavailable; no street coupling,Phase 2A historical_2005 normalized SWMM output,True,PILOT_SUBCATCHMENT_ASSIGNED,1,historical_2005,terra05-swmm-v1.0.0,GIS + Phase 2B SWMM; rainfall reconstructed,139_1057
30256,L,0,0.0,2,21.417677137586807,1.978795369466145,1.0,0.0009251339207344,0.6931471805599453,0.0,542.3930768364684,1457.1805300426677,0.8264462809917356,0.1157024793388429,0.0,0.0,31,3100.0,0.0,0.0,0.0,0.4,7.971,0.0,82.64,21.4,0,0,1,E001,2005-07-26 reconstructed 15-minute hyetograph; 108 intervals,944.181998744607,250.38599395751956,431.6999950408936,649.2999992370605,866.5999999046326,943.2999987602234,69.0719985961914,250.38599395751956,6.990200042724609,399302.5978446007,31.28599739074707,5.213752269744873,923.9726490559405,923.9726490559405,,HYDRAULIC_PROXY; direct SWMM where mapped; street-surface states unavailable,UNVALIDATED_NO_EVENT_MATCHED_HYDRAULIC_OBSERVATIONS,RAINFALL_RECONSTRUCTED_15MIN; grid represents Phase 1 pilot coverage,Reconstructed E001 hyetograph; source rainfall is IMD three-hour observations,Unavailable; no street coupling,Phase 2A historical_2005 normalized SWMM output,True,PILOT_SUBCATCHMENT_ASSIGNED,1,historical_2005,terra05-swmm-v1.0.0,GIS + Phase 2B SWMM; rainfall reconstructed,139_1057
30257,L,0,0.0,2,22.60393439398872,6.0790994432237415,3.0,0.0027754017622034,1.3862943611198906,0.0,491.0238664879665,1483.443459366036,0.9363636363636364,0.0545454545454545,0.0,0.0,22,2200.0,0.0,0.0,0.0,0.4,7.943,0.0,93.64,41.5,0,1,1,E001,2005-07-26 reconstructed 15-minute hyetograph; 108 intervals,944.181998744607,250.38599395751956,431.6999950408936,649.2999992370605,866.5999999046326,943.2999987602234,69.0719985961914,250.38599395751956,6.990200042724609,399302.5978446007,36.71260833740234,6.118086814880371,936.0990768767076,936.0990768767076,,HYDRAULIC_PROXY; direct SWMM where mapped; street-surface states unavailable,UNVALIDATED_NO_EVENT_MATCHED_HYDRAULIC_OBSERVATIONS,RAINFALL_RECONSTRUCTED_15MIN; grid represents Phase 1 pilot coverage,Reconstructed E001 hyetograph; source rainfall is IMD three-hour observations,Unavailable; no street coupling,Phase 2A historical_2005 normalized SWMM output,True,PILOT_SUBCATCHMENT_ASSIGNED,1,historical_2005,terra05-swmm-v1.0.0,GIS + Phase 2B SWMM; rainfall reconstructed,139_1057
30258,L,0,0.0,2,35.7134755452474,11.169080098470053,1.0,0.0009251339207344,0.6931471805599453,0.0,442.22723470987256,1515.8607776231677,0.9421487603305784,0.0578512396694214,0.0,0.0,7,700.0,0.0,0.0,0.0,0.4,6.227,0.0,94.21,0.0,0,0,0,E001,2005-07-26 reconstructed 15-minute hyetograph; 108 intervals,944.181998744607,250.38599395751956,431.6999950408936,649.2999992370605,866.5999999046326,943.2999987602234,69.0719985961914,250.38599395751956,6.990200042724609,399302.5978446007,31.28599739074707,5.213752269744873,936.715224024592,936.715224024592,,HYDRAULIC_PROXY; direct SWMM where mapped; street-surface states unavailable,UNVALIDATED_NO_EVENT_MATCHED_HYDRAULIC_OBSERVATIONS,RAINFALL_RECONSTRUCTED_15MIN; grid represents Phase 1 pilot coverage,Reconstructed E001 hyetograph; source rainfall is IMD three-hour observations,Unavailable; no street coupling,Phase 2A historical_2005 normalized SWMM output,True,PILOT_SUBCATCHMENT_ASSIGNED,1,historical_2005,terra05-swmm-v1.0.0,GIS + Phase 2B SWMM; rainfall reconstructed,139_1057
30259,L,0,0.0,2,29.35089111328125,13.16430409749349,112.0,0.1036149991222607,4.727387818712341,0.0,408.4859448251411,1554.047392178487,0.5785123966942148,0.3636363636363636,0.0,0.0,6,600.0,0.0,0.0,0.0,0.4,10.777,0.0,57.85,0.0,0,0,0,E001,2005-07-26 reconstructed 15-minute hyetograph; 108 intervals,944.181998744607,250.38599395751956,431.6999950408936,649.2999992370605,866.5999999046326,943.2999987602234,69.0719985961914,250.38599395751956,6.990200042724609,399302.5978446007,36.71260833740234,6.118086814880371,896.3382207536777,896.3382207536777,,HYDRAULIC_PROXY; direct SWMM where mapped; street-surface states unavailable,UNVALIDATED_NO_EVENT_MATCHED_HYDRAULIC_OBSERVATIONS,RAINFALL_RECONSTRUCTED_15MIN; grid represents Phase 1 pilot coverage,Reconstructed E001 hyetograph; source rainfall is IMD three-hour observations,Unavailable; no street coupling,Phase 2A historical_2005 normalized SWMM output,True,PILOT_SUBCATCHMENT_ASSIGNED,1,historical_2005,terra05-swmm-v1.0.0,GIS + Phase 2B SWMM; rainfall reconstructed,139_1057
30260,L,0,0.0,2,31.59600830078125,5.364593505859375,1.0,0.0009251339207344,0.6931471805599453,0.0,397.68908348134937,1597.589652300364,0.9256198347107438,0.0661157024793388,0.0,0.0,7,700.0,0.0,0.0,0.0,0.4,6.971,0.0,92.56,100.4,0,0,1,E001,2005-07-26 reconstructed 15-minute hyetograph; 108 intervals,944.181998744607,250.38599395751956,431.6999950408936,649.2999992370605,866.5999999046326,943.2999987602234,69.0719985961914,250.38599395751956,6.990200042724609,399302.5978446007,36.71260833740234,6.118086814880371,934.9090789340696,934.9090789340696,,HYDRAULIC_PROXY; direct SWMM where mapped; street-surface states unavailable,UNVALIDATED_NO_EVENT_MATCHED_HYDRAULIC_OBSERVATIONS,RAINFALL_RECONSTRUCTED_15MIN; grid represents Phase 1 pilot coverage,Reconstructed E001 hyetograph; source rainfall is IMD three-hour observations,Unavailable; no street coupling,Phase 2A historical_2005 normalized SWMM output,True,PILOT_SUBCATCHMENT_ASSIGNED,1,historical_2005,terra05-swmm-v1.0.0,GIS + Phase 2B SWMM; rainfall reconstructed,139_1057
30261,L,0,0.0,2,32.73420206705729,6.425546010335286,1.0,0.0009251339207344,0.6931471805599453,0.0,411.6460216263278,1646.062604258307,0.9256198347107438,0.0661157024793388,0.0,0.0,7,700.0,0.0,0.0,0.0,0.4,6.789,0.0,92.56,0.0,0,0,0,E001,2005-07-26 reconstructed 15-minute hyetograph; 108 intervals,944.181998744607,250.38599395751956,431.6999950408936,649.2999992370605,866.5999999046326,943.2999987602234,69.0719985961914,250.38599395751956,6.990200042724609,399302.5978446007,36.71260833740234,6.118086814880371,934.897365126162,934.897365126162,,HYDRAULIC_PROXY; direct SWMM where mapped; street-surface states unavailable,UNVALIDATED_NO_EVENT_MATCHED_HYDRAULIC_OBSERVATIONS,RAINFALL_RECONSTRUCTED_15MIN; grid represents Phase 1 pilot coverage,Reconstructed E001 hyetograph; source rainfall is IMD three-hour observations,Unavailable; no street coupling,Phase 2A historical_2005 normalized SWMM output,True,PILOT_SUBCATCHMENT_ASSIGNED,1,historical_2005,terra05-swmm-v1.0.0,GIS + Phase 2B SWMM; rainfall reconstructed,139_1057
30262,L,0,0.0,2,25.275777180989586,7.397860209147136,6642.0,6.144739501518355,8.80131894766524,0.0,448.0494248644122,1699.0442893397692,0.9090909090909092,0.0743801652892562,0.0,0.0,8,800.0,0.0,0.0,0.0,0.4,15.448,0.0,90.91,17.5,0,0,0,E001,2005-07-26 reconstructed 15-minute hyetograph; 108 intervals,944.181998744607,250.38599395751956,431.6999950408936,649.2999992370605,866.5999999046326,943.2999987602234,69.0719985961914,250.38599395751956,5.475796699523926,0.0,22.11002349853516,6.147820472717285,933.0463639376828,933.0463639376828,,HYDRAULIC_PROXY; direct SWMM where mapped; street-surface states unavailable,UNVALIDATED_NO_EVENT_MATCHED_HYDRAULIC_OBSERVATIONS,RAINFALL_RECONSTRUCTED_15MIN; grid represents Phase 1 pilot coverage,Reconstructed E001 hyetograph; source rainfall is IMD three-hour observations,Unavailable; no street coupling,Phase 2A historical_2005 normalized SWMM output,True,PILOT_SUBCATCHMENT_ASSIGNED,1,historical_2005,terra05-swmm-v1.0.0,GIS + Phase 2B SWMM; rainfall reconstructed,139_1058
30488,L,0,0.0,2,4.6059004465738935,1.069259484608968,3.0,0.0027754017622034,1.3862943611198906,0.0,212.38295840911627,1694.408907614326,0.1272727272727272,0.8727272727272727,0.0,0.0,4,400.0,0.0,0.0,0.0,0.4,9.685,0.0,12.73,0.0,1,0,1,E001,2005-07-26 reconstructed 15-minute hyetograph; 108 intervals,944.181998744607,250.38599395751956,431.6999950408936,649.2999992370605,866.5999999046326,943.2999987602234,69.0719985961914,250.38599395751956,1.807134866714477,0.0,6.237218856811523,0.4584658741950989,842.7630794537251,842.7630794537251,,HYDRAULIC_PROXY; direct SWMM where mapped; street-surface states unavailable,UNVALIDATED_NO_EVENT_MATCHED_HYDRAULIC_OBSERVATIONS,RAINFALL_RECONSTRUCTED_15MIN; grid represents Phase 1 pilot coverage,Reconstructed E001 hyetograph; source rainfall is IMD three-hour observations,Unavailable; no street coupling,Phase 2A historical_2005 normalized SWMM output,True,PILOT_SUBCATCHMENT_ASSIGNED,1,historical_2005,terra05-swmm-v1.0.0,GIS + Phase 2B SWMM; rainfall reconstructed,139_1055
30489,L,0,0.0,2,5.1865105628967285,0.660234808921814,1.0,0.0009251339207344,0.6931471805599453,0.0,136.17582144979886,1608.2929914053125,0.024793388429752,0.975206611570248,0.0,0.0,1,100.0,0.0,0.0,0.0,0.4,9.069,0.0,2.48,0.0,0,0,0,E001,2005-07-26 reconstructed 15-minute hyetograph; 108 intervals,944.181998744607,250.38599395751956,431.6999950408936,649.2999992370605,866.5999999046326,943.2999987602234,69.0719985961914,250.38599395751956,1.7341678142547607,0.0,5.973095417022705,0.4478204548358917,828.8420901957577,828.8420901957577,,HYDRAULIC_PROXY; direct SWMM where mapped; street-surface states unavailable,UNVALIDATED_NO_EVENT_MATCHED_HYDRAULIC_OBSERVATIONS,RAINFALL_RECONSTRUCTED_15MIN; grid represents Phase 1 pilot coverage,Reconstructed E001 hyetograph; source rainfall is IMD three-hour observations,Unavailable; no street coupling,Phase 2A historical_2005 normalized SWMM output,True,PILOT_SUBCATCHMENT_ASSIGNED,1,historical_2005,terra05-swmm-v1.0.0,GIS + Phase 2B SWMM; rainfall reconstructed,139_1055
30490,L,0,0.0,2,5.212432225545247,2.954654057820638,4.0,0.0037005356829378,1.6094379124341005,4.518247270053421,59.38541896581668,1523.873730400299,0.1652892561983471,0.8347107438016529,0.0,0.0,9,900.0,0.0,0.0,0.0,0.4,8.955,0.014,16.45,34.6,0,0,0,E001,2005-07-26 reconstructed 15-minute hyetograph; 108 intervals,944.181998744607,250.38599395751956,431.6999950408936,649.2999992370605,866.5999999046326,943.2999987602234,69.0719985961914,250.38599395751956,1.975302696228028,0.0,5.197554588317871,0.4379197657108307,849.1175887112328,849.1175887112328,,HYDRAULIC_PROXY; direct SWMM where mapped; street-surface states unavailable,UNVALIDATED_NO_EVENT_MATCHED_HYDRAULIC_OBSERVATIONS,RAINFALL_RECONSTRUCTED_15MIN; grid represents Phase 1 pilot coverage,Reconstructed E001 hyetograph; source rainfall is IMD three-hour observations,Unavailable; no street coupling,Phase 2A historical_2005 normalized SWMM output,True,PILOT_SUBCATCHMENT_ASSIGNED,1,historical_2005,terra05-swmm-v1.0.0,GIS + Phase 2B SWMM; rainfall reconstructed,139_1055
30491,L,0,0.0,2,5.525993347167969,1.840747833251953,5.0,0.0046256696036723,1.791759469228055,24.84040519713672,6.945810476271816,1441.449252039349,0.1652892561983471,0.8347107438016529,0.0,0.0,5,500.0,0.0,0.0,0.0,0.4,9.652,0.075,16.13,76.8,0,0,0,E001,2005-07-26 reconstructed 15-minute hyetograph; 108 intervals,944.181998744607,250.38599395751956,431.6999950408936,649.2999992370605,866.5999999046326,943.2999987602234,69.0719985961914,250.38599395751956,1.8969478607177728,0.0,4.993124961853027,0.5907829999923706,848.3910197585644,848.3910197585644,,HYDRAULIC_PROXY; direct SWMM where mapped; street-surface states unavailable,UNVALIDATED_NO_EVENT_MATCHED_HYDRAULIC_OBSERVATIONS,RAINFALL_RECONSTRUCTED_15MIN; grid represents Phase 1 pilot coverage,Reconstructed E001 hyetograph; source rainfall is IMD three-hour observations,Unavailable; no street coupling,Phase 2A historical_2005 normalized SWMM output,True,PILOT_SUBCATCHMENT_ASSIGNED,1,historical_2005,terra05-swmm-v1.0.0,GIS + Phase 2B SWMM; rainfall reconstructed,139_1055
30492,L,0,0.0,2,15.29857889811198,16.575106302897137,2.0,0.0018502678414689,1.0986122886681098,21.06285322054213,22.91164667276814,1361.381925179512,0.8760330578512396,0.1239669421487603,0.0,0.0,6,600.0,0.0,0.0,0.0,0.4,6.51,0.063,85.8,0.0,0,0,0,E001,2005-07-26 reconstructed 15-minute hyetograph; 108 intervals,944.181998744607,250.38599395751956,431.6999950408936,649.2999992370605,866.5999999046326,943.2999987602234,69.0719985961914,250.38599395751956,1.56147301197052,0.0,4.377397060394287,0.4911815524101257,929.366280453614,929.366280453614,,HYDRAULIC_PROXY; direct SWMM where mapped; street-surface states unavailable,UNVALIDATED_NO_EVENT_MATCHED_HYDRAULIC_OBSERVATIONS,RAINFALL_RECONSTRUCTED_15MIN; grid represents Phase 1 pilot coverage,Reconstructed E001 hyetograph; source rainfall is IMD three-hour observations,Unavailable; no street coupling,Phase 2A historical_2005 normalized SWMM output,True,PILOT_SUBCATCHMENT_ASSIGNED,1,historical_2005,terra05-swmm-v1.0.0,GIS + Phase 2B SWMM; rainfall reconstructed,139_1055
30493,L,0,0.0,2,14.699541091918944,13.264434814453123,3.0,0.0027754017622034,1.3862943611198906,26.8858993506862,20.366895267066205,1284.1127466878245,0.6859504132231405,0.256198347107438,0.0,0.0,5,500.0,0.0,0.0,0.0,0.4,7.149,0.081,66.8,84.1,0,0,0,E001,2005-07-26 reconstructed 15-minute hyetograph; 108 intervals,944.181998744607,250.38599395751956,431.6999950408936,649.2999992370605,866.5999999046326,943.2999987602234,69.0719985961914,250.38599395751956,1.75372576713562,0.0,3.054972887039185,0.6326216459274292,908.2388565845756,908.2388565845756,,HYDRAULIC_PROXY; direct SWMM where mapped; street-surface states unavailable,UNVALIDATED_NO_EVENT_MATCHED_HYDRAULIC_OBSERVATIONS,RAINFALL_RECONSTRUCTED_15MIN; grid represents Phase 1 pilot coverage,Reconstructed E001 hyetograph; source rainfall is IMD three-hour observations,Unavailable; no street coupling,Phase 2A historical_2005 normalized SWMM output,True,PILOT_SUBCATCHMENT_ASSIGNED,1,historical_2005,terra05-swmm-v1.0.0,GIS + Phase 2B SWMM; rainfall reconstructed,139_1055
30494,L,0,0.0,2,9.88209597269694,5.888177235921224,2.0,0.0018502678414689,1.0986122886681098,0.0,74.43886888561258,1210.177815945584,0.5950413223140496,0.3553719008264462,0.0,0.0,6,600.0,0.0,0.0,0.0,0.4,7.57,0.0,59.5,21.0,0,0,0,E001,2005-07-26 reconstructed 15-minute hyetograph; 108 intervals,944.181998744607,250.38599395751956,431.6999950408936,649.2999992370605,866.5999999046326,943.2999987602234,69.0719985961914,250.38599395751956,1.7353763580322266,0.0,0.0930047631263732,0.046558104455471,898.1627892647518,898.1627892647518,,HYDRAULIC_PROXY; direct SWMM where mapped; street-surface states unavailable,UNVALIDATED_NO_EVENT_MATCHED_HYDRAULIC_OBSERVATIONS,RAINFALL_RECONSTRUCTED_15MIN; grid represents Phase 1 pilot coverage,Reconstructed E001 hyetograph; source rainfall is IMD three-hour observations,Unavailable; no street coupling,Phase 2A historical_2005 normalized SWMM output,True,PILOT_SUBCATCHMENT_ASSIGNED,1,historical_2005,terra05-swmm-v1.0.0,GIS + Phase 2B SWMM; rainfall reconstructed,139_1055
30495,L,0,0.0,2,12.873395284016928,2.834933280944824,4.0,0.0037005356829378,1.6094379124341005,0.0,94.84867860902992,1140.2259189333922,0.4214876033057851,0.5785123966942148,0.0,0.0,5,500.0,0.0,0.0,0.0,0.4,8.997,0.0,42.15,0.0,0,0,0,E001,2005-07-26 reconstructed 15-minute hyetograph; 108 intervals,944.181998744607,250.38599395751956,431.6999950408936,649.2999992370605,866.5999999046326,943.2999987602234,69.0719985961914,250.38599395751956,1.1574311256408691,0.0,0.9391264915466307,0.1874272227287292,878.467085120137,878.467085120137,,HYDRAULIC_PROXY; direct SWMM where mapped; street-surface states unavailable,UNVALIDATED_NO_EVENT_MATCHED_HYDRAULIC_OBSERVATIONS,RAINFALL_RECONSTRUCTED_15MIN; grid represents Phase 1 pilot coverage,Reconstructed E001 hyetograph; source rainfall is IMD three-hour observations,Unavailable; no street coupling,Phase 2A historical_2005 normalized SWMM output,True,PILOT_SUBCATCHMENT_ASSIGNED,1,historical_2005,terra05-swmm-v1.0.0,GIS + Phase 2B SWMM; rainfall reconstructed,139_1055
30496,L,0,0.0,2,13.93486785888672,1.4777452945709229,2.0,0.0018502678414689,1.0986122886681098,20.4491413931833,22.461276188451,1075.0348581363182,0.1983471074380165,0.8016528925619835,0.0,0.0,5,500.0,0.0,0.0,0.0,0.4,8.956,0.061,19.44,0.0,0,0,0,E001,2005-07-26 reconstructed 15-minute hyetograph; 108 intervals,944.181998744607,250.38599395751956,431.6999950408936,649.2999992370605,866.5999999046326,943.2999987602234,69.0719985961914,250.38599395751956,1.092050313949585,0.0,0.6788187026977539,0.1721919029951095,851.9023560504136,851.9023560504136,,HYDRAULIC_PROXY; direct SWMM where mapped; street-surface states unavailable,UNVALIDATED_NO_EVENT_MATCHED_HYDRAULIC_OBSERVATIONS,RAINFALL_RECONSTRUCTED_15MIN; grid represents Phase 1 pilot coverage,Reconstructed E001 hyetograph; source rainfall is IMD three-hour observations,Unavailable; no street coupling,Phase 2A historical_2005 normalized SWMM output,True,PILOT_SUBCATCHMENT_ASSIGNED,1,historical_2005,terra05-swmm-v1.0.0,GIS + Phase 2B SWMM; rainfall reconstructed,139_1055
30497,L,0,0.0,2,13.652913411458334,2.877709070841471,5.0,0.0046256696036723,1.791759469228055,27.31274375508813,5.622725999146647,1015.5219082860048,0.9090909090909092,0.0661157024793388,0.0,0.0,7,700.0,0.0,0.0,0.0,0.4,9.205,0.082,88.49,50.8,0,0,0,E001,2005-07-26 reconstructed 15-minute hyetograph; 108 intervals,944.181998744607,250.38599395751956,431.6999950408936,649.2999992370605,866.5999999046326,943.2999987602234,69.0719985961914,250.38599395751956,1.7544389963150024,0.0,6.93412446975708,1.8136966228485107,933.1202881516944,933.1202881516944,,HYDRAULIC_PROXY; direct SWMM where mapped; street-surface states unavailable,UNVALIDATED_NO_EVENT_MATCHED_HYDRAULIC_OBSERVATIONS,RAINFALL_RECONSTRUCTED_15MIN; grid represents Phase 1 pilot coverage,Reconstructed E001 hyetograph; source rainfall is IMD three-hour observations,Unavailable; no street coupling,Phase 2A historical_2005 normalized SWMM output,True,PILOT_SUBCATCHMENT_ASSIGNED,1,historical_2005,terra05-swmm-v1.0.0,GIS + Phase 2B SWMM; rainfall reconstructed,139_1055
30498,L,0,0.0,2,19.05020523071289,4.737001419067383,2.0,0.0018502678414689,1.0986122886681098,0.0,88.14621668900318,962.7406432729034,0.975206611570248,0.024793388429752,0.0,0.0,27,2700.0,0.0,0.0,0.0,0.4,7.789,0.0,97.52,98.6,0,0,1,E001,2005-07-26 reconstructed 15-minute hyetograph; 108 intervals,944.181998744607,250.38599395751956,431.6999950408936,649.2999992370605,866.5999999046326,943.2999987602234,69.0719985961914,250.38599395751956,1.7981749773025513,0.0,16.73178482055664,2.2975006103515625,940.435094376298,940.435094376298,,HYDRAULIC_PROXY; direct SWMM where mapped; street-surface states unavailable,UNVALIDATED_NO_EVENT_MATCHED_HYDRAULIC_OBSERVATIONS,RAINFALL_RECONSTRUCTED_15MIN; grid represents Phase 1 pilot coverage,Reconstructed E001 hyetograph; source rainfall is IMD three-hour observations,Unavailable; no street coupling,Phase 2A historical_2005 normalized SWMM output,True,PILOT_SUBCATCHMENT_ASSIGNED,1,historical_2005,terra05-swmm-v1.0.0,GIS + Phase 2B SWMM; rainfall reconstructed,139_1055
30499,L,0,0.0,2,27.68319702148437,8.858124415079752,5.0,0.0046256696036723,1.791759469228055,0.0,181.64784200478823,917.853117993396,0.975206611570248,0.024793388429752,0.0,0.0,15,1500.0,0.0,0.0,0.0,0.4,8.073,0.0,97.52,102.4,0,0,1,E001,2005-07-26 reconstructed 15-minute hyetograph; 108 intervals,944.181998744607,250.38599395751956,431.6999950408936,649.2999992370605,866.5999999046326,943.2999987602234,69.0719985961914,250.38599395751956,1.8466994762420648,0.0,15.946053504943848,2.1441755294799805,940.3601335448182,940.3601335448182,,HYDRAULIC_PROXY; direct SWMM where mapped; street-surface states unavailable,UNVALIDATED_NO_EVENT_MATCHED_HYDRAULIC_OBSERVATIONS,RAINFALL_RECONSTRUCTED_15MIN; grid represents Phase 1 pilot coverage,Reconstructed E001 hyetograph; source rainfall is IMD three-hour observations,Unavailable; no street coupling,Phase 2A historical_2005 normalized SWMM output,True,PILOT_SUBCATCHMENT_ASSIGNED,1,historical_2005,terra05-swmm-v1.0.0,GIS + Phase 2B SWMM; rainfall reconstructed,139_1055
30500,L,0,0.0,2,38.73527908325195,6.242594242095947,1.0,0.0009251339207344,0.6931471805599453,0.0,250.4025048630988,882.0652732144453,1.0,0.0,0.0,0.0,37,3700.0,0.0,0.0,0.0,0.4,6.818,0.0,100.0,191.1,0,0,1,E001,2005-07-26 reconstructed 15-minute hyetograph; 108 intervals,944.181998744607,250.38599395751956,431.6999950408936,649.2999992370605,866.5999999046326,943.2999987602234,69.0719985961914,250.38599395751956,6.657193660736084,0.0,7.634226322174072,3.3926117420196533,943.0574486809926,943.0574486809926,,HYDRAULIC_PROXY; direct SWMM where mapped; street-surface states unavailable,UNVALIDATED_NO_EVENT_MATCHED_HYDRAULIC_OBSERVATIONS,RAINFALL_RECONSTRUCTED_15MIN; grid represents Phase 1 pilot coverage,Reconstructed E001 hyetograph; source rainfall is IMD three-hour observations,Unavailable; no street coupling,Phase 2A historical_2005 normalized SWMM output,True,PILOT_SUBCATCHMENT_ASSIGNED,1,historical_2005,terra05-swmm-v1.0.0,GIS + Phase 2B SWMM; rainfall reconstructed,139_1055
30501,L,0,0.0,2,35.935078938802086,3.7028595606486,3.0,0.0027754017622034,1.3862943611198906,0.0,226.55015877811888,856.5185031343742,0.9586776859504132,0.0413223140495867,0.0,0.0,30,3000.0,0.0,0.0,0.0,0.4,8.442,0.0,95.87,140.5,0,0,1,E001,2005-07-26 reconstructed 15-minute hyetograph; 108 intervals,944.181998744607,250.38599395751956,431.6999950408936,649.2999992370605,866.5999999046326,943.2999987602234,69.0719985961914,250.38599395751956,6.657193660736084,0.0,7.634226322174072,3.3926117420196533,938.630241034625,938.630241034625,,HYDRAULIC_PROXY; direct SWMM where mapped; street-surface states unavailable,UNVALIDATED_NO_EVENT_MATCHED_HYDRAULIC_OBSERVATIONS,RAINFALL_RECONSTRUCTED_15MIN; grid represents Phase 1 pilot coverage,Reconstructed E001 hyetograph; source rainfall is IMD three-hour observations,Unavailable; no street coupling,Phase 2A historical_2005 normalized SWMM output,True,PILOT_SUBCATCHMENT_ASSIGNED,1,historical_2005,terra05-swmm-v1.0.0,GIS + Phase 2B SWMM; rainfall reconstructed,139_1055
30522,L,0,0.0,2,18.536022186279297,2.9545742670694985,2.0,0.0018502678414689,1.0986122886681098,21.17102594251517,21.37318346835549,1619.825408973384,0.9338842975206612,0.024793388429752,0.0,0.0,28,2800.0,0.0,0.0,0.0,0.4,8.262,0.064,91.45,112.7,0,0,1,E001,2005-07-26 reconstructed 15-minute hyetograph; 108 intervals,944.181998744607,250.38599395751956,431.6999950408936,649.2999992370605,866.5999999046326,943.2999987602234,69.0719985961914,250.38599395751956,0.249574527144432,0.0,1.533614993095398,0.955139935016632,935.886574112082,935.886574112082,,HYDRAULIC_PROXY; direct SWMM where mapped; street-surface states unavailable,UNVALIDATED_NO_EVENT_MATCHED_HYDRAULIC_OBSERVATIONS,RAINFALL_RECONSTRUCTED_15MIN; grid represents Phase 1 pilot coverage,Reconstructed E001 hyetograph; source rainfall is IMD three-hour observations,Unavailable; no street coupling,Phase 2A historical_2005 normalized SWMM output,True,PILOT_SUBCATCHMENT_ASSIGNED,1,historical_2005,terra05-swmm-v1.0.0,GIS + Phase 2B SWMM; rainfall reconstructed,139_1057
30523,L,0,0.0,2,18.822832743326824,1.006982405980428,2606.0,2.410898997434032,7.865955413933502,11.101103703838154,17.667693540870417,1612.5207531137926,0.9669421487603306,0.0,0.0,0.0,35,3500.0,0.0,0.0,0.0,0.4,16.512,0.033,95.63,192.7,0,0,1,E001,2005-07-26 reconstructed 15-minute hyetograph; 108 intervals,944.181998744607,250.38599395751956,431.6999950408936,649.2999992370605,866.5999999046326,943.2999987602234,69.0719985961914,250.38599395751956,3.035433053970337,0.0,38.42862319946289,7.772151470184326,939.7380574623091,939.7380574623091,,HYDRAULIC_PROXY; direct SWMM where mapped; street-surface states unavailable,UNVALIDATED_NO_EVENT_MATCHED_HYDRAULIC_OBSERVATIONS,RAINFALL_RECONSTRUCTED_15MIN; grid represents Phase 1 pilot coverage,Reconstructed E001 hyetograph; source rainfall is IMD three-hour observations,Unavailable; no street coupling,Phase 2A historical_2005 normalized SWMM output,True,PILOT_SUBCATCHMENT_ASSIGNED,1,historical_2005,terra05-swmm-v1.0.0,GIS + Phase 2B SWMM; rainfall reconstructed,139_1057
30524,L,0,0.0,2,19.76095199584961,1.491460204124451,12.0,0.0111016070488136,2.5649493574615367,10.460945578671272,31.63163112072872,1601.7932128303996,1.0,0.0,0.0,0.0,50,5000.0,0.0,0.0,0.0,0.4,10.738,0.031,98.96,413.6,0,0,1,E001,2005-07-26 reconstructed 15-minute hyetograph; 108 intervals,944.181998744607,250.38599395751956,431.6999950408936,649.2999992370605,866.5999999046326,943.2999987602234,69.0719985961914,250.38599395751956,4.491777896881104,0.0,30.78689765930176,6.624374866485596,943.3182759803456,943.3182759803456,,HYDRAULIC_PROXY; direct SWMM where mapped; street-surface states unavailable,UNVALIDATED_NO_EVENT_MATCHED_HYDRAULIC_OBSERVATIONS,RAINFALL_RECONSTRUCTED_15MIN; grid represents Phase 1 pilot coverage,Reconstructed E001 hyetograph; source rainfall is IMD three-hour observations,Unavailable; no street coupling,Phase 2A historical_2005 normalized SWMM output,True,PILOT_SUBCATCHMENT_ASSIGNED,1,historical_2005,terra05-swmm-v1.0.0,GIS + Phase 2B SWMM; rainfall reconstructed,139_1057
30525,L,0,0.0,2,20.399070739746094,1.3129078547159831,379.0,0.3506257559583645,5.940171252720432,0.6785019436765615,63.96791107553918,1568.557598335411,1.0,0.0,0.0,0.0,44,4400.0,0.0,0.0,0.0,0.4,14.319,0.002,99.93,301.1,0,0,1,E001,2005-07-26 reconstructed 15-minute hyetograph; 108 intervals,944.181998744607,250.38599395751956,431.6999950408936,649.2999992370605,866.5999999046326,943.2999987602234,69.0719985961914,250.38599395751956,6.684934139251709,0.0,22.98581314086914,5.920466899871826,943.3403539512798,943.3403539512798,,HYDRAULIC_PROXY; direct SWMM where mapped; street-surface states unavailable,UNVALIDATED_NO_EVENT_MATCHED_HYDRAULIC_OBSERVATIONS,RAINFALL_RECONSTRUCTED_15MIN; grid represents Phase 1 pilot coverage,Reconstructed E001 hyetograph; source rainfall is IMD three-hour observations,Unavailable; no street coupling,Phase 2A historical_2005 normalized SWMM output,True,PILOT_SUBCATCHMENT_ASSIGNED,1,historical_2005,terra05-swmm-v1.0.0,GIS + Phase 2B SWMM; rainfall reconstructed,139_1057
30526,L,0,0.0,2,20.613353729248047,4.844107945760091,1.0,0.0009251339207344,0.6931471805599453,0.0,98.56103476109485,1535.0265923743275,1.0,0.0,0.0,0.0,46,4600.0,0.0,0.0,0.0,0.4,7.073,0.0,100.0,269.0,0,0,1,E001,2005-07-26 reconstructed 15-minute hyetograph; 108 intervals,944.181998744607,250.38599395751956,431.6999950408936,649.2999992370605,866.5999999046326,943.2999987602234,69.0719985961914,250.38599395751956,17.597658157348633,0.0,42.87131881713867,14.977828025817873,943.0984705611623,943.0984705611623,,HYDRAULIC_PROXY; direct SWMM where mapped; street-surface states unavailable,UNVALIDATED_NO_EVENT_MATCHED_HYDRAULIC_OBSERVATIONS,RAINFALL_RECONSTRUCTED_15MIN; grid represents Phase 1 pilot coverage,Reconstructed E001 hyetograph; source rainfall is IMD three-hour observations,Unavailable; no street coupling,Phase 2A historical_2005 normalized SWMM output,True,PILOT_SUBCATCHMENT_ASSIGNED,1,historical_2005,terra05-swmm-v1.0.0,GIS + Phase 2B SWMM; rainfall reconstructed,139_1057
30527,L,0,0.0,2,28.766713460286457,9.83332061767578,1.0,0.0009251339207344,0.6931471805599453,0.0,148.74986187651857,1507.395216689017,0.8264462809917356,0.1487603305785124,0.0,0.0,15,1500.0,0.0,0.0,0.0,0.4,6.358,0.0,82.64,0.0,0,0,0,E001,2005-07-26 reconstructed 15-minute hyetograph; 108 intervals,944.181998744607,250.38599395751956,431.6999950408936,649.2999992370605,866.5999999046326,943.2999987602234,69.0719985961914,250.38599395751956,23.27560043334961,3763.9668703079215,40.58124923706055,12.747952461242676,923.8289981324484,923.8289981324484,,HYDRAULIC_PROXY; direct SWMM where mapped; street-surface states unavailable,UNVALIDATED_NO_EVENT_MATCHED_HYDRAULIC_OBSERVATIONS,RAINFALL_RECONSTRUCTED_15MIN; grid represents Phase 1 pilot coverage,Reconstructed E001 hyetograph; source rainfall is IMD three-hour observations,Unavailable; no street coupling,Phase 2A historical_2005 normalized SWMM output,True,PILOT_SUBCATCHMENT_ASSIGNED,1,historical_2005,terra05-swmm-v1.0.0,GIS + Phase 2B SWMM; rainfall reconstructed,139_1057
30528,L,0,0.0,2,29.537452697753903,11.259849548339844,256.0,0.2368342837080245,5.54907608489522,0.0,229.91816241645896,1485.9926107816002,0.6611570247933884,0.3305785123966942,0.0,0.0,13,1300.0,0.0,0.0,0.0,0.4,11.764,0.0,66.12,0.0,0,0,0,E001,2005-07-26 reconstructed 15-minute hyetograph; 108 intervals,944.181998744607,250.38599395751956,431.6999950408936,649.2999992370605,866.5999999046326,943.2999987602234,69.0719985961914,250.38599395751956,23.27560043334961,3763.9668703079215,40.58124923706055,12.747952461242676,905.4957100485624,905.4957100485624,,HYDRAULIC_PROXY; direct SWMM where mapped; street-surface states unavailable,UNVALIDATED_NO_EVENT_MATCHED_HYDRAULIC_OBSERVATIONS,RAINFALL_RECONSTRUCTED_15MIN; grid represents Phase 1 pilot coverage,Reconstructed E001 hyetograph; source rainfall is IMD three-hour observations,Unavailable; no street coupling,Phase 2A historical_2005 normalized SWMM output,True,PILOT_SUBCATCHMENT_ASSIGNED,1,historical_2005,terra05-swmm-v1.0.0,GIS + Phase 2B SWMM; rainfall reconstructed,139_1057
30529,L,0,0.0,2,33.237060546875,16.14105224609375,244.0,0.2257326766592109,5.501258210544727,0.0,321.8667448023158,1471.0906631809287,0.8429752066115702,0.140495867768595,0.0,0.0,8,800.0,0.0,0.0,0.0,0.4,11.342,0.0,84.3,40.1,0,0,0,E001,2005-07-26 reconstructed 15-minute hyetograph; 108 intervals,944.181998744607,250.38599395751956,431.6999950408936,649.2999992370605,866.5999999046326,943.2999987602234,69.0719985961914,250.38599395751956,23.27560043334961,3763.9668703079215,40.58124923706055,12.747952461242676,925.6844129764064,925.6844129764064,,HYDRAULIC_PROXY; direct SWMM where mapped; street-surface states unavailable,UNVALIDATED_NO_EVENT_MATCHED_HYDRAULIC_OBSERVATIONS,RAINFALL_RECONSTRUCTED_15MIN; grid represents Phase 1 pilot coverage,Reconstructed E001 hyetograph; source rainfall is IMD three-hour observations,Unavailable; no street coupling,Phase 2A historical_2005 normalized SWMM output,True,PILOT_SUBCATCHMENT_ASSIGNED,1,historical_2005,terra05-swmm-v1.0.0,GIS + Phase 2B SWMM; rainfall reconstructed,139_1057
30530,L,0,0.0,2,28.481056213378903,11.359994252522789,2.0,0.0018502678414689,1.0986122886681098,0.0,417.5332817995673,1462.888047424919,0.5950413223140496,0.1570247933884297,0.0,0.0,12,1200.0,0.0,0.0,0.0,0.4,6.903,0.0,59.5,73.2,0,0,0,E001,2005-07-26 reconstructed 15-minute hyetograph; 108 intervals,944.181998744607,250.38599395751956,431.6999950408936,649.2999992370605,866.5999999046326,943.2999987602234,69.0719985961914,250.38599395751956,23.27560043334961,3763.9668703079215,40.58124923706055,12.747952461242676,898.1737156020242,898.1737156020242,,HYDRAULIC_PROXY; direct SWMM where mapped; street-surface states unavailable,UNVALIDATED_NO_EVENT_MATCHED_HYDRAULIC_OBSERVATIONS,RAINFALL_RECONSTRUCTED_15MIN; grid represents Phase 1 pilot coverage,Reconstructed E001 hyetograph; source rainfall is IMD three-hour observations,Unavailable; no street coupling,Phase 2A historical_2005 normalized SWMM output,True,PILOT_SUBCATCHMENT_ASSIGNED,1,historical_2005,terra05-swmm-v1.0.0,GIS + Phase 2B SWMM; rainfall reconstructed,139_1057
30531,L,0,0.0,2,30.39392852783203,10.688817977905272,4.0,0.0037005356829378,1.6094379124341005,0.0,514.8493774017744,1461.4975673258166,0.3140495867768595,0.5702479338842975,0.0,0.0,8,800.0,0.0,0.0,0.0,0.4,7.659,0.0,31.4,100.1,0,0,1,E001,2005-07-26 reconstructed 15-minute hyetograph; 108 intervals,944.181998744607,250.38599395751956,431.6999950408936,649.2999992370605,866.5999999046326,943.2999987602234,69.0719985961914,250.38599395751956,23.27560043334961,3763.9668703079215,40.58124923706055,12.747952461242676,866.9569043922818,866.9569043922818,,HYDRAULIC_PROXY; direct SWMM where mapped; street-surface states unavailable,UNVALIDATED_NO_EVENT_MATCHED_HYDRAULIC_OBSERVATIONS,RAINFALL_RECONSTRUCTED_15MIN; grid represents Phase 1 pilot coverage,Reconstructed E001 hyetograph; source rainfall is IMD three-hour observations,Unavailable; no street coupling,Phase 2A historical_2005 normalized SWMM output,True,PILOT_SUBCATCHMENT_ASSIGNED,1,historical_2005,terra05-swmm-v1.0.0,GIS + Phase 2B SWMM; rainfall reconstructed,139_1057
30532,L,0,0.0,2,27.3687260945638,7.080036799112956,5.0,0.0046256696036723,1.791759469228055,0.0,613.0299514800828,1466.9385942498984,0.4462809917355372,0.5537190082644629,0.0,0.0,11,1100.0,0.0,0.0,0.0,0.4,8.3,0.0,44.63,0.0,0,0,0,E001,2005-07-26 reconstructed 15-minute hyetograph; 108 intervals,944.181998744607,250.38599395751956,431.6999950408936,649.2999992370605,866.5999999046326,943.2999987602234,69.0719985961914,250.38599395751956,23.27560043334961,3763.9668703079215,40.58124923706055,12.747952461242676,881.6099978749114,881.6099978749114,,HYDRAULIC_PROXY; direct SWMM where mapped; street-surface states unavailable,UNVALIDATED_NO_EVENT_MATCHED_HYDRAULIC_OBSERVATIONS,RAINFALL_RECONSTRUCTED_15MIN; grid represents Phase 1 pilot coverage,Reconstructed E001 hyetograph; source rainfall is IMD three-hour observations,Unavailable; no street coupling,Phase 2A historical_2005 normalized SWMM output,True,PILOT_SUBCATCHMENT_ASSIGNED,1,historical_2005,terra05-swmm-v1.0.0,GIS + Phase 2B SWMM; rainfall reconstructed,139_1057
30533,L,0,0.0,2,32.50340270996094,16.742289225260418,1.0,0.0009251339207344,0.6931471805599453,0.0,684.4208491319513,1478.9995519786642,0.2892561983471074,0.7024793388429752,0.0,0.0,2,200.0,0.0,0.0,0.0,0.4,5.806,0.0,28.93,0.0,0,0,0,E001,2005-07-26 reconstructed 15-minute hyetograph; 108 intervals,944.181998744607,250.38599395751956,431.6999950408936,649.2999992370605,866.5999999046326,943.2999987602234,69.0719985961914,250.38599395751956,6.990200042724609,399302.5978446007,36.71260833740234,6.118086814880371,864.3054175625,864.3054175625,,HYDRAULIC_PROXY; direct SWMM where mapped; street-surface states unavailable,UNVALIDATED_NO_EVENT_MATCHED_HYDRAULIC_OBSERVATIONS,RAINFALL_RECONSTRUCTED_15MIN; grid represents Phase 1 pilot coverage,Reconstructed E001 hyetograph; source rainfall is IMD three-hour observations,Unavailable; no street coupling,Phase 2A historical_2005 normalized SWMM output,True,PILOT_SUBCATCHMENT_ASSIGNED,1,historical_2005,terra05-swmm-v1.0.0,GIS + Phase 2B SWMM; rainfall reconstructed,139_1057
30534,L,0,0.0,2,28.74313863118489,5.367610931396484,1.0,0.0009251339207344,0.6931471805599453,0.0,673.9641969177262,1497.4965691959865,0.6942148760330579,0.2809917355371901,0.0,0.0,20,2000.0,0.0,0.0,0.0,0.4,6.97,0.0,69.42,0.0,0,0,1,E001,2005-07-26 reconstructed 15-minute hyetograph; 108 intervals,944.181998744607,250.38599395751956,431.6999950408936,649.2999992370605,866.5999999046326,943.2999987602234,69.0719985961914,250.38599395751956,6.990200042724609,399302.5978446007,31.28599739074707,5.213752269744873,909.1753224906277,909.1753224906277,,HYDRAULIC_PROXY; direct SWMM where mapped; street-surface states unavailable,UNVALIDATED_NO_EVENT_MATCHED_HYDRAULIC_OBSERVATIONS,RAINFALL_RECONSTRUCTED_15MIN; grid represents Phase 1 pilot coverage,Reconstructed E001 hyetograph; source rainfall is IMD three-hour observations,Unavailable; no street coupling,Phase 2A historical_2005 normalized SWMM output,True,PILOT_SUBCATCHMENT_ASSIGNED,1,historical_2005,terra05-swmm-v1.0.0,GIS + Phase 2B SWMM; rainfall reconstructed,139_1057
30535,L,0,0.0,2,26.76371383666992,3.956583261489868,2.0,0.0018502678414689,1.0986122886681098,0.0,678.2503805582493,1522.3509039490236,0.8677685950413223,0.1074380165289256,0.0,0.0,23,2300.0,0.0,0.0,0.0,0.4,7.97,0.0,86.78,0.0,0,0,1,E001,2005-07-26 reconstructed 15-minute hyetograph; 108 intervals,944.181998744607,250.38599395751956,431.6999950408936,649.2999992370605,866.5999999046326,943.2999987602234,69.0719985961914,250.38599395751956,6.990200042724609,399302.5978446007,31.28599739074707,5.213752269744873,928.4764990195252,928.4764990195252,,HYDRAULIC_PROXY; direct SWMM where mapped; street-surface states unavailable,UNVALIDATED_NO_EVENT_MATCHED_HYDRAULIC_OBSERVATIONS,RAINFALL_RECONSTRUCTED_15MIN; grid represents Phase 1 pilot coverage,Reconstructed E001 hyetograph; source rainfall is IMD three-hour observations,Unavailable; no street coupling,Phase 2A historical_2005 normalized SWMM output,True,PILOT_SUBCATCHMENT_ASSIGNED,1,historical_2005,terra05-swmm-v1.0.0,GIS + Phase 2B SWMM; rainfall reconstructed,139_1057
30536,L,0,0.0,2,22.68433125813802,2.027370611826578,212.0,0.1961283911957078,5.3612921657094255,0.0,627.560828771372,1553.2574077579898,0.859504132231405,0.1157024793388429,0.0,0.0,51,5100.0,0.0,0.0,0.0,0.4,13.303,0.0,85.95,158.4,0,0,1,E001,2005-07-26 reconstructed 15-minute hyetograph; 108 intervals,944.181998744607,250.38599395751956,431.6999950408936,649.2999992370605,866.5999999046326,943.2999987602234,69.0719985961914,250.38599395751956,6.990200042724609,399302.5978446007,31.28599739074707,5.213752269744873,927.6444984569388,927.6444984569388,,HYDRAULIC_PROXY; direct SWMM where mapped; street-surface states unavailable,UNVALIDATED_NO_EVENT_MATCHED_HYDRAULIC_OBSERVATIONS,RAINFALL_RECONSTRUCTED_15MIN; grid represents Phase 1 pilot coverage,Reconstructed E001 hyetograph; source rainfall is IMD three-hour observations,Unavailable; no street coupling,Phase 2A historical_2005 normalized SWMM output,True,PILOT_SUBCATCHMENT_ASSIGNED,1,historical_2005,terra05-swmm-v1.0.0,GIS + Phase 2B SWMM; rainfall reconstructed,139_1057
30537,L,0,0.0,2,28.706642150878903,9.69286855061849,1.0,0.0009251339207344,0.6931471805599453,0.0,577.7155526332773,1579.297393507118,1.0,0.0,0.0,0.0,6,600.0,0.0,0.0,0.0,0.4,6.372,0.0,100.0,0.0,0,0,0,E001,2005-07-26 reconstructed 15-minute hyetograph; 108 intervals,944.181998744607,250.38599395751956,431.6999950408936,649.2999992370605,866.5999999046326,943.2999987602234,69.0719985961914,250.38599395751956,6.990200042724609,399302.5978446007,31.28599739074707,5.213752269744873,942.9966318029616,942.9966318029616,,HYDRAULIC_PROXY; direct SWMM where mapped; street-surface states unavailable,UNVALIDATED_NO_EVENT_MATCHED_HYDRAULIC_OBSERVATIONS,RAINFALL_RECONSTRUCTED_15MIN; grid represents Phase 1 pilot coverage,Reconstructed E001 hyetograph; source rainfall is IMD three-hour observations,Unavailable; no street coupling,Phase 2A historical_2005 normalized SWMM output,True,PILOT_SUBCATCHMENT_ASSIGNED,1,historical_2005,terra05-swmm-v1.0.0,GIS + Phase 2B SWMM; rainfall reconstructed,139_1057
30538,L,0,0.0,2,33.558834075927734,10.02999496459961,1.0,0.0009251339207344,0.6931471805599453,0.0,533.9402467707627,1609.7855935306472,0.6528925619834711,0.1652892561983471,0.0578512396694214,0.0,10,1000.0,0.0,0.0,0.0,0.4,6.338,0.0,65.29,0.0,0,0,0,E001,2005-07-26 reconstructed 15-minute hyetograph; 108 intervals,944.181998744607,250.38599395751956,431.6999950408936,649.2999992370605,866.5999999046326,943.2999987602234,69.0719985961914,250.38599395751956,6.990200042724609,399302.5978446007,36.71260833740234,6.118086814880371,904.5820400915544,904.5820400915544,,HYDRAULIC_PROXY; direct SWMM where mapped; street-surface states unavailable,UNVALIDATED_NO_EVENT_MATCHED_HYDRAULIC_OBSERVATIONS,RAINFALL_RECONSTRUCTED_15MIN; grid represents Phase 1 pilot coverage,Reconstructed E001 hyetograph; source rainfall is IMD three-hour observations,Unavailable; no street coupling,Phase 2A historical_2005 normalized SWMM output,True,PILOT_SUBCATCHMENT_ASSIGNED,1,historical_2005,terra05-swmm-v1.0.0,GIS + Phase 2B SWMM; rainfall reconstructed,139_1057
30539,L,0,0.0,2,24.908360799153645,4.173761049906413,93.0,0.0860374546283058,4.543294782270004,0.0,506.34773340281714,1645.7943544499294,0.8347107438016529,0.1322314049586777,0.0,0.0,11,1100.0,0.0,0.0,0.0,0.4,11.755,0.0,83.47,0.0,0,0,0,E001,2005-07-26 reconstructed 15-minute hyetograph; 108 intervals,944.181998744607,250.38599395751956,431.6999950408936,649.2999992370605,866.5999999046326,943.2999987602234,69.0719985961914,250.38599395751956,6.990200042724609,399302.5978446007,36.71260833740234,6.118086814880371,924.7918017718616,924.7918017718616,,HYDRAULIC_PROXY; direct SWMM where mapped; street-surface states unavailable,UNVALIDATED_NO_EVENT_MATCHED_HYDRAULIC_OBSERVATIONS,RAINFALL_RECONSTRUCTED_15MIN; grid represents Phase 1 pilot coverage,Reconstructed E001 hyetograph; source rainfall is IMD three-hour observations,Unavailable; no street coupling,Phase 2A historical_2005 normalized SWMM output,True,PILOT_SUBCATCHMENT_ASSIGNED,1,historical_2005,terra05-swmm-v1.0.0,GIS + Phase 2B SWMM; rainfall reconstructed,139_1057
30540,L,0,0.0,2,28.768341064453125,8.400925954182943,2.0,0.0018502678414689,1.0986122886681098,0.0,497.6784776567276,1686.9702004302571,0.4297520661157025,0.5702479338842975,0.0,0.0,13,1300.0,0.0,0.0,0.0,0.4,7.211,0.0,42.98,102.6,0,0,1,E001,2005-07-26 reconstructed 15-minute hyetograph; 108 intervals,944.181998744607,250.38599395751956,431.6999950408936,649.2999992370605,866.5999999046326,943.2999987602234,69.0719985961914,250.38599395751956,6.990200042724609,399302.5978446007,31.28599739074707,5.213752269744873,879.8029315765596,879.8029315765596,,HYDRAULIC_PROXY; direct SWMM where mapped; street-surface states unavailable,UNVALIDATED_NO_EVENT_MATCHED_HYDRAULIC_OBSERVATIONS,RAINFALL_RECONSTRUCTED_15MIN; grid represents Phase 1 pilot coverage,Reconstructed E001 hyetograph; source rainfall is IMD three-hour observations,Unavailable; no street coupling,Phase 2A historical_2005 normalized SWMM output,True,PILOT_SUBCATCHMENT_ASSIGNED,1,historical_2005,terra05-swmm-v1.0.0,GIS + Phase 2B SWMM; rainfall reconstructed,139_1057
30541,L,0,0.0,2,42.88374837239584,14.734591166178385,2.0,0.0018502678414689,1.0986122886681098,0.0,508.90048842899074,1732.9448511537068,0.743801652892562,0.2479338842975206,0.0,0.0,13,1300.0,0.0,0.0,0.0,0.4,6.634,0.0,74.38,0.0,0,0,0,E001,2005-07-26 reconstructed 15-minute hyetograph; 108 intervals,944.181998744607,250.38599395751956,431.6999950408936,649.2999992370605,866.5999999046326,943.2999987602234,69.0719985961914,250.38599395751956,6.990200042724609,399302.5978446007,36.71260833740234,6.118086814880371,914.6561383117656,914.6561383117656,,HYDRAULIC_PROXY; direct SWMM where mapped; street-surface states unavailable,UNVALIDATED_NO_EVENT_MATCHED_HYDRAULIC_OBSERVATIONS,RAINFALL_RECONSTRUCTED_15MIN; grid represents Phase 1 pilot coverage,Reconstructed E001 hyetograph; source rainfall is IMD three-hour observations,Unavailable; no street coupling,Phase 2A historical_2005 normalized SWMM output,True,PILOT_SUBCATCHMENT_ASSIGNED,1,historical_2005,terra05-swmm-v1.0.0,GIS + Phase 2B SWMM; rainfall reconstructed,139_1057
30542,L,0,0.0,2,33.05751037597656,6.850841045379639,6633.0,6.136413296231746,8.799963219506997,0.0,538.7722590518306,1783.3472059979192,0.9834710743801652,0.0165289256198347,0.0,0.0,17,1700.0,0.0,0.0,0.0,0.4,15.524,0.0,98.35,113.9,0,0,1,E001,2005-07-26 reconstructed 15-minute hyetograph; 108 intervals,944.181998744607,250.38599395751956,431.6999950408936,649.2999992370605,866.5999999046326,943.2999987602234,69.0719985961914,250.38599395751956,6.990200042724609,399302.5978446007,36.71260833740234,6.118086814880371,941.283112913661,941.283112913661,,HYDRAULIC_PROXY; direct SWMM where mapped; street-surface states unavailable,UNVALIDATED_NO_EVENT_MATCHED_HYDRAULIC_OBSERVATIONS,RAINFALL_RECONSTRUCTED_15MIN; grid represents Phase 1 pilot coverage,Reconstructed E001 hyetograph; source rainfall is IMD three-hour observations,Unavailable; no street coupling,Phase 2A historical_2005 normalized SWMM output,True,PILOT_SUBCATCHMENT_ASSIGNED,1,historical_2005,terra05-swmm-v1.0.0,GIS + Phase 2B SWMM; rainfall reconstructed,139_1058
30773,L,0,0.0,2,32.28224351671007,24.958943684895832,1.0,0.0009251339207344,0.6931471805599453,0.0,118.0925813718354,1302.1327452329972,0.9338842975206612,0.0661157024793388,0.0,0.0,12,1200.0,0.0,0.0,0.0,0.4,5.37,0.0,93.39,0.0,0,0,0,E001,2005-07-26 reconstructed 15-minute hyetograph; 108 intervals,944.181998744607,250.38599395751956,431.6999950408936,649.2999992370605,866.5999999046326,943.2999987602234,69.0719985961914,250.38599395751956,1.5729410648345947,0.0,5.761357307434082,0.6444392800331116,935.7992692059632,935.7992692059632,,HYDRAULIC_PROXY; direct SWMM where mapped; street-surface states unavailable,UNVALIDATED_NO_EVENT_MATCHED_HYDRAULIC_OBSERVATIONS,RAINFALL_RECONSTRUCTED_15MIN; grid represents Phase 1 pilot coverage,Reconstructed E001 hyetograph; source rainfall is IMD three-hour observations,Unavailable; no street coupling,Phase 2A historical_2005 normalized SWMM output,True,PILOT_SUBCATCHMENT_ASSIGNED,1,historical_2005,terra05-swmm-v1.0.0,GIS + Phase 2B SWMM; rainfall reconstructed,139_1055
30774,L,0,0.0,2,23.409810384114586,14.98907725016276,1.0,0.0009251339207344,0.6931471805599453,6.210305428026619,52.85220455458019,1221.1201768084486,1.0,0.0,0.0,0.0,10,1000.0,0.0,0.0,0.0,0.4,5.923,0.019,99.38,0.0,0,0,0,E001,2005-07-26 reconstructed 15-minute hyetograph; 108 intervals,944.181998744607,250.38599395751956,431.6999950408936,649.2999992370605,866.5999999046326,943.2999987602234,69.0719985961914,250.38599395751956,1.699822187423706,0.0,0.035186119377613,0.0114498771727085,942.949692342372,942.949692342372,,HYDRAULIC_PROXY; direct SWMM where mapped; street-surface states unavailable,UNVALIDATED_NO_EVENT_MATCHED_HYDRAULIC_OBSERVATIONS,RAINFALL_RECONSTRUCTED_15MIN; grid represents Phase 1 pilot coverage,Reconstructed E001 hyetograph; source rainfall is IMD three-hour observations,Unavailable; no street coupling,Phase 2A historical_2005 normalized SWMM output,True,PILOT_SUBCATCHMENT_ASSIGNED,1,historical_2005,terra05-swmm-v1.0.0,GIS + Phase 2B SWMM; rainfall reconstructed,139_1055
30775,L,0,0.0,2,6.905325995551215,4.555525461832683,7.0,0.0064759374451412,2.079441541679836,0.0,55.50221191073256,1143.1182293224842,0.3388429752066115,0.6198347107438017,0.0,0.0,5,500.0,0.0,0.0,0.0,0.4,9.081,0.0,33.88,98.0,0,0,0,E001,2005-07-26 reconstructed 15-minute hyetograph; 108 intervals,944.181998744607,250.38599395751956,431.6999950408936,649.2999992370605,866.5999999046326,943.2999987602234,69.0719985961914,250.38599395751956,1.4158798456192017,0.0,0.035186119377613,0.0114498771727085,869.3653763634209,869.3653763634209,,HYDRAULIC_PROXY; direct SWMM where mapped; street-surface states unavailable,UNVALIDATED_NO_EVENT_MATCHED_HYDRAULIC_OBSERVATIONS,RAINFALL_RECONSTRUCTED_15MIN; grid represents Phase 1 pilot coverage,Reconstructed E001 hyetograph; source rainfall is IMD three-hour observations,Unavailable; no street coupling,Phase 2A historical_2005 normalized SWMM output,True,PILOT_SUBCATCHMENT_ASSIGNED,1,historical_2005,terra05-swmm-v1.0.0,GIS + Phase 2B SWMM; rainfall reconstructed,139_1055
30776,L,0,0.0,2,8.439083523220486,4.042826334635417,9.0,0.0083262052866102,2.302585092994046,0.0,152.8647622170935,1068.7862677869916,0.7768595041322314,0.2231404958677686,0.0,0.0,7,700.0,0.0,0.0,0.0,0.4,9.452,0.0,77.69,0.0,0,0,0,E001,2005-07-26 reconstructed 15-minute hyetograph; 108 intervals,944.181998744607,250.38599395751956,431.6999950408936,649.2999992370605,866.5999999046326,943.2999987602234,69.0719985961914,250.38599395751956,1.699822187423706,0.0,0.035186119377613,0.0114498771727085,918.3714959889036,918.3714959889036,,HYDRAULIC_PROXY; direct SWMM where mapped; street-surface states unavailable,UNVALIDATED_NO_EVENT_MATCHED_HYDRAULIC_OBSERVATIONS,RAINFALL_RECONSTRUCTED_15MIN; grid represents Phase 1 pilot coverage,Reconstructed E001 hyetograph; source rainfall is IMD three-hour observations,Unavailable; no street coupling,Phase 2A historical_2005 normalized SWMM output,True,PILOT_SUBCATCHMENT_ASSIGNED,1,historical_2005,terra05-swmm-v1.0.0,GIS + Phase 2B SWMM; rainfall reconstructed,139_1055
30779,L,0,0.0,2,15.046284993489584,4.025010002983941,7.0,0.0064759374451412,2.079441541679836,7.008076666592719,52.83366686195368,876.9597973750405,0.950413223140496,0.0165289256198347,0.0,0.0,24,2400.0,0.0,0.0,0.0,0.4,9.205,0.021,94.38,0.0,0,0,1,E001,2005-07-26 reconstructed 15-minute hyetograph; 108 intervals,944.181998744607,250.38599395751956,431.6999950408936,649.2999992370605,866.5999999046326,943.2999987602234,69.0719985961914,250.38599395751956,0.981493353843689,0.0,5.326879978179932,1.3613470792770386,937.6976922852916,937.6976922852916,,HYDRAULIC_PROXY; direct SWMM where mapped; street-surface states unavailable,UNVALIDATED_NO_EVENT_MATCHED_HYDRAULIC_OBSERVATIONS,RAINFALL_RECONSTRUCTED_15MIN; grid represents Phase 1 pilot coverage,Reconstructed E001 hyetograph; source rainfall is IMD three-hour observations,Unavailable; no street coupling,Phase 2A historical_2005 normalized SWMM output,True,PILOT_SUBCATCHMENT_ASSIGNED,1,historical_2005,terra05-swmm-v1.0.0,GIS + Phase 2B SWMM; rainfall reconstructed,139_1055
30780,L,0,0.0,2,21.081466674804688,5.057238260904948,3.0,0.0027754017622034,1.3862943611198906,0.0,146.60030771417,827.4317411199228,0.6446280991735537,0.3553719008264462,0.0,0.0,17,1700.0,0.0,0.0,0.0,0.4,8.129,0.0,64.46,0.0,0,0,1,E001,2005-07-26 reconstructed 15-minute hyetograph; 108 intervals,944.181998744607,250.38599395751956,431.6999950408936,649.2999992370605,866.5999999046326,943.2999987602234,69.0719985961914,250.38599395751956,1.933079481124878,0.0,4.582464694976807,1.1889606714248655,903.6717902024972,903.6717902024972,,HYDRAULIC_PROXY; direct SWMM where mapped; street-surface states unavailable,UNVALIDATED_NO_EVENT_MATCHED_HYDRAULIC_OBSERVATIONS,RAINFALL_RECONSTRUCTED_15MIN; grid represents Phase 1 pilot coverage,Reconstructed E001 hyetograph; source rainfall is IMD three-hour observations,Unavailable; no street coupling,Phase 2A historical_2005 normalized SWMM output,True,PILOT_SUBCATCHMENT_ASSIGNED,1,historical_2005,terra05-swmm-v1.0.0,GIS + Phase 2B SWMM; rainfall reconstructed,139_1055
30781,L,0,0.0,2,29.064178466796875,7.796956380208333,1.0,0.0009251339207344,0.6931471805599453,0.0,241.18125386722173,787.545608973488,0.6776859504132231,0.3223140495867768,0.0,0.0,17,1700.0,0.0,0.0,0.0,0.4,6.593,0.0,67.77,20.0,0,0,1,E001,2005-07-26 reconstructed 15-minute hyetograph; 108 intervals,944.181998744607,250.38599395751956,431.6999950408936,649.2999992370605,866.5999999046326,943.2999987602234,69.0719985961914,250.38599395751956,1.943064570426941,0.0,4.580977439880371,1.2144362926483154,907.3347217011902,907.3347217011902,,HYDRAULIC_PROXY; direct SWMM where mapped; street-surface states unavailable,UNVALIDATED_NO_EVENT_MATCHED_HYDRAULIC_OBSERVATIONS,RAINFALL_RECONSTRUCTED_15MIN; grid represents Phase 1 pilot coverage,Reconstructed E001 hyetograph; source rainfall is IMD three-hour observations,Unavailable; no street coupling,Phase 2A historical_2005 normalized SWMM output,True,PILOT_SUBCATCHMENT_ASSIGNED,1,historical_2005,terra05-swmm-v1.0.0,GIS + Phase 2B SWMM; rainfall reconstructed,139_1055
30782,L,0,0.0,2,33.56410047743056,4.94095696343316,1.0,0.0009251339207344,0.6931471805599453,0.0,225.5213799269691,758.823356397322,1.0,0.0,0.0,0.0,37,3700.0,0.0,0.0,0.0,0.4,7.053,0.0,100.0,170.6,0,0,1,E001,2005-07-26 reconstructed 15-minute hyetograph; 108 intervals,944.181998744607,250.38599395751956,431.6999950408936,649.2999992370605,866.5999999046326,943.2999987602234,69.0719985961914,250.38599395751956,1.1595999002456665,0.0,4.425591468811035,2.60245418548584,943.0951335388816,943.0951335388816,,HYDRAULIC_PROXY; direct SWMM where mapped; street-surface states unavailable,UNVALIDATED_NO_EVENT_MATCHED_HYDRAULIC_OBSERVATIONS,RAINFALL_RECONSTRUCTED_15MIN; grid represents Phase 1 pilot coverage,Reconstructed E001 hyetograph; source rainfall is IMD three-hour observations,Unavailable; no street coupling,Phase 2A historical_2005 normalized SWMM output,True,PILOT_SUBCATCHMENT_ASSIGNED,1,historical_2005,terra05-swmm-v1.0.0,GIS + Phase 2B SWMM; rainfall reconstructed,139_1055
30803,L,0,0.0,2,18.71738009982639,1.8656694624159071,2.0,0.0018502678414689,1.0986122886681098,11.78965697156912,10.157571851153516,1707.0702901633367,1.0,0.0,0.0,0.0,35,3500.0,0.0,0.0,0.0,0.4,8.723,0.035,98.83,138.1,0,0,1,E001,2005-07-26 reconstructed 15-minute hyetograph; 108 intervals,944.181998744607,250.38599395751956,431.6999950408936,649.2999992370605,866.5999999046326,943.2999987602234,69.0719985961914,250.38599395751956,0.3056038618087768,0.0,2.302427053451538,1.5215935707092283,943.2770138564954,943.2770138564954,,HYDRAULIC_PROXY; direct SWMM where mapped; street-surface states unavailable,UNVALIDATED_NO_EVENT_MATCHED_HYDRAULIC_OBSERVATIONS,RAINFALL_RECONSTRUCTED_15MIN; grid represents Phase 1 pilot coverage,Reconstructed E001 hyetograph; source rainfall is IMD three-hour observations,Unavailable; no street coupling,Phase 2A historical_2005 normalized SWMM output,True,PILOT_SUBCATCHMENT_ASSIGNED,1,historical_2005,terra05-swmm-v1.0.0,GIS + Phase 2B SWMM; rainfall reconstructed,139_1057
30804,L,0,0.0,2,19.561197916666668,2.3423038058810763,1.0,0.0009251339207344,0.6931471805599453,0.0,68.40695909261959,1711.811601556997,0.9917355371900828,0.0,0.0,0.0,48,4800.0,0.0,0.0,0.0,0.4,7.802,0.0,99.17,268.8,0,0,1,E001,2005-07-26 reconstructed 15-minute hyetograph; 108 intervals,944.181998744607,250.38599395751956,431.6999950408936,649.2999992370605,866.5999999046326,943.2999987602234,69.0719985961914,250.38599395751956,1.6478993892669678,0.0,38.42862319946289,7.772151470184326,942.3462731563628,942.3462731563628,,HYDRAULIC_PROXY; direct SWMM where mapped; street-surface states unavailable,UNVALIDATED_NO_EVENT_MATCHED_HYDRAULIC_OBSERVATIONS,RAINFALL_RECONSTRUCTED_15MIN; grid represents Phase 1 pilot coverage,Reconstructed E001 hyetograph; source rainfall is IMD three-hour observations,Unavailable; no street coupling,Phase 2A historical_2005 normalized SWMM output,True,PILOT_SUBCATCHMENT_ASSIGNED,1,historical_2005,terra05-swmm-v1.0.0,GIS + Phase 2B SWMM; rainfall reconstructed,139_1057
30805,L,0,0.0,2,20.66581471761068,1.107045332590739,6.0,0.0055508035244068,1.9459101490553128,0.0,65.33989413040985,1695.7884410126214,1.0,0.0,0.0,0.0,66,6600.0,0.0,0.0,0.0,0.4,10.343,0.0,100.0,341.6,0,0,1,E001,2005-07-26 reconstructed 15-minute hyetograph; 108 intervals,944.181998744607,250.38599395751956,431.6999950408936,649.2999992370605,866.5999999046326,943.2999987602234,69.0719985961914,250.38599395751956,5.501660346984863,0.0,28.488739013671875,6.7437424659729,943.3675696719728,943.3675696719728,,HYDRAULIC_PROXY; direct SWMM where mapped; street-surface states unavailable,UNVALIDATED_NO_EVENT_MATCHED_HYDRAULIC_OBSERVATIONS,RAINFALL_RECONSTRUCTED_15MIN; grid represents Phase 1 pilot coverage,Reconstructed E001 hyetograph; source rainfall is IMD three-hour observations,Unavailable; no street coupling,Phase 2A historical_2005 normalized SWMM output,True,PILOT_SUBCATCHMENT_ASSIGNED,1,historical_2005,terra05-swmm-v1.0.0,GIS + Phase 2B SWMM; rainfall reconstructed,139_1057
30806,L,0,0.0,2,21.115342881944443,3.412713156806098,6.0,0.0055508035244068,1.9459101490553128,10.039808867315957,28.707796517981976,1662.1107722706308,1.0,0.0,0.0,0.0,55,5500.0,0.0,0.0,0.0,0.4,9.216,0.03,99.01,187.3,0,0,1,E001,2005-07-26 reconstructed 15-minute hyetograph; 108 intervals,944.181998744607,250.38599395751956,431.6999950408936,649.2999992370605,866.5999999046326,943.2999987602234,69.0719985961914,250.38599395751956,7.900899887084961,20615.99943637848,22.59896850585937,7.256407260894775,943.1548395416756,943.1548395416756,,HYDRAULIC_PROXY; direct SWMM where mapped; street-surface states unavailable,UNVALIDATED_NO_EVENT_MATCHED_HYDRAULIC_OBSERVATIONS,RAINFALL_RECONSTRUCTED_15MIN; grid represents Phase 1 pilot coverage,Reconstructed E001 hyetograph; source rainfall is IMD three-hour observations,Unavailable; no street coupling,Phase 2A historical_2005 normalized SWMM output,True,PILOT_SUBCATCHMENT_ASSIGNED,1,historical_2005,terra05-swmm-v1.0.0,GIS + Phase 2B SWMM; rainfall reconstructed,139_1057
30807,L,0,0.0,2,30.905436197916668,9.181835598415798,1.0,0.0009251339207344,0.6931471805599453,5.101656157292154,7.611925524016306,1630.504805052307,1.0,0.0,0.0,0.0,16,1600.0,0.0,0.0,0.0,0.4,6.428,0.015,99.49,70.0,0,0,1,E001,2005-07-26 reconstructed 15-minute hyetograph; 108 intervals,944.181998744607,250.38599395751956,431.6999950408936,649.2999992370605,866.5999999046326,943.2999987602234,69.0719985961914,250.38599395751956,23.27560043334961,3763.9668703079215,40.58124923706055,12.747952461242676,943.0033828385784,943.0033828385784,,HYDRAULIC_PROXY; direct SWMM where mapped; street-surface states unavailable,UNVALIDATED_NO_EVENT_MATCHED_HYDRAULIC_OBSERVATIONS,RAINFALL_RECONSTRUCTED_15MIN; grid represents Phase 1 pilot coverage,Reconstructed E001 hyetograph; source rainfall is IMD three-hour observations,Unavailable; no street coupling,Phase 2A historical_2005 normalized SWMM output,True,PILOT_SUBCATCHMENT_ASSIGNED,1,historical_2005,terra05-swmm-v1.0.0,GIS + Phase 2B SWMM; rainfall reconstructed,139_1057
30808,L,0,0.0,2,26.75940619574653,7.442579481336805,6.0,0.0055508035244068,1.9459101490553128,0.0,103.89312494511378,1604.5185007656498,0.975206611570248,0.024793388429752,0.0,0.0,6,600.0,0.0,0.0,0.0,0.4,8.432,0.0,97.52,0.0,0,0,0,E001,2005-07-26 reconstructed 15-minute hyetograph; 108 intervals,944.181998744607,250.38599395751956,431.6999950408936,649.2999992370605,866.5999999046326,943.2999987602234,69.0719985961914,250.38599395751956,23.27560043334961,3763.9668703079215,40.58124923706055,12.747952461242676,940.3786892972854,940.3786892972854,,HYDRAULIC_PROXY; direct SWMM where mapped; street-surface states unavailable,UNVALIDATED_NO_EVENT_MATCHED_HYDRAULIC_OBSERVATIONS,RAINFALL_RECONSTRUCTED_15MIN; grid represents Phase 1 pilot coverage,Reconstructed E001 hyetograph; source rainfall is IMD three-hour observations,Unavailable; no street coupling,Phase 2A historical_2005 normalized SWMM output,True,PILOT_SUBCATCHMENT_ASSIGNED,1,historical_2005,terra05-swmm-v1.0.0,GIS + Phase 2B SWMM; rainfall reconstructed,139_1057
30809,L,0,0.0,2,28.74956766764323,14.12082290649414,13.0,0.0120267409695481,2.6390573296152584,0.0,203.7881778012132,1584.4283888203456,0.9256198347107438,0.0743801652892562,0.0,0.0,7,700.0,0.0,0.0,0.0,0.4,8.55,0.0,92.56,0.0,0,0,0,E001,2005-07-26 reconstructed 15-minute hyetograph; 108 intervals,944.181998744607,250.38599395751956,431.6999950408936,649.2999992370605,866.5999999046326,943.2999987602234,69.0719985961914,250.38599395751956,23.27560043334961,3763.9668703079215,40.58124923706055,12.747952461242676,934.881744661179,934.881744661179,,HYDRAULIC_PROXY; direct SWMM where mapped; street-surface states unavailable,UNVALIDATED_NO_EVENT_MATCHED_HYDRAULIC_OBSERVATIONS,RAINFALL_RECONSTRUCTED_15MIN; grid represents Phase 1 pilot coverage,Reconstructed E001 hyetograph; source rainfall is IMD three-hour observations,Unavailable; no street coupling,Phase 2A historical_2005 normalized SWMM output,True,PILOT_SUBCATCHMENT_ASSIGNED,1,historical_2005,terra05-swmm-v1.0.0,GIS + Phase 2B SWMM; rainfall reconstructed,139_1057
30810,L,0,0.0,2,45.87786526150174,11.089954800075954,4.0,0.0037005356829378,1.6094379124341005,0.0,303.7523027274308,1570.4607665587905,0.9917355371900828,0.0082644628099173,0.0,0.0,4,400.0,0.0,0.0,0.0,0.4,7.621,0.0,99.17,0.0,0,0,0,E001,2005-07-26 reconstructed 15-minute hyetograph; 108 intervals,944.181998744607,250.38599395751956,431.6999950408936,649.2999992370605,866.5999999046326,943.2999987602234,69.0719985961914,250.38599395751956,23.27560043334961,3763.9668703079215,40.58124923706055,12.747952461242676,942.1061227188328,942.1061227188328,,HYDRAULIC_PROXY; direct SWMM where mapped; street-surface states unavailable,UNVALIDATED_NO_EVENT_MATCHED_HYDRAULIC_OBSERVATIONS,RAINFALL_RECONSTRUCTED_15MIN; grid represents Phase 1 pilot coverage,Reconstructed E001 hyetograph; source rainfall is IMD three-hour observations,Unavailable; no street coupling,Phase 2A historical_2005 normalized SWMM output,True,PILOT_SUBCATCHMENT_ASSIGNED,1,historical_2005,terra05-swmm-v1.0.0,GIS + Phase 2B SWMM; rainfall reconstructed,139_1057
30811,L,0,0.0,2,38.76327175564237,16.873250325520832,1.0,0.0009251339207344,0.6931471805599453,0.0,403.7341964868651,1562.7798051232337,0.7024793388429752,0.0826446280991735,0.0,0.0,11,1100.0,0.0,0.0,0.0,0.4,5.798,0.0,70.25,136.6,0,0,1,E001,2005-07-26 reconstructed 15-minute hyetograph; 108 intervals,944.181998744607,250.38599395751956,431.6999950408936,649.2999992370605,866.5999999046326,943.2999987602234,69.0719985961914,250.38599395751956,23.27560043334961,3763.9668703079215,40.58124923706055,12.747952461242676,910.0780790270072,910.0780790270072,,HYDRAULIC_PROXY; direct SWMM where mapped; street-surface states unavailable,UNVALIDATED_NO_EVENT_MATCHED_HYDRAULIC_OBSERVATIONS,RAINFALL_RECONSTRUCTED_15MIN; grid represents Phase 1 pilot coverage,Reconstructed E001 hyetograph; source rainfall is IMD three-hour observations,Unavailable; no street coupling,Phase 2A historical_2005 normalized SWMM output,True,PILOT_SUBCATCHMENT_ASSIGNED,1,historical_2005,terra05-swmm-v1.0.0,GIS + Phase 2B SWMM; rainfall reconstructed,139_1057
30812,L,0,0.0,2,32.44677225748698,13.046549479166666,115.0,0.1063904008844641,4.7535901911063645,0.0,503.723278609965,1561.478280124831,0.628099173553719,0.2975206611570248,0.0,0.0,19,1900.0,0.0,0.0,0.0,0.4,10.812,0.0,62.81,84.2,0,0,1,E001,2005-07-26 reconstructed 15-minute hyetograph; 108 intervals,944.181998744607,250.38599395751956,431.6999950408936,649.2999992370605,866.5999999046326,943.2999987602234,69.0719985961914,250.38599395751956,23.27560043334961,3763.9668703079215,40.58124923706055,12.747952461242676,901.8362497801716,901.8362497801716,,HYDRAULIC_PROXY; direct SWMM where mapped; street-surface states unavailable,UNVALIDATED_NO_EVENT_MATCHED_HYDRAULIC_OBSERVATIONS,RAINFALL_RECONSTRUCTED_15MIN; grid represents Phase 1 pilot coverage,Reconstructed E001 hyetograph; source rainfall is IMD three-hour observations,Unavailable; no street coupling,Phase 2A historical_2005 normalized SWMM output,True,PILOT_SUBCATCHMENT_ASSIGNED,1,historical_2005,terra05-swmm-v1.0.0,GIS + Phase 2B SWMM; rainfall reconstructed,139_1057
30813,L,0,0.0,2,39.617329915364586,15.326763576931423,1.0,0.0009251339207344,0.6931471805599453,0.0,558.9422376206509,1566.572091958167,0.4876033057851239,0.512396694214876,0.0,0.0,17,1700.0,0.0,0.0,0.0,0.4,5.9,0.0,48.76,0.0,0,0,1,E001,2005-07-26 reconstructed 15-minute hyetograph; 108 intervals,944.181998744607,250.38599395751956,431.6999950408936,649.2999992370605,866.5999999046326,943.2999987602234,69.0719985961914,250.38599395751956,6.990200042724609,399302.5978446007,36.71260833740234,6.118086814880371,886.2869514973861,886.2869514973861,,HYDRAULIC_PROXY; direct SWMM where mapped; street-surface states unavailable,UNVALIDATED_NO_EVENT_MATCHED_HYDRAULIC_OBSERVATIONS,RAINFALL_RECONSTRUCTED_15MIN; grid represents Phase 1 pilot coverage,Reconstructed E001 hyetograph; source rainfall is IMD three-hour observations,Unavailable; no street coupling,Phase 2A historical_2005 normalized SWMM output,True,PILOT_SUBCATCHMENT_ASSIGNED,1,historical_2005,terra05-swmm-v1.0.0,GIS + Phase 2B SWMM; rainfall reconstructed,139_1057
30814,L,0,0.0,2,64.10121663411458,25.70006646050347,1.0,0.0009251339207344,0.6931471805599453,0.0,606.6506943844729,1577.9061932686336,0.3140495867768595,0.6363636363636364,0.0,0.0,7,700.0,0.0,0.0,0.0,0.4,5.336,0.0,31.4,0.0,0,0,0,E001,2005-07-26 reconstructed 15-minute hyetograph; 108 intervals,944.181998744607,250.38599395751956,431.6999950408936,649.2999992370605,866.5999999046326,943.2999987602234,69.0719985961914,250.38599395751956,6.990200042724609,399302.5978446007,31.28599739074707,5.213752269744873,867.1105887033625,867.1105887033625,,HYDRAULIC_PROXY; direct SWMM where mapped; street-surface states unavailable,UNVALIDATED_NO_EVENT_MATCHED_HYDRAULIC_OBSERVATIONS,RAINFALL_RECONSTRUCTED_15MIN; grid represents Phase 1 pilot coverage,Reconstructed E001 hyetograph; source rainfall is IMD three-hour observations,Unavailable; no street coupling,Phase 2A historical_2005 normalized SWMM output,True,PILOT_SUBCATCHMENT_ASSIGNED,1,historical_2005,terra05-swmm-v1.0.0,GIS + Phase 2B SWMM; rainfall reconstructed,139_1057
30815,L,0,0.0,2,41.52513631184896,24.004845513237846,1.0,0.0009251339207344,0.6931471805599453,0.0,666.0583345308022,1595.2567990001394,0.4132231404958678,0.5537190082644629,0.0,0.0,5,500.0,0.0,0.0,0.0,0.4,5.414,0.0,41.32,0.0,0,0,0,E001,2005-07-26 reconstructed 15-minute hyetograph; 108 intervals,944.181998744607,250.38599395751956,431.6999950408936,649.2999992370605,866.5999999046326,943.2999987602234,69.0719985961914,250.38599395751956,6.990200042724609,399302.5978446007,36.71260833740234,6.118086814880371,878.0719955731182,878.0719955731182,,HYDRAULIC_PROXY; direct SWMM where mapped; street-surface states unavailable,UNVALIDATED_NO_EVENT_MATCHED_HYDRAULIC_OBSERVATIONS,RAINFALL_RECONSTRUCTED_15MIN; grid represents Phase 1 pilot coverage,Reconstructed E001 hyetograph; source rainfall is IMD three-hour observations,Unavailable; no street coupling,Phase 2A historical_2005 normalized SWMM output,True,PILOT_SUBCATCHMENT_ASSIGNED,1,historical_2005,terra05-swmm-v1.0.0,GIS + Phase 2B SWMM; rainfall reconstructed,139_1057
30816,L,0,0.0,2,31.874549865722656,11.320419311523438,2.0,0.0018502678414689,1.0986122886681098,0.0,734.3312229496503,1618.610686594164,0.5206611570247934,0.256198347107438,0.0,0.0,1,100.0,0.0,0.0,0.0,0.4,6.907,0.0,52.07,37.1,0,0,0,E001,2005-07-26 reconstructed 15-minute hyetograph; 108 intervals,944.181998744607,250.38599395751956,431.6999950408936,649.2999992370605,866.5999999046326,943.2999987602234,69.0719985961914,250.38599395751956,6.990200042724609,399302.5978446007,36.71260833740234,6.118086814880371,889.9340121963903,889.9340121963903,,HYDRAULIC_PROXY; direct SWMM where mapped; street-surface states unavailable,UNVALIDATED_NO_EVENT_MATCHED_HYDRAULIC_OBSERVATIONS,RAINFALL_RECONSTRUCTED_15MIN; grid represents Phase 1 pilot coverage,Reconstructed E001 hyetograph; source rainfall is IMD three-hour observations,Unavailable; no street coupling,Phase 2A historical_2005 normalized SWMM output,True,PILOT_SUBCATCHMENT_ASSIGNED,1,historical_2005,terra05-swmm-v1.0.0,GIS + Phase 2B SWMM; rainfall reconstructed,139_1057
30817,L,0,0.0,2,28.65365939670139,9.799296061197916,2.0,0.0018502678414689,1.0986122886681098,0.0,714.2525149166829,1647.7126129144883,0.6859504132231405,0.1900826446280991,0.0,0.0,3,300.0,0.0,0.0,0.0,0.4,7.054,0.0,68.6,21.5,0,0,0,E001,2005-07-26 reconstructed 15-minute hyetograph; 108 intervals,944.181998744607,250.38599395751956,431.6999950408936,649.2999992370605,866.5999999046326,943.2999987602234,69.0719985961914,250.38599395751956,6.990200042724609,399302.5978446007,36.71260833740234,6.118086814880371,908.2423058916172,908.2423058916172,,HYDRAULIC_PROXY; direct SWMM where mapped; street-surface states unavailable,UNVALIDATED_NO_EVENT_MATCHED_HYDRAULIC_OBSERVATIONS,RAINFALL_RECONSTRUCTED_15MIN; grid represents Phase 1 pilot coverage,Reconstructed E001 hyetograph; source rainfall is IMD three-hour observations,Unavailable; no street coupling,Phase 2A historical_2005 normalized SWMM output,True,PILOT_SUBCATCHMENT_ASSIGNED,1,historical_2005,terra05-swmm-v1.0.0,GIS + Phase 2B SWMM; rainfall reconstructed,139_1057
30818,L,0,0.0,2,30.0186767578125,10.22338358561198,76.0,0.0703101779758198,4.343805421853684,0.0,665.8255080150938,1675.6360037731586,0.990909090909091,0.009090909090909,0.0,0.0,2,200.0,0.0,0.0,0.0,0.4,10.649,0.0,99.09,0.0,0,0,0,E001,2005-07-26 reconstructed 15-minute hyetograph; 108 intervals,944.181998744607,250.38599395751956,431.6999950408936,649.2999992370605,866.5999999046326,943.2999987602234,69.0719985961914,250.38599395751956,6.990200042724609,399302.5978446007,31.28599739074707,5.213752269744873,942.0273492843988,942.0273492843988,,HYDRAULIC_PROXY; direct SWMM where mapped; street-surface states unavailable,UNVALIDATED_NO_EVENT_MATCHED_HYDRAULIC_OBSERVATIONS,RAINFALL_RECONSTRUCTED_15MIN; grid represents Phase 1 pilot coverage,Reconstructed E001 hyetograph; source rainfall is IMD three-hour observations,Unavailable; no street coupling,Phase 2A historical_2005 normalized SWMM output,True,PILOT_SUBCATCHMENT_ASSIGNED,1,historical_2005,terra05-swmm-v1.0.0,GIS + Phase 2B SWMM; rainfall reconstructed,139_1057
30819,L,0,0.0,2,30.771570841471355,6.832862854003906,2.0,0.0018502678414689,1.0986122886681098,0.0,628.1874299316289,1704.401776912158,0.9421487603305784,0.0413223140495867,0.0,0.0,8,800.0,0.0,0.0,0.0,0.4,7.42,0.0,94.21,0.0,0,0,0,E001,2005-07-26 reconstructed 15-minute hyetograph; 108 intervals,944.181998744607,250.38599395751956,431.6999950408936,649.2999992370605,866.5999999046326,943.2999987602234,69.0719985961914,250.38599395751956,6.990200042724609,399302.5978446007,31.28599739074707,5.213752269744873,936.7368783898562,936.7368783898562,,HYDRAULIC_PROXY; direct SWMM where mapped; street-surface states unavailable,UNVALIDATED_NO_EVENT_MATCHED_HYDRAULIC_OBSERVATIONS,RAINFALL_RECONSTRUCTED_15MIN; grid represents Phase 1 pilot coverage,Reconstructed E001 hyetograph; source rainfall is IMD three-hour observations,Unavailable; no street coupling,Phase 2A historical_2005 normalized SWMM output,True,PILOT_SUBCATCHMENT_ASSIGNED,1,historical_2005,terra05-swmm-v1.0.0,GIS + Phase 2B SWMM; rainfall reconstructed,139_1057
30820,L,0,0.0,2,24.72958713107639,3.2286546495225696,19.0,0.0175775444939549,2.995732273553991,0.0,604.909321406649,1738.4518449303575,0.9586776859504132,0.0413223140495867,0.0,0.0,8,800.0,0.0,0.0,0.0,0.4,10.425,0.0,95.87,0.0,0,0,0,E001,2005-07-26 reconstructed 15-minute hyetograph; 108 intervals,944.181998744607,250.38599395751956,431.6999950408936,649.2999992370605,866.5999999046326,943.2999987602234,69.0719985961914,250.38599395751956,6.990200042724609,399302.5978446007,36.71260833740234,6.118086814880371,938.647786572619,938.647786572619,,HYDRAULIC_PROXY; direct SWMM where mapped; street-surface states unavailable,UNVALIDATED_NO_EVENT_MATCHED_HYDRAULIC_OBSERVATIONS,RAINFALL_RECONSTRUCTED_15MIN; grid represents Phase 1 pilot coverage,Reconstructed E001 hyetograph; source rainfall is IMD three-hour observations,Unavailable; no street coupling,Phase 2A historical_2005 normalized SWMM output,True,PILOT_SUBCATCHMENT_ASSIGNED,1,historical_2005,terra05-swmm-v1.0.0,GIS + Phase 2B SWMM; rainfall reconstructed,139_1057
30821,L,0,0.0,2,32.40624660915799,12.481862386067707,5.0,0.0046256696036723,1.791759469228055,0.0,597.6714207030483,1777.4825504466155,0.9586776859504132,0.0330578512396694,0.0,0.0,8,800.0,0.0,0.0,0.0,0.4,7.723,0.0,95.87,3.5,0,0,0,E001,2005-07-26 reconstructed 15-minute hyetograph; 108 intervals,944.181998744607,250.38599395751956,431.6999950408936,649.2999992370605,866.5999999046326,943.2999987602234,69.0719985961914,250.38599395751956,6.990200042724609,399302.5978446007,36.71260833740234,6.118086814880371,938.5317734045382,938.5317734045382,,HYDRAULIC_PROXY; direct SWMM where mapped; street-surface states unavailable,UNVALIDATED_NO_EVENT_MATCHED_HYDRAULIC_OBSERVATIONS,RAINFALL_RECONSTRUCTED_15MIN; grid represents Phase 1 pilot coverage,Reconstructed E001 hyetograph; source rainfall is IMD three-hour observations,Unavailable; no street coupling,Phase 2A historical_2005 normalized SWMM output,True,PILOT_SUBCATCHMENT_ASSIGNED,1,historical_2005,terra05-swmm-v1.0.0,GIS + Phase 2B SWMM; rainfall reconstructed,139_1057
30822,L,0,0.0,2,41.151645236545136,13.377795749240452,3.0,0.0027754017622034,1.3862943611198906,0.0,607.0477469900927,1821.173692194857,0.8842975206611571,0.0661157024793388,0.0,0.0,15,1500.0,0.0,0.0,0.0,0.4,7.14,0.0,88.43,16.6,0,0,0,E001,2005-07-26 reconstructed 15-minute hyetograph; 108 intervals,944.181998744607,250.38599395751956,431.6999950408936,649.2999992370605,866.5999999046326,943.2999987602234,69.0719985961914,250.38599395751956,6.990200042724609,399302.5978446007,31.28599739074707,5.213752269744873,930.2828372775546,930.2828372775546,,HYDRAULIC_PROXY; direct SWMM where mapped; street-surface states unavailable,UNVALIDATED_NO_EVENT_MATCHED_HYDRAULIC_OBSERVATIONS,RAINFALL_RECONSTRUCTED_15MIN; grid represents Phase 1 pilot coverage,Reconstructed E001 hyetograph; source rainfall is IMD three-hour observations,Unavailable; no street coupling,Phase 2A historical_2005 normalized SWMM output,True,PILOT_SUBCATCHMENT_ASSIGNED,1,historical_2005,terra05-swmm-v1.0.0,GIS + Phase 2B SWMM; rainfall reconstructed,139_1057
31061,L,0,0.0,2,15.504146999782986,3.2725418938530817,3.0,0.0027754017622034,1.3862943611198906,21.08319388433351,19.766708751373155,794.5108093755679,0.628099173553719,0.3553719008264462,0.0,0.0,16,1600.0,0.0,0.0,0.0,0.4,8.565,0.063,61.51,0.0,0,0,1,E001,2005-07-26 reconstructed 15-minute hyetograph; 108 intervals,944.181998744607,250.38599395751956,431.6999950408936,649.2999992370605,866.5999999046326,943.2999987602234,69.0719985961914,250.38599395751956,0.9337303638458252,0.0,3.810427188873291,1.1731197834014893,901.8123450566052,901.8123450566052,,HYDRAULIC_PROXY; direct SWMM where mapped; street-surface states unavailable,UNVALIDATED_NO_EVENT_MATCHED_HYDRAULIC_OBSERVATIONS,RAINFALL_RECONSTRUCTED_15MIN; grid represents Phase 1 pilot coverage,Reconstructed E001 hyetograph; source rainfall is IMD three-hour observations,Unavailable; no street coupling,Phase 2A historical_2005 normalized SWMM output,True,PILOT_SUBCATCHMENT_ASSIGNED,1,historical_2005,terra05-swmm-v1.0.0,GIS + Phase 2B SWMM; rainfall reconstructed,139_1055
31063,L,0,0.0,2,21.798878987630207,3.098189036051432,1.0,0.0009251339207344,0.6931471805599453,0.0,197.66954379930263,694.5624710679162,0.7768595041322314,0.2066115702479339,0.0,0.0,21,2100.0,0.0,0.0,0.0,0.4,7.522,0.0,77.69,0.0,0,0,1,E001,2005-07-26 reconstructed 15-minute hyetograph; 108 intervals,944.181998744607,250.38599395751956,431.6999950408936,649.2999992370605,866.5999999046326,943.2999987602234,69.0719985961914,250.38599395751956,0.9246802926063538,0.0,14.537886619567873,3.634067058563232,918.4009930206956,918.4009930206956,,HYDRAULIC_PROXY; direct SWMM where mapped; street-surface states unavailable,UNVALIDATED_NO_EVENT_MATCHED_HYDRAULIC_OBSERVATIONS,RAINFALL_RECONSTRUCTED_15MIN; grid represents Phase 1 pilot coverage,Reconstructed E001 hyetograph; source rainfall is IMD three-hour observations,Unavailable; no street coupling,Phase 2A historical_2005 normalized SWMM output,True,PILOT_SUBCATCHMENT_ASSIGNED,1,historical_2005,terra05-swmm-v1.0.0,GIS + Phase 2B SWMM; rainfall reconstructed,139_1055
31064,L,0,0.0,2,22.95934719509549,4.670474158393012,4.0,0.0037005356829378,1.6094379124341005,0.0,135.68009635386989,661.8170640113815,0.9834710743801652,0.0,0.0,0.0,32,3200.0,0.0,0.0,0.0,0.4,8.496,0.0,98.35,60.8,0,0,1,E001,2005-07-26 reconstructed 15-minute hyetograph; 108 intervals,944.181998744607,250.38599395751956,431.6999950408936,649.2999992370605,866.5999999046326,943.2999987602234,69.0719985961914,250.38599395751956,5.568675518035889,0.0,3.815872192382813,2.1011528968811035,941.338199121819,941.338199121819,,HYDRAULIC_PROXY; direct SWMM where mapped; street-surface states unavailable,UNVALIDATED_NO_EVENT_MATCHED_HYDRAULIC_OBSERVATIONS,RAINFALL_RECONSTRUCTED_15MIN; grid represents Phase 1 pilot coverage,Reconstructed E001 hyetograph; source rainfall is IMD three-hour observations,Unavailable; no street coupling,Phase 2A historical_2005 normalized SWMM output,True,PILOT_SUBCATCHMENT_ASSIGNED,1,historical_2005,terra05-swmm-v1.0.0,GIS + Phase 2B SWMM; rainfall reconstructed,139_1055
31085,L,0,0.0,2,19.205861409505207,1.9596322377522783,12.0,0.0111016070488136,2.5649493574615367,1.2955920404168393,61.722255479473695,1795.6457321979988,1.0,0.0,0.0,0.0,38,3800.0,0.0,0.0,0.0,0.4,10.465,0.004,99.87,201.8,0,0,1,E001,2005-07-26 reconstructed 15-minute hyetograph; 108 intervals,944.181998744607,250.38599395751956,431.6999950408936,649.2999992370605,866.5999999046326,943.2999987602234,69.0719985961914,250.38599395751956,0.3056038618087768,0.0,2.302427053451538,1.5215935707092283,943.2676605614686,943.2676605614686,,HYDRAULIC_PROXY; direct SWMM where mapped; street-surface states unavailable,UNVALIDATED_NO_EVENT_MATCHED_HYDRAULIC_OBSERVATIONS,RAINFALL_RECONSTRUCTED_15MIN; grid represents Phase 1 pilot coverage,Reconstructed E001 hyetograph; source rainfall is IMD three-hour observations,Unavailable; no street coupling,Phase 2A historical_2005 normalized SWMM output,True,PILOT_SUBCATCHMENT_ASSIGNED,1,historical_2005,terra05-swmm-v1.0.0,GIS + Phase 2B SWMM; rainfall reconstructed,139_1057
31086,L,0,0.0,2,19.299424913194443,2.2394705878363714,15.0,0.013877008811017,2.772588722239781,10.258639816258093,26.02144048478113,1811.1804822346087,0.9834710743801652,0.0,0.0,0.0,59,5900.0,0.0,0.0,0.0,0.4,10.555,0.031,97.35,151.2,0,0,1,E001,2005-07-26 reconstructed 15-minute hyetograph; 108 intervals,944.181998744607,250.38599395751956,431.6999950408936,649.2999992370605,866.5999999046326,943.2999987602234,69.0719985961914,250.38599395751956,0.3056038618087768,0.0,2.302427053451538,1.5215935707092283,941.4550678170052,941.4550678170052,,HYDRAULIC_PROXY; direct SWMM where mapped; street-surface states unavailable,UNVALIDATED_NO_EVENT_MATCHED_HYDRAULIC_OBSERVATIONS,RAINFALL_RECONSTRUCTED_15MIN; grid represents Phase 1 pilot coverage,Reconstructed E001 hyetograph; source rainfall is IMD three-hour observations,Unavailable; no street coupling,Phase 2A historical_2005 normalized SWMM output,True,PILOT_SUBCATCHMENT_ASSIGNED,1,historical_2005,terra05-swmm-v1.0.0,GIS + Phase 2B SWMM; rainfall reconstructed,139_1057
31087,L,0,0.0,2,21.515787760416668,1.1449116071065266,1.0,0.0009251339207344,0.6931471805599453,0.0,114.6144147763248,1790.4344100453668,1.0,0.0,0.0,0.0,39,3900.0,0.0,0.0,0.0,0.4,8.518,0.0,100.0,187.8,0,0,1,E001,2005-07-26 reconstructed 15-minute hyetograph; 108 intervals,944.181998744607,250.38599395751956,431.6999950408936,649.2999992370605,866.5999999046326,943.2999987602234,69.0719985961914,250.38599395751956,6.048128128051758,0.0,22.98581314086914,5.920466899871826,943.3624421304556,943.3624421304556,,HYDRAULIC_PROXY; direct SWMM where mapped; street-surface states unavailable,UNVALIDATED_NO_EVENT_MATCHED_HYDRAULIC_OBSERVATIONS,RAINFALL_RECONSTRUCTED_15MIN; grid represents Phase 1 pilot coverage,Reconstructed E001 hyetograph; source rainfall is IMD three-hour observations,Unavailable; no street coupling,Phase 2A historical_2005 normalized SWMM output,True,PILOT_SUBCATCHMENT_ASSIGNED,1,historical_2005,terra05-swmm-v1.0.0,GIS + Phase 2B SWMM; rainfall reconstructed,139_1057
31088,L,0,0.0,2,21.54577297634549,2.909003787570529,1.0,0.0009251339207344,0.6931471805599453,0.0,124.99548971080158,1756.3745327521667,0.9917355371900828,0.0082644628099173,0.0,0.0,18,1800.0,0.0,0.0,0.0,0.4,7.585,0.0,99.17,29.9,0,0,1,E001,2005-07-26 reconstructed 15-minute hyetograph; 108 intervals,944.181998744607,250.38599395751956,431.6999950408936,649.2999992370605,866.5999999046326,943.2999987602234,69.0719985961914,250.38599395751956,9.411399841308594,86948.6866235733,22.958181381225582,6.300437450408936,942.305684337043,942.305684337043,,HYDRAULIC_PROXY; direct SWMM where mapped; street-surface states unavailable,UNVALIDATED_NO_EVENT_MATCHED_HYDRAULIC_OBSERVATIONS,RAINFALL_RECONSTRUCTED_15MIN; grid represents Phase 1 pilot coverage,Reconstructed E001 hyetograph; source rainfall is IMD three-hour observations,Unavailable; no street coupling,Phase 2A historical_2005 normalized SWMM output,True,PILOT_SUBCATCHMENT_ASSIGNED,1,historical_2005,terra05-swmm-v1.0.0,GIS + Phase 2B SWMM; rainfall reconstructed,139_1057
31089,L,0,0.0,2,21.502699110243057,7.464613172743055,6.0,0.0055508035244068,1.9459101490553128,0.0,93.4087865929156,1726.4950620551974,0.859504132231405,0.1074380165289256,0.0,0.0,15,1500.0,0.0,0.0,0.0,0.4,8.429,0.0,85.95,144.5,0,0,1,E001,2005-07-26 reconstructed 15-minute hyetograph; 108 intervals,944.181998744607,250.38599395751956,431.6999950408936,649.2999992370605,866.5999999046326,943.2999987602234,69.0719985961914,250.38599395751956,23.27560043334961,3763.9668703079215,40.58124923706055,12.747952461242676,927.5177298880589,927.5177298880589,,HYDRAULIC_PROXY; direct SWMM where mapped; street-surface states unavailable,UNVALIDATED_NO_EVENT_MATCHED_HYDRAULIC_OBSERVATIONS,RAINFALL_RECONSTRUCTED_15MIN; grid represents Phase 1 pilot coverage,Reconstructed E001 hyetograph; source rainfall is IMD three-hour observations,Unavailable; no street coupling,Phase 2A historical_2005 normalized SWMM output,True,PILOT_SUBCATCHMENT_ASSIGNED,1,historical_2005,terra05-swmm-v1.0.0,GIS + Phase 2B SWMM; rainfall reconstructed,139_1057
31090,L,0,0.0,2,21.753468831380207,4.29731920030382,3.0,0.0027754017622034,1.3862943611198906,0.0,139.50283657846782,1701.974999611207,0.9256198347107438,0.0495867768595041,0.0,0.0,14,1400.0,0.0,0.0,0.0,0.4,8.292,0.0,92.56,63.2,0,0,0,E001,2005-07-26 reconstructed 15-minute hyetograph; 108 intervals,944.181998744607,250.38599395751956,431.6999950408936,649.2999992370605,866.5999999046326,943.2999987602234,69.0719985961914,250.38599395751956,23.27560043334961,3763.9668703079215,40.58124923706055,12.747952461242676,934.9214118987582,934.9214118987582,,HYDRAULIC_PROXY; direct SWMM where mapped; street-surface states unavailable,UNVALIDATED_NO_EVENT_MATCHED_HYDRAULIC_OBSERVATIONS,RAINFALL_RECONSTRUCTED_15MIN; grid represents Phase 1 pilot coverage,Reconstructed E001 hyetograph; source rainfall is IMD three-hour observations,Unavailable; no street coupling,Phase 2A historical_2005 normalized SWMM output,True,PILOT_SUBCATCHMENT_ASSIGNED,1,historical_2005,terra05-swmm-v1.0.0,GIS + Phase 2B SWMM; rainfall reconstructed,139_1057
31091,L,0,0.0,2,23.571022033691406,8.68881861368815,2.0,0.0018502678414689,1.0986122886681098,0.0,224.0466054510011,1683.048602774785,0.4214876033057851,0.5785123966942148,0.0,0.0,3,300.0,0.0,0.0,0.0,0.4,7.177,0.0,42.15,0.0,0,0,0,E001,2005-07-26 reconstructed 15-minute hyetograph; 108 intervals,944.181998744607,250.38599395751956,431.6999950408936,649.2999992370605,866.5999999046326,943.2999987602234,69.0719985961914,250.38599395751956,23.27560043334961,3763.9668703079215,40.58124923706055,12.747952461242676,878.8896251079857,878.8896251079857,,HYDRAULIC_PROXY; direct SWMM where mapped; street-surface states unavailable,UNVALIDATED_NO_EVENT_MATCHED_HYDRAULIC_OBSERVATIONS,RAINFALL_RECONSTRUCTED_15MIN; grid represents Phase 1 pilot coverage,Reconstructed E001 hyetograph; source rainfall is IMD three-hour observations,Unavailable; no street coupling,Phase 2A historical_2005 normalized SWMM output,True,PILOT_SUBCATCHMENT_ASSIGNED,1,historical_2005,terra05-swmm-v1.0.0,GIS + Phase 2B SWMM; rainfall reconstructed,139_1057
31092,L,0,0.0,2,38.190338134765625,10.317647298177084,1.0,0.0009251339207344,0.6931471805599453,0.0,317.6991051526498,1669.9060749942626,0.950413223140496,0.0495867768595041,0.0,0.0,3,300.0,0.0,0.0,0.0,0.4,6.309,0.0,95.04,0.0,0,0,0,E001,2005-07-26 reconstructed 15-minute hyetograph; 108 intervals,944.181998744607,250.38599395751956,431.6999950408936,649.2999992370605,866.5999999046326,943.2999987602234,69.0719985961914,250.38599395751956,23.27560043334961,3763.9668703079215,40.58124923706055,12.747952461242676,937.6312298654371,937.6312298654371,,HYDRAULIC_PROXY; direct SWMM where mapped; street-surface states unavailable,UNVALIDATED_NO_EVENT_MATCHED_HYDRAULIC_OBSERVATIONS,RAINFALL_RECONSTRUCTED_15MIN; grid represents Phase 1 pilot coverage,Reconstructed E001 hyetograph; source rainfall is IMD three-hour observations,Unavailable; no street coupling,Phase 2A historical_2005 normalized SWMM output,True,PILOT_SUBCATCHMENT_ASSIGNED,1,historical_2005,terra05-swmm-v1.0.0,GIS + Phase 2B SWMM; rainfall reconstructed,139_1057
31093,L,0,0.0,2,31.78143310546875,10.630078633626304,4.0,0.0037005356829378,1.6094379124341005,0.0,409.6413380209078,1662.6845760105348,0.9421487603305784,0.0495867768595041,0.0,0.0,15,1500.0,0.0,0.0,0.0,0.4,7.664,0.0,94.21,100.7,0,0,1,E001,2005-07-26 reconstructed 15-minute hyetograph; 108 intervals,944.181998744607,250.38599395751956,431.6999950408936,649.2999992370605,866.5999999046326,943.2999987602234,69.0719985961914,250.38599395751956,6.990200042724609,399302.5978446007,31.28599739074707,5.213752269744873,936.7166270890446,936.7166270890446,,HYDRAULIC_PROXY; direct SWMM where mapped; street-surface states unavailable,UNVALIDATED_NO_EVENT_MATCHED_HYDRAULIC_OBSERVATIONS,RAINFALL_RECONSTRUCTED_15MIN; grid represents Phase 1 pilot coverage,Reconstructed E001 hyetograph; source rainfall is IMD three-hour observations,Unavailable; no street coupling,Phase 2A historical_2005 normalized SWMM output,True,PILOT_SUBCATCHMENT_ASSIGNED,1,historical_2005,terra05-swmm-v1.0.0,GIS + Phase 2B SWMM; rainfall reconstructed,139_1057
31094,L,0,0.0,2,30.715484619140625,7.987642288208008,102.0,0.094363659914916,4.634728988229636,0.0,429.82145711716186,1661.461314416896,0.950413223140496,0.0413223140495867,0.0,0.0,12,1200.0,0.0,0.0,0.0,0.4,11.194,0.0,95.04,0.0,0,0,0,E001,2005-07-26 reconstructed 15-minute hyetograph; 108 intervals,944.181998744607,250.38599395751956,431.6999950408936,649.2999992370605,866.5999999046326,943.2999987602234,69.0719985961914,250.38599395751956,6.990200042724609,399302.5978446007,31.28599739074707,5.213752269744873,937.6448956909004,937.6448956909004,,HYDRAULIC_PROXY; direct SWMM where mapped; street-surface states unavailable,UNVALIDATED_NO_EVENT_MATCHED_HYDRAULIC_OBSERVATIONS,RAINFALL_RECONSTRUCTED_15MIN; grid represents Phase 1 pilot coverage,Reconstructed E001 hyetograph; source rainfall is IMD three-hour observations,Unavailable; no street coupling,Phase 2A historical_2005 normalized SWMM output,True,PILOT_SUBCATCHMENT_ASSIGNED,1,historical_2005,terra05-swmm-v1.0.0,GIS + Phase 2B SWMM; rainfall reconstructed,139_1057
31095,L,0,0.0,2,39.02622477213541,12.977230495876736,7.0,0.0064759374451412,2.079441541679836,0.0,469.4199878564004,1666.2495009165066,0.7272727272727273,0.2644628099173554,0.0,0.0,13,1300.0,0.0,0.0,0.0,0.4,8.019,0.0,72.73,32.5,0,0,0,E001,2005-07-26 reconstructed 15-minute hyetograph; 108 intervals,944.181998744607,250.38599395751956,431.6999950408936,649.2999992370605,866.5999999046326,943.2999987602234,69.0719985961914,250.38599395751956,6.990200042724609,399302.5978446007,31.28599739074707,5.213752269744873,912.818423608696,912.818423608696,,HYDRAULIC_PROXY; direct SWMM where mapped; street-surface states unavailable,UNVALIDATED_NO_EVENT_MATCHED_HYDRAULIC_OBSERVATIONS,RAINFALL_RECONSTRUCTED_15MIN; grid represents Phase 1 pilot coverage,Reconstructed E001 hyetograph; source rainfall is IMD three-hour observations,Unavailable; no street coupling,Phase 2A historical_2005 normalized SWMM output,True,PILOT_SUBCATCHMENT_ASSIGNED,1,historical_2005,terra05-swmm-v1.0.0,GIS + Phase 2B SWMM; rainfall reconstructed,139_1057
31096,L,0,0.0,2,64.99590386284723,19.699659559461807,1.0,0.0009251339207344,0.6931471805599453,0.0,525.3225342586077,1676.9425257765788,0.7272727272727273,0.1735537190082644,0.0,0.0,9,900.0,0.0,0.0,0.0,0.4,5.632,0.0,72.73,0.0,0,0,0,E001,2005-07-26 reconstructed 15-minute hyetograph; 108 intervals,944.181998744607,250.38599395751956,431.6999950408936,649.2999992370605,866.5999999046326,943.2999987602234,69.0719985961914,250.38599395751956,6.990200042724609,399302.5978446007,36.71260833740234,6.118086814880371,912.8375126800528,912.8375126800528,,HYDRAULIC_PROXY; direct SWMM where mapped; street-surface states unavailable,UNVALIDATED_NO_EVENT_MATCHED_HYDRAULIC_OBSERVATIONS,RAINFALL_RECONSTRUCTED_15MIN; grid represents Phase 1 pilot coverage,Reconstructed E001 hyetograph; source rainfall is IMD three-hour observations,Unavailable; no street coupling,Phase 2A historical_2005 normalized SWMM output,True,PILOT_SUBCATCHMENT_ASSIGNED,1,historical_2005,terra05-swmm-v1.0.0,GIS + Phase 2B SWMM; rainfall reconstructed,139_1057
31097,L,0,0.0,2,39.926730685763886,25.00864664713541,4.0,0.0037005356829378,1.6094379124341005,0.0,592.9354138526969,1693.278634708001,0.5537190082644629,0.256198347107438,0.0,0.0,10,1000.0,0.0,0.0,0.0,0.4,6.754,0.0,55.37,0.0,0,0,0,E001,2005-07-26 reconstructed 15-minute hyetograph; 108 intervals,944.181998744607,250.38599395751956,431.6999950408936,649.2999992370605,866.5999999046326,943.2999987602234,69.0719985961914,250.38599395751956,6.990200042724609,399302.5978446007,31.28599739074707,5.213752269744873,893.6153736312552,893.6153736312552,,HYDRAULIC_PROXY; direct SWMM where mapped; street-surface states unavailable,UNVALIDATED_NO_EVENT_MATCHED_HYDRAULIC_OBSERVATIONS,RAINFALL_RECONSTRUCTED_15MIN; grid represents Phase 1 pilot coverage,Reconstructed E001 hyetograph; source rainfall is IMD three-hour observations,Unavailable; no street coupling,Phase 2A historical_2005 normalized SWMM output,True,PILOT_SUBCATCHMENT_ASSIGNED,1,historical_2005,terra05-swmm-v1.0.0,GIS + Phase 2B SWMM; rainfall reconstructed,139_1057
31098,L,0,0.0,2,32.69368998209635,12.222874959309896,6.0,0.0055508035244068,1.9459101490553128,0.0,668.7159673594252,1715.2984681271223,0.4958677685950413,0.3140495867768595,0.0,0.0,11,1100.0,0.0,0.0,0.0,0.4,7.927,0.0,49.59,0.0,0,0,0,E001,2005-07-26 reconstructed 15-minute hyetograph; 108 intervals,944.181998744607,250.38599395751956,431.6999950408936,649.2999992370605,866.5999999046326,943.2999987602234,69.0719985961914,250.38599395751956,6.990200042724609,399302.5978446007,36.71260833740234,6.118086814880371,887.1919155808425,887.1919155808425,,HYDRAULIC_PROXY; direct SWMM where mapped; street-surface states unavailable,UNVALIDATED_NO_EVENT_MATCHED_HYDRAULIC_OBSERVATIONS,RAINFALL_RECONSTRUCTED_15MIN; grid represents Phase 1 pilot coverage,Reconstructed E001 hyetograph; source rainfall is IMD three-hour observations,Unavailable; no street coupling,Phase 2A historical_2005 normalized SWMM output,True,PILOT_SUBCATCHMENT_ASSIGNED,1,historical_2005,terra05-swmm-v1.0.0,GIS + Phase 2B SWMM; rainfall reconstructed,139_1057
31099,L,0,0.0,2,42.480061848958336,20.64580620659722,1.0,0.0009251339207344,0.6931471805599453,0.0,750.1930984768087,1742.786600464874,0.5537190082644629,0.3388429752066115,0.0,0.0,8,800.0,0.0,0.0,0.0,0.4,5.581,0.0,55.37,0.0,0,0,0,E001,2005-07-26 reconstructed 15-minute hyetograph; 108 intervals,944.181998744607,250.38599395751956,431.6999950408936,649.2999992370605,866.5999999046326,943.2999987602234,69.0719985961914,250.38599395751956,6.990200042724609,399302.5978446007,31.28599739074707,5.213752269744873,893.6085756451937,893.6085756451937,,HYDRAULIC_PROXY; direct SWMM where mapped; street-surface states unavailable,UNVALIDATED_NO_EVENT_MATCHED_HYDRAULIC_OBSERVATIONS,RAINFALL_RECONSTRUCTED_15MIN; grid represents Phase 1 pilot coverage,Reconstructed E001 hyetograph; source rainfall is IMD three-hour observations,Unavailable; no street coupling,Phase 2A historical_2005 normalized SWMM output,True,PILOT_SUBCATCHMENT_ASSIGNED,1,historical_2005,terra05-swmm-v1.0.0,GIS + Phase 2B SWMM; rainfall reconstructed,139_1057
31100,L,0,0.0,2,47.90311686197917,16.537999471028645,1.0,0.0009251339207344,0.6931471805599453,0.0,756.8691215302946,1772.380257490865,0.8181818181818182,0.1818181818181818,0.0,0.0,4,400.0,0.0,0.0,0.0,0.4,5.819,0.0,81.82,0.0,0,0,0,E001,2005-07-26 reconstructed 15-minute hyetograph; 108 intervals,944.181998744607,250.38599395751956,431.6999950408936,649.2999992370605,866.5999999046326,943.2999987602234,69.0719985961914,250.38599395751956,6.990200042724609,399302.5978446007,36.71260833740234,6.118086814880371,922.9260431224244,922.9260431224244,,HYDRAULIC_PROXY; direct SWMM where mapped; street-surface states unavailable,UNVALIDATED_NO_EVENT_MATCHED_HYDRAULIC_OBSERVATIONS,RAINFALL_RECONSTRUCTED_15MIN; grid represents Phase 1 pilot coverage,Reconstructed E001 hyetograph; source rainfall is IMD three-hour observations,Unavailable; no street coupling,Phase 2A historical_2005 normalized SWMM output,True,PILOT_SUBCATCHMENT_ASSIGNED,1,historical_2005,terra05-swmm-v1.0.0,GIS + Phase 2B SWMM; rainfall reconstructed,139_1057
31101,L,0,0.0,2,37.79946899414063,5.66168212890625,1.0,0.0009251339207344,0.6931471805599453,0.0,723.9797698324087,1799.6002826027302,0.6611570247933884,0.3305785123966942,0.0,0.0,2,200.0,0.0,0.0,0.0,0.4,6.916,0.0,66.12,0.0,0,0,0,E001,2005-07-26 reconstructed 15-minute hyetograph; 108 intervals,944.181998744607,250.38599395751956,431.6999950408936,649.2999992370605,866.5999999046326,943.2999987602234,69.0719985961914,250.38599395751956,6.990200042724609,399302.5978446007,31.28599739074707,5.213752269744873,905.5064445679452,905.5064445679452,,HYDRAULIC_PROXY; direct SWMM where mapped; street-surface states unavailable,UNVALIDATED_NO_EVENT_MATCHED_HYDRAULIC_OBSERVATIONS,RAINFALL_RECONSTRUCTED_15MIN; grid represents Phase 1 pilot coverage,Reconstructed E001 hyetograph; source rainfall is IMD three-hour observations,Unavailable; no street coupling,Phase 2A historical_2005 normalized SWMM output,True,PILOT_SUBCATCHMENT_ASSIGNED,1,historical_2005,terra05-swmm-v1.0.0,GIS + Phase 2B SWMM; rainfall reconstructed,139_1057
31102,L,0,0.0,2,33.152852376302086,11.41631401909722,5.0,0.0046256696036723,1.791759469228055,0.0,703.8767982588536,1831.881703916568,0.6859504132231405,0.2975206611570248,0.0,0.0,3,300.0,0.0,0.0,0.0,0.4,7.814,0.0,68.6,0.0,0,0,0,E001,2005-07-26 reconstructed 15-minute hyetograph; 108 intervals,944.181998744607,250.38599395751956,431.6999950408936,649.2999992370605,866.5999999046326,943.2999987602234,69.0719985961914,250.38599395751956,6.990200042724609,399302.5978446007,31.28599739074707,5.213752269744873,908.2394952607136,908.2394952607136,,HYDRAULIC_PROXY; direct SWMM where mapped; street-surface states unavailable,UNVALIDATED_NO_EVENT_MATCHED_HYDRAULIC_OBSERVATIONS,RAINFALL_RECONSTRUCTED_15MIN; grid represents Phase 1 pilot coverage,Reconstructed E001 hyetograph; source rainfall is IMD three-hour observations,Unavailable; no street coupling,Phase 2A historical_2005 normalized SWMM output,True,PILOT_SUBCATCHMENT_ASSIGNED,1,historical_2005,terra05-swmm-v1.0.0,GIS + Phase 2B SWMM; rainfall reconstructed,139_1057
31103,L,0,0.0,2,37.09131537543403,13.08855946858724,2.0,0.0018502678414689,1.0986122886681098,0.0,697.666386697598,1868.9622727986537,0.7355371900826446,0.1735537190082644,0.0,0.0,4,400.0,0.0,0.0,0.0,0.4,6.757,0.0,73.55,0.0,0,0,0,E001,2005-07-26 reconstructed 15-minute hyetograph; 108 intervals,944.181998744607,250.38599395751956,431.6999950408936,649.2999992370605,866.5999999046326,943.2999987602234,69.0719985961914,250.38599395751956,6.990200042724609,399302.5978446007,36.71260833740234,6.118086814880371,913.7360632180204,913.7360632180204,,HYDRAULIC_PROXY; direct SWMM where mapped; street-surface states unavailable,UNVALIDATED_NO_EVENT_MATCHED_HYDRAULIC_OBSERVATIONS,RAINFALL_RECONSTRUCTED_15MIN; grid represents Phase 1 pilot coverage,Reconstructed E001 hyetograph; source rainfall is IMD three-hour observations,Unavailable; no street coupling,Phase 2A historical_2005 normalized SWMM output,True,PILOT_SUBCATCHMENT_ASSIGNED,1,historical_2005,terra05-swmm-v1.0.0,GIS + Phase 2B SWMM; rainfall reconstructed,139_1057
31104,L,0,0.0,2,43.00581190321181,13.847037421332466,3.0,0.0027754017622034,1.3862943611198906,0.0,705.7154009430642,1910.5625813213112,0.9090909090909092,0.0909090909090909,0.0,0.0,3,300.0,0.0,0.0,0.0,0.4,7.104,0.0,90.91,102.4,0,0,1,E001,2005-07-26 reconstructed 15-minute hyetograph; 108 intervals,944.181998744607,250.38599395751956,431.6999950408936,649.2999992370605,866.5999999046326,943.2999987602234,69.0719985961914,250.38599395751956,6.990200042724609,399302.5978446007,31.28599739074707,5.213752269744873,933.0444863677984,933.0444863677984,,HYDRAULIC_PROXY; direct SWMM where mapped; street-surface states unavailable,UNVALIDATED_NO_EVENT_MATCHED_HYDRAULIC_OBSERVATIONS,RAINFALL_RECONSTRUCTED_15MIN; grid represents Phase 1 pilot coverage,Reconstructed E001 hyetograph; source rainfall is IMD three-hour observations,Unavailable; no street coupling,Phase 2A historical_2005 normalized SWMM output,True,PILOT_SUBCATCHMENT_ASSIGNED,1,historical_2005,terra05-swmm-v1.0.0,GIS + Phase 2B SWMM; rainfall reconstructed,139_1057
31367,L,0,0.0,2,21.400522867838543,1.444819238450792,1.0,0.0009251339207344,0.6931471805599453,0.0,100.46815866076685,1885.3642129740963,1.0,0.0,0.0,0.0,27,2700.0,0.0,0.0,0.0,0.4,8.285,0.0,100.0,125.2,0,0,1,E001,2005-07-26 reconstructed 15-minute hyetograph; 108 intervals,944.181998744607,250.38599395751956,431.6999950408936,649.2999992370605,866.5999999046326,943.2999987602234,69.0719985961914,250.38599395751956,1.7057902812957764,0.0,16.376502990722656,3.261013984680176,943.3239000743196,943.3239000743196,,HYDRAULIC_PROXY; direct SWMM where mapped; street-surface states unavailable,UNVALIDATED_NO_EVENT_MATCHED_HYDRAULIC_OBSERVATIONS,RAINFALL_RECONSTRUCTED_15MIN; grid represents Phase 1 pilot coverage,Reconstructed E001 hyetograph; source rainfall is IMD three-hour observations,Unavailable; no street coupling,Phase 2A historical_2005 normalized SWMM output,True,PILOT_SUBCATCHMENT_ASSIGNED,1,historical_2005,terra05-swmm-v1.0.0,GIS + Phase 2B SWMM; rainfall reconstructed,139_1057
31368,L,0,0.0,2,20.064320882161457,1.363384246826172,1870.0,1.7300004317734607,7.534228326274089,12.28718110167253,14.750353579863052,1910.615220087511,1.0,0.0,0.0,0.0,54,5400.0,0.0,0.0,0.0,0.4,15.877,0.037,98.79,187.3,0,0,1,E001,2005-07-26 reconstructed 15-minute hyetograph; 108 intervals,944.181998744607,250.38599395751956,431.6999950408936,649.2999992370605,866.5999999046326,943.2999987602234,69.0719985961914,250.38599395751956,1.5454177856445312,0.0,32.769569396972656,3.8469667434692383,943.3339577772856,943.3339577772856,,HYDRAULIC_PROXY; direct SWMM where mapped; street-surface states unavailable,UNVALIDATED_NO_EVENT_MATCHED_HYDRAULIC_OBSERVATIONS,RAINFALL_RECONSTRUCTED_15MIN; grid represents Phase 1 pilot coverage,Reconstructed E001 hyetograph; source rainfall is IMD three-hour observations,Unavailable; no street coupling,Phase 2A historical_2005 normalized SWMM output,True,PILOT_SUBCATCHMENT_ASSIGNED,1,historical_2005,terra05-swmm-v1.0.0,GIS + Phase 2B SWMM; rainfall reconstructed,139_1057
31369,L,0,0.0,2,22.006968180338543,1.4924084345499675,1.0,0.0009251339207344,0.6931471805599453,0.5923898737870026,67.10773776565503,1884.451400090256,1.0,0.0,0.0,0.0,47,4700.0,0.0,0.0,0.0,0.4,8.253,0.002,99.94,300.0,0,0,1,E001,2005-07-26 reconstructed 15-minute hyetograph; 108 intervals,944.181998744607,250.38599395751956,431.6999950408936,649.2999992370605,866.5999999046326,943.2999987602234,69.0719985961914,250.38599395751956,1.5454177856445312,0.0,32.769569396972656,3.8469667434692383,943.318163119984,943.318163119984,,HYDRAULIC_PROXY; direct SWMM where mapped; street-surface states unavailable,UNVALIDATED_NO_EVENT_MATCHED_HYDRAULIC_OBSERVATIONS,RAINFALL_RECONSTRUCTED_15MIN; grid represents Phase 1 pilot coverage,Reconstructed E001 hyetograph; source rainfall is IMD three-hour observations,Unavailable; no street coupling,Phase 2A historical_2005 normalized SWMM output,True,PILOT_SUBCATCHMENT_ASSIGNED,1,historical_2005,terra05-swmm-v1.0.0,GIS + Phase 2B SWMM; rainfall reconstructed,139_1057
31370,L,0,0.0,2,20.142403496636284,4.868814680311415,5.0,0.0046256696036723,1.791759469228055,0.0,149.37151290925704,1851.2403353705083,0.6611570247933884,0.3388429752066115,0.0,0.0,26,2600.0,0.0,0.0,0.0,0.4,8.678,0.0,66.12,127.7,0,0,1,E001,2005-07-26 reconstructed 15-minute hyetograph; 108 intervals,944.181998744607,250.38599395751956,431.6999950408936,649.2999992370605,866.5999999046326,943.2999987602234,69.0719985961914,250.38599395751956,1.6429015398025513,0.0,31.240453720092773,4.0507097244262695,905.5090005900272,905.5090005900272,,HYDRAULIC_PROXY; direct SWMM where mapped; street-surface states unavailable,UNVALIDATED_NO_EVENT_MATCHED_HYDRAULIC_OBSERVATIONS,RAINFALL_RECONSTRUCTED_15MIN; grid represents Phase 1 pilot coverage,Reconstructed E001 hyetograph; source rainfall is IMD three-hour observations,Unavailable; no street coupling,Phase 2A historical_2005 normalized SWMM output,True,PILOT_SUBCATCHMENT_ASSIGNED,1,historical_2005,terra05-swmm-v1.0.0,GIS + Phase 2B SWMM; rainfall reconstructed,139_1057
31371,L,0,0.0,2,16.911020914713543,4.75490485297309,10.0,0.0092513392073447,2.3978952727983707,0.0,193.371304529236,1822.916476227943,0.0165289256198347,0.7272727272727273,0.0,0.0,4,400.0,0.0,0.0,0.0,0.4,9.395,0.0,1.65,5.9,0,0,0,E001,2005-07-26 reconstructed 15-minute hyetograph; 108 intervals,944.181998744607,250.38599395751956,431.6999950408936,649.2999992370605,866.5999999046326,943.2999987602234,69.0719985961914,250.38599395751956,23.27560043334961,3763.9668703079215,40.58124923706055,12.747952461242676,832.6605101728635,832.6605101728635,,HYDRAULIC_PROXY; direct SWMM where mapped; street-surface states unavailable,UNVALIDATED_NO_EVENT_MATCHED_HYDRAULIC_OBSERVATIONS,RAINFALL_RECONSTRUCTED_15MIN; grid represents Phase 1 pilot coverage,Reconstructed E001 hyetograph; source rainfall is IMD three-hour observations,Unavailable; no street coupling,Phase 2A historical_2005 normalized SWMM output,True,PILOT_SUBCATCHMENT_ASSIGNED,1,historical_2005,terra05-swmm-v1.0.0,GIS + Phase 2B SWMM; rainfall reconstructed,139_1057
31372,L,0,0.0,2,22.42961968315972,5.348175472683376,1.0,0.0009251339207344,0.6931471805599453,0.0,219.38163418120573,1799.7105820947677,0.7933884297520661,0.1735537190082644,0.0,0.0,22,2200.0,0.0,0.0,0.0,0.4,6.974,0.0,79.34,196.0,0,0,1,E001,2005-07-26 reconstructed 15-minute hyetograph; 108 intervals,944.181998744607,250.38599395751956,431.6999950408936,649.2999992370605,866.5999999046326,943.2999987602234,69.0719985961914,250.38599395751956,23.27560043334961,3763.9668703079215,40.58124923706055,12.747952461242676,920.1796986618136,920.1796986618136,,HYDRAULIC_PROXY; direct SWMM where mapped; street-surface states unavailable,UNVALIDATED_NO_EVENT_MATCHED_HYDRAULIC_OBSERVATIONS,RAINFALL_RECONSTRUCTED_15MIN; grid represents Phase 1 pilot coverage,Reconstructed E001 hyetograph; source rainfall is IMD three-hour observations,Unavailable; no street coupling,Phase 2A historical_2005 normalized SWMM output,True,PILOT_SUBCATCHMENT_ASSIGNED,1,historical_2005,terra05-swmm-v1.0.0,GIS + Phase 2B SWMM; rainfall reconstructed,139_1057
31373,L,0,0.0,2,23.693766276041668,7.727256139119466,1.0,0.0009251339207344,0.6931471805599453,0.0,280.82760088120654,1781.8226284634718,0.2231404958677686,0.7768595041322314,0.0,0.0,7,700.0,0.0,0.0,0.0,0.4,6.603,0.0,22.31,57.2,0,0,0,E001,2005-07-26 reconstructed 15-minute hyetograph; 108 intervals,944.181998744607,250.38599395751956,431.6999950408936,649.2999992370605,866.5999999046326,943.2999987602234,69.0719985961914,250.38599395751956,23.27560043334961,3763.9668703079215,40.58124923706055,12.747952461242676,856.6336698281518,856.6336698281518,,HYDRAULIC_PROXY; direct SWMM where mapped; street-surface states unavailable,UNVALIDATED_NO_EVENT_MATCHED_HYDRAULIC_OBSERVATIONS,RAINFALL_RECONSTRUCTED_15MIN; grid represents Phase 1 pilot coverage,Reconstructed E001 hyetograph; source rainfall is IMD three-hour observations,Unavailable; no street coupling,Phase 2A historical_2005 normalized SWMM output,True,PILOT_SUBCATCHMENT_ASSIGNED,1,historical_2005,terra05-swmm-v1.0.0,GIS + Phase 2B SWMM; rainfall reconstructed,139_1057
31374,L,0,0.0,2,26.98524305555556,10.95123036702474,1.0,0.0009251339207344,0.6931471805599453,0.0,295.73134325884763,1769.4139084185654,0.1487603305785124,0.7933884297520661,0.0,0.0,7,700.0,0.0,0.0,0.0,0.4,6.248,0.0,14.88,0.0,0,0,0,E001,2005-07-26 reconstructed 15-minute hyetograph; 108 intervals,944.181998744607,250.38599395751956,431.6999950408936,649.2999992370605,866.5999999046326,943.2999987602234,69.0719985961914,250.38599395751956,6.99446964263916,0.0,32.773929595947266,5.4617133140563965,848.4736049440105,848.4736049440105,,HYDRAULIC_PROXY; direct SWMM where mapped; street-surface states unavailable,UNVALIDATED_NO_EVENT_MATCHED_HYDRAULIC_OBSERVATIONS,RAINFALL_RECONSTRUCTED_15MIN; grid represents Phase 1 pilot coverage,Reconstructed E001 hyetograph; source rainfall is IMD three-hour observations,Unavailable; no street coupling,Phase 2A historical_2005 normalized SWMM output,True,PILOT_SUBCATCHMENT_ASSIGNED,1,historical_2005,terra05-swmm-v1.0.0,GIS + Phase 2B SWMM; rainfall reconstructed,139_1057
31375,L,0,0.0,2,26.95130750868056,5.7806286282009545,10.0,0.0092513392073447,2.3978952727983707,0.0,310.872731640125,1762.600147312388,0.4793388429752066,0.4876033057851239,0.0,0.0,13,1300.0,0.0,0.0,0.0,0.4,9.198,0.0,47.93,136.3,0,0,1,E001,2005-07-26 reconstructed 15-minute hyetograph; 108 intervals,944.181998744607,250.38599395751956,431.6999950408936,649.2999992370605,866.5999999046326,943.2999987602234,69.0719985961914,250.38599395751956,6.990200042724609,399302.5978446007,31.28599739074707,5.213752269744873,885.2582670583795,885.2582670583795,,HYDRAULIC_PROXY; direct SWMM where mapped; street-surface states unavailable,UNVALIDATED_NO_EVENT_MATCHED_HYDRAULIC_OBSERVATIONS,RAINFALL_RECONSTRUCTED_15MIN; grid represents Phase 1 pilot coverage,Reconstructed E001 hyetograph; source rainfall is IMD three-hour observations,Unavailable; no street coupling,Phase 2A historical_2005 normalized SWMM output,True,PILOT_SUBCATCHMENT_ASSIGNED,1,historical_2005,terra05-swmm-v1.0.0,GIS + Phase 2B SWMM; rainfall reconstructed,139_1057
31376,L,0,0.0,2,31.52593231201172,3.2548306783040366,1.0,0.0009251339207344,0.6931471805599453,0.0,335.68614061507384,1761.446274884999,0.4545454545454545,0.5454545454545454,0.0,0.0,11,1100.0,0.0,0.0,0.0,0.4,7.472,0.0,45.45,101.2,0,0,1,E001,2005-07-26 reconstructed 15-minute hyetograph; 108 intervals,944.181998744607,250.38599395751956,431.6999950408936,649.2999992370605,866.5999999046326,943.2999987602234,69.0719985961914,250.38599395751956,6.990200042724609,399302.5978446007,31.28599739074707,5.213752269744873,882.2872209972409,882.2872209972409,,HYDRAULIC_PROXY; direct SWMM where mapped; street-surface states unavailable,UNVALIDATED_NO_EVENT_MATCHED_HYDRAULIC_OBSERVATIONS,RAINFALL_RECONSTRUCTED_15MIN; grid represents Phase 1 pilot coverage,Reconstructed E001 hyetograph; source rainfall is IMD three-hour observations,Unavailable; no street coupling,Phase 2A historical_2005 normalized SWMM output,True,PILOT_SUBCATCHMENT_ASSIGNED,1,historical_2005,terra05-swmm-v1.0.0,GIS + Phase 2B SWMM; rainfall reconstructed,139_1057
31377,L,0,0.0,2,34.17302110460069,8.72230699327257,3.0,0.0027754017622034,1.3862943611198906,0.0,385.0893727458939,1765.9633856076482,0.3057851239669421,0.6776859504132231,0.0,0.0,8,800.0,0.0,0.0,0.0,0.4,7.578,0.0,30.58,111.0,0,0,1,E001,2005-07-26 reconstructed 15-minute hyetograph; 108 intervals,944.181998744607,250.38599395751956,431.6999950408936,649.2999992370605,866.5999999046326,943.2999987602234,69.0719985961914,250.38599395751956,6.990200042724609,399302.5978446007,36.71260833740234,6.118086814880371,865.9693580452583,865.9693580452583,,HYDRAULIC_PROXY; direct SWMM where mapped; street-surface states unavailable,UNVALIDATED_NO_EVENT_MATCHED_HYDRAULIC_OBSERVATIONS,RAINFALL_RECONSTRUCTED_15MIN; grid represents Phase 1 pilot coverage,Reconstructed E001 hyetograph; source rainfall is IMD three-hour observations,Unavailable; no street coupling,Phase 2A historical_2005 normalized SWMM output,True,PILOT_SUBCATCHMENT_ASSIGNED,1,historical_2005,terra05-swmm-v1.0.0,GIS + Phase 2B SWMM; rainfall reconstructed,139_1057
31378,L,0,0.0,2,44.99412027994792,9.558072408040363,1.0,0.0009251339207344,0.6931471805599453,0.0,451.5556056596008,1776.0868545091912,0.4297520661157025,0.512396694214876,0.0,0.0,10,1000.0,0.0,0.0,0.0,0.4,6.387,0.0,42.98,0.0,0,0,0,E001,2005-07-26 reconstructed 15-minute hyetograph; 108 intervals,944.181998744607,250.38599395751956,431.6999950408936,649.2999992370605,866.5999999046326,943.2999987602234,69.0719985961914,250.38599395751956,6.990200042724609,399302.5978446007,36.71260833740234,6.118086814880371,879.8269604439699,879.8269604439699,,HYDRAULIC_PROXY; direct SWMM where mapped; street-surface states unavailable,UNVALIDATED_NO_EVENT_MATCHED_HYDRAULIC_OBSERVATIONS,RAINFALL_RECONSTRUCTED_15MIN; grid represents Phase 1 pilot coverage,Reconstructed E001 hyetograph; source rainfall is IMD three-hour observations,Unavailable; no street coupling,Phase 2A historical_2005 normalized SWMM output,True,PILOT_SUBCATCHMENT_ASSIGNED,1,historical_2005,terra05-swmm-v1.0.0,GIS + Phase 2B SWMM; rainfall reconstructed,139_1057
31379,L,0,0.0,2,52.03051079644097,21.80535380045573,1.0,0.0009251339207344,0.6931471805599453,0.0,528.6880980345518,1791.5191360298145,0.768595041322314,0.2231404958677686,0.0,0.0,7,700.0,0.0,0.0,0.0,0.4,5.521,0.0,76.86,0.0,0,0,0,E001,2005-07-26 reconstructed 15-minute hyetograph; 108 intervals,944.181998744607,250.38599395751956,431.6999950408936,649.2999992370605,866.5999999046326,943.2999987602234,69.0719985961914,250.38599395751956,6.990200042724609,399302.5978446007,31.28599739074707,5.213752269744873,917.4363872648972,917.4363872648972,,HYDRAULIC_PROXY; direct SWMM where mapped; street-surface states unavailable,UNVALIDATED_NO_EVENT_MATCHED_HYDRAULIC_OBSERVATIONS,RAINFALL_RECONSTRUCTED_15MIN; grid represents Phase 1 pilot coverage,Reconstructed E001 hyetograph; source rainfall is IMD three-hour observations,Unavailable; no street coupling,Phase 2A historical_2005 normalized SWMM output,True,PILOT_SUBCATCHMENT_ASSIGNED,1,historical_2005,terra05-swmm-v1.0.0,GIS + Phase 2B SWMM; rainfall reconstructed,139_1057
31380,L,0,0.0,2,48.80120340983073,22.63329060872396,2.0,0.0018502678414689,1.0986122886681098,0.0,612.4701992784422,1812.345749232655,0.628099173553719,0.256198347107438,0.0,0.0,6,600.0,0.0,0.0,0.0,0.4,6.173,0.0,62.81,0.0,0,0,0,E001,2005-07-26 reconstructed 15-minute hyetograph; 108 intervals,944.181998744607,250.38599395751956,431.6999950408936,649.2999992370605,866.5999999046326,943.2999987602234,69.0719985961914,250.38599395751956,6.990200042724609,399302.5978446007,36.71260833740234,6.118086814880371,901.8503300160952,901.8503300160952,,HYDRAULIC_PROXY; direct SWMM where mapped; street-surface states unavailable,UNVALIDATED_NO_EVENT_MATCHED_HYDRAULIC_OBSERVATIONS,RAINFALL_RECONSTRUCTED_15MIN; grid represents Phase 1 pilot coverage,Reconstructed E001 hyetograph; source rainfall is IMD three-hour observations,Unavailable; no street coupling,Phase 2A historical_2005 normalized SWMM output,True,PILOT_SUBCATCHMENT_ASSIGNED,1,historical_2005,terra05-swmm-v1.0.0,GIS + Phase 2B SWMM; rainfall reconstructed,139_1057
31381,L,0,0.0,2,56.252583821614586,20.2921379937066,3.0,0.0027754017622034,1.3862943611198906,0.0,700.5200817999137,1838.3833699101865,0.7933884297520661,0.1900826446280991,0.0,0.0,7,700.0,0.0,0.0,0.0,0.4,6.699,0.0,79.34,0.0,0,0,0,E001,2005-07-26 reconstructed 15-minute hyetograph; 108 intervals,944.181998744607,250.38599395751956,431.6999950408936,649.2999992370605,866.5999999046326,943.2999987602234,69.0719985961914,250.38599395751956,6.990200042724609,399302.5978446007,36.71260833740234,6.118086814880371,920.1852392942964,920.1852392942964,,HYDRAULIC_PROXY; direct SWMM where mapped; street-surface states unavailable,UNVALIDATED_NO_EVENT_MATCHED_HYDRAULIC_OBSERVATIONS,RAINFALL_RECONSTRUCTED_15MIN; grid represents Phase 1 pilot coverage,Reconstructed E001 hyetograph; source rainfall is IMD three-hour observations,Unavailable; no street coupling,Phase 2A historical_2005 normalized SWMM output,True,PILOT_SUBCATCHMENT_ASSIGNED,1,historical_2005,terra05-swmm-v1.0.0,GIS + Phase 2B SWMM; rainfall reconstructed,139_1057
31382,L,0,0.0,2,49.86381700303819,20.4994133843316,4.0,0.0037005356829378,1.6094379124341005,0.0,791.4145721464449,1869.4142705037304,0.3272727272727272,0.2363636363636363,0.0,0.0,7,700.0,0.0,0.0,0.0,0.4,6.975,0.0,32.73,0.0,0,0,0,E001,2005-07-26 reconstructed 15-minute hyetograph; 108 intervals,944.181998744607,250.38599395751956,431.6999950408936,649.2999992370605,866.5999999046326,943.2999987602234,69.0719985961914,250.38599395751956,6.990200042724609,399302.5978446007,36.71260833740234,6.118086814880371,868.5586770031657,868.5586770031657,,HYDRAULIC_PROXY; direct SWMM where mapped; street-surface states unavailable,UNVALIDATED_NO_EVENT_MATCHED_HYDRAULIC_OBSERVATIONS,RAINFALL_RECONSTRUCTED_15MIN; grid represents Phase 1 pilot coverage,Reconstructed E001 hyetograph; source rainfall is IMD three-hour observations,Unavailable; no street coupling,Phase 2A historical_2005 normalized SWMM output,True,PILOT_SUBCATCHMENT_ASSIGNED,1,historical_2005,terra05-swmm-v1.0.0,GIS + Phase 2B SWMM; rainfall reconstructed,139_1057
31383,L,0,0.0,2,43.938883463541664,6.094535191853841,15.0,0.013877008811017,2.772588722239781,0.0,820.7764416265062,1895.2933644020209,0.5785123966942148,0.396694214876033,0.0,0.0,3,300.0,0.0,0.0,0.0,0.4,9.55,0.0,57.85,0.0,0,0,0,E001,2005-07-26 reconstructed 15-minute hyetograph; 108 intervals,944.181998744607,250.38599395751956,431.6999950408936,649.2999992370605,866.5999999046326,943.2999987602234,69.0719985961914,250.38599395751956,6.990200042724609,399302.5978446007,36.71260833740234,6.118086814880371,896.3264431765126,896.3264431765126,,HYDRAULIC_PROXY; direct SWMM where mapped; street-surface states unavailable,UNVALIDATED_NO_EVENT_MATCHED_HYDRAULIC_OBSERVATIONS,RAINFALL_RECONSTRUCTED_15MIN; grid represents Phase 1 pilot coverage,Reconstructed E001 hyetograph; source rainfall is IMD three-hour observations,Unavailable; no street coupling,Phase 2A historical_2005 normalized SWMM output,True,PILOT_SUBCATCHMENT_ASSIGNED,1,historical_2005,terra05-swmm-v1.0.0,GIS + Phase 2B SWMM; rainfall reconstructed,139_1057
31384,L,0,0.0,2,49.43829345703125,8.496754116482204,2.0,0.0018502678414689,1.0986122886681098,0.0,803.1001227304209,1925.9715307207352,0.6033057851239669,0.371900826446281,0.0,0.0,8,800.0,0.0,0.0,0.0,0.4,7.199,0.0,60.33,0.0,0,0,0,E001,2005-07-26 reconstructed 15-minute hyetograph; 108 intervals,944.181998744607,250.38599395751956,431.6999950408936,649.2999992370605,866.5999999046326,943.2999987602234,69.0719985961914,250.38599395751956,6.990200042724609,399302.5978446007,36.71260833740234,6.118086814880371,899.0890218486309,899.0890218486309,,HYDRAULIC_PROXY; direct SWMM where mapped; street-surface states unavailable,UNVALIDATED_NO_EVENT_MATCHED_HYDRAULIC_OBSERVATIONS,RAINFALL_RECONSTRUCTED_15MIN; grid represents Phase 1 pilot coverage,Reconstructed E001 hyetograph; source rainfall is IMD three-hour observations,Unavailable; no street coupling,Phase 2A historical_2005 normalized SWMM output,True,PILOT_SUBCATCHMENT_ASSIGNED,1,historical_2005,terra05-swmm-v1.0.0,GIS + Phase 2B SWMM; rainfall reconstructed,139_1057
31385,L,0,0.0,2,48.6448974609375,8.908921983506945,3.0,0.0027754017622034,1.3862943611198906,0.0,797.6626148505172,1961.2740086859903,0.8677685950413223,0.0743801652892562,0.0,0.0,5,500.0,0.0,0.0,0.0,0.4,7.557,0.0,86.78,0.0,0,0,0,E001,2005-07-26 reconstructed 15-minute hyetograph; 108 intervals,944.181998744607,250.38599395751956,431.6999950408936,649.2999992370605,866.5999999046326,943.2999987602234,69.0719985961914,250.38599395751956,6.990200042724609,399302.5978446007,36.71260833740234,6.118086814880371,928.4350945604816,928.4350945604816,,HYDRAULIC_PROXY; direct SWMM where mapped; street-surface states unavailable,UNVALIDATED_NO_EVENT_MATCHED_HYDRAULIC_OBSERVATIONS,RAINFALL_RECONSTRUCTED_15MIN; grid represents Phase 1 pilot coverage,Reconstructed E001 hyetograph; source rainfall is IMD three-hour observations,Unavailable; no street coupling,Phase 2A historical_2005 normalized SWMM output,True,PILOT_SUBCATCHMENT_ASSIGNED,1,historical_2005,terra05-swmm-v1.0.0,GIS + Phase 2B SWMM; rainfall reconstructed,139_1057
31386,L,0,0.0,2,45.19901529947917,9.92776150173611,1.0,0.0009251339207344,0.6931471805599453,0.0,804.7120523085957,2000.956055776252,0.4297520661157025,0.5702479338842975,0.0,0.0,4,400.0,0.0,0.0,0.0,0.4,6.348,0.0,42.98,107.8,0,0,1,E001,2005-07-26 reconstructed 15-minute hyetograph; 108 intervals,944.181998744607,250.38599395751956,431.6999950408936,649.2999992370605,866.5999999046326,943.2999987602234,69.0719985961914,250.38599395751956,6.990200042724609,399302.5978446007,31.28599739074707,5.213752269744873,879.8334186316059,879.8334186316059,,HYDRAULIC_PROXY; direct SWMM where mapped; street-surface states unavailable,UNVALIDATED_NO_EVENT_MATCHED_HYDRAULIC_OBSERVATIONS,RAINFALL_RECONSTRUCTED_15MIN; grid represents Phase 1 pilot coverage,Reconstructed E001 hyetograph; source rainfall is IMD three-hour observations,Unavailable; no street coupling,Phase 2A historical_2005 normalized SWMM output,True,PILOT_SUBCATCHMENT_ASSIGNED,1,historical_2005,terra05-swmm-v1.0.0,GIS + Phase 2B SWMM; rainfall reconstructed,139_1057
31648,L,0,0.0,2,30.066502888997395,16.86322784423828,1.0,0.0009251339207344,0.6931471805599453,0.0,115.44492071706536,1870.8846031359228,0.8925619834710744,0.1074380165289256,0.0,0.0,20,2000.0,0.0,0.0,0.0,0.4,5.799,0.0,89.26,21.9,0,0,1,E001,2005-07-26 reconstructed 15-minute hyetograph; 108 intervals,944.181998744607,250.38599395751956,431.6999950408936,649.2999992370605,866.5999999046326,943.2999987602234,69.0719985961914,250.38599395751956,2.72407341003418,0.0,24.00734138488769,4.136785507202148,931.2072158119552,931.2072158119552,,HYDRAULIC_PROXY; direct SWMM where mapped; street-surface states unavailable,UNVALIDATED_NO_EVENT_MATCHED_HYDRAULIC_OBSERVATIONS,RAINFALL_RECONSTRUCTED_15MIN; grid represents Phase 1 pilot coverage,Reconstructed E001 hyetograph; source rainfall is IMD three-hour observations,Unavailable; no street coupling,Phase 2A historical_2005 normalized SWMM output,True,PILOT_SUBCATCHMENT_ASSIGNED,1,historical_2005,terra05-swmm-v1.0.0,GIS + Phase 2B SWMM; rainfall reconstructed,139_1057
31649,L,0,0.0,2,20.497599283854168,2.3202222188313804,4.0,0.0037005356829378,1.6094379124341005,0.0,70.53055987680132,1966.3152947204549,0.975206611570248,0.0,0.0,0.0,29,2900.0,0.0,0.0,0.0,0.4,9.197,0.0,97.52,146.1,0,0,1,E001,2005-07-26 reconstructed 15-minute hyetograph; 108 intervals,944.181998744607,250.38599395751956,431.6999950408936,649.2999992370605,866.5999999046326,943.2999987602234,69.0719985961914,250.38599395751956,1.5454177856445312,0.0,32.769569396972656,3.8469667434692383,940.536905000117,940.536905000117,,HYDRAULIC_PROXY; direct SWMM where mapped; street-surface states unavailable,UNVALIDATED_NO_EVENT_MATCHED_HYDRAULIC_OBSERVATIONS,RAINFALL_RECONSTRUCTED_15MIN; grid represents Phase 1 pilot coverage,Reconstructed E001 hyetograph; source rainfall is IMD three-hour observations,Unavailable; no street coupling,Phase 2A historical_2005 normalized SWMM output,True,PILOT_SUBCATCHMENT_ASSIGNED,1,historical_2005,terra05-swmm-v1.0.0,GIS + Phase 2B SWMM; rainfall reconstructed,139_1057
31650,L,0,0.0,2,22.33782196044922,4.462773323059082,1801.0,1.666166191242782,7.496652438168283,15.824889958870491,26.08137166988392,1978.230613276532,1.0,0.0,0.0,0.0,48,4800.0,0.0,0.0,0.0,0.4,14.652,0.047,98.44,226.5,0,0,1,E001,2005-07-26 reconstructed 15-minute hyetograph; 108 intervals,944.181998744607,250.38599395751956,431.6999950408936,649.2999992370605,866.5999999046326,943.2999987602234,69.0719985961914,250.38599395751956,1.5454177856445312,0.0,32.769569396972656,3.8469667434692383,943.1125604526457,943.1125604526457,,HYDRAULIC_PROXY; direct SWMM where mapped; street-surface states unavailable,UNVALIDATED_NO_EVENT_MATCHED_HYDRAULIC_OBSERVATIONS,RAINFALL_RECONSTRUCTED_15MIN; grid represents Phase 1 pilot coverage,Reconstructed E001 hyetograph; source rainfall is IMD three-hour observations,Unavailable; no street coupling,Phase 2A historical_2005 normalized SWMM output,True,PILOT_SUBCATCHMENT_ASSIGNED,1,historical_2005,terra05-swmm-v1.0.0,GIS + Phase 2B SWMM; rainfall reconstructed,139_1057
31651,L,0,0.0,2,30.975133260091145,7.164009730021159,1.0,0.0009251339207344,0.6931471805599453,0.0,71.94254172354233,1946.620163078825,0.9256198347107438,0.0413223140495867,0.0,0.0,18,1800.0,0.0,0.0,0.0,0.4,6.679,0.0,92.56,166.1,0,0,1,E001,2005-07-26 reconstructed 15-minute hyetograph; 108 intervals,944.181998744607,250.38599395751956,431.6999950408936,649.2999992370605,866.5999999046326,943.2999987602234,69.0719985961914,250.38599395751956,1.6429015398025513,0.0,32.76967239379883,3.631753444671631,934.8918133188996,934.8918133188996,,HYDRAULIC_PROXY; direct SWMM where mapped; street-surface states unavailable,UNVALIDATED_NO_EVENT_MATCHED_HYDRAULIC_OBSERVATIONS,RAINFALL_RECONSTRUCTED_15MIN; grid represents Phase 1 pilot coverage,Reconstructed E001 hyetograph; source rainfall is IMD three-hour observations,Unavailable; no street coupling,Phase 2A historical_2005 normalized SWMM output,True,PILOT_SUBCATCHMENT_ASSIGNED,1,historical_2005,terra05-swmm-v1.0.0,GIS + Phase 2B SWMM; rainfall reconstructed,139_1057
31652,L,0,0.0,2,26.926961263020832,8.320550282796225,14.0,0.0129518748902825,2.70805020110221,0.0,158.17714021764016,1919.7040811816853,0.743801652892562,0.1487603305785124,0.0,0.0,12,1200.0,0.0,0.0,0.0,0.4,9.167,0.0,74.38,166.9,0,0,1,E001,2005-07-26 reconstructed 15-minute hyetograph; 108 intervals,944.181998744607,250.38599395751956,431.6999950408936,649.2999992370605,866.5999999046326,943.2999987602234,69.0719985961914,250.38599395751956,2.1421329975128174,0.0,28.945940017700195,4.206179141998291,914.6548064456872,914.6548064456872,,HYDRAULIC_PROXY; direct SWMM where mapped; street-surface states unavailable,UNVALIDATED_NO_EVENT_MATCHED_HYDRAULIC_OBSERVATIONS,RAINFALL_RECONSTRUCTED_15MIN; grid represents Phase 1 pilot coverage,Reconstructed E001 hyetograph; source rainfall is IMD three-hour observations,Unavailable; no street coupling,Phase 2A historical_2005 normalized SWMM output,True,PILOT_SUBCATCHMENT_ASSIGNED,1,historical_2005,terra05-swmm-v1.0.0,GIS + Phase 2B SWMM; rainfall reconstructed,139_1057
31653,L,0,0.0,2,30.13781229654948,5.904811859130859,1.0,0.0009251339207344,0.6931471805599453,0.0,175.41013869053754,1897.6821280989625,0.7768595041322314,0.2231404958677686,0.0,0.0,13,1300.0,0.0,0.0,0.0,0.4,6.874,0.0,77.69,30.4,0,0,0,E001,2005-07-26 reconstructed 15-minute hyetograph; 108 intervals,944.181998744607,250.38599395751956,431.6999950408936,649.2999992370605,866.5999999046326,943.2999987602234,69.0719985961914,250.38599395751956,5.152763843536377,0.0,35.49604415893555,5.915348529815674,918.3383141984812,918.3383141984812,,HYDRAULIC_PROXY; direct SWMM where mapped; street-surface states unavailable,UNVALIDATED_NO_EVENT_MATCHED_HYDRAULIC_OBSERVATIONS,RAINFALL_RECONSTRUCTED_15MIN; grid represents Phase 1 pilot coverage,Reconstructed E001 hyetograph; source rainfall is IMD three-hour observations,Unavailable; no street coupling,Phase 2A historical_2005 normalized SWMM output,True,PILOT_SUBCATCHMENT_ASSIGNED,1,historical_2005,terra05-swmm-v1.0.0,GIS + Phase 2B SWMM; rainfall reconstructed,139_1057
31654,L,0,0.0,2,25.37798118591309,11.268998146057127,1.0,0.0009251339207344,0.6931471805599453,0.0,186.17873923608465,1880.726231886713,0.2396694214876033,0.7603305785123967,0.0,0.0,8,800.0,0.0,0.0,0.0,0.4,6.218,0.0,23.97,71.6,0,0,0,E001,2005-07-26 reconstructed 15-minute hyetograph; 108 intervals,944.181998744607,250.38599395751956,431.6999950408936,649.2999992370605,866.5999999046326,943.2999987602234,69.0719985961914,250.38599395751956,5.152763843536377,0.0,32.773929595947266,5.4617133140563965,858.6743003159788,858.6743003159788,,HYDRAULIC_PROXY; direct SWMM where mapped; street-surface states unavailable,UNVALIDATED_NO_EVENT_MATCHED_HYDRAULIC_OBSERVATIONS,RAINFALL_RECONSTRUCTED_15MIN; grid represents Phase 1 pilot coverage,Reconstructed E001 hyetograph; source rainfall is IMD three-hour observations,Unavailable; no street coupling,Phase 2A historical_2005 normalized SWMM output,True,PILOT_SUBCATCHMENT_ASSIGNED,1,historical_2005,terra05-swmm-v1.0.0,GIS + Phase 2B SWMM; rainfall reconstructed,139_1057
31655,L,0,0.0,2,34.87664286295573,11.68958536783854,2.0,0.0018502678414689,1.0986122886681098,0.0,196.465883508492,1868.974280001569,0.6611570247933884,0.3305785123966942,0.0,0.0,8,800.0,0.0,0.0,0.0,0.4,6.874,0.0,66.12,84.3,0,0,0,E001,2005-07-26 reconstructed 15-minute hyetograph; 108 intervals,944.181998744607,250.38599395751956,431.6999950408936,649.2999992370605,866.5999999046326,943.2999987602234,69.0719985961914,250.38599395751956,6.99446964263916,0.0,32.773929595947266,5.4617133140563965,905.4952433278228,905.4952433278228,,HYDRAULIC_PROXY; direct SWMM where mapped; street-surface states unavailable,UNVALIDATED_NO_EVENT_MATCHED_HYDRAULIC_OBSERVATIONS,RAINFALL_RECONSTRUCTED_15MIN; grid represents Phase 1 pilot coverage,Reconstructed E001 hyetograph; source rainfall is IMD three-hour observations,Unavailable; no street coupling,Phase 2A historical_2005 normalized SWMM output,True,PILOT_SUBCATCHMENT_ASSIGNED,1,historical_2005,terra05-swmm-v1.0.0,GIS + Phase 2B SWMM; rainfall reconstructed,139_1057
31656,L,0,0.0,2,32.80097452799479,7.267335255940755,2.0,0.0018502678414689,1.0986122886681098,0.0,212.10412525934208,1862.5247808574168,0.371900826446281,0.628099173553719,0.0,0.0,16,1600.0,0.0,0.0,0.0,0.4,7.358,0.0,37.19,100.5,0,0,1,E001,2005-07-26 reconstructed 15-minute hyetograph; 108 intervals,944.181998744607,250.38599395751956,431.6999950408936,649.2999992370605,866.5999999046326,943.2999987602234,69.0719985961914,250.38599395751956,6.990200042724609,399302.5978446007,31.28599739074707,5.213752269744873,873.3043244495636,873.3043244495636,,HYDRAULIC_PROXY; direct SWMM where mapped; street-surface states unavailable,UNVALIDATED_NO_EVENT_MATCHED_HYDRAULIC_OBSERVATIONS,RAINFALL_RECONSTRUCTED_15MIN; grid represents Phase 1 pilot coverage,Reconstructed E001 hyetograph; source rainfall is IMD three-hour observations,Unavailable; no street coupling,Phase 2A historical_2005 normalized SWMM output,True,PILOT_SUBCATCHMENT_ASSIGNED,1,historical_2005,terra05-swmm-v1.0.0,GIS + Phase 2B SWMM; rainfall reconstructed,139_1057
31657,L,0,0.0,2,32.52436828613281,4.094655990600586,1.0,0.0009251339207344,0.6931471805599453,0.0,246.2191808201912,1861.4328511414424,0.0,1.0,0.0,0.0,9,900.0,0.0,0.0,0.0,0.4,7.242,0.0,0.0,0.0,0,0,0,E001,2005-07-26 reconstructed 15-minute hyetograph; 108 intervals,944.181998744607,250.38599395751956,431.6999950408936,649.2999992370605,866.5999999046326,943.2999987602234,69.0719985961914,250.38599395751956,6.990200042724609,399302.5978446007,31.28599739074707,5.213752269744873,830.541784040106,830.541784040106,,HYDRAULIC_PROXY; direct SWMM where mapped; street-surface states unavailable,UNVALIDATED_NO_EVENT_MATCHED_HYDRAULIC_OBSERVATIONS,RAINFALL_RECONSTRUCTED_15MIN; grid represents Phase 1 pilot coverage,Reconstructed E001 hyetograph; source rainfall is IMD three-hour observations,Unavailable; no street coupling,Phase 2A historical_2005 normalized SWMM output,True,PILOT_SUBCATCHMENT_ASSIGNED,1,historical_2005,terra05-swmm-v1.0.0,GIS + Phase 2B SWMM; rainfall reconstructed,139_1057
31658,L,0,0.0,2,32.09187316894531,8.190408070882162,37.0,0.0342299550671754,3.6375861597263857,0.0,310.21367636606374,1865.707897638092,0.0,1.0,0.0,0.0,1,100.0,0.0,0.0,0.0,0.4,10.155,0.0,0.0,100.2,0,0,1,E001,2005-07-26 reconstructed 15-minute hyetograph; 108 intervals,944.181998744607,250.38599395751956,431.6999950408936,649.2999992370605,866.5999999046326,943.2999987602234,69.0719985961914,250.38599395751956,6.990200042724609,399302.5978446007,36.71260833740234,6.118086814880371,831.47807213194,831.47807213194,,HYDRAULIC_PROXY; direct SWMM where mapped; street-surface states unavailable,UNVALIDATED_NO_EVENT_MATCHED_HYDRAULIC_OBSERVATIONS,RAINFALL_RECONSTRUCTED_15MIN; grid represents Phase 1 pilot coverage,Reconstructed E001 hyetograph; source rainfall is IMD three-hour observations,Unavailable; no street coupling,Phase 2A historical_2005 normalized SWMM output,True,PILOT_SUBCATCHMENT_ASSIGNED,1,historical_2005,terra05-swmm-v1.0.0,GIS + Phase 2B SWMM; rainfall reconstructed,139_1057
31659,L,0,0.0,2,52.019755045572914,14.779034932454428,1.0,0.0009251339207344,0.6931471805599453,0.0,389.66801896657086,1875.3132163214048,0.1239669421487603,0.859504132231405,0.0,0.0,6,600.0,0.0,0.0,0.0,0.4,5.938,0.0,12.4,0.0,0,0,0,E001,2005-07-26 reconstructed 15-minute hyetograph; 108 intervals,944.181998744607,250.38599395751956,431.6999950408936,649.2999992370605,866.5999999046326,943.2999987602234,69.0719985961914,250.38599395751956,6.990200042724609,399302.5978446007,31.28599739074707,5.213752269744873,845.8543267473576,845.8543267473576,,HYDRAULIC_PROXY; direct SWMM where mapped; street-surface states unavailable,UNVALIDATED_NO_EVENT_MATCHED_HYDRAULIC_OBSERVATIONS,RAINFALL_RECONSTRUCTED_15MIN; grid represents Phase 1 pilot coverage,Reconstructed E001 hyetograph; source rainfall is IMD three-hour observations,Unavailable; no street coupling,Phase 2A historical_2005 normalized SWMM output,True,PILOT_SUBCATCHMENT_ASSIGNED,1,historical_2005,terra05-swmm-v1.0.0,GIS + Phase 2B SWMM; rainfall reconstructed,139_1057
31660,L,0,0.0,2,67.1986083984375,11.776167551676432,2.0,0.0018502678414689,1.0986122886681098,0.0,476.9169791547736,1889.94420414028,0.7355371900826446,0.2231404958677686,0.0,0.0,7,700.0,0.0,0.0,0.0,0.4,6.866,0.0,73.55,0.0,0,0,0,E001,2005-07-26 reconstructed 15-minute hyetograph; 108 intervals,944.181998744607,250.38599395751956,431.6999950408936,649.2999992370605,866.5999999046326,943.2999987602234,69.0719985961914,250.38599395751956,6.990200042724609,399302.5978446007,31.28599739074707,5.213752269744873,913.7341610858856,913.7341610858856,,HYDRAULIC_PROXY; direct SWMM where mapped; street-surface states unavailable,UNVALIDATED_NO_EVENT_MATCHED_HYDRAULIC_OBSERVATIONS,RAINFALL_RECONSTRUCTED_15MIN; grid represents Phase 1 pilot coverage,Reconstructed E001 hyetograph; source rainfall is IMD three-hour observations,Unavailable; no street coupling,Phase 2A historical_2005 normalized SWMM output,True,PILOT_SUBCATCHMENT_ASSIGNED,1,historical_2005,terra05-swmm-v1.0.0,GIS + Phase 2B SWMM; rainfall reconstructed,139_1057
31661,L,0,0.0,2,63.94150924682617,11.120655059814451,9.0,0.0083262052866102,2.302585092994046,0.0,568.3823053252958,1909.6977234012968,0.1983471074380165,0.7851239669421488,0.0,0.0,2,200.0,0.0,0.0,0.0,0.4,8.429,0.0,19.83,0.0,0,0,0,E001,2005-07-26 reconstructed 15-minute hyetograph; 108 intervals,944.181998744607,250.38599395751956,431.6999950408936,649.2999992370605,866.5999999046326,943.2999987602234,69.0719985961914,250.38599395751956,6.990200042724609,399302.5978446007,36.71260833740234,6.118086814880371,854.0415304043561,854.0415304043561,,HYDRAULIC_PROXY; direct SWMM where mapped; street-surface states unavailable,UNVALIDATED_NO_EVENT_MATCHED_HYDRAULIC_OBSERVATIONS,RAINFALL_RECONSTRUCTED_15MIN; grid represents Phase 1 pilot coverage,Reconstructed E001 hyetograph; source rainfall is IMD three-hour observations,Unavailable; no street coupling,Phase 2A historical_2005 normalized SWMM output,True,PILOT_SUBCATCHMENT_ASSIGNED,1,historical_2005,terra05-swmm-v1.0.0,GIS + Phase 2B SWMM; rainfall reconstructed,139_1057
31662,L,0,0.0,2,56.99439493815104,14.153343200683594,3.0,0.0027754017622034,1.3862943611198906,0.0,662.319473522922,1934.4254172143087,0.3636363636363636,0.6363636363636364,0.0,0.0,3,300.0,0.0,0.0,0.0,0.4,7.081,0.0,36.36,0.0,0,0,0,E001,2005-07-26 reconstructed 15-minute hyetograph; 108 intervals,944.181998744607,250.38599395751956,431.6999950408936,649.2999992370605,866.5999999046326,943.2999987602234,69.0719985961914,250.38599395751956,6.990200042724609,399302.5978446007,31.28599739074707,5.213752269744873,872.5422084185262,872.5422084185262,,HYDRAULIC_PROXY; direct SWMM where mapped; street-surface states unavailable,UNVALIDATED_NO_EVENT_MATCHED_HYDRAULIC_OBSERVATIONS,RAINFALL_RECONSTRUCTED_15MIN; grid represents Phase 1 pilot coverage,Reconstructed E001 hyetograph; source rainfall is IMD three-hour observations,Unavailable; no street coupling,Phase 2A historical_2005 normalized SWMM output,True,PILOT_SUBCATCHMENT_ASSIGNED,1,historical_2005,terra05-swmm-v1.0.0,GIS + Phase 2B SWMM; rainfall reconstructed,139_1057
31663,L,0,0.0,2,58.54188537597656,10.502037048339844,4.0,0.0037005356829378,1.6094379124341005,0.0,757.8098211348698,1963.9394071013023,0.4,0.6,0.0,0.0,9,900.0,0.0,0.0,0.0,0.4,7.677,0.0,40.0,0.0,0,0,0,E001,2005-07-26 reconstructed 15-minute hyetograph; 108 intervals,944.181998744607,250.38599395751956,431.6999950408936,649.2999992370605,866.5999999046326,943.2999987602234,69.0719985961914,250.38599395751956,6.990200042724609,399302.5978446007,36.71260833740234,6.118086814880371,876.5287471599001,876.5287471599001,,HYDRAULIC_PROXY; direct SWMM where mapped; street-surface states unavailable,UNVALIDATED_NO_EVENT_MATCHED_HYDRAULIC_OBSERVATIONS,RAINFALL_RECONSTRUCTED_15MIN; grid represents Phase 1 pilot coverage,Reconstructed E001 hyetograph; source rainfall is IMD three-hour observations,Unavailable; no street coupling,Phase 2A historical_2005 normalized SWMM output,True,PILOT_SUBCATCHMENT_ASSIGNED,1,historical_2005,terra05-swmm-v1.0.0,GIS + Phase 2B SWMM; rainfall reconstructed,139_1057
31666,L,0,0.0,2,51.93247985839844,10.63861338297526,14.0,0.0129518748902825,2.70805020110221,0.0,897.659683361488,2054.305599746473,0.6859504132231405,0.2809917355371901,0.0,0.0,7,700.0,0.0,0.0,0.0,0.4,8.916,0.0,68.6,0.0,0,0,0,E001,2005-07-26 reconstructed 15-minute hyetograph; 108 intervals,944.181998744607,250.38599395751956,431.6999950408936,649.2999992370605,866.5999999046326,943.2999987602234,69.0719985961914,250.38599395751956,6.990200042724609,399302.5978446007,31.28599739074707,5.213752269744873,908.2405624668896,908.2405624668896,,HYDRAULIC_PROXY; direct SWMM where mapped; street-surface states unavailable,UNVALIDATED_NO_EVENT_MATCHED_HYDRAULIC_OBSERVATIONS,RAINFALL_RECONSTRUCTED_15MIN; grid represents Phase 1 pilot coverage,Reconstructed E001 hyetograph; source rainfall is IMD three-hour observations,Unavailable; no street coupling,Phase 2A historical_2005 normalized SWMM output,True,PILOT_SUBCATCHMENT_ASSIGNED,1,historical_2005,terra05-swmm-v1.0.0,GIS + Phase 2B SWMM; rainfall reconstructed,139_1057
31667,L,0,0.0,2,43.14869689941406,9.446636199951172,1.0,0.0009251339207344,0.6931471805599453,0.0,903.9296140370632,2092.2239118101484,0.7107438016528925,0.2066115702479339,0.0,0.0,2,200.0,0.0,0.0,0.0,0.4,6.399,0.0,71.07,136.1,0,0,1,E001,2005-07-26 reconstructed 15-minute hyetograph; 108 intervals,944.181998744607,250.38599395751956,431.6999950408936,649.2999992370605,866.5999999046326,943.2999987602234,69.0719985961914,250.38599395751956,6.990200042724609,399302.5978446007,31.28599739074707,5.213752269744873,910.9881757551192,910.9881757551192,,HYDRAULIC_PROXY; direct SWMM where mapped; street-surface states unavailable,UNVALIDATED_NO_EVENT_MATCHED_HYDRAULIC_OBSERVATIONS,RAINFALL_RECONSTRUCTED_15MIN; grid represents Phase 1 pilot coverage,Reconstructed E001 hyetograph; source rainfall is IMD three-hour observations,Unavailable; no street coupling,Phase 2A historical_2005 normalized SWMM output,True,PILOT_SUBCATCHMENT_ASSIGNED,1,historical_2005,terra05-swmm-v1.0.0,GIS + Phase 2B SWMM; rainfall reconstructed,139_1057
31929,L,0,0.0,2,40.28496636284722,19.343582153320312,1.0,0.0009251339207344,0.6931471805599453,10.095682853211548,15.79548886290958,1842.710443410475,0.6694214876033058,0.3305785123966942,0.0,0.0,15,1500.0,0.0,0.0,0.0,0.4,5.652,0.03,66.27,119.5,0,0,1,E001,2005-07-26 reconstructed 15-minute hyetograph; 108 intervals,944.181998744607,250.38599395751956,431.6999950408936,649.2999992370605,866.5999999046326,943.2999987602234,69.0719985961914,250.38599395751956,2.72407341003418,0.0,24.00734138488769,4.136785507202148,906.41975043276,906.41975043276,,HYDRAULIC_PROXY; direct SWMM where mapped; street-surface states unavailable,UNVALIDATED_NO_EVENT_MATCHED_HYDRAULIC_OBSERVATIONS,RAINFALL_RECONSTRUCTED_15MIN; grid represents Phase 1 pilot coverage,Reconstructed E001 hyetograph; source rainfall is IMD three-hour observations,Unavailable; no street coupling,Phase 2A historical_2005 normalized SWMM output,True,PILOT_SUBCATCHMENT_ASSIGNED,1,historical_2005,terra05-swmm-v1.0.0,GIS + Phase 2B SWMM; rainfall reconstructed,139_1057
31930,L,0,0.0,2,24.22981770833333,7.438583374023437,13.0,0.0120267409695481,2.6390573296152584,10.176371391596494,33.378104723340684,1939.527885402672,0.9338842975206612,0.0661157024793388,0.0,0.0,27,2700.0,0.0,0.0,0.0,0.4,9.206,0.031,92.45,102.1,0,0,1,E001,2005-07-26 reconstructed 15-minute hyetograph; 108 intervals,944.181998744607,250.38599395751956,431.6999950408936,649.2999992370605,866.5999999046326,943.2999987602234,69.0719985961914,250.38599395751956,2.9016833305358887,0.0,19.428447723388672,3.4067084789276123,935.81099099174,935.81099099174,,HYDRAULIC_PROXY; direct SWMM where mapped; street-surface states unavailable,UNVALIDATED_NO_EVENT_MATCHED_HYDRAULIC_OBSERVATIONS,RAINFALL_RECONSTRUCTED_15MIN; grid represents Phase 1 pilot coverage,Reconstructed E001 hyetograph; source rainfall is IMD three-hour observations,Unavailable; no street coupling,Phase 2A historical_2005 normalized SWMM output,True,PILOT_SUBCATCHMENT_ASSIGNED,1,historical_2005,terra05-swmm-v1.0.0,GIS + Phase 2B SWMM; rainfall reconstructed,139_1057
31931,L,0,0.0,2,23.172271728515625,5.163469632466634,1.0,0.0009251339207344,0.6931471805599453,18.06599709173372,26.99229399455938,2036.6529056898944,0.9008264462809916,0.0495867768595041,0.0,0.0,13,1300.0,0.0,0.0,0.0,0.4,7.009,0.054,88.48,101.2,0,0,1,E001,2005-07-26 reconstructed 15-minute hyetograph; 108 intervals,944.181998744607,250.38599395751956,431.6999950408936,649.2999992370605,866.5999999046326,943.2999987602234,69.0719985961914,250.38599395751956,2.1472060680389404,0.0,31.827754974365234,4.954720973968506,932.1441924443932,932.1441924443932,,HYDRAULIC_PROXY; direct SWMM where mapped; street-surface states unavailable,UNVALIDATED_NO_EVENT_MATCHED_HYDRAULIC_OBSERVATIONS,RAINFALL_RECONSTRUCTED_15MIN; grid represents Phase 1 pilot coverage,Reconstructed E001 hyetograph; source rainfall is IMD three-hour observations,Unavailable; no street coupling,Phase 2A historical_2005 normalized SWMM output,True,PILOT_SUBCATCHMENT_ASSIGNED,1,historical_2005,terra05-swmm-v1.0.0,GIS + Phase 2B SWMM; rainfall reconstructed,139_1057
31932,L,0,0.0,2,27.767154269748264,6.751316918267144,2.0,0.0018502678414689,1.0986122886681098,8.350503312017,20.22571155830784,2042.442003903012,0.7768595041322314,0.1983471074380165,0.0,0.0,14,1400.0,0.0,0.0,0.0,0.4,7.432,0.025,77.04,187.6,0,0,1,E001,2005-07-26 reconstructed 15-minute hyetograph; 108 intervals,944.181998744607,250.38599395751956,431.6999950408936,649.2999992370605,866.5999999046326,943.2999987602234,69.0719985961914,250.38599395751956,2.1421329975128174,0.0,30.47437286376953,4.523478031158447,918.32986233916,918.32986233916,,HYDRAULIC_PROXY; direct SWMM where mapped; street-surface states unavailable,UNVALIDATED_NO_EVENT_MATCHED_HYDRAULIC_OBSERVATIONS,RAINFALL_RECONSTRUCTED_15MIN; grid represents Phase 1 pilot coverage,Reconstructed E001 hyetograph; source rainfall is IMD three-hour observations,Unavailable; no street coupling,Phase 2A historical_2005 normalized SWMM output,True,PILOT_SUBCATCHMENT_ASSIGNED,1,historical_2005,terra05-swmm-v1.0.0,GIS + Phase 2B SWMM; rainfall reconstructed,139_1057
31933,L,0,0.0031402250232496,2,28.677432590060764,7.297275119357639,1.0,0.0009251339207344,0.6931471805599453,0.0,63.626973762560205,2016.8051565056896,0.9338842975206612,0.0330578512396694,0.0,0.0,14,1400.0,0.0,0.0,0.0,0.4,6.66,0.0,93.39,192.1,0,0,1,E001,2005-07-26 reconstructed 15-minute hyetograph; 108 intervals,944.181998744607,250.38599395751956,431.6999950408936,649.2999992370605,866.5999999046326,943.2999987602234,69.0719985961914,250.38599395751956,3.9393677711486816,0.0,37.78763961791992,6.327268600463867,935.8119221373634,935.8119221373634,,HYDRAULIC_PROXY; direct SWMM where mapped; street-surface states unavailable,UNVALIDATED_NO_EVENT_MATCHED_HYDRAULIC_OBSERVATIONS,RAINFALL_RECONSTRUCTED_15MIN; grid represents Phase 1 pilot coverage,Reconstructed E001 hyetograph; source rainfall is IMD three-hour observations,Unavailable; no street coupling,Phase 2A historical_2005 normalized SWMM output,True,PILOT_SUBCATCHMENT_ASSIGNED,1,historical_2005,terra05-swmm-v1.0.0,GIS + Phase 2B SWMM; rainfall reconstructed,139_1057
31934,L,0,0.0,2,33.57048882378472,7.371899922688802,1.0,0.0009251339207344,0.6931471805599453,0.0,76.22342268209093,1995.854889341539,0.8099173553719008,0.1157024793388429,0.0,0.0,16,1600.0,0.0,0.0,0.0,0.4,6.65,0.0,80.99,101.3,0,0,1,E001,2005-07-26 reconstructed 15-minute hyetograph; 108 intervals,944.181998744607,250.38599395751956,431.6999950408936,649.2999992370605,866.5999999046326,943.2999987602234,69.0719985961914,250.38599395751956,5.152763843536377,0.0,35.49604415893555,5.915348529815674,921.9971297813024,921.9971297813024,,HYDRAULIC_PROXY; direct SWMM where mapped; street-surface states unavailable,UNVALIDATED_NO_EVENT_MATCHED_HYDRAULIC_OBSERVATIONS,RAINFALL_RECONSTRUCTED_15MIN; grid represents Phase 1 pilot coverage,Reconstructed E001 hyetograph; source rainfall is IMD three-hour observations,Unavailable; no street coupling,Phase 2A historical_2005 normalized SWMM output,True,PILOT_SUBCATCHMENT_ASSIGNED,1,historical_2005,terra05-swmm-v1.0.0,GIS + Phase 2B SWMM; rainfall reconstructed,139_1057
31935,L,0,0.0,2,31.29438781738281,10.32044474283854,1.0,0.0009251339207344,0.6931471805599453,0.0,86.68603376961832,1979.739992854899,0.3140495867768595,0.512396694214876,0.0,0.0,15,1500.0,0.0,0.0,0.0,0.4,6.308,0.0,31.4,101.2,0,0,1,E001,2005-07-26 reconstructed 15-minute hyetograph; 108 intervals,944.181998744607,250.38599395751956,431.6999950408936,649.2999992370605,866.5999999046326,943.2999987602234,69.0719985961914,250.38599395751956,6.99446964263916,0.0,32.773929595947266,5.4617133140563965,866.9468275366669,866.9468275366669,,HYDRAULIC_PROXY; direct SWMM where mapped; street-surface states unavailable,UNVALIDATED_NO_EVENT_MATCHED_HYDRAULIC_OBSERVATIONS,RAINFALL_RECONSTRUCTED_15MIN; grid represents Phase 1 pilot coverage,Reconstructed E001 hyetograph; source rainfall is IMD three-hour observations,Unavailable; no street coupling,Phase 2A historical_2005 normalized SWMM output,True,PILOT_SUBCATCHMENT_ASSIGNED,1,historical_2005,terra05-swmm-v1.0.0,GIS + Phase 2B SWMM; rainfall reconstructed,139_1057
31936,L,0,0.0,2,28.807715521918404,6.449904547797309,425.0,0.3931819163121501,6.054439346269371,0.0,97.69063493530248,1968.5792184491088,0.6033057851239669,0.371900826446281,0.0,0.0,15,1500.0,0.0,0.0,0.0,0.4,12.837,0.0,60.33,152.7,0,0,1,E001,2005-07-26 reconstructed 15-minute hyetograph; 108 intervals,944.181998744607,250.38599395751956,431.6999950408936,649.2999992370605,866.5999999046326,943.2999987602234,69.0719985961914,250.38599395751956,6.99446964263916,0.0,31.28599739074707,5.213752269744873,899.0849127135878,899.0849127135878,,HYDRAULIC_PROXY; direct SWMM where mapped; street-surface states unavailable,UNVALIDATED_NO_EVENT_MATCHED_HYDRAULIC_OBSERVATIONS,RAINFALL_RECONSTRUCTED_15MIN; grid represents Phase 1 pilot coverage,Reconstructed E001 hyetograph; source rainfall is IMD three-hour observations,Unavailable; no street coupling,Phase 2A historical_2005 normalized SWMM output,True,PILOT_SUBCATCHMENT_ASSIGNED,1,historical_2005,terra05-swmm-v1.0.0,GIS + Phase 2B SWMM; rainfall reconstructed,139_1057
31937,L,0,0.0,2,28.539347330729168,5.522868262396918,2.0,0.0018502678414689,1.0986122886681098,0.0,113.81539880748126,1962.457092348847,0.3636363636363636,0.5950413223140496,0.0,0.0,7,700.0,0.0,0.0,0.0,0.4,7.635,0.0,36.36,178.0,0,0,1,E001,2005-07-26 reconstructed 15-minute hyetograph; 108 intervals,944.181998744607,250.38599395751956,431.6999950408936,649.2999992370605,866.5999999046326,943.2999987602234,69.0719985961914,250.38599395751956,6.990200042724609,399302.5978446007,31.28599739074707,5.213752269744873,872.2686301326028,872.2686301326028,,HYDRAULIC_PROXY; direct SWMM where mapped; street-surface states unavailable,UNVALIDATED_NO_EVENT_MATCHED_HYDRAULIC_OBSERVATIONS,RAINFALL_RECONSTRUCTED_15MIN; grid represents Phase 1 pilot coverage,Reconstructed E001 hyetograph; source rainfall is IMD three-hour observations,Unavailable; no street coupling,Phase 2A historical_2005 normalized SWMM output,True,PILOT_SUBCATCHMENT_ASSIGNED,1,historical_2005,terra05-swmm-v1.0.0,GIS + Phase 2B SWMM; rainfall reconstructed,139_1057
31938,L,0,0.0,2,33.16056060791016,4.953646024068196,1.0,0.0009251339207344,0.6931471805599453,0.0,169.00468930325252,1961.420796084022,0.0826446280991735,0.9173553719008264,0.0,0.0,5,500.0,0.0,0.0,0.0,0.4,7.051,0.0,8.26,0.0,0,0,0,E001,2005-07-26 reconstructed 15-minute hyetograph; 108 intervals,944.181998744607,250.38599395751956,431.6999950408936,649.2999992370605,866.5999999046326,943.2999987602234,69.0719985961914,250.38599395751956,6.990200042724609,399302.5978446007,36.71260833740234,6.118086814880371,840.2943065178986,840.2943065178986,,HYDRAULIC_PROXY; direct SWMM where mapped; street-surface states unavailable,UNVALIDATED_NO_EVENT_MATCHED_HYDRAULIC_OBSERVATIONS,RAINFALL_RECONSTRUCTED_15MIN; grid represents Phase 1 pilot coverage,Reconstructed E001 hyetograph; source rainfall is IMD three-hour observations,Unavailable; no street coupling,Phase 2A historical_2005 normalized SWMM output,True,PILOT_SUBCATCHMENT_ASSIGNED,1,historical_2005,terra05-swmm-v1.0.0,GIS + Phase 2B SWMM; rainfall reconstructed,139_1057
31939,L,0,0.0,2,30.70789930555556,3.1783807542588978,3.0,0.0027754017622034,1.3862943611198906,0.0,253.3203999035053,1965.4783741652989,0.0,0.8842975206611571,0.1157024793388429,0.0,1,100.0,0.0,0.0,0.0,0.4,8.595,0.0,0.0,0.0,0,0,0,E001,2005-07-26 reconstructed 15-minute hyetograph; 108 intervals,944.181998744607,250.38599395751956,431.6999950408936,649.2999992370605,866.5999999046326,943.2999987602234,69.0719985961914,250.38599395751956,6.990200042724609,399302.5978446007,36.71260833740234,6.118086814880371,830.0932338470009,830.0932338470009,,HYDRAULIC_PROXY; direct SWMM where mapped; street-surface states unavailable,UNVALIDATED_NO_EVENT_MATCHED_HYDRAULIC_OBSERVATIONS,RAINFALL_RECONSTRUCTED_15MIN; grid represents Phase 1 pilot coverage,Reconstructed E001 hyetograph; source rainfall is IMD three-hour observations,Unavailable; no street coupling,Phase 2A historical_2005 normalized SWMM output,True,PILOT_SUBCATCHMENT_ASSIGNED,1,historical_2005,terra05-swmm-v1.0.0,GIS + Phase 2B SWMM; rainfall reconstructed,139_1057
31940,L,0,0.0,2,35.0328606499566,11.988521999782986,8.0,0.0074010713658757,2.19722457733622,0.0,346.0922781687779,1974.5984248226407,0.0,1.0,0.0,0.0,0,0.0,0.0,0.0,0.0,0.4,8.234,0.0,0.0,0.0,0,0,0,E001,2005-07-26 reconstructed 15-minute hyetograph; 108 intervals,944.181998744607,250.38599395751956,431.6999950408936,649.2999992370605,866.5999999046326,943.2999987602234,69.0719985961914,250.38599395751956,6.990200042724609,399302.5978446007,31.28599739074707,5.213752269744873,831.8372844852274,831.8372844852274,,HYDRAULIC_PROXY; direct SWMM where mapped; street-surface states unavailable,UNVALIDATED_NO_EVENT_MATCHED_HYDRAULIC_OBSERVATIONS,RAINFALL_RECONSTRUCTED_15MIN; grid represents Phase 1 pilot coverage,Reconstructed E001 hyetograph; source rainfall is IMD three-hour observations,Unavailable; no street coupling,Phase 2A historical_2005 normalized SWMM output,True,PILOT_SUBCATCHMENT_ASSIGNED,1,historical_2005,terra05-swmm-v1.0.0,GIS + Phase 2B SWMM; rainfall reconstructed,139_1057
31941,L,0,0.0,2,53.449930826822914,11.450613233778212,1.0,0.0009251339207344,0.6931471805599453,0.0,442.0277197290207,1988.526433006576,0.0826446280991735,0.9173553719008264,0.0,0.0,4,400.0,0.0,0.0,0.0,0.4,6.202,0.0,8.26,0.0,0,0,0,E001,2005-07-26 reconstructed 15-minute hyetograph; 108 intervals,944.181998744607,250.38599395751956,431.6999950408936,649.2999992370605,866.5999999046326,943.2999987602234,69.0719985961914,250.38599395751956,6.990200042724609,399302.5978446007,36.71260833740234,6.118086814880371,841.0896254159159,841.0896254159159,,HYDRAULIC_PROXY; direct SWMM where mapped; street-surface states unavailable,UNVALIDATED_NO_EVENT_MATCHED_HYDRAULIC_OBSERVATIONS,RAINFALL_RECONSTRUCTED_15MIN; grid represents Phase 1 pilot coverage,Reconstructed E001 hyetograph; source rainfall is IMD three-hour observations,Unavailable; no street coupling,Phase 2A historical_2005 normalized SWMM output,True,PILOT_SUBCATCHMENT_ASSIGNED,1,historical_2005,terra05-swmm-v1.0.0,GIS + Phase 2B SWMM; rainfall reconstructed,139_1057
31942,L,0,0.0,2,55.59406026204427,9.544923782348633,1.0,0.0009251339207344,0.6931471805599453,0.0,539.4415121304816,2007.3100594493408,0.2479338842975206,0.743801652892562,0.0,0.0,4,400.0,0.0,0.0,0.0,0.4,6.388,0.0,24.79,0.0,0,0,0,E001,2005-07-26 reconstructed 15-minute hyetograph; 108 intervals,944.181998744607,250.38599395751956,431.6999950408936,649.2999992370605,866.5999999046326,943.2999987602234,69.0719985961914,250.38599395751956,6.990200042724609,399302.5978446007,31.28599739074707,5.213752269744873,859.528890150177,859.528890150177,,HYDRAULIC_PROXY; direct SWMM where mapped; street-surface states unavailable,UNVALIDATED_NO_EVENT_MATCHED_HYDRAULIC_OBSERVATIONS,RAINFALL_RECONSTRUCTED_15MIN; grid represents Phase 1 pilot coverage,Reconstructed E001 hyetograph; source rainfall is IMD three-hour observations,Unavailable; no street coupling,Phase 2A historical_2005 normalized SWMM output,True,PILOT_SUBCATCHMENT_ASSIGNED,1,historical_2005,terra05-swmm-v1.0.0,GIS + Phase 2B SWMM; rainfall reconstructed,139_1057
31943,L,0,0.0,2,59.83220079210069,12.442554050021702,1.0,0.0009251339207344,0.6931471805599453,0.0,637.6564788429608,2030.8495697040623,0.3471074380165289,0.6363636363636364,0.0,0.0,6,600.0,0.0,0.0,0.0,0.4,6.116,0.0,34.71,0.0,0,0,0,E001,2005-07-26 reconstructed 15-minute hyetograph; 108 intervals,944.181998744607,250.38599395751956,431.6999950408936,649.2999992370605,866.5999999046326,943.2999987602234,69.0719985961914,250.38599395751956,6.990200042724609,399302.5978446007,31.28599739074707,5.213752269744873,870.6815468790588,870.6815468790588,,HYDRAULIC_PROXY; direct SWMM where mapped; street-surface states unavailable,UNVALIDATED_NO_EVENT_MATCHED_HYDRAULIC_OBSERVATIONS,RAINFALL_RECONSTRUCTED_15MIN; grid represents Phase 1 pilot coverage,Reconstructed E001 hyetograph; source rainfall is IMD three-hour observations,Unavailable; no street coupling,Phase 2A historical_2005 normalized SWMM output,True,PILOT_SUBCATCHMENT_ASSIGNED,1,historical_2005,terra05-swmm-v1.0.0,GIS + Phase 2B SWMM; rainfall reconstructed,139_1057
32209,L,0,0.0,2,41.098659939236114,15.286963568793404,1.0,0.0009251339207344,0.6931471805599453,0.0,83.42588586667156,1819.602802332696,0.8842975206611571,0.1157024793388429,0.0,0.0,6,600.0,0.0,0.0,0.0,0.4,5.902,0.0,88.43,0.0,0,0,0,E001,2005-07-26 reconstructed 15-minute hyetograph; 108 intervals,944.181998744607,250.38599395751956,431.6999950408936,649.2999992370605,866.5999999046326,943.2999987602234,69.0719985961914,250.38599395751956,2.72407341003418,0.0,19.428447723388672,3.4067084789276123,930.2887396487492,930.2887396487492,,HYDRAULIC_PROXY; direct SWMM where mapped; street-surface states unavailable,UNVALIDATED_NO_EVENT_MATCHED_HYDRAULIC_OBSERVATIONS,RAINFALL_RECONSTRUCTED_15MIN; grid represents Phase 1 pilot coverage,Reconstructed E001 hyetograph; source rainfall is IMD three-hour observations,Unavailable; no street coupling,Phase 2A historical_2005 normalized SWMM output,True,PILOT_SUBCATCHMENT_ASSIGNED,1,historical_2005,terra05-swmm-v1.0.0,GIS + Phase 2B SWMM; rainfall reconstructed,139_1057
32210,L,0,0.0,2,25.938273111979168,12.809514363606771,16.0,0.0148021427317515,2.833213344056216,0.0,64.88874910097772,1917.5872856945853,0.256198347107438,0.743801652892562,0.0,0.0,4,400.0,0.0,0.0,0.0,0.4,8.859,0.0,25.62,0.0,0,0,0,E001,2005-07-26 reconstructed 15-minute hyetograph; 108 intervals,944.181998744607,250.38599395751956,431.6999950408936,649.2999992370605,866.5999999046326,943.2999987602234,69.0719985961914,250.38599395751956,2.9016833305358887,0.0,19.428447723388672,3.4067084789276123,860.5603530283404,860.5603530283404,,HYDRAULIC_PROXY; direct SWMM where mapped; street-surface states unavailable,UNVALIDATED_NO_EVENT_MATCHED_HYDRAULIC_OBSERVATIONS,RAINFALL_RECONSTRUCTED_15MIN; grid represents Phase 1 pilot coverage,Reconstructed E001 hyetograph; source rainfall is IMD three-hour observations,Unavailable; no street coupling,Phase 2A historical_2005 normalized SWMM output,True,PILOT_SUBCATCHMENT_ASSIGNED,1,historical_2005,terra05-swmm-v1.0.0,GIS + Phase 2B SWMM; rainfall reconstructed,139_1057
32211,L,0,0.0,2,20.392791748046875,2.142246087392172,6.0,0.0055508035244068,1.9459101490553128,0.0,51.787461397732535,2015.7697384021965,0.0495867768595041,0.950413223140496,0.0,0.0,0,0.0,0.0,0.0,0.0,0.4,9.683,0.0,4.96,0.0,0,0,0,E001,2005-07-26 reconstructed 15-minute hyetograph; 108 intervals,944.181998744607,250.38599395751956,431.6999950408936,649.2999992370605,866.5999999046326,943.2999987602234,69.0719985961914,250.38599395751956,2.9016833305358887,0.0,17.160785675048828,3.2113184928894043,835.0973263871126,835.0973263871126,,HYDRAULIC_PROXY; direct SWMM where mapped; street-surface states unavailable,UNVALIDATED_NO_EVENT_MATCHED_HYDRAULIC_OBSERVATIONS,RAINFALL_RECONSTRUCTED_15MIN; grid represents Phase 1 pilot coverage,Reconstructed E001 hyetograph; source rainfall is IMD three-hour observations,Unavailable; no street coupling,Phase 2A historical_2005 normalized SWMM output,True,PILOT_SUBCATCHMENT_ASSIGNED,1,historical_2005,terra05-swmm-v1.0.0,GIS + Phase 2B SWMM; rainfall reconstructed,139_1057
32212,L,0,0.0,2,23.962426079644096,4.353940327962239,2.0,0.0018502678414689,1.0986122886681098,9.639325146734317,47.64356286683799,2114.122578815757,0.1900826446280991,0.8016528925619835,0.0,0.0,7,700.0,0.0,0.0,0.0,0.4,7.874,0.029,18.83,16.7,0,0,0,E001,2005-07-26 reconstructed 15-minute hyetograph; 108 intervals,944.181998744607,250.38599395751956,431.6999950408936,649.2999992370605,866.5999999046326,943.2999987602234,69.0719985961914,250.38599395751956,2.5878994464874268,0.0,37.78763961791992,6.327268600463867,852.4230469790925,852.4230469790925,,HYDRAULIC_PROXY; direct SWMM where mapped; street-surface states unavailable,UNVALIDATED_NO_EVENT_MATCHED_HYDRAULIC_OBSERVATIONS,RAINFALL_RECONSTRUCTED_15MIN; grid represents Phase 1 pilot coverage,Reconstructed E001 hyetograph; source rainfall is IMD three-hour observations,Unavailable; no street coupling,Phase 2A historical_2005 normalized SWMM output,True,PILOT_SUBCATCHMENT_ASSIGNED,1,historical_2005,terra05-swmm-v1.0.0,GIS + Phase 2B SWMM; rainfall reconstructed,139_1057
32213,L,0,0.0,2,25.496007283528645,6.832118564181858,1.0,0.0009251339207344,0.6931471805599453,10.076438973345036,35.65135722596413,2114.1765109163093,0.7272727272727273,0.2727272727272727,0.0,0.0,10,1000.0,0.0,0.0,0.0,0.4,6.727,0.03,72.0,205.0,0,0,1,E001,2005-07-26 reconstructed 15-minute hyetograph; 108 intervals,944.181998744607,250.38599395751956,431.6999950408936,649.2999992370605,866.5999999046326,943.2999987602234,69.0719985961914,250.38599395751956,3.9393677711486816,0.0,37.78763961791992,6.327268600463867,912.832253789529,912.832253789529,,HYDRAULIC_PROXY; direct SWMM where mapped; street-surface states unavailable,UNVALIDATED_NO_EVENT_MATCHED_HYDRAULIC_OBSERVATIONS,RAINFALL_RECONSTRUCTED_15MIN; grid represents Phase 1 pilot coverage,Reconstructed E001 hyetograph; source rainfall is IMD three-hour observations,Unavailable; no street coupling,Phase 2A historical_2005 normalized SWMM output,True,PILOT_SUBCATCHMENT_ASSIGNED,1,historical_2005,terra05-swmm-v1.0.0,GIS + Phase 2B SWMM; rainfall reconstructed,139_1057
32214,L,0,0.0,2,40.41689046223959,18.208619859483505,2.0,0.0018502678414689,1.0986122886681098,10.068410963305736,22.96329332635564,2094.200568071465,0.6694214876033058,0.2975206611570248,0.0,0.0,8,800.0,0.0,0.0,0.0,0.4,6.41,0.03,66.27,100.8,0,0,1,E001,2005-07-26 reconstructed 15-minute hyetograph; 108 intervals,944.181998744607,250.38599395751956,431.6999950408936,649.2999992370605,866.5999999046326,943.2999987602234,69.0719985961914,250.38599395751956,5.152763843536377,0.0,35.49604415893555,5.915348529815674,906.4163001696576,906.4163001696576,,HYDRAULIC_PROXY; direct SWMM where mapped; street-surface states unavailable,UNVALIDATED_NO_EVENT_MATCHED_HYDRAULIC_OBSERVATIONS,RAINFALL_RECONSTRUCTED_15MIN; grid represents Phase 1 pilot coverage,Reconstructed E001 hyetograph; source rainfall is IMD three-hour observations,Unavailable; no street coupling,Phase 2A historical_2005 normalized SWMM output,True,PILOT_SUBCATCHMENT_ASSIGNED,1,historical_2005,terra05-swmm-v1.0.0,GIS + Phase 2B SWMM; rainfall reconstructed,139_1057
32215,L,0,0.0,2,32.27007802327474,14.646232604980469,16.0,0.0148021427317515,2.833213344056216,10.050988113264795,12.806671696848,2078.8481712985763,0.2066115702479339,0.6611570247933884,0.0082644628099173,0.0,11,1100.0,0.0,0.0,0.0,0.4,8.72,0.03,20.46,128.7,0,0,1,E001,2005-07-26 reconstructed 15-minute hyetograph; 108 intervals,944.181998744607,250.38599395751956,431.6999950408936,649.2999992370605,866.5999999046326,943.2999987602234,69.0719985961914,250.38599395751956,6.99446964263916,0.0,32.773929595947266,5.4617133140563965,855.0697208781637,855.0697208781637,,HYDRAULIC_PROXY; direct SWMM where mapped; street-surface states unavailable,UNVALIDATED_NO_EVENT_MATCHED_HYDRAULIC_OBSERVATIONS,RAINFALL_RECONSTRUCTED_15MIN; grid represents Phase 1 pilot coverage,Reconstructed E001 hyetograph; source rainfall is IMD three-hour observations,Unavailable; no street coupling,Phase 2A historical_2005 normalized SWMM output,True,PILOT_SUBCATCHMENT_ASSIGNED,1,historical_2005,terra05-swmm-v1.0.0,GIS + Phase 2B SWMM; rainfall reconstructed,139_1057
32216,L,0,0.0,2,32.22772216796875,10.01722208658854,1.0,0.0009251339207344,0.6931471805599453,10.109303743832038,1.077971445480412,2068.222284792431,0.3057851239669421,0.6942148760330579,0.0,0.0,5,500.0,0.0,0.0,0.0,0.4,6.339,0.03,30.27,139.1,0,0,1,E001,2005-07-26 reconstructed 15-minute hyetograph; 108 intervals,944.181998744607,250.38599395751956,431.6999950408936,649.2999992370605,866.5999999046326,943.2999987602234,69.0719985961914,250.38599395751956,6.99446964263916,0.0,31.28599739074707,5.213752269744873,866.0167002517117,866.0167002517117,,HYDRAULIC_PROXY; direct SWMM where mapped; street-surface states unavailable,UNVALIDATED_NO_EVENT_MATCHED_HYDRAULIC_OBSERVATIONS,RAINFALL_RECONSTRUCTED_15MIN; grid represents Phase 1 pilot coverage,Reconstructed E001 hyetograph; source rainfall is IMD three-hour observations,Unavailable; no street coupling,Phase 2A historical_2005 normalized SWMM output,True,PILOT_SUBCATCHMENT_ASSIGNED,1,historical_2005,terra05-swmm-v1.0.0,GIS + Phase 2B SWMM; rainfall reconstructed,139_1057
32217,L,0,0.0,2,25.617507934570312,5.634594387478298,1.0,0.0009251339207344,0.6931471805599453,6.234027422733611,29.87716533456472,2062.395965694418,0.2644628099173554,0.7355371900826446,0.0,0.0,11,1100.0,0.0,0.0,0.0,0.4,6.921,0.019,26.28,132.7,0,0,1,E001,2005-07-26 reconstructed 15-minute hyetograph; 108 intervals,944.181998744607,250.38599395751956,431.6999950408936,649.2999992370605,866.5999999046326,943.2999987602234,69.0719985961914,250.38599395751956,6.990200042724609,399302.5978446007,36.71260833740234,6.118086814880371,861.0890002055382,861.0890002055382,,HYDRAULIC_PROXY; direct SWMM where mapped; street-surface states unavailable,UNVALIDATED_NO_EVENT_MATCHED_HYDRAULIC_OBSERVATIONS,RAINFALL_RECONSTRUCTED_15MIN; grid represents Phase 1 pilot coverage,Reconstructed E001 hyetograph; source rainfall is IMD three-hour observations,Unavailable; no street coupling,Phase 2A historical_2005 normalized SWMM output,True,PILOT_SUBCATCHMENT_ASSIGNED,1,historical_2005,terra05-swmm-v1.0.0,GIS + Phase 2B SWMM; rainfall reconstructed,139_1057
32218,L,0,0.0,2,26.99669647216797,4.661197980244954,1.0,0.0009251339207344,0.6931471805599453,0.0,128.45732758084227,2061.409910549864,0.1983471074380165,0.8016528925619835,0.0,0.0,3,300.0,0.0,0.0,0.0,0.4,7.112,0.0,19.83,0.0,0,0,0,E001,2005-07-26 reconstructed 15-minute hyetograph; 108 intervals,944.181998744607,250.38599395751956,431.6999950408936,649.2999992370605,866.5999999046326,943.2999987602234,69.0719985961914,250.38599395751956,6.990200042724609,399302.5978446007,36.71260833740234,6.118086814880371,853.4303420519425,853.4303420519425,,HYDRAULIC_PROXY; direct SWMM where mapped; street-surface states unavailable,UNVALIDATED_NO_EVENT_MATCHED_HYDRAULIC_OBSERVATIONS,RAINFALL_RECONSTRUCTED_15MIN; grid represents Phase 1 pilot coverage,Reconstructed E001 hyetograph; source rainfall is IMD three-hour observations,Unavailable; no street coupling,Phase 2A historical_2005 normalized SWMM output,True,PILOT_SUBCATCHMENT_ASSIGNED,1,historical_2005,terra05-swmm-v1.0.0,GIS + Phase 2B SWMM; rainfall reconstructed,139_1057
32219,L,0,0.0,2,28.706668429904514,4.4556427001953125,2.0,0.0018502678414689,1.0986122886681098,0.0,228.275984304076,2065.2710522625803,0.1487603305785124,0.8512396694214877,0.0,0.0,5,500.0,0.0,0.0,0.0,0.4,7.85,0.0,14.88,0.0,0,0,0,E001,2005-07-26 reconstructed 15-minute hyetograph; 108 intervals,944.181998744607,250.38599395751956,431.6999950408936,649.2999992370605,866.5999999046326,943.2999987602234,69.0719985961914,250.38599395751956,6.990200042724609,399302.5978446007,36.71260833740234,6.118086814880371,847.7228390608796,847.7228390608796,,HYDRAULIC_PROXY; direct SWMM where mapped; street-surface states unavailable,UNVALIDATED_NO_EVENT_MATCHED_HYDRAULIC_OBSERVATIONS,RAINFALL_RECONSTRUCTED_15MIN; grid represents Phase 1 pilot coverage,Reconstructed E001 hyetograph; source rainfall is IMD three-hour observations,Unavailable; no street coupling,Phase 2A historical_2005 normalized SWMM output,True,PILOT_SUBCATCHMENT_ASSIGNED,1,historical_2005,terra05-swmm-v1.0.0,GIS + Phase 2B SWMM; rainfall reconstructed,139_1057
32220,L,0,0.0,2,28.097181532118057,4.894061618381077,2.0,0.0018502678414689,1.0986122886681098,0.0,328.2050654861647,2073.952318476578,0.0,1.0,0.0,0.0,1,100.0,0.0,0.0,0.0,0.4,7.756,0.0,0.0,0.0,0,0,0,E001,2005-07-26 reconstructed 15-minute hyetograph; 108 intervals,944.181998744607,250.38599395751956,431.6999950408936,649.2999992370605,866.5999999046326,943.2999987602234,69.0719985961914,250.38599395751956,6.990200042724609,399302.5978446007,36.71260833740234,6.118086814880371,830.8214889268856,830.8214889268856,,HYDRAULIC_PROXY; direct SWMM where mapped; street-surface states unavailable,UNVALIDATED_NO_EVENT_MATCHED_HYDRAULIC_OBSERVATIONS,RAINFALL_RECONSTRUCTED_15MIN; grid represents Phase 1 pilot coverage,Reconstructed E001 hyetograph; source rainfall is IMD three-hour observations,Unavailable; no street coupling,Phase 2A historical_2005 normalized SWMM output,True,PILOT_SUBCATCHMENT_ASSIGNED,1,historical_2005,terra05-swmm-v1.0.0,GIS + Phase 2B SWMM; rainfall reconstructed,139_1057
32221,L,0,0.0,2,37.62623087565104,14.30656263563368,1.0,0.0009251339207344,0.6931471805599453,0.0,428.1672628909881,2087.2435542524204,0.0,1.0,0.0,0.0,0,0.0,0.0,0.0,0.0,0.4,5.972,0.0,0.0,0.0,0,0,0,E001,2005-07-26 reconstructed 15-minute hyetograph; 108 intervals,944.181998744607,250.38599395751956,431.6999950408936,649.2999992370605,866.5999999046326,943.2999987602234,69.0719985961914,250.38599395751956,6.990200042724609,399302.5978446007,36.71260833740234,6.118086814880371,831.9877829554024,831.9877829554024,,HYDRAULIC_PROXY; direct SWMM where mapped; street-surface states unavailable,UNVALIDATED_NO_EVENT_MATCHED_HYDRAULIC_OBSERVATIONS,RAINFALL_RECONSTRUCTED_15MIN; grid represents Phase 1 pilot coverage,Reconstructed E001 hyetograph; source rainfall is IMD three-hour observations,Unavailable; no street coupling,Phase 2A historical_2005 normalized SWMM output,True,PILOT_SUBCATCHMENT_ASSIGNED,1,historical_2005,terra05-swmm-v1.0.0,GIS + Phase 2B SWMM; rainfall reconstructed,139_1057
32222,L,0,0.0,2,39.817525227864586,10.414178848266602,79.0,0.0730855797380232,4.382026634673881,0.0,528.143773050808,2105.1465399750527,0.0413223140495867,0.7107438016528925,0.2396694214876033,0.0,1,100.0,0.0,0.0,0.0,0.4,10.669,0.0,4.13,0.0,0,0,0,E001,2005-07-26 reconstructed 15-minute hyetograph; 108 intervals,944.181998744607,250.38599395751956,431.6999950408936,649.2999992370605,866.5999999046326,943.2999987602234,69.0719985961914,250.38599395751956,6.990200042724609,399302.5978446007,31.28599739074707,5.213752269744873,836.3721325563527,836.3721325563527,,HYDRAULIC_PROXY; direct SWMM where mapped; street-surface states unavailable,UNVALIDATED_NO_EVENT_MATCHED_HYDRAULIC_OBSERVATIONS,RAINFALL_RECONSTRUCTED_15MIN; grid represents Phase 1 pilot coverage,Reconstructed E001 hyetograph; source rainfall is IMD three-hour observations,Unavailable; no street coupling,Phase 2A historical_2005 normalized SWMM output,True,PILOT_SUBCATCHMENT_ASSIGNED,1,historical_2005,terra05-swmm-v1.0.0,GIS + Phase 2B SWMM; rainfall reconstructed,139_1057
32223,L,0,0.0,2,43.45036485460069,13.797398037380642,10.0,0.0092513392073447,2.3978952727983707,0.0,628.1277616959198,2127.603876375863,0.0,0.8099173553719008,0.1818181818181818,0.0,1,100.0,0.0,0.0,0.0,0.4,8.312,0.0,0.0,0.0,0,0,0,E001,2005-07-26 reconstructed 15-minute hyetograph; 108 intervals,944.181998744607,250.38599395751956,431.6999950408936,649.2999992370605,866.5999999046326,943.2999987602234,69.0719985961914,250.38599395751956,6.990200042724609,399302.5978446007,31.28599739074707,5.213752269744873,831.9596080732298,831.9596080732298,,HYDRAULIC_PROXY; direct SWMM where mapped; street-surface states unavailable,UNVALIDATED_NO_EVENT_MATCHED_HYDRAULIC_OBSERVATIONS,RAINFALL_RECONSTRUCTED_15MIN; grid represents Phase 1 pilot coverage,Reconstructed E001 hyetograph; source rainfall is IMD three-hour observations,Unavailable; no street coupling,Phase 2A historical_2005 normalized SWMM output,True,PILOT_SUBCATCHMENT_ASSIGNED,1,historical_2005,terra05-swmm-v1.0.0,GIS + Phase 2B SWMM; rainfall reconstructed,139_1057
32489,L,0,0.0,2,56.61073811848959,10.05309549967448,1.0,0.0009251339207344,0.6931471805599453,0.0,181.69273969099,1801.756625701698,0.9173553719008264,0.0826446280991735,0.0,0.0,3,300.0,0.0,0.0,0.0,0.4,6.335,0.0,91.74,0.0,0,0,0,E001,2005-07-26 reconstructed 15-minute hyetograph; 108 intervals,944.181998744607,250.38599395751956,431.6999950408936,649.2999992370605,866.5999999046326,943.2999987602234,69.0719985961914,250.38599395751956,2.72407341003418,0.0,19.428447723388672,3.4067084789276123,933.9619503801804,933.9619503801804,,HYDRAULIC_PROXY; direct SWMM where mapped; street-surface states unavailable,UNVALIDATED_NO_EVENT_MATCHED_HYDRAULIC_OBSERVATIONS,RAINFALL_RECONSTRUCTED_15MIN; grid represents Phase 1 pilot coverage,Reconstructed E001 hyetograph; source rainfall is IMD three-hour observations,Unavailable; no street coupling,Phase 2A historical_2005 normalized SWMM output,True,PILOT_SUBCATCHMENT_ASSIGNED,1,historical_2005,terra05-swmm-v1.0.0,GIS + Phase 2B SWMM; rainfall reconstructed,139_1057
32490,L,0,0.0,2,41.70899200439453,14.724812825520834,5.0,0.0046256696036723,1.791759469228055,0.0,163.15560292529617,1900.6613528612872,0.0330578512396694,0.9669421487603306,0.0,0.0,1,100.0,0.0,0.0,0.0,0.4,7.551,0.0,3.31,0.0,0,0,0,E001,2005-07-26 reconstructed 15-minute hyetograph; 108 intervals,944.181998744607,250.38599395751956,431.6999950408936,649.2999992370605,866.5999999046326,943.2999987602234,69.0719985961914,250.38599395751956,2.9016833305358887,0.0,19.428447723388672,3.4067084789276123,835.6961836463595,835.6961836463595,,HYDRAULIC_PROXY; direct SWMM where mapped; street-surface states unavailable,UNVALIDATED_NO_EVENT_MATCHED_HYDRAULIC_OBSERVATIONS,RAINFALL_RECONSTRUCTED_15MIN; grid represents Phase 1 pilot coverage,Reconstructed E001 hyetograph; source rainfall is IMD three-hour observations,Unavailable; no street coupling,Phase 2A historical_2005 normalized SWMM output,True,PILOT_SUBCATCHMENT_ASSIGNED,1,historical_2005,terra05-swmm-v1.0.0,GIS + Phase 2B SWMM; rainfall reconstructed,139_1057
32491,L,0,0.0,2,33.23863983154297,14.09203052520752,3.0,0.0027754017622034,1.3862943611198906,0.0,151.73365270038911,1999.675028163584,0.0,1.0,0.0,0.0,0,0.0,0.0,0.0,0.0,0.4,7.086,0.0,0.0,0.0,0,0,0,E001,2005-07-26 reconstructed 15-minute hyetograph; 108 intervals,944.181998744607,250.38599395751956,431.6999950408936,649.2999992370605,866.5999999046326,943.2999987602234,69.0719985961914,250.38599395751956,2.9016833305358887,0.0,17.160785675048828,3.2113184928894043,831.9761673139872,831.9761673139872,,HYDRAULIC_PROXY; direct SWMM where mapped; street-surface states unavailable,UNVALIDATED_NO_EVENT_MATCHED_HYDRAULIC_OBSERVATIONS,RAINFALL_RECONSTRUCTED_15MIN; grid represents Phase 1 pilot coverage,Reconstructed E001 hyetograph; source rainfall is IMD three-hour observations,Unavailable; no street coupling,Phase 2A historical_2005 normalized SWMM output,True,PILOT_SUBCATCHMENT_ASSIGNED,1,historical_2005,terra05-swmm-v1.0.0,GIS + Phase 2B SWMM; rainfall reconstructed,139_1057
32492,L,0,0.0,2,25.00377655029297,6.777486165364583,1187.0,1.0981339639118168,7.080026499922591,0.0,146.92189385536233,2098.7822322150428,0.0578512396694214,0.9421487603305784,0.0,0.0,2,200.0,0.0,0.0,0.0,0.4,13.814,0.0,5.79,0.0,0,0,0,E001,2005-07-26 reconstructed 15-minute hyetograph; 108 intervals,944.181998744607,250.38599395751956,431.6999950408936,649.2999992370605,866.5999999046326,943.2999987602234,69.0719985961914,250.38599395751956,2.5878994464874268,0.0,37.78763961791992,6.327268600463867,837.8280994803933,837.8280994803933,,HYDRAULIC_PROXY; direct SWMM where mapped; street-surface states unavailable,UNVALIDATED_NO_EVENT_MATCHED_HYDRAULIC_OBSERVATIONS,RAINFALL_RECONSTRUCTED_15MIN; grid represents Phase 1 pilot coverage,Reconstructed E001 hyetograph; source rainfall is IMD three-hour observations,Unavailable; no street coupling,Phase 2A historical_2005 normalized SWMM output,True,PILOT_SUBCATCHMENT_ASSIGNED,1,historical_2005,terra05-swmm-v1.0.0,GIS + Phase 2B SWMM; rainfall reconstructed,139_1057
32493,L,0,0.0,2,30.32036844889323,10.547977447509766,1.0,0.0009251339207344,0.6931471805599453,0.0,134.8777494114918,2197.97031332593,0.5785123966942148,0.4214876033057851,0.0,0.0,10,1000.0,0.0,0.0,0.0,0.4,6.286,0.0,57.85,79.2,0,0,0,E001,2005-07-26 reconstructed 15-minute hyetograph; 108 intervals,944.181998744607,250.38599395751956,431.6999950408936,649.2999992370605,866.5999999046326,943.2999987602234,69.0719985961914,250.38599395751956,3.9393677711486816,0.0,35.49604415893555,5.915348529815674,896.3381481362737,896.3381481362737,,HYDRAULIC_PROXY; direct SWMM where mapped; street-surface states unavailable,UNVALIDATED_NO_EVENT_MATCHED_HYDRAULIC_OBSERVATIONS,RAINFALL_RECONSTRUCTED_15MIN; grid represents Phase 1 pilot coverage,Reconstructed E001 hyetograph; source rainfall is IMD three-hour observations,Unavailable; no street coupling,Phase 2A historical_2005 normalized SWMM output,True,PILOT_SUBCATCHMENT_ASSIGNED,1,historical_2005,terra05-swmm-v1.0.0,GIS + Phase 2B SWMM; rainfall reconstructed,139_1057
32494,L,0,0.0,2,37.12102762858073,12.50067392985026,6.0,0.0055508035244068,1.9459101490553128,0.0,122.35927571961098,2192.695897591175,0.6446280991735537,0.3553719008264462,0.0,0.0,8,800.0,0.0,0.0,0.0,0.4,7.903,0.0,64.46,0.0,0,0,0,E001,2005-07-26 reconstructed 15-minute hyetograph; 108 intervals,944.181998744607,250.38599395751956,431.6999950408936,649.2999992370605,866.5999999046326,943.2999987602234,69.0719985961914,250.38599395751956,5.152763843536377,0.0,32.773929595947266,5.4617133140563965,903.6654323986292,903.6654323986292,,HYDRAULIC_PROXY; direct SWMM where mapped; street-surface states unavailable,UNVALIDATED_NO_EVENT_MATCHED_HYDRAULIC_OBSERVATIONS,RAINFALL_RECONSTRUCTED_15MIN; grid represents Phase 1 pilot coverage,Reconstructed E001 hyetograph; source rainfall is IMD three-hour observations,Unavailable; no street coupling,Phase 2A historical_2005 normalized SWMM output,True,PILOT_SUBCATCHMENT_ASSIGNED,1,historical_2005,terra05-swmm-v1.0.0,GIS + Phase 2B SWMM; rainfall reconstructed,139_1057
32495,L,0,0.0,2,39.64995193481445,11.088751792907717,1.0,0.0009251339207344,0.6931471805599453,0.0,112.29937716331432,2178.037878300962,0.5537190082644629,0.4462809917355372,0.0,0.0,7,700.0,0.0,0.0,0.0,0.4,6.235,0.0,55.37,113.2,0,0,1,E001,2005-07-26 reconstructed 15-minute hyetograph; 108 intervals,944.181998744607,250.38599395751956,431.6999950408936,649.2999992370605,866.5999999046326,943.2999987602234,69.0719985961914,250.38599395751956,6.99446964263916,0.0,32.773929595947266,5.4617133140563965,893.5942750706452,893.5942750706452,,HYDRAULIC_PROXY; direct SWMM where mapped; street-surface states unavailable,UNVALIDATED_NO_EVENT_MATCHED_HYDRAULIC_OBSERVATIONS,RAINFALL_RECONSTRUCTED_15MIN; grid represents Phase 1 pilot coverage,Reconstructed E001 hyetograph; source rainfall is IMD three-hour observations,Unavailable; no street coupling,Phase 2A historical_2005 normalized SWMM output,True,PILOT_SUBCATCHMENT_ASSIGNED,1,historical_2005,terra05-swmm-v1.0.0,GIS + Phase 2B SWMM; rainfall reconstructed,139_1057
32496,L,0,0.0,2,34.08675638834635,12.606362660725912,3.0,0.0027754017622034,1.3862943611198906,4.557420265458148,48.71827234270076,2167.8982216225795,0.5206611570247934,0.4793388429752066,0.0,0.0,9,900.0,0.0,0.0,0.0,0.4,7.201,0.014,51.83,26.9,0,0,0,E001,2005-07-26 reconstructed 15-minute hyetograph; 108 intervals,944.181998744607,250.38599395751956,431.6999950408936,649.2999992370605,866.5999999046326,943.2999987602234,69.0719985961914,250.38599395751956,7.825160503387451,0.0,27.71916389465332,4.6193461418151855,889.9381168654506,889.9381168654506,,HYDRAULIC_PROXY; direct SWMM where mapped; street-surface states unavailable,UNVALIDATED_NO_EVENT_MATCHED_HYDRAULIC_OBSERVATIONS,RAINFALL_RECONSTRUCTED_15MIN; grid represents Phase 1 pilot coverage,Reconstructed E001 hyetograph; source rainfall is IMD three-hour observations,Unavailable; no street coupling,Phase 2A historical_2005 normalized SWMM output,True,PILOT_SUBCATCHMENT_ASSIGNED,1,historical_2005,terra05-swmm-v1.0.0,GIS + Phase 2B SWMM; rainfall reconstructed,139_1057
32497,L,0,0.0,2,47.79862467447917,27.41452534993489,1.0,0.0009251339207344,0.6931471805599453,6.281896189173683,40.80510058937226,2162.340491068632,0.5537190082644629,0.4297520661157025,0.0,0.0,15,1500.0,0.0,0.0,0.0,0.4,5.262,0.019,55.03,159.2,0,0,1,E001,2005-07-26 reconstructed 15-minute hyetograph; 108 intervals,944.181998744607,250.38599395751956,431.6999950408936,649.2999992370605,866.5999999046326,943.2999987602234,69.0719985961914,250.38599395751956,7.825160503387451,0.0,36.71260833740234,6.118086814880371,893.6208924184027,893.6208924184027,,HYDRAULIC_PROXY; direct SWMM where mapped; street-surface states unavailable,UNVALIDATED_NO_EVENT_MATCHED_HYDRAULIC_OBSERVATIONS,RAINFALL_RECONSTRUCTED_15MIN; grid represents Phase 1 pilot coverage,Reconstructed E001 hyetograph; source rainfall is IMD three-hour observations,Unavailable; no street coupling,Phase 2A historical_2005 normalized SWMM output,True,PILOT_SUBCATCHMENT_ASSIGNED,1,historical_2005,terra05-swmm-v1.0.0,GIS + Phase 2B SWMM; rainfall reconstructed,139_1057
32498,L,0,0.0,2,29.674808502197266,10.095964431762695,163.0,0.1507968290797187,5.099866427824199,0.0,139.6025218566239,2161.400032228074,0.6115702479338843,0.3553719008264462,0.0,0.0,19,1900.0,0.0,0.0,0.0,0.4,11.425,0.0,61.16,108.4,0,0,1,E001,2005-07-26 reconstructed 15-minute hyetograph; 108 intervals,944.181998744607,250.38599395751956,431.6999950408936,649.2999992370605,866.5999999046326,943.2999987602234,69.0719985961914,250.38599395751956,7.825160503387451,0.0,36.71260833740234,6.118086814880371,900.0037326887102,900.0037326887102,,HYDRAULIC_PROXY; direct SWMM where mapped; street-surface states unavailable,UNVALIDATED_NO_EVENT_MATCHED_HYDRAULIC_OBSERVATIONS,RAINFALL_RECONSTRUCTED_15MIN; grid represents Phase 1 pilot coverage,Reconstructed E001 hyetograph; source rainfall is IMD three-hour observations,Unavailable; no street coupling,Phase 2A historical_2005 normalized SWMM output,True,PILOT_SUBCATCHMENT_ASSIGNED,1,historical_2005,terra05-swmm-v1.0.0,GIS + Phase 2B SWMM; rainfall reconstructed,139_1057
32499,L,0,0.0,2,29.9074198404948,4.02457841237386,1.0,0.0009251339207344,0.6931471805599453,0.0,238.5647968158553,2165.0828619976896,0.9008264462809916,0.0991735537190082,0.0,0.0,15,1500.0,0.0,0.0,0.0,0.4,7.259,0.0,90.08,103.5,0,0,1,E001,2005-07-26 reconstructed 15-minute hyetograph; 108 intervals,944.181998744607,250.38599395751956,431.6999950408936,649.2999992370605,866.5999999046326,943.2999987602234,69.0719985961914,250.38599395751956,7.825160503387451,0.0,36.71260833740234,6.118086814880371,932.1597059929624,932.1597059929624,,HYDRAULIC_PROXY; direct SWMM where mapped; street-surface states unavailable,UNVALIDATED_NO_EVENT_MATCHED_HYDRAULIC_OBSERVATIONS,RAINFALL_RECONSTRUCTED_15MIN; grid represents Phase 1 pilot coverage,Reconstructed E001 hyetograph; source rainfall is IMD three-hour observations,Unavailable; no street coupling,Phase 2A historical_2005 normalized SWMM output,True,PILOT_SUBCATCHMENT_ASSIGNED,1,historical_2005,terra05-swmm-v1.0.0,GIS + Phase 2B SWMM; rainfall reconstructed,139_1057
32500,L,0,0.0,2,28.14125315348308,3.3080838521321616,2.0,0.0018502678414689,1.0986122886681098,0.0,337.5270717750868,2173.3654776214457,0.6115702479338843,0.3884297520661157,0.0,0.0,13,1300.0,0.0,0.0,0.0,0.4,8.149,0.0,61.16,89.2,0,0,0,E001,2005-07-26 reconstructed 15-minute hyetograph; 108 intervals,944.181998744607,250.38599395751956,431.6999950408936,649.2999992370605,866.5999999046326,943.2999987602234,69.0719985961914,250.38599395751956,7.825160503387451,0.0,36.71260833740234,6.118086814880371,899.9641103362226,899.9641103362226,,HYDRAULIC_PROXY; direct SWMM where mapped; street-surface states unavailable,UNVALIDATED_NO_EVENT_MATCHED_HYDRAULIC_OBSERVATIONS,RAINFALL_RECONSTRUCTED_15MIN; grid represents Phase 1 pilot coverage,Reconstructed E001 hyetograph; source rainfall is IMD three-hour observations,Unavailable; no street coupling,Phase 2A historical_2005 normalized SWMM output,True,PILOT_SUBCATCHMENT_ASSIGNED,1,historical_2005,terra05-swmm-v1.0.0,GIS + Phase 2B SWMM; rainfall reconstructed,139_1057
32501,L,0,0.0,2,32.192891438802086,5.290920257568359,1.0,0.0009251339207344,0.6931471805599453,0.0,436.4893467343183,2186.077293869249,0.1157024793388429,0.8842975206611571,0.0,0.0,8,800.0,0.0,0.0,0.0,0.4,6.985,0.0,11.57,0.0,0,0,0,E001,2005-07-26 reconstructed 15-minute hyetograph; 108 intervals,944.181998744607,250.38599395751956,431.6999950408936,649.2999992370605,866.5999999046326,943.2999987602234,69.0719985961914,250.38599395751956,6.990200042724609,399302.5978446007,36.71260833740234,6.118086814880371,844.1426765660433,844.1426765660433,,HYDRAULIC_PROXY; direct SWMM where mapped; street-surface states unavailable,UNVALIDATED_NO_EVENT_MATCHED_HYDRAULIC_OBSERVATIONS,RAINFALL_RECONSTRUCTED_15MIN; grid represents Phase 1 pilot coverage,Reconstructed E001 hyetograph; source rainfall is IMD three-hour observations,Unavailable; no street coupling,Phase 2A historical_2005 normalized SWMM output,True,PILOT_SUBCATCHMENT_ASSIGNED,1,historical_2005,terra05-swmm-v1.0.0,GIS + Phase 2B SWMM; rainfall reconstructed,139_1057
32502,L,0,0.0,2,38.35366821289063,6.694220066070557,1.0,0.0009251339207344,0.6931471805599453,0.0,535.4516216935498,2203.1773044336123,0.4628099173553719,0.5371900826446281,0.0,0.0,2,200.0,0.0,0.0,0.0,0.4,6.748,0.0,46.28,0.0,0,0,0,E001,2005-07-26 reconstructed 15-minute hyetograph; 108 intervals,944.181998744607,250.38599395751956,431.6999950408936,649.2999992370605,866.5999999046326,943.2999987602234,69.0719985961914,250.38599395751956,6.990200042724609,399302.5978446007,36.71260833740234,6.118086814880371,883.4425243606527,883.4425243606527,,HYDRAULIC_PROXY; direct SWMM where mapped; street-surface states unavailable,UNVALIDATED_NO_EVENT_MATCHED_HYDRAULIC_OBSERVATIONS,RAINFALL_RECONSTRUCTED_15MIN; grid represents Phase 1 pilot coverage,Reconstructed E001 hyetograph; source rainfall is IMD three-hour observations,Unavailable; no street coupling,Phase 2A historical_2005 normalized SWMM output,True,PILOT_SUBCATCHMENT_ASSIGNED,1,historical_2005,terra05-swmm-v1.0.0,GIS + Phase 2B SWMM; rainfall reconstructed,139_1057
32768,L,0,0.0,2,47.51345486111112,16.865502251519096,1.0,0.0009251339207344,0.6931471805599453,0.0,279.9595935153084,1789.3293487401752,0.6446280991735537,0.3553719008264462,0.0,0.0,5,500.0,0.0,0.0,0.0,0.4,5.799,0.0,64.46,0.0,0,0,0,E001,2005-07-26 reconstructed 15-minute hyetograph; 108 intervals,944.181998744607,250.38599395751956,431.6999950408936,649.2999992370605,866.5999999046326,943.2999987602234,69.0719985961914,250.38599395751956,2.72407341003418,0.0,19.428447723388672,3.4067084789276123,903.6672051122148,903.6672051122148,,HYDRAULIC_PROXY; direct SWMM where mapped; street-surface states unavailable,UNVALIDATED_NO_EVENT_MATCHED_HYDRAULIC_OBSERVATIONS,RAINFALL_RECONSTRUCTED_15MIN; grid represents Phase 1 pilot coverage,Reconstructed E001 hyetograph; source rainfall is IMD three-hour observations,Unavailable; no street coupling,Phase 2A historical_2005 normalized SWMM output,True,PILOT_SUBCATCHMENT_ASSIGNED,1,historical_2005,terra05-swmm-v1.0.0,GIS + Phase 2B SWMM; rainfall reconstructed,139_1057
32769,L,0,0.0,2,42.890238444010414,11.587425231933594,4.0,0.0037005356829378,1.6094379124341005,0.0,261.4224567496145,1888.8848980982057,0.0,1.0,0.0,0.0,1,100.0,0.0,0.0,0.0,0.4,7.576,0.0,0.0,0.0,0,0,0,E001,2005-07-26 reconstructed 15-minute hyetograph; 108 intervals,944.181998744607,250.38599395751956,431.6999950408936,649.2999992370605,866.5999999046326,943.2999987602234,69.0719985961914,250.38599395751956,2.9016833305358887,0.0,19.428447723388672,3.4067084789276123,831.8116853140962,831.8116853140962,,HYDRAULIC_PROXY; direct SWMM where mapped; street-surface states unavailable,UNVALIDATED_NO_EVENT_MATCHED_HYDRAULIC_OBSERVATIONS,RAINFALL_RECONSTRUCTED_15MIN; grid represents Phase 1 pilot coverage,Reconstructed E001 hyetograph; source rainfall is IMD three-hour observations,Unavailable; no street coupling,Phase 2A historical_2005 normalized SWMM output,True,PILOT_SUBCATCHMENT_ASSIGNED,1,historical_2005,terra05-swmm-v1.0.0,GIS + Phase 2B SWMM; rainfall reconstructed,139_1057
32770,L,0,0.0,2,53.03480021158854,11.174859364827476,1.0,0.0009251339207344,0.6931471805599453,0.0,251.67984400304567,1988.4850510536903,0.0,1.0,0.0,0.0,0,0.0,0.0,0.0,0.0,0.4,6.227,0.0,0.0,0.0,0,0,0,E001,2005-07-26 reconstructed 15-minute hyetograph; 108 intervals,944.181998744607,250.38599395751956,431.6999950408936,649.2999992370605,866.5999999046326,943.2999987602234,69.0719985961914,250.38599395751956,2.9016833305358887,0.0,17.160785675048828,3.2113184928894043,831.7849136031144,831.7849136031144,,HYDRAULIC_PROXY; direct SWMM where mapped; street-surface states unavailable,UNVALIDATED_NO_EVENT_MATCHED_HYDRAULIC_OBSERVATIONS,RAINFALL_RECONSTRUCTED_15MIN; grid represents Phase 1 pilot coverage,Reconstructed E001 hyetograph; source rainfall is IMD three-hour observations,Unavailable; no street coupling,Phase 2A historical_2005 normalized SWMM output,True,PILOT_SUBCATCHMENT_ASSIGNED,1,historical_2005,terra05-swmm-v1.0.0,GIS + Phase 2B SWMM; rainfall reconstructed,139_1057
32771,L,0,0.0,2,35.463904486762154,9.087488810221354,1.0,0.0009251339207344,0.6931471805599453,0.0,246.20022484388667,2088.1234250552643,0.0,1.0,0.0,0.0,0,0.0,0.0,0.0,0.0,0.4,6.438,0.0,0.0,0.0,0,0,0,E001,2005-07-26 reconstructed 15-minute hyetograph; 108 intervals,944.181998744607,250.38599395751956,431.6999950408936,649.2999992370605,866.5999999046326,943.2999987602234,69.0719985961914,250.38599395751956,2.5878994464874268,0.0,37.78763961791992,6.327268600463867,831.586137977574,831.586137977574,,HYDRAULIC_PROXY; direct SWMM where mapped; street-surface states unavailable,UNVALIDATED_NO_EVENT_MATCHED_HYDRAULIC_OBSERVATIONS,RAINFALL_RECONSTRUCTED_15MIN; grid represents Phase 1 pilot coverage,Reconstructed E001 hyetograph; source rainfall is IMD three-hour observations,Unavailable; no street coupling,Phase 2A historical_2005 normalized SWMM output,True,PILOT_SUBCATCHMENT_ASSIGNED,1,historical_2005,terra05-swmm-v1.0.0,GIS + Phase 2B SWMM; rainfall reconstructed,139_1057
32772,L,0,0.0,2,34.2232666015625,10.673114352756077,1.0,0.0009251339207344,0.6931471805599453,0.0,222.6477420666098,2187.794798024956,0.0,1.0,0.0,0.0,0,0.0,0.0,0.0,0.0,0.4,6.274,0.0,0.0,0.0,0,0,0,E001,2005-07-26 reconstructed 15-minute hyetograph; 108 intervals,944.181998744607,250.38599395751956,431.6999950408936,649.2999992370605,866.5999999046326,943.2999987602234,69.0719985961914,250.38599395751956,7.955699920654297,43738.24553489685,15.431906700134276,2.571697950363159,831.7410605825717,831.7410605825717,,HYDRAULIC_PROXY; direct SWMM where mapped; street-surface states unavailable,UNVALIDATED_NO_EVENT_MATCHED_HYDRAULIC_OBSERVATIONS,RAINFALL_RECONSTRUCTED_15MIN; grid represents Phase 1 pilot coverage,Reconstructed E001 hyetograph; source rainfall is IMD three-hour observations,Unavailable; no street coupling,Phase 2A historical_2005 normalized SWMM output,True,PILOT_SUBCATCHMENT_ASSIGNED,1,historical_2005,terra05-swmm-v1.0.0,GIS + Phase 2B SWMM; rainfall reconstructed,139_1057
32773,L,0,0.0,2,31.00218709309896,8.128103468153212,1132.0,1.0472515982714212,7.032624261028007,0.0,130.56744252641414,2287.494856445712,0.0991735537190082,0.9008264462809916,0.0,0.0,6,600.0,0.0,0.0,0.0,0.4,13.583,0.0,9.92,0.0,0,0,0,E001,2005-07-26 reconstructed 15-minute hyetograph; 108 intervals,944.181998744607,250.38599395751956,431.6999950408936,649.2999992370605,866.5999999046326,943.2999987602234,69.0719985961914,250.38599395751956,7.955699920654297,43738.24553489685,15.431906700134276,2.571697950363159,842.6799337245754,842.6799337245754,,HYDRAULIC_PROXY; direct SWMM where mapped; street-surface states unavailable,UNVALIDATED_NO_EVENT_MATCHED_HYDRAULIC_OBSERVATIONS,RAINFALL_RECONSTRUCTED_15MIN; grid represents Phase 1 pilot coverage,Reconstructed E001 hyetograph; source rainfall is IMD three-hour observations,Unavailable; no street coupling,Phase 2A historical_2005 normalized SWMM output,True,PILOT_SUBCATCHMENT_ASSIGNED,1,historical_2005,terra05-swmm-v1.0.0,GIS + Phase 2B SWMM; rainfall reconstructed,139_1057
32774,L,0,0.0,2,29.700597127278645,6.858171463012695,28.0,0.0259037497805651,3.367295829986474,0.0,67.2584347752555,2277.2984607459944,0.1983471074380165,0.8016528925619835,0.0,0.0,2,200.0,0.0,0.0,0.0,0.4,10.055,0.0,19.83,0.0,0,0,0,E001,2005-07-26 reconstructed 15-minute hyetograph; 108 intervals,944.181998744607,250.38599395751956,431.6999950408936,649.2999992370605,866.5999999046326,943.2999987602234,69.0719985961914,250.38599395751956,7.955699920654297,43738.24553489685,15.431906700134276,2.571697950363159,853.7508354306917,853.7508354306917,,HYDRAULIC_PROXY; direct SWMM where mapped; street-surface states unavailable,UNVALIDATED_NO_EVENT_MATCHED_HYDRAULIC_OBSERVATIONS,RAINFALL_RECONSTRUCTED_15MIN; grid represents Phase 1 pilot coverage,Reconstructed E001 hyetograph; source rainfall is IMD three-hour observations,Unavailable; no street coupling,Phase 2A historical_2005 normalized SWMM output,True,PILOT_SUBCATCHMENT_ASSIGNED,1,historical_2005,terra05-swmm-v1.0.0,GIS + Phase 2B SWMM; rainfall reconstructed,139_1057
32775,L,0,0.0,2,46.82343546549479,28.143741183810764,2.0,0.0018502678414689,1.0986122886681098,11.018704907474186,3.94117272783396,2267.602694326469,0.7024793388429752,0.2231404958677686,0.0,0.0,9,900.0,0.0,0.0,0.0,0.4,5.924,0.033,69.48,113.7,0,0,1,E001,2005-07-26 reconstructed 15-minute hyetograph; 108 intervals,944.181998744607,250.38599395751956,431.6999950408936,649.2999992370605,866.5999999046326,943.2999987602234,69.0719985961914,250.38599395751956,7.837882041931152,0.0,24.652984619140625,4.108373165130615,910.1215167648476,910.1215167648476,,HYDRAULIC_PROXY; direct SWMM where mapped; street-surface states unavailable,UNVALIDATED_NO_EVENT_MATCHED_HYDRAULIC_OBSERVATIONS,RAINFALL_RECONSTRUCTED_15MIN; grid represents Phase 1 pilot coverage,Reconstructed E001 hyetograph; source rainfall is IMD three-hour observations,Unavailable; no street coupling,Phase 2A historical_2005 normalized SWMM output,True,PILOT_SUBCATCHMENT_ASSIGNED,1,historical_2005,terra05-swmm-v1.0.0,GIS + Phase 2B SWMM; rainfall reconstructed,139_1057
32776,L,0,0.0,2,68.00640190972223,30.94506157769097,1.0,0.0009251339207344,0.6931471805599453,0.0,86.62076708931473,2262.289919377543,0.2809917355371901,0.5537190082644629,0.0,0.0,5,500.0,0.0,0.0,0.0,0.4,5.117,0.0,28.1,0.0,0,0,0,E001,2005-07-26 reconstructed 15-minute hyetograph; 108 intervals,944.181998744607,250.38599395751956,431.6999950408936,649.2999992370605,866.5999999046326,943.2999987602234,69.0719985961914,250.38599395751956,7.837882041931152,0.0,27.71916389465332,4.6193461418151855,863.4648315219235,863.4648315219235,,HYDRAULIC_PROXY; direct SWMM where mapped; street-surface states unavailable,UNVALIDATED_NO_EVENT_MATCHED_HYDRAULIC_OBSERVATIONS,RAINFALL_RECONSTRUCTED_15MIN; grid represents Phase 1 pilot coverage,Reconstructed E001 hyetograph; source rainfall is IMD three-hour observations,Unavailable; no street coupling,Phase 2A historical_2005 normalized SWMM output,True,PILOT_SUBCATCHMENT_ASSIGNED,1,historical_2005,terra05-swmm-v1.0.0,GIS + Phase 2B SWMM; rainfall reconstructed,139_1057
32777,L,0,0.0,2,28.614023844401043,11.415316263834637,6.0,0.0055508035244068,1.9459101490553128,0.0,174.80457698082793,2261.3910275133394,0.0909090909090909,0.2479338842975206,0.6198347107438017,0.0,1,100.0,0.0,0.0,0.0,0.4,7.997,0.0,9.09,0.0,0,0,0,E001,2005-07-26 reconstructed 15-minute hyetograph; 108 intervals,944.181998744607,250.38599395751956,431.6999950408936,649.2999992370605,866.5999999046326,943.2999987602234,69.0719985961914,250.38599395751956,7.825160503387451,0.0,27.71916389465332,4.6193461418151855,842.0155485039138,842.0155485039138,,HYDRAULIC_PROXY; direct SWMM where mapped; street-surface states unavailable,UNVALIDATED_NO_EVENT_MATCHED_HYDRAULIC_OBSERVATIONS,RAINFALL_RECONSTRUCTED_15MIN; grid represents Phase 1 pilot coverage,Reconstructed E001 hyetograph; source rainfall is IMD three-hour observations,Unavailable; no street coupling,Phase 2A historical_2005 normalized SWMM output,True,PILOT_SUBCATCHMENT_ASSIGNED,1,historical_2005,terra05-swmm-v1.0.0,GIS + Phase 2B SWMM; rainfall reconstructed,139_1057
32778,L,0,0.0,2,35.134867350260414,8.673851860894096,1.0,0.0009251339207344,0.6931471805599453,0.0,263.5052489760321,2264.9112740499186,0.0,0.5537190082644629,0.4380165289256198,0.0,1,100.0,0.0,0.0,0.0,0.4,6.485,0.0,0.0,0.0,0,0,0,E001,2005-07-26 reconstructed 15-minute hyetograph; 108 intervals,944.181998744607,250.38599395751956,431.6999950408936,649.2999992370605,866.5999999046326,943.2999987602234,69.0719985961914,250.38599395751956,7.825160503387451,0.0,36.71260833740234,6.118086814880371,831.5345372437149,831.5345372437149,,HYDRAULIC_PROXY; direct SWMM where mapped; street-surface states unavailable,UNVALIDATED_NO_EVENT_MATCHED_HYDRAULIC_OBSERVATIONS,RAINFALL_RECONSTRUCTED_15MIN; grid represents Phase 1 pilot coverage,Reconstructed E001 hyetograph; source rainfall is IMD three-hour observations,Unavailable; no street coupling,Phase 2A historical_2005 normalized SWMM output,True,PILOT_SUBCATCHMENT_ASSIGNED,1,historical_2005,terra05-swmm-v1.0.0,GIS + Phase 2B SWMM; rainfall reconstructed,139_1057
32779,L,0,0.0,2,27.897328694661457,4.39481947157118,12.0,0.0111016070488136,2.5649493574615367,0.0,356.8941246902794,2272.830125486508,0.0991735537190082,0.2975206611570248,0.5702479338842975,0.0,1,100.0,0.0,0.0,0.0,0.4,9.656,0.0,9.92,12.2,0,0,0,E001,2005-07-26 reconstructed 15-minute hyetograph; 108 intervals,944.181998744607,250.38599395751956,431.6999950408936,649.2999992370605,866.5999999046326,943.2999987602234,69.0719985961914,250.38599395751956,7.825160503387451,0.0,27.71916389465332,4.6193461418151855,842.0394127586039,842.0394127586039,,HYDRAULIC_PROXY; direct SWMM where mapped; street-surface states unavailable,UNVALIDATED_NO_EVENT_MATCHED_HYDRAULIC_OBSERVATIONS,RAINFALL_RECONSTRUCTED_15MIN; grid represents Phase 1 pilot coverage,Reconstructed E001 hyetograph; source rainfall is IMD three-hour observations,Unavailable; no street coupling,Phase 2A historical_2005 normalized SWMM output,True,PILOT_SUBCATCHMENT_ASSIGNED,1,historical_2005,terra05-swmm-v1.0.0,GIS + Phase 2B SWMM; rainfall reconstructed,139_1057
32780,L,0,0.0,2,41.01040310329861,19.01712205674913,1.0,0.0009251339207344,0.6931471805599453,0.0,453.11346949628495,2285.012519609711,0.4710743801652892,0.5206611570247934,0.0,0.0,11,1100.0,0.0,0.0,0.0,0.4,5.67,0.0,47.11,102.9,0,0,1,E001,2005-07-26 reconstructed 15-minute hyetograph; 108 intervals,944.181998744607,250.38599395751956,431.6999950408936,649.2999992370605,866.5999999046326,943.2999987602234,69.0719985961914,250.38599395751956,7.825160503387451,0.0,27.71916389465332,4.6193461418151855,884.4650927370819,884.4650927370819,,HYDRAULIC_PROXY; direct SWMM where mapped; street-surface states unavailable,UNVALIDATED_NO_EVENT_MATCHED_HYDRAULIC_OBSERVATIONS,RAINFALL_RECONSTRUCTED_15MIN; grid represents Phase 1 pilot coverage,Reconstructed E001 hyetograph; source rainfall is IMD three-hour observations,Unavailable; no street coupling,Phase 2A historical_2005 normalized SWMM output,True,PILOT_SUBCATCHMENT_ASSIGNED,1,historical_2005,terra05-swmm-v1.0.0,GIS + Phase 2B SWMM; rainfall reconstructed,139_1057
32781,L,0,0.0,2,52.01030476888021,20.13598124186198,1.0,0.0009251339207344,0.6931471805599453,0.0,550.6815924284022,2301.377525477682,0.371900826446281,0.628099173553719,0.0,0.0,18,1800.0,0.0,0.0,0.0,0.4,5.608,0.0,37.19,108.3,0,0,1,E001,2005-07-26 reconstructed 15-minute hyetograph; 108 intervals,944.181998744607,250.38599395751956,431.6999950408936,649.2999992370605,866.5999999046326,943.2999987602234,69.0719985961914,250.38599395751956,7.825160503387451,0.0,36.71260833740234,6.118086814880371,873.4956238896118,873.4956238896118,,HYDRAULIC_PROXY; direct SWMM where mapped; street-surface states unavailable,UNVALIDATED_NO_EVENT_MATCHED_HYDRAULIC_OBSERVATIONS,RAINFALL_RECONSTRUCTED_15MIN; grid represents Phase 1 pilot coverage,Reconstructed E001 hyetograph; source rainfall is IMD three-hour observations,Unavailable; no street coupling,Phase 2A historical_2005 normalized SWMM output,True,PILOT_SUBCATCHMENT_ASSIGNED,1,historical_2005,terra05-swmm-v1.0.0,GIS + Phase 2B SWMM; rainfall reconstructed,139_1057
33046,L,0,0.0,2,30.60554673936632,6.458410051133898,6.0,0.0055508035244068,1.9459101490553128,0.0,378.2264473396268,1782.434318079045,0.0991735537190082,0.8264462809917356,0.0,0.0,9,900.0,0.0,0.0,0.0,0.4,8.576,0.0,9.92,104.2,0,0,1,E001,2005-07-26 reconstructed 15-minute hyetograph; 108 intervals,944.181998744607,250.38599395751956,431.6999950408936,649.2999992370605,866.5999999046326,943.2999987602234,69.0719985961914,250.38599395751956,2.72407341003418,0.0,19.428447723388672,3.4067084789276123,842.4710466143731,842.4710466143731,,HYDRAULIC_PROXY; direct SWMM where mapped; street-surface states unavailable,UNVALIDATED_NO_EVENT_MATCHED_HYDRAULIC_OBSERVATIONS,RAINFALL_RECONSTRUCTED_15MIN; grid represents Phase 1 pilot coverage,Reconstructed E001 hyetograph; source rainfall is IMD three-hour observations,Unavailable; no street coupling,Phase 2A historical_2005 normalized SWMM output,True,PILOT_SUBCATCHMENT_ASSIGNED,1,historical_2005,terra05-swmm-v1.0.0,GIS + Phase 2B SWMM; rainfall reconstructed,139_1057
33047,L,0,0.0,2,36.59195963541666,5.835897233751085,2.0,0.0018502678414689,1.0986122886681098,0.0,359.68931057393297,1882.354572939551,0.3471074380165289,0.6528925619834711,0.0,0.0,9,900.0,0.0,0.0,0.0,0.4,7.579,0.0,34.71,22.9,0,0,0,E001,2005-07-26 reconstructed 15-minute hyetograph; 108 intervals,944.181998744607,250.38599395751956,431.6999950408936,649.2999992370605,866.5999999046326,943.2999987602234,69.0719985961914,250.38599395751956,2.9016833305358887,0.0,19.428447723388672,3.4067084789276123,870.4290947518164,870.4290947518164,,HYDRAULIC_PROXY; direct SWMM where mapped; street-surface states unavailable,UNVALIDATED_NO_EVENT_MATCHED_HYDRAULIC_OBSERVATIONS,RAINFALL_RECONSTRUCTED_15MIN; grid represents Phase 1 pilot coverage,Reconstructed E001 hyetograph; source rainfall is IMD three-hour observations,Unavailable; no street coupling,Phase 2A historical_2005 normalized SWMM output,True,PILOT_SUBCATCHMENT_ASSIGNED,1,historical_2005,terra05-swmm-v1.0.0,GIS + Phase 2B SWMM; rainfall reconstructed,139_1057
33048,L,0,0.0,2,45.05305480957031,9.350040435791016,1.0,0.0009251339207344,0.6931471805599453,0.0,351.6260353057022,1982.2828703963944,0.140495867768595,0.859504132231405,0.0,0.0,6,600.0,0.0,0.0,0.0,0.4,6.409,0.0,14.05,0.0,0,0,0,E001,2005-07-26 reconstructed 15-minute hyetograph; 108 intervals,944.181998744607,250.38599395751956,431.6999950408936,649.2999992370605,866.5999999046326,943.2999987602234,69.0719985961914,250.38599395751956,2.9016833305358887,0.0,17.160785675048828,3.2113184928894043,847.4451554412369,847.4451554412369,,HYDRAULIC_PROXY; direct SWMM where mapped; street-surface states unavailable,UNVALIDATED_NO_EVENT_MATCHED_HYDRAULIC_OBSERVATIONS,RAINFALL_RECONSTRUCTED_15MIN; grid represents Phase 1 pilot coverage,Reconstructed E001 hyetograph; source rainfall is IMD three-hour observations,Unavailable; no street coupling,Phase 2A historical_2005 normalized SWMM output,True,PILOT_SUBCATCHMENT_ASSIGNED,1,historical_2005,terra05-swmm-v1.0.0,GIS + Phase 2B SWMM; rainfall reconstructed,139_1057
33049,L,0,0.0,2,40.40257432725694,7.840538872612847,1.0,0.0009251339207344,0.6931471805599453,0.0,314.4573692086496,2082.2180525265594,0.3223140495867768,0.6776859504132231,0.0,0.0,7,700.0,0.0,0.0,0.0,0.4,6.588,0.0,32.23,0.0,0,0,0,E001,2005-07-26 reconstructed 15-minute hyetograph; 108 intervals,944.181998744607,250.38599395751956,431.6999950408936,649.2999992370605,866.5999999046326,943.2999987602234,69.0719985961914,250.38599395751956,7.955699920654297,43738.24553489685,15.431906700134276,2.571697950363159,867.7766261156646,867.7766261156646,,HYDRAULIC_PROXY; direct SWMM where mapped; street-surface states unavailable,UNVALIDATED_NO_EVENT_MATCHED_HYDRAULIC_OBSERVATIONS,RAINFALL_RECONSTRUCTED_15MIN; grid represents Phase 1 pilot coverage,Reconstructed E001 hyetograph; source rainfall is IMD three-hour observations,Unavailable; no street coupling,Phase 2A historical_2005 normalized SWMM output,True,PILOT_SUBCATCHMENT_ASSIGNED,1,historical_2005,terra05-swmm-v1.0.0,GIS + Phase 2B SWMM; rainfall reconstructed,139_1057
33050,L,0,0.0,2,46.68546210394965,14.64646742078993,2.0,0.0018502678414689,1.0986122886681098,0.0,215.31204576185192,2182.1591734490926,0.5702479338842975,0.4297520661157025,0.0,0.0,7,700.0,0.0,0.0,0.0,0.4,6.64,0.0,57.02,0.0,0,0,0,E001,2005-07-26 reconstructed 15-minute hyetograph; 108 intervals,944.181998744607,250.38599395751956,431.6999950408936,649.2999992370605,866.5999999046326,943.2999987602234,69.0719985961914,250.38599395751956,7.955699920654297,43738.24553489685,15.431906700134276,2.571697950363159,895.4247046425733,895.4247046425733,,HYDRAULIC_PROXY; direct SWMM where mapped; street-surface states unavailable,UNVALIDATED_NO_EVENT_MATCHED_HYDRAULIC_OBSERVATIONS,RAINFALL_RECONSTRUCTED_15MIN; grid represents Phase 1 pilot coverage,Reconstructed E001 hyetograph; source rainfall is IMD three-hour observations,Unavailable; no street coupling,Phase 2A historical_2005 normalized SWMM output,True,PILOT_SUBCATCHMENT_ASSIGNED,1,historical_2005,terra05-swmm-v1.0.0,GIS + Phase 2B SWMM; rainfall reconstructed,139_1057
33051,L,0,0.0,2,42.3052741156684,18.79464891221788,2.0,0.0018502678414689,1.0986122886681098,0.0,117.6227743707938,2282.1054529246794,0.140495867768595,0.8264462809917356,0.0,0.0,1,100.0,0.0,0.0,0.0,0.4,6.376,0.0,14.05,111.2,0,0,1,E001,2005-07-26 reconstructed 15-minute hyetograph; 108 intervals,944.181998744607,250.38599395751956,431.6999950408936,649.2999992370605,866.5999999046326,943.2999987602234,69.0719985961914,250.38599395751956,7.955699920654297,43738.24553489685,15.431906700134276,2.571697950363159,847.7865467178342,847.7865467178342,,HYDRAULIC_PROXY; direct SWMM where mapped; street-surface states unavailable,UNVALIDATED_NO_EVENT_MATCHED_HYDRAULIC_OBSERVATIONS,RAINFALL_RECONSTRUCTED_15MIN; grid represents Phase 1 pilot coverage,Reconstructed E001 hyetograph; source rainfall is IMD three-hour observations,Unavailable; no street coupling,Phase 2A historical_2005 normalized SWMM output,True,PILOT_SUBCATCHMENT_ASSIGNED,1,historical_2005,terra05-swmm-v1.0.0,GIS + Phase 2B SWMM; rainfall reconstructed,139_1057
33052,L,0,0.0,2,30.765940348307293,5.1215394337972,2.0,0.0018502678414689,1.0986122886681098,3.7392097208250528,36.20714088700608,2376.6210382217846,0.1239669421487603,0.8760330578512396,0.0,0.0,0,0.0,0.0,0.0,0.0,0.4,7.71,0.011,12.35,106.8,0,0,1,E001,2005-07-26 reconstructed 15-minute hyetograph; 108 intervals,944.181998744607,250.38599395751956,431.6999950408936,649.2999992370605,866.5999999046326,943.2999987602234,69.0719985961914,250.38599395751956,7.955699920654297,43738.24553489685,15.431906700134276,2.571697950363159,845.0489823538371,845.0489823538371,,HYDRAULIC_PROXY; direct SWMM where mapped; street-surface states unavailable,UNVALIDATED_NO_EVENT_MATCHED_HYDRAULIC_OBSERVATIONS,RAINFALL_RECONSTRUCTED_15MIN; grid represents Phase 1 pilot coverage,Reconstructed E001 hyetograph; source rainfall is IMD three-hour observations,Unavailable; no street coupling,Phase 2A historical_2005 normalized SWMM output,True,PILOT_SUBCATCHMENT_ASSIGNED,1,historical_2005,terra05-swmm-v1.0.0,GIS + Phase 2B SWMM; rainfall reconstructed,139_1057
33053,L,0,0.0,2,46.40843370225694,18.15368143717448,1.0,0.0009251339207344,0.6931471805599453,4.395380996433879,41.079747915219045,2367.3320973870527,0.628099173553719,0.1900826446280991,0.0,0.0,7,700.0,0.0,0.0,0.0,0.4,5.72,0.013,62.54,137.9,0,0,1,E001,2005-07-26 reconstructed 15-minute hyetograph; 108 intervals,944.181998744607,250.38599395751956,431.6999950408936,649.2999992370605,866.5999999046326,943.2999987602234,69.0719985961914,250.38599395751956,8.156210899353027,0.0,15.431906700134276,2.571697950363159,901.8393210123028,901.8393210123028,,HYDRAULIC_PROXY; direct SWMM where mapped; street-surface states unavailable,UNVALIDATED_NO_EVENT_MATCHED_HYDRAULIC_OBSERVATIONS,RAINFALL_RECONSTRUCTED_15MIN; grid represents Phase 1 pilot coverage,Reconstructed E001 hyetograph; source rainfall is IMD three-hour observations,Unavailable; no street coupling,Phase 2A historical_2005 normalized SWMM output,True,PILOT_SUBCATCHMENT_ASSIGNED,1,historical_2005,terra05-swmm-v1.0.0,GIS + Phase 2B SWMM; rainfall reconstructed,139_1057
33054,L,0,0.0,2,82.84238688151042,27.88381788465712,1.0,0.0009251339207344,0.6931471805599453,0.0,127.7951236808541,2362.243628273673,0.7024793388429752,0.2314049586776859,0.0661157024793388,0.0,7,700.0,0.0,0.0,0.0,0.4,5.242,0.0,70.25,0.0,0,0,0,E001,2005-07-26 reconstructed 15-minute hyetograph; 108 intervals,944.181998744607,250.38599395751956,431.6999950408936,649.2999992370605,866.5999999046326,943.2999987602234,69.0719985961914,250.38599395751956,8.156210899353027,0.0,24.652984619140625,4.108373165130615,910.1203227391668,910.1203227391668,,HYDRAULIC_PROXY; direct SWMM where mapped; street-surface states unavailable,UNVALIDATED_NO_EVENT_MATCHED_HYDRAULIC_OBSERVATIONS,RAINFALL_RECONSTRUCTED_15MIN; grid represents Phase 1 pilot coverage,Reconstructed E001 hyetograph; source rainfall is IMD three-hour observations,Unavailable; no street coupling,Phase 2A historical_2005 normalized SWMM output,True,PILOT_SUBCATCHMENT_ASSIGNED,1,historical_2005,terra05-swmm-v1.0.0,GIS + Phase 2B SWMM; rainfall reconstructed,139_1057
33055,L,0,0.0,2,53.87325032552084,37.97699991861979,3.0,0.0027754017622034,1.3862943611198906,0.0,219.3807183395133,2361.382785428944,0.1322314049586777,0.3057851239669421,0.512396694214876,0.0,7,700.0,0.0,0.0,0.0,0.4,5.951,0.0,13.22,0.0,0,0,0,E001,2005-07-26 reconstructed 15-minute hyetograph; 108 intervals,944.181998744607,250.38599395751956,431.6999950408936,649.2999992370605,866.5999999046326,943.2999987602234,69.0719985961914,250.38599395751956,7.837882041931152,0.0,24.652984619140625,4.108373165130615,847.0297484287582,847.0297484287582,,HYDRAULIC_PROXY; direct SWMM where mapped; street-surface states unavailable,UNVALIDATED_NO_EVENT_MATCHED_HYDRAULIC_OBSERVATIONS,RAINFALL_RECONSTRUCTED_15MIN; grid represents Phase 1 pilot coverage,Reconstructed E001 hyetograph; source rainfall is IMD three-hour observations,Unavailable; no street coupling,Phase 2A historical_2005 normalized SWMM output,True,PILOT_SUBCATCHMENT_ASSIGNED,1,historical_2005,terra05-swmm-v1.0.0,GIS + Phase 2B SWMM; rainfall reconstructed,139_1057
33056,L,0,0.0,2,44.32736206054688,29.8645494249132,2.0,0.0018502678414689,1.0986122886681098,0.0,310.1436164128434,2364.754185813136,0.0578512396694214,0.0578512396694214,0.859504132231405,0.0,3,300.0,0.0,0.0,0.0,0.4,5.853,0.0,5.79,0.0,0,0,0,E001,2005-07-26 reconstructed 15-minute hyetograph; 108 intervals,944.181998744607,250.38599395751956,431.6999950408936,649.2999992370605,866.5999999046326,943.2999987602234,69.0719985961914,250.38599395751956,7.837882041931152,0.0,27.71916389465332,4.6193461418151855,838.7626868441291,838.7626868441291,,HYDRAULIC_PROXY; direct SWMM where mapped; street-surface states unavailable,UNVALIDATED_NO_EVENT_MATCHED_HYDRAULIC_OBSERVATIONS,RAINFALL_RECONSTRUCTED_15MIN; grid represents Phase 1 pilot coverage,Reconstructed E001 hyetograph; source rainfall is IMD three-hour observations,Unavailable; no street coupling,Phase 2A historical_2005 normalized SWMM output,True,PILOT_SUBCATCHMENT_ASSIGNED,1,historical_2005,terra05-swmm-v1.0.0,GIS + Phase 2B SWMM; rainfall reconstructed,139_1057
33057,L,0,0.0,2,33.71509467230903,7.894746568467882,9.0,0.0083262052866102,2.302585092994046,0.0,398.3274263043567,2372.3397858066905,0.0909090909090909,0.5041322314049587,0.4049586776859504,0.0,1,100.0,0.0,0.0,0.0,0.4,8.778,0.0,9.09,0.0,0,0,0,E001,2005-07-26 reconstructed 15-minute hyetograph; 108 intervals,944.181998744607,250.38599395751956,431.6999950408936,649.2999992370605,866.5999999046326,943.2999987602234,69.0719985961914,250.38599395751956,7.825160503387451,0.0,27.71916389465332,4.6193461418151855,841.723452180813,841.723452180813,,HYDRAULIC_PROXY; direct SWMM where mapped; street-surface states unavailable,UNVALIDATED_NO_EVENT_MATCHED_HYDRAULIC_OBSERVATIONS,RAINFALL_RECONSTRUCTED_15MIN; grid represents Phase 1 pilot coverage,Reconstructed E001 hyetograph; source rainfall is IMD three-hour observations,Unavailable; no street coupling,Phase 2A historical_2005 normalized SWMM output,True,PILOT_SUBCATCHMENT_ASSIGNED,1,historical_2005,terra05-swmm-v1.0.0,GIS + Phase 2B SWMM; rainfall reconstructed,139_1057
33058,L,0,0.0,2,33.562096489800346,10.685010274251304,11.0,0.0101764731280791,2.4849066497880004,0.0,449.3136412999605,2384.0365967777298,0.0165289256198347,0.9834710743801652,0.0,0.0,3,300.0,0.0,0.0,0.0,0.4,8.671,0.0,1.65,0.0,0,0,0,E001,2005-07-26 reconstructed 15-minute hyetograph; 108 intervals,944.181998744607,250.38599395751956,431.6999950408936,649.2999992370605,866.5999999046326,943.2999987602234,69.0719985961914,250.38599395751956,7.825160503387451,0.0,36.71260833740234,6.118086814880371,833.5941897568407,833.5941897568407,,HYDRAULIC_PROXY; direct SWMM where mapped; street-surface states unavailable,UNVALIDATED_NO_EVENT_MATCHED_HYDRAULIC_OBSERVATIONS,RAINFALL_RECONSTRUCTED_15MIN; grid represents Phase 1 pilot coverage,Reconstructed E001 hyetograph; source rainfall is IMD three-hour observations,Unavailable; no street coupling,Phase 2A historical_2005 normalized SWMM output,True,PILOT_SUBCATCHMENT_ASSIGNED,1,historical_2005,terra05-swmm-v1.0.0,GIS + Phase 2B SWMM; rainfall reconstructed,139_1057
33322,L,0,0.0,2,38.02264065212674,7.456208970811632,2.0,0.0018502678414689,1.0986122886681098,0.0,437.44766681097394,1781.1357832206054,0.5371900826446281,0.4628099173553719,0.0,0.0,5,500.0,0.0,0.0,0.0,0.4,7.332,0.0,53.72,0.0,0,0,0,E001,2005-07-26 reconstructed 15-minute hyetograph; 108 intervals,944.181998744607,250.38599395751956,431.6999950408936,649.2999992370605,866.5999999046326,943.2999987602234,69.0719985961914,250.38599395751956,6.566800117492676,1005.6815564632416,16.243453979492188,4.06041145324707,891.7416870038867,891.7416870038867,,HYDRAULIC_PROXY; direct SWMM where mapped; street-surface states unavailable,UNVALIDATED_NO_EVENT_MATCHED_HYDRAULIC_OBSERVATIONS,RAINFALL_RECONSTRUCTED_15MIN; grid represents Phase 1 pilot coverage,Reconstructed E001 hyetograph; source rainfall is IMD three-hour observations,Unavailable; no street coupling,Phase 2A historical_2005 normalized SWMM output,True,PILOT_SUBCATCHMENT_ASSIGNED,1,historical_2005,terra05-swmm-v1.0.0,GIS + Phase 2B SWMM; rainfall reconstructed,139_1057
33323,L,0,0.0,2,39.883507622612846,6.142912122938368,1.0,0.0009251339207344,0.6931471805599453,0.0,458.20073464720366,1881.1250139927995,0.4958677685950413,0.4958677685950413,0.0,0.0,12,1200.0,0.0,0.0,0.0,0.4,6.834,0.0,49.59,174.9,0,0,1,E001,2005-07-26 reconstructed 15-minute hyetograph; 108 intervals,944.181998744607,250.38599395751956,431.6999950408936,649.2999992370605,866.5999999046326,943.2999987602234,69.0719985961914,250.38599395751956,2.9016833305358887,0.0,19.428447723388672,3.4067084789276123,887.11461083265,887.11461083265,,HYDRAULIC_PROXY; direct SWMM where mapped; street-surface states unavailable,UNVALIDATED_NO_EVENT_MATCHED_HYDRAULIC_OBSERVATIONS,RAINFALL_RECONSTRUCTED_15MIN; grid represents Phase 1 pilot coverage,Reconstructed E001 hyetograph; source rainfall is IMD three-hour observations,Unavailable; no street coupling,Phase 2A historical_2005 normalized SWMM output,True,PILOT_SUBCATCHMENT_ASSIGNED,1,historical_2005,terra05-swmm-v1.0.0,GIS + Phase 2B SWMM; rainfall reconstructed,139_1057
33324,L,0,0.0,2,38.82156880696615,4.138330777486165,1.0,0.0009251339207344,0.6931471805599453,0.0,433.8143117186089,1981.115331895127,0.1735537190082644,0.8264462809917356,0.0,0.0,7,700.0,0.0,0.0,0.0,0.4,7.231,0.0,17.36,101.6,0,0,1,E001,2005-07-26 reconstructed 15-minute hyetograph; 108 intervals,944.181998744607,250.38599395751956,431.6999950408936,649.2999992370605,866.5999999046326,943.2999987602234,69.0719985961914,250.38599395751956,7.955699920654297,43738.24553489685,15.431906700134276,2.571697950363159,850.4718508748917,850.4718508748917,,HYDRAULIC_PROXY; direct SWMM where mapped; street-surface states unavailable,UNVALIDATED_NO_EVENT_MATCHED_HYDRAULIC_OBSERVATIONS,RAINFALL_RECONSTRUCTED_15MIN; grid represents Phase 1 pilot coverage,Reconstructed E001 hyetograph; source rainfall is IMD three-hour observations,Unavailable; no street coupling,Phase 2A historical_2005 normalized SWMM output,True,PILOT_SUBCATCHMENT_ASSIGNED,1,historical_2005,terra05-swmm-v1.0.0,GIS + Phase 2B SWMM; rainfall reconstructed,139_1057
33325,L,0,0.0,2,33.81510755750868,4.557726542154948,21.0,0.0194278123354238,3.091042453358316,0.0,340.1039503628548,2081.106580228525,0.6859504132231405,0.2727272727272727,0.0,0.0,12,1200.0,0.0,0.0,0.0,0.4,10.179,0.0,68.6,101.5,0,0,1,E001,2005-07-26 reconstructed 15-minute hyetograph; 108 intervals,944.181998744607,250.38599395751956,431.6999950408936,649.2999992370605,866.5999999046326,943.2999987602234,69.0719985961914,250.38599395751956,7.955699920654297,43738.24553489685,15.431906700134276,2.571697950363159,908.2649983110604,908.2649983110604,,HYDRAULIC_PROXY; direct SWMM where mapped; street-surface states unavailable,UNVALIDATED_NO_EVENT_MATCHED_HYDRAULIC_OBSERVATIONS,RAINFALL_RECONSTRUCTED_15MIN; grid represents Phase 1 pilot coverage,Reconstructed E001 hyetograph; source rainfall is IMD three-hour observations,Unavailable; no street coupling,Phase 2A historical_2005 normalized SWMM output,True,PILOT_SUBCATCHMENT_ASSIGNED,1,historical_2005,terra05-swmm-v1.0.0,GIS + Phase 2B SWMM; rainfall reconstructed,139_1057
33326,L,0,0.0,2,32.256323920355904,8.198552449544271,4.0,0.0037005356829378,1.6094379124341005,0.0,251.2897472101638,2181.098631027721,0.7603305785123967,0.2148760330578512,0.0,0.0,6,600.0,0.0,0.0,0.0,0.4,7.929,0.0,76.03,109.8,0,0,1,E001,2005-07-26 reconstructed 15-minute hyetograph; 108 intervals,944.181998744607,250.38599395751956,431.6999950408936,649.2999992370605,866.5999999046326,943.2999987602234,69.0719985961914,250.38599395751956,7.955699920654297,43738.24553489685,15.431906700134276,2.571697950363159,916.4878336270338,916.4878336270338,,HYDRAULIC_PROXY; direct SWMM where mapped; street-surface states unavailable,UNVALIDATED_NO_EVENT_MATCHED_HYDRAULIC_OBSERVATIONS,RAINFALL_RECONSTRUCTED_15MIN; grid represents Phase 1 pilot coverage,Reconstructed E001 hyetograph; source rainfall is IMD three-hour observations,Unavailable; no street coupling,Phase 2A historical_2005 normalized SWMM output,True,PILOT_SUBCATCHMENT_ASSIGNED,1,historical_2005,terra05-swmm-v1.0.0,GIS + Phase 2B SWMM; rainfall reconstructed,139_1057
33327,L,0,0.0,2,31.105428059895832,7.93687269422743,427.0,0.3950321841536191,6.059123195581797,0.0,174.99250570660698,2281.091378764017,0.3471074380165289,0.5867768595041323,0.0,0.0,1,100.0,0.0,0.0,0.0,0.4,12.632,0.0,34.71,13.0,0,0,0,E001,2005-07-26 reconstructed 15-minute hyetograph; 108 intervals,944.181998744607,250.38599395751956,431.6999950408936,649.2999992370605,866.5999999046326,943.2999987602234,69.0719985961914,250.38599395751956,7.955699920654297,43738.24553489685,15.431906700134276,2.571697950363159,870.5615477538956,870.5615477538956,,HYDRAULIC_PROXY; direct SWMM where mapped; street-surface states unavailable,UNVALIDATED_NO_EVENT_MATCHED_HYDRAULIC_OBSERVATIONS,RAINFALL_RECONSTRUCTED_15MIN; grid represents Phase 1 pilot coverage,Reconstructed E001 hyetograph; source rainfall is IMD three-hour observations,Unavailable; no street coupling,Phase 2A historical_2005 normalized SWMM output,True,PILOT_SUBCATCHMENT_ASSIGNED,1,historical_2005,terra05-swmm-v1.0.0,GIS + Phase 2B SWMM; rainfall reconstructed,139_1057
33328,L,0,0.0,2,32.09912109375,4.580382982889812,23.0,0.0212780801768928,3.1780538303479458,0.0,134.52961404094535,2381.084735634592,0.0,1.0,0.0,0.0,2,200.0,0.0,0.0,0.0,0.4,10.265,0.0,0.0,0.0,0,0,0,E001,2005-07-26 reconstructed 15-minute hyetograph; 108 intervals,944.181998744607,250.38599395751956,431.6999950408936,649.2999992370605,866.5999999046326,943.2999987602234,69.0719985961914,250.38599395751956,7.955699920654297,43738.24553489685,15.431906700134276,2.571697950363159,830.7209374711963,830.7209374711963,,HYDRAULIC_PROXY; direct SWMM where mapped; street-surface states unavailable,UNVALIDATED_NO_EVENT_MATCHED_HYDRAULIC_OBSERVATIONS,RAINFALL_RECONSTRUCTED_15MIN; grid represents Phase 1 pilot coverage,Reconstructed E001 hyetograph; source rainfall is IMD three-hour observations,Unavailable; no street coupling,Phase 2A historical_2005 normalized SWMM output,True,PILOT_SUBCATCHMENT_ASSIGNED,1,historical_2005,terra05-swmm-v1.0.0,GIS + Phase 2B SWMM; rainfall reconstructed,139_1057
33329,L,0,0.0,2,43.31657240125868,8.41410403781467,2.0,0.0018502678414689,1.0986122886681098,0.0,134.71824557804814,2467.0834074512563,0.4958677685950413,0.5041322314049587,0.0,0.0,15,1500.0,0.0,0.0,0.0,0.4,7.209,0.0,49.59,101.1,0,0,1,E001,2005-07-26 reconstructed 15-minute hyetograph; 108 intervals,944.181998744607,250.38599395751956,431.6999950408936,649.2999992370605,866.5999999046326,943.2999987602234,69.0719985961914,250.38599395751956,8.156210899353027,0.0,24.652984619140625,4.108373165130615,887.1614992336979,887.1614992336979,,HYDRAULIC_PROXY; direct SWMM where mapped; street-surface states unavailable,UNVALIDATED_NO_EVENT_MATCHED_HYDRAULIC_OBSERVATIONS,RAINFALL_RECONSTRUCTED_15MIN; grid represents Phase 1 pilot coverage,Reconstructed E001 hyetograph; source rainfall is IMD three-hour observations,Unavailable; no street coupling,Phase 2A historical_2005 normalized SWMM output,True,PILOT_SUBCATCHMENT_ASSIGNED,1,historical_2005,terra05-swmm-v1.0.0,GIS + Phase 2B SWMM; rainfall reconstructed,139_1057
33330,L,0,0.0,2,59.94482421875,20.66492377387153,12.0,0.0111016070488136,2.5649493574615367,0.0,182.2733817435986,2462.2010964423457,0.743801652892562,0.1983471074380165,0.0,0.0,10,1000.0,0.0,0.0,0.0,0.4,8.065,0.0,74.38,0.0,0,0,0,E001,2005-07-26 reconstructed 15-minute hyetograph; 108 intervals,944.181998744607,250.38599395751956,431.6999950408936,649.2999992370605,866.5999999046326,943.2999987602234,69.0719985961914,250.38599395751956,8.156210899353027,0.0,15.431906700134276,2.571697950363159,914.676366429412,914.676366429412,,HYDRAULIC_PROXY; direct SWMM where mapped; street-surface states unavailable,UNVALIDATED_NO_EVENT_MATCHED_HYDRAULIC_OBSERVATIONS,RAINFALL_RECONSTRUCTED_15MIN; grid represents Phase 1 pilot coverage,Reconstructed E001 hyetograph; source rainfall is IMD three-hour observations,Unavailable; no street coupling,Phase 2A historical_2005 normalized SWMM output,True,PILOT_SUBCATCHMENT_ASSIGNED,1,historical_2005,terra05-swmm-v1.0.0,GIS + Phase 2B SWMM; rainfall reconstructed,139_1057
33331,L,0,0.0,2,84.68992106119792,17.660074869791668,1.0,0.0009251339207344,0.6931471805599453,0.0,261.33917749328737,2461.3752130308126,0.9421487603305784,0.0578512396694214,0.0,0.0,8,800.0,0.0,0.0,0.0,0.4,5.75,0.0,94.21,0.0,0,0,0,E001,2005-07-26 reconstructed 15-minute hyetograph; 108 intervals,944.181998744607,250.38599395751956,431.6999950408936,649.2999992370605,866.5999999046326,943.2999987602234,69.0719985961914,250.38599395751956,8.156210899353027,0.0,24.652984619140625,4.108373165130615,936.709104774927,936.709104774927,,HYDRAULIC_PROXY; direct SWMM where mapped; street-surface states unavailable,UNVALIDATED_NO_EVENT_MATCHED_HYDRAULIC_OBSERVATIONS,RAINFALL_RECONSTRUCTED_15MIN; grid represents Phase 1 pilot coverage,Reconstructed E001 hyetograph; source rainfall is IMD three-hour observations,Unavailable; no street coupling,Phase 2A historical_2005 normalized SWMM output,True,PILOT_SUBCATCHMENT_ASSIGNED,1,historical_2005,terra05-swmm-v1.0.0,GIS + Phase 2B SWMM; rainfall reconstructed,139_1057
33332,L,0,0.0,2,61.37748209635416,22.027101304796005,7.0,0.0064759374451412,2.079441541679836,0.0,351.11701474820137,2464.609835110431,0.628099173553719,0.371900826446281,0.0,0.0,8,800.0,0.0,0.0,0.0,0.4,7.456,0.0,62.81,0.0,0,0,0,E001,2005-07-26 reconstructed 15-minute hyetograph; 108 intervals,944.181998744607,250.38599395751956,431.6999950408936,649.2999992370605,866.5999999046326,943.2999987602234,69.0719985961914,250.38599395751956,8.156210899353027,0.0,24.652984619140625,4.108373165130615,901.8483339909288,901.8483339909288,,HYDRAULIC_PROXY; direct SWMM where mapped; street-surface states unavailable,UNVALIDATED_NO_EVENT_MATCHED_HYDRAULIC_OBSERVATIONS,RAINFALL_RECONSTRUCTED_15MIN; grid represents Phase 1 pilot coverage,Reconstructed E001 hyetograph; source rainfall is IMD three-hour observations,Unavailable; no street coupling,Phase 2A historical_2005 normalized SWMM output,True,PILOT_SUBCATCHMENT_ASSIGNED,1,historical_2005,terra05-swmm-v1.0.0,GIS + Phase 2B SWMM; rainfall reconstructed,139_1057
33333,L,0,0.0,2,47.22798326280382,8.271839565700954,6.0,0.0055508035244068,1.9459101490553128,0.0,344.43311144609646,2471.889022453001,0.6033057851239669,0.3884297520661157,0.0,0.0,28,2800.0,0.0,0.0,0.0,0.4,8.325,0.0,60.33,0.0,0,0,1,E001,2005-07-26 reconstructed 15-minute hyetograph; 108 intervals,944.181998744607,250.38599395751956,431.6999950408936,649.2999992370605,866.5999999046326,943.2999987602234,69.0719985961914,250.38599395751956,8.156210899353027,0.0,24.652984619140625,4.108373165130615,899.0888399907997,899.0888399907997,,HYDRAULIC_PROXY; direct SWMM where mapped; street-surface states unavailable,UNVALIDATED_NO_EVENT_MATCHED_HYDRAULIC_OBSERVATIONS,RAINFALL_RECONSTRUCTED_15MIN; grid represents Phase 1 pilot coverage,Reconstructed E001 hyetograph; source rainfall is IMD three-hour observations,Unavailable; no street coupling,Phase 2A historical_2005 normalized SWMM output,True,PILOT_SUBCATCHMENT_ASSIGNED,1,historical_2005,terra05-swmm-v1.0.0,GIS + Phase 2B SWMM; rainfall reconstructed,139_1057
33334,L,0,0.0,2,48.56608751085069,10.616800944010416,1.0,0.0009251339207344,0.6931471805599453,0.0,351.0128320461534,2483.1388955871885,0.5371900826446281,0.4545454545454545,0.0,0.0,8,800.0,0.0,0.0,0.0,0.4,6.279,0.0,53.72,104.7,0,0,1,E001,2005-07-26 reconstructed 15-minute hyetograph; 108 intervals,944.181998744607,250.38599395751956,431.6999950408936,649.2999992370605,866.5999999046326,943.2999987602234,69.0719985961914,250.38599395751956,7.837882041931152,0.0,27.71916389465332,4.6193461418151855,891.7624024250833,891.7624024250833,,HYDRAULIC_PROXY; direct SWMM where mapped; street-surface states unavailable,UNVALIDATED_NO_EVENT_MATCHED_HYDRAULIC_OBSERVATIONS,RAINFALL_RECONSTRUCTED_15MIN; grid represents Phase 1 pilot coverage,Reconstructed E001 hyetograph; source rainfall is IMD three-hour observations,Unavailable; no street coupling,Phase 2A historical_2005 normalized SWMM output,True,PILOT_SUBCATCHMENT_ASSIGNED,1,historical_2005,terra05-swmm-v1.0.0,GIS + Phase 2B SWMM; rainfall reconstructed,139_1057
33598,L,0,0.0,2,47.40644836425781,11.461198170979818,1.0,0.0009251339207344,0.6931471805599453,0.0,486.7933043923153,1785.4459550128786,0.6528925619834711,0.2644628099173554,0.0,0.0,8,800.0,0.0,0.0,0.0,0.4,6.201,0.0,65.29,155.7,0,0,1,E001,2005-07-26 reconstructed 15-minute hyetograph; 108 intervals,944.181998744607,250.38599395751956,431.6999950408936,649.2999992370605,866.5999999046326,943.2999987602234,69.0719985961914,250.38599395751956,6.566800117492676,1005.6815564632416,16.243453979492188,4.06041145324707,904.580223665034,904.580223665034,,HYDRAULIC_PROXY; direct SWMM where mapped; street-surface states unavailable,UNVALIDATED_NO_EVENT_MATCHED_HYDRAULIC_OBSERVATIONS,RAINFALL_RECONSTRUCTED_15MIN; grid represents Phase 1 pilot coverage,Reconstructed E001 hyetograph; source rainfall is IMD three-hour observations,Unavailable; no street coupling,Phase 2A historical_2005 normalized SWMM output,True,PILOT_SUBCATCHMENT_ASSIGNED,1,historical_2005,terra05-swmm-v1.0.0,GIS + Phase 2B SWMM; rainfall reconstructed,139_1057
33599,L,0,0.0,2,47.36011759440104,11.078564961751304,1.0,0.0009251339207344,0.6931471805599453,0.0,557.2312744577808,1885.206592995149,0.9256198347107438,0.0578512396694214,0.0,0.0,13,1300.0,0.0,0.0,0.0,0.4,6.236,0.0,92.56,206.9,0,0,1,E001,2005-07-26 reconstructed 15-minute hyetograph; 108 intervals,944.181998744607,250.38599395751956,431.6999950408936,649.2999992370605,866.5999999046326,943.2999987602234,69.0719985961914,250.38599395751956,2.9016833305358887,0.0,19.428447723388672,3.4067084789276123,934.8808782356352,934.8808782356352,,HYDRAULIC_PROXY; direct SWMM where mapped; street-surface states unavailable,UNVALIDATED_NO_EVENT_MATCHED_HYDRAULIC_OBSERVATIONS,RAINFALL_RECONSTRUCTED_15MIN; grid represents Phase 1 pilot coverage,Reconstructed E001 hyetograph; source rainfall is IMD three-hour observations,Unavailable; no street coupling,Phase 2A historical_2005 normalized SWMM output,True,PILOT_SUBCATCHMENT_ASSIGNED,1,historical_2005,terra05-swmm-v1.0.0,GIS + Phase 2B SWMM; rainfall reconstructed,139_1057
33600,L,0,0.0,2,45.78137969970703,10.072893142700195,1.0,0.0009251339207344,0.6931471805599453,0.0,474.3227983711984,1984.9913194452283,0.768595041322314,0.2066115702479339,0.0,0.0,9,900.0,0.0,0.0,0.0,0.4,6.333,0.0,76.86,175.0,0,0,1,E001,2005-07-26 reconstructed 15-minute hyetograph; 108 intervals,944.181998744607,250.38599395751956,431.6999950408936,649.2999992370605,866.5999999046326,943.2999987602234,69.0719985961914,250.38599395751956,7.955699920654297,43738.24553489685,15.431906700134276,2.571697950363159,917.4021320755126,917.4021320755126,,HYDRAULIC_PROXY; direct SWMM where mapped; street-surface states unavailable,UNVALIDATED_NO_EVENT_MATCHED_HYDRAULIC_OBSERVATIONS,RAINFALL_RECONSTRUCTED_15MIN; grid represents Phase 1 pilot coverage,Reconstructed E001 hyetograph; source rainfall is IMD three-hour observations,Unavailable; no street coupling,Phase 2A historical_2005 normalized SWMM output,True,PILOT_SUBCATCHMENT_ASSIGNED,1,historical_2005,terra05-swmm-v1.0.0,GIS + Phase 2B SWMM; rainfall reconstructed,139_1057
33601,L,0,0.0,2,43.32514444986979,10.467321395874023,2.0,0.0018502678414689,1.0986122886681098,0.0,390.45864960993424,2084.796675523404,0.950413223140496,0.0165289256198347,0.0,0.0,16,1600.0,0.0,0.0,0.0,0.4,6.987,0.0,95.04,223.4,0,0,1,E001,2005-07-26 reconstructed 15-minute hyetograph; 108 intervals,944.181998744607,250.38599395751956,431.6999950408936,649.2999992370605,866.5999999046326,943.2999987602234,69.0719985961914,250.38599395751956,7.955699920654297,43738.24553489685,15.431906700134276,2.571697950363159,937.6305909024812,937.6305909024812,,HYDRAULIC_PROXY; direct SWMM where mapped; street-surface states unavailable,UNVALIDATED_NO_EVENT_MATCHED_HYDRAULIC_OBSERVATIONS,RAINFALL_RECONSTRUCTED_15MIN; grid represents Phase 1 pilot coverage,Reconstructed E001 hyetograph; source rainfall is IMD three-hour observations,Unavailable; no street coupling,Phase 2A historical_2005 normalized SWMM output,True,PILOT_SUBCATCHMENT_ASSIGNED,1,historical_2005,terra05-swmm-v1.0.0,GIS + Phase 2B SWMM; rainfall reconstructed,139_1057
33602,L,0,0.0,2,36.33080037434896,10.036572774251304,1.0,0.0009251339207344,0.6931471805599453,0.0,316.1230726406129,2184.619833809528,0.8264462809917356,0.0165289256198347,0.0,0.0,18,1800.0,0.0,0.0,0.0,0.4,6.337,0.0,82.64,133.9,0,0,1,E001,2005-07-26 reconstructed 15-minute hyetograph; 108 intervals,944.181998744607,250.38599395751956,431.6999950408936,649.2999992370605,866.5999999046326,943.2999987602234,69.0719985961914,250.38599395751956,7.955699920654297,43738.24553489685,15.431906700134276,2.571697950363159,923.829003375067,923.829003375067,,HYDRAULIC_PROXY; direct SWMM where mapped; street-surface states unavailable,UNVALIDATED_NO_EVENT_MATCHED_HYDRAULIC_OBSERVATIONS,RAINFALL_RECONSTRUCTED_15MIN; grid represents Phase 1 pilot coverage,Reconstructed E001 hyetograph; source rainfall is IMD three-hour observations,Unavailable; no street coupling,Phase 2A historical_2005 normalized SWMM output,True,PILOT_SUBCATCHMENT_ASSIGNED,1,historical_2005,terra05-swmm-v1.0.0,GIS + Phase 2B SWMM; rainfall reconstructed,139_1057
33603,L,0,0.0,2,33.396812438964844,4.739952087402344,316.0,0.2923423189520928,5.75890177387728,0.0,259.6336593284297,2284.45846061479,0.4380165289256198,0.5206611570247934,0.0,0.0,13,1300.0,0.0,0.0,0.0,0.4,12.851,0.0,43.8,111.6,0,0,1,E001,2005-07-26 reconstructed 15-minute hyetograph; 108 intervals,944.181998744607,250.38599395751956,431.6999950408936,649.2999992370605,866.5999999046326,943.2999987602234,69.0719985961914,250.38599395751956,7.955699920654297,43738.24553489685,15.431906700134276,2.571697950363159,880.5750423460993,880.5750423460993,,HYDRAULIC_PROXY; direct SWMM where mapped; street-surface states unavailable,UNVALIDATED_NO_EVENT_MATCHED_HYDRAULIC_OBSERVATIONS,RAINFALL_RECONSTRUCTED_15MIN; grid represents Phase 1 pilot coverage,Reconstructed E001 hyetograph; source rainfall is IMD three-hour observations,Unavailable; no street coupling,Phase 2A historical_2005 normalized SWMM output,True,PILOT_SUBCATCHMENT_ASSIGNED,1,historical_2005,terra05-swmm-v1.0.0,GIS + Phase 2B SWMM; rainfall reconstructed,139_1057
33604,L,0,0.0,2,35.220916748046875,3.533079147338867,1.0,0.0009251339207344,0.6931471805599453,0.0,234.27649702178817,2384.3106127925166,0.1735537190082644,0.8099173553719008,0.0,0.0,3,300.0,0.0,0.0,0.0,0.4,7.39,0.0,17.36,87.3,0,0,0,E001,2005-07-26 reconstructed 15-minute hyetograph; 108 intervals,944.181998744607,250.38599395751956,431.6999950408936,649.2999992370605,866.5999999046326,943.2999987602234,69.0719985961914,250.38599395751956,7.955699920654297,43738.24553489685,15.431906700134276,2.571697950363159,850.2931938908295,850.2931938908295,,HYDRAULIC_PROXY; direct SWMM where mapped; street-surface states unavailable,UNVALIDATED_NO_EVENT_MATCHED_HYDRAULIC_OBSERVATIONS,RAINFALL_RECONSTRUCTED_15MIN; grid represents Phase 1 pilot coverage,Reconstructed E001 hyetograph; source rainfall is IMD three-hour observations,Unavailable; no street coupling,Phase 2A historical_2005 normalized SWMM output,True,PILOT_SUBCATCHMENT_ASSIGNED,1,historical_2005,terra05-swmm-v1.0.0,GIS + Phase 2B SWMM; rainfall reconstructed,139_1057
33605,L,0,0.0,2,40.07462056477865,11.976646423339844,2.0,0.0018502678414689,1.0986122886681098,0.0,233.68882235673283,2484.174659373925,0.7603305785123967,0.2148760330578512,0.0,0.0,26,2600.0,0.0,0.0,0.0,0.4,6.849,0.0,76.03,61.4,0,0,1,E001,2005-07-26 reconstructed 15-minute hyetograph; 108 intervals,944.181998744607,250.38599395751956,431.6999950408936,649.2999992370605,866.5999999046326,943.2999987602234,69.0719985961914,250.38599395751956,8.156210899353027,0.0,15.431906700134276,2.571697950363159,916.4852606852944,916.4852606852944,,HYDRAULIC_PROXY; direct SWMM where mapped; street-surface states unavailable,UNVALIDATED_NO_EVENT_MATCHED_HYDRAULIC_OBSERVATIONS,RAINFALL_RECONSTRUCTED_15MIN; grid represents Phase 1 pilot coverage,Reconstructed E001 hyetograph; source rainfall is IMD three-hour observations,Unavailable; no street coupling,Phase 2A historical_2005 normalized SWMM output,True,PILOT_SUBCATCHMENT_ASSIGNED,1,historical_2005,terra05-swmm-v1.0.0,GIS + Phase 2B SWMM; rainfall reconstructed,139_1057
33606,L,0,0.0,2,58.31256103515625,20.34585698445638,148.0,0.1369198202687017,5.003946305945459,0.0,263.9792523951399,2562.1618839027738,0.8925619834710744,0.024793388429752,0.0,0.0,14,1400.0,0.0,0.0,0.0,0.4,10.594,0.0,89.26,19.1,0,0,0,E001,2005-07-26 reconstructed 15-minute hyetograph; 108 intervals,944.181998744607,250.38599395751956,431.6999950408936,649.2999992370605,866.5999999046326,943.2999987602234,69.0719985961914,250.38599395751956,8.156210899353027,0.0,24.652984619140625,4.108373165130615,931.2200355510864,931.2200355510864,,HYDRAULIC_PROXY; direct SWMM where mapped; street-surface states unavailable,UNVALIDATED_NO_EVENT_MATCHED_HYDRAULIC_OBSERVATIONS,RAINFALL_RECONSTRUCTED_15MIN; grid represents Phase 1 pilot coverage,Reconstructed E001 hyetograph; source rainfall is IMD three-hour observations,Unavailable; no street coupling,Phase 2A historical_2005 normalized SWMM output,True,PILOT_SUBCATCHMENT_ASSIGNED,1,historical_2005,terra05-swmm-v1.0.0,GIS + Phase 2B SWMM; rainfall reconstructed,139_1057
33607,L,0,0.0,2,61.932838439941406,17.52564239501953,4.0,0.0037005356829378,1.6094379124341005,0.0,323.6659167964976,2561.3682318879487,0.5867768595041323,0.3057851239669421,0.0,0.0,11,1100.0,0.0,0.0,0.0,0.4,7.144,0.0,58.68,0.0,0,0,0,E001,2005-07-26 reconstructed 15-minute hyetograph; 108 intervals,944.181998744607,250.38599395751956,431.6999950408936,649.2999992370605,866.5999999046326,943.2999987602234,69.0719985961914,250.38599395751956,8.156210899353027,0.0,15.431906700134276,2.571697950363159,897.2610934647671,897.2610934647671,,HYDRAULIC_PROXY; direct SWMM where mapped; street-surface states unavailable,UNVALIDATED_NO_EVENT_MATCHED_HYDRAULIC_OBSERVATIONS,RAINFALL_RECONSTRUCTED_15MIN; grid represents Phase 1 pilot coverage,Reconstructed E001 hyetograph; source rainfall is IMD three-hour observations,Unavailable; no street coupling,Phase 2A historical_2005 normalized SWMM output,True,PILOT_SUBCATCHMENT_ASSIGNED,1,historical_2005,terra05-swmm-v1.0.0,GIS + Phase 2B SWMM; rainfall reconstructed,139_1057
33608,L,0,0.0,2,54.83885701497396,9.705477396647137,1.0,0.0009251339207344,0.6931471805599453,0.0,274.5643608749114,2564.4767340191224,0.7933884297520661,0.2066115702479339,0.0,0.0,8,800.0,0.0,0.0,0.0,0.4,6.371,0.0,79.34,0.0,0,0,0,E001,2005-07-26 reconstructed 15-minute hyetograph; 108 intervals,944.181998744607,250.38599395751956,431.6999950408936,649.2999992370605,866.5999999046326,943.2999987602234,69.0719985961914,250.38599395751956,8.156210899353027,0.0,15.431906700134276,2.571697950363159,920.154927382391,920.154927382391,,HYDRAULIC_PROXY; direct SWMM where mapped; street-surface states unavailable,UNVALIDATED_NO_EVENT_MATCHED_HYDRAULIC_OBSERVATIONS,RAINFALL_RECONSTRUCTED_15MIN; grid represents Phase 1 pilot coverage,Reconstructed E001 hyetograph; source rainfall is IMD three-hour observations,Unavailable; no street coupling,Phase 2A historical_2005 normalized SWMM output,True,PILOT_SUBCATCHMENT_ASSIGNED,1,historical_2005,terra05-swmm-v1.0.0,GIS + Phase 2B SWMM; rainfall reconstructed,139_1057
33609,L,0,0.0,2,52.18634033203125,8.379623413085938,4.0,0.0037005356829378,1.6094379124341005,0.0,244.87022739253248,2571.473239084158,0.6363636363636364,0.3553719008264462,0.0,0.0,13,1300.0,0.0,0.0,0.0,0.4,7.907,0.0,63.64,0.0,0,0,0,E001,2005-07-26 reconstructed 15-minute hyetograph; 108 intervals,944.181998744607,250.38599395751956,431.6999950408936,649.2999992370605,866.5999999046326,943.2999987602234,69.0719985961914,250.38599395751956,8.156210899353027,0.0,24.652984619140625,4.108373165130615,902.750588111448,902.750588111448,,HYDRAULIC_PROXY; direct SWMM where mapped; street-surface states unavailable,UNVALIDATED_NO_EVENT_MATCHED_HYDRAULIC_OBSERVATIONS,RAINFALL_RECONSTRUCTED_15MIN; grid represents Phase 1 pilot coverage,Reconstructed E001 hyetograph; source rainfall is IMD three-hour observations,Unavailable; no street coupling,Phase 2A historical_2005 normalized SWMM output,True,PILOT_SUBCATCHMENT_ASSIGNED,1,historical_2005,terra05-swmm-v1.0.0,GIS + Phase 2B SWMM; rainfall reconstructed,139_1057
33873,L,0,0.0,2,51.07607014973959,6.038249969482422,1.0,0.0009251339207344,0.6931471805599453,0.0,550.0681605074174,1795.3244381656536,0.6115702479338843,0.371900826446281,0.0,0.0,11,1100.0,0.0,0.0,0.0,0.4,6.852,0.0,61.16,122.4,0,0,1,E001,2005-07-26 reconstructed 15-minute hyetograph; 108 intervals,944.181998744607,250.38599395751956,431.6999950408936,649.2999992370605,866.5999999046326,943.2999987602234,69.0719985961914,250.38599395751956,6.566800117492676,1005.6815564632416,16.243453979492188,4.06041145324707,900.0006513190599,900.0006513190599,,HYDRAULIC_PROXY; direct SWMM where mapped; street-surface states unavailable,UNVALIDATED_NO_EVENT_MATCHED_HYDRAULIC_OBSERVATIONS,RAINFALL_RECONSTRUCTED_15MIN; grid represents Phase 1 pilot coverage,Reconstructed E001 hyetograph; source rainfall is IMD three-hour observations,Unavailable; no street coupling,Phase 2A historical_2005 normalized SWMM output,True,PILOT_SUBCATCHMENT_ASSIGNED,1,historical_2005,terra05-swmm-v1.0.0,GIS + Phase 2B SWMM; rainfall reconstructed,139_1057
33874,L,0,0.0,2,47.75927734375,7.927527533637153,4.0,0.0037005356829378,1.6094379124341005,0.0,611.7953391919146,1894.5649839146056,0.4876033057851239,0.5041322314049587,0.0,0.0,3,300.0,0.0,0.0,0.0,0.4,7.963,0.0,48.76,131.1,0,0,1,E001,2005-07-26 reconstructed 15-minute hyetograph; 108 intervals,944.181998744607,250.38599395751956,431.6999950408936,649.2999992370605,866.5999999046326,943.2999987602234,69.0719985961914,250.38599395751956,7.955699920654297,43738.24553489685,15.431906700134276,2.571697950363159,886.2335916659501,886.2335916659501,,HYDRAULIC_PROXY; direct SWMM where mapped; street-surface states unavailable,UNVALIDATED_NO_EVENT_MATCHED_HYDRAULIC_OBSERVATIONS,RAINFALL_RECONSTRUCTED_15MIN; grid represents Phase 1 pilot coverage,Reconstructed E001 hyetograph; source rainfall is IMD three-hour observations,Unavailable; no street coupling,Phase 2A historical_2005 normalized SWMM output,True,PILOT_SUBCATCHMENT_ASSIGNED,1,historical_2005,terra05-swmm-v1.0.0,GIS + Phase 2B SWMM; rainfall reconstructed,139_1057
33875,L,0,0.0,2,43.55774943033854,9.285884857177734,3.0,0.0027754017622034,1.3862943611198906,0.0,530.8195334174118,1993.8814203146285,0.6198347107438017,0.2727272727272727,0.0,0.0,4,400.0,0.0,0.0,0.0,0.4,7.515,0.0,61.98,145.6,0,0,1,E001,2005-07-26 reconstructed 15-minute hyetograph; 108 intervals,944.181998744607,250.38599395751956,431.6999950408936,649.2999992370605,866.5999999046326,943.2999987602234,69.0719985961914,250.38599395751956,7.955699920654297,43738.24553489685,15.431906700134276,2.571697950363159,900.9189422494088,900.9189422494088,,HYDRAULIC_PROXY; direct SWMM where mapped; street-surface states unavailable,UNVALIDATED_NO_EVENT_MATCHED_HYDRAULIC_OBSERVATIONS,RAINFALL_RECONSTRUCTED_15MIN; grid represents Phase 1 pilot coverage,Reconstructed E001 hyetograph; source rainfall is IMD three-hour observations,Unavailable; no street coupling,Phase 2A historical_2005 normalized SWMM output,True,PILOT_SUBCATCHMENT_ASSIGNED,1,historical_2005,terra05-swmm-v1.0.0,GIS + Phase 2B SWMM; rainfall reconstructed,139_1057
33876,L,0,0.0,2,46.93477376302084,9.851937188042534,4.0,0.0037005356829378,1.6094379124341005,0.0,457.4332924678828,2093.262945326365,0.71900826446281,0.1652892561983471,0.0,0.0,7,700.0,0.0,0.0,0.0,0.4,7.742,0.0,71.9,227.1,0,0,1,E001,2005-07-26 reconstructed 15-minute hyetograph; 108 intervals,944.181998744607,250.38599395751956,431.6999950408936,649.2999992370605,866.5999999046326,943.2999987602234,69.0719985961914,250.38599395751956,7.955699920654297,43738.24553489685,15.431906700134276,2.571697950363159,911.903117696056,911.903117696056,,HYDRAULIC_PROXY; direct SWMM where mapped; street-surface states unavailable,UNVALIDATED_NO_EVENT_MATCHED_HYDRAULIC_OBSERVATIONS,RAINFALL_RECONSTRUCTED_15MIN; grid represents Phase 1 pilot coverage,Reconstructed E001 hyetograph; source rainfall is IMD three-hour observations,Unavailable; no street coupling,Phase 2A historical_2005 normalized SWMM output,True,PILOT_SUBCATCHMENT_ASSIGNED,1,historical_2005,terra05-swmm-v1.0.0,GIS + Phase 2B SWMM; rainfall reconstructed,139_1057
33877,L,0,0.0,2,46.07118733723959,12.338044060601128,1.0,0.0009251339207344,0.6931471805599453,0.0,395.880104398461,2192.7007087783177,0.9256198347107438,0.0413223140495867,0.0,0.0,8,800.0,0.0,0.0,0.0,0.4,6.125,0.0,92.56,235.7,0,0,1,E001,2005-07-26 reconstructed 15-minute hyetograph; 108 intervals,944.181998744607,250.38599395751956,431.6999950408936,649.2999992370605,866.5999999046326,943.2999987602234,69.0719985961914,250.38599395751956,7.955699920654297,43738.24553489685,15.431906700134276,2.571697950363159,934.8807003015824,934.8807003015824,,HYDRAULIC_PROXY; direct SWMM where mapped; street-surface states unavailable,UNVALIDATED_NO_EVENT_MATCHED_HYDRAULIC_OBSERVATIONS,RAINFALL_RECONSTRUCTED_15MIN; grid represents Phase 1 pilot coverage,Reconstructed E001 hyetograph; source rainfall is IMD three-hour observations,Unavailable; no street coupling,Phase 2A historical_2005 normalized SWMM output,True,PILOT_SUBCATCHMENT_ASSIGNED,1,historical_2005,terra05-swmm-v1.0.0,GIS + Phase 2B SWMM; rainfall reconstructed,139_1057
33878,L,0,0.0,2,42.28708902994792,6.986925760904948,1.0,0.0009251339207344,0.6931471805599453,0.0,352.41580137539984,2292.187391614714,0.3884297520661157,0.5785123966942148,0.0,0.0,11,1100.0,0.0,0.0,0.0,0.4,6.704,0.0,38.84,79.5,0,0,0,E001,2005-07-26 reconstructed 15-minute hyetograph; 108 intervals,944.181998744607,250.38599395751956,431.6999950408936,649.2999992370605,866.5999999046326,943.2999987602234,69.0719985961914,250.38599395751956,7.955699920654297,43738.24553489685,15.431906700134276,2.571697950363159,875.1403512606337,875.1403512606337,,HYDRAULIC_PROXY; direct SWMM where mapped; street-surface states unavailable,UNVALIDATED_NO_EVENT_MATCHED_HYDRAULIC_OBSERVATIONS,RAINFALL_RECONSTRUCTED_15MIN; grid represents Phase 1 pilot coverage,Reconstructed E001 hyetograph; source rainfall is IMD three-hour observations,Unavailable; no street coupling,Phase 2A historical_2005 normalized SWMM output,True,PILOT_SUBCATCHMENT_ASSIGNED,1,historical_2005,terra05-swmm-v1.0.0,GIS + Phase 2B SWMM; rainfall reconstructed,139_1057
33879,L,0,0.0,2,46.49974568684896,13.6325314839681,386.0,0.3571016934035058,5.958424693029782,0.0,334.1747103830482,2391.716889240446,0.6115702479338843,0.3140495867768595,0.0,0.0,12,1200.0,0.0,0.0,0.0,0.4,11.978,0.0,61.16,93.4,0,0,0,E001,2005-07-26 reconstructed 15-minute hyetograph; 108 intervals,944.181998744607,250.38599395751956,431.6999950408936,649.2999992370605,866.5999999046326,943.2999987602234,69.0719985961914,250.38599395751956,7.955699920654297,43738.24553489685,15.431906700134276,2.571697950363159,900.0074373085224,900.0074373085224,,HYDRAULIC_PROXY; direct SWMM where mapped; street-surface states unavailable,UNVALIDATED_NO_EVENT_MATCHED_HYDRAULIC_OBSERVATIONS,RAINFALL_RECONSTRUCTED_15MIN; grid represents Phase 1 pilot coverage,Reconstructed E001 hyetograph; source rainfall is IMD three-hour observations,Unavailable; no street coupling,Phase 2A historical_2005 normalized SWMM output,True,PILOT_SUBCATCHMENT_ASSIGNED,1,historical_2005,terra05-swmm-v1.0.0,GIS + Phase 2B SWMM; rainfall reconstructed,139_1057
33880,L,0,0.0,2,74.66691758897569,25.970225016276043,2.0,0.0018502678414689,1.0986122886681098,0.0,333.27455002944043,2491.284070169142,0.5702479338842975,0.3553719008264462,0.0,0.0,15,1500.0,0.0,0.0,0.0,0.4,6.018,0.0,57.02,106.2,0,0,1,E001,2005-07-26 reconstructed 15-minute hyetograph; 108 intervals,944.181998744607,250.38599395751956,431.6999950408936,649.2999992370605,866.5999999046326,943.2999987602234,69.0719985961914,250.38599395751956,8.156210899353027,0.0,24.652984619140625,4.108373165130615,895.4466676871377,895.4466676871377,,HYDRAULIC_PROXY; direct SWMM where mapped; street-surface states unavailable,UNVALIDATED_NO_EVENT_MATCHED_HYDRAULIC_OBSERVATIONS,RAINFALL_RECONSTRUCTED_15MIN; grid represents Phase 1 pilot coverage,Reconstructed E001 hyetograph; source rainfall is IMD three-hour observations,Unavailable; no street coupling,Phase 2A historical_2005 normalized SWMM output,True,PILOT_SUBCATCHMENT_ASSIGNED,1,historical_2005,terra05-swmm-v1.0.0,GIS + Phase 2B SWMM; rainfall reconstructed,139_1057
33881,L,0,0.0,2,80.85062662760417,21.74594455295139,1.0,0.0009251339207344,0.6931471805599453,0.0,355.17109355625536,2590.884589918867,0.6942148760330579,0.2727272727272727,0.0,0.0,16,1600.0,0.0,0.0,0.0,0.4,5.524,0.0,69.42,199.1,0,0,1,E001,2005-07-26 reconstructed 15-minute hyetograph; 108 intervals,944.181998744607,250.38599395751956,431.6999950408936,649.2999992370605,866.5999999046326,943.2999987602234,69.0719985961914,250.38599395751956,8.156210899353027,0.0,15.431906700134276,2.571697950363159,909.1769287311032,909.1769287311032,,HYDRAULIC_PROXY; direct SWMM where mapped; street-surface states unavailable,UNVALIDATED_NO_EVENT_MATCHED_HYDRAULIC_OBSERVATIONS,RAINFALL_RECONSTRUCTED_15MIN; grid represents Phase 1 pilot coverage,Reconstructed E001 hyetograph; source rainfall is IMD three-hour observations,Unavailable; no street coupling,Phase 2A historical_2005 normalized SWMM output,True,PILOT_SUBCATCHMENT_ASSIGNED,1,historical_2005,terra05-swmm-v1.0.0,GIS + Phase 2B SWMM; rainfall reconstructed,139_1057
33882,L,0,0.0,2,50.48228963216146,16.481602986653645,4.0,0.0037005356829378,1.6094379124341005,0.0,268.58333579144124,2661.361775356202,0.4132231404958678,0.5702479338842975,0.0,0.0,10,1000.0,0.0,0.0,0.0,0.4,7.209,0.0,41.32,27.2,0,0,0,E001,2005-07-26 reconstructed 15-minute hyetograph; 108 intervals,944.181998744607,250.38599395751956,431.6999950408936,649.2999992370605,866.5999999046326,943.2999987602234,69.0719985961914,250.38599395751956,8.156210899353027,0.0,24.652984619140625,4.108373165130615,878.0530499796439,878.0530499796439,,HYDRAULIC_PROXY; direct SWMM where mapped; street-surface states unavailable,UNVALIDATED_NO_EVENT_MATCHED_HYDRAULIC_OBSERVATIONS,RAINFALL_RECONSTRUCTED_15MIN; grid represents Phase 1 pilot coverage,Reconstructed E001 hyetograph; source rainfall is IMD three-hour observations,Unavailable; no street coupling,Phase 2A historical_2005 normalized SWMM output,True,PILOT_SUBCATCHMENT_ASSIGNED,1,historical_2005,terra05-swmm-v1.0.0,GIS + Phase 2B SWMM; rainfall reconstructed,139_1057
33883,L,0,0.0,2,48.16630723741319,6.9816173977322045,24.0,0.0222032140976273,3.218875824868201,0.0,191.6059713721889,2664.353617545484,0.7024793388429752,0.2975206611570248,0.0,0.0,8,800.0,0.0,0.0,0.0,0.4,9.883,0.0,70.25,0.0,0,0,0,E001,2005-07-26 reconstructed 15-minute hyetograph; 108 intervals,944.181998744607,250.38599395751956,431.6999950408936,649.2999992370605,866.5999999046326,943.2999987602234,69.0719985961914,250.38599395751956,8.156210899353027,0.0,15.431906700134276,2.571697950363159,910.078311740726,910.078311740726,,HYDRAULIC_PROXY; direct SWMM where mapped; street-surface states unavailable,UNVALIDATED_NO_EVENT_MATCHED_HYDRAULIC_OBSERVATIONS,RAINFALL_RECONSTRUCTED_15MIN; grid represents Phase 1 pilot coverage,Reconstructed E001 hyetograph; source rainfall is IMD three-hour observations,Unavailable; no street coupling,Phase 2A historical_2005 normalized SWMM output,True,PILOT_SUBCATCHMENT_ASSIGNED,1,historical_2005,terra05-swmm-v1.0.0,GIS + Phase 2B SWMM; rainfall reconstructed,139_1057
34147,L,0,0.0,2,58.22281901041666,22.817615085177952,1.0,0.0009251339207344,0.6931471805599453,0.0,623.0427282352618,1810.6800982718592,0.0826446280991735,0.7933884297520661,0.0330578512396694,0.0,3,300.0,0.0,0.0,0.0,0.4,5.471,0.0,8.26,0.0,0,0,0,E001,2005-07-26 reconstructed 15-minute hyetograph; 108 intervals,944.181998744607,250.38599395751956,431.6999950408936,649.2999992370605,866.5999999046326,943.2999987602234,69.0719985961914,250.38599395751956,6.566800117492676,1005.6815564632416,16.243453979492188,4.06041145324707,841.4307791454482,841.4307791454482,,HYDRAULIC_PROXY; direct SWMM where mapped; street-surface states unavailable,UNVALIDATED_NO_EVENT_MATCHED_HYDRAULIC_OBSERVATIONS,RAINFALL_RECONSTRUCTED_15MIN; grid represents Phase 1 pilot coverage,Reconstructed E001 hyetograph; source rainfall is IMD three-hour observations,Unavailable; no street coupling,Phase 2A historical_2005 normalized SWMM output,True,PILOT_SUBCATCHMENT_ASSIGNED,1,historical_2005,terra05-swmm-v1.0.0,GIS + Phase 2B SWMM; rainfall reconstructed,139_1057
34148,L,0,0.0,2,50.46178521050347,13.42500474717882,3.0,0.0027754017622034,1.3862943611198906,0.0,671.6254886912379,1909.1225885935976,0.0,1.0,0.0,0.0,2,200.0,0.0,0.0,0.0,0.4,7.136,0.0,0.0,0.0,0,0,0,E001,2005-07-26 reconstructed 15-minute hyetograph; 108 intervals,944.181998744607,250.38599395751956,431.6999950408936,649.2999992370605,866.5999999046326,943.2999987602234,69.0719985961914,250.38599395751956,7.955699920654297,43738.24553489685,15.431906700134276,2.571697950363159,831.93748759164,831.93748759164,,HYDRAULIC_PROXY; direct SWMM where mapped; street-surface states unavailable,UNVALIDATED_NO_EVENT_MATCHED_HYDRAULIC_OBSERVATIONS,RAINFALL_RECONSTRUCTED_15MIN; grid represents Phase 1 pilot coverage,Reconstructed E001 hyetograph; source rainfall is IMD three-hour observations,Unavailable; no street coupling,Phase 2A historical_2005 normalized SWMM output,True,PILOT_SUBCATCHMENT_ASSIGNED,1,historical_2005,terra05-swmm-v1.0.0,GIS + Phase 2B SWMM; rainfall reconstructed,139_1057
34149,L,0,0.0,2,39.216941833496094,5.846886952718099,22.0,0.0203529462561583,3.1354942159291497,0.0,598.7959895158559,2007.7190287186224,0.024793388429752,0.975206611570248,0.0,0.0,2,200.0,0.0,0.0,0.0,0.4,9.975,0.0,2.48,0.0,0,0,0,E001,2005-07-26 reconstructed 15-minute hyetograph; 108 intervals,944.181998744607,250.38599395751956,431.6999950408936,649.2999992370605,866.5999999046326,943.2999987602234,69.0719985961914,250.38599395751956,7.955699920654297,43738.24553489685,15.431906700134276,2.571697950363159,833.8873337366383,833.8873337366383,,HYDRAULIC_PROXY; direct SWMM where mapped; street-surface states unavailable,UNVALIDATED_NO_EVENT_MATCHED_HYDRAULIC_OBSERVATIONS,RAINFALL_RECONSTRUCTED_15MIN; grid represents Phase 1 pilot coverage,Reconstructed E001 hyetograph; source rainfall is IMD three-hour observations,Unavailable; no street coupling,Phase 2A historical_2005 normalized SWMM output,True,PILOT_SUBCATCHMENT_ASSIGNED,1,historical_2005,terra05-swmm-v1.0.0,GIS + Phase 2B SWMM; rainfall reconstructed,139_1057
34150,L,0,0.0,2,37.60822889539931,3.967436048719618,37.0,0.0342299550671754,3.6375861597263857,0.0,534.8200417531133,2106.447800986148,0.0495867768595041,0.5041322314049587,0.0,0.0,4,400.0,0.0,0.0,0.0,0.4,10.885,0.0,4.96,0.0,0,0,0,E001,2005-07-26 reconstructed 15-minute hyetograph; 108 intervals,944.181998744607,250.38599395751956,431.6999950408936,649.2999992370605,866.5999999046326,943.2999987602234,69.0719985961914,250.38599395751956,7.955699920654297,43738.24553489685,15.431906700134276,2.571697950363159,836.1986179844824,836.1986179844824,,HYDRAULIC_PROXY; direct SWMM where mapped; street-surface states unavailable,UNVALIDATED_NO_EVENT_MATCHED_HYDRAULIC_OBSERVATIONS,RAINFALL_RECONSTRUCTED_15MIN; grid represents Phase 1 pilot coverage,Reconstructed E001 hyetograph; source rainfall is IMD three-hour observations,Unavailable; no street coupling,Phase 2A historical_2005 normalized SWMM output,True,PILOT_SUBCATCHMENT_ASSIGNED,1,historical_2005,terra05-swmm-v1.0.0,GIS + Phase 2B SWMM; rainfall reconstructed,139_1057
34151,L,0,0.0,2,34.812723795572914,4.568886227077908,124.0,0.1147166061710743,4.8283137373023015,0.0,483.2269829607311,2205.291132317887,0.371900826446281,0.4462809917355372,0.0,0.0,5,500.0,0.0,0.0,0.0,0.4,11.952,0.0,37.19,0.0,0,0,0,E001,2005-07-26 reconstructed 15-minute hyetograph; 108 intervals,944.181998744607,250.38599395751956,431.6999950408936,649.2999992370605,866.5999999046326,943.2999987602234,69.0719985961914,250.38599395751956,7.955699920654297,43738.24553489685,15.431906700134276,2.571697950363159,873.1067238260582,873.1067238260582,,HYDRAULIC_PROXY; direct SWMM where mapped; street-surface states unavailable,UNVALIDATED_NO_EVENT_MATCHED_HYDRAULIC_OBSERVATIONS,RAINFALL_RECONSTRUCTED_15MIN; grid represents Phase 1 pilot coverage,Reconstructed E001 hyetograph; source rainfall is IMD three-hour observations,Unavailable; no street coupling,Phase 2A historical_2005 normalized SWMM output,True,PILOT_SUBCATCHMENT_ASSIGNED,1,historical_2005,terra05-swmm-v1.0.0,GIS + Phase 2B SWMM; rainfall reconstructed,139_1057
34152,L,0,0.0,2,40.39499918619792,9.41990746392144,3.0,0.0027754017622034,1.3862943611198906,0.0,448.312566254683,2304.234280250261,0.0909090909090909,0.6942148760330579,0.0,0.0,3,300.0,0.0,0.0,0.0,0.4,7.5,0.0,9.09,48.2,0,0,0,E001,2005-07-26 reconstructed 15-minute hyetograph; 108 intervals,944.181998744607,250.38599395751956,431.6999950408936,649.2999992370605,866.5999999046326,943.2999987602234,69.0719985961914,250.38599395751956,7.955699920654297,43738.24553489685,15.431906700134276,2.571697950363159,841.8739297892167,841.8739297892167,,HYDRAULIC_PROXY; direct SWMM where mapped; street-surface states unavailable,UNVALIDATED_NO_EVENT_MATCHED_HYDRAULIC_OBSERVATIONS,RAINFALL_RECONSTRUCTED_15MIN; grid represents Phase 1 pilot coverage,Reconstructed E001 hyetograph; source rainfall is IMD three-hour observations,Unavailable; no street coupling,Phase 2A historical_2005 normalized SWMM output,True,PILOT_SUBCATCHMENT_ASSIGNED,1,historical_2005,terra05-swmm-v1.0.0,GIS + Phase 2B SWMM; rainfall reconstructed,139_1057
34153,L,0,0.0,2,54.90596008300781,12.618019104003906,373.0,0.3450749524339576,5.924255797414532,0.0,434.1197957504223,2403.2649163754227,0.0,1.0,0.0,0.0,6,600.0,0.0,0.0,0.0,0.4,12.023,0.0,0.0,0.0,0,0,0,E001,2005-07-26 reconstructed 15-minute hyetograph; 108 intervals,944.181998744607,250.38599395751956,431.6999950408936,649.2999992370605,866.5999999046326,943.2999987602234,69.0719985961914,250.38599395751956,7.955699920654297,43738.24553489685,15.431906700134276,2.571697950363159,831.8844108766641,831.8844108766641,,HYDRAULIC_PROXY; direct SWMM where mapped; street-surface states unavailable,UNVALIDATED_NO_EVENT_MATCHED_HYDRAULIC_OBSERVATIONS,RAINFALL_RECONSTRUCTED_15MIN; grid represents Phase 1 pilot coverage,Reconstructed E001 hyetograph; source rainfall is IMD three-hour observations,Unavailable; no street coupling,Phase 2A historical_2005 normalized SWMM output,True,PILOT_SUBCATCHMENT_ASSIGNED,1,historical_2005,terra05-swmm-v1.0.0,GIS + Phase 2B SWMM; rainfall reconstructed,139_1057
34155,L,0,0.0,2,72.02923583984375,18.76631842719184,1.0,0.0009251339207344,0.6931471805599453,0.0,329.9824666055267,2601.5486807442267,0.6033057851239669,0.396694214876033,0.0,0.0,6,600.0,0.0,0.0,0.0,0.4,5.685,0.0,60.33,105.0,0,0,1,E001,2005-07-26 reconstructed 15-minute hyetograph; 108 intervals,944.181998744607,250.38599395751956,431.6999950408936,649.2999992370605,866.5999999046326,943.2999987602234,69.0719985961914,250.38599395751956,8.156210899353027,0.0,15.431906700134276,2.571697950363159,899.0906399979574,899.0906399979574,,HYDRAULIC_PROXY; direct SWMM where mapped; street-surface states unavailable,UNVALIDATED_NO_EVENT_MATCHED_HYDRAULIC_OBSERVATIONS,RAINFALL_RECONSTRUCTED_15MIN; grid represents Phase 1 pilot coverage,Reconstructed E001 hyetograph; source rainfall is IMD three-hour observations,Unavailable; no street coupling,Phase 2A historical_2005 normalized SWMM output,True,PILOT_SUBCATCHMENT_ASSIGNED,1,historical_2005,terra05-swmm-v1.0.0,GIS + Phase 2B SWMM; rainfall reconstructed,139_1057
34420,L,0,0.0,2,132.84908040364584,29.39173889160156,4.0,0.0037005356829378,1.6094379124341005,0.0,638.2623588592662,1831.375165901504,0.0,0.9669421487603306,0.0330578512396694,0.0,0,0.0,0.0,0.0,0.0,0.4,6.565,0.0,0.0,0.0,0,0,0,E001,2005-07-26 reconstructed 15-minute hyetograph; 108 intervals,944.181998744607,250.38599395751956,431.6999950408936,649.2999992370605,866.5999999046326,943.2999987602234,69.0719985961914,250.38599395751956,0.2819660305976867,0.0,9.807007789611816,3.513462543487549,832.3590272772707,832.3590272772707,,HYDRAULIC_PROXY; direct SWMM where mapped; street-surface states unavailable,UNVALIDATED_NO_EVENT_MATCHED_HYDRAULIC_OBSERVATIONS,RAINFALL_RECONSTRUCTED_15MIN; grid represents Phase 1 pilot coverage,Reconstructed E001 hyetograph; source rainfall is IMD three-hour observations,Unavailable; no street coupling,Phase 2A historical_2005 normalized SWMM output,True,PILOT_SUBCATCHMENT_ASSIGNED,1,historical_2005,terra05-swmm-v1.0.0,GIS + Phase 2B SWMM; rainfall reconstructed,139_1057
34421,L,0,0.0,2,107.07213338216144,36.58889516194662,12.0,0.0111016070488136,2.5649493574615367,0.0,676.5469195656993,1928.7616851963048,0.0,1.0,0.0,0.0,0,0.0,0.0,0.0,0.0,0.4,7.388,0.0,0.0,0.0,0,0,0,E001,2005-07-26 reconstructed 15-minute hyetograph; 108 intervals,944.181998744607,250.38599395751956,431.6999950408936,649.2999992370605,866.5999999046326,943.2999987602234,69.0719985961914,250.38599395751956,0.2819660305976867,0.0,9.807007789611816,3.513462543487549,832.4222644056134,832.4222644056134,,HYDRAULIC_PROXY; direct SWMM where mapped; street-surface states unavailable,UNVALIDATED_NO_EVENT_MATCHED_HYDRAULIC_OBSERVATIONS,RAINFALL_RECONSTRUCTED_15MIN; grid represents Phase 1 pilot coverage,Reconstructed E001 hyetograph; source rainfall is IMD three-hour observations,Unavailable; no street coupling,Phase 2A historical_2005 normalized SWMM output,True,PILOT_SUBCATCHMENT_ASSIGNED,1,historical_2005,terra05-swmm-v1.0.0,GIS + Phase 2B SWMM; rainfall reconstructed,139_1057
34422,L,0,0.0,2,71.21849822998047,28.52263641357422,2.0,0.0018502678414689,1.0986122886681098,0.0,601.358108263855,2026.4027927048016,0.0,1.0,0.0,0.0,0,0.0,0.0,0.0,0.0,0.4,5.908,0.0,0.0,0.0,0,0,0,E001,2005-07-26 reconstructed 15-minute hyetograph; 108 intervals,944.181998744607,250.38599395751956,431.6999950408936,649.2999992370605,866.5999999046326,943.2999987602234,69.0719985961914,250.38599395751956,7.955699920654297,43738.24553489685,15.431906700134276,2.571697950363159,832.347651507589,832.347651507589,,HYDRAULIC_PROXY; direct SWMM where mapped; street-surface states unavailable,UNVALIDATED_NO_EVENT_MATCHED_HYDRAULIC_OBSERVATIONS,RAINFALL_RECONSTRUCTED_15MIN; grid represents Phase 1 pilot coverage,Reconstructed E001 hyetograph; source rainfall is IMD three-hour observations,Unavailable; no street coupling,Phase 2A historical_2005 normalized SWMM output,True,PILOT_SUBCATCHMENT_ASSIGNED,1,historical_2005,terra05-swmm-v1.0.0,GIS + Phase 2B SWMM; rainfall reconstructed,139_1057
34423,L,0,0.0,2,67.93126424153645,27.387293497721355,5.0,0.0046256696036723,1.791759469228055,0.0,534.3663671822244,2124.263382512241,0.0082644628099173,0.9917355371900828,0.0,0.0,0,0.0,0.0,0.0,0.0,0.4,6.872,0.0,0.83,0.0,0,0,0,E001,2005-07-26 reconstructed 15-minute hyetograph; 108 intervals,944.181998744607,250.38599395751956,431.6999950408936,649.2999992370605,866.5999999046326,943.2999987602234,69.0719985961914,250.38599395751956,7.955699920654297,43738.24553489685,15.431906700134276,2.571697950363159,833.21741753316,833.21741753316,,HYDRAULIC_PROXY; direct SWMM where mapped; street-surface states unavailable,UNVALIDATED_NO_EVENT_MATCHED_HYDRAULIC_OBSERVATIONS,RAINFALL_RECONSTRUCTED_15MIN; grid represents Phase 1 pilot coverage,Reconstructed E001 hyetograph; source rainfall is IMD three-hour observations,Unavailable; no street coupling,Phase 2A historical_2005 normalized SWMM output,True,PILOT_SUBCATCHMENT_ASSIGNED,1,historical_2005,terra05-swmm-v1.0.0,GIS + Phase 2B SWMM; rainfall reconstructed,139_1057
34424,L,0,0.0,2,70.96539306640625,32.60840606689453,2.0,0.0018502678414689,1.0986122886681098,0.0,479.0232294747024,2222.3144598105096,0.0,0.9008264462809916,0.0991735537190082,0.0,0,0.0,0.0,0.0,0.0,0.4,5.745,0.0,0.0,0.0,0,0,0,E001,2005-07-26 reconstructed 15-minute hyetograph; 108 intervals,944.181998744607,250.38599395751956,431.6999950408936,649.2999992370605,866.5999999046326,943.2999987602234,69.0719985961914,250.38599395751956,7.955699920654297,43738.24553489685,15.431906700134276,2.571697950363159,832.3875310653239,832.3875310653239,,HYDRAULIC_PROXY; direct SWMM where mapped; street-surface states unavailable,UNVALIDATED_NO_EVENT_MATCHED_HYDRAULIC_OBSERVATIONS,RAINFALL_RECONSTRUCTED_15MIN; grid represents Phase 1 pilot coverage,Reconstructed E001 hyetograph; source rainfall is IMD three-hour observations,Unavailable; no street coupling,Phase 2A historical_2005 normalized SWMM output,True,PILOT_SUBCATCHMENT_ASSIGNED,1,historical_2005,terra05-swmm-v1.0.0,GIS + Phase 2B SWMM; rainfall reconstructed,139_1057
34694,L,0,0.0,2,185.78248426649304,20.98913235134549,2.0,0.0018502678414689,1.0986122886681098,0.0,638.4209823463847,1857.231159087024,0.0,1.0,0.0,0.0,0,0.0,0.0,0.0,0.0,0.4,6.256,0.0,0.0,0.0,0,0,0,E001,2005-07-26 reconstructed 15-minute hyetograph; 108 intervals,944.181998744607,250.38599395751956,431.6999950408936,649.2999992370605,866.5999999046326,943.2999987602234,69.0719985961914,250.38599395751956,0.2819660305976867,0.0,9.807007789611816,3.513462543487549,832.2132599566246,832.2132599566246,,HYDRAULIC_PROXY; direct SWMM where mapped; street-surface states unavailable,UNVALIDATED_NO_EVENT_MATCHED_HYDRAULIC_OBSERVATIONS,RAINFALL_RECONSTRUCTED_15MIN; grid represents Phase 1 pilot coverage,Reconstructed E001 hyetograph; source rainfall is IMD three-hour observations,Unavailable; no street coupling,Phase 2A historical_2005 normalized SWMM output,True,PILOT_SUBCATCHMENT_ASSIGNED,1,historical_2005,terra05-swmm-v1.0.0,GIS + Phase 2B SWMM; rainfall reconstructed,139_1057
34695,L,0,0.0,2,164.2557644314236,28.00716145833333,2.0,0.0018502678414689,1.0986122886681098,0.0,619.4537871195045,1953.3290092261109,0.0,1.0,0.0,0.0,0,0.0,0.0,0.0,0.0,0.4,5.93,0.0,0.0,0.0,0,0,0,E001,2005-07-26 reconstructed 15-minute hyetograph; 108 intervals,944.181998744607,250.38599395751956,431.6999950408936,649.2999992370605,866.5999999046326,943.2999987602234,69.0719985961914,250.38599395751956,0.2819660305976867,0.0,9.807007789611816,3.513462543487549,832.3404059521272,832.3404059521272,,HYDRAULIC_PROXY; direct SWMM where mapped; street-surface states unavailable,UNVALIDATED_NO_EVENT_MATCHED_HYDRAULIC_OBSERVATIONS,RAINFALL_RECONSTRUCTED_15MIN; grid represents Phase 1 pilot coverage,Reconstructed E001 hyetograph; source rainfall is IMD three-hour observations,Unavailable; no street coupling,Phase 2A historical_2005 normalized SWMM output,True,PILOT_SUBCATCHMENT_ASSIGNED,1,historical_2005,terra05-swmm-v1.0.0,GIS + Phase 2B SWMM; rainfall reconstructed,139_1057
34696,L,0,0.0,2,125.86722819010416,28.247721354166668,2.0,0.0018502678414689,1.0986122886681098,0.0,536.319712836981,2049.8001996011194,0.0,1.0,0.0,0.0,0,0.0,0.0,0.0,0.0,0.4,5.92,0.0,0.0,0.0,0,0,0,E001,2005-07-26 reconstructed 15-minute hyetograph; 108 intervals,944.181998744607,250.38599395751956,431.6999950408936,649.2999992370605,866.5999999046326,943.2999987602234,69.0719985961914,250.38599395751956,7.955699920654297,43738.24553489685,15.431906700134276,2.571697950363159,832.343833627965,832.343833627965,,HYDRAULIC_PROXY; direct SWMM where mapped; street-surface states unavailable,UNVALIDATED_NO_EVENT_MATCHED_HYDRAULIC_OBSERVATIONS,RAINFALL_RECONSTRUCTED_15MIN; grid represents Phase 1 pilot coverage,Reconstructed E001 hyetograph; source rainfall is IMD three-hour observations,Unavailable; no street coupling,Phase 2A historical_2005 normalized SWMM output,True,PILOT_SUBCATCHMENT_ASSIGNED,1,historical_2005,terra05-swmm-v1.0.0,GIS + Phase 2B SWMM; rainfall reconstructed,139_1057
34697,L,0,0.0,2,123.88172743055556,26.8420884874132,2.0,0.0018502678414689,1.0986122886681098,0.0,459.9507303814043,2146.5943953819774,0.0,1.0,0.0,0.0,0,0.0,0.0,0.0,0.0,0.4,5.979,0.0,0.0,0.0,0,0,0,E001,2005-07-26 reconstructed 15-minute hyetograph; 108 intervals,944.181998744607,250.38599395751956,431.6999950408936,649.2999992370605,866.5999999046326,943.2999987602234,69.0719985961914,250.38599395751956,7.955699920654297,43738.24553489685,15.431906700134276,2.571697950363159,832.3224228840263,832.3224228840263,,HYDRAULIC_PROXY; direct SWMM where mapped; street-surface states unavailable,UNVALIDATED_NO_EVENT_MATCHED_HYDRAULIC_OBSERVATIONS,RAINFALL_RECONSTRUCTED_15MIN; grid represents Phase 1 pilot coverage,Reconstructed E001 hyetograph; source rainfall is IMD three-hour observations,Unavailable; no street coupling,Phase 2A historical_2005 normalized SWMM output,True,PILOT_SUBCATCHMENT_ASSIGNED,1,historical_2005,terra05-swmm-v1.0.0,GIS + Phase 2B SWMM; rainfall reconstructed,139_1057
34698,L,0,0.0,2,122.41392686631944,22.036934746636284,1.0,0.0009251339207344,0.6931471805599453,0.0,394.2974947666201,2243.669792613398,0.0082644628099173,0.9421487603305784,0.0495867768595041,0.0,0,0.0,0.0,0.0,0.0,0.4,5.51,0.0,0.83,0.0,0,0,0,E001,2005-07-26 reconstructed 15-minute hyetograph; 108 intervals,944.181998744607,250.38599395751956,431.6999950408936,649.2999992370605,866.5999999046326,943.2999987602234,69.0719985961914,250.38599395751956,7.955699920654297,43738.24553489685,15.431906700134276,2.571697950363159,833.1307909914902,833.1307909914902,,HYDRAULIC_PROXY; direct SWMM where mapped; street-surface states unavailable,UNVALIDATED_NO_EVENT_MATCHED_HYDRAULIC_OBSERVATIONS,RAINFALL_RECONSTRUCTED_15MIN; grid represents Phase 1 pilot coverage,Reconstructed E001 hyetograph; source rainfall is IMD three-hour observations,Unavailable; no street coupling,Phase 2A historical_2005 normalized SWMM output,True,PILOT_SUBCATCHMENT_ASSIGNED,1,historical_2005,terra05-swmm-v1.0.0,GIS + Phase 2B SWMM; rainfall reconstructed,139_1057
34969,L,0,0.0,2,185.59205457899304,13.972888522677952,2.0,0.0018502678414689,1.0986122886681098,0.0,574.2214332289902,1982.641369054734,0.0,1.0,0.0,0.0,0,0.0,0.0,0.0,0.0,0.4,6.689,0.0,0.0,0.0,0,0,0,E001,2005-07-26 reconstructed 15-minute hyetograph; 108 intervals,944.181998744607,250.38599395751956,431.6999950408936,649.2999992370605,866.5999999046326,943.2999987602234,69.0719985961914,250.38599395751956,0.2819660305976867,0.0,9.807007789611816,3.513462543487549,831.9695680215954,831.9695680215954,,HYDRAULIC_PROXY; direct SWMM where mapped; street-surface states unavailable,UNVALIDATED_NO_EVENT_MATCHED_HYDRAULIC_OBSERVATIONS,RAINFALL_RECONSTRUCTED_15MIN; grid represents Phase 1 pilot coverage,Reconstructed E001 hyetograph; source rainfall is IMD three-hour observations,Unavailable; no street coupling,Phase 2A historical_2005 normalized SWMM output,True,PILOT_SUBCATCHMENT_ASSIGNED,1,historical_2005,terra05-swmm-v1.0.0,GIS + Phase 2B SWMM; rainfall reconstructed,139_1057
34970,L,0,0.0,2,165.69049072265625,25.67052968343099,2.0,0.0018502678414689,1.0986122886681098,0.0,483.3695215675076,2077.752015589868,0.0,1.0,0.0,0.0,3,300.0,0.0,0.0,0.0,0.4,6.031,0.0,0.0,0.0,0,0,0,E001,2005-07-26 reconstructed 15-minute hyetograph; 108 intervals,944.181998744607,250.38599395751956,431.6999950408936,649.2999992370605,866.5999999046326,943.2999987602234,69.0719985961914,250.38599395751956,7.955699920654297,43738.24553489685,15.431906700134276,2.571697950363159,832.30191854469,832.30191854469,,HYDRAULIC_PROXY; direct SWMM where mapped; street-surface states unavailable,UNVALIDATED_NO_EVENT_MATCHED_HYDRAULIC_OBSERVATIONS,RAINFALL_RECONSTRUCTED_15MIN; grid represents Phase 1 pilot coverage,Reconstructed E001 hyetograph; source rainfall is IMD three-hour observations,Unavailable; no street coupling,Phase 2A historical_2005 normalized SWMM output,True,PILOT_SUBCATCHMENT_ASSIGNED,1,historical_2005,terra05-swmm-v1.0.0,GIS + Phase 2B SWMM; rainfall reconstructed,139_1057
