grid_id,swmm_subcatchment_id,outlet_source_node_id,outlet_swmm_node_id,mapping_method,outlet_distance_m
22963,SC_22963,2175084101,N_2175084101_b4b5d69,nearest selected Existing-network node to projected cell centroid,78.5622359450901
22964,SC_22964,2175084101,N_2175084101_b4b5d69,nearest selected Existing-network node to projected cell centroid,161.09743920176288
23248,SC_23248,2175075903,N_2175075903_9d85d98,nearest selected Existing-network node to projected cell centroid,74.77195458160845
23249,SC_23249,2175086001,N_2175086001_d6cf941,nearest selected Existing-network node to projected cell centroid,49.088232720239056
23250,SC_23250,2175086001,N_2175086001_d6cf941,nearest selected Existing-network node to projected cell centroid,129.0949053685178
23251,SC_23251,2175084101,N_2175084101_b4b5d69,nearest selected Existing-network node to projected cell centroid,168.72879102024046
23252,SC_23252,2175084101,N_2175084101_b4b5d69,nearest selected Existing-network node to projected cell centroid,219.6582912612808
23253,SC_23253,2175086503,N_2175086503_f360a45,nearest selected Existing-network node to projected cell centroid,135.60317808472732
23536,SC_23536,2175086001,N_2175086001_d6cf941,nearest selected Existing-network node to projected cell centroid,164.32003710352367
23537,SC_23537,2175086001,N_2175086001_d6cf941,nearest selected Existing-network node to projected cell centroid,145.7975123046124
23538,SC_23538,2175086001,N_2175086001_d6cf941,nearest selected Existing-network node to projected cell centroid,188.44828095454685
23539,SC_23539,2175086001,N_2175086001_d6cf941,nearest selected Existing-network node to projected cell centroid,264.1374539803737
23540,SC_23540,2175086503,N_2175086503_f360a45,nearest selected Existing-network node to projected cell centroid,258.2011655834792
23541,SC_23541,2175086503,N_2175086503_f360a45,nearest selected Existing-network node to projected cell centroid,171.9683165849021
23542,SC_23542,2175086503,N_2175086503_f360a45,nearest selected Existing-network node to projected cell centroid,111.70658847813326
23543,SC_23543,2175086503,N_2175086503_f360a45,nearest selected Existing-network node to projected cell centroid,124.03072969954222
23823,SC_23823,2175078701,N_2175078701_f7ed602,nearest selected Existing-network node to projected cell centroid,193.2161362928384
23824,SC_23824,2175086001,N_2175086001_d6cf941,nearest selected Existing-network node to projected cell centroid,245.1615275626069
23825,SC_23825,2175086001,N_2175086001_d6cf941,nearest selected Existing-network node to projected cell centroid,272.6903272896585
23826,SC_23826,2175086001,N_2175086001_d6cf941,nearest selected Existing-network node to projected cell centroid,329.56919546257853
23827,SC_23827,2175086503,N_2175086503_f360a45,nearest selected Existing-network node to projected cell centroid,312.8141971059403
23828,SC_23828,2175086503,N_2175086503_f360a45,nearest selected Existing-network node to projected cell centroid,246.49134246746263
23829,SC_23829,2175086503,N_2175086503_f360a45,nearest selected Existing-network node to projected cell centroid,208.95751221669408
23830,SC_23830,2175087701,N_2175087701_307a8c8,nearest selected Existing-network node to projected cell centroid,172.05407366332366
23831,SC_23831,2175087701,N_2175087701_307a8c8,nearest selected Existing-network node to projected cell centroid,105.76665005733018
23832,SC_23832,2175087701,N_2175087701_307a8c8,nearest selected Existing-network node to projected cell centroid,113.00692131261287
24105,SC_24105,2175078701,N_2175078701_f7ed602,nearest selected Existing-network node to projected cell centroid,133.04869531949572
24106,SC_24106,2175078701,N_2175078701_f7ed602,nearest selected Existing-network node to projected cell centroid,215.24924001390556
24107,SC_24107,2175078701,N_2175078701_f7ed602,nearest selected Existing-network node to projected cell centroid,308.15988597951525
24108,SC_24108,2175086001,N_2175086001_d6cf941,nearest selected Existing-network node to projected cell centroid,364.9757178223756
24109,SC_24109,2175086001,N_2175086001_d6cf941,nearest selected Existing-network node to projected cell centroid,409.2225734248645
24110,SC_24110,2175086503,N_2175086503_f360a45,nearest selected Existing-network node to projected cell centroid,386.0538847277682
24111,SC_24111,2175086503,N_2175086503_f360a45,nearest selected Existing-network node to projected cell centroid,334.5786333790292
24112,SC_24112,2175086503,N_2175086503_f360a45,nearest selected Existing-network node to projected cell centroid,307.9742228079433
24113,SC_24113,2175087701,N_2175087701_307a8c8,nearest selected Existing-network node to projected cell centroid,242.9190487931153
24114,SC_24114,2175087701,N_2175087701_307a8c8,nearest selected Existing-network node to projected cell centroid,201.4786446915833
24115,SC_24115,2175087701,N_2175087701_307a8c8,nearest selected Existing-network node to projected cell centroid,205.3719169384232
24116,SC_24116,2175087701,N_2175087701_307a8c8,nearest selected Existing-network node to projected cell centroid,252.5106022866524
24117,SC_24117,2175087802,N_2175087802_d57e4ad,nearest selected Existing-network node to projected cell centroid,323.40113708871525
24118,SC_24118,2175087802,N_2175087802_d57e4ad,nearest selected Existing-network node to projected cell centroid,401.0673203728466
24387,SC_24387,2176071701,N_2176071701_9f759a2,nearest selected Existing-network node to projected cell centroid,115.49462398418324
24388,SC_24388,2176071702,N_2176071702_59a7195,nearest selected Existing-network node to projected cell centroid,208.56008647248544
24389,SC_24389,2176071703,N_2176071703_4e2b333,nearest selected Existing-network node to projected cell centroid,302.09362388095224
24390,SC_24390,2176071704,N_2176071704_56ea7ff,nearest selected Existing-network node to projected cell centroid,396.3257302501411
24391,SC_24391,2176072702,N_2176072702_71463f0,nearest selected Existing-network node to projected cell centroid,491.5264138862422
24392,SC_24392,2175086503,N_2175086503_f360a45,nearest selected Existing-network node to projected cell centroid,469.2786825712071
24393,SC_24393,2175086503,N_2175086503_f360a45,nearest selected Existing-network node to projected cell centroid,427.934272892632
24394,SC_24394,2175087701,N_2175087701_307a8c8,nearest selected Existing-network node to projected cell centroid,383.1876097537003
24395,SC_24395,2175087701,N_2175087701_307a8c8,nearest selected Existing-network node to projected cell centroid,329.2669498582563
24396,SC_24396,2175087701,N_2175087701_307a8c8,nearest selected Existing-network node to projected cell centroid,300.00117377964506
24397,SC_24397,2175087701,N_2175087701_307a8c8,nearest selected Existing-network node to projected cell centroid,302.6296156514926
24398,SC_24398,2175087701,N_2175087701_307a8c8,nearest selected Existing-network node to projected cell centroid,336.4055057063952
24399,SC_24399,2175087701,N_2175087701_307a8c8,nearest selected Existing-network node to projected cell centroid,393.3861261785688
24400,SC_24400,2175087802,N_2175087802_d57e4ad,nearest selected Existing-network node to projected cell centroid,464.8157866008655
24401,SC_24401,2175087802,N_2175087802_d57e4ad,nearest selected Existing-network node to projected cell centroid,540.6666398754069
24402,SC_24402,2175087802,N_2175087802_d57e4ad,nearest selected Existing-network node to projected cell centroid,623.3675604929603
24668,SC_24668,2176071704,N_2176071704_56ea7ff,nearest selected Existing-network node to projected cell centroid,80.09934119065112
24669,SC_24669,2176072704,N_2176072704_1014117,nearest selected Existing-network node to projected cell centroid,175.60683064511505
24670,SC_24670,2176072702,N_2176072702_71463f0,nearest selected Existing-network node to projected cell centroid,268.57735487062814
24671,SC_24671,2176072703,N_2176072703_95ff69c,nearest selected Existing-network node to projected cell centroid,363.0716515090196
24672,SC_24672,2176073801,N_2176073801_a5dacee,nearest selected Existing-network node to projected cell centroid,457.30849596723584
24673,SC_24673,2176086301,N_2176086301_5cf361c,nearest selected Existing-network node to projected cell centroid,489.3336168532845
24674,SC_24674,2176086302,N_2176086302_6929b9d,nearest selected Existing-network node to projected cell centroid,499.63061683800606
24675,SC_24675,2175087701,N_2175087701_307a8c8,nearest selected Existing-network node to projected cell centroid,465.0159182986768
24676,SC_24676,2175087701,N_2175087701_307a8c8,nearest selected Existing-network node to projected cell centroid,421.6915748166745
24677,SC_24677,2175087701,N_2175087701_307a8c8,nearest selected Existing-network node to projected cell centroid,399.2590190234559
24678,SC_24678,2175087701,N_2175087701_307a8c8,nearest selected Existing-network node to projected cell centroid,401.2377652611699
24679,SC_24679,2175087701,N_2175087701_307a8c8,nearest selected Existing-network node to projected cell centroid,427.28880663081145
24680,SC_24680,2175087701,N_2175087701_307a8c8,nearest selected Existing-network node to projected cell centroid,473.4550710175025
24681,SC_24681,2175087701,N_2175087701_307a8c8,nearest selected Existing-network node to projected cell centroid,534.5499829505129
24682,SC_24682,2175087701,N_2175087701_307a8c8,nearest selected Existing-network node to projected cell centroid,606.0756258690817
24683,SC_24683,2175087802,N_2175087802_d57e4ad,nearest selected Existing-network node to projected cell centroid,681.0182343206899
24684,SC_24684,2176100102,N_2176100102_06bd050,nearest selected Existing-network node to projected cell centroid,694.4975543119444
24685,SC_24685,2176100102,N_2176100102_06bd050,nearest selected Existing-network node to projected cell centroid,595.4577675584763
24692,SC_24692,2176101102,N_2176101102_5f7c28b,nearest selected Existing-network node to projected cell centroid,83.20839399556564
24693,SC_24693,2176101102,N_2176101102_5f7c28b,nearest selected Existing-network node to projected cell centroid,181.97669310076557
24694,SC_24694,2176100501,N_2176100501_68ba9bb,nearest selected Existing-network node to projected cell centroid,186.76234800522136
24695,SC_24695,2176100501,N_2176100501_68ba9bb,nearest selected Existing-network node to projected cell centroid,128.5924361423593
24945,SC_24945,2176072702,N_2176072702_71463f0,nearest selected Existing-network node to projected cell centroid,48.9237728533718
24946,SC_24946,2176072703,N_2176072703_95ff69c,nearest selected Existing-network node to projected cell centroid,47.547493414733154
24947,SC_24947,2176073801,N_2176073801_a5dacee,nearest selected Existing-network node to projected cell centroid,141.2046050397245
24948,SC_24948,2176073802,N_2176073802_480cb59,nearest selected Existing-network node to projected cell centroid,235.08662155083465
24949,SC_24949,2176073804,N_2176073804_1c0ec4a,nearest selected Existing-network node to projected cell centroid,329.11157861768123
24950,SC_24950,2176086202,N_2176086202_7ddaa94,nearest selected Existing-network node to projected cell centroid,390.30220388466086
24951,SC_24951,2176086301,N_2176086301_5cf361c,nearest selected Existing-network node to projected cell centroid,389.3879666670469
24952,SC_24952,2176086302,N_2176086302_6929b9d,nearest selected Existing-network node to projected cell centroid,401.441768236297
24953,SC_24953,2176086303,N_2176086303_526c342,nearest selected Existing-network node to projected cell centroid,432.1944905536931
24954,SC_24954,2176086303,N_2176086303_526c342,nearest selected Existing-network node to projected cell centroid,477.58249304750495
24955,SC_24955,2175087701,N_2175087701_307a8c8,nearest selected Existing-network node to projected cell centroid,498.81341629308633
24956,SC_24956,2175087701,N_2175087701_307a8c8,nearest selected Existing-network node to projected cell centroid,500.3986453560653
24957,SC_24957,2175087701,N_2175087701_307a8c8,nearest selected Existing-network node to projected cell centroid,521.5196873315432
24958,SC_24958,2175087701,N_2175087701_307a8c8,nearest selected Existing-network node to projected cell centroid,559.9703244588912
24959,SC_24959,2176098001,N_2176098001_d21d76b,nearest selected Existing-network node to projected cell centroid,599.7684156879454
24960,SC_24960,2176098001,N_2176098001_d21d76b,nearest selected Existing-network node to projected cell centroid,630.1412480210486
24961,SC_24961,2176098001,N_2176098001_d21d76b,nearest selected Existing-network node to projected cell centroid,674.1170762250583
24962,SC_24962,2176100102,N_2176100102_06bd050,nearest selected Existing-network node to projected cell centroid,714.2173009297627
24963,SC_24963,2176100102,N_2176100102_06bd050,nearest selected Existing-network node to projected cell centroid,618.344121786443
24964,SC_24964,2176100102,N_2176100102_06bd050,nearest selected Existing-network node to projected cell centroid,524.0157945599537
24965,SC_24965,2176100102,N_2176100102_06bd050,nearest selected Existing-network node to projected cell centroid,432.2448992744182
24966,SC_24966,2176101101,N_2176101101_c5fc24d,nearest selected Existing-network node to projected cell centroid,339.78967978991165
24967,SC_24967,2176101102,N_2176101102_5f7c28b,nearest selected Existing-network node to projected cell centroid,249.38118780727663
24968,SC_24968,2176101102,N_2176101102_5f7c28b,nearest selected Existing-network node to projected cell centroid,168.47212479439173
24969,SC_24969,2176101102,N_2176101102_5f7c28b,nearest selected Existing-network node to projected cell centroid,120.72587474649346
24970,SC_24970,2176101102,N_2176101102_5f7c28b,nearest selected Existing-network node to projected cell centroid,144.10626923862458
24971,SC_24971,2176101102,N_2176101102_5f7c28b,nearest selected Existing-network node to projected cell centroid,216.6990928325356
24972,SC_24972,2176100501,N_2176100501_68ba9bb,nearest selected Existing-network node to projected cell centroid,263.07305950029814
24973,SC_24973,2176100501,N_2176100501_68ba9bb,nearest selected Existing-network node to projected cell centroid,225.52887760872392
24974,SC_24974,2176100501,N_2176100501_68ba9bb,nearest selected Existing-network node to projected cell centroid,229.1704925073342
25224,SC_25224,2176073802,N_2176073802_480cb59,nearest selected Existing-network node to projected cell centroid,81.38009358813164
25225,SC_25225,2176073804,N_2176073804_1c0ec4a,nearest selected Existing-network node to projected cell centroid,13.419060373747929
25226,SC_25226,2176073806,N_2176073806_afc4d43,nearest selected Existing-network node to projected cell centroid,106.80409483816688
25227,SC_25227,2176074802,N_2176074802_098b0d7,nearest selected Existing-network node to projected cell centroid,202.09337231381397
25228,SC_25228,2176074803,N_2176074803_6da0216,nearest selected Existing-network node to projected cell centroid,297.0349886437329
25229,SC_25229,2176086202,N_2176086202_7ddaa94,nearest selected Existing-network node to projected cell centroid,290.5946151599581
25230,SC_25230,2176086301,N_2176086301_5cf361c,nearest selected Existing-network node to projected cell centroid,289.47985869050933
25231,SC_25231,2176086302,N_2176086302_6929b9d,nearest selected Existing-network node to projected cell centroid,304.4342840211055
25232,SC_25232,2176086303,N_2176086303_526c342,nearest selected Existing-network node to projected cell centroid,340.9053206793255
25233,SC_25233,2176086303,N_2176086303_526c342,nearest selected Existing-network node to projected cell centroid,396.874536431827
25234,SC_25234,2176086401,N_2176086401_7b3c66b,nearest selected Existing-network node to projected cell centroid,463.2446275627167
25235,SC_25235,2176088901,N_2176088901_cc3f2c4,nearest selected Existing-network node to projected cell centroid,503.334163762564
25236,SC_25236,2176088901,N_2176088901_cc3f2c4,nearest selected Existing-network node to projected cell centroid,487.88633964404113
25237,SC_25237,2176098001,N_2176098001_d21d76b,nearest selected Existing-network node to projected cell centroid,485.35922002018975
25238,SC_25238,2176098001,N_2176098001_d21d76b,nearest selected Existing-network node to projected cell centroid,502.9208809139897
25239,SC_25239,2176098001,N_2176098001_d21d76b,nearest selected Existing-network node to projected cell centroid,538.781265876979
25240,SC_25240,2176098001,N_2176098001_d21d76b,nearest selected Existing-network node to projected cell centroid,589.610967045811
25241,SC_25241,2176098001,N_2176098001_d21d76b,nearest selected Existing-network node to projected cell centroid,651.917887821306
25242,SC_25242,2176101101,N_2176101101_c5fc24d,nearest selected Existing-network node to projected cell centroid,655.5012025101264
25243,SC_25243,2176101101,N_2176101101_c5fc24d,nearest selected Existing-network node to projected cell centroid,563.1331338972172
25244,SC_25244,2176101102,N_2176101102_5f7c28b,nearest selected Existing-network node to projected cell centroid,472.9166912190603
25245,SC_25245,2176101102,N_2176101102_5f7c28b,nearest selected Existing-network node to projected cell centroid,387.0944030002926
25246,SC_25246,2176101102,N_2176101102_5f7c28b,nearest selected Existing-network node to projected cell centroid,309.8934604581417
25247,SC_25247,2176101102,N_2176101102_5f7c28b,nearest selected Existing-network node to projected cell centroid,249.4510710245413
25248,SC_25248,2176101102,N_2176101102_5f7c28b,nearest selected Existing-network node to projected cell centroid,220.04026185191583
25249,SC_25249,2176101102,N_2176101102_5f7c28b,nearest selected Existing-network node to projected cell centroid,233.68696334290584
25250,SC_25250,2176101102,N_2176101102_5f7c28b,nearest selected Existing-network node to projected cell centroid,284.25600580638144
25251,SC_25251,2176100501,N_2176100501_68ba9bb,nearest selected Existing-network node to projected cell centroid,351.47502704640544
25252,SC_25252,2176100501,N_2176100501_68ba9bb,nearest selected Existing-network node to projected cell centroid,324.33090299549747
25253,SC_25253,2176106601,N_2176106601_62e551d,nearest selected Existing-network node to projected cell centroid,321.1531664522006
25501,SC_25501,2176076601,N_2176076601_c2ace87,nearest selected Existing-network node to projected cell centroid,196.9688063806446
25502,SC_25502,2176074802,N_2176074802_098b0d7,nearest selected Existing-network node to projected cell centroid,114.13549463014674
25503,SC_25503,2176074803,N_2176074803_6da0216,nearest selected Existing-network node to projected cell centroid,19.247453854931923
25504,SC_25504,2176075801,N_2176075801_0e27744,nearest selected Existing-network node to projected cell centroid,78.2537542081217
25505,SC_25505,2176075801,N_2176075801_0e27744,nearest selected Existing-network node to projected cell centroid,168.43713975372444
25506,SC_25506,2176086101,N_2176086101_a38cf1c,nearest selected Existing-network node to projected cell centroid,206.29287197932925
25507,SC_25507,2176086202,N_2176086202_7ddaa94,nearest selected Existing-network node to projected cell centroid,191.19270478421765
25508,SC_25508,2176086301,N_2176086301_5cf361c,nearest selected Existing-network node to projected cell centroid,189.6686283755364
25509,SC_25509,2176086302,N_2176086302_6929b9d,nearest selected Existing-network node to projected cell centroid,210.24978784817228
25510,SC_25510,2176086303,N_2176086303_526c342,nearest selected Existing-network node to projected cell centroid,256.2046011881543
25511,SC_25511,2176086401,N_2176086401_7b3c66b,nearest selected Existing-network node to projected cell centroid,321.86003940795166
25512,SC_25512,2176087402,N_2176087402_64d4229,nearest selected Existing-network node to projected cell centroid,387.51881067606047
25513,SC_25513,2176088901,N_2176088901_cc3f2c4,nearest selected Existing-network node to projected cell centroid,407.3238520063719
25514,SC_25514,2176088901,N_2176088901_cc3f2c4,nearest selected Existing-network node to projected cell centroid,388.07282874997816
25515,SC_25515,2176098001,N_2176098001_d21d76b,nearest selected Existing-network node to projected cell centroid,385.7211848746218
25516,SC_25516,2176098001,N_2176098001_d21d76b,nearest selected Existing-network node to projected cell centroid,407.5986659224717
25517,SC_25517,2176098001,N_2176098001_d21d76b,nearest selected Existing-network node to projected cell centroid,451.10144364929175
25518,SC_25518,2176098001,N_2176098001_d21d76b,nearest selected Existing-network node to projected cell centroid,510.7331519131802
25519,SC_25519,2176098001,N_2176098001_d21d76b,nearest selected Existing-network node to projected cell centroid,581.5532584930361
25520,SC_25520,2176099901,N_2176099901_2949adf,nearest selected Existing-network node to projected cell centroid,646.1337387800846
25521,SC_25521,2176099901,N_2176099901_2949adf,nearest selected Existing-network node to projected cell centroid,590.9341320236379
25522,SC_25522,2176101102,N_2176101102_5f7c28b,nearest selected Existing-network node to projected cell centroid,526.7762113422906
25523,SC_25523,2176101102,N_2176101102_5f7c28b,nearest selected Existing-network node to projected cell centroid,451.3148090155104
25524,SC_25524,2176101102,N_2176101102_5f7c28b,nearest selected Existing-network node to projected cell centroid,387.1394281615805
25525,SC_25525,2176101102,N_2176101102_5f7c28b,nearest selected Existing-network node to projected cell centroid,340.68873893606235
25526,SC_25526,2176101102,N_2176101102_5f7c28b,nearest selected Existing-network node to projected cell centroid,319.78226473401145
25527,SC_25527,2176101102,N_2176101102_5f7c28b,nearest selected Existing-network node to projected cell centroid,329.32138837157584
25528,SC_25528,2176106601,N_2176106601_62e551d,nearest selected Existing-network node to projected cell centroid,341.17311782006425
25529,SC_25529,2176106601,N_2176106601_62e551d,nearest selected Existing-network node to projected cell centroid,272.1303664122525
25530,SC_25530,2176106601,N_2176106601_62e551d,nearest selected Existing-network node to projected cell centroid,227.4000358932913
25531,SC_25531,2176106601,N_2176106601_62e551d,nearest selected Existing-network node to projected cell centroid,222.18599488913225
25532,SC_25532,2176105901,N_2176105901_8e4a718,nearest selected Existing-network node to projected cell centroid,207.9103708027108
25778,SC_25778,2176076602,N_2176076602_0e22cfc,nearest selected Existing-network node to projected cell centroid,99.46816533562836
25779,SC_25779,2176076701,N_2176076701_cdfd89d,nearest selected Existing-network node to projected cell centroid,93.07584352528148
25780,SC_25780,2176075802,N_2176075802_7265b2c,nearest selected Existing-network node to projected cell centroid,54.2490964970871
25781,SC_25781,2176075803,N_2176075803_5ac6f74,nearest selected Existing-network node to projected cell centroid,40.55995498827164
25782,SC_25782,2176086001,N_2176086001_5cc4aa8,nearest selected Existing-network node to projected cell centroid,120.7268353588184
25783,SC_25783,2176086101,N_2176086101_a38cf1c,nearest selected Existing-network node to projected cell centroid,109.3674953180258
25784,SC_25784,2176086203,N_2176086203_2aca2bf,nearest selected Existing-network node to projected cell centroid,92.79386149155329
25785,SC_25785,2176086301,N_2176086301_5cf361c,nearest selected Existing-network node to projected cell centroid,90.2761795394412
25786,SC_25786,2176086303,N_2176086303_526c342,nearest selected Existing-network node to projected cell centroid,117.35500701710536
25787,SC_25787,2176086401,N_2176086401_7b3c66b,nearest selected Existing-network node to projected cell centroid,180.53305783057124
25788,SC_25788,2176087402,N_2176087402_64d4229,nearest selected Existing-network node to projected cell centroid,246.1724367790103
25789,SC_25789,2176087403,N_2176087403_6b00b44,nearest selected Existing-network node to projected cell centroid,318.94759779268253
25790,SC_25790,2176088902,N_2176088902_9d88842,nearest selected Existing-network node to projected cell centroid,311.2318779013838
25791,SC_25791,2176088901,N_2176088901_cc3f2c4,nearest selected Existing-network node to projected cell centroid,288.3885580545093
25792,SC_25792,2176098001,N_2176098001_d21d76b,nearest selected Existing-network node to projected cell centroid,286.33562905017146
25793,SC_25793,2176098001,N_2176098001_d21d76b,nearest selected Existing-network node to projected cell centroid,315.1887251540795
25794,SC_25794,2176098001,N_2176098001_d21d76b,nearest selected Existing-network node to projected cell centroid,369.72932324195
25795,SC_25795,2176098001,N_2176098001_d21d76b,nearest selected Existing-network node to projected cell centroid,440.5174371868233
25796,SC_25796,2176098001,N_2176098001_d21d76b,nearest selected Existing-network node to projected cell centroid,520.9716426700625
25797,SC_25797,2176099901,N_2176099901_2949adf,nearest selected Existing-network node to projected cell centroid,569.8016219638286
25798,SC_25798,2176099901,N_2176099901_2949adf,nearest selected Existing-network node to projected cell centroid,506.34793215062047
25799,SC_25799,2176099901,N_2176099901_2949adf,nearest selected Existing-network node to projected cell centroid,456.1826042209512
25800,SC_25800,2176099901,N_2176099901_2949adf,nearest selected Existing-network node to projected cell centroid,424.04823828711824
25801,SC_25801,2176099901,N_2176099901_2949adf,nearest selected Existing-network node to projected cell centroid,414.16331126140113
25802,SC_25802,2176099901,N_2176099901_2949adf,nearest selected Existing-network node to projected cell centroid,428.0719430137975
25803,SC_25803,2176101102,N_2176101102_5f7c28b,nearest selected Existing-network node to projected cell centroid,419.6470860627618
25804,SC_25804,2176106601,N_2176106601_62e551d,nearest selected Existing-network node to projected cell centroid,380.74993936317145
25805,SC_25805,2176106601,N_2176106601_62e551d,nearest selected Existing-network node to projected cell centroid,287.4480062996821
25806,SC_25806,2176106601,N_2176106601_62e551d,nearest selected Existing-network node to projected cell centroid,200.70425089236508
25807,SC_25807,2176106601,N_2176106601_62e551d,nearest selected Existing-network node to projected cell centroid,133.93295459620376
25808,SC_25808,2176106601,N_2176106601_62e551d,nearest selected Existing-network node to projected cell centroid,124.87544325235496
25809,SC_25809,2176106603,N_2176106603_7914d1d,nearest selected Existing-network node to projected cell centroid,178.32952948917017
25810,SC_25810,2176105901,N_2176105901_8e4a718,nearest selected Existing-network node to projected cell centroid,100.44810745142937
26054,SC_26054,2176076502,N_2176076502_fa0a3e2,nearest selected Existing-network node to projected cell centroid,37.0199252454565
26055,SC_26055,2176076603,N_2176076603_5ddb875,nearest selected Existing-network node to projected cell centroid,6.441562590255917
26057,SC_26057,2176076801,N_2176076801_2040d1c,nearest selected Existing-network node to projected cell centroid,48.13434842388023
26058,SC_26058,2176076903,N_2176076903_c0208e6,nearest selected Existing-network node to projected cell centroid,13.334300135183724
26059,SC_26059,2176086001,N_2176086001_5cc4aa8,nearest selected Existing-network node to projected cell centroid,22.707020464950315
26060,SC_26060,2176086102,N_2176086102_931c4ca,nearest selected Existing-network node to projected cell centroid,12.32255035190946
26061,SC_26061,2176086203,N_2176086203_2aca2bf,nearest selected Existing-network node to projected cell centroid,8.453445042418956
26062,SC_26062,2176086302,N_2176086302_6929b9d,nearest selected Existing-network node to projected cell centroid,16.976845857600463
26063,SC_26063,2176086401,N_2176086401_7b3c66b,nearest selected Existing-network node to projected cell centroid,39.88088478989083
26064,SC_26064,2176087402,N_2176087402_64d4229,nearest selected Existing-network node to projected cell centroid,105.0281325723886
26065,SC_26065,2176087403,N_2176087403_6b00b44,nearest selected Existing-network node to projected cell centroid,178.72137572130296
26066,SC_26066,2176088802,N_2176088802_b897a7c,nearest selected Existing-network node to projected cell centroid,248.50919413967912
26067,SC_26067,2176088902,N_2176088902_9d88842,nearest selected Existing-network node to projected cell centroid,216.68535212280327
26068,SC_26068,2176088901,N_2176088901_cc3f2c4,nearest selected Existing-network node to projected cell centroid,189.0380925091773
26069,SC_26069,2176098001,N_2176098001_d21d76b,nearest selected Existing-network node to projected cell centroid,187.60424426444257
26070,SC_26070,2176098001,N_2176098001_d21d76b,nearest selected Existing-network node to projected cell centroid,229.24046864968915
26071,SC_26071,2176098001,N_2176098001_d21d76b,nearest selected Existing-network node to projected cell centroid,299.8450140779826
26072,SC_26072,2176098001,N_2176098001_d21d76b,nearest selected Existing-network node to projected cell centroid,383.7484494667335
26073,SC_26073,2176098001,N_2176098001_d21d76b,nearest selected Existing-network node to projected cell centroid,473.9395662622172
26074,SC_26074,2177090802,N_2177090802_e63eda5,nearest selected Existing-network node to projected cell centroid,497.2531423052882
26075,SC_26075,2176099901,N_2176099901_2949adf,nearest selected Existing-network node to projected cell centroid,428.4545581457716
26076,SC_26076,2176099901,N_2176099901_2949adf,nearest selected Existing-network node to projected cell centroid,367.81469301332703
26077,SC_26077,2176099901,N_2176099901_2949adf,nearest selected Existing-network node to projected cell centroid,327.111584015436
26078,SC_26078,2176099901,N_2176099901_2949adf,nearest selected Existing-network node to projected cell centroid,314.19154730464544
26079,SC_26079,2176099901,N_2176099901_2949adf,nearest selected Existing-network node to projected cell centroid,332.3111018282219
26080,SC_26080,2176109301,N_2176109301_1b777ce,nearest selected Existing-network node to projected cell centroid,376.04109743608257
26081,SC_26081,2176109301,N_2176109301_1b777ce,nearest selected Existing-network node to projected cell centroid,331.00263890418864
26082,SC_26082,2176106601,N_2176106601_62e551d,nearest selected Existing-network node to projected cell centroid,262.39972623511005
26083,SC_26083,2176106601,N_2176106601_62e551d,nearest selected Existing-network node to projected cell centroid,162.8172482535682
26084,SC_26084,2176106601,N_2176106601_62e551d,nearest selected Existing-network node to projected cell centroid,64.53910697761017
26085,SC_26085,2176106602,N_2176106602_0cbc3ed,nearest selected Existing-network node to projected cell centroid,38.18714508505445
26086,SC_26086,2176107602,N_2176107602_79bd1fd,nearest selected Existing-network node to projected cell centroid,97.15415487111534
26087,SC_26087,2176106801,N_2176106801_bf8d0f2,nearest selected Existing-network node to projected cell centroid,39.721522998639685
26336,SC_26336,2176086001,N_2176086001_5cc4aa8,nearest selected Existing-network node to projected cell centroid,80.35078581467702
26337,SC_26337,2176086103,N_2176086103_2bf23f1,nearest selected Existing-network node to projected cell centroid,84.79507291930342
26338,SC_26338,2176086203,N_2176086203_2aca2bf,nearest selected Existing-network node to projected cell centroid,107.38817782073043
26339,SC_26339,2176086401,N_2176086401_7b3c66b,nearest selected Existing-network node to projected cell centroid,102.90182201298823
26340,SC_26340,2176087401,N_2176087401_b77efbf,nearest selected Existing-network node to projected cell centroid,37.677395333752806
26341,SC_26341,2176087501,N_2176087501_49b2d2f,nearest selected Existing-network node to projected cell centroid,39.898352763191326
26342,SC_26342,2176088502,N_2176088502_f037251,nearest selected Existing-network node to projected cell centroid,118.19659225768363
26343,SC_26343,2176088701,N_2176088701_ba542e6,nearest selected Existing-network node to projected cell centroid,154.60033898208732
26344,SC_26344,2176088801,N_2176088801_16b37d2,nearest selected Existing-network node to projected cell centroid,120.59199898119655
26345,SC_26345,2176088901,N_2176088901_cc3f2c4,nearest selected Existing-network node to projected cell centroid,91.1199233003271
26346,SC_26346,2176098001,N_2176098001_d21d76b,nearest selected Existing-network node to projected cell centroid,91.66576497530508
26347,SC_26347,2176098001,N_2176098001_d21d76b,nearest selected Existing-network node to projected cell centroid,160.49440011789926
26348,SC_26348,2176098001,N_2176098001_d21d76b,nearest selected Existing-network node to projected cell centroid,251.2255808429962
26349,SC_26349,2176098001,N_2176098001_d21d76b,nearest selected Existing-network node to projected cell centroid,347.0880759556532
26350,SC_26350,2176098001,N_2176098001_d21d76b,nearest selected Existing-network node to projected cell centroid,444.7763173453526
26351,SC_26351,2177090804,N_2177090804_3926b73,nearest selected Existing-network node to projected cell centroid,422.9748359333592
26352,SC_26352,2177090801,N_2177090801_a03e9cd,nearest selected Existing-network node to projected cell centroid,356.41931595164453
26353,SC_26353,2176099901,N_2176099901_2949adf,nearest selected Existing-network node to projected cell centroid,287.18065463949176
26354,SC_26354,2176099901,N_2176099901_2949adf,nearest selected Existing-network node to projected cell centroid,232.7811598900707
26355,SC_26355,2176099901,N_2176099901_2949adf,nearest selected Existing-network node to projected cell centroid,214.2461397560439
26356,SC_26356,2176099901,N_2176099901_2949adf,nearest selected Existing-network node to projected cell centroid,240.03280692639893
26357,SC_26357,2176109301,N_2176109301_1b777ce,nearest selected Existing-network node to projected cell centroid,298.1847866064542
26358,SC_26358,2176109301,N_2176109301_1b777ce,nearest selected Existing-network node to projected cell centroid,238.8932961891982
26359,SC_26359,2176109301,N_2176109301_1b777ce,nearest selected Existing-network node to projected cell centroid,212.66369451493907
26360,SC_26360,2176106601,N_2176106601_62e551d,nearest selected Existing-network node to projected cell centroid,180.93290560719652
26361,SC_26361,2176106601,N_2176106601_62e551d,nearest selected Existing-network node to projected cell centroid,101.94388815454334
26362,SC_26362,2176107601,N_2176107601_d6fa215,nearest selected Existing-network node to projected cell centroid,44.16707089284972
26363,SC_26363,2176107702,N_2176107702_f4322de,nearest selected Existing-network node to projected cell centroid,19.012038027409083
26364,SC_26364,2176107801,N_2176107801_5ebb080,nearest selected Existing-network node to projected cell centroid,22.205902531146634
26368,SC_26368,2176118001,N_2176118001_39083b9,nearest selected Existing-network node to projected cell centroid,233.76908783987076
26369,SC_26369,2176118502,N_2176118502_221d21f,nearest selected Existing-network node to projected cell centroid,253.8230132066298
26370,SC_26370,2176118501,N_2176118501_30ef276,nearest selected Existing-network node to projected cell centroid,157.95627919342292
26613,SC_26613,2176086003,N_2176086003_11b71e7,nearest selected Existing-network node to projected cell centroid,179.93227911592817
26614,SC_26614,2176086004,N_2176086004_94a18e3,nearest selected Existing-network node to projected cell centroid,182.09605963742703
26615,SC_26615,2176086204,N_2176086204_da92bfd,nearest selected Existing-network node to projected cell centroid,205.6571490616331
26616,SC_26616,2176087401,N_2176087401_b77efbf,nearest selected Existing-network node to projected cell centroid,174.71853399450896
26617,SC_26617,2176087501,N_2176087501_49b2d2f,nearest selected Existing-network node to projected cell centroid,101.55382097758526
26618,SC_26618,2176088503,N_2176088503_630d152,nearest selected Existing-network node to projected cell centroid,26.15619941599665
26619,SC_26619,2176088601,N_2176088601_6c16cc9,nearest selected Existing-network node to projected cell centroid,55.97673836659515
26620,SC_26620,2176088701,N_2176088701_ba542e6,nearest selected Existing-network node to projected cell centroid,69.0527683430419
26621,SC_26621,2176088802,N_2176088802_b897a7c,nearest selected Existing-network node to projected cell centroid,27.76219691840266
26622,SC_26622,2176088902,N_2176088902_9d88842,nearest selected Existing-network node to projected cell centroid,15.5853081605205
26623,SC_26623,2176098001,N_2176098001_d21d76b,nearest selected Existing-network node to projected cell centroid,40.12321610966767
26624,SC_26624,2176098001,N_2176098001_d21d76b,nearest selected Existing-network node to projected cell centroid,137.7160574213464
26625,SC_26625,2176098001,N_2176098001_d21d76b,nearest selected Existing-network node to projected cell centroid,237.32162242909104
26626,SC_26626,2176098001,N_2176098001_d21d76b,nearest selected Existing-network node to projected cell centroid,337.1607813389223
26627,SC_26627,2177092501,N_2177092501_2349ecf,nearest selected Existing-network node to projected cell centroid,395.8245789536523
26628,SC_26628,2177090701,N_2177090701_c78889e,nearest selected Existing-network node to projected cell centroid,350.3960829086479
26629,SC_26629,2177090803,N_2177090803_0c0163c,nearest selected Existing-network node to projected cell centroid,281.72327479005105
26630,SC_26630,2177090801,N_2177090801_a03e9cd,nearest selected Existing-network node to projected cell centroid,215.07312427836345
26631,SC_26631,2176099901,N_2176099901_2949adf,nearest selected Existing-network node to projected cell centroid,146.19216258899
26632,SC_26632,2176099901,N_2176099901_2949adf,nearest selected Existing-network node to projected cell centroid,114.39619050932296
26633,SC_26633,2176099901,N_2176099901_2949adf,nearest selected Existing-network node to projected cell centroid,157.4827876424752
26634,SC_26634,2176109301,N_2176109301_1b777ce,nearest selected Existing-network node to projected cell centroid,237.53194935869132
26635,SC_26635,2176109301,N_2176109301_1b777ce,nearest selected Existing-network node to projected cell centroid,156.7713844001617
26636,SC_26636,2176109301,N_2176109301_1b777ce,nearest selected Existing-network node to projected cell centroid,112.84106950639298
26637,SC_26637,2176109301,N_2176109301_1b777ce,nearest selected Existing-network node to projected cell centroid,144.5300901817679
26638,SC_26638,2176107601,N_2176107601_d6fa215,nearest selected Existing-network node to projected cell centroid,182.65308689720248
26639,SC_26639,2176107701,N_2176107701_5656f59,nearest selected Existing-network node to projected cell centroid,122.84248675777178
26640,SC_26640,2176108703,N_2176108703_1fbd9f6,nearest selected Existing-network node to projected cell centroid,34.134541186714166
26641,SC_26641,2176108701,N_2176108701_1a50e7b,nearest selected Existing-network node to projected cell centroid,56.00275035981357
26642,SC_26642,2176118001,N_2176118001_39083b9,nearest selected Existing-network node to projected cell centroid,84.54422765689857
26643,SC_26643,2176118003,N_2176118003_eb21573,nearest selected Existing-network node to projected cell centroid,12.696558997952872
26644,SC_26644,2176118004,N_2176118004_79d834f,nearest selected Existing-network node to projected cell centroid,106.66293184552224
26645,SC_26645,2176118004,N_2176118004_79d834f,nearest selected Existing-network node to projected cell centroid,203.4030998542964
26646,SC_26646,2176118502,N_2176118502_221d21f,nearest selected Existing-network node to projected cell centroid,234.77581228847063
26647,SC_26647,2176118502,N_2176118502_221d21f,nearest selected Existing-network node to projected cell centroid,134.7948145747633
26648,SC_26648,2176118502,N_2176118502_221d21f,nearest selected Existing-network node to projected cell centroid,34.9228011015501
26649,SC_26649,2176118503,N_2176118503_c10c827,nearest selected Existing-network node to projected cell centroid,53.97526409315032
26650,SC_26650,2176118503,N_2176118503_c10c827,nearest selected Existing-network node to projected cell centroid,149.08671682789492
26651,SC_26651,2176118503,N_2176118503_c10c827,nearest selected Existing-network node to projected cell centroid,248.0733140325991
26652,SC_26652,2177110601,N_2177110601_26a2074,nearest selected Existing-network node to projected cell centroid,333.544431168534
26653,SC_26653,2177110601,N_2177110601_26a2074,nearest selected Existing-network node to projected cell centroid,421.4720009255016
26654,SC_26654,2177110601,N_2177110601_26a2074,nearest selected Existing-network node to projected cell centroid,513.8340272546683
26655,SC_26655,2177110601,N_2177110601_26a2074,nearest selected Existing-network node to projected cell centroid,608.6149583812054
26656,SC_26656,2177120801,N_2177120801_2c22465,nearest selected Existing-network node to projected cell centroid,527.197511461368
26657,SC_26657,2177120801,N_2177120801_2c22465,nearest selected Existing-network node to projected cell centroid,438.700736370231
26658,SC_26658,2177120801,N_2177120801_2c22465,nearest selected Existing-network node to projected cell centroid,356.3417686610801
26664,SC_26664,2176138203,N_2176138203_88f3c46,nearest selected Existing-network node to projected cell centroid,75.64865392968242
26888,SC_26888,2177070903,N_2177070903_ca91bbb,nearest selected Existing-network node to projected cell centroid,137.55205199437182
26889,SC_26889,2177081202,N_2177081202_94efd71,nearest selected Existing-network node to projected cell centroid,189.33286874078277
26890,SC_26890,2177080304,N_2177080304_f17e8e9,nearest selected Existing-network node to projected cell centroid,148.0493819335584
26891,SC_26891,2177080301,N_2177080301_b6e9bb1,nearest selected Existing-network node to projected cell centroid,111.28296678267272
26892,SC_26892,2177080402,N_2177080402_969d5bf,nearest selected Existing-network node to projected cell centroid,73.61974804408406
26893,SC_26893,2176089502,N_2176089502_d486bff,nearest selected Existing-network node to projected cell centroid,42.85462365973271
26894,SC_26894,2176089605,N_2176089605_6d3dd75,nearest selected Existing-network node to projected cell centroid,10.736289956843816
26895,SC_26895,2176089701,N_2176089701_d08f7d5,nearest selected Existing-network node to projected cell centroid,32.257485189424806
26896,SC_26896,2176088802,N_2176088802_b897a7c,nearest selected Existing-network node to projected cell centroid,72.24624267268746
26897,SC_26897,2176088902,N_2176088902_9d88842,nearest selected Existing-network node to projected cell centroid,101.63740371054234
26898,SC_26898,2176098001,N_2176098001_d21d76b,nearest selected Existing-network node to projected cell centroid,121.72564427210204
26899,SC_26899,2176098001,N_2176098001_d21d76b,nearest selected Existing-network node to projected cell centroid,179.36825938318856
26900,SC_26900,2176098001,N_2176098001_d21d76b,nearest selected Existing-network node to projected cell centroid,263.6831668401517
26901,SC_26901,2177092401,N_2177092401_7537805,nearest selected Existing-network node to projected cell centroid,355.0141802155396
26902,SC_26902,2177092501,N_2177092501_2349ecf,nearest selected Existing-network node to projected cell centroid,303.6329647889228
26903,SC_26903,2177091704,N_2177091704_fe7e7bb,nearest selected Existing-network node to projected cell centroid,272.52572527011176
26904,SC_26904,2177090701,N_2177090701_c78889e,nearest selected Existing-network node to projected cell centroid,209.01740339227155
26905,SC_26905,2177090803,N_2177090803_0c0163c,nearest selected Existing-network node to projected cell centroid,140.30482372815757
26906,SC_26906,2177090801,N_2177090801_a03e9cd,nearest selected Existing-network node to projected cell centroid,74.01465253768696
26907,SC_26907,2176099901,N_2176099901_2949adf,nearest selected Existing-network node to projected cell centroid,16.479332684436464
26908,SC_26908,2176099901,N_2176099901_2949adf,nearest selected Existing-network node to projected cell centroid,109.48017357642414
26909,SC_26909,2177100301,N_2177100301_bf71906,nearest selected Existing-network node to projected cell centroid,208.02104121342865
26910,SC_26910,2176109301,N_2176109301_1b777ce,nearest selected Existing-network node to projected cell centroid,109.92964554362284
26911,SC_26911,2176109301,N_2176109301_1b777ce,nearest selected Existing-network node to projected cell centroid,15.503772765036915
26912,SC_26912,2176109301,N_2176109301_1b777ce,nearest selected Existing-network node to projected cell centroid,91.6308188905526
26913,SC_26913,2176109301,N_2176109301_1b777ce,nearest selected Existing-network node to projected cell centroid,191.1858963709316
26914,SC_26914,2176109702,N_2176109702_db64615,nearest selected Existing-network node to projected cell centroid,126.06961324967902
26915,SC_26915,2176109703,N_2176109703_e06719e,nearest selected Existing-network node to projected cell centroid,30.606669755672456
26916,SC_26916,2176109704,N_2176109704_37204f3,nearest selected Existing-network node to projected cell centroid,63.87303967696995
26917,SC_26917,2176119001,N_2176119001_348a82b,nearest selected Existing-network node to projected cell centroid,109.50217171719476
26918,SC_26918,2176119002,N_2176119002_4416c31,nearest selected Existing-network node to projected cell centroid,15.72478865599342
26919,SC_26919,2177110003,N_2177110003_ab1158a,nearest selected Existing-network node to projected cell centroid,85.46805092370191
26920,SC_26920,2177110102,N_2177110102_cba2c39,nearest selected Existing-network node to projected cell centroid,142.27366013314574
26921,SC_26921,2177111202,N_2177111202_77d0ffa,nearest selected Existing-network node to projected cell centroid,191.0137963768561
26922,SC_26922,2177110501,N_2177110501_d9cae41,nearest selected Existing-network node to projected cell centroid,157.0812214825366
26923,SC_26923,2177110501,N_2177110501_d9cae41,nearest selected Existing-network node to projected cell centroid,78.47808702518118
26924,SC_26924,2177110601,N_2177110601_26a2074,nearest selected Existing-network node to projected cell centroid,80.28703235460489
26925,SC_26925,2177110601,N_2177110601_26a2074,nearest selected Existing-network node to projected cell centroid,113.28180597481004
26926,SC_26926,2177110601,N_2177110601_26a2074,nearest selected Existing-network node to projected cell centroid,198.03920714222133
26927,SC_26927,2177110601,N_2177110601_26a2074,nearest selected Existing-network node to projected cell centroid,292.58552179854144
26928,SC_26928,2177110601,N_2177110601_26a2074,nearest selected Existing-network node to projected cell centroid,389.86285738286216
26929,SC_26929,2177110601,N_2177110601_26a2074,nearest selected Existing-network node to projected cell centroid,488.24154633473694
26930,SC_26930,2177113803,N_2177113803_64e8895,nearest selected Existing-network node to projected cell centroid,548.5574179916296
26931,SC_26931,2177120801,N_2177120801_2c22465,nearest selected Existing-network node to projected cell centroid,493.15477904346506
26932,SC_26932,2177120801,N_2177120801_2c22465,nearest selected Existing-network node to projected cell centroid,397.1432437976663
26933,SC_26933,2177120801,N_2177120801_2c22465,nearest selected Existing-network node to projected cell centroid,303.71676953183925
26934,SC_26934,2177120801,N_2177120801_2c22465,nearest selected Existing-network node to projected cell centroid,216.2521585917239
26939,SC_26939,2176138203,N_2176138203_88f3c46,nearest selected Existing-network node to projected cell centroid,115.82598518434725
26940,SC_26940,2176138203,N_2176138203_88f3c46,nearest selected Existing-network node to projected cell centroid,91.99379785882374
26941,SC_26941,2176138202,N_2176138202_dce6190,nearest selected Existing-network node to projected cell centroid,148.94332764700636
27163,SC_27163,2177081102,N_2177081102_5cf7c24,nearest selected Existing-network node to projected cell centroid,100.93448241612364
27164,SC_27164,2177080201,N_2177080201_f51465d,nearest selected Existing-network node to projected cell centroid,57.211257626357
27165,SC_27165,2177080302,N_2177080302_fca8c8c,nearest selected Existing-network node to projected cell centroid,22.821830533128846
27166,SC_27166,2177080403,N_2177080403_c12370f,nearest selected Existing-network node to projected cell centroid,21.71658441456973
27167,SC_27167,2177080501,N_2177080501_1878b33,nearest selected Existing-network node to projected cell centroid,52.66911818639272
27168,SC_27168,2177080601,N_2177080601_1876fb5,nearest selected Existing-network node to projected cell centroid,43.74777509094043
27169,SC_27169,2177080701,N_2177080701_b026bd4,nearest selected Existing-network node to projected cell centroid,42.85969719225282
27170,SC_27170,2177081702,N_2177081702_4166f45,nearest selected Existing-network node to projected cell centroid,128.86672949092315
27171,SC_27171,2176088801,N_2176088801_16b37d2,nearest selected Existing-network node to projected cell centroid,195.76626427204
27172,SC_27172,2176098001,N_2176098001_d21d76b,nearest selected Existing-network node to projected cell centroid,219.14468388700087
27173,SC_27173,2176098001,N_2176098001_d21d76b,nearest selected Existing-network node to projected cell centroid,255.69558556343915
27174,SC_27174,2177093304,N_2177093304_60c95e3,nearest selected Existing-network node to projected cell centroid,298.90061948221563
27175,SC_27175,2177092402,N_2177092402_243058d,nearest selected Existing-network node to projected cell centroid,262.652588373559
27176,SC_27176,2177092501,N_2177092501_2349ecf,nearest selected Existing-network node to projected cell centroid,218.42357315360064
27177,SC_27177,2177092501,N_2177092501_2349ecf,nearest selected Existing-network node to projected cell centroid,175.75823539678393
27178,SC_27178,2177091704,N_2177091704_fe7e7bb,nearest selected Existing-network node to projected cell centroid,133.36135473563485
27179,SC_27179,2177090701,N_2177090701_c78889e,nearest selected Existing-network node to projected cell centroid,67.8169221062936
27180,SC_27180,2177090803,N_2177090803_0c0163c,nearest selected Existing-network node to projected cell centroid,1.6981061062614886
27181,SC_27181,2177090801,N_2177090801_a03e9cd,nearest selected Existing-network node to projected cell centroid,68.55573494385929
27182,SC_27182,2176099901,N_2176099901_2949adf,nearest selected Existing-network node to projected cell centroid,138.45933846802455
27183,SC_27183,2177101201,N_2177101201_e4cef8c,nearest selected Existing-network node to projected cell centroid,169.05286825251966
27184,SC_27184,2177100305,N_2177100305_54b0b32,nearest selected Existing-network node to projected cell centroid,71.99442901924965
27185,SC_27185,2177100303,N_2177100303_e50a4e8,nearest selected Existing-network node to projected cell centroid,14.619832590035436
27186,SC_27186,2177100302,N_2177100302_044deef,nearest selected Existing-network node to projected cell centroid,107.48128912457602
27187,SC_27187,2176109302,N_2176109302_d044bf7,nearest selected Existing-network node to projected cell centroid,203.55212677148657
27188,SC_27188,2177101703,N_2177101703_2922d9b,nearest selected Existing-network node to projected cell centroid,120.37680258905284
27189,SC_27189,2177100702,N_2177100702_51fee5a,nearest selected Existing-network node to projected cell centroid,41.08506072145452
27190,SC_27190,2177100702,N_2177100702_51fee5a,nearest selected Existing-network node to projected cell centroid,60.49150531200537
27191,SC_27191,2177110002,N_2177110002_8991bd4,nearest selected Existing-network node to projected cell centroid,105.00824506597417
27192,SC_27192,2177110002,N_2177110002_8991bd4,nearest selected Existing-network node to projected cell centroid,40.28214905430843
27193,SC_27193,2177110101,N_2177110101_8e456f0,nearest selected Existing-network node to projected cell centroid,21.26752572845885
27194,SC_27194,2177111201,N_2177111201_5cee703,nearest selected Existing-network node to projected cell centroid,56.69318750186141
27195,SC_27195,2177111301,N_2177111301_28b5bbe,nearest selected Existing-network node to projected cell centroid,102.07563321787585
27196,SC_27196,2177110501,N_2177110501_d9cae41,nearest selected Existing-network node to projected cell centroid,146.59416818225958
27197,SC_27197,2177110501,N_2177110501_d9cae41,nearest selected Existing-network node to projected cell centroid,54.53576941544704
27198,SC_27198,2177110602,N_2177110602_196f320,nearest selected Existing-network node to projected cell centroid,21.69176798527478
27199,SC_27199,2177110602,N_2177110602_196f320,nearest selected Existing-network node to projected cell centroid,83.98376509271682
27200,SC_27200,2177110601,N_2177110601_26a2074,nearest selected Existing-network node to projected cell centroid,183.2318956080068
27201,SC_27201,2177110601,N_2177110601_26a2074,nearest selected Existing-network node to projected cell centroid,282.773208718062
27202,SC_27202,2177113803,N_2177113803_64e8895,nearest selected Existing-network node to projected cell centroid,358.86245392202954
27203,SC_27203,2177113803,N_2177113803_64e8895,nearest selected Existing-network node to projected cell centroid,408.42673863939865
27204,SC_27204,2177113803,N_2177113803_64e8895,nearest selected Existing-network node to projected cell centroid,474.17564344480047
27205,SC_27205,2177120801,N_2177120801_2c22465,nearest selected Existing-network node to projected cell centroid,477.9812298571551
27206,SC_27206,2177120801,N_2177120801_2c22465,nearest selected Existing-network node to projected cell centroid,378.1364516897072
27207,SC_27207,2177120801,N_2177120801_2c22465,nearest selected Existing-network node to projected cell centroid,278.40311797321164
27208,SC_27208,2177120801,N_2177120801_2c22465,nearest selected Existing-network node to projected cell centroid,178.96763980655766
27209,SC_27209,2177120801,N_2177120801_2c22465,nearest selected Existing-network node to projected cell centroid,80.93538224196826
27212,SC_27212,2177121802,N_2177121802_e5c6611,nearest selected Existing-network node to projected cell centroid,212.61537994609145
27213,SC_27213,2176138203,N_2176138203_88f3c46,nearest selected Existing-network node to projected cell centroid,202.75255570886495
27214,SC_27214,2176138203,N_2176138203_88f3c46,nearest selected Existing-network node to projected cell centroid,190.14678237362287
27215,SC_27215,2176138203,N_2176138203_88f3c46,nearest selected Existing-network node to projected cell centroid,226.28079646228795
27216,SC_27216,2176138202,N_2176138202_dce6190,nearest selected Existing-network node to projected cell centroid,290.154777409642
27217,SC_27217,2176138202,N_2176138202_dce6190,nearest selected Existing-network node to projected cell centroid,369.8561542740486
27436,SC_27436,2177081103,N_2177081103_fb1b7a9,nearest selected Existing-network node to projected cell centroid,25.405343489702464
27437,SC_27437,2177081202,N_2177081202_94efd71,nearest selected Existing-network node to projected cell centroid,37.38041186654625
27438,SC_27438,2177080304,N_2177080304_f17e8e9,nearest selected Existing-network node to projected cell centroid,75.64376706953398
27439,SC_27439,2177080301,N_2177080301_b6e9bb1,nearest selected Existing-network node to projected cell centroid,112.38736006545618
27440,SC_27440,2177080402,N_2177080402_969d5bf,nearest selected Existing-network node to projected cell centroid,150.0623447375106
27441,SC_27441,2177081701,N_2177081701_03b374c,nearest selected Existing-network node to projected cell centroid,93.7855514336188
27442,SC_27442,2177081703,N_2177081703_59085ff,nearest selected Existing-network node to projected cell centroid,12.019467620543487
27443,SC_27443,2177082701,N_2177082701_64b66c6,nearest selected Existing-network node to projected cell centroid,69.8797692719849
27444,SC_27444,2177082801,N_2177082801_096d134,nearest selected Existing-network node to projected cell centroid,152.12894543977075
27445,SC_27445,2177082806,N_2177082806_e66ae24,nearest selected Existing-network node to projected cell centroid,231.90471196501412
27446,SC_27446,2177093203,N_2177093203_9ee3ff8,nearest selected Existing-network node to projected cell centroid,244.0928781069484
27447,SC_27447,2177093304,N_2177093304_60c95e3,nearest selected Existing-network node to projected cell centroid,205.30246060259373
27448,SC_27448,2177093401,N_2177093401_3ff6c52,nearest selected Existing-network node to projected cell centroid,170.77092371302425
27449,SC_27449,2177092508,N_2177092508_5db4028,nearest selected Existing-network node to projected cell centroid,133.07380130090522
27450,SC_27450,2177092501,N_2177092501_2349ecf,nearest selected Existing-network node to projected cell centroid,80.04272179571626
27451,SC_27451,2177092601,N_2177092601_ea8b11d,nearest selected Existing-network node to projected cell centroid,67.3671450428099
27452,SC_27452,2177091702,N_2177091702_216f270,nearest selected Existing-network node to projected cell centroid,13.57125012932292
27453,SC_27453,2177090701,N_2177090701_c78889e,nearest selected Existing-network node to projected cell centroid,74.22934006910354
27454,SC_27454,2177090803,N_2177090803_0c0163c,nearest selected Existing-network node to projected cell centroid,142.5493723848228
27455,SC_27455,2176099902,N_2176099902_e02183a,nearest selected Existing-network node to projected cell centroid,209.52477058303893
27456,SC_27456,2177101203,N_2177101203_bc9e3b7,nearest selected Existing-network node to projected cell centroid,151.85464326169784
27457,SC_27457,2177101203,N_2177101203_bc9e3b7,nearest selected Existing-network node to projected cell centroid,52.98464570776488
27458,SC_27458,2177101202,N_2177101202_588d887,nearest selected Existing-network node to projected cell centroid,48.48383461351319
27459,SC_27459,2177102301,N_2177102301_49b63df,nearest selected Existing-network node to projected cell centroid,141.4839332486398
27460,SC_27460,2177101704,N_2177101704_dc7b6b9,nearest selected Existing-network node to projected cell centroid,186.8274720833232
27461,SC_27461,2177101704,N_2177101704_dc7b6b9,nearest selected Existing-network node to projected cell centroid,87.32253045812381
27462,SC_27462,2177101704,N_2177101704_dc7b6b9,nearest selected Existing-network node to projected cell centroid,18.59957865584624
27463,SC_27463,2177100704,N_2177100704_4948111,nearest selected Existing-network node to projected cell centroid,90.24186687867476
27464,SC_27464,2177110002,N_2177110002_8991bd4,nearest selected Existing-network node to projected cell centroid,170.47314021382985
27465,SC_27465,2177110104,N_2177110104_9b7fec1,nearest selected Existing-network node to projected cell centroid,130.9296678041138
27466,SC_27466,2177110104,N_2177110104_9b7fec1,nearest selected Existing-network node to projected cell centroid,58.638024452994046
27467,SC_27467,2177111202,N_2177111202_77d0ffa,nearest selected Existing-network node to projected cell centroid,33.240794381970275
27468,SC_27468,2177111302,N_2177111302_b62ca2e,nearest selected Existing-network node to projected cell centroid,13.87841814336593
27469,SC_27469,2177112401,N_2177112401_ec76b77,nearest selected Existing-network node to projected cell centroid,60.79614088246226
27470,SC_27470,2177112402,N_2177112402_0fc4d73,nearest selected Existing-network node to projected cell centroid,127.57104268226452
27471,SC_27471,2177110602,N_2177110602_196f320,nearest selected Existing-network node to projected cell centroid,114.64420090371596
27472,SC_27472,2177110602,N_2177110602_196f320,nearest selected Existing-network node to projected cell centroid,140.44939587507395
27473,SC_27473,2177113702,N_2177113702_06ae46b,nearest selected Existing-network node to projected cell centroid,213.90008107898575
27474,SC_27474,2177113803,N_2177113803_64e8895,nearest selected Existing-network node to projected cell centroid,233.836312058057
27475,SC_27475,2177113803,N_2177113803_64e8895,nearest selected Existing-network node to projected cell centroid,269.6471042633092
27476,SC_27476,2177113803,N_2177113803_64e8895,nearest selected Existing-network node to projected cell centroid,332.7757515779399
27477,SC_27477,2177113803,N_2177113803_64e8895,nearest selected Existing-network node to projected cell centroid,410.816066919172
27478,SC_27478,2177120801,N_2177120801_2c22465,nearest selected Existing-network node to projected cell centroid,483.45679858505264
27479,SC_27479,2177120801,N_2177120801_2c22465,nearest selected Existing-network node to projected cell centroid,385.0345388388319
27480,SC_27480,2177120801,N_2177120801_2c22465,nearest selected Existing-network node to projected cell centroid,287.7024784383264
27481,SC_27481,2177120801,N_2177120801_2c22465,nearest selected Existing-network node to projected cell centroid,193.1161207674787
27482,SC_27482,2177121801,N_2177121801_3e99182,nearest selected Existing-network node to projected cell centroid,102.73043818495027
27483,SC_27483,2177121802,N_2177121802_e5c6611,nearest selected Existing-network node to projected cell centroid,21.86274893859621
27484,SC_27484,2177121803,N_2177121803_bc7f21f,nearest selected Existing-network node to projected cell centroid,84.73467854603005
27485,SC_27485,2177121803,N_2177121803_bc7f21f,nearest selected Existing-network node to projected cell centroid,180.7194669888899
27486,SC_27486,2177123903,N_2177123903_d28e1b8,nearest selected Existing-network node to projected cell centroid,269.9392102060145
27487,SC_27487,2176138203,N_2176138203_88f3c46,nearest selected Existing-network node to projected cell centroid,289.56646706687854
27488,SC_27488,2176138203,N_2176138203_88f3c46,nearest selected Existing-network node to projected cell centroid,314.4772469514435
27489,SC_27489,2176138202,N_2176138202_dce6190,nearest selected Existing-network node to projected cell centroid,365.5019765418024
27490,SC_27490,2176138202,N_2176138202_dce6190,nearest selected Existing-network node to projected cell centroid,431.5037367818665
27709,SC_27709,2177083201,N_2177083201_8dbe169,nearest selected Existing-network node to projected cell centroid,149.39675504738543
27710,SC_27710,2177080302,N_2177080302_fca8c8c,nearest selected Existing-network node to projected cell centroid,204.66332342486768
27711,SC_27711,2177081702,N_2177081702_4166f45,nearest selected Existing-network node to projected cell centroid,231.79131556800849
27712,SC_27712,2177081706,N_2177081706_d337653,nearest selected Existing-network node to projected cell centroid,151.97537625438045
27713,SC_27713,2177082701,N_2177082701_64b66c6,nearest selected Existing-network node to projected cell centroid,71.65292845137985
27714,SC_27714,2177082804,N_2177082804_c9609fd,nearest selected Existing-network node to projected cell centroid,12.440553889048518
27715,SC_27715,2177083801,N_2177083801_8b81126,nearest selected Existing-network node to projected cell centroid,91.173541844881
27716,SC_27716,2177083901,N_2177083901_df49852,nearest selected Existing-network node to projected cell centroid,170.19985745528638
27717,SC_27717,2177093205,N_2177093205_4c6da54,nearest selected Existing-network node to projected cell centroid,151.9819202893671
27718,SC_27718,2177093202,N_2177093202_0896db6,nearest selected Existing-network node to projected cell centroid,113.62637915099424
27719,SC_27719,2177093302,N_2177093302_82f871a,nearest selected Existing-network node to projected cell centroid,78.40984517604441
27720,SC_27720,2177092402,N_2177092402_243058d,nearest selected Existing-network node to projected cell centroid,40.9836819372601
27721,SC_27721,2177092506,N_2177092506_19523b1,nearest selected Existing-network node to projected cell centroid,8.460922954324841
27722,SC_27722,2177092602,N_2177092602_52de2da,nearest selected Existing-network node to projected cell centroid,31.62829751837944
27723,SC_27723,2177092702,N_2177092702_bd96f6f,nearest selected Existing-network node to projected cell centroid,47.931860522873336
27724,SC_27724,2177092801,N_2177092801_86305a3,nearest selected Existing-network node to projected cell centroid,23.63569525421413
27725,SC_27725,2177093801,N_2177093801_95fa9d0,nearest selected Existing-network node to projected cell centroid,100.24092752996712
27726,SC_27726,2177103103,N_2177103103_98e1c62,nearest selected Existing-network node to projected cell centroid,149.36156435418718
27727,SC_27727,2177103102,N_2177103102_eefbdb2,nearest selected Existing-network node to projected cell centroid,96.696449095071
27728,SC_27728,2177102203,N_2177102203_c56b30c,nearest selected Existing-network node to projected cell centroid,33.736005240030224
27729,SC_27729,2177102302,N_2177102302_d3decd7,nearest selected Existing-network node to projected cell centroid,31.237736627264585
27730,SC_27730,2177102301,N_2177102301_49b63df,nearest selected Existing-network node to projected cell centroid,71.58884948126104
27731,SC_27731,2177102301,N_2177102301_49b63df,nearest selected Existing-network node to projected cell centroid,169.05857970112274
27732,SC_27732,2177102703,N_2177102703_df8c1a4,nearest selected Existing-network node to projected cell centroid,91.88613101055572
27733,SC_27733,2177102704,N_2177102704_678193c,nearest selected Existing-network node to projected cell centroid,3.7556750416486953
27734,SC_27734,2177102704,N_2177102704_678193c,nearest selected Existing-network node to projected cell centroid,102.54201624590937
27735,SC_27735,2177102704,N_2177102704_678193c,nearest selected Existing-network node to projected cell centroid,202.52314706357444
27736,SC_27736,2177110104,N_2177110104_9b7fec1,nearest selected Existing-network node to projected cell centroid,195.626782200186
27737,SC_27737,2177111101,N_2177111101_da0ab5a,nearest selected Existing-network node to projected cell centroid,149.57913635919505
27738,SC_27738,2177111301,N_2177111301_28b5bbe,nearest selected Existing-network node to projected cell centroid,122.27565130413164
27739,SC_27739,2177112301,N_2177112301_8f5980b,nearest selected Existing-network node to projected cell centroid,62.81171480169432
27740,SC_27740,2177112403,N_2177112403_d000c72,nearest selected Existing-network node to projected cell centroid,13.736313113876232
27741,SC_27741,2177113501,N_2177113501_21709c6,nearest selected Existing-network node to projected cell centroid,55.0349562286212
27742,SC_27742,2177113602,N_2177113602_2bee81b,nearest selected Existing-network node to projected cell centroid,69.79780111418464
27743,SC_27743,2177113702,N_2177113702_06ae46b,nearest selected Existing-network node to projected cell centroid,100.22307462695626
27744,SC_27744,2177113801,N_2177113801_c413eb2,nearest selected Existing-network node to projected cell centroid,115.22096434927371
27745,SC_27745,2177113803,N_2177113803_64e8895,nearest selected Existing-network node to projected cell centroid,136.40645453775315
27746,SC_27746,2177113803,N_2177113803_64e8895,nearest selected Existing-network node to projected cell centroid,191.40757780253887
27747,SC_27747,2177113803,N_2177113803_64e8895,nearest selected Existing-network node to projected cell centroid,273.2526319011582
27748,SC_27748,2177113803,N_2177113803_64e8895,nearest selected Existing-network node to projected cell centroid,364.2761875851683
27749,SC_27749,2177113803,N_2177113803_64e8895,nearest selected Existing-network node to projected cell centroid,459.05041209246247
27750,SC_27750,2177120801,N_2177120801_2c22465,nearest selected Existing-network node to projected cell centroid,416.5525370240608
27751,SC_27751,2177121802,N_2177121802_e5c6611,nearest selected Existing-network node to projected cell centroid,325.9033289062125
27752,SC_27752,2177122801,N_2177122801_f7b19e6,nearest selected Existing-network node to projected cell centroid,230.04577335031436
27753,SC_27753,2177122802,N_2177122802_63e71c6,nearest selected Existing-network node to projected cell centroid,132.11412016121207
27754,SC_27754,2177122802,N_2177122802_63e71c6,nearest selected Existing-network node to projected cell centroid,32.570857320152975
27755,SC_27755,2177122803,N_2177122803_4664021,nearest selected Existing-network node to projected cell centroid,67.00018668642191
27756,SC_27756,2177123903,N_2177123903_d28e1b8,nearest selected Existing-network node to projected cell centroid,129.5534530945411
27757,SC_27757,2177123903,N_2177123903_d28e1b8,nearest selected Existing-network node to projected cell centroid,204.0447921637765
27758,SC_27758,2177134001,N_2177134001_f5ef8a0,nearest selected Existing-network node to projected cell centroid,276.553267232802
27759,SC_27759,2177134001,N_2177134001_f5ef8a0,nearest selected Existing-network node to projected cell centroid,350.0808615418248
27760,SC_27760,2177135201,N_2177135201_0bfd5b9,nearest selected Existing-network node to projected cell centroid,403.5216289406938
27761,SC_27761,2177135201,N_2177135201_0bfd5b9,nearest selected Existing-network node to projected cell centroid,467.1675770253147
27981,SC_27981,2177084301,N_2177084301_576c3b2,nearest selected Existing-network node to projected cell centroid,251.96464991798885
27982,SC_27982,2177082801,N_2177082801_096d134,nearest selected Existing-network node to projected cell centroid,209.61544800923636
27983,SC_27983,2177082805,N_2177082805_fe77774,nearest selected Existing-network node to projected cell centroid,127.89025230000452
27984,SC_27984,2177083801,N_2177083801_8b81126,nearest selected Existing-network node to projected cell centroid,50.47231651929321
27985,SC_27985,2177083902,N_2177083902_e1c164f,nearest selected Existing-network node to projected cell centroid,33.56017134314861
27986,SC_27986,2177094002,N_2177094002_aa79fe8,nearest selected Existing-network node to projected cell centroid,98.3336303528301
27987,SC_27987,2177094102,N_2177094102_4c5bbb1,nearest selected Existing-network node to projected cell centroid,60.33666225878802
27988,SC_27988,2177093203,N_2177093203_9ee3ff8,nearest selected Existing-network node to projected cell centroid,22.813003933143268
27989,SC_27989,2177093306,N_2177093306_2f411fd,nearest selected Existing-network node to projected cell centroid,6.577545667712126
27990,SC_27990,2177093403,N_2177093403_0a3ea9e,nearest selected Existing-network node to projected cell centroid,37.86673980679059
27991,SC_27991,2177092510,N_2177092510_94dd35a,nearest selected Existing-network node to projected cell centroid,76.47613710983838
27992,SC_27992,2177092507,N_2177092507_3af6afc,nearest selected Existing-network node to projected cell centroid,120.99492924064792
27993,SC_27993,2177092801,N_2177092801_86305a3,nearest selected Existing-network node to projected cell centroid,118.95405033985654
27994,SC_27994,2177093802,N_2177093802_d5be7f7,nearest selected Existing-network node to projected cell centroid,40.3888038062539
27995,SC_27995,2177093901,N_2177093901_2c0b24c,nearest selected Existing-network node to projected cell centroid,49.28585174569448
27996,SC_27996,2177104001,N_2177104001_865070c,nearest selected Existing-network node to projected cell centroid,73.69206210771976
27997,SC_27997,2177103103,N_2177103103_98e1c62,nearest selected Existing-network node to projected cell centroid,8.4839206780913
27998,SC_27998,2177103202,N_2177103202_d0126be,nearest selected Existing-network node to projected cell centroid,41.62352785803795
27999,SC_27999,2177103301!,N_2177103301_3af0ab3,nearest selected Existing-network node to projected cell centroid,54.233580014637305
28000,SC_28000,2177103301!,N_2177103301_3af0ab3,nearest selected Existing-network node to projected cell centroid,46.67334573232977
28001,SC_28001,2177103301!,N_2177103301_3af0ab3,nearest selected Existing-network node to projected cell centroid,146.3404291455205
28002,SC_28002,2177102704,N_2177102704_678193c,nearest selected Existing-network node to projected cell centroid,141.67993893541492
28003,SC_28003,2177102704,N_2177102704_678193c,nearest selected Existing-network node to projected cell centroid,102.82978701475936
28004,SC_28004,2177102704,N_2177102704_678193c,nearest selected Existing-network node to projected cell centroid,145.17136459460127
28005,SC_28005,2177102704,N_2177102704_678193c,nearest selected Existing-network node to projected cell centroid,227.10236700443372
28006,SC_28006,2177111101,N_2177111101_da0ab5a,nearest selected Existing-network node to projected cell centroid,281.3278124112468
28007,SC_28007,2177111101,N_2177111101_da0ab5a,nearest selected Existing-network node to projected cell centroid,247.42913740428085
28008,SC_28008,2177112301,N_2177112301_8f5980b,nearest selected Existing-network node to projected cell centroid,203.08557683561244
28009,SC_28009,2177112407,N_2177112407_cdbb09c,nearest selected Existing-network node to projected cell centroid,132.5612793798484
28010,SC_28010,2177113401,N_2177113401_e3af9c7,nearest selected Existing-network node to projected cell centroid,56.03468506875932
28011,SC_28011,2177113505,N_2177113505_ef88051,nearest selected Existing-network node to projected cell centroid,12.38709040656928
28012,SC_28012,2177113605,N_2177113605_e4e81dd,nearest selected Existing-network node to projected cell centroid,17.935875510902303
28013,SC_28013,2177113702,N_2177113702_06ae46b,nearest selected Existing-network node to projected cell centroid,19.797087924096832
28014,SC_28014,2177113801,N_2177113801_c413eb2,nearest selected Existing-network node to projected cell centroid,16.298792239168566
28015,SC_28015,2177113803,N_2177113803_64e8895,nearest selected Existing-network node to projected cell centroid,50.33905881328349
28016,SC_28016,2177113803,N_2177113803_64e8895,nearest selected Existing-network node to projected cell centroid,143.40209497382557
28017,SC_28017,2177113803,N_2177113803_64e8895,nearest selected Existing-network node to projected cell centroid,242.06259695284805
28018,SC_28018,2177113803,N_2177113803_64e8895,nearest selected Existing-network node to projected cell centroid,341.5032076631665
28019,SC_28019,2177113803,N_2177113803_64e8895,nearest selected Existing-network node to projected cell centroid,441.1967597851402
28020,SC_28020,2177122803,N_2177122803_4664021,nearest selected Existing-network node to projected cell centroid,443.8642191218672
28021,SC_28021,2177123801,N_2177123801_e38b294,nearest selected Existing-network node to projected cell centroid,344.63796431411254
28022,SC_28022,2177123801,N_2177123801_e38b294,nearest selected Existing-network node to projected cell centroid,245.94687728696192
28023,SC_28023,2177123802,N_2177123802_0089e09,nearest selected Existing-network node to projected cell centroid,148.75876306202684
28024,SC_28024,2177123803,N_2177123803_283168f,nearest selected Existing-network node to projected cell centroid,50.07902616032506
28025,SC_28025,2177123902,N_2177123902_f47f037,nearest selected Existing-network node to projected cell centroid,4.288801360780348
28026,SC_28026,2177123904,N_2177123904_8b9e84f,nearest selected Existing-network node to projected cell centroid,69.60556286702987
28027,SC_28027,2177134001,N_2177134001_f5ef8a0,nearest selected Existing-network node to projected cell centroid,135.9406106320575
28028,SC_28028,2177134003,N_2177134003_0757b35,nearest selected Existing-network node to projected cell centroid,209.89204990023663
28029,SC_28029,2177135201,N_2177135201_0bfd5b9,nearest selected Existing-network node to projected cell centroid,265.89683154359506
28030,SC_28030,2177135201,N_2177135201_0bfd5b9,nearest selected Existing-network node to projected cell centroid,325.75599000736014
28031,SC_28031,2177135201,N_2177135201_0bfd5b9,nearest selected Existing-network node to projected cell centroid,401.9114392828695
28032,SC_28032,2177138401,N_2177138401_f68c5b7,nearest selected Existing-network node to projected cell centroid,485.66852253282144
28253,SC_28253,2177082806,N_2177082806_e66ae24,nearest selected Existing-network node to projected cell centroid,268.2864056123965
28254,SC_28254,2177083802,N_2177083802_b175fca,nearest selected Existing-network node to projected cell centroid,188.57140663595084
28255,SC_28255,2177083903,N_2177083903_9107fc5,nearest selected Existing-network node to projected cell centroid,108.46060901965176
28256,SC_28256,2177084902,N_2177084902_d94269e,nearest selected Existing-network node to projected cell centroid,29.77412671822753
28257,SC_28257,2177094004,N_2177094004_a42d5f2,nearest selected Existing-network node to projected cell centroid,9.287389525388686
28258,SC_28258,2177094108,N_2177094108_f3bb636,nearest selected Existing-network node to projected cell centroid,15.888924558126911
28259,SC_28259,2177094201,N_2177094201_3badce6,nearest selected Existing-network node to projected cell centroid,53.53807773634502
28260,SC_28260,2177093307,N_2177093307_b45f7a6,nearest selected Existing-network node to projected cell centroid,91.584718092998
28261,SC_28261,2177093303,N_2177093303_dbbce9e,nearest selected Existing-network node to projected cell centroid,129.6916500141807
28262,SC_28262,2177092403,N_2177092403_56b2017,nearest selected Existing-network node to projected cell centroid,168.20138053164433
28263,SC_28263,2177092507,N_2177092507_3af6afc,nearest selected Existing-network node to projected cell centroid,206.8547628280931
28264,SC_28264,2177093803,N_2177093803_f805fc0,nearest selected Existing-network node to projected cell centroid,171.722113206894
28265,SC_28265,2177093901,N_2177093901_2c0b24c,nearest selected Existing-network node to projected cell centroid,92.14160398202355
28266,SC_28266,2177094902,N_2177094902_6769a99,nearest selected Existing-network node to projected cell centroid,18.251419809420824
28267,SC_28267,2177104004,N_2177104004_2b4a089,nearest selected Existing-network node to projected cell centroid,6.565714774834874
28268,SC_28268,2177104103,N_2177104103_ef794f7,nearest selected Existing-network node to projected cell centroid,25.731735534551493
28269,SC_28269,2177104201,N_2177104201_b804865,nearest selected Existing-network node to projected cell centroid,12.55930994473923
28270,SC_28270,2177104301,N_2177104301_927681c,nearest selected Existing-network node to projected cell centroid,30.578726078677228
28271,SC_28271,2177104301,N_2177104301_927681c,nearest selected Existing-network node to projected cell centroid,70.91190653857163
28272,SC_28272,2177105501,N_2177105501_143e2ba,nearest selected Existing-network node to projected cell centroid,101.86611632138708
28273,SC_28273,2177105501,N_2177105501_143e2ba,nearest selected Existing-network node to projected cell centroid,155.9207672347676
28274,SC_28274,2177102704,N_2177102704_678193c,nearest selected Existing-network node to projected cell centroid,202.81475562686035
28275,SC_28275,2177102704,N_2177102704_678193c,nearest selected Existing-network node to projected cell centroid,227.23244728854405
28276,SC_28276,2177102704,N_2177102704_678193c,nearest selected Existing-network node to projected cell centroid,286.5926466284486
28277,SC_28277,2177116201!,N_2177116201_7590b69,nearest selected Existing-network node to projected cell centroid,264.7668063456097
28278,SC_28278,2177116201!,N_2177116201_7590b69,nearest selected Existing-network node to projected cell centroid,199.0461799257282
28279,SC_28279,2177116201!,N_2177116201_7590b69,nearest selected Existing-network node to projected cell centroid,170.6965194243782
28280,SC_28280,2177114501,N_2177114501_331cf38,nearest selected Existing-network node to projected cell centroid,173.15645699892573
28281,SC_28281,2177114501,N_2177114501_331cf38,nearest selected Existing-network node to projected cell centroid,73.20723052466855
28282,SC_28282,2177114502,N_2177114502_890ea1a,nearest selected Existing-network node to projected cell centroid,8.57833579322163
28283,SC_28283,2177114502,N_2177114502_890ea1a,nearest selected Existing-network node to projected cell centroid,99.10735515268756
28284,SC_28284,2177113703,N_2177113703_9fb76ca,nearest selected Existing-network node to projected cell centroid,94.65565494175844
28285,SC_28285,2177113802,N_2177113802_1f1efe6,nearest selected Existing-network node to projected cell centroid,75.7275934656253
28286,SC_28286,2177113804,N_2177113804_f43206c,nearest selected Existing-network node to projected cell centroid,77.71658440910608
28287,SC_28287,2177113803,N_2177113803_64e8895,nearest selected Existing-network node to projected cell centroid,156.49747871940042
28288,SC_28288,2177113803,N_2177113803_64e8895,nearest selected Existing-network node to projected cell centroid,250.04319796028057
28289,SC_28289,2177113803,N_2177113803_64e8895,nearest selected Existing-network node to projected cell centroid,347.2056175335862
28290,SC_28290,2177113803,N_2177113803_64e8895,nearest selected Existing-network node to projected cell centroid,445.6252695343407
28291,SC_28291,2177123803,N_2177123803_283168f,nearest selected Existing-network node to projected cell centroid,462.1755606493256
28292,SC_28292,2177123803,N_2177123803_283168f,nearest selected Existing-network node to projected cell centroid,365.6480942956762
28293,SC_28293,2177123803,N_2177123803_283168f,nearest selected Existing-network node to projected cell centroid,271.6446370952335
28294,SC_28294,2177123803,N_2177123803_283168f,nearest selected Existing-network node to projected cell centroid,184.07359632261895
28295,SC_28295,2177123803,N_2177123803_283168f,nearest selected Existing-network node to projected cell centroid,118.21746429222652
28296,SC_28296,2177124903,N_2177124903_283ff99,nearest selected Existing-network node to projected cell centroid,19.06210188281639
28297,SC_28297,2177134002,N_2177134002_fcb274e,nearest selected Existing-network node to projected cell centroid,20.482236340084835
28298,SC_28298,2177134003,N_2177134003_0757b35,nearest selected Existing-network node to projected cell centroid,70.2691441053759
28299,SC_28299,2177135104,N_2177135104_916b3a7,nearest selected Existing-network node to projected cell centroid,135.11110912010463
28300,SC_28300,2177135201,N_2177135201_0bfd5b9,nearest selected Existing-network node to projected cell centroid,184.35939093967343
28301,SC_28301,2177135201,N_2177135201_0bfd5b9,nearest selected Existing-network node to projected cell centroid,263.4468163185877
28302,SC_28302,2177135201,N_2177135201_0bfd5b9,nearest selected Existing-network node to projected cell centroid,353.29883247635007
28303,SC_28303,2177138401,N_2177138401_f68c5b7,nearest selected Existing-network node to projected cell centroid,394.3617296111686
28304,SC_28304,2177138501,N_2177138501_c53b274,nearest selected Existing-network node to projected cell centroid,441.7942616884598
28305,SC_28305,2177139602,N_2177139602_0d3d523,nearest selected Existing-network node to projected cell centroid,474.4353278581004
28331,SC_28331,2176158801,N_2176158801_53280ec,nearest selected Existing-network node to projected cell centroid,891.4904073111227
28526,SC_28526,2177083903,N_2177083903_9107fc5,nearest selected Existing-network node to projected cell centroid,248.6401490327012
28527,SC_28527,2177084902,N_2177084902_d94269e,nearest selected Existing-network node to projected cell centroid,169.64503713332064
28528,SC_28528,2177095001,N_2177095001_58bb755,nearest selected Existing-network node to projected cell centroid,89.20137073621619
28529,SC_28529,2177095004,N_2177095004_1958e3d,nearest selected Existing-network node to projected cell centroid,2.242081796693468
28530,SC_28530,2177095101,N_2177095101_210555a,nearest selected Existing-network node to projected cell centroid,51.98482291562663
28531,SC_28531,2177096103,N_2177096103_83909cb,nearest selected Existing-network node to projected cell centroid,114.80534759626518
28532,SC_28532,2177097201,N_2177097201_b110c05,nearest selected Existing-network node to projected cell centroid,163.53246115291722
28533,SC_28533,2177097302,N_2177097302_c171dd5,nearest selected Existing-network node to projected cell centroid,210.18874472785865
28534,SC_28534,2177097603,N_2177097603_305a338,nearest selected Existing-network node to projected cell centroid,234.51154778436623
28535,SC_28535,2177097703,N_2177097703_b9bd884,nearest selected Existing-network node to projected cell centroid,187.74730752963745
28536,SC_28536,2177097701,N_2177097701_ca3e241,nearest selected Existing-network node to projected cell centroid,155.11763709072997
28537,SC_28537,2177096905!,N_2177096905_e72db6e,nearest selected Existing-network node to projected cell centroid,124.15861344489144
28538,SC_28538,2177096901,N_2177096901_78625d1,nearest selected Existing-network node to projected cell centroid,64.4562362811929
28539,SC_28539,2177105015,N_2177105015_e7d2107,nearest selected Existing-network node to projected cell centroid,6.690902048712235
28540,SC_28540,2177105102!,N_2177105102_afe4d00,nearest selected Existing-network node to projected cell centroid,16.097669722452174
28541,SC_28541,2177105202!,N_2177105202_fc5799a,nearest selected Existing-network node to projected cell centroid,16.631719416606146
28542,SC_28542,2177105315,N_2177105315_e969ec5,nearest selected Existing-network node to projected cell centroid,16.275691403612186
28543,SC_28543,2177105404!,N_2177105404_175ba62,nearest selected Existing-network node to projected cell centroid,0.52645415357897
28544,SC_28544,2177105501,N_2177105501_143e2ba,nearest selected Existing-network node to projected cell centroid,19.672967674055315
28545,SC_28545,2177105501,N_2177105501_143e2ba,nearest selected Existing-network node to projected cell centroid,119.67291112770944
28546,SC_28546,2177105501,N_2177105501_143e2ba,nearest selected Existing-network node to projected cell centroid,219.67290606366743
28547,SC_28547,2177105501,N_2177105501_143e2ba,nearest selected Existing-network node to projected cell centroid,319.6729041678901
28548,SC_28548,2177116202,N_2177116202_c504476,nearest selected Existing-network node to projected cell centroid,297.2183402348001
28549,SC_28549,2177116202,N_2177116202_c504476,nearest selected Existing-network node to projected cell centroid,213.35566965186263
28550,SC_28550,2177116201!,N_2177116201_7590b69,nearest selected Existing-network node to projected cell centroid,124.4326393911064
28551,SC_28551,2177116201!,N_2177116201_7590b69,nearest selected Existing-network node to projected cell centroid,70.72058926796979
28552,SC_28552,2177116201!,N_2177116201_7590b69,nearest selected Existing-network node to projected cell centroid,120.49614826616094
28553,SC_28553,2177114503,N_2177114503_b318550,nearest selected Existing-network node to projected cell centroid,116.72141427232084
28554,SC_28554,2177115502,N_2177115502_ba98043,nearest selected Existing-network node to projected cell centroid,47.884792779835095
28555,SC_28555,2177115501,N_2177115501_40f3c5e,nearest selected Existing-network node to projected cell centroid,66.89245937531733
28556,SC_28556,2177116701,N_2177116701_85db9bd,nearest selected Existing-network node to projected cell centroid,120.97236754455446
28557,SC_28557,2177113804,N_2177113804_f43206c,nearest selected Existing-network node to projected cell centroid,170.67890172504812
28558,SC_28558,2177113804,N_2177113804_f43206c,nearest selected Existing-network node to projected cell centroid,168.7220421128979
28559,SC_28559,2177113804,N_2177113804_f43206c,nearest selected Existing-network node to projected cell centroid,218.63889748950055
28560,SC_28560,2177113803,N_2177113803_64e8895,nearest selected Existing-network node to projected cell centroid,294.02193940053377
28561,SC_28561,2177113803,N_2177113803_64e8895,nearest selected Existing-network node to projected cell centroid,380.1039868898063
28562,SC_28562,2177129101,N_2177129101_3fcd860,nearest selected Existing-network node to projected cell centroid,468.2373666235585
28563,SC_28563,2177123803,N_2177123803_283168f,nearest selected Existing-network node to projected cell centroid,495.0491984278288
28564,SC_28564,2177123803,N_2177123803_283168f,nearest selected Existing-network node to projected cell centroid,406.4061870402284
28565,SC_28565,2177123803,N_2177123803_283168f,nearest selected Existing-network node to projected cell centroid,324.4353076733765
28566,SC_28566,2177124904,N_2177124904_ede9354,nearest selected Existing-network node to projected cell centroid,238.20078716024355
28567,SC_28567,2177124904,N_2177124904_ede9354,nearest selected Existing-network node to projected cell centroid,144.836580339566
28568,SC_28568,2177124904,N_2177124904_ede9354,nearest selected Existing-network node to projected cell centroid,72.2194918644507
28569,SC_28569,2177135001,N_2177135001_967e84c,nearest selected Existing-network node to projected cell centroid,64.83349944490139
28570,SC_28570,2177135102,N_2177135102_55d6568,nearest selected Existing-network node to projected cell centroid,15.245546616655815
28571,SC_28571,2177135201,N_2177135201_0bfd5b9,nearest selected Existing-network node to projected cell centroid,43.12545686273175
28572,SC_28572,2177135201,N_2177135201_0bfd5b9,nearest selected Existing-network node to projected cell centroid,131.4368480692218
28573,SC_28573,2177136205,N_2177136205_14035fa,nearest selected Existing-network node to projected cell centroid,216.4612737866969
28574,SC_28574,2177138401,N_2177138401_f68c5b7,nearest selected Existing-network node to projected cell centroid,263.6524109201504
28575,SC_28575,2177138401,N_2177138401_f68c5b7,nearest selected Existing-network node to projected cell centroid,308.49381482391374
28576,SC_28576,2177138502,N_2177138502_97fbf3e,nearest selected Existing-network node to projected cell centroid,349.0347829984666
28577,SC_28577,2177139602,N_2177139602_0d3d523,nearest selected Existing-network node to projected cell centroid,380.5356229349391
28578,SC_28578,2177139702,N_2177139702_b98b552,nearest selected Existing-network node to projected cell centroid,428.323921371395
28584,SC_28584,2178142204,N_2178142204_b90abad,nearest selected Existing-network node to projected cell centroid,788.2639895397632
28602,SC_28602,2176158801,N_2176158801_53280ec,nearest selected Existing-network node to projected cell centroid,904.0322816855384
28603,SC_28603,2176158801,N_2176158801_53280ec,nearest selected Existing-network node to projected cell centroid,965.445102701343
28801,SC_28801,2177095004,N_2177095004_1958e3d,nearest selected Existing-network node to projected cell centroid,225.18127571451868
28802,SC_28802,2177095006,N_2177095006_5ded0ad,nearest selected Existing-network node to projected cell centroid,141.2751488846396
28803,SC_28803,2177095101,N_2177095101_210555a,nearest selected Existing-network node to projected cell centroid,89.43669166373725
28804,SC_28804,2177096102,N_2177096102_cd846ff,nearest selected Existing-network node to projected cell centroid,27.32350120262862
28805,SC_28805,2177096201,N_2177096201_1916d31,nearest selected Existing-network node to projected cell centroid,29.736159027249904
28806,SC_28806,2177097301,N_2177097301_fc9dea7,nearest selected Existing-network node to projected cell centroid,74.27929017948416
28807,SC_28807,2177097304,N_2177097304_ad7b397,nearest selected Existing-network node to projected cell centroid,121.66723087021307
28808,SC_28808,2177097605,N_2177097605_441c25a,nearest selected Existing-network node to projected cell centroid,157.6553954839181
28809,SC_28809,2177097601,N_2177097601_45f4958,nearest selected Existing-network node to projected cell centroid,100.0345713710432
28810,SC_28810,2177097701,N_2177097701_ca3e241,nearest selected Existing-network node to projected cell centroid,56.06640116252216
28811,SC_28811,2177096804!,N_2177096804_fcb6408,nearest selected Existing-network node to projected cell centroid,49.329660230706224
28812,SC_28812,2177096904,N_2177096904_682a880,nearest selected Existing-network node to projected cell centroid,20.961321773653665
28813,SC_28813,2177095902,N_2177095902_8420168,nearest selected Existing-network node to projected cell centroid,76.1477250902895
28814,SC_28814,2177105103!,N_2177105103_cc0cbb9,nearest selected Existing-network node to projected cell centroid,107.2263863718688
28815,SC_28815,2177105202!,N_2177105202_fc5799a,nearest selected Existing-network node to projected cell centroid,116.37815127172078
28816,SC_28816,2177106401!,N_2177106401_06288cb,nearest selected Existing-network node to projected cell centroid,77.35465229016842
28817,SC_28817,2177106403,N_2177106403_b914a8f,nearest selected Existing-network node to projected cell centroid,9.838857393191912
28818,SC_28818,2177107401!,N_2177107401_0dc040f,nearest selected Existing-network node to projected cell centroid,78.38064395955767
28819,SC_28819,2177105501,N_2177105501_143e2ba,nearest selected Existing-network node to projected cell centroid,155.98694067287397
28820,SC_28820,2177108501,N_2177108501_484de01,nearest selected Existing-network node to projected cell centroid,232.26771753193285
28821,SC_28821,2177108503!,N_2177108503_b6dfe75,nearest selected Existing-network node to projected cell centroid,309.3827108004007
28822,SC_28822,2177117101,N_2177117101_aa1ba18,nearest selected Existing-network node to projected cell centroid,248.5668287223351
28823,SC_28823,2177117101,N_2177117101_aa1ba18,nearest selected Existing-network node to projected cell centroid,161.8686762213504
28824,SC_28824,2177116202,N_2177116202_c504476,nearest selected Existing-network node to projected cell centroid,73.6877315147688
28825,SC_28825,2177116201!,N_2177116201_7590b69,nearest selected Existing-network node to projected cell centroid,29.41941109574832
28826,SC_28826,2177116201!,N_2177116201_7590b69,nearest selected Existing-network node to projected cell centroid,101.89907629508912
28827,SC_28827,2177115502,N_2177115502_ba98043,nearest selected Existing-network node to projected cell centroid,134.09755173627323
28828,SC_28828,2177116503,N_2177116503_92549b7,nearest selected Existing-network node to projected cell centroid,35.72802375791615
28829,SC_28829,2177116502,N_2177116502_cbeb2e5,nearest selected Existing-network node to projected cell centroid,42.69488687782144
28830,SC_28830,2177116701,N_2177116701_85db9bd,nearest selected Existing-network node to projected cell centroid,31.343160528406944
28831,SC_28831,2177117801,N_2177117801_c68e3f9,nearest selected Existing-network node to projected cell centroid,73.12237361679851
28832,SC_28832,2177117801,N_2177117801_c68e3f9,nearest selected Existing-network node to projected cell centroid,140.47719218432786
28833,SC_28833,2177117801,N_2177117801_c68e3f9,nearest selected Existing-network node to projected cell centroid,232.63877906451992
28834,SC_28834,2177129101,N_2177129101_3fcd860,nearest selected Existing-network node to projected cell centroid,307.99540825250097
28835,SC_28835,2177129101,N_2177129101_3fcd860,nearest selected Existing-network node to projected cell centroid,333.8109817023188
28836,SC_28836,2177129101,N_2177129101_3fcd860,nearest selected Existing-network node to projected cell centroid,384.7055646926711
28837,SC_28837,2177129101,N_2177129101_3fcd860,nearest selected Existing-network node to projected cell centroid,452.2908041359541
28838,SC_28838,2177124904,N_2177124904_ede9354,nearest selected Existing-network node to projected cell centroid,459.9004403182754
28839,SC_28839,2177124904,N_2177124904_ede9354,nearest selected Existing-network node to projected cell centroid,368.4378305842704
28840,SC_28840,2177124904,N_2177124904_ede9354,nearest selected Existing-network node to projected cell centroid,282.8152312134965
28841,SC_28841,2177124904,N_2177124904_ede9354,nearest selected Existing-network node to projected cell centroid,210.2914049766261
28842,SC_28842,2177124904,N_2177124904_ede9354,nearest selected Existing-network node to projected cell centroid,168.7023858981943
28843,SC_28843,2177135101,N_2177135101_8cb6217,nearest selected Existing-network node to projected cell centroid,126.39709277751427
28844,SC_28844,2177136202,N_2177136202_59e8418,nearest selected Existing-network node to projected cell centroid,71.78669953724585
28845,SC_28845,2177136205,N_2177136205_14035fa,nearest selected Existing-network node to projected cell centroid,7.145841473202051
28846,SC_28846,2177136207,N_2177136207_6f0ed07,nearest selected Existing-network node to projected cell centroid,89.21967311107886
28847,SC_28847,2177138401,N_2177138401_f68c5b7,nearest selected Existing-network node to projected cell centroid,153.3101881353722
28848,SC_28848,2177138401,N_2177138401_f68c5b7,nearest selected Existing-network node to projected cell centroid,170.76256553093413
28849,SC_28849,2177138501,N_2177138501_c53b274,nearest selected Existing-network node to projected cell centroid,218.22201920429316
28850,SC_28850,2177139602,N_2177139602_0d3d523,nearest selected Existing-network node to projected cell centroid,255.5837638124828
28851,SC_28851,2177139602,N_2177139602_0d3d523,nearest selected Existing-network node to projected cell centroid,290.7332803879546
28852,SC_28852,2177139702,N_2177139702_b98b552,nearest selected Existing-network node to projected cell centroid,348.101740331333
28853,SC_28853,2177139702,N_2177139702_b98b552,nearest selected Existing-network node to projected cell centroid,420.8840477164843
28857,SC_28857,2178142204,N_2178142204_b90abad,nearest selected Existing-network node to projected cell centroid,662.7677400171117
28858,SC_28858,2178143201,N_2178143201_1ba1200,nearest selected Existing-network node to projected cell centroid,694.1324378386423
28859,SC_28859,2178143303,N_2178143303_6328d44,nearest selected Existing-network node to projected cell centroid,728.7742885116545
28863,SC_28863,2176147804,N_2176147804_66a4857,nearest selected Existing-network node to projected cell centroid,873.3301558929851
28864,SC_28864,2176147804,N_2176147804_66a4857,nearest selected Existing-network node to projected cell centroid,894.7521451176267
28865,SC_28865,2176157101,N_2176157101_e04a53b,nearest selected Existing-network node to projected cell centroid,925.1583661044914
28866,SC_28866,2176157501,N_2176157501_1296131,nearest selected Existing-network node to projected cell centroid,914.8385946431468
28867,SC_28867,2176158701,N_2176158701_0fa4e6c,nearest selected Existing-network node to projected cell centroid,891.509462780926
28875,SC_28875,2176158801,N_2176158801_53280ec,nearest selected Existing-network node to projected cell centroid,937.9731266573526
28876,SC_28876,2176158801,N_2176158801_53280ec,nearest selected Existing-network node to projected cell centroid,987.2200698586996
28877,SC_28877,2176158801,N_2176158801_53280ec,nearest selected Existing-network node to projected cell centroid,1043.7496569255782
29079,SC_29079,2177096102,N_2177096102_cd846ff,nearest selected Existing-network node to projected cell centroid,166.73186174366268
29080,SC_29080,2177096104,N_2177096104_f722e4d,nearest selected Existing-network node to projected cell centroid,106.0143965786996
29081,SC_29081,2177097201,N_2177097201_b110c05,nearest selected Existing-network node to projected cell centroid,61.69883188049526
29082,SC_29082,2177097303,N_2177097303_761a287,nearest selected Existing-network node to projected cell centroid,18.255697477716566
29083,SC_29083,2177097402,N_2177097402_0bbb9be,nearest selected Existing-network node to projected cell centroid,36.672252362666434
29084,SC_29084,2177098502,N_2177098502_71305d2,nearest selected Existing-network node to projected cell centroid,69.08102457756337
29085,SC_29085,2177097605,N_2177097605_441c25a,nearest selected Existing-network node to projected cell centroid,19.144287105769266
29086,SC_29086,2177097703,N_2177097703_b9bd884,nearest selected Existing-network node to projected cell centroid,36.789828624149
29087,SC_29087,2177097802,N_2177097802_b2b7aad,nearest selected Existing-network node to projected cell centroid,15.194823132475443
29088,SC_29088,2177097801,N_2177097801_4a9094c,nearest selected Existing-network node to projected cell centroid,90.96371271969105
29089,SC_29089,2177096904,N_2177096904_682a880,nearest selected Existing-network node to projected cell centroid,137.5589946660619
29090,SC_29090,2177105103!,N_2177105103_cc0cbb9,nearest selected Existing-network node to projected cell centroid,206.6094333202606
29091,SC_29091,2177105203,N_2177105203_6961cff,nearest selected Existing-network node to projected cell centroid,216.0151404320937
29092,SC_29092,2177106403,N_2177106403_b914a8f,nearest selected Existing-network node to projected cell centroid,141.13561959092365
29093,SC_29093,2177107401!,N_2177107401_0dc040f,nearest selected Existing-network node to projected cell centroid,63.060806763098746
29094,SC_29094,2177107502!,N_2177107502_85491ab,nearest selected Existing-network node to projected cell centroid,18.857505650355
29095,SC_29095,2177108502,N_2177108502_cf265b6,nearest selected Existing-network node to projected cell centroid,92.17043042071316
29096,SC_29096,2177108601!,N_2177108601_91bc79c,nearest selected Existing-network node to projected cell centroid,169.50828719551356
29097,SC_29097,2177109801,N_2177109801_9cfdb77,nearest selected Existing-network node to projected cell centroid,213.2546991681157
29098,SC_29098,2177109902!,N_2177109902_263ab19,nearest selected Existing-network node to projected cell centroid,196.0828714803789
29099,SC_29099,2177118101!,N_2177118101_8255d88,nearest selected Existing-network node to projected cell centroid,109.73718628493091
29100,SC_29100,2177117101,N_2177117101_aa1ba18,nearest selected Existing-network node to projected cell centroid,27.93185179720343
29101,SC_29101,2177117101,N_2177117101_aa1ba18,nearest selected Existing-network node to projected cell centroid,72.08459159483829
29102,SC_29102,2177116202,N_2177116202_c504476,nearest selected Existing-network node to projected cell centroid,150.07005623926415
29103,SC_29103,2177116503,N_2177116503_92549b7,nearest selected Existing-network node to projected cell centroid,172.9387512485319
29104,SC_29104,2177116503,N_2177116503_92549b7,nearest selected Existing-network node to projected cell centroid,113.86145829107429
29105,SC_29105,2177116701,N_2177116701_85db9bd,nearest selected Existing-network node to projected cell centroid,110.61398516309482
29106,SC_29106,2177117803,N_2177117803_5761735,nearest selected Existing-network node to projected cell centroid,75.79451452298139
29107,SC_29107,2177117804,N_2177117804_2a0382c,nearest selected Existing-network node to projected cell centroid,30.145407904533997
29108,SC_29108,2177117804,N_2177117804_2a0382c,nearest selected Existing-network node to projected cell centroid,105.98021333446437
29109,SC_29109,2177117804,N_2177117804_2a0382c,nearest selected Existing-network node to projected cell centroid,203.850105761823
29110,SC_29110,2177129101,N_2177129101_3fcd860,nearest selected Existing-network node to projected cell centroid,208.8380030252323
29111,SC_29111,2177129101,N_2177129101_3fcd860,nearest selected Existing-network node to projected cell centroid,245.3200185635245
29112,SC_29112,2177129101,N_2177129101_3fcd860,nearest selected Existing-network node to projected cell centroid,311.0474425364225
29113,SC_29113,2177129101,N_2177129101_3fcd860,nearest selected Existing-network node to projected cell centroid,391.5598440965188
29114,SC_29114,2177129101,N_2177129101_3fcd860,nearest selected Existing-network node to projected cell centroid,479.46606919502784
29115,SC_29115,2177124904,N_2177124904_ede9354,nearest selected Existing-network node to projected cell centroid,423.0736047169893
29116,SC_29116,2177124904,N_2177124904_ede9354,nearest selected Existing-network node to projected cell centroid,351.04030396654923
29117,SC_29117,2177124904,N_2177124904_ede9354,nearest selected Existing-network node to projected cell centroid,295.7487362773122
29118,SC_29118,2177135101,N_2177135101_8cb6217,nearest selected Existing-network node to projected cell centroid,265.88487182373154
29119,SC_29119,2177137204,N_2177137204_f320986,nearest selected Existing-network node to projected cell centroid,196.40361964475036
29120,SC_29120,2177137205,N_2177137205_e96fb60,nearest selected Existing-network node to projected cell centroid,96.43347877927414
29121,SC_29121,2177137205,N_2177137205_e96fb60,nearest selected Existing-network node to projected cell centroid,3.9058712623699128
29122,SC_29122,2177137301,N_2177137301_c73bbf2,nearest selected Existing-network node to projected cell centroid,47.91110256553535
29123,SC_29123,2177138401,N_2177138401_f68c5b7,nearest selected Existing-network node to projected cell centroid,56.13620746721296
29124,SC_29124,2177138401,N_2177138401_f68c5b7,nearest selected Existing-network node to projected cell centroid,93.84622416168553
29125,SC_29125,2177138502,N_2177138502_97fbf3e,nearest selected Existing-network node to projected cell centroid,126.11090257172488
29126,SC_29126,2177139602,N_2177139602_0d3d523,nearest selected Existing-network node to projected cell centroid,158.24519053422725
29127,SC_29127,2177139702,N_2177139702_b98b552,nearest selected Existing-network node to projected cell centroid,207.17070648121955
29128,SC_29128,2177139702,N_2177139702_b98b552,nearest selected Existing-network node to projected cell centroid,280.8705424647388
29129,SC_29129,2177139704,N_2177139704_9d1567b,nearest selected Existing-network node to projected cell centroid,362.8443879620324
29130,SC_29130,2177139704,N_2177139704_9d1567b,nearest selected Existing-network node to projected cell centroid,450.90844955059134
29131,SC_29131,2178142101,N_2178142101_f782355,nearest selected Existing-network node to projected cell centroid,517.4708859501543
29132,SC_29132,2178142102,N_2178142102_53b816a,nearest selected Existing-network node to projected cell centroid,538.6902220230713
29133,SC_29133,2178142204,N_2178142204_b90abad,nearest selected Existing-network node to projected cell centroid,566.6877951836549
29134,SC_29134,2178143201,N_2178143201_1ba1200,nearest selected Existing-network node to projected cell centroid,601.444744978672
29135,SC_29135,2178143303,N_2178143303_6328d44,nearest selected Existing-network node to projected cell centroid,636.1529718537207
29136,SC_29136,2178143402,N_2178143402_228b9aa,nearest selected Existing-network node to projected cell centroid,678.4260471095952
29137,SC_29137,2178143402,N_2178143402_228b9aa,nearest selected Existing-network node to projected cell centroid,728.6959183345468
29138,SC_29138,2178143402,N_2178143402_228b9aa,nearest selected Existing-network node to projected cell centroid,788.5008442596028
29139,SC_29139,2178143402,N_2178143402_228b9aa,nearest selected Existing-network node to projected cell centroid,855.8442740351683
29140,SC_29140,2178143402,N_2178143402_228b9aa,nearest selected Existing-network node to projected cell centroid,929.0884034361112
29141,SC_29141,2178143402,N_2178143402_228b9aa,nearest selected Existing-network node to projected cell centroid,1006.946424294828
29142,SC_29142,2176157501,N_2176157501_1296131,nearest selected Existing-network node to projected cell centroid,1012.1941089785374
29143,SC_29143,2176158701,N_2176158701_0fa4e6c,nearest selected Existing-network node to projected cell centroid,987.0847897876992
29144,SC_29144,2176158701,N_2176158701_0fa4e6c,nearest selected Existing-network node to projected cell centroid,963.9254235836328
29148,SC_29148,2176158801,N_2176158801_53280ec,nearest selected Existing-network node to projected cell centroid,944.8243468138866
29149,SC_29149,2176158801,N_2176158801_53280ec,nearest selected Existing-network node to projected cell centroid,963.0695334879686
29150,SC_29150,2176158801,N_2176158801_53280ec,nearest selected Existing-network node to projected cell centroid,991.1169488678818
29151,SC_29151,2176158801,N_2176158801_53280ec,nearest selected Existing-network node to projected cell centroid,1028.164717510587
29152,SC_29152,2176158801,N_2176158801_53280ec,nearest selected Existing-network node to projected cell centroid,1073.2812149358022
29357,SC_29357,2177096201,N_2177096201_1916d31,nearest selected Existing-network node to projected cell centroid,194.089461739521
29358,SC_29358,2177097301,N_2177097301_fc9dea7,nearest selected Existing-network node to projected cell centroid,149.41068554387562
29359,SC_29359,2177097304,N_2177097304_ad7b397,nearest selected Existing-network node to projected cell centroid,101.98821045916056
29360,SC_29360,2177098406,N_2177098406_4d04a70,nearest selected Existing-network node to projected cell centroid,25.18345334186004
29361,SC_29361,2177098503,N_2177098503_b6210ba,nearest selected Existing-network node to projected cell centroid,29.51792186092105
29362,SC_29362,2177098602,N_2177098602_8cf800b,nearest selected Existing-network node to projected cell centroid,20.207383746611598
29363,SC_29363,2177098603,N_2177098603_55f7b34,nearest selected Existing-network node to projected cell centroid,93.62756420280115
29364,SC_29364,2177098802,N_2177098802_2a31c7c,nearest selected Existing-network node to projected cell centroid,38.43740978730318
29365,SC_29365,2177098902,N_2177098902_7586844,nearest selected Existing-network node to projected cell centroid,33.20392905166146
29366,SC_29366,2177098902,N_2177098902_7586844,nearest selected Existing-network node to projected cell centroid,132.05839960098575
29367,SC_29367,2177098902,N_2177098902_7586844,nearest selected Existing-network node to projected cell centroid,231.89726368777943
29368,SC_29368,2177106404!,N_2177106404_6a5fd8d,nearest selected Existing-network node to projected cell centroid,281.5972495509373
29369,SC_29369,2177107501,N_2177107501_084c7eb,nearest selected Existing-network node to projected cell centroid,202.89306329786365
29370,SC_29370,2177107503,N_2177107503_46cc85a,nearest selected Existing-network node to projected cell centroid,126.053281831965
29371,SC_29371,2177108502,N_2177108502_cf265b6,nearest selected Existing-network node to projected cell centroid,49.92783037631548
29372,SC_29372,2177108601!,N_2177108601_91bc79c,nearest selected Existing-network node to projected cell centroid,28.363346594184616
29373,SC_29373,2177109601!,N_2177109601_795ec84,nearest selected Existing-network node to projected cell centroid,106.8373280078242
29374,SC_29374,2177109802,N_2177109802_043ace6,nearest selected Existing-network node to projected cell centroid,118.14101365381616
29375,SC_29375,2177109902!,N_2177109902_263ab19,nearest selected Existing-network node to projected cell centroid,96.09345706449726
29376,SC_29376,2177118001!,N_2177118001_db3dbd7,nearest selected Existing-network node to projected cell centroid,59.67440184481824
29377,SC_29377,2177118101!,N_2177118101_8255d88,nearest selected Existing-network node to projected cell centroid,44.09455813586104
29378,SC_29378,2177118101!,N_2177118101_8255d88,nearest selected Existing-network node to projected cell centroid,114.47309752965074
29379,SC_29379,2178110301,N_2178110301_c1d0398,nearest selected Existing-network node to projected cell centroid,152.14041397563963
29380,SC_29380,2178110303!,N_2178110303_ab41279,nearest selected Existing-network node to projected cell centroid,171.90671751307175
29381,SC_29381,2178110403!,N_2178110403_2127a2a,nearest selected Existing-network node to projected cell centroid,198.04687889368893
29382,SC_29382,2177117803,N_2177117803_5761735,nearest selected Existing-network node to projected cell centroid,185.530828797212
29383,SC_29383,2177118801,N_2177118801_0c938e6,nearest selected Existing-network node to projected cell centroid,99.58555312806786
29384,SC_29384,2177118801,N_2177118801_0c938e6,nearest selected Existing-network node to projected cell centroid,0.5677960210498736
29385,SC_29385,2177118801,N_2177118801_0c938e6,nearest selected Existing-network node to projected cell centroid,100.41594690496036
29386,SC_29386,2177129101,N_2177129101_3fcd860,nearest selected Existing-network node to projected cell centroid,125.6855262552854
29387,SC_29387,2177129101,N_2177129101_3fcd860,nearest selected Existing-network node to projected cell centroid,111.20005175587426
29388,SC_29388,2177129101,N_2177129101_3fcd860,nearest selected Existing-network node to projected cell centroid,170.10012201921018
29389,SC_29389,2177129101,N_2177129101_3fcd860,nearest selected Existing-network node to projected cell centroid,255.9348579451249
29390,SC_29390,2177129101,N_2177129101_3fcd860,nearest selected Existing-network node to projected cell centroid,349.3869652861027
29391,SC_29391,2177129101,N_2177129101_3fcd860,nearest selected Existing-network node to projected cell centroid,445.6903089728039
29392,SC_29392,2177124904,N_2177124904_ede9354,nearest selected Existing-network node to projected cell centroid,492.1748825476684
29393,SC_29393,2177124904,N_2177124904_ede9354,nearest selected Existing-network node to projected cell centroid,431.8265103157876
29394,SC_29394,2177124904,N_2177124904_ede9354,nearest selected Existing-network node to projected cell centroid,388.2166341261165
29395,SC_29395,2177137207,N_2177137207_9d0d3d7,nearest selected Existing-network node to projected cell centroid,308.1063307205264
29396,SC_29396,2177137207,N_2177137207_9d0d3d7,nearest selected Existing-network node to projected cell centroid,211.4363994935154
29397,SC_29397,2177138202,N_2177138202_c903e2e,nearest selected Existing-network node to projected cell centroid,114.93190727537596
29398,SC_29398,2177138202,N_2177138202_c903e2e,nearest selected Existing-network node to projected cell centroid,18.579109519574438
29399,SC_29399,2177138205,N_2177138205_aaad3b8,nearest selected Existing-network node to projected cell centroid,49.8298158749713
29400,SC_29400,2177138401,N_2177138401_f68c5b7,nearest selected Existing-network node to projected cell centroid,52.9011700390523
29401,SC_29401,2177138501,N_2177138501_c53b274,nearest selected Existing-network node to projected cell centroid,7.715547313474635
29402,SC_29402,2177138601,N_2177138601_6c5a11a,nearest selected Existing-network node to projected cell centroid,40.28889753362763
29403,SC_29403,2177139701,N_2177139701_5da39da,nearest selected Existing-network node to projected cell centroid,68.00293652695392
29404,SC_29404,2177139703,N_2177139703_68fe056,nearest selected Existing-network node to projected cell centroid,141.4315448217805
29405,SC_29405,2177139704,N_2177139704_9d1567b,nearest selected Existing-network node to projected cell centroid,227.44561960457696
29406,SC_29406,2178130803,N_2178130803_5c5926a,nearest selected Existing-network node to projected cell centroid,312.0814412308621
29407,SC_29407,2178131801,N_2178131801_ea25dbc,nearest selected Existing-network node to projected cell centroid,383.1641266158607
29408,SC_29408,2178142101,N_2178142101_f782355,nearest selected Existing-network node to projected cell centroid,419.1695334929447
29409,SC_29409,2178142203,N_2178142203_3c3a61e,nearest selected Existing-network node to projected cell centroid,443.5681528080853
29410,SC_29410,2178142204,N_2178142204_b90abad,nearest selected Existing-network node to projected cell centroid,472.2383267089132
29411,SC_29411,2178143303,N_2178143303_6328d44,nearest selected Existing-network node to projected cell centroid,506.9021045532143
29412,SC_29412,2178143401,N_2178143401_141c24f,nearest selected Existing-network node to projected cell centroid,545.7885773526717
29413,SC_29413,2178143402,N_2178143402_228b9aa,nearest selected Existing-network node to projected cell centroid,590.7022612106105
29414,SC_29414,2178143402,N_2178143402_228b9aa,nearest selected Existing-network node to projected cell centroid,647.8155612518166
29415,SC_29415,2178143402,N_2178143402_228b9aa,nearest selected Existing-network node to projected cell centroid,714.4234328468546
29416,SC_29416,2178143402,N_2178143402_228b9aa,nearest selected Existing-network node to projected cell centroid,788.1222502894852
29417,SC_29417,2178143402,N_2178143402_228b9aa,nearest selected Existing-network node to projected cell centroid,867.1058305662809
29418,SC_29418,2178143402,N_2178143402_228b9aa,nearest selected Existing-network node to projected cell centroid,950.057030605383
29419,SC_29419,2178143402,N_2178143402_228b9aa,nearest selected Existing-network node to projected cell centroid,1036.0232629643967
29420,SC_29420,2176158701,N_2176158701_0fa4e6c,nearest selected Existing-network node to projected cell centroid,1083.4591096264398
29421,SC_29421,2176158701,N_2176158701_0fa4e6c,nearest selected Existing-network node to projected cell centroid,1062.4026930656646
29423,SC_29423,2176158801,N_2176158801_53280ec,nearest selected Existing-network node to projected cell centroid,1039.4240647270249
29424,SC_29424,2176158801,N_2176158801_53280ec,nearest selected Existing-network node to projected cell centroid,1036.924426529772
29425,SC_29425,2176158801,N_2176158801_53280ec,nearest selected Existing-network node to projected cell centroid,1044.0412570078552
29426,SC_29426,2176158801,N_2176158801_53280ec,nearest selected Existing-network node to projected cell centroid,1060.580985278818
29427,SC_29427,2176158801,N_2176158801_53280ec,nearest selected Existing-network node to projected cell centroid,1086.1132106440075
29428,SC_29428,2176158801,N_2176158801_53280ec,nearest selected Existing-network node to projected cell centroid,1120.0231186613428
29638,SC_29638,2177099404,N_2177099404_5c3783b,nearest selected Existing-network node to projected cell centroid,93.46643637532313
29639,SC_29639,2177099403,N_2177099403_3a480cb,nearest selected Existing-network node to projected cell centroid,7.740283983486372
29640,SC_29640,2177099402,N_2177099402_40bad5a,nearest selected Existing-network node to projected cell centroid,99.84464918860678
29641,SC_29641,2177099602,N_2177099602_ee8845d,nearest selected Existing-network node to projected cell centroid,23.530911463777716
29642,SC_29642,2177099602,N_2177099602_ee8845d,nearest selected Existing-network node to projected cell centroid,76.47198045589492
29643,SC_29643,2177098803,N_2177098803_506dd33,nearest selected Existing-network node to projected cell centroid,119.70111575534068
29644,SC_29644,2177098902,N_2177098902_7586844,nearest selected Existing-network node to projected cell centroid,114.40419969226876
29645,SC_29645,2177098902,N_2177098902_7586844,nearest selected Existing-network node to projected cell centroid,171.53787018595742
29646,SC_29646,2177098902,N_2177098902_7586844,nearest selected Existing-network node to projected cell centroid,256.4413400928958
29647,SC_29647,2177107501,N_2177107501_084c7eb,nearest selected Existing-network node to projected cell centroid,343.4814916941499
29648,SC_29648,2177107503,N_2177107503_46cc85a,nearest selected Existing-network node to projected cell centroid,266.809501072523
29649,SC_29649,2177108502,N_2177108502_cf265b6,nearest selected Existing-network node to projected cell centroid,191.0240514915144
29650,SC_29650,2177108602!,N_2177108602_8f8b797,nearest selected Existing-network node to projected cell centroid,112.83127709787946
29651,SC_29651,2177109602!,N_2177109602_acf7944,nearest selected Existing-network node to projected cell centroid,35.4759433094398
29652,SC_29652,2177109701,N_2177109701_6bc0e31,nearest selected Existing-network node to projected cell centroid,46.333325378714726
29653,SC_29653,2177109803!,N_2177109803_35414f8,nearest selected Existing-network node to projected cell centroid,25.287697400931396
29654,SC_29654,2177109902!,N_2177109902_263ab19,nearest selected Existing-network node to projected cell centroid,4.405961100822422
29655,SC_29655,2177119002!,N_2177119002_f01a872,nearest selected Existing-network node to projected cell centroid,4.048499001361987
29656,SC_29656,2177119001!,N_2177119001_2c6d53a,nearest selected Existing-network node to projected cell centroid,83.34651262172432
29657,SC_29657,2178110203,N_2178110203_62bf6c1,nearest selected Existing-network node to projected cell centroid,72.03777167735868
29658,SC_29658,2178110301,N_2178110301_c1d0398,nearest selected Existing-network node to projected cell centroid,52.280259827771125
29659,SC_29659,2178110401!,N_2178110401_ea8cf66,nearest selected Existing-network node to projected cell centroid,77.48157571985705
29660,SC_29660,2178110501,N_2178110501_018f3b7,nearest selected Existing-network node to projected cell centroid,102.65822926374864
29661,SC_29661,2178110501,N_2178110501_018f3b7,nearest selected Existing-network node to projected cell centroid,162.53089563592147
29662,SC_29662,2177119801,N_2177119801_3819d37,nearest selected Existing-network node to projected cell centroid,97.62722668689574
29663,SC_29663,2177119801,N_2177119801_3819d37,nearest selected Existing-network node to projected cell centroid,30.73101675903699
29664,SC_29664,2178110901,N_2178110901_a5f4a78,nearest selected Existing-network node to projected cell centroid,58.652178464402304
29665,SC_29665,2177129001,N_2177129001_7bf2eb6,nearest selected Existing-network node to projected cell centroid,38.50035787747216
29666,SC_29666,2177129101,N_2177129101_3fcd860,nearest selected Existing-network node to projected cell centroid,33.430398045062084
29667,SC_29667,2177129101,N_2177129101_3fcd860,nearest selected Existing-network node to projected cell centroid,132.98944136243435
29668,SC_29668,2177129101,N_2177129101_3fcd860,nearest selected Existing-network node to projected cell centroid,232.92657966478072
29669,SC_29669,2177129101,N_2177129101_3fcd860,nearest selected Existing-network node to projected cell centroid,332.90147418534286
29670,SC_29670,2177129101,N_2177129101_3fcd860,nearest selected Existing-network node to projected cell centroid,432.8879664707897
29671,SC_29671,2178123902,N_2178123902_de7f838,nearest selected Existing-network node to projected cell centroid,532.2408554119291
29672,SC_29672,2178133003,N_2178133003_b07e8ff,nearest selected Existing-network node to projected cell centroid,470.6118516452861
29673,SC_29673,2178133002,N_2178133002_91fc2fa,nearest selected Existing-network node to projected cell centroid,414.5690426198844
29674,SC_29674,2177138202,N_2177138202_c903e2e,nearest selected Existing-network node to projected cell centroid,333.62392496832524
29675,SC_29675,2177138202,N_2177138202_c903e2e,nearest selected Existing-network node to projected cell centroid,241.74524465200025
29676,SC_29676,2177139202,N_2177139202_0983e53,nearest selected Existing-network node to projected cell centroid,154.42650695669926
29677,SC_29677,2177139203,N_2177139203_48f7b65,nearest selected Existing-network node to projected cell centroid,66.07611876457239
29678,SC_29678,2177139305,N_2177139305_3901c37,nearest selected Existing-network node to projected cell centroid,28.943128559911404
29679,SC_29679,2177139401,N_2177139401_0cf6f45,nearest selected Existing-network node to projected cell centroid,31.09546832159234
29680,SC_29680,2177139502,N_2177139502_d65f90c,nearest selected Existing-network node to projected cell centroid,6.558367313815825
29681,SC_29681,2177139511,N_2177139511_53167c7,nearest selected Existing-network node to projected cell centroid,55.23759356086341
29682,SC_29682,2177139705,N_2177139705_6a8cd90,nearest selected Existing-network node to projected cell centroid,8.22896318717382
29683,SC_29683,2178130705,N_2178130705_7a8a6da,nearest selected Existing-network node to projected cell centroid,98.88997905222608
29684,SC_29684,2178130802,N_2178130802_4228985,nearest selected Existing-network node to projected cell centroid,171.9325676647494
29685,SC_29685,2178131801,N_2178131801_ea25dbc,nearest selected Existing-network node to projected cell centroid,242.18952893826105
29686,SC_29686,2178142101,N_2178142101_f782355,nearest selected Existing-network node to projected cell centroid,310.70545185218555
29687,SC_29687,2178142102,N_2178142102_53b816a,nearest selected Existing-network node to projected cell centroid,320.4415006023651
29688,SC_29688,2178142203,N_2178142203_3c3a61e,nearest selected Existing-network node to projected cell centroid,346.79404001258524
29689,SC_29689,2178143201,N_2178143201_1ba1200,nearest selected Existing-network node to projected cell centroid,378.2608376072883
29690,SC_29690,2178143303,N_2178143303_6328d44,nearest selected Existing-network node to projected cell centroid,412.9508246790777
29691,SC_29691,2178143402,N_2178143402_228b9aa,nearest selected Existing-network node to projected cell centroid,454.8192843330504
29692,SC_29692,2178143402,N_2178143402_228b9aa,nearest selected Existing-network node to projected cell centroid,507.53957619273984
29693,SC_29693,2178143402,N_2178143402_228b9aa,nearest selected Existing-network node to projected cell centroid,573.0028458939657
29694,SC_29694,2178143402,N_2178143402_228b9aa,nearest selected Existing-network node to projected cell centroid,647.3546952044619
29695,SC_29695,2178143402,N_2178143402_228b9aa,nearest selected Existing-network node to projected cell centroid,727.876322876311
29696,SC_29696,2178143402,N_2178143402_228b9aa,nearest selected Existing-network node to projected cell centroid,812.7359850557975
29697,SC_29697,2178143402,N_2178143402_228b9aa,nearest selected Existing-network node to projected cell centroid,900.7083997639277
29698,SC_29698,2178143402,N_2178143402_228b9aa,nearest selected Existing-network node to projected cell centroid,990.9649143163308
29699,SC_29699,2178143402,N_2178143402_228b9aa,nearest selected Existing-network node to projected cell centroid,1082.9345785441756
29700,SC_29700,2176158701,N_2176158701_0fa4e6c,nearest selected Existing-network node to projected cell centroid,1161.1402767260588
29701,SC_29701,2176158801,N_2176158801_53280ec,nearest selected Existing-network node to projected cell centroid,1150.183292495357
29702,SC_29702,2176158801,N_2176158801_53280ec,nearest selected Existing-network node to projected cell centroid,1139.1801816815046
29703,SC_29703,2176158801,N_2176158801_53280ec,nearest selected Existing-network node to projected cell centroid,1136.89989283857
29704,SC_29704,2176158801,N_2176158801_53280ec,nearest selected Existing-network node to projected cell centroid,1143.394615317388
29705,SC_29705,2176158801,N_2176158801_53280ec,nearest selected Existing-network node to projected cell centroid,1158.5167786170573
29706,SC_29706,2176158801,N_2176158801_53280ec,nearest selected Existing-network node to projected cell centroid,1181.9352800968798
29707,SC_29707,2176158801,N_2176158801_53280ec,nearest selected Existing-network node to projected cell centroid,1213.1697681438225
29917,SC_29917,2178090402,N_2178090402_d33e63d,nearest selected Existing-network node to projected cell centroid,35.77765956295918
29918,SC_29918,2178091403,N_2178091403_9e5afe8,nearest selected Existing-network node to projected cell centroid,99.30692115100229
29919,SC_29919,2178090602,N_2178090602_7bebcd1,nearest selected Existing-network node to projected cell centroid,28.871253385928892
29920,SC_29920,2178090603,N_2178090603_8f6f659,nearest selected Existing-network node to projected cell centroid,73.23468332450858
29921,SC_29921,2178090603,N_2178090603_8f6f659,nearest selected Existing-network node to projected cell centroid,171.78986827560303
29922,SC_29922,2177098902,N_2177098902_7586844,nearest selected Existing-network node to projected cell centroid,212.30671423671285
29923,SC_29923,2177098902,N_2177098902_7586844,nearest selected Existing-network node to projected cell centroid,247.812551963566
29924,SC_29924,2177098902,N_2177098902_7586844,nearest selected Existing-network node to projected cell centroid,312.64673500838126
29925,SC_29925,2177098902,N_2177098902_7586844,nearest selected Existing-network node to projected cell centroid,392.5364962804183
29926,SC_29926,2177108503!,N_2177108503_b6dfe75,nearest selected Existing-network node to projected cell centroid,330.9297837161616
29927,SC_29927,2177108602!,N_2177108602_8f8b797,nearest selected Existing-network node to projected cell centroid,252.6307920541851
29928,SC_29928,2177109602!,N_2177109602_acf7944,nearest selected Existing-network node to projected cell centroid,174.44363718947716
29929,SC_29929,2178100701!,N_2178100701_3294ddd,nearest selected Existing-network node to projected cell centroid,92.47927300402046
29930,SC_29930,2178100705,N_2178100705_c02407d,nearest selected Existing-network node to projected cell centroid,4.868195807392493
29931,SC_29931,2178100804,N_2178100804_f3b36e8,nearest selected Existing-network node to projected cell centroid,11.31463732082047
29932,SC_29932,2178100902,N_2178100902_8098d2d,nearest selected Existing-network node to projected cell centroid,9.436884239611157
29933,SC_29933,2178110001!,N_2178110001_8dd16bb,nearest selected Existing-network node to projected cell centroid,13.155916984183031
29934,SC_29934,2178110103,N_2178110103_1e42068,nearest selected Existing-network node to projected cell centroid,11.862868807126247
29935,SC_29935,2178110204,N_2178110204_54d0a29,nearest selected Existing-network node to projected cell centroid,14.081320651453304
29936,SC_29936,2178110301,N_2178110301_c1d0398,nearest selected Existing-network node to projected cell centroid,48.163737091711546
29937,SC_29937,2178110402!,N_2178110402_b671ef1,nearest selected Existing-network node to projected cell centroid,22.363239626764145
29938,SC_29938,2178110501,N_2178110501_018f3b7,nearest selected Existing-network node to projected cell centroid,29.4335189580512
29939,SC_29939,2178110501,N_2178110501_018f3b7,nearest selected Existing-network node to projected cell centroid,129.39826907227302
29940,SC_29940,2177119801,N_2177119801_3819d37,nearest selected Existing-network node to projected cell centroid,116.4026434117629
29941,SC_29941,2178110801,N_2178110801_0007b78,nearest selected Existing-network node to projected cell centroid,58.55608837272386
29942,SC_29942,2178110903,N_2178110903_5d51aef,nearest selected Existing-network node to projected cell centroid,27.326442082383767
29943,SC_29943,2178110902,N_2178110902_f84244f,nearest selected Existing-network node to projected cell centroid,64.93103527944571
29944,SC_29944,2177129101,N_2177129101_3fcd860,nearest selected Existing-network node to projected cell centroid,99.3465224172113
29945,SC_29945,2177129101,N_2177129101_3fcd860,nearest selected Existing-network node to projected cell centroid,162.59868239575172
29946,SC_29946,2177129101,N_2177129101_3fcd860,nearest selected Existing-network node to projected cell centroid,251.011815493366
29947,SC_29947,2177129101,N_2177129101_3fcd860,nearest selected Existing-network node to projected cell centroid,345.7969512845894
29948,SC_29948,2177129101,N_2177129101_3fcd860,nearest selected Existing-network node to projected cell centroid,442.8816224660465
29949,SC_29949,2178123903,N_2178123903_a1c155d,nearest selected Existing-network node to projected cell centroid,457.4921467534631
29950,SC_29950,2178123901,N_2178123901_11b7871,nearest selected Existing-network node to projected cell centroid,391.32700112912426
29951,SC_29951,2178133002,N_2178133002_91fc2fa,nearest selected Existing-network node to projected cell centroid,330.38576104535
29952,SC_29952,2178132001,N_2178132001_03e9cfa,nearest selected Existing-network node to projected cell centroid,277.07196258181
29953,SC_29953,2178132103,N_2178132103_f5eb89f,nearest selected Existing-network node to projected cell centroid,229.6082886988852
29954,SC_29954,2178132202,N_2178132202_72f17b4,nearest selected Existing-network node to projected cell centroid,182.534861136272
29955,SC_29955,2178131201,N_2178131201_722f590,nearest selected Existing-network node to projected cell centroid,134.7838720663609
29956,SC_29956,2178131301,N_2178131301_a04f5c6,nearest selected Existing-network node to projected cell centroid,71.43713984219383
29957,SC_29957,2178130404,N_2178130404_181d078,nearest selected Existing-network node to projected cell centroid,15.363162243186986
29958,SC_29958,2178130501,N_2178130501_d324718,nearest selected Existing-network node to projected cell centroid,67.02160196015768
29959,SC_29959,2178130606,N_2178130606_3ec74b3,nearest selected Existing-network node to projected cell centroid,20.28601603374153
29960,SC_29960,2178130706,N_2178130706_cfb6f4f,nearest selected Existing-network node to projected cell centroid,17.551500759654672
29961,SC_29961,2178130802,N_2178130802_4228985,nearest selected Existing-network node to projected cell centroid,34.26029517588011
29962,SC_29962,2178131801,N_2178131801_ea25dbc,nearest selected Existing-network node to projected cell centroid,102.4538331609816
29963,SC_29963,2178131802,N_2178131802_8c917be,nearest selected Existing-network node to projected cell centroid,194.56309129493
29964,SC_29964,2178142101,N_2178142101_f782355,nearest selected Existing-network node to projected cell centroid,210.8669196752444
29965,SC_29965,2178142102,N_2178142102_53b816a,nearest selected Existing-network node to projected cell centroid,222.7298707203291
29966,SC_29966,2178142204,N_2178142204_b90abad,nearest selected Existing-network node to projected cell centroid,250.5673107526245
29967,SC_29967,2178143302,N_2178143302_38c358e,nearest selected Existing-network node to projected cell centroid,287.69494280712973
29968,SC_29968,2178143401,N_2178143401_141c24f,nearest selected Existing-network node to projected cell centroid,322.3170041643467
29969,SC_29969,2178143402,N_2178143402_228b9aa,nearest selected Existing-network node to projected cell centroid,368.1410618279437
29970,SC_29970,2178143402,N_2178143402_228b9aa,nearest selected Existing-network node to projected cell centroid,431.5827630993663
29971,SC_29971,2178143402,N_2178143402_228b9aa,nearest selected Existing-network node to projected cell centroid,506.9512021932304
29972,SC_29972,2178143402,N_2178143402_228b9aa,nearest selected Existing-network node to projected cell centroid,589.6909032754697
29973,SC_29973,2178143402,N_2178143402_228b9aa,nearest selected Existing-network node to projected cell centroid,677.1050150504848
29974,SC_29974,2178143402,N_2178143402_228b9aa,nearest selected Existing-network node to projected cell centroid,767.5982291584545
29975,SC_29975,2178143402,N_2178143402_228b9aa,nearest selected Existing-network node to projected cell centroid,860.1993265562774
29976,SC_29976,2178143402,N_2178143402_228b9aa,nearest selected Existing-network node to projected cell centroid,954.2948817889315
29977,SC_29977,2178148801,N_2178148801_a1e1e39,nearest selected Existing-network node to projected cell centroid,1025.1999244007693
29978,SC_29978,2178148801,N_2178148801_a1e1e39,nearest selected Existing-network node to projected cell centroid,1089.3316873166436
29979,SC_29979,2178148801,N_2178148801_a1e1e39,nearest selected Existing-network node to projected cell centroid,1158.5560689897184
29980,SC_29980,2178148801,N_2178148801_a1e1e39,nearest selected Existing-network node to projected cell centroid,1232.0149370010463
29981,SC_29981,2176158801,N_2176158801_53280ec,nearest selected Existing-network node to projected cell centroid,1236.879325697785
29982,SC_29982,2176158801,N_2176158801_53280ec,nearest selected Existing-network node to projected cell centroid,1242.8516992542002
29983,SC_29983,2176158801,N_2176158801_53280ec,nearest selected Existing-network node to projected cell centroid,1256.7777155644903
29984,SC_29984,2176158801,N_2176158801_53280ec,nearest selected Existing-network node to projected cell centroid,1278.397475881404
30197,SC_30197,2178091502,N_2178091502_97cbb1c,nearest selected Existing-network node to projected cell centroid,18.148499383759905
30198,SC_30198,2178091603,N_2178091603_4f41d55,nearest selected Existing-network node to projected cell centroid,38.4265222580552
30204,SC_30204,2177098902,N_2177098902_7586844,nearest selected Existing-network node to projected cell centroid,453.9501304271953
30205,SC_30205,2177109601!,N_2177109601_795ec84,nearest selected Existing-network node to projected cell centroid,393.1638521806333
30206,SC_30206,2177109603!,N_2177109603_f68b372,nearest selected Existing-network node to projected cell centroid,314.9787225413359
30207,SC_30207,2178100705,N_2178100705_c02407d,nearest selected Existing-network node to projected cell centroid,228.07735383458885
30208,SC_30208,2178100705,N_2178100705_c02407d,nearest selected Existing-network node to projected cell centroid,146.27070565467673
30209,SC_30209,2178101701,N_2178101701_55e404f,nearest selected Existing-network node to projected cell centroid,71.46981737046359
30210,SC_30210,2178101802!,N_2178101802_e83e3c5,nearest selected Existing-network node to projected cell centroid,12.376651358325065
30211,SC_30211,2178101804!,N_2178101804_8726200,nearest selected Existing-network node to projected cell centroid,82.11368877942195
30212,SC_30212,2178112002!,N_2178112002_d735985,nearest selected Existing-network node to projected cell centroid,71.6561116936464
30213,SC_30213,2178111103!,N_2178111103_705c8be,nearest selected Existing-network node to projected cell centroid,43.16795015566952
30214,SC_30214,2178111201!,N_2178111201_cd67640,nearest selected Existing-network node to projected cell centroid,30.97432920497361
30215,SC_30215,2178111302!,N_2178111302_ab99daa,nearest selected Existing-network node to projected cell centroid,23.315342526798503
30216,SC_30216,2178112401!,N_2178112401_a1b78ee,nearest selected Existing-network node to projected cell centroid,53.3668673443047
30217,SC_30217,2178111503,N_2178111503_7416d92,nearest selected Existing-network node to projected cell centroid,26.13412498505409
30218,SC_30218,2178111504!,N_2178111504_db45834,nearest selected Existing-network node to projected cell centroid,120.10934768573377
30219,SC_30219,2177119801,N_2177119801_3819d37,nearest selected Existing-network node to projected cell centroid,193.82485752843343
30220,SC_30220,2178110801,N_2178110801_0007b78,nearest selected Existing-network node to projected cell centroid,154.0159585502938
30221,SC_30221,2178110903,N_2178110903_5d51aef,nearest selected Existing-network node to projected cell centroid,126.6327542132618
30222,SC_30222,2178110902,N_2178110902_f84244f,nearest selected Existing-network node to projected cell centroid,146.808853088627
30223,SC_30223,2177129101,N_2177129101_3fcd860,nearest selected Existing-network node to projected cell centroid,196.52448071254543
30224,SC_30224,2177129101,N_2177129101_3fcd860,nearest selected Existing-network node to projected cell centroid,234.9265236617116
30225,SC_30225,2177129101,N_2177129101_3fcd860,nearest selected Existing-network node to projected cell centroid,302.9175985647216
30226,SC_30226,2178124201,N_2178124201_314fd92,nearest selected Existing-network node to projected cell centroid,374.1692898987253
30227,SC_30227,2178124201,N_2178124201_314fd92,nearest selected Existing-network node to projected cell centroid,436.2780048363591
30228,SC_30228,2178124901,N_2178124901_5a44ae8,nearest selected Existing-network node to projected cell centroid,387.1799050424147
30229,SC_30229,2178123903,N_2178123903_a1c155d,nearest selected Existing-network node to projected cell centroid,316.2680261177324
30230,SC_30230,2178123901,N_2178123901_11b7871,nearest selected Existing-network node to projected cell centroid,250.5962925027435
30231,SC_30231,2178133002,N_2178133002_91fc2fa,nearest selected Existing-network node to projected cell centroid,191.3056483877368
30232,SC_30232,2178132104,N_2178132104_ee133c0,nearest selected Existing-network node to projected cell centroid,141.72277061794296
30233,SC_30233,2178132101,N_2178132101_62e4040,nearest selected Existing-network node to projected cell centroid,94.89115610943114
30234,SC_30234,2178131202,N_2178131202_e8fed4b,nearest selected Existing-network node to projected cell centroid,48.552446328644656
30235,SC_30235,2178131303,N_2178131303_b42036d,nearest selected Existing-network node to projected cell centroid,14.449248064075164
30236,SC_30236,2178131403,N_2178131403_beafdc7,nearest selected Existing-network node to projected cell centroid,14.290322263736822
30237,SC_30237,2178131606,N_2178131606_18baa04,nearest selected Existing-network node to projected cell centroid,73.23171822022984
30238,SC_30238,2178131604,N_2178131604_9da7595,nearest selected Existing-network node to projected cell centroid,20.16812677602707
30239,SC_30239,2178130711,N_2178130711_065583e,nearest selected Existing-network node to projected cell centroid,93.04030624331445
30240,SC_30240,2178131803,N_2178131803_b1f1e50,nearest selected Existing-network node to projected cell centroid,27.43364699047161
30241,SC_30241,2178131806,N_2178131806_520c96c,nearest selected Existing-network node to projected cell centroid,57.29575215711966
30242,SC_30242,2178132905,N_2178132905_0c5ed3b,nearest selected Existing-network node to projected cell centroid,122.85459628292512
30243,SC_30243,2178142101,N_2178142101_f782355,nearest selected Existing-network node to projected cell centroid,111.31863193545428
30244,SC_30244,2178142102,N_2178142102_53b816a,nearest selected Existing-network node to projected cell centroid,128.58629520245714
30245,SC_30245,2178143201,N_2178143201_1ba1200,nearest selected Existing-network node to projected cell centroid,156.2905668051496
30246,SC_30246,2178143303,N_2178143303_6328d44,nearest selected Existing-network node to projected cell centroid,190.69914422445623
30247,SC_30247,2178143402,N_2178143402_228b9aa,nearest selected Existing-network node to projected cell centroid,231.21258920246032
30248,SC_30248,2178143402,N_2178143402_228b9aa,nearest selected Existing-network node to projected cell centroid,290.16392161394486
30249,SC_30249,2178143402,N_2178143402_228b9aa,nearest selected Existing-network node to projected cell centroid,367.329472554356
30250,SC_30250,2178143402,N_2178143402_228b9aa,nearest selected Existing-network node to projected cell centroid,453.5049960118843
30251,SC_30251,2178143402,N_2178143402_228b9aa,nearest selected Existing-network node to projected cell centroid,544.4287110434359
30252,SC_30252,2178143402,N_2178143402_228b9aa,nearest selected Existing-network node to projected cell centroid,638.0740250230336
30253,SC_30253,2178143402,N_2178143402_228b9aa,nearest selected Existing-network node to projected cell centroid,733.3991419478024
30254,SC_30254,2178148801,N_2178148801_a1e1e39,nearest selected Existing-network node to projected cell centroid,829.3107409122953
30255,SC_30255,2178148801,N_2178148801_a1e1e39,nearest selected Existing-network node to projected cell centroid,885.0790614364815
30256,SC_30256,2178148801,N_2178148801_a1e1e39,nearest selected Existing-network node to projected cell centroid,948.142175516977
30257,SC_30257,2178148801,N_2178148801_a1e1e39,nearest selected Existing-network node to projected cell centroid,1017.144151531556
30258,SC_30258,2178148801,N_2178148801_a1e1e39,nearest selected Existing-network node to projected cell centroid,1090.958690783309
30259,SC_30259,2178148801,N_2178148801_a1e1e39,nearest selected Existing-network node to projected cell centroid,1168.674251019682
30260,SC_30260,2178148801,N_2178148801_a1e1e39,nearest selected Existing-network node to projected cell centroid,1249.5631816747791
30261,SC_30261,2178148801,N_2178148801_a1e1e39,nearest selected Existing-network node to projected cell centroid,1333.047930495367
30262,SC_30262,2176158801,N_2176158801_53280ec,nearest selected Existing-network node to projected cell centroid,1355.293077655809
30488,SC_30488,2178101701,N_2178101701_55e404f,nearest selected Existing-network node to projected cell centroid,212.8895835802519
30489,SC_30489,2178101803!,N_2178101803_8a3c00c,nearest selected Existing-network node to projected cell centroid,136.3377746360105
30490,SC_30490,2178102801,N_2178102801_07c562e,nearest selected Existing-network node to projected cell centroid,59.50648259389802
30491,SC_30491,2178102903!,N_2178102903_627eb88,nearest selected Existing-network node to projected cell centroid,10.016504886133731
30492,SC_30492,2178112003,N_2178112003_055a6d2,nearest selected Existing-network node to projected cell centroid,22.92762903600502
30493,SC_30493,2178112104!,N_2178112104_bd30ff4,nearest selected Existing-network node to projected cell centroid,23.523156864473314
30494,SC_30494,2178112105,N_2178112105_5f7df1a,nearest selected Existing-network node to projected cell centroid,74.57057891097966
30495,SC_30495,2178112401!,N_2178112401_a1b78ee,nearest selected Existing-network node to projected cell centroid,97.48272940375269
30496,SC_30496,2178112402!,N_2178112402_0e245c0,nearest selected Existing-network node to projected cell centroid,31.872271302371686
30497,SC_30497,2178112502!,N_2178112502_d093b2e,nearest selected Existing-network node to projected cell centroid,7.540977362253332
30498,SC_30498,2178112503!,N_2178112503_3a722c8,nearest selected Existing-network node to projected cell centroid,88.14664036342712
30499,SC_30499,2178113501,N_2178113501_e2a11ed,nearest selected Existing-network node to projected cell centroid,181.7266051631415
30500,SC_30500,2178110903,N_2178110903_5d51aef,nearest selected Existing-network node to projected cell centroid,250.4025048630988
30501,SC_30501,2178110903,N_2178110903_5d51aef,nearest selected Existing-network node to projected cell centroid,226.55015877811888
30502,SC_30502,2178110902,N_2178110902_f84244f,nearest selected Existing-network node to projected cell centroid,242.67187588992567
30503,SC_30503,2178124202!,N_2178124202_db361d0,nearest selected Existing-network node to projected cell centroid,229.36183964149092
30504,SC_30504,2178124201,N_2178124201_314fd92,nearest selected Existing-network node to projected cell centroid,215.17025236918747
30506,SC_30506,2178124201,N_2178124201_314fd92,nearest selected Existing-network node to projected cell centroid,294.90662506287566
30507,SC_30507,2178124201,N_2178124201_314fd92,nearest selected Existing-network node to projected cell centroid,370.54791526421167
30508,SC_30508,2178124902,N_2178124902_d1838c7,nearest selected Existing-network node to projected cell centroid,324.55957072993203
30509,SC_30509,2178124901,N_2178124901_5a44ae8,nearest selected Existing-network node to projected cell centroid,246.07518946834784
30510,SC_30510,2178123903,N_2178123903_a1c155d,nearest selected Existing-network node to projected cell centroid,175.3620949570378
30511,SC_30511,2178133003,N_2178133003_b07e8ff,nearest selected Existing-network node to projected cell centroid,111.55444822760816
30512,SC_30512,2178132001,N_2178132001_03e9cfa,nearest selected Existing-network node to projected cell centroid,58.626550767742174
30513,SC_30513,2178132103,N_2178132103_f5eb89f,nearest selected Existing-network node to projected cell centroid,6.508935768213549
30514,SC_30514,2178132202,N_2178132202_72f17b4,nearest selected Existing-network node to projected cell centroid,41.16862319769509
30515,SC_30515,2178131201,N_2178131201_722f590,nearest selected Existing-network node to projected cell centroid,88.84982934839287
30516,SC_30516,2178132405,N_2178132405_32b57ec,nearest selected Existing-network node to projected cell centroid,13.548620987150054
30517,SC_30517,2178132408,N_2178132408_8bd91a3,nearest selected Existing-network node to projected cell centroid,58.61266168803049
30518,SC_30518,2178132602,N_2178132602_45857d6,nearest selected Existing-network node to projected cell centroid,30.92830820193912
30519,SC_30519,2178132605,N_2178132605_14de3ae,nearest selected Existing-network node to projected cell centroid,55.34613843834248
30520,SC_30520,2178132901,N_2178132901_395c83d,nearest selected Existing-network node to projected cell centroid,80.2973951658618
30521,SC_30521,2178132902,N_2178132902_d9b7737,nearest selected Existing-network node to projected cell centroid,8.791005094367916
30522,SC_30522,2178132905,N_2178132905_0c5ed3b,nearest selected Existing-network node to projected cell centroid,56.39602672654869
30523,SC_30523,2178142101,N_2178142101_f782355,nearest selected Existing-network node to projected cell centroid,17.85547027205728
30524,SC_30524,2178142203,N_2178142203_3c3a61e,nearest selected Existing-network node to projected cell centroid,32.45652777921696
30525,SC_30525,2178143301,N_2178143301_1b59689,nearest selected Existing-network node to projected cell centroid,65.72428554653247
30526,SC_30526,2178143401,N_2178143401_141c24f,nearest selected Existing-network node to projected cell centroid,99.45517170215776
30527,SC_30527,2178143402,N_2178143402_228b9aa,nearest selected Existing-network node to projected cell centroid,148.74986187651857
30528,SC_30528,2178143402,N_2178143402_228b9aa,nearest selected Existing-network node to projected cell centroid,229.91816241645896
30529,SC_30529,2178143402,N_2178143402_228b9aa,nearest selected Existing-network node to projected cell centroid,321.8667448023158
30530,SC_30530,2178143402,N_2178143402_228b9aa,nearest selected Existing-network node to projected cell centroid,417.5332817995673
30531,SC_30531,2178143402,N_2178143402_228b9aa,nearest selected Existing-network node to projected cell centroid,514.8493774017744
30532,SC_30532,2178143402,N_2178143402_228b9aa,nearest selected Existing-network node to projected cell centroid,613.0299514800828
30533,SC_30533,2178148801,N_2178148801_a1e1e39,nearest selected Existing-network node to projected cell centroid,692.8826487901398
30534,SC_30534,2178148801,N_2178148801_a1e1e39,nearest selected Existing-network node to projected cell centroid,745.4495321584307
30535,SC_30535,2178148801,N_2178148801_a1e1e39,nearest selected Existing-network node to projected cell centroid,807.033856164663
30536,SC_30536,2178148801,N_2178148801_a1e1e39,nearest selected Existing-network node to projected cell centroid,875.7352824893999
30537,SC_30537,2178148801,N_2178148801_a1e1e39,nearest selected Existing-network node to projected cell centroid,950.0110130927808
30538,SC_30538,2178148801,N_2178148801_a1e1e39,nearest selected Existing-network node to projected cell centroid,1028.6542494921969
30539,SC_30539,2178148801,N_2178148801_a1e1e39,nearest selected Existing-network node to projected cell centroid,1110.7376850540084
30540,SC_30540,2178148801,N_2178148801_a1e1e39,nearest selected Existing-network node to projected cell centroid,1195.5529452934825
30541,SC_30541,2178148801,N_2178148801_a1e1e39,nearest selected Existing-network node to projected cell centroid,1282.5581799671716
30542,SC_30542,2178148801,N_2178148801_a1e1e39,nearest selected Existing-network node to projected cell centroid,1371.3366198718263
30773,SC_30773,2178112004,N_2178112004_557bbcd,nearest selected Existing-network node to projected cell centroid,118.10414553974212
30774,SC_30774,2178113103,N_2178113103_a59bc88,nearest selected Existing-network node to projected cell centroid,52.85220455458019
30775,SC_30775,2178113103,N_2178113103_a59bc88,nearest selected Existing-network node to projected cell centroid,55.50221191073256
30776,SC_30776,2178113103,N_2178113103_a59bc88,nearest selected Existing-network node to projected cell centroid,152.8647622170935
30779,SC_30779,2178113504,N_2178113504_4c73cb5,nearest selected Existing-network node to projected cell centroid,52.95019149372419
30780,SC_30780,2178113505!,N_2178113505_ba8c22c,nearest selected Existing-network node to projected cell centroid,146.6725489234296
30781,SC_30781,2178114601,N_2178114601_6929bf5,nearest selected Existing-network node to projected cell centroid,241.23994247035503
30782,SC_30782,2178125001!,N_2178125001_e599316,nearest selected Existing-network node to projected cell centroid,225.5213799269691
30783,SC_30783,2178125001!,N_2178125001_e599316,nearest selected Existing-network node to projected cell centroid,197.11857549358123
30787,SC_30787,2178124201,N_2178124201_314fd92,nearest selected Existing-network node to projected cell centroid,232.2437889559906
30788,SC_30788,2178124201,N_2178124201_314fd92,nearest selected Existing-network node to projected cell centroid,322.9133281692048
30789,SC_30789,2178124802,N_2178124802_f408b15,nearest selected Existing-network node to projected cell centroid,268.2611408792268
30790,SC_30790,2178124801,N_2178124801_878a6a4,nearest selected Existing-network node to projected cell centroid,184.8818987686808
30791,SC_30791,2178124901,N_2178124901_5a44ae8,nearest selected Existing-network node to projected cell centroid,105.8192745916987
30792,SC_30792,2178123902,N_2178123902_de7f838,nearest selected Existing-network node to projected cell centroid,35.230500726526635
30793,SC_30793,2178133003,N_2178133003_b07e8ff,nearest selected Existing-network node to projected cell centroid,29.89205451370898
30794,SC_30794,2178132104,N_2178132104_ee133c0,nearest selected Existing-network node to projected cell centroid,83.27883115031162
30795,SC_30795,2178132101,N_2178132101_62e4040,nearest selected Existing-network node to projected cell centroid,130.05649354783318
30796,SC_30796,2178132405,N_2178132405_32b57ec,nearest selected Existing-network node to projected cell centroid,153.80177220362154
30797,SC_30797,2178132408,N_2178132408_8bd91a3,nearest selected Existing-network node to projected cell centroid,89.25729164584016
30798,SC_30798,2178132408,N_2178132408_8bd91a3,nearest selected Existing-network node to projected cell centroid,93.18102871720218
30799,SC_30799,2178133601,N_2178133601_bf4676a,nearest selected Existing-network node to projected cell centroid,61.11366164334996
30800,SC_30800,2178133702,N_2178133702_8a05632,nearest selected Existing-network node to projected cell centroid,24.10469740239616
30801,SC_30801,2178134801,N_2178134801_4e89c82,nearest selected Existing-network node to projected cell centroid,63.34275513527319
30802,SC_30802,2178132904,N_2178132904_158e338,nearest selected Existing-network node to projected cell centroid,97.7461176332049
30803,SC_30803,2178143003,N_2178143003_8acb50e,nearest selected Existing-network node to projected cell centroid,11.642834291808038
30804,SC_30804,2178142104,N_2178142104_fff4fcd,nearest selected Existing-network node to projected cell centroid,68.40695909261959
30805,SC_30805,2178142204,N_2178142204_b90abad,nearest selected Existing-network node to projected cell centroid,66.58000619925348
30806,SC_30806,2178143302,N_2178143302_38c358e,nearest selected Existing-network node to projected cell centroid,29.006553121296815
30807,SC_30807,2178143402,N_2178143402_228b9aa,nearest selected Existing-network node to projected cell centroid,7.611925524016306
30808,SC_30808,2178143402,N_2178143402_228b9aa,nearest selected Existing-network node to projected cell centroid,103.89312494511378
30809,SC_30809,2178143402,N_2178143402_228b9aa,nearest selected Existing-network node to projected cell centroid,203.7881778012132
30810,SC_30810,2178143402,N_2178143402_228b9aa,nearest selected Existing-network node to projected cell centroid,303.7523027274308
30811,SC_30811,2178143402,N_2178143402_228b9aa,nearest selected Existing-network node to projected cell centroid,403.7341964868651
30812,SC_30812,2178143402,N_2178143402_228b9aa,nearest selected Existing-network node to projected cell centroid,503.723278609965
30813,SC_30813,2178148801,N_2178148801_a1e1e39,nearest selected Existing-network node to projected cell centroid,558.9422376206509
30814,SC_30814,2178148801,N_2178148801_a1e1e39,nearest selected Existing-network node to projected cell centroid,606.6506943844729
30815,SC_30815,2178148801,N_2178148801_a1e1e39,nearest selected Existing-network node to projected cell centroid,666.0583345308022
30816,SC_30816,2178148801,N_2178148801_a1e1e39,nearest selected Existing-network node to projected cell centroid,734.3312229496503
30817,SC_30817,2178148801,N_2178148801_a1e1e39,nearest selected Existing-network node to projected cell centroid,809.2286358004836
30818,SC_30818,2178148801,N_2178148801_a1e1e39,nearest selected Existing-network node to projected cell centroid,889.077963398202
30819,SC_30819,2178148801,N_2178148801_a1e1e39,nearest selected Existing-network node to projected cell centroid,972.6604057948888
30820,SC_30820,2178148801,N_2178148801_a1e1e39,nearest selected Existing-network node to projected cell centroid,1059.09249124043
30821,SC_30821,2178148801,N_2178148801_a1e1e39,nearest selected Existing-network node to projected cell centroid,1147.7306064589563
30822,SC_30822,2178148801,N_2178148801_a1e1e39,nearest selected Existing-network node to projected cell centroid,1238.1010399007937
31061,SC_31061,2178114602!,N_2178114602_1fc5177,nearest selected Existing-network node to projected cell centroid,20.801657986903685
31063,SC_31063,2178115901,N_2178115901_b500719,nearest selected Existing-network node to projected cell centroid,197.66954379930263
31064,SC_31064,2178115901,N_2178115901_b500719,nearest selected Existing-network node to projected cell centroid,135.68009635386989
31065,SC_31065,2178125001!,N_2178125001_e599316,nearest selected Existing-network node to projected cell centroid,97.38065930921142
31066,SC_31066,2178124202!,N_2178124202_db361d0,nearest selected Existing-network node to projected cell centroid,68.27425202281981
31069,SC_31069,2178124201,N_2178124201_314fd92,nearest selected Existing-network node to projected cell centroid,202.2484549045897
31070,SC_31070,2178124201,N_2178124201_314fd92,nearest selected Existing-network node to projected cell centroid,302.0600561344908
31071,SC_31071,2178124802,N_2178124802_f408b15,nearest selected Existing-network node to projected cell centroid,236.15947939577995
31072,SC_31072,2178124802,N_2178124802_f408b15,nearest selected Existing-network node to projected cell centroid,137.64860954227444
31073,SC_31073,2178124802,N_2178124802_f408b15,nearest selected Existing-network node to projected cell centroid,46.07580394694416
31074,SC_31074,2178124902,N_2178124902_d1838c7,nearest selected Existing-network node to projected cell centroid,36.31549201162136
31075,SC_31075,2178123902,N_2178123902_de7f838,nearest selected Existing-network node to projected cell centroid,108.09323838477012
31076,SC_31076,2178133001,N_2178133001_634aa4f,nearest selected Existing-network node to projected cell centroid,163.1032444190998
31077,SC_31077,2178132103,N_2178132103_f5eb89f,nearest selected Existing-network node to projected cell centroid,217.63447854243796
31078,SC_31078,2178135403,N_2178135403_c4ee85a,nearest selected Existing-network node to projected cell centroid,178.4281328899989
31079,SC_31079,2178135403,N_2178135403_c4ee85a,nearest selected Existing-network node to projected cell centroid,111.23146410697872
31080,SC_31080,2178135403,N_2178135403_c4ee85a,nearest selected Existing-network node to projected cell centroid,113.61460561104406
31081,SC_31081,2178133707,N_2178133707_1f3294a,nearest selected Existing-network node to projected cell centroid,143.42469663246516
31082,SC_31082,2178133707,N_2178133707_1f3294a,nearest selected Existing-network node to projected cell centroid,68.64607493969062
31083,SC_31083,2178134806,N_2178134806_3d51710,nearest selected Existing-network node to projected cell centroid,4.137730081551485
31084,SC_31084,2178134809,N_2178134809_50e5d42,nearest selected Existing-network node to projected cell centroid,75.58994093033944
31085,SC_31085,2178143003,N_2178143003_8acb50e,nearest selected Existing-network node to projected cell centroid,104.60791362532244
31086,SC_31086,2178143003,N_2178143003_8acb50e,nearest selected Existing-network node to projected cell centroid,136.96224148972013
31087,SC_31087,2178143201,N_2178143201_1ba1200,nearest selected Existing-network node to projected cell centroid,160.2752672118364
31088,SC_31088,2178143303,N_2178143303_6328d44,nearest selected Existing-network node to projected cell centroid,125.6287531395664
31089,SC_31089,2178143402,N_2178143402_228b9aa,nearest selected Existing-network node to projected cell centroid,93.4087865929156
31090,SC_31090,2178143402,N_2178143402_228b9aa,nearest selected Existing-network node to projected cell centroid,139.50283657846782
31091,SC_31091,2178143402,N_2178143402_228b9aa,nearest selected Existing-network node to projected cell centroid,224.0466054510011
31092,SC_31092,2178143402,N_2178143402_228b9aa,nearest selected Existing-network node to projected cell centroid,317.6991051526498
31093,SC_31093,2178148801,N_2178148801_a1e1e39,nearest selected Existing-network node to projected cell centroid,411.2637170934695
31094,SC_31094,2178148801,N_2178148801_a1e1e39,nearest selected Existing-network node to projected cell centroid,429.82145711716186
31095,SC_31095,2178148801,N_2178148801_a1e1e39,nearest selected Existing-network node to projected cell centroid,469.4199878564004
31096,SC_31096,2178148801,N_2178148801_a1e1e39,nearest selected Existing-network node to projected cell centroid,525.3225342586077
31097,SC_31097,2178148801,N_2178148801_a1e1e39,nearest selected Existing-network node to projected cell centroid,592.9354138526969
31098,SC_31098,2178148801,N_2178148801_a1e1e39,nearest selected Existing-network node to projected cell centroid,668.7159673594252
31099,SC_31099,2178148801,N_2178148801_a1e1e39,nearest selected Existing-network node to projected cell centroid,750.1930984768087
31100,SC_31100,2178148801,N_2178148801_a1e1e39,nearest selected Existing-network node to projected cell centroid,835.7022944823219
31101,SC_31101,2178148801,N_2178148801_a1e1e39,nearest selected Existing-network node to projected cell centroid,924.1249726112808
31102,SC_31102,2178148801,N_2178148801_a1e1e39,nearest selected Existing-network node to projected cell centroid,1014.6997610153376
31103,SC_31103,2178148801,N_2178148801_a1e1e39,nearest selected Existing-network node to projected cell centroid,1106.8984799905393
31104,SC_31104,2178148801,N_2178148801_a1e1e39,nearest selected Existing-network node to projected cell centroid,1200.3469852530764
31351,SC_31351,2178124201,N_2178124201_314fd92,nearest selected Existing-network node to projected cell centroid,218.79601804866795
31352,SC_31352,2178124201,N_2178124201_314fd92,nearest selected Existing-network node to projected cell centroid,313.38081867694274
31353,SC_31353,2178124802,N_2178124802_f408b15,nearest selected Existing-network node to projected cell centroid,244.08719694229623
31354,SC_31354,2178124802,N_2178124802_f408b15,nearest selected Existing-network node to projected cell centroid,150.84561548677183
31355,SC_31355,2178124802,N_2178124802_f408b15,nearest selected Existing-network node to projected cell centroid,77.00804965728408
31356,SC_31356,2178124802,N_2178124802_f408b15,nearest selected Existing-network node to projected cell centroid,95.42578117288032
31357,SC_31357,2178124801,N_2178124801_878a6a4,nearest selected Existing-network node to projected cell centroid,175.9800457427808
31358,SC_31358,2178123902,N_2178123902_de7f838,nearest selected Existing-network node to projected cell centroid,249.2531006578889
31359,SC_31359,2178135403,N_2178135403_c4ee85a,nearest selected Existing-network node to projected cell centroid,247.3216905336169
31360,SC_31360,2178135403,N_2178135403_c4ee85a,nearest selected Existing-network node to projected cell centroid,147.32229501734332
31361,SC_31361,2178135403,N_2178135403_c4ee85a,nearest selected Existing-network node to projected cell centroid,47.3254541441298
31362,SC_31362,2178135403,N_2178135403_c4ee85a,nearest selected Existing-network node to projected cell centroid,52.68338078292924
31363,SC_31363,2178136503,N_2178136503_97e1402,nearest selected Existing-network node to projected cell centroid,147.34068931105818
31364,SC_31364,2178135803,N_2178135803_fce4cc0,nearest selected Existing-network node to projected cell centroid,135.51783044537964
31365,SC_31365,2178135802,N_2178135802_f7537e2,nearest selected Existing-network node to projected cell centroid,46.58814602130103
31366,SC_31366,2178135802,N_2178135802_f7537e2,nearest selected Existing-network node to projected cell centroid,55.55443592058538
31367,SC_31367,2178135802,N_2178135802_f7537e2,nearest selected Existing-network node to projected cell centroid,154.92622551139232
31368,SC_31368,2178146205,N_2178146205_d4a0388,nearest selected Existing-network node to projected cell centroid,147.93652654775403
31369,SC_31369,2178146205,N_2178146205_d4a0388,nearest selected Existing-network node to projected cell centroid,126.81110317145658
31370,SC_31370,2178146208,N_2178146208_5a5eaa4,nearest selected Existing-network node to projected cell centroid,153.38992570226011
31371,SC_31371,2178143402,N_2178143402_228b9aa,nearest selected Existing-network node to projected cell centroid,193.371304529236
31372,SC_31372,2178143402,N_2178143402_228b9aa,nearest selected Existing-network node to projected cell centroid,219.38163418120573
31373,SC_31373,2178143402,N_2178143402_228b9aa,nearest selected Existing-network node to projected cell centroid,280.82760088120654
31374,SC_31374,2178148701,N_2178148701_f7c8290,nearest selected Existing-network node to projected cell centroid,295.73197896072054
31375,SC_31375,2178148801,N_2178148801_a1e1e39,nearest selected Existing-network node to projected cell centroid,311.5710914065363
31376,SC_31376,2178148801,N_2178148801_a1e1e39,nearest selected Existing-network node to projected cell centroid,335.68614061507384
31377,SC_31377,2178148801,N_2178148801_a1e1e39,nearest selected Existing-network node to projected cell centroid,385.0893727458939
31378,SC_31378,2178148801,N_2178148801_a1e1e39,nearest selected Existing-network node to projected cell centroid,451.5556056596008
31379,SC_31379,2178148801,N_2178148801_a1e1e39,nearest selected Existing-network node to projected cell centroid,528.6880980345518
31380,SC_31380,2178148801,N_2178148801_a1e1e39,nearest selected Existing-network node to projected cell centroid,612.4701992784422
31381,SC_31381,2178148801,N_2178148801_a1e1e39,nearest selected Existing-network node to projected cell centroid,700.5200817999137
31382,SC_31382,2178148801,N_2178148801_a1e1e39,nearest selected Existing-network node to projected cell centroid,791.4145721464449
31383,SC_31383,2178148801,N_2178148801_a1e1e39,nearest selected Existing-network node to projected cell centroid,884.2769164727322
31384,SC_31384,2178148801,N_2178148801_a1e1e39,nearest selected Existing-network node to projected cell centroid,978.5470377081044
31385,SC_31385,2178148801,N_2178148801_a1e1e39,nearest selected Existing-network node to projected cell centroid,1073.8542475625309
31386,SC_31386,2178148801,N_2178148801_a1e1e39,nearest selected Existing-network node to projected cell centroid,1169.9451205115872
31631,SC_31631,2178125103,N_2178125103_0cc0954,nearest selected Existing-network node to projected cell centroid,186.44106075013232
31632,SC_31632,2178124201,N_2178124201_314fd92,nearest selected Existing-network node to projected cell centroid,273.56709874656383
31633,SC_31633,2178124201,N_2178124201_314fd92,nearest selected Existing-network node to projected cell centroid,353.8005052530169
31634,SC_31634,2178124802,N_2178124802_f408b15,nearest selected Existing-network node to projected cell centroid,288.7660293625426
31635,SC_31635,2178124802,N_2178124802_f408b15,nearest selected Existing-network node to projected cell centroid,215.78150920374185
31636,SC_31636,2178124802,N_2178124802_f408b15,nearest selected Existing-network node to projected cell centroid,172.44564278253085
31637,SC_31637,2178124802,N_2178124802_f408b15,nearest selected Existing-network node to projected cell centroid,181.4203398605458
31638,SC_31638,2178124802,N_2178124802_f408b15,nearest selected Existing-network node to projected cell centroid,236.8315429066653
31639,SC_31639,2178124802,N_2178124802_f408b15,nearest selected Existing-network node to projected cell centroid,315.0635169548949
31640,SC_31640,2178136402,N_2178136402_4bd3466,nearest selected Existing-network node to projected cell centroid,251.17749160530676
31641,SC_31641,2178136402,N_2178136402_4bd3466,nearest selected Existing-network node to projected cell centroid,151.21498698760902
31642,SC_31642,2178136402,N_2178136402_4bd3466,nearest selected Existing-network node to projected cell centroid,51.3985631140756
31643,SC_31643,2178136501,N_2178136501_73e6872,nearest selected Existing-network node to projected cell centroid,23.94249506254701
31644,SC_31644,2178137601,N_2178137601_dedf1b3,nearest selected Existing-network node to projected cell centroid,50.1860752494371
31645,SC_31645,2178137603,N_2178137603_2aa84df,nearest selected Existing-network node to projected cell centroid,95.59964387319772
31646,SC_31646,2178136801,N_2178136801_2d17868,nearest selected Existing-network node to projected cell centroid,30.94446234814136
31647,SC_31647,2178136801,N_2178136801_2d17868,nearest selected Existing-network node to projected cell centroid,69.2343827212067
31648,SC_31648,2178147001,N_2178147001_2634e64,nearest selected Existing-network node to projected cell centroid,116.67039727572713
31649,SC_31649,2178146205,N_2178146205_d4a0388,nearest selected Existing-network node to projected cell centroid,82.90039740145761
31650,SC_31650,2178146205,N_2178146205_d4a0388,nearest selected Existing-network node to projected cell centroid,32.68510195589222
31651,SC_31651,2178146208,N_2178146208_5a5eaa4,nearest selected Existing-network node to projected cell centroid,71.94254172354233
31652,SC_31652,2178147302,N_2178147302_4f7349b,nearest selected Existing-network node to projected cell centroid,158.17714021764016
31653,SC_31653,2178148501,N_2178148501_2716d88,nearest selected Existing-network node to projected cell centroid,177.75050627923727
31654,SC_31654,2178148501,N_2178148501_2716d88,nearest selected Existing-network node to projected cell centroid,200.8912205227504
31655,SC_31655,2178148701,N_2178148701_f7c8290,nearest selected Existing-network node to projected cell centroid,196.465883508492
31656,SC_31656,2178148801,N_2178148801_a1e1e39,nearest selected Existing-network node to projected cell centroid,212.16796412979764
31657,SC_31657,2178148801,N_2178148801_a1e1e39,nearest selected Existing-network node to projected cell centroid,246.2191808201912
31658,SC_31658,2178148801,N_2178148801_a1e1e39,nearest selected Existing-network node to projected cell centroid,310.21367636606374
31659,SC_31659,2178148801,N_2178148801_a1e1e39,nearest selected Existing-network node to projected cell centroid,389.66801896657086
31660,SC_31660,2178148801,N_2178148801_a1e1e39,nearest selected Existing-network node to projected cell centroid,476.9169791547736
31661,SC_31661,2178148801,N_2178148801_a1e1e39,nearest selected Existing-network node to projected cell centroid,568.3823053252958
31662,SC_31662,2178148801,N_2178148801_a1e1e39,nearest selected Existing-network node to projected cell centroid,662.319473522922
31663,SC_31663,2178148801,N_2178148801_a1e1e39,nearest selected Existing-network node to projected cell centroid,757.8098211348698
31666,SC_31666,2178148801,N_2178148801_a1e1e39,nearest selected Existing-network node to projected cell centroid,1049.333905394661
31667,SC_31667,2178148801,N_2178148801_a1e1e39,nearest selected Existing-network node to projected cell centroid,1147.4799715078234
31912,SC_31912,2178125103,N_2178125103_0cc0954,nearest selected Existing-network node to projected cell centroid,247.9264591289881
31913,SC_31913,2178125103,N_2178125103_0cc0954,nearest selected Existing-network node to projected cell centroid,323.7334847322959
31914,SC_31914,2178125103,N_2178125103_0cc0954,nearest selected Existing-network node to projected cell centroid,410.0478132335222
31915,SC_31915,2178124802,N_2178124802_f408b15,nearest selected Existing-network node to projected cell centroid,356.6413881148265
31916,SC_31916,2178124802,N_2178124802_f408b15,nearest selected Existing-network node to projected cell centroid,300.61423738224045
31917,SC_31917,2178124802,N_2178124802_f408b15,nearest selected Existing-network node to projected cell centroid,271.19137102301346
31918,SC_31918,2178124802,N_2178124802_f408b15,nearest selected Existing-network node to projected cell centroid,276.9848366206667
31919,SC_31919,2178124802,N_2178124802_f408b15,nearest selected Existing-network node to projected cell centroid,316.06398041885944
31920,SC_31920,2178136402,N_2178136402_4bd3466,nearest selected Existing-network node to projected cell centroid,366.5808946072858
31921,SC_31921,2178136404,N_2178136404_52f1ff2,nearest selected Existing-network node to projected cell centroid,272.08268513630543
31922,SC_31922,2178136404,N_2178136404_52f1ff2,nearest selected Existing-network node to projected cell centroid,180.12447793579074
31923,SC_31923,2178136404,N_2178136404_52f1ff2,nearest selected Existing-network node to projected cell centroid,104.2145265896285
31924,SC_31924,2178136502,N_2178136502_cdf2758,nearest selected Existing-network node to projected cell centroid,74.70979461952652
31925,SC_31925,2178137603,N_2178137603_2aa84df,nearest selected Existing-network node to projected cell centroid,47.651987479363285
31926,SC_31926,2178137603,N_2178137603_2aa84df,nearest selected Existing-network node to projected cell centroid,64.70356954207206
31927,SC_31927,2178137801,N_2178137801_08ba9c4,nearest selected Existing-network node to projected cell centroid,29.86176937295916
31928,SC_31928,2178137801,N_2178137801_08ba9c4,nearest selected Existing-network node to projected cell centroid,70.19661865618355
31929,SC_31929,2178147001,N_2178147001_2634e64,nearest selected Existing-network node to projected cell centroid,17.93715706197003
31930,SC_31930,2178148201,N_2178148201_422147e,nearest selected Existing-network node to projected cell centroid,84.58139995417977
31931,SC_31931,2178147203,N_2178147203_70a84ab,nearest selected Existing-network node to projected cell centroid,27.1421073250012
31932,SC_31932,2178147302,N_2178147302_4f7349b,nearest selected Existing-network node to projected cell centroid,20.283680380891276
31933,SC_31933,2178148401,N_2178148401_0b1af1e,nearest selected Existing-network node to projected cell centroid,65.98366834717126
31934,SC_31934,2178148501,N_2178148501_2716d88,nearest selected Existing-network node to projected cell centroid,77.88903957046334
31935,SC_31935,2178148701,N_2178148701_f7c8290,nearest selected Existing-network node to projected cell centroid,117.95017331366792
31936,SC_31936,2178148701,N_2178148701_f7c8290,nearest selected Existing-network node to projected cell centroid,98.6928740361766
31937,SC_31937,2178148801,N_2178148801_a1e1e39,nearest selected Existing-network node to projected cell centroid,113.81539880748126
31938,SC_31938,2178148801,N_2178148801_a1e1e39,nearest selected Existing-network node to projected cell centroid,169.00468930325252
31939,SC_31939,2178148801,N_2178148801_a1e1e39,nearest selected Existing-network node to projected cell centroid,253.3203999035053
31940,SC_31940,2178148801,N_2178148801_a1e1e39,nearest selected Existing-network node to projected cell centroid,346.0922781687779
31941,SC_31941,2178148801,N_2178148801_a1e1e39,nearest selected Existing-network node to projected cell centroid,442.0277197290207
31942,SC_31942,2178148801,N_2178148801_a1e1e39,nearest selected Existing-network node to projected cell centroid,539.4415121304816
31943,SC_31943,2178148801,N_2178148801_a1e1e39,nearest selected Existing-network node to projected cell centroid,637.6564788429608
32193,SC_32193,2179122305,N_2179122305_4fc0749,nearest selected Existing-network node to projected cell centroid,367.0985155252504
32194,SC_32194,2179122501,N_2179122501_08f92ea,nearest selected Existing-network node to projected cell centroid,394.6972850926483
32195,SC_32195,2179122602,N_2179122602_e6c3b0d,nearest selected Existing-network node to projected cell centroid,374.25179040236463
32196,SC_32196,2179121802,N_2179121802_6f862a0,nearest selected Existing-network node to projected cell centroid,352.6281408232375
32197,SC_32197,2179121801,N_2179121801_96d5b00,nearest selected Existing-network node to projected cell centroid,344.58973911103
32198,SC_32198,2179122803,N_2179122803_c77ee3e,nearest selected Existing-network node to projected cell centroid,357.4212364444662
32199,SC_32199,2179122805,N_2179122805_086ba1e,nearest selected Existing-network node to projected cell centroid,384.4239974055946
32200,SC_32200,2178136404,N_2178136404_52f1ff2,nearest selected Existing-network node to projected cell centroid,403.65877613776433
32201,SC_32201,2178136404,N_2178136404_52f1ff2,nearest selected Existing-network node to projected cell centroid,318.3649596825897
32202,SC_32202,2178136404,N_2178136404_52f1ff2,nearest selected Existing-network node to projected cell centroid,244.4833073122912
32203,SC_32203,2178136404,N_2178136404_52f1ff2,nearest selected Existing-network node to projected cell centroid,195.41731641544828
32204,SC_32204,2178138601,N_2178138601_476f250,nearest selected Existing-network node to projected cell centroid,101.63517200675678
32205,SC_32205,2178138601,N_2178138601_476f250,nearest selected Existing-network node to projected cell centroid,29.07831132640608
32206,SC_32206,2178138601,N_2178138601_476f250,nearest selected Existing-network node to projected cell centroid,106.58981278878277
32207,SC_32207,2178137801,N_2178137801_08ba9c4,nearest selected Existing-network node to projected cell centroid,102.85419424068856
32208,SC_32208,2178137801,N_2178137801_08ba9c4,nearest selected Existing-network node to projected cell centroid,120.89179158892117
32209,SC_32209,2178147001,N_2178147001_2634e64,nearest selected Existing-network node to projected cell centroid,83.85404943385602
32210,SC_32210,2178148201,N_2178148201_422147e,nearest selected Existing-network node to projected cell centroid,87.822509761533
32211,SC_32211,2178148201,N_2178148201_422147e,nearest selected Existing-network node to projected cell centroid,60.63227871003398
32212,SC_32212,2178148301,N_2178148301_8027c4b,nearest selected Existing-network node to projected cell centroid,49.126463862295225
32213,SC_32213,2178148401,N_2178148401_0b1af1e,nearest selected Existing-network node to projected cell centroid,36.0708260399131
32214,SC_32214,2178148501,N_2178148501_2716d88,nearest selected Existing-network node to projected cell centroid,23.1983294203104
32215,SC_32215,2178148701,N_2178148701_f7c8290,nearest selected Existing-network node to projected cell centroid,71.08926351758457
32216,SC_32216,2178148701,N_2178148701_f7c8290,nearest selected Existing-network node to projected cell centroid,29.693827443913296
32217,SC_32217,2178148801,N_2178148801_a1e1e39,nearest selected Existing-network node to projected cell centroid,29.87716533456472
32218,SC_32218,2178148801,N_2178148801_a1e1e39,nearest selected Existing-network node to projected cell centroid,128.45732758084227
32219,SC_32219,2178148801,N_2178148801_a1e1e39,nearest selected Existing-network node to projected cell centroid,228.275984304076
32220,SC_32220,2178148801,N_2178148801_a1e1e39,nearest selected Existing-network node to projected cell centroid,328.2050654861647
32221,SC_32221,2178148801,N_2178148801_a1e1e39,nearest selected Existing-network node to projected cell centroid,428.1672628909881
32222,SC_32222,2178148801,N_2178148801_a1e1e39,nearest selected Existing-network node to projected cell centroid,528.143773050808
32223,SC_32223,2178148801,N_2178148801_a1e1e39,nearest selected Existing-network node to projected cell centroid,628.1277616959198
32473,SC_32473,2179122305,N_2179122305_4fc0749,nearest selected Existing-network node to projected cell centroid,270.7186364172296
32474,SC_32474,2179122501,N_2179122501_08f92ea,nearest selected Existing-network node to projected cell centroid,295.35268216526777
32475,SC_32475,2179122602,N_2179122602_e6c3b0d,nearest selected Existing-network node to projected cell centroid,275.08482804806755
32476,SC_32476,2179121802,N_2179121802_6f862a0,nearest selected Existing-network node to projected cell centroid,255.6440214501102
32477,SC_32477,2179121801,N_2179121801_96d5b00,nearest selected Existing-network node to projected cell centroid,244.68213727906416
32478,SC_32478,2179122803,N_2179122803_c77ee3e,nearest selected Existing-network node to projected cell centroid,259.4555843764309
32479,SC_32479,2179122901,N_2179122901_23ce81b,nearest selected Existing-network node to projected cell centroid,293.12058198528854
32480,SC_32480,2179122901,N_2179122901_23ce81b,nearest selected Existing-network node to projected cell centroid,334.1489422160006
32481,SC_32481,2179130501,N_2179130501_68fb310,nearest selected Existing-network node to projected cell centroid,348.30770615372046
32482,SC_32482,2179130501,N_2179130501_68fb310,nearest selected Existing-network node to projected cell centroid,254.78245262678672
32483,SC_32483,2179130501,N_2179130501_68fb310,nearest selected Existing-network node to projected cell centroid,168.8488619060702
32484,SC_32484,2178139601,N_2178139601_289c84b,nearest selected Existing-network node to projected cell centroid,71.98312003054603
32485,SC_32485,2178139601,N_2178139601_289c84b,nearest selected Existing-network node to projected cell centroid,42.159335499819406
32486,SC_32486,2178138601,N_2178138601_476f250,nearest selected Existing-network node to projected cell centroid,124.7743891708192
32487,SC_32487,2178137801,N_2178137801_08ba9c4,nearest selected Existing-network node to projected cell centroid,200.66450925791236
32488,SC_32488,2178137801,N_2178137801_08ba9c4,nearest selected Existing-network node to projected cell centroid,210.4806054637734
32489,SC_32489,2178147001,N_2178147001_2634e64,nearest selected Existing-network node to projected cell centroid,183.6879462823986
32490,SC_32490,2178148201,N_2178148201_422147e,nearest selected Existing-network node to projected cell centroid,168.1415273613874
32491,SC_32491,2178148201,N_2178148201_422147e,nearest selected Existing-network node to projected cell centroid,155.67611642180978
32492,SC_32492,2178148301,N_2178148301_8027c4b,nearest selected Existing-network node to projected cell centroid,148.86460107816367
32493,SC_32493,2178148401,N_2178148401_0b1af1e,nearest selected Existing-network node to projected cell centroid,135.08650744561373
32494,SC_32494,2178148501,N_2178148501_2716d88,nearest selected Existing-network node to projected cell centroid,122.5137644943509
32495,SC_32495,2178148701,N_2178148701_f7c8290,nearest selected Existing-network node to projected cell centroid,127.26006203919933
32496,SC_32496,2178149701,N_2178149701_35cfe2a,nearest selected Existing-network node to projected cell centroid,61.04634496502422
32497,SC_32497,2178149701,N_2178149701_35cfe2a,nearest selected Existing-network node to projected cell centroid,40.80510058937226
32498,SC_32498,2178149701,N_2178149701_35cfe2a,nearest selected Existing-network node to projected cell centroid,140.0123431509838
32499,SC_32499,2178149701,N_2178149701_35cfe2a,nearest selected Existing-network node to projected cell centroid,239.87883657202627
32500,SC_32500,2178149701,N_2178149701_35cfe2a,nearest selected Existing-network node to projected cell centroid,339.8238606037972
32501,SC_32501,2178148801,N_2178148801_a1e1e39,nearest selected Existing-network node to projected cell centroid,437.3395763183152
32502,SC_32502,2178148801,N_2178148801_a1e1e39,nearest selected Existing-network node to projected cell centroid,535.6067074029846
32759,SC_32759,2179132004,N_2179132004_56a4356,nearest selected Existing-network node to projected cell centroid,250.44039551256117
32760,SC_32760,2179132004,N_2179132004_56a4356,nearest selected Existing-network node to projected cell centroid,303.77003095299665
32761,SC_32761,2179130501,N_2179130501_68fb310,nearest selected Existing-network node to projected cell centroid,232.0804993297328
32762,SC_32762,2179130501,N_2179130501_68fb310,nearest selected Existing-network node to projected cell centroid,132.12569080081445
32763,SC_32763,2179130501,N_2179130501_68fb310,nearest selected Existing-network node to projected cell centroid,32.450549610857955
32764,SC_32764,2179130602,N_2179130602_fa94698,nearest selected Existing-network node to projected cell centroid,21.96773064534601
32765,SC_32765,2179130602,N_2179130602_fa94698,nearest selected Existing-network node to projected cell centroid,101.97264922742193
32766,SC_32766,2179130602,N_2179130602_fa94698,nearest selected Existing-network node to projected cell centroid,200.7841158837302
32767,SC_32767,2179130602,N_2179130602_fa94698,nearest selected Existing-network node to projected cell centroid,300.3832571765004
32768,SC_32768,2178147001,N_2178147001_2634e64,nearest selected Existing-network node to projected cell centroid,283.6388929826711
32769,SC_32769,2178148201,N_2178148201_422147e,nearest selected Existing-network node to projected cell centroid,262.3553948864514
32770,SC_32770,2178148201,N_2178148201_422147e,nearest selected Existing-network node to projected cell centroid,254.54632825240773
32771,SC_32771,2178148301,N_2178148301_8027c4b,nearest selected Existing-network node to projected cell centroid,248.81304117089243
32772,SC_32772,2179141601,N_2179141601_f5fa501,nearest selected Existing-network node to projected cell centroid,222.6477420666098
32773,SC_32773,2179141601,N_2179141601_f5fa501,nearest selected Existing-network node to projected cell centroid,130.56744252641414
32774,SC_32774,2179141601,N_2179141601_f5fa501,nearest selected Existing-network node to projected cell centroid,67.2584347752555
32775,SC_32775,2179140701,N_2179140701_a4903a1,nearest selected Existing-network node to projected cell centroid,30.664141909226096
32776,SC_32776,2179140701,N_2179140701_a4903a1,nearest selected Existing-network node to projected cell centroid,88.18406658610756
32777,SC_32777,2178149701,N_2178149701_35cfe2a,nearest selected Existing-network node to projected cell centroid,177.47286056577946
32778,SC_32778,2178149701,N_2178149701_35cfe2a,nearest selected Existing-network node to projected cell centroid,263.5052489760321
32779,SC_32779,2178149701,N_2178149701_35cfe2a,nearest selected Existing-network node to projected cell centroid,356.8941246902794
32780,SC_32780,2178149701,N_2178149701_35cfe2a,nearest selected Existing-network node to projected cell centroid,453.11346949628495
32781,SC_32781,2178149701,N_2178149701_35cfe2a,nearest selected Existing-network node to projected cell centroid,550.6815924284022
33039,SC_33039,2179130501,N_2179130501_68fb310,nearest selected Existing-network node to projected cell centroid,250.6164762575584
33040,SC_33040,2179130501,N_2179130501_68fb310,nearest selected Existing-network node to projected cell centroid,162.49448659019075
33041,SC_33041,2179130501,N_2179130501_68fb310,nearest selected Existing-network node to projected cell centroid,100.00149085220686
33042,SC_33042,2179130602,N_2179130602_fa94698,nearest selected Existing-network node to projected cell centroid,78.03743455887663
33043,SC_33043,2179130602,N_2179130602_fa94698,nearest selected Existing-network node to projected cell centroid,126.51356130187511
33044,SC_33044,2179130602,N_2179130602_fa94698,nearest selected Existing-network node to projected cell centroid,214.29307313591747
33045,SC_33045,2179130602,N_2179130602_fa94698,nearest selected Existing-network node to projected cell centroid,309.57609919822306
33046,SC_33046,2178147001,N_2178147001_2634e64,nearest selected Existing-network node to projected cell centroid,383.6154084697654
33047,SC_33047,2178148201,N_2178148201_422147e,nearest selected Existing-network node to projected cell centroid,359.7070102578367
33048,SC_33048,2178148201,N_2178148201_422147e,nearest selected Existing-network node to projected cell centroid,354.05170982412744
33049,SC_33049,2179141601,N_2179141601_f5fa501,nearest selected Existing-network node to projected cell centroid,314.4573692086496
33050,SC_33050,2179141601,N_2179141601_f5fa501,nearest selected Existing-network node to projected cell centroid,215.31204576185192
33051,SC_33051,2179141601,N_2179141601_f5fa501,nearest selected Existing-network node to projected cell centroid,117.6227743707938
33052,SC_33052,2179141601,N_2179141601_f5fa501,nearest selected Existing-network node to projected cell centroid,36.20714088700608
33053,SC_33053,2179141701,N_2179141701_02d9717,nearest selected Existing-network node to projected cell centroid,41.079747915219045
33054,SC_33054,2179141701,N_2179141701_02d9717,nearest selected Existing-network node to projected cell centroid,129.46862820543933
33055,SC_33055,2179140701,N_2179140701_a4903a1,nearest selected Existing-network node to projected cell centroid,223.3076120576355
33056,SC_33056,2179140701,N_2179140701_a4903a1,nearest selected Existing-network node to projected cell centroid,310.9701426238817
33057,SC_33057,2178149701,N_2178149701_35cfe2a,nearest selected Existing-network node to projected cell centroid,399.0821672803891
33058,SC_33058,2178149701,N_2178149701_35cfe2a,nearest selected Existing-network node to projected cell centroid,487.0369351925299
33316,SC_33316,2179130501,N_2179130501_68fb310,nearest selected Existing-network node to projected cell centroid,235.2694586528964
33317,SC_33317,2179130601,N_2179130601_a34c052,nearest selected Existing-network node to projected cell centroid,196.82661647977875
33318,SC_33318,2179130602,N_2179130602_fa94698,nearest selected Existing-network node to projected cell centroid,178.03679730706074
33319,SC_33319,2179130602,N_2179130602_fa94698,nearest selected Existing-network node to projected cell centroid,203.99250279387175
33320,SC_33320,2179130602,N_2179130602_fa94698,nearest selected Existing-network node to projected cell centroid,267.4486515143798
33321,SC_33321,2179130602,N_2179130602_fa94698,nearest selected Existing-network node to projected cell centroid,348.48905463100635
33322,SC_33322,2179130602,N_2179130602_fa94698,nearest selected Existing-network node to projected cell centroid,437.44766681097394
33323,SC_33323,2178148201,N_2178148201_422147e,nearest selected Existing-network node to projected cell centroid,458.20073464720366
33324,SC_33324,2179141601,N_2179141601_f5fa501,nearest selected Existing-network node to projected cell centroid,433.8143117186089
33325,SC_33325,2179141601,N_2179141601_f5fa501,nearest selected Existing-network node to projected cell centroid,340.1039503628548
33326,SC_33326,2179141601,N_2179141601_f5fa501,nearest selected Existing-network node to projected cell centroid,251.2897472101638
33327,SC_33327,2179141601,N_2179141601_f5fa501,nearest selected Existing-network node to projected cell centroid,174.99250570660698
33328,SC_33328,2179141601,N_2179141601_f5fa501,nearest selected Existing-network node to projected cell centroid,134.52961404094535
33329,SC_33329,2179141701,N_2179141701_02d9717,nearest selected Existing-network node to projected cell centroid,134.71824557804814
33330,SC_33330,2179141701,N_2179141701_02d9717,nearest selected Existing-network node to projected cell centroid,182.2733817435986
33331,SC_33331,2179141701,N_2179141701_02d9717,nearest selected Existing-network node to projected cell centroid,261.33917749328737
33332,SC_33332,2179141701,N_2179141701_02d9717,nearest selected Existing-network node to projected cell centroid,351.24456678144975
33333,SC_33333,2179141701,N_2179141701_02d9717,nearest selected Existing-network node to projected cell centroid,445.47427051863343
33334,SC_33334,2179140701,N_2179140701_a4903a1,nearest selected Existing-network node to projected cell centroid,534.4421667564898
33593,SC_33593,2179135401,N_2179135401_9ccfd01,nearest selected Existing-network node to projected cell centroid,268.65937304417207
33594,SC_33594,2179130602,N_2179130602_fa94698,nearest selected Existing-network node to projected cell centroid,278.03661844832584
33595,SC_33595,2179130602,N_2179130602_fa94698,nearest selected Existing-network node to projected cell centroid,295.33066416972736
33596,SC_33596,2179130602,N_2179130602_fa94698,nearest selected Existing-network node to projected cell centroid,342.25142979932843
33597,SC_33597,2179130602,N_2179130602_fa94698,nearest selected Existing-network node to projected cell centroid,408.719807692797
33598,SC_33598,2179130602,N_2179130602_fa94698,nearest selected Existing-network node to projected cell centroid,486.7933043923153
33599,SC_33599,2178148201,N_2178148201_422147e,nearest selected Existing-network node to projected cell centroid,557.2312744577808
33600,SC_33600,2179141601,N_2179141601_f5fa501,nearest selected Existing-network node to projected cell centroid,474.3227983711984
33601,SC_33601,2179141601,N_2179141601_f5fa501,nearest selected Existing-network node to projected cell centroid,390.45864960993424
33602,SC_33602,2179141601,N_2179141601_f5fa501,nearest selected Existing-network node to projected cell centroid,316.1230726406129
33603,SC_33603,2179141601,N_2179141601_f5fa501,nearest selected Existing-network node to projected cell centroid,259.6336593284297
33604,SC_33604,2179141601,N_2179141601_f5fa501,nearest selected Existing-network node to projected cell centroid,234.27649702178817
33605,SC_33605,2179141701,N_2179141701_02d9717,nearest selected Existing-network node to projected cell centroid,233.68882235673283
33606,SC_33606,2179141701,N_2179141701_02d9717,nearest selected Existing-network node to projected cell centroid,263.9792523951399
33607,SC_33607,2179141701,N_2179141701_02d9717,nearest selected Existing-network node to projected cell centroid,323.6659167964976
33608,SC_33608,2179141701,N_2179141701_02d9717,nearest selected Existing-network node to projected cell centroid,399.79270340557446
33609,SC_33609,2179141701,N_2179141701_02d9717,nearest selected Existing-network node to projected cell centroid,484.67389624051134
33869,SC_33869,2179135401,N_2179135401_9ccfd01,nearest selected Existing-network node to projected cell centroid,269.48276146735515
33870,SC_33870,2179135401,N_2179135401_9ccfd01,nearest selected Existing-network node to projected cell centroid,359.9399932332461
33871,SC_33871,2179130602,N_2179130602_fa94698,nearest selected Existing-network node to projected cell centroid,427.4848549393407
33872,SC_33872,2179130602,N_2179130602_fa94698,nearest selected Existing-network node to projected cell centroid,482.3475315612815
33873,SC_33873,2179130602,N_2179130602_fa94698,nearest selected Existing-network node to projected cell centroid,550.0681605074174
33874,SC_33874,2179141601,N_2179141601_f5fa501,nearest selected Existing-network node to projected cell centroid,611.7953391919146
33875,SC_33875,2179141601,N_2179141601_f5fa501,nearest selected Existing-network node to projected cell centroid,530.8195334174118
33876,SC_33876,2179141601,N_2179141601_f5fa501,nearest selected Existing-network node to projected cell centroid,457.4332924678828
33877,SC_33877,2179141601,N_2179141601_f5fa501,nearest selected Existing-network node to projected cell centroid,395.880104398461
33878,SC_33878,2179141601,N_2179141601_f5fa501,nearest selected Existing-network node to projected cell centroid,352.41580137539984
33879,SC_33879,2179141601,N_2179141601_f5fa501,nearest selected Existing-network node to projected cell centroid,334.1747103830482
33880,SC_33880,2179141701,N_2179141701_02d9717,nearest selected Existing-network node to projected cell centroid,333.27455002944043
33881,SC_33881,2179141701,N_2179141701_02d9717,nearest selected Existing-network node to projected cell centroid,355.17109355625536
33882,SC_33882,2179141701,N_2179141701_02d9717,nearest selected Existing-network node to projected cell centroid,401.5234559755714
33883,SC_33883,2179141701,N_2179141701_02d9717,nearest selected Existing-network node to projected cell centroid,465.0759784155563
34144,SC_34144,2179135401,N_2179135401_9ccfd01,nearest selected Existing-network node to projected cell centroid,336.24999439651333
34145,SC_34145,2179135401,N_2179135401_9ccfd01,nearest selected Existing-network node to projected cell centroid,435.8897781920713
34146,SC_34146,2179135401,N_2179135401_9ccfd01,nearest selected Existing-network node to projected cell centroid,535.6638299652226
34147,SC_34147,2179130602,N_2179130602_fa94698,nearest selected Existing-network node to projected cell centroid,623.0427282352618
34148,SC_34148,2179141601,N_2179141601_f5fa501,nearest selected Existing-network node to projected cell centroid,671.6254886912379
34149,SC_34149,2179141601,N_2179141601_f5fa501,nearest selected Existing-network node to projected cell centroid,598.7959895158559
34150,SC_34150,2179141601,N_2179141601_f5fa501,nearest selected Existing-network node to projected cell centroid,534.8200417531133
34151,SC_34151,2179141601,N_2179141601_f5fa501,nearest selected Existing-network node to projected cell centroid,483.2269829607311
34152,SC_34152,2179141601,N_2179141601_f5fa501,nearest selected Existing-network node to projected cell centroid,448.312566254683
34153,SC_34153,2179141601,N_2179141601_f5fa501,nearest selected Existing-network node to projected cell centroid,434.1197957504223
34155,SC_34155,2179141701,N_2179141701_02d9717,nearest selected Existing-network node to projected cell centroid,450.1199459041952
34418,SC_34418,2179135401,N_2179135401_9ccfd01,nearest selected Existing-network node to projected cell centroid,439.894485911382
34419,SC_34419,2179135401,N_2179135401_9ccfd01,nearest selected Existing-network node to projected cell centroid,538.9276377547518
34420,SC_34420,2179135401,N_2179135401_9ccfd01,nearest selected Existing-network node to projected cell centroid,638.2623588592662
34421,SC_34421,2179135401,N_2179135401_9ccfd01,nearest selected Existing-network node to projected cell centroid,737.7768488759136
34422,SC_34422,2179141601,N_2179141601_f5fa501,nearest selected Existing-network node to projected cell centroid,674.7917434757684
34423,SC_34423,2179141601,N_2179141601_f5fa501,nearest selected Existing-network node to projected cell centroid,618.7242819411535
34424,SC_34424,2179141601,N_2179141601_f5fa501,nearest selected Existing-network node to projected cell centroid,574.7134738842694
34694,SC_34694,2179135401,N_2179135401_9ccfd01,nearest selected Existing-network node to projected cell centroid,656.4191486691265
34695,SC_34695,2179135401,N_2179135401_9ccfd01,nearest selected Existing-network node to projected cell centroid,753.5396066167847
34696,SC_34696,2179141601,N_2179141601_f5fa501,nearest selected Existing-network node to projected cell centroid,756.3935199787617
34697,SC_34697,2179141601,N_2179141601_f5fa501,nearest selected Existing-network node to projected cell centroid,706.8288315189118
34698,SC_34698,2179141601,N_2179141601_f5fa501,nearest selected Existing-network node to projected cell centroid,668.6425330974085
34969,SC_34969,2179135401,N_2179135401_9ccfd01,nearest selected Existing-network node to projected cell centroid,781.8754368459753
34970,SC_34970,2179141601,N_2179141601_f5fa501,nearest selected Existing-network node to projected cell centroid,841.97293131588
