source_node_id,max_depth_m,max_head_m,boundary_distance_m,distance_class,boundary_status,component_id_graph
2173075007,0.0,24.190000534057617,477.1000000000001,FAR > 250 m,False,0
2173075008,0.0,24.190000534057617,472.69999999999993,FAR > 250 m,False,0
2173075009,0.0,24.299999237060547,500.99999999999994,FAR > 250 m,False,0
2173075101,0.0,24.100000381469727,378.00000000000006,FAR > 250 m,False,0
2173075102,0.0,24.100000381469727,371.99999999999994,FAR > 250 m,False,0
2173075103,0.0,24.110000610351562,410.70000000000005,FAR > 250 m,False,0
2173075104,0.0,24.110000610351562,404.99999999999994,FAR > 250 m,False,0
2173075105,0.0,24.15999984741211,440.30000000000007,FAR > 250 m,False,0
2173075106,0.0,24.15999984741211,435.49999999999994,FAR > 250 m,False,0
2173075202,0.0,24.049999237060547,309.8,FAR > 250 m,False,0
2173075203,0.0,23.95400047302246,279.5,FAR > 250 m,False,0
2173075204,0.0,24.049999237060547,304.59999999999997,FAR > 250 m,False,0
2173075205,0.0,23.961999893188477,276.9,FAR > 250 m,False,0
2173075206,0.0,24.059999465942383,346.90000000000003,FAR > 250 m,False,0
2173075207,0.0,24.059999465942383,341.99999999999994,FAR > 250 m,False,0
2173076301,0.0,23.77400016784668,207.89999999999998,NEAR <= 250 m,False,0
2173076302,0.0,23.781999588012695,208.2,NEAR <= 250 m,False,0
2173077301,0.0,23.569000244140625,136.39999999999998,NEAR <= 250 m,False,0
2173077302,0.0,23.565000534057617,135.7,NEAR <= 250 m,False,0
2173077303,0.0,23.42099952697754,87.19999999999999,NEAR <= 250 m,False,0
2173077304,0.0,23.408000946044922,86.6,NEAR <= 250 m,False,0
2173077305,0.0,23.22599983215332,0.0,NEAR <= 250 m,True,0
2173077306,0.0,23.239999771118164,45.8,NEAR <= 250 m,False,0
2173078301,0.0,23.2549991607666,98.6,NEAR <= 250 m,False,0
2173079301,0.0,23.275999069213867,174.3,NEAR <= 250 m,False,0
2173079302,0.0,23.275999069213867,174.1,NEAR <= 250 m,False,0
2173079303,0.0,23.284000396728516,198.4,NEAR <= 250 m,False,0
2173079304,0.0,24.854000091552734,235.0,NEAR <= 250 m,False,0
2173079305,0.0,25.0,266.4,FAR > 250 m,False,0
2173079401,0.0,23.305999755859375,253.5,FAR > 250 m,False,0
2173079402,0.0,23.305999755859375,253.60000000000002,FAR > 250 m,False,0
2174055507,0.0,27.5,4054.8999999999996,FAR > 250 m,False,1
2174055607,0.0,27.16900062561035,3966.7999999999997,FAR > 250 m,False,1
2174055608,0.0,26.836000442504883,3955.0,FAR > 250 m,False,1
2174056505,0.0,26.479999542236328,3872.6999999999994,FAR > 250 m,False,1
2174056508,0.0,26.391000747680664,3855.6999999999994,FAR > 250 m,False,1
2174056601,0.0,27.121000289916992,3954.1,FAR > 250 m,False,1
2174056602,0.0,26.81800079345703,3942.2,FAR > 250 m,False,1
2174056603,0.0,27.07900047302246,3942.7,FAR > 250 m,False,1
2174056604,0.0,26.799999237060547,3930.5,FAR > 250 m,False,1
2174056605,0.0,26.784000396728516,3917.0,FAR > 250 m,False,1
2174056606,0.0,26.770999908447266,3906.1,FAR > 250 m,False,1
2174056608,0.0,26.733999252319336,3875.1,FAR > 250 m,False,1
2174056610,0.0,26.714000701904297,3857.7999999999997,FAR > 250 m,False,1
2174056613,0.0,26.683000564575195,3831.7999999999997,FAR > 250 m,False,1
2174056614,0.0,27.049999237060547,3833.1999999999994,FAR > 250 m,False,1
2174056615,0.0,26.264999389648438,3831.7999999999993,FAR > 250 m,False,1
2174056617,0.0,26.738000869750977,3808.0999999999995,FAR > 250 m,False,1
2174057410,0.0,25.83300018310547,3567.0999999999995,FAR > 250 m,False,1
2174057411,0.0,25.851999282836914,3589.5999999999995,FAR > 250 m,False,1
2174057504,0.0,25.92799949645996,3680.2999999999997,FAR > 250 m,False,1
2174057505,0.0,25.871999740600586,3613.0999999999995,FAR > 250 m,False,1
2174057506,0.0,25.892000198364258,3636.8999999999996,FAR > 250 m,False,1
2174057601,0.0,26.124000549316406,3804.899999999999,FAR > 250 m,False,1
2174057602,0.0,26.648000717163086,3802.4999999999995,FAR > 250 m,False,1
2174057603,0.0,26.635000228881836,3796.1999999999994,FAR > 250 m,False,1
2174057604,0.0,26.082000732421875,3794.6999999999994,FAR > 250 m,False,1
2174057605,0.0,26.658000946044922,3811.7999999999997,FAR > 250 m,False,1
2174057606,0.0,26.635000228881836,3794.6999999999994,FAR > 250 m,False,1
2174057607,0.0,26.02199935913086,3787.5999999999995,FAR > 250 m,False,1
2174057608,0.0,26.016000747680664,3782.8999999999996,FAR > 250 m,False,1
2174057610,0.0,26.016000747680664,3781.2999999999997,FAR > 250 m,False,1
2174057611,0.0,26.010000228881836,3777.4999999999995,FAR > 250 m,False,1
2174057612,0.0,26.683000564575195,3836.7,FAR > 250 m,False,1
2174057613,0.0,26.003000259399414,3769.0999999999995,FAR > 250 m,False,1
2174057614,0.0,26.698999404907227,3851.8999999999996,FAR > 250 m,False,1
2174057616,0.0,26.70400047302246,3856.7999999999997,FAR > 250 m,False,1
2174057617,0.0,26.708999633789062,3861.7,FAR > 250 m,False,1
2174057618,0.0,25.979000091552734,3740.6999999999994,FAR > 250 m,False,1
2174057621,0.0,25.957000732421875,3714.4999999999995,FAR > 250 m,False,1
2174058307,0.0,25.996999740600586,3576.0999999999995,FAR > 250 m,False,1
2174058308,0.0,25.99799919128418,3563.899999999999,FAR > 250 m,False,1
2174058401,0.0,25.797000885009766,3525.8999999999996,FAR > 250 m,False,1
2174058402,0.0,25.8700008392334,3520.5999999999995,FAR > 250 m,False,1
2174058403,0.0,25.965999603271484,3516.1999999999994,FAR > 250 m,False,1
2174058404,0.0,25.9689998626709,3520.1999999999994,FAR > 250 m,False,1
2174058405,0.0,25.974000930786133,3528.1999999999994,FAR > 250 m,False,1
2174058406,0.0,25.981000900268555,3538.4999999999995,FAR > 250 m,False,1
2174058407,0.0,25.988000869750977,3548.6999999999994,FAR > 250 m,False,1
2174058408,0.0,25.9950008392334,3558.7999999999993,FAR > 250 m,False,1
2174058409,0.0,25.95599937438965,3501.0999999999995,FAR > 250 m,False,1
2174058411,0.0,25.94099998474121,3478.3999999999996,FAR > 250 m,False,1
2174058412,0.0,25.77400016784668,3478.1999999999994,FAR > 250 m,False,1
2174058413,0.0,25.756000518798828,3476.8999999999996,FAR > 250 m,False,1
2174058414,0.0,25.933000564575195,3465.7,FAR > 250 m,False,1
2174058415,0.0,25.746999740600586,3466.5999999999995,FAR > 250 m,False,1
2174058501,0.0,25.90399932861328,3651.7999999999997,FAR > 250 m,False,1
2174058502,0.0,25.920000076293945,3670.9999999999995,FAR > 250 m,False,1
2174059401,0.0,25.731000900268555,3446.7999999999993,FAR > 250 m,False,1
2174059402,0.0,25.902999877929688,3421.3999999999996,FAR > 250 m,False,1
2174059403,0.0,25.709999084472656,3421.899999999999,FAR > 250 m,False,1
2174059404,0.0,25.687000274658203,3395.1999999999994,FAR > 250 m,False,1
2174059405,0.0,25.8700008392334,3371.7999999999997,FAR > 250 m,False,1
2174064701,0.0,27.371999740600586,0.0,NEAR <= 250 m,True,0
2174064803,0.0,28.299999237060547,0.0,NEAR <= 250 m,True,2
2174064804,0.0,28.350000381469727,36.4,NEAR <= 250 m,False,2
2174064805,0.0,26.246000289916992,0.0,NEAR <= 250 m,True,2
2174064903,0.0,26.600000381469727,0.0,NEAR <= 250 m,True,0
2174065601,0.0,27.700000762939453,157.7,NEAR <= 250 m,False,0
2174065701,0.0,27.52899932861328,75.7,NEAR <= 250 m,False,0
2174065702,0.0,28.799999237060547,112.4,NEAR <= 250 m,False,0
2174065703,0.0,26.336000442504883,122.9,NEAR <= 250 m,False,0
2174065801,0.0,26.275999069213867,41.8,NEAR <= 250 m,False,0
2174065802,0.0,28.5,82.1,NEAR <= 250 m,False,0
2174065803,0.0,27.264999389648438,138.7,NEAR <= 250 m,False,0
2174065903,0.0,26.799999237060547,58.6,NEAR <= 250 m,False,0
2174065904,0.0,27.0,241.1,NEAR <= 250 m,False,0
2174065905,0.0,27.148000717163086,98.5,NEAR <= 250 m,False,0
2174065906,0.0,26.804000854492188,215.0,NEAR <= 250 m,False,0
2174065907,0.0,27.200000762939453,143.5,NEAR <= 250 m,False,0
2174066301,0.0,27.200000762939453,966.5,FAR > 250 m,False,0
2174066402,0.0,27.003999710083008,936.0,FAR > 250 m,False,0
2174066403,0.0,26.591999053955078,919.9,FAR > 250 m,False,0
2174066404,0.0,26.566999435424805,902.0,FAR > 250 m,False,0
2174066405,0.0,26.565000534057617,875.6,FAR > 250 m,False,0
2174066406,0.0,26.562000274658203,844.7,FAR > 250 m,False,0
2174066504,0.0,26.55900001525879,809.3000000000001,FAR > 250 m,False,0
2174066701,0.0,27.81999969482422,206.60000000000002,NEAR <= 250 m,False,0
2174066702,0.0,26.395000457763672,203.60000000000002,NEAR <= 250 m,False,0
2174066703,0.0,26.29199981689453,473.2,FAR > 250 m,False,0
2174066704,0.0,27.5,475.59999999999997,FAR > 250 m,False,0
2174066705,0.0,26.159000396728516,983.1999999999999,FAR > 250 m,False,0
2174066706,0.0,26.226999282836914,467.2,FAR > 250 m,False,0
2174066707,0.0,26.156999588012695,973.4999999999999,FAR > 250 m,False,0
2174066708,0.0,26.20199966430664,457.9,FAR > 250 m,False,0
2174066709,0.0,28.0,233.90000000000003,NEAR <= 250 m,False,0
2174066710,0.0,26.18199920654297,432.9,FAR > 250 m,False,0
2174066711,0.0,26.152000427246094,946.8999999999999,FAR > 250 m,False,0
2174066712,0.0,28.299999237060547,512.5999999999999,FAR > 250 m,False,0
2174066713,0.0,26.329999923706055,511.0,FAR > 250 m,False,0
2174066714,0.0,26.22800064086914,1019.4,FAR > 250 m,False,0
2174066715,0.0,26.16699981689453,413.5,FAR > 250 m,False,0
2174066716,0.0,26.145000457763672,923.5999999999999,FAR > 250 m,False,0
2174066717,0.0,26.356000900268555,537.2,FAR > 250 m,False,0
2174066801,0.0,28.899999618530273,159.9,NEAR <= 250 m,False,0
2174066802,0.0,27.38800048828125,180.89999999999998,NEAR <= 250 m,False,0
2174066803,0.0,28.799999237060547,220.2,NEAR <= 250 m,False,0
2174066804,0.0,27.499000549316406,219.09999999999997,NEAR <= 250 m,False,0
2174066806,0.0,28.200000762939453,256.29999999999995,FAR > 250 m,False,0
2174066807,0.0,27.600000381469727,253.79999999999995,FAR > 250 m,False,0
2174066808,0.0,26.156999588012695,399.3,FAR > 250 m,False,0
2174066901,0.0,26.72800064086914,171.7,NEAR <= 250 m,False,0
2174066902,0.0,28.299999237060547,181.5,NEAR <= 250 m,False,0
2174066903,0.0,26.660999298095703,209.5,NEAR <= 250 m,False,0
2174066904,0.0,26.591999053955078,248.9,NEAR <= 250 m,False,0
2174066905,0.0,26.402000427246094,271.6,FAR > 250 m,False,0
2174067501,0.0,26.555999755859375,777.1,FAR > 250 m,False,0
2174067502,0.0,26.552000045776367,743.5,FAR > 250 m,False,0
2174067503,0.0,26.548999786376953,710.7,FAR > 250 m,False,0
2174067504,0.0,26.548999786376953,701.8000000000001,FAR > 250 m,False,0
2174067602,0.0,26.37700080871582,558.3000000000001,FAR > 250 m,False,0
2174067603,0.0,26.4060001373291,565.0000000000001,FAR > 250 m,False,0
2174067605,0.0,26.492000579833984,584.4000000000001,FAR > 250 m,False,0
2174067606,0.0,26.54599952697754,678.1,FAR > 250 m,False,0
2174067607,0.0,26.542999267578125,648.7,FAR > 250 m,False,0
2174067608,0.0,26.54199981689453,633.7,FAR > 250 m,False,0
2174067801,0.0,26.371000289916992,289.3,FAR > 250 m,False,0
2174067802,0.0,26.136999130249023,898.8,FAR > 250 m,False,0
2174067803,0.0,26.142000198364258,370.1,FAR > 250 m,False,0
2174067804,0.0,26.11199951171875,880.1999999999999,FAR > 250 m,False,0
2174067805,0.0,26.325000762939453,315.1,FAR > 250 m,False,0
2174067806,0.0,26.101999282836914,859.0999999999999,FAR > 250 m,False,0
2174067807,0.0,28.200000762939453,329.5,FAR > 250 m,False,0
2174067808,0.0,26.139999389648438,329.5,FAR > 250 m,False,0
2174067809,0.0,26.097000122070312,837.6999999999999,FAR > 250 m,False,0
2174067901,0.0,26.104000091552734,372.4,FAR > 250 m,False,0
2174067902,0.0,26.091999053955078,792.8,FAR > 250 m,False,0
2174067903,0.0,26.082000732421875,773.4,FAR > 250 m,False,0
2174067904,0.0,26.076000213623047,405.2,FAR > 250 m,False,0
2174067905,0.0,26.05699920654297,744.0,FAR > 250 m,False,0
2174067906,0.0,26.051000595092773,434.8,FAR > 250 m,False,0
2174068901,0.0,26.03700065612793,721.2,FAR > 250 m,False,0
2174068902,0.0,26.02199935913086,469.3,FAR > 250 m,False,0
2174068903,0.0,25.976999282836914,690.3000000000001,FAR > 250 m,False,0
2174070305,0.0,26.454999923706055,413.1,FAR > 250 m,False,0
2174070306,0.0,26.759000778198242,445.1,FAR > 250 m,False,0
2174070307,0.0,27.08099937438965,478.90000000000003,FAR > 250 m,False,0
2174070402,0.0,23.329999923706055,312.6,FAR > 250 m,False,0
2174070403,0.0,23.356000900268555,327.6,FAR > 250 m,False,0
2174070404,0.0,25.759000778198242,339.90000000000003,FAR > 250 m,False,0
2174070405,0.0,26.023000717163086,367.70000000000005,FAR > 250 m,False,0
2174070406,0.0,26.22800064086914,389.20000000000005,FAR > 250 m,False,0
2174070501,0.0,23.43199920654297,370.90000000000003,FAR > 250 m,False,0
2174070502,0.0,23.492000579833984,405.40000000000003,FAR > 250 m,False,0
2174071301,0.0,27.187000274658203,490.1,FAR > 250 m,False,0
2174071302,0.0,25.0,770.0,FAR > 250 m,False,0
2174071401,0.0,25.0,458.90000000000003,FAR > 250 m,False,0
2174071402,0.0,24.878000259399414,440.70000000000005,FAR > 250 m,False,0
2174071501,0.0,23.50200080871582,463.90000000000003,FAR > 250 m,False,0
2174071502,0.0,23.582000732421875,514.6,FAR > 250 m,False,0
2174071601,0.0,24.0,0.0,NEAR <= 250 m,True,0
2174072301,0.0,24.726999282836914,688.1,FAR > 250 m,False,0
2174072401,0.0,24.5049991607666,621.7,FAR > 250 m,False,0
2174072402,0.0,24.35700035095215,577.2,FAR > 250 m,False,0
2174072403,0.0,24.261999130249023,548.7,FAR > 250 m,False,0
2174072404,0.0,25.33799934387207,566.8000000000001,FAR > 250 m,False,0
2174072501,0.0,23.62700080871582,538.5000000000001,FAR > 250 m,False,0
2174072502,0.0,23.82699966430664,522.3000000000001,FAR > 250 m,False,0
2174072503,0.0,24.03700065612793,496.40000000000003,FAR > 250 m,False,0
2174072504,0.0,24.041000366210938,39.9,NEAR <= 250 m,False,0
2174072505,0.0,24.06800079345703,70.1,NEAR <= 250 m,False,0
2174073401,0.0,25.5,605.1,FAR > 250 m,False,0
2174073402,0.0,26.700000762939453,485.70000000000005,FAR > 250 m,False,0
2174073403,0.0,26.222000122070312,458.50000000000006,FAR > 250 m,False,0
2174073501,0.0,24.00200080871582,481.40000000000003,FAR > 250 m,False,0
2174073502,0.0,24.114999771118164,504.90000000000003,FAR > 250 m,False,0
2174073503,0.0,24.18600082397461,525.9000000000001,FAR > 250 m,False,0
2174073504,0.0,25.700000762939453,460.9000000000001,FAR > 250 m,False,0
2174073505,0.0,24.058000564575195,426.50000000000006,FAR > 250 m,False,0
2174073506,0.0,25.489999771118164,425.30000000000007,FAR > 250 m,False,0
2174073507,0.0,24.149999618530273,151.2,NEAR <= 250 m,False,0
2174074501,0.0,26.0,397.7,FAR > 250 m,False,0
2174074502,0.0,25.32699966430664,397.80000000000007,FAR > 250 m,False,0
2174074503,0.0,24.111000061035156,374.20000000000005,FAR > 250 m,False,0
2174074504,0.0,25.31800079345703,384.00000000000006,FAR > 250 m,False,0
2174074505,0.0,24.958999633789062,361.70000000000005,FAR > 250 m,False,0
2174074506,0.0,25.94099998474121,382.2,FAR > 250 m,False,0
2174074507,0.0,25.03499984741211,341.50000000000006,FAR > 250 m,False,0
2174074508,0.0,25.5,430.6000000000001,FAR > 250 m,False,0
2174074509,0.0,25.69300079345703,356.4,FAR > 250 m,False,0
2174074510,0.0,25.121999740600586,318.90000000000003,FAR > 250 m,False,0
2174074511,0.0,25.229999542236328,327.0,FAR > 250 m,False,0
2174074512,0.0,25.586999893188477,340.0,FAR > 250 m,False,0
2174074513,0.0,24.31599998474121,315.1,FAR > 250 m,False,0
2174075501,0.0,25.597999572753906,366.1,FAR > 250 m,False,0
2174075502,0.0,25.611000061035156,395.40000000000003,FAR > 250 m,False,0
2174075503,0.0,25.6200008392334,415.6,FAR > 250 m,False,0
2174075504,0.0,25.631999969482422,444.8,FAR > 250 m,False,0
2174075505,0.0,24.413999557495117,411.1,FAR > 250 m,False,0
2174076501,0.0,25.649999618530273,486.6,FAR > 250 m,False,0
2174076502,0.0,25.65999984741211,508.20000000000005,FAR > 250 m,False,0
2174076503,0.0,25.670000076293945,531.6,FAR > 250 m,False,0
2174076504,0.0,25.679000854492188,552.7,FAR > 250 m,False,0
2174076505,0.0,24.525999069213867,522.1,FAR > 250 m,False,0
2174077501,0.0,25.79599952697754,579.5,FAR > 250 m,False,0
2174077502,0.0,25.812999725341797,604.9,FAR > 250 m,False,0
2174077503,0.0,25.827999114990234,628.9,FAR > 250 m,False,0
2174077504,0.0,25.843000411987305,651.4,FAR > 250 m,False,0
2174077505,0.0,24.618999481201172,614.0,FAR > 250 m,False,0
2174078001,0.0,25.993999481201172,502.40000000000003,FAR > 250 m,False,0
2174078002,0.0,25.947999954223633,655.9000000000001,FAR > 250 m,False,0
2174078003,0.0,25.964000701904297,537.7,FAR > 250 m,False,0
2174078004,0.0,25.93199920654297,635.8000000000001,FAR > 250 m,False,0
2174078005,0.0,25.92799949645996,611.2,FAR > 250 m,False,0
2174078006,0.0,25.923999786376953,584.6,FAR > 250 m,False,0
2174078007,0.0,25.871999740600586,603.5,FAR > 250 m,False,0
2174078008,0.0,25.922000885009766,601.2,FAR > 250 m,False,0
2174078009,0.0,25.91900062561035,604.8000000000001,FAR > 250 m,False,0
2174078010,0.0,26.950000762939453,624.4000000000001,FAR > 250 m,False,0
2174078101,0.0,26.75,624.3,FAR > 250 m,False,0
2174078103,0.0,26.929000854492188,637.0,FAR > 250 m,False,0
2174078105,0.0,26.89699935913086,656.2,FAR > 250 m,False,0
2174078107,0.0,25.8700008392334,611.4,FAR > 250 m,False,0
2174078108,0.0,26.854000091552734,682.2,FAR > 250 m,False,0
2174078109,0.0,26.812999725341797,706.6,FAR > 250 m,False,0
2174078110,0.0,25.865999221801758,637.5,FAR > 250 m,False,0
2174078111,0.0,25.89699935913086,635.0000000000001,FAR > 250 m,False,0
2174078201,0.0,26.732999801635742,754.8,FAR > 250 m,False,0
2174078202,0.0,26.691999435424805,779.3,FAR > 250 m,False,0
2174078203,0.0,26.76799964904785,733.9,FAR > 250 m,False,0
2174078204,0.0,26.645999908447266,807.0999999999999,FAR > 250 m,False,0
2174078205,0.0,26.624000549316406,820.3999999999999,FAR > 250 m,False,0
2174078302,0.0,25.579999923706055,1009.5999999999999,FAR > 250 m,False,0
2174078303,0.0,25.573999404907227,1005.4999999999999,FAR > 250 m,False,0
2174078304,0.0,25.61400032043457,975.9999999999999,FAR > 250 m,False,0
2174078305,0.0,24.93400001525879,958.3999999999999,FAR > 250 m,False,0
2174078306,0.0,25.326000213623047,955.4,FAR > 250 m,False,0
2174078307,0.0,24.929000854492188,945.4999999999999,FAR > 250 m,False,0
2174078308,0.0,25.520999908447266,969.0999999999999,FAR > 250 m,False,0
2174078309,0.0,25.5,955.1999999999999,FAR > 250 m,False,0
2174078401,0.0,25.85700035095215,673.6,FAR > 250 m,False,0
2174078405,0.0,25.868000030517578,689.7,FAR > 250 m,False,0
2174078407,0.0,24.729999542236328,722.6,FAR > 250 m,False,0
2174078409,0.0,25.888999938964844,722.3000000000001,FAR > 250 m,False,0
2174078410,0.0,25.358999252319336,971.6999999999999,FAR > 250 m,False,0
2174078412,0.0,25.899999618530273,739.9000000000001,FAR > 250 m,False,0
2174078413,0.0,24.739999771118164,732.4,FAR > 250 m,False,0
2174079001,0.0,27.200000762939453,647.2,FAR > 250 m,False,0
2174079003,0.0,26.549999237060547,647.6,FAR > 250 m,False,0
2174079005,0.0,27.450000762939453,661.2,FAR > 250 m,False,0
2174079007,0.0,26.600000381469727,660.9,FAR > 250 m,False,0
2174079008,0.0,26.839000701904297,690.9,FAR > 250 m,False,0
2174079010,0.0,27.58300018310547,724.6999999999999,FAR > 250 m,False,0
2174079101,0.0,25.76099967956543,666.2,FAR > 250 m,False,0
2174079102,0.0,25.871999740600586,668.1000000000001,FAR > 250 m,False,0
2174079103,0.0,25.756999969482422,690.7,FAR > 250 m,False,0
2174079104,0.0,25.90999984741211,684.2000000000002,FAR > 250 m,False,0
2174079105,0.0,25.9060001373291,688.3000000000002,FAR > 250 m,False,0
2174079106,0.0,25.89699935913086,700.3000000000002,FAR > 250 m,False,0
2174079201,0.0,25.750999450683594,725.9000000000001,FAR > 250 m,False,0
2174079202,0.0,25.8799991607666,723.5000000000002,FAR > 250 m,False,0
2174079203,0.0,25.871999740600586,733.8000000000002,FAR > 250 m,False,0
2174079204,0.0,25.864999771118164,743.3000000000002,FAR > 250 m,False,0
2174079205,0.0,25.645999908447266,753.9000000000002,FAR > 250 m,False,0
2174079206,0.0,25.64299964904785,772.0000000000002,FAR > 250 m,False,0
2174079207,0.0,25.625999450683594,795.6000000000003,FAR > 250 m,False,0
2174079208,0.0,25.815000534057617,810.3000000000002,FAR > 250 m,False,0
2174079209,0.0,25.517000198364258,806.9000000000002,FAR > 250 m,False,0
2174079210,0.0,25.50200080871582,827.6000000000003,FAR > 250 m,False,0
2174079301,0.0,24.926000595092773,922.9999999999999,FAR > 250 m,False,0
2174079302,0.0,25.47599983215332,938.6999999999999,FAR > 250 m,False,0
2174079303,0.0,26.56399917602539,856.0999999999999,FAR > 250 m,False,0
2174079304,0.0,24.92300033569336,901.8999999999999,FAR > 250 m,False,0
2174079305,0.0,25.459999084472656,927.4,FAR > 250 m,False,0
2174079306,0.0,25.194000244140625,887.9,FAR > 250 m,False,0
2174079307,0.0,25.445999145507812,918.1999999999999,FAR > 250 m,False,0
2174079308,0.0,24.92099952697754,889.5999999999999,FAR > 250 m,False,0
2174079309,0.0,26.5,894.6999999999999,FAR > 250 m,False,0
2174079310,0.0,24.920000076293945,900.3,FAR > 250 m,False,0
2174079311,0.0,25.729999542236328,913.5,FAR > 250 m,False,0
2174079313,0.0,24.868000030517578,858.8,FAR > 250 m,False,0
2174079314,0.0,25.775999069213867,861.4000000000002,FAR > 250 m,False,0
2174079315,0.0,25.479000091552734,857.2000000000003,FAR > 250 m,False,0
2174079316,0.0,25.756999969482422,887.0000000000002,FAR > 250 m,False,0
2174079317,0.0,25.45800018310547,885.1000000000003,FAR > 250 m,False,0
2174079401,0.0,24.812999725341797,804.8,FAR > 250 m,False,0
2174079402,0.0,24.85300064086914,844.1999999999999,FAR > 250 m,False,0
2174079403,0.0,24.917999267578125,878.8,FAR > 250 m,False,0
2174139701,0.0,38.55799865722656,2703.3999999999996,FAR > 250 m,False,3
2174139702,0.0,38.12300109863281,2673.3999999999996,FAR > 250 m,False,3
2174139801,0.0,39.0,2733.4999999999995,FAR > 250 m,False,3
2174148401,0.0,43.0,2823.4999999999995,FAR > 250 m,False,3
2174149301,0.0,41.400001525878906,2718.9999999999995,FAR > 250 m,False,3
2174149302,0.0,41.29600143432617,2702.4999999999995,FAR > 250 m,False,3
2174149303,0.0,41.20000076293945,2687.3999999999996,FAR > 250 m,False,3
2174149401,0.0,42.400001525878906,2799.2999999999997,FAR > 250 m,False,3
2174149402,0.0,42.13199996948242,2783.2999999999997,FAR > 250 m,False,3
2174149403,0.0,41.5,2738.8999999999996,FAR > 250 m,False,3
2174149404,0.0,41.79999923706055,2763.3999999999996,FAR > 250 m,False,3
2175049801,0.0,25.799999237060547,1159.3999999999999,FAR > 250 m,False,1
2175049802,0.0,25.788000106811523,1139.8999999999999,FAR > 250 m,False,1
2175049803,0.0,25.774999618530273,1119.9999999999998,FAR > 250 m,False,1
2175049901,0.0,25.17300033569336,1021.3999999999996,FAR > 250 m,False,1
2175049902,0.0,25.76300048828125,1098.2999999999997,FAR > 250 m,False,1
2175049903,0.0,25.75,1078.6999999999998,FAR > 250 m,False,1
2175049904,0.0,25.738000869750977,1059.7999999999997,FAR > 250 m,False,1
2175049905,0.0,25.725000381469727,1040.2999999999997,FAR > 250 m,False,1
2175049906,0.0,25.71299934387207,1020.1999999999997,FAR > 250 m,False,1
2175049907,0.0,25.121999740600586,942.6999999999997,FAR > 250 m,False,1
2175049908,0.0,25.108999252319336,922.7999999999997,FAR > 250 m,False,1
2175050401,0.0,25.6560001373291,3358.0999999999995,FAR > 250 m,False,1
2175050402,0.0,25.631999969482422,3329.1999999999994,FAR > 250 m,False,1
2175050403,0.0,25.840999603271484,3328.2,FAR > 250 m,False,1
2175050404,0.0,25.604000091552734,3295.6999999999994,FAR > 250 m,False,1
2175050405,0.0,25.819000244140625,3294.3999999999996,FAR > 250 m,False,1
2175050407,0.0,25.805999755859375,3275.2999999999997,FAR > 250 m,False,1
2175050408,0.0,25.586999893188477,3275.4999999999995,FAR > 250 m,False,1
2175050409,0.0,26.624000549316406,3293.5999999999995,FAR > 250 m,False,1
2175050501,0.0,26.836000442504883,3323.6999999999994,FAR > 250 m,False,1
2175050502,0.0,27.062999725341797,3355.899999999999,FAR > 250 m,False,1
2175050503,0.0,27.299999237060547,3389.599999999999,FAR > 250 m,False,1
2175051401,0.0,25.790000915527344,3251.2,FAR > 250 m,False,1
2175051402,0.0,25.56599998474121,3251.1999999999994,FAR > 250 m,False,1
2175051403,0.0,25.77400016784668,3228.1,FAR > 250 m,False,1
2175051404,0.0,25.545000076293945,3226.0999999999995,FAR > 250 m,False,1
2175051405,0.0,25.75200080871582,3194.7999999999997,FAR > 250 m,False,1
2175051406,0.0,25.51799964904785,3193.7999999999993,FAR > 250 m,False,1
2175051407,0.0,25.736000061035156,3170.2999999999997,FAR > 250 m,False,1
2175051408,0.0,25.49799919128418,3169.499999999999,FAR > 250 m,False,1
2175052002,0.0,29.450000762939453,1723.6999999999998,FAR > 250 m,False,1
2175052003,0.0,29.280000686645508,1684.4999999999998,FAR > 250 m,False,1
2175052004,0.0,28.847000122070312,1649.7999999999997,FAR > 250 m,False,1
2175052401,0.0,25.47599983215332,3143.899999999999,FAR > 250 m,False,1
2175052402,0.0,25.709999084472656,3131.3999999999996,FAR > 250 m,False,1
2175052403,0.0,25.448999404907227,3111.899999999999,FAR > 250 m,False,1
2175052404,0.0,25.69099998474121,3103.4999999999995,FAR > 250 m,False,1
2175052406,0.0,25.426000595092773,3084.1999999999994,FAR > 250 m,False,1
2175052407,0.0,25.676000595092773,3080.7999999999997,FAR > 250 m,False,1
2175053001,0.0,28.469999313354492,1619.5999999999997,FAR > 250 m,False,1
2175053002,0.0,28.083999633789062,1585.2999999999997,FAR > 250 m,False,1
2175053003,0.0,27.809999465942383,1560.9999999999998,FAR > 250 m,False,1
2175053401,0.0,25.656999588012695,3050.8999999999996,FAR > 250 m,False,1
2175053402,0.0,25.39699935913086,3049.7999999999993,FAR > 250 m,False,1
2175053403,0.0,25.634000778198242,3016.9999999999995,FAR > 250 m,False,1
2175053404,0.0,25.368000030517578,3015.6999999999994,FAR > 250 m,False,1
2175053405,0.0,25.61400032043457,2986.9999999999995,FAR > 250 m,False,1
2175053406,3.653316298368736e-06,25.342002868652344,2984.9999999999995,FAR > 250 m,False,1
2175054001,0.0,27.709999084472656,1539.3999999999999,FAR > 250 m,False,1
2175054002,0.0,25.5,1524.8,FAR > 250 m,False,1
2175054003,0.0,25.48900032043457,1508.2,FAR > 250 m,False,1
2175054004,0.0,25.47599983215332,1488.4,FAR > 250 m,False,1
2175054005,0.0,25.46299934387207,1468.0,FAR > 250 m,False,1
2175054006,0.0,25.45199966430664,1450.7,FAR > 250 m,False,1
2175054401,0.0,25.59600067138672,2960.0999999999995,FAR > 250 m,False,1
2175054402,0.011037662625312805,25.331037521362305,2958.0999999999995,FAR > 250 m,False,1
2175054403,0.04798548296093941,25.34198570251465,2926.8999999999996,FAR > 250 m,False,1
2175054407,0.0,25.562000274658203,2907.9999999999995,FAR > 250 m,False,1
2175054412,0.07699823379516602,25.342998504638672,2893.7,FAR > 250 m,False,1
2175054413,0.0,25.549999237060547,2891.2999999999997,FAR > 250 m,False,1
2175054418,0.0,25.541000366210938,2877.7999999999997,FAR > 250 m,False,1
2175054420,0.09008832275867462,25.34208869934082,2877.2,FAR > 250 m,False,1
2175054501,0.0,25.520000457763672,2919.0,FAR > 250 m,False,1
2175054502,0.0,25.542999267578125,2949.6,FAR > 250 m,False,1
2175054503,0.0,25.57200050354004,2986.6,FAR > 250 m,False,1
2175054504,0.0,25.590999603271484,3011.2999999999997,FAR > 250 m,False,1
2175054601,0.0,25.658000946044922,3097.4999999999995,FAR > 250 m,False,1
2175054602,0.0,25.63599967956543,3069.5999999999995,FAR > 250 m,False,1
2175054603,0.0,25.608999252319336,3034.9999999999995,FAR > 250 m,False,1
2175054705,0.0,25.700000762939453,3152.2999999999997,FAR > 250 m,False,1
2175055001,0.0,25.43899917602539,1430.4,FAR > 250 m,False,1
2175055002,0.0,25.426000595092773,1411.2,FAR > 250 m,False,1
2175055003,0.0,25.413000106811523,1391.1000000000001,FAR > 250 m,False,1
2175055004,0.0,25.399999618530273,1371.4,FAR > 250 m,False,1
2175055005,0.0,25.38800048828125,1351.9,FAR > 250 m,False,1
2175055006,0.0,25.375,1333.0,FAR > 250 m,False,1
2175055401,0.10685529559850693,25.339855194091797,2854.2999999999997,FAR > 250 m,False,1
2175055403,0.5323253870010376,25.332324981689453,2815.4999999999995,FAR > 250 m,False,1
2175055404,0.535269021987915,25.3322696685791,2807.0999999999995,FAR > 250 m,False,1
2175055405,0.5411152243614197,25.33611488342285,2801.7999999999993,FAR > 250 m,False,1
2175055406,0.5517879724502563,25.33378791809082,2770.1999999999994,FAR > 250 m,False,1
2175055501,0.5645684599876404,25.333566665649414,2736.6999999999994,FAR > 250 m,False,1
2175055502,0.5728502869606018,25.333850860595703,2713.9999999999995,FAR > 250 m,False,1
2175055503,0.5800171494483948,25.334016799926758,2696.7999999999997,FAR > 250 m,False,1
2175055701,0.0,26.0,3144.5,FAR > 250 m,False,1
2175056001,0.0,25.36199951171875,1312.3,FAR > 250 m,False,1
2175056002,0.0,25.349000930786133,1292.8999999999999,FAR > 250 m,False,1
2175056003,0.0,25.34000015258789,1283.9999999999998,FAR > 250 m,False,1
2175056004,0.0,25.336999893188477,1271.7999999999997,FAR > 250 m,False,1
2175056005,0.0,25.323999404907227,1253.8999999999996,FAR > 250 m,False,1
2175056006,0.0,25.31100082397461,1233.9999999999995,FAR > 250 m,False,1
2175056501,0.5881878137588501,25.33418846130371,2677.1,FAR > 250 m,False,1
2175056502,0.5961692929267883,25.334169387817383,2655.7999999999997,FAR > 250 m,False,1
2175056601,0.6044872403144836,25.33448600769043,2634.3999999999996,FAR > 250 m,False,1
2175056602,0.6321793794631958,25.336179733276367,2562.1,FAR > 250 m,False,1
2175056603,0.6151422262191772,25.335142135620117,2610.2999999999997,FAR > 250 m,False,1
2175056604,0.6237030029296875,25.335702896118164,2587.7999999999997,FAR > 250 m,False,1
2175056702,0.6592978835105896,25.337297439575195,2500.7,FAR > 250 m,False,1
2175056703,0.6425185799598694,25.336519241333008,2543.1,FAR > 250 m,False,1
2175056704,0.6683984994888306,25.337398529052734,2477.0,FAR > 250 m,False,1
2175056705,0.6782296299934387,25.337230682373047,2452.7,FAR > 250 m,False,1
2175056706,0.6801511645317078,25.33715057373047,2446.1,FAR > 250 m,False,1
2175056802,0.6821017861366272,25.33710289001465,2442.5,FAR > 250 m,False,1
2175056803,0.6877997517585754,25.33679962158203,2424.7,FAR > 250 m,False,1
2175056804,0.6944348216056824,25.336435317993164,2408.2,FAR > 250 m,False,1
2175056806,0.7009105086326599,25.33591079711914,2390.0,FAR > 250 m,False,1
2175057001,0.0,25.298999786376953,1214.8999999999996,FAR > 250 m,False,1
2175057002,0.0,25.285999298095703,1195.5999999999997,FAR > 250 m,False,1
2175057003,0.0,25.27400016784668,1175.9999999999998,FAR > 250 m,False,1
2175057004,0.0,25.260000228881836,1155.7999999999997,FAR > 250 m,False,1
2175057005,0.0,25.257999420166016,1151.6999999999998,FAR > 250 m,False,1
2175057006,0.0,25.24799919128418,1136.1999999999998,FAR > 250 m,False,1
2175057702,0.7342578768730164,25.330259323120117,2290.2,FAR > 250 m,False,1
2175057801,0.7081614136695862,25.335163116455078,2370.3,FAR > 250 m,False,1
2175057802,0.7141860723495483,25.334186553955078,2350.3,FAR > 250 m,False,1
2175057803,0.7209938168525696,25.332992553710938,2330.0,FAR > 250 m,False,1
2175057804,0.7276544570922852,25.331653594970703,2309.7,FAR > 250 m,False,1
2175058001,0.0,25.235000610351562,1116.7999999999997,FAR > 250 m,False,1
2175058002,0.0,25.222999572753906,1098.0999999999997,FAR > 250 m,False,1
2175058003,0.0,25.211999893188477,1080.8999999999996,FAR > 250 m,False,1
2175058004,0.0,25.198999404907227,1061.5999999999997,FAR > 250 m,False,1
2175058005,0.0,25.18600082397461,1041.2999999999997,FAR > 250 m,False,1
2175058701,0.7397534251213074,25.328754425048828,2270.6,FAR > 250 m,False,1
2175058702,0.7461017966270447,25.32710075378418,2250.6,FAR > 250 m,False,1
2175058703,0.7468300461769104,25.32682991027832,2247.4,FAR > 250 m,False,1
2175058704,0.748384416103363,25.326383590698242,2242.2000000000003,FAR > 250 m,False,1
2175058705,0.7522184252738953,25.325218200683594,2228.8,FAR > 250 m,False,1
2175058706,0.758602499961853,25.3236026763916,2210.3,FAR > 250 m,False,1
2175058708,0.7639572024345398,25.321958541870117,2191.1000000000004,FAR > 250 m,False,1
2175058901,0.0,25.618000030517578,2371.8,FAR > 250 m,False,1
2175058902,0.0,25.63800048828125,2389.6000000000004,FAR > 250 m,False,1
2175058903,0.0,25.56999969482422,2327.1000000000004,FAR > 250 m,False,1
2175059001,0.0,25.15999984741211,1001.4999999999997,FAR > 250 m,False,1
2175059002,0.0,25.14699935913086,981.0999999999997,FAR > 250 m,False,1
2175059003,0.0,25.134000778198242,961.0999999999997,FAR > 250 m,False,1
2175059701,0.7702273726463318,25.320226669311523,2170.5000000000005,FAR > 250 m,False,1
2175059702,0.7764880061149597,25.3184871673584,2149.8000000000006,FAR > 250 m,False,1
2175059703,0.7827057242393494,25.31670570373535,2128.9000000000005,FAR > 250 m,False,1
2175059704,0.7890436053276062,25.31504249572754,2109.1000000000004,FAR > 250 m,False,1
2175059705,0.7945194244384766,25.313518524169922,2089.8,FAR > 250 m,False,1
2175059706,0.8010555505752563,25.312055587768555,2069.5,FAR > 250 m,False,1
2175059801,0.0,25.43000030517578,2198.8,FAR > 250 m,False,1
2175059901,0.0,25.51799964904785,2279.7000000000003,FAR > 250 m,False,1
2175059902,0.0,25.503000259399414,2265.8,FAR > 250 m,False,1
2175059903,0.0,25.488000869750977,2252.2000000000003,FAR > 250 m,False,1
2175059904,0.0,25.46500015258789,2231.3,FAR > 250 m,False,1
2175059905,0.0,25.450000762939453,2216.8,FAR > 250 m,False,1
2175068001,0.0,25.700000762939453,2446.7000000000003,FAR > 250 m,False,1
2175068002,0.0,25.672000885009766,2421.0000000000005,FAR > 250 m,False,1
2175068101,0.0,26.63599967956543,2625.3999999999987,FAR > 250 m,False,1
2175068102,0.0,26.57699966430664,2605.3999999999987,FAR > 250 m,False,1
2175068103,0.0,26.517000198364258,2585.199999999999,FAR > 250 m,False,1
2175068104,0.0,26.45800018310547,2565.099999999999,FAR > 250 m,False,1
2175068201,0.0,26.398000717163086,2544.999999999999,FAR > 250 m,False,1
2175068401,0.0,25.922000885009766,3087.8999999999996,FAR > 250 m,False,1
2175068402,0.0,25.93199920654297,3104.2,FAR > 250 m,False,1
2175068403,0.0,25.909000396728516,3066.9999999999995,FAR > 250 m,False,1
2175069201,0.0,26.339000701904297,2524.999999999999,FAR > 250 m,False,1
2175069202,0.0,26.281999588012695,2505.7999999999993,FAR > 250 m,False,1
2175069203,0.0,26.222999572753906,2485.7999999999993,FAR > 250 m,False,1
2175069204,0.0,26.163999557495117,2465.999999999999,FAR > 250 m,False,1
2175069205,0.0,26.04599952697754,3288.2999999999997,FAR > 250 m,False,1
2175069206,0.0,26.104999542236328,2445.999999999999,FAR > 250 m,False,1
2175069301,0.0,25.94099998474121,3119.3999999999996,FAR > 250 m,False,1
2175069302,0.0,25.957000732421875,3145.3999999999996,FAR > 250 m,False,1
2175069303,0.0,25.97599983215332,3175.4999999999995,FAR > 250 m,False,1
2175069304,0.0,25.990999221801758,3198.7999999999997,FAR > 250 m,False,1
2175069305,0.0,26.000999450683594,3216.3999999999996,FAR > 250 m,False,1
2175069306,0.0,26.009000778198242,3228.2999999999997,FAR > 250 m,False,1
2175069307,0.0,26.025999069213867,3255.4999999999995,FAR > 250 m,False,1
2175069401,0.0,25.892000198364258,3039.4999999999995,FAR > 250 m,False,1
2175069501,0.0,25.87299919128418,3009.5999999999995,FAR > 250 m,False,1
2175069502,0.0,25.860000610351562,2988.4999999999995,FAR > 250 m,False,1
2175069503,0.0,25.82900047302246,2938.4999999999995,FAR > 250 m,False,1
2175069601,0.0,25.80500030517578,2901.9999999999995,FAR > 250 m,False,1
2175069602,0.0,25.79199981689453,2878.1999999999994,FAR > 250 m,False,1
2175069603,0.0,25.7810001373291,2859.9999999999995,FAR > 250 m,False,1
2175069604,0.0,25.761999130249023,2829.6999999999994,FAR > 250 m,False,1
2175070301,0.0,24.899999618530273,890.5999999999999,FAR > 250 m,False,0
2175070401,0.0,25.1299991607666,902.4,FAR > 250 m,False,0
2175070402,0.0,25.089000701904297,901.4999999999999,FAR > 250 m,False,0
2175070403,0.0,24.91699981689453,906.0,FAR > 250 m,False,0
2175070404,0.0,25.1200008392334,903.0999999999998,FAR > 250 m,False,0
2175070405,0.0,25.082000732421875,909.3,FAR > 250 m,False,0
2175070406,0.0,24.916000366210938,898.1,FAR > 250 m,False,0
2175070407,0.0,25.04599952697754,835.9,FAR > 250 m,False,0
2175070408,0.0,24.915000915527344,846.0,FAR > 250 m,False,0
2175070409,0.0,25.038000106811523,818.0,FAR > 250 m,False,0
2175070410,0.0,24.913999557495117,821.6,FAR > 250 m,False,0
2175070501,0.0,25.076000213623047,831.6999999999998,FAR > 250 m,False,0
2175070502,0.0,25.06399917602539,813.8999999999999,FAR > 250 m,False,0
2175071501,0.0,24.913000106811523,776.5,FAR > 250 m,False,0
2175071502,0.0,25.03499984741211,766.9999999999999,FAR > 250 m,False,0
2175071503,0.0,24.913000106811523,760.4,FAR > 250 m,False,0
2175071504,0.0,24.91200065612793,726.8,FAR > 250 m,False,0
2175071505,0.0,25.0049991607666,719.6999999999999,FAR > 250 m,False,0
2175071506,0.0,24.98900032043457,717.4,FAR > 250 m,False,0
2175071507,0.0,24.996999740600586,706.1999999999999,FAR > 250 m,False,0
2175071508,0.0,24.910999298095703,704.6999999999999,FAR > 250 m,False,0
2175071509,0.0,24.981000900268555,701.4,FAR > 250 m,False,0
2175071510,0.0,24.98699951171875,691.1999999999999,FAR > 250 m,False,0
2175071511,0.0,24.97599983215332,689.1,FAR > 250 m,False,0
2175071601,0.0,24.90999984741211,684.1999999999999,FAR > 250 m,False,0
2175071602,0.0,24.958999633789062,654.8000000000001,FAR > 250 m,False,0
2175071603,0.0,24.96299934387207,652.0999999999999,FAR > 250 m,False,0
2175071604,0.0,24.90999984741211,650.9,FAR > 250 m,False,0
2175071605,0.0,24.95199966430664,640.4000000000001,FAR > 250 m,False,0
2175071606,0.0,24.951000213623047,632.9999999999999,FAR > 250 m,False,0
2175071607,0.0,24.909000396728516,631.4,FAR > 250 m,False,0
2175071608,0.0,24.937999725341797,611.2,FAR > 250 m,False,0
2175071609,0.0,24.933000564575195,605.4999999999999,FAR > 250 m,False,0
2175072601,0.0,24.908000946044922,604.6,FAR > 250 m,False,0
2175072602,0.0,24.906999588012695,572.8000000000001,FAR > 250 m,False,0
2175072701,0.0,24.9060001373291,545.6,FAR > 250 m,False,0
2175072702,0.0,24.899999618530273,531.6,FAR > 250 m,False,0
2175072703,0.0,24.882999420166016,525.9999999999999,FAR > 250 m,False,0
2175072704,0.0,24.9060001373291,515.7,FAR > 250 m,False,0
2175072705,0.0,24.865999221801758,498.3999999999999,FAR > 250 m,False,0
2175072706,0.0,24.882999420166016,498.0,FAR > 250 m,False,0
2175072707,0.0,24.905000686645508,485.90000000000003,FAR > 250 m,False,0
2175072708,0.0,24.8700008392334,471.1,FAR > 250 m,False,0
2175072709,0.0,24.847000122070312,467.49999999999994,FAR > 250 m,False,0
2175072710,0.0,24.90399932861328,465.90000000000003,FAR > 250 m,False,0
2175072801,0.0,26.0,477.6,FAR > 250 m,False,0
2175072802,0.0,26.0,461.7,FAR > 250 m,False,0
2175072803,0.0,25.760000228881836,453.1,FAR > 250 m,False,0
2175072804,0.0,24.82900047302246,439.19999999999993,FAR > 250 m,False,0
2175072805,0.0,24.854999542236328,439.5,FAR > 250 m,False,0
2175072806,0.0,25.659000396728516,425.5,FAR > 250 m,False,0
2175072807,0.0,24.902999877929688,426.6,FAR > 250 m,False,0
2175073701,0.0,26.0,482.6,FAR > 250 m,False,0
2175073702,0.0,25.950000762939453,463.3,FAR > 250 m,False,0
2175073801,0.016113784164190292,24.826112747192383,408.49999999999994,FAR > 250 m,False,0
2175073802,0.0,24.84000015258789,408.8,FAR > 250 m,False,0
2175073803,0.023104902356863022,24.82610511779785,397.49999999999994,FAR > 250 m,False,0
2175073804,0.0,24.902999877929688,408.6,FAR > 250 m,False,0
2175073805,0.0,24.833999633789062,396.6,FAR > 250 m,False,0
2175073806,0.0,25.437000274658203,420.1,FAR > 250 m,False,0
2175073808,0.0,24.902000427246094,393.0,FAR > 250 m,False,0
2175073809,0.0082442881539464,24.82524299621582,362.5,FAR > 250 m,False,0
2175073810,0.0,25.299999237060547,362.79999999999995,FAR > 250 m,False,0
2175073811,0.04820923134684563,24.825210571289062,335.3,FAR > 250 m,False,0
2175073812,0.0,25.881999969482422,463.99999999999994,FAR > 250 m,False,0
2175073813,0.0,26.899999618530273,358.3999999999999,FAR > 250 m,False,0
2175073814,0.0,27.0,371.99999999999994,FAR > 250 m,False,0
2175073901,0.076706163585186,24.825706481933594,311.49999999999994,FAR > 250 m,False,0
2175073902,0.08449523150920868,25.284496307373047,324.69999999999993,FAR > 250 m,False,0
2175073903,0.032756030559539795,24.825756072998047,311.2,FAR > 250 m,False,0
2175073904,0.07217830419540405,24.825178146362305,304.8,FAR > 250 m,False,0
2175073905,0.184402197599411,25.28440284729004,305.79999999999995,FAR > 250 m,False,0
2175073906,0.09319719672203064,24.825197219848633,276.5,FAR > 250 m,False,0
2175073907,0.3341842293739319,25.2841854095459,276.4,FAR > 250 m,False,0
2175073908,0.1152563989162445,24.82525634765625,250.59999999999997,FAR > 250 m,False,0
2175073909,0.06142014265060425,24.825420379638672,250.79999999999998,FAR > 250 m,False,0
2175073910,0.3841395378112793,25.28413963317871,250.59999999999997,FAR > 250 m,False,0
2175074801,0.0,25.716999053955078,399.69999999999993,FAR > 250 m,False,0
2175074802,0.0,25.610000610351562,357.99999999999994,FAR > 250 m,False,0
2175074803,0.2998281419277191,25.492828369140625,402.59999999999997,FAR > 250 m,False,0
2175074804,0.30011680722236633,25.510116577148438,413.4,FAR > 250 m,False,0
2175074901,0.0,26.5,310.9,FAR > 250 m,False,0
2175074902,0.1331842541694641,24.825183868408203,221.49999999999997,NEAR <= 250 m,False,0
2175074903,0.0,26.600000381469727,329.7,FAR > 250 m,False,0
2175074904,0.0,25.51099967956543,319.59999999999997,FAR > 250 m,False,0
2175074905,0.2748142182826996,25.33381462097168,315.29999999999995,FAR > 250 m,False,0
2175074906,0.2891666889190674,25.386167526245117,340.59999999999997,FAR > 250 m,False,0
2175074907,0.29204821586608887,25.40804672241211,352.59999999999997,FAR > 250 m,False,0
2175074908,0.29428189992904663,25.426280975341797,362.9,FAR > 250 m,False,0
2175075802,0.3028818368911743,25.602880477905273,472.09999999999997,FAR > 250 m,False,0
2175075803,0.5552911162376404,26.56229019165039,480.2,FAR > 250 m,False,0
2175075804,0.6140919327735901,26.643091201782227,504.4,FAR > 250 m,False,0
2175075805,0.5182564854621887,26.562257766723633,498.59999999999997,FAR > 250 m,False,0
2175075806,1.2599691152572632,27.801969528198242,520.5,FAR > 250 m,False,0
2175075807,0.5991089344024658,26.643110275268555,521.4,FAR > 250 m,False,0
2175075808,0.45225009322166443,26.5622501373291,531.5999999999999,FAR > 250 m,False,0
2175075809,0.5621501207351685,26.643150329589844,562.1999999999999,FAR > 250 m,False,0
2175075901,2.787740707397461,29.41274070739746,552.7,FAR > 250 m,False,0
2175075902,3.913806200027466,30.599807739257812,576.4000000000001,FAR > 250 m,False,0
2175075903,5.635836601257324,32.41483688354492,612.6000000000001,FAR > 250 m,False,0
2175075904,5.552570343017578,32.46556854248047,641.2000000000002,FAR > 250 m,False,0
2175076701,0.3511967957019806,26.562196731567383,582.1999999999999,FAR > 250 m,False,0
2175076702,0.25936582684516907,26.56236457824707,628.4999999999999,FAR > 250 m,False,0
2175076703,0.4811718463897705,26.643173217773438,651.5,FAR > 250 m,False,0
2175076704,0.19603316485881805,26.56203269958496,659.8999999999999,FAR > 250 m,False,0
2175076705,0.44710394740104675,26.643102645874023,689.2,FAR > 250 m,False,0
2175076801,0.5281363129615784,26.643136978149414,599.9,FAR > 250 m,False,0
2175077701,0.12391005456447601,26.56191062927246,696.2999999999998,FAR > 250 m,False,0
2175077702,0.4168742299079895,26.644874572753906,725.0,FAR > 250 m,False,0
2175077703,0.06213570758700371,26.562135696411133,727.1999999999998,FAR > 250 m,False,0
2175077706,0.4069999158382416,26.64900016784668,740.3,FAR > 250 m,False,0
2175078701,1.7980985641479492,28.721099853515625,4608.5,FAR > 250 m,False,1
2175078702,1.8001879453659058,28.693187713623047,4583.3,FAR > 250 m,False,1
2175078703,1.7948999404907227,28.650901794433594,4553.5,FAR > 250 m,False,1
2175079602,1.8319319486618042,28.63193130493164,4497.2,FAR > 250 m,False,1
2175079603,1.828934907913208,28.62193489074707,4466.7,FAR > 250 m,False,1
2175079604,1.8179999589920044,28.604000091552734,4436.9,FAR > 250 m,False,1
2175079605,1.815566062927246,28.639564514160156,4523.5,FAR > 250 m,False,1
2175084001,0.14051342010498047,24.657512664794922,195.39999999999998,NEAR <= 250 m,False,0
2175084002,0.15602633357048035,24.560026168823242,175.29999999999998,NEAR <= 250 m,False,0
2175084003,0.20238737761974335,24.54438591003418,165.1,NEAR <= 250 m,False,0
2175084004,0.20940880477428436,24.46040916442871,112.2,NEAR <= 250 m,False,0
2175084101,0.10811269283294678,24.175111770629883,0.0,NEAR <= 250 m,True,0
2175084102,0.20184838771820068,24.3398494720459,38.2,NEAR <= 250 m,False,0
2175085501,0.0,26.90999984741211,132.6,NEAR <= 250 m,False,4
2175085502,0.0,26.783000946044922,115.9,NEAR <= 250 m,False,4
2175085503,0.0,26.69499969482422,104.5,NEAR <= 250 m,False,4
2175085504,0.0,26.531999588012695,83.0,NEAR <= 250 m,False,4
2175085505,0.0,26.39900016784668,65.6,NEAR <= 250 m,False,4
2175085801,0.1585025042295456,27.54850196838379,211.2,NEAR <= 250 m,False,5
2175086001,5.529600143432617,32.52960205078125,674.7000000000002,FAR > 250 m,False,0
2175086501,0.0,26.22599983215332,42.8,NEAR <= 250 m,False,4
2175086502,0.0,26.104000091552734,26.8,NEAR <= 250 m,False,4
2175086503,0.0,25.899999618530273,0.0,NEAR <= 250 m,True,4
2175086801,0.34550225734710693,27.54850196838379,173.5,NEAR <= 250 m,False,5
2175086802,0.5884894132614136,27.54848861694336,124.6,NEAR <= 250 m,False,5
2175087701,0.8028975129127502,27.142898559570312,0.0,NEAR <= 250 m,True,5
2175087801,0.8564792275428772,27.548479080200195,70.8,NEAR <= 250 m,False,5
2175087802,1.0124722719192505,27.548471450805664,39.3,NEAR <= 250 m,False,5
2175091801,0.0,26.8700008392334,1221.7999999999997,FAR > 250 m,False,6
2175092801,0.0,26.66699981689453,1112.6999999999998,FAR > 250 m,False,6
2175092901,0.0,26.482999801635742,1013.6999999999999,FAR > 250 m,False,6
2175093901,0.0,26.29199981689453,911.1999999999999,FAR > 250 m,False,6
2175103003,0.0,26.170000076293945,845.3,FAR > 250 m,False,6
2175104002,0.0,26.079999923706055,797.0,FAR > 250 m,False,6
2175104003,0.0,26.03700065612793,740.2,FAR > 250 m,False,6
2175105001,0.0,25.9950008392334,684.1,FAR > 250 m,False,6
2175105002,0.0,25.964000701904297,643.1,FAR > 250 m,False,6
2175106001,0.0,25.947999954223633,622.4,FAR > 250 m,False,6
2175106002,0.0,25.933000564575195,602.6,FAR > 250 m,False,6
2175106003,0.0,25.92099952697754,585.7,FAR > 250 m,False,6
2175106004,0.0,25.905000686645508,559.9000000000001,FAR > 250 m,False,6
2175106005,0.0,25.882999420166016,534.3000000000001,FAR > 250 m,False,6
2175106006,0.0,25.861000061035156,521.7,FAR > 250 m,False,6
2175106401,0.0,27.100000381469727,526.1,FAR > 250 m,False,7
2175106402,0.0,27.041000366210938,494.8,FAR > 250 m,False,7
2175106403,0.0,27.02899932861328,466.90000000000003,FAR > 250 m,False,7
2175106501,0.0,26.999000549316406,423.50000000000006,FAR > 250 m,False,7
2175106502,0.0,27.010000228881836,442.90000000000003,FAR > 250 m,False,7
2175106601,0.0,28.260000228881836,474.6000000000001,FAR > 250 m,False,7
2175106602,0.0,28.25,466.30000000000007,FAR > 250 m,False,7
2175106603,0.0,28.138999938964844,462.50000000000006,FAR > 250 m,False,7
2175106604,0.0,28.065000534057617,460.00000000000006,FAR > 250 m,False,7
2175106605,0.0,27.670000076293945,446.40000000000003,FAR > 250 m,False,7
2175106606,0.0,27.489999771118164,431.00000000000006,FAR > 250 m,False,7
2175107001,0.0,25.836000442504883,504.50000000000006,FAR > 250 m,False,6
2175107002,0.0,25.809999465942383,487.90000000000003,FAR > 250 m,False,6
2175107003,0.0,25.76799964904785,459.8,FAR > 250 m,False,6
2175107004,0.0,25.700000762939453,412.1,FAR > 250 m,False,6
2175107501,0.0,26.926000595092773,398.20000000000005,FAR > 250 m,False,7
2175107502,0.0,26.90999984741211,375.20000000000005,FAR > 250 m,False,7
2175107503,0.0,26.969999313354492,361.20000000000005,FAR > 250 m,False,7
2175107504,0.0,26.899999618530273,352.90000000000003,FAR > 250 m,False,7
2175107505,0.0,26.899999618530273,346.50000000000006,FAR > 250 m,False,7
2175107506,0.0,26.895000457763672,326.40000000000003,FAR > 250 m,False,7
2175107507,0.0,26.889999389648438,302.3,FAR > 250 m,False,7
2175107508,0.0,26.8700008392334,287.7,FAR > 250 m,False,7
2175107601,0.0,27.299999237060547,410.90000000000003,FAR > 250 m,False,7
2175107602,0.0,27.200000762939453,391.00000000000006,FAR > 250 m,False,7
2175107603,0.0,27.170000076293945,375.90000000000003,FAR > 250 m,False,7
2175108101,0.0,25.628000259399414,366.40000000000003,FAR > 250 m,False,6
2175108102,0.0,25.572999954223633,334.70000000000005,FAR > 250 m,False,6
2175108103,0.009084504097700119,25.516084671020508,304.20000000000005,FAR > 250 m,False,6
2175108104,0.1018093004822731,25.51580810546875,292.40000000000003,FAR > 250 m,False,6
2175108501,0.0,26.84000015258789,267.8,FAR > 250 m,False,7
2175108502,0.0,26.790000915527344,246.3,NEAR <= 250 m,False,7
2175108503,0.0,26.75,239.10000000000002,NEAR <= 250 m,False,7
2175108601,0.0,26.68000030517578,226.3,NEAR <= 250 m,False,7
2175108602,0.0,26.64299964904785,217.0,NEAR <= 250 m,False,7
2175108603,0.0,26.600000381469727,206.2,NEAR <= 250 m,False,7
2175108604,0.0,26.559999465942383,186.2,NEAR <= 250 m,False,7
2175108605,0.0,26.520000457763672,166.2,NEAR <= 250 m,False,7
2175109101,0.15774616599082947,25.515745162963867,279.6,FAR > 250 m,False,6
2175109102,0.1949651837348938,25.51596450805664,253.70000000000002,FAR > 250 m,False,6
2175109103,0.25401484966278076,25.516014099121094,226.8,NEAR <= 250 m,False,6
2175109601,0.0,26.5,150.5,NEAR <= 250 m,False,7
2175109602,0.0,26.299999237060547,120.5,NEAR <= 250 m,False,7
2175109603,0.0,25.93000030517578,92.6,NEAR <= 250 m,False,7
2175109604,0.0,25.899999618530273,85.3,NEAR <= 250 m,False,7
2175109605,0.0,25.81999969482422,63.3,NEAR <= 250 m,False,7
2175117301,0.0,27.798999786376953,811.3999999999999,FAR > 250 m,False,8
2175118201,0.0,27.77899932861328,803.5999999999999,FAR > 250 m,False,8
2175118202,0.0,27.72800064086914,783.9999999999999,FAR > 250 m,False,8
2175118203,0.0,27.659000396728516,757.6999999999999,FAR > 250 m,False,8
2175118204,0.0,27.586999893188477,730.3,FAR > 250 m,False,8
2175118205,0.0,27.520000457763672,704.6999999999999,FAR > 250 m,False,8
2175118301,0.0,27.950000762939453,868.6999999999999,FAR > 250 m,False,8
2175118302,0.0,27.889999389648438,847.3,FAR > 250 m,False,8
2175118303,0.0,27.8439998626709,828.5999999999999,FAR > 250 m,False,8
2175119201,0.0,27.485000610351562,674.8,FAR > 250 m,False,8
2175119202,0.0,27.450000762939453,645.5999999999999,FAR > 250 m,False,8
2175119203,0.0,27.413000106811523,614.4999999999999,FAR > 250 m,False,8
2175124901,0.0,33.6150016784668,1661.1000000000001,FAR > 250 m,False,3
2175124902,0.0,33.55400085449219,1631.2,FAR > 250 m,False,3
2175124903,0.0,33.520999908447266,1614.7,FAR > 250 m,False,3
2175124904,0.0,33.507999420166016,1608.8,FAR > 250 m,False,3
2175124905,0.0,33.49300003051758,1601.3,FAR > 250 m,False,3
2175124906,0.0,33.47600173950195,1593.2,FAR > 250 m,False,3
2175124907,0.0,33.430999755859375,1571.0,FAR > 250 m,False,3
2175125901,0.0,33.36899948120117,1540.6,FAR > 250 m,False,3
2175125902,0.0,33.30699920654297,1510.5,FAR > 250 m,False,3
2175125903,0.0,33.24599838256836,1480.6,FAR > 250 m,False,3
2175125904,0.0,33.183998107910156,1450.6,FAR > 250 m,False,3
2175130501,0.0,36.08000183105469,2468.7,FAR > 250 m,False,3
2175130601,0.0,36.89400100708008,2588.4999999999995,FAR > 250 m,False,3
2175130602,0.0,36.5620002746582,2565.5999999999995,FAR > 250 m,False,3
2175130603,0.0,36.5,2561.2999999999993,FAR > 250 m,False,3
2175130604,0.0,36.20000076293945,2528.5999999999995,FAR > 250 m,False,3
2175130605,0.0,36.138999938964844,2498.3999999999996,FAR > 250 m,False,3
2175130606,0.0,36.67100143432617,2463.1000000000004,FAR > 250 m,False,3
2175130701,0.0,37.69200134277344,2643.5999999999995,FAR > 250 m,False,3
2175130702,0.0,37.25600051879883,2613.4999999999995,FAR > 250 m,False,3
2175130703,0.0,37.1879997253418,2552.9000000000005,FAR > 250 m,False,3
2175130704,0.0,37.03300094604492,2525.1000000000004,FAR > 250 m,False,3
2175130705,0.0,37.02199935913086,2519.1000000000004,FAR > 250 m,False,3
2175130706,0.0,36.9370002746582,2505.6000000000004,FAR > 250 m,False,3
2175130707,0.0,36.85900115966797,2493.0000000000005,FAR > 250 m,False,3
2175131401,0.0,35.8390007019043,2348.8999999999996,FAR > 250 m,False,3
2175131402,0.0,35.810001373291016,2334.3999999999996,FAR > 250 m,False,3
2175131403,0.0,35.801998138427734,2330.5999999999995,FAR > 250 m,False,3
2175131404,0.0,35.70000076293945,2318.8999999999996,FAR > 250 m,False,3
2175131405,0.0,35.64400100708008,2288.8999999999996,FAR > 250 m,False,3
2175131501,0.0,36.01900100708008,2438.6,FAR > 250 m,False,3
2175131502,0.0,35.986000061035156,2421.7999999999997,FAR > 250 m,False,3
2175131503,0.0,35.970001220703125,2413.9999999999995,FAR > 250 m,False,3
2175131504,0.0,35.959999084472656,2408.8999999999996,FAR > 250 m,False,3
2175131505,0.0,35.89899826049805,2378.8999999999996,FAR > 250 m,False,3
2175131506,0.0,36.138999938964844,2313.1000000000004,FAR > 250 m,False,3
2175131507,0.0,36.10300064086914,2283.2000000000003,FAR > 250 m,False,3
2175131508,0.0,36.0989990234375,2279.7000000000003,FAR > 250 m,False,3
2175131509,0.0,36.0880012512207,2270.4,FAR > 250 m,False,3
2175131510,0.0,36.064998626708984,2253.1,FAR > 250 m,False,3
2175131601,0.0,36.48500061035156,2433.4000000000005,FAR > 250 m,False,3
2175131602,0.0,36.38600158691406,2403.2000000000007,FAR > 250 m,False,3
2175131603,0.0,36.28799819946289,2374.4000000000005,FAR > 250 m,False,3
2175132101,0.0,35.064998626708984,1978.0999999999997,FAR > 250 m,False,3
2175132102,0.0,35.08700180053711,1989.9999999999998,FAR > 250 m,False,3
2175132103,0.0,34.97600173950195,1959.0999999999997,FAR > 250 m,False,3
2175132104,0.0,34.9379997253418,1953.4999999999998,FAR > 250 m,False,3
2175132105,0.0,34.83700180053711,1937.4999999999998,FAR > 250 m,False,3
2175132201,0.0,35.308998107910156,2108.7999999999997,FAR > 250 m,False,3
2175132202,0.0,35.25299835205078,2078.8999999999996,FAR > 250 m,False,3
2175132203,0.0,35.143001556396484,2019.9999999999998,FAR > 250 m,False,3
2175132301,0.0,35.53300094604492,2229.2999999999997,FAR > 250 m,False,3
2175132302,0.0,35.520999908447266,2222.7999999999997,FAR > 250 m,False,3
2175132303,0.0,35.47600173950195,2198.4999999999995,FAR > 250 m,False,3
2175132304,0.0,35.457000732421875,2188.6999999999994,FAR > 250 m,False,3
2175132305,0.0,35.42100143432617,2168.9999999999995,FAR > 250 m,False,3
2175132306,0.0,35.77899932861328,2132.9,FAR > 250 m,False,3
2175132307,0.0,35.3650016784668,2138.8999999999996,FAR > 250 m,False,3
2175132308,0.0,35.672000885009766,2103.1,FAR > 250 m,False,3
2175132309,0.0,35.56399917602539,2073.2,FAR > 250 m,False,3
2175132310,0.0,35.45600128173828,2043.3999999999996,FAR > 250 m,False,3
2175132401,0.0,35.5880012512207,2258.9999999999995,FAR > 250 m,False,3
2175132402,0.0,36.000999450683594,2223.1,FAR > 250 m,False,3
2175132403,0.0,35.983001708984375,2193.1,FAR > 250 m,False,3
2175132404,0.0,35.88600158691406,2163.1,FAR > 250 m,False,3
2175133101,0.0,34.80799865722656,1930.8999999999999,FAR > 250 m,False,3
2175133102,0.0,34.72100067138672,1900.9999999999998,FAR > 250 m,False,3
2175133103,0.0,34.67900085449219,1886.1999999999998,FAR > 250 m,False,3
2175133104,0.0,34.7760009765625,1891.9999999999998,FAR > 250 m,False,3
2175133105,0.0,34.624000549316406,1867.6999999999998,FAR > 250 m,False,3
2175133106,0.0,34.60599899291992,1861.3999999999999,FAR > 250 m,False,3
2175133107,0.0,34.573001861572266,1841.3,FAR > 250 m,False,3
2175133108,0.0,34.46699905395508,1811.1,FAR > 250 m,False,3
2175133201,0.0,35.16999816894531,2034.4999999999998,FAR > 250 m,False,3
2175133202,0.0,35.1879997253418,2044.0999999999997,FAR > 250 m,False,3
2175133203,0.0,35.3489990234375,2011.9999999999995,FAR > 250 m,False,3
2175133204,0.0,35.24100112915039,1982.9999999999995,FAR > 250 m,False,3
2175133205,0.0,35.125999450683594,1939.8999999999996,FAR > 250 m,False,3
2175133206,0.0,35.159000396728516,1951.6999999999996,FAR > 250 m,False,3
2175133207,0.0,35.1879997253418,1960.1999999999996,FAR > 250 m,False,3
2175133208,0.0,35.0359992980957,1921.7999999999997,FAR > 250 m,False,3
2175134001,0.0,34.14099884033203,1779.0,FAR > 250 m,False,3
2175134002,0.0,34.03499984741211,1759.9,FAR > 250 m,False,3
2175134003,0.0,33.79999923706055,1751.2,FAR > 250 m,False,3
2175134004,0.0,33.737998962402344,1721.1000000000001,FAR > 250 m,False,3
2175134005,0.0,33.676998138427734,1691.1000000000001,FAR > 250 m,False,3
2175134901,0.0,34.56999969482422,1969.8,FAR > 250 m,False,3
2175134902,0.0,34.54399871826172,1946.1,FAR > 250 m,False,3
2175134903,0.0,34.51100158691406,1916.1,FAR > 250 m,False,3
2175134904,0.0,34.500999450683594,1907.6999999999998,FAR > 250 m,False,3
2175134905,0.0,34.49700164794922,1903.1999999999998,FAR > 250 m,False,3
2175135101,0.0,34.599998474121094,1568.8,FAR > 250 m,False,3
2175135901,0.0,34.47700119018555,1885.8999999999999,FAR > 250 m,False,3
2175135902,0.0,34.44499969482422,1856.1999999999998,FAR > 250 m,False,3
2175135903,0.0,34.426998138427734,1839.8999999999999,FAR > 250 m,False,3
2175135904,0.0,34.41299819946289,1827.3999999999999,FAR > 250 m,False,3
2175135905,0.0,34.37900161743164,1796.1999999999998,FAR > 250 m,False,3
2175136001,0.0,33.12300109863281,1420.8,FAR > 250 m,False,3
2175136002,0.0,33.46799850463867,1424.3,FAR > 250 m,False,3
2175136003,0.0,33.082000732421875,1400.5,FAR > 250 m,False,3
2175136004,0.0,33.0,1360.6,FAR > 250 m,False,3
2175136005,0.0,32.987998962402344,1349.1,FAR > 250 m,False,3
2175136101,0.0,34.099998474121094,1534.6,FAR > 250 m,False,3
2175136901,0.0,34.3129997253418,1736.2999999999997,FAR > 250 m,False,3
2175136902,0.0,34.27899932861328,1706.1999999999998,FAR > 250 m,False,3
2175137001,0.0,32.965999603271484,1328.8,FAR > 250 m,False,3
2175137002,0.0,32.933998107910156,1298.3,FAR > 250 m,False,3
2175137003,0.0,32.902000427246094,1268.6,FAR > 250 m,False,3
2175137004,0.0,32.875999450683594,1244.1,FAR > 250 m,False,3
2175137005,0.0,32.86800003051758,1235.8,FAR > 250 m,False,3
2175137801,0.0,33.900001525878906,1634.1999999999998,FAR > 250 m,False,3
2175137802,0.0,33.88800048828125,1627.1,FAR > 250 m,False,3
2175137803,0.0,33.86800003051758,1615.1999999999998,FAR > 250 m,False,3
2175137804,0.0,33.7130012512207,1524.9999999999998,FAR > 250 m,False,3
2175137901,0.0,34.24599838256836,1676.1999999999998,FAR > 250 m,False,3
2175137902,0.0,34.21500015258789,1647.6999999999998,FAR > 250 m,False,3
2175137903,0.0,34.233001708984375,1664.4999999999998,FAR > 250 m,False,3
2175137904,0.0,33.814998626708984,1584.3999999999999,FAR > 250 m,False,3
2175137905,0.0,33.79100036621094,1570.6999999999998,FAR > 250 m,False,3
2175137906,0.0,33.763999938964844,1554.8999999999999,FAR > 250 m,False,3
2175138001,0.0,32.8390007019043,1209.3,FAR > 250 m,False,3
2175138002,0.0,32.80799865722656,1179.3999999999999,FAR > 250 m,False,3
2175138003,0.0,32.7760009765625,1149.8,FAR > 250 m,False,3
2175138004,0.0,32.744998931884766,1119.8,FAR > 250 m,False,3
2175138501,0.0,33.78499984741211,1288.6,FAR > 250 m,False,3
2175138502,0.0,33.74800109863281,1275.6999999999998,FAR > 250 m,False,3
2175138503,0.0,33.61899948120117,1230.3999999999999,FAR > 250 m,False,3
2175138504,0.0,33.534000396728516,1200.6,FAR > 250 m,False,3
2175138801,0.0,33.65999984741211,1493.8999999999999,FAR > 250 m,False,3
2175138802,0.0,33.59199905395508,1454.6,FAR > 250 m,False,3
2175138803,0.0,33.56100082397461,1436.1999999999998,FAR > 250 m,False,3
2175139001,0.0,32.7130012512207,1089.8,FAR > 250 m,False,3
2175139101,0.0,32.680999755859375,1059.8999999999999,FAR > 250 m,False,3
2175139102,0.0,32.64899826049805,1029.8,FAR > 250 m,False,3
2175139103,0.0,32.617000579833984,999.9,FAR > 250 m,False,3
2175139501,0.0,33.44900131225586,1170.1999999999998,FAR > 250 m,False,3
2175139502,0.0,33.36399841308594,1140.2999999999997,FAR > 250 m,False,3
2175139503,0.0,33.275001525878906,1108.9999999999998,FAR > 250 m,False,3
2175139801,0.0,33.1609992980957,1398.8999999999999,FAR > 250 m,False,3
2175139802,0.0,32.99800109863281,1358.6999999999998,FAR > 250 m,False,3
2175139803,0.0,32.875999450683594,1328.6,FAR > 250 m,False,3
2175139901,0.0,33.49599838256836,1507.3999999999999,FAR > 250 m,False,3
2175139902,0.0,33.41299819946289,1480.4999999999998,FAR > 250 m,False,3
2175139903,0.0,33.32600021362305,1452.3999999999999,FAR > 250 m,False,3
2175139904,0.0,33.23099899291992,1421.4999999999998,FAR > 250 m,False,3
2175140301,0.0,41.0,2662.3999999999996,FAR > 250 m,False,3
2175140302,0.0,40.599998474121094,2643.4999999999995,FAR > 250 m,False,3
2175140303,0.0,40.20000076293945,2623.9999999999995,FAR > 250 m,False,3
2175140304,0.0,39.94900131225586,2588.1999999999994,FAR > 250 m,False,3
2175141201,0.0,38.900001525878906,2459.0999999999995,FAR > 250 m,False,3
2175141301,0.0,39.400001525878906,2509.6999999999994,FAR > 250 m,False,3
2175142201,0.0,38.599998474121094,2435.9999999999995,FAR > 250 m,False,3
2175142202,0.0,38.400001525878906,2405.6999999999994,FAR > 250 m,False,3
2175142203,0.0,38.20000076293945,2378.6999999999994,FAR > 250 m,False,3
2175142204,0.0,38.084999084472656,2362.0999999999995,FAR > 250 m,False,3
2175143001,0.0,36.34299850463867,2083.6999999999994,FAR > 250 m,False,3
2175143002,0.0,36.32899856567383,2078.9999999999995,FAR > 250 m,False,3
2175143003,0.0,36.380001068115234,2095.899999999999,FAR > 250 m,False,3
2175143004,0.0,36.28900146484375,2065.8999999999996,FAR > 250 m,False,3
2175143005,0.0,36.470001220703125,2125.7999999999993,FAR > 250 m,False,3
2175143006,0.0,36.19900131225586,2035.8999999999999,FAR > 250 m,False,3
2175143101,0.0,36.560001373291016,2155.999999999999,FAR > 250 m,False,3
2175143102,0.0,36.57600021362305,2161.199999999999,FAR > 250 m,False,3
2175143103,0.0,36.641998291015625,2183.199999999999,FAR > 250 m,False,3
2175143104,0.0,36.810001373291016,2238.999999999999,FAR > 250 m,False,3
2175143105,0.0,36.733001708984375,2213.499999999999,FAR > 250 m,False,3
2175143106,0.0,36.77000045776367,2225.7999999999993,FAR > 250 m,False,3
2175143201,0.0,37.80500030517578,2321.6999999999994,FAR > 250 m,False,3
2175143202,0.0,37.0,2302.0999999999995,FAR > 250 m,False,3
2175143203,0.0,36.97800064086914,2294.6999999999994,FAR > 250 m,False,3
2175143204,0.0,36.95500183105469,2287.2999999999993,FAR > 250 m,False,3
2175143205,0.0,36.9119987487793,2272.899999999999,FAR > 250 m,False,3
2175143206,0.0,36.854000091552734,2253.599999999999,FAR > 250 m,False,3
2175143801,0.0,40.638999938964844,3102.3999999999987,FAR > 250 m,False,3
2175143901,0.0,40.72600173950195,3121.5999999999985,FAR > 250 m,False,3
2175143902,0.0,40.82099914550781,3142.4999999999986,FAR > 250 m,False,3
2175143903,0.0,40.94499969482422,3169.9999999999986,FAR > 250 m,False,3
2175143904,0.0,41.053001403808594,3193.6999999999985,FAR > 250 m,False,3
2175144001,0.0,36.108001708984375,2005.8,FAR > 250 m,False,3
2175144002,0.0,36.07600021362305,1994.8999999999999,FAR > 250 m,False,3
2175144801,0.0,40.402000427246094,3050.299999999999,FAR > 250 m,False,3
2175144802,0.0,40.277000427246094,3022.599999999999,FAR > 250 m,False,3
2175144803,0.0,40.12799835205078,2989.899999999999,FAR > 250 m,False,3
2175144901,0.0,41.11000061035156,3206.1999999999985,FAR > 250 m,False,3
2175144902,0.0,40.4739990234375,3066.199999999999,FAR > 250 m,False,3
2175145801,0.0,39.89699935913086,2938.999999999999,FAR > 250 m,False,3
2175145802,0.0,39.7140007019043,2898.499999999999,FAR > 250 m,False,3
2175145803,0.0,39.62300109863281,2878.499999999999,FAR > 250 m,False,3
2175145804,0.0,39.486000061035156,2848.2999999999993,FAR > 250 m,False,3
2175146701,0.0,39.00400161743164,2749.7999999999993,FAR > 250 m,False,3
2175146801,0.0,39.316001892089844,2810.7999999999993,FAR > 250 m,False,3
2175146802,0.0,39.13999938964844,2771.899999999999,FAR > 250 m,False,3
2175147801,0.0,38.84199905395508,2723.499999999999,FAR > 250 m,False,3
2175147802,0.0,38.66600036621094,2694.999999999999,FAR > 250 m,False,3
2175147803,0.0,38.51900100708008,2642.6999999999994,FAR > 250 m,False,3
2175147804,0.0,38.55099868774414,2663.2999999999993,FAR > 250 m,False,3
2175147805,0.0,38.50600051879883,2631.9999999999995,FAR > 250 m,False,3
2175147806,0.0,38.48099899291992,2602.4999999999995,FAR > 250 m,False,3
2175148001,0.0,33.85599899291992,1624.0999999999997,FAR > 250 m,False,3
2175148002,0.0,33.6879997253418,1569.4999999999998,FAR > 250 m,False,3
2175148101,0.0,33.946998596191406,1653.6999999999996,FAR > 250 m,False,3
2175148102,0.0,34.00400161743164,1675.0999999999997,FAR > 250 m,False,3
2175148103,0.0,34.07899856567383,1693.7999999999997,FAR > 250 m,False,3
2175148401,0.0,35.435001373291016,2096.3999999999996,FAR > 250 m,False,3
2175148402,0.0,35.47999954223633,2109.0999999999995,FAR > 250 m,False,3
2175148403,0.0,35.3650016784668,2076.3999999999996,FAR > 250 m,False,3
2175148501,0.0,35.573001861572266,2135.3999999999996,FAR > 250 m,False,3
2175148502,0.0,35.79100036621094,2196.9999999999995,FAR > 250 m,False,3
2175148503,0.0,35.72999954223633,2179.9999999999995,FAR > 250 m,False,3
2175148504,0.0,36.0260009765625,2223.8999999999996,FAR > 250 m,False,3
2175148601,0.0,36.196998596191406,2243.3999999999996,FAR > 250 m,False,3
2175148701,0.0,37.90399932861328,2438.0999999999995,FAR > 250 m,False,3
2175148702,0.0,38.02899932861328,2452.2999999999993,FAR > 250 m,False,3
2175148703,0.0,38.09299850463867,2459.5999999999995,FAR > 250 m,False,3
2175148704,0.0,37.750999450683594,2420.6999999999994,FAR > 250 m,False,3
2175148801,0.0,38.45500183105469,2572.3999999999996,FAR > 250 m,False,3
2175148802,0.0,38.43299865722656,2542.3999999999996,FAR > 250 m,False,3
2175148803,0.0,38.41400146484375,2515.7999999999997,FAR > 250 m,False,3
2175148804,0.0,39.345001220703125,2602.2999999999997,FAR > 250 m,False,3
2175148805,0.0,39.13800048828125,2578.7999999999997,FAR > 250 m,False,3
2175148806,0.0,38.38600158691406,2489.2999999999997,FAR > 250 m,False,3
2175148807,0.0,38.35599899291992,2480.8999999999996,FAR > 250 m,False,3
2175148808,0.0,38.95399856567383,2557.7999999999997,FAR > 250 m,False,3
2175148901,0.0,39.63800048828125,2635.7999999999997,FAR > 250 m,False,3
2175148902,0.0,40.01900100708008,2679.1,FAR > 250 m,False,3
2175148903,0.0,40.4109992980957,2723.9,FAR > 250 m,False,3
2175149001,0.0,33.60900115966797,1543.9999999999998,FAR > 250 m,False,3
2175149101,0.0,34.16999816894531,1721.2999999999997,FAR > 250 m,False,3
2175149102,0.0,34.237998962402344,1742.4999999999998,FAR > 250 m,False,3
2175149201,0.0,34.297000885009766,1765.1999999999998,FAR > 250 m,False,3
2175149202,0.0,34.361000061035156,1785.2999999999997,FAR > 250 m,False,3
2175149203,0.0,34.43899917602539,1807.5999999999997,FAR > 250 m,False,3
2175149204,0.0,34.52199935913086,1832.6999999999996,FAR > 250 m,False,3
2175149205,0.0,34.64500045776367,1862.1999999999994,FAR > 250 m,False,3
2175149206,0.0,34.569000244140625,1840.9999999999995,FAR > 250 m,False,3
2175149207,0.0,34.597999572753906,1853.0999999999995,FAR > 250 m,False,3
2175149301,0.0,34.685001373291016,1874.8999999999994,FAR > 250 m,False,3
2175149302,0.0,34.777000427246094,1904.8999999999994,FAR > 250 m,False,3
2175149303,0.0,34.86000061035156,1973.5999999999995,FAR > 250 m,False,3
2175149304,0.0,34.867000579833984,1924.2999999999995,FAR > 250 m,False,3
2175149401,0.0,35.26300048828125,2047.5999999999995,FAR > 250 m,False,3
2175149402,0.0,35.154998779296875,2017.0999999999995,FAR > 250 m,False,3
2175149403,0.0,34.888999938964844,1999.1999999999994,FAR > 250 m,False,3
2175149404,0.0,34.922000885009766,2028.7999999999993,FAR > 250 m,False,3
2175149405,0.0,34.93899917602539,2044.0999999999992,FAR > 250 m,False,3
2175149406,0.0,34.95100021362305,2055.2999999999993,FAR > 250 m,False,3
2175149407,0.0,34.959999084472656,2063.1999999999994,FAR > 250 m,False,3
2175149408,0.0,36.70000076293945,2082.0999999999995,FAR > 250 m,False,3
2175149501,0.0,36.69499969482422,2229.8999999999996,FAR > 250 m,False,3
2175149601,0.0,36.37699890136719,2263.8999999999996,FAR > 250 m,False,3
2175149602,0.0,36.71500015258789,2302.3999999999996,FAR > 250 m,False,3
2175149603,0.0,36.94900131225586,2329.0999999999995,FAR > 250 m,False,3
2175149701,0.0,37.49100112915039,2390.9999999999995,FAR > 250 m,False,3
2175149702,0.0,37.24100112915039,2362.3999999999996,FAR > 250 m,False,3
2175149801,0.0,38.25600051879883,2478.2999999999993,FAR > 250 m,False,3
2175149802,0.0,38.38600158691406,2493.0999999999995,FAR > 250 m,False,3
2175149803,0.0,38.70100021362305,2528.9999999999995,FAR > 250 m,False,3
2175152301,0.0,51.0,3838.099999999998,FAR > 250 m,False,3
2175152302,0.0,50.50600051879883,3815.8999999999983,FAR > 250 m,False,3
2175152303,0.0,49.90800094604492,3788.999999999998,FAR > 250 m,False,3
2175153101,0.0,42.720001220703125,3412.3999999999987,FAR > 250 m,False,3
2175153102,0.0,43.042999267578125,3446.0999999999985,FAR > 250 m,False,3
2175153103,0.0,43.33300018310547,3476.2999999999984,FAR > 250 m,False,3
2175153201,0.0,43.619998931884766,3506.1999999999985,FAR > 250 m,False,3
2175153202,0.0,44.29199981689453,3536.3999999999983,FAR > 250 m,False,3
2175153301,0.0,49.47200012207031,3769.3999999999983,FAR > 250 m,False,3
2175153302,0.0,48.89400100708008,3743.3999999999983,FAR > 250 m,False,3
2175153303,0.0,48.22999954223633,3713.599999999998,FAR > 250 m,False,3
2175153304,0.0,47.558998107910156,3683.3999999999983,FAR > 250 m,False,3
2175154001,0.0,41.222999572753906,3231.1999999999985,FAR > 250 m,False,3
2175154002,0.0,41.35900115966797,3261.1999999999985,FAR > 250 m,False,3
2175154003,0.0,41.38100051879883,3266.0999999999985,FAR > 250 m,False,3
2175154004,0.0,41.439998626708984,3278.9999999999986,FAR > 250 m,False,3
2175154005,0.0,41.560001373291016,3291.4999999999986,FAR > 250 m,False,3
2175154006,0.0,41.84700012207031,3321.3999999999987,FAR > 250 m,False,3
2175154101,0.0,42.448001861572266,3383.9999999999986,FAR > 250 m,False,3
2175154102,0.0,42.17499923706055,3355.5999999999985,FAR > 250 m,False,3
2175154201,0.0,44.952999114990234,3566.099999999998,FAR > 250 m,False,3
2175154301,0.0,45.6150016784668,3595.8999999999983,FAR > 250 m,False,3
2175154302,0.0,46.28099822998047,3625.8999999999983,FAR > 250 m,False,3
2175154303,0.0,46.95100021362305,3655.999999999998,FAR > 250 m,False,3
2175158001,0.0,41.10900115966797,2800.9,FAR > 250 m,False,3
2175158002,0.0,40.900001525878906,2779.6,FAR > 250 m,False,3
2175158003,0.0,41.23699951171875,2814.0,FAR > 250 m,False,3
2175158004,0.0,41.42599868774414,2833.3,FAR > 250 m,False,3
2175158005,0.0,40.483001708984375,2732.1,FAR > 250 m,False,3
2175158006,0.0,40.69499969482422,2756.2999999999997,FAR > 250 m,False,3
2175158101,0.0,42.527000427246094,2945.4,FAR > 250 m,False,3
2175158102,0.0,42.10100173950195,2902.0,FAR > 250 m,False,3
2175158201,0.0,44.0,3095.6,FAR > 250 m,False,3
2175158202,0.0,43.733001708984375,3068.4,FAR > 250 m,False,3
2175158203,0.0,43.31800079345703,3026.1,FAR > 250 m,False,3
2176040901,0.0,25.09600067138672,902.7999999999997,FAR > 250 m,False,1
2176040902,0.0,25.08300018310547,882.7999999999997,FAR > 250 m,False,1
2176040903,0.0,25.06999969482422,862.8999999999997,FAR > 250 m,False,1
2176040904,0.0,25.05699920654297,843.0999999999998,FAR > 250 m,False,1
2176040905,0.0,25.04400062561035,823.1999999999998,FAR > 250 m,False,1
2176040906,0.0,25.03499984741211,807.7999999999998,FAR > 250 m,False,1
2176040907,0.0,25.031999588012695,803.1999999999998,FAR > 250 m,False,1
2176041801,0.0,25.006000518798828,764.5999999999999,FAR > 250 m,False,1
2176041802,0.0,24.993999481201172,744.8999999999999,FAR > 250 m,False,1
2176041803,0.0,24.979999542236328,723.7999999999998,FAR > 250 m,False,1
2176041804,0.0,24.9689998626709,706.6999999999998,FAR > 250 m,False,1
2176041805,0.0,24.95199966430664,680.2999999999998,FAR > 250 m,False,1
2176041901,0.0,25.018999099731445,783.8999999999999,FAR > 250 m,False,1
2176042801,0.0,24.940000534057617,661.4999999999999,FAR > 250 m,False,1
2176042802,0.0,24.929000854492188,645.1999999999999,FAR > 250 m,False,1
2176042803,0.0,24.915000915527344,623.4,FAR > 250 m,False,1
2176042804,0.0,24.908000946044922,612.9,FAR > 250 m,False,1
2176042805,0.0,24.89900016784668,598.6999999999999,FAR > 250 m,False,1
2176042806,0.0,24.88599967956543,578.4999999999999,FAR > 250 m,False,1
2176043801,0.0,24.874000549316406,560.7999999999998,FAR > 250 m,False,1
2176043802,0.0,24.860000610351562,539.2999999999998,FAR > 250 m,False,1
2176043803,0.0,24.854999542236328,531.7999999999998,FAR > 250 m,False,1
2176043804,0.0,24.850000381469727,523.8999999999999,FAR > 250 m,False,1
2176043805,0.0,24.832000732421875,494.8999999999999,FAR > 250 m,False,1
2176043806,0.0,24.8439998626709,475.7999999999999,FAR > 250 m,False,1
2176044801,0.0,24.854999542236328,461.4999999999999,FAR > 250 m,False,1
2176044802,0.0,24.78700065612793,425.9999999999999,FAR > 250 m,False,1
2176044803,0.0,24.763999938964844,383.0999999999999,FAR > 250 m,False,1
2176045801,0.0,24.750999450683594,337.19999999999993,FAR > 250 m,False,1
2176045802,0.0,24.700000762939453,293.29999999999995,FAR > 250 m,False,1
2176045803,1.4698481559753418,24.57284927368164,283.9,FAR > 250 m,False,1
2176045901,1.5849385261535645,24.746938705444336,439.9,FAR > 250 m,False,1
2176046501,0.8724042177200317,23.872404098510742,10.0,NEAR <= 250 m,False,1
2176046601,1.3015979528427124,24.354597091674805,152.6,NEAR <= 250 m,False,1
2176047501,0.856130063533783,23.84613037109375,0.0,NEAR <= 250 m,True,1
2176050701,0.8060081005096436,25.311006546020508,2054.2,FAR > 250 m,False,1
2176050702,0.8077298402786255,25.31072998046875,2050.0,FAR > 250 m,False,1
2176050703,0.8085775375366211,25.310577392578125,2047.6999999999998,FAR > 250 m,False,1
2176050704,0.81427401304245,25.309274673461914,2028.6,FAR > 250 m,False,1
2176050705,0.025556841865181923,25.3255558013916,2079.6000000000004,FAR > 250 m,False,1
2176050706,0.0380047932267189,25.324003219604492,2066.7000000000003,FAR > 250 m,False,1
2176050707,0.0458080992102623,25.321807861328125,2057.3,FAR > 250 m,False,1
2176050708,0.8198971152305603,25.307897567749023,2009.1,FAR > 250 m,False,1
2176050709,0.06289918720722198,25.316898345947266,2037.5,FAR > 250 m,False,1
2176050711,0.07823392748832703,25.313234329223633,2020.2,FAR > 250 m,False,1
2176050712,0.8273732662200928,25.306373596191406,1987.8,FAR > 250 m,False,1
2176050713,0.8339570760726929,25.30495834350586,1967.7,FAR > 250 m,False,1
2176050801,0.0,25.400999069213867,2172.6000000000004,FAR > 250 m,False,1
2176050802,0.0,25.365999221801758,2139.9000000000005,FAR > 250 m,False,1
2176050803,0.0,25.347999572753906,2123.9000000000005,FAR > 250 m,False,1
2176050804,0.0,25.333999633789062,2110.4000000000005,FAR > 250 m,False,1
2176050805,0.0022711597848683596,25.317272186279297,2093.6000000000004,FAR > 250 m,False,1
2176051701,0.8396446108818054,25.303646087646484,1947.7,FAR > 250 m,False,1
2176051702,0.8463971614837646,25.302396774291992,1927.0,FAR > 250 m,False,1
2176051703,0.8532219529151917,25.30122184753418,1906.4,FAR > 250 m,False,1
2176051704,0.8600590229034424,25.300060272216797,1886.0,FAR > 250 m,False,1
2176051705,0.8668568134307861,25.298856735229492,1865.8,FAR > 250 m,False,1
2176051706,0.8752673864364624,25.29726791381836,1840.5,FAR > 250 m,False,1
2176051707,0.8811463117599487,25.296146392822266,1822.7,FAR > 250 m,False,1
2176052701,0.8878758549690247,25.294876098632812,1801.8,FAR > 250 m,False,1
2176052702,0.9138403534889221,25.2928409576416,1763.8,FAR > 250 m,False,1
2176052703,0.9338396191596985,25.291839599609375,1743.8,FAR > 250 m,False,1
2176052704,0.9548423886299133,25.290842056274414,1723.8,FAR > 250 m,False,1
2176052705,0.9748821258544922,25.28988265991211,1704.1,FAR > 250 m,False,1
2176052801,0.8938441276550293,25.29384422302246,1783.5,FAR > 250 m,False,1
2176052802,0.45348578691482544,25.29548454284668,1812.7,FAR > 250 m,False,1
2176052803,0.41040608286857605,25.297405242919922,1844.7,FAR > 250 m,False,1
2176052804,0.38265809416770935,25.29865837097168,1864.5,FAR > 250 m,False,1
2176052901,0.35604381561279297,25.300045013427734,1884.4,FAR > 250 m,False,1
2176052902,0.3286501467227936,25.30164909362793,1904.6000000000001,FAR > 250 m,False,1
2176052903,0.3024371564388275,25.303436279296875,1924.4,FAR > 250 m,False,1
2176052904,0.2754926383495331,25.305492401123047,1944.5,FAR > 250 m,False,1
2176052905,0.2488279938697815,25.307828903198242,1964.6,FAR > 250 m,False,1
2176053701,0.9949740171432495,25.28897476196289,1684.1,FAR > 250 m,False,1
2176053702,1.0151653289794922,25.288166046142578,1664.0,FAR > 250 m,False,1
2176053703,1.0364583730697632,25.287458419799805,1644.0,FAR > 250 m,False,1
2176053704,1.0568033456802368,25.286802291870117,1624.0,FAR > 250 m,False,1
2176053705,1.0771712064743042,25.286170959472656,1604.1,FAR > 250 m,False,1
2176054701,1.0975570678710938,25.28555679321289,1584.1999999999998,FAR > 250 m,False,1
2176054702,1.118986964225769,25.28498649597168,1564.1999999999998,FAR > 250 m,False,1
2176054703,1.1394989490509033,25.284500122070312,1544.1999999999998,FAR > 250 m,False,1
2176054704,1.1601077318191528,25.284109115600586,1524.3999999999999,FAR > 250 m,False,1
2176054705,1.180783987045288,25.283784866333008,1504.6,FAR > 250 m,False,1
2176054706,1.2014789581298828,25.283479690551758,1485.0,FAR > 250 m,False,1
2176055701,1.2221558094024658,25.283157348632812,1465.1,FAR > 250 m,False,1
2176055702,1.2428028583526611,25.282804489135742,1445.1999999999998,FAR > 250 m,False,1
2176055703,1.263443112373352,25.282442092895508,1425.3999999999999,FAR > 250 m,False,1
2176055704,1.2850784063339233,25.28207778930664,1405.4999999999998,FAR > 250 m,False,1
2176055705,1.305736780166626,25.281736373901367,1385.4999999999998,FAR > 250 m,False,1
2176056101,1.701586365699768,24.955585479736328,687.7,FAR > 250 m,False,1
2176056701,1.326399564743042,25.28139877319336,1365.4999999999998,FAR > 250 m,False,1
2176056702,1.348046064376831,25.28104591369629,1344.8999999999999,FAR > 250 m,False,1
2176056703,1.368671178817749,25.280672073364258,1325.3,FAR > 250 m,False,1
2176056704,1.3804407119750977,25.280441284179688,1314.3999999999999,FAR > 250 m,False,1
2176056705,0.03785626217722893,25.28085708618164,1334.1999999999998,FAR > 250 m,False,1
2176056706,1.389235258102417,25.280235290527344,1305.6,FAR > 250 m,False,1
2176056707,0.0,25.46299934387207,1354.4999999999998,FAR > 250 m,False,1
2176056708,0.0,25.600000381469727,1374.6999999999998,FAR > 250 m,False,1
2176056709,1.4207432270050049,25.279743194580078,1285.0,FAR > 250 m,False,1
2176056710,0.0,25.611000061035156,1395.1,FAR > 250 m,False,1
2176057401,1.7744981050491333,25.114498138427734,919.2,FAR > 250 m,False,1
2176057501,0.6964374780654907,25.19643783569336,1057.3,FAR > 250 m,False,1
2176057502,1.7892323732376099,25.194232940673828,1049.3,FAR > 250 m,False,1
2176057601,1.4341388940811157,25.279138565063477,1262.5,FAR > 250 m,False,1
2176057602,1.4516429901123047,25.278642654418945,1245.8,FAR > 250 m,False,1
2176057603,1.477820634841919,25.277820587158203,1220.1,FAR > 250 m,False,1
2176057604,1.8366583585739136,25.27665901184082,1187.1,FAR > 250 m,False,1
2176057801,0.0,25.6200008392334,1415.3999999999999,FAR > 250 m,False,1
2176057802,0.0,25.628000259399414,1435.3999999999999,FAR > 250 m,False,1
2176057803,0.0,25.636999130249023,1455.1999999999998,FAR > 250 m,False,1
2176057804,0.0,25.645000457763672,1475.4999999999998,FAR > 250 m,False,1
2176057805,0.0,25.65399932861328,1495.6999999999998,FAR > 250 m,False,1
2176057806,0.0,25.66200065612793,1515.7999999999997,FAR > 250 m,False,1
2176057901,0.0,25.663999557495117,1535.8999999999996,FAR > 250 m,False,1
2176057902,0.0,25.666000366210938,1555.8999999999996,FAR > 250 m,False,1
2176057903,0.0,25.667999267578125,1575.8999999999996,FAR > 250 m,False,1
2176057904,0.0,25.670000076293945,1595.8999999999996,FAR > 250 m,False,1
2176058701,1.8558812141418457,25.34588050842285,1320.1,FAR > 250 m,False,1
2176058801,1.8539555072784424,25.35395622253418,1348.1,FAR > 250 m,False,1
2176058901,0.0,25.672000885009766,1615.8999999999996,FAR > 250 m,False,1
2176058902,0.0,25.67799949645996,1636.0999999999997,FAR > 250 m,False,1
2176059901,1.9098193645477295,25.46181869506836,1509.8999999999999,FAR > 250 m,False,1
2176060201,0.0,26.04599952697754,2425.899999999999,FAR > 250 m,False,1
2176060202,0.0,26.07200050354004,3329.9999999999995,FAR > 250 m,False,1
2176060203,0.0,25.98699951171875,2406.2999999999993,FAR > 250 m,False,1
2176060204,0.0,25.916000366210938,2392.7999999999993,FAR > 250 m,False,1
2176060205,0.0,26.086000442504883,3352.4999999999995,FAR > 250 m,False,1
2176060206,0.0,25.8799991607666,3155.499999999999,FAR > 250 m,False,1
2176060207,0.0,25.856000900268555,2361.899999999999,FAR > 250 m,False,1
2176060208,0.0,25.82200050354004,2350.2999999999993,FAR > 250 m,False,1
2176060209,0.0,25.80699920654297,2345.2999999999993,FAR > 250 m,False,1
2176060210,0.0,25.788999557495117,2339.0999999999995,FAR > 250 m,False,1
2176060301,0.0,25.829999923706055,3028.899999999999,FAR > 250 m,False,1
2176060302,0.0,25.858999252319336,3103.099999999999,FAR > 250 m,False,1
2176060401,0.0,25.801000595092773,2957.1999999999994,FAR > 250 m,False,1
2176060501,0.0,25.759000778198242,2849.6999999999994,FAR > 250 m,False,1
2176060502,0.0,25.774999618530273,2890.7999999999993,FAR > 250 m,False,1
2176060601,0.0,25.74799919128418,2807.399999999999,FAR > 250 m,False,1
2176060602,0.0,25.73699951171875,2788.7999999999993,FAR > 250 m,False,1
2176060603,0.0,25.731000900268555,2780.1999999999994,FAR > 250 m,False,1
2176060604,0.0,25.7450008392334,2815.5999999999995,FAR > 250 m,False,1
2176060605,0.0,25.71299934387207,2731.0999999999995,FAR > 250 m,False,1
2176060803,0.005643124226480722,26.205644607543945,3551.499999999999,FAR > 250 m,False,1
2176061201,0.0,25.729999542236328,2321.3999999999996,FAR > 250 m,False,1
2176061202,0.0,25.670000076293945,2299.5999999999995,FAR > 250 m,False,1
2176061203,0.0,25.613000869750977,2283.7999999999993,FAR > 250 m,False,1
2176061204,0.0,25.55500030517578,2265.1999999999994,FAR > 250 m,False,1
2176061205,0.0,25.4950008392334,2245.1999999999994,FAR > 250 m,False,1
2176061601,0.0,25.68199920654297,2661.4999999999995,FAR > 250 m,False,1
2176062001,0.2234034240245819,25.31040382385254,1984.3999999999999,FAR > 250 m,False,1
2176062002,0.19824080169200897,25.31324005126953,2004.3,FAR > 250 m,False,1
2176062003,0.17253178358078003,25.316530227661133,2024.1,FAR > 250 m,False,1
2176062004,0.14847709238529205,25.320478439331055,2044.1999999999998,FAR > 250 m,False,1
2176062005,0.1232614666223526,25.324262619018555,2064.1,FAR > 250 m,False,1
2176062101,0.09800779819488525,25.328006744384766,2084.2999999999997,FAR > 250 m,False,1
2176062102,0.07220248878002167,25.330202102661133,2104.3999999999996,FAR > 250 m,False,1
2176062103,0.04257360100746155,25.329574584960938,2124.2999999999997,FAR > 250 m,False,1
2176062104,0.003430211916565895,25.319429397583008,2144.3999999999996,FAR > 250 m,False,1
2176062105,0.0,25.3439998626709,2164.4999999999995,FAR > 250 m,False,1
2176062201,0.0,25.437000274658203,2227.9999999999995,FAR > 250 m,False,1
2176062202,0.0,25.37299919128418,2205.4999999999995,FAR > 250 m,False,1
2176062203,0.0,25.43400001525879,2273.8999999999996,FAR > 250 m,False,1
2176062204,0.0,25.4060001373291,2237.4999999999995,FAR > 250 m,False,1
2176062301,0.0,25.493000030517578,2360.6,FAR > 250 m,False,1
2176062302,0.0,25.46500015258789,2318.7999999999997,FAR > 250 m,False,1
2176062401,0.0,25.570999145507812,2473.6,FAR > 250 m,False,1
2176062402,0.0,25.54400062561035,2435.0,FAR > 250 m,False,1
2176062403,0.0,25.51799964904785,2396.2,FAR > 250 m,False,1
2176062501,0.0,25.62700080871582,2555.2,FAR > 250 m,False,1
2176062502,0.0,25.601999282836914,2520.2,FAR > 250 m,False,1
2176062601,0.0,25.665000915527344,2612.2999999999997,FAR > 250 m,False,1
2176062602,0.0,25.687999725341797,2645.2,FAR > 250 m,False,1
2176062701,0.0,25.722999572753906,2697.0,FAR > 250 m,False,1
2176062702,0.0,25.75200080871582,2738.3,FAR > 250 m,False,1
2176062703,0.0,25.764999389648438,2757.6000000000004,FAR > 250 m,False,1
2176062704,0.0,25.777999877929688,2777.0000000000005,FAR > 250 m,False,1
2176063701,0.0,25.792999267578125,2798.9000000000005,FAR > 250 m,False,1
2176063702,0.0,25.805999755859375,2818.4000000000005,FAR > 250 m,False,1
2176063703,0.0,25.832000732421875,2855.5000000000005,FAR > 250 m,False,1
2176063704,0.0,25.850000381469727,2882.0000000000005,FAR > 250 m,False,1
2176064701,1.0090515613555908,26.009052276611328,2952.199999999999,FAR > 250 m,False,1
2176064702,1.084510087966919,26.009510040283203,2935.999999999999,FAR > 250 m,False,1
2176064901,0.5888246297836304,25.98882484436035,3139.699999999999,FAR > 250 m,False,1
2176065701,1.1521165370941162,26.00811767578125,2920.999999999999,FAR > 250 m,False,1
2176065702,1.1919180154800415,26.009918212890625,2909.7999999999993,FAR > 250 m,False,1
2176065703,1.233034372329712,26.005033493041992,2896.1999999999994,FAR > 250 m,False,1
2176065801,1.295669436454773,26.004669189453125,2877.4999999999995,FAR > 250 m,False,1
2176065802,1.4112858772277832,26.049285888671875,2856.5999999999995,FAR > 250 m,False,1
2176065803,1.4894684553146362,26.069467544555664,2839.3999999999996,FAR > 250 m,False,1
2176065804,1.5514800548553467,26.063478469848633,2819.3999999999996,FAR > 250 m,False,1
2176066801,1.6226094961166382,26.076610565185547,2802.3999999999996,FAR > 250 m,False,1
2176066802,1.6930967569351196,26.09609603881836,2787.2999999999997,FAR > 250 m,False,1
2176066803,1.7672630548477173,26.112262725830078,2770.3999999999996,FAR > 250 m,False,1
2176066804,1.8260008096694946,26.11600112915039,2754.2,FAR > 250 m,False,1
2176066805,1.8387882709503174,26.075788497924805,2731.7,FAR > 250 m,False,1
2176066806,1.8690402507781982,26.0400390625,2714.3999999999996,FAR > 250 m,False,1
2176067801,1.9171985387802124,26.020198822021484,2698.7,FAR > 250 m,False,1
2176067802,1.9133554697036743,26.00435447692871,2684.2999999999997,FAR > 250 m,False,1
2176067803,1.8974692821502686,25.971467971801758,2664.2999999999997,FAR > 250 m,False,1
2176067804,1.8931330442428589,25.952133178710938,2647.4999999999995,FAR > 250 m,False,1
2176067805,1.8975170850753784,25.944517135620117,2633.0999999999995,FAR > 250 m,False,1
2176067806,1.916834831237793,25.943836212158203,2610.1999999999994,FAR > 250 m,False,1
2176068001,0.0,25.695999145507812,1656.2999999999997,FAR > 250 m,False,1
2176068002,0.0,25.746000289916992,1676.2999999999997,FAR > 250 m,False,1
2176068003,0.0,26.204999923706055,1696.5999999999997,FAR > 250 m,False,1
2176068004,0.0,26.400999069213867,1716.7999999999997,FAR > 250 m,False,1
2176068005,0.0,26.680999755859375,1736.8999999999996,FAR > 250 m,False,1
2176068801,1.9615627527236938,25.955562591552734,2571.4999999999995,FAR > 250 m,False,1
2176068802,1.9729946851730347,25.945993423461914,2546.7999999999997,FAR > 250 m,False,1
2176068803,2.005474805831909,25.958473205566406,2523.7,FAR > 250 m,False,1
2176068804,2.037398338317871,25.973400115966797,2503.6,FAR > 250 m,False,1
2176069601,2.092663049697876,25.88666343688965,2263.7,FAR > 250 m,False,1
2176069801,2.0649850368499756,25.98298454284668,2482.7,FAR > 250 m,False,1
2176069802,2.090579032897949,25.990577697753906,2461.6,FAR > 250 m,False,1
2176069803,2.136319160461426,25.99831771850586,2475.5,FAR > 250 m,False,1
2176069804,2.139960289001465,25.99095916748047,2460.5,FAR > 250 m,False,1
2176069901,1.3572046756744385,25.99520492553711,2525.2,FAR > 250 m,False,1
2176070701,2.160263776779175,28.940263748168945,4406.5,FAR > 250 m,False,1
2176070702,2.493312120437622,29.26531219482422,4376.3,FAR > 250 m,False,1
2176070703,2.5093555450439453,29.279356002807617,4362.3,FAR > 250 m,False,1
2176070706,2.541828155517578,29.307828903198242,4346.900000000001,FAR > 250 m,False,1
2176071701,2.597809076309204,29.356809616088867,4317.400000000001,FAR > 250 m,False,1
2176071702,2.64635968208313,29.398361206054688,4286.8,FAR > 250 m,False,1
2176071703,2.6915783882141113,29.43657875061035,4254.8,FAR > 250 m,False,1
2176071704,2.690000057220459,29.4320011138916,4240.1,FAR > 250 m,False,1
2176071706,2.7001354694366455,29.439136505126953,4226.700000000001,FAR > 250 m,False,1
2176072702,3.3621060848236084,30.087106704711914,4167.1,FAR > 250 m,False,1
2176072703,3.548074960708618,30.266075134277344,4137.0,FAR > 250 m,False,1
2176072704,3.0772507190704346,29.80925178527832,4196.900000000001,FAR > 250 m,False,1
2176073801,3.6233344078063965,30.33533477783203,4107.0,FAR > 250 m,False,1
2176073802,3.6684322357177734,30.373432159423828,4077.1,FAR > 250 m,False,1
2176073804,3.68635892868042,30.38435935974121,4047.0,FAR > 250 m,False,1
2176073806,3.6833362579345703,30.37433624267578,4017.3,FAR > 250 m,False,1
2176074802,3.688768148422241,30.373767852783203,3987.1000000000004,FAR > 250 m,False,1
2176074803,3.662750482559204,30.340749740600586,3957.3,FAR > 250 m,False,1
2176075801,3.576462507247925,30.240461349487305,3897.4,FAR > 250 m,False,1
2176075802,3.41202712059021,30.069026947021484,3867.5,FAR > 250 m,False,1
2176075803,3.170293092727661,29.821292877197266,3837.2,FAR > 250 m,False,1
2176075903,2.246689796447754,28.890689849853516,3807.7,FAR > 250 m,False,1
2176076405,2.0920822620391846,26.69208335876465,3218.6,FAR > 250 m,False,1
2176076406,2.3320062160491943,26.63200569152832,3208.6,FAR > 250 m,False,1
2176076502,2.470355749130249,26.802356719970703,3278.2999999999997,FAR > 250 m,False,1
2176076503,2.4169199466705322,26.734920501708984,3248.2999999999997,FAR > 250 m,False,1
2176076504,2.5348596572875977,26.879859924316406,3308.2,FAR > 250 m,False,1
2176076601,2.7696123123168945,27.169612884521484,3427.7,FAR > 250 m,False,1
2176076602,2.7277255058288574,27.113725662231445,3398.2,FAR > 250 m,False,1
2176076603,2.6919705867767334,27.064970016479492,3368.1,FAR > 250 m,False,1
2176076604,2.6800849437713623,27.03908348083496,3338.2999999999997,FAR > 250 m,False,1
2176076701,2.8288817405700684,27.242881774902344,3457.7,FAR > 250 m,False,1
2176076702,2.8395912647247314,27.266592025756836,3487.7,FAR > 250 m,False,1
2176076703,2.887986898422241,27.32898712158203,3517.3999999999996,FAR > 250 m,False,1
2176076801,2.9024033546447754,27.356403350830078,3547.2,FAR > 250 m,False,1
2176076901,2.1480319499969482,28.785030364990234,3777.0,FAR > 250 m,False,1
2176076903,1.718098759651184,28.267099380493164,3746.4,FAR > 250 m,False,1
2176076904,2.862342596054077,28.037342071533203,3755.3,FAR > 250 m,False,1
2176076905,2.813669443130493,27.978670120239258,3725.4,FAR > 250 m,False,1
2176076906,2.7908124923706055,27.945812225341797,3701.5,FAR > 250 m,False,1
2176077401,1.9657953977584839,26.5657958984375,3215.7000000000003,FAR > 250 m,False,1
2176077402,2.2820489406585693,26.547048568725586,3173.2000000000003,FAR > 250 m,False,1
2176077403,2.2807915210723877,26.524791717529297,3152.2000000000003,FAR > 250 m,False,1
2176077404,2.277820110321045,26.492820739746094,3122.4,FAR > 250 m,False,1
2176077405,2.3189492225646973,26.59994888305664,3189.4,FAR > 250 m,False,1
2176077501,1.9709995985031128,26.546998977661133,3188.3,FAR > 250 m,False,1
2176077801,2.9604876041412354,27.42848777770996,3576.8999999999996,FAR > 250 m,False,1
2176077802,2.611168384552002,27.747167587280273,3635.7,FAR > 250 m,False,1
2176077803,3.051316261291504,27.541316986083984,3625.2999999999997,FAR > 250 m,False,1
2176077804,2.99458646774292,27.4705867767334,3593.7999999999997,FAR > 250 m,False,1
2176077805,3.053220748901367,27.53822135925293,3615.1,FAR > 250 m,False,1
2176077901,2.6130740642547607,27.75507354736328,3655.5,FAR > 250 m,False,1
2176078101,2.1912169456481934,26.146217346191406,2765.8,FAR > 250 m,False,1
2176078201,2.2452330589294434,26.219234466552734,2824.0,FAR > 250 m,False,1
2176078301,2.3194594383239746,26.319459915161133,2905.2,FAR > 250 m,False,1
2176078302,2.280047655105591,26.314048767089844,2939.6,FAR > 250 m,False,1
2176078401,2.2694523334503174,26.420452117919922,3057.9,FAR > 250 m,False,1
2176078501,1.8660411834716797,26.505041122436523,3242.8,FAR > 250 m,False,1
2176078601,1.7945822477340698,26.52058219909668,3318.2000000000003,FAR > 250 m,False,1
2176078701,1.679162859916687,26.483163833618164,3386.3,FAR > 250 m,False,1
2176079001,2.1454949378967285,26.056493759155273,2627.3,FAR > 250 m,False,1
2176079701,1.633115291595459,26.50211524963379,3442.9,FAR > 250 m,False,1
2176079801,1.6143611669540405,26.540361404418945,3492.0,FAR > 250 m,False,1
2176079802,1.3836643695831299,26.50266456604004,3556.3,FAR > 250 m,False,1
2176086001,2.9619300365448,28.146928787231445,3786.0,FAR > 250 m,False,1
2176086002,2.999995231628418,28.20299530029297,3839.5,FAR > 250 m,False,1
2176086003,2.984783411026001,28.17978286743164,3815.8,FAR > 250 m,False,1
2176086004,2.9978556632995605,28.205856323242188,3856.7,FAR > 250 m,False,1
2176086101,3.0455799102783203,28.279579162597656,3935.6,FAR > 250 m,False,1
2176086102,3.021533966064453,28.245534896850586,3905.6,FAR > 250 m,False,1
2176086103,3.004331588745117,28.218332290649414,3875.5,FAR > 250 m,False,1
2176086201,3.1589999198913574,28.4320011138916,4055.5,FAR > 250 m,False,1
2176086202,3.1397383213043213,28.402738571166992,4025.6,FAR > 250 m,False,1
2176086203,3.101638078689575,28.354639053344727,3995.4,FAR > 250 m,False,1
2176086204,3.075840711593628,28.319839477539062,3965.5,FAR > 250 m,False,1
2176086301,3.187349796295166,28.460350036621094,4085.5,FAR > 250 m,False,1
2176086302,3.1790730953216553,28.473073959350586,4115.2,FAR > 250 m,False,1
2176086303,3.1792237758636475,28.494224548339844,4145.4,FAR > 250 m,False,1
2176086401,3.1746649742126465,28.510665893554688,4174.599999999999,FAR > 250 m,False,1
2176086402,3.1707217693328857,28.527721405029297,4204.599999999999,FAR > 250 m,False,1
2176087401,3.1755361557006836,28.554534912109375,4234.599999999999,FAR > 250 m,False,1
2176087402,3.1771905422210693,28.577190399169922,4264.599999999999,FAR > 250 m,False,1
2176087403,3.1833999156951904,28.604398727416992,4294.299999999999,FAR > 250 m,False,1
2176087501,3.1833083629608154,28.625307083129883,4324.4,FAR > 250 m,False,1
2176088501,3.189418077468872,28.65241813659668,4354.299999999999,FAR > 250 m,False,1
2176088502,3.197309970855713,28.68130874633789,4384.4,FAR > 250 m,False,1
2176088503,3.1905243396759033,28.69652557373047,4414.2,FAR > 250 m,False,1
2176088504,3.194035291671753,28.72103500366211,4444.099999999999,FAR > 250 m,False,1
2176088601,3.192909002304077,28.740909576416016,4474.2,FAR > 250 m,False,1
2176088701,4.726872444152832,31.841873168945312,4704.299999999999,FAR > 250 m,False,1
2176088801,6.298155307769775,33.48515701293945,4800.5999999999985,FAR > 250 m,False,1
2176088802,5.609491348266602,32.762489318847656,4755.199999999999,FAR > 250 m,False,1
2176088901,7.436506748199463,34.688507080078125,4888.699999999998,FAR > 250 m,False,1
2176088902,6.921387672424316,34.141387939453125,4844.799999999998,FAR > 250 m,False,1
2176089501,2.8159000873565674,28.58690071105957,4621.099999999999,FAR > 250 m,False,1
2176089502,2.7447404861450195,28.614742279052734,4650.599999999999,FAR > 250 m,False,1
2176089601,3.1892731189727783,28.74727439880371,4488.3,FAR > 250 m,False,1
2176089602,3.19504976272583,28.76704978942871,4512.7,FAR > 250 m,False,1
2176089603,2.6065192222595215,29.63751983642578,4592.2,FAR > 250 m,False,1
2176089604,3.188023567199707,28.77802276611328,4533.7,FAR > 250 m,False,1
2176089605,3.266345262527466,28.804346084594727,4551.0,FAR > 250 m,False,1
2176089606,3.2061870098114014,28.816186904907227,4563.2,FAR > 250 m,False,1
2176089607,3.000316858291626,28.673316955566406,4591.7,FAR > 250 m,False,1
2176089608,3.227489471435547,28.85748863220215,4593.4,FAR > 250 m,False,1
2176089701,3.504429578781128,30.5704288482666,4639.099999999999,FAR > 250 m,False,1
2176098001,7.729039192199707,35.00904083251953,4925.499999999998,FAR > 250 m,False,1
2176099901,1.39894700050354,30.210947036743164,6262.3,FAR > 250 m,False,1
2176099902,1.6845952272415161,30.245595932006836,6230.7,FAR > 250 m,False,1
2176100101,0.3289084732532501,25.51590919494629,167.5,NEAR <= 250 m,False,6
2176100102,0.4069305956363678,25.51593017578125,75.9,NEAR <= 250 m,False,6
2176100501,0.0,25.68000030517578,0.0,NEAR <= 250 m,True,7
2176100601,0.0,25.760000228881836,33.3,NEAR <= 250 m,False,7
2176101101,0.44161346554756165,25.462614059448242,14.8,NEAR <= 250 m,False,6
2176101102,0.36125266551971436,25.361251831054688,0.0,NEAR <= 250 m,True,6
2176104901,0.0,26.405000686645508,134.7,NEAR <= 250 m,False,8
2176104902,0.0,26.341999053955078,105.0,NEAR <= 250 m,False,8
2176104903,0.0,26.27899932861328,74.4,NEAR <= 250 m,False,8
2176104904,0.0,26.215999603271484,44.4,NEAR <= 250 m,False,8
2176105901,0.0,26.107999801635742,0.0,NEAR <= 250 m,True,8
2176106601,2.952054500579834,29.152055740356445,389.6,FAR > 250 m,False,9
2176106602,2.9421865940093994,29.123186111450195,373.90000000000003,FAR > 250 m,False,9
2176106603,2.923902988433838,29.07790184020996,352.3,FAR > 250 m,False,9
2176106801,1.991999864578247,26.992000579833984,0.0,NEAR <= 250 m,True,9
2176107601,2.890501022338867,29.008501052856445,322.40000000000003,FAR > 250 m,False,9
2176107602,2.8350391387939453,28.916038513183594,292.1,FAR > 250 m,False,9
2176107701,2.7761895656585693,28.823190689086914,264.3,FAR > 250 m,False,9
2176107702,2.6908740997314453,28.69387435913086,228.2,NEAR <= 250 m,False,9
2176107703,2.5821380615234375,28.537137985229492,189.2,NEAR <= 250 m,False,9
2176107801,2.1166412830352783,27.51664161682129,47.7,NEAR <= 250 m,False,9
2176107802,2.2808680534362793,27.865867614746094,83.9,NEAR <= 250 m,False,9
2176107803,2.3600690364837646,28.05906867980957,106.2,NEAR <= 250 m,False,9
2176108701,2.4610917568206787,28.36309242248535,146.1,NEAR <= 250 m,False,9
2176108702,2.448995351791382,28.407995223999023,157.29999999999998,NEAR <= 250 m,False,9
2176108703,2.4127492904663086,28.488750457763672,179.99999999999997,NEAR <= 250 m,False,9
2176108704,2.332772970199585,28.586772918701172,214.99999999999997,NEAR <= 250 m,False,9
2176108801,2.415614604949951,28.21161460876465,125.2,NEAR <= 250 m,False,9
2176109301,4.617199897766113,32.667198181152344,7087.799999999999,FAR > 250 m,False,1
2176109302,4.568986415863037,32.605987548828125,7072.299999999999,FAR > 250 m,False,1
2176109701,2.323547124862671,28.714548110961914,241.79999999999998,NEAR <= 250 m,False,9
2176109702,2.2972404956817627,28.83224105834961,269.9,FAR > 250 m,False,9
2176109703,2.209655523300171,28.859655380249023,292.4,FAR > 250 m,False,9
2176109704,2.1731443405151367,28.893142700195312,306.29999999999995,FAR > 250 m,False,9
2176109705,2.1574130058288574,28.996414184570312,329.4,FAR > 250 m,False,9
2176110101,0.0,27.350000381469727,584.6999999999999,FAR > 250 m,False,8
2176110102,0.0,27.28700065612793,554.6999999999999,FAR > 250 m,False,8
2176110103,0.0,27.224000930786133,524.8,FAR > 250 m,False,8
2176110104,0.0,27.160999298095703,494.3999999999999,FAR > 250 m,False,8
2176111101,0.0,27.097999572753906,464.5999999999999,FAR > 250 m,False,8
2176111102,0.0,27.03499984741211,434.5999999999999,FAR > 250 m,False,8
2176111103,0.0,26.972000122070312,404.69999999999993,FAR > 250 m,False,8
2176111104,0.0,26.909000396728516,374.79999999999995,FAR > 250 m,False,8
2176112001,0.0,26.84600067138672,344.79999999999995,FAR > 250 m,False,8
2176112002,0.0,26.783000946044922,314.79999999999995,FAR > 250 m,False,8
2176112003,0.0,26.719999313354492,284.59999999999997,FAR > 250 m,False,8
2176112004,0.0,26.656999588012695,254.7,FAR > 250 m,False,8
2176113001,0.0,26.5939998626709,224.7,NEAR <= 250 m,False,8
2176113002,0.0,26.5310001373291,194.29999999999998,NEAR <= 250 m,False,8
2176113003,0.0,26.468000411987305,164.7,NEAR <= 250 m,False,8
2176118001,0.5699422359466553,24.569942474365234,0.0,NEAR <= 250 m,True,10
2176118002,0.5706133842468262,24.781614303588867,6.1000000000000005,NEAR <= 250 m,False,10
2176118003,0.4918476641178131,24.911848068237305,12.200000000000001,NEAR <= 250 m,False,10
2176118004,0.7133620381355286,25.757362365722656,50.800000000000004,NEAR <= 250 m,False,10
2176118501,1.4550000429153442,28.2549991607666,0.0,NEAR <= 250 m,True,11
2176118502,2.1760125160217285,29.245012283325195,47.2,NEAR <= 250 m,False,11
2176118503,2.5498383045196533,29.82383918762207,83.2,NEAR <= 250 m,False,11
2176119001,0.7016130685806274,26.14861297607422,75.80000000000001,NEAR <= 250 m,False,10
2176119002,0.7203742265701294,26.860374450683594,126.30000000000001,NEAR <= 250 m,False,10
2176119003,1.3432813882827759,27.871280670166016,148.9,NEAR <= 250 m,False,10
2176130101,0.0,32.58599853515625,970.0,FAR > 250 m,False,3
2176130102,0.0,32.54899978637695,936.0,FAR > 250 m,False,3
2176130103,0.0,32.53499984741211,922.0,FAR > 250 m,False,3
2176130201,0.0,32.520999908447266,909.6,FAR > 250 m,False,3
2176130202,0.0,32.4900016784668,879.5,FAR > 250 m,False,3
2176130203,0.0,32.45800018310547,849.5,FAR > 250 m,False,3
2176130501,0.0,33.12200164794922,1093.3999999999999,FAR > 250 m,False,3
2176130502,0.0,33.00400161743164,1050.3,FAR > 250 m,False,3
2176130503,0.0,32.8650016784668,1020.3999999999999,FAR > 250 m,False,3
2176130701,0.40218648314476013,32.241188049316406,1211.3999999999999,FAR > 250 m,False,3
2176130702,0.4481614828109741,32.24116134643555,1191.3,FAR > 250 m,False,3
2176130801,0.0,32.75299835205078,1298.3999999999999,FAR > 250 m,False,3
2176130802,0.0,32.63999938964844,1270.4999999999998,FAR > 250 m,False,3
2176130803,0.0,32.51599884033203,1239.8999999999999,FAR > 250 m,False,3
2176131201,0.0,32.42599868774414,819.4,FAR > 250 m,False,3
2176131202,0.0,32.39400100708008,789.6,FAR > 250 m,False,3
2176131203,0.0,32.380001068115234,776.0,FAR > 250 m,False,3
2176131301,0.0,32.12699890136719,742.4,FAR > 250 m,False,3
2176131302,0.0,31.909000396728516,713.4,FAR > 250 m,False,3
2176131303,0.7777174711227417,31.399717330932617,715.8,FAR > 250 m,False,3
2176131401,0.8324841260910034,31.547483444213867,757.5999999999999,FAR > 250 m,False,3
2176131402,0.868049681186676,31.705049514770508,812.4999999999999,FAR > 250 m,False,3
2176131501,0.0,32.72600173950195,990.3999999999999,FAR > 250 m,False,3
2176131502,0.0,32.58700180053711,960.3999999999999,FAR > 250 m,False,3
2176131503,0.0,32.47100067138672,935.3999999999999,FAR > 250 m,False,3
2176131504,0.0,32.30699920654297,911.1999999999998,FAR > 250 m,False,3
2176131505,0.8946359157562256,31.99663543701172,931.1999999999998,FAR > 250 m,False,3
2176131506,0.8899596333503723,31.913959503173828,896.1999999999998,FAR > 250 m,False,3
2176131507,0.8863532543182373,31.860353469848633,873.8999999999999,FAR > 250 m,False,3
2176131601,0.9402547478675842,32.06925582885742,971.9999999999999,FAR > 250 m,False,3
2176131602,0.9019251465797424,32.018924713134766,952.8999999999999,FAR > 250 m,False,3
2176131603,0.9878885746002197,32.13888931274414,1003.6999999999999,FAR > 250 m,False,3
2176131701,0.4652944505214691,32.241294860839844,1183.7,FAR > 250 m,False,3
2176131702,0.5392360687255859,32.241233825683594,1151.2,FAR > 250 m,False,3
2176131703,0.6061740517616272,32.241172790527344,1121.4,FAR > 250 m,False,3
2176131704,0.675234854221344,32.241233825683594,1091.2,FAR > 250 m,False,3
2176131705,0.7131989598274231,32.2411994934082,1074.3,FAR > 250 m,False,3
2176132301,0.7112582921981812,31.269258499145508,687.5,FAR > 250 m,False,3
2176132302,1.064843773841858,30.94084358215332,661.3,FAR > 250 m,False,3
2176132303,1.0388182401657104,30.883817672729492,613.9,FAR > 250 m,False,3
2176132701,1.0511654615402222,32.24116516113281,1061.8999999999999,FAR > 250 m,False,3
2176132702,1.206203818321228,32.430206298828125,1094.8,FAR > 250 m,False,3
2176132703,1.3522437810897827,32.624244689941406,1141.0,FAR > 250 m,False,3
2176133301,1.0451745986938477,30.872173309326172,586.9,FAR > 250 m,False,3
2176133302,1.027201533317566,30.833200454711914,556.1,FAR > 250 m,False,3
2176133303,1.0086840391159058,30.797683715820312,530.0,FAR > 250 m,False,3
2176133701,1.4476749897003174,32.76567459106445,1185.7,FAR > 250 m,False,3
2176133702,1.5103185176849365,32.87031936645508,1225.9,FAR > 250 m,False,3
2176133703,1.4330265522003174,32.9160270690918,1255.6000000000001,FAR > 250 m,False,3
2176133704,1.4757564067840576,32.888755798339844,1238.8000000000002,FAR > 250 m,False,3
2176133801,1.368842363357544,32.97684097290039,1285.9,FAR > 250 m,False,3
2176133802,1.3191595077514648,33.05215835571289,1316.2,FAR > 250 m,False,3
2176133803,1.282665729522705,33.137664794921875,1345.6000000000001,FAR > 250 m,False,3
2176133804,1.2614401578903198,33.21643829345703,1369.9,FAR > 250 m,False,3
2176134301,0.9429513812065125,30.685951232910156,460.3,FAR > 250 m,False,3
2176134302,0.9054587483406067,30.62845802307129,431.40000000000003,FAR > 250 m,False,3
2176134303,0.8547520637512207,30.559751510620117,403.1,FAR > 250 m,False,3
2176134801,1.2771469354629517,33.237144470214844,1400.0,FAR > 250 m,False,3
2176134802,1.4108142852783203,33.37481689453125,1427.4,FAR > 250 m,False,3
2176134803,1.670595407485962,33.63959503173828,1459.2,FAR > 250 m,False,3
2176134901,1.859514594078064,33.832515716552734,1487.4,FAR > 250 m,False,3
2176134902,2.001790761947632,33.97978973388672,1517.3000000000002,FAR > 250 m,False,3
2176135301,0.7789850831031799,30.46298599243164,372.40000000000003,FAR > 250 m,False,3
2176135302,0.6389868855476379,30.300987243652344,338.00000000000006,FAR > 250 m,False,3
2176135303,0.4494732618331909,30.0894718170166,305.50000000000006,FAR > 250 m,False,3
2176135901,2.1059913635253906,34.0889892578125,1547.3000000000002,FAR > 250 m,False,3
2176135902,2.134357213973999,34.12135696411133,1577.1000000000001,FAR > 250 m,False,3
2176136201,0.563541054725647,29.3105411529541,198.10000000000002,NEAR <= 250 m,False,3
2176136301,0.5510960221290588,29.900096893310547,270.40000000000003,FAR > 250 m,False,3
2176136302,0.5636990070343018,29.808700561523438,257.90000000000003,FAR > 250 m,False,3
2176136303,0.5634828805923462,29.560482025146484,228.10000000000002,NEAR <= 250 m,False,3
2176137201,0.5637533068656921,29.061752319335938,168.20000000000002,NEAR <= 250 m,False,3
2176137202,0.563355565071106,28.813356399536133,138.3,NEAR <= 250 m,False,3
2176137203,0.506551206111908,27.88355255126953,108.2,NEAR <= 250 m,False,3
2176137204,0.507965624332428,27.52896499633789,78.0,NEAR <= 250 m,False,3
2176138201,0.5139697194099426,27.18297004699707,48.1,NEAR <= 250 m,False,3
2176138202,0.543979823589325,26.821979522705078,14.9,NEAR <= 250 m,False,3
2176138203,0.5438191294670105,26.64581871032715,0.0,NEAR <= 250 m,True,3
2176140401,0.0,37.32500076293945,2391.1999999999994,FAR > 250 m,False,3
2176140501,0.0,36.9640007019043,2298.8999999999996,FAR > 250 m,False,3
2176140502,0.0,37.066001892089844,2324.9999999999995,FAR > 250 m,False,3
2176141601,0.0,37.96799850463867,2555.7999999999993,FAR > 250 m,False,3
2176141901,0.0,40.0,3075.5999999999995,FAR > 250 m,False,3
2176141902,0.0,39.84400177001953,3035.5999999999995,FAR > 250 m,False,3
2176142701,0.0,38.50899887084961,2694.0999999999995,FAR > 250 m,False,3
2176142901,0.0,39.51900100708008,2952.5999999999995,FAR > 250 m,False,3
2176143801,0.0,39.04499816894531,2831.1999999999994,FAR > 250 m,False,3
2176145001,1.4159324169158936,34.279930114746094,1690.0,FAR > 250 m,False,3
2176145002,1.38271164894104,34.20571517944336,1670.5,FAR > 250 m,False,3
2176145003,2.2041196823120117,34.20412063598633,1659.5,FAR > 250 m,False,3
2176145004,2.1584956645965576,34.15049743652344,1605.2,FAR > 250 m,False,3
2176145005,2.1890804767608643,34.18608093261719,1640.8,FAR > 250 m,False,3
2176145101,1.4625040292739868,34.39850616455078,1724.6,FAR > 250 m,False,3
2176145102,1.4933279752731323,34.49232864379883,1754.8,FAR > 250 m,False,3
2176145103,1.5184231996536255,34.58042526245117,1785.2,FAR > 250 m,False,3
2176145104,1.5347490310668945,34.64774703979492,1809.7,FAR > 250 m,False,3
2176145301,2.6598966121673584,37.29289627075195,2080.6,FAR > 250 m,False,3
2176145302,2.5005650520324707,37.08956527709961,2050.5,FAR > 250 m,False,3
2176145401,2.9918603897094727,37.70985794067383,2139.1,FAR > 250 m,False,3
2176145402,2.8438637256622314,37.5208625793457,2110.6,FAR > 250 m,False,3
2176145403,3.1349101066589355,37.895912170410156,2168.5,FAR > 250 m,False,3
2176145501,3.651322841644287,38.592323303222656,2292.5000000000005,FAR > 250 m,False,3
2176145502,3.58795428276062,38.484954833984375,2262.2000000000003,FAR > 250 m,False,3
2176145503,3.486708641052246,38.34170913696289,2233.4,FAR > 250 m,False,3
2176145504,3.3265347480773926,38.13953399658203,2204.0,FAR > 250 m,False,3
2176145603,3.6684563159942627,38.651458740234375,2321.0000000000005,FAR > 250 m,False,3
2176145604,3.8301899433135986,38.86518859863281,2356.8000000000006,FAR > 250 m,False,3
2176145605,3.8072688579559326,38.867271423339844,2361.8000000000006,FAR > 250 m,False,3
2176146201,1.5518527030944824,34.73385238647461,1842.5,FAR > 250 m,False,3
2176146202,1.566319465637207,34.81631851196289,1875.1,FAR > 250 m,False,3
2176146203,1.2839490175247192,34.78395080566406,1920.5,FAR > 250 m,False,3
2176146204,1.7362536191940308,36.15825271606445,1935.8,FAR > 250 m,False,3
2176146301,2.3538925647735596,36.90489196777344,2024.4,FAR > 250 m,False,3
2176146302,2.172076940536499,36.6790771484375,1994.3000000000002,FAR > 250 m,False,3
2176146303,1.9346997737884521,36.39870071411133,1964.2,FAR > 250 m,False,3
2176146304,2.070568561553955,36.560569763183594,1982.4,FAR > 250 m,False,3
2176146601,3.7300164699554443,38.90101623535156,2383.5000000000005,FAR > 250 m,False,3
2176146602,3.6758363246917725,38.90583419799805,2395.1000000000004,FAR > 250 m,False,3
2176146603,3.660112142562866,38.917110443115234,2400.3,FAR > 250 m,False,3
2176146604,3.619107723236084,38.9221076965332,2409.3,FAR > 250 m,False,3
2176146605,3.480410099029541,38.96541213989258,2445.0,FAR > 250 m,False,3
2176146701,3.3680527210235596,38.9930534362793,2472.3,FAR > 250 m,False,3
2176146702,3.2427234649658203,39.02272033691406,2502.6000000000004,FAR > 250 m,False,3
2176147701,3.119676351547241,39.06367492675781,2534.8,FAR > 250 m,False,3
2176147702,3.0470268726348877,39.095027923583984,2555.2000000000003,FAR > 250 m,False,3
2176147703,3.000453233718872,39.19345474243164,2583.5000000000005,FAR > 250 m,False,3
2176147801,2.9428372383117676,39.329837799072266,2621.5000000000005,FAR > 250 m,False,3
2176147802,2.895230293273926,39.473228454589844,2658.9000000000005,FAR > 250 m,False,3
2176147803,2.781874179840088,39.49387741088867,2685.1000000000004,FAR > 250 m,False,3
2176147804,2.6983108520507812,39.56031036376953,2714.6000000000004,FAR > 250 m,False,3
2176147901,2.5140979290008545,39.90010070800781,2817.2000000000007,FAR > 250 m,False,3
2176147902,2.565523386001587,39.778526306152344,2783.2000000000007,FAR > 250 m,False,3
2176147903,2.6026086807250977,39.71160888671875,2762.9000000000005,FAR > 250 m,False,3
2176156101,1.8264930248260498,40.52149200439453,3073.600000000001,FAR > 250 m,False,3
2176156102,1.8803081512451172,40.374305725097656,3034.2000000000007,FAR > 250 m,False,3
2176156103,2.0521960258483887,40.30719757080078,2987.4000000000005,FAR > 250 m,False,3
2176156201,1.7472805976867676,40.99728012084961,3182.3000000000006,FAR > 250 m,False,3
2176156202,1.7275810241699219,41.21758270263672,3229.4000000000005,FAR > 250 m,False,3
2176156301,2.05415678024292,42.354156494140625,3399.7000000000007,FAR > 250 m,False,3
2176156302,1.7004382610321045,41.820438385009766,3352.7000000000007,FAR > 250 m,False,3
2176157001,2.3499279022216797,40.13292694091797,2894.9000000000005,FAR > 250 m,False,3
2176157002,2.414611339569092,40.022613525390625,2860.7000000000007,FAR > 250 m,False,3
2176157101,2.2895612716674805,40.278560638427734,2935.3000000000006,FAR > 250 m,False,3
2176157401,2.685063362121582,43.38506317138672,3529.2000000000007,FAR > 250 m,False,3
2176157402,2.566889524459839,43.46689224243164,3550.100000000001,FAR > 250 m,False,3
2176157501,2.7286078929901123,43.92860794067383,3627.7000000000007,FAR > 250 m,False,3
2176157601,3.110687255859375,44.610687255859375,3686.9000000000005,FAR > 250 m,False,3
2176157602,2.9353671073913574,45.36336898803711,3781.6000000000004,FAR > 250 m,False,3
2176157603,3.2143476009368896,45.10834884643555,3743.9000000000005,FAR > 250 m,False,3
2176157604,3.1271300315856934,46.21012878417969,3827.9000000000005,FAR > 250 m,False,3
2176157701,3.602634906768799,47.664634704589844,3897.000000000001,FAR > 250 m,False,3
2176158701,3.425708055496216,46.95270919799805,3859.2000000000007,FAR > 250 m,False,3
2176158801,5.475796699523926,50.47579574584961,3963.300000000001,FAR > 250 m,False,3
2177054801,0.505308985710144,25.562307357788086,2240.6999999999994,FAR > 250 m,False,1
2177054802,0.4719209372997284,25.56291961669922,2270.6999999999994,FAR > 250 m,False,1
2177054803,0.43747708201408386,25.562477111816406,2300.6999999999994,FAR > 250 m,False,1
2177054804,0.42890748381614685,25.561906814575195,2307.899999999999,FAR > 250 m,False,1
2177054805,0.4137314558029175,25.56072998046875,2320.399999999999,FAR > 250 m,False,1
2177054901,0.6404310464859009,25.5604305267334,2120.3999999999996,FAR > 250 m,False,1
2177054902,0.6075364947319031,25.56153678894043,2150.4999999999995,FAR > 250 m,False,1
2177054903,0.57305908203125,25.56205940246582,2180.5999999999995,FAR > 250 m,False,1
2177054904,0.5416054725646973,25.564605712890625,2210.5999999999995,FAR > 250 m,False,1
2177055701,0.4006027579307556,25.559602737426758,2330.599999999999,FAR > 250 m,False,1
2177055702,0.3657305836677551,25.558731079101562,2360.599999999999,FAR > 250 m,False,1
2177055703,0.33065927028656006,25.557659149169922,2390.499999999999,FAR > 250 m,False,1
2177055704,0.3155021071434021,25.556501388549805,2402.7999999999993,FAR > 250 m,False,1
2177055705,0.2909485995769501,25.5539493560791,2421.999999999999,FAR > 250 m,False,1
2177055706,0.25795456767082214,25.554954528808594,2451.999999999999,FAR > 250 m,False,1
2177056701,0.2297346591949463,25.560733795166016,2481.999999999999,FAR > 250 m,False,1
2177056702,0.20184434950351715,25.566844940185547,2511.999999999999,FAR > 250 m,False,1
2177056703,0.18523246049880981,25.570232391357422,2529.099999999999,FAR > 250 m,False,1
2177056704,0.17845526337623596,25.571455001831055,2536.899999999999,FAR > 250 m,False,1
2177056801,0.173594668507576,25.572595596313477,2541.999999999999,FAR > 250 m,False,1
2177056802,0.14743416011333466,25.580434799194336,2571.999999999999,FAR > 250 m,False,1
2177057801,0.12014330178499222,25.587142944335938,2601.999999999999,FAR > 250 m,False,1
2177057802,0.09352085739374161,25.594520568847656,2631.999999999999,FAR > 250 m,False,1
2177057803,0.0601494237780571,25.595149993896484,2661.899999999999,FAR > 250 m,False,1
2177057804,0.01016200054436922,25.580162048339844,2691.999999999999,FAR > 250 m,False,1
2177058801,0.0,25.59600067138672,2714.999999999999,FAR > 250 m,False,1
2177058802,0.0,25.604000091552734,2721.999999999999,FAR > 250 m,False,1
2177058803,0.0,25.62700080871582,2742.399999999999,FAR > 250 m,False,1
2177058804,0.0,25.63800048828125,2752.099999999999,FAR > 250 m,False,1
2177058901,0.0,25.672000885009766,2782.099999999999,FAR > 250 m,False,1
2177059901,0.0,25.70599937438965,2812.099999999999,FAR > 250 m,False,1
2177059902,0.0,25.739999771118164,2842.099999999999,FAR > 250 m,False,1
2177059903,0.0,25.799999237060547,2872.099999999999,FAR > 250 m,False,1
2177059904,0.0,25.858999252319336,2902.099999999999,FAR > 250 m,False,1
2177060001,1.9565685987472534,25.557567596435547,1662.4999999999998,FAR > 250 m,False,1
2177060002,1.1115942001342773,25.556594848632812,1701.9999999999998,FAR > 250 m,False,1
2177060003,1.077148199081421,25.556148529052734,1732.0999999999997,FAR > 250 m,False,1
2177060201,2.005689859390259,25.66568946838379,1845.5999999999997,FAR > 250 m,False,1
2177060401,2.038640260696411,25.744640350341797,1989.9999999999998,FAR > 250 m,False,1
2177060901,1.333694338798523,25.993694305419922,2554.7,FAR > 250 m,False,1
2177060902,1.3094643354415894,25.992464065551758,2584.7,FAR > 250 m,False,1
2177060903,1.2842546701431274,25.98825454711914,2612.3999999999996,FAR > 250 m,False,1
2177060904,1.256464958190918,25.983463287353516,2642.2,FAR > 250 m,False,1
2177061001,1.0437031984329224,25.556703567504883,1762.0999999999997,FAR > 250 m,False,1
2177061002,1.0089272260665894,25.555927276611328,1791.9999999999998,FAR > 250 m,False,1
2177061003,0.976729154586792,25.557727813720703,1822.0999999999997,FAR > 250 m,False,1
2177061901,1.2193573713302612,25.981355667114258,2688.2,FAR > 250 m,False,1
2177061902,1.1945185661315918,25.98151969909668,2721.2999999999997,FAR > 250 m,False,1
2177061903,1.1761212348937988,25.980121612548828,2742.9999999999995,FAR > 250 m,False,1
2177062001,0.9427874088287354,25.55778694152832,1851.9999999999998,FAR > 250 m,False,1
2177062002,0.906284749507904,25.55528450012207,1881.9999999999998,FAR > 250 m,False,1
2177062003,0.8731644153594971,25.557165145874023,1911.9999999999998,FAR > 250 m,False,1
2177062004,0.8406548500061035,25.55865478515625,1941.9999999999998,FAR > 250 m,False,1
2177062005,0.8357247114181519,25.55872344970703,1946.8999999999999,FAR > 250 m,False,1
2177063001,0.807396650314331,25.558395385742188,1971.6999999999998,FAR > 250 m,False,1
2177063002,0.77313631772995,25.55913543701172,2001.6999999999998,FAR > 250 m,False,1
2177063003,0.7514881491661072,25.55948829650879,2021.1999999999998,FAR > 250 m,False,1
2177063004,0.7414831519126892,25.559484481811523,2030.6999999999998,FAR > 250 m,False,1
2177063005,0.7354028224945068,25.559402465820312,2035.2999999999997,FAR > 250 m,False,1
2177063006,0.7302024960517883,25.559202194213867,2039.8999999999996,FAR > 250 m,False,1
2177063007,0.7239481210708618,25.55894660949707,2045.3999999999996,FAR > 250 m,False,1
2177063008,0.5231707692146301,25.557170867919922,2035.8999999999999,FAR > 250 m,False,1
2177063009,0.706426739692688,25.558425903320312,2060.3999999999996,FAR > 250 m,False,1
2177063010,0.6734489798545837,25.5594482421875,2090.3999999999996,FAR > 250 m,False,1
2177063011,0.481986403465271,25.556987762451172,2055.0,FAR > 250 m,False,1
2177064001,0.4279418885707855,25.558942794799805,2081.1,FAR > 250 m,False,1
2177064101,0.39087003469467163,25.565868377685547,2101.6,FAR > 250 m,False,1
2177064102,0.3245421350002289,25.565542221069336,2132.5,FAR > 250 m,False,1
2177065101,0.20684002339839935,25.57084083557129,2189.9,FAR > 250 m,False,1
2177065102,0.15261951088905334,25.574621200561523,2217.2000000000003,FAR > 250 m,False,1
2177065103,0.046452756971120834,25.55345344543457,2256.8,FAR > 250 m,False,1
2177066101,3.050459417863749e-05,25.60003089904785,2300.6000000000004,FAR > 250 m,False,1
2177066102,0.0,25.74799919128418,2369.8,FAR > 250 m,False,1
2177067201,0.0,25.90399932861328,2443.0,FAR > 250 m,False,1
2177067801,0.6547684073448181,26.011768341064453,3349.7000000000003,FAR > 250 m,False,1
2177067901,0.7002773880958557,26.002277374267578,3477.1000000000004,FAR > 250 m,False,1
2177067902,0.6852169632911682,26.002216339111328,3442.6000000000004,FAR > 250 m,False,1
2177067903,0.6731258034706116,26.004125595092773,3413.0000000000005,FAR > 250 m,False,1
2177067904,0.6620004773139954,26.006000518798828,3381.2000000000003,FAR > 250 m,False,1
2177068201,0.0,26.082000732421875,2526.1,FAR > 250 m,False,1
2177068701,0.6139463186264038,26.009946823120117,3254.5000000000005,FAR > 250 m,False,1
2177068702,0.6035924553871155,26.007591247558594,3227.2000000000003,FAR > 250 m,False,1
2177068703,0.5844336748123169,26.010435104370117,3190.7000000000003,FAR > 250 m,False,1
2177068801,0.6452582478523254,26.0152587890625,3318.5000000000005,FAR > 250 m,False,1
2177068802,0.6360177397727966,26.01901626586914,3287.7000000000003,FAR > 250 m,False,1
2177068803,0.5947964191436768,26.009798049926758,3201.5000000000005,FAR > 250 m,False,1
2177069301,0.0,26.264999389648438,2611.9,FAR > 250 m,False,1
2177069302,0.0,26.410999298095703,2680.2000000000003,FAR > 250 m,False,1
2177069303,0.0,26.466999053955078,2706.2000000000003,FAR > 250 m,False,1
2177069401,0.0,26.64299964904785,2788.8,FAR > 250 m,False,1
2177069601,0.4771259129047394,26.02112579345703,3071.3000000000006,FAR > 250 m,False,1
2177069602,0.44689658284187317,26.02189826965332,3040.600000000001,FAR > 250 m,False,1
2177069603,0.41963914036750793,26.022640228271484,3012.000000000001,FAR > 250 m,False,1
2177069604,0.39525431394577026,26.029254913330078,2980.900000000001,FAR > 250 m,False,1
2177069701,0.5547439455986023,26.00974464416504,3161.5000000000005,FAR > 250 m,False,1
2177069702,0.5257307291030884,26.010730743408203,3131.4000000000005,FAR > 250 m,False,1
2177069703,0.5041967034339905,26.01819610595703,3101.7000000000007,FAR > 250 m,False,1
2177069801,0.23410923779010773,26.014110565185547,3213.7000000000003,FAR > 250 m,False,1
2177069802,0.22914786636829376,26.011146545410156,3229.7000000000003,FAR > 250 m,False,1
2177069803,0.011421927250921726,26.01142120361328,3254.4,FAR > 250 m,False,1
2177069804,0.009737466461956501,26.019737243652344,3259.6,FAR > 250 m,False,1
2177069805,5.855369090568274e-05,26.043058395385742,3276.7999999999997,FAR > 250 m,False,1
2177069806,0.0,26.066999435424805,3289.6,FAR > 250 m,False,1
2177069901,0.0,26.79400062561035,3356.6,FAR > 250 m,False,1
2177069902,0.0,26.836000442504883,3417.0,FAR > 250 m,False,1
2177070801,1.2394754886627197,26.50247573852539,3604.6000000000004,FAR > 250 m,False,1
2177070901,1.154979944229126,26.54998016357422,3673.0000000000005,FAR > 250 m,False,1
2177070902,0.9812807440757751,26.56928062438965,3713.1000000000004,FAR > 250 m,False,1
2177070903,1.0783575773239136,26.557357788085938,3690.4000000000005,FAR > 250 m,False,1
2177072001,1.1588611602783203,25.97886085510254,2764.7999999999997,FAR > 250 m,False,1
2177072002,1.126209020614624,25.980209350585938,2808.7,FAR > 250 m,False,1
2177072003,1.1164608001708984,25.979461669921875,2820.5,FAR > 250 m,False,1
2177072004,1.089255452156067,25.975255966186523,2851.7,FAR > 250 m,False,1
2177073001,1.0660086870193481,25.97500991821289,2882.0,FAR > 250 m,False,1
2177073002,1.0470367670059204,25.979036331176758,2912.1,FAR > 250 m,False,1
2177073003,1.0263630151748657,25.98136329650879,2942.1,FAR > 250 m,False,1
2177073101,1.0022324323654175,25.98423194885254,2977.4,FAR > 250 m,False,1
2177074101,0.9800357222557068,25.987035751342773,3009.9,FAR > 250 m,False,1
2177074102,0.9601937532424927,25.989192962646484,3039.7000000000003,FAR > 250 m,False,1
2177074103,0.9399232864379883,25.992923736572266,3070.5000000000005,FAR > 250 m,False,1
2177075101,0.914974570274353,25.99097442626953,3100.9000000000005,FAR > 250 m,False,1
2177075102,0.8853417038917542,25.983341217041016,3130.3000000000006,FAR > 250 m,False,1
2177075103,0.8560149669647217,25.977014541625977,3160.600000000001,FAR > 250 m,False,1
2177075201,0.8278693556785583,25.97186851501465,3190.900000000001,FAR > 250 m,False,1
2177076001,0.7488903999328613,26.009889602661133,3389.0000000000005,FAR > 250 m,False,1
2177076101,0.7936525940895081,25.98665428161621,3264.100000000001,FAR > 250 m,False,1
2177076102,0.7746879458427429,25.99268913269043,3292.3000000000006,FAR > 250 m,False,1
2177076103,0.7703748345375061,25.99537467956543,3303.600000000001,FAR > 250 m,False,1
2177076104,0.764062762260437,26.000062942504883,3327.8000000000006,FAR > 250 m,False,1
2177076105,0.756591260433197,26.00459098815918,3355.3000000000006,FAR > 250 m,False,1
2177076106,0.6333295702934265,25.998329162597656,3336.2000000000007,FAR > 250 m,False,1
2177076201,0.8125137090682983,25.980512619018555,3236.000000000001,FAR > 250 m,False,1
2177077001,0.7354897856712341,26.00848960876465,3417.3000000000006,FAR > 250 m,False,1
2177077002,0.718313455581665,26.00431251525879,3447.600000000001,FAR > 250 m,False,1
2177077101,0.6321602463722229,26.002161026000977,3364.600000000001,FAR > 250 m,False,1
2177077102,0.621627151966095,26.00562858581543,3393.600000000001,FAR > 250 m,False,1
2177077201,0.5318336486816406,25.997833251953125,3495.600000000001,FAR > 250 m,False,1
2177077202,0.6056774258613586,26.00567626953125,3426.400000000001,FAR > 250 m,False,1
2177077203,0.5559858083724976,26.003986358642578,3448.300000000001,FAR > 250 m,False,1
2177077204,0.48527345061302185,25.9992733001709,3478.400000000001,FAR > 250 m,False,1
2177077301,0.4473831355571747,26.01238441467285,3598.300000000001,FAR > 250 m,False,1
2177077302,0.4848767817020416,26.00287628173828,3549.400000000001,FAR > 250 m,False,1
2177077401,0.3736409544944763,25.998640060424805,3661.300000000001,FAR > 250 m,False,1
2177078201,0.41589295864105225,25.99489402770996,3508.400000000001,FAR > 250 m,False,1
2177078202,0.35557323694229126,26.000574111938477,3538.400000000001,FAR > 250 m,False,1
2177078301,0.30622580647468567,26.016225814819336,3568.300000000001,FAR > 250 m,False,1
2177078302,0.24769072234630585,26.02368927001953,3598.400000000001,FAR > 250 m,False,1
2177078303,0.15891675651073456,25.999916076660156,3628.400000000001,FAR > 250 m,False,1
2177079001,0.0,26.899999618530273,3466.5,FAR > 250 m,False,1
2177079301,0.08826671540737152,25.99526596069336,3658.400000000001,FAR > 250 m,False,1
2177079401,0.04306623712182045,25.996065139770508,3679.700000000001,FAR > 250 m,False,1
2177079402,0.02132604829967022,25.99332618713379,3688.400000000001,FAR > 250 m,False,1
2177079403,0.0,26.038000106811523,3718.300000000001,FAR > 250 m,False,1
2177079404,0.0,26.10300064086914,3748.300000000001,FAR > 250 m,False,1
2177080201,2.090517997741699,28.996517181396484,4950.900000000001,FAR > 250 m,False,1
2177080301,2.0666654109954834,28.876665115356445,4831.1,FAR > 250 m,False,1
2177080302,2.0751149654388428,28.927114486694336,4861.1,FAR > 250 m,False,1
2177080303,2.07556414604187,28.948562622070312,4891.1,FAR > 250 m,False,1
2177080304,2.0841064453125,28.979106903076172,4921.200000000001,FAR > 250 m,False,1
2177080401,2.5124106407165527,28.686410903930664,4710.9,FAR > 250 m,False,1
2177080402,2.5508882999420166,28.73588752746582,4741.4,FAR > 250 m,False,1
2177080403,2.1856110095977783,28.770610809326172,4771.7,FAR > 250 m,False,1
2177080404,2.0252182483673096,28.816219329833984,4801.0,FAR > 250 m,False,1
2177080501,2.6827688217163086,28.652767181396484,4680.799999999999,FAR > 250 m,False,1
2177080601,3.237589120864868,28.887588500976562,4623.4,FAR > 250 m,False,1
2177080602,3.282141923904419,28.9521427154541,4653.299999999999,FAR > 250 m,False,1
2177080701,3.318037509918213,29.007036209106445,4683.099999999999,FAR > 250 m,False,1
2177081001,0.8787351250648499,26.628734588623047,3767.4000000000005,FAR > 250 m,False,1
2177081002,0.8172345161437988,26.62823486328125,3787.6000000000004,FAR > 250 m,False,1
2177081004,0.8049022555351257,26.63890266418457,3795.4000000000005,FAR > 250 m,False,1
2177081102,2.0724847316741943,29.011484146118164,5041.099999999999,FAR > 250 m,False,1
2177081103,2.0111117362976074,29.013113021850586,5073.799999999999,FAR > 250 m,False,1
2177081104,1.9954890012741089,29.016489028930664,5094.999999999999,FAR > 250 m,False,1
2177081105,3.4643702507019043,29.017370223999023,5123.599999999999,FAR > 250 m,False,1
2177081201,2.08821177482605,29.005210876464844,4981.3,FAR > 250 m,False,1
2177081202,2.089094877243042,29.006093978881836,4994.2,FAR > 250 m,False,1
2177081203,2.081251859664917,29.00925064086914,5026.099999999999,FAR > 250 m,False,1
2177081701,3.3779804706573486,29.08698081970215,4713.299999999999,FAR > 250 m,False,1
2177081702,3.4285101890563965,29.15751075744629,4743.099999999999,FAR > 250 m,False,1
2177081703,3.4369072914123535,29.181907653808594,4768.799999999999,FAR > 250 m,False,1
2177081704,3.445610761642456,29.194610595703125,4771.699999999999,FAR > 250 m,False,1
2177081705,3.4437859058380127,29.19578742980957,4773.499999999999,FAR > 250 m,False,1
2177081706,3.4791929721832275,29.251192092895508,4803.399999999999,FAR > 250 m,False,1
2177082101,3.430091619491577,29.01609230041504,5175.099999999999,FAR > 250 m,False,1
2177082103,3.4040091037750244,29.018009185791016,5217.2,FAR > 250 m,False,1
2177082701,3.492841958999634,29.283842086791992,4833.299999999998,FAR > 250 m,False,1
2177082801,3.505573272705078,29.316574096679688,4863.399999999999,FAR > 250 m,False,1
2177082802,3.528505325317383,29.35950469970703,4893.299999999998,FAR > 250 m,False,1
2177082803,3.530909776687622,29.37091064453125,4906.999999999998,FAR > 250 m,False,1
2177082804,3.5326287746429443,29.375629425048828,4909.0999999999985,FAR > 250 m,False,1
2177082805,3.5385704040527344,29.39056968688965,4923.299999999998,FAR > 250 m,False,1
2177082806,3.5501585006713867,29.422157287597656,4953.299999999998,FAR > 250 m,False,1
2177083201,3.3851537704467773,29.01815414428711,5246.9,FAR > 250 m,False,1
2177083202,3.366107702255249,29.018108367919922,5275.099999999999,FAR > 250 m,False,1
2177083203,3.345960855484009,29.01896095275879,5307.499999999999,FAR > 250 m,False,1
2177083801,3.584507465362549,29.47650718688965,4983.0999999999985,FAR > 250 m,False,1
2177083802,3.592494487762451,29.503494262695312,5013.0999999999985,FAR > 250 m,False,1
2177083901,3.579214096069336,29.502214431762695,5031.0999999999985,FAR > 250 m,False,1
2177083902,3.6006195545196533,29.5416202545166,5057.5999999999985,FAR > 250 m,False,1
2177083903,3.607089042663574,29.558090209960938,5072.999999999998,FAR > 250 m,False,1
2177084201,3.3129003047943115,29.015899658203125,5354.099999999999,FAR > 250 m,False,1
2177084301,3.2385406494140625,29.01453971862793,5465.099999999999,FAR > 250 m,False,1
2177084901,3.6069719791412354,29.57697105407715,5102.999999999998,FAR > 250 m,False,1
2177084902,3.60963773727417,29.599637985229492,5132.899999999998,FAR > 250 m,False,1
2177084903,3.6041409969329834,29.6141414642334,5162.999999999998,FAR > 250 m,False,1
2177084904,3.619847297668457,29.63684844970703,5178.799999999998,FAR > 250 m,False,1
2177086401,3.128340005874634,29.021339416503906,5643.599999999999,FAR > 250 m,False,1
2177087501,3.000110149383545,29.02111053466797,5839.599999999999,FAR > 250 m,False,1
2177090701,3.093728542327881,30.153728485107422,6072.7,FAR > 250 m,False,1
2177090801,2.7038917541503906,30.264892578125,6198.599999999999,FAR > 250 m,False,1
2177090802,2.8033525943756104,30.23935317993164,6167.4,FAR > 250 m,False,1
2177090803,2.906837224960327,30.217838287353516,6135.5,FAR > 250 m,False,1
2177090804,2.9981002807617188,30.1830997467041,6103.7,FAR > 250 m,False,1
2177091701,3.1899452209472656,30.123945236206055,6040.599999999999,FAR > 250 m,False,1
2177091702,3.280055522918701,30.097055435180664,6007.599999999999,FAR > 250 m,False,1
2177091703,3.2704479694366455,30.02644920349121,5972.099999999999,FAR > 250 m,False,1
2177091704,3.246286153793335,29.991287231445312,5960.499999999999,FAR > 250 m,False,1
2177091705,3.2626712322235107,30.024669647216797,5980.4,FAR > 250 m,False,1
2177091706,3.022555351257324,30.02255630493164,5973.299999999997,FAR > 250 m,False,1
2177091707,3.020960807800293,30.019962310791016,5968.099999999998,FAR > 250 m,False,1
2177091708,3.036555767059326,30.040555953979492,5999.599999999999,FAR > 250 m,False,1
2177092401,3.3368241786956787,29.835824966430664,5696.399999999999,FAR > 250 m,False,1
2177092402,3.367318630218506,29.837318420410156,5664.999999999999,FAR > 250 m,False,1
2177092403,2.8640055656433105,29.774005889892578,5709.699999999998,FAR > 250 m,False,1
2177092501,3.2309999465942383,29.840999603271484,5815.499999999999,FAR > 250 m,False,1
2177092502,2.8578813076019287,29.847881317138672,5833.199999999997,FAR > 250 m,False,1
2177092503,2.8510000705718994,29.840999603271484,5827.399999999997,FAR > 250 m,False,1
2177092504,3.253000020980835,29.840999603271484,5791.699999999999,FAR > 250 m,False,1
2177092505,2.8322486877441406,29.81224822998047,5813.499999999997,FAR > 250 m,False,1
2177092506,3.2901690006256104,29.848169326782227,5759.899999999999,FAR > 250 m,False,1
2177092507,2.8189001083374023,29.788898468017578,5793.799999999997,FAR > 250 m,False,1
2177092508,3.3076419830322266,29.836641311645508,5728.299999999998,FAR > 250 m,False,1
2177092509,2.8441169261932373,29.794116973876953,5771.999999999997,FAR > 250 m,False,1
2177092510,2.852656841278076,29.782657623291016,5740.099999999998,FAR > 250 m,False,1
2177092601,2.940385103225708,29.935386657714844,5884.099999999998,FAR > 250 m,False,1
2177092602,2.936326503753662,29.930326461791992,5877.299999999997,FAR > 250 m,False,1
2177092603,2.9291014671325684,29.9231014251709,5869.199999999997,FAR > 250 m,False,1
2177092604,2.896303415298462,29.88930320739746,5857.999999999997,FAR > 250 m,False,1
2177092605,2.8730108737945557,29.864009857177734,5846.399999999997,FAR > 250 m,False,1
2177092701,3.0845046043395996,30.093505859375,6028.4,FAR > 250 m,False,1
2177092702,3.12178897857666,30.134788513183594,6056.0,FAR > 250 m,False,1
2177092703,3.2307543754577637,30.248754501342773,6086.1,FAR > 250 m,False,1
2177092801,3.3405795097351074,30.36358070373535,6116.200000000001,FAR > 250 m,False,1
2177092802,3.444816827774048,30.472816467285156,6143.800000000001,FAR > 250 m,False,1
2177093201,3.454866409301758,29.776866912841797,5506.5999999999985,FAR > 250 m,False,1
2177093202,3.4871296882629395,29.780128479003906,5474.799999999998,FAR > 250 m,False,1
2177093203,3.492567539215088,29.756567001342773,5443.399999999999,FAR > 250 m,False,1
2177093204,2.9314863681793213,29.721487045288086,5485.5999999999985,FAR > 250 m,False,1
2177093205,3.5017507076263428,29.735750198364258,5411.399999999999,FAR > 250 m,False,1
2177093206,2.9433531761169434,29.713354110717773,5454.399999999999,FAR > 250 m,False,1
2177093301,3.405129909515381,29.816129684448242,5601.499999999999,FAR > 250 m,False,1
2177093302,3.4342830181121826,29.815282821655273,5569.899999999999,FAR > 250 m,False,1
2177093303,2.901401996612549,29.761402130126953,5612.799999999998,FAR > 250 m,False,1
2177093304,3.4425647258758545,29.79456329345703,5538.199999999999,FAR > 250 m,False,1
2177093305,2.9162275791168213,29.756227493286133,5580.5999999999985,FAR > 250 m,False,1
2177093306,2.916804552078247,29.736804962158203,5549.299999999998,FAR > 250 m,False,1
2177093307,2.936354637145996,29.73635482788086,5516.999999999998,FAR > 250 m,False,1
2177093401,3.3903391361236572,29.830339431762695,5632.899999999999,FAR > 250 m,False,1
2177093402,2.877000570297241,29.767000198364258,5676.499999999998,FAR > 250 m,False,1
2177093403,2.886486768722534,29.7664852142334,5644.0999999999985,FAR > 250 m,False,1
2177093801,3.520707607269287,30.553709030151367,6176.000000000001,FAR > 250 m,False,1
2177093802,3.5821897983551025,30.620189666748047,6209.000000000001,FAR > 250 m,False,1
2177093803,3.6188106536865234,30.66180992126465,6237.200000000001,FAR > 250 m,False,1
2177093901,3.6364388465881348,30.684438705444336,6267.400000000001,FAR > 250 m,False,1
2177094001,3.5850768089294434,29.70107650756836,5284.599999999998,FAR > 250 m,False,1
2177094002,3.6063733100891113,29.692373275756836,5252.899999999998,FAR > 250 m,False,1
2177094003,3.2612287998199463,29.67422866821289,5296.199999999999,FAR > 250 m,False,1
2177094004,3.5978734493255615,29.65487289428711,5221.399999999998,FAR > 250 m,False,1
2177094005,3.3721821308135986,29.664182662963867,5264.199999999999,FAR > 250 m,False,1
2177094006,3.61848783493042,29.645488739013672,5189.999999999998,FAR > 250 m,False,1
2177094007,3.4930436611175537,29.656044006347656,5229.899999999999,FAR > 250 m,False,1
2177094008,3.622171640396118,29.64617156982422,5192.899999999999,FAR > 250 m,False,1
2177094101,3.5373151302337646,29.741315841674805,5379.799999999998,FAR > 250 m,False,1
2177094102,3.5424249172210693,29.717424392700195,5348.199999999998,FAR > 250 m,False,1
2177094103,2.95589542388916,29.685894012451172,5390.299999999998,FAR > 250 m,False,1
2177094104,3.5610122680664062,29.71101188659668,5320.999999999998,FAR > 250 m,False,1
2177094105,2.9637486934661865,29.683748245239258,5370.899999999999,FAR > 250 m,False,1
2177094106,3.570876121520996,29.70087432861328,5300.399999999998,FAR > 250 m,False,1
2177094107,2.9818036556243896,29.681804656982422,5346.199999999999,FAR > 250 m,False,1
2177094108,3.153223752975464,29.683223724365234,5327.299999999999,FAR > 250 m,False,1
2177094201,2.951990842819214,29.701990127563477,5422.399999999999,FAR > 250 m,False,1
2177094901,3.688640832901001,30.74064064025879,6297.200000000001,FAR > 250 m,False,1
2177094902,3.7294647693634033,30.78646469116211,6326.800000000001,FAR > 250 m,False,1
2177094903,3.763760566711426,30.825759887695312,6357.000000000001,FAR > 250 m,False,1
2177094904,3.770260810852051,30.836261749267578,6384.800000000001,FAR > 250 m,False,1
2177094905,3.7845709323883057,30.85357093811035,6400.700000000001,FAR > 250 m,False,1
2177095001,3.6280293464660645,29.655029296875,5222.799999999998,FAR > 250 m,False,1
2177095002,3.6293740272521973,29.659374237060547,5252.799999999998,FAR > 250 m,False,1
2177095003,3.63019061088562,29.661190032958984,5262.699999999998,FAR > 250 m,False,1
2177095004,3.641366481781006,29.672367095947266,5265.999999999998,FAR > 250 m,False,1
2177095005,3.6319661140441895,29.664966583251953,5285.899999999998,FAR > 250 m,False,1
2177095006,3.6402299404144287,29.672229766845703,5275.499999999998,FAR > 250 m,False,1
2177095007,3.647516965866089,29.68251609802246,5313.099999999998,FAR > 250 m,False,1
2177095101,3.651132583618164,29.689132690429688,5342.999999999997,FAR > 250 m,False,1
2177095901,0.3471684753894806,26.765167236328125,65.50000000000001,NEAR <= 250 m,False,12
2177095901!,0.2609928846359253,26.678991317749023,65.50000000000001,NEAR <= 250 m,False,13
2177095902,0.3851903975009918,26.79619026184082,78.40000000000002,NEAR <= 250 m,False,12
2177095902!,0.22686006128787994,26.637859344482422,78.40000000000002,NEAR <= 250 m,False,13
2177096101,3.6566755771636963,29.697675704956055,5372.899999999997,FAR > 250 m,False,1
2177096102,3.662785291671753,29.706785202026367,5402.899999999997,FAR > 250 m,False,1
2177096103,3.6706607341766357,29.717660903930664,5432.899999999997,FAR > 250 m,False,1
2177096104,3.669849395751953,29.7198486328125,5462.7999999999965,FAR > 250 m,False,1
2177096201,3.6679561138153076,29.72095489501953,5492.699999999996,FAR > 250 m,False,1
2177096202,3.6749942302703857,29.72999382019043,5522.699999999996,FAR > 250 m,False,1
2177096801,0.37565937638282776,26.50865936279297,52.2,NEAR <= 250 m,False,12
2177096801!,0.28437912464141846,26.41737937927246,52.2,NEAR <= 250 m,False,13
2177096802,0.3739417493343353,26.506940841674805,50.1,NEAR <= 250 m,False,12
2177096802!,0.27887779474258423,26.411876678466797,50.1,NEAR <= 250 m,False,13
2177096803,0.3712847828865051,26.503284454345703,45.5,NEAR <= 250 m,False,12
2177096803!,0.27273982763290405,26.404739379882812,45.5,NEAR <= 250 m,False,13
2177096804,0.2656930387020111,26.39469337463379,15.600000000000001,NEAR <= 250 m,False,12
2177096804!,0.23027971386909485,26.35927963256836,15.600000000000001,NEAR <= 250 m,False,13
2177096805,0.19895833730697632,26.327957153320312,6.9,NEAR <= 250 m,False,12
2177096805!,0.16663020849227905,26.295629501342773,6.9,NEAR <= 250 m,False,13
2177096901,0.339927613735199,26.745927810668945,92.00000000000001,NEAR <= 250 m,False,12
2177096901!,0.18087679147720337,26.586877822875977,92.00000000000001,NEAR <= 250 m,False,13
2177096902,0.43051236867904663,26.583511352539062,117.70000000000002,NEAR <= 250 m,False,12
2177096902!,0.29357391595840454,26.44657325744629,117.70000000000002,NEAR <= 250 m,False,13
2177096903,0.4462958574295044,26.58429718017578,105.4,NEAR <= 250 m,False,12
2177096903!,0.30533698201179504,26.44333839416504,105.4,NEAR <= 250 m,False,13
2177096904,1.6062666177749634,26.586265563964844,125.10000000000001,NEAR <= 250 m,False,12
2177096904!,1.4592719078063965,26.439271926879883,125.10000000000001,NEAR <= 250 m,False,13
2177096905,0.4053468108177185,26.540346145629883,75.3,NEAR <= 250 m,False,12
2177096905!,0.3052906394004822,26.440290451049805,75.3,NEAR <= 250 m,False,13
2177096906,0.38108447194099426,26.515085220336914,60.6,NEAR <= 250 m,False,12
2177096906!,0.2915949523448944,26.425596237182617,60.6,NEAR <= 250 m,False,13
2177096907,0.37962716817855835,26.51262664794922,57.2,NEAR <= 250 m,False,12
2177096907!,0.2910670042037964,26.4240665435791,57.2,NEAR <= 250 m,False,13
2177097201,3.668658971786499,29.726659774780273,5552.7999999999965,FAR > 250 m,False,1
2177097301,3.6823742389678955,29.743375778198242,5582.599999999997,FAR > 250 m,False,1
2177097302,3.6723084449768066,29.73630714416504,5612.699999999997,FAR > 250 m,False,1
2177097303,3.6666641235351562,29.73366355895996,5642.699999999997,FAR > 250 m,False,1
2177097304,3.6811678409576416,29.75116729736328,5672.599999999997,FAR > 250 m,False,1
2177097401,3.6764228343963623,29.749422073364258,5702.499999999996,FAR > 250 m,False,1
2177097402,3.674788236618042,29.749788284301758,5732.499999999996,FAR > 250 m,False,1
2177097601,3.6946287155151367,29.798629760742188,6032.099999999998,FAR > 250 m,False,1
2177097602,3.693754196166992,29.796754837036133,6019.299999999997,FAR > 250 m,False,1
2177097603,3.6979963779449463,29.798995971679688,6004.299999999997,FAR > 250 m,False,1
2177097604,3.7007274627685547,29.801727294921875,5998.899999999998,FAR > 250 m,False,1
2177097605,3.707754373550415,29.805753707885742,5972.999999999998,FAR > 250 m,False,1
2177097606,3.7104074954986572,29.806407928466797,5942.999999999998,FAR > 250 m,False,1
2177097607,3.711815595626831,29.806814193725586,5935.399999999998,FAR > 250 m,False,1
2177097701,3.676557779312134,29.78755760192871,6101.199999999998,FAR > 250 m,False,1
2177097702,3.673980236053467,29.7869815826416,6120.799999999998,FAR > 250 m,False,1
2177097703,3.6849007606506348,29.791900634765625,6061.899999999998,FAR > 250 m,False,1
2177097704,3.6659765243530273,29.780975341796875,6150.899999999999,FAR > 250 m,False,1
2177097801,3.645235061645508,29.772235870361328,6269.799999999997,FAR > 250 m,False,1
2177097802,3.650270462036133,29.77427101135254,6240.899999999998,FAR > 250 m,False,1
2177097803,3.6494317054748535,29.770431518554688,6210.999999999998,FAR > 250 m,False,1
2177097804,3.6562106609344482,29.77420997619629,6180.899999999999,FAR > 250 m,False,1
2177097805,3.6498825550079346,29.76988410949707,6194.299999999998,FAR > 250 m,False,1
2177097806,0.17345750331878662,26.30145835876465,0.0,NEAR <= 250 m,True,12
2177097806!,0.14075858891010284,26.26875877380371,0.0,NEAR <= 250 m,True,13
2177098401,3.6945948600769043,29.772594451904297,5762.899999999996,FAR > 250 m,False,1
2177098402,3.70289945602417,29.782899856567383,5777.299999999996,FAR > 250 m,False,1
2177098403,3.7157983779907227,29.796798706054688,5785.599999999996,FAR > 250 m,False,1
2177098404,3.7142999172210693,29.795299530029297,5795.499999999995,FAR > 250 m,False,1
2177098405,3.722536563873291,29.804536819458008,5798.599999999996,FAR > 250 m,False,1
2177098406,3.4765114784240723,29.788511276245117,5816.499999999995,FAR > 250 m,False,1
2177098407,3.4741554260253906,29.792156219482422,5841.499999999995,FAR > 250 m,False,1
2177098501,3.7245218753814697,29.806522369384766,5805.699999999996,FAR > 250 m,False,1
2177098502,3.714477062225342,29.798477172851562,5822.999999999996,FAR > 250 m,False,1
2177098503,3.7177979946136475,29.804798126220703,5853.099999999997,FAR > 250 m,False,1
2177098504,3.717926502227783,29.80892562866211,5894.599999999998,FAR > 250 m,False,1
2177098505,3.7149975299835205,29.802997589111328,5860.899999999997,FAR > 250 m,False,1
2177098506,3.718562602996826,29.808563232421875,5882.999999999997,FAR > 250 m,False,1
2177098507,2.8572657108306885,29.8272647857666,5896.2999999999965,FAR > 250 m,False,1
2177098508,2.8497238159179688,29.824724197387695,5904.7999999999965,FAR > 250 m,False,1
2177098509,2.8461945056915283,29.828195571899414,5915.499999999996,FAR > 250 m,False,1
2177098601,2.843597888946533,29.843597412109375,5928.099999999997,FAR > 250 m,False,1
2177098602,2.8416528701782227,29.849651336669922,5959.699999999997,FAR > 250 m,False,1
2177098603,2.83827543258667,29.85027503967285,5986.399999999997,FAR > 250 m,False,1
2177098801,3.0392637252807617,29.73926544189453,6231.899999999999,FAR > 250 m,False,1
2177098802,2.905095100402832,29.705093383789062,6262.499999999999,FAR > 250 m,False,1
2177098803,2.8554000854492188,29.672399520874023,6292.799999999999,FAR > 250 m,False,1
2177098902,2.85982084274292,29.687820434570312,6313.999999999999,FAR > 250 m,False,1
2177099401,3.4685754776000977,29.794574737548828,5871.599999999996,FAR > 250 m,False,1
2177099402,3.4631495475769043,29.79615020751953,5901.499999999995,FAR > 250 m,False,1
2177099403,3.458625555038452,29.799625396728516,5931.499999999995,FAR > 250 m,False,1
2177099404,3.450977325439453,29.799978256225586,5961.999999999995,FAR > 250 m,False,1
2177099601,2.8466503620147705,29.86065101623535,6016.899999999997,FAR > 250 m,False,1
2177099602,2.8408191204071045,29.862817764282227,6046.499999999997,FAR > 250 m,False,1
2177099603,2.8330237865448,29.875022888183594,6076.699999999997,FAR > 250 m,False,1
2177100301,4.503479480743408,32.52347946166992,7050.599999999999,FAR > 250 m,False,1
2177100302,4.426000118255615,32.43199920654297,7033.299999999999,FAR > 250 m,False,1
2177100303,4.34529447555542,32.32829284667969,7004.799999999999,FAR > 250 m,False,1
2177100304,4.335208415985107,32.318206787109375,6995.999999999999,FAR > 250 m,False,1
2177100305,4.249173641204834,32.187171936035156,6965.299999999999,FAR > 250 m,False,1
2177100701,2.106477737426758,29.096477508544922,359.09999999999997,FAR > 250 m,False,9
2177100702,2.038482904434204,29.183483123779297,389.29999999999995,FAR > 250 m,False,9
2177100703,1.9594706296920776,29.254470825195312,418.79999999999995,FAR > 250 m,False,9
2177100704,1.915761113166809,29.353761672973633,446.79999999999995,FAR > 250 m,False,9
2177101201,4.234281539916992,32.12928009033203,6935.4,FAR > 250 m,False,1
2177101202,4.186362266540527,32.033363342285156,6905.4,FAR > 250 m,False,1
2177101203,4.143499851226807,31.940500259399414,6875.4,FAR > 250 m,False,1
2177101204,4.045827388763428,31.779827117919922,6845.299999999999,FAR > 250 m,False,1
2177101701,1.9738143682479858,29.44381332397461,476.79999999999995,FAR > 250 m,False,9
2177101702,1.95915687084198,29.459156036376953,481.99999999999994,FAR > 250 m,False,9
2177101703,2.0048768520355225,29.524877548217773,495.49999999999994,FAR > 250 m,False,9
2177101704,2.0324463844299316,29.58244514465332,505.99999999999994,FAR > 250 m,False,9
2177101705,2.1939451694488525,29.773944854736328,535.9,FAR > 250 m,False,9
2177102201,3.941112518310547,31.623111724853516,6815.499999999999,FAR > 250 m,False,1
2177102202,3.940896511077881,31.549896240234375,6785.899999999999,FAR > 250 m,False,1
2177102203,3.9350032806396484,31.524003982543945,6756.0999999999985,FAR > 250 m,False,1
2177102204,3.800266981124878,31.319265365600586,6726.199999999999,FAR > 250 m,False,1
2177102205,3.94103741645813,31.548038482666016,6790.799999999998,FAR > 250 m,False,1
2177102301,4.12399959564209,31.773998260498047,6876.199999999999,FAR > 250 m,False,1
2177102302,4.09487771987915,31.731876373291016,6850.899999999999,FAR > 250 m,False,1
2177102303,4.029586315155029,31.653587341308594,6824.399999999999,FAR > 250 m,False,1
2177102304,3.9804913997650146,31.59649085998535,6808.399999999999,FAR > 250 m,False,1
2177102701,2.1762447357177734,29.876245498657227,565.9,FAR > 250 m,False,9
2177102702,2.0961592197418213,29.996158599853516,595.9,FAR > 250 m,False,9
2177102703,1.5258939266204834,30.02089500427246,609.0,FAR > 250 m,False,9
2177102704,1.4646943807601929,30.055694580078125,618.3,FAR > 250 m,False,9
2177103001,3.8332626819610596,31.07326316833496,6546.299999999999,FAR > 250 m,False,1
2177103101,3.8267645835876465,31.24176597595215,6665.799999999999,FAR > 250 m,False,1
2177103102,3.8400936126708984,31.223093032836914,6635.9,FAR > 250 m,False,1
2177103103,3.8379249572753906,31.16892433166504,6606.4,FAR > 250 m,False,1
2177103104,3.8358864784240723,31.13088607788086,6576.2,FAR > 250 m,False,1
2177103105,3.818190336227417,31.109189987182617,6568.4,FAR > 250 m,False,1
2177103106,3.801670789718628,31.085670471191406,6556.599999999999,FAR > 250 m,False,1
2177103201,3.776108980178833,31.266109466552734,6698.799999999999,FAR > 250 m,False,1
2177103202,3.787067174911499,31.269067764282227,6689.299999999999,FAR > 250 m,False,1
2177103203,3.786224365234375,31.255224227905273,6674.099999999999,FAR > 250 m,False,1
2177103301,1.8972872495651245,28.821287155151367,496.2,FAR > 250 m,False,12
2177103301!,1.585430383682251,28.509429931640625,496.2,FAR > 250 m,False,13
2177103302,1.9398682117462158,28.812868118286133,445.4,FAR > 250 m,False,12
2177103302!,1.6434173583984375,28.516416549682617,445.4,FAR > 250 m,False,13
2177104001,3.824658155441284,31.018657684326172,6516.4,FAR > 250 m,False,1
2177104002,3.8182177543640137,30.987218856811523,6498.799999999999,FAR > 250 m,False,1
2177104003,3.831171751022339,30.977170944213867,6486.199999999999,FAR > 250 m,False,1
2177104004,3.8115928173065186,30.94759178161621,6472.499999999999,FAR > 250 m,False,1
2177104005,3.82279109954834,30.99679183959961,6532.999999999999,FAR > 250 m,False,1
2177104006,3.8104493618011475,30.93844985961914,6461.299999999999,FAR > 250 m,False,1
2177104007,3.826455593109131,30.92745590209961,6456.4,FAR > 250 m,False,1
2177104008,3.8070807456970215,30.87908172607422,6431.0,FAR > 250 m,False,1
2177104009,3.801708221435547,30.867708206176758,6427.1,FAR > 250 m,False,1
2177104010,3.8031580448150635,30.867156982421875,6425.400000000001,FAR > 250 m,False,1
2177104011,3.7805917263031006,30.860591888427734,6447.8,FAR > 250 m,False,1
2177104101,3.8178751468658447,30.997875213623047,6562.999999999999,FAR > 250 m,False,1
2177104102,3.8062000274658203,30.996200561523438,6607.0999999999985,FAR > 250 m,False,1
2177104103,3.8090693950653076,30.996068954467773,6592.199999999999,FAR > 250 m,False,1
2177104104,3.8041138648986816,30.99811363220215,6621.799999999998,FAR > 250 m,False,1
2177104105,3.798673629760742,30.99767303466797,6651.199999999998,FAR > 250 m,False,1
2177104201,3.792405843734741,30.997406005859375,6709.199999999998,FAR > 250 m,False,1
2177104202,3.7882845401763916,30.997283935546875,6722.999999999998,FAR > 250 m,False,1
2177104203,3.796677589416504,30.998676300048828,6680.499999999998,FAR > 250 m,False,1
2177104204,3.7866663932800293,30.998666763305664,6737.899999999998,FAR > 250 m,False,1
2177104205,3.782252788543701,30.998252868652344,6752.999999999998,FAR > 250 m,False,1
2177104301,1.9877442121505737,28.809743881225586,394.5,FAR > 250 m,False,12
2177104301!,1.6765406131744385,28.4985408782959,394.5,FAR > 250 m,False,13
2177104302,2.054100275039673,28.833099365234375,351.6,FAR > 250 m,False,12
2177104302!,1.7760065793991089,28.55500602722168,351.6,FAR > 250 m,False,13
2177105001,3.7803475856781006,30.862348556518555,6454.5,FAR > 250 m,False,1
2177105002,3.7613000869750977,30.84830093383789,6424.300000000001,FAR > 250 m,False,1
2177105003,3.7592999935150146,30.84830093383789,6432.600000000001,FAR > 250 m,False,1
2177105004,3.7653965950012207,30.855396270751953,6440.300000000001,FAR > 250 m,False,1
2177105005,3.7661242485046387,30.853124618530273,6452.300000000001,FAR > 250 m,False,1
2177105006,0.6346307992935181,26.84963035583496,29.700000000000003,NEAR <= 250 m,False,12
2177105006!,0.26231732964515686,26.698318481445312,29.700000000000003,NEAR <= 250 m,False,13
2177105007,0.4005657136440277,26.833566665649414,36.7,NEAR <= 250 m,False,12
2177105007!,0.27122819423675537,26.7042293548584,36.7,NEAR <= 250 m,False,13
2177105008,0.303011953830719,26.732013702392578,42.900000000000006,NEAR <= 250 m,False,12
2177105008!,0.2666066586971283,26.695608139038086,42.900000000000006,NEAR <= 250 m,False,13
2177105009,0.31985339522361755,26.747852325439453,46.10000000000001,NEAR <= 250 m,False,12
2177105009!,0.26479920744895935,26.692798614501953,46.10000000000001,NEAR <= 250 m,False,13
2177105010,0.3470134139060974,26.77401351928711,48.60000000000001,NEAR <= 250 m,False,12
2177105010!,0.2637268006801605,26.69072723388672,48.60000000000001,NEAR <= 250 m,False,13
2177105011,0.336012601852417,26.761011123657227,51.10000000000001,NEAR <= 250 m,False,12
2177105011!,0.26319921016693115,26.68819808959961,51.10000000000001,NEAR <= 250 m,False,13
2177105012,0.4095471501350403,26.8315486907959,56.20000000000001,NEAR <= 250 m,False,12
2177105012!,0.2634316086769104,26.68543243408203,56.20000000000001,NEAR <= 250 m,False,13
2177105013,1.8680803775787354,28.132080078125,57.0,NEAR <= 250 m,False,12
2177105013!,1.5647398233413696,27.828739166259766,57.0,NEAR <= 250 m,False,13
2177105014,1.832582950592041,28.07558250427246,27.0,NEAR <= 250 m,False,12
2177105014!,1.45000422000885,27.693004608154297,27.0,NEAR <= 250 m,False,13
2177105015,0.4954930543899536,26.725492477416992,9.0,NEAR <= 250 m,False,12
2177105015!,0.5218076109886169,26.751806259155273,9.0,NEAR <= 250 m,False,13
2177105016,0.47242236137390137,25.711421966552734,0.0,NEAR <= 250 m,True,12
2177105016!,0.4622270166873932,25.70122718811035,0.0,NEAR <= 250 m,True,13
2177105017,0.5211394429206848,26.744138717651367,18.3,NEAR <= 250 m,False,12
2177105017!,0.26109862327575684,26.71609878540039,18.3,NEAR <= 250 m,False,13
2177105101,2.1869871616363525,28.514986038208008,147.0,NEAR <= 250 m,False,12
2177105101!,1.8363219499588013,28.164321899414062,147.0,NEAR <= 250 m,False,13
2177105102,2.140714406967163,28.44771385192871,117.0,NEAR <= 250 m,False,12
2177105102!,1.7698861360549927,28.076885223388672,117.0,NEAR <= 250 m,False,13
2177105103,2.0538573265075684,28.338857650756836,86.9,NEAR <= 250 m,False,12
2177105103!,1.732399344444275,28.017398834228516,86.9,NEAR <= 250 m,False,13
2177105201,3.776987314224243,30.998987197875977,6767.799999999998,FAR > 250 m,False,1
2177105202,2.226395845413208,28.596397399902344,206.9,NEAR <= 250 m,False,12
2177105202!,1.9830527305603027,28.35305404663086,206.9,NEAR <= 250 m,False,13
2177105203,2.196658134460449,28.545658111572266,176.8,NEAR <= 250 m,False,12
2177105203!,1.9376107454299927,28.286611557006836,176.8,NEAR <= 250 m,False,13
2177105204,2.2758865356445312,28.66788673400879,237.0,NEAR <= 250 m,False,12
2177105204!,2.0298540592193604,28.42185401916504,237.0,NEAR <= 250 m,False,13
2177105301,3.7708499431610107,30.996849060058594,6797.5999999999985,FAR > 250 m,False,1
2177105302,3.7674636840820312,30.99746322631836,6812.699999999999,FAR > 250 m,False,1
2177105303,2.181352138519287,28.951353073120117,351.49999999999994,FAR > 250 m,False,12
2177105303!,1.7825982570648193,28.55259895324707,351.49999999999994,FAR > 250 m,False,13
2177105304,2.842424154281616,29.629425048828125,368.09999999999997,FAR > 250 m,False,12
2177105304!,1.763849139213562,28.55084991455078,368.09999999999997,FAR > 250 m,False,13
2177105305,2.077345132827759,28.808345794677734,304.2,FAR > 250 m,False,12
2177105305!,1.7961431741714478,28.527143478393555,304.2,FAR > 250 m,False,13
2177105306,2.077897548675537,28.81789779663086,312.3,FAR > 250 m,False,12
2177105306!,1.8108028173446655,28.55080223083496,312.3,FAR > 250 m,False,13
2177105307,2.137040376663208,28.892040252685547,336.09999999999997,FAR > 250 m,False,12
2177105307!,1.7837848663330078,28.53878402709961,336.09999999999997,FAR > 250 m,False,13
2177105308,2.140692710876465,28.902690887451172,342.79999999999995,FAR > 250 m,False,12
2177105308!,1.7812974452972412,28.543296813964844,342.79999999999995,FAR > 250 m,False,13
2177105309,2.8622357845306396,29.65623664855957,375.7,FAR > 250 m,False,12
2177105309!,1.7480242252349854,28.542024612426758,375.7,FAR > 250 m,False,13
2177105310,2.3627772331237793,28.796777725219727,296.8,FAR > 250 m,False,12
2177105310!,2.122464179992676,28.55646514892578,296.8,FAR > 250 m,False,13
2177105311,2.3336009979248047,28.761600494384766,288.0,FAR > 250 m,False,12
2177105311!,2.103658676147461,28.531658172607422,288.0,FAR > 250 m,False,13
2177105312,2.127340078353882,28.87234115600586,326.2,FAR > 250 m,False,12
2177105312!,1.8240286111831665,28.569028854370117,326.2,FAR > 250 m,False,13
2177105313,2.316114664077759,28.743114471435547,284.5,FAR > 250 m,False,12
2177105313!,2.0892438888549805,28.51624298095703,284.5,FAR > 250 m,False,13
2177105314,2.2882232666015625,28.701223373413086,267.0,FAR > 250 m,False,12
2177105314!,2.0625252723693848,28.47552490234375,267.0,FAR > 250 m,False,13
2177105315,2.3821070194244385,28.8291072845459,314.8,FAR > 250 m,False,12
2177105315!,2.143767833709717,28.590768814086914,314.8,FAR > 250 m,False,13
2177105316,2.3878014087677,28.8418025970459,325.3,FAR > 250 m,False,12
2177105316!,2.154010057449341,28.60801124572754,325.3,FAR > 250 m,False,13
2177105317,2.384500503540039,28.86050033569336,355.90000000000003,FAR > 250 m,False,12
2177105317!,2.161790609359741,28.63779067993164,355.90000000000003,FAR > 250 m,False,13
2177105318,2.369133472442627,28.866132736206055,385.8,FAR > 250 m,False,12
2177105318!,2.1757187843322754,28.672718048095703,385.8,FAR > 250 m,False,13
2177105319,2.084419012069702,28.831418991088867,320.0,FAR > 250 m,False,12
2177105319!,1.8378247022628784,28.584823608398438,320.0,FAR > 250 m,False,13
2177105320,2.296804904937744,29.075803756713867,360.59999999999997,FAR > 250 m,False,12
2177105320!,1.7635425329208374,28.54254150390625,360.59999999999997,FAR > 250 m,False,13
2177105401,2.892930507659912,29.69993019104004,388.4,FAR > 250 m,False,12
2177105401!,1.753252387046814,28.560251235961914,388.4,FAR > 250 m,False,13
2177105402,2.9028313159942627,29.72483253479004,403.09999999999997,FAR > 250 m,False,12
2177105402!,1.75336754322052,28.575368881225586,403.09999999999997,FAR > 250 m,False,13
2177105403,2.914285659790039,29.747285842895508,414.2,FAR > 250 m,False,12
2177105403!,1.754612922668457,28.58761215209961,414.2,FAR > 250 m,False,13
2177105404,2.917593002319336,29.76659393310547,430.5,FAR > 250 m,False,12
2177105404!,1.7193971872329712,28.568397521972656,430.5,FAR > 250 m,False,13
2177105405,2.9625847339630127,29.828584671020508,447.4,FAR > 250 m,False,12
2177105405!,1.6991236209869385,28.565122604370117,447.4,FAR > 250 m,False,13
2177105406,3.013636589050293,29.902637481689453,470.2,FAR > 250 m,False,12
2177105406!,1.6624701023101807,28.551469802856445,470.2,FAR > 250 m,False,13
2177105407,3.0357232093811035,29.943723678588867,488.9,FAR > 250 m,False,12
2177105407!,1.631942868232727,28.53994369506836,488.9,FAR > 250 m,False,13
2177105408,3.0346994400024414,29.94070053100586,487.09999999999997,FAR > 250 m,False,12
2177105408!,1.6335769891738892,28.53957748413086,487.09999999999997,FAR > 250 m,False,13
2177105501,3.083906888961792,30.0349063873291,532.3,FAR > 250 m,False,12
2177105501!,1.6009608507156372,28.55196189880371,532.3,FAR > 250 m,False,13
2177105502,3.057215929031372,29.98521614074707,509.7,FAR > 250 m,False,12
2177105502!,1.616233229637146,28.544233322143555,509.7,FAR > 250 m,False,13
2177106401,2.383490800857544,28.90049171447754,414.0,FAR > 250 m,False,12
2177106401!,2.1848578453063965,28.701858520507812,414.0,FAR > 250 m,False,13
2177106402,2.3911263942718506,28.929126739501953,442.7,FAR > 250 m,False,12
2177106402!,2.1897332668304443,28.727733612060547,442.7,FAR > 250 m,False,13
2177106403,2.4032540321350098,28.96225357055664,472.59999999999997,FAR > 250 m,False,12
2177106403!,2.2152116298675537,28.774211883544922,472.59999999999997,FAR > 250 m,False,13
2177106404,2.412860631942749,28.992860794067383,502.7,FAR > 250 m,False,12
2177106404!,2.2256529331207275,28.805652618408203,502.7,FAR > 250 m,False,13
2177107401,2.4271154403686523,29.02911376953125,532.7,FAR > 250 m,False,12
2177107401!,2.2319703102111816,28.833969116210938,532.7,FAR > 250 m,False,13
2177107501,2.440211296081543,29.063209533691406,562.7,FAR > 250 m,False,12
2177107501!,2.2401297092437744,28.863128662109375,562.7,FAR > 250 m,False,13
2177107502,2.4558615684509277,29.09986114501953,592.7,FAR > 250 m,False,12
2177107502!,2.2366371154785156,28.88063621520996,592.7,FAR > 250 m,False,13
2177107503,2.473691463470459,29.139692306518555,622.8000000000001,FAR > 250 m,False,12
2177107503!,2.233124017715454,28.899124145507812,622.8000000000001,FAR > 250 m,False,13
2177108501,2.4820003509521484,29.16900062561035,652.7,FAR > 250 m,False,12
2177108501!,2.232731580734253,28.91973114013672,652.7,FAR > 250 m,False,13
2177108502,2.49259877204895,29.200599670410156,682.5,FAR > 250 m,False,12
2177108502!,2.242990255355835,28.950990676879883,682.5,FAR > 250 m,False,13
2177108503,2.4973692893981934,29.226369857788086,712.8,FAR > 250 m,False,12
2177108503!,2.259160041809082,28.9881591796875,712.8,FAR > 250 m,False,13
2177108601,2.5182552337646484,29.25325584411621,742.6999999999999,FAR > 250 m,False,12
2177108601!,2.289407253265381,29.0244083404541,742.6999999999999,FAR > 250 m,False,13
2177108602,2.5377988815307617,29.27779769897461,772.6999999999999,FAR > 250 m,False,12
2177108602!,2.3204338550567627,29.060434341430664,772.6999999999999,FAR > 250 m,False,13
2177109601,2.5151560306549072,29.308155059814453,802.5999999999999,FAR > 250 m,False,12
2177109601!,2.29911470413208,29.092113494873047,802.5999999999999,FAR > 250 m,False,13
2177109602,2.523214817047119,29.338214874267578,832.6999999999999,FAR > 250 m,False,12
2177109602!,2.299940347671509,29.114940643310547,832.6999999999999,FAR > 250 m,False,13
2177109603,2.5290472507476807,29.365047454833984,862.5999999999999,FAR > 250 m,False,12
2177109603!,2.283477783203125,29.119478225708008,862.5999999999999,FAR > 250 m,False,13
2177109701,2.540003538131714,29.397003173828125,892.5999999999999,FAR > 250 m,False,12
2177109701!,2.2594821453094482,29.11648178100586,892.5999999999999,FAR > 250 m,False,13
2177109801,2.0152719020843506,29.471271514892578,1131.1,FAR > 250 m,False,12
2177109801!,1.9500980377197266,29.406097412109375,1131.1,FAR > 250 m,False,13
2177109802,2.022489309310913,29.46949005126953,1121.6999999999998,FAR > 250 m,False,12
2177109802!,1.9467954635620117,29.393795013427734,1121.6999999999998,FAR > 250 m,False,13
2177109803,2.053067684173584,29.461069107055664,1082.4999999999998,FAR > 250 m,False,12
2177109803!,1.9341614246368408,29.3421630859375,1082.4999999999998,FAR > 250 m,False,13
2177109804,2.060676097869873,29.458677291870117,1072.4999999999998,FAR > 250 m,False,12
2177109804!,1.9003511667251587,29.298351287841797,1072.4999999999998,FAR > 250 m,False,13
2177109901,1.9351658821105957,29.4881649017334,1227.2999999999997,FAR > 250 m,False,12
2177109901!,1.9398584365844727,29.49285888671875,1227.2999999999997,FAR > 250 m,False,13
2177109902,1.975344181060791,29.47934341430664,1178.6999999999998,FAR > 250 m,False,12
2177109902!,1.9585626125335693,29.462562561035156,1178.6999999999998,FAR > 250 m,False,13
2177110001,1.9037340879440308,28.669734954833984,177.5,NEAR <= 250 m,False,10
2177110002,2.1876542568206787,29.01265525817871,179.0,NEAR <= 250 m,False,10
2177110003,2.3418376445770264,29.255836486816406,207.4,NEAR <= 250 m,False,10
2177110101,2.855430841445923,29.831430435180664,237.6,NEAR <= 250 m,False,10
2177110102,3.7484891414642334,30.784488677978516,294.3,FAR > 250 m,False,10
2177110103,4.157015800476074,31.3170166015625,327.2,FAR > 250 m,False,10
2177110104,5.006700038909912,32.46770095825195,327.0,FAR > 250 m,False,10
2177110501,3.556694507598877,31.62269401550293,222.3,NEAR <= 250 m,False,11
2177110601,5.083596229553223,33.58559799194336,298.8,FAR > 250 m,False,11
2177110602,5.080949306488037,33.63094711303711,307.3,FAR > 250 m,False,11
2177111101,5.259099960327148,32.823097229003906,351.0,FAR > 250 m,False,10
2177111201,4.572033882141113,31.793033599853516,357.4,FAR > 250 m,False,10
2177111202,4.876428127288818,32.159427642822266,387.5,FAR > 250 m,False,10
2177111203,4.916993141174316,32.49799346923828,417.5,FAR > 250 m,False,10
2177111301,5.00225305557251,32.87925338745117,447.3,FAR > 250 m,False,10
2177111302,5.016721725463867,33.19071960449219,477.3,FAR > 250 m,False,10
2177111303,5.039167881011963,33.51116943359375,507.3,FAR > 250 m,False,10
2177111304,5.200009822845459,33.79100799560547,537.2,FAR > 250 m,False,10
2177112301,5.86519718170166,34.4651985168457,591.9,FAR > 250 m,False,10
2177112401,5.221319198608398,33.994319915771484,567.2,FAR > 250 m,False,10
2177112402,5.173513412475586,34.13551330566406,597.2,FAR > 250 m,False,10
2177112403,5.104651927947998,34.260650634765625,626.6,FAR > 250 m,False,10
2177112404,5.106052398681641,34.340049743652344,656.5,FAR > 250 m,False,10
2177112405,5.427480220794678,34.79948043823242,673.5,FAR > 250 m,False,10
2177112406,4.800525665283203,34.44652557373047,683.1,FAR > 250 m,False,10
2177112407,5.371783256530762,34.87178421020508,695.6,FAR > 250 m,False,10
2177113401,4.693328380584717,34.55732727050781,716.8000000000001,FAR > 250 m,False,10
2177113402,4.720524787902832,34.640525817871094,746.5000000000001,FAR > 250 m,False,10
2177113501,4.350198745727539,34.450199127197266,739.9,FAR > 250 m,False,10
2177113502,4.184730052947998,34.44873046875,793.4,FAR > 250 m,False,10
2177113503,4.604725360870361,34.68672561645508,804.9000000000001,FAR > 250 m,False,10
2177113504,4.583409786224365,34.71440887451172,834.9000000000001,FAR > 250 m,False,10
2177113505,4.637625694274902,34.64762496948242,775.5000000000001,FAR > 250 m,False,10
2177113601,4.054541110992432,34.464542388916016,831.8,FAR > 250 m,False,10
2177113602,4.715386390686035,34.88038635253906,590.7,FAR > 250 m,False,11
2177113603,4.399663925170898,34.73766326904297,863.2,FAR > 250 m,False,10
2177113604,4.370240211486816,34.741241455078125,870.9000000000001,FAR > 250 m,False,10
2177113605,3.7372491359710693,34.776248931884766,906.7,FAR > 250 m,False,10
2177113701,3.625499963760376,34.72249984741211,960.0,FAR > 250 m,False,10
2177113702,4.663000106811523,35.3129997253418,728.6,FAR > 250 m,False,11
2177113703,4.144999980926514,35.3129997253418,1025.2,FAR > 250 m,False,10
2177113801,4.9608001708984375,36.290802001953125,804.5,FAR > 250 m,False,11
2177113802,5.894599914550781,37.129600524902344,1086.6000000000001,FAR > 250 m,False,10
2177113803,6.4766998291015625,38.44670104980469,872.4,FAR > 250 m,False,11
2177113804,7.146699905395508,38.44670104980469,1146.8000000000002,FAR > 250 m,False,10
2177114501,5.356089115142822,35.736087799072266,856.6,FAR > 250 m,False,10
2177114502,4.611705303192139,35.48070526123047,861.5000000000001,FAR > 250 m,False,10
2177114503,5.2504496574401855,35.79045104980469,877.7,FAR > 250 m,False,10
2177115501,4.547996520996094,36.01199722290039,994.7,FAR > 250 m,False,10
2177115502,4.727790832519531,36.017791748046875,1010.9000000000001,FAR > 250 m,False,10
2177116201,1.5742384195327759,29.566238403320312,1665.7999999999997,FAR > 250 m,False,12
2177116201!,1.6917331218719482,29.683732986450195,1665.7999999999997,FAR > 250 m,False,13
2177116202,1.6506046056747437,29.566604614257812,1589.7999999999997,FAR > 250 m,False,12
2177116202!,1.744067907333374,29.66006851196289,1589.7999999999997,FAR > 250 m,False,13
2177116501,4.4333367347717285,36.01933670043945,1007.5,FAR > 250 m,False,10
2177116502,4.075482368469238,36.05348205566406,1048.5,FAR > 250 m,False,10
2177116503,3.9548540115356445,36.06485366821289,1061.4,FAR > 250 m,False,10
2177116701,4.74399995803833,37.43199920654297,1167.8,FAR > 250 m,False,10
2177117101,1.7203172445297241,29.563318252563477,1517.2999999999997,FAR > 250 m,False,12
2177117101!,1.7945420742034912,29.637542724609375,1517.2999999999997,FAR > 250 m,False,13
2177117801,7.061708927154541,40.43471145629883,1283.3999999999999,FAR > 250 m,False,10
2177117802,7.027200222015381,40.437198638916016,1289.6,FAR > 250 m,False,10
2177117803,8.120018005371094,41.97901916503906,1341.5,FAR > 250 m,False,10
2177117804,9.175992012023926,43.2759895324707,1369.3,FAR > 250 m,False,10
2177118001,1.8317395448684692,29.534738540649414,1377.3999999999999,FAR > 250 m,False,12
2177118001!,1.8728896379470825,29.575889587402344,1377.3999999999999,FAR > 250 m,False,13
2177118101,1.7755681276321411,29.552568435668945,1450.9999999999998,FAR > 250 m,False,12
2177118101!,1.8389716148376465,29.6159725189209,1450.9999999999998,FAR > 250 m,False,13
2177118801,6.546442031860352,45.65644073486328,1439.6,FAR > 250 m,False,10
2177119001,1.8791375160217285,29.514137268066406,1308.4999999999998,FAR > 250 m,False,12
2177119001!,1.9162516593933105,29.551252365112305,1308.4999999999998,FAR > 250 m,False,13
2177119002,1.8980209827423096,29.505022048950195,1280.9999999999998,FAR > 250 m,False,12
2177119002!,1.9275648593902588,29.534564971923828,1280.9999999999998,FAR > 250 m,False,13
2177119801,8.205696105957031,48.68569564819336,1569.3,FAR > 250 m,False,10
2177120801,2.3225629329681396,28.629562377929688,0.0,NEAR <= 250 m,True,14
2177121801,2.342747211456299,28.816747665405273,30.0,NEAR <= 250 m,False,14
2177121802,1.9639860391616821,29.10798454284668,60.0,NEAR <= 250 m,False,14
2177121803,1.875483512878418,29.820484161376953,119.8,NEAR <= 250 m,False,14
2177122801,2.2706117630004883,30.408611297607422,149.8,NEAR <= 250 m,False,14
2177122802,2.30540132522583,30.608400344848633,179.8,NEAR <= 250 m,False,14
2177122803,2.351802110671997,30.821802139282227,209.8,NEAR <= 250 m,False,14
2177123801,2.4182231426239014,31.01822280883789,239.8,NEAR <= 250 m,False,14
2177123802,3.2406511306762695,31.941650390625,262.8,FAR > 250 m,False,14
2177123803,3.308832883834839,32.06083297729492,280.3,FAR > 250 m,False,14
2177123901,5.8856520652771,34.64265060424805,300.7,FAR > 250 m,False,14
2177123902,3.9032375812530518,33.04023742675781,330.2,FAR > 250 m,False,14
2177123903,3.901744842529297,33.14374542236328,359.0,FAR > 250 m,False,14
2177123904,3.8656320571899414,33.21363067626953,388.1,FAR > 250 m,False,14
2177124901,3.840439558029175,33.31943893432617,424.1,FAR > 250 m,False,14
2177124902,3.891443967819214,33.43544387817383,442.20000000000005,FAR > 250 m,False,14
2177124903,3.954681634902954,33.56568145751953,460.40000000000003,FAR > 250 m,False,14
2177124904,3.9291653633117676,33.665164947509766,494.8,FAR > 250 m,False,14
2177124905,3.9002299308776855,33.74222946166992,523.9,FAR > 250 m,False,14
2177129001,8.038790702819824,52.32678985595703,1784.2,FAR > 250 m,False,10
2177129101,10.21049976348877,54.87049865722656,1870.2,FAR > 250 m,False,10
2177134001,3.783470630645752,33.867469787597656,590.3,FAR > 250 m,False,14
2177134002,3.837947368621826,33.82594680786133,564.0,FAR > 250 m,False,14
2177134003,3.7444090843200684,33.941410064697266,621.3,FAR > 250 m,False,14
2177135001,3.74017333984375,34.04817199707031,651.9,FAR > 250 m,False,14
2177135101,3.6361377239227295,34.06513977050781,685.0,FAR > 250 m,False,14
2177135102,3.5514144897460938,34.076416015625,711.5,FAR > 250 m,False,14
2177135103,3.5077550411224365,34.08175277709961,741.3,FAR > 250 m,False,14
2177135104,3.5998120307922363,34.20681381225586,772.0,FAR > 250 m,False,14
2177135201,3.721717119216919,34.361717224121094,801.6,FAR > 250 m,False,14
2177135202,3.8012852668762207,34.44328689575195,813.5,FAR > 250 m,False,14
2177136201,3.924013614654541,34.56801223754883,830.4,FAR > 250 m,False,14
2177136202,3.945272922515869,34.59427261352539,847.6,FAR > 250 m,False,14
2177136203,4.007359981536865,34.66035842895508,861.4,FAR > 250 m,False,14
2177136204,4.083379745483398,34.738380432128906,874.8,FAR > 250 m,False,14
2177136205,4.156886100769043,34.81388473510742,891.0999999999999,FAR > 250 m,False,14
2177136206,4.226207256317139,34.886207580566406,919.8999999999999,FAR > 250 m,False,14
2177136207,4.234748840332031,34.896751403808594,925.0999999999999,FAR > 250 m,False,14
2177137201,4.295193672180176,34.96219253540039,950.8,FAR > 250 m,False,14
2177137202,4.292686462402344,34.98668670654297,960.6999999999999,FAR > 250 m,False,14
2177137203,4.292760372161865,35.04576110839844,982.3,FAR > 250 m,False,14
2177137204,4.300338268280029,35.104339599609375,1000.6999999999999,FAR > 250 m,False,14
2177137205,4.245131492614746,35.139129638671875,1012.8,FAR > 250 m,False,14
2177137206,4.2095112800598145,35.19851303100586,1037.7,FAR > 250 m,False,14
2177137207,4.162045478820801,35.18904495239258,1047.7,FAR > 250 m,False,14
2177137301,3.5165481567382812,35.51654815673828,1160.7,FAR > 250 m,False,14
2177138201,4.098480701446533,35.23248291015625,1075.8,FAR > 250 m,False,14
2177138202,4.030629634857178,35.265628814697266,1105.2,FAR > 250 m,False,14
2177138203,3.963773250579834,35.30377197265625,1135.6000000000001,FAR > 250 m,False,14
2177138204,3.9343013763427734,35.31930160522461,1148.5000000000002,FAR > 250 m,False,14
2177138205,3.9208052158355713,35.33480453491211,1157.0000000000002,FAR > 250 m,False,14
2177138206,3.9008588790893555,35.340858459472656,1164.6000000000001,FAR > 250 m,False,14
2177138401,3.5109403133392334,35.81093978881836,1269.1000000000001,FAR > 250 m,False,14
2177138501,3.232205629348755,35.93220520019531,1366.2,FAR > 250 m,False,14
2177138502,2.757850408554077,35.95484924316406,1422.0,FAR > 250 m,False,14
2177138503,2.8635964393615723,35.895599365234375,1454.6,FAR > 250 m,False,14
2177138601,2.2939422130584717,36.06494140625,1450.1,FAR > 250 m,False,14
2177138602,2.1559102535247803,36.093910217285156,1463.6,FAR > 250 m,False,14
2177138603,2.082427978515625,36.108428955078125,1469.8,FAR > 250 m,False,14
2177138604,1.9864778518676758,36.119476318359375,1479.8999999999999,FAR > 250 m,False,14
2177139201,3.8128628730773926,35.34086227416992,1190.0000000000002,FAR > 250 m,False,14
2177139202,3.7919483184814453,35.33494567871094,1194.5000000000002,FAR > 250 m,False,14
2177139203,3.7454919815063477,35.33149337768555,1207.0000000000002,FAR > 250 m,False,14
2177139301,3.636187791824341,35.32518768310547,1239.3000000000002,FAR > 250 m,False,14
2177139302,3.6773648262023926,35.32736587524414,1225.5000000000002,FAR > 250 m,False,14
2177139303,3.585195779800415,35.33219528198242,1256.9,FAR > 250 m,False,14
2177139304,3.4908299446105957,35.346832275390625,1290.1000000000001,FAR > 250 m,False,14
2177139305,3.535717725753784,35.339717864990234,1274.1000000000001,FAR > 250 m,False,14
2177139306,3.4661507606506348,35.35914993286133,1301.1000000000001,FAR > 250 m,False,14
2177139307,3.4262077808380127,35.379207611083984,1319.5000000000002,FAR > 250 m,False,14
2177139401,3.3575291633605957,35.40852737426758,1349.1000000000001,FAR > 250 m,False,14
2177139402,3.267169713973999,35.41817092895508,1379.6000000000001,FAR > 250 m,False,14
2177139501,2.790449619293213,35.783451080322266,1484.6,FAR > 250 m,False,14
2177139502,2.7068889141082764,35.660888671875,1515.8,FAR > 250 m,False,14
2177139503,2.634462356567383,35.55146026611328,1529.1,FAR > 250 m,False,14
2177139504,2.2828657627105713,35.60886764526367,1533.6,FAR > 250 m,False,14
2177139505,2.1430373191833496,35.74703598022461,1550.6,FAR > 250 m,False,14
2177139506,2.0784363746643066,36.05243682861328,1579.3999999999999,FAR > 250 m,False,14
2177139507,2.076185703277588,35.87018585205078,1562.3,FAR > 250 m,False,14
2177139508,2.042222261428833,36.13922119140625,1591.1,FAR > 250 m,False,14
2177139509,2.0917978286743164,35.97579574584961,1570.8,FAR > 250 m,False,14
2177139510,2.8756611347198486,35.47565841674805,1502.8,FAR > 250 m,False,14
2177139511,1.9986082315444946,36.280609130859375,1606.8,FAR > 250 m,False,14
2177139601,1.9914108514785767,36.18540954589844,1501.3,FAR > 250 m,False,14
2177139602,1.9702547788619995,36.24125289916992,1528.5,FAR > 250 m,False,14
2177139603,1.9952340126037598,36.214237213134766,1510.0,FAR > 250 m,False,14
2177139604,1.9860718250274658,36.22207260131836,1516.3,FAR > 250 m,False,14
2177139605,2.037310838699341,36.328311920166016,1612.2,FAR > 250 m,False,14
2177139701,1.976043939590454,36.27604293823242,1538.9,FAR > 250 m,False,14
2177139702,2.0040371417999268,36.329036712646484,1547.5,FAR > 250 m,False,14
2177139703,1.983121395111084,36.36212158203125,1566.8,FAR > 250 m,False,14
2177139704,1.9622632265090942,36.38926315307617,1584.3,FAR > 250 m,False,14
2177139705,2.0639071464538574,36.52690887451172,1597.1,FAR > 250 m,False,14
2177139706,2.012476682662964,36.53547668457031,1618.5,FAR > 250 m,False,14
2177139708,1.9436029195785522,36.538604736328125,1640.6,FAR > 250 m,False,14
2178050901,0.0,25.91900062561035,2932.099999999999,FAR > 250 m,False,1
2178050902,0.0,25.979000091552734,2962.099999999999,FAR > 250 m,False,1
2178060001,0.0,26.038999557495117,2992.099999999999,FAR > 250 m,False,1
2178060002,0.0,26.099000930786133,3022.099999999999,FAR > 250 m,False,1
2178060501,0.3662492036819458,26.02924919128418,2951.600000000001,FAR > 250 m,False,1
2178060502,0.3417208790779114,26.035720825195312,2920.3000000000006,FAR > 250 m,False,1
2178060503,0.32240718603134155,26.043407440185547,2892.9000000000005,FAR > 250 m,False,1
2178060504,0.3165229558944702,26.044523239135742,2886.1000000000004,FAR > 250 m,False,1
2178060505,0.2953369617462158,26.045337677001953,2908.3,FAR > 250 m,False,1
2178060506,0.2284844070672989,26.039485931396484,2938.3,FAR > 250 m,False,1
2178060507,0.1892709881067276,26.03927230834961,2957.7000000000003,FAR > 250 m,False,1
2178060701,0.0,26.23900032043457,3379.5,FAR > 250 m,False,1
2178060702,0.0,26.25,3392.9,FAR > 250 m,False,1
2178060703,0.0,26.284000396728516,3409.5,FAR > 250 m,False,1
2178060704,0.0,26.34600067138672,3425.0,FAR > 250 m,False,1
2178060801,0.0,26.125,3319.6,FAR > 250 m,False,1
2178060802,0.0,26.18199920654297,3349.6,FAR > 250 m,False,1
2178061001,0.0,26.158000946044922,3052.099999999999,FAR > 250 m,False,1
2178061002,0.0,26.218000411987305,3082.099999999999,FAR > 250 m,False,1
2178061003,0.0,26.260000228881836,3103.099999999999,FAR > 250 m,False,1
2178061004,0.0,26.844999313354492,3161.799999999999,FAR > 250 m,False,1
2178061005,0.0,26.757999420166016,3141.799999999999,FAR > 250 m,False,1
2178061006,0.0,26.700000762939453,3128.599999999999,FAR > 250 m,False,1
2178061007,0.0,26.71500015258789,3132.099999999999,FAR > 250 m,False,1
2178061101,0.0,26.94499969482422,3184.799999999999,FAR > 250 m,False,1
2178061102,0.0,26.961999893188477,3188.599999999999,FAR > 250 m,False,1
2178061103,0.0,26.88800048828125,3171.799999999999,FAR > 250 m,False,1
2178061104,0.0,27.018999099731445,3201.799999999999,FAR > 250 m,False,1
2178061105,0.0,27.100000381469727,3220.3999999999987,FAR > 250 m,False,1
2178061401,0.16476289927959442,26.051761627197266,2998.1000000000004,FAR > 250 m,False,1
2178061402,0.15568839013576508,26.055688858032227,3012.7000000000003,FAR > 250 m,False,1
2178061403,0.06632540374994278,26.066326141357422,3033.1000000000004,FAR > 250 m,False,1
2178061404,0.0,26.118999481201172,3056.3,FAR > 250 m,False,1
2178061405,0.0,26.27199935913086,3086.4,FAR > 250 m,False,1
2178061501,0.18134206533432007,26.04134178161621,2968.2000000000003,FAR > 250 m,False,1
2178061701,0.0,26.374000549316406,3438.9,FAR > 250 m,False,1
2178061702,0.0,26.441999435424805,3468.8,FAR > 250 m,False,1
2178061801,0.0,26.489999771118164,3487.6000000000004,FAR > 250 m,False,1
2178061802,0.0,26.643999099731445,3498.6000000000004,FAR > 250 m,False,1
2178061803,0.0,26.73699951171875,3528.6000000000004,FAR > 250 m,False,1
2178062101,0.0,27.2450008392334,3231.799999999999,FAR > 250 m,False,1
2178062102,0.0,27.628999710083008,3261.8999999999987,FAR > 250 m,False,1
2178062103,0.0,27.98699951171875,3289.9999999999986,FAR > 250 m,False,1
2178062104,0.0,28.049999237060547,3294.8999999999987,FAR > 250 m,False,1
2178062105,0.0,28.1560001373291,3305.799999999999,FAR > 250 m,False,1
2178062106,0.0,28.30500030517578,3321.099999999999,FAR > 250 m,False,1
2178062401,0.0,26.424999237060547,3116.2000000000003,FAR > 250 m,False,1
2178062402,0.0,26.57900047302246,3146.4,FAR > 250 m,False,1
2178062403,0.0,26.73200035095215,3176.4,FAR > 250 m,False,1
2178062801,0.0,26.827999114990234,3558.5000000000005,FAR > 250 m,False,1
2178062802,0.0,26.89900016784668,3563.0000000000005,FAR > 250 m,False,1
2178062803,0.0,26.9950008392334,3588.5000000000005,FAR > 250 m,False,1
2178062804,0.0,27.31999969482422,3618.3000000000006,FAR > 250 m,False,1
2178062805,0.0,27.520999908447266,3640.5000000000005,FAR > 250 m,False,1
2178062806,0.0,27.520999908447266,3648.1000000000004,FAR > 250 m,False,1
2178063101,0.0,28.5939998626709,3350.799999999999,FAR > 250 m,False,1
2178063102,0.0,28.75,3366.799999999999,FAR > 250 m,False,1
2178063103,0.0,28.850000381469727,3371.4999999999986,FAR > 250 m,False,1
2178063201,0.0,28.954999923706055,3381.0999999999985,FAR > 250 m,False,1
2178063202,0.0,29.295000076293945,3412.0999999999985,FAR > 250 m,False,1
2178063401,0.0,26.875,3204.3,FAR > 250 m,False,1
2178063402,0.0,27.700000762939453,3220.4,FAR > 250 m,False,1
2178063403,0.0,27.75,3233.2000000000003,FAR > 250 m,False,1
2178063404,0.0,27.900999069213867,3266.1000000000004,FAR > 250 m,False,1
2178063405,0.0,27.92099952697754,3270.4000000000005,FAR > 250 m,False,1
2178063801,0.0,27.628000259399414,3666.7000000000003,FAR > 250 m,False,1
2178063802,0.0,27.950000762939453,3677.9,FAR > 250 m,False,1
2178063803,0.0,28.075000762939453,3703.8,FAR > 250 m,False,1
2178063804,0.0,28.104999542236328,3707.8,FAR > 250 m,False,1
2178063805,0.0,28.281999588012695,3723.5,FAR > 250 m,False,1
2178063806,0.0,28.320999145507812,3730.4,FAR > 250 m,False,1
2178063807,0.0,28.32900047302246,3739.3,FAR > 250 m,False,1
2178063901,0.0,28.32900047302246,3743.3,FAR > 250 m,False,1
2178063902,0.0,28.506000518798828,3756.7000000000003,FAR > 250 m,False,1
2178063903,0.0,28.917999267578125,3767.3,FAR > 250 m,False,1
2178064101,0.0,32.612998962402344,3577.799999999999,FAR > 250 m,False,1
2178064201,0.0,29.700000762939453,3449.0999999999985,FAR > 250 m,False,1
2178064202,0.0,30.80500030517578,3469.8999999999987,FAR > 250 m,False,1
2178064203,0.0,31.100000381469727,3499.8999999999987,FAR > 250 m,False,1
2178064204,0.0,32.150001525878906,3525.4999999999986,FAR > 250 m,False,1
2178064205,0.0,32.165000915527344,3529.8999999999987,FAR > 250 m,False,1
2178064206,0.0,32.17300033569336,3532.4999999999986,FAR > 250 m,False,1
2178064207,0.0,32.224998474121094,3547.799999999999,FAR > 250 m,False,1
2178064401,0.0,28.125,3314.8000000000006,FAR > 250 m,False,1
2178064402,0.0,28.924999237060547,3326.100000000001,FAR > 250 m,False,1
2178064403,0.0,29.753000259399414,3330.900000000001,FAR > 250 m,False,1
2178064404,0.0,29.874000549316406,3352.400000000001,FAR > 250 m,False,1
2178064405,0.0,29.893999099731445,3355.800000000001,FAR > 250 m,False,1
2178064407,0.0,30.0,3374.500000000001,FAR > 250 m,False,1
2178064801,0.0,29.562999725341797,3854.9,FAR > 250 m,False,1
2178064802,0.0,29.562999725341797,3862.5,FAR > 250 m,False,1
2178064901,0.0,29.150999069213867,3797.3,FAR > 250 m,False,1
2178064902,0.0,29.427000045776367,3827.3,FAR > 250 m,False,1
2178064903,0.0,29.525999069213867,3840.3,FAR > 250 m,False,1
2178064904,0.0,30.17300033569336,3879.3,FAR > 250 m,False,1
2178064905,0.0,30.45599937438965,3887.1000000000004,FAR > 250 m,False,1
2178065101,0.0,32.76499938964844,3589.4999999999986,FAR > 250 m,False,1
2178065102,0.0,33.15299987792969,3619.4999999999986,FAR > 250 m,False,1
2178065103,0.0,33.22800064086914,3625.299999999999,FAR > 250 m,False,1
2178065104,0.0,33.54100036621094,3649.4999999999986,FAR > 250 m,False,1
2178065105,0.0,33.724998474121094,3663.6999999999985,FAR > 250 m,False,1
2178065106,0.0,33.82500076293945,3686.1999999999985,FAR > 250 m,False,1
2178065801,0.0,31.204999923706055,4028.0000000000005,FAR > 250 m,False,1
2178065802,0.0,31.36199951171875,4036.0000000000005,FAR > 250 m,False,1
2178065803,0.0,31.42099952697754,4041.5000000000005,FAR > 250 m,False,1
2178065804,0.0,31.44499969482422,4052.8000000000006,FAR > 250 m,False,1
2178065805,0.0,31.472999572753906,4066.0000000000005,FAR > 250 m,False,1
2178065806,0.0,31.488000869750977,4072.8000000000006,FAR > 250 m,False,1
2178065901,0.0,30.586000442504883,3905.5000000000005,FAR > 250 m,False,1
2178065902,0.0,30.631000518798828,3917.1000000000004,FAR > 250 m,False,1
2178065903,0.0,30.714000701904297,3947.1000000000004,FAR > 250 m,False,1
2178065904,0.0,30.79800033569336,3960.5000000000005,FAR > 250 m,False,1
2178065905,0.0,30.961999893188477,3976.0000000000005,FAR > 250 m,False,1
2178065906,0.0,31.097999572753906,4006.0000000000005,FAR > 250 m,False,1
2178066101,0.0,34.80400085449219,3701.7999999999984,FAR > 250 m,False,1
2178066102,0.0,34.8380012512207,3708.499999999998,FAR > 250 m,False,1
2178066103,0.0,34.98500061035156,3737.499999999998,FAR > 250 m,False,1
2178066104,0.0,35.20000076293945,3779.7999999999984,FAR > 250 m,False,1
2178066801,0.0,31.54199981689453,4095.600000000001,FAR > 250 m,False,1
2178066802,0.0,31.58300018310547,4117.6,FAR > 250 m,False,1
2178067101,0.0,35.5,3838.7999999999984,FAR > 250 m,False,1
2178067501,0.0,35.25,4498.0,FAR > 250 m,False,1
2178067601,0.0,35.20000076293945,4470.8,FAR > 250 m,False,1
2178067701,0.0,33.0,4214.0,FAR > 250 m,False,1
2178067702,0.0,34.20000076293945,4281.1,FAR > 250 m,False,1
2178068701,0.0,34.5,4302.1,FAR > 250 m,False,1
2178070401,0.0,26.16900062561035,3778.1000000000013,FAR > 250 m,False,1
2178070402,0.0,26.246999740600586,3814.0000000000014,FAR > 250 m,False,1
2178070403,0.0,26.233999252319336,3807.9000000000015,FAR > 250 m,False,1
2178070404,0.0,26.256999969482422,3818.8000000000015,FAR > 250 m,False,1
2178070501,0.0,26.298999786376953,3837.7000000000016,FAR > 250 m,False,1
2178070502,0.0,26.333999633789062,3854.000000000002,FAR > 250 m,False,1
2178070503,0.0,26.36400032043457,3867.500000000002,FAR > 250 m,False,1
2178070504,0.0,26.429000854492188,3897.500000000002,FAR > 250 m,False,1
2178070505,0.0,26.4950008392334,3927.500000000002,FAR > 250 m,False,1
2178071501,0.0,26.559999465942383,3957.500000000002,FAR > 250 m,False,1
2178071502,0.0,26.625999450683594,3987.500000000002,FAR > 250 m,False,1
2178071503,0.0,26.65399932861328,4000.2000000000016,FAR > 250 m,False,1
2178071601,0.0,26.69099998474121,4017.500000000002,FAR > 250 m,False,1
2178071602,0.0,26.756999969482422,4047.500000000002,FAR > 250 m,False,1
2178071603,0.0,26.81800079345703,4077.500000000002,FAR > 250 m,False,1
2178072601,0.0,26.881999969482422,4097.9000000000015,FAR > 250 m,False,1
2178072602,0.0,26.910999298095703,4107.200000000002,FAR > 250 m,False,1
2178072603,0.0,27.006999969482422,4137.000000000002,FAR > 250 m,False,1
2178072604,0.0,27.131999969482422,4151.300000000002,FAR > 250 m,False,1
2178072605,0.0,27.214000701904297,4167.000000000002,FAR > 250 m,False,1
2178072606,0.0,27.351999282836914,4171.800000000002,FAR > 250 m,False,1
2178072701,0.0,27.48699951171875,4196.200000000002,FAR > 250 m,False,1
2178072702,0.0,27.551000595092773,4207.100000000001,FAR > 250 m,False,1
2178072703,0.0,27.613000869750977,4226.100000000001,FAR > 250 m,False,1
2178072704,0.0,27.743000030517578,4256.100000000001,FAR > 250 m,False,1
2178073701,0.0,27.874000549316406,4279.500000000001,FAR > 250 m,False,1
2178073702,0.0,28.66200065612793,4374.600000000001,FAR > 250 m,False,1
2178073801,0.0,28.069000244140625,4303.000000000001,FAR > 250 m,False,1
2178074701,0.0,28.874000549316406,4400.200000000002,FAR > 250 m,False,1
2178074702,0.0,29.13599967956543,4431.800000000002,FAR > 250 m,False,1
2178074703,0.0,29.5,4475.700000000002,FAR > 250 m,False,1
2178080701,2.8209307193756104,29.021930694580078,6115.599999999999,FAR > 250 m,False,1
2178081802,2.6580801010131836,29.019081115722656,6360.4,FAR > 250 m,False,1
2178083901,2.54801082611084,29.012012481689453,6517.599999999999,FAR > 250 m,False,1
2178090301,3.435732126235962,29.806732177734375,6050.899999999996,FAR > 250 m,False,1
2178090401,3.4457757472991943,29.801776885986328,5991.499999999995,FAR > 250 m,False,1
2178090401!,0.36889412999153137,27.20989418029785,2021.2999999999997,FAR > 250 m,False,15
2178090402,3.4394338130950928,29.803434371948242,6021.799999999996,FAR > 250 m,False,1
2178090601,2.8126442432403564,29.887645721435547,6106.199999999997,FAR > 250 m,False,1
2178090602,2.7850117683410645,29.875011444091797,6135.999999999997,FAR > 250 m,False,1
2178090603,2.7762985229492188,29.88629913330078,6165.999999999997,FAR > 250 m,False,1
2178091301,3.4306886196136475,29.809688568115234,6080.799999999996,FAR > 250 m,False,1
2178091302,3.427586793899536,29.813587188720703,6110.699999999995,FAR > 250 m,False,1
2178091303,3.422480344772339,29.816478729248047,6141.099999999995,FAR > 250 m,False,1
2178091304,3.4192681312561035,29.820266723632812,6170.899999999995,FAR > 250 m,False,1
2178091401,0.3779299855232239,27.209930419921875,2014.2999999999997,FAR > 250 m,False,15
2178091402,0.3969482481479645,27.20994758605957,1991.5999999999997,FAR > 250 m,False,15
2178091403,0.4269252419471741,27.20992660522461,1961.6999999999996,FAR > 250 m,False,15
2178091501,0.4437985122203827,27.201797485351562,1931.5999999999997,FAR > 250 m,False,15
2178091502,0.45523056387901306,27.194231033325195,1901.5999999999997,FAR > 250 m,False,15
2178091503,0.4364256262779236,27.16042709350586,1871.7999999999997,FAR > 250 m,False,15
2178091601,2.7609353065490723,29.890933990478516,6195.999999999997,FAR > 250 m,False,1
2178091602,2.7463858127593994,29.8953857421875,6225.899999999997,FAR > 250 m,False,1
2178091603,2.729266881942749,29.89826774597168,6255.999999999997,FAR > 250 m,False,1
2178091604,2.7119758129119873,29.90097427368164,6285.999999999997,FAR > 250 m,False,1
2178092301,3.414548873901367,29.823549270629883,6200.999999999995,FAR > 250 m,False,1
2178092302,3.401423215866089,29.8264217376709,6230.699999999995,FAR > 250 m,False,1
2178092303,3.3878910541534424,29.82889175415039,6260.899999999995,FAR > 250 m,False,1
2178092501,0.4110274016857147,27.113027572631836,1841.1999999999998,FAR > 250 m,False,15
2178092601,2.4826724529266357,29.908672332763672,6299.699999999997,FAR > 250 m,False,1
2178092601!,0.3740790784358978,27.061079025268555,1811.4999999999998,FAR > 250 m,False,15
2178092602,2.4772303104400635,29.905229568481445,6306.799999999997,FAR > 250 m,False,1
2178092602!,0.32968461513519287,26.987686157226562,1781.6999999999998,FAR > 250 m,False,15
2178092603,2.478134870529175,29.910133361816406,6315.799999999997,FAR > 250 m,False,1
2178092603!,0.2806958854198456,26.938695907592773,1770.2999999999997,FAR > 250 m,False,15
2178092604,0.32419243454933167,26.911191940307617,1721.6999999999998,FAR > 250 m,False,15
2178092701,0.3043716549873352,26.857370376586914,1688.9999999999998,FAR > 250 m,False,15
2178092702,0.3361069858074188,26.855106353759766,1684.2999999999997,FAR > 250 m,False,15
2178093001,2.5115809440612793,28.999582290649414,6547.799999999999,FAR > 250 m,False,1
2178093002,2.489227294921875,29.000226974487305,6577.599999999999,FAR > 250 m,False,1
2178093003,2.457446813583374,28.992446899414062,6607.799999999999,FAR > 250 m,False,1
2178093004,2.4525563716888428,28.994556427001953,6616.9,FAR > 250 m,False,1
2178093005,2.4415643215179443,28.998563766479492,6635.0,FAR > 250 m,False,1
2178093006,2.4236602783203125,29.00465965270996,6666.6,FAR > 250 m,False,1
2178093007,2.4116642475128174,29.001665115356445,6677.1,FAR > 250 m,False,1
2178093008,2.3850340843200684,28.994033813476562,6701.200000000001,FAR > 250 m,False,1
2178093301,3.390216112136841,29.83121681213379,6291.199999999995,FAR > 250 m,False,1
2178093302,3.3587703704833984,29.83277130126953,6320.899999999995,FAR > 250 m,False,1
2178093303,3.3428986072540283,29.833898544311523,6351.299999999995,FAR > 250 m,False,1
2178093304,3.327866315841675,29.83486557006836,6380.899999999995,FAR > 250 m,False,1
2178093601,0.38541674613952637,26.78441619873047,1630.4999999999995,FAR > 250 m,False,15
2178093701,0.3604167103767395,26.853416442871094,1674.5999999999997,FAR > 250 m,False,15
2178093702,0.3919279873371124,26.837926864624023,1662.8999999999996,FAR > 250 m,False,15
2178093703,0.38734614849090576,26.740346908569336,1600.3999999999996,FAR > 250 m,False,15
2178093704,0.3944076895713806,26.694406509399414,1570.7999999999997,FAR > 250 m,False,15
2178093705,0.3795095682144165,26.64250946044922,1540.5999999999997,FAR > 250 m,False,15
2178094101,2.3616011142730713,28.993600845336914,6730.6,FAR > 250 m,False,1
2178094102,2.343575954437256,29.00257682800293,6765.400000000001,FAR > 250 m,False,1
2178094103,2.3242290019989014,29.00322914123535,6790.6,FAR > 250 m,False,1
2178094104,2.302541494369507,29.00254249572754,6817.900000000001,FAR > 250 m,False,1
2178094201,3.3007233142852783,29.83672332763672,6441.099999999996,FAR > 250 m,False,1
2178094202,3.12669038772583,29.837690353393555,6470.799999999996,FAR > 250 m,False,1
2178094203,2.2772390842437744,29.003238677978516,6850.6,FAR > 250 m,False,1
2178094204,2.267453670501709,29.005455017089844,6866.5,FAR > 250 m,False,1
2178094301,3.311824321746826,29.835824966430664,6410.999999999995,FAR > 250 m,False,1
2178094701,0.4040276110172272,26.62702751159668,1510.6999999999996,FAR > 250 m,False,15
2178094801,0.42815855145454407,26.614158630371094,1480.6999999999996,FAR > 250 m,False,15
2178094802,0.44401830434799194,26.602018356323242,1450.3999999999996,FAR > 250 m,False,15
2178094803,0.4650930166244507,26.59209442138672,1420.5999999999997,FAR > 250 m,False,15
2178094804,0.4830681085586548,26.58306884765625,1390.5999999999997,FAR > 250 m,False,15
2178094901,0.48574310541152954,26.55874252319336,1360.0999999999997,FAR > 250 m,False,15
2178095201,2.255263566970825,29.00926399230957,6885.8,FAR > 250 m,False,1
2178095202,2.2631759643554688,29.014175415039062,6911.900000000001,FAR > 250 m,False,1
2178095203,3.10935378074646,29.838354110717773,6506.099999999996,FAR > 250 m,False,1
2178095204,3.094461679458618,29.83846092224121,6522.099999999996,FAR > 250 m,False,1
2178095205,3.102428913116455,29.838428497314453,6510.799999999996,FAR > 250 m,False,1
2178095206,2.16200590133667,29.0000057220459,6968.900000000001,FAR > 250 m,False,1
2178095901,0.4816232919692993,26.53362274169922,1329.3999999999996,FAR > 250 m,False,15
2178095902,0.4696434736251831,26.508642196655273,1301.1999999999996,FAR > 250 m,False,15
2178095903,0.4780997037887573,26.506099700927734,1283.8999999999996,FAR > 250 m,False,15
2178095904,0.47878602147102356,26.50078582763672,1270.4999999999995,FAR > 250 m,False,15
2178096201,2.0854694843292236,29.000471115112305,7019.400000000001,FAR > 250 m,False,1
2178096202,1.9878766536712646,28.980876922607422,7070.400000000001,FAR > 250 m,False,1
2178097101,1.8803123235702515,28.9763126373291,7138.1,FAR > 250 m,False,1
2178097102,1.788354516029358,28.966354370117188,7192.0,FAR > 250 m,False,1
2178098101,1.6343117952346802,28.953311920166016,7284.7,FAR > 250 m,False,1
2178098102,1.6686691045761108,28.954668045043945,7263.0,FAR > 250 m,False,1
2178098103,1.596773386001587,28.952774047851562,7311.099999999999,FAR > 250 m,False,1
2178099001,1.4690381288528442,28.951038360595703,7393.3,FAR > 250 m,False,1
2178099002,1.4219083786010742,28.964908599853516,7433.900000000001,FAR > 250 m,False,1
2178099101,1.5278806686401367,28.950881958007812,7354.7,FAR > 250 m,False,1
2178100701,2.5384676456451416,29.416467666625977,922.4999999999999,FAR > 250 m,False,12
2178100701!,2.232729434967041,29.110729217529297,922.4999999999999,FAR > 250 m,False,13
2178100702,2.1219770908355713,29.438976287841797,992.0999999999999,FAR > 250 m,False,12
2178100702!,1.8626761436462402,29.179676055908203,992.0999999999999,FAR > 250 m,False,13
2178100703,2.5317580699920654,29.42475700378418,943.1999999999999,FAR > 250 m,False,12
2178100703!,2.216177225112915,29.109176635742188,943.1999999999999,FAR > 250 m,False,13
2178100704,2.526937246322632,29.426937103271484,953.0999999999999,FAR > 250 m,False,12
2178100704!,2.219776153564453,29.119775772094727,953.0999999999999,FAR > 250 m,False,13
2178100705,2.1518805027008057,29.42888069152832,962.5999999999999,FAR > 250 m,False,12
2178100705!,1.837480068206787,29.11448097229004,962.5999999999999,FAR > 250 m,False,13
2178100706,1.765757441520691,29.792757034301758,1011.9999999999999,FAR > 250 m,False,12
2178100706!,1.2160099744796753,29.243009567260742,1011.9999999999999,FAR > 250 m,False,13
2178100707,1.5665961503982544,29.57259750366211,982.0999999999999,FAR > 250 m,False,12
2178100707!,1.1507368087768555,29.15673828125,982.0999999999999,FAR > 250 m,False,13
2178100708,2.151611089706421,29.434612274169922,973.3,FAR > 250 m,False,12
2178100708!,1.8452004194259644,29.12820053100586,973.3,FAR > 250 m,False,13
2178100709,2.135794162750244,29.43679428100586,1003.0999999999999,FAR > 250 m,False,12
2178100709!,1.8216921091079712,29.122692108154297,1003.0999999999999,FAR > 250 m,False,13
2178100801,2.090369701385498,29.4483699798584,1033.1999999999998,FAR > 250 m,False,12
2178100801!,1.8745520114898682,29.23255157470703,1033.1999999999998,FAR > 250 m,False,13
2178100802,2.025118589401245,30.073118209838867,1042.0,FAR > 250 m,False,12
2178100802!,1.264870524406433,29.312870025634766,1042.0,FAR > 250 m,False,13
2178100803,2.4699785709381104,30.558979034423828,1101.9,FAR > 250 m,False,12
2178100803!,1.3507943153381348,29.439794540405273,1101.9,FAR > 250 m,False,13
2178100804,2.2843177318573,30.352317810058594,1072.0,FAR > 250 m,False,12
2178100804!,1.34047532081604,29.408475875854492,1072.0,FAR > 250 m,False,13
2178100901,2.6363277435302734,30.746328353881836,1131.9,FAR > 250 m,False,12
2178100901!,1.373508334159851,29.483509063720703,1131.9,FAR > 250 m,False,13
2178100902,2.7303760051727295,30.919374465942383,1161.7,FAR > 250 m,False,12
2178100902!,1.2560919523239136,29.445091247558594,1161.7,FAR > 250 m,False,13
2178100903,2.8571724891662598,31.15517234802246,1221.7,FAR > 250 m,False,12
2178100903!,1.3203682899475098,29.61836814880371,1221.7,FAR > 250 m,False,13
2178100904,2.863121747970581,31.054121017456055,1191.7,FAR > 250 m,False,12
2178100904!,1.4342433214187622,29.625244140625,1191.7,FAR > 250 m,False,13
2178101701,2.1108579635620117,29.43785858154297,1033.3,FAR > 250 m,False,12
2178101701!,1.8071348667144775,29.13413429260254,1033.3,FAR > 250 m,False,13
2178101801,2.0947325229644775,29.442731857299805,1063.1,FAR > 250 m,False,12
2178101801!,1.7708845138549805,29.118885040283203,1063.1,FAR > 250 m,False,13
2178101802,2.075244903564453,29.448244094848633,1093.0,FAR > 250 m,False,12
2178101802!,1.7465540170669556,29.119552612304688,1093.0,FAR > 250 m,False,13
2178101803,2.0424320697784424,29.44643211364746,1123.1,FAR > 250 m,False,12
2178101803!,1.7341678142547607,29.138166427612305,1123.1,FAR > 250 m,False,13
2178101804,2.002891778945923,29.441890716552734,1153.3999999999999,FAR > 250 m,False,12
2178101804!,1.6811628341674805,29.120162963867188,1153.3999999999999,FAR > 250 m,False,13
2178102801,1.9753026962280273,29.43830108642578,1182.9999999999998,FAR > 250 m,False,12
2178102801!,1.6635472774505615,29.12654685974121,1182.9999999999998,FAR > 250 m,False,13
2178102901,1.9470694065093994,29.43606948852539,1213.0999999999997,FAR > 250 m,False,12
2178102901!,1.648568034172058,29.1375675201416,1213.0999999999997,FAR > 250 m,False,13
2178102902,1.878753900527954,29.439754486083984,1298.7999999999995,FAR > 250 m,False,12
2178102902!,1.5788280963897705,29.139829635620117,1298.7999999999995,FAR > 250 m,False,13
2178102903,1.8969478607177734,29.440948486328125,1268.6999999999996,FAR > 250 m,False,12
2178102903!,1.6005754470825195,29.144577026367188,1268.6999999999996,FAR > 250 m,False,13
2178102904,1.920889973640442,29.43889045715332,1240.0999999999997,FAR > 250 m,False,12
2178102904!,1.6149811744689941,29.132980346679688,1240.0999999999997,FAR > 250 m,False,13
2178105001,0.4502589702606201,26.46525764465332,1240.6999999999996,FAR > 250 m,False,15
2178105002,0.44594886898994446,26.44795036315918,1225.5999999999997,FAR > 250 m,False,15
2178105003,0.4379796087741852,26.430978775024414,1209.7999999999997,FAR > 250 m,False,15
2178106001,0.41541844606399536,26.400419235229492,1182.4999999999998,FAR > 250 m,False,15
2178106002,0.3609175682067871,26.338918685913086,1149.1999999999998,FAR > 250 m,False,15
2178106003,0.3153482675552368,26.281347274780273,1128.1999999999998,FAR > 250 m,False,15
2178106005,0.32104432582855225,26.27704429626465,1114.9999999999998,FAR > 250 m,False,15
2178106006,0.3135561943054199,26.269556045532227,1091.8999999999999,FAR > 250 m,False,15
2178107101,0.31316423416137695,26.260164260864258,1061.1,FAR > 250 m,False,15
2178107102,0.31150567531585693,26.250505447387695,1030.3,FAR > 250 m,False,15
2178107103,0.3101661205291748,26.24016571044922,998.2,FAR > 250 m,False,15
2178108101,0.3037661910057068,26.229766845703125,968.1,FAR > 250 m,False,15
2178108102,0.30235564708709717,26.2193546295166,939.0,FAR > 250 m,False,15
2178108103,0.30512699484825134,26.21312713623047,921.2,FAR > 250 m,False,15
2178108104,0.3035350739955902,26.199535369873047,883.2,FAR > 250 m,False,15
2178109001,0.29457029700279236,26.183570861816406,842.2,FAR > 250 m,False,15
2178109002,0.2903098464012146,26.17030906677246,810.5,FAR > 250 m,False,15
2178109101,0.28459829092025757,26.157596588134766,782.1,FAR > 250 m,False,15
2178109102,0.29038941860198975,26.154390335083008,774.2,FAR > 250 m,False,15
2178110001,2.8615994453430176,31.264598846435547,1251.3,FAR > 250 m,False,12
2178110001!,1.2692385911941528,29.672239303588867,1251.3,FAR > 250 m,False,13
2178110002,2.863844633102417,31.369844436645508,1280.5,FAR > 250 m,False,12
2178110002!,1.2082242965698242,29.71422576904297,1280.5,FAR > 250 m,False,13
2178110003,2.8938748836517334,31.50687599182129,1310.5,FAR > 250 m,False,12
2178110003!,1.117385745048523,29.73038673400879,1310.5,FAR > 250 m,False,13
2178110101,3.1786389350891113,32.090641021728516,1429.4,FAR > 250 m,False,12
2178110101!,1.1271439790725708,30.03914451599121,1429.4,FAR > 250 m,False,13
2178110102,3.1345372200012207,31.94153594970703,1399.4,FAR > 250 m,False,12
2178110102!,1.1215531826019287,29.928552627563477,1399.4,FAR > 250 m,False,13
2178110103,3.089320659637451,31.795320510864258,1370.4,FAR > 250 m,False,12
2178110103!,1.1285306215286255,29.834529876708984,1370.4,FAR > 250 m,False,13
2178110104,3.0039618015289307,31.624961853027344,1346.2,FAR > 250 m,False,12
2178110104!,1.1458451747894287,29.766845703125,1346.2,FAR > 250 m,False,13
2178110105,2.9642679691314697,31.58226776123047,1329.9,FAR > 250 m,False,12
2178110105!,1.1356374025344849,29.753637313842773,1329.9,FAR > 250 m,False,13
2178110201,2.2350711822509766,32.618072509765625,1554.0,FAR > 250 m,False,12
2178110201!,0.7274003624916077,31.11039924621582,1554.0,FAR > 250 m,False,13
2178110202,2.4657979011535645,32.49879837036133,1522.9,FAR > 250 m,False,12
2178110202!,0.6601536273956299,30.69315528869629,1522.9,FAR > 250 m,False,13
2178110203,3.2042722702026367,32.2182731628418,1458.4,FAR > 250 m,False,12
2178110203!,1.1214252710342407,30.135425567626953,1458.4,FAR > 250 m,False,13
2178110204,2.9514501094818115,32.38544845581055,1493.1000000000001,FAR > 250 m,False,12
2178110204!,0.8793688416481018,30.313369750976562,1493.1000000000001,FAR > 250 m,False,13
2178110301,2.1283771991729736,32.71137619018555,1591.2,FAR > 250 m,False,12
2178110301!,0.9946141242980957,31.577613830566406,1591.2,FAR > 250 m,False,13
2178110302,2.1061673164367676,32.84016799926758,1622.4,FAR > 250 m,False,12
2178110302!,0.9960964918136597,31.73009490966797,1622.4,FAR > 250 m,False,13
2178110303,1.9845999479293823,32.87159729003906,1654.1000000000001,FAR > 250 m,False,12
2178110303!,1.016711950302124,31.903711318969727,1654.1000000000001,FAR > 250 m,False,13
2178110304,1.5639806985855103,29.447980880737305,1719.8999999999996,FAR > 250 m,False,12
2178110304!,1.314651608467102,29.198652267456055,1719.8999999999996,FAR > 250 m,False,13
2178110401,1.7018529176712036,32.857852935791016,1683.9,FAR > 250 m,False,12
2178110401!,0.944861114025116,32.100860595703125,1683.9,FAR > 250 m,False,13
2178110402,1.4033162593841553,32.93931579589844,1713.9,FAR > 250 m,False,12
2178110402!,0.7497793436050415,32.2857780456543,1713.9,FAR > 250 m,False,13
2178110403,1.3162996768951416,33.125301361083984,1743.9,FAR > 250 m,False,12
2178110403!,0.6858135461807251,32.49481201171875,1743.9,FAR > 250 m,False,13
2178110501,1.0342960357666016,33.455299377441406,1772.7,FAR > 250 m,False,12
2178110501!,0.4582565426826477,32.87925720214844,1772.7,FAR > 250 m,False,13
2178110502,1.0302890539169312,33.838287353515625,1802.5,FAR > 250 m,False,12
2178110502!,0.5358070135116577,33.343807220458984,1802.5,FAR > 250 m,False,13
2178110801,5.9848432540893555,49.51484298706055,1609.0,FAR > 250 m,False,10
2178110901,6.3635663986206055,50.066566467285156,1648.9,FAR > 250 m,False,10
2178110902,6.581999778747559,50.6609992980957,1735.7,FAR > 250 m,False,10
2178110903,6.657193660736084,50.5591926574707,1694.9,FAR > 250 m,False,10
2178111101,1.783287525177002,29.446287155151367,1499.3999999999994,FAR > 250 m,False,12
2178111101!,1.4876588582992554,29.150659561157227,1499.3999999999994,FAR > 250 m,False,13
2178111102,1.7752610445022583,29.450260162353516,1511.7999999999995,FAR > 250 m,False,12
2178111102!,1.47525155544281,29.150251388549805,1511.7999999999995,FAR > 250 m,False,13
2178111103,1.7976813316345215,29.44668197631836,1472.0999999999995,FAR > 250 m,False,12
2178111103!,1.5039641857147217,29.152963638305664,1472.0999999999995,FAR > 250 m,False,13
2178111201,1.729708194732666,29.450708389282227,1557.5999999999995,FAR > 250 m,False,12
2178111201!,1.4431171417236328,29.16411781311035,1557.5999999999995,FAR > 250 m,False,13
2178111301,1.4904206991195679,29.450420379638672,1796.0999999999997,FAR > 250 m,False,12
2178111301!,1.241062879562378,29.201061248779297,1796.0999999999997,FAR > 250 m,False,13
2178111302,1.612614631652832,29.44061279296875,1663.6999999999996,FAR > 250 m,False,12
2178111302!,1.36770761013031,29.195707321166992,1663.6999999999996,FAR > 250 m,False,13
2178111303,1.629117727279663,29.44011878967285,1647.4999999999995,FAR > 250 m,False,12
2178111303!,1.3826197385787964,29.193620681762695,1647.4999999999995,FAR > 250 m,False,13
2178111501,1.4232795238494873,34.297279357910156,1832.5,FAR > 250 m,False,12
2178111501!,0.7731740474700928,33.64717483520508,1832.5,FAR > 250 m,False,13
2178111502,1.4364748001098633,34.37547302246094,1862.6,FAR > 250 m,False,12
2178111502!,0.8208771347999573,33.7598762512207,1862.6,FAR > 250 m,False,13
2178111503,1.4938405752182007,34.49884033203125,1892.5,FAR > 250 m,False,12
2178111503!,0.82888263463974,33.833885192871094,1892.5,FAR > 250 m,False,13
2178111504,1.6942821741104126,34.765281677246094,1922.5,FAR > 250 m,False,12
2178111504!,0.952601432800293,34.02360153198242,1922.5,FAR > 250 m,False,13
2178112001,1.8309019804000854,29.444902420043945,1419.3999999999994,FAR > 250 m,False,12
2178112001!,1.5211948156356812,29.135194778442383,1419.3999999999994,FAR > 250 m,False,13
2178112002,1.8478844165802002,29.443885803222656,1388.5999999999995,FAR > 250 m,False,12
2178112002!,1.5561659336090088,29.15216636657715,1388.5999999999995,FAR > 250 m,False,13
2178112003,1.8619239330291748,29.442922592163086,1358.7999999999995,FAR > 250 m,False,12
2178112003!,1.56147301197052,29.142473220825195,1358.7999999999995,FAR > 250 m,False,13
2178112004,1.8663681745529175,29.441368103027344,1328.6999999999996,FAR > 250 m,False,12
2178112004!,1.5729410648345947,29.14794158935547,1328.6999999999996,FAR > 250 m,False,13
2178112101,1.7881869077682495,29.447187423706055,1477.0999999999995,FAR > 250 m,False,12
2178112101!,1.4949264526367188,29.153926849365234,1477.0999999999995,FAR > 250 m,False,13
2178112102,1.8079187870025635,29.445919036865234,1450.1999999999994,FAR > 250 m,False,12
2178112102!,1.5066746473312378,29.14467430114746,1450.1999999999994,FAR > 250 m,False,13
2178112103,1.7720526456832886,29.44805335998535,1492.6999999999994,FAR > 250 m,False,12
2178112103!,1.4791680574417114,29.155168533325195,1492.6999999999994,FAR > 250 m,False,13
2178112104,1.7537257671356201,29.45272445678711,1538.1999999999994,FAR > 250 m,False,12
2178112104!,1.4600324630737305,29.15903091430664,1538.1999999999994,FAR > 250 m,False,13
2178112105,1.7353763580322266,29.454376220703125,1554.0999999999995,FAR > 250 m,False,12
2178112105!,1.4337893724441528,29.152790069580078,1554.0999999999995,FAR > 250 m,False,13
2178112106,1.7248201370239258,29.455821990966797,1569.4999999999995,FAR > 250 m,False,12
2178112106!,1.425788402557373,29.156789779663086,1569.4999999999995,FAR > 250 m,False,13
2178112401,1.4035035371780396,29.454504013061523,1886.9999999999998,FAR > 250 m,False,12
2178112401!,1.1574311256408691,29.208431243896484,1886.9999999999998,FAR > 250 m,False,13
2178112402,1.3334033489227295,29.455402374267578,1957.8999999999999,FAR > 250 m,False,12
2178112402!,1.092050313949585,29.21405029296875,1957.8999999999999,FAR > 250 m,False,13
2178112501,1.6526304483413696,34.788631439208984,1952.4,FAR > 250 m,False,12
2178112501!,0.9278302788734436,34.0638313293457,1952.4,FAR > 250 m,False,13
2178112502,1.7544389963150024,34.95643997192383,1982.4,FAR > 250 m,False,12
2178112502!,0.9847407937049866,34.18674087524414,1982.4,FAR > 250 m,False,13
2178112503,1.7981749773025513,35.0651741027832,2012.3000000000002,FAR > 250 m,False,12
2178112503!,1.0063945055007935,34.27339172363281,2012.3000000000002,FAR > 250 m,False,13
2178113101,1.7238749265670776,29.461875915527344,1598.8999999999996,FAR > 250 m,False,12
2178113101!,1.436292290687561,29.174293518066406,1598.8999999999996,FAR > 250 m,False,13
2178113102,1.710208535194397,29.460208892822266,1604.2999999999997,FAR > 250 m,False,12
2178113102!,1.4262291193008423,29.17622947692871,1604.2999999999997,FAR > 250 m,False,13
2178113103,1.699822187423706,29.46282196044922,1616.3999999999996,FAR > 250 m,False,12
2178113103!,1.4158798456192017,29.17888069152832,1616.3999999999996,FAR > 250 m,False,13
2178113501,1.8466994762420654,35.1796989440918,2042.5000000000002,FAR > 250 m,False,12
2178113501!,0.9966309666633606,34.32963180541992,2042.5000000000002,FAR > 250 m,False,13
2178113502,1.2157052755355835,29.44170570373535,2061.1,FAR > 250 m,False,12
2178113502!,0.9969246983528137,29.222925186157227,2061.1,FAR > 250 m,False,13
2178113503,1.875327229499817,35.27432632446289,2072.5,FAR > 250 m,False,12
2178113503!,0.9848544001579285,34.383853912353516,2072.5,FAR > 250 m,False,13
2178113504,1.900408148765564,35.364410400390625,2102.4,FAR > 250 m,False,12
2178113504!,0.981493353843689,34.44549560546875,2102.4,FAR > 250 m,False,13
2178113505,1.933079481124878,35.463077545166016,2132.5,FAR > 250 m,False,12
2178113505!,0.9747633934020996,34.5047607421875,2132.5,FAR > 250 m,False,13
2178114501,1.1275538206100464,29.434553146362305,2142.2999999999997,FAR > 250 m,False,12
2178114501!,0.9049504995346069,29.211950302124023,2142.2999999999997,FAR > 250 m,False,13
2178114502,1.0875670909881592,29.421566009521484,2169.2999999999997,FAR > 250 m,False,12
2178114502!,0.8770056962966919,29.21100616455078,2169.2999999999997,FAR > 250 m,False,13
2178114601,1.943064570426941,35.53806686401367,2162.4,FAR > 250 m,False,12
2178114601!,0.9521101713180542,34.54711151123047,2162.4,FAR > 250 m,False,13
2178114602,1.9285399913787842,35.58953857421875,2192.3,FAR > 250 m,False,12
2178114602!,0.9337303638458252,34.594730377197266,2192.3,FAR > 250 m,False,13
2178114603,1.97666335105896,35.70366287231445,2222.4,FAR > 250 m,False,12
2178114603!,0.9157872796058655,34.64278793334961,2222.4,FAR > 250 m,False,13
2178115601,2.0598137378692627,35.85181427001953,2252.4,FAR > 250 m,False,12
2178115601!,0.9197788834571838,34.7117805480957,2252.4,FAR > 250 m,False,13
2178115602,2.1548662185668945,35.97286605834961,2282.4,FAR > 250 m,False,12
2178115602!,0.960317850112915,34.7783203125,2282.4,FAR > 250 m,False,13
2178115603,2.316472053527832,36.16047286987305,2312.5,FAR > 250 m,False,12
2178115603!,1.0216877460479736,34.86568832397461,2312.5,FAR > 250 m,False,13
2178115604,2.3596527576446533,36.22865295410156,2342.5,FAR > 250 m,False,12
2178115604!,1.0650625228881836,34.93406295776367,2342.5,FAR > 250 m,False,13
2178115901,5.568675518035889,41.06867599487305,2799.2999999999997,FAR > 250 m,False,12
2178115901!,0.9246802926063538,36.424678802490234,2799.2999999999997,FAR > 250 m,False,13
2178115902,5.505823135375977,41.005821228027344,2791.3999999999996,FAR > 250 m,False,12
2178115902!,0.8912028670310974,36.39120101928711,2791.3999999999996,FAR > 250 m,False,13
2178116601,2.6236684322357178,36.51866912841797,2372.5,FAR > 250 m,False,12
2178116601!,1.1359120607376099,35.030914306640625,2372.5,FAR > 250 m,False,13
2178116602,2.9332902431488037,36.85429000854492,2402.6,FAR > 250 m,False,12
2178116602!,1.2484287023544312,35.169429779052734,2402.6,FAR > 250 m,False,13
2178116603,3.135662317276001,37.127662658691406,2427.7,FAR > 250 m,False,12
2178116603!,1.2522478103637695,35.24424743652344,2427.7,FAR > 250 m,False,13
2178116701,3.674187183380127,38.074188232421875,2511.7,FAR > 250 m,False,12
2178116701!,0.976002037525177,35.37600326538086,2511.7,FAR > 250 m,False,13
2178116702,3.2072832584381104,37.557281494140625,2465.7999999999997,FAR > 250 m,False,12
2178116702!,0.8640850782394409,35.21408462524414,2465.7999999999997,FAR > 250 m,False,13
2178116801,4.11843729019165,39.01844024658203,2595.7999999999997,FAR > 250 m,False,12
2178116801!,0.7441340088844299,35.644134521484375,2595.7999999999997,FAR > 250 m,False,13
2178116901,4.67413854598999,40.47413635253906,2728.4999999999995,FAR > 250 m,False,12
2178116901!,0.8747009634971619,36.18170166015625,2728.4999999999995,FAR > 250 m,False,13
2178116902,4.619440078735352,40.41944122314453,2722.8999999999996,FAR > 250 m,False,12
2178116902!,0.8720600008964539,36.16205978393555,2722.8999999999996,FAR > 250 m,False,13
2178116903,4.5456037521362305,39.89560317993164,2674.3999999999996,FAR > 250 m,False,12
2178116903!,0.8424081802368164,35.98340606689453,2674.3999999999996,FAR > 250 m,False,13
2178116904,4.4542717933654785,40.154273986816406,2697.9999999999995,FAR > 250 m,False,12
2178116904!,0.858676016330719,36.07267761230469,2697.9999999999995,FAR > 250 m,False,13
2178117601,2.9833590984344482,37.10536193847656,2462.6,FAR > 250 m,False,12
2178117601!,1.1222695112228394,35.24427032470703,2462.6,FAR > 250 m,False,13
2178117701,2.858020067214966,37.08502197265625,2492.4,FAR > 250 m,False,12
2178117701!,1.0172450542449951,35.24424743652344,2492.4,FAR > 250 m,False,13
2178117702,2.8144803047180176,37.05847930908203,2522.4,FAR > 250 m,False,12
2178117702!,1.0002710819244385,35.24427032470703,2522.4,FAR > 250 m,False,13
2178118701,2.6704494953155518,37.012447357177734,2552.5,FAR > 250 m,False,12
2178118701!,0.9023478031158447,35.244346618652344,2552.5,FAR > 250 m,False,13
2178118702,2.3418843746185303,36.983882904052734,2582.4,FAR > 250 m,False,12
2178118702!,0.6023223996162415,35.244319915771484,2582.4,FAR > 250 m,False,13
2178118703,2.163620710372925,37.009620666503906,2612.4,FAR > 250 m,False,12
2178118703!,0.39820578694343567,35.244205474853516,2612.4,FAR > 250 m,False,13
2178118704,1.9410345554351807,36.99003601074219,2642.3,FAR > 250 m,False,12
2178118704!,0.1954021453857422,35.24440002441406,2642.3,FAR > 250 m,False,13
2178119701,1.8217214345932007,37.03071975708008,2660.9,FAR > 250 m,False,12
2178119701!,0.03513720631599426,35.244136810302734,2660.9,FAR > 250 m,False,13
2178123901,6.332362174987793,44.039363861083984,1990.9999999999995,FAR > 250 m,False,14
2178123902,6.191056251525879,44.076053619384766,2020.9999999999995,FAR > 250 m,False,14
2178123903,6.042620658874512,44.10362243652344,2051.0999999999995,FAR > 250 m,False,14
2178124101,1.4872276782989502,44.18722915649414,3106.1,FAR > 250 m,False,12
2178124101!,0.2728850245475769,42.97288513183594,3106.1,FAR > 250 m,False,13
2178124201,1.095011830329895,44.695011138916016,3158.2000000000003,FAR > 250 m,False,12
2178124201!,0.0,43.599998474121094,3158.2000000000003,FAR > 250 m,False,13
2178124202,1.2107603549957275,44.310760498046875,3124.9,FAR > 250 m,False,12
2178124202!,0.24704286456108093,43.347042083740234,3124.9,FAR > 250 m,False,13
2178124801,5.583224773406982,44.18822479248047,2143.9999999999995,FAR > 250 m,False,14
2178124802,5.45343542098999,44.24043273925781,2171.0999999999995,FAR > 250 m,False,14
2178124901,5.891949653625488,44.13494873046875,2081.0999999999995,FAR > 250 m,False,14
2178124902,5.739166259765625,44.16416549682617,2113.3999999999996,FAR > 250 m,False,14
2178125001,3.980356454849243,41.58035659790039,2889.7,FAR > 250 m,False,12
2178125001!,1.1595999002456665,38.75959777832031,2889.7,FAR > 250 m,False,13
2178125002,3.9620425701141357,41.562042236328125,2885.7999999999997,FAR > 250 m,False,12
2178125002!,0.5398667454719543,38.13986587524414,2885.7999999999997,FAR > 250 m,False,13
2178125003,4.200888633728027,41.50088882446289,2874.4999999999995,FAR > 250 m,False,12
2178125003!,0.3751988410949707,37.67519760131836,2874.4999999999995,FAR > 250 m,False,13
2178125004,3.813025712966919,41.813026428222656,2945.7999999999997,FAR > 250 m,False,12
2178125004!,0.7738456726074219,38.77384567260742,2945.7999999999997,FAR > 250 m,False,13
2178125005,5.301884174346924,41.301883697509766,2839.3999999999996,FAR > 250 m,False,12
2178125005!,0.6213362216949463,36.621337890625,2839.3999999999996,FAR > 250 m,False,13
2178125101,1.8352688550949097,44.03527069091797,3076.7,FAR > 250 m,False,12
2178125101!,0.40977683663368225,42.609779357910156,3076.7,FAR > 250 m,False,13
2178125102,1.755807876586914,43.855804443359375,3053.2999999999997,FAR > 250 m,False,12
2178125102!,0.4004518985748291,42.500450134277344,3053.2999999999997,FAR > 250 m,False,13
2178125103,0.9000718593597412,43.00006866455078,3020.7,FAR > 250 m,False,12
2178125103!,0.18110713362693787,42.281105041503906,3020.7,FAR > 250 m,False,13
2178130401,3.2359087467193604,35.418907165527344,1389.4,FAR > 250 m,False,14
2178130402,2.890045404434204,35.43704605102539,1472.7,FAR > 250 m,False,14
2178130403,3.161207437515259,35.38821029663086,1428.0,FAR > 250 m,False,14
2178130404,3.3176708221435547,35.931671142578125,1463.6,FAR > 250 m,False,14
2178130405,3.2299509048461914,35.970951080322266,1478.3999999999999,FAR > 250 m,False,14
2178130406,3.159846305847168,35.97184753417969,1486.4999999999998,FAR > 250 m,False,14
2178130407,3.1963908672332764,36.059391021728516,1492.6,FAR > 250 m,False,14
2178130408,2.975329637527466,36.00632858276367,1511.2999999999997,FAR > 250 m,False,14
2178130501,2.072114944458008,36.94111633300781,1725.2,FAR > 250 m,False,14
2178130601,2.1106348037719727,36.4106330871582,1620.3,FAR > 250 m,False,14
2178130602,2.2800095081329346,36.60601043701172,1641.3999999999999,FAR > 250 m,False,14
2178130603,2.28198504447937,36.67798614501953,1650.3,FAR > 250 m,False,14
2178130604,2.2236392498016357,36.72563934326172,1662.8,FAR > 250 m,False,14
2178130605,2.121335029602051,36.7413330078125,1677.0,FAR > 250 m,False,14
2178130606,2.3352646827697754,36.99226760864258,1683.7,FAR > 250 m,False,14
2178130607,2.439620018005371,37.15061950683594,1691.7,FAR > 250 m,False,14
2178130608,2.051280975341797,36.89528274536133,1707.8,FAR > 250 m,False,14
2178130609,2.0926592350006104,37.01165771484375,1738.4,FAR > 250 m,False,14
2178130701,1.9372847080230713,36.58728790283203,1658.0,FAR > 250 m,False,14
2178130702,1.8494153022766113,36.72141647338867,1709.1000000000001,FAR > 250 m,False,14
2178130703,1.8361544609069824,36.74015426635742,1716.5000000000002,FAR > 250 m,False,14
2178130704,1.9158611297607422,36.61486053466797,1669.4,FAR > 250 m,False,14
2178130705,1.815866470336914,36.761863708496094,1726.2000000000003,FAR > 250 m,False,14
2178130706,1.901975393295288,36.654972076416016,1681.8000000000002,FAR > 250 m,False,14
2178130707,1.7817063331604004,36.76770782470703,1735.3000000000002,FAR > 250 m,False,14
2178130708,1.755490779876709,36.76948928833008,1741.8000000000002,FAR > 250 m,False,14
2178130709,1.6941373348236084,36.77813720703125,1757.8000000000002,FAR > 250 m,False,14
2178130710,1.6852314472198486,36.80923080444336,1767.2000000000003,FAR > 250 m,False,14
2178130711,1.594664216041565,36.81566619873047,1789.5000000000002,FAR > 250 m,False,14
2178130801,1.5261938571929932,36.826194763183594,1807.7000000000003,FAR > 250 m,False,14
2178130802,1.4696195125579834,36.83562088012695,1822.8000000000002,FAR > 250 m,False,14
2178130803,1.4255329370498657,36.85453414916992,1837.5000000000002,FAR > 250 m,False,14
2178131201,3.5564632415771484,37.69446563720703,1637.1,FAR > 250 m,False,14
2178131202,3.6297237873077393,38.03472137451172,1667.0,FAR > 250 m,False,14
2178131301,3.3708178997039795,36.491817474365234,1522.8999999999999,FAR > 250 m,False,14
2178131302,3.6105105876922607,36.991512298583984,1552.8999999999999,FAR > 250 m,False,14
2178131303,3.618227958679199,37.22222900390625,1578.1999999999998,FAR > 250 m,False,14
2178131304,3.570080518722534,37.441078186035156,1606.6999999999998,FAR > 250 m,False,14
2178131401,2.8937201499938965,36.010719299316406,1521.0999999999997,FAR > 250 m,False,14
2178131402,2.713599443435669,36.03559875488281,1544.3999999999996,FAR > 250 m,False,14
2178131403,2.395749807357788,36.08074951171875,1571.7999999999997,FAR > 250 m,False,14
2178131404,2.3744192123413086,36.089420318603516,1580.4999999999998,FAR > 250 m,False,14
2178131405,2.1702115535736084,36.12321090698242,1605.6999999999998,FAR > 250 m,False,14
2178131406,1.989963173866272,36.124961853027344,1620.2999999999997,FAR > 250 m,False,14
2178131601,2.024967908859253,36.973968505859375,1752.4,FAR > 250 m,False,14
2178131602,2.0189368724823,37.00093460083008,1768.0,FAR > 250 m,False,14
2178131603,1.9473950862884521,37.012393951416016,1775.4,FAR > 250 m,False,14
2178131604,1.6917688846588135,36.9997673034668,1797.2,FAR > 250 m,False,14
2178131605,1.5708454847335815,37.002845764160156,1823.5,FAR > 250 m,False,14
2178131606,1.6284362077713013,37.07443618774414,1839.0,FAR > 250 m,False,14
2178131607,1.661893606185913,37.138893127441406,1859.7,FAR > 250 m,False,14
2178131608,1.5231088399887085,37.21710968017578,1880.3,FAR > 250 m,False,14
2178131801,1.372023582458496,36.866024017333984,1852.4000000000003,FAR > 250 m,False,14
2178131802,1.3056621551513672,36.869659423828125,1868.5000000000002,FAR > 250 m,False,14
2178131803,1.2259788513183594,36.868980407714844,1886.8000000000002,FAR > 250 m,False,14
2178131804,1.2170275449752808,36.87102508544922,1896.9,FAR > 250 m,False,14
2178131805,1.151823878288269,36.87782669067383,1925.0,FAR > 250 m,False,14
2178131806,1.1429893970489502,36.878990173339844,1929.0,FAR > 250 m,False,14
2178131902,0.9453027248382568,36.88930130004883,1958.5,FAR > 250 m,False,14
2178132001,5.351739406585693,41.64173889160156,1877.0999999999997,FAR > 250 m,False,14
2178132101,4.472597122192383,39.68159484863281,1757.4999999999998,FAR > 250 m,False,14
2178132102,4.819386005401611,40.297386169433594,1786.6999999999998,FAR > 250 m,False,14
2178132103,4.969761848449707,40.71676254272461,1816.8999999999999,FAR > 250 m,False,14
2178132104,5.055757522583008,41.071754455566406,1846.9999999999998,FAR > 250 m,False,14
2178132201,3.798823595046997,38.47282409667969,1696.6,FAR > 250 m,False,14
2178132202,4.126120090484619,39.06812286376953,1727.3999999999999,FAR > 250 m,False,14
2178132401,1.9136463403701782,36.1396484375,1631.4999999999998,FAR > 250 m,False,14
2178132402,1.8615223169326782,36.15152359008789,1636.6999999999998,FAR > 250 m,False,14
2178132403,1.6933315992355347,36.15533447265625,1650.6999999999998,FAR > 250 m,False,14
2178132404,1.6725879907608032,36.151588439941406,1661.3999999999999,FAR > 250 m,False,14
2178132405,1.6561249494552612,36.14612579345703,1673.4999999999998,FAR > 250 m,False,14
2178132406,1.6392754316329956,36.14027404785156,1691.7999999999997,FAR > 250 m,False,14
2178132407,1.4635099172592163,36.154510498046875,1707.8999999999996,FAR > 250 m,False,14
2178132408,1.2263963222503662,36.169395446777344,1729.1999999999996,FAR > 250 m,False,14
2178132601,1.4708236455917358,37.22782516479492,1890.3999999999999,FAR > 250 m,False,14
2178132602,1.4967048168182373,37.264705657958984,1904.8999999999999,FAR > 250 m,False,14
2178132603,1.4982024431228638,37.30220413208008,1920.8999999999999,FAR > 250 m,False,14
2178132604,1.3750584125518799,37.30005645751953,1941.8,FAR > 250 m,False,14
2178132605,1.3138309717178345,37.28683090209961,1953.1,FAR > 250 m,False,14
2178132606,1.2894381284713745,37.32143783569336,1981.8,FAR > 250 m,False,14
2178132607,1.2727299928665161,37.36273193359375,2011.8,FAR > 250 m,False,14
2178132901,0.8448721766471863,36.91987228393555,1989.3,FAR > 250 m,False,14
2178132902,0.7236840724945068,36.94368362426758,2018.5,FAR > 250 m,False,14
2178132903,0.4842963218688965,36.937294006347656,2037.4,FAR > 250 m,False,14
2178132904,0.3630901277065277,36.95909118652344,2048.9,FAR > 250 m,False,14
2178132905,0.24957452714443207,36.986572265625,2068.5,FAR > 250 m,False,14
2178133001,6.188989639282227,42.84398651123047,1906.7999999999997,FAR > 250 m,False,14
2178133002,7.027289390563965,43.938289642333984,1934.3999999999996,FAR > 250 m,False,14
2178133003,6.4608306884765625,43.98283004760742,1960.8999999999996,FAR > 250 m,False,14
2178133601,1.2659310102462769,37.373931884765625,2020.5,FAR > 250 m,False,14
2178133602,1.2107489109039307,37.383750915527344,2041.9,FAR > 250 m,False,14
2178133701,1.1463543176651,37.411354064941406,2072.1,FAR > 250 m,False,14
2178133702,1.0784616470336914,37.43946075439453,2102.4,FAR > 250 m,False,14
2178133703,1.066785216331482,37.482784271240234,2120.0,FAR > 250 m,False,14
2178133704,0.8780359625816345,37.35203552246094,2124.2,FAR > 250 m,False,14
2178133705,0.9318758845329285,37.439876556396484,2130.0,FAR > 250 m,False,14
2178133706,0.638037383556366,37.40903854370117,2159.4,FAR > 250 m,False,14
2178133707,0.5239084362983704,37.421905517578125,2176.6,FAR > 250 m,False,14
2178133708,0.35714495182037354,37.400142669677734,2191.7999999999997,FAR > 250 m,False,14
2178134801,0.235082745552063,37.6370849609375,2221.2999999999997,FAR > 250 m,False,14
2178134802,0.14965267479419708,37.89165496826172,2252.2999999999997,FAR > 250 m,False,14
2178134803,0.19716876745224,37.94017028808594,2265.4999999999995,FAR > 250 m,False,14
2178134804,0.21213914453983307,37.956138610839844,2271.0999999999995,FAR > 250 m,False,14
2178134805,0.16620828211307526,38.115211486816406,2280.8999999999996,FAR > 250 m,False,14
2178134806,0.1937694549560547,38.23076629638672,2290.2999999999997,FAR > 250 m,False,14
2178134807,0.0,38.33700180053711,2311.4999999999995,FAR > 250 m,False,14
2178134808,0.0,38.40999984741211,2315.9999999999995,FAR > 250 m,False,14
2178134809,1.4479193687438965,40.13591766357422,0.0,NEAR <= 250 m,True,16
2178135403,1.6092298030853271,40.30923080444336,0.0,NEAR <= 250 m,True,17
2178135801,1.6417737007141113,40.69777297973633,51.6,NEAR <= 250 m,False,16
2178135802,1.7057902812957764,40.95178985595703,78.3,NEAR <= 250 m,False,16
2178135803,1.6801836490631104,41.150184631347656,109.8,NEAR <= 250 m,False,16
2178136401,2.173147439956665,41.37614822387695,57.1,NEAR <= 250 m,False,17
2178136402,2.764127254486084,42.02912521362305,96.30000000000001,NEAR <= 250 m,False,17
2178136403,2.826097249984741,42.107093811035156,106.50000000000001,NEAR <= 250 m,False,17
2178136404,2.8939428329467773,42.19294357299805,118.40000000000002,NEAR <= 250 m,False,17
2178136501,2.877509832382202,42.22951126098633,151.60000000000002,NEAR <= 250 m,False,17
2178136502,2.835052490234375,42.2420539855957,187.00000000000003,NEAR <= 250 m,False,17
2178136503,2.7813880443573,42.249385833740234,225.40000000000003,NEAR <= 250 m,False,17
2178136801,1.6104408502578735,41.541439056396484,174.7,NEAR <= 250 m,False,16
2178137601,2.7363691329956055,42.254371643066406,257.50000000000006,FAR > 250 m,False,17
2178137603,1.474474549293518,41.174476623535156,0.0,NEAR <= 250 m,True,16
2178137801,1.5802981853485107,42.09429931640625,191.3,NEAR <= 250 m,False,16
2178138601,4.705999851226807,46.432003021240234,160.1,NEAR <= 250 m,False,18
2178139601,6.173900127410889,48.67390060424805,262.0,FAR > 250 m,False,18
2178142101,3.035433053970337,40.93643569946289,29.8,NEAR <= 250 m,False,19
2178142102,3.1638786792755127,41.22587966918945,58.900000000000006,NEAR <= 250 m,False,19
2178142104,1.6478993892669678,39.3838996887207,0.0,NEAR <= 250 m,True,19
2178142201,3.6847128868103027,41.898712158203125,86.2,NEAR <= 250 m,False,19
2178142202,3.7887156009674072,42.097713470458984,94.10000000000001,NEAR <= 250 m,False,19
2178142203,4.4917778968811035,43.10778045654297,119.70000000000002,NEAR <= 250 m,False,19
2178142204,5.501660346984863,44.41065979003906,149.70000000000002,NEAR <= 250 m,False,19
2178143001,0.2784975469112396,37.71549606323242,0.0,NEAR <= 250 m,True,20
2178143002,0.29959601163864136,37.78859329223633,19.4,NEAR <= 250 m,False,20
2178143003,0.30560386180877686,37.84760284423828,26.5,NEAR <= 250 m,False,20
2178143201,6.048128128051758,45.16212463378906,178.8,NEAR <= 250 m,False,19
2178143301,6.684934139251709,46.00493240356445,209.70000000000002,NEAR <= 250 m,False,19
2178143302,7.900899887084961,47.39790344238281,240.00000000000003,NEAR <= 250 m,False,19
2178143303,9.411399841308594,49.00640106201172,270.6,FAR > 250 m,False,19
2178143401,17.597658157348633,57.20965576171875,299.1,FAR > 250 m,False,19
2178143402,23.27560043334961,62.93360137939453,329.0,FAR > 250 m,False,19
2178146205,1.5454177856445312,41.597415924072266,0.0,NEAR <= 250 m,True,16
2178146206,1.5836560726165771,41.76765441894531,18.5,NEAR <= 250 m,False,16
2178146207,1.6060317754745483,41.883033752441406,31.5,NEAR <= 250 m,False,16
2178146208,1.6429015398025513,42.167903900146484,66.2,NEAR <= 250 m,False,16
2178146209,1.623605728149414,41.986602783203125,43.6,NEAR <= 250 m,False,16
2178147001,2.7240734100341797,43.99507141113281,369.3,FAR > 250 m,False,16
2178147201,1.39498770236969,42.51198959350586,93.0,NEAR <= 250 m,False,16
2178147202,1.7596009969711304,43.29960250854492,111.7,NEAR <= 250 m,False,16
2178147203,2.1472060680389404,43.93620681762695,131.3,NEAR <= 250 m,False,16
2178147204,2.1240572929382324,44.197059631347656,153.70000000000002,NEAR <= 250 m,False,16
2178147301,2.108717918395996,44.55772018432617,183.4,NEAR <= 250 m,False,16
2178147302,2.1421329975128174,44.84413146972656,203.3,NEAR <= 250 m,False,16
2178147303,2.1383352279663086,44.9703369140625,213.60000000000002,NEAR <= 250 m,False,16
2178147304,2.084329128265381,45.020328521728516,221.70000000000002,NEAR <= 250 m,False,16
2178148201,2.9016833305358887,44.878684997558594,358.40000000000003,FAR > 250 m,False,16
2178148301,2.5878994464874268,45.09089660644531,234.70000000000002,NEAR <= 250 m,False,16
2178148401,3.9393677711486816,47.439369201660156,351.40000000000003,FAR > 250 m,False,16
2178148501,5.152763843536377,49.15276336669922,448.70000000000005,FAR > 250 m,False,16
2178148701,6.99446964263916,51.494468688964844,614.2,FAR > 250 m,False,16
2178148801,6.990200042724609,52.49020004272461,716.6,FAR > 250 m,False,16
2178149701,7.825160503387451,54.02516174316406,797.7,FAR > 250 m,False,16
2179090001,1.3623799085617065,28.962379455566406,7471.000000000001,FAR > 250 m,False,1
2179100101,0.2873876988887787,26.143388748168945,749.1,FAR > 250 m,False,15
2179100102,0.2848326861858368,26.129831314086914,719.1,FAR > 250 m,False,15
2179100103,0.2781216502189636,26.115121841430664,688.7,FAR > 250 m,False,15
2179100104,0.27379074692726135,26.099790573120117,658.8000000000001,FAR > 250 m,False,15
2179101101,0.2674524188041687,26.083452224731445,629.1,FAR > 250 m,False,15
2179101102,0.2602647542953491,26.065265655517578,598.7,FAR > 250 m,False,15
2179101103,0.24924175441265106,26.04524040222168,569.2,FAR > 250 m,False,15
2179102101,0.1994137018918991,25.981412887573242,508.1,FAR > 250 m,False,15
2179102102,0.19874948263168335,25.952749252319336,488.5,FAR > 250 m,False,15
2179102103,0.22031639516353607,25.94231605529785,478.0,FAR > 250 m,False,15
2179102201,0.22650347650051117,26.014503479003906,533.8000000000001,FAR > 250 m,False,15
2179102202,0.22028742730617523,25.911287307739258,448.1,FAR > 250 m,False,15
2179102203,0.20485904812812805,25.87285804748535,416.40000000000003,FAR > 250 m,False,15
2179102204,0.1992935836315155,25.832292556762695,387.1,FAR > 250 m,False,15
2179103201,0.1463019996881485,25.619300842285156,299.7,FAR > 250 m,False,15
2179103202,0.17248433828353882,25.616483688354492,294.5,FAR > 250 m,False,15
2179103203,0.15415309369564056,25.568153381347656,242.20000000000002,NEAR <= 250 m,False,15
2179103301,0.14464135468006134,25.74264144897461,352.90000000000003,FAR > 250 m,False,15
2179103302,0.14200693368911743,25.704008102416992,343.8,FAR > 250 m,False,15
2179103303,0.12693975865840912,25.660940170288086,336.0,FAR > 250 m,False,15
2179103305,0.12487974017858505,25.63088035583496,308.5,FAR > 250 m,False,15
2179104101,0.18717975914478302,25.458179473876953,150.0,NEAR <= 250 m,False,15
2179104102,0.16207848489284515,25.43307876586914,118.2,NEAR <= 250 m,False,15
2179104201,0.14438436925411224,25.531383514404297,212.9,NEAR <= 250 m,False,15
2179104202,0.13694171607494354,25.48394203186035,181.8,NEAR <= 250 m,False,15
2179105001,0.07078342884778976,25.225784301757812,0.0,NEAR <= 250 m,True,15
2179105101,0.15728133916854858,25.403282165527344,88.7,NEAR <= 250 m,False,15
2179105102,0.15944117307662964,25.371440887451172,57.5,NEAR <= 250 m,False,15
2179105103,0.1540324091911316,25.341032028198242,29.4,NEAR <= 250 m,False,15
2179105104,0.0,25.219999313354492,28.0,NEAR <= 250 m,False,21
2179105105,0.0,25.26099967956543,37.5,NEAR <= 250 m,False,21
2179105106,0.0,25.325000762939453,56.6,NEAR <= 250 m,False,21
2179106101,0.0,25.41200065612793,86.6,NEAR <= 250 m,False,21
2179106102,0.0,25.48900032043457,116.69999999999999,NEAR <= 250 m,False,21
2179106201,0.0,25.566999435424805,148.6,NEAR <= 250 m,False,21
2179106202,0.0,25.73699951171875,181.1,NEAR <= 250 m,False,21
2179106203,0.0,25.614999771118164,161.7,NEAR <= 250 m,False,21
2179106204,0.0,25.775999069213867,194.5,NEAR <= 250 m,False,21
2179106205,0.0,25.802000045776367,197.7,NEAR <= 250 m,False,21
2179106206,0.0,25.84600067138672,207.7,NEAR <= 250 m,False,21
2179106207,0.0,25.910999298095703,237.4,NEAR <= 250 m,False,21
2179106208,0.0,25.885000228881836,231.0,NEAR <= 250 m,False,21
2179106301,0.0,26.167999267578125,347.8,FAR > 250 m,False,21
2179106302,0.0,26.104000091552734,322.6,FAR > 250 m,False,21
2179106303,0.0,26.131999969482422,324.90000000000003,FAR > 250 m,False,21
2179106304,0.0,26.20199966430664,353.0,FAR > 250 m,False,21
2179106305,0.0,26.097000122070312,301.1,FAR > 250 m,False,21
2179106306,0.0,26.011999130249023,273.6,FAR > 250 m,False,21
2179106307,0.0,26.058000564575195,295.40000000000003,FAR > 250 m,False,21
2179106308,0.0,25.97100067138672,266.8,FAR > 250 m,False,21
2179106401,0.0,26.25200080871582,388.9,FAR > 250 m,False,21
2179106402,0.0,26.368999481201172,418.9,FAR > 250 m,False,21
2179106403,0.0,26.402999877929688,422.5,FAR > 250 m,False,21
2179106404,0.0,26.441999435424805,436.6,FAR > 250 m,False,21
2179106405,0.0,26.474000930786133,438.0,FAR > 250 m,False,21
2179111202,0.8974544405937195,29.444456100463867,37.1,NEAR <= 250 m,False,22
2179111203,0.979150116443634,29.378150939941406,31.0,NEAR <= 250 m,False,22
2179111204,0.9271973371505737,29.26119613647461,11.8,NEAR <= 250 m,False,22
2179111205,1.098460078239441,29.78845977783203,68.9,NEAR <= 250 m,False,22
2179111206,0.9269383549690247,29.22093963623047,0.0,NEAR <= 250 m,True,22
2179111301,1.0698425769805908,30.108842849731445,103.30000000000001,NEAR <= 250 m,False,22
2179111302,1.0539828538894653,30.025983810424805,90.60000000000001,NEAR <= 250 m,False,22
2179111303,1.0656328201293945,30.190631866455078,111.60000000000001,NEAR <= 250 m,False,22
2179111304,1.1189532279968262,29.96895408630371,85.80000000000001,NEAR <= 250 m,False,22
2179112301,1.1114364862442017,30.331436157226562,123.4,NEAR <= 250 m,False,22
2179112302,1.117673635482788,30.45367431640625,149.0,NEAR <= 250 m,False,22
2179112303,1.0054606199264526,30.488460540771484,158.6,NEAR <= 250 m,False,22
2179112304,1.0144511461257935,30.624452590942383,188.29999999999998,NEAR <= 250 m,False,22
2179112401,0.8799850940704346,30.669986724853516,193.29999999999998,NEAR <= 250 m,False,22
2179112402,0.9674977660179138,30.860496520996094,210.7,NEAR <= 250 m,False,22
2179112403,0.9192167520523071,30.88421630859375,214.7,NEAR <= 250 m,False,22
2179112404,0.9479628205299377,30.977964401245117,227.39999999999998,NEAR <= 250 m,False,22
2179112405,1.0004887580871582,31.157487869262695,249.29999999999998,NEAR <= 250 m,False,22
2179112406,1.0313706398010254,31.445369720458984,279.2,FAR > 250 m,False,22
2179112501,1.0767852067947388,31.732786178588867,308.8,FAR > 250 m,False,22
2179112502,0.9257444739341736,31.93974494934082,324.40000000000003,FAR > 250 m,False,22
2179112503,1.111489176750183,32.18449020385742,340.70000000000005,FAR > 250 m,False,22
2179112801,0.6655517220497131,36.56454849243164,766.6,FAR > 250 m,False,22
2179112802,0.8150011301040649,36.14900207519531,754.7,FAR > 250 m,False,22
2179112803,0.9581523537635803,37.10415267944336,785.9,FAR > 250 m,False,22
2179112804,0.7800484299659729,35.41604995727539,723.9000000000001,FAR > 250 m,False,22
2179112805,0.8297688961029053,34.98876953125,705.8000000000001,FAR > 250 m,False,22
2179112806,0.8924976587295532,34.833499908447266,695.7,FAR > 250 m,False,22
2179112901,1.2593902349472046,38.223392486572266,905.7999999999998,FAR > 250 m,False,22
2179112902,1.2269967794418335,38.09599685668945,890.8999999999999,FAR > 250 m,False,22
2179112903,1.1189488172531128,37.677947998046875,845.4999999999999,FAR > 250 m,False,22
2179112904,1.124178409576416,37.53717803955078,832.0999999999999,FAR > 250 m,False,22
2179112905,1.165676474571228,37.93767547607422,871.5999999999999,FAR > 250 m,False,22
2179112906,1.197698950767517,37.86069869995117,863.1999999999999,FAR > 250 m,False,22
2179112907,1.0933550596237183,37.41435241699219,819.3,FAR > 250 m,False,22
2179112908,1.1036111116409302,37.33761215209961,810.9,FAR > 250 m,False,22
2179113501,1.3607052564620972,32.591705322265625,402.6000000000001,FAR > 250 m,False,22
2179113502,1.1561757326126099,32.27017593383789,353.00000000000006,FAR > 250 m,False,22
2179113503,1.2575150728225708,32.595516204833984,414.50000000000006,FAR > 250 m,False,22
2179113504,1.2786290645599365,32.42062759399414,370.80000000000007,FAR > 250 m,False,22
2179113505,1.220798373222351,32.643798828125,432.20000000000005,FAR > 250 m,False,22
2179113601,1.2521520853042603,32.77815246582031,462.30000000000007,FAR > 250 m,False,22
2179113602,1.1423465013504028,32.843345642089844,492.70000000000005,FAR > 250 m,False,22
2179113603,1.1401216983795166,33.014122009277344,522.7,FAR > 250 m,False,22
2179113701,0.998772919178009,33.62077331542969,568.5000000000001,FAR > 250 m,False,22
2179113702,1.0792853832244873,33.79828643798828,584.0000000000001,FAR > 250 m,False,22
2179113703,1.0345399379730225,33.2375373840332,547.4000000000001,FAR > 250 m,False,22
2179113704,0.8562193512916565,33.323219299316406,552.4000000000001,FAR > 250 m,False,22
2179113705,1.00325608253479,34.339256286621094,649.9000000000001,FAR > 250 m,False,22
2179113706,1.2073355913162231,34.129337310791016,614.1000000000001,FAR > 250 m,False,22
2179113707,1.0785808563232422,34.31358337402344,643.3000000000001,FAR > 250 m,False,22
2179113708,1.1369655132293701,34.274967193603516,634.4000000000001,FAR > 250 m,False,22
2179113801,0.9803678393363953,34.557369232177734,665.6,FAR > 250 m,False,22
2179113802,0.898247480392456,34.37624740600586,655.2,FAR > 250 m,False,22
2179121001,1.171769380569458,39.01676940917969,1026.6999999999998,FAR > 250 m,False,22
2179121002,1.2184199094772339,38.976417541503906,1020.0999999999999,FAR > 250 m,False,22
2179121003,1.1627047061920166,39.22370529174805,1060.8999999999999,FAR > 250 m,False,22
2179121004,1.21416437625885,39.20216369628906,1056.8999999999999,FAR > 250 m,False,22
2179121005,1.2825384140014648,38.82353973388672,995.8,FAR > 250 m,False,22
2179121006,1.224108099937439,38.702110290527344,976.8,FAR > 250 m,False,22
2179121007,1.3136231899261475,38.66762161254883,967.5999999999999,FAR > 250 m,False,22
2179121101,0.9700468182563782,39.538047790527344,1108.1999999999998,FAR > 250 m,False,22
2179121102,1.1904444694519043,39.508445739746094,1103.3999999999999,FAR > 250 m,False,22
2179121103,1.114229679107666,39.77123260498047,1121.7999999999997,FAR > 250 m,False,22
2179121104,1.0725444555282593,39.89854431152344,1137.6999999999998,FAR > 250 m,False,22
2179121105,1.064969539642334,39.9289665222168,1142.1999999999998,FAR > 250 m,False,22
2179121106,1.1667920351028442,39.35379409790039,1079.1,FAR > 250 m,False,22
2179121107,1.1113172769546509,40.1483154296875,1167.7999999999997,FAR > 250 m,False,22
2179121108,1.1181529760360718,40.3941535949707,1197.7999999999997,FAR > 250 m,False,22
2179121201,1.1072704792022705,40.645267486572266,1220.4999999999998,FAR > 250 m,False,22
2179121202,1.0475986003875732,40.75559997558594,1227.6999999999998,FAR > 250 m,False,22
2179121801,1.0233688354492188,54.512367248535156,1935.3000000000006,FAR > 250 m,False,22
2179121802,1.0621006488800049,54.2671012878418,1920.9000000000005,FAR > 250 m,False,22
2179122001,1.268836498260498,38.5698356628418,950.4999999999999,FAR > 250 m,False,22
2179122002,1.3139325380325317,38.48393249511719,935.7999999999998,FAR > 250 m,False,22
2179122003,1.1983562707901,38.27235794067383,911.7999999999998,FAR > 250 m,False,22
2179122201,0.9959233403205872,41.60292053222656,1327.1,FAR > 250 m,False,22
2179122202,1.019564151763916,41.55156707763672,1320.3999999999999,FAR > 250 m,False,22
2179122203,1.129710078239441,41.539710998535156,1318.6,FAR > 250 m,False,22
2179122204,1.2007551193237305,41.116756439208984,1262.1999999999998,FAR > 250 m,False,22
2179122205,1.0421125888824463,41.357112884521484,1296.6999999999998,FAR > 250 m,False,22
2179122206,1.236875057220459,41.30887222290039,1287.6999999999998,FAR > 250 m,False,22
2179122207,1.1300525665283203,41.327049255371094,1291.6,FAR > 250 m,False,22
2179122301,1.0474933385849,41.987491607666016,1354.5,FAR > 250 m,False,22
2179122302,1.1206661462783813,42.185665130615234,1372.7,FAR > 250 m,False,22
2179122303,1.1284558773040771,41.88145446777344,1348.8,FAR > 250 m,False,22
2179122304,1.0250654220581055,42.27406692504883,1378.9,FAR > 250 m,False,22
2179122305,0.9746996164321899,42.586700439453125,1398.2,FAR > 250 m,False,22
2179122306,0.9164891242980957,42.75349044799805,1408.7,FAR > 250 m,False,22
2179122307,0.8565256595611572,43.01052474975586,1423.6000000000001,FAR > 250 m,False,22
2179122308,0.8333703279495239,43.208370208740234,1434.2,FAR > 250 m,False,22
2179122309,0.7912260293960571,43.26522445678711,1439.7,FAR > 250 m,False,22
2179122401,0.8065394163131714,43.91853713989258,1468.9,FAR > 250 m,False,22
2179122402,1.4624176025390625,45.48041915893555,1507.3000000000002,FAR > 250 m,False,22
2179122403,1.2411832809448242,44.86818313598633,1490.7000000000003,FAR > 250 m,False,22
2179122404,0.7044166326522827,44.162418365478516,1486.8000000000002,FAR > 250 m,False,22
2179122405,0.6127382516860962,44.209739685058594,1490.7000000000003,FAR > 250 m,False,22
2179122406,0.5830860137939453,44.297088623046875,1500.8000000000002,FAR > 250 m,False,22
2179122407,1.1171902418136597,44.9081916809082,1510.9,FAR > 250 m,False,22
2179122408,1.035050868988037,45.25605010986328,1545.7,FAR > 250 m,False,22
2179122501,1.6978317499160767,48.638832092285156,1660.0,FAR > 250 m,False,22
2179122502,1.3756426572799683,46.724639892578125,1558.4,FAR > 250 m,False,22
2179122503,1.225555419921875,46.82355499267578,1568.0,FAR > 250 m,False,22
2179122504,0.9186000227928162,47.058597564697266,1604.3,FAR > 250 m,False,22
2179122505,0.8413631916046143,47.09136199951172,1610.3,FAR > 250 m,False,22
2179122506,1.7335795164108276,48.121578216552734,1619.0,FAR > 250 m,False,22
2179122507,1.776749849319458,48.0777473449707,1614.5,FAR > 250 m,False,22
2179122601,2.3006949424743652,52.21769332885742,1792.9000000000003,FAR > 250 m,False,22
2179122602,1.8277848958969116,51.534786224365234,1782.7000000000003,FAR > 250 m,False,22
2179122603,1.1863772869110107,50.89337921142578,1770.3000000000002,FAR > 250 m,False,22
2179122604,0.9105880260467529,50.121585845947266,1756.7000000000003,FAR > 250 m,False,22
2179122605,1.0448904037475586,50.03889083862305,1752.4000000000003,FAR > 250 m,False,22
2179122606,1.5531160831451416,50.32511520385742,1738.0000000000002,FAR > 250 m,False,22
2179122607,1.7499921321868896,50.415992736816406,1732.6000000000001,FAR > 250 m,False,22
2179122608,1.2902787923812866,49.88227844238281,1726.9,FAR > 250 m,False,22
2179122701,0.9120081067085266,53.73300552368164,1904.5000000000005,FAR > 250 m,False,22
2179122702,0.9943850040435791,52.024383544921875,1854.5000000000005,FAR > 250 m,False,22
2179122703,1.0688276290893555,51.92683029174805,1844.0000000000005,FAR > 250 m,False,22
2179122704,1.5993983745574951,51.88639831542969,1809.1000000000004,FAR > 250 m,False,22
2179122801,0.8025811314582825,54.59858322143555,1956.4000000000005,FAR > 250 m,False,22
2179122802,0.6354365944862366,54.63543701171875,1961.9000000000005,FAR > 250 m,False,22
2179122803,0.7716390490531921,55.34864044189453,1987.3000000000006,FAR > 250 m,False,22
2179122804,0.6523564457893372,55.42935562133789,1992.1000000000006,FAR > 250 m,False,22
2179122805,0.6008890867233276,55.77588653564453,2007.6000000000006,FAR > 250 m,False,22
2179122901,0.48579299449920654,57.43079376220703,2075.4000000000005,FAR > 250 m,False,22
2179122902,0.3451768755912781,57.5291748046875,2084.6000000000004,FAR > 250 m,False,22
2179122903,0.3219127357006073,57.7589111328125,2095.2000000000003,FAR > 250 m,False,22
2179122904,0.293040931224823,57.985042572021484,2103.1000000000004,FAR > 250 m,False,22
2179122905,0.35900458693504333,58.12100601196289,2115.8,FAR > 250 m,False,22
2179122906,0.2319813072681427,58.3179817199707,2132.2000000000003,FAR > 250 m,False,22
2179123401,0.9794995188713074,45.563499450683594,1558.7,FAR > 250 m,False,22
2179123402,1.07334303855896,45.72834014892578,1571.1000000000001,FAR > 250 m,False,22
2179123403,1.203368902206421,46.064369201660156,1606.9,FAR > 250 m,False,22
2179123404,1.189578652381897,46.7045783996582,1628.3,FAR > 250 m,False,22
2179123405,1.0987602472305298,46.77375793457031,1639.3,FAR > 250 m,False,22
2179123406,0.6611149907112122,46.11211395263672,1617.2,FAR > 250 m,False,22
2179123501,1.1205904483795166,47.59859085083008,1718.8999999999999,FAR > 250 m,False,22
2179123502,1.2387641668319702,47.716766357421875,1726.9999999999998,FAR > 250 m,False,22
2179123503,1.1019880771636963,46.946990966796875,1659.3,FAR > 250 m,False,22
2179123504,1.1011227369308472,47.788124084472656,1735.2999999999997,FAR > 250 m,False,22
2179123505,1.0151417255401611,47.339141845703125,1703.8,FAR > 250 m,False,22
2179123506,1.00532865524292,46.98032760620117,1678.1,FAR > 250 m,False,22
2179123507,0.9600052237510681,47.222007751464844,1693.8,FAR > 250 m,False,22
2179123508,0.8499727249145508,47.04597091674805,1689.3999999999999,FAR > 250 m,False,22
2179123509,0.8828600645065308,46.95586013793945,1685.3,FAR > 250 m,False,22
2179123510,1.1747288703918457,47.948726654052734,1751.9999999999998,FAR > 250 m,False,22
2179123511,1.1127420663833618,48.02574157714844,1757.8999999999999,FAR > 250 m,False,22
2179123601,1.2350716590881348,48.24407196044922,1780.1,FAR > 250 m,False,22
2179123602,1.1201977729797363,48.29619598388672,1787.8999999999999,FAR > 250 m,False,22
2179123603,1.223639965057373,48.616641998291016,1805.8,FAR > 250 m,False,22
2179123604,1.1439863443374634,48.643985748291016,1807.8999999999999,FAR > 250 m,False,22
2179123605,1.1567715406417847,48.67277145385742,1808.9999999999998,FAR > 250 m,False,22
2179123606,1.0156186819076538,49.31361770629883,1864.8999999999996,FAR > 250 m,False,22
2179123607,0.8839712142944336,49.39697265625,1868.2999999999997,FAR > 250 m,False,22
2179123608,1.2974933385849,48.86449432373047,1825.8999999999999,FAR > 250 m,False,22
2179123609,0.8944777846336365,49.01947784423828,1845.5999999999997,FAR > 250 m,False,22
2179124601,1.0571882724761963,49.74018859863281,1878.0999999999997,FAR > 250 m,False,22
2179124602,1.1803094148635864,48.923309326171875,1838.9999999999998,FAR > 250 m,False,22
2179124603,1.0194870233535767,49.87748718261719,1889.9999999999998,FAR > 250 m,False,22
2179124604,1.0147812366485596,50.14678192138672,1911.6999999999998,FAR > 250 m,False,22
2179124605,1.0314394235610962,50.4034423828125,1931.9999999999998,FAR > 250 m,False,22
2179124701,0.9043936133384705,50.3903923034668,1934.3999999999999,FAR > 250 m,False,22
2179124702,1.3119926452636719,51.947994232177734,2016.7,FAR > 250 m,False,22
2179124703,0.7969269156455994,50.3779296875,1946.3,FAR > 250 m,False,22
2179124704,1.275649905204773,51.54465103149414,1986.4,FAR > 250 m,False,22
2179124705,1.2767599821090698,51.27075958251953,1970.9,FAR > 250 m,False,22
2179124706,0.7751680612564087,50.54716873168945,1955.5,FAR > 250 m,False,22
2179124801,0.9642603993415833,52.59526062011719,2057.6,FAR > 250 m,False,22
2179124802,0.926889181137085,53.030887603759766,2068.2,FAR > 250 m,False,22
2179124803,1.3025628328323364,52.22956085205078,2046.4,FAR > 250 m,False,22
2179124804,1.3366724252700806,54.173675537109375,2115.2999999999997,FAR > 250 m,False,22
2179124805,1.4662580490112305,53.795257568359375,2084.1,FAR > 250 m,False,22
2179124806,1.3768537044525146,53.89985275268555,2095.2,FAR > 250 m,False,22
2179124807,1.204330563545227,54.43333053588867,2134.8999999999996,FAR > 250 m,False,22
2179124808,1.147257685661316,54.54726028442383,2145.5999999999995,FAR > 250 m,False,22
2179124901,0.8567779064178467,55.69877624511719,2178.5999999999995,FAR > 250 m,False,22
2179124902,0.8683180212974548,56.28431701660156,2203.0999999999995,FAR > 250 m,False,22
2179124903,0.6501035690307617,57.092105865478516,2238.199999999999,FAR > 250 m,False,22
2179124904,0.7042058706283569,56.72620391845703,2232.499999999999,FAR > 250 m,False,22
2179124905,0.6439821124076843,56.368980407714844,2212.2999999999993,FAR > 250 m,False,22
2179130501,6.676407814025879,50.78540802001953,348.4,FAR > 250 m,False,18
2179130601,6.641401767730713,51.18840408325195,383.0,FAR > 250 m,False,18
2179130602,6.566800117492676,51.56679916381836,418.8,FAR > 250 m,False,18
2179132001,0.28224438428878784,58.70524597167969,2142.6000000000004,FAR > 250 m,False,22
2179132002,0.31931009888648987,59.19730758666992,2163.0000000000005,FAR > 250 m,False,22
2179132003,0.41275355219841003,59.55275344848633,2172.8000000000006,FAR > 250 m,False,22
2179132004,0.354184627532959,59.63818359375,2178.600000000001,FAR > 250 m,False,22
2179134001,0.998723566532135,61.86772155761719,2353.899999999999,FAR > 250 m,False,22
2179134002,1.020115852355957,62.194114685058594,2361.899999999999,FAR > 250 m,False,22
2179134003,0.9306821823120117,61.067684173583984,2335.2999999999993,FAR > 250 m,False,22
2179134004,0.916252613067627,60.6462516784668,2324.899999999999,FAR > 250 m,False,22
2179134005,0.8291970491409302,59.53319549560547,2298.099999999999,FAR > 250 m,False,22
2179134006,0.9650924801826477,57.987091064453125,2267.799999999999,FAR > 250 m,False,22
2179134101,0.385435551404953,63.50743865966797,2412.6999999999994,FAR > 250 m,False,22
2179134102,0.27123644948005676,62.82723617553711,2384.1999999999994,FAR > 250 m,False,22
2179134103,0.3040710389614105,63.851070404052734,2421.7999999999993,FAR > 250 m,False,22
2179134104,0.3066551089286804,64.55365753173828,2443.2999999999993,FAR > 250 m,False,22
2179134201,0.4671076536178589,65.12510681152344,2474.2999999999993,FAR > 250 m,False,22
2179134202,0.25702375173568726,66.81902313232422,2500.0999999999995,FAR > 250 m,False,22
2179135201,0.32979583740234375,67.55479431152344,2519.9999999999995,FAR > 250 m,False,22
2179135202,0.38128557801246643,67.93328857421875,2535.8999999999996,FAR > 250 m,False,22
2179135203,0.3826161324977875,68.41861724853516,2559.7,FAR > 250 m,False,22
2179135204,0.27191153168678284,70.13990783691406,2589.5,FAR > 250 m,False,22
2179135301,0.4535057842731476,70.57850646972656,2606.5,FAR > 250 m,False,22
2179135302,0.537857174873352,70.77385711669922,2619.3,FAR > 250 m,False,22
2179135303,0.6094627976417542,70.9744644165039,2649.1000000000004,FAR > 250 m,False,22
2179135304,0.4370042085647583,71.4010009765625,2679.1000000000004,FAR > 250 m,False,22
2179135305,0.3382461965084076,72.13424682617188,2708.5000000000005,FAR > 250 m,False,22
2179135306,0.3735275864601135,71.5875244140625,2688.9000000000005,FAR > 250 m,False,22
2179135401,0.28196603059768677,72.60696411132812,2718.0000000000005,FAR > 250 m,False,22
2179140701,7.837882041931152,55.03688430786133,892.0,FAR > 250 m,False,16
2179141601,7.955699920654297,55.9556999206543,1056.6,FAR > 250 m,False,16
2179141701,8.156210899353027,55.85421371459961,994.6,FAR > 250 m,False,16
