{"type": "FeatureCollection", "name": "hospitals", "features": [{"type": "Feature", "id": 18, "geometry": {"type": "Point", "coordinates": [72.96135335505578, 19.168225868404985]}, "properties": {"OBJECTID": 18, "NAME": "Saidhan Hospital ICCU And Eye Care_Test", "TYPE": 4, "SUBTYPE": "General", "LOCATION": "Ground Floor, Vidhata Apartment, V B Phadke Marg, Mulund East, Mumbai, 400081", "ELEVATOR_CONTACT_LIST": null, "ELEVATOR_INTERCOM": null, "WORKING_HRS": null, "EMPLOYEE_QTY": null, "EMPLOYEE_MALE": null, "EMPLOYEE_FEMALE": null, "EMPLOYEE_DIF_ABLE": null, "WORKING_HRS_STR": null, "WORKING_HRS_STP": null, "VISITORS_QTY": null, "VISITING_HRS_STR": null, "VISITING_HRS_STP": null, "VISITORS_QTY_2": null, "VISITING_HRS_STR_2": null, "VISITING_HRS_STP_2": null}}, {"type": "Feature", "id": 19, "geometry": {"type": "Point", "coordinates": [72.96218996617073, 19.17366955951695]}, "properties": {"OBJECTID": 19, "NAME": "Dr Sabnis Maternity And Nursing Home", "TYPE": 4, "SUBTYPE": "Maternity Home", "LOCATION": "Saurabh, V B Phadke Marg, Gavanpada, Mulund East, Mumbai, 400081", "ELEVATOR_CONTACT_LIST": "Yes", "ELEVATOR_INTERCOM": "No", "WORKING_HRS": null, "EMPLOYEE_QTY": 20, "EMPLOYEE_MALE": null, "EMPLOYEE_FEMALE": null, "EMPLOYEE_DIF_ABLE": null, "WORKING_HRS_STR": null, "WORKING_HRS_STP": null, "VISITORS_QTY": null, "VISITING_HRS_STR": null, "VISITING_HRS_STP": null, "VISITORS_QTY_2": null, "VISITING_HRS_STR_2": null, "VISITING_HRS_STP_2": null}}, {"type": "Feature", "id": 20, "geometry": {"type": "Point", "coordinates": [72.93202331148895, 19.169778610153674]}, "properties": {"OBJECTID": 20, "NAME": "Sai Siddhi Hospital", "TYPE": 4, "SUBTYPE": "General", "LOCATION": "E, 5-3, Highland Park, Jai Shahtri Nagar, Mulund West, Mumbai, 400082", "ELEVATOR_CONTACT_LIST": null, "ELEVATOR_INTERCOM": null, "WORKING_HRS": null, "EMPLOYEE_QTY": 15, "EMPLOYEE_MALE": null, "EMPLOYEE_FEMALE": null, "EMPLOYEE_DIF_ABLE": null, "WORKING_HRS_STR": null, "WORKING_HRS_STP": null, "VISITORS_QTY": null, "VISITING_HRS_STR": null, "VISITING_HRS_STP": null, "VISITORS_QTY_2": null, "VISITING_HRS_STR_2": null, "VISITING_HRS_STP_2": null}}, {"type": "Feature", "id": 21, "geometry": {"type": "Point", "coordinates": [72.95161631027098, 19.17554635359303]}, "properties": {"OBJECTID": 21, "NAME": "Ashwini Hospital And ICCU 1", "TYPE": 4, "SUBTYPE": "General", "LOCATION": "Lalan Bldg, 1st Floor, P K Road, Mulund (W)", "ELEVATOR_CONTACT_LIST": null, "ELEVATOR_INTERCOM": null, "WORKING_HRS": null, "EMPLOYEE_QTY": null, "EMPLOYEE_MALE": null, "EMPLOYEE_FEMALE": null, "EMPLOYEE_DIF_ABLE": null, "WORKING_HRS_STR": null, "WORKING_HRS_STP": null, "VISITORS_QTY": null, "VISITING_HRS_STR": null, "VISITING_HRS_STP": null, "VISITORS_QTY_2": null, "VISITING_HRS_STR_2": null, "VISITING_HRS_STP_2": null}}, {"type": "Feature", "id": 22, "geometry": {"type": "Point", "coordinates": [72.95087451391811, 19.17217817806207]}, "properties": {"OBJECTID": 22, "NAME": "Zen Hospital And Fertility Center Formerly known As Malini Hospital", "TYPE": 4, "SUBTYPE": "Maternity Home", "LOCATION": "Sanjeev, Dr Babasaheb Ambedkar Road, Next To Vijaya Bank, Mulund West, Mumbai, 400080", "ELEVATOR_CONTACT_LIST": "No", "ELEVATOR_INTERCOM": "Yes", "WORKING_HRS": null, "EMPLOYEE_QTY": 8, "EMPLOYEE_MALE": null, "EMPLOYEE_FEMALE": null, "EMPLOYEE_DIF_ABLE": null, "WORKING_HRS_STR": null, "WORKING_HRS_STP": null, "VISITORS_QTY": null, "VISITING_HRS_STR": null, "VISITING_HRS_STP": null, "VISITORS_QTY_2": null, "VISITING_HRS_STR_2": null, "VISITING_HRS_STP_2": null}}, {"type": "Feature", "id": 23, "geometry": {"type": "Point", "coordinates": [72.94503986826312, 19.168512876583073]}, "properties": {"OBJECTID": 23, "NAME": "Pooja Nursing Home 1", "TYPE": 4, "SUBTYPE": "Nursing Home", "LOCATION": "Shreeram Apartment, J N Road, Apna Bazar, Mulund West, Mumbai, 400080", "ELEVATOR_CONTACT_LIST": null, "ELEVATOR_INTERCOM": null, "WORKING_HRS": null, "EMPLOYEE_QTY": null, "EMPLOYEE_MALE": null, "EMPLOYEE_FEMALE": null, "EMPLOYEE_DIF_ABLE": null, "WORKING_HRS_STR": null, "WORKING_HRS_STP": null, "VISITORS_QTY": null, "VISITING_HRS_STR": null, "VISITING_HRS_STP": null, "VISITORS_QTY_2": null, "VISITING_HRS_STR_2": null, "VISITING_HRS_STP_2": null}}, {"type": "Feature", "id": 24, "geometry": {"type": "Point", "coordinates": [72.95480042666242, 19.173152282027683]}, "properties": {"OBJECTID": 24, "NAME": "Upasani Maternity And Surgical Nursing Home", "TYPE": 4, "SUBTYPE": "Maternity Home", "LOCATION": "Rashman Apartment, Near Bhaji Market, S L Road, Mulund West, Mumbai, 400080", "ELEVATOR_CONTACT_LIST": "Yes", "ELEVATOR_INTERCOM": "No", "WORKING_HRS": null, "EMPLOYEE_QTY": 22, "EMPLOYEE_MALE": null, "EMPLOYEE_FEMALE": null, "EMPLOYEE_DIF_ABLE": null, "WORKING_HRS_STR": null, "WORKING_HRS_STP": null, "VISITORS_QTY": null, "VISITING_HRS_STR": null, "VISITING_HRS_STP": null, "VISITORS_QTY_2": null, "VISITING_HRS_STR_2": null, "VISITING_HRS_STP_2": null}}, {"type": "Feature", "id": 25, "geometry": {"type": "Point", "coordinates": [72.93898645766441, 19.168305763026986]}, "properties": {"OBJECTID": 25, "NAME": "Shivaani Mother And Child Care Hospital", "TYPE": 4, "SUBTYPE": "Maternity Home", "LOCATION": "1st Floor, B Wing, Hallmark Commercial Complex, Vasant Oscar Layout, LBS Road, Mulund West, Mumbai, 400080", "ELEVATOR_CONTACT_LIST": null, "ELEVATOR_INTERCOM": null, "WORKING_HRS": null, "EMPLOYEE_QTY": null, "EMPLOYEE_MALE": null, "EMPLOYEE_FEMALE": null, "EMPLOYEE_DIF_ABLE": null, "WORKING_HRS_STR": null, "WORKING_HRS_STP": null, "VISITORS_QTY": null, "VISITING_HRS_STR": null, "VISITING_HRS_STP": null, "VISITORS_QTY_2": null, "VISITING_HRS_STR_2": null, "VISITING_HRS_STP_2": null}}, {"type": "Feature", "id": 26, "geometry": {"type": "Point", "coordinates": [72.94620662910756, 19.177751023282212]}, "properties": {"OBJECTID": 26, "NAME": "Smt M T Agarwal Muncipal General Hospital, Mulund West 2", "TYPE": 1, "SUBTYPE": "General", "LOCATION": "Main Hospital Building, Near E S I S Hospital, Dr R P Road, Mulund West, Mumbai, 400080", "ELEVATOR_CONTACT_LIST": null, "ELEVATOR_INTERCOM": null, "WORKING_HRS": "Yes", "EMPLOYEE_QTY": null, "EMPLOYEE_MALE": null, "EMPLOYEE_FEMALE": null, "EMPLOYEE_DIF_ABLE": null, "WORKING_HRS_STR": null, "WORKING_HRS_STP": null, "VISITORS_QTY": null, "VISITING_HRS_STR": null, "VISITING_HRS_STP": null, "VISITORS_QTY_2": null, "VISITING_HRS_STR_2": null, "VISITING_HRS_STP_2": null}}, {"type": "Feature", "id": 27, "geometry": {"type": "Point", "coordinates": [72.95833600809115, 19.169605275343482]}, "properties": {"OBJECTID": 27, "NAME": "Maruti Nursing Home 1", "TYPE": 4, "SUBTYPE": "Maternity Home", "LOCATION": "1st Floor, Girnar Society, Ghokhle Raod, Near Hanuman Chowk, Mulund East, Mumbai, 400081", "ELEVATOR_CONTACT_LIST": "No", "ELEVATOR_INTERCOM": "Yes", "WORKING_HRS": null, "EMPLOYEE_QTY": 18, "EMPLOYEE_MALE": null, "EMPLOYEE_FEMALE": null, "EMPLOYEE_DIF_ABLE": null, "WORKING_HRS_STR": null, "WORKING_HRS_STP": null, "VISITORS_QTY": null, "VISITING_HRS_STR": null, "VISITING_HRS_STP": null, "VISITORS_QTY_2": null, "VISITING_HRS_STR_2": null, "VISITING_HRS_STP_2": null}}, {"type": "Feature", "id": 28, "geometry": {"type": "Point", "coordinates": [72.95774281018235, 19.17137538942401]}, "properties": {"OBJECTID": 28, "NAME": "Shushrusha Hospital And ICU", "TYPE": 4, "SUBTYPE": "General", "LOCATION": "Shreenath Plaza, L T Marg, Near Aditya Medical & General Store, Mulund East, Mumbai, 400081", "ELEVATOR_CONTACT_LIST": "No", "ELEVATOR_INTERCOM": "No", "WORKING_HRS": null, "EMPLOYEE_QTY": 18, "EMPLOYEE_MALE": null, "EMPLOYEE_FEMALE": null, "EMPLOYEE_DIF_ABLE": null, "WORKING_HRS_STR": null, "WORKING_HRS_STP": null, "VISITORS_QTY": null, "VISITING_HRS_STR": null, "VISITING_HRS_STP": null, "VISITORS_QTY_2": null, "VISITING_HRS_STR_2": null, "VISITING_HRS_STP_2": null}}, {"type": "Feature", "id": 29, "geometry": {"type": "Point", "coordinates": [72.95042741963677, 19.171353222037588]}, "properties": {"OBJECTID": 29, "NAME": "Shraddha Polyclnic And Nursing Home", "TYPE": 1, "SUBTYPE": "Health Post", "LOCATION": "Smruti Mandir, Ganesh Gavde Road, Near Pitruchaya General Store, Mulund West, Mumbai, 400080", "ELEVATOR_CONTACT_LIST": "No", "ELEVATOR_INTERCOM": "Yes", "WORKING_HRS": null, "EMPLOYEE_QTY": 68, "EMPLOYEE_MALE": null, "EMPLOYEE_FEMALE": null, "EMPLOYEE_DIF_ABLE": null, "WORKING_HRS_STR": null, "WORKING_HRS_STP": null, "VISITORS_QTY": null, "VISITING_HRS_STR": null, "VISITING_HRS_STP": null, "VISITORS_QTY_2": null, "VISITING_HRS_STR_2": null, "VISITING_HRS_STP_2": null}}, {"type": "Feature", "id": 31, "geometry": {"type": "Point", "coordinates": [72.94249646388032, 19.18100793807166]}, "properties": {"OBJECTID": 31, "NAME": "Apex Hospital, Mulund", "TYPE": 1, "SUBTYPE": "Maternity Home", "LOCATION": "Apex Hospitals Mulund, Tulsi Pipe Line Road, Near Veena Nagar, Tulsi Pipe Line Road, Mulund West, Mumbai, 400080", "ELEVATOR_CONTACT_LIST": "Yes", "ELEVATOR_INTERCOM": "No", "WORKING_HRS": null, "EMPLOYEE_QTY": 13, "EMPLOYEE_MALE": null, "EMPLOYEE_FEMALE": null, "EMPLOYEE_DIF_ABLE": null, "WORKING_HRS_STR": null, "WORKING_HRS_STP": null, "VISITORS_QTY": null, "VISITING_HRS_STR": null, "VISITING_HRS_STP": null, "VISITORS_QTY_2": null, "VISITING_HRS_STR_2": null, "VISITING_HRS_STP_2": null}}, {"type": "Feature", "id": 32, "geometry": {"type": "Point", "coordinates": [72.95033354291317, 19.170946601320928]}, "properties": {"OBJECTID": 32, "NAME": "Shree Pragati FoundationS Hira Mongi Navneet Hospital", "TYPE": 4, "SUBTYPE": "General", "LOCATION": "Shree Pragati Foundations Hira Mongi Navneet Hospital, Valji Ladha Road, Near Achija Hotel, Mulund West, Mumbai, 400080", "ELEVATOR_CONTACT_LIST": null, "ELEVATOR_INTERCOM": null, "WORKING_HRS": null, "EMPLOYEE_QTY": null, "EMPLOYEE_MALE": null, "EMPLOYEE_FEMALE": null, "EMPLOYEE_DIF_ABLE": null, "WORKING_HRS_STR": null, "WORKING_HRS_STP": null, "VISITORS_QTY": null, "VISITING_HRS_STR": null, "VISITING_HRS_STP": null, "VISITORS_QTY_2": null, "VISITING_HRS_STR_2": null, "VISITING_HRS_STP_2": null}}, {"type": "Feature", "id": 33, "geometry": {"type": "Point", "coordinates": [72.9569522290069, 19.17539783432818]}, "properties": {"OBJECTID": 33, "NAME": "Meher Ambe Nursing Home", "TYPE": 4, "SUBTYPE": "Nursing Home", "LOCATION": "Rajsneha Apartment, S N Road, Opp Ration Office, Near Tambe Nagar, Mumbai, 400080", "ELEVATOR_CONTACT_LIST": "Yes", "ELEVATOR_INTERCOM": "No", "WORKING_HRS": null, "EMPLOYEE_QTY": 21, "EMPLOYEE_MALE": null, "EMPLOYEE_FEMALE": null, "EMPLOYEE_DIF_ABLE": null, "WORKING_HRS_STR": null, "WORKING_HRS_STP": null, "VISITORS_QTY": null, "VISITING_HRS_STR": null, "VISITING_HRS_STP": null, "VISITORS_QTY_2": null, "VISITING_HRS_STR_2": null, "VISITING_HRS_STP_2": null}}, {"type": "Feature", "id": 34, "geometry": {"type": "Point", "coordinates": [72.96048168146102, 19.171647101606045]}, "properties": {"OBJECTID": 34, "NAME": "Veer Savarkar Mun General Hospital, Mulund (East)", "TYPE": 1, "SUBTYPE": "General", "LOCATION": "Veer Savarkar Mun Gen Hospital , Mahatma Phule Road, Opposite C D Deshmukh Garden, Mahatma Phule Road, Mulund East, Mumbai, 400081", "ELEVATOR_CONTACT_LIST": null, "ELEVATOR_INTERCOM": null, "WORKING_HRS": null, "EMPLOYEE_QTY": null, "EMPLOYEE_MALE": null, "EMPLOYEE_FEMALE": null, "EMPLOYEE_DIF_ABLE": null, "WORKING_HRS_STR": null, "WORKING_HRS_STP": null, "VISITORS_QTY": null, "VISITING_HRS_STR": null, "VISITING_HRS_STP": null, "VISITORS_QTY_2": null, "VISITING_HRS_STR_2": null, "VISITING_HRS_STP_2": null}}, {"type": "Feature", "id": 35, "geometry": {"type": "Point", "coordinates": [72.86737200013081, 19.118458999763067]}, "properties": {"OBJECTID": 35, "NAME": "ESIC Hospitals", "TYPE": 2, "SUBTYPE": "General", "LOCATION": "MIDC Near Tunga International hotel, Andheri East, Mumbai - 400093.", "ELEVATOR_CONTACT_LIST": null, "ELEVATOR_INTERCOM": null, "WORKING_HRS": "Yes", "EMPLOYEE_QTY": 360, "EMPLOYEE_MALE": null, "EMPLOYEE_FEMALE": null, "EMPLOYEE_DIF_ABLE": null, "WORKING_HRS_STR": null, "WORKING_HRS_STP": null, "VISITORS_QTY": null, "VISITING_HRS_STR": null, "VISITING_HRS_STP": null, "VISITORS_QTY_2": null, "VISITING_HRS_STR_2": null, "VISITING_HRS_STP_2": null}}, {"type": "Feature", "id": 36, "geometry": {"type": "Point", "coordinates": [72.84016938351407, 19.03202168412933]}, "properties": {"OBJECTID": 36, "NAME": "Gitanjali D Belekar Nursing Home", "TYPE": 4, "SUBTYPE": "Nursing Home", "LOCATION": "1, Ground Floor, No. 64, Trimurti, Shivaji Park, Keluskar Road, Dadar West, Mumbai - 400028.", "ELEVATOR_CONTACT_LIST": null, "ELEVATOR_INTERCOM": null, "WORKING_HRS": null, "EMPLOYEE_QTY": null, "EMPLOYEE_MALE": null, "EMPLOYEE_FEMALE": null, "EMPLOYEE_DIF_ABLE": null, "WORKING_HRS_STR": null, "WORKING_HRS_STP": null, "VISITORS_QTY": null, "VISITING_HRS_STR": null, "VISITING_HRS_STP": null, "VISITORS_QTY_2": null, "VISITING_HRS_STR_2": null, "VISITING_HRS_STP_2": null}}, {"type": "Feature", "id": 37, "geometry": {"type": "Point", "coordinates": [72.94205374997615, 19.16212906909937]}, "properties": {"OBJECTID": 37, "NAME": "Fortis Hospital", "TYPE": 4, "SUBTYPE": "General", "LOCATION": "Mulund Goregaon Link Road, Mulund West, Mumbai - 400078.", "ELEVATOR_CONTACT_LIST": null, "ELEVATOR_INTERCOM": null, "WORKING_HRS": null, "EMPLOYEE_QTY": null, "EMPLOYEE_MALE": null, "EMPLOYEE_FEMALE": null, "EMPLOYEE_DIF_ABLE": null, "WORKING_HRS_STR": null, "WORKING_HRS_STP": null, "VISITORS_QTY": null, "VISITING_HRS_STR": null, "VISITING_HRS_STP": null, "VISITORS_QTY_2": null, "VISITING_HRS_STR_2": null, "VISITING_HRS_STP_2": null}}, {"type": "Feature", "id": 38, "geometry": {"type": "Point", "coordinates": [72.84517227799233, 19.14597703753564]}, "properties": {"OBJECTID": 38, "NAME": "Oshiwara Municipal Maternity Home / Dispensary & Health Post", "TYPE": 1, "SUBTYPE": "Maternity Home", "LOCATION": "Ajit Glass Lane, Near Oshiwara Dumping Ground, Amrut Nagar, Jogeshwari West, Mumbai - 400102.", "ELEVATOR_CONTACT_LIST": null, "ELEVATOR_INTERCOM": null, "WORKING_HRS": null, "EMPLOYEE_QTY": 36, "EMPLOYEE_MALE": null, "EMPLOYEE_FEMALE": null, "EMPLOYEE_DIF_ABLE": null, "WORKING_HRS_STR": null, "WORKING_HRS_STP": null, "VISITORS_QTY": null, "VISITING_HRS_STR": null, "VISITING_HRS_STP": null, "VISITORS_QTY_2": null, "VISITING_HRS_STR_2": null, "VISITING_HRS_STP_2": null}}, {"type": "Feature", "id": 39, "geometry": {"type": "Point", "coordinates": [72.81537504670733, 18.90024534903684]}, "properties": {"OBJECTID": 39, "NAME": "INS Ashwini (Defence) Hospital", "TYPE": 3, "SUBTYPE": "Speciality", "LOCATION": "Afghan Church Navy Nagar, Colaba, Mumbai- 400005", "ELEVATOR_CONTACT_LIST": null, "ELEVATOR_INTERCOM": null, "WORKING_HRS": null, "EMPLOYEE_QTY": null, "EMPLOYEE_MALE": null, "EMPLOYEE_FEMALE": null, "EMPLOYEE_DIF_ABLE": null, "WORKING_HRS_STR": null, "WORKING_HRS_STP": null, "VISITORS_QTY": null, "VISITING_HRS_STR": null, "VISITING_HRS_STP": null, "VISITORS_QTY_2": null, "VISITING_HRS_STR_2": null, "VISITING_HRS_STP_2": null}}, {"type": "Feature", "id": 41, "geometry": {"type": "Point", "coordinates": [72.84696598826983, 19.103288570552476]}, "properties": {"OBJECTID": 41, "NAME": "Karbhari Nursing Home", "TYPE": 4, "SUBTYPE": "Nursing Home", "LOCATION": "50, 1st Floor, Shiv Prasad Building, Hanuman Road, Vile Parle East, Mumbai - 400057.", "ELEVATOR_CONTACT_LIST": null, "ELEVATOR_INTERCOM": null, "WORKING_HRS": null, "EMPLOYEE_QTY": null, "EMPLOYEE_MALE": null, "EMPLOYEE_FEMALE": null, "EMPLOYEE_DIF_ABLE": null, "WORKING_HRS_STR": null, "WORKING_HRS_STP": null, "VISITORS_QTY": null, "VISITING_HRS_STR": null, "VISITING_HRS_STP": null, "VISITORS_QTY_2": null, "VISITING_HRS_STR_2": null, "VISITING_HRS_STP_2": null}}, {"type": "Feature", "id": 42, "geometry": {"type": "Point", "coordinates": [72.85205182015211, 19.105455973342863]}, "properties": {"OBJECTID": 42, "NAME": "Shirodkar Hospital", "TYPE": 1, "SUBTYPE": "General", "LOCATION": "Hanuman Cross Rd 2, Vile Parle East, Mumbai.", "ELEVATOR_CONTACT_LIST": null, "ELEVATOR_INTERCOM": null, "WORKING_HRS": null, "EMPLOYEE_QTY": null, "EMPLOYEE_MALE": null, "EMPLOYEE_FEMALE": null, "EMPLOYEE_DIF_ABLE": null, "WORKING_HRS_STR": null, "WORKING_HRS_STP": null, "VISITORS_QTY": null, "VISITING_HRS_STR": null, "VISITING_HRS_STP": null, "VISITORS_QTY_2": null, "VISITING_HRS_STR_2": null, "VISITING_HRS_STP_2": null}}, {"type": "Feature", "id": 43, "geometry": {"type": "Point", "coordinates": [72.80991399965026, 18.97169700003791]}, "properties": {"OBJECTID": 43, "NAME": "Jaslok Hospital & Research Centre", "TYPE": 4, "SUBTYPE": "General", "LOCATION": "Dr. G Deshmukh Marg, Pedder Road, Mumbai - 400026", "ELEVATOR_CONTACT_LIST": null, "ELEVATOR_INTERCOM": null, "WORKING_HRS": "Yes", "EMPLOYEE_QTY": null, "EMPLOYEE_MALE": null, "EMPLOYEE_FEMALE": null, "EMPLOYEE_DIF_ABLE": null, "WORKING_HRS_STR": null, "WORKING_HRS_STP": null, "VISITORS_QTY": null, "VISITING_HRS_STR": null, "VISITING_HRS_STP": null, "VISITORS_QTY_2": null, "VISITING_HRS_STR_2": null, "VISITING_HRS_STP_2": null}}, {"type": "Feature", "id": 44, "geometry": {"type": "Point", "coordinates": [72.80424741342577, 18.972573396071898]}, "properties": {"OBJECTID": 44, "NAME": "Breach Candy Hospital", "TYPE": 4, "SUBTYPE": "Speciality", "LOCATION": "60 A, Bhulabhai Desai Road, Mumbai - 400026.", "ELEVATOR_CONTACT_LIST": "Yes", "ELEVATOR_INTERCOM": "Yes", "WORKING_HRS": null, "EMPLOYEE_QTY": null, "EMPLOYEE_MALE": null, "EMPLOYEE_FEMALE": null, "EMPLOYEE_DIF_ABLE": null, "WORKING_HRS_STR": null, "WORKING_HRS_STP": null, "VISITORS_QTY": null, "VISITING_HRS_STR": null, "VISITING_HRS_STP": null, "VISITORS_QTY_2": null, "VISITING_HRS_STR_2": null, "VISITING_HRS_STP_2": null}}, {"type": "Feature", "id": 45, "geometry": {"type": "Point", "coordinates": [72.79541800010975, 18.94861200017362]}, "properties": {"OBJECTID": 45, "NAME": "Saint Elizabeth Hospital", "TYPE": 4, "SUBTYPE": "General", "LOCATION": "J. Mehta Marg, Near Dongarsee Road BMC Garden, Malabar Hill, Mumbai - 400006.", "ELEVATOR_CONTACT_LIST": null, "ELEVATOR_INTERCOM": null, "WORKING_HRS": null, "EMPLOYEE_QTY": null, "EMPLOYEE_MALE": null, "EMPLOYEE_FEMALE": null, "EMPLOYEE_DIF_ABLE": null, "WORKING_HRS_STR": null, "WORKING_HRS_STP": null, "VISITORS_QTY": null, "VISITING_HRS_STR": null, "VISITING_HRS_STP": null, "VISITORS_QTY_2": null, "VISITING_HRS_STR_2": null, "VISITING_HRS_STP_2": null}}, {"type": "Feature", "id": 47, "geometry": {"type": "Point", "coordinates": [72.82109179533425, 18.954687287169605]}, "properties": {"OBJECTID": 47, "NAME": "Conwest & Manjula S. Badani Jain Hospital", "TYPE": 4, "SUBTYPE": "Speciality", "LOCATION": "8/10, S.V. Somani Path, Nikadwari Ln, Charni Road East, Kandawadi, Girgaon, Mumbai - 400004.", "ELEVATOR_CONTACT_LIST": null, "ELEVATOR_INTERCOM": null, "WORKING_HRS": null, "EMPLOYEE_QTY": 268, "EMPLOYEE_MALE": null, "EMPLOYEE_FEMALE": null, "EMPLOYEE_DIF_ABLE": null, "WORKING_HRS_STR": null, "WORKING_HRS_STP": null, "VISITORS_QTY": null, "VISITING_HRS_STR": null, "VISITING_HRS_STP": null, "VISITORS_QTY_2": null, "VISITING_HRS_STR_2": null, "VISITING_HRS_STP_2": null}}, {"type": "Feature", "id": 48, "geometry": {"type": "Point", "coordinates": [72.81030999953126, 18.958344000195158]}, "properties": {"OBJECTID": 48, "NAME": "Motiben B Dalvi Hospital", "TYPE": 4, "SUBTYPE": "Health Post", "LOCATION": "38, N S Patkar Marg, Hughes Roadd, Gamdevi, Mumbai - 400007.", "ELEVATOR_CONTACT_LIST": null, "ELEVATOR_INTERCOM": "Yes", "WORKING_HRS": null, "EMPLOYEE_QTY": 91, "EMPLOYEE_MALE": null, "EMPLOYEE_FEMALE": null, "EMPLOYEE_DIF_ABLE": null, "WORKING_HRS_STR": null, "WORKING_HRS_STP": null, "VISITORS_QTY": null, "VISITING_HRS_STR": null, "VISITING_HRS_STP": null, "VISITORS_QTY_2": null, "VISITING_HRS_STR_2": null, "VISITING_HRS_STP_2": null}}, {"type": "Feature", "id": 50, "geometry": {"type": "Point", "coordinates": [72.81825780793328, 18.954888509000767]}, "properties": {"OBJECTID": 50, "NAME": "Beramjis Hospital", "TYPE": 4, "SUBTYPE": "General", "LOCATION": "Shop No. 266, Patel Bldg., Opp Central Cinema, R R Roy Marg, Opera House, Girgaon, Mumbai - 400004.", "ELEVATOR_CONTACT_LIST": null, "ELEVATOR_INTERCOM": null, "WORKING_HRS": null, "EMPLOYEE_QTY": null, "EMPLOYEE_MALE": null, "EMPLOYEE_FEMALE": null, "EMPLOYEE_DIF_ABLE": null, "WORKING_HRS_STR": null, "WORKING_HRS_STP": null, "VISITORS_QTY": null, "VISITING_HRS_STR": null, "VISITING_HRS_STP": null, "VISITORS_QTY_2": null, "VISITING_HRS_STR_2": null, "VISITING_HRS_STP_2": null}}, {"type": "Feature", "id": 51, "geometry": {"type": "Point", "coordinates": [72.82005300001632, 18.95877499995754]}, "properties": {"OBJECTID": 51, "NAME": "Sir H. N. Reliance Foundation Hospital and Research Centre", "TYPE": 4, "SUBTYPE": "General", "LOCATION": "Prarthana Samaj, Rararam Monhan Roy Marg, Girgaon, Mumbai- 400004.", "ELEVATOR_CONTACT_LIST": "Yes", "ELEVATOR_INTERCOM": "Yes", "WORKING_HRS": null, "EMPLOYEE_QTY": null, "EMPLOYEE_MALE": null, "EMPLOYEE_FEMALE": null, "EMPLOYEE_DIF_ABLE": null, "WORKING_HRS_STR": null, "WORKING_HRS_STP": null, "VISITORS_QTY": null, "VISITING_HRS_STR": null, "VISITING_HRS_STP": null, "VISITORS_QTY_2": null, "VISITING_HRS_STR_2": null, "VISITING_HRS_STP_2": null}}, {"type": "Feature", "id": 52, "geometry": {"type": "Point", "coordinates": [72.8145712191026, 18.970715539244413]}, "properties": {"OBJECTID": 52, "NAME": "Apollo Spectra Hospital", "TYPE": 4, "SUBTYPE": "Speciality", "LOCATION": "No. 156, Pt. M.M. Malviya Road, Near Sardar Pav Bhaji Hotel, Tardeo, Mumbai - 400034.", "ELEVATOR_CONTACT_LIST": "Yes", "ELEVATOR_INTERCOM": "No", "WORKING_HRS": null, "EMPLOYEE_QTY": null, "EMPLOYEE_MALE": null, "EMPLOYEE_FEMALE": null, "EMPLOYEE_DIF_ABLE": null, "WORKING_HRS_STR": null, "WORKING_HRS_STP": null, "VISITORS_QTY": null, "VISITING_HRS_STR": null, "VISITING_HRS_STP": null, "VISITORS_QTY_2": null, "VISITING_HRS_STR_2": null, "VISITING_HRS_STP_2": null}}, {"type": "Feature", "id": 53, "geometry": {"type": "Point", "coordinates": [72.85821195367464, 19.01922616242729]}, "properties": {"OBJECTID": 53, "NAME": "Acworth Municipal Hospital for Leprosy", "TYPE": 1, "SUBTYPE": "Speciality", "LOCATION": "Acworth Complex, R.A. Kidwai Marg, Behind SIWS College, Wadala West, Mumbai - 400031.", "ELEVATOR_CONTACT_LIST": "NA", "ELEVATOR_INTERCOM": "NA", "WORKING_HRS": "No", "EMPLOYEE_QTY": null, "EMPLOYEE_MALE": 6, "EMPLOYEE_FEMALE": 6, "EMPLOYEE_DIF_ABLE": null, "WORKING_HRS_STR": "08:30", "WORKING_HRS_STP": "15:30", "VISITORS_QTY": null, "VISITING_HRS_STR": null, "VISITING_HRS_STP": null, "VISITORS_QTY_2": null, "VISITING_HRS_STR_2": null, "VISITING_HRS_STP_2": null}}, {"type": "Feature", "id": 54, "geometry": {"type": "Point", "coordinates": [72.8592960730465, 19.036613928589976]}, "properties": {"OBJECTID": 54, "NAME": "Lokmanya Tilak Municipal General Hospital", "TYPE": 1, "SUBTYPE": "General", "LOCATION": "Dr. Babasaheb Ambedkar Road, Sion (West), Mumbai- 400022.", "ELEVATOR_CONTACT_LIST": "Yes", "ELEVATOR_INTERCOM": "Yes", "WORKING_HRS": "Y", "EMPLOYEE_QTY": 350, "EMPLOYEE_MALE": 175, "EMPLOYEE_FEMALE": 160, "EMPLOYEE_DIF_ABLE": 5, "WORKING_HRS_STR": null, "WORKING_HRS_STP": null, "VISITORS_QTY": 950, "VISITING_HRS_STR": "16:00", "VISITING_HRS_STP": "18:00", "VISITORS_QTY_2": null, "VISITING_HRS_STR_2": null, "VISITING_HRS_STP_2": null}}, {"type": "Feature", "id": 55, "geometry": {"type": "Point", "coordinates": [72.84313999979756, 19.004933999948243]}, "properties": {"OBJECTID": 55, "NAME": "Tata Memorial Hospital", "TYPE": 4, "SUBTYPE": "General", "LOCATION": "Jerbai Wadia Road, Near Jerbai Wadia Children Hospital,  Parel East, Mumbai - 400012.", "ELEVATOR_CONTACT_LIST": null, "ELEVATOR_INTERCOM": null, "WORKING_HRS": null, "EMPLOYEE_QTY": null, "EMPLOYEE_MALE": null, "EMPLOYEE_FEMALE": null, "EMPLOYEE_DIF_ABLE": null, "WORKING_HRS_STR": null, "WORKING_HRS_STP": null, "VISITORS_QTY": null, "VISITING_HRS_STR": null, "VISITING_HRS_STP": null, "VISITORS_QTY_2": null, "VISITING_HRS_STR_2": null, "VISITING_HRS_STP_2": null}}, {"type": "Feature", "id": 57, "geometry": {"type": "Point", "coordinates": [72.84128122269365, 19.001360185639555]}, "properties": {"OBJECTID": 57, "NAME": "King Edward Memorial Hospital", "TYPE": 1, "SUBTYPE": "General", "LOCATION": "Acharya Donde Marg, Opp Kamgar Maindan, Parel, Mumbai - 400012.", "ELEVATOR_CONTACT_LIST": null, "ELEVATOR_INTERCOM": null, "WORKING_HRS": null, "EMPLOYEE_QTY": null, "EMPLOYEE_MALE": null, "EMPLOYEE_FEMALE": null, "EMPLOYEE_DIF_ABLE": null, "WORKING_HRS_STR": null, "WORKING_HRS_STP": null, "VISITORS_QTY": null, "VISITING_HRS_STR": null, "VISITING_HRS_STP": null, "VISITORS_QTY_2": null, "VISITING_HRS_STR_2": null, "VISITING_HRS_STP_2": null}}, {"type": "Feature", "id": 58, "geometry": {"type": "Point", "coordinates": [72.84109499981484, 18.989922999617836]}, "properties": {"OBJECTID": 58, "NAME": "Shankar Netrika Eye Hospital", "TYPE": 4, "SUBTYPE": "Clinic", "LOCATION": "2nd Floor, Royal Garden bldg, Opp Post Office, GD Ambekar Marg, Near Ambewadi Bus Stop, Chinchpokali, Mumbai - 33.", "ELEVATOR_CONTACT_LIST": "NO", "ELEVATOR_INTERCOM": null, "WORKING_HRS": "No", "EMPLOYEE_QTY": null, "EMPLOYEE_MALE": null, "EMPLOYEE_FEMALE": null, "EMPLOYEE_DIF_ABLE": null, "WORKING_HRS_STR": null, "WORKING_HRS_STP": null, "VISITORS_QTY": null, "VISITING_HRS_STR": null, "VISITING_HRS_STP": null, "VISITORS_QTY_2": null, "VISITING_HRS_STR_2": null, "VISITING_HRS_STP_2": null}}, {"type": "Feature", "id": 60, "geometry": {"type": "Point", "coordinates": [72.85257000044754, 19.05968099996373]}, "properties": {"OBJECTID": 60, "NAME": "Guru Nanak Hospital & Research Centre", "TYPE": 4, "SUBTYPE": "General", "LOCATION": "S 341 Near Collector Office, Gandhi Nagar, Bandra East, Mumbai 400051", "ELEVATOR_CONTACT_LIST": "YES", "ELEVATOR_INTERCOM": "YES", "WORKING_HRS": "Yes", "EMPLOYEE_QTY": null, "EMPLOYEE_MALE": null, "EMPLOYEE_FEMALE": null, "EMPLOYEE_DIF_ABLE": null, "WORKING_HRS_STR": null, "WORKING_HRS_STP": null, "VISITORS_QTY": null, "VISITING_HRS_STR": null, "VISITING_HRS_STP": null, "VISITORS_QTY_2": null, "VISITING_HRS_STR_2": null, "VISITING_HRS_STP_2": null}}, {"type": "Feature", "id": 61, "geometry": {"type": "Point", "coordinates": [72.86086300023136, 19.06531900019019]}, "properties": {"OBJECTID": 61, "NAME": "Asian Heart Institute Hospital", "TYPE": 4, "SUBTYPE": "Speciality", "LOCATION": "G/N, G Block,  Bandra Kurla Complex, Bandra East, Mumbai 400051", "ELEVATOR_CONTACT_LIST": "NO", "ELEVATOR_INTERCOM": "NO", "WORKING_HRS": "Yes", "EMPLOYEE_QTY": 376, "EMPLOYEE_MALE": null, "EMPLOYEE_FEMALE": null, "EMPLOYEE_DIF_ABLE": null, "WORKING_HRS_STR": null, "WORKING_HRS_STP": null, "VISITORS_QTY": null, "VISITING_HRS_STR": null, "VISITING_HRS_STP": null, "VISITORS_QTY_2": null, "VISITING_HRS_STR_2": null, "VISITING_HRS_STP_2": null}}, {"type": "Feature", "id": 62, "geometry": {"type": "Point", "coordinates": [72.8450857285553, 19.07868365255462]}, "properties": {"OBJECTID": 62, "NAME": "V N Desai Municipal Hospital & Health Post", "TYPE": 1, "SUBTYPE": "General", "LOCATION": "11th Road, Golibar, Santacruz East, Mumbai - 400055.", "ELEVATOR_CONTACT_LIST": "No", "ELEVATOR_INTERCOM": "No", "WORKING_HRS": "Yes", "EMPLOYEE_QTY": null, "EMPLOYEE_MALE": null, "EMPLOYEE_FEMALE": null, "EMPLOYEE_DIF_ABLE": null, "WORKING_HRS_STR": null, "WORKING_HRS_STP": null, "VISITORS_QTY": null, "VISITING_HRS_STR": null, "VISITING_HRS_STP": null, "VISITORS_QTY_2": null, "VISITING_HRS_STR_2": null, "VISITING_HRS_STP_2": null}}, {"type": "Feature", "id": 63, "geometry": {"type": "Point", "coordinates": [72.82957500019057, 19.055917999770827]}, "properties": {"OBJECTID": 63, "NAME": "Pali Hill Hospital & Nursing Home", "TYPE": 4, "SUBTYPE": "Nursing Home", "LOCATION": "Manuel Gonsalves Rd, Bandra West, Mumbai - 400050.", "ELEVATOR_CONTACT_LIST": null, "ELEVATOR_INTERCOM": null, "WORKING_HRS": null, "EMPLOYEE_QTY": null, "EMPLOYEE_MALE": null, "EMPLOYEE_FEMALE": null, "EMPLOYEE_DIF_ABLE": null, "WORKING_HRS_STR": null, "WORKING_HRS_STP": null, "VISITORS_QTY": null, "VISITING_HRS_STR": null, "VISITING_HRS_STP": null, "VISITORS_QTY_2": null, "VISITING_HRS_STR_2": null, "VISITING_HRS_STP_2": null}}, {"type": "Feature", "id": 64, "geometry": {"type": "Point", "coordinates": [72.838387000307, 19.089499999948522]}, "properties": {"OBJECTID": 64, "NAME": "Kenia Eye Hospital", "TYPE": 4, "SUBTYPE": "Speciality", "LOCATION": "1st Fl, S V Rd, Milan Subway corner, Nr Sarang Restaurant, Rizvi Ngr, Santacruz W, Mumbai- 54.", "ELEVATOR_CONTACT_LIST": "Yes", "ELEVATOR_INTERCOM": "No", "WORKING_HRS": "No", "EMPLOYEE_QTY": 13, "EMPLOYEE_MALE": null, "EMPLOYEE_FEMALE": null, "EMPLOYEE_DIF_ABLE": null, "WORKING_HRS_STR": null, "WORKING_HRS_STP": null, "VISITORS_QTY": null, "VISITING_HRS_STR": null, "VISITING_HRS_STP": null, "VISITORS_QTY_2": null, "VISITING_HRS_STR_2": null, "VISITING_HRS_STP_2": null}}, {"type": "Feature", "id": 65, "geometry": {"type": "Point", "coordinates": [72.83287581137166, 19.05600128875846]}, "properties": {"OBJECTID": 65, "NAME": "Dr Hema Purandarey Nursing Home", "TYPE": 4, "SUBTYPE": "Nursing Home", "LOCATION": "Centre For Genetic Health Care, A11, Elco Arcade, Hill Road, Bandra West, Mumbai - 400050.", "ELEVATOR_CONTACT_LIST": null, "ELEVATOR_INTERCOM": null, "WORKING_HRS": null, "EMPLOYEE_QTY": null, "EMPLOYEE_MALE": null, "EMPLOYEE_FEMALE": null, "EMPLOYEE_DIF_ABLE": null, "WORKING_HRS_STR": null, "WORKING_HRS_STP": null, "VISITORS_QTY": null, "VISITING_HRS_STR": null, "VISITING_HRS_STP": null, "VISITORS_QTY_2": null, "VISITING_HRS_STR_2": null, "VISITING_HRS_STP_2": null}}, {"type": "Feature", "id": 66, "geometry": {"type": "Point", "coordinates": [72.83224028864934, 19.062190519328638]}, "properties": {"OBJECTID": 66, "NAME": "Agarwal Nursing Home", "TYPE": 4, "SUBTYPE": "Nursing Home", "LOCATION": "74, Abhay Apt, 30Th Road, Bandra West, Mumbai - 400050.", "ELEVATOR_CONTACT_LIST": null, "ELEVATOR_INTERCOM": null, "WORKING_HRS": null, "EMPLOYEE_QTY": null, "EMPLOYEE_MALE": null, "EMPLOYEE_FEMALE": null, "EMPLOYEE_DIF_ABLE": null, "WORKING_HRS_STR": null, "WORKING_HRS_STP": null, "VISITORS_QTY": null, "VISITING_HRS_STR": null, "VISITING_HRS_STP": null, "VISITORS_QTY_2": null, "VISITING_HRS_STR_2": null, "VISITING_HRS_STP_2": null}}, {"type": "Feature", "id": 67, "geometry": {"type": "Point", "coordinates": [72.8377495206994, 19.082934525065887]}, "properties": {"OBJECTID": 67, "NAME": "B C J Hospital & Asha Parekh Research Cntre", "TYPE": 4, "SUBTYPE": "General", "LOCATION": "S V Road, Navyug Colony, Santacruz West Mumbai - 400054.", "ELEVATOR_CONTACT_LIST": null, "ELEVATOR_INTERCOM": null, "WORKING_HRS": null, "EMPLOYEE_QTY": null, "EMPLOYEE_MALE": null, "EMPLOYEE_FEMALE": null, "EMPLOYEE_DIF_ABLE": null, "WORKING_HRS_STR": null, "WORKING_HRS_STP": null, "VISITORS_QTY": null, "VISITING_HRS_STR": null, "VISITING_HRS_STP": null, "VISITORS_QTY_2": null, "VISITING_HRS_STR_2": null, "VISITING_HRS_STP_2": null}}, {"type": "Feature", "id": 69, "geometry": {"type": "Point", "coordinates": [72.84030200004726, 19.08564199976216]}, "properties": {"OBJECTID": 69, "NAME": "Shri Mangal Multispeciality Hospital", "TYPE": 4, "SUBTYPE": "Speciality", "LOCATION": " 1st Floor, Harihar Niwas, Besant Street, Railway Colony, Santacruz West, Mumbai - 400054.", "ELEVATOR_CONTACT_LIST": null, "ELEVATOR_INTERCOM": null, "WORKING_HRS": null, "EMPLOYEE_QTY": null, "EMPLOYEE_MALE": null, "EMPLOYEE_FEMALE": null, "EMPLOYEE_DIF_ABLE": null, "WORKING_HRS_STR": null, "WORKING_HRS_STP": null, "VISITORS_QTY": null, "VISITING_HRS_STR": null, "VISITING_HRS_STP": null, "VISITORS_QTY_2": null, "VISITING_HRS_STR_2": null, "VISITING_HRS_STP_2": null}}, {"type": "Feature", "id": 70, "geometry": {"type": "Point", "coordinates": [72.83732600002666, 19.088957000265673]}, "properties": {"OBJECTID": 70, "NAME": "Sarla Nursing Home", "TYPE": 4, "SUBTYPE": "Nursing Home", "LOCATION": "Dattatray Road,, Near Khira Nagar, Santacruz (West),, Mumbai, Maharashtra 400054.", "ELEVATOR_CONTACT_LIST": null, "ELEVATOR_INTERCOM": null, "WORKING_HRS": null, "EMPLOYEE_QTY": null, "EMPLOYEE_MALE": null, "EMPLOYEE_FEMALE": null, "EMPLOYEE_DIF_ABLE": null, "WORKING_HRS_STR": null, "WORKING_HRS_STP": null, "VISITORS_QTY": null, "VISITING_HRS_STR": null, "VISITING_HRS_STP": null, "VISITORS_QTY_2": null, "VISITING_HRS_STR_2": null, "VISITING_HRS_STP_2": null}}, {"type": "Feature", "id": 71, "geometry": {"type": "Point", "coordinates": [72.83337399960297, 19.057392000398394]}, "properties": {"OBJECTID": 71, "NAME": "Khushedji Behramji Bhabha Hospital", "TYPE": 1, "SUBTYPE": "General", "LOCATION": "R K Patkar Marg, Waterfield Road, Behind Global Cinema,Bandra West", "ELEVATOR_CONTACT_LIST": "Yes", "ELEVATOR_INTERCOM": "No", "WORKING_HRS": "Yes", "EMPLOYEE_QTY": 546, "EMPLOYEE_MALE": null, "EMPLOYEE_FEMALE": null, "EMPLOYEE_DIF_ABLE": null, "WORKING_HRS_STR": null, "WORKING_HRS_STP": null, "VISITORS_QTY": null, "VISITING_HRS_STR": null, "VISITING_HRS_STP": null, "VISITORS_QTY_2": null, "VISITING_HRS_STR_2": null, "VISITING_HRS_STP_2": null}}, {"type": "Feature", "id": 72, "geometry": {"type": "Point", "coordinates": [72.83610499958398, 19.054928000288978]}, "properties": {"OBJECTID": 72, "NAME": "Ravi Surgical Nursing Home ..", "TYPE": 4, "SUBTYPE": "Nursing Home", "LOCATION": "Kedarnath Building, 60 Ft Road, Bandra West, Mumbai  - 400101.", "ELEVATOR_CONTACT_LIST": null, "ELEVATOR_INTERCOM": null, "WORKING_HRS": "Yes", "EMPLOYEE_QTY": null, "EMPLOYEE_MALE": null, "EMPLOYEE_FEMALE": null, "EMPLOYEE_DIF_ABLE": null, "WORKING_HRS_STR": null, "WORKING_HRS_STP": null, "VISITORS_QTY": null, "VISITING_HRS_STR": null, "VISITING_HRS_STP": null, "VISITORS_QTY_2": null, "VISITING_HRS_STR_2": null, "VISITING_HRS_STP_2": null}}, {"type": "Feature", "id": 73, "geometry": {"type": "Point", "coordinates": [72.83558699992471, 19.05547899974397]}, "properties": {"OBJECTID": 73, "NAME": "Parekh Eye Hospital", "TYPE": 4, "SUBTYPE": "Speciality", "LOCATION": "1st Floor, Diamond Palace, Opposite Bandra Police Station, Hill Road, Bandra West, Mumbai - 400050.", "ELEVATOR_CONTACT_LIST": "NO", "ELEVATOR_INTERCOM": "YES", "WORKING_HRS": "No", "EMPLOYEE_QTY": 5, "EMPLOYEE_MALE": null, "EMPLOYEE_FEMALE": null, "EMPLOYEE_DIF_ABLE": null, "WORKING_HRS_STR": null, "WORKING_HRS_STP": null, "VISITORS_QTY": null, "VISITING_HRS_STR": null, "VISITING_HRS_STP": null, "VISITORS_QTY_2": null, "VISITING_HRS_STR_2": null, "VISITING_HRS_STP_2": null}}, {"type": "Feature", "id": 75, "geometry": {"type": "Point", "coordinates": [72.82922300897394, 19.051023688051913]}, "properties": {"OBJECTID": 75, "NAME": "Lilavati Hospital & Research Centre", "TYPE": 4, "SUBTYPE": "General", "LOCATION": "A - 791, Bandra Reclamation Road, Bandra West, Mumbai - 400050.", "ELEVATOR_CONTACT_LIST": null, "ELEVATOR_INTERCOM": null, "WORKING_HRS": null, "EMPLOYEE_QTY": null, "EMPLOYEE_MALE": null, "EMPLOYEE_FEMALE": null, "EMPLOYEE_DIF_ABLE": null, "WORKING_HRS_STR": null, "WORKING_HRS_STP": null, "VISITORS_QTY": null, "VISITING_HRS_STR": null, "VISITING_HRS_STP": null, "VISITORS_QTY_2": null, "VISITING_HRS_STR_2": null, "VISITING_HRS_STP_2": null}}, {"type": "Feature", "id": 76, "geometry": {"type": "Point", "coordinates": [72.8088529998698, 18.957348000076383]}, "properties": {"OBJECTID": 76, "NAME": "Sapana Hospital", "TYPE": 4, "SUBTYPE": "99", "LOCATION": "Babulnath Rd, Malabar Hill, Mumbai - 400007.", "ELEVATOR_CONTACT_LIST": null, "ELEVATOR_INTERCOM": null, "WORKING_HRS": null, "EMPLOYEE_QTY": null, "EMPLOYEE_MALE": null, "EMPLOYEE_FEMALE": null, "EMPLOYEE_DIF_ABLE": null, "WORKING_HRS_STR": null, "WORKING_HRS_STP": null, "VISITORS_QTY": null, "VISITING_HRS_STR": null, "VISITING_HRS_STP": null, "VISITORS_QTY_2": null, "VISITING_HRS_STR_2": null, "VISITING_HRS_STP_2": null}}, {"type": "Feature", "id": 77, "geometry": {"type": "Point", "coordinates": [72.80924200007469, 18.9575819999135]}, "properties": {"OBJECTID": 77, "NAME": "Ruxmini Hospital", "TYPE": 4, "SUBTYPE": "General", "LOCATION": "9 Babulnath Road, Chowpatty, Opp. Hare Rama Hare Khrishna Temple, Malabar Hill, Mumbai - 400007. ", "ELEVATOR_CONTACT_LIST": null, "ELEVATOR_INTERCOM": null, "WORKING_HRS": null, "EMPLOYEE_QTY": null, "EMPLOYEE_MALE": null, "EMPLOYEE_FEMALE": null, "EMPLOYEE_DIF_ABLE": null, "WORKING_HRS_STR": null, "WORKING_HRS_STP": null, "VISITORS_QTY": null, "VISITING_HRS_STR": null, "VISITING_HRS_STP": null, "VISITORS_QTY_2": null, "VISITING_HRS_STR_2": null, "VISITING_HRS_STP_2": null}}, {"type": "Feature", "id": 78, "geometry": {"type": "Point", "coordinates": [72.82108299995507, 18.971253999646457]}, "properties": {"OBJECTID": 78, "NAME": "Nair Hospital Dental College", "TYPE": 2, "SUBTYPE": "Medical College", "LOCATION": "Dr. A. L. Nair Road, Mumbai, Maharashtra 400008.", "ELEVATOR_CONTACT_LIST": "Yes", "ELEVATOR_INTERCOM": "Yes", "WORKING_HRS": null, "EMPLOYEE_QTY": 84, "EMPLOYEE_MALE": null, "EMPLOYEE_FEMALE": null, "EMPLOYEE_DIF_ABLE": null, "WORKING_HRS_STR": null, "WORKING_HRS_STP": null, "VISITORS_QTY": null, "VISITING_HRS_STR": null, "VISITING_HRS_STP": null, "VISITORS_QTY_2": null, "VISITING_HRS_STR_2": null, "VISITING_HRS_STP_2": null}}, {"type": "Feature", "id": 79, "geometry": {"type": "Point", "coordinates": [72.82205199965239, 18.97444299958625]}, "properties": {"OBJECTID": 79, "NAME": "B Y L Nair Hospital", "TYPE": 1, "SUBTYPE": "General", "LOCATION": "Dr. A. L. Nair Road, Mumbai Central Railway Station, Agripada, Mumbai 400008.", "ELEVATOR_CONTACT_LIST": "Yes", "ELEVATOR_INTERCOM": "Yes", "WORKING_HRS": "Yes", "EMPLOYEE_QTY": null, "EMPLOYEE_MALE": null, "EMPLOYEE_FEMALE": null, "EMPLOYEE_DIF_ABLE": null, "WORKING_HRS_STR": null, "WORKING_HRS_STP": null, "VISITORS_QTY": 850, "VISITING_HRS_STR": "16:00", "VISITING_HRS_STP": "18:00", "VISITORS_QTY_2": null, "VISITING_HRS_STR_2": null, "VISITING_HRS_STP_2": null}}, {"type": "Feature", "id": 80, "geometry": {"type": "Point", "coordinates": [72.83372938565209, 18.963096553258843]}, "properties": {"OBJECTID": 80, "NAME": "Sir J J Group of Hospital", "TYPE": 2, "SUBTYPE": "General", "LOCATION": "Sir J J Road, Near Bhendi Bazar, Off Jijabhoy Road, Sandhurst Road, Mumbai - 400008", "ELEVATOR_CONTACT_LIST": "Yes", "ELEVATOR_INTERCOM": "Yes", "WORKING_HRS": null, "EMPLOYEE_QTY": 622, "EMPLOYEE_MALE": null, "EMPLOYEE_FEMALE": null, "EMPLOYEE_DIF_ABLE": null, "WORKING_HRS_STR": null, "WORKING_HRS_STP": null, "VISITORS_QTY": null, "VISITING_HRS_STR": null, "VISITING_HRS_STP": null, "VISITORS_QTY_2": null, "VISITING_HRS_STR_2": null, "VISITING_HRS_STP_2": null}}, {"type": "Feature", "id": 81, "geometry": {"type": "Point", "coordinates": [72.83357200021382, 18.980164000079675]}, "properties": {"OBJECTID": 81, "NAME": "Bharat Ratna Dr. Babasaheb Ambedkar Memorial Hospital", "TYPE": 3, "SUBTYPE": "General", "LOCATION": "Dr Baba Saheb Ambedkar Road, Near Ranibaug, Byculla E, Mumbai - 400027.", "ELEVATOR_CONTACT_LIST": null, "ELEVATOR_INTERCOM": null, "WORKING_HRS": null, "EMPLOYEE_QTY": null, "EMPLOYEE_MALE": null, "EMPLOYEE_FEMALE": null, "EMPLOYEE_DIF_ABLE": null, "WORKING_HRS_STR": null, "WORKING_HRS_STP": null, "VISITORS_QTY": null, "VISITING_HRS_STR": null, "VISITING_HRS_STP": null, "VISITORS_QTY_2": null, "VISITING_HRS_STR_2": null, "VISITING_HRS_STP_2": null}}, {"type": "Feature", "id": 82, "geometry": {"type": "Point", "coordinates": [72.8240969996566, 18.970478000385153]}, "properties": {"OBJECTID": 82, "NAME": "Jagjivan Ram Hospital", "TYPE": 1, "SUBTYPE": "General", "LOCATION": "M M Marg, Opp Mumbai Central BEST Bus Depot, Near RBI Staff Colony, Mumbai Central, Mumbai - 400008.", "ELEVATOR_CONTACT_LIST": "Yes", "ELEVATOR_INTERCOM": "No", "WORKING_HRS": null, "EMPLOYEE_QTY": 527, "EMPLOYEE_MALE": null, "EMPLOYEE_FEMALE": null, "EMPLOYEE_DIF_ABLE": null, "WORKING_HRS_STR": null, "WORKING_HRS_STP": null, "VISITORS_QTY": null, "VISITING_HRS_STR": null, "VISITING_HRS_STP": null, "VISITORS_QTY_2": null, "VISITING_HRS_STR_2": null, "VISITING_HRS_STP_2": null}}, {"type": "Feature", "id": 83, "geometry": {"type": "Point", "coordinates": [72.83653849429601, 18.97083940325781]}, "properties": {"OBJECTID": 83, "NAME": "Prince Aly Khan Hospital", "TYPE": 4, "SUBTYPE": "General", "LOCATION": "Aga Hall, Nesbit Road, Near St Merry School, Mazagaon, Mumbai - 400010.", "ELEVATOR_CONTACT_LIST": "Yes", "ELEVATOR_INTERCOM": "YES", "WORKING_HRS": "Yes", "EMPLOYEE_QTY": 643, "EMPLOYEE_MALE": null, "EMPLOYEE_FEMALE": null, "EMPLOYEE_DIF_ABLE": null, "WORKING_HRS_STR": null, "WORKING_HRS_STP": null, "VISITORS_QTY": null, "VISITING_HRS_STR": null, "VISITING_HRS_STP": null, "VISITORS_QTY_2": null, "VISITING_HRS_STR_2": null, "VISITING_HRS_STP_2": null}}, {"type": "Feature", "id": 84, "geometry": {"type": "Point", "coordinates": [72.83573353835709, 18.974892212289543]}, "properties": {"OBJECTID": 84, "NAME": "Masina Hospital (Main Bldg)", "TYPE": 4, "SUBTYPE": "General", "LOCATION": "Near Gloria Church, Sant Savta Mali Marg, Byculla East, Mumbai - 400027.", "ELEVATOR_CONTACT_LIST": "NA", "ELEVATOR_INTERCOM": "NA", "WORKING_HRS": "Yes", "EMPLOYEE_QTY": 528, "EMPLOYEE_MALE": null, "EMPLOYEE_FEMALE": null, "EMPLOYEE_DIF_ABLE": null, "WORKING_HRS_STR": null, "WORKING_HRS_STP": null, "VISITORS_QTY": null, "VISITING_HRS_STR": null, "VISITING_HRS_STP": null, "VISITORS_QTY_2": null, "VISITING_HRS_STR_2": null, "VISITING_HRS_STP_2": null}}, {"type": "Feature", "id": 85, "geometry": {"type": "Point", "coordinates": [72.84150247293303, 18.977042741485477]}, "properties": {"OBJECTID": 85, "NAME": "Kedar Hospital", "TYPE": 4, "SUBTYPE": "Nursing Home", "LOCATION": "206, Mazgaon Apartment, Rambhau Bhogle Mg, Naralwadi, Mumbai - 400010.", "ELEVATOR_CONTACT_LIST": null, "ELEVATOR_INTERCOM": null, "WORKING_HRS": null, "EMPLOYEE_QTY": null, "EMPLOYEE_MALE": null, "EMPLOYEE_FEMALE": null, "EMPLOYEE_DIF_ABLE": null, "WORKING_HRS_STR": null, "WORKING_HRS_STP": null, "VISITORS_QTY": null, "VISITING_HRS_STR": null, "VISITING_HRS_STP": null, "VISITORS_QTY_2": null, "VISITING_HRS_STR_2": null, "VISITING_HRS_STP_2": null}}, {"type": "Feature", "id": 86, "geometry": {"type": "Point", "coordinates": [72.83536499985742, 18.97725500023734]}, "properties": {"OBJECTID": 86, "NAME": "Balaji Hospital", "TYPE": 4, "SUBTYPE": "Health Post", "LOCATION": "Cross Lane III, Sant Savata Mali Marg, Byculla East, Mumbai - 400027.", "ELEVATOR_CONTACT_LIST": "Yes", "ELEVATOR_INTERCOM": "Yes", "WORKING_HRS": null, "EMPLOYEE_QTY": 163, "EMPLOYEE_MALE": null, "EMPLOYEE_FEMALE": null, "EMPLOYEE_DIF_ABLE": null, "WORKING_HRS_STR": null, "WORKING_HRS_STP": null, "VISITORS_QTY": null, "VISITING_HRS_STR": null, "VISITING_HRS_STP": null, "VISITORS_QTY_2": null, "VISITING_HRS_STR_2": null, "VISITING_HRS_STP_2": null}}, {"type": "Feature", "id": 87, "geometry": {"type": "Point", "coordinates": [72.83190200008409, 18.96612499992327]}, "properties": {"OBJECTID": 87, "NAME": "Nagpada Police Hospital", "TYPE": 2, "SUBTYPE": "General", "LOCATION": "Sofia Zubair Road, Opp. Richardson and Cruddas, New Nagpada Mumbai - 400008.", "ELEVATOR_CONTACT_LIST": "Yes", "ELEVATOR_INTERCOM": "No", "WORKING_HRS": null, "EMPLOYEE_QTY": 36, "EMPLOYEE_MALE": null, "EMPLOYEE_FEMALE": null, "EMPLOYEE_DIF_ABLE": null, "WORKING_HRS_STR": null, "WORKING_HRS_STP": null, "VISITORS_QTY": null, "VISITING_HRS_STR": null, "VISITING_HRS_STP": null, "VISITORS_QTY_2": null, "VISITING_HRS_STR_2": null, "VISITING_HRS_STP_2": null}}, {"type": "Feature", "id": 88, "geometry": {"type": "Point", "coordinates": [72.85914074460985, 19.021228292081897]}, "properties": {"OBJECTID": 88, "NAME": "Major Parmeshwaran Aditya Jyot Eye Hospital", "TYPE": 4, "SUBTYPE": "Speciality", "LOCATION": "Plot No. 153, 9, Major Parmeshwaran Road, Opp. S.I.W.S. College Gate No. 3, Wadala, Mumbai- 400031.", "ELEVATOR_CONTACT_LIST": "Yes", "ELEVATOR_INTERCOM": "NA", "WORKING_HRS": "Yes", "EMPLOYEE_QTY": null, "EMPLOYEE_MALE": null, "EMPLOYEE_FEMALE": null, "EMPLOYEE_DIF_ABLE": null, "WORKING_HRS_STR": null, "WORKING_HRS_STP": null, "VISITORS_QTY": null, "VISITING_HRS_STR": null, "VISITING_HRS_STP": null, "VISITORS_QTY_2": null, "VISITING_HRS_STR_2": null, "VISITING_HRS_STP_2": null}}, {"type": "Feature", "id": 90, "geometry": {"type": "Point", "coordinates": [72.869751000457, 19.049357999837067]}, "properties": {"OBJECTID": 90, "NAME": "Pramukh Swami Eye Hospital", "TYPE": 4, "SUBTYPE": "Speciality", "LOCATION": "Bharati Memorial Building, Sion Trombay Road, Chunabhatti East, Mumbai-400022.", "ELEVATOR_CONTACT_LIST": "NO", "ELEVATOR_INTERCOM": "No", "WORKING_HRS": null, "EMPLOYEE_QTY": null, "EMPLOYEE_MALE": null, "EMPLOYEE_FEMALE": null, "EMPLOYEE_DIF_ABLE": null, "WORKING_HRS_STR": null, "WORKING_HRS_STP": null, "VISITORS_QTY": null, "VISITING_HRS_STR": null, "VISITING_HRS_STP": null, "VISITORS_QTY_2": null, "VISITING_HRS_STR_2": null, "VISITING_HRS_STP_2": null}}, {"type": "Feature", "id": 91, "geometry": {"type": "Point", "coordinates": [72.8644497269466, 19.045975226835573]}, "properties": {"OBJECTID": 91, "NAME": "R V Ayurvedic Hospital", "TYPE": 4, "SUBTYPE": "Medical College", "LOCATION": "Ayurvedic Prasarak Mandal & Mahavidyalaya, Sion Station Rd No 1,  Jain Society, Sion E, Mumbai- 22.", "ELEVATOR_CONTACT_LIST": "NA", "ELEVATOR_INTERCOM": "NA", "WORKING_HRS": "Yes", "EMPLOYEE_QTY": 70, "EMPLOYEE_MALE": null, "EMPLOYEE_FEMALE": null, "EMPLOYEE_DIF_ABLE": null, "WORKING_HRS_STR": null, "WORKING_HRS_STP": null, "VISITORS_QTY": null, "VISITING_HRS_STR": null, "VISITING_HRS_STP": null, "VISITORS_QTY_2": null, "VISITING_HRS_STR_2": null, "VISITING_HRS_STP_2": null}}, {"type": "Feature", "id": 93, "geometry": {"type": "Point", "coordinates": [72.82723633884407, 19.055041122532465]}, "properties": {"OBJECTID": 93, "NAME": "Bandra Holy Family Hospital & Medical Research Centre", "TYPE": 4, "SUBTYPE": "General", "LOCATION": "St Andrews Road, Bandra West, Mumbai - 400050.", "ELEVATOR_CONTACT_LIST": null, "ELEVATOR_INTERCOM": null, "WORKING_HRS": null, "EMPLOYEE_QTY": null, "EMPLOYEE_MALE": null, "EMPLOYEE_FEMALE": null, "EMPLOYEE_DIF_ABLE": null, "WORKING_HRS_STR": null, "WORKING_HRS_STP": null, "VISITORS_QTY": null, "VISITING_HRS_STR": null, "VISITING_HRS_STP": null, "VISITORS_QTY_2": null, "VISITING_HRS_STR_2": null, "VISITING_HRS_STP_2": null}}, {"type": "Feature", "id": 94, "geometry": {"type": "Point", "coordinates": [72.85569800004889, 19.11684200040779]}, "properties": {"OBJECTID": 94, "NAME": "L & T Hospital", "TYPE": 4, "SUBTYPE": "General", "LOCATION": "1st Floor, Landmark Building, B Block, Suren Road, Andheri East, Mumbai - 400093, Nr Cinemax Cinemas", "ELEVATOR_CONTACT_LIST": null, "ELEVATOR_INTERCOM": null, "WORKING_HRS": null, "EMPLOYEE_QTY": null, "EMPLOYEE_MALE": null, "EMPLOYEE_FEMALE": null, "EMPLOYEE_DIF_ABLE": null, "WORKING_HRS_STR": null, "WORKING_HRS_STP": null, "VISITORS_QTY": null, "VISITING_HRS_STR": null, "VISITING_HRS_STP": null, "VISITORS_QTY_2": null, "VISITING_HRS_STR_2": null, "VISITING_HRS_STP_2": null}}, {"type": "Feature", "id": 95, "geometry": {"type": "Point", "coordinates": [72.86665299998201, 19.128119999729332]}, "properties": {"OBJECTID": 95, "NAME": "Holy Spirit Hospital", "TYPE": 4, "SUBTYPE": "Speciality", "LOCATION": "Mahakali Caves Road, Andheri East, Mumbai - 400093.", "ELEVATOR_CONTACT_LIST": "Yes", "ELEVATOR_INTERCOM": "Yes", "WORKING_HRS": "Yes", "EMPLOYEE_QTY": 721, "EMPLOYEE_MALE": null, "EMPLOYEE_FEMALE": null, "EMPLOYEE_DIF_ABLE": null, "WORKING_HRS_STR": null, "WORKING_HRS_STP": null, "VISITORS_QTY": null, "VISITING_HRS_STR": null, "VISITING_HRS_STP": null, "VISITORS_QTY_2": null, "VISITING_HRS_STR_2": null, "VISITING_HRS_STP_2": null}}, {"type": "Feature", "id": 96, "geometry": {"type": "Point", "coordinates": [72.87805307536867, 19.117584806476135]}, "properties": {"OBJECTID": 96, "NAME": "Seven Hills Hospital", "TYPE": 4, "SUBTYPE": "General", "LOCATION": "Marol Maroshi Road, Andheri East, Mumbai - 400059.", "ELEVATOR_CONTACT_LIST": null, "ELEVATOR_INTERCOM": null, "WORKING_HRS": null, "EMPLOYEE_QTY": null, "EMPLOYEE_MALE": null, "EMPLOYEE_FEMALE": null, "EMPLOYEE_DIF_ABLE": null, "WORKING_HRS_STR": null, "WORKING_HRS_STP": null, "VISITORS_QTY": null, "VISITING_HRS_STR": null, "VISITING_HRS_STP": null, "VISITORS_QTY_2": null, "VISITING_HRS_STR_2": null, "VISITING_HRS_STP_2": null}}, {"type": "Feature", "id": 97, "geometry": {"type": "Point", "coordinates": [72.8541790001127, 19.137336999879256]}, "properties": {"OBJECTID": 97, "NAME": "Shalyak Hospital", "TYPE": 4, "SUBTYPE": "General", "LOCATION": "S.K.Apt, Bldg. 2, Gumpha Road, Near Police Station,  Bandrekar Wadi, Jogeshwari E, Mumbai - 60.", "ELEVATOR_CONTACT_LIST": null, "ELEVATOR_INTERCOM": null, "WORKING_HRS": null, "EMPLOYEE_QTY": null, "EMPLOYEE_MALE": null, "EMPLOYEE_FEMALE": null, "EMPLOYEE_DIF_ABLE": null, "WORKING_HRS_STR": null, "WORKING_HRS_STP": null, "VISITORS_QTY": null, "VISITING_HRS_STR": null, "VISITING_HRS_STP": null, "VISITORS_QTY_2": null, "VISITING_HRS_STR_2": null, "VISITING_HRS_STP_2": null}}, {"type": "Feature", "id": 99, "geometry": {"type": "Point", "coordinates": [72.84915899973868, 19.111292000373435]}, "properties": {"OBJECTID": 99, "NAME": "Dr. Mehtas Child Care Clinic", "TYPE": 4, "SUBTYPE": "Clinic", "LOCATION": "C-2/3, Saubhagya, Jeevan Vikas Kendra Marg, Koldongri, Andheri East, Mumbai -400069.", "ELEVATOR_CONTACT_LIST": null, "ELEVATOR_INTERCOM": null, "WORKING_HRS": null, "EMPLOYEE_QTY": null, "EMPLOYEE_MALE": null, "EMPLOYEE_FEMALE": null, "EMPLOYEE_DIF_ABLE": null, "WORKING_HRS_STR": null, "WORKING_HRS_STP": null, "VISITORS_QTY": null, "VISITING_HRS_STR": null, "VISITING_HRS_STP": null, "VISITORS_QTY_2": null, "VISITING_HRS_STR_2": null, "VISITING_HRS_STP_2": null}}, {"type": "Feature", "id": 100, "geometry": {"type": "Point", "coordinates": [72.85016326877656, 19.121189616367086]}, "properties": {"OBJECTID": 100, "NAME": "Sneh Maternity Surgical And General Nursing Home", "TYPE": 4, "SUBTYPE": "Nursing Home", "LOCATION": "111/112, Ekveera, Near To Chinai College, Old Nagardas Road, Andheri East, Mumbai - 400069.", "ELEVATOR_CONTACT_LIST": null, "ELEVATOR_INTERCOM": null, "WORKING_HRS": null, "EMPLOYEE_QTY": null, "EMPLOYEE_MALE": null, "EMPLOYEE_FEMALE": null, "EMPLOYEE_DIF_ABLE": null, "WORKING_HRS_STR": null, "WORKING_HRS_STP": null, "VISITORS_QTY": null, "VISITING_HRS_STR": null, "VISITING_HRS_STP": null, "VISITORS_QTY_2": null, "VISITING_HRS_STR_2": null, "VISITING_HRS_STP_2": null}}, {"type": "Feature", "id": 101, "geometry": {"type": "Point", "coordinates": [72.8492200001696, 19.12435900017812]}, "properties": {"OBJECTID": 101, "NAME": "Gym Hospital", "TYPE": 4, "SUBTYPE": "99", "LOCATION": "RK Paramhans Rd, Jogeshwari East\nMumbai - 400053.", "ELEVATOR_CONTACT_LIST": null, "ELEVATOR_INTERCOM": null, "WORKING_HRS": null, "EMPLOYEE_QTY": null, "EMPLOYEE_MALE": null, "EMPLOYEE_FEMALE": null, "EMPLOYEE_DIF_ABLE": null, "WORKING_HRS_STR": null, "WORKING_HRS_STP": null, "VISITORS_QTY": null, "VISITING_HRS_STR": null, "VISITING_HRS_STP": null, "VISITORS_QTY_2": null, "VISITING_HRS_STR_2": null, "VISITING_HRS_STP_2": null}}, {"type": "Feature", "id": 102, "geometry": {"type": "Point", "coordinates": [72.85057467600218, 19.123956833977715]}, "properties": {"OBJECTID": 102, "NAME": "Chiranjeev Hospital", "TYPE": 4, "SUBTYPE": "Children", "LOCATION": "S Radha Krishnan Road, Natwar Nagar, Jogeshwari East, Mumbai.", "ELEVATOR_CONTACT_LIST": null, "ELEVATOR_INTERCOM": null, "WORKING_HRS": null, "EMPLOYEE_QTY": null, "EMPLOYEE_MALE": null, "EMPLOYEE_FEMALE": null, "EMPLOYEE_DIF_ABLE": null, "WORKING_HRS_STR": null, "WORKING_HRS_STP": null, "VISITORS_QTY": null, "VISITING_HRS_STR": null, "VISITING_HRS_STP": null, "VISITORS_QTY_2": null, "VISITING_HRS_STR_2": null, "VISITING_HRS_STP_2": null}}, {"type": "Feature", "id": 103, "geometry": {"type": "Point", "coordinates": [72.8496549997215, 19.13231700038555]}, "properties": {"OBJECTID": 103, "NAME": "Parulekars Maternity Hospital", "TYPE": 4, "SUBTYPE": "Maternity Home", "LOCATION": "Usha Kal, Hindu Friends Society Marg, Jogeshwari (E), Mumbai - 400060.", "ELEVATOR_CONTACT_LIST": null, "ELEVATOR_INTERCOM": null, "WORKING_HRS": null, "EMPLOYEE_QTY": 17, "EMPLOYEE_MALE": null, "EMPLOYEE_FEMALE": null, "EMPLOYEE_DIF_ABLE": null, "WORKING_HRS_STR": null, "WORKING_HRS_STP": null, "VISITORS_QTY": null, "VISITING_HRS_STR": null, "VISITING_HRS_STP": null, "VISITORS_QTY_2": null, "VISITING_HRS_STR_2": null, "VISITING_HRS_STP_2": null}}, {"type": "Feature", "id": 104, "geometry": {"type": "Point", "coordinates": [72.8478240002992, 19.117785999980306]}, "properties": {"OBJECTID": 104, "NAME": "Sanjeevani Hospital", "TYPE": 4, "SUBTYPE": "Nursing Home", "LOCATION": "11A, Sahar Road, Nityanand Nagar, Andheri East,Mumbai - 400069.", "ELEVATOR_CONTACT_LIST": "Yes", "ELEVATOR_INTERCOM": "No", "WORKING_HRS": "Yes", "EMPLOYEE_QTY": 47, "EMPLOYEE_MALE": null, "EMPLOYEE_FEMALE": null, "EMPLOYEE_DIF_ABLE": null, "WORKING_HRS_STR": null, "WORKING_HRS_STP": null, "VISITORS_QTY": null, "VISITING_HRS_STR": null, "VISITING_HRS_STP": null, "VISITORS_QTY_2": null, "VISITING_HRS_STR_2": null, "VISITING_HRS_STP_2": null}}, {"type": "Feature", "id": 105, "geometry": {"type": "Point", "coordinates": [72.87776199957652, 19.10839600009939]}, "properties": {"OBJECTID": 105, "NAME": "Medicare Hospital", "TYPE": 4, "SUBTYPE": "Nursing Home", "LOCATION": "Marol Naka Junction, Andheri Kurla Road, Andheri Kurla Road, Mumbai - 400059.", "ELEVATOR_CONTACT_LIST": "No", "ELEVATOR_INTERCOM": "Yes", "WORKING_HRS": "Yes", "EMPLOYEE_QTY": 53, "EMPLOYEE_MALE": null, "EMPLOYEE_FEMALE": null, "EMPLOYEE_DIF_ABLE": null, "WORKING_HRS_STR": null, "WORKING_HRS_STP": null, "VISITORS_QTY": null, "VISITING_HRS_STR": null, "VISITING_HRS_STP": null, "VISITORS_QTY_2": null, "VISITING_HRS_STR_2": null, "VISITING_HRS_STP_2": null}}, {"type": "Feature", "id": 106, "geometry": {"type": "Point", "coordinates": [72.88087499961739, 19.11702899981691]}, "properties": {"OBJECTID": 106, "NAME": "Sugun Maternity Hospital", "TYPE": 4, "SUBTYPE": "Maternity Home", "LOCATION": "No. 1, Marol, Palm Spring Bldg, Opp Post Office, Military Road, Andheri E, J. B Nagar, Mumbai - 59.", "ELEVATOR_CONTACT_LIST": null, "ELEVATOR_INTERCOM": null, "WORKING_HRS": null, "EMPLOYEE_QTY": null, "EMPLOYEE_MALE": null, "EMPLOYEE_FEMALE": null, "EMPLOYEE_DIF_ABLE": null, "WORKING_HRS_STR": null, "WORKING_HRS_STP": null, "VISITORS_QTY": null, "VISITING_HRS_STR": null, "VISITING_HRS_STP": null, "VISITORS_QTY_2": null, "VISITING_HRS_STR_2": null, "VISITING_HRS_STP_2": null}}, {"type": "Feature", "id": 107, "geometry": {"type": "Point", "coordinates": [72.88702365444811, 19.122623114101984]}, "properties": {"OBJECTID": 107, "NAME": "Mangala Hospital", "TYPE": 4, "SUBTYPE": "Health Post", "LOCATION": "Baman Daya Pada, Marol Militay Road, Andheri East, Mumbai - 400059.", "ELEVATOR_CONTACT_LIST": "Yes", "ELEVATOR_INTERCOM": "Yes", "WORKING_HRS": "Yes", "EMPLOYEE_QTY": null, "EMPLOYEE_MALE": null, "EMPLOYEE_FEMALE": null, "EMPLOYEE_DIF_ABLE": null, "WORKING_HRS_STR": null, "WORKING_HRS_STP": null, "VISITORS_QTY": null, "VISITING_HRS_STR": null, "VISITING_HRS_STP": null, "VISITORS_QTY_2": null, "VISITING_HRS_STR_2": null, "VISITING_HRS_STP_2": null}}, {"type": "Feature", "id": 108, "geometry": {"type": "Point", "coordinates": [72.85619399985288, 19.135867999618302]}, "properties": {"OBJECTID": 108, "NAME": "Municipal Hospital, Jogeshwari", "TYPE": 1, "SUBTYPE": "Maternity Home", "LOCATION": "Station Road, Jogeshwari East, Mumbai.", "ELEVATOR_CONTACT_LIST": null, "ELEVATOR_INTERCOM": null, "WORKING_HRS": null, "EMPLOYEE_QTY": null, "EMPLOYEE_MALE": null, "EMPLOYEE_FEMALE": null, "EMPLOYEE_DIF_ABLE": null, "WORKING_HRS_STR": null, "WORKING_HRS_STP": null, "VISITORS_QTY": null, "VISITING_HRS_STR": null, "VISITING_HRS_STP": null, "VISITORS_QTY_2": null, "VISITING_HRS_STR_2": null, "VISITING_HRS_STP_2": null}}, {"type": "Feature", "id": 109, "geometry": {"type": "Point", "coordinates": [72.80913499971602, 19.139581999991883]}, "properties": {"OBJECTID": 109, "NAME": "Ashu Eye Hospital", "TYPE": 4, "SUBTYPE": "Speciality", "LOCATION": "Premises no 9 first floor ,Silver Streak apartment", "ELEVATOR_CONTACT_LIST": null, "ELEVATOR_INTERCOM": null, "WORKING_HRS": null, "EMPLOYEE_QTY": null, "EMPLOYEE_MALE": null, "EMPLOYEE_FEMALE": null, "EMPLOYEE_DIF_ABLE": null, "WORKING_HRS_STR": null, "WORKING_HRS_STP": null, "VISITORS_QTY": null, "VISITING_HRS_STR": null, "VISITING_HRS_STP": null, "VISITORS_QTY_2": null, "VISITING_HRS_STR_2": null, "VISITING_HRS_STP_2": null}}, {"type": "Feature", "id": 110, "geometry": {"type": "Point", "coordinates": [72.80951700019064, 19.140755000054085]}, "properties": {"OBJECTID": 110, "NAME": "(FOL) Anjuman E Islams Mohd Ishaq Jamkhanwala ", "TYPE": 4, "SUBTYPE": "0", "LOCATION": "60, Yari Road, Versova Bowla Mumbai, Mahar", "ELEVATOR_CONTACT_LIST": null, "ELEVATOR_INTERCOM": null, "WORKING_HRS": null, "EMPLOYEE_QTY": null, "EMPLOYEE_MALE": null, "EMPLOYEE_FEMALE": null, "EMPLOYEE_DIF_ABLE": null, "WORKING_HRS_STR": null, "WORKING_HRS_STP": null, "VISITORS_QTY": null, "VISITING_HRS_STR": null, "VISITING_HRS_STP": null, "VISITORS_QTY_2": null, "VISITING_HRS_STR_2": null, "VISITING_HRS_STP_2": null}}, {"type": "Feature", "id": 111, "geometry": {"type": "Point", "coordinates": [72.86411165149626, 19.044364365041343]}, "properties": {"OBJECTID": 111, "NAME": "Sion Poly Clinic & Hospital", "TYPE": 4, "SUBTYPE": "Speciality", "LOCATION": "9, Ground Floor, Chaman House, Near Canara Bank, Sion Station Rd, Jain Society, Sion E, Mumbai - 22.", "ELEVATOR_CONTACT_LIST": null, "ELEVATOR_INTERCOM": null, "WORKING_HRS": null, "EMPLOYEE_QTY": null, "EMPLOYEE_MALE": null, "EMPLOYEE_FEMALE": null, "EMPLOYEE_DIF_ABLE": null, "WORKING_HRS_STR": null, "WORKING_HRS_STP": null, "VISITORS_QTY": null, "VISITING_HRS_STR": null, "VISITING_HRS_STP": null, "VISITORS_QTY_2": null, "VISITING_HRS_STR_2": null, "VISITING_HRS_STP_2": null}}, {"type": "Feature", "id": 112, "geometry": {"type": "Point", "coordinates": [72.8680950000685, 19.03860300004768]}, "properties": {"OBJECTID": 112, "NAME": "Raoli Camp Maternity Hospital", "TYPE": 1, "SUBTYPE": "Maternity Home", "LOCATION": "Sardar Nagar-4, Sion Koliwada, Mumbai- 400037.", "ELEVATOR_CONTACT_LIST": "Yes", "ELEVATOR_INTERCOM": "No", "WORKING_HRS": null, "EMPLOYEE_QTY": 22, "EMPLOYEE_MALE": null, "EMPLOYEE_FEMALE": null, "EMPLOYEE_DIF_ABLE": null, "WORKING_HRS_STR": null, "WORKING_HRS_STP": null, "VISITORS_QTY": null, "VISITING_HRS_STR": null, "VISITING_HRS_STP": null, "VISITORS_QTY_2": null, "VISITING_HRS_STR_2": null, "VISITING_HRS_STP_2": null}}, {"type": "Feature", "id": 113, "geometry": {"type": "Point", "coordinates": [72.86213699967787, 19.038551000395426]}, "properties": {"OBJECTID": 113, "NAME": "New Sunita Hospital", "TYPE": 4, "SUBTYPE": "Speciality", "LOCATION": "Road No. 15, Sion East, Mumbai- 400022.", "ELEVATOR_CONTACT_LIST": null, "ELEVATOR_INTERCOM": null, "WORKING_HRS": null, "EMPLOYEE_QTY": null, "EMPLOYEE_MALE": null, "EMPLOYEE_FEMALE": null, "EMPLOYEE_DIF_ABLE": null, "WORKING_HRS_STR": null, "WORKING_HRS_STP": null, "VISITORS_QTY": null, "VISITING_HRS_STR": null, "VISITING_HRS_STP": null, "VISITORS_QTY_2": null, "VISITING_HRS_STR_2": null, "VISITING_HRS_STP_2": null}}, {"type": "Feature", "id": 114, "geometry": {"type": "Point", "coordinates": [72.86086300023632, 19.03586200018746]}, "properties": {"OBJECTID": 114, "NAME": "Mata Lakshmi Hospital", "TYPE": 4, "SUBTYPE": "Health Post", "LOCATION": "218, Tamil Sangam Road, Sion East, Mumbai- 400021", "ELEVATOR_CONTACT_LIST": "Yes", "ELEVATOR_INTERCOM": "No", "WORKING_HRS": "Yes", "EMPLOYEE_QTY": 45, "EMPLOYEE_MALE": null, "EMPLOYEE_FEMALE": null, "EMPLOYEE_DIF_ABLE": null, "WORKING_HRS_STR": null, "WORKING_HRS_STP": null, "VISITORS_QTY": null, "VISITING_HRS_STR": null, "VISITING_HRS_STP": null, "VISITORS_QTY_2": null, "VISITING_HRS_STR_2": null, "VISITING_HRS_STP_2": null}}, {"type": "Feature", "id": 115, "geometry": {"type": "Point", "coordinates": [72.8515501327256, 19.025081295640444]}, "properties": {"OBJECTID": 115, "NAME": "Vohra Surgical Nursing Home", "TYPE": 4, "SUBTYPE": "Nursing Home", "LOCATION": "Building No. 2, Prasad BuildingDeodar Road, Matunga E, Mumbai - 400019", "ELEVATOR_CONTACT_LIST": null, "ELEVATOR_INTERCOM": null, "WORKING_HRS": null, "EMPLOYEE_QTY": null, "EMPLOYEE_MALE": null, "EMPLOYEE_FEMALE": null, "EMPLOYEE_DIF_ABLE": null, "WORKING_HRS_STR": null, "WORKING_HRS_STP": null, "VISITORS_QTY": null, "VISITING_HRS_STR": null, "VISITING_HRS_STP": null, "VISITORS_QTY_2": null, "VISITING_HRS_STR_2": null, "VISITING_HRS_STP_2": null}}, {"type": "Feature", "id": 116, "geometry": {"type": "Point", "coordinates": [72.84358999967782, 19.14509799993852]}, "properties": {"OBJECTID": 116, "NAME": "Fathima Children's Hospital & Criticare Center", "TYPE": 4, "SUBTYPE": "Children", "LOCATION": "Swami Vivekanand Rd, B R Nagar, Jogeshwari West, Mumbai.", "ELEVATOR_CONTACT_LIST": null, "ELEVATOR_INTERCOM": null, "WORKING_HRS": null, "EMPLOYEE_QTY": null, "EMPLOYEE_MALE": null, "EMPLOYEE_FEMALE": null, "EMPLOYEE_DIF_ABLE": null, "WORKING_HRS_STR": null, "WORKING_HRS_STP": null, "VISITORS_QTY": null, "VISITING_HRS_STR": null, "VISITING_HRS_STP": null, "VISITORS_QTY_2": null, "VISITING_HRS_STR_2": null, "VISITING_HRS_STP_2": null}}, {"type": "Feature", "id": 117, "geometry": {"type": "Point", "coordinates": [72.83589609416899, 19.10697693143701]}, "properties": {"OBJECTID": 117, "NAME": "Iris Eye Centre", "TYPE": 4, "SUBTYPE": "Speciality", "LOCATION": "Heena Smruti, Road No. 2, Swastik Society, Vile Parle West, Mumbai -400056.", "ELEVATOR_CONTACT_LIST": null, "ELEVATOR_INTERCOM": null, "WORKING_HRS": null, "EMPLOYEE_QTY": null, "EMPLOYEE_MALE": null, "EMPLOYEE_FEMALE": null, "EMPLOYEE_DIF_ABLE": null, "WORKING_HRS_STR": null, "WORKING_HRS_STP": null, "VISITORS_QTY": null, "VISITING_HRS_STR": null, "VISITING_HRS_STP": null, "VISITORS_QTY_2": null, "VISITING_HRS_STR_2": null, "VISITING_HRS_STP_2": null}}, {"type": "Feature", "id": 119, "geometry": {"type": "Point", "coordinates": [72.82489046066621, 19.131121787005142]}, "properties": {"OBJECTID": 119, "NAME": "Kokilaben Dhirubhai Ambani Hospital and Medical Research Centre", "TYPE": 4, "SUBTYPE": "Speciality", "LOCATION": "Rao Saheb Achutrao Patwardhan Marg,, Four Bunglows, Andheri (W) Mumbai - 400053.", "ELEVATOR_CONTACT_LIST": null, "ELEVATOR_INTERCOM": null, "WORKING_HRS": null, "EMPLOYEE_QTY": null, "EMPLOYEE_MALE": null, "EMPLOYEE_FEMALE": null, "EMPLOYEE_DIF_ABLE": null, "WORKING_HRS_STR": null, "WORKING_HRS_STP": null, "VISITORS_QTY": null, "VISITING_HRS_STR": null, "VISITING_HRS_STP": null, "VISITORS_QTY_2": null, "VISITING_HRS_STR_2": null, "VISITING_HRS_STP_2": null}}, {"type": "Feature", "id": 120, "geometry": {"type": "Point", "coordinates": [72.8181920001024, 19.128511000219937]}, "properties": {"OBJECTID": 120, "NAME": "Mamta Maternity Nursing Home", "TYPE": 4, "SUBTYPE": "Nursing Home", "LOCATION": "Vishwashanti Apt, 7 Bunglows, J.P.Road, Andheri West, Opp. Nana Nani Park, Mumbai- 400061.", "ELEVATOR_CONTACT_LIST": null, "ELEVATOR_INTERCOM": null, "WORKING_HRS": null, "EMPLOYEE_QTY": null, "EMPLOYEE_MALE": null, "EMPLOYEE_FEMALE": null, "EMPLOYEE_DIF_ABLE": null, "WORKING_HRS_STR": null, "WORKING_HRS_STP": null, "VISITORS_QTY": null, "VISITING_HRS_STR": null, "VISITING_HRS_STP": null, "VISITORS_QTY_2": null, "VISITING_HRS_STR_2": null, "VISITING_HRS_STP_2": null}}, {"type": "Feature", "id": 121, "geometry": {"type": "Point", "coordinates": [72.86881300042026, 19.05231700013768]}, "properties": {"OBJECTID": 121, "NAME": "Kalpana Nursing Home", "TYPE": 4, "SUBTYPE": "Nursing Home", "LOCATION": "Bhagnari CHS, Next To Chunabhatti Bus Depot & Railway Stn, N. S. Mankikar Road, Sion Mumbai - 22.", "ELEVATOR_CONTACT_LIST": null, "ELEVATOR_INTERCOM": null, "WORKING_HRS": null, "EMPLOYEE_QTY": null, "EMPLOYEE_MALE": null, "EMPLOYEE_FEMALE": null, "EMPLOYEE_DIF_ABLE": null, "WORKING_HRS_STR": null, "WORKING_HRS_STP": null, "VISITORS_QTY": null, "VISITING_HRS_STR": null, "VISITING_HRS_STP": null, "VISITORS_QTY_2": null, "VISITING_HRS_STR_2": null, "VISITING_HRS_STP_2": null}}, {"type": "Feature", "id": 122, "geometry": {"type": "Point", "coordinates": [72.87288699974883, 19.05253999971412]}, "properties": {"OBJECTID": 122, "NAME": "Chunabhatti Municipality Hospital", "TYPE": 1, "SUBTYPE": "General", "LOCATION": "Hill Rd, Sion Chunabhatti, Tadwadi, Chunabhatti, Sion, Mumbai - 400022.", "ELEVATOR_CONTACT_LIST": null, "ELEVATOR_INTERCOM": null, "WORKING_HRS": null, "EMPLOYEE_QTY": null, "EMPLOYEE_MALE": null, "EMPLOYEE_FEMALE": null, "EMPLOYEE_DIF_ABLE": null, "WORKING_HRS_STR": null, "WORKING_HRS_STP": null, "VISITORS_QTY": null, "VISITING_HRS_STR": null, "VISITING_HRS_STP": null, "VISITORS_QTY_2": null, "VISITING_HRS_STR_2": null, "VISITING_HRS_STP_2": null}}, {"type": "Feature", "id": 123, "geometry": {"type": "Point", "coordinates": [72.8750690003939, 19.070437999664065]}, "properties": {"OBJECTID": 123, "NAME": "Deshpande Hospital", "TYPE": 4, "SUBTYPE": "Nursing Home", "LOCATION": "Location- 161, Jagannath, LBS Marg, Near Petrol pump, Kurla (W), Mumbai- 400070.", "ELEVATOR_CONTACT_LIST": null, "ELEVATOR_INTERCOM": null, "WORKING_HRS": null, "EMPLOYEE_QTY": null, "EMPLOYEE_MALE": null, "EMPLOYEE_FEMALE": null, "EMPLOYEE_DIF_ABLE": null, "WORKING_HRS_STR": null, "WORKING_HRS_STP": null, "VISITORS_QTY": null, "VISITING_HRS_STR": null, "VISITING_HRS_STP": null, "VISITORS_QTY_2": null, "VISITING_HRS_STR_2": null, "VISITING_HRS_STP_2": null}}, {"type": "Feature", "id": 124, "geometry": {"type": "Point", "coordinates": [72.88075299986937, 19.070695999549397]}, "properties": {"OBJECTID": 124, "NAME": "Kurla Maternity & Surgical Nursing Home", "TYPE": 4, "SUBTYPE": "Nursing Home", "LOCATION": "Pipe Road, Swastik Chambers, Opp Masjid Kurla W, Mumbai - 400070. ", "ELEVATOR_CONTACT_LIST": null, "ELEVATOR_INTERCOM": null, "WORKING_HRS": null, "EMPLOYEE_QTY": null, "EMPLOYEE_MALE": null, "EMPLOYEE_FEMALE": null, "EMPLOYEE_DIF_ABLE": null, "WORKING_HRS_STR": null, "WORKING_HRS_STP": null, "VISITORS_QTY": null, "VISITING_HRS_STR": null, "VISITING_HRS_STP": null, "VISITORS_QTY_2": null, "VISITING_HRS_STR_2": null, "VISITING_HRS_STP_2": null}}, {"type": "Feature", "id": 125, "geometry": {"type": "Point", "coordinates": [72.90436196558859, 19.082107621976277]}, "properties": {"OBJECTID": 125, "NAME": "Navjeevan Hospital", "TYPE": 4, "SUBTYPE": "Speciality", "LOCATION": "MG Road, Ghatkopar E, Mumbai - 400077.", "ELEVATOR_CONTACT_LIST": null, "ELEVATOR_INTERCOM": null, "WORKING_HRS": null, "EMPLOYEE_QTY": null, "EMPLOYEE_MALE": null, "EMPLOYEE_FEMALE": null, "EMPLOYEE_DIF_ABLE": null, "WORKING_HRS_STR": null, "WORKING_HRS_STP": null, "VISITORS_QTY": null, "VISITING_HRS_STR": null, "VISITING_HRS_STP": null, "VISITORS_QTY_2": null, "VISITING_HRS_STR_2": null, "VISITING_HRS_STP_2": null}}, {"type": "Feature", "id": 126, "geometry": {"type": "Point", "coordinates": [72.83225994250307, 18.94262973383347]}, "properties": {"OBJECTID": 126, "NAME": "Camma & Albless Hospital", "TYPE": 2, "SUBTYPE": "Speciality", "LOCATION": "Mahapalika Marg, Near Azad Maidan, Fort, Mumbai - 400001", "ELEVATOR_CONTACT_LIST": "No", "ELEVATOR_INTERCOM": "No", "WORKING_HRS": null, "EMPLOYEE_QTY": null, "EMPLOYEE_MALE": null, "EMPLOYEE_FEMALE": null, "EMPLOYEE_DIF_ABLE": null, "WORKING_HRS_STR": null, "WORKING_HRS_STP": null, "VISITORS_QTY": null, "VISITING_HRS_STR": null, "VISITING_HRS_STP": null, "VISITORS_QTY_2": null, "VISITING_HRS_STR_2": null, "VISITING_HRS_STP_2": null}}, {"type": "Feature", "id": 127, "geometry": {"type": "Point", "coordinates": [72.82240397266129, 18.91211637948711]}, "properties": {"OBJECTID": 127, "NAME": "N K Malpani Nursing Home", "TYPE": 4, "SUBTYPE": "Nursing Home", "LOCATION": "Jamuna Sagar Builidng. 5th Floor, Shahid Bhagat Singh Marg, Opp. Sahkari Bhandar, Colaba, Mumbai- 400005", "ELEVATOR_CONTACT_LIST": null, "ELEVATOR_INTERCOM": null, "WORKING_HRS": null, "EMPLOYEE_QTY": null, "EMPLOYEE_MALE": null, "EMPLOYEE_FEMALE": null, "EMPLOYEE_DIF_ABLE": null, "WORKING_HRS_STR": null, "WORKING_HRS_STP": null, "VISITORS_QTY": null, "VISITING_HRS_STR": null, "VISITING_HRS_STP": null, "VISITORS_QTY_2": null, "VISITING_HRS_STR_2": null, "VISITING_HRS_STP_2": null}}, {"type": "Feature", "id": 128, "geometry": {"type": "Point", "coordinates": [72.8325580003407, 18.935684000347212]}, "properties": {"OBJECTID": 128, "NAME": "Parsee Lying-in-Hospital", "TYPE": 4, "SUBTYPE": "Maternity Home", "LOCATION": "Purshottamdas Thakurdas Road, Opp. The Cathedral And John Connon Schlool,Fort, Mumbai- 400001", "ELEVATOR_CONTACT_LIST": "No", "ELEVATOR_INTERCOM": "No", "WORKING_HRS": null, "EMPLOYEE_QTY": null, "EMPLOYEE_MALE": null, "EMPLOYEE_FEMALE": null, "EMPLOYEE_DIF_ABLE": null, "WORKING_HRS_STR": null, "WORKING_HRS_STP": null, "VISITORS_QTY": null, "VISITING_HRS_STR": null, "VISITING_HRS_STP": null, "VISITORS_QTY_2": null, "VISITING_HRS_STR_2": null, "VISITING_HRS_STP_2": null}}, {"type": "Feature", "id": 129, "geometry": {"type": "Point", "coordinates": [72.83281779682179, 18.922975118092943]}, "properties": {"OBJECTID": 129, "NAME": "Kalajot Hospital", "TYPE": 4, "SUBTYPE": "Speciality", "LOCATION": "Devidas Mansion, Behind Taj Hotel, Apollo Bunder, Mereweather Road, Colaba, Mumbai - 400005", "ELEVATOR_CONTACT_LIST": null, "ELEVATOR_INTERCOM": null, "WORKING_HRS": null, "EMPLOYEE_QTY": null, "EMPLOYEE_MALE": null, "EMPLOYEE_FEMALE": null, "EMPLOYEE_DIF_ABLE": null, "WORKING_HRS_STR": null, "WORKING_HRS_STP": null, "VISITORS_QTY": null, "VISITING_HRS_STR": null, "VISITING_HRS_STP": null, "VISITORS_QTY_2": null, "VISITING_HRS_STR_2": null, "VISITING_HRS_STP_2": null}}, {"type": "Feature", "id": 130, "geometry": {"type": "Point", "coordinates": [72.82729921487598, 18.938919988400297]}, "properties": {"OBJECTID": 130, "NAME": "Dr. Baccha's Memorial Nursing Home", "TYPE": 4, "SUBTYPE": "Nursing Home", "LOCATION": "New Marine Lines, 99 M Karve Road, New Marine Lines, Mumbai - 400020.", "ELEVATOR_CONTACT_LIST": null, "ELEVATOR_INTERCOM": null, "WORKING_HRS": null, "EMPLOYEE_QTY": null, "EMPLOYEE_MALE": null, "EMPLOYEE_FEMALE": null, "EMPLOYEE_DIF_ABLE": null, "WORKING_HRS_STR": null, "WORKING_HRS_STP": null, "VISITORS_QTY": null, "VISITING_HRS_STR": null, "VISITING_HRS_STP": null, "VISITORS_QTY_2": null, "VISITING_HRS_STR_2": null, "VISITING_HRS_STP_2": null}}, {"type": "Feature", "id": 131, "geometry": {"type": "Point", "coordinates": [72.82959396695499, 18.918989664197913]}, "properties": {"OBJECTID": 131, "NAME": "Dr kataria eye clinic", "TYPE": 4, "SUBTYPE": "Speciality", "LOCATION": "1st Fl, Kartar Bhavan, Colaba Causeway, S Bhagat Singh Marg, Cusrow Baug Colony, Colaba, Mumbai - 5.", "ELEVATOR_CONTACT_LIST": null, "ELEVATOR_INTERCOM": null, "WORKING_HRS": null, "EMPLOYEE_QTY": null, "EMPLOYEE_MALE": null, "EMPLOYEE_FEMALE": null, "EMPLOYEE_DIF_ABLE": null, "WORKING_HRS_STR": null, "WORKING_HRS_STP": null, "VISITORS_QTY": null, "VISITING_HRS_STR": null, "VISITING_HRS_STP": null, "VISITORS_QTY_2": null, "VISITING_HRS_STR_2": null, "VISITING_HRS_STP_2": null}}, {"type": "Feature", "id": 132, "geometry": {"type": "Point", "coordinates": [72.83347300046333, 18.95408800021259]}, "properties": {"OBJECTID": 132, "NAME": "Noor Hospital", "TYPE": 4, "SUBTYPE": "General", "LOCATION": "Mohammed Ali Road, Landmark: Bendi Baazar, Near Bank of Baroda, Pydhonie, Mumbai - 400003", "ELEVATOR_CONTACT_LIST": "Yes", "ELEVATOR_INTERCOM": "Yes", "WORKING_HRS": null, "EMPLOYEE_QTY": 19, "EMPLOYEE_MALE": null, "EMPLOYEE_FEMALE": null, "EMPLOYEE_DIF_ABLE": null, "WORKING_HRS_STR": null, "WORKING_HRS_STP": null, "VISITORS_QTY": null, "VISITING_HRS_STR": null, "VISITING_HRS_STP": null, "VISITORS_QTY_2": null, "VISITING_HRS_STR_2": null, "VISITING_HRS_STP_2": null}}, {"type": "Feature", "id": 133, "geometry": {"type": "Point", "coordinates": [72.83680301160238, 18.959807508679393]}, "properties": {"OBJECTID": 133, "NAME": "Habib Hospital", "TYPE": 4, "SUBTYPE": "General", "LOCATION": "159, Samantbhai Nanji Road, Opp. Dongri Children Jail, Dongri, Mumbai - 400009.", "ELEVATOR_CONTACT_LIST": "Yes", "ELEVATOR_INTERCOM": "No", "WORKING_HRS": null, "EMPLOYEE_QTY": 322, "EMPLOYEE_MALE": null, "EMPLOYEE_FEMALE": null, "EMPLOYEE_DIF_ABLE": null, "WORKING_HRS_STR": null, "WORKING_HRS_STP": null, "VISITORS_QTY": null, "VISITING_HRS_STR": null, "VISITING_HRS_STP": null, "VISITORS_QTY_2": null, "VISITING_HRS_STR_2": null, "VISITING_HRS_STP_2": null}}, {"type": "Feature", "id": 134, "geometry": {"type": "Point", "coordinates": [72.83438774975906, 18.952902871122387]}, "properties": {"OBJECTID": 134, "NAME": "Dholakwala Maternity Home", "TYPE": 4, "SUBTYPE": "Maternity Home", "LOCATION": "58, Dholkawala Building, Above Panjabi Ghasita, Mohammad Ali Road, Masjid Bunder, Mumbai - 400003", "ELEVATOR_CONTACT_LIST": "Yes", "ELEVATOR_INTERCOM": "No", "WORKING_HRS": null, "EMPLOYEE_QTY": 58, "EMPLOYEE_MALE": null, "EMPLOYEE_FEMALE": null, "EMPLOYEE_DIF_ABLE": null, "WORKING_HRS_STR": null, "WORKING_HRS_STP": null, "VISITORS_QTY": null, "VISITING_HRS_STR": null, "VISITING_HRS_STP": null, "VISITORS_QTY_2": null, "VISITING_HRS_STR_2": null, "VISITING_HRS_STP_2": null}}, {"type": "Feature", "id": 135, "geometry": {"type": "Point", "coordinates": [72.83323922214086, 18.959668803686796]}, "properties": {"OBJECTID": 135, "NAME": "M H Saboo Siddique Maternity and General Hospital", "TYPE": 4, "SUBTYPE": "General", "LOCATION": "Imamwada Road, Opp. Mugal Masjid, Near Nair Medico & Imamawada Municipal Urdu School, Umerkhadi, Mumbai, 400009", "ELEVATOR_CONTACT_LIST": "No", "ELEVATOR_INTERCOM": "No", "WORKING_HRS": "Yes", "EMPLOYEE_QTY": 381, "EMPLOYEE_MALE": null, "EMPLOYEE_FEMALE": null, "EMPLOYEE_DIF_ABLE": null, "WORKING_HRS_STR": "07:00", "WORKING_HRS_STP": "06:59", "VISITORS_QTY": null, "VISITING_HRS_STR": null, "VISITING_HRS_STP": null, "VISITORS_QTY_2": null, "VISITING_HRS_STR_2": null, "VISITING_HRS_STP_2": null}}, {"type": "Feature", "id": 136, "geometry": {"type": "Point", "coordinates": [72.83288000033303, 18.95692600015745]}, "properties": {"OBJECTID": 136, "NAME": "Haji Karim Mohammad Suleman Maternity and Childcare Hospital", "TYPE": 4, "SUBTYPE": "Maternity Home", "LOCATION": "30, Mohammed Ali Road, 1st foor, Mumbai-400003", "ELEVATOR_CONTACT_LIST": null, "ELEVATOR_INTERCOM": null, "WORKING_HRS": null, "EMPLOYEE_QTY": null, "EMPLOYEE_MALE": null, "EMPLOYEE_FEMALE": null, "EMPLOYEE_DIF_ABLE": null, "WORKING_HRS_STR": null, "WORKING_HRS_STP": null, "VISITORS_QTY": null, "VISITING_HRS_STR": null, "VISITING_HRS_STP": null, "VISITORS_QTY_2": null, "VISITING_HRS_STR_2": null, "VISITING_HRS_STP_2": null}}, {"type": "Feature", "id": 137, "geometry": {"type": "Point", "coordinates": [72.8345041740152, 18.961929529940832]}, "properties": {"OBJECTID": 137, "NAME": "Burhani Clinic", "TYPE": 4, "SUBTYPE": "Clinic", "LOCATION": "Abdullah Bldg, Shop No. 10, Opp Gate No. 6, J.J. Hospital, L.N. Jadhav Marg, Umerkhadi, Mumbai - 9.", "ELEVATOR_CONTACT_LIST": null, "ELEVATOR_INTERCOM": null, "WORKING_HRS": null, "EMPLOYEE_QTY": null, "EMPLOYEE_MALE": null, "EMPLOYEE_FEMALE": null, "EMPLOYEE_DIF_ABLE": null, "WORKING_HRS_STR": null, "WORKING_HRS_STP": null, "VISITORS_QTY": null, "VISITING_HRS_STR": null, "VISITING_HRS_STP": null, "VISITORS_QTY_2": null, "VISITING_HRS_STR_2": null, "VISITING_HRS_STP_2": null}}, {"type": "Feature", "id": 138, "geometry": {"type": "Point", "coordinates": [72.83393099988139, 18.952515000349337]}, "properties": {"OBJECTID": 138, "NAME": "Palakhiwala Hospital", "TYPE": 4, "SUBTYPE": "Speciality", "LOCATION": "Mohammed Ali Rd, Mandvi, Mumbai - 400003.", "ELEVATOR_CONTACT_LIST": null, "ELEVATOR_INTERCOM": null, "WORKING_HRS": null, "EMPLOYEE_QTY": null, "EMPLOYEE_MALE": null, "EMPLOYEE_FEMALE": null, "EMPLOYEE_DIF_ABLE": null, "WORKING_HRS_STR": null, "WORKING_HRS_STP": null, "VISITORS_QTY": null, "VISITING_HRS_STR": null, "VISITING_HRS_STP": null, "VISITORS_QTY_2": null, "VISITING_HRS_STR_2": null, "VISITING_HRS_STP_2": null}}, {"type": "Feature", "id": 139, "geometry": {"type": "Point", "coordinates": [72.83828375260991, 18.959340985343506]}, "properties": {"OBJECTID": 139, "NAME": "Sarvodaya Hospital", "TYPE": 4, "SUBTYPE": "General", "LOCATION": "121, Ramchandra Bhatt Marg, Opp J J Hospital", "ELEVATOR_CONTACT_LIST": null, "ELEVATOR_INTERCOM": null, "WORKING_HRS": null, "EMPLOYEE_QTY": null, "EMPLOYEE_MALE": null, "EMPLOYEE_FEMALE": null, "EMPLOYEE_DIF_ABLE": null, "WORKING_HRS_STR": null, "WORKING_HRS_STP": null, "VISITORS_QTY": null, "VISITING_HRS_STR": null, "VISITING_HRS_STP": null, "VISITORS_QTY_2": null, "VISITING_HRS_STR_2": null, "VISITING_HRS_STP_2": null}}, {"type": "Feature", "id": 140, "geometry": {"type": "Point", "coordinates": [72.82344799966201, 18.951431000230087]}, "properties": {"OBJECTID": 140, "NAME": "Suryakant Wagal Municipal Maternity Home", "TYPE": 1, "SUBTYPE": "Maternity Home", "LOCATION": "76, Shrikant Palekar Marg, Chandanwadi,\u00a0Mumbai- 400002", "ELEVATOR_CONTACT_LIST": null, "ELEVATOR_INTERCOM": null, "WORKING_HRS": null, "EMPLOYEE_QTY": null, "EMPLOYEE_MALE": null, "EMPLOYEE_FEMALE": null, "EMPLOYEE_DIF_ABLE": null, "WORKING_HRS_STR": null, "WORKING_HRS_STP": null, "VISITORS_QTY": null, "VISITING_HRS_STR": null, "VISITING_HRS_STP": null, "VISITORS_QTY_2": null, "VISITING_HRS_STR_2": null, "VISITING_HRS_STP_2": null}}, {"type": "Feature", "id": 141, "geometry": {"type": "Point", "coordinates": [72.8280626465943, 18.94600755790469]}, "properties": {"OBJECTID": 141, "NAME": "Saibai's Maternity Hospital", "TYPE": 4, "SUBTYPE": "Maternity Home", "LOCATION": "190, Haroon Building, 2nd Floor, Princess St, Shamaldas Gandhi Marg, Kalbadevi, Mumbai - 400002.", "ELEVATOR_CONTACT_LIST": null, "ELEVATOR_INTERCOM": null, "WORKING_HRS": null, "EMPLOYEE_QTY": null, "EMPLOYEE_MALE": null, "EMPLOYEE_FEMALE": null, "EMPLOYEE_DIF_ABLE": null, "WORKING_HRS_STR": null, "WORKING_HRS_STP": null, "VISITORS_QTY": null, "VISITING_HRS_STR": null, "VISITING_HRS_STP": null, "VISITORS_QTY_2": null, "VISITING_HRS_STR_2": null, "VISITING_HRS_STP_2": null}}, {"type": "Feature", "id": 142, "geometry": {"type": "Point", "coordinates": [72.82010669617188, 18.949929347334507]}, "properties": {"OBJECTID": 142, "NAME": "Smt. Kamaladevi G Mittal Ayurved Mahavidyalay Hospital", "TYPE": 4, "SUBTYPE": "Medical College", "LOCATION": "Netaji Subhash Road, Charni Road,\u00a0Mumbai - 400002.", "ELEVATOR_CONTACT_LIST": null, "ELEVATOR_INTERCOM": null, "WORKING_HRS": null, "EMPLOYEE_QTY": null, "EMPLOYEE_MALE": null, "EMPLOYEE_FEMALE": null, "EMPLOYEE_DIF_ABLE": null, "WORKING_HRS_STR": null, "WORKING_HRS_STP": null, "VISITORS_QTY": null, "VISITING_HRS_STR": null, "VISITING_HRS_STP": null, "VISITORS_QTY_2": null, "VISITING_HRS_STR_2": null, "VISITING_HRS_STP_2": null}}, {"type": "Feature", "id": 143, "geometry": {"type": "Point", "coordinates": [72.82923099993006, 18.950920000272337]}, "properties": {"OBJECTID": 143, "NAME": "Bhagat Hospital", "TYPE": 4, "SUBTYPE": "Speciality", "LOCATION": "Kalbadevi Rd, Champa Wadi, Kalbadevi, Mumbai", "ELEVATOR_CONTACT_LIST": null, "ELEVATOR_INTERCOM": null, "WORKING_HRS": null, "EMPLOYEE_QTY": null, "EMPLOYEE_MALE": null, "EMPLOYEE_FEMALE": null, "EMPLOYEE_DIF_ABLE": null, "WORKING_HRS_STR": null, "WORKING_HRS_STP": null, "VISITORS_QTY": null, "VISITING_HRS_STR": null, "VISITING_HRS_STP": null, "VISITORS_QTY_2": null, "VISITING_HRS_STR_2": null, "VISITING_HRS_STP_2": null}}, {"type": "Feature", "id": 145, "geometry": {"type": "Point", "coordinates": [72.8377154459609, 19.023413085833695]}, "properties": {"OBJECTID": 145, "NAME": "Shushrusha Hospital", "TYPE": 4, "SUBTYPE": "Speciality", "LOCATION": "698-B, Ranade Road, Near Cosmos Bank, Shivaji Park, Dadar West, Mumbai - 400028.", "ELEVATOR_CONTACT_LIST": "Yes", "ELEVATOR_INTERCOM": "No", "WORKING_HRS": "Yes", "EMPLOYEE_QTY": 654, "EMPLOYEE_MALE": null, "EMPLOYEE_FEMALE": null, "EMPLOYEE_DIF_ABLE": null, "WORKING_HRS_STR": null, "WORKING_HRS_STP": null, "VISITORS_QTY": null, "VISITING_HRS_STR": null, "VISITING_HRS_STP": null, "VISITORS_QTY_2": null, "VISITING_HRS_STR_2": null, "VISITING_HRS_STP_2": null}}, {"type": "Feature", "id": 146, "geometry": {"type": "Point", "coordinates": [72.84068300015588, 19.02377100011061]}, "properties": {"OBJECTID": 146, "NAME": "Brahman Sahayak Sangh Dhanvantari Hospital and Research Centre", "TYPE": 4, "SUBTYPE": "General", "LOCATION": "D L Vaidya Path, Bhawani Sankar, Dadar West Mumbai- 400028.", "ELEVATOR_CONTACT_LIST": "Yes", "ELEVATOR_INTERCOM": "No", "WORKING_HRS": "Yes", "EMPLOYEE_QTY": 158, "EMPLOYEE_MALE": null, "EMPLOYEE_FEMALE": null, "EMPLOYEE_DIF_ABLE": null, "WORKING_HRS_STR": null, "WORKING_HRS_STP": null, "VISITORS_QTY": null, "VISITING_HRS_STR": null, "VISITING_HRS_STP": null, "VISITORS_QTY_2": null, "VISITING_HRS_STR_2": null, "VISITING_HRS_STP_2": null}}, {"type": "Feature", "id": 147, "geometry": {"type": "Point", "coordinates": [72.83827999956537, 19.03353699989225]}, "properties": {"OBJECTID": 147, "NAME": "P.D. Hinduja Hospital & Medical Research Centre", "TYPE": 4, "SUBTYPE": "Speciality", "LOCATION": "Veer Savarkar Marg, Mahim West, Mumbai- 400016", "ELEVATOR_CONTACT_LIST": "Yes", "ELEVATOR_INTERCOM": "Yes", "WORKING_HRS": "Yes", "EMPLOYEE_QTY": 1561, "EMPLOYEE_MALE": null, "EMPLOYEE_FEMALE": null, "EMPLOYEE_DIF_ABLE": null, "WORKING_HRS_STR": null, "WORKING_HRS_STP": null, "VISITORS_QTY": null, "VISITING_HRS_STR": null, "VISITING_HRS_STP": null, "VISITORS_QTY_2": null, "VISITING_HRS_STR_2": null, "VISITING_HRS_STP_2": null}}, {"type": "Feature", "id": 148, "geometry": {"type": "Point", "coordinates": [72.84278899963137, 19.046150000286797]}, "properties": {"OBJECTID": 148, "NAME": "S. L. Raheja Hospital", "TYPE": 4, "SUBTYPE": "Speciality", "LOCATION": "Raheja Rugnalaya Marg, Near Fisherman Colony, Mahim West, Mumbai- 400016. rahejahospital.com", "ELEVATOR_CONTACT_LIST": "Yes", "ELEVATOR_INTERCOM": "Yes", "WORKING_HRS": "Yes", "EMPLOYEE_QTY": 752, "EMPLOYEE_MALE": null, "EMPLOYEE_FEMALE": null, "EMPLOYEE_DIF_ABLE": null, "WORKING_HRS_STR": null, "WORKING_HRS_STP": null, "VISITORS_QTY": null, "VISITING_HRS_STR": null, "VISITING_HRS_STP": null, "VISITORS_QTY_2": null, "VISITING_HRS_STR_2": null, "VISITING_HRS_STP_2": null}}, {"type": "Feature", "id": 149, "geometry": {"type": "Point", "coordinates": [72.8334950631953, 19.01217801647275]}, "properties": {"OBJECTID": 149, "NAME": "Punamiya Hospital", "TYPE": 4, "SUBTYPE": "General", "LOCATION": "101, Inder Tower, Gokhale Road South, Nr Tilak Bhavan, Dadar W, Mumbai - 400028. punamiyahospital.in", "ELEVATOR_CONTACT_LIST": null, "ELEVATOR_INTERCOM": null, "WORKING_HRS": null, "EMPLOYEE_QTY": null, "EMPLOYEE_MALE": null, "EMPLOYEE_FEMALE": null, "EMPLOYEE_DIF_ABLE": null, "WORKING_HRS_STR": null, "WORKING_HRS_STP": null, "VISITORS_QTY": null, "VISITING_HRS_STR": null, "VISITING_HRS_STP": null, "VISITORS_QTY_2": null, "VISITING_HRS_STR_2": null, "VISITING_HRS_STP_2": null}}, {"type": "Feature", "id": 150, "geometry": {"type": "Point", "coordinates": [72.833516210641, 19.015499066682555]}, "properties": {"OBJECTID": 150, "NAME": "Dev Nursing Home", "TYPE": 4, "SUBTYPE": "Nursing Home", "LOCATION": "Shilpa Apartments, 1st Floor,, Shankar Ghanekar Road,Dadar West, Mumbai - 400028.", "ELEVATOR_CONTACT_LIST": null, "ELEVATOR_INTERCOM": null, "WORKING_HRS": null, "EMPLOYEE_QTY": null, "EMPLOYEE_MALE": null, "EMPLOYEE_FEMALE": null, "EMPLOYEE_DIF_ABLE": null, "WORKING_HRS_STR": null, "WORKING_HRS_STP": null, "VISITORS_QTY": null, "VISITING_HRS_STR": null, "VISITING_HRS_STP": null, "VISITORS_QTY_2": null, "VISITING_HRS_STR_2": null, "VISITING_HRS_STP_2": null}}, {"type": "Feature", "id": 151, "geometry": {"type": "Point", "coordinates": [72.83793805034126, 19.0152888128942]}, "properties": {"OBJECTID": 151, "NAME": "Dr Navalkar Memorial General & Maternity Hospital", "TYPE": 4, "SUBTYPE": "Maternity Home", "LOCATION": "Nana Nivas Building, Baburao Parulekar Rd, South Dadar, Mumbai - 400028.", "ELEVATOR_CONTACT_LIST": null, "ELEVATOR_INTERCOM": null, "WORKING_HRS": null, "EMPLOYEE_QTY": null, "EMPLOYEE_MALE": null, "EMPLOYEE_FEMALE": null, "EMPLOYEE_DIF_ABLE": null, "WORKING_HRS_STR": null, "WORKING_HRS_STP": null, "VISITORS_QTY": null, "VISITING_HRS_STR": null, "VISITING_HRS_STP": null, "VISITORS_QTY_2": null, "VISITING_HRS_STR_2": null, "VISITING_HRS_STP_2": null}}, {"type": "Feature", "id": 152, "geometry": {"type": "Point", "coordinates": [72.83689321429411, 19.02505299967143]}, "properties": {"OBJECTID": 152, "NAME": "Nirmal Nursing Home", "TYPE": 4, "SUBTYPE": "Nursing Home", "LOCATION": "1st Floor, Gokul, 93, Ranade Road, Shivaji Park, Dadar West, Mumbai - 400028", "ELEVATOR_CONTACT_LIST": null, "ELEVATOR_INTERCOM": null, "WORKING_HRS": null, "EMPLOYEE_QTY": null, "EMPLOYEE_MALE": null, "EMPLOYEE_FEMALE": null, "EMPLOYEE_DIF_ABLE": null, "WORKING_HRS_STR": null, "WORKING_HRS_STP": null, "VISITORS_QTY": null, "VISITING_HRS_STR": null, "VISITING_HRS_STP": null, "VISITORS_QTY_2": null, "VISITING_HRS_STR_2": null, "VISITING_HRS_STP_2": null}}, {"type": "Feature", "id": 153, "geometry": {"type": "Point", "coordinates": [72.83730879472252, 19.019916618442423]}, "properties": {"OBJECTID": 153, "NAME": "Dr. Pinto Hospital", "TYPE": 4, "SUBTYPE": "Nursing Home", "LOCATION": "Gyan Sagar, C. H. S, S K Bole Rd, Dadar West, Mumbai - 401105.", "ELEVATOR_CONTACT_LIST": null, "ELEVATOR_INTERCOM": null, "WORKING_HRS": null, "EMPLOYEE_QTY": null, "EMPLOYEE_MALE": null, "EMPLOYEE_FEMALE": null, "EMPLOYEE_DIF_ABLE": null, "WORKING_HRS_STR": null, "WORKING_HRS_STP": null, "VISITORS_QTY": null, "VISITING_HRS_STR": null, "VISITING_HRS_STP": null, "VISITORS_QTY_2": null, "VISITING_HRS_STR_2": null, "VISITING_HRS_STP_2": null}}, {"type": "Feature", "id": 154, "geometry": {"type": "Point", "coordinates": [72.8379058350596, 19.024321130250158]}, "properties": {"OBJECTID": 154, "NAME": "SRL Diagnostics - Medical Laboratory", "TYPE": 99, "SUBTYPE": "0", "LOCATION": "1st Fl, Flat No. 101, Harmony Apartment, Ranade Rd, Chandrakant Dhuru Wadi, Dadar W, Mumbai - 28. ", "ELEVATOR_CONTACT_LIST": null, "ELEVATOR_INTERCOM": null, "WORKING_HRS": null, "EMPLOYEE_QTY": null, "EMPLOYEE_MALE": null, "EMPLOYEE_FEMALE": null, "EMPLOYEE_DIF_ABLE": null, "WORKING_HRS_STR": null, "WORKING_HRS_STP": null, "VISITORS_QTY": null, "VISITING_HRS_STR": null, "VISITING_HRS_STP": null, "VISITORS_QTY_2": null, "VISITING_HRS_STR_2": null, "VISITING_HRS_STP_2": null}}, {"type": "Feature", "id": 155, "geometry": {"type": "Point", "coordinates": [72.83677268685796, 19.024056941233535]}, "properties": {"OBJECTID": 155, "NAME": "Dr. Vaze Hospital", "TYPE": 4, "SUBTYPE": "Speciality", "LOCATION": "Meghdoot, SH Paralkar Marg, Near Senapati Bapat Chowk, Dadar West, Mumbai 400028", "ELEVATOR_CONTACT_LIST": null, "ELEVATOR_INTERCOM": null, "WORKING_HRS": null, "EMPLOYEE_QTY": null, "EMPLOYEE_MALE": null, "EMPLOYEE_FEMALE": null, "EMPLOYEE_DIF_ABLE": null, "WORKING_HRS_STR": null, "WORKING_HRS_STP": null, "VISITORS_QTY": null, "VISITING_HRS_STR": null, "VISITING_HRS_STP": null, "VISITORS_QTY_2": null, "VISITING_HRS_STR_2": null, "VISITING_HRS_STP_2": null}}, {"type": "Feature", "id": 156, "geometry": {"type": "Point", "coordinates": [72.83752225452069, 19.025314593490403]}, "properties": {"OBJECTID": 156, "NAME": "Dr. Patkar's Surgical Nursing Home", "TYPE": 4, "SUBTYPE": "Nursing Home", "LOCATION": "74, Anant Nivas, Keluskar Road, Shivaji Park,\nMumbai - 400028.", "ELEVATOR_CONTACT_LIST": null, "ELEVATOR_INTERCOM": null, "WORKING_HRS": null, "EMPLOYEE_QTY": null, "EMPLOYEE_MALE": null, "EMPLOYEE_FEMALE": null, "EMPLOYEE_DIF_ABLE": null, "WORKING_HRS_STR": null, "WORKING_HRS_STP": null, "VISITORS_QTY": null, "VISITING_HRS_STR": null, "VISITING_HRS_STP": null, "VISITORS_QTY_2": null, "VISITING_HRS_STR_2": null, "VISITING_HRS_STP_2": null}}, {"type": "Feature", "id": 157, "geometry": {"type": "Point", "coordinates": [72.93731700001818, 19.150687999701677]}, "properties": {"OBJECTID": 157, "NAME": "Krishna Nursing Home", "TYPE": 4, "SUBTYPE": "Nursing Home", "LOCATION": "Neha Apartment, Opp Badwaik Hospital, Lal Bahadur Shastri Marg, Battipada, Bhandup W, Mumbai - 78.", "ELEVATOR_CONTACT_LIST": "No", "ELEVATOR_INTERCOM": "No", "WORKING_HRS": null, "EMPLOYEE_QTY": 13, "EMPLOYEE_MALE": null, "EMPLOYEE_FEMALE": null, "EMPLOYEE_DIF_ABLE": null, "WORKING_HRS_STR": null, "WORKING_HRS_STP": null, "VISITORS_QTY": null, "VISITING_HRS_STR": null, "VISITING_HRS_STP": null, "VISITORS_QTY_2": null, "VISITING_HRS_STR_2": null, "VISITING_HRS_STP_2": null}}, {"type": "Feature", "id": 158, "geometry": {"type": "Point", "coordinates": [72.92973377678591, 19.15445788349406]}, "properties": {"OBJECTID": 158, "NAME": "Sarveshwar Hospital", "TYPE": 4, "SUBTYPE": "General", "LOCATION": "vaibhav cowk, Tembipada Rd, Tembhipada, Bhandup West, Mumbai - 400078.", "ELEVATOR_CONTACT_LIST": null, "ELEVATOR_INTERCOM": null, "WORKING_HRS": null, "EMPLOYEE_QTY": null, "EMPLOYEE_MALE": null, "EMPLOYEE_FEMALE": null, "EMPLOYEE_DIF_ABLE": null, "WORKING_HRS_STR": null, "WORKING_HRS_STP": null, "VISITORS_QTY": null, "VISITING_HRS_STR": null, "VISITING_HRS_STP": null, "VISITORS_QTY_2": null, "VISITING_HRS_STR_2": null, "VISITING_HRS_STP_2": null}}, {"type": "Feature", "id": 159, "geometry": {"type": "Point", "coordinates": [72.93591251921485, 19.158899756116277]}, "properties": {"OBJECTID": 159, "NAME": "Mumbai Arthritis Clinic & Research centre", "TYPE": 4, "SUBTYPE": "General", "LOCATION": "Mayuresh Srishti Complex, Srishti Heights Parking Rd, Rajiv Gandhi Nagar, Bhandup W, Mumbai - 78.", "ELEVATOR_CONTACT_LIST": null, "ELEVATOR_INTERCOM": null, "WORKING_HRS": null, "EMPLOYEE_QTY": null, "EMPLOYEE_MALE": null, "EMPLOYEE_FEMALE": null, "EMPLOYEE_DIF_ABLE": null, "WORKING_HRS_STR": null, "WORKING_HRS_STP": null, "VISITORS_QTY": null, "VISITING_HRS_STR": null, "VISITING_HRS_STP": null, "VISITORS_QTY_2": null, "VISITING_HRS_STR_2": null, "VISITING_HRS_STP_2": null}}, {"type": "Feature", "id": 161, "geometry": {"type": "Point", "coordinates": [72.92820437937048, 19.14773285103105]}, "properties": {"OBJECTID": 161, "NAME": "Rathod Nursing Home", "TYPE": 4, "SUBTYPE": "Nursing Home", "LOCATION": "A Wing, 1st Floor, Shiv Sagar Complex, Lala Seth Compound, Tembipada Rd, Bhandup W, Mum - 78.", "ELEVATOR_CONTACT_LIST": null, "ELEVATOR_INTERCOM": null, "WORKING_HRS": null, "EMPLOYEE_QTY": null, "EMPLOYEE_MALE": null, "EMPLOYEE_FEMALE": null, "EMPLOYEE_DIF_ABLE": null, "WORKING_HRS_STR": null, "WORKING_HRS_STP": null, "VISITORS_QTY": null, "VISITING_HRS_STR": null, "VISITING_HRS_STP": null, "VISITORS_QTY_2": null, "VISITING_HRS_STR_2": null, "VISITING_HRS_STP_2": null}}, {"type": "Feature", "id": 162, "geometry": {"type": "Point", "coordinates": [72.91422999997752, 19.13071399995323]}, "properties": {"OBJECTID": 162, "NAME": "IIT Hospital", "TYPE": 3, "SUBTYPE": "Speciality", "LOCATION": "Powai, Mumbai - 400076.", "ELEVATOR_CONTACT_LIST": null, "ELEVATOR_INTERCOM": null, "WORKING_HRS": null, "EMPLOYEE_QTY": null, "EMPLOYEE_MALE": null, "EMPLOYEE_FEMALE": null, "EMPLOYEE_DIF_ABLE": null, "WORKING_HRS_STR": null, "WORKING_HRS_STP": null, "VISITORS_QTY": null, "VISITING_HRS_STR": null, "VISITING_HRS_STP": null, "VISITORS_QTY_2": null, "VISITING_HRS_STR_2": null, "VISITING_HRS_STP_2": null}}, {"type": "Feature", "id": 163, "geometry": {"type": "Point", "coordinates": [72.91901859406057, 19.125583550572387]}, "properties": {"OBJECTID": 163, "NAME": "Padmalaya Maternity & Surgical Home", "TYPE": 4, "SUBTYPE": "Maternity Home", "LOCATION": "158-C, Sarasha CHS, Padmavati Soc. Marg, Opp IIT Market, Main Gate Rd, Tirandaz, Powai, Mumbai - 76.", "ELEVATOR_CONTACT_LIST": "No", "ELEVATOR_INTERCOM": "No", "WORKING_HRS": null, "EMPLOYEE_QTY": 10, "EMPLOYEE_MALE": null, "EMPLOYEE_FEMALE": null, "EMPLOYEE_DIF_ABLE": null, "WORKING_HRS_STR": null, "WORKING_HRS_STP": null, "VISITORS_QTY": null, "VISITING_HRS_STR": null, "VISITING_HRS_STP": null, "VISITORS_QTY_2": null, "VISITING_HRS_STR_2": null, "VISITING_HRS_STP_2": null}}, {"type": "Feature", "id": 164, "geometry": {"type": "Point", "coordinates": [72.9207529997197, 19.123532999644947]}, "properties": {"OBJECTID": 164, "NAME": "Dharshana Hospital", "TYPE": 4, "SUBTYPE": "General", "LOCATION": "Ramabai Ambedkar Nagar, Vikhroli West, Mumbai - 400083.", "ELEVATOR_CONTACT_LIST": null, "ELEVATOR_INTERCOM": null, "WORKING_HRS": null, "EMPLOYEE_QTY": null, "EMPLOYEE_MALE": null, "EMPLOYEE_FEMALE": null, "EMPLOYEE_DIF_ABLE": null, "WORKING_HRS_STR": null, "WORKING_HRS_STP": null, "VISITORS_QTY": null, "VISITING_HRS_STR": null, "VISITING_HRS_STP": null, "VISITORS_QTY_2": null, "VISITING_HRS_STR_2": null, "VISITING_HRS_STP_2": null}}, {"type": "Feature", "id": 166, "geometry": {"type": "Point", "coordinates": [72.91649600035372, 19.124432000354556]}, "properties": {"OBJECTID": 166, "NAME": "Powai Hospital", "TYPE": 4, "SUBTYPE": "General", "LOCATION": "Powai Internal Road, BSNL Colony, Powai Mumbai -400076.", "ELEVATOR_CONTACT_LIST": null, "ELEVATOR_INTERCOM": null, "WORKING_HRS": null, "EMPLOYEE_QTY": null, "EMPLOYEE_MALE": null, "EMPLOYEE_FEMALE": null, "EMPLOYEE_DIF_ABLE": null, "WORKING_HRS_STR": null, "WORKING_HRS_STP": null, "VISITORS_QTY": null, "VISITING_HRS_STR": null, "VISITING_HRS_STP": null, "VISITORS_QTY_2": null, "VISITING_HRS_STR_2": null, "VISITING_HRS_STP_2": null}}, {"type": "Feature", "id": 167, "geometry": {"type": "Point", "coordinates": [72.84306670755498, 19.144840924384887]}, "properties": {"OBJECTID": 167, "NAME": "Ruby Hospital", "TYPE": 4, "SUBTYPE": "General", "LOCATION": "Roop Apartments, 1st Floor, Swami Vivekanand Rd, Vaishali Nagar, Jogeshwari West, Mumbai - 400102.", "ELEVATOR_CONTACT_LIST": "Yes", "ELEVATOR_INTERCOM": "No", "WORKING_HRS": null, "EMPLOYEE_QTY": 56, "EMPLOYEE_MALE": null, "EMPLOYEE_FEMALE": null, "EMPLOYEE_DIF_ABLE": null, "WORKING_HRS_STR": null, "WORKING_HRS_STP": null, "VISITORS_QTY": null, "VISITING_HRS_STR": null, "VISITING_HRS_STP": null, "VISITORS_QTY_2": null, "VISITING_HRS_STR_2": null, "VISITING_HRS_STP_2": null}}, {"type": "Feature", "id": 168, "geometry": {"type": "Point", "coordinates": [72.84252900006751, 19.143732000017998]}, "properties": {"OBJECTID": 168, "NAME": "Noor Nurshing Home", "TYPE": 4, "SUBTYPE": "Nursing Home", "LOCATION": "Near Cafe Alif Hotel, Swami Vivekanand Rd, Raj Nagar, Gautam Nagar, Jogeshwari W, Mumbai - 400102.", "ELEVATOR_CONTACT_LIST": null, "ELEVATOR_INTERCOM": null, "WORKING_HRS": null, "EMPLOYEE_QTY": null, "EMPLOYEE_MALE": null, "EMPLOYEE_FEMALE": null, "EMPLOYEE_DIF_ABLE": null, "WORKING_HRS_STR": null, "WORKING_HRS_STP": null, "VISITORS_QTY": null, "VISITING_HRS_STR": null, "VISITING_HRS_STP": null, "VISITORS_QTY_2": null, "VISITING_HRS_STR_2": null, "VISITING_HRS_STP_2": null}}, {"type": "Feature", "id": 169, "geometry": {"type": "Point", "coordinates": [72.84302476597388, 19.143958142543156]}, "properties": {"OBJECTID": 169, "NAME": "Shivam Netram Eye Hospital", "TYPE": 4, "SUBTYPE": "Speciality", "LOCATION": "Swami Vivekanand Rd, Khoja Society, Vaishali Nagar, Jogeshwari West, Mumbai - 400102.", "ELEVATOR_CONTACT_LIST": null, "ELEVATOR_INTERCOM": null, "WORKING_HRS": null, "EMPLOYEE_QTY": null, "EMPLOYEE_MALE": null, "EMPLOYEE_FEMALE": null, "EMPLOYEE_DIF_ABLE": null, "WORKING_HRS_STR": null, "WORKING_HRS_STP": null, "VISITORS_QTY": null, "VISITING_HRS_STR": null, "VISITING_HRS_STP": null, "VISITORS_QTY_2": null, "VISITING_HRS_STR_2": null, "VISITING_HRS_STP_2": null}}, {"type": "Feature", "id": 170, "geometry": {"type": "Point", "coordinates": [72.84452800038224, 19.143348999966033]}, "properties": {"OBJECTID": 170, "NAME": "Shakti Hospital", "TYPE": 4, "SUBTYPE": "Nursing Home", "LOCATION": "B-19/5,Shakti Hospital, Haji Zahoor Qureshi Marg, Vaishali Nagar, Jogeshwari West, Mumbai - 400102.", "ELEVATOR_CONTACT_LIST": null, "ELEVATOR_INTERCOM": null, "WORKING_HRS": null, "EMPLOYEE_QTY": null, "EMPLOYEE_MALE": null, "EMPLOYEE_FEMALE": null, "EMPLOYEE_DIF_ABLE": null, "WORKING_HRS_STR": null, "WORKING_HRS_STP": null, "VISITORS_QTY": null, "VISITING_HRS_STR": null, "VISITING_HRS_STP": null, "VISITORS_QTY_2": null, "VISITING_HRS_STR_2": null, "VISITING_HRS_STP_2": null}}, {"type": "Feature", "id": 171, "geometry": {"type": "Point", "coordinates": [72.84851138253207, 19.13728377782971]}, "properties": {"OBJECTID": 171, "NAME": "Shah Hospital", "TYPE": 4, "SUBTYPE": "Nursing Home", "LOCATION": "Momin Nagar, Jogeshwari West, Mumbai.", "ELEVATOR_CONTACT_LIST": null, "ELEVATOR_INTERCOM": null, "WORKING_HRS": null, "EMPLOYEE_QTY": null, "EMPLOYEE_MALE": null, "EMPLOYEE_FEMALE": null, "EMPLOYEE_DIF_ABLE": null, "WORKING_HRS_STR": null, "WORKING_HRS_STP": null, "VISITORS_QTY": null, "VISITING_HRS_STR": null, "VISITING_HRS_STP": null, "VISITORS_QTY_2": null, "VISITING_HRS_STR_2": null, "VISITING_HRS_STP_2": null}}, {"type": "Feature", "id": 172, "geometry": {"type": "Point", "coordinates": [72.84658027114668, 19.137422418546542]}, "properties": {"OBJECTID": 172, "NAME": "Mallika Hospital", "TYPE": 4, "SUBTYPE": "General", "LOCATION": "No 52, Sharma Estate, S V Road, Collectors Colony, Next to Dewan Shopping Centre Jogeshwari W, Mumbai - 102.", "ELEVATOR_CONTACT_LIST": null, "ELEVATOR_INTERCOM": null, "WORKING_HRS": "Yes", "EMPLOYEE_QTY": 76, "EMPLOYEE_MALE": null, "EMPLOYEE_FEMALE": null, "EMPLOYEE_DIF_ABLE": null, "WORKING_HRS_STR": null, "WORKING_HRS_STP": null, "VISITORS_QTY": null, "VISITING_HRS_STR": null, "VISITING_HRS_STP": null, "VISITORS_QTY_2": null, "VISITING_HRS_STR_2": null, "VISITING_HRS_STP_2": null}}, {"type": "Feature", "id": 173, "geometry": {"type": "Point", "coordinates": [72.8468460429882, 19.13067022091086]}, "properties": {"OBJECTID": 173, "NAME": "Mothercare Hospital", "TYPE": 4, "SUBTYPE": "Maternity Home", "LOCATION": "Kevni Pada, Jogeshwari West, Mumbai - 400102.", "ELEVATOR_CONTACT_LIST": null, "ELEVATOR_INTERCOM": null, "WORKING_HRS": null, "EMPLOYEE_QTY": null, "EMPLOYEE_MALE": null, "EMPLOYEE_FEMALE": null, "EMPLOYEE_DIF_ABLE": null, "WORKING_HRS_STR": null, "WORKING_HRS_STP": null, "VISITORS_QTY": null, "VISITING_HRS_STR": null, "VISITING_HRS_STP": null, "VISITORS_QTY_2": null, "VISITING_HRS_STR_2": null, "VISITING_HRS_STP_2": null}}, {"type": "Feature", "id": 174, "geometry": {"type": "Point", "coordinates": [72.8473445483974, 19.127335555040897]}, "properties": {"OBJECTID": 174, "NAME": "World Gastroenterology Institute", "TYPE": 4, "SUBTYPE": "0", "LOCATION": "Opp. Corporation Bank, Swami Vivekanand Rd, Amboli, Mumbai, Maharashtra 400053.", "ELEVATOR_CONTACT_LIST": null, "ELEVATOR_INTERCOM": null, "WORKING_HRS": null, "EMPLOYEE_QTY": null, "EMPLOYEE_MALE": null, "EMPLOYEE_FEMALE": null, "EMPLOYEE_DIF_ABLE": null, "WORKING_HRS_STR": null, "WORKING_HRS_STP": null, "VISITORS_QTY": null, "VISITING_HRS_STR": null, "VISITING_HRS_STP": null, "VISITORS_QTY_2": null, "VISITING_HRS_STR_2": null, "VISITING_HRS_STP_2": null}}, {"type": "Feature", "id": 175, "geometry": {"type": "Point", "coordinates": [72.84227768180541, 19.123663431898812]}, "properties": {"OBJECTID": 175, "NAME": "Patil Hospital & Lata Patil Clinic", "TYPE": 4, "SUBTYPE": "Clinic", "LOCATION": "110A, J P Road, ,Opp. Navrang Cinema, Andheri West, Mumbai, Maharashtra 400058.", "ELEVATOR_CONTACT_LIST": null, "ELEVATOR_INTERCOM": null, "WORKING_HRS": null, "EMPLOYEE_QTY": null, "EMPLOYEE_MALE": null, "EMPLOYEE_FEMALE": null, "EMPLOYEE_DIF_ABLE": null, "WORKING_HRS_STR": null, "WORKING_HRS_STP": null, "VISITORS_QTY": null, "VISITING_HRS_STR": null, "VISITING_HRS_STP": null, "VISITORS_QTY_2": null, "VISITING_HRS_STR_2": null, "VISITING_HRS_STP_2": null}}, {"type": "Feature", "id": 176, "geometry": {"type": "Point", "coordinates": [72.84508500036563, 19.11943100004675]}, "properties": {"OBJECTID": 176, "NAME": "Brahma Kumari's BSES MG Hospital", "TYPE": 4, "SUBTYPE": "General", "LOCATION": "S V. Road, Lohana Colony,  Andheri West,Opp. Andheri Railway Station, Mumbai, Maharashtra 400058.", "ELEVATOR_CONTACT_LIST": null, "ELEVATOR_INTERCOM": null, "WORKING_HRS": null, "EMPLOYEE_QTY": null, "EMPLOYEE_MALE": null, "EMPLOYEE_FEMALE": null, "EMPLOYEE_DIF_ABLE": null, "WORKING_HRS_STR": null, "WORKING_HRS_STP": null, "VISITORS_QTY": null, "VISITING_HRS_STR": null, "VISITING_HRS_STP": null, "VISITORS_QTY_2": null, "VISITING_HRS_STR_2": null, "VISITING_HRS_STP_2": null}}, {"type": "Feature", "id": 177, "geometry": {"type": "Point", "coordinates": [72.83916648893724, 19.10399113467585]}, "properties": {"OBJECTID": 177, "NAME": "Anideep Eye Hospital and Institute", "TYPE": 4, "SUBTYPE": "Speciality", "LOCATION": "Plot No.414, Opp St.Joseph School, Swami Vivekanand Rd, Vile Parle West, Mumbai, Maharashtra 400056.", "ELEVATOR_CONTACT_LIST": "Yes", "ELEVATOR_INTERCOM": "Yes", "WORKING_HRS": "No", "EMPLOYEE_QTY": 16, "EMPLOYEE_MALE": null, "EMPLOYEE_FEMALE": null, "EMPLOYEE_DIF_ABLE": null, "WORKING_HRS_STR": null, "WORKING_HRS_STP": null, "VISITORS_QTY": null, "VISITING_HRS_STR": null, "VISITING_HRS_STP": null, "VISITORS_QTY_2": null, "VISITING_HRS_STR_2": null, "VISITING_HRS_STP_2": null}}, {"type": "Feature", "id": 178, "geometry": {"type": "Point", "coordinates": [72.84033200041347, 19.095749000140128]}, "properties": {"OBJECTID": 178, "NAME": "Dr Balabhai Nanavati Hospital (Main Bldg)", "TYPE": 4, "SUBTYPE": "Speciality", "LOCATION": "Swami Vivekanand Rd, Suresh Colony, Vile Parle West, Mumbai - 400056.", "ELEVATOR_CONTACT_LIST": "Yes", "ELEVATOR_INTERCOM": "Yes", "WORKING_HRS": "Yes", "EMPLOYEE_QTY": 795, "EMPLOYEE_MALE": null, "EMPLOYEE_FEMALE": null, "EMPLOYEE_DIF_ABLE": null, "WORKING_HRS_STR": null, "WORKING_HRS_STP": null, "VISITORS_QTY": null, "VISITING_HRS_STR": null, "VISITING_HRS_STP": null, "VISITORS_QTY_2": null, "VISITING_HRS_STR_2": null, "VISITING_HRS_STP_2": null}}, {"type": "Feature", "id": 179, "geometry": {"type": "Point", "coordinates": [72.83531897706709, 19.11562176545283]}, "properties": {"OBJECTID": 179, "NAME": "Criticare Multispecialty Hospital and Research Center", "TYPE": 4, "SUBTYPE": "General", "LOCATION": "J V P D Plot No. 38/39, Main Gulmohar Rd, Bhaktivedanta Swami Marg,  JVPD Scheme, Juhu, Andheri W, Mumbai - 49.", "ELEVATOR_CONTACT_LIST": "Yes", "ELEVATOR_INTERCOM": "Yes", "WORKING_HRS": null, "EMPLOYEE_QTY": 256, "EMPLOYEE_MALE": null, "EMPLOYEE_FEMALE": null, "EMPLOYEE_DIF_ABLE": null, "WORKING_HRS_STR": null, "WORKING_HRS_STP": null, "VISITORS_QTY": null, "VISITING_HRS_STR": null, "VISITING_HRS_STP": null, "VISITORS_QTY_2": null, "VISITING_HRS_STR_2": null, "VISITING_HRS_STP_2": null}}, {"type": "Feature", "id": 180, "geometry": {"type": "Point", "coordinates": [72.84178200018427, 19.11182400040344]}, "properties": {"OBJECTID": 180, "NAME": "Life Care Hospital", "TYPE": 4, "SUBTYPE": "General", "LOCATION": "2nd,Shri Mumbadevi Homeopathic Hospital Bldg, N R G G Road, Irla., Vile Parle W, Mumbai - 400056. ", "ELEVATOR_CONTACT_LIST": null, "ELEVATOR_INTERCOM": null, "WORKING_HRS": null, "EMPLOYEE_QTY": null, "EMPLOYEE_MALE": null, "EMPLOYEE_FEMALE": null, "EMPLOYEE_DIF_ABLE": null, "WORKING_HRS_STR": null, "WORKING_HRS_STP": null, "VISITORS_QTY": null, "VISITING_HRS_STR": null, "VISITING_HRS_STP": null, "VISITORS_QTY_2": null, "VISITING_HRS_STR_2": null, "VISITING_HRS_STP_2": null}}, {"type": "Feature", "id": 181, "geometry": {"type": "Point", "coordinates": [72.84028700903197, 19.106714130501587]}, "properties": {"OBJECTID": 181, "NAME": "Dr Sadiwala's Clinic", "TYPE": 4, "SUBTYPE": "Clinic", "LOCATION": "Majithai Apt. A wing, 3rd Floor, Swami Vivekanand Rd, Irla, Vile Parle W, Mumbai.", "ELEVATOR_CONTACT_LIST": null, "ELEVATOR_INTERCOM": null, "WORKING_HRS": null, "EMPLOYEE_QTY": null, "EMPLOYEE_MALE": null, "EMPLOYEE_FEMALE": null, "EMPLOYEE_DIF_ABLE": null, "WORKING_HRS_STR": null, "WORKING_HRS_STP": null, "VISITORS_QTY": null, "VISITING_HRS_STR": null, "VISITING_HRS_STP": null, "VISITORS_QTY_2": null, "VISITING_HRS_STR_2": null, "VISITING_HRS_STP_2": null}}, {"type": "Feature", "id": 182, "geometry": {"type": "Point", "coordinates": [72.82599599977654, 18.954887000176456]}, "properties": {"OBJECTID": 182, "NAME": "Kothari Hospital", "TYPE": 4, "SUBTYPE": "General", "LOCATION": "Cawasji Patel Tank Rd, Gulal Wadi, Bhuleshwar, Mumbai - 400004.", "ELEVATOR_CONTACT_LIST": null, "ELEVATOR_INTERCOM": null, "WORKING_HRS": null, "EMPLOYEE_QTY": null, "EMPLOYEE_MALE": null, "EMPLOYEE_FEMALE": null, "EMPLOYEE_DIF_ABLE": null, "WORKING_HRS_STR": null, "WORKING_HRS_STP": null, "VISITORS_QTY": null, "VISITING_HRS_STR": null, "VISITING_HRS_STP": null, "VISITORS_QTY_2": null, "VISITING_HRS_STR_2": null, "VISITING_HRS_STP_2": null}}, {"type": "Feature", "id": 183, "geometry": {"type": "Point", "coordinates": [72.82853699964632, 18.948050000266218]}, "properties": {"OBJECTID": 183, "NAME": "Dwarka Hospital", "TYPE": 4, "SUBTYPE": "0", "LOCATION": "Laxminarayan Complex, Lohar Chawl, Dr MB Velkar St, Chira Bazaar, Kalbadevi, Mumbai - 400002.", "ELEVATOR_CONTACT_LIST": null, "ELEVATOR_INTERCOM": null, "WORKING_HRS": null, "EMPLOYEE_QTY": null, "EMPLOYEE_MALE": null, "EMPLOYEE_FEMALE": null, "EMPLOYEE_DIF_ABLE": null, "WORKING_HRS_STR": null, "WORKING_HRS_STP": null, "VISITORS_QTY": null, "VISITING_HRS_STR": null, "VISITING_HRS_STP": null, "VISITORS_QTY_2": null, "VISITING_HRS_STR_2": null, "VISITING_HRS_STP_2": null}}, {"type": "Feature", "id": 185, "geometry": {"type": "Point", "coordinates": [72.8237029349703, 18.942870418798666]}, "properties": {"OBJECTID": 185, "NAME": "Shroff Eye Clinic Hospital", "TYPE": 4, "SUBTYPE": "Speciality", "LOCATION": "Shroff Eye Hospital\u00a0Marine Drive", "ELEVATOR_CONTACT_LIST": null, "ELEVATOR_INTERCOM": null, "WORKING_HRS": null, "EMPLOYEE_QTY": null, "EMPLOYEE_MALE": null, "EMPLOYEE_FEMALE": null, "EMPLOYEE_DIF_ABLE": null, "WORKING_HRS_STR": null, "WORKING_HRS_STP": null, "VISITORS_QTY": null, "VISITING_HRS_STR": null, "VISITING_HRS_STP": null, "VISITORS_QTY_2": null, "VISITING_HRS_STR_2": null, "VISITING_HRS_STP_2": null}}, {"type": "Feature", "id": 186, "geometry": {"type": "Point", "coordinates": [72.81349899998021, 18.965624000068047]}, "properties": {"OBJECTID": 186, "NAME": "Bhatia Hospital", "TYPE": 4, "SUBTYPE": "General", "LOCATION": "Tukaram Javaji Marg, Grant Road West, Tardeo, Mumbai - 400007.", "ELEVATOR_CONTACT_LIST": "Yes", "ELEVATOR_INTERCOM": "Yes", "WORKING_HRS": null, "EMPLOYEE_QTY": 509, "EMPLOYEE_MALE": null, "EMPLOYEE_FEMALE": null, "EMPLOYEE_DIF_ABLE": null, "WORKING_HRS_STR": null, "WORKING_HRS_STP": null, "VISITORS_QTY": null, "VISITING_HRS_STR": null, "VISITING_HRS_STP": null, "VISITORS_QTY_2": null, "VISITING_HRS_STR_2": null, "VISITING_HRS_STP_2": null}}, {"type": "Feature", "id": 187, "geometry": {"type": "Point", "coordinates": [72.81825299961048, 18.952591000239757]}, "properties": {"OBJECTID": 187, "NAME": "Saifee General Hospital", "TYPE": 4, "SUBTYPE": "General", "LOCATION": "15/17, Maharshi Karve Road, Opposite Charni Road Railway Station, Mumbai  400004", "ELEVATOR_CONTACT_LIST": "Yes", "ELEVATOR_INTERCOM": "Yes", "WORKING_HRS": null, "EMPLOYEE_QTY": 1165, "EMPLOYEE_MALE": null, "EMPLOYEE_FEMALE": null, "EMPLOYEE_DIF_ABLE": null, "WORKING_HRS_STR": null, "WORKING_HRS_STP": null, "VISITORS_QTY": null, "VISITING_HRS_STR": null, "VISITING_HRS_STP": null, "VISITORS_QTY_2": null, "VISITING_HRS_STR_2": null, "VISITING_HRS_STP_2": null}}, {"type": "Feature", "id": 188, "geometry": {"type": "Point", "coordinates": [72.901397999728, 19.05145800015069]}, "properties": {"OBJECTID": 188, "NAME": "Oma Hospital", "TYPE": 4, "SUBTYPE": "General", "LOCATION": "P No 5, Nr Diamond Garden,Opp K Stars Mall, Sion - Trombay Rd, V N Purav Marg, Chembur, Mumbai - 71.", "ELEVATOR_CONTACT_LIST": null, "ELEVATOR_INTERCOM": null, "WORKING_HRS": null, "EMPLOYEE_QTY": null, "EMPLOYEE_MALE": null, "EMPLOYEE_FEMALE": null, "EMPLOYEE_DIF_ABLE": null, "WORKING_HRS_STR": null, "WORKING_HRS_STP": null, "VISITORS_QTY": null, "VISITING_HRS_STR": null, "VISITING_HRS_STP": null, "VISITORS_QTY_2": null, "VISITING_HRS_STR_2": null, "VISITING_HRS_STP_2": null}}, {"type": "Feature", "id": 189, "geometry": {"type": "Point", "coordinates": [72.90009126248698, 19.062026926431127]}, "properties": {"OBJECTID": 189, "NAME": "D N J Group Of Hospital", "TYPE": 4, "SUBTYPE": "General", "LOCATION": "162, Gautam Ngr, Opp Mighty Comm Complex & R.B.K School, P Lokhande Marg, Govandi E, Mumbai - 43.", "ELEVATOR_CONTACT_LIST": null, "ELEVATOR_INTERCOM": null, "WORKING_HRS": null, "EMPLOYEE_QTY": null, "EMPLOYEE_MALE": null, "EMPLOYEE_FEMALE": null, "EMPLOYEE_DIF_ABLE": null, "WORKING_HRS_STR": null, "WORKING_HRS_STP": null, "VISITORS_QTY": null, "VISITING_HRS_STR": null, "VISITING_HRS_STP": null, "VISITORS_QTY_2": null, "VISITING_HRS_STR_2": null, "VISITING_HRS_STP_2": null}}, {"type": "Feature", "id": 190, "geometry": {"type": "Point", "coordinates": [72.89809452719201, 19.06181364687337]}, "properties": {"OBJECTID": 190, "NAME": "Icon Hospital & Research Centre", "TYPE": 4, "SUBTYPE": "General", "LOCATION": "DK Sandhu Marg, Chembur Gaothan, Chembur East, Mumbai - 400071.", "ELEVATOR_CONTACT_LIST": null, "ELEVATOR_INTERCOM": null, "WORKING_HRS": null, "EMPLOYEE_QTY": null, "EMPLOYEE_MALE": null, "EMPLOYEE_FEMALE": null, "EMPLOYEE_DIF_ABLE": null, "WORKING_HRS_STR": null, "WORKING_HRS_STP": null, "VISITORS_QTY": null, "VISITING_HRS_STR": null, "VISITING_HRS_STP": null, "VISITORS_QTY_2": null, "VISITING_HRS_STR_2": null, "VISITING_HRS_STP_2": null}}, {"type": "Feature", "id": 191, "geometry": {"type": "Point", "coordinates": [72.90499951909705, 19.08816181495219]}, "properties": {"OBJECTID": 191, "NAME": "Nulife Hospital", "TYPE": 4, "SUBTYPE": "General", "LOCATION": "A1, Harekrishna Bldg, 1st Floor, Nr Telephone Exchange, LBS Marg, Ghatkopar W, Mumbai - 86.", "ELEVATOR_CONTACT_LIST": null, "ELEVATOR_INTERCOM": null, "WORKING_HRS": null, "EMPLOYEE_QTY": null, "EMPLOYEE_MALE": null, "EMPLOYEE_FEMALE": null, "EMPLOYEE_DIF_ABLE": null, "WORKING_HRS_STR": null, "WORKING_HRS_STP": null, "VISITORS_QTY": null, "VISITING_HRS_STR": null, "VISITING_HRS_STP": null, "VISITORS_QTY_2": null, "VISITING_HRS_STR_2": null, "VISITING_HRS_STP_2": null}}, {"type": "Feature", "id": 192, "geometry": {"type": "Point", "coordinates": [72.92765799981807, 19.104043999819122]}, "properties": {"OBJECTID": 192, "NAME": "Godrej Memorial Hospital", "TYPE": 4, "SUBTYPE": "General", "LOCATION": "Opposite Godrej Tower Eastern Express Highway, Pirojshanagar, Vikhroli East, Mumbai - 400079.", "ELEVATOR_CONTACT_LIST": null, "ELEVATOR_INTERCOM": null, "WORKING_HRS": null, "EMPLOYEE_QTY": null, "EMPLOYEE_MALE": null, "EMPLOYEE_FEMALE": null, "EMPLOYEE_DIF_ABLE": null, "WORKING_HRS_STR": null, "WORKING_HRS_STP": null, "VISITORS_QTY": null, "VISITING_HRS_STR": null, "VISITING_HRS_STP": null, "VISITORS_QTY_2": null, "VISITING_HRS_STR_2": null, "VISITING_HRS_STP_2": null}}, {"type": "Feature", "id": 193, "geometry": {"type": "Point", "coordinates": [72.91357400021226, 19.09711599960959]}, "properties": {"OBJECTID": 193, "NAME": "Suvidha Hospital", "TYPE": 4, "SUBTYPE": "General", "LOCATION": "Ground Floor, Ratan Building, Bhaveshwar Road, Ghatkopar East, Mumbai - 400077.", "ELEVATOR_CONTACT_LIST": null, "ELEVATOR_INTERCOM": null, "WORKING_HRS": null, "EMPLOYEE_QTY": null, "EMPLOYEE_MALE": null, "EMPLOYEE_FEMALE": null, "EMPLOYEE_DIF_ABLE": null, "WORKING_HRS_STR": null, "WORKING_HRS_STP": null, "VISITORS_QTY": null, "VISITING_HRS_STR": null, "VISITING_HRS_STP": null, "VISITORS_QTY_2": null, "VISITING_HRS_STR_2": null, "VISITING_HRS_STP_2": null}}, {"type": "Feature", "id": 194, "geometry": {"type": "Point", "coordinates": [72.90415199989759, 19.0983910003944]}, "properties": {"OBJECTID": 194, "NAME": "Sant Muktabai General Hospital", "TYPE": 1, "SUBTYPE": "General", "LOCATION": "Barve nagar Bus Stop, Ramchandra B Kadam Marg, Bhatwadi, Barve Nagar, Ghatkopar W, Mumbai - 400084", "ELEVATOR_CONTACT_LIST": "Yes", "ELEVATOR_INTERCOM": "Yes", "WORKING_HRS": null, "EMPLOYEE_QTY": 137, "EMPLOYEE_MALE": null, "EMPLOYEE_FEMALE": null, "EMPLOYEE_DIF_ABLE": null, "WORKING_HRS_STR": null, "WORKING_HRS_STP": null, "VISITORS_QTY": null, "VISITING_HRS_STR": null, "VISITING_HRS_STP": null, "VISITORS_QTY_2": null, "VISITING_HRS_STR_2": null, "VISITING_HRS_STP_2": null}}, {"type": "Feature", "id": 195, "geometry": {"type": "Point", "coordinates": [72.90003999986084, 19.094073999657017]}, "properties": {"OBJECTID": 195, "NAME": "Vivek Hospital", "TYPE": 4, "SUBTYPE": "General", "LOCATION": "Sai Darshan Bldg, R.B Kadam Rd, (Nr Jagruti Ngr Metro Stn), Asalfa, Ghatkopar W, Mumbai - 84.", "ELEVATOR_CONTACT_LIST": null, "ELEVATOR_INTERCOM": null, "WORKING_HRS": null, "EMPLOYEE_QTY": null, "EMPLOYEE_MALE": null, "EMPLOYEE_FEMALE": null, "EMPLOYEE_DIF_ABLE": null, "WORKING_HRS_STR": null, "WORKING_HRS_STP": null, "VISITORS_QTY": null, "VISITING_HRS_STR": null, "VISITING_HRS_STP": null, "VISITORS_QTY_2": null, "VISITING_HRS_STR_2": null, "VISITING_HRS_STP_2": null}}, {"type": "Feature", "id": 196, "geometry": {"type": "Point", "coordinates": [72.91030900034951, 19.096090000218176]}, "properties": {"OBJECTID": 196, "NAME": "Nagher Samaj Hospital", "TYPE": 4, "SUBTYPE": "General", "LOCATION": "40 Shah Veni Bhavan, Ghatkopar West, Near Madhav Baug Hall, Jagdusha Nagar, Mumbai - 400086.", "ELEVATOR_CONTACT_LIST": null, "ELEVATOR_INTERCOM": null, "WORKING_HRS": null, "EMPLOYEE_QTY": null, "EMPLOYEE_MALE": null, "EMPLOYEE_FEMALE": null, "EMPLOYEE_DIF_ABLE": null, "WORKING_HRS_STR": null, "WORKING_HRS_STP": null, "VISITORS_QTY": null, "VISITING_HRS_STR": null, "VISITING_HRS_STP": null, "VISITORS_QTY_2": null, "VISITING_HRS_STR_2": null, "VISITING_HRS_STP_2": null}}, {"type": "Feature", "id": 197, "geometry": {"type": "Point", "coordinates": [72.90710234406257, 19.0904233253412]}, "properties": {"OBJECTID": 197, "NAME": "Sarvodaya Hospital", "TYPE": 4, "SUBTYPE": "General", "LOCATION": "Opposite Railway Station, Lal Bahadur Shastri Road, Near Gandhi Nagar, Ghatkopar W, Mumbai - 400086.", "ELEVATOR_CONTACT_LIST": null, "ELEVATOR_INTERCOM": null, "WORKING_HRS": null, "EMPLOYEE_QTY": null, "EMPLOYEE_MALE": null, "EMPLOYEE_FEMALE": null, "EMPLOYEE_DIF_ABLE": null, "WORKING_HRS_STR": null, "WORKING_HRS_STP": null, "VISITORS_QTY": null, "VISITING_HRS_STR": null, "VISITING_HRS_STP": null, "VISITORS_QTY_2": null, "VISITING_HRS_STR_2": null, "VISITING_HRS_STP_2": null}}, {"type": "Feature", "id": 198, "geometry": {"type": "Point", "coordinates": [72.90514444655011, 19.088549101336486]}, "properties": {"OBJECTID": 198, "NAME": "Jeevdaya Hospital", "TYPE": 4, "SUBTYPE": "General", "LOCATION": "1st Floor, B Wing, Dharmodaya Building, Jivdaya Ln, Ghatkopar West, Mumbai - 400086.", "ELEVATOR_CONTACT_LIST": null, "ELEVATOR_INTERCOM": null, "WORKING_HRS": null, "EMPLOYEE_QTY": null, "EMPLOYEE_MALE": null, "EMPLOYEE_FEMALE": null, "EMPLOYEE_DIF_ABLE": null, "WORKING_HRS_STR": null, "WORKING_HRS_STP": null, "VISITORS_QTY": null, "VISITING_HRS_STR": null, "VISITING_HRS_STP": null, "VISITORS_QTY_2": null, "VISITING_HRS_STR_2": null, "VISITING_HRS_STP_2": null}}, {"type": "Feature", "id": 199, "geometry": {"type": "Point", "coordinates": [72.84339100033259, 18.997712999817438]}, "properties": {"OBJECTID": 199, "NAME": "The Bai Sakarbai Dinshaw Petit Veterinary Hospital", "TYPE": 4, "SUBTYPE": "Veterinary", "LOCATION": "General Nagesh Road, St Xavier Street, Near Maharishi Dayanand College, Parel Mumbai - 400012.", "ELEVATOR_CONTACT_LIST": null, "ELEVATOR_INTERCOM": null, "WORKING_HRS": null, "EMPLOYEE_QTY": null, "EMPLOYEE_MALE": null, "EMPLOYEE_FEMALE": null, "EMPLOYEE_DIF_ABLE": null, "WORKING_HRS_STR": null, "WORKING_HRS_STP": null, "VISITORS_QTY": null, "VISITING_HRS_STR": null, "VISITING_HRS_STP": null, "VISITORS_QTY_2": null, "VISITING_HRS_STR_2": null, "VISITING_HRS_STP_2": null}}, {"type": "Feature", "id": 200, "geometry": {"type": "Point", "coordinates": [72.83710549227276, 18.998271300540466]}, "properties": {"OBJECTID": 200, "NAME": "Maru Hospital", "TYPE": 4, "SUBTYPE": "Speciality", "LOCATION": "Dr Babasaheb Ambedkar Road, Near ITC Grand Central Hotel, Curry Road, Mumbai - 400012", "ELEVATOR_CONTACT_LIST": null, "ELEVATOR_INTERCOM": null, "WORKING_HRS": null, "EMPLOYEE_QTY": null, "EMPLOYEE_MALE": null, "EMPLOYEE_FEMALE": null, "EMPLOYEE_DIF_ABLE": null, "WORKING_HRS_STR": null, "WORKING_HRS_STP": null, "VISITORS_QTY": null, "VISITING_HRS_STR": null, "VISITING_HRS_STP": null, "VISITORS_QTY_2": null, "VISITING_HRS_STR_2": null, "VISITING_HRS_STP_2": null}}, {"type": "Feature", "id": 202, "geometry": {"type": "Point", "coordinates": [72.83990500010998, 18.99911300004756]}, "properties": {"OBJECTID": 202, "NAME": "Global Hospital", "TYPE": 4, "SUBTYPE": "General", "LOCATION": "35, Dr. E. Borges Road,, Parel, Mumbai - 400012.", "ELEVATOR_CONTACT_LIST": "Yes", "ELEVATOR_INTERCOM": "Yes", "WORKING_HRS": "Yes", "EMPLOYEE_QTY": 945, "EMPLOYEE_MALE": null, "EMPLOYEE_FEMALE": null, "EMPLOYEE_DIF_ABLE": null, "WORKING_HRS_STR": null, "WORKING_HRS_STP": null, "VISITORS_QTY": null, "VISITING_HRS_STR": null, "VISITING_HRS_STP": null, "VISITORS_QTY_2": null, "VISITING_HRS_STR_2": null, "VISITING_HRS_STP_2": null}}, {"type": "Feature", "id": 203, "geometry": {"type": "Point", "coordinates": [72.84012599957943, 18.9995290003678]}, "properties": {"OBJECTID": 203, "NAME": "CDKD Hospital", "TYPE": 4, "SUBTYPE": "Speciality", "LOCATION": "Dr Ernest Borges Marg, Parel, Mumbai - 400012.", "ELEVATOR_CONTACT_LIST": null, "ELEVATOR_INTERCOM": null, "WORKING_HRS": null, "EMPLOYEE_QTY": null, "EMPLOYEE_MALE": null, "EMPLOYEE_FEMALE": null, "EMPLOYEE_DIF_ABLE": null, "WORKING_HRS_STR": null, "WORKING_HRS_STP": null, "VISITORS_QTY": null, "VISITING_HRS_STR": null, "VISITING_HRS_STP": null, "VISITORS_QTY_2": null, "VISITING_HRS_STR_2": null, "VISITING_HRS_STP_2": null}}, {"type": "Feature", "id": 205, "geometry": {"type": "Point", "coordinates": [72.84336749162851, 19.004208085742945]}, "properties": {"OBJECTID": 205, "NAME": "Bajaj Orthopaedic Hospital", "TYPE": 4, "SUBTYPE": "Speciality", "LOCATION": "Dr Ernest Borges Rd, Parel, Mumbai - 400012.", "ELEVATOR_CONTACT_LIST": null, "ELEVATOR_INTERCOM": null, "WORKING_HRS": null, "EMPLOYEE_QTY": null, "EMPLOYEE_MALE": null, "EMPLOYEE_FEMALE": null, "EMPLOYEE_DIF_ABLE": null, "WORKING_HRS_STR": null, "WORKING_HRS_STP": null, "VISITORS_QTY": null, "VISITING_HRS_STR": null, "VISITING_HRS_STP": null, "VISITORS_QTY_2": null, "VISITING_HRS_STR_2": null, "VISITING_HRS_STP_2": null}}, {"type": "Feature", "id": 206, "geometry": {"type": "Point", "coordinates": [72.85261150668443, 19.005241767631276]}, "properties": {"OBJECTID": 206, "NAME": "The Maharashtra State Anti Tuberculosis Association", "TYPE": 2, "SUBTYPE": "General", "LOCATION": "Jerbai Wadia Road, Gandhi Nagar, Near TB Hospital, Wadala West, Mumbai - 400015. http://www.msatba.webs.com/", "ELEVATOR_CONTACT_LIST": null, "ELEVATOR_INTERCOM": null, "WORKING_HRS": null, "EMPLOYEE_QTY": null, "EMPLOYEE_MALE": null, "EMPLOYEE_FEMALE": null, "EMPLOYEE_DIF_ABLE": null, "WORKING_HRS_STR": null, "WORKING_HRS_STP": null, "VISITORS_QTY": null, "VISITING_HRS_STR": null, "VISITING_HRS_STP": null, "VISITORS_QTY_2": null, "VISITING_HRS_STR_2": null, "VISITING_HRS_STP_2": null}}, {"type": "Feature", "id": 207, "geometry": {"type": "Point", "coordinates": [72.85198199960563, 19.007289999810215]}, "properties": {"OBJECTID": 207, "NAME": "Ramesh Premchand TB Hospital", "TYPE": 1, "SUBTYPE": "Speciality", "LOCATION": "Group Of T B Hospital, Sewree East, Mumbai - 400015", "ELEVATOR_CONTACT_LIST": null, "ELEVATOR_INTERCOM": null, "WORKING_HRS": null, "EMPLOYEE_QTY": null, "EMPLOYEE_MALE": null, "EMPLOYEE_FEMALE": null, "EMPLOYEE_DIF_ABLE": null, "WORKING_HRS_STR": null, "WORKING_HRS_STP": null, "VISITORS_QTY": null, "VISITING_HRS_STR": null, "VISITING_HRS_STP": null, "VISITORS_QTY_2": null, "VISITING_HRS_STR_2": null, "VISITING_HRS_STP_2": null}}, {"type": "Feature", "id": 209, "geometry": {"type": "Point", "coordinates": [72.84672500035688, 19.012900999652224]}, "properties": {"OBJECTID": 209, "NAME": "Dr Karmarkar Hospital", "TYPE": 4, "SUBTYPE": "Speciality", "LOCATION": "172/A, Naigaum, Mahatma Jyotiba Phule Rd, Old bdd chawl, Bhoiwada, Dadar East, Mumbai - 400014.", "ELEVATOR_CONTACT_LIST": null, "ELEVATOR_INTERCOM": null, "WORKING_HRS": null, "EMPLOYEE_QTY": null, "EMPLOYEE_MALE": null, "EMPLOYEE_FEMALE": null, "EMPLOYEE_DIF_ABLE": null, "WORKING_HRS_STR": null, "WORKING_HRS_STP": null, "VISITORS_QTY": null, "VISITING_HRS_STR": null, "VISITING_HRS_STP": null, "VISITORS_QTY_2": null, "VISITING_HRS_STR_2": null, "VISITING_HRS_STP_2": null}}, {"type": "Feature", "id": 210, "geometry": {"type": "Point", "coordinates": [72.86158800021703, 19.012795999791]}, "properties": {"OBJECTID": 210, "NAME": "Mumbai Port Trust Hospital", "TYPE": 3, "SUBTYPE": "General", "LOCATION": "ICTC Wadala, L M Nadkarni Marg, Wadala East, Mumbai - 400015.", "ELEVATOR_CONTACT_LIST": "Yes", "ELEVATOR_INTERCOM": "Yes", "WORKING_HRS": null, "EMPLOYEE_QTY": null, "EMPLOYEE_MALE": null, "EMPLOYEE_FEMALE": null, "EMPLOYEE_DIF_ABLE": null, "WORKING_HRS_STR": null, "WORKING_HRS_STP": null, "VISITORS_QTY": null, "VISITING_HRS_STR": null, "VISITING_HRS_STP": null, "VISITORS_QTY_2": null, "VISITING_HRS_STR_2": null, "VISITING_HRS_STP_2": null}}, {"type": "Feature", "id": 212, "geometry": {"type": "Point", "coordinates": [72.84019499984139, 19.003054000040166]}, "properties": {"OBJECTID": 212, "NAME": "KBH Bacchooali Eye & E. N. T Hospital", "TYPE": 4, "SUBTYPE": "Speciality", "LOCATION": "58/60, Jehangir Merwanji Street, Parel, Mumbai -  400012. http://kbhbhospital.org", "ELEVATOR_CONTACT_LIST": null, "ELEVATOR_INTERCOM": null, "WORKING_HRS": null, "EMPLOYEE_QTY": null, "EMPLOYEE_MALE": null, "EMPLOYEE_FEMALE": null, "EMPLOYEE_DIF_ABLE": null, "WORKING_HRS_STR": null, "WORKING_HRS_STP": null, "VISITORS_QTY": null, "VISITING_HRS_STR": null, "VISITING_HRS_STP": null, "VISITORS_QTY_2": null, "VISITING_HRS_STR_2": null, "VISITING_HRS_STP_2": null}}, {"type": "Feature", "id": 213, "geometry": {"type": "Point", "coordinates": [72.84072488637582, 19.029863837945264]}, "properties": {"OBJECTID": 213, "NAME": "Ashirwad Nursing Home", "TYPE": 4, "SUBTYPE": "Nursing Home", "LOCATION": "Rizvi Niketan Building, Gopi Tank Road, Near Sant Tukaram Balodyan, Mahim West, Mumbai, 400016", "ELEVATOR_CONTACT_LIST": null, "ELEVATOR_INTERCOM": null, "WORKING_HRS": null, "EMPLOYEE_QTY": null, "EMPLOYEE_MALE": null, "EMPLOYEE_FEMALE": null, "EMPLOYEE_DIF_ABLE": null, "WORKING_HRS_STR": null, "WORKING_HRS_STP": null, "VISITORS_QTY": null, "VISITING_HRS_STR": null, "VISITING_HRS_STP": null, "VISITORS_QTY_2": null, "VISITING_HRS_STR_2": null, "VISITING_HRS_STP_2": null}}, {"type": "Feature", "id": 214, "geometry": {"type": "Point", "coordinates": [72.83845499973671, 19.031528000344103]}, "properties": {"OBJECTID": 214, "NAME": "Triveni Nursing Home", "TYPE": 4, "SUBTYPE": "Nursing Home", "LOCATION": "\"Swatantrya Veer Savarkar Marg, Shivaji Park\nMumbai\"", "ELEVATOR_CONTACT_LIST": null, "ELEVATOR_INTERCOM": null, "WORKING_HRS": null, "EMPLOYEE_QTY": null, "EMPLOYEE_MALE": null, "EMPLOYEE_FEMALE": null, "EMPLOYEE_DIF_ABLE": null, "WORKING_HRS_STR": null, "WORKING_HRS_STP": null, "VISITORS_QTY": null, "VISITING_HRS_STR": null, "VISITING_HRS_STP": null, "VISITORS_QTY_2": null, "VISITING_HRS_STR_2": null, "VISITING_HRS_STP_2": null}}, {"type": "Feature", "id": 215, "geometry": {"type": "Point", "coordinates": [72.84451229201682, 19.040189659369116]}, "properties": {"OBJECTID": 215, "NAME": "Pikale Hospital", "TYPE": 4, "SUBTYPE": "Speciality", "LOCATION": "Uma Mahesh Building, 2nd Cross Road, Mia Mohd. Chhotani Rd., Wanjawadi, Mahim West, Mumbai -400016.", "ELEVATOR_CONTACT_LIST": "Yes", "ELEVATOR_INTERCOM": "Yes", "WORKING_HRS": "Yes", "EMPLOYEE_QTY": 128, "EMPLOYEE_MALE": null, "EMPLOYEE_FEMALE": null, "EMPLOYEE_DIF_ABLE": null, "WORKING_HRS_STR": null, "WORKING_HRS_STP": null, "VISITORS_QTY": null, "VISITING_HRS_STR": null, "VISITING_HRS_STP": null, "VISITORS_QTY_2": null, "VISITING_HRS_STR_2": null, "VISITING_HRS_STP_2": null}}, {"type": "Feature", "id": 216, "geometry": {"type": "Point", "coordinates": [72.84215509687998, 19.039443450392877]}, "properties": {"OBJECTID": 216, "NAME": "Shobhana Nursing Home", "TYPE": 4, "SUBTYPE": "Nursing Home", "LOCATION": "57, Shaffi Manzil, L J Road, Mahim, Mumbai 400016", "ELEVATOR_CONTACT_LIST": "NA", "ELEVATOR_INTERCOM": "NA", "WORKING_HRS": null, "EMPLOYEE_QTY": null, "EMPLOYEE_MALE": null, "EMPLOYEE_FEMALE": null, "EMPLOYEE_DIF_ABLE": null, "WORKING_HRS_STR": null, "WORKING_HRS_STP": null, "VISITORS_QTY": null, "VISITING_HRS_STR": null, "VISITING_HRS_STP": null, "VISITORS_QTY_2": null, "VISITING_HRS_STR_2": null, "VISITING_HRS_STP_2": null}}, {"type": "Feature", "id": 217, "geometry": {"type": "Point", "coordinates": [72.84064499998186, 19.03705200040553]}, "properties": {"OBJECTID": 217, "NAME": "Prabhat Maternity & Surgical Nursing Home", "TYPE": 4, "SUBTYPE": "Nursing Home", "LOCATION": "Building No. 26, 1st Floor, Prabhat BhavanKapad Bazar Road, Mahim, Mumbai- 400016.", "ELEVATOR_CONTACT_LIST": null, "ELEVATOR_INTERCOM": null, "WORKING_HRS": null, "EMPLOYEE_QTY": null, "EMPLOYEE_MALE": null, "EMPLOYEE_FEMALE": null, "EMPLOYEE_DIF_ABLE": null, "WORKING_HRS_STR": null, "WORKING_HRS_STP": null, "VISITORS_QTY": null, "VISITING_HRS_STR": null, "VISITING_HRS_STP": null, "VISITORS_QTY_2": null, "VISITING_HRS_STR_2": null, "VISITING_HRS_STP_2": null}}, {"type": "Feature", "id": 218, "geometry": {"type": "Point", "coordinates": [72.83998899970008, 19.036084999857785]}, "properties": {"OBJECTID": 218, "NAME": "Johari Nursing Home", "TYPE": 4, "SUBTYPE": "Nursing Home", "LOCATION": "R Raikar Marg, Mahim West, Mahim\nMumbai.", "ELEVATOR_CONTACT_LIST": null, "ELEVATOR_INTERCOM": null, "WORKING_HRS": null, "EMPLOYEE_QTY": null, "EMPLOYEE_MALE": null, "EMPLOYEE_FEMALE": null, "EMPLOYEE_DIF_ABLE": null, "WORKING_HRS_STR": null, "WORKING_HRS_STP": null, "VISITORS_QTY": null, "VISITING_HRS_STR": null, "VISITING_HRS_STP": null, "VISITORS_QTY_2": null, "VISITING_HRS_STR_2": null, "VISITING_HRS_STP_2": null}}, {"type": "Feature", "id": 219, "geometry": {"type": "Point", "coordinates": [72.81607570165565, 19.001757154852374]}, "properties": {"OBJECTID": 219, "NAME": "M A Podar Hospital", "TYPE": 2, "SUBTYPE": "General", "LOCATION": "Dr Annie Besant Road, Worli, Mumbai - 400018. ayurvedinstitute.com", "ELEVATOR_CONTACT_LIST": null, "ELEVATOR_INTERCOM": null, "WORKING_HRS": null, "EMPLOYEE_QTY": 204, "EMPLOYEE_MALE": null, "EMPLOYEE_FEMALE": null, "EMPLOYEE_DIF_ABLE": null, "WORKING_HRS_STR": null, "WORKING_HRS_STP": null, "VISITORS_QTY": null, "VISITING_HRS_STR": null, "VISITING_HRS_STP": null, "VISITORS_QTY_2": null, "VISITING_HRS_STR_2": null, "VISITING_HRS_STP_2": null}}, {"type": "Feature", "id": 220, "geometry": {"type": "Point", "coordinates": [72.8169964872742, 19.0017513918591]}, "properties": {"OBJECTID": 220, "NAME": "ESIS Hospital", "TYPE": 2, "SUBTYPE": "General", "LOCATION": "Near Worli Naka, Behind Poddar Hospital, Ganpatrao Kadam Marg, Worli, Mumbai - 400018. Dr Shrikant", "ELEVATOR_CONTACT_LIST": "Yes", "ELEVATOR_INTERCOM": "No", "WORKING_HRS": "Yes", "EMPLOYEE_QTY": 155, "EMPLOYEE_MALE": null, "EMPLOYEE_FEMALE": null, "EMPLOYEE_DIF_ABLE": null, "WORKING_HRS_STR": null, "WORKING_HRS_STP": null, "VISITORS_QTY": null, "VISITING_HRS_STR": null, "VISITING_HRS_STP": null, "VISITORS_QTY_2": null, "VISITING_HRS_STR_2": null, "VISITING_HRS_STP_2": null}}, {"type": "Feature", "id": 221, "geometry": {"type": "Point", "coordinates": [72.8307385366625, 18.986921573091102]}, "properties": {"OBJECTID": 221, "NAME": "Nirmala Maternity & Surgical Hospital", "TYPE": 4, "SUBTYPE": "Maternity Home", "LOCATION": "Shubhashish Building, Pandurang Balaji Bagava Marg, Near Subhash Nagar, Chinchpokali, Mumbai -400011", "ELEVATOR_CONTACT_LIST": "No", "ELEVATOR_INTERCOM": "Yes", "WORKING_HRS": null, "EMPLOYEE_QTY": null, "EMPLOYEE_MALE": null, "EMPLOYEE_FEMALE": null, "EMPLOYEE_DIF_ABLE": null, "WORKING_HRS_STR": null, "WORKING_HRS_STP": null, "VISITORS_QTY": null, "VISITING_HRS_STR": null, "VISITING_HRS_STP": null, "VISITORS_QTY_2": null, "VISITING_HRS_STR_2": null, "VISITING_HRS_STP_2": null}}, {"type": "Feature", "id": 222, "geometry": {"type": "Point", "coordinates": [72.8212589995415, 19.014343000090168]}, "properties": {"OBJECTID": 222, "NAME": "Dr D Y Patil hospital & research centre", "TYPE": 4, "SUBTYPE": "General", "LOCATION": "Opposite Dr. D. Y. Patil internation school Building, Adarsh Nagar, Worli, Mumbai", "ELEVATOR_CONTACT_LIST": null, "ELEVATOR_INTERCOM": null, "WORKING_HRS": null, "EMPLOYEE_QTY": null, "EMPLOYEE_MALE": null, "EMPLOYEE_FEMALE": null, "EMPLOYEE_DIF_ABLE": null, "WORKING_HRS_STR": null, "WORKING_HRS_STP": null, "VISITORS_QTY": null, "VISITING_HRS_STR": null, "VISITING_HRS_STP": null, "VISITORS_QTY_2": null, "VISITING_HRS_STR_2": null, "VISITING_HRS_STP_2": null}}, {"type": "Feature", "id": 223, "geometry": {"type": "Point", "coordinates": [72.82644699977499, 19.015059999788825]}, "properties": {"OBJECTID": 223, "NAME": "Municipal Hospital Worli", "TYPE": 1, "SUBTYPE": "Maternity Home", "LOCATION": "Old Prabhadevi Marg, G-South Ward, Dadar (W), Prabhadevi, Mumbai - 400025", "ELEVATOR_CONTACT_LIST": null, "ELEVATOR_INTERCOM": null, "WORKING_HRS": null, "EMPLOYEE_QTY": null, "EMPLOYEE_MALE": null, "EMPLOYEE_FEMALE": null, "EMPLOYEE_DIF_ABLE": null, "WORKING_HRS_STR": null, "WORKING_HRS_STP": null, "VISITORS_QTY": null, "VISITING_HRS_STR": null, "VISITING_HRS_STP": null, "VISITORS_QTY_2": null, "VISITING_HRS_STR_2": null, "VISITING_HRS_STP_2": null}}, {"type": "Feature", "id": 224, "geometry": {"type": "Point", "coordinates": [72.8266588799098, 19.013892863076386]}, "properties": {"OBJECTID": 224, "NAME": "Municipal Materinty Family Wefare Centre", "TYPE": 1, "SUBTYPE": "Maternity Home", "LOCATION": "C-5 Charak Co-operative Housing, Junction of Savarkar marg and Murari Ghag Road, Prabhadevi, Mumbai", "ELEVATOR_CONTACT_LIST": null, "ELEVATOR_INTERCOM": null, "WORKING_HRS": null, "EMPLOYEE_QTY": null, "EMPLOYEE_MALE": null, "EMPLOYEE_FEMALE": null, "EMPLOYEE_DIF_ABLE": null, "WORKING_HRS_STR": null, "WORKING_HRS_STP": null, "VISITORS_QTY": null, "VISITING_HRS_STR": null, "VISITING_HRS_STP": null, "VISITORS_QTY_2": null, "VISITING_HRS_STR_2": null, "VISITING_HRS_STP_2": null}}, {"type": "Feature", "id": 225, "geometry": {"type": "Point", "coordinates": [72.81386600042634, 19.003373999739768]}, "properties": {"OBJECTID": 225, "NAME": "Worli Dispensary", "TYPE": 3, "SUBTYPE": "Dispensary", "LOCATION": "Dr R G Thadani Marg, Worli Sea Face, Worli, Mumbai - 400030", "ELEVATOR_CONTACT_LIST": "No", "ELEVATOR_INTERCOM": "No", "WORKING_HRS": "No", "EMPLOYEE_QTY": 5, "EMPLOYEE_MALE": null, "EMPLOYEE_FEMALE": null, "EMPLOYEE_DIF_ABLE": null, "WORKING_HRS_STR": null, "WORKING_HRS_STP": null, "VISITORS_QTY": null, "VISITING_HRS_STR": null, "VISITING_HRS_STP": null, "VISITORS_QTY_2": null, "VISITING_HRS_STR_2": null, "VISITING_HRS_STP_2": null}}, {"type": "Feature", "id": 226, "geometry": {"type": "Point", "coordinates": [72.82943700015011, 18.992134000179046]}, "properties": {"OBJECTID": 226, "NAME": "Dr Mhaskar Hospital", "TYPE": 4, "SUBTYPE": "Nursing Home", "LOCATION": "31, B.D.D. CHAWL, N.M. JOHI MARG, LOWER PAREL, Mumbai - 400013.", "ELEVATOR_CONTACT_LIST": "No", "ELEVATOR_INTERCOM": "No", "WORKING_HRS": null, "EMPLOYEE_QTY": null, "EMPLOYEE_MALE": null, "EMPLOYEE_FEMALE": null, "EMPLOYEE_DIF_ABLE": null, "WORKING_HRS_STR": null, "WORKING_HRS_STP": null, "VISITORS_QTY": null, "VISITING_HRS_STR": null, "VISITING_HRS_STP": null, "VISITORS_QTY_2": null, "VISITING_HRS_STR_2": null, "VISITING_HRS_STP_2": null}}, {"type": "Feature", "id": 227, "geometry": {"type": "Point", "coordinates": [72.82418089365353, 18.99899403299849]}, "properties": {"OBJECTID": 227, "NAME": "Gopalkrishna Piramal Memorial Hospital", "TYPE": 4, "SUBTYPE": "General", "LOCATION": "Piramal Tower Annexe, 2nd floor, Ganpatrao Kadam Marg, Near Siddhivinayak Medical, Lower Parel, Mumbai- 400018", "ELEVATOR_CONTACT_LIST": null, "ELEVATOR_INTERCOM": null, "WORKING_HRS": null, "EMPLOYEE_QTY": null, "EMPLOYEE_MALE": null, "EMPLOYEE_FEMALE": null, "EMPLOYEE_DIF_ABLE": null, "WORKING_HRS_STR": null, "WORKING_HRS_STP": null, "VISITORS_QTY": null, "VISITING_HRS_STR": null, "VISITING_HRS_STP": null, "VISITORS_QTY_2": null, "VISITING_HRS_STR_2": null, "VISITING_HRS_STP_2": null}}, {"type": "Feature", "id": 228, "geometry": {"type": "Point", "coordinates": [72.82323000030418, 19.013156999706244]}, "properties": {"OBJECTID": 228, "NAME": "Parikh Nursing Home", "TYPE": 4, "SUBTYPE": "Nursing Home", "LOCATION": "Dr. Annie Besant Road, Opp. Century Bazar, Near Fire Brigade, Prabhadevi, Mumbai - 400025.", "ELEVATOR_CONTACT_LIST": null, "ELEVATOR_INTERCOM": null, "WORKING_HRS": null, "EMPLOYEE_QTY": null, "EMPLOYEE_MALE": null, "EMPLOYEE_FEMALE": null, "EMPLOYEE_DIF_ABLE": null, "WORKING_HRS_STR": null, "WORKING_HRS_STP": null, "VISITORS_QTY": null, "VISITING_HRS_STR": null, "VISITING_HRS_STP": null, "VISITORS_QTY_2": null, "VISITING_HRS_STR_2": null, "VISITING_HRS_STP_2": null}}, {"type": "Feature", "id": 229, "geometry": {"type": "Point", "coordinates": [72.95575382578538, 19.162892044882096]}, "properties": {"OBJECTID": 229, "NAME": "Mahatme Health and Happiness Hospital", "TYPE": 4, "SUBTYPE": "Speciality", "LOCATION": "4, LIC Housing Colony, Mulund East, Mumbai- 400081.", "ELEVATOR_CONTACT_LIST": null, "ELEVATOR_INTERCOM": null, "WORKING_HRS": null, "EMPLOYEE_QTY": null, "EMPLOYEE_MALE": null, "EMPLOYEE_FEMALE": null, "EMPLOYEE_DIF_ABLE": null, "WORKING_HRS_STR": null, "WORKING_HRS_STP": null, "VISITORS_QTY": null, "VISITING_HRS_STR": null, "VISITING_HRS_STP": null, "VISITORS_QTY_2": null, "VISITING_HRS_STR_2": null, "VISITING_HRS_STP_2": null}}, {"type": "Feature", "id": 230, "geometry": {"type": "Point", "coordinates": [72.95005000003157, 19.16628099981402]}, "properties": {"OBJECTID": 230, "NAME": "Suyog Hospital and ICCU", "TYPE": 4, "SUBTYPE": "General", "LOCATION": "Pandit Jawaharlal Nehru Road, Indira Nagar, Mulund W, Mumbai - 400080.", "ELEVATOR_CONTACT_LIST": null, "ELEVATOR_INTERCOM": null, "WORKING_HRS": null, "EMPLOYEE_QTY": null, "EMPLOYEE_MALE": null, "EMPLOYEE_FEMALE": null, "EMPLOYEE_DIF_ABLE": null, "WORKING_HRS_STR": "1000hrs", "WORKING_HRS_STP": "1800hrs", "VISITORS_QTY": null, "VISITING_HRS_STR": null, "VISITING_HRS_STP": null, "VISITORS_QTY_2": null, "VISITING_HRS_STR_2": null, "VISITING_HRS_STP_2": null}}, {"type": "Feature", "id": 231, "geometry": {"type": "Point", "coordinates": [72.85007455986886, 19.105720199434757]}, "properties": {"OBJECTID": 231, "NAME": "Kirit Nursing Home", "TYPE": 4, "SUBTYPE": "Nursing Home", "LOCATION": "Plot No. 26, Ground Floor, Puspha Apartmnets, Subhash Road, Vile Parle East, Mumbai - 400057", "ELEVATOR_CONTACT_LIST": null, "ELEVATOR_INTERCOM": null, "WORKING_HRS": null, "EMPLOYEE_QTY": null, "EMPLOYEE_MALE": null, "EMPLOYEE_FEMALE": null, "EMPLOYEE_DIF_ABLE": null, "WORKING_HRS_STR": null, "WORKING_HRS_STP": null, "VISITORS_QTY": null, "VISITING_HRS_STR": null, "VISITING_HRS_STP": null, "VISITORS_QTY_2": null, "VISITING_HRS_STR_2": null, "VISITING_HRS_STP_2": null}}, {"type": "Feature", "id": 232, "geometry": {"type": "Point", "coordinates": [72.85033095326821, 19.111952924920004]}, "properties": {"OBJECTID": 232, "NAME": "Tripura Nursing Home", "TYPE": 4, "SUBTYPE": "Nursing Home", "LOCATION": "1, Shree Shweta, Santaji Dhanaji Marg, Andheri (east), Lane No 1, Koldongri, Mumbai - 400069.", "ELEVATOR_CONTACT_LIST": null, "ELEVATOR_INTERCOM": null, "WORKING_HRS": null, "EMPLOYEE_QTY": null, "EMPLOYEE_MALE": null, "EMPLOYEE_FEMALE": null, "EMPLOYEE_DIF_ABLE": null, "WORKING_HRS_STR": null, "WORKING_HRS_STP": null, "VISITORS_QTY": null, "VISITING_HRS_STR": null, "VISITING_HRS_STP": null, "VISITORS_QTY_2": null, "VISITING_HRS_STR_2": null, "VISITING_HRS_STP_2": null}}, {"type": "Feature", "id": 233, "geometry": {"type": "Point", "coordinates": [72.8483279999812, 19.110812999815487]}, "properties": {"OBJECTID": 233, "NAME": "Municipal Hospital, Vile Parle", "TYPE": 1, "SUBTYPE": "General", "LOCATION": "Vile Parle, Mumbai, Maharashtra 400057", "ELEVATOR_CONTACT_LIST": null, "ELEVATOR_INTERCOM": null, "WORKING_HRS": null, "EMPLOYEE_QTY": null, "EMPLOYEE_MALE": null, "EMPLOYEE_FEMALE": null, "EMPLOYEE_DIF_ABLE": null, "WORKING_HRS_STR": null, "WORKING_HRS_STP": null, "VISITORS_QTY": null, "VISITING_HRS_STR": null, "VISITING_HRS_STP": null, "VISITORS_QTY_2": null, "VISITING_HRS_STR_2": null, "VISITING_HRS_STP_2": null}}, {"type": "Feature", "id": 234, "geometry": {"type": "Point", "coordinates": [72.8453663553631, 19.100272801093798]}, "properties": {"OBJECTID": 234, "NAME": "Bhavna Nursing Home", "TYPE": 4, "SUBTYPE": "Nursing Home", "LOCATION": "Flat No. 107, B Wing, Shyamkamal Soc., Agarwal Market, Mahatma Gandhi Rd, Vile Parle E, Mumbai - 59.", "ELEVATOR_CONTACT_LIST": null, "ELEVATOR_INTERCOM": null, "WORKING_HRS": null, "EMPLOYEE_QTY": null, "EMPLOYEE_MALE": null, "EMPLOYEE_FEMALE": null, "EMPLOYEE_DIF_ABLE": null, "WORKING_HRS_STR": null, "WORKING_HRS_STP": null, "VISITORS_QTY": null, "VISITING_HRS_STR": null, "VISITING_HRS_STP": null, "VISITORS_QTY_2": null, "VISITING_HRS_STR_2": null, "VISITING_HRS_STP_2": null}}, {"type": "Feature", "id": 235, "geometry": {"type": "Point", "coordinates": [72.86591704910605, 19.243353793062674]}, "properties": {"OBJECTID": 235, "NAME": "Chiranjeev Children Hospital", "TYPE": 4, "SUBTYPE": "Children", "LOCATION": "Ashokvan, Panorama Park, D Wing, Shiv Vallabh Road, Dahisar, Mumbai - 400068.", "ELEVATOR_CONTACT_LIST": "Yes", "ELEVATOR_INTERCOM": "No", "WORKING_HRS": "Yes", "EMPLOYEE_QTY": 13, "EMPLOYEE_MALE": null, "EMPLOYEE_FEMALE": null, "EMPLOYEE_DIF_ABLE": null, "WORKING_HRS_STR": null, "WORKING_HRS_STP": null, "VISITORS_QTY": null, "VISITING_HRS_STR": null, "VISITING_HRS_STP": null, "VISITORS_QTY_2": null, "VISITING_HRS_STR_2": null, "VISITING_HRS_STP_2": null}}, {"type": "Feature", "id": 236, "geometry": {"type": "Point", "coordinates": [72.8659362115553, 19.24327929336633]}, "properties": {"OBJECTID": 236, "NAME": "Ashok Hospital", "TYPE": 4, "SUBTYPE": "General", "LOCATION": "Panorama Park, Shiv Vallabh Rd, Nr Chiranjiv Hospital, Dahisar West, Mumbai 400068.", "ELEVATOR_CONTACT_LIST": null, "ELEVATOR_INTERCOM": null, "WORKING_HRS": null, "EMPLOYEE_QTY": null, "EMPLOYEE_MALE": null, "EMPLOYEE_FEMALE": null, "EMPLOYEE_DIF_ABLE": null, "WORKING_HRS_STR": null, "WORKING_HRS_STP": null, "VISITORS_QTY": null, "VISITING_HRS_STR": null, "VISITING_HRS_STP": null, "VISITORS_QTY_2": null, "VISITING_HRS_STR_2": null, "VISITING_HRS_STP_2": null}}, {"type": "Feature", "id": 238, "geometry": {"type": "Point", "coordinates": [72.86111648550548, 19.2467494290306]}, "properties": {"OBJECTID": 238, "NAME": "K. K. Maternity and General Hospital", "TYPE": 4, "SUBTYPE": "Maternity Home", "LOCATION": "Raghukul Building, Swami Vivekanand Road, Near Bank Of Maharashtra, Dahisar West, Mumbai 400068.", "ELEVATOR_CONTACT_LIST": "No", "ELEVATOR_INTERCOM": "No", "WORKING_HRS": "Yes", "EMPLOYEE_QTY": 17, "EMPLOYEE_MALE": null, "EMPLOYEE_FEMALE": null, "EMPLOYEE_DIF_ABLE": null, "WORKING_HRS_STR": null, "WORKING_HRS_STP": null, "VISITORS_QTY": null, "VISITING_HRS_STR": null, "VISITING_HRS_STP": null, "VISITORS_QTY_2": null, "VISITING_HRS_STR_2": null, "VISITING_HRS_STP_2": null}}, {"type": "Feature", "id": 239, "geometry": {"type": "Point", "coordinates": [72.84393770097081, 19.205998083300006]}, "properties": {"OBJECTID": 239, "NAME": "Niddhi Nursing Home", "TYPE": 4, "SUBTYPE": "Nursing Home", "LOCATION": "Grd Floor, Neelyog Apt. Opp. Patel Nagar, M.G.Cross Rd. 4, Kandivali West, Mum-67", "ELEVATOR_CONTACT_LIST": null, "ELEVATOR_INTERCOM": null, "WORKING_HRS": null, "EMPLOYEE_QTY": null, "EMPLOYEE_MALE": null, "EMPLOYEE_FEMALE": null, "EMPLOYEE_DIF_ABLE": null, "WORKING_HRS_STR": null, "WORKING_HRS_STP": null, "VISITORS_QTY": null, "VISITING_HRS_STR": null, "VISITING_HRS_STP": null, "VISITORS_QTY_2": null, "VISITING_HRS_STR_2": null, "VISITING_HRS_STP_2": null}}, {"type": "Feature", "id": 240, "geometry": {"type": "Point", "coordinates": [72.82401423855363, 19.214781619394028]}, "properties": {"OBJECTID": 240, "NAME": "Shivam Nursing Home", "TYPE": 4, "SUBTYPE": "Nursing Home", "LOCATION": "Shrenik CHS , Sector-2 , Charkop , Kandivali West , Mumbai 400067.", "ELEVATOR_CONTACT_LIST": null, "ELEVATOR_INTERCOM": null, "WORKING_HRS": null, "EMPLOYEE_QTY": null, "EMPLOYEE_MALE": null, "EMPLOYEE_FEMALE": null, "EMPLOYEE_DIF_ABLE": null, "WORKING_HRS_STR": null, "WORKING_HRS_STP": null, "VISITORS_QTY": null, "VISITING_HRS_STR": null, "VISITING_HRS_STP": null, "VISITORS_QTY_2": null, "VISITING_HRS_STR_2": null, "VISITING_HRS_STP_2": null}}, {"type": "Feature", "id": 241, "geometry": {"type": "Point", "coordinates": [72.82829854526521, 19.213816327896307]}, "properties": {"OBJECTID": 241, "NAME": "Mangal Murti Hospital & Polyclinic", "TYPE": 4, "SUBTYPE": "General", "LOCATION": "264, Tirupati Balaji Building, Ambedkar Rd, Sector 1, Charkop, Kandivli West, Mumbai - 400067.", "ELEVATOR_CONTACT_LIST": null, "ELEVATOR_INTERCOM": null, "WORKING_HRS": null, "EMPLOYEE_QTY": null, "EMPLOYEE_MALE": null, "EMPLOYEE_FEMALE": null, "EMPLOYEE_DIF_ABLE": null, "WORKING_HRS_STR": null, "WORKING_HRS_STP": null, "VISITORS_QTY": null, "VISITING_HRS_STR": null, "VISITING_HRS_STP": null, "VISITORS_QTY_2": null, "VISITING_HRS_STR_2": null, "VISITING_HRS_STP_2": null}}, {"type": "Feature", "id": 242, "geometry": {"type": "Point", "coordinates": [72.83760091265059, 19.212190622169654]}, "properties": {"OBJECTID": 242, "NAME": "Anurag Nursing Home", "TYPE": 4, "SUBTYPE": "Nursing Home", "LOCATION": "D-1 Wing, Blossom Building, Mahavir Nagar-Kandivali West, Mumbai - 400067", "ELEVATOR_CONTACT_LIST": null, "ELEVATOR_INTERCOM": null, "WORKING_HRS": null, "EMPLOYEE_QTY": null, "EMPLOYEE_MALE": null, "EMPLOYEE_FEMALE": null, "EMPLOYEE_DIF_ABLE": null, "WORKING_HRS_STR": null, "WORKING_HRS_STP": null, "VISITORS_QTY": null, "VISITING_HRS_STR": null, "VISITING_HRS_STP": null, "VISITORS_QTY_2": null, "VISITING_HRS_STR_2": null, "VISITING_HRS_STP_2": null}}, {"type": "Feature", "id": 243, "geometry": {"type": "Point", "coordinates": [72.83657735256834, 19.20801853508173]}, "properties": {"OBJECTID": 243, "NAME": "Parvatibai Chauhan Charitable Trust Hospital", "TYPE": 4, "SUBTYPE": "General", "LOCATION": "Dahanukar Wadi, Dattamandir Cross Road, Kandivali West, Mumbai - 400067.", "ELEVATOR_CONTACT_LIST": null, "ELEVATOR_INTERCOM": null, "WORKING_HRS": null, "EMPLOYEE_QTY": null, "EMPLOYEE_MALE": null, "EMPLOYEE_FEMALE": null, "EMPLOYEE_DIF_ABLE": null, "WORKING_HRS_STR": null, "WORKING_HRS_STP": null, "VISITORS_QTY": null, "VISITING_HRS_STR": null, "VISITING_HRS_STP": null, "VISITORS_QTY_2": null, "VISITING_HRS_STR_2": null, "VISITING_HRS_STP_2": null}}, {"type": "Feature", "id": 244, "geometry": {"type": "Point", "coordinates": [72.82383275419153, 19.212756828931678]}, "properties": {"OBJECTID": 244, "NAME": "Rahul Maternity & Surgical Hospital", "TYPE": 4, "SUBTYPE": "Maternity Home", "LOCATION": "Charcop Hickson & Dadajee CHS, P No.122, RSC Rd No 11, Sector 2 Charkop, Kandivali W, Mumbai - 67.", "ELEVATOR_CONTACT_LIST": null, "ELEVATOR_INTERCOM": null, "WORKING_HRS": null, "EMPLOYEE_QTY": null, "EMPLOYEE_MALE": null, "EMPLOYEE_FEMALE": null, "EMPLOYEE_DIF_ABLE": null, "WORKING_HRS_STR": null, "WORKING_HRS_STP": null, "VISITORS_QTY": null, "VISITING_HRS_STR": null, "VISITING_HRS_STP": null, "VISITORS_QTY_2": null, "VISITING_HRS_STR_2": null, "VISITING_HRS_STP_2": null}}, {"type": "Feature", "id": 245, "geometry": {"type": "Point", "coordinates": [72.84703397283467, 19.203108837664242]}, "properties": {"OBJECTID": 245, "NAME": "Ankur Hospital", "TYPE": 4, "SUBTYPE": "General", "LOCATION": "Kalpataru,, Mathuradas Road, Bhagat Colony, Kandivali West, Mumbai - 400067.", "ELEVATOR_CONTACT_LIST": null, "ELEVATOR_INTERCOM": null, "WORKING_HRS": null, "EMPLOYEE_QTY": null, "EMPLOYEE_MALE": null, "EMPLOYEE_FEMALE": null, "EMPLOYEE_DIF_ABLE": null, "WORKING_HRS_STR": null, "WORKING_HRS_STP": null, "VISITORS_QTY": null, "VISITING_HRS_STR": null, "VISITING_HRS_STP": null, "VISITORS_QTY_2": null, "VISITING_HRS_STR_2": null, "VISITING_HRS_STP_2": null}}, {"type": "Feature", "id": 246, "geometry": {"type": "Point", "coordinates": [72.85131095400047, 19.208591493666255]}, "properties": {"OBJECTID": 246, "NAME": "Bharat Ratna Dr  Babasaheb Ambedkar Hospital (Shatabdi Hospital)", "TYPE": 1, "SUBTYPE": "General", "LOCATION": "Swami Vivekanand Road, Kandivali West, Mumbai - 400066  9930468568", "ELEVATOR_CONTACT_LIST": "Yes", "ELEVATOR_INTERCOM": "Yes", "WORKING_HRS": "Y", "EMPLOYEE_QTY": 175, "EMPLOYEE_MALE": 95, "EMPLOYEE_FEMALE": 80, "EMPLOYEE_DIF_ABLE": 0, "WORKING_HRS_STR": null, "WORKING_HRS_STP": null, "VISITORS_QTY": null, "VISITING_HRS_STR": "16:00", "VISITING_HRS_STP": "18:00", "VISITORS_QTY_2": 425, "VISITING_HRS_STR_2": null, "VISITING_HRS_STP_2": null}}, {"type": "Feature", "id": 248, "geometry": {"type": "Point", "coordinates": [72.90694575341577, 19.088209133889418]}, "properties": {"OBJECTID": 248, "NAME": "Harshil Heart Hospital", "TYPE": 4, "SUBTYPE": "Speciality", "LOCATION": "B101-102, Doshi Wadi,Lal Bahadur Shastri Marg, opp. Sarvodaya Hospital, Ghatkopar W, Mumbai - 86.", "ELEVATOR_CONTACT_LIST": null, "ELEVATOR_INTERCOM": null, "WORKING_HRS": null, "EMPLOYEE_QTY": null, "EMPLOYEE_MALE": null, "EMPLOYEE_FEMALE": null, "EMPLOYEE_DIF_ABLE": null, "WORKING_HRS_STR": null, "WORKING_HRS_STP": null, "VISITORS_QTY": null, "VISITING_HRS_STR": null, "VISITING_HRS_STP": null, "VISITORS_QTY_2": null, "VISITING_HRS_STR_2": null, "VISITING_HRS_STP_2": null}}, {"type": "Feature", "id": 249, "geometry": {"type": "Point", "coordinates": [72.93658689551398, 19.145134825890253]}, "properties": {"OBJECTID": 249, "NAME": "Sunrise Hospital", "TYPE": 4, "SUBTYPE": "General", "LOCATION": "3rd Floor, Dreams Mall, Bhandup (West), Lal Bahadur Shastri Marg, Bhandup West, Mumbai - 400078.", "ELEVATOR_CONTACT_LIST": null, "ELEVATOR_INTERCOM": null, "WORKING_HRS": null, "EMPLOYEE_QTY": null, "EMPLOYEE_MALE": null, "EMPLOYEE_FEMALE": null, "EMPLOYEE_DIF_ABLE": null, "WORKING_HRS_STR": null, "WORKING_HRS_STP": null, "VISITORS_QTY": null, "VISITING_HRS_STR": null, "VISITING_HRS_STP": null, "VISITORS_QTY_2": null, "VISITING_HRS_STR_2": null, "VISITING_HRS_STP_2": null}}, {"type": "Feature", "id": 250, "geometry": {"type": "Point", "coordinates": [72.93601815547414, 19.14731103759108]}, "properties": {"OBJECTID": 250, "NAME": "Chandan Charitable Hospital", "TYPE": 4, "SUBTYPE": "Health Post", "LOCATION": "S No. 3-A, Opp R R Paints, Nr LBS Road, Nr Dreams MAll, Tank Rd, Valmik Ngr, Bhandup W, Mumbai - 78.", "ELEVATOR_CONTACT_LIST": null, "ELEVATOR_INTERCOM": null, "WORKING_HRS": null, "EMPLOYEE_QTY": null, "EMPLOYEE_MALE": null, "EMPLOYEE_FEMALE": null, "EMPLOYEE_DIF_ABLE": null, "WORKING_HRS_STR": null, "WORKING_HRS_STP": null, "VISITORS_QTY": null, "VISITING_HRS_STR": null, "VISITING_HRS_STP": null, "VISITORS_QTY_2": null, "VISITING_HRS_STR_2": null, "VISITING_HRS_STP_2": null}}, {"type": "Feature", "id": 251, "geometry": {"type": "Point", "coordinates": [72.93462873083372, 19.162456979954317]}, "properties": {"OBJECTID": 251, "NAME": "Arfat Charitable Hospital", "TYPE": 4, "SUBTYPE": "General", "LOCATION": "Darga Cross Road, Arfat Hospital Road, Tilak Nagar, Bhandup West, Mumbai - 400078.", "ELEVATOR_CONTACT_LIST": null, "ELEVATOR_INTERCOM": null, "WORKING_HRS": null, "EMPLOYEE_QTY": null, "EMPLOYEE_MALE": null, "EMPLOYEE_FEMALE": null, "EMPLOYEE_DIF_ABLE": null, "WORKING_HRS_STR": null, "WORKING_HRS_STP": null, "VISITORS_QTY": null, "VISITING_HRS_STR": null, "VISITING_HRS_STP": null, "VISITORS_QTY_2": null, "VISITING_HRS_STR_2": null, "VISITING_HRS_STP_2": null}}, {"type": "Feature", "id": 252, "geometry": {"type": "Point", "coordinates": [72.92574299957288, 19.13236399963254]}, "properties": {"OBJECTID": 252, "NAME": "Naval Hospital", "TYPE": 3, "SUBTYPE": "General", "LOCATION": "Kanjurmarg West, Bhandup West Mumbai - 400078.", "ELEVATOR_CONTACT_LIST": "Yes", "ELEVATOR_INTERCOM": "No", "WORKING_HRS": null, "EMPLOYEE_QTY": 31, "EMPLOYEE_MALE": null, "EMPLOYEE_FEMALE": null, "EMPLOYEE_DIF_ABLE": null, "WORKING_HRS_STR": null, "WORKING_HRS_STP": null, "VISITORS_QTY": null, "VISITING_HRS_STR": null, "VISITING_HRS_STP": null, "VISITORS_QTY_2": null, "VISITING_HRS_STR_2": null, "VISITING_HRS_STP_2": null}}, {"type": "Feature", "id": 253, "geometry": {"type": "Point", "coordinates": [72.9154890001765, 19.124165999840425]}, "properties": {"OBJECTID": 253, "NAME": "Maternity Hospital", "TYPE": 4, "SUBTYPE": "Maternity Home", "LOCATION": "Powai, Mumbai - 400076.", "ELEVATOR_CONTACT_LIST": null, "ELEVATOR_INTERCOM": null, "WORKING_HRS": null, "EMPLOYEE_QTY": null, "EMPLOYEE_MALE": null, "EMPLOYEE_FEMALE": null, "EMPLOYEE_DIF_ABLE": null, "WORKING_HRS_STR": null, "WORKING_HRS_STP": null, "VISITORS_QTY": null, "VISITING_HRS_STR": null, "VISITING_HRS_STP": null, "VISITORS_QTY_2": null, "VISITING_HRS_STR_2": null, "VISITING_HRS_STP_2": null}}, {"type": "Feature", "id": 254, "geometry": {"type": "Point", "coordinates": [72.93378990361947, 19.11511637107365]}, "properties": {"OBJECTID": 254, "NAME": "Yashwant Hospital", "TYPE": 4, "SUBTYPE": "Maternity Home", "LOCATION": "Building No. 199/2952, Group No. 8-B, Vikhroli East, Tagore Nagar, Vikhroli East, Mumbai - 400083.", "ELEVATOR_CONTACT_LIST": "No", "ELEVATOR_INTERCOM": "No", "WORKING_HRS": null, "EMPLOYEE_QTY": 14, "EMPLOYEE_MALE": null, "EMPLOYEE_FEMALE": null, "EMPLOYEE_DIF_ABLE": null, "WORKING_HRS_STR": null, "WORKING_HRS_STP": null, "VISITORS_QTY": null, "VISITING_HRS_STR": null, "VISITING_HRS_STP": null, "VISITORS_QTY_2": null, "VISITING_HRS_STR_2": null, "VISITING_HRS_STP_2": null}}, {"type": "Feature", "id": 255, "geometry": {"type": "Point", "coordinates": [72.93147953829504, 19.113224745002793]}, "properties": {"OBJECTID": 255, "NAME": "Laxmi Helth Care Centre & ICCU", "TYPE": 4, "SUBTYPE": "General", "LOCATION": "Ram Hazare Marg, Tagore Nagar, Vikhroli East, Mumbai - 400083.", "ELEVATOR_CONTACT_LIST": null, "ELEVATOR_INTERCOM": null, "WORKING_HRS": null, "EMPLOYEE_QTY": null, "EMPLOYEE_MALE": null, "EMPLOYEE_FEMALE": null, "EMPLOYEE_DIF_ABLE": null, "WORKING_HRS_STR": null, "WORKING_HRS_STP": null, "VISITORS_QTY": null, "VISITING_HRS_STR": null, "VISITING_HRS_STP": null, "VISITORS_QTY_2": null, "VISITING_HRS_STR_2": null, "VISITING_HRS_STP_2": null}}, {"type": "Feature", "id": 256, "geometry": {"type": "Point", "coordinates": [72.93236953163093, 19.147901897033726]}, "properties": {"OBJECTID": 256, "NAME": "Madhu Polyclinic & Nursing Home", "TYPE": 4, "SUBTYPE": "Nursing Home", "LOCATION": "Ground Floor, Mini Apartment, Opp Sarvodaya Nagar, Jungle Mangal Road, Bhandup West, Mumbai- 400078.", "ELEVATOR_CONTACT_LIST": "No", "ELEVATOR_INTERCOM": "Yes", "WORKING_HRS": null, "EMPLOYEE_QTY": null, "EMPLOYEE_MALE": null, "EMPLOYEE_FEMALE": null, "EMPLOYEE_DIF_ABLE": null, "WORKING_HRS_STR": null, "WORKING_HRS_STP": null, "VISITORS_QTY": null, "VISITING_HRS_STR": null, "VISITING_HRS_STP": null, "VISITORS_QTY_2": null, "VISITING_HRS_STR_2": null, "VISITING_HRS_STP_2": null}}, {"type": "Feature", "id": 257, "geometry": {"type": "Point", "coordinates": [72.93217643273123, 19.14736621229894]}, "properties": {"OBJECTID": 257, "NAME": "M S Maternity and General Hospital", "TYPE": 4, "SUBTYPE": "General", "LOCATION": "Building No. 10/A/B, Tank Rd, Miniland, Bhandup West, Mumbai - 400078.", "ELEVATOR_CONTACT_LIST": null, "ELEVATOR_INTERCOM": null, "WORKING_HRS": null, "EMPLOYEE_QTY": null, "EMPLOYEE_MALE": null, "EMPLOYEE_FEMALE": null, "EMPLOYEE_DIF_ABLE": null, "WORKING_HRS_STR": null, "WORKING_HRS_STP": null, "VISITORS_QTY": null, "VISITING_HRS_STR": null, "VISITING_HRS_STP": null, "VISITORS_QTY_2": null, "VISITING_HRS_STR_2": null, "VISITING_HRS_STP_2": null}}, {"type": "Feature", "id": 258, "geometry": {"type": "Point", "coordinates": [72.93074161635431, 19.147673725168946]}, "properties": {"OBJECTID": 258, "NAME": "SAS Hospital", "TYPE": 4, "SUBTYPE": "General", "LOCATION": "23-C, Miniland, Shivaji Talao, Tank Road, Kashi Nagar, Panchsheel Nagar, Bhandup W, Mumbai - 78.", "ELEVATOR_CONTACT_LIST": "Yes", "ELEVATOR_INTERCOM": "Yes", "WORKING_HRS": null, "EMPLOYEE_QTY": 13, "EMPLOYEE_MALE": null, "EMPLOYEE_FEMALE": null, "EMPLOYEE_DIF_ABLE": null, "WORKING_HRS_STR": null, "WORKING_HRS_STP": null, "VISITORS_QTY": null, "VISITING_HRS_STR": null, "VISITING_HRS_STP": null, "VISITORS_QTY_2": null, "VISITING_HRS_STR_2": null, "VISITING_HRS_STP_2": null}}, {"type": "Feature", "id": 259, "geometry": {"type": "Point", "coordinates": [72.93380074039824, 19.15114274093746]}, "properties": {"OBJECTID": 259, "NAME": "Dr. Malwankar's Romeen Nursing Home", "TYPE": 4, "SUBTYPE": "Nursing Home", "LOCATION": "Gautam Dham Bldg., Near Gama House and Methodist tamil church, Gaondevi Rd, Bhandup w, Mumbai - 42.", "ELEVATOR_CONTACT_LIST": null, "ELEVATOR_INTERCOM": null, "WORKING_HRS": null, "EMPLOYEE_QTY": null, "EMPLOYEE_MALE": null, "EMPLOYEE_FEMALE": null, "EMPLOYEE_DIF_ABLE": null, "WORKING_HRS_STR": null, "WORKING_HRS_STP": null, "VISITORS_QTY": null, "VISITING_HRS_STR": null, "VISITING_HRS_STP": null, "VISITORS_QTY_2": null, "VISITING_HRS_STR_2": null, "VISITING_HRS_STP_2": null}}, {"type": "Feature", "id": 260, "geometry": {"type": "Point", "coordinates": [72.8790836827516, 19.07612723406853]}, "properties": {"OBJECTID": 260, "NAME": "Guru Darshan Hospital", "TYPE": 4, "SUBTYPE": "General", "LOCATION": "Hallow Pul, Kurla West Mumbai - 400070.", "ELEVATOR_CONTACT_LIST": null, "ELEVATOR_INTERCOM": null, "WORKING_HRS": null, "EMPLOYEE_QTY": null, "EMPLOYEE_MALE": null, "EMPLOYEE_FEMALE": null, "EMPLOYEE_DIF_ABLE": null, "WORKING_HRS_STR": null, "WORKING_HRS_STP": null, "VISITORS_QTY": null, "VISITING_HRS_STR": null, "VISITING_HRS_STP": null, "VISITORS_QTY_2": null, "VISITING_HRS_STR_2": null, "VISITING_HRS_STP_2": null}}, {"type": "Feature", "id": 261, "geometry": {"type": "Point", "coordinates": [72.88619200003205, 19.076117000216207]}, "properties": {"OBJECTID": 261, "NAME": "Kohinoor Hospital", "TYPE": 4, "SUBTYPE": "Speciality", "LOCATION": "Kirol Road, Off LBS Road, Kurla West, Mumbai - 400070.", "ELEVATOR_CONTACT_LIST": null, "ELEVATOR_INTERCOM": null, "WORKING_HRS": null, "EMPLOYEE_QTY": null, "EMPLOYEE_MALE": null, "EMPLOYEE_FEMALE": null, "EMPLOYEE_DIF_ABLE": null, "WORKING_HRS_STR": null, "WORKING_HRS_STP": null, "VISITORS_QTY": null, "VISITING_HRS_STR": null, "VISITING_HRS_STP": null, "VISITORS_QTY_2": null, "VISITING_HRS_STR_2": null, "VISITING_HRS_STP_2": null}}, {"type": "Feature", "id": 262, "geometry": {"type": "Point", "coordinates": [72.88005782866252, 19.07826953716854]}, "properties": {"OBJECTID": 262, "NAME": "Habib Hospital", "TYPE": 4, "SUBTYPE": "General", "LOCATION": "Pl No. 345, 345/1 & 238, AH Wadia Marg, Opp. Shalimar Hotel, Off L B S Rd, Kurla W, Mumbai - 400070.", "ELEVATOR_CONTACT_LIST": null, "ELEVATOR_INTERCOM": null, "WORKING_HRS": null, "EMPLOYEE_QTY": null, "EMPLOYEE_MALE": null, "EMPLOYEE_FEMALE": null, "EMPLOYEE_DIF_ABLE": null, "WORKING_HRS_STR": null, "WORKING_HRS_STP": null, "VISITORS_QTY": null, "VISITING_HRS_STR": null, "VISITING_HRS_STP": null, "VISITORS_QTY_2": null, "VISITING_HRS_STR_2": null, "VISITING_HRS_STP_2": null}}, {"type": "Feature", "id": 263, "geometry": {"type": "Point", "coordinates": [72.93254099954986, 19.149376000214787]}, "properties": {"OBJECTID": 263, "NAME": "Mahek Nursing Home", "TYPE": 4, "SUBTYPE": "Nursing Home", "LOCATION": "Chetna Apartments, Mumbai - 400078.", "ELEVATOR_CONTACT_LIST": null, "ELEVATOR_INTERCOM": null, "WORKING_HRS": null, "EMPLOYEE_QTY": null, "EMPLOYEE_MALE": null, "EMPLOYEE_FEMALE": null, "EMPLOYEE_DIF_ABLE": null, "WORKING_HRS_STR": null, "WORKING_HRS_STP": null, "VISITORS_QTY": null, "VISITING_HRS_STR": null, "VISITING_HRS_STP": null, "VISITORS_QTY_2": null, "VISITING_HRS_STR_2": null, "VISITING_HRS_STP_2": null}}, {"type": "Feature", "id": 264, "geometry": {"type": "Point", "coordinates": [72.93683554230357, 19.150498460732834]}, "properties": {"OBJECTID": 264, "NAME": "Sanjeevani Hospital", "TYPE": 4, "SUBTYPE": "General", "LOCATION": "1st floor, Neha Annex, Opp. Madhuban Garden,Bhatti Pada Rd, Battipada, Bhandup West, Mumbai - 400078.", "ELEVATOR_CONTACT_LIST": null, "ELEVATOR_INTERCOM": null, "WORKING_HRS": null, "EMPLOYEE_QTY": 23, "EMPLOYEE_MALE": null, "EMPLOYEE_FEMALE": null, "EMPLOYEE_DIF_ABLE": null, "WORKING_HRS_STR": null, "WORKING_HRS_STP": null, "VISITORS_QTY": null, "VISITING_HRS_STR": null, "VISITING_HRS_STP": null, "VISITORS_QTY_2": null, "VISITING_HRS_STR_2": null, "VISITING_HRS_STP_2": null}}, {"type": "Feature", "id": 265, "geometry": {"type": "Point", "coordinates": [72.86470253605042, 19.241123538629893]}, "properties": {"OBJECTID": 265, "NAME": "Siddhi Infertility Centre And Maternity Hospital", "TYPE": 4, "SUBTYPE": "Maternity Home", "LOCATION": "SAI Ashish 2, Sant Gyaneshwar Rd, Nr Patidar Seva Samaj Hall,  Borivali E, Mumbai 66.", "ELEVATOR_CONTACT_LIST": null, "ELEVATOR_INTERCOM": null, "WORKING_HRS": null, "EMPLOYEE_QTY": null, "EMPLOYEE_MALE": null, "EMPLOYEE_FEMALE": null, "EMPLOYEE_DIF_ABLE": null, "WORKING_HRS_STR": null, "WORKING_HRS_STP": null, "VISITORS_QTY": null, "VISITING_HRS_STR": null, "VISITING_HRS_STP": null, "VISITORS_QTY_2": null, "VISITING_HRS_STR_2": null, "VISITING_HRS_STP_2": null}}, {"type": "Feature", "id": 266, "geometry": {"type": "Point", "coordinates": [72.87474799998085, 19.04707900038641]}, "properties": {"OBJECTID": 266, "NAME": "K J Somaiya Medical College & Research Centre", "TYPE": 4, "SUBTYPE": "General", "LOCATION": "Somaiya Ayurvihar Complex, Eastern Express Highway, Nr Everard Ngr, Sion E, Mumbai- 22", "ELEVATOR_CONTACT_LIST": null, "ELEVATOR_INTERCOM": null, "WORKING_HRS": null, "EMPLOYEE_QTY": null, "EMPLOYEE_MALE": null, "EMPLOYEE_FEMALE": null, "EMPLOYEE_DIF_ABLE": null, "WORKING_HRS_STR": null, "WORKING_HRS_STP": null, "VISITORS_QTY": null, "VISITING_HRS_STR": null, "VISITING_HRS_STP": null, "VISITORS_QTY_2": null, "VISITING_HRS_STR_2": null, "VISITING_HRS_STP_2": null}}, {"type": "Feature", "id": 267, "geometry": {"type": "Point", "coordinates": [72.871976525752, 19.111141350196263]}, "properties": {"OBJECTID": 267, "NAME": "Mukund Hospital", "TYPE": 4, "SUBTYPE": "Maternity Home", "LOCATION": "Mukund Cooperative Housing SocietyAndheri Kurla Road, Marol Pipeline, Andheri East, Mumbai - 59.", "ELEVATOR_CONTACT_LIST": "NO", "ELEVATOR_INTERCOM": "Yes", "WORKING_HRS": null, "EMPLOYEE_QTY": 52, "EMPLOYEE_MALE": null, "EMPLOYEE_FEMALE": null, "EMPLOYEE_DIF_ABLE": null, "WORKING_HRS_STR": null, "WORKING_HRS_STP": null, "VISITORS_QTY": null, "VISITING_HRS_STR": null, "VISITING_HRS_STP": null, "VISITORS_QTY_2": null, "VISITING_HRS_STR_2": null, "VISITING_HRS_STP_2": null}}, {"type": "Feature", "id": 268, "geometry": {"type": "Point", "coordinates": [72.88572452001425, 19.053563702110456]}, "properties": {"OBJECTID": 268, "NAME": "Bombay Municipal Hospital", "TYPE": 1, "SUBTYPE": "General", "LOCATION": "V N Purav Marg, Chuna Bhatti, Sion, Mumbai - 400022.", "ELEVATOR_CONTACT_LIST": null, "ELEVATOR_INTERCOM": null, "WORKING_HRS": null, "EMPLOYEE_QTY": null, "EMPLOYEE_MALE": null, "EMPLOYEE_FEMALE": null, "EMPLOYEE_DIF_ABLE": null, "WORKING_HRS_STR": null, "WORKING_HRS_STP": null, "VISITORS_QTY": null, "VISITING_HRS_STR": null, "VISITING_HRS_STP": null, "VISITORS_QTY_2": null, "VISITING_HRS_STR_2": null, "VISITING_HRS_STP_2": null}}, {"type": "Feature", "id": 269, "geometry": {"type": "Point", "coordinates": [72.89497400032396, 19.03506299980637]}, "properties": {"OBJECTID": 269, "NAME": "Lok Vihar Hospital", "TYPE": 4, "SUBTYPE": "General", "LOCATION": "Chembur, Mumbai - 400071.", "ELEVATOR_CONTACT_LIST": null, "ELEVATOR_INTERCOM": null, "WORKING_HRS": null, "EMPLOYEE_QTY": null, "EMPLOYEE_MALE": null, "EMPLOYEE_FEMALE": null, "EMPLOYEE_DIF_ABLE": null, "WORKING_HRS_STR": null, "WORKING_HRS_STP": null, "VISITORS_QTY": null, "VISITING_HRS_STR": null, "VISITING_HRS_STP": null, "VISITORS_QTY_2": null, "VISITING_HRS_STR_2": null, "VISITING_HRS_STP_2": null}}, {"type": "Feature", "id": 271, "geometry": {"type": "Point", "coordinates": [72.89955100024379, 19.060694000340977]}, "properties": {"OBJECTID": 271, "NAME": "Sai Kripa Children's Hospital", "TYPE": 4, "SUBTYPE": "Children", "LOCATION": "Road No 19, Chembur, Mumbai - 400071.", "ELEVATOR_CONTACT_LIST": null, "ELEVATOR_INTERCOM": null, "WORKING_HRS": null, "EMPLOYEE_QTY": null, "EMPLOYEE_MALE": null, "EMPLOYEE_FEMALE": null, "EMPLOYEE_DIF_ABLE": null, "WORKING_HRS_STR": null, "WORKING_HRS_STP": null, "VISITORS_QTY": null, "VISITING_HRS_STR": null, "VISITING_HRS_STP": null, "VISITORS_QTY_2": null, "VISITING_HRS_STR_2": null, "VISITING_HRS_STP_2": null}}, {"type": "Feature", "id": 272, "geometry": {"type": "Point", "coordinates": [72.90382462834452, 19.069427165972822]}, "properties": {"OBJECTID": 272, "NAME": "Rane Hospital", "TYPE": 4, "SUBTYPE": "General", "LOCATION": "37, Pestom Sagar, Road No 2, Near Amar Mahal, Chembur West, Mumbai - 400089.", "ELEVATOR_CONTACT_LIST": null, "ELEVATOR_INTERCOM": null, "WORKING_HRS": null, "EMPLOYEE_QTY": null, "EMPLOYEE_MALE": null, "EMPLOYEE_FEMALE": null, "EMPLOYEE_DIF_ABLE": null, "WORKING_HRS_STR": null, "WORKING_HRS_STP": null, "VISITORS_QTY": null, "VISITING_HRS_STR": null, "VISITING_HRS_STP": null, "VISITORS_QTY_2": null, "VISITING_HRS_STR_2": null, "VISITING_HRS_STP_2": null}}, {"type": "Feature", "id": 273, "geometry": {"type": "Point", "coordinates": [72.85522562343574, 19.18896066824453]}, "properties": {"OBJECTID": 273, "NAME": "Asha hospital", "TYPE": 4, "SUBTYPE": "Speciality", "LOCATION": "Pooja building, Pushpa park, Daftary road, Malad East, Mumbai- 400097.", "ELEVATOR_CONTACT_LIST": null, "ELEVATOR_INTERCOM": null, "WORKING_HRS": null, "EMPLOYEE_QTY": null, "EMPLOYEE_MALE": null, "EMPLOYEE_FEMALE": null, "EMPLOYEE_DIF_ABLE": null, "WORKING_HRS_STR": null, "WORKING_HRS_STP": null, "VISITORS_QTY": null, "VISITING_HRS_STR": null, "VISITING_HRS_STP": null, "VISITORS_QTY_2": null, "VISITING_HRS_STR_2": null, "VISITING_HRS_STP_2": null}}, {"type": "Feature", "id": 274, "geometry": {"type": "Point", "coordinates": [72.85133399987423, 19.18616300006365]}, "properties": {"OBJECTID": 274, "NAME": "Municipal Dispensary Malad East", "TYPE": 1, "SUBTYPE": "Dispensary", "LOCATION": "Next to Pushpanjali, Gaushala Lane, Malad East, Mumbai- 400097,", "ELEVATOR_CONTACT_LIST": null, "ELEVATOR_INTERCOM": null, "WORKING_HRS": null, "EMPLOYEE_QTY": null, "EMPLOYEE_MALE": null, "EMPLOYEE_FEMALE": null, "EMPLOYEE_DIF_ABLE": null, "WORKING_HRS_STR": null, "WORKING_HRS_STP": null, "VISITORS_QTY": null, "VISITING_HRS_STR": null, "VISITING_HRS_STP": null, "VISITORS_QTY_2": null, "VISITING_HRS_STR_2": null, "VISITING_HRS_STP_2": null}}, {"type": "Feature", "id": 275, "geometry": {"type": "Point", "coordinates": [72.83193999980328, 19.191655999605775]}, "properties": {"OBJECTID": 275, "NAME": "Municipal Dispensary Malad West", "TYPE": 1, "SUBTYPE": "Dispensary", "LOCATION": "Municipal Dispensary, Evershine Nagar, Malad West, Mumbai,", "ELEVATOR_CONTACT_LIST": null, "ELEVATOR_INTERCOM": null, "WORKING_HRS": null, "EMPLOYEE_QTY": null, "EMPLOYEE_MALE": null, "EMPLOYEE_FEMALE": null, "EMPLOYEE_DIF_ABLE": null, "WORKING_HRS_STR": null, "WORKING_HRS_STP": null, "VISITORS_QTY": null, "VISITING_HRS_STR": null, "VISITING_HRS_STP": null, "VISITORS_QTY_2": null, "VISITING_HRS_STR_2": null, "VISITING_HRS_STP_2": null}}, {"type": "Feature", "id": 276, "geometry": {"type": "Point", "coordinates": [72.84595034561644, 19.18604906086928]}, "properties": {"OBJECTID": 276, "NAME": "Aditi Hospital", "TYPE": 4, "SUBTYPE": "Speciality", "LOCATION": "1ST Flr Paramratan Apts, Nr Post Office, Zakeria RD, Malad West, Mumbai - 400064.", "ELEVATOR_CONTACT_LIST": null, "ELEVATOR_INTERCOM": null, "WORKING_HRS": null, "EMPLOYEE_QTY": null, "EMPLOYEE_MALE": null, "EMPLOYEE_FEMALE": null, "EMPLOYEE_DIF_ABLE": null, "WORKING_HRS_STR": null, "WORKING_HRS_STP": null, "VISITORS_QTY": null, "VISITING_HRS_STR": null, "VISITING_HRS_STP": null, "VISITORS_QTY_2": null, "VISITING_HRS_STR_2": null, "VISITING_HRS_STP_2": null}}, {"type": "Feature", "id": 277, "geometry": {"type": "Point", "coordinates": [72.86820498020258, 19.173304899108487]}, "properties": {"OBJECTID": 277, "NAME": "Gokuldham Medical Centre", "TYPE": 4, "SUBTYPE": "General", "LOCATION": "Below Gokuldham High School, Behind Krishna Vatika Temple, Goregaon East, Mumbai - 400063.", "ELEVATOR_CONTACT_LIST": null, "ELEVATOR_INTERCOM": null, "WORKING_HRS": null, "EMPLOYEE_QTY": null, "EMPLOYEE_MALE": null, "EMPLOYEE_FEMALE": null, "EMPLOYEE_DIF_ABLE": null, "WORKING_HRS_STR": null, "WORKING_HRS_STP": null, "VISITORS_QTY": null, "VISITING_HRS_STR": null, "VISITING_HRS_STP": null, "VISITORS_QTY_2": null, "VISITING_HRS_STR_2": null, "VISITING_HRS_STP_2": null}}, {"type": "Feature", "id": 278, "geometry": {"type": "Point", "coordinates": [72.84545564099056, 19.155492827910063]}, "properties": {"OBJECTID": 278, "NAME": "Pooja Hospital", "TYPE": 4, "SUBTYPE": "Maternity Home", "LOCATION": "375/1, Onyx Building, Swami Vivekanand Road, Goregaon West, Mumbai- 400104", "ELEVATOR_CONTACT_LIST": "Yes", "ELEVATOR_INTERCOM": "No", "WORKING_HRS": "Yes", "EMPLOYEE_QTY": 20, "EMPLOYEE_MALE": null, "EMPLOYEE_FEMALE": null, "EMPLOYEE_DIF_ABLE": null, "WORKING_HRS_STR": null, "WORKING_HRS_STP": null, "VISITORS_QTY": null, "VISITING_HRS_STR": null, "VISITING_HRS_STP": null, "VISITORS_QTY_2": null, "VISITING_HRS_STR_2": null, "VISITING_HRS_STP_2": null}}, {"type": "Feature", "id": 279, "geometry": {"type": "Point", "coordinates": [72.84542950830307, 19.16324909133724]}, "properties": {"OBJECTID": 279, "NAME": "Dr Bhatts Hospital", "TYPE": 4, "SUBTYPE": "Maternity Home", "LOCATION": "Hirnen Shoppig Centre,M.G road,Above Ashish Medical Store, Goregaon West, Mumbai - 400062.", "ELEVATOR_CONTACT_LIST": "No", "ELEVATOR_INTERCOM": "No", "WORKING_HRS": "Yes", "EMPLOYEE_QTY": 22, "EMPLOYEE_MALE": null, "EMPLOYEE_FEMALE": null, "EMPLOYEE_DIF_ABLE": null, "WORKING_HRS_STR": null, "WORKING_HRS_STP": null, "VISITORS_QTY": null, "VISITING_HRS_STR": null, "VISITING_HRS_STP": null, "VISITORS_QTY_2": null, "VISITING_HRS_STR_2": null, "VISITING_HRS_STP_2": null}}, {"type": "Feature", "id": 280, "geometry": {"type": "Point", "coordinates": [72.8474679807608, 19.16676518509629]}, "properties": {"OBJECTID": 280, "NAME": "Anupam Maternity & Nursing Home", "TYPE": 4, "SUBTYPE": "Maternity Home", "LOCATION": "1/18-19, Jaykar Smruti, Aarey Road, Goregaon W, Mumbai - 400062", "ELEVATOR_CONTACT_LIST": "No", "ELEVATOR_INTERCOM": null, "WORKING_HRS": "Yes", "EMPLOYEE_QTY": 3, "EMPLOYEE_MALE": null, "EMPLOYEE_FEMALE": null, "EMPLOYEE_DIF_ABLE": null, "WORKING_HRS_STR": null, "WORKING_HRS_STP": null, "VISITORS_QTY": null, "VISITING_HRS_STR": null, "VISITING_HRS_STP": null, "VISITORS_QTY_2": null, "VISITING_HRS_STR_2": null, "VISITING_HRS_STP_2": null}}, {"type": "Feature", "id": 281, "geometry": {"type": "Point", "coordinates": [72.82465614135491, 19.143351291457034]}, "properties": {"OBJECTID": 281, "NAME": "Benzer Nursing Home", "TYPE": 4, "SUBTYPE": "Nursing Home", "LOCATION": "Lokhandwala Complex, Benzer, 2Nd Cross Lane, Next to Hi Point Restaurant, Andheri West, Mumbai - 400053.", "ELEVATOR_CONTACT_LIST": null, "ELEVATOR_INTERCOM": null, "WORKING_HRS": null, "EMPLOYEE_QTY": null, "EMPLOYEE_MALE": null, "EMPLOYEE_FEMALE": null, "EMPLOYEE_DIF_ABLE": null, "WORKING_HRS_STR": null, "WORKING_HRS_STP": null, "VISITORS_QTY": null, "VISITING_HRS_STR": null, "VISITING_HRS_STP": null, "VISITORS_QTY_2": null, "VISITING_HRS_STR_2": null, "VISITING_HRS_STP_2": null}}, {"type": "Feature", "id": 282, "geometry": {"type": "Point", "coordinates": [72.84336100040811, 19.147613999703463]}, "properties": {"OBJECTID": 282, "NAME": "Nayar Hospital", "TYPE": 4, "SUBTYPE": "Clinic", "LOCATION": "Shreepal Industry, Nr Oshiwara Bridge, Swami Vivekanand Rd, Jogeshwari West, Mumbai - 400102.", "ELEVATOR_CONTACT_LIST": null, "ELEVATOR_INTERCOM": null, "WORKING_HRS": null, "EMPLOYEE_QTY": null, "EMPLOYEE_MALE": null, "EMPLOYEE_FEMALE": null, "EMPLOYEE_DIF_ABLE": null, "WORKING_HRS_STR": null, "WORKING_HRS_STP": null, "VISITORS_QTY": null, "VISITING_HRS_STR": null, "VISITING_HRS_STP": null, "VISITORS_QTY_2": null, "VISITING_HRS_STR_2": null, "VISITING_HRS_STP_2": null}}, {"type": "Feature", "id": 283, "geometry": {"type": "Point", "coordinates": [72.9459310672636, 19.037290383032868]}, "properties": {"OBJECTID": 283, "NAME": "Cheeta Camp Nursing Home", "TYPE": 1, "SUBTYPE": "Nursing Home", "LOCATION": "Cheeta Camp, Trombay, Mumbai", "ELEVATOR_CONTACT_LIST": "Yes", "ELEVATOR_INTERCOM": "No", "WORKING_HRS": null, "EMPLOYEE_QTY": null, "EMPLOYEE_MALE": null, "EMPLOYEE_FEMALE": null, "EMPLOYEE_DIF_ABLE": null, "WORKING_HRS_STR": null, "WORKING_HRS_STP": null, "VISITORS_QTY": null, "VISITING_HRS_STR": null, "VISITING_HRS_STP": null, "VISITORS_QTY_2": null, "VISITING_HRS_STR_2": null, "VISITING_HRS_STP_2": null}}, {"type": "Feature", "id": 284, "geometry": {"type": "Point", "coordinates": [72.89642833562111, 19.061776496845642]}, "properties": {"OBJECTID": 284, "NAME": "Maa Sarva Sadharna Rugnalay", "TYPE": 1, "SUBTYPE": "General", "LOCATION": "Postal Colony Rd, Postal Colony, Chembur East, Mumbai - 400071.", "ELEVATOR_CONTACT_LIST": "Yes", "ELEVATOR_INTERCOM": "Yes", "WORKING_HRS": "Yes", "EMPLOYEE_QTY": 58, "EMPLOYEE_MALE": null, "EMPLOYEE_FEMALE": null, "EMPLOYEE_DIF_ABLE": null, "WORKING_HRS_STR": null, "WORKING_HRS_STP": null, "VISITORS_QTY": null, "VISITING_HRS_STR": null, "VISITING_HRS_STP": null, "VISITORS_QTY_2": null, "VISITING_HRS_STR_2": null, "VISITING_HRS_STP_2": null}}, {"type": "Feature", "id": 285, "geometry": {"type": "Point", "coordinates": [72.92062563925, 19.064792065804237]}, "properties": {"OBJECTID": 285, "NAME": "Bombay City Hospital", "TYPE": 4, "SUBTYPE": "General", "LOCATION": "Plot No. 3/A/3, B/3 and 4, Shivaji Ngr Main Rd, Nr Kokan Mercantile Bank, Shivaji Ngr, Mumbai - 43.", "ELEVATOR_CONTACT_LIST": null, "ELEVATOR_INTERCOM": null, "WORKING_HRS": null, "EMPLOYEE_QTY": null, "EMPLOYEE_MALE": null, "EMPLOYEE_FEMALE": null, "EMPLOYEE_DIF_ABLE": null, "WORKING_HRS_STR": null, "WORKING_HRS_STP": null, "VISITORS_QTY": null, "VISITING_HRS_STR": null, "VISITING_HRS_STP": null, "VISITORS_QTY_2": null, "VISITING_HRS_STR_2": null, "VISITING_HRS_STP_2": null}}, {"type": "Feature", "id": 286, "geometry": {"type": "Point", "coordinates": [72.92951053196852, 19.053651790046228]}, "properties": {"OBJECTID": 286, "NAME": "Lokshahir Annabhau Sate", "TYPE": 1, "SUBTYPE": "Health Post", "LOCATION": "Lokshahir Annabhau sathe nagar. MMRDA Building, Lallubhai compound, Mankhurd", "ELEVATOR_CONTACT_LIST": null, "ELEVATOR_INTERCOM": null, "WORKING_HRS": "No", "EMPLOYEE_QTY": 7, "EMPLOYEE_MALE": null, "EMPLOYEE_FEMALE": null, "EMPLOYEE_DIF_ABLE": null, "WORKING_HRS_STR": null, "WORKING_HRS_STP": null, "VISITORS_QTY": null, "VISITING_HRS_STR": null, "VISITING_HRS_STP": null, "VISITORS_QTY_2": null, "VISITING_HRS_STR_2": null, "VISITING_HRS_STP_2": null}}, {"type": "Feature", "id": 288, "geometry": {"type": "Point", "coordinates": [72.93593925865575, 19.130903421041463]}, "properties": {"OBJECTID": 288, "NAME": "Ankur Hospital", "TYPE": 4, "SUBTYPE": "Maternity Home", "LOCATION": "Shree Vijay Kunj CHS, Anna Godbole Marg, Mirashi Nagar, Kanjurmarg East, Mumbai - 400042. ankurhospital.com", "ELEVATOR_CONTACT_LIST": null, "ELEVATOR_INTERCOM": null, "WORKING_HRS": null, "EMPLOYEE_QTY": null, "EMPLOYEE_MALE": null, "EMPLOYEE_FEMALE": null, "EMPLOYEE_DIF_ABLE": null, "WORKING_HRS_STR": null, "WORKING_HRS_STP": null, "VISITORS_QTY": null, "VISITING_HRS_STR": null, "VISITING_HRS_STP": null, "VISITORS_QTY_2": null, "VISITING_HRS_STR_2": null, "VISITING_HRS_STP_2": null}}, {"type": "Feature", "id": 290, "geometry": {"type": "Point", "coordinates": [72.94275699998292, 19.148248999952298]}, "properties": {"OBJECTID": 290, "NAME": "Shaily Nursing Home", "TYPE": 4, "SUBTYPE": "Nursing Home", "LOCATION": "Veer Savarkar Rd, Hema Park, Friends Colony, Bhandup East, Mumbai - 400042.", "ELEVATOR_CONTACT_LIST": "Yes", "ELEVATOR_INTERCOM": "No", "WORKING_HRS": null, "EMPLOYEE_QTY": 9, "EMPLOYEE_MALE": null, "EMPLOYEE_FEMALE": null, "EMPLOYEE_DIF_ABLE": null, "WORKING_HRS_STR": null, "WORKING_HRS_STP": null, "VISITORS_QTY": null, "VISITING_HRS_STR": null, "VISITING_HRS_STP": null, "VISITORS_QTY_2": null, "VISITING_HRS_STR_2": null, "VISITING_HRS_STP_2": null}}, {"type": "Feature", "id": 292, "geometry": {"type": "Point", "coordinates": [72.93464700039166, 19.11233100036575]}, "properties": {"OBJECTID": 292, "NAME": "Dr Khedekar Dental Clinic", "TYPE": 4, "SUBTYPE": "Clinic", "LOCATION": "Near Police Chowki - Kannamwar Nagar, Rd Number 1, Kannamwar Nagar, Vikhroli East, Mumbai - 400083.", "ELEVATOR_CONTACT_LIST": null, "ELEVATOR_INTERCOM": null, "WORKING_HRS": null, "EMPLOYEE_QTY": null, "EMPLOYEE_MALE": null, "EMPLOYEE_FEMALE": null, "EMPLOYEE_DIF_ABLE": null, "WORKING_HRS_STR": null, "WORKING_HRS_STP": null, "VISITORS_QTY": null, "VISITING_HRS_STR": null, "VISITING_HRS_STP": null, "VISITORS_QTY_2": null, "VISITING_HRS_STR_2": null, "VISITING_HRS_STP_2": null}}, {"type": "Feature", "id": 293, "geometry": {"type": "Point", "coordinates": [72.93107599957789, 19.11289399967312]}, "properties": {"OBJECTID": 293, "NAME": "Shreenath Hospital", "TYPE": 4, "SUBTYPE": "General", "LOCATION": "Ram Hazare Marg, Kala Ghoda, Vikhroli East, Mumbai - 400083.", "ELEVATOR_CONTACT_LIST": null, "ELEVATOR_INTERCOM": null, "WORKING_HRS": null, "EMPLOYEE_QTY": null, "EMPLOYEE_MALE": null, "EMPLOYEE_FEMALE": null, "EMPLOYEE_DIF_ABLE": null, "WORKING_HRS_STR": null, "WORKING_HRS_STP": null, "VISITORS_QTY": null, "VISITING_HRS_STR": null, "VISITING_HRS_STP": null, "VISITORS_QTY_2": null, "VISITING_HRS_STR_2": null, "VISITING_HRS_STP_2": null}}, {"type": "Feature", "id": 294, "geometry": {"type": "Point", "coordinates": [72.93470799997758, 19.13030600026975]}, "properties": {"OBJECTID": 294, "NAME": "Aniket Hospital", "TYPE": 4, "SUBTYPE": "Nursing Home", "LOCATION": "Kanjur Road, Kanjurmarg East, Bhandup East Mumbai - 400042.", "ELEVATOR_CONTACT_LIST": null, "ELEVATOR_INTERCOM": null, "WORKING_HRS": null, "EMPLOYEE_QTY": null, "EMPLOYEE_MALE": null, "EMPLOYEE_FEMALE": null, "EMPLOYEE_DIF_ABLE": null, "WORKING_HRS_STR": null, "WORKING_HRS_STP": null, "VISITORS_QTY": null, "VISITING_HRS_STR": null, "VISITING_HRS_STP": null, "VISITORS_QTY_2": null, "VISITING_HRS_STR_2": null, "VISITING_HRS_STP_2": null}}, {"type": "Feature", "id": 295, "geometry": {"type": "Point", "coordinates": [72.91699199956493, 19.120350000211587]}, "properties": {"OBJECTID": 295, "NAME": "Dr L H Hiranandani Hospital", "TYPE": 4, "SUBTYPE": "General", "LOCATION": "Hill Side Avenue, Near Hiranandani Gardens, Powai, Mumbai - 400076.", "ELEVATOR_CONTACT_LIST": "Yes", "ELEVATOR_INTERCOM": "Yes", "WORKING_HRS": "Yes", "EMPLOYEE_QTY": 729, "EMPLOYEE_MALE": null, "EMPLOYEE_FEMALE": null, "EMPLOYEE_DIF_ABLE": null, "WORKING_HRS_STR": null, "WORKING_HRS_STP": null, "VISITORS_QTY": null, "VISITING_HRS_STR": null, "VISITING_HRS_STP": null, "VISITORS_QTY_2": null, "VISITING_HRS_STR_2": null, "VISITING_HRS_STP_2": null}}, {"type": "Feature", "id": 296, "geometry": {"type": "Point", "coordinates": [72.93703482486013, 19.14602097299716]}, "properties": {"OBJECTID": 296, "NAME": "Central Health Home-Central Dental Clinic", "TYPE": 4, "SUBTYPE": "Clinic", "LOCATION": "101 ,3-C,Dreams Building, Bhandup, Mumbai - 400078.", "ELEVATOR_CONTACT_LIST": null, "ELEVATOR_INTERCOM": null, "WORKING_HRS": null, "EMPLOYEE_QTY": null, "EMPLOYEE_MALE": null, "EMPLOYEE_FEMALE": null, "EMPLOYEE_DIF_ABLE": null, "WORKING_HRS_STR": null, "WORKING_HRS_STP": null, "VISITORS_QTY": null, "VISITING_HRS_STR": null, "VISITING_HRS_STP": null, "VISITORS_QTY_2": null, "VISITING_HRS_STR_2": null, "VISITING_HRS_STP_2": null}}, {"type": "Feature", "id": 297, "geometry": {"type": "Point", "coordinates": [72.949192273462, 19.18226888226754]}, "properties": {"OBJECTID": 297, "NAME": "National Hospital and ICCU", "TYPE": 4, "SUBTYPE": "General", "LOCATION": "1st Floor, Vikas Paradise, Opposite Balrajeshwar Mandir, L. B. S Road, Mulund West, Mumbai - 400080.", "ELEVATOR_CONTACT_LIST": null, "ELEVATOR_INTERCOM": null, "WORKING_HRS": null, "EMPLOYEE_QTY": null, "EMPLOYEE_MALE": null, "EMPLOYEE_FEMALE": null, "EMPLOYEE_DIF_ABLE": null, "WORKING_HRS_STR": null, "WORKING_HRS_STP": null, "VISITORS_QTY": null, "VISITING_HRS_STR": null, "VISITING_HRS_STP": null, "VISITORS_QTY_2": null, "VISITING_HRS_STR_2": null, "VISITING_HRS_STP_2": null}}, {"type": "Feature", "id": 298, "geometry": {"type": "Point", "coordinates": [72.95319029370283, 19.176624868134233]}, "properties": {"OBJECTID": 298, "NAME": "Dhanvantri Hospital", "TYPE": 4, "SUBTYPE": "General", "LOCATION": "516-C, NS Rd, Vidya Vihar, Mulund West, Mumbai, Maharashtra 400080", "ELEVATOR_CONTACT_LIST": null, "ELEVATOR_INTERCOM": null, "WORKING_HRS": null, "EMPLOYEE_QTY": null, "EMPLOYEE_MALE": null, "EMPLOYEE_FEMALE": null, "EMPLOYEE_DIF_ABLE": null, "WORKING_HRS_STR": null, "WORKING_HRS_STP": null, "VISITORS_QTY": null, "VISITING_HRS_STR": null, "VISITING_HRS_STP": null, "VISITORS_QTY_2": null, "VISITING_HRS_STR_2": null, "VISITING_HRS_STP_2": null}}, {"type": "Feature", "id": 299, "geometry": {"type": "Point", "coordinates": [72.94464099964978, 19.179438000279816]}, "properties": {"OBJECTID": 299, "NAME": "E S I C Hospital", "TYPE": 2, "SUBTYPE": "General", "LOCATION": "Lal Bahadur Shashtri Marg, Mulund West, Mumbai- 400080.", "ELEVATOR_CONTACT_LIST": null, "ELEVATOR_INTERCOM": null, "WORKING_HRS": null, "EMPLOYEE_QTY": null, "EMPLOYEE_MALE": null, "EMPLOYEE_FEMALE": null, "EMPLOYEE_DIF_ABLE": null, "WORKING_HRS_STR": null, "WORKING_HRS_STP": null, "VISITORS_QTY": null, "VISITING_HRS_STR": null, "VISITING_HRS_STP": null, "VISITORS_QTY_2": null, "VISITING_HRS_STR_2": null, "VISITING_HRS_STP_2": null}}, {"type": "Feature", "id": 302, "geometry": {"type": "Point", "coordinates": [72.94674221073903, 19.182078886537663]}, "properties": {"OBJECTID": 302, "NAME": "Joshi Surgical Hospital", "TYPE": 4, "SUBTYPE": "General", "LOCATION": "A 10, 2Nd Floor, Apurva Apartment, Govardhan Nagar, L B S Marg, Mulund West, Mumbai - 400080.", "ELEVATOR_CONTACT_LIST": null, "ELEVATOR_INTERCOM": null, "WORKING_HRS": null, "EMPLOYEE_QTY": null, "EMPLOYEE_MALE": null, "EMPLOYEE_FEMALE": null, "EMPLOYEE_DIF_ABLE": null, "WORKING_HRS_STR": null, "WORKING_HRS_STP": null, "VISITORS_QTY": null, "VISITING_HRS_STR": null, "VISITING_HRS_STP": null, "VISITORS_QTY_2": null, "VISITING_HRS_STR_2": null, "VISITING_HRS_STP_2": null}}, {"type": "Feature", "id": 303, "geometry": {"type": "Point", "coordinates": [72.9455339996627, 19.18161199977159]}, "properties": {"OBJECTID": 303, "NAME": "Dr. Redkar's Maternity & Nursing Home", "TYPE": 4, "SUBTYPE": "Nursing Home", "LOCATION": "Lal Bahadur Shastri Marg, Mulund West, Mumbai-  400080.", "ELEVATOR_CONTACT_LIST": null, "ELEVATOR_INTERCOM": null, "WORKING_HRS": null, "EMPLOYEE_QTY": null, "EMPLOYEE_MALE": null, "EMPLOYEE_FEMALE": null, "EMPLOYEE_DIF_ABLE": null, "WORKING_HRS_STR": null, "WORKING_HRS_STP": null, "VISITORS_QTY": null, "VISITING_HRS_STR": null, "VISITING_HRS_STP": null, "VISITORS_QTY_2": null, "VISITING_HRS_STR_2": null, "VISITING_HRS_STP_2": null}}, {"type": "Feature", "id": 304, "geometry": {"type": "Point", "coordinates": [72.95415057862323, 19.18190932267548]}, "properties": {"OBJECTID": 304, "NAME": "Shree Krishna Maternity & Child Care Hospital", "TYPE": 4, "SUBTYPE": "Maternity Home", "LOCATION": "1st Fr, Padmavati Ngr Com., Dindayal Uppadhya Marg, Nr Check Naka Bus Depot, Mulund W, Mumbai - 80.", "ELEVATOR_CONTACT_LIST": "Yes", "ELEVATOR_INTERCOM": "No", "WORKING_HRS": null, "EMPLOYEE_QTY": null, "EMPLOYEE_MALE": null, "EMPLOYEE_FEMALE": null, "EMPLOYEE_DIF_ABLE": null, "WORKING_HRS_STR": null, "WORKING_HRS_STP": null, "VISITORS_QTY": null, "VISITING_HRS_STR": null, "VISITING_HRS_STP": null, "VISITORS_QTY_2": null, "VISITING_HRS_STR_2": null, "VISITING_HRS_STP_2": null}}, {"type": "Feature", "id": 307, "geometry": {"type": "Point", "coordinates": [72.96172300023885, 19.17594500012893]}, "properties": {"OBJECTID": 307, "NAME": "Spandan Health Care - Chandraganga Hospital", "TYPE": 4, "SUBTYPE": "Nursing Home", "LOCATION": "Vasudev Balvant Phadke Road, Neelam Nagar, Mulund East, Mumbai - 400081.", "ELEVATOR_CONTACT_LIST": "Yes", "ELEVATOR_INTERCOM": "Yes", "WORKING_HRS": "Yes", "EMPLOYEE_QTY": 50, "EMPLOYEE_MALE": null, "EMPLOYEE_FEMALE": null, "EMPLOYEE_DIF_ABLE": null, "WORKING_HRS_STR": null, "WORKING_HRS_STP": null, "VISITORS_QTY": null, "VISITING_HRS_STR": null, "VISITING_HRS_STP": null, "VISITORS_QTY_2": null, "VISITING_HRS_STR_2": null, "VISITING_HRS_STP_2": null}}, {"type": "Feature", "id": 309, "geometry": {"type": "Point", "coordinates": [72.96176100005073, 19.17304599982137]}, "properties": {"OBJECTID": 309, "NAME": "Smile Essence Dental Clinic- Dr. Bhandarkar", "TYPE": 4, "SUBTYPE": "Clinic", "LOCATION": "Hanuman Chowk, Mulund East, Mumbai", "ELEVATOR_CONTACT_LIST": null, "ELEVATOR_INTERCOM": null, "WORKING_HRS": null, "EMPLOYEE_QTY": null, "EMPLOYEE_MALE": null, "EMPLOYEE_FEMALE": null, "EMPLOYEE_DIF_ABLE": null, "WORKING_HRS_STR": null, "WORKING_HRS_STP": null, "VISITORS_QTY": null, "VISITING_HRS_STR": null, "VISITING_HRS_STP": null, "VISITORS_QTY_2": null, "VISITING_HRS_STR_2": null, "VISITING_HRS_STP_2": null}}, {"type": "Feature", "id": 312, "geometry": {"type": "Point", "coordinates": [72.95894499241979, 19.171226933955406]}, "properties": {"OBJECTID": 312, "NAME": "Dr. Gujars Maternity & Surgical Hospital", "TYPE": 4, "SUBTYPE": "Maternity Home", "LOCATION": "First Floor, Satnam Apartment, Lokmanya Tilak Rd, Hanuman Chowk, Mulund East, Mumbai - 400081.", "ELEVATOR_CONTACT_LIST": null, "ELEVATOR_INTERCOM": null, "WORKING_HRS": null, "EMPLOYEE_QTY": null, "EMPLOYEE_MALE": null, "EMPLOYEE_FEMALE": null, "EMPLOYEE_DIF_ABLE": null, "WORKING_HRS_STR": null, "WORKING_HRS_STP": null, "VISITORS_QTY": null, "VISITING_HRS_STR": null, "VISITING_HRS_STP": null, "VISITORS_QTY_2": null, "VISITING_HRS_STR_2": null, "VISITING_HRS_STP_2": null}}, {"type": "Feature", "id": 314, "geometry": {"type": "Point", "coordinates": [72.96151699996445, 19.168937999719546]}, "properties": {"OBJECTID": 314, "NAME": "Navajeevan  Materanity & Surgical Hospital", "TYPE": 4, "SUBTYPE": "Maternity Home", "LOCATION": "Vaishali Nagar, B.R.Road, Opp.402 Bus Stop, Mulund West, Mumbai-400080.", "ELEVATOR_CONTACT_LIST": "NA", "ELEVATOR_INTERCOM": "NA", "WORKING_HRS": null, "EMPLOYEE_QTY": null, "EMPLOYEE_MALE": null, "EMPLOYEE_FEMALE": null, "EMPLOYEE_DIF_ABLE": null, "WORKING_HRS_STR": null, "WORKING_HRS_STP": null, "VISITORS_QTY": null, "VISITING_HRS_STR": null, "VISITING_HRS_STP": null, "VISITORS_QTY_2": null, "VISITING_HRS_STR_2": null, "VISITING_HRS_STP_2": null}}, {"type": "Feature", "id": 316, "geometry": {"type": "Point", "coordinates": [72.95481899982228, 19.16463300036161]}, "properties": {"OBJECTID": 316, "NAME": "Anand Hospital", "TYPE": 4, "SUBTYPE": "General", "LOCATION": "LIC Colony, Mulund East, Mumbai - 400081.", "ELEVATOR_CONTACT_LIST": null, "ELEVATOR_INTERCOM": null, "WORKING_HRS": null, "EMPLOYEE_QTY": null, "EMPLOYEE_MALE": null, "EMPLOYEE_FEMALE": null, "EMPLOYEE_DIF_ABLE": null, "WORKING_HRS_STR": null, "WORKING_HRS_STP": null, "VISITORS_QTY": null, "VISITING_HRS_STR": null, "VISITING_HRS_STP": null, "VISITORS_QTY_2": null, "VISITING_HRS_STR_2": null, "VISITING_HRS_STP_2": null}}, {"type": "Feature", "id": 317, "geometry": {"type": "Point", "coordinates": [72.90473199961403, 19.08319500020061]}, "properties": {"OBJECTID": 317, "NAME": "Doshi Nursing Home", "TYPE": 4, "SUBTYPE": "Nursing Home", "LOCATION": "Amrut Kunj, Nr Navjeevan Hospitals, Mahatma Gandhi Rd, Rajawadi Colony, Vidyavihar, Mumbai - 75.", "ELEVATOR_CONTACT_LIST": null, "ELEVATOR_INTERCOM": null, "WORKING_HRS": null, "EMPLOYEE_QTY": null, "EMPLOYEE_MALE": null, "EMPLOYEE_FEMALE": null, "EMPLOYEE_DIF_ABLE": null, "WORKING_HRS_STR": null, "WORKING_HRS_STP": null, "VISITORS_QTY": null, "VISITING_HRS_STR": null, "VISITING_HRS_STP": null, "VISITORS_QTY_2": null, "VISITING_HRS_STR_2": null, "VISITING_HRS_STP_2": null}}, {"type": "Feature", "id": 318, "geometry": {"type": "Point", "coordinates": [72.90235099973243, 19.088804000093926]}, "properties": {"OBJECTID": 318, "NAME": "Bhanushali Nursing Home", "TYPE": 4, "SUBTYPE": "Nursing Home", "LOCATION": "Avantika Aparments, Opp Bajaj Showroom New Maniklal Estate Ghatkopar W, Mumbai - 400086.", "ELEVATOR_CONTACT_LIST": null, "ELEVATOR_INTERCOM": null, "WORKING_HRS": null, "EMPLOYEE_QTY": null, "EMPLOYEE_MALE": null, "EMPLOYEE_FEMALE": null, "EMPLOYEE_DIF_ABLE": null, "WORKING_HRS_STR": null, "WORKING_HRS_STP": null, "VISITORS_QTY": null, "VISITING_HRS_STR": null, "VISITING_HRS_STP": null, "VISITORS_QTY_2": null, "VISITING_HRS_STR_2": null, "VISITING_HRS_STP_2": null}}, {"type": "Feature", "id": 319, "geometry": {"type": "Point", "coordinates": [72.91301699969387, 19.097241999602915]}, "properties": {"OBJECTID": 319, "NAME": "Dr G N Gandhi Nursing Home", "TYPE": 4, "SUBTYPE": "Nursing Home", "LOCATION": "1, Haridwar Apartment, Lal Bahadur Shastri Marg, Ghatkopar West, Mumbai - 400086.", "ELEVATOR_CONTACT_LIST": null, "ELEVATOR_INTERCOM": null, "WORKING_HRS": null, "EMPLOYEE_QTY": null, "EMPLOYEE_MALE": null, "EMPLOYEE_FEMALE": null, "EMPLOYEE_DIF_ABLE": null, "WORKING_HRS_STR": null, "WORKING_HRS_STP": null, "VISITORS_QTY": null, "VISITING_HRS_STR": null, "VISITING_HRS_STP": null, "VISITORS_QTY_2": null, "VISITING_HRS_STR_2": null, "VISITING_HRS_STP_2": null}}, {"type": "Feature", "id": 320, "geometry": {"type": "Point", "coordinates": [72.90706600011931, 19.07437700016892]}, "properties": {"OBJECTID": 320, "NAME": "Malti Nursing Home", "TYPE": 4, "SUBTYPE": "Nursing Home", "LOCATION": "90 Feet Rd, Ghatkopar East, Mumbai - 400077.", "ELEVATOR_CONTACT_LIST": null, "ELEVATOR_INTERCOM": null, "WORKING_HRS": null, "EMPLOYEE_QTY": null, "EMPLOYEE_MALE": null, "EMPLOYEE_FEMALE": null, "EMPLOYEE_DIF_ABLE": null, "WORKING_HRS_STR": null, "WORKING_HRS_STP": null, "VISITORS_QTY": null, "VISITING_HRS_STR": null, "VISITING_HRS_STP": null, "VISITORS_QTY_2": null, "VISITING_HRS_STR_2": null, "VISITING_HRS_STP_2": null}}, {"type": "Feature", "id": 321, "geometry": {"type": "Point", "coordinates": [72.90466209235873, 19.084849936607338]}, "properties": {"OBJECTID": 321, "NAME": "Mhavir Nursing Home", "TYPE": 4, "SUBTYPE": "Nursing Home", "LOCATION": "Shri Krupa Building, 1st Floor, Navroji Lane, Kama Galli, Ghatkopar West, Mumbai - 400086.", "ELEVATOR_CONTACT_LIST": null, "ELEVATOR_INTERCOM": null, "WORKING_HRS": null, "EMPLOYEE_QTY": null, "EMPLOYEE_MALE": null, "EMPLOYEE_FEMALE": null, "EMPLOYEE_DIF_ABLE": null, "WORKING_HRS_STR": null, "WORKING_HRS_STP": null, "VISITORS_QTY": null, "VISITING_HRS_STR": null, "VISITING_HRS_STP": null, "VISITORS_QTY_2": null, "VISITING_HRS_STR_2": null, "VISITING_HRS_STP_2": null}}, {"type": "Feature", "id": 322, "geometry": {"type": "Point", "coordinates": [72.90202862781405, 19.086806746931476]}, "properties": {"OBJECTID": 322, "NAME": "Sanyog Nursing Home", "TYPE": 4, "SUBTYPE": "Nursing Home", "LOCATION": "312/ 311, Pradhan Sag, Kuntal Bldg, B No. D - 1, Jivadaya Lane, Lbs Marg, Ghatkopar W, Mumbai - 86.", "ELEVATOR_CONTACT_LIST": null, "ELEVATOR_INTERCOM": null, "WORKING_HRS": null, "EMPLOYEE_QTY": null, "EMPLOYEE_MALE": null, "EMPLOYEE_FEMALE": null, "EMPLOYEE_DIF_ABLE": null, "WORKING_HRS_STR": null, "WORKING_HRS_STP": null, "VISITORS_QTY": null, "VISITING_HRS_STR": null, "VISITING_HRS_STP": null, "VISITORS_QTY_2": null, "VISITING_HRS_STR_2": null, "VISITING_HRS_STP_2": null}}, {"type": "Feature", "id": 323, "geometry": {"type": "Point", "coordinates": [72.90660899984114, 19.07488600013329]}, "properties": {"OBJECTID": 323, "NAME": "Dr Mehta Nursing Home", "TYPE": 4, "SUBTYPE": "Nursing Home", "LOCATION": "198/1, Garodia Palace, 90 Feet Road, Ghatkopar East, Ghatkopar East, Mumbai - 400077.", "ELEVATOR_CONTACT_LIST": null, "ELEVATOR_INTERCOM": null, "WORKING_HRS": null, "EMPLOYEE_QTY": null, "EMPLOYEE_MALE": null, "EMPLOYEE_FEMALE": null, "EMPLOYEE_DIF_ABLE": null, "WORKING_HRS_STR": null, "WORKING_HRS_STP": null, "VISITORS_QTY": null, "VISITING_HRS_STR": null, "VISITING_HRS_STP": null, "VISITORS_QTY_2": null, "VISITING_HRS_STR_2": null, "VISITING_HRS_STP_2": null}}, {"type": "Feature", "id": 324, "geometry": {"type": "Point", "coordinates": [72.90520033197107, 19.08857777566412]}, "properties": {"OBJECTID": 324, "NAME": "Kedia Poly Clinic And Nursing Home", "TYPE": 4, "SUBTYPE": "Nursing Home", "LOCATION": "Dharmodaya, A-Wing, LBS Marg, Opp Abhyudaya Bank, Jivdaya Ln, Jivdaya Ln, Ghatkopar W, Mumbai - 86.", "ELEVATOR_CONTACT_LIST": null, "ELEVATOR_INTERCOM": null, "WORKING_HRS": null, "EMPLOYEE_QTY": null, "EMPLOYEE_MALE": null, "EMPLOYEE_FEMALE": null, "EMPLOYEE_DIF_ABLE": null, "WORKING_HRS_STR": null, "WORKING_HRS_STP": null, "VISITORS_QTY": null, "VISITING_HRS_STR": null, "VISITING_HRS_STP": null, "VISITORS_QTY_2": null, "VISITING_HRS_STR_2": null, "VISITING_HRS_STP_2": null}}, {"type": "Feature", "id": 325, "geometry": {"type": "Point", "coordinates": [72.90508965191329, 19.085909230868893]}, "properties": {"OBJECTID": 325, "NAME": "Vatsalaya Maternity & Nursing Home", "TYPE": 4, "SUBTYPE": "Nursing Home", "LOCATION": "Mahatma Gandhi Rd, Ghatkopar West, Mumbai - 400086.", "ELEVATOR_CONTACT_LIST": null, "ELEVATOR_INTERCOM": null, "WORKING_HRS": null, "EMPLOYEE_QTY": null, "EMPLOYEE_MALE": null, "EMPLOYEE_FEMALE": null, "EMPLOYEE_DIF_ABLE": null, "WORKING_HRS_STR": null, "WORKING_HRS_STP": null, "VISITORS_QTY": null, "VISITING_HRS_STR": null, "VISITING_HRS_STP": null, "VISITORS_QTY_2": null, "VISITING_HRS_STR_2": null, "VISITING_HRS_STP_2": null}}, {"type": "Feature", "id": 326, "geometry": {"type": "Point", "coordinates": [72.9080959999012, 19.07361599989169]}, "properties": {"OBJECTID": 326, "NAME": "Mamta Nursing Home", "TYPE": 4, "SUBTYPE": "Nursing Home", "LOCATION": "Plot No. 184, Ground Floor, Sati Dham Building, Garodia Nagar, Ghatkopar East, Mumbai - 400077.", "ELEVATOR_CONTACT_LIST": null, "ELEVATOR_INTERCOM": null, "WORKING_HRS": null, "EMPLOYEE_QTY": null, "EMPLOYEE_MALE": null, "EMPLOYEE_FEMALE": null, "EMPLOYEE_DIF_ABLE": null, "WORKING_HRS_STR": null, "WORKING_HRS_STP": null, "VISITORS_QTY": null, "VISITING_HRS_STR": null, "VISITING_HRS_STP": null, "VISITORS_QTY_2": null, "VISITING_HRS_STR_2": null, "VISITING_HRS_STP_2": null}}, {"type": "Feature", "id": 327, "geometry": {"type": "Point", "coordinates": [72.91431399981134, 19.102217000003037]}, "properties": {"OBJECTID": 327, "NAME": "Adarsh Nursing Home", "TYPE": 4, "SUBTYPE": "Nursing Home", "LOCATION": "B Wing, 1st Floor, Shrenik Cooperative Society, Amrut Nagar, Ghatkopar West, Mumbai - 400086.", "ELEVATOR_CONTACT_LIST": null, "ELEVATOR_INTERCOM": null, "WORKING_HRS": null, "EMPLOYEE_QTY": null, "EMPLOYEE_MALE": null, "EMPLOYEE_FEMALE": null, "EMPLOYEE_DIF_ABLE": null, "WORKING_HRS_STR": null, "WORKING_HRS_STP": null, "VISITORS_QTY": null, "VISITING_HRS_STR": null, "VISITING_HRS_STP": null, "VISITORS_QTY_2": null, "VISITING_HRS_STR_2": null, "VISITING_HRS_STP_2": null}}, {"type": "Feature", "id": 328, "geometry": {"type": "Point", "coordinates": [72.91229844307554, 19.09256581534567]}, "properties": {"OBJECTID": 328, "NAME": "Satyam Nursing Home", "TYPE": 4, "SUBTYPE": "Nursing Home", "LOCATION": "lbs Marg, Nityanand Nagar, Ghatkopar West, Mumbai - 400086.", "ELEVATOR_CONTACT_LIST": null, "ELEVATOR_INTERCOM": null, "WORKING_HRS": null, "EMPLOYEE_QTY": null, "EMPLOYEE_MALE": null, "EMPLOYEE_FEMALE": null, "EMPLOYEE_DIF_ABLE": null, "WORKING_HRS_STR": null, "WORKING_HRS_STP": null, "VISITORS_QTY": null, "VISITING_HRS_STR": null, "VISITING_HRS_STP": null, "VISITORS_QTY_2": null, "VISITING_HRS_STR_2": null, "VISITING_HRS_STP_2": null}}, {"type": "Feature", "id": 329, "geometry": {"type": "Point", "coordinates": [72.83215799440674, 19.191895773137976]}, "properties": {"OBJECTID": 329, "NAME": "Evershine Nursing Home", "TYPE": 4, "SUBTYPE": "Nursing Home", "LOCATION": "Near SAI Baba Park, Evershine Nagar, Malad West, Mumbai - 400064.", "ELEVATOR_CONTACT_LIST": null, "ELEVATOR_INTERCOM": null, "WORKING_HRS": null, "EMPLOYEE_QTY": null, "EMPLOYEE_MALE": null, "EMPLOYEE_FEMALE": null, "EMPLOYEE_DIF_ABLE": null, "WORKING_HRS_STR": null, "WORKING_HRS_STP": null, "VISITORS_QTY": null, "VISITING_HRS_STR": null, "VISITING_HRS_STP": null, "VISITORS_QTY_2": null, "VISITING_HRS_STR_2": null, "VISITING_HRS_STP_2": null}}, {"type": "Feature", "id": 330, "geometry": {"type": "Point", "coordinates": [72.85536854642477, 19.18927101566321]}, "properties": {"OBJECTID": 330, "NAME": "Raj Nursing Home & Polyclinic", "TYPE": 4, "SUBTYPE": "Nursing Home", "LOCATION": "Riddhi Apartment, Pushpa Park, Road No 1, Malad East, Mumbai - 400097.", "ELEVATOR_CONTACT_LIST": null, "ELEVATOR_INTERCOM": null, "WORKING_HRS": null, "EMPLOYEE_QTY": null, "EMPLOYEE_MALE": null, "EMPLOYEE_FEMALE": null, "EMPLOYEE_DIF_ABLE": null, "WORKING_HRS_STR": null, "WORKING_HRS_STP": null, "VISITORS_QTY": null, "VISITING_HRS_STR": null, "VISITING_HRS_STP": null, "VISITORS_QTY_2": null, "VISITING_HRS_STR_2": null, "VISITING_HRS_STP_2": null}}, {"type": "Feature", "id": 331, "geometry": {"type": "Point", "coordinates": [72.85455089227413, 19.185939766856556]}, "properties": {"OBJECTID": 331, "NAME": "Megha Surgical Hospital", "TYPE": 4, "SUBTYPE": "Speciality", "LOCATION": "7, Ashmi Apartment,Bachani Nagar Rd, Malad(E), Mumbai-400097.", "ELEVATOR_CONTACT_LIST": null, "ELEVATOR_INTERCOM": null, "WORKING_HRS": null, "EMPLOYEE_QTY": null, "EMPLOYEE_MALE": null, "EMPLOYEE_FEMALE": null, "EMPLOYEE_DIF_ABLE": null, "WORKING_HRS_STR": null, "WORKING_HRS_STP": null, "VISITORS_QTY": null, "VISITING_HRS_STR": null, "VISITING_HRS_STP": null, "VISITORS_QTY_2": null, "VISITING_HRS_STR_2": null, "VISITING_HRS_STP_2": null}}, {"type": "Feature", "id": 332, "geometry": {"type": "Point", "coordinates": [72.85118344491633, 19.17844061262551]}, "properties": {"OBJECTID": 332, "NAME": "M W Desai Municipal General Hospital", "TYPE": 1, "SUBTYPE": "General", "LOCATION": "Govind Nagar, Haji Bapu Road, Malad East, Mumbai-400097,   9820631862", "ELEVATOR_CONTACT_LIST": "Yes", "ELEVATOR_INTERCOM": "Yes", "WORKING_HRS": "Yes", "EMPLOYEE_QTY": null, "EMPLOYEE_MALE": null, "EMPLOYEE_FEMALE": null, "EMPLOYEE_DIF_ABLE": null, "WORKING_HRS_STR": null, "WORKING_HRS_STP": null, "VISITORS_QTY": null, "VISITING_HRS_STR": null, "VISITING_HRS_STP": null, "VISITORS_QTY_2": null, "VISITING_HRS_STR_2": null, "VISITING_HRS_STP_2": null}}, {"type": "Feature", "id": 333, "geometry": {"type": "Point", "coordinates": [72.82248699968504, 19.186586000309283]}, "properties": {"OBJECTID": 333, "NAME": "Maulana Abdul Kalam Azad Hospital", "TYPE": 2, "SUBTYPE": "General", "LOCATION": "Malvani, Malad West, Mumbai- 400095\nDr. Ranjita", "ELEVATOR_CONTACT_LIST": null, "ELEVATOR_INTERCOM": null, "WORKING_HRS": null, "EMPLOYEE_QTY": null, "EMPLOYEE_MALE": null, "EMPLOYEE_FEMALE": null, "EMPLOYEE_DIF_ABLE": null, "WORKING_HRS_STR": null, "WORKING_HRS_STP": null, "VISITORS_QTY": null, "VISITING_HRS_STR": null, "VISITING_HRS_STP": null, "VISITORS_QTY_2": null, "VISITING_HRS_STR_2": null, "VISITING_HRS_STP_2": null}}, {"type": "Feature", "id": 334, "geometry": {"type": "Point", "coordinates": [72.84629830799172, 19.161130458672528]}, "properties": {"OBJECTID": 334, "NAME": "Datt Maternity And Surgical Home", "TYPE": 4, "SUBTYPE": "Maternity Home", "LOCATION": "23, Jawahar Nagar, Opposite Citi Financial, S V Road, Goregaon West, Mumbai - 400062", "ELEVATOR_CONTACT_LIST": null, "ELEVATOR_INTERCOM": null, "WORKING_HRS": null, "EMPLOYEE_QTY": null, "EMPLOYEE_MALE": null, "EMPLOYEE_FEMALE": null, "EMPLOYEE_DIF_ABLE": null, "WORKING_HRS_STR": null, "WORKING_HRS_STP": null, "VISITORS_QTY": null, "VISITING_HRS_STR": null, "VISITING_HRS_STP": null, "VISITORS_QTY_2": null, "VISITING_HRS_STR_2": null, "VISITING_HRS_STP_2": null}}, {"type": "Feature", "id": 335, "geometry": {"type": "Point", "coordinates": [72.84646382544723, 19.175375501055665]}, "properties": {"OBJECTID": 335, "NAME": "Neelam Nursing Home", "TYPE": 4, "SUBTYPE": "Nursing Home", "LOCATION": "Opp. Sundar Nagar, Off S. V. Road, Malad (W), Mumbai - 400064", "ELEVATOR_CONTACT_LIST": "No", "ELEVATOR_INTERCOM": "No", "WORKING_HRS": "Yes", "EMPLOYEE_QTY": 10, "EMPLOYEE_MALE": null, "EMPLOYEE_FEMALE": null, "EMPLOYEE_DIF_ABLE": null, "WORKING_HRS_STR": null, "WORKING_HRS_STP": null, "VISITORS_QTY": null, "VISITING_HRS_STR": null, "VISITING_HRS_STP": null, "VISITORS_QTY_2": null, "VISITING_HRS_STR_2": null, "VISITING_HRS_STP_2": null}}, {"type": "Feature", "id": 336, "geometry": {"type": "Point", "coordinates": [72.84606415127135, 19.175065673087076]}, "properties": {"OBJECTID": 336, "NAME": "Maa Nursing Home", "TYPE": 4, "SUBTYPE": "Nursing Home", "LOCATION": "Himachal Building, S.V.Road, Opposite Sunder Nagar, Goregaon (west)Mumbai - 400062", "ELEVATOR_CONTACT_LIST": "Yes", "ELEVATOR_INTERCOM": "No", "WORKING_HRS": null, "EMPLOYEE_QTY": 8, "EMPLOYEE_MALE": null, "EMPLOYEE_FEMALE": null, "EMPLOYEE_DIF_ABLE": null, "WORKING_HRS_STR": null, "WORKING_HRS_STP": null, "VISITORS_QTY": null, "VISITING_HRS_STR": null, "VISITING_HRS_STP": null, "VISITORS_QTY_2": null, "VISITING_HRS_STR_2": null, "VISITING_HRS_STP_2": null}}, {"type": "Feature", "id": 337, "geometry": {"type": "Point", "coordinates": [72.85289737704836, 19.23038385599589]}, "properties": {"OBJECTID": 337, "NAME": "Doshi Maternity Nursing Home", "TYPE": 4, "SUBTYPE": "Nursing Home", "LOCATION": "No.B-3, Panjabi Lane, Off L.T Road, Manek Nagar, Borivali West, Mumbai - 400092.", "ELEVATOR_CONTACT_LIST": "Yes", "ELEVATOR_INTERCOM": null, "WORKING_HRS": null, "EMPLOYEE_QTY": null, "EMPLOYEE_MALE": null, "EMPLOYEE_FEMALE": null, "EMPLOYEE_DIF_ABLE": null, "WORKING_HRS_STR": null, "WORKING_HRS_STP": null, "VISITORS_QTY": null, "VISITING_HRS_STR": null, "VISITING_HRS_STP": null, "VISITORS_QTY_2": null, "VISITING_HRS_STR_2": null, "VISITING_HRS_STP_2": null}}, {"type": "Feature", "id": 338, "geometry": {"type": "Point", "coordinates": [72.85316500038554, 19.222738000293692]}, "properties": {"OBJECTID": 338, "NAME": "Rhushabh Hospital", "TYPE": 4, "SUBTYPE": "Speciality", "LOCATION": "Anjana Apartment, S V Road, Vivekanand Nagar, Near Borivali Station, Borivali, Mumbai- 400092.", "ELEVATOR_CONTACT_LIST": null, "ELEVATOR_INTERCOM": null, "WORKING_HRS": "Yes", "EMPLOYEE_QTY": 22, "EMPLOYEE_MALE": null, "EMPLOYEE_FEMALE": null, "EMPLOYEE_DIF_ABLE": null, "WORKING_HRS_STR": null, "WORKING_HRS_STP": null, "VISITORS_QTY": null, "VISITING_HRS_STR": null, "VISITING_HRS_STP": null, "VISITORS_QTY_2": null, "VISITING_HRS_STR_2": null, "VISITING_HRS_STP_2": null}}, {"type": "Feature", "id": 339, "geometry": {"type": "Point", "coordinates": [72.8551140430964, 19.222262985352156]}, "properties": {"OBJECTID": 339, "NAME": "Dhanashri Nursing Home", "TYPE": 4, "SUBTYPE": "Nursing Home", "LOCATION": "Natakwala Lane, Off S V Road, Borivali West, Mumbai - 400092.", "ELEVATOR_CONTACT_LIST": null, "ELEVATOR_INTERCOM": null, "WORKING_HRS": null, "EMPLOYEE_QTY": null, "EMPLOYEE_MALE": null, "EMPLOYEE_FEMALE": null, "EMPLOYEE_DIF_ABLE": null, "WORKING_HRS_STR": null, "WORKING_HRS_STP": null, "VISITORS_QTY": null, "VISITING_HRS_STR": null, "VISITING_HRS_STP": null, "VISITORS_QTY_2": null, "VISITING_HRS_STR_2": null, "VISITING_HRS_STP_2": null}}, {"type": "Feature", "id": 340, "geometry": {"type": "Point", "coordinates": [72.85405411691731, 19.226944147425005]}, "properties": {"OBJECTID": 340, "NAME": "Ashirwad Orthopedic and Surgical Nursing Home", "TYPE": 4, "SUBTYPE": "Nursing Home", "LOCATION": "Bhakti B, Jambli Gali, Borivili West, Mumbai - 400092.", "ELEVATOR_CONTACT_LIST": null, "ELEVATOR_INTERCOM": null, "WORKING_HRS": null, "EMPLOYEE_QTY": null, "EMPLOYEE_MALE": null, "EMPLOYEE_FEMALE": null, "EMPLOYEE_DIF_ABLE": null, "WORKING_HRS_STR": null, "WORKING_HRS_STP": null, "VISITORS_QTY": null, "VISITING_HRS_STR": null, "VISITING_HRS_STP": null, "VISITORS_QTY_2": null, "VISITING_HRS_STR_2": null, "VISITING_HRS_STP_2": null}}, {"type": "Feature", "id": 341, "geometry": {"type": "Point", "coordinates": [72.85256739956282, 19.226296999702292]}, "properties": {"OBJECTID": 341, "NAME": "Siddharth Maternity & Nursing Home", "TYPE": 4, "SUBTYPE": "Nursing Home", "LOCATION": "S No C-3, Vaibhav, Jambli Gali, Bhatt Chawl, Mini Zaveri Bazaar, Mhatre Wadi, Borivali W, Mumbai 92.", "ELEVATOR_CONTACT_LIST": null, "ELEVATOR_INTERCOM": null, "WORKING_HRS": null, "EMPLOYEE_QTY": null, "EMPLOYEE_MALE": null, "EMPLOYEE_FEMALE": null, "EMPLOYEE_DIF_ABLE": null, "WORKING_HRS_STR": null, "WORKING_HRS_STP": null, "VISITORS_QTY": null, "VISITING_HRS_STR": null, "VISITING_HRS_STP": null, "VISITORS_QTY_2": null, "VISITING_HRS_STR_2": null, "VISITING_HRS_STP_2": null}}, {"type": "Feature", "id": 342, "geometry": {"type": "Point", "coordinates": [72.85859033628931, 19.234309482359485]}, "properties": {"OBJECTID": 342, "NAME": "Robindra Nursing Home", "TYPE": 4, "SUBTYPE": "Nursing Home", "LOCATION": "Bhagwat Niwas, Swami Vivekanand Road, Daulat Nagar, Borivali East, Mumbai - 400066.", "ELEVATOR_CONTACT_LIST": null, "ELEVATOR_INTERCOM": null, "WORKING_HRS": null, "EMPLOYEE_QTY": null, "EMPLOYEE_MALE": null, "EMPLOYEE_FEMALE": null, "EMPLOYEE_DIF_ABLE": null, "WORKING_HRS_STR": null, "WORKING_HRS_STP": null, "VISITORS_QTY": null, "VISITING_HRS_STR": null, "VISITING_HRS_STP": null, "VISITORS_QTY_2": null, "VISITING_HRS_STR_2": null, "VISITING_HRS_STP_2": null}}, {"type": "Feature", "id": 344, "geometry": {"type": "Point", "coordinates": [72.85224200013363, 19.21874400022837]}, "properties": {"OBJECTID": 344, "NAME": "Shri Bal Hanuman Maternity & Surgical Hospital", "TYPE": 4, "SUBTYPE": "Maternity Home", "LOCATION": "Lancelot CHS Shop No-102, C-113,Swami Vivekanand Rd, Sumer Nagar, Borivali W, Mumbai - 92.", "ELEVATOR_CONTACT_LIST": "Yes", "ELEVATOR_INTERCOM": "Yes", "WORKING_HRS": null, "EMPLOYEE_QTY": 30, "EMPLOYEE_MALE": null, "EMPLOYEE_FEMALE": null, "EMPLOYEE_DIF_ABLE": null, "WORKING_HRS_STR": null, "WORKING_HRS_STP": null, "VISITORS_QTY": null, "VISITING_HRS_STR": null, "VISITING_HRS_STP": null, "VISITORS_QTY_2": null, "VISITING_HRS_STR_2": null, "VISITING_HRS_STP_2": null}}, {"type": "Feature", "id": 345, "geometry": {"type": "Point", "coordinates": [72.85285200008352, 19.233505000345712]}, "properties": {"OBJECTID": 345, "NAME": "Vimal Hospital", "TYPE": 4, "SUBTYPE": "General", "LOCATION": "Sectorv1, Gorai,Borivali (W), Mumbai - 400091.", "ELEVATOR_CONTACT_LIST": null, "ELEVATOR_INTERCOM": null, "WORKING_HRS": null, "EMPLOYEE_QTY": null, "EMPLOYEE_MALE": null, "EMPLOYEE_FEMALE": null, "EMPLOYEE_DIF_ABLE": null, "WORKING_HRS_STR": null, "WORKING_HRS_STP": null, "VISITORS_QTY": null, "VISITING_HRS_STR": null, "VISITING_HRS_STP": null, "VISITORS_QTY_2": null, "VISITING_HRS_STR_2": null, "VISITING_HRS_STP_2": null}}, {"type": "Feature", "id": 347, "geometry": {"type": "Point", "coordinates": [72.85926408445943, 19.22599349493725]}, "properties": {"OBJECTID": 347, "NAME": "Shatabdi Hospital Borivali", "TYPE": 1, "SUBTYPE": "General", "LOCATION": "Kasturba Cross Road No 2, Borivali East, Mumbai - 400066.", "ELEVATOR_CONTACT_LIST": null, "ELEVATOR_INTERCOM": null, "WORKING_HRS": null, "EMPLOYEE_QTY": null, "EMPLOYEE_MALE": null, "EMPLOYEE_FEMALE": null, "EMPLOYEE_DIF_ABLE": null, "WORKING_HRS_STR": null, "WORKING_HRS_STP": null, "VISITORS_QTY": null, "VISITING_HRS_STR": null, "VISITING_HRS_STP": null, "VISITORS_QTY_2": null, "VISITING_HRS_STR_2": null, "VISITING_HRS_STP_2": null}}, {"type": "Feature", "id": 348, "geometry": {"type": "Point", "coordinates": [72.86462348392087, 19.234165341500834]}, "properties": {"OBJECTID": 348, "NAME": "Mohit Hospital", "TYPE": 4, "SUBTYPE": "General", "LOCATION": "Sant Dnyaneshwar Road, Veer Savarkar Rd, Near National Park, Borivali East, Mumbai - 400066.", "ELEVATOR_CONTACT_LIST": "Yes", "ELEVATOR_INTERCOM": "No", "WORKING_HRS": null, "EMPLOYEE_QTY": 18, "EMPLOYEE_MALE": null, "EMPLOYEE_FEMALE": null, "EMPLOYEE_DIF_ABLE": null, "WORKING_HRS_STR": null, "WORKING_HRS_STP": null, "VISITORS_QTY": null, "VISITING_HRS_STR": null, "VISITING_HRS_STP": null, "VISITORS_QTY_2": null, "VISITING_HRS_STR_2": null, "VISITING_HRS_STP_2": null}}, {"type": "Feature", "id": 349, "geometry": {"type": "Point", "coordinates": [72.86064099974098, 19.236680999726698]}, "properties": {"OBJECTID": 349, "NAME": "Purnima Hospital", "TYPE": 4, "SUBTYPE": "General", "LOCATION": "Swami Vivekananda Road, Rd Number 8, Daulat Nagar, Road no.8, Near Borivali Station, Borivali East, Mumbai - 400066.", "ELEVATOR_CONTACT_LIST": "Yes", "ELEVATOR_INTERCOM": "Yes", "WORKING_HRS": null, "EMPLOYEE_QTY": null, "EMPLOYEE_MALE": null, "EMPLOYEE_FEMALE": null, "EMPLOYEE_DIF_ABLE": null, "WORKING_HRS_STR": null, "WORKING_HRS_STP": null, "VISITORS_QTY": null, "VISITING_HRS_STR": null, "VISITING_HRS_STP": null, "VISITORS_QTY_2": null, "VISITING_HRS_STR_2": null, "VISITING_HRS_STP_2": null}}, {"type": "Feature", "id": 350, "geometry": {"type": "Point", "coordinates": [72.86193799994035, 19.22997700014625]}, "properties": {"OBJECTID": 350, "NAME": "Parmar Hospital", "TYPE": 4, "SUBTYPE": "General", "LOCATION": "63/C, Borivali Rakhi SRA, Kasturba Cross Road Number 5, Chinchpada, Near Heena Regency, Borivali, Mumbai - 400066.", "ELEVATOR_CONTACT_LIST": null, "ELEVATOR_INTERCOM": null, "WORKING_HRS": null, "EMPLOYEE_QTY": null, "EMPLOYEE_MALE": null, "EMPLOYEE_FEMALE": null, "EMPLOYEE_DIF_ABLE": null, "WORKING_HRS_STR": null, "WORKING_HRS_STP": null, "VISITORS_QTY": null, "VISITING_HRS_STR": null, "VISITING_HRS_STP": null, "VISITORS_QTY_2": null, "VISITING_HRS_STR_2": null, "VISITING_HRS_STP_2": null}}, {"type": "Feature", "id": 351, "geometry": {"type": "Point", "coordinates": [72.84641636562385, 19.223275418526875]}, "properties": {"OBJECTID": 351, "NAME": "Suvarna Hospital", "TYPE": 4, "SUBTYPE": "General", "LOCATION": "Kastur Park Road, Off Shimpoli Road, Kastur Park, Near Lokmanya Tilak Cooperative Bank, Borivali West Mumbai- 400092.", "ELEVATOR_CONTACT_LIST": null, "ELEVATOR_INTERCOM": null, "WORKING_HRS": null, "EMPLOYEE_QTY": null, "EMPLOYEE_MALE": null, "EMPLOYEE_FEMALE": null, "EMPLOYEE_DIF_ABLE": null, "WORKING_HRS_STR": null, "WORKING_HRS_STP": null, "VISITORS_QTY": null, "VISITING_HRS_STR": null, "VISITING_HRS_STP": null, "VISITORS_QTY_2": null, "VISITING_HRS_STR_2": null, "VISITING_HRS_STP_2": null}}, {"type": "Feature", "id": 352, "geometry": {"type": "Point", "coordinates": [72.85140839944395, 19.228910659770897]}, "properties": {"OBJECTID": 352, "NAME": "Sanket Hospital", "TYPE": 4, "SUBTYPE": "General", "LOCATION": "B, Nand Dham Society, L T Road, Opp St Annes High School, Borivali West, Mumbai - 400092.", "ELEVATOR_CONTACT_LIST": null, "ELEVATOR_INTERCOM": null, "WORKING_HRS": null, "EMPLOYEE_QTY": null, "EMPLOYEE_MALE": null, "EMPLOYEE_FEMALE": null, "EMPLOYEE_DIF_ABLE": null, "WORKING_HRS_STR": null, "WORKING_HRS_STP": null, "VISITORS_QTY": null, "VISITING_HRS_STR": null, "VISITING_HRS_STP": null, "VISITORS_QTY_2": null, "VISITING_HRS_STR_2": null, "VISITING_HRS_STP_2": null}}, {"type": "Feature", "id": 354, "geometry": {"type": "Point", "coordinates": [72.85477308069812, 19.24126981052948]}, "properties": {"OBJECTID": 354, "NAME": "Shri Harilal Bhagwati Hospital ICTC", "TYPE": 1, "SUBTYPE": "General", "LOCATION": "SVP Road, Rustom Irani Marg, Mandapeshwar, Near Axis Bank, Borivali West, Mumbai - 400103.", "ELEVATOR_CONTACT_LIST": null, "ELEVATOR_INTERCOM": null, "WORKING_HRS": null, "EMPLOYEE_QTY": null, "EMPLOYEE_MALE": null, "EMPLOYEE_FEMALE": null, "EMPLOYEE_DIF_ABLE": null, "WORKING_HRS_STR": null, "WORKING_HRS_STP": null, "VISITORS_QTY": null, "VISITING_HRS_STR": null, "VISITING_HRS_STP": null, "VISITORS_QTY_2": null, "VISITING_HRS_STR_2": null, "VISITING_HRS_STP_2": null}}, {"type": "Feature", "id": 355, "geometry": {"type": "Point", "coordinates": [72.85480500021119, 19.24032199977459]}, "properties": {"OBJECTID": 355, "NAME": "Bhagwati Hospital", "TYPE": 1, "SUBTYPE": "General", "LOCATION": "Tulsibaug, SVP Road, Near State Bank of India & Nobel Medical, Mandapeshwar, Borivali West, Mumbai-400103", "ELEVATOR_CONTACT_LIST": null, "ELEVATOR_INTERCOM": null, "WORKING_HRS": null, "EMPLOYEE_QTY": null, "EMPLOYEE_MALE": null, "EMPLOYEE_FEMALE": null, "EMPLOYEE_DIF_ABLE": null, "WORKING_HRS_STR": null, "WORKING_HRS_STP": null, "VISITORS_QTY": null, "VISITING_HRS_STR": null, "VISITING_HRS_STP": null, "VISITORS_QTY_2": null, "VISITING_HRS_STR_2": null, "VISITING_HRS_STP_2": null}}, {"type": "Feature", "id": 356, "geometry": {"type": "Point", "coordinates": [72.85301999996734, 19.241247000061673]}, "properties": {"OBJECTID": 356, "NAME": "Karuna Hospital", "TYPE": 4, "SUBTYPE": "General", "LOCATION": "LIC Colony Road, Jeevan Bima Nagar, Near Bhagwati Hospital, Borivali West, Mumbai 400103. ", "ELEVATOR_CONTACT_LIST": null, "ELEVATOR_INTERCOM": null, "WORKING_HRS": null, "EMPLOYEE_QTY": null, "EMPLOYEE_MALE": null, "EMPLOYEE_FEMALE": null, "EMPLOYEE_DIF_ABLE": null, "WORKING_HRS_STR": null, "WORKING_HRS_STP": null, "VISITORS_QTY": null, "VISITING_HRS_STR": null, "VISITING_HRS_STP": null, "VISITORS_QTY_2": null, "VISITING_HRS_STR_2": null, "VISITING_HRS_STP_2": null}}, {"type": "Feature", "id": 357, "geometry": {"type": "Point", "coordinates": [72.93451009139551, 19.146313279214258]}, "properties": {"OBJECTID": 357, "NAME": "Savitribai Phule Maternity Home & Health Post", "TYPE": 1, "SUBTYPE": "Maternity Home", "LOCATION": "Motichand premises, L.B.S. Road, Bhandup (w.), Mumbai -78", "ELEVATOR_CONTACT_LIST": "Yes", "ELEVATOR_INTERCOM": "No", "WORKING_HRS": null, "EMPLOYEE_QTY": 88, "EMPLOYEE_MALE": null, "EMPLOYEE_FEMALE": null, "EMPLOYEE_DIF_ABLE": null, "WORKING_HRS_STR": null, "WORKING_HRS_STP": null, "VISITORS_QTY": null, "VISITING_HRS_STR": null, "VISITING_HRS_STP": null, "VISITORS_QTY_2": null, "VISITING_HRS_STR_2": null, "VISITING_HRS_STP_2": null}}, {"type": "Feature", "id": 358, "geometry": {"type": "Point", "coordinates": [72.9356294082607, 19.143620694038322]}, "properties": {"OBJECTID": 358, "NAME": "M.V.R. Shinde Marg Municipal Dispensary & Ishwarnagar RCH Health Post", "TYPE": 1, "SUBTYPE": "Dispensary", "LOCATION": "M.V.R. Shinde Marg Municipal Building complex, Ground floor, near M.S.E.B. office, Bhandup (w.)", "ELEVATOR_CONTACT_LIST": "No", "ELEVATOR_INTERCOM": "No", "WORKING_HRS": "No", "EMPLOYEE_QTY": 5, "EMPLOYEE_MALE": null, "EMPLOYEE_FEMALE": null, "EMPLOYEE_DIF_ABLE": null, "WORKING_HRS_STR": "0900hrs", "WORKING_HRS_STP": "1600hrs", "VISITORS_QTY": null, "VISITING_HRS_STR": null, "VISITING_HRS_STP": null, "VISITORS_QTY_2": null, "VISITING_HRS_STR_2": null, "VISITING_HRS_STP_2": null}}, {"type": "Feature", "id": 359, "geometry": {"type": "Point", "coordinates": [72.93306005717017, 19.159987069028528]}, "properties": {"OBJECTID": 359, "NAME": "Tulshetpada Dispensary & Health Post", "TYPE": 1, "SUBTYPE": "Dispensary", "LOCATION": "Tulshetpada Municipal school building, near Lake road, Bhandup (w.)", "ELEVATOR_CONTACT_LIST": "No", "ELEVATOR_INTERCOM": "No", "WORKING_HRS": null, "EMPLOYEE_QTY": 4, "EMPLOYEE_MALE": null, "EMPLOYEE_FEMALE": null, "EMPLOYEE_DIF_ABLE": null, "WORKING_HRS_STR": null, "WORKING_HRS_STP": null, "VISITORS_QTY": null, "VISITING_HRS_STR": null, "VISITING_HRS_STP": null, "VISITORS_QTY_2": null, "VISITING_HRS_STR_2": null, "VISITING_HRS_STP_2": null}}, {"type": "Feature", "id": 360, "geometry": {"type": "Point", "coordinates": [72.93738390112273, 19.12980995328502]}, "properties": {"OBJECTID": 360, "NAME": "Kanjur village Dispensary", "TYPE": 1, "SUBTYPE": "Dispensary", "LOCATION": "Near Kanjur police station, Nehru Nagar, Kanjurmarg (E.)", "ELEVATOR_CONTACT_LIST": "No", "ELEVATOR_INTERCOM": "No", "WORKING_HRS": null, "EMPLOYEE_QTY": 2, "EMPLOYEE_MALE": null, "EMPLOYEE_FEMALE": null, "EMPLOYEE_DIF_ABLE": null, "WORKING_HRS_STR": null, "WORKING_HRS_STP": null, "VISITORS_QTY": null, "VISITING_HRS_STR": null, "VISITING_HRS_STP": null, "VISITORS_QTY_2": null, "VISITING_HRS_STR_2": null, "VISITING_HRS_STP_2": null}}, {"type": "Feature", "id": 361, "geometry": {"type": "Point", "coordinates": [72.93750160160522, 19.12944381578326]}, "properties": {"OBJECTID": 361, "NAME": "Kanjur Village Health Post", "TYPE": 1, "SUBTYPE": "Health Post", "LOCATION": "Near Kanjur police station, Nehru Nagar, Kanjurmarg (E.)", "ELEVATOR_CONTACT_LIST": "No", "ELEVATOR_INTERCOM": "No", "WORKING_HRS": null, "EMPLOYEE_QTY": 8, "EMPLOYEE_MALE": null, "EMPLOYEE_FEMALE": null, "EMPLOYEE_DIF_ABLE": null, "WORKING_HRS_STR": null, "WORKING_HRS_STP": null, "VISITORS_QTY": null, "VISITING_HRS_STR": null, "VISITING_HRS_STP": null, "VISITORS_QTY_2": null, "VISITING_HRS_STR_2": null, "VISITING_HRS_STP_2": null}}, {"type": "Feature", "id": 362, "geometry": {"type": "Point", "coordinates": [72.91895862001867, 19.12529410161402]}, "properties": {"OBJECTID": 362, "NAME": "Tirandaz Dispensary & Hiranandani Health Post", "TYPE": 1, "SUBTYPE": "Health Post", "LOCATION": "Shiv Kripa Society, Ground Floor, near nihal nursing home, IIT market, powai -400076", "ELEVATOR_CONTACT_LIST": "No", "ELEVATOR_INTERCOM": "No", "WORKING_HRS": "No", "EMPLOYEE_QTY": 6, "EMPLOYEE_MALE": null, "EMPLOYEE_FEMALE": null, "EMPLOYEE_DIF_ABLE": null, "WORKING_HRS_STR": null, "WORKING_HRS_STP": null, "VISITORS_QTY": null, "VISITING_HRS_STR": null, "VISITING_HRS_STP": null, "VISITORS_QTY_2": null, "VISITING_HRS_STR_2": null, "VISITING_HRS_STP_2": null}}, {"type": "Feature", "id": 363, "geometry": {"type": "Point", "coordinates": [72.86987175695593, 19.24539480658698]}, "properties": {"OBJECTID": 363, "NAME": "Kokni Pada Health Post", "TYPE": 1, "SUBTYPE": "Health Post", "LOCATION": "NEW PRABHAT MHADA BLDG, GR FLOOR, S N DUBEY RD, 297 LAST BUS STOP, KOKNIPADA DADISAR (E)", "ELEVATOR_CONTACT_LIST": null, "ELEVATOR_INTERCOM": null, "WORKING_HRS": null, "EMPLOYEE_QTY": null, "EMPLOYEE_MALE": null, "EMPLOYEE_FEMALE": null, "EMPLOYEE_DIF_ABLE": null, "WORKING_HRS_STR": null, "WORKING_HRS_STP": null, "VISITORS_QTY": null, "VISITING_HRS_STR": null, "VISITING_HRS_STP": null, "VISITORS_QTY_2": null, "VISITING_HRS_STR_2": null, "VISITING_HRS_STP_2": null}}, {"type": "Feature", "id": 364, "geometry": {"type": "Point", "coordinates": [72.8518906339431, 19.25191882661696]}, "properties": {"OBJECTID": 364, "NAME": "Shastri Nagar Dispensary", "TYPE": 1, "SUBTYPE": "Dispensary", "LOCATION": "SHASTRI NAGAR, HOLY X RD, I C COLONY, NR. MAHARASHTRA HOTEL, DAHISAR (W)", "ELEVATOR_CONTACT_LIST": null, "ELEVATOR_INTERCOM": null, "WORKING_HRS": null, "EMPLOYEE_QTY": null, "EMPLOYEE_MALE": null, "EMPLOYEE_FEMALE": null, "EMPLOYEE_DIF_ABLE": null, "WORKING_HRS_STR": null, "WORKING_HRS_STP": null, "VISITORS_QTY": null, "VISITING_HRS_STR": null, "VISITING_HRS_STP": null, "VISITORS_QTY_2": null, "VISITING_HRS_STR_2": null, "VISITING_HRS_STP_2": null}}, {"type": "Feature", "id": 365, "geometry": {"type": "Point", "coordinates": [72.85845003401602, 19.252679171461693]}, "properties": {"OBJECTID": 365, "NAME": "L T Road Dispensary", "TYPE": 1, "SUBTYPE": "Dispensary", "LOCATION": "L T ROAD, DAHISAR (W)", "ELEVATOR_CONTACT_LIST": null, "ELEVATOR_INTERCOM": null, "WORKING_HRS": "No", "EMPLOYEE_QTY": 1, "EMPLOYEE_MALE": null, "EMPLOYEE_FEMALE": null, "EMPLOYEE_DIF_ABLE": null, "WORKING_HRS_STR": null, "WORKING_HRS_STP": null, "VISITORS_QTY": null, "VISITING_HRS_STR": null, "VISITING_HRS_STP": null, "VISITORS_QTY_2": null, "VISITING_HRS_STR_2": null, "VISITING_HRS_STP_2": null}}, {"type": "Feature", "id": 366, "geometry": {"type": "Point", "coordinates": [72.8584620837177, 19.252526362226]}, "properties": {"OBJECTID": 366, "NAME": "Shastri Nagar Health Post", "TYPE": 1, "SUBTYPE": "Health Post", "LOCATION": "L T ROAD, DAHISAR (W)", "ELEVATOR_CONTACT_LIST": null, "ELEVATOR_INTERCOM": null, "WORKING_HRS": null, "EMPLOYEE_QTY": null, "EMPLOYEE_MALE": null, "EMPLOYEE_FEMALE": null, "EMPLOYEE_DIF_ABLE": null, "WORKING_HRS_STR": null, "WORKING_HRS_STP": null, "VISITORS_QTY": null, "VISITING_HRS_STR": null, "VISITING_HRS_STP": null, "VISITORS_QTY_2": null, "VISITING_HRS_STR_2": null, "VISITING_HRS_STP_2": null}}, {"type": "Feature", "id": 367, "geometry": {"type": "Point", "coordinates": [72.86118369360136, 19.257612023678888]}, "properties": {"OBJECTID": 367, "NAME": "Ketkipada Health Post", "TYPE": 1, "SUBTYPE": "Health Post", "LOCATION": "1ST FLOOR BMC BLDG, OPP MANAN CHS, NR. SANCHI HOTEL, DAHISAR (E)", "ELEVATOR_CONTACT_LIST": null, "ELEVATOR_INTERCOM": null, "WORKING_HRS": null, "EMPLOYEE_QTY": null, "EMPLOYEE_MALE": null, "EMPLOYEE_FEMALE": null, "EMPLOYEE_DIF_ABLE": null, "WORKING_HRS_STR": null, "WORKING_HRS_STP": null, "VISITORS_QTY": null, "VISITING_HRS_STR": null, "VISITING_HRS_STP": null, "VISITORS_QTY_2": null, "VISITING_HRS_STR_2": null, "VISITING_HRS_STP_2": null}}, {"type": "Feature", "id": 368, "geometry": {"type": "Point", "coordinates": [72.86036346345034, 19.25178434566431]}, "properties": {"OBJECTID": 368, "NAME": "Ashokvan Health Post", "TYPE": 1, "SUBTYPE": "Health Post", "LOCATION": "Y R TAWDE DISPENSARY, Y R TAWDE RD, NR. DHAWLE HOSPITAL, DAHISAR (E)", "ELEVATOR_CONTACT_LIST": null, "ELEVATOR_INTERCOM": null, "WORKING_HRS": null, "EMPLOYEE_QTY": null, "EMPLOYEE_MALE": null, "EMPLOYEE_FEMALE": null, "EMPLOYEE_DIF_ABLE": null, "WORKING_HRS_STR": null, "WORKING_HRS_STP": null, "VISITORS_QTY": null, "VISITING_HRS_STR": null, "VISITING_HRS_STP": null, "VISITORS_QTY_2": null, "VISITING_HRS_STR_2": null, "VISITING_HRS_STP_2": null}}, {"type": "Feature", "id": 369, "geometry": {"type": "Point", "coordinates": [72.87993756109991, 19.079673337326017]}, "properties": {"OBJECTID": 369, "NAME": "Fauzia Hospital", "TYPE": 4, "SUBTYPE": "General", "LOCATION": "209,Aero View CHS LTD, Solanki Apartment) L B S, Lal Bahadur Shastri Marg, Kurla West, Mumbai - 70.", "ELEVATOR_CONTACT_LIST": null, "ELEVATOR_INTERCOM": null, "WORKING_HRS": null, "EMPLOYEE_QTY": null, "EMPLOYEE_MALE": null, "EMPLOYEE_FEMALE": null, "EMPLOYEE_DIF_ABLE": null, "WORKING_HRS_STR": null, "WORKING_HRS_STP": null, "VISITORS_QTY": null, "VISITING_HRS_STR": null, "VISITING_HRS_STP": null, "VISITORS_QTY_2": null, "VISITING_HRS_STR_2": null, "VISITING_HRS_STP_2": null}}, {"type": "Feature", "id": 370, "geometry": {"type": "Point", "coordinates": [72.88192700030616, 19.081008999879707]}, "properties": {"OBJECTID": 370, "NAME": "City Hospital & Research Centre", "TYPE": 4, "SUBTYPE": "General", "LOCATION": "Peter Pereira Road, LBS Marg, City Sagar Society, Opposite Sagar Palace, Kurla W, Mumbai - 400070.", "ELEVATOR_CONTACT_LIST": null, "ELEVATOR_INTERCOM": null, "WORKING_HRS": null, "EMPLOYEE_QTY": null, "EMPLOYEE_MALE": null, "EMPLOYEE_FEMALE": null, "EMPLOYEE_DIF_ABLE": null, "WORKING_HRS_STR": null, "WORKING_HRS_STP": null, "VISITORS_QTY": null, "VISITING_HRS_STR": null, "VISITING_HRS_STP": null, "VISITORS_QTY_2": null, "VISITING_HRS_STR_2": null, "VISITING_HRS_STP_2": null}}, {"type": "Feature", "id": 371, "geometry": {"type": "Point", "coordinates": [72.88060629507892, 19.082723121117027]}, "properties": {"OBJECTID": 371, "NAME": "Sharda Nursing Home", "TYPE": 4, "SUBTYPE": "Nursing Home", "LOCATION": "Door No. 110, 114 - 116, M N Rd, Opp Sonapur Police Chowky, Sonapur Lane, Kurla W, Mumbai - 400070.", "ELEVATOR_CONTACT_LIST": null, "ELEVATOR_INTERCOM": null, "WORKING_HRS": null, "EMPLOYEE_QTY": null, "EMPLOYEE_MALE": null, "EMPLOYEE_FEMALE": null, "EMPLOYEE_DIF_ABLE": null, "WORKING_HRS_STR": null, "WORKING_HRS_STP": null, "VISITORS_QTY": null, "VISITING_HRS_STR": null, "VISITING_HRS_STP": null, "VISITORS_QTY_2": null, "VISITING_HRS_STR_2": null, "VISITING_HRS_STP_2": null}}, {"type": "Feature", "id": 372, "geometry": {"type": "Point", "coordinates": [72.88162999962209, 19.08273099988409]}, "properties": {"OBJECTID": 372, "NAME": "Sheetal Hospital", "TYPE": 4, "SUBTYPE": "General", "LOCATION": "Lal Bahadur Shastri Marg, Sakinaka, Mumbai - 400070.", "ELEVATOR_CONTACT_LIST": null, "ELEVATOR_INTERCOM": null, "WORKING_HRS": null, "EMPLOYEE_QTY": null, "EMPLOYEE_MALE": null, "EMPLOYEE_FEMALE": null, "EMPLOYEE_DIF_ABLE": null, "WORKING_HRS_STR": null, "WORKING_HRS_STP": null, "VISITORS_QTY": null, "VISITING_HRS_STR": null, "VISITING_HRS_STP": null, "VISITORS_QTY_2": null, "VISITING_HRS_STR_2": null, "VISITING_HRS_STP_2": null}}, {"type": "Feature", "id": 373, "geometry": {"type": "Point", "coordinates": [72.92340200019018, 19.053657000076985]}, "properties": {"OBJECTID": 373, "NAME": "Deonar Maternity Hospital", "TYPE": 1, "SUBTYPE": "Maternity Home", "LOCATION": "Municipal Colony, Govandi East, Mumbai - 400043.", "ELEVATOR_CONTACT_LIST": null, "ELEVATOR_INTERCOM": null, "WORKING_HRS": null, "EMPLOYEE_QTY": null, "EMPLOYEE_MALE": null, "EMPLOYEE_FEMALE": null, "EMPLOYEE_DIF_ABLE": null, "WORKING_HRS_STR": null, "WORKING_HRS_STP": null, "VISITORS_QTY": null, "VISITING_HRS_STR": null, "VISITING_HRS_STP": null, "VISITORS_QTY_2": null, "VISITING_HRS_STR_2": null, "VISITING_HRS_STP_2": null}}, {"type": "Feature", "id": 374, "geometry": {"type": "Point", "coordinates": [72.95271708093115, 19.175673408151496]}, "properties": {"OBJECTID": 374, "NAME": "ENT Hospital", "TYPE": 4, "SUBTYPE": "Speciality", "LOCATION": "MG Road, Mulund West, Mumbai - 400080.", "ELEVATOR_CONTACT_LIST": null, "ELEVATOR_INTERCOM": null, "WORKING_HRS": null, "EMPLOYEE_QTY": null, "EMPLOYEE_MALE": null, "EMPLOYEE_FEMALE": null, "EMPLOYEE_DIF_ABLE": null, "WORKING_HRS_STR": null, "WORKING_HRS_STP": null, "VISITORS_QTY": null, "VISITING_HRS_STR": null, "VISITING_HRS_STP": null, "VISITORS_QTY_2": null, "VISITING_HRS_STR_2": null, "VISITING_HRS_STP_2": null}}, {"type": "Feature", "id": 377, "geometry": {"type": "Point", "coordinates": [72.95032499991463, 19.176563000167594]}, "properties": {"OBJECTID": 377, "NAME": "Prasad Nurshing Home", "TYPE": 4, "SUBTYPE": "Nursing Home", "LOCATION": "Chandan Baug Lane, Mulund West, Mumbai.", "ELEVATOR_CONTACT_LIST": "NA", "ELEVATOR_INTERCOM": "NA", "WORKING_HRS": null, "EMPLOYEE_QTY": 15, "EMPLOYEE_MALE": null, "EMPLOYEE_FEMALE": null, "EMPLOYEE_DIF_ABLE": null, "WORKING_HRS_STR": null, "WORKING_HRS_STP": null, "VISITORS_QTY": null, "VISITING_HRS_STR": null, "VISITING_HRS_STP": null, "VISITORS_QTY_2": null, "VISITING_HRS_STR_2": null, "VISITING_HRS_STP_2": null}}, {"type": "Feature", "id": 378, "geometry": {"type": "Point", "coordinates": [72.95125623787398, 19.17730163760853]}, "properties": {"OBJECTID": 378, "NAME": "Vijay Eye Hospital", "TYPE": 4, "SUBTYPE": "Speciality", "LOCATION": "No. 3- 4, Kamalanand, Opp Mahaparishad Andhara Bank, Shahid Mangal Pandey Rd, Mulund W, Mumbai - 80.", "ELEVATOR_CONTACT_LIST": "NA", "ELEVATOR_INTERCOM": "NA", "WORKING_HRS": null, "EMPLOYEE_QTY": null, "EMPLOYEE_MALE": null, "EMPLOYEE_FEMALE": null, "EMPLOYEE_DIF_ABLE": null, "WORKING_HRS_STR": null, "WORKING_HRS_STP": null, "VISITORS_QTY": null, "VISITING_HRS_STR": null, "VISITING_HRS_STP": null, "VISITORS_QTY_2": null, "VISITING_HRS_STR_2": null, "VISITING_HRS_STP_2": null}}, {"type": "Feature", "id": 380, "geometry": {"type": "Point", "coordinates": [72.94884499960864, 19.17599100017758]}, "properties": {"OBJECTID": 380, "NAME": "Dr. Mukhi's Raj Orthopaedic Hospital", "TYPE": 4, "SUBTYPE": "Speciality", "LOCATION": "Lala Devidayal Road, Mulund West, Mumbai.", "ELEVATOR_CONTACT_LIST": null, "ELEVATOR_INTERCOM": null, "WORKING_HRS": null, "EMPLOYEE_QTY": null, "EMPLOYEE_MALE": null, "EMPLOYEE_FEMALE": null, "EMPLOYEE_DIF_ABLE": null, "WORKING_HRS_STR": null, "WORKING_HRS_STP": null, "VISITORS_QTY": null, "VISITING_HRS_STR": null, "VISITING_HRS_STP": null, "VISITORS_QTY_2": null, "VISITING_HRS_STR_2": null, "VISITING_HRS_STP_2": null}}, {"type": "Feature", "id": 382, "geometry": {"type": "Point", "coordinates": [72.9320936163074, 19.170254647842288]}, "properties": {"OBJECTID": 382, "NAME": "Ashirwad Maternity & Nursing Home", "TYPE": 4, "SUBTYPE": "Nursing Home", "LOCATION": "Door No. E/ 5, Highland Park, Jai Shastri Nagar, G. G Singh Marg, Mulund West, Mumbai - 400080.", "ELEVATOR_CONTACT_LIST": null, "ELEVATOR_INTERCOM": null, "WORKING_HRS": null, "EMPLOYEE_QTY": null, "EMPLOYEE_MALE": null, "EMPLOYEE_FEMALE": null, "EMPLOYEE_DIF_ABLE": null, "WORKING_HRS_STR": null, "WORKING_HRS_STP": null, "VISITORS_QTY": null, "VISITING_HRS_STR": null, "VISITING_HRS_STP": null, "VISITORS_QTY_2": null, "VISITING_HRS_STR_2": null, "VISITING_HRS_STP_2": null}}, {"type": "Feature", "id": 384, "geometry": {"type": "Point", "coordinates": [72.94326698093501, 19.174822529266606]}, "properties": {"OBJECTID": 384, "NAME": "Sanjeevani Hospital", "TYPE": 4, "SUBTYPE": "General", "LOCATION": "M G Road, Mulund West, Mumbai - 400080.", "ELEVATOR_CONTACT_LIST": null, "ELEVATOR_INTERCOM": null, "WORKING_HRS": null, "EMPLOYEE_QTY": null, "EMPLOYEE_MALE": null, "EMPLOYEE_FEMALE": null, "EMPLOYEE_DIF_ABLE": null, "WORKING_HRS_STR": null, "WORKING_HRS_STP": null, "VISITORS_QTY": null, "VISITING_HRS_STR": null, "VISITING_HRS_STP": null, "VISITORS_QTY_2": null, "VISITING_HRS_STR_2": null, "VISITING_HRS_STP_2": null}}, {"type": "Feature", "id": 386, "geometry": {"type": "Point", "coordinates": [72.82495899961127, 19.002480999897795]}, "properties": {"OBJECTID": 386, "NAME": "Seth G M Jain Hospital", "TYPE": 4, "SUBTYPE": "General", "LOCATION": "Shankar Rao Naram Path, Lower Parel, Mumbai-", "ELEVATOR_CONTACT_LIST": null, "ELEVATOR_INTERCOM": null, "WORKING_HRS": null, "EMPLOYEE_QTY": null, "EMPLOYEE_MALE": null, "EMPLOYEE_FEMALE": null, "EMPLOYEE_DIF_ABLE": null, "WORKING_HRS_STR": null, "WORKING_HRS_STP": null, "VISITORS_QTY": null, "VISITING_HRS_STR": null, "VISITING_HRS_STP": null, "VISITORS_QTY_2": null, "VISITING_HRS_STR_2": null, "VISITING_HRS_STP_2": null}}, {"type": "Feature", "id": 387, "geometry": {"type": "Point", "coordinates": [72.83016595599094, 18.984242517762496]}, "properties": {"OBJECTID": 387, "NAME": "Kasturba Hospital", "TYPE": 1, "SUBTYPE": "Speciality", "LOCATION": "Saat Rasta, Sane Guruji Marg, Jacob Circle, Mumbai, Maharashtra 400011", "ELEVATOR_CONTACT_LIST": null, "ELEVATOR_INTERCOM": null, "WORKING_HRS": null, "EMPLOYEE_QTY": null, "EMPLOYEE_MALE": null, "EMPLOYEE_FEMALE": null, "EMPLOYEE_DIF_ABLE": null, "WORKING_HRS_STR": null, "WORKING_HRS_STP": null, "VISITORS_QTY": null, "VISITING_HRS_STR": null, "VISITING_HRS_STP": null, "VISITORS_QTY_2": null, "VISITING_HRS_STR_2": null, "VISITING_HRS_STP_2": null}}, {"type": "Feature", "id": 388, "geometry": {"type": "Point", "coordinates": [72.83197000021265, 19.014712999845237]}, "properties": {"OBJECTID": 388, "NAME": "Dr. Palep\u0019s PRIYANK Nursing home", "TYPE": 4, "SUBTYPE": "Maternity Home", "LOCATION": "Manoj Co-Op Society, Shankar Ghanekar Marg, Prabhadevi, Mumbai 400025.", "ELEVATOR_CONTACT_LIST": "No", "ELEVATOR_INTERCOM": "Yes", "WORKING_HRS": null, "EMPLOYEE_QTY": 8, "EMPLOYEE_MALE": null, "EMPLOYEE_FEMALE": null, "EMPLOYEE_DIF_ABLE": null, "WORKING_HRS_STR": null, "WORKING_HRS_STP": null, "VISITORS_QTY": null, "VISITING_HRS_STR": null, "VISITING_HRS_STP": null, "VISITORS_QTY_2": null, "VISITING_HRS_STR_2": null, "VISITING_HRS_STP_2": null}}, {"type": "Feature", "id": 389, "geometry": {"type": "Point", "coordinates": [72.82816497289353, 19.14862166985322]}, "properties": {"OBJECTID": 389, "NAME": "Kulkarni Hospital", "TYPE": 4, "SUBTYPE": "Speciality", "LOCATION": "2, Link Garden Society, Yamuna Nagar Rd, Andheri West, Mumbai - 400053.", "ELEVATOR_CONTACT_LIST": null, "ELEVATOR_INTERCOM": null, "WORKING_HRS": null, "EMPLOYEE_QTY": null, "EMPLOYEE_MALE": null, "EMPLOYEE_FEMALE": null, "EMPLOYEE_DIF_ABLE": null, "WORKING_HRS_STR": null, "WORKING_HRS_STP": null, "VISITORS_QTY": null, "VISITING_HRS_STR": null, "VISITING_HRS_STP": null, "VISITORS_QTY_2": null, "VISITING_HRS_STR_2": null, "VISITING_HRS_STP_2": null}}, {"type": "Feature", "id": 390, "geometry": {"type": "Point", "coordinates": [72.84308607502824, 18.997189656988684]}, "properties": {"OBJECTID": 390, "NAME": "Mahatma Gandhi Memorial Hospital", "TYPE": 2, "SUBTYPE": "General", "LOCATION": "Dr. S     S Rao Road, Parel East, Parel, Mumbai - 400012.", "ELEVATOR_CONTACT_LIST": null, "ELEVATOR_INTERCOM": null, "WORKING_HRS": null, "EMPLOYEE_QTY": null, "EMPLOYEE_MALE": null, "EMPLOYEE_FEMALE": null, "EMPLOYEE_DIF_ABLE": null, "WORKING_HRS_STR": null, "WORKING_HRS_STP": null, "VISITORS_QTY": null, "VISITING_HRS_STR": null, "VISITING_HRS_STP": null, "VISITORS_QTY_2": null, "VISITING_HRS_STR_2": null, "VISITING_HRS_STP_2": null}}, {"type": "Feature", "id": 391, "geometry": {"type": "Point", "coordinates": [72.84328937803124, 19.002614694840638]}, "properties": {"OBJECTID": 391, "NAME": "Nowrosjee Wadia Maternity Hospital", "TYPE": 4, "SUBTYPE": "Maternity Home", "LOCATION": "100/130, Acharya Donde Marg, Parel East, Mumbai.", "ELEVATOR_CONTACT_LIST": null, "ELEVATOR_INTERCOM": null, "WORKING_HRS": null, "EMPLOYEE_QTY": null, "EMPLOYEE_MALE": null, "EMPLOYEE_FEMALE": null, "EMPLOYEE_DIF_ABLE": null, "WORKING_HRS_STR": null, "WORKING_HRS_STP": null, "VISITORS_QTY": null, "VISITING_HRS_STR": null, "VISITING_HRS_STP": null, "VISITORS_QTY_2": null, "VISITING_HRS_STR_2": null, "VISITING_HRS_STP_2": null}}, {"type": "Feature", "id": 392, "geometry": {"type": "Point", "coordinates": [72.83962388270248, 19.02603712935391]}, "properties": {"OBJECTID": 392, "NAME": "Ashwini childrens hospital", "TYPE": 4, "SUBTYPE": "Maternity Home", "LOCATION": "15,Sayog CHS,L J Road, Mahim, Mumbai-400016", "ELEVATOR_CONTACT_LIST": null, "ELEVATOR_INTERCOM": null, "WORKING_HRS": null, "EMPLOYEE_QTY": null, "EMPLOYEE_MALE": null, "EMPLOYEE_FEMALE": null, "EMPLOYEE_DIF_ABLE": null, "WORKING_HRS_STR": null, "WORKING_HRS_STP": null, "VISITORS_QTY": null, "VISITING_HRS_STR": null, "VISITING_HRS_STP": null, "VISITORS_QTY_2": null, "VISITING_HRS_STR_2": null, "VISITING_HRS_STP_2": null}}, {"type": "Feature", "id": 393, "geometry": {"type": "Point", "coordinates": [72.84012600042796, 19.159558999865023]}, "properties": {"OBJECTID": 393, "NAME": "Siddharth Municipal General Hospital", "TYPE": 1, "SUBTYPE": "General", "LOCATION": "Opposite Motilal Nagar Post Office, Goregaon West, Mumbai - 400062.", "ELEVATOR_CONTACT_LIST": "Yes", "ELEVATOR_INTERCOM": "No", "WORKING_HRS": "Yes", "EMPLOYEE_QTY": 123, "EMPLOYEE_MALE": null, "EMPLOYEE_FEMALE": null, "EMPLOYEE_DIF_ABLE": null, "WORKING_HRS_STR": null, "WORKING_HRS_STP": null, "VISITORS_QTY": null, "VISITING_HRS_STR": null, "VISITING_HRS_STP": null, "VISITORS_QTY_2": null, "VISITING_HRS_STR_2": null, "VISITING_HRS_STP_2": null}}, {"type": "Feature", "id": 394, "geometry": {"type": "Point", "coordinates": [72.84595499953681, 19.005877999782935]}, "properties": {"OBJECTID": 394, "NAME": "Mother Teresa Memorial Charitable Dental Hospital & reserch Centre", "TYPE": 4, "SUBTYPE": "Speciality", "LOCATION": "Bhoiwada Naka, Parel, Mumbai.", "ELEVATOR_CONTACT_LIST": null, "ELEVATOR_INTERCOM": null, "WORKING_HRS": null, "EMPLOYEE_QTY": null, "EMPLOYEE_MALE": null, "EMPLOYEE_FEMALE": null, "EMPLOYEE_DIF_ABLE": null, "WORKING_HRS_STR": null, "WORKING_HRS_STP": null, "VISITORS_QTY": null, "VISITING_HRS_STR": null, "VISITING_HRS_STP": null, "VISITORS_QTY_2": null, "VISITING_HRS_STR_2": null, "VISITING_HRS_STP_2": null}}, {"type": "Feature", "id": 395, "geometry": {"type": "Point", "coordinates": [72.84863719725932, 19.120053654946066]}, "properties": {"OBJECTID": 395, "NAME": "Mitra Nursing Home and Eye Hospital", "TYPE": 4, "SUBTYPE": "Speciality", "LOCATION": "Sir M V road Andheri(east), Vertex Vikas bldg, Mumbai - 400069.", "ELEVATOR_CONTACT_LIST": null, "ELEVATOR_INTERCOM": null, "WORKING_HRS": null, "EMPLOYEE_QTY": null, "EMPLOYEE_MALE": null, "EMPLOYEE_FEMALE": null, "EMPLOYEE_DIF_ABLE": null, "WORKING_HRS_STR": null, "WORKING_HRS_STP": null, "VISITORS_QTY": null, "VISITING_HRS_STR": null, "VISITING_HRS_STP": null, "VISITORS_QTY_2": null, "VISITING_HRS_STR_2": null, "VISITING_HRS_STP_2": null}}, {"type": "Feature", "id": 396, "geometry": {"type": "Point", "coordinates": [72.8546679997812, 19.000286000125907]}, "properties": {"OBJECTID": 396, "NAME": "Sewree Nursing Home", "TYPE": 4, "SUBTYPE": "Nursing Home", "LOCATION": "Above Arab Hotel, Ebrahim Khan Dosh Momd Bldg,  Opp Railway Stn, Sewree W, Cross Rd, Mumbai - 15.", "ELEVATOR_CONTACT_LIST": null, "ELEVATOR_INTERCOM": null, "WORKING_HRS": null, "EMPLOYEE_QTY": null, "EMPLOYEE_MALE": null, "EMPLOYEE_FEMALE": null, "EMPLOYEE_DIF_ABLE": null, "WORKING_HRS_STR": null, "WORKING_HRS_STP": null, "VISITORS_QTY": null, "VISITING_HRS_STR": null, "VISITING_HRS_STP": null, "VISITORS_QTY_2": null, "VISITING_HRS_STR_2": null, "VISITING_HRS_STP_2": null}}, {"type": "Feature", "id": 398, "geometry": {"type": "Point", "coordinates": [72.8519598704302, 19.159487540585403]}, "properties": {"OBJECTID": 398, "NAME": "Gayatri Maternity & Nursing Home", "TYPE": 4, "SUBTYPE": "Maternity Home", "LOCATION": "Florentia Society, Plot No 17, Amrutbhavan Complex, Opp Dindoshi, Goregaon East, Mumbai - 400063.", "ELEVATOR_CONTACT_LIST": null, "ELEVATOR_INTERCOM": null, "WORKING_HRS": null, "EMPLOYEE_QTY": null, "EMPLOYEE_MALE": null, "EMPLOYEE_FEMALE": null, "EMPLOYEE_DIF_ABLE": null, "WORKING_HRS_STR": null, "WORKING_HRS_STP": null, "VISITORS_QTY": null, "VISITING_HRS_STR": null, "VISITING_HRS_STP": null, "VISITORS_QTY_2": null, "VISITING_HRS_STR_2": null, "VISITING_HRS_STP_2": null}}, {"type": "Feature", "id": 399, "geometry": {"type": "Point", "coordinates": [72.85485261776034, 19.190121688662984]}, "properties": {"OBJECTID": 399, "NAME": "S K Patil Muncipal Hospital", "TYPE": 1, "SUBTYPE": "General", "LOCATION": "Daftary Road, SK Patil Rd, Pushpa Park, Malad East, Mumbai - 400097. Dr. Pravin C Pahurkar", "ELEVATOR_CONTACT_LIST": "Yes", "ELEVATOR_INTERCOM": "No", "WORKING_HRS": "Yes", "EMPLOYEE_QTY": 20, "EMPLOYEE_MALE": null, "EMPLOYEE_FEMALE": null, "EMPLOYEE_DIF_ABLE": null, "WORKING_HRS_STR": null, "WORKING_HRS_STP": null, "VISITORS_QTY": null, "VISITING_HRS_STR": null, "VISITING_HRS_STP": null, "VISITORS_QTY_2": null, "VISITING_HRS_STR_2": null, "VISITING_HRS_STP_2": null}}, {"type": "Feature", "id": 401, "geometry": {"type": "Point", "coordinates": [72.86850141400694, 19.172326358371368]}, "properties": {"OBJECTID": 401, "NAME": "Life Line Medicare Hospital", "TYPE": 4, "SUBTYPE": "General", "LOCATION": "A/1, Gagan Chambers, NR Gokuldam Medical Center, Gokuldam, Goregaon East, Mumbai - 400063", "ELEVATOR_CONTACT_LIST": "Yes", "ELEVATOR_INTERCOM": "No", "WORKING_HRS": "Yes", "EMPLOYEE_QTY": 26, "EMPLOYEE_MALE": null, "EMPLOYEE_FEMALE": null, "EMPLOYEE_DIF_ABLE": null, "WORKING_HRS_STR": null, "WORKING_HRS_STP": null, "VISITORS_QTY": null, "VISITING_HRS_STR": null, "VISITING_HRS_STP": null, "VISITORS_QTY_2": null, "VISITING_HRS_STR_2": null, "VISITING_HRS_STP_2": null}}, {"type": "Feature", "id": 402, "geometry": {"type": "Point", "coordinates": [72.8512990000672, 19.229568600167937]}, "properties": {"OBJECTID": 402, "NAME": "Rose Petal Nursing Home", "TYPE": 4, "SUBTYPE": "Nursing Home", "LOCATION": "L. T Road, Borivali West, Mumbai - 400091\n0", "ELEVATOR_CONTACT_LIST": null, "ELEVATOR_INTERCOM": null, "WORKING_HRS": null, "EMPLOYEE_QTY": null, "EMPLOYEE_MALE": null, "EMPLOYEE_FEMALE": null, "EMPLOYEE_DIF_ABLE": null, "WORKING_HRS_STR": null, "WORKING_HRS_STP": null, "VISITORS_QTY": null, "VISITING_HRS_STR": null, "VISITING_HRS_STP": null, "VISITORS_QTY_2": null, "VISITING_HRS_STR_2": null, "VISITING_HRS_STP_2": null}}, {"type": "Feature", "id": 403, "geometry": {"type": "Point", "coordinates": [72.89511719120298, 19.05092201619002]}, "properties": {"OBJECTID": 403, "NAME": "Om Nursing Home", "TYPE": 4, "SUBTYPE": "Nursing Home", "LOCATION": "Swami Jai Ram Das Arcade, 2 nd Floor, R. C Road, Chembur East, Mumbai - 400074.", "ELEVATOR_CONTACT_LIST": null, "ELEVATOR_INTERCOM": null, "WORKING_HRS": null, "EMPLOYEE_QTY": null, "EMPLOYEE_MALE": null, "EMPLOYEE_FEMALE": null, "EMPLOYEE_DIF_ABLE": null, "WORKING_HRS_STR": null, "WORKING_HRS_STP": null, "VISITORS_QTY": null, "VISITING_HRS_STR": null, "VISITING_HRS_STP": null, "VISITORS_QTY_2": null, "VISITING_HRS_STR_2": null, "VISITING_HRS_STP_2": null}}, {"type": "Feature", "id": 404, "geometry": {"type": "Point", "coordinates": [72.9092483198286, 19.052087968184832]}, "properties": {"OBJECTID": 404, "NAME": "Ashirwad Hospital", "TYPE": 4, "SUBTYPE": "General", "LOCATION": "Anurag Business Centre, Near Amar Cinema, W.T.Patil Marg, Ghatla Village, Chembur, Mumbai - 400071.", "ELEVATOR_CONTACT_LIST": null, "ELEVATOR_INTERCOM": null, "WORKING_HRS": null, "EMPLOYEE_QTY": null, "EMPLOYEE_MALE": null, "EMPLOYEE_FEMALE": null, "EMPLOYEE_DIF_ABLE": null, "WORKING_HRS_STR": null, "WORKING_HRS_STP": null, "VISITORS_QTY": null, "VISITING_HRS_STR": null, "VISITING_HRS_STP": null, "VISITORS_QTY_2": null, "VISITING_HRS_STR_2": null, "VISITING_HRS_STP_2": null}}, {"type": "Feature", "id": 405, "geometry": {"type": "Point", "coordinates": [72.89970941908301, 19.06139300251783]}, "properties": {"OBJECTID": 405, "NAME": "Hegde Hospital Surgical & Maternity Nurshing Home", "TYPE": 4, "SUBTYPE": "Nursing Home", "LOCATION": "Saikripa Building, No1, Chembur, Opposite Chembur Municipal Office M/W Ward, Mumbai - 400071.", "ELEVATOR_CONTACT_LIST": null, "ELEVATOR_INTERCOM": null, "WORKING_HRS": null, "EMPLOYEE_QTY": null, "EMPLOYEE_MALE": null, "EMPLOYEE_FEMALE": null, "EMPLOYEE_DIF_ABLE": null, "WORKING_HRS_STR": null, "WORKING_HRS_STP": null, "VISITORS_QTY": null, "VISITING_HRS_STR": null, "VISITING_HRS_STP": null, "VISITORS_QTY_2": null, "VISITING_HRS_STR_2": null, "VISITING_HRS_STP_2": null}}, {"type": "Feature", "id": 406, "geometry": {"type": "Point", "coordinates": [72.8982558793066, 19.060483219347716]}, "properties": {"OBJECTID": 406, "NAME": "Dr Kedares Maternity & General Nursing Home", "TYPE": 4, "SUBTYPE": "Nursing Home", "LOCATION": "Urmila Commercial Complex, 1st Floor, DK Sandhu Marg, Chembur East, Mumbai - 400071.", "ELEVATOR_CONTACT_LIST": null, "ELEVATOR_INTERCOM": null, "WORKING_HRS": "Yes", "EMPLOYEE_QTY": 13, "EMPLOYEE_MALE": null, "EMPLOYEE_FEMALE": null, "EMPLOYEE_DIF_ABLE": null, "WORKING_HRS_STR": null, "WORKING_HRS_STP": null, "VISITORS_QTY": null, "VISITING_HRS_STR": null, "VISITING_HRS_STP": null, "VISITORS_QTY_2": null, "VISITING_HRS_STR_2": null, "VISITING_HRS_STP_2": null}}, {"type": "Feature", "id": 407, "geometry": {"type": "Point", "coordinates": [72.9001137375126, 19.05940736923507]}, "properties": {"OBJECTID": 407, "NAME": "Rushabh Nursing Home & Eye Hospital", "TYPE": 4, "SUBTYPE": "Speciality", "LOCATION": "Rushabh Building, 18th Road, Near Ambedkar Garden, Chembur, Mumbai - 400071.", "ELEVATOR_CONTACT_LIST": null, "ELEVATOR_INTERCOM": null, "WORKING_HRS": null, "EMPLOYEE_QTY": null, "EMPLOYEE_MALE": null, "EMPLOYEE_FEMALE": null, "EMPLOYEE_DIF_ABLE": null, "WORKING_HRS_STR": null, "WORKING_HRS_STP": null, "VISITORS_QTY": null, "VISITING_HRS_STR": null, "VISITING_HRS_STP": null, "VISITORS_QTY_2": null, "VISITING_HRS_STR_2": null, "VISITING_HRS_STP_2": null}}, {"type": "Feature", "id": 408, "geometry": {"type": "Point", "coordinates": [72.89869460958167, 19.060427202760785]}, "properties": {"OBJECTID": 408, "NAME": "Kher Hospital", "TYPE": 4, "SUBTYPE": "General", "LOCATION": "57, DK Sandu Marg, Chembur Gaothan, Chembur", "ELEVATOR_CONTACT_LIST": null, "ELEVATOR_INTERCOM": null, "WORKING_HRS": null, "EMPLOYEE_QTY": null, "EMPLOYEE_MALE": null, "EMPLOYEE_FEMALE": null, "EMPLOYEE_DIF_ABLE": null, "WORKING_HRS_STR": null, "WORKING_HRS_STP": null, "VISITORS_QTY": null, "VISITING_HRS_STR": null, "VISITING_HRS_STP": null, "VISITORS_QTY_2": null, "VISITING_HRS_STR_2": null, "VISITING_HRS_STP_2": null}}, {"type": "Feature", "id": 409, "geometry": {"type": "Point", "coordinates": [72.90618967416249, 19.049457320068225]}, "properties": {"OBJECTID": 409, "NAME": "Narurkar ENT Hospital", "TYPE": 4, "SUBTYPE": "Speciality", "LOCATION": "7, Waman Appartment, Ghatla Road, Chembur, Near St Bus Stand, Mumbai - 400071.", "ELEVATOR_CONTACT_LIST": null, "ELEVATOR_INTERCOM": null, "WORKING_HRS": null, "EMPLOYEE_QTY": null, "EMPLOYEE_MALE": null, "EMPLOYEE_FEMALE": null, "EMPLOYEE_DIF_ABLE": null, "WORKING_HRS_STR": null, "WORKING_HRS_STP": null, "VISITORS_QTY": null, "VISITING_HRS_STR": null, "VISITING_HRS_STP": null, "VISITORS_QTY_2": null, "VISITING_HRS_STR_2": null, "VISITING_HRS_STP_2": null}}, {"type": "Feature", "id": 410, "geometry": {"type": "Point", "coordinates": [72.89731600003762, 19.055883000089832]}, "properties": {"OBJECTID": 410, "NAME": "Joy Hospital", "TYPE": 4, "SUBTYPE": "General", "LOCATION": "423 A.B, 10th Road, Chembur, Mumbai - 400071.", "ELEVATOR_CONTACT_LIST": null, "ELEVATOR_INTERCOM": null, "WORKING_HRS": null, "EMPLOYEE_QTY": null, "EMPLOYEE_MALE": null, "EMPLOYEE_FEMALE": null, "EMPLOYEE_DIF_ABLE": null, "WORKING_HRS_STR": null, "WORKING_HRS_STP": null, "VISITORS_QTY": null, "VISITING_HRS_STR": null, "VISITING_HRS_STP": null, "VISITORS_QTY_2": null, "VISITING_HRS_STR_2": null, "VISITING_HRS_STP_2": null}}, {"type": "Feature", "id": 411, "geometry": {"type": "Point", "coordinates": [72.90448160563982, 19.04999806638402]}, "properties": {"OBJECTID": 411, "NAME": "Niramaya Hospital", "TYPE": 4, "SUBTYPE": "Clinic", "LOCATION": "Maitri Park, Sion Trombay Road, Chembur,\nMumbai - 40007.", "ELEVATOR_CONTACT_LIST": null, "ELEVATOR_INTERCOM": null, "WORKING_HRS": null, "EMPLOYEE_QTY": null, "EMPLOYEE_MALE": null, "EMPLOYEE_FEMALE": null, "EMPLOYEE_DIF_ABLE": null, "WORKING_HRS_STR": null, "WORKING_HRS_STP": null, "VISITORS_QTY": null, "VISITING_HRS_STR": null, "VISITING_HRS_STP": null, "VISITORS_QTY_2": null, "VISITING_HRS_STR_2": null, "VISITING_HRS_STP_2": null}}, {"type": "Feature", "id": 412, "geometry": {"type": "Point", "coordinates": [72.90009476176226, 19.06045704874129]}, "properties": {"OBJECTID": 412, "NAME": "Shree Hospital", "TYPE": 4, "SUBTYPE": "General", "LOCATION": "Kavan Plot No 70-m, Shree Hospital, Central Avenue M D S Marg, Chembur, Mumbai - 400071.", "ELEVATOR_CONTACT_LIST": null, "ELEVATOR_INTERCOM": null, "WORKING_HRS": null, "EMPLOYEE_QTY": null, "EMPLOYEE_MALE": null, "EMPLOYEE_FEMALE": null, "EMPLOYEE_DIF_ABLE": null, "WORKING_HRS_STR": null, "WORKING_HRS_STP": null, "VISITORS_QTY": null, "VISITING_HRS_STR": null, "VISITING_HRS_STP": null, "VISITORS_QTY_2": null, "VISITING_HRS_STR_2": null, "VISITING_HRS_STP_2": null}}, {"type": "Feature", "id": 413, "geometry": {"type": "Point", "coordinates": [72.89038100025402, 19.056661999626872]}, "properties": {"OBJECTID": 413, "NAME": "Mangal Anand Hospital", "TYPE": 4, "SUBTYPE": "General", "LOCATION": "48, Swastik Park, Sion Trombay Road, Chembur, Mumbai - 400071.", "ELEVATOR_CONTACT_LIST": "Yes", "ELEVATOR_INTERCOM": "No", "WORKING_HRS": "Yes", "EMPLOYEE_QTY": 81, "EMPLOYEE_MALE": null, "EMPLOYEE_FEMALE": null, "EMPLOYEE_DIF_ABLE": null, "WORKING_HRS_STR": null, "WORKING_HRS_STP": null, "VISITORS_QTY": null, "VISITING_HRS_STR": null, "VISITING_HRS_STP": null, "VISITORS_QTY_2": null, "VISITING_HRS_STR_2": null, "VISITING_HRS_STP_2": null}}, {"type": "Feature", "id": 414, "geometry": {"type": "Point", "coordinates": [72.89417574035858, 19.054919426596207]}, "properties": {"OBJECTID": 414, "NAME": "Venkateshwar Hospital", "TYPE": 4, "SUBTYPE": "General", "LOCATION": "2-3, KN Gaikwad Marg, Gaehsh Nagar, Postal Colony, Chembur, Mumbai - 400071.", "ELEVATOR_CONTACT_LIST": null, "ELEVATOR_INTERCOM": null, "WORKING_HRS": null, "EMPLOYEE_QTY": null, "EMPLOYEE_MALE": null, "EMPLOYEE_FEMALE": null, "EMPLOYEE_DIF_ABLE": null, "WORKING_HRS_STR": null, "WORKING_HRS_STP": null, "VISITORS_QTY": null, "VISITING_HRS_STR": null, "VISITING_HRS_STP": null, "VISITORS_QTY_2": null, "VISITING_HRS_STR_2": null, "VISITING_HRS_STP_2": null}}, {"type": "Feature", "id": 415, "geometry": {"type": "Point", "coordinates": [72.89175399990471, 19.054958000026776]}, "properties": {"OBJECTID": 415, "NAME": "Dr Manek's Hospital", "TYPE": 4, "SUBTYPE": "General", "LOCATION": "Parvati Palace, Shivpuri Compound, Chembur East, Mumbai - 400071.", "ELEVATOR_CONTACT_LIST": null, "ELEVATOR_INTERCOM": null, "WORKING_HRS": null, "EMPLOYEE_QTY": null, "EMPLOYEE_MALE": null, "EMPLOYEE_FEMALE": null, "EMPLOYEE_DIF_ABLE": null, "WORKING_HRS_STR": null, "WORKING_HRS_STP": null, "VISITORS_QTY": null, "VISITING_HRS_STR": null, "VISITING_HRS_STP": null, "VISITORS_QTY_2": null, "VISITING_HRS_STR_2": null, "VISITING_HRS_STP_2": null}}, {"type": "Feature", "id": 417, "geometry": {"type": "Point", "coordinates": [72.87765840035699, 19.06532833132557]}, "properties": {"OBJECTID": 417, "NAME": "Kurla Bhabha Hospital", "TYPE": 1, "SUBTYPE": "General", "LOCATION": "Belgrami Road, New Mills Road, Brahmanwadi, Kurla West, Mumbai - 400070.", "ELEVATOR_CONTACT_LIST": null, "ELEVATOR_INTERCOM": null, "WORKING_HRS": null, "EMPLOYEE_QTY": null, "EMPLOYEE_MALE": null, "EMPLOYEE_FEMALE": null, "EMPLOYEE_DIF_ABLE": null, "WORKING_HRS_STR": null, "WORKING_HRS_STP": null, "VISITORS_QTY": null, "VISITING_HRS_STR": null, "VISITING_HRS_STP": null, "VISITORS_QTY_2": null, "VISITING_HRS_STR_2": null, "VISITING_HRS_STP_2": null}}, {"type": "Feature", "id": 418, "geometry": {"type": "Point", "coordinates": [72.88113699237972, 19.08578083747921]}, "properties": {"OBJECTID": 418, "NAME": "Dr. Anandibai Joshi Maternity Home", "TYPE": 1, "SUBTYPE": "Maternity Home", "LOCATION": "No. 3, Bailbazar Health Post, Kurla Andheri Rd, Kurla(W), Mumbai 70", "ELEVATOR_CONTACT_LIST": "Yes", "ELEVATOR_INTERCOM": "No", "WORKING_HRS": null, "EMPLOYEE_QTY": 62, "EMPLOYEE_MALE": null, "EMPLOYEE_FEMALE": null, "EMPLOYEE_DIF_ABLE": null, "WORKING_HRS_STR": null, "WORKING_HRS_STP": null, "VISITORS_QTY": null, "VISITING_HRS_STR": null, "VISITING_HRS_STP": null, "VISITORS_QTY_2": null, "VISITING_HRS_STR_2": null, "VISITING_HRS_STP_2": null}}, {"type": "Feature", "id": 419, "geometry": {"type": "Point", "coordinates": [72.86374074086642, 19.131368927536165]}, "properties": {"OBJECTID": 419, "NAME": "Sarvoday Nagar Health Post", "TYPE": 1, "SUBTYPE": "Health Post", "LOCATION": "Sarvoday Nagar, Near Hema Industry, Jogeshwari East Mumbai 93", "ELEVATOR_CONTACT_LIST": "No", "ELEVATOR_INTERCOM": "No", "WORKING_HRS": null, "EMPLOYEE_QTY": 3, "EMPLOYEE_MALE": null, "EMPLOYEE_FEMALE": null, "EMPLOYEE_DIF_ABLE": null, "WORKING_HRS_STR": null, "WORKING_HRS_STP": null, "VISITORS_QTY": null, "VISITING_HRS_STR": null, "VISITING_HRS_STP": null, "VISITORS_QTY_2": null, "VISITING_HRS_STR_2": null, "VISITING_HRS_STP_2": null}}, {"type": "Feature", "id": 420, "geometry": {"type": "Point", "coordinates": [72.87229141110954, 19.13071326550638]}, "properties": {"OBJECTID": 420, "NAME": "Sunder Nagar Municipal Dispensary", "TYPE": 1, "SUBTYPE": "Dispensary", "LOCATION": "Sunder Nagar, Mahakali Caves Last Stop, Mumbai 93", "ELEVATOR_CONTACT_LIST": null, "ELEVATOR_INTERCOM": null, "WORKING_HRS": null, "EMPLOYEE_QTY": null, "EMPLOYEE_MALE": null, "EMPLOYEE_FEMALE": null, "EMPLOYEE_DIF_ABLE": null, "WORKING_HRS_STR": null, "WORKING_HRS_STP": null, "VISITORS_QTY": null, "VISITING_HRS_STR": null, "VISITING_HRS_STP": null, "VISITORS_QTY_2": null, "VISITING_HRS_STR_2": null, "VISITING_HRS_STP_2": null}}, {"type": "Feature", "id": 421, "geometry": {"type": "Point", "coordinates": [72.84657033953171, 19.114429017337393]}, "properties": {"OBJECTID": 421, "NAME": "Sambhaji Nagar Municipal Dispensary", "TYPE": 1, "SUBTYPE": "Dispensary", "LOCATION": "Sambhaji Nagar, Mhada Colony, Vile Parle, Mumbai, Maharashtra 400058", "ELEVATOR_CONTACT_LIST": null, "ELEVATOR_INTERCOM": null, "WORKING_HRS": null, "EMPLOYEE_QTY": 1, "EMPLOYEE_MALE": null, "EMPLOYEE_FEMALE": null, "EMPLOYEE_DIF_ABLE": null, "WORKING_HRS_STR": null, "WORKING_HRS_STP": null, "VISITORS_QTY": null, "VISITING_HRS_STR": null, "VISITING_HRS_STP": null, "VISITORS_QTY_2": null, "VISITING_HRS_STR_2": null, "VISITING_HRS_STP_2": null}}, {"type": "Feature", "id": 422, "geometry": {"type": "Point", "coordinates": [72.84895884897688, 19.110116646270683]}, "properties": {"OBJECTID": 422, "NAME": "Sambhaji Nagar Health Post", "TYPE": 1, "SUBTYPE": "Health Post", "LOCATION": "Shahaji Raje Marg, Opp Aggarwal Eye Hospital, Vile Parle East Mumbai 57", "ELEVATOR_CONTACT_LIST": null, "ELEVATOR_INTERCOM": null, "WORKING_HRS": null, "EMPLOYEE_QTY": 7, "EMPLOYEE_MALE": null, "EMPLOYEE_FEMALE": null, "EMPLOYEE_DIF_ABLE": null, "WORKING_HRS_STR": null, "WORKING_HRS_STP": null, "VISITORS_QTY": null, "VISITING_HRS_STR": null, "VISITING_HRS_STP": null, "VISITORS_QTY_2": null, "VISITING_HRS_STR_2": null, "VISITING_HRS_STP_2": null}}, {"type": "Feature", "id": 423, "geometry": {"type": "Point", "coordinates": [72.8493920003567, 19.110432000229242]}, "properties": {"OBJECTID": 423, "NAME": "Municipal Aurvedik Dispensary", "TYPE": 1, "SUBTYPE": "Dispensary", "LOCATION": "Shahaji Raje Marg, Opp Aggarwal Eye Hospital, Vile Parle East Mumbai 57", "ELEVATOR_CONTACT_LIST": null, "ELEVATOR_INTERCOM": null, "WORKING_HRS": null, "EMPLOYEE_QTY": 1, "EMPLOYEE_MALE": null, "EMPLOYEE_FEMALE": null, "EMPLOYEE_DIF_ABLE": null, "WORKING_HRS_STR": null, "WORKING_HRS_STP": null, "VISITORS_QTY": null, "VISITING_HRS_STR": null, "VISITING_HRS_STP": null, "VISITORS_QTY_2": null, "VISITING_HRS_STR_2": null, "VISITING_HRS_STP_2": null}}, {"type": "Feature", "id": 424, "geometry": {"type": "Point", "coordinates": [72.85589954555434, 19.13595512734514]}, "properties": {"OBJECTID": 424, "NAME": "Squatters Colony Maternity Home & Dispensary", "TYPE": 1, "SUBTYPE": "Maternity Home", "LOCATION": "Sanjay Gandhi Nagar, Jogeshwari East", "ELEVATOR_CONTACT_LIST": null, "ELEVATOR_INTERCOM": null, "WORKING_HRS": null, "EMPLOYEE_QTY": null, "EMPLOYEE_MALE": null, "EMPLOYEE_FEMALE": null, "EMPLOYEE_DIF_ABLE": null, "WORKING_HRS_STR": null, "WORKING_HRS_STP": null, "VISITORS_QTY": null, "VISITING_HRS_STR": null, "VISITING_HRS_STP": null, "VISITORS_QTY_2": null, "VISITING_HRS_STR_2": null, "VISITING_HRS_STP_2": null}}, {"type": "Feature", "id": 425, "geometry": {"type": "Point", "coordinates": [72.85369102303522, 19.128709533882965]}, "properties": {"OBJECTID": 425, "NAME": "Natwar Nagar Dispensary & Health Post", "TYPE": 1, "SUBTYPE": "Dispensary", "LOCATION": "Sheeljeet Co Hsg Soc, Road No5, Behind Bhandari Bank, Jogeshwari East Mumbai 60.", "ELEVATOR_CONTACT_LIST": null, "ELEVATOR_INTERCOM": null, "WORKING_HRS": null, "EMPLOYEE_QTY": 7, "EMPLOYEE_MALE": null, "EMPLOYEE_FEMALE": null, "EMPLOYEE_DIF_ABLE": null, "WORKING_HRS_STR": null, "WORKING_HRS_STP": null, "VISITORS_QTY": null, "VISITING_HRS_STR": null, "VISITING_HRS_STP": null, "VISITORS_QTY_2": null, "VISITING_HRS_STR_2": null, "VISITING_HRS_STP_2": null}}, {"type": "Feature", "id": 426, "geometry": {"type": "Point", "coordinates": [72.88702400028319, 19.053616000064117]}, "properties": {"OBJECTID": 426, "NAME": "Surana Sethia Hospital And Research Center", "TYPE": 4, "SUBTYPE": "General", "LOCATION": "Suman Nagar, Sion Trombay Road, Chembur, Mumbai - 400071.", "ELEVATOR_CONTACT_LIST": "Yes", "ELEVATOR_INTERCOM": "Yes", "WORKING_HRS": "Yes", "EMPLOYEE_QTY": 213, "EMPLOYEE_MALE": null, "EMPLOYEE_FEMALE": null, "EMPLOYEE_DIF_ABLE": null, "WORKING_HRS_STR": null, "WORKING_HRS_STP": null, "VISITORS_QTY": null, "VISITING_HRS_STR": null, "VISITING_HRS_STP": null, "VISITORS_QTY_2": null, "VISITING_HRS_STR_2": null, "VISITING_HRS_STP_2": null}}, {"type": "Feature", "id": 427, "geometry": {"type": "Point", "coordinates": [72.89120290411998, 19.05267774091993]}, "properties": {"OBJECTID": 427, "NAME": "Sitla Hospital", "TYPE": 4, "SUBTYPE": "General", "LOCATION": "Sindhi Society, Chembur, Near Bhakti Bhavan, Mumbai - 400071.", "ELEVATOR_CONTACT_LIST": null, "ELEVATOR_INTERCOM": null, "WORKING_HRS": null, "EMPLOYEE_QTY": null, "EMPLOYEE_MALE": null, "EMPLOYEE_FEMALE": null, "EMPLOYEE_DIF_ABLE": null, "WORKING_HRS_STR": null, "WORKING_HRS_STP": null, "VISITORS_QTY": null, "VISITING_HRS_STR": null, "VISITING_HRS_STP": null, "VISITORS_QTY_2": null, "VISITING_HRS_STR_2": null, "VISITING_HRS_STP_2": null}}, {"type": "Feature", "id": 428, "geometry": {"type": "Point", "coordinates": [72.88948799979761, 19.05639799973731]}, "properties": {"OBJECTID": 428, "NAME": "Sushrut Hospital & Research Centre", "TYPE": 4, "SUBTYPE": "General", "LOCATION": "365, St Vershaw Kakkaya Marg, Swastik Park, Chembur (East), Mumbai - 400071.", "ELEVATOR_CONTACT_LIST": "Yes", "ELEVATOR_INTERCOM": "Yes", "WORKING_HRS": "Yes", "EMPLOYEE_QTY": 274, "EMPLOYEE_MALE": null, "EMPLOYEE_FEMALE": null, "EMPLOYEE_DIF_ABLE": null, "WORKING_HRS_STR": null, "WORKING_HRS_STP": null, "VISITORS_QTY": null, "VISITING_HRS_STR": null, "VISITING_HRS_STP": null, "VISITORS_QTY_2": null, "VISITING_HRS_STR_2": null, "VISITING_HRS_STP_2": null}}, {"type": "Feature", "id": 429, "geometry": {"type": "Point", "coordinates": [72.89288299972932, 19.034807000437723]}, "properties": {"OBJECTID": 429, "NAME": "Chembur Hospital Project Trust", "TYPE": 4, "SUBTYPE": "General", "LOCATION": "365, Swastik Park, Chembur, Mumbai - 400071.", "ELEVATOR_CONTACT_LIST": null, "ELEVATOR_INTERCOM": null, "WORKING_HRS": null, "EMPLOYEE_QTY": null, "EMPLOYEE_MALE": null, "EMPLOYEE_FEMALE": null, "EMPLOYEE_DIF_ABLE": null, "WORKING_HRS_STR": null, "WORKING_HRS_STP": null, "VISITORS_QTY": null, "VISITING_HRS_STR": null, "VISITING_HRS_STP": null, "VISITORS_QTY_2": null, "VISITING_HRS_STR_2": null, "VISITING_HRS_STP_2": null}}, {"type": "Feature", "id": 430, "geometry": {"type": "Point", "coordinates": [72.89770328116539, 19.05293319435728]}, "properties": {"OBJECTID": 430, "NAME": "Sunny Hospital", "TYPE": 4, "SUBTYPE": "General", "LOCATION": "2nd Floor, Sunny Estate, Sion Trombay Road, Chembur (E), Mumbai - 400071.", "ELEVATOR_CONTACT_LIST": null, "ELEVATOR_INTERCOM": null, "WORKING_HRS": null, "EMPLOYEE_QTY": null, "EMPLOYEE_MALE": null, "EMPLOYEE_FEMALE": null, "EMPLOYEE_DIF_ABLE": null, "WORKING_HRS_STR": null, "WORKING_HRS_STP": null, "VISITORS_QTY": null, "VISITING_HRS_STR": null, "VISITING_HRS_STP": null, "VISITORS_QTY_2": null, "VISITING_HRS_STR_2": null, "VISITING_HRS_STP_2": null}}, {"type": "Feature", "id": 431, "geometry": {"type": "Point", "coordinates": [72.87889100044453, 19.025161999854337]}, "properties": {"OBJECTID": 431, "NAME": "Chinmay Nursing Home", "TYPE": 4, "SUBTYPE": "Nursing Home", "LOCATION": "103,104,ODYSSEY, A wing,Bhakti park, near I-MAX theater, Sion Wadala link road, Mumbai - 400037.", "ELEVATOR_CONTACT_LIST": null, "ELEVATOR_INTERCOM": null, "WORKING_HRS": null, "EMPLOYEE_QTY": null, "EMPLOYEE_MALE": null, "EMPLOYEE_FEMALE": null, "EMPLOYEE_DIF_ABLE": null, "WORKING_HRS_STR": null, "WORKING_HRS_STP": null, "VISITORS_QTY": null, "VISITING_HRS_STR": null, "VISITING_HRS_STP": null, "VISITORS_QTY_2": null, "VISITING_HRS_STR_2": null, "VISITING_HRS_STP_2": null}}, {"type": "Feature", "id": 432, "geometry": {"type": "Point", "coordinates": [72.89983222983143, 19.05961577225338]}, "properties": {"OBJECTID": 432, "NAME": "Tandon Hospital", "TYPE": 4, "SUBTYPE": "Nursing Home", "LOCATION": "4th Floor, Gagangiri Complex, Nr Ambedkar Garden, 18th Rd, D. Saraswati Marg, Chembur, Mumbai - 71.", "ELEVATOR_CONTACT_LIST": "Yes", "ELEVATOR_INTERCOM": "Yes", "WORKING_HRS": "Yes", "EMPLOYEE_QTY": 43, "EMPLOYEE_MALE": null, "EMPLOYEE_FEMALE": null, "EMPLOYEE_DIF_ABLE": null, "WORKING_HRS_STR": null, "WORKING_HRS_STP": null, "VISITORS_QTY": null, "VISITING_HRS_STR": null, "VISITING_HRS_STP": null, "VISITORS_QTY_2": null, "VISITING_HRS_STR_2": null, "VISITING_HRS_STP_2": null}}, {"type": "Feature", "id": 433, "geometry": {"type": "Point", "coordinates": [72.8918150001886, 19.05530199993703]}, "properties": {"OBJECTID": 433, "NAME": "Dr. Juvekars Nursing Home", "TYPE": 4, "SUBTYPE": "Nursing Home", "LOCATION": "17/18, Shivsagar CHS, Shivpuri, Opposite Akbarallys, Off Sion Trombay Road, Chembur E, Mumbai - 400071.", "ELEVATOR_CONTACT_LIST": null, "ELEVATOR_INTERCOM": null, "WORKING_HRS": null, "EMPLOYEE_QTY": 20, "EMPLOYEE_MALE": null, "EMPLOYEE_FEMALE": null, "EMPLOYEE_DIF_ABLE": null, "WORKING_HRS_STR": null, "WORKING_HRS_STP": null, "VISITORS_QTY": null, "VISITING_HRS_STR": null, "VISITING_HRS_STP": null, "VISITORS_QTY_2": null, "VISITING_HRS_STR_2": null, "VISITING_HRS_STP_2": null}}, {"type": "Feature", "id": 434, "geometry": {"type": "Point", "coordinates": [72.83624812062386, 19.10769264585979]}, "properties": {"OBJECTID": 434, "NAME": "H B Thackeray Medical College & Dr Rustamji Narsee Cooper General (Main Hospital Blgd.)", "TYPE": 1, "SUBTYPE": "Medical College", "LOCATION": "Gulmohar Road, Navpada, Suvarna Nagar, Opp Bhagu Bai Polytechnic College, Juhu, Vileparle (West), Mumbai - 400056.", "ELEVATOR_CONTACT_LIST": "Yes", "ELEVATOR_INTERCOM": "Yes", "WORKING_HRS": "Yes", "EMPLOYEE_QTY": 912, "EMPLOYEE_MALE": null, "EMPLOYEE_FEMALE": null, "EMPLOYEE_DIF_ABLE": null, "WORKING_HRS_STR": null, "WORKING_HRS_STP": null, "VISITORS_QTY": null, "VISITING_HRS_STR": null, "VISITING_HRS_STP": null, "VISITORS_QTY_2": null, "VISITING_HRS_STR_2": null, "VISITING_HRS_STP_2": null}}, {"type": "Feature", "id": 435, "geometry": {"type": "Point", "coordinates": [72.89486216518267, 19.056082038504762]}, "properties": {"OBJECTID": 435, "NAME": "Chembur  Naka Dispensary", "TYPE": 1, "SUBTYPE": "Dispensary", "LOCATION": "R.C.Marg, Chembur Naka, Chembur, Mumbai 400071", "ELEVATOR_CONTACT_LIST": "No", "ELEVATOR_INTERCOM": "No", "WORKING_HRS": "No", "EMPLOYEE_QTY": null, "EMPLOYEE_MALE": null, "EMPLOYEE_FEMALE": null, "EMPLOYEE_DIF_ABLE": null, "WORKING_HRS_STR": null, "WORKING_HRS_STP": null, "VISITORS_QTY": null, "VISITING_HRS_STR": null, "VISITING_HRS_STP": null, "VISITORS_QTY_2": null, "VISITING_HRS_STR_2": null, "VISITING_HRS_STP_2": null}}, {"type": "Feature", "id": 436, "geometry": {"type": "Point", "coordinates": [72.85735569839761, 19.222932564928957]}, "properties": {"OBJECTID": 436, "NAME": "Parikh Maternity Gynaec & General Hospital", "TYPE": 4, "SUBTYPE": "General", "LOCATION": "A 6/ 9, Lilam Building, Dattapada Road, Borivali East, Mumbai - 400066.", "ELEVATOR_CONTACT_LIST": null, "ELEVATOR_INTERCOM": null, "WORKING_HRS": null, "EMPLOYEE_QTY": null, "EMPLOYEE_MALE": null, "EMPLOYEE_FEMALE": null, "EMPLOYEE_DIF_ABLE": null, "WORKING_HRS_STR": null, "WORKING_HRS_STP": null, "VISITORS_QTY": null, "VISITING_HRS_STR": null, "VISITING_HRS_STP": null, "VISITORS_QTY_2": null, "VISITING_HRS_STR_2": null, "VISITING_HRS_STP_2": null}}, {"type": "Feature", "id": 437, "geometry": {"type": "Point", "coordinates": [72.86898799997529, 19.215918999552553]}, "properties": {"OBJECTID": 437, "NAME": "Sanjeevan Hospital", "TYPE": 4, "SUBTYPE": "General", "LOCATION": "Borivali East, Mumbai 400066", "ELEVATOR_CONTACT_LIST": null, "ELEVATOR_INTERCOM": null, "WORKING_HRS": null, "EMPLOYEE_QTY": null, "EMPLOYEE_MALE": null, "EMPLOYEE_FEMALE": null, "EMPLOYEE_DIF_ABLE": null, "WORKING_HRS_STR": null, "WORKING_HRS_STP": null, "VISITORS_QTY": null, "VISITING_HRS_STR": null, "VISITING_HRS_STP": null, "VISITORS_QTY_2": null, "VISITING_HRS_STR_2": null, "VISITING_HRS_STP_2": null}}, {"type": "Feature", "id": 438, "geometry": {"type": "Point", "coordinates": [72.85745670930271, 19.224721196144554]}, "properties": {"OBJECTID": 438, "NAME": "Crystal Hospital Limited", "TYPE": 4, "SUBTYPE": "General", "LOCATION": "Dattapada, Kasturba Cross Rd Number 1, Asara Colony, Borivali E, Mumbai 400066.", "ELEVATOR_CONTACT_LIST": null, "ELEVATOR_INTERCOM": null, "WORKING_HRS": null, "EMPLOYEE_QTY": null, "EMPLOYEE_MALE": null, "EMPLOYEE_FEMALE": null, "EMPLOYEE_DIF_ABLE": null, "WORKING_HRS_STR": null, "WORKING_HRS_STP": null, "VISITORS_QTY": null, "VISITING_HRS_STR": null, "VISITING_HRS_STP": null, "VISITORS_QTY_2": null, "VISITING_HRS_STR_2": null, "VISITING_HRS_STP_2": null}}, {"type": "Feature", "id": 440, "geometry": {"type": "Point", "coordinates": [72.86052942365352, 19.253400191810954]}, "properties": {"OBJECTID": 440, "NAME": "Krishna Nursing Home", "TYPE": 4, "SUBTYPE": "Nursing Home", "LOCATION": "G-1, 1st Fr, New Misquittq Ngr CHS, Hari Shankar Joshi Road, Krishna Colony, Dahisar E, Mumbai - 400068", "ELEVATOR_CONTACT_LIST": "YES", "ELEVATOR_INTERCOM": "YES", "WORKING_HRS": "Yes", "EMPLOYEE_QTY": 21, "EMPLOYEE_MALE": null, "EMPLOYEE_FEMALE": null, "EMPLOYEE_DIF_ABLE": null, "WORKING_HRS_STR": null, "WORKING_HRS_STP": null, "VISITORS_QTY": null, "VISITING_HRS_STR": null, "VISITING_HRS_STP": null, "VISITORS_QTY_2": null, "VISITING_HRS_STR_2": null, "VISITING_HRS_STP_2": null}}, {"type": "Feature", "id": 441, "geometry": {"type": "Point", "coordinates": [72.85267590017408, 19.254477408322114]}, "properties": {"OBJECTID": 441, "NAME": "James Nurses Bureau", "TYPE": 4, "SUBTYPE": "99", "LOCATION": "A/2/1, Kandarpada, Opposite Ramayan Building, Dahisar East, Mumbai - 400068.", "ELEVATOR_CONTACT_LIST": null, "ELEVATOR_INTERCOM": null, "WORKING_HRS": null, "EMPLOYEE_QTY": null, "EMPLOYEE_MALE": null, "EMPLOYEE_FEMALE": null, "EMPLOYEE_DIF_ABLE": null, "WORKING_HRS_STR": null, "WORKING_HRS_STP": null, "VISITORS_QTY": null, "VISITING_HRS_STR": null, "VISITING_HRS_STP": null, "VISITORS_QTY_2": null, "VISITING_HRS_STR_2": null, "VISITING_HRS_STP_2": null}}, {"type": "Feature", "id": 442, "geometry": {"type": "Point", "coordinates": [72.86476451410358, 19.25701222070823]}, "properties": {"OBJECTID": 442, "NAME": "Ashirwad Maternity & Nursing Home", "TYPE": 4, "SUBTYPE": "Maternity Home", "LOCATION": "A/5, harsh apartments, Anand Nagar, Opp. Vijaya Bank, Dahisar E, Mumbai 400068.", "ELEVATOR_CONTACT_LIST": "NO", "ELEVATOR_INTERCOM": "NO", "WORKING_HRS": null, "EMPLOYEE_QTY": null, "EMPLOYEE_MALE": null, "EMPLOYEE_FEMALE": null, "EMPLOYEE_DIF_ABLE": null, "WORKING_HRS_STR": null, "WORKING_HRS_STP": null, "VISITORS_QTY": null, "VISITING_HRS_STR": null, "VISITING_HRS_STP": null, "VISITORS_QTY_2": null, "VISITING_HRS_STR_2": null, "VISITING_HRS_STP_2": null}}, {"type": "Feature", "id": 443, "geometry": {"type": "Point", "coordinates": [72.84854161113056, 19.200515181971443]}, "properties": {"OBJECTID": 443, "NAME": "Hitwardhak Mandal Hospital", "TYPE": 4, "SUBTYPE": "General", "LOCATION": "Swami Vivekanand Rd, Kandivali West, Mumbai -  400067.", "ELEVATOR_CONTACT_LIST": null, "ELEVATOR_INTERCOM": null, "WORKING_HRS": null, "EMPLOYEE_QTY": null, "EMPLOYEE_MALE": null, "EMPLOYEE_FEMALE": null, "EMPLOYEE_DIF_ABLE": null, "WORKING_HRS_STR": null, "WORKING_HRS_STP": null, "VISITORS_QTY": null, "VISITING_HRS_STR": null, "VISITING_HRS_STP": null, "VISITORS_QTY_2": null, "VISITING_HRS_STR_2": null, "VISITING_HRS_STP_2": null}}, {"type": "Feature", "id": 444, "geometry": {"type": "Point", "coordinates": [72.8671224768894, 19.213633706036777]}, "properties": {"OBJECTID": 444, "NAME": "Shree Sai Hospital", "TYPE": 4, "SUBTYPE": "General", "LOCATION": "Gokul Nagar 1, 90 Feet Rd, Asha Nagar, Kandivali East, Mumbai - 400101.", "ELEVATOR_CONTACT_LIST": null, "ELEVATOR_INTERCOM": null, "WORKING_HRS": null, "EMPLOYEE_QTY": null, "EMPLOYEE_MALE": null, "EMPLOYEE_FEMALE": null, "EMPLOYEE_DIF_ABLE": null, "WORKING_HRS_STR": null, "WORKING_HRS_STP": null, "VISITORS_QTY": null, "VISITING_HRS_STR": null, "VISITING_HRS_STP": null, "VISITORS_QTY_2": null, "VISITING_HRS_STR_2": null, "VISITING_HRS_STP_2": null}}, {"type": "Feature", "id": 445, "geometry": {"type": "Point", "coordinates": [72.85669421309808, 19.201763168252548]}, "properties": {"OBJECTID": 445, "NAME": "Sai Baba Hospital", "TYPE": 4, "SUBTYPE": "General", "LOCATION": "Nagvekar Apt, 2nd Fr, Opp. National Avenue, Akurli Rd, Ashok Ngr, Kandivali E, Mumbai - 101.", "ELEVATOR_CONTACT_LIST": null, "ELEVATOR_INTERCOM": null, "WORKING_HRS": null, "EMPLOYEE_QTY": null, "EMPLOYEE_MALE": null, "EMPLOYEE_FEMALE": null, "EMPLOYEE_DIF_ABLE": null, "WORKING_HRS_STR": null, "WORKING_HRS_STP": null, "VISITORS_QTY": null, "VISITING_HRS_STR": null, "VISITING_HRS_STP": null, "VISITORS_QTY_2": null, "VISITING_HRS_STR_2": null, "VISITING_HRS_STP_2": null}}, {"type": "Feature", "id": 447, "geometry": {"type": "Point", "coordinates": [72.864920616306, 19.206545394267476]}, "properties": {"OBJECTID": 447, "NAME": "Tirupati Maternity & General Hospital", "TYPE": 4, "SUBTYPE": "Maternity Home", "LOCATION": "1st Fr, Tirupati Tower, Thakur Complex, Asha Nagar Road, Saraf Chaudhary Nagar, Kandivali E, Mumbai - 101.", "ELEVATOR_CONTACT_LIST": null, "ELEVATOR_INTERCOM": null, "WORKING_HRS": null, "EMPLOYEE_QTY": null, "EMPLOYEE_MALE": null, "EMPLOYEE_FEMALE": null, "EMPLOYEE_DIF_ABLE": null, "WORKING_HRS_STR": null, "WORKING_HRS_STP": null, "VISITORS_QTY": null, "VISITING_HRS_STR": null, "VISITING_HRS_STP": null, "VISITORS_QTY_2": null, "VISITING_HRS_STR_2": null, "VISITING_HRS_STP_2": null}}, {"type": "Feature", "id": 448, "geometry": {"type": "Point", "coordinates": [72.95021799976718, 19.166572999865373]}, "properties": {"OBJECTID": 448, "NAME": "Roshni Eye Care Center", "TYPE": 4, "SUBTYPE": "Speciality", "LOCATION": "301, Ratan Galaxie, J. Nehru Road, Next to Arya Samaj Hall, Above HDFC Bank, Mulund W, Mumbai- 80.", "ELEVATOR_CONTACT_LIST": null, "ELEVATOR_INTERCOM": null, "WORKING_HRS": null, "EMPLOYEE_QTY": null, "EMPLOYEE_MALE": null, "EMPLOYEE_FEMALE": null, "EMPLOYEE_DIF_ABLE": null, "WORKING_HRS_STR": null, "WORKING_HRS_STP": null, "VISITORS_QTY": null, "VISITING_HRS_STR": null, "VISITING_HRS_STP": null, "VISITORS_QTY_2": null, "VISITING_HRS_STR_2": null, "VISITING_HRS_STP_2": null}}, {"type": "Feature", "id": 449, "geometry": {"type": "Point", "coordinates": [72.95121268827245, 19.167514730087365]}, "properties": {"OBJECTID": 449, "NAME": "Holy Trinity Hospital", "TYPE": 4, "SUBTYPE": "General", "LOCATION": "Heritage Holy, Pandit Jawaharlal Nehru Rd, Indira Nagar, Mulund W, Mumbai - 80.", "ELEVATOR_CONTACT_LIST": "Yes", "ELEVATOR_INTERCOM": "No", "WORKING_HRS": null, "EMPLOYEE_QTY": null, "EMPLOYEE_MALE": null, "EMPLOYEE_FEMALE": null, "EMPLOYEE_DIF_ABLE": null, "WORKING_HRS_STR": null, "WORKING_HRS_STP": null, "VISITORS_QTY": null, "VISITING_HRS_STR": null, "VISITING_HRS_STP": null, "VISITORS_QTY_2": null, "VISITING_HRS_STR_2": null, "VISITING_HRS_STP_2": null}}, {"type": "Feature", "id": 450, "geometry": {"type": "Point", "coordinates": [72.95019636929926, 19.167519930555237]}, "properties": {"OBJECTID": 450, "NAME": "Pooja Blood Bank Centre And Nursing Home", "TYPE": 4, "SUBTYPE": "Nursing Home", "LOCATION": "WING-B, Ramgad Nagar, Vishwakarma Nagar, Mulund West, Mumbai - 400080.", "ELEVATOR_CONTACT_LIST": null, "ELEVATOR_INTERCOM": null, "WORKING_HRS": null, "EMPLOYEE_QTY": null, "EMPLOYEE_MALE": null, "EMPLOYEE_FEMALE": null, "EMPLOYEE_DIF_ABLE": null, "WORKING_HRS_STR": null, "WORKING_HRS_STP": null, "VISITORS_QTY": null, "VISITING_HRS_STR": null, "VISITING_HRS_STP": null, "VISITORS_QTY_2": null, "VISITING_HRS_STR_2": null, "VISITING_HRS_STP_2": null}}, {"type": "Feature", "id": 451, "geometry": {"type": "Point", "coordinates": [72.94972193460002, 19.170677675427072]}, "properties": {"OBJECTID": 451, "NAME": "Devkunj Charitable Trusts Eye Hospital - Matushri Mankbai Nagji Sangoi Eye Hospital", "TYPE": 3, "SUBTYPE": "Nursing Home", "LOCATION": "Junction Of Ganesh Gawde Rd & Vithalbahi Patel Rd, Vithalbhai Patel Road, Mulund W, Mumbai- 80.", "ELEVATOR_CONTACT_LIST": "Yes", "ELEVATOR_INTERCOM": "No", "WORKING_HRS": null, "EMPLOYEE_QTY": 18, "EMPLOYEE_MALE": null, "EMPLOYEE_FEMALE": null, "EMPLOYEE_DIF_ABLE": null, "WORKING_HRS_STR": null, "WORKING_HRS_STP": null, "VISITORS_QTY": null, "VISITING_HRS_STR": null, "VISITING_HRS_STP": null, "VISITORS_QTY_2": null, "VISITING_HRS_STR_2": null, "VISITING_HRS_STP_2": null}}, {"type": "Feature", "id": 455, "geometry": {"type": "Point", "coordinates": [72.95306987930165, 19.173585783363603]}, "properties": {"OBJECTID": 455, "NAME": "Ashirwad Critical Care Unit & Multispeciality Hospital", "TYPE": 4, "SUBTYPE": "Speciality", "LOCATION": "Navin jyot building, opposite om jewellers, RRT Road, Mulund West, Mumbai - 400080.", "ELEVATOR_CONTACT_LIST": null, "ELEVATOR_INTERCOM": null, "WORKING_HRS": null, "EMPLOYEE_QTY": null, "EMPLOYEE_MALE": null, "EMPLOYEE_FEMALE": null, "EMPLOYEE_DIF_ABLE": null, "WORKING_HRS_STR": null, "WORKING_HRS_STP": null, "VISITORS_QTY": null, "VISITING_HRS_STR": null, "VISITING_HRS_STP": null, "VISITORS_QTY_2": null, "VISITING_HRS_STR_2": null, "VISITING_HRS_STP_2": null}}, {"type": "Feature", "id": 456, "geometry": {"type": "Point", "coordinates": [72.95597800044352, 19.172712000347396]}, "properties": {"OBJECTID": 456, "NAME": "Aparna Hospital", "TYPE": 4, "SUBTYPE": "Maternity Home", "LOCATION": "Gajanan Apartments, Pandit Jawaharlal Nehru Rd, Vidya Vihar, Mulund West, Mumbai - 400080.", "ELEVATOR_CONTACT_LIST": "No", "ELEVATOR_INTERCOM": "No", "WORKING_HRS": null, "EMPLOYEE_QTY": null, "EMPLOYEE_MALE": null, "EMPLOYEE_FEMALE": null, "EMPLOYEE_DIF_ABLE": null, "WORKING_HRS_STR": null, "WORKING_HRS_STP": null, "VISITORS_QTY": null, "VISITING_HRS_STR": null, "VISITING_HRS_STP": null, "VISITORS_QTY_2": null, "VISITING_HRS_STR_2": null, "VISITING_HRS_STP_2": null}}, {"type": "Feature", "id": 457, "geometry": {"type": "Point", "coordinates": [72.95417799985141, 19.172902999832203]}, "properties": {"OBJECTID": 457, "NAME": "Chetna Critical Care Unit", "TYPE": 4, "SUBTYPE": "General", "LOCATION": "Naveen Jyoth Building, Ramratan Trivedi Road, Mulund West, Mumbai - 400080.", "ELEVATOR_CONTACT_LIST": null, "ELEVATOR_INTERCOM": null, "WORKING_HRS": null, "EMPLOYEE_QTY": null, "EMPLOYEE_MALE": null, "EMPLOYEE_FEMALE": null, "EMPLOYEE_DIF_ABLE": null, "WORKING_HRS_STR": null, "WORKING_HRS_STP": null, "VISITORS_QTY": null, "VISITING_HRS_STR": null, "VISITING_HRS_STP": null, "VISITORS_QTY_2": null, "VISITING_HRS_STR_2": null, "VISITING_HRS_STP_2": null}}, {"type": "Feature", "id": 458, "geometry": {"type": "Point", "coordinates": [72.95526008304067, 19.17348080792911]}, "properties": {"OBJECTID": 458, "NAME": "Gokul Nursing Home", "TYPE": 4, "SUBTYPE": "Nursing Home", "LOCATION": "503, Mahatma Gandhi Rd, Mulund West, Mumbai-400080.", "ELEVATOR_CONTACT_LIST": null, "ELEVATOR_INTERCOM": null, "WORKING_HRS": null, "EMPLOYEE_QTY": null, "EMPLOYEE_MALE": null, "EMPLOYEE_FEMALE": null, "EMPLOYEE_DIF_ABLE": null, "WORKING_HRS_STR": null, "WORKING_HRS_STP": null, "VISITORS_QTY": null, "VISITING_HRS_STR": null, "VISITING_HRS_STP": null, "VISITORS_QTY_2": null, "VISITING_HRS_STR_2": null, "VISITING_HRS_STP_2": null}}, {"type": "Feature", "id": 459, "geometry": {"type": "Point", "coordinates": [72.91480419008074, 19.05469070126766]}, "properties": {"OBJECTID": 459, "NAME": "Kailash Jeevan Hospital", "TYPE": 4, "SUBTYPE": "General", "LOCATION": "Plot No 120, Sai Kunj, Opposite Ankur Theatre, Station Road, Govandi(E), Mumbai - 400088.", "ELEVATOR_CONTACT_LIST": null, "ELEVATOR_INTERCOM": null, "WORKING_HRS": null, "EMPLOYEE_QTY": null, "EMPLOYEE_MALE": null, "EMPLOYEE_FEMALE": null, "EMPLOYEE_DIF_ABLE": null, "WORKING_HRS_STR": null, "WORKING_HRS_STP": null, "VISITORS_QTY": null, "VISITING_HRS_STR": null, "VISITING_HRS_STP": null, "VISITORS_QTY_2": null, "VISITING_HRS_STR_2": null, "VISITING_HRS_STP_2": null}}, {"type": "Feature", "id": 460, "geometry": {"type": "Point", "coordinates": [72.91103399969334, 19.049321999871687]}, "properties": {"OBJECTID": 460, "NAME": "Pandit Madanmohan maalviy Shatabadi Hospital", "TYPE": 1, "SUBTYPE": "General", "LOCATION": "waman Tukaram marg, Near Dukes Soda Factory, Deonar,Govandi", "ELEVATOR_CONTACT_LIST": null, "ELEVATOR_INTERCOM": null, "WORKING_HRS": "Yes", "EMPLOYEE_QTY": null, "EMPLOYEE_MALE": null, "EMPLOYEE_FEMALE": null, "EMPLOYEE_DIF_ABLE": null, "WORKING_HRS_STR": null, "WORKING_HRS_STP": null, "VISITORS_QTY": null, "VISITING_HRS_STR": null, "VISITING_HRS_STP": null, "VISITORS_QTY_2": null, "VISITING_HRS_STR_2": null, "VISITING_HRS_STP_2": null}}, {"type": "Feature", "id": 461, "geometry": {"type": "Point", "coordinates": [72.914445342743, 19.04783218108382]}, "properties": {"OBJECTID": 461, "NAME": "Sanjeevani Hospital", "TYPE": 4, "SUBTYPE": "General", "LOCATION": "East, 1, WT Patil Marg, Mahadeo Wadi, Patil Wadi, Govandi East, Mumbai, Maharashtra 400088.", "ELEVATOR_CONTACT_LIST": null, "ELEVATOR_INTERCOM": null, "WORKING_HRS": null, "EMPLOYEE_QTY": null, "EMPLOYEE_MALE": null, "EMPLOYEE_FEMALE": null, "EMPLOYEE_DIF_ABLE": null, "WORKING_HRS_STR": null, "WORKING_HRS_STP": null, "VISITORS_QTY": null, "VISITING_HRS_STR": null, "VISITING_HRS_STP": null, "VISITORS_QTY_2": null, "VISITING_HRS_STR_2": null, "VISITING_HRS_STP_2": null}}, {"type": "Feature", "id": 462, "geometry": {"type": "Point", "coordinates": [72.89625888126027, 19.032587070996467]}, "properties": {"OBJECTID": 462, "NAME": "Joshi Hospital Central", "TYPE": 4, "SUBTYPE": "General", "LOCATION": "Joshi Hospital Centrel, M. D. S Marg, Chembur, Mumbai - 400071.", "ELEVATOR_CONTACT_LIST": null, "ELEVATOR_INTERCOM": null, "WORKING_HRS": null, "EMPLOYEE_QTY": null, "EMPLOYEE_MALE": null, "EMPLOYEE_FEMALE": null, "EMPLOYEE_DIF_ABLE": null, "WORKING_HRS_STR": null, "WORKING_HRS_STP": null, "VISITORS_QTY": null, "VISITING_HRS_STR": null, "VISITING_HRS_STP": null, "VISITORS_QTY_2": null, "VISITING_HRS_STR_2": null, "VISITING_HRS_STP_2": null}}, {"type": "Feature", "id": 463, "geometry": {"type": "Point", "coordinates": [72.91113975073515, 19.047049189179845]}, "properties": {"OBJECTID": 463, "NAME": "Apollo Spectra Hospitals", "TYPE": 4, "SUBTYPE": "Speciality", "LOCATION": "Sunder Baug, Ujagar Compound, Opp Deonar Bus Depot Main Gate,  Nr Tata Inst Of Social Sc, Mumbai 88.", "ELEVATOR_CONTACT_LIST": null, "ELEVATOR_INTERCOM": null, "WORKING_HRS": null, "EMPLOYEE_QTY": null, "EMPLOYEE_MALE": null, "EMPLOYEE_FEMALE": null, "EMPLOYEE_DIF_ABLE": null, "WORKING_HRS_STR": null, "WORKING_HRS_STP": null, "VISITORS_QTY": null, "VISITING_HRS_STR": null, "VISITING_HRS_STP": null, "VISITORS_QTY_2": null, "VISITING_HRS_STR_2": null, "VISITING_HRS_STP_2": null}}, {"type": "Feature", "id": 464, "geometry": {"type": "Point", "coordinates": [72.85989709902029, 19.24548399145737]}, "properties": {"OBJECTID": 464, "NAME": "Navdurga Fracture and Accidens Center.", "TYPE": 4, "SUBTYPE": "General", "LOCATION": "Amiraj CHS, Swami Vivekananda Road, Near Namita Hospital, Dahisar East, Mumbai,400068", "ELEVATOR_CONTACT_LIST": "No", "ELEVATOR_INTERCOM": "No", "WORKING_HRS": "Yes", "EMPLOYEE_QTY": 8, "EMPLOYEE_MALE": null, "EMPLOYEE_FEMALE": null, "EMPLOYEE_DIF_ABLE": null, "WORKING_HRS_STR": null, "WORKING_HRS_STP": null, "VISITORS_QTY": null, "VISITING_HRS_STR": null, "VISITING_HRS_STP": null, "VISITORS_QTY_2": null, "VISITING_HRS_STR_2": null, "VISITING_HRS_STP_2": null}}, {"type": "Feature", "id": 466, "geometry": {"type": "Point", "coordinates": [72.85188350070861, 19.24248203879734]}, "properties": {"OBJECTID": 466, "NAME": "Mamta Maternity Home", "TYPE": 4, "SUBTYPE": "Maternity Home", "LOCATION": "D No. C - 5/ 2, Jeevanveer Soc, L I C Colony, Mandapeshwar, Jeevan Bima Ngr, Borivali W, Mumbai 92.", "ELEVATOR_CONTACT_LIST": null, "ELEVATOR_INTERCOM": null, "WORKING_HRS": null, "EMPLOYEE_QTY": null, "EMPLOYEE_MALE": null, "EMPLOYEE_FEMALE": null, "EMPLOYEE_DIF_ABLE": null, "WORKING_HRS_STR": null, "WORKING_HRS_STP": null, "VISITORS_QTY": null, "VISITING_HRS_STR": null, "VISITING_HRS_STP": null, "VISITORS_QTY_2": null, "VISITING_HRS_STR_2": null, "VISITING_HRS_STP_2": null}}, {"type": "Feature", "id": 467, "geometry": {"type": "Point", "coordinates": [72.85587589818101, 19.237540252616704]}, "properties": {"OBJECTID": 467, "NAME": "Mandapeshwar Hospital", "TYPE": 4, "SUBTYPE": "General", "LOCATION": "Gomati Apartment, Mandapeshwar Road, Borivali West, Borivali West, Mumbai,  400066.", "ELEVATOR_CONTACT_LIST": null, "ELEVATOR_INTERCOM": null, "WORKING_HRS": null, "EMPLOYEE_QTY": null, "EMPLOYEE_MALE": null, "EMPLOYEE_FEMALE": null, "EMPLOYEE_DIF_ABLE": null, "WORKING_HRS_STR": null, "WORKING_HRS_STP": null, "VISITORS_QTY": null, "VISITING_HRS_STR": null, "VISITING_HRS_STP": null, "VISITORS_QTY_2": null, "VISITING_HRS_STR_2": null, "VISITING_HRS_STP_2": null}}, {"type": "Feature", "id": 469, "geometry": {"type": "Point", "coordinates": [72.85733180052128, 19.250918478596716]}, "properties": {"OBJECTID": 469, "NAME": "Silverline Hospital", "TYPE": 4, "SUBTYPE": "Nursing Home", "LOCATION": "A-001, Chamunda Vihar, Rajaram Tawde Rd, Mhatre Wadi, Near St Louis School, Dahisar West, Mumbai,  400068.", "ELEVATOR_CONTACT_LIST": "No", "ELEVATOR_INTERCOM": "No", "WORKING_HRS": "Yes", "EMPLOYEE_QTY": 5, "EMPLOYEE_MALE": null, "EMPLOYEE_FEMALE": null, "EMPLOYEE_DIF_ABLE": null, "WORKING_HRS_STR": null, "WORKING_HRS_STP": null, "VISITORS_QTY": null, "VISITING_HRS_STR": null, "VISITING_HRS_STP": null, "VISITORS_QTY_2": null, "VISITING_HRS_STR_2": null, "VISITING_HRS_STP_2": null}}, {"type": "Feature", "id": 470, "geometry": {"type": "Point", "coordinates": [72.86096120032067, 19.257785400419984]}, "properties": {"OBJECTID": 470, "NAME": "Anand Hospital", "TYPE": 4, "SUBTYPE": "General", "LOCATION": "New link Road, Near Dahisar Subway, Dahisar (East) Mumbai. 22", "ELEVATOR_CONTACT_LIST": "Yes", "ELEVATOR_INTERCOM": "Yes", "WORKING_HRS": "Yes", "EMPLOYEE_QTY": 22, "EMPLOYEE_MALE": null, "EMPLOYEE_FEMALE": null, "EMPLOYEE_DIF_ABLE": null, "WORKING_HRS_STR": null, "WORKING_HRS_STP": null, "VISITORS_QTY": null, "VISITING_HRS_STR": null, "VISITING_HRS_STP": null, "VISITORS_QTY_2": null, "VISITING_HRS_STR_2": null, "VISITING_HRS_STP_2": null}}, {"type": "Feature", "id": 471, "geometry": {"type": "Point", "coordinates": [72.86373100031608, 19.26089299971389]}, "properties": {"OBJECTID": 471, "NAME": "Elite Hospital", "TYPE": 4, "SUBTYPE": "Maternity Home", "LOCATION": "Sai Shakti Nagar, Ovari Pada, Dahisar W, Mumbai - 400068.", "ELEVATOR_CONTACT_LIST": null, "ELEVATOR_INTERCOM": null, "WORKING_HRS": null, "EMPLOYEE_QTY": null, "EMPLOYEE_MALE": null, "EMPLOYEE_FEMALE": null, "EMPLOYEE_DIF_ABLE": null, "WORKING_HRS_STR": null, "WORKING_HRS_STP": null, "VISITORS_QTY": null, "VISITING_HRS_STR": null, "VISITING_HRS_STP": null, "VISITORS_QTY_2": null, "VISITING_HRS_STR_2": null, "VISITING_HRS_STP_2": null}}, {"type": "Feature", "id": 472, "geometry": {"type": "Point", "coordinates": [72.87233700046271, 19.26065299969955]}, "properties": {"OBJECTID": 472, "NAME": "Ratika Hospital", "TYPE": 4, "SUBTYPE": "General", "LOCATION": "NH8, Penkarpada, Dahisar, Mumbai - 400068.", "ELEVATOR_CONTACT_LIST": null, "ELEVATOR_INTERCOM": null, "WORKING_HRS": null, "EMPLOYEE_QTY": null, "EMPLOYEE_MALE": null, "EMPLOYEE_FEMALE": null, "EMPLOYEE_DIF_ABLE": null, "WORKING_HRS_STR": null, "WORKING_HRS_STP": null, "VISITORS_QTY": null, "VISITING_HRS_STR": null, "VISITING_HRS_STP": null, "VISITORS_QTY_2": null, "VISITING_HRS_STR_2": null, "VISITING_HRS_STP_2": null}}, {"type": "Feature", "id": 473, "geometry": {"type": "Point", "coordinates": [72.85768100032742, 19.223536999865868]}, "properties": {"OBJECTID": 473, "NAME": "Mahavir Hospital", "TYPE": 4, "SUBTYPE": "General", "LOCATION": "Rai Dongri Rd, Dattapada, Borivali East, Mumbai,  400066.", "ELEVATOR_CONTACT_LIST": null, "ELEVATOR_INTERCOM": null, "WORKING_HRS": null, "EMPLOYEE_QTY": null, "EMPLOYEE_MALE": null, "EMPLOYEE_FEMALE": null, "EMPLOYEE_DIF_ABLE": null, "WORKING_HRS_STR": null, "WORKING_HRS_STP": null, "VISITORS_QTY": null, "VISITING_HRS_STR": null, "VISITING_HRS_STP": null, "VISITORS_QTY_2": null, "VISITING_HRS_STR_2": null, "VISITING_HRS_STP_2": null}}, {"type": "Feature", "id": 474, "geometry": {"type": "Point", "coordinates": [72.90518627946514, 19.088337285046755]}, "properties": {"OBJECTID": 474, "NAME": "Shradhha Hospital", "TYPE": 4, "SUBTYPE": "General", "LOCATION": "A-101/102, Chandrodai Building, Off LBS Road, Jivadaya Lane Corner, Ghatkopar W, Mumbai -  400086.", "ELEVATOR_CONTACT_LIST": null, "ELEVATOR_INTERCOM": null, "WORKING_HRS": null, "EMPLOYEE_QTY": null, "EMPLOYEE_MALE": null, "EMPLOYEE_FEMALE": null, "EMPLOYEE_DIF_ABLE": null, "WORKING_HRS_STR": null, "WORKING_HRS_STP": null, "VISITORS_QTY": null, "VISITING_HRS_STR": null, "VISITING_HRS_STP": null, "VISITORS_QTY_2": null, "VISITING_HRS_STR_2": null, "VISITING_HRS_STP_2": null}}, {"type": "Feature", "id": 475, "geometry": {"type": "Point", "coordinates": [72.90509486089869, 19.088571208885423]}, "properties": {"OBJECTID": 475, "NAME": "Riddhi Hospital-Riddhi Homeopathic Centre", "TYPE": 4, "SUBTYPE": "Clinic", "LOCATION": "Near GRO Medical, Jivdaya Ln, Jivdaya Lane, Ghatkopar West, Mumbai - 400086.", "ELEVATOR_CONTACT_LIST": null, "ELEVATOR_INTERCOM": null, "WORKING_HRS": null, "EMPLOYEE_QTY": null, "EMPLOYEE_MALE": null, "EMPLOYEE_FEMALE": null, "EMPLOYEE_DIF_ABLE": null, "WORKING_HRS_STR": null, "WORKING_HRS_STP": null, "VISITORS_QTY": null, "VISITING_HRS_STR": null, "VISITING_HRS_STP": null, "VISITORS_QTY_2": null, "VISITING_HRS_STR_2": null, "VISITING_HRS_STP_2": null}}, {"type": "Feature", "id": 476, "geometry": {"type": "Point", "coordinates": [72.90620362320722, 19.08535080636369]}, "properties": {"OBJECTID": 476, "NAME": "H J Doshi Ghatkopar Hindu Sabha Hospital", "TYPE": 4, "SUBTYPE": "General", "LOCATION": "Shradhanand Road, Opp Railway Station, Ghatkopar West, Mumbai - 400086.", "ELEVATOR_CONTACT_LIST": null, "ELEVATOR_INTERCOM": null, "WORKING_HRS": null, "EMPLOYEE_QTY": null, "EMPLOYEE_MALE": null, "EMPLOYEE_FEMALE": null, "EMPLOYEE_DIF_ABLE": null, "WORKING_HRS_STR": null, "WORKING_HRS_STP": null, "VISITORS_QTY": null, "VISITING_HRS_STR": null, "VISITING_HRS_STP": null, "VISITORS_QTY_2": null, "VISITING_HRS_STR_2": null, "VISITING_HRS_STP_2": null}}, {"type": "Feature", "id": 477, "geometry": {"type": "Point", "coordinates": [72.9009959821316, 19.078926486352103]}, "properties": {"OBJECTID": 477, "NAME": "Rajawadi Hospital", "TYPE": 1, "SUBTYPE": "General", "LOCATION": "7, M G Road, Near Somaiya College, Ghatkopar (E), Mumbai - 400077.", "ELEVATOR_CONTACT_LIST": "No", "ELEVATOR_INTERCOM": null, "WORKING_HRS": null, "EMPLOYEE_QTY": null, "EMPLOYEE_MALE": null, "EMPLOYEE_FEMALE": null, "EMPLOYEE_DIF_ABLE": null, "WORKING_HRS_STR": null, "WORKING_HRS_STP": null, "VISITORS_QTY": null, "VISITING_HRS_STR": null, "VISITING_HRS_STP": null, "VISITORS_QTY_2": null, "VISITING_HRS_STR_2": null, "VISITING_HRS_STP_2": null}}, {"type": "Feature", "id": 478, "geometry": {"type": "Point", "coordinates": [72.90467005412015, 19.08443366382181]}, "properties": {"OBJECTID": 478, "NAME": "Shreeji Hospital", "TYPE": 4, "SUBTYPE": "General", "LOCATION": "Neelkant Shopping Arcade, Cama Lane, Ghatkopar West, Mumbai - 400086.", "ELEVATOR_CONTACT_LIST": null, "ELEVATOR_INTERCOM": null, "WORKING_HRS": null, "EMPLOYEE_QTY": null, "EMPLOYEE_MALE": null, "EMPLOYEE_FEMALE": null, "EMPLOYEE_DIF_ABLE": null, "WORKING_HRS_STR": null, "WORKING_HRS_STP": null, "VISITORS_QTY": null, "VISITING_HRS_STR": null, "VISITING_HRS_STP": null, "VISITORS_QTY_2": null, "VISITING_HRS_STR_2": null, "VISITING_HRS_STP_2": null}}, {"type": "Feature", "id": 479, "geometry": {"type": "Point", "coordinates": [72.9067296830824, 19.085376575322957]}, "properties": {"OBJECTID": 479, "NAME": "Jeevan Jyot Hospital", "TYPE": 4, "SUBTYPE": "General", "LOCATION": "175d, Jeevan Jyot, opp ghatkopar railway station., Ghatkopar W, Mumbai - 400086.", "ELEVATOR_CONTACT_LIST": null, "ELEVATOR_INTERCOM": null, "WORKING_HRS": null, "EMPLOYEE_QTY": null, "EMPLOYEE_MALE": null, "EMPLOYEE_FEMALE": null, "EMPLOYEE_DIF_ABLE": null, "WORKING_HRS_STR": null, "WORKING_HRS_STP": null, "VISITORS_QTY": null, "VISITING_HRS_STR": null, "VISITING_HRS_STP": null, "VISITORS_QTY_2": null, "VISITING_HRS_STR_2": null, "VISITING_HRS_STP_2": null}}, {"type": "Feature", "id": 480, "geometry": {"type": "Point", "coordinates": [72.90556167303033, 19.076133682466246]}, "properties": {"OBJECTID": 480, "NAME": "Ashirwad Heart Hospital", "TYPE": 4, "SUBTYPE": "Speciality", "LOCATION": "1/68, Vivek Building, Tilak Road, Ghatkopar East, Mumbai - 400077.", "ELEVATOR_CONTACT_LIST": null, "ELEVATOR_INTERCOM": null, "WORKING_HRS": null, "EMPLOYEE_QTY": null, "EMPLOYEE_MALE": null, "EMPLOYEE_FEMALE": null, "EMPLOYEE_DIF_ABLE": null, "WORKING_HRS_STR": null, "WORKING_HRS_STP": null, "VISITORS_QTY": null, "VISITING_HRS_STR": null, "VISITING_HRS_STP": null, "VISITORS_QTY_2": null, "VISITING_HRS_STR_2": null, "VISITING_HRS_STP_2": null}}, {"type": "Feature", "id": 481, "geometry": {"type": "Point", "coordinates": [72.90573099984097, 19.074066000255492]}, "properties": {"OBJECTID": 481, "NAME": "Pancholi Hospital", "TYPE": 4, "SUBTYPE": "General", "LOCATION": "90 Feet Road, Ghatkopar East, Mumbai - 400077.", "ELEVATOR_CONTACT_LIST": null, "ELEVATOR_INTERCOM": null, "WORKING_HRS": null, "EMPLOYEE_QTY": null, "EMPLOYEE_MALE": null, "EMPLOYEE_FEMALE": null, "EMPLOYEE_DIF_ABLE": null, "WORKING_HRS_STR": null, "WORKING_HRS_STP": null, "VISITORS_QTY": null, "VISITING_HRS_STR": null, "VISITING_HRS_STP": null, "VISITORS_QTY_2": null, "VISITING_HRS_STR_2": null, "VISITING_HRS_STP_2": null}}, {"type": "Feature", "id": 482, "geometry": {"type": "Point", "coordinates": [72.90808855412344, 19.08974064937182]}, "properties": {"OBJECTID": 482, "NAME": "Shanti Nursing Home", "TYPE": 1, "SUBTYPE": "General", "LOCATION": "103 Prabhu Krupa, LBS Rd, Behind Vodafone Gallery, Near Sarvoday Hospital, Ghatkopar W, Mumbai - 86.", "ELEVATOR_CONTACT_LIST": null, "ELEVATOR_INTERCOM": null, "WORKING_HRS": null, "EMPLOYEE_QTY": null, "EMPLOYEE_MALE": null, "EMPLOYEE_FEMALE": null, "EMPLOYEE_DIF_ABLE": null, "WORKING_HRS_STR": null, "WORKING_HRS_STP": null, "VISITORS_QTY": null, "VISITING_HRS_STR": null, "VISITING_HRS_STP": null, "VISITORS_QTY_2": null, "VISITING_HRS_STR_2": null, "VISITING_HRS_STP_2": null}}, {"type": "Feature", "id": 483, "geometry": {"type": "Point", "coordinates": [72.90696700029773, 19.08900099966067]}, "properties": {"OBJECTID": 483, "NAME": "Zynova Heart Hospital", "TYPE": 4, "SUBTYPE": "General", "LOCATION": "Zynova Arcade, Near Sarvodaya Hospital, L.B.S. Marg, Ghatkoper West, Mumbai - 400086.", "ELEVATOR_CONTACT_LIST": null, "ELEVATOR_INTERCOM": null, "WORKING_HRS": null, "EMPLOYEE_QTY": null, "EMPLOYEE_MALE": null, "EMPLOYEE_FEMALE": null, "EMPLOYEE_DIF_ABLE": null, "WORKING_HRS_STR": null, "WORKING_HRS_STP": null, "VISITORS_QTY": null, "VISITING_HRS_STR": null, "VISITING_HRS_STP": null, "VISITORS_QTY_2": null, "VISITING_HRS_STR_2": null, "VISITING_HRS_STP_2": null}}, {"type": "Feature", "id": 484, "geometry": {"type": "Point", "coordinates": [72.90915700045815, 19.08245799959527]}, "properties": {"OBJECTID": 484, "NAME": "Vastal Nicu And Children's Hospital", "TYPE": 4, "SUBTYPE": "Children", "LOCATION": "Station Road, Hingwala Ln, Saibaba Nagar, Pant Nagar, Ghatkopar East, Mumbai - 400077.", "ELEVATOR_CONTACT_LIST": null, "ELEVATOR_INTERCOM": null, "WORKING_HRS": null, "EMPLOYEE_QTY": null, "EMPLOYEE_MALE": null, "EMPLOYEE_FEMALE": null, "EMPLOYEE_DIF_ABLE": null, "WORKING_HRS_STR": null, "WORKING_HRS_STP": null, "VISITORS_QTY": null, "VISITING_HRS_STR": null, "VISITING_HRS_STP": null, "VISITORS_QTY_2": null, "VISITING_HRS_STR_2": null, "VISITING_HRS_STP_2": null}}, {"type": "Feature", "id": 485, "geometry": {"type": "Point", "coordinates": [72.90748223174757, 19.08442820787664]}, "properties": {"OBJECTID": 485, "NAME": "Parakh Hospital", "TYPE": 4, "SUBTYPE": "General", "LOCATION": "Opp Railway Stn, Nr Police Qtrs, Khokhani Ln, Saibaba Ngr, Pant Ngr, Ghatkopar E, Mumbai - 77.", "ELEVATOR_CONTACT_LIST": null, "ELEVATOR_INTERCOM": null, "WORKING_HRS": null, "EMPLOYEE_QTY": null, "EMPLOYEE_MALE": null, "EMPLOYEE_FEMALE": null, "EMPLOYEE_DIF_ABLE": null, "WORKING_HRS_STR": null, "WORKING_HRS_STP": null, "VISITORS_QTY": null, "VISITING_HRS_STR": null, "VISITING_HRS_STP": null, "VISITORS_QTY_2": null, "VISITING_HRS_STR_2": null, "VISITING_HRS_STP_2": null}}, {"type": "Feature", "id": 486, "geometry": {"type": "Point", "coordinates": [72.91442502902403, 19.10392566418766]}, "properties": {"OBJECTID": 486, "NAME": "Municipal Hospital Parksite", "TYPE": 1, "SUBTYPE": "Health Post", "LOCATION": "Vikhroli Park Site,  Rd Number 1, Vikhroli West\nMumbai - 400086.", "ELEVATOR_CONTACT_LIST": null, "ELEVATOR_INTERCOM": null, "WORKING_HRS": null, "EMPLOYEE_QTY": null, "EMPLOYEE_MALE": null, "EMPLOYEE_FEMALE": null, "EMPLOYEE_DIF_ABLE": null, "WORKING_HRS_STR": null, "WORKING_HRS_STP": null, "VISITORS_QTY": null, "VISITING_HRS_STR": null, "VISITING_HRS_STP": null, "VISITORS_QTY_2": null, "VISITING_HRS_STR_2": null, "VISITING_HRS_STP_2": null}}, {"type": "Feature", "id": 487, "geometry": {"type": "Point", "coordinates": [72.90087778416449, 19.094258515429285]}, "properties": {"OBJECTID": 487, "NAME": "Abhishekh Nursing Home", "TYPE": 4, "SUBTYPE": "Nursing Home", "LOCATION": "Jagruthi Co- operative Housing Society, Ground Floor, Bhatwadi, Ghatkopar West, Mumbai - 400084.", "ELEVATOR_CONTACT_LIST": null, "ELEVATOR_INTERCOM": null, "WORKING_HRS": null, "EMPLOYEE_QTY": null, "EMPLOYEE_MALE": null, "EMPLOYEE_FEMALE": null, "EMPLOYEE_DIF_ABLE": null, "WORKING_HRS_STR": null, "WORKING_HRS_STP": null, "VISITORS_QTY": null, "VISITING_HRS_STR": null, "VISITING_HRS_STP": null, "VISITORS_QTY_2": null, "VISITING_HRS_STR_2": null, "VISITING_HRS_STP_2": null}}, {"type": "Feature", "id": 488, "geometry": {"type": "Point", "coordinates": [72.93923951705348, 19.118098945767436]}, "properties": {"OBJECTID": 488, "NAME": "Krantiveer Mahatma Jyotiba Phule Hospital", "TYPE": 1, "SUBTYPE": "General", "LOCATION": "Krantiveer Mahatma Jotiba Phule Municipal General Hospital", "ELEVATOR_CONTACT_LIST": null, "ELEVATOR_INTERCOM": null, "WORKING_HRS": null, "EMPLOYEE_QTY": null, "EMPLOYEE_MALE": null, "EMPLOYEE_FEMALE": null, "EMPLOYEE_DIF_ABLE": null, "WORKING_HRS_STR": null, "WORKING_HRS_STP": null, "VISITORS_QTY": null, "VISITING_HRS_STR": null, "VISITING_HRS_STP": null, "VISITORS_QTY_2": null, "VISITING_HRS_STR_2": null, "VISITING_HRS_STP_2": null}}, {"type": "Feature", "id": 489, "geometry": {"type": "Point", "coordinates": [72.93449400004845, 19.118637000065508]}, "properties": {"OBJECTID": 489, "NAME": "Dr. Babasaheb Ambedkar Mahanagar Palika Hospital", "TYPE": 1, "SUBTYPE": "Dispensary", "LOCATION": " S Section, P R Kangutkar Street, Ramakant Deshmukh Rd, Tagore Ngr, Vikhroli E, Mumbai - 83.", "ELEVATOR_CONTACT_LIST": null, "ELEVATOR_INTERCOM": null, "WORKING_HRS": null, "EMPLOYEE_QTY": null, "EMPLOYEE_MALE": null, "EMPLOYEE_FEMALE": null, "EMPLOYEE_DIF_ABLE": null, "WORKING_HRS_STR": null, "WORKING_HRS_STP": null, "VISITORS_QTY": null, "VISITING_HRS_STR": null, "VISITING_HRS_STP": null, "VISITORS_QTY_2": null, "VISITING_HRS_STR_2": null, "VISITING_HRS_STP_2": null}}, {"type": "Feature", "id": 490, "geometry": {"type": "Point", "coordinates": [72.93475441237449, 19.146649932348783]}, "properties": {"OBJECTID": 490, "NAME": "Saarthi Hospital", "TYPE": 4, "SUBTYPE": "General", "LOCATION": "Vakratund Palace above SVS Bank, Near Municipal School, Tank Rd, Valmik Nagar, Bhandup West, Mumbai - 400078.", "ELEVATOR_CONTACT_LIST": null, "ELEVATOR_INTERCOM": null, "WORKING_HRS": null, "EMPLOYEE_QTY": 30, "EMPLOYEE_MALE": null, "EMPLOYEE_FEMALE": null, "EMPLOYEE_DIF_ABLE": null, "WORKING_HRS_STR": null, "WORKING_HRS_STP": null, "VISITORS_QTY": null, "VISITING_HRS_STR": null, "VISITING_HRS_STP": null, "VISITORS_QTY_2": null, "VISITING_HRS_STR_2": null, "VISITING_HRS_STP_2": null}}, {"type": "Feature", "id": 491, "geometry": {"type": "Point", "coordinates": [72.92916705749087, 19.15286381737097]}, "properties": {"OBJECTID": 491, "NAME": "Tembhipada Despensary Helth Post", "TYPE": 1, "SUBTYPE": "Dispensary", "LOCATION": "Near Paach Mandir, Tembhipada, Road, Bhandup (w.)", "ELEVATOR_CONTACT_LIST": null, "ELEVATOR_INTERCOM": null, "WORKING_HRS": null, "EMPLOYEE_QTY": null, "EMPLOYEE_MALE": null, "EMPLOYEE_FEMALE": null, "EMPLOYEE_DIF_ABLE": null, "WORKING_HRS_STR": null, "WORKING_HRS_STP": null, "VISITORS_QTY": null, "VISITING_HRS_STR": null, "VISITING_HRS_STP": null, "VISITORS_QTY_2": null, "VISITING_HRS_STR_2": null, "VISITING_HRS_STP_2": null}}, {"type": "Feature", "id": 492, "geometry": {"type": "Point", "coordinates": [72.92574256066104, 19.14590775836947]}, "properties": {"OBJECTID": 492, "NAME": "Shivaji Talao Dispensary & Health Post", "TYPE": 1, "SUBTYPE": "Dispensary", "LOCATION": "Ganga Vidyamandir, Kokan Nagar, Bhandup (w.)", "ELEVATOR_CONTACT_LIST": "No", "ELEVATOR_INTERCOM": "No", "WORKING_HRS": null, "EMPLOYEE_QTY": null, "EMPLOYEE_MALE": null, "EMPLOYEE_FEMALE": null, "EMPLOYEE_DIF_ABLE": null, "WORKING_HRS_STR": null, "WORKING_HRS_STP": null, "VISITORS_QTY": null, "VISITING_HRS_STR": null, "VISITING_HRS_STP": null, "VISITORS_QTY_2": null, "VISITING_HRS_STR_2": null, "VISITING_HRS_STP_2": null}}, {"type": "Feature", "id": 495, "geometry": {"type": "Point", "coordinates": [72.82556437403792, 19.15042709097015]}, "properties": {"OBJECTID": 495, "NAME": "Millat Nagar Despensary", "TYPE": 1, "SUBTYPE": "Dispensary", "LOCATION": "Yamuna Nagar, Opp Millat Nagar Colony, Lokhandwala Back Road, Oshiwara, Andheri (W) ", "ELEVATOR_CONTACT_LIST": null, "ELEVATOR_INTERCOM": null, "WORKING_HRS": null, "EMPLOYEE_QTY": null, "EMPLOYEE_MALE": null, "EMPLOYEE_FEMALE": null, "EMPLOYEE_DIF_ABLE": null, "WORKING_HRS_STR": null, "WORKING_HRS_STP": null, "VISITORS_QTY": null, "VISITING_HRS_STR": null, "VISITING_HRS_STP": null, "VISITORS_QTY_2": null, "VISITING_HRS_STR_2": null, "VISITING_HRS_STP_2": null}}, {"type": "Feature", "id": 496, "geometry": {"type": "Point", "coordinates": [72.91390809900312, 19.06042803287468]}, "properties": {"OBJECTID": 496, "NAME": "Rammanohar Lohiya BMC hospital", "TYPE": 1, "SUBTYPE": "General", "LOCATION": "Rammanohar Lohiya BMC hospital,Gautam nagar ,Govandi E", "ELEVATOR_CONTACT_LIST": null, "ELEVATOR_INTERCOM": null, "WORKING_HRS": null, "EMPLOYEE_QTY": null, "EMPLOYEE_MALE": null, "EMPLOYEE_FEMALE": null, "EMPLOYEE_DIF_ABLE": null, "WORKING_HRS_STR": null, "WORKING_HRS_STP": null, "VISITORS_QTY": null, "VISITING_HRS_STR": null, "VISITING_HRS_STP": null, "VISITORS_QTY_2": null, "VISITING_HRS_STR_2": null, "VISITING_HRS_STP_2": null}}, {"type": "Feature", "id": 497, "geometry": {"type": "Point", "coordinates": [72.80754678455311, 19.141587782509546]}, "properties": {"OBJECTID": 497, "NAME": "Versova Health Post", "TYPE": 1, "SUBTYPE": "Health Post", "LOCATION": "Gr Floo, BMC School, Yari Road, Opp God Gift Building, Versova, Andheri (W), Mumbai 61", "ELEVATOR_CONTACT_LIST": null, "ELEVATOR_INTERCOM": null, "WORKING_HRS": "No", "EMPLOYEE_QTY": 7, "EMPLOYEE_MALE": null, "EMPLOYEE_FEMALE": null, "EMPLOYEE_DIF_ABLE": null, "WORKING_HRS_STR": "09:00hrs", "WORKING_HRS_STP": "16:00hrs", "VISITORS_QTY": null, "VISITING_HRS_STR": null, "VISITING_HRS_STP": null, "VISITORS_QTY_2": null, "VISITING_HRS_STR_2": null, "VISITING_HRS_STP_2": null}}, {"type": "Feature", "id": 498, "geometry": {"type": "Point", "coordinates": [72.86116592065616, 19.25743018807782]}, "properties": {"OBJECTID": 498, "NAME": "Anand Nagar Dispensary", "TYPE": 1, "SUBTYPE": "Dispensary", "LOCATION": "1ST FLOOR, BMC BLDG, OPP MANAN SOCIETY, DAHISAR (E)", "ELEVATOR_CONTACT_LIST": null, "ELEVATOR_INTERCOM": null, "WORKING_HRS": null, "EMPLOYEE_QTY": null, "EMPLOYEE_MALE": null, "EMPLOYEE_FEMALE": null, "EMPLOYEE_DIF_ABLE": null, "WORKING_HRS_STR": null, "WORKING_HRS_STP": null, "VISITORS_QTY": null, "VISITING_HRS_STR": null, "VISITING_HRS_STP": null, "VISITORS_QTY_2": null, "VISITING_HRS_STR_2": null, "VISITING_HRS_STP_2": null}}, {"type": "Feature", "id": 499, "geometry": {"type": "Point", "coordinates": [72.8374581245627, 18.948819676643964]}, "properties": {"OBJECTID": 499, "NAME": "Janabai Madhavrao Rokade Muncipal Arogya Kendra", "TYPE": 1, "SUBTYPE": "Health Post", "LOCATION": "Madhavrao Rokade Road, Behind Janabai Madhavrao Rokade Muncipal School, Masjid Bander, Mumbai, 400003", "ELEVATOR_CONTACT_LIST": null, "ELEVATOR_INTERCOM": null, "WORKING_HRS": null, "EMPLOYEE_QTY": null, "EMPLOYEE_MALE": null, "EMPLOYEE_FEMALE": null, "EMPLOYEE_DIF_ABLE": null, "WORKING_HRS_STR": null, "WORKING_HRS_STP": null, "VISITORS_QTY": null, "VISITING_HRS_STR": null, "VISITING_HRS_STP": null, "VISITORS_QTY_2": null, "VISITING_HRS_STR_2": null, "VISITING_HRS_STP_2": null}}, {"type": "Feature", "id": 500, "geometry": {"type": "Point", "coordinates": [72.84840040309656, 19.09769150258718]}, "properties": {"OBJECTID": 500, "NAME": "Dr V N Shirodkar Maternity Home", "TYPE": 1, "SUBTYPE": "Maternity Home", "LOCATION": "1st floor,Pherozeshah Mehta Road, navpada, Dy Ch Eng S S P Municipal Building, Nehru Road, Vile Parle East Mumbai 57", "ELEVATOR_CONTACT_LIST": null, "ELEVATOR_INTERCOM": null, "WORKING_HRS": null, "EMPLOYEE_QTY": null, "EMPLOYEE_MALE": null, "EMPLOYEE_FEMALE": null, "EMPLOYEE_DIF_ABLE": null, "WORKING_HRS_STR": null, "WORKING_HRS_STP": null, "VISITORS_QTY": null, "VISITING_HRS_STR": null, "VISITING_HRS_STP": null, "VISITORS_QTY_2": null, "VISITING_HRS_STR_2": null, "VISITING_HRS_STP_2": null}}, {"type": "Feature", "id": 501, "geometry": {"type": "Point", "coordinates": [72.8482109476252, 19.097995191174597]}, "properties": {"OBJECTID": 501, "NAME": "Paranjpe Dispensary", "TYPE": 1, "SUBTYPE": "Dispensary", "LOCATION": "1st Floor, Municipal S S P Bldg, Nehru Road, Opp TJSB Bank, Vile Parle East Mumbai 57", "ELEVATOR_CONTACT_LIST": null, "ELEVATOR_INTERCOM": null, "WORKING_HRS": null, "EMPLOYEE_QTY": null, "EMPLOYEE_MALE": null, "EMPLOYEE_FEMALE": null, "EMPLOYEE_DIF_ABLE": null, "WORKING_HRS_STR": null, "WORKING_HRS_STP": null, "VISITORS_QTY": null, "VISITING_HRS_STR": null, "VISITING_HRS_STP": null, "VISITORS_QTY_2": null, "VISITING_HRS_STR_2": null, "VISITING_HRS_STP_2": null}}, {"type": "Feature", "id": 502, "geometry": {"type": "Point", "coordinates": [72.85846289070172, 19.130054656792957]}, "properties": {"OBJECTID": 502, "NAME": "Harinagar Dispensary", "TYPE": 1, "SUBTYPE": "Dispensary", "LOCATION": "Opp Harinagar Municipal School, Shankarwadi, Jogeshwari East", "ELEVATOR_CONTACT_LIST": null, "ELEVATOR_INTERCOM": null, "WORKING_HRS": null, "EMPLOYEE_QTY": null, "EMPLOYEE_MALE": null, "EMPLOYEE_FEMALE": null, "EMPLOYEE_DIF_ABLE": null, "WORKING_HRS_STR": null, "WORKING_HRS_STP": null, "VISITORS_QTY": null, "VISITING_HRS_STR": null, "VISITING_HRS_STP": null, "VISITORS_QTY_2": null, "VISITING_HRS_STR_2": null, "VISITING_HRS_STP_2": null}}, {"type": "Feature", "id": 503, "geometry": {"type": "Point", "coordinates": [72.87810200034494, 19.110860999863714]}, "properties": {"OBJECTID": 503, "NAME": "Marol Maternity Home & Health Post", "TYPE": 1, "SUBTYPE": "Maternity Home", "LOCATION": "Marol Naka, Andheri East", "ELEVATOR_CONTACT_LIST": null, "ELEVATOR_INTERCOM": null, "WORKING_HRS": null, "EMPLOYEE_QTY": 5, "EMPLOYEE_MALE": null, "EMPLOYEE_FEMALE": null, "EMPLOYEE_DIF_ABLE": null, "WORKING_HRS_STR": null, "WORKING_HRS_STP": null, "VISITORS_QTY": null, "VISITING_HRS_STR": null, "VISITING_HRS_STP": null, "VISITORS_QTY_2": null, "VISITING_HRS_STR_2": null, "VISITING_HRS_STP_2": null}}, {"type": "Feature", "id": 504, "geometry": {"type": "Point", "coordinates": [72.84707107270756, 19.182128084362624]}, "properties": {"OBJECTID": 504, "NAME": "Somvar Bazar Health Post & Dispensary", "TYPE": 1, "SUBTYPE": "Health Post", "LOCATION": "Opp. IBP Pump, S. V. Road, Malad (W) - 400 064", "ELEVATOR_CONTACT_LIST": null, "ELEVATOR_INTERCOM": null, "WORKING_HRS": null, "EMPLOYEE_QTY": null, "EMPLOYEE_MALE": null, "EMPLOYEE_FEMALE": null, "EMPLOYEE_DIF_ABLE": null, "WORKING_HRS_STR": null, "WORKING_HRS_STP": null, "VISITORS_QTY": null, "VISITING_HRS_STR": null, "VISITING_HRS_STP": null, "VISITORS_QTY_2": null, "VISITING_HRS_STR_2": null, "VISITING_HRS_STP_2": null}}, {"type": "Feature", "id": 505, "geometry": {"type": "Point", "coordinates": [72.8439518556794, 19.187448588930533]}, "properties": {"OBJECTID": 505, "NAME": "Malaria Survillance Department", "TYPE": 1, "SUBTYPE": null, "LOCATION": "Ground Flr, Shubham Bldg, Road No. 6, Mamletdar wadi, Malad (W) - 400 064", "ELEVATOR_CONTACT_LIST": null, "ELEVATOR_INTERCOM": null, "WORKING_HRS": null, "EMPLOYEE_QTY": null, "EMPLOYEE_MALE": null, "EMPLOYEE_FEMALE": null, "EMPLOYEE_DIF_ABLE": null, "WORKING_HRS_STR": null, "WORKING_HRS_STP": null, "VISITORS_QTY": null, "VISITING_HRS_STR": null, "VISITING_HRS_STP": null, "VISITORS_QTY_2": null, "VISITING_HRS_STR_2": null, "VISITING_HRS_STP_2": null}}, {"type": "Feature", "id": 506, "geometry": {"type": "Point", "coordinates": [72.86367328709576, 19.181679716203874]}, "properties": {"OBJECTID": 506, "NAME": "Pathanwadi Health Post & Dispensary", "TYPE": 1, "SUBTYPE": "Health Post", "LOCATION": "Divya Apartment, Opp. Triveni Nagar, Kurar Village, Malad \u00ac", "ELEVATOR_CONTACT_LIST": null, "ELEVATOR_INTERCOM": null, "WORKING_HRS": null, "EMPLOYEE_QTY": null, "EMPLOYEE_MALE": null, "EMPLOYEE_FEMALE": null, "EMPLOYEE_DIF_ABLE": null, "WORKING_HRS_STR": null, "WORKING_HRS_STP": null, "VISITORS_QTY": null, "VISITING_HRS_STR": null, "VISITING_HRS_STP": null, "VISITORS_QTY_2": null, "VISITING_HRS_STR_2": null, "VISITING_HRS_STP_2": null}}, {"type": "Feature", "id": 507, "geometry": {"type": "Point", "coordinates": [72.81977412545582, 19.189864846504246]}, "properties": {"OBJECTID": 507, "NAME": "Malvani 2, Health Post/Dispensary", "TYPE": 1, "SUBTYPE": "Dispensary", "LOCATION": "Gate No. 6, Abdul Hamid Road, Malvani, Malad (W)", "ELEVATOR_CONTACT_LIST": null, "ELEVATOR_INTERCOM": null, "WORKING_HRS": null, "EMPLOYEE_QTY": null, "EMPLOYEE_MALE": null, "EMPLOYEE_FEMALE": null, "EMPLOYEE_DIF_ABLE": null, "WORKING_HRS_STR": null, "WORKING_HRS_STP": null, "VISITORS_QTY": null, "VISITING_HRS_STR": null, "VISITING_HRS_STP": null, "VISITORS_QTY_2": null, "VISITING_HRS_STR_2": null, "VISITING_HRS_STP_2": null}}, {"type": "Feature", "id": 508, "geometry": {"type": "Point", "coordinates": [72.82431447515516, 18.915908264354]}, "properties": {"OBJECTID": 508, "NAME": "Indu Clinic", "TYPE": 4, "SUBTYPE": "Nursing Home", "LOCATION": "58, Ground Floor, Royal Terrace, Near Corporation Bank, Woodhouse Road, Cuffe Parade, Colaba, Mumbai - 400005.", "ELEVATOR_CONTACT_LIST": "NA", "ELEVATOR_INTERCOM": "NA", "WORKING_HRS": null, "EMPLOYEE_QTY": 7, "EMPLOYEE_MALE": null, "EMPLOYEE_FEMALE": null, "EMPLOYEE_DIF_ABLE": null, "WORKING_HRS_STR": null, "WORKING_HRS_STP": null, "VISITORS_QTY": null, "VISITING_HRS_STR": null, "VISITING_HRS_STP": null, "VISITORS_QTY_2": null, "VISITING_HRS_STR_2": null, "VISITING_HRS_STP_2": null}}, {"type": "Feature", "id": 509, "geometry": {"type": "Point", "coordinates": [72.83128878409136, 18.934859055335895]}, "properties": {"OBJECTID": 509, "NAME": "Municipal ENT Hospital", "TYPE": 1, "SUBTYPE": "Speciality", "LOCATION": "Maharshi Dadhichi Marg, Chaphekar Chowk, Opp. Tata Communication, Fort, Mumbai -400001", "ELEVATOR_CONTACT_LIST": "Yes", "ELEVATOR_INTERCOM": "No", "WORKING_HRS": null, "EMPLOYEE_QTY": 52, "EMPLOYEE_MALE": null, "EMPLOYEE_FEMALE": null, "EMPLOYEE_DIF_ABLE": null, "WORKING_HRS_STR": null, "WORKING_HRS_STP": null, "VISITORS_QTY": null, "VISITING_HRS_STR": null, "VISITING_HRS_STP": null, "VISITORS_QTY_2": null, "VISITING_HRS_STR_2": null, "VISITING_HRS_STP_2": null}}, {"type": "Feature", "id": 510, "geometry": {"type": "Point", "coordinates": [72.83785410940357, 18.940675062509808]}, "properties": {"OBJECTID": 510, "NAME": "St. Georges Hospital", "TYPE": 2, "SUBTYPE": "General", "LOCATION": "Near CSMT Railway Station, St. George Road, Fort, Mumbai - 400001", "ELEVATOR_CONTACT_LIST": "Yes", "ELEVATOR_INTERCOM": "Yes", "WORKING_HRS": null, "EMPLOYEE_QTY": 500, "EMPLOYEE_MALE": null, "EMPLOYEE_FEMALE": null, "EMPLOYEE_DIF_ABLE": null, "WORKING_HRS_STR": null, "WORKING_HRS_STP": null, "VISITORS_QTY": null, "VISITING_HRS_STR": null, "VISITING_HRS_STP": null, "VISITORS_QTY_2": null, "VISITING_HRS_STR_2": null, "VISITING_HRS_STP_2": null}}, {"type": "Feature", "id": 511, "geometry": {"type": "Point", "coordinates": [72.83184585819265, 18.944971108670014]}, "properties": {"OBJECTID": 511, "NAME": "Gokuldas Tejpal Hospital", "TYPE": 2, "SUBTYPE": "General", "LOCATION": "Lokmanya Tilak Road, Near Police Commissioner Office, Fort, Mumbai - 400001", "ELEVATOR_CONTACT_LIST": null, "ELEVATOR_INTERCOM": null, "WORKING_HRS": null, "EMPLOYEE_QTY": null, "EMPLOYEE_MALE": null, "EMPLOYEE_FEMALE": null, "EMPLOYEE_DIF_ABLE": null, "WORKING_HRS_STR": null, "WORKING_HRS_STP": null, "VISITORS_QTY": null, "VISITING_HRS_STR": null, "VISITING_HRS_STP": null, "VISITORS_QTY_2": null, "VISITING_HRS_STR_2": null, "VISITING_HRS_STP_2": null}}, {"type": "Feature", "id": 512, "geometry": {"type": "Point", "coordinates": [72.82821582818134, 18.940705867886397]}, "properties": {"OBJECTID": 512, "NAME": "Bombay Hospital", "TYPE": 4, "SUBTYPE": "General", "LOCATION": "THakarsee Road, Near Liberty Cinema, 12, New Marine Lines, Mumbai- 400020", "ELEVATOR_CONTACT_LIST": null, "ELEVATOR_INTERCOM": null, "WORKING_HRS": null, "EMPLOYEE_QTY": null, "EMPLOYEE_MALE": null, "EMPLOYEE_FEMALE": null, "EMPLOYEE_DIF_ABLE": null, "WORKING_HRS_STR": null, "WORKING_HRS_STP": null, "VISITORS_QTY": null, "VISITING_HRS_STR": null, "VISITING_HRS_STP": null, "VISITORS_QTY_2": null, "VISITING_HRS_STR_2": null, "VISITING_HRS_STP_2": null}}, {"type": "Feature", "id": 513, "geometry": {"type": "Point", "coordinates": [72.83171814043685, 18.92527260090548]}, "properties": {"OBJECTID": 513, "NAME": "Pophale Nursing Home", "TYPE": 4, "SUBTYPE": "Maternity Home", "LOCATION": "3Indian Mercantile Mension, Madam Caves Road, Colaba, Mumbai 400001", "ELEVATOR_CONTACT_LIST": "No", "ELEVATOR_INTERCOM": "No", "WORKING_HRS": null, "EMPLOYEE_QTY": 13, "EMPLOYEE_MALE": null, "EMPLOYEE_FEMALE": null, "EMPLOYEE_DIF_ABLE": null, "WORKING_HRS_STR": null, "WORKING_HRS_STP": null, "VISITORS_QTY": null, "VISITING_HRS_STR": null, "VISITING_HRS_STP": null, "VISITORS_QTY_2": null, "VISITING_HRS_STR_2": null, "VISITING_HRS_STP_2": null}}, {"type": "Feature", "id": 514, "geometry": {"type": "Point", "coordinates": [72.83683323922511, 19.024741738191942]}, "properties": {"OBJECTID": 514, "NAME": "Shreedhar Nursing Home", "TYPE": 4, "SUBTYPE": "Nursing Home", "LOCATION": "Anil Appaerment, 1st Floor Lane No 3, Dadasaheb Rege Marg, Chandrakant Dhuru Wadi, Dadar W , Mumbai - 400028.", "ELEVATOR_CONTACT_LIST": null, "ELEVATOR_INTERCOM": null, "WORKING_HRS": null, "EMPLOYEE_QTY": null, "EMPLOYEE_MALE": null, "EMPLOYEE_FEMALE": null, "EMPLOYEE_DIF_ABLE": null, "WORKING_HRS_STR": null, "WORKING_HRS_STP": null, "VISITORS_QTY": null, "VISITING_HRS_STR": null, "VISITING_HRS_STP": null, "VISITORS_QTY_2": null, "VISITING_HRS_STR_2": null, "VISITING_HRS_STP_2": null}}, {"type": "Feature", "id": 515, "geometry": {"type": "Point", "coordinates": [72.81793424390062, 19.0066308526344]}, "properties": {"OBJECTID": 515, "NAME": "Peoples Mobile Hospital", "TYPE": 4, "SUBTYPE": "Dispensary", "LOCATION": "PMH Building, Dr. Annie Besant Road, Worli, Mumbai.", "ELEVATOR_CONTACT_LIST": "Yes", "ELEVATOR_INTERCOM": "No", "WORKING_HRS": "No", "EMPLOYEE_QTY": 28, "EMPLOYEE_MALE": null, "EMPLOYEE_FEMALE": null, "EMPLOYEE_DIF_ABLE": null, "WORKING_HRS_STR": null, "WORKING_HRS_STP": null, "VISITORS_QTY": null, "VISITING_HRS_STR": null, "VISITING_HRS_STP": null, "VISITORS_QTY_2": null, "VISITING_HRS_STR_2": null, "VISITING_HRS_STP_2": null}}, {"type": "Feature", "id": 517, "geometry": {"type": "Point", "coordinates": [72.84316563364345, 19.1259833336155]}, "properties": {"OBJECTID": 517, "NAME": "Drug Deaddiction Centre", "TYPE": 2, "SUBTYPE": "General", "LOCATION": "Bhardawadi Maternity Home Building, 2nd floor, Next to Sant Ramdas Park, Bhardawadi, Navneeth Colony,  Andheri (W), Mumbai-400053", "ELEVATOR_CONTACT_LIST": "No", "ELEVATOR_INTERCOM": "No", "WORKING_HRS": "Yes", "EMPLOYEE_QTY": 12, "EMPLOYEE_MALE": null, "EMPLOYEE_FEMALE": null, "EMPLOYEE_DIF_ABLE": null, "WORKING_HRS_STR": null, "WORKING_HRS_STP": null, "VISITORS_QTY": null, "VISITING_HRS_STR": null, "VISITING_HRS_STP": null, "VISITORS_QTY_2": null, "VISITING_HRS_STR_2": null, "VISITING_HRS_STP_2": null}}, {"type": "Feature", "id": 519, "geometry": {"type": "Point", "coordinates": [72.83684845403546, 19.102084005063624]}, "properties": {"OBJECTID": 519, "NAME": "Nehru Nagar Health Post", "TYPE": 1, "SUBTYPE": "Health Post", "LOCATION": "Anna Chawl, Nehru Nagar, V M Road, Near Mithibhai College. Airport Area, Juhu, Mumbai- 400049", "ELEVATOR_CONTACT_LIST": null, "ELEVATOR_INTERCOM": null, "WORKING_HRS": null, "EMPLOYEE_QTY": 3, "EMPLOYEE_MALE": null, "EMPLOYEE_FEMALE": null, "EMPLOYEE_DIF_ABLE": null, "WORKING_HRS_STR": null, "WORKING_HRS_STP": null, "VISITORS_QTY": null, "VISITING_HRS_STR": null, "VISITING_HRS_STP": null, "VISITORS_QTY_2": null, "VISITING_HRS_STR_2": null, "VISITING_HRS_STP_2": null}}, {"type": "Feature", "id": 522, "geometry": {"type": "Point", "coordinates": [72.83190117806684, 19.150055293158477]}, "properties": {"OBJECTID": 522, "NAME": "Anand Nagar Health Post", "TYPE": 1, "SUBTYPE": "Health Post", "LOCATION": "43 Parth, Ground floor, Oshiwara Link Road, Jogeshwari (West)", "ELEVATOR_CONTACT_LIST": null, "ELEVATOR_INTERCOM": null, "WORKING_HRS": "No", "EMPLOYEE_QTY": 4, "EMPLOYEE_MALE": null, "EMPLOYEE_FEMALE": null, "EMPLOYEE_DIF_ABLE": null, "WORKING_HRS_STR": null, "WORKING_HRS_STP": null, "VISITORS_QTY": null, "VISITING_HRS_STR": null, "VISITING_HRS_STP": null, "VISITORS_QTY_2": null, "VISITING_HRS_STR_2": null, "VISITING_HRS_STP_2": null}}, {"type": "Feature", "id": 523, "geometry": {"type": "Point", "coordinates": [72.84009943707642, 19.111523347279967]}, "properties": {"OBJECTID": 523, "NAME": "Tata Compound Health Post.", "TYPE": 1, "SUBTYPE": "Health Post", "LOCATION": "Opp Tata Compound Municipal School, S V Road, Near Andheri Fire Brigade, Andheri (W),", "ELEVATOR_CONTACT_LIST": "No", "ELEVATOR_INTERCOM": "No", "WORKING_HRS": "No", "EMPLOYEE_QTY": 8, "EMPLOYEE_MALE": null, "EMPLOYEE_FEMALE": null, "EMPLOYEE_DIF_ABLE": null, "WORKING_HRS_STR": "09:00hrs", "WORKING_HRS_STP": "16:00hrs", "VISITORS_QTY": null, "VISITING_HRS_STR": null, "VISITING_HRS_STP": null, "VISITORS_QTY_2": null, "VISITING_HRS_STR_2": null, "VISITING_HRS_STP_2": null}}, {"type": "Feature", "id": 524, "geometry": {"type": "Point", "coordinates": [72.8451897766898, 19.12995394970522]}, "properties": {"OBJECTID": 524, "NAME": "Bhardawadi Health Post", "TYPE": 1, "SUBTYPE": "Health Post", "LOCATION": "Parwati Tower, Ground Floor, Kewani Pada, Jogeshwari (W), Mumbai 102.", "ELEVATOR_CONTACT_LIST": null, "ELEVATOR_INTERCOM": null, "WORKING_HRS": null, "EMPLOYEE_QTY": null, "EMPLOYEE_MALE": null, "EMPLOYEE_FEMALE": null, "EMPLOYEE_DIF_ABLE": null, "WORKING_HRS_STR": null, "WORKING_HRS_STP": null, "VISITORS_QTY": null, "VISITING_HRS_STR": null, "VISITING_HRS_STP": null, "VISITORS_QTY_2": null, "VISITING_HRS_STR_2": null, "VISITING_HRS_STP_2": null}}, {"type": "Feature", "id": 525, "geometry": {"type": "Point", "coordinates": [72.83181761199066, 19.150099713753264]}, "properties": {"OBJECTID": 525, "NAME": "Millat Nagar Health Post", "TYPE": 1, "SUBTYPE": "Health Post", "LOCATION": "43 Parth, 1st Flr, Oshiwara Link Road, Mumbai 102.", "ELEVATOR_CONTACT_LIST": null, "ELEVATOR_INTERCOM": null, "WORKING_HRS": null, "EMPLOYEE_QTY": null, "EMPLOYEE_MALE": null, "EMPLOYEE_FEMALE": null, "EMPLOYEE_DIF_ABLE": null, "WORKING_HRS_STR": null, "WORKING_HRS_STP": null, "VISITORS_QTY": null, "VISITING_HRS_STR": null, "VISITING_HRS_STP": null, "VISITORS_QTY_2": null, "VISITING_HRS_STR_2": null, "VISITING_HRS_STP_2": null}}, {"type": "Feature", "id": 526, "geometry": {"type": "Point", "coordinates": [72.85185158660465, 19.25184921111583]}, "properties": {"OBJECTID": 526, "NAME": "Navgaon Health Post", "TYPE": 1, "SUBTYPE": "Health Post", "LOCATION": "SHASTRI NAGAR, HOLY X RD, I C COLONY NR. MAHARASHTRA HOTEL, DAHISAR (W)", "ELEVATOR_CONTACT_LIST": null, "ELEVATOR_INTERCOM": null, "WORKING_HRS": null, "EMPLOYEE_QTY": null, "EMPLOYEE_MALE": null, "EMPLOYEE_FEMALE": null, "EMPLOYEE_DIF_ABLE": null, "WORKING_HRS_STR": null, "WORKING_HRS_STP": null, "VISITORS_QTY": null, "VISITING_HRS_STR": null, "VISITING_HRS_STP": null, "VISITORS_QTY_2": null, "VISITING_HRS_STR_2": null, "VISITING_HRS_STP_2": null}}, {"type": "Feature", "id": 527, "geometry": {"type": "Point", "coordinates": [72.80799203283794, 19.14135465083106]}, "properties": {"OBJECTID": 527, "NAME": "Versova Municipal Dispensary", "TYPE": 1, "SUBTYPE": "Dispensary", "LOCATION": "517-602, Yari Road,  Yagna Nagar, Versova, Andheri (W), Mumbai-400061", "ELEVATOR_CONTACT_LIST": null, "ELEVATOR_INTERCOM": null, "WORKING_HRS": null, "EMPLOYEE_QTY": null, "EMPLOYEE_MALE": null, "EMPLOYEE_FEMALE": null, "EMPLOYEE_DIF_ABLE": null, "WORKING_HRS_STR": null, "WORKING_HRS_STP": null, "VISITORS_QTY": null, "VISITING_HRS_STR": null, "VISITING_HRS_STP": null, "VISITORS_QTY_2": null, "VISITING_HRS_STR_2": null, "VISITING_HRS_STP_2": null}}, {"type": "Feature", "id": 529, "geometry": {"type": "Point", "coordinates": [72.82232209701846, 19.124940515787653]}, "properties": {"OBJECTID": 529, "NAME": "Banana Leaf & Juhu Dispensary", "TYPE": 1, "SUBTYPE": "Dispensary", "LOCATION": "Gr Floor, Shubham C H S, Juhu Versova Link Road, Opp Vikram Petrol Pump, Andheri (W), Mumbai 53.", "ELEVATOR_CONTACT_LIST": null, "ELEVATOR_INTERCOM": null, "WORKING_HRS": null, "EMPLOYEE_QTY": 1, "EMPLOYEE_MALE": null, "EMPLOYEE_FEMALE": null, "EMPLOYEE_DIF_ABLE": null, "WORKING_HRS_STR": null, "WORKING_HRS_STP": null, "VISITORS_QTY": null, "VISITING_HRS_STR": null, "VISITING_HRS_STP": null, "VISITORS_QTY_2": null, "VISITING_HRS_STR_2": null, "VISITING_HRS_STP_2": null}}, {"type": "Feature", "id": 531, "geometry": {"type": "Point", "coordinates": [72.91821907391318, 19.064104770873712]}, "properties": {"OBJECTID": 531, "NAME": "Lotus colony aarogya kendra", "TYPE": 1, "SUBTYPE": "Health Post", "LOCATION": "Lotus colony aarogya kendra,near lotus garden,shivaji Nagar,Govandi E", "ELEVATOR_CONTACT_LIST": null, "ELEVATOR_INTERCOM": null, "WORKING_HRS": null, "EMPLOYEE_QTY": 9, "EMPLOYEE_MALE": null, "EMPLOYEE_FEMALE": null, "EMPLOYEE_DIF_ABLE": null, "WORKING_HRS_STR": null, "WORKING_HRS_STP": null, "VISITORS_QTY": null, "VISITING_HRS_STR": null, "VISITING_HRS_STP": null, "VISITORS_QTY_2": null, "VISITING_HRS_STR_2": null, "VISITING_HRS_STP_2": null}}, {"type": "Feature", "id": 532, "geometry": {"type": "Point", "coordinates": [72.94002355706594, 19.149756720006703]}, "properties": {"OBJECTID": 532, "NAME": "Subhash nagar health post & Lal Bahadur Shastri Marg Maternity home", "TYPE": 1, "SUBTYPE": "Health Post", "LOCATION": "near G.S. Shetty International school, Kukreja complex, Off. Bhandup village road, Bhandup (w.), Mum", "ELEVATOR_CONTACT_LIST": "Yes", "ELEVATOR_INTERCOM": "No", "WORKING_HRS": null, "EMPLOYEE_QTY": 9, "EMPLOYEE_MALE": null, "EMPLOYEE_FEMALE": null, "EMPLOYEE_DIF_ABLE": null, "WORKING_HRS_STR": null, "WORKING_HRS_STP": null, "VISITORS_QTY": null, "VISITING_HRS_STR": null, "VISITING_HRS_STP": null, "VISITORS_QTY_2": null, "VISITING_HRS_STR_2": null, "VISITING_HRS_STP_2": null}}, {"type": "Feature", "id": 533, "geometry": {"type": "Point", "coordinates": [72.87816507284246, 19.11086541969435]}, "properties": {"OBJECTID": 533, "NAME": "Marol Dispensary", "TYPE": 4, "SUBTYPE": "Dispensary", "LOCATION": "Church Road, Andheri East", "ELEVATOR_CONTACT_LIST": null, "ELEVATOR_INTERCOM": null, "WORKING_HRS": null, "EMPLOYEE_QTY": 2, "EMPLOYEE_MALE": null, "EMPLOYEE_FEMALE": null, "EMPLOYEE_DIF_ABLE": null, "WORKING_HRS_STR": null, "WORKING_HRS_STP": null, "VISITORS_QTY": null, "VISITING_HRS_STR": null, "VISITING_HRS_STP": null, "VISITORS_QTY_2": null, "VISITING_HRS_STR_2": null, "VISITING_HRS_STP_2": null}}, {"type": "Feature", "id": 534, "geometry": {"type": "Point", "coordinates": [72.85444725632084, 19.14147789663294]}, "properties": {"OBJECTID": 534, "NAME": "Ajgaokar Health Post", "TYPE": 1, "SUBTYPE": "Health Post", "LOCATION": "Western Express Hwy, opp. SRPF Camps, Geetanjali Railway Colony, Bandrekar Wadi, Jogeshwari East, Mumbai, Maharashtra 400060", "ELEVATOR_CONTACT_LIST": null, "ELEVATOR_INTERCOM": null, "WORKING_HRS": null, "EMPLOYEE_QTY": null, "EMPLOYEE_MALE": null, "EMPLOYEE_FEMALE": null, "EMPLOYEE_DIF_ABLE": null, "WORKING_HRS_STR": null, "WORKING_HRS_STP": null, "VISITORS_QTY": null, "VISITING_HRS_STR": null, "VISITING_HRS_STP": null, "VISITORS_QTY_2": null, "VISITING_HRS_STR_2": null, "VISITING_HRS_STP_2": null}}, {"type": "Feature", "id": 535, "geometry": {"type": "Point", "coordinates": [72.8521580964729, 19.12025860581711]}, "properties": {"OBJECTID": 535, "NAME": "District TB Office", "TYPE": 2, "SUBTYPE": "General", "LOCATION": "Azad Road, Near K/E ward Office, Andheri East", "ELEVATOR_CONTACT_LIST": null, "ELEVATOR_INTERCOM": null, "WORKING_HRS": null, "EMPLOYEE_QTY": null, "EMPLOYEE_MALE": null, "EMPLOYEE_FEMALE": null, "EMPLOYEE_DIF_ABLE": null, "WORKING_HRS_STR": null, "WORKING_HRS_STP": null, "VISITORS_QTY": null, "VISITING_HRS_STR": null, "VISITING_HRS_STP": null, "VISITORS_QTY_2": null, "VISITING_HRS_STR_2": null, "VISITING_HRS_STP_2": null}}, {"type": "Feature", "id": 536, "geometry": {"type": "Point", "coordinates": [72.87526100043672, 19.128893000138408]}, "properties": {"OBJECTID": 536, "NAME": "Shanti MIDC Health Post", "TYPE": 1, "SUBTYPE": "Health Post", "LOCATION": "MIDC, Near Ahura Center, Andheri East", "ELEVATOR_CONTACT_LIST": null, "ELEVATOR_INTERCOM": null, "WORKING_HRS": null, "EMPLOYEE_QTY": 6, "EMPLOYEE_MALE": null, "EMPLOYEE_FEMALE": null, "EMPLOYEE_DIF_ABLE": null, "WORKING_HRS_STR": null, "WORKING_HRS_STP": null, "VISITORS_QTY": null, "VISITING_HRS_STR": null, "VISITING_HRS_STP": null, "VISITORS_QTY_2": null, "VISITING_HRS_STR_2": null, "VISITING_HRS_STP_2": null}}, {"type": "Feature", "id": 537, "geometry": {"type": "Point", "coordinates": [72.8462979999736, 19.099768000349982]}, "properties": {"OBJECTID": 537, "NAME": "Maratha Mandir Babasaheb Gawde Hospital", "TYPE": 1, "SUBTYPE": "General", "LOCATION": "Plot No 77, Moghi Bhai Market, Mahatma Gandhi Road, Navpada, Vile Parle (East), Mumbai", "ELEVATOR_CONTACT_LIST": "Yes", "ELEVATOR_INTERCOM": "Yes", "WORKING_HRS": "Yes", "EMPLOYEE_QTY": 61, "EMPLOYEE_MALE": null, "EMPLOYEE_FEMALE": null, "EMPLOYEE_DIF_ABLE": null, "WORKING_HRS_STR": null, "WORKING_HRS_STP": null, "VISITORS_QTY": null, "VISITING_HRS_STR": null, "VISITING_HRS_STP": null, "VISITORS_QTY_2": null, "VISITING_HRS_STR_2": null, "VISITING_HRS_STP_2": null}}, {"type": "Feature", "id": 538, "geometry": {"type": "Point", "coordinates": [72.8239378992061, 18.975223623738884]}, "properties": {"OBJECTID": 538, "NAME": "Wockhardt Hospitals", "TYPE": 4, "SUBTYPE": "Speciality", "LOCATION": "1877, Doctor Anandrao Nair Marg, Near Agripada Police Station, Agripada, Mumbai - 400008.", "ELEVATOR_CONTACT_LIST": "Yes", "ELEVATOR_INTERCOM": "Yes", "WORKING_HRS": null, "EMPLOYEE_QTY": 341, "EMPLOYEE_MALE": null, "EMPLOYEE_FEMALE": null, "EMPLOYEE_DIF_ABLE": null, "WORKING_HRS_STR": null, "WORKING_HRS_STP": null, "VISITORS_QTY": null, "VISITING_HRS_STR": null, "VISITING_HRS_STP": null, "VISITORS_QTY_2": null, "VISITING_HRS_STR_2": null, "VISITING_HRS_STP_2": null}}, {"type": "Feature", "id": 539, "geometry": {"type": "Point", "coordinates": [72.85043161545327, 19.185923000971183]}, "properties": {"OBJECTID": 539, "NAME": "Veena Nursing Home", "TYPE": 1, "SUBTYPE": "Children", "LOCATION": "Poddar Compound, Malad East, Mumbai - 400097. DR Pereira", "ELEVATOR_CONTACT_LIST": "NA", "ELEVATOR_INTERCOM": "NA", "WORKING_HRS": "Yes", "EMPLOYEE_QTY": 16, "EMPLOYEE_MALE": null, "EMPLOYEE_FEMALE": null, "EMPLOYEE_DIF_ABLE": null, "WORKING_HRS_STR": null, "WORKING_HRS_STP": null, "VISITORS_QTY": null, "VISITING_HRS_STR": null, "VISITING_HRS_STP": null, "VISITORS_QTY_2": null, "VISITING_HRS_STR_2": null, "VISITING_HRS_STP_2": null}}, {"type": "Feature", "id": 540, "geometry": {"type": "Point", "coordinates": [72.85584580820519, 19.190723628451906]}, "properties": {"OBJECTID": 540, "NAME": "Shraddha Ortho Hospital", "TYPE": 4, "SUBTYPE": "Speciality", "LOCATION": "Vasant Vijay Mahal, Pushpa Park, Road No 2, Malad East, Mumbai - 400097.", "ELEVATOR_CONTACT_LIST": null, "ELEVATOR_INTERCOM": null, "WORKING_HRS": null, "EMPLOYEE_QTY": null, "EMPLOYEE_MALE": null, "EMPLOYEE_FEMALE": null, "EMPLOYEE_DIF_ABLE": null, "WORKING_HRS_STR": null, "WORKING_HRS_STP": null, "VISITORS_QTY": null, "VISITING_HRS_STR": null, "VISITING_HRS_STP": null, "VISITORS_QTY_2": null, "VISITING_HRS_STR_2": null, "VISITING_HRS_STP_2": null}}, {"type": "Feature", "id": 541, "geometry": {"type": "Point", "coordinates": [72.90199580534232, 19.06827986808553]}, "properties": {"OBJECTID": 541, "NAME": "Dr Kankal Children's Hospital", "TYPE": 4, "SUBTYPE": "Children", "LOCATION": null, "ELEVATOR_CONTACT_LIST": null, "ELEVATOR_INTERCOM": null, "WORKING_HRS": null, "EMPLOYEE_QTY": null, "EMPLOYEE_MALE": null, "EMPLOYEE_FEMALE": null, "EMPLOYEE_DIF_ABLE": null, "WORKING_HRS_STR": null, "WORKING_HRS_STP": null, "VISITORS_QTY": null, "VISITING_HRS_STR": null, "VISITING_HRS_STP": null, "VISITORS_QTY_2": null, "VISITING_HRS_STR_2": null, "VISITING_HRS_STP_2": null}}, {"type": "Feature", "id": 542, "geometry": {"type": "Point", "coordinates": [72.89858720864945, 19.061004295873907]}, "properties": {"OBJECTID": 542, "NAME": "Varsha Parekh Maternity Surgical Hospital", "TYPE": 4, "SUBTYPE": "Maternity Home", "LOCATION": "Plot No. 8/8, 1st Floor, Garodia Market, D K Sandu Marg, Chembur Gavthan, Chembur E, Mumbai - 71.", "ELEVATOR_CONTACT_LIST": "Yes", "ELEVATOR_INTERCOM": "Yes", "WORKING_HRS": "Yes", "EMPLOYEE_QTY": 15, "EMPLOYEE_MALE": null, "EMPLOYEE_FEMALE": null, "EMPLOYEE_DIF_ABLE": null, "WORKING_HRS_STR": null, "WORKING_HRS_STP": null, "VISITORS_QTY": null, "VISITING_HRS_STR": null, "VISITING_HRS_STP": null, "VISITORS_QTY_2": null, "VISITING_HRS_STR_2": null, "VISITING_HRS_STP_2": null}}, {"type": "Feature", "id": 544, "geometry": {"type": "Point", "coordinates": [72.82648538033307, 18.96198125856262]}, "properties": {"OBJECTID": 544, "NAME": "Municipal Eye Hospital", "TYPE": 1, "SUBTYPE": "Speciality", "LOCATION": "Moulana Shoukat Ali Road, Next to Albar Peerbhoy college of commerce, Opp. Durga Devi Udyan, Kamathipura, Mumbai 400008.", "ELEVATOR_CONTACT_LIST": null, "ELEVATOR_INTERCOM": null, "WORKING_HRS": null, "EMPLOYEE_QTY": null, "EMPLOYEE_MALE": null, "EMPLOYEE_FEMALE": null, "EMPLOYEE_DIF_ABLE": null, "WORKING_HRS_STR": null, "WORKING_HRS_STP": null, "VISITORS_QTY": null, "VISITING_HRS_STR": null, "VISITING_HRS_STP": null, "VISITORS_QTY_2": null, "VISITING_HRS_STR_2": null, "VISITING_HRS_STP_2": null}}, {"type": "Feature", "id": 545, "geometry": {"type": "Point", "coordinates": [72.85374810482621, 19.141079637937544]}, "properties": {"OBJECTID": 545, "NAME": "Hindurudhay Samrat Balasaheb Thakre Trauma Care Municipal Hospital", "TYPE": 1, "SUBTYPE": "General", "LOCATION": "Ajgaonkar Plot, opp Western Express Highway,JVLR Junction, Jogeshwari (East), Mumbai - 4000060.", "ELEVATOR_CONTACT_LIST": "Yes", "ELEVATOR_INTERCOM": "Yes", "WORKING_HRS": "Yes", "EMPLOYEE_QTY": null, "EMPLOYEE_MALE": null, "EMPLOYEE_FEMALE": null, "EMPLOYEE_DIF_ABLE": null, "WORKING_HRS_STR": null, "WORKING_HRS_STP": null, "VISITORS_QTY": null, "VISITING_HRS_STR": null, "VISITING_HRS_STP": null, "VISITORS_QTY_2": null, "VISITING_HRS_STR_2": null, "VISITING_HRS_STP_2": null}}, {"type": "Feature", "id": 546, "geometry": {"type": "Point", "coordinates": [72.83307330228322, 19.01807040432907]}, "properties": {"OBJECTID": 546, "NAME": "Gandhi Nursing Home", "TYPE": 4, "SUBTYPE": "Nursing Home", "LOCATION": "Mangal Murti Chs, Agar Bazar, Near Raheja Princess, S K Bole Road, Dadar(W), Mumbai - 400028 drgandh", "ELEVATOR_CONTACT_LIST": null, "ELEVATOR_INTERCOM": null, "WORKING_HRS": null, "EMPLOYEE_QTY": null, "EMPLOYEE_MALE": null, "EMPLOYEE_FEMALE": null, "EMPLOYEE_DIF_ABLE": null, "WORKING_HRS_STR": null, "WORKING_HRS_STP": null, "VISITORS_QTY": null, "VISITING_HRS_STR": null, "VISITING_HRS_STP": null, "VISITORS_QTY_2": null, "VISITING_HRS_STR_2": null, "VISITING_HRS_STP_2": null}}, {"type": "Feature", "id": 547, "geometry": {"type": "Point", "coordinates": [72.84052828506425, 19.020954104548665]}, "properties": {"OBJECTID": 547, "NAME": "Uma Shankar Nursing Home", "TYPE": 4, "SUBTYPE": "Nursing Home", "LOCATION": "Dadar West, Mumbai ", "ELEVATOR_CONTACT_LIST": null, "ELEVATOR_INTERCOM": null, "WORKING_HRS": null, "EMPLOYEE_QTY": null, "EMPLOYEE_MALE": null, "EMPLOYEE_FEMALE": null, "EMPLOYEE_DIF_ABLE": null, "WORKING_HRS_STR": null, "WORKING_HRS_STP": null, "VISITORS_QTY": null, "VISITING_HRS_STR": null, "VISITING_HRS_STP": null, "VISITORS_QTY_2": null, "VISITING_HRS_STR_2": null, "VISITING_HRS_STP_2": null}}, {"type": "Feature", "id": 548, "geometry": {"type": "Point", "coordinates": [72.88773765056911, 19.082980454077926]}, "properties": {"OBJECTID": 548, "NAME": "Amar Nagar Health Post", "TYPE": 4, "SUBTYPE": "Health Post", "LOCATION": "Naupada, Near Kohinoor Mall, Kamani Kurla, Mumbai 400070", "ELEVATOR_CONTACT_LIST": null, "ELEVATOR_INTERCOM": null, "WORKING_HRS": "No", "EMPLOYEE_QTY": null, "EMPLOYEE_MALE": null, "EMPLOYEE_FEMALE": null, "EMPLOYEE_DIF_ABLE": null, "WORKING_HRS_STR": null, "WORKING_HRS_STP": null, "VISITORS_QTY": null, "VISITING_HRS_STR": null, "VISITING_HRS_STP": null, "VISITORS_QTY_2": null, "VISITING_HRS_STR_2": null, "VISITING_HRS_STP_2": null}}, {"type": "Feature", "id": 549, "geometry": {"type": "Point", "coordinates": [72.83691444069915, 19.064539680212544]}, "properties": {"OBJECTID": 549, "NAME": "Shri & Smt Munshi TB Hospital", "TYPE": 4, "SUBTYPE": "Speciality", "LOCATION": "S V Road ,  old khar ,  Khar (w), Mumbai 400052", "ELEVATOR_CONTACT_LIST": null, "ELEVATOR_INTERCOM": null, "WORKING_HRS": null, "EMPLOYEE_QTY": null, "EMPLOYEE_MALE": null, "EMPLOYEE_FEMALE": null, "EMPLOYEE_DIF_ABLE": null, "WORKING_HRS_STR": null, "WORKING_HRS_STP": null, "VISITORS_QTY": null, "VISITING_HRS_STR": null, "VISITING_HRS_STP": null, "VISITORS_QTY_2": null, "VISITING_HRS_STR_2": null, "VISITING_HRS_STP_2": null}}, {"type": "Feature", "id": 550, "geometry": {"type": "Point", "coordinates": [72.8619686578037, 19.261533862645248]}, "properties": {"OBJECTID": 550, "NAME": "Bhagali Pada Health Post", "TYPE": 1, "SUBTYPE": "Health Post", "LOCATION": "CHINTAMANI BLDG, DEVYANI COMPLEX, NR AASHISH COMPLEX, DAHISAR (E)", "ELEVATOR_CONTACT_LIST": null, "ELEVATOR_INTERCOM": null, "WORKING_HRS": null, "EMPLOYEE_QTY": null, "EMPLOYEE_MALE": null, "EMPLOYEE_FEMALE": null, "EMPLOYEE_DIF_ABLE": null, "WORKING_HRS_STR": null, "WORKING_HRS_STP": null, "VISITORS_QTY": null, "VISITING_HRS_STR": null, "VISITING_HRS_STP": null, "VISITORS_QTY_2": null, "VISITING_HRS_STR_2": null, "VISITING_HRS_STP_2": null}}, {"type": "Feature", "id": 551, "geometry": {"type": "Point", "coordinates": [72.83464989730265, 19.08882170698483]}, "properties": {"OBJECTID": 551, "NAME": "Shastri Nagar Health Post", "TYPE": 1, "SUBTYPE": "Health Post", "LOCATION": "Near Bldg No5, BMC Colony, Next to Sneha NGO. Link road, Santacruz -W. Mumbai -54", "ELEVATOR_CONTACT_LIST": null, "ELEVATOR_INTERCOM": null, "WORKING_HRS": null, "EMPLOYEE_QTY": 6, "EMPLOYEE_MALE": null, "EMPLOYEE_FEMALE": null, "EMPLOYEE_DIF_ABLE": null, "WORKING_HRS_STR": null, "WORKING_HRS_STP": null, "VISITORS_QTY": null, "VISITING_HRS_STR": null, "VISITING_HRS_STP": null, "VISITORS_QTY_2": null, "VISITING_HRS_STR_2": null, "VISITING_HRS_STP_2": null}}, {"type": "Feature", "id": 552, "geometry": {"type": "Point", "coordinates": [72.83569527415533, 19.08861376019598]}, "properties": {"OBJECTID": 552, "NAME": "Shastri Nagar Dispansary", "TYPE": 1, "SUBTYPE": "Dispensary", "LOCATION": "Nurses Quaters , Linking road. Bandra -w, Mumbai-54", "ELEVATOR_CONTACT_LIST": null, "ELEVATOR_INTERCOM": null, "WORKING_HRS": null, "EMPLOYEE_QTY": null, "EMPLOYEE_MALE": null, "EMPLOYEE_FEMALE": null, "EMPLOYEE_DIF_ABLE": null, "WORKING_HRS_STR": null, "WORKING_HRS_STP": null, "VISITORS_QTY": null, "VISITING_HRS_STR": null, "VISITING_HRS_STP": null, "VISITORS_QTY_2": null, "VISITING_HRS_STR_2": null, "VISITING_HRS_STP_2": null}}, {"type": "Feature", "id": 553, "geometry": {"type": "Point", "coordinates": [72.84832395485506, 19.098043352827244]}, "properties": {"OBJECTID": 553, "NAME": "Nehru Road Health Post", "TYPE": 1, "SUBTYPE": "Health Post", "LOCATION": "1st Floor, Nehru Road, Municipal S S P Office Bldg, Vile Parle East Mumbai 57", "ELEVATOR_CONTACT_LIST": null, "ELEVATOR_INTERCOM": null, "WORKING_HRS": null, "EMPLOYEE_QTY": null, "EMPLOYEE_MALE": null, "EMPLOYEE_FEMALE": null, "EMPLOYEE_DIF_ABLE": null, "WORKING_HRS_STR": null, "WORKING_HRS_STP": null, "VISITORS_QTY": null, "VISITING_HRS_STR": null, "VISITING_HRS_STP": null, "VISITORS_QTY_2": null, "VISITING_HRS_STR_2": null, "VISITING_HRS_STP_2": null}}, {"type": "Feature", "id": 554, "geometry": {"type": "Point", "coordinates": [72.90062137185006, 19.060484752457466]}, "properties": {"OBJECTID": 554, "NAME": "Matoshri Ramabai Ambedkar Maternity Home", "TYPE": 1, "SUBTYPE": "Maternity Home", "LOCATION": "R.C.Marg, Chembur Naka, Chembur, Mumbai 400071", "ELEVATOR_CONTACT_LIST": null, "ELEVATOR_INTERCOM": null, "WORKING_HRS": null, "EMPLOYEE_QTY": null, "EMPLOYEE_MALE": null, "EMPLOYEE_FEMALE": null, "EMPLOYEE_DIF_ABLE": null, "WORKING_HRS_STR": null, "WORKING_HRS_STP": null, "VISITORS_QTY": null, "VISITING_HRS_STR": null, "VISITING_HRS_STP": null, "VISITORS_QTY_2": null, "VISITING_HRS_STR_2": null, "VISITING_HRS_STP_2": null}}, {"type": "Feature", "id": 555, "geometry": {"type": "Point", "coordinates": [72.8901593374779, 19.05155980631422]}, "properties": {"OBJECTID": 555, "NAME": "Sindhi Society Municipal Dispensary", "TYPE": 1, "SUBTYPE": "Dispensary", "LOCATION": "Sindhi Society, Near by Sindhi Camp Chowki, Chembur 400074", "ELEVATOR_CONTACT_LIST": null, "ELEVATOR_INTERCOM": null, "WORKING_HRS": null, "EMPLOYEE_QTY": null, "EMPLOYEE_MALE": null, "EMPLOYEE_FEMALE": null, "EMPLOYEE_DIF_ABLE": null, "WORKING_HRS_STR": null, "WORKING_HRS_STP": null, "VISITORS_QTY": null, "VISITING_HRS_STR": null, "VISITING_HRS_STP": null, "VISITORS_QTY_2": null, "VISITING_HRS_STR_2": null, "VISITING_HRS_STP_2": null}}, {"type": "Feature", "id": 556, "geometry": {"type": "Point", "coordinates": [72.8859984014648, 19.0521576612127]}, "properties": {"OBJECTID": 556, "NAME": "Lal Dongar Municipal Health Post", "TYPE": 1, "SUBTYPE": "Health Post", "LOCATION": "Lal Dongar MCGM Health Post, CST Road, Chembur, Mumbai 400071", "ELEVATOR_CONTACT_LIST": null, "ELEVATOR_INTERCOM": null, "WORKING_HRS": null, "EMPLOYEE_QTY": null, "EMPLOYEE_MALE": null, "EMPLOYEE_FEMALE": null, "EMPLOYEE_DIF_ABLE": null, "WORKING_HRS_STR": null, "WORKING_HRS_STP": null, "VISITORS_QTY": null, "VISITING_HRS_STR": null, "VISITING_HRS_STP": null, "VISITORS_QTY_2": null, "VISITING_HRS_STR_2": null, "VISITING_HRS_STP_2": null}}, {"type": "Feature", "id": 557, "geometry": {"type": "Point", "coordinates": [72.83359558013565, 18.940966685824897]}, "properties": {"OBJECTID": 557, "NAME": "MCGM H.Q.Municipal Dispensary (Allopathy & Ayurvedic", "TYPE": 1, "SUBTYPE": "Dispensary", "LOCATION": "Annex Bldg. 2nd Floor, Mahanagar Palika Road, Fort Mumbai- 400001", "ELEVATOR_CONTACT_LIST": null, "ELEVATOR_INTERCOM": null, "WORKING_HRS": null, "EMPLOYEE_QTY": null, "EMPLOYEE_MALE": null, "EMPLOYEE_FEMALE": null, "EMPLOYEE_DIF_ABLE": null, "WORKING_HRS_STR": null, "WORKING_HRS_STP": null, "VISITORS_QTY": null, "VISITING_HRS_STR": null, "VISITING_HRS_STP": null, "VISITORS_QTY_2": null, "VISITING_HRS_STR_2": null, "VISITING_HRS_STP_2": null}}, {"type": "Feature", "id": 558, "geometry": {"type": "Point", "coordinates": [72.83453115228161, 18.935432931085213]}, "properties": {"OBJECTID": 558, "NAME": "Maruti Lane Dispensary", "TYPE": 1, "SUBTYPE": "Dispensary", "LOCATION": "Maruti Lane, Near Handloom House, Fort, Mumbai- 400001", "ELEVATOR_CONTACT_LIST": null, "ELEVATOR_INTERCOM": null, "WORKING_HRS": null, "EMPLOYEE_QTY": null, "EMPLOYEE_MALE": null, "EMPLOYEE_FEMALE": null, "EMPLOYEE_DIF_ABLE": null, "WORKING_HRS_STR": null, "WORKING_HRS_STP": null, "VISITORS_QTY": null, "VISITING_HRS_STR": null, "VISITING_HRS_STP": null, "VISITORS_QTY_2": null, "VISITING_HRS_STR_2": null, "VISITING_HRS_STP_2": null}}, {"type": "Feature", "id": 560, "geometry": {"type": "Point", "coordinates": [72.82886039378474, 18.917289934343167]}, "properties": {"OBJECTID": 560, "NAME": "Colaba Health Post & Dispensary", "TYPE": 1, "SUBTYPE": "Dispensary", "LOCATION": "Rajwadkas Street lala Gigam Road, Near Telephone Bhavan", "ELEVATOR_CONTACT_LIST": null, "ELEVATOR_INTERCOM": null, "WORKING_HRS": null, "EMPLOYEE_QTY": null, "EMPLOYEE_MALE": null, "EMPLOYEE_FEMALE": null, "EMPLOYEE_DIF_ABLE": null, "WORKING_HRS_STR": null, "WORKING_HRS_STP": null, "VISITORS_QTY": null, "VISITING_HRS_STR": null, "VISITING_HRS_STP": null, "VISITORS_QTY_2": null, "VISITING_HRS_STR_2": null, "VISITING_HRS_STP_2": null}}, {"type": "Feature", "id": 561, "geometry": {"type": "Point", "coordinates": [72.88606664341529, 19.118396816691938]}, "properties": {"OBJECTID": 561, "NAME": "Lunga Gaon Arogya Kendra", "TYPE": 1, "SUBTYPE": "Dispensary", "LOCATION": "Lunga Gaon Arogya Kendra,  D-5, Ashok Nagar, Miletary Road", "ELEVATOR_CONTACT_LIST": null, "ELEVATOR_INTERCOM": null, "WORKING_HRS": null, "EMPLOYEE_QTY": null, "EMPLOYEE_MALE": null, "EMPLOYEE_FEMALE": null, "EMPLOYEE_DIF_ABLE": null, "WORKING_HRS_STR": null, "WORKING_HRS_STP": null, "VISITORS_QTY": null, "VISITING_HRS_STR": null, "VISITING_HRS_STP": null, "VISITORS_QTY_2": null, "VISITING_HRS_STR_2": null, "VISITING_HRS_STP_2": null}}, {"type": "Feature", "id": 562, "geometry": {"type": "Point", "coordinates": [72.87790348495902, 19.07599939497685]}, "properties": {"OBJECTID": 562, "NAME": "Kajupada dispensary ", "TYPE": 1, "SUBTYPE": "Dispensary", "LOCATION": "Kajupada dispensary, Near Marathi School, Mumbai 400072", "ELEVATOR_CONTACT_LIST": null, "ELEVATOR_INTERCOM": null, "WORKING_HRS": null, "EMPLOYEE_QTY": null, "EMPLOYEE_MALE": null, "EMPLOYEE_FEMALE": null, "EMPLOYEE_DIF_ABLE": null, "WORKING_HRS_STR": null, "WORKING_HRS_STP": null, "VISITORS_QTY": null, "VISITING_HRS_STR": null, "VISITING_HRS_STP": null, "VISITORS_QTY_2": null, "VISITING_HRS_STR_2": null, "VISITING_HRS_STP_2": null}}, {"type": "Feature", "id": 563, "geometry": {"type": "Point", "coordinates": [72.88377801489268, 19.09544166688912]}, "properties": {"OBJECTID": 563, "NAME": "Safed Pool Dispensary", "TYPE": 1, "SUBTYPE": "Dispensary", "LOCATION": "Safed Pool, A.K.Road, Jarimari, Mumbai 74", "ELEVATOR_CONTACT_LIST": null, "ELEVATOR_INTERCOM": null, "WORKING_HRS": null, "EMPLOYEE_QTY": null, "EMPLOYEE_MALE": null, "EMPLOYEE_FEMALE": null, "EMPLOYEE_DIF_ABLE": null, "WORKING_HRS_STR": null, "WORKING_HRS_STP": null, "VISITORS_QTY": null, "VISITING_HRS_STR": null, "VISITING_HRS_STP": null, "VISITORS_QTY_2": null, "VISITING_HRS_STR_2": null, "VISITING_HRS_STP_2": null}}, {"type": "Feature", "id": 564, "geometry": {"type": "Point", "coordinates": [72.87688399384791, 19.060024888030156]}, "properties": {"OBJECTID": 564, "NAME": "Kureshi Nagar Health Post", "TYPE": 1, "SUBTYPE": "Maternity Home", "LOCATION": "Near BMC School, Kureshi nagar, Kurla west ", "ELEVATOR_CONTACT_LIST": null, "ELEVATOR_INTERCOM": null, "WORKING_HRS": null, "EMPLOYEE_QTY": null, "EMPLOYEE_MALE": null, "EMPLOYEE_FEMALE": null, "EMPLOYEE_DIF_ABLE": null, "WORKING_HRS_STR": null, "WORKING_HRS_STP": null, "VISITORS_QTY": null, "VISITING_HRS_STR": null, "VISITING_HRS_STP": null, "VISITORS_QTY_2": null, "VISITING_HRS_STR_2": null, "VISITING_HRS_STP_2": null}}, {"type": "Feature", "id": 565, "geometry": {"type": "Point", "coordinates": [72.87518287632987, 19.05326362372107]}, "properties": {"OBJECTID": 565, "NAME": "Maasaheb Meenatai Thakare Marenity Home", "TYPE": 1, "SUBTYPE": "Maternity Home", "LOCATION": "Chunabhatti Maternity Home", "ELEVATOR_CONTACT_LIST": null, "ELEVATOR_INTERCOM": null, "WORKING_HRS": null, "EMPLOYEE_QTY": null, "EMPLOYEE_MALE": null, "EMPLOYEE_FEMALE": null, "EMPLOYEE_DIF_ABLE": null, "WORKING_HRS_STR": null, "WORKING_HRS_STP": null, "VISITORS_QTY": null, "VISITING_HRS_STR": null, "VISITING_HRS_STP": null, "VISITORS_QTY_2": null, "VISITING_HRS_STR_2": null, "VISITING_HRS_STP_2": null}}, {"type": "Feature", "id": 566, "geometry": {"type": "Point", "coordinates": [72.92424079857959, 19.060066177705234]}, "properties": {"OBJECTID": 566, "NAME": "Baiganwadi health post", "TYPE": 1, "SUBTYPE": "Health Post", "LOCATION": "Baiganwadi health post,near ambedkar maidan,Shivaji nagar school no 2 ,Govandi E", "ELEVATOR_CONTACT_LIST": null, "ELEVATOR_INTERCOM": null, "WORKING_HRS": null, "EMPLOYEE_QTY": null, "EMPLOYEE_MALE": null, "EMPLOYEE_FEMALE": null, "EMPLOYEE_DIF_ABLE": null, "WORKING_HRS_STR": null, "WORKING_HRS_STP": null, "VISITORS_QTY": null, "VISITING_HRS_STR": null, "VISITING_HRS_STP": null, "VISITORS_QTY_2": null, "VISITING_HRS_STR_2": null, "VISITING_HRS_STP_2": null}}, {"type": "Feature", "id": 568, "geometry": {"type": "Point", "coordinates": [72.84576339410314, 19.12004806122995]}, "properties": {"OBJECTID": 568, "NAME": "N J Wadia Dispensary ", "TYPE": 1, "SUBTYPE": "Dispensary", "LOCATION": "Near Macdonald's, Near Andheri Railway Station, Andheri (West), Mumbai 58.", "ELEVATOR_CONTACT_LIST": null, "ELEVATOR_INTERCOM": null, "WORKING_HRS": null, "EMPLOYEE_QTY": null, "EMPLOYEE_MALE": null, "EMPLOYEE_FEMALE": null, "EMPLOYEE_DIF_ABLE": null, "WORKING_HRS_STR": null, "WORKING_HRS_STP": null, "VISITORS_QTY": null, "VISITING_HRS_STR": null, "VISITING_HRS_STP": null, "VISITORS_QTY_2": null, "VISITING_HRS_STR_2": null, "VISITING_HRS_STP_2": null}}, {"type": "Feature", "id": 569, "geometry": {"type": "Point", "coordinates": [72.84059073781302, 19.12356054777298]}, "properties": {"OBJECTID": 569, "NAME": "Lion Kartar Singh Hospital", "TYPE": 4, "SUBTYPE": "General", "LOCATION": "1 st floor, 6-B, Dadabhai Cross Road, Near Navrang Talkies, Gilbert Hill, Off J B Road, Andheri (W), Mumbai-400058.", "ELEVATOR_CONTACT_LIST": null, "ELEVATOR_INTERCOM": null, "WORKING_HRS": null, "EMPLOYEE_QTY": null, "EMPLOYEE_MALE": null, "EMPLOYEE_FEMALE": null, "EMPLOYEE_DIF_ABLE": null, "WORKING_HRS_STR": null, "WORKING_HRS_STP": null, "VISITORS_QTY": null, "VISITING_HRS_STR": null, "VISITING_HRS_STP": null, "VISITORS_QTY_2": null, "VISITING_HRS_STR_2": null, "VISITING_HRS_STP_2": null}}, {"type": "Feature", "id": 571, "geometry": {"type": "Point", "coordinates": [72.84098532601335, 19.095773272312307]}, "properties": {"OBJECTID": 571, "NAME": "Dr Balabhai Nanavati Hospital (Annex 1 Bldg)", "TYPE": 4, "SUBTYPE": "Speciality", "LOCATION": "S V Road, Vile Parle (W), Mumbai 56", "ELEVATOR_CONTACT_LIST": "Yes", "ELEVATOR_INTERCOM": "Yes", "WORKING_HRS": "Yes", "EMPLOYEE_QTY": 795, "EMPLOYEE_MALE": null, "EMPLOYEE_FEMALE": null, "EMPLOYEE_DIF_ABLE": null, "WORKING_HRS_STR": null, "WORKING_HRS_STP": null, "VISITORS_QTY": null, "VISITING_HRS_STR": null, "VISITING_HRS_STP": null, "VISITORS_QTY_2": null, "VISITING_HRS_STR_2": null, "VISITING_HRS_STP_2": null}}, {"type": "Feature", "id": 995, "geometry": {"type": "Point", "coordinates": [72.83925387986329, 19.02496931422093]}, "properties": {"OBJECTID": 995, "NAME": "Dr J M Purandare Hospital", "TYPE": 4, "SUBTYPE": "Maternity Home", "LOCATION": "Anand Apartment, Dr Madhukar Raut Marg, Opp Balmohan Vidyamandir, Shivaji Park Dadar West, Mumbai, 400028", "ELEVATOR_CONTACT_LIST": "No", "ELEVATOR_INTERCOM": "Yes", "WORKING_HRS": null, "EMPLOYEE_QTY": null, "EMPLOYEE_MALE": null, "EMPLOYEE_FEMALE": null, "EMPLOYEE_DIF_ABLE": null, "WORKING_HRS_STR": null, "WORKING_HRS_STP": null, "VISITORS_QTY": null, "VISITING_HRS_STR": null, "VISITING_HRS_STP": null, "VISITORS_QTY_2": null, "VISITING_HRS_STR_2": null, "VISITING_HRS_STP_2": null}}, {"type": "Feature", "id": 996, "geometry": {"type": "Point", "coordinates": [72.84010078752652, 19.03474319003038]}, "properties": {"OBJECTID": 996, "NAME": "Gupte Maternity And Surgical Home", "TYPE": 4, "SUBTYPE": "Maternity Home", "LOCATION": "Rajdeep Building, Lieutenant Dilip Gupte Road, Opp Shitaladevi Industrial Estate, Mahim West, Mumbai, 400016", "ELEVATOR_CONTACT_LIST": null, "ELEVATOR_INTERCOM": null, "WORKING_HRS": null, "EMPLOYEE_QTY": null, "EMPLOYEE_MALE": null, "EMPLOYEE_FEMALE": null, "EMPLOYEE_DIF_ABLE": null, "WORKING_HRS_STR": null, "WORKING_HRS_STP": null, "VISITORS_QTY": null, "VISITING_HRS_STR": null, "VISITING_HRS_STP": null, "VISITORS_QTY_2": null, "VISITING_HRS_STR_2": null, "VISITING_HRS_STP_2": null}}, {"type": "Feature", "id": 997, "geometry": {"type": "Point", "coordinates": [72.83953148862538, 19.029458071581832]}, "properties": {"OBJECTID": 997, "NAME": "Endoscopik Clinik And Hospital", "TYPE": 4, "SUBTYPE": "Speciality", "LOCATION": "Ameya Building, Pandurang Naik Marg, Opp Saraswat Bank, Shivaji Park Mahim West, Mumbai, 400016", "ELEVATOR_CONTACT_LIST": null, "ELEVATOR_INTERCOM": null, "WORKING_HRS": null, "EMPLOYEE_QTY": null, "EMPLOYEE_MALE": null, "EMPLOYEE_FEMALE": null, "EMPLOYEE_DIF_ABLE": null, "WORKING_HRS_STR": null, "WORKING_HRS_STP": null, "VISITORS_QTY": null, "VISITING_HRS_STR": null, "VISITING_HRS_STP": null, "VISITORS_QTY_2": null, "VISITING_HRS_STR_2": null, "VISITING_HRS_STP_2": null}}, {"type": "Feature", "id": 999, "geometry": {"type": "Point", "coordinates": [72.84038945975088, 19.032449454385656]}, "properties": {"OBJECTID": 999, "NAME": "BMC Mahim Sutika Gruh", "TYPE": 1, "SUBTYPE": "Maternity Home", "LOCATION": "Bhatia Building, Lieutenant Dilip Gupte Road, Opp Reserve Bank Colony, Mahim West, Mumbai, 400016", "ELEVATOR_CONTACT_LIST": null, "ELEVATOR_INTERCOM": null, "WORKING_HRS": null, "EMPLOYEE_QTY": null, "EMPLOYEE_MALE": null, "EMPLOYEE_FEMALE": null, "EMPLOYEE_DIF_ABLE": null, "WORKING_HRS_STR": null, "WORKING_HRS_STP": null, "VISITORS_QTY": null, "VISITING_HRS_STR": null, "VISITING_HRS_STP": null, "VISITORS_QTY_2": null, "VISITING_HRS_STR_2": null, "VISITING_HRS_STP_2": null}}, {"type": "Feature", "id": 1000, "geometry": {"type": "Point", "coordinates": [72.84007363031807, 19.03986111593995]}, "properties": {"OBJECTID": 1000, "NAME": "BMC Velkarwadi Dispensary", "TYPE": 1, "SUBTYPE": "Dispensary", "LOCATION": "L J Cross Road, Near New Talvalkar Sweet And Farsan, Opp Parsee School, Mahim West, Mumbai, 400016", "ELEVATOR_CONTACT_LIST": null, "ELEVATOR_INTERCOM": null, "WORKING_HRS": null, "EMPLOYEE_QTY": null, "EMPLOYEE_MALE": null, "EMPLOYEE_FEMALE": null, "EMPLOYEE_DIF_ABLE": null, "WORKING_HRS_STR": null, "WORKING_HRS_STP": null, "VISITORS_QTY": null, "VISITING_HRS_STR": null, "VISITING_HRS_STP": null, "VISITORS_QTY_2": null, "VISITING_HRS_STR_2": null, "VISITING_HRS_STP_2": null}}, {"type": "Feature", "id": 1001, "geometry": {"type": "Point", "coordinates": [72.83563299978768, 19.01741299974883]}, "properties": {"OBJECTID": 1001, "NAME": "Sunaina Eye Care Hospital", "TYPE": 4, "SUBTYPE": "Speciality", "LOCATION": "V S Aghashe Road, Near Portuguese Church, Dadar West, Mumbai, 400028", "ELEVATOR_CONTACT_LIST": null, "ELEVATOR_INTERCOM": null, "WORKING_HRS": null, "EMPLOYEE_QTY": null, "EMPLOYEE_MALE": null, "EMPLOYEE_FEMALE": null, "EMPLOYEE_DIF_ABLE": null, "WORKING_HRS_STR": null, "WORKING_HRS_STP": null, "VISITORS_QTY": null, "VISITING_HRS_STR": null, "VISITING_HRS_STP": null, "VISITORS_QTY_2": null, "VISITING_HRS_STR_2": null, "VISITING_HRS_STP_2": null}}, {"type": "Feature", "id": 1002, "geometry": {"type": "Point", "coordinates": [72.83851593655483, 19.033263373819516]}, "properties": {"OBJECTID": 1002, "NAME": "Hinduja Hospital Old", "TYPE": 4, "SUBTYPE": "Speciality", "LOCATION": "Hinduja Hospital Old, Veer Savarkar Marg, OPP New Hinduja Hospital, Mahim West, Mumbai, 400016", "ELEVATOR_CONTACT_LIST": "Yes", "ELEVATOR_INTERCOM": "Yes", "WORKING_HRS": null, "EMPLOYEE_QTY": 1561, "EMPLOYEE_MALE": null, "EMPLOYEE_FEMALE": null, "EMPLOYEE_DIF_ABLE": null, "WORKING_HRS_STR": null, "WORKING_HRS_STP": null, "VISITORS_QTY": null, "VISITING_HRS_STR": null, "VISITING_HRS_STP": null, "VISITORS_QTY_2": null, "VISITING_HRS_STR_2": null, "VISITING_HRS_STP_2": null}}, {"type": "Feature", "id": 1003, "geometry": {"type": "Point", "coordinates": [72.85760454810861, 19.04781691430353]}, "properties": {"OBJECTID": 1003, "NAME": "Life Care Hospital", "TYPE": 4, "SUBTYPE": "Nursing Home", "LOCATION": "Life Care Hospital, Sion Bandra Link Road, Near Axis bank, Dharavi, Mumbai, 400017", "ELEVATOR_CONTACT_LIST": null, "ELEVATOR_INTERCOM": null, "WORKING_HRS": null, "EMPLOYEE_QTY": null, "EMPLOYEE_MALE": null, "EMPLOYEE_FEMALE": null, "EMPLOYEE_DIF_ABLE": null, "WORKING_HRS_STR": null, "WORKING_HRS_STP": null, "VISITORS_QTY": null, "VISITING_HRS_STR": null, "VISITING_HRS_STP": null, "VISITORS_QTY_2": null, "VISITING_HRS_STR_2": null, "VISITING_HRS_STP_2": null}}, {"type": "Feature", "id": 1004, "geometry": {"type": "Point", "coordinates": [72.83714968699833, 19.016381000552094]}, "properties": {"OBJECTID": 1004, "NAME": "Bai Gulbai Muncipal Dispensary", "TYPE": 1, "SUBTYPE": "Dispensary", "LOCATION": "Sadguru Height, St Anthony Society, Bhavani Shankar Road, Near Shardashram School, Dadar West, Mumbai, 400028", "ELEVATOR_CONTACT_LIST": null, "ELEVATOR_INTERCOM": null, "WORKING_HRS": null, "EMPLOYEE_QTY": null, "EMPLOYEE_MALE": null, "EMPLOYEE_FEMALE": null, "EMPLOYEE_DIF_ABLE": null, "WORKING_HRS_STR": null, "WORKING_HRS_STP": null, "VISITORS_QTY": null, "VISITING_HRS_STR": null, "VISITING_HRS_STP": null, "VISITORS_QTY_2": null, "VISITING_HRS_STR_2": null, "VISITING_HRS_STP_2": null}}, {"type": "Feature", "id": 1005, "geometry": {"type": "Point", "coordinates": [72.84236658354119, 19.028311012789406]}, "properties": {"OBJECTID": 1005, "NAME": "Dr Arun Prabhus Eye Clinic and Nursing home", "TYPE": 4, "SUBTYPE": "Nursing Home", "LOCATION": "Dr Arun Prabhus Eye Clinic and Nursing home, Manoram Nagarkar Marg, Opp Bhagat Lane, Mahim West, Mumbai, 400016", "ELEVATOR_CONTACT_LIST": null, "ELEVATOR_INTERCOM": null, "WORKING_HRS": null, "EMPLOYEE_QTY": null, "EMPLOYEE_MALE": null, "EMPLOYEE_FEMALE": null, "EMPLOYEE_DIF_ABLE": null, "WORKING_HRS_STR": null, "WORKING_HRS_STP": null, "VISITORS_QTY": null, "VISITING_HRS_STR": null, "VISITING_HRS_STP": null, "VISITORS_QTY_2": null, "VISITING_HRS_STR_2": null, "VISITING_HRS_STP_2": null}}, {"type": "Feature", "id": 1006, "geometry": {"type": "Point", "coordinates": [72.8419836984149, 19.030397520272494]}, "properties": {"OBJECTID": 1006, "NAME": "North Bombay Clinic and Hospital", "TYPE": 4, "SUBTYPE": "General", "LOCATION": "Dinanath Bldg, Lady Jamshedji Road, Opp City Light Cinema, Mahim West, Mumbai, 400016", "ELEVATOR_CONTACT_LIST": null, "ELEVATOR_INTERCOM": null, "WORKING_HRS": null, "EMPLOYEE_QTY": null, "EMPLOYEE_MALE": null, "EMPLOYEE_FEMALE": null, "EMPLOYEE_DIF_ABLE": null, "WORKING_HRS_STR": null, "WORKING_HRS_STP": null, "VISITORS_QTY": null, "VISITING_HRS_STR": null, "VISITING_HRS_STP": null, "VISITORS_QTY_2": null, "VISITING_HRS_STR_2": null, "VISITING_HRS_STP_2": null}}, {"type": "Feature", "id": 1007, "geometry": {"type": "Point", "coordinates": [72.81905718065573, 19.018035937778077]}, "properties": {"OBJECTID": 1007, "NAME": "Worli Koliwada Dispensary & Health Post", "TYPE": 1, "SUBTYPE": "Health Post", "LOCATION": "Janata Colony, Koliwada, Worli, Mumbai - 400030", "ELEVATOR_CONTACT_LIST": null, "ELEVATOR_INTERCOM": null, "WORKING_HRS": "No", "EMPLOYEE_QTY": 12, "EMPLOYEE_MALE": null, "EMPLOYEE_FEMALE": null, "EMPLOYEE_DIF_ABLE": null, "WORKING_HRS_STR": null, "WORKING_HRS_STP": null, "VISITORS_QTY": null, "VISITING_HRS_STR": null, "VISITING_HRS_STP": null, "VISITORS_QTY_2": null, "VISITING_HRS_STR_2": null, "VISITING_HRS_STP_2": null}}, {"type": "Feature", "id": 1008, "geometry": {"type": "Point", "coordinates": [72.81286530210987, 18.978447970720442]}, "properties": {"OBJECTID": 1008, "NAME": "SRCC Children Hospital", "TYPE": 4, "SUBTYPE": "Children", "LOCATION": "1-1A, Keshavrao Khadye Marg, Haji Ali, Haji Ali Government Colony, Mahalakshmi, Mumbai - 400034", "ELEVATOR_CONTACT_LIST": null, "ELEVATOR_INTERCOM": null, "WORKING_HRS": null, "EMPLOYEE_QTY": null, "EMPLOYEE_MALE": null, "EMPLOYEE_FEMALE": null, "EMPLOYEE_DIF_ABLE": null, "WORKING_HRS_STR": null, "WORKING_HRS_STP": null, "VISITORS_QTY": null, "VISITING_HRS_STR": null, "VISITING_HRS_STP": null, "VISITORS_QTY_2": null, "VISITING_HRS_STR_2": null, "VISITING_HRS_STP_2": null}}, {"type": "Feature", "id": 1009, "geometry": {"type": "Point", "coordinates": [72.81305305680675, 18.995530110674572]}, "properties": {"OBJECTID": 1009, "NAME": "Government of Maharashtra Worli Dugudashala Workers Quarters Dispensary", "TYPE": 2, "SUBTYPE": "Dispensary", "LOCATION": "Government of Maharashtra Worli Dugudashala Workers Quarters Dispensary, Khan Abdul Gaffar Khan Road, Near Worli Millk Dairy, Worli, Mumbai, 400018", "ELEVATOR_CONTACT_LIST": null, "ELEVATOR_INTERCOM": null, "WORKING_HRS": null, "EMPLOYEE_QTY": null, "EMPLOYEE_MALE": null, "EMPLOYEE_FEMALE": null, "EMPLOYEE_DIF_ABLE": null, "WORKING_HRS_STR": null, "WORKING_HRS_STP": null, "VISITORS_QTY": null, "VISITING_HRS_STR": null, "VISITING_HRS_STP": null, "VISITORS_QTY_2": null, "VISITING_HRS_STR_2": null, "VISITING_HRS_STP_2": null}}, {"type": "Feature", "id": 1010, "geometry": {"type": "Point", "coordinates": [72.81971968739487, 19.01267262760833]}, "properties": {"OBJECTID": 1010, "NAME": "Sasmira Marg Health Post (Arogya Kendra)", "TYPE": 1, "SUBTYPE": "Health Post", "LOCATION": "36, Municipal Colony, Sasmira Marg, Near Worli Bus Depot, Behind Baneshwar Temple, Worli, Mumbai, 400030", "ELEVATOR_CONTACT_LIST": "NA", "ELEVATOR_INTERCOM": "NA", "WORKING_HRS": "No", "EMPLOYEE_QTY": null, "EMPLOYEE_MALE": null, "EMPLOYEE_FEMALE": null, "EMPLOYEE_DIF_ABLE": null, "WORKING_HRS_STR": null, "WORKING_HRS_STP": null, "VISITORS_QTY": null, "VISITING_HRS_STR": null, "VISITING_HRS_STP": null, "VISITORS_QTY_2": null, "VISITING_HRS_STR_2": null, "VISITING_HRS_STP_2": null}}, {"type": "Feature", "id": 1011, "geometry": {"type": "Point", "coordinates": [72.82396327656352, 18.963928312202775]}, "properties": {"OBJECTID": 1011, "NAME": "Fauziya Nursing Home", "TYPE": 4, "SUBTYPE": "Maternity Home", "LOCATION": "Fauziya Nursing Home, Parshuram Puppala Road, Near Suleman Tower, Kamathipura, Mumbai, 400008", "ELEVATOR_CONTACT_LIST": null, "ELEVATOR_INTERCOM": null, "WORKING_HRS": null, "EMPLOYEE_QTY": null, "EMPLOYEE_MALE": null, "EMPLOYEE_FEMALE": null, "EMPLOYEE_DIF_ABLE": null, "WORKING_HRS_STR": null, "WORKING_HRS_STP": null, "VISITORS_QTY": null, "VISITING_HRS_STR": null, "VISITING_HRS_STP": null, "VISITORS_QTY_2": null, "VISITING_HRS_STR_2": null, "VISITING_HRS_STP_2": null}}, {"type": "Feature", "id": 1012, "geometry": {"type": "Point", "coordinates": [72.81035542523979, 18.960208940372596]}, "properties": {"OBJECTID": 1012, "NAME": "Madhav Niwas Dr. Mangeshikar ", "TYPE": 4, "SUBTYPE": "Speciality", "LOCATION": "Madhav Niwas, Laburnum Road, Opp Hamilton Building, Gamdevi, Mumbai, 400007", "ELEVATOR_CONTACT_LIST": null, "ELEVATOR_INTERCOM": null, "WORKING_HRS": null, "EMPLOYEE_QTY": null, "EMPLOYEE_MALE": null, "EMPLOYEE_FEMALE": null, "EMPLOYEE_DIF_ABLE": null, "WORKING_HRS_STR": null, "WORKING_HRS_STP": null, "VISITORS_QTY": null, "VISITING_HRS_STR": null, "VISITING_HRS_STP": null, "VISITORS_QTY_2": null, "VISITING_HRS_STR_2": null, "VISITING_HRS_STP_2": null}}, {"type": "Feature", "id": 1013, "geometry": {"type": "Point", "coordinates": [72.80733626268216, 18.95707800770963]}, "properties": {"OBJECTID": 1013, "NAME": "Hospital For Woman Care", "TYPE": 4, "SUBTYPE": "General", "LOCATION": "Hospital For Woman Care, 2nd Dadisheth Cross Lane, Near Babulnath Temple, Babulnath, Mumbai, 400007", "ELEVATOR_CONTACT_LIST": null, "ELEVATOR_INTERCOM": null, "WORKING_HRS": null, "EMPLOYEE_QTY": null, "EMPLOYEE_MALE": null, "EMPLOYEE_FEMALE": null, "EMPLOYEE_DIF_ABLE": null, "WORKING_HRS_STR": null, "WORKING_HRS_STP": null, "VISITORS_QTY": null, "VISITING_HRS_STR": null, "VISITING_HRS_STP": null, "VISITORS_QTY_2": null, "VISITING_HRS_STR_2": null, "VISITING_HRS_STP_2": null}}, {"type": "Feature", "id": 1014, "geometry": {"type": "Point", "coordinates": [72.79382865890487, 18.94476647717737]}, "properties": {"OBJECTID": 1014, "NAME": "BMC Banganga Muncipal Dispensary", "TYPE": 1, "SUBTYPE": "Dispensary", "LOCATION": "BMC Banganga Muncipal Dispensary, Banganga Road, Near Banganga Lake, Malabar Hill, Mumbai, 400006", "ELEVATOR_CONTACT_LIST": null, "ELEVATOR_INTERCOM": null, "WORKING_HRS": null, "EMPLOYEE_QTY": null, "EMPLOYEE_MALE": null, "EMPLOYEE_FEMALE": null, "EMPLOYEE_DIF_ABLE": null, "WORKING_HRS_STR": null, "WORKING_HRS_STP": null, "VISITORS_QTY": null, "VISITING_HRS_STR": null, "VISITING_HRS_STP": null, "VISITORS_QTY_2": null, "VISITING_HRS_STR_2": null, "VISITING_HRS_STP_2": null}}, {"type": "Feature", "id": 1015, "geometry": {"type": "Point", "coordinates": [72.79436644164385, 18.94666186158225]}, "properties": {"OBJECTID": 1015, "NAME": "Banganga Arogya Kendra", "TYPE": 1, "SUBTYPE": "Health Post", "LOCATION": "BMC School Bldg, Dongarshi Road, Near Banganga Lake, Malabar Hill Walkeshwar, Mumbai, 400006", "ELEVATOR_CONTACT_LIST": null, "ELEVATOR_INTERCOM": null, "WORKING_HRS": null, "EMPLOYEE_QTY": null, "EMPLOYEE_MALE": null, "EMPLOYEE_FEMALE": null, "EMPLOYEE_DIF_ABLE": null, "WORKING_HRS_STR": null, "WORKING_HRS_STP": null, "VISITORS_QTY": null, "VISITING_HRS_STR": null, "VISITING_HRS_STP": null, "VISITORS_QTY_2": null, "VISITING_HRS_STR_2": null, "VISITING_HRS_STP_2": null}}, {"type": "Feature", "id": 1016, "geometry": {"type": "Point", "coordinates": [72.81766913827711, 18.97161538542562]}, "properties": {"OBJECTID": 1016, "NAME": "BMC D Ward Bane Compound Dispensary", "TYPE": 1, "SUBTYPE": "Dispensary", "LOCATION": "BMC D Ward Bane Compound Dispensary, Sane Guruji Marg, Near Mumbai Central Railway Station, Tardeo, Mumbai, 400034", "ELEVATOR_CONTACT_LIST": null, "ELEVATOR_INTERCOM": null, "WORKING_HRS": null, "EMPLOYEE_QTY": null, "EMPLOYEE_MALE": null, "EMPLOYEE_FEMALE": null, "EMPLOYEE_DIF_ABLE": null, "WORKING_HRS_STR": null, "WORKING_HRS_STP": null, "VISITORS_QTY": null, "VISITING_HRS_STR": null, "VISITING_HRS_STP": null, "VISITORS_QTY_2": null, "VISITING_HRS_STR_2": null, "VISITING_HRS_STP_2": null}}, {"type": "Feature", "id": 1017, "geometry": {"type": "Point", "coordinates": [72.81998991962205, 18.96424126801826]}, "properties": {"OBJECTID": 1017, "NAME": "Balaram Path BMC Tuberculosis Hospital", "TYPE": 1, "SUBTYPE": "Speciality", "LOCATION": "Balaram Path BMC Tuberculosis Hospital, Balaram Path, Near Rusi Mehta Chowk, Grant Road, Mumbai, 400007", "ELEVATOR_CONTACT_LIST": null, "ELEVATOR_INTERCOM": null, "WORKING_HRS": null, "EMPLOYEE_QTY": null, "EMPLOYEE_MALE": null, "EMPLOYEE_FEMALE": null, "EMPLOYEE_DIF_ABLE": null, "WORKING_HRS_STR": null, "WORKING_HRS_STP": null, "VISITORS_QTY": null, "VISITING_HRS_STR": null, "VISITING_HRS_STP": null, "VISITORS_QTY_2": null, "VISITING_HRS_STR_2": null, "VISITING_HRS_STP_2": null}}, {"type": "Feature", "id": 1018, "geometry": {"type": "Point", "coordinates": [72.82185740766758, 18.965605330887012]}, "properties": {"OBJECTID": 1018, "NAME": "R S Nimkar Road BMC Dispensary", "TYPE": 1, "SUBTYPE": "Health Post", "LOCATION": "R S Nimkar Road BMC Dispensary, R S Nimkar Road, Opp MCGM Workshop, Mumbai Central, Mumbai, 400008", "ELEVATOR_CONTACT_LIST": null, "ELEVATOR_INTERCOM": null, "WORKING_HRS": null, "EMPLOYEE_QTY": null, "EMPLOYEE_MALE": null, "EMPLOYEE_FEMALE": null, "EMPLOYEE_DIF_ABLE": null, "WORKING_HRS_STR": null, "WORKING_HRS_STP": null, "VISITORS_QTY": null, "VISITING_HRS_STR": null, "VISITING_HRS_STP": null, "VISITORS_QTY_2": null, "VISITING_HRS_STR_2": null, "VISITING_HRS_STP_2": null}}, {"type": "Feature", "id": 1019, "geometry": {"type": "Point", "coordinates": [72.80586974426102, 18.968684869742457]}, "properties": {"OBJECTID": 1019, "NAME": "The B D Petit Parsee General Hospital", "TYPE": 4, "SUBTYPE": "General", "LOCATION": "Cumbala Hill, Bomanji Petit Road, Near America Concsel, Breach Candy, Mumbai, 400026", "ELEVATOR_CONTACT_LIST": "Yes", "ELEVATOR_INTERCOM": "No", "WORKING_HRS": null, "EMPLOYEE_QTY": null, "EMPLOYEE_MALE": null, "EMPLOYEE_FEMALE": null, "EMPLOYEE_DIF_ABLE": null, "WORKING_HRS_STR": null, "WORKING_HRS_STP": null, "VISITORS_QTY": null, "VISITING_HRS_STR": null, "VISITING_HRS_STP": null, "VISITORS_QTY_2": null, "VISITING_HRS_STR_2": null, "VISITING_HRS_STP_2": null}}, {"type": "Feature", "id": 1315, "geometry": {"type": "Point", "coordinates": [72.84023858583315, 19.00483782592945]}, "properties": {"OBJECTID": 1315, "NAME": "Sparash Childrens Hospital", "TYPE": 4, "SUBTYPE": "Children", "LOCATION": "Sparash Childrens Hospital, A D Road, Near Priceless Madical & General Stores, Parel, Mumbai, 400012", "ELEVATOR_CONTACT_LIST": "Yes", "ELEVATOR_INTERCOM": "No", "WORKING_HRS": "Yes", "EMPLOYEE_QTY": 9, "EMPLOYEE_MALE": null, "EMPLOYEE_FEMALE": null, "EMPLOYEE_DIF_ABLE": null, "WORKING_HRS_STR": null, "WORKING_HRS_STP": null, "VISITORS_QTY": null, "VISITING_HRS_STR": null, "VISITING_HRS_STP": null, "VISITORS_QTY_2": null, "VISITING_HRS_STR_2": null, "VISITING_HRS_STP_2": null}}, {"type": "Feature", "id": 1316, "geometry": {"type": "Point", "coordinates": [72.83964179476447, 19.001373924204554]}, "properties": {"OBJECTID": 1316, "NAME": "Dr Nadkarni Hospital", "TYPE": 4, "SUBTYPE": "Maternity Home", "LOCATION": "Dr Nadkarni Hospital, Aai Mai Merwanji Road, Near Kavita Medical, Parel, Mumbai, 400012", "ELEVATOR_CONTACT_LIST": null, "ELEVATOR_INTERCOM": null, "WORKING_HRS": null, "EMPLOYEE_QTY": null, "EMPLOYEE_MALE": null, "EMPLOYEE_FEMALE": null, "EMPLOYEE_DIF_ABLE": null, "WORKING_HRS_STR": null, "WORKING_HRS_STP": null, "VISITORS_QTY": null, "VISITING_HRS_STR": null, "VISITING_HRS_STP": null, "VISITORS_QTY_2": null, "VISITING_HRS_STR_2": null, "VISITING_HRS_STP_2": null}}, {"type": "Feature", "id": 1317, "geometry": {"type": "Point", "coordinates": [72.84484662092144, 19.005666463442015]}, "properties": {"OBJECTID": 1317, "NAME": "Parel Hospital", "TYPE": 4, "SUBTYPE": "General", "LOCATION": "Parel Hospital, Jerbai Wadia Road, Near Tata Memorial Hospital, Dadar East, Mumbai, 400012", "ELEVATOR_CONTACT_LIST": null, "ELEVATOR_INTERCOM": null, "WORKING_HRS": null, "EMPLOYEE_QTY": null, "EMPLOYEE_MALE": null, "EMPLOYEE_FEMALE": null, "EMPLOYEE_DIF_ABLE": null, "WORKING_HRS_STR": null, "WORKING_HRS_STP": null, "VISITORS_QTY": null, "VISITING_HRS_STR": null, "VISITING_HRS_STP": null, "VISITORS_QTY_2": null, "VISITING_HRS_STR_2": null, "VISITING_HRS_STP_2": null}}, {"type": "Feature", "id": 1318, "geometry": {"type": "Point", "coordinates": [72.84302506618116, 19.00916926458522]}, "properties": {"OBJECTID": 1318, "NAME": "Gadre Nursing & Maternity", "TYPE": 4, "SUBTYPE": "Children", "LOCATION": "Gadre Hospital, Sm.Jadhav Road, Near Gold Cinema, Dadar East, Mumbai, 400014", "ELEVATOR_CONTACT_LIST": null, "ELEVATOR_INTERCOM": null, "WORKING_HRS": null, "EMPLOYEE_QTY": null, "EMPLOYEE_MALE": null, "EMPLOYEE_FEMALE": null, "EMPLOYEE_DIF_ABLE": null, "WORKING_HRS_STR": null, "WORKING_HRS_STP": null, "VISITORS_QTY": null, "VISITING_HRS_STR": null, "VISITING_HRS_STP": null, "VISITORS_QTY_2": null, "VISITING_HRS_STR_2": null, "VISITING_HRS_STP_2": null}}, {"type": "Feature", "id": 1319, "geometry": {"type": "Point", "coordinates": [72.84659100029475, 19.01325529981064]}, "properties": {"OBJECTID": 1319, "NAME": "Sanjeevnee Hospital", "TYPE": 4, "SUBTYPE": "General", "LOCATION": "Sanjeevnee Hospital, Mahatma Fule Road, Opp St. Mary'S Orthodox Cathedral, Dadar East, Mumbai, 400014", "ELEVATOR_CONTACT_LIST": null, "ELEVATOR_INTERCOM": null, "WORKING_HRS": null, "EMPLOYEE_QTY": null, "EMPLOYEE_MALE": null, "EMPLOYEE_FEMALE": null, "EMPLOYEE_DIF_ABLE": null, "WORKING_HRS_STR": null, "WORKING_HRS_STP": null, "VISITORS_QTY": null, "VISITING_HRS_STR": null, "VISITING_HRS_STP": null, "VISITORS_QTY_2": null, "VISITING_HRS_STR_2": null, "VISITING_HRS_STP_2": null}}, {"type": "Feature", "id": 1331, "geometry": {"type": "Point", "coordinates": [72.84043170453351, 18.936898353799975]}, "properties": {"OBJECTID": 1331, "NAME": "Reliance Health Venture Limited Hospital", "TYPE": 4, "SUBTYPE": "Speciality", "LOCATION": "Reliance Health Venture Limited Hospital, Walchand Hirachand Road, Near Dipti Petroleum, Fort, Mumbai, 400001", "ELEVATOR_CONTACT_LIST": null, "ELEVATOR_INTERCOM": null, "WORKING_HRS": null, "EMPLOYEE_QTY": null, "EMPLOYEE_MALE": null, "EMPLOYEE_FEMALE": null, "EMPLOYEE_DIF_ABLE": null, "WORKING_HRS_STR": null, "WORKING_HRS_STP": null, "VISITORS_QTY": null, "VISITING_HRS_STR": null, "VISITING_HRS_STP": null, "VISITORS_QTY_2": null, "VISITING_HRS_STR_2": null, "VISITING_HRS_STP_2": null}}, {"type": "Feature", "id": 1332, "geometry": {"type": "Point", "coordinates": [72.8274613999939, 18.930400400054946]}, "properties": {"OBJECTID": 1332, "NAME": "The Pet Vet", "TYPE": 4, "SUBTYPE": "Veterinary", "LOCATION": "Shop No.5, Gr. Floor, Vaswani Mansion, Dinshaw Vaccha Road,, Opp K C College, Churchgate, Mumbai, 400020", "ELEVATOR_CONTACT_LIST": null, "ELEVATOR_INTERCOM": null, "WORKING_HRS": null, "EMPLOYEE_QTY": null, "EMPLOYEE_MALE": null, "EMPLOYEE_FEMALE": null, "EMPLOYEE_DIF_ABLE": null, "WORKING_HRS_STR": null, "WORKING_HRS_STP": null, "VISITORS_QTY": null, "VISITING_HRS_STR": null, "VISITING_HRS_STP": null, "VISITORS_QTY_2": null, "VISITING_HRS_STR_2": null, "VISITING_HRS_STP_2": null}}, {"type": "Feature", "id": 1333, "geometry": {"type": "Point", "coordinates": [72.83752352035657, 18.939971313858038]}, "properties": {"OBJECTID": 1333, "NAME": "Government Dental College And Hospital Mumbai", "TYPE": 2, "SUBTYPE": "Medical College", "LOCATION": "Government Dental College And Hospital Mumbai, St George Road, Near CSMT Station, Fort, Mumbai, 400001", "ELEVATOR_CONTACT_LIST": null, "ELEVATOR_INTERCOM": null, "WORKING_HRS": null, "EMPLOYEE_QTY": null, "EMPLOYEE_MALE": null, "EMPLOYEE_FEMALE": null, "EMPLOYEE_DIF_ABLE": null, "WORKING_HRS_STR": null, "WORKING_HRS_STP": null, "VISITORS_QTY": null, "VISITING_HRS_STR": null, "VISITING_HRS_STP": null, "VISITORS_QTY_2": null, "VISITING_HRS_STR_2": null, "VISITING_HRS_STP_2": null}}, {"type": "Feature", "id": 1334, "geometry": {"type": "Point", "coordinates": [72.8337808329196, 18.93783705556173]}, "properties": {"OBJECTID": 1334, "NAME": "Fort Gratuitous Despensary", "TYPE": 1, "SUBTYPE": "General", "LOCATION": "Fort Gratuitous Despensary, A K Nayak Marg, OPP Mukta Cinema, Fort, Mumbai, 400001", "ELEVATOR_CONTACT_LIST": null, "ELEVATOR_INTERCOM": null, "WORKING_HRS": null, "EMPLOYEE_QTY": null, "EMPLOYEE_MALE": null, "EMPLOYEE_FEMALE": null, "EMPLOYEE_DIF_ABLE": null, "WORKING_HRS_STR": null, "WORKING_HRS_STP": null, "VISITORS_QTY": null, "VISITING_HRS_STR": null, "VISITING_HRS_STP": null, "VISITORS_QTY_2": null, "VISITING_HRS_STR_2": null, "VISITING_HRS_STP_2": null}}, {"type": "Feature", "id": 1635, "geometry": {"type": "Point", "coordinates": [72.83800028253403, 18.96322566426256]}, "properties": {"OBJECTID": 1635, "NAME": "Walpakhadi Muncipal dispensary", "TYPE": 1, "SUBTYPE": "Dispensary", "LOCATION": "Walpakhadi Muncipal dispensary, Mavji Rathod Road, Near Noor Baug, Dongari, Mumbai, 400009", "ELEVATOR_CONTACT_LIST": null, "ELEVATOR_INTERCOM": null, "WORKING_HRS": null, "EMPLOYEE_QTY": 3, "EMPLOYEE_MALE": null, "EMPLOYEE_FEMALE": null, "EMPLOYEE_DIF_ABLE": null, "WORKING_HRS_STR": null, "WORKING_HRS_STP": null, "VISITORS_QTY": null, "VISITING_HRS_STR": null, "VISITING_HRS_STP": null, "VISITORS_QTY_2": null, "VISITING_HRS_STR_2": null, "VISITING_HRS_STP_2": null}}, {"type": "Feature", "id": 1636, "geometry": {"type": "Point", "coordinates": [72.83403597755071, 18.95721816228668]}, "properties": {"OBJECTID": 1636, "NAME": "S V P Road Muncipal dispensary", "TYPE": 1, "SUBTYPE": "Dispensary", "LOCATION": "S V P Road Muncipal dispensary, S V P Road, Opp Khoja Kabrastan & Ghoda Gadi, Dongari, Mumbai, 400009", "ELEVATOR_CONTACT_LIST": null, "ELEVATOR_INTERCOM": null, "WORKING_HRS": null, "EMPLOYEE_QTY": null, "EMPLOYEE_MALE": null, "EMPLOYEE_FEMALE": null, "EMPLOYEE_DIF_ABLE": null, "WORKING_HRS_STR": null, "WORKING_HRS_STP": null, "VISITORS_QTY": null, "VISITING_HRS_STR": null, "VISITING_HRS_STP": null, "VISITORS_QTY_2": null, "VISITING_HRS_STR_2": null, "VISITING_HRS_STP_2": null}}, {"type": "Feature", "id": 1637, "geometry": {"type": "Point", "coordinates": [72.83270090837223, 18.955343507632456]}, "properties": {"OBJECTID": 1637, "NAME": "Al Sadiqul A Ameen Day Care Center", "TYPE": 4, "SUBTYPE": "General", "LOCATION": "Al Sadiqul A Ameen Day Care Center, Mohammed Ali Road, Opp Suleman Usamn Mithaiwala, Masjid Bander, Mumbai, 400003", "ELEVATOR_CONTACT_LIST": null, "ELEVATOR_INTERCOM": null, "WORKING_HRS": null, "EMPLOYEE_QTY": null, "EMPLOYEE_MALE": null, "EMPLOYEE_FEMALE": null, "EMPLOYEE_DIF_ABLE": null, "WORKING_HRS_STR": null, "WORKING_HRS_STP": null, "VISITORS_QTY": null, "VISITING_HRS_STR": null, "VISITING_HRS_STP": null, "VISITORS_QTY_2": null, "VISITING_HRS_STR_2": null, "VISITING_HRS_STP_2": null}}, {"type": "Feature", "id": 1651, "geometry": {"type": "Point", "coordinates": [72.81616173658671, 18.954405856797308]}, "properties": {"OBJECTID": 1651, "NAME": "Kokilaben Hospital", "TYPE": 4, "SUBTYPE": "General", "LOCATION": "Jain Tower, Mathew Road, Near pancharatna Bldg, Opera House, Mumbai, 400004", "ELEVATOR_CONTACT_LIST": null, "ELEVATOR_INTERCOM": null, "WORKING_HRS": null, "EMPLOYEE_QTY": null, "EMPLOYEE_MALE": null, "EMPLOYEE_FEMALE": null, "EMPLOYEE_DIF_ABLE": null, "WORKING_HRS_STR": null, "WORKING_HRS_STP": null, "VISITORS_QTY": null, "VISITING_HRS_STR": null, "VISITING_HRS_STP": null, "VISITORS_QTY_2": null, "VISITING_HRS_STR_2": null, "VISITING_HRS_STP_2": null}}, {"type": "Feature", "id": 1667, "geometry": {"type": "Point", "coordinates": [72.8326589992127, 18.962781751780362]}, "properties": {"OBJECTID": 1667, "NAME": "Regional Research Institute of Unani Medicine", "TYPE": 3, "SUBTYPE": "General", "LOCATION": "Regional Research Institute of Unani Medicine, Sir J J Road, Inside J J Hospital, Sandhurst Road, Mumbai, 400008", "ELEVATOR_CONTACT_LIST": null, "ELEVATOR_INTERCOM": null, "WORKING_HRS": null, "EMPLOYEE_QTY": null, "EMPLOYEE_MALE": null, "EMPLOYEE_FEMALE": null, "EMPLOYEE_DIF_ABLE": null, "WORKING_HRS_STR": null, "WORKING_HRS_STP": null, "VISITORS_QTY": null, "VISITING_HRS_STR": null, "VISITING_HRS_STP": null, "VISITORS_QTY_2": null, "VISITING_HRS_STR_2": null, "VISITING_HRS_STP_2": null}}, {"type": "Feature", "id": 1668, "geometry": {"type": "Point", "coordinates": [72.8325869143285, 18.964297391150534]}, "properties": {"OBJECTID": 1668, "NAME": "Department Of Forensic Medicine And Texicology Bldg", "TYPE": 2, "SUBTYPE": "General", "LOCATION": "Department Of Forensic Medicine And Texicology Building, Sir J J Road, Inside J J Hospital, Sandhurst Road, Mumbai, 400008", "ELEVATOR_CONTACT_LIST": null, "ELEVATOR_INTERCOM": null, "WORKING_HRS": null, "EMPLOYEE_QTY": null, "EMPLOYEE_MALE": null, "EMPLOYEE_FEMALE": null, "EMPLOYEE_DIF_ABLE": null, "WORKING_HRS_STR": null, "WORKING_HRS_STP": null, "VISITORS_QTY": null, "VISITING_HRS_STR": null, "VISITING_HRS_STP": null, "VISITORS_QTY_2": null, "VISITING_HRS_STR_2": null, "VISITING_HRS_STP_2": null}}, {"type": "Feature", "id": 1669, "geometry": {"type": "Point", "coordinates": [72.83512294312145, 18.96464934690512]}, "properties": {"OBJECTID": 1669, "NAME": "J J Hospita Grant College Ladies Hostel", "TYPE": 2, "SUBTYPE": "General", "LOCATION": "J J Hospita Grant College Ladies Hostel, Sir J J Road, Inside J J Hospital, Sandhurst Road, Mumbai, 400008", "ELEVATOR_CONTACT_LIST": null, "ELEVATOR_INTERCOM": null, "WORKING_HRS": null, "EMPLOYEE_QTY": null, "EMPLOYEE_MALE": null, "EMPLOYEE_FEMALE": null, "EMPLOYEE_DIF_ABLE": null, "WORKING_HRS_STR": null, "WORKING_HRS_STP": null, "VISITORS_QTY": null, "VISITING_HRS_STR": null, "VISITING_HRS_STP": null, "VISITORS_QTY_2": null, "VISITING_HRS_STR_2": null, "VISITING_HRS_STP_2": null}}, {"type": "Feature", "id": 1670, "geometry": {"type": "Point", "coordinates": [72.83470384834536, 18.96502476532573]}, "properties": {"OBJECTID": 1670, "NAME": "J J Hospital Administrative Building", "TYPE": 2, "SUBTYPE": "General", "LOCATION": "J J Hospital Administrative Building, Sir J J Road, Inside J J Hospital, Sandhurst Road, Mumbai, 400008", "ELEVATOR_CONTACT_LIST": null, "ELEVATOR_INTERCOM": null, "WORKING_HRS": null, "EMPLOYEE_QTY": null, "EMPLOYEE_MALE": null, "EMPLOYEE_FEMALE": null, "EMPLOYEE_DIF_ABLE": null, "WORKING_HRS_STR": null, "WORKING_HRS_STP": null, "VISITORS_QTY": null, "VISITING_HRS_STR": null, "VISITING_HRS_STP": null, "VISITORS_QTY_2": null, "VISITING_HRS_STR_2": null, "VISITING_HRS_STP_2": null}}, {"type": "Feature", "id": 1671, "geometry": {"type": "Point", "coordinates": [72.83378653159946, 18.965233401616004]}, "properties": {"OBJECTID": 1671, "NAME": "J J Hospital Postmortem Building", "TYPE": 2, "SUBTYPE": "General", "LOCATION": "J J Hospital Postmortem Building, Sir J J Road, Inside J J Hospital, Sandhurst Road, Mumbai, 400008", "ELEVATOR_CONTACT_LIST": null, "ELEVATOR_INTERCOM": null, "WORKING_HRS": null, "EMPLOYEE_QTY": null, "EMPLOYEE_MALE": null, "EMPLOYEE_FEMALE": null, "EMPLOYEE_DIF_ABLE": null, "WORKING_HRS_STR": null, "WORKING_HRS_STP": null, "VISITORS_QTY": null, "VISITING_HRS_STR": null, "VISITING_HRS_STP": null, "VISITORS_QTY_2": null, "VISITING_HRS_STR_2": null, "VISITING_HRS_STP_2": null}}, {"type": "Feature", "id": 1672, "geometry": {"type": "Point", "coordinates": [72.8333825248861, 18.96511544881297]}, "properties": {"OBJECTID": 1672, "NAME": "J J Hospita Pathology Department Building", "TYPE": 2, "SUBTYPE": "General", "LOCATION": "J J Hospita Pathology Department Building, Sir J J Road, Inside J J Hospital, Sandhurst Road, Mumbai, 400008", "ELEVATOR_CONTACT_LIST": "No", "ELEVATOR_INTERCOM": "No", "WORKING_HRS": null, "EMPLOYEE_QTY": null, "EMPLOYEE_MALE": null, "EMPLOYEE_FEMALE": null, "EMPLOYEE_DIF_ABLE": null, "WORKING_HRS_STR": null, "WORKING_HRS_STP": null, "VISITORS_QTY": null, "VISITING_HRS_STR": null, "VISITING_HRS_STP": null, "VISITORS_QTY_2": null, "VISITING_HRS_STR_2": null, "VISITING_HRS_STP_2": null}}, {"type": "Feature", "id": 1673, "geometry": {"type": "Point", "coordinates": [72.83424619562516, 18.964614150819056]}, "properties": {"OBJECTID": 1673, "NAME": "J J Hospital Anatomy Building", "TYPE": 2, "SUBTYPE": "General", "LOCATION": "J J Hospita Anatomy Building, Sir J J Road, Inside J J Hospital, Sandhurst Road, Mumbai, 400008", "ELEVATOR_CONTACT_LIST": "No", "ELEVATOR_INTERCOM": "No", "WORKING_HRS": null, "EMPLOYEE_QTY": null, "EMPLOYEE_MALE": null, "EMPLOYEE_FEMALE": null, "EMPLOYEE_DIF_ABLE": null, "WORKING_HRS_STR": null, "WORKING_HRS_STP": null, "VISITORS_QTY": null, "VISITING_HRS_STR": null, "VISITING_HRS_STP": null, "VISITORS_QTY_2": null, "VISITING_HRS_STR_2": null, "VISITING_HRS_STP_2": null}}, {"type": "Feature", "id": 1674, "geometry": {"type": "Point", "coordinates": [72.8339923923668, 18.964140436662294]}, "properties": {"OBJECTID": 1674, "NAME": "J J Hospita Matrons Office Building", "TYPE": 2, "SUBTYPE": "General", "LOCATION": "J J Hospita Matrons Office Building, Sir J J Road, Inside J J Hospital, Sandhurst Road, Mumbai, 400008", "ELEVATOR_CONTACT_LIST": null, "ELEVATOR_INTERCOM": null, "WORKING_HRS": null, "EMPLOYEE_QTY": null, "EMPLOYEE_MALE": null, "EMPLOYEE_FEMALE": null, "EMPLOYEE_DIF_ABLE": null, "WORKING_HRS_STR": null, "WORKING_HRS_STP": null, "VISITORS_QTY": null, "VISITING_HRS_STR": null, "VISITING_HRS_STP": null, "VISITORS_QTY_2": null, "VISITING_HRS_STR_2": null, "VISITING_HRS_STP_2": null}}, {"type": "Feature", "id": 1675, "geometry": {"type": "Point", "coordinates": [72.83446077337375, 18.96403548364013]}, "properties": {"OBJECTID": 1675, "NAME": "J J Hospita Biochemistry Building", "TYPE": 2, "SUBTYPE": "General", "LOCATION": "J J Hospita Biochemistry Building, Sir J J Road, Inside J J Hospital, Sandhurst Road, Mumbai, 400008", "ELEVATOR_CONTACT_LIST": null, "ELEVATOR_INTERCOM": null, "WORKING_HRS": null, "EMPLOYEE_QTY": null, "EMPLOYEE_MALE": null, "EMPLOYEE_FEMALE": null, "EMPLOYEE_DIF_ABLE": null, "WORKING_HRS_STR": null, "WORKING_HRS_STP": null, "VISITORS_QTY": null, "VISITING_HRS_STR": null, "VISITING_HRS_STP": null, "VISITORS_QTY_2": null, "VISITING_HRS_STR_2": null, "VISITING_HRS_STP_2": null}}, {"type": "Feature", "id": 1676, "geometry": {"type": "Point", "coordinates": [72.83444568529491, 18.962746239280612]}, "properties": {"OBJECTID": 1676, "NAME": "MOPD Bldg", "TYPE": 2, "SUBTYPE": "General", "LOCATION": "MOPD Building, Sir J J Road, Inside J J Hospital, Sandhurst Road, Mumbai, 400008", "ELEVATOR_CONTACT_LIST": null, "ELEVATOR_INTERCOM": null, "WORKING_HRS": null, "EMPLOYEE_QTY": null, "EMPLOYEE_MALE": null, "EMPLOYEE_FEMALE": null, "EMPLOYEE_DIF_ABLE": null, "WORKING_HRS_STR": null, "WORKING_HRS_STP": null, "VISITORS_QTY": null, "VISITING_HRS_STR": null, "VISITING_HRS_STP": null, "VISITORS_QTY_2": null, "VISITING_HRS_STR_2": null, "VISITING_HRS_STP_2": null}}, {"type": "Feature", "id": 1677, "geometry": {"type": "Point", "coordinates": [72.82180912836927, 18.972765370750047]}, "properties": {"OBJECTID": 1677, "NAME": "Topiwala National Medical College", "TYPE": 1, "SUBTYPE": "Medical College", "LOCATION": "Topiwala National Medical College, Dr Anandrao Nair Marg, Inside Nair Hospital, Mumbai Central, Mumbai, 400008", "ELEVATOR_CONTACT_LIST": null, "ELEVATOR_INTERCOM": null, "WORKING_HRS": null, "EMPLOYEE_QTY": null, "EMPLOYEE_MALE": null, "EMPLOYEE_FEMALE": null, "EMPLOYEE_DIF_ABLE": null, "WORKING_HRS_STR": null, "WORKING_HRS_STP": null, "VISITORS_QTY": null, "VISITING_HRS_STR": null, "VISITING_HRS_STP": null, "VISITORS_QTY_2": null, "VISITING_HRS_STR_2": null, "VISITING_HRS_STP_2": null}}, {"type": "Feature", "id": 1678, "geometry": {"type": "Point", "coordinates": [72.8223479171667, 18.972245072329887]}, "properties": {"OBJECTID": 1678, "NAME": "Byculla Nursing Home", "TYPE": 4, "SUBTYPE": "Nursing Home", "LOCATION": "Byculla Nursing Home, Meghraj Sethi Marg, Opp Hindustan Petrol pump, Mumbai Central, Mumbai, 400008", "ELEVATOR_CONTACT_LIST": null, "ELEVATOR_INTERCOM": null, "WORKING_HRS": null, "EMPLOYEE_QTY": null, "EMPLOYEE_MALE": null, "EMPLOYEE_FEMALE": null, "EMPLOYEE_DIF_ABLE": null, "WORKING_HRS_STR": null, "WORKING_HRS_STP": null, "VISITORS_QTY": null, "VISITING_HRS_STR": null, "VISITING_HRS_STP": null, "VISITORS_QTY_2": null, "VISITING_HRS_STR_2": null, "VISITING_HRS_STP_2": null}}, {"type": "Feature", "id": 1679, "geometry": {"type": "Point", "coordinates": [72.83645600100837, 18.974658536270372]}, "properties": {"OBJECTID": 1679, "NAME": "Masina Hospital", "TYPE": 4, "SUBTYPE": "General", "LOCATION": "Sir Shapoorji Boricha Memorial Building, Sant Savata Mali Marg, Near Gloria Chruch, Byculla East, Mumbai, 400027", "ELEVATOR_CONTACT_LIST": null, "ELEVATOR_INTERCOM": null, "WORKING_HRS": null, "EMPLOYEE_QTY": null, "EMPLOYEE_MALE": null, "EMPLOYEE_FEMALE": null, "EMPLOYEE_DIF_ABLE": null, "WORKING_HRS_STR": null, "WORKING_HRS_STP": null, "VISITORS_QTY": null, "VISITING_HRS_STR": null, "VISITING_HRS_STP": null, "VISITORS_QTY_2": null, "VISITING_HRS_STR_2": null, "VISITING_HRS_STP_2": null}}, {"type": "Feature", "id": 1680, "geometry": {"type": "Point", "coordinates": [72.83566072568166, 18.97399810270579]}, "properties": {"OBJECTID": 1680, "NAME": "Masina Hospital (KHARAS MEMORIAL CENTER )", "TYPE": 4, "SUBTYPE": "General", "LOCATION": "Diagnostic Center CT scan Department Building, Sant Savata Mali Marg, Near Gloria Chruch, Byculla, Mumbai, 400027", "ELEVATOR_CONTACT_LIST": "NA", "ELEVATOR_INTERCOM": "NA", "WORKING_HRS": null, "EMPLOYEE_QTY": null, "EMPLOYEE_MALE": null, "EMPLOYEE_FEMALE": null, "EMPLOYEE_DIF_ABLE": null, "WORKING_HRS_STR": null, "WORKING_HRS_STP": null, "VISITORS_QTY": null, "VISITING_HRS_STR": null, "VISITING_HRS_STP": null, "VISITORS_QTY_2": null, "VISITING_HRS_STR_2": null, "VISITING_HRS_STP_2": null}}, {"type": "Feature", "id": 1681, "geometry": {"type": "Point", "coordinates": [72.83616129327994, 18.97416646108871]}, "properties": {"OBJECTID": 1681, "NAME": "Masina Hospital (MOOSE MEMORIAL CENTER)", "TYPE": 4, "SUBTYPE": "General", "LOCATION": "Pediatric Neuroscience Center Building, Sant Savata Mali Marg, Near Gloria Chruch, Byculla East, Mumbai, 400027", "ELEVATOR_CONTACT_LIST": "NA", "ELEVATOR_INTERCOM": "NA", "WORKING_HRS": null, "EMPLOYEE_QTY": null, "EMPLOYEE_MALE": null, "EMPLOYEE_FEMALE": null, "EMPLOYEE_DIF_ABLE": null, "WORKING_HRS_STR": null, "WORKING_HRS_STP": null, "VISITORS_QTY": null, "VISITING_HRS_STR": null, "VISITING_HRS_STP": null, "VISITORS_QTY_2": null, "VISITING_HRS_STR_2": null, "VISITING_HRS_STP_2": null}}, {"type": "Feature", "id": 1682, "geometry": {"type": "Point", "coordinates": [72.84174162919467, 18.968170450719228]}, "properties": {"OBJECTID": 1682, "NAME": "Tadwadi Muncipal dispensary", "TYPE": 1, "SUBTYPE": "Dispensary", "LOCATION": "Tadwadi Muncipal dispensary, Nesbit Road, Opp Jasmine Apartment, Mazgaon, Mumbai, 400010", "ELEVATOR_CONTACT_LIST": null, "ELEVATOR_INTERCOM": null, "WORKING_HRS": null, "EMPLOYEE_QTY": null, "EMPLOYEE_MALE": null, "EMPLOYEE_FEMALE": null, "EMPLOYEE_DIF_ABLE": null, "WORKING_HRS_STR": null, "WORKING_HRS_STP": null, "VISITORS_QTY": null, "VISITING_HRS_STR": null, "VISITING_HRS_STP": null, "VISITORS_QTY_2": null, "VISITING_HRS_STR_2": null, "VISITING_HRS_STP_2": null}}, {"type": "Feature", "id": 1683, "geometry": {"type": "Point", "coordinates": [72.8421043977165, 18.968122572626108]}, "properties": {"OBJECTID": 1683, "NAME": "Central Diagnostic Clinic Nad Physiotherapy Center", "TYPE": 4, "SUBTYPE": "General", "LOCATION": "Central Diagnostic Clinic Nad Physiotherapy Center, Dockyard Road, Opp Axis Bank, Mazgaon, Mumbai, 400010", "ELEVATOR_CONTACT_LIST": null, "ELEVATOR_INTERCOM": null, "WORKING_HRS": null, "EMPLOYEE_QTY": null, "EMPLOYEE_MALE": null, "EMPLOYEE_FEMALE": null, "EMPLOYEE_DIF_ABLE": null, "WORKING_HRS_STR": null, "WORKING_HRS_STP": null, "VISITORS_QTY": null, "VISITING_HRS_STR": null, "VISITING_HRS_STP": null, "VISITORS_QTY_2": null, "VISITING_HRS_STR_2": null, "VISITING_HRS_STP_2": null}}, {"type": "Feature", "id": 1684, "geometry": {"type": "Point", "coordinates": [72.84563787252661, 18.970093471173453]}, "properties": {"OBJECTID": 1684, "NAME": "(Permanently Closed) Devi Ahilyabai Holkar Maternity Home", "TYPE": 1, "SUBTYPE": "General", "LOCATION": "Devi Ahilyabai Holkar Maternity Home, Barrister Nath Pai Road, Opp Mankeshwar Temple, Mazgaon, Mumbai, 400010", "ELEVATOR_CONTACT_LIST": null, "ELEVATOR_INTERCOM": null, "WORKING_HRS": null, "EMPLOYEE_QTY": null, "EMPLOYEE_MALE": null, "EMPLOYEE_FEMALE": null, "EMPLOYEE_DIF_ABLE": null, "WORKING_HRS_STR": null, "WORKING_HRS_STP": null, "VISITORS_QTY": null, "VISITING_HRS_STR": null, "VISITING_HRS_STP": null, "VISITORS_QTY_2": null, "VISITING_HRS_STR_2": null, "VISITING_HRS_STP_2": null}}, {"type": "Feature", "id": 1685, "geometry": {"type": "Point", "coordinates": [72.84840892957169, 18.975196900267978]}, "properties": {"OBJECTID": 1685, "NAME": "Sai Raj Hospital", "TYPE": 4, "SUBTYPE": "General", "LOCATION": "Sai Raj Hospital, Quay Road, Near Britannia Pumping Station, Reay Road, Mumbai, 400010", "ELEVATOR_CONTACT_LIST": null, "ELEVATOR_INTERCOM": null, "WORKING_HRS": null, "EMPLOYEE_QTY": null, "EMPLOYEE_MALE": null, "EMPLOYEE_FEMALE": null, "EMPLOYEE_DIF_ABLE": null, "WORKING_HRS_STR": null, "WORKING_HRS_STP": null, "VISITORS_QTY": null, "VISITING_HRS_STR": null, "VISITING_HRS_STP": null, "VISITORS_QTY_2": null, "VISITING_HRS_STR_2": null, "VISITING_HRS_STP_2": null}}, {"type": "Feature", "id": 1686, "geometry": {"type": "Point", "coordinates": [72.82895252124314, 18.96664279769616]}, "properties": {"OBJECTID": 1686, "NAME": "Dawood Nursing Home", "TYPE": 4, "SUBTYPE": "Nursing Home", "LOCATION": "Dawood Nursing Home, Dimtimkar Road, Near Nagpada Junction, Nagpada, Mumbai, 400008", "ELEVATOR_CONTACT_LIST": null, "ELEVATOR_INTERCOM": null, "WORKING_HRS": null, "EMPLOYEE_QTY": null, "EMPLOYEE_MALE": null, "EMPLOYEE_FEMALE": null, "EMPLOYEE_DIF_ABLE": null, "WORKING_HRS_STR": null, "WORKING_HRS_STP": null, "VISITORS_QTY": null, "VISITING_HRS_STR": null, "VISITING_HRS_STP": null, "VISITORS_QTY_2": null, "VISITING_HRS_STR_2": null, "VISITING_HRS_STP_2": null}}, {"type": "Feature", "id": 1687, "geometry": {"type": "Point", "coordinates": [72.83664643753917, 18.972524404187908]}, "properties": {"OBJECTID": 1687, "NAME": "Seth Moti Shah Lane Muncipal dispensary", "TYPE": 1, "SUBTYPE": "Dispensary", "LOCATION": "Seth Moti Shah Lane Muncipal dispensary, Seth Moti Shah Lane, Behind Moti Shah Lane BIT Chawl, Mazgaon, Mumbai, 400010", "ELEVATOR_CONTACT_LIST": null, "ELEVATOR_INTERCOM": null, "WORKING_HRS": null, "EMPLOYEE_QTY": null, "EMPLOYEE_MALE": null, "EMPLOYEE_FEMALE": null, "EMPLOYEE_DIF_ABLE": null, "WORKING_HRS_STR": null, "WORKING_HRS_STP": null, "VISITORS_QTY": null, "VISITING_HRS_STR": null, "VISITING_HRS_STP": null, "VISITORS_QTY_2": null, "VISITING_HRS_STR_2": null, "VISITING_HRS_STP_2": null}}, {"type": "Feature", "id": 1688, "geometry": {"type": "Point", "coordinates": [72.8322409092736, 18.98069235823296]}, "properties": {"OBJECTID": 1688, "NAME": "Cancer Aid And Research Foundation", "TYPE": 4, "SUBTYPE": "Speciality", "LOCATION": "Byculla Muncipal School Bldg Ground Floor, N M Joshi Marg, Near Byculla S Bridge, Byculla, Mumbai, 400011", "ELEVATOR_CONTACT_LIST": null, "ELEVATOR_INTERCOM": null, "WORKING_HRS": null, "EMPLOYEE_QTY": null, "EMPLOYEE_MALE": null, "EMPLOYEE_FEMALE": null, "EMPLOYEE_DIF_ABLE": null, "WORKING_HRS_STR": null, "WORKING_HRS_STP": null, "VISITORS_QTY": null, "VISITING_HRS_STR": null, "VISITING_HRS_STP": null, "VISITORS_QTY_2": null, "VISITING_HRS_STR_2": null, "VISITING_HRS_STP_2": null}}, {"type": "Feature", "id": 1689, "geometry": {"type": "Point", "coordinates": [72.83189993398236, 18.977382359373884]}, "properties": {"OBJECTID": 1689, "NAME": "N M Joshi Marg BMC Dispensary", "TYPE": 1, "SUBTYPE": "Dispensary", "LOCATION": "N M Joshi Marg BMC Dispensary, N M Joshi Marg, Opp Byculla Railway Station, Byculla West, Mumbai, 400011", "ELEVATOR_CONTACT_LIST": null, "ELEVATOR_INTERCOM": null, "WORKING_HRS": null, "EMPLOYEE_QTY": null, "EMPLOYEE_MALE": null, "EMPLOYEE_FEMALE": null, "EMPLOYEE_DIF_ABLE": null, "WORKING_HRS_STR": null, "WORKING_HRS_STP": null, "VISITORS_QTY": null, "VISITING_HRS_STR": null, "VISITING_HRS_STP": null, "VISITORS_QTY_2": null, "VISITING_HRS_STR_2": null, "VISITING_HRS_STP_2": null}}, {"type": "Feature", "id": 1690, "geometry": {"type": "Point", "coordinates": [72.83811628803738, 18.980529396276193]}, "properties": {"OBJECTID": 1690, "NAME": "E S Patanwala Road BMC Dispensary", "TYPE": 1, "SUBTYPE": "Dispensary", "LOCATION": "E S Patanwala Road BMC Dispensary, E S Patanwala Road, Near BMC Urdu School, Byculla, Mumbai, 400027", "ELEVATOR_CONTACT_LIST": null, "ELEVATOR_INTERCOM": null, "WORKING_HRS": null, "EMPLOYEE_QTY": null, "EMPLOYEE_MALE": null, "EMPLOYEE_FEMALE": null, "EMPLOYEE_DIF_ABLE": null, "WORKING_HRS_STR": null, "WORKING_HRS_STP": null, "VISITORS_QTY": null, "VISITING_HRS_STR": null, "VISITING_HRS_STP": null, "VISITORS_QTY_2": null, "VISITING_HRS_STR_2": null, "VISITING_HRS_STP_2": null}}, {"type": "Feature", "id": 1692, "geometry": {"type": "Point", "coordinates": [72.83533550782178, 18.9865030871897]}, "properties": {"OBJECTID": 1692, "NAME": "BMC Mumbai District TP TB Control Sanshta", "TYPE": 1, "SUBTYPE": "Speciality", "LOCATION": "BMC Mumbai District TP TB Control Sanshta, Dr Babasaheb Ambedkar Road, Near Jai Hind Talkies, Chinchpokali, Mumbai, 400012", "ELEVATOR_CONTACT_LIST": null, "ELEVATOR_INTERCOM": null, "WORKING_HRS": null, "EMPLOYEE_QTY": null, "EMPLOYEE_MALE": null, "EMPLOYEE_FEMALE": null, "EMPLOYEE_DIF_ABLE": null, "WORKING_HRS_STR": null, "WORKING_HRS_STP": null, "VISITORS_QTY": null, "VISITING_HRS_STR": null, "VISITING_HRS_STP": null, "VISITORS_QTY_2": null, "VISITING_HRS_STR_2": null, "VISITING_HRS_STP_2": null}}, {"type": "Feature", "id": 1694, "geometry": {"type": "Point", "coordinates": [72.93516598560973, 19.050840290020638]}, "properties": {"OBJECTID": 1694, "NAME": "Vishwkarma Hospital", "TYPE": 4, "SUBTYPE": "Maternity Home", "LOCATION": "Vishwkarma Hospital, Sion Panvel Highway, Near Bikaner Sweet, Mankhurd, Mumbai, 400043", "ELEVATOR_CONTACT_LIST": null, "ELEVATOR_INTERCOM": null, "WORKING_HRS": null, "EMPLOYEE_QTY": null, "EMPLOYEE_MALE": null, "EMPLOYEE_FEMALE": null, "EMPLOYEE_DIF_ABLE": null, "WORKING_HRS_STR": null, "WORKING_HRS_STP": null, "VISITORS_QTY": null, "VISITING_HRS_STR": null, "VISITING_HRS_STP": null, "VISITORS_QTY_2": null, "VISITING_HRS_STR_2": null, "VISITING_HRS_STP_2": null}}, {"type": "Feature", "id": 1696, "geometry": {"type": "Point", "coordinates": [72.85822816210165, 19.254469785273592]}, "properties": {"OBJECTID": 1696, "NAME": "Sukh Sagar Hospital", "TYPE": 4, "SUBTYPE": "General", "LOCATION": "Sukh Sagar Hospital, Lokmanya Tilak Road, Near HDFC Bank, Dahisar, Mumbai, 400068", "ELEVATOR_CONTACT_LIST": null, "ELEVATOR_INTERCOM": null, "WORKING_HRS": null, "EMPLOYEE_QTY": null, "EMPLOYEE_MALE": null, "EMPLOYEE_FEMALE": null, "EMPLOYEE_DIF_ABLE": null, "WORKING_HRS_STR": null, "WORKING_HRS_STP": null, "VISITORS_QTY": null, "VISITING_HRS_STR": null, "VISITING_HRS_STP": null, "VISITORS_QTY_2": null, "VISITING_HRS_STR_2": null, "VISITING_HRS_STP_2": null}}, {"type": "Feature", "id": 1697, "geometry": {"type": "Point", "coordinates": [72.8605811302414, 19.246299518170403]}, "properties": {"OBJECTID": 1697, "NAME": "Navneet Hospital", "TYPE": 4, "SUBTYPE": "General", "LOCATION": "Navnit Hightek Hospital, Lokmanya Tilak Road, Near God Vally School, Dahisar, Mumbai, 400068", "ELEVATOR_CONTACT_LIST": null, "ELEVATOR_INTERCOM": null, "WORKING_HRS": null, "EMPLOYEE_QTY": null, "EMPLOYEE_MALE": null, "EMPLOYEE_FEMALE": null, "EMPLOYEE_DIF_ABLE": null, "WORKING_HRS_STR": null, "WORKING_HRS_STP": null, "VISITORS_QTY": null, "VISITING_HRS_STR": null, "VISITING_HRS_STP": null, "VISITORS_QTY_2": null, "VISITING_HRS_STR_2": null, "VISITING_HRS_STP_2": null}}, {"type": "Feature", "id": 1698, "geometry": {"type": "Point", "coordinates": [72.86450488372762, 19.239500649817742]}, "properties": {"OBJECTID": 1698, "NAME": "Elite Hospital", "TYPE": 4, "SUBTYPE": "Maternity Home", "LOCATION": "Elite Hospital, Adinath Tower, D wing, nancy colony, borivali east, mumbai 400066", "ELEVATOR_CONTACT_LIST": "No", "ELEVATOR_INTERCOM": "No", "WORKING_HRS": null, "EMPLOYEE_QTY": null, "EMPLOYEE_MALE": null, "EMPLOYEE_FEMALE": null, "EMPLOYEE_DIF_ABLE": null, "WORKING_HRS_STR": null, "WORKING_HRS_STP": null, "VISITORS_QTY": null, "VISITING_HRS_STR": null, "VISITING_HRS_STP": null, "VISITORS_QTY_2": null, "VISITING_HRS_STR_2": null, "VISITING_HRS_STP_2": null}}, {"type": "Feature", "id": 1699, "geometry": {"type": "Point", "coordinates": [72.85446170821788, 19.237969828172304]}, "properties": {"OBJECTID": 1699, "NAME": "Gandhi Nursing Home", "TYPE": 4, "SUBTYPE": "Nursing Home", "LOCATION": "Chandra Apartments,Mandpeshwar Road, Near Victor Class Studio, Borivali, Mumbai, 400092", "ELEVATOR_CONTACT_LIST": null, "ELEVATOR_INTERCOM": null, "WORKING_HRS": "Yes", "EMPLOYEE_QTY": 37, "EMPLOYEE_MALE": null, "EMPLOYEE_FEMALE": null, "EMPLOYEE_DIF_ABLE": null, "WORKING_HRS_STR": null, "WORKING_HRS_STP": null, "VISITORS_QTY": null, "VISITING_HRS_STR": null, "VISITING_HRS_STP": null, "VISITORS_QTY_2": null, "VISITING_HRS_STR_2": null, "VISITING_HRS_STP_2": null}}, {"type": "Feature", "id": 1700, "geometry": {"type": "Point", "coordinates": [72.85604520011694, 19.23733909968542]}, "properties": {"OBJECTID": 1700, "NAME": "Mandpeshwar Nursing Home", "TYPE": 4, "SUBTYPE": "Health Post", "LOCATION": "Gomti Apartments, Rokadia X Lane Road, Near RN Word Office, Borivali, Mumbai, 400092", "ELEVATOR_CONTACT_LIST": null, "ELEVATOR_INTERCOM": null, "WORKING_HRS": "Yes", "EMPLOYEE_QTY": 41, "EMPLOYEE_MALE": null, "EMPLOYEE_FEMALE": null, "EMPLOYEE_DIF_ABLE": null, "WORKING_HRS_STR": null, "WORKING_HRS_STP": null, "VISITORS_QTY": null, "VISITING_HRS_STR": null, "VISITING_HRS_STP": null, "VISITORS_QTY_2": null, "VISITING_HRS_STR_2": null, "VISITING_HRS_STP_2": null}}, {"type": "Feature", "id": 1701, "geometry": {"type": "Point", "coordinates": [72.86073709371387, 19.237504250290502]}, "properties": {"OBJECTID": 1701, "NAME": "Aakanksha Maternity & Nursing Home", "TYPE": 4, "SUBTYPE": "Nursing Home", "LOCATION": "Navkar Bhavan, Swami Vivekananda Road, Near Navnit Hospital, Borivali, Mumbai, 400066", "ELEVATOR_CONTACT_LIST": null, "ELEVATOR_INTERCOM": null, "WORKING_HRS": null, "EMPLOYEE_QTY": null, "EMPLOYEE_MALE": null, "EMPLOYEE_FEMALE": null, "EMPLOYEE_DIF_ABLE": null, "WORKING_HRS_STR": null, "WORKING_HRS_STP": null, "VISITORS_QTY": null, "VISITING_HRS_STR": null, "VISITING_HRS_STP": null, "VISITORS_QTY_2": null, "VISITING_HRS_STR_2": null, "VISITING_HRS_STP_2": null}}, {"type": "Feature", "id": 1702, "geometry": {"type": "Point", "coordinates": [72.86055150035146, 19.2373530995864]}, "properties": {"OBJECTID": 1702, "NAME": "Navnit Hospital", "TYPE": 4, "SUBTYPE": "General", "LOCATION": "Road No 5, Near Sahyog Building, Borivali, Mumbai, 400066", "ELEVATOR_CONTACT_LIST": null, "ELEVATOR_INTERCOM": null, "WORKING_HRS": null, "EMPLOYEE_QTY": null, "EMPLOYEE_MALE": null, "EMPLOYEE_FEMALE": null, "EMPLOYEE_DIF_ABLE": null, "WORKING_HRS_STR": null, "WORKING_HRS_STP": null, "VISITORS_QTY": null, "VISITING_HRS_STR": null, "VISITING_HRS_STP": null, "VISITORS_QTY_2": null, "VISITING_HRS_STR_2": null, "VISITING_HRS_STP_2": null}}, {"type": "Feature", "id": 1703, "geometry": {"type": "Point", "coordinates": [72.84988940010732, 19.245939199921207]}, "properties": {"OBJECTID": 1703, "NAME": "Navneet Hospital", "TYPE": 4, "SUBTYPE": "General", "LOCATION": "Navnit Hospital, I C Colony Road, Near Croporation Bank, Borivali, Mumbai, 400103", "ELEVATOR_CONTACT_LIST": null, "ELEVATOR_INTERCOM": null, "WORKING_HRS": null, "EMPLOYEE_QTY": null, "EMPLOYEE_MALE": null, "EMPLOYEE_FEMALE": null, "EMPLOYEE_DIF_ABLE": null, "WORKING_HRS_STR": null, "WORKING_HRS_STP": null, "VISITORS_QTY": null, "VISITING_HRS_STR": null, "VISITING_HRS_STP": null, "VISITORS_QTY_2": null, "VISITING_HRS_STR_2": null, "VISITING_HRS_STP_2": null}}, {"type": "Feature", "id": 1704, "geometry": {"type": "Point", "coordinates": [72.85531299968544, 19.25430699968576]}, "properties": {"OBJECTID": 1704, "NAME": "Chamunda Health Care Pvt. Ltd", "TYPE": 4, "SUBTYPE": "General", "LOCATION": "Nand Dham, B P Road, Near Dahisar Madhuban Bilding, Dahisar, Mumbai, 400068", "ELEVATOR_CONTACT_LIST": null, "ELEVATOR_INTERCOM": null, "WORKING_HRS": null, "EMPLOYEE_QTY": null, "EMPLOYEE_MALE": null, "EMPLOYEE_FEMALE": null, "EMPLOYEE_DIF_ABLE": null, "WORKING_HRS_STR": null, "WORKING_HRS_STP": null, "VISITORS_QTY": null, "VISITING_HRS_STR": null, "VISITING_HRS_STP": null, "VISITORS_QTY_2": null, "VISITING_HRS_STR_2": null, "VISITING_HRS_STP_2": null}}, {"type": "Feature", "id": 1705, "geometry": {"type": "Point", "coordinates": [72.84522950595968, 19.2406365620475]}, "properties": {"OBJECTID": 1705, "NAME": "Lotus Hospital", "TYPE": 4, "SUBTYPE": "General", "LOCATION": "Lotus Multispeciality Hospital, LIC Colony Road, Near SVC Bank, Borivali, Mumbai, 400103", "ELEVATOR_CONTACT_LIST": null, "ELEVATOR_INTERCOM": null, "WORKING_HRS": null, "EMPLOYEE_QTY": null, "EMPLOYEE_MALE": null, "EMPLOYEE_FEMALE": null, "EMPLOYEE_DIF_ABLE": null, "WORKING_HRS_STR": null, "WORKING_HRS_STP": null, "VISITORS_QTY": null, "VISITING_HRS_STR": null, "VISITING_HRS_STP": null, "VISITORS_QTY_2": null, "VISITING_HRS_STR_2": null, "VISITING_HRS_STP_2": null}}, {"type": "Feature", "id": 1706, "geometry": {"type": "Point", "coordinates": [72.85496123107102, 19.241882493243196]}, "properties": {"OBJECTID": 1706, "NAME": "Netar Mandir Eye Care Center", "TYPE": 4, "SUBTYPE": "General", "LOCATION": "Netra Mandir, Sardar Vallbhbhai Patel Road, Inside Netar Mandir Eye Care Center, Borivali, Mumbai, 400103", "ELEVATOR_CONTACT_LIST": null, "ELEVATOR_INTERCOM": null, "WORKING_HRS": null, "EMPLOYEE_QTY": null, "EMPLOYEE_MALE": null, "EMPLOYEE_FEMALE": null, "EMPLOYEE_DIF_ABLE": null, "WORKING_HRS_STR": null, "WORKING_HRS_STP": null, "VISITORS_QTY": null, "VISITING_HRS_STR": null, "VISITING_HRS_STP": null, "VISITORS_QTY_2": null, "VISITING_HRS_STR_2": null, "VISITING_HRS_STP_2": null}}, {"type": "Feature", "id": 1708, "geometry": {"type": "Point", "coordinates": [72.84446205928953, 19.0736729216886]}, "properties": {"OBJECTID": 1708, "NAME": "Prerna Nursing Home", "TYPE": 4, "SUBTYPE": "Nursing Home", "LOCATION": "Sukhsagar Apartment, 7th Road, Mahatma Society, Golibar, Santacruz East, Mumbai, Maharashtra 400051", "ELEVATOR_CONTACT_LIST": null, "ELEVATOR_INTERCOM": null, "WORKING_HRS": null, "EMPLOYEE_QTY": null, "EMPLOYEE_MALE": null, "EMPLOYEE_FEMALE": null, "EMPLOYEE_DIF_ABLE": null, "WORKING_HRS_STR": null, "WORKING_HRS_STP": null, "VISITORS_QTY": null, "VISITING_HRS_STR": null, "VISITING_HRS_STP": null, "VISITORS_QTY_2": null, "VISITING_HRS_STR_2": null, "VISITING_HRS_STP_2": null}}, {"type": "Feature", "id": 1709, "geometry": {"type": "Point", "coordinates": [72.85115919990925, 19.06444511711864]}, "properties": {"OBJECTID": 1709, "NAME": "Shivam Nursing Home", "TYPE": 4, "SUBTYPE": "General", "LOCATION": "Police Station, Government Colony Bandra, Near Kherwadi, Shri Hari Mandir Marg, Kala Nagar, Bandra East, Mumbai, Maharashtra 400051", "ELEVATOR_CONTACT_LIST": null, "ELEVATOR_INTERCOM": null, "WORKING_HRS": null, "EMPLOYEE_QTY": null, "EMPLOYEE_MALE": null, "EMPLOYEE_FEMALE": null, "EMPLOYEE_DIF_ABLE": null, "WORKING_HRS_STR": null, "WORKING_HRS_STP": null, "VISITORS_QTY": null, "VISITING_HRS_STR": null, "VISITING_HRS_STP": null, "VISITORS_QTY_2": null, "VISITING_HRS_STR_2": null, "VISITING_HRS_STP_2": null}}, {"type": "Feature", "id": 1710, "geometry": {"type": "Point", "coordinates": [72.84215737136452, 19.08020853666958]}, "properties": {"OBJECTID": 1710, "NAME": "R.K. Hospital", "TYPE": 4, "SUBTYPE": "General", "LOCATION": "Chalam's Palace, 6th Road, TPS III, Golibar, Santacruz East, Mumbai, Maharashtra 400055", "ELEVATOR_CONTACT_LIST": null, "ELEVATOR_INTERCOM": null, "WORKING_HRS": null, "EMPLOYEE_QTY": null, "EMPLOYEE_MALE": null, "EMPLOYEE_FEMALE": null, "EMPLOYEE_DIF_ABLE": null, "WORKING_HRS_STR": null, "WORKING_HRS_STP": null, "VISITORS_QTY": null, "VISITING_HRS_STR": null, "VISITING_HRS_STP": null, "VISITORS_QTY_2": null, "VISITING_HRS_STR_2": null, "VISITING_HRS_STP_2": null}}, {"type": "Feature", "id": 1711, "geometry": {"type": "Point", "coordinates": [72.84223649633529, 19.08105454175535]}, "properties": {"OBJECTID": 1711, "NAME": "Navyajyot Eye Hospital", "TYPE": 4, "SUBTYPE": "Speciality", "LOCATION": "Kasturbaug Building, Station Road, Sen Nagar, Santacruz East, Mumbai, Maharashtra 400055", "ELEVATOR_CONTACT_LIST": null, "ELEVATOR_INTERCOM": null, "WORKING_HRS": null, "EMPLOYEE_QTY": null, "EMPLOYEE_MALE": null, "EMPLOYEE_FEMALE": null, "EMPLOYEE_DIF_ABLE": null, "WORKING_HRS_STR": null, "WORKING_HRS_STP": null, "VISITORS_QTY": null, "VISITING_HRS_STR": null, "VISITING_HRS_STP": null, "VISITORS_QTY_2": null, "VISITING_HRS_STR_2": null, "VISITING_HRS_STP_2": null}}, {"type": "Feature", "id": 1712, "geometry": {"type": "Point", "coordinates": [72.84420825550991, 19.080282997960573]}, "properties": {"OBJECTID": 1712, "NAME": "Pushpakunj Nursing Home", "TYPE": 4, "SUBTYPE": "Nursing Home", "LOCATION": "Pushpa Kunj Building, Nehru Road, Sen Nagar, Santacruz East, Mumbai, Maharashtra 400055", "ELEVATOR_CONTACT_LIST": null, "ELEVATOR_INTERCOM": null, "WORKING_HRS": null, "EMPLOYEE_QTY": null, "EMPLOYEE_MALE": null, "EMPLOYEE_FEMALE": null, "EMPLOYEE_DIF_ABLE": null, "WORKING_HRS_STR": null, "WORKING_HRS_STP": null, "VISITORS_QTY": null, "VISITING_HRS_STR": null, "VISITING_HRS_STP": null, "VISITORS_QTY_2": null, "VISITING_HRS_STR_2": null, "VISITING_HRS_STP_2": null}}, {"type": "Feature", "id": 1713, "geometry": {"type": "Point", "coordinates": [72.84359570017642, 19.080109400412105]}, "properties": {"OBJECTID": 1713, "NAME": "Aashirwad Clinic", "TYPE": 4, "SUBTYPE": "General", "LOCATION": "Rajat Mansion, Road Number 8, Sen Nagar, Santacruz East, Mumbai, Maharashtra 400055", "ELEVATOR_CONTACT_LIST": null, "ELEVATOR_INTERCOM": null, "WORKING_HRS": null, "EMPLOYEE_QTY": null, "EMPLOYEE_MALE": null, "EMPLOYEE_FEMALE": null, "EMPLOYEE_DIF_ABLE": null, "WORKING_HRS_STR": null, "WORKING_HRS_STP": null, "VISITORS_QTY": null, "VISITING_HRS_STR": null, "VISITING_HRS_STP": null, "VISITORS_QTY_2": null, "VISITING_HRS_STR_2": null, "VISITING_HRS_STP_2": null}}, {"type": "Feature", "id": 1714, "geometry": {"type": "Point", "coordinates": [72.85051849972412, 19.075481600166906]}, "properties": {"OBJECTID": 1714, "NAME": "Bmc Hospital", "TYPE": 1, "SUBTYPE": "General", "LOCATION": "Shanti Nagar, Vakola, Santacruz East, Mumbai, Maharashtra 400055", "ELEVATOR_CONTACT_LIST": null, "ELEVATOR_INTERCOM": null, "WORKING_HRS": null, "EMPLOYEE_QTY": null, "EMPLOYEE_MALE": null, "EMPLOYEE_FEMALE": null, "EMPLOYEE_DIF_ABLE": null, "WORKING_HRS_STR": null, "WORKING_HRS_STP": null, "VISITORS_QTY": null, "VISITING_HRS_STR": null, "VISITING_HRS_STP": null, "VISITORS_QTY_2": null, "VISITING_HRS_STR_2": null, "VISITING_HRS_STP_2": null}}, {"type": "Feature", "id": 1715, "geometry": {"type": "Point", "coordinates": [72.8425289004476, 19.081413300251057]}, "properties": {"OBJECTID": 1715, "NAME": "Joy Homapathic Clinic", "TYPE": 4, "SUBTYPE": "Clinic", "LOCATION": "Unnamed Road, Sen Nagar, Santacruz East, Mumbai, Maharashtra 400055", "ELEVATOR_CONTACT_LIST": null, "ELEVATOR_INTERCOM": null, "WORKING_HRS": null, "EMPLOYEE_QTY": null, "EMPLOYEE_MALE": null, "EMPLOYEE_FEMALE": null, "EMPLOYEE_DIF_ABLE": null, "WORKING_HRS_STR": null, "WORKING_HRS_STP": null, "VISITORS_QTY": null, "VISITING_HRS_STR": null, "VISITING_HRS_STP": null, "VISITORS_QTY_2": null, "VISITING_HRS_STR_2": null, "VISITING_HRS_STP_2": null}}, {"type": "Feature", "id": 1716, "geometry": {"type": "Point", "coordinates": [72.85046149079413, 19.061555717790338]}, "properties": {"OBJECTID": 1716, "NAME": "Bandra Narshing Home", "TYPE": 4, "SUBTYPE": "General", "LOCATION": "Kalamandir Chowk, Government Colony, Bandra East, Mumbai, Maharashtra 400051", "ELEVATOR_CONTACT_LIST": null, "ELEVATOR_INTERCOM": null, "WORKING_HRS": null, "EMPLOYEE_QTY": null, "EMPLOYEE_MALE": null, "EMPLOYEE_FEMALE": null, "EMPLOYEE_DIF_ABLE": null, "WORKING_HRS_STR": null, "WORKING_HRS_STP": null, "VISITORS_QTY": null, "VISITING_HRS_STR": null, "VISITING_HRS_STP": null, "VISITORS_QTY_2": null, "VISITING_HRS_STR_2": null, "VISITING_HRS_STP_2": null}}, {"type": "Feature", "id": 1717, "geometry": {"type": "Point", "coordinates": [72.8496340290205, 19.063805955188865]}, "properties": {"OBJECTID": 1717, "NAME": "Government Hospital", "TYPE": 2, "SUBTYPE": "General", "LOCATION": "Government Colony, Bandra East, Mumbai, Maharashtra 400051", "ELEVATOR_CONTACT_LIST": null, "ELEVATOR_INTERCOM": null, "WORKING_HRS": null, "EMPLOYEE_QTY": null, "EMPLOYEE_MALE": null, "EMPLOYEE_FEMALE": null, "EMPLOYEE_DIF_ABLE": null, "WORKING_HRS_STR": null, "WORKING_HRS_STP": null, "VISITORS_QTY": null, "VISITING_HRS_STR": null, "VISITING_HRS_STP": null, "VISITORS_QTY_2": null, "VISITING_HRS_STR_2": null, "VISITING_HRS_STP_2": null}}, {"type": "Feature", "id": 1972, "geometry": {"type": "Point", "coordinates": [72.8378144999391, 19.13500269990072]}, "properties": {"OBJECTID": 1972, "NAME": "Shradha Vihar Hospital", "TYPE": 4, "SUBTYPE": "General", "LOCATION": "Shradha Vihar Helpers Of Mar,Prathmesh Complex, Jogeshwari West, Mumbai, Maharashtra 400047", "ELEVATOR_CONTACT_LIST": null, "ELEVATOR_INTERCOM": null, "WORKING_HRS": null, "EMPLOYEE_QTY": null, "EMPLOYEE_MALE": null, "EMPLOYEE_FEMALE": null, "EMPLOYEE_DIF_ABLE": null, "WORKING_HRS_STR": null, "WORKING_HRS_STP": null, "VISITORS_QTY": null, "VISITING_HRS_STR": null, "VISITING_HRS_STP": null, "VISITORS_QTY_2": null, "VISITING_HRS_STR_2": null, "VISITING_HRS_STP_2": null}}, {"type": "Feature", "id": 1973, "geometry": {"type": "Point", "coordinates": [72.8319080002535, 19.12908060042292]}, "properties": {"OBJECTID": 1973, "NAME": "Bellevue Multispecialify Hospital", "TYPE": 4, "SUBTYPE": "Veterinary", "LOCATION": "The Link, 1St Floor, Opp. D.N. Nagar Metro Station Gate No 3, Next To Audi Showroom, Opp. Star Bazaar, New Link Road Extension, Andheri, West, Sahakar Nagar, Azad Nagar, Andheri West, Mumbai, Maharashtra 400053", "ELEVATOR_CONTACT_LIST": null, "ELEVATOR_INTERCOM": null, "WORKING_HRS": null, "EMPLOYEE_QTY": null, "EMPLOYEE_MALE": null, "EMPLOYEE_FEMALE": null, "EMPLOYEE_DIF_ABLE": null, "WORKING_HRS_STR": null, "WORKING_HRS_STP": null, "VISITORS_QTY": null, "VISITING_HRS_STR": null, "VISITING_HRS_STP": null, "VISITORS_QTY_2": null, "VISITING_HRS_STR_2": null, "VISITING_HRS_STP_2": null}}, {"type": "Feature", "id": 1974, "geometry": {"type": "Point", "coordinates": [72.82504590013323, 19.131266599969177]}, "properties": {"OBJECTID": 1974, "NAME": "Liver Transplant,Robotic&Hpb Surgeon,Kovai Medical Center Hospital", "TYPE": 4, "SUBTYPE": "General", "LOCATION": "Achutrao Patwardhan Marg, Mudran Press Colony, Andheri West, Mumbai, Maharashtra 400061", "ELEVATOR_CONTACT_LIST": null, "ELEVATOR_INTERCOM": null, "WORKING_HRS": null, "EMPLOYEE_QTY": null, "EMPLOYEE_MALE": null, "EMPLOYEE_FEMALE": null, "EMPLOYEE_DIF_ABLE": null, "WORKING_HRS_STR": null, "WORKING_HRS_STP": null, "VISITORS_QTY": null, "VISITING_HRS_STR": null, "VISITING_HRS_STP": null, "VISITORS_QTY_2": null, "VISITING_HRS_STR_2": null, "VISITING_HRS_STP_2": null}}, {"type": "Feature", "id": 1975, "geometry": {"type": "Point", "coordinates": [72.82616370012842, 19.140435799711103]}, "properties": {"OBJECTID": 1975, "NAME": "Ceramco Dental Care", "TYPE": 4, "SUBTYPE": "Clinic", "LOCATION": "Shop No. 6, Sneha, Opposite Icici Bank, Swami Samarth Nagar, Lokhandwala Complex, Andheri West, Mumbai, Maharashtra 400053", "ELEVATOR_CONTACT_LIST": null, "ELEVATOR_INTERCOM": null, "WORKING_HRS": null, "EMPLOYEE_QTY": null, "EMPLOYEE_MALE": null, "EMPLOYEE_FEMALE": null, "EMPLOYEE_DIF_ABLE": null, "WORKING_HRS_STR": null, "WORKING_HRS_STP": null, "VISITORS_QTY": null, "VISITING_HRS_STR": null, "VISITING_HRS_STP": null, "VISITORS_QTY_2": null, "VISITING_HRS_STR_2": null, "VISITING_HRS_STP_2": null}}, {"type": "Feature", "id": 1976, "geometry": {"type": "Point", "coordinates": [72.8249030996039, 19.14148770000362]}, "properties": {"OBJECTID": 1976, "NAME": "Patel Dental Care & Implant Centre", "TYPE": 4, "SUBTYPE": "Clinic", "LOCATION": "Shop No. 25/25A, Kamdhenu Shopping Center, Lokhandwala Complex Road, 1St Cross Lane, Andheri West, , Mumbai - 400053 Next To Domino'S Pizza, Swami Samarth Nagar, Lokhandwala Complex, Andheri West, Mumbai, Maharashtra 400053", "ELEVATOR_CONTACT_LIST": null, "ELEVATOR_INTERCOM": null, "WORKING_HRS": null, "EMPLOYEE_QTY": null, "EMPLOYEE_MALE": null, "EMPLOYEE_FEMALE": null, "EMPLOYEE_DIF_ABLE": null, "WORKING_HRS_STR": null, "WORKING_HRS_STP": null, "VISITORS_QTY": null, "VISITING_HRS_STR": null, "VISITING_HRS_STP": null, "VISITORS_QTY_2": null, "VISITING_HRS_STR_2": null, "VISITING_HRS_STP_2": null}}, {"type": "Feature", "id": 1977, "geometry": {"type": "Point", "coordinates": [72.82465699996884, 19.141222599824744]}, "properties": {"OBJECTID": 1977, "NAME": "Kids And Braces Dental Clinic", "TYPE": 4, "SUBTYPE": "Clinic", "LOCATION": "008-B, Ss Cross Rd Number 1, Swami Samarth Nagar, Lokhandwala Complex, Andheri West, Mumbai, Maharashtra 400053", "ELEVATOR_CONTACT_LIST": null, "ELEVATOR_INTERCOM": null, "WORKING_HRS": null, "EMPLOYEE_QTY": null, "EMPLOYEE_MALE": null, "EMPLOYEE_FEMALE": null, "EMPLOYEE_DIF_ABLE": null, "WORKING_HRS_STR": null, "WORKING_HRS_STP": null, "VISITORS_QTY": null, "VISITING_HRS_STR": null, "VISITING_HRS_STP": null, "VISITORS_QTY_2": null, "VISITING_HRS_STR_2": null, "VISITING_HRS_STP_2": null}}, {"type": "Feature", "id": 1978, "geometry": {"type": "Point", "coordinates": [72.82499390013687, 19.141146900105205]}, "properties": {"OBJECTID": 1978, "NAME": "Sangita Chadhas Clinic", "TYPE": 4, "SUBTYPE": "Clinic", "LOCATION": "27, Sunshine, B Wing, 1St Lane, Lokhandwala Complex, Andheri West, Andheri West, Swami Samarth Nagar, Lokhandwala Complex, Andheri West, Mumbai, Maharashtra 400053", "ELEVATOR_CONTACT_LIST": null, "ELEVATOR_INTERCOM": null, "WORKING_HRS": null, "EMPLOYEE_QTY": null, "EMPLOYEE_MALE": null, "EMPLOYEE_FEMALE": null, "EMPLOYEE_DIF_ABLE": null, "WORKING_HRS_STR": null, "WORKING_HRS_STP": null, "VISITORS_QTY": null, "VISITING_HRS_STR": null, "VISITING_HRS_STP": null, "VISITORS_QTY_2": null, "VISITING_HRS_STR_2": null, "VISITING_HRS_STP_2": null}}, {"type": "Feature", "id": 1979, "geometry": {"type": "Point", "coordinates": [72.82507439954257, 19.14124669985076]}, "properties": {"OBJECTID": 1979, "NAME": "Dr.Dals Advanced Dental Care", "TYPE": 4, "SUBTYPE": "Clinic", "LOCATION": "B/006 Sunshine Bldg, Opp Domino\"S Pizza, First Cross Lane, Lokhandwala, Complex, Andheri West, Swami Samarth Nagar, Lokhandwala Complex, Andheri West, Mumbai, Maharashtra 400053", "ELEVATOR_CONTACT_LIST": null, "ELEVATOR_INTERCOM": null, "WORKING_HRS": null, "EMPLOYEE_QTY": null, "EMPLOYEE_MALE": null, "EMPLOYEE_FEMALE": null, "EMPLOYEE_DIF_ABLE": null, "WORKING_HRS_STR": null, "WORKING_HRS_STP": null, "VISITORS_QTY": null, "VISITING_HRS_STR": null, "VISITING_HRS_STP": null, "VISITORS_QTY_2": null, "VISITING_HRS_STR_2": null, "VISITING_HRS_STP_2": null}}, {"type": "Feature", "id": 1980, "geometry": {"type": "Point", "coordinates": [72.82572919960846, 19.14182510042564]}, "properties": {"OBJECTID": 1980, "NAME": "Signature Smiles", "TYPE": 4, "SUBTYPE": "Clinic", "LOCATION": "4/A, Building No. 32, Apna Ghar Unit No. 8 Co-Operative Society Ltd., (Himgiri), Shree Swami Samartha Nagar, Andheri West, Swami Samarth Nagar, Lokhandwala Complex, Andheri West, Mumbai, Maharashtra 400053", "ELEVATOR_CONTACT_LIST": null, "ELEVATOR_INTERCOM": null, "WORKING_HRS": null, "EMPLOYEE_QTY": null, "EMPLOYEE_MALE": null, "EMPLOYEE_FEMALE": null, "EMPLOYEE_DIF_ABLE": null, "WORKING_HRS_STR": null, "WORKING_HRS_STP": null, "VISITORS_QTY": null, "VISITING_HRS_STR": null, "VISITING_HRS_STP": null, "VISITORS_QTY_2": null, "VISITING_HRS_STR_2": null, "VISITING_HRS_STP_2": null}}, {"type": "Feature", "id": 1981, "geometry": {"type": "Point", "coordinates": [72.825087800152, 19.144676600321993]}, "properties": {"OBJECTID": 1981, "NAME": "Suman Eye Clinic", "TYPE": 4, "SUBTYPE": "Clinic", "LOCATION": "B/103, Suman Apartment, Lokhandwala Complex, Near High Point Restaurant\u00a0,3Rd Cross Lane, Andheri West, Mumbai - 400053,", "ELEVATOR_CONTACT_LIST": null, "ELEVATOR_INTERCOM": null, "WORKING_HRS": null, "EMPLOYEE_QTY": null, "EMPLOYEE_MALE": null, "EMPLOYEE_FEMALE": null, "EMPLOYEE_DIF_ABLE": null, "WORKING_HRS_STR": null, "WORKING_HRS_STP": null, "VISITORS_QTY": null, "VISITING_HRS_STR": null, "VISITING_HRS_STP": null, "VISITORS_QTY_2": null, "VISITING_HRS_STR_2": null, "VISITING_HRS_STP_2": null}}, {"type": "Feature", "id": 1982, "geometry": {"type": "Point", "coordinates": [72.82491479986578, 19.14288580037575]}, "properties": {"OBJECTID": 1982, "NAME": "Wellness Forever", "TYPE": 4, "SUBTYPE": "Clinic", "LOCATION": "Shop No 19, Sun Swept Building, Lokhandwala Complex-Andheri West, Mumbai - 400053, Near Rajpoot Dairy\u00a0", "ELEVATOR_CONTACT_LIST": null, "ELEVATOR_INTERCOM": null, "WORKING_HRS": null, "EMPLOYEE_QTY": null, "EMPLOYEE_MALE": null, "EMPLOYEE_FEMALE": null, "EMPLOYEE_DIF_ABLE": null, "WORKING_HRS_STR": null, "WORKING_HRS_STP": null, "VISITORS_QTY": null, "VISITING_HRS_STR": null, "VISITING_HRS_STP": null, "VISITORS_QTY_2": null, "VISITING_HRS_STR_2": null, "VISITING_HRS_STP_2": null}}, {"type": "Feature", "id": 1983, "geometry": {"type": "Point", "coordinates": [72.84250910004965, 19.10234270009392]}, "properties": {"OBJECTID": 1983, "NAME": "Dr Tara S. Shah", "TYPE": 4, "SUBTYPE": "Clinic", "LOCATION": "3, West View, Kamla Niwas, Bajaj Road, Vile Parle West, Mumbai, Maharashtra 400056", "ELEVATOR_CONTACT_LIST": null, "ELEVATOR_INTERCOM": null, "WORKING_HRS": null, "EMPLOYEE_QTY": null, "EMPLOYEE_MALE": null, "EMPLOYEE_FEMALE": null, "EMPLOYEE_DIF_ABLE": null, "WORKING_HRS_STR": null, "WORKING_HRS_STP": null, "VISITORS_QTY": null, "VISITING_HRS_STR": null, "VISITING_HRS_STP": null, "VISITORS_QTY_2": null, "VISITING_HRS_STR_2": null, "VISITING_HRS_STP_2": null}}, {"type": "Feature", "id": 1984, "geometry": {"type": "Point", "coordinates": [72.84242829969727, 19.102034699888993]}, "properties": {"OBJECTID": 1984, "NAME": "Dr H.R Gada", "TYPE": 4, "SUBTYPE": "Clinic", "LOCATION": "2-41, Bajaj Road, Vasant Vihar, Navpada, Kamala Nagar, Vile Parle, Mumbai, Maharashtra 400056", "ELEVATOR_CONTACT_LIST": null, "ELEVATOR_INTERCOM": null, "WORKING_HRS": null, "EMPLOYEE_QTY": null, "EMPLOYEE_MALE": null, "EMPLOYEE_FEMALE": null, "EMPLOYEE_DIF_ABLE": null, "WORKING_HRS_STR": null, "WORKING_HRS_STP": null, "VISITORS_QTY": null, "VISITING_HRS_STR": null, "VISITING_HRS_STP": null, "VISITORS_QTY_2": null, "VISITING_HRS_STR_2": null, "VISITING_HRS_STP_2": null}}, {"type": "Feature", "id": 1985, "geometry": {"type": "Point", "coordinates": [72.84247620027374, 19.101580699835267]}, "properties": {"OBJECTID": 1985, "NAME": "Dr Anshul G. Mistry", "TYPE": 4, "SUBTYPE": "Clinic", "LOCATION": "Shop No.2, Ground Floor, Amrut Chs. Ltd, 43, Bajaj Road Near Amrutbaug Charity Trust, Vile Parle West, Mumbai, Maharashtra 400056", "ELEVATOR_CONTACT_LIST": null, "ELEVATOR_INTERCOM": null, "WORKING_HRS": null, "EMPLOYEE_QTY": null, "EMPLOYEE_MALE": null, "EMPLOYEE_FEMALE": null, "EMPLOYEE_DIF_ABLE": null, "WORKING_HRS_STR": null, "WORKING_HRS_STP": null, "VISITORS_QTY": null, "VISITING_HRS_STR": null, "VISITING_HRS_STP": null, "VISITORS_QTY_2": null, "VISITING_HRS_STR_2": null, "VISITING_HRS_STP_2": null}}, {"type": "Feature", "id": 1986, "geometry": {"type": "Point", "coordinates": [72.84250069991182, 19.101510099763797]}, "properties": {"OBJECTID": 1986, "NAME": "Dr Jignesh Mehta", "TYPE": 4, "SUBTYPE": "Clinic", "LOCATION": "Ground Floor, Shop No - 4, Amrut Apartments, Bajaj Road Nr Amrut Baug Charity Trust, Vile Parle West, Mumbai, Maharashtra 400056", "ELEVATOR_CONTACT_LIST": null, "ELEVATOR_INTERCOM": null, "WORKING_HRS": null, "EMPLOYEE_QTY": null, "EMPLOYEE_MALE": null, "EMPLOYEE_FEMALE": null, "EMPLOYEE_DIF_ABLE": null, "WORKING_HRS_STR": null, "WORKING_HRS_STP": null, "VISITORS_QTY": null, "VISITING_HRS_STR": null, "VISITING_HRS_STP": null, "VISITORS_QTY_2": null, "VISITING_HRS_STR_2": null, "VISITING_HRS_STP_2": null}}, {"type": "Feature", "id": 1987, "geometry": {"type": "Point", "coordinates": [72.842478199859, 19.10241769984355]}, "properties": {"OBJECTID": 1987, "NAME": "Dr Dimple Shah", "TYPE": 4, "SUBTYPE": "Clinic", "LOCATION": "Sadguru Apartment, Kapol Bank Building, Ground Floor, Vileparle West, Bajaj Road, Vasant Vihar, Navpada, Kamala Nagar, Vile Parle West, Mumbai, Maharashtra 400056", "ELEVATOR_CONTACT_LIST": null, "ELEVATOR_INTERCOM": null, "WORKING_HRS": null, "EMPLOYEE_QTY": null, "EMPLOYEE_MALE": null, "EMPLOYEE_FEMALE": null, "EMPLOYEE_DIF_ABLE": null, "WORKING_HRS_STR": null, "WORKING_HRS_STP": null, "VISITORS_QTY": null, "VISITING_HRS_STR": null, "VISITING_HRS_STP": null, "VISITORS_QTY_2": null, "VISITING_HRS_STR_2": null, "VISITING_HRS_STP_2": null}}, {"type": "Feature", "id": 1988, "geometry": {"type": "Point", "coordinates": [72.82594880015843, 19.138309200015925]}, "properties": {"OBJECTID": 1988, "NAME": "Smile Concepts", "TYPE": 4, "SUBTYPE": "Clinic", "LOCATION": "Shop No 1, Royal Palace Building, Shastri Nagar, Andheri West, Mumbai - 400053, Near Shastri Nagar, Near Lokhandwala Circle", "ELEVATOR_CONTACT_LIST": null, "ELEVATOR_INTERCOM": null, "WORKING_HRS": null, "EMPLOYEE_QTY": null, "EMPLOYEE_MALE": null, "EMPLOYEE_FEMALE": null, "EMPLOYEE_DIF_ABLE": null, "WORKING_HRS_STR": null, "WORKING_HRS_STP": null, "VISITORS_QTY": null, "VISITING_HRS_STR": null, "VISITING_HRS_STP": null, "VISITORS_QTY_2": null, "VISITING_HRS_STR_2": null, "VISITING_HRS_STP_2": null}}, {"type": "Feature", "id": 1989, "geometry": {"type": "Point", "coordinates": [72.82610000031065, 19.137449899908813]}, "properties": {"OBJECTID": 1989, "NAME": "Surya Clinic", "TYPE": 4, "SUBTYPE": "Clinic", "LOCATION": "9Th Floor, Aston Building, Sundervan Complex Rd, Sundervan Complex, Shastri Nagar, Andheri West, Mumbai, Maharashtra 400058", "ELEVATOR_CONTACT_LIST": null, "ELEVATOR_INTERCOM": null, "WORKING_HRS": null, "EMPLOYEE_QTY": null, "EMPLOYEE_MALE": null, "EMPLOYEE_FEMALE": null, "EMPLOYEE_DIF_ABLE": null, "WORKING_HRS_STR": null, "WORKING_HRS_STP": null, "VISITORS_QTY": null, "VISITING_HRS_STR": null, "VISITING_HRS_STP": null, "VISITORS_QTY_2": null, "VISITING_HRS_STR_2": null, "VISITING_HRS_STP_2": null}}, {"type": "Feature", "id": 1990, "geometry": {"type": "Point", "coordinates": [72.82563499956179, 19.133078399640226]}, "properties": {"OBJECTID": 1990, "NAME": "Health & More", "TYPE": 4, "SUBTYPE": "Clinic", "LOCATION": "Shop No 7, Sunil Niwas, Plot No 89 & 90, Off Jp Road Near Kokilaben Dhirubhai Ambani Hospital, Shilpa Housing Society, Four Bungalows, Andheri West, Mumbai, Maharashtra 400058", "ELEVATOR_CONTACT_LIST": null, "ELEVATOR_INTERCOM": null, "WORKING_HRS": null, "EMPLOYEE_QTY": null, "EMPLOYEE_MALE": null, "EMPLOYEE_FEMALE": null, "EMPLOYEE_DIF_ABLE": null, "WORKING_HRS_STR": null, "WORKING_HRS_STP": null, "VISITORS_QTY": null, "VISITING_HRS_STR": null, "VISITING_HRS_STP": null, "VISITORS_QTY_2": null, "VISITING_HRS_STR_2": null, "VISITING_HRS_STP_2": null}}, {"type": "Feature", "id": 1991, "geometry": {"type": "Point", "coordinates": [72.84273909965917, 19.104900300060702]}, "properties": {"OBJECTID": 1991, "NAME": "Dr Aditi Rupani Shah", "TYPE": 4, "SUBTYPE": "Clinic", "LOCATION": "2, Bajaj Road, Navpada, Suresh Colony, Vile Parle West, Mumbai, Maharashtra 400056", "ELEVATOR_CONTACT_LIST": null, "ELEVATOR_INTERCOM": null, "WORKING_HRS": null, "EMPLOYEE_QTY": null, "EMPLOYEE_MALE": null, "EMPLOYEE_FEMALE": null, "EMPLOYEE_DIF_ABLE": null, "WORKING_HRS_STR": null, "WORKING_HRS_STP": null, "VISITORS_QTY": null, "VISITING_HRS_STR": null, "VISITING_HRS_STP": null, "VISITORS_QTY_2": null, "VISITING_HRS_STR_2": null, "VISITING_HRS_STP_2": null}}, {"type": "Feature", "id": 1992, "geometry": {"type": "Point", "coordinates": [72.84352929953172, 19.11609150037198]}, "properties": {"OBJECTID": 1992, "NAME": "Kaizcn Skin Clinic", "TYPE": 4, "SUBTYPE": "Speciality", "LOCATION": "101, Stanford Tower, S V Road & Junction, Juhu Lane, Andheri West, Mumbai - 400058, Yadav Nagar", "ELEVATOR_CONTACT_LIST": null, "ELEVATOR_INTERCOM": null, "WORKING_HRS": null, "EMPLOYEE_QTY": null, "EMPLOYEE_MALE": null, "EMPLOYEE_FEMALE": null, "EMPLOYEE_DIF_ABLE": null, "WORKING_HRS_STR": null, "WORKING_HRS_STP": null, "VISITORS_QTY": null, "VISITING_HRS_STR": null, "VISITING_HRS_STP": null, "VISITORS_QTY_2": null, "VISITING_HRS_STR_2": null, "VISITING_HRS_STP_2": null}}, {"type": "Feature", "id": 1993, "geometry": {"type": "Point", "coordinates": [72.84303510031317, 19.114831000137876]}, "properties": {"OBJECTID": 1993, "NAME": "Happy Teeth Clinic", "TYPE": 4, "SUBTYPE": "Clinic", "LOCATION": "Shop No. 29, Viral Apartment, S. V. Road, Andheri West, Mumbai - 400058, Opp. Shoppser Stop", "ELEVATOR_CONTACT_LIST": null, "ELEVATOR_INTERCOM": null, "WORKING_HRS": null, "EMPLOYEE_QTY": null, "EMPLOYEE_MALE": null, "EMPLOYEE_FEMALE": null, "EMPLOYEE_DIF_ABLE": null, "WORKING_HRS_STR": null, "WORKING_HRS_STP": null, "VISITORS_QTY": null, "VISITING_HRS_STR": null, "VISITING_HRS_STP": null, "VISITORS_QTY_2": null, "VISITING_HRS_STR_2": null, "VISITING_HRS_STP_2": null}}, {"type": "Feature", "id": 1994, "geometry": {"type": "Point", "coordinates": [72.84297980025069, 19.114699899791827]}, "properties": {"OBJECTID": 1994, "NAME": "City Care", "TYPE": 4, "SUBTYPE": "Clinic", "LOCATION": "B Wing, Viral Apartment, S V Road, Andheri West, Mumbai - 400058, Opposite Shopper Shop", "ELEVATOR_CONTACT_LIST": null, "ELEVATOR_INTERCOM": null, "WORKING_HRS": null, "EMPLOYEE_QTY": null, "EMPLOYEE_MALE": null, "EMPLOYEE_FEMALE": null, "EMPLOYEE_DIF_ABLE": null, "WORKING_HRS_STR": null, "WORKING_HRS_STP": null, "VISITORS_QTY": null, "VISITING_HRS_STR": null, "VISITING_HRS_STP": null, "VISITORS_QTY_2": null, "VISITING_HRS_STR_2": null, "VISITING_HRS_STP_2": null}}, {"type": "Feature", "id": 1995, "geometry": {"type": "Point", "coordinates": [72.84309609973816, 19.114592200202537]}, "properties": {"OBJECTID": 1995, "NAME": "Sainath Polyclinic", "TYPE": 4, "SUBTYPE": "Clinic", "LOCATION": "1St Floor, A 3/4 Viral Apartments, S V Road, Andheri West, Mumbai - 400058, Opposite Shoppers Stop", "ELEVATOR_CONTACT_LIST": null, "ELEVATOR_INTERCOM": null, "WORKING_HRS": null, "EMPLOYEE_QTY": null, "EMPLOYEE_MALE": null, "EMPLOYEE_FEMALE": null, "EMPLOYEE_DIF_ABLE": null, "WORKING_HRS_STR": null, "WORKING_HRS_STP": null, "VISITORS_QTY": null, "VISITING_HRS_STR": null, "VISITING_HRS_STP": null, "VISITORS_QTY_2": null, "VISITING_HRS_STR_2": null, "VISITING_HRS_STP_2": null}}, {"type": "Feature", "id": 1996, "geometry": {"type": "Point", "coordinates": [72.84247489991802, 19.11468150036327]}, "properties": {"OBJECTID": 1996, "NAME": "Dr.Shauryas", "TYPE": 4, "SUBTYPE": "General", "LOCATION": "A 6, Ratandeep Chs, Sv Road, Andheri West, Mumbai - 400058, Next To Shoppers Stop", "ELEVATOR_CONTACT_LIST": null, "ELEVATOR_INTERCOM": null, "WORKING_HRS": null, "EMPLOYEE_QTY": null, "EMPLOYEE_MALE": null, "EMPLOYEE_FEMALE": null, "EMPLOYEE_DIF_ABLE": null, "WORKING_HRS_STR": null, "WORKING_HRS_STP": null, "VISITORS_QTY": null, "VISITING_HRS_STR": null, "VISITING_HRS_STP": null, "VISITORS_QTY_2": null, "VISITING_HRS_STR_2": null, "VISITING_HRS_STP_2": null}}, {"type": "Feature", "id": 1997, "geometry": {"type": "Point", "coordinates": [72.84258820002815, 19.114683099938123]}, "properties": {"OBJECTID": 1997, "NAME": "Gemini Medico", "TYPE": 4, "SUBTYPE": "General", "LOCATION": "54, Sv Rd, Near Shoppers Stop, Ganga Vihar, Andheri West, Mumbai, Maharashtra 400058", "ELEVATOR_CONTACT_LIST": null, "ELEVATOR_INTERCOM": null, "WORKING_HRS": null, "EMPLOYEE_QTY": null, "EMPLOYEE_MALE": null, "EMPLOYEE_FEMALE": null, "EMPLOYEE_DIF_ABLE": null, "WORKING_HRS_STR": null, "WORKING_HRS_STP": null, "VISITORS_QTY": null, "VISITING_HRS_STR": null, "VISITING_HRS_STP": null, "VISITORS_QTY_2": null, "VISITING_HRS_STR_2": null, "VISITING_HRS_STP_2": null}}, {"type": "Feature", "id": 1998, "geometry": {"type": "Point", "coordinates": [72.84165379971247, 19.113336099742927]}, "properties": {"OBJECTID": 1998, "NAME": "Maniar Clinic", "TYPE": 4, "SUBTYPE": "Clinic", "LOCATION": "11 B Megha Society, S V Road, Irla Bridge, Irla, Vile Parle West, Mumbai - 400058, Opposite Vijay Sales", "ELEVATOR_CONTACT_LIST": null, "ELEVATOR_INTERCOM": null, "WORKING_HRS": null, "EMPLOYEE_QTY": null, "EMPLOYEE_MALE": null, "EMPLOYEE_FEMALE": null, "EMPLOYEE_DIF_ABLE": null, "WORKING_HRS_STR": null, "WORKING_HRS_STP": null, "VISITORS_QTY": null, "VISITING_HRS_STR": null, "VISITING_HRS_STP": null, "VISITORS_QTY_2": null, "VISITING_HRS_STR_2": null, "VISITING_HRS_STP_2": null}}, {"type": "Feature", "id": 1999, "geometry": {"type": "Point", "coordinates": [72.84144929960252, 19.11271450004854]}, "properties": {"OBJECTID": 1999, "NAME": "Dr.Marwans", "TYPE": 4, "SUBTYPE": "Clinic", "LOCATION": "214-B/7, 1St Floor, Kamal Kunj, Irla Bridge. S.V. Road, Andheri West, Mumbai-400058", "ELEVATOR_CONTACT_LIST": null, "ELEVATOR_INTERCOM": null, "WORKING_HRS": null, "EMPLOYEE_QTY": null, "EMPLOYEE_MALE": null, "EMPLOYEE_FEMALE": null, "EMPLOYEE_DIF_ABLE": null, "WORKING_HRS_STR": null, "WORKING_HRS_STP": null, "VISITORS_QTY": null, "VISITING_HRS_STR": null, "VISITING_HRS_STP": null, "VISITORS_QTY_2": null, "VISITING_HRS_STR_2": null, "VISITING_HRS_STP_2": null}}, {"type": "Feature", "id": 2000, "geometry": {"type": "Point", "coordinates": [72.84173460029795, 19.11185320022976]}, "properties": {"OBJECTID": 2000, "NAME": "Wonder Smiles Dental Care Pvt Ltd", "TYPE": 4, "SUBTYPE": "Clinic", "LOCATION": "13 Mamta Bldg, S V Road, Andheri West, Mumbai - 400058, Opp Andheri Fire Station Irla Bridge", "ELEVATOR_CONTACT_LIST": null, "ELEVATOR_INTERCOM": null, "WORKING_HRS": null, "EMPLOYEE_QTY": null, "EMPLOYEE_MALE": null, "EMPLOYEE_FEMALE": null, "EMPLOYEE_DIF_ABLE": null, "WORKING_HRS_STR": null, "WORKING_HRS_STP": null, "VISITORS_QTY": null, "VISITING_HRS_STR": null, "VISITING_HRS_STP": null, "VISITORS_QTY_2": null, "VISITING_HRS_STR_2": null, "VISITING_HRS_STP_2": null}}, {"type": "Feature", "id": 2001, "geometry": {"type": "Point", "coordinates": [72.84113480045625, 19.11141820043595]}, "properties": {"OBJECTID": 2001, "NAME": "Dental Concepts", "TYPE": 4, "SUBTYPE": "Clinic", "LOCATION": "Anuradha Society, Sv Rd, Irla Bridge, Andheri West, Mumbai, Maharashtra 400058", "ELEVATOR_CONTACT_LIST": null, "ELEVATOR_INTERCOM": null, "WORKING_HRS": null, "EMPLOYEE_QTY": null, "EMPLOYEE_MALE": null, "EMPLOYEE_FEMALE": null, "EMPLOYEE_DIF_ABLE": null, "WORKING_HRS_STR": null, "WORKING_HRS_STP": null, "VISITORS_QTY": null, "VISITING_HRS_STR": null, "VISITING_HRS_STP": null, "VISITORS_QTY_2": null, "VISITING_HRS_STR_2": null, "VISITING_HRS_STP_2": null}}, {"type": "Feature", "id": 2002, "geometry": {"type": "Point", "coordinates": [72.84088270018378, 19.109001699865324]}, "properties": {"OBJECTID": 2002, "NAME": "Dr. Rao'S Clinic", "TYPE": 4, "SUBTYPE": "Clinic", "LOCATION": "Kadri Park Building, Sv Rd, Navpada, Irla, Vile Parle West, Mumbai, Maharashtra 400056", "ELEVATOR_CONTACT_LIST": null, "ELEVATOR_INTERCOM": null, "WORKING_HRS": null, "EMPLOYEE_QTY": null, "EMPLOYEE_MALE": null, "EMPLOYEE_FEMALE": null, "EMPLOYEE_DIF_ABLE": null, "WORKING_HRS_STR": null, "WORKING_HRS_STP": null, "VISITORS_QTY": null, "VISITING_HRS_STR": null, "VISITING_HRS_STP": null, "VISITORS_QTY_2": null, "VISITING_HRS_STR_2": null, "VISITING_HRS_STP_2": null}}, {"type": "Feature", "id": 2003, "geometry": {"type": "Point", "coordinates": [72.84257899967712, 19.10885599975548]}, "properties": {"OBJECTID": 2003, "NAME": "Dr Deepak Patkar ( Safalya Clinic)", "TYPE": 4, "SUBTYPE": "Clinic", "LOCATION": "Bhagirathi Safalya Cooperative Housing Society, 2, Irla Rd, Laxmi Society, Navpada, Irla, Vile Parle West, Mumbai, Maharashtra 400056", "ELEVATOR_CONTACT_LIST": null, "ELEVATOR_INTERCOM": null, "WORKING_HRS": null, "EMPLOYEE_QTY": null, "EMPLOYEE_MALE": null, "EMPLOYEE_FEMALE": null, "EMPLOYEE_DIF_ABLE": null, "WORKING_HRS_STR": null, "WORKING_HRS_STP": null, "VISITORS_QTY": null, "VISITING_HRS_STR": null, "VISITING_HRS_STP": null, "VISITORS_QTY_2": null, "VISITING_HRS_STR_2": null, "VISITING_HRS_STP_2": null}}, {"type": "Feature", "id": 2004, "geometry": {"type": "Point", "coordinates": [72.84275679984368, 19.105147399604004]}, "properties": {"OBJECTID": 2004, "NAME": "Sync Centre For Dermatology And Cosmetology", "TYPE": 4, "SUBTYPE": "General", "LOCATION": "Nanda Bhuvan, Near Narayan Dairy And Vishwa Karma Baugh, Vile Parle West, Navpada, Kamala Nagar, Vile Parle West, Mumbai, Maharashtra 400056", "ELEVATOR_CONTACT_LIST": null, "ELEVATOR_INTERCOM": null, "WORKING_HRS": null, "EMPLOYEE_QTY": null, "EMPLOYEE_MALE": null, "EMPLOYEE_FEMALE": null, "EMPLOYEE_DIF_ABLE": null, "WORKING_HRS_STR": null, "WORKING_HRS_STP": null, "VISITORS_QTY": null, "VISITING_HRS_STR": null, "VISITING_HRS_STP": null, "VISITORS_QTY_2": null, "VISITING_HRS_STR_2": null, "VISITING_HRS_STP_2": null}}, {"type": "Feature", "id": 2005, "geometry": {"type": "Point", "coordinates": [72.84298400009733, 19.105275000077157]}, "properties": {"OBJECTID": 2005, "NAME": "Neelkanth Pathology Laboratory", "TYPE": 4, "SUBTYPE": null, "LOCATION": "Shop No.3, Ground Floor, Kailash Sadan, Bajaj Road, Navpada, Kamala Nagar, Vile Parle West, Mumbai, Maharashtra 400056", "ELEVATOR_CONTACT_LIST": null, "ELEVATOR_INTERCOM": null, "WORKING_HRS": null, "EMPLOYEE_QTY": null, "EMPLOYEE_MALE": null, "EMPLOYEE_FEMALE": null, "EMPLOYEE_DIF_ABLE": null, "WORKING_HRS_STR": null, "WORKING_HRS_STP": null, "VISITORS_QTY": null, "VISITING_HRS_STR": null, "VISITING_HRS_STP": null, "VISITORS_QTY_2": null, "VISITING_HRS_STR_2": null, "VISITING_HRS_STP_2": null}}, {"type": "Feature", "id": 2006, "geometry": {"type": "Point", "coordinates": [72.84015380013145, 19.10900319985101]}, "properties": {"OBJECTID": 2006, "NAME": "Mengane Clinic\n", "TYPE": 4, "SUBTYPE": "Clinic", "LOCATION": "Snidhva Chawl,91, Sv Rd, Navpada, Irla, Vile Parle, Mumbai, Maharashtra 400056", "ELEVATOR_CONTACT_LIST": null, "ELEVATOR_INTERCOM": null, "WORKING_HRS": null, "EMPLOYEE_QTY": null, "EMPLOYEE_MALE": null, "EMPLOYEE_FEMALE": null, "EMPLOYEE_DIF_ABLE": null, "WORKING_HRS_STR": null, "WORKING_HRS_STP": null, "VISITORS_QTY": null, "VISITING_HRS_STR": null, "VISITING_HRS_STP": null, "VISITORS_QTY_2": null, "VISITING_HRS_STR_2": null, "VISITING_HRS_STP_2": null}}, {"type": "Feature", "id": 2007, "geometry": {"type": "Point", "coordinates": [72.84021549987398, 19.109335199978826]}, "properties": {"OBJECTID": 2007, "NAME": "Tal Bunnisa Clinic", "TYPE": 4, "SUBTYPE": "Clinic", "LOCATION": "Shop No. 8, S. Misquita Chawl, Opp. Prem Nagar, S.V. Road, Irla, Navpada, Prem Nagar, Vile Parle West, Mumbai, Maharashtra 400056", "ELEVATOR_CONTACT_LIST": null, "ELEVATOR_INTERCOM": null, "WORKING_HRS": null, "EMPLOYEE_QTY": null, "EMPLOYEE_MALE": null, "EMPLOYEE_FEMALE": null, "EMPLOYEE_DIF_ABLE": null, "WORKING_HRS_STR": null, "WORKING_HRS_STP": null, "VISITORS_QTY": null, "VISITING_HRS_STR": null, "VISITING_HRS_STP": null, "VISITORS_QTY_2": null, "VISITING_HRS_STR_2": null, "VISITING_HRS_STP_2": null}}, {"type": "Feature", "id": 2008, "geometry": {"type": "Point", "coordinates": [72.8402740996855, 19.10837980012773]}, "properties": {"OBJECTID": 2008, "NAME": "Pritesh B Shetty - Uma Dental Clinic", "TYPE": 4, "SUBTYPE": "Clinic", "LOCATION": "Near Hotel Harish, Irla, S V Road, Vile Parle West, Mumbai - 400056", "ELEVATOR_CONTACT_LIST": null, "ELEVATOR_INTERCOM": null, "WORKING_HRS": null, "EMPLOYEE_QTY": null, "EMPLOYEE_MALE": null, "EMPLOYEE_FEMALE": null, "EMPLOYEE_DIF_ABLE": null, "WORKING_HRS_STR": null, "WORKING_HRS_STP": null, "VISITORS_QTY": null, "VISITING_HRS_STR": null, "VISITING_HRS_STP": null, "VISITORS_QTY_2": null, "VISITING_HRS_STR_2": null, "VISITING_HRS_STP_2": null}}, {"type": "Feature", "id": 2009, "geometry": {"type": "Point", "coordinates": [72.83463079959297, 19.10358709988785]}, "properties": {"OBJECTID": 2009, "NAME": "Sunridges Specialty Hospital", "TYPE": 4, "SUBTYPE": "Speciality", "LOCATION": "17 Navyug , V. L, Vaikunthlal Mehta Road, Jvpd Scheme, Vile Parle West, Mumbai Maharashtra 400056", "ELEVATOR_CONTACT_LIST": "Yes", "ELEVATOR_INTERCOM": "Yes", "WORKING_HRS": "Yes", "EMPLOYEE_QTY": 68, "EMPLOYEE_MALE": null, "EMPLOYEE_FEMALE": null, "EMPLOYEE_DIF_ABLE": null, "WORKING_HRS_STR": null, "WORKING_HRS_STP": null, "VISITORS_QTY": null, "VISITING_HRS_STR": null, "VISITING_HRS_STP": null, "VISITORS_QTY_2": null, "VISITING_HRS_STR_2": null, "VISITING_HRS_STP_2": null}}, {"type": "Feature", "id": 2010, "geometry": {"type": "Point", "coordinates": [72.83482819956464, 19.102849900203854]}, "properties": {"OBJECTID": 2010, "NAME": "Bhakti Clinic", "TYPE": 4, "SUBTYPE": "Clinic", "LOCATION": "27, Rajhem, V M Road, Vile Parle West, Mumbai - 400056", "ELEVATOR_CONTACT_LIST": null, "ELEVATOR_INTERCOM": null, "WORKING_HRS": null, "EMPLOYEE_QTY": null, "EMPLOYEE_MALE": null, "EMPLOYEE_FEMALE": null, "EMPLOYEE_DIF_ABLE": null, "WORKING_HRS_STR": null, "WORKING_HRS_STP": null, "VISITORS_QTY": null, "VISITING_HRS_STR": null, "VISITING_HRS_STP": null, "VISITORS_QTY_2": null, "VISITING_HRS_STR_2": null, "VISITING_HRS_STP_2": null}}, {"type": "Feature", "id": 2011, "geometry": {"type": "Point", "coordinates": [72.83219769959584, 19.103364100288452]}, "properties": {"OBJECTID": 2011, "NAME": "Dental Care Center", "TYPE": 4, "SUBTYPE": "Clinic", "LOCATION": "Shop No 05, Swastik Plaza, Next To Kala Niketan, Vaikunthlal Mehta Rd, Yamuna Nagar, Nehru Nagar, Jvpd Scheme, Vile Parle West, Mumbai, Maharashtra 400049", "ELEVATOR_CONTACT_LIST": null, "ELEVATOR_INTERCOM": null, "WORKING_HRS": null, "EMPLOYEE_QTY": null, "EMPLOYEE_MALE": null, "EMPLOYEE_FEMALE": null, "EMPLOYEE_DIF_ABLE": null, "WORKING_HRS_STR": null, "WORKING_HRS_STP": null, "VISITORS_QTY": null, "VISITING_HRS_STR": null, "VISITING_HRS_STP": null, "VISITORS_QTY_2": null, "VISITING_HRS_STR_2": null, "VISITING_HRS_STP_2": null}}, {"type": "Feature", "id": 2012, "geometry": {"type": "Point", "coordinates": [72.84212699973419, 19.093812000110383]}, "properties": {"OBJECTID": 2012, "NAME": "Good Health Clinic", "TYPE": 4, "SUBTYPE": "Clinic", "LOCATION": "St Francis Rd, Lic Colony, Suresh Colony, Vile Parle West, Mumbai, Maharashtra 400056", "ELEVATOR_CONTACT_LIST": null, "ELEVATOR_INTERCOM": null, "WORKING_HRS": null, "EMPLOYEE_QTY": null, "EMPLOYEE_MALE": null, "EMPLOYEE_FEMALE": null, "EMPLOYEE_DIF_ABLE": null, "WORKING_HRS_STR": null, "WORKING_HRS_STP": null, "VISITORS_QTY": null, "VISITING_HRS_STR": null, "VISITING_HRS_STP": null, "VISITORS_QTY_2": null, "VISITING_HRS_STR_2": null, "VISITING_HRS_STP_2": null}}, {"type": "Feature", "id": 2013, "geometry": {"type": "Point", "coordinates": [72.84078170034773, 19.09697859961971]}, "properties": {"OBJECTID": 2013, "NAME": "(FOL) Bhide Laboratory Services", "TYPE": 4, "SUBTYPE": null, "LOCATION": "Anil Villa, 1St Floor, Eclat Polyclinic, Vp Road, Opp Nananvati Womens College, Lic Colony, Suresh Colony, Vile Parle West, Mumbai, Maharashtra 400056", "ELEVATOR_CONTACT_LIST": null, "ELEVATOR_INTERCOM": null, "WORKING_HRS": null, "EMPLOYEE_QTY": null, "EMPLOYEE_MALE": null, "EMPLOYEE_FEMALE": null, "EMPLOYEE_DIF_ABLE": null, "WORKING_HRS_STR": null, "WORKING_HRS_STP": null, "VISITORS_QTY": null, "VISITING_HRS_STR": null, "VISITING_HRS_STP": null, "VISITORS_QTY_2": null, "VISITING_HRS_STR_2": null, "VISITING_HRS_STP_2": null}}, {"type": "Feature", "id": 2014, "geometry": {"type": "Point", "coordinates": [72.83603089976351, 19.103301699973386]}, "properties": {"OBJECTID": 2014, "NAME": "Dr. Dhara Sharma", "TYPE": 4, "SUBTYPE": "Clinic", "LOCATION": "21 Pitru Chhaya, N S Road No 2-Juhu, Juhu, Mumbai - 400049, Behind Nmims\u00a0", "ELEVATOR_CONTACT_LIST": null, "ELEVATOR_INTERCOM": null, "WORKING_HRS": null, "EMPLOYEE_QTY": null, "EMPLOYEE_MALE": null, "EMPLOYEE_FEMALE": null, "EMPLOYEE_DIF_ABLE": null, "WORKING_HRS_STR": null, "WORKING_HRS_STP": null, "VISITORS_QTY": null, "VISITING_HRS_STR": null, "VISITING_HRS_STP": null, "VISITORS_QTY_2": null, "VISITING_HRS_STR_2": null, "VISITING_HRS_STP_2": null}}, {"type": "Feature", "id": 2015, "geometry": {"type": "Point", "coordinates": [72.83923209975605, 19.103386199812363]}, "properties": {"OBJECTID": 2015, "NAME": "Dr. Rm Shah- Shruti Clinic", "TYPE": 4, "SUBTYPE": "Clinic", "LOCATION": "Shreenath Darshan Near Golden Tobacco, Sv Rd, Gautam Ashish Society, Navpada, Vile Parle West, Mumbai, Maharashtra 400056", "ELEVATOR_CONTACT_LIST": null, "ELEVATOR_INTERCOM": null, "WORKING_HRS": null, "EMPLOYEE_QTY": null, "EMPLOYEE_MALE": null, "EMPLOYEE_FEMALE": null, "EMPLOYEE_DIF_ABLE": null, "WORKING_HRS_STR": null, "WORKING_HRS_STP": null, "VISITORS_QTY": null, "VISITING_HRS_STR": null, "VISITING_HRS_STP": null, "VISITORS_QTY_2": null, "VISITING_HRS_STR_2": null, "VISITING_HRS_STP_2": null}}, {"type": "Feature", "id": 2016, "geometry": {"type": "Point", "coordinates": [72.83930319983122, 19.103171099805426]}, "properties": {"OBJECTID": 2016, "NAME": "(Refuse) Richfeel Trichology Center", "TYPE": 4, "SUBTYPE": null, "LOCATION": "Shop No. 1, Ground Floor, Shree Mangal, Society, 167, Sv Rd, Gautam Ashish Society, Navpada, Vile Parle West, Mumbai, Maharashtra 400057", "ELEVATOR_CONTACT_LIST": null, "ELEVATOR_INTERCOM": null, "WORKING_HRS": null, "EMPLOYEE_QTY": null, "EMPLOYEE_MALE": null, "EMPLOYEE_FEMALE": null, "EMPLOYEE_DIF_ABLE": null, "WORKING_HRS_STR": null, "WORKING_HRS_STP": null, "VISITORS_QTY": null, "VISITING_HRS_STR": null, "VISITING_HRS_STP": null, "VISITORS_QTY_2": null, "VISITING_HRS_STR_2": null, "VISITING_HRS_STP_2": null}}, {"type": "Feature", "id": 2017, "geometry": {"type": "Point", "coordinates": [72.84263779975797, 19.09694880035739]}, "properties": {"OBJECTID": 2017, "NAME": "Vardhman Clinic", "TYPE": 4, "SUBTYPE": "General", "LOCATION": "Shop No. 1, Anand Apartment, Baptista Rd, Next To English Star Bakery, Lic Colony, Suresh Colony, Vile Parle West, Mumbai, Maharashtra 400056", "ELEVATOR_CONTACT_LIST": null, "ELEVATOR_INTERCOM": null, "WORKING_HRS": null, "EMPLOYEE_QTY": null, "EMPLOYEE_MALE": null, "EMPLOYEE_FEMALE": null, "EMPLOYEE_DIF_ABLE": null, "WORKING_HRS_STR": null, "WORKING_HRS_STP": null, "VISITORS_QTY": null, "VISITING_HRS_STR": null, "VISITING_HRS_STP": null, "VISITORS_QTY_2": null, "VISITING_HRS_STR_2": null, "VISITING_HRS_STP_2": null}}, {"type": "Feature", "id": 2018, "geometry": {"type": "Point", "coordinates": [72.84545099974576, 19.10455600008104]}, "properties": {"OBJECTID": 2018, "NAME": "Dr. Hemal H Mehta", "TYPE": 4, "SUBTYPE": "Clinic", "LOCATION": "Vireshwar Krupa, Shop No. 5, Near Dwarkadhish Temple, Old, Tejpal Rd, Vishnu Prasad Society, Navpada, Vile Parle East, Vile Parle, Mumbai, Maharashtra 400057", "ELEVATOR_CONTACT_LIST": null, "ELEVATOR_INTERCOM": null, "WORKING_HRS": null, "EMPLOYEE_QTY": null, "EMPLOYEE_MALE": null, "EMPLOYEE_FEMALE": null, "EMPLOYEE_DIF_ABLE": null, "WORKING_HRS_STR": null, "WORKING_HRS_STP": null, "VISITORS_QTY": null, "VISITING_HRS_STR": null, "VISITING_HRS_STP": null, "VISITORS_QTY_2": null, "VISITING_HRS_STR_2": null, "VISITING_HRS_STP_2": null}}, {"type": "Feature", "id": 2019, "geometry": {"type": "Point", "coordinates": [72.83942150011623, 19.104978900167367]}, "properties": {"OBJECTID": 2019, "NAME": "The Smile Spa", "TYPE": 4, "SUBTYPE": "Clinic", "LOCATION": "Opp. Sony Mony, Queen'S Lawn Co-Operative Housing Society, Shop No 8, Sv Rd, Pond Gaothan, Navpada, Kamala Nagar, Vile Parle West, Mumbai, Maharashtra 400056", "ELEVATOR_CONTACT_LIST": null, "ELEVATOR_INTERCOM": null, "WORKING_HRS": null, "EMPLOYEE_QTY": null, "EMPLOYEE_MALE": null, "EMPLOYEE_FEMALE": null, "EMPLOYEE_DIF_ABLE": null, "WORKING_HRS_STR": null, "WORKING_HRS_STP": null, "VISITORS_QTY": null, "VISITING_HRS_STR": null, "VISITING_HRS_STP": null, "VISITORS_QTY_2": null, "VISITING_HRS_STR_2": null, "VISITING_HRS_STP_2": null}}, {"type": "Feature", "id": 2020, "geometry": {"type": "Point", "coordinates": [72.83950370046891, 19.10542869994867]}, "properties": {"OBJECTID": 2020, "NAME": "Calipsonic - Hearing Aid & Speech Therepy Clinic In Mumbai", "TYPE": 4, "SUBTYPE": "Clinic", "LOCATION": "301, Om Jaydeep Heights, 3Rd Floor, Ns Road, Road No.1, Opposite Bhaidas Hall Mithibai College, Navpada, Jvpd Scheme, Vile Parle West, Mumbai, Maharashtra 400056", "ELEVATOR_CONTACT_LIST": null, "ELEVATOR_INTERCOM": null, "WORKING_HRS": null, "EMPLOYEE_QTY": null, "EMPLOYEE_MALE": null, "EMPLOYEE_FEMALE": null, "EMPLOYEE_DIF_ABLE": null, "WORKING_HRS_STR": null, "WORKING_HRS_STP": null, "VISITORS_QTY": null, "VISITING_HRS_STR": null, "VISITING_HRS_STP": null, "VISITORS_QTY_2": null, "VISITING_HRS_STR_2": null, "VISITING_HRS_STP_2": null}}, {"type": "Feature", "id": 2021, "geometry": {"type": "Point", "coordinates": [72.84049669971418, 19.107479700288174]}, "properties": {"OBJECTID": 2021, "NAME": "(Refuse) New Empire Chemists", "TYPE": 4, "SUBTYPE": "General", "LOCATION": "Shop No. 3, Empire House, Opp. Irla Petrol Pump, Sv Rd, Navpada, Irla, Vile Parle West, Mumbai, Maharashtra 400056", "ELEVATOR_CONTACT_LIST": null, "ELEVATOR_INTERCOM": null, "WORKING_HRS": null, "EMPLOYEE_QTY": null, "EMPLOYEE_MALE": null, "EMPLOYEE_FEMALE": null, "EMPLOYEE_DIF_ABLE": null, "WORKING_HRS_STR": null, "WORKING_HRS_STP": null, "VISITORS_QTY": null, "VISITING_HRS_STR": null, "VISITING_HRS_STP": null, "VISITORS_QTY_2": null, "VISITING_HRS_STR_2": null, "VISITING_HRS_STP_2": null}}, {"type": "Feature", "id": 2022, "geometry": {"type": "Point", "coordinates": [72.84024560000053, 19.107589999690646]}, "properties": {"OBJECTID": 2022, "NAME": "Anuvansh Clinic", "TYPE": 4, "SUBTYPE": "Clinic", "LOCATION": "Bus Stop, Shop: 3, First Floor, Shanti Niketan Bh Irla, Sv Rd, Navpada, Irla, Vile Parle West, Mumbai, Maharashtra 400056", "ELEVATOR_CONTACT_LIST": null, "ELEVATOR_INTERCOM": null, "WORKING_HRS": null, "EMPLOYEE_QTY": null, "EMPLOYEE_MALE": null, "EMPLOYEE_FEMALE": null, "EMPLOYEE_DIF_ABLE": null, "WORKING_HRS_STR": null, "WORKING_HRS_STP": null, "VISITORS_QTY": null, "VISITING_HRS_STR": null, "VISITING_HRS_STP": null, "VISITORS_QTY_2": null, "VISITING_HRS_STR_2": null, "VISITING_HRS_STP_2": null}}, {"type": "Feature", "id": 2023, "geometry": {"type": "Point", "coordinates": [72.84091149965936, 19.107802200439544]}, "properties": {"OBJECTID": 2023, "NAME": "KLS Memorial Hospital", "TYPE": 4, "SUBTYPE": "Speciality", "LOCATION": "KLS Memorial Hospital,Ground Floor, Irla Road, Navpada, Vile Parle West, Mumbai Maharashtra 400056", "ELEVATOR_CONTACT_LIST": "Yes", "ELEVATOR_INTERCOM": "Yes", "WORKING_HRS": "Yes", "EMPLOYEE_QTY": 165, "EMPLOYEE_MALE": null, "EMPLOYEE_FEMALE": null, "EMPLOYEE_DIF_ABLE": null, "WORKING_HRS_STR": null, "WORKING_HRS_STP": null, "VISITORS_QTY": null, "VISITING_HRS_STR": null, "VISITING_HRS_STP": null, "VISITORS_QTY_2": null, "VISITING_HRS_STR_2": null, "VISITING_HRS_STP_2": null}}, {"type": "Feature", "id": 2024, "geometry": {"type": "Point", "coordinates": [72.84089909957609, 19.10786879976121]}, "properties": {"OBJECTID": 2024, "NAME": "(Refuse) Noble Medicals", "TYPE": 4, "SUBTYPE": "Clinic", "LOCATION": "Irla, Vile Parle (West), Navpada, Irla, Vile Parle West, Mumbai, Maharashtra 400056", "ELEVATOR_CONTACT_LIST": null, "ELEVATOR_INTERCOM": null, "WORKING_HRS": null, "EMPLOYEE_QTY": null, "EMPLOYEE_MALE": null, "EMPLOYEE_FEMALE": null, "EMPLOYEE_DIF_ABLE": null, "WORKING_HRS_STR": null, "WORKING_HRS_STP": null, "VISITORS_QTY": null, "VISITING_HRS_STR": null, "VISITING_HRS_STP": null, "VISITORS_QTY_2": null, "VISITING_HRS_STR_2": null, "VISITING_HRS_STP_2": null}}, {"type": "Feature", "id": 2025, "geometry": {"type": "Point", "coordinates": [72.8433592995333, 19.10603480003006]}, "properties": {"OBJECTID": 2025, "NAME": "Dr. Nandini Shah Dental Surgeon", "TYPE": 4, "SUBTYPE": "Clinic", "LOCATION": "A-1, Captain Vinayak Gore Flyover, Navpada, Irla, Vile Parle, Mumbai, Maharashtra 400047", "ELEVATOR_CONTACT_LIST": null, "ELEVATOR_INTERCOM": null, "WORKING_HRS": null, "EMPLOYEE_QTY": null, "EMPLOYEE_MALE": null, "EMPLOYEE_FEMALE": null, "EMPLOYEE_DIF_ABLE": null, "WORKING_HRS_STR": null, "WORKING_HRS_STP": null, "VISITORS_QTY": null, "VISITING_HRS_STR": null, "VISITING_HRS_STP": null, "VISITORS_QTY_2": null, "VISITING_HRS_STR_2": null, "VISITING_HRS_STP_2": null}}, {"type": "Feature", "id": 2026, "geometry": {"type": "Point", "coordinates": [72.84261670035661, 19.106139000033366]}, "properties": {"OBJECTID": 2026, "NAME": "Dr. Parimal C Jariwala", "TYPE": 4, "SUBTYPE": "Clinic", "LOCATION": "Shop No.16 Kalpana Apartments, Dadabhai Rd, Navpada, Irla, Vile Parle West, Mumbai, Maharashtra 400056", "ELEVATOR_CONTACT_LIST": null, "ELEVATOR_INTERCOM": null, "WORKING_HRS": null, "EMPLOYEE_QTY": null, "EMPLOYEE_MALE": null, "EMPLOYEE_FEMALE": null, "EMPLOYEE_DIF_ABLE": null, "WORKING_HRS_STR": null, "WORKING_HRS_STP": null, "VISITORS_QTY": null, "VISITING_HRS_STR": null, "VISITING_HRS_STP": null, "VISITORS_QTY_2": null, "VISITING_HRS_STR_2": null, "VISITING_HRS_STP_2": null}}, {"type": "Feature", "id": 2027, "geometry": {"type": "Point", "coordinates": [72.84185730008073, 19.105968900264315]}, "properties": {"OBJECTID": 2027, "NAME": "(Refuse) Lxcacao", "TYPE": 4, "SUBTYPE": null, "LOCATION": "Shop No.3, Labh Ashish Building, Opposite Gokalibai School, Dadabhai Rd, Pond Gaothan, Navpada, Kamala Nagar, Vile Parle, Mumbai, Maharashtra 400056", "ELEVATOR_CONTACT_LIST": null, "ELEVATOR_INTERCOM": null, "WORKING_HRS": null, "EMPLOYEE_QTY": null, "EMPLOYEE_MALE": null, "EMPLOYEE_FEMALE": null, "EMPLOYEE_DIF_ABLE": null, "WORKING_HRS_STR": null, "WORKING_HRS_STP": null, "VISITORS_QTY": null, "VISITING_HRS_STR": null, "VISITING_HRS_STP": null, "VISITORS_QTY_2": null, "VISITING_HRS_STR_2": null, "VISITING_HRS_STP_2": null}}, {"type": "Feature", "id": 2028, "geometry": {"type": "Point", "coordinates": [72.8367138002228, 19.103983099733846]}, "properties": {"OBJECTID": 2028, "NAME": "Dr. Rakesh Mehta. Dental Experts- Multispeciality Dental Clinic", "TYPE": 4, "SUBTYPE": "Clinic", "LOCATION": "Aum Jaydeep Heights, Ground Floor, J.V.D.P. Scheme, Vile Parle West, North South Road Number 1, Juhu, Navyug Society, Swastik Society, Vile Parle West, Mumbai, Maharashtra 400056", "ELEVATOR_CONTACT_LIST": null, "ELEVATOR_INTERCOM": null, "WORKING_HRS": null, "EMPLOYEE_QTY": null, "EMPLOYEE_MALE": null, "EMPLOYEE_FEMALE": null, "EMPLOYEE_DIF_ABLE": null, "WORKING_HRS_STR": null, "WORKING_HRS_STP": null, "VISITORS_QTY": null, "VISITING_HRS_STR": null, "VISITING_HRS_STP": null, "VISITORS_QTY_2": null, "VISITING_HRS_STR_2": null, "VISITING_HRS_STP_2": null}}, {"type": "Feature", "id": 2029, "geometry": {"type": "Point", "coordinates": [72.8440879000427, 19.106389900191335]}, "properties": {"OBJECTID": 2029, "NAME": "Teeth Dental Care Studio", "TYPE": 4, "SUBTYPE": "Clinic", "LOCATION": "4/Alka Buliding,Dadabhai Cross Rd Number 3, Navpada, Irla, Vile Parle West, Mumbai, Maharashtra 400056", "ELEVATOR_CONTACT_LIST": null, "ELEVATOR_INTERCOM": null, "WORKING_HRS": null, "EMPLOYEE_QTY": null, "EMPLOYEE_MALE": null, "EMPLOYEE_FEMALE": null, "EMPLOYEE_DIF_ABLE": null, "WORKING_HRS_STR": null, "WORKING_HRS_STP": null, "VISITORS_QTY": null, "VISITING_HRS_STR": null, "VISITING_HRS_STP": null, "VISITORS_QTY_2": null, "VISITING_HRS_STR_2": null, "VISITING_HRS_STP_2": null}}, {"type": "Feature", "id": 2030, "geometry": {"type": "Point", "coordinates": [72.84851399980239, 19.13734699995002]}, "properties": {"OBJECTID": 2030, "NAME": "Pooja Hospital & Nursing Home", "TYPE": 4, "SUBTYPE": "General", "LOCATION": "101-C, 1St Floor, Sani Shopping Centre, Jogeshwari West, Opp Railway Station, Near, Momin Nagar, Jogeshwari, Mumbai, Maharashtra 400102", "ELEVATOR_CONTACT_LIST": null, "ELEVATOR_INTERCOM": null, "WORKING_HRS": null, "EMPLOYEE_QTY": null, "EMPLOYEE_MALE": null, "EMPLOYEE_FEMALE": null, "EMPLOYEE_DIF_ABLE": null, "WORKING_HRS_STR": null, "WORKING_HRS_STP": null, "VISITORS_QTY": null, "VISITING_HRS_STR": null, "VISITING_HRS_STP": null, "VISITORS_QTY_2": null, "VISITING_HRS_STR_2": null, "VISITING_HRS_STP_2": null}}, {"type": "Feature", "id": 2031, "geometry": {"type": "Point", "coordinates": [72.84339499998916, 19.111034999844804]}, "properties": {"OBJECTID": 2031, "NAME": "Surya Maternity Hospital", "TYPE": 4, "SUBTYPE": "Maternity Home", "LOCATION": "Lallubhai Park Rd, Near Sai Jyote Building, Navpada, T E Colony, Andheri West, Mumbai, Maharashtra 400056", "ELEVATOR_CONTACT_LIST": null, "ELEVATOR_INTERCOM": null, "WORKING_HRS": null, "EMPLOYEE_QTY": null, "EMPLOYEE_MALE": null, "EMPLOYEE_FEMALE": null, "EMPLOYEE_DIF_ABLE": null, "WORKING_HRS_STR": null, "WORKING_HRS_STP": null, "VISITORS_QTY": null, "VISITING_HRS_STR": null, "VISITING_HRS_STP": null, "VISITORS_QTY_2": null, "VISITING_HRS_STR_2": null, "VISITING_HRS_STP_2": null}}, {"type": "Feature", "id": 2032, "geometry": {"type": "Point", "coordinates": [72.82827199970434, 19.111732999908604]}, "properties": {"OBJECTID": 2032, "NAME": "Bhartiy Aaroygya Nidhi Hospital", "TYPE": 3, "SUBTYPE": "General", "LOCATION": "N.S. Road Number 13, Chand Society, Juhu, Chand Society, Vile Parle West, Mumbai, Maharashtra 400049", "ELEVATOR_CONTACT_LIST": "No", "ELEVATOR_INTERCOM": "Yes", "WORKING_HRS": null, "EMPLOYEE_QTY": 420, "EMPLOYEE_MALE": null, "EMPLOYEE_FEMALE": null, "EMPLOYEE_DIF_ABLE": null, "WORKING_HRS_STR": null, "WORKING_HRS_STP": null, "VISITORS_QTY": null, "VISITING_HRS_STR": null, "VISITING_HRS_STP": null, "VISITORS_QTY_2": null, "VISITING_HRS_STR_2": null, "VISITING_HRS_STP_2": null}}, {"type": "Feature", "id": 2033, "geometry": {"type": "Point", "coordinates": [72.83762000030286, 19.10958700009967]}, "properties": {"OBJECTID": 2033, "NAME": "Advance Multispeciality Hospital", "TYPE": 4, "SUBTYPE": "Speciality", "LOCATION": "Cmph Medical College Campus, Natakar Gadkari Marg, Navpada, Irla, Vile Parle West, Mumbai, Maharashtra 400056", "ELEVATOR_CONTACT_LIST": null, "ELEVATOR_INTERCOM": null, "WORKING_HRS": null, "EMPLOYEE_QTY": null, "EMPLOYEE_MALE": null, "EMPLOYEE_FEMALE": null, "EMPLOYEE_DIF_ABLE": null, "WORKING_HRS_STR": null, "WORKING_HRS_STP": null, "VISITORS_QTY": null, "VISITING_HRS_STR": null, "VISITING_HRS_STP": null, "VISITORS_QTY_2": null, "VISITING_HRS_STR_2": null, "VISITING_HRS_STP_2": null}}, {"type": "Feature", "id": 2034, "geometry": {"type": "Point", "coordinates": [72.82756199995649, 19.10987500002407]}, "properties": {"OBJECTID": 2034, "NAME": "Lotus Eye Hospital", "TYPE": 4, "SUBTYPE": "Speciality", "LOCATION": "Bus Terminus, 13Th, North South Road, Vithal Nagar, Juhu, Mumbai, Maharashtra 400049", "ELEVATOR_CONTACT_LIST": null, "ELEVATOR_INTERCOM": null, "WORKING_HRS": null, "EMPLOYEE_QTY": null, "EMPLOYEE_MALE": null, "EMPLOYEE_FEMALE": null, "EMPLOYEE_DIF_ABLE": null, "WORKING_HRS_STR": null, "WORKING_HRS_STP": null, "VISITORS_QTY": null, "VISITING_HRS_STR": null, "VISITING_HRS_STP": null, "VISITORS_QTY_2": null, "VISITING_HRS_STR_2": null, "VISITING_HRS_STP_2": null}}, {"type": "Feature", "id": 2035, "geometry": {"type": "Point", "coordinates": [72.84260499999706, 19.140122000334987]}, "properties": {"OBJECTID": 2035, "NAME": "Millat Nursing Home", "TYPE": 1, "SUBTYPE": "Nursing Home", "LOCATION": "Millat School Complex, 141, S V Road, Opposite 24 Karat Multiplex, Shastri Nagar, Jogeshwari, Mumbai, Maharashtra 400102", "ELEVATOR_CONTACT_LIST": "Yes", "ELEVATOR_INTERCOM": "Yes", "WORKING_HRS": "Yes", "EMPLOYEE_QTY": 165, "EMPLOYEE_MALE": null, "EMPLOYEE_FEMALE": null, "EMPLOYEE_DIF_ABLE": null, "WORKING_HRS_STR": null, "WORKING_HRS_STP": null, "VISITORS_QTY": null, "VISITING_HRS_STR": null, "VISITING_HRS_STP": null, "VISITORS_QTY_2": null, "VISITING_HRS_STR_2": null, "VISITING_HRS_STP_2": null}}, {"type": "Feature", "id": 2036, "geometry": {"type": "Point", "coordinates": [72.82737899978835, 19.136253000003297]}, "properties": {"OBJECTID": 2036, "NAME": "Axis Multi Speciality Hospital", "TYPE": 4, "SUBTYPE": "Speciality", "LOCATION": "Sai Dwar, Vastu Lane, Opposite Indigo Delicatessen, Oberoi Raviraj Complex, Lokhandwala, Andheri West, Shastri Nagar, Andheri West, Mumbai, Maharashtra 400053", "ELEVATOR_CONTACT_LIST": null, "ELEVATOR_INTERCOM": null, "WORKING_HRS": null, "EMPLOYEE_QTY": null, "EMPLOYEE_MALE": null, "EMPLOYEE_FEMALE": null, "EMPLOYEE_DIF_ABLE": null, "WORKING_HRS_STR": null, "WORKING_HRS_STP": null, "VISITORS_QTY": null, "VISITING_HRS_STR": null, "VISITING_HRS_STP": null, "VISITORS_QTY_2": null, "VISITING_HRS_STR_2": null, "VISITING_HRS_STP_2": null}}, {"type": "Feature", "id": 2037, "geometry": {"type": "Point", "coordinates": [72.84460999987384, 19.1357499997454]}, "properties": {"OBJECTID": 2037, "NAME": "Jogeshwari Hospital", "TYPE": 4, "SUBTYPE": "Nursing Home", "LOCATION": "Anmol Appt. Ground Floor ,Sankar Road ,Jogeshwari West, Mumbai 400102", "ELEVATOR_CONTACT_LIST": "Yes", "ELEVATOR_INTERCOM": "Yes", "WORKING_HRS": "Yes", "EMPLOYEE_QTY": 20, "EMPLOYEE_MALE": null, "EMPLOYEE_FEMALE": null, "EMPLOYEE_DIF_ABLE": null, "WORKING_HRS_STR": null, "WORKING_HRS_STP": null, "VISITORS_QTY": null, "VISITING_HRS_STR": null, "VISITING_HRS_STP": null, "VISITORS_QTY_2": null, "VISITING_HRS_STR_2": null, "VISITING_HRS_STP_2": null}}, {"type": "Feature", "id": 2038, "geometry": {"type": "Point", "coordinates": [72.83748400044638, 19.111013000145338]}, "properties": {"OBJECTID": 2038, "NAME": "Jewel Nursing Home", "TYPE": 4, "SUBTYPE": "Nursing Home", "LOCATION": "85, Gulmohar Road, Ongc Colony, Jvpd, Ville Parle West, Mumbai, Maharashtra 400058", "ELEVATOR_CONTACT_LIST": "Yes", "ELEVATOR_INTERCOM": "No", "WORKING_HRS": "No", "EMPLOYEE_QTY": 15, "EMPLOYEE_MALE": null, "EMPLOYEE_FEMALE": null, "EMPLOYEE_DIF_ABLE": null, "WORKING_HRS_STR": null, "WORKING_HRS_STP": null, "VISITORS_QTY": null, "VISITING_HRS_STR": null, "VISITING_HRS_STP": null, "VISITORS_QTY_2": null, "VISITING_HRS_STR_2": null, "VISITING_HRS_STP_2": null}}, {"type": "Feature", "id": 2039, "geometry": {"type": "Point", "coordinates": [72.82908400026275, 19.145018000436217]}, "properties": {"OBJECTID": 2039, "NAME": "Lokhandwala Health Post", "TYPE": 1, "SUBTYPE": "Health Post", "LOCATION": "Highland Park, Andheri West, Mumbai, Maharashtra 400058", "ELEVATOR_CONTACT_LIST": "No", "ELEVATOR_INTERCOM": "No", "WORKING_HRS": "No", "EMPLOYEE_QTY": 6, "EMPLOYEE_MALE": null, "EMPLOYEE_FEMALE": null, "EMPLOYEE_DIF_ABLE": null, "WORKING_HRS_STR": null, "WORKING_HRS_STP": null, "VISITORS_QTY": null, "VISITING_HRS_STR": null, "VISITING_HRS_STP": null, "VISITORS_QTY_2": null, "VISITING_HRS_STR_2": null, "VISITING_HRS_STP_2": null}}, {"type": "Feature", "id": 2040, "geometry": {"type": "Point", "coordinates": [72.83164800010414, 19.150379000444293]}, "properties": {"OBJECTID": 2040, "NAME": "Sabka Dentist - Oshiwara", "TYPE": 4, "SUBTYPE": "Clinic", "LOCATION": "Shop No 12, Oshiwara Ekdant Chs Ltd, Next To Great Home Super Market, Opp. Mohan Medical, Andheri Link Road Extension, Mhada Lay-Out, Oshiwara, Jogeshwari West, Mumbai, Maharashtra 400102", "ELEVATOR_CONTACT_LIST": null, "ELEVATOR_INTERCOM": null, "WORKING_HRS": null, "EMPLOYEE_QTY": null, "EMPLOYEE_MALE": null, "EMPLOYEE_FEMALE": null, "EMPLOYEE_DIF_ABLE": null, "WORKING_HRS_STR": null, "WORKING_HRS_STP": null, "VISITORS_QTY": null, "VISITING_HRS_STR": null, "VISITING_HRS_STP": null, "VISITORS_QTY_2": null, "VISITING_HRS_STR_2": null, "VISITING_HRS_STP_2": null}}, {"type": "Feature", "id": 2041, "geometry": {"type": "Point", "coordinates": [72.81207599957868, 19.135859999782426]}, "properties": {"OBJECTID": 2041, "NAME": "Haji Abdul Razaq Kalsekar Hospital", "TYPE": 4, "SUBTYPE": "General", "LOCATION": "60, Yari Rd, Jeet Nagar, Versova, Andheri West, Mumbai, Maharashtra 400061", "ELEVATOR_CONTACT_LIST": null, "ELEVATOR_INTERCOM": null, "WORKING_HRS": null, "EMPLOYEE_QTY": null, "EMPLOYEE_MALE": null, "EMPLOYEE_FEMALE": null, "EMPLOYEE_DIF_ABLE": null, "WORKING_HRS_STR": null, "WORKING_HRS_STP": null, "VISITORS_QTY": null, "VISITING_HRS_STR": null, "VISITING_HRS_STP": null, "VISITORS_QTY_2": null, "VISITING_HRS_STR_2": null, "VISITING_HRS_STP_2": null}}, {"type": "Feature", "id": 2042, "geometry": {"type": "Point", "coordinates": [72.82684477887138, 19.12866116575829]}, "properties": {"OBJECTID": 2042, "NAME": "Akanksha Maternity And Surgical Hospital", "TYPE": 4, "SUBTYPE": "General", "LOCATION": "Ground Floor, No.6, Manish Tower Society, Jp Road, Four Bungalows, Andheri West, Gharkul Society, Manish Nagar, Four Bungalows, Andheri West, Mumbai, Maharashtra 400053", "ELEVATOR_CONTACT_LIST": null, "ELEVATOR_INTERCOM": null, "WORKING_HRS": null, "EMPLOYEE_QTY": null, "EMPLOYEE_MALE": null, "EMPLOYEE_FEMALE": null, "EMPLOYEE_DIF_ABLE": null, "WORKING_HRS_STR": null, "WORKING_HRS_STP": null, "VISITORS_QTY": null, "VISITING_HRS_STR": null, "VISITING_HRS_STP": null, "VISITORS_QTY_2": null, "VISITING_HRS_STR_2": null, "VISITING_HRS_STP_2": null}}, {"type": "Feature", "id": 2043, "geometry": {"type": "Point", "coordinates": [72.80972399964612, 19.13778300043137]}, "properties": {"OBJECTID": 2043, "NAME": "Vimala Dermatological Centre", "TYPE": 4, "SUBTYPE": "Speciality", "LOCATION": "B-405, Yari Road, Versova, Sai Nagar, Versova, Andheri West, Mumbai, Maharashtra 400061", "ELEVATOR_CONTACT_LIST": "No", "ELEVATOR_INTERCOM": "Yes", "WORKING_HRS": null, "EMPLOYEE_QTY": 14, "EMPLOYEE_MALE": null, "EMPLOYEE_FEMALE": null, "EMPLOYEE_DIF_ABLE": null, "WORKING_HRS_STR": null, "WORKING_HRS_STP": null, "VISITORS_QTY": null, "VISITING_HRS_STR": null, "VISITING_HRS_STP": null, "VISITORS_QTY_2": null, "VISITING_HRS_STR_2": null, "VISITING_HRS_STP_2": null}}, {"type": "Feature", "id": 2044, "geometry": {"type": "Point", "coordinates": [72.84349999995591, 19.1396190003933]}, "properties": {"OBJECTID": 2044, "NAME": "Diomand Hospital", "TYPE": 4, "SUBTYPE": "Nursing Home", "LOCATION": "S V Road, Shastri Nagar, Jogeshwari, Mumbai, Maharashtra 400102", "ELEVATOR_CONTACT_LIST": null, "ELEVATOR_INTERCOM": null, "WORKING_HRS": null, "EMPLOYEE_QTY": 18, "EMPLOYEE_MALE": null, "EMPLOYEE_FEMALE": null, "EMPLOYEE_DIF_ABLE": null, "WORKING_HRS_STR": null, "WORKING_HRS_STP": null, "VISITORS_QTY": null, "VISITING_HRS_STR": null, "VISITING_HRS_STP": null, "VISITORS_QTY_2": null, "VISITING_HRS_STR_2": null, "VISITING_HRS_STP_2": null}}, {"type": "Feature", "id": 2045, "geometry": {"type": "Point", "coordinates": [72.84461900030401, 19.11248500016051]}, "properties": {"OBJECTID": 2045, "NAME": "Masrani Hospital For Women And Mimas", "TYPE": 4, "SUBTYPE": "General", "LOCATION": "Matru Ashish Building, Near Hotel Karl Residency, Lalubhai Park, Andheri West, Mumbai, Maharashtra 400058", "ELEVATOR_CONTACT_LIST": null, "ELEVATOR_INTERCOM": null, "WORKING_HRS": null, "EMPLOYEE_QTY": null, "EMPLOYEE_MALE": null, "EMPLOYEE_FEMALE": null, "EMPLOYEE_DIF_ABLE": null, "WORKING_HRS_STR": null, "WORKING_HRS_STP": null, "VISITORS_QTY": null, "VISITING_HRS_STR": null, "VISITING_HRS_STP": null, "VISITORS_QTY_2": null, "VISITING_HRS_STR_2": null, "VISITING_HRS_STP_2": null}}, {"type": "Feature", "id": 2046, "geometry": {"type": "Point", "coordinates": [72.83396799957929, 19.116790000231]}, "properties": {"OBJECTID": 2046, "NAME": "Sujay Hospital", "TYPE": 4, "SUBTYPE": "Nursing Home", "LOCATION": "Sujay Hospital 25, Gulmohar Park, Gulmohar Road, Jvpd Scheme, Vile Parle West, Mumbai, Maharashtra 400049", "ELEVATOR_CONTACT_LIST": "Yes", "ELEVATOR_INTERCOM": "Yes", "WORKING_HRS": "Yes", "EMPLOYEE_QTY": 21, "EMPLOYEE_MALE": null, "EMPLOYEE_FEMALE": null, "EMPLOYEE_DIF_ABLE": null, "WORKING_HRS_STR": null, "WORKING_HRS_STP": null, "VISITORS_QTY": null, "VISITING_HRS_STR": null, "VISITING_HRS_STP": null, "VISITORS_QTY_2": null, "VISITING_HRS_STR_2": null, "VISITING_HRS_STP_2": null}}, {"type": "Feature", "id": 2051, "geometry": {"type": "Point", "coordinates": [72.85570593999628, 19.063699928394147]}, "properties": {"OBJECTID": 2051, "NAME": "Golibar Health Post.", "TYPE": 1, "SUBTYPE": "Health Post", "LOCATION": "Patthar 400051, G Block BKC, Patthar Nagar, Valmiki Nagar, Bandra East, Mumbai, Maharashtra, 400051", "ELEVATOR_CONTACT_LIST": null, "ELEVATOR_INTERCOM": null, "WORKING_HRS": null, "EMPLOYEE_QTY": null, "EMPLOYEE_MALE": null, "EMPLOYEE_FEMALE": null, "EMPLOYEE_DIF_ABLE": null, "WORKING_HRS_STR": null, "WORKING_HRS_STP": null, "VISITORS_QTY": null, "VISITING_HRS_STR": null, "VISITING_HRS_STP": null, "VISITORS_QTY_2": null, "VISITING_HRS_STR_2": null, "VISITING_HRS_STP_2": null}}, {"type": "Feature", "id": 2052, "geometry": {"type": "Point", "coordinates": [72.84323600038313, 19.070784000392642]}, "properties": {"OBJECTID": 2052, "NAME": "Jawahar Nagar Dispensary", "TYPE": 1, "SUBTYPE": "Dispensary", "LOCATION": "A509, Khar Road East, Ambewadi, Golibar, Khar East, Mumbai, Maharashtra, 400055", "ELEVATOR_CONTACT_LIST": null, "ELEVATOR_INTERCOM": null, "WORKING_HRS": "No", "EMPLOYEE_QTY": null, "EMPLOYEE_MALE": null, "EMPLOYEE_FEMALE": null, "EMPLOYEE_DIF_ABLE": null, "WORKING_HRS_STR": null, "WORKING_HRS_STP": null, "VISITORS_QTY": null, "VISITING_HRS_STR": null, "VISITING_HRS_STP": null, "VISITORS_QTY_2": null, "VISITING_HRS_STR_2": null, "VISITING_HRS_STP_2": null}}, {"type": "Feature", "id": 2053, "geometry": {"type": "Point", "coordinates": [72.84488500026599, 19.061691000117143]}, "properties": {"OBJECTID": 2053, "NAME": "Kherwadi Maternity Home /Dispensary & Health Post", "TYPE": 1, "SUBTYPE": "Maternity Home", "LOCATION": "3, Ram Mandir Rd, Kherwadi, Bandra East, Mumbai, Maharashtra, 400051", "ELEVATOR_CONTACT_LIST": "NO", "ELEVATOR_INTERCOM": "NO", "WORKING_HRS": "Yes", "EMPLOYEE_QTY": 55, "EMPLOYEE_MALE": null, "EMPLOYEE_FEMALE": null, "EMPLOYEE_DIF_ABLE": null, "WORKING_HRS_STR": null, "WORKING_HRS_STP": null, "VISITORS_QTY": null, "VISITING_HRS_STR": null, "VISITING_HRS_STP": null, "VISITORS_QTY_2": null, "VISITING_HRS_STR_2": null, "VISITING_HRS_STP_2": null}}, {"type": "Feature", "id": 2275, "geometry": {"type": "Point", "coordinates": [72.85446066396901, 19.228853251834956]}, "properties": {"OBJECTID": 2275, "NAME": "Purohit Hospital", "TYPE": 1, "SUBTYPE": "General", "LOCATION": "Purohit Hospital, L T Road, Near Diamond Soc, Borivali, Mumbai, Maharshtra, 400092", "ELEVATOR_CONTACT_LIST": null, "ELEVATOR_INTERCOM": null, "WORKING_HRS": null, "EMPLOYEE_QTY": null, "EMPLOYEE_MALE": null, "EMPLOYEE_FEMALE": null, "EMPLOYEE_DIF_ABLE": null, "WORKING_HRS_STR": null, "WORKING_HRS_STP": null, "VISITORS_QTY": null, "VISITING_HRS_STR": null, "VISITING_HRS_STP": null, "VISITORS_QTY_2": null, "VISITING_HRS_STR_2": null, "VISITING_HRS_STP_2": null}}, {"type": "Feature", "id": 2276, "geometry": {"type": "Point", "coordinates": [72.8615199029696, 19.231233850599715]}, "properties": {"OBJECTID": 2276, "NAME": "National Hospital", "TYPE": 1, "SUBTYPE": "General", "LOCATION": "National Hospital, M G Road, Near Shah Clinic, Borivali, Mumbai, Maharshtra, 400066", "ELEVATOR_CONTACT_LIST": null, "ELEVATOR_INTERCOM": null, "WORKING_HRS": null, "EMPLOYEE_QTY": null, "EMPLOYEE_MALE": null, "EMPLOYEE_FEMALE": null, "EMPLOYEE_DIF_ABLE": null, "WORKING_HRS_STR": null, "WORKING_HRS_STP": null, "VISITORS_QTY": null, "VISITING_HRS_STR": null, "VISITING_HRS_STP": null, "VISITORS_QTY_2": null, "VISITING_HRS_STR_2": null, "VISITING_HRS_STP_2": null}}, {"type": "Feature", "id": 2277, "geometry": {"type": "Point", "coordinates": [72.86285530799036, 19.229748830230186]}, "properties": {"OBJECTID": 2277, "NAME": "Narendar Hospital", "TYPE": 4, "SUBTYPE": "General", "LOCATION": "Narendar Hospital, Kasturba Road, Near Parmar Hospital, Borivali, Mumbai, Maharshtra, 400066", "ELEVATOR_CONTACT_LIST": null, "ELEVATOR_INTERCOM": null, "WORKING_HRS": null, "EMPLOYEE_QTY": null, "EMPLOYEE_MALE": null, "EMPLOYEE_FEMALE": null, "EMPLOYEE_DIF_ABLE": null, "WORKING_HRS_STR": null, "WORKING_HRS_STP": null, "VISITORS_QTY": null, "VISITING_HRS_STR": null, "VISITING_HRS_STP": null, "VISITORS_QTY_2": null, "VISITING_HRS_STR_2": null, "VISITING_HRS_STP_2": null}}, {"type": "Feature", "id": 2278, "geometry": {"type": "Point", "coordinates": [72.85811969958498, 19.225692799840207]}, "properties": {"OBJECTID": 2278, "NAME": "Krantivir Joyti Savitribai Fule Hospital", "TYPE": 1, "SUBTYPE": "General", "LOCATION": "Krantivir Joyti Savitribai Fule Hospital, Kasturba Road, Near Gaavdevi Mandir, Borivali, Mumbai, Maharshtra, 400066", "ELEVATOR_CONTACT_LIST": null, "ELEVATOR_INTERCOM": null, "WORKING_HRS": null, "EMPLOYEE_QTY": null, "EMPLOYEE_MALE": null, "EMPLOYEE_FEMALE": null, "EMPLOYEE_DIF_ABLE": null, "WORKING_HRS_STR": null, "WORKING_HRS_STP": null, "VISITORS_QTY": null, "VISITING_HRS_STR": null, "VISITING_HRS_STP": null, "VISITORS_QTY_2": null, "VISITING_HRS_STR_2": null, "VISITING_HRS_STP_2": null}}, {"type": "Feature", "id": 2279, "geometry": {"type": "Point", "coordinates": [72.85288400036595, 19.233414999713826]}, "properties": {"OBJECTID": 2279, "NAME": "Pandya Surgical & Maternity Hospital", "TYPE": 4, "SUBTYPE": "Maternity Home", "LOCATION": "Pandya Hospital, Sodawala Lane, Near RBL Bank, Borivali, Mumbai, Maharshtra, 400092", "ELEVATOR_CONTACT_LIST": null, "ELEVATOR_INTERCOM": null, "WORKING_HRS": null, "EMPLOYEE_QTY": null, "EMPLOYEE_MALE": null, "EMPLOYEE_FEMALE": null, "EMPLOYEE_DIF_ABLE": null, "WORKING_HRS_STR": null, "WORKING_HRS_STP": null, "VISITORS_QTY": null, "VISITING_HRS_STR": null, "VISITING_HRS_STP": null, "VISITORS_QTY_2": null, "VISITING_HRS_STR_2": null, "VISITING_HRS_STP_2": null}}, {"type": "Feature", "id": 2280, "geometry": {"type": "Point", "coordinates": [72.87165060577425, 19.21511158360068]}, "properties": {"OBJECTID": 2280, "NAME": "Magathane Municipal Dispensary", "TYPE": 1, "SUBTYPE": "Dispensary", "LOCATION": "Shree Naminathji Jain Foundation, 120 Feet Road, OPP Gundecha Towar, Borivali, Mumbai, Maharshtra, 400066", "ELEVATOR_CONTACT_LIST": null, "ELEVATOR_INTERCOM": null, "WORKING_HRS": null, "EMPLOYEE_QTY": null, "EMPLOYEE_MALE": null, "EMPLOYEE_FEMALE": null, "EMPLOYEE_DIF_ABLE": null, "WORKING_HRS_STR": null, "WORKING_HRS_STP": null, "VISITORS_QTY": null, "VISITING_HRS_STR": null, "VISITING_HRS_STP": null, "VISITORS_QTY_2": null, "VISITING_HRS_STR_2": null, "VISITING_HRS_STP_2": null}}, {"type": "Feature", "id": 2281, "geometry": {"type": "Point", "coordinates": [72.87103571031318, 19.21944448407875]}, "properties": {"OBJECTID": 2281, "NAME": "Mata & Balak  Rungnalay", "TYPE": 1, "SUBTYPE": "General", "LOCATION": "Mata & Balak Rungnalay, Siddharth Nagar, Near Dheeraj Hill View Towar, Borivali, Mumbai, Maharshtra, 400066", "ELEVATOR_CONTACT_LIST": null, "ELEVATOR_INTERCOM": null, "WORKING_HRS": null, "EMPLOYEE_QTY": null, "EMPLOYEE_MALE": null, "EMPLOYEE_FEMALE": null, "EMPLOYEE_DIF_ABLE": null, "WORKING_HRS_STR": null, "WORKING_HRS_STP": null, "VISITORS_QTY": null, "VISITING_HRS_STR": null, "VISITING_HRS_STP": null, "VISITORS_QTY_2": null, "VISITING_HRS_STR_2": null, "VISITING_HRS_STP_2": null}}, {"type": "Feature", "id": 2282, "geometry": {"type": "Point", "coordinates": [72.86632306870054, 19.235300733417223]}, "properties": {"OBJECTID": 2282, "NAME": "Shree Krishna Hospital", "TYPE": 4, "SUBTYPE": "General", "LOCATION": "Shree Krishna Hospital, Road No 11, Near Sushil Kunj Plot No 163, Borivali, Mumbai, Maharshtra, 400066", "ELEVATOR_CONTACT_LIST": null, "ELEVATOR_INTERCOM": null, "WORKING_HRS": null, "EMPLOYEE_QTY": null, "EMPLOYEE_MALE": null, "EMPLOYEE_FEMALE": null, "EMPLOYEE_DIF_ABLE": null, "WORKING_HRS_STR": null, "WORKING_HRS_STP": null, "VISITORS_QTY": null, "VISITING_HRS_STR": null, "VISITING_HRS_STP": null, "VISITORS_QTY_2": null, "VISITING_HRS_STR_2": null, "VISITING_HRS_STP_2": null}}, {"type": "Feature", "id": 2283, "geometry": {"type": "Point", "coordinates": [72.83811461210762, 19.21960214491969]}, "properties": {"OBJECTID": 2283, "NAME": "Phoenix Hospital", "TYPE": 1, "SUBTYPE": "General", "LOCATION": "Phoenix Hospital, New Link Road, Padma Nagar Chikuwadi, Borivali West, Mumbai, Maharshtra, 400091", "ELEVATOR_CONTACT_LIST": null, "ELEVATOR_INTERCOM": null, "WORKING_HRS": null, "EMPLOYEE_QTY": null, "EMPLOYEE_MALE": null, "EMPLOYEE_FEMALE": null, "EMPLOYEE_DIF_ABLE": null, "WORKING_HRS_STR": null, "WORKING_HRS_STP": null, "VISITORS_QTY": null, "VISITING_HRS_STR": null, "VISITING_HRS_STP": null, "VISITORS_QTY_2": null, "VISITING_HRS_STR_2": null, "VISITING_HRS_STP_2": null}}, {"type": "Feature", "id": 2284, "geometry": {"type": "Point", "coordinates": [72.8406405815468, 19.22772118887262]}, "properties": {"OBJECTID": 2284, "NAME": "Sai Lee Hospital", "TYPE": 4, "SUBTYPE": "General", "LOCATION": "Sai Lee Hospital, New Link Road, Near Borivali Fire Station, Borivali West, Mumbai, Maharshtra, 400091", "ELEVATOR_CONTACT_LIST": null, "ELEVATOR_INTERCOM": null, "WORKING_HRS": null, "EMPLOYEE_QTY": null, "EMPLOYEE_MALE": null, "EMPLOYEE_FEMALE": null, "EMPLOYEE_DIF_ABLE": null, "WORKING_HRS_STR": null, "WORKING_HRS_STP": null, "VISITORS_QTY": null, "VISITING_HRS_STR": null, "VISITING_HRS_STP": null, "VISITORS_QTY_2": null, "VISITING_HRS_STR_2": null, "VISITING_HRS_STP_2": null}}, {"type": "Feature", "id": 2285, "geometry": {"type": "Point", "coordinates": [72.82904439034323, 19.228724719638713]}, "properties": {"OBJECTID": 2285, "NAME": "Gorai Arogya Kendra", "TYPE": 1, "SUBTYPE": "Dispensary", "LOCATION": "Gorai Arogya Kendra, RSC Road No 16, Gorai 1/Near Suvidya High School, Borivali West, Mumbai, Maharshtra, 400092", "ELEVATOR_CONTACT_LIST": null, "ELEVATOR_INTERCOM": null, "WORKING_HRS": null, "EMPLOYEE_QTY": null, "EMPLOYEE_MALE": null, "EMPLOYEE_FEMALE": null, "EMPLOYEE_DIF_ABLE": null, "WORKING_HRS_STR": null, "WORKING_HRS_STP": null, "VISITORS_QTY": null, "VISITING_HRS_STR": null, "VISITING_HRS_STP": null, "VISITORS_QTY_2": null, "VISITING_HRS_STR_2": null, "VISITING_HRS_STP_2": null}}, {"type": "Feature", "id": 2286, "geometry": {"type": "Point", "coordinates": [72.82891430037256, 19.221552010129553]}, "properties": {"OBJECTID": 2286, "NAME": "Saraswati Hospital", "TYPE": 1, "SUBTYPE": "General", "LOCATION": "Saraswati Hospital, Dr Ambedkar Road, Near Charkop Telephone Exchange, Kandivali West, Mumbai, Maharshtra, 400067", "ELEVATOR_CONTACT_LIST": null, "ELEVATOR_INTERCOM": null, "WORKING_HRS": null, "EMPLOYEE_QTY": null, "EMPLOYEE_MALE": null, "EMPLOYEE_FEMALE": null, "EMPLOYEE_DIF_ABLE": null, "WORKING_HRS_STR": null, "WORKING_HRS_STP": null, "VISITORS_QTY": null, "VISITING_HRS_STR": null, "VISITING_HRS_STP": null, "VISITORS_QTY_2": null, "VISITING_HRS_STR_2": null, "VISITING_HRS_STP_2": null}}, {"type": "Feature", "id": 2287, "geometry": {"type": "Point", "coordinates": [72.85146295980978, 19.220849189965328]}, "properties": {"OBJECTID": 2287, "NAME": "Vibha The Family Hospital", "TYPE": 4, "SUBTYPE": "Speciality", "LOCATION": "Vibha The Family Hospital, R M B Road, Near Aayushi Clinic, Borivali, Mumbai, Maharshtra, 400092", "ELEVATOR_CONTACT_LIST": null, "ELEVATOR_INTERCOM": null, "WORKING_HRS": null, "EMPLOYEE_QTY": null, "EMPLOYEE_MALE": null, "EMPLOYEE_FEMALE": null, "EMPLOYEE_DIF_ABLE": null, "WORKING_HRS_STR": null, "WORKING_HRS_STP": null, "VISITORS_QTY": null, "VISITING_HRS_STR": null, "VISITING_HRS_STP": null, "VISITORS_QTY_2": null, "VISITING_HRS_STR_2": null, "VISITING_HRS_STP_2": null}}, {"type": "Feature", "id": 2288, "geometry": {"type": "Point", "coordinates": [72.84973763036649, 19.231287980090308]}, "properties": {"OBJECTID": 2288, "NAME": "Apex Hospital", "TYPE": 4, "SUBTYPE": "General", "LOCATION": "Apex Hospital, Chandvarkar Road, Near Gata Building, Borivali, Mumbai, Maharshtra, 400092", "ELEVATOR_CONTACT_LIST": null, "ELEVATOR_INTERCOM": null, "WORKING_HRS": null, "EMPLOYEE_QTY": null, "EMPLOYEE_MALE": null, "EMPLOYEE_FEMALE": null, "EMPLOYEE_DIF_ABLE": null, "WORKING_HRS_STR": null, "WORKING_HRS_STP": null, "VISITORS_QTY": null, "VISITING_HRS_STR": null, "VISITING_HRS_STP": null, "VISITORS_QTY_2": null, "VISITING_HRS_STR_2": null, "VISITING_HRS_STP_2": null}}, {"type": "Feature", "id": 2289, "geometry": {"type": "Point", "coordinates": [72.84976142977956, 19.232205069728817]}, "properties": {"OBJECTID": 2289, "NAME": "Om Sai Superspecialist Hospital", "TYPE": 4, "SUBTYPE": "Speciality", "LOCATION": "Om Sai Superspecialist Hospital, Sodawala Road, Near Khushraj Sweets, Borivali, Mumbai, Maharshtra, 400092", "ELEVATOR_CONTACT_LIST": null, "ELEVATOR_INTERCOM": null, "WORKING_HRS": null, "EMPLOYEE_QTY": null, "EMPLOYEE_MALE": null, "EMPLOYEE_FEMALE": null, "EMPLOYEE_DIF_ABLE": null, "WORKING_HRS_STR": null, "WORKING_HRS_STP": null, "VISITORS_QTY": null, "VISITING_HRS_STR": null, "VISITING_HRS_STP": null, "VISITORS_QTY_2": null, "VISITING_HRS_STR_2": null, "VISITING_HRS_STP_2": null}}, {"type": "Feature", "id": 2290, "geometry": {"type": "Point", "coordinates": [72.83560842257674, 19.074882089593693]}, "properties": {"OBJECTID": 2290, "NAME": "Ramkrishna Mission Hospital", "TYPE": 4, "SUBTYPE": "General", "LOCATION": "Ramakrishna Mission Hospital,12th Road, Khar West, Mumbai, Maharashtra, 400052", "ELEVATOR_CONTACT_LIST": null, "ELEVATOR_INTERCOM": null, "WORKING_HRS": null, "EMPLOYEE_QTY": null, "EMPLOYEE_MALE": null, "EMPLOYEE_FEMALE": null, "EMPLOYEE_DIF_ABLE": null, "WORKING_HRS_STR": null, "WORKING_HRS_STP": null, "VISITORS_QTY": null, "VISITING_HRS_STR": null, "VISITING_HRS_STP": null, "VISITORS_QTY_2": null, "VISITING_HRS_STR_2": null, "VISITING_HRS_STP_2": null}}, {"type": "Feature", "id": 2291, "geometry": {"type": "Point", "coordinates": [72.83811092422309, 19.06810163362776]}, "properties": {"OBJECTID": 2291, "NAME": "Dr.Guptas Speciality Clinic", "TYPE": 4, "SUBTYPE": "Speciality", "LOCATION": "Dr.Guptas Speciality Clinic,Pinky Plaza, 5th Road, Khar Road, Ram Krishna Nagar, Khar West, Mumbai, Maharashtra, 400052", "ELEVATOR_CONTACT_LIST": null, "ELEVATOR_INTERCOM": null, "WORKING_HRS": null, "EMPLOYEE_QTY": null, "EMPLOYEE_MALE": null, "EMPLOYEE_FEMALE": null, "EMPLOYEE_DIF_ABLE": null, "WORKING_HRS_STR": null, "WORKING_HRS_STP": null, "VISITORS_QTY": null, "VISITING_HRS_STR": null, "VISITING_HRS_STP": null, "VISITORS_QTY_2": null, "VISITING_HRS_STR_2": null, "VISITING_HRS_STP_2": null}}, {"type": "Feature", "id": 2292, "geometry": {"type": "Point", "coordinates": [72.83969208632888, 19.078789012136102]}, "properties": {"OBJECTID": 2292, "NAME": "Saifee Polyclinic & Nursing Home", "TYPE": 4, "SUBTYPE": "Nursing Home", "LOCATION": "Saifee Polyclinic & Nursing Home,2nd Hasnabad Lane, Gaiya Compound, Santacruz West, Mumbai, Maharashtra, 400054", "ELEVATOR_CONTACT_LIST": null, "ELEVATOR_INTERCOM": null, "WORKING_HRS": null, "EMPLOYEE_QTY": null, "EMPLOYEE_MALE": null, "EMPLOYEE_FEMALE": null, "EMPLOYEE_DIF_ABLE": null, "WORKING_HRS_STR": null, "WORKING_HRS_STP": null, "VISITORS_QTY": null, "VISITING_HRS_STR": null, "VISITING_HRS_STP": null, "VISITORS_QTY_2": null, "VISITING_HRS_STR_2": null, "VISITING_HRS_STP_2": null}}, {"type": "Feature", "id": 2293, "geometry": {"type": "Point", "coordinates": [72.83813908719374, 19.081985142078082]}, "properties": {"OBJECTID": 2293, "NAME": "Smruti Nursing Home", "TYPE": 4, "SUBTYPE": "Nursing Home", "LOCATION": "Smruti Nursing Home, Maheshwar Darshan, Building No.1, 4, SV Road, Santacruz West, Mumbai, Maharashtra, 400054", "ELEVATOR_CONTACT_LIST": null, "ELEVATOR_INTERCOM": null, "WORKING_HRS": null, "EMPLOYEE_QTY": null, "EMPLOYEE_MALE": null, "EMPLOYEE_FEMALE": null, "EMPLOYEE_DIF_ABLE": null, "WORKING_HRS_STR": null, "WORKING_HRS_STP": null, "VISITORS_QTY": null, "VISITING_HRS_STR": null, "VISITING_HRS_STP": null, "VISITORS_QTY_2": null, "VISITING_HRS_STR_2": null, "VISITING_HRS_STP_2": null}}, {"type": "Feature", "id": 2294, "geometry": {"type": "Point", "coordinates": [72.83710308359005, 19.069824183057936]}, "properties": {"OBJECTID": 2294, "NAME": "Anisha Clinic", "TYPE": 4, "SUBTYPE": "Clinic", "LOCATION": "Anisha Clinic,Mangal Sudha, SV Road, Shiv Kutir, Khar West, Mumbai, Maharashtra, 400052", "ELEVATOR_CONTACT_LIST": null, "ELEVATOR_INTERCOM": null, "WORKING_HRS": null, "EMPLOYEE_QTY": null, "EMPLOYEE_MALE": null, "EMPLOYEE_FEMALE": null, "EMPLOYEE_DIF_ABLE": null, "WORKING_HRS_STR": null, "WORKING_HRS_STP": null, "VISITORS_QTY": null, "VISITING_HRS_STR": null, "VISITING_HRS_STP": null, "VISITORS_QTY_2": null, "VISITING_HRS_STR_2": null, "VISITING_HRS_STP_2": null}}, {"type": "Feature", "id": 2295, "geometry": {"type": "Point", "coordinates": [72.83540222814437, 19.067573711346526]}, "properties": {"OBJECTID": 2295, "NAME": "Prabhus Clinic", "TYPE": 4, "SUBTYPE": "Clinic", "LOCATION": "Prabhus Clinic,Plot No-633, Hari Kunj, P.D.Hinduja Marg, Near Khar Telephone Exchange, Khar West, Mumbai, Maharashtra, 400052", "ELEVATOR_CONTACT_LIST": null, "ELEVATOR_INTERCOM": null, "WORKING_HRS": null, "EMPLOYEE_QTY": null, "EMPLOYEE_MALE": null, "EMPLOYEE_FEMALE": null, "EMPLOYEE_DIF_ABLE": null, "WORKING_HRS_STR": null, "WORKING_HRS_STP": null, "VISITORS_QTY": null, "VISITING_HRS_STR": null, "VISITING_HRS_STP": null, "VISITORS_QTY_2": null, "VISITING_HRS_STR_2": null, "VISITING_HRS_STP_2": null}}, {"type": "Feature", "id": 2296, "geometry": {"type": "Point", "coordinates": [72.8349258007023, 19.067537586383356]}, "properties": {"OBJECTID": 2296, "NAME": "Dr. Ram Hingorani", "TYPE": 4, "SUBTYPE": "General", "LOCATION": "Dr. Ram Hingorani,Kailash Kutir, T.P.S.III, Hinduja Marg, Gurushetra, Pali Village, Khar East, Mumbai, Maharashtra, 400052", "ELEVATOR_CONTACT_LIST": null, "ELEVATOR_INTERCOM": null, "WORKING_HRS": null, "EMPLOYEE_QTY": null, "EMPLOYEE_MALE": null, "EMPLOYEE_FEMALE": null, "EMPLOYEE_DIF_ABLE": null, "WORKING_HRS_STR": null, "WORKING_HRS_STP": null, "VISITORS_QTY": null, "VISITING_HRS_STR": null, "VISITING_HRS_STP": null, "VISITORS_QTY_2": null, "VISITING_HRS_STR_2": null, "VISITING_HRS_STP_2": null}}, {"type": "Feature", "id": 2297, "geometry": {"type": "Point", "coordinates": [72.83640168602176, 19.067466921811945]}, "properties": {"OBJECTID": 2297, "NAME": "Ahuja Clinic", "TYPE": 4, "SUBTYPE": "Clinic", "LOCATION": "Ahuja Clinic, Madhuban Bldg., Khar Pali Road, Hinduja Marg, Gurushetra, Pali Village, Khar East, Mumbai, Maharashtra, 400052", "ELEVATOR_CONTACT_LIST": null, "ELEVATOR_INTERCOM": null, "WORKING_HRS": null, "EMPLOYEE_QTY": null, "EMPLOYEE_MALE": null, "EMPLOYEE_FEMALE": null, "EMPLOYEE_DIF_ABLE": null, "WORKING_HRS_STR": null, "WORKING_HRS_STP": null, "VISITORS_QTY": null, "VISITING_HRS_STR": null, "VISITING_HRS_STP": null, "VISITORS_QTY_2": null, "VISITING_HRS_STR_2": null, "VISITING_HRS_STP_2": null}}, {"type": "Feature", "id": 2298, "geometry": {"type": "Point", "coordinates": [72.83729821440407, 19.067836087654488]}, "properties": {"OBJECTID": 2298, "NAME": "Consultant Neurosurgeon", "TYPE": 4, "SUBTYPE": "General", "LOCATION": "Consultant Neurosurgeon,Khoker House ,Plot Number 747, SV Road, Govind Dham, Khar West, Mumbai, Maharashtra, 400052", "ELEVATOR_CONTACT_LIST": null, "ELEVATOR_INTERCOM": null, "WORKING_HRS": null, "EMPLOYEE_QTY": null, "EMPLOYEE_MALE": null, "EMPLOYEE_FEMALE": null, "EMPLOYEE_DIF_ABLE": null, "WORKING_HRS_STR": null, "WORKING_HRS_STP": null, "VISITORS_QTY": null, "VISITING_HRS_STR": null, "VISITING_HRS_STP": null, "VISITORS_QTY_2": null, "VISITING_HRS_STR_2": null, "VISITING_HRS_STP_2": null}}, {"type": "Feature", "id": 2299, "geometry": {"type": "Point", "coordinates": [72.83801400012358, 19.051237999568276]}, "properties": {"OBJECTID": 2299, "NAME": "Shanti Nursing Home", "TYPE": 1, "SUBTYPE": "Nursing Home", "LOCATION": "Shanti Nursing Home And Multispeciality Hospital, Blue Flame, KC Marg, Santosh Nagar, Bandra West, Mumbai, Maharashtra, 400050", "ELEVATOR_CONTACT_LIST": null, "ELEVATOR_INTERCOM": null, "WORKING_HRS": null, "EMPLOYEE_QTY": null, "EMPLOYEE_MALE": null, "EMPLOYEE_FEMALE": null, "EMPLOYEE_DIF_ABLE": null, "WORKING_HRS_STR": null, "WORKING_HRS_STP": null, "VISITORS_QTY": null, "VISITING_HRS_STR": null, "VISITING_HRS_STP": null, "VISITORS_QTY_2": null, "VISITING_HRS_STR_2": null, "VISITING_HRS_STP_2": null}}, {"type": "Feature", "id": 2300, "geometry": {"type": "Point", "coordinates": [72.83185969994393, 19.065945569221594]}, "properties": {"OBJECTID": 2300, "NAME": "Tulip Women Health Care Centre", "TYPE": 4, "SUBTYPE": "Nursing Home", "LOCATION": "Tulip Women Health Care Centre, Shyamkripa Bldg, Behind Bombay Blue Restaurant, 15th Road, Khar(W), Bandra West, Mumbai, Maharashtra, 400052", "ELEVATOR_CONTACT_LIST": null, "ELEVATOR_INTERCOM": null, "WORKING_HRS": null, "EMPLOYEE_QTY": null, "EMPLOYEE_MALE": null, "EMPLOYEE_FEMALE": null, "EMPLOYEE_DIF_ABLE": null, "WORKING_HRS_STR": null, "WORKING_HRS_STP": null, "VISITORS_QTY": null, "VISITING_HRS_STR": null, "VISITING_HRS_STP": null, "VISITORS_QTY_2": null, "VISITING_HRS_STR_2": null, "VISITING_HRS_STP_2": null}}, {"type": "Feature", "id": 2301, "geometry": {"type": "Point", "coordinates": [72.83170681427492, 19.06530958166228]}, "properties": {"OBJECTID": 2301, "NAME": "Dermatologist And Cosmetologisr", "TYPE": 4, "SUBTYPE": "Dispensary", "LOCATION": "Dermatologist And Cosmetologisr,Lumbini Co-op Housing Society, Shop no.4, Ground Floor Corner View, 15th, 33Road Road, Bandra West, Mumbai, Maharashtra, 400050", "ELEVATOR_CONTACT_LIST": null, "ELEVATOR_INTERCOM": null, "WORKING_HRS": null, "EMPLOYEE_QTY": null, "EMPLOYEE_MALE": null, "EMPLOYEE_FEMALE": null, "EMPLOYEE_DIF_ABLE": null, "WORKING_HRS_STR": null, "WORKING_HRS_STP": null, "VISITORS_QTY": null, "VISITING_HRS_STR": null, "VISITING_HRS_STP": null, "VISITORS_QTY_2": null, "VISITING_HRS_STR_2": null, "VISITING_HRS_STP_2": null}}, {"type": "Feature", "id": 2302, "geometry": {"type": "Point", "coordinates": [72.83568754805333, 19.062684166551644]}, "properties": {"OBJECTID": 2302, "NAME": "Dr.Chandiramani Clinic", "TYPE": 4, "SUBTYPE": "Clinic", "LOCATION": "Dr.Chandiramani Clinic, Renuka Building, Near National College, Vallabhbhai Patel Road, Bandra West, Khar West, Mumbai, Maharashtra, 400050", "ELEVATOR_CONTACT_LIST": null, "ELEVATOR_INTERCOM": null, "WORKING_HRS": null, "EMPLOYEE_QTY": null, "EMPLOYEE_MALE": null, "EMPLOYEE_FEMALE": null, "EMPLOYEE_DIF_ABLE": null, "WORKING_HRS_STR": null, "WORKING_HRS_STP": null, "VISITORS_QTY": null, "VISITING_HRS_STR": null, "VISITING_HRS_STP": null, "VISITORS_QTY_2": null, "VISITING_HRS_STR_2": null, "VISITING_HRS_STP_2": null}}, {"type": "Feature", "id": 2303, "geometry": {"type": "Point", "coordinates": [72.83453050958428, 19.063565437067904]}, "properties": {"OBJECTID": 2303, "NAME": "Infertility", "TYPE": 4, "SUBTYPE": "General", "LOCATION": "Infertility,Greenfield Building, 32nd Road, Opposite PatwaRoadhan Park, Bandra West, Mumbai, Maharashtra, 400050", "ELEVATOR_CONTACT_LIST": null, "ELEVATOR_INTERCOM": null, "WORKING_HRS": null, "EMPLOYEE_QTY": null, "EMPLOYEE_MALE": null, "EMPLOYEE_FEMALE": null, "EMPLOYEE_DIF_ABLE": null, "WORKING_HRS_STR": null, "WORKING_HRS_STP": null, "VISITORS_QTY": null, "VISITING_HRS_STR": null, "VISITING_HRS_STP": null, "VISITORS_QTY_2": null, "VISITING_HRS_STR_2": null, "VISITING_HRS_STP_2": null}}, {"type": "Feature", "id": 2304, "geometry": {"type": "Point", "coordinates": [72.83167600041214, 19.066998999850664]}, "properties": {"OBJECTID": 2304, "NAME": "Dr.Manu Laser Eye Surgery Hospita", "TYPE": 4, "SUBTYPE": "Speciality", "LOCATION": "Dr.Manu Laser Eye Surgery Hospital, Saraswathi Society, Plot No 433, 15th Road, Bandra West, Mumbai, Maharashtra, 400050", "ELEVATOR_CONTACT_LIST": null, "ELEVATOR_INTERCOM": null, "WORKING_HRS": null, "EMPLOYEE_QTY": null, "EMPLOYEE_MALE": null, "EMPLOYEE_FEMALE": null, "EMPLOYEE_DIF_ABLE": null, "WORKING_HRS_STR": null, "WORKING_HRS_STP": null, "VISITORS_QTY": null, "VISITING_HRS_STR": null, "VISITING_HRS_STP": null, "VISITORS_QTY_2": null, "VISITING_HRS_STR_2": null, "VISITING_HRS_STP_2": null}}, {"type": "Feature", "id": 2305, "geometry": {"type": "Point", "coordinates": [72.83567500038104, 19.055478999842972]}, "properties": {"OBJECTID": 2305, "NAME": "The Dental Zone", "TYPE": 4, "SUBTYPE": "Clinic", "LOCATION": "Diamond Palace Hill Road, Santosh Nagar, Bandra West, Mumbai, Maharashtra, 400706", "ELEVATOR_CONTACT_LIST": null, "ELEVATOR_INTERCOM": null, "WORKING_HRS": null, "EMPLOYEE_QTY": null, "EMPLOYEE_MALE": null, "EMPLOYEE_FEMALE": null, "EMPLOYEE_DIF_ABLE": null, "WORKING_HRS_STR": null, "WORKING_HRS_STP": null, "VISITORS_QTY": null, "VISITING_HRS_STR": null, "VISITING_HRS_STP": null, "VISITORS_QTY_2": null, "VISITING_HRS_STR_2": null, "VISITING_HRS_STP_2": null}}, {"type": "Feature", "id": 2306, "geometry": {"type": "Point", "coordinates": [72.83671399994437, 19.08573800006081]}, "properties": {"OBJECTID": 2306, "NAME": "Sarla Hospital", "TYPE": 4, "SUBTYPE": "General", "LOCATION": "Dattatray Road, Hasmukh Nagar, Santacruz West, Mumbai, Maharashtra, 400054", "ELEVATOR_CONTACT_LIST": null, "ELEVATOR_INTERCOM": null, "WORKING_HRS": null, "EMPLOYEE_QTY": null, "EMPLOYEE_MALE": null, "EMPLOYEE_FEMALE": null, "EMPLOYEE_DIF_ABLE": null, "WORKING_HRS_STR": null, "WORKING_HRS_STP": null, "VISITORS_QTY": null, "VISITING_HRS_STR": null, "VISITING_HRS_STP": null, "VISITORS_QTY_2": null, "VISITING_HRS_STR_2": null, "VISITING_HRS_STP_2": null}}, {"type": "Feature", "id": 2307, "geometry": {"type": "Point", "coordinates": [72.83772600039816, 19.087565999722102]}, "properties": {"OBJECTID": 2307, "NAME": "Malpani Eye Care Hospital", "TYPE": 4, "SUBTYPE": "Speciality", "LOCATION": "Chirag Society, B-1, SV Road, Khira Nagar, Santacruz West, Mumbai, Maharashtra, 400054", "ELEVATOR_CONTACT_LIST": null, "ELEVATOR_INTERCOM": null, "WORKING_HRS": null, "EMPLOYEE_QTY": null, "EMPLOYEE_MALE": null, "EMPLOYEE_FEMALE": null, "EMPLOYEE_DIF_ABLE": null, "WORKING_HRS_STR": null, "WORKING_HRS_STP": null, "VISITORS_QTY": null, "VISITING_HRS_STR": null, "VISITING_HRS_STP": null, "VISITORS_QTY_2": null, "VISITING_HRS_STR_2": null, "VISITING_HRS_STP_2": null}}, {"type": "Feature", "id": 2308, "geometry": {"type": "Point", "coordinates": [72.83623100043737, 19.08801399965793]}, "properties": {"OBJECTID": 2308, "NAME": "Malhar Nursing Home", "TYPE": 4, "SUBTYPE": "Nursing Home", "LOCATION": "Malhaar Maternity And General Nursing Home, Khira Nagar, Santacruz West, Mumbai, Maharashtra, 400054", "ELEVATOR_CONTACT_LIST": null, "ELEVATOR_INTERCOM": null, "WORKING_HRS": null, "EMPLOYEE_QTY": null, "EMPLOYEE_MALE": null, "EMPLOYEE_FEMALE": null, "EMPLOYEE_DIF_ABLE": null, "WORKING_HRS_STR": null, "WORKING_HRS_STP": null, "VISITORS_QTY": null, "VISITING_HRS_STR": null, "VISITING_HRS_STP": null, "VISITORS_QTY_2": null, "VISITING_HRS_STR_2": null, "VISITING_HRS_STP_2": null}}, {"type": "Feature", "id": 2309, "geometry": {"type": "Point", "coordinates": [72.83784199969762, 19.085532000175412]}, "properties": {"OBJECTID": 2309, "NAME": "SURYA CHILDRENS MEDICARE PVT LTD", "TYPE": 4, "SUBTYPE": "Speciality", "LOCATION": "Mangal Ashirwad, S V Road, Santacruz West, Hasmukh Nagar, Santacruz West, Mumbai, Maharashtra, 400054", "ELEVATOR_CONTACT_LIST": "No", "ELEVATOR_INTERCOM": "Yes", "WORKING_HRS": "Yes", "EMPLOYEE_QTY": 171, "EMPLOYEE_MALE": null, "EMPLOYEE_FEMALE": null, "EMPLOYEE_DIF_ABLE": null, "WORKING_HRS_STR": null, "WORKING_HRS_STP": null, "VISITORS_QTY": null, "VISITING_HRS_STR": null, "VISITING_HRS_STP": null, "VISITORS_QTY_2": null, "VISITING_HRS_STR_2": null, "VISITING_HRS_STP_2": null}}, {"type": "Feature", "id": 2310, "geometry": {"type": "Point", "coordinates": [72.83953400003, 19.083478000054235]}, "properties": {"OBJECTID": 2310, "NAME": "Mangal Nursing Home", "TYPE": 4, "SUBTYPE": "Nursing Home", "LOCATION": "Basant Road, Railway Colony, Santacruz West, Mumbai, Maharashtra, 400054", "ELEVATOR_CONTACT_LIST": null, "ELEVATOR_INTERCOM": null, "WORKING_HRS": null, "EMPLOYEE_QTY": null, "EMPLOYEE_MALE": null, "EMPLOYEE_FEMALE": null, "EMPLOYEE_DIF_ABLE": null, "WORKING_HRS_STR": null, "WORKING_HRS_STP": null, "VISITORS_QTY": null, "VISITING_HRS_STR": null, "VISITING_HRS_STP": null, "VISITORS_QTY_2": null, "VISITING_HRS_STR_2": null, "VISITING_HRS_STP_2": null}}, {"type": "Feature", "id": 2311, "geometry": {"type": "Point", "coordinates": [72.82519599997002, 19.047156000097097]}, "properties": {"OBJECTID": 2311, "NAME": "Gentle Dental Care", "TYPE": 4, "SUBTYPE": "Speciality", "LOCATION": "Agnelo Building, Kadeshwari, Jain Mandir Road, Bandra West, Mumbai, Maharashtra, 400050", "ELEVATOR_CONTACT_LIST": null, "ELEVATOR_INTERCOM": null, "WORKING_HRS": null, "EMPLOYEE_QTY": null, "EMPLOYEE_MALE": null, "EMPLOYEE_FEMALE": null, "EMPLOYEE_DIF_ABLE": null, "WORKING_HRS_STR": null, "WORKING_HRS_STP": null, "VISITORS_QTY": null, "VISITING_HRS_STR": null, "VISITING_HRS_STP": null, "VISITORS_QTY_2": null, "VISITING_HRS_STR_2": null, "VISITING_HRS_STP_2": null}}, {"type": "Feature", "id": 2312, "geometry": {"type": "Point", "coordinates": [72.83442600008776, 19.06321099968903]}, "properties": {"OBJECTID": 2312, "NAME": "Ojas Eye Hospital", "TYPE": 4, "SUBTYPE": "Speciality", "LOCATION": "Roseland Building Junction of Linking Road And, Waterfield Road, Bandra West, Mumbai, Maharashtra, 400050", "ELEVATOR_CONTACT_LIST": null, "ELEVATOR_INTERCOM": null, "WORKING_HRS": null, "EMPLOYEE_QTY": null, "EMPLOYEE_MALE": null, "EMPLOYEE_FEMALE": null, "EMPLOYEE_DIF_ABLE": null, "WORKING_HRS_STR": null, "WORKING_HRS_STP": null, "VISITORS_QTY": null, "VISITING_HRS_STR": null, "VISITING_HRS_STP": null, "VISITORS_QTY_2": null, "VISITING_HRS_STR_2": null, "VISITING_HRS_STP_2": null}}, {"type": "Feature", "id": 2313, "geometry": {"type": "Point", "coordinates": [72.83067299969741, 19.06935899958403]}, "properties": {"OBJECTID": 2313, "NAME": "Womens Hospital", "TYPE": 4, "SUBTYPE": "Speciality", "LOCATION": "Glamour Heights, 16th Cross Road, Khar, Khar West, Mumbai, Maharashtra, 400052", "ELEVATOR_CONTACT_LIST": null, "ELEVATOR_INTERCOM": null, "WORKING_HRS": null, "EMPLOYEE_QTY": null, "EMPLOYEE_MALE": null, "EMPLOYEE_FEMALE": null, "EMPLOYEE_DIF_ABLE": null, "WORKING_HRS_STR": null, "WORKING_HRS_STP": null, "VISITORS_QTY": null, "VISITING_HRS_STR": null, "VISITING_HRS_STP": null, "VISITORS_QTY_2": null, "VISITING_HRS_STR_2": null, "VISITING_HRS_STP_2": null}}, {"type": "Feature", "id": 2314, "geometry": {"type": "Point", "coordinates": [72.83238500018379, 19.06806300011307]}, "properties": {"OBJECTID": 2314, "NAME": "Chandis Digital Imaging Centre", "TYPE": 4, "SUBTYPE": null, "LOCATION": "Mangal Bhavna, Behind Dominos Pizza, Junction Of 14th Khar-Pali, Khar West, Mumbai, Maharashtra, 400052", "ELEVATOR_CONTACT_LIST": null, "ELEVATOR_INTERCOM": null, "WORKING_HRS": null, "EMPLOYEE_QTY": null, "EMPLOYEE_MALE": null, "EMPLOYEE_FEMALE": null, "EMPLOYEE_DIF_ABLE": null, "WORKING_HRS_STR": null, "WORKING_HRS_STP": null, "VISITORS_QTY": null, "VISITING_HRS_STR": null, "VISITING_HRS_STP": null, "VISITORS_QTY_2": null, "VISITING_HRS_STR_2": null, "VISITING_HRS_STP_2": null}}, {"type": "Feature", "id": 2315, "geometry": {"type": "Point", "coordinates": [72.83253300021302, 19.068016999757063]}, "properties": {"OBJECTID": 2315, "NAME": "Health Hub", "TYPE": 4, "SUBTYPE": "General", "LOCATION": "Mangal Bhavan, Pali Road, Above Domions Pizza, Khar West, Bandra West, Mumbai, Maharashtra, 400052", "ELEVATOR_CONTACT_LIST": null, "ELEVATOR_INTERCOM": null, "WORKING_HRS": null, "EMPLOYEE_QTY": null, "EMPLOYEE_MALE": null, "EMPLOYEE_FEMALE": null, "EMPLOYEE_DIF_ABLE": null, "WORKING_HRS_STR": null, "WORKING_HRS_STP": null, "VISITORS_QTY": null, "VISITING_HRS_STR": null, "VISITING_HRS_STP": null, "VISITORS_QTY_2": null, "VISITING_HRS_STR_2": null, "VISITING_HRS_STP_2": null}}, {"type": "Feature", "id": 2316, "geometry": {"type": "Point", "coordinates": [72.83719999969705, 19.08543399990976]}, "properties": {"OBJECTID": 2316, "NAME": "Skin & Eye Associates", "TYPE": 4, "SUBTYPE": "Clinic", "LOCATION": "Silver Square, Dattatray road, Near Surya Children Hospital, Santacruz West, Mumbai, Maharashtra, 400054", "ELEVATOR_CONTACT_LIST": null, "ELEVATOR_INTERCOM": null, "WORKING_HRS": null, "EMPLOYEE_QTY": null, "EMPLOYEE_MALE": null, "EMPLOYEE_FEMALE": null, "EMPLOYEE_DIF_ABLE": null, "WORKING_HRS_STR": null, "WORKING_HRS_STP": null, "VISITORS_QTY": null, "VISITING_HRS_STR": null, "VISITING_HRS_STP": null, "VISITORS_QTY_2": null, "VISITING_HRS_STR_2": null, "VISITING_HRS_STP_2": null}}, {"type": "Feature", "id": 2317, "geometry": {"type": "Point", "coordinates": [72.83769300013724, 19.08550500006566]}, "properties": {"OBJECTID": 2317, "NAME": "Shraddha Physiotherapy Clinic", "TYPE": 4, "SUBTYPE": "Clinic", "LOCATION": "Abhay Apartment, Dattatraya Road, Santacruz West, Mumbai, Maharashtra, 400054", "ELEVATOR_CONTACT_LIST": null, "ELEVATOR_INTERCOM": null, "WORKING_HRS": null, "EMPLOYEE_QTY": null, "EMPLOYEE_MALE": null, "EMPLOYEE_FEMALE": null, "EMPLOYEE_DIF_ABLE": null, "WORKING_HRS_STR": null, "WORKING_HRS_STP": null, "VISITORS_QTY": null, "VISITING_HRS_STR": null, "VISITING_HRS_STP": null, "VISITORS_QTY_2": null, "VISITING_HRS_STR_2": null, "VISITING_HRS_STP_2": null}}, {"type": "Feature", "id": 2318, "geometry": {"type": "Point", "coordinates": [72.84011299975894, 19.090154999887712]}, "properties": {"OBJECTID": 2318, "NAME": "PKC Trust  Homoecpathic Dispensary", "TYPE": 4, "SUBTYPE": "Dispensary", "LOCATION": "Shubhangani, road, Milan Subway Road, MSEB Colony, Santacruz West, Mumbai, Maharashtra, 400054", "ELEVATOR_CONTACT_LIST": null, "ELEVATOR_INTERCOM": null, "WORKING_HRS": null, "EMPLOYEE_QTY": null, "EMPLOYEE_MALE": null, "EMPLOYEE_FEMALE": null, "EMPLOYEE_DIF_ABLE": null, "WORKING_HRS_STR": null, "WORKING_HRS_STP": null, "VISITORS_QTY": null, "VISITING_HRS_STR": null, "VISITING_HRS_STP": null, "VISITORS_QTY_2": null, "VISITING_HRS_STR_2": null, "VISITING_HRS_STP_2": null}}, {"type": "Feature", "id": 2319, "geometry": {"type": "Point", "coordinates": [72.83754899963843, 19.0875069999748]}, "properties": {"OBJECTID": 2319, "NAME": "Dr. Cyrus' Multispeciality Dental Centre", "TYPE": 4, "SUBTYPE": "Speciality", "LOCATION": " Chirag CHS, Khira Nagar, S V Road, West, Santacruz, Mumbai, Khira Nagar, Santacruz West, Mumbai, Maharashtra, 400054", "ELEVATOR_CONTACT_LIST": null, "ELEVATOR_INTERCOM": null, "WORKING_HRS": null, "EMPLOYEE_QTY": null, "EMPLOYEE_MALE": null, "EMPLOYEE_FEMALE": null, "EMPLOYEE_DIF_ABLE": null, "WORKING_HRS_STR": null, "WORKING_HRS_STP": null, "VISITORS_QTY": null, "VISITING_HRS_STR": null, "VISITING_HRS_STP": null, "VISITORS_QTY_2": null, "VISITING_HRS_STR_2": null, "VISITING_HRS_STP_2": null}}, {"type": "Feature", "id": 2320, "geometry": {"type": "Point", "coordinates": [72.83798499976757, 19.087632999879485]}, "properties": {"OBJECTID": 2320, "NAME": "Nutan Ayurvedic Research Centre", "TYPE": 4, "SUBTYPE": "Clinic", "LOCATION": "CHIRAG CHS, KHIRA NAGAR, SV Road, Khira Nagar, Santacruz West, Mumbai, Maharashtra, 400054", "ELEVATOR_CONTACT_LIST": null, "ELEVATOR_INTERCOM": null, "WORKING_HRS": null, "EMPLOYEE_QTY": null, "EMPLOYEE_MALE": null, "EMPLOYEE_FEMALE": null, "EMPLOYEE_DIF_ABLE": null, "WORKING_HRS_STR": null, "WORKING_HRS_STP": null, "VISITORS_QTY": null, "VISITING_HRS_STR": null, "VISITING_HRS_STP": null, "VISITORS_QTY_2": null, "VISITING_HRS_STR_2": null, "VISITING_HRS_STP_2": null}}, {"type": "Feature", "id": 2321, "geometry": {"type": "Point", "coordinates": [72.83838625612132, 19.084286663344436]}, "properties": {"OBJECTID": 2321, "NAME": "Gandhi Nursing Home", "TYPE": 4, "SUBTYPE": "Nursing Home", "LOCATION": "102, Modi Niwas, S.V. Road, Opposite StandaRoad Chartered Bank, Railway Colony, Santacruz West, Mumbai, Maharashtra, 400054", "ELEVATOR_CONTACT_LIST": null, "ELEVATOR_INTERCOM": null, "WORKING_HRS": null, "EMPLOYEE_QTY": null, "EMPLOYEE_MALE": null, "EMPLOYEE_FEMALE": null, "EMPLOYEE_DIF_ABLE": null, "WORKING_HRS_STR": null, "WORKING_HRS_STP": null, "VISITORS_QTY": null, "VISITING_HRS_STR": null, "VISITING_HRS_STP": null, "VISITORS_QTY_2": null, "VISITING_HRS_STR_2": null, "VISITING_HRS_STP_2": null}}, {"type": "Feature", "id": 2322, "geometry": {"type": "Point", "coordinates": [72.83618400044486, 18.96048000039423]}, "properties": {"OBJECTID": 2322, "NAME": "Jail Road Unani Dispensary", "TYPE": 1, "SUBTYPE": "Dispensary", "LOCATION": "Jail Road Unani Dispensary C/O 259 Svp Road Dispensary Dongri Mumbai-400009", "ELEVATOR_CONTACT_LIST": null, "ELEVATOR_INTERCOM": null, "WORKING_HRS": null, "EMPLOYEE_QTY": null, "EMPLOYEE_MALE": null, "EMPLOYEE_FEMALE": null, "EMPLOYEE_DIF_ABLE": null, "WORKING_HRS_STR": null, "WORKING_HRS_STP": null, "VISITORS_QTY": null, "VISITING_HRS_STR": null, "VISITING_HRS_STP": null, "VISITORS_QTY_2": null, "VISITING_HRS_STR_2": null, "VISITING_HRS_STP_2": null}}, {"type": "Feature", "id": 2595, "geometry": {"type": "Point", "coordinates": [72.83618400044486, 18.96048000039423]}, "properties": {"OBJECTID": 2595, "NAME": "44 Jail Road Muncipal Dispensary", "TYPE": 1, "SUBTYPE": "Dispensary", "LOCATION": "44 Jail Road Muncipal Dispensary 20, Kolsa Mohalla Behind Paydhuni P.S Paydhuni Mumbai-400009", "ELEVATOR_CONTACT_LIST": null, "ELEVATOR_INTERCOM": null, "WORKING_HRS": null, "EMPLOYEE_QTY": 3, "EMPLOYEE_MALE": null, "EMPLOYEE_FEMALE": null, "EMPLOYEE_DIF_ABLE": null, "WORKING_HRS_STR": null, "WORKING_HRS_STP": null, "VISITORS_QTY": null, "VISITING_HRS_STR": null, "VISITING_HRS_STP": null, "VISITORS_QTY_2": null, "VISITING_HRS_STR_2": null, "VISITING_HRS_STP_2": null}}, {"type": "Feature", "id": 2596, "geometry": {"type": "Point", "coordinates": [72.83257399959358, 18.953540999715116]}, "properties": {"OBJECTID": 2596, "NAME": "Kolsa Mohalla Unani Muncipal Dispensary", "TYPE": 1, "SUBTYPE": "Dispensary", "LOCATION": "Kolsa Mohalla Unani Muncipal Dispensary20 Kolsa Mohalla Behind Pydhuny Police Station Paydhuni Mumbai- 400003", "ELEVATOR_CONTACT_LIST": null, "ELEVATOR_INTERCOM": null, "WORKING_HRS": null, "EMPLOYEE_QTY": null, "EMPLOYEE_MALE": null, "EMPLOYEE_FEMALE": null, "EMPLOYEE_DIF_ABLE": null, "WORKING_HRS_STR": null, "WORKING_HRS_STP": null, "VISITORS_QTY": null, "VISITING_HRS_STR": null, "VISITING_HRS_STP": null, "VISITORS_QTY_2": null, "VISITING_HRS_STR_2": null, "VISITING_HRS_STP_2": null}}, {"type": "Feature", "id": 2598, "geometry": {"type": "Point", "coordinates": [72.8279139797108, 18.955002087884708]}, "properties": {"OBJECTID": 2598, "NAME": "Panjrapole Health Post ", "TYPE": 1, "SUBTYPE": "Health Post", "LOCATION": "1St Panjrapol,Near Vallabhacharya Garden", "ELEVATOR_CONTACT_LIST": null, "ELEVATOR_INTERCOM": null, "WORKING_HRS": null, "EMPLOYEE_QTY": null, "EMPLOYEE_MALE": null, "EMPLOYEE_FEMALE": null, "EMPLOYEE_DIF_ABLE": null, "WORKING_HRS_STR": null, "WORKING_HRS_STP": null, "VISITORS_QTY": null, "VISITING_HRS_STR": null, "VISITING_HRS_STP": null, "VISITORS_QTY_2": null, "VISITING_HRS_STR_2": null, "VISITING_HRS_STP_2": null}}, {"type": "Feature", "id": 2599, "geometry": {"type": "Point", "coordinates": [72.8234000000152, 18.951254000007953]}, "properties": {"OBJECTID": 2599, "NAME": "Zaobawadi Health Post", "TYPE": 1, "SUBTYPE": "Health Post", "LOCATION": "Jss Rd, Marine Lines East, Fanas Wadi, Kalbadevi, Mumbai, Maharashtra 400002", "ELEVATOR_CONTACT_LIST": null, "ELEVATOR_INTERCOM": null, "WORKING_HRS": null, "EMPLOYEE_QTY": null, "EMPLOYEE_MALE": null, "EMPLOYEE_FEMALE": null, "EMPLOYEE_DIF_ABLE": null, "WORKING_HRS_STR": null, "WORKING_HRS_STP": null, "VISITORS_QTY": null, "VISITING_HRS_STR": null, "VISITING_HRS_STP": null, "VISITORS_QTY_2": null, "VISITING_HRS_STR_2": null, "VISITING_HRS_STP_2": null}}, {"type": "Feature", "id": 2600, "geometry": {"type": "Point", "coordinates": [72.82300800016368, 18.95734900025033]}, "properties": {"OBJECTID": 2600, "NAME": "Pai Hospital", "TYPE": 4, "SUBTYPE": "Maternity Home", "LOCATION": "Ukash B Building, V.P.Road, Sika Nagar, Behind Modern High School, Girgaon, Mumbai 400004", "ELEVATOR_CONTACT_LIST": "Yes", "ELEVATOR_INTERCOM": "No", "WORKING_HRS": null, "EMPLOYEE_QTY": 7, "EMPLOYEE_MALE": null, "EMPLOYEE_FEMALE": null, "EMPLOYEE_DIF_ABLE": null, "WORKING_HRS_STR": null, "WORKING_HRS_STP": null, "VISITORS_QTY": null, "VISITING_HRS_STR": null, "VISITING_HRS_STP": null, "VISITORS_QTY_2": null, "VISITING_HRS_STR_2": null, "VISITING_HRS_STP_2": null}}, {"type": "Feature", "id": 2601, "geometry": {"type": "Point", "coordinates": [72.81285799989449, 18.97480800005129]}, "properties": {"OBJECTID": 2601, "NAME": "Shetty Nursing Home", "TYPE": 4, "SUBTYPE": "Nursing Home", "LOCATION": "Shetty Nursing Home 50/56 Tardeo Road, Mumbai - 400034", "ELEVATOR_CONTACT_LIST": null, "ELEVATOR_INTERCOM": null, "WORKING_HRS": null, "EMPLOYEE_QTY": null, "EMPLOYEE_MALE": null, "EMPLOYEE_FEMALE": null, "EMPLOYEE_DIF_ABLE": null, "WORKING_HRS_STR": null, "WORKING_HRS_STP": null, "VISITORS_QTY": null, "VISITING_HRS_STR": null, "VISITING_HRS_STP": null, "VISITORS_QTY_2": null, "VISITING_HRS_STR_2": null, "VISITING_HRS_STP_2": null}}, {"type": "Feature", "id": 2602, "geometry": {"type": "Point", "coordinates": [72.81700700027636, 18.97118100002202]}, "properties": {"OBJECTID": 2602, "NAME": "Bane Compound Health Post", "TYPE": 1, "SUBTYPE": "Health Post", "LOCATION": "Sane Guru Marg, Bane Compound, Tusliwadi, Tardeo, Mumbai - 400034", "ELEVATOR_CONTACT_LIST": null, "ELEVATOR_INTERCOM": null, "WORKING_HRS": null, "EMPLOYEE_QTY": null, "EMPLOYEE_MALE": null, "EMPLOYEE_FEMALE": null, "EMPLOYEE_DIF_ABLE": null, "WORKING_HRS_STR": null, "WORKING_HRS_STP": null, "VISITORS_QTY": null, "VISITING_HRS_STR": null, "VISITING_HRS_STP": null, "VISITORS_QTY_2": null, "VISITING_HRS_STR_2": null, "VISITING_HRS_STP_2": null}}, {"type": "Feature", "id": 2603, "geometry": {"type": "Point", "coordinates": [72.81837400005156, 18.976086999620716]}, "properties": {"OBJECTID": 2603, "NAME": "Tardeo Dispensary", "TYPE": 1, "SUBTYPE": "Dispensary", "LOCATION": "Bhajibhai Rathod Marg, Tardeo Mumbai - 400034", "ELEVATOR_CONTACT_LIST": null, "ELEVATOR_INTERCOM": null, "WORKING_HRS": null, "EMPLOYEE_QTY": null, "EMPLOYEE_MALE": null, "EMPLOYEE_FEMALE": null, "EMPLOYEE_DIF_ABLE": null, "WORKING_HRS_STR": null, "WORKING_HRS_STP": null, "VISITORS_QTY": null, "VISITING_HRS_STR": null, "VISITING_HRS_STP": null, "VISITORS_QTY_2": null, "VISITING_HRS_STR_2": null, "VISITING_HRS_STP_2": null}}, {"type": "Feature", "id": 2604, "geometry": {"type": "Point", "coordinates": [72.85485200023957, 19.039885999840088]}, "properties": {"OBJECTID": 2604, "NAME": "Kumbharwada Dispensary & Health Post", "TYPE": 1, "SUBTYPE": "Dispensary", "LOCATION": "Kumbharwada Municipal Dispensary, Ground Floor, Rajiv Gandhi Sra Transit Building, Opp. Sai Hospital, 90Ft Road, Dharavi-400017", "ELEVATOR_CONTACT_LIST": null, "ELEVATOR_INTERCOM": null, "WORKING_HRS": null, "EMPLOYEE_QTY": null, "EMPLOYEE_MALE": null, "EMPLOYEE_FEMALE": null, "EMPLOYEE_DIF_ABLE": null, "WORKING_HRS_STR": null, "WORKING_HRS_STP": null, "VISITORS_QTY": null, "VISITING_HRS_STR": null, "VISITING_HRS_STP": null, "VISITORS_QTY_2": null, "VISITING_HRS_STR_2": null, "VISITING_HRS_STP_2": null}}, {"type": "Feature", "id": 2605, "geometry": {"type": "Point", "coordinates": [72.85692499959143, 19.04804300031774]}, "properties": {"OBJECTID": 2605, "NAME": "Piila Bangalow MunIcipal Dispensary", "TYPE": 1, "SUBTYPE": "Dispensary ", "LOCATION": "Sant Rohidas Marg, Pilla Banglow, Dharavi 17", "ELEVATOR_CONTACT_LIST": null, "ELEVATOR_INTERCOM": null, "WORKING_HRS": null, "EMPLOYEE_QTY": null, "EMPLOYEE_MALE": null, "EMPLOYEE_FEMALE": null, "EMPLOYEE_DIF_ABLE": null, "WORKING_HRS_STR": null, "WORKING_HRS_STP": null, "VISITORS_QTY": null, "VISITING_HRS_STR": null, "VISITING_HRS_STP": null, "VISITORS_QTY_2": null, "VISITING_HRS_STR_2": null, "VISITING_HRS_STP_2": null}}, {"type": "Feature", "id": 2606, "geometry": {"type": "Point", "coordinates": [72.85286000011907, 19.035862000435735]}, "properties": {"OBJECTID": 2606, "NAME": "Matunga Labour Camp Dispensary", "TYPE": 1, "SUBTYPE": "Dispensary ", "LOCATION": "Matunga Labour Camp Dispensary, Dharavi, Near Shalimar Company, Mumbai-17", "ELEVATOR_CONTACT_LIST": null, "ELEVATOR_INTERCOM": null, "WORKING_HRS": null, "EMPLOYEE_QTY": null, "EMPLOYEE_MALE": null, "EMPLOYEE_FEMALE": null, "EMPLOYEE_DIF_ABLE": null, "WORKING_HRS_STR": null, "WORKING_HRS_STP": null, "VISITORS_QTY": null, "VISITING_HRS_STR": null, "VISITING_HRS_STP": null, "VISITORS_QTY_2": null, "VISITING_HRS_STR_2": null, "VISITING_HRS_STP_2": null}}, {"type": "Feature", "id": 2607, "geometry": {"type": "Point", "coordinates": [72.84957799992048, 19.040490999913953]}, "properties": {"OBJECTID": 2607, "NAME": "Dharavi Main Road Dispensary", "TYPE": 1, "SUBTYPE": "Dispensary", "LOCATION": "Main Road Disp., Dharavi Main Road Opposite Jama Masjjid, Dharavi, Mumbai-17", "ELEVATOR_CONTACT_LIST": null, "ELEVATOR_INTERCOM": null, "WORKING_HRS": null, "EMPLOYEE_QTY": null, "EMPLOYEE_MALE": null, "EMPLOYEE_FEMALE": null, "EMPLOYEE_DIF_ABLE": null, "WORKING_HRS_STR": "09:00hrs", "WORKING_HRS_STP": "13:00hrs", "VISITORS_QTY": null, "VISITING_HRS_STR": null, "VISITING_HRS_STP": null, "VISITORS_QTY_2": null, "VISITING_HRS_STR_2": null, "VISITING_HRS_STP_2": null}}, {"type": "Feature", "id": 2608, "geometry": {"type": "Point", "coordinates": [72.84933799988983, 19.039346999613365]}, "properties": {"OBJECTID": 2608, "NAME": "Shahunagar Dispensary", "TYPE": 1, "SUBTYPE": "Dispensary", "LOCATION": "Shahunagar Dispensary E-17, Ground Floor, Near Dharavi Fire Station, Mahim East, Mumbai-17", "ELEVATOR_CONTACT_LIST": null, "ELEVATOR_INTERCOM": null, "WORKING_HRS": null, "EMPLOYEE_QTY": null, "EMPLOYEE_MALE": null, "EMPLOYEE_FEMALE": null, "EMPLOYEE_DIF_ABLE": null, "WORKING_HRS_STR": null, "WORKING_HRS_STP": null, "VISITORS_QTY": null, "VISITING_HRS_STR": null, "VISITING_HRS_STP": null, "VISITORS_QTY_2": null, "VISITING_HRS_STR_2": null, "VISITING_HRS_STP_2": null}}, {"type": "Feature", "id": 2609, "geometry": {"type": "Point", "coordinates": [72.83996709538717, 19.03143727578679]}, "properties": {"OBJECTID": 2609, "NAME": "Shri Cinema Dispensary", "TYPE": 1, "SUBTYPE": "Dispensary", "LOCATION": "Shree Cinema Disp Welfare Blg. Dilip Gupta Road Mahim-16", "ELEVATOR_CONTACT_LIST": null, "ELEVATOR_INTERCOM": null, "WORKING_HRS": null, "EMPLOYEE_QTY": null, "EMPLOYEE_MALE": null, "EMPLOYEE_FEMALE": null, "EMPLOYEE_DIF_ABLE": null, "WORKING_HRS_STR": null, "WORKING_HRS_STP": null, "VISITORS_QTY": null, "VISITING_HRS_STR": null, "VISITING_HRS_STP": null, "VISITORS_QTY_2": null, "VISITING_HRS_STR_2": null, "VISITING_HRS_STP_2": null}}, {"type": "Feature", "id": 2611, "geometry": {"type": "Point", "coordinates": [72.81831900009281, 19.00620099986689]}, "properties": {"OBJECTID": 2611, "NAME": "Bosco Ent Nursing Home", "TYPE": 4, "SUBTYPE": "Speciality", "LOCATION": "Jcdc, 390, Ganapat Rao Marg, Bdd Chawls, Worli Naka, Worli, Mumbai - 400030", "ELEVATOR_CONTACT_LIST": null, "ELEVATOR_INTERCOM": null, "WORKING_HRS": null, "EMPLOYEE_QTY": null, "EMPLOYEE_MALE": null, "EMPLOYEE_FEMALE": null, "EMPLOYEE_DIF_ABLE": null, "WORKING_HRS_STR": null, "WORKING_HRS_STP": null, "VISITORS_QTY": null, "VISITING_HRS_STR": null, "VISITING_HRS_STP": null, "VISITORS_QTY_2": null, "VISITING_HRS_STR_2": null, "VISITING_HRS_STP_2": null}}, {"type": "Feature", "id": 2612, "geometry": {"type": "Point", "coordinates": [72.82736000013759, 18.99774499998851]}, "properties": {"OBJECTID": 2612, "NAME": "M.H Compund Dispensary", "TYPE": 1, "SUBTYPE": "Dispensary ", "LOCATION": "Shivalay Building, Ground Floor, S B Marg, Lower Parel, Mum-13", "ELEVATOR_CONTACT_LIST": null, "ELEVATOR_INTERCOM": null, "WORKING_HRS": null, "EMPLOYEE_QTY": null, "EMPLOYEE_MALE": null, "EMPLOYEE_FEMALE": null, "EMPLOYEE_DIF_ABLE": null, "WORKING_HRS_STR": null, "WORKING_HRS_STP": null, "VISITORS_QTY": null, "VISITING_HRS_STR": null, "VISITING_HRS_STP": null, "VISITORS_QTY_2": null, "VISITING_HRS_STR_2": null, "VISITING_HRS_STP_2": null}}, {"type": "Feature", "id": 2613, "geometry": {"type": "Point", "coordinates": [72.81977600019043, 18.993916999595566]}, "properties": {"OBJECTID": 2613, "NAME": "Jijamata Nagar H.P - 1", "TYPE": 1, "SUBTYPE": "Health Post", "LOCATION": "Jijamata Nagar, Near Worli Cemetery, Dr A B Road, Worli Mumbai-400018", "ELEVATOR_CONTACT_LIST": null, "ELEVATOR_INTERCOM": null, "WORKING_HRS": null, "EMPLOYEE_QTY": null, "EMPLOYEE_MALE": null, "EMPLOYEE_FEMALE": null, "EMPLOYEE_DIF_ABLE": null, "WORKING_HRS_STR": null, "WORKING_HRS_STP": null, "VISITORS_QTY": null, "VISITING_HRS_STR": null, "VISITING_HRS_STP": null, "VISITORS_QTY_2": null, "VISITING_HRS_STR_2": null, "VISITING_HRS_STP_2": null}}, {"type": "Feature", "id": 2614, "geometry": {"type": "Point", "coordinates": [72.83540299994874, 18.995324999740355]}, "properties": {"OBJECTID": 2614, "NAME": "Curry Road Health Post", "TYPE": 1, "SUBTYPE": "Health Post", "LOCATION": "Near Currey Railway Station, Mahadev Palav Marg, Currey Road, Mum-13", "ELEVATOR_CONTACT_LIST": null, "ELEVATOR_INTERCOM": null, "WORKING_HRS": "No", "EMPLOYEE_QTY": 3, "EMPLOYEE_MALE": null, "EMPLOYEE_FEMALE": null, "EMPLOYEE_DIF_ABLE": null, "WORKING_HRS_STR": null, "WORKING_HRS_STP": null, "VISITORS_QTY": null, "VISITING_HRS_STR": null, "VISITING_HRS_STP": null, "VISITORS_QTY_2": null, "VISITING_HRS_STR_2": null, "VISITING_HRS_STP_2": null}}, {"type": "Feature", "id": 2615, "geometry": {"type": "Point", "coordinates": [72.82663500002641, 19.01538600039483]}, "properties": {"OBJECTID": 2615, "NAME": "Prabha Devi H.P", "TYPE": 1, "SUBTYPE": "Health Post", "LOCATION": "Near Gammon House & New Passport Office, Veer Savarkar Marg, Prabhadevi, Mum-25", "ELEVATOR_CONTACT_LIST": null, "ELEVATOR_INTERCOM": null, "WORKING_HRS": null, "EMPLOYEE_QTY": null, "EMPLOYEE_MALE": null, "EMPLOYEE_FEMALE": null, "EMPLOYEE_DIF_ABLE": null, "WORKING_HRS_STR": null, "WORKING_HRS_STP": null, "VISITORS_QTY": null, "VISITING_HRS_STR": null, "VISITING_HRS_STP": null, "VISITORS_QTY_2": null, "VISITING_HRS_STR_2": null, "VISITING_HRS_STP_2": null}}, {"type": "Feature", "id": 2616, "geometry": {"type": "Point", "coordinates": [72.8414184874121, 19.00466261195848]}, "properties": {"OBJECTID": 2616, "NAME": "Jer Bai Wadia Hospital", "TYPE": 4, "SUBTYPE": "Children", "LOCATION": "Jer Bai Wadia Hospital, Achary Dhonde Road, Near Tata Memorial Hospital, Parel East, Mumbai, 400012", "ELEVATOR_CONTACT_LIST": null, "ELEVATOR_INTERCOM": null, "WORKING_HRS": null, "EMPLOYEE_QTY": null, "EMPLOYEE_MALE": null, "EMPLOYEE_FEMALE": null, "EMPLOYEE_DIF_ABLE": null, "WORKING_HRS_STR": null, "WORKING_HRS_STP": null, "VISITORS_QTY": null, "VISITING_HRS_STR": null, "VISITING_HRS_STP": null, "VISITORS_QTY_2": null, "VISITING_HRS_STR_2": null, "VISITING_HRS_STP_2": null}}, {"type": "Feature", "id": 2617, "geometry": {"type": "Point", "coordinates": [72.8490124271914, 19.068166593943914]}, "properties": {"OBJECTID": 2617, "NAME": "Health 1 Hospital", "TYPE": 1, "SUBTYPE": "Health Post", "LOCATION": "Ahinsa Nagar CHS Ltd., Bandra East, Mumbai, Maharashtra 400051", "ELEVATOR_CONTACT_LIST": null, "ELEVATOR_INTERCOM": null, "WORKING_HRS": null, "EMPLOYEE_QTY": null, "EMPLOYEE_MALE": null, "EMPLOYEE_FEMALE": null, "EMPLOYEE_DIF_ABLE": null, "WORKING_HRS_STR": null, "WORKING_HRS_STP": null, "VISITORS_QTY": null, "VISITING_HRS_STR": null, "VISITING_HRS_STP": null, "VISITORS_QTY_2": null, "VISITING_HRS_STR_2": null, "VISITING_HRS_STP_2": null}}, {"type": "Feature", "id": 2619, "geometry": {"type": "Point", "coordinates": [72.82162799969245, 18.96024900023869]}, "properties": {"OBJECTID": 2619, "NAME": "Khetwadi Health Post", "TYPE": 1, "SUBTYPE": "Health Post", "LOCATION": "11Th Khetwadi, Manish Building, Ground Floor, Mumbai - 400 004.", "ELEVATOR_CONTACT_LIST": "No", "ELEVATOR_INTERCOM": "No", "WORKING_HRS": null, "EMPLOYEE_QTY": 6, "EMPLOYEE_MALE": null, "EMPLOYEE_FEMALE": null, "EMPLOYEE_DIF_ABLE": null, "WORKING_HRS_STR": null, "WORKING_HRS_STP": null, "VISITORS_QTY": null, "VISITING_HRS_STR": null, "VISITING_HRS_STP": null, "VISITORS_QTY_2": null, "VISITING_HRS_STR_2": null, "VISITING_HRS_STP_2": null}}, {"type": "Feature", "id": 2620, "geometry": {"type": "Point", "coordinates": [72.82256800025338, 19.004417999559074]}, "properties": {"OBJECTID": 2620, "NAME": "Rch-Ii Hp (Jijamata Nagar-2)", "TYPE": 1, "SUBTYPE": "Health Post", "LOCATION": "Jijamata Nagar-2 Rch Hp,Aurus Chembers, Ground Floor, B Wing, Opp. Bdd -121, Near Mahindra Tower, Worli, Mum-18", "ELEVATOR_CONTACT_LIST": "No", "ELEVATOR_INTERCOM": "No", "WORKING_HRS": "No", "EMPLOYEE_QTY": 7, "EMPLOYEE_MALE": null, "EMPLOYEE_FEMALE": null, "EMPLOYEE_DIF_ABLE": null, "WORKING_HRS_STR": null, "WORKING_HRS_STP": null, "VISITORS_QTY": null, "VISITING_HRS_STR": null, "VISITING_HRS_STP": null, "VISITORS_QTY_2": null, "VISITING_HRS_STR_2": null, "VISITING_HRS_STP_2": null}}, {"type": "Feature", "id": 2915, "geometry": {"type": "Point", "coordinates": [72.83520278815328, 19.10742681673749]}, "properties": {"OBJECTID": 2915, "NAME": "H B T Medical College & R N Cooper Municipal Hospital (OLD Casualty/ College Building 1)", "TYPE": 1, "SUBTYPE": "General", "LOCATION": "U 15, Bhaktivedanta Swami Marg, Juhu Scheme, Juhu, Mumbai, Maharashtra 400056", "ELEVATOR_CONTACT_LIST": "Yes", "ELEVATOR_INTERCOM": "Yes", "WORKING_HRS": null, "EMPLOYEE_QTY": 912, "EMPLOYEE_MALE": null, "EMPLOYEE_FEMALE": null, "EMPLOYEE_DIF_ABLE": null, "WORKING_HRS_STR": null, "WORKING_HRS_STP": null, "VISITORS_QTY": null, "VISITING_HRS_STR": null, "VISITING_HRS_STP": null, "VISITORS_QTY_2": null, "VISITING_HRS_STR_2": null, "VISITING_HRS_STP_2": null}}, {"type": "Feature", "id": 3235, "geometry": {"type": "Point", "coordinates": [72.81389527016493, 19.00338849336472]}, "properties": {"OBJECTID": 3235, "NAME": "Government of India Diagnostics Center", "TYPE": 3, "SUBTYPE": "General", "LOCATION": "Government of India Diagnostics Center, Dr R G Thadani Marg, Near Worli Seaface, Worli, Mumbai, 400030", "ELEVATOR_CONTACT_LIST": null, "ELEVATOR_INTERCOM": null, "WORKING_HRS": null, "EMPLOYEE_QTY": null, "EMPLOYEE_MALE": null, "EMPLOYEE_FEMALE": null, "EMPLOYEE_DIF_ABLE": null, "WORKING_HRS_STR": null, "WORKING_HRS_STP": null, "VISITORS_QTY": null, "VISITING_HRS_STR": null, "VISITING_HRS_STP": null, "VISITORS_QTY_2": null, "VISITING_HRS_STR_2": null, "VISITING_HRS_STP_2": null}}, {"type": "Feature", "id": 3236, "geometry": {"type": "Point", "coordinates": [72.84148699673088, 19.00236689876095]}, "properties": {"OBJECTID": 3236, "NAME": "Kem Hospital", "TYPE": 1, "SUBTYPE": "General", "LOCATION": "Kem Hospital, Dr E Borges Road, Near Kamgar Maidan, Parel, Mumbai, 400012", "ELEVATOR_CONTACT_LIST": null, "ELEVATOR_INTERCOM": null, "WORKING_HRS": null, "EMPLOYEE_QTY": null, "EMPLOYEE_MALE": null, "EMPLOYEE_FEMALE": null, "EMPLOYEE_DIF_ABLE": null, "WORKING_HRS_STR": null, "WORKING_HRS_STP": null, "VISITORS_QTY": null, "VISITING_HRS_STR": null, "VISITING_HRS_STP": null, "VISITORS_QTY_2": null, "VISITING_HRS_STR_2": null, "VISITING_HRS_STP_2": null}}, {"type": "Feature", "id": 3555, "geometry": {"type": "Point", "coordinates": [72.85156300004213, 19.12443499975552]}, "properties": {"OBJECTID": 3555, "NAME": "Shrimati  Lilavati Dalachand Kamdar Health Centar", "TYPE": 4, "SUBTYPE": "General", "LOCATION": "Zaveri Building, Verma Nagar, Jijamata Colony, Andheri East, Mumbai, Maharashtra 400053", "ELEVATOR_CONTACT_LIST": null, "ELEVATOR_INTERCOM": null, "WORKING_HRS": null, "EMPLOYEE_QTY": null, "EMPLOYEE_MALE": null, "EMPLOYEE_FEMALE": null, "EMPLOYEE_DIF_ABLE": null, "WORKING_HRS_STR": null, "WORKING_HRS_STP": null, "VISITORS_QTY": null, "VISITING_HRS_STR": null, "VISITING_HRS_STP": null, "VISITORS_QTY_2": null, "VISITING_HRS_STR_2": null, "VISITING_HRS_STP_2": null}}, {"type": "Feature", "id": 3556, "geometry": {"type": "Point", "coordinates": [72.85121800014774, 19.12391800026259]}, "properties": {"OBJECTID": 3556, "NAME": "32 Sparkles Dental Clinic", "TYPE": 4, "SUBTYPE": "Clinic", "LOCATION": "S Radha Krishnan Road, Verma Nagar, Azad Nagar, Jogeshwari East, Mumbai, Maharashtra 400053", "ELEVATOR_CONTACT_LIST": null, "ELEVATOR_INTERCOM": null, "WORKING_HRS": null, "EMPLOYEE_QTY": null, "EMPLOYEE_MALE": null, "EMPLOYEE_FEMALE": null, "EMPLOYEE_DIF_ABLE": null, "WORKING_HRS_STR": null, "WORKING_HRS_STP": null, "VISITORS_QTY": null, "VISITING_HRS_STR": null, "VISITING_HRS_STP": null, "VISITORS_QTY_2": null, "VISITING_HRS_STR_2": null, "VISITING_HRS_STP_2": null}}, {"type": "Feature", "id": 3557, "geometry": {"type": "Point", "coordinates": [72.84999700033191, 19.123896000141183]}, "properties": {"OBJECTID": 3557, "NAME": "Meera Piles Clinic", "TYPE": 4, "SUBTYPE": "Clinic", "LOCATION": "Matadin Mishra Building, Shop Numbar. 1, Old Nagardas Rd, Mogra Pada, Natwar Nagar, Andheri East, Mumbai, Maharashtra 400069", "ELEVATOR_CONTACT_LIST": null, "ELEVATOR_INTERCOM": null, "WORKING_HRS": null, "EMPLOYEE_QTY": null, "EMPLOYEE_MALE": null, "EMPLOYEE_FEMALE": null, "EMPLOYEE_DIF_ABLE": null, "WORKING_HRS_STR": null, "WORKING_HRS_STP": null, "VISITORS_QTY": null, "VISITING_HRS_STR": null, "VISITING_HRS_STP": null, "VISITORS_QTY_2": null, "VISITING_HRS_STR_2": null, "VISITING_HRS_STP_2": null}}, {"type": "Feature", "id": 3558, "geometry": {"type": "Point", "coordinates": [72.8573200002281, 19.126376000452773]}, "properties": {"OBJECTID": 3558, "NAME": "Raksha Multispeciality Hospital Pvt. Ltd.", "TYPE": 4, "SUBTYPE": "General", "LOCATION": "1st Floor, Twin Tower, Manish Park Pump House, Jijamata Rd, Parsi Colony, Andheri East, Mumbai, Maharashtra 400093", "ELEVATOR_CONTACT_LIST": null, "ELEVATOR_INTERCOM": null, "WORKING_HRS": null, "EMPLOYEE_QTY": null, "EMPLOYEE_MALE": null, "EMPLOYEE_FEMALE": null, "EMPLOYEE_DIF_ABLE": null, "WORKING_HRS_STR": null, "WORKING_HRS_STP": null, "VISITORS_QTY": null, "VISITING_HRS_STR": null, "VISITING_HRS_STP": null, "VISITORS_QTY_2": null, "VISITING_HRS_STR_2": null, "VISITING_HRS_STP_2": null}}, {"type": "Feature", "id": 3559, "geometry": {"type": "Point", "coordinates": [72.85315900006522, 19.103848000333354]}, "properties": {"OBJECTID": 3559, "NAME": "Dr. Reni V. Shah", "TYPE": 4, "SUBTYPE": "Clinic", "LOCATION": "B,7, Krishna Cottage, Hanuman Road, Vile parle(E), Navpada, Vile Parle East, Vile Parle, Mumbai, Maharashtra 400057", "ELEVATOR_CONTACT_LIST": null, "ELEVATOR_INTERCOM": null, "WORKING_HRS": null, "EMPLOYEE_QTY": null, "EMPLOYEE_MALE": null, "EMPLOYEE_FEMALE": null, "EMPLOYEE_DIF_ABLE": null, "WORKING_HRS_STR": null, "WORKING_HRS_STP": null, "VISITORS_QTY": null, "VISITING_HRS_STR": null, "VISITING_HRS_STP": null, "VISITORS_QTY_2": null, "VISITING_HRS_STR_2": null, "VISITING_HRS_STP_2": null}}, {"type": "Feature", "id": 3560, "geometry": {"type": "Point", "coordinates": [72.85276599970513, 19.10543999967399]}, "properties": {"OBJECTID": 3560, "NAME": "Smeet Child Care Center", "TYPE": 4, "SUBTYPE": "Children", "LOCATION": "Paranjape B Scheme Rd Number 3, Navpada, Paranjape Nagar, Vile Parle, Mumbai, Maharashtra 400057", "ELEVATOR_CONTACT_LIST": null, "ELEVATOR_INTERCOM": null, "WORKING_HRS": null, "EMPLOYEE_QTY": null, "EMPLOYEE_MALE": null, "EMPLOYEE_FEMALE": null, "EMPLOYEE_DIF_ABLE": null, "WORKING_HRS_STR": null, "WORKING_HRS_STP": null, "VISITORS_QTY": null, "VISITING_HRS_STR": null, "VISITING_HRS_STP": null, "VISITORS_QTY_2": null, "VISITING_HRS_STR_2": null, "VISITING_HRS_STP_2": null}}, {"type": "Feature", "id": 3561, "geometry": {"type": "Point", "coordinates": [72.84790500030023, 19.122855000449714]}, "properties": {"OBJECTID": 3561, "NAME": "Dr. Samir B. Sonawala", "TYPE": 4, "SUBTYPE": "General", "LOCATION": "Ghandi Sadan Building, New Nagardas Rd, Patel Wadi, Natwar Nagar, Jogeshwari East, Mumbai, Maharashtra 400058", "ELEVATOR_CONTACT_LIST": null, "ELEVATOR_INTERCOM": null, "WORKING_HRS": null, "EMPLOYEE_QTY": null, "EMPLOYEE_MALE": null, "EMPLOYEE_FEMALE": null, "EMPLOYEE_DIF_ABLE": null, "WORKING_HRS_STR": null, "WORKING_HRS_STP": null, "VISITORS_QTY": null, "VISITING_HRS_STR": null, "VISITING_HRS_STP": null, "VISITORS_QTY_2": null, "VISITING_HRS_STR_2": null, "VISITING_HRS_STP_2": null}}, {"type": "Feature", "id": 3562, "geometry": {"type": "Point", "coordinates": [72.84889100025163, 19.129474999778477]}, "properties": {"OBJECTID": 3562, "NAME": "Home For The Aged", "TYPE": 4, "SUBTYPE": "General", "LOCATION": "Chaitanya Building, Saraswati Baug, Natwar Nagar, Jogeshwari East, Mumbai, Maharashtra 400060", "ELEVATOR_CONTACT_LIST": null, "ELEVATOR_INTERCOM": null, "WORKING_HRS": null, "EMPLOYEE_QTY": null, "EMPLOYEE_MALE": null, "EMPLOYEE_FEMALE": null, "EMPLOYEE_DIF_ABLE": null, "WORKING_HRS_STR": null, "WORKING_HRS_STP": null, "VISITORS_QTY": null, "VISITING_HRS_STR": null, "VISITING_HRS_STP": null, "VISITORS_QTY_2": null, "VISITING_HRS_STR_2": null, "VISITING_HRS_STP_2": null}}, {"type": "Feature", "id": 3563, "geometry": {"type": "Point", "coordinates": [72.84788099974199, 19.12209699998766]}, "properties": {"OBJECTID": 3563, "NAME": "Dr Sharmila H. Joshi", "TYPE": 4, "SUBTYPE": "General", "LOCATION": "Agarkar Chowk, Pinky Cinema, Patel Wadi, Natwar Nagar, Jogeshwari East, Mumbai, Maharashtra 400001", "ELEVATOR_CONTACT_LIST": null, "ELEVATOR_INTERCOM": null, "WORKING_HRS": null, "EMPLOYEE_QTY": null, "EMPLOYEE_MALE": null, "EMPLOYEE_FEMALE": null, "EMPLOYEE_DIF_ABLE": null, "WORKING_HRS_STR": null, "WORKING_HRS_STP": null, "VISITORS_QTY": null, "VISITING_HRS_STR": null, "VISITING_HRS_STP": null, "VISITORS_QTY_2": null, "VISITING_HRS_STR_2": null, "VISITING_HRS_STP_2": null}}, {"type": "Feature", "id": 3564, "geometry": {"type": "Point", "coordinates": [72.85165899964582, 19.128273999686556]}, "properties": {"OBJECTID": 3564, "NAME": "Dr O.S.Mishra", "TYPE": 4, "SUBTYPE": "General", "LOCATION": "Shop No. 5,Shankar Pande Chawl, Ambe wadi, R.k.Singh Marg, Jogeshwari East, Mumbai, Maharashtra 400060", "ELEVATOR_CONTACT_LIST": null, "ELEVATOR_INTERCOM": null, "WORKING_HRS": null, "EMPLOYEE_QTY": null, "EMPLOYEE_MALE": null, "EMPLOYEE_FEMALE": null, "EMPLOYEE_DIF_ABLE": null, "WORKING_HRS_STR": null, "WORKING_HRS_STP": null, "VISITORS_QTY": null, "VISITING_HRS_STR": null, "VISITING_HRS_STP": null, "VISITORS_QTY_2": null, "VISITING_HRS_STR_2": null, "VISITING_HRS_STP_2": null}}, {"type": "Feature", "id": 3565, "geometry": {"type": "Point", "coordinates": [72.8581309996337, 19.141122000054867]}, "properties": {"OBJECTID": 3565, "NAME": "Radhikashiv Clinic", "TYPE": 4, "SUBTYPE": "Clinic", "LOCATION": "Raginvar Rd, Majas Gaon Tekadi, Thakur Bansraj Singh Estate, Pratap Nagar, Jogeshwari East, Mumbai, Maharashtra 400060", "ELEVATOR_CONTACT_LIST": null, "ELEVATOR_INTERCOM": null, "WORKING_HRS": null, "EMPLOYEE_QTY": null, "EMPLOYEE_MALE": null, "EMPLOYEE_FEMALE": null, "EMPLOYEE_DIF_ABLE": null, "WORKING_HRS_STR": null, "WORKING_HRS_STP": null, "VISITORS_QTY": null, "VISITING_HRS_STR": null, "VISITING_HRS_STP": null, "VISITORS_QTY_2": null, "VISITING_HRS_STR_2": null, "VISITING_HRS_STP_2": null}}, {"type": "Feature", "id": 3566, "geometry": {"type": "Point", "coordinates": [72.85162500016554, 19.127819000192975]}, "properties": {"OBJECTID": 3566, "NAME": "Gurukripa Clinic", "TYPE": 4, "SUBTYPE": "General", "LOCATION": "Shop No.12,A-Wing, Hari Dham, Mogra Pada, R.K.Singh Marg, Andheri East, Mumbai, Maharashtra 40006", "ELEVATOR_CONTACT_LIST": null, "ELEVATOR_INTERCOM": null, "WORKING_HRS": null, "EMPLOYEE_QTY": null, "EMPLOYEE_MALE": null, "EMPLOYEE_FEMALE": null, "EMPLOYEE_DIF_ABLE": null, "WORKING_HRS_STR": null, "WORKING_HRS_STP": null, "VISITORS_QTY": null, "VISITING_HRS_STR": null, "VISITING_HRS_STP": null, "VISITORS_QTY_2": null, "VISITING_HRS_STR_2": null, "VISITING_HRS_STP_2": null}}, {"type": "Feature", "id": 3567, "geometry": {"type": "Point", "coordinates": [72.85077200006853, 19.118096999584758]}, "properties": {"OBJECTID": 3567, "NAME": "Cetiti Care Hospital", "TYPE": 4, "SUBTYPE": "General", "LOCATION": "Plot No 516, Besides SBI, Telli Galli, Rajashree Sahu Marg, Andheri East, Mumbai, Maharashtra 400069", "ELEVATOR_CONTACT_LIST": null, "ELEVATOR_INTERCOM": null, "WORKING_HRS": null, "EMPLOYEE_QTY": null, "EMPLOYEE_MALE": null, "EMPLOYEE_FEMALE": null, "EMPLOYEE_DIF_ABLE": null, "WORKING_HRS_STR": null, "WORKING_HRS_STP": null, "VISITORS_QTY": null, "VISITING_HRS_STR": null, "VISITING_HRS_STP": null, "VISITORS_QTY_2": null, "VISITING_HRS_STR_2": null, "VISITING_HRS_STP_2": null}}, {"type": "Feature", "id": 3568, "geometry": {"type": "Point", "coordinates": [72.85298099985019, 19.12952699966003]}, "properties": {"OBJECTID": 3568, "NAME": "Hajar Hospital", "TYPE": 4, "SUBTYPE": "Clinic", "LOCATION": "1st Floor, Bin Bin Apartment, Natwar Nagar, Mogra Village, Near Bhandari Bank, Jogeshwari East, Mumbai, Maharashtra 400060", "ELEVATOR_CONTACT_LIST": null, "ELEVATOR_INTERCOM": null, "WORKING_HRS": null, "EMPLOYEE_QTY": null, "EMPLOYEE_MALE": null, "EMPLOYEE_FEMALE": null, "EMPLOYEE_DIF_ABLE": null, "WORKING_HRS_STR": null, "WORKING_HRS_STP": null, "VISITORS_QTY": null, "VISITING_HRS_STR": null, "VISITING_HRS_STP": null, "VISITORS_QTY_2": null, "VISITING_HRS_STR_2": null, "VISITING_HRS_STP_2": null}}, {"type": "Feature", "id": 3569, "geometry": {"type": "Point", "coordinates": [72.85248400019172, 19.12953000035136]}, "properties": {"OBJECTID": 3569, "NAME": "Acura Dental Specialities", "TYPE": 4, "SUBTYPE": "Speciality", "LOCATION": "Shop Number 8,Tivoli Terrace, Road Number 5, Mumbai, Maharashtra 400060", "ELEVATOR_CONTACT_LIST": null, "ELEVATOR_INTERCOM": null, "WORKING_HRS": null, "EMPLOYEE_QTY": null, "EMPLOYEE_MALE": null, "EMPLOYEE_FEMALE": null, "EMPLOYEE_DIF_ABLE": null, "WORKING_HRS_STR": null, "WORKING_HRS_STP": null, "VISITORS_QTY": null, "VISITING_HRS_STR": null, "VISITING_HRS_STP": null, "VISITORS_QTY_2": null, "VISITING_HRS_STR_2": null, "VISITING_HRS_STP_2": null}}, {"type": "Feature", "id": 3570, "geometry": {"type": "Point", "coordinates": [72.85114099983733, 19.129575999752205]}, "properties": {"OBJECTID": 3570, "NAME": "Krupa Dental Clinic", "TYPE": 4, "SUBTYPE": "Clinic", "LOCATION": "Saraswati Baug, Sai Wadi, Natwar Nagar, Jogeshwari East, Mumbai, Maharashtra 400053", "ELEVATOR_CONTACT_LIST": null, "ELEVATOR_INTERCOM": null, "WORKING_HRS": null, "EMPLOYEE_QTY": null, "EMPLOYEE_MALE": null, "EMPLOYEE_FEMALE": null, "EMPLOYEE_DIF_ABLE": null, "WORKING_HRS_STR": null, "WORKING_HRS_STP": null, "VISITORS_QTY": null, "VISITING_HRS_STR": null, "VISITING_HRS_STP": null, "VISITORS_QTY_2": null, "VISITING_HRS_STR_2": null, "VISITING_HRS_STP_2": null}}, {"type": "Feature", "id": 3572, "geometry": {"type": "Point", "coordinates": [72.84958700042031, 19.132778000085146]}, "properties": {"OBJECTID": 3572, "NAME": "Sushrut Clinic", "TYPE": 4, "SUBTYPE": "Clinic", "LOCATION": "Suraj Apartment, The Hindu Friends Society Marg, Near NK GSB Bank, Hardevi Society, Natwar Nagar, Jogeshwari East, Mumbai, Maharashtra 400060", "ELEVATOR_CONTACT_LIST": null, "ELEVATOR_INTERCOM": null, "WORKING_HRS": null, "EMPLOYEE_QTY": null, "EMPLOYEE_MALE": null, "EMPLOYEE_FEMALE": null, "EMPLOYEE_DIF_ABLE": null, "WORKING_HRS_STR": null, "WORKING_HRS_STP": null, "VISITORS_QTY": null, "VISITING_HRS_STR": null, "VISITING_HRS_STP": null, "VISITORS_QTY_2": null, "VISITING_HRS_STR_2": null, "VISITING_HRS_STP_2": null}}, {"type": "Feature", "id": 3573, "geometry": {"type": "Point", "coordinates": [72.84959499999174, 19.133180000373766]}, "properties": {"OBJECTID": 3573, "NAME": "Kumars Dental Care Centar", "TYPE": 4, "SUBTYPE": "Clinic", "LOCATION": "The Hindu Friends Society Marg, Ismail College Camps, Natwar Nagar, Jogeshwari East, Mumbai, Maharashtra 400060", "ELEVATOR_CONTACT_LIST": null, "ELEVATOR_INTERCOM": null, "WORKING_HRS": null, "EMPLOYEE_QTY": null, "EMPLOYEE_MALE": null, "EMPLOYEE_FEMALE": null, "EMPLOYEE_DIF_ABLE": null, "WORKING_HRS_STR": null, "WORKING_HRS_STP": null, "VISITORS_QTY": null, "VISITING_HRS_STR": null, "VISITING_HRS_STP": null, "VISITORS_QTY_2": null, "VISITING_HRS_STR_2": null, "VISITING_HRS_STP_2": null}}, {"type": "Feature", "id": 3574, "geometry": {"type": "Point", "coordinates": [72.84967299982401, 19.133152999548393]}, "properties": {"OBJECTID": 3574, "NAME": "Chami Clinic", "TYPE": 4, "SUBTYPE": "Clinic", "LOCATION": "Prabhas Building, The Hindu Friends Society Marg, Hardevi Society, Natwar Nagar, Jogeshwari East, Mumbai, Maharashtra 400060", "ELEVATOR_CONTACT_LIST": null, "ELEVATOR_INTERCOM": null, "WORKING_HRS": null, "EMPLOYEE_QTY": null, "EMPLOYEE_MALE": null, "EMPLOYEE_FEMALE": null, "EMPLOYEE_DIF_ABLE": null, "WORKING_HRS_STR": null, "WORKING_HRS_STP": null, "VISITORS_QTY": null, "VISITING_HRS_STR": null, "VISITING_HRS_STP": null, "VISITORS_QTY_2": null, "VISITING_HRS_STR_2": null, "VISITING_HRS_STP_2": null}}, {"type": "Feature", "id": 3575, "geometry": {"type": "Point", "coordinates": [72.84985200024718, 19.11651900008911]}, "properties": {"OBJECTID": 3575, "NAME": "Dr Dipali Joshi Athawale", "TYPE": 4, "SUBTYPE": "Clinic", "LOCATION": "Teli Galli cross road andheri east Shraddha heights building, C-Wing, Mumbai, Maharashtra 400069", "ELEVATOR_CONTACT_LIST": null, "ELEVATOR_INTERCOM": null, "WORKING_HRS": null, "EMPLOYEE_QTY": null, "EMPLOYEE_MALE": null, "EMPLOYEE_FEMALE": null, "EMPLOYEE_DIF_ABLE": null, "WORKING_HRS_STR": null, "WORKING_HRS_STP": null, "VISITORS_QTY": null, "VISITING_HRS_STR": null, "VISITING_HRS_STP": null, "VISITORS_QTY_2": null, "VISITING_HRS_STR_2": null, "VISITING_HRS_STP_2": null}}, {"type": "Feature", "id": 3576, "geometry": {"type": "Point", "coordinates": [72.85722399996996, 19.13555300026589]}, "properties": {"OBJECTID": 3576, "NAME": "Ashok Dental Clinic", "TYPE": 4, "SUBTYPE": "Clinic", "LOCATION": "Near Hanuman Mandir, Gandhi Nagar Society, Jogeshwari East, Mumbai, Maharashtra 400060", "ELEVATOR_CONTACT_LIST": null, "ELEVATOR_INTERCOM": null, "WORKING_HRS": null, "EMPLOYEE_QTY": null, "EMPLOYEE_MALE": null, "EMPLOYEE_FEMALE": null, "EMPLOYEE_DIF_ABLE": null, "WORKING_HRS_STR": null, "WORKING_HRS_STP": null, "VISITORS_QTY": null, "VISITING_HRS_STR": null, "VISITING_HRS_STP": null, "VISITORS_QTY_2": null, "VISITING_HRS_STR_2": null, "VISITING_HRS_STP_2": null}}, {"type": "Feature", "id": 3577, "geometry": {"type": "Point", "coordinates": [72.85569399974715, 19.13691200003569]}, "properties": {"OBJECTID": 3577, "NAME": "Usha Laboratory & X-Ray Clinic", "TYPE": 4, "SUBTYPE": "Clinic", "LOCATION": "Dalwai Compound,Sanjay Gandhi Nagar,janata Colony Road,Near Sanjay Gandhi Nagar Bus Stop,Near Highway Bridge, Station Rd, Janata Colony, Jogeshwari East, Mumbai, Maharashtra 400060", "ELEVATOR_CONTACT_LIST": null, "ELEVATOR_INTERCOM": null, "WORKING_HRS": null, "EMPLOYEE_QTY": null, "EMPLOYEE_MALE": null, "EMPLOYEE_FEMALE": null, "EMPLOYEE_DIF_ABLE": null, "WORKING_HRS_STR": null, "WORKING_HRS_STP": null, "VISITORS_QTY": null, "VISITING_HRS_STR": null, "VISITING_HRS_STP": null, "VISITORS_QTY_2": null, "VISITING_HRS_STR_2": null, "VISITING_HRS_STP_2": null}}, {"type": "Feature", "id": 3578, "geometry": {"type": "Point", "coordinates": [72.85422499995461, 19.13728400012221]}, "properties": {"OBJECTID": 3578, "NAME": "Kailash Dentocare Clinic", "TYPE": 4, "SUBTYPE": "Clinic", "LOCATION": "Shree Krishna Apartment Dalwai Compound Below Shalyak Hospital Next to Jogeshwari Police station, Jogeshwari East, Mumbai, Maharashtra 400060", "ELEVATOR_CONTACT_LIST": null, "ELEVATOR_INTERCOM": null, "WORKING_HRS": null, "EMPLOYEE_QTY": null, "EMPLOYEE_MALE": null, "EMPLOYEE_FEMALE": null, "EMPLOYEE_DIF_ABLE": null, "WORKING_HRS_STR": null, "WORKING_HRS_STP": null, "VISITORS_QTY": null, "VISITING_HRS_STR": null, "VISITING_HRS_STP": null, "VISITORS_QTY_2": null, "VISITING_HRS_STR_2": null, "VISITING_HRS_STP_2": null}}, {"type": "Feature", "id": 3579, "geometry": {"type": "Point", "coordinates": [72.85551400016715, 19.136688000100676]}, "properties": {"OBJECTID": 3579, "NAME": "Metro Digital Meditech", "TYPE": 4, "SUBTYPE": "General", "LOCATION": "Shop No.13. Opp W.E.Highway, Near SQ Colony, BMC Hops Road Kenorita Garment Hub, Jogeshwari East, Mumbai, Maharashtra 400060", "ELEVATOR_CONTACT_LIST": null, "ELEVATOR_INTERCOM": null, "WORKING_HRS": null, "EMPLOYEE_QTY": null, "EMPLOYEE_MALE": null, "EMPLOYEE_FEMALE": null, "EMPLOYEE_DIF_ABLE": null, "WORKING_HRS_STR": null, "WORKING_HRS_STP": null, "VISITORS_QTY": null, "VISITING_HRS_STR": null, "VISITING_HRS_STP": null, "VISITORS_QTY_2": null, "VISITING_HRS_STR_2": null, "VISITING_HRS_STP_2": null}}, {"type": "Feature", "id": 3580, "geometry": {"type": "Point", "coordinates": [72.84963000040332, 19.09430500040171]}, "properties": {"OBJECTID": 3580, "NAME": "Dr. Rane Hospital", "TYPE": 4, "SUBTYPE": "General", "LOCATION": "Rane Hospital Nanda Patkar Road, Vile Parle East, Navpada, Vile Parle East, Vile Parle, Mumbai, Maharashtra 400057", "ELEVATOR_CONTACT_LIST": null, "ELEVATOR_INTERCOM": null, "WORKING_HRS": null, "EMPLOYEE_QTY": null, "EMPLOYEE_MALE": null, "EMPLOYEE_FEMALE": null, "EMPLOYEE_DIF_ABLE": null, "WORKING_HRS_STR": null, "WORKING_HRS_STP": null, "VISITORS_QTY": null, "VISITING_HRS_STR": null, "VISITING_HRS_STP": null, "VISITORS_QTY_2": null, "VISITING_HRS_STR_2": null, "VISITING_HRS_STP_2": null}}, {"type": "Feature", "id": 3581, "geometry": {"type": "Point", "coordinates": [72.8475879998299, 19.0971490004338]}, "properties": {"OBJECTID": 3581, "NAME": "Ashish Maternity And Nursing Home", "TYPE": 4, "SUBTYPE": "Maternity Home", "LOCATION": "Jai apartment, Dixit Cross Rd Number 2, Near Chetan School, Navpada, Vile Parle East, Vile Parle, Mumbai, Maharashtra 400057", "ELEVATOR_CONTACT_LIST": null, "ELEVATOR_INTERCOM": null, "WORKING_HRS": null, "EMPLOYEE_QTY": null, "EMPLOYEE_MALE": null, "EMPLOYEE_FEMALE": null, "EMPLOYEE_DIF_ABLE": null, "WORKING_HRS_STR": null, "WORKING_HRS_STP": null, "VISITORS_QTY": null, "VISITING_HRS_STR": null, "VISITING_HRS_STP": null, "VISITORS_QTY_2": null, "VISITING_HRS_STR_2": null, "VISITING_HRS_STP_2": null}}, {"type": "Feature", "id": 3583, "geometry": {"type": "Point", "coordinates": [72.85050799970327, 19.11628400031634]}, "properties": {"OBJECTID": 3583, "NAME": "Parvish Nursing Home", "TYPE": 4, "SUBTYPE": "Nursing Home", "LOCATION": "Telly Galli, Opposite To CITI POINT ,1st Floor, Shiraz Building, Rajashree Sahu Marg, Andheri East, Mumbai, Maharashtra 400069", "ELEVATOR_CONTACT_LIST": null, "ELEVATOR_INTERCOM": null, "WORKING_HRS": null, "EMPLOYEE_QTY": null, "EMPLOYEE_MALE": null, "EMPLOYEE_FEMALE": null, "EMPLOYEE_DIF_ABLE": null, "WORKING_HRS_STR": null, "WORKING_HRS_STP": null, "VISITORS_QTY": null, "VISITING_HRS_STR": null, "VISITING_HRS_STP": null, "VISITORS_QTY_2": null, "VISITING_HRS_STR_2": null, "VISITING_HRS_STP_2": null}}, {"type": "Feature", "id": 3584, "geometry": {"type": "Point", "coordinates": [72.85341800039023, 19.13612299964692]}, "properties": {"OBJECTID": 3584, "NAME": "Savant Hospital", "TYPE": 4, "SUBTYPE": "General", "LOCATION": "Caves Road,Opp.Bank Of Baroda, Station Rd, Natwar Nagar, Jogeshwari East, Mumbai, Maharashtra 400060", "ELEVATOR_CONTACT_LIST": null, "ELEVATOR_INTERCOM": null, "WORKING_HRS": null, "EMPLOYEE_QTY": null, "EMPLOYEE_MALE": null, "EMPLOYEE_FEMALE": null, "EMPLOYEE_DIF_ABLE": null, "WORKING_HRS_STR": null, "WORKING_HRS_STP": null, "VISITORS_QTY": null, "VISITING_HRS_STR": null, "VISITING_HRS_STP": null, "VISITORS_QTY_2": null, "VISITING_HRS_STR_2": null, "VISITING_HRS_STP_2": null}}, {"type": "Feature", "id": 3585, "geometry": {"type": "Point", "coordinates": [72.85342600036844, 19.136304000399388]}, "properties": {"OBJECTID": 3585, "NAME": "Naveen Dental Clinic", "TYPE": 4, "SUBTYPE": "Clinic", "LOCATION": "2nd Floor, Vidhyanchal Apartment,Hardevibai Society Caves Road (Gupha Road Mumbai Maharashtra 400060 IN, Gupha Rd, Mumbai, Maharashtra 400060", "ELEVATOR_CONTACT_LIST": null, "ELEVATOR_INTERCOM": null, "WORKING_HRS": null, "EMPLOYEE_QTY": null, "EMPLOYEE_MALE": null, "EMPLOYEE_FEMALE": null, "EMPLOYEE_DIF_ABLE": null, "WORKING_HRS_STR": null, "WORKING_HRS_STP": null, "VISITORS_QTY": null, "VISITING_HRS_STR": null, "VISITING_HRS_STP": null, "VISITORS_QTY_2": null, "VISITING_HRS_STR_2": null, "VISITING_HRS_STP_2": null}}, {"type": "Feature", "id": 3586, "geometry": {"type": "Point", "coordinates": [72.84707000042386, 19.116395000166346]}, "properties": {"OBJECTID": 3586, "NAME": "Dr Vadgaonkar Clinic", "TYPE": 4, "SUBTYPE": "Clinic", "LOCATION": "Dr.Vadgaonkar Clinic. Nityapriya,Nityanand Nagar No. 2, Andher(East) 400069, 2, Nityanand Road, Andheri East, Mumbai, Maharashtra 400069", "ELEVATOR_CONTACT_LIST": null, "ELEVATOR_INTERCOM": null, "WORKING_HRS": null, "EMPLOYEE_QTY": null, "EMPLOYEE_MALE": null, "EMPLOYEE_FEMALE": null, "EMPLOYEE_DIF_ABLE": null, "WORKING_HRS_STR": null, "WORKING_HRS_STP": null, "VISITORS_QTY": null, "VISITING_HRS_STR": null, "VISITING_HRS_STP": null, "VISITORS_QTY_2": null, "VISITING_HRS_STR_2": null, "VISITING_HRS_STP_2": null}}, {"type": "Feature", "id": 3587, "geometry": {"type": "Point", "coordinates": [72.8536570002761, 19.136158999624133]}, "properties": {"OBJECTID": 3587, "NAME": "Ashish Eye Hospital", "TYPE": 4, "SUBTYPE": "Speciality", "LOCATION": "Ismail College Camps, Natwar Nagar, Jogeshwari East, Mumbai, Maharashtra 400060", "ELEVATOR_CONTACT_LIST": null, "ELEVATOR_INTERCOM": null, "WORKING_HRS": null, "EMPLOYEE_QTY": null, "EMPLOYEE_MALE": null, "EMPLOYEE_FEMALE": null, "EMPLOYEE_DIF_ABLE": null, "WORKING_HRS_STR": null, "WORKING_HRS_STP": null, "VISITORS_QTY": null, "VISITING_HRS_STR": null, "VISITING_HRS_STP": null, "VISITORS_QTY_2": null, "VISITING_HRS_STR_2": null, "VISITING_HRS_STP_2": null}}, {"type": "Feature", "id": 3588, "geometry": {"type": "Point", "coordinates": [72.84730700003935, 19.11597800030966]}, "properties": {"OBJECTID": 3588, "NAME": "Venkateswaran A.", "TYPE": 4, "SUBTYPE": "Clinic", "LOCATION": "Shop Number 4, Bhagwan Bhuvan, Sahar Road & Andheri Kurla Road, Andheri East, Anand Nagar, Mumbai, Maharashtra 400069", "ELEVATOR_CONTACT_LIST": null, "ELEVATOR_INTERCOM": null, "WORKING_HRS": null, "EMPLOYEE_QTY": null, "EMPLOYEE_MALE": null, "EMPLOYEE_FEMALE": null, "EMPLOYEE_DIF_ABLE": null, "WORKING_HRS_STR": null, "WORKING_HRS_STP": null, "VISITORS_QTY": null, "VISITING_HRS_STR": null, "VISITING_HRS_STP": null, "VISITORS_QTY_2": null, "VISITING_HRS_STR_2": null, "VISITING_HRS_STP_2": null}}, {"type": "Feature", "id": 3589, "geometry": {"type": "Point", "coordinates": [72.84731399982427, 19.11597600021663]}, "properties": {"OBJECTID": 3589, "NAME": "Dr Alka R Rao", "TYPE": 4, "SUBTYPE": "Clinic", "LOCATION": "Shop Number 20, Nityanand Nagar II, Near Flyover Bridge, Opposite Bank Of Maharashtra, Sahar Road, Andheri East, Mumbai, Maharashtra 400069", "ELEVATOR_CONTACT_LIST": null, "ELEVATOR_INTERCOM": null, "WORKING_HRS": null, "EMPLOYEE_QTY": null, "EMPLOYEE_MALE": null, "EMPLOYEE_FEMALE": null, "EMPLOYEE_DIF_ABLE": null, "WORKING_HRS_STR": null, "WORKING_HRS_STP": null, "VISITORS_QTY": null, "VISITING_HRS_STR": null, "VISITING_HRS_STP": null, "VISITORS_QTY_2": null, "VISITING_HRS_STR_2": null, "VISITING_HRS_STP_2": null}}, {"type": "Feature", "id": 3590, "geometry": {"type": "Point", "coordinates": [72.85058799978567, 19.11712899998416]}, "properties": {"OBJECTID": 3590, "NAME": "Dr Suvarna  Koppkar", "TYPE": 4, "SUBTYPE": "Clinic", "LOCATION": "Cully Towers, Telly Park Road, Andheri East, Mumbai, Maharashtra 400069", "ELEVATOR_CONTACT_LIST": null, "ELEVATOR_INTERCOM": null, "WORKING_HRS": null, "EMPLOYEE_QTY": null, "EMPLOYEE_MALE": null, "EMPLOYEE_FEMALE": null, "EMPLOYEE_DIF_ABLE": null, "WORKING_HRS_STR": null, "WORKING_HRS_STP": null, "VISITORS_QTY": null, "VISITING_HRS_STR": null, "VISITING_HRS_STP": null, "VISITORS_QTY_2": null, "VISITING_HRS_STR_2": null, "VISITING_HRS_STP_2": null}}, {"type": "Feature", "id": 3591, "geometry": {"type": "Point", "coordinates": [72.85183100004421, 19.135890000042732]}, "properties": {"OBJECTID": 3591, "NAME": "(FOL) Max Cure Diagnostic Centre", "TYPE": 4, "SUBTYPE": null, "LOCATION": "Kesar Plaza, Station Rd, Ismail College Camps, Natwar Nagar, Jogeshwari East, Mumbai, Maharashtra 400060", "ELEVATOR_CONTACT_LIST": null, "ELEVATOR_INTERCOM": null, "WORKING_HRS": null, "EMPLOYEE_QTY": null, "EMPLOYEE_MALE": null, "EMPLOYEE_FEMALE": null, "EMPLOYEE_DIF_ABLE": null, "WORKING_HRS_STR": null, "WORKING_HRS_STP": null, "VISITORS_QTY": null, "VISITING_HRS_STR": null, "VISITING_HRS_STP": null, "VISITORS_QTY_2": null, "VISITING_HRS_STR_2": null, "VISITING_HRS_STP_2": null}}, {"type": "Feature", "id": 3592, "geometry": {"type": "Point", "coordinates": [72.85203300044283, 19.135983000327556]}, "properties": {"OBJECTID": 3592, "NAME": "All Cure Super Speciality Hospital", "TYPE": 4, "SUBTYPE": "General", "LOCATION": "Jogeshwari Station Road, Above ICICI Bank, Jogeshwari East, Mumbai, Maharashtra 400060", "ELEVATOR_CONTACT_LIST": null, "ELEVATOR_INTERCOM": null, "WORKING_HRS": null, "EMPLOYEE_QTY": null, "EMPLOYEE_MALE": null, "EMPLOYEE_FEMALE": null, "EMPLOYEE_DIF_ABLE": null, "WORKING_HRS_STR": null, "WORKING_HRS_STP": null, "VISITORS_QTY": null, "VISITING_HRS_STR": null, "VISITING_HRS_STP": null, "VISITORS_QTY_2": null, "VISITING_HRS_STR_2": null, "VISITING_HRS_STP_2": null}}, {"type": "Feature", "id": 3593, "geometry": {"type": "Point", "coordinates": [72.84782300002443, 19.116982000089255]}, "properties": {"OBJECTID": 3593, "NAME": "Dr M V Shinglala", "TYPE": 4, "SUBTYPE": "Clinic", "LOCATION": "Anand Nagar, Sahar Rd, Railway Colony, Andheri East, Mumbai, Maharashtra 400069", "ELEVATOR_CONTACT_LIST": null, "ELEVATOR_INTERCOM": null, "WORKING_HRS": null, "EMPLOYEE_QTY": null, "EMPLOYEE_MALE": null, "EMPLOYEE_FEMALE": null, "EMPLOYEE_DIF_ABLE": null, "WORKING_HRS_STR": null, "WORKING_HRS_STP": null, "VISITORS_QTY": null, "VISITING_HRS_STR": null, "VISITING_HRS_STP": null, "VISITORS_QTY_2": null, "VISITING_HRS_STR_2": null, "VISITING_HRS_STP_2": null}}, {"type": "Feature", "id": 3594, "geometry": {"type": "Point", "coordinates": [72.8475850004439, 19.117326999607467]}, "properties": {"OBJECTID": 3594, "NAME": "Dr Sanjiv Naik", "TYPE": 4, "SUBTYPE": "Clinic", "LOCATION": "4, Sahar Rd, Next To Sanjeevani Hospital, Anand Nagar, Railway Colony, Andheri East, Mumbai, Maharashtra 400069", "ELEVATOR_CONTACT_LIST": null, "ELEVATOR_INTERCOM": null, "WORKING_HRS": null, "EMPLOYEE_QTY": null, "EMPLOYEE_MALE": null, "EMPLOYEE_FEMALE": null, "EMPLOYEE_DIF_ABLE": null, "WORKING_HRS_STR": null, "WORKING_HRS_STP": null, "VISITORS_QTY": null, "VISITING_HRS_STR": null, "VISITING_HRS_STP": null, "VISITORS_QTY_2": null, "VISITING_HRS_STR_2": null, "VISITING_HRS_STP_2": null}}, {"type": "Feature", "id": 3595, "geometry": {"type": "Point", "coordinates": [72.8626369996427, 19.12782400028448]}, "properties": {"OBJECTID": 3595, "NAME": "Shakuntala Memorial Hospital", "TYPE": 4, "SUBTYPE": "General", "LOCATION": "Mahakali Caves Rd, Anand Vihar, Sher E Punjab Colony, Andheri East, Mumbai, Maharashtra 400093", "ELEVATOR_CONTACT_LIST": null, "ELEVATOR_INTERCOM": null, "WORKING_HRS": null, "EMPLOYEE_QTY": null, "EMPLOYEE_MALE": null, "EMPLOYEE_FEMALE": null, "EMPLOYEE_DIF_ABLE": null, "WORKING_HRS_STR": null, "WORKING_HRS_STP": null, "VISITORS_QTY": null, "VISITING_HRS_STR": null, "VISITING_HRS_STP": null, "VISITORS_QTY_2": null, "VISITING_HRS_STR_2": null, "VISITING_HRS_STP_2": null}}, {"type": "Feature", "id": 3596, "geometry": {"type": "Point", "coordinates": [72.87179499967824, 19.120082999986263]}, "properties": {"OBJECTID": 3596, "NAME": "Nakshatra Multispeciality Hospital", "TYPE": 4, "SUBTYPE": "Speciality", "LOCATION": "Grace Plaza, Road Number 12, Opp. Goldfinch Hotel, MIDC Industry Estate, Andheri East, Mumbai, Maharashtra 400069", "ELEVATOR_CONTACT_LIST": null, "ELEVATOR_INTERCOM": null, "WORKING_HRS": null, "EMPLOYEE_QTY": null, "EMPLOYEE_MALE": null, "EMPLOYEE_FEMALE": null, "EMPLOYEE_DIF_ABLE": null, "WORKING_HRS_STR": null, "WORKING_HRS_STP": null, "VISITORS_QTY": null, "VISITING_HRS_STR": null, "VISITING_HRS_STP": null, "VISITORS_QTY_2": null, "VISITING_HRS_STR_2": null, "VISITING_HRS_STP_2": null}}, {"type": "Feature", "id": 3597, "geometry": {"type": "Point", "coordinates": [72.87131499955402, 19.116922000183695]}, "properties": {"OBJECTID": 3597, "NAME": "Umang Nursing Home", "TYPE": 4, "SUBTYPE": "Nursing Home", "LOCATION": "Lacreme Building, Kondivita, Andheri East, Mumbai, Maharashtra 400047", "ELEVATOR_CONTACT_LIST": null, "ELEVATOR_INTERCOM": null, "WORKING_HRS": null, "EMPLOYEE_QTY": null, "EMPLOYEE_MALE": null, "EMPLOYEE_FEMALE": null, "EMPLOYEE_DIF_ABLE": null, "WORKING_HRS_STR": null, "WORKING_HRS_STP": null, "VISITORS_QTY": null, "VISITING_HRS_STR": null, "VISITING_HRS_STP": null, "VISITORS_QTY_2": null, "VISITING_HRS_STR_2": null, "VISITING_HRS_STP_2": null}}, {"type": "Feature", "id": 3598, "geometry": {"type": "Point", "coordinates": [72.87121699999355, 19.11721199991096]}, "properties": {"OBJECTID": 3598, "NAME": "Chandan Nursing Home", "TYPE": 4, "SUBTYPE": "General", "LOCATION": "Unit No 3, Road Number 7, Ground Floor Behind Ackruti Trade Center, Mumbai, Andheri East, Maharashtra 400093", "ELEVATOR_CONTACT_LIST": null, "ELEVATOR_INTERCOM": null, "WORKING_HRS": null, "EMPLOYEE_QTY": null, "EMPLOYEE_MALE": null, "EMPLOYEE_FEMALE": null, "EMPLOYEE_DIF_ABLE": null, "WORKING_HRS_STR": null, "WORKING_HRS_STP": null, "VISITORS_QTY": null, "VISITING_HRS_STR": null, "VISITING_HRS_STP": null, "VISITORS_QTY_2": null, "VISITING_HRS_STR_2": null, "VISITING_HRS_STP_2": null}}, {"type": "Feature", "id": 3599, "geometry": {"type": "Point", "coordinates": [72.88262499998093, 19.117193999747467]}, "properties": {"OBJECTID": 3599, "NAME": "Sugun Multispeciality Hospital", "TYPE": 4, "SUBTYPE": "Speciality", "LOCATION": "Shop No. 4, Plot No. 236, Military Rd, Sankara Nagar, Bhavani Nagar, Marol, Andheri East, Mumbai, Maharashtra 400059", "ELEVATOR_CONTACT_LIST": null, "ELEVATOR_INTERCOM": null, "WORKING_HRS": null, "EMPLOYEE_QTY": null, "EMPLOYEE_MALE": null, "EMPLOYEE_FEMALE": null, "EMPLOYEE_DIF_ABLE": null, "WORKING_HRS_STR": null, "WORKING_HRS_STP": null, "VISITORS_QTY": null, "VISITING_HRS_STR": null, "VISITING_HRS_STP": null, "VISITORS_QTY_2": null, "VISITING_HRS_STR_2": null, "VISITING_HRS_STP_2": null}}, {"type": "Feature", "id": 3600, "geometry": {"type": "Point", "coordinates": [72.86869000035475, 19.112838000446487]}, "properties": {"OBJECTID": 3600, "NAME": "Kaifak Medicare", "TYPE": 4, "SUBTYPE": "Clinic", "LOCATION": "404/405 Midas Sahar Plaza, Next to Kohinoor Intercontinental Hotel, JB Nagar, Andheri East, Mumbai, Maharashtra 40005", "ELEVATOR_CONTACT_LIST": null, "ELEVATOR_INTERCOM": null, "WORKING_HRS": null, "EMPLOYEE_QTY": null, "EMPLOYEE_MALE": null, "EMPLOYEE_FEMALE": null, "EMPLOYEE_DIF_ABLE": null, "WORKING_HRS_STR": null, "WORKING_HRS_STP": null, "VISITORS_QTY": null, "VISITING_HRS_STR": null, "VISITING_HRS_STP": null, "VISITORS_QTY_2": null, "VISITING_HRS_STR_2": null, "VISITING_HRS_STP_2": null}}, {"type": "Feature", "id": 3601, "geometry": {"type": "Point", "coordinates": [72.86938899995442, 19.1132629996451]}, "properties": {"OBJECTID": 3601, "NAME": "Dr. Belani'S Blue Shield Medical Clinic", "TYPE": 4, "SUBTYPE": "Clinic", "LOCATION": "Plot No. 2, Windfall, Sahar Plaza, Andheri Kurla Rd, J B, J B Nagar, Andheri East, Mumbai, Maharashtra 400059", "ELEVATOR_CONTACT_LIST": null, "ELEVATOR_INTERCOM": null, "WORKING_HRS": null, "EMPLOYEE_QTY": null, "EMPLOYEE_MALE": null, "EMPLOYEE_FEMALE": null, "EMPLOYEE_DIF_ABLE": null, "WORKING_HRS_STR": null, "WORKING_HRS_STP": null, "VISITORS_QTY": null, "VISITING_HRS_STR": null, "VISITING_HRS_STP": null, "VISITORS_QTY_2": null, "VISITING_HRS_STR_2": null, "VISITING_HRS_STP_2": null}}, {"type": "Feature", "id": 3602, "geometry": {"type": "Point", "coordinates": [72.87131299974324, 19.11403499960397]}, "properties": {"OBJECTID": 3602, "NAME": "Dr Verlekars Clinic", "TYPE": 4, "SUBTYPE": "Clinic", "LOCATION": "Gurukrupa Clinic, RK Mandir Rd, Kondivita, Andheri(E, Mumbai, Maharashtra 400059", "ELEVATOR_CONTACT_LIST": null, "ELEVATOR_INTERCOM": null, "WORKING_HRS": null, "EMPLOYEE_QTY": null, "EMPLOYEE_MALE": null, "EMPLOYEE_FEMALE": null, "EMPLOYEE_DIF_ABLE": null, "WORKING_HRS_STR": null, "WORKING_HRS_STP": null, "VISITORS_QTY": null, "VISITING_HRS_STR": null, "VISITING_HRS_STP": null, "VISITORS_QTY_2": null, "VISITING_HRS_STR_2": null, "VISITING_HRS_STP_2": null}}, {"type": "Feature", "id": 3603, "geometry": {"type": "Point", "coordinates": [72.87078500045956, 19.11501800030228]}, "properties": {"OBJECTID": 3603, "NAME": "Dr. Banes Pet Clinic", "TYPE": 4, "SUBTYPE": "Clinic", "LOCATION": "Raylon Arcade, c-3 OppAngel Medical near Pidilite Company, RK Mandir Rd, Andheri East, Mumbai, Maharashtra 400069", "ELEVATOR_CONTACT_LIST": null, "ELEVATOR_INTERCOM": null, "WORKING_HRS": null, "EMPLOYEE_QTY": null, "EMPLOYEE_MALE": null, "EMPLOYEE_FEMALE": null, "EMPLOYEE_DIF_ABLE": null, "WORKING_HRS_STR": null, "WORKING_HRS_STP": null, "VISITORS_QTY": null, "VISITING_HRS_STR": null, "VISITING_HRS_STP": null, "VISITORS_QTY_2": null, "VISITING_HRS_STR_2": null, "VISITING_HRS_STP_2": null}}, {"type": "Feature", "id": 3604, "geometry": {"type": "Point", "coordinates": [72.87066299975689, 19.11503099994173]}, "properties": {"OBJECTID": 3604, "NAME": "Holistic Care Clinic", "TYPE": 4, "SUBTYPE": "Clinic", "LOCATION": "Raylon Arcade, Gala No.11 Nandalal Ramroop Estate Ram Krishna Mandir road Opp, Kondivita, Andheri East, Mumbai, Maharashtra 400059", "ELEVATOR_CONTACT_LIST": null, "ELEVATOR_INTERCOM": null, "WORKING_HRS": null, "EMPLOYEE_QTY": null, "EMPLOYEE_MALE": null, "EMPLOYEE_FEMALE": null, "EMPLOYEE_DIF_ABLE": null, "WORKING_HRS_STR": null, "WORKING_HRS_STP": null, "VISITORS_QTY": null, "VISITING_HRS_STR": null, "VISITING_HRS_STP": null, "VISITORS_QTY_2": null, "VISITING_HRS_STR_2": null, "VISITING_HRS_STP_2": null}}, {"type": "Feature", "id": 3606, "geometry": {"type": "Point", "coordinates": [72.88077699964663, 19.11923800029504]}, "properties": {"OBJECTID": 3606, "NAME": "Chiranjeevi Hospital", "TYPE": 4, "SUBTYPE": "General", "LOCATION": "Bhawani Tower, Bhawani Nagar, Near Marol Academic, Off Marol Maroshi Rd, Marol, Andheri East, Mumbai, Maharashtra 400059", "ELEVATOR_CONTACT_LIST": "Yes", "ELEVATOR_INTERCOM": "Yes", "WORKING_HRS": "Yes", "EMPLOYEE_QTY": null, "EMPLOYEE_MALE": null, "EMPLOYEE_FEMALE": null, "EMPLOYEE_DIF_ABLE": null, "WORKING_HRS_STR": null, "WORKING_HRS_STP": null, "VISITORS_QTY": null, "VISITING_HRS_STR": null, "VISITING_HRS_STP": null, "VISITORS_QTY_2": null, "VISITING_HRS_STR_2": null, "VISITING_HRS_STP_2": null}}, {"type": "Feature", "id": 3607, "geometry": {"type": "Point", "coordinates": [72.8713540003826, 19.138192999971388]}, "properties": {"OBJECTID": 3607, "NAME": "Durga Nagar (Sundar Nagar) Health Post", "TYPE": 1, "SUBTYPE": "Health Post", "LOCATION": "Jogeshwari - Vikhroli Link Rd, Poonam Nagar, Jogeshwari East, Mumbai, Maharashtra 400093", "ELEVATOR_CONTACT_LIST": null, "ELEVATOR_INTERCOM": null, "WORKING_HRS": null, "EMPLOYEE_QTY": null, "EMPLOYEE_MALE": null, "EMPLOYEE_FEMALE": null, "EMPLOYEE_DIF_ABLE": null, "WORKING_HRS_STR": null, "WORKING_HRS_STP": null, "VISITORS_QTY": null, "VISITING_HRS_STR": null, "VISITING_HRS_STP": null, "VISITORS_QTY_2": null, "VISITING_HRS_STR_2": null, "VISITING_HRS_STP_2": null}}, {"type": "Feature", "id": 3609, "geometry": {"type": "Point", "coordinates": [72.89137599978025, 19.121131000219883]}, "properties": {"OBJECTID": 3609, "NAME": "L & T Hospital (Nirali A M Naik Charitable Health-Care Facility)", "TYPE": 4, "SUBTYPE": "General", "LOCATION": "Indiakids, 4th Floor, Nirali AM Naik Charitable Trust, L&T Gate, 7A, Saki Vihar Rd, Powai, Mumbai, Maharashtra 400072", "ELEVATOR_CONTACT_LIST": null, "ELEVATOR_INTERCOM": null, "WORKING_HRS": null, "EMPLOYEE_QTY": null, "EMPLOYEE_MALE": null, "EMPLOYEE_FEMALE": null, "EMPLOYEE_DIF_ABLE": null, "WORKING_HRS_STR": null, "WORKING_HRS_STP": null, "VISITORS_QTY": null, "VISITING_HRS_STR": null, "VISITING_HRS_STP": null, "VISITORS_QTY_2": null, "VISITING_HRS_STR_2": null, "VISITING_HRS_STP_2": null}}, {"type": "Feature", "id": 3610, "geometry": {"type": "Point", "coordinates": [72.84957199969243, 19.11002499997651]}, "properties": {"OBJECTID": 3610, "NAME": "Dental Clinic", "TYPE": 4, "SUBTYPE": "Clinic", "LOCATION": "Ketayun Mansion C.H.Society,, Shahaji Raje Marg, Netaji Subhash Nagar, Vile Parle, Mumbai, Maharashtra 400057", "ELEVATOR_CONTACT_LIST": null, "ELEVATOR_INTERCOM": null, "WORKING_HRS": null, "EMPLOYEE_QTY": null, "EMPLOYEE_MALE": null, "EMPLOYEE_FEMALE": null, "EMPLOYEE_DIF_ABLE": null, "WORKING_HRS_STR": null, "WORKING_HRS_STP": null, "VISITORS_QTY": null, "VISITING_HRS_STR": null, "VISITING_HRS_STP": null, "VISITORS_QTY_2": null, "VISITING_HRS_STR_2": null, "VISITING_HRS_STP_2": null}}, {"type": "Feature", "id": 3611, "geometry": {"type": "Point", "coordinates": [72.87685700019375, 19.103384000128347]}, "properties": {"OBJECTID": 3611, "NAME": "Sahar Airport Road Health Post", "TYPE": 1, "SUBTYPE": "Health Post", "LOCATION": "Sahar Airport Rd, Navpada, Marol, Andheri East, Mumbai, Maharashtra 400059", "ELEVATOR_CONTACT_LIST": null, "ELEVATOR_INTERCOM": null, "WORKING_HRS": null, "EMPLOYEE_QTY": null, "EMPLOYEE_MALE": null, "EMPLOYEE_FEMALE": null, "EMPLOYEE_DIF_ABLE": null, "WORKING_HRS_STR": null, "WORKING_HRS_STP": null, "VISITORS_QTY": null, "VISITING_HRS_STR": null, "VISITING_HRS_STP": null, "VISITORS_QTY_2": null, "VISITING_HRS_STR_2": null, "VISITING_HRS_STP_2": null}}, {"type": "Feature", "id": 3875, "geometry": {"type": "Point", "coordinates": [72.92523544306225, 19.052918908051428]}, "properties": {"OBJECTID": 3875, "NAME": "Spandan Holistic Mother-and-Child Care Hospital", "TYPE": 4, "SUBTYPE": "General", "LOCATION": "Spandan Holistic Mother-and-Child Care Hospital, H2 Road, Near Shree Sai Mandir, Govandi, Mumbai, 400043", "ELEVATOR_CONTACT_LIST": null, "ELEVATOR_INTERCOM": null, "WORKING_HRS": null, "EMPLOYEE_QTY": null, "EMPLOYEE_MALE": null, "EMPLOYEE_FEMALE": null, "EMPLOYEE_DIF_ABLE": null, "WORKING_HRS_STR": null, "WORKING_HRS_STP": null, "VISITORS_QTY": null, "VISITING_HRS_STR": null, "VISITING_HRS_STP": null, "VISITORS_QTY_2": null, "VISITING_HRS_STR_2": null, "VISITING_HRS_STP_2": null}}, {"type": "Feature", "id": 3876, "geometry": {"type": "Point", "coordinates": [72.89816223118035, 19.03301076767783]}, "properties": {"OBJECTID": 3876, "NAME": "BMC Ayodhyanagar Vashinaka Fish Market Dispensary", "TYPE": 1, "SUBTYPE": "Dispensary", "LOCATION": "BMC Ayodhya Nagar Vashi Naka Fish Market Dispensary, Vashi Naka Road, Near Mahakali Mandir, Chembur, Mumbai, 400074", "ELEVATOR_CONTACT_LIST": null, "ELEVATOR_INTERCOM": null, "WORKING_HRS": null, "EMPLOYEE_QTY": null, "EMPLOYEE_MALE": null, "EMPLOYEE_FEMALE": null, "EMPLOYEE_DIF_ABLE": null, "WORKING_HRS_STR": null, "WORKING_HRS_STP": null, "VISITORS_QTY": null, "VISITING_HRS_STR": null, "VISITING_HRS_STP": null, "VISITORS_QTY_2": null, "VISITING_HRS_STR_2": null, "VISITING_HRS_STP_2": null}}, {"type": "Feature", "id": 3877, "geometry": {"type": "Point", "coordinates": [72.90303546862569, 19.023021886992005]}, "properties": {"OBJECTID": 3877, "NAME": "BMC L U Gadkari Arogya Kendra", "TYPE": 1, "SUBTYPE": "Health Post", "LOCATION": "BMC L U Gadkari Arogya Kendra, Gadkari Road, Inside Aman Co Operative Society, Chembur, Mumbai, 400074", "ELEVATOR_CONTACT_LIST": "Yes", "ELEVATOR_INTERCOM": "No", "WORKING_HRS": "No", "EMPLOYEE_QTY": null, "EMPLOYEE_MALE": null, "EMPLOYEE_FEMALE": null, "EMPLOYEE_DIF_ABLE": null, "WORKING_HRS_STR": null, "WORKING_HRS_STP": null, "VISITORS_QTY": null, "VISITING_HRS_STR": null, "VISITING_HRS_STP": null, "VISITORS_QTY_2": null, "VISITING_HRS_STR_2": null, "VISITING_HRS_STP_2": null}}, {"type": "Feature", "id": 3878, "geometry": {"type": "Point", "coordinates": [72.91470408418381, 19.042519218441264]}, "properties": {"OBJECTID": 3878, "NAME": "BARC Hospital", "TYPE": 3, "SUBTYPE": "General", "LOCATION": "BARC Hospital, BARC Road, Near Deonar Farm Road/ Anushakti Nagar, Deonar, Mumbai, 400088", "ELEVATOR_CONTACT_LIST": null, "ELEVATOR_INTERCOM": null, "WORKING_HRS": null, "EMPLOYEE_QTY": null, "EMPLOYEE_MALE": null, "EMPLOYEE_FEMALE": null, "EMPLOYEE_DIF_ABLE": null, "WORKING_HRS_STR": null, "WORKING_HRS_STP": null, "VISITORS_QTY": null, "VISITING_HRS_STR": null, "VISITING_HRS_STP": null, "VISITORS_QTY_2": null, "VISITING_HRS_STR_2": null, "VISITING_HRS_STP_2": null}}, {"type": "Feature", "id": 3881, "geometry": {"type": "Point", "coordinates": [72.89463680180725, 19.04133104784151]}, "properties": {"OBJECTID": 3881, "NAME": "Chandra Hospital", "TYPE": 4, "SUBTYPE": "General", "LOCATION": "Chandra Hospital, Ramkrishna Chemburkar Marg, Near Laxmi Colony, Chembur, Mumbai, 400074", "ELEVATOR_CONTACT_LIST": null, "ELEVATOR_INTERCOM": null, "WORKING_HRS": null, "EMPLOYEE_QTY": null, "EMPLOYEE_MALE": null, "EMPLOYEE_FEMALE": null, "EMPLOYEE_DIF_ABLE": null, "WORKING_HRS_STR": null, "WORKING_HRS_STP": null, "VISITORS_QTY": null, "VISITING_HRS_STR": null, "VISITING_HRS_STP": null, "VISITORS_QTY_2": null, "VISITING_HRS_STR_2": null, "VISITING_HRS_STP_2": null}}, {"type": "Feature", "id": 3882, "geometry": {"type": "Point", "coordinates": [72.8940450395724, 19.041159271611193]}, "properties": {"OBJECTID": 3882, "NAME": "Shiv Hospital", "TYPE": 4, "SUBTYPE": "General", "LOCATION": "Shiv Hospital, Mahul Road, Near Laxmi Colony, Chembur, Mumbai, 400074", "ELEVATOR_CONTACT_LIST": null, "ELEVATOR_INTERCOM": null, "WORKING_HRS": null, "EMPLOYEE_QTY": null, "EMPLOYEE_MALE": null, "EMPLOYEE_FEMALE": null, "EMPLOYEE_DIF_ABLE": null, "WORKING_HRS_STR": null, "WORKING_HRS_STP": null, "VISITORS_QTY": null, "VISITING_HRS_STR": null, "VISITING_HRS_STP": null, "VISITORS_QTY_2": null, "VISITING_HRS_STR_2": null, "VISITING_HRS_STP_2": null}}, {"type": "Feature", "id": 3883, "geometry": {"type": "Point", "coordinates": [72.89568621653284, 19.04541465364551]}, "properties": {"OBJECTID": 3883, "NAME": "Chembur Colony Muncipal dispensary", "TYPE": 1, "SUBTYPE": "Dispensary", "LOCATION": "Chembur Colony Municipal dispensary, Dr C G Road, Near Chembur Camp Post office, Chembur, Mumbai, 400074", "ELEVATOR_CONTACT_LIST": null, "ELEVATOR_INTERCOM": null, "WORKING_HRS": null, "EMPLOYEE_QTY": null, "EMPLOYEE_MALE": null, "EMPLOYEE_FEMALE": null, "EMPLOYEE_DIF_ABLE": null, "WORKING_HRS_STR": null, "WORKING_HRS_STP": null, "VISITORS_QTY": null, "VISITING_HRS_STR": null, "VISITING_HRS_STP": null, "VISITORS_QTY_2": null, "VISITING_HRS_STR_2": null, "VISITING_HRS_STP_2": null}}, {"type": "Feature", "id": 3884, "geometry": {"type": "Point", "coordinates": [72.89407149981959, 19.046273999991968]}, "properties": {"OBJECTID": 3884, "NAME": "Inlaks Hospital", "TYPE": 4, "SUBTYPE": "General", "LOCATION": "Inlaks Hospital, Chembur Colony Road, Gandhi Market Near, Chembur, Mumbai, 400074", "ELEVATOR_CONTACT_LIST": null, "ELEVATOR_INTERCOM": null, "WORKING_HRS": null, "EMPLOYEE_QTY": null, "EMPLOYEE_MALE": null, "EMPLOYEE_FEMALE": null, "EMPLOYEE_DIF_ABLE": null, "WORKING_HRS_STR": null, "WORKING_HRS_STP": null, "VISITORS_QTY": null, "VISITING_HRS_STR": null, "VISITING_HRS_STP": null, "VISITORS_QTY_2": null, "VISITING_HRS_STR_2": null, "VISITING_HRS_STP_2": null}}, {"type": "Feature", "id": 4195, "geometry": {"type": "Point", "coordinates": [72.83837445140956, 19.19899216944714]}, "properties": {"OBJECTID": 4195, "NAME": "Valnai Health Post", "TYPE": 2, "SUBTYPE": "Health Post", "LOCATION": "Tank Rd, Malad, Orlem, Lourdes Colony, Kandivali, Mumbai, Maharashtra 400064", "ELEVATOR_CONTACT_LIST": "No", "ELEVATOR_INTERCOM": "No", "WORKING_HRS": null, "EMPLOYEE_QTY": null, "EMPLOYEE_MALE": null, "EMPLOYEE_FEMALE": null, "EMPLOYEE_DIF_ABLE": null, "WORKING_HRS_STR": null, "WORKING_HRS_STP": null, "VISITORS_QTY": null, "VISITING_HRS_STR": null, "VISITING_HRS_STP": null, "VISITORS_QTY_2": null, "VISITING_HRS_STR_2": null, "VISITING_HRS_STP_2": null}}, {"type": "Feature", "id": 4196, "geometry": {"type": "Point", "coordinates": [72.82207835491023, 19.20074976582343]}, "properties": {"OBJECTID": 4196, "NAME": "General Hospital Malvani Hospital", "TYPE": 2, "SUBTYPE": "General", "LOCATION": "Bhoomi Park Phase 2 Rd, Janklyan Nagar, Asmita Jyoti Housing Society, Malad West, Mumbai, Maharashtra 400095", "ELEVATOR_CONTACT_LIST": "Yes", "ELEVATOR_INTERCOM": "Yes", "WORKING_HRS": null, "EMPLOYEE_QTY": null, "EMPLOYEE_MALE": null, "EMPLOYEE_FEMALE": null, "EMPLOYEE_DIF_ABLE": null, "WORKING_HRS_STR": null, "WORKING_HRS_STP": null, "VISITORS_QTY": null, "VISITING_HRS_STR": null, "VISITING_HRS_STP": null, "VISITORS_QTY_2": null, "VISITING_HRS_STR_2": null, "VISITING_HRS_STP_2": null}}, {"type": "Feature", "id": 4197, "geometry": {"type": "Point", "coordinates": [72.82718360386876, 19.196741239786242]}, "properties": {"OBJECTID": 4197, "NAME": "Raksha Hospital", "TYPE": 4, "SUBTYPE": "General", "LOCATION": "Asmita Jyoti Housing Society, Marve road, Near Athrava College, Malad West, Mumbai, Maharashtra 400095", "ELEVATOR_CONTACT_LIST": null, "ELEVATOR_INTERCOM": null, "WORKING_HRS": null, "EMPLOYEE_QTY": null, "EMPLOYEE_MALE": null, "EMPLOYEE_FEMALE": null, "EMPLOYEE_DIF_ABLE": null, "WORKING_HRS_STR": null, "WORKING_HRS_STP": null, "VISITORS_QTY": null, "VISITING_HRS_STR": null, "VISITING_HRS_STP": null, "VISITORS_QTY_2": null, "VISITING_HRS_STR_2": null, "VISITING_HRS_STP_2": null}}, {"type": "Feature", "id": 4198, "geometry": {"type": "Point", "coordinates": [72.84660210028163, 19.183725100392518]}, "properties": {"OBJECTID": 4198, "NAME": "AR Hospital ( Orthopaedic & ICU ) New Era", "TYPE": 4, "SUBTYPE": "General", "LOCATION": "AR Hospital, 2nd floor, SV Rd, Malad, Somwari Bazar, Malad West, Mumbai, Maharashtra 400064", "ELEVATOR_CONTACT_LIST": null, "ELEVATOR_INTERCOM": null, "WORKING_HRS": null, "EMPLOYEE_QTY": null, "EMPLOYEE_MALE": null, "EMPLOYEE_FEMALE": null, "EMPLOYEE_DIF_ABLE": null, "WORKING_HRS_STR": null, "WORKING_HRS_STP": null, "VISITORS_QTY": null, "VISITING_HRS_STR": null, "VISITING_HRS_STP": null, "VISITORS_QTY_2": null, "VISITING_HRS_STR_2": null, "VISITING_HRS_STP_2": null}}, {"type": "Feature", "id": 4211, "geometry": {"type": "Point", "coordinates": [72.86409180581383, 19.21344025622907]}, "properties": {"OBJECTID": 4211, "NAME": "Aditi Hospital", "TYPE": 4, "SUBTYPE": "General", "LOCATION": "Aditi Hospital, 90 Feet Road, Near Nirav Bld, Kandivali, Mumbai, 400101", "ELEVATOR_CONTACT_LIST": null, "ELEVATOR_INTERCOM": null, "WORKING_HRS": null, "EMPLOYEE_QTY": null, "EMPLOYEE_MALE": null, "EMPLOYEE_FEMALE": null, "EMPLOYEE_DIF_ABLE": null, "WORKING_HRS_STR": null, "WORKING_HRS_STP": null, "VISITORS_QTY": null, "VISITING_HRS_STR": null, "VISITING_HRS_STP": null, "VISITORS_QTY_2": null, "VISITING_HRS_STR_2": null, "VISITING_HRS_STP_2": null}}, {"type": "Feature", "id": 4212, "geometry": {"type": "Point", "coordinates": [72.8651849999387, 19.20732100021475]}, "properties": {"OBJECTID": 4212, "NAME": "Aai Laxmibai Atmaram Palande Maternity Hospital", "TYPE": 4, "SUBTYPE": "Maternity Home", "LOCATION": "Aai Laxmibai Atmaram Palande Maternity Hospital, Christian Lane, Opp Central Bank Of India, Kandivali, Mumbai, 400101", "ELEVATOR_CONTACT_LIST": null, "ELEVATOR_INTERCOM": null, "WORKING_HRS": null, "EMPLOYEE_QTY": null, "EMPLOYEE_MALE": null, "EMPLOYEE_FEMALE": null, "EMPLOYEE_DIF_ABLE": null, "WORKING_HRS_STR": null, "WORKING_HRS_STP": null, "VISITORS_QTY": null, "VISITING_HRS_STR": null, "VISITING_HRS_STP": null, "VISITORS_QTY_2": null, "VISITING_HRS_STR_2": null, "VISITING_HRS_STP_2": null}}, {"type": "Feature", "id": 4213, "geometry": {"type": "Point", "coordinates": [72.85023081965144, 19.207658386636727]}, "properties": {"OBJECTID": 4213, "NAME": "Aastha Hospital", "TYPE": 4, "SUBTYPE": "General", "LOCATION": "Aastha Hospital, S V Road, Opp Fire Brigade, Kandivali, Mumbai, 400067", "ELEVATOR_CONTACT_LIST": null, "ELEVATOR_INTERCOM": null, "WORKING_HRS": null, "EMPLOYEE_QTY": null, "EMPLOYEE_MALE": null, "EMPLOYEE_FEMALE": null, "EMPLOYEE_DIF_ABLE": null, "WORKING_HRS_STR": null, "WORKING_HRS_STP": null, "VISITORS_QTY": null, "VISITING_HRS_STR": null, "VISITING_HRS_STP": null, "VISITORS_QTY_2": null, "VISITING_HRS_STR_2": null, "VISITING_HRS_STP_2": null}}, {"type": "Feature", "id": 4214, "geometry": {"type": "Point", "coordinates": [72.86269135754284, 19.210300811046864]}, "properties": {"OBJECTID": 4214, "NAME": "Arogya Maternity Nursing Home", "TYPE": 1, "SUBTYPE": "General", "LOCATION": "Arogya Maternity Nursing Home, Gaon Devi Road, Inside Gokul Galaxy, Kandivali, Mumbai, 400101", "ELEVATOR_CONTACT_LIST": null, "ELEVATOR_INTERCOM": null, "WORKING_HRS": null, "EMPLOYEE_QTY": null, "EMPLOYEE_MALE": null, "EMPLOYEE_FEMALE": null, "EMPLOYEE_DIF_ABLE": null, "WORKING_HRS_STR": null, "WORKING_HRS_STP": null, "VISITORS_QTY": null, "VISITING_HRS_STR": null, "VISITING_HRS_STP": null, "VISITORS_QTY_2": null, "VISITING_HRS_STR_2": null, "VISITING_HRS_STP_2": null}}, {"type": "Feature", "id": 4215, "geometry": {"type": "Point", "coordinates": [72.84804500026752, 19.098461000338016]}, "properties": {"OBJECTID": 4215, "NAME": "Natwar Nagar Dispensary & Health Post", "TYPE": 1, "SUBTYPE": "Health post", "LOCATION": "Vishwanath Bhavan, Pherozeshah Mehta Rd, Vile Parle East, Mumbai, Maharashtra 400057", "ELEVATOR_CONTACT_LIST": null, "ELEVATOR_INTERCOM": null, "WORKING_HRS": null, "EMPLOYEE_QTY": null, "EMPLOYEE_MALE": null, "EMPLOYEE_FEMALE": null, "EMPLOYEE_DIF_ABLE": null, "WORKING_HRS_STR": null, "WORKING_HRS_STP": null, "VISITORS_QTY": null, "VISITING_HRS_STR": null, "VISITING_HRS_STP": null, "VISITORS_QTY_2": null, "VISITING_HRS_STR_2": null, "VISITING_HRS_STP_2": null}}, {"type": "Feature", "id": 4515, "geometry": {"type": "Point", "coordinates": [72.85186361536685, 19.172107239762777]}, "properties": {"OBJECTID": 4515, "NAME": "BMC Arogya Kendra Pandurang Wadi", "TYPE": 1, "SUBTYPE": "Dispensary", "LOCATION": "BMC Arogya Kendra Pandurang Wadi, Road No 04, Near P L Deshpande Vanoudyan,  Goregaon, Mumbai, 400063", "ELEVATOR_CONTACT_LIST": null, "ELEVATOR_INTERCOM": null, "WORKING_HRS": null, "EMPLOYEE_QTY": null, "EMPLOYEE_MALE": null, "EMPLOYEE_FEMALE": null, "EMPLOYEE_DIF_ABLE": null, "WORKING_HRS_STR": null, "WORKING_HRS_STP": null, "VISITORS_QTY": null, "VISITING_HRS_STR": null, "VISITING_HRS_STP": null, "VISITORS_QTY_2": null, "VISITING_HRS_STR_2": null, "VISITING_HRS_STP_2": null}}, {"type": "Feature", "id": 4516, "geometry": {"type": "Point", "coordinates": [72.87139277910276, 19.169222887691845]}, "properties": {"OBJECTID": 4516, "NAME": "Gokuldham Bmc Maternity Home", "TYPE": 1, "SUBTYPE": "Maternity Home", "LOCATION": "Gokuldham Bmc Maternity Home, Mohan Gokhale Road, Opp Lakshadham High school,  Goregaon East, Mumbai, 400063", "ELEVATOR_CONTACT_LIST": null, "ELEVATOR_INTERCOM": null, "WORKING_HRS": null, "EMPLOYEE_QTY": null, "EMPLOYEE_MALE": null, "EMPLOYEE_FEMALE": null, "EMPLOYEE_DIF_ABLE": null, "WORKING_HRS_STR": null, "WORKING_HRS_STP": null, "VISITORS_QTY": null, "VISITING_HRS_STR": null, "VISITING_HRS_STP": null, "VISITORS_QTY_2": null, "VISITING_HRS_STR_2": null, "VISITING_HRS_STP_2": null}}, {"type": "Feature", "id": 4835, "geometry": {"type": "Point", "coordinates": [72.82948200028926, 18.98344100035959]}, "properties": {"OBJECTID": 4835, "NAME": "Kasturba Hospital ", "TYPE": 1, "SUBTYPE": "Speciality", "LOCATION": "Saat Rasta, Sane Guruji Marg, Jacob Circle, Mumbai, Maharashtra 400011", "ELEVATOR_CONTACT_LIST": null, "ELEVATOR_INTERCOM": null, "WORKING_HRS": null, "EMPLOYEE_QTY": null, "EMPLOYEE_MALE": null, "EMPLOYEE_FEMALE": null, "EMPLOYEE_DIF_ABLE": null, "WORKING_HRS_STR": null, "WORKING_HRS_STP": null, "VISITORS_QTY": null, "VISITING_HRS_STR": null, "VISITING_HRS_STP": null, "VISITORS_QTY_2": null, "VISITING_HRS_STR_2": null, "VISITING_HRS_STP_2": null}}, {"type": "Feature", "id": 5157, "geometry": {"type": "Point", "coordinates": [72.83495000701618, 19.10808887112612]}, "properties": {"OBJECTID": 5157, "NAME": "HINDUHRIDAYSAMRAT BALASAHEB THACKERAY MEDICAL COLLEGE AND RUSTOM NARSI (Boys Hostel)", "TYPE": 1, "SUBTYPE": "Medical College", "LOCATION": "BHAKTIVEDANTA MARG, OPP BHAGUBHAI POLYTECHNIC,JUHU,VILE PARLE WEST, MUMBAI 400056\t\t\t", "ELEVATOR_CONTACT_LIST": null, "ELEVATOR_INTERCOM": null, "WORKING_HRS": "Yes", "EMPLOYEE_QTY": 912, "EMPLOYEE_MALE": null, "EMPLOYEE_FEMALE": null, "EMPLOYEE_DIF_ABLE": null, "WORKING_HRS_STR": null, "WORKING_HRS_STP": null, "VISITORS_QTY": null, "VISITING_HRS_STR": null, "VISITING_HRS_STP": null, "VISITORS_QTY_2": null, "VISITING_HRS_STR_2": null, "VISITING_HRS_STP_2": null}}, {"type": "Feature", "id": 5158, "geometry": {"type": "Point", "coordinates": [72.83493986524428, 19.10790234316506]}, "properties": {"OBJECTID": 5158, "NAME": "Hinduhridaysamrat Balasaheb Thackeray Medical College & R N Cooper Municipal Hospital ( Girls Hostel", "TYPE": 1, "SUBTYPE": "General", "LOCATION": "Bhaktivedanta Marg, Opp Bhagubhai Polytechnic,Juhu,Vile Parle West, Mumbai 400056", "ELEVATOR_CONTACT_LIST": "Yes", "ELEVATOR_INTERCOM": "Yes", "WORKING_HRS": "Yes", "EMPLOYEE_QTY": 912, "EMPLOYEE_MALE": null, "EMPLOYEE_FEMALE": null, "EMPLOYEE_DIF_ABLE": null, "WORKING_HRS_STR": null, "WORKING_HRS_STP": null, "VISITORS_QTY": null, "VISITING_HRS_STR": null, "VISITING_HRS_STP": null, "VISITORS_QTY_2": null, "VISITING_HRS_STR_2": null, "VISITING_HRS_STP_2": null}}, {"type": "Feature", "id": 5159, "geometry": {"type": "Point", "coordinates": [72.83556875839834, 19.107680315483027]}, "properties": {"OBJECTID": 5159, "NAME": "Hinduhridaysamrat Balasaheb Thackeray Medical College & R N Cooper Municipal Hospital (RMO Quarters)", "TYPE": 1, "SUBTYPE": "General", "LOCATION": "Bhaktivedanta Marg, Opp Bhagubhai Polytechnic,Juhu,Vile Parle West, Mumbai 400056", "ELEVATOR_CONTACT_LIST": "Yes", "ELEVATOR_INTERCOM": "Yes", "WORKING_HRS": "Yes", "EMPLOYEE_QTY": 912, "EMPLOYEE_MALE": null, "EMPLOYEE_FEMALE": null, "EMPLOYEE_DIF_ABLE": null, "WORKING_HRS_STR": null, "WORKING_HRS_STP": null, "VISITORS_QTY": null, "VISITING_HRS_STR": null, "VISITING_HRS_STP": null, "VISITORS_QTY_2": null, "VISITING_HRS_STR_2": null, "VISITING_HRS_STP_2": null}}, {"type": "Feature", "id": 5475, "geometry": {"type": "Point", "coordinates": [72.89271026369555, 19.067413437856946]}, "properties": {"OBJECTID": 5475, "NAME": "Kolekar Hospital", "TYPE": 4, "SUBTYPE": "General", "LOCATION": "Approach to Ambedkar Garden Bus Stop Chembur Gaothan, Chembur 2nd & 3rd floor Omprakash Arcade, Mumbai, Maharashtra 400071", "ELEVATOR_CONTACT_LIST": null, "ELEVATOR_INTERCOM": null, "WORKING_HRS": null, "EMPLOYEE_QTY": null, "EMPLOYEE_MALE": null, "EMPLOYEE_FEMALE": null, "EMPLOYEE_DIF_ABLE": null, "WORKING_HRS_STR": null, "WORKING_HRS_STP": null, "VISITORS_QTY": null, "VISITING_HRS_STR": null, "VISITING_HRS_STP": null, "VISITORS_QTY_2": null, "VISITING_HRS_STR_2": null, "VISITING_HRS_STP_2": null}}, {"type": "Feature", "id": 5795, "geometry": {"type": "Point", "coordinates": [72.84933097940781, 19.159067479378155]}, "properties": {"OBJECTID": 5795, "NAME": "SRV Hospital ", "TYPE": 4, "SUBTYPE": "General", "LOCATION": "179, Kamal Charan Building, 180, Rd Number 2, Jawahar Nagar, Goregaon West", "ELEVATOR_CONTACT_LIST": null, "ELEVATOR_INTERCOM": null, "WORKING_HRS": null, "EMPLOYEE_QTY": null, "EMPLOYEE_MALE": null, "EMPLOYEE_FEMALE": null, "EMPLOYEE_DIF_ABLE": null, "WORKING_HRS_STR": null, "WORKING_HRS_STP": null, "VISITORS_QTY": null, "VISITING_HRS_STR": null, "VISITING_HRS_STP": null, "VISITORS_QTY_2": null, "VISITING_HRS_STR_2": null, "VISITING_HRS_STP_2": null}}, {"type": "Feature", "id": 5796, "geometry": {"type": "Point", "coordinates": [72.81896916035966, 18.95693459836849]}, "properties": {"OBJECTID": 5796, "NAME": "Brahman Sabha Hospital", "TYPE": 4, "SUBTYPE": "Speciality", "LOCATION": "Charni Road East, Bhatwadi, Girgaon, Mumbai", "ELEVATOR_CONTACT_LIST": null, "ELEVATOR_INTERCOM": null, "WORKING_HRS": null, "EMPLOYEE_QTY": null, "EMPLOYEE_MALE": null, "EMPLOYEE_FEMALE": null, "EMPLOYEE_DIF_ABLE": null, "WORKING_HRS_STR": null, "WORKING_HRS_STP": null, "VISITORS_QTY": null, "VISITING_HRS_STR": null, "VISITING_HRS_STP": null, "VISITORS_QTY_2": null, "VISITING_HRS_STR_2": null, "VISITING_HRS_STP_2": null}}, {"type": "Feature", "id": 5797, "geometry": {"type": "Point", "coordinates": [72.94610822344883, 19.03613474888738]}, "properties": {"OBJECTID": 5797, "NAME": "Maa Hospital", "TYPE": 4, "SUBTYPE": "General", "LOCATION": "Sion trombay road Amarnagar chs cts no.171 dhobi ghat, opp pailypada gate, Trombay", "ELEVATOR_CONTACT_LIST": null, "ELEVATOR_INTERCOM": null, "WORKING_HRS": null, "EMPLOYEE_QTY": null, "EMPLOYEE_MALE": null, "EMPLOYEE_FEMALE": null, "EMPLOYEE_DIF_ABLE": null, "WORKING_HRS_STR": null, "WORKING_HRS_STP": null, "VISITORS_QTY": null, "VISITING_HRS_STR": null, "VISITING_HRS_STP": null, "VISITORS_QTY_2": null, "VISITING_HRS_STR_2": null, "VISITING_HRS_STP_2": null}}, {"type": "Feature", "id": 6115, "geometry": {"type": "Point", "coordinates": [72.84658581531549, 19.22933409973995]}, "properties": {"OBJECTID": 6115, "NAME": "Apex Superspeciality Hospitals", "TYPE": 4, "SUBTYPE": "Speciality", "LOCATION": "Lokmanya Tilak Rd, beside Punjab & Sind Bank, Babhai Naka, Borivali West, Mumbai, Maharashtra 400092", "ELEVATOR_CONTACT_LIST": null, "ELEVATOR_INTERCOM": null, "WORKING_HRS": null, "EMPLOYEE_QTY": null, "EMPLOYEE_MALE": null, "EMPLOYEE_FEMALE": null, "EMPLOYEE_DIF_ABLE": null, "WORKING_HRS_STR": null, "WORKING_HRS_STP": null, "VISITORS_QTY": null, "VISITING_HRS_STR": null, "VISITING_HRS_STP": null, "VISITORS_QTY_2": null, "VISITING_HRS_STR_2": null, "VISITING_HRS_STP_2": null}}, {"type": "Feature", "id": 6116, "geometry": {"type": "Point", "coordinates": [72.82248107073106, 19.00516536211691]}, "properties": {"OBJECTID": 6116, "NAME": "Reliance Life Sciences Hospital", "TYPE": 4, "SUBTYPE": "General", "LOCATION": "82, Bhagoji Waghmare Marg, BDD Chawls Worli, Worli, Mumbai, Maharashtra 400018\r\n82, Bhagoji Waghmare Marg, BDD Chawls Worli, Worli, Mumbai, Maharashtra 400018\r\n", "ELEVATOR_CONTACT_LIST": null, "ELEVATOR_INTERCOM": null, "WORKING_HRS": null, "EMPLOYEE_QTY": null, "EMPLOYEE_MALE": null, "EMPLOYEE_FEMALE": null, "EMPLOYEE_DIF_ABLE": null, "WORKING_HRS_STR": null, "WORKING_HRS_STP": null, "VISITORS_QTY": null, "VISITING_HRS_STR": null, "VISITING_HRS_STP": null, "VISITORS_QTY_2": null, "VISITING_HRS_STR_2": null, "VISITING_HRS_STP_2": null}}, {"type": "Feature", "id": 6436, "geometry": {"type": "Point", "coordinates": [72.83035137675282, 19.013952755960887]}, "properties": {"OBJECTID": 6436, "NAME": "Ashwini Hospital", "TYPE": 4, "SUBTYPE": "General", "LOCATION": "Prabhadevi, Dadar West, Mumbai-25", "ELEVATOR_CONTACT_LIST": null, "ELEVATOR_INTERCOM": null, "WORKING_HRS": null, "EMPLOYEE_QTY": null, "EMPLOYEE_MALE": null, "EMPLOYEE_FEMALE": null, "EMPLOYEE_DIF_ABLE": null, "WORKING_HRS_STR": null, "WORKING_HRS_STP": null, "VISITORS_QTY": null, "VISITING_HRS_STR": null, "VISITING_HRS_STP": null, "VISITORS_QTY_2": null, "VISITING_HRS_STR_2": null, "VISITING_HRS_STP_2": null}}, {"type": "Feature", "id": 6437, "geometry": {"type": "Point", "coordinates": [72.85319202644355, 19.18448829612027]}, "properties": {"OBJECTID": 6437, "NAME": "Sanjeevani Hospital, Malad", "TYPE": 4, "SUBTYPE": "General", "LOCATION": "Bhawani Chambers, Kedarmal Road Bhagwan Jain Temple Off, Rani Sati Marg, opposite to Sumtinath, Malad East, Mumbai, Maharashtra 400097", "ELEVATOR_CONTACT_LIST": null, "ELEVATOR_INTERCOM": null, "WORKING_HRS": null, "EMPLOYEE_QTY": null, "EMPLOYEE_MALE": null, "EMPLOYEE_FEMALE": null, "EMPLOYEE_DIF_ABLE": null, "WORKING_HRS_STR": null, "WORKING_HRS_STP": null, "VISITORS_QTY": null, "VISITING_HRS_STR": null, "VISITING_HRS_STP": null, "VISITORS_QTY_2": null, "VISITING_HRS_STR_2": null, "VISITING_HRS_STP_2": null}}, {"type": "Feature", "id": 6438, "geometry": {"type": "Point", "coordinates": [72.87200654859097, 19.023606496068606]}, "properties": {"OBJECTID": 6438, "NAME": "Raval Pada Maternity Home", "TYPE": 1, "SUBTYPE": "Maternity Home", "LOCATION": "Sangram Nagar, Antop Hill.", "ELEVATOR_CONTACT_LIST": null, "ELEVATOR_INTERCOM": null, "WORKING_HRS": null, "EMPLOYEE_QTY": null, "EMPLOYEE_MALE": null, "EMPLOYEE_FEMALE": null, "EMPLOYEE_DIF_ABLE": null, "WORKING_HRS_STR": null, "WORKING_HRS_STP": null, "VISITORS_QTY": null, "VISITING_HRS_STR": null, "VISITING_HRS_STP": null, "VISITORS_QTY_2": null, "VISITING_HRS_STR_2": null, "VISITING_HRS_STP_2": null}}, {"type": "Feature", "id": 6440, "geometry": {"type": "Point", "coordinates": [72.81711515874159, 18.953231629352874]}, "properties": {"OBJECTID": 6440, "NAME": "Bay View Clinic", "TYPE": 4, "SUBTYPE": "Clinic", "LOCATION": "3A, Mama Paramanand Marg, Charni Road East, Opera House, Girgaon, Mumbai, Maharashtra 400004", "ELEVATOR_CONTACT_LIST": null, "ELEVATOR_INTERCOM": null, "WORKING_HRS": null, "EMPLOYEE_QTY": null, "EMPLOYEE_MALE": null, "EMPLOYEE_FEMALE": null, "EMPLOYEE_DIF_ABLE": null, "WORKING_HRS_STR": null, "WORKING_HRS_STP": null, "VISITORS_QTY": null, "VISITING_HRS_STR": null, "VISITING_HRS_STP": null, "VISITORS_QTY_2": null, "VISITING_HRS_STR_2": null, "VISITING_HRS_STP_2": null}}, {"type": "Feature", "id": 6441, "geometry": {"type": "Point", "coordinates": [72.80968181701726, 18.977691393604665]}, "properties": {"OBJECTID": 6441, "NAME": "Voras Nursing Home", "TYPE": 4, "SUBTYPE": "Nursing Home", "LOCATION": "4 - A, Paresh Building, Opposite Heera Panna Building, Haji Ali, Bhulabhai Desai Road, Cumballa Hill, Mumbai - 400026", "ELEVATOR_CONTACT_LIST": null, "ELEVATOR_INTERCOM": null, "WORKING_HRS": null, "EMPLOYEE_QTY": null, "EMPLOYEE_MALE": null, "EMPLOYEE_FEMALE": null, "EMPLOYEE_DIF_ABLE": null, "WORKING_HRS_STR": null, "WORKING_HRS_STP": null, "VISITORS_QTY": null, "VISITING_HRS_STR": null, "VISITING_HRS_STP": null, "VISITORS_QTY_2": null, "VISITING_HRS_STR_2": null, "VISITING_HRS_STP_2": null}}, {"type": "Feature", "id": 6755, "geometry": {"type": "Point", "coordinates": [72.82846043404705, 18.968502372100573]}, "properties": {"OBJECTID": 6755, "NAME": "Nagori Nursing Home", "TYPE": 4, "SUBTYPE": "Nursing Home", "LOCATION": "Taj Manzil, Nasratullah Abbas Marg, Mumbai Central, Mumbai, Maharashtra, 400008", "ELEVATOR_CONTACT_LIST": null, "ELEVATOR_INTERCOM": null, "WORKING_HRS": null, "EMPLOYEE_QTY": null, "EMPLOYEE_MALE": null, "EMPLOYEE_FEMALE": null, "EMPLOYEE_DIF_ABLE": null, "WORKING_HRS_STR": null, "WORKING_HRS_STP": null, "VISITORS_QTY": null, "VISITING_HRS_STR": null, "VISITING_HRS_STP": null, "VISITORS_QTY_2": null, "VISITING_HRS_STR_2": null, "VISITING_HRS_STP_2": null}}, {"type": "Feature", "id": 6756, "geometry": {"type": "Point", "coordinates": [72.83761298568935, 18.988183539809675]}, "properties": {"OBJECTID": 6756, "NAME": "Aastha Maternity Home", "TYPE": 4, "SUBTYPE": "Maternity Home", "LOCATION": "Dattaram Lad Marg, opposite Eastern Metal Works, Kalachowki, Lal Baug, Byculla, Mumbai, Maharashtra 400033", "ELEVATOR_CONTACT_LIST": null, "ELEVATOR_INTERCOM": null, "WORKING_HRS": null, "EMPLOYEE_QTY": null, "EMPLOYEE_MALE": null, "EMPLOYEE_FEMALE": null, "EMPLOYEE_DIF_ABLE": null, "WORKING_HRS_STR": null, "WORKING_HRS_STP": null, "VISITORS_QTY": null, "VISITING_HRS_STR": null, "VISITING_HRS_STP": null, "VISITORS_QTY_2": null, "VISITING_HRS_STR_2": null, "VISITING_HRS_STP_2": null}}, {"type": "Feature", "id": 6757, "geometry": {"type": "Point", "coordinates": [72.84205793224706, 18.968391139357845]}, "properties": {"OBJECTID": 6757, "NAME": "Matushri Nursing Home", "TYPE": 4, "SUBTYPE": "Nursing Home", "LOCATION": "162 , Bartanwala Building , Shop Number 6 & 7 , Oppsoite Dena Bank Shivdas Chapsi Marg, Mazgaon, Mumbai, Maharashtra 400009", "ELEVATOR_CONTACT_LIST": null, "ELEVATOR_INTERCOM": null, "WORKING_HRS": null, "EMPLOYEE_QTY": null, "EMPLOYEE_MALE": null, "EMPLOYEE_FEMALE": null, "EMPLOYEE_DIF_ABLE": null, "WORKING_HRS_STR": null, "WORKING_HRS_STP": null, "VISITORS_QTY": null, "VISITING_HRS_STR": null, "VISITING_HRS_STP": null, "VISITORS_QTY_2": null, "VISITING_HRS_STR_2": null, "VISITING_HRS_STP_2": null}}, {"type": "Feature", "id": 6758, "geometry": {"type": "Point", "coordinates": [72.82770580699628, 18.965937063799778]}, "properties": {"OBJECTID": 6758, "NAME": "Bombay Maternity", "TYPE": 4, "SUBTYPE": "Maternity Home", "LOCATION": "Kamathipura,Mumbai Central", "ELEVATOR_CONTACT_LIST": null, "ELEVATOR_INTERCOM": null, "WORKING_HRS": null, "EMPLOYEE_QTY": null, "EMPLOYEE_MALE": null, "EMPLOYEE_FEMALE": null, "EMPLOYEE_DIF_ABLE": null, "WORKING_HRS_STR": null, "WORKING_HRS_STP": null, "VISITORS_QTY": null, "VISITING_HRS_STR": null, "VISITING_HRS_STP": null, "VISITORS_QTY_2": null, "VISITING_HRS_STR_2": null, "VISITING_HRS_STP_2": null}}, {"type": "Feature", "id": 6759, "geometry": {"type": "Point", "coordinates": [72.83570083112465, 18.97231310763502]}, "properties": {"OBJECTID": 6759, "NAME": "Rajshree Maternity", "TYPE": 4, "SUBTYPE": "Maternity Home", "LOCATION": "Vimlachal Building, Seth Moti Shah Rd, Tara Bagh, Mazgaon, Mumbai, Maharashtra 400010", "ELEVATOR_CONTACT_LIST": null, "ELEVATOR_INTERCOM": null, "WORKING_HRS": null, "EMPLOYEE_QTY": null, "EMPLOYEE_MALE": null, "EMPLOYEE_FEMALE": null, "EMPLOYEE_DIF_ABLE": null, "WORKING_HRS_STR": null, "WORKING_HRS_STP": null, "VISITORS_QTY": null, "VISITING_HRS_STR": null, "VISITING_HRS_STP": null, "VISITORS_QTY_2": null, "VISITING_HRS_STR_2": null, "VISITING_HRS_STP_2": null}}, {"type": "Feature", "id": 7075, "geometry": {"type": "Point", "coordinates": [72.84108611621802, 18.989858556705833]}, "properties": {"OBJECTID": 7075, "NAME": "Aryan Hospital ICU", "TYPE": 4, "SUBTYPE": "General", "LOCATION": "Royal Garden, next to girnar tower, ambawadi, kalachowki, Mumbai, Maharashtra 400033\r\nRoyal Garden, next to girnar tower, ambawadi, kalachowki, Mumbai, Maharashtra 400033\r\n", "ELEVATOR_CONTACT_LIST": null, "ELEVATOR_INTERCOM": null, "WORKING_HRS": null, "EMPLOYEE_QTY": null, "EMPLOYEE_MALE": null, "EMPLOYEE_FEMALE": null, "EMPLOYEE_DIF_ABLE": null, "WORKING_HRS_STR": null, "WORKING_HRS_STP": null, "VISITORS_QTY": null, "VISITING_HRS_STR": null, "VISITING_HRS_STP": null, "VISITORS_QTY_2": null, "VISITING_HRS_STR_2": null, "VISITING_HRS_STP_2": null}}, {"type": "Feature", "id": 7076, "geometry": {"type": "Point", "coordinates": [72.86361601031054, 19.02305617781328]}, "properties": {"OBJECTID": 7076, "NAME": "Galaxy Multi speciailty", "TYPE": 4, "SUBTYPE": "Speciality", "LOCATION": "2, Shaikh Misree Marg, KP Munot Nagar Nagar, Antop Hill, Mumbai, Maharashtra 400037", "ELEVATOR_CONTACT_LIST": null, "ELEVATOR_INTERCOM": null, "WORKING_HRS": null, "EMPLOYEE_QTY": null, "EMPLOYEE_MALE": null, "EMPLOYEE_FEMALE": null, "EMPLOYEE_DIF_ABLE": null, "WORKING_HRS_STR": null, "WORKING_HRS_STP": null, "VISITORS_QTY": null, "VISITING_HRS_STR": null, "VISITING_HRS_STP": null, "VISITORS_QTY_2": null, "VISITING_HRS_STR_2": null, "VISITING_HRS_STP_2": null}}, {"type": "Feature", "id": 7077, "geometry": {"type": "Point", "coordinates": [72.85451663775059, 19.040177087175884]}, "properties": {"OBJECTID": 7077, "NAME": "Sai Hospital ", "TYPE": 4, "SUBTYPE": "Maternity Home", "LOCATION": "90 Feet Rd, Masiha Islampura Co-op Hsg. Soc. Ltd, Dharavi, behind Sion Hospital, Dharavi, Mumbai, Maharashtra 400017", "ELEVATOR_CONTACT_LIST": null, "ELEVATOR_INTERCOM": null, "WORKING_HRS": null, "EMPLOYEE_QTY": null, "EMPLOYEE_MALE": null, "EMPLOYEE_FEMALE": null, "EMPLOYEE_DIF_ABLE": null, "WORKING_HRS_STR": null, "WORKING_HRS_STP": null, "VISITORS_QTY": null, "VISITING_HRS_STR": null, "VISITING_HRS_STP": null, "VISITORS_QTY_2": null, "VISITING_HRS_STR_2": null, "VISITING_HRS_STP_2": null}}, {"type": "Feature", "id": 7078, "geometry": {"type": "Point", "coordinates": [72.84446237695728, 19.040317094343436]}, "properties": {"OBJECTID": 7078, "NAME": "Family Care Hospitals", "TYPE": 4, "SUBTYPE": "General", "LOCATION": "Family Care Hospitals Uma Mahesh Building M. M Chotani Marg, LJ Cross Rd, Mahim West, Mumbai, Maharashtra 400016", "ELEVATOR_CONTACT_LIST": null, "ELEVATOR_INTERCOM": null, "WORKING_HRS": null, "EMPLOYEE_QTY": null, "EMPLOYEE_MALE": null, "EMPLOYEE_FEMALE": null, "EMPLOYEE_DIF_ABLE": null, "WORKING_HRS_STR": null, "WORKING_HRS_STP": null, "VISITORS_QTY": null, "VISITING_HRS_STR": null, "VISITING_HRS_STP": null, "VISITORS_QTY_2": null, "VISITING_HRS_STR_2": null, "VISITING_HRS_STP_2": null}}, {"type": "Feature", "id": 7079, "geometry": {"type": "Point", "coordinates": [72.83523049261782, 19.06839514756442]}, "properties": {"OBJECTID": 7079, "NAME": "Hinduja Hospital Khar", "TYPE": 4, "SUBTYPE": "General", "LOCATION": "Marvela, 724, 11th Rd, Khar, Khar West, Mumbai, Maharashtra 400052\r\n", "ELEVATOR_CONTACT_LIST": null, "ELEVATOR_INTERCOM": null, "WORKING_HRS": null, "EMPLOYEE_QTY": null, "EMPLOYEE_MALE": null, "EMPLOYEE_FEMALE": null, "EMPLOYEE_DIF_ABLE": null, "WORKING_HRS_STR": null, "WORKING_HRS_STP": null, "VISITORS_QTY": null, "VISITING_HRS_STR": null, "VISITING_HRS_STP": null, "VISITORS_QTY_2": null, "VISITING_HRS_STR_2": null, "VISITING_HRS_STP_2": null}}, {"type": "Feature", "id": 7080, "geometry": {"type": "Point", "coordinates": [72.88301544052743, 19.117535830795816]}, "properties": {"OBJECTID": 7080, "NAME": "Hashir Hospital", "TYPE": 4, "SUBTYPE": "General", "LOCATION": "Near Richard Garage, Dispensary Building, CTS No 241B, Off, Military Rd, Marol, Andheri East, Mumbai, Maharashtra 400059\r\n", "ELEVATOR_CONTACT_LIST": null, "ELEVATOR_INTERCOM": null, "WORKING_HRS": null, "EMPLOYEE_QTY": null, "EMPLOYEE_MALE": null, "EMPLOYEE_FEMALE": null, "EMPLOYEE_DIF_ABLE": null, "WORKING_HRS_STR": null, "WORKING_HRS_STP": null, "VISITORS_QTY": null, "VISITING_HRS_STR": null, "VISITING_HRS_STP": null, "VISITORS_QTY_2": null, "VISITING_HRS_STR_2": null, "VISITING_HRS_STP_2": null}}, {"type": "Feature", "id": 7081, "geometry": {"type": "Point", "coordinates": [72.92087855148483, 19.062725681669754]}, "properties": {"OBJECTID": 7081, "NAME": "Vikas Nursing Home", "TYPE": 4, "SUBTYPE": "Nursing Home", "LOCATION": "Plot no 18/U/1/2, Baji Prabhu Deshpande Marg, Shivaji Nagar, Govandi East, near Ram Mandir, Mumbai, Maharashtra 400043\r\n", "ELEVATOR_CONTACT_LIST": null, "ELEVATOR_INTERCOM": null, "WORKING_HRS": null, "EMPLOYEE_QTY": null, "EMPLOYEE_MALE": null, "EMPLOYEE_FEMALE": null, "EMPLOYEE_DIF_ABLE": null, "WORKING_HRS_STR": null, "WORKING_HRS_STP": null, "VISITORS_QTY": null, "VISITING_HRS_STR": null, "VISITING_HRS_STP": null, "VISITORS_QTY_2": null, "VISITING_HRS_STR_2": null, "VISITING_HRS_STP_2": null}}, {"type": "Feature", "id": 7082, "geometry": {"type": "Point", "coordinates": [72.91480419008074, 19.05469070126766]}, "properties": {"OBJECTID": 7082, "NAME": "JNPT Hospital", "TYPE": 3, "SUBTYPE": "General", "LOCATION": "Sector 2 JNPT Township, JNPT main route, Navi Mumbai, Maharashtra 400707", "ELEVATOR_CONTACT_LIST": null, "ELEVATOR_INTERCOM": null, "WORKING_HRS": null, "EMPLOYEE_QTY": null, "EMPLOYEE_MALE": null, "EMPLOYEE_FEMALE": null, "EMPLOYEE_DIF_ABLE": null, "WORKING_HRS_STR": null, "WORKING_HRS_STP": null, "VISITORS_QTY": null, "VISITING_HRS_STR": null, "VISITING_HRS_STP": null, "VISITORS_QTY_2": null, "VISITING_HRS_STR_2": null, "VISITING_HRS_STP_2": null}}, {"type": "Feature", "id": 7083, "geometry": {"type": "Point", "coordinates": [72.90090556431817, 19.060228921293394]}, "properties": {"OBJECTID": 7083, "NAME": "Kolekar Hospital", "TYPE": 4, "SUBTYPE": "General", "LOCATION": "Approach to Ambedkar Garden Bus Stop Chembur Gaothan, Chembur 2nd & 3rd floor Omprakash Arcade, Mumbai, Maharashtra 400071", "ELEVATOR_CONTACT_LIST": null, "ELEVATOR_INTERCOM": null, "WORKING_HRS": null, "EMPLOYEE_QTY": null, "EMPLOYEE_MALE": null, "EMPLOYEE_FEMALE": null, "EMPLOYEE_DIF_ABLE": null, "WORKING_HRS_STR": null, "WORKING_HRS_STP": null, "VISITORS_QTY": null, "VISITING_HRS_STR": null, "VISITING_HRS_STP": null, "VISITORS_QTY_2": null, "VISITING_HRS_STR_2": null, "VISITING_HRS_STP_2": null}}, {"type": "Feature", "id": 7084, "geometry": {"type": "Point", "coordinates": [72.90379218383573, 19.092880503320067]}, "properties": {"OBJECTID": 7084, "NAME": "Pasaydan Hospital", "TYPE": 4, "SUBTYPE": "General", "LOCATION": "Bhatwadi, Bhim Nagar, Barve Nagar, Ghatkopar West, Mumbai, Maharashtra 800084\r\n", "ELEVATOR_CONTACT_LIST": null, "ELEVATOR_INTERCOM": null, "WORKING_HRS": null, "EMPLOYEE_QTY": null, "EMPLOYEE_MALE": null, "EMPLOYEE_FEMALE": null, "EMPLOYEE_DIF_ABLE": null, "WORKING_HRS_STR": null, "WORKING_HRS_STP": null, "VISITORS_QTY": null, "VISITING_HRS_STR": null, "VISITING_HRS_STP": null, "VISITORS_QTY_2": null, "VISITING_HRS_STR_2": null, "VISITING_HRS_STP_2": null}}, {"type": "Feature", "id": 7085, "geometry": {"type": "Point", "coordinates": [72.9042138396011, 19.087556765078713]}, "properties": {"OBJECTID": 7085, "NAME": "Dr. Sonagra Medical & Surgical Center", "TYPE": 4, "SUBTYPE": "General", "LOCATION": "Off LBS Road, Karani Ln, Ghatkopar West, Mumbai, Maharashtra 400086", "ELEVATOR_CONTACT_LIST": null, "ELEVATOR_INTERCOM": null, "WORKING_HRS": null, "EMPLOYEE_QTY": null, "EMPLOYEE_MALE": null, "EMPLOYEE_FEMALE": null, "EMPLOYEE_DIF_ABLE": null, "WORKING_HRS_STR": null, "WORKING_HRS_STP": null, "VISITORS_QTY": null, "VISITING_HRS_STR": null, "VISITING_HRS_STP": null, "VISITORS_QTY_2": null, "VISITING_HRS_STR_2": null, "VISITING_HRS_STP_2": null}}, {"type": "Feature", "id": 7086, "geometry": {"type": "Point", "coordinates": [72.84693455105268, 19.19195562156535]}, "properties": {"OBJECTID": 7086, "NAME": "Thunga Hospital", "TYPE": 4, "SUBTYPE": "General", "LOCATION": "Girnar Apartment-Entrance 2, Malad (W) ", "ELEVATOR_CONTACT_LIST": null, "ELEVATOR_INTERCOM": null, "WORKING_HRS": null, "EMPLOYEE_QTY": null, "EMPLOYEE_MALE": null, "EMPLOYEE_FEMALE": null, "EMPLOYEE_DIF_ABLE": null, "WORKING_HRS_STR": null, "WORKING_HRS_STP": null, "VISITORS_QTY": null, "VISITING_HRS_STR": null, "VISITING_HRS_STP": null, "VISITORS_QTY_2": null, "VISITING_HRS_STR_2": null, "VISITING_HRS_STP_2": null}}, {"type": "Feature", "id": 7087, "geometry": {"type": "Point", "coordinates": [72.84675609565483, 19.193677051462025]}, "properties": {"OBJECTID": 7087, "NAME": "Life Line Heart Institute\r\n", "TYPE": 4, "SUBTYPE": "General", "LOCATION": "Opp N L High School, Vishal Complex Narsing Lane, SV Rd, Malad West, Mumbai, Maharashtra 400064\r\n", "ELEVATOR_CONTACT_LIST": null, "ELEVATOR_INTERCOM": null, "WORKING_HRS": null, "EMPLOYEE_QTY": null, "EMPLOYEE_MALE": null, "EMPLOYEE_FEMALE": null, "EMPLOYEE_DIF_ABLE": null, "WORKING_HRS_STR": null, "WORKING_HRS_STP": null, "VISITORS_QTY": null, "VISITING_HRS_STR": null, "VISITING_HRS_STP": null, "VISITORS_QTY_2": null, "VISITING_HRS_STR_2": null, "VISITING_HRS_STP_2": null}}, {"type": "Feature", "id": 7088, "geometry": {"type": "Point", "coordinates": [72.83415701369904, 19.195060328520174]}, "properties": {"OBJECTID": 7088, "NAME": "Zenith Hospital", "TYPE": 4, "SUBTYPE": "Speciality", "LOCATION": "Mith Chowky, Parth Business Plaza, New Link Rd, Malad, Orlem, Malad West, Mumbai, Maharashtra 400064\r\n", "ELEVATOR_CONTACT_LIST": null, "ELEVATOR_INTERCOM": null, "WORKING_HRS": null, "EMPLOYEE_QTY": null, "EMPLOYEE_MALE": null, "EMPLOYEE_FEMALE": null, "EMPLOYEE_DIF_ABLE": null, "WORKING_HRS_STR": null, "WORKING_HRS_STP": null, "VISITORS_QTY": null, "VISITING_HRS_STR": null, "VISITING_HRS_STP": null, "VISITORS_QTY_2": null, "VISITING_HRS_STR_2": null, "VISITING_HRS_STP_2": null}}, {"type": "Feature", "id": 7089, "geometry": {"type": "Point", "coordinates": [72.85697058904148, 19.18263299705591]}, "properties": {"OBJECTID": 7089, "NAME": "Balajee Hospital", "TYPE": 4, "SUBTYPE": "Speciality", "LOCATION": "Shah Arcade - 3, Rani Sati Marg, near Passport Office, Malad East, Mumbai, Maharashtra 400097\r\n", "ELEVATOR_CONTACT_LIST": null, "ELEVATOR_INTERCOM": null, "WORKING_HRS": null, "EMPLOYEE_QTY": null, "EMPLOYEE_MALE": null, "EMPLOYEE_FEMALE": null, "EMPLOYEE_DIF_ABLE": null, "WORKING_HRS_STR": null, "WORKING_HRS_STP": null, "VISITORS_QTY": null, "VISITING_HRS_STR": null, "VISITING_HRS_STP": null, "VISITORS_QTY_2": null, "VISITING_HRS_STR_2": null, "VISITING_HRS_STP_2": null}}, {"type": "Feature", "id": 7395, "geometry": {"type": "Point", "coordinates": [72.87150758296181, 19.200219980712426]}, "properties": {"OBJECTID": 7395, "NAME": "DNA Multispeciality Hospital ", "TYPE": 4, "SUBTYPE": "Speciality", "LOCATION": "2, Whispering Palms Shopping Complex Akurli Road Opp.Mahindra Gate, Lokhandwala Twp, Kandivali East, Mumbai, Maharashtra 400101\r\n", "ELEVATOR_CONTACT_LIST": null, "ELEVATOR_INTERCOM": null, "WORKING_HRS": null, "EMPLOYEE_QTY": null, "EMPLOYEE_MALE": null, "EMPLOYEE_FEMALE": null, "EMPLOYEE_DIF_ABLE": null, "WORKING_HRS_STR": null, "WORKING_HRS_STP": null, "VISITORS_QTY": null, "VISITING_HRS_STR": null, "VISITING_HRS_STP": null, "VISITORS_QTY_2": null, "VISITING_HRS_STR_2": null, "VISITING_HRS_STP_2": null}}, {"type": "Feature", "id": 7396, "geometry": {"type": "Point", "coordinates": [72.82728386021702, 19.203851613467673]}, "properties": {"OBJECTID": 7396, "NAME": "Oscar hospital", "TYPE": 4, "SUBTYPE": "General", "LOCATION": "D And E Wing, 15-22 Pooja Enclave, Ambedkar Rd, Kandivali, Nilkanth Nagar, Ganesh Nagar, Mumbai, Maharashtra 400067\r\n", "ELEVATOR_CONTACT_LIST": null, "ELEVATOR_INTERCOM": null, "WORKING_HRS": null, "EMPLOYEE_QTY": null, "EMPLOYEE_MALE": null, "EMPLOYEE_FEMALE": null, "EMPLOYEE_DIF_ABLE": null, "WORKING_HRS_STR": null, "WORKING_HRS_STP": null, "VISITORS_QTY": null, "VISITING_HRS_STR": null, "VISITING_HRS_STP": null, "VISITORS_QTY_2": null, "VISITING_HRS_STR_2": null, "VISITING_HRS_STP_2": null}}, {"type": "Feature", "id": 7397, "geometry": {"type": "Point", "coordinates": [72.8669249562443, 19.21201704228087]}, "properties": {"OBJECTID": 7397, "NAME": "Shivam Nursing Home", "TYPE": 4, "SUBTYPE": "Nursing Home", "LOCATION": "A-564, Chakany Co. Soc, Akurli Road, Narsi Pada, Kandivali East, Mumbai, Maharashtra 400101\r\n", "ELEVATOR_CONTACT_LIST": null, "ELEVATOR_INTERCOM": null, "WORKING_HRS": null, "EMPLOYEE_QTY": null, "EMPLOYEE_MALE": null, "EMPLOYEE_FEMALE": null, "EMPLOYEE_DIF_ABLE": null, "WORKING_HRS_STR": null, "WORKING_HRS_STP": null, "VISITORS_QTY": null, "VISITING_HRS_STR": null, "VISITING_HRS_STP": null, "VISITORS_QTY_2": null, "VISITING_HRS_STR_2": null, "VISITING_HRS_STP_2": null}}, {"type": "Feature", "id": 7398, "geometry": {"type": "Point", "coordinates": [72.84472935216618, 19.203577719043786]}, "properties": {"OBJECTID": 7398, "NAME": "Gem Hospital ", "TYPE": 4, "SUBTYPE": "General", "LOCATION": "opp. shantilal modi bungalow, Mathuradas Road, Kamala Nagar, Bhagat Colony, Kandivali West, Mumbai, Maharashtra 400067\r\n", "ELEVATOR_CONTACT_LIST": null, "ELEVATOR_INTERCOM": null, "WORKING_HRS": null, "EMPLOYEE_QTY": null, "EMPLOYEE_MALE": null, "EMPLOYEE_FEMALE": null, "EMPLOYEE_DIF_ABLE": null, "WORKING_HRS_STR": null, "WORKING_HRS_STP": null, "VISITORS_QTY": null, "VISITING_HRS_STR": null, "VISITING_HRS_STP": null, "VISITORS_QTY_2": null, "VISITING_HRS_STR_2": null, "VISITING_HRS_STP_2": null}}, {"type": "Feature", "id": 7399, "geometry": {"type": "Point", "coordinates": [72.84144905246289, 19.22093517618227]}, "properties": {"OBJECTID": 7399, "NAME": "Mangalmurti Hospital", "TYPE": 4, "SUBTYPE": "General", "LOCATION": "Plot No. 65-68 & 66-6, Next to Mahakali Juice centre & MangalMurti Party, Hall, near Gorai Bridge, RSC number 37, Gorai 1, Borivali West, behind Sai Baba Mandir, Mumbai, Maharashtra 400091", "ELEVATOR_CONTACT_LIST": null, "ELEVATOR_INTERCOM": null, "WORKING_HRS": null, "EMPLOYEE_QTY": null, "EMPLOYEE_MALE": null, "EMPLOYEE_FEMALE": null, "EMPLOYEE_DIF_ABLE": null, "WORKING_HRS_STR": null, "WORKING_HRS_STP": null, "VISITORS_QTY": null, "VISITING_HRS_STR": null, "VISITING_HRS_STP": null, "VISITORS_QTY_2": null, "VISITING_HRS_STR_2": null, "VISITING_HRS_STP_2": null}}, {"type": "Feature", "id": 7715, "geometry": {"type": "Point", "coordinates": [72.86187626130844, 19.23707660403556]}, "properties": {"OBJECTID": 7715, "NAME": "Kurmi Charitable Hospital", "TYPE": 4, "SUBTYPE": "General", "LOCATION": "Rd Number 10, Daulat Nagar, Borivali East, Mumbai, Maharashtra 400066", "ELEVATOR_CONTACT_LIST": null, "ELEVATOR_INTERCOM": null, "WORKING_HRS": null, "EMPLOYEE_QTY": null, "EMPLOYEE_MALE": null, "EMPLOYEE_FEMALE": null, "EMPLOYEE_DIF_ABLE": null, "WORKING_HRS_STR": null, "WORKING_HRS_STP": null, "VISITORS_QTY": null, "VISITING_HRS_STR": null, "VISITING_HRS_STP": null, "VISITORS_QTY_2": null, "VISITING_HRS_STR_2": null, "VISITING_HRS_STP_2": null}}, {"type": "Feature", "id": 7716, "geometry": {"type": "Point", "coordinates": [72.82518330465673, 19.21409091490935]}, "properties": {"OBJECTID": 7716, "NAME": "Praphulla Awate Healthcare", "TYPE": 4, "SUBTYPE": "General", "LOCATION": "156-43 RSC No. 15 Road, Kandivali West, Mumbai, Mumbai Suburban, Maharashtra, 400067", "ELEVATOR_CONTACT_LIST": null, "ELEVATOR_INTERCOM": null, "WORKING_HRS": null, "EMPLOYEE_QTY": null, "EMPLOYEE_MALE": null, "EMPLOYEE_FEMALE": null, "EMPLOYEE_DIF_ABLE": null, "WORKING_HRS_STR": null, "WORKING_HRS_STP": null, "VISITORS_QTY": null, "VISITING_HRS_STR": null, "VISITING_HRS_STP": null, "VISITORS_QTY_2": null, "VISITING_HRS_STR_2": null, "VISITING_HRS_STP_2": null}}, {"type": "Feature", "id": 7717, "geometry": {"type": "Point", "coordinates": [72.85231063637553, 19.219042917121737]}, "properties": {"OBJECTID": 7717, "NAME": "Arihant Heart Clinic", "TYPE": 4, "SUBTYPE": "Clinic", "LOCATION": "A-Ground Floor, Lancelot Apartment,opposite kalyan jewellers S.V. Road, Borivali West, Mumbai, Maharashtra 400092", "ELEVATOR_CONTACT_LIST": null, "ELEVATOR_INTERCOM": null, "WORKING_HRS": null, "EMPLOYEE_QTY": null, "EMPLOYEE_MALE": null, "EMPLOYEE_FEMALE": null, "EMPLOYEE_DIF_ABLE": null, "WORKING_HRS_STR": null, "WORKING_HRS_STP": null, "VISITORS_QTY": null, "VISITING_HRS_STR": null, "VISITING_HRS_STP": null, "VISITORS_QTY_2": null, "VISITING_HRS_STR_2": null, "VISITING_HRS_STP_2": null}}, {"type": "Feature", "id": 7718, "geometry": {"type": "Point", "coordinates": [72.93608345009929, 19.147306831903304]}, "properties": {"OBJECTID": 7718, "NAME": "Padmani Nursing home", "TYPE": 4, "SUBTYPE": "Nursing Home", "LOCATION": "109/110 R.R. REALTY, TANK ROAD, FIRST FLOOR, above Axis Bank, Bhandup West, Mumbai, Maharashtra 400078", "ELEVATOR_CONTACT_LIST": null, "ELEVATOR_INTERCOM": null, "WORKING_HRS": null, "EMPLOYEE_QTY": null, "EMPLOYEE_MALE": null, "EMPLOYEE_FEMALE": null, "EMPLOYEE_DIF_ABLE": null, "WORKING_HRS_STR": null, "WORKING_HRS_STP": null, "VISITORS_QTY": null, "VISITING_HRS_STR": null, "VISITING_HRS_STP": null, "VISITORS_QTY_2": null, "VISITING_HRS_STR_2": null, "VISITING_HRS_STP_2": null}}, {"type": "Feature", "id": 7720, "geometry": {"type": "Point", "coordinates": [72.93038011522314, 19.11635155560732]}, "properties": {"OBJECTID": 7720, "NAME": "Shakuntala Nursing Home", "TYPE": 4, "SUBTYPE": "Nursing Home", "LOCATION": "MHADA Colony Tagore Nagar (Vikhroli East)", "ELEVATOR_CONTACT_LIST": null, "ELEVATOR_INTERCOM": null, "WORKING_HRS": null, "EMPLOYEE_QTY": null, "EMPLOYEE_MALE": null, "EMPLOYEE_FEMALE": null, "EMPLOYEE_DIF_ABLE": null, "WORKING_HRS_STR": null, "WORKING_HRS_STP": null, "VISITORS_QTY": null, "VISITING_HRS_STR": null, "VISITING_HRS_STP": null, "VISITORS_QTY_2": null, "VISITING_HRS_STR_2": null, "VISITING_HRS_STP_2": null}}, {"type": "Feature", "id": 7721, "geometry": {"type": "Point", "coordinates": [72.94670510462893, 19.18656662455527]}, "properties": {"OBJECTID": 7721, "NAME": "Manisha Universal Hospital", "TYPE": 4, "SUBTYPE": "General", "LOCATION": "Manisha Tower. 2nd floor, Vaishali nagar, LBS Road, near HP Petrol Pump, Mulund, Maharashtra 400080", "ELEVATOR_CONTACT_LIST": null, "ELEVATOR_INTERCOM": null, "WORKING_HRS": null, "EMPLOYEE_QTY": null, "EMPLOYEE_MALE": null, "EMPLOYEE_FEMALE": null, "EMPLOYEE_DIF_ABLE": null, "WORKING_HRS_STR": null, "WORKING_HRS_STP": null, "VISITORS_QTY": null, "VISITING_HRS_STR": null, "VISITING_HRS_STP": null, "VISITORS_QTY_2": null, "VISITING_HRS_STR_2": null, "VISITING_HRS_STP_2": null}}, {"type": "Feature", "id": 8035, "geometry": {"type": "Point", "coordinates": [72.822849976682, 19.21936268665226]}, "properties": {"OBJECTID": 8035, "NAME": "Reena Mokal Hospital", "TYPE": 4, "SUBTYPE": "General", "LOCATION": "Ground Floor, Plot No.6, RSC Rd Number 7, behind Sai Prem Apt, Kandivali, Sector 8, Kandivali West, Mumbai,", "ELEVATOR_CONTACT_LIST": null, "ELEVATOR_INTERCOM": null, "WORKING_HRS": null, "EMPLOYEE_QTY": null, "EMPLOYEE_MALE": null, "EMPLOYEE_FEMALE": null, "EMPLOYEE_DIF_ABLE": null, "WORKING_HRS_STR": null, "WORKING_HRS_STP": null, "VISITORS_QTY": null, "VISITING_HRS_STR": null, "VISITING_HRS_STP": null, "VISITORS_QTY_2": null, "VISITING_HRS_STR_2": null, "VISITING_HRS_STP_2": null}}, {"type": "Feature", "id": 8036, "geometry": {"type": "Point", "coordinates": [72.93184246452147, 19.116582955605953]}, "properties": {"OBJECTID": 8036, "NAME": "Ruby Medical Center", "TYPE": 4, "SUBTYPE": "General", "LOCATION": "MHADA Colony Tagore Nagar (Vikhroli East)", "ELEVATOR_CONTACT_LIST": null, "ELEVATOR_INTERCOM": null, "WORKING_HRS": null, "EMPLOYEE_QTY": null, "EMPLOYEE_MALE": null, "EMPLOYEE_FEMALE": null, "EMPLOYEE_DIF_ABLE": null, "WORKING_HRS_STR": null, "WORKING_HRS_STP": null, "VISITORS_QTY": null, "VISITING_HRS_STR": null, "VISITING_HRS_STP": null, "VISITORS_QTY_2": null, "VISITING_HRS_STR_2": null, "VISITING_HRS_STP_2": null}}, {"type": "Feature", "id": 8037, "geometry": {"type": "Point", "coordinates": [72.86287938187343, 19.02291666926935]}, "properties": {"OBJECTID": 8037, "NAME": "Sai Multispeciality", "TYPE": 4, "SUBTYPE": "Speciality", "LOCATION": "Nityanand Nagar, Behind Dosti Estate, Shaikh Misree Marg, KP Munot Nagar Nagar, Antop Hill, Mumbai, Maharashtra 400037", "ELEVATOR_CONTACT_LIST": null, "ELEVATOR_INTERCOM": null, "WORKING_HRS": null, "EMPLOYEE_QTY": null, "EMPLOYEE_MALE": null, "EMPLOYEE_FEMALE": null, "EMPLOYEE_DIF_ABLE": null, "WORKING_HRS_STR": null, "WORKING_HRS_STP": null, "VISITORS_QTY": null, "VISITING_HRS_STR": null, "VISITING_HRS_STP": null, "VISITORS_QTY_2": null, "VISITING_HRS_STR_2": null, "VISITING_HRS_STP_2": null}}, {"type": "Feature", "id": 8038, "geometry": {"type": "Point", "coordinates": [72.85242305360501, 19.08021608650842]}, "properties": {"OBJECTID": 8038, "NAME": "Shastri Nursing Home", "TYPE": 4, "SUBTYPE": "Nursing Home", "LOCATION": "Sree Kiran Kunj, Pipe Line Road, Santacruz East, Mumbai, Mumbai Suburban, Maharashtra, 400055", "ELEVATOR_CONTACT_LIST": null, "ELEVATOR_INTERCOM": null, "WORKING_HRS": null, "EMPLOYEE_QTY": null, "EMPLOYEE_MALE": null, "EMPLOYEE_FEMALE": null, "EMPLOYEE_DIF_ABLE": null, "WORKING_HRS_STR": null, "WORKING_HRS_STP": null, "VISITORS_QTY": null, "VISITING_HRS_STR": null, "VISITING_HRS_STP": null, "VISITORS_QTY_2": null, "VISITING_HRS_STR_2": null, "VISITING_HRS_STP_2": null}}, {"type": "Feature", "id": 8039, "geometry": {"type": "Point", "coordinates": [72.85071984508983, 19.082190554523713]}, "properties": {"OBJECTID": 8039, "NAME": "Dattatraya Nursing Home", "TYPE": 4, "SUBTYPE": "Nursing Home", "LOCATION": "Anand Nagar (Santacruz East)", "ELEVATOR_CONTACT_LIST": null, "ELEVATOR_INTERCOM": null, "WORKING_HRS": null, "EMPLOYEE_QTY": null, "EMPLOYEE_MALE": null, "EMPLOYEE_FEMALE": null, "EMPLOYEE_DIF_ABLE": null, "WORKING_HRS_STR": null, "WORKING_HRS_STP": null, "VISITORS_QTY": null, "VISITING_HRS_STR": null, "VISITING_HRS_STP": null, "VISITORS_QTY_2": null, "VISITING_HRS_STR_2": null, "VISITING_HRS_STP_2": null}}, {"type": "Feature", "id": 8040, "geometry": {"type": "Point", "coordinates": [72.86064438631668, 19.075592321605647]}, "properties": {"OBJECTID": 8040, "NAME": "Durga Nursing Home", "TYPE": 4, "SUBTYPE": "Nursing Home", "LOCATION": "Yashwant Nagar,Vidyanagari", "ELEVATOR_CONTACT_LIST": null, "ELEVATOR_INTERCOM": null, "WORKING_HRS": null, "EMPLOYEE_QTY": null, "EMPLOYEE_MALE": null, "EMPLOYEE_FEMALE": null, "EMPLOYEE_DIF_ABLE": null, "WORKING_HRS_STR": null, "WORKING_HRS_STP": null, "VISITORS_QTY": null, "VISITING_HRS_STR": null, "VISITING_HRS_STP": null, "VISITORS_QTY_2": null, "VISITING_HRS_STR_2": null, "VISITING_HRS_STP_2": null}}, {"type": "Feature", "id": 8041, "geometry": {"type": "Point", "coordinates": [72.85817379695914, 19.077235259363786]}, "properties": {"OBJECTID": 8041, "NAME": "Niron Hospital", "TYPE": 4, "SUBTYPE": "General", "LOCATION": "Mathuradas Colony,near Vishwakarma Hall, Kolivery Village, Kadamwadi, Vakola, Santacruz East, Mumbai, Maharashtra 400029", "ELEVATOR_CONTACT_LIST": null, "ELEVATOR_INTERCOM": null, "WORKING_HRS": null, "EMPLOYEE_QTY": null, "EMPLOYEE_MALE": null, "EMPLOYEE_FEMALE": null, "EMPLOYEE_DIF_ABLE": null, "WORKING_HRS_STR": null, "WORKING_HRS_STP": null, "VISITORS_QTY": null, "VISITING_HRS_STR": null, "VISITING_HRS_STP": null, "VISITORS_QTY_2": null, "VISITING_HRS_STR_2": null, "VISITING_HRS_STP_2": null}}, {"type": "Feature", "id": 8355, "geometry": {"type": "Point", "coordinates": [72.84738250219023, 19.193770485537623]}, "properties": {"OBJECTID": 8355, "NAME": "Riddhi Vinayak Critical Care & Cardiac Center\r\n", "TYPE": 4, "SUBTYPE": "General", "LOCATION": "559/1, Ridhi Vinayak Temple Lane, SV Rd, Bhadran Nagar, Kandivali West, Mumbai, Maharashtra 400064", "ELEVATOR_CONTACT_LIST": null, "ELEVATOR_INTERCOM": null, "WORKING_HRS": null, "EMPLOYEE_QTY": null, "EMPLOYEE_MALE": null, "EMPLOYEE_FEMALE": null, "EMPLOYEE_DIF_ABLE": null, "WORKING_HRS_STR": null, "WORKING_HRS_STP": null, "VISITORS_QTY": null, "VISITING_HRS_STR": null, "VISITING_HRS_STP": null, "VISITORS_QTY_2": null, "VISITING_HRS_STR_2": null, "VISITING_HRS_STP_2": null}}, {"type": "Feature", "id": 8356, "geometry": {"type": "Point", "coordinates": [72.82170707244373, 19.202283956071895]}, "properties": {"OBJECTID": 8356, "NAME": "Yashasvi Hospital", "TYPE": 4, "SUBTYPE": "Clinic", "LOCATION": "17, 1st floor, Shakti Towers, Above Bhoomi Mart Opp. Billabong School, Jankalyan-Charkop Road, Malad - Marve Rd, Jankalyan Nagar, Mumbai, Maharashtra 400095", "ELEVATOR_CONTACT_LIST": null, "ELEVATOR_INTERCOM": null, "WORKING_HRS": null, "EMPLOYEE_QTY": null, "EMPLOYEE_MALE": null, "EMPLOYEE_FEMALE": null, "EMPLOYEE_DIF_ABLE": null, "WORKING_HRS_STR": null, "WORKING_HRS_STP": null, "VISITORS_QTY": null, "VISITING_HRS_STR": null, "VISITING_HRS_STP": null, "VISITORS_QTY_2": null, "VISITING_HRS_STR_2": null, "VISITING_HRS_STP_2": null}}, {"type": "Feature", "id": 8357, "geometry": {"type": "Point", "coordinates": [72.86412735587007, 19.11010338522096]}, "properties": {"OBJECTID": 8357, "NAME": "Goel Hospital", "TYPE": 4, "SUBTYPE": "General", "LOCATION": "Wireless Rd, Ekta Nagar, J B Nagar, Andheri East, Andheri, Maharashtra 400059\r\n", "ELEVATOR_CONTACT_LIST": null, "ELEVATOR_INTERCOM": null, "WORKING_HRS": null, "EMPLOYEE_QTY": null, "EMPLOYEE_MALE": null, "EMPLOYEE_FEMALE": null, "EMPLOYEE_DIF_ABLE": null, "WORKING_HRS_STR": null, "WORKING_HRS_STP": null, "VISITORS_QTY": null, "VISITING_HRS_STR": null, "VISITING_HRS_STP": null, "VISITORS_QTY_2": null, "VISITING_HRS_STR_2": null, "VISITING_HRS_STP_2": null}}, {"type": "Feature", "id": 8358, "geometry": {"type": "Point", "coordinates": [72.89828286214644, 19.09388343537287]}, "properties": {"OBJECTID": 8358, "NAME": "Disha Hospital", "TYPE": 4, "SUBTYPE": "General", "LOCATION": "Om Sri Sai Dham CHS, Andheri - Ghatkopar Road Asalpha, Jambhulpada, Sakinaka, Ghatkopar West, Mumbai, Maharashtra 400084", "ELEVATOR_CONTACT_LIST": null, "ELEVATOR_INTERCOM": null, "WORKING_HRS": null, "EMPLOYEE_QTY": null, "EMPLOYEE_MALE": null, "EMPLOYEE_FEMALE": null, "EMPLOYEE_DIF_ABLE": null, "WORKING_HRS_STR": null, "WORKING_HRS_STP": null, "VISITORS_QTY": null, "VISITING_HRS_STR": null, "VISITING_HRS_STP": null, "VISITORS_QTY_2": null, "VISITING_HRS_STR_2": null, "VISITING_HRS_STP_2": null}}, {"type": "Feature", "id": 8359, "geometry": {"type": "Point", "coordinates": [72.93994811842448, 19.152255252348763]}, "properties": {"OBJECTID": 8359, "NAME": "Bhatia Hospital ", "TYPE": 4, "SUBTYPE": "General", "LOCATION": "Shraddha Building, Bhandup Village Rd, Kukreja, Govind Nagar, Bhandup West, Mumbai, Maharashtra 400078", "ELEVATOR_CONTACT_LIST": null, "ELEVATOR_INTERCOM": null, "WORKING_HRS": null, "EMPLOYEE_QTY": null, "EMPLOYEE_MALE": null, "EMPLOYEE_FEMALE": null, "EMPLOYEE_DIF_ABLE": null, "WORKING_HRS_STR": null, "WORKING_HRS_STP": null, "VISITORS_QTY": null, "VISITING_HRS_STR": null, "VISITING_HRS_STP": null, "VISITORS_QTY_2": null, "VISITING_HRS_STR_2": null, "VISITING_HRS_STP_2": null}}, {"type": "Feature", "id": 8360, "geometry": {"type": "Point", "coordinates": [72.95392368651319, 19.18051368847106]}, "properties": {"OBJECTID": 8360, "NAME": "Platinum Hospital Mulund", "TYPE": 4, "SUBTYPE": "General", "LOCATION": "Neptune Colorscape, Dumping Rd, BJ Nagar, Siddharth Nagar, Mulund West, Mumbai, Maharashtra 400080", "ELEVATOR_CONTACT_LIST": null, "ELEVATOR_INTERCOM": null, "WORKING_HRS": null, "EMPLOYEE_QTY": null, "EMPLOYEE_MALE": null, "EMPLOYEE_FEMALE": null, "EMPLOYEE_DIF_ABLE": null, "WORKING_HRS_STR": null, "WORKING_HRS_STP": null, "VISITORS_QTY": null, "VISITING_HRS_STR": null, "VISITING_HRS_STP": null, "VISITORS_QTY_2": null, "VISITING_HRS_STR_2": null, "VISITING_HRS_STP_2": null}}, {"type": "Feature", "id": 8361, "geometry": {"type": "Point", "coordinates": [72.91020963085789, 19.055631288314007]}, "properties": {"OBJECTID": 8361, "NAME": "Kolekar Hospital Nursing Home", "TYPE": 4, "SUBTYPE": "Nursing Home", "LOCATION": "FA-16 N.G. Acharya Marg, Chembur, Mumbai, Maharashtra 400071", "ELEVATOR_CONTACT_LIST": null, "ELEVATOR_INTERCOM": null, "WORKING_HRS": null, "EMPLOYEE_QTY": null, "EMPLOYEE_MALE": null, "EMPLOYEE_FEMALE": null, "EMPLOYEE_DIF_ABLE": null, "WORKING_HRS_STR": null, "WORKING_HRS_STP": null, "VISITORS_QTY": null, "VISITING_HRS_STR": null, "VISITING_HRS_STP": null, "VISITORS_QTY_2": null, "VISITING_HRS_STR_2": null, "VISITING_HRS_STP_2": null}}, {"type": "Feature", "id": 8362, "geometry": {"type": "Point", "coordinates": [72.90311964404788, 19.05956046403226]}, "properties": {"OBJECTID": 8362, "NAME": "Maa Hopital Private", "TYPE": 4, "SUBTYPE": "General", "LOCATION": "16th Road, Chembur, Nr. Ambedkar Garden ", "ELEVATOR_CONTACT_LIST": null, "ELEVATOR_INTERCOM": null, "WORKING_HRS": null, "EMPLOYEE_QTY": null, "EMPLOYEE_MALE": null, "EMPLOYEE_FEMALE": null, "EMPLOYEE_DIF_ABLE": null, "WORKING_HRS_STR": null, "WORKING_HRS_STP": null, "VISITORS_QTY": null, "VISITING_HRS_STR": null, "VISITING_HRS_STP": null, "VISITORS_QTY_2": null, "VISITING_HRS_STR_2": null, "VISITING_HRS_STP_2": null}}, {"type": "Feature", "id": 8363, "geometry": {"type": "Point", "coordinates": [72.88240110268578, 19.063002066776345]}, "properties": {"OBJECTID": 8363, "NAME": "Aryan Hospital & Medical Centre", "TYPE": 4, "SUBTYPE": "General", "LOCATION": "D-28, 29, Nehru Nagar, Station Road, Kurla (East), Mumbai, Maharashtra 400024", "ELEVATOR_CONTACT_LIST": null, "ELEVATOR_INTERCOM": null, "WORKING_HRS": null, "EMPLOYEE_QTY": null, "EMPLOYEE_MALE": null, "EMPLOYEE_FEMALE": null, "EMPLOYEE_DIF_ABLE": null, "WORKING_HRS_STR": null, "WORKING_HRS_STP": null, "VISITORS_QTY": null, "VISITING_HRS_STR": null, "VISITING_HRS_STP": null, "VISITORS_QTY_2": null, "VISITING_HRS_STR_2": null, "VISITING_HRS_STP_2": null}}, {"type": "Feature", "id": 8364, "geometry": {"type": "Point", "coordinates": [72.86649942023263, 19.24948236850117]}, "properties": {"OBJECTID": 8364, "NAME": "Aashapuri Hospital", "TYPE": 4, "SUBTYPE": "General", "LOCATION": "Chamunda Co-Op.Hsg.Soc.Ltd, Western Express Hwy, Rawalpada, Dahisar East, Mumbai, Maharashtra 400068", "ELEVATOR_CONTACT_LIST": null, "ELEVATOR_INTERCOM": null, "WORKING_HRS": null, "EMPLOYEE_QTY": null, "EMPLOYEE_MALE": null, "EMPLOYEE_FEMALE": null, "EMPLOYEE_DIF_ABLE": null, "WORKING_HRS_STR": null, "WORKING_HRS_STP": null, "VISITORS_QTY": null, "VISITING_HRS_STR": null, "VISITING_HRS_STP": null, "VISITORS_QTY_2": null, "VISITING_HRS_STR_2": null, "VISITING_HRS_STP_2": null}}, {"type": "Feature", "id": 8365, "geometry": {"type": "Point", "coordinates": [72.84430817305302, 19.174079762688116]}, "properties": {"OBJECTID": 8365, "NAME": "Lifeline Medicare", "TYPE": 4, "SUBTYPE": "General", "LOCATION": "Ground Floor, DLH Park, SV Rd, near MTNL Signal, Sunder Nagar, Goregaon West, Mumbai, Maharashtra 400062", "ELEVATOR_CONTACT_LIST": null, "ELEVATOR_INTERCOM": null, "WORKING_HRS": null, "EMPLOYEE_QTY": null, "EMPLOYEE_MALE": null, "EMPLOYEE_FEMALE": null, "EMPLOYEE_DIF_ABLE": null, "WORKING_HRS_STR": null, "WORKING_HRS_STP": null, "VISITORS_QTY": null, "VISITING_HRS_STR": null, "VISITING_HRS_STP": null, "VISITORS_QTY_2": null, "VISITING_HRS_STR_2": null, "VISITING_HRS_STP_2": null}}, {"type": "Feature", "id": 8366, "geometry": {"type": "Point", "coordinates": [72.86144250434651, 19.252586944938244]}, "properties": {"OBJECTID": 8366, "NAME": "Crystal Hospital", "TYPE": 4, "SUBTYPE": "General", "LOCATION": "Waman Rao Sawant Road, Maratha Colony, Dahisar East, Mumbai, Maharashtra 400068", "ELEVATOR_CONTACT_LIST": null, "ELEVATOR_INTERCOM": null, "WORKING_HRS": null, "EMPLOYEE_QTY": null, "EMPLOYEE_MALE": null, "EMPLOYEE_FEMALE": null, "EMPLOYEE_DIF_ABLE": null, "WORKING_HRS_STR": null, "WORKING_HRS_STP": null, "VISITORS_QTY": null, "VISITING_HRS_STR": null, "VISITING_HRS_STP": null, "VISITORS_QTY_2": null, "VISITING_HRS_STR_2": null, "VISITING_HRS_STP_2": null}}, {"type": "Feature", "id": 8367, "geometry": {"type": "Point", "coordinates": [72.94331604030967, 19.178499999135795]}, "properties": {"OBJECTID": 8367, "NAME": "Aastha Hopital", "TYPE": 4, "SUBTYPE": "General", "LOCATION": "87-6B, Agra Rd, Mulund Colony, Mulund West, Mumbai, Maharashtra 400080", "ELEVATOR_CONTACT_LIST": null, "ELEVATOR_INTERCOM": null, "WORKING_HRS": null, "EMPLOYEE_QTY": null, "EMPLOYEE_MALE": null, "EMPLOYEE_FEMALE": null, "EMPLOYEE_DIF_ABLE": null, "WORKING_HRS_STR": null, "WORKING_HRS_STP": null, "VISITORS_QTY": null, "VISITING_HRS_STR": null, "VISITING_HRS_STP": null, "VISITORS_QTY_2": null, "VISITING_HRS_STR_2": null, "VISITING_HRS_STP_2": null}}, {"type": "Feature", "id": 8676, "geometry": {"type": "Point", "coordinates": [72.87695821723196, 19.207398875013748]}, "properties": {"OBJECTID": 8676, "NAME": "E S I S Hospital", "TYPE": 2, "SUBTYPE": "General", "LOCATION": " kelipada road, thakur village, kandivali east, mumbai 400101", "ELEVATOR_CONTACT_LIST": null, "ELEVATOR_INTERCOM": null, "WORKING_HRS": null, "EMPLOYEE_QTY": null, "EMPLOYEE_MALE": null, "EMPLOYEE_FEMALE": null, "EMPLOYEE_DIF_ABLE": null, "WORKING_HRS_STR": null, "WORKING_HRS_STP": null, "VISITORS_QTY": null, "VISITING_HRS_STR": null, "VISITING_HRS_STP": null, "VISITORS_QTY_2": null, "VISITING_HRS_STR_2": null, "VISITING_HRS_STP_2": null}}, {"type": "Feature", "id": 8995, "geometry": {"type": "Point", "coordinates": [72.82110303558383, 18.971243468649096]}, "properties": {"OBJECTID": 8995, "NAME": "Nair Hospital Dental College", "TYPE": 1, "SUBTYPE": "Medical College", "LOCATION": "Dr Anandrao Nair Marg, Opp Maratha Mandir Theater, Mumbai Central, Mumbai, 400008", "ELEVATOR_CONTACT_LIST": null, "ELEVATOR_INTERCOM": null, "WORKING_HRS": null, "EMPLOYEE_QTY": null, "EMPLOYEE_MALE": null, "EMPLOYEE_FEMALE": null, "EMPLOYEE_DIF_ABLE": null, "WORKING_HRS_STR": null, "WORKING_HRS_STP": null, "VISITORS_QTY": null, "VISITING_HRS_STR": null, "VISITING_HRS_STP": null, "VISITORS_QTY_2": null, "VISITING_HRS_STR_2": null, "VISITING_HRS_STP_2": null}}, {"type": "Feature", "id": 9635, "geometry": {"type": "Point", "coordinates": [72.84233787252671, 19.039157280755465]}, "properties": {"OBJECTID": 9635, "NAME": "Shobha Nursing Home ", "TYPE": 4, "SUBTYPE": "Nursing Home", "LOCATION": "Mia Mohd Chhotani Road, Mahim, Mumbai. 44", "ELEVATOR_CONTACT_LIST": null, "ELEVATOR_INTERCOM": null, "WORKING_HRS": null, "EMPLOYEE_QTY": null, "EMPLOYEE_MALE": null, "EMPLOYEE_FEMALE": null, "EMPLOYEE_DIF_ABLE": null, "WORKING_HRS_STR": null, "WORKING_HRS_STP": null, "VISITORS_QTY": null, "VISITING_HRS_STR": null, "VISITING_HRS_STP": null, "VISITORS_QTY_2": null, "VISITING_HRS_STR_2": null, "VISITING_HRS_STP_2": null}}, {"type": "Feature", "id": 9955, "geometry": {"type": "Point", "coordinates": [72.92712742723725, 19.054330492909934]}, "properties": {"OBJECTID": 9955, "NAME": "Hrishikesh Hospital ", "TYPE": 4, "SUBTYPE": "General", "LOCATION": "No.20/21/22, Building No.52, DP Rd, Lallubhai Compound, Mankhurd, Mumbai - 400043. ", "ELEVATOR_CONTACT_LIST": null, "ELEVATOR_INTERCOM": null, "WORKING_HRS": null, "EMPLOYEE_QTY": null, "EMPLOYEE_MALE": null, "EMPLOYEE_FEMALE": null, "EMPLOYEE_DIF_ABLE": null, "WORKING_HRS_STR": null, "WORKING_HRS_STP": null, "VISITORS_QTY": null, "VISITING_HRS_STR": null, "VISITING_HRS_STP": null, "VISITORS_QTY_2": null, "VISITING_HRS_STR_2": null, "VISITING_HRS_STP_2": null}}, {"type": "Feature", "id": 10595, "geometry": {"type": "Point", "coordinates": [72.84626539078812, 18.990370568801133]}, "properties": {"OBJECTID": 10595, "NAME": "BMC Sewree Koliwada HBT Clinic", "TYPE": 1, "SUBTYPE": "Clinic", "LOCATION": "Sewree Koliwada Road, Sewree (E) 400015.", "ELEVATOR_CONTACT_LIST": null, "ELEVATOR_INTERCOM": null, "WORKING_HRS": null, "EMPLOYEE_QTY": null, "EMPLOYEE_MALE": null, "EMPLOYEE_FEMALE": null, "EMPLOYEE_DIF_ABLE": null, "WORKING_HRS_STR": null, "WORKING_HRS_STP": null, "VISITORS_QTY": null, "VISITING_HRS_STR": null, "VISITING_HRS_STP": null, "VISITORS_QTY_2": null, "VISITING_HRS_STR_2": null, "VISITING_HRS_STP_2": null}}, {"type": "Feature", "id": 10915, "geometry": {"type": "Point", "coordinates": [72.86216279579439, 19.253710225263852]}, "properties": {"OBJECTID": 10915, "NAME": "Pragati Hospital", "TYPE": 4, "SUBTYPE": "Speciality", "LOCATION": "R T Road, Dahisar East ", "ELEVATOR_CONTACT_LIST": null, "ELEVATOR_INTERCOM": null, "WORKING_HRS": null, "EMPLOYEE_QTY": null, "EMPLOYEE_MALE": null, "EMPLOYEE_FEMALE": null, "EMPLOYEE_DIF_ABLE": null, "WORKING_HRS_STR": null, "WORKING_HRS_STP": null, "VISITORS_QTY": null, "VISITING_HRS_STR": null, "VISITING_HRS_STP": null, "VISITORS_QTY_2": null, "VISITING_HRS_STR_2": null, "VISITING_HRS_STP_2": null}}, {"type": "Feature", "id": 11235, "geometry": {"type": "Point", "coordinates": [72.85013131680076, 19.005510485046674]}, "properties": {"OBJECTID": 11235, "NAME": "Group of Tuberculosis Hospital", "TYPE": 1, "SUBTYPE": "Speciality", "LOCATION": "Jerbai Wadia Road, Sewree, ", "ELEVATOR_CONTACT_LIST": null, "ELEVATOR_INTERCOM": null, "WORKING_HRS": null, "EMPLOYEE_QTY": null, "EMPLOYEE_MALE": null, "EMPLOYEE_FEMALE": null, "EMPLOYEE_DIF_ABLE": null, "WORKING_HRS_STR": null, "WORKING_HRS_STP": null, "VISITORS_QTY": null, "VISITING_HRS_STR": null, "VISITING_HRS_STP": null, "VISITORS_QTY_2": null, "VISITING_HRS_STR_2": null, "VISITING_HRS_STP_2": null}}, {"type": "Feature", "id": 11555, "geometry": {"type": "Point", "coordinates": [72.93199724810097, 19.147361559702386]}, "properties": {"OBJECTID": 11555, "NAME": "Dr Meena's Multispecility Hospital", "TYPE": 4, "SUBTYPE": "Speciality", "LOCATION": "Building No 11/A/B Tank Road, Satyavijay Society, Miniland, Pancsheel Nagar, Bhandup West", "ELEVATOR_CONTACT_LIST": null, "ELEVATOR_INTERCOM": null, "WORKING_HRS": null, "EMPLOYEE_QTY": null, "EMPLOYEE_MALE": null, "EMPLOYEE_FEMALE": null, "EMPLOYEE_DIF_ABLE": null, "WORKING_HRS_STR": null, "WORKING_HRS_STP": null, "VISITORS_QTY": null, "VISITING_HRS_STR": null, "VISITING_HRS_STP": null, "VISITORS_QTY_2": null, "VISITING_HRS_STR_2": null, "VISITING_HRS_STP_2": null}}, {"type": "Feature", "id": 11875, "geometry": {"type": "Point", "coordinates": [72.91432545757745, 19.096162745173746]}, "properties": {"OBJECTID": 11875, "NAME": "Shantiniketan Hospital", "TYPE": 4, "SUBTYPE": "General", "LOCATION": "E-1,Society, L B S Marg, Ghatkopar West", "ELEVATOR_CONTACT_LIST": null, "ELEVATOR_INTERCOM": null, "WORKING_HRS": null, "EMPLOYEE_QTY": null, "EMPLOYEE_MALE": null, "EMPLOYEE_FEMALE": null, "EMPLOYEE_DIF_ABLE": null, "WORKING_HRS_STR": null, "WORKING_HRS_STP": null, "VISITORS_QTY": null, "VISITING_HRS_STR": null, "VISITING_HRS_STP": null, "VISITORS_QTY_2": null, "VISITING_HRS_STR_2": null, "VISITING_HRS_STP_2": null}}, {"type": "Feature", "id": 12195, "geometry": {"type": "Point", "coordinates": [72.91851552687777, 19.063751871508504]}, "properties": {"OBJECTID": 12195, "NAME": "Shivaji Nagar Municaipal Hospital", "TYPE": 1, "SUBTYPE": "Health Post", "LOCATION": "Munsipalti Hospital, Govandi Slums, Raman Mama Nagar, Shivaji Nagar, Mumbai, Maharashtra 400043", "ELEVATOR_CONTACT_LIST": null, "ELEVATOR_INTERCOM": null, "WORKING_HRS": null, "EMPLOYEE_QTY": null, "EMPLOYEE_MALE": null, "EMPLOYEE_FEMALE": null, "EMPLOYEE_DIF_ABLE": null, "WORKING_HRS_STR": null, "WORKING_HRS_STP": null, "VISITORS_QTY": null, "VISITING_HRS_STR": null, "VISITING_HRS_STP": null, "VISITORS_QTY_2": null, "VISITING_HRS_STR_2": null, "VISITING_HRS_STP_2": null}}, {"type": "Feature", "id": 12515, "geometry": {"type": "Point", "coordinates": [72.83419972866596, 18.92620670164534]}, "properties": {"OBJECTID": 12515, "NAME": "Naval Dockyard Dispensary", "TYPE": 3, "SUBTYPE": "Dispensary", "LOCATION": "Naval Dockyard Building, Lion Gate, Fort, Mumbai 400001", "ELEVATOR_CONTACT_LIST": null, "ELEVATOR_INTERCOM": null, "WORKING_HRS": null, "EMPLOYEE_QTY": null, "EMPLOYEE_MALE": null, "EMPLOYEE_FEMALE": null, "EMPLOYEE_DIF_ABLE": null, "WORKING_HRS_STR": null, "WORKING_HRS_STP": null, "VISITORS_QTY": null, "VISITING_HRS_STR": null, "VISITING_HRS_STP": null, "VISITORS_QTY_2": null, "VISITING_HRS_STR_2": null, "VISITING_HRS_STP_2": null}}]}