{"type": "FeatureCollection", "name": "railways", "features": [{"type": "Feature", "id": 1, "geometry": {"type": "LineString", "coordinates": [[72.84878105902771, 19.177503139671078], [72.84876582940937, 19.177792492845512], [72.84871074456511, 19.17862201522185], [72.84868806191949, 19.1792311951952], [72.848658899095, 19.179856577463042], [72.84861029394314, 19.180805991380883], [72.84858437147616, 19.181548024419286], [72.84857789132839, 19.182351624070332], [72.84858113142717, 19.18286359494518], [72.84860507703063, 19.183051132616026], [72.84860605180485, 19.183638382468168], [72.84861333654547, 19.184014259620426], [72.84863994499156, 19.184459497993856], [72.8487186380222, 19.185208785198697], [72.84876406260251, 19.18560362714984], [72.84883219879269, 19.186260530972888], [72.84890033521303, 19.186931412536183], [72.84895973613344, 19.187443308560976], [72.84903486063091, 19.188046054277347], [72.84912046808637, 19.188771095291614], [72.84918161604745, 19.189253290401457], [72.84924975235697, 19.189745969262063], [72.8492920504472, 19.190059381920893], [72.84936509216797, 19.190444975972802], [72.84946416073007, 19.1910481288713], [72.84959528075045, 19.191660023515464], [72.8497147462467, 19.1922748308008], [72.84986334901556, 19.193061552517634], [72.85000321015129, 19.19378417025527], [72.85018095107812, 19.194696183385854], [72.85030332992258, 19.195343042968723], [72.8504839849012, 19.196310418557307], [72.85060053610952, 19.196887348031122], [72.85086679931356, 19.19832815546674]]}, "properties": {"OBJECTID": 1, "ID": 241, "WARD_ID": 15, "TYPE": "Railroad", "NAME": "Western Railway", "LKM": 2.32522401, "SHAPE.LEN": 2325.2239696083498}}, {"type": "Feature", "id": 2, "geometry": {"type": "LineString", "coordinates": [[72.84890183571017, 19.17740207315279], [72.84887600053955, 19.177892942280724], [72.84882091520569, 19.178722464721123], [72.84879823291047, 19.17933164474006], [72.84876906949128, 19.17995702704672], [72.84872046487668, 19.180906441042815], [72.84869454283772, 19.181648474135816], [72.84868806221755, 19.18245207382315], [72.84869130262587, 19.182964044724223], [72.84870876327113, 19.183730166635033], [72.84871541456369, 19.18407337673779], [72.84878328047546, 19.184845390938463], [72.84884442853371, 19.185304874869864], [72.84891431185427, 19.18575737074619], [72.84901738972367, 19.186424757383598], [72.84910823811735, 19.187221428734873], [72.84917462749112, 19.187894057431027], [72.84922878730666, 19.188433907084242], [72.84928993530824, 19.18895453898975], [72.84931090032275, 19.189317932864434], [72.84939650764659, 19.189994055738488], [72.8494646442205, 19.190423838729647], [72.84956422836692, 19.190989894950814], [72.84963585843037, 19.19135154175329], [72.84971971826216, 19.191781324827986], [72.84976250176484, 19.19208379486763], [72.8498174565758, 19.19236661567263], [72.84996605988941, 19.19315333645127], [72.85010592151684, 19.19387595415496], [72.85028366210274, 19.194787968134037], [72.85040604043512, 19.19543482767679], [72.85058669511746, 19.19640220321208], [72.85070324673316, 19.19697913175319], [72.85091424937096, 19.198120910630056], [72.8509656051659, 19.19834477836246]]}, "properties": {"OBJECTID": 2, "ID": 242, "WARD_ID": 15, "TYPE": "Railroad", "NAME": "Western Railway", "LKM": 2.33814125, "SHAPE.LEN": 2338.14120514809}}, {"type": "Feature", "id": 3, "geometry": {"type": "LineString", "coordinates": [[72.84867906110853, 19.177588490276634], [72.84866537960424, 19.177844337517193], [72.84858761170354, 19.178910403813475], [72.84856816988227, 19.17950986302588], [72.84854548823826, 19.180106082181386], [72.84851308491996, 19.18089023988373], [72.84850012288298, 19.181343884137757], [72.84848716202431, 19.182192848347526], [72.84847420054909, 19.182860354511952], [72.84849678538141, 19.18363838256213], [72.84850406987333, 19.18401425969459], [72.84854777667427, 19.18474561895313], [72.84860313872426, 19.185514858004286], [72.84866141399687, 19.18613840665611], [72.84873717208728, 19.186913473295824], [72.84879836164247, 19.187504970934647], [72.84888868919154, 19.188245071193652], [72.84898193011516, 19.188953120441735], [72.84913053247776, 19.18978354787624], [72.84925582595255, 19.190444976137652], [72.84935489410981, 19.191048129056494], [72.84948601467977, 19.191660022847564], [72.84960547975044, 19.19227483106776], [72.84975408200167, 19.19306155191957], [72.8498939436015, 19.19378416970537], [72.8500716848531, 19.19469618379763], [72.85011083861882, 19.19490313977229]]}, "properties": {"OBJECTID": 3, "ID": 243, "WARD_ID": 15, "TYPE": "Railroad", "NAME": "Western Railway", "LKM": 1.9307281299999999, "SHAPE.LEN": 1930.72814222785}}, {"type": "Feature", "id": 4, "geometry": {"type": "LineString", "coordinates": [[72.84884709161173, 19.177447883576363], [72.84882839045514, 19.177803194616633], [72.8487733049626, 19.178632717029913], [72.84875062254069, 19.179241897032618], [72.84872145994528, 19.179867279332562], [72.84867285514079, 19.18081669330062], [72.84864693294652, 19.181558726374217], [72.84864045214582, 19.182362326044977], [72.84864369243492, 19.18287429693705], [72.84866068584273, 19.1836361969984], [72.84866796974589, 19.184012075052596], [72.84869154135544, 19.18440650806327], [72.84877454484611, 19.185154625536494], [72.84884093383444, 19.18575562313726], [72.84890208219282, 19.186272760452518], [72.84895798865885, 19.186716520565103], [72.84903136646788, 19.187371678430964], [72.84908203241031, 19.187873091870163], [72.84917288074455, 19.188734405896376], [72.84923053453191, 19.18922184311623], [72.84937409502436, 19.190201902028022], [72.84941972561454, 19.19044279136564], [72.84951879439033, 19.19104594335088], [72.84964991461618, 19.191657837975548], [72.8497693793564, 19.192272646136956], [72.84991798240081, 19.193059366931628], [72.85005784377896, 19.19378198465074], [72.85023558500002, 19.19469399866069], [72.8503579631109, 19.19534085821668], [72.85053861841394, 19.196308233782414], [72.85065516887707, 19.196885162325724], [72.85092360266542, 19.198337712098077]]}, "properties": {"OBJECTID": 4, "ID": 244, "WARD_ID": 15, "TYPE": "Railroad", "NAME": "Western Railway", "LKM": 2.33227041, "SHAPE.LEN": 2332.2703927430703}}, {"type": "Feature", "id": 5, "geometry": {"type": "LineString", "coordinates": [[72.848736458732, 19.17754046103317], [72.8487237050498, 19.177782772247934], [72.848668620016, 19.178612293689085], [72.84864593815982, 19.179221474557107], [72.84861677519427, 19.179846855900415], [72.84856816981083, 19.18079626978479], [72.84854224715009, 19.18153830370283], [72.8485357668034, 19.18234190333328], [72.8485390067748, 19.182853874196674], [72.84856015984734, 19.183640567489228], [72.84856744447133, 19.1840164455362], [72.84861115155357, 19.18474780480679], [72.84866651296115, 19.185517042953137], [72.84872478846295, 19.186140592511105], [72.84880054686472, 19.186915658250335], [72.84886173664874, 19.187507155889968], [72.84895206353436, 19.188247256134144], [72.84904530473294, 19.188955305376314], [72.84919390742004, 19.189785732790405], [72.84931920019137, 19.190447161925103], [72.8494182685839, 19.191050314832133], [72.84954938939406, 19.191662208600683], [72.84966885375493, 19.19227701679135], [72.84981745726459, 19.193063737632237], [72.84995731819683, 19.19378635538543], [72.85013505885507, 19.194698369439077], [72.85017350725605, 19.194901594852563]]}, "properties": {"OBJECTID": 5, "ID": 245, "WARD_ID": 15, "TYPE": "Railroad", "NAME": "Western Railway", "LKM": 1.9358611300000002, "SHAPE.LEN": 1935.86110404797}}, {"type": "Feature", "id": 6, "geometry": {"type": "LineString", "coordinates": [[72.84282157784737, 19.01691243503213], [72.84351205757027, 19.017789231197902], [72.84451715540754, 19.019259667155804], [72.84530762693284, 19.0203101788204], [72.84584812682924, 19.021075465744], [72.84651491120381, 19.022098373738352], [72.84705288523591, 19.02290154561402], [72.84781817243655, 19.023977493941796], [72.84837130020672, 19.02478571706548], [72.84881876995995, 19.02547395852823], [72.84886886321608, 19.025551004772304], [72.84926539761524, 19.02611928626912], [72.84962404689158, 19.026639581080563], [72.85042469371216, 19.027811505135613], [72.85085234782852, 19.028426112310324], [72.85088689640351, 19.028475763782225], [72.85117735228019, 19.028877350060064], [72.85163702916908, 19.029521403526267], [72.85201840964868, 19.030069479815708], [72.85237453362984, 19.03058977370801], [72.85278874735633, 19.031193416334737], [72.85332770382118, 19.031951967329718], [72.8539967337386, 19.032930816289422], [72.85439635519388, 19.03349657264392], [72.85444351279091, 19.033566067582196], [72.85446914928127, 19.03360384817854], [72.8548229178213, 19.034125191414986], [72.85524394184662, 19.03484829149006], [72.85535947712398, 19.035018242988315], [72.85591158315577, 19.03583038437677], [72.85656099513432, 19.036794249100083], [72.85692101969133, 19.037322892563814], [72.85720357144112, 19.037753555275277], [72.85752459352797, 19.038213993115974], [72.85760233326974, 19.038325493677885], [72.8576410919883, 19.03837732565428], [72.85798742273529, 19.03884046648575], [72.85875853702254, 19.03990687954726], [72.85886545889088, 19.04003599223009], [72.85930295693747, 19.04064894633838], [72.85976779966803, 19.041316586935725], [72.86022124864485, 19.041991064149006], [72.86062684631003, 19.042583510459366], [72.86103700163659, 19.043162284695917], [72.86151095825403, 19.043813975629917], [72.86176844457351, 19.044203622498593], [72.86194162062066, 19.04447478024712], [72.86225379476762, 19.044957851724654], [72.86264840495126, 19.045545032321865], [72.86295984238365, 19.04602681624931], [72.863038390791, 19.046148327195706], [72.8635729522175, 19.046906976981205], [72.8643364864902, 19.04799057023076], [72.8652484213374, 19.04930235136556], [72.86583028158987, 19.05015775211121], [72.86616805242754, 19.050639913304096], [72.86642976057021, 19.051011203618245], [72.8666708412793, 19.051348974258072], [72.86695059739182, 19.05175765116954], [72.86714913503745, 19.052045143182564], [72.86732979686614, 19.05230071377121]]}, "properties": {"OBJECTID": 6, "ID": 182, "WARD_ID": 6, "TYPE": "Railroad", "NAME": "Central Railway", "LKM": 4.69270424, "SHAPE.LEN": 4692.704229241011}}, {"type": "Feature", "id": 7, "geometry": {"type": "LineString", "coordinates": [[72.85554876423883, 19.010732003962357], [72.85557793279268, 19.01084219752873], [72.85572376948956, 19.011369088709756], [72.8558931268952, 19.011844232714814], [72.85605778118433, 19.01226762727349], [72.85632122663837, 19.01282274461763], [72.85650469763178, 19.01319909559372]]}, "properties": {"OBJECTID": 7, "ID": 183, "WARD_ID": 6, "TYPE": "Railroad", "NAME": "Harbour Railway", "LKM": 0.29179698, "SHAPE.LEN": 291.796973305644}}, {"type": "Feature", "id": 8, "geometry": {"type": "MultiLineString", "coordinates": [[[72.85451563882428, 19.033584363016256], [72.85463040382852, 19.033752791129377], [72.85530090786585, 19.03475714550395], [72.85559940962636, 19.03523110266297], [72.85587495602451, 19.035655014026297], [72.85631473344782, 19.036329490596465], [72.85664074746326, 19.036753232841225], [72.85706457455154, 19.037370744616034], [72.8574154844931, 19.037908502954075], [72.85764562766971, 19.03823207017379], [72.85783931155409, 19.038496391731375], [72.85790130612884, 19.038582979917553], [72.8583588414087, 19.039239228648803], [72.85875760336816, 19.039806609054693], [72.85917459406754, 19.040412727162934], [72.85928852551554, 19.04056767483035], [72.85939106428405, 19.040715786296303], [72.85970095935511, 19.04115100581487], [72.85998123176216, 19.04154976805755], [72.86022504615721, 19.041902956722254], [72.86063975899971, 19.042493124042892], [72.86099522623074, 19.043001260493625], [72.86150108383065, 19.04371447490779], [72.86187933839983, 19.04425906974142], [72.86198871331241, 19.04443680331625], [72.86230088677503, 19.044938103521336], [72.862599387875, 19.045373323736715], [72.86273052576051, 19.045555699807046], [72.86294756595065, 19.045894077341263], [72.86324492872001, 19.04633670301031], [72.86367729991885, 19.046928009879707], [72.86418486724212, 19.047652616915077], [72.86465312710187, 19.0483259547566], [72.86484453323945, 19.048609645573062], [72.86530036112903, 19.04927966784649], [72.86638878471338, 19.050841670672447], [72.8673778981519, 19.05227979640884]], [[72.85448996026078, 19.033546677682697], [72.85451563882428, 19.033584363016256]], [[72.84290888770417, 19.016845176911858], [72.84317440999817, 19.01721636527106], [72.84393793862041, 19.018189718515725], [72.84422159118766, 19.01848018881739], [72.84444534425131, 19.01869256416593], [72.8455777201184, 19.020194240015254], [72.84563891470516, 19.02027229342333], [72.8463663155679, 19.021363395580615], [72.84646734363032, 19.02153851049264], [72.8466458265427, 19.02198640144606], [72.84674685466405, 19.022198559868972], [72.84684114699323, 19.022360204391877], [72.847373227652, 19.02317516303228], [72.84776386987501, 19.02371397895868], [72.84837003702117, 19.024522203044608], [72.84874384066137, 19.025165414366583], [72.849252348332, 19.025916389189838], [72.84942409576867, 19.02622620775229], [72.84990229441567, 19.026892992128058], [72.85091594156545, 19.02837810326139], [72.85108432193499, 19.028620570431325], [72.85165344597768, 19.029438897234737], [72.85224951080947, 19.030341413868605], [72.85274118089465, 19.031038506525228], [72.85323958484068, 19.031742334412897], [72.85390300220874, 19.032685262438342], [72.85448996026078, 19.033546677682697]]]}, "properties": {"OBJECTID": 8, "ID": 180, "WARD_ID": 6, "TYPE": "Railroad", "NAME": "Central Railway", "LKM": 4.6981334100000005, "SHAPE.LEN": 4698.13338537279}}, {"type": "Feature", "id": 9, "geometry": {"type": "MultiLineString", "coordinates": [[[72.85446914928127, 19.03360384817854], [72.85441582073044, 19.033625964552567]], [[72.85451563882428, 19.033584363016256], [72.85446914928127, 19.03360384817854]], [[72.86041932050787, 19.028495512834088], [72.86039075589132, 19.028542579917797], [72.8601473039695, 19.028971267732487], [72.85992237564719, 19.029354968510617], [72.85970273913182, 19.029720147349643], [72.8595307351078, 19.02996889144224], [72.85922871008216, 19.030321710886636], [72.85885952348465, 19.03078665108831], [72.85830911075341, 19.0313841085915], [72.85792805499584, 19.031713415451275], [72.85759404336768, 19.03198626937514], [72.85723651004615, 19.032245010735394], [72.85674254940346, 19.03255550112455], [72.85604159549922, 19.032917738387827], [72.85524185007112, 19.033279976010647], [72.85451563882428, 19.033584363016256]], [[72.8604717004034, 19.028409204629913], [72.86041937774975, 19.028495418654252], [72.86041932050787, 19.028495512834088]], [[72.86108259561898, 19.02478613420642], [72.86109464990301, 19.024906676561574], [72.86111846577609, 19.025076033968062], [72.86118726758339, 19.025512660547193], [72.86121637646757, 19.025713773065913], [72.86124548411664, 19.02605513492299], [72.86125077667256, 19.02629064808582], [72.86122696044374, 19.026526162010132], [72.86120049880093, 19.02671933536486], [72.86116080576421, 19.02694955653434], [72.86107877265067, 19.027235348621748], [72.86093587704825, 19.02759258781828], [72.86077710392875, 19.027902195250416], [72.86062362280234, 19.028158878174477], [72.8604717004034, 19.028409204629913]], [[72.86066539848169, 19.018579619624663], [72.86080885802475, 19.0189235773491], [72.86092264573873, 19.01922789303523], [72.86111581934027, 19.01980741477379], [72.86124283830213, 19.02041869093527], [72.86130105487852, 19.020828854805117], [72.86132487133429, 19.0211411082221], [72.86133016314734, 19.021511578654756], [72.86130899376062, 19.021757677178776], [72.86130370144433, 19.022257811925105], [72.86126136156284, 19.022660037145005], [72.86121902260683, 19.023041092460403], [72.86115551278786, 19.02355445887465], [72.8611052343995, 19.024102225781302], [72.86107877233562, 19.02446211155536], [72.86107877262424, 19.02459971525156], [72.86107877226924, 19.024747903420895], [72.86108259561898, 19.02478613420642]], [[72.8606487483629, 19.01853969844005], [72.86066539848169, 19.018579619624663]], [[72.85661877017527, 19.013107650455847], [72.85682894624726, 19.01340092048075], [72.85700624321957, 19.01362849571703], [72.85716236975563, 19.013811084780755], [72.85766779723008, 19.01444882249641], [72.85800386714666, 19.014853694227313], [72.85854898810258, 19.01550995633596], [72.85930316039457, 19.016428193638887], [72.8597424329519, 19.017010362001113], [72.8601975824946, 19.017703670747174], [72.86036694028301, 19.01801063270486], [72.86058922258192, 19.018396980381823], [72.86064196023345, 19.01852342335927], [72.8606487483629, 19.01853969844005]]]}, "properties": {"OBJECTID": 9, "ID": 177, "WARD_ID": 6, "TYPE": "Railroad", "NAME": "Harbour Railway", "LKM": 2.7447331200000002, "SHAPE.LEN": 2744.73311707335}}, {"type": "Feature", "id": 10, "geometry": {"type": "LineString", "coordinates": [[72.85661877017527, 19.013107650455847], [72.85642407510133, 19.012749951003833], [72.85620443889486, 19.012308032466095], [72.85595304833986, 19.011770850109126], [72.85581015268862, 19.011410964516543], [72.85563814831967, 19.010778518580526], [72.85562173545685, 19.01070905582561]]}, "properties": {"OBJECTID": 10, "ID": 178, "WARD_ID": 6, "TYPE": "Railroad", "NAME": "Harbour Railway", "LKM": 0.28662023000000003, "SHAPE.LEN": 286.620223695975}}, {"type": "Feature", "id": 11, "geometry": {"type": "MultiLineString", "coordinates": [[[72.86059362345206, 19.018582255323466], [72.86075654574486, 19.018927794234177], [72.86092170969553, 19.019390969828834], [72.86102942487534, 19.01975002002109], [72.86110482546195, 19.020026488820225], [72.86113354910336, 19.02017010935478], [72.86121613130005, 19.02072304753782], [72.86123587271337, 19.021500124829796], [72.86120888732871, 19.022157903156682], [72.8611802260619, 19.0227014158817], [72.86111559724995, 19.023401564981533], [72.86103660532235, 19.02406939857635], [72.86095761418164, 19.02474800441166], [72.8608893950485, 19.025193227738644], [72.860671140093, 19.026293847095868], [72.86064505407595, 19.026506816148242], [72.86062975553709, 19.026631719700152], [72.86059319663542, 19.027066286847216]], [[72.86057543749278, 19.018543684800722], [72.86059362345206, 19.018582255323466]], [[72.85661877017527, 19.013107650455847], [72.85686084657281, 19.013513310737448], [72.85730606968573, 19.014098563253757], [72.85777642613422, 19.014683816328507], [72.85821805795605, 19.015211620204322], [72.85887871185994, 19.016005122382023], [72.8592736676019, 19.016489840469855], [72.85960399412136, 19.01692429219656], [72.8598266055058, 19.017215122976587], [72.86008153057284, 19.01761725980894], [72.86042981045561, 19.01823482630307], [72.86056778643122, 19.018527457535303], [72.86057543749278, 19.018543684800722]]]}, "properties": {"OBJECTID": 11, "ID": 179, "WARD_ID": 6, "TYPE": "Railroad", "NAME": "Harbour Railway", "LKM": 1.69258529, "SHAPE.LEN": 1692.58529151021}}, {"type": "Feature", "id": 12, "geometry": {"type": "MultiLineString", "coordinates": [[[72.86059319663542, 19.027066286847216], [72.8607037476407, 19.026435146100194], [72.86080157116723, 19.02591904325733], [72.86089264842528, 19.02552774963786], [72.86108259561898, 19.02478613420642]], [[72.86108259561898, 19.02478613420642], [72.86128056832484, 19.024013173990753], [72.86150320127587, 19.02299108865144], [72.86162126352417, 19.02244462723632], [72.86168872787486, 19.02204658663622], [72.86178317834846, 19.021547349996073], [72.86183377632179, 19.021098711707985], [72.86183714963403, 19.020747897206654], [72.86182702968183, 19.020501652295422], [72.8617663118033, 19.020127224413688], [72.8616921008786, 19.01994169790012], [72.86141549758992, 19.01937499661341], [72.86126707536519, 19.01910851195241], [72.86118274502367, 19.01897021022575], [72.86094736934199, 19.01856476729514]], [[72.86094736934199, 19.01856476729514], [72.86092288171722, 19.01852258574885]], [[72.86092288171722, 19.01852258574885], [72.86091332101762, 19.018506116893466], [72.86059917829695, 19.017964990644714], [72.86016065970387, 19.017290346203385], [72.85910484165602, 19.01566108116156], [72.85877426583355, 19.015182084041925], [72.85866294938569, 19.01501004972193], [72.85847404960147, 19.014531052562905], [72.85791746827456, 19.013212123455222], [72.85741485796862, 19.012078721156946], [72.85707078955636, 19.011447929632393], [72.85679755912236, 19.010958812559295], [72.85668286972681, 19.010726060483407], [72.85664239095169, 19.01064173006874], [72.85658841933981, 19.010527039772835], [72.85656370257547, 19.01045289037682]]]}, "properties": {"OBJECTID": 12, "ID": 186, "WARD_ID": 6, "TYPE": "Railroad", "NAME": "Harbour Railway", "LKM": 1.98836585, "SHAPE.LEN": 1988.36589551999}}, {"type": "Feature", "id": 13, "geometry": {"type": "MultiLineString", "coordinates": [[[72.86094736934199, 19.01856476729514], [72.861425584154, 19.018528775991044], [72.86174148099026, 19.018495670741604], [72.86225067797598, 19.01845884077538], [72.86293656734173, 19.018410142730133], [72.86314142075534, 19.01840158327085], [72.86328244821188, 19.018401226968514], [72.86338373517167, 19.01840438540896], [72.86351396196001, 19.018431722904378], [72.86358575045004, 19.018454411158544], [72.86364385962571, 19.01848488908748], [72.86370810800453, 19.018525373935464], [72.86380010038926, 19.018601946253494], [72.86387540595037, 19.018676339330685], [72.86399374160563, 19.018816802627903], [72.86414787209821, 19.01901729267668], [72.86431945423533, 19.019241828838428], [72.86437068741562, 19.01931991788765], [72.86439403775164, 19.019372845652757], [72.86443148912528, 19.019466671120956], [72.86445248390915, 19.019540435362103], [72.86451350020833, 19.01990223772612], [72.8645332421932, 19.020043954860476], [72.8645553414161, 19.020245058462365], [72.86457081080717, 19.02038096877536], [72.86457854538546, 19.02045610627332], [72.8645807550225, 19.0205025146734], [72.86457965028416, 19.02055002830425], [72.86456749583765, 19.020624060655138], [72.86454650199803, 19.02067820382666], [72.86452197928526, 19.020721696409478], [72.86448793839794, 19.02078207036201], [72.86444816002687, 19.02082737469103], [72.86437739774676, 19.0208854923261], [72.8643034099008, 19.02093345061274], [72.8642050681409, 19.020969915054412], [72.86411680824209, 19.02099332272346], [72.86395092611234, 19.021037317165483], [72.86388573367263, 19.021061626412994], [72.86380567060006, 19.021105250810336], [72.86373656356919, 19.021146708454385], [72.86369015458042, 19.021188697706275], [72.86364927057869, 19.02124394577787], [72.86362164684252, 19.021293669229273], [72.86360507208848, 19.021334552793522], [72.86359291826476, 19.021375435991935], [72.86358739320181, 19.021405270285886], [72.86358076363172, 19.021443943837454], [72.86357855310423, 19.021491457291578], [72.86358076353928, 19.021565490343264], [72.8636017578363, 19.021694770431033], [72.86364595637463, 19.02188261488691], [72.86368021030847, 19.022042834398817], [72.863698994267, 19.0221246013917], [72.86371225378984, 19.022189794561427], [72.86372440883157, 19.022272666374086], [72.8637367251555, 19.02243133059354], [72.86374319318938, 19.02251465421605], [72.86375313748762, 19.022721281654107], [72.8637730270351, 19.02307376554181], [72.86379181136935, 19.023446138354025], [72.86383932453676, 19.02416325958367], [72.86385921370966, 19.02445938943572], [72.86386805381814, 19.02455552172704], [72.86387518086383, 19.024597997234224], [72.86389830664059, 19.02473322739262], [72.86394557712893, 19.025009647509645], [72.8639734385822, 19.02511826613938], [72.86399756727575, 19.025192066676908], [72.86402896884164, 19.025268933000845], [72.86406784650234, 19.02533296903277], [72.86412229099781, 19.025405133820005], [72.8641872310062, 19.025473444667387], [72.86427508695982, 19.02554698933675], [72.86441918142003, 19.02563410001657], [72.8646430551093, 19.02577280354457], [72.86474996654904, 19.02582669639573], [72.86484145080156, 19.025861534355077], [72.86493820964648, 19.025892458858266], [72.86504863481761, 19.02591658700716], [72.8651674673179, 19.025936837878877], [72.8654712290686, 19.025955251424875], [72.86571127532483, 19.02597292827437], [72.86579669649527, 19.025991799093852], [72.86587261509516, 19.026018507949285], [72.86593284174766, 19.026047023574176], [72.86605091323158, 19.026126877253297], [72.86610859407668, 19.026191130165145], [72.86617028735003, 19.026268345261894], [72.86624381769855, 19.026400342163765], [72.86639933915173, 19.02673795614445], [72.86651410964743, 19.02699462164903], [72.86659006291322, 19.027182285122965], [72.86660296907898, 19.02723509208833], [72.86661771069785, 19.027307790372433], [72.86662190603062, 19.02738831651501], [72.86661192067025, 19.02758857792808], [72.86657916647894, 19.027724084715263], [72.86653484872066, 19.027907428740924], [72.86648821074839, 19.02811485510079], [72.86644596898897, 19.02830272947204], [72.86642856527806, 19.02839533933137], [72.86641986399978, 19.02847614011488], [72.86640868056236, 19.0285657489041], [72.866416480742, 19.028685413781062], [72.86642787220906, 19.028739026136513], [72.86644956119059, 19.028829730062267], [72.8665006006053, 19.028964835415238], [72.866515612926, 19.02900987060164], [72.86653963121096, 19.02906841614326], [72.86661919354572, 19.029232043801034], [72.86667924027076, 19.029355139426567], [72.86675373547227, 19.029538282357382], [72.86678751246647, 19.029631730013215], [72.86686407219915, 19.029876045380092], [72.86708249203693, 19.030608991401763], [72.86714666712685, 19.030839796182402], [72.86716580699832, 19.030929867238463], [72.8671759399712, 19.03103007011749], [72.86718156963533, 19.03112576967475], [72.86718687655409, 19.031294198552047], [72.86717637375055, 19.031379971833786], [72.8671606584629, 19.03147229774508], [72.86710958513245, 19.031649091865166], [72.86673831705848, 19.032713785141045], [72.86653795024738, 19.03329524207572], [72.86651634249273, 19.03337970999802], [72.86650651991826, 19.033458285668562], [72.8665045558833, 19.03353686090698], [72.86650848483664, 19.03360364973496], [72.8665300932574, 19.033697939617706], [72.86655402376016, 19.033788823004304], [72.86657246317625, 19.03384657608199], [72.86668717245362, 19.03407875433103], [72.86685046113509, 19.034423502716223], [72.86702725521728, 19.03476530429091], [72.86718195050926, 19.03504817502902], [72.86749134037095, 19.035596237438433], [72.86757089737286, 19.035733252758696], [72.86764603536088, 19.035849642354226], [72.86774179874025, 19.035976345190832], [72.8679996237087, 19.036309307613273], [72.86810422708045, 19.036433062945857], [72.86819986154838, 19.03653241943626], [72.86826403734783, 19.036580832284272], [72.86833158911507, 19.036617985998724], [72.86839013515005, 19.03664388124049], [72.86845129974529, 19.03667194021962], [72.86849802452336, 19.03668548403687], [72.86861294073479, 19.036700217044697], [72.86879562838544, 19.036706109783488], [72.86900015737996, 19.03670333104377], [72.86933779745274, 19.03669874349082], [72.86960151533806, 19.03669874363404], [72.87040445537707, 19.036698744068413], [72.87123980818905, 19.03670021672357], [72.87175840428722, 19.036691377369678], [72.8719440387091, 19.036691377312756], [72.87217681785921, 19.036691377558896], [72.87255397896458, 19.036688430999078], [72.87314476551359, 19.03669137716525], [72.87332303333953, 19.03669137757045], [72.87340259100755, 19.03670169070835], [72.87347920190375, 19.036714949765013], [72.87355748066027, 19.03673246163551], [72.87368271035646, 19.036798759769283], [72.87373427549544, 19.03684001171196], [72.87380204654886, 19.036900416276698], [72.87384771791668, 19.03695787456648], [72.87388749644835, 19.037013859494195], [72.87392138189823, 19.03707868371564], [72.87394642817758, 19.03713614203019], [72.87395821438685, 19.03717739379162], [72.87397147374351, 19.03725400483723], [72.87397887236696, 19.037421055333905], [72.87397752450696, 19.03799110282494], [72.8739744206769, 19.03930334396356], [72.87394544134878, 19.04011528541594], [72.87394226697701, 19.040269823927257], [72.8739416153836, 19.040301522160618], [72.87395621764784, 19.040474139349765], [72.87397756779787, 19.040570214239406], [72.87401493033339, 19.04067963240804], [72.87404641206429, 19.040732102019764], [72.87407898015704, 19.04078638255301], [72.87415637311831, 19.040890463625274], [72.87426312312436, 19.040999882360627], [72.87436453571672, 19.041079944671658], [72.87447929210362, 19.041141325564237], [72.8747328231503, 19.041234731858996], [72.87563485933609, 19.041589674910664], [72.87632339617582, 19.04183786845341], [72.8775616942253, 19.042278211443747], [72.87834096805439, 19.04253174266293], [72.87849041810584, 19.042563768026135], [72.87866121826238, 19.04257177401141], [72.87878931751062, 19.042555761542594], [72.87890941108324, 19.04251839933982], [72.87901082410183, 19.042473030755783], [72.87911223612147, 19.04240097397003], [72.8792083109599, 19.042320911502774], [72.87928036766273, 19.042238180250067], [72.87933374246974, 19.042152781032332], [72.87936843613817, 19.04208873102925], [72.87938978588286, 19.04201133720164], [72.87941914249183, 19.041896581098577], [72.87945383555342, 19.04164571862904], [72.8796139609477, 19.04050082622069], [72.87969936038697, 19.039905695794822], [72.87980877909891, 19.03926786511824], [72.87992620358564, 19.038587335381102], [72.88003028543542, 19.037978860908293], [72.88012902859393, 19.037389067927656], [72.88015838467388, 19.037186243150384], [72.88017706649427, 19.03688467444689], [72.88016639138415, 19.03658310648462], [72.88013970401492, 19.03629488211235], [72.8800703162142, 19.03595861997008], [72.8799395480177, 19.035472908048966], [72.8797820917146, 19.034952501947682], [72.8796219666517, 19.034525502575004], [72.87947518606266, 19.034165221392477], [72.87927502998247, 19.033751565938694], [72.87896812345288, 19.033191129599093], [72.87871993017906, 19.03277747383557], [72.87857581814825, 19.032531948622026], [72.87845305596151, 19.03230510534722], [72.8783996805124, 19.032198355568276], [72.87836231865268, 19.03211028701649], [72.87833829970097, 19.03202488738086], [72.87815148756478, 19.031280306347206], [72.87809010663666, 19.03107481342333], [72.87783657505213, 19.030060689088323], [72.877772525045, 19.0297137524244], [72.87751899446185, 19.028304654029196], [72.87737755112593, 19.02756274286189], [72.87729215078386, 19.027133074646304], [72.87718540103351, 19.026548618943323], [72.87712668902998, 19.026223031888975], [72.87707331338169, 19.025884100662864], [72.87706530748281, 19.02572664471589], [72.87707331415686, 19.025558513635257], [72.8770973326782, 19.025382376581536], [72.877134694564, 19.025246270623054], [72.87718006349114, 19.02512617687967], [72.87722810122263, 19.025024764598474], [72.8772974883761, 19.02490733959646], [72.87741758228462, 19.02475522073435], [72.87742509329748, 19.02474770959807]], [[72.84923239212723, 19.01262684679472], [72.84923766139897, 19.012637730100856], [72.84930493152979, 19.0127676722211], [72.8494286993505, 19.012971793703336], [72.84962131815455, 19.013264146633475], [72.8498691876646, 19.01364656070045], [72.85010493326304, 19.013997040439587], [72.850241274021, 19.01419832610922], [72.85051137219543, 19.014558147355313], [72.85078194402084, 19.014881211903305], [72.85104067350082, 19.015150488212143], [72.85123886710338, 19.01533460975525], [72.85151967179297, 19.015593213606838], [72.85192446855335, 19.015957579048376], [72.85237773113154, 19.01637119021412], [72.85280214650828, 19.016753665757527], [72.85301708053471, 19.01693599303728], [72.85325815213046, 19.017116636580777], [72.85359147866072, 19.017352996263977], [72.85392506029476, 19.017569487474304], [72.85424037920687, 19.0177440379711], [72.85457326229454, 19.017933693977035], [72.85486993542985, 19.0180961048231], [72.85516128467002, 19.018266400363597], [72.8553372230567, 19.018394622323587], [72.85547692436091, 19.018497584681988], [72.85557749706632, 19.018556376618825], [72.85565746092199, 19.018593072129217], [72.8557240255201, 19.01861570273233], [72.85578655227677, 19.018627356948507], [72.85584394662834, 19.01863199734845], [72.85594946216814, 19.01863123457595], [72.85604468644026, 19.018618430134392], [72.85610758273877, 19.018601276179496], [72.85619894747536, 19.01856358798388], [72.85641900902294, 19.018428039055518], [72.85654332479577, 19.01834602491701], [72.85678786713807, 19.018174991973286], [72.85709438783111, 19.017976858672814], [72.85737571418927, 19.01778836857798], [72.85768131728553, 19.017580288510533], [72.8580753143668, 19.01732156840187], [72.8583513906281, 19.017135002042018], [72.85847345011084, 19.017065876083066], [72.85858780443235, 19.017027459418166], [72.85868087413421, 19.017019596513943], [72.85876748689785, 19.017026560832456], [72.85884142659432, 19.017044307790204], [72.85889652800148, 19.01706481722078], [72.8589535775269, 19.017096277831143], [72.85905081472265, 19.01717092675956], [72.8591126924378, 19.01723324285398], [72.85958340329863, 19.017754342940634], [72.85968732852051, 19.017877751530914], [72.85975195866482, 19.017969906236857], [72.85981236091249, 19.0180659854269], [72.85987769229577, 19.01818497344381], [72.85996456331668, 19.01833501051267], [72.86002407295646, 19.018419157092694], [72.86008493335471, 19.01847947395528], [72.86016472033351, 19.01853007495481], [72.86025516870309, 19.018563909196097], [72.86033017923474, 19.018579680839842], [72.86043975766, 19.018587904886697], [72.8604730517449, 19.018586682595124]], [[72.8604730517449, 19.018586682595124], [72.86052871703009, 19.018584639026532]], [[72.86052871703009, 19.018584639026532], [72.86052902963164, 19.01858462729059], [72.86059362345206, 19.018582255323466]], [[72.86059362345206, 19.018582255323466], [72.86066539848169, 19.018579619624663]], [[72.86066539848169, 19.018579619624663], [72.86083062707624, 19.01857355313967], [72.86094736934199, 19.01856476729514]]]}, "properties": {"OBJECTID": 13, "ID": 187, "WARD_ID": 6, "TYPE": "Mono", "NAME": "Mono Rail", "LKM": 7.9145708599999995, "SHAPE.LEN": 7914.570903069311}}, {"type": "Feature", "id": 14, "geometry": {"type": "MultiLineString", "coordinates": [[[72.85444351279091, 19.033566067582196], [72.85438933415887, 19.033586782143274]], [[72.85448996026078, 19.033546677682697], [72.85444351279091, 19.033566067582196]], [[72.8604730517449, 19.018586682595124], [72.86066337610295, 19.01906076307244], [72.86078098577558, 19.019479453232705], [72.86095504840267, 19.02017099834527], [72.8610115012108, 19.020453261760164], [72.86106324897399, 19.020834317042357], [72.86111499692718, 19.02128593826884], [72.86111970199106, 19.022217406690544], [72.8610820669123, 19.022598462236573], [72.86097386545882, 19.023379390852504], [72.86093623096549, 19.023788672473064], [72.86088918639088, 19.02442376478861], [72.86079980369236, 19.024936543122184], [72.86069160237322, 19.025524591198305], [72.86059751434713, 19.02625377178929], [72.8604846090294, 19.0271099701677], [72.86036229504825, 19.027792106468137], [72.86025879911922, 19.028210796244185], [72.86014589384082, 19.02849776467236], [72.85993890066001, 19.028977611944978], [72.85974602024265, 19.02934925849826], [72.8595437315532, 19.029730313432786], [72.85928028617678, 19.03015370879609], [72.85884277852905, 19.03074646125195], [72.85829236494176, 19.031343918703715], [72.85791130925524, 19.031673225535982], [72.85757729767896, 19.03194608033897], [72.85721976442782, 19.0322048216737], [72.85672580389749, 19.032515311124744], [72.85602485013047, 19.03287754924199], [72.8552251039263, 19.033239786797992], [72.85448996026078, 19.033546677682697]], [[72.86045834632526, 19.018550051936124], [72.8604730517449, 19.018586682595124]], [[72.85650469763178, 19.01319909559372], [72.85683400447161, 19.013735396184003], [72.85721035586235, 19.014266992034187], [72.85786896973059, 19.015057329237543], [72.85837704381834, 19.01565478610136], [72.85920031192609, 19.01668034230052], [72.85974602024866, 19.017334252765348], [72.85994830898142, 19.017621220543028], [72.8602211633303, 19.018105772143585], [72.86040463445482, 19.018416261300644], [72.8604518071958, 19.018533764377633], [72.86045834632526, 19.018550051936124]]]}, "properties": {"OBJECTID": 14, "ID": 184, "WARD_ID": 6, "TYPE": "Railroad", "NAME": "Harbour Railway", "LKM": 2.70211577, "SHAPE.LEN": 2702.1157653695404}}, {"type": "Feature", "id": 15, "geometry": {"type": "MultiLineString", "coordinates": [[[72.86092288171722, 19.01852258574885], [72.86159864788613, 19.018474448476713], [72.86214450031385, 19.01843688050806], [72.86255112649287, 19.018407046513914], [72.86293012892507, 19.01837942217526], [72.86317764119033, 19.018366162259433], [72.8633113416319, 19.018363952599174], [72.86339752871814, 19.018371687610745], [72.86345940646434, 19.01838052710995], [72.86352349502296, 19.018397101549674], [72.8635787432012, 19.01841699081816], [72.86362335618803, 19.01843699014948], [72.8636428302933, 19.018445719585184], [72.86374117264911, 19.018504282808646], [72.86380526001062, 19.018551795904582], [72.86385498352742, 19.018602625023163], [72.86393675117276, 19.018688811794956], [72.86405056230194, 19.01882914236341], [72.86414227376608, 19.018950688660016], [72.86423067109017, 19.019065604555948], [72.86427818467831, 19.019130797111465], [72.86433674735727, 19.019205935000684], [72.86437100160852, 19.019257867844743], [72.8644052551799, 19.019312010975366], [72.8644240395011, 19.01935399976408], [72.8644472437012, 19.01940372374653], [72.86446050366146, 19.019437977217805], [72.86447928815639, 19.01949764478563], [72.86449365238217, 19.019546263962976], [72.86450801680307, 19.019645710088543], [72.8645323267196, 19.019836868961665], [72.86456326542613, 19.0200589664392], [72.8645853646856, 19.020260070040923], [72.86460083410145, 19.020395980353694], [72.86460856869336, 19.0204711178517], [72.86461077833852, 19.020517526252174], [72.86460967360816, 19.020565039883945], [72.86459751917292, 19.020639072237895], [72.86457652532872, 19.02069321631666], [72.86455200263224, 19.020736708000797], [72.86451796173999, 19.020797082862696], [72.8644781833839, 19.02084238629543], [72.86440742110607, 19.020900503942315], [72.86433343326031, 19.020948462241112], [72.86423509149604, 19.020984926698493], [72.86414683159173, 19.0210083343815], [72.86398094945162, 19.02105232884975], [72.86391575700905, 19.021076638107683], [72.8638356939353, 19.021120262518043], [72.86376658690405, 19.021161720173374], [72.86372017791744, 19.021203709433095], [72.86367929487028, 19.021258957522836], [72.86365167019004, 19.02130868096832], [72.86363509544115, 19.021349564535775], [72.86362294162308, 19.021390447736714], [72.86361741656462, 19.021420282031993], [72.86361078700038, 19.021458955585196], [72.86360857648076, 19.02150646904042], [72.86361078692862, 19.02158050209295], [72.86363178124991, 19.021709782179578], [72.86367597982493, 19.021897626631674], [72.86371023378969, 19.022057846140893], [72.86372901776414, 19.022139613132193], [72.86374227729952, 19.02220480630092], [72.86375443235664, 19.02228767811305], [72.86376674870888, 19.022446342333154], [72.86377321676918, 19.022529665052858], [72.86378316109209, 19.02273629339584], [72.86380305070166, 19.023088777286137], [72.86382183510128, 19.02346115010147], [72.86386934839577, 19.02417827133531], [72.86388923762118, 19.02447440118905], [72.86389807679737, 19.02457053346958], [72.86391204320671, 19.024653770365965], [72.86392570161978, 19.024735172775426], [72.86396326978334, 19.02492191170765], [72.86398647477529, 19.02503572267247], [72.86401409864986, 19.025129645085663], [72.8640406173834, 19.025200362400312], [72.86406271695365, 19.02525340133148], [72.86409365602543, 19.025308648895056], [72.86413785397043, 19.02536831680609], [72.86420083688982, 19.025436824512717], [72.8642759751029, 19.025500913045622], [72.86433564299149, 19.025547320957383], [72.86447486844014, 19.025632403465906], [72.86462892747691, 19.025723774298545], [72.8646329580238, 19.02572616487521], [72.8646939603894, 19.025755785510682], [72.8647721037583, 19.025793728270905], [72.86487596959981, 19.025835716897323], [72.86496105242327, 19.025861131070545], [72.86504502939772, 19.02588323007452], [72.86516878534576, 19.025904224334077], [72.86530248602128, 19.025916379339474], [72.86570261471473, 19.025938793930006], [72.86580134415847, 19.02595524871829], [72.86588701150058, 19.02598488659832], [72.86592754671683, 19.026002574849894], [72.86594778505223, 19.026011405988648], [72.86601076743126, 19.026051184675804], [72.86607485519134, 19.02609759346416], [72.86613757749743, 19.026159896642586], [72.86617521145342, 19.02621081421772], [72.86621076628781, 19.02625891756999], [72.86627816926065, 19.026387093301974], [72.86646822235127, 19.026813609366634], [72.86659639868243, 19.02709869027207], [72.86662181229758, 19.027161673412408], [72.86663728256292, 19.027213606723187], [72.8666505414182, 19.02727769417487], [72.86666269654411, 19.027379351205678], [72.86666159090827, 19.027401450468968], [72.86665934722456, 19.027477416603684], [72.86664194351081, 19.027603589286088], [72.8666091893275, 19.027739096983613], [72.86656487254528, 19.027922441030007], [72.86651823461482, 19.028129866497235], [72.86647599192167, 19.028317741770167], [72.86645858918581, 19.02841035074151], [72.86644988697073, 19.028491151516675], [72.86643870354736, 19.028580760309055], [72.8664465037482, 19.028700425186738], [72.86645789617523, 19.028754037552247], [72.86657976038036, 19.02907505083766], [72.86667208557772, 19.029261666876184], [72.86671530227781, 19.029353992422877], [72.86675851911504, 19.02946006933493], [72.86680959229082, 19.02959561130149], [72.86687048812112, 19.029778299041002], [72.8670924635781, 19.030512977039056], [72.86712782160305, 19.030642626078926], [72.86716514532014, 19.03077423894323], [72.86718478909933, 19.030852814489865], [72.86720443263015, 19.03094710511188], [72.8672122906998, 19.031025680032222], [72.86722211221331, 19.031131755983655], [72.86722014766089, 19.031220153422314], [72.86721818315142, 19.031298728710382], [72.867206397297, 19.031394983165704], [72.86719068202335, 19.03148730908089], [72.86713960871751, 19.031664103211682], [72.8667683407733, 19.032728797464923], [72.86656797405116, 19.03331025353663], [72.86654636534742, 19.03339472235576], [72.86653654374643, 19.03347329713691], [72.86653457972464, 19.033551872376904], [72.86653850774013, 19.033618661194378], [72.86656011617924, 19.033712951075312], [72.86658404670005, 19.033803834459686], [72.86674083929205, 19.034092077036153], [72.86690412809958, 19.034436825385463], [72.86708092229689, 19.034778627823496], [72.86723561769463, 19.035061498526307], [72.86754500682416, 19.03560955995046], [72.86762456482745, 19.03574657526327], [72.8676997019106, 19.035862964830056], [72.86779546534031, 19.03598966764335], [72.86805329044164, 19.03632263000281], [72.86815789385223, 19.036446386212614], [72.86824187058272, 19.036518576836286], [72.86831553499626, 19.03656572174053], [72.86839656596747, 19.036604027368714], [72.86844665741464, 19.03662318052968], [72.86850158949461, 19.03663910256593], [72.86854831428076, 19.036652645466855], [72.86866323047772, 19.036667378441628], [72.86884591808816, 19.036673272030452], [72.86905044704751, 19.036670493230964], [72.86938808706228, 19.036665905579344], [72.86965180490343, 19.036665905645624], [72.87045474480796, 19.036665905845727], [72.871290097469, 19.036667379160352], [72.87180869348896, 19.036658538751734], [72.87199432787975, 19.036658538640648], [72.87222710699086, 19.036658538818877], [72.87260426708244, 19.036655592137972], [72.87319505447158, 19.036658539045984], [72.87337332226768, 19.036658539399166], [72.87345287993719, 19.03666885161107], [72.87352949081333, 19.036682111548952], [72.87359726108733, 19.03670863083131], [72.87372249078537, 19.036774928938037], [72.87377405592864, 19.03681618086994], [72.87384182698928, 19.036876585420668], [72.87388749836622, 19.036934043701415], [72.87392727691883, 19.03699002771829], [72.8739611623696, 19.037054852836757], [72.87398620866055, 19.03711231114703], [72.87399799487888, 19.037153562906827], [72.87401125425339, 19.037230173951336], [72.87401865291834, 19.037397224450586], [72.87401730521468, 19.037967271053354], [72.87401420075686, 19.03927951311845], [72.87398522259949, 19.040091453706054], [72.87398204730613, 19.040245993114244], [72.87398139572083, 19.040277691348575], [72.87398129556482, 19.0403942239817], [72.87399849390319, 19.04050216610863], [72.87402719483941, 19.04058198095485], [72.87408142327237, 19.040699180841557], [72.8741468385546, 19.040812977759792], [72.87424946300717, 19.040921903673574], [72.8743431172464, 19.041005998275157], [72.87447961906254, 19.04107998904273], [72.874697921092, 19.041177311870126], [72.87559995688777, 19.04153225505718], [72.87628849343372, 19.041780448703612], [72.87752679190562, 19.042220791891467], [72.87830606635663, 19.042474323239354], [72.87851005359731, 19.042521669927435], [72.87864515942246, 19.04252467251067], [72.87876225026478, 19.042514164545292], [72.87884331379283, 19.042497651218273], [72.87893188281197, 19.042466126785747], [72.87904747263745, 19.042404579059518], [72.87911052184488, 19.04235954368194], [72.87918107680004, 19.042293492236343], [72.8792261115619, 19.04224095137159], [72.87928165496511, 19.042158387173256], [72.87931918436688, 19.04209834055455], [72.87933353320399, 19.042031310858196], [72.87935488390394, 19.041953917045948], [72.87938423957227, 19.041839160938213], [72.8794189336027, 19.041588299391776], [72.87957905818625, 19.04044340701406], [72.87966445864666, 19.03984827662104], [72.87977387647896, 19.039210445959846], [72.87989130200134, 19.038529915358634], [72.87999538296836, 19.037921440899954], [72.88009412619252, 19.03733164794325], [72.88012348229672, 19.037128823173497], [72.8801421641508, 19.03682725538042], [72.88010150709559, 19.036358347524427], [72.88005947442876, 19.03610014614128], [72.87995939612911, 19.035677817125674], [72.87982329013904, 19.035205449367364], [72.87969519084814, 19.0348251530647], [72.87954307195263, 19.034422839045405], [72.87946100796617, 19.034228687947284], [72.87922882676769, 19.03373230136526], [72.87894060281117, 19.033213896661376], [72.87845622515489, 19.032373241421734], [72.87837015782662, 19.03219510331652], [72.87831011141941, 19.03204698729952], [72.8782080316779, 19.031664689561808], [72.87805391100547, 19.031080233579516], [72.87790979902273, 19.030513792724864], [72.8777556785658, 19.02985327730498], [72.87762757918554, 19.029150729803433], [72.87746545300888, 19.028266040689076], [72.87737538282376, 19.027769653568843], [72.87732334206422, 19.02749544016015], [72.8771712233407, 19.02670482362067], [72.877045125305, 19.026016287031613], [72.87701510186739, 19.02580011902394], [72.87700709574393, 19.025639993900114], [72.87701309975195, 19.02555592832395], [72.87704712677133, 19.025361776691643], [72.8771248795256, 19.02515786817221], [72.87713263074495, 19.025134892140542], [72.87720243562113, 19.02499640852901], [72.87722945666329, 19.024943492699897], [72.8773184008016, 19.02481964613396], [72.87741072225396, 19.02471156162028], [72.87741791659127, 19.02470527891185]], [[72.8492683631363, 19.012617045876812], [72.84931918727997, 19.012718693406512], [72.84956006927116, 19.0131098504371], [72.84992912671443, 19.013675591574255], [72.85024735602553, 19.014146306595812], [72.8503722169939, 19.014320890079752], [72.85053022662551, 19.014526413728166], [72.85068934169736, 19.014721992556815], [72.85080646788232, 19.014855692693192], [72.85090812421497, 19.014968398978155], [72.85103188008516, 19.01509325998696], [72.85120314998024, 19.015257899422675], [72.85139762324751, 19.01543579923994], [72.85170148884822, 19.015713144516383], [72.85197883442326, 19.015962866420622], [72.85260976826807, 19.016535237696278], [72.85277772347027, 19.016689932200478], [72.85296335654475, 19.016846837223], [72.85308932300129, 19.01694517945556], [72.85324401781445, 19.01706562041979], [72.85343517687625, 19.017200425845832], [72.85362080984339, 19.017331916061675], [72.85377219011639, 19.017435782987814], [72.85393241007222, 19.017535229826645], [72.85412025343872, 19.017643516025483], [72.85455671405616, 19.017883292976354], [72.85491693296864, 19.01808108175919], [72.85506499820774, 19.018165059115333], [72.85513129595796, 19.0182048380048], [72.8552285322983, 19.01826561107916], [72.85534013334676, 19.018349587704936], [72.85549593340232, 19.018464504638782], [72.85556720625466, 19.018510621532435], [72.85557107077754, 19.018513122360595], [72.85564731381238, 19.01854958681138], [72.85573129074774, 19.018578315097226], [72.85581416330174, 19.018593785053127], [72.85592024009047, 19.018598204517172], [72.85601858167216, 19.0185893654639], [72.85609261428806, 19.018572790558085], [72.85618985033037, 19.018534117283057], [72.85628377291175, 19.01848218351349], [72.85651692050965, 19.01832527862189], [72.85671139411761, 19.018194892697483], [72.85693500118693, 19.01804791814301], [72.85714343400313, 19.017910917303706], [72.85784790081617, 19.017434982897534], [72.85832574597576, 19.017110923622727], [72.85842519259019, 19.017049045364832], [72.85846607617985, 19.01703026154372], [72.8585224290945, 19.017009266944715], [72.85858099236617, 19.016993797931804], [72.85863734530726, 19.016984957649374], [72.8586881733951, 19.01698164273985], [72.85874121204685, 19.01698606281159], [72.85879535519068, 19.016990483020933], [72.8588450782794, 19.017003741947967], [72.8589127407743, 19.017030218474304], [72.85892132095873, 19.017033575974622], [72.85897214880463, 19.017061200576794], [72.85903623699285, 19.01710871337471], [72.85909811555868, 19.01715954173614], [72.85914562903392, 19.017209265155998], [72.85959755831114, 19.01771423385034], [72.85968153579711, 19.017809261062126], [72.85974893850936, 19.017895448383427], [72.85978871704566, 19.017955115565297], [72.85982518125212, 19.0180158887918], [72.8598616454835, 19.01807666201335], [72.85989589845427, 19.018133015224635], [72.85992794248668, 19.018200417803797], [72.85997987593402, 19.018287710341184], [72.86002076008344, 19.018347377645284], [72.86005722325552, 19.018394891769745], [72.86010694710664, 19.0184424050046], [72.86015556549246, 19.018478868405694], [72.86019423388083, 19.018500273820333], [72.86021744339784, 19.018513122402826], [72.86028705647473, 19.01853522217085], [72.8603588785237, 19.018546271631894], [72.86042628112713, 19.018551796091717], [72.86045834632526, 19.018550051936124]], [[72.86045834632526, 19.018550051936124], [72.86051175663147, 19.018547147641534]], [[72.86051175663147, 19.018547147641534], [72.86051207120141, 19.01854713050881], [72.86057543749278, 19.018543684800722]], [[72.86057543749278, 19.018543684800722], [72.8606487483629, 19.01853969844005]], [[72.8606487483629, 19.01853969844005], [72.86079202483342, 19.01853190729775], [72.86092288171722, 19.01852258574885]]]}, "properties": {"OBJECTID": 15, "ID": 188, "WARD_ID": 6, "TYPE": "Mono", "NAME": "Mono Rail", "LKM": 7.90985855, "SHAPE.LEN": 7909.85861072669}}, {"type": "Feature", "id": 16, "geometry": {"type": "MultiLineString", "coordinates": [[[72.8690775082637, 19.05142379091721], [72.86910857457208, 19.050986031080246], [72.86928183435192, 19.04929034940287], [72.86940481665866, 19.04832144378358], [72.86942236296039, 19.047446167437844], [72.86938398151455, 19.046807852020297], [72.86931652578494, 19.046170578391717], [72.86915034820916, 19.045357402242203], [72.86891360399228, 19.044482595014156], [72.86848589602685, 19.043313921343483], [72.86810519957645, 19.042541954703555], [72.86770927710187, 19.041943134429534], [72.86656931847541, 19.04048148394477], [72.86407030937278, 19.03765701081103], [72.86282730581667, 19.036281329409903], [72.86255478815679, 19.03594205194411], [72.86172186654665, 19.034744773787473], [72.86137713845724, 19.0340462778381], [72.86117077682235, 19.033601326854384], [72.86094329666386, 19.03296565933023], [72.8607794562629, 19.032420363611962], [72.86057251658289, 19.031560854218743], [72.86047949706244, 19.031005174728257], [72.86038733170875, 19.029922912665707], [72.86041123554907, 19.028976444619783], [72.8604717004034, 19.028409204629913]], [[72.8604717004034, 19.028409204629913], [72.86051456638185, 19.02800706658131], [72.86056853800415, 19.02735940838669], [72.86059319663542, 19.027066286847216]]]}, "properties": {"OBJECTID": 16, "ID": 181, "WARD_ID": 6, "TYPE": "Railroad", "NAME": "Harbour Railway", "LKM": 2.97627594, "SHAPE.LEN": 2976.27590931835}}, {"type": "Feature", "id": 17, "geometry": {"type": "MultiLineString", "coordinates": [[[72.86041932050787, 19.028495512834088], [72.86036700012691, 19.028983000207617], [72.86034299994137, 19.029930000036327], [72.86043600036209, 19.031011999887763], [72.8605290004357, 19.03156799982186], [72.86073599960687, 19.032426999588644], [72.8608990002397, 19.032972000173228], [72.86112700025805, 19.033607999838782], [72.86133300022874, 19.034052999965617], [72.86167999981306, 19.034754999864397], [72.86250100017999, 19.035962000232324], [72.86277400000914, 19.036300999726226], [72.86401700008719, 19.037677000272335], [72.86651600028652, 19.040500999753387], [72.86765599965742, 19.04196299966913], [72.8680510002241, 19.042561999985352], [72.86843199997233, 19.04333400002886], [72.8688600001958, 19.044501999717546], [72.86910447615364, 19.04537560278289], [72.86926429826997, 19.046182284236785], [72.86934401183815, 19.046811000009512], [72.86939061596047, 19.047444642906093], [72.8693610064698, 19.04832264240782], [72.86922799977141, 19.049309999809758], [72.8690550003617, 19.051005999632494], [72.86902465507936, 19.05143325734354]], [[72.86052871703009, 19.018584639026532], [72.86071299971383, 19.01899200012553], [72.86084999988644, 19.019451999874335], [72.86100899994851, 19.02010900033954], [72.86114500028899, 19.020721000160083], [72.86119199991829, 19.02150700023215], [72.86116500013054, 19.0221649996709], [72.86116300000963, 19.022186000059428], [72.86114900030027, 19.022468999602005], [72.86106999965374, 19.023272999828958], [72.86092100006519, 19.024601999993482], [72.86084999961186, 19.025071000310994], [72.86063099959385, 19.02626599964965], [72.86060100027865, 19.026513999918382], [72.86058600009807, 19.02663800003985], [72.86052499967411, 19.027366000126793], [72.8604709997553, 19.028014000303703], [72.86041932050787, 19.028495512834088]], [[72.86051175663147, 19.018547147641534], [72.86052871703009, 19.018584639026532]], [[72.85650469763178, 19.01319909559372], [72.85663099953338, 19.01331599958007], [72.85681399974014, 19.013598999572967], [72.85719100044616, 19.01413799981291], [72.85782699990594, 19.014903000232867], [72.8589719999471, 19.016288999794657], [72.8598300000546, 19.017333999713806], [72.86013499979124, 19.01783999963257], [72.86039000013557, 19.01827800035399], [72.86051175663147, 19.018547147641534]]]}, "properties": {"OBJECTID": 17, "ID": 185, "WARD_ID": 6, "TYPE": "Railroad", "NAME": "Harbour Railway", "LKM": 4.66377889, "SHAPE.LEN": 4663.77888412312}}, {"type": "Feature", "id": 18, "geometry": {"type": "MultiLineString", "coordinates": [[[72.83929302267971, 19.063143415106452], [72.83928539799155, 19.06322312460232], [72.83928486443234, 19.063227278736193]], [[72.83931344207049, 19.06292993825032], [72.83929302267971, 19.063143415106452]], [[72.84119451071078, 19.05362364994609], [72.8411335490695, 19.053819366570117], [72.84083810143686, 19.054647152804414], [72.84057193155755, 19.055432351991662], [72.84016735431439, 19.056427825360224], [72.83991183187777, 19.05717576011322], [72.83984262791331, 19.057404666203333], [72.83972191596322, 19.057945877015662], [72.83949123541898, 19.059021200642697], [72.83937412138665, 19.059670652969196], [72.8393386319226, 19.059908430664436], [72.83929604540856, 19.06036269293108], [72.83928539848701, 19.06085599313212], [72.83929249597037, 19.061548033651516], [72.8393208876691, 19.062122958464606], [72.83933508349764, 19.062534633590694], [72.83932443674792, 19.062814998892254], [72.83931344207049, 19.06292993825032]], [[72.84235659714142, 19.050663643426383], [72.84209144735738, 19.051246025782433]]]}, "properties": {"OBJECTID": 18, "ID": 213, "WARD_ID": 10, "TYPE": "Railroad", "NAME": "Western Railway", "LKM": 1.16288848, "SHAPE.LEN": 1162.88848744719}}, {"type": "Feature", "id": 19, "geometry": {"type": "MultiLineString", "coordinates": [[[72.84185342416124, 19.083711964013215], [72.8419261170933, 19.084184467155396], [72.84198999799395, 19.08462364632024], [72.84204589363094, 19.08511605999411], [72.84209646514745, 19.085531283424427], [72.84211509727935, 19.085824069826103], [72.84221091828529, 19.08650013987137], [72.84230141584844, 19.087112329103554], [72.84238126615817, 19.087716532590676], [72.84246111674558, 19.088347354022574], [72.84246658457403, 19.08838862446537]], [[72.83977869801087, 19.066768498436023], [72.83977514365728, 19.06685914072844]]]}, "properties": {"OBJECTID": 19, "ID": 214, "WARD_ID": 10, "TYPE": "Railroad", "NAME": "Western Railway", "LKM": 0.53195075, "SHAPE.LEN": 531.950703981613}}, {"type": "Feature", "id": 20, "geometry": {"type": "LineString", "coordinates": [[72.8424346528468, 19.050720142577568], [72.84228793213452, 19.051035764120044], [72.84200530566574, 19.051646112610996], [72.84167919546876, 19.052392700136817], [72.84154078748324, 19.052752028108852], [72.84136245445609, 19.05328170518854], [72.84119476766566, 19.05381936668067], [72.84075292707448, 19.05505705375764], [72.84033504092871, 19.056185611001432], [72.8402478993049, 19.056438710563487]]}, "properties": {"OBJECTID": 20, "ID": 215, "WARD_ID": 10, "TYPE": "Railroad", "NAME": "Western Railway", "LKM": 0.67426759, "SHAPE.LEN": 674.267545824949}}, {"type": "Feature", "id": 21, "geometry": {"type": "MultiLineString", "coordinates": [[[72.84175298296884, 19.08240923956175], [72.84182260728713, 19.082955160224397], [72.84189979557857, 19.083522100557186], [72.84205151197374, 19.084655981626568], [72.84217661151493, 19.0854837672025], [72.84221919887966, 19.08602142969282], [72.84228307930147, 19.086569738021538], [72.84238422404816, 19.087240484287932], [72.84255723407475, 19.08853140480854], [72.84272758205154, 19.089862251263565], [72.8427398705542, 19.08998513551907]], [[72.83934883198539, 19.063757950838713], [72.83936702301058, 19.063844186237507], [72.83953737142478, 19.064546872978433], [72.83964738788303, 19.065065015394268], [72.83976095378888, 19.0658848173977], [72.8398851659997, 19.067002727426182], [72.84001647634972, 19.067939643532057], [72.84014671348656, 19.068707857207748], [72.84020681394536, 19.069074895623185], [72.84030011933712, 19.06988625223256], [72.8403533524988, 19.07075928680231], [72.84034085440877, 19.071105073777982]]]}, "properties": {"OBJECTID": 21, "ID": 217, "WARD_ID": 10, "TYPE": "Railroad", "NAME": "Western Railway", "LKM": 1.6668744, "SHAPE.LEN": 1666.8743967125702}}, {"type": "Feature", "id": 22, "geometry": {"type": "LineString", "coordinates": [[72.841893151424, 19.084227230296502], [72.84192345503806, 19.08442668119962], [72.8420112909071, 19.08523051231274], [72.84201661488899, 19.08537956715543], [72.84202193821105, 19.0855259601026], [72.84203299793707, 19.08567360982903], [72.84208290386685, 19.085981035768878], [72.84225595176747, 19.087175801064078]]}, "properties": {"OBJECTID": 22, "ID": 218, "WARD_ID": 10, "TYPE": "Railroad", "NAME": "Western Railway", "LKM": 0.32888384, "SHAPE.LEN": 328.88388112426503}}, {"type": "Feature", "id": 23, "geometry": {"type": "LineString", "coordinates": [[72.84246225055095, 19.050740117436728], [72.8424471044104, 19.050772393410792], [72.84206767901401, 19.051636529678888], [72.84178300184301, 19.052358097708307], [72.84162862344124, 19.052866481139237], [72.84150564912683, 19.05328545360193]]}, "properties": {"OBJECTID": 23, "ID": 219, "WARD_ID": 10, "TYPE": "Railroad", "NAME": "Western Railway", "LKM": 0.29967127, "SHAPE.LEN": 299.67130793685004}}, {"type": "Feature", "id": 24, "geometry": {"type": "LineString", "coordinates": [[72.83976993418992, 19.066823358727476], [72.83977869801087, 19.066768498436023]]}, "properties": {"OBJECTID": 24, "ID": 223, "WARD_ID": 10, "TYPE": "Railroad", "NAME": "Western Railway", "LKM": 0.0061437900000000005, "SHAPE.LEN": 6.143762714330689}}, {"type": "Feature", "id": 25, "geometry": {"type": "LineString", "coordinates": [[72.84150564912683, 19.05328545360193], [72.8413997180397, 19.053646357236293], [72.84115218070076, 19.054357028654046], [72.84089665825293, 19.05506503899825], [72.84065444401428, 19.055679889285752], [72.84042820042926, 19.05614302390026], [72.8402478993049, 19.056438710563487]]}, "properties": {"OBJECTID": 25, "ID": 220, "WARD_ID": 10, "TYPE": "Railroad", "NAME": "Western Railway", "LKM": 0.37433124, "SHAPE.LEN": 374.331243162157}}, {"type": "Feature", "id": 26, "geometry": {"type": "MultiLineString", "coordinates": [[[72.8393362385643, 19.06333398769453], [72.83932443608289, 19.063443158435838], [72.83931847877305, 19.063506137534855]], [[72.83935647285271, 19.06314681502257], [72.8393362385643, 19.06333398769453]], [[72.8402478993049, 19.056438710563487], [72.83991715565041, 19.057399342675204], [72.83983548126822, 19.057690354089235], [72.83972546442546, 19.058201399499215], [72.83952317644949, 19.059109922971828], [72.83939896369623, 19.05983745252162], [72.83934218102529, 19.06040173101768], [72.83933153419714, 19.06103343951175], [72.83935282813789, 19.061746773467007], [72.83938476794185, 19.062399774643694], [72.83939541489471, 19.06270853121622], [72.83936702322784, 19.06304922737787], [72.83935647285271, 19.06314681502257]]]}, "properties": {"OBJECTID": 26, "ID": 221, "WARD_ID": 10, "TYPE": "Railroad", "NAME": "Western Railway", "LKM": 0.79443927, "SHAPE.LEN": 794.439310558782}}, {"type": "Feature", "id": 27, "geometry": {"type": "LineString", "coordinates": [[72.83941039393227, 19.064268655420538], [72.83956931225265, 19.06496919487306], [72.83964738806687, 19.06550863120099], [72.83975030666193, 19.0663816663421], [72.83977869801087, 19.066768498436023]]}, "properties": {"OBJECTID": 27, "ID": 222, "WARD_ID": 10, "TYPE": "Railroad", "NAME": "Western Railway", "LKM": 0.27983714, "SHAPE.LEN": 279.837153003651}}, {"type": "Feature", "id": 28, "geometry": {"type": "LineString", "coordinates": [[72.84166288387685, 19.081240649135967], [72.8417001690839, 19.081477920660383], [72.84175872577954, 19.081962349199777], [72.84180131305675, 19.082334985619845], [72.84188914885725, 19.08306428938851], [72.84191576578927, 19.08326391660201], [72.8420142483541, 19.084003867042483], [72.8420994227639, 19.084605408760204], [72.84217128871356, 19.08506055881199], [72.84222186086913, 19.085385285320964], [72.84223516953463, 19.085603543392033], [72.8422724329522, 19.086026752851815], [72.84230969629573, 19.08631155413571], [72.84235760722073, 19.086684190511075], [72.84245608961714, 19.087394862780716], [72.8425811893932, 19.08829717653172], [72.8426823336015, 19.089101007101956], [72.84274355246303, 19.08961471397487], [72.8427834775252, 19.089974042167075], [72.84283671114032, 19.090399912604347], [72.84284748209438, 19.090466219192457]]}, "properties": {"OBJECTID": 28, "ID": 224, "WARD_ID": 10, "TYPE": "Railroad", "NAME": "Western Railway", "LKM": 1.02918889, "SHAPE.LEN": 1029.1888825668402}}, {"type": "Feature", "id": 29, "geometry": {"type": "LineString", "coordinates": [[72.8393362385643, 19.06333398769453], [72.83940606179041, 19.06364189756189], [72.8395977037152, 19.064522030427838], [72.83969352404921, 19.065093406852746], [72.83981773694758, 19.065977088833407], [72.83998098673685, 19.0670843525071], [72.84009810179333, 19.06790415444269], [72.8401976435002, 19.068615934516835], [72.8402422716857, 19.068888483873266], [72.84027616415132, 19.069242122590193], [72.8403320589869, 19.06964137593236], [72.84035867598023, 19.069888913643627], [72.84038529332041, 19.07020299313527], [72.84040126338223, 19.070671451195516], [72.84040126361812, 19.07116120241921], [72.84040924816952, 19.07140341664122], [72.84042255698505, 19.071744113527124], [72.84042655636676, 19.071796900441424]]}, "properties": {"OBJECTID": 29, "ID": 225, "WARD_ID": 10, "TYPE": "Railroad", "NAME": "Western Railway", "LKM": 0.94550581, "SHAPE.LEN": 945.5058447676411}}, {"type": "Feature", "id": 30, "geometry": {"type": "LineString", "coordinates": [[72.83929302267971, 19.063143415106452], [72.8393362385643, 19.06333398769453]]}, "properties": {"OBJECTID": 30, "ID": 226, "WARD_ID": 10, "TYPE": "Railroad", "NAME": "Western Railway", "LKM": 0.021584990000000002, "SHAPE.LEN": 21.584993959925}}, {"type": "Feature", "id": 31, "geometry": {"type": "LineString", "coordinates": [[72.83925402664663, 19.062971450205833], [72.83929302267971, 19.063143415106452]]}, "properties": {"OBJECTID": 31, "ID": 227, "WARD_ID": 10, "TYPE": "Railroad", "NAME": "Western Railway", "LKM": 0.01947742, "SHAPE.LEN": 19.4774111454782}}, {"type": "Feature", "id": 32, "geometry": {"type": "LineString", "coordinates": [[72.83935647285271, 19.06314681502257], [72.83941315931523, 19.063432511706335], [72.83962254561527, 19.0643268402437], [72.83974675834926, 19.065104053945213], [72.83991355722318, 19.066221964335625], [72.84000937811159, 19.066697519939783], [72.84008035690242, 19.067059510175994], [72.84023296062864, 19.067921898931694], [72.84033006271656, 19.068657190998202], [72.84037802485562, 19.068950101698043], [72.84043773873772, 19.069641080209298], [72.8404537084604, 19.07021068281298], [72.84046701661313, 19.070993220600258], [72.84049895742051, 19.072071205890985], [72.84054686790367, 19.0724997376429], [72.84064002646066, 19.07311458874817], [72.84073584759771, 19.073787996418304], [72.8407997286202, 19.074213867270192], [72.84088490289493, 19.07486065865917], [72.84093281279058, 19.075321131191007], [72.84103395728332, 19.076082375683313], [72.84111913142945, 19.07683563437539], [72.84124689250123, 19.077652774097505], [72.84135336060397, 19.0784592661023], [72.84140925561402, 19.07902620642023], [72.8414864446088, 19.079622425813934], [72.84155564853795, 19.079995062431774], [72.84169938061075, 19.080692426218267], [72.84177656970752, 19.081184839183937], [72.84181117121683, 19.081466978174465], [72.84194957954952, 19.08263279964108], [72.84200813660009, 19.083348795154805], [72.8420746792474, 19.08398493905663], [72.8421917934925, 19.08475949182342], [72.84226632068169, 19.085374342882236], [72.84228761470595, 19.085645834668547], [72.84231689288885, 19.085981208600153], [72.84238077325213, 19.086462974272443], [72.84250853465299, 19.087312054400442], [72.84256176830354, 19.087729940131975], [72.842636295988, 19.088222353360237], [72.8426895298501, 19.088712104592314], [72.84277470406103, 19.08942277627194], [72.84282261432396, 19.08985663145039], [72.8428891564036, 19.09036767643579], [72.84290222495369, 19.09045566813057]]}, "properties": {"OBJECTID": 32, "ID": 228, "WARD_ID": 10, "TYPE": "Railroad", "NAME": "Western Railway", "LKM": 3.04947849, "SHAPE.LEN": 3049.47845239783}}, {"type": "Feature", "id": 33, "geometry": {"type": "LineString", "coordinates": [[72.83931344207049, 19.06292993825032], [72.83935647285271, 19.06314681502257]]}, "properties": {"OBJECTID": 33, "ID": 229, "WARD_ID": 10, "TYPE": "Railroad", "NAME": "Western Railway", "LKM": 0.02443604, "SHAPE.LEN": 24.4360353480265}}, {"type": "Feature", "id": 34, "geometry": {"type": "LineString", "coordinates": [[72.8392133808195, 19.061034754123682], [72.83921087043602, 19.061629658144255], [72.83922506602934, 19.062272013393915], [72.8392357136616, 19.062538182459026], [72.83931344207049, 19.06292993825032]]}, "properties": {"OBJECTID": 34, "ID": 230, "WARD_ID": 10, "TYPE": "Railroad", "NAME": "Western Railway", "LKM": 0.21063613, "SHAPE.LEN": 210.636126556699}}, {"type": "Feature", "id": 35, "geometry": {"type": "LineString", "coordinates": [[72.84150564912683, 19.05328545360193], [72.841407703279, 19.053784765253784], [72.84122733422467, 19.054487252460348]]}, "properties": {"OBJECTID": 35, "ID": 216, "WARD_ID": 10, "TYPE": "Railroad", "NAME": "Western Railway", "LKM": 0.13630021, "SHAPE.LEN": 136.30020796398202}}, {"type": "Feature", "id": 36, "geometry": {"type": "LineString", "coordinates": [[72.84097701334649, 19.059359474826714], [72.84094182183051, 19.05952761469656], [72.84090433077782, 19.060455499291535], [72.84088558653447, 19.06137869766967], [72.84089027192579, 19.062836132678555], [72.84090901789246, 19.064410725229312], [72.84092307651484, 19.065240197293374], [72.84099337082789, 19.065774434406777], [72.8410777241814, 19.067105339117358], [72.84118082244237, 19.068028537477392], [72.84122299858284, 19.068787715917754], [72.8413542142114, 19.069795267747924], [72.84139639097995, 19.07074658359703], [72.84132557674828, 19.074451677828133], [72.8413255774125, 19.076243489736445], [72.84132557717962, 19.077454855432915], [72.84134345276209, 19.077694604881493], [72.84144440051931, 19.078546346616925], [72.84148856481174, 19.079101555365256], [72.84163367613367, 19.07994067924276], [72.84179140629087, 19.080748255713548], [72.84189866177549, 19.08150535968164], [72.8419806820169, 19.08220568040296], [72.84201853726765, 19.082540067326832], [72.84203884441756, 19.082906395493882], [72.8421275679446, 19.083949778867915], [72.84219499710643, 19.084475019073135], [72.84227307317248, 19.08500735798287], [72.84235115015917, 19.085727788502844], [72.84241148119803, 19.086217539814168], [72.84248246007952, 19.08680311277436], [72.8425569871082, 19.087324804057328], [72.8426315146042, 19.087853593996257], [72.84270249341186, 19.088421421600238], [72.84278411804756, 19.08908861879304], [72.84292607508115, 19.090128453223418], [72.84296717839439, 19.090443149214956]]}, "properties": {"OBJECTID": 36, "ID": 277, "WARD_ID": 10, "TYPE": "Railroad", "NAME": "Western Railway", "LKM": 3.45542822, "SHAPE.LEN": 3455.42814567654}}, {"type": "Feature", "id": 37, "geometry": {"type": "LineString", "coordinates": [[72.85015114311267, 19.145770015050285], [72.8502146733339, 19.14657722214731], [72.85023195436122, 19.147557959974634], [72.85028379969174, 19.149044186874743], [72.850288120383, 19.149977399131053], [72.85026277630497, 19.15080335351412], [72.85018400977457, 19.151960115236413], [72.85014188607141, 19.15276371533029], [72.85014296584696, 19.1532665046088], [72.85012352432432, 19.153645622602873], [72.85003927562155, 19.155051921214984], [72.84999350641802, 19.155874963163242], [72.84993882546392, 19.1568308573508], [72.84988050021136, 19.157896923343046], [72.84981569311806, 19.15927729948275], [72.8497638484286, 19.160132744265848], [72.8496990416415, 19.161140484069453], [72.84967311948692, 19.161458036016207], [72.84959859179787, 19.162718520229657], [72.84958220953621, 19.163010329191945], [72.84960863623189, 19.163503260409854], [72.84960280795742, 19.164234619521086], [72.8495707565394, 19.164773669397245], [72.84949791270415, 19.165831371480714], [72.84938718020553, 19.166623527512158], [72.84935232735894, 19.16714155820898], [72.84930048265575, 19.168097453085586], [72.8492583582315, 19.16888809121636], [72.84921321189023, 19.16994805990945], [72.84914546565615, 19.17125489071788], [72.84907990587453, 19.17234537359609], [72.84901209417804, 19.17321715965284], [72.84896024906477, 19.17424110160348], [72.84887924050796, 19.1755501903783], [72.84881443460431, 19.17686900169725], [72.84878105902771, 19.177503139671078]]}, "properties": {"OBJECTID": 37, "ID": 231, "WARD_ID": 14, "TYPE": "Railroad", "NAME": "Western Railway", "LKM": 3.51880851, "SHAPE.LEN": 3518.8084871323904}}, {"type": "Feature", "id": 38, "geometry": {"type": "LineString", "coordinates": [[72.85026072003744, 19.153228725130475], [72.85048758501432, 19.15254317870331], [72.85056018665252, 19.152308618447986], [72.85066629721075, 19.152040549415414], [72.85088410355127, 19.151616106551813], [72.85107398649168, 19.151130230772225], [72.85123594413872, 19.150739296696017], [72.85135322508329, 19.15034836281081], [72.85143141165081, 19.15001327665032], [72.8514593354555, 19.149678189672578], [72.85146492047434, 19.149119712869236]]}, "properties": {"OBJECTID": 38, "ID": 232, "WARD_ID": 14, "TYPE": "Railroad", "NAME": "Western Railway", "LKM": 0.47660317, "SHAPE.LEN": 476.60317098735106}}, {"type": "Feature", "id": 39, "geometry": {"type": "LineString", "coordinates": [[72.85026072003744, 19.153228725130475], [72.85018306481975, 19.154353632803844], [72.85010084165003, 19.155952730474414], [72.85004899712877, 19.156931307859264], [72.85001701901983, 19.157515782855903], [72.85002530696275, 19.1579466789457]]}, "properties": {"OBJECTID": 39, "ID": 233, "WARD_ID": 14, "TYPE": "Railroad", "NAME": "Western Railway", "LKM": 0.52308162, "SHAPE.LEN": 523.081623099537}}, {"type": "Feature", "id": 40, "geometry": {"type": "LineString", "coordinates": [[72.84946924267514, 19.166605332813415], [72.8496523423793, 19.165965405468903], [72.84971935920218, 19.16565654473134], [72.84977180733063, 19.165132063814706], [72.84980677288226, 19.16458427293025], [72.84978637640889, 19.16398694788226], [72.84975141120654, 19.16323227854758], [72.84974849771427, 19.16254171247265], [72.84975141093243, 19.162215368913376], [72.84975723850178, 19.16203471397733], [72.84980094512416, 19.161201372375793], [72.84987961793284, 19.16000380879687], [72.8499378930893, 19.159004381601846], [72.8499670307555, 19.15832838414852], [72.84998451374105, 19.158071970848344], [72.85002530696275, 19.1579466789457]]}, "properties": {"OBJECTID": 40, "ID": 234, "WARD_ID": 14, "TYPE": "Railroad", "NAME": "Western Railway", "LKM": 0.96378883, "SHAPE.LEN": 963.788826576564}}, {"type": "Feature", "id": 41, "geometry": {"type": "LineString", "coordinates": [[72.85002530696275, 19.1579466789457], [72.84999325516249, 19.15868677944807], [72.84996411763206, 19.159365689870985], [72.84991749645782, 19.1600387736693], [72.849853393649, 19.16113435572393], [72.84982134180265, 19.16172002627122], [72.84981260103572, 19.162259075730642], [72.84982134215008, 19.163016658991886], [72.84983299760955, 19.163319692276083], [72.84985922105297, 19.16395198267291], [72.84987961763491, 19.16445023928114], [72.84988544492761, 19.16486982378224], [72.8498708762436, 19.16504173671261], [72.84983299751262, 19.165347684451397], [72.84980385920375, 19.165609924212585], [72.84976306654312, 19.165851768452313], [72.84971061877931, 19.16612566344628], [72.84962320448211, 19.16659186885314], [72.8495387050479, 19.167238728415104], [72.84942128224634, 19.168001933547547], [72.84941065306836, 19.16819790266012], [72.8493685290901, 19.16898854085692], [72.84930696317016, 19.170067568170328], [72.84923891631877, 19.171363696549545], [72.84917086955996, 19.172445963302877], [72.84912226461715, 19.173317609629972], [72.84907042009519, 19.174341550761554], [72.84898941130734, 19.175650640543775], [72.84892460521289, 19.176969451055662], [72.84890183571017, 19.17740207315279]]}, "properties": {"OBJECTID": 41, "ID": 235, "WARD_ID": 14, "TYPE": "Railroad", "NAME": "Western Railway", "LKM": 2.15980155, "SHAPE.LEN": 2159.80155201493}}, {"type": "Feature", "id": 42, "geometry": {"type": "LineString", "coordinates": [[72.85003206140729, 19.14577232677666], [72.85006480803833, 19.146352830538227], [72.85006912842823, 19.147173711850325], [72.85010369252896, 19.148137166682048], [72.85010369198568, 19.14933392511142], [72.85001728382863, 19.150323303580855], [72.84999568135632, 19.151740403563895], [72.85002631488639, 19.152770735711083], [72.85002955481852, 19.153260024062064], [72.84994530608714, 19.154679284279137], [72.8498934609563, 19.155839319334255], [72.84985133720748, 19.156649399687563], [72.84982217389847, 19.157339587882497], [72.84977356964775, 19.15818855206238], [72.84972820460703, 19.158975949666324], [72.84970876291179, 19.159355067273424], [72.84969256173254, 19.159633735307946], [72.84962127451489, 19.160686839023654], [72.84957266921705, 19.16132518284456], [72.84952082397929, 19.162216270374543], [72.8494851810806, 19.16293238210662], [72.84943981641925, 19.16375218315355], [72.84938473122499, 19.16498026463771], [72.84932964586494, 19.165916717312353], [72.84928752135642, 19.16656802130238], [72.84923243539565, 19.167455869858255], [72.84919355157668, 19.168314554331793], [72.84914170696061, 19.16925424736835], [72.84910282326834, 19.169924993457208], [72.84904449690984, 19.170900330160297], [72.84901857462393, 19.17157107713031], [72.84896024930957, 19.17243948245929], [72.84891812466836, 19.173230120857923], [72.84887924127446, 19.1738619834454], [72.84883387593766, 19.17468502474286], [72.84876906980304, 19.17570896616024], [72.84873018621391, 19.17663245757765], [72.84867906110853, 19.177588490276634]]}, "properties": {"OBJECTID": 42, "ID": 236, "WARD_ID": 14, "TYPE": "Railroad", "NAME": "Western Railway", "LKM": 3.52710073, "SHAPE.LEN": 3527.1006961749604}}, {"type": "Feature", "id": 43, "geometry": {"type": "LineString", "coordinates": [[72.84946924267514, 19.166605332813415], [72.84943481306982, 19.16685611051322], [72.84941488830384, 19.167152260350914], [72.84936304394984, 19.168108155279025], [72.84932091981452, 19.168898793452158], [72.84925935369424, 19.1699778198293], [72.84919130658474, 19.1712739481699], [72.84912325960507, 19.172356215791773], [72.84907465544072, 19.173227862103438], [72.84902280976328, 19.17425180319378], [72.84894180167211, 19.175560892945605], [72.84887699531241, 19.17687970341911], [72.84884709161173, 19.177447883576363]]}, "properties": {"OBJECTID": 43, "ID": 237, "WARD_ID": 14, "TYPE": "Railroad", "NAME": "Western Railway", "LKM": 1.20236271, "SHAPE.LEN": 1202.3627180581802}}, {"type": "Feature", "id": 44, "geometry": {"type": "LineString", "coordinates": [[72.85008822266417, 19.14577123615464], [72.8501167887315, 19.146199725241946], [72.85013866078978, 19.146943378924018], [72.85015081190686, 19.147606834728357], [72.85018010938516, 19.14840044284189], [72.850206031901, 19.149264528258545], [72.85021035295246, 19.150020603844094], [72.85022763446679, 19.150219343442505], [72.85022325390878, 19.150352394390474], [72.85011272255994, 19.151801339284674], [72.85009112108283, 19.15270268912457], [72.85008788053669, 19.153182256724435], [72.85004899659889, 19.154121949443464], [72.85000039204735, 19.155045440438393], [72.84994854676464, 19.15584256019064], [72.84989670146507, 19.15682113655593], [72.84983837595313, 19.15788720250977], [72.8497735694734, 19.15926757861324], [72.8497217245762, 19.16012302336437], [72.84965691754465, 19.16113076312948], [72.8496309953135, 19.1614483150629], [72.8495564682685, 19.16270879924078], [72.84950462244561, 19.163632290688724], [72.84944953767324, 19.164834449891316], [72.84938149102636, 19.166072252799523], [72.84931020370368, 19.16713183707085], [72.84925835876773, 19.1680877319131], [72.8492162341509, 19.16887837001564], [72.84915466831292, 19.169957397208407], [72.84908662136422, 19.17125352544498], [72.84901857467769, 19.172335792975563], [72.84896996998278, 19.173207439208177], [72.84891812463151, 19.17423138021974], [72.84883711669535, 19.175540469859506], [72.84877231048159, 19.176859280229422], [72.848736458732, 19.17754046103317]]}, "properties": {"OBJECTID": 44, "ID": 238, "WARD_ID": 14, "TYPE": "Railroad", "NAME": "Western Railway", "LKM": 3.52204688, "SHAPE.LEN": 3522.0469247326}}, {"type": "Feature", "id": 45, "geometry": {"type": "LineString", "coordinates": [[72.85004086302925, 19.144054778336077], [72.85011530285705, 19.144840410718988], [72.85019739113105, 19.14556624246161], [72.850288120276, 19.14668955363456], [72.85030540226218, 19.147454268938173], [72.85032268367416, 19.14877632019361], [72.850335645247, 19.14958424062869], [72.85033564479372, 19.15045696664935], [72.85031418077887, 19.150977464252033], [72.85026285776651, 19.151647964860018], [72.85020777282173, 19.152655704354174], [72.8502045323916, 19.153263264472827], [72.8501364857566, 19.154410338333406], [72.85004211082298, 19.155896835341135], [72.8500013864362, 19.156841559875843], [72.84994306063415, 19.157907625011433], [72.84987825498449, 19.159288002136346], [72.84982640965647, 19.160143446956234], [72.8497616032363, 19.16115118681752], [72.84973568025815, 19.16146873787005], [72.84966115301705, 19.16272922305657], [72.84964320856064, 19.163048851900623], [72.84967856654245, 19.16373927675242], [72.84968439440091, 19.164453152710813], [72.84965817027656, 19.165059219745057], [72.84957949793079, 19.165802233654798], [72.84946924267514, 19.166605332813415]]}, "properties": {"OBJECTID": 45, "ID": 552, "WARD_ID": 14, "TYPE": "Railroad", "NAME": "Western Railway", "LKM": 2.50136212, "SHAPE.LEN": 2501.36214699135}}, {"type": "Feature", "id": 46, "geometry": {"type": "LineString", "coordinates": [[72.8500750060548, 19.14404117291121], [72.85016456772746, 19.144844370726965], [72.85024233594261, 19.145660931428765], [72.85029418097302, 19.146276592843886], [72.85033954548703, 19.14702186638776], [72.85035574704433, 19.147861109882573], [72.85037842932822, 19.14927064912842], [72.85037194890583, 19.150644545176846], [72.85030714241466, 19.152161014984426], [72.85026072003744, 19.153228725130475]]}, "properties": {"OBJECTID": 46, "ID": 553, "WARD_ID": 14, "TYPE": "Railroad", "NAME": "Western Railway", "LKM": 1.01873958, "SHAPE.LEN": 1018.73957532698}}, {"type": "Feature", "id": 47, "geometry": {"type": "LineString", "coordinates": [[72.81943193174034, 18.973423894204487], [72.81955949246456, 18.973740703643628], [72.81967533658482, 18.9740535118362], [72.819832829973, 18.97446232571646], [72.82007875154135, 18.975110918367424], [72.82027571235027, 18.97559829370857], [72.82043911288734, 18.97608300933785], [72.82063262952751, 18.976698743867725], [72.82076834298854, 18.97712347538675], [72.82089638038359, 18.977514657323965], [72.82104698684343, 18.97789582677872], [72.82118102426446, 18.97816390184436], [72.82173504635001, 18.979008337876184], [72.82261019092473, 18.980247717729192]]}, "properties": {"OBJECTID": 47, "ID": 402, "WARD_ID": 4, "TYPE": "Railroad", "NAME": "Western Railway", "LKM": 0.83215142, "SHAPE.LEN": 832.151376517588}}, {"type": "Feature", "id": 48, "geometry": {"type": "LineString", "coordinates": [[72.81956618842482, 18.974440519800787], [72.8195921216011, 18.974677902582872], [72.81965130295579, 18.97546921299708]]}, "properties": {"OBJECTID": 48, "ID": 403, "WARD_ID": 4, "TYPE": "Railroad", "NAME": "Western Railway", "LKM": 0.11425956, "SHAPE.LEN": 114.259574560484}}, {"type": "Feature", "id": 49, "geometry": {"type": "LineString", "coordinates": [[72.81866554376703, 18.969008952917942], [72.81862032157015, 18.968912404564417], [72.81838174953013, 18.968376049716696], [72.81770029287703, 18.966863590274542]]}, "properties": {"OBJECTID": 49, "ID": 404, "WARD_ID": 4, "TYPE": "Railroad", "NAME": "Western Railway", "LKM": 0.25838293, "SHAPE.LEN": 258.38288752542303}}, {"type": "Feature", "id": 50, "geometry": {"type": "LineString", "coordinates": [[72.81943193174034, 18.973423894204487], [72.81953403946716, 18.974146220378604], [72.81956618842482, 18.974440519800787]]}, "properties": {"OBJECTID": 50, "ID": 406, "WARD_ID": 4, "TYPE": "Railroad", "NAME": "Western Railway", "LKM": 0.1134559, "SHAPE.LEN": 113.45586619057701}}, {"type": "Feature", "id": 51, "geometry": {"type": "LineString", "coordinates": [[72.8219778443864, 18.979651732829293], [72.82180373954449, 18.979480913120135], [72.8214731147146, 18.97902071796762]]}, "properties": {"OBJECTID": 51, "ID": 408, "WARD_ID": 4, "TYPE": "Railroad", "NAME": "Western Railway", "LKM": 0.08806082, "SHAPE.LEN": 88.0608590519267}}, {"type": "Feature", "id": 52, "geometry": {"type": "LineString", "coordinates": [[72.82026224411683, 18.974948205667616], [72.82044164630996, 18.975406545937386], [72.82130519512084, 18.977462532065854], [72.82202601909539, 18.9787552490656], [72.82285611234524, 18.98002016468862]]}, "properties": {"OBJECTID": 52, "ID": 409, "WARD_ID": 4, "TYPE": "Railroad", "NAME": "Western Railway", "LKM": 0.62641349, "SHAPE.LEN": 626.413505998522}}, {"type": "Feature", "id": 53, "geometry": {"type": "LineString", "coordinates": [[72.81770029287703, 18.966863590274542], [72.81765517922372, 18.966648590665063], [72.81718295158633, 18.965554351218493], [72.81708378106099, 18.96521111755043], [72.81708049642046, 18.965114273793915], [72.81717097245375, 18.964199468636075]]}, "properties": {"OBJECTID": 53, "ID": 400, "WARD_ID": 4, "TYPE": "Railroad", "NAME": "Western Railway", "LKM": 0.30711773000000003, "SHAPE.LEN": 307.117791191643}}, {"type": "Feature", "id": 54, "geometry": {"type": "LineString", "coordinates": [[72.82002932196258, 18.950430040309712], [72.8200178883984, 18.95044292170947], [72.81927316066216, 18.951030754675944], [72.81718425261373, 18.95259901411595], [72.81648769789678, 18.95312479345731], [72.81604019152762, 18.953520297210474], [72.81569882403447, 18.95393326059729], [72.81545240926225, 18.954314262866067], [72.81521692956917, 18.9547322805982], [72.81504116039336, 18.955147038557058], [72.81485425153018, 18.95565466540548], [72.81476377647043, 18.95595373600773], [72.81464816974909, 18.956446323337293], [72.81456478323656, 18.95691392457821], [72.8145156227035, 18.957469722700875], [72.81450858735577, 18.958025519989636], [72.81449253272456, 18.958549215908523], [72.81450509934368, 18.958885985741297], [72.81454531026128, 18.959240347315472], [72.8145930609677, 18.95962989362601], [72.81464332508251, 18.959891266725723], [72.81472360638163, 18.96019025299568], [72.81490454332248, 18.960702352617492], [72.81527084484237, 18.96158790060679], [72.81645507786877, 18.964272941603813], [72.81715090863095, 18.965876669077883], [72.8175354291819, 18.96675691911748], [72.81829504353198, 18.968438251313902], [72.81852438991014, 18.968990082274424], [72.81868128719648, 18.96938826197739], [72.81879687483962, 18.969841661239208], [72.8188638928913, 18.970435894203064], [72.81894431588952, 18.97119544008811], [72.81905154574862, 18.971977325695562], [72.8191319685586, 18.972388373596036], [72.81925260160361, 18.9727592108425], [72.81942685040394, 18.973232810186513], [72.81969939335168, 18.97389406140645], [72.81993172577818, 18.97450169876199], [72.82019533253934, 18.975140610753982], [72.8203874524479, 18.97563208125561], [72.82090630974807, 18.976992655713328], [72.8213702285948, 18.978078359836584], [72.82184903968587, 18.978891520400225], [72.82283302510785, 18.980295500800896]]}, "properties": {"OBJECTID": 54, "ID": 398, "WARD_ID": 4, "TYPE": "Railroad", "NAME": "Western Railway", "LKM": 3.71879779, "SHAPE.LEN": 3718.79776492969}}, {"type": "Feature", "id": 55, "geometry": {"type": "LineString", "coordinates": [[72.81770029287703, 18.966863590274542], [72.81762590383259, 18.96669848723355], [72.81698880679018, 18.965233918036336], [72.81656157497329, 18.964207940004115], [72.81550290655542, 18.96188509263835], [72.81534855928481, 18.961555374306197], [72.8151274184399, 18.96104835395821], [72.81497498437399, 18.960644038652475], [72.81480308240938, 18.96015603599265], [72.81471573175952, 18.95983529737439], [72.81467878098317, 18.959601909577053], [72.81465086533613, 18.959474217438625], [72.81462202359616, 18.959253386536957], [72.81460671363844, 18.959119916870215], [72.81459054784436, 18.958898551734702], [72.81457798199156, 18.95822249931404], [72.81458803461506, 18.957521316059125], [72.81460311395595, 18.95738811632519], [72.81465095437262, 18.95692057094661], [72.81479142211292, 18.956172385011993], [72.81503710405322, 18.95535824217465], [72.8152516087783, 18.954842288181176], [72.81537407934853, 18.954607322392533], [72.81554059038487, 18.954337193636572], [72.81579211687946, 18.953988503891047], [72.81594383196605, 18.953804970201382], [72.81621043919536, 18.953537971421884], [72.81659013647838, 18.953210507818113], [72.81720818127532, 18.952761391819838], [72.81789017172089, 18.952237090871538], [72.81830770839932, 18.951932855962905], [72.81934191344335, 18.9511308185783], [72.82009737554304, 18.95051416323588], [72.82010920216742, 18.950500839343725]]}, "properties": {"OBJECTID": 55, "ID": 399, "WARD_ID": 4, "TYPE": "Railroad", "NAME": "Western Railway", "LKM": 2.11142924, "SHAPE.LEN": 2111.429237123}}, {"type": "Feature", "id": 56, "geometry": {"type": "LineString", "coordinates": [[72.81998839077978, 18.9503937674199], [72.81995429524221, 18.950432183692413], [72.81921114896933, 18.951018768636093], [72.81712245053727, 18.95258686902946], [72.81643987000194, 18.953123768330666], [72.81597591436784, 18.953510268674407], [72.81563293024662, 18.953925187381387], [72.81539361675257, 18.954311031599506], [72.81514909510138, 18.95472741523191], [72.8149799596617, 18.95514100214278], [72.81483917244982, 18.955536543779193], [72.81481655377564, 18.95559937542914], [72.81479142225403, 18.955662205439825], [72.81469592046338, 18.955971328607347], [72.81462555101322, 18.956247780368244], [72.81456774703784, 18.956536799081693], [72.8145009502525, 18.95693288688068], [72.81445933978257, 18.95746972266805], [72.81445179055014, 18.95804199277865], [72.81444627611468, 18.958571087098008], [72.81444226882317, 18.958833208272452], [72.81445734863652, 18.959001593083332], [72.81453661642895, 18.959609311987897], [72.81460107790645, 18.959900843203766], [72.81467570880234, 18.96020294859454], [72.81486004817224, 18.96073288964632], [72.81502307864659, 18.961137206267807], [72.8152318641806, 18.961604237709324], [72.81638698036745, 18.964284909847237], [72.8168820339337, 18.965392739982082], [72.81747816036369, 18.966760497629707], [72.81823783080695, 18.968442508111067], [72.81844069807993, 18.96900077537342], [72.81848926314454, 18.96914436383777], [72.8185529309202, 18.96941914142848], [72.81862665166258, 18.9698279553158], [72.81871377612272, 18.97048473866218], [72.81881765536767, 18.97130571822065], [72.8189113228347, 18.97191226206962], [72.81896158622723, 18.972089861648634], [72.81903865869154, 18.972384743572604], [72.8192528813345, 18.972979203770382], [72.81943193174034, 18.973423894204487]]}, "properties": {"OBJECTID": 56, "ID": 405, "WARD_ID": 4, "TYPE": "Railroad", "NAME": "Western Railway", "LKM": 2.8803300099999998, "SHAPE.LEN": 2880.3299559843804}}, {"type": "Feature", "id": 57, "geometry": {"type": "LineString", "coordinates": [[72.82006943662682, 18.95046559363024], [72.82005529493853, 18.950481527790323], [72.81930661644893, 18.951072479414307], [72.81721717797166, 18.95264113671382], [72.81653134052299, 18.95317131573587], [72.81607930770568, 18.953557128549303], [72.81574198341278, 18.95396520068909], [72.81560314327683, 18.954174338674395], [72.81549004198911, 18.95434225027099], [72.81527831999526, 18.95471186022106], [72.81524361511165, 18.954773658844456], [72.81507690666238, 18.95515121307955], [72.81495226696896, 18.955493819621903], [72.81485425227264, 18.955805456831225], [72.8147537236271, 18.956187463667433], [72.81467846277079, 18.95654359131106], [72.81460863575471, 18.956919077315472], [72.81456815287315, 18.957274321595563], [72.81455033662877, 18.957476078282017], [72.8145402843372, 18.957855572449823], [72.81453274477342, 18.958619585605305], [72.81458552146444, 18.959240346563902], [72.81462016202346, 18.95948344776989], [72.8146344255721, 18.9596056442672], [72.81467810129665, 18.959851937554944], [72.81476986145488, 18.960175163363097], [72.81494484324122, 18.9606719648073], [72.81530622274005, 18.96157593248088], [72.8165037388957, 18.964254779132386], [72.81758255159268, 18.966728645357684], [72.8183478213802, 18.968415632439584], [72.81857433414297, 18.968975109413016], [72.81874191887614, 18.969432969065476]]}, "properties": {"OBJECTID": 57, "ID": 410, "WARD_ID": 4, "TYPE": "Railroad", "NAME": "Western Railway", "LKM": 2.42160976, "SHAPE.LEN": 2421.609771306}}, {"type": "Feature", "id": 58, "geometry": {"type": "LineString", "coordinates": [[72.8224619495493, 18.980215929737657], [72.82235413983445, 18.980044232938813], [72.82204053972958, 18.979713245007396], [72.8219778443864, 18.979651732829293]]}, "properties": {"OBJECTID": 58, "ID": 401, "WARD_ID": 4, "TYPE": "Railroad", "NAME": "Western Railway", "LKM": 0.08096667, "SHAPE.LEN": 80.9665970064995}}, {"type": "Feature", "id": 59, "geometry": {"type": "LineString", "coordinates": [[72.81956618842482, 18.974440519800787], [72.81948042305088, 18.97501299671338], [72.81937766106128, 18.975401706413315], [72.81932404667384, 18.9755804217605], [72.81931511091703, 18.975736799383355], [72.81938212931702, 18.976107635566972], [72.81962339720431, 18.97684037416054], [72.81983881939658, 18.97723455855534], [72.82021131875787, 18.97787519038907], [72.82044798756878, 18.97821047142728], [72.82068419579927, 18.978465327595586], [72.82106337227364, 18.97885072087963], [72.82136174072761, 18.979217464977854], [72.82169740495173, 18.979503400996926], [72.8219778443864, 18.979651732829293]]}, "properties": {"OBJECTID": 59, "ID": 407, "WARD_ID": 4, "TYPE": "Railroad", "NAME": "Western Railway", "LKM": 0.67663177, "SHAPE.LEN": 676.631845363922}}, {"type": "Feature", "id": 60, "geometry": {"type": "LineString", "coordinates": [[72.8583419988143, 19.237493606263307], [72.85843569530093, 19.23795127378679], [72.85865422863063, 19.23909930296131], [72.85878534851881, 19.239886024330474], [72.8588756761042, 19.240407591421757], [72.85906215792151, 19.241765413871814], [72.859167053829, 19.242648289669912], [72.8592690367682, 19.24386333679558], [72.85933605317577, 19.244897728917895], [72.85937976034938, 19.245733984625236], [72.85939679350118, 19.24646886740037], [72.85946886701224, 19.24731071730615], [72.85947536737005, 19.248035565416284], [72.85946561588034, 19.248727908709235], [72.85942986124049, 19.249664034827017], [72.85936485231923, 19.250726927861344], [72.85925758779209, 19.251913337353773], [72.85918282775738, 19.25266093773189], [72.8591145688553, 19.253220013448043], [72.85897153298541, 19.254134883985987], [72.85884945202245, 19.255267877982195], [72.85875621057657, 19.256066254015323], [72.85868627998053, 19.256660665342213], [72.85859012565689, 19.25750857618326], [72.85847065993201, 19.25867117474948], [72.85837741943149, 19.259536568161828], [72.85829291999646, 19.26026209952283], [72.85820550568691, 19.26096432174586], [72.85807729940251, 19.26208612741806], [72.85793161013228, 19.26341772517363], [72.85786167957576, 19.26406458490446], [72.85782380113633, 19.26433265320214], [72.85775386956416, 19.26498242662421], [72.85760235283125, 19.266445145015556], [72.85749454294191, 19.267342589952705], [72.85740130265891, 19.268222551554103], [72.85735572093681, 19.268565498493892]]}, "properties": {"OBJECTID": 60, "ID": 270, "WARD_ID": 17, "TYPE": "Railroad", "NAME": "Western Railway", "LKM": 3.4598448, "SHAPE.LEN": 3459.8448431349802}}, {"type": "Feature", "id": 61, "geometry": {"type": "LineString", "coordinates": [[72.85840116599415, 19.237513563184937], [72.8584903285372, 19.237949087804235], [72.85870886224114, 19.239097117853248], [72.85883998239348, 19.23988383920838], [72.85893030920325, 19.240405406278217], [72.85911679147576, 19.241763228716014], [72.85922168767893, 19.242646104511017], [72.85932367008516, 19.24386115073096], [72.85939068682644, 19.244895543769534], [72.85943439334001, 19.24573179857644], [72.8594508859412, 19.246443343255613], [72.85952412443753, 19.247398479447682], [72.8595533783674, 19.24793805237155], [72.85955337789171, 19.24855563512534], [72.8595241241483, 19.2491309630128], [72.85950462145317, 19.24971929159631], [72.85946561615448, 19.250340125555212], [72.85942011016769, 19.25099671426666], [72.85932412020462, 19.251934465413356], [72.85926561246997, 19.252442752052964], [72.85918510004811, 19.253241353708056], [72.85906256192838, 19.253983866528518], [72.85898068138107, 19.254554825544197], [72.85890408532381, 19.255265692366024], [72.85881084413029, 19.256064069355958], [72.85874091373083, 19.25665848072297], [72.85864475874855, 19.25750639070594], [72.85852529340855, 19.25866898934545], [72.85843205224353, 19.259534382802524], [72.85834755304853, 19.26025991421226], [72.85826013993389, 19.260962135592166], [72.85813193305805, 19.26208394223097], [72.85798624422863, 19.263415540073172], [72.8579163129353, 19.26406239983467], [72.85787843364523, 19.26433046723813], [72.85780850323916, 19.264980240713268], [72.8576569869907, 19.266442959197214], [72.85754917644734, 19.267340404184502], [72.8574559355048, 19.268220365831116], [72.85740907928555, 19.26857290385852]]}, "properties": {"OBJECTID": 61, "ID": 271, "WARD_ID": 17, "TYPE": "Railroad", "NAME": "Western Railway", "LKM": 3.45876942, "SHAPE.LEN": 3458.7694751315703}}, {"type": "Feature", "id": 62, "geometry": {"type": "LineString", "coordinates": [[72.8582922221204, 19.237476816721436], [72.8583898023158, 19.237953459074106], [72.85860833627231, 19.239101488283804], [72.85873945688952, 19.239888209675875], [72.85882978337703, 19.240409776764697], [72.85901626576288, 19.241767599236173], [72.85912116237284, 19.242650475047952], [72.85922314401996, 19.24386552215535], [72.85929016108811, 19.244899914277692], [72.85933386802722, 19.245736169973448], [72.8593542646309, 19.24661613195813], [72.85937466123502, 19.24766217939906], [72.85937757444977, 19.24830612496789], [72.85936300550523, 19.248958812556992], [72.85932512673708, 19.249827119600898], [72.8592989027855, 19.250299152195304], [72.85924062689044, 19.251120838569058], [72.85916486879135, 19.25173273255264], [72.85907745552582, 19.252563160608695], [72.85896964539273, 19.25372867277436], [72.85880355988066, 19.255270063875013], [72.85871031916349, 19.256068439874124], [72.85864038840201, 19.256662851167267], [72.85854423289142, 19.257510761949945], [72.85842476779362, 19.258673360465668], [72.8583315270521, 19.25953875383105], [72.85824702741509, 19.260264285151067], [72.8581596138728, 19.26096650644103], [72.85803140726432, 19.262088312953605], [72.85788571857418, 19.263419910647464], [72.85781578783747, 19.2640667703431], [72.85777790837253, 19.26433483861284], [72.8577079775703, 19.26498461201079], [72.85755646138078, 19.266447330335403], [72.85744865124154, 19.267344775221027], [72.85735541071335, 19.26822473677504], [72.85731094534144, 19.268559284867226]]}, "properties": {"OBJECTID": 62, "ID": 272, "WARD_ID": 17, "TYPE": "Railroad", "NAME": "Western Railway", "LKM": 3.4601428800000003, "SHAPE.LEN": 3460.14294452104}}, {"type": "Feature", "id": 63, "geometry": {"type": "LineString", "coordinates": [[72.8582246273987, 19.237454017966684], [72.85832642849724, 19.237951273076522], [72.8585449619916, 19.239099303222478], [72.85867608135024, 19.239886024619718], [72.85876640858433, 19.24040759173161], [72.85882685816945, 19.240847738182385]]}, "properties": {"OBJECTID": 63, "ID": 273, "WARD_ID": 17, "TYPE": "Railroad", "NAME": "Western Railway", "LKM": 0.38111854, "SHAPE.LEN": 381.11851689585507}}, {"type": "Feature", "id": 64, "geometry": {"type": "LineString", "coordinates": [[72.85882685816945, 19.240847738182385], [72.85884153186822, 19.241479432666964], [72.85889353890484, 19.24207426261612], [72.8589813012133, 19.242841365580862], [72.85906256153747, 19.243709232790223], [72.8591210695669, 19.244473085787575], [72.8591633257939, 19.245249940492876], [72.8592055810321, 19.246293330818645], [72.85920883197254, 19.246498107951165]]}, "properties": {"OBJECTID": 64, "ID": 274, "WARD_ID": 17, "TYPE": "Railroad", "NAME": "Western Railway", "LKM": 0.62715825, "SHAPE.LEN": 627.158247027693}}, {"type": "Feature", "id": 65, "geometry": {"type": "LineString", "coordinates": [[72.85882685816945, 19.240847738182385], [72.85895289140353, 19.241765413325474], [72.8590577876702, 19.24264828914096], [72.8591597697978, 19.243863336249923], [72.8592267864548, 19.244897729260416], [72.85927049308319, 19.24573398403734], [72.85929088934887, 19.24661394599666], [72.85931128649052, 19.247659994320312], [72.85931420040936, 19.24830393987755], [72.85929963122729, 19.248956626534465], [72.85926175212846, 19.249824933533286], [72.85923552799741, 19.250296966101235], [72.8591772527297, 19.251118653338814], [72.85910149440004, 19.251730547273677], [72.8590140808208, 19.252560975268945], [72.8589062702466, 19.253726487354395], [72.85874018510326, 19.255267878351976], [72.8586469440849, 19.25606625428946], [72.85857701309916, 19.256660665536526], [72.85848085821944, 19.25750857626585], [72.85836139363309, 19.258671174708567], [72.8582681525646, 19.259536568009825], [72.85818365264205, 19.26026210017701], [72.85809623883503, 19.260964321410874], [72.85796803276573, 19.262086126945803], [72.8578223435608, 19.26341772544331], [72.85775241257963, 19.264064585090946], [72.8577145339648, 19.26433265334883], [72.857644602917, 19.264982426698655], [72.85749308617436, 19.266445144916958], [72.85738527664746, 19.267342589743354], [72.85729203578657, 19.268222551232697], [72.85724843365429, 19.26855060876911]]}, "properties": {"OBJECTID": 65, "ID": 275, "WARD_ID": 17, "TYPE": "Railroad", "NAME": "Western Railway", "LKM": 3.08062531, "SHAPE.LEN": 3080.62525991348}}, {"type": "Feature", "id": 66, "geometry": {"type": "LineString", "coordinates": [[72.84228279058662, 19.05059184310235], [72.8422768120364, 19.050605801655195], [72.84220638789542, 19.050744798475552], [72.84201179219204, 19.05119699937331], [72.84183727453873, 19.051586807583327], [72.84148803319943, 19.05236106905297], [72.84129571796677, 19.05278308158301], [72.84113402080231, 19.053193315066846], [72.84103221099822, 19.053470297346745], [72.84088249082063, 19.053946406828004], [72.8407956529894, 19.05422039549332], [72.84068785438303, 19.054524327324234], [72.84055160850711, 19.054903119300516], [72.84035547534401, 19.055433128403248], [72.84018928613574, 19.05592421064553], [72.8400350741129, 19.056415292875155], [72.83982355288042, 19.057003638175157], [72.83968869385849, 19.057521780409825], [72.8394238057322, 19.05861307393633], [72.83929249626495, 19.05926252704702], [72.83926055543934, 19.05946836479883], [72.83922506689062, 19.059826805440284], [72.83916828346649, 19.060383986959224], [72.83914344102463, 19.06105118409317], [72.83910774645732, 19.06215483257548], [72.83918957737734, 19.062687237811595], [72.83925402664663, 19.062971450205833]]}, "properties": {"OBJECTID": 66, "ID": 189, "WARD_ID": 11, "TYPE": "Railroad", "NAME": "Western Railway", "LKM": 1.42554751, "SHAPE.LEN": 1425.54751642276}}, {"type": "Feature", "id": 67, "geometry": {"type": "MultiLineString", "coordinates": [[[72.84246658457403, 19.08838862446537], [72.8425729084681, 19.08919111025655], [72.8426580827657, 19.08980063748736], [72.8427326101536, 19.090396857019023], [72.84274926965054, 19.090504671111653]], [[72.83977514365728, 19.06685914072844], [72.83977160063836, 19.066949494111373], [72.83982128588279, 19.067520870094487], [72.83985888168279, 19.067795103859538], [72.83992956238443, 19.06815904798675], [72.84001236018757, 19.06876262357926], [72.84012415124491, 19.069606379711036], [72.84020400201332, 19.07026647974732], [72.84023328135498, 19.070636454831323], [72.8402588186586, 19.071483190004113], [72.84028119099314, 19.071775659077964], [72.84034507237905, 19.07234792296977], [72.84049146513718, 19.073255559586336], [72.84057131558819, 19.07378789795654], [72.8406325350806, 19.074197798840846], [72.84069109234699, 19.0746635952559], [72.84074166393515, 19.075198594786716], [72.8407762663094, 19.075472749120927], [72.84086144060119, 19.076196729800195], [72.84103977330408, 19.0775089434795], [72.8411302713334, 19.078246232664565], [72.84123940086737, 19.079010138566257], [72.84131925173543, 19.07969685447635], [72.84135917684499, 19.080061506611084], [72.8413857937938, 19.0804953627373], [72.84144435100978, 19.08119006410934], [72.84152952529509, 19.081839517193647], [72.84163333124108, 19.08245702909907], [72.84169721159577, 19.082728522093177], [72.84176282934325, 19.082943379785217], [72.84179835542268, 19.083354019141044], [72.84185342416124, 19.083711964013215]]]}, "properties": {"OBJECTID": 67, "ID": 192, "WARD_ID": 11, "TYPE": "Railroad", "NAME": "Western Railway", "LKM": 2.11647443, "SHAPE.LEN": 2116.47445036294}}, {"type": "Feature", "id": 68, "geometry": {"type": "MultiLineString", "coordinates": [[[72.84225595176747, 19.087175801064078], [72.84234341639089, 19.087779673733063], [72.84246407908581, 19.088713040847452], [72.84256344902198, 19.08947250995878], [72.84262023125989, 19.0898841849107], [72.84270185615998, 19.090476855597412], [72.8427081433342, 19.09052382251288]], [[72.83979649625033, 19.067864878156005], [72.83981773672444, 19.068007072392856], [72.83987927583641, 19.068203668443488], [72.84000969908982, 19.069140584070553], [72.84007890315675, 19.06974744989538], [72.84018004722442, 19.070591205902545], [72.84018628009385, 19.0709172485977], [72.84021844548278, 19.07164272196838], [72.84027063277746, 19.072146700201117], [72.84039373403644, 19.07296292118631], [72.84054278860586, 19.07397791351521], [72.84061021790343, 19.074382490217356], [72.8406457069973, 19.074719637894734], [72.8406935061685, 19.075306984594317], [72.84081927052691, 19.076305119307506], [72.84094104234174, 19.077187470665105], [72.84105482931761, 19.078049858674348], [72.84112669509327, 19.078652731445374], [72.84120055664673, 19.07919172423164], [72.84132232875308, 19.080179878009197], [72.8413203316844, 19.080515250533534], [72.84132432458236, 19.080645008058667], [72.84138021960868, 19.081295791881523], [72.84147404431242, 19.08201844115718], [72.84152709484833, 19.08241174917042], [72.84168124141242, 19.082976059374626], [72.8417770620583, 19.083463149129386], [72.841893151424, 19.084227230296502]]]}, "properties": {"OBJECTID": 68, "ID": 195, "WARD_ID": 11, "TYPE": "Railroad", "NAME": "Western Railway", "LKM": 2.20082719, "SHAPE.LEN": 2200.82712589849}}, {"type": "Feature", "id": 69, "geometry": {"type": "LineString", "coordinates": [[72.83968369070972, 19.06765439814352], [72.83968997505927, 19.06767702330596], [72.83977869884731, 19.068411650041355], [72.8398749141572, 19.069082396132163], [72.83997428343069, 19.06968926223956], [72.84004881103068, 19.070228698441092], [72.84009494731008, 19.070626178182735], [72.84012688706704, 19.071066244363813], [72.8401681459732, 19.071684960374455], [72.84023264315921, 19.072191284068456], [72.84035046889058, 19.073007504672525], [72.84049952415259, 19.074022497020984], [72.84056695334955, 19.074427073728582], [72.84060244330445, 19.074764221416228], [72.84065024231748, 19.075351568110637], [72.84077600736768, 19.07634970283781], [72.84089777990685, 19.07723205421184], [72.84101156666101, 19.078094442224877], [72.84108343322968, 19.078697315007698], [72.84115729464521, 19.079236307797064], [72.84127906744531, 19.08022446158787], [72.84127707122909, 19.080559834112712], [72.8412863396859, 19.08068724627207], [72.84133695894224, 19.081340375452914], [72.84143078345978, 19.08206302473135], [72.84148867574211, 19.082492222418015], [72.84154856303365, 19.082975319794848], [72.84160845184869, 19.083386551666333], [72.8417382087226, 19.084224984374966], [72.84186996281605, 19.085095357781203], [72.84198973901286, 19.08571819347285], [72.84203964581579, 19.086025619427634], [72.84230015883281, 19.087824257416987], [72.84242082223702, 19.088757624546], [72.84252019197767, 19.089517093660486], [72.84257697506025, 19.089928768626017], [72.84265859982045, 19.09052143841316], [72.84266180750666, 19.090545400442625]]}, "properties": {"OBJECTID": 69, "ID": 196, "WARD_ID": 11, "TYPE": "Railroad", "NAME": "Western Railway", "LKM": 2.55481727, "SHAPE.LEN": 2554.8173165225403}}, {"type": "Feature", "id": 70, "geometry": {"type": "MultiLineString", "coordinates": [[[72.83923985159356, 19.063577907353686], [72.83921796895203, 19.063748365840688], [72.8391966750941, 19.064025181178643], [72.83920022416245, 19.064277154593874], [72.83922151792599, 19.06455752015801], [72.83937057211546, 19.065561865400976], [72.83950188218031, 19.066388763581152], [72.83965448633421, 19.067268896974245], [72.83968369070972, 19.06765439814352]], [[72.83926671499309, 19.06336865467344], [72.83923985159356, 19.063577907353686]], [[72.83928486443234, 19.063227278736193], [72.83926671499309, 19.06336865467344]], [[72.84209144735738, 19.051246025782433], [72.84208592363103, 19.051258157841477], [72.84194270621676, 19.05163293354171], [72.84160200721647, 19.052400685155998], [72.84143698208271, 19.052845187530135], [72.84119451071078, 19.05362364994609]]]}, "properties": {"OBJECTID": 70, "ID": 190, "WARD_ID": 11, "TYPE": "Railroad", "NAME": "Western Railway", "LKM": 0.77428624, "SHAPE.LEN": 774.286264835335}}, {"type": "Feature", "id": 71, "geometry": {"type": "LineString", "coordinates": [[72.84209982976724, 19.050370343170414], [72.84208846792068, 19.050391967918156], [72.84180597394595, 19.05109705479459], [72.8415808976626, 19.051613811907547], [72.8411927559853, 19.052445216386072], [72.8409630864334, 19.053003313888524], [72.84073801005934, 19.05372907089538], [72.84068288861589, 19.053931180266456]]}, "properties": {"OBJECTID": 71, "ID": 191, "WARD_ID": 11, "TYPE": "Railroad", "NAME": "Western Railway", "LKM": 0.42210913, "SHAPE.LEN": 422.10912262375604}}, {"type": "Feature", "id": 72, "geometry": {"type": "MultiLineString", "coordinates": [[[72.83980638918965, 19.057355646720648], [72.83979516139536, 19.057390470263446], [72.83967223062731, 19.057874898167317], [72.83950898029946, 19.058620172240385], [72.83932798538235, 19.059436424452663], [72.83926055571726, 19.06002909482682], [72.83921441953177, 19.06078856372761], [72.8392133808195, 19.061034754123682]], [[72.84231849412195, 19.050634907864435], [72.84205997792064, 19.05121738581108], [72.84187351651066, 19.051619755044502], [72.84151805228939, 19.052415768243378], [72.84122659764104, 19.05308851066733], [72.84106290330124, 19.053573604133007], [72.84089920955599, 19.054090637357287], [72.84041611165594, 19.055472055898043], [72.84000454809744, 19.056741017494186], [72.83988774890284, 19.057103291803813]]]}, "properties": {"OBJECTID": 72, "ID": 193, "WARD_ID": 11, "TYPE": "Railroad", "NAME": "Western Railway", "LKM": 1.17469396, "SHAPE.LEN": 1174.69392191649}}, {"type": "Feature", "id": 73, "geometry": {"type": "LineString", "coordinates": [[72.84213285259452, 19.050410990207137], [72.84213103149176, 19.050414457283452], [72.84184853765318, 19.051119543334394], [72.84162346145816, 19.051636300508164], [72.84123531896905, 19.052467705079053], [72.841005649503, 19.05302580354738], [72.840978885626, 19.053112104379025]]}, "properties": {"OBJECTID": 73, "ID": 197, "WARD_ID": 11, "TYPE": "Railroad", "NAME": "Western Railway", "LKM": 0.32292966, "SHAPE.LEN": 322.929678571512}}, {"type": "Feature", "id": 74, "geometry": {"type": "LineString", "coordinates": [[72.84132395533058, 19.078662401107604], [72.84134616391464, 19.078842845822184], [72.8413860896192, 19.07929799490908], [72.84146327833493, 19.079904860942772], [72.84152982108186, 19.080399935776096], [72.8415830545903, 19.080732647593088], [72.84166288387685, 19.081240649135967]]}, "properties": {"OBJECTID": 74, "ID": 207, "WARD_ID": 11, "TYPE": "Railroad", "NAME": "Western Railway", "LKM": 0.28775649000000003, "SHAPE.LEN": 287.75650929096}}, {"type": "Feature", "id": 75, "geometry": {"type": "MultiLineString", "coordinates": [[[72.83905890769779, 19.06215751381068], [72.83911150058651, 19.062545280798993], [72.83917538115281, 19.062935662186472], [72.83926671499309, 19.06336865467344], [72.83931143070164, 19.063580641109127], [72.83934883198539, 19.063757950838713]], [[72.84076685437675, 19.053868651582942], [72.84059012033434, 19.054437767010274], [72.84013230917878, 19.055722476346688], [72.8398306507686, 19.056655843738653], [72.83959992103549, 19.05746588514208], [72.83935992565175, 19.058613074423093], [72.83918957713749, 19.059564185913157], [72.83912924575722, 19.060139110928052], [72.83910795187555, 19.060937618587687], [72.83910085423604, 19.061438016505164], [72.83905890769779, 19.06215751381068]], [[72.84034085440877, 19.071105073777982], [72.8403373828289, 19.07120112752057], [72.84036466678441, 19.071763061191138], [72.84042255666667, 19.072356302491873], [72.84047845283726, 19.072654412217325], [72.84055564106846, 19.07316279493511], [72.84064347733452, 19.073756352712067], [72.84073929830258, 19.07450961157302], [72.84081382543717, 19.075140432460408], [72.84088036811889, 19.07567543211073], [72.84098151174175, 19.076468616531265], [72.84105870152885, 19.077136701553737], [72.84114919833979, 19.077799462407835], [72.84128228340003, 19.078749686574064], [72.84135148691715, 19.079457696600212], [72.84148989573369, 19.08045849296666], [72.84153780540677, 19.080788542861356], [72.84158571637373, 19.081142547940598], [72.84170549283806, 19.082036876299856], [72.84175298296884, 19.08240923956175]], [[72.8427398705542, 19.08998513551907], [72.84278880085569, 19.090474439782977], [72.8427906502151, 19.090485401642372]]]}, "properties": {"OBJECTID": 75, "ID": 194, "WARD_ID": 11, "TYPE": "Railroad", "NAME": "Western Railway", "LKM": 2.43723631, "SHAPE.LEN": 2437.23632611494}}, {"type": "Feature", "id": 76, "geometry": {"type": "LineString", "coordinates": [[72.84216440527038, 19.05044904847605], [72.84215068594128, 19.05047565963062], [72.84199253924851, 19.05085867198322], [72.84178744230441, 19.051385005497746], [72.84154775073442, 19.051879214297433], [72.84111284669524, 19.052842923101938], [72.840978885626, 19.053112104379025]]}, "properties": {"OBJECTID": 76, "ID": 198, "WARD_ID": 11, "TYPE": "Railroad", "NAME": "Western Railway", "LKM": 0.32032712, "SHAPE.LEN": 320.327099986017}}, {"type": "Feature", "id": 77, "geometry": {"type": "LineString", "coordinates": [[72.84224884634308, 19.050550899882428], [72.84219341435073, 19.050666960416507], [72.84195248767038, 19.051211826368487], [72.84179773816109, 19.051547270266152], [72.84147485510978, 19.052268816235774], [72.84117832883375, 19.052947530296787], [72.84100041331247, 19.05334289774233], [72.84081590930883, 19.053767917552648], [72.84076685437675, 19.053868651582942]]}, "properties": {"OBJECTID": 77, "ID": 199, "WARD_ID": 11, "TYPE": "Railroad", "NAME": "Western Railway", "LKM": 0.39912172, "SHAPE.LEN": 399.121714943237}}, {"type": "Feature", "id": 78, "geometry": {"type": "LineString", "coordinates": [[72.840978885626, 19.053112104379025], [72.84078057327926, 19.053751559716726], [72.84076474073672, 19.053872991372277]]}, "properties": {"OBJECTID": 78, "ID": 200, "WARD_ID": 11, "TYPE": "Railroad", "NAME": "Western Railway", "LKM": 0.0873621, "SHAPE.LEN": 87.36210027277029}}, {"type": "Feature", "id": 79, "geometry": {"type": "LineString", "coordinates": [[72.84076685437675, 19.053868651582942], [72.84076474073672, 19.053872991372277]]}, "properties": {"OBJECTID": 79, "ID": 201, "WARD_ID": 11, "TYPE": "Railroad", "NAME": "Western Railway", "LKM": 0.0005295300000000001, "SHAPE.LEN": 0.529526014469544}}, {"type": "Feature", "id": 80, "geometry": {"type": "MultiLineString", "coordinates": [[[72.83929191208613, 19.063786977442092], [72.83927475109472, 19.063968398949978], [72.83926410510504, 19.064305546326135], [72.83927830028789, 19.064532677667046], [72.8393457302966, 19.065001135387988], [72.83943090447184, 19.065565414003018], [72.83951962703405, 19.06614743704067], [72.839689975027, 19.06715178237903], [72.83979649625033, 19.067864878156005]], [[72.83931143070164, 19.063580641109127], [72.83929191208613, 19.063786977442092]], [[72.83931847877305, 19.063506137534855], [72.83931143070164, 19.063580641109127]]]}, "properties": {"OBJECTID": 80, "ID": 204, "WARD_ID": 11, "TYPE": "Railroad", "NAME": "Western Railway", "LKM": 0.48689089, "SHAPE.LEN": 486.890852194932}}, {"type": "Feature", "id": 81, "geometry": {"type": "LineString", "coordinates": [[72.83979649625033, 19.067864878156005], [72.83975417663217, 19.067202872035725], [72.83974885265889, 19.067069787525593], [72.83974885306846, 19.06695533448265], [72.83976993418992, 19.066823358727476]]}, "properties": {"OBJECTID": 81, "ID": 206, "WARD_ID": 11, "TYPE": "Railroad", "NAME": "Western Railway", "LKM": 0.11562979, "SHAPE.LEN": 115.629814949221}}, {"type": "Feature", "id": 82, "geometry": {"type": "LineString", "coordinates": [[72.8407955547051, 19.07458455507595], [72.84083511939325, 19.074930158877642], [72.84090432283558, 19.075467819973287], [72.8409921588459, 19.076138566979463], [72.84105870077138, 19.076625656233194], [72.84112258154236, 19.07721122851585], [72.84127253040099, 19.078255871298108]]}, "properties": {"OBJECTID": 82, "ID": 208, "WARD_ID": 11, "TYPE": "Railroad", "NAME": "Western Railway", "LKM": 0.40960216, "SHAPE.LEN": 409.602128583024}}, {"type": "Feature", "id": 83, "geometry": {"type": "LineString", "coordinates": [[72.84042655636676, 19.071796900441424], [72.84044917404195, 19.072095456704282], [72.84049708391956, 19.07246809332896], [72.84055564110544, 19.072792819673168], [72.840560704785, 19.07282542682602]]}, "properties": {"OBJECTID": 83, "ID": 209, "WARD_ID": 11, "TYPE": "Railroad", "NAME": "Western Railway", "LKM": 0.11483435, "SHAPE.LEN": 114.83427802207001}}, {"type": "Feature", "id": 84, "geometry": {"type": "LineString", "coordinates": [[72.84127253040099, 19.078255871298108], [72.84128228359792, 19.078323816251977], [72.84132395533058, 19.078662401107604]]}, "properties": {"OBJECTID": 84, "ID": 210, "WARD_ID": 11, "TYPE": "Railroad", "NAME": "Western Railway", "LKM": 0.04533628, "SHAPE.LEN": 45.336229561324195}}, {"type": "Feature", "id": 85, "geometry": {"type": "LineString", "coordinates": [[72.840560704785, 19.07282542682602], [72.84068872640997, 19.07364988433376], [72.84074462114707, 19.07413963635447], [72.8407955547051, 19.07458455507595]]}, "properties": {"OBJECTID": 85, "ID": 211, "WARD_ID": 11, "TYPE": "Railroad", "NAME": "Western Railway", "LKM": 0.19636816, "SHAPE.LEN": 196.36823134747002}}, {"type": "Feature", "id": 86, "geometry": {"type": "LineString", "coordinates": [[72.83988774890284, 19.057103291803813], [72.83980638918965, 19.057355646720648]]}, "properties": {"OBJECTID": 86, "ID": 212, "WARD_ID": 11, "TYPE": "Railroad", "NAME": "Western Railway", "LKM": 0.029223990000000002, "SHAPE.LEN": 29.224023063568797}}, {"type": "Feature", "id": 87, "geometry": {"type": "LineString", "coordinates": [[72.84076474073672, 19.053872991372277], [72.8407254518756, 19.053953669104427], [72.84056550946725, 19.054370853037554], [72.84041065729636, 19.054706915411305], [72.84008777415215, 19.055662387060462], [72.83972535314507, 19.056776005242956], [72.83958697467703, 19.05725374156236], [72.83954084901217, 19.057448130776415], [72.83933153437955, 19.05842143264766], [72.83915408814494, 19.059329956561236], [72.83908310968971, 19.059848099333866], [72.83902277787368, 19.060685645243602], [72.83900858235549, 19.061523190593153], [72.8389766417383, 19.06203778461742], [72.83898020578172, 19.062271228884846]]}, "properties": {"OBJECTID": 87, "ID": 202, "WARD_ID": 11, "TYPE": "Railroad", "NAME": "Western Railway", "LKM": 0.95551951, "SHAPE.LEN": 955.5195468520479}}, {"type": "Feature", "id": 88, "geometry": {"type": "MultiLineString", "coordinates": [[[72.83929191208613, 19.063786977442092], [72.83939541494092, 19.064202627309967], [72.83941039393227, 19.064268655420538]], [[72.83923985159356, 19.063577907353686], [72.83929191208613, 19.063786977442092]], [[72.83898020578172, 19.062271228884846], [72.83907956092493, 19.062889525730316], [72.83917183249004, 19.0633047504932], [72.83923985159356, 19.063577907353686]]]}, "properties": {"OBJECTID": 88, "ID": 205, "WARD_ID": 11, "TYPE": "Railroad", "NAME": "Western Railway", "LKM": 0.22588003, "SHAPE.LEN": 225.87998158479002}}, {"type": "Feature", "id": 89, "geometry": {"type": "LineString", "coordinates": [[72.83898020578172, 19.062271228884846], [72.83898373940828, 19.062502693763296], [72.83901213140321, 19.063130852640715], [72.83908665883413, 19.064032279566142], [72.83913634379614, 19.064578813429563], [72.83930314260962, 19.065625745476105], [72.83947349088425, 19.066647835318747], [72.83956221414753, 19.06709145103539], [72.83961899739643, 19.067421500377435], [72.83968369070972, 19.06765439814352]]}, "properties": {"OBJECTID": 89, "ID": 276, "WARD_ID": 11, "TYPE": "Railroad", "NAME": "Western Railway", "LKM": 0.60160618, "SHAPE.LEN": 601.6061505512911}}, {"type": "Feature", "id": 90, "geometry": {"type": "LineString", "coordinates": [[72.82865910787338, 19.13193199498995], [72.82878967467076, 19.13180473372067], [72.82895947554042, 19.131597442267037], [72.82904989087926, 19.131465128978384], [72.82912707336054, 19.13132178975159], [72.82915574213466, 19.131213733686227], [72.82917999936092, 19.131046137031078], [72.829177792549, 19.130933670760644], [72.82914030555996, 19.13060950310324], [72.8291044092274, 19.13035835342617]]}, "properties": {"OBJECTID": 90, "ID": 292, "WARD_ID": 13, "TYPE": "Metro Rail", "NAME": "Metro Rail", "LKM": 0.19176026000000002, "SHAPE.LEN": 191.760214547223}}, {"type": "Feature", "id": 91, "geometry": {"type": "LineString", "coordinates": [[72.84274926870057, 19.09050467110053], [72.84287367921962, 19.091309817362205], [72.84298813240797, 19.09214825015492], [72.84306532052409, 19.092656633246936], [72.84313718714046, 19.09317566296386], [72.84317977409987, 19.093511036396496], [72.84324631671973, 19.09397683285745], [72.84336875462192, 19.094881807739146], [72.84353910288682, 19.09627121165923], [72.84364556975322, 19.097160215958493], [72.84370412708118, 19.09756479389719], [72.84378131692638, 19.098499047858247], [72.84386412478352, 19.099188820049957], [72.8439857863359, 19.100118391116748], [72.84407961112174, 19.10079512555882], [72.84420193412258, 19.101550652937416], [72.84427139200076, 19.102217996289443], [72.84439915335109, 19.102924231761886], [72.8444949739345, 19.10379371827691], [72.84459079426576, 19.10452834463438], [72.84466532154222, 19.105092623820415], [72.84475049603137, 19.105727880600014], [72.84485696363161, 19.10642701902303], [72.84493858946254, 19.107111960964364], [72.84504505672855, 19.10796725090788], [72.84514797570819, 19.10874091660423], [72.84524024727308, 19.109379722143462], [72.84536800896733, 19.11010725057887], [72.8454425365286, 19.110689274900672], [72.8454511626687, 19.110776976029733], [72.84559980627782, 19.111512690278904], [72.84564949141024, 19.1118391916636], [72.84577021284552, 19.112851313797023], [72.84585446106412, 19.113489656720752], [72.8459322294318, 19.11417336458051], [72.84600999661924, 19.11511305772958], [72.84603915937643, 19.11548569356777], [72.84612664882492, 19.116078673289334], [72.84614266004753, 19.116201621760602]]}, "properties": {"OBJECTID": 91, "ID": 289, "WARD_ID": 13, "TYPE": "Railroad", "NAME": "Western Railway", "LKM": 2.86828262, "SHAPE.LEN": 2868.2825929550204}}, {"type": "Feature", "id": 92, "geometry": {"type": "LineString", "coordinates": [[72.84707102159354, 19.1220072214383], [72.84712961733743, 19.12245762487199], [72.84715553987706, 19.12289398776632], [72.84719442394929, 19.12330874935002], [72.84724626959996, 19.123926570117668], [72.84733267743202, 19.12457463436902], [72.84760486460632, 19.12656203133999], [72.84787003056928, 19.12867363972619], [72.84799964369981, 19.129642496360383], [72.84809037154298, 19.130271117901287], [72.84816814018785, 19.130860856298266], [72.84829775301931, 19.131709820567405], [72.84839496275461, 19.1324486125704], [72.84850189312343, 19.13326193543368], [72.84858938191016, 19.133961843326766], [72.84863038038596, 19.134279890270378]]}, "properties": {"OBJECTID": 92, "ID": 290, "WARD_ID": 13, "TYPE": "Railroad", "NAME": "Western Railway", "LKM": 1.36892581, "SHAPE.LEN": 1368.92580884656}}, {"type": "Feature", "id": 93, "geometry": {"type": "LineString", "coordinates": [[72.84863038038596, 19.134279890270378], [72.84880324300963, 19.135620887641558], [72.84902682557232, 19.137101714761137], [72.84908839156122, 19.137801623549617], [72.84922448484969, 19.13868623157759], [72.84933789747123, 19.139470389064147], [72.84954203623924, 19.14088748882426], [72.84970189223229, 19.14234347374824], [72.8497425314103, 19.14265643465698], [72.8498105785376, 19.143229971102592], [72.84986647392545, 19.143708728947217], [72.84997826433053, 19.144607918025013], [72.85003416019218, 19.145164443103734], [72.85007547426474, 19.145580014029772], [72.85008822266417, 19.14577123615464]]}, "properties": {"OBJECTID": 93, "ID": 291, "WARD_ID": 13, "TYPE": "Railroad", "NAME": "Western Railway", "LKM": 1.28178329, "SHAPE.LEN": 1281.78327092283}}, {"type": "Feature", "id": 94, "geometry": {"type": "LineString", "coordinates": [[72.8427081433225, 19.090523823415996], [72.84279068973578, 19.091140504303787], [72.84283660408929, 19.091493843606123], [72.84290846911226, 19.09198492579955], [72.84302824494227, 19.09273751886272], [72.84311208830849, 19.09340826641781], [72.84324184491352, 19.094306586981634], [72.84332768415337, 19.094963359248357], [72.84342550157851, 19.095791811215967], [72.84351134082489, 19.0965004861429], [72.84358719879877, 19.097081400995222], [72.84368283359946, 19.09783628629247], [72.8437067888329, 19.09843250495081], [72.8437147738942, 19.09849372428448], [72.84376800807105, 19.098948872593823], [72.84381059526102, 19.099225688976187], [72.84388246032144, 19.09979529162664], [72.84394368002354, 19.10033029243941], [72.84403417737427, 19.10087327672684], [72.84414747381636, 19.10153500943777], [72.84420881539909, 19.10221699611601], [72.8443365764551, 19.102923233412067], [72.84443239768105, 19.103792718132517], [72.84452821772038, 19.104527345398598], [72.8446027457433, 19.105091623697177], [72.8446879199783, 19.105726881385436], [72.84479438732288, 19.106426018915766], [72.84487601194279, 19.107110960848498], [72.84498247982103, 19.107966251710923], [72.84508539945547, 19.108739917424888], [72.84517767077624, 19.109378722971954], [72.8453054312414, 19.110106251412866], [72.84537995859233, 19.110688274835457], [72.84540536186168, 19.11094653483871], [72.84549333867761, 19.11133169559195], [72.84556076885663, 19.111821447230994], [72.84567078475665, 19.112733519934114], [72.8457896545821, 19.113654913047895], [72.84583447888149, 19.114434094651596], [72.8458903743073, 19.11501434440495], [72.84594972985009, 19.115549634628124], [72.84603296070567, 19.11616426333297], [72.84610038990212, 19.116664660579016], [72.84617136858397, 19.11720054840572], [72.8462849340749, 19.11826167556715]]}, "properties": {"OBJECTID": 94, "ID": 297, "WARD_ID": 13, "TYPE": "Railroad", "NAME": "Western Railway", "LKM": 3.09524067, "SHAPE.LEN": 3095.2405639557105}}, {"type": "Feature", "id": 95, "geometry": {"type": "LineString", "coordinates": [[72.8457359779991, 19.11376180413063], [72.84572801132894, 19.114048149316762], [72.8457679371161, 19.114364890577665], [72.8458907563791, 19.11553696521274], [72.8459830291463, 19.116218358902444], [72.84605045818292, 19.116718757054635], [72.84612143671748, 19.117254643981052], [72.84623500187388, 19.11831577204307]]}, "properties": {"OBJECTID": 95, "ID": 298, "WARD_ID": 13, "TYPE": "Railroad", "NAME": "Western Railway", "LKM": 0.50726673, "SHAPE.LEN": 507.266710118456}}, {"type": "Feature", "id": 96, "geometry": {"type": "LineString", "coordinates": [[72.845009687139, 19.108734549828263], [72.84508554594663, 19.109259568377475], [72.84514942586031, 19.109658822303388], [72.84522328786011, 19.11006805842508], [72.84526520983319, 19.110385464430745], [72.8452951525249, 19.110782721288295], [72.84531511624229, 19.110964382316578], [72.84541493037547, 19.11173094902924], [72.8454708259156, 19.112110240568242], [72.84558461294249, 19.112940688066946], [72.84566047146414, 19.113579494602924], [72.8457359779991, 19.11376180413063]]}, "properties": {"OBJECTID": 96, "ID": 299, "WARD_ID": 13, "TYPE": "Railroad", "NAME": "Western Railway", "LKM": 0.5626203200000001, "SHAPE.LEN": 562.6203359259671}}, {"type": "Feature", "id": 97, "geometry": {"type": "LineString", "coordinates": [[72.82849196923176, 19.13206274424379], [72.8286154617196, 19.131974535260532], [72.82865910787338, 19.13193199498995]]}, "properties": {"OBJECTID": 97, "ID": 293, "WARD_ID": 13, "TYPE": "Metro Rail", "NAME": "Metro Rail", "LKM": 0.02283535, "SHAPE.LEN": 22.8353363092656}}, {"type": "Feature", "id": 98, "geometry": {"type": "LineString", "coordinates": [[72.82613488576678, 19.12924326124722], [72.82608701069834, 19.1292545222524], [72.82594600115412, 19.129283553453057], [72.82588500976114, 19.1292978676266]]}, "properties": {"OBJECTID": 98, "ID": 294, "WARD_ID": 13, "TYPE": "Metro Rail", "NAME": "Metro Rail", "LKM": 0.026984960000000002, "SHAPE.LEN": 26.9849481169945}}, {"type": "Feature", "id": 99, "geometry": {"type": "LineString", "coordinates": [[72.82588500976114, 19.1292978676266], [72.82513312087865, 19.1294743312707], [72.82414190488278, 19.129692066644342], [72.82345759263171, 19.129837224356937], [72.8224435654426, 19.13005496012792], [72.82068716358215, 19.130448958371133], [72.82007128256163, 19.13058167256802], [72.8198908726053, 19.13061485181589], [72.81970631632282, 19.130612777983995], [72.81950724252296, 19.130596189265272], [72.81932890704606, 19.130546421069464], [72.8191111715982, 19.13046762133829], [72.81837501705184, 19.13014412806783]]}, "properties": {"OBJECTID": 99, "ID": 295, "WARD_ID": 13, "TYPE": "Metro Rail", "NAME": "Metro Rail", "LKM": 0.81734283, "SHAPE.LEN": 817.342809470827}}, {"type": "Feature", "id": 100, "geometry": {"type": "LineString", "coordinates": [[72.82613488576678, 19.12924326124722], [72.82625035111039, 19.12924847960951], [72.82636405209189, 19.129260641939737], [72.82657575415466, 19.129315527165247], [72.82677569352072, 19.129397855429406], [72.82689330611272, 19.129468422151408], [72.82700699697934, 19.129558591587035], [72.8271050071612, 19.129699726252362], [72.82718341647261, 19.1298722237496], [72.82721869856356, 19.130052561135898], [72.82723045969858, 19.13016625302771], [72.82721869854423, 19.13028778527891], [72.82717557415421, 19.130448522429862], [72.82702267897767, 19.13078959605706], [72.82690898847265, 19.131067943890475], [72.8268580224507, 19.13124828341384], [72.82684234092974, 19.131401177689828], [72.8268658633301, 19.13156583402403], [72.826924668651, 19.131730491016466], [72.82701875874821, 19.131863783586738], [72.82714029066484, 19.13198531688967], [72.82728534517481, 19.132075485751066], [72.82743039960042, 19.13213429123267], [72.82757153467037, 19.132161734886154], [72.82771658868923, 19.132157813588357], [72.82835169285865, 19.13205196361606], [72.82847714558167, 19.132004918783373], [72.82858691722697, 19.131922590440684], [72.82870844905409, 19.131836341743647], [72.82882606080805, 19.13170304822429], [72.82890054802331, 19.131608958223847], [72.82895151331515, 19.131503108391133], [72.82900247916017, 19.131377654559063], [72.82900639934343, 19.13122476014008], [72.82900639882308, 19.131091466761887], [72.82884174224922, 19.130381874856376]]}, "properties": {"OBJECTID": 100, "ID": 296, "WARD_ID": 13, "TYPE": "Metro Rail", "NAME": "Metro Rail", "LKM": 0.7408078100000001, "SHAPE.LEN": 740.807808643248}}, {"type": "Feature", "id": 101, "geometry": {"type": "LineString", "coordinates": [[72.82588500976114, 19.1292978676266], [72.82635964163754, 19.129316997254886], [72.82656742269987, 19.129360121996438], [72.82670573921942, 19.129405451303338], [72.82680717970756, 19.129467197345285], [72.82691303019895, 19.129544380382736], [72.82697918738377, 19.12961274196434], [72.82704313844089, 19.129696540959266], [72.82708724304422, 19.129786954672287], [72.82713134740924, 19.129872958746912], [72.82715780980442, 19.129954552439614], [72.82717104146612, 19.13004496619125], [72.82717324690017, 19.130133174887437], [72.82716442567946, 19.13022799958518], [72.82714898946443, 19.13030297684205], [72.82712032080124, 19.130391185564832], [72.82689759359128, 19.130898387199807], [72.82683143734207, 19.1310703954144], [72.82679174256957, 19.131165219130718], [72.82678292188568, 19.131242401662593], [72.82677189617156, 19.131315173791343], [72.82677189597355, 19.131376920308654], [72.82677851212514, 19.131473949792607], [72.82680276939728, 19.131582005936817], [72.82684466843737, 19.131703293558516], [72.82689979855567, 19.13180914400285], [72.82698359703426, 19.13191719939487], [72.82707401137127, 19.132009818869076], [72.82714678422681, 19.132069359919512], [72.82725042928656, 19.132131106622253], [72.827329817139, 19.132168594552002], [72.82744889912559, 19.132208289381367], [72.82758341790714, 19.132232546786], [72.82833319342417, 19.132120079906105], [72.82849196923176, 19.13206274424379]]}, "properties": {"OBJECTID": 101, "ID": 302, "WARD_ID": 13, "TYPE": "Metro Rail", "NAME": "Metro Rail", "LKM": 0.56922557, "SHAPE.LEN": 569.225595323554}}, {"type": "Feature", "id": 102, "geometry": {"type": "LineString", "coordinates": [[72.82898640790454, 19.13176501109226], [72.82913969293595, 19.13160895868139], [72.82925730491309, 19.131463903713378], [72.8293200307383, 19.1313345312566], [72.8293709962289, 19.131162033674713], [72.82937491617348, 19.13087584490842], [72.82928866717229, 19.13034659103387]]}, "properties": {"OBJECTID": 102, "ID": 303, "WARD_ID": 13, "TYPE": "Metro Rail", "NAME": "Metro Rail", "LKM": 0.17051170000000002, "SHAPE.LEN": 170.51170498799203}}, {"type": "Feature", "id": 103, "geometry": {"type": "LineString", "coordinates": [[72.82898640790454, 19.13176501109226], [72.82908480664437, 19.131714809240794], [72.82923770256575, 19.131616799054886], [72.82939451832392, 19.13142077983411], [72.82946116517812, 19.13129532671823], [72.8295003694598, 19.131177714904997], [72.82953565259513, 19.13096993388545], [72.82953173255453, 19.130664143379892], [72.82946900598145, 19.13029170561204]]}, "properties": {"OBJECTID": 103, "ID": 304, "WARD_ID": 13, "TYPE": "Metro Rail", "NAME": "Metro Rail", "LKM": 0.18656988, "SHAPE.LEN": 186.56992528288202}}, {"type": "Feature", "id": 104, "geometry": {"type": "LineString", "coordinates": [[72.82865910787338, 19.13193199498995], [72.82898640790454, 19.13176501109226]]}, "properties": {"OBJECTID": 104, "ID": 305, "WARD_ID": 13, "TYPE": "Metro Rail", "NAME": "Metro Rail", "LKM": 0.03909178, "SHAPE.LEN": 39.0917726231492}}, {"type": "Feature", "id": 105, "geometry": {"type": "LineString", "coordinates": [[72.82849196923176, 19.13206274424379], [72.82879469775168, 19.132036282433443], [72.82894367305764, 19.13204804340492], [72.8290848074431, 19.132020600344717], [72.82937883661667, 19.131973555598087]]}, "properties": {"OBJECTID": 105, "ID": 306, "WARD_ID": 13, "TYPE": "Metro Rail", "NAME": "Metro Rail", "LKM": 0.09426047, "SHAPE.LEN": 94.260415415069}}, {"type": "Feature", "id": 106, "geometry": {"type": "LineString", "coordinates": [[72.84719507287778, 19.121483696903834], [72.84718164161424, 19.121492131433023], [72.8471265561899, 19.121526715318346], [72.84704443863619, 19.121578272820436], [72.84699183742336, 19.121611298724638], [72.84685085175022, 19.12169981638593], [72.846697531648, 19.121796077622157], [72.84627314396653, 19.122068309432777], [72.8462407892181, 19.122084398648504], [72.84518820745747, 19.122647536715245], [72.84466913991257, 19.122930982653482], [72.84430754260022, 19.123111781089847], [72.84379547468103, 19.123357900017616], [72.84330906857501, 19.123580690186387], [72.8428296609302, 19.1237999805539], [72.84241034511496, 19.123994370130724], [72.84227776458876, 19.124088793992037], [72.84217951387726, 19.124170953371507], [72.84210797194217, 19.124237828766404], [72.84202398795671, 19.124363804987865], [72.84192134192712, 19.124537994408605], [72.84183269237562, 19.12475572927463], [72.84169271892559, 19.125068335197266], [72.84161806641586, 19.125216085114563], [72.84153874874414, 19.12533428372035], [72.84134589698203, 19.125590901234176], [72.84114837937935, 19.12579619529101], [72.84085288134919, 19.126023262245518], [72.84060350771406, 19.12615899723441], [72.84048428565862, 19.12622389023452], [72.84028684253373, 19.126286328063117], [72.84002396266283, 19.126359911804588], [72.8395931242483, 19.126480507838725], [72.83882171754759, 19.126676469810633], [72.83783879562391, 19.126908203017194], [72.83752508286442, 19.126968215551905], [72.8366387084182, 19.127137777858874], [72.83644112673885, 19.127174714650717], [72.83602860641767, 19.12720615472619], [72.83551686395991, 19.12720983436332], [72.83514041259853, 19.127235799691608], [72.83490712433363, 19.127263794993304], [72.83466192404582, 19.127310807565774], [72.83346268018326, 19.127588755974774], [72.8321122737628, 19.127892191143843], [72.83096672560897, 19.12816558177773], [72.82972475126238, 19.12844643291494], [72.82940007025773, 19.128502002144145], [72.82838878926094, 19.128719513761425], [72.82766507680535, 19.128883334210883], [72.82620940130774, 19.129225733272254], [72.82618904084374, 19.129230522707505], [72.82613488576678, 19.12924326124722]]}, "properties": {"OBJECTID": 106, "ID": 317, "WARD_ID": 13, "TYPE": "Metro Rail", "NAME": "Metro Rail", "LKM": 2.4532297, "SHAPE.LEN": 2453.2297490579203}}, {"type": "Feature", "id": 107, "geometry": {"type": "LineString", "coordinates": [[72.84614266004753, 19.116201621760602], [72.84621737724878, 19.116775341819583], [72.84634699019357, 19.117692353286422], [72.84645392065917, 19.118372820117255], [72.84666454177933, 19.11973699456793], [72.84680711585702, 19.121097929931892], [72.84684728072617, 19.121650668374574], [72.84685085175022, 19.12169981638593], [72.84687516294346, 19.122034382865717], [72.84707345244134, 19.122963114727707], [72.8471987440631, 19.12400433840653], [72.84733267767024, 19.1249073075517], [72.84745796969938, 19.125926928055677], [72.84761782601052, 19.12706320072841], [72.84774689886822, 19.12822647612936], [72.84781170525822, 19.128731965595648], [72.84794131772371, 19.129707302162448], [72.84804500784136, 19.130446096038227], [72.84815841947223, 19.131314501999473], [72.84825238897851, 19.131994969257583], [72.84834635834325, 19.132613869933405], [72.84839496282781, 19.133038352095998], [72.84850189324082, 19.13387111473539], [72.84857642112553, 19.134496496261438], [72.84860234357106, 19.134966343399423], [72.84874167706037, 19.136129618327487], [72.84893933656807, 19.137727096024026], [72.84902034492715, 19.13831683509281], [72.849075430132, 19.138682991438387], [72.8491985628153, 19.13927596933966], [72.84926660886858, 19.1394930709802], [72.84941674438869, 19.140533214311827], [72.84958092046115, 19.141729972314184], [72.84966300945203, 19.142632941780864], [72.84977101954333, 19.143341492441568], [72.8499351953472, 19.144715387857357], [72.85001728252671, 19.145510347257947], [72.85003206235757, 19.14577232678778]]}, "properties": {"OBJECTID": 107, "ID": 316, "WARD_ID": 13, "TYPE": "Railroad", "NAME": "Western Railway", "LKM": 3.30106102, "SHAPE.LEN": 3301.06102597072}}, {"type": "Feature", "id": 108, "geometry": {"type": "LineString", "coordinates": [[72.8427906502151, 19.090485401642372], [72.84290059227625, 19.09113720120089], [72.84297245825009, 19.091629614794453], [72.84309223424313, 19.092470708561013], [72.84316143762923, 19.09300837099934], [72.84327322906343, 19.093822848979315], [72.84340099056993, 19.094693222072014], [72.84348882563685, 19.095430511058957], [72.84360061730493, 19.096314192553123], [72.84365651281941, 19.096774665128574], [72.84377362717603, 19.097543895418323], [72.84380556761857, 19.097956456208006], [72.84386412491808, 19.098480809950257], [72.84390557707579, 19.098897433842975], [72.84404331966924, 19.099775792728558], [72.8441347790646, 19.100572390000597]]}, "properties": {"OBJECTID": 108, "ID": 312, "WARD_ID": 13, "TYPE": "Railroad", "NAME": "Western Railway", "LKM": 1.12596797, "SHAPE.LEN": 1125.96800695478}}, {"type": "Feature", "id": 109, "geometry": {"type": "LineString", "coordinates": [[72.84622962538565, 19.115532517863606], [72.84630630583138, 19.11614872009026], [72.84639055424857, 19.11666717059651], [72.84648452384867, 19.117334677584367], [72.8465687725349, 19.117898493000624], [72.84666274246423, 19.118504433363462], [72.84680531592491, 19.119424684626793], [72.84699973459767, 19.120856906350287], [72.84704151568108, 19.121531102386644], [72.84704443863619, 19.121578272820436], [72.84707102159354, 19.1220072214383]]}, "properties": {"OBJECTID": 109, "ID": 318, "WARD_ID": 13, "TYPE": "Railroad", "NAME": "Western Railway", "LKM": 0.72267631, "SHAPE.LEN": 722.6763671667691}}, {"type": "Feature", "id": 110, "geometry": {"type": "LineString", "coordinates": [[72.84689788435406, 19.119608582836985], [72.84708344292251, 19.12107832940741], [72.84712220737735, 19.121481483735423], [72.8471265561899, 19.121526715318346], [72.8471698514622, 19.12197697759932], [72.8472462690314, 19.122466265985064], [72.84728083266275, 19.122937191815], [72.84729379364376, 19.12351180923649], [72.84731539575748, 19.123961133795984], [72.84741476619946, 19.124665363142], [72.84750736764421, 19.125287554839005], [72.84769819386061, 19.126654437100388]]}, "properties": {"OBJECTID": 110, "ID": 308, "WARD_ID": 13, "TYPE": "Railroad", "NAME": "Western Railway", "LKM": 0.78519277, "SHAPE.LEN": 785.192821726959}}, {"type": "Feature", "id": 111, "geometry": {"type": "LineString", "coordinates": [[72.84719075653231, 19.121439331919866], [72.84717839755002, 19.12144693174898], [72.84712220737735, 19.121481483735423], [72.84704151568108, 19.121531102386644], [72.84698299486045, 19.12156708669973], [72.84690904585618, 19.121612557896242], [72.84684728072617, 19.121650668374574], [72.84654356145526, 19.121838070044998], [72.84615008101161, 19.122076023703872], [72.84573949417475, 19.122293759997245], [72.84523248086386, 19.122573705189517], [72.84463370730928, 19.122892533320645], [72.84431888821125, 19.12305595768162], [72.84399740591054, 19.123203426897668], [72.84273576263325, 19.12377743057566], [72.84231895363149, 19.12399516583611], [72.84216498417429, 19.124105589032922], [72.84204315917519, 19.12424835166065], [72.8419757755531, 19.124340475551737], [72.84186224204139, 19.124544214345566], [72.84178292354896, 19.12473084508851], [72.84164917168225, 19.125037230145555], [72.84155741162736, 19.125216084971274], [72.8412525813997, 19.125612675193437], [72.8411266056788, 19.125740205589068], [72.84092286712153, 19.125909729023558], [72.84075023545188, 19.1260217074535], [72.84049361726697, 19.126152348705592], [72.84026966053415, 19.12623322208729], [72.83979219677543, 19.126366974208], [72.83918564710395, 19.12653027543195], [72.83857287606564, 19.126670249109026], [72.83823383096484, 19.12675112192685], [72.83733178235858, 19.126940863576383], [72.83638929773157, 19.127129049066447], [72.83588719354296, 19.127162702688437], [72.83561346989747, 19.12717099741834], [72.83536877667805, 19.127177219104226], [72.83524020868218, 19.127181366220753], [72.83499199546699, 19.127210781065724], [72.83484335921928, 19.127228024433165], [72.83460566408908, 19.127280901562678], [72.83382388873414, 19.12745716521265], [72.83278290507677, 19.127693563327664], [72.83189537194313, 19.127892636140203], [72.8307714406265, 19.12814147733033], [72.82927424853952, 19.128475338864398], [72.82860905012957, 19.128625948577966], [72.82773985297607, 19.128822748381957], [72.82657139237587, 19.12909640058421], [72.82612202172648, 19.12920177138979], [72.82607709687433, 19.129211257178035], [72.8260271642635, 19.129221801054335], [72.82508496091859, 19.129423516086508], [72.824699258327, 19.12951399042522], [72.82358500712947, 19.129761601334266], [72.82299454954202, 19.129892549269908], [72.82217076505297, 19.130066353312305], [72.82051843576254, 19.130437771437624], [72.82000178435537, 19.13054253042334], [72.8198708359415, 19.13056157604566], [72.81973512669335, 19.13056633820273], [72.81960179664354, 19.130561575823602], [72.81943037446794, 19.130523481877496], [72.81913990688349, 19.130416343026845], [72.81840897668603, 19.13009492429007]]}, "properties": {"OBJECTID": 111, "ID": 319, "WARD_ID": 13, "TYPE": "Metro Rail", "NAME": "Metro Rail", "LKM": 3.2923404, "SHAPE.LEN": 3292.3403860031203}}, {"type": "Feature", "id": 112, "geometry": {"type": "LineString", "coordinates": [[72.84266180655669, 19.0905454004315], [72.84274743417582, 19.091185087133933], [72.84279334842657, 19.091538427340794], [72.84286521426321, 19.09202951045249], [72.84298498991633, 19.092782102621236], [72.84306883312057, 19.093452849274993], [72.84319859044724, 19.0943511698569], [72.84328443046793, 19.095007942137464], [72.84338224767717, 19.09583639410577], [72.8434680867277, 19.096545069936983], [72.84354394646364, 19.097125983910814], [72.84363178084322, 19.097876581345016], [72.84364775106292, 19.098479454673246], [72.84364575489771, 19.09883678692615], [72.84363577446015, 19.099116264639935], [72.8436337773441, 19.099271973730527], [72.84377151953659, 19.100150331784047], [72.84386534438052, 19.10082706716367], [72.84398911335491, 19.101292197783362], [72.84404465356218, 19.10156030402478], [72.84417241429739, 19.102270088443305], [72.84430017617406, 19.102976324857718], [72.84439599625796, 19.103845809565676], [72.84449181802786, 19.104580437759388], [72.8445663449798, 19.105144716048795], [72.84465151907904, 19.10577997373952], [72.844757987228, 19.106479111286625], [72.84483961169848, 19.107164053219698], [72.84494607939145, 19.108019344083612], [72.84504899887197, 19.10879300889731], [72.84514127004645, 19.10943181535151], [72.84526903131517, 19.11015934381332], [72.84534355854063, 19.11074136723738], [72.84534814201872, 19.110787960080987], [72.84545363699841, 19.11137682782284], [72.84553171326023, 19.11211855255328], [72.8456204364308, 19.11284963063636], [72.8457359779991, 19.11376180413063]]}, "properties": {"OBJECTID": 112, "ID": 300, "WARD_ID": 13, "TYPE": "Railroad", "NAME": "Western Railway", "LKM": 2.5929441300000002, "SHAPE.LEN": 2592.9440947335897}}, {"type": "Feature", "id": 113, "geometry": {"type": "LineString", "coordinates": [[72.8443056246511, 19.102034467835733], [72.84432873721333, 19.102234009564366], [72.84438967685142, 19.102581833216874]]}, "properties": {"OBJECTID": 113, "ID": 311, "WARD_ID": 13, "TYPE": "Railroad", "NAME": "Western Railway", "LKM": 0.061267920000000003, "SHAPE.LEN": 61.267970470490795}}, {"type": "Feature", "id": 114, "geometry": {"type": "LineString", "coordinates": [[72.84469835385589, 19.1049245531138], [72.84472266680609, 19.105108637960846], [72.84480784055712, 19.105743895627143], [72.84491430841688, 19.106443033137378], [72.84499593353759, 19.107127975064977], [72.84510240109196, 19.107983265906952], [72.84520531940557, 19.108756930682862], [72.8452975921346, 19.109395737129002], [72.84542535312724, 19.110123266441196], [72.84547265218391, 19.11042612437765]]}, "properties": {"OBJECTID": 114, "ID": 310, "WARD_ID": 13, "TYPE": "Railroad", "NAME": "Western Railway", "LKM": 0.61464025, "SHAPE.LEN": 614.6402222261751}}, {"type": "Feature", "id": 115, "geometry": {"type": "LineString", "coordinates": [[72.84602723564291, 19.114263321661646], [72.84608452434871, 19.11466913356374], [72.84618068507302, 19.115444638359982], [72.84622962538565, 19.115532517863606]]}, "properties": {"OBJECTID": 115, "ID": 301, "WARD_ID": 13, "TYPE": "Railroad", "NAME": "Western Railway", "LKM": 0.1428009, "SHAPE.LEN": 142.800961517101}}, {"type": "Feature", "id": 116, "geometry": {"type": "LineString", "coordinates": [[72.84716196112701, 19.121217956387984], [72.84716517709393, 19.121262757409358], [72.84717839755002, 19.12144693174898], [72.84718164161424, 19.121492131433023], [72.84721497833387, 19.12195652957164], [72.84728581837, 19.12224090588243]]}, "properties": {"OBJECTID": 116, "ID": 309, "WARD_ID": 13, "TYPE": "Railroad", "NAME": "Western Railway", "LKM": 0.11432116, "SHAPE.LEN": 114.32108399340201}}, {"type": "Feature", "id": 117, "geometry": {"type": "LineString", "coordinates": [[72.84614266004753, 19.116201621760602], [72.84625446136005, 19.11672873730461], [72.84629982532802, 19.117033326595358], [72.84634843016482, 19.117383282634485], [72.84644563957552, 19.118024866270552], [72.84660765561857, 19.11904232740524], [72.84675347082772, 19.11998850022394], [72.84688632314946, 19.1210837285783], [72.84698299486045, 19.12156708669973], [72.84699183742336, 19.121611298724638], [72.84707102159354, 19.1220072214383]]}, "properties": {"OBJECTID": 117, "ID": 313, "WARD_ID": 13, "TYPE": "Railroad", "NAME": "Western Railway", "LKM": 0.65040796, "SHAPE.LEN": 650.408022182802}}, {"type": "Feature", "id": 118, "geometry": {"type": "LineString", "coordinates": [[72.84966548720779, 19.14153334033679], [72.84978695087365, 19.142654273579247], [72.84994680699458, 19.143825109938238], [72.85014122598248, 19.14564401011343], [72.85015114311267, 19.145770015050285]]}, "properties": {"OBJECTID": 118, "ID": 314, "WARD_ID": 13, "TYPE": "Railroad", "NAME": "Western Railway", "LKM": 0.47190108000000003, "SHAPE.LEN": 471.90105188207303}}, {"type": "Feature", "id": 119, "geometry": {"type": "LineString", "coordinates": [[72.84863038038596, 19.134279890270378], [72.84876587305438, 19.13495561714152]]}, "properties": {"OBJECTID": 119, "ID": 315, "WARD_ID": 13, "TYPE": "Railroad", "NAME": "Western Railway", "LKM": 0.07616265, "SHAPE.LEN": 76.1626289806884}}, {"type": "Feature", "id": 120, "geometry": {"type": "LineString", "coordinates": [[72.9291249886445, 19.04789832059579], [72.92931345366745, 19.047839830594278], [72.93144288316837, 19.047119142620836], [72.93273393455338, 19.046653257383426], [72.93498875136156, 19.04600350693388]]}, "properties": {"OBJECTID": 120, "ID": 365, "WARD_ID": 20, "TYPE": "Railroad", "NAME": "Harbour Railway", "LKM": 0.65227132, "SHAPE.LEN": 652.271379009001}}, {"type": "Feature", "id": 121, "geometry": {"type": "LineString", "coordinates": [[72.9291249886445, 19.04789832059579], [72.92946223369576, 19.047863789730933], [72.92976237384957, 19.047814236576727], [72.93015437937063, 19.04778392741146], [72.93041302160728, 19.047785948445824], [72.93071611885162, 19.047806154166196], [72.93090201828525, 19.0478162580962], [72.93126371377832, 19.04789304216695], [72.93159509895686, 19.047988012448364], [72.93199518700865, 19.048145622559137], [72.9322780772038, 19.04828908824421], [72.93253672016449, 19.048446699409872], [72.93278930084617, 19.048624515955048], [72.93307623236791, 19.048879117001537], [72.93354098021734, 19.049256977738594], [72.93374506531211, 19.049406505246253], [72.93390873945152, 19.049503496808445], [72.93408453435904, 19.04960250822446], [72.9343371147393, 19.049725767294102], [72.93473298260676, 19.04988761541878], [72.93483830021488, 19.049924635248974], [72.93559191927308, 19.050121989607355], [72.93624460414537, 19.050277403795203], [72.93669520793604, 19.050402683958637], [72.93731958716218, 19.050580499586765], [72.93757822954414, 19.050661326548123], [72.93776008817193, 19.05072194541486], [72.93823898123071, 19.050883597003985], [72.93859461491967, 19.051018980848774], [72.93949178135615, 19.051336221764508], [72.9400535195382, 19.051542327753644], [72.9404253196405, 19.05167569014979], [72.94108000822406, 19.051912105837314], [72.94154677775674, 19.052075778377564], [72.94214690918112, 19.052289966724835], [72.94262984282216, 19.05246576224129], [72.94306226120419, 19.05261326924793], [72.94359167028192, 19.05280118977733], [72.94418978124698, 19.053015378271486], [72.94462422147066, 19.05318107068622], [72.94525264034212, 19.053395259368756], [72.94589373694427, 19.053653967383585], [72.94624451584326, 19.053779441879318], [72.94942457083643, 19.054913070230473], [72.95245629337708, 19.055823313190714], [72.95389864853425, 19.05624825727818], [72.95464591799663, 19.05644876079841], [72.95533899978514, 19.05664880443989], [72.95589063505479, 19.056810455828984], [72.95636548740347, 19.056951901641977], [72.95666756830458, 19.057054592053696], [72.95794561046239, 19.057407389562623], [72.95858213493214, 19.05756213592708], [72.95901455297802, 19.05765912714021], [72.95957023091347, 19.057790468830422], [72.96019663044606, 19.05793393475438], [72.96042435215571, 19.058000112683732], [72.9605137847357, 19.058020367321372], [72.96074719933797, 19.058073228898003], [72.96194807699602, 19.058347173996218]]}, "properties": {"OBJECTID": 121, "ID": 366, "WARD_ID": 20, "TYPE": "Railroad", "NAME": "Harbour Railway", "LKM": 3.6756721800000003, "SHAPE.LEN": 3675.67220863631}}, {"type": "Feature", "id": 122, "geometry": {"type": "LineString", "coordinates": [[72.90766599801555, 19.059702478019393], [72.90771177960741, 19.059682087219112], [72.90867952181071, 19.05921920803294], [72.90957938320368, 19.058788137322512], [72.91003470178214, 19.058542965664223], [72.91074058055445, 19.05815230767108], [72.91120806859806, 19.057896964138827], [72.91168224684402, 19.057603297187093], [72.9125713305561, 19.057048293670032], [72.91314249961785, 19.056679188977956], [72.91380257689256, 19.05625889488505], [72.91443840705858, 19.055835905897325], [72.91527630126694, 19.055313232933564], [72.91580166871964, 19.054971070373455], [72.91667728129184, 19.054402595037875], [72.91711993300746, 19.054091606982773], [72.91714467946657, 19.054078686593105], [72.91745181639146, 19.053900869869906], [72.91811458889413, 19.053496741444864], [72.9185726011824, 19.053203073565555], [72.91935122301891, 19.052704647297123], [72.91999782962056, 19.052297824129006], [72.92041542959652, 19.052020322379047], [72.92126679497294, 19.051465318942594], [72.9218649062649, 19.05108813186144], [72.92252228901766, 19.050681308090414], [72.92296413741249, 19.050417277182486], [72.92321739152246, 19.050274485302964], [72.92357571919831, 19.05008050342614], [72.9239556008746, 19.049891909349597], [72.92429506885613, 19.049722174934576], [72.92462645547302, 19.049560523751968], [72.92505483206608, 19.049385400571502], [72.92536466428139, 19.04926146831842], [72.92562599951984, 19.049159089428244], [72.92607054300036, 19.049000131052495], [72.9265123908232, 19.04884117375909], [72.92704045242037, 19.048655274740128], [72.9277355543132, 19.048420880447356], [72.92816931946851, 19.04826192208615], [72.9290383106404, 19.04797398804123], [72.92944606804306, 19.04791632743679], [72.92974620830633, 19.04786677341539], [72.93013821395127, 19.047836464296594], [72.93039685628915, 19.047838483554973], [72.93069995360118, 19.047858691116986], [72.9308858521518, 19.047868794154844], [72.93124754773434, 19.047945579170147], [72.9315789339629, 19.04804054859657], [72.93197902210541, 19.048198159655204], [72.93226191236849, 19.04834162537143], [72.93252055444924, 19.048499235651352], [72.93277313518509, 19.04867705222361], [72.93306006675037, 19.04893165420328], [72.93352481564271, 19.04930951500009], [72.93372890076931, 19.049459043432723], [72.933892573069, 19.04955603318509], [72.93406836896725, 19.04965504463095], [72.93432094939759, 19.049778304631637], [72.9346666781465, 19.04991965309103], [72.93474458266009, 19.049948344847298], [72.93483627887721, 19.04996100743224], [72.93558989809208, 19.050158361813445], [72.93624258311173, 19.05031377511793], [72.93669318699584, 19.050439055294966], [72.93731756634011, 19.050616871845083], [72.93757620973635, 19.05069769792165], [72.93775806744053, 19.050758317686377], [72.9382369605976, 19.050919969289822], [72.9385925934204, 19.05105535223136], [72.93948976004054, 19.05137259317382], [72.94005150023689, 19.05157869920087], [72.94042329946544, 19.05171206159746], [72.94107798723307, 19.051948477293863], [72.94154475686138, 19.052112149848018], [72.94214488840855, 19.052326338213113], [72.94262782214828, 19.052502133743918], [72.9430494348025, 19.052662070771035], [72.94356874070564, 19.05284797096261], [72.94417291293847, 19.05306620071032], [72.94460128981198, 19.053231893371407], [72.94524587642492, 19.05346022637218], [72.94589171598768, 19.053690338972523], [72.94624249496955, 19.053815812575504], [72.9494225496527, 19.054949441913685], [72.95245427281986, 19.055859684964634], [72.9538966282865, 19.056284628192103], [72.95464389695431, 19.056485131724237], [72.95533697887528, 19.05668517628967], [72.95588861520892, 19.056846827705776], [72.95636346671702, 19.05698827261925], [72.95666554766909, 19.057090963943118], [72.95794358818141, 19.05744376237253], [72.95858011469474, 19.057598507873998], [72.95901253283114, 19.057695499100184], [72.95956820993284, 19.057826840796647], [72.96019460959647, 19.05797030673951], [72.96042233135327, 19.058036484675686], [72.96051176396301, 19.05805673841284], [72.96074517860309, 19.058109600899684], [72.96194750119956, 19.05838387544528]]}, "properties": {"OBJECTID": 122, "ID": 367, "WARD_ID": 20, "TYPE": "Railroad", "NAME": "Harbour Railway", "LKM": 6.29291034, "SHAPE.LEN": 6292.910368016221}}, {"type": "Feature", "id": 123, "geometry": {"type": "LineString", "coordinates": [[72.91233982024104, 19.0571177587445], [72.91272530253966, 19.056873463071582], [72.91363324586894, 19.05626188193609], [72.91404545808287, 19.055970909036674], [72.91495340091129, 19.055386268340914], [72.91576704728308, 19.054850124385588], [72.91620889522581, 19.054564539238086], [72.91655375254605, 19.05435708694173], [72.91684741935471, 19.05418735269382], [72.91715186287558, 19.05402839480684], [72.91745900159535, 19.053850578082688], [72.91812177293201, 19.0534464486952], [72.91857978600054, 19.053152781696095], [72.91935840755677, 19.05265435627359], [72.92000501488536, 19.052247533068734], [72.92042261471629, 19.051970031287986], [72.92127397980914, 19.051415026885728], [72.92187209089492, 19.051037839760667], [72.92252947436019, 19.050631016855338], [72.92297132165402, 19.050366985904436], [72.9232245756892, 19.05022419310333], [72.92358290419372, 19.050030211211197], [72.92396278478188, 19.049841617999757], [72.92430225359948, 19.049671883570916], [72.92463363915593, 19.049510232353754], [72.92506201655821, 19.049335109153425], [72.9253718486721, 19.04921117687828], [72.92563318478614, 19.049108797077047], [72.9260777271615, 19.0489498395623], [72.92651957484101, 19.048790882237594], [72.92704763721696, 19.048604983191947], [72.92774273889668, 19.048370587946927], [72.92817650391108, 19.048211629554984], [72.92907905885254, 19.047912574962247], [72.9291249886445, 19.04789832059579]]}, "properties": {"OBJECTID": 123, "ID": 368, "WARD_ID": 20, "TYPE": "Railroad", "NAME": "Harbour Railway", "LKM": 2.05095422, "SHAPE.LEN": 2050.95415355573}}, {"type": "Feature", "id": 124, "geometry": {"type": "LineString", "coordinates": [[72.9076662425711, 19.05965527599589], [72.90771896435557, 19.059631795198538], [72.90868670622474, 19.059168916845653], [72.90959139335875, 19.058735246910206], [72.91004188574206, 19.058492674378886], [72.91074776523611, 19.058102015441918], [72.91160721265196, 19.057582036085055], [72.91233982024104, 19.0571177587445]]}, "properties": {"OBJECTID": 124, "ID": 557, "WARD_ID": 20, "TYPE": "Railroad", "NAME": "Harbour Railway", "LKM": 0.56724366, "SHAPE.LEN": 567.243713474703}}, {"type": "Feature", "id": 125, "geometry": {"type": "LineString", "coordinates": [[72.88485380332477, 19.106315822411844], [72.88450847456146, 19.10670164302478], [72.88430277100524, 19.106892202758576], [72.88403523014537, 19.107063833236968], [72.88382293185818, 19.10717547274693], [72.88374244868758, 19.10721779593335], [72.8833683721402, 19.107341266387458], [72.88335628018874, 19.107345257075874], [72.88304709320343, 19.107407094147348], [72.88284265138579, 19.107427286307065], [72.88240978868434, 19.107450001573746], [72.88154028015049, 19.107491646838483], [72.88122730731003, 19.10754591295463], [72.88108470236931, 19.107577461829063], [72.88086764022984, 19.107643086319072], [72.88029343565363, 19.107834907624596], [72.87925932424649, 19.108178076426455], [72.87842569385224, 19.108493664754064], [72.87740979441696, 19.10888235835559], [72.87653649836545, 19.109200378571888], [72.87580075946565, 19.10946918155956], [72.87492241628183, 19.109804870933363], [72.87355694537897, 19.110304617730044], [72.87302564787194, 19.110500225555114], [72.8723239832287, 19.110723598369514], [72.87143932867201, 19.11098104284858], [72.870558462188, 19.11123975058521], [72.86950091580167, 19.111522435877934], [72.86824902384804, 19.111859386864808], [72.86735048887991, 19.112081496586708], [72.86648981308467, 19.112336418106672], [72.86560389762012, 19.11259007790467], [72.864677598025, 19.112852570840513], [72.86422454493798, 19.113026725550952], [72.86371975028386, 19.113279123057076], [72.86299663126599, 19.113667816378985], [72.86229244102284, 19.114052722323724], [72.86168037741515, 19.11437074286961], [72.86139895394858, 19.11449063228574], [72.86108219528617, 19.114607996824482], [72.86069728866413, 19.11471778943428], [72.86035781437977, 19.11479477116369], [72.86028209503259, 19.1148036051244], [72.85980884874475, 19.114859132114418], [72.85955645185798, 19.1148742755675], [72.8591614497398, 19.114905826345638], [72.85882576069835, 19.114943684814666], [72.85840173321469, 19.1150080466127], [72.85808749758039, 19.11506988381367], [72.85762687207246, 19.115184725299226], [72.85744009778938, 19.115246562373294], [72.85732525653988, 19.115285683661543], [72.8571233387742, 19.115390429410958], [72.8558487317044, 19.11611102358619], [72.85523666800711, 19.116492144061002], [72.85439492167708, 19.116975485960317], [72.85357210590507, 19.117447469214298], [72.85271269182356, 19.11796867039192], [72.85193656871971, 19.118454535158882], [72.85109734735866, 19.11898330799557], [72.85044237621175, 19.1193934538165], [72.84945171493686, 19.12001687620465], [72.84815565373222, 19.12085483568581], [72.8476457802676, 19.121168114677577], [72.84759279769845, 19.121200668429324], [72.84719075653231, 19.121439331919866]]}, "properties": {"OBJECTID": 125, "ID": 551, "WARD_ID": 12, "TYPE": "Metro Rail", "NAME": "Metro Rail", "LKM": 4.35991055, "SHAPE.LEN": 4359.91058926804}}, {"type": "Feature", "id": 126, "geometry": {"type": "LineString", "coordinates": [[72.84719507287778, 19.121483696903834], [72.84729428757072, 19.12142599498603], [72.84798212802835, 19.121006747802483], [72.84841708634069, 19.120735885290873], [72.84878846884378, 19.12050473841342], [72.84965789810606, 19.119914767586796], [72.85093418463342, 19.119115268660078], [72.85136086813749, 19.118843959278145], [72.85251426457992, 19.11812670808505], [72.85374332757236, 19.117394500178776], [72.85502469159307, 19.116644857550238], [72.85584188857314, 19.116171974186265], [72.85712761190638, 19.11543540720946], [72.85720536932749, 19.115389167334396], [72.85740602494857, 19.11529704155938], [72.8576167767893, 19.115226370769285], [72.85790198620485, 19.115145602901766], [72.8580496384259, 19.115117839616747], [72.85837523102491, 19.115050953600964], [72.85912485197451, 19.11496513929505], [72.8595968352047, 19.114929802607158], [72.8600334826077, 19.114890681826157], [72.86040072162099, 19.114840201865615], [72.8606518574209, 19.114784675020676], [72.86095978175088, 19.114702646146252], [72.86129799489977, 19.11459285305729], [72.86165261367002, 19.114437628136677], [72.86199082553414, 19.114271045721342], [72.86295877088598, 19.11375236892828], [72.86336008265926, 19.113537830879377], [72.86399233946088, 19.11320340414099], [72.86431414599797, 19.1130481801769], [72.8645943067671, 19.112935863143694], [72.86488582578505, 19.112837427795906], [72.86530859217898, 19.112725111344343], [72.86584241318117, 19.11256988627299], [72.86641409354604, 19.112418447851937], [72.86694034316734, 19.11226448470707], [72.8677467528405, 19.112051209376347], [72.8684645311263, 19.111850766031967], [72.86861533930922, 19.111808962978763], [72.86913941776248, 19.111663693560125], [72.86970194118668, 19.11150402069976], [72.87034186116456, 19.111335227288965], [72.87101860426436, 19.111143219139993], [72.87164434262203, 19.110976125732034], [72.87211530462903, 19.110841295290534], [72.87298514827697, 19.110550723282696], [72.87350350031349, 19.11036118769344], [72.87463808892159, 19.10995416891224], [72.87543283384181, 19.109660981999777], [72.87626871865486, 19.10935242918697], [72.87701031428193, 19.10908059718271], [72.87783099577203, 19.1087856081932], [72.87864275639186, 19.108482308068478], [72.87914250324668, 19.108305629330832], [72.88032877155746, 19.107871504972287], [72.8808878321008, 19.10767084864959], [72.88111751387119, 19.107601440205247], [72.88132700425142, 19.107562317784073], [72.88154911382095, 19.107529506989362], [72.88184189463293, 19.107508053143487], [72.88231387793698, 19.1074853368333], [72.88291079909713, 19.107453788130158], [72.88314679023269, 19.107422237936465], [72.88336763846604, 19.107375544285457], [72.88345850111597, 19.107349043094896], [72.8837310913254, 19.107250606714327], [72.88392922288408, 19.10716100593431], [72.88408570873341, 19.10707897700095], [72.88425342452588, 19.106969576032338], [72.88435198943205, 19.106893464947653], [72.88454002501192, 19.106719311429153], [72.88488447595775, 19.106334894286135]]}, "properties": {"OBJECTID": 126, "ID": 549, "WARD_ID": 12, "TYPE": "Metro Rail", "NAME": "Metro Rail", "LKM": 4.36373648, "SHAPE.LEN": 4363.73650504562}}, {"type": "Feature", "id": 127, "geometry": {"type": "LineString", "coordinates": [[72.84438967685142, 19.102581833216874], [72.84444207239545, 19.102993255087014], [72.8445383229552, 19.103862500947155], [72.84465178875628, 19.104587419819527], [72.84469835385589, 19.1049245531138]]}, "properties": {"OBJECTID": 127, "ID": 539, "WARD_ID": 12, "TYPE": "Railroad", "NAME": "Western Railway", "LKM": 0.26145284, "SHAPE.LEN": 261.452826385805}}, {"type": "Feature", "id": 128, "geometry": {"type": "LineString", "coordinates": [[72.84547265218391, 19.11042612437765], [72.84554024672352, 19.110753577034206], [72.84564435247582, 19.1111586418718], [72.84575212083179, 19.111641810445267], [72.84582420439656, 19.112309389263167], [72.84592847503842, 19.113055107689426], [72.84603621572953, 19.113949695613222], [72.84622271033153, 19.11547583369677], [72.84622962538565, 19.115532517863606]]}, "properties": {"OBJECTID": 128, "ID": 544, "WARD_ID": 12, "TYPE": "Railroad", "NAME": "Western Railway", "LKM": 0.57151602, "SHAPE.LEN": 571.5160209371891}}, {"type": "Feature", "id": 129, "geometry": {"type": "LineString", "coordinates": [[72.84876587305438, 19.13495561714152], [72.84886247115728, 19.135452122590813], [72.84906654458734, 19.136888451203152], [72.84916860399747, 19.137586991228854], [72.8493202164141, 19.13878096396109], [72.84941385337216, 19.139505004417934], [72.84953701295733, 19.140370913615595], [72.84963795702998, 19.14129190776764], [72.84966548720779, 19.14153334033679]]}, "properties": {"OBJECTID": 129, "ID": 537, "WARD_ID": 12, "TYPE": "Railroad", "NAME": "Western Railway", "LKM": 0.73454221, "SHAPE.LEN": 734.5422347416439}}, {"type": "Feature", "id": 130, "geometry": {"type": "LineString", "coordinates": [[72.84296717839439, 19.090443149214956], [72.84304336235243, 19.091067352818506], [72.84318901085014, 19.092082681766403], [72.84328866359819, 19.092820903188795], [72.84340169163288, 19.09371487465942], [72.84346440180724, 19.094232022204046], [72.84352011138809, 19.094688917564774], [72.84358631926192, 19.09519536998219], [72.84363120110591, 19.09570179213892], [72.8437284694511, 19.0965375431351], [72.84385763986572, 19.09734487469151], [72.8439554050883, 19.097918427992788], [72.84405679495819, 19.09844590543143], [72.84414042941623, 19.099005313576033], [72.84421334432393, 19.099617907968927], [72.84424091361676, 19.09994727042061], [72.84429956989061, 19.100569250628638], [72.84439902754184, 19.101575395881135], [72.8444863163907, 19.102231794651033], [72.84461279056325, 19.102936831720324], [72.84470926827792, 19.103806215717476], [72.84480550939838, 19.104540633803996], [72.84488050404661, 19.10510483262897], [72.84496639443887, 19.105740122149555], [72.84507402178505, 19.10643951256302], [72.84515723453048, 19.107125031274837], [72.84526566235479, 19.10798104687318], [72.84537034679309, 19.108755381739382], [72.8454640980174, 19.10939475374141], [72.84559368273634, 19.11012297998458], [72.84569366006156, 19.110384707183904], [72.84576214977203, 19.110671189706512], [72.84586527897301, 19.111236972313563], [72.84598538038334, 19.111930104438898], [72.84608627725329, 19.11265471317591], [72.84610806416667, 19.112899763206013], [72.84625654203609, 19.11370688007713], [72.84650725020535, 19.11560375825046], [72.8465527653876, 19.115962720578874], [72.84664535664287, 19.116605148868874], [72.84694784764633, 19.11819191489569], [72.84697974665161, 19.118392205122227], [72.8471165886006, 19.119308224314235], [72.847176373337, 19.119886178230413], [72.8471023676254, 19.120304768940642]]}, "properties": {"OBJECTID": 130, "ID": 540, "WARD_ID": 12, "TYPE": "Railroad", "NAME": "Western Railway", "LKM": 3.33878333, "SHAPE.LEN": 3338.78337035926}}, {"type": "Feature", "id": 131, "geometry": {"type": "LineString", "coordinates": [[72.84284748209438, 19.090466219192457], [72.84292540787443, 19.09099343836139], [72.84301327094819, 19.09158189521454], [72.84311721766895, 19.092314006777833], [72.8432292674616, 19.09316578672779], [72.84333996816778, 19.09397413238065], [72.84345812589204, 19.094710052190592], [72.84354400196376, 19.095533503000894], [72.84360650329681, 19.096101929335553], [72.84367963946927, 19.09666502364844], [72.84377912039909, 19.097318387725494], [72.84382606278416, 19.097695525203946], [72.84385186263141, 19.09802221681408], [72.84394747847527, 19.09885917589508], [72.84394985062401, 19.098879955905335], [72.8440827653556, 19.09974045061576], [72.84417487724825, 19.100415727011445], [72.84423360583986, 19.100870565660898], [72.84432240064163, 19.10156027689527], [72.84437614436267, 19.102251142098524], [72.84450297457879, 19.10295638389451], [72.84459930278952, 19.103825674920028], [72.844695372434, 19.104560016044005], [72.84477015620313, 19.105124107634865], [72.84485570844078, 19.105759208947354], [72.84496254879207, 19.106458141253942], [72.8450450538806, 19.10714323890397], [72.84515277385505, 19.107998838863388], [72.84525707866895, 19.1087729507163], [72.84535076327671, 19.109412296667326], [72.84548025478645, 19.110140491145717], [72.84548677957423, 19.11019067908281], [72.84564032676299, 19.11073611283529], [72.84573022871041, 19.11120147417225], [72.84580222182375, 19.111649038600497], [72.84589238734989, 19.11245524260936], [72.84603628374606, 19.113577373943514], [72.84616189914715, 19.11463521718944], [72.84630117175843, 19.115520092062773], [72.84647424902938, 19.11670250193511], [72.84660908074696, 19.117665908571578], [72.84681796343315, 19.118979655715773], [72.84690474131924, 19.119665369282078]]}, "properties": {"OBJECTID": 131, "ID": 541, "WARD_ID": 12, "TYPE": "Railroad", "NAME": "Western Railway", "LKM": 3.2622134, "SHAPE.LEN": 3262.21345421951}}, {"type": "Feature", "id": 132, "geometry": {"type": "LineString", "coordinates": [[72.84290222495369, 19.09045566813057], [72.84297262324064, 19.090974601208394], [72.8430578299541, 19.09153644421019], [72.84314044516687, 19.092098211680316], [72.84322585074769, 19.092768973917824], [72.84332436165018, 19.09348241565983], [72.84340299465521, 19.09404832481815], [72.84346580756004, 19.094518536929012], [72.84350502496876, 19.094821367316634], [72.84354397806034, 19.095225113237973], [72.8436012739527, 19.09574306627296], [72.84363775844784, 19.096059143358787], [72.84370558945574, 19.096608942888807], [72.84377361634579, 19.0970684130968], [72.84387302980537, 19.097724378632375], [72.84395180881151, 19.09809610086825], [72.84401710187804, 19.09855550921267], [72.84405609182122, 19.09891404227926], [72.8441422208006, 19.099548735940267], [72.8442229301751, 19.10023925668829], [72.84426740191044, 19.100718793133957], [72.84435576332409, 19.10156786739074], [72.84443604195117, 19.10226824022894], [72.84456275931686, 19.102973412036928], [72.84465917833337, 19.103842759219233], [72.84475532099096, 19.104577132803186], [72.84483019560994, 19.105141268806847], [72.84491587072183, 19.10577643839033], [72.84502294339552, 19.10647550076236], [72.84510572404628, 19.107160764218268], [72.84521392803275, 19.108016654360178], [72.84531858763488, 19.10879098081436], [72.84541231215414, 19.109430345286565], [72.84554184747158, 19.110158553806503], [72.84562203389342, 19.11035968044653], [72.8457118825421, 19.11072918077634], [72.84580911039181, 19.111315303302494], [72.84592070090218, 19.111944074812012], [72.84600362923032, 19.11268990739561], [72.84607927542837, 19.11330789505966], [72.8461549003657, 19.113979109319253], [72.84639008731536, 19.115567325244605]]}, "properties": {"OBJECTID": 132, "ID": 546, "WARD_ID": 12, "TYPE": "Railroad", "NAME": "Western Railway", "LKM": 2.80594885, "SHAPE.LEN": 2805.9489079805803}}, {"type": "Feature", "id": 133, "geometry": {"type": "LineString", "coordinates": [[72.84568472709181, 19.111573830291203], [72.84581937087482, 19.11264364357156], [72.84594069536692, 19.113538315579312], [72.84602723564291, 19.114263321661646]]}, "properties": {"OBJECTID": 133, "ID": 538, "WARD_ID": 12, "TYPE": "Railroad", "NAME": "Western Railway", "LKM": 0.29995828, "SHAPE.LEN": 299.958204261386}}, {"type": "Feature", "id": 134, "geometry": {"type": "LineString", "coordinates": [[72.8441347790646, 19.100572390000597], [72.84419819669938, 19.10096870762632], [72.84428857677845, 19.10157779141739], [72.8443056246511, 19.102034467835733]]}, "properties": {"OBJECTID": 134, "ID": 543, "WARD_ID": 12, "TYPE": "Railroad", "NAME": "Western Railway", "LKM": 0.16308464, "SHAPE.LEN": 163.084616556824}}, {"type": "Feature", "id": 135, "geometry": {"type": "LineString", "coordinates": [[72.84639008931283, 19.115564897325374], [72.8464792958626, 19.116267116566537], [72.84678051873493, 19.118001063709208], [72.84697676896666, 19.119051777615145], [72.8471023676254, 19.120304768940642]]}, "properties": {"OBJECTID": 135, "ID": 545, "WARD_ID": 12, "TYPE": "Railroad", "NAME": "Western Railway", "LKM": 0.53040792, "SHAPE.LEN": 530.4078692022731}}, {"type": "Feature", "id": 136, "geometry": {"type": "LineString", "coordinates": [[72.8441347790646, 19.100572390000597], [72.84419819669938, 19.10096870762632], [72.84428857677845, 19.10157779141739], [72.8443056246511, 19.102034467835733]]}, "properties": {"OBJECTID": 136, "ID": 547, "WARD_ID": 12, "TYPE": "Railroad", "NAME": "Western Railway", "LKM": 0.16308464, "SHAPE.LEN": 163.084616556824}}, {"type": "Feature", "id": 137, "geometry": {"type": "LineString", "coordinates": [[72.84769819386061, 19.126654437100388], [72.84770658562165, 19.126714544683942], [72.8477489774136, 19.127079736131424]]}, "properties": {"OBJECTID": 137, "ID": 554, "WARD_ID": 12, "TYPE": "Railroad", "NAME": "Western Railway", "LKM": 0.04739265, "SHAPE.LEN": 47.3925759512721}}, {"type": "Feature", "id": 138, "geometry": {"type": "LineString", "coordinates": [[72.8477489774136, 19.127079736131424], [72.84781600682814, 19.127657159532998], [72.84798473581871, 19.12892799853345], [72.84814861109734, 19.130162309131887], [72.84835118478888, 19.131612346422195], [72.84850021261597, 19.132746279015983], [72.84863656261835, 19.13376771308058], [72.84893216426019, 19.13509770361595], [72.84894715476155, 19.13518416037781], [72.8491036598146, 19.13629221173809], [72.84927021862933, 19.137599931614183], [72.8494345291046, 19.138905401290266], [72.84956282487663, 19.140251384841157], [72.84975414323611, 19.14162437863607], [72.8499274564707, 19.142950104944916], [72.85004086302925, 19.144054778336077]]}, "properties": {"OBJECTID": 138, "ID": 555, "WARD_ID": 12, "TYPE": "Railroad", "NAME": "Western Railway", "LKM": 1.8955603600000002, "SHAPE.LEN": 1895.56037275431}}, {"type": "Feature", "id": 139, "geometry": {"type": "LineString", "coordinates": [[72.8471023676254, 19.120304768940642], [72.84710841821422, 19.120390870937005], [72.84716677564454, 19.121082737150495], [72.84723815070808, 19.12177625329967], [72.84723966283826, 19.121789292284014], [72.84728581837, 19.12224090588243], [72.84733635040762, 19.122735333370077], [72.84741816089033, 19.123632287372597], [72.84744882816798, 19.124110514630747], [72.84747989427261, 19.12432044992421], [72.84750910078347, 19.124536246331452], [72.8475985002792, 19.125196783336104], [72.84777856364119, 19.12670482540506], [72.8478215934241, 19.127056653474916], [72.84789335636827, 19.127643412285565], [72.84804866243059, 19.12891962116825], [72.84821522115949, 19.130148562612153], [72.84841779412655, 19.13160933773144], [72.8485708489271, 19.132739243770782], [72.84869914457214, 19.133763361966192], [72.84896924233371, 19.1350913387259], [72.84898154888106, 19.135178467712418], [72.84913805321551, 19.136286519054806], [72.84930461325409, 19.137594238937492], [72.84946892211379, 19.138899707684075], [72.84959721815639, 19.140245692141615], [72.84978853680299, 19.141618685928623], [72.8499618493647, 19.14294441222088], [72.8500750060548, 19.14404117291121]]}, "properties": {"OBJECTID": 139, "ID": 542, "WARD_ID": 12, "TYPE": "Railroad", "NAME": "Western Railway", "LKM": 2.64743153, "SHAPE.LEN": 2647.4315478821}}, {"type": "Feature", "id": 140, "geometry": {"type": "LineString", "coordinates": [[72.89099821438843, 19.06558424815687], [72.89131617142633, 19.0655072219241], [72.89185555353532, 19.06536659694425], [72.89409473987787, 19.06483217191042], [72.89618589346533, 19.064328905320078], [72.89674982178438, 19.064175344817077], [72.89796600493624, 19.06388017298285], [72.8983231779892, 19.063790880072677], [72.89886106381752, 19.06363780543075], [72.89917571664654, 19.063531504377483], [72.89945635263271, 19.06343370717854], [72.8997773834257, 19.063310396624427], [72.90041094039653, 19.063053147325945], [72.90087866694265, 19.062827788187064], [72.90155049227405, 19.062517388433115], [72.90207349594787, 19.062287776341126], [72.90297493266746, 19.061851939781075], [72.90323430893024, 19.0617328815573], [72.90377857213795, 19.061456498123786], [72.90455563704873, 19.061084227036236], [72.90473522345766, 19.061002764204044], [72.90544902183224, 19.06069105986072], [72.90633463528962, 19.060295438573995], [72.90766599801555, 19.059702478019393]]}, "properties": {"OBJECTID": 140, "ID": 348, "WARD_ID": 21, "TYPE": "Railroad", "NAME": "Harbour Railway", "LKM": 1.88024539, "SHAPE.LEN": 1880.24535654486}}, {"type": "Feature", "id": 141, "geometry": {"type": "LineString", "coordinates": [[72.88223092643324, 19.053531302029807], [72.88259478703526, 19.052634693366276], [72.88279612212473, 19.0523131528559], [72.88311039046876, 19.05187368187921], [72.8843511615708, 19.050481144382164], [72.88612962973434, 19.04847998619145], [72.88633690897005, 19.0482393023547], [72.88649093185683, 19.04797917405037], [72.88666045893069, 19.04764330541466]]}, "properties": {"OBJECTID": 141, "ID": 346, "WARD_ID": 21, "TYPE": "Railroad", "NAME": "Central Railway", "LKM": 0.80758099, "SHAPE.LEN": 807.580923554235}}, {"type": "Feature", "id": 142, "geometry": {"type": "LineString", "coordinates": [[72.88666045893069, 19.04764330541466], [72.88624958034632, 19.04796697128468], [72.8855639197755, 19.04874285008447], [72.88522108995836, 19.049092898132738], [72.88472669257372, 19.04962338244055], [72.88439829730726, 19.049977039193276], [72.8842467301076, 19.050117778584372], [72.88413846804461, 19.050200781151798], [72.88401216217731, 19.050294608425034], [72.88383172506788, 19.05039926108386], [72.88350693917366, 19.050540002068747], [72.88321463097962, 19.050619394248667], [72.8829439756298, 19.050659090663693], [72.88274188624966, 19.05068435058725], [72.88260836345685, 19.050684352124314], [72.88248205705492, 19.05068435057191], [72.88229440226951, 19.050659090203258], [72.88224335197877, 19.050652218382382], [72.88201687281665, 19.050603870640124], [72.88192079882472, 19.050583361842598], [72.8817306084203, 19.050519318627735], [72.88148563085205, 19.05040989797858], [72.88126574662104, 19.05028628659178], [72.8811560199212, 19.050213661607604], [72.88088804023472, 19.050002338790787], [72.88067925381455, 19.04977999722475], [72.88059052389438, 19.049647258154287], [72.8805097567375, 19.049526429855167], [72.8804239176506, 19.049282866029277], [72.88037639316234, 19.049161793573187], [72.88031409722126, 19.048916138096445], [72.88025697458677, 19.04858500832469], [72.88024787202897, 19.048336075291836], [72.88026718566614, 19.048103021247424], [72.88031521453559, 19.04786252075235], [72.88040005497282, 19.047603003694228], [72.88085486398639, 19.046702769652974], [72.88090757922086, 19.046558226026225], [72.88093857916134, 19.0464065202689], [72.8809699951982, 19.045974947831414], [72.88112517100565, 19.045469724254506], [72.88119734566195, 19.045310939752543], [72.88140304413274, 19.04491397790002], [72.88177474378423, 19.044246361412167], [72.88216809708457, 19.04357513626309], [72.8824387516128, 19.04313126131664], [72.88270218975258, 19.042777604405476], [72.8831316297436, 19.042001725915984], [72.88396885724575, 19.04052936021428], [72.88431168774011, 19.0398942226383], [72.88463647416262, 19.039342085440502], [72.88472308405215, 19.039168865607692]]}, "properties": {"OBJECTID": 142, "ID": 347, "WARD_ID": 21, "TYPE": "Railroad", "NAME": "Central Railway", "LKM": 2.09287381, "SHAPE.LEN": 2092.87382140025}}, {"type": "Feature", "id": 143, "geometry": {"type": "LineString", "coordinates": [[72.87742509329748, 19.02474770959807], [72.87750831945038, 19.02466448341269], [72.87760439457766, 19.024587090021836], [72.87771648161358, 19.02451236544119], [72.87784191237449, 19.024445646246445], [72.87807142511792, 19.0243442336472], [72.87818351187504, 19.024312209262956], [72.87833563110598, 19.02428819056022], [72.87852778089481, 19.02428018404897], [72.87869324258047, 19.024293527791833], [72.87885870521922, 19.024330890392015], [72.87919496707163, 19.02445098382538], [72.87945917306077, 19.024576415294842], [72.88058271535168, 19.025123507897703], [72.88146073315572, 19.025534494603825], [72.88204518858247, 19.02580937608658], [72.88294455613313, 19.026255056617316], [72.88335020560972, 19.02645254343603], [72.88361441202765, 19.026580644073018], [72.8842523845365, 19.026884024651572], [72.88474673879018, 19.027103447343396], [72.88562368823649, 19.027501756877015], [72.88630985006267, 19.027828101942255], [72.88701274855495, 19.028161141559643], [72.88754494245678, 19.028415524412964], [72.88765874569259, 19.028457363370222], [72.88775748594378, 19.028467404389286], [72.88784283741182, 19.02847075159863], [72.8879365573578, 19.028455689890993], [72.8880168885987, 19.028427239284497], [72.88809387302902, 19.02838539990465], [72.88816750967023, 19.028330172646196], [72.88822775790592, 19.02827159737466], [72.88829972166818, 19.02819963393735], [72.88837335842724, 19.028105914238434], [72.88842523896028, 19.02805403407474], [72.88852732637395, 19.02795696683068], [72.88859426968743, 19.02790173872824], [72.8886595388687, 19.027856553090242], [72.88872815355722, 19.02781471257448], [72.88879844420038, 19.0277812420067], [72.888880448996, 19.02774944358839], [72.88897584303696, 19.027720993967236], [72.88905784695635, 19.027700910992035], [72.88916495601218, 19.02768082855385], [72.88924863377851, 19.027670787412013], [72.88975739793402, 19.027682502000083], [72.89043686618894, 19.027697564160732], [72.89100587880837, 19.02771262631157], [72.89219243813174, 19.02775613758638], [72.89239661306995, 19.0277812419673], [72.89268446704375, 19.02783144920215], [72.89283508802875, 19.027853206041232], [72.89292880792858, 19.027856552408874], [72.8935497012223, 19.0278950444302], [72.89414883777607, 19.02791680142751], [72.89489859620689, 19.027951946386676], [72.89519314407772, 19.027965334222593], [72.89573872746372, 19.02799043759247], [72.89620732510213, 19.028002152907884], [72.89666420911043, 19.02802558291175], [72.89687842512541, 19.028045666111574], [72.89697716632666, 19.02807244277893], [72.89705917145753, 19.028119303036057], [72.8971110515828, 19.028149426580462], [72.89717297334276, 19.028201307109086], [72.89722820089513, 19.028264902867605], [72.89722836491636, 19.02826515223465], [72.8972767344145, 19.02833854007996], [72.89730183835013, 19.028408829444643], [72.89731857383667, 19.028479119283336], [72.89732526763244, 19.028556103750454], [72.89732192122993, 19.028606310792703], [72.89731187937724, 19.02867994775219], [72.89729012287691, 19.028745217007888], [72.8971796680136, 19.028992904333986], [72.897089294982, 19.02919373296665], [72.89704745583373, 19.029299167431738], [72.89702067832353, 19.02937615195402], [72.8969955748928, 19.029474892139145], [72.89697047193161, 19.029587020785893], [72.8969587567652, 19.02971086480356], [72.89695038904975, 19.029884916185], [72.89694704153789, 19.03004390467323], [72.89694698693964, 19.03004537459641], [72.89692695906606, 19.030589486595844], [72.89691859109821, 19.03075517084125], [72.89690520224312, 19.030860604929156], [72.89687842562083, 19.030979428568678], [72.89683323880806, 19.031146784586333], [72.89674286694171, 19.031399493845225], [72.8966257165865, 19.031729187419995], [72.89661384541694, 19.031765592706027], [72.89660061382389, 19.031806171017564], [72.89658220422388, 19.031883154971375], [72.89655375310058, 19.032015366871835], [72.89653400526674, 19.032132918259833], [72.89651860892168, 19.032224561573564], [72.89648681102193, 19.03241367555944], [72.8964315831794, 19.032631238887006], [72.89628598241416, 19.033049630993283], [72.8961520978939, 19.033431204013606], [72.89590608339232, 19.034132429061316], [72.89566843708607, 19.034801855845096], [72.89535547978731, 19.035705581379688], [72.89525339205008, 19.036000129551027], [72.89521489996758, 19.036110584851357], [72.89518142906479, 19.03623275513544], [72.89516469325422, 19.036304717588145], [72.89513624243139, 19.036423542423815], [72.89510444489555, 19.03661767543686], [72.8950659534642, 19.03692561245146], [72.89500405538676, 19.037387468219023], [72.89497892726214, 19.037574955889507], [72.89495463162525, 19.037782894302254], [72.89492202569718, 19.0380619625956], [72.89485508329173, 19.038739758751504], [72.89484618562051, 19.038821614721932], [72.8948216122751, 19.039047695013096], [72.89478646703306, 19.0392669316071], [72.89476471090852, 19.039375714075142], [72.89473291269583, 19.03948784158199], [72.89465090818284, 19.039681976272405], [72.8945873124321, 19.039829250880594], [72.89441995536099, 19.04011877758079], [72.89411704058107, 19.04061247990089], [72.89390617027514, 19.04096894940662], [72.8938509427049, 19.041084426085586], [72.89379069477319, 19.04123169965156], [72.89374048718082, 19.041367258389638], [72.89367689164445, 19.04157310758028], [72.8935898666654, 19.041845898859986], [72.8935597427081, 19.041949659984244], [72.89353798626396, 19.04203668486055], [72.893522923698, 19.04210697516962], [72.89351120895687, 19.042187306610668], [72.89350116652773, 19.04233458028366], [72.8934894522892, 19.042588962131095], [72.89347606387577, 19.042875142012075], [72.89345598132309, 19.043171364027092], [72.89343255126273, 19.043517791886767], [72.89337397605244, 19.0442591816608], [72.89335556763054, 19.044575486366703], [72.89331874882615, 19.045100986547798], [72.89329531874075, 19.04540557524702], [72.893280257022, 19.045695102414758], [72.89327021572261, 19.04593274917791], [72.89326184757853, 19.046222275954584], [72.8932551530614, 19.046518497065918], [72.89325515446565, 19.046674139456872], [72.89326017429633, 19.046772879201658], [72.89327523610703, 19.046900070382012], [72.89329866632845, 19.047020567138727], [72.89333213762673, 19.04716951531815], [72.89336058809151, 19.047303399987342], [72.8933773238399, 19.047415529109724], [72.8933856917621, 19.047557782843135], [72.89338401653384, 19.047790407998438], [72.89337397666512, 19.048098344372043], [72.89336058768986, 19.048541840170163], [72.89335556725898, 19.048846429355958], [72.89335891410524, 19.04901545858436], [72.89336728192227, 19.049151018094516], [72.89338401825917, 19.049279883189], [72.89342083629441, 19.049477363960143], [72.89345430768958, 19.04961459659547], [72.89353129155751, 19.049850569401364], [72.89360660258369, 19.050081521630783], [72.89364844129732, 19.050202018048353], [72.89371371067692, 19.05036770113708], [72.8938107771173, 19.05058861239768], [72.893889434966, 19.05076601025709], [72.89394968315378, 19.050899895621914], [72.89399654371039, 19.05102541283431], [72.89402164685411, 19.051157625213566], [72.89403001489485, 19.05125301857257], [72.89402164683251, 19.051507401416277], [72.894014952619, 19.051830398435772], [72.89401327880277, 19.051942527856163], [72.89402164709941, 19.052042941644167], [72.89403168783963, 19.052124946708272], [72.89404507713365, 19.05218519475292], [72.89407352715428, 19.052273893690373], [72.894353012931, 19.053120719158358], [72.89446848889226, 19.05349727134074], [72.89449191903249, 19.053592664967454], [72.8945672300604, 19.05389892795046], [72.89467601125108, 19.054379241115225], [72.89478814078433, 19.05487127006203], [72.89492537259149, 19.055463712211825], [72.89500570375539, 19.055810140732312], [72.89511615958774, 19.056277066390894], [72.89519314379179, 19.056695458035513], [72.89525673923416, 19.05709711357535], [72.89531531442627, 19.05744856261651], [72.89535548011534, 19.057604204427477], [72.89540066556803, 19.057758172824368], [72.89546426175522, 19.057920508798528], [72.89553120441145, 19.058077823668057], [72.8955964729949, 19.058201668249296], [72.8956918661878, 19.058377392242985], [72.8959880884002, 19.058840970216455], [72.89643827770604, 19.059525459601748], [72.89676964365825, 19.059995732403813], [72.89707757990851, 19.060434205878728], [72.89720979221215, 19.06064172817373], [72.89734200331914, 19.06086933392692], [72.89778382509282, 19.061659258433895]]}, "properties": {"OBJECTID": 143, "ID": 350, "WARD_ID": 21, "TYPE": "Mono", "NAME": "Mono Rail", "LKM": 6.11285622, "SHAPE.LEN": 6112.85620754129}}, {"type": "Feature", "id": 144, "geometry": {"type": "LineString", "coordinates": [[72.88666045893069, 19.04764330541466], [72.88689059266778, 19.04725916119984], [72.88803047190478, 19.045549743708943], [72.88857903590105, 19.044542479345978], [72.89090354521012, 19.040139990127795], [72.89207399426282, 19.038048994775114], [72.89338575227849, 19.03501420584715], [72.89469486986322, 19.032485271855556], [72.89635010470244, 19.02999670767363], [72.89679397394161, 19.02921408943127], [72.89718207523917, 19.028426594765843], [72.89722836491636, 19.02826515223465], [72.8972403480806, 19.028223359150875], [72.8973374687364, 19.027884637858694], [72.89738864041846, 19.02748408212821], [72.89755871346547, 19.023593195630347], [72.89781283645131, 19.01786607200575], [72.89809650967918, 19.01226667707117], [72.89824882500214, 19.009459159258636], [72.89832217767012, 19.00909685261901], [72.89847069469357, 19.00875110314472], [72.89860811932188, 19.008491642028464], [72.89878426985425, 19.008271849747967], [72.89907133020067, 19.008027062851482], [72.89970841930591, 19.00755418834822], [72.90052722030516, 19.006697878436775], [72.90093467125426, 19.006302266798905], [72.90123642726176, 19.00606786980159], [72.90159879346952, 19.00586316382339], [72.90256058845691, 19.005516738912966], [72.90337406729469, 19.005306685344603], [72.9051866920087, 19.004913969057736]]}, "properties": {"OBJECTID": 144, "ID": 352, "WARD_ID": 21, "TYPE": "Railroad", "NAME": "Central Railway", "LKM": 5.44540217, "SHAPE.LEN": 5445.40222807056}}, {"type": "Feature", "id": 145, "geometry": {"type": "LineString", "coordinates": [[72.89094313000703, 19.06553143125557], [72.8913180534596, 19.065440071212688], [72.8918580252813, 19.065298244364342], [72.89410192432916, 19.06478187990463], [72.8961930772447, 19.06427861407064], [72.89778824337307, 19.06384424103256], [72.89888388265356, 19.063542491055696], [72.89950534284964, 19.063319770669157], [72.9000441834642, 19.063079089405257], [72.90127273409952, 19.062529474128315], [72.90284973622025, 19.061811022798246], [72.90474240728001, 19.06095247327907], [72.90545620637987, 19.0606407679921], [72.90634181953259, 19.06024514754482], [72.9076662425711, 19.05965527599589]]}, "properties": {"OBJECTID": 145, "ID": 351, "WARD_ID": 21, "TYPE": "Railroad", "NAME": "Harbour Railway", "LKM": 1.88464589, "SHAPE.LEN": 1884.64587659515}}, {"type": "Feature", "id": 146, "geometry": {"type": "LineString", "coordinates": [[72.87741791564167, 19.02470527890093], [72.87751620073878, 19.0246194481758], [72.8776122758347, 19.024542054777633], [72.87772436283518, 19.024467330188582], [72.87784979355776, 19.02440061098459], [72.87808268399938, 19.024309331265467], [72.87819477073091, 19.02427730687179], [72.87834688992892, 19.02425328815645], [72.8785390396781, 19.0242452816295], [72.87870450133144, 19.024258625359046], [72.87886996394006, 19.02429598794616], [72.87920622573516, 19.024416081353397], [72.87947043168207, 19.02454151280265], [72.88059397474422, 19.0250886053306], [72.8814719923959, 19.025499592872638], [72.88205644774042, 19.025774473407523], [72.88295581513752, 19.026220154772805], [72.8833614645497, 19.026417641560545], [72.88362567093706, 19.026545741274216], [72.88428753115895, 19.026868962226455], [72.88478188446535, 19.027088385716894], [72.88565883299991, 19.027486694170562], [72.88634499578819, 19.027813040020305], [72.88704789336649, 19.028146078590975], [72.88740882866762, 19.028318602071277], [72.88756358412134, 19.02839257303975], [72.88764361346279, 19.028409631760447], [72.8877440277444, 19.028428040938326], [72.88787121896199, 19.028428041243465], [72.8879532233297, 19.028407957903728], [72.88801179823633, 19.028391222436106], [72.88808710900406, 19.02834436155905], [72.88820091164334, 19.028250643259604], [72.88826785441171, 19.02818202688462], [72.88840843373812, 19.02802638496268], [72.88856240142093, 19.02789082592058], [72.88874482052975, 19.027777023161473], [72.88898644778659, 19.02768028241706], [72.88917943100853, 19.02764733326035], [72.88931404852715, 19.027642626393494], [72.88945902067961, 19.027646392184415], [72.88974049461692, 19.02765109874371], [72.89032415033161, 19.027664278932498], [72.89085885532812, 19.027679340775922], [72.89159407445136, 19.027692519668456], [72.89211371615022, 19.02771605485277], [72.89220503101531, 19.02772640978997], [72.89240177906389, 19.02775276806906], [72.89283293225508, 19.027821488914906], [72.8929710983974, 19.027841933800595], [72.89351355121765, 19.0278619685721], [72.89419511093801, 19.027889268552222], [72.89473169819803, 19.02791280356402], [72.89514119926797, 19.027925982404504], [72.89549515888118, 19.02794104494219], [72.895961142277, 19.027961754878405], [72.89644971904596, 19.027982465337796], [72.89684415856291, 19.028005058137044], [72.89692982402192, 19.028021062418336], [72.89701737226261, 19.028050245323605], [72.89709456539998, 19.02808884173598], [72.89715575495927, 19.028129320818465], [72.89720811835663, 19.02818624574152], [72.8972403480806, 19.028223359150875], [72.89726334593048, 19.028249840587257], [72.89731187946266, 19.02832347779156], [72.89733698245101, 19.028393768045124], [72.89735371890148, 19.02846405789283], [72.89736041273648, 19.028541040553982], [72.89735814017865, 19.028575128084245], [72.89735706539561, 19.028591247587173], [72.89734702355983, 19.028664884550263], [72.89732526801367, 19.028730154725686], [72.89723258171088, 19.028937997314507], [72.89721481225162, 19.02897784297151], [72.89712444023155, 19.029178670734176], [72.89708260110942, 19.029284105209907], [72.89705582361805, 19.029361089739197], [72.89703072021081, 19.029459829931454], [72.89700561632642, 19.029571958574838], [72.8969939011881, 19.029695802597537], [72.8969896626621, 19.029783966257256], [72.89698553446118, 19.029869853995233], [72.89698218699593, 19.030028841584436], [72.89696210367323, 19.030574425318427], [72.89695373575381, 19.03074010866596], [72.89694034786116, 19.03084554367279], [72.89691357032862, 19.030964366406263], [72.89686838354449, 19.031131723339715], [72.89677801175146, 19.031384431718934], [72.89666086053877, 19.031714124410254], [72.89663575873317, 19.03179110892847], [72.89661734915138, 19.031868092887624], [72.89658889805918, 19.032000304796625], [72.89655375391743, 19.032209500413057], [72.89652195606155, 19.03239861440939], [72.89646672828216, 19.032616176849537], [72.89632112761923, 19.03303456899392], [72.89618724224272, 19.03341614203839], [72.89594122792414, 19.03411736624722], [72.89570358178194, 19.034786793092906], [72.89539062469272, 19.03569051961266], [72.89528853703891, 19.035985066907603], [72.89525004497203, 19.036095523121155], [72.89521657314882, 19.036217693403742], [72.89519983829356, 19.036289656775327], [72.89517138847134, 19.03640847982376], [72.89513958906974, 19.03660261372888], [72.89510109772029, 19.036910549854696], [72.89501407166733, 19.037559893324225], [72.89495717114053, 19.03804690186938], [72.89489022796216, 19.03872469623627], [72.8948567570043, 19.03903263341439], [72.89483558191026, 19.039164720862082], [72.89482161181303, 19.03925187002015], [72.89479985572535, 19.039360651591764], [72.8947680584665, 19.039472780924523], [72.89468605306374, 19.03966691472152], [72.89462245736125, 19.039814188442424], [72.89446879128197, 19.040103343825567], [72.89430687355294, 19.040369440786968], [72.89419495362264, 19.040556880249575], [72.89405772159357, 19.040784485184062], [72.89396902214132, 19.040933432298022], [72.89389873232037, 19.04107568562639], [72.8937756334578, 19.04135219616454], [72.89371203702152, 19.041558045361505], [72.89362501115895, 19.041830836653656], [72.89359488722663, 19.041934597786184], [72.89357313080319, 19.042021622668717], [72.89355806920348, 19.04209191299314], [72.89354635353115, 19.042172244427455], [72.89353631208488, 19.04231951811649], [72.8935245979032, 19.042573899971806], [72.89351120860405, 19.042860079850854], [72.89349112611805, 19.04315630187633], [72.89346769613566, 19.043502729748223], [72.89340912109284, 19.044244119550076], [72.89339071179218, 19.0445604242557], [72.89335389406727, 19.045085923563295], [72.89333046403924, 19.045390513176976], [72.89331540143561, 19.045680040343182], [72.8933053601893, 19.045917687113516], [72.8932969921096, 19.046207213898164], [72.89329029765821, 19.046503435017293], [72.89329029814702, 19.046659077400783], [72.89329531894886, 19.046757817157577], [72.89331038078653, 19.04688500833769], [72.89333381103286, 19.04700550509236], [72.89336728236162, 19.047154453268355], [72.89339573285393, 19.047288337934795], [72.89341246862584, 19.047400467056303], [72.89342083657881, 19.047542720791135], [72.89341916235168, 19.047775345962684], [72.89340912160178, 19.048083282334172], [72.8933957327252, 19.04852677814463], [72.89339071236179, 19.048831367338064], [72.89339405924507, 19.049000396569486], [72.89340242709139, 19.049135956080928], [72.89341916345553, 19.04926482117489], [72.89345598153172, 19.049462301942995], [72.8934894529662, 19.0495995336715], [72.89356643686934, 19.049835507370318], [72.89364174699138, 19.050066459578936], [72.8936835866784, 19.05018695600164], [72.89374885514019, 19.050352639070127], [72.89384592257223, 19.050573550327034], [72.8939245804545, 19.050750948174635], [72.89398482865617, 19.050884834433518], [72.8940316882988, 19.051010350725317], [72.89405679146992, 19.05114256310245], [72.89406515954249, 19.051237955558697], [72.89406461364467, 19.05125456335705], [72.89405606546978, 19.05152743338884], [72.89406515942727, 19.051714922618313], [72.89407520079295, 19.051778517940875], [72.89410197771039, 19.05189734113161], [72.89414214389852, 19.052027880030842], [72.89419904472332, 19.05220025655548], [72.8944701627585, 19.05300858975697], [72.89452873742997, 19.05321276542619], [72.89455718827764, 19.053326567382545], [72.89457225031735, 19.053438696320594], [72.8946023742073, 19.053664627970363], [72.8946925580921, 19.05428205997491], [72.89471115653119, 19.054364178943846], [72.89482328521524, 19.054856207868195], [72.8949605180818, 19.055448650917526], [72.89504084931644, 19.055795079429547], [72.89515130430561, 19.056262004162292], [72.89522828859648, 19.056680395800676], [72.89529188412298, 19.057082051336582], [72.89535045937706, 19.05743350127687], [72.89539062415922, 19.05758914216923], [72.8954358105925, 19.0577431105713], [72.89549940679963, 19.057905447439463], [72.89556634853605, 19.058062762288234], [72.89563161810344, 19.05818660596685], [72.89572701131699, 19.058362330848496], [72.89602323266102, 19.058825908762167], [72.89647342209761, 19.059510397169454], [72.89680478813028, 19.05998066991569], [72.89711272444424, 19.060419144241905], [72.89724493677298, 19.060626667418195], [72.89737714889347, 19.06085427135451], [72.89781896987189, 19.06164419487661]]}, "properties": {"OBJECTID": 146, "ID": 349, "WARD_ID": 21, "TYPE": "Mono", "NAME": "Mono Rail", "LKM": 6.11596428, "SHAPE.LEN": 6115.96427462311}}, {"type": "Feature", "id": 147, "geometry": {"type": "LineString", "coordinates": [[72.88628232761921, 19.07106330463797], [72.88641285964833, 19.07126072611627], [72.88655047813762, 19.07145732278575], [72.88668528694245, 19.071698855802182], [72.8867639261935, 19.071901070209815], [72.88680886188938, 19.07212013542199], [72.88684537303374, 19.072372902792132], [72.88687345789998, 19.072589158937728], [72.88692120285558, 19.072878437187597], [72.88704758718845, 19.073501930760866], [72.88713465110305, 19.07383895337145], [72.887407077989, 19.074243381207083], [72.88848976583442, 19.075246025756794], [72.88939972855063, 19.075972497641484], [72.88972177231187, 19.076257095097215], [72.89010747694738, 19.076455564572132], [72.8903471373744, 19.07655292626165], [72.89064671442297, 19.076601607580333], [72.89117846142139, 19.076661522673955], [72.89180757203852, 19.076672756900585], [72.89242919246624, 19.07670271497652], [72.89268419194215, 19.07672373165993]]}, "properties": {"OBJECTID": 147, "ID": 441, "WARD_ID": 19, "TYPE": "Railroad", "NAME": "Central Railway", "LKM": 1.02862832, "SHAPE.LEN": 1028.62836302367}}, {"type": "Feature", "id": 148, "geometry": {"type": "LineString", "coordinates": [[72.88628232761921, 19.07106330463797], [72.88651514914781, 19.071237828426984], [72.88690646685409, 19.071507797834972]]}, "properties": {"OBJECTID": 148, "ID": 442, "WARD_ID": 19, "TYPE": "Railroad", "NAME": "Central Railway", "LKM": 0.08210517, "SHAPE.LEN": 82.1051993009114}}, {"type": "Feature", "id": 149, "geometry": {"type": "LineString", "coordinates": [[72.88690646685409, 19.071507797834972], [72.88740432515283, 19.07216791977728], [72.88766013424916, 19.072615914936776], [72.887815340236, 19.073015768687583], [72.8880382009969, 19.073497256045826], [72.88826539933125, 19.073894824433616], [72.88846970339635, 19.074292130344077], [72.88856230138283, 19.074470458938855], [72.88866226704592, 19.07458356236639], [72.88875009738214, 19.074677075608342], [72.88875962528397, 19.074693194403007], [72.88897700961599, 19.074923734328642], [72.89021285435658, 19.075817845772153], [72.890685761419, 19.07612112758025], [72.89102222409183, 19.076341836653878], [72.8912718715938, 19.076451680924155], [72.89174620055856, 19.076551539670483], [72.89264838101191, 19.076597839817744]]}, "properties": {"OBJECTID": 149, "ID": 443, "WARD_ID": 19, "TYPE": "Railroad", "NAME": "Central Railway", "LKM": 0.88120345, "SHAPE.LEN": 881.2034776267869}}, {"type": "Feature", "id": 150, "geometry": {"type": "LineString", "coordinates": [[72.88690646685409, 19.071507797834972], [72.88711841565531, 19.07165402055033], [72.88773994405669, 19.072123620402497], [72.88828688898455, 19.072540734589587], [72.88909349465115, 19.07314569010973], [72.8898945754018, 19.073753406561558], [72.8911403948085, 19.074714703976024], [72.89207130670096, 19.075421865231768], [72.89239046907758, 19.075663741912233]]}, "properties": {"OBJECTID": 150, "ID": 444, "WARD_ID": 19, "TYPE": "Railroad", "NAME": "Central Railway", "LKM": 0.73826529, "SHAPE.LEN": 738.2653189494021}}, {"type": "Feature", "id": 151, "geometry": {"type": "LineString", "coordinates": [[72.8866878316581, 19.070610583207372], [72.88708647045532, 19.070918735316916], [72.88781406308568, 19.07148752867125], [72.89017585667456, 19.07321412137545], [72.8921646733469, 19.074722978179263]]}, "properties": {"OBJECTID": 151, "ID": 446, "WARD_ID": 19, "TYPE": "Railroad", "NAME": "Central Railway", "LKM": 0.73469825, "SHAPE.LEN": 734.698304214554}}, {"type": "Feature", "id": 152, "geometry": {"type": "LineString", "coordinates": [[72.88266001693515, 19.067824261615286], [72.88294032836403, 19.068068898454186], [72.88347075560114, 19.068563528569207], [72.88395562370764, 19.068967043346515], [72.88573564422681, 19.070327278159038], [72.88625630857409, 19.070734047180853], [72.88635423792621, 19.07081079219449], [72.88705357470822, 19.071358843987753], [72.88843333514252, 19.072435968418983], [72.88898925176878, 19.07287853214436], [72.89038202898271, 19.073958910223627], [72.89160558925154, 19.07490478313889], [72.89219133583585, 19.07532565332169], [72.89232393753967, 19.075423359726255]]}, "properties": {"OBJECTID": 152, "ID": 447, "WARD_ID": 19, "TYPE": "Railroad", "NAME": "Central Railway", "LKM": 1.3206246400000001, "SHAPE.LEN": 1320.62462058265}}, {"type": "Feature", "id": 153, "geometry": {"type": "LineString", "coordinates": [[72.86737789909012, 19.052279797322964], [72.86803619396828, 19.053236913435896], [72.86904005268946, 19.05465560817252], [72.8702389494626, 19.056396521800675], [72.87045069721212, 19.056730790338634], [72.87089819770448, 19.057366821620562], [72.87126075578975, 19.057899264029377], [72.87162538582614, 19.058417204335367], [72.87187606942298, 19.058738327625644], [72.87233392807904, 19.059316348556123], [72.87279040639348, 19.05984971218779], [72.87325171870839, 19.06038123469095], [72.87350447364106, 19.060627773645063], [72.87399133846118, 19.06110220723822], [72.8744409098343, 19.06151241558026], [72.87483661597486, 19.061858400314264], [72.87509765839252, 19.06206764838807], [72.87555942833909, 19.062442326627544], [72.87601985582646, 19.062790486448016], [72.87638716801695, 19.063063624012837], [72.87675894915802, 19.063314901750797], [72.8769294348884, 19.06341645930139], [72.877116577151, 19.06352617712115], [72.87751433154769, 19.0637120187483], [72.87782384574066, 19.0638276083451]]}, "properties": {"OBJECTID": 153, "ID": 452, "WARD_ID": 19, "TYPE": "Railroad", "NAME": "Central Railway", "LKM": 1.7089199700000002, "SHAPE.LEN": 1708.91991888919}}, {"type": "Feature", "id": 154, "geometry": {"type": "LineString", "coordinates": [[72.87731305147777, 19.063996396571902], [72.87795339228929, 19.064395076446722], [72.8791658049847, 19.06526927043325], [72.87955577303917, 19.065555739773416], [72.88068871390271, 19.066435478529545], [72.88181056513316, 19.06730043186234], [72.88271987489136, 19.06803785959296], [72.8835404713575, 19.068786376159494], [72.88461796631451, 19.06964948136191], [72.88544780383982, 19.070292651202134], [72.886401470401, 19.071031927903], [72.8866683354633, 19.071241234024452], [72.88675148614853, 19.071302304723652], [72.88691589768194, 19.07142305770563], [72.8883551732039, 19.072520754151324], [72.88962531664802, 19.073489115437916], [72.89074291066497, 19.0743613021544], [72.8917378017802, 19.075120735249104], [72.89236658813978, 19.075576605175335]]}, "properties": {"OBJECTID": 154, "ID": 453, "WARD_ID": 19, "TYPE": "Railroad", "NAME": "Central Railway", "LKM": 2.03945345, "SHAPE.LEN": 2039.4534503863401}}, {"type": "Feature", "id": 155, "geometry": {"type": "LineString", "coordinates": [[72.86817920310514, 19.05359224595979], [72.8689175619413, 19.054654632183368], [72.86940039259368, 19.055354429630757], [72.86965708709845, 19.055730304048485], [72.87002073845491, 19.056268139926086], [72.87043633764662, 19.056885429447142], [72.87093444730995, 19.057606618009704], [72.87136532673372, 19.058230018593534], [72.87161590957625, 19.058587557208007], [72.87179620713677, 19.05880758112661], [72.87205595733394, 19.05912233783492], [72.8728382639971, 19.060060494707404], [72.87329359191628, 19.060561660601007], [72.87404533964948, 19.061301185112985], [72.87456484015897, 19.061735120702927], [72.87561606489095, 19.062609104073907], [72.8761050073336, 19.06299109000918], [72.87685675494133, 19.063574764424057], [72.87727846763829, 19.063834514349747], [72.87777733319452, 19.06413032114326], [72.8787096468738, 19.064772202565038], [72.8792148539116, 19.065167580578734], [72.87996656239405, 19.065748447860738], [72.8804620055345, 19.066148707559222], [72.88100138254916, 19.066588018191236], [72.88157248624155, 19.067020006952887], [72.8819776275989, 19.067339727626866], [72.88258778098204, 19.067864458703795], [72.88307346255637, 19.068279363356016], [72.88359819437764, 19.06875284176576], [72.88400333631466, 19.069072562236798], [72.88462325229321, 19.06955336319493], [72.88550919401409, 19.07022453126199], [72.88607541635955, 19.070656519710482], [72.88653836382142, 19.071021923744446], [72.88680515969867, 19.071232504311972], [72.88729084152642, 19.071605918325417], [72.88789611363232, 19.072067194655567], [72.88859168842025, 19.07261389127028], [72.88890652783952, 19.072862834244305], [72.88934339689114, 19.073211841651542], [72.88998527817758, 19.07371216705419], [72.89063448146507, 19.074212493019882], [72.89103962445044, 19.0745297730138], [72.8916570978125, 19.07500325143397], [72.89196217487653, 19.07522046623513], [72.89234351088082, 19.07549240334197]]}, "properties": {"OBJECTID": 155, "ID": 456, "WARD_ID": 19, "TYPE": "Railroad", "NAME": "Central Railway", "LKM": 3.54336012, "SHAPE.LEN": 3543.3601462125202}}, {"type": "Feature", "id": 156, "geometry": {"type": "LineString", "coordinates": [[72.87731305147777, 19.063996396571902], [72.87759854021586, 19.064232435837113], [72.87768355670569, 19.064287881606173]]}, "properties": {"OBJECTID": 156, "ID": 457, "WARD_ID": 19, "TYPE": "Railroad", "NAME": "Central Railway", "LKM": 0.05068068, "SHAPE.LEN": 50.680693776225596}}, {"type": "Feature", "id": 157, "geometry": {"type": "LineString", "coordinates": [[72.88628232761921, 19.07106330463797], [72.88565697940508, 19.0707148228337], [72.8851339735485, 19.070305994822068], [72.88390749141703, 19.069352064159048], [72.88300144172098, 19.06856387414985], [72.8827104740774, 19.06828395594794], [72.88216905360852, 19.06788617844162], [72.88041956643949, 19.066501320647998], [72.87894402248602, 19.065311779105635], [72.8781197296635, 19.064655671290183], [72.87768355670569, 19.064287881606173]]}, "properties": {"OBJECTID": 157, "ID": 458, "WARD_ID": 19, "TYPE": "Railroad", "NAME": "Central Railway", "LKM": 1.17710256, "SHAPE.LEN": 1177.10248081047}}, {"type": "Feature", "id": 158, "geometry": {"type": "LineString", "coordinates": [[72.87768355670569, 19.064287881606173], [72.87808831039216, 19.06457065422931], [72.8786298304067, 19.064999434516036], [72.87967220896722, 19.065788611779066], [72.88080368636557, 19.066692842564503], [72.88124090437242, 19.066994859773775], [72.88153923947633, 19.06723058072714], [72.88218378623046, 19.06774253575034], [72.88287253198966, 19.068324470753716], [72.88316549456094, 19.068665160390296], [72.8838367446653, 19.069220392118595], [72.88459086654974, 19.069786674011517], [72.88565160809833, 19.070590516724277], [72.88628232761921, 19.07106330463797]]}, "properties": {"OBJECTID": 158, "ID": 459, "WARD_ID": 19, "TYPE": "Railroad", "NAME": "Central Railway", "LKM": 1.17694967, "SHAPE.LEN": 1176.9496109016802}}, {"type": "Feature", "id": 159, "geometry": {"type": "LineString", "coordinates": [[72.88099893923739, 19.066266666201386], [72.88182842594652, 19.066786082150305], [72.88185559862782, 19.066801612657613], [72.88188526026428, 19.06681856460124]]}, "properties": {"OBJECTID": 159, "ID": 460, "WARD_ID": 19, "TYPE": "Railroad", "NAME": "Harbour Railway", "LKM": 0.11153865, "SHAPE.LEN": 111.538619197744}}, {"type": "Feature", "id": 160, "geometry": {"type": "LineString", "coordinates": [[72.88188526026428, 19.06681856460124], [72.88216158075642, 19.067057751373873]]}, "properties": {"OBJECTID": 160, "ID": 461, "WARD_ID": 19, "TYPE": "Railroad", "NAME": "Harbour Railway", "LKM": 0.03933772, "SHAPE.LEN": 39.3377394222139}}, {"type": "Feature", "id": 161, "geometry": {"type": "LineString", "coordinates": [[72.88188526026428, 19.06681856460124], [72.88228764902397, 19.067048535370898], [72.88259658376673, 19.0671670801186], [72.88296299345623, 19.067264071032795], [72.88336173483964, 19.06731436193136], [72.8835700845418, 19.067314362728027], [72.88394368020967, 19.06726407142344], [72.88491358964983, 19.067037759417936], [72.88587272314905, 19.066815038198182], [72.88754929416027, 19.06638510701271], [72.88964100152864, 19.065848720990182], [72.89094313000703, 19.06553143125557]]}, "properties": {"OBJECTID": 161, "ID": 462, "WARD_ID": 19, "TYPE": "Railroad", "NAME": "Harbour Railway", "LKM": 0.98998184, "SHAPE.LEN": 989.981840420204}}, {"type": "Feature", "id": 162, "geometry": {"type": "LineString", "coordinates": [[72.88933433408474, 19.068197802607724], [72.891165161759, 19.069680087568596]]}, "properties": {"OBJECTID": 162, "ID": 463, "WARD_ID": 19, "TYPE": "Railroad", "NAME": "Central Railway", "LKM": 0.25313782, "SHAPE.LEN": 253.13779131042403}}, {"type": "Feature", "id": 163, "geometry": {"type": "LineString", "coordinates": [[72.86812413555413, 19.053618984956312], [72.8687097615367, 19.05448044623], [72.87004518429436, 19.05639343094311], [72.87091305594129, 19.057649400111078], [72.87133476786677, 19.058257521833887], [72.87184510158458, 19.0589603759435], [72.87233709938978, 19.059562385110933], [72.87270380511539, 19.059999376867466], [72.87317441215244, 19.06051887767464], [72.87358695633228, 19.06092531058368], [72.87379781306028, 19.061142279047726], [72.87411868094509, 19.061432588284593], [72.87460762301095, 19.061848188329158], [72.87578108316735, 19.062813848839305], [72.87649921620047, 19.063394467271706], [72.87699732543058, 19.06377645286233], [72.87731305147777, 19.063996396571902]]}, "properties": {"OBJECTID": 163, "ID": 464, "WARD_ID": 19, "TYPE": "Railroad", "NAME": "Central Railway", "LKM": 1.51371821, "SHAPE.LEN": 1513.71825442026}}, {"type": "Feature", "id": 164, "geometry": {"type": "LineString", "coordinates": [[72.86732979686614, 19.05230071377121], [72.86741342187271, 19.05241901216222], [72.86757715013869, 19.052647201183383], [72.86790847514455, 19.053121628432976], [72.86830426017046, 19.053687586616462], [72.86867683977304, 19.054222605589803], [72.86890116092269, 19.054539749347015], [72.86921701532542, 19.05498710307734], [72.86939105773952, 19.05523462973658], [72.86968757405891, 19.055675536884422], [72.86982809712275, 19.055888255284618], [72.86999827165434, 19.056138359933257], [72.87024579801127, 19.056504493593064], [72.8706879945616, 19.057156828559744], [72.87101803037412, 19.057627388733227], [72.8712436404638, 19.05796129179256], [72.87134419845708, 19.05811986409234], [72.87143959957099, 19.05825394070437], [72.87157754411378, 19.058449899796468], [72.87166907703518, 19.058573663317567], [72.87182234736854, 19.058746771170593], [72.87192855345032, 19.05888012770058], [72.87219995453177, 19.059213682011656], [72.87238434105642, 19.0594374316542], [72.87304937681351, 19.060216413930913], [72.87324205100731, 19.060429805827788], [72.87357767600726, 19.060759216023943], [72.87393401892054, 19.06111141558717], [72.87433386861535, 19.061478116733657], [72.8749764601706, 19.062026214410018], [72.87572781918033, 19.062622880042486], [72.87627660619997, 19.063046440558473], [72.87662663154445, 19.063332215924078], [72.87683656939085, 19.06347217514975], [72.87774630303264, 19.06393624933792], [72.87842031656231, 19.064334027132812], [72.87989356754873, 19.06549421360106], [72.8808401341238, 19.066293453143018], [72.88175355077381, 19.066993248441367], [72.88266001693515, 19.067824261615286]]}, "properties": {"OBJECTID": 164, "ID": 465, "WARD_ID": 19, "TYPE": "Railroad", "NAME": "Central Railway", "LKM": 2.38550391, "SHAPE.LEN": 2385.50389558563}}, {"type": "Feature", "id": 165, "geometry": {"type": "LineString", "coordinates": [[72.88099893923739, 19.066266666201386], [72.88100445800315, 19.066271124950326], [72.88124244082923, 19.06646343507501], [72.8817067234192, 19.066817173796547], [72.88230808045489, 19.067347782390762], [72.88266001693515, 19.067824261615286]]}, "properties": {"OBJECTID": 165, "ID": 466, "WARD_ID": 19, "TYPE": "Railroad", "NAME": "Central Railway", "LKM": 0.24710218, "SHAPE.LEN": 247.102114819452}}, {"type": "Feature", "id": 166, "geometry": {"type": "LineString", "coordinates": [[72.87782384574066, 19.0638276083451], [72.87829756372808, 19.064102227205694], [72.87893871646716, 19.064504605801485], [72.87984075027784, 19.065269565874083], [72.88050843207611, 19.065817861263408], [72.88080468846731, 19.066109695859524], [72.88099579479722, 19.066264125288896], [72.88099893923739, 19.066266666201386]]}, "properties": {"OBJECTID": 166, "ID": 448, "WARD_ID": 19, "TYPE": "Railroad", "NAME": "Harbour Railway", "LKM": 0.43114275, "SHAPE.LEN": 431.14278259402204}}, {"type": "Feature", "id": 167, "geometry": {"type": "LineString", "coordinates": [[72.88216158075642, 19.067057751373873], [72.88228046468348, 19.067098826595007], [72.88258939855942, 19.067217371351784], [72.88295580930058, 19.067314362300944], [72.88335454983763, 19.06736465411845], [72.88356290056316, 19.0673646540371], [72.88393649539621, 19.067314362747513], [72.88490640515371, 19.06708804990704], [72.88586553799401, 19.066865329646923], [72.88754210953685, 19.066435398579596], [72.88963830573947, 19.06591368541353], [72.89099821438843, 19.06558424815687]]}, "properties": {"OBJECTID": 167, "ID": 467, "WARD_ID": 19, "TYPE": "Railroad", "NAME": "Harbour Railway", "LKM": 0.9601394600000001, "SHAPE.LEN": 960.139519980304}}, {"type": "Feature", "id": 168, "geometry": {"type": "LineString", "coordinates": [[72.88216158075642, 19.067057751373873], [72.88266604690645, 19.067494423814292], [72.88352934275223, 19.068201806834566], [72.88482284327614, 19.069163270050556], [72.88573810995202, 19.069876427897096], [72.8866878316581, 19.070610583207372]]}, "properties": {"OBJECTID": 168, "ID": 468, "WARD_ID": 19, "TYPE": "Railroad", "NAME": "Central Railway", "LKM": 0.61804846, "SHAPE.LEN": 618.048442448644}}, {"type": "Feature", "id": 169, "geometry": {"type": "LineString", "coordinates": [[72.8866878316581, 19.070610583207372], [72.88767237981503, 19.07123066938863], [72.88801243974851, 19.071312400976723], [72.88853050042313, 19.07134428041223], [72.88911483993039, 19.071391704905384], [72.88928462554476, 19.071415418893366], [72.88952581031637, 19.07148348899072], [72.88984130679204, 19.07162393991046], [72.89055049444362, 19.07203401934027], [72.89158677152645, 19.07257025992531]]}, "properties": {"OBJECTID": 169, "ID": 445, "WARD_ID": 19, "TYPE": "Railroad", "NAME": "Central Railway", "LKM": 0.57042481, "SHAPE.LEN": 570.424828075781}}, {"type": "Feature", "id": 170, "geometry": {"type": "LineString", "coordinates": [[72.89940354972804, 19.093620851898695], [72.89923463746445, 19.093711701818542], [72.89897349546808, 19.09386552285019], [72.89867510675258, 19.094027504130217], [72.89757589098633, 19.094723475032534], [72.89662720816926, 19.09530509320997], [72.89590452843315, 19.09575895009625], [72.89525394327461, 19.096180707937254], [72.89467963375627, 19.096530678446825], [72.89423544138067, 19.09681334602071], [72.89386752417619, 19.097082552570424], [72.89359071903358, 19.097310704334753], [72.8933470563235, 19.097549179872672], [72.89318567544376, 19.097748715102973], [72.89301793442218, 19.097940616958052], [72.89281745295277, 19.09821595795835], [72.89248559207948, 19.098751640854438], [72.89150585818737, 19.100371060420454], [72.89135606530948, 19.100614229798268], [72.89128797686914, 19.100721225032654], [72.89117077276195, 19.100896553990502], [72.8910607948765, 19.10105993943412], [72.89092229035124, 19.101227290343566], [72.8908065874518, 19.101334662097806], [72.89050684004317, 19.101615410340383], [72.89017133690761, 19.101890389997337], [72.88940385138736, 19.102514270558153], [72.8889185222575, 19.102911706320366], [72.88812870341891, 19.103479753417584], [72.8873349940623, 19.103931078083768], [72.88671247693117, 19.10433376855204], [72.88639651208902, 19.10459562956215], [72.8859588683756, 19.10506311242776], [72.88488447595775, 19.106334894286135]]}, "properties": {"OBJECTID": 170, "ID": 450, "WARD_ID": 19, "TYPE": "Metro Rail", "NAME": "Metro Rail", "LKM": 2.11087918, "SHAPE.LEN": 2110.87916976132}}, {"type": "Feature", "id": 171, "geometry": {"type": "LineString", "coordinates": [[72.88485380332477, 19.106315822411844], [72.88588211945418, 19.105064817903106], [72.88630877910235, 19.104609068165566], [72.88638114924912, 19.10454896355457], [72.88656852009088, 19.10437267629107], [72.88691479480367, 19.104133396009946], [72.88744393459733, 19.103814355570687], [72.88799252765354, 19.10347197204072], [72.88861115422816, 19.103069281722963], [72.88903329864584, 19.102758022647865], [72.88950407719484, 19.102378676665598], [72.89047130919452, 19.101592740201323], [72.89074314282136, 19.101340483038353], [72.89087412992932, 19.10122281025747], [72.89100974753592, 19.101065901589408], [72.89109104882863, 19.10095551791296], [72.89122881664473, 19.100736508259953], [72.8912900168373, 19.100634943225096], [72.89143969658748, 19.100386539042404], [72.89241756546834, 19.098763336403714], [72.89277495177485, 19.098199756364256], [72.89297400694562, 19.097928328341084], [72.8931348271317, 19.09773896593374], [72.89328597192807, 19.097552113052792], [72.89351624094833, 19.097317709902075], [72.89379077586267, 19.097084258966188], [72.89415869224061, 19.096815051668255], [72.89460288569333, 19.09653238340036], [72.89517719440406, 19.09618241313559], [72.89582777973563, 19.095760655585313], [72.89675654693639, 19.095177372014714], [72.89816988615488, 19.094284499552455], [72.89858267070647, 19.094037725893703], [72.89889674661512, 19.093867227889117], [72.89937178166122, 19.093587417790058]]}, "properties": {"OBJECTID": 171, "ID": 451, "WARD_ID": 19, "TYPE": "Metro Rail", "NAME": "Metro Rail", "LKM": 2.11224244, "SHAPE.LEN": 2112.24242544884}}, {"type": "Feature", "id": 172, "geometry": {"type": "LineString", "coordinates": [[72.87189189073969, 19.05867206298463], [72.87023549597663, 19.056172345765702], [72.86977887563135, 19.055226181861418], [72.86930033681213, 19.053957879848724], [72.86919488588724, 19.05342088559175], [72.8691085754708, 19.05253961395986], [72.86905860591426, 19.051690140666], [72.8690775082637, 19.05142379091721]]}, "properties": {"OBJECTID": 172, "ID": 454, "WARD_ID": 19, "TYPE": "Railroad", "NAME": "Harbour Railway", "LKM": 0.8737977, "SHAPE.LEN": 873.797702051404}}, {"type": "Feature", "id": 173, "geometry": {"type": "LineString", "coordinates": [[72.87189189073969, 19.05867206298463], [72.87206498014372, 19.05889495629588], [72.87227461556171, 19.059147885668718], [72.87257539567962, 19.05951702491254], [72.87282580228816, 19.059806509675784], [72.87321132236764, 19.060256698452775], [72.87384805325578, 19.060893428413163], [72.87489268807991, 19.061851010966635], [72.87552444375874, 19.062373328336122], [72.87613709802936, 19.06282463543213], [72.87674911353047, 19.06326117124016], [72.87709894104823, 19.06345709334365], [72.87768736428511, 19.063748488147976], [72.87782384574066, 19.0638276083451]]}, "properties": {"OBJECTID": 173, "ID": 455, "WARD_ID": 19, "TYPE": "Railroad", "NAME": "Harbour Railway", "LKM": 0.85352726, "SHAPE.LEN": 853.52728299612}}, {"type": "Feature", "id": 174, "geometry": {"type": "LineString", "coordinates": [[72.86902465507936, 19.05143325734354], [72.86900499960706, 19.05171000041955], [72.86905499963413, 19.05255899983954], [72.86914099976818, 19.053439999617012], [72.8692470004361, 19.05397700023953], [72.869724999915, 19.055245999776332], [72.8701820001394, 19.05619200016908], [72.87029602184677, 19.05637225232941], [72.87042245038964, 19.056594117639225], [72.87096190200458, 19.05737676575391], [72.87119036831854, 19.057701946430186], [72.87168264499235, 19.05840260884129], [72.87189189073969, 19.05867206298463]]}, "properties": {"OBJECTID": 174, "ID": 469, "WARD_ID": 19, "TYPE": "Railroad", "NAME": "Harbour Railway", "LKM": 0.8763239700000001, "SHAPE.LEN": 876.3239136106811}}, {"type": "Feature", "id": 175, "geometry": {"type": "LineString", "coordinates": [[72.88099893923739, 19.066266666201386], [72.88075178094779, 19.065917969729494], [72.88066579318975, 19.065768775143532], [72.88062754805756, 19.065695766630938], [72.88035916959939, 19.06524554912642], [72.88015332295407, 19.064896233078137], [72.87990505962436, 19.064570621525466], [72.87970420389507, 19.064279941501734], [72.8795095854479, 19.063964309684888], [72.87934740247846, 19.063590043569558], [72.87921765761254, 19.063194568536865], [72.87914654645147, 19.06283153045072], [72.87912452668279, 19.062631436371884], [72.87911343888997, 19.062563092837053], [72.87910461468925, 19.06234248906672], [72.87911348625771, 19.062040857535862], [72.87913422078621, 19.061829742033968], [72.87913788311019, 19.061792455523197], [72.87916893286369, 19.061555143602234], [72.87923075692954, 19.06123965054234], [72.87930893682176, 19.06097017845081], [72.87948300295628, 19.060517870908743], [72.87969386132033, 19.059946774867807], [72.87999841819045, 19.059175363549198], [72.88014231884166, 19.05878259887422], [72.88021244920425, 19.058611295249655], [72.88032119250458, 19.05836390281036], [72.88039046657464, 19.058176454975605], [72.88083261075592, 19.057096441212813], [72.88182653440774, 19.054527769040497], [72.88223092643324, 19.053531302029807]]}, "properties": {"OBJECTID": 175, "ID": 449, "WARD_ID": 19, "TYPE": "Railroad", "NAME": "Central Railway", "LKM": 1.51878534, "SHAPE.LEN": 1518.78536940234}}, {"type": "Feature", "id": 176, "geometry": {"type": "LineString", "coordinates": [[72.8258575201322, 18.942150842551136], [72.82556120964081, 18.942811900159782], [72.82516170615669, 18.943591620430503], [72.8248916971396, 18.944004899202227], [72.82417810245057, 18.944988503053697], [72.82321972615323, 18.94642793388739], [72.8224012129028, 18.947639606123094], [72.82161535995235, 18.94865330358617], [72.82082552571865, 18.949544532816397], [72.82022018287019, 18.95021499303118], [72.82002932196258, 18.950430040309712]]}, "properties": {"OBJECTID": 176, "ID": 381, "WARD_ID": 3, "TYPE": "Railroad", "NAME": "Western Railway", "LKM": 1.10754135, "SHAPE.LEN": 1107.5414333798901}}, {"type": "Feature", "id": 177, "geometry": {"type": "LineString", "coordinates": [[72.82590798583094, 18.942173136902717], [72.82563954743426, 18.942846359584845], [72.82522512520221, 18.943638132425995], [72.82494557292837, 18.944046901371877], [72.82424463595838, 18.94504133229804], [72.82326395239527, 18.946458259773088], [72.82244468239983, 18.947671052395037], [72.82165682139845, 18.948687339565822], [72.82086574438846, 18.949579971569637], [72.82026038901601, 18.950250446221535], [72.82006943662682, 18.95046559363024]]}, "properties": {"OBJECTID": 177, "ID": 382, "WARD_ID": 3, "TYPE": "Railroad", "NAME": "Western Railway", "LKM": 1.1098506, "SHAPE.LEN": 1109.85060526073}}, {"type": "Feature", "id": 178, "geometry": {"type": "LineString", "coordinates": [[72.82010920216742, 18.950500839343725], [72.82030638867448, 18.950278667443197], [72.82091176132488, 18.94960817387], [72.82170457815072, 18.948713578561634], [72.82249525038628, 18.947693664210714], [72.82331557995003, 18.946479303992675], [72.8242958675908, 18.945062947849735], [72.82499691846154, 18.944068357269195], [72.82527907544647, 18.943655776338698], [72.82569708029631, 18.942857162556535], [72.82596056388657, 18.942196363785115]]}, "properties": {"OBJECTID": 178, "ID": 383, "WARD_ID": 3, "TYPE": "Railroad", "NAME": "Western Railway", "LKM": 1.11168489, "SHAPE.LEN": 1111.68494001492}}, {"type": "Feature", "id": 179, "geometry": {"type": "LineString", "coordinates": [[72.8257986013369, 18.942124814350542], [72.82548354678383, 18.94279891271803], [72.82509413587962, 18.943573547532264], [72.8248239177391, 18.943993724620974], [72.82456214968175, 18.944382754891645], [72.82408102444158, 18.94496511640015], [72.82315402827237, 18.946413788771256], [72.82285432770915, 18.94691551036284], [72.82237788409103, 18.94762397400172], [72.82227359679291, 18.947752034384106], [72.82155014591166, 18.948644395175908], [72.82076947419165, 18.94954335259093], [72.8204648517025, 18.94988375954111], [72.82015547126443, 18.950205516426347], [72.81998839077978, 18.9503937674199]]}, "properties": {"OBJECTID": 179, "ID": 384, "WARD_ID": 3, "TYPE": "Railroad", "NAME": "Western Railway", "LKM": 1.10617242, "SHAPE.LEN": 1106.1724258355703}}, {"type": "Feature", "id": 180, "geometry": {"type": "LineString", "coordinates": [[72.89268419194215, 19.07672373165993], [72.89311072813783, 19.07675888525927], [72.89347740644935, 19.07683156145596]]}, "properties": {"OBJECTID": 180, "ID": 476, "WARD_ID": 22, "TYPE": "Railroad", "NAME": "Central Railway", "LKM": 0.08449619, "SHAPE.LEN": 84.4962511631882}}, {"type": "Feature", "id": 181, "geometry": {"type": "LineString", "coordinates": [[72.89264838101191, 19.076597839817744], [72.89278630285995, 19.076604917780752], [72.89303963638616, 19.076631003979575], [72.89326426084793, 19.076669011911434], [72.89347740644935, 19.07683156145596]]}, "properties": {"OBJECTID": 181, "ID": 477, "WARD_ID": 22, "TYPE": "Railroad", "NAME": "Central Railway", "LKM": 0.09414229, "SHAPE.LEN": 94.14235705860679}}, {"type": "Feature", "id": 182, "geometry": {"type": "LineString", "coordinates": [[72.89239046907758, 19.075663741912233], [72.89268731040423, 19.07588870194802], [72.89329226488398, 19.076380399744917], [72.89391379297668, 19.07688590936916], [72.89416833168472, 19.077088339420214]]}, "properties": {"OBJECTID": 182, "ID": 478, "WARD_ID": 22, "TYPE": "Railroad", "NAME": "Central Railway", "LKM": 0.24476789000000002, "SHAPE.LEN": 244.76789861318503}}, {"type": "Feature", "id": 183, "geometry": {"type": "LineString", "coordinates": [[72.8921646733469, 19.074722978179263], [72.89217385285086, 19.074729941740124], [72.89261271903231, 19.075111063116566], [72.89307179656606, 19.075558590566725], [72.89357995847615, 19.07607541387478], [72.89405058357615, 19.076548927595855], [72.8945443081261, 19.077042652207837], [72.89482148721461, 19.07732849226306], [72.89491787414104, 19.077473571290707]]}, "properties": {"OBJECTID": 183, "ID": 480, "WARD_ID": 22, "TYPE": "Railroad", "NAME": "Central Railway", "LKM": 0.42094695, "SHAPE.LEN": 420.946941626312}}, {"type": "Feature", "id": 184, "geometry": {"type": "LineString", "coordinates": [[72.89232393753967, 19.075423359726255], [72.89276840514108, 19.075750862271427], [72.89345828561794, 19.076293220700627], [72.89421758845414, 19.076909341434938], [72.89491787414104, 19.077473571290707]]}, "properties": {"OBJECTID": 184, "ID": 481, "WARD_ID": 22, "TYPE": "Railroad", "NAME": "Central Railway", "LKM": 0.35512915, "SHAPE.LEN": 355.129235191314}}, {"type": "Feature", "id": 185, "geometry": {"type": "LineString", "coordinates": [[72.9081148380211, 19.086056674681284], [72.90805818448395, 19.08766815555356], [72.90804767473443, 19.08799509431014], [72.9080306191372, 19.088800099950237], [72.90800903821328, 19.08896151906087], [72.90790213064396, 19.089279189093208], [72.90784642290532, 19.089492541410312], [72.90783277905066, 19.08969720316099], [72.90784642310935, 19.089995669168072], [72.90785836160943, 19.090166220858272], [72.90785702901384, 19.09029637332041], [72.90783784154793, 19.090470975861308], [72.9077946716596, 19.090592812588138], [72.90773423181454, 19.090723286322834], [72.90759835301256, 19.090907581446704], [72.90756730436698, 19.09094969385012], [72.90736679872612, 19.091098394159715], [72.90721042461476, 19.09118089819106], [72.90705596823585, 19.091233663417395], [72.90690630875221, 19.091263402345092], [72.90671251945025, 19.09127203662855], [72.90645157467925, 19.091243256693314], [72.90625011031531, 19.091210637968437], [72.9059891656282, 19.09116842558783], [72.90576947374717, 19.091144443150267], [72.9054950982713, 19.091134849341373], [72.90508737183028, 19.09117610165375], [72.90471226434542, 19.091263403074755], [72.90422203410868, 19.09144376134987], [72.9035428113325, 19.09171334024038], [72.9029604829952, 19.09195989398958], [72.90219779595813, 19.092389684959446], [72.901088622277, 19.093023498643124], [72.90065627308505, 19.0932025786723], [72.90023543539571, 19.09333432965798], [72.89974680436312, 19.093487826142617], [72.89948202295967, 19.09357864521455], [72.89940354972804, 19.093620851898695]]}, "properties": {"OBJECTID": 185, "ID": 482, "WARD_ID": 22, "TYPE": "Metro Rail", "NAME": "Metro Rail", "LKM": 1.48370256, "SHAPE.LEN": 1483.7026004552902}}, {"type": "Feature", "id": 186, "geometry": {"type": "LineString", "coordinates": [[72.89937178166122, 19.093587417790058], [72.89949754973799, 19.09351333639576], [72.89995455426366, 19.09335360503135], [72.90060492693131, 19.093154391430186], [72.90098551550405, 19.093009103118348], [72.90131800108367, 19.092833252528653], [72.90260418833039, 19.09208092309362], [72.90308525696467, 19.09184896459167], [72.90316294535839, 19.091812359327506], [72.90368658978238, 19.091591818046734], [72.90410839155687, 19.09143383731867], [72.90465114814099, 19.091221783718584], [72.90504981141405, 19.09112949144533], [72.90537873147134, 19.091092930693154], [72.90576315055087, 19.091109252552112], [72.90618379832436, 19.091155499314812], [72.90660364072612, 19.091217459416555], [72.90681614410903, 19.091204498028734], [72.90707027197095, 19.091163353658203], [72.90721380063921, 19.091113318619655], [72.90733780207842, 19.09105224478524], [72.90757013413834, 19.090876199679403], [72.9076977576883, 19.090684761578864], [72.9077722060876, 19.090472054933873], [72.90779854513762, 19.090228439718878], [72.90779347541822, 19.089929651088873], [72.90778284067653, 19.08947233087714], [72.90782538270592, 19.089280894443753], [72.9079211008948, 19.089046916639525], [72.90797427795226, 19.088812937961997], [72.90797092643528, 19.087996799767392], [72.9079768941321, 19.087646924763], [72.90800851167134, 19.086057789637167]]}, "properties": {"OBJECTID": 186, "ID": 483, "WARD_ID": 22, "TYPE": "Metro Rail", "NAME": "Metro Rail", "LKM": 1.47781077, "SHAPE.LEN": 1477.810819631}}, {"type": "Feature", "id": 187, "geometry": {"type": "LineString", "coordinates": [[72.89347740644935, 19.07683156145596], [72.89354368690799, 19.076835667481998], [72.89385217911148, 19.076964843639576], [72.89416833168472, 19.077088339420214]]}, "properties": {"OBJECTID": 187, "ID": 484, "WARD_ID": 22, "TYPE": "Railroad", "NAME": "Central Railway", "LKM": 0.07845449, "SHAPE.LEN": 78.4544268043212}}, {"type": "Feature", "id": 188, "geometry": {"type": "LineString", "coordinates": [[72.89491787414104, 19.077473571290707], [72.89497688913013, 19.077521120101213], [72.895725783997, 19.0780982837554], [72.89724560797124, 19.079262264929174], [72.89890583011706, 19.080558599429438], [72.90030677664559, 19.081472484074], [72.90105441306412, 19.08192913045096], [72.90131113464076, 19.08207327903326], [72.90161933947351, 19.082239621903163], [72.90196346527368, 19.082422669425053], [72.9025418904735, 19.082724693815766], [72.90307089329482, 19.082977297396177], [72.90381406017838, 19.08334155930331], [72.90435038426844, 19.083590501417948], [72.9048372869633, 19.083810156620267], [72.90540472881561, 19.084068251356502], [72.90664211966853, 19.08469243835644], [72.90751524917616, 19.08518117144098], [72.90818153602453, 19.085583872094606], [72.90905832632552, 19.086149484319378], [72.90950495882466, 19.08645700242727], [72.91035063133653, 19.087048239954875], [72.91084851597614, 19.08741067093322], [72.91160704010957, 19.087996744571203], [72.91165458241521, 19.0880318793738], [72.9121892761968, 19.088471271571184], [72.91329744206129, 19.08938070255572], [72.91430919279478, 19.090389102066872], [72.91575377959964, 19.091865937813544], [72.91804422962737, 19.094262105036318], [72.9197897667669, 19.096031519426848], [72.92212908515464, 19.09849994568162], [72.92393497504251, 19.10041004091235], [72.92454605699648, 19.10118216972524], [72.92499489356122, 19.10183295217951], [72.92542679152717, 19.102529962070655], [72.92563469369497, 19.10289270042962], [72.92583810418867, 19.10327265439612], [72.92609908301354, 19.10379845074346], [72.92634471045545, 19.104293542685816], [72.92658649976869, 19.104861556242874], [72.92683056479754, 19.105461867073764], [72.927242625394, 19.10649331412774], [72.9273214622739, 19.10674213980014], [72.9274154915704, 19.107081796180864], [72.92756133270504, 19.107611429770294], [72.92767647087464, 19.10807581887341], [72.9278088790296, 19.108638075189376], [72.9278933136763, 19.1090103541356], [72.92800845126048, 19.109584122567885], [72.92807561534094, 19.109925699290265], [72.92813510308129, 19.110236570738046], [72.92819498246386, 19.110549274845127]]}, "properties": {"OBJECTID": 188, "ID": 486, "WARD_ID": 22, "TYPE": "Railroad", "NAME": "Central Railway", "LKM": 5.22929373, "SHAPE.LEN": 5229.29368788172}}, {"type": "Feature", "id": 189, "geometry": {"type": "LineString", "coordinates": [[72.89236658813978, 19.075576605175335], [72.89240106245427, 19.075601599251545], [72.89340921846312, 19.07640082825692], [72.89444058753728, 19.07722327090286], [72.89524976628783, 19.077869950282576], [72.89574850446206, 19.07827421640255], [72.89717763919138, 19.0793445431383], [72.898837862457, 19.080640877376215], [72.90023880826377, 19.08155476164694], [72.90098113935926, 19.082018133318154], [72.90222839030642, 19.082677415863877], [72.90437868806222, 19.0837163949059], [72.90498827813705, 19.083991985377743], [72.90555467428494, 19.08427467233886], [72.90683164131008, 19.084966018304723], [72.90817214647277, 19.085761805376215], [72.91028505856238, 19.08713322593393], [72.91101799119382, 19.08767094855348], [72.91158661337622, 19.08811415771656], [72.91212130719909, 19.088553550115805], [72.91323703735512, 19.089469937604015], [72.91424122390258, 19.090471379597247], [72.91568581068574, 19.091948215875675], [72.91797626066544, 19.094344383035875], [72.91972179778607, 19.096113798069748], [72.92206111611523, 19.098582224279003], [72.92386700595856, 19.10049231926851], [72.92447808783572, 19.10126444829949], [72.92492692526692, 19.101915230017568], [72.92525661922451, 19.102447299179982], [72.92559663446582, 19.103050694168655], [72.92576500836581, 19.10334448329576], [72.92590878603991, 19.103641734799854], [72.92621070295094, 19.10425068580765], [72.92641027507561, 19.104670299313486], [72.92662264043133, 19.10517434640173], [72.92675568827882, 19.105542787741125], [72.9270294602056, 19.106231055794204], [72.92721879831696, 19.10679395170266], [72.92734672856561, 19.10725450237786], [72.92749001244857, 19.107761109436904], [72.92770237624576, 19.108600335188274], [72.92782007254968, 19.109140204001648], [72.92795056276063, 19.109879644389718], [72.92800429366824, 19.110276229308997], [72.92805210962098, 19.110577619396306]]}, "properties": {"OBJECTID": 189, "ID": 487, "WARD_ID": 22, "TYPE": "Railroad", "NAME": "Central Railway", "LKM": 5.56223869, "SHAPE.LEN": 5562.23871800945}}, {"type": "Feature", "id": 190, "geometry": {"type": "LineString", "coordinates": [[72.89234351088082, 19.07549240334197], [72.89255768466607, 19.07564513154513], [72.89328010524328, 19.07621135507857], [72.89466637408334, 19.0773462401819], [72.89527408596756, 19.07782948114984], [72.89577506557744, 19.07822221624824], [72.8957860659088, 19.078233077317687], [72.89721520058538, 19.079303403755656], [72.8988754228531, 19.080599737638153], [72.9002763704511, 19.081513623441428], [72.90101870055727, 19.0819769940416], [72.90224303445272, 19.082626162414044], [72.90441954096532, 19.083674879543683], [72.90559866185048, 19.084206532859557], [72.90689162129206, 19.08488936518783], [72.90822643216325, 19.085712989574233], [72.9103377665773, 19.087076418311877], [72.91106393133929, 19.087618846862814], [72.91162417463153, 19.088073018902865], [72.9121588684443, 19.08851241119169], [72.91326312126995, 19.08942051536918], [72.91427878609059, 19.09043024115375], [72.91572337291933, 19.091907077141236], [72.91801382298489, 19.094303243841495], [72.91975936014532, 19.096072659426532], [72.92209867761724, 19.09854108515577], [72.92390456753324, 19.100451179783075], [72.92451564946667, 19.101223308694696], [72.92496448694895, 19.101874091230396], [72.92531481471244, 19.10243946141256], [72.92553682701813, 19.10283513114087], [72.92579635547048, 19.103300094747443], [72.92600463225514, 19.103709054771052], [72.92628352153284, 19.104288314334802], [72.92656635060709, 19.104931278268015], [72.92683500523643, 19.105586283905012], [72.92709392217249, 19.106250338078702], [72.92719321141145, 19.10652273785625], [72.92734672932107, 19.107034461745048], [72.92748489468094, 19.107538509046478], [72.92771516972641, 19.108436584414406], [72.92777913565811, 19.108728266258264], [72.92792753470988, 19.109403741256628], [72.92804523128983, 19.110063864154775], [72.92813431505205, 19.110560189170055]]}, "properties": {"OBJECTID": 190, "ID": 488, "WARD_ID": 22, "TYPE": "Railroad", "NAME": "Central Railway", "LKM": 5.57428255, "SHAPE.LEN": 5574.282552065491}}, {"type": "Feature", "id": 191, "geometry": {"type": "LineString", "coordinates": [[72.891165161759, 19.069680087568596], [72.89279610336058, 19.071000503575952], [72.89386126400862, 19.07189923282962], [72.8943072990693, 19.072331953961832], [72.89455361773184, 19.072684787948415], [72.8946534764266, 19.072851219440764], [72.89483987930134, 19.073177423928918], [72.89499299576441, 19.073756605132573], [72.8952980486088, 19.0749160106938], [72.89552389753338, 19.075819408571455], [72.8958062091234, 19.076845996068023], [72.89590886826045, 19.077179637016922], [72.89603719135616, 19.07745168278707], [72.8962271099173, 19.0778315198654], [72.89656588382871, 19.07833968114104], [72.89681226512418, 19.078683587572538], [72.89709457672167, 19.078955634220907], [72.89727936272531, 19.079140419268185], [72.89813656340074, 19.079848764953066], [72.89840347645577, 19.08006434821059], [72.89914607883537, 19.080622916184502], [72.89983817763381, 19.081070024685452], [72.90051802785781, 19.081498758599654], [72.90085489031914, 19.081725375346075], [72.9011999831878, 19.08194778116558], [72.90152727569733, 19.082113150157614], [72.90185112216746, 19.0823129702579], [72.90219700495193, 19.082505685328517], [72.90367154361888, 19.0832085030989], [72.9050542106713, 19.08385160356154], [72.90567893784525, 19.084118031281687], [72.90642769079368, 19.084485518421307], [72.90685489396492, 19.084706009619754], [72.90762202103436, 19.08511483840339], [72.90818243803876, 19.085477731162452], [72.90910115416425, 19.086042741579384], [72.9098407194509, 19.086557221609155], [72.91014389627966, 19.08677312002539], [72.91051597553715, 19.087034953838057], [72.91095236568789, 19.087393253646656], [72.9112601362346, 19.087618338371417], [72.91174705557808, 19.08800879284248], [72.9120869804284, 19.088307375349984], [72.91282654636214, 19.08892750759614], [72.91330427830903, 19.0893225560203], [72.91370392004484, 19.08970382358703], [72.91455373244423, 19.090539855447506], [72.91542191864576, 19.091426415875997], [72.91620212125068, 19.092269148109274], [72.91713072984517, 19.093236285719055], [72.91766358489875, 19.09379210892303], [72.91846286846031, 19.094605171871386], [72.91912434277147, 19.095285020551472], [72.91975366254964, 19.09590515528751], [72.92104905252683, 19.09726485428423], [72.92162324945257, 19.097875799965248], [72.92254655861882, 19.098868014428437], [72.92291404505703, 19.099235498580583], [72.92336421589805, 19.099727012293837], [72.92392003907545, 19.10031499096475], [72.92414053098375, 19.100567637812354], [72.92450342363547, 19.101040775910406], [72.92470094721192, 19.101307204016706], [72.92503168552166, 19.101789529312505], [72.9251465242221, 19.101968678703336], [72.92544051372924, 19.102451004770128], [72.92566100495789, 19.10285064616115], [72.92578043837409, 19.103061950861708], [72.92604686643233, 19.10358102494378], [72.92627195098078, 19.104031196122243], [72.92648325632845, 19.104467585757366], [72.92673130933153, 19.105092312359957], [72.92701151738272, 19.105781349331487], [72.92720904103825, 19.10626367538874], [72.92726875814982, 19.106419856561093], [72.9273422555549, 19.106672504438986], [72.9275305919444, 19.10735235322649], [72.92757265280298, 19.107527938734474], [72.92771337714026, 19.10800895825658], [72.92780036971591, 19.10840554376423], [72.9279897072743, 19.109137308442126], [72.9280587900741, 19.109423873793478], [72.92817398025566, 19.109985622675723], [72.92828672452828, 19.110532770295357]]}, "properties": {"OBJECTID": 191, "ID": 489, "WARD_ID": 22, "TYPE": "Railroad", "NAME": "Central Railway", "LKM": 6.19701579, "SHAPE.LEN": 6197.0158751709005}}, {"type": "Feature", "id": 192, "geometry": {"type": "LineString", "coordinates": [[72.89158677152645, 19.07257025992531], [72.89181059301896, 19.0726808084822]]}, "properties": {"OBJECTID": 192, "ID": 479, "WARD_ID": 22, "TYPE": "Railroad", "NAME": "Central Railway", "LKM": 0.026550690000000002, "SHAPE.LEN": 26.5506906365917}}, {"type": "Feature", "id": 193, "geometry": {"type": "LineString", "coordinates": [[72.89505180112394, 19.073505848202707], [72.89552389079557, 19.07524981725499], [72.8955933130363, 19.075510148972405], [72.89565405680776, 19.075852919578477], [72.8957364957454, 19.076178334784622], [72.89584930613712, 19.076586187594263], [72.89596645557333, 19.07697668643225], [72.89606191042796, 19.077210985583726], [72.89615736560059, 19.077406234159838], [72.89629620895397, 19.077640532636902], [72.8964723789312, 19.077926859612425], [72.89663457969453, 19.078136598789545], [72.89687761728226, 19.078382479256906], [72.89719435498145, 19.078746943783422], [72.89747204229069, 19.079046326377412], [72.89779311754566, 19.07935004705066], [72.89839188228818, 19.079835999688672], [72.89872163626025, 19.080122364798992], [72.89930451834512, 19.080563204632032], [72.90001027990921, 19.08105956064078], [72.90123075087149, 19.081908932858834], [72.90143756331017, 19.082027788173683], [72.9016641272631, 19.082149815621364], [72.90195774515651, 19.082305289769682], [72.9023734879117, 19.082523343041206], [72.90394951359097, 19.08327566221415], [72.90475491636113, 19.08366005910716], [72.90557313176538, 19.083993202554765], [72.90626687584171, 19.084275093117775], [72.90705031263005, 19.084703420656332], [72.9079289332291, 19.08521045787941], [72.90830966901069, 19.08541180887289], [72.9092139156496, 19.08599206356881], [72.90988935515331, 19.086453340217087], [72.9104494760761, 19.086878007209595], [72.91098397060131, 19.087269725659944], [72.91141778883278, 19.087655951991646], [72.91233196217271, 19.08843943378179], [72.9133727203614, 19.08928689191768], [72.91401997450646, 19.089957179757132], [72.91437303945727, 19.090304132103235], [72.91580755620718, 19.09179465741485], [72.9181139874285, 19.094170883004505], [72.91985952544002, 19.095940299449477], [72.92219884287587, 19.098408723902786], [72.9240047327443, 19.10031881935171], [72.92461581475544, 19.10109094793895], [72.92506465140207, 19.10174173023156], [72.92550029304445, 19.102444780905248], [72.92576795643079, 19.102949234985925], [72.92641688077404, 19.10422264618521], [72.92652487756179, 19.104458775097026], [72.92674945167758, 19.104994603648198], [72.92692757836002, 19.10545454557944], [72.92713259004582, 19.10599086980979], [72.92727453435027, 19.10631808464344], [72.92744763425304, 19.106900773790684], [72.92756797744288, 19.10734585228006], [72.92760882712858, 19.107496931423047], [72.92774955154529, 19.107977951829543], [72.92783654420053, 19.10837453732794], [72.92802588190104, 19.109106301982568], [72.9280949647573, 19.109392867325898], [72.92823528521708, 19.109951281429524], [72.92835727586733, 19.110520076598764]]}, "properties": {"OBJECTID": 193, "ID": 490, "WARD_ID": 22, "TYPE": "Railroad", "NAME": "Central Railway", "LKM": 5.59827448, "SHAPE.LEN": 5598.27441760091}}, {"type": "Feature", "id": 194, "geometry": {"type": "LineString", "coordinates": [[72.89416833168472, 19.077088339420214], [72.8946154293034, 19.077443904130053], [72.89544137227307, 19.078098579551828], [72.89571452000179, 19.078299257445888], [72.89714365468254, 19.079369584442354], [72.89880643093072, 19.08065935053966], [72.90020482365772, 19.081579804414428], [72.90094715477119, 19.082043174416825], [72.90216737523265, 19.082701822446424], [72.9043559583754, 19.083746492967276], [72.90496250843773, 19.084009906128074], [72.90552092396945, 19.08429250244299], [72.90679765685076, 19.084991059599336], [72.90813842138193, 19.08579342757571], [72.90924043408387, 19.086492760369943], [72.9102596029309, 19.087156856135277], [72.91099594997057, 19.087689833782022], [72.91155262885844, 19.088139198984827], [72.91208732266601, 19.08857859057764], [72.91318479280298, 19.089491444594337], [72.91420723921398, 19.090496421341903], [72.91565182682284, 19.091973256982936], [72.91794227657553, 19.094369424546322], [72.91968781354699, 19.09613883898556], [72.92202713163978, 19.098607265606226], [72.92383302131094, 19.10051736001013], [72.92444410404843, 19.10128948915653], [72.92489294044519, 19.101940270938975], [72.9252079609979, 19.102448660338784], [72.92560431015904, 19.103170949844596], [72.92575669461473, 19.10343595522245], [72.926300254031, 19.10455516132036], [72.92663031640438, 19.10535089242189], [72.92677615738263, 19.105737242869775], [72.92694758411714, 19.106200352166624], [72.92709598469351, 19.106617407021982], [72.9272546182195, 19.10713936504984], [72.92736463926366, 19.10752315656131], [72.92755397688133, 19.108242129108366], [72.92764096984807, 19.108602893780848], [72.92768446651871, 19.108815259366615], [72.92786612839274, 19.109733803206076], [72.92793009316111, 19.1100894506204], [72.92798948475631, 19.110593178030836]]}, "properties": {"OBJECTID": 194, "ID": 485, "WARD_ID": 22, "TYPE": "Railroad", "NAME": "Central Railway", "LKM": 5.30636387, "SHAPE.LEN": 5306.36387665537}}, {"type": "Feature", "id": 195, "geometry": {"type": "LineString", "coordinates": [[72.8385095672807, 18.964712461809274], [72.83854096985486, 18.964672856251923], [72.83879639387808, 18.96437470933468], [72.83903053486424, 18.9641535253816], [72.83937461598053, 18.963902739235106], [72.83957901343146, 18.963785443927303], [72.83973017091269, 18.963706134663603], [72.84000333944246, 18.96360508307442], [72.84164445252574, 18.96323105126946], [72.84170266817195, 18.963217783233244], [72.84240443567207, 18.963057834569106], [72.84342584681978, 18.962830371696807]]}, "properties": {"OBJECTID": 195, "ID": 411, "WARD_ID": 2, "TYPE": "Railroad", "NAME": "Central Railway", "LKM": 0.57328938, "SHAPE.LEN": 573.289330721014}}, {"type": "Feature", "id": 196, "geometry": {"type": "LineString", "coordinates": [[72.83847687997756, 18.964679991076622], [72.8386860546624, 18.964435191355296], [72.83913940270858, 18.96389227422878], [72.83954613006847, 18.963503235413018], [72.8401024707958, 18.963154547417876], [72.84034313235841, 18.963056977613586], [72.8412626478202, 18.962841177860334], [72.8413444480746, 18.962821980274814], [72.84338341712974, 18.96234343939097]]}, "properties": {"OBJECTID": 196, "ID": 412, "WARD_ID": 2, "TYPE": "Railroad", "NAME": "Central Railway", "LKM": 0.6000563800000001, "SHAPE.LEN": 600.0563836618701}}, {"type": "Feature", "id": 197, "geometry": {"type": "LineString", "coordinates": [[72.83844121469984, 18.964641022749678], [72.83860812918704, 18.964429981594584], [72.83898918433444, 18.96389368128179], [72.8389844799159, 18.963884272216557], [72.83913501953069, 18.96359260032274], [72.8394408050464, 18.96272699275199], [72.83954900639918, 18.962374164315445], [72.83961957258117, 18.96190842986116], [72.83968072906923, 18.961442695786815], [72.83969631099306, 18.961142177889577], [72.83970255625229, 18.961021735662758], [72.83971365968935, 18.96080760320466], [72.8396854337016, 18.960304233716908], [72.83961016314906, 18.959880838732094], [72.83923381153544, 18.95868592459155], [72.83880571291509, 18.957585097189448], [72.83863165073768, 18.95702057108284], [72.83846699762425, 18.956394887289683], [72.83839172664241, 18.956023240861843], [72.83826941293455, 18.95525172156434], [72.83824589133452, 18.954776577881628], [72.83833056953732, 18.953901562215826], [72.8383729092697, 18.953454645037027], [72.83839643105586, 18.953125337972665], [72.83841524899194, 18.95252317633405], [72.83842465774703, 18.952128007617596], [72.83847170116498, 18.95106011243503], [72.83847170184625, 18.95069787435802], [72.83847640621282, 18.9501898006699], [72.8384481794522, 18.94962997796187], [72.83839890072733, 18.948996934224756]]}, "properties": {"OBJECTID": 197, "ID": 413, "WARD_ID": 2, "TYPE": "Railroad", "NAME": "Central Railway", "LKM": 1.78426004, "SHAPE.LEN": 1784.26005855382}}, {"type": "Feature", "id": 198, "geometry": {"type": "LineString", "coordinates": [[72.83832003966542, 18.94900403816917], [72.83835409153045, 18.949272445075785], [72.83838231792774, 18.949681726423574], [72.83839643107652, 18.950326227962403], [72.83840113592142, 18.95092368441128], [72.83837290934173, 18.951958650211754], [72.83834938772897, 18.952970092905513], [72.83832116246735, 18.95350639357936], [72.83826000376902, 18.95397212744246], [72.83820825630173, 18.9546777862168], [72.83820825586437, 18.954898892124717], [72.83823648189066, 18.95529406076319], [72.83827411689971, 18.955557506264363], [72.83837290968387, 18.956150259346973], [72.83842936213607, 18.956427818342128], [72.83858931114803, 18.95702057125087], [72.83877278228061, 18.957622732262042], [72.83928085630706, 18.959066979722728], [72.83949255371263, 18.95978204672177], [72.83955371054643, 18.960139580157698], [72.83958193728073, 18.960501817627705], [72.83957516807432, 18.960786138027366], [72.83957116073695, 18.960954452144524], [72.83955841533374, 18.961489739260585], [72.8394925535534, 18.962021334835935], [72.83940787454858, 18.962392981597684], [72.83934671734342, 18.962689358334963], [72.83924322053905, 18.96304689055669], [72.83906915867274, 18.96349851238031], [72.8388903920851, 18.96386075098515], [72.83870221620272, 18.96418064935529], [72.83849051891792, 18.964472320637203], [72.83839668210689, 18.96458961779903]]}, "properties": {"OBJECTID": 198, "ID": 414, "WARD_ID": 2, "TYPE": "Railroad", "NAME": "Central Railway", "LKM": 1.77213604, "SHAPE.LEN": 1772.1360022900901}}, {"type": "Feature", "id": 199, "geometry": {"type": "LineString", "coordinates": [[72.83821232931582, 18.94901374029629], [72.83823648173542, 18.94919247055204], [72.83827882119644, 18.949517073050956], [72.83830704771472, 18.95008630411902], [72.83832586508426, 18.950486176613673], [72.83833057034938, 18.95116831299014], [72.83827882209158, 18.95258433368898], [72.83825059646819, 18.953205311574965], [72.83819884710623, 18.953892153634598], [72.83815180326236, 18.954696603733204], [72.83815180357607, 18.95491300455096], [72.83817532514064, 18.95529406083202], [72.83820355136027, 18.955562210951427], [72.83825059645969, 18.95587270063815], [72.83832116153046, 18.95622082544536], [72.83844347534092, 18.95674301188765], [72.838570494143, 18.95718051997204], [72.83876807772188, 18.957796794703206], [72.83917735993174, 18.959005822196946], [72.83937023996337, 18.959640915367412], [72.83945021397832, 18.96003608320782], [72.83951137097282, 18.960459478017032], [72.83951013701882, 18.960623640567288], [72.83950881934553, 18.960798942071172], [72.8395066669142, 18.961085161657945], [72.83947844096481, 18.961555600945683], [72.839412579005, 18.961997813263338], [72.83921969884832, 18.962915168982104], [72.83900329700597, 18.963442059714332], [72.83888568810573, 18.96368668816221], [72.83868339884509, 18.964039517365606], [72.83852815408858, 18.96430296294939], [72.83843877083059, 18.96442527734536], [72.83834711508457, 18.96453253399129]]}, "properties": {"OBJECTID": 199, "ID": 415, "WARD_ID": 2, "TYPE": "Railroad", "NAME": "Central Railway", "LKM": 1.7634452, "SHAPE.LEN": 1763.44515019573}}, {"type": "Feature", "id": 200, "geometry": {"type": "LineString", "coordinates": [[72.8379908478557, 18.94903354787458], [72.83808071447156, 18.949760655665976], [72.83813246257455, 18.950315773002195], [72.83814187217433, 18.950819142638025], [72.83810423678753, 18.952028170058757], [72.83808541860398, 18.95295023003293], [72.83804778407838, 18.95400871767358], [72.83801485305482, 18.954672035951543], [72.83799603612543, 18.955086023441382], [72.83805248827713, 18.95570229668802], [72.83816068959352, 18.956276232644836], [72.83833004760228, 18.956911324777117], [72.83852763119455, 18.95763580143083], [72.83880989461227, 18.95847318177895], [72.838988661282, 18.959000073188452], [72.8391627242059, 18.95953637311138], [72.83935560370064, 18.960416093188446], [72.83940422899059, 18.960537595378216], [72.83950881934553, 18.960798942071172], [72.83957089345371, 18.960954049785432], [72.83957116073695, 18.960954452144524], [72.83969631099306, 18.961142177889577], [72.8397778856429, 18.96126453937946], [72.83996606097378, 18.96148564564754], [72.84014482819067, 18.961669116932878], [72.84029066423638, 18.96182906616208], [72.8409950570788, 18.962564189821848], [72.84125269511281, 18.962832214408625], [72.8412626478202, 18.962841177860334], [72.8412675683171, 18.96284561061049], [72.841508704775, 18.96308674755932], [72.84164445252574, 18.96323105126946], [72.84186296735335, 18.963463336919993], [72.84214131604442, 18.96375806018334], [72.84232578452682, 18.96395139837488]]}, "properties": {"OBJECTID": 200, "ID": 417, "WARD_ID": 2, "TYPE": "Railroad", "NAME": "Harbour Railway", "LKM": 1.78514898, "SHAPE.LEN": 1785.1490015224}}, {"type": "Feature", "id": 201, "geometry": {"type": "LineString", "coordinates": [[72.84238389253183, 18.963933380433115], [72.84179408318919, 18.96331878812502], [72.84170266817195, 18.963217783233244], [72.8413444480746, 18.962821980274814], [72.84131884592654, 18.96279369340581], [72.84130154018416, 18.962775670347806], [72.84104390212997, 18.962507646731503], [72.84033950831417, 18.961772523244736], [72.84019367321014, 18.961612574064436], [72.84001490598814, 18.961429102825917], [72.83982673064267, 18.96120799660615], [72.83970255625229, 18.961021735662758], [72.83961973746614, 18.96089750705187], [72.83957516807432, 18.960786138027366], [72.83951013701882, 18.960623640567288], [72.83940684858767, 18.960393073271444], [72.83938390670122, 18.960340215967275], [72.83921156883939, 18.959479829558084], [72.83903750579302, 18.958943529668378], [72.83885873900533, 18.958416638293787], [72.83857647636047, 18.95757925710859], [72.83837889163034, 18.95685478138059], [72.83820953441442, 18.956219689287785], [72.83810133293123, 18.955645754246405], [72.83804488061782, 18.95502947918895], [72.83806369834296, 18.95461549259339], [72.83809662913852, 18.953952174282687], [72.83813426423079, 18.95289368841154], [72.83815308117985, 18.951971626582534], [72.83819071614639, 18.950762600011874], [72.83818130733337, 18.95025923037249], [72.83812955907571, 18.949704112129318], [72.83804607271358, 18.949028635180674]]}, "properties": {"OBJECTID": 201, "ID": 418, "WARD_ID": 2, "TYPE": "Railroad", "NAME": "Harbour Railway", "LKM": 1.78348716, "SHAPE.LEN": 1783.48714844828}}, {"type": "Feature", "id": 202, "geometry": {"type": "LineString", "coordinates": [[72.8381146039021, 18.949022537235166], [72.83815356752595, 18.949456700433117], [72.83819237893243, 18.949862453339126], [72.83824177485339, 18.95047284728881], [72.83824530303477, 18.950920940938815], [72.83823471846735, 18.95148546667277], [72.83819943537247, 18.95252984055503], [72.83819590702696, 18.953122594147267], [72.83810769975153, 18.954385722012244], [72.83808653026836, 18.954643286792663], [72.83807947318098, 18.954929078757928], [72.83809358595909, 18.95521134207748], [72.83810417054251, 18.95540539772871], [72.83813592577884, 18.955655906766054], [72.8381712084016, 18.955857019621316], [72.83822060484546, 18.956093415065478], [72.83830528372081, 18.956477999418524], [72.83839701986571, 18.956813186298778], [72.83857696207144, 18.95743769361317], [72.83873220682304, 18.95788578656066], [72.83890862115555, 18.958407972563766], [72.83912737567313, 18.959088933661274], [72.83931790253204, 18.95970638400592], [72.8394096385595, 18.960239157415995], [72.83940732645937, 18.960366740622806], [72.83940684858767, 18.960393073271444], [72.83940422899059, 18.960537595378216], [72.83938846914137, 18.96140702085874], [72.83933554444563, 18.961830416438538], [72.83929320488963, 18.96212679137558], [72.83925512904263, 18.96231535931491], [72.83914501673328, 18.962881846283594], [72.8389121500284, 18.9634569569307], [72.83879218831247, 18.963696880766143], [72.83856637701436, 18.96408852129048], [72.8384464154312, 18.96429669065141], [72.83830881252686, 18.964480161177008], [72.83830531832265, 18.964484542763163]]}, "properties": {"OBJECTID": 202, "ID": 416, "WARD_ID": 2, "TYPE": "Railroad", "NAME": "Central Railway", "LKM": 1.7550238, "SHAPE.LEN": 1755.0237220107701}}, {"type": "Feature", "id": 203, "geometry": {"type": "LineString", "coordinates": [[72.92798948475631, 19.110593178030836], [72.92799917659728, 19.11067537367122], [72.92808616971115, 19.111345731990024], [72.92813734135949, 19.1120007384089], [72.92816292758148, 19.112829729430473], [72.92815781069207, 19.11322631561012], [72.9281399002688, 19.113876203786344], [72.92810152067796, 19.114625879113536], [72.92802476231509, 19.116399000430153], [72.92797870768155, 19.117335454396866], [72.92793521092477, 19.11835890215879], [72.92789938992674, 19.11925441841053], [72.92786265744151, 19.11994057699115], [72.92783771067546, 19.120439507957556], [72.92777054708115, 19.122064869177898], [72.92772833029281, 19.122947591860875], [72.92770530267805, 19.12369406894], [72.92767267972869, 19.124442464806698], [72.92766692322017, 19.12483968995909], [72.92767459899325, 19.12544032454874], [72.92770146444154, 19.125912389830827], [72.92774176286997, 19.126582107890297], [72.92777630435394, 19.12687954730672], [72.92782427835071, 19.127257583189035], [72.92789623911307, 19.12772517043419], [72.92793717763014, 19.12797591503689], [72.92804719785246, 19.128464611012944], [72.92821350740327, 19.129042858248454], [72.9284455623025, 19.129626525161694], [72.92854961304936, 19.129895323886164], [72.92883579821257, 19.13052314244239], [72.92921499329255, 19.13132267123419], [72.92960849794193, 19.13203634580898], [72.9298714300694, 19.132451314041873], [72.93026314593033, 19.133041570875097], [72.93053502218812, 19.13342970930857], [72.93112384953132, 19.13416764202857], [72.93162633618957, 19.13482752765706], [72.93166143761313, 19.134872441251908], [72.93219845477138, 19.13557474876036], [72.93250117657102, 19.135968201791606], [72.93271825508198, 19.13625040312025], [72.93292312164571, 19.13650954140576], [72.93336813133361, 19.137075298983248], [72.93382399454413, 19.137668193326956], [72.9341116229722, 19.13804129597267], [72.93444538054997, 19.1384550995699], [72.93488360612115, 19.139029000642253], [72.93521736407327, 19.139467226310845], [72.93573292346943, 19.140115745580523], [72.93597849346148, 19.14045357420207], [72.93634209799905, 19.14096777688861], [72.93661208918661, 19.14133816632817], [72.93690378760168, 19.14173433340317], [72.93724704165275, 19.142179342607545], [72.93765948987759, 19.142716610568424], [72.93798510706804, 19.14314398269106], [72.93866890173204, 19.1440462128782], [72.93920481329368, 19.144698803443088], [72.93952093306866, 19.145080045934236], [72.93972444293604, 19.145347323314667], [72.94001749798886, 19.145717712681893], [72.94017487998056, 19.14593478959192], [72.94040009823176, 19.146214278372323], [72.94069586656462, 19.146587380974054], [72.94083425364859, 19.14678817766634], [72.94107846623403, 19.147085303183523], [72.94136609446058, 19.1474706165589], [72.94162794507909, 19.147823367911293], [72.94198612366733, 19.148265663905047], [72.94233209086835, 19.1487147436027], [72.942678059302, 19.149161110205196], [72.9429168450057, 19.149451451582287], [72.94317326761295, 19.149785209175583], [72.9433564276421, 19.150018568075005], [72.94368611420106, 19.150418804832444], [72.94411077337755, 19.15094250582047], [72.94440382859601, 19.15132646340408], [72.94468874315278, 19.1517104189578], [72.94488953994421, 19.151985836248883], [72.94502928397594, 19.152194772581765], [72.94516902774241, 19.15239692779772], [72.94532505262453, 19.152651993969865], [72.9455597680277, 19.153076652154056], [72.945737500729, 19.153356140253827], [72.94582297526917, 19.153489100968514], [72.94596271835793, 19.153712961889855], [72.94630597343037, 19.154262440897455], [72.94660988176749, 19.154765789964728], [72.94696670357047, 19.155419736748215], [72.94719599209952, 19.15587560028928], [72.94743206495198, 19.156251416260364], [72.94778212527696, 19.15684641766176]]}, "properties": {"OBJECTID": 203, "ID": 470, "WARD_ID": 23, "TYPE": "Railroad", "NAME": "Central Railway", "LKM": 5.76404193, "SHAPE.LEN": 5764.04190539377}}, {"type": "Feature", "id": 204, "geometry": {"type": "LineString", "coordinates": [[72.92819498246386, 19.110549274845127], [72.92820418555769, 19.11059733595566], [72.92827710575935, 19.111073238931276], [72.9283116471114, 19.11142824700193], [72.9283423509663, 19.111704577718232], [72.92836537819889, 19.11210564139178], [72.92838073043696, 19.112562354378383], [72.92837881155644, 19.112875144951765], [72.92836345959269, 19.113210963610666], [72.9283519457479, 19.11351032169716], [72.92831527809398, 19.11423061977871], [72.92825599785506, 19.115053169427775], [72.92822529424751, 19.115502205109543], [72.92818883367856, 19.116131625271237], [72.9281696442177, 19.116578743675603], [72.92815045443643, 19.11708343142412], [72.92809480474813, 19.118388325905137], [72.92809480485388, 19.11875484657286], [72.928050668438, 19.11962221937107], [72.92802955989946, 19.12016336644798], [72.92801804593303, 19.12055675396111], [72.92799501846926, 19.121224553059825], [72.92796815259618, 19.121790647244442], [72.9279412875518, 19.12241814790458], [72.92789331314746, 19.12330279032487], [72.92786836699771, 19.123778692654245], [72.92783190676961, 19.12433327268086], [72.92782231210668, 19.12489936698429], [72.9278357446611, 19.125405973563677], [72.92785685286583, 19.12581087496951], [72.92791826007567, 19.126470997696227], [72.9279412873195, 19.12665521829289], [72.9280007218691, 19.12706694229207], [72.92806212887865, 19.127443059173515], [72.92817476035599, 19.127993670658483], [72.92826367369415, 19.128439853914326], [72.92840727533917, 19.129007867451307], [72.92852278312229, 19.12945531407091], [72.92865156596483, 19.129788003701513], [72.92893775138747, 19.13041582212462], [72.92931694677783, 19.13121535164101], [72.9297104507317, 19.131929026011775], [72.92997338393744, 19.132343994121946], [72.93036509901975, 19.132934250743798], [72.93063697537075, 19.133322389939657], [72.9312258028701, 19.134060322347715], [72.93172828968218, 19.134720207712057], [72.93176339110444, 19.134765122191535], [72.93230040842506, 19.13546742941748], [72.93260313030333, 19.13586088319246], [72.93282020792849, 19.136143084396096], [72.93302507647122, 19.13640222078826], [72.93347008530982, 19.13696797992614], [72.9339259486559, 19.1375608740298], [72.93421357620731, 19.137933977416452], [72.93454733387048, 19.138347780836515], [72.9349855595859, 19.138921680775187], [72.93531931667852, 19.13935990716076], [72.93574215410246, 19.139891791442352], [72.93588731173799, 19.140080561174756], [72.93632816271253, 19.140653863882623], [72.93675459886529, 19.141192879361714], [72.93713668586598, 19.141684133290493], [72.93766887762239, 19.142369842749243], [72.9381123713404, 19.142949795554177], [72.93864456385933, 19.14363209374955], [72.93898912467351, 19.144109703064583], [72.93939509155426, 19.144624837683388], [72.93974647569456, 19.14509221131156], [72.94011945200302, 19.145610392810095], [72.94027683307715, 19.14582747143371], [72.9405020514085, 19.146106958288208], [72.94079781981009, 19.146480061636478], [72.94093620694933, 19.14668085825729], [72.94118041959331, 19.146977983644376], [72.94146804791292, 19.14736329686899], [72.9417298986175, 19.147716048084227], [72.94208807633447, 19.14815834478016], [72.94243404458794, 19.148607424306096], [72.94278001217148, 19.149053790715413], [72.94301879792106, 19.149344132868464], [72.94327522156615, 19.1496778894341], [72.943458380696, 19.149911248226033], [72.94378806827248, 19.150311485721602], [72.94421272661631, 19.150835185570074], [72.94450578192367, 19.151219142999416], [72.94479069656292, 19.15160309930706], [72.94499149343483, 19.151878515590127], [72.94513123654262, 19.1520874545501], [72.94521621269223, 19.15221037971165], [72.94550195673592, 19.152611895446416], [72.94567366791391, 19.152881981572467], [72.9460009921608, 19.15337386305433], [72.94628717696258, 19.153788831025086], [72.94655010972998, 19.154221685890608], [72.9468488152883, 19.15471177840504], [72.94705093312972, 19.1550426799667], [72.94726378353862, 19.155470168730204], [72.94750882928103, 19.155947739917536], [72.94765371078067, 19.156241080042626], [72.94793218979015, 19.1568027707603]]}, "properties": {"OBJECTID": 204, "ID": 471, "WARD_ID": 23, "TYPE": "Railroad", "NAME": "Central Railway", "LKM": 5.76428139, "SHAPE.LEN": 5764.281375339021}}, {"type": "Feature", "id": 205, "geometry": {"type": "LineString", "coordinates": [[72.92805210962098, 19.110577619396306], [72.92808872743319, 19.110808422226853], [72.92819619016522, 19.11183442776908], [72.92822689304111, 19.112886019162495], [72.92820386611095, 19.113835266107895], [72.92817316193997, 19.114249762726566], [72.92813478295501, 19.115101781717474], [72.9280887278428, 19.116204546040738], [72.92806058330756, 19.11693886936558], [72.92802476208823, 19.117716688984576], [72.92798126622286, 19.118346108217086], [72.92793009373358, 19.119622858399882], [72.92788147965571, 19.120733298217417], [72.92782774892162, 19.121935848242668], [72.92778169446483, 19.12297720585551], [72.9277279630996, 19.124256514270225], [72.92772540445998, 19.125392540370523], [72.92774587279438, 19.1257942432368], [72.92776890109569, 19.126267587690673], [72.92783542474423, 19.12678186972899], [72.92792753458419, 19.127421523902704], [72.92802732124392, 19.128002330368783], [72.92812454820198, 19.128419385037084], [72.92830876879503, 19.12907183236235], [72.92845481416144, 19.129537592200077], [72.92853061210317, 19.12973340392431], [72.92858359785967, 19.129870281879427], [72.92886978217342, 19.130498100381637], [72.92924897736847, 19.131297630018523], [72.92964248211216, 19.13201130543364], [72.92990541430777, 19.13242627272004], [72.93029713025852, 19.133016528584946], [72.93056900655486, 19.1334046678759], [72.93115783399446, 19.134142599591517], [72.9316603207208, 19.13480248603745], [72.93169542214966, 19.134847399626285], [72.93223243939204, 19.13554970704306], [72.93253516122732, 19.13594316092574], [72.93275223882164, 19.136225362206616], [72.93295710638832, 19.13648449866131], [72.93340211611985, 19.137050257968784], [72.93385797940105, 19.137643152234592], [72.93414560787352, 19.138016254831133], [72.93447936453707, 19.138430059263378], [72.93491759113859, 19.13900395936842], [72.93525134819309, 19.13944218496938], [72.93576690860338, 19.1400907050643], [72.9360124776985, 19.140428532730432], [72.93637608324062, 19.140942736269576], [72.93664607353523, 19.14131312474957], [72.93693777199924, 19.141709291775072], [72.93728102609198, 19.142154301823904], [72.93769347438094, 19.142691569714273], [72.93801909067241, 19.143118941770666], [72.93870288639556, 19.144021171851843], [72.93923879708018, 19.1446737623135], [72.93955491689756, 19.145055004749924], [72.93975842774738, 19.145322282106275], [72.94005148284324, 19.14569267142317], [72.94020886390054, 19.145909749199053], [72.9404340821949, 19.146189237037486], [72.94072985247173, 19.146562339609694], [72.94086823863138, 19.146763136268138], [72.94111245125016, 19.147060261743093], [72.94140008047411, 19.147445575080194], [72.9416619292352, 19.147798326366757], [72.94202010786258, 19.14824062320191], [72.94236607606734, 19.148689702851026], [72.94271204360348, 19.149136069383644], [72.94295082933971, 19.14942641071946], [72.94320725293713, 19.14976016827952], [72.94339041204324, 19.149993527136875], [72.94372009864696, 19.15039376383732], [72.94377716753182, 19.150464143259146], [72.94417119675265, 19.150916249429294], [72.94451819531895, 19.151372355969016], [72.94499576696717, 19.152019850404358], [72.94534634386325, 19.152522462116266], [72.94558960139526, 19.152880194051914], [72.94590977071117, 19.153361342190287], [72.94615123933934, 19.153728016942157], [72.94648571829997, 19.154273557622627], [72.94692214992028, 19.155005117651168], [72.94726199465791, 19.15563114755943], [72.94762151528342, 19.156348399379745], [72.9478439002788, 19.15682845039621]]}, "properties": {"OBJECTID": 205, "ID": 472, "WARD_ID": 23, "TYPE": "Railroad", "NAME": "Central Railway", "LKM": 5.76502919, "SHAPE.LEN": 5765.0292097518095}}, {"type": "Feature", "id": 206, "geometry": {"type": "LineString", "coordinates": [[72.92813431505205, 19.110560189170055], [72.92818851366464, 19.110862153330466], [72.92824992066839, 19.111486455639778], [72.92830109269879, 19.11207749555463], [72.92832667935907, 19.11266597833255], [72.92830760190601, 19.11321932697232], [72.9282980071765, 19.113499494573016], [72.92826047515013, 19.114242086934862], [72.92821442004968, 19.11498088697294], [72.92817028252209, 19.115665957329753], [72.92814533693401, 19.11616296828769], [72.9281184721481, 19.116821173169033], [72.92807683286578, 19.117802293079002], [72.92802476210171, 19.118801542710894], [72.9279787069093, 19.11992477592106], [72.92794544531385, 19.120607925888574], [72.92791986045782, 19.121211760408816], [72.92789683129628, 19.121825828127406], [72.92787124546179, 19.122470599603407], [72.92783542430415, 19.123074433351892], [72.9278072797028, 19.123685942964816], [72.9277765770656, 19.124289775549347], [72.92777657669288, 19.124596810747825], [72.92777401839435, 19.12535671993385], [72.92780727987271, 19.125919616166186], [72.92786612794959, 19.126551594280055], [72.92795056225083, 19.12711448989236], [72.92802476271221, 19.127575041344976], [72.92815013476417, 19.12815840603109], [72.9282537575422, 19.12860872227036], [72.92838296914393, 19.129148590699728], [72.92849237630377, 19.129496453249423], [72.92862115910647, 19.129829142897226], [72.9289073444639, 19.130456961360924], [72.9292865397746, 19.131256490931797], [72.92968004367006, 19.131970165361594], [72.92994297683846, 19.132385134415703], [72.930334691899, 19.132975390195714], [72.9306065682316, 19.133363529434607], [72.9311953957238, 19.13410146103489], [72.93169788347541, 19.134761345587535], [72.93173298393484, 19.13480626096515], [72.9322700012326, 19.135508568277473], [72.93257272309846, 19.135902022101202], [72.9327898007147, 19.136184223339797], [72.93299466830028, 19.136443359754416], [72.93343967807358, 19.137009118974934], [72.93389554140094, 19.137602013151973], [72.93418316990225, 19.13797511569248], [72.93451692659447, 19.13838892005922], [72.93495515229102, 19.138962820068354], [72.93528891033064, 19.139401045615102], [72.9358044698148, 19.140049567404716], [72.9358442239758, 19.140104255648055], [72.93653626360364, 19.14101548117862], [72.9374641886014, 19.142195856800154], [72.9386036265624, 19.143669620670188], [72.93911193827088, 19.14435191819046], [72.93955328664053, 19.144966600184258], [72.93959247947427, 19.145013864557857], [72.93979598938377, 19.145281142767143], [72.94008904545689, 19.14565153203732], [72.94024642558286, 19.145868609772215], [72.9404716438966, 19.14614809756644], [72.94076741325006, 19.146521200070087], [72.94090580036807, 19.14672199761591], [72.94115001300635, 19.147019123042774], [72.94143764131186, 19.14740443631348], [72.94169949105282, 19.147757187559986], [72.94205766972165, 19.148199483421596], [72.9424036369996, 19.148648563895808], [72.94274960647047, 19.14909493038222], [72.94298839127536, 19.149385271660353], [72.94324481394838, 19.149719029159826], [72.94342797402211, 19.14995238799201], [72.94375766065195, 19.15035262462749], [72.94418231897322, 19.150876325448156], [72.94447537427922, 19.151260282021486], [72.94476028890406, 19.151644238374747], [72.94496108670397, 19.15191965560366], [72.94497372994853, 19.151938559380188], [72.94551090022887, 19.152687018618526], [72.94595627563365, 19.15335418785986], [72.946201322093, 19.15372086281948], [72.9464982385405, 19.15419485621013], [72.94680588796449, 19.154699257607884], [72.9469865418542, 19.155024793085538], [72.9472566288332, 19.155532772032206], [72.94759110746259, 19.156194574335043], [72.94789073522017, 19.156814828129775]]}, "properties": {"OBJECTID": 206, "ID": 473, "WARD_ID": 23, "TYPE": "Railroad", "NAME": "Central Railway", "LKM": 5.7648532, "SHAPE.LEN": 5764.85320832286}}, {"type": "Feature", "id": 207, "geometry": {"type": "LineString", "coordinates": [[72.92828672452828, 19.110532770295357], [72.92829111627341, 19.110554077776424], [72.92846278145065, 19.111744877057788], [72.9284737115484, 19.113113849192217], [72.92837380083672, 19.114447136172316], [72.92835185827731, 19.11553299892515], [72.92835185842213, 19.1160870436697], [72.92832556819323, 19.116831203171394], [72.9282738905467, 19.1174754528541], [72.92823599340697, 19.11773728637154], [72.92820617071163, 19.118024744093802], [72.92814641754998, 19.118419432975635], [72.92815036763376, 19.118726153384], [72.92812158319511, 19.11933446492417], [72.92808320389807, 19.11987753121471], [72.92806209466993, 19.120503113276108], [72.92803714815003, 19.12105769324735], [72.92801987805403, 19.121437648102003], [72.92799493054223, 19.12188860442558], [72.92796614678358, 19.12260245871594], [72.92792201041298, 19.123490938189082], [72.9278855500569, 19.12437749962406], [72.9278817128109, 19.124774724773527], [72.92788363170398, 19.124972377929115], [72.92790090169702, 19.12542909122277], [72.92790857755914, 19.125816721247855], [72.92793736235959, 19.126142945048947], [72.92798917396952, 19.126586225378176], [72.92803139169872, 19.126906692107323], [72.92813693405199, 19.12756681526925], [72.92822328792833, 19.128052313353933], [72.92827509854091, 19.128305616587017], [72.9283441827745, 19.128593461088094], [72.92844396896267, 19.128973415699562], [72.92855636634616, 19.1293950988805], [72.92868514921305, 19.129727789394696], [72.92897133468804, 19.13035560777153], [72.92935053014006, 19.131155137225743], [72.92974403411873, 19.131868812432273], [72.93000696639471, 19.13228377958198], [72.93039868243432, 19.132874036144383], [72.93067055879628, 19.133262174387855], [72.93125938625911, 19.134000107589895], [72.93176187305684, 19.134659992861824], [72.93179697352755, 19.134704907324124], [72.93233399179366, 19.135407213558757], [72.93263671365104, 19.135800668181123], [72.93285379126928, 19.136082869344783], [72.93305865885351, 19.136342005688327], [72.93350366767488, 19.136907764743896], [72.9339595319568, 19.137500658774233], [72.93424715854859, 19.137873762097186], [72.93458091713536, 19.138287566369108], [72.93501914283782, 19.138861466227116], [72.93535289993208, 19.13929969164814], [72.9353720012137, 19.139323718788706], [72.93555125898581, 19.13949654027916], [72.93576232024145, 19.13976483902875], [72.93600021112438, 19.14006354469873], [72.9362398913508, 19.140358673308455], [72.93646347312004, 19.140630549034636], [72.93665843705207, 19.140861285295923], [72.936967873548, 19.14126909970091], [72.93736316764826, 19.14176992281928], [72.93766366171519, 19.142159850105987], [72.93811619234178, 19.142739374955006], [72.93843099562889, 19.143131090431098], [72.9388370213938, 19.14367484205572], [72.93915540166563, 19.1441059088592], [72.9394040264799, 19.14444933056513], [72.93961687540181, 19.14471226311202], [72.93993704512837, 19.14514511755999], [72.94009265824228, 19.145356180415334], [72.94036811138464, 19.145726431572346], [72.94055413103011, 19.14596253460204], [72.94075267199818, 19.14620221394319], [72.94092364055415, 19.146437131781955], [72.94093690347508, 19.146450837943885], [72.94106389868053, 19.146593930000034], [72.94135008362434, 19.14700174356398], [72.94154862353547, 19.14727540861799], [72.94174537626479, 19.14754370688835], [72.94186700521567, 19.147710050579683], [72.94220685025479, 19.148166159009385], [72.94262718398492, 19.148708122196002], [72.94289011730686, 19.14903723507516], [72.94317451343427, 19.14940569877188], [72.9437511212703, 19.15016564813746], [72.94382165120707, 19.150251271356385], [72.94424630953041, 19.150774971125887], [72.94451451536207, 19.151126371223278], [72.94484183897234, 19.15153360384776], [72.9450850966335, 19.151872255988525], [72.94532358444681, 19.15221806281431], [72.94551914436228, 19.152504247850842], [72.94583633287962, 19.152997917612392], [72.94622745207006, 19.153606060769214], [72.94660664769293, 19.15418081518325], [72.94688567818316, 19.15462440193466], [72.9470502342258, 19.154879584017593], [72.94721956022462, 19.155146690407104], [72.94735311339204, 19.15538517793208], [72.94763929816133, 19.155897925997085], [72.94783962825493, 19.156231808572098], [72.94807475361671, 19.15676895539908]]}, "properties": {"OBJECTID": 207, "ID": 474, "WARD_ID": 23, "TYPE": "Railroad", "NAME": "Central Railway", "LKM": 5.76887361, "SHAPE.LEN": 5768.873610077369}}, {"type": "Feature", "id": 208, "geometry": {"type": "LineString", "coordinates": [[72.92835727586733, 19.110520076598764], [72.92835879002233, 19.11052713840744], [72.92849895566708, 19.111713870547838], [72.92853633299354, 19.113073471624592], [72.92843392133607, 19.11442204039662], [72.92838803244932, 19.115501993421034], [72.92838803298972, 19.11628492918666], [72.92839187054597, 19.1166629649754], [72.92838035695495, 19.117098569802927], [72.92834773428511, 19.11743054994153], [72.9282978411977, 19.11771071886909], [72.9282557088251, 19.11800249030013], [72.92821340845374, 19.118416896762128], [72.92818654165792, 19.118695147084754], [72.92815775737964, 19.1193034577423], [72.92811937821783, 19.119846524053912], [72.92809826914163, 19.120472106134642], [72.92807332274622, 19.12102668702753], [72.92805605180435, 19.121406640980993], [72.92803110535388, 19.12185759733129], [72.92800232081923, 19.122571451634016], [72.92795818465558, 19.123459932040795], [72.92792172547743, 19.124346492612098], [72.92791788642592, 19.12474371775037], [72.92791980631581, 19.124941370920943], [72.92793707641438, 19.12539808422169], [72.92794475235597, 19.125785715157452], [72.92797353722906, 19.12611193896009], [72.92802534893559, 19.126555219288715], [72.92806756578364, 19.12687568600568], [72.92817310922628, 19.127535809171277], [72.92825946226455, 19.128021306335064], [72.92831127387885, 19.128274609573744], [72.92838035721905, 19.12856245405609], [72.9284801425306, 19.12894240864446], [72.92859254093446, 19.12936409272513], [72.92872132387019, 19.129696782316397], [72.92900750944662, 19.1303246006467], [72.92938670406387, 19.131124130930967], [72.9297802091193, 19.131837804274337], [72.93004314142755, 19.13225277318378], [72.93043485754214, 19.13284302967614], [72.93070673300076, 19.13323116785978], [72.93129556054085, 19.133969100952946], [72.93179804741165, 19.134628986132693], [72.93183314883744, 19.134673900599214], [72.93237016621941, 19.135376207627726], [72.93267288813108, 19.13576966129129], [72.93288996578022, 19.13605186241505], [72.93309483243036, 19.136310999613254], [72.93353984226229, 19.136876758597413], [72.93399570564759, 19.137469653436465], [72.93428333420313, 19.13784275492155], [72.93461709187109, 19.138256560024136], [72.93505531763685, 19.13883045980169], [72.93538907477962, 19.13926868516148], [72.93540817606376, 19.139292712298495], [72.93558743289678, 19.13946553374392], [72.93579849419221, 19.139733831551407], [72.93603638604554, 19.140032538091244], [72.93627606630213, 19.1403276666565], [72.93649964809869, 19.140599542341132], [72.93669461110277, 19.140830278555374], [72.93700404954461, 19.141238092924937], [72.93739934273646, 19.141738916862835], [72.93769983685716, 19.14212884319111], [72.93815236659569, 19.142708367946035], [72.93846716991217, 19.143100084267015], [72.93887319573858, 19.143643835817336], [72.93919157607095, 19.14407490165953], [72.93944019996384, 19.14441832421271], [72.93965304986305, 19.144681256730788], [72.93997321962787, 19.14511411202346], [72.9401288327884, 19.145325173044043], [72.94040428501125, 19.145695425043197], [72.94059030563214, 19.14593152804922], [72.94078884662405, 19.14617120735342], [72.94095981425698, 19.146406125150392], [72.9409730781293, 19.14641983132045], [72.94110007334757, 19.146562923352725], [72.94138625834056, 19.14697073686488], [72.94158479923395, 19.14724440189337], [72.94178155104385, 19.14751270011719], [72.94190317999157, 19.147679045592696], [72.94224302414324, 19.148135153046415], [72.94266335889358, 19.148677115263094], [72.94292629129951, 19.14900622808293], [72.94321068746703, 19.14937469172731], [72.94378729537624, 19.150134641890247], [72.9438578253328, 19.150220264192892], [72.94428248369854, 19.150743964786777], [72.9445506905305, 19.15109536394234], [72.94487801417174, 19.151502597409344], [72.94512127093361, 19.151841248592085], [72.94535975877812, 19.152187056278017], [72.94555531872895, 19.1524732412793], [72.94587250732185, 19.15296691008126], [72.94626362658033, 19.153575054071624], [72.94664282132612, 19.154149808407183], [72.946921851864, 19.154593396012302], [72.94708640890138, 19.154848577173397], [72.94725573492423, 19.15511568443602], [72.9473892881372, 19.15535417103476], [72.94767547298058, 19.15586691905042], [72.94787580216965, 19.156200801579654], [72.94811983059013, 19.15675828527159]]}, "properties": {"OBJECTID": 208, "ID": 475, "WARD_ID": 23, "TYPE": "Railroad", "NAME": "Central Railway", "LKM": 5.76911877, "SHAPE.LEN": 5769.1188228646}}, {"type": "Feature", "id": 209, "geometry": {"type": "LineString", "coordinates": [[72.82761294218035, 18.933230289537594], [72.82737935545957, 18.93431841000791], [72.82719471080142, 18.935242651457838], [72.82711601813202, 18.935837486236487], [72.82707308241537, 18.936674191662036], [72.82699357058382, 18.937502883716753], [72.82688764569347, 18.938277341560674], [72.82669779039475, 18.93920799052388], [72.82656327743736, 18.93994295653605], [72.82642134367401, 18.940564646277164], [72.82587324405831, 18.94211576377515], [72.8258575201322, 18.942150842551136]]}, "properties": {"OBJECTID": 209, "ID": 278, "WARD_ID": 1, "TYPE": "Railroad", "NAME": "Western Railway", "LKM": 1.00826862, "SHAPE.LEN": 1008.26861849247}}, {"type": "Feature", "id": 210, "geometry": {"type": "LineString", "coordinates": [[72.82766478016312, 18.93324288744548], [72.82743126849651, 18.934330659326164], [72.82724701491374, 18.93525293994202], [72.82716880111498, 18.93584415739931], [72.82712591142577, 18.936679966463448], [72.82704619697785, 18.937510765296974], [72.82693991477328, 18.93828783935597], [72.82674983376182, 18.93921959314528], [72.82661521679381, 18.939955130660096], [72.82647239872983, 18.940580689582074], [72.82592300769142, 18.942135462960163], [72.82590798583094, 18.942173136902717]]}, "properties": {"OBJECTID": 210, "ID": 279, "WARD_ID": 1, "TYPE": "Railroad", "NAME": "Western Railway", "LKM": 1.00932469, "SHAPE.LEN": 1009.32472157867}}, {"type": "Feature", "id": 211, "geometry": {"type": "LineString", "coordinates": [[72.82596056388657, 18.942196363785115], [72.82598238877141, 18.942141629398595], [72.82653358837273, 18.940581737462093], [72.82667764391853, 18.939950759881523], [72.82681240668875, 18.939214423718745], [72.82700280353276, 18.938281122640355], [72.82710958656197, 18.93750038625524], [72.82718958375033, 18.936666637926603], [72.82723240941769, 18.935832083597578], [72.82730995374881, 18.935245931852794], [72.82749365796502, 18.93432639513011], [72.82772706514332, 18.933239111476624]]}, "properties": {"OBJECTID": 211, "ID": 280, "WARD_ID": 1, "TYPE": "Railroad", "NAME": "Western Railway", "LKM": 1.01248915, "SHAPE.LEN": 1012.48913656302}}, {"type": "Feature", "id": 212, "geometry": {"type": "LineString", "coordinates": [[72.83557615111562, 18.940595985531857], [72.8353556326891, 18.94255536366088], [72.83525684055887, 18.943536228133954], [72.83526036881743, 18.94390317058725], [72.83529918034618, 18.944167792571758], [72.8353309349986, 18.944372433262163], [72.83541208507881, 18.944591186994227], [72.83559908460097, 18.944915789635854], [72.83578608401788, 18.945201581693958], [72.83608246087562, 18.945607334521842], [72.83638589409433, 18.945970748552046], [72.83673519417727, 18.946383558525834], [72.83743026817919, 18.947180952169344], [72.83760668249708, 18.947424404454484], [72.83783249274963, 18.947833686496704], [72.83799832278616, 18.948352344814182], [72.83810417086147, 18.94890628669339], [72.8381146039021, 18.949022537235166]]}, "properties": {"OBJECTID": 212, "ID": 282, "WARD_ID": 1, "TYPE": "Railroad", "NAME": "Central Railway", "LKM": 1.023013, "SHAPE.LEN": 1023.0129831751301}}, {"type": "Feature", "id": 213, "geometry": {"type": "LineString", "coordinates": [[72.83591721934064, 18.94084218181504], [72.83566788666754, 18.943076766091842], [72.83560672972536, 18.943645996776024], [72.83560672991408, 18.944041165672715], [72.83563495549481, 18.944290498276498], [72.83569140857546, 18.944638623187704], [72.83579020097254, 18.944883250764157], [72.8359125149281, 18.945141992676025], [72.83606305503517, 18.945363099028864], [72.83617596000958, 18.94555597894159], [72.83640647564211, 18.945833537593987], [72.83677812166805, 18.94628986280206], [72.83730030926029, 18.94687791160283], [72.83766254665898, 18.94732953254074], [72.83789306191407, 18.947748222684666], [72.83799185421643, 18.947992851263333], [72.8380859413386, 18.948303340514823], [72.83816591646898, 18.948670283448955], [72.83821232931582, 18.94901374029629]]}, "properties": {"OBJECTID": 213, "ID": 283, "WARD_ID": 1, "TYPE": "Railroad", "NAME": "Central Railway", "LKM": 0.98489432, "SHAPE.LEN": 984.8943594200371}}, {"type": "Feature", "id": 214, "geometry": {"type": "LineString", "coordinates": [[72.83678753037795, 18.94453512654713], [72.83719210835514, 18.94577708445424], [72.8373473528167, 18.94634161100323], [72.83756845935815, 18.946812049733232], [72.83775663426512, 18.9471507661577], [72.83804360275448, 18.947752927778335], [72.83827411774224, 18.94864205662224], [72.83832004062621, 18.9490040372771]]}, "properties": {"OBJECTID": 214, "ID": 284, "WARD_ID": 1, "TYPE": "Railroad", "NAME": "Central Railway", "LKM": 0.5230135, "SHAPE.LEN": 523.013468388565}}, {"type": "Feature", "id": 215, "geometry": {"type": "LineString", "coordinates": [[72.83839890072733, 18.948996934224756], [72.83838702274817, 18.9488443457349], [72.83816591602464, 18.947828197905423], [72.83803889787836, 18.947447141994203], [72.83783660904254, 18.947014339010423], [72.8377237038577, 18.94675089339939], [72.83762020772048, 18.946501560783613], [72.8368910271333, 18.94446456098909], [72.83677812246144, 18.944149366225837], [72.83666992115701, 18.943702449372562], [72.83656642484964, 18.94329316852297], [72.83626534381763, 18.94079513810449]]}, "properties": {"OBJECTID": 215, "ID": 285, "WARD_ID": 1, "TYPE": "Railroad", "NAME": "Central Railway", "LKM": 0.94062172, "SHAPE.LEN": 940.6217525047181}}, {"type": "Feature", "id": 216, "geometry": {"type": "LineString", "coordinates": [[72.82754358091557, 18.933229956759845], [72.82730996442166, 18.93431821675929], [72.82712516306701, 18.93524324210526], [72.82704627866715, 18.93583952431571], [72.82700332371542, 18.936676588965593], [72.82692389270008, 18.93750443736029], [72.82681811107415, 18.93827784903535], [72.82662834559386, 18.93920805634946], [72.82649387516929, 18.93994279335536], [72.82635229343838, 18.940562934447602], [72.82580471050115, 18.942112589951407], [72.8257986013369, 18.942124814350542]]}, "properties": {"OBJECTID": 216, "ID": 286, "WARD_ID": 1, "TYPE": "Railroad", "NAME": "Western Railway", "LKM": 1.00521802, "SHAPE.LEN": 1005.21805009646}}, {"type": "Feature", "id": 217, "geometry": {"type": "LineString", "coordinates": [[72.83804607367438, 18.94902863428862], [72.83802606287126, 18.948866731339123], [72.83799313242228, 18.948575059518216], [72.8379225665009, 18.94828338767485], [72.83784259134762, 18.948019941403523], [72.83771086927425, 18.947737678980427], [72.83744271880921, 18.947304875081684], [72.83699580246382, 18.946745052965046], [72.8365206592386, 18.946218161378525], [72.83612549068545, 18.945743018082947], [72.83571620894804, 18.945234944431995], [72.83544883840378, 18.944901556811637], [72.83526696794019, 18.944578511545142], [72.83518228928683, 18.944395040409884], [72.83511642801618, 18.944150412375564], [72.83507879303527, 18.94383521785945], [72.83508349690133, 18.943567068246352], [72.83508349719236, 18.94319071709472], [72.83521051551797, 18.941878192998402], [72.83534694278156, 18.94057978159665]]}, "properties": {"OBJECTID": 217, "ID": 281, "WARD_ID": 1, "TYPE": "Railroad", "NAME": "Harbour Railway", "LKM": 1.03056595, "SHAPE.LEN": 1030.56592499125}}, {"type": "Feature", "id": 218, "geometry": {"type": "LineString", "coordinates": [[72.83514517648551, 18.94057769149986], [72.83499934107499, 18.942233635585072], [72.83488173144056, 18.943541454822306], [72.83491936641062, 18.943941328301943], [72.83500874942258, 18.944261226163754], [72.83510283714995, 18.944515263438916], [72.83528630809073, 18.944816343944662], [72.8356673641183, 18.94529148739492], [72.83607664581501, 18.945799561149933], [72.83647181433395, 18.946274704546504], [72.83694695753262, 18.946801596256023], [72.8373938738436, 18.947361417583004], [72.83766202424918, 18.947794221546488], [72.83779374720798, 18.94807648491317], [72.83787372136192, 18.948339930284934], [72.8379442872093, 18.94863160213918], [72.83797721851018, 18.948923274874], [72.8379908478557, 18.94903354787458]]}, "properties": {"OBJECTID": 218, "ID": 287, "WARD_ID": 1, "TYPE": "Railroad", "NAME": "Harbour Railway", "LKM": 1.03570706, "SHAPE.LEN": 1035.7070659927801}}, {"type": "Feature", "id": 219, "geometry": {"type": "LineString", "coordinates": [[72.94778212527696, 19.15684641766176], [72.9478974257642, 19.15704239421876], [72.94807108787302, 19.1574114266865], [72.94823118270497, 19.157780459212386], [72.94835735908703, 19.158042308854657], [72.94846454123667, 19.158316370167874], [72.94858664717222, 19.15862570564029], [72.94872774836392, 19.158990667720428], [72.94890819423006, 19.159504870896395], [72.94897196081806, 19.159720592796127], [72.94914426612335, 19.16025650323339], [72.94932742569156, 19.16081140915802], [72.94948752069058, 19.16127948282667], [72.94971409582668, 19.161875090784562], [72.94987012096433, 19.16228346785299], [72.95008448474267, 19.16279088769311], [72.95025814757975, 19.163169416943077], [72.95042502630845, 19.16353030936908], [72.95067466518294, 19.164041798942648], [72.95082526286804, 19.164333497563227], [72.95117394456639, 19.164994228155237], [72.95125806191517, 19.16516517717348], [72.95156332784028, 19.165717368622925], [72.9517681955986, 19.166057910069302], [72.95197577567728, 19.166403877896855], [72.95224169598474, 19.1668298934028], [72.95253610753039, 19.16728032997069], [72.9528128821424, 19.167679209840394], [72.95297569084975, 19.167926135959547], [72.9531615635927, 19.16816627885781], [72.95340441980736, 19.168493252255047], [72.95372732330989, 19.168923337582854], [72.95404208560582, 19.16931814829358], [72.95445724722539, 19.169833708377645], [72.95474894577298, 19.170181033084717], [72.955090843834, 19.17058127003124], [72.95545987570108, 19.171004571821484], [72.95561903009684, 19.171179713691693], [72.95586414182733, 19.171499115591132], [72.95617894487928, 19.17184015319428], [72.95657244990373, 19.172233657610715], [72.95729464574588, 19.172916264145393], [72.95731046470773, 19.172932495442033], [72.95789521947056, 19.173492827170666], [72.95826560716382, 19.17382794132096], [72.95884229385182, 19.174328368805273], [72.959041660799, 19.17451852026669], [72.95991132906981, 19.175371907227373], [72.96064532370485, 19.176086907741976], [72.96106319833397, 19.176493928995146], [72.96199458221545, 19.177408888441516], [72.96245923467953, 19.177862306989525]]}, "properties": {"OBJECTID": 219, "ID": 435, "WARD_ID": 24, "TYPE": "Railroad", "NAME": "Central Railway", "LKM": 2.83598864, "SHAPE.LEN": 2835.98863835891}}, {"type": "Feature", "id": 220, "geometry": {"type": "LineString", "coordinates": [[72.94793218979015, 19.1568027707603], [72.94798923810501, 19.156917837660444], [72.94802917242158, 19.156998386295236], [72.94817304125098, 19.157304107126787], [72.94833313624005, 19.157673139579206], [72.948459312715, 19.15793499006479], [72.94856649499944, 19.1582090504275], [72.94868860106266, 19.158518386748984], [72.94882970146952, 19.158883348756458], [72.94901014757977, 19.159397551856348], [72.94907391428838, 19.15961327282833], [72.94924621984624, 19.160149184099154], [72.94942937969587, 19.160704089045602], [72.94958947394682, 19.161172164443265], [72.94981604936648, 19.161767771399003], [72.94997207374006, 19.16217614838854], [72.9501864386883, 19.16268356814178], [72.95036010071937, 19.163062098203117], [72.9505269796068, 19.163422989647742], [72.9507766186827, 19.163934479102398], [72.95092721647778, 19.164226177650082], [72.95127589840968, 19.16488690897548], [72.95136001582536, 19.165057857953546], [72.9516652809963, 19.16561004924195], [72.95187014886588, 19.165950590585297], [72.9520777290579, 19.16629655830856], [72.95234364854835, 19.1667225736691], [72.9526380621282, 19.167173010107486], [72.95291483588713, 19.16757189072644], [72.95307764466673, 19.16781881676211], [72.95326351746364, 19.16805895956222], [72.95350637280735, 19.168385932821515], [72.95382927641245, 19.168816017979687], [72.954144039731, 19.169210829437155], [72.95455920146806, 19.169726388397386], [72.95485089912965, 19.170073712937814], [72.95519279725046, 19.170473950604123], [72.95535534572309, 19.17066040361416], [72.95618709353421, 19.171495935719317], [72.95686439840252, 19.172179600063785], [72.95784060699886, 19.17313990959152], [72.95887878301195, 19.174164242406164], [72.9589442475843, 19.17422104912841], [72.95914361455443, 19.17441119957677], [72.96001328287086, 19.175264587866067], [72.96074727755956, 19.1759795879771], [72.9611651522192, 19.176386609000506], [72.96209653617392, 19.177301567935285], [72.96250924160185, 19.1777042970064]]}, "properties": {"OBJECTID": 220, "ID": 436, "WARD_ID": 24, "TYPE": "Railroad", "NAME": "Central Railway", "LKM": 2.81874151, "SHAPE.LEN": 2818.74151521076}}, {"type": "Feature", "id": 221, "geometry": {"type": "LineString", "coordinates": [[72.9478439002788, 19.15682845039621], [72.94793141015397, 19.1570173534205], [72.94810507233245, 19.157386384958453], [72.94826516723586, 19.15775541655723], [72.94839134363666, 19.158017267986363], [72.94849852584382, 19.158291328380976], [72.9486206318203, 19.158600664738916], [72.94876173307391, 19.15896562679883], [72.94894217902969, 19.159479829949962], [72.94900594566802, 19.159695550938473], [72.94917825105766, 19.160231462256174], [72.94936141073526, 19.16078636725311], [72.94952150485484, 19.161254441792533], [72.94974808010362, 19.161850048814973], [72.9499041052996, 19.162258426764318], [72.95011846916161, 19.162765846572672], [72.95029213205927, 19.163144375796204], [72.95045901084559, 19.163505268196744], [72.95070864979996, 19.164016757731613], [72.95085924752954, 19.1643084563285], [72.95120792932765, 19.164969186865278], [72.95129204670305, 19.16514013587045], [72.95159731270968, 19.165692327270992], [72.95180217956565, 19.16603286867327], [72.95200976065486, 19.166378835574356], [72.95227568101002, 19.16680485193969], [72.95257009262734, 19.167255287555435], [72.9528468672685, 19.167654169184946], [72.95300967505838, 19.167901095266384], [72.95319554879138, 19.168141237240196], [72.95343840409565, 19.168468210585484], [72.95376130763928, 19.1688982967614], [72.95407607093124, 19.169293107428512], [72.95449123165923, 19.169808667430356], [72.95478293025604, 19.170155991183595], [72.95512482834907, 19.170556228973773], [72.9554938602608, 19.17097953069961], [72.9557909862575, 19.17130650540378], [72.95621700152816, 19.17175965415868], [72.9565860336491, 19.17214768120264], [72.95697948737144, 19.17253299409649], [72.95734444944831, 19.172907453992853], [72.95792920330697, 19.17346778560643], [72.95829959197573, 19.17380289970069], [72.95887627773628, 19.174303327973444], [72.95907564564956, 19.174493479409804], [72.95994531399373, 19.1753468662155], [72.9606793086895, 19.17606186659919], [72.96109718335319, 19.17646888777784], [72.96202856732451, 19.17738384615507], [72.96247160737262, 19.17781617645374]]}, "properties": {"OBJECTID": 221, "ID": 437, "WARD_ID": 24, "TYPE": "Railroad", "NAME": "Central Railway", "LKM": 2.83035478, "SHAPE.LEN": 2830.3547915284203}}, {"type": "Feature", "id": 222, "geometry": {"type": "LineString", "coordinates": [[72.94789073522017, 19.156814828129775], [72.94796743304704, 19.156973598335906], [72.94797934885862, 19.15699826498205], [72.94814263414366, 19.157345245819236], [72.9483027290926, 19.15771427829404], [72.94842890554196, 19.15797612879788], [72.94853608779388, 19.158250189175007], [72.9486581938095, 19.158559526416116], [72.94879929417269, 19.158924488442498], [72.94897974022832, 19.159438690662338], [72.94904350688427, 19.159654413448134], [72.94921581239225, 19.16019032293376], [72.94939897215704, 19.16074522880616], [72.94955906731991, 19.16121330242838], [72.94978564170586, 19.161808910306817], [72.9499416669694, 19.16221728823092], [72.95015603092186, 19.162724707100075], [72.95032969386439, 19.16310323719678], [72.95049657176453, 19.163464128654642], [72.95074621173049, 19.163975619059343], [72.95089681046102, 19.16426731673671], [72.95124549043453, 19.1649280480927], [72.95132960878438, 19.16509899709361], [72.95163487391046, 19.165651188427944], [72.95183974175623, 19.165991729802748], [72.95204732192393, 19.166337697557857], [72.95231324233728, 19.166763712970173], [72.95260765494062, 19.16721414944398], [72.95288442868016, 19.16761303010673], [72.9530472374458, 19.167859956167902], [72.95323311024666, 19.16810009809482], [72.95347596746798, 19.16842707231742], [72.95379886914576, 19.16885715840941], [72.95411363152641, 19.169251968100998], [72.95452879419106, 19.16976752804245], [72.95482049184753, 19.170114852630586], [72.95509267694712, 19.170433481187548], [72.95560091088751, 19.170994118159673], [72.95656231377787, 19.171972910778084], [72.95738271113326, 19.17277104914096], [72.95816813027204, 19.17355328831579], [72.95876455490284, 19.174132645407553], [72.95891384039359, 19.174262188602945], [72.959113207359, 19.174452339988093], [72.95998287569833, 19.17530572842351], [72.96071687041862, 19.176020727754807], [72.96113474508992, 19.17642774884849], [72.96206612908011, 19.17734270703655], [72.96249107846508, 19.177757383694185]]}, "properties": {"OBJECTID": 222, "ID": 438, "WARD_ID": 24, "TYPE": "Railroad", "NAME": "Central Railway", "LKM": 2.82404504, "SHAPE.LEN": 2824.04503901809}}, {"type": "Feature", "id": 223, "geometry": {"type": "LineString", "coordinates": [[72.94807475361671, 19.15676895539908], [72.94819706092193, 19.157048362576912], [72.94846714795273, 19.157626099024686], [72.94860487545697, 19.157992774040768], [72.94885707505121, 19.158713602784925], [72.94911464240248, 19.159454106329115], [72.9493507447774, 19.1601659919952], [72.9495725381956, 19.160838526395356], [72.94986051180541, 19.161600494203334], [72.95008230567268, 19.162199694148388], [72.95043467023164, 19.162995646844013], [72.95077988139987, 19.163698589037146], [72.95099809728346, 19.164163639553895], [72.95132393247142, 19.164750583883407], [72.95154572430508, 19.165156012930844], [72.9518342948385, 19.16566637574742], [72.95217533211027, 19.166272134419867], [72.95262607341465, 19.16698282730196], [72.95289363298735, 19.167432719110057], [72.95294841885956, 19.167511675706066], [72.95311122764231, 19.1677586017126], [72.95329710044395, 19.167998743575215], [72.95353995672177, 19.168325717703777], [72.95386285935716, 19.168755803695255], [72.95417762267313, 19.16915061419115], [72.95459278437966, 19.169666173977404], [72.9548844829857, 19.17001349757065], [72.95510970169781, 19.170277148388905], [72.95608414346806, 19.17127255630548], [72.95688546089391, 19.17205797511558], [72.95763590179139, 19.17277025741933], [72.95799840309961, 19.173215434216065], [72.95836726314498, 19.173587475147887], [72.95869625097335, 19.173916490442117], [72.95897783005155, 19.17416083477299], [72.95917719793793, 19.174350986096616], [72.96004686617036, 19.175204373315466], [72.96078086077749, 19.175919373285204], [72.96119873539065, 19.176326394228163], [72.96213011924367, 19.177241352983835], [72.96254673341116, 19.177647895754575]]}, "properties": {"OBJECTID": 223, "ID": 439, "WARD_ID": 24, "TYPE": "Railroad", "NAME": "Central Railway", "LKM": 2.8119121, "SHAPE.LEN": 2811.91208785483}}, {"type": "Feature", "id": 224, "geometry": {"type": "LineString", "coordinates": [[72.94811983059013, 19.15675828527159], [72.94823323591025, 19.157017356440747], [72.94850332303324, 19.15759509284412], [72.94864104966237, 19.157961766925485], [72.9488932503362, 19.158682595643057], [72.94915081685882, 19.159423100041888], [72.94938691937465, 19.16013498477086], [72.94960871290444, 19.16080752004237], [72.94989668664726, 19.161569487806407], [72.95011847966946, 19.162168687707325], [72.95047084530917, 19.162964640356613], [72.95081605564752, 19.16366758157836], [72.95103427159403, 19.164132632962364], [72.95136010591663, 19.16471957722511], [72.95158189876003, 19.16512500624504], [72.95187046936657, 19.16563536901167], [72.95221150577488, 19.16624112761453], [72.9526622471729, 19.16695182041655], [72.95292980680783, 19.16740171217775], [72.95298459362897, 19.167480669677644], [72.95314740244322, 19.167727595655023], [72.95333327528205, 19.167967736580206], [72.95357613063538, 19.168294711556882], [72.95389903428068, 19.168724796596564], [72.95421379668744, 19.169119607023568], [72.95462895843602, 19.16963516763595], [72.95492065706475, 19.169982492077917], [72.95514587582417, 19.17024614104767], [72.95612031670659, 19.17124154967102], [72.95692163513576, 19.172026968338123], [72.957672076066, 19.172739251400664], [72.95803457741947, 19.173184428130014], [72.95840343845326, 19.173556468098784], [72.95873242535434, 19.17388548331953], [72.95901400444357, 19.174129827595692], [72.95921337234185, 19.17431997888097], [72.96008304062063, 19.175173366836315], [72.96081703527503, 19.17588836666524], [72.96123490990398, 19.176295388431207], [72.96216629382988, 19.177210346105177], [72.96257346718998, 19.177607677795244]]}, "properties": {"OBJECTID": 224, "ID": 440, "WARD_ID": 24, "TYPE": "Railroad", "NAME": "Central Railway", "LKM": 2.8080501399999998, "SHAPE.LEN": 2808.0501265855}}, {"type": "Feature", "id": 225, "geometry": {"type": "LineString", "coordinates": [[72.82283302415853, 18.98029550078973], [72.82484839285749, 18.98317100921828], [72.82583739131442, 18.985538069251632], [72.82723893096654, 18.988791615597215], [72.8284925995843, 18.991743182132186], [72.82955488572956, 18.994461929202707], [72.82996231810135, 18.99533903971807], [72.83069527641436, 18.996728251274074], [72.83140483823595, 18.998171088219184], [72.83393334485902, 19.003692896578695], [72.83429361548134, 19.00441581610851], [72.83439625053248, 19.004618728054368], [72.83470439585719, 19.005280393671363], [72.83500289610318, 19.005840018039216], [72.83514595542746, 19.00608464848001], [72.83549732472015, 19.00661366759274], [72.83600036143409, 19.007393101126596], [72.8360802480064, 19.007543608341653]]}, "properties": {"OBJECTID": 225, "ID": 246, "WARD_ID": 9, "TYPE": "Railroad", "NAME": "Western Railway", "LKM": 3.33237938, "SHAPE.LEN": 3332.3793521727803}}, {"type": "Feature", "id": 226, "geometry": {"type": "LineString", "coordinates": [[72.82306925870044, 18.980345077910606], [72.82423490756013, 18.98212629203482], [72.82489865662869, 18.983123257872677], [72.82593037932843, 18.98552298994269], [72.8273319198114, 18.988776536647876], [72.82858558814515, 18.9917281035896], [72.82964787484258, 18.994446850259536], [72.83005530674716, 18.995323960604942], [72.83078826487149, 18.99671317185335], [72.83149782652387, 18.99815600940896], [72.83401661823008, 19.00365660017249], [72.83435603050765, 19.004429367122054], [72.83440807589875, 19.004552426659323], [72.83474365293236, 19.00530554575821], [72.83500229579424, 19.00577627453427], [72.83552875302111, 19.00657619363179], [72.83606677014916, 19.00743805135961], [72.83611519794135, 19.007520933821866]]}, "properties": {"OBJECTID": 226, "ID": 248, "WARD_ID": 9, "TYPE": "Railroad", "NAME": "Western Railway", "LKM": 3.31460346, "SHAPE.LEN": 3314.60345078202}}, {"type": "Feature", "id": 227, "geometry": {"type": "LineString", "coordinates": [[72.82490959864522, 18.983614896332217], [72.82436832467276, 18.982916741079723], [72.82352388765499, 18.981772954045823], [72.82262583709363, 18.98043704739773], [72.8224619495493, 18.980215929737657]]}, "properties": {"OBJECTID": 227, "ID": 249, "WARD_ID": 9, "TYPE": "Railroad", "NAME": "Western Railway", "LKM": 0.45632988, "SHAPE.LEN": 456.329917723767}}, {"type": "Feature", "id": 228, "geometry": {"type": "LineString", "coordinates": [[72.82261019092473, 18.980247717729192], [72.8226303043794, 18.980276202668747], [72.82377855940125, 18.981884652624302], [72.82470788567183, 18.983158008311445], [72.82490959864522, 18.983614896332217]]}, "properties": {"OBJECTID": 228, "ID": 250, "WARD_ID": 9, "TYPE": "Railroad", "NAME": "Western Railway", "LKM": 0.44557422, "SHAPE.LEN": 445.574234632014}}, {"type": "Feature", "id": 229, "geometry": {"type": "LineString", "coordinates": [[72.82490959864522, 18.983614896332217], [72.82576199467691, 18.985545608908332], [72.8271635347573, 18.988799154802397], [72.82841720392905, 18.991750721741894], [72.82947948978483, 18.994469469137645], [72.82988692176863, 18.995346578877918], [72.83061987944858, 18.99673579067291], [72.83132944156205, 18.998178627856102], [72.83386979321496, 19.00372630053829], [72.8342218871148, 19.004517973275533], [72.83451974796226, 19.005149439320366], [72.83497707764376, 19.00597672250527], [72.83514002263303, 19.006213380652444], [72.83590281696986, 19.007321839435168], [72.83604325629874, 19.007567609321935]]}, "properties": {"OBJECTID": 229, "ID": 251, "WARD_ID": 9, "TYPE": "Railroad", "NAME": "Western Railway", "LKM": 2.9036275, "SHAPE.LEN": 2903.6275598738202}}, {"type": "Feature", "id": 230, "geometry": {"type": "LineString", "coordinates": [[72.82316435761793, 18.980371918352322], [72.82346929557828, 18.980813523539492], [72.82420810028297, 18.98191183180427], [72.82494892119135, 18.983083046879692], [72.82518013571122, 18.983590713653612], [72.82541695884112, 18.984089557226557], [72.82599069623468, 18.98547272618462], [72.82739223668997, 18.988726271609586], [72.82864590680329, 18.991677838236708], [72.82915755459874, 18.992987316304664], [72.82970819332886, 18.99439658553144], [72.83011562547094, 18.99527369576756], [72.83084858394821, 18.99666290681165], [72.83155814598089, 18.998105744173458], [72.83407915556094, 19.003611174582584], [72.83463946072902, 19.004957678313477], [72.83480437801167, 19.005297896403043], [72.83520813580101, 19.006017845537638], [72.8358376166613, 19.007001354034337], [72.83614313682125, 19.00750280732224]]}, "properties": {"OBJECTID": 230, "ID": 247, "WARD_ID": 9, "TYPE": "Railroad", "NAME": "Western Railway", "LKM": 3.30693243, "SHAPE.LEN": 3306.9324140207004}}, {"type": "Feature", "id": 231, "geometry": {"type": "LineString", "coordinates": [[72.8327346157265, 18.987672789259754], [72.83273362242204, 18.987796917619036], [72.83274357504926, 18.988705944390283], [72.8327468928182, 18.99027849339062], [72.83277675143808, 18.991608856753], [72.83279002213939, 18.993018843700703], [72.8327999751568, 18.993941140729646], [72.83280329219215, 18.994491864210797], [72.83281682660842, 18.99495947322717], [72.83279203707995, 18.995861839144332], [72.83282851601341, 18.99687414280296], [72.83291971513471, 18.997603731678673], [72.8330291528917, 18.998584115516195], [72.83316595063152, 18.999464181828124], [72.83341674648484, 19.000727280782463], [72.8337997801943, 19.001949341186073], [72.83411441532986, 19.002925165378347], [72.83430137237958, 19.003472356579902], [72.83461600688075, 19.004242984847], [72.83492152243016, 19.004940652944786], [72.83512671908498, 19.005428565157242], [72.8354778333714, 19.006126233670614], [72.83601134440747, 19.007024539288913], [72.8362664329719, 19.007439484277445]]}, "properties": {"OBJECTID": 231, "ID": 252, "WARD_ID": 9, "TYPE": "Railroad", "NAME": "Central Railway", "LKM": 2.25465104, "SHAPE.LEN": 2254.6510923722303}}, {"type": "Feature", "id": 232, "geometry": {"type": "LineString", "coordinates": [[72.83284490388323, 18.98779694115967], [72.83284642156468, 18.98809218570562], [72.83284973865186, 18.989027752847864], [72.83285969226154, 18.989644828973205], [72.83285969228369, 18.990789405928318], [72.83287628022151, 18.991642033232772], [72.83290282134313, 18.992687082183565], [72.83291042250596, 18.99273166744917], [72.83290945596492, 18.993363875078238], [72.83293394287512, 18.994571560030163], [72.83293150874965, 18.994943999164246], [72.83292542820382, 18.995947183610465], [72.83297406818161, 18.99700508616028], [72.83301054746646, 18.99740635966573], [72.83310040632466, 18.998242741027966], [72.83312634116135, 18.99848413207017], [72.83316862466882, 18.99887769652406], [72.83328992182085, 18.99956413174197], [72.8333785282403, 19.00006556199065], [72.83343614045157, 19.000391591617916], [72.83353949890643, 19.000847584755896], [72.83360247113896, 19.001053919858215], [72.83380774004203, 19.001726504513538], [72.83382525388373, 19.001783889409438], [72.83412316909885, 19.00276883298754], [72.83437244576545, 19.003437622443045], [72.83465820061353, 19.004167210758254], [72.83495003568522, 19.00482991973672], [72.83522363169861, 19.005492629826243], [72.8355884253101, 19.006161418652503], [72.83589464409248, 19.006697451616063], [72.83595231024469, 19.00680347167911], [72.83632380440692, 19.00741189467853]]}, "properties": {"OBJECTID": 232, "ID": 253, "WARD_ID": 9, "TYPE": "Railroad", "NAME": "Central Railway", "LKM": 2.2363942, "SHAPE.LEN": 2236.39419323383}}, {"type": "Feature", "id": 233, "geometry": {"type": "LineString", "coordinates": [[72.82786648597794, 18.9822326520023], [72.82915576093991, 18.983672414818454], [72.82991934030449, 18.984523595050824], [72.83022689042637, 18.984856048861936], [72.830531152811, 18.985187247930078], [72.83091132255991, 18.985587311840874], [72.83129734013929, 18.985998961975177], [72.83143277104944, 18.986142748847186], [72.83151848639923, 18.986243339191752], [72.83157983097047, 18.98631877997028], [72.83161971600857, 18.98637646685749], [72.83165459086017, 18.986435302679805], [72.83168607107926, 18.98649393251845], [72.8317117042137, 18.98655454693715], [72.83173618955867, 18.986632382035026], [72.83175926422423, 18.986699417525983], [72.83177163800043, 18.986756112695097], [72.83177832120471, 18.986804976789468], [72.83178156021627, 18.986860466556344], [72.83178657057896, 18.986965558628338], [72.8317725807134, 18.987296028063753], [72.83174099461307, 18.98790100222232], [72.83170622609819, 18.98854367165001], [72.83165782966195, 18.989511480847014], [72.83162154413267, 18.9903871461813], [72.83156584128163, 18.991548435387855], [72.8315319590644, 18.99236155919894], [72.83150888393756, 18.992900178314507], [72.83145479710204, 18.993872701079855], [72.8314256373575, 18.994608818726874], [72.83142550606827, 18.99468527596344], [72.83142989364832, 18.99474693214195], [72.83144187352143, 18.994807439873142], [72.83145411612605, 18.994862987295043], [72.83148074214779, 18.994919370853374], [72.83152033968094, 18.994981862551736], [72.83157758423644, 18.995053621686143], [72.83165017871377, 18.99511201372876], [72.83171541018778, 18.995153858501148], [72.83180724310249, 18.995188471094345], [72.8318939578923, 18.9952071100918], [72.83199163712365, 18.995212120079824], [72.83241493071385, 18.995196876228682], [72.83295080936544, 18.995175521212886]]}, "properties": {"OBJECTID": 233, "ID": 254, "WARD_ID": 9, "TYPE": "Mono", "NAME": "Mono Rail", "LKM": 1.72411121, "SHAPE.LEN": 1724.11121368978}}, {"type": "Feature", "id": 234, "geometry": {"type": "LineString", "coordinates": [[72.82784461122279, 18.982251960664268], [72.82913245176638, 18.983692870193206], [72.82990004830768, 18.98454031930942], [72.83020932094412, 18.984873347948007], [72.83051243568912, 18.985202251061555], [72.83089203163463, 18.985608054798146], [72.83127460440423, 18.98601626022485], [72.83141963148871, 18.986162279519732], [72.8314963251979, 18.98625432411629], [72.83155594693903, 18.98633493030613], [72.83159952367623, 18.98639393405192], [72.83163128107674, 18.986447434843537], [72.83166521317408, 18.98650919700685], [72.83168969788474, 18.98657153402886], [72.83171533144129, 18.986643628841012], [72.83173438861868, 18.9867135338707], [72.83174676208967, 18.986772525114834], [72.8317517229876, 18.986815075136757], [72.83175496221769, 18.986861381498485], [72.83175882396911, 18.98696417667794], [72.83174942665502, 18.987294072161234], [72.83171382279251, 18.987901342271197], [72.83168192412099, 18.988549177619422], [72.83163352767508, 18.989514117152407], [72.83159207658174, 18.99038633832821], [72.83154039130311, 18.99154533155579], [72.83150708328634, 18.99236132540353], [72.83148601762441, 18.992901092619032], [72.83142877236071, 18.993904038826653], [72.83142197737799, 18.994056702396637], [72.83139891171511, 18.994640156368657], [72.83139906805228, 18.994716326127843], [72.83140673674383, 18.99478337256371], [72.83141699476818, 18.994835476090493], [72.83143418796737, 18.994894202302973], [72.83146625872017, 18.994951831156456], [72.83150384841286, 18.995016046214523], [72.83156482321881, 18.99508579508295], [72.83163655746866, 18.995141031007343], [72.8317095953781, 18.995181177949515], [72.8318020016762, 18.995215216474723], [72.8318892903232, 18.99523155890037], [72.83198582186405, 18.995234272912267], [72.83240968922614, 18.995223047163286], [72.83295239832832, 18.99520292113864]]}, "properties": {"OBJECTID": 234, "ID": 255, "WARD_ID": 9, "TYPE": "Mono", "NAME": "Mono Rail", "LKM": 1.72707385, "SHAPE.LEN": 1727.07380813414}}, {"type": "Feature", "id": 235, "geometry": {"type": "LineString", "coordinates": [[72.83608024799473, 19.007543609244763], [72.83616103208888, 19.007695805192395], [72.83677949433994, 19.00878354920192], [72.83695837739293, 19.00917548458985], [72.83720311745458, 19.009715532439266], [72.8374360221798, 19.01017256144454], [72.8377956994521, 19.010809110689294], [72.83850947688062, 19.01201461222001], [72.83918632860956, 19.01308154663991], [72.83958426246531, 19.013755377307387], [72.84019809669684, 19.014704927407752], [72.840640699344, 19.015419182584722], [72.84094067286341, 19.015932245354445], [72.84153236933595, 19.016847767016795], [72.84186517084397, 19.017318236908473], [72.84226344134217, 19.017967508582004], [72.84277337817322, 19.018808932051098], [72.8432182428569, 19.019527958422636], [72.8437717374553, 19.02059873626461], [72.84433040485887, 19.021731590199657], [72.84482311836636, 19.022804955366713], [72.84511797073912, 19.023549845547127], [72.84562490943489, 19.024843056137453], [72.84600103898293, 19.025756545584077], [72.84634728754952, 19.02664919568289], [72.84656164526263, 19.02716978140917], [72.84672088385044, 19.0276628054251], [72.84692299292398, 19.02829363098636], [72.84721084647575, 19.029242932881044], [72.84742724561416, 19.029994209145354], [72.84764160409688, 19.030817958052918], [72.84780390405356, 19.0315835236006], [72.84794783039426, 19.032581822136354], [72.84799376501617, 19.03307178357167], [72.84804888510652, 19.034021085746783], [72.84807134160441, 19.034926495344695], [72.84803459454945, 19.035682874268534], [72.84796722532771, 19.036240206997245], [72.84784677631616, 19.036979233026962], [72.84769134962028, 19.03780194271634], [72.84753447342713, 19.03848401484042], [72.8473170041866, 19.039233060415274], [72.84709039705739, 19.039919007452006], [72.84673211152113, 19.0407305074389], [72.84625133607358, 19.041796174964357], [72.84613190760341, 19.041990457900788], [72.84574912461585, 19.042866265669506], [72.84536940410617, 19.04369307732274], [72.84488250418526, 19.0447679317957], [72.84466202114845, 19.045279330446885], [72.84398832447938, 19.046798211576245], [72.84369740767451, 19.047410665735185], [72.84314300389357, 19.048670914602795], [72.84283983970312, 19.049346144424177], [72.84247696245929, 19.050138505031782], [72.84228279058662, 19.05059184310235]]}, "properties": {"OBJECTID": 235, "ID": 493, "WARD_ID": 8, "TYPE": "Railroad", "NAME": "Western Railway", "LKM": 5.17115937, "SHAPE.LEN": 5171.15938502066}}, {"type": "Feature", "id": 236, "geometry": {"type": "LineString", "coordinates": [[72.83614313682125, 19.00750280732224], [72.83631795061932, 19.007789729833128], [72.8365868217305, 19.008210345704786], [72.83688609575793, 19.008775587970273], [72.83721254724186, 19.009485420620646], [72.8375783567399, 19.010146599634247], [72.83814412309314, 19.011067965336185], [72.8387476651211, 19.012063442092828], [72.83932344219424, 19.012960365339868], [72.84017608841947, 19.01440998497481], [72.84075463115647, 19.015343773030153], [72.84085897739821, 19.01551075185818], [72.84114492375983, 19.01608392038107], [72.84141746682673, 19.016499437180514], [72.84177043204814, 19.017035587410334], [72.84236933852294, 19.01795195630464], [72.8433120896886, 19.019439149807774], [72.84380868294096, 19.020344397756887], [72.84438286862661, 19.021508287963186], [72.84478117747086, 19.022392845289247], [72.84515362226145, 19.02332912991592], [72.84560883283172, 19.024487847818634], [72.84608372028363, 19.025621040726996], [72.84659358674455, 19.026948531749493], [72.84678421281608, 19.02747217906139], [72.84712642121526, 19.02859985818492], [72.84752795834498, 19.029877952863412], [72.8477659098303, 19.030778027555115], [72.847926268329, 19.031471188560086], [72.8480400707308, 19.032231598441037], [72.84810731721717, 19.03271267267131], [72.8481624443582, 19.03339000423294], [72.84819612900894, 19.03421375365935], [72.84819306715362, 19.034942572111085], [72.84815904639738, 19.035588774320143], [72.84811249145542, 19.03611640486339], [72.8479312430188, 19.037087178063903], [72.8477555638387, 19.038082086709114], [72.84751051516969, 19.03905940441329], [72.84731930070136, 19.03969146328581], [72.8467619686055, 19.040986801364678], [72.84595541374928, 19.042727301607645], [72.8456657338476, 19.043306660437292], [72.84543570434255, 19.04381133627576], [72.84509542763892, 19.04460245906497], [72.84442295947404, 19.046076719631632], [72.8438372788461, 19.047356992764808], [72.84345535462856, 19.048204684867336], [72.84305802576347, 19.04907972696055], [72.84276404832839, 19.049720506245812], [72.84239727589487, 19.05057429572859], [72.84235659712974, 19.0506636443295]]}, "properties": {"OBJECTID": 236, "ID": 494, "WARD_ID": 8, "TYPE": "Railroad", "NAME": "Western Railway", "LKM": 5.18846292, "SHAPE.LEN": 5188.46293925052}}, {"type": "Feature", "id": 237, "geometry": {"type": "LineString", "coordinates": [[72.84508407874, 19.043943906687407], [72.84416710845747, 19.045932290836703], [72.84375880596912, 19.04682511068082], [72.84353034247071, 19.047328841189003], [72.84343055666083, 19.047560704481043], [72.8432452819734, 19.047983232375127], [72.84301403760921, 19.04851326927619], [72.8426856094313, 19.04924361917877], [72.84248579708458, 19.04965472769569], [72.84230206154704, 19.04998545255568], [72.84209982976724, 19.050370343170414]]}, "properties": {"OBJECTID": 237, "ID": 495, "WARD_ID": 8, "TYPE": "Railroad", "NAME": "Western Railway", "LKM": 0.7780257500000001, "SHAPE.LEN": 778.025740888341}}, {"type": "Feature", "id": 238, "geometry": {"type": "LineString", "coordinates": [[72.83611519794135, 19.007520933821866], [72.83657871294969, 19.00831421386235], [72.83687806318646, 19.008877170897897], [72.83715954184672, 19.009489275157293], [72.83752144312777, 19.01019967398584], [72.83770016040384, 19.01054370360629], [72.83810674072839, 19.01121835942522], [72.83854906416649, 19.01191535465414], [72.83902713186792, 19.01267043190738], [72.83964817186396, 19.013698053041512], [72.84002794511355, 19.014305690422592], [72.84042558943403, 19.014922262446206], [72.84074727920854, 19.015431604862474], [72.84081185993439, 19.015537546575512], [72.8409205024587, 19.015744762443976], [72.84101481186947, 19.015939250100494], [72.8415841580169, 19.016836093055414], [72.84205306226339, 19.01751381805039], [72.84228331852778, 19.01792783743767], [72.8432488045463, 19.019402147948707], [72.84374539734891, 19.020307396026706], [72.84431958342245, 19.02147128638918], [72.84471789281089, 19.022355842921282], [72.84509033717278, 19.023292127635994], [72.8455455481635, 19.024450845656933], [72.84602043414064, 19.025584038668548], [72.84653030094789, 19.026911529821195], [72.84672092678416, 19.027435177176702], [72.84706313471766, 19.028562854565962], [72.84746467316556, 19.029840951158818], [72.84770262426964, 19.030741025896702], [72.84786298153108, 19.031434186918823], [72.84797678459464, 19.032194595918718], [72.84804403184238, 19.032675670165478], [72.84809915776731, 19.033353002614117], [72.84813284307805, 19.034176751131625], [72.84812978096468, 19.034905569557893], [72.84809575997609, 19.035551772637454], [72.84804920390916, 19.036079403136966], [72.84786795707396, 19.037050176268778], [72.84769227759762, 19.038045083920995], [72.84744722863324, 19.039022402416723], [72.84725601398995, 19.03965446120658], [72.84669868252799, 19.040949799073932], [72.84589212725076, 19.04269029990234], [72.84560244721831, 19.043269658619423], [72.84537241759357, 19.043774334366994], [72.84503214165841, 19.044565456128222], [72.84435967123291, 19.046039717310116], [72.84379709627036, 19.04731508182363], [72.84341472982204, 19.048172438031624], [72.84301627332609, 19.049047188643346], [72.84273086711032, 19.049681012731142], [72.84235279720258, 19.05055761634718], [72.84231849412195, 19.050634907864435]]}, "properties": {"OBJECTID": 238, "ID": 496, "WARD_ID": 8, "TYPE": "Railroad", "NAME": "Western Railway", "LKM": 5.18136847, "SHAPE.LEN": 5181.36847349891}}, {"type": "Feature", "id": 239, "geometry": {"type": "LineString", "coordinates": [[72.84623117818104, 19.04237071298468], [72.84603428743051, 19.042702809809256], [72.84571816276035, 19.043313063185025], [72.84548813245787, 19.043817738189095], [72.84514785692578, 19.044608861108824], [72.84447538632251, 19.04608312187554], [72.84386985121319, 19.047433306551937], [72.84335147638828, 19.04858828256255], [72.84297861013793, 19.04940980055093], [72.84244731353988, 19.050692905710108], [72.84243465285849, 19.050720141674443]]}, "properties": {"OBJECTID": 239, "ID": 498, "WARD_ID": 8, "TYPE": "Railroad", "NAME": "Western Railway", "LKM": 1.00759064, "SHAPE.LEN": 1007.59061595848}}, {"type": "Feature", "id": 240, "geometry": {"type": "LineString", "coordinates": [[72.83604325629874, 19.007567609321935], [72.83661768367558, 19.008572855981637], [72.83679044260275, 19.008942204329024], [72.83694533064605, 19.00932942303732], [72.8371955335497, 19.00989535985321], [72.83812486065929, 19.01145019544732], [72.83847037922529, 19.01206974595404], [72.83919120282702, 19.013231404396517], [72.83969756846815, 19.014029671751153], [72.84046009164929, 19.015250902405324], [72.8410081555497, 19.016132570771205], [72.84138346087832, 19.016698507399727], [72.84220429113243, 19.01795366820073], [72.8426149321246, 19.018598376003713], [72.84303206937342, 19.019326371700146], [72.84363535526226, 19.02048906866665], [72.84401290365292, 19.021229821740857], [72.8444555070594, 19.022137523137353], [72.84482669660883, 19.022954903866474], [72.84502192375479, 19.023450636563865], [72.84523799491127, 19.023997746700317], [72.84547484543748, 19.02460134863541], [72.84549786071308, 19.024650433745297], [72.84607139487548, 19.026120204592814], [72.8463123988232, 19.026819093110262], [72.84654076571373, 19.02756002085766], [72.84683527882603, 19.028487724321526], [72.84715835483478, 19.029546155100864], [72.84741597929921, 19.030364126334554], [72.84755463237454, 19.030870064191262], [72.847649536837, 19.031172228753825], [72.84771444975301, 19.03145486842809], [72.84777252037817, 19.031682033206263], [72.84789602701031, 19.03253869471194], [72.84794196146898, 19.033028657049282], [72.84799708222504, 19.033977959224654], [72.84801953846079, 19.034883368804554], [72.84798279120285, 19.03563974769919], [72.8479154218665, 19.036197078589865], [72.84779497265781, 19.03693610637569], [72.84764185986425, 19.03778435374364], [72.8474979327007, 19.03844273977781], [72.84726520100621, 19.039189932677562], [72.84703859374875, 19.039875879638426], [72.84668030807524, 19.04068738041565], [72.84619953341539, 19.041753047801446], [72.8460801049132, 19.041947331605396], [72.84569732178893, 19.042823139253347], [72.84531760116718, 19.043649949884767], [72.84483070107179, 19.044724805108274], [72.84461021796592, 19.04523620278659], [72.84393652007792, 19.04675508640222], [72.84364560510693, 19.047367538686714], [72.8430912001689, 19.04862778827159], [72.84278803588703, 19.04930301709465], [72.84274838223845, 19.049389603019108]]}, "properties": {"OBJECTID": 240, "ID": 499, "WARD_ID": 8, "TYPE": "Railroad", "NAME": "Western Railway", "LKM": 5.02338471, "SHAPE.LEN": 5023.38465666896}}, {"type": "Feature", "id": 241, "geometry": {"type": "LineString", "coordinates": [[72.84790248499095, 19.038949161982014], [72.84782899026912, 19.03938706621123], [72.8477371229422, 19.039840281373092], [72.84753501299656, 19.040403737294692], [72.8471124207721, 19.041319354753345], [72.84682763072847, 19.041882810690073]]}, "properties": {"OBJECTID": 241, "ID": 501, "WARD_ID": 8, "TYPE": "Railroad", "NAME": "Harbour Railway", "LKM": 0.34604358, "SHAPE.LEN": 346.043566084746}}, {"type": "Feature", "id": 242, "geometry": {"type": "LineString", "coordinates": [[72.84682763072847, 19.041882810690073], [72.84713998082869, 19.04137753716459], [72.8473727133017, 19.04090288620156], [72.84765137916305, 19.04030574466705], [72.84781980445177, 19.039834156581186], [72.84786573753955, 19.039561615067434], [72.84790860940728, 19.03935338062748], [72.84794841875527, 19.03902571941202]]}, "properties": {"OBJECTID": 242, "ID": 502, "WARD_ID": 8, "TYPE": "Railroad", "NAME": "Harbour Railway", "LKM": 0.34092782, "SHAPE.LEN": 340.927768265258}}, {"type": "Feature", "id": 243, "geometry": {"type": "LineString", "coordinates": [[72.84682763072847, 19.041882810690073], [72.84662858299923, 19.042195162307724], [72.84644484767192, 19.042394209592555], [72.84620905325167, 19.04262081639567], [72.84604421942889, 19.042760987166684]]}, "properties": {"OBJECTID": 243, "ID": 503, "WARD_ID": 8, "TYPE": "Railroad", "NAME": "Harbour Railway", "LKM": 0.12834143, "SHAPE.LEN": 128.341425709796}}, {"type": "Feature", "id": 244, "geometry": {"type": "LineString", "coordinates": [[72.83632380440692, 19.00741189467853], [72.83705976190394, 19.008490021267047], [72.83790486877758, 19.00976680036548], [72.83845206046368, 19.010624066841284], [72.83932148594741, 19.012162281700206], [72.84054354645349, 19.01399841269918], [72.84222159922301, 19.0163391742399], [72.84337070053931, 19.017798350963933], [72.84437579805538, 19.019268786680616], [72.8451466837722, 19.020286604575], [72.8455552863111, 19.020874811584992], [72.8463186079812, 19.021974894953505], [72.84647538614514, 19.022209058284872], [72.84701906878931, 19.023021094570453], [72.84730643728749, 19.02344316800729], [72.84817303285891, 19.024668974309556], [72.84869388791955, 19.025450256792315], [72.84928658504185, 19.026334812663425], [72.84943026967649, 19.026541358883474], [72.8499421446058, 19.027264270176108], [72.85068301675713, 19.028323941176986], [72.85110059906553, 19.028925618862484], [72.85181901923286, 19.029908957834966], [72.8521333287683, 19.03033103002351], [72.8526182630487, 19.03105394115602], [72.85311217789149, 19.031763382407565], [72.85370038444556, 19.03259405621582], [72.85414041784009, 19.03322267469965], [72.85438651916185, 19.033589874723365], [72.85441195214787, 19.033627821872255], [72.85470617442168, 19.034066820187284], [72.85518107560655, 19.034858911632654], [72.85523383954964, 19.034942678073257], [72.85562903233227, 19.035511375300935], [72.85604602280408, 19.03612888626711], [72.85633768818191, 19.036554991362674], [72.85662935475776, 19.036967425223654], [72.85708052437394, 19.03763962370285], [72.85732661755956, 19.037983698018394], [72.85748384406618, 19.038216119793045], [72.85772537935384, 19.038555636225905], [72.85805578237961, 19.039031871928795], [72.85851834615264, 19.03965166156393], [72.85882368315752, 19.04006181705579], [72.85932017289753, 19.040747800573165], [72.85962929878713, 19.04120862606617], [72.85990957061041, 19.041611945374516], [72.86013002961792, 19.04194348759694], [72.86056411011457, 19.04258606304178], [72.8609195779106, 19.043093630580685], [72.86141689036552, 19.043804565696078], [72.86179115661939, 19.044353147566934], [72.86190565813276, 19.044518919017776], [72.86222181961655, 19.04501794144358], [72.86248500275367, 19.045482782699448], [72.86259608572946, 19.04566735274916], [72.86281312670029, 19.046005730436363], [72.86311048925654, 19.046448356301838], [72.86354286020297, 19.047039662558426], [72.86405042718961, 19.04776426993189], [72.8645186876843, 19.048437608095885], [72.86471009369731, 19.048721298135803], [72.86515351959603, 19.04938100644309], [72.86545829858125, 19.049829386850597], [72.86587695512704, 19.050391669967095], [72.86627727654042, 19.050938673812983], [72.86692512463912, 19.05179126623378], [72.86732238916066, 19.052362716947464], [72.86806802570545, 19.05343227693419], [72.86817920310514, 19.05359224595979]]}, "properties": {"OBJECTID": 244, "ID": 500, "WARD_ID": 8, "TYPE": "Railroad", "NAME": "Central Railway", "LKM": 6.11761627, "SHAPE.LEN": 6117.61628802295}}, {"type": "Feature", "id": 245, "geometry": {"type": "LineString", "coordinates": [[72.84604421942889, 19.042760987166684], [72.84575453976093, 19.04334034525533], [72.84552451045502, 19.043845021224744], [72.84518423408038, 19.04463614330672], [72.84451176364801, 19.046110404222887], [72.84397899729356, 19.04734280727377], [72.84395363327499, 19.04739728443747], [72.84364598027605, 19.04808296045202], [72.84322109162494, 19.049010825854467], [72.84297364777694, 19.049590201428845], [72.84272530752499, 19.050179546087783], [72.84246224958954, 19.050740118328736]]}, "properties": {"OBJECTID": 245, "ID": 504, "WARD_ID": 8, "TYPE": "Railroad", "NAME": "Western Railway", "LKM": 0.96069845, "SHAPE.LEN": 960.69849924091}}, {"type": "Feature", "id": 246, "geometry": {"type": "LineString", "coordinates": [[72.84511988569949, 19.04396627121559], [72.84420967126492, 19.04595478145394], [72.84380136892602, 19.046847601407304], [72.84355638758832, 19.047359338717204], [72.84327708401639, 19.04800522080938], [72.84305660087642, 19.048535758397108], [72.84272817282167, 19.049266108387844], [72.84252836054189, 19.049677216957654], [72.8423446241048, 19.0500079418541], [72.84213285258284, 19.050410991110255]]}, "properties": {"OBJECTID": 246, "ID": 505, "WARD_ID": 8, "TYPE": "Railroad", "NAME": "Western Railway", "LKM": 0.78003997, "SHAPE.LEN": 780.039990350381}}, {"type": "Feature", "id": 247, "geometry": {"type": "LineString", "coordinates": [[72.84274838223845, 19.049389603019108], [72.84260535947125, 19.04960090963007], [72.84235578282845, 19.050077821775712], [72.84216440528206, 19.050449047572933]]}, "properties": {"OBJECTID": 247, "ID": 506, "WARD_ID": 8, "TYPE": "Railroad", "NAME": "Western Railway", "LKM": 0.13257785, "SHAPE.LEN": 132.577803360225}}, {"type": "Feature", "id": 248, "geometry": {"type": "LineString", "coordinates": [[72.84274838223845, 19.049389603019108], [72.84242515757457, 19.050095377577634], [72.84225271937834, 19.050542789677763], [72.84224884634308, 19.050550899882428]]}, "properties": {"OBJECTID": 248, "ID": 507, "WARD_ID": 8, "TYPE": "Railroad", "NAME": "Western Railway", "LKM": 0.13897662, "SHAPE.LEN": 138.97660746627503}}, {"type": "Feature", "id": 249, "geometry": {"type": "LineString", "coordinates": [[72.84623117818104, 19.04237071298468], [72.84609539276444, 19.042654163437327], [72.84604421942889, 19.042760987166684]]}, "properties": {"OBJECTID": 249, "ID": 497, "WARD_ID": 8, "TYPE": "Railroad", "NAME": "Western Railway", "LKM": 0.04748317, "SHAPE.LEN": 47.483175772588496}}, {"type": "Feature", "id": 250, "geometry": {"type": "LineString", "coordinates": [[72.8362664329719, 19.007439484277445], [72.83669533381993, 19.00813716195633], [72.83731092392392, 19.009058267003358], [72.83802227237064, 19.010111610114105], [72.83833690846072, 19.010613201643565], [72.83871994140202, 19.011288071417418], [72.83896617696622, 19.0118124626528], [72.83931273138047, 19.012355094446963], [72.83994656168191, 19.013371957350273], [72.84065334996234, 19.01432954214114], [72.8410181443371, 19.01488585315068], [72.84152885559061, 19.015683840343666], [72.84184805080652, 19.016135273077335], [72.84250468055247, 19.01712021711165], [72.84301995194217, 19.017899964375353], [72.84348050423046, 19.018542913722413], [72.84444264752203, 19.01962361635909], [72.8449787404233, 19.020267522650062], [72.84521784037358, 19.020543665822792], [72.84569603944045, 19.02127780205199], [72.8463897649393, 19.022261141175733], [72.84696899156555, 19.023116511274026], [72.84736300088917, 19.023675531561853], [72.84809040140763, 19.02471612029152], [72.848582070989, 19.02541994894831], [72.84898281586572, 19.026009278103036], [72.84934651582464, 19.026578402873334], [72.8499425811528, 19.027420301946666], [72.85058916012355, 19.028353127148655], [72.85107409432656, 19.029013176175543], [72.85138709441473, 19.029468924897035], [72.85180018554364, 19.03003767492186], [72.85210551503978, 19.030426819964784], [72.85261439662968, 19.031151227244532], [72.85334479121724, 19.03219892470244], [72.85369801465077, 19.032695832717927], [72.85433338981935, 19.033612157781672], [72.85435956707576, 19.033649910351414], [72.85457808128956, 19.03396504258371], [72.85514006009315, 19.034886254785487], [72.85544201480545, 19.035365626704092], [72.85569950109883, 19.035794011050836], [72.85613927807303, 19.03646848799624], [72.8564468942449, 19.036917379666917], [72.85686844221375, 19.037555398390563], [72.8572216305613, 19.038084041581843], [72.85745633107128, 19.038400773626385], [72.85764090085306, 19.038649145443898], [72.85798041858102, 19.039077529135188], [72.85849083382003, 19.039745170805823], [72.85879844975672, 19.040157603718438], [72.85908100073003, 19.0405449725894], [72.85919265409404, 19.040686248272223], [72.8592791573718, 19.04077514366267], [72.85958828317159, 19.041235970120155], [72.85986855588902, 19.04163928859241], [72.86008901389029, 19.04197083084749], [72.86052309426668, 19.042613407281745], [72.86087856199019, 19.04312097398867], [72.86137587527696, 19.043831909214596], [72.86175014143859, 19.04438049116], [72.86186464292427, 19.04454626263371], [72.86218080433231, 19.04504528421839], [72.86244398737213, 19.045510126427697], [72.86255507032638, 19.045694695595838], [72.8627721112268, 19.046033074228866], [72.86306947370797, 19.0464757001534], [72.86350184644688, 19.04706700742238], [72.86400941142563, 19.047791613972365], [72.86447767181988, 19.048464951326867], [72.86466907777336, 19.04874864230796], [72.8651125035833, 19.0494083488971], [72.86545524307944, 19.049921063804543], [72.86610920255637, 19.050813382604485], [72.86688845390759, 19.051840160665854], [72.86786633714038, 19.053239756763674], [72.86812413555413, 19.053618984956312]]}, "properties": {"OBJECTID": 250, "ID": 508, "WARD_ID": 8, "TYPE": "Railroad", "NAME": "Central Railway", "LKM": 6.12038086, "SHAPE.LEN": 6120.38083120571}}, {"type": "Feature", "id": 251, "geometry": {"type": "LineString", "coordinates": [[72.85439033983853, 19.03358827156768], [72.85438651916185, 19.033589874723365], [72.85433338981935, 19.033612157781672], [72.85323995122725, 19.034070748277852], [72.85217198611029, 19.034520327179006], [72.85151570515875, 19.03481143388953], [72.85119576345532, 19.034965103122097], [72.8505104502045, 19.03538605056811], [72.84992064789469, 19.03580705242401], [72.84968169578084, 19.036019496740575], [72.84931728643745, 19.036362470047827], [72.84898666588079, 19.036690232344053], [72.84858234261877, 19.03716172171245], [72.84839177404939, 19.03745601039901], [72.84811930454369, 19.037928686426888], [72.84789945831434, 19.038310071408354], [72.84768077286964, 19.038838642150523], [72.84762193724927, 19.03909861156634], [72.84748907914961, 19.039714728380932], [72.84687187444023, 19.04103325628524], [72.84623117818104, 19.04237071298468]]}, "properties": {"OBJECTID": 251, "ID": 509, "WARD_ID": 8, "TYPE": "Railroad", "NAME": "Harbour Railway", "LKM": 1.36956835, "SHAPE.LEN": 1369.5683489044702}}, {"type": "Feature", "id": 252, "geometry": {"type": "LineString", "coordinates": [[72.85441594470049, 19.033626147548958], [72.85441195214787, 19.033627821872255], [72.85440673253035, 19.03363000944274], [72.85435956707576, 19.033649910351414], [72.85256325097076, 19.034407824401175], [72.8517701246603, 19.03474773617897], [72.85127403773923, 19.034971280979924], [72.85078713743708, 19.0352591341693], [72.85035535857693, 19.035553111396236], [72.84999707335895, 19.035816465579188], [72.84973984303261, 19.03603388635939], [72.84932031328142, 19.036435043447366], [72.84901408714039, 19.036753519003756], [72.84882422604105, 19.03698318823019], [72.84861905467014, 19.037240418819344], [72.84846900345666, 19.037463964010104], [72.84812603022324, 19.038061105931636], [72.84800047703966, 19.038299961884213], [72.84790248485643, 19.038544943361465], [72.84782592877974, 19.038805235615325], [72.84770956217028, 19.039488120600975], [72.84759319642664, 19.039846405591625], [72.84708179813728, 19.04085695258285], [72.84659796036517, 19.04190118543765], [72.84628867171044, 19.042406458287328], [72.84604421942889, 19.042760987166684]]}, "properties": {"OBJECTID": 252, "ID": 510, "WARD_ID": 8, "TYPE": "Railroad", "NAME": "Harbour Railway", "LKM": 1.41503223, "SHAPE.LEN": 1415.0322198456302}}, {"type": "Feature", "id": 253, "geometry": {"type": "LineString", "coordinates": [[72.85086679931356, 19.19832815546674], [72.85091231087861, 19.198574427489817], [72.85110170604794, 19.199568027176856], [72.8512269984186, 19.200214886297207], [72.85131149895241, 19.200829694156], [72.85132984839885, 19.200981497694322], [72.85148052713852, 19.201650088400456], [72.85165921796771, 19.202583814307403], [72.85183287597799, 19.203464687219423], [72.85201660075836, 19.204400929700817], [72.85217264154602, 19.205231466625996], [72.85232868190677, 19.20605948793769], [72.85260571774812, 19.207478422724684], [72.85271594149879, 19.20800342465952], [72.85282083732848, 19.208621146624115], [72.85296361234354, 19.209381643497125], [72.85314426758038, 19.21027617452029], [72.85331326620143, 19.21108329256849], [72.853456041783, 19.211846703139702], [72.85360755859368, 19.212671303616283], [72.85367970502986, 19.213025326878913]]}, "properties": {"OBJECTID": 253, "ID": 329, "WARD_ID": 16, "TYPE": "Railroad", "NAME": "Western Railway", "LKM": 1.65416089, "SHAPE.LEN": 1654.16089602148}}, {"type": "Feature", "id": 254, "geometry": {"type": "LineString", "coordinates": [[72.8509656051659, 19.19834477836246], [72.85103381937414, 19.19864213504587], [72.85117824452527, 19.19922216769836], [72.85130869422422, 19.199704363778483], [72.8514507902187, 19.200149288323473], [72.85161152200524, 19.20070602659513], [72.85174197156547, 19.201223163741204], [72.85183049037222, 19.20170535951718], [72.85194230378309, 19.20259287980538], [72.85208207093521, 19.20346642294615], [72.8522241673801, 19.20401151465657], [72.8523126867276, 19.204223493829566], [72.85257358479066, 19.204717337242], [72.85298822683467, 19.205546620771972], [72.85318390044787, 19.205961263132433], [72.85327241915589, 19.20636425817181], [72.8534354805681, 19.207198200766832], [72.85355195364163, 19.20786442258756], [72.85369171984644, 19.208777567167566], [72.8538477931034, 19.20949270751663], [72.8539293239859, 19.20983513635154], [72.85400710215684, 19.21026504955947], [72.85399053684412, 19.21048039398667], [72.85390357039203, 19.211085015682063], [72.85373792141102, 19.21182629816886], [72.8537047911847, 19.21196710029879], [72.85370479120775, 19.21215759705362], [72.85378347459306, 19.212849184550482], [72.85385633512392, 19.2132389793324], [72.85396157119419, 19.213832750843316]]}, "properties": {"OBJECTID": 254, "ID": 330, "WARD_ID": 16, "TYPE": "Railroad", "NAME": "Western Railway", "LKM": 1.76508054, "SHAPE.LEN": 1765.08062869792}}, {"type": "Feature", "id": 255, "geometry": {"type": "LineString", "coordinates": [[72.85011083861882, 19.19490313977229], [72.85019406326228, 19.19534304341196], [72.85037471759001, 19.19631041904617], [72.85049126937189, 19.196887347660503], [72.85080304395652, 19.19857442720801], [72.85099243940756, 19.19956802695541], [72.8511177322932, 19.200214886120115], [72.85120223146461, 19.20082969397872], [72.8512663351422, 19.201360002361966], [72.85139454104528, 19.202114671983864], [72.8516072472973, 19.203221909493603], [72.85173545409648, 19.203897906153717], [72.85191028032742, 19.20479535106466], [72.85209967672029, 19.20578312342489], [72.85219874547494, 19.206330913769346], [72.85235026132307, 19.206936981221983], [72.85250760574904, 19.207519737260522], [72.85260667488164, 19.208003424926876], [72.85271157029611, 19.208621146914435], [72.85285434574972, 19.209381643835023], [72.85303500038337, 19.21027617490865], [72.85320399942215, 19.211083292114], [72.8533467754403, 19.21184670273262], [72.85349829169586, 19.212671303246797], [72.85357085092951, 19.21302734741796]]}, "properties": {"OBJECTID": 255, "ID": 331, "WARD_ID": 16, "TYPE": "Railroad", "NAME": "Western Railway", "LKM": 2.03999862, "SHAPE.LEN": 2039.9986114635701}}, {"type": "Feature", "id": 256, "geometry": {"type": "LineString", "coordinates": [[72.85017350725605, 19.194901594852563], [72.85025743846798, 19.195345229046325], [72.85043809222368, 19.196312604642937], [72.85055464328117, 19.19688953322731], [72.85086641852581, 19.19857661272979], [72.8510558143659, 19.199570212448666], [72.85118110655434, 19.20021707158299], [72.85126560691545, 19.20083187944636], [72.85132970984824, 19.201362187815988], [72.85145791604606, 19.202116857421604], [72.85167062178117, 19.20322409488782], [72.85179882884508, 19.203900091528745], [72.85197365542768, 19.204797536412602], [72.8521630512569, 19.20578530873294], [72.85226212021409, 19.206333099966578], [72.85241363631317, 19.206939166486304], [72.85257098096977, 19.207521922492138], [72.85267004934154, 19.208005610131043], [72.85277494499735, 19.208623332105294], [72.85291772074879, 19.20938382900476], [72.85309837478276, 19.210278360038004], [72.85326737413853, 19.21108547721491], [72.85341014949327, 19.21184888870448], [72.85356166608335, 19.21267348829375], [72.85363354250767, 19.213026184241464]]}, "properties": {"OBJECTID": 256, "ID": 332, "WARD_ID": 16, "TYPE": "Railroad", "NAME": "Western Railway", "LKM": 2.04004049, "SHAPE.LEN": 2040.04052864108}}, {"type": "Feature", "id": 257, "geometry": {"type": "LineString", "coordinates": [[72.85092360266542, 19.198337712098077], [72.85096694421193, 19.198572241745538], [72.8511563397146, 19.19956584140796], [72.85128163229061, 19.200212701414774], [72.8513661320795, 19.200827509256996], [72.85138362566353, 19.20097223123566], [72.8515560304682, 19.201650088294805], [72.85170703681574, 19.202364854052096], [72.85180519197343, 19.202958814131293], [72.85191593000825, 19.203565358487957], [72.8520669372294, 19.20435814393289], [72.8521449566393, 19.204773413284446], [72.85227331248862, 19.205485661543793], [72.85236895006042, 19.205923581234348], [72.85243187002938, 19.206280964167977], [72.85267150646213, 19.207517551936107], [72.85277057513278, 19.20800123954913], [72.85287547116957, 19.20861896150223], [72.85301824643989, 19.209379458356988], [72.85319890102654, 19.210273989343765], [72.85336789993056, 19.21108110646424], [72.85351067575665, 19.211844517920408], [72.85366219190513, 19.212669117463953], [72.85373931039419, 19.213047737497543], [72.85378748427651, 19.21328392580145], [72.85385158760225, 19.21370933781788], [72.85387310936198, 19.213837795129802]]}, "properties": {"OBJECTID": 257, "ID": 333, "WARD_ID": 16, "TYPE": "Railroad", "NAME": "Western Railway", "LKM": 1.74437309, "SHAPE.LEN": 1744.37313075778}}, {"type": "Feature", "id": 258, "geometry": {"type": "LineString", "coordinates": [[72.85656370257547, 19.01045289037682], [72.85649639447657, 19.01026527468386], [72.85628168899038, 19.009200053450304], [72.85604001975507, 19.008058222304676], [72.8559459890686, 19.0074654879844], [72.85585404876232, 19.006819285568472], [72.85572905103051, 19.006145262105562], [72.85564870568437, 19.00582987801202], [72.8555461771943, 19.005308588217094], [72.85548103664861, 19.00503136278517], [72.85544874071925, 19.004797470425753], [72.85541671296201, 19.004446742810924], [72.85541472732884, 19.00419786095332], [72.8554253402589, 19.00388319673454], [72.85545074565843, 19.003604422831838], [72.8554905339554, 19.00283263601084], [72.8555022606802, 19.002378443561458], [72.85547480424955, 19.001920730066406], [72.85546076424787, 19.001677155942904], [72.85531833301374, 19.000756161433213], [72.8552032085342, 19.000186808103226], [72.85500614246945, 18.999459170686983], [72.85483885661118, 18.99903242598147], [72.85452308928627, 18.998339398363687], [72.8543150074091, 18.997824554231432], [72.8541740001947, 18.99752311701321], [72.85392820592578, 18.997058330312335], [72.85347521019806, 18.996191355129525], [72.85304793936629, 18.99529886244166], [72.85241706154959, 18.993992982416884], [72.85221317678943, 18.99355466675907], [72.85180886662995, 18.9927325583232], [72.8515002820355, 18.992242901337757], [72.85120550054074, 18.99177508266526], [72.85096308166575, 18.99136506125296], [72.85067829640016, 18.990805574624986], [72.85016957022263, 18.989664503664926], [72.8495825093671, 18.988432239141606], [72.84926266757296, 18.987713562312077], [72.84870431417694, 18.98650915931643], [72.84809951423328, 18.985217732044696], [72.84744363974116, 18.98390038184325], [72.84697370534934, 18.982923835073947], [72.84660723446346, 18.982125950174446], [72.84644649238, 18.981792890034605]]}, "properties": {"OBJECTID": 258, "ID": 531, "WARD_ID": 7, "TYPE": "Railroad", "NAME": "Harbour Railway", "LKM": 3.38919315, "SHAPE.LEN": 3389.1930826289604}}, {"type": "Feature", "id": 259, "geometry": {"type": "LineString", "coordinates": [[72.85562173545685, 19.01070905582561], [72.85542584640328, 19.009922976255865], [72.85522689444758, 19.00881107664029], [72.85518784799534, 19.00845779812785], [72.85514508214914, 19.007643397297162], [72.85516181644715, 19.006535215811258], [72.85522875393703, 19.00531175468604], [72.85532730030619, 19.0041236208781], [72.85535704967597, 19.00292247303837], [72.85536076772706, 19.002158274407943], [72.85528267545287, 19.00131970125419], [72.85522317497421, 19.000903204271346], [72.85506141082013, 19.00014086455186], [72.85488848964778, 18.999532852964634], [72.85451847665833, 18.998586436909193], [72.8540461251598, 18.99756852815949], [72.85401458853474, 18.997500568130164], [72.8539729498601, 18.99741620679973], [72.85375385439916, 18.996972308822357], [72.85365759059991, 18.996777275886586], [72.85317229665746, 18.995750907200385], [72.85278926862226, 18.994932786739653], [72.85254569174124, 18.994482820883174], [72.85236731324, 18.99420309059044], [72.8523002564534, 18.994097933369197], [72.85220045659514, 18.99395582001615], [72.85206783616182, 18.99376696632273], [72.85163088467253, 18.993244485404322], [72.85087970203097, 18.992547224294515], [72.84993142655381, 18.991758853826525], [72.84926763419432, 18.991238231789815], [72.84860012300538, 18.990671125846127], [72.84762767469587, 18.989929239672623], [72.84677794557638, 18.989274743619575], [72.8460565128715, 18.98872995054873], [72.84523095591757, 18.98810148630166], [72.84433660172313, 18.987400505561276], [72.84391824519537, 18.987084413901165], [72.84340692007416, 18.9866065566261], [72.84320424958946, 18.9863518248349], [72.8428881578743, 18.985795875154807], [72.84277659623429, 18.985554157955026], [72.84266875322271, 18.98515625412277], [72.84263804217076, 18.984981089660923], [72.8426185502959, 18.984869912077702], [72.84258880014048, 18.98439949341471], [72.8426092530219, 18.98418008842311], [72.84262082617725, 18.984114508344504], [72.84263838922014, 18.984014984869773], [72.84267061247351, 18.983832386787746], [72.84284633641381, 18.9831428211567]]}, "properties": {"OBJECTID": 259, "ID": 528, "WARD_ID": 7, "TYPE": "Railroad", "NAME": "Harbour Railway", "LKM": 3.56984138, "SHAPE.LEN": 3569.84134307374}}, {"type": "Feature", "id": 260, "geometry": {"type": "LineString", "coordinates": [[72.85554876423883, 19.010732003962357], [72.8553830813199, 19.009932273290133], [72.8551841286999, 19.008820373645367], [72.855145082339, 19.008467095132882], [72.85510231671643, 19.00765269341015], [72.85511905129364, 19.006544512860238], [72.8551859881565, 19.00532105177177], [72.85528453389038, 19.004132918007137], [72.85531428358722, 19.002931769302638], [72.85531800278801, 19.002167570704028], [72.85523990976999, 19.001328998445747], [72.85518041035961, 19.000912500567537], [72.85501864543916, 19.000150161721734], [72.85484572537018, 18.9995421501204], [72.85447571071838, 18.998595733979965], [72.8540033604214, 18.99757782515592], [72.85397182381317, 18.997509865120886], [72.85393018517091, 18.99742550287966], [72.8537110888585, 18.9969816057541], [72.85361482605683, 18.996786572811626], [72.85312953236829, 18.99576020403724], [72.85274650262514, 18.99494208438824], [72.8525029268155, 18.994492117593698], [72.85232454837048, 18.99421238816915], [72.85225749067153, 18.99410723002062], [72.85215769179685, 18.99396511665866], [72.85202507045953, 18.99377626292772], [72.85158812004312, 18.993253781930484], [72.85083693661183, 18.992556520649966], [72.84988866130058, 18.991768150881114], [72.84922486905718, 18.9912475287008], [72.84856293524436, 18.99068414207946], [72.84758490983991, 18.98993853713258], [72.84673518086593, 18.989284040895424], [72.84601374829337, 18.98873924676487], [72.84518818956849, 18.988110783219764], [72.84429383742913, 18.98740980230806], [72.84387548001041, 18.987093711449234], [72.84336415499875, 18.986615854065604], [72.84316148363683, 18.986361121318904], [72.84284539205758, 18.985805171578534], [72.84273383142678, 18.985563454369746], [72.84262598660571, 18.985165551403366], [72.84259527654804, 18.984990386949914], [72.84257578470168, 18.98487920936499], [72.84254603468005, 18.98440878980416], [72.84256648761951, 18.984189384823157], [72.84257806080402, 18.984123803845893], [72.84259562386185, 18.984024281281055], [72.8426278471523, 18.98384168411457], [72.84277996419021, 18.983153070897465]]}, "properties": {"OBJECTID": 260, "ID": 532, "WARD_ID": 7, "TYPE": "Railroad", "NAME": "Harbour Railway", "LKM": 3.56999604, "SHAPE.LEN": 3569.9960852017}}, {"type": "Feature", "id": 261, "geometry": {"type": "LineString", "coordinates": [[72.83298970398627, 18.987944065993645], [72.83296892202273, 18.988648565233593], [72.83297550711528, 18.98954045755651], [72.83300006801386, 18.990428988893342], [72.83304209430047, 18.99149943921058], [72.83305790837954, 18.992451428327016], [72.8330693309437, 18.993083801025097], [72.83308359702424, 18.993870141767143], [72.83309238242735, 18.994681974990936], [72.8330921474396, 18.995753079742826], [72.8330864938043, 18.996738798422207], [72.8330904479017, 18.997100621418035], [72.83312596177716, 18.997630593091685], [72.83319881586503, 18.998234688072312], [72.83326658145975, 18.99885000418321], [72.83338872256094, 18.999496740316218], [72.83353671579556, 19.00030862894096], [72.83364654862636, 19.000761626824147], [72.83380810991822, 19.00136562642015], [72.83398946342331, 19.00196677588128], [72.83414141405804, 19.002456706139508], [72.83432687174677, 19.00302859282795], [72.83454061907548, 19.00358596030255], [72.83483111121174, 19.004327823162743], [72.83520681113312, 19.005165969795755], [72.83542546222027, 19.0056452090697], [72.8356410965379, 19.00605649337887], [72.83604919144095, 19.00673191434892], [72.83661588629408, 19.00757772677488], [72.83697554196769, 19.008111521333714], [72.83751822008088, 19.008901877905082], [72.8382105717388, 19.00991989210899], [72.83866851732428, 19.01065633871036], [72.83890605844641, 19.011082819934845], [72.83934162963851, 19.011787946097524], [72.83977163453834, 19.012413469159263], [72.84027819394865, 19.013161220750423], [72.84113035608947, 19.01434393989935], [72.8417452787151, 19.015230861089762], [72.84220757095143, 19.015876074917152], [72.84260494216547, 19.016464376111788], [72.84290888770417, 19.016845176911858]]}, "properties": {"OBJECTID": 261, "ID": 529, "WARD_ID": 7, "TYPE": "Railroad", "NAME": "Central Railway", "LKM": 3.46747829, "SHAPE.LEN": 3467.47826964024}}, {"type": "Feature", "id": 262, "geometry": {"type": "LineString", "coordinates": [[72.83292209866539, 18.987883839879917], [72.83291531655381, 18.98862865283387], [72.83292387086705, 18.988970496606942], [72.83294115590772, 18.9902397123892], [72.83294250175776, 18.990628971239026], [72.83296180196018, 18.991344000252727], [72.83298442892821, 18.99178824118831], [72.83299996397754, 18.993095178769114], [72.83302327406548, 18.994958252783032], [72.83302598063723, 18.995963832694567], [72.8330508827435, 18.996978056594553], [72.83306917340178, 18.99744245963316], [72.8332293357418, 18.998898300266536], [72.8335110868622, 19.000442370072484], [72.83364105713162, 19.000946663145147], [72.83390900952865, 19.001835612794405], [72.8342127720363, 19.002815050781], [72.83445502623047, 19.003494669236094], [72.83473702770551, 19.00419968286812], [72.83501601614651, 19.00486178427077], [72.83530611527064, 19.005529084572533], [72.83551604691664, 19.005931914580586], [72.83598362582077, 19.006718044224527], [72.83652759957654, 19.007546896013995], [72.83710236784827, 19.00843291005072], [72.83799567413551, 19.009803236755786], [72.83854804977545, 19.010673638284576], [72.8385753616715, 19.01072153043616], [72.83908143741483, 19.011608739148638], [72.83940676464582, 19.012160308719427], [72.84067972978319, 19.014018076321413], [72.84234603310675, 19.016316923888606], [72.8425541511756, 19.016584631043788], [72.84282157784737, 19.01691243503213]]}, "properties": {"OBJECTID": 262, "ID": 530, "WARD_ID": 7, "TYPE": "Railroad", "NAME": "Central Railway", "LKM": 3.47854563, "SHAPE.LEN": 3478.5456473705704}}, {"type": "Feature", "id": 263, "geometry": {"type": "LineString", "coordinates": [[72.83295239832832, 18.99520292113864], [72.83327896004178, 18.995180050244546], [72.83374034242908, 18.99518415738821], [72.83393749103362, 18.995193741088794], [72.83411136486684, 18.995206062592793], [72.83461655788538, 18.995260825781862], [72.83530657785822, 18.995316958665654], [72.83579671054162, 18.995362138614183], [72.83608285011594, 18.995386781664262], [72.83628410566563, 18.995386782211153], [72.83650863558047, 18.99537445975183], [72.83733145781997, 18.99523481360147], [72.83791332009558, 18.995136239226643], [72.83825148405222, 18.99508421414642], [72.83861018479917, 18.99502123612903], [72.83943026760076, 18.99488432672689], [72.83956854594172, 18.994861052579623], [72.83976158735155, 18.99483914684675], [72.84020243332573, 18.994800812984202], [72.84089245263608, 18.99473098885472], [72.84172485783873, 18.99465295182879], [72.8423847579625, 18.994591343415262], [72.84298715623277, 18.994544794149473], [72.84396331477114, 18.99444211207375], [72.84415361866314, 18.99442568325406], [72.84428915780778, 18.99442157599261], [72.84444797220394, 18.994432528071766], [72.84455886817939, 18.9944558030486], [72.84463964355412, 18.994495505974616], [72.84477244597797, 18.994588604418258], [72.84482994775458, 18.99464063026859], [72.84489429469821, 18.994729619655246], [72.84494495141858, 18.99482956415786], [72.84498602385311, 18.99497194875203], [72.84502015519627, 18.995200756060306], [72.8450229890552, 18.995219753964392], [72.84509007405417, 18.995667445164024], [72.84509942997252, 18.995722470684704], [72.84518734678157, 18.99623956101372], [72.84519412520089, 18.99627942686609], [72.84520510870445, 18.996320515046552], [72.84523108994411, 18.99641770522353], [72.84526668573508, 18.996528600598765], [72.84533214417544, 18.99669660755929], [72.84534883211319, 18.996739440451833], [72.845371308578, 18.996785817433654], [72.84543040754913, 18.996907757090174], [72.84545698923527, 18.996962601193477], [72.84574469005436, 18.997499521164453], [72.84588688263587, 18.997764885663457], [72.8458999073037, 18.99779731995551], [72.84591789617528, 18.997831833567375], [72.84605082195534, 18.998136697187956], [72.84613462265979, 18.998399658954803], [72.84618374758558, 18.99860627241159], [72.84621409038027, 18.998821554318255], [72.84623720710108, 18.9990931851767], [72.84624443236824, 18.999308467921004], [72.84625165574442, 18.999429834862323], [72.84626754936573, 18.999567095414967], [72.8462978911318, 18.999760705332758], [72.84635166619806, 19.000018550858364], [72.8463549641252, 19.000058388802998], [72.84636332482073, 19.000159420297305], [72.84634963370316, 19.000277160943856], [72.84630856240939, 19.000386688193213], [72.8462414758528, 19.00050169240448], [72.8461470091348, 19.000583836755876], [72.8459498613438, 19.00069473263311], [72.84541728637416, 19.00088503627186], [72.8450065602745, 19.001053434309032], [72.8448258400431, 19.001157483906702], [72.84446303221482, 19.00139707502828], [72.84388253897923, 19.001783157095563], [72.84337871510218, 19.002177454058703], [72.8432171625626, 19.002315732288903], [72.84281602047332, 19.002682646869815], [72.84228344583141, 19.003150874568846], [72.84220951543686, 19.003235759171634], [72.8421451684153, 19.003334333384263], [72.84212228177319, 19.003406055190286], [72.84211072284282, 19.00352453185672], [72.84212083709622, 19.00363289565666], [72.84217574096279, 19.00374703915835], [72.84225665311477, 19.003862626088956], [72.84251961538104, 19.004046121837398], [72.84288082659631, 19.004297526232417], [72.84338074429851, 19.004644289274793], [72.84397168657341, 19.00504306738303], [72.84437335412423, 19.005313252803532], [72.84457274285592, 19.00540716813634], [72.84475334939621, 19.005479410967183], [72.84508999946057, 19.005570435759523], [72.84569249976325, 19.005719255003683], [72.84602770430259, 19.005808835978574], [72.84620253124665, 19.005904195964433], [72.84636724367707, 19.00606890782934], [72.84664609915002, 19.006373771417646], [72.84687294041034, 19.006652627345513], [72.84702175910698, 19.006906919790193], [72.84709601544556, 19.00709458274569], [72.84713822845303, 19.007292363907453], [72.84717793172419, 19.007620944291226], [72.84724227878895, 19.008038515590076], [72.84728061334768, 19.008164472057874], [72.84735043719496, 19.008319179319546], [72.84761603966787, 19.00893389878895], [72.8480007525569, 19.009829281651104], [72.8483079383855, 19.010508307288276], [72.8484030329458, 19.010727095935994], [72.84848480190834, 19.0108967536576], [72.84879455621137, 19.01162863776042], [72.84896218913796, 19.01204913073024], [72.84921311393964, 19.012589791926416], [72.84923239212723, 19.01262684679472]]}, "properties": {"OBJECTID": 263, "ID": 533, "WARD_ID": 7, "TYPE": "Mono", "NAME": "Mono Rail", "LKM": 3.84671141, "SHAPE.LEN": 3846.7113508435805}}, {"type": "Feature", "id": 264, "geometry": {"type": "LineString", "coordinates": [[72.83295080936544, 18.995175521212886], [72.83337616454179, 18.99516225213565], [72.83357879006964, 18.995163621121613], [72.83402648063945, 18.995182787956967], [72.83438792036014, 18.99521701462627], [72.83517651380478, 18.995290946407398], [72.8355037261451, 18.995319696729553], [72.83612118454207, 18.995363507888445], [72.83630737985051, 18.995366246125773], [72.83650726685053, 18.995353924432248], [72.83668114136545, 18.995325173317408], [72.83742044805396, 18.995200586372075], [72.83806391923233, 18.99509105901062], [72.83889221727051, 18.99494730473891], [72.83949735318163, 18.994847362223883], [72.8396876562171, 18.994829564220087], [72.84094037075701, 18.994713191238926], [72.84160027055734, 18.99464610559196], [72.84237380489871, 18.9945749136004], [72.84290911794021, 18.994521519348822], [72.84357586409375, 18.994454434083085], [72.84423713279317, 18.994399669854133], [72.84438910206622, 18.994405147022125], [72.84454654683044, 18.994433898085994], [72.84462047678527, 18.99445443442446], [72.84470399167232, 18.994503721239884], [72.84479435079017, 18.99456806836678], [72.84487238944088, 18.99465432143195], [72.84492304602203, 18.99472551330328], [72.84497096400513, 18.99483093307872], [72.84500245292034, 18.994933614236537], [72.84508596702709, 18.99546892718535], [72.84517769577643, 18.996034360246806], [72.84521192258363, 18.996243830716512], [72.84528585436706, 18.996502587769562], [72.84535567715274, 18.996694260448724], [72.84543371504587, 18.996858550681182], [72.84569931846364, 18.997336362139727], [72.84602926821113, 18.998005846189894], [72.84614016361297, 18.998287877950382], [72.84620587962615, 18.998574017243822], [72.84625379757567, 18.998890276277756], [72.84625927462733, 18.999001172141085], [72.84626338204177, 18.999132603977095], [72.84628391788158, 18.99941463564635], [72.84629623956826, 18.999572081348703], [72.84635237173005, 18.9998636965858], [72.84639755158733, 19.000140253341968], [72.84639115486631, 19.00027285179675], [72.84636430959085, 19.000358756426817], [72.84630362556123, 19.000461340406456], [72.84622704942825, 19.00055814536098], [72.84609412331261, 19.000650614941907], [72.84597998094898, 19.0007056859716], [72.8458211666904, 19.000768663962443], [72.84521876791499, 19.00098771822289], [72.84501066729003, 19.001082185110214], [72.84475464804046, 19.001234153068083], [72.84457392836224, 19.001357371402207], [72.8439126591079, 19.00180232413267], [72.84380313175076, 19.00187762362742], [72.84341568146147, 19.002178822790516], [72.84328014105878, 19.00228971862368], [72.8429077485508, 19.002637467368636], [72.84264488523348, 19.002877057817606], [72.8423779127822, 19.00310843259363], [72.84227660045698, 19.003196055234948], [72.842217729455, 19.00328641500524], [72.84217391891663, 19.003372667255487], [72.84215749029686, 19.003421954294996], [72.84215425177965, 19.003530202003677], [72.8421672559575, 19.003635675678773], [72.84223371942218, 19.003772935715848], [72.84243310741226, 19.003941982652538], [72.84280009877496, 19.00419049735479], [72.8435543093326, 19.004730869777337], [72.84406867480948, 19.00507185443163], [72.84439521031757, 19.005288581251783], [72.84461338163597, 19.00540127935154], [72.84484166830964, 19.005476411086327], [72.84558143032832, 19.005659907209584], [72.84590507570732, 19.005745152620857], [72.84603366691567, 19.00577838424173], [72.84615647908659, 19.005830398616165], [72.84623161109525, 19.005886747714598], [72.84639632413032, 19.00605724043646], [72.84678354268507, 19.006486358773497], [72.84696270371215, 19.00673776284114], [72.8470436150892, 19.006892361733403], [72.84713753019044, 19.007152434182995], [72.8471577576761, 19.007282470286956], [72.84721988689428, 19.00774337685037], [72.84727768082307, 19.00807424720684], [72.84735136763955, 19.00826496734147], [72.8476360025872, 19.00888914065707], [72.84777181763017, 19.00920122827423], [72.84808968506199, 19.009923651083803], [72.84830785724796, 19.01043512675109], [72.8486705125901, 19.011263024829567], [72.84903316980134, 19.01210970490353], [72.8492464405872, 19.012575600191457], [72.8492683631363, 19.012617045876812]]}, "properties": {"OBJECTID": 264, "ID": 534, "WARD_ID": 7, "TYPE": "Mono", "NAME": "Mono Rail", "LKM": 3.84927128, "SHAPE.LEN": 3849.27121352966}}, {"type": "Feature", "id": 265, "geometry": {"type": "LineString", "coordinates": [[72.85367970502986, 19.213025326878913], [72.85373285077021, 19.213286111068395], [72.85379695395345, 19.213711523090296], [72.8539834361705, 19.21482458777954], [72.85413495332865, 19.215640446419407], [72.85430686580094, 19.21656120142373], [72.85441356939138, 19.21704211565834], [72.85450747958079, 19.217331660662097], [72.85467568966807, 19.21796305828381], [72.85489997023166, 19.218760228055306], [72.85497310497475, 19.219001572552813], [72.85505842890346, 19.219533018580695], [72.85515350472505, 19.220032774547107], [72.85525345570942, 19.22065929608185], [72.85534853102469, 19.221278504699196], [72.85550455162956, 19.2221804995567], [72.8556800752819, 19.223077622104217], [72.85578733954944, 19.223665138385368], [72.85588729033753, 19.22412588759743], [72.85602624704113, 19.224798728088295], [72.85614082454394, 19.225330174991942], [72.85628221905816, 19.22612003167782], [72.85634560289442, 19.22645157567099], [72.85646018054028, 19.227061033277444], [72.85664057962661, 19.22793865082358], [72.85682829347344, 19.228908907008], [72.85698918878983, 19.22970120107571], [72.85714277193546, 19.230510560343383], [72.85719152754022, 19.23083235310282], [72.85728416666403, 19.23141011880858], [72.85734023587976, 19.231790420131016], [72.8573719281841, 19.232107337007523], [72.85754338903021, 19.23316074976404], [72.85766040447109, 19.233894535979438], [72.85780667389479, 19.234669765961446], [72.85794326579831, 19.23548038657359], [72.85803650700936, 19.236045659996254], [72.85818510934376, 19.23674205367431], [72.85828417785044, 19.237211173160542], [72.85834199880257, 19.237493607166417]]}, "properties": {"OBJECTID": 265, "ID": 369, "WARD_ID": 18, "TYPE": "Railroad", "NAME": "Western Railway", "LKM": 2.75461021, "SHAPE.LEN": 2754.61022645633}}, {"type": "Feature", "id": 266, "geometry": {"type": "LineString", "coordinates": [[72.85396157120591, 19.213832749940217], [72.85396734209667, 19.213865312787345], [72.85429498643357, 19.215471127736766], [72.85452198152562, 19.216728607402114], [72.85472521941938, 19.217662602235166], [72.85485333858334, 19.21812849235124], [72.85494418754539, 19.218403367846623], [72.85503270613098, 19.21872250226174], [72.85513287279797, 19.219211685725632], [72.85521207404977, 19.21961468140667], [72.85528661590415, 19.22003398122479], [72.8553658172208, 19.2204649296841], [72.85550092571164, 19.221350120401308], [72.85556614953934, 19.22181833933264], [72.85565234022485, 19.2222422989582], [72.8557548356538, 19.222810684616853], [72.85580375361373, 19.223085559347716], [72.85588528492305, 19.223542132121523], [72.85602505119611, 19.22418971824708], [72.85611822991838, 19.224604360394167], [72.85617180700406, 19.22477906886779], [72.85623703163817, 19.22502133212648], [72.8563465155868, 19.2256293183494], [72.856350859731, 19.225649065433952]]}, "properties": {"OBJECTID": 266, "ID": 370, "WARD_ID": 18, "TYPE": "Railroad", "NAME": "Western Railway", "LKM": 1.3330802, "SHAPE.LEN": 1333.08025059358}}, {"type": "Feature", "id": 267, "geometry": {"type": "LineString", "coordinates": [[72.85357085091778, 19.213027348321063], [72.85362358440834, 19.213286110745422], [72.85368768729434, 19.213711523681436], [72.85387416971379, 19.214824588421784], [72.8540256863225, 19.215640447099805], [72.8541975991253, 19.216561202158907], [72.85440447830466, 19.21749361219816], [72.85457347745533, 19.218236626211905], [72.85460264681913, 19.21838777864568]]}, "properties": {"OBJECTID": 267, "ID": 371, "WARD_ID": 18, "TYPE": "Railroad", "NAME": "Western Railway", "LKM": 0.60350192, "SHAPE.LEN": 603.501843771122}}, {"type": "Feature", "id": 268, "geometry": {"type": "LineString", "coordinates": [[72.85746885811291, 19.23152282924655], [72.85747396888802, 19.23175110998989], [72.85749389885, 19.23228444735955]]}, "properties": {"OBJECTID": 268, "ID": 372, "WARD_ID": 18, "TYPE": "Railroad", "NAME": "Western Railway", "LKM": 0.08436924, "SHAPE.LEN": 84.36925467730009}}, {"type": "Feature", "id": 269, "geometry": {"type": "LineString", "coordinates": [[72.85749389885, 19.23228444735955], [72.8574958153486, 19.232335724588783], [72.85750667355, 19.2324153546559], [72.85756329791941, 19.232877149846274], [72.85776157462394, 19.234144819661733], [72.85794039189697, 19.23519929294991], [72.85799789914267, 19.235478201573475], [72.85809114054346, 19.236043474986367], [72.85823974311224, 19.236739868642253], [72.85833881178851, 19.237208987210746], [72.85840116599415, 19.237513563184937]]}, "properties": {"OBJECTID": 269, "ID": 373, "WARD_ID": 18, "TYPE": "Railroad", "NAME": "Western Railway", "LKM": 0.58702026, "SHAPE.LEN": 587.02024167405}}, {"type": "Feature", "id": 270, "geometry": {"type": "LineString", "coordinates": [[72.85733894894427, 19.232231955014353], [72.85724516083495, 19.23194887941002], [72.85717690178717, 19.231607583032876], [72.85703794541129, 19.230932304196145], [72.85691361597367, 19.230237522916322], [72.8567064010607, 19.229108808421483], [72.85652356409142, 19.228165368889254], [72.85634072554505, 19.227224367115205], [72.85621152154289, 19.226634412744247], [72.85605062453878, 19.225898189220427], [72.85588972900132, 19.225096143277323], [72.85581903160349, 19.224645144865224], [72.85575564780873, 19.22420146077896], [72.85561912978976, 19.223455484777237], [72.85546798430994, 19.222729011956137], [72.85534121729293, 19.22205373343897], [72.85510718522212, 19.220786062695744], [72.85493409983586, 19.219776802240116], [72.85489021916467, 19.219540332876363], [72.85473663558456, 19.218826049435574], [72.85460264681913, 19.21838777864568]]}, "properties": {"OBJECTID": 270, "ID": 374, "WARD_ID": 18, "TYPE": "Railroad", "NAME": "Western Railway", "LKM": 1.5603035, "SHAPE.LEN": 1560.30354331498}}, {"type": "Feature", "id": 271, "geometry": {"type": "LineString", "coordinates": [[72.853633541557, 19.213026184230326], [72.85368695902542, 19.213288296674992], [72.85375106208899, 19.2137137087015], [72.85393754399264, 19.214826773407527], [72.85408906092087, 19.21564263206344], [72.85426097408434, 19.216563387097235], [72.85446785267992, 19.217495797088443], [72.85449287316685, 19.217605801354996], [72.8547195713879, 19.218333607577502], [72.85490728416069, 19.2190405779397], [72.85496579168125, 19.219364809260505], [72.85505111597611, 19.219910881582], [72.85519982304444, 19.220673922892964], [72.85530221230334, 19.221327260586296], [72.85544848209544, 19.222170749915165], [72.85559718910955, 19.22293379016663], [72.85576296115632, 19.223789467667668], [72.85586778784827, 19.22432335214559], [72.85601649590853, 19.224986441561224], [72.85613351180845, 19.22563246599557], [72.85629440825525, 19.226475954651605], [72.85638217012468, 19.22698058440359], [72.85649187190886, 19.227516906750065], [72.85666252023155, 19.2284554705721], [72.856852670409, 19.22935502916693], [72.85705501083469, 19.230495932748614], [72.85720859393761, 19.23134917266872], [72.85732804763478, 19.232156093691913], [72.85733894894427, 19.232231955014353]]}, "properties": {"OBJECTID": 271, "ID": 375, "WARD_ID": 18, "TYPE": "Railroad", "NAME": "Western Railway", "LKM": 2.16291786, "SHAPE.LEN": 2162.91784446168}}, {"type": "Feature", "id": 272, "geometry": {"type": "LineString", "coordinates": [[72.85733894894427, 19.232231955014353], [72.85738655530328, 19.232563211166926], [72.85740329508074, 19.232869958559228], [72.85744573719684, 19.23308452961568], [72.85757977122341, 19.233888734453167], [72.8577225463259, 19.23463466104948], [72.85789737446157, 19.235482571814742], [72.85799061456251, 19.23604784523448], [72.85813921765099, 19.236744238942293], [72.85823828602513, 19.23721335844081], [72.8582922221204, 19.237476816721436]]}, "properties": {"OBJECTID": 272, "ID": 376, "WARD_ID": 18, "TYPE": "Railroad", "NAME": "Western Railway", "LKM": 0.58967112, "SHAPE.LEN": 589.6710981624431}}, {"type": "Feature", "id": 273, "geometry": {"type": "LineString", "coordinates": [[72.85460264681913, 19.21838777864568], [72.85470168369578, 19.218900968161577], [72.85479492441074, 19.219463327592067], [72.85483863108512, 19.21977801707581], [72.8548823384005, 19.220191773855362], [72.85496392407892, 19.220631754804256], [72.85513583717196, 19.221453441243742], [72.85534271526207, 19.22243538575627], [72.85557290396034, 19.22354553644125], [72.85568945568508, 19.224186568746262], [72.8557244207081, 19.224483774559605], [72.85588176498412, 19.225413270583743], [72.85609738527728, 19.22641269734962], [72.85636545284089, 19.227581124249063], [72.85660729666253, 19.228825309107485], [72.85679960598779, 19.229880098066737], [72.85695695029074, 19.230719267073287], [72.85713940788773, 19.23166973735145], [72.85723667324412, 19.23225483017159], [72.85727746660909, 19.23255203543033], [72.85738236242513, 19.233082344341398], [72.85751639709969, 19.233886548303516], [72.85765917189781, 19.234632475824725], [72.85783399874938, 19.235480386607946], [72.85792723958009, 19.23604566005017], [72.85807584239453, 19.236742053783612], [72.85817491154667, 19.23721117240706], [72.8582246283495, 19.237454017977814]]}, "properties": {"OBJECTID": 273, "ID": 377, "WARD_ID": 18, "TYPE": "Railroad", "NAME": "Western Railway", "LKM": 2.14571002, "SHAPE.LEN": 2145.71006803142}}, {"type": "Feature", "id": 274, "geometry": {"type": "LineString", "coordinates": [[72.85746885811291, 19.23152282924655], [72.85739220683175, 19.230790199195884], [72.85731891167276, 19.230309711212612], [72.85719946826062, 19.229679918094053], [72.85709088397249, 19.229115276869283], [72.85693343528821, 19.228273742902292], [72.85671355068227, 19.227190607921425], [72.85664297105055, 19.226897429203113], [72.85650995447597, 19.226400652723566], [72.85641222823998, 19.226064039594156], [72.85635250602877, 19.225749142889416], [72.856350859731, 19.225649065433952]]}, "properties": {"OBJECTID": 274, "ID": 378, "WARD_ID": 18, "TYPE": "Railroad", "NAME": "Western Railway", "LKM": 0.6616676, "SHAPE.LEN": 661.6675739535721}}, {"type": "Feature", "id": 275, "geometry": {"type": "LineString", "coordinates": [[72.856350859731, 19.225649065433952], [72.8564233869436, 19.225978735643373], [72.85653520134592, 19.22627923385362], [72.8567681454307, 19.22686159680406], [72.85685200627638, 19.227234308394834], [72.85696381964841, 19.22790286009388], [72.85712222189592, 19.228739132047835], [72.85729460092543, 19.229545121758285], [72.85741107375942, 19.230155436760114], [72.85745067472162, 19.230474571569328], [72.85746930995607, 19.230698199030446], [72.8574786274051, 19.230924155292374], [72.85747163969698, 19.231131476378458], [72.85746698021786, 19.23143896328417], [72.85746885811291, 19.23152282924655]]}, "properties": {"OBJECTID": 275, "ID": 379, "WARD_ID": 18, "TYPE": "Railroad", "NAME": "Western Railway", "LKM": 0.66427605, "SHAPE.LEN": 664.276043965052}}, {"type": "Feature", "id": 276, "geometry": {"type": "LineString", "coordinates": [[72.85387310936198, 19.213837795129802], [72.85403807020427, 19.21482240158402], [72.8541895866739, 19.21563826109677], [72.85436149945531, 19.21655901607926], [72.85442974603285, 19.216866607229544], [72.85476478593532, 19.218075157103222], [72.85488223453636, 19.218437574429515], [72.855009751754, 19.21889730541993], [72.85510035641627, 19.21942079515863], [72.85528156471162, 19.220393950312545], [72.85541579259852, 19.221333548709044], [72.85558357824576, 19.222219455375264], [72.85592250492287, 19.224001335631744], [72.85610035743144, 19.224850330403356], [72.85617753754188, 19.22511207491085], [72.85627485413261, 19.225689256134174], [72.85642586014814, 19.22631341791452], [72.85652988779307, 19.226753014552884], [72.85668089412884, 19.227420801292066], [72.85678492086559, 19.227954359104793], [72.85704331027185, 19.229212749452234], [72.85716747187777, 19.22986375643308], [72.85726478742403, 19.230427515128987], [72.85736210301788, 19.230984562668834], [72.85740908272079, 19.2314577171452], [72.85749389885, 19.23228444735955]]}, "properties": {"OBJECTID": 276, "ID": 380, "WARD_ID": 18, "TYPE": "Railroad", "NAME": "Western Railway", "LKM": 2.0794731, "SHAPE.LEN": 2079.47310021793}}, {"type": "Feature", "id": 277, "geometry": {"type": "LineString", "coordinates": [[72.83320495031538, 18.971067148183707], [72.83329807273721, 18.97078096919827]]}, "properties": {"OBJECTID": 277, "ID": 420, "WARD_ID": 5, "TYPE": "Railroad", "NAME": "Central Railway", "LKM": 0.03316899, "SHAPE.LEN": 33.168974700011496}}, {"type": "Feature", "id": 278, "geometry": {"type": "LineString", "coordinates": [[72.84284633641381, 18.9831428211567], [72.8428754394523, 18.98301969170939], [72.84310301378196, 18.98214114700797], [72.84338615931932, 18.98103767397906], [72.84365078077175, 18.97995272515887], [72.84387570907255, 18.979045071683434], [72.84394980397391, 18.978727525607987], [72.844240887709, 18.977531435084323], [72.84451344653708, 18.976430609157095], [72.84464148562506, 18.975806967676323], [72.84465240897156, 18.975740397886685], [72.84513135238524, 18.973665326327364], [72.84517595484388, 18.973218494110924], [72.84517373714924, 18.97299652914817], [72.8451662011378, 18.972793802323892], [72.84510882825917, 18.97252294669217], [72.84496662023483, 18.972144961128667], [72.84474650914551, 18.971515180881283], [72.84459082654148, 18.971001945269855], [72.8445529306479, 18.97079403890911], [72.84449841202434, 18.970301279086428], [72.84444444014268, 18.968583037778416], [72.84441474902785, 18.967342730307685], [72.84438552058067, 18.966855089120408], [72.84434809304958, 18.96664691269804], [72.84425241901472, 18.966338122069008], [72.84417567940336, 18.966118486280347], [72.84409099982457, 18.965909436433332], [72.84388194886033, 18.965589242742105], [72.84378403898148, 18.965446347376854], [72.8436199732905, 18.965255820418633], [72.8431648237162, 18.964763622731095], [72.84285786154787, 18.96443284522369], [72.8424238834584, 18.963975050437835], [72.84238389253183, 18.963933380433115]]}, "properties": {"OBJECTID": 278, "ID": 421, "WARD_ID": 5, "TYPE": "Railroad", "NAME": "Harbour Railway", "LKM": 2.23434775, "SHAPE.LEN": 2234.3477602923904}}, {"type": "Feature", "id": 279, "geometry": {"type": "LineString", "coordinates": [[72.83320495031538, 18.971067148183707], [72.83317018659511, 18.971173985233154], [72.83301815714852, 18.971744092275653], [72.83296748131839, 18.972027034636383], [72.83289991340733, 18.97289275285869], [72.8328365679678, 18.973737356114782], [72.83284923670652, 18.9741596582713], [72.83285768289956, 18.97472131890825], [72.83287457453706, 18.975671498222553], [72.83288302123583, 18.976169814235096], [72.83288724396425, 18.9768328277647], [72.83289146689636, 18.977373373969442], [72.83288724375583, 18.978327775203372], [72.83291680564635, 18.97928217718343], [72.83293792005615, 18.97974248596692], [72.8329548125676, 18.980105664999613], [72.83298859623436, 18.980920707552464], [72.83297592779988, 18.98137679363926], [72.83295903580158, 18.982120044399885], [72.83298705693336, 18.982896005873233], [72.83300002309186, 18.98379933725908], [72.83300434532063, 18.98424451933543], [72.83300002373397, 18.984802077363163], [72.83300434529282, 18.98527319190347], [72.83300002357551, 18.986548227685773], [72.83300434586013, 18.98688967872552], [72.83298970398627, 18.987944065993645]]}, "properties": {"OBJECTID": 279, "ID": 422, "WARD_ID": 5, "TYPE": "Railroad", "NAME": "Central Railway", "LKM": 1.87247018, "SHAPE.LEN": 1872.47017745914}}, {"type": "Feature", "id": 280, "geometry": {"type": "LineString", "coordinates": [[72.83830531832265, 18.964484542763163], [72.83808653016911, 18.964758895593416], [72.83796304009569, 18.96490002756602], [72.83781485101566, 18.96506232987221], [72.83755022976565, 18.965323424414944], [72.83689820611325, 18.965896009048723], [72.83648329436285, 18.96621273505172], [72.83597336519938, 18.96666248656706], [72.83545710105487, 18.967102735955212], [72.83492500246993, 18.96763483614864], [72.83474763409366, 18.967840708103207], [72.83440240263315, 18.968274622830652], [72.83420603242574, 18.96854383968179], [72.83387030306928, 18.969101278332147], [72.83349339840257, 18.969839250142186], [72.83330969690816, 18.970222490444293], [72.8331133271113, 18.970783095074335], [72.83291695717256, 18.971426049399522], [72.83286944802678, 18.971616084437446], [72.83282827331415, 18.97185046227266], [72.8327269209573, 18.972889324282058], [72.83269208112338, 18.973427758594205], [72.83267307773635, 18.973915517599824], [72.83263823787736, 18.97477701280661], [72.83260973211607, 18.975736693012387], [72.83261923445124, 18.976268793224857], [72.83266357526676, 18.977447014877182], [72.8327015828089, 18.97923018401324], [72.83271425180928, 18.980278547217544], [72.83273008863529, 18.981463104430386], [72.83274909182167, 18.982251752207482], [72.83277606505587, 18.982896412919196], [72.83274025810711, 18.98361672322704], [72.83270376422973, 18.984731441609323], [72.83272035253408, 18.985444729260866], [72.83276438630368, 18.98654696279577], [72.83273461571481, 18.98767279016287]]}, "properties": {"OBJECTID": 280, "ID": 423, "WARD_ID": 5, "TYPE": "Railroad", "NAME": "Central Railway", "LKM": 2.77474548, "SHAPE.LEN": 2774.74552288749}}, {"type": "Feature", "id": 281, "geometry": {"type": "LineString", "coordinates": [[72.83834711508457, 18.96453253399129], [72.83821766460612, 18.96468401843529], [72.83801537637181, 18.96494275936449], [72.8378083827383, 18.96517327507793], [72.83742732726812, 18.965530807955346], [72.83704510135188, 18.965860902328046], [72.83654447525782, 18.966231473406754], [72.83610620554477, 18.966605605039803], [72.83572850980947, 18.966926290207784], [72.83538822693691, 18.96722737836852], [72.83522075773341, 18.967407318377457], [72.83496064610009, 18.967676337614], [72.83465777640049, 18.96802730957645], [72.83426761000086, 18.96856534835426], [72.83394157997752, 18.96911051329216], [72.83375807747414, 18.96945257789023], [72.83355675765586, 18.969842744563227], [72.83337147209316, 18.97024182039909], [72.83326992185422, 18.97052509262461], [72.83308998165519, 18.971061349704836], [72.832991995458, 18.971398069426762], [72.83290825992957, 18.9717526046047], [72.8328815362718, 18.97190938377293], [72.83282987057638, 18.97243851463251], [72.83278354967622, 18.972914198078772], [72.83273544654998, 18.97343442103098], [72.83272119376699, 18.973751543405026], [72.83271228575234, 18.974131020607963], [72.83269625113492, 18.974596014302776], [72.8326899503248, 18.975030589099596], [72.83268559646989, 18.976065293938756], [72.83273627159365, 18.97769115574501], [72.83277018737719, 18.9789157648898], [72.83279130280135, 18.98001797177491], [72.83280819404118, 18.981023049717525], [72.83283775560798, 18.98202812781707], [72.83284620154022, 18.982471543573254], [72.8328539894009, 18.983019303106637], [72.83282983302945, 18.98399824942718], [72.83283315146916, 18.984827652609134], [72.83282983312876, 18.98535847144213], [72.83283978587397, 18.985902560064556], [72.83283978612442, 18.986801633093858], [72.83284490388323, 18.98779694115967]]}, "properties": {"OBJECTID": 281, "ID": 424, "WARD_ID": 5, "TYPE": "Railroad", "NAME": "Central Railway", "LKM": 2.78293549, "SHAPE.LEN": 2782.93551117971}}, {"type": "Feature", "id": 282, "geometry": {"type": "LineString", "coordinates": [[72.83839668210689, 18.96458961779903], [72.83822707363534, 18.964801628092843], [72.83781308699643, 18.965276771449194], [72.83749318908626, 18.965587261199186], [72.83715829799088, 18.96584242661182], [72.8364868379063, 18.966330184932374], [72.83570769173413, 18.967001645255877], [72.83539096494619, 18.967296199921254], [72.83502039500885, 18.96769210790974], [72.834687832799, 18.968078513610614], [72.83443761881945, 18.968414244053086], [72.83422857974388, 18.96874047189764], [72.83406388164323, 18.969012856326067], [72.83389760054868, 18.969287352824434], [72.83361888153146, 18.969887021090297], [72.83350063846987, 18.97015729361657], [72.83340350801734, 18.97036844458904], [72.83328526370055, 18.970651386896517], [72.83313323505152, 18.971115918604518], [72.83301499027375, 18.971500213428193], [72.83294742183244, 18.97182960866672], [72.83290941354377, 18.972108326585403], [72.8328038392602, 18.973404793566523], [72.83276583257509, 18.97405513788404], [72.83278272466106, 18.97447321704915], [72.83279117029988, 18.9750686622009], [72.83282073125272, 18.975816136147454], [72.83282073124985, 18.976538271752354], [72.83284184629021, 18.97761091795938], [72.83284184661764, 18.978700456181716], [72.83285873915905, 18.97936769338947], [72.83290096887536, 18.98015317458745], [72.8329389759374, 18.980925985999033], [72.8329220840412, 18.982125323014593], [72.83291363752934, 18.98286435140457], [72.83293053046647, 18.98389476735101], [72.83291786108296, 18.98463801766561], [72.83292630663138, 18.98582468560873], [72.83293052988377, 18.986234317850606], [72.83292630742059, 18.98683820856908], [72.83292630707616, 18.9875476762002], [72.83292208413619, 18.987881294332013], [72.83292209866539, 18.987883839879917]]}, "properties": {"OBJECTID": 282, "ID": 425, "WARD_ID": 5, "TYPE": "Railroad", "NAME": "Central Railway", "LKM": 2.78758402, "SHAPE.LEN": 2787.5840540481104}}, {"type": "Feature", "id": 283, "geometry": {"type": "LineString", "coordinates": [[72.83329807273721, 18.97078096919827], [72.83334333023132, 18.97064188482306], [72.83365161000435, 18.969919749680194], [72.83388387591496, 18.969446771016962], [72.83406546613466, 18.969121599233745], [72.83420482480618, 18.96889777935154], [72.83435685420922, 18.96866129026061], [72.83446242904859, 18.968505038947253], [72.83462712715784, 18.96828966506547], [72.83477493283459, 18.96809540589281], [72.83498608321291, 18.96783357903901], [72.83526057912428, 18.96753796795996], [72.83557730592784, 18.967204349404973], [72.83608829069496, 18.966739817983196], [72.83656549116498, 18.96633018512157], [72.83702580080512, 18.96600501254628], [72.8372453976217, 18.965882544997385], [72.83748377976528, 18.965704870609947], [72.83765313854288, 18.96555903477188], [72.83793069673979, 18.965267362185152], [72.8381988468374, 18.964947464369107], [72.83844121469984, 18.964641022749678]]}, "properties": {"OBJECTID": 283, "ID": 426, "WARD_ID": 5, "TYPE": "Railroad", "NAME": "Central Railway", "LKM": 0.88372123, "SHAPE.LEN": 883.721246917123}}, {"type": "Feature", "id": 284, "geometry": {"type": "LineString", "coordinates": [[72.83329807273721, 18.97078096919827], [72.83376352042298, 18.970072716039006], [72.83439415696279, 18.969233743326477], [72.83492344192965, 18.968721351365037], [72.83579619867304, 18.96784859420063], [72.83651129586907, 18.967105343324445], [72.83700116633523, 18.966457813888614], [72.83749666554284, 18.9658665918479], [72.837659849539, 18.965662469658586], [72.83809667844938, 18.965142526102127], [72.83832350364463, 18.964859488317877], [72.83847687997756, 18.964679991076622]]}, "properties": {"OBJECTID": 284, "ID": 427, "WARD_ID": 5, "TYPE": "Railroad", "NAME": "Central Railway", "LKM": 0.87032748, "SHAPE.LEN": 870.327504542104}}, {"type": "Feature", "id": 285, "geometry": {"type": "LineString", "coordinates": [[72.83320495031538, 18.971067148183707], [72.83361712244601, 18.970472494560926], [72.83433785032382, 18.96950401556777], [72.83495159520828, 18.968901533011188], [72.83539078890384, 18.96850175414372], [72.83576804481764, 18.96814702107835], [72.83630296031824, 18.96761773605323], [72.83679283021833, 18.967088451407506], [72.83710814854089, 18.966750609646493], [72.83747977514696, 18.96623258559277], [72.83775968609345, 18.965787175152283], [72.83812848786964, 18.965193085299312], [72.8385095672807, 18.964712461809274]]}, "properties": {"OBJECTID": 285, "ID": 428, "WARD_ID": 5, "TYPE": "Railroad", "NAME": "Central Railway", "LKM": 0.9023944700000001, "SHAPE.LEN": 902.39449532608}}, {"type": "Feature", "id": 286, "geometry": {"type": "LineString", "coordinates": [[72.82304438162699, 18.980097791740995], [72.82293474364856, 18.97992360965619], [72.82218413353628, 18.97869493227849], [72.82132182456273, 18.97710435254407], [72.82053100546024, 18.975232296639508], [72.81990996403727, 18.973431725903474], [72.81942296110955, 18.971546265183978], [72.81910127111965, 18.9701522754097], [72.8187929848329, 18.969281032158165], [72.81866554376703, 18.969008952917942]]}, "properties": {"OBJECTID": 286, "ID": 429, "WARD_ID": 5, "TYPE": "Railroad", "NAME": "Western Railway", "LKM": 1.31892664, "SHAPE.LEN": 1318.92661330981}}, {"type": "Feature", "id": 287, "geometry": {"type": "LineString", "coordinates": [[72.82304438162699, 18.980097791740995], [72.82295363054315, 18.97976791231665], [72.8222681445978, 18.97798174871584], [72.82141268114141, 18.975830549870977], [72.82096687165813, 18.97495537436391], [72.82059347713911, 18.974328406188707], [72.8204290721024, 18.974155641386986], [72.82036219472627, 18.973977303596975], [72.82032039719964, 18.973882561675307], [72.82015320569938, 18.973222155048777], [72.82014205952882, 18.973174783736695]]}, "properties": {"OBJECTID": 287, "ID": 430, "WARD_ID": 5, "TYPE": "Railroad", "NAME": "Western Railway", "LKM": 0.8291336, "SHAPE.LEN": 829.133594021167}}, {"type": "Feature", "id": 288, "geometry": {"type": "LineString", "coordinates": [[72.84232578452682, 18.96395139837488], [72.84245092360256, 18.96408255206086], [72.84272629574721, 18.964389182882883], [72.84298231735538, 18.964663066016556], [72.84327852866565, 18.96498607024712], [72.8436387446646, 18.96539391857061], [72.84374442781876, 18.96552937218207], [72.84394090981165, 18.965830048284317], [72.84409418062513, 18.966093678782194], [72.84418097183234, 18.966330184435403], [72.84427623563737, 18.96665831461561], [72.84435023497437, 18.9670972752394], [72.84436447115958, 18.967334791614494], [72.84439416190624, 18.9685750990573], [72.84444813422607, 18.970293340341076], [72.84450265270004, 18.97078610016408], [72.84454054946703, 18.970994007443092], [72.84469623096994, 18.971507242167082], [72.84491634186809, 18.97213702155192], [72.84505854975832, 18.972515008045615], [72.8451159225526, 18.972785863684837], [72.8451234594413, 18.972988591419444], [72.8451256770935, 18.9732105545701], [72.84508107354553, 18.9736573876538], [72.84460213145499, 18.975732459047308], [72.84393274402248, 18.978330697872096], [72.84340768286845, 18.9807247086174], [72.84313482843913, 18.981797308972403], [72.84277996419021, 18.983153070897465]]}, "properties": {"OBJECTID": 288, "ID": 431, "WARD_ID": 5, "TYPE": "Railroad", "NAME": "Harbour Railway", "LKM": 2.23286701, "SHAPE.LEN": 2232.86696789212}}, {"type": "Feature", "id": 289, "geometry": {"type": "LineString", "coordinates": [[72.84644649238, 18.981792890034605], [72.84573283491115, 18.980308328612413], [72.8451886213965, 18.97921090843728], [72.84483330885192, 18.978477794930388], [72.84470737538736, 18.978212434868148], [72.84461742275215, 18.97792008870891], [72.84455895431964, 18.977699705387728], [72.84454096254264, 18.97749281391834], [72.84456794942078, 18.977047549319757], [72.84458593961739, 18.97672821767699], [72.84468938518543, 18.976053573395156], [72.84477933745077, 18.975608309163984], [72.84511665971861, 18.974268016122096], [72.84540450845736, 18.972945713595923], [72.84552144605168, 18.97246896498373]]}, "properties": {"OBJECTID": 289, "ID": 432, "WARD_ID": 5, "TYPE": "Railroad", "NAME": "Harbour Railway", "LKM": 1.08535555, "SHAPE.LEN": 1085.35556925397}}, {"type": "Feature", "id": 290, "geometry": {"type": "LineString", "coordinates": [[72.82285611234524, 18.98002016468862], [72.82304197369088, 18.980303382591206], [72.82306925870044, 18.980345077910606]]}, "properties": {"OBJECTID": 290, "ID": 433, "WARD_ID": 5, "TYPE": "Railroad", "NAME": "Western Railway", "LKM": 0.04240503, "SHAPE.LEN": 42.4050171645342}}, {"type": "Feature", "id": 291, "geometry": {"type": "LineString", "coordinates": [[72.81874191887614, 18.969432969065476], [72.81891361901073, 18.969902072003272], [72.81931126304497, 18.972091351034152], [72.81943189657565, 18.972667712279723], [72.8197491189367, 18.973637250059888], [72.82026224411683, 18.974948205667616]]}, "properties": {"OBJECTID": 291, "ID": 434, "WARD_ID": 5, "TYPE": "Railroad", "NAME": "Western Railway", "LKM": 0.63336633, "SHAPE.LEN": 633.366300767132}}, {"type": "Feature", "id": 292, "geometry": {"type": "LineString", "coordinates": [[72.82304438162699, 18.980097791740995], [72.82316435761793, 18.980371918352322]]}, "properties": {"OBJECTID": 292, "ID": 419, "WARD_ID": 5, "TYPE": "Railroad", "NAME": "Western Railway", "LKM": 0.03287683, "SHAPE.LEN": 32.8768858732089}}]}