{
  "type": "FeatureCollection",
  "name": "temporary_shelters",
  "features": [
    {
      "type": "Feature",
      "id": 1,
      "geometry": {
        "type": "Point",
        "coordinates": [72.82681009962018, 18.94874860024892]
      },
      "properties": {
        "OBJECTID": 1,
        "NAME": "183 Barretto High school, 183A Pius X Mansion",
        "TYPE": 4,
        "LOCATION": "Dr. Viegas Street, Near Swadeshi Market, Opposite Of Vardhman Sillk shop, Kalbadevi, Mumbai, 400002",
        "ELEVATOR_CONTACT_LIST": null,
        "ELEVATOR_INTERCOM": null,
        "WORKING_HRS": null,
        "EMPLOYEE_QTY": null,
        "EMPLOYEE_MALE": null,
        "EMPLOYEE_FEMALE": null,
        "EMPLOYEE_DIF_ABLE": null,
        "WORKING_HRS_STR": null,
        "WORKING_HRS_STP": null
      }
    },
    {
      "type": "Feature",
      "id": 2,
      "geometry": {
        "type": "Point",
        "coordinates": [72.82572510045523, 18.950710900190813]
      },
      "properties": {
        "OBJECTID": 2,
        "NAME": "Sitaram Poddar Balika pre primary and primary School",
        "TYPE": 4,
        "LOCATION": "Sitaram Poddar Road, Sitaram Poddar Road, Near Fanaswadi Play Ground, Kalbadevi, Mumbai, 400002",
        "ELEVATOR_CONTACT_LIST": null,
        "ELEVATOR_INTERCOM": null,
        "WORKING_HRS": null,
        "EMPLOYEE_QTY": null,
        "EMPLOYEE_MALE": null,
        "EMPLOYEE_FEMALE": null,
        "EMPLOYEE_DIF_ABLE": null,
        "WORKING_HRS_STR": null,
        "WORKING_HRS_STP": null
      }
    },
    {
      "type": "Feature",
      "id": 3,
      "geometry": {
        "type": "Point",
        "coordinates": [72.82588029975841, 18.950835400312364]
      },
      "properties": {
        "OBJECTID": 3,
        "NAME": "South Girgaon Municipal Primary Marathi School",
        "TYPE": 1,
        "LOCATION": "Sitaram Poddar Balika Vidyalaya, 3 rd floor, S.P. marg, Fanaswadi, Mumbai. 400 002.",
        "ELEVATOR_CONTACT_LIST": null,
        "ELEVATOR_INTERCOM": null,
        "WORKING_HRS": null,
        "EMPLOYEE_QTY": null,
        "EMPLOYEE_MALE": null,
        "EMPLOYEE_FEMALE": null,
        "EMPLOYEE_DIF_ABLE": null,
        "WORKING_HRS_STR": null,
        "WORKING_HRS_STP": null
      }
    },
    {
      "type": "Feature",
      "id": 4,
      "geometry": {
        "type": "Point",
        "coordinates": [72.82849859976842, 18.955668800337897]
      },
      "properties": {
        "OBJECTID": 4,
        "NAME": "Chotalal Dalsukhram Municipal Primary Gujrati School",
        "TYPE": 1,
        "LOCATION": "3rd Panjarpole Road, Near Sun Temple, Marine Lines East, Gulal Wadi, Bhuleshwar, Kalbadevi, Mumbai, 400004",
        "ELEVATOR_CONTACT_LIST": null,
        "ELEVATOR_INTERCOM": null,
        "WORKING_HRS": null,
        "EMPLOYEE_QTY": null,
        "EMPLOYEE_MALE": null,
        "EMPLOYEE_FEMALE": null,
        "EMPLOYEE_DIF_ABLE": null,
        "WORKING_HRS_STR": null,
        "WORKING_HRS_STP": null
      }
    },
    {
      "type": "Feature",
      "id": 5,
      "geometry": {
        "type": "Point",
        "coordinates": [72.82671390654305, 18.957058709386857]
      },
      "properties": {
        "OBJECTID": 5,
        "NAME": "Sindhi Lane Primary Municipal Marathi School",
        "TYPE": 1,
        "LOCATION": "Patthe Bapurao Road, Backside of Islampura Masjid, Bhuleshwar, Kalbadevi, Mumbai, 400004",
        "ELEVATOR_CONTACT_LIST": null,
        "ELEVATOR_INTERCOM": null,
        "WORKING_HRS": null,
        "EMPLOYEE_QTY": null,
        "EMPLOYEE_MALE": null,
        "EMPLOYEE_FEMALE": null,
        "EMPLOYEE_DIF_ABLE": null,
        "WORKING_HRS_STR": null,
        "WORKING_HRS_STP": null
      }
    },
    {
      "type": "Feature",
      "id": 6,
      "geometry": {
        "type": "Point",
        "coordinates": [72.82825769961579, 18.95123260043391]
      },
      "properties": {
        "OBJECTID": 6,
        "NAME": "Mahapragya Public School,Acharya Mahapragya vidhya Nidhi Foundation",
        "TYPE": 4,
        "LOCATION": "Dadiseth Agiary Street, Near Adarsh Baug Hotel, Marine Lines East, Fanas Wadi, Kalbadevi, Mumbai, 400002",
        "ELEVATOR_CONTACT_LIST": null,
        "ELEVATOR_INTERCOM": null,
        "WORKING_HRS": null,
        "EMPLOYEE_QTY": null,
        "EMPLOYEE_MALE": null,
        "EMPLOYEE_FEMALE": null,
        "EMPLOYEE_DIF_ABLE": null,
        "WORKING_HRS_STR": null,
        "WORKING_HRS_STP": null
      }
    },
    {
      "type": "Feature",
      "id": 7,
      "geometry": {
        "type": "Point",
        "coordinates": [72.82426859958191, 18.949360999624698]
      },
      "properties": {
        "OBJECTID": 7,
        "NAME": "Student Litlary And Scientific Society,Namdar Jagannath Shankar Seth Girls Marathi School",
        "TYPE": 4,
        "LOCATION": "J S S Road, Near Shankar Bari Lane, Thakurdwar, Kalbadevi, Mumbai, 400002",
        "ELEVATOR_CONTACT_LIST": null,
        "ELEVATOR_INTERCOM": null,
        "WORKING_HRS": null,
        "EMPLOYEE_QTY": null,
        "EMPLOYEE_MALE": null,
        "EMPLOYEE_FEMALE": null,
        "EMPLOYEE_DIF_ABLE": null,
        "WORKING_HRS_STR": null,
        "WORKING_HRS_STP": null
      }
    },
    {
      "type": "Feature",
      "id": 8,
      "geometry": {
        "type": "Point",
        "coordinates": [72.82638791014544, 18.946615827028154]
      },
      "properties": {
        "OBJECTID": 8,
        "NAME": "Chandanwadi Muncipal Primary Marathi School",
        "TYPE": 1,
        "LOCATION": "Chandanwadi Street, Near Ropa Lane, Chandan Wadi Rd, Kamathi Wada, Marine Lines, Mumbai, 400002",
        "ELEVATOR_CONTACT_LIST": null,
        "ELEVATOR_INTERCOM": null,
        "WORKING_HRS": null,
        "EMPLOYEE_QTY": null,
        "EMPLOYEE_MALE": null,
        "EMPLOYEE_FEMALE": null,
        "EMPLOYEE_DIF_ABLE": null,
        "WORKING_HRS_STR": null,
        "WORKING_HRS_STP": null
      }
    },
    {
      "type": "Feature",
      "id": 9,
      "geometry": {
        "type": "Point",
        "coordinates": [72.82689199965353, 18.945511999789822]
      },
      "properties": {
        "OBJECTID": 9,
        "NAME": "268, Bai Manekbai Nowrosji Gamudia Parsi Girls School",
        "TYPE": 4,
        "LOCATION": "Shamaldas Gandhi Marg, Opposite Of Parsi Mithaiwala, Chandan Wadi, Sonapur, Marine Lines, Marine Lines, Mumbai, 400002",
        "ELEVATOR_CONTACT_LIST": null,
        "ELEVATOR_INTERCOM": null,
        "WORKING_HRS": null,
        "EMPLOYEE_QTY": null,
        "EMPLOYEE_MALE": null,
        "EMPLOYEE_FEMALE": null,
        "EMPLOYEE_DIF_ABLE": null,
        "WORKING_HRS_STR": null,
        "WORKING_HRS_STP": null
      }
    },
    {
      "type": "Feature",
      "id": 10,
      "geometry": {
        "type": "Point",
        "coordinates": [72.82304499983618, 18.949121000307876]
      },
      "properties": {
        "OBJECTID": 10,
        "NAME": "St. Sebastian Goan High School",
        "TYPE": 4,
        "LOCATION": "St Francis Xavier Street, Near S K Patil Udyan, Dabul, Thakurdwar, Kalbadevi, Mumbai, 400002",
        "ELEVATOR_CONTACT_LIST": null,
        "ELEVATOR_INTERCOM": null,
        "WORKING_HRS": null,
        "EMPLOYEE_QTY": null,
        "EMPLOYEE_MALE": null,
        "EMPLOYEE_FEMALE": null,
        "EMPLOYEE_DIF_ABLE": null,
        "WORKING_HRS_STR": null,
        "WORKING_HRS_STP": null
      }
    },
    {
      "type": "Feature",
      "id": 11,
      "geometry": {
        "type": "Point",
        "coordinates": [72.82262599991857, 18.950024999707754]
      },
      "properties": {
        "OBJECTID": 11,
        "NAME": "Students' Literary & Scientific Society's",
        "TYPE": 4,
        "LOCATION": "Nawroji Seth Lane, Near S K Patil Udyan, Thakurdwar, Kalbadevi, Mumbai, 400002",
        "ELEVATOR_CONTACT_LIST": null,
        "ELEVATOR_INTERCOM": null,
        "WORKING_HRS": null,
        "EMPLOYEE_QTY": null,
        "EMPLOYEE_MALE": null,
        "EMPLOYEE_FEMALE": null,
        "EMPLOYEE_DIF_ABLE": null,
        "WORKING_HRS_STR": null,
        "WORKING_HRS_STP": null
      }
    },
    {
      "type": "Feature",
      "id": 12,
      "geometry": {
        "type": "Point",
        "coordinates": [72.8249586999826, 18.95556099972601]
      },
      "properties": {
        "OBJECTID": 12,
        "NAME": "Chandaramji High school",
        "TYPE": 4,
        "LOCATION": "Vitthalbhai Patel Road, Above Bank of India, Ambewadi, Girgaon, Mumbai, 400004",
        "ELEVATOR_CONTACT_LIST": null,
        "ELEVATOR_INTERCOM": null,
        "WORKING_HRS": null,
        "EMPLOYEE_QTY": null,
        "EMPLOYEE_MALE": null,
        "EMPLOYEE_FEMALE": null,
        "EMPLOYEE_DIF_ABLE": null,
        "WORKING_HRS_STR": null,
        "WORKING_HRS_STP": null
      }
    },
    {
      "type": "Feature",
      "id": 13,
      "geometry": {
        "type": "Point",
        "coordinates": [72.85047993142527, 19.025120505328662]
      },
      "properties": {
        "OBJECTID": 13,
        "NAME": "Welingkar Institute Of Mangement Development of Research ",
        "TYPE": 4,
        "LOCATION": "Lakhamis Napoo Road, Opposite Of osite Of Matunga Gymkhana, Dadar, Matunga East, Mumbai, 400019",
        "ELEVATOR_CONTACT_LIST": null,
        "ELEVATOR_INTERCOM": null,
        "WORKING_HRS": null,
        "EMPLOYEE_QTY": null,
        "EMPLOYEE_MALE": null,
        "EMPLOYEE_FEMALE": null,
        "EMPLOYEE_DIF_ABLE": null,
        "WORKING_HRS_STR": null,
        "WORKING_HRS_STP": null
      }
    },
    {
      "type": "Feature",
      "id": 15,
      "geometry": {
        "type": "Point",
        "coordinates": [72.85013224902734, 19.023750272802022]
      },
      "properties": {
        "OBJECTID": 15,
        "NAME": "Ramnivas Ruia Junior CollageOf Arts & Science ",
        "TYPE": 4,
        "LOCATION": "Lakhamis Napoo Road, Next To Ramniranjan Potdar Collage, Dadar East, Matunga East, Mumbai, 400019",
        "ELEVATOR_CONTACT_LIST": null,
        "ELEVATOR_INTERCOM": null,
        "WORKING_HRS": null,
        "EMPLOYEE_QTY": null,
        "EMPLOYEE_MALE": null,
        "EMPLOYEE_FEMALE": null,
        "EMPLOYEE_DIF_ABLE": null,
        "WORKING_HRS_STR": null,
        "WORKING_HRS_STP": null
      }
    },
    {
      "type": "Feature",
      "id": 16,
      "geometry": {
        "type": "Point",
        "coordinates": [72.8476329997865, 19.02245500040727]
      },
      "properties": {
        "OBJECTID": 16,
        "NAME": "Padmavibhushan Tarabai Modak Vdya Mandir ",
        "TYPE": 4,
        "LOCATION": "Lakhamis Napoo Road, Opposite Of osite Rajeshivaji School, Near Light Pol No LNR 42, Hindu Coloney, Dadar East, Mumbai, 400014",
        "ELEVATOR_CONTACT_LIST": null,
        "ELEVATOR_INTERCOM": null,
        "WORKING_HRS": null,
        "EMPLOYEE_QTY": null,
        "EMPLOYEE_MALE": null,
        "EMPLOYEE_FEMALE": null,
        "EMPLOYEE_DIF_ABLE": null,
        "WORKING_HRS_STR": null,
        "WORKING_HRS_STP": null
      }
    },
    {
      "type": "Feature",
      "id": 17,
      "geometry": {
        "type": "Point",
        "coordinates": [72.84821782314721, 19.02189285075778]
      },
      "properties": {
        "OBJECTID": 17,
        "NAME": "IES Raja Shivaji Vidya Sankul ",
        "TYPE": 4,
        "LOCATION": "Sir Bhalchandra Road, Opposite Of Padmabhusha Tarabai Modak Vdya Mandir, Near Hindu Coloney, Dadar East, Mumbai, 400014",
        "ELEVATOR_CONTACT_LIST": null,
        "ELEVATOR_INTERCOM": null,
        "WORKING_HRS": null,
        "EMPLOYEE_QTY": null,
        "EMPLOYEE_MALE": null,
        "EMPLOYEE_FEMALE": null,
        "EMPLOYEE_DIF_ABLE": null,
        "WORKING_HRS_STR": null,
        "WORKING_HRS_STP": null
      }
    },
    {
      "type": "Feature",
      "id": 18,
      "geometry": {
        "type": "Point",
        "coordinates": [72.85352189139189, 19.01800519182262]
      },
      "properties": {
        "OBJECTID": 18,
        "NAME": "Plot No. 657,The Dadar Parsee Youth Assembly High School",
        "TYPE": 4,
        "LOCATION": "Firdausi Road, Near Central Bank Of. India, M.Joshi Colony, Near Five Gardens, Central Railway Colony, Dadar East, Mumbai, 400014",
        "ELEVATOR_CONTACT_LIST": null,
        "ELEVATOR_INTERCOM": null,
        "WORKING_HRS": null,
        "EMPLOYEE_QTY": null,
        "EMPLOYEE_MALE": null,
        "EMPLOYEE_FEMALE": null,
        "EMPLOYEE_DIF_ABLE": null,
        "WORKING_HRS_STR": null,
        "WORKING_HRS_STP": null
      }
    },
    {
      "type": "Feature",
      "id": 19,
      "geometry": {
        "type": "Point",
        "coordinates": [72.85664364686511, 19.025199745573815]
      },
      "properties": {
        "OBJECTID": 19,
        "NAME": "Guru Nanak Khalsa College Of Arts Commerce and Scenic ",
        "TYPE": 4,
        "LOCATION": "Nathalal Parekh Road, Opposite Of osite Of Don Bosco, Near Light Pol No MTG 68, Matunga East, Mumbai, 400019",
        "ELEVATOR_CONTACT_LIST": null,
        "ELEVATOR_INTERCOM": null,
        "WORKING_HRS": null,
        "EMPLOYEE_QTY": null,
        "EMPLOYEE_MALE": null,
        "EMPLOYEE_FEMALE": null,
        "EMPLOYEE_DIF_ABLE": null,
        "WORKING_HRS_STR": null,
        "WORKING_HRS_STP": null
      }
    },
    {
      "type": "Feature",
      "id": 20,
      "geometry": {
        "type": "Point",
        "coordinates": [72.85632111084992, 19.024811783763226]
      },
      "properties": {
        "OBJECTID": 20,
        "NAME": "Gurunanak Institute of Management Studies",
        "TYPE": 4,
        "LOCATION": "Nathalal Parekh Road, Next To Gurunak Khalsa Collage, King Circle, Near Light Pol No MTG 59, 3, Matunga East, Mumbai, 400019",
        "ELEVATOR_CONTACT_LIST": null,
        "ELEVATOR_INTERCOM": null,
        "WORKING_HRS": null,
        "EMPLOYEE_QTY": null,
        "EMPLOYEE_MALE": null,
        "EMPLOYEE_FEMALE": null,
        "EMPLOYEE_DIF_ABLE": null,
        "WORKING_HRS_STR": null,
        "WORKING_HRS_STP": null
      }
    },
    {
      "type": "Feature",
      "id": 21,
      "geometry": {
        "type": "Point",
        "coordinates": [72.85616788998128, 19.022191750799976]
      },
      "properties": {
        "OBJECTID": 21,
        "NAME": "Virmata Jijabai Technologycal Institute ",
        "TYPE": 4,
        "LOCATION": "H. R. Mahajani Road, Opposite Of Plot No 245 D Prema Mahal, Near Light Pol No CGR 8, King Circle, Matunga East, Mumbai, 400019",
        "ELEVATOR_CONTACT_LIST": null,
        "ELEVATOR_INTERCOM": null,
        "WORKING_HRS": null,
        "EMPLOYEE_QTY": null,
        "EMPLOYEE_MALE": null,
        "EMPLOYEE_FEMALE": null,
        "EMPLOYEE_DIF_ABLE": null,
        "WORKING_HRS_STR": null,
        "WORKING_HRS_STP": null
      }
    },
    {
      "type": "Feature",
      "id": 22,
      "geometry": {
        "type": "Point",
        "coordinates": [72.85376429608583, 19.022817444423698]
      },
      "properties": {
        "OBJECTID": 22,
        "NAME": "Seth Varjivandas Madhavdas Kapole Bording School Trust ",
        "TYPE": 4,
        "LOCATION": "R.K.Parekh Road, Near ICAR-Central For Research, Next to The Oriant Chs, Behind Kapole Nivas, Matunga East, Mumbai, 400019",
        "ELEVATOR_CONTACT_LIST": null,
        "ELEVATOR_INTERCOM": null,
        "WORKING_HRS": null,
        "EMPLOYEE_QTY": null,
        "EMPLOYEE_MALE": null,
        "EMPLOYEE_FEMALE": null,
        "EMPLOYEE_DIF_ABLE": null,
        "WORKING_HRS_STR": null,
        "WORKING_HRS_STP": null
      }
    },
    {
      "type": "Feature",
      "id": 23,
      "geometry": {
        "type": "Point",
        "coordinates": [72.85288754915506, 19.01485505982222]
      },
      "properties": {
        "OBJECTID": 23,
        "NAME": "Dr Ambedkar College of Commerce & Economics",
        "TYPE": 3,
        "LOCATION": "Tilak Extation Road, Opposite Of Wadala Bus Depo, Wadala, Mumbai, 400031",
        "ELEVATOR_CONTACT_LIST": null,
        "ELEVATOR_INTERCOM": null,
        "WORKING_HRS": null,
        "EMPLOYEE_QTY": null,
        "EMPLOYEE_MALE": null,
        "EMPLOYEE_FEMALE": null,
        "EMPLOYEE_DIF_ABLE": null,
        "WORKING_HRS_STR": null,
        "WORKING_HRS_STP": null
      }
    },
    {
      "type": "Feature",
      "id": 24,
      "geometry": {
        "type": "Point",
        "coordinates": [72.84873582419708, 19.020539390838046]
      },
      "properties": {
        "OBJECTID": 24,
        "NAME": "IES Pathkar Guruji Vidyalay ",
        "TYPE": 4,
        "LOCATION": "Khareghat Road, Near Light Pol No KH 29, P.Y Pthkar Guruji Chowk, Hindu Coloney, Dadar East, Mumbai, 400014",
        "ELEVATOR_CONTACT_LIST": null,
        "ELEVATOR_INTERCOM": null,
        "WORKING_HRS": null,
        "EMPLOYEE_QTY": null,
        "EMPLOYEE_MALE": null,
        "EMPLOYEE_FEMALE": null,
        "EMPLOYEE_DIF_ABLE": null,
        "WORKING_HRS_STR": null,
        "WORKING_HRS_STP": null
      }
    },
    {
      "type": "Feature",
      "id": 26,
      "geometry": {
        "type": "Point",
        "coordinates": [72.85152096341432, 19.027267274055117]
      },
      "properties": {
        "OBJECTID": 26,
        "NAME": "Matunga Premier School",
        "TYPE": 4,
        "LOCATION": "Bhimani Street, Opposite Of L.K.Wagji Mumbai Public School, Near light Pol No LNR 7, 1, Matunga East, Mumbai, 400019",
        "ELEVATOR_CONTACT_LIST": null,
        "ELEVATOR_INTERCOM": null,
        "WORKING_HRS": null,
        "EMPLOYEE_QTY": null,
        "EMPLOYEE_MALE": null,
        "EMPLOYEE_FEMALE": null,
        "EMPLOYEE_DIF_ABLE": null,
        "WORKING_HRS_STR": null,
        "WORKING_HRS_STP": null
      }
    },
    {
      "type": "Feature",
      "id": 27,
      "geometry": {
        "type": "Point",
        "coordinates": [72.85190686603367, 19.026962043801188]
      },
      "properties": {
        "OBJECTID": 27,
        "NAME": "Shree Dayanand Balak, Balika Vidyalay And Junior Collage Of Commerce, Junior Collage Of Arts",
        "TYPE": 4,
        "LOCATION": "Bhimani Street, Near Noop Gardan, Near Light Pol No LNR 7, 3, Matunga East, Mumbai, 400019",
        "ELEVATOR_CONTACT_LIST": null,
        "ELEVATOR_INTERCOM": null,
        "WORKING_HRS": null,
        "EMPLOYEE_QTY": null,
        "EMPLOYEE_MALE": null,
        "EMPLOYEE_FEMALE": null,
        "EMPLOYEE_DIF_ABLE": null,
        "WORKING_HRS_STR": null,
        "WORKING_HRS_STP": null
      }
    },
    {
      "type": "Feature",
      "id": 28,
      "geometry": {
        "type": "Point",
        "coordinates": [72.85716533733242, 19.026108472563514]
      },
      "properties": {
        "OBJECTID": 28,
        "NAME": "Don Bosco International School",
        "TYPE": 4,
        "LOCATION": "Nathalal Parekh Road, Opposite Of Guru Nanak Khalsa College, Matunga, Mumbai, 400019",
        "ELEVATOR_CONTACT_LIST": null,
        "ELEVATOR_INTERCOM": null,
        "WORKING_HRS": null,
        "EMPLOYEE_QTY": null,
        "EMPLOYEE_MALE": null,
        "EMPLOYEE_FEMALE": null,
        "EMPLOYEE_DIF_ABLE": null,
        "WORKING_HRS_STR": null,
        "WORKING_HRS_STP": null
      }
    },
    {
      "type": "Feature",
      "id": 29,
      "geometry": {
        "type": "Point",
        "coordinates": [72.85732828080376, 19.02534174379547]
      },
      "properties": {
        "OBJECTID": 29,
        "NAME": "Don Bosco High school",
        "TYPE": 4,
        "LOCATION": "Nathalal Parekh Road, Opposite Of Guru Nanak Khalsa College, Matunga East, Mumbai, 400019",
        "ELEVATOR_CONTACT_LIST": null,
        "ELEVATOR_INTERCOM": null,
        "WORKING_HRS": null,
        "EMPLOYEE_QTY": null,
        "EMPLOYEE_MALE": null,
        "EMPLOYEE_FEMALE": null,
        "EMPLOYEE_DIF_ABLE": null,
        "WORKING_HRS_STR": null,
        "WORKING_HRS_STP": null
      }
    },
    {
      "type": "Feature",
      "id": 30,
      "geometry": {
        "type": "Point",
        "coordinates": [72.85779230273049, 19.024047586040655]
      },
      "properties": {
        "OBJECTID": 30,
        "NAME": "Institute of Chemical Technologycal",
        "TYPE": 3,
        "LOCATION": "Puranmal Singhani Road, Near Of Don Bosco High School, Opposite Of Guru Nanak Khalsa College, Matunga East, Mumbai, 400019",
        "ELEVATOR_CONTACT_LIST": null,
        "ELEVATOR_INTERCOM": null,
        "WORKING_HRS": null,
        "EMPLOYEE_QTY": null,
        "EMPLOYEE_MALE": null,
        "EMPLOYEE_FEMALE": null,
        "EMPLOYEE_DIF_ABLE": null,
        "WORKING_HRS_STR": null,
        "WORKING_HRS_STP": null
      }
    },
    {
      "type": "Feature",
      "id": 31,
      "geometry": {
        "type": "Point",
        "coordinates": [72.85914447162779, 19.022583522868953]
      },
      "properties": {
        "OBJECTID": 31,
        "NAME": "Andhra Education Society High School",
        "TYPE": 4,
        "LOCATION": "Wadala Road No 7A, Opposite Of SVIMS International Institute of Management Studies and Research, Near Indul D Bhuva Gardan, Wadala West, Mumbai, 400031",
        "ELEVATOR_CONTACT_LIST": null,
        "ELEVATOR_INTERCOM": null,
        "WORKING_HRS": null,
        "EMPLOYEE_QTY": null,
        "EMPLOYEE_MALE": null,
        "EMPLOYEE_FEMALE": null,
        "EMPLOYEE_DIF_ABLE": null,
        "WORKING_HRS_STR": null,
        "WORKING_HRS_STP": null
      }
    },
    {
      "type": "Feature",
      "id": 32,
      "geometry": {
        "type": "Point",
        "coordinates": [72.85931546198745, 19.02206369637843]
      },
      "properties": {
        "OBJECTID": 32,
        "NAME": "SVIMS International Institute of Management Studies and Research",
        "TYPE": 4,
        "LOCATION": "Wadala Road No 7A, Opposite Of Andhra Education Society High School, Near Indul D Bhuva Gardan, Wadala West, Mumbai, 400031",
        "ELEVATOR_CONTACT_LIST": null,
        "ELEVATOR_INTERCOM": null,
        "WORKING_HRS": null,
        "EMPLOYEE_QTY": null,
        "EMPLOYEE_MALE": null,
        "EMPLOYEE_FEMALE": null,
        "EMPLOYEE_DIF_ABLE": null,
        "WORKING_HRS_STR": null,
        "WORKING_HRS_STP": null
      }
    },
    {
      "type": "Feature",
      "id": 33,
      "geometry": {
        "type": "Point",
        "coordinates": [72.85853192173258, 19.022133746195887]
      },
      "properties": {
        "OBJECTID": 33,
        "NAME": "Shivdi Wadala Estate Municipal School",
        "TYPE": 1,
        "LOCATION": "Wadala Road No 7A, Opposite Of Andhra Education Society High School, Near Indul D Bhuva Gardan, Wadala West, Mumbai, 400031",
        "ELEVATOR_CONTACT_LIST": null,
        "ELEVATOR_INTERCOM": null,
        "WORKING_HRS": null,
        "EMPLOYEE_QTY": null,
        "EMPLOYEE_MALE": null,
        "EMPLOYEE_FEMALE": null,
        "EMPLOYEE_DIF_ABLE": null,
        "WORKING_HRS_STR": null,
        "WORKING_HRS_STP": null
      }
    },
    {
      "type": "Feature",
      "id": 34,
      "geometry": {
        "type": "Point",
        "coordinates": [72.85905931135747, 19.021869394626794]
      },
      "properties": {
        "OBJECTID": 34,
        "NAME": "National Kannada Education Society High School",
        "TYPE": 4,
        "LOCATION": "Indul D Bhuvan Road, Backside Of SVIMS International Institute of Management Studies and Research, Near Indul D Bhuva Gardan, Wadala West, Mumbai, 400031",
        "ELEVATOR_CONTACT_LIST": null,
        "ELEVATOR_INTERCOM": null,
        "WORKING_HRS": null,
        "EMPLOYEE_QTY": null,
        "EMPLOYEE_MALE": null,
        "EMPLOYEE_FEMALE": null,
        "EMPLOYEE_DIF_ABLE": null,
        "WORKING_HRS_STR": null,
        "WORKING_HRS_STP": null
      }
    },
    {
      "type": "Feature",
      "id": 36,
      "geometry": {
        "type": "Point",
        "coordinates": [72.85676769931949, 19.01967722900965]
      },
      "properties": {
        "OBJECTID": 36,
        "NAME": "Shelter Don Bosco",
        "TYPE": 4,
        "LOCATION": "Wadala Road No 16, Behind Acworth Municipal Hospital, Near Opposite St. Josefh High School, Wadala West, Mumbai, 400031",
        "ELEVATOR_CONTACT_LIST": null,
        "ELEVATOR_INTERCOM": null,
        "WORKING_HRS": null,
        "EMPLOYEE_QTY": null,
        "EMPLOYEE_MALE": null,
        "EMPLOYEE_FEMALE": null,
        "EMPLOYEE_DIF_ABLE": null,
        "WORKING_HRS_STR": null,
        "WORKING_HRS_STP": null
      }
    },
    {
      "type": "Feature",
      "id": 37,
      "geometry": {
        "type": "Point",
        "coordinates": [72.85635463863008, 19.01917704579756]
      },
      "properties": {
        "OBJECTID": 37,
        "NAME": "ST. JosephHigh School",
        "TYPE": 4,
        "LOCATION": "Nathalal Parekh Road, Behind Our Lady of Dolours Church Opposite Shelter Don Bosco, Near Five Garden, Wadala West, Mumbai, 400031",
        "ELEVATOR_CONTACT_LIST": null,
        "ELEVATOR_INTERCOM": null,
        "WORKING_HRS": null,
        "EMPLOYEE_QTY": null,
        "EMPLOYEE_MALE": null,
        "EMPLOYEE_FEMALE": null,
        "EMPLOYEE_DIF_ABLE": null,
        "WORKING_HRS_STR": null,
        "WORKING_HRS_STP": null
      }
    },
    {
      "type": "Feature",
      "id": 38,
      "geometry": {
        "type": "Point",
        "coordinates": [72.85940028692359, 19.01816399571554]
      },
      "properties": {
        "OBJECTID": 38,
        "NAME": "Sitaram Prakash High School",
        "TYPE": 4,
        "LOCATION": "Rafi Ahamad Kidwai Road, Near Of Wadala Bridge Mono Railway Station, Wadala Village, Wadala West, Mumbai, 400031",
        "ELEVATOR_CONTACT_LIST": null,
        "ELEVATOR_INTERCOM": null,
        "WORKING_HRS": null,
        "EMPLOYEE_QTY": null,
        "EMPLOYEE_MALE": null,
        "EMPLOYEE_FEMALE": null,
        "EMPLOYEE_DIF_ABLE": null,
        "WORKING_HRS_STR": null,
        "WORKING_HRS_STP": null
      }
    },
    {
      "type": "Feature",
      "id": 39,
      "geometry": {
        "type": "Point",
        "coordinates": [72.85593051519359, 19.017518633782444]
      },
      "properties": {
        "OBJECTID": 39,
        "NAME": "Shri Bansidhar Aggarwal Model School and Junior College",
        "TYPE": 4,
        "LOCATION": "Wadala Road No 19, Opposite Of Plot No 255 Vinod Kung, Opposite Peek A Boo Club For Cubs, Wadala West, Mumbai, 400031",
        "ELEVATOR_CONTACT_LIST": null,
        "ELEVATOR_INTERCOM": null,
        "WORKING_HRS": null,
        "EMPLOYEE_QTY": null,
        "EMPLOYEE_MALE": null,
        "EMPLOYEE_FEMALE": null,
        "EMPLOYEE_DIF_ABLE": null,
        "WORKING_HRS_STR": null,
        "WORKING_HRS_STP": null
      }
    },
    {
      "type": "Feature",
      "id": 40,
      "geometry": {
        "type": "Point",
        "coordinates": [72.85689443337394, 19.017398500066648]
      },
      "properties": {
        "OBJECTID": 40,
        "NAME": "Jain Education Society",
        "TYPE": 4,
        "LOCATION": "Wadala Road No 19, Plot No 258-259,Near Post Office, Wadala West, Mumbai, 400031",
        "ELEVATOR_CONTACT_LIST": null,
        "ELEVATOR_INTERCOM": null,
        "WORKING_HRS": null,
        "EMPLOYEE_QTY": null,
        "EMPLOYEE_MALE": null,
        "EMPLOYEE_FEMALE": null,
        "EMPLOYEE_DIF_ABLE": null,
        "WORKING_HRS_STR": null,
        "WORKING_HRS_STP": null
      }
    },
    {
      "type": "Feature",
      "id": 41,
      "geometry": {
        "type": "Point",
        "coordinates": [72.85573605376091, 19.015653850849457]
      },
      "properties": {
        "OBJECTID": 41,
        "NAME": "Wadala Upper Primary School",
        "TYPE": 1,
        "LOCATION": "Jain Derasar Road, Near Mewa wala Building, Wadala Village, Wadala West, Mumbai, 400031",
        "ELEVATOR_CONTACT_LIST": null,
        "ELEVATOR_INTERCOM": null,
        "WORKING_HRS": null,
        "EMPLOYEE_QTY": null,
        "EMPLOYEE_MALE": null,
        "EMPLOYEE_FEMALE": null,
        "EMPLOYEE_DIF_ABLE": null,
        "WORKING_HRS_STR": null,
        "WORKING_HRS_STP": null
      }
    },
    {
      "type": "Feature",
      "id": 42,
      "geometry": {
        "type": "Point",
        "coordinates": [72.85417500859587, 19.01661683318814]
      },
      "properties": {
        "OBJECTID": 42,
        "NAME": "Auxilium Convent High School",
        "TYPE": 4,
        "LOCATION": "Balaram Babu Khedekar Road, Opposite Of Dignity Tower, Ram Nagar, Wadala West, Mumbai, 400031",
        "ELEVATOR_CONTACT_LIST": null,
        "ELEVATOR_INTERCOM": null,
        "WORKING_HRS": null,
        "EMPLOYEE_QTY": null,
        "EMPLOYEE_MALE": null,
        "EMPLOYEE_FEMALE": null,
        "EMPLOYEE_DIF_ABLE": null,
        "WORKING_HRS_STR": null,
        "WORKING_HRS_STP": null
      }
    },
    {
      "type": "Feature",
      "id": 43,
      "geometry": {
        "type": "Point",
        "coordinates": [72.85341527263525, 19.011855754423923]
      },
      "properties": {
        "OBJECTID": 43,
        "NAME": "Bombay Physical Culture Association",
        "TYPE": 4,
        "LOCATION": "Wadala Road No 37, Next To Kabutar Khana Gardan, Wadala West, Mumbai, 400031",
        "ELEVATOR_CONTACT_LIST": null,
        "ELEVATOR_INTERCOM": null,
        "WORKING_HRS": null,
        "EMPLOYEE_QTY": null,
        "EMPLOYEE_MALE": null,
        "EMPLOYEE_FEMALE": null,
        "EMPLOYEE_DIF_ABLE": null,
        "WORKING_HRS_STR": null,
        "WORKING_HRS_STP": null
      }
    },
    {
      "type": "Feature",
      "id": 44,
      "geometry": {
        "type": "Point",
        "coordinates": [72.85950221079477, 19.028293263700654]
      },
      "properties": {
        "OBJECTID": 44,
        "NAME": "SNDT Woman's College",
        "TYPE": 4,
        "LOCATION": "Rafi Ahamad Kidwai Road, Near Dr. BMN College of Home Science, Matunga East, Mumbai, 400019",
        "ELEVATOR_CONTACT_LIST": null,
        "ELEVATOR_INTERCOM": null,
        "WORKING_HRS": null,
        "EMPLOYEE_QTY": null,
        "EMPLOYEE_MALE": null,
        "EMPLOYEE_FEMALE": null,
        "EMPLOYEE_DIF_ABLE": null,
        "WORKING_HRS_STR": null,
        "WORKING_HRS_STP": null
      }
    },
    {
      "type": "Feature",
      "id": 45,
      "geometry": {
        "type": "Point",
        "coordinates": [72.85981334714944, 19.028626384437537]
      },
      "properties": {
        "OBJECTID": 45,
        "NAME": "Smt. Maniben M.P. Shah Women's College of Arts & Commerce",
        "TYPE": 4,
        "LOCATION": "Rafi Ahamad Kidwai Road, Backside Of SNDT Woman's College, Smt. Parmeshwaridevi Gordhandas Garodia Educational Complex, 338, Matuga East, Mumbai, 400019",
        "ELEVATOR_CONTACT_LIST": null,
        "ELEVATOR_INTERCOM": null,
        "WORKING_HRS": null,
        "EMPLOYEE_QTY": null,
        "EMPLOYEE_MALE": null,
        "EMPLOYEE_FEMALE": null,
        "EMPLOYEE_DIF_ABLE": null,
        "WORKING_HRS_STR": null,
        "WORKING_HRS_STP": null
      }
    },
    {
      "type": "Feature",
      "id": 46,
      "geometry": {
        "type": "Point",
        "coordinates": [72.86028541613915, 19.02710657696375]
      },
      "properties": {
        "OBJECTID": 46,
        "NAME": "Shree Amulakh Amichand Bhimji Vividhlakshi Vidhyalaya",
        "TYPE": 4,
        "LOCATION": "Rafi Ahamad Kidwai Road, Near Dr. BMN College of Home Science, Matunga East, Mumbai, 400019",
        "ELEVATOR_CONTACT_LIST": null,
        "ELEVATOR_INTERCOM": null,
        "WORKING_HRS": null,
        "EMPLOYEE_QTY": null,
        "EMPLOYEE_MALE": null,
        "EMPLOYEE_FEMALE": null,
        "EMPLOYEE_DIF_ABLE": null,
        "WORKING_HRS_STR": null,
        "WORKING_HRS_STP": null
      }
    },
    {
      "type": "Feature",
      "id": 47,
      "geometry": {
        "type": "Point",
        "coordinates": [72.8867459995892, 19.075036000424532]
      },
      "properties": {
        "OBJECTID": 47,
        "NAME": "Kohinoor Business School (College)",
        "TYPE": 4,
        "LOCATION": "Kurla Vidhyavihar Road, Near Mhada Collony, Mumbai, Ali Yavar Jung, Premier Colony, Kurla West, Mumbai, 400070",
        "ELEVATOR_CONTACT_LIST": null,
        "ELEVATOR_INTERCOM": null,
        "WORKING_HRS": null,
        "EMPLOYEE_QTY": null,
        "EMPLOYEE_MALE": null,
        "EMPLOYEE_FEMALE": null,
        "EMPLOYEE_DIF_ABLE": null,
        "WORKING_HRS_STR": null,
        "WORKING_HRS_STP": null
      }
    },
    {
      "type": "Feature",
      "id": 48,
      "geometry": {
        "type": "Point",
        "coordinates": [72.88432683624436, 19.07679315797697]
      },
      "properties": {
        "OBJECTID": 48,
        "NAME": "M.E.S.Urdu High School Kurla",
        "TYPE": 4,
        "LOCATION": "Abdul Bari Farooqui Marg, Opposite Of Arihant Industries, Kohinoor City, Kirol Road, Ali Yavar Jung, Premier Colony, Kurla West, Mumbai, 400070",
        "ELEVATOR_CONTACT_LIST": null,
        "ELEVATOR_INTERCOM": null,
        "WORKING_HRS": null,
        "EMPLOYEE_QTY": null,
        "EMPLOYEE_MALE": null,
        "EMPLOYEE_FEMALE": null,
        "EMPLOYEE_DIF_ABLE": null,
        "WORKING_HRS_STR": null,
        "WORKING_HRS_STP": null
      }
    },
    {
      "type": "Feature",
      "id": 49,
      "geometry": {
        "type": "Point",
        "coordinates": [72.88904099964091, 19.083581999951708]
      },
      "properties": {
        "OBJECTID": 49,
        "NAME": "Mumbai Utkal English High School",
        "TYPE": 4,
        "LOCATION": "LBS Road, Opposite Of Naaz Madical & General Store, Nav Pada, Kurla West, Mumbai, 400070",
        "ELEVATOR_CONTACT_LIST": null,
        "ELEVATOR_INTERCOM": null,
        "WORKING_HRS": null,
        "EMPLOYEE_QTY": null,
        "EMPLOYEE_MALE": null,
        "EMPLOYEE_FEMALE": null,
        "EMPLOYEE_DIF_ABLE": null,
        "WORKING_HRS_STR": null,
        "WORKING_HRS_STP": null
      }
    },
    {
      "type": "Feature",
      "id": 50,
      "geometry": {
        "type": "Point",
        "coordinates": [72.88368800004963, 19.083441999771413]
      },
      "properties": {
        "OBJECTID": 50,
        "NAME": "Michael High School & Marceline JR College",
        "TYPE": 4,
        "LOCATION": "LBS Road, Opposite Of Sheetal Talaw, Near State Bank of India, Near Sheethal Cinemas, Kurla West, Mumbai, 400070",
        "ELEVATOR_CONTACT_LIST": null,
        "ELEVATOR_INTERCOM": null,
        "WORKING_HRS": null,
        "EMPLOYEE_QTY": null,
        "EMPLOYEE_MALE": null,
        "EMPLOYEE_FEMALE": null,
        "EMPLOYEE_DIF_ABLE": null,
        "WORKING_HRS_STR": null,
        "WORKING_HRS_STP": null
      }
    },
    {
      "type": "Feature",
      "id": 51,
      "geometry": {
        "type": "Point",
        "coordinates": [72.88563700012082, 19.081309000016216]
      },
      "properties": {
        "OBJECTID": 51,
        "NAME": "American School Of Bombay",
        "TYPE": 4,
        "LOCATION": "LBS Road, Near Kohinoor City, Kirol Road, Premier Residencies, Kurla West, Mumbai, 400070",
        "ELEVATOR_CONTACT_LIST": null,
        "ELEVATOR_INTERCOM": null,
        "WORKING_HRS": null,
        "EMPLOYEE_QTY": null,
        "EMPLOYEE_MALE": null,
        "EMPLOYEE_FEMALE": null,
        "EMPLOYEE_DIF_ABLE": null,
        "WORKING_HRS_STR": null,
        "WORKING_HRS_STP": null
      }
    },
    {
      "type": "Feature",
      "id": 52,
      "geometry": {
        "type": "Point",
        "coordinates": [72.88065300030073, 19.07627700013055]
      },
      "properties": {
        "OBJECTID": 52,
        "NAME": "Hall Road Muncipal School",
        "TYPE": 99,
        "LOCATION": "Halav Pool Road, Near Vijay Estate, Jai Ambika Nagar, Kurla West, Mumbai, 400070",
        "ELEVATOR_CONTACT_LIST": null,
        "ELEVATOR_INTERCOM": null,
        "WORKING_HRS": null,
        "EMPLOYEE_QTY": null,
        "EMPLOYEE_MALE": null,
        "EMPLOYEE_FEMALE": null,
        "EMPLOYEE_DIF_ABLE": null,
        "WORKING_HRS_STR": null,
        "WORKING_HRS_STP": null
      }
    },
    {
      "type": "Feature",
      "id": 53,
      "geometry": {
        "type": "Point",
        "coordinates": [72.88670395860944, 19.08386988458007]
      },
      "properties": {
        "OBJECTID": 53,
        "NAME": "Holy Cross Church School",
        "TYPE": 4,
        "LOCATION": "Lal Bahadur Shastri Road, Near Holy Cross Church,Kulbaver, Nav Pada, Kurla West, Mumbai, 400070",
        "ELEVATOR_CONTACT_LIST": null,
        "ELEVATOR_INTERCOM": null,
        "WORKING_HRS": null,
        "EMPLOYEE_QTY": null,
        "EMPLOYEE_MALE": null,
        "EMPLOYEE_FEMALE": null,
        "EMPLOYEE_DIF_ABLE": null,
        "WORKING_HRS_STR": null,
        "WORKING_HRS_STP": null
      }
    },
    {
      "type": "Feature",
      "id": 54,
      "geometry": {
        "type": "Point",
        "coordinates": [72.88239130005246, 19.069662800344968]
      },
      "properties": {
        "OBJECTID": 54,
        "NAME": "AL Falah English School",
        "TYPE": 4,
        "LOCATION": "Vinoba Bhave Nagar Road, Near Madina Hotel, Lig Colony, Kurla West, Mumbai, 400070",
        "ELEVATOR_CONTACT_LIST": null,
        "ELEVATOR_INTERCOM": null,
        "WORKING_HRS": null,
        "EMPLOYEE_QTY": null,
        "EMPLOYEE_MALE": null,
        "EMPLOYEE_FEMALE": null,
        "EMPLOYEE_DIF_ABLE": null,
        "WORKING_HRS_STR": null,
        "WORKING_HRS_STP": null
      }
    },
    {
      "type": "Feature",
      "id": 55,
      "geometry": {
        "type": "Point",
        "coordinates": [72.88466649958794, 19.07297070014763]
      },
      "properties": {
        "OBJECTID": 55,
        "NAME": "Al Barkaat Malik Muhammad Islam English School",
        "TYPE": 4,
        "LOCATION": "Nausena Vihar Road, Near Royal Residency, Bhartiya Nagar, Kurla West, Mumbai, 400070",
        "ELEVATOR_CONTACT_LIST": null,
        "ELEVATOR_INTERCOM": null,
        "WORKING_HRS": null,
        "EMPLOYEE_QTY": null,
        "EMPLOYEE_MALE": null,
        "EMPLOYEE_FEMALE": null,
        "EMPLOYEE_DIF_ABLE": null,
        "WORKING_HRS_STR": null,
        "WORKING_HRS_STP": null
      }
    },
    {
      "type": "Feature",
      "id": 56,
      "geometry": {
        "type": "Point",
        "coordinates": [72.94618299960202, 19.17089599964139]
      },
      "properties": {
        "OBJECTID": 56,
        "NAME": "Smt Vidhyaben D Gardi High School & Junior Collge",
        "TYPE": 4,
        "LOCATION": "Purushottam Kheraj Road, Near DhanValabh English High School, MTNL Colony, Keshav Pada,, Mulund West, Mumbai, 400080",
        "ELEVATOR_CONTACT_LIST": null,
        "ELEVATOR_INTERCOM": null,
        "WORKING_HRS": null,
        "EMPLOYEE_QTY": null,
        "EMPLOYEE_MALE": null,
        "EMPLOYEE_FEMALE": null,
        "EMPLOYEE_DIF_ABLE": null,
        "WORKING_HRS_STR": null,
        "WORKING_HRS_STP": null
      }
    },
    {
      "type": "Feature",
      "id": 57,
      "geometry": {
        "type": "Point",
        "coordinates": [72.95117950007283, 19.178015500337548]
      },
      "properties": {
        "OBJECTID": 57,
        "NAME": "Navbharat Nutan Vidyalaya",
        "TYPE": 4,
        "LOCATION": "Subhash Chandra Bose Road, Near Shree Lohana Kanyashala, Near Anubhav Bluding, Mulund West, Mumbai, 400080",
        "ELEVATOR_CONTACT_LIST": null,
        "ELEVATOR_INTERCOM": null,
        "WORKING_HRS": null,
        "EMPLOYEE_QTY": null,
        "EMPLOYEE_MALE": null,
        "EMPLOYEE_FEMALE": null,
        "EMPLOYEE_DIF_ABLE": null,
        "WORKING_HRS_STR": null,
        "WORKING_HRS_STP": null
      }
    },
    {
      "type": "Feature",
      "id": 59,
      "geometry": {
        "type": "Point",
        "coordinates": [72.93546742979927, 19.17369952689753]
      },
      "properties": {
        "OBJECTID": 59,
        "NAME": "Jai Bharat English High School ",
        "TYPE": 4,
        "LOCATION": "Mulund Colony Road, Opposite Of Suman Medical Stower, Hanuman Pada, Mulund West, Mumbai, 400080",
        "ELEVATOR_CONTACT_LIST": null,
        "ELEVATOR_INTERCOM": null,
        "WORKING_HRS": null,
        "EMPLOYEE_QTY": null,
        "EMPLOYEE_MALE": null,
        "EMPLOYEE_FEMALE": null,
        "EMPLOYEE_DIF_ABLE": null,
        "WORKING_HRS_STR": null,
        "WORKING_HRS_STP": null
      }
    },
    {
      "type": "Feature",
      "id": 60,
      "geometry": {
        "type": "Point",
        "coordinates": [72.95826499957987, 19.175458999846036]
      },
      "properties": {
        "OBJECTID": 60,
        "NAME": "Mulund Vanijay Mahavidhlay",
        "TYPE": 4,
        "LOCATION": "Sarojana Naidu Road, Near Court, Ashok Nagar, Mulund West, Mumbai, 400080",
        "ELEVATOR_CONTACT_LIST": null,
        "ELEVATOR_INTERCOM": null,
        "WORKING_HRS": null,
        "EMPLOYEE_QTY": null,
        "EMPLOYEE_MALE": null,
        "EMPLOYEE_FEMALE": null,
        "EMPLOYEE_DIF_ABLE": null,
        "WORKING_HRS_STR": null,
        "WORKING_HRS_STP": null
      }
    },
    {
      "type": "Feature",
      "id": 61,
      "geometry": {
        "type": "Point",
        "coordinates": [72.95032199961607, 19.179337999867073]
      },
      "properties": {
        "OBJECTID": 61,
        "NAME": "Jnana Sarita School & Jr College",
        "TYPE": 4,
        "LOCATION": "Dr. Rajendra Prasad Road, Opposite Of Shree Ram Tatva Bhavna, Jagjivan Ram Nagar, Mulund West, Mumbai, 400080",
        "ELEVATOR_CONTACT_LIST": null,
        "ELEVATOR_INTERCOM": null,
        "WORKING_HRS": null,
        "EMPLOYEE_QTY": null,
        "EMPLOYEE_MALE": null,
        "EMPLOYEE_FEMALE": null,
        "EMPLOYEE_DIF_ABLE": null,
        "WORKING_HRS_STR": null,
        "WORKING_HRS_STP": null
      }
    },
    {
      "type": "Feature",
      "id": 63,
      "geometry": {
        "type": "Point",
        "coordinates": [72.94650199953391, 19.1705529996922]
      },
      "properties": {
        "OBJECTID": 63,
        "NAME": "Dhanvallabh English High School C.B.S.E",
        "TYPE": 4,
        "LOCATION": "Purushottam Kheraj Road, Near SMT. Vidyaben D. Gardi High School & Junior College, Near Telephone Exchange, Keshav Pada, Mulund West, Mumbai, 400080",
        "ELEVATOR_CONTACT_LIST": null,
        "ELEVATOR_INTERCOM": null,
        "WORKING_HRS": null,
        "EMPLOYEE_QTY": null,
        "EMPLOYEE_MALE": null,
        "EMPLOYEE_FEMALE": null,
        "EMPLOYEE_DIF_ABLE": null,
        "WORKING_HRS_STR": null,
        "WORKING_HRS_STP": null
      }
    },
    {
      "type": "Feature",
      "id": 64,
      "geometry": {
        "type": "Point",
        "coordinates": [72.94992800007884, 19.176633000164003]
      },
      "properties": {
        "OBJECTID": 64,
        "NAME": "Dayanand Vedik School &College",
        "TYPE": 4,
        "LOCATION": "Chandanbagh Road, Near J.A. Meghani English Primary School, Mulund West, Mumbai, 400080",
        "ELEVATOR_CONTACT_LIST": null,
        "ELEVATOR_INTERCOM": null,
        "WORKING_HRS": null,
        "EMPLOYEE_QTY": null,
        "EMPLOYEE_MALE": null,
        "EMPLOYEE_FEMALE": null,
        "EMPLOYEE_DIF_ABLE": null,
        "WORKING_HRS_STR": null,
        "WORKING_HRS_STP": null
      }
    },
    {
      "type": "Feature",
      "id": 66,
      "geometry": {
        "type": "Point",
        "coordinates": [72.95036099957487, 19.17659199970613]
      },
      "properties": {
        "OBJECTID": 66,
        "NAME": "J.A Meghani English Primary School Mulund High School",
        "TYPE": 4,
        "LOCATION": "Chandanbagh Road, Near Chandan Bhag, S.Thakkar Chowk, Gavane Pada, Mulund west, Mumbai, 400080",
        "ELEVATOR_CONTACT_LIST": null,
        "ELEVATOR_INTERCOM": null,
        "WORKING_HRS": null,
        "EMPLOYEE_QTY": null,
        "EMPLOYEE_MALE": null,
        "EMPLOYEE_FEMALE": null,
        "EMPLOYEE_DIF_ABLE": null,
        "WORKING_HRS_STR": null,
        "WORKING_HRS_STP": null
      }
    },
    {
      "type": "Feature",
      "id": 67,
      "geometry": {
        "type": "Point",
        "coordinates": [72.95397661250256, 19.16954330506146]
      },
      "properties": {
        "OBJECTID": 67,
        "NAME": "Vani Vidyalaya JR College",
        "TYPE": 4,
        "LOCATION": "Jawahar lal Nehru Road, Near Mulund Vidya Mandir, Mulund West, Mumbai, 400080",
        "ELEVATOR_CONTACT_LIST": null,
        "ELEVATOR_INTERCOM": null,
        "WORKING_HRS": null,
        "EMPLOYEE_QTY": null,
        "EMPLOYEE_MALE": null,
        "EMPLOYEE_FEMALE": null,
        "EMPLOYEE_DIF_ABLE": null,
        "WORKING_HRS_STR": null,
        "WORKING_HRS_STP": null
      }
    },
    {
      "type": "Feature",
      "id": 69,
      "geometry": {
        "type": "Point",
        "coordinates": [72.94979283803157, 19.17280178692134]
      },
      "properties": {
        "OBJECTID": 69,
        "NAME": "D A V International School",
        "TYPE": 4,
        "LOCATION": "Dr Ambedkar Road, Opposite Of Satydeep Billding, Near Kalidas Natyagriha, Vidya Vihar, Mulund West, Mumbai, 400080",
        "ELEVATOR_CONTACT_LIST": null,
        "ELEVATOR_INTERCOM": null,
        "WORKING_HRS": null,
        "EMPLOYEE_QTY": null,
        "EMPLOYEE_MALE": null,
        "EMPLOYEE_FEMALE": null,
        "EMPLOYEE_DIF_ABLE": null,
        "WORKING_HRS_STR": null,
        "WORKING_HRS_STP": null
      }
    },
    {
      "type": "Feature",
      "id": 71,
      "geometry": {
        "type": "Point",
        "coordinates": [72.9416818203953, 19.181258026983574]
      },
      "properties": {
        "OBJECTID": 71,
        "NAME": "Ratanbai Walabai Municipal Junior College Of Science ",
        "TYPE": 1,
        "LOCATION": "Agrawal Road, Near Saptarshi Park, Veena Nagar Phase-II, Veena Nagar,, Mulund West, Mumbai, 400080",
        "ELEVATOR_CONTACT_LIST": null,
        "ELEVATOR_INTERCOM": null,
        "WORKING_HRS": null,
        "EMPLOYEE_QTY": null,
        "EMPLOYEE_MALE": null,
        "EMPLOYEE_FEMALE": null,
        "EMPLOYEE_DIF_ABLE": null,
        "WORKING_HRS_STR": null,
        "WORKING_HRS_STP": null
      }
    },
    {
      "type": "Feature",
      "id": 72,
      "geometry": {
        "type": "Point",
        "coordinates": [72.95238155486163, 19.170866822499935]
      },
      "properties": {
        "OBJECTID": 72,
        "NAME": "Nutan Hindi Night School",
        "TYPE": 4,
        "LOCATION": "Sevaram Lalvani Marg, Near Vijay Society Hall, Near Vijay Garden, Vidya Vihar, Mulund West, Mumbai, 400080",
        "ELEVATOR_CONTACT_LIST": null,
        "ELEVATOR_INTERCOM": null,
        "WORKING_HRS": null,
        "EMPLOYEE_QTY": null,
        "EMPLOYEE_MALE": null,
        "EMPLOYEE_FEMALE": null,
        "EMPLOYEE_DIF_ABLE": null,
        "WORKING_HRS_STR": null,
        "WORKING_HRS_STP": null
      }
    },
    {
      "type": "Feature",
      "id": 73,
      "geometry": {
        "type": "Point",
        "coordinates": [72.94984495073162, 19.176064062561867]
      },
      "properties": {
        "OBJECTID": 73,
        "NAME": "Dayanand Vedic Vidyalay",
        "TYPE": 4,
        "LOCATION": "Devidayal Road, Near Bank of Maharashtra, Gavane Pada, Mulund West, Mumbai, 400080",
        "ELEVATOR_CONTACT_LIST": null,
        "ELEVATOR_INTERCOM": null,
        "WORKING_HRS": null,
        "EMPLOYEE_QTY": null,
        "EMPLOYEE_MALE": null,
        "EMPLOYEE_FEMALE": null,
        "EMPLOYEE_DIF_ABLE": null,
        "WORKING_HRS_STR": null,
        "WORKING_HRS_STP": null
      }
    },
    {
      "type": "Feature",
      "id": 74,
      "geometry": {
        "type": "Point",
        "coordinates": [72.94040199956368, 19.17950399962631]
      },
      "properties": {
        "OBJECTID": 74,
        "NAME": "Nes National Public School",
        "TYPE": 4,
        "LOCATION": "Agrawal Road, Near Sai Press Billding, Swapnanagri area, Veena Nagar, Mulund West, Mumbai, 400080",
        "ELEVATOR_CONTACT_LIST": null,
        "ELEVATOR_INTERCOM": null,
        "WORKING_HRS": null,
        "EMPLOYEE_QTY": null,
        "EMPLOYEE_MALE": null,
        "EMPLOYEE_FEMALE": null,
        "EMPLOYEE_DIF_ABLE": null,
        "WORKING_HRS_STR": null,
        "WORKING_HRS_STP": null
      }
    },
    {
      "type": "Feature",
      "id": 75,
      "geometry": {
        "type": "Point",
        "coordinates": [72.95369460015503, 19.169152199729552]
      },
      "properties": {
        "OBJECTID": 75,
        "NAME": "Mulund Vidya Mandir Jr College",
        "TYPE": 4,
        "LOCATION": "Pandit Jawaharlal Nehru Road,\u00a0, Near Vani Vidyalaya, Balaji Temple Campus, Veena Nagar, Mulund West, Mumbai, 400080",
        "ELEVATOR_CONTACT_LIST": null,
        "ELEVATOR_INTERCOM": null,
        "WORKING_HRS": null,
        "EMPLOYEE_QTY": null,
        "EMPLOYEE_MALE": null,
        "EMPLOYEE_FEMALE": null,
        "EMPLOYEE_DIF_ABLE": null,
        "WORKING_HRS_STR": null,
        "WORKING_HRS_STP": null
      }
    },
    {
      "type": "Feature",
      "id": 76,
      "geometry": {
        "type": "Point",
        "coordinates": [72.94176712841436, 19.177581111292074]
      },
      "properties": {
        "OBJECTID": 76,
        "NAME": "J J Academy English Medium High School ",
        "TYPE": 4,
        "LOCATION": "Guru Govind Singh Road, Near Alpha Nursery, New Square Gyym, Mulund Colony, Mulund West, Mumbai, 400080",
        "ELEVATOR_CONTACT_LIST": null,
        "ELEVATOR_INTERCOM": null,
        "WORKING_HRS": null,
        "EMPLOYEE_QTY": null,
        "EMPLOYEE_MALE": null,
        "EMPLOYEE_FEMALE": null,
        "EMPLOYEE_DIF_ABLE": null,
        "WORKING_HRS_STR": null,
        "WORKING_HRS_STP": null
      }
    },
    {
      "type": "Feature",
      "id": 77,
      "geometry": {
        "type": "Point",
        "coordinates": [72.9502205414931, 19.170174039901912]
      },
      "properties": {
        "OBJECTID": 77,
        "NAME": "SMT Hirabai Morarji Gala English School",
        "TYPE": 4,
        "LOCATION": "Vithalbhai Patel Marg, Opposite Of Sheth Motibhai Pachan Rashtriya Shala Trust, Mulund West, Mumbai, 400080",
        "ELEVATOR_CONTACT_LIST": null,
        "ELEVATOR_INTERCOM": null,
        "WORKING_HRS": null,
        "EMPLOYEE_QTY": null,
        "EMPLOYEE_MALE": null,
        "EMPLOYEE_FEMALE": null,
        "EMPLOYEE_DIF_ABLE": null,
        "WORKING_HRS_STR": null,
        "WORKING_HRS_STP": null
      }
    },
    {
      "type": "Feature",
      "id": 78,
      "geometry": {
        "type": "Point",
        "coordinates": [72.95015880812126, 19.16992908406517]
      },
      "properties": {
        "OBJECTID": 78,
        "NAME": "Sheth Motibhai Pachan Rashtriya Shala Trust",
        "TYPE": 4,
        "LOCATION": "Vithalbhai Patel Marg, Opposite Of SMT Hirabai Morarji Gala English School, Mulund West, Mumbai, 400080",
        "ELEVATOR_CONTACT_LIST": null,
        "ELEVATOR_INTERCOM": null,
        "WORKING_HRS": null,
        "EMPLOYEE_QTY": null,
        "EMPLOYEE_MALE": null,
        "EMPLOYEE_FEMALE": null,
        "EMPLOYEE_DIF_ABLE": null,
        "WORKING_HRS_STR": null,
        "WORKING_HRS_STP": null
      }
    },
    {
      "type": "Feature",
      "id": 79,
      "geometry": {
        "type": "Point",
        "coordinates": [72.94490324045341, 19.16634607739151]
      },
      "properties": {
        "OBJECTID": 79,
        "NAME": "ST. Mary S Convent High School",
        "TYPE": 4,
        "LOCATION": "Trimurti Marg, Opposite Of Tridev Sapphire Towar, St Pius Colony, Mulund West, Mumbai, 400080",
        "ELEVATOR_CONTACT_LIST": null,
        "ELEVATOR_INTERCOM": null,
        "WORKING_HRS": null,
        "EMPLOYEE_QTY": null,
        "EMPLOYEE_MALE": null,
        "EMPLOYEE_FEMALE": null,
        "EMPLOYEE_DIF_ABLE": null,
        "WORKING_HRS_STR": null,
        "WORKING_HRS_STP": null
      }
    },
    {
      "type": "Feature",
      "id": 80,
      "geometry": {
        "type": "Point",
        "coordinates": [72.94610299973716, 19.165564000081904]
      },
      "properties": {
        "OBJECTID": 80,
        "NAME": "Sri Sri Ravishankar Vidya Mandir",
        "TYPE": 4,
        "LOCATION": "Trimurti Marg, Near Mothar Teresa Udhayan, Mulund West, Mumbai, 400080",
        "ELEVATOR_CONTACT_LIST": null,
        "ELEVATOR_INTERCOM": null,
        "WORKING_HRS": null,
        "EMPLOYEE_QTY": null,
        "EMPLOYEE_MALE": null,
        "EMPLOYEE_FEMALE": null,
        "EMPLOYEE_DIF_ABLE": null,
        "WORKING_HRS_STR": null,
        "WORKING_HRS_STP": null
      }
    },
    {
      "type": "Feature",
      "id": 81,
      "geometry": {
        "type": "Point",
        "coordinates": [72.94709335164205, 19.16677885889565]
      },
      "properties": {
        "OBJECTID": 81,
        "NAME": "ST. Plus X High School (Primary)",
        "TYPE": 4,
        "LOCATION": "St Pius Road, Opposite Of St. Pius X Church, St Pius Colony, Mulund West, Mumbai, 400080",
        "ELEVATOR_CONTACT_LIST": null,
        "ELEVATOR_INTERCOM": null,
        "WORKING_HRS": null,
        "EMPLOYEE_QTY": null,
        "EMPLOYEE_MALE": null,
        "EMPLOYEE_FEMALE": null,
        "EMPLOYEE_DIF_ABLE": null,
        "WORKING_HRS_STR": null,
        "WORKING_HRS_STP": null
      }
    },
    {
      "type": "Feature",
      "id": 82,
      "geometry": {
        "type": "Point",
        "coordinates": [72.94740599984102, 19.163884499757206]
      },
      "properties": {
        "OBJECTID": 82,
        "NAME": "Adarsh Vidyalaya",
        "TYPE": 4,
        "LOCATION": "Nahur Road, Opposite Of Dena Place Society, Mulund West, Mumbai, 400080",
        "ELEVATOR_CONTACT_LIST": null,
        "ELEVATOR_INTERCOM": null,
        "WORKING_HRS": null,
        "EMPLOYEE_QTY": null,
        "EMPLOYEE_MALE": null,
        "EMPLOYEE_FEMALE": null,
        "EMPLOYEE_DIF_ABLE": null,
        "WORKING_HRS_STR": null,
        "WORKING_HRS_STP": null
      }
    },
    {
      "type": "Feature",
      "id": 86,
      "geometry": {
        "type": "Point",
        "coordinates": [72.95725725950616, 19.163112644597753]
      },
      "properties": {
        "OBJECTID": 86,
        "NAME": "Vinayak Ganesh Vaze College Of Arts, Science and Commerce",
        "TYPE": 4,
        "LOCATION": "Vasudev Balwant Phadke Road, Opposite Of Mangaldeep Tower, Jaihind Colony, Mulund East, Mumbai, 400081",
        "ELEVATOR_CONTACT_LIST": null,
        "ELEVATOR_INTERCOM": null,
        "WORKING_HRS": null,
        "EMPLOYEE_QTY": null,
        "EMPLOYEE_MALE": null,
        "EMPLOYEE_FEMALE": null,
        "EMPLOYEE_DIF_ABLE": null,
        "WORKING_HRS_STR": null,
        "WORKING_HRS_STP": null
      }
    },
    {
      "type": "Feature",
      "id": 87,
      "geometry": {
        "type": "Point",
        "coordinates": [72.96308499999385, 19.173788999594084]
      },
      "properties": {
        "OBJECTID": 87,
        "NAME": "Tarun Utkarsha Primary and Secondary School",
        "TYPE": 4,
        "LOCATION": "Mahatma Phule Marg, Near Of Tarun Utkarsha Mandal Ground, Mulund East, Mumbai, 400081",
        "ELEVATOR_CONTACT_LIST": null,
        "ELEVATOR_INTERCOM": null,
        "WORKING_HRS": null,
        "EMPLOYEE_QTY": null,
        "EMPLOYEE_MALE": null,
        "EMPLOYEE_FEMALE": null,
        "EMPLOYEE_DIF_ABLE": null,
        "WORKING_HRS_STR": null,
        "WORKING_HRS_STP": null
      }
    },
    {
      "type": "Feature",
      "id": 88,
      "geometry": {
        "type": "Point",
        "coordinates": [72.96733319975753, 19.17449260004789]
      },
      "properties": {
        "OBJECTID": 88,
        "NAME": "Daffodils Public School",
        "TYPE": 4,
        "LOCATION": "Veer Savarkar Road, Near Wamanrao Muranjan Madhymik And Uchhamadhyamik Vidhyalay, Neelam Nagar, Mulund East, Mumbai, 400081",
        "ELEVATOR_CONTACT_LIST": null,
        "ELEVATOR_INTERCOM": null,
        "WORKING_HRS": null,
        "EMPLOYEE_QTY": null,
        "EMPLOYEE_MALE": null,
        "EMPLOYEE_FEMALE": null,
        "EMPLOYEE_DIF_ABLE": null,
        "WORKING_HRS_STR": null,
        "WORKING_HRS_STP": null
      }
    },
    {
      "type": "Feature",
      "id": 89,
      "geometry": {
        "type": "Point",
        "coordinates": [72.967476600147, 19.173987199874155]
      },
      "properties": {
        "OBJECTID": 89,
        "NAME": "Wamanrao Muranjan Madhymik And Uchhamadhyamik Vidhyalay",
        "TYPE": 4,
        "LOCATION": "Veer Savarkar Road, Near Deffodis Public School, Neelam Nagar, Mulund East, Mumbai, 400081",
        "ELEVATOR_CONTACT_LIST": null,
        "ELEVATOR_INTERCOM": null,
        "WORKING_HRS": null,
        "EMPLOYEE_QTY": null,
        "EMPLOYEE_MALE": null,
        "EMPLOYEE_FEMALE": null,
        "EMPLOYEE_DIF_ABLE": null,
        "WORKING_HRS_STR": null,
        "WORKING_HRS_STP": null
      }
    },
    {
      "type": "Feature",
      "id": 90,
      "geometry": {
        "type": "Point",
        "coordinates": [72.96404699970454, 19.174442000430748]
      },
      "properties": {
        "OBJECTID": 90,
        "NAME": "Holy Angel's High School & Junior College",
        "TYPE": 4,
        "LOCATION": "Shri P Samuel Marg, Opposite Of N M Joshi Society, Gavanpada, Mulund East, Mumbai, 400081",
        "ELEVATOR_CONTACT_LIST": null,
        "ELEVATOR_INTERCOM": null,
        "WORKING_HRS": null,
        "EMPLOYEE_QTY": null,
        "EMPLOYEE_MALE": null,
        "EMPLOYEE_FEMALE": null,
        "EMPLOYEE_DIF_ABLE": null,
        "WORKING_HRS_STR": null,
        "WORKING_HRS_STP": null
      }
    },
    {
      "type": "Feature",
      "id": 91,
      "geometry": {
        "type": "Point",
        "coordinates": [72.95455777106427, 19.162413034179934]
      },
      "properties": {
        "OBJECTID": 91,
        "NAME": "VPM Kannada High School & Junior College",
        "TYPE": 4,
        "LOCATION": "Mithaghar Road, Near Canera Bank, Jaihind Colony, Mulund East, Mumbai, 400081",
        "ELEVATOR_CONTACT_LIST": null,
        "ELEVATOR_INTERCOM": null,
        "WORKING_HRS": null,
        "EMPLOYEE_QTY": null,
        "EMPLOYEE_MALE": null,
        "EMPLOYEE_FEMALE": null,
        "EMPLOYEE_DIF_ABLE": null,
        "WORKING_HRS_STR": null,
        "WORKING_HRS_STP": null
      }
    },
    {
      "type": "Feature",
      "id": 93,
      "geometry": {
        "type": "Point",
        "coordinates": [72.95743729986968, 19.171577600207716]
      },
      "properties": {
        "OBJECTID": 93,
        "NAME": "Seven Isles Cambridge International School",
        "TYPE": 4,
        "LOCATION": "Lokmanya Tilak Marg, Near Bata Showroom, Near Railway Station, Mulund East, Mumbai, 400081",
        "ELEVATOR_CONTACT_LIST": null,
        "ELEVATOR_INTERCOM": null,
        "WORKING_HRS": null,
        "EMPLOYEE_QTY": null,
        "EMPLOYEE_MALE": null,
        "EMPLOYEE_FEMALE": null,
        "EMPLOYEE_DIF_ABLE": null,
        "WORKING_HRS_STR": null,
        "WORKING_HRS_STP": null
      }
    },
    {
      "type": "Feature",
      "id": 94,
      "geometry": {
        "type": "Point",
        "coordinates": [72.95670941064745, 19.17018050275804]
      },
      "properties": {
        "OBJECTID": 94,
        "NAME": "Vidya Prabodhini English School",
        "TYPE": 4,
        "LOCATION": "Sant Ramdas Marg, Opposite Sai Symphony Tower, Mulund East, Mumbai, 400081",
        "ELEVATOR_CONTACT_LIST": null,
        "ELEVATOR_INTERCOM": null,
        "WORKING_HRS": null,
        "EMPLOYEE_QTY": null,
        "EMPLOYEE_MALE": null,
        "EMPLOYEE_FEMALE": null,
        "EMPLOYEE_DIF_ABLE": null,
        "WORKING_HRS_STR": null,
        "WORKING_HRS_STP": null
      }
    },
    {
      "type": "Feature",
      "id": 95,
      "geometry": {
        "type": "Point",
        "coordinates": [72.95658324874175, 19.168434428352295]
      },
      "properties": {
        "OBJECTID": 95,
        "NAME": "Bombay Presidency International School",
        "TYPE": 4,
        "LOCATION": "R.B.Thakur Marg, Opposite Of Sai Baba Temple, Thakur Nagar, Mulund East, Mumbai, 400081",
        "ELEVATOR_CONTACT_LIST": null,
        "ELEVATOR_INTERCOM": null,
        "WORKING_HRS": null,
        "EMPLOYEE_QTY": null,
        "EMPLOYEE_MALE": null,
        "EMPLOYEE_FEMALE": null,
        "EMPLOYEE_DIF_ABLE": null,
        "WORKING_HRS_STR": null,
        "WORKING_HRS_STP": null
      }
    },
    {
      "type": "Feature",
      "id": 96,
      "geometry": {
        "type": "Point",
        "coordinates": [72.93708030467639, 19.17639952978028]
      },
      "properties": {
        "OBJECTID": 96,
        "NAME": "H K Gidvani Cosmopolitan English Hign School",
        "TYPE": 4,
        "LOCATION": "Guru Govind Singh Road, Near Sri Guru Nanak Darbar, Hanuman Pada, Mulund Colony, Mulund West, Mumbai, 400080",
        "ELEVATOR_CONTACT_LIST": null,
        "ELEVATOR_INTERCOM": null,
        "WORKING_HRS": null,
        "EMPLOYEE_QTY": null,
        "EMPLOYEE_MALE": null,
        "EMPLOYEE_FEMALE": null,
        "EMPLOYEE_DIF_ABLE": null,
        "WORKING_HRS_STR": null,
        "WORKING_HRS_STP": null
      }
    },
    {
      "type": "Feature",
      "id": 97,
      "geometry": {
        "type": "Point",
        "coordinates": [72.93671164496048, 19.176385997738564]
      },
      "properties": {
        "OBJECTID": 97,
        "NAME": "Sri Dashmesh Public School",
        "TYPE": 4,
        "LOCATION": "Guru Govind Singh Road, Near Sri Guru Nanak Darbar, Hanuman Pada, Mulund Colony, Mulund West, Mumbai, 400080",
        "ELEVATOR_CONTACT_LIST": null,
        "ELEVATOR_INTERCOM": null,
        "WORKING_HRS": null,
        "EMPLOYEE_QTY": null,
        "EMPLOYEE_MALE": null,
        "EMPLOYEE_FEMALE": null,
        "EMPLOYEE_DIF_ABLE": null,
        "WORKING_HRS_STR": null,
        "WORKING_HRS_STP": null
      }
    },
    {
      "type": "Feature",
      "id": 98,
      "geometry": {
        "type": "Point",
        "coordinates": [72.9480330001977, 19.1776029997135]
      },
      "properties": {
        "OBJECTID": 98,
        "NAME": "Sharon English High School",
        "TYPE": 4,
        "LOCATION": "B.P Cross Road No 1, Near Rohit Dance Academy, Gavane Pada, Mulund West, Mumbai, 400080",
        "ELEVATOR_CONTACT_LIST": null,
        "ELEVATOR_INTERCOM": null,
        "WORKING_HRS": null,
        "EMPLOYEE_QTY": null,
        "EMPLOYEE_MALE": null,
        "EMPLOYEE_FEMALE": null,
        "EMPLOYEE_DIF_ABLE": null,
        "WORKING_HRS_STR": null,
        "WORKING_HRS_STP": null
      }
    },
    {
      "type": "Feature",
      "id": 100,
      "geometry": {
        "type": "Point",
        "coordinates": [72.93174380008645, 19.169235200198184]
      },
      "properties": {
        "OBJECTID": 100,
        "NAME": "Nutan Adhayapak Vidhalaya",
        "TYPE": 4,
        "LOCATION": "Guru Govind Singh Road, Near Raza Masjid, Amar Nagar, Mulund West, Mumbai, 400080",
        "ELEVATOR_CONTACT_LIST": null,
        "ELEVATOR_INTERCOM": null,
        "WORKING_HRS": null,
        "EMPLOYEE_QTY": null,
        "EMPLOYEE_MALE": null,
        "EMPLOYEE_FEMALE": null,
        "EMPLOYEE_DIF_ABLE": null,
        "WORKING_HRS_STR": null,
        "WORKING_HRS_STP": null
      }
    },
    {
      "type": "Feature",
      "id": 421,
      "geometry": {
        "type": "Point",
        "coordinates": [72.8081434997153, 18.969570799590652]
      },
      "properties": {
        "OBJECTID": 421,
        "NAME": "Sophia College For Women",
        "TYPE": 4,
        "LOCATION": "Vivek Singh Lane, Near Somerst House, Near Jaslok Hospital, Pedder Road, Breach Candy, Mumbai, 400026",
        "ELEVATOR_CONTACT_LIST": null,
        "ELEVATOR_INTERCOM": null,
        "WORKING_HRS": null,
        "EMPLOYEE_QTY": null,
        "EMPLOYEE_MALE": null,
        "EMPLOYEE_FEMALE": null,
        "EMPLOYEE_DIF_ABLE": null,
        "WORKING_HRS_STR": null,
        "WORKING_HRS_STP": null
      }
    },
    {
      "type": "Feature",
      "id": 422,
      "geometry": {
        "type": "Point",
        "coordinates": [72.8087089997388, 18.974068499760655]
      },
      "properties": {
        "OBJECTID": 422,
        "NAME": "Activity High School",
        "TYPE": 4,
        "LOCATION": "Navroji Gamadia Road, Corner of Pedder Road- Near Jaslok Hospital, Pedder Road, Mumbai, 400026",
        "ELEVATOR_CONTACT_LIST": null,
        "ELEVATOR_INTERCOM": null,
        "WORKING_HRS": null,
        "EMPLOYEE_QTY": null,
        "EMPLOYEE_MALE": null,
        "EMPLOYEE_FEMALE": null,
        "EMPLOYEE_DIF_ABLE": null,
        "WORKING_HRS_STR": null,
        "WORKING_HRS_STP": null
      }
    },
    {
      "type": "Feature",
      "id": 423,
      "geometry": {
        "type": "Point",
        "coordinates": [72.80848110027064, 18.961791100198784]
      },
      "properties": {
        "OBJECTID": 423,
        "NAME": "The New Era School",
        "TYPE": 4,
        "LOCATION": "Hughes Road, Near Babulnath Junction- Side Of M Power, Grant Road, Mumbai, 400007",
        "ELEVATOR_CONTACT_LIST": null,
        "ELEVATOR_INTERCOM": null,
        "WORKING_HRS": null,
        "EMPLOYEE_QTY": null,
        "EMPLOYEE_MALE": null,
        "EMPLOYEE_FEMALE": null,
        "EMPLOYEE_DIF_ABLE": null,
        "WORKING_HRS_STR": null,
        "WORKING_HRS_STP": null
      }
    },
    {
      "type": "Feature",
      "id": 424,
      "geometry": {
        "type": "Point",
        "coordinates": [72.8115970004338, 18.9604973998525]
      },
      "properties": {
        "OBJECTID": 424,
        "NAME": "St Columba School",
        "TYPE": 4,
        "LOCATION": "Kashibai Navrange Marg, Opp Shanta Ashram, Gamdevi, Mumbai, 400007",
        "ELEVATOR_CONTACT_LIST": null,
        "ELEVATOR_INTERCOM": null,
        "WORKING_HRS": null,
        "EMPLOYEE_QTY": null,
        "EMPLOYEE_MALE": null,
        "EMPLOYEE_FEMALE": null,
        "EMPLOYEE_DIF_ABLE": null,
        "WORKING_HRS_STR": null,
        "WORKING_HRS_STP": null
      }
    },
    {
      "type": "Feature",
      "id": 425,
      "geometry": {
        "type": "Point",
        "coordinates": [72.8139340000404, 18.966707700013856]
      },
      "properties": {
        "OBJECTID": 425,
        "NAME": "Cama Montessori And Primary School",
        "TYPE": 4,
        "LOCATION": "Javji Dadaji Road, Opposite Parsing Fire Temple, Tardeo, Mumbai, 400007",
        "ELEVATOR_CONTACT_LIST": null,
        "ELEVATOR_INTERCOM": null,
        "WORKING_HRS": null,
        "EMPLOYEE_QTY": null,
        "EMPLOYEE_MALE": null,
        "EMPLOYEE_FEMALE": null,
        "EMPLOYEE_DIF_ABLE": null,
        "WORKING_HRS_STR": null,
        "WORKING_HRS_STP": null
      }
    },
    {
      "type": "Feature",
      "id": 426,
      "geometry": {
        "type": "Point",
        "coordinates": [72.81233119988714, 18.960302800025488]
      },
      "properties": {
        "OBJECTID": 426,
        "NAME": "Seva Saran Society- Pre Primary and Primary School",
        "TYPE": 4,
        "LOCATION": "Pandita Ramabai Road, Opposite Gamdevi Police station, Grant Road, Mumbai, 400007",
        "ELEVATOR_CONTACT_LIST": null,
        "ELEVATOR_INTERCOM": null,
        "WORKING_HRS": null,
        "EMPLOYEE_QTY": null,
        "EMPLOYEE_MALE": null,
        "EMPLOYEE_FEMALE": null,
        "EMPLOYEE_DIF_ABLE": null,
        "WORKING_HRS_STR": null,
        "WORKING_HRS_STP": null
      }
    },
    {
      "type": "Feature",
      "id": 427,
      "geometry": {
        "type": "Point",
        "coordinates": [72.82160780012711, 18.95547150041188]
      },
      "properties": {
        "OBJECTID": 427,
        "NAME": "Shree Kapol Mahila Mandal Sanskar Bal Mandir",
        "TYPE": 4,
        "LOCATION": "Sadashiv Cross Lane, Near Shirolkar High school, Girgaon, Mumbai, 400004",
        "ELEVATOR_CONTACT_LIST": null,
        "ELEVATOR_INTERCOM": null,
        "WORKING_HRS": null,
        "EMPLOYEE_QTY": null,
        "EMPLOYEE_MALE": null,
        "EMPLOYEE_FEMALE": null,
        "EMPLOYEE_DIF_ABLE": null,
        "WORKING_HRS_STR": null,
        "WORKING_HRS_STP": null
      }
    },
    {
      "type": "Feature",
      "id": 428,
      "geometry": {
        "type": "Point",
        "coordinates": [72.82158260008127, 18.955143300302467]
      },
      "properties": {
        "OBJECTID": 428,
        "NAME": "Shirolkar High school Chikitsa Samoha",
        "TYPE": 4,
        "LOCATION": "Sadashiv Cross Lane, Near Jain Temple, Girgaon, Mumbai, 400004",
        "ELEVATOR_CONTACT_LIST": null,
        "ELEVATOR_INTERCOM": null,
        "WORKING_HRS": null,
        "EMPLOYEE_QTY": null,
        "EMPLOYEE_MALE": null,
        "EMPLOYEE_FEMALE": null,
        "EMPLOYEE_DIF_ABLE": null,
        "WORKING_HRS_STR": null,
        "WORKING_HRS_STP": null
      }
    },
    {
      "type": "Feature",
      "id": 429,
      "geometry": {
        "type": "Point",
        "coordinates": [72.82051339962035, 18.95802730038563]
      },
      "properties": {
        "OBJECTID": 429,
        "NAME": "Zaverbai Bhagvandas Narottamdas Bldg- Vanita Vishram School",
        "TYPE": 4,
        "LOCATION": "S V P Road, Near Harkishandas Reliance Foundation Hospital, Girgaon, Mumbai, 400004",
        "ELEVATOR_CONTACT_LIST": null,
        "ELEVATOR_INTERCOM": null,
        "WORKING_HRS": null,
        "EMPLOYEE_QTY": null,
        "EMPLOYEE_MALE": null,
        "EMPLOYEE_FEMALE": null,
        "EMPLOYEE_DIF_ABLE": null,
        "WORKING_HRS_STR": null,
        "WORKING_HRS_STP": null
      }
    },
    {
      "type": "Feature",
      "id": 430,
      "geometry": {
        "type": "Point",
        "coordinates": [72.82439611141318, 18.959259398264614]
      },
      "properties": {
        "OBJECTID": 430,
        "NAME": "West Khetwadi Municipal Pre Primary Marathi School",
        "TYPE": 1,
        "LOCATION": "Khetwadi Back Road, Khetwadi 5th Lane, Khetwadi, Mumbai, 400004",
        "ELEVATOR_CONTACT_LIST": null,
        "ELEVATOR_INTERCOM": null,
        "WORKING_HRS": null,
        "EMPLOYEE_QTY": null,
        "EMPLOYEE_MALE": null,
        "EMPLOYEE_FEMALE": null,
        "EMPLOYEE_DIF_ABLE": null,
        "WORKING_HRS_STR": null,
        "WORKING_HRS_STP": null
      }
    },
    {
      "type": "Feature",
      "id": 431,
      "geometry": {
        "type": "Point",
        "coordinates": [72.82140399973638, 18.958958799588938]
      },
      "properties": {
        "OBJECTID": 431,
        "NAME": "Ideal Education Society- Union High school",
        "TYPE": 4,
        "LOCATION": "Khetwadi Main Road, Near Siddhesh Darshan Tower, Girgaon, Mumbai, 400004",
        "ELEVATOR_CONTACT_LIST": null,
        "ELEVATOR_INTERCOM": null,
        "WORKING_HRS": null,
        "EMPLOYEE_QTY": null,
        "EMPLOYEE_MALE": null,
        "EMPLOYEE_FEMALE": null,
        "EMPLOYEE_DIF_ABLE": null,
        "WORKING_HRS_STR": null,
        "WORKING_HRS_STP": null
      }
    },
    {
      "type": "Feature",
      "id": 432,
      "geometry": {
        "type": "Point",
        "coordinates": [72.8240035000135, 18.95676930018101]
      },
      "properties": {
        "OBJECTID": 432,
        "NAME": "John Wilson Education Society",
        "TYPE": 4,
        "LOCATION": "Dr Wilson Lane, Near Ambroli Church, Girgaon, Mumbai, 400004",
        "ELEVATOR_CONTACT_LIST": null,
        "ELEVATOR_INTERCOM": null,
        "WORKING_HRS": null,
        "EMPLOYEE_QTY": null,
        "EMPLOYEE_MALE": null,
        "EMPLOYEE_FEMALE": null,
        "EMPLOYEE_DIF_ABLE": null,
        "WORKING_HRS_STR": null,
        "WORKING_HRS_STP": null
      }
    },
    {
      "type": "Feature",
      "id": 434,
      "geometry": {
        "type": "Point",
        "coordinates": [72.81796990000376, 18.957571400371233]
      },
      "properties": {
        "OBJECTID": 434,
        "NAME": "Marwari Vidyalaya High school",
        "TYPE": 4,
        "LOCATION": "S V P Road, Near Kelkar Market, Opposite Sunco Motors, Charni Road, Mumbai, 400004",
        "ELEVATOR_CONTACT_LIST": null,
        "ELEVATOR_INTERCOM": null,
        "WORKING_HRS": null,
        "EMPLOYEE_QTY": null,
        "EMPLOYEE_MALE": null,
        "EMPLOYEE_FEMALE": null,
        "EMPLOYEE_DIF_ABLE": null,
        "WORKING_HRS_STR": null,
        "WORKING_HRS_STP": null
      }
    },
    {
      "type": "Feature",
      "id": 435,
      "geometry": {
        "type": "Point",
        "coordinates": [72.8197568004612, 18.95110570015576]
      },
      "properties": {
        "OBJECTID": 435,
        "NAME": "The Byramjee Jeejeebhoy College of Commerce",
        "TYPE": 4,
        "LOCATION": "Maharshi Karve Road, Opposite Charni Road Railway Station, Charni Road, Mumbai, 400004",
        "ELEVATOR_CONTACT_LIST": null,
        "ELEVATOR_INTERCOM": null,
        "WORKING_HRS": null,
        "EMPLOYEE_QTY": null,
        "EMPLOYEE_MALE": null,
        "EMPLOYEE_FEMALE": null,
        "EMPLOYEE_DIF_ABLE": null,
        "WORKING_HRS_STR": null,
        "WORKING_HRS_STP": null
      }
    },
    {
      "type": "Feature",
      "id": 437,
      "geometry": {
        "type": "Point",
        "coordinates": [72.8187386998049, 18.953056899984073]
      },
      "properties": {
        "OBJECTID": 437,
        "NAME": "St Teresa High School",
        "TYPE": 4,
        "LOCATION": "Hinduja College Road, Near Hinduja College, Charni Road, Mumbai, 400004",
        "ELEVATOR_CONTACT_LIST": null,
        "ELEVATOR_INTERCOM": null,
        "WORKING_HRS": null,
        "EMPLOYEE_QTY": null,
        "EMPLOYEE_MALE": null,
        "EMPLOYEE_FEMALE": null,
        "EMPLOYEE_DIF_ABLE": null,
        "WORKING_HRS_STR": null,
        "WORKING_HRS_STP": null
      }
    },
    {
      "type": "Feature",
      "id": 438,
      "geometry": {
        "type": "Point",
        "coordinates": [72.81946920038595, 18.95698580019803]
      },
      "properties": {
        "OBJECTID": 438,
        "NAME": "Mumbai Prathana Samaj Operated",
        "TYPE": 4,
        "LOCATION": "Rammohan English School, Near Prathana Samaj, Above Canara Bank, Girgaon, Mumbai, 400004",
        "ELEVATOR_CONTACT_LIST": null,
        "ELEVATOR_INTERCOM": null,
        "WORKING_HRS": null,
        "EMPLOYEE_QTY": null,
        "EMPLOYEE_MALE": null,
        "EMPLOYEE_FEMALE": null,
        "EMPLOYEE_DIF_ABLE": null,
        "WORKING_HRS_STR": null,
        "WORKING_HRS_STP": null
      }
    },
    {
      "type": "Feature",
      "id": 440,
      "geometry": {
        "type": "Point",
        "coordinates": [72.81340590001516, 18.967865500039355]
      },
      "properties": {
        "OBJECTID": 440,
        "NAME": "Lady Engineer High School",
        "TYPE": 4,
        "LOCATION": "Gamadia Colony Marg, Opp Tardeo Post Office, Tardeo, Mumbai, 400007",
        "ELEVATOR_CONTACT_LIST": null,
        "ELEVATOR_INTERCOM": null,
        "WORKING_HRS": null,
        "EMPLOYEE_QTY": null,
        "EMPLOYEE_MALE": null,
        "EMPLOYEE_FEMALE": null,
        "EMPLOYEE_DIF_ABLE": null,
        "WORKING_HRS_STR": null,
        "WORKING_HRS_STP": null
      }
    },
    {
      "type": "Feature",
      "id": 441,
      "geometry": {
        "type": "Point",
        "coordinates": [72.82579396543038, 18.9621508879564]
      },
      "properties": {
        "OBJECTID": 441,
        "NAME": "Anjuman I Islam College",
        "TYPE": 1,
        "LOCATION": "Maulana Shaukat Ali Road, Near Kumbharwada 6th Lane, Grant Road, Mumbai, 400008",
        "ELEVATOR_CONTACT_LIST": null,
        "ELEVATOR_INTERCOM": null,
        "WORKING_HRS": null,
        "EMPLOYEE_QTY": null,
        "EMPLOYEE_MALE": null,
        "EMPLOYEE_FEMALE": null,
        "EMPLOYEE_DIF_ABLE": null,
        "WORKING_HRS_STR": null,
        "WORKING_HRS_STP": null
      }
    },
    {
      "type": "Feature",
      "id": 442,
      "geometry": {
        "type": "Point",
        "coordinates": [72.87101861121602, 19.043463028858056]
      },
      "properties": {
        "OBJECTID": 442,
        "NAME": "Balsanskar Primery School",
        "TYPE": 4,
        "LOCATION": "Pratiksha Nagar Road, Mahada Building No T18 Ground Floor, Oppsite Raghunath vittal Chavan Gardan, Partisha Nagar Sion Koliwada, Mumbai, 400022",
        "ELEVATOR_CONTACT_LIST": null,
        "ELEVATOR_INTERCOM": null,
        "WORKING_HRS": null,
        "EMPLOYEE_QTY": null,
        "EMPLOYEE_MALE": null,
        "EMPLOYEE_FEMALE": null,
        "EMPLOYEE_DIF_ABLE": null,
        "WORKING_HRS_STR": null,
        "WORKING_HRS_STP": null
      }
    },
    {
      "type": "Feature",
      "id": 443,
      "geometry": {
        "type": "Point",
        "coordinates": [72.87354391099913, 19.04349725770088]
      },
      "properties": {
        "OBJECTID": 443,
        "NAME": "Pratiksha Nagar Municipal School",
        "TYPE": 1,
        "LOCATION": "Pratiksha Nagar Road, In Front of Sundar vihar, Pratiksha Nagar, Mumbai, 400022",
        "ELEVATOR_CONTACT_LIST": null,
        "ELEVATOR_INTERCOM": null,
        "WORKING_HRS": null,
        "EMPLOYEE_QTY": null,
        "EMPLOYEE_MALE": null,
        "EMPLOYEE_FEMALE": null,
        "EMPLOYEE_DIF_ABLE": null,
        "WORKING_HRS_STR": null,
        "WORKING_HRS_STP": null
      }
    },
    {
      "type": "Feature",
      "id": 444,
      "geometry": {
        "type": "Point",
        "coordinates": [72.86655776218213, 19.045421308576984]
      },
      "properties": {
        "OBJECTID": 444,
        "NAME": "Joglekar Wadi Municiapl School",
        "TYPE": 1,
        "LOCATION": "Sion Road No 1, In Front of Road No 27 A Joglekar Wadi Neharu Udyan, Sion East, Mumbai, 400022",
        "ELEVATOR_CONTACT_LIST": null,
        "ELEVATOR_INTERCOM": null,
        "WORKING_HRS": null,
        "EMPLOYEE_QTY": null,
        "EMPLOYEE_MALE": null,
        "EMPLOYEE_FEMALE": null,
        "EMPLOYEE_DIF_ABLE": null,
        "WORKING_HRS_STR": null,
        "WORKING_HRS_STP": null
      }
    },
    {
      "type": "Feature",
      "id": 445,
      "geometry": {
        "type": "Point",
        "coordinates": [72.87393450718596, 19.025491350303934]
      },
      "properties": {
        "OBJECTID": 445,
        "NAME": "Adarsh Vidyalay Hindi Prathamik School",
        "TYPE": 4,
        "LOCATION": "Salt Pan Road, In Front of Mohdum Ashraf milk Center Kamala Nagar, Wadala East, Mumbai, 400037",
        "ELEVATOR_CONTACT_LIST": null,
        "ELEVATOR_INTERCOM": null,
        "WORKING_HRS": null,
        "EMPLOYEE_QTY": null,
        "EMPLOYEE_MALE": null,
        "EMPLOYEE_FEMALE": null,
        "EMPLOYEE_DIF_ABLE": null,
        "WORKING_HRS_STR": null,
        "WORKING_HRS_STP": null
      }
    },
    {
      "type": "Feature",
      "id": 446,
      "geometry": {
        "type": "Point",
        "coordinates": [72.86870051170362, 19.025047604212634]
      },
      "properties": {
        "OBJECTID": 446,
        "NAME": "Wamanrao Mahadik Municipal High School",
        "TYPE": 1,
        "LOCATION": "Bharni Naka Road, Near Bharni Manka Bus stop, Near Light Pole NoWF 8, Antop Hill, Mumbai, 400037",
        "ELEVATOR_CONTACT_LIST": null,
        "ELEVATOR_INTERCOM": null,
        "WORKING_HRS": null,
        "EMPLOYEE_QTY": null,
        "EMPLOYEE_MALE": null,
        "EMPLOYEE_FEMALE": null,
        "EMPLOYEE_DIF_ABLE": null,
        "WORKING_HRS_STR": null,
        "WORKING_HRS_STP": null
      }
    },
    {
      "type": "Feature",
      "id": 447,
      "geometry": {
        "type": "Point",
        "coordinates": [72.87002451656303, 19.021776523046793]
      },
      "properties": {
        "OBJECTID": 447,
        "NAME": "Vidyalankar College",
        "TYPE": 4,
        "LOCATION": "Vidyalankar Collage Road, Near Bharni Naka, Near Light Pole No VLR 32, Wadala East, Mumbai, 400037",
        "ELEVATOR_CONTACT_LIST": null,
        "ELEVATOR_INTERCOM": null,
        "WORKING_HRS": null,
        "EMPLOYEE_QTY": null,
        "EMPLOYEE_MALE": null,
        "EMPLOYEE_FEMALE": null,
        "EMPLOYEE_DIF_ABLE": null,
        "WORKING_HRS_STR": null,
        "WORKING_HRS_STP": null
      }
    },
    {
      "type": "Feature",
      "id": 448,
      "geometry": {
        "type": "Point",
        "coordinates": [72.86902170623229, 19.018826472632853]
      },
      "properties": {
        "OBJECTID": 448,
        "NAME": "Shree Ganesh Vidyalay",
        "TYPE": 4,
        "LOCATION": "Salt Pan Road, Behind Ganesh Mandir Ganesh Nagar, Near Light Pole No KH 1A-20, Wadala East, Mumbai, 400037",
        "ELEVATOR_CONTACT_LIST": null,
        "ELEVATOR_INTERCOM": null,
        "WORKING_HRS": null,
        "EMPLOYEE_QTY": null,
        "EMPLOYEE_MALE": null,
        "EMPLOYEE_FEMALE": null,
        "EMPLOYEE_DIF_ABLE": null,
        "WORKING_HRS_STR": null,
        "WORKING_HRS_STP": null
      }
    },
    {
      "type": "Feature",
      "id": 449,
      "geometry": {
        "type": "Point",
        "coordinates": [72.86439992513917, 19.015198032618237]
      },
      "properties": {
        "OBJECTID": 449,
        "NAME": "Korba Mithagar Municipal School",
        "TYPE": 1,
        "LOCATION": "Antop Hill Road, Lal Bahadur Shastri Nagar, Wadala, Wadala East, Mumbai, 400037",
        "ELEVATOR_CONTACT_LIST": null,
        "ELEVATOR_INTERCOM": null,
        "WORKING_HRS": null,
        "EMPLOYEE_QTY": null,
        "EMPLOYEE_MALE": null,
        "EMPLOYEE_FEMALE": null,
        "EMPLOYEE_DIF_ABLE": null,
        "WORKING_HRS_STR": null,
        "WORKING_HRS_STP": null
      }
    },
    {
      "type": "Feature",
      "id": 450,
      "geometry": {
        "type": "Point",
        "coordinates": [72.86219179606827, 19.015855450231417]
      },
      "properties": {
        "OBJECTID": 450,
        "NAME": "B Nadkarni Park Municipal School No 1",
        "TYPE": 1,
        "LOCATION": "New BPT Coloney Road, Opposite of BPT Coloney Building No 31 Nadkarni Park, Wadala East, Mumbai, 400037",
        "ELEVATOR_CONTACT_LIST": null,
        "ELEVATOR_INTERCOM": null,
        "WORKING_HRS": null,
        "EMPLOYEE_QTY": null,
        "EMPLOYEE_MALE": null,
        "EMPLOYEE_FEMALE": null,
        "EMPLOYEE_DIF_ABLE": null,
        "WORKING_HRS_STR": null,
        "WORKING_HRS_STP": null
      }
    },
    {
      "type": "Feature",
      "id": 451,
      "geometry": {
        "type": "Point",
        "coordinates": [72.8603199498738, 19.012364200220667]
      },
      "properties": {
        "OBJECTID": 451,
        "NAME": "Mumbai Institute of Management",
        "TYPE": 3,
        "LOCATION": "Nadkarni Park Road, J.K.Jadhav Knowledge Center, Near MbPT Hospital, Wadala East, Mumbai, 400037",
        "ELEVATOR_CONTACT_LIST": null,
        "ELEVATOR_INTERCOM": null,
        "WORKING_HRS": null,
        "EMPLOYEE_QTY": null,
        "EMPLOYEE_MALE": null,
        "EMPLOYEE_FEMALE": null,
        "EMPLOYEE_DIF_ABLE": null,
        "WORKING_HRS_STR": null,
        "WORKING_HRS_STP": null
      }
    },
    {
      "type": "Feature",
      "id": 452,
      "geometry": {
        "type": "Point",
        "coordinates": [72.89183590626406, 19.08077032226121]
      },
      "properties": {
        "OBJECTID": 452,
        "NAME": "Shaskiya Audyogik Prashikshan Santha ITI",
        "TYPE": 4,
        "LOCATION": "Nathani Road Kirol Road, Next To MSRC Prashikshan Kendra Kurla Vidyavuhar, Vidyavihar West, Mumbai, 400086",
        "ELEVATOR_CONTACT_LIST": null,
        "ELEVATOR_INTERCOM": null,
        "WORKING_HRS": null,
        "EMPLOYEE_QTY": null,
        "EMPLOYEE_MALE": null,
        "EMPLOYEE_FEMALE": null,
        "EMPLOYEE_DIF_ABLE": null,
        "WORKING_HRS_STR": null,
        "WORKING_HRS_STP": null
      }
    },
    {
      "type": "Feature",
      "id": 453,
      "geometry": {
        "type": "Point",
        "coordinates": [72.88426559029529, 19.07751912109523]
      },
      "properties": {
        "OBJECTID": 453,
        "NAME": "Gandhi Bal Mandir High School",
        "TYPE": 4,
        "LOCATION": "LBS Road, Near Kohinoor Hospital, Kurla West, Mumbai, 400070",
        "ELEVATOR_CONTACT_LIST": null,
        "ELEVATOR_INTERCOM": null,
        "WORKING_HRS": null,
        "EMPLOYEE_QTY": null,
        "EMPLOYEE_MALE": null,
        "EMPLOYEE_FEMALE": null,
        "EMPLOYEE_DIF_ABLE": null,
        "WORKING_HRS_STR": null,
        "WORKING_HRS_STP": null
      }
    },
    {
      "type": "Feature",
      "id": 454,
      "geometry": {
        "type": "Point",
        "coordinates": [72.90869026743324, 19.061276830963514]
      },
      "properties": {
        "OBJECTID": 454,
        "NAME": "Shree Narayan Guru High School",
        "TYPE": 4,
        "LOCATION": "P L Lokhande Marg, Opp Anand Budh Vihar, Chembur West, Mumbai, 400089",
        "ELEVATOR_CONTACT_LIST": null,
        "ELEVATOR_INTERCOM": null,
        "WORKING_HRS": null,
        "EMPLOYEE_QTY": null,
        "EMPLOYEE_MALE": null,
        "EMPLOYEE_FEMALE": null,
        "EMPLOYEE_DIF_ABLE": null,
        "WORKING_HRS_STR": null,
        "WORKING_HRS_STP": null
      }
    },
    {
      "type": "Feature",
      "id": 455,
      "geometry": {
        "type": "Point",
        "coordinates": [72.89953989970114, 19.06924189998302]
      },
      "properties": {
        "OBJECTID": 455,
        "NAME": "Amchi Shala",
        "TYPE": 4,
        "LOCATION": "Janardhan Krishna Karmalkar Marg, Near NKT Raghuvanshi Hall, Chembur West, Mumbai, 400089",
        "ELEVATOR_CONTACT_LIST": null,
        "ELEVATOR_INTERCOM": null,
        "WORKING_HRS": null,
        "EMPLOYEE_QTY": null,
        "EMPLOYEE_MALE": null,
        "EMPLOYEE_FEMALE": null,
        "EMPLOYEE_DIF_ABLE": null,
        "WORKING_HRS_STR": null,
        "WORKING_HRS_STP": null
      }
    },
    {
      "type": "Feature",
      "id": 456,
      "geometry": {
        "type": "Point",
        "coordinates": [72.89944881154403, 19.070146540389825]
      },
      "properties": {
        "OBJECTID": 456,
        "NAME": null,
        "TYPE": 5,
        "LOCATION": "Janardhan Krishna Karmalkar Marg, Near Amchi Shala, Chembur West, Mumbai, 400089",
        "ELEVATOR_CONTACT_LIST": null,
        "ELEVATOR_INTERCOM": null,
        "WORKING_HRS": null,
        "EMPLOYEE_QTY": null,
        "EMPLOYEE_MALE": null,
        "EMPLOYEE_FEMALE": null,
        "EMPLOYEE_DIF_ABLE": null,
        "WORKING_HRS_STR": null,
        "WORKING_HRS_STP": null
      }
    },
    {
      "type": "Feature",
      "id": 457,
      "geometry": {
        "type": "Point",
        "coordinates": [72.89458263497393, 19.067409803132207]
      },
      "properties": {
        "OBJECTID": 457,
        "NAME": "Tilak Municipal Night High School",
        "TYPE": 1,
        "LOCATION": "Ramchandr Tatojieav Kadam Marg, Opposite Amarpali Woman's Hostel, Chembur West, Mumbai, 400089",
        "ELEVATOR_CONTACT_LIST": null,
        "ELEVATOR_INTERCOM": null,
        "WORKING_HRS": null,
        "EMPLOYEE_QTY": null,
        "EMPLOYEE_MALE": null,
        "EMPLOYEE_FEMALE": null,
        "EMPLOYEE_DIF_ABLE": null,
        "WORKING_HRS_STR": null,
        "WORKING_HRS_STP": null
      }
    },
    {
      "type": "Feature",
      "id": 458,
      "geometry": {
        "type": "Point",
        "coordinates": [72.89550270041663, 19.065583100278797]
      },
      "properties": {
        "OBJECTID": 458,
        "NAME": "Lokmanya Tilak High School",
        "TYPE": 4,
        "LOCATION": "Shanta Jog Marg, Near Ayurveda & Panchkarma Clinic, Chembur West, Mumbai, 400089",
        "ELEVATOR_CONTACT_LIST": null,
        "ELEVATOR_INTERCOM": null,
        "WORKING_HRS": null,
        "EMPLOYEE_QTY": null,
        "EMPLOYEE_MALE": null,
        "EMPLOYEE_FEMALE": null,
        "EMPLOYEE_DIF_ABLE": null,
        "WORKING_HRS_STR": null,
        "WORKING_HRS_STP": null
      }
    },
    {
      "type": "Feature",
      "id": 459,
      "geometry": {
        "type": "Point",
        "coordinates": [72.90608016978217, 19.071130585420157]
      },
      "properties": {
        "OBJECTID": 459,
        "NAME": "Holy Family High School",
        "TYPE": 4,
        "LOCATION": "Pestom Sagar Rd, Near Express Highway Road, Chembur West, Mumbai, 400089",
        "ELEVATOR_CONTACT_LIST": null,
        "ELEVATOR_INTERCOM": null,
        "WORKING_HRS": null,
        "EMPLOYEE_QTY": null,
        "EMPLOYEE_MALE": null,
        "EMPLOYEE_FEMALE": null,
        "EMPLOYEE_DIF_ABLE": null,
        "WORKING_HRS_STR": null,
        "WORKING_HRS_STP": null
      }
    },
    {
      "type": "Feature",
      "id": 460,
      "geometry": {
        "type": "Point",
        "coordinates": [72.90377623921297, 19.055159493763586]
      },
      "properties": {
        "OBJECTID": 460,
        "NAME": "St Joseph's Convent",
        "TYPE": 4,
        "LOCATION": "Sant Anthony Road, Near Madhura Catress, Chembur East, Mumbai, 400071",
        "ELEVATOR_CONTACT_LIST": null,
        "ELEVATOR_INTERCOM": null,
        "WORKING_HRS": null,
        "EMPLOYEE_QTY": null,
        "EMPLOYEE_MALE": null,
        "EMPLOYEE_FEMALE": null,
        "EMPLOYEE_DIF_ABLE": null,
        "WORKING_HRS_STR": null,
        "WORKING_HRS_STP": null
      }
    },
    {
      "type": "Feature",
      "id": 461,
      "geometry": {
        "type": "Point",
        "coordinates": [72.90015015457605, 19.06392886338488]
      },
      "properties": {
        "OBJECTID": 461,
        "NAME": "Station Chembur Municipal Mararthi School No.01",
        "TYPE": 1,
        "LOCATION": "Prakash Thorat Marg, Near Chembur Sation, Chembur East, Mumbai, 400089",
        "ELEVATOR_CONTACT_LIST": null,
        "ELEVATOR_INTERCOM": null,
        "WORKING_HRS": null,
        "EMPLOYEE_QTY": null,
        "EMPLOYEE_MALE": null,
        "EMPLOYEE_FEMALE": null,
        "EMPLOYEE_DIF_ABLE": null,
        "WORKING_HRS_STR": null,
        "WORKING_HRS_STP": null
      }
    },
    {
      "type": "Feature",
      "id": 462,
      "geometry": {
        "type": "Point",
        "coordinates": [72.90093966036345, 19.063404462121852]
      },
      "properties": {
        "OBJECTID": 462,
        "NAME": "Dr Babasaheb Ambedkar Collage ",
        "TYPE": 4,
        "LOCATION": "Prakash Thorat Marg, Near Chembur Sation, Chembur East, Mumbai, 400089",
        "ELEVATOR_CONTACT_LIST": null,
        "ELEVATOR_INTERCOM": null,
        "WORKING_HRS": null,
        "EMPLOYEE_QTY": null,
        "EMPLOYEE_MALE": null,
        "EMPLOYEE_FEMALE": null,
        "EMPLOYEE_DIF_ABLE": null,
        "WORKING_HRS_STR": null,
        "WORKING_HRS_STP": null
      }
    },
    {
      "type": "Feature",
      "id": 464,
      "geometry": {
        "type": "Point",
        "coordinates": [72.9165722426277, 19.087925400544542]
      },
      "properties": {
        "OBJECTID": 464,
        "NAME": "Pantanagar Municipal Primery School No 3",
        "TYPE": 1,
        "LOCATION": "90 Feet Road, Behind Sharda High School Pantanagar, Ghatkopar West, Mumbai, 400075",
        "ELEVATOR_CONTACT_LIST": null,
        "ELEVATOR_INTERCOM": null,
        "WORKING_HRS": null,
        "EMPLOYEE_QTY": null,
        "EMPLOYEE_MALE": null,
        "EMPLOYEE_FEMALE": null,
        "EMPLOYEE_DIF_ABLE": null,
        "WORKING_HRS_STR": null,
        "WORKING_HRS_STP": null
      }
    },
    {
      "type": "Feature",
      "id": 465,
      "geometry": {
        "type": "Point",
        "coordinates": [72.91652932796387, 19.0888616663579]
      },
      "properties": {
        "OBJECTID": 465,
        "NAME": "Sharda prathamic Vidyalay",
        "TYPE": 4,
        "LOCATION": "90 Feet Road, Near Ghatkopar Bus Depo Pantanagar, Ghatkopar East, Mumbai, 400075",
        "ELEVATOR_CONTACT_LIST": null,
        "ELEVATOR_INTERCOM": null,
        "WORKING_HRS": null,
        "EMPLOYEE_QTY": null,
        "EMPLOYEE_MALE": null,
        "EMPLOYEE_FEMALE": null,
        "EMPLOYEE_DIF_ABLE": null,
        "WORKING_HRS_STR": null,
        "WORKING_HRS_STP": null
      }
    },
    {
      "type": "Feature",
      "id": 466,
      "geometry": {
        "type": "Point",
        "coordinates": [72.91251506741834, 19.10224762117386]
      },
      "properties": {
        "OBJECTID": 466,
        "NAME": "Littal Flower English High School",
        "TYPE": 4,
        "LOCATION": "Amrut Nagar Road, In Back Side Of Mufti E Azam Hind Majit Amrut Nagar, Ghatkopar West, Mumbai, 400086",
        "ELEVATOR_CONTACT_LIST": null,
        "ELEVATOR_INTERCOM": null,
        "WORKING_HRS": null,
        "EMPLOYEE_QTY": null,
        "EMPLOYEE_MALE": null,
        "EMPLOYEE_FEMALE": null,
        "EMPLOYEE_DIF_ABLE": null,
        "WORKING_HRS_STR": null,
        "WORKING_HRS_STP": null
      }
    },
    {
      "type": "Feature",
      "id": 467,
      "geometry": {
        "type": "Point",
        "coordinates": [72.91010107770349, 19.094394552830806]
      },
      "properties": {
        "OBJECTID": 467,
        "NAME": "KVK Ghatkopar Sarvajanik School",
        "TYPE": 4,
        "LOCATION": "Sainath Nagar Road, In Frontside Of Rajkamal Udyan Sainath Nagar, Ghatkopar West, Mumbai, 400086",
        "ELEVATOR_CONTACT_LIST": null,
        "ELEVATOR_INTERCOM": null,
        "WORKING_HRS": null,
        "EMPLOYEE_QTY": null,
        "EMPLOYEE_MALE": null,
        "EMPLOYEE_FEMALE": null,
        "EMPLOYEE_DIF_ABLE": null,
        "WORKING_HRS_STR": null,
        "WORKING_HRS_STP": null
      }
    },
    {
      "type": "Feature",
      "id": 468,
      "geometry": {
        "type": "Point",
        "coordinates": [72.91043065474268, 19.094805796615557]
      },
      "properties": {
        "OBJECTID": 468,
        "NAME": "Sainath Nagar Municipal High School",
        "TYPE": 1,
        "LOCATION": "Sainath Nagar Road, In Middal Side Of Snghani Estate, Ghatkopar West, Mumbai, 400086",
        "ELEVATOR_CONTACT_LIST": null,
        "ELEVATOR_INTERCOM": null,
        "WORKING_HRS": null,
        "EMPLOYEE_QTY": null,
        "EMPLOYEE_MALE": null,
        "EMPLOYEE_FEMALE": null,
        "EMPLOYEE_DIF_ABLE": null,
        "WORKING_HRS_STR": null,
        "WORKING_HRS_STP": null
      }
    },
    {
      "type": "Feature",
      "id": 469,
      "geometry": {
        "type": "Point",
        "coordinates": [72.91028983874654, 19.09797658943342]
      },
      "properties": {
        "OBJECTID": 469,
        "NAME": "Sarsvati VidyaNiketan Primery School",
        "TYPE": 4,
        "LOCATION": "Sainath Nagar Road, Near light Pole No NGV 78-64, Ghatkopar West, Mumvai, 400086",
        "ELEVATOR_CONTACT_LIST": null,
        "ELEVATOR_INTERCOM": null,
        "WORKING_HRS": null,
        "EMPLOYEE_QTY": null,
        "EMPLOYEE_MALE": null,
        "EMPLOYEE_FEMALE": null,
        "EMPLOYEE_DIF_ABLE": null,
        "WORKING_HRS_STR": null,
        "WORKING_HRS_STP": null
      }
    },
    {
      "type": "Feature",
      "id": 470,
      "geometry": {
        "type": "Point",
        "coordinates": [72.9099377987209, 19.097606539909687]
      },
      "properties": {
        "OBJECTID": 470,
        "NAME": "Municipal  Narsari",
        "TYPE": 1,
        "LOCATION": "Sainath Road, Shivkrupa Chawal Saibaba Mandir Sainath Road Amrut Nagar, Ghatkopar West, Mumbai, 400086",
        "ELEVATOR_CONTACT_LIST": null,
        "ELEVATOR_INTERCOM": null,
        "WORKING_HRS": null,
        "EMPLOYEE_QTY": null,
        "EMPLOYEE_MALE": null,
        "EMPLOYEE_FEMALE": null,
        "EMPLOYEE_DIF_ABLE": null,
        "WORKING_HRS_STR": null,
        "WORKING_HRS_STP": null
      }
    },
    {
      "type": "Feature",
      "id": 471,
      "geometry": {
        "type": "Point",
        "coordinates": [72.9069397599967, 19.097019148410244]
      },
      "properties": {
        "OBJECTID": 471,
        "NAME": "SIES DR APJ Abdulkalam Memoriyal School",
        "TYPE": 4,
        "LOCATION": "Golibar Road No 1, In Oppsite Of Plot No 2 Mamta Appartment, Near Light pole No NGV 2-51, Ghatkopar West, Mumbai, 400086",
        "ELEVATOR_CONTACT_LIST": null,
        "ELEVATOR_INTERCOM": null,
        "WORKING_HRS": null,
        "EMPLOYEE_QTY": null,
        "EMPLOYEE_MALE": null,
        "EMPLOYEE_FEMALE": null,
        "EMPLOYEE_DIF_ABLE": null,
        "WORKING_HRS_STR": null,
        "WORKING_HRS_STP": null
      }
    },
    {
      "type": "Feature",
      "id": 472,
      "geometry": {
        "type": "Point",
        "coordinates": [72.90970981070696, 19.087360471196956]
      },
      "properties": {
        "OBJECTID": 472,
        "NAME": "Hindi Vidya Prachar Samiti Collage Of low",
        "TYPE": 4,
        "LOCATION": "Ghatkopar Road No 5, Opposite of Jay Vijay Building Parmeshwar Jus center, Ghatkopar West, Mumbai, 400086",
        "ELEVATOR_CONTACT_LIST": null,
        "ELEVATOR_INTERCOM": null,
        "WORKING_HRS": null,
        "EMPLOYEE_QTY": null,
        "EMPLOYEE_MALE": null,
        "EMPLOYEE_FEMALE": null,
        "EMPLOYEE_DIF_ABLE": null,
        "WORKING_HRS_STR": null,
        "WORKING_HRS_STP": null
      }
    },
    {
      "type": "Feature",
      "id": 473,
      "geometry": {
        "type": "Point",
        "coordinates": [72.90713153764423, 19.087192226966152]
      },
      "properties": {
        "OBJECTID": 473,
        "NAME": "Jayatilal Vaishnav Muncipal High school",
        "TYPE": 4,
        "LOCATION": "Khot Road, Opposite of Sagar CHS, Ghatkopar West, Mumbai, 400086",
        "ELEVATOR_CONTACT_LIST": null,
        "ELEVATOR_INTERCOM": null,
        "WORKING_HRS": null,
        "EMPLOYEE_QTY": null,
        "EMPLOYEE_MALE": null,
        "EMPLOYEE_FEMALE": null,
        "EMPLOYEE_DIF_ABLE": null,
        "WORKING_HRS_STR": null,
        "WORKING_HRS_STP": null
      }
    },
    {
      "type": "Feature",
      "id": 474,
      "geometry": {
        "type": "Point",
        "coordinates": [72.89854511581463, 19.08230326318044]
      },
      "properties": {
        "OBJECTID": 474,
        "NAME": "Fatima High School",
        "TYPE": 4,
        "LOCATION": "Natahni Road, Oppsite Side Ghatkopar Joly Jim Khana Next To Fatima Charch, Vidyavihar West, Mumbai, 400086",
        "ELEVATOR_CONTACT_LIST": null,
        "ELEVATOR_INTERCOM": null,
        "WORKING_HRS": null,
        "EMPLOYEE_QTY": null,
        "EMPLOYEE_MALE": null,
        "EMPLOYEE_FEMALE": null,
        "EMPLOYEE_DIF_ABLE": null,
        "WORKING_HRS_STR": null,
        "WORKING_HRS_STP": null
      }
    },
    {
      "type": "Feature",
      "id": 475,
      "geometry": {
        "type": "Point",
        "coordinates": [72.90349546800893, 19.089691151901974]
      },
      "properties": {
        "OBJECTID": 475,
        "NAME": "Aruna Manharlala Shaha Institute Of Management",
        "TYPE": 4,
        "LOCATION": "Maniklala Mehta Road, Opposite of Shree Shankar Sagar CHS Maniklala Estate, Ghatkopar West, Mumbai, 400086",
        "ELEVATOR_CONTACT_LIST": null,
        "ELEVATOR_INTERCOM": null,
        "WORKING_HRS": null,
        "EMPLOYEE_QTY": null,
        "EMPLOYEE_MALE": null,
        "EMPLOYEE_FEMALE": null,
        "EMPLOYEE_DIF_ABLE": null,
        "WORKING_HRS_STR": null,
        "WORKING_HRS_STP": null
      }
    },
    {
      "type": "Feature",
      "id": 476,
      "geometry": {
        "type": "Point",
        "coordinates": [72.90278736545025, 19.089990563985598]
      },
      "properties": {
        "OBJECTID": 476,
        "NAME": "Akvira Nights High school",
        "TYPE": 4,
        "LOCATION": "Ghatkopar Andheri Road, Behind Of Maniklal High School New Manik Lala Estate, Ghatkopar West, Mumbai, 400086",
        "ELEVATOR_CONTACT_LIST": null,
        "ELEVATOR_INTERCOM": null,
        "WORKING_HRS": null,
        "EMPLOYEE_QTY": null,
        "EMPLOYEE_MALE": null,
        "EMPLOYEE_FEMALE": null,
        "EMPLOYEE_DIF_ABLE": null,
        "WORKING_HRS_STR": null,
        "WORKING_HRS_STP": null
      }
    },
    {
      "type": "Feature",
      "id": 477,
      "geometry": {
        "type": "Point",
        "coordinates": [72.90026810040358, 19.08890475669729]
      },
      "properties": {
        "OBJECTID": 477,
        "NAME": "Jai Maharastra Ganesh Maidan Municipal High School",
        "TYPE": 1,
        "LOCATION": "Ganesh Maidan Road, Near Crafer Market, Ghatkopar west, Mumbai, 400086",
        "ELEVATOR_CONTACT_LIST": null,
        "ELEVATOR_INTERCOM": null,
        "WORKING_HRS": null,
        "EMPLOYEE_QTY": null,
        "EMPLOYEE_MALE": null,
        "EMPLOYEE_FEMALE": null,
        "EMPLOYEE_DIF_ABLE": null,
        "WORKING_HRS_STR": null,
        "WORKING_HRS_STP": null
      }
    },
    {
      "type": "Feature",
      "id": 478,
      "geometry": {
        "type": "Point",
        "coordinates": [72.90287487191256, 19.08963918958943]
      },
      "properties": {
        "OBJECTID": 478,
        "NAME": "Maniklal Mehta Municipal school",
        "TYPE": 1,
        "LOCATION": "Ghatkopar Andheri Road, Opposite of Maniklal Compound, Ghatkopar west, Mumbai, 400086",
        "ELEVATOR_CONTACT_LIST": null,
        "ELEVATOR_INTERCOM": null,
        "WORKING_HRS": null,
        "EMPLOYEE_QTY": null,
        "EMPLOYEE_MALE": null,
        "EMPLOYEE_FEMALE": null,
        "EMPLOYEE_DIF_ABLE": null,
        "WORKING_HRS_STR": null,
        "WORKING_HRS_STP": null
      }
    },
    {
      "type": "Feature",
      "id": 479,
      "geometry": {
        "type": "Point",
        "coordinates": [72.90012609853275, 19.090688659589006]
      },
      "properties": {
        "OBJECTID": 479,
        "NAME": "Abhudaya Vidyalay",
        "TYPE": 4,
        "LOCATION": "P.R Kadam Road, Opposite of Vittal Mandir Parsee Wadiv, Ghatkopar west, Mumbai, 400086",
        "ELEVATOR_CONTACT_LIST": null,
        "ELEVATOR_INTERCOM": null,
        "WORKING_HRS": null,
        "EMPLOYEE_QTY": null,
        "EMPLOYEE_MALE": null,
        "EMPLOYEE_FEMALE": null,
        "EMPLOYEE_DIF_ABLE": null,
        "WORKING_HRS_STR": null,
        "WORKING_HRS_STP": null
      }
    },
    {
      "type": "Feature",
      "id": 480,
      "geometry": {
        "type": "Point",
        "coordinates": [72.89815539036191, 19.091415890570648]
      },
      "properties": {
        "OBJECTID": 480,
        "NAME": "Subedar English High School & Junior college Of Arts & Commerce",
        "TYPE": 4,
        "LOCATION": "Azad Nagar Road No 4, In Frontside Chirag Nagar Azad Nagar Junction, Ghatkopar west, Mumbai, 400086",
        "ELEVATOR_CONTACT_LIST": null,
        "ELEVATOR_INTERCOM": null,
        "WORKING_HRS": null,
        "EMPLOYEE_QTY": null,
        "EMPLOYEE_MALE": null,
        "EMPLOYEE_FEMALE": null,
        "EMPLOYEE_DIF_ABLE": null,
        "WORKING_HRS_STR": null,
        "WORKING_HRS_STP": null
      }
    },
    {
      "type": "Feature",
      "id": 481,
      "geometry": {
        "type": "Point",
        "coordinates": [72.89519201977386, 19.09119707835377]
      },
      "properties": {
        "OBJECTID": 481,
        "NAME": "Jawed Urdu High School",
        "TYPE": 4,
        "LOCATION": "DVS Road, Akbar Ali Compound Azad Nagar, Ghatkopar west, Mumbai, 400086",
        "ELEVATOR_CONTACT_LIST": null,
        "ELEVATOR_INTERCOM": null,
        "WORKING_HRS": null,
        "EMPLOYEE_QTY": null,
        "EMPLOYEE_MALE": null,
        "EMPLOYEE_FEMALE": null,
        "EMPLOYEE_DIF_ABLE": null,
        "WORKING_HRS_STR": null,
        "WORKING_HRS_STP": null
      }
    },
    {
      "type": "Feature",
      "id": 482,
      "geometry": {
        "type": "Point",
        "coordinates": [72.9294706506364, 19.14812138085841]
      },
      "properties": {
        "OBJECTID": 482,
        "NAME": "SMT Ramkalidevi Sanman Singh Vidyamandir",
        "TYPE": 4,
        "LOCATION": "Sanman Singh Road, Opposite Shardha Apartment, Bhandup West, Mumbai, 400078",
        "ELEVATOR_CONTACT_LIST": null,
        "ELEVATOR_INTERCOM": null,
        "WORKING_HRS": null,
        "EMPLOYEE_QTY": null,
        "EMPLOYEE_MALE": null,
        "EMPLOYEE_FEMALE": null,
        "EMPLOYEE_DIF_ABLE": null,
        "WORKING_HRS_STR": null,
        "WORKING_HRS_STP": null
      }
    },
    {
      "type": "Feature",
      "id": 483,
      "geometry": {
        "type": "Point",
        "coordinates": [72.92791932816425, 19.15147104681109]
      },
      "properties": {
        "OBJECTID": 483,
        "NAME": "Adarshavadi Vidyalaya",
        "TYPE": 4,
        "LOCATION": "Tembipada Road, Behind Ganesh Mandir, Madras Nagar, Bhandup West, Mumbai, 400078",
        "ELEVATOR_CONTACT_LIST": null,
        "ELEVATOR_INTERCOM": null,
        "WORKING_HRS": null,
        "EMPLOYEE_QTY": null,
        "EMPLOYEE_MALE": null,
        "EMPLOYEE_FEMALE": null,
        "EMPLOYEE_DIF_ABLE": null,
        "WORKING_HRS_STR": null,
        "WORKING_HRS_STP": null
      }
    },
    {
      "type": "Feature",
      "id": 484,
      "geometry": {
        "type": "Point",
        "coordinates": [72.93067261635268, 19.152572278688382]
      },
      "properties": {
        "OBJECTID": 484,
        "NAME": "Navjeevan Education Society",
        "TYPE": 4,
        "LOCATION": "Tembipada Road, Ganesh nagar, Bhandup West, Mumbai, 400078",
        "ELEVATOR_CONTACT_LIST": null,
        "ELEVATOR_INTERCOM": null,
        "WORKING_HRS": null,
        "EMPLOYEE_QTY": null,
        "EMPLOYEE_MALE": null,
        "EMPLOYEE_FEMALE": null,
        "EMPLOYEE_DIF_ABLE": null,
        "WORKING_HRS_STR": null,
        "WORKING_HRS_STP": null
      }
    },
    {
      "type": "Feature",
      "id": 485,
      "geometry": {
        "type": "Point",
        "coordinates": [72.93026793689178, 19.151862196298392]
      },
      "properties": {
        "OBJECTID": 485,
        "NAME": "Navjeevan Vidyamandir",
        "TYPE": 4,
        "LOCATION": "Tembipada Road, Near Kimya Collection, Bhandup West, Mumbai, 400078",
        "ELEVATOR_CONTACT_LIST": null,
        "ELEVATOR_INTERCOM": null,
        "WORKING_HRS": null,
        "EMPLOYEE_QTY": null,
        "EMPLOYEE_MALE": null,
        "EMPLOYEE_FEMALE": null,
        "EMPLOYEE_DIF_ABLE": null,
        "WORKING_HRS_STR": null,
        "WORKING_HRS_STP": null
      }
    },
    {
      "type": "Feature",
      "id": 486,
      "geometry": {
        "type": "Point",
        "coordinates": [72.93061964179674, 19.15471961384946]
      },
      "properties": {
        "OBJECTID": 486,
        "NAME": "Tembipada No 1 Municipal School",
        "TYPE": 1,
        "LOCATION": "Tembipada Road, Near Chandra Niwas, Bhandup West, Mumbai, 400078",
        "ELEVATOR_CONTACT_LIST": null,
        "ELEVATOR_INTERCOM": null,
        "WORKING_HRS": null,
        "EMPLOYEE_QTY": null,
        "EMPLOYEE_MALE": null,
        "EMPLOYEE_FEMALE": null,
        "EMPLOYEE_DIF_ABLE": null,
        "WORKING_HRS_STR": null,
        "WORKING_HRS_STP": null
      }
    },
    {
      "type": "Feature",
      "id": 487,
      "geometry": {
        "type": "Point",
        "coordinates": [72.93292868934303, 19.16247860457523]
      },
      "properties": {
        "OBJECTID": 487,
        "NAME": "Idea High School",
        "TYPE": 4,
        "LOCATION": "Lake Road, Near Tushetpada, Bhandup West, Mumbai, 400078",
        "ELEVATOR_CONTACT_LIST": null,
        "ELEVATOR_INTERCOM": null,
        "WORKING_HRS": null,
        "EMPLOYEE_QTY": null,
        "EMPLOYEE_MALE": null,
        "EMPLOYEE_FEMALE": null,
        "EMPLOYEE_DIF_ABLE": null,
        "WORKING_HRS_STR": null,
        "WORKING_HRS_STP": null
      }
    },
    {
      "type": "Feature",
      "id": 488,
      "geometry": {
        "type": "Point",
        "coordinates": [72.93284688060233, 19.159835413546276]
      },
      "properties": {
        "OBJECTID": 488,
        "NAME": "Tulshetpada Municipal School",
        "TYPE": 1,
        "LOCATION": "Lake Road, Near Mount Merry English High School, Bhandup West, Mumbai, 400078",
        "ELEVATOR_CONTACT_LIST": null,
        "ELEVATOR_INTERCOM": null,
        "WORKING_HRS": null,
        "EMPLOYEE_QTY": null,
        "EMPLOYEE_MALE": null,
        "EMPLOYEE_FEMALE": null,
        "EMPLOYEE_DIF_ABLE": null,
        "WORKING_HRS_STR": null,
        "WORKING_HRS_STP": null
      }
    },
    {
      "type": "Feature",
      "id": 489,
      "geometry": {
        "type": "Point",
        "coordinates": [72.94590669958788, 19.1731332996346]
      },
      "properties": {
        "OBJECTID": 489,
        "NAME": "Rajiv Gandhi High School",
        "TYPE": 4,
        "LOCATION": "Kesavpada, Near Silver Curat Towar, Mulund West, Mumbai, 400080",
        "ELEVATOR_CONTACT_LIST": null,
        "ELEVATOR_INTERCOM": null,
        "WORKING_HRS": null,
        "EMPLOYEE_QTY": null,
        "EMPLOYEE_MALE": null,
        "EMPLOYEE_FEMALE": null,
        "EMPLOYEE_DIF_ABLE": null,
        "WORKING_HRS_STR": null,
        "WORKING_HRS_STP": null
      }
    },
    {
      "type": "Feature",
      "id": 490,
      "geometry": {
        "type": "Point",
        "coordinates": [72.96004283414713, 19.1696043515047]
      },
      "properties": {
        "OBJECTID": 490,
        "NAME": "G V Scheme Municipal School",
        "TYPE": 1,
        "LOCATION": "GV Scheme Rd 2, Shri Sai Nath Nagar, Hanuman Chowk, Mulund East, Mumbai -400081",
        "ELEVATOR_CONTACT_LIST": null,
        "ELEVATOR_INTERCOM": null,
        "WORKING_HRS": null,
        "EMPLOYEE_QTY": null,
        "EMPLOYEE_MALE": null,
        "EMPLOYEE_FEMALE": null,
        "EMPLOYEE_DIF_ABLE": null,
        "WORKING_HRS_STR": null,
        "WORKING_HRS_STP": null
      }
    },
    {
      "type": "Feature",
      "id": 491,
      "geometry": {
        "type": "Point",
        "coordinates": [72.96254584639618, 19.166164517923654]
      },
      "properties": {
        "OBJECTID": 491,
        "NAME": "Navghar Municipal School",
        "TYPE": 1,
        "LOCATION": "Navghar Marg School Building,Gully no 2, Navghar Koliwada,  Mulund East, Mumbai, 400081",
        "ELEVATOR_CONTACT_LIST": null,
        "ELEVATOR_INTERCOM": null,
        "WORKING_HRS": null,
        "EMPLOYEE_QTY": null,
        "EMPLOYEE_MALE": null,
        "EMPLOYEE_FEMALE": null,
        "EMPLOYEE_DIF_ABLE": null,
        "WORKING_HRS_STR": null,
        "WORKING_HRS_STP": null
      }
    },
    {
      "type": "Feature",
      "id": 492,
      "geometry": {
        "type": "Point",
        "coordinates": [72.95335299942171, 19.182465221721653]
      },
      "properties": {
        "OBJECTID": 492,
        "NAME": "DD Upadhay Road Municipal school",
        "TYPE": 1,
        "LOCATION": "Damping Road, Opposite Paltinum Hospital, Mulund West, Mumbai, 400080",
        "ELEVATOR_CONTACT_LIST": null,
        "ELEVATOR_INTERCOM": null,
        "WORKING_HRS": null,
        "EMPLOYEE_QTY": null,
        "EMPLOYEE_MALE": null,
        "EMPLOYEE_FEMALE": null,
        "EMPLOYEE_DIF_ABLE": null,
        "WORKING_HRS_STR": null,
        "WORKING_HRS_STP": null
      }
    },
    {
      "type": "Feature",
      "id": 493,
      "geometry": {
        "type": "Point",
        "coordinates": [72.83926427424203, 19.02535188734265]
      },
      "properties": {
        "OBJECTID": 493,
        "NAME": "Balmohan Vidyamandir",
        "TYPE": 4,
        "LOCATION": "Dr Madhukar Raut Road, Opp JM Purandare Hospital, Shivaji Park, Dadar West, Mumbai, 400028",
        "ELEVATOR_CONTACT_LIST": null,
        "ELEVATOR_INTERCOM": null,
        "WORKING_HRS": null,
        "EMPLOYEE_QTY": null,
        "EMPLOYEE_MALE": null,
        "EMPLOYEE_FEMALE": null,
        "EMPLOYEE_DIF_ABLE": null,
        "WORKING_HRS_STR": null,
        "WORKING_HRS_STP": null
      }
    },
    {
      "type": "Feature",
      "id": 494,
      "geometry": {
        "type": "Point",
        "coordinates": [72.84202862475345, 19.035181522839373]
      },
      "properties": {
        "OBJECTID": 494,
        "NAME": "Victoria High School",
        "TYPE": 4,
        "LOCATION": "Lady Jamshedji Road, Near Shitaladevi Temple, Mahim West, Mumbai, 400016",
        "ELEVATOR_CONTACT_LIST": null,
        "ELEVATOR_INTERCOM": null,
        "WORKING_HRS": null,
        "EMPLOYEE_QTY": null,
        "EMPLOYEE_MALE": null,
        "EMPLOYEE_FEMALE": null,
        "EMPLOYEE_DIF_ABLE": null,
        "WORKING_HRS_STR": null,
        "WORKING_HRS_STP": null
      }
    },
    {
      "type": "Feature",
      "id": 495,
      "geometry": {
        "type": "Point",
        "coordinates": [72.8392280643753, 19.033980304698307]
      },
      "properties": {
        "OBJECTID": 495,
        "NAME": "Bombay Scottish School",
        "TYPE": 4,
        "LOCATION": "Swatantrya Veer Savarkar Road, Opp Hinduja Hospital, Mahim West, Mumbai, 400016",
        "ELEVATOR_CONTACT_LIST": null,
        "ELEVATOR_INTERCOM": null,
        "WORKING_HRS": null,
        "EMPLOYEE_QTY": null,
        "EMPLOYEE_MALE": null,
        "EMPLOYEE_FEMALE": null,
        "EMPLOYEE_DIF_ABLE": null,
        "WORKING_HRS_STR": null,
        "WORKING_HRS_STP": null
      }
    },
    {
      "type": "Feature",
      "id": 496,
      "geometry": {
        "type": "Point",
        "coordinates": [72.84194199321578, 19.020483139321968]
      },
      "properties": {
        "OBJECTID": 496,
        "NAME": "Chhabildas Lalubhai Marathi Primary School",
        "TYPE": 4,
        "LOCATION": "Vachanalaya Marg, Near Vanmali Hall, Dadar West, Mumbai, 400028",
        "ELEVATOR_CONTACT_LIST": null,
        "ELEVATOR_INTERCOM": null,
        "WORKING_HRS": null,
        "EMPLOYEE_QTY": null,
        "EMPLOYEE_MALE": null,
        "EMPLOYEE_FEMALE": null,
        "EMPLOYEE_DIF_ABLE": null,
        "WORKING_HRS_STR": null,
        "WORKING_HRS_STP": null
      }
    },
    {
      "type": "Feature",
      "id": 497,
      "geometry": {
        "type": "Point",
        "coordinates": [72.84266290040397, 19.02061189972726]
      },
      "properties": {
        "OBJECTID": 497,
        "NAME": "Chhabildas CBSC School",
        "TYPE": 4,
        "LOCATION": "Chhabildas Road, Opp Vanmali Hall, Dadar West, Mumbai, 400028",
        "ELEVATOR_CONTACT_LIST": null,
        "ELEVATOR_INTERCOM": null,
        "WORKING_HRS": null,
        "EMPLOYEE_QTY": null,
        "EMPLOYEE_MALE": null,
        "EMPLOYEE_FEMALE": null,
        "EMPLOYEE_DIF_ABLE": null,
        "WORKING_HRS_STR": null,
        "WORKING_HRS_STP": null
      }
    },
    {
      "type": "Feature",
      "id": 498,
      "geometry": {
        "type": "Point",
        "coordinates": [72.84453649090801, 19.029227963858883]
      },
      "properties": {
        "OBJECTID": 498,
        "NAME": "M N P Madhyamik School",
        "TYPE": 4,
        "LOCATION": "Manmala Tank Road, Near Manmala Devi Mandir, Matunga West, Mumbai, 400016",
        "ELEVATOR_CONTACT_LIST": null,
        "ELEVATOR_INTERCOM": null,
        "WORKING_HRS": null,
        "EMPLOYEE_QTY": null,
        "EMPLOYEE_MALE": null,
        "EMPLOYEE_FEMALE": null,
        "EMPLOYEE_DIF_ABLE": null,
        "WORKING_HRS_STR": null,
        "WORKING_HRS_STP": null
      }
    },
    {
      "type": "Feature",
      "id": 499,
      "geometry": {
        "type": "Point",
        "coordinates": [72.8629538785834, 19.05122438811245]
      },
      "properties": {
        "OBJECTID": 499,
        "NAME": "Manohar Joshi College",
        "TYPE": 4,
        "LOCATION": "Dharavi Depot Road, Near Maharashtra Communication, Dharavi, Sion West, Mumbai, 400017",
        "ELEVATOR_CONTACT_LIST": null,
        "ELEVATOR_INTERCOM": null,
        "WORKING_HRS": null,
        "EMPLOYEE_QTY": null,
        "EMPLOYEE_MALE": null,
        "EMPLOYEE_FEMALE": null,
        "EMPLOYEE_DIF_ABLE": null,
        "WORKING_HRS_STR": null,
        "WORKING_HRS_STP": null
      }
    },
    {
      "type": "Feature",
      "id": 500,
      "geometry": {
        "type": "Point",
        "coordinates": [72.85301026018146, 19.036992206851842]
      },
      "properties": {
        "OBJECTID": 500,
        "NAME": "Gandhi Memorial English Primary & High School",
        "TYPE": 4,
        "LOCATION": "Takandas Kataria Marg, Near Shree Shitala Mata Mandir, Matunga Labour Camp, Dharvi West, Mumbai, 400019",
        "ELEVATOR_CONTACT_LIST": null,
        "ELEVATOR_INTERCOM": null,
        "WORKING_HRS": null,
        "EMPLOYEE_QTY": null,
        "EMPLOYEE_MALE": null,
        "EMPLOYEE_FEMALE": null,
        "EMPLOYEE_DIF_ABLE": null,
        "WORKING_HRS_STR": null,
        "WORKING_HRS_STP": null
      }
    },
    {
      "type": "Feature",
      "id": 501,
      "geometry": {
        "type": "Point",
        "coordinates": [72.84071367225918, 19.03078641993579]
      },
      "properties": {
        "OBJECTID": 501,
        "NAME": "Guru Nanak Hindi Primary School",
        "TYPE": 4,
        "LOCATION": "Gopi Tank Road, Near Khalsa Sabha Gurudwara, Mahim West, Mumbai, 400016",
        "ELEVATOR_CONTACT_LIST": null,
        "ELEVATOR_INTERCOM": null,
        "WORKING_HRS": null,
        "EMPLOYEE_QTY": null,
        "EMPLOYEE_MALE": null,
        "EMPLOYEE_FEMALE": null,
        "EMPLOYEE_DIF_ABLE": null,
        "WORKING_HRS_STR": null,
        "WORKING_HRS_STP": null
      }
    },
    {
      "type": "Feature",
      "id": 502,
      "geometry": {
        "type": "Point",
        "coordinates": [72.83994186709243, 19.0315062143956]
      },
      "properties": {
        "OBJECTID": 502,
        "NAME": "Shivaji Park Lions Deaf Student High School",
        "TYPE": 4,
        "LOCATION": "Lieutenant Dilip Gupte Road, Near Mahim Sarvajanik Vachanalaya, Mahim West, Mumbai, 400016",
        "ELEVATOR_CONTACT_LIST": null,
        "ELEVATOR_INTERCOM": null,
        "WORKING_HRS": null,
        "EMPLOYEE_QTY": null,
        "EMPLOYEE_MALE": null,
        "EMPLOYEE_FEMALE": null,
        "EMPLOYEE_DIF_ABLE": null,
        "WORKING_HRS_STR": null,
        "WORKING_HRS_STP": null
      }
    },
    {
      "type": "Feature",
      "id": 503,
      "geometry": {
        "type": "Point",
        "coordinates": [72.8405071417251, 19.040274397287348]
      },
      "properties": {
        "OBJECTID": 503,
        "NAME": "Rahimtoola Currimbhoy School",
        "TYPE": 4,
        "LOCATION": "Balamiya Lane, Near Mahim Dargah, Mahim West, Mumbai, 400016",
        "ELEVATOR_CONTACT_LIST": null,
        "ELEVATOR_INTERCOM": null,
        "WORKING_HRS": null,
        "EMPLOYEE_QTY": null,
        "EMPLOYEE_MALE": null,
        "EMPLOYEE_FEMALE": null,
        "EMPLOYEE_DIF_ABLE": null,
        "WORKING_HRS_STR": null,
        "WORKING_HRS_STP": null
      }
    },
    {
      "type": "Feature",
      "id": 505,
      "geometry": {
        "type": "Point",
        "coordinates": [72.84348841769688, 19.039434840183066]
      },
      "properties": {
        "OBJECTID": 505,
        "NAME": "Canossa High School",
        "TYPE": 4,
        "LOCATION": "Mia Mohammed Chhotani Road, Near Dindi Udyan, Mahim West Shivaji Park No 08, Mumbai, 400016",
        "ELEVATOR_CONTACT_LIST": null,
        "ELEVATOR_INTERCOM": null,
        "WORKING_HRS": null,
        "EMPLOYEE_QTY": null,
        "EMPLOYEE_MALE": null,
        "EMPLOYEE_FEMALE": null,
        "EMPLOYEE_DIF_ABLE": null,
        "WORKING_HRS_STR": null,
        "WORKING_HRS_STP": null
      }
    },
    {
      "type": "Feature",
      "id": 506,
      "geometry": {
        "type": "Point",
        "coordinates": [72.84335999977169, 19.042433999567947]
      },
      "properties": {
        "OBJECTID": 506,
        "NAME": "K J Khilnani High School And Junior College",
        "TYPE": 4,
        "LOCATION": "MMC Cross Road No 02, Opp Milan Store, Mahim West, Mumbai, 400016",
        "ELEVATOR_CONTACT_LIST": null,
        "ELEVATOR_INTERCOM": null,
        "WORKING_HRS": null,
        "EMPLOYEE_QTY": null,
        "EMPLOYEE_MALE": null,
        "EMPLOYEE_FEMALE": null,
        "EMPLOYEE_DIF_ABLE": null,
        "WORKING_HRS_STR": null,
        "WORKING_HRS_STP": null
      }
    },
    {
      "type": "Feature",
      "id": 507,
      "geometry": {
        "type": "Point",
        "coordinates": [72.84105598880551, 19.03897021310908]
      },
      "properties": {
        "OBJECTID": 507,
        "NAME": "Anjuman Islam Junior College of Education for Women",
        "TYPE": 4,
        "LOCATION": "Lady Jamshedji Cross Road, Near Wanja Wadi Masjid, Wanja Wadi, Mahim West, Mumbai, 400016",
        "ELEVATOR_CONTACT_LIST": null,
        "ELEVATOR_INTERCOM": null,
        "WORKING_HRS": null,
        "EMPLOYEE_QTY": null,
        "EMPLOYEE_MALE": null,
        "EMPLOYEE_FEMALE": null,
        "EMPLOYEE_DIF_ABLE": null,
        "WORKING_HRS_STR": null,
        "WORKING_HRS_STP": null
      }
    },
    {
      "type": "Feature",
      "id": 508,
      "geometry": {
        "type": "Point",
        "coordinates": [72.85548799984507, 19.041491999766954]
      },
      "properties": {
        "OBJECTID": 508,
        "NAME": "Kamraj Memorial English High School And Junior College",
        "TYPE": 4,
        "LOCATION": "90 Feet Road, Near Tamilnad Mercantile Bank Ltd, Dharavi, Sion West, Mumbai, 400017",
        "ELEVATOR_CONTACT_LIST": null,
        "ELEVATOR_INTERCOM": null,
        "WORKING_HRS": null,
        "EMPLOYEE_QTY": null,
        "EMPLOYEE_MALE": null,
        "EMPLOYEE_FEMALE": null,
        "EMPLOYEE_DIF_ABLE": null,
        "WORKING_HRS_STR": null,
        "WORKING_HRS_STP": null
      }
    },
    {
      "type": "Feature",
      "id": 509,
      "geometry": {
        "type": "Point",
        "coordinates": [72.83451877462632, 19.017085960198077]
      },
      "properties": {
        "OBJECTID": 509,
        "NAME": "Adv Balasaheb Aapte College of Law",
        "TYPE": 4,
        "LOCATION": "N M Kale Road, Opp Datta Raul Maidan, Dadar West, Mumbai, 400028",
        "ELEVATOR_CONTACT_LIST": null,
        "ELEVATOR_INTERCOM": null,
        "WORKING_HRS": null,
        "EMPLOYEE_QTY": null,
        "EMPLOYEE_MALE": null,
        "EMPLOYEE_FEMALE": null,
        "EMPLOYEE_DIF_ABLE": null,
        "WORKING_HRS_STR": null,
        "WORKING_HRS_STP": null
      }
    },
    {
      "type": "Feature",
      "id": 510,
      "geometry": {
        "type": "Point",
        "coordinates": [72.83430587492383, 19.017412129782073]
      },
      "properties": {
        "OBJECTID": 510,
        "NAME": "People's Education Society College of Commerce",
        "TYPE": 4,
        "LOCATION": "N M Kale Road, Opp Datta Raul Maidan, Dadar West, Mumbai, 400028",
        "ELEVATOR_CONTACT_LIST": null,
        "ELEVATOR_INTERCOM": null,
        "WORKING_HRS": null,
        "EMPLOYEE_QTY": null,
        "EMPLOYEE_MALE": null,
        "EMPLOYEE_FEMALE": null,
        "EMPLOYEE_DIF_ABLE": null,
        "WORKING_HRS_STR": null,
        "WORKING_HRS_STP": null
      }
    },
    {
      "type": "Feature",
      "id": 511,
      "geometry": {
        "type": "Point",
        "coordinates": [72.83684300009467, 19.019564999880657]
      },
      "properties": {
        "OBJECTID": 511,
        "NAME": "S V Nabar Guruji Vidyalaya",
        "TYPE": 4,
        "LOCATION": "S K Bole Road, Near Portuguese Church, Dadar West, Mumbai, 400028",
        "ELEVATOR_CONTACT_LIST": null,
        "ELEVATOR_INTERCOM": null,
        "WORKING_HRS": null,
        "EMPLOYEE_QTY": null,
        "EMPLOYEE_MALE": null,
        "EMPLOYEE_FEMALE": null,
        "EMPLOYEE_DIF_ABLE": null,
        "WORKING_HRS_STR": null,
        "WORKING_HRS_STP": null
      }
    },
    {
      "type": "Feature",
      "id": 512,
      "geometry": {
        "type": "Point",
        "coordinates": [72.83591788270374, 19.022948668216902]
      },
      "properties": {
        "OBJECTID": 512,
        "NAME": "Sane Guruji Vidyalaya",
        "TYPE": 4,
        "LOCATION": "B W Pathare Marg, Near Government Catering College, Dadar West, Mumbai, 400028",
        "ELEVATOR_CONTACT_LIST": null,
        "ELEVATOR_INTERCOM": null,
        "WORKING_HRS": null,
        "EMPLOYEE_QTY": null,
        "EMPLOYEE_MALE": null,
        "EMPLOYEE_FEMALE": null,
        "EMPLOYEE_DIF_ABLE": null,
        "WORKING_HRS_STR": null,
        "WORKING_HRS_STP": null
      }
    },
    {
      "type": "Feature",
      "id": 513,
      "geometry": {
        "type": "Point",
        "coordinates": [72.83555645491924, 19.02079645412262]
      },
      "properties": {
        "OBJECTID": 513,
        "NAME": "Pragati Marathi And Hindi Vidyamandir",
        "TYPE": 4,
        "LOCATION": "MTNL Lane, Opp Prabhadevi Telephone Exchange, Dadar West, Mumbai, 400028",
        "ELEVATOR_CONTACT_LIST": null,
        "ELEVATOR_INTERCOM": null,
        "WORKING_HRS": null,
        "EMPLOYEE_QTY": null,
        "EMPLOYEE_MALE": null,
        "EMPLOYEE_FEMALE": null,
        "EMPLOYEE_DIF_ABLE": null,
        "WORKING_HRS_STR": null,
        "WORKING_HRS_STP": null
      }
    },
    {
      "type": "Feature",
      "id": 514,
      "geometry": {
        "type": "Point",
        "coordinates": [72.83516284114427, 19.018274303814884]
      },
      "properties": {
        "OBJECTID": 514,
        "NAME": "Our Lady Of Salvation High School",
        "TYPE": 4,
        "LOCATION": "S K Bole Road, Near Portuguese Church, Dadar West, Mumbai, 400028",
        "ELEVATOR_CONTACT_LIST": null,
        "ELEVATOR_INTERCOM": null,
        "WORKING_HRS": null,
        "EMPLOYEE_QTY": null,
        "EMPLOYEE_MALE": null,
        "EMPLOYEE_FEMALE": null,
        "EMPLOYEE_DIF_ABLE": null,
        "WORKING_HRS_STR": null,
        "WORKING_HRS_STP": null
      }
    },
    {
      "type": "Feature",
      "id": 515,
      "geometry": {
        "type": "Point",
        "coordinates": [72.83606004036773, 19.022992091876223]
      },
      "properties": {
        "OBJECTID": 515,
        "NAME": "Kohinoor College Of Hotel And Tourism Management Studies",
        "TYPE": 4,
        "LOCATION": "B W Pathare Marg, Near Government Catering College, Dadar West, Mumbai, 400028",
        "ELEVATOR_CONTACT_LIST": null,
        "ELEVATOR_INTERCOM": null,
        "WORKING_HRS": null,
        "EMPLOYEE_QTY": null,
        "EMPLOYEE_MALE": null,
        "EMPLOYEE_FEMALE": null,
        "EMPLOYEE_DIF_ABLE": null,
        "WORKING_HRS_STR": null,
        "WORKING_HRS_STP": null
      }
    },
    {
      "type": "Feature",
      "id": 516,
      "geometry": {
        "type": "Point",
        "coordinates": [72.86025300011622, 19.048407000102728]
      },
      "properties": {
        "OBJECTID": 516,
        "NAME": "Dharavi Kala Killa Municipal Marathi School",
        "TYPE": 1,
        "LOCATION": "Kala Kill Marg, Near Ambika Mitra Mandal, Dharavi, Sion West, Mumbai, 400017",
        "ELEVATOR_CONTACT_LIST": null,
        "ELEVATOR_INTERCOM": null,
        "WORKING_HRS": null,
        "EMPLOYEE_QTY": null,
        "EMPLOYEE_MALE": null,
        "EMPLOYEE_FEMALE": null,
        "EMPLOYEE_DIF_ABLE": null,
        "WORKING_HRS_STR": null,
        "WORKING_HRS_STP": null
      }
    },
    {
      "type": "Feature",
      "id": 517,
      "geometry": {
        "type": "Point",
        "coordinates": [72.83172123119418, 19.016534736357094]
      },
      "properties": {
        "OBJECTID": 517,
        "NAME": "Convent Girl's High School",
        "TYPE": 4,
        "LOCATION": "K Gadgil Marg, Near Shree Siddhivinayak Temple, Prabhadevi, Dadar West, Mumbai, 400025",
        "ELEVATOR_CONTACT_LIST": null,
        "ELEVATOR_INTERCOM": null,
        "WORKING_HRS": null,
        "EMPLOYEE_QTY": null,
        "EMPLOYEE_MALE": null,
        "EMPLOYEE_FEMALE": null,
        "EMPLOYEE_DIF_ABLE": null,
        "WORKING_HRS_STR": null,
        "WORKING_HRS_STP": null
      }
    },
    {
      "type": "Feature",
      "id": 518,
      "geometry": {
        "type": "Point",
        "coordinates": [72.83487752120769, 19.01677532174318]
      },
      "properties": {
        "OBJECTID": 518,
        "NAME": "Gokhale Road South Municipal School",
        "TYPE": 1,
        "LOCATION": "Gokhale Road South, Near Datta Raul Maidan, Dadar West, Mumbai, 400028",
        "ELEVATOR_CONTACT_LIST": null,
        "ELEVATOR_INTERCOM": null,
        "WORKING_HRS": null,
        "EMPLOYEE_QTY": null,
        "EMPLOYEE_MALE": null,
        "EMPLOYEE_FEMALE": null,
        "EMPLOYEE_DIF_ABLE": null,
        "WORKING_HRS_STR": null,
        "WORKING_HRS_STP": null
      }
    },
    {
      "type": "Feature",
      "id": 519,
      "geometry": {
        "type": "Point",
        "coordinates": [72.84182599974575, 19.028424999755742]
      },
      "properties": {
        "OBJECTID": 519,
        "NAME": "Dadar Vidhya Mandir Junior College",
        "TYPE": 5,
        "LOCATION": "Taikalwadi Road, Near Asha Poly Clinic, Mahim, Matunga West, Mumbai, 400016",
        "ELEVATOR_CONTACT_LIST": null,
        "ELEVATOR_INTERCOM": null,
        "WORKING_HRS": null,
        "EMPLOYEE_QTY": null,
        "EMPLOYEE_MALE": null,
        "EMPLOYEE_FEMALE": null,
        "EMPLOYEE_DIF_ABLE": null,
        "WORKING_HRS_STR": null,
        "WORKING_HRS_STP": null
      }
    },
    {
      "type": "Feature",
      "id": 520,
      "geometry": {
        "type": "Point",
        "coordinates": [72.85944856700822, 19.042811742877674]
      },
      "properties": {
        "OBJECTID": 520,
        "NAME": "(Duplicate) Municipal School SC08000000056",
        "TYPE": 1,
        "LOCATION": "Mahatma Gandhi Road, Near Guru Pooja Store, Dharavi, Sion West, Mumbai, 400017",
        "ELEVATOR_CONTACT_LIST": null,
        "ELEVATOR_INTERCOM": null,
        "WORKING_HRS": null,
        "EMPLOYEE_QTY": null,
        "EMPLOYEE_MALE": null,
        "EMPLOYEE_FEMALE": null,
        "EMPLOYEE_DIF_ABLE": null,
        "WORKING_HRS_STR": null,
        "WORKING_HRS_STP": null
      }
    },
    {
      "type": "Feature",
      "id": 521,
      "geometry": {
        "type": "Point",
        "coordinates": [72.8585255523408, 19.04291981623402]
      },
      "properties": {
        "OBJECTID": 521,
        "NAME": "M A English High School",
        "TYPE": 4,
        "LOCATION": "Rajiv Gandhi Nagar Road, Near King Of King Marker, Dharavi, Sion West, Mumbai, 400017",
        "ELEVATOR_CONTACT_LIST": null,
        "ELEVATOR_INTERCOM": null,
        "WORKING_HRS": null,
        "EMPLOYEE_QTY": null,
        "EMPLOYEE_MALE": null,
        "EMPLOYEE_FEMALE": null,
        "EMPLOYEE_DIF_ABLE": null,
        "WORKING_HRS_STR": null,
        "WORKING_HRS_STP": null
      }
    },
    {
      "type": "Feature",
      "id": 522,
      "geometry": {
        "type": "Point",
        "coordinates": [72.85892084161962, 19.042666272610898]
      },
      "properties": {
        "OBJECTID": 522,
        "NAME": "N I E S English Primary School",
        "TYPE": 4,
        "LOCATION": "Machi Galli Road, Near Al,Barkat General Store, Dharavi, Sion West, Mumbai, 400017",
        "ELEVATOR_CONTACT_LIST": null,
        "ELEVATOR_INTERCOM": null,
        "WORKING_HRS": null,
        "EMPLOYEE_QTY": null,
        "EMPLOYEE_MALE": null,
        "EMPLOYEE_FEMALE": null,
        "EMPLOYEE_DIF_ABLE": null,
        "WORKING_HRS_STR": null,
        "WORKING_HRS_STP": null
      }
    },
    {
      "type": "Feature",
      "id": 523,
      "geometry": {
        "type": "Point",
        "coordinates": [72.83236697333307, 19.019560899720272]
      },
      "properties": {
        "OBJECTID": 523,
        "NAME": "Ministry of Skill Development and Entrepreneurship",
        "TYPE": 2,
        "LOCATION": "Kashinath Dhuru Path, Near Kirti College, Dadar West, Mumbai, 400025",
        "ELEVATOR_CONTACT_LIST": null,
        "ELEVATOR_INTERCOM": null,
        "WORKING_HRS": null,
        "EMPLOYEE_QTY": null,
        "EMPLOYEE_MALE": null,
        "EMPLOYEE_FEMALE": null,
        "EMPLOYEE_DIF_ABLE": null,
        "WORKING_HRS_STR": null,
        "WORKING_HRS_STP": null
      }
    },
    {
      "type": "Feature",
      "id": 524,
      "geometry": {
        "type": "Point",
        "coordinates": [72.83226303780684, 19.01390538009681]
      },
      "properties": {
        "OBJECTID": 524,
        "NAME": "Khed Gulli Municipal School",
        "TYPE": 1,
        "LOCATION": "Annasaheb Patil Marg, Near BMC Communication Center, Prabhadevi, Dadar West, Mumbai, 400025",
        "ELEVATOR_CONTACT_LIST": null,
        "ELEVATOR_INTERCOM": null,
        "WORKING_HRS": null,
        "EMPLOYEE_QTY": null,
        "EMPLOYEE_MALE": null,
        "EMPLOYEE_FEMALE": null,
        "EMPLOYEE_DIF_ABLE": null,
        "WORKING_HRS_STR": null,
        "WORKING_HRS_STP": null
      }
    },
    {
      "type": "Feature",
      "id": 525,
      "geometry": {
        "type": "Point",
        "coordinates": [72.84539599971569, 19.02807899961399]
      },
      "properties": {
        "OBJECTID": 525,
        "NAME": "DG Ruparel College Of Arts, Science and Commerce",
        "TYPE": 4,
        "LOCATION": "Senapati Bapat Marg, Near Matunga Railway Station, Mahim, Matunga West, Mumbai, 400016",
        "ELEVATOR_CONTACT_LIST": null,
        "ELEVATOR_INTERCOM": null,
        "WORKING_HRS": null,
        "EMPLOYEE_QTY": null,
        "EMPLOYEE_MALE": null,
        "EMPLOYEE_FEMALE": null,
        "EMPLOYEE_DIF_ABLE": null,
        "WORKING_HRS_STR": null,
        "WORKING_HRS_STP": null
      }
    },
    {
      "type": "Feature",
      "id": 526,
      "geometry": {
        "type": "Point",
        "coordinates": [72.84593499974171, 19.030056000275813]
      },
      "properties": {
        "OBJECTID": 526,
        "NAME": "Shivaji Park Lions High School",
        "TYPE": 4,
        "LOCATION": "Senapati Bapat Road, Near Matunga Railway Station, Mahim, Matunga West, Mumbai, 400016",
        "ELEVATOR_CONTACT_LIST": null,
        "ELEVATOR_INTERCOM": null,
        "WORKING_HRS": null,
        "EMPLOYEE_QTY": null,
        "EMPLOYEE_MALE": null,
        "EMPLOYEE_FEMALE": null,
        "EMPLOYEE_DIF_ABLE": null,
        "WORKING_HRS_STR": null,
        "WORKING_HRS_STP": null
      }
    },
    {
      "type": "Feature",
      "id": 527,
      "geometry": {
        "type": "Point",
        "coordinates": [72.83717159958312, 19.015239900308814]
      },
      "properties": {
        "OBJECTID": 527,
        "NAME": "Shardashram Vidyamandir International School",
        "TYPE": 4,
        "LOCATION": "Bhawani Shankar Road, Near Kalika Mata Chwok, Dadar West, Mumbai, 400028",
        "ELEVATOR_CONTACT_LIST": null,
        "ELEVATOR_INTERCOM": null,
        "WORKING_HRS": null,
        "EMPLOYEE_QTY": null,
        "EMPLOYEE_MALE": null,
        "EMPLOYEE_FEMALE": null,
        "EMPLOYEE_DIF_ABLE": null,
        "WORKING_HRS_STR": null,
        "WORKING_HRS_STP": null
      }
    },
    {
      "type": "Feature",
      "id": 528,
      "geometry": {
        "type": "Point",
        "coordinates": [72.83167200039193, 19.016822000382085]
      },
      "properties": {
        "OBJECTID": 528,
        "NAME": "The Stephen High School For The Deaf Montfort Junior College",
        "TYPE": 4,
        "LOCATION": "Purushottam Gulli, Near Shree Siddhivinayak Temple, Prabhadevi, Dadar West, Mumbai, 400025",
        "ELEVATOR_CONTACT_LIST": null,
        "ELEVATOR_INTERCOM": null,
        "WORKING_HRS": null,
        "EMPLOYEE_QTY": null,
        "EMPLOYEE_MALE": null,
        "EMPLOYEE_FEMALE": null,
        "EMPLOYEE_DIF_ABLE": null,
        "WORKING_HRS_STR": null,
        "WORKING_HRS_STP": null
      }
    },
    {
      "type": "Feature",
      "id": 529,
      "geometry": {
        "type": "Point",
        "coordinates": [72.85725599997825, 19.0469829996473]
      },
      "properties": {
        "OBJECTID": 529,
        "NAME": "Royal English School",
        "TYPE": 4,
        "LOCATION": "Damber Compound Marg, Near Gausia Hospital, Dharavi, Sion West, Mumbai, 400017",
        "ELEVATOR_CONTACT_LIST": null,
        "ELEVATOR_INTERCOM": null,
        "WORKING_HRS": null,
        "EMPLOYEE_QTY": null,
        "EMPLOYEE_MALE": null,
        "EMPLOYEE_FEMALE": null,
        "EMPLOYEE_DIF_ABLE": null,
        "WORKING_HRS_STR": null,
        "WORKING_HRS_STP": null
      }
    },
    {
      "type": "Feature",
      "id": 530,
      "geometry": {
        "type": "Point",
        "coordinates": [72.85197760876248, 19.04298922302134]
      },
      "properties": {
        "OBJECTID": 530,
        "NAME": "B S I A S English High School",
        "TYPE": 4,
        "LOCATION": "Dharavi Cross Road, Near Ganesh Mandir, Dharavi, Sion West, Mumbai, 400017",
        "ELEVATOR_CONTACT_LIST": null,
        "ELEVATOR_INTERCOM": null,
        "WORKING_HRS": null,
        "EMPLOYEE_QTY": null,
        "EMPLOYEE_MALE": null,
        "EMPLOYEE_FEMALE": null,
        "EMPLOYEE_DIF_ABLE": null,
        "WORKING_HRS_STR": null,
        "WORKING_HRS_STP": null
      }
    },
    {
      "type": "Feature",
      "id": 531,
      "geometry": {
        "type": "Point",
        "coordinates": [72.85442948259588, 19.042415899548836]
      },
      "properties": {
        "OBJECTID": 531,
        "NAME": "Bharatratna Dr Babasaheb Ambedkar Vidyalaya And Junior College",
        "TYPE": 4,
        "LOCATION": "Dharavi Cross Road, Near The After School Of Hip Hop, Dharavi, Sion West, Mumbai, 400017",
        "ELEVATOR_CONTACT_LIST": null,
        "ELEVATOR_INTERCOM": null,
        "WORKING_HRS": null,
        "EMPLOYEE_QTY": null,
        "EMPLOYEE_MALE": null,
        "EMPLOYEE_FEMALE": null,
        "EMPLOYEE_DIF_ABLE": null,
        "WORKING_HRS_STR": null,
        "WORKING_HRS_STP": null
      }
    },
    {
      "type": "Feature",
      "id": 532,
      "geometry": {
        "type": "Point",
        "coordinates": [72.83542972077086, 19.023787040806564]
      },
      "properties": {
        "OBJECTID": 532,
        "NAME": "Institute Of Hotel Management, Catering Technology And Applied Nutrition",
        "TYPE": 4,
        "LOCATION": "Swatantryaveer Savarkar Road, Opp Swatantryaveer Savarkar Road Post Office, Dadar West, Mumbai, 400028",
        "ELEVATOR_CONTACT_LIST": null,
        "ELEVATOR_INTERCOM": null,
        "WORKING_HRS": null,
        "EMPLOYEE_QTY": null,
        "EMPLOYEE_MALE": null,
        "EMPLOYEE_FEMALE": null,
        "EMPLOYEE_DIF_ABLE": null,
        "WORKING_HRS_STR": null,
        "WORKING_HRS_STP": null
      }
    },
    {
      "type": "Feature",
      "id": 533,
      "geometry": {
        "type": "Point",
        "coordinates": [72.83639565074621, 19.022331216822664]
      },
      "properties": {
        "OBJECTID": 533,
        "NAME": "Indian Education Society Modern English School",
        "TYPE": 4,
        "LOCATION": "H M Patil Road, Near Bhatiya Bhuvan, Dadar West, Mumbai, 400028",
        "ELEVATOR_CONTACT_LIST": null,
        "ELEVATOR_INTERCOM": null,
        "WORKING_HRS": null,
        "EMPLOYEE_QTY": null,
        "EMPLOYEE_MALE": null,
        "EMPLOYEE_FEMALE": null,
        "EMPLOYEE_DIF_ABLE": null,
        "WORKING_HRS_STR": null,
        "WORKING_HRS_STP": null
      }
    },
    {
      "type": "Feature",
      "id": 534,
      "geometry": {
        "type": "Point",
        "coordinates": [72.83757180035019, 19.022671638569257]
      },
      "properties": {
        "OBJECTID": 534,
        "NAME": "Balak Vihar Vidyalaya",
        "TYPE": 4,
        "LOCATION": "Anant Patil Road, Near MTNL Telephone Exchange, Dadar West, Mumbai, 400028",
        "ELEVATOR_CONTACT_LIST": null,
        "ELEVATOR_INTERCOM": null,
        "WORKING_HRS": null,
        "EMPLOYEE_QTY": null,
        "EMPLOYEE_MALE": null,
        "EMPLOYEE_FEMALE": null,
        "EMPLOYEE_DIF_ABLE": null,
        "WORKING_HRS_STR": null,
        "WORKING_HRS_STP": null
      }
    },
    {
      "type": "Feature",
      "id": 535,
      "geometry": {
        "type": "Point",
        "coordinates": [72.85474765998639, 19.04302757121607]
      },
      "properties": {
        "OBJECTID": 535,
        "NAME": "Shree Ganesh Vidya Mandir English Medium School",
        "TYPE": 4,
        "LOCATION": "Sant Kakkayya Marg, Near Mahalaxmi Mandir, Dharavi, Sion West, Mumbai, 400017",
        "ELEVATOR_CONTACT_LIST": null,
        "ELEVATOR_INTERCOM": null,
        "WORKING_HRS": null,
        "EMPLOYEE_QTY": null,
        "EMPLOYEE_MALE": null,
        "EMPLOYEE_FEMALE": null,
        "EMPLOYEE_DIF_ABLE": null,
        "WORKING_HRS_STR": null,
        "WORKING_HRS_STP": null
      }
    },
    {
      "type": "Feature",
      "id": 536,
      "geometry": {
        "type": "Point",
        "coordinates": [72.84472002682347, 19.02926528596721]
      },
      "properties": {
        "OBJECTID": 536,
        "NAME": "City Of Los Angeles, Municipal School",
        "TYPE": 1,
        "LOCATION": "Manmala Tank Road, Matunga Road,Mahim,Mumbai 400016",
        "ELEVATOR_CONTACT_LIST": null,
        "ELEVATOR_INTERCOM": null,
        "WORKING_HRS": null,
        "EMPLOYEE_QTY": null,
        "EMPLOYEE_MALE": null,
        "EMPLOYEE_FEMALE": null,
        "EMPLOYEE_DIF_ABLE": null,
        "WORKING_HRS_STR": null,
        "WORKING_HRS_STP": null
      }
    },
    {
      "type": "Feature",
      "id": 537,
      "geometry": {
        "type": "Point",
        "coordinates": [72.85452507285892, 19.04248905581031]
      },
      "properties": {
        "OBJECTID": 537,
        "NAME": "Sant Kakkayya Marg Municipal School",
        "TYPE": 1,
        "LOCATION": "Sant Kakkayya Marg, Near Shivraj Udyan, Dharavi, Sion West, Mumbai, 400017",
        "ELEVATOR_CONTACT_LIST": null,
        "ELEVATOR_INTERCOM": null,
        "WORKING_HRS": null,
        "EMPLOYEE_QTY": null,
        "EMPLOYEE_MALE": null,
        "EMPLOYEE_FEMALE": null,
        "EMPLOYEE_DIF_ABLE": null,
        "WORKING_HRS_STR": null,
        "WORKING_HRS_STP": null
      }
    },
    {
      "type": "Feature",
      "id": 538,
      "geometry": {
        "type": "Point",
        "coordinates": [72.8347125646115, 19.022668470049606]
      },
      "properties": {
        "OBJECTID": 538,
        "NAME": "Dr Antonio Da Silva Technical High School & Jr College Of Science",
        "TYPE": 4,
        "LOCATION": "Swatantryaveer Savarkar Road, Near Suryawanshi Hall, Dadar West, Mumbai, 400028",
        "ELEVATOR_CONTACT_LIST": null,
        "ELEVATOR_INTERCOM": null,
        "WORKING_HRS": null,
        "EMPLOYEE_QTY": null,
        "EMPLOYEE_MALE": null,
        "EMPLOYEE_FEMALE": null,
        "EMPLOYEE_DIF_ABLE": null,
        "WORKING_HRS_STR": null,
        "WORKING_HRS_STP": null
      }
    },
    {
      "type": "Feature",
      "id": 539,
      "geometry": {
        "type": "Point",
        "coordinates": [72.83122804019594, 19.020812619975498]
      },
      "properties": {
        "OBJECTID": 539,
        "NAME": "Kirti M Doongursee College Of Arts, Science & Commerce",
        "TYPE": 4,
        "LOCATION": "Kashinath Dhuru Marg, Opp Indra Niwas, Dadar West, Mumbai, 400025",
        "ELEVATOR_CONTACT_LIST": null,
        "ELEVATOR_INTERCOM": null,
        "WORKING_HRS": null,
        "EMPLOYEE_QTY": null,
        "EMPLOYEE_MALE": null,
        "EMPLOYEE_FEMALE": null,
        "EMPLOYEE_DIF_ABLE": null,
        "WORKING_HRS_STR": null,
        "WORKING_HRS_STP": null
      }
    },
    {
      "type": "Feature",
      "id": 540,
      "geometry": {
        "type": "Point",
        "coordinates": [72.84224079893723, 19.042475106293814]
      },
      "properties": {
        "OBJECTID": 540,
        "NAME": "Mahim Mori Road Municipal English Midiam School",
        "TYPE": 1,
        "LOCATION": "Mori Road, OPP Tuasi Niwas, Mahim West, Mumbai, 400016",
        "ELEVATOR_CONTACT_LIST": null,
        "ELEVATOR_INTERCOM": null,
        "WORKING_HRS": null,
        "EMPLOYEE_QTY": null,
        "EMPLOYEE_MALE": null,
        "EMPLOYEE_FEMALE": null,
        "EMPLOYEE_DIF_ABLE": null,
        "WORKING_HRS_STR": null,
        "WORKING_HRS_STP": null
      }
    },
    {
      "type": "Feature",
      "id": 541,
      "geometry": {
        "type": "Point",
        "coordinates": [72.84357860674135, 19.032787003036482]
      },
      "properties": {
        "OBJECTID": 541,
        "NAME": "Lokmanya Vidhayamandir",
        "TYPE": 4,
        "LOCATION": "Sitaram Keer marg, OPP Trivani Apt, Mahim West, Mumbai, 400016",
        "ELEVATOR_CONTACT_LIST": null,
        "ELEVATOR_INTERCOM": null,
        "WORKING_HRS": null,
        "EMPLOYEE_QTY": null,
        "EMPLOYEE_MALE": null,
        "EMPLOYEE_FEMALE": null,
        "EMPLOYEE_DIF_ABLE": null,
        "WORKING_HRS_STR": null,
        "WORKING_HRS_STP": null
      }
    },
    {
      "type": "Feature",
      "id": 543,
      "geometry": {
        "type": "Point",
        "coordinates": [72.84433096558651, 19.038821253287214]
      },
      "properties": {
        "OBJECTID": 543,
        "NAME": "Avishkar Sanskrutik Kendra",
        "TYPE": 4,
        "LOCATION": "Gabriel Road, Opp Zoroastrian Co op Bank LTD, Mahim West, Mumbai, 400016",
        "ELEVATOR_CONTACT_LIST": null,
        "ELEVATOR_INTERCOM": null,
        "WORKING_HRS": null,
        "EMPLOYEE_QTY": null,
        "EMPLOYEE_MALE": null,
        "EMPLOYEE_FEMALE": null,
        "EMPLOYEE_DIF_ABLE": null,
        "WORKING_HRS_STR": null,
        "WORKING_HRS_STP": null
      }
    },
    {
      "type": "Feature",
      "id": 549,
      "geometry": {
        "type": "Point",
        "coordinates": [72.81671762498341, 18.971921667812932]
      },
      "properties": {
        "OBJECTID": 549,
        "NAME": "Sir Cowasjee Jehangir High School",
        "TYPE": 4,
        "LOCATION": "Sir Ratan Tata Road, Near AC Market, Tardeo, Mumbai, 400034",
        "ELEVATOR_CONTACT_LIST": null,
        "ELEVATOR_INTERCOM": null,
        "WORKING_HRS": null,
        "EMPLOYEE_QTY": null,
        "EMPLOYEE_MALE": null,
        "EMPLOYEE_FEMALE": null,
        "EMPLOYEE_DIF_ABLE": null,
        "WORKING_HRS_STR": null,
        "WORKING_HRS_STP": null
      }
    },
    {
      "type": "Feature",
      "id": 550,
      "geometry": {
        "type": "Point",
        "coordinates": [72.81645812129779, 18.962808069610603]
      },
      "properties": {
        "OBJECTID": 550,
        "NAME": "Our Own High School",
        "TYPE": 4,
        "LOCATION": "Alibhai Premji Marg, Opp Grant Road Railway station East, Grant Road, Mumbai, 400007",
        "ELEVATOR_CONTACT_LIST": null,
        "ELEVATOR_INTERCOM": null,
        "WORKING_HRS": null,
        "EMPLOYEE_QTY": null,
        "EMPLOYEE_MALE": null,
        "EMPLOYEE_FEMALE": null,
        "EMPLOYEE_DIF_ABLE": null,
        "WORKING_HRS_STR": null,
        "WORKING_HRS_STP": null
      }
    },
    {
      "type": "Feature",
      "id": 551,
      "geometry": {
        "type": "Point",
        "coordinates": [72.81543888164117, 18.966885359046458]
      },
      "properties": {
        "OBJECTID": 551,
        "NAME": "The Balak Vrinda Education Society",
        "TYPE": 4,
        "LOCATION": "Naushir Bharucha Road, New Chikhalwadi, Grant Road, Mumbai, 400007",
        "ELEVATOR_CONTACT_LIST": null,
        "ELEVATOR_INTERCOM": null,
        "WORKING_HRS": null,
        "EMPLOYEE_QTY": null,
        "EMPLOYEE_MALE": null,
        "EMPLOYEE_FEMALE": null,
        "EMPLOYEE_DIF_ABLE": null,
        "WORKING_HRS_STR": null,
        "WORKING_HRS_STP": null
      }
    },
    {
      "type": "Feature",
      "id": 552,
      "geometry": {
        "type": "Point",
        "coordinates": [72.81571280207056, 18.966423384427507]
      },
      "properties": {
        "OBJECTID": 552,
        "NAME": "Girton High School",
        "TYPE": 4,
        "LOCATION": "Naushir Bharucha Road, Near Wimbridge Compound, Grant Road, Mumbai, 400007",
        "ELEVATOR_CONTACT_LIST": null,
        "ELEVATOR_INTERCOM": null,
        "WORKING_HRS": null,
        "EMPLOYEE_QTY": null,
        "EMPLOYEE_MALE": null,
        "EMPLOYEE_FEMALE": null,
        "EMPLOYEE_DIF_ABLE": null,
        "WORKING_HRS_STR": null,
        "WORKING_HRS_STP": null
      }
    },
    {
      "type": "Feature",
      "id": 554,
      "geometry": {
        "type": "Point",
        "coordinates": [72.80922420292386, 18.959744091959664]
      },
      "properties": {
        "OBJECTID": 554,
        "NAME": "RTI Montessori School",
        "TYPE": 4,
        "LOCATION": "N S Patkar Road, Near Hindustan Petrol pump, Gamdevi, Mumbai, 400007",
        "ELEVATOR_CONTACT_LIST": null,
        "ELEVATOR_INTERCOM": null,
        "WORKING_HRS": null,
        "EMPLOYEE_QTY": null,
        "EMPLOYEE_MALE": null,
        "EMPLOYEE_FEMALE": null,
        "EMPLOYEE_DIF_ABLE": null,
        "WORKING_HRS_STR": null,
        "WORKING_HRS_STP": null
      }
    },
    {
      "type": "Feature",
      "id": 555,
      "geometry": {
        "type": "Point",
        "coordinates": [72.79689542899094, 18.950046356279245]
      },
      "properties": {
        "OBJECTID": 555,
        "NAME": "Manav Mandir School",
        "TYPE": 4,
        "LOCATION": "Manav Mandir Road, Opp Anupama Bldg, Malabar Hill Walkeshwar, Mumbai, 400006",
        "ELEVATOR_CONTACT_LIST": null,
        "ELEVATOR_INTERCOM": null,
        "WORKING_HRS": null,
        "EMPLOYEE_QTY": null,
        "EMPLOYEE_MALE": null,
        "EMPLOYEE_FEMALE": null,
        "EMPLOYEE_DIF_ABLE": null,
        "WORKING_HRS_STR": null,
        "WORKING_HRS_STP": null
      }
    },
    {
      "type": "Feature",
      "id": 556,
      "geometry": {
        "type": "Point",
        "coordinates": [72.80508253669649, 18.964084947974378]
      },
      "properties": {
        "OBJECTID": 556,
        "NAME": "Pranjali International School",
        "TYPE": 4,
        "LOCATION": "August Kranti Marg, Next to St Stephens Church, Kemps Corner, Mumbai, 400036",
        "ELEVATOR_CONTACT_LIST": null,
        "ELEVATOR_INTERCOM": null,
        "WORKING_HRS": null,
        "EMPLOYEE_QTY": null,
        "EMPLOYEE_MALE": null,
        "EMPLOYEE_FEMALE": null,
        "EMPLOYEE_DIF_ABLE": null,
        "WORKING_HRS_STR": null,
        "WORKING_HRS_STP": null
      }
    },
    {
      "type": "Feature",
      "id": 557,
      "geometry": {
        "type": "Point",
        "coordinates": [72.8084946417135, 18.962171371278377]
      },
      "properties": {
        "OBJECTID": 557,
        "NAME": "New Activity School",
        "TYPE": 4,
        "LOCATION": "N S Patkar Road, Tejpal Gokuldas Auditorium, Grant Road, Mumbai, 400007",
        "ELEVATOR_CONTACT_LIST": null,
        "ELEVATOR_INTERCOM": null,
        "WORKING_HRS": null,
        "EMPLOYEE_QTY": null,
        "EMPLOYEE_MALE": null,
        "EMPLOYEE_FEMALE": null,
        "EMPLOYEE_DIF_ABLE": null,
        "WORKING_HRS_STR": null,
        "WORKING_HRS_STP": null
      }
    },
    {
      "type": "Feature",
      "id": 558,
      "geometry": {
        "type": "Point",
        "coordinates": [72.81539797843921, 18.95995146584916]
      },
      "properties": {
        "OBJECTID": 558,
        "NAME": "Edubridge International School",
        "TYPE": 4,
        "LOCATION": "Vadilal Patel Marg, Robert Money School Compound, Grant Road East, Mumbai, 400007",
        "ELEVATOR_CONTACT_LIST": null,
        "ELEVATOR_INTERCOM": null,
        "WORKING_HRS": null,
        "EMPLOYEE_QTY": null,
        "EMPLOYEE_MALE": null,
        "EMPLOYEE_FEMALE": null,
        "EMPLOYEE_DIF_ABLE": null,
        "WORKING_HRS_STR": null,
        "WORKING_HRS_STP": null
      }
    },
    {
      "type": "Feature",
      "id": 559,
      "geometry": {
        "type": "Point",
        "coordinates": [72.79639150852948, 18.95373868404061]
      },
      "properties": {
        "OBJECTID": 559,
        "NAME": "Walsingham House School (Icse)80 lady",
        "TYPE": 4,
        "LOCATION": "Nepean Sea Road, Near On Darya Mahal, Malabar Hill, Mumbai, 400006",
        "ELEVATOR_CONTACT_LIST": null,
        "ELEVATOR_INTERCOM": null,
        "WORKING_HRS": null,
        "EMPLOYEE_QTY": null,
        "EMPLOYEE_MALE": null,
        "EMPLOYEE_FEMALE": null,
        "EMPLOYEE_DIF_ABLE": null,
        "WORKING_HRS_STR": null,
        "WORKING_HRS_STP": null
      }
    },
    {
      "type": "Feature",
      "id": 560,
      "geometry": {
        "type": "Point",
        "coordinates": [72.79422770023145, 18.947011400056265]
      },
      "properties": {
        "OBJECTID": 560,
        "NAME": "Kavle Matha Banganga Municipal School",
        "TYPE": 1,
        "LOCATION": "Kawle math banganga municipal marathi secondry school,Dongarsi road,Walkeshwar",
        "ELEVATOR_CONTACT_LIST": null,
        "ELEVATOR_INTERCOM": null,
        "WORKING_HRS": null,
        "EMPLOYEE_QTY": null,
        "EMPLOYEE_MALE": null,
        "EMPLOYEE_FEMALE": null,
        "EMPLOYEE_DIF_ABLE": null,
        "WORKING_HRS_STR": null,
        "WORKING_HRS_STP": null
      }
    },
    {
      "type": "Feature",
      "id": 561,
      "geometry": {
        "type": "Point",
        "coordinates": [72.80344873664689, 18.952164603387235]
      },
      "properties": {
        "OBJECTID": 561,
        "NAME": "Gopi Birla Memorial School",
        "TYPE": 4,
        "LOCATION": "Walkeshwar Road, Near White House, Malabar Hill Walkeshwar, Mumbai, 400006",
        "ELEVATOR_CONTACT_LIST": null,
        "ELEVATOR_INTERCOM": null,
        "WORKING_HRS": null,
        "EMPLOYEE_QTY": null,
        "EMPLOYEE_MALE": null,
        "EMPLOYEE_FEMALE": null,
        "EMPLOYEE_DIF_ABLE": null,
        "WORKING_HRS_STR": null,
        "WORKING_HRS_STP": null
      }
    },
    {
      "type": "Feature",
      "id": 562,
      "geometry": {
        "type": "Point",
        "coordinates": [72.80284758744754, 18.964243804985486]
      },
      "properties": {
        "OBJECTID": 562,
        "NAME": "Cumballa Hill High School",
        "TYPE": 4,
        "LOCATION": "Darabsha Lane, Near Orbit Villa Tower, Cumballa Hill, Mumbai, 400026",
        "ELEVATOR_CONTACT_LIST": null,
        "ELEVATOR_INTERCOM": null,
        "WORKING_HRS": null,
        "EMPLOYEE_QTY": null,
        "EMPLOYEE_MALE": null,
        "EMPLOYEE_FEMALE": null,
        "EMPLOYEE_DIF_ABLE": null,
        "WORKING_HRS_STR": null,
        "WORKING_HRS_STP": null
      }
    },
    {
      "type": "Feature",
      "id": 563,
      "geometry": {
        "type": "Point",
        "coordinates": [72.8221418649725, 18.96580393960889]
      },
      "properties": {
        "OBJECTID": 563,
        "NAME": "Keshavrao Kadam Marg Municipal Marathi School",
        "TYPE": 1,
        "LOCATION": "Keshavrao Kadam Marg, Near Mumbai Central BIT Chawl, Mumbai Central, Mumbai, 400008",
        "ELEVATOR_CONTACT_LIST": null,
        "ELEVATOR_INTERCOM": null,
        "WORKING_HRS": null,
        "EMPLOYEE_QTY": null,
        "EMPLOYEE_MALE": null,
        "EMPLOYEE_FEMALE": null,
        "EMPLOYEE_DIF_ABLE": null,
        "WORKING_HRS_STR": null,
        "WORKING_HRS_STP": null
      }
    },
    {
      "type": "Feature",
      "id": 564,
      "geometry": {
        "type": "Point",
        "coordinates": [72.8231602914386, 18.968153962900015]
      },
      "properties": {
        "OBJECTID": 564,
        "NAME": "St Paul's National School",
        "TYPE": 4,
        "LOCATION": "Jehangir Boman Behram Road, Near City Center Mall, Mumbai Central, Mumbai, 400008",
        "ELEVATOR_CONTACT_LIST": null,
        "ELEVATOR_INTERCOM": null,
        "WORKING_HRS": null,
        "EMPLOYEE_QTY": null,
        "EMPLOYEE_MALE": null,
        "EMPLOYEE_FEMALE": null,
        "EMPLOYEE_DIF_ABLE": null,
        "WORKING_HRS_STR": null,
        "WORKING_HRS_STP": null
      }
    },
    {
      "type": "Feature",
      "id": 565,
      "geometry": {
        "type": "Point",
        "coordinates": [72.82165992955129, 18.96789998943621]
      },
      "properties": {
        "OBJECTID": 565,
        "NAME": "Bhagini Samaj Seva Mandir School",
        "TYPE": 4,
        "LOCATION": "Baburao More Marg, Near Mumbai Central Post office, Mumbai Central, Mumbai, 400008",
        "ELEVATOR_CONTACT_LIST": null,
        "ELEVATOR_INTERCOM": null,
        "WORKING_HRS": null,
        "EMPLOYEE_QTY": null,
        "EMPLOYEE_MALE": null,
        "EMPLOYEE_FEMALE": null,
        "EMPLOYEE_DIF_ABLE": null,
        "WORKING_HRS_STR": null,
        "WORKING_HRS_STP": null
      }
    },
    {
      "type": "Feature",
      "id": 567,
      "geometry": {
        "type": "Point",
        "coordinates": [72.81274460275546, 18.972985411690885]
      },
      "properties": {
        "OBJECTID": 567,
        "NAME": "Hill Spring International School",
        "TYPE": 4,
        "LOCATION": "Balkrishna Nakashe Marg, Near Imperial Tower, Tardeo, Mumbai, 400034",
        "ELEVATOR_CONTACT_LIST": null,
        "ELEVATOR_INTERCOM": null,
        "WORKING_HRS": null,
        "EMPLOYEE_QTY": null,
        "EMPLOYEE_MALE": null,
        "EMPLOYEE_FEMALE": null,
        "EMPLOYEE_DIF_ABLE": null,
        "WORKING_HRS_STR": null,
        "WORKING_HRS_STP": null
      }
    },
    {
      "type": "Feature",
      "id": 568,
      "geometry": {
        "type": "Point",
        "coordinates": [72.8134107955897, 18.972139173167836]
      },
      "properties": {
        "OBJECTID": 568,
        "NAME": "Janta Nagar Muncipal School",
        "TYPE": 1,
        "LOCATION": "Tardeo Road, Next To Imperial Tower, Tardeo, Mumbai, 400034",
        "ELEVATOR_CONTACT_LIST": null,
        "ELEVATOR_INTERCOM": null,
        "WORKING_HRS": null,
        "EMPLOYEE_QTY": null,
        "EMPLOYEE_MALE": null,
        "EMPLOYEE_FEMALE": null,
        "EMPLOYEE_DIF_ABLE": null,
        "WORKING_HRS_STR": null,
        "WORKING_HRS_STP": null
      }
    },
    {
      "type": "Feature",
      "id": 572,
      "geometry": {
        "type": "Point",
        "coordinates": [72.81651679382884, 18.97059824073019]
      },
      "properties": {
        "OBJECTID": 572,
        "NAME": "Tardeo Muncipal School",
        "TYPE": 1,
        "LOCATION": "Sane Guruji Road, Bane Compound, Mumbai Central (W), Mumbai. 34.",
        "ELEVATOR_CONTACT_LIST": null,
        "ELEVATOR_INTERCOM": null,
        "WORKING_HRS": null,
        "EMPLOYEE_QTY": null,
        "EMPLOYEE_MALE": null,
        "EMPLOYEE_FEMALE": null,
        "EMPLOYEE_DIF_ABLE": null,
        "WORKING_HRS_STR": null,
        "WORKING_HRS_STP": null
      }
    },
    {
      "type": "Feature",
      "id": 573,
      "geometry": {
        "type": "Point",
        "coordinates": [72.81772077063303, 18.973330057057005]
      },
      "properties": {
        "OBJECTID": 573,
        "NAME": "Yusuf Meharali Memorial Education Society",
        "TYPE": 4,
        "LOCATION": "Tusliwadi Road, Near Arya Nagar, Tardeo, Mumbai, 400034",
        "ELEVATOR_CONTACT_LIST": null,
        "ELEVATOR_INTERCOM": null,
        "WORKING_HRS": null,
        "EMPLOYEE_QTY": null,
        "EMPLOYEE_MALE": null,
        "EMPLOYEE_FEMALE": null,
        "EMPLOYEE_DIF_ABLE": null,
        "WORKING_HRS_STR": null,
        "WORKING_HRS_STP": null
      }
    },
    {
      "type": "Feature",
      "id": 574,
      "geometry": {
        "type": "Point",
        "coordinates": [72.81400188771975, 18.974345281569285]
      },
      "properties": {
        "OBJECTID": 574,
        "NAME": "The Victoria Memorial School For Blind",
        "TYPE": 5,
        "LOCATION": "Tardeo Road, Near AC Market, Tardeo, Mumbai, 400034",
        "ELEVATOR_CONTACT_LIST": null,
        "ELEVATOR_INTERCOM": null,
        "WORKING_HRS": null,
        "EMPLOYEE_QTY": null,
        "EMPLOYEE_MALE": null,
        "EMPLOYEE_FEMALE": null,
        "EMPLOYEE_DIF_ABLE": null,
        "WORKING_HRS_STR": null,
        "WORKING_HRS_STP": null
      }
    },
    {
      "type": "Feature",
      "id": 576,
      "geometry": {
        "type": "Point",
        "coordinates": [72.81798463252768, 18.96718277335678]
      },
      "properties": {
        "OBJECTID": 576,
        "NAME": "B R F D Panday  Girls High School",
        "TYPE": 4,
        "LOCATION": "Gilder Lane, Near Navjeevan Society, Mumbai Central, Mumbai, 400008",
        "ELEVATOR_CONTACT_LIST": null,
        "ELEVATOR_INTERCOM": null,
        "WORKING_HRS": null,
        "EMPLOYEE_QTY": null,
        "EMPLOYEE_MALE": null,
        "EMPLOYEE_FEMALE": null,
        "EMPLOYEE_DIF_ABLE": null,
        "WORKING_HRS_STR": null,
        "WORKING_HRS_STP": null
      }
    },
    {
      "type": "Feature",
      "id": 581,
      "geometry": {
        "type": "Point",
        "coordinates": [72.81393717980414, 18.997450913746487]
      },
      "properties": {
        "OBJECTID": 581,
        "NAME": "Podar ORT International School",
        "TYPE": 4,
        "LOCATION": "Worli Hill Road, Near New Pushpa Milan Bulding, Worli, Mumbai, 400018",
        "ELEVATOR_CONTACT_LIST": null,
        "ELEVATOR_INTERCOM": null,
        "WORKING_HRS": null,
        "EMPLOYEE_QTY": null,
        "EMPLOYEE_MALE": null,
        "EMPLOYEE_FEMALE": null,
        "EMPLOYEE_DIF_ABLE": null,
        "WORKING_HRS_STR": null,
        "WORKING_HRS_STP": null
      }
    },
    {
      "type": "Feature",
      "id": 582,
      "geometry": {
        "type": "Point",
        "coordinates": [72.82665755621227, 19.01413772897401]
      },
      "properties": {
        "OBJECTID": 582,
        "NAME": "Prabhadevi Municipal School No 2",
        "TYPE": 1,
        "LOCATION": "Murari Ghag Marg, Opp Bank Of Maharashtra, Prabhadevi, Mumbai, 400025",
        "ELEVATOR_CONTACT_LIST": null,
        "ELEVATOR_INTERCOM": null,
        "WORKING_HRS": null,
        "EMPLOYEE_QTY": null,
        "EMPLOYEE_MALE": null,
        "EMPLOYEE_FEMALE": null,
        "EMPLOYEE_DIF_ABLE": null,
        "WORKING_HRS_STR": null,
        "WORKING_HRS_STP": null
      }
    },
    {
      "type": "Feature",
      "id": 583,
      "geometry": {
        "type": "Point",
        "coordinates": [72.8192127502519, 19.01505856061405]
      },
      "properties": {
        "OBJECTID": 583,
        "NAME": "Sacred Heart High School",
        "TYPE": 4,
        "LOCATION": "Sasmira Road, Near Worli Bus Depot, Worli, Mumbai, 400030",
        "ELEVATOR_CONTACT_LIST": null,
        "ELEVATOR_INTERCOM": null,
        "WORKING_HRS": null,
        "EMPLOYEE_QTY": null,
        "EMPLOYEE_MALE": null,
        "EMPLOYEE_FEMALE": null,
        "EMPLOYEE_DIF_ABLE": null,
        "WORKING_HRS_STR": null,
        "WORKING_HRS_STP": null
      }
    },
    {
      "type": "Feature",
      "id": 584,
      "geometry": {
        "type": "Point",
        "coordinates": [72.82275116289034, 19.001225925032855]
      },
      "properties": {
        "OBJECTID": 584,
        "NAME": "Dr Babasaheb Ambedkar Municipal School",
        "TYPE": 1,
        "LOCATION": "S S Amrutwar Road, Near Martha School, Lower Parel, Mumbai, 400013",
        "ELEVATOR_CONTACT_LIST": null,
        "ELEVATOR_INTERCOM": null,
        "WORKING_HRS": null,
        "EMPLOYEE_QTY": null,
        "EMPLOYEE_MALE": null,
        "EMPLOYEE_FEMALE": null,
        "EMPLOYEE_DIF_ABLE": null,
        "WORKING_HRS_STR": null,
        "WORKING_HRS_STP": null
      }
    },
    {
      "type": "Feature",
      "id": 585,
      "geometry": {
        "type": "Point",
        "coordinates": [72.82237974157256, 19.001236191246715]
      },
      "properties": {
        "OBJECTID": 585,
        "NAME": "Maratha High School",
        "TYPE": 4,
        "LOCATION": "S S Amrutwar Road, Near Mumbai Bank, Lowar Parel, Mumbai, 400013",
        "ELEVATOR_CONTACT_LIST": null,
        "ELEVATOR_INTERCOM": null,
        "WORKING_HRS": null,
        "EMPLOYEE_QTY": null,
        "EMPLOYEE_MALE": null,
        "EMPLOYEE_FEMALE": null,
        "EMPLOYEE_DIF_ABLE": null,
        "WORKING_HRS_STR": null,
        "WORKING_HRS_STP": null
      }
    },
    {
      "type": "Feature",
      "id": 586,
      "geometry": {
        "type": "Point",
        "coordinates": [72.8158583123167, 19.009739532908792]
      },
      "properties": {
        "OBJECTID": 586,
        "NAME": "Worli Seaface Municipal School",
        "TYPE": 1,
        "LOCATION": "Khan Abdul Gaffar Khan Road, Near Worli Sealink, Worli, Mumbai, 400030",
        "ELEVATOR_CONTACT_LIST": null,
        "ELEVATOR_INTERCOM": null,
        "WORKING_HRS": null,
        "EMPLOYEE_QTY": null,
        "EMPLOYEE_MALE": null,
        "EMPLOYEE_FEMALE": null,
        "EMPLOYEE_DIF_ABLE": null,
        "WORKING_HRS_STR": null,
        "WORKING_HRS_STP": null
      }
    },
    {
      "type": "Feature",
      "id": 587,
      "geometry": {
        "type": "Point",
        "coordinates": [72.83222836445883, 18.9915966488299]
      },
      "properties": {
        "OBJECTID": 587,
        "NAME": "N M Joshi Municipal School",
        "TYPE": 1,
        "LOCATION": "N M Joshi Road, Near Lower Parel Station, Lower Parel, Mumbai, 400011",
        "ELEVATOR_CONTACT_LIST": null,
        "ELEVATOR_INTERCOM": null,
        "WORKING_HRS": null,
        "EMPLOYEE_QTY": null,
        "EMPLOYEE_MALE": null,
        "EMPLOYEE_FEMALE": null,
        "EMPLOYEE_DIF_ABLE": null,
        "WORKING_HRS_STR": null,
        "WORKING_HRS_STP": null
      }
    },
    {
      "type": "Feature",
      "id": 588,
      "geometry": {
        "type": "Point",
        "coordinates": [72.81706228853152, 18.997462326317972]
      },
      "properties": {
        "OBJECTID": 588,
        "NAME": "Savitri Bai Phule Worli Naka Municipal School",
        "TYPE": 1,
        "LOCATION": "Dr Annie Besant Road, OPP Canera Bank, Worli, Mumbai, 400018",
        "ELEVATOR_CONTACT_LIST": null,
        "ELEVATOR_INTERCOM": null,
        "WORKING_HRS": null,
        "EMPLOYEE_QTY": null,
        "EMPLOYEE_MALE": null,
        "EMPLOYEE_FEMALE": null,
        "EMPLOYEE_DIF_ABLE": null,
        "WORKING_HRS_STR": null,
        "WORKING_HRS_STP": null
      }
    },
    {
      "type": "Feature",
      "id": 589,
      "geometry": {
        "type": "Point",
        "coordinates": [72.8140977773789, 18.989889942326027]
      },
      "properties": {
        "OBJECTID": 589,
        "NAME": "Happy Home & School For the Blind",
        "TYPE": 5,
        "LOCATION": "M G Sarngi Marg, Near Happy Home, Hajiali, Mumbai, 400018",
        "ELEVATOR_CONTACT_LIST": null,
        "ELEVATOR_INTERCOM": null,
        "WORKING_HRS": null,
        "EMPLOYEE_QTY": null,
        "EMPLOYEE_MALE": null,
        "EMPLOYEE_FEMALE": null,
        "EMPLOYEE_DIF_ABLE": null,
        "WORKING_HRS_STR": null,
        "WORKING_HRS_STP": null
      }
    },
    {
      "type": "Feature",
      "id": 590,
      "geometry": {
        "type": "Point",
        "coordinates": [72.81467009259717, 18.98127730814037]
      },
      "properties": {
        "OBJECTID": 590,
        "NAME": "Lala Lajpatrai Education Institutes",
        "TYPE": 4,
        "LOCATION": "Lala Lajpatrai College Marg, Near Soudamini Officer Quatear, Mahalaxmi, Mumbai, 400034",
        "ELEVATOR_CONTACT_LIST": null,
        "ELEVATOR_INTERCOM": null,
        "WORKING_HRS": null,
        "EMPLOYEE_QTY": null,
        "EMPLOYEE_MALE": null,
        "EMPLOYEE_FEMALE": null,
        "EMPLOYEE_DIF_ABLE": null,
        "WORKING_HRS_STR": null,
        "WORKING_HRS_STP": null
      }
    },
    {
      "type": "Feature",
      "id": 591,
      "geometry": {
        "type": "Point",
        "coordinates": [72.81376116006906, 18.98041589423105]
      },
      "properties": {
        "OBJECTID": 591,
        "NAME": "All India Institute of Physical Medicine and Rehabilitation",
        "TYPE": 2,
        "LOCATION": "Lala Lajpatrai Road, Near Hajiali Dargah, Mahalaxmi, Mumbai, 400018",
        "ELEVATOR_CONTACT_LIST": null,
        "ELEVATOR_INTERCOM": null,
        "WORKING_HRS": null,
        "EMPLOYEE_QTY": null,
        "EMPLOYEE_MALE": null,
        "EMPLOYEE_FEMALE": null,
        "EMPLOYEE_DIF_ABLE": null,
        "WORKING_HRS_STR": null,
        "WORKING_HRS_STP": null
      }
    },
    {
      "type": "Feature",
      "id": 592,
      "geometry": {
        "type": "Point",
        "coordinates": [72.82144065896671, 19.016164504830176]
      },
      "properties": {
        "OBJECTID": 592,
        "NAME": "Adarsh Nagar Muncipal School",
        "TYPE": 1,
        "LOCATION": "Adarsh Nagar Road, Opp Babasaheb Worlikar Manoranjan Udyan, Worli, Mumbai, 400030",
        "ELEVATOR_CONTACT_LIST": null,
        "ELEVATOR_INTERCOM": null,
        "WORKING_HRS": null,
        "EMPLOYEE_QTY": null,
        "EMPLOYEE_MALE": null,
        "EMPLOYEE_FEMALE": null,
        "EMPLOYEE_DIF_ABLE": null,
        "WORKING_HRS_STR": null,
        "WORKING_HRS_STP": null
      }
    },
    {
      "type": "Feature",
      "id": 593,
      "geometry": {
        "type": "Point",
        "coordinates": [72.82108627313049, 19.01591821242873]
      },
      "properties": {
        "OBJECTID": 593,
        "NAME": "D Y Patil International School",
        "TYPE": 4,
        "LOCATION": "D Y Patil International School Road, Near Adarsh Nagar Colony, Worli, Mumbai, 400030",
        "ELEVATOR_CONTACT_LIST": null,
        "ELEVATOR_INTERCOM": null,
        "WORKING_HRS": null,
        "EMPLOYEE_QTY": null,
        "EMPLOYEE_MALE": null,
        "EMPLOYEE_FEMALE": null,
        "EMPLOYEE_DIF_ABLE": null,
        "WORKING_HRS_STR": null,
        "WORKING_HRS_STP": null
      }
    },
    {
      "type": "Feature",
      "id": 594,
      "geometry": {
        "type": "Point",
        "coordinates": [72.83533819010161, 18.99095547364701]
      },
      "properties": {
        "OBJECTID": 594,
        "NAME": "Lalbagh Municipal Upper Primary School",
        "TYPE": 1,
        "LOCATION": "Peru Compound  Dr.Ambedkar road",
        "ELEVATOR_CONTACT_LIST": null,
        "ELEVATOR_INTERCOM": null,
        "WORKING_HRS": null,
        "EMPLOYEE_QTY": null,
        "EMPLOYEE_MALE": null,
        "EMPLOYEE_FEMALE": null,
        "EMPLOYEE_DIF_ABLE": null,
        "WORKING_HRS_STR": null,
        "WORKING_HRS_STP": null
      }
    },
    {
      "type": "Feature",
      "id": 595,
      "geometry": {
        "type": "Point",
        "coordinates": [72.85321039984407, 19.000634500398224]
      },
      "properties": {
        "OBJECTID": 595,
        "NAME": "Fatima High School & Church Sewri",
        "TYPE": 4,
        "LOCATION": "D G Mahajani Road, Near Shivadi Station, Shivadi West, Mumbai, 400015",
        "ELEVATOR_CONTACT_LIST": null,
        "ELEVATOR_INTERCOM": null,
        "WORKING_HRS": null,
        "EMPLOYEE_QTY": null,
        "EMPLOYEE_MALE": null,
        "EMPLOYEE_FEMALE": null,
        "EMPLOYEE_DIF_ABLE": null,
        "WORKING_HRS_STR": null,
        "WORKING_HRS_STP": null
      }
    },
    {
      "type": "Feature",
      "id": 596,
      "geometry": {
        "type": "Point",
        "coordinates": [72.83725563444999, 19.004018060335664]
      },
      "properties": {
        "OBJECTID": 596,
        "NAME": "Podar Jumbo Kids",
        "TYPE": 4,
        "LOCATION": "Dr Ambedkar Road, Near Post Office, Parel, Mumbai, 400012",
        "ELEVATOR_CONTACT_LIST": null,
        "ELEVATOR_INTERCOM": null,
        "WORKING_HRS": null,
        "EMPLOYEE_QTY": null,
        "EMPLOYEE_MALE": null,
        "EMPLOYEE_FEMALE": null,
        "EMPLOYEE_DIF_ABLE": null,
        "WORKING_HRS_STR": null,
        "WORKING_HRS_STP": null
      }
    },
    {
      "type": "Feature",
      "id": 597,
      "geometry": {
        "type": "Point",
        "coordinates": [72.8423508262095, 18.994468730107844]
      },
      "properties": {
        "OBJECTID": 597,
        "NAME": "Saibaba Path Municipal Public School",
        "TYPE": 1,
        "LOCATION": "Sai baba Path Lalbaug Parel Mumbai.12",
        "ELEVATOR_CONTACT_LIST": null,
        "ELEVATOR_INTERCOM": null,
        "WORKING_HRS": null,
        "EMPLOYEE_QTY": null,
        "EMPLOYEE_MALE": null,
        "EMPLOYEE_FEMALE": null,
        "EMPLOYEE_DIF_ABLE": null,
        "WORKING_HRS_STR": null,
        "WORKING_HRS_STP": null
      }
    },
    {
      "type": "Feature",
      "id": 598,
      "geometry": {
        "type": "Point",
        "coordinates": [72.84292180123646, 18.990560457914093]
      },
      "properties": {
        "OBJECTID": 598,
        "NAME": "Abhyudaya Nagar Municipal School",
        "TYPE": 1,
        "LOCATION": "Parel Tank Road, Abhyudaya Nagar, OPP Bld No 22-A, Kalachowki, Mumbai, 400033",
        "ELEVATOR_CONTACT_LIST": null,
        "ELEVATOR_INTERCOM": null,
        "WORKING_HRS": null,
        "EMPLOYEE_QTY": null,
        "EMPLOYEE_MALE": null,
        "EMPLOYEE_FEMALE": null,
        "EMPLOYEE_DIF_ABLE": null,
        "WORKING_HRS_STR": null,
        "WORKING_HRS_STP": null
      }
    },
    {
      "type": "Feature",
      "id": 599,
      "geometry": {
        "type": "Point",
        "coordinates": [72.8439353409502, 18.99074908897666]
      },
      "properties": {
        "OBJECTID": 599,
        "NAME": "Abhyudaya Education High School & Jr College Of Commerce",
        "TYPE": 4,
        "LOCATION": "Abhyudaya Nagar, Near Abhudaya Co Op Bank, Abhudaya Nagar, Mumbai, 400033",
        "ELEVATOR_CONTACT_LIST": null,
        "ELEVATOR_INTERCOM": null,
        "WORKING_HRS": null,
        "EMPLOYEE_QTY": null,
        "EMPLOYEE_MALE": null,
        "EMPLOYEE_FEMALE": null,
        "EMPLOYEE_DIF_ABLE": null,
        "WORKING_HRS_STR": null,
        "WORKING_HRS_STP": null
      }
    },
    {
      "type": "Feature",
      "id": 600,
      "geometry": {
        "type": "Point",
        "coordinates": [72.84305825762813, 18.988547952874452]
      },
      "properties": {
        "OBJECTID": 600,
        "NAME": "MCM Girls High School",
        "TYPE": 4,
        "LOCATION": "Shivaji Vidhalay Lane, Near Shivaji Night High School, Kalachowki, Mumbai, 400033",
        "ELEVATOR_CONTACT_LIST": null,
        "ELEVATOR_INTERCOM": null,
        "WORKING_HRS": null,
        "EMPLOYEE_QTY": null,
        "EMPLOYEE_MALE": null,
        "EMPLOYEE_FEMALE": null,
        "EMPLOYEE_DIF_ABLE": null,
        "WORKING_HRS_STR": null,
        "WORKING_HRS_STP": null
      }
    },
    {
      "type": "Feature",
      "id": 601,
      "geometry": {
        "type": "Point",
        "coordinates": [72.84261899986505, 18.98808400001292]
      },
      "properties": {
        "OBJECTID": 601,
        "NAME": "New Shivaji Night High School",
        "TYPE": 4,
        "LOCATION": "Shivaji Vidhalay Lane, OPP Shahid Bhagat Singh Maidan, Kalachowki, Mumbai, 400033",
        "ELEVATOR_CONTACT_LIST": null,
        "ELEVATOR_INTERCOM": null,
        "WORKING_HRS": null,
        "EMPLOYEE_QTY": null,
        "EMPLOYEE_MALE": null,
        "EMPLOYEE_FEMALE": null,
        "EMPLOYEE_DIF_ABLE": null,
        "WORKING_HRS_STR": null,
        "WORKING_HRS_STP": null
      }
    },
    {
      "type": "Feature",
      "id": 602,
      "geometry": {
        "type": "Point",
        "coordinates": [72.84031804720361, 19.004095409091168]
      },
      "properties": {
        "OBJECTID": 602,
        "NAME": "Ramachandra M Bhatt High School",
        "TYPE": 4,
        "LOCATION": "Gokhale Society Road, Near Dr Patankar Dental Clinic, Parel, Mumbai, 400012",
        "ELEVATOR_CONTACT_LIST": null,
        "ELEVATOR_INTERCOM": null,
        "WORKING_HRS": null,
        "EMPLOYEE_QTY": null,
        "EMPLOYEE_MALE": null,
        "EMPLOYEE_FEMALE": null,
        "EMPLOYEE_DIF_ABLE": null,
        "WORKING_HRS_STR": null,
        "WORKING_HRS_STP": null
      }
    },
    {
      "type": "Feature",
      "id": 603,
      "geometry": {
        "type": "Point",
        "coordinates": [72.84042030554043, 19.00330290168174]
      },
      "properties": {
        "OBJECTID": 603,
        "NAME": "Parel Poibawadi Municipal School",
        "TYPE": 1,
        "LOCATION": "Dr bataliwala road opp.kamgar maidan,Parel E 400012",
        "ELEVATOR_CONTACT_LIST": null,
        "ELEVATOR_INTERCOM": null,
        "WORKING_HRS": null,
        "EMPLOYEE_QTY": null,
        "EMPLOYEE_MALE": null,
        "EMPLOYEE_FEMALE": null,
        "EMPLOYEE_DIF_ABLE": null,
        "WORKING_HRS_STR": null,
        "WORKING_HRS_STP": null
      }
    },
    {
      "type": "Feature",
      "id": 604,
      "geometry": {
        "type": "Point",
        "coordinates": [72.8400555253003, 19.003508002575295]
      },
      "properties": {
        "OBJECTID": 604,
        "NAME": "Pre Primary Marathi & English Medium Schools",
        "TYPE": 2,
        "LOCATION": "Dr Batliwala Road, Near Sai Baba Mandir, Parel, Mumbai, 400012",
        "ELEVATOR_CONTACT_LIST": null,
        "ELEVATOR_INTERCOM": null,
        "WORKING_HRS": null,
        "EMPLOYEE_QTY": null,
        "EMPLOYEE_MALE": null,
        "EMPLOYEE_FEMALE": null,
        "EMPLOYEE_DIF_ABLE": null,
        "WORKING_HRS_STR": null,
        "WORKING_HRS_STP": null
      }
    },
    {
      "type": "Feature",
      "id": 606,
      "geometry": {
        "type": "Point",
        "coordinates": [72.84671789973872, 19.00707779971037]
      },
      "properties": {
        "OBJECTID": 606,
        "NAME": "Parel Bhoiwada Municipal Marathi School (Sankulan)",
        "TYPE": 1,
        "LOCATION": "St. Xaviers Road, Near Police Headquarters, Dadar East, Mumbai, 400012",
        "ELEVATOR_CONTACT_LIST": null,
        "ELEVATOR_INTERCOM": null,
        "WORKING_HRS": null,
        "EMPLOYEE_QTY": null,
        "EMPLOYEE_MALE": null,
        "EMPLOYEE_FEMALE": null,
        "EMPLOYEE_DIF_ABLE": null,
        "WORKING_HRS_STR": null,
        "WORKING_HRS_STP": null
      }
    },
    {
      "type": "Feature",
      "id": 607,
      "geometry": {
        "type": "Point",
        "coordinates": [72.84274410464455, 19.008114944718162]
      },
      "properties": {
        "OBJECTID": 607,
        "NAME": "St.Paul Boy's High School",
        "TYPE": 4,
        "LOCATION": "Dr Babasaheb Ambedkar Road, Near Hindmata Chwok, Dadar East, Mumbai, 400014",
        "ELEVATOR_CONTACT_LIST": null,
        "ELEVATOR_INTERCOM": null,
        "WORKING_HRS": null,
        "EMPLOYEE_QTY": null,
        "EMPLOYEE_MALE": null,
        "EMPLOYEE_FEMALE": null,
        "EMPLOYEE_DIF_ABLE": null,
        "WORKING_HRS_STR": null,
        "WORKING_HRS_STP": null
      }
    },
    {
      "type": "Feature",
      "id": 608,
      "geometry": {
        "type": "Point",
        "coordinates": [72.84217760016223, 19.0078758004034]
      },
      "properties": {
        "OBJECTID": 608,
        "NAME": "Our Lady's Home (For Boy's)",
        "TYPE": 4,
        "LOCATION": "Dr Babasaheb Ambedkar Road, Near Hindmata Chwok, Dadar East, Mumbai, 400014",
        "ELEVATOR_CONTACT_LIST": null,
        "ELEVATOR_INTERCOM": null,
        "WORKING_HRS": null,
        "EMPLOYEE_QTY": null,
        "EMPLOYEE_MALE": null,
        "EMPLOYEE_FEMALE": null,
        "EMPLOYEE_DIF_ABLE": null,
        "WORKING_HRS_STR": null,
        "WORKING_HRS_STP": null
      }
    },
    {
      "type": "Feature",
      "id": 609,
      "geometry": {
        "type": "Point",
        "coordinates": [72.84087950002079, 19.006098099669074]
      },
      "properties": {
        "OBJECTID": 609,
        "NAME": "Tulsi Mans High School Junior College",
        "TYPE": 4,
        "LOCATION": "Dr Babasaheb Ambedkar Road, Opp F South Office, Dadar East, Mumbai, 400012",
        "ELEVATOR_CONTACT_LIST": null,
        "ELEVATOR_INTERCOM": null,
        "WORKING_HRS": null,
        "EMPLOYEE_QTY": null,
        "EMPLOYEE_MALE": null,
        "EMPLOYEE_FEMALE": null,
        "EMPLOYEE_DIF_ABLE": null,
        "WORKING_HRS_STR": null,
        "WORKING_HRS_STP": null
      }
    },
    {
      "type": "Feature",
      "id": 610,
      "geometry": {
        "type": "Point",
        "coordinates": [72.84131951565438, 19.007350986775993]
      },
      "properties": {
        "OBJECTID": 610,
        "NAME": "St.Paul's Convent High School",
        "TYPE": 4,
        "LOCATION": "Dr Babasaheb Ambedkar Road, Opp Primear Cinema, Dadar East, Mumbai, 400014",
        "ELEVATOR_CONTACT_LIST": null,
        "ELEVATOR_INTERCOM": null,
        "WORKING_HRS": null,
        "EMPLOYEE_QTY": null,
        "EMPLOYEE_MALE": null,
        "EMPLOYEE_FEMALE": null,
        "EMPLOYEE_DIF_ABLE": null,
        "WORKING_HRS_STR": null,
        "WORKING_HRS_STP": null
      }
    },
    {
      "type": "Feature",
      "id": 611,
      "geometry": {
        "type": "Point",
        "coordinates": [72.84467650017349, 19.010100399842035]
      },
      "properties": {
        "OBJECTID": 611,
        "NAME": "Lokseva Sangha Dr D B Kulkarni Vidyalay",
        "TYPE": 4,
        "LOCATION": "Mhatma Jotiyba Fule Road, Near Canara Bank, Dadar East, Mumbai, 400014",
        "ELEVATOR_CONTACT_LIST": null,
        "ELEVATOR_INTERCOM": null,
        "WORKING_HRS": null,
        "EMPLOYEE_QTY": null,
        "EMPLOYEE_MALE": null,
        "EMPLOYEE_FEMALE": null,
        "EMPLOYEE_DIF_ABLE": null,
        "WORKING_HRS_STR": null,
        "WORKING_HRS_STP": null
      }
    },
    {
      "type": "Feature",
      "id": 612,
      "geometry": {
        "type": "Point",
        "coordinates": [72.84726630875065, 19.005336149667652]
      },
      "properties": {
        "OBJECTID": 612,
        "NAME": "Mahatma Phule Technical High College",
        "TYPE": 4,
        "LOCATION": "Jer Bai Wadia Road, Near Swastik Day Night Chemist, Parel East, Mumbai, 400012",
        "ELEVATOR_CONTACT_LIST": null,
        "ELEVATOR_INTERCOM": null,
        "WORKING_HRS": null,
        "EMPLOYEE_QTY": null,
        "EMPLOYEE_MALE": null,
        "EMPLOYEE_FEMALE": null,
        "EMPLOYEE_DIF_ABLE": null,
        "WORKING_HRS_STR": null,
        "WORKING_HRS_STP": null
      }
    },
    {
      "type": "Feature",
      "id": 613,
      "geometry": {
        "type": "Point",
        "coordinates": [72.84806589995412, 19.004838100279024]
      },
      "properties": {
        "OBJECTID": 613,
        "NAME": "Parel Municipal  English School",
        "TYPE": 1,
        "LOCATION": "Jer Bai Wadia Road, Cancer Society Near, Parel East, Mumbai, 400012",
        "ELEVATOR_CONTACT_LIST": null,
        "ELEVATOR_INTERCOM": null,
        "WORKING_HRS": null,
        "EMPLOYEE_QTY": null,
        "EMPLOYEE_MALE": null,
        "EMPLOYEE_FEMALE": null,
        "EMPLOYEE_DIF_ABLE": null,
        "WORKING_HRS_STR": null,
        "WORKING_HRS_STP": null
      }
    },
    {
      "type": "Feature",
      "id": 614,
      "geometry": {
        "type": "Point",
        "coordinates": [72.83388208614126, 18.994569543439127]
      },
      "properties": {
        "OBJECTID": 614,
        "NAME": "Trivini Sangam Municipal Marathi Upper Primary School",
        "TYPE": 1,
        "LOCATION": "Mahadev Palav Marg, OPP Finesh Pest Control Office, Currey Road, Mumbai, 400012",
        "ELEVATOR_CONTACT_LIST": null,
        "ELEVATOR_INTERCOM": null,
        "WORKING_HRS": null,
        "EMPLOYEE_QTY": null,
        "EMPLOYEE_MALE": null,
        "EMPLOYEE_FEMALE": null,
        "EMPLOYEE_DIF_ABLE": null,
        "WORKING_HRS_STR": null,
        "WORKING_HRS_STP": null
      }
    },
    {
      "type": "Feature",
      "id": 615,
      "geometry": {
        "type": "Point",
        "coordinates": [72.85690778007428, 19.254394543722537]
      },
      "properties": {
        "OBJECTID": 615,
        "NAME": "Sakharam Tare Municipal School",
        "TYPE": 1,
        "LOCATION": "Sakharam Tare Road, Near St Louis School, Dahisar, Mumbai, 400068",
        "ELEVATOR_CONTACT_LIST": null,
        "ELEVATOR_INTERCOM": null,
        "WORKING_HRS": null,
        "EMPLOYEE_QTY": null,
        "EMPLOYEE_MALE": null,
        "EMPLOYEE_FEMALE": null,
        "EMPLOYEE_DIF_ABLE": null,
        "WORKING_HRS_STR": null,
        "WORKING_HRS_STP": null
      }
    },
    {
      "type": "Feature",
      "id": 616,
      "geometry": {
        "type": "Point",
        "coordinates": [72.85659368350231, 19.252270755161213]
      },
      "properties": {
        "OBJECTID": 616,
        "NAME": "St Louis High School",
        "TYPE": 4,
        "LOCATION": "RK Road, Near Prime Allegan Building, Dahisar, Mumbai, 400068",
        "ELEVATOR_CONTACT_LIST": null,
        "ELEVATOR_INTERCOM": null,
        "WORKING_HRS": null,
        "EMPLOYEE_QTY": null,
        "EMPLOYEE_MALE": null,
        "EMPLOYEE_FEMALE": null,
        "EMPLOYEE_DIF_ABLE": null,
        "WORKING_HRS_STR": null,
        "WORKING_HRS_STP": null
      }
    },
    {
      "type": "Feature",
      "id": 617,
      "geometry": {
        "type": "Point",
        "coordinates": [72.85840412209923, 19.241182978887476]
      },
      "properties": {
        "OBJECTID": 617,
        "NAME": "Rustonmjee Business School",
        "TYPE": 4,
        "LOCATION": "Irani Road, Near Rustonmjee Regency, Dahisar, Mumbai, 400068",
        "ELEVATOR_CONTACT_LIST": null,
        "ELEVATOR_INTERCOM": null,
        "WORKING_HRS": null,
        "EMPLOYEE_QTY": null,
        "EMPLOYEE_MALE": null,
        "EMPLOYEE_FEMALE": null,
        "EMPLOYEE_DIF_ABLE": null,
        "WORKING_HRS_STR": null,
        "WORKING_HRS_STP": null
      }
    },
    {
      "type": "Feature",
      "id": 618,
      "geometry": {
        "type": "Point",
        "coordinates": [72.85724312064013, 19.243603229336532]
      },
      "properties": {
        "OBJECTID": 618,
        "NAME": "Rustomjee Cambridge International School",
        "TYPE": 4,
        "LOCATION": "Rustonmjee Road, Near Rustam Ji Royal Building, Dahisar, Mumbai, 400068",
        "ELEVATOR_CONTACT_LIST": null,
        "ELEVATOR_INTERCOM": null,
        "WORKING_HRS": null,
        "EMPLOYEE_QTY": null,
        "EMPLOYEE_MALE": null,
        "EMPLOYEE_FEMALE": null,
        "EMPLOYEE_DIF_ABLE": null,
        "WORKING_HRS_STR": null,
        "WORKING_HRS_STP": null
      }
    },
    {
      "type": "Feature",
      "id": 619,
      "geometry": {
        "type": "Point",
        "coordinates": [72.86676036152991, 19.25669210778834]
      },
      "properties": {
        "OBJECTID": 619,
        "NAME": "Saint Mary's High School",
        "TYPE": 4,
        "LOCATION": "Link Road, Near Shiv Mandir, Dahisar, Mumbai, 400068",
        "ELEVATOR_CONTACT_LIST": null,
        "ELEVATOR_INTERCOM": null,
        "WORKING_HRS": null,
        "EMPLOYEE_QTY": null,
        "EMPLOYEE_MALE": null,
        "EMPLOYEE_FEMALE": null,
        "EMPLOYEE_DIF_ABLE": null,
        "WORKING_HRS_STR": null,
        "WORKING_HRS_STP": null
      }
    },
    {
      "type": "Feature",
      "id": 620,
      "geometry": {
        "type": "Point",
        "coordinates": [72.86864552645994, 19.248788435452557]
      },
      "properties": {
        "OBJECTID": 620,
        "NAME": "Shree Vishwakarma High School",
        "TYPE": 4,
        "LOCATION": "SN Dubey Road, Near Sai Baba Temple, Dahisar, Mumbai, 400068",
        "ELEVATOR_CONTACT_LIST": null,
        "ELEVATOR_INTERCOM": null,
        "WORKING_HRS": null,
        "EMPLOYEE_QTY": null,
        "EMPLOYEE_MALE": null,
        "EMPLOYEE_FEMALE": null,
        "EMPLOYEE_DIF_ABLE": null,
        "WORKING_HRS_STR": null,
        "WORKING_HRS_STP": null
      }
    },
    {
      "type": "Feature",
      "id": 621,
      "geometry": {
        "type": "Point",
        "coordinates": [72.86520819564524, 19.24986898516177]
      },
      "properties": {
        "OBJECTID": 621,
        "NAME": "Sardar Vallabhbhai Patel Vidyalaya and Jr. College",
        "TYPE": 4,
        "LOCATION": "Shanti Nagar Road, Near Jan Kalyan Building No 2, Dahisar, Mumbai, 400068",
        "ELEVATOR_CONTACT_LIST": null,
        "ELEVATOR_INTERCOM": null,
        "WORKING_HRS": null,
        "EMPLOYEE_QTY": null,
        "EMPLOYEE_MALE": null,
        "EMPLOYEE_FEMALE": null,
        "EMPLOYEE_DIF_ABLE": null,
        "WORKING_HRS_STR": null,
        "WORKING_HRS_STP": null
      }
    },
    {
      "type": "Feature",
      "id": 622,
      "geometry": {
        "type": "Point",
        "coordinates": [72.86655860011757, 19.254664799934616]
      },
      "properties": {
        "OBJECTID": 622,
        "NAME": "Thakur Ramnarayan College of Law",
        "TYPE": 4,
        "LOCATION": "Swami Vivekananda Road, Near HP Petrol pump, Dahisar, Mumbai, 400068",
        "ELEVATOR_CONTACT_LIST": null,
        "ELEVATOR_INTERCOM": null,
        "WORKING_HRS": null,
        "EMPLOYEE_QTY": null,
        "EMPLOYEE_MALE": null,
        "EMPLOYEE_FEMALE": null,
        "EMPLOYEE_DIF_ABLE": null,
        "WORKING_HRS_STR": null,
        "WORKING_HRS_STP": null
      }
    },
    {
      "type": "Feature",
      "id": 623,
      "geometry": {
        "type": "Point",
        "coordinates": [72.8609861426719, 19.256075491885206]
      },
      "properties": {
        "OBJECTID": 623,
        "NAME": "Lexicon Global School & Matruchaya College Commerce & Science",
        "TYPE": 4,
        "LOCATION": "Chatrpati Shivaji Road, Near Shivalaya Building, Dahisar, Mumbai, 400068",
        "ELEVATOR_CONTACT_LIST": null,
        "ELEVATOR_INTERCOM": null,
        "WORKING_HRS": null,
        "EMPLOYEE_QTY": null,
        "EMPLOYEE_MALE": null,
        "EMPLOYEE_FEMALE": null,
        "EMPLOYEE_DIF_ABLE": null,
        "WORKING_HRS_STR": null,
        "WORKING_HRS_STP": null
      }
    },
    {
      "type": "Feature",
      "id": 624,
      "geometry": {
        "type": "Point",
        "coordinates": [72.86177830113897, 19.250107394320345]
      },
      "properties": {
        "OBJECTID": 624,
        "NAME": "Shri Poorna Prajna Education Centre",
        "TYPE": 4,
        "LOCATION": "Bharucha Road, Near Dahisar Station, Dahisar, Mumbai, 400068",
        "ELEVATOR_CONTACT_LIST": null,
        "ELEVATOR_INTERCOM": null,
        "WORKING_HRS": null,
        "EMPLOYEE_QTY": null,
        "EMPLOYEE_MALE": null,
        "EMPLOYEE_FEMALE": null,
        "EMPLOYEE_DIF_ABLE": null,
        "WORKING_HRS_STR": null,
        "WORKING_HRS_STP": null
      }
    },
    {
      "type": "Feature",
      "id": 625,
      "geometry": {
        "type": "Point",
        "coordinates": [72.85469602081105, 19.248101475488557]
      },
      "properties": {
        "OBJECTID": 625,
        "NAME": "JBCN International School",
        "TYPE": 4,
        "LOCATION": "Babudev Road, Near Vini Castle Building, Dahisar, Mumbai, 400068",
        "ELEVATOR_CONTACT_LIST": null,
        "ELEVATOR_INTERCOM": null,
        "WORKING_HRS": null,
        "EMPLOYEE_QTY": null,
        "EMPLOYEE_MALE": null,
        "EMPLOYEE_FEMALE": null,
        "EMPLOYEE_DIF_ABLE": null,
        "WORKING_HRS_STR": null,
        "WORKING_HRS_STP": null
      }
    },
    {
      "type": "Feature",
      "id": 626,
      "geometry": {
        "type": "Point",
        "coordinates": [72.85282418135162, 19.248285463651328]
      },
      "properties": {
        "OBJECTID": 626,
        "NAME": "Mary Immaculate Girls' High School",
        "TYPE": 4,
        "LOCATION": "Lakshman Mhatre Road, Near Fizaay Shop, Dahisar, Mumbai, 400068",
        "ELEVATOR_CONTACT_LIST": null,
        "ELEVATOR_INTERCOM": null,
        "WORKING_HRS": null,
        "EMPLOYEE_QTY": null,
        "EMPLOYEE_MALE": null,
        "EMPLOYEE_FEMALE": null,
        "EMPLOYEE_DIF_ABLE": null,
        "WORKING_HRS_STR": null,
        "WORKING_HRS_STP": null
      }
    },
    {
      "type": "Feature",
      "id": 627,
      "geometry": {
        "type": "Point",
        "coordinates": [72.86215708626314, 19.23680900132505]
      },
      "properties": {
        "OBJECTID": 627,
        "NAME": "Sheth D M High School",
        "TYPE": 4,
        "LOCATION": "Daulat Nagar, Road No 10, Near Navnit Hospital, Borivali, Mumbai, 400066",
        "ELEVATOR_CONTACT_LIST": null,
        "ELEVATOR_INTERCOM": null,
        "WORKING_HRS": null,
        "EMPLOYEE_QTY": null,
        "EMPLOYEE_MALE": null,
        "EMPLOYEE_FEMALE": null,
        "EMPLOYEE_DIF_ABLE": null,
        "WORKING_HRS_STR": null,
        "WORKING_HRS_STP": null
      }
    },
    {
      "type": "Feature",
      "id": 628,
      "geometry": {
        "type": "Point",
        "coordinates": [72.85651523637937, 19.23660051841569]
      },
      "properties": {
        "OBJECTID": 628,
        "NAME": "S E International School",
        "TYPE": 4,
        "LOCATION": "Rokadia Cross Lane, Near Sankalp Building, Borivali, Mumbai, 400092",
        "ELEVATOR_CONTACT_LIST": null,
        "ELEVATOR_INTERCOM": null,
        "WORKING_HRS": null,
        "EMPLOYEE_QTY": null,
        "EMPLOYEE_MALE": null,
        "EMPLOYEE_FEMALE": null,
        "EMPLOYEE_DIF_ABLE": null,
        "WORKING_HRS_STR": null,
        "WORKING_HRS_STP": null
      }
    },
    {
      "type": "Feature",
      "id": 629,
      "geometry": {
        "type": "Point",
        "coordinates": [72.84586150170395, 19.23784869456718]
      },
      "properties": {
        "OBJECTID": 629,
        "NAME": "St Rock'S College",
        "TYPE": 4,
        "LOCATION": "Narayan Mhatre Road, Near Eksar Lake, Borivali, Mumbai, 400092",
        "ELEVATOR_CONTACT_LIST": null,
        "ELEVATOR_INTERCOM": null,
        "WORKING_HRS": null,
        "EMPLOYEE_QTY": null,
        "EMPLOYEE_MALE": null,
        "EMPLOYEE_FEMALE": null,
        "EMPLOYEE_DIF_ABLE": null,
        "WORKING_HRS_STR": null,
        "WORKING_HRS_STP": null
      }
    },
    {
      "type": "Feature",
      "id": 630,
      "geometry": {
        "type": "Point",
        "coordinates": [72.84690622243536, 19.240166487014395]
      },
      "properties": {
        "OBJECTID": 630,
        "NAME": "St Lawrence High School",
        "TYPE": 4,
        "LOCATION": "New Link Road, Near Lotus Hospital, Borivali, Mumbai, 400103",
        "ELEVATOR_CONTACT_LIST": null,
        "ELEVATOR_INTERCOM": null,
        "WORKING_HRS": null,
        "EMPLOYEE_QTY": null,
        "EMPLOYEE_MALE": null,
        "EMPLOYEE_FEMALE": null,
        "EMPLOYEE_DIF_ABLE": null,
        "WORKING_HRS_STR": null,
        "WORKING_HRS_STP": null
      }
    },
    {
      "type": "Feature",
      "id": 631,
      "geometry": {
        "type": "Point",
        "coordinates": [72.85282928464842, 19.244157227691694]
      },
      "properties": {
        "OBJECTID": 631,
        "NAME": "St Francis D'Assisi Jr College",
        "TYPE": 4,
        "LOCATION": "Lakshman Mhatre Road, Inside St Francis D Assisi High School, Borivali, Mumbai, 400103",
        "ELEVATOR_CONTACT_LIST": null,
        "ELEVATOR_INTERCOM": null,
        "WORKING_HRS": null,
        "EMPLOYEE_QTY": null,
        "EMPLOYEE_MALE": null,
        "EMPLOYEE_FEMALE": null,
        "EMPLOYEE_DIF_ABLE": null,
        "WORKING_HRS_STR": null,
        "WORKING_HRS_STP": null
      }
    },
    {
      "type": "Feature",
      "id": 632,
      "geometry": {
        "type": "Point",
        "coordinates": [72.8534840436099, 19.242746158395786]
      },
      "properties": {
        "OBJECTID": 632,
        "NAME": "St Francis Institute Of Management And Research",
        "TYPE": 4,
        "LOCATION": "Lakshman Mhatre Road, Inside St Francis Institute Of Management And Research, Borivali, Mumbai, 400103",
        "ELEVATOR_CONTACT_LIST": null,
        "ELEVATOR_INTERCOM": null,
        "WORKING_HRS": null,
        "EMPLOYEE_QTY": null,
        "EMPLOYEE_MALE": null,
        "EMPLOYEE_FEMALE": null,
        "EMPLOYEE_DIF_ABLE": null,
        "WORKING_HRS_STR": null,
        "WORKING_HRS_STP": null
      }
    },
    {
      "type": "Feature",
      "id": 633,
      "geometry": {
        "type": "Point",
        "coordinates": [72.84675467816591, 19.25034766890284]
      },
      "properties": {
        "OBJECTID": 633,
        "NAME": "C P Goenka International School",
        "TYPE": 4,
        "LOCATION": "IC Colony Road, Near Sardar Vallbhbhai Patel Polytechnic College, Borivali, Mumbai, 400103",
        "ELEVATOR_CONTACT_LIST": null,
        "ELEVATOR_INTERCOM": null,
        "WORKING_HRS": null,
        "EMPLOYEE_QTY": null,
        "EMPLOYEE_MALE": null,
        "EMPLOYEE_FEMALE": null,
        "EMPLOYEE_DIF_ABLE": null,
        "WORKING_HRS_STR": null,
        "WORKING_HRS_STP": null
      }
    },
    {
      "type": "Feature",
      "id": 634,
      "geometry": {
        "type": "Point",
        "coordinates": [72.85329054987373, 19.24246557030349]
      },
      "properties": {
        "OBJECTID": 634,
        "NAME": "(Duplicate) St Francis Institute Of Technology",
        "TYPE": 4,
        "LOCATION": "Lakshman Mhatre Road, Inside St Francis Institute Of Technology, Borivali, Mumbai, 400103",
        "ELEVATOR_CONTACT_LIST": null,
        "ELEVATOR_INTERCOM": null,
        "WORKING_HRS": null,
        "EMPLOYEE_QTY": null,
        "EMPLOYEE_MALE": null,
        "EMPLOYEE_FEMALE": null,
        "EMPLOYEE_DIF_ABLE": null,
        "WORKING_HRS_STR": null,
        "WORKING_HRS_STP": null
      }
    },
    {
      "type": "Feature",
      "id": 635,
      "geometry": {
        "type": "Point",
        "coordinates": [72.84669332210038, 19.25020966107479]
      },
      "properties": {
        "OBJECTID": 635,
        "NAME": "Sardar Vallbhbhai Patel Polytechnic College",
        "TYPE": 4,
        "LOCATION": "New Link Road, Near Romell Empress Tower, Dahisar, Mumbai, 400103",
        "ELEVATOR_CONTACT_LIST": null,
        "ELEVATOR_INTERCOM": null,
        "WORKING_HRS": null,
        "EMPLOYEE_QTY": null,
        "EMPLOYEE_MALE": null,
        "EMPLOYEE_FEMALE": null,
        "EMPLOYEE_DIF_ABLE": null,
        "WORKING_HRS_STR": null,
        "WORKING_HRS_STP": null
      }
    },
    {
      "type": "Feature",
      "id": 636,
      "geometry": {
        "type": "Point",
        "coordinates": [72.85408185863118, 19.243379462759894]
      },
      "properties": {
        "OBJECTID": 636,
        "NAME": "St Francis Institute Technology College",
        "TYPE": 4,
        "LOCATION": "Lakshman Mhatre Road, Inside St Francis Institute Technology College, Borivali, Mumbai, 400103",
        "ELEVATOR_CONTACT_LIST": null,
        "ELEVATOR_INTERCOM": null,
        "WORKING_HRS": null,
        "EMPLOYEE_QTY": null,
        "EMPLOYEE_MALE": null,
        "EMPLOYEE_FEMALE": null,
        "EMPLOYEE_DIF_ABLE": null,
        "WORKING_HRS_STR": null,
        "WORKING_HRS_STP": null
      }
    },
    {
      "type": "Feature",
      "id": 637,
      "geometry": {
        "type": "Point",
        "coordinates": [72.86853555635676, 19.24513687191037]
      },
      "properties": {
        "OBJECTID": 637,
        "NAME": "Vidya Bhushan High School",
        "TYPE": 4,
        "LOCATION": "Gora Kumbar Road, Near Bank Of Maharashtra, Dahisar, Mumbai, 400068",
        "ELEVATOR_CONTACT_LIST": null,
        "ELEVATOR_INTERCOM": null,
        "WORKING_HRS": null,
        "EMPLOYEE_QTY": null,
        "EMPLOYEE_MALE": null,
        "EMPLOYEE_FEMALE": null,
        "EMPLOYEE_DIF_ABLE": null,
        "WORKING_HRS_STR": null,
        "WORKING_HRS_STP": null
      }
    },
    {
      "type": "Feature",
      "id": 638,
      "geometry": {
        "type": "Point",
        "coordinates": [72.86359626756415, 19.24582724436478]
      },
      "properties": {
        "OBJECTID": 638,
        "NAME": "Shailendar Education Society",
        "TYPE": 4,
        "LOCATION": "Wstren Express Highway, Near Ravi Kiran Building, Dahisar, Mumbai, 400068",
        "ELEVATOR_CONTACT_LIST": null,
        "ELEVATOR_INTERCOM": null,
        "WORKING_HRS": null,
        "EMPLOYEE_QTY": null,
        "EMPLOYEE_MALE": null,
        "EMPLOYEE_FEMALE": null,
        "EMPLOYEE_DIF_ABLE": null,
        "WORKING_HRS_STR": null,
        "WORKING_HRS_STP": null
      }
    },
    {
      "type": "Feature",
      "id": 639,
      "geometry": {
        "type": "Point",
        "coordinates": [72.86682631836533, 19.24114398907561]
      },
      "properties": {
        "OBJECTID": 639,
        "NAME": "Universal High School",
        "TYPE": 4,
        "LOCATION": "D G M Road, Near Ashokvan BMC School, Dahisar, Mumbai, 400068",
        "ELEVATOR_CONTACT_LIST": null,
        "ELEVATOR_INTERCOM": null,
        "WORKING_HRS": null,
        "EMPLOYEE_QTY": null,
        "EMPLOYEE_MALE": null,
        "EMPLOYEE_FEMALE": null,
        "EMPLOYEE_DIF_ABLE": null,
        "WORKING_HRS_STR": null,
        "WORKING_HRS_STP": null
      }
    },
    {
      "type": "Feature",
      "id": 640,
      "geometry": {
        "type": "Point",
        "coordinates": [72.8597858551928, 19.254192828064966]
      },
      "properties": {
        "OBJECTID": 640,
        "NAME": "Swami Vivekananda School",
        "TYPE": 4,
        "LOCATION": "Joshi Road, Near Krishna Nursing Home, Dhaisar, Mumbai, 400068",
        "ELEVATOR_CONTACT_LIST": null,
        "ELEVATOR_INTERCOM": null,
        "WORKING_HRS": null,
        "EMPLOYEE_QTY": null,
        "EMPLOYEE_MALE": null,
        "EMPLOYEE_FEMALE": null,
        "EMPLOYEE_DIF_ABLE": null,
        "WORKING_HRS_STR": null,
        "WORKING_HRS_STP": null
      }
    },
    {
      "type": "Feature",
      "id": 641,
      "geometry": {
        "type": "Point",
        "coordinates": [72.86004535903784, 19.24999505437966]
      },
      "properties": {
        "OBJECTID": 641,
        "NAME": "Bharucha Road Municipal School ",
        "TYPE": 1,
        "LOCATION": "Bharucha Road, Near Dhaisar Station, Dhaisar, Mumbai, 400068",
        "ELEVATOR_CONTACT_LIST": null,
        "ELEVATOR_INTERCOM": null,
        "WORKING_HRS": null,
        "EMPLOYEE_QTY": null,
        "EMPLOYEE_MALE": null,
        "EMPLOYEE_FEMALE": null,
        "EMPLOYEE_DIF_ABLE": null,
        "WORKING_HRS_STR": null,
        "WORKING_HRS_STP": null
      }
    },
    {
      "type": "Feature",
      "id": 645,
      "geometry": {
        "type": "Point",
        "coordinates": [72.83520944361968, 18.937766019188505]
      },
      "properties": {
        "OBJECTID": 645,
        "NAME": "Bai Kabibai English Primary School",
        "TYPE": 4,
        "LOCATION": "Bora Bazar Street Road, Near Apollo Pharmacy, CSMT, Mumbai, 400001",
        "ELEVATOR_CONTACT_LIST": null,
        "ELEVATOR_INTERCOM": null,
        "WORKING_HRS": null,
        "EMPLOYEE_QTY": null,
        "EMPLOYEE_MALE": null,
        "EMPLOYEE_FEMALE": null,
        "EMPLOYEE_DIF_ABLE": null,
        "WORKING_HRS_STR": null,
        "WORKING_HRS_STP": null
      }
    },
    {
      "type": "Feature",
      "id": 646,
      "geometry": {
        "type": "Point",
        "coordinates": [72.82661765802699, 18.914928692202988]
      },
      "properties": {
        "OBJECTID": 646,
        "NAME": "Colaba Muncipal Primary & Secondary School",
        "TYPE": 1,
        "LOCATION": "Narayan Atmaram Sawant Road, Near Colaba Fire Station, Colaba, Mumbai, 400005",
        "ELEVATOR_CONTACT_LIST": null,
        "ELEVATOR_INTERCOM": null,
        "WORKING_HRS": null,
        "EMPLOYEE_QTY": null,
        "EMPLOYEE_MALE": null,
        "EMPLOYEE_FEMALE": null,
        "EMPLOYEE_DIF_ABLE": null,
        "WORKING_HRS_STR": null,
        "WORKING_HRS_STP": null
      }
    },
    {
      "type": "Feature",
      "id": 647,
      "geometry": {
        "type": "Point",
        "coordinates": [72.82692577684548, 18.91456521278755]
      },
      "properties": {
        "OBJECTID": 647,
        "NAME": "Colaba Muncipal HIndi School",
        "TYPE": 1,
        "LOCATION": "Narayan Atmaram Sawant Road, Near Sidhwa Commerical Complex, Colaba, Mumbai, 400005",
        "ELEVATOR_CONTACT_LIST": null,
        "ELEVATOR_INTERCOM": null,
        "WORKING_HRS": null,
        "EMPLOYEE_QTY": null,
        "EMPLOYEE_MALE": null,
        "EMPLOYEE_FEMALE": null,
        "EMPLOYEE_DIF_ABLE": null,
        "WORKING_HRS_STR": null,
        "WORKING_HRS_STP": null
      }
    },
    {
      "type": "Feature",
      "id": 648,
      "geometry": {
        "type": "Point",
        "coordinates": [72.83620689104566, 18.938010524399054]
      },
      "properties": {
        "OBJECTID": 648,
        "NAME": "Manohardas Street Municipal Marathi School ",
        "TYPE": 1,
        "LOCATION": "Modi Street Road, Opp GPO CST, Near Bank Of Maharashtra, CSMT, Mumbai, 400001",
        "ELEVATOR_CONTACT_LIST": null,
        "ELEVATOR_INTERCOM": null,
        "WORKING_HRS": null,
        "EMPLOYEE_QTY": null,
        "EMPLOYEE_MALE": null,
        "EMPLOYEE_FEMALE": null,
        "EMPLOYEE_DIF_ABLE": null,
        "WORKING_HRS_STR": null,
        "WORKING_HRS_STP": null
      }
    },
    {
      "type": "Feature",
      "id": 651,
      "geometry": {
        "type": "Point",
        "coordinates": [72.81970862257349, 18.91616502168289]
      },
      "properties": {
        "OBJECTID": 651,
        "NAME": "G D Somani School",
        "TYPE": 4,
        "LOCATION": "G D Somani Road, Near Cuffe Parade Telephone Exchange, Cuffe Parade, Mumbai, 400005",
        "ELEVATOR_CONTACT_LIST": null,
        "ELEVATOR_INTERCOM": null,
        "WORKING_HRS": null,
        "EMPLOYEE_QTY": null,
        "EMPLOYEE_MALE": null,
        "EMPLOYEE_FEMALE": null,
        "EMPLOYEE_DIF_ABLE": null,
        "WORKING_HRS_STR": null,
        "WORKING_HRS_STP": null
      }
    },
    {
      "type": "Feature",
      "id": 652,
      "geometry": {
        "type": "Point",
        "coordinates": [72.82226309210945, 18.91307386235336]
      },
      "properties": {
        "OBJECTID": 652,
        "NAME": "Dunnes Institute",
        "TYPE": 4,
        "LOCATION": "Wodehouse Road, Near Durgamata Tower, Colaba, Mumbai, 400005",
        "ELEVATOR_CONTACT_LIST": null,
        "ELEVATOR_INTERCOM": null,
        "WORKING_HRS": null,
        "EMPLOYEE_QTY": null,
        "EMPLOYEE_MALE": null,
        "EMPLOYEE_FEMALE": null,
        "EMPLOYEE_DIF_ABLE": null,
        "WORKING_HRS_STR": null,
        "WORKING_HRS_STP": null
      }
    },
    {
      "type": "Feature",
      "id": 653,
      "geometry": {
        "type": "Point",
        "coordinates": [72.82224331069727, 18.91452144255379]
      },
      "properties": {
        "OBJECTID": 653,
        "NAME": "Institute of Chartered Accountant of India",
        "TYPE": 2,
        "LOCATION": "Captain Prakash Pethe Marg, Near President Hotel, Cuffe Parade Colaba, Mumbai, 400005",
        "ELEVATOR_CONTACT_LIST": null,
        "ELEVATOR_INTERCOM": null,
        "WORKING_HRS": null,
        "EMPLOYEE_QTY": null,
        "EMPLOYEE_MALE": null,
        "EMPLOYEE_FEMALE": null,
        "EMPLOYEE_DIF_ABLE": null,
        "WORKING_HRS_STR": null,
        "WORKING_HRS_STP": null
      }
    },
    {
      "type": "Feature",
      "id": 654,
      "geometry": {
        "type": "Point",
        "coordinates": [72.8241550546297, 18.916058769998855]
      },
      "properties": {
        "OBJECTID": 654,
        "NAME": "Principal K M Kundnani College of Pharmacy",
        "TYPE": 4,
        "LOCATION": "Rambhau Salgaonkar Marg, Near Dr Z M Bhansali Clinic, Cuffe Parade Colaba, Mumbai, 400005",
        "ELEVATOR_CONTACT_LIST": null,
        "ELEVATOR_INTERCOM": null,
        "WORKING_HRS": null,
        "EMPLOYEE_QTY": null,
        "EMPLOYEE_MALE": null,
        "EMPLOYEE_FEMALE": null,
        "EMPLOYEE_DIF_ABLE": null,
        "WORKING_HRS_STR": null,
        "WORKING_HRS_STP": null
      }
    },
    {
      "type": "Feature",
      "id": 655,
      "geometry": {
        "type": "Point",
        "coordinates": [72.82665487359698, 18.917564048827447]
      },
      "properties": {
        "OBJECTID": 655,
        "NAME": "Naval Institute of Technology Technical School",
        "TYPE": 4,
        "LOCATION": "Cawarsji Jahangir Bhai, Near Akbar Motars, Colaba, Mumbai, 400005",
        "ELEVATOR_CONTACT_LIST": null,
        "ELEVATOR_INTERCOM": null,
        "WORKING_HRS": null,
        "EMPLOYEE_QTY": null,
        "EMPLOYEE_MALE": null,
        "EMPLOYEE_FEMALE": null,
        "EMPLOYEE_DIF_ABLE": null,
        "WORKING_HRS_STR": null,
        "WORKING_HRS_STP": null
      }
    },
    {
      "type": "Feature",
      "id": 656,
      "geometry": {
        "type": "Point",
        "coordinates": [72.82968375782076, 18.92471060958024]
      },
      "properties": {
        "OBJECTID": 656,
        "NAME": "Champion School",
        "TYPE": 4,
        "LOCATION": "Tribhuvan Road, Near New India Central, Churchgate, Mumbai, 400020",
        "ELEVATOR_CONTACT_LIST": null,
        "ELEVATOR_INTERCOM": null,
        "WORKING_HRS": null,
        "EMPLOYEE_QTY": null,
        "EMPLOYEE_MALE": null,
        "EMPLOYEE_FEMALE": null,
        "EMPLOYEE_DIF_ABLE": null,
        "WORKING_HRS_STR": null,
        "WORKING_HRS_STP": null
      }
    },
    {
      "type": "Feature",
      "id": 657,
      "geometry": {
        "type": "Point",
        "coordinates": [72.82728429965918, 18.929901799829608]
      },
      "properties": {
        "OBJECTID": 657,
        "NAME": "K C College",
        "TYPE": 4,
        "LOCATION": "Principal K.M. Kundnani Road, Near H.R College, Charge Gate, Mumbai, 400020",
        "ELEVATOR_CONTACT_LIST": null,
        "ELEVATOR_INTERCOM": null,
        "WORKING_HRS": null,
        "EMPLOYEE_QTY": null,
        "EMPLOYEE_MALE": null,
        "EMPLOYEE_FEMALE": null,
        "EMPLOYEE_DIF_ABLE": null,
        "WORKING_HRS_STR": null,
        "WORKING_HRS_STP": null
      }
    },
    {
      "type": "Feature",
      "id": 658,
      "geometry": {
        "type": "Point",
        "coordinates": [72.82695769955606, 18.929953500253173]
      },
      "properties": {
        "OBJECTID": 658,
        "NAME": "H R College",
        "TYPE": 4,
        "LOCATION": "Dinshaw Vache Road, Near K.C College, Charge Gate, Mumbai, 400020",
        "ELEVATOR_CONTACT_LIST": null,
        "ELEVATOR_INTERCOM": null,
        "WORKING_HRS": null,
        "EMPLOYEE_QTY": null,
        "EMPLOYEE_MALE": null,
        "EMPLOYEE_FEMALE": null,
        "EMPLOYEE_DIF_ABLE": null,
        "WORKING_HRS_STR": null,
        "WORKING_HRS_STP": null
      }
    },
    {
      "type": "Feature",
      "id": 659,
      "geometry": {
        "type": "Point",
        "coordinates": [72.82589580935206, 18.93520677530166]
      },
      "properties": {
        "OBJECTID": 659,
        "NAME": "Sydenham College Of Commerce & Economics",
        "TYPE": 3,
        "LOCATION": "B Road, OPP Shanskar Bld, Churchgate, Mumbai, 400020",
        "ELEVATOR_CONTACT_LIST": null,
        "ELEVATOR_INTERCOM": null,
        "WORKING_HRS": null,
        "EMPLOYEE_QTY": null,
        "EMPLOYEE_MALE": null,
        "EMPLOYEE_FEMALE": null,
        "EMPLOYEE_DIF_ABLE": null,
        "WORKING_HRS_STR": null,
        "WORKING_HRS_STP": null
      }
    },
    {
      "type": "Feature",
      "id": 661,
      "geometry": {
        "type": "Point",
        "coordinates": [72.82496541746733, 18.934492906924465]
      },
      "properties": {
        "OBJECTID": 661,
        "NAME": "Jay Hind College",
        "TYPE": 3,
        "LOCATION": "A Road, OPP Vasant Properties Pvt ltd, Churchgate, Mumbai, 400020",
        "ELEVATOR_CONTACT_LIST": null,
        "ELEVATOR_INTERCOM": null,
        "WORKING_HRS": null,
        "EMPLOYEE_QTY": null,
        "EMPLOYEE_MALE": null,
        "EMPLOYEE_FEMALE": null,
        "EMPLOYEE_DIF_ABLE": null,
        "WORKING_HRS_STR": null,
        "WORKING_HRS_STP": null
      }
    },
    {
      "type": "Feature",
      "id": 662,
      "geometry": {
        "type": "Point",
        "coordinates": [72.82696165091527, 18.934637836765155]
      },
      "properties": {
        "OBJECTID": 662,
        "NAME": "Government Law College",
        "TYPE": 3,
        "LOCATION": "IMC Street, OPP Churchgate Station, Churchgate Station, Mumbai, 400020",
        "ELEVATOR_CONTACT_LIST": null,
        "ELEVATOR_INTERCOM": null,
        "WORKING_HRS": null,
        "EMPLOYEE_QTY": null,
        "EMPLOYEE_MALE": null,
        "EMPLOYEE_FEMALE": null,
        "EMPLOYEE_DIF_ABLE": null,
        "WORKING_HRS_STR": null,
        "WORKING_HRS_STP": null
      }
    },
    {
      "type": "Feature",
      "id": 663,
      "geometry": {
        "type": "Point",
        "coordinates": [72.83126120025445, 18.9271184003003]
      },
      "properties": {
        "OBJECTID": 663,
        "NAME": "Elphinstone College",
        "TYPE": 3,
        "LOCATION": "Mahatma Gandhi Road, Near Ngma Gallery, Charge Gate, Mumbai, 400032",
        "ELEVATOR_CONTACT_LIST": null,
        "ELEVATOR_INTERCOM": null,
        "WORKING_HRS": null,
        "EMPLOYEE_QTY": null,
        "EMPLOYEE_MALE": null,
        "EMPLOYEE_FEMALE": null,
        "EMPLOYEE_DIF_ABLE": null,
        "WORKING_HRS_STR": null,
        "WORKING_HRS_STP": null
      }
    },
    {
      "type": "Feature",
      "id": 665,
      "geometry": {
        "type": "Point",
        "coordinates": [72.8323441735793, 18.93610521004784]
      },
      "properties": {
        "OBJECTID": 665,
        "NAME": "P E Society's Siddharth College Of Arts Science Commerce",
        "TYPE": 4,
        "LOCATION": "Pushutamdas Thakurdas Road, Near Lamp Pol No W B _27_0004, Fort, Mumbai, 400001",
        "ELEVATOR_CONTACT_LIST": null,
        "ELEVATOR_INTERCOM": null,
        "WORKING_HRS": null,
        "EMPLOYEE_QTY": null,
        "EMPLOYEE_MALE": null,
        "EMPLOYEE_FEMALE": null,
        "EMPLOYEE_DIF_ABLE": null,
        "WORKING_HRS_STR": null,
        "WORKING_HRS_STP": null
      }
    },
    {
      "type": "Feature",
      "id": 666,
      "geometry": {
        "type": "Point",
        "coordinates": [72.83166825834424, 18.935694207583786]
      },
      "properties": {
        "OBJECTID": 666,
        "NAME": "Young Ladish High School",
        "TYPE": 4,
        "LOCATION": "Muzban Road, OPP Lamp Pol No MZB -0021, Fort, Mumbai, 400001",
        "ELEVATOR_CONTACT_LIST": null,
        "ELEVATOR_INTERCOM": null,
        "WORKING_HRS": null,
        "EMPLOYEE_QTY": null,
        "EMPLOYEE_MALE": null,
        "EMPLOYEE_FEMALE": null,
        "EMPLOYEE_DIF_ABLE": null,
        "WORKING_HRS_STR": null,
        "WORKING_HRS_STP": null
      }
    },
    {
      "type": "Feature",
      "id": 667,
      "geometry": {
        "type": "Point",
        "coordinates": [72.83223219235771, 18.935165229732686]
      },
      "properties": {
        "OBJECTID": 667,
        "NAME": "The Cathedral And Jhon Cannon Middal School",
        "TYPE": 4,
        "LOCATION": "Ghanshayam Talvalkar Marg, OPP IDBI Bank, Fort, Mumbai, 400001",
        "ELEVATOR_CONTACT_LIST": null,
        "ELEVATOR_INTERCOM": null,
        "WORKING_HRS": null,
        "EMPLOYEE_QTY": null,
        "EMPLOYEE_MALE": null,
        "EMPLOYEE_FEMALE": null,
        "EMPLOYEE_DIF_ABLE": null,
        "WORKING_HRS_STR": null,
        "WORKING_HRS_STP": null
      }
    },
    {
      "type": "Feature",
      "id": 668,
      "geometry": {
        "type": "Point",
        "coordinates": [72.83217955358914, 18.934998101018824]
      },
      "properties": {
        "OBJECTID": 668,
        "NAME": "The J B Petit High School For Girls",
        "TYPE": 4,
        "LOCATION": "Mahrshi Dahadchi Marg, Near Lamp Pol No NAR -0004, Fort, Mumbai, 400001",
        "ELEVATOR_CONTACT_LIST": null,
        "ELEVATOR_INTERCOM": null,
        "WORKING_HRS": null,
        "EMPLOYEE_QTY": null,
        "EMPLOYEE_MALE": null,
        "EMPLOYEE_FEMALE": null,
        "EMPLOYEE_DIF_ABLE": null,
        "WORKING_HRS_STR": null,
        "WORKING_HRS_STP": null
      }
    },
    {
      "type": "Feature",
      "id": 669,
      "geometry": {
        "type": "Point",
        "coordinates": [72.83440947527954, 18.939511483033524]
      },
      "properties": {
        "OBJECTID": 669,
        "NAME": "Bharda New High School And Junior College",
        "TYPE": 4,
        "LOCATION": "Hazarimal Sonamani Road, Near Lamp Pol No WB-0003, Mumbai, Mumbai, 400001",
        "ELEVATOR_CONTACT_LIST": null,
        "ELEVATOR_INTERCOM": null,
        "WORKING_HRS": null,
        "EMPLOYEE_QTY": null,
        "EMPLOYEE_MALE": null,
        "EMPLOYEE_FEMALE": null,
        "EMPLOYEE_DIF_ABLE": null,
        "WORKING_HRS_STR": null,
        "WORKING_HRS_STP": null
      }
    },
    {
      "type": "Feature",
      "id": 670,
      "geometry": {
        "type": "Point",
        "coordinates": [72.8320541607457, 18.933789818239095]
      },
      "properties": {
        "OBJECTID": 670,
        "NAME": "Siddharth College",
        "TYPE": 4,
        "LOCATION": "D N Road, Near Central Bank of India, Fort, Mumbai, 400001",
        "ELEVATOR_CONTACT_LIST": null,
        "ELEVATOR_INTERCOM": null,
        "WORKING_HRS": null,
        "EMPLOYEE_QTY": null,
        "EMPLOYEE_MALE": null,
        "EMPLOYEE_FEMALE": null,
        "EMPLOYEE_DIF_ABLE": null,
        "WORKING_HRS_STR": null,
        "WORKING_HRS_STP": null
      }
    },
    {
      "type": "Feature",
      "id": 671,
      "geometry": {
        "type": "Point",
        "coordinates": [72.83387940362094, 18.94469893079965]
      },
      "properties": {
        "OBJECTID": 671,
        "NAME": "Sir J J College Of Archetectur Archetctuer School",
        "TYPE": 3,
        "LOCATION": "Dr Dadabhai Naoroji Road, Near, CSMT, Mumbai, 400001",
        "ELEVATOR_CONTACT_LIST": null,
        "ELEVATOR_INTERCOM": null,
        "WORKING_HRS": null,
        "EMPLOYEE_QTY": null,
        "EMPLOYEE_MALE": null,
        "EMPLOYEE_FEMALE": null,
        "EMPLOYEE_DIF_ABLE": null,
        "WORKING_HRS_STR": null,
        "WORKING_HRS_STP": null
      }
    },
    {
      "type": "Feature",
      "id": 672,
      "geometry": {
        "type": "Point",
        "coordinates": [72.83050719582782, 18.94465390119238]
      },
      "properties": {
        "OBJECTID": 672,
        "NAME": "St Xavier's High School",
        "TYPE": 3,
        "LOCATION": "Lokmanya Tilak Road, Near Court Of Small Causes Mumbai, CSMT, Mumbai, 400001",
        "ELEVATOR_CONTACT_LIST": null,
        "ELEVATOR_INTERCOM": null,
        "WORKING_HRS": null,
        "EMPLOYEE_QTY": null,
        "EMPLOYEE_MALE": null,
        "EMPLOYEE_FEMALE": null,
        "EMPLOYEE_DIF_ABLE": null,
        "WORKING_HRS_STR": null,
        "WORKING_HRS_STP": null
      }
    },
    {
      "type": "Feature",
      "id": 673,
      "geometry": {
        "type": "Point",
        "coordinates": [72.8302735090292, 18.94340287733917]
      },
      "properties": {
        "OBJECTID": 673,
        "NAME": "Elphinstone Technical Institute",
        "TYPE": 3,
        "LOCATION": "Mahapalika Road, Near Government Secondary Training Clg, CSMT, Mumbai, 400001",
        "ELEVATOR_CONTACT_LIST": null,
        "ELEVATOR_INTERCOM": null,
        "WORKING_HRS": null,
        "EMPLOYEE_QTY": null,
        "EMPLOYEE_MALE": null,
        "EMPLOYEE_FEMALE": null,
        "EMPLOYEE_DIF_ABLE": null,
        "WORKING_HRS_STR": null,
        "WORKING_HRS_STP": null
      }
    },
    {
      "type": "Feature",
      "id": 674,
      "geometry": {
        "type": "Point",
        "coordinates": [72.8313393520601, 18.94282508795171]
      },
      "properties": {
        "OBJECTID": 674,
        "NAME": "St Xavier Institute Of Manegment And Research Educationl Instituition",
        "TYPE": 3,
        "LOCATION": "Mahapalika Road, Near Dhobitalav, CSMT, Mumbai, 400001",
        "ELEVATOR_CONTACT_LIST": null,
        "ELEVATOR_INTERCOM": null,
        "WORKING_HRS": null,
        "EMPLOYEE_QTY": null,
        "EMPLOYEE_MALE": null,
        "EMPLOYEE_FEMALE": null,
        "EMPLOYEE_DIF_ABLE": null,
        "WORKING_HRS_STR": null,
        "WORKING_HRS_STP": null
      }
    },
    {
      "type": "Feature",
      "id": 675,
      "geometry": {
        "type": "Point",
        "coordinates": [72.82642889806162, 18.94213915893924]
      },
      "properties": {
        "OBJECTID": 675,
        "NAME": "Shri S K I Jain High School",
        "TYPE": 4,
        "LOCATION": "Mahrshi Karve Road, Near Royal Chemists, Churchgate, Mumbai, 400020",
        "ELEVATOR_CONTACT_LIST": null,
        "ELEVATOR_INTERCOM": null,
        "WORKING_HRS": null,
        "EMPLOYEE_QTY": null,
        "EMPLOYEE_MALE": null,
        "EMPLOYEE_FEMALE": null,
        "EMPLOYEE_DIF_ABLE": null,
        "WORKING_HRS_STR": null,
        "WORKING_HRS_STP": null
      }
    },
    {
      "type": "Feature",
      "id": 676,
      "geometry": {
        "type": "Point",
        "coordinates": [72.827955410404, 18.937423520092146]
      },
      "properties": {
        "OBJECTID": 676,
        "NAME": "Shreemati Nathi Bai Damodar Thakarshi Womens University",
        "TYPE": 4,
        "LOCATION": "Thakarshi Road, OPP Niahta Bhavan, Churchgate, Mumbai, 400020",
        "ELEVATOR_CONTACT_LIST": null,
        "ELEVATOR_INTERCOM": null,
        "WORKING_HRS": null,
        "EMPLOYEE_QTY": null,
        "EMPLOYEE_MALE": null,
        "EMPLOYEE_FEMALE": null,
        "EMPLOYEE_DIF_ABLE": null,
        "WORKING_HRS_STR": null,
        "WORKING_HRS_STP": null
      }
    },
    {
      "type": "Feature",
      "id": 677,
      "geometry": {
        "type": "Point",
        "coordinates": [72.82815221744298, 18.93802384387376]
      },
      "properties": {
        "OBJECTID": 677,
        "NAME": "The Blossoms English High School",
        "TYPE": 4,
        "LOCATION": "Thakarshi Road, Near The Sunderbai Hall, Churchgate, Mumbai, 400020",
        "ELEVATOR_CONTACT_LIST": null,
        "ELEVATOR_INTERCOM": null,
        "WORKING_HRS": null,
        "EMPLOYEE_QTY": null,
        "EMPLOYEE_MALE": null,
        "EMPLOYEE_FEMALE": null,
        "EMPLOYEE_DIF_ABLE": null,
        "WORKING_HRS_STR": null,
        "WORKING_HRS_STP": null
      }
    },
    {
      "type": "Feature",
      "id": 679,
      "geometry": {
        "type": "Point",
        "coordinates": [72.82855957724364, 18.935339970954143]
      },
      "properties": {
        "OBJECTID": 679,
        "NAME": "The Bai B S Bengallee Girls High School",
        "TYPE": 4,
        "LOCATION": "Vithaldas Thakrshi Marg, Near Greyland, Churchgate, Mumbai, 400020",
        "ELEVATOR_CONTACT_LIST": null,
        "ELEVATOR_INTERCOM": null,
        "WORKING_HRS": null,
        "EMPLOYEE_QTY": null,
        "EMPLOYEE_MALE": null,
        "EMPLOYEE_FEMALE": null,
        "EMPLOYEE_DIF_ABLE": null,
        "WORKING_HRS_STR": null,
        "WORKING_HRS_STP": null
      }
    },
    {
      "type": "Feature",
      "id": 680,
      "geometry": {
        "type": "Point",
        "coordinates": [72.84134566831021, 18.957317729397055]
      },
      "properties": {
        "OBJECTID": 680,
        "NAME": "Jaffar Suleman Musafir Khana- Hostel",
        "TYPE": 4,
        "LOCATION": "S V P Road, Sideoff Mandvi Fire Station, Wadibunder, Mumbai, 400009",
        "ELEVATOR_CONTACT_LIST": null,
        "ELEVATOR_INTERCOM": null,
        "WORKING_HRS": null,
        "EMPLOYEE_QTY": null,
        "EMPLOYEE_MALE": null,
        "EMPLOYEE_FEMALE": null,
        "EMPLOYEE_DIF_ABLE": null,
        "WORKING_HRS_STR": null,
        "WORKING_HRS_STP": null
      }
    },
    {
      "type": "Feature",
      "id": 681,
      "geometry": {
        "type": "Point",
        "coordinates": [72.83432934414432, 18.95390484280503]
      },
      "properties": {
        "OBJECTID": 681,
        "NAME": "Kambekar Street Muncipal Urdu School",
        "TYPE": 1,
        "LOCATION": "Kambekar Street, Opp Near Mohammed Ali Road, Masjid Bander, Mumbai, 400003",
        "ELEVATOR_CONTACT_LIST": null,
        "ELEVATOR_INTERCOM": null,
        "WORKING_HRS": null,
        "EMPLOYEE_QTY": null,
        "EMPLOYEE_MALE": null,
        "EMPLOYEE_FEMALE": null,
        "EMPLOYEE_DIF_ABLE": null,
        "WORKING_HRS_STR": null,
        "WORKING_HRS_STP": null
      }
    },
    {
      "type": "Feature",
      "id": 682,
      "geometry": {
        "type": "Point",
        "coordinates": [72.83436421326259, 18.9537263171549]
      },
      "properties": {
        "OBJECTID": 682,
        "NAME": "Cummmo Jafar Suleman College of Arts And Commerce For Women's",
        "TYPE": 4,
        "LOCATION": "Kambekar Street, Near, Masjid Bander, Mumbai, 400003",
        "ELEVATOR_CONTACT_LIST": null,
        "ELEVATOR_INTERCOM": null,
        "WORKING_HRS": null,
        "EMPLOYEE_QTY": null,
        "EMPLOYEE_MALE": null,
        "EMPLOYEE_FEMALE": null,
        "EMPLOYEE_DIF_ABLE": null,
        "WORKING_HRS_STR": null,
        "WORKING_HRS_STP": null
      }
    },
    {
      "type": "Feature",
      "id": 683,
      "geometry": {
        "type": "Point",
        "coordinates": [72.83477559674544, 18.953488811263927]
      },
      "properties": {
        "OBJECTID": 683,
        "NAME": "Hashemiah High School",
        "TYPE": 4,
        "LOCATION": "Zakaria Masjid Street, Near Yusuf Meharali Ali Road, Masjid Bander, Mumbai, 400009",
        "ELEVATOR_CONTACT_LIST": null,
        "ELEVATOR_INTERCOM": null,
        "WORKING_HRS": null,
        "EMPLOYEE_QTY": null,
        "EMPLOYEE_MALE": null,
        "EMPLOYEE_FEMALE": null,
        "EMPLOYEE_DIF_ABLE": null,
        "WORKING_HRS_STR": null,
        "WORKING_HRS_STP": null
      }
    },
    {
      "type": "Feature",
      "id": 685,
      "geometry": {
        "type": "Point",
        "coordinates": [72.83370271312619, 18.959795776635186]
      },
      "properties": {
        "OBJECTID": 685,
        "NAME": "Imamwada Muncipal Secondary Urdu School",
        "TYPE": 1,
        "LOCATION": "Imamwada Road, Near Saboo Siddhique General Hospital, Dongari, Mumbai, 400009",
        "ELEVATOR_CONTACT_LIST": null,
        "ELEVATOR_INTERCOM": null,
        "WORKING_HRS": null,
        "EMPLOYEE_QTY": null,
        "EMPLOYEE_MALE": null,
        "EMPLOYEE_FEMALE": null,
        "EMPLOYEE_DIF_ABLE": null,
        "WORKING_HRS_STR": null,
        "WORKING_HRS_STP": null
      }
    },
    {
      "type": "Feature",
      "id": 686,
      "geometry": {
        "type": "Point",
        "coordinates": [72.838358021858, 18.963824944254963]
      },
      "properties": {
        "OBJECTID": 686,
        "NAME": "Fazlani  Lacademie Globale School",
        "TYPE": 5,
        "LOCATION": "Shivdas Champsi Road, Near Noor Baug, Mazgaon, Mumbai, 400009",
        "ELEVATOR_CONTACT_LIST": null,
        "ELEVATOR_INTERCOM": null,
        "WORKING_HRS": null,
        "EMPLOYEE_QTY": null,
        "EMPLOYEE_MALE": null,
        "EMPLOYEE_FEMALE": null,
        "EMPLOYEE_DIF_ABLE": null,
        "WORKING_HRS_STR": null,
        "WORKING_HRS_STP": null
      }
    },
    {
      "type": "Feature",
      "id": 687,
      "geometry": {
        "type": "Point",
        "coordinates": [72.83380128391528, 18.957980130838177]
      },
      "properties": {
        "OBJECTID": 687,
        "NAME": "J R No 02 Secondary Muncipal School ",
        "TYPE": 1,
        "LOCATION": "Dharamshala Road, S V P Road/ Opp Diamond Jubilee High School, Dongari, Mumbai, 400009",
        "ELEVATOR_CONTACT_LIST": null,
        "ELEVATOR_INTERCOM": null,
        "WORKING_HRS": null,
        "EMPLOYEE_QTY": null,
        "EMPLOYEE_MALE": null,
        "EMPLOYEE_FEMALE": null,
        "EMPLOYEE_DIF_ABLE": null,
        "WORKING_HRS_STR": null,
        "WORKING_HRS_STP": null
      }
    },
    {
      "type": "Feature",
      "id": 688,
      "geometry": {
        "type": "Point",
        "coordinates": [72.83350691183392, 18.957862172628516]
      },
      "properties": {
        "OBJECTID": 688,
        "NAME": "Diamond Jubilee High School For Girls",
        "TYPE": 4,
        "LOCATION": "Dharamshala Road, S V P Road, Dongari, Mumbai, 400009",
        "ELEVATOR_CONTACT_LIST": null,
        "ELEVATOR_INTERCOM": null,
        "WORKING_HRS": null,
        "EMPLOYEE_QTY": null,
        "EMPLOYEE_MALE": null,
        "EMPLOYEE_FEMALE": null,
        "EMPLOYEE_DIF_ABLE": null,
        "WORKING_HRS_STR": null,
        "WORKING_HRS_STP": null
      }
    },
    {
      "type": "Feature",
      "id": 689,
      "geometry": {
        "type": "Point",
        "coordinates": [72.83403128385653, 18.957236553789226]
      },
      "properties": {
        "OBJECTID": 689,
        "NAME": "J R No 01 Muncipal Primary Urdu School",
        "TYPE": 1,
        "LOCATION": "216,S.V.P Road Dongari West Mumbai. 400009",
        "ELEVATOR_CONTACT_LIST": null,
        "ELEVATOR_INTERCOM": null,
        "WORKING_HRS": null,
        "EMPLOYEE_QTY": null,
        "EMPLOYEE_MALE": null,
        "EMPLOYEE_FEMALE": null,
        "EMPLOYEE_DIF_ABLE": null,
        "WORKING_HRS_STR": null,
        "WORKING_HRS_STP": null
      }
    },
    {
      "type": "Feature",
      "id": 690,
      "geometry": {
        "type": "Point",
        "coordinates": [72.83362492927787, 18.960711202998407]
      },
      "properties": {
        "OBJECTID": 690,
        "NAME": "Safa High School And Junior College",
        "TYPE": 4,
        "LOCATION": "Babula Tank Cross Road/ Ramchandra Bhatt Marg, Near B Ward Office, Dongari, Mumbai, 400009",
        "ELEVATOR_CONTACT_LIST": null,
        "ELEVATOR_INTERCOM": null,
        "WORKING_HRS": null,
        "EMPLOYEE_QTY": null,
        "EMPLOYEE_MALE": null,
        "EMPLOYEE_FEMALE": null,
        "EMPLOYEE_DIF_ABLE": null,
        "WORKING_HRS_STR": null,
        "WORKING_HRS_STP": null
      }
    },
    {
      "type": "Feature",
      "id": 691,
      "geometry": {
        "type": "Point",
        "coordinates": [72.83260032521895, 18.955095539878126]
      },
      "properties": {
        "OBJECTID": 691,
        "NAME": "Saifi High School",
        "TYPE": 4,
        "LOCATION": "Mohammed Ali Road, Near Mandvi Telephone Exchange, Masjid Bander, Mumbai, 400003",
        "ELEVATOR_CONTACT_LIST": null,
        "ELEVATOR_INTERCOM": null,
        "WORKING_HRS": null,
        "EMPLOYEE_QTY": null,
        "EMPLOYEE_MALE": null,
        "EMPLOYEE_FEMALE": null,
        "EMPLOYEE_DIF_ABLE": null,
        "WORKING_HRS_STR": null,
        "WORKING_HRS_STP": null
      }
    },
    {
      "type": "Feature",
      "id": 692,
      "geometry": {
        "type": "Point",
        "coordinates": [72.83420026334622, 18.960304382800466]
      },
      "properties": {
        "OBJECTID": 692,
        "NAME": "BMC Unaided School English Medium",
        "TYPE": 4,
        "LOCATION": "Mirza Ali Street/ Imamwada Road, Near, Dongari, Mumbai, 400009",
        "ELEVATOR_CONTACT_LIST": null,
        "ELEVATOR_INTERCOM": null,
        "WORKING_HRS": null,
        "EMPLOYEE_QTY": null,
        "EMPLOYEE_MALE": null,
        "EMPLOYEE_FEMALE": null,
        "EMPLOYEE_DIF_ABLE": null,
        "WORKING_HRS_STR": null,
        "WORKING_HRS_STP": null
      }
    },
    {
      "type": "Feature",
      "id": 693,
      "geometry": {
        "type": "Point",
        "coordinates": [72.83581629375377, 18.955458931024822]
      },
      "properties": {
        "OBJECTID": 693,
        "NAME": "Dawoodbhoy Fazalbhoy High School",
        "TYPE": 4,
        "LOCATION": "Nishanpada Lane, Near City Heights, Dongari, Mumbai, 400009",
        "ELEVATOR_CONTACT_LIST": null,
        "ELEVATOR_INTERCOM": null,
        "WORKING_HRS": null,
        "EMPLOYEE_QTY": null,
        "EMPLOYEE_MALE": null,
        "EMPLOYEE_FEMALE": null,
        "EMPLOYEE_DIF_ABLE": null,
        "WORKING_HRS_STR": null,
        "WORKING_HRS_STP": null
      }
    },
    {
      "type": "Feature",
      "id": 694,
      "geometry": {
        "type": "Point",
        "coordinates": [72.83612944228962, 18.95547129844084]
      },
      "properties": {
        "OBJECTID": 694,
        "NAME": "Dar U Madinah International Islamic English School",
        "TYPE": 4,
        "LOCATION": "Tantanpura Street, Near Orchid International School, Dingari, Mumbai, 400009",
        "ELEVATOR_CONTACT_LIST": null,
        "ELEVATOR_INTERCOM": null,
        "WORKING_HRS": null,
        "EMPLOYEE_QTY": null,
        "EMPLOYEE_MALE": null,
        "EMPLOYEE_FEMALE": null,
        "EMPLOYEE_DIF_ABLE": null,
        "WORKING_HRS_STR": null,
        "WORKING_HRS_STP": null
      }
    },
    {
      "type": "Feature",
      "id": 695,
      "geometry": {
        "type": "Point",
        "coordinates": [72.83636681676192, 18.956199978907268]
      },
      "properties": {
        "OBJECTID": 695,
        "NAME": "Orchid International School",
        "TYPE": 5,
        "LOCATION": "Samuel Street, Near Khoja Shia Masjid, Dingari, Mumbai, 400009",
        "ELEVATOR_CONTACT_LIST": null,
        "ELEVATOR_INTERCOM": null,
        "WORKING_HRS": null,
        "EMPLOYEE_QTY": null,
        "EMPLOYEE_MALE": null,
        "EMPLOYEE_FEMALE": null,
        "EMPLOYEE_DIF_ABLE": null,
        "WORKING_HRS_STR": null,
        "WORKING_HRS_STP": null
      }
    },
    {
      "type": "Feature",
      "id": 696,
      "geometry": {
        "type": "Point",
        "coordinates": [72.8371335943937, 18.957705847602476]
      },
      "properties": {
        "OBJECTID": 696,
        "NAME": "New Habib High School",
        "TYPE": 4,
        "LOCATION": "2nd Flank Road, Near Shaida Marg, Dongari, Mumbai, 400009",
        "ELEVATOR_CONTACT_LIST": null,
        "ELEVATOR_INTERCOM": null,
        "WORKING_HRS": null,
        "EMPLOYEE_QTY": null,
        "EMPLOYEE_MALE": null,
        "EMPLOYEE_FEMALE": null,
        "EMPLOYEE_DIF_ABLE": null,
        "WORKING_HRS_STR": null,
        "WORKING_HRS_STP": null
      }
    },
    {
      "type": "Feature",
      "id": 697,
      "geometry": {
        "type": "Point",
        "coordinates": [72.83751379693719, 18.96010525259835]
      },
      "properties": {
        "OBJECTID": 697,
        "NAME": "St Joseph High School Primary and Secoundary",
        "TYPE": 4,
        "LOCATION": "Navroji Hill Road No 04, Opp Veer Sambhaji Maidan, Dongari, Mumbai, 400009",
        "ELEVATOR_CONTACT_LIST": null,
        "ELEVATOR_INTERCOM": null,
        "WORKING_HRS": null,
        "EMPLOYEE_QTY": null,
        "EMPLOYEE_MALE": null,
        "EMPLOYEE_FEMALE": null,
        "EMPLOYEE_DIF_ABLE": null,
        "WORKING_HRS_STR": null,
        "WORKING_HRS_STP": null
      }
    },
    {
      "type": "Feature",
      "id": 698,
      "geometry": {
        "type": "Point",
        "coordinates": [72.83834058764616, 18.96060180790689]
      },
      "properties": {
        "OBJECTID": 698,
        "NAME": "Model Night High School",
        "TYPE": 4,
        "LOCATION": "Navroji Hill Road No 07, 080970 36575, Dongari, Mumbai, 400009",
        "ELEVATOR_CONTACT_LIST": null,
        "ELEVATOR_INTERCOM": null,
        "WORKING_HRS": null,
        "EMPLOYEE_QTY": null,
        "EMPLOYEE_MALE": null,
        "EMPLOYEE_FEMALE": null,
        "EMPLOYEE_DIF_ABLE": null,
        "WORKING_HRS_STR": null,
        "WORKING_HRS_STP": null
      }
    },
    {
      "type": "Feature",
      "id": 699,
      "geometry": {
        "type": "Point",
        "coordinates": [72.8377964349995, 18.96095123493523]
      },
      "properties": {
        "OBJECTID": 699,
        "NAME": "Dongari Municipal Marathi Secondary High School",
        "TYPE": 1,
        "LOCATION": "Navroji Hill Road No 05, Opp Veer Sambhaji Maidan, Dongari, Mumbai, 400009",
        "ELEVATOR_CONTACT_LIST": null,
        "ELEVATOR_INTERCOM": null,
        "WORKING_HRS": null,
        "EMPLOYEE_QTY": null,
        "EMPLOYEE_MALE": null,
        "EMPLOYEE_FEMALE": null,
        "EMPLOYEE_DIF_ABLE": null,
        "WORKING_HRS_STR": null,
        "WORKING_HRS_STP": null
      }
    },
    {
      "type": "Feature",
      "id": 700,
      "geometry": {
        "type": "Point",
        "coordinates": [72.8376673530012, 18.961323492346523]
      },
      "properties": {
        "OBJECTID": 700,
        "NAME": "Dongari Muncipal Marathi Primary School",
        "TYPE": 1,
        "LOCATION": "Navroji Hill Road No 07, Opp Sitaram Shenoy Udyan, Dongari, Mumbai, 400009",
        "ELEVATOR_CONTACT_LIST": null,
        "ELEVATOR_INTERCOM": null,
        "WORKING_HRS": null,
        "EMPLOYEE_QTY": null,
        "EMPLOYEE_MALE": null,
        "EMPLOYEE_FEMALE": null,
        "EMPLOYEE_DIF_ABLE": null,
        "WORKING_HRS_STR": null,
        "WORKING_HRS_STP": null
      }
    },
    {
      "type": "Feature",
      "id": 701,
      "geometry": {
        "type": "Point",
        "coordinates": [72.82465361117825, 18.96040870443527]
      },
      "properties": {
        "OBJECTID": 701,
        "NAME": "Patthe Bapurao Road Lower Primary Muncipal Urdu School",
        "TYPE": 1,
        "LOCATION": "15 Nawab house,first floor 9th cross lane masjid gali P.B Marg grant road mumbai04",
        "ELEVATOR_CONTACT_LIST": null,
        "ELEVATOR_INTERCOM": null,
        "WORKING_HRS": null,
        "EMPLOYEE_QTY": null,
        "EMPLOYEE_MALE": null,
        "EMPLOYEE_FEMALE": null,
        "EMPLOYEE_DIF_ABLE": null,
        "WORKING_HRS_STR": null,
        "WORKING_HRS_STP": null
      }
    },
    {
      "type": "Feature",
      "id": 702,
      "geometry": {
        "type": "Point",
        "coordinates": [72.8046690999792, 18.968240200241944]
      },
      "properties": {
        "OBJECTID": 702,
        "NAME": "Green lawans High School",
        "TYPE": 4,
        "LOCATION": "Bomanji Petit Road, Near Ravi Co Op Hsg Sco, Mumbai, Mumbai, 400026",
        "ELEVATOR_CONTACT_LIST": null,
        "ELEVATOR_INTERCOM": null,
        "WORKING_HRS": null,
        "EMPLOYEE_QTY": null,
        "EMPLOYEE_MALE": null,
        "EMPLOYEE_FEMALE": null,
        "EMPLOYEE_DIF_ABLE": null,
        "WORKING_HRS_STR": null,
        "WORKING_HRS_STP": null
      }
    },
    {
      "type": "Feature",
      "id": 704,
      "geometry": {
        "type": "Point",
        "coordinates": [72.82457280940237, 18.974099562248536]
      },
      "properties": {
        "OBJECTID": 704,
        "NAME": "Agripada Muncipal Marathi School",
        "TYPE": 1,
        "LOCATION": "Farooq S. Umarbhai Path Near Ycmc Gym khana,Agripada,Mumbai. 400011",
        "ELEVATOR_CONTACT_LIST": null,
        "ELEVATOR_INTERCOM": null,
        "WORKING_HRS": null,
        "EMPLOYEE_QTY": null,
        "EMPLOYEE_MALE": null,
        "EMPLOYEE_FEMALE": null,
        "EMPLOYEE_DIF_ABLE": null,
        "WORKING_HRS_STR": null,
        "WORKING_HRS_STP": null
      }
    },
    {
      "type": "Feature",
      "id": 705,
      "geometry": {
        "type": "Point",
        "coordinates": [72.82464958715019, 18.974375403188887]
      },
      "properties": {
        "OBJECTID": 705,
        "NAME": "The Central Society For The Education Of The Deaf",
        "TYPE": 4,
        "LOCATION": "Farook S Umarbhoy Road, Opp YMCA Bombay, Agripada, Mumbai, 400011",
        "ELEVATOR_CONTACT_LIST": null,
        "ELEVATOR_INTERCOM": null,
        "WORKING_HRS": null,
        "EMPLOYEE_QTY": null,
        "EMPLOYEE_MALE": null,
        "EMPLOYEE_FEMALE": null,
        "EMPLOYEE_DIF_ABLE": null,
        "WORKING_HRS_STR": null,
        "WORKING_HRS_STP": null
      }
    },
    {
      "type": "Feature",
      "id": 706,
      "geometry": {
        "type": "Point",
        "coordinates": [72.82601885543986, 18.973244134216642]
      },
      "properties": {
        "OBJECTID": 706,
        "NAME": "St Joseph High School",
        "TYPE": 4,
        "LOCATION": "Morland Road, Opp The Salvation Army Hostel, Madanpura, Mumbai, 400008",
        "ELEVATOR_CONTACT_LIST": null,
        "ELEVATOR_INTERCOM": null,
        "WORKING_HRS": null,
        "EMPLOYEE_QTY": null,
        "EMPLOYEE_MALE": null,
        "EMPLOYEE_FEMALE": null,
        "EMPLOYEE_DIF_ABLE": null,
        "WORKING_HRS_STR": null,
        "WORKING_HRS_STP": null
      }
    },
    {
      "type": "Feature",
      "id": 707,
      "geometry": {
        "type": "Point",
        "coordinates": [72.8263340145369, 18.972889341737016]
      },
      "properties": {
        "OBJECTID": 707,
        "NAME": "The Salvation Army Hostel",
        "TYPE": 4,
        "LOCATION": "Morland Road, Opp St Joseph High School, Madanpura, Mumbai, 400008",
        "ELEVATOR_CONTACT_LIST": null,
        "ELEVATOR_INTERCOM": null,
        "WORKING_HRS": null,
        "EMPLOYEE_QTY": null,
        "EMPLOYEE_MALE": null,
        "EMPLOYEE_FEMALE": null,
        "EMPLOYEE_DIF_ABLE": null,
        "WORKING_HRS_STR": null,
        "WORKING_HRS_STP": null
      }
    },
    {
      "type": "Feature",
      "id": 708,
      "geometry": {
        "type": "Point",
        "coordinates": [72.82660122956725, 18.97320925658758]
      },
      "properties": {
        "OBJECTID": 708,
        "NAME": "Madanpura VK Muncipal Primary School",
        "TYPE": 1,
        "LOCATION": "Morland Road, Near Agripada BIT Chawl, Madanpura, Mumbai, 400008",
        "ELEVATOR_CONTACT_LIST": null,
        "ELEVATOR_INTERCOM": null,
        "WORKING_HRS": null,
        "EMPLOYEE_QTY": null,
        "EMPLOYEE_MALE": null,
        "EMPLOYEE_FEMALE": null,
        "EMPLOYEE_DIF_ABLE": null,
        "WORKING_HRS_STR": null,
        "WORKING_HRS_STP": null
      }
    },
    {
      "type": "Feature",
      "id": 709,
      "geometry": {
        "type": "Point",
        "coordinates": [72.87064645397987, 19.06772929899838]
      },
      "properties": {
        "OBJECTID": 709,
        "NAME": "American School Of Bombay",
        "TYPE": 4,
        "LOCATION": "Sf2, G Block, Bandra-Kurla Complex Road, Bandra East, G Block Bkc, Bandra Kurla Complex, Bandra East, Mumbai, Maharashtra, 400098",
        "ELEVATOR_CONTACT_LIST": null,
        "ELEVATOR_INTERCOM": null,
        "WORKING_HRS": null,
        "EMPLOYEE_QTY": null,
        "EMPLOYEE_MALE": null,
        "EMPLOYEE_FEMALE": null,
        "EMPLOYEE_DIF_ABLE": null,
        "WORKING_HRS_STR": null,
        "WORKING_HRS_STP": null
      }
    },
    {
      "type": "Feature",
      "id": 710,
      "geometry": {
        "type": "Point",
        "coordinates": [72.87051469115316, 19.066789746227155]
      },
      "properties": {
        "OBJECTID": 710,
        "NAME": "Dhirubhai Ambani International School",
        "TYPE": 4,
        "LOCATION": "G Block, 46, Trident Road, G Block Bkc, Bandra Kurla Complex, Bandra East, Mumbai, Maharashtra, 400098",
        "ELEVATOR_CONTACT_LIST": null,
        "ELEVATOR_INTERCOM": null,
        "WORKING_HRS": null,
        "EMPLOYEE_QTY": null,
        "EMPLOYEE_MALE": null,
        "EMPLOYEE_FEMALE": null,
        "EMPLOYEE_DIF_ABLE": null,
        "WORKING_HRS_STR": null,
        "WORKING_HRS_STP": null
      }
    },
    {
      "type": "Feature",
      "id": 711,
      "geometry": {
        "type": "Point",
        "coordinates": [72.8500065205348, 19.063150946051245]
      },
      "properties": {
        "OBJECTID": 711,
        "NAME": "Mahatma Gandhi Vidyamandir",
        "TYPE": 4,
        "LOCATION": "Government Colony, J. L Shirsekar Marg, Bandra East, Government Colony, Bandra East, Mumbai, Maharashtra, 400051",
        "ELEVATOR_CONTACT_LIST": null,
        "ELEVATOR_INTERCOM": null,
        "WORKING_HRS": null,
        "EMPLOYEE_QTY": null,
        "EMPLOYEE_MALE": null,
        "EMPLOYEE_FEMALE": null,
        "EMPLOYEE_DIF_ABLE": null,
        "WORKING_HRS_STR": null,
        "WORKING_HRS_STP": null
      }
    },
    {
      "type": "Feature",
      "id": 712,
      "geometry": {
        "type": "Point",
        "coordinates": [72.84349899011931, 19.078649576400213]
      },
      "properties": {
        "OBJECTID": 712,
        "NAME": "Santacruz East Municipal School",
        "TYPE": 1,
        "LOCATION": "Rd Number 5, Golibar, Santacruz East, Mumbai, Maharashtra, 400055",
        "ELEVATOR_CONTACT_LIST": null,
        "ELEVATOR_INTERCOM": null,
        "WORKING_HRS": null,
        "EMPLOYEE_QTY": null,
        "EMPLOYEE_MALE": null,
        "EMPLOYEE_FEMALE": null,
        "EMPLOYEE_DIF_ABLE": null,
        "WORKING_HRS_STR": null,
        "WORKING_HRS_STP": null
      }
    },
    {
      "type": "Feature",
      "id": 713,
      "geometry": {
        "type": "Point",
        "coordinates": [72.85005099970283, 19.065842999647916]
      },
      "properties": {
        "OBJECTID": 713,
        "NAME": "Ramkrishna Muncipal School",
        "TYPE": 1,
        "LOCATION": "Opp.Building No. 6, Government Colony, Bandra East, Government Colony, Division /Taluka Santacruz, Near, Kherwadi Police Station, Government Colony, Bandra East, Mumbai, Maharashtra, 400051",
        "ELEVATOR_CONTACT_LIST": null,
        "ELEVATOR_INTERCOM": null,
        "WORKING_HRS": null,
        "EMPLOYEE_QTY": null,
        "EMPLOYEE_MALE": null,
        "EMPLOYEE_FEMALE": null,
        "EMPLOYEE_DIF_ABLE": null,
        "WORKING_HRS_STR": null,
        "WORKING_HRS_STP": null
      }
    },
    {
      "type": "Feature",
      "id": 714,
      "geometry": {
        "type": "Point",
        "coordinates": [72.84505499995782, 19.05896800007188]
      },
      "properties": {
        "OBJECTID": 714,
        "NAME": "Kaiser Education Society Kaiser College Of Commerce",
        "TYPE": 4,
        "LOCATION": "Kherwadi, Bandra East, Mumbai, Maharashtra, 400051",
        "ELEVATOR_CONTACT_LIST": null,
        "ELEVATOR_INTERCOM": null,
        "WORKING_HRS": null,
        "EMPLOYEE_QTY": null,
        "EMPLOYEE_MALE": null,
        "EMPLOYEE_FEMALE": null,
        "EMPLOYEE_DIF_ABLE": null,
        "WORKING_HRS_STR": null,
        "WORKING_HRS_STP": null
      }
    },
    {
      "type": "Feature",
      "id": 715,
      "geometry": {
        "type": "Point",
        "coordinates": [72.84985912999356, 19.066617758593384]
      },
      "properties": {
        "OBJECTID": 715,
        "NAME": "Ies Junior College",
        "TYPE": 4,
        "LOCATION": "Near Kherwadi Police Station, Government Colony, Bandra East, Mumbai, Maharashtra, 400051",
        "ELEVATOR_CONTACT_LIST": null,
        "ELEVATOR_INTERCOM": null,
        "WORKING_HRS": null,
        "EMPLOYEE_QTY": null,
        "EMPLOYEE_MALE": null,
        "EMPLOYEE_FEMALE": null,
        "EMPLOYEE_DIF_ABLE": null,
        "WORKING_HRS_STR": null,
        "WORKING_HRS_STP": null
      }
    },
    {
      "type": "Feature",
      "id": 716,
      "geometry": {
        "type": "Point",
        "coordinates": [72.84935142956866, 19.0664437843201]
      },
      "properties": {
        "OBJECTID": 716,
        "NAME": "Hiray College",
        "TYPE": 4,
        "LOCATION": "341, Shri Hari Mandir Marg, Sanjay Nagar, Bandra East, Mumbai, Maharashtra, 400051",
        "ELEVATOR_CONTACT_LIST": null,
        "ELEVATOR_INTERCOM": null,
        "WORKING_HRS": null,
        "EMPLOYEE_QTY": null,
        "EMPLOYEE_MALE": null,
        "EMPLOYEE_FEMALE": null,
        "EMPLOYEE_DIF_ABLE": null,
        "WORKING_HRS_STR": null,
        "WORKING_HRS_STP": null
      }
    },
    {
      "type": "Feature",
      "id": 717,
      "geometry": {
        "type": "Point",
        "coordinates": [72.84961670594627, 19.063802326214482]
      },
      "properties": {
        "OBJECTID": 717,
        "NAME": "Urban Health And Training Center",
        "TYPE": 3,
        "LOCATION": "Government Colony, Bandra East, Mumbai, Maharashtra, 400051",
        "ELEVATOR_CONTACT_LIST": null,
        "ELEVATOR_INTERCOM": null,
        "WORKING_HRS": null,
        "EMPLOYEE_QTY": null,
        "EMPLOYEE_MALE": null,
        "EMPLOYEE_FEMALE": null,
        "EMPLOYEE_DIF_ABLE": null,
        "WORKING_HRS_STR": null,
        "WORKING_HRS_STP": null
      }
    },
    {
      "type": "Feature",
      "id": 718,
      "geometry": {
        "type": "Point",
        "coordinates": [72.84811642119253, 19.06088754672912]
      },
      "properties": {
        "OBJECTID": 718,
        "NAME": "Chetana College",
        "TYPE": 4,
        "LOCATION": "Survey No.341, Chetana Mahavidyalaya, Manipada Rd, Government Colony, Bandra East, Mumbai, Maharashtra, 400051",
        "ELEVATOR_CONTACT_LIST": null,
        "ELEVATOR_INTERCOM": null,
        "WORKING_HRS": null,
        "EMPLOYEE_QTY": null,
        "EMPLOYEE_MALE": null,
        "EMPLOYEE_FEMALE": null,
        "EMPLOYEE_DIF_ABLE": null,
        "WORKING_HRS_STR": null,
        "WORKING_HRS_STP": null
      }
    },
    {
      "type": "Feature",
      "id": 719,
      "geometry": {
        "type": "Point",
        "coordinates": [72.84891117321075, 19.057926943624906]
      },
      "properties": {
        "OBJECTID": 719,
        "NAME": "Navjivan Vidya Mandir",
        "TYPE": 4,
        "LOCATION": "Rustomjee Oriana, Behind, Mig Cricket Club Road, Gandhi Nagar, Bandra East, Mumbai, Maharashtra, 400051",
        "ELEVATOR_CONTACT_LIST": null,
        "ELEVATOR_INTERCOM": null,
        "WORKING_HRS": null,
        "EMPLOYEE_QTY": null,
        "EMPLOYEE_MALE": null,
        "EMPLOYEE_FEMALE": null,
        "EMPLOYEE_DIF_ABLE": null,
        "WORKING_HRS_STR": null,
        "WORKING_HRS_STP": null
      }
    },
    {
      "type": "Feature",
      "id": 720,
      "geometry": {
        "type": "Point",
        "coordinates": [72.85065360381539, 19.068211590994764]
      },
      "properties": {
        "OBJECTID": 720,
        "NAME": "Ascend International School",
        "TYPE": 4,
        "LOCATION": "Sharada Devi Rd, F Block Bandra Kurla Complex, Siddharth Nagar, Bandra East, Mumbai, Maharashtra, 400051",
        "ELEVATOR_CONTACT_LIST": null,
        "ELEVATOR_INTERCOM": null,
        "WORKING_HRS": null,
        "EMPLOYEE_QTY": null,
        "EMPLOYEE_MALE": null,
        "EMPLOYEE_FEMALE": null,
        "EMPLOYEE_DIF_ABLE": null,
        "WORKING_HRS_STR": null,
        "WORKING_HRS_STP": null
      }
    },
    {
      "type": "Feature",
      "id": 721,
      "geometry": {
        "type": "Point",
        "coordinates": [72.84996230009976, 19.081295661729648]
      },
      "properties": {
        "OBJECTID": 721,
        "NAME": "Patuck High School",
        "TYPE": 4,
        "LOCATION": "100, Nehru Road, Rustomba Patuck Marg, Vakola Bridge, Santacruz East, Mumbai, Maharashtra, 400055",
        "ELEVATOR_CONTACT_LIST": null,
        "ELEVATOR_INTERCOM": null,
        "WORKING_HRS": null,
        "EMPLOYEE_QTY": null,
        "EMPLOYEE_MALE": null,
        "EMPLOYEE_FEMALE": null,
        "EMPLOYEE_DIF_ABLE": null,
        "WORKING_HRS_STR": null,
        "WORKING_HRS_STP": null
      }
    },
    {
      "type": "Feature",
      "id": 722,
      "geometry": {
        "type": "Point",
        "coordinates": [72.84955057134604, 19.067264518463638]
      },
      "properties": {
        "OBJECTID": 722,
        "NAME": "(Duplicate) Ies Capital New English School",
        "TYPE": 4,
        "LOCATION": "Sanjay Nagar, Bandra East, Mumbai, Maharashtra, 400051",
        "ELEVATOR_CONTACT_LIST": null,
        "ELEVATOR_INTERCOM": null,
        "WORKING_HRS": null,
        "EMPLOYEE_QTY": null,
        "EMPLOYEE_MALE": null,
        "EMPLOYEE_FEMALE": null,
        "EMPLOYEE_DIF_ABLE": null,
        "WORKING_HRS_STR": null,
        "WORKING_HRS_STP": null
      }
    },
    {
      "type": "Feature",
      "id": 723,
      "geometry": {
        "type": "Point",
        "coordinates": [72.84501989598967, 19.085520270992273]
      },
      "properties": {
        "OBJECTID": 723,
        "NAME": "Panbai School",
        "TYPE": 4,
        "LOCATION": "Panbai International School, Sen Nagar, Santacruz East, Mumbai, Maharashtra, 400055",
        "ELEVATOR_CONTACT_LIST": null,
        "ELEVATOR_INTERCOM": null,
        "WORKING_HRS": null,
        "EMPLOYEE_QTY": null,
        "EMPLOYEE_MALE": null,
        "EMPLOYEE_FEMALE": null,
        "EMPLOYEE_DIF_ABLE": null,
        "WORKING_HRS_STR": null,
        "WORKING_HRS_STP": null
      }
    },
    {
      "type": "Feature",
      "id": 724,
      "geometry": {
        "type": "Point",
        "coordinates": [72.85942744457633, 19.06480731803691]
      },
      "properties": {
        "OBJECTID": 724,
        "NAME": "Mount Litera School International",
        "TYPE": 4,
        "LOCATION": "Asian Heart Hospital, Bandra Kurla Complex Behind, Gn Block, Bandra East, Mumbai, Maharashtra, 400051",
        "ELEVATOR_CONTACT_LIST": null,
        "ELEVATOR_INTERCOM": null,
        "WORKING_HRS": null,
        "EMPLOYEE_QTY": null,
        "EMPLOYEE_MALE": null,
        "EMPLOYEE_FEMALE": null,
        "EMPLOYEE_DIF_ABLE": null,
        "WORKING_HRS_STR": null,
        "WORKING_HRS_STP": null
      }
    },
    {
      "type": "Feature",
      "id": 725,
      "geometry": {
        "type": "Point",
        "coordinates": [72.86070118145523, 19.076589959525347]
      },
      "properties": {
        "OBJECTID": 725,
        "NAME": "Kalina Municipal School",
        "TYPE": 1,
        "LOCATION": "Church Road, Kunchi Kurve Nagar, Kalina,Kolivery Village, Santacruz East, Mumbai, Maharashtra, 400098",
        "ELEVATOR_CONTACT_LIST": null,
        "ELEVATOR_INTERCOM": null,
        "WORKING_HRS": null,
        "EMPLOYEE_QTY": null,
        "EMPLOYEE_MALE": null,
        "EMPLOYEE_FEMALE": null,
        "EMPLOYEE_DIF_ABLE": null,
        "WORKING_HRS_STR": null,
        "WORKING_HRS_STP": null
      }
    },
    {
      "type": "Feature",
      "id": 726,
      "geometry": {
        "type": "Point",
        "coordinates": [72.85715500023558, 19.06370499983342]
      },
      "properties": {
        "OBJECTID": 726,
        "NAME": "Bharat Nagar Municipal  School",
        "TYPE": 1,
        "LOCATION": "G Block BKC, Patthar Nagar, Bharat Nagar, Bandra East, Mumbai, Maharashtra, 400051",
        "ELEVATOR_CONTACT_LIST": null,
        "ELEVATOR_INTERCOM": null,
        "WORKING_HRS": null,
        "EMPLOYEE_QTY": null,
        "EMPLOYEE_MALE": null,
        "EMPLOYEE_FEMALE": null,
        "EMPLOYEE_DIF_ABLE": null,
        "WORKING_HRS_STR": null,
        "WORKING_HRS_STP": null
      }
    },
    {
      "type": "Feature",
      "id": 727,
      "geometry": {
        "type": "Point",
        "coordinates": [72.86062599970626, 19.07647500024844]
      },
      "properties": {
        "OBJECTID": 727,
        "NAME": "Jogiraj Ashram Municipal School ",
        "TYPE": 1,
        "LOCATION": "Kolivery Village, Mathuradas Colony, Vakola, Santacruz East, Mumbai, Maharashtra, 400098",
        "ELEVATOR_CONTACT_LIST": null,
        "ELEVATOR_INTERCOM": null,
        "WORKING_HRS": null,
        "EMPLOYEE_QTY": null,
        "EMPLOYEE_MALE": null,
        "EMPLOYEE_FEMALE": null,
        "EMPLOYEE_DIF_ABLE": null,
        "WORKING_HRS_STR": null,
        "WORKING_HRS_STP": null
      }
    },
    {
      "type": "Feature",
      "id": 728,
      "geometry": {
        "type": "Point",
        "coordinates": [72.85392000010371, 19.083712000153493]
      },
      "properties": {
        "OBJECTID": 728,
        "NAME": "Nariyalwadi Municipal School Sankul",
        "TYPE": 1,
        "LOCATION": "Pipeline Rd, Vakola, Gavdevi, Santacruz East,  Mumbai, Maharashtra, 400099",
        "ELEVATOR_CONTACT_LIST": null,
        "ELEVATOR_INTERCOM": null,
        "WORKING_HRS": null,
        "EMPLOYEE_QTY": null,
        "EMPLOYEE_MALE": null,
        "EMPLOYEE_FEMALE": null,
        "EMPLOYEE_DIF_ABLE": null,
        "WORKING_HRS_STR": null,
        "WORKING_HRS_STP": null
      }
    },
    {
      "type": "Feature",
      "id": 729,
      "geometry": {
        "type": "Point",
        "coordinates": [72.85059271615916, 19.08000142471307]
      },
      "properties": {
        "OBJECTID": 729,
        "NAME": "Vakola Municipal  School Building",
        "TYPE": 1,
        "LOCATION": "Nehru Rd, Vakola Bridge, Near ICICI Bank, Pratiksha Nagar, Vakola, Santacruz East, Mumbai, Maharashtra, 400055",
        "ELEVATOR_CONTACT_LIST": null,
        "ELEVATOR_INTERCOM": null,
        "WORKING_HRS": null,
        "EMPLOYEE_QTY": null,
        "EMPLOYEE_MALE": null,
        "EMPLOYEE_FEMALE": null,
        "EMPLOYEE_DIF_ABLE": null,
        "WORKING_HRS_STR": null,
        "WORKING_HRS_STP": null
      }
    },
    {
      "type": "Feature",
      "id": 730,
      "geometry": {
        "type": "Point",
        "coordinates": [72.84885532840582, 19.061156084886747]
      },
      "properties": {
        "OBJECTID": 730,
        "NAME": "H.S Hajarimal Somani Commerce & Economic College & Shrimati Kusumatai Arts College",
        "TYPE": 4,
        "LOCATION": "341, Maruti Mandir Rd, Government Colony, Bandra East, Mumbai, Maharashtra, 400051",
        "ELEVATOR_CONTACT_LIST": null,
        "ELEVATOR_INTERCOM": null,
        "WORKING_HRS": null,
        "EMPLOYEE_QTY": null,
        "EMPLOYEE_MALE": null,
        "EMPLOYEE_FEMALE": null,
        "EMPLOYEE_DIF_ABLE": null,
        "WORKING_HRS_STR": null,
        "WORKING_HRS_STP": null
      }
    },
    {
      "type": "Feature",
      "id": 731,
      "geometry": {
        "type": "Point",
        "coordinates": [72.84477493452911, 19.083860201057846]
      },
      "properties": {
        "OBJECTID": 731,
        "NAME": "NM College",
        "TYPE": 4,
        "LOCATION": "Irla, N. R. G Marg, Opposite Cooper Hospital, Vile Parle, Mumbai, Maharashtra, 400056",
        "ELEVATOR_CONTACT_LIST": null,
        "ELEVATOR_INTERCOM": null,
        "WORKING_HRS": null,
        "EMPLOYEE_QTY": null,
        "EMPLOYEE_MALE": null,
        "EMPLOYEE_FEMALE": null,
        "EMPLOYEE_DIF_ABLE": null,
        "WORKING_HRS_STR": null,
        "WORKING_HRS_STP": null
      }
    },
    {
      "type": "Feature",
      "id": 732,
      "geometry": {
        "type": "Point",
        "coordinates": [72.84939124202667, 19.070606673025345]
      },
      "properties": {
        "OBJECTID": 732,
        "NAME": "M.P.S.P.S College Arts, Science And Commerce",
        "TYPE": 4,
        "LOCATION": "Plot No. 629/1243, Sharada Devi Road, Behind Teacher\u0019s Colony, Siddharth Nagar, Bandra East, Mumbai, Maharashtra, 400051",
        "ELEVATOR_CONTACT_LIST": null,
        "ELEVATOR_INTERCOM": null,
        "WORKING_HRS": null,
        "EMPLOYEE_QTY": null,
        "EMPLOYEE_MALE": null,
        "EMPLOYEE_FEMALE": null,
        "EMPLOYEE_DIF_ABLE": null,
        "WORKING_HRS_STR": null,
        "WORKING_HRS_STP": null
      }
    },
    {
      "type": "Feature",
      "id": 733,
      "geometry": {
        "type": "Point",
        "coordinates": [72.84470744630254, 19.063075415170825]
      },
      "properties": {
        "OBJECTID": 733,
        "NAME": "Khervadi M.N.P.Municipal Hindi Shala",
        "TYPE": 1,
        "LOCATION": "Near Deepak Store, Kherwadi, Bandra East, Khatimwadi, Kherwadi, Bandra East, Mumbai, Maharashtra, 400051",
        "ELEVATOR_CONTACT_LIST": null,
        "ELEVATOR_INTERCOM": null,
        "WORKING_HRS": null,
        "EMPLOYEE_QTY": null,
        "EMPLOYEE_MALE": null,
        "EMPLOYEE_FEMALE": null,
        "EMPLOYEE_DIF_ABLE": null,
        "WORKING_HRS_STR": null,
        "WORKING_HRS_STP": null
      }
    },
    {
      "type": "Feature",
      "id": 734,
      "geometry": {
        "type": "Point",
        "coordinates": [72.86975117823636, 19.0807328335958]
      },
      "properties": {
        "OBJECTID": 734,
        "NAME": "Indian Airlines Ideal School",
        "TYPE": 4,
        "LOCATION": "Air India Rd, Kolivery Village, Kunchi Kurve Nagar, Indian Airlines Staff Colony 2, Santacruz East, Mumbai, Maharashtra, 400029",
        "ELEVATOR_CONTACT_LIST": null,
        "ELEVATOR_INTERCOM": null,
        "WORKING_HRS": null,
        "EMPLOYEE_QTY": null,
        "EMPLOYEE_MALE": null,
        "EMPLOYEE_FEMALE": null,
        "EMPLOYEE_DIF_ABLE": null,
        "WORKING_HRS_STR": null,
        "WORKING_HRS_STP": null
      }
    },
    {
      "type": "Feature",
      "id": 735,
      "geometry": {
        "type": "Point",
        "coordinates": [72.86755653508644, 19.082283707706765]
      },
      "properties": {
        "OBJECTID": 735,
        "NAME": "Air India Modern School",
        "TYPE": 4,
        "LOCATION": "Air India Staff Colony - 1, Old Air India Colony, Kalina, Santacruz East, Mumbai, Maharashtra, 400029",
        "ELEVATOR_CONTACT_LIST": null,
        "ELEVATOR_INTERCOM": null,
        "WORKING_HRS": null,
        "EMPLOYEE_QTY": null,
        "EMPLOYEE_MALE": null,
        "EMPLOYEE_FEMALE": null,
        "EMPLOYEE_DIF_ABLE": null,
        "WORKING_HRS_STR": null,
        "WORKING_HRS_STP": null
      }
    },
    {
      "type": "Feature",
      "id": 736,
      "geometry": {
        "type": "Point",
        "coordinates": [72.85524505081243, 19.080436381853268]
      },
      "properties": {
        "OBJECTID": 736,
        "NAME": "St. Charles High School",
        "TYPE": 4,
        "LOCATION": "St Anthony Rd, Sahajeevan Society, Hind Nagar, Vakola, Santacruz East, Mumbai, Maharashtra, 400055",
        "ELEVATOR_CONTACT_LIST": null,
        "ELEVATOR_INTERCOM": null,
        "WORKING_HRS": null,
        "EMPLOYEE_QTY": null,
        "EMPLOYEE_MALE": null,
        "EMPLOYEE_FEMALE": null,
        "EMPLOYEE_DIF_ABLE": null,
        "WORKING_HRS_STR": null,
        "WORKING_HRS_STP": null
      }
    },
    {
      "type": "Feature",
      "id": 737,
      "geometry": {
        "type": "Point",
        "coordinates": [72.86012642978984, 19.077071613054812]
      },
      "properties": {
        "OBJECTID": 737,
        "NAME": "Bombay College of Pharmacy India",
        "TYPE": 4,
        "LOCATION": "Kolivery Village, Mathuradas Colony, Kalina, Vakola, Santacruz East, Mumbai, Maharashtra, 400098",
        "ELEVATOR_CONTACT_LIST": null,
        "ELEVATOR_INTERCOM": null,
        "WORKING_HRS": null,
        "EMPLOYEE_QTY": null,
        "EMPLOYEE_MALE": null,
        "EMPLOYEE_FEMALE": null,
        "EMPLOYEE_DIF_ABLE": null,
        "WORKING_HRS_STR": null,
        "WORKING_HRS_STP": null
      }
    },
    {
      "type": "Feature",
      "id": 738,
      "geometry": {
        "type": "Point",
        "coordinates": [72.843499816729, 19.05552869765028]
      },
      "properties": {
        "OBJECTID": 738,
        "NAME": "National Girls High School",
        "TYPE": 4,
        "LOCATION": "Anant Kanekar Marg, Behram Nagar, Bandra East, Mumbai, Maharashtra, 400050",
        "ELEVATOR_CONTACT_LIST": null,
        "ELEVATOR_INTERCOM": null,
        "WORKING_HRS": null,
        "EMPLOYEE_QTY": null,
        "EMPLOYEE_MALE": null,
        "EMPLOYEE_FEMALE": null,
        "EMPLOYEE_DIF_ABLE": null,
        "WORKING_HRS_STR": null,
        "WORKING_HRS_STP": null
      }
    },
    {
      "type": "Feature",
      "id": 739,
      "geometry": {
        "type": "Point",
        "coordinates": [72.86961428774944, 19.07843239842384]
      },
      "properties": {
        "OBJECTID": 739,
        "NAME": "St. Mary's High School & Junior College",
        "TYPE": 4,
        "LOCATION": "Kalina, Kolivery Village, Kunchi Kurve Nagar, Kalina, Santacruz East, Mumbai, Maharashtra, 400029",
        "ELEVATOR_CONTACT_LIST": null,
        "ELEVATOR_INTERCOM": null,
        "WORKING_HRS": null,
        "EMPLOYEE_QTY": null,
        "EMPLOYEE_MALE": null,
        "EMPLOYEE_FEMALE": null,
        "EMPLOYEE_DIF_ABLE": null,
        "WORKING_HRS_STR": null,
        "WORKING_HRS_STP": null
      }
    },
    {
      "type": "Feature",
      "id": 740,
      "geometry": {
        "type": "Point",
        "coordinates": [72.8424176478204, 19.067823510604736]
      },
      "properties": {
        "OBJECTID": 740,
        "NAME": "Anuyog Vidyalaya & Junior College",
        "TYPE": 4,
        "LOCATION": "Adarsh Ln, Jawahar Nagar, Khar East, Mumbai, Maharashtra, 400051",
        "ELEVATOR_CONTACT_LIST": null,
        "ELEVATOR_INTERCOM": null,
        "WORKING_HRS": null,
        "EMPLOYEE_QTY": null,
        "EMPLOYEE_MALE": null,
        "EMPLOYEE_FEMALE": null,
        "EMPLOYEE_DIF_ABLE": null,
        "WORKING_HRS_STR": null,
        "WORKING_HRS_STP": null
      }
    },
    {
      "type": "Feature",
      "id": 741,
      "geometry": {
        "type": "Point",
        "coordinates": [72.86789078432903, 19.078303414618816]
      },
      "properties": {
        "OBJECTID": 741,
        "NAME": "Mary Immaculate Girls' High School",
        "TYPE": 4,
        "LOCATION": "Church Road, Kalina, Santacruz East, Jamlipada, Kunchi Kurve Nagar, Kalina, Santacruz East, Mumbai, Maharashtra, 400098",
        "ELEVATOR_CONTACT_LIST": null,
        "ELEVATOR_INTERCOM": null,
        "WORKING_HRS": null,
        "EMPLOYEE_QTY": null,
        "EMPLOYEE_MALE": null,
        "EMPLOYEE_FEMALE": null,
        "EMPLOYEE_DIF_ABLE": null,
        "WORKING_HRS_STR": null,
        "WORKING_HRS_STP": null
      }
    },
    {
      "type": "Feature",
      "id": 742,
      "geometry": {
        "type": "Point",
        "coordinates": [72.84979564452561, 19.069952555057263]
      },
      "properties": {
        "OBJECTID": 742,
        "NAME": "All India Institute Of Local Self-Government",
        "TYPE": 2,
        "LOCATION": "T.P.S. Road, Behind Government Teachers Colony, Bandra Kurla Complex, Bandra East, Mumbai, Maharashtra, 400051",
        "ELEVATOR_CONTACT_LIST": null,
        "ELEVATOR_INTERCOM": null,
        "WORKING_HRS": null,
        "EMPLOYEE_QTY": null,
        "EMPLOYEE_MALE": null,
        "EMPLOYEE_FEMALE": null,
        "EMPLOYEE_DIF_ABLE": null,
        "WORKING_HRS_STR": null,
        "WORKING_HRS_STP": null
      }
    },
    {
      "type": "Feature",
      "id": 743,
      "geometry": {
        "type": "Point",
        "coordinates": [72.84505125694623, 19.059210902552337]
      },
      "properties": {
        "OBJECTID": 743,
        "NAME": "Kher Nagar Municipal School",
        "TYPE": 1,
        "LOCATION": "Kher Nagar Rd No 4, Kherwadi, Bandra East, Mumbai, Maharashtra, 400051",
        "ELEVATOR_CONTACT_LIST": null,
        "ELEVATOR_INTERCOM": null,
        "WORKING_HRS": null,
        "EMPLOYEE_QTY": null,
        "EMPLOYEE_MALE": null,
        "EMPLOYEE_FEMALE": null,
        "EMPLOYEE_DIF_ABLE": null,
        "WORKING_HRS_STR": null,
        "WORKING_HRS_STP": null
      }
    },
    {
      "type": "Feature",
      "id": 744,
      "geometry": {
        "type": "Point",
        "coordinates": [72.84430904480502, 19.05867222184501]
      },
      "properties": {
        "OBJECTID": 744,
        "NAME": "Purushottam High School",
        "TYPE": 4,
        "LOCATION": "Kher Nagar Road Number 6, Kherwadi Road, Rd Number 2, Near Collgate Ground, Bandra East, Mumbai, Maharashtra, 400051",
        "ELEVATOR_CONTACT_LIST": null,
        "ELEVATOR_INTERCOM": null,
        "WORKING_HRS": null,
        "EMPLOYEE_QTY": null,
        "EMPLOYEE_MALE": null,
        "EMPLOYEE_FEMALE": null,
        "EMPLOYEE_DIF_ABLE": null,
        "WORKING_HRS_STR": null,
        "WORKING_HRS_STP": null
      }
    },
    {
      "type": "Feature",
      "id": 745,
      "geometry": {
        "type": "Point",
        "coordinates": [72.8443657410875, 19.059126207129044]
      },
      "properties": {
        "OBJECTID": 745,
        "NAME": "Raheja College",
        "TYPE": 4,
        "LOCATION": "Corporation Bank, STY Relief Rd, Santacruz, Mumbai, Shastri Nagar, Juhu, Mumbai, Maharashtra, 400054",
        "ELEVATOR_CONTACT_LIST": null,
        "ELEVATOR_INTERCOM": null,
        "WORKING_HRS": null,
        "EMPLOYEE_QTY": null,
        "EMPLOYEE_MALE": null,
        "EMPLOYEE_FEMALE": null,
        "EMPLOYEE_DIF_ABLE": null,
        "WORKING_HRS_STR": null,
        "WORKING_HRS_STP": null
      }
    },
    {
      "type": "Feature",
      "id": 746,
      "geometry": {
        "type": "Point",
        "coordinates": [72.84748569645596, 19.066832196792333]
      },
      "properties": {
        "OBJECTID": 746,
        "NAME": "Cardinal Gracias High School",
        "TYPE": 4,
        "LOCATION": "Ali Yavar Jung Marg, Near Teacher Colony, Western Express Hwy, Subhash Nagar, Bandra (East), Mumbai, Maharashtra, 400051",
        "ELEVATOR_CONTACT_LIST": null,
        "ELEVATOR_INTERCOM": null,
        "WORKING_HRS": null,
        "EMPLOYEE_QTY": null,
        "EMPLOYEE_MALE": null,
        "EMPLOYEE_FEMALE": null,
        "EMPLOYEE_DIF_ABLE": null,
        "WORKING_HRS_STR": null,
        "WORKING_HRS_STP": null
      }
    },
    {
      "type": "Feature",
      "id": 747,
      "geometry": {
        "type": "Point",
        "coordinates": [72.86267797396877, 19.0748822959461]
      },
      "properties": {
        "OBJECTID": 747,
        "NAME": "Kalina Education Society Hans Bhugra High School",
        "TYPE": 4,
        "LOCATION": "Sunder Nagar Rd, Mhada Colony, Vidya Nagari, Kalina, Santacruz East, Mumbai, Maharashtra, 400098",
        "ELEVATOR_CONTACT_LIST": null,
        "ELEVATOR_INTERCOM": null,
        "WORKING_HRS": null,
        "EMPLOYEE_QTY": null,
        "EMPLOYEE_MALE": null,
        "EMPLOYEE_FEMALE": null,
        "EMPLOYEE_DIF_ABLE": null,
        "WORKING_HRS_STR": null,
        "WORKING_HRS_STP": null
      }
    },
    {
      "type": "Feature",
      "id": 748,
      "geometry": {
        "type": "Point",
        "coordinates": [72.84551367598658, 19.063431357226435]
      },
      "properties": {
        "OBJECTID": 748,
        "NAME": "Government Polytechnic Mumbai",
        "TYPE": 3,
        "LOCATION": "Ali Yavar Jung Marg, Kherwadi, Bandra East, Mumbai, Maharashtra, 400051",
        "ELEVATOR_CONTACT_LIST": null,
        "ELEVATOR_INTERCOM": null,
        "WORKING_HRS": null,
        "EMPLOYEE_QTY": null,
        "EMPLOYEE_MALE": null,
        "EMPLOYEE_FEMALE": null,
        "EMPLOYEE_DIF_ABLE": null,
        "WORKING_HRS_STR": null,
        "WORKING_HRS_STP": null
      }
    },
    {
      "type": "Feature",
      "id": 749,
      "geometry": {
        "type": "Point",
        "coordinates": [72.84455851464918, 19.079899349035205]
      },
      "properties": {
        "OBJECTID": 749,
        "NAME": "Sheth Chimanlal Nathuram High School",
        "TYPE": 4,
        "LOCATION": "Road Number 7, Near VN Desai Hospital, Golibar, Santacruz East, Mumbai, Maharashtra, 400050",
        "ELEVATOR_CONTACT_LIST": null,
        "ELEVATOR_INTERCOM": null,
        "WORKING_HRS": null,
        "EMPLOYEE_QTY": null,
        "EMPLOYEE_MALE": null,
        "EMPLOYEE_FEMALE": null,
        "EMPLOYEE_DIF_ABLE": null,
        "WORKING_HRS_STR": null,
        "WORKING_HRS_STP": null
      }
    },
    {
      "type": "Feature",
      "id": 757,
      "geometry": {
        "type": "Point",
        "coordinates": [72.82508309913935, 18.97332213088655]
      },
      "properties": {
        "OBJECTID": 757,
        "NAME": "St Joseph Home And Nursery School",
        "TYPE": 4,
        "LOCATION": "Dr Leela M Marg, Opp Baby Garden, Agripada, Mumbai, 400008",
        "ELEVATOR_CONTACT_LIST": null,
        "ELEVATOR_INTERCOM": null,
        "WORKING_HRS": null,
        "EMPLOYEE_QTY": null,
        "EMPLOYEE_MALE": null,
        "EMPLOYEE_FEMALE": null,
        "EMPLOYEE_DIF_ABLE": null,
        "WORKING_HRS_STR": null,
        "WORKING_HRS_STP": null
      }
    },
    {
      "type": "Feature",
      "id": 758,
      "geometry": {
        "type": "Point",
        "coordinates": [72.83208467111989, 18.969797964713973]
      },
      "properties": {
        "OBJECTID": 758,
        "NAME": "Christ Church School",
        "TYPE": 4,
        "LOCATION": "Sir J J Road, Near Byculla Fire Station, Byculla, Mumbai, 400008",
        "ELEVATOR_CONTACT_LIST": null,
        "ELEVATOR_INTERCOM": null,
        "WORKING_HRS": null,
        "EMPLOYEE_QTY": null,
        "EMPLOYEE_MALE": null,
        "EMPLOYEE_FEMALE": null,
        "EMPLOYEE_DIF_ABLE": null,
        "WORKING_HRS_STR": null,
        "WORKING_HRS_STP": null
      }
    },
    {
      "type": "Feature",
      "id": 759,
      "geometry": {
        "type": "Point",
        "coordinates": [72.83027518457658, 18.979592520205866]
      },
      "properties": {
        "OBJECTID": 759,
        "NAME": "Udaan School of Photography",
        "TYPE": 4,
        "LOCATION": "Pais Street, Behind Veena Industrial Estate, Byculla, Mumbai, 400008",
        "ELEVATOR_CONTACT_LIST": null,
        "ELEVATOR_INTERCOM": null,
        "WORKING_HRS": null,
        "EMPLOYEE_QTY": null,
        "EMPLOYEE_MALE": null,
        "EMPLOYEE_FEMALE": null,
        "EMPLOYEE_DIF_ABLE": null,
        "WORKING_HRS_STR": null,
        "WORKING_HRS_STP": null
      }
    },
    {
      "type": "Feature",
      "id": 760,
      "geometry": {
        "type": "Point",
        "coordinates": [72.82847005941564, 18.982573384887782]
      },
      "properties": {
        "OBJECTID": 760,
        "NAME": "St Ignatius High School",
        "TYPE": 4,
        "LOCATION": "Sane Guruji Marg, Near Jacob Circle, Jacob Circle, Mumbai, 400011",
        "ELEVATOR_CONTACT_LIST": null,
        "ELEVATOR_INTERCOM": null,
        "WORKING_HRS": null,
        "EMPLOYEE_QTY": null,
        "EMPLOYEE_MALE": null,
        "EMPLOYEE_FEMALE": null,
        "EMPLOYEE_DIF_ABLE": null,
        "WORKING_HRS_STR": null,
        "WORKING_HRS_STP": null
      }
    },
    {
      "type": "Feature",
      "id": 761,
      "geometry": {
        "type": "Point",
        "coordinates": [72.83531002700326, 18.96399838627757]
      },
      "properties": {
        "OBJECTID": 761,
        "NAME": "Institute of Nursing Education/ Bai Motlibai Bldg",
        "TYPE": 3,
        "LOCATION": "Sir J J Road, Inside J J Hospital, Sandhurst Road, Mumbai, 400008",
        "ELEVATOR_CONTACT_LIST": null,
        "ELEVATOR_INTERCOM": null,
        "WORKING_HRS": null,
        "EMPLOYEE_QTY": null,
        "EMPLOYEE_MALE": null,
        "EMPLOYEE_FEMALE": null,
        "EMPLOYEE_DIF_ABLE": null,
        "WORKING_HRS_STR": null,
        "WORKING_HRS_STP": null
      }
    },
    {
      "type": "Feature",
      "id": 762,
      "geometry": {
        "type": "Point",
        "coordinates": [72.83218659508164, 18.966926578603562]
      },
      "properties": {
        "OBJECTID": 762,
        "NAME": "Sir Jacob Sassoon High School",
        "TYPE": 4,
        "LOCATION": "Sir J J Road, Opp Richardson and Cruddas, Byculla, Mumbai, 40008",
        "ELEVATOR_CONTACT_LIST": null,
        "ELEVATOR_INTERCOM": null,
        "WORKING_HRS": null,
        "EMPLOYEE_QTY": null,
        "EMPLOYEE_MALE": null,
        "EMPLOYEE_FEMALE": null,
        "EMPLOYEE_DIF_ABLE": null,
        "WORKING_HRS_STR": null,
        "WORKING_HRS_STP": null
      }
    },
    {
      "type": "Feature",
      "id": 763,
      "geometry": {
        "type": "Point",
        "coordinates": [72.83141344790624, 18.96815332903479]
      },
      "properties": {
        "OBJECTID": 763,
        "NAME": "M H Saboo Siddik Polytechnic college",
        "TYPE": 4,
        "LOCATION": "Saboo Siddique Polytechnic Road, Near Nagpada Police Station, Byculla, Mumbai, 400008",
        "ELEVATOR_CONTACT_LIST": null,
        "ELEVATOR_INTERCOM": null,
        "WORKING_HRS": null,
        "EMPLOYEE_QTY": null,
        "EMPLOYEE_MALE": null,
        "EMPLOYEE_FEMALE": null,
        "EMPLOYEE_DIF_ABLE": null,
        "WORKING_HRS_STR": null,
        "WORKING_HRS_STP": null
      }
    },
    {
      "type": "Feature",
      "id": 764,
      "geometry": {
        "type": "Point",
        "coordinates": [72.83510416668443, 18.96506978996805]
      },
      "properties": {
        "OBJECTID": 764,
        "NAME": "Aishabai College of Education",
        "TYPE": 4,
        "LOCATION": "Muncipal School Bldg, J J Hospital Compound, Sandhurst Road, Mumbai, 400008",
        "ELEVATOR_CONTACT_LIST": null,
        "ELEVATOR_INTERCOM": null,
        "WORKING_HRS": null,
        "EMPLOYEE_QTY": null,
        "EMPLOYEE_MALE": null,
        "EMPLOYEE_FEMALE": null,
        "EMPLOYEE_DIF_ABLE": null,
        "WORKING_HRS_STR": null,
        "WORKING_HRS_STP": null
      }
    },
    {
      "type": "Feature",
      "id": 765,
      "geometry": {
        "type": "Point",
        "coordinates": [72.8293002016746, 18.966372334553252]
      },
      "properties": {
        "OBJECTID": 765,
        "NAME": "Modern English High School",
        "TYPE": 4,
        "LOCATION": "Dimtimkar Road, Near Dawood Nursing Home, Nagpada, Mumbai, 400008",
        "ELEVATOR_CONTACT_LIST": null,
        "ELEVATOR_INTERCOM": null,
        "WORKING_HRS": null,
        "EMPLOYEE_QTY": null,
        "EMPLOYEE_MALE": null,
        "EMPLOYEE_FEMALE": null,
        "EMPLOYEE_DIF_ABLE": null,
        "WORKING_HRS_STR": null,
        "WORKING_HRS_STP": null
      }
    },
    {
      "type": "Feature",
      "id": 766,
      "geometry": {
        "type": "Point",
        "coordinates": [72.83020913604089, 18.965105619933652]
      },
      "properties": {
        "OBJECTID": 766,
        "NAME": "Ahmed Sailor High School/ Renovation Work in Progress",
        "TYPE": 4,
        "LOCATION": "Dimtimkar Road, Near Mastan Tank Ground, Nagpada, Mumbai, 400008",
        "ELEVATOR_CONTACT_LIST": null,
        "ELEVATOR_INTERCOM": null,
        "WORKING_HRS": null,
        "EMPLOYEE_QTY": null,
        "EMPLOYEE_MALE": null,
        "EMPLOYEE_FEMALE": null,
        "EMPLOYEE_DIF_ABLE": null,
        "WORKING_HRS_STR": null,
        "WORKING_HRS_STP": null
      }
    },
    {
      "type": "Feature",
      "id": 767,
      "geometry": {
        "type": "Point",
        "coordinates": [72.83360246616863, 18.967279796648775]
      },
      "properties": {
        "OBJECTID": 767,
        "NAME": "Hume High School And Jr. College",
        "TYPE": 4,
        "LOCATION": "Sir J J Road, Next to Fortun Tower, Byculla, Mumbai, 400008",
        "ELEVATOR_CONTACT_LIST": null,
        "ELEVATOR_INTERCOM": null,
        "WORKING_HRS": null,
        "EMPLOYEE_QTY": null,
        "EMPLOYEE_MALE": null,
        "EMPLOYEE_FEMALE": null,
        "EMPLOYEE_DIF_ABLE": null,
        "WORKING_HRS_STR": null,
        "WORKING_HRS_STP": null
      }
    },
    {
      "type": "Feature",
      "id": 768,
      "geometry": {
        "type": "Point",
        "coordinates": [72.82525576742614, 18.969163195037197]
      },
      "properties": {
        "OBJECTID": 768,
        "NAME": "Tibbia College Hospital Public Charitable Trust International Pre School",
        "TYPE": 4,
        "LOCATION": "Morland Road, Near Kokni community Hall, Mumbai Central, Mumbai, 400008",
        "ELEVATOR_CONTACT_LIST": null,
        "ELEVATOR_INTERCOM": null,
        "WORKING_HRS": null,
        "EMPLOYEE_QTY": null,
        "EMPLOYEE_MALE": null,
        "EMPLOYEE_FEMALE": null,
        "EMPLOYEE_DIF_ABLE": null,
        "WORKING_HRS_STR": null,
        "WORKING_HRS_STP": null
      }
    },
    {
      "type": "Feature",
      "id": 769,
      "geometry": {
        "type": "Point",
        "coordinates": [72.82564971605656, 18.968292839911367]
      },
      "properties": {
        "OBJECTID": 769,
        "NAME": "Anjuman Islam Girls High School",
        "TYPE": 4,
        "LOCATION": "Jehangir Boman Behram Road, Near Mumbai Central BEST Depot, Mumbai Central, Mumbai, 400008",
        "ELEVATOR_CONTACT_LIST": null,
        "ELEVATOR_INTERCOM": null,
        "WORKING_HRS": null,
        "EMPLOYEE_QTY": null,
        "EMPLOYEE_MALE": null,
        "EMPLOYEE_FEMALE": null,
        "EMPLOYEE_DIF_ABLE": null,
        "WORKING_HRS_STR": null,
        "WORKING_HRS_STP": null
      }
    },
    {
      "type": "Feature",
      "id": 770,
      "geometry": {
        "type": "Point",
        "coordinates": [72.82595314137983, 18.96747606507619]
      },
      "properties": {
        "OBJECTID": 770,
        "NAME": "St Anthony Home And Girl's High School",
        "TYPE": 4,
        "LOCATION": "Jehangir Boman Behram Road, Opp Maharashtra College, Mumbai Central, Mumbai, 400008",
        "ELEVATOR_CONTACT_LIST": null,
        "ELEVATOR_INTERCOM": null,
        "WORKING_HRS": null,
        "EMPLOYEE_QTY": null,
        "EMPLOYEE_MALE": null,
        "EMPLOYEE_FEMALE": null,
        "EMPLOYEE_DIF_ABLE": null,
        "WORKING_HRS_STR": null,
        "WORKING_HRS_STP": null
      }
    },
    {
      "type": "Feature",
      "id": 771,
      "geometry": {
        "type": "Point",
        "coordinates": [72.82673332776649, 18.968055353702045]
      },
      "properties": {
        "OBJECTID": 771,
        "NAME": "Maharashtra College of Art Commerce And Science",
        "TYPE": 4,
        "LOCATION": "Jehangir Boman Behram Road, Near City Center Mall, Mumbai Central, Mumbai, 400008",
        "ELEVATOR_CONTACT_LIST": null,
        "ELEVATOR_INTERCOM": null,
        "WORKING_HRS": null,
        "EMPLOYEE_QTY": null,
        "EMPLOYEE_MALE": null,
        "EMPLOYEE_FEMALE": null,
        "EMPLOYEE_DIF_ABLE": null,
        "WORKING_HRS_STR": null,
        "WORKING_HRS_STP": null
      }
    },
    {
      "type": "Feature",
      "id": 772,
      "geometry": {
        "type": "Point",
        "coordinates": [72.82204616804646, 18.97084491776475]
      },
      "properties": {
        "OBJECTID": 772,
        "NAME": "Dr Babasaheb Gawde Institute of Management Studies",
        "TYPE": 3,
        "LOCATION": "Dr Anandrao Nair Marg, Opp Nair Dental College, Mumbai Central, Mumbai, 400008",
        "ELEVATOR_CONTACT_LIST": null,
        "ELEVATOR_INTERCOM": null,
        "WORKING_HRS": null,
        "EMPLOYEE_QTY": null,
        "EMPLOYEE_MALE": null,
        "EMPLOYEE_FEMALE": null,
        "EMPLOYEE_DIF_ABLE": null,
        "WORKING_HRS_STR": null,
        "WORKING_HRS_STP": null
      }
    },
    {
      "type": "Feature",
      "id": 774,
      "geometry": {
        "type": "Point",
        "coordinates": [72.82432906344087, 18.971452096695717]
      },
      "properties": {
        "OBJECTID": 774,
        "NAME": "Seventh Day Adventist English School",
        "TYPE": 4,
        "LOCATION": "Y M C A Road, Opp Y M C A Ground, Mumbai Central, Mumbai, 400008",
        "ELEVATOR_CONTACT_LIST": null,
        "ELEVATOR_INTERCOM": null,
        "WORKING_HRS": null,
        "EMPLOYEE_QTY": null,
        "EMPLOYEE_MALE": null,
        "EMPLOYEE_FEMALE": null,
        "EMPLOYEE_DIF_ABLE": null,
        "WORKING_HRS_STR": null,
        "WORKING_HRS_STP": null
      }
    },
    {
      "type": "Feature",
      "id": 775,
      "geometry": {
        "type": "Point",
        "coordinates": [72.8227834404063, 18.976911534913917]
      },
      "properties": {
        "OBJECTID": 775,
        "NAME": "Industrial Training Institute Of Mumbai",
        "TYPE": 4,
        "LOCATION": "Sane Guruji Marg, Ghas Galli RTO Colony, Agripada, Mumbai, 400008",
        "ELEVATOR_CONTACT_LIST": null,
        "ELEVATOR_INTERCOM": null,
        "WORKING_HRS": null,
        "EMPLOYEE_QTY": null,
        "EMPLOYEE_MALE": null,
        "EMPLOYEE_FEMALE": null,
        "EMPLOYEE_DIF_ABLE": null,
        "WORKING_HRS_STR": null,
        "WORKING_HRS_STP": null
      }
    },
    {
      "type": "Feature",
      "id": 776,
      "geometry": {
        "type": "Point",
        "coordinates": [72.83572945744895, 18.976872536791415]
      },
      "properties": {
        "OBJECTID": 776,
        "NAME": "Suffah English School",
        "TYPE": 4,
        "LOCATION": "Sant Savata Mali Marg, Next To Balaji High School, Byculla East, Mumbai, 400027",
        "ELEVATOR_CONTACT_LIST": null,
        "ELEVATOR_INTERCOM": null,
        "WORKING_HRS": null,
        "EMPLOYEE_QTY": null,
        "EMPLOYEE_MALE": null,
        "EMPLOYEE_FEMALE": null,
        "EMPLOYEE_DIF_ABLE": null,
        "WORKING_HRS_STR": null,
        "WORKING_HRS_STP": null
      }
    },
    {
      "type": "Feature",
      "id": 777,
      "geometry": {
        "type": "Point",
        "coordinates": [72.83484701109914, 18.975978443043175]
      },
      "properties": {
        "OBJECTID": 777,
        "NAME": "Gloria Convent High School",
        "TYPE": 4,
        "LOCATION": "Sant Savata Mali Marg, Near Gloria Church, Byculla East, Mumbai, 400027",
        "ELEVATOR_CONTACT_LIST": null,
        "ELEVATOR_INTERCOM": null,
        "WORKING_HRS": null,
        "EMPLOYEE_QTY": null,
        "EMPLOYEE_MALE": null,
        "EMPLOYEE_FEMALE": null,
        "EMPLOYEE_DIF_ABLE": null,
        "WORKING_HRS_STR": null,
        "WORKING_HRS_STP": null
      }
    },
    {
      "type": "Feature",
      "id": 778,
      "geometry": {
        "type": "Point",
        "coordinates": [72.83526610578194, 18.98711084264644]
      },
      "properties": {
        "OBJECTID": 778,
        "NAME": "PDKV High School",
        "TYPE": 4,
        "LOCATION": "Dr Babasaheb Ambedkar Road, Near Mahajanwadi Hall, Chinchpokli, Mumbai, 400012",
        "ELEVATOR_CONTACT_LIST": null,
        "ELEVATOR_INTERCOM": null,
        "WORKING_HRS": null,
        "EMPLOYEE_QTY": null,
        "EMPLOYEE_MALE": null,
        "EMPLOYEE_FEMALE": null,
        "EMPLOYEE_DIF_ABLE": null,
        "WORKING_HRS_STR": null,
        "WORKING_HRS_STP": null
      }
    },
    {
      "type": "Feature",
      "id": 779,
      "geometry": {
        "type": "Point",
        "coordinates": [72.83055748760371, 18.970410537927695]
      },
      "properties": {
        "OBJECTID": 779,
        "NAME": "St Agnes High School And Jesus And Merry Junior College of Commerce For Girls",
        "TYPE": 4,
        "LOCATION": "Mirza Galib Marg, Near Taylor Memorial Methodist Church, Byculla, Mumbai, 400008",
        "ELEVATOR_CONTACT_LIST": null,
        "ELEVATOR_INTERCOM": null,
        "WORKING_HRS": null,
        "EMPLOYEE_QTY": null,
        "EMPLOYEE_MALE": null,
        "EMPLOYEE_FEMALE": null,
        "EMPLOYEE_DIF_ABLE": null,
        "WORKING_HRS_STR": null,
        "WORKING_HRS_STP": null
      }
    },
    {
      "type": "Feature",
      "id": 780,
      "geometry": {
        "type": "Point",
        "coordinates": [72.84086320506134, 18.96778108840796]
      },
      "properties": {
        "OBJECTID": 780,
        "NAME": "St Peter's School",
        "TYPE": 4,
        "LOCATION": "Shivdas Champsi Road, Opp GST Bhavan, Mazgaon, Mumbai, 400010",
        "ELEVATOR_CONTACT_LIST": null,
        "ELEVATOR_INTERCOM": null,
        "WORKING_HRS": null,
        "EMPLOYEE_QTY": null,
        "EMPLOYEE_MALE": null,
        "EMPLOYEE_FEMALE": null,
        "EMPLOYEE_DIF_ABLE": null,
        "WORKING_HRS_STR": null,
        "WORKING_HRS_STP": null
      }
    },
    {
      "type": "Feature",
      "id": 781,
      "geometry": {
        "type": "Point",
        "coordinates": [72.8443222492668, 18.974979714785185]
      },
      "properties": {
        "OBJECTID": 781,
        "NAME": "Iqra Islamic School And MAKTAB",
        "TYPE": 4,
        "LOCATION": "Barrister Nath Pai Road, Near Reay Road Railway station, Real Road, Mum , ",
        "ELEVATOR_CONTACT_LIST": null,
        "ELEVATOR_INTERCOM": null,
        "WORKING_HRS": null,
        "EMPLOYEE_QTY": null,
        "EMPLOYEE_MALE": null,
        "EMPLOYEE_FEMALE": null,
        "EMPLOYEE_DIF_ABLE": null,
        "WORKING_HRS_STR": null,
        "WORKING_HRS_STP": null
      }
    },
    {
      "type": "Feature",
      "id": 782,
      "geometry": {
        "type": "Point",
        "coordinates": [72.84507159082122, 18.967094309937288]
      },
      "properties": {
        "OBJECTID": 782,
        "NAME": "Rosary School",
        "TYPE": 4,
        "LOCATION": "Barrister Nath Pai Road, Opp Dockyard Road Railway station, Dockyard Road, Mumbai, 400010",
        "ELEVATOR_CONTACT_LIST": null,
        "ELEVATOR_INTERCOM": null,
        "WORKING_HRS": null,
        "EMPLOYEE_QTY": null,
        "EMPLOYEE_MALE": null,
        "EMPLOYEE_FEMALE": null,
        "EMPLOYEE_DIF_ABLE": null,
        "WORKING_HRS_STR": null,
        "WORKING_HRS_STP": null
      }
    },
    {
      "type": "Feature",
      "id": 783,
      "geometry": {
        "type": "Point",
        "coordinates": [72.83574655703822, 18.97449049540572]
      },
      "properties": {
        "OBJECTID": 783,
        "NAME": "Lady Phirojbhai Shapoorji Borichqla Training School",
        "TYPE": 4,
        "LOCATION": "Sant Savata Mali Marg, Near Gloria Church, Inside Masina Hospital, Byculla East, Mumbai, 400027",
        "ELEVATOR_CONTACT_LIST": null,
        "ELEVATOR_INTERCOM": null,
        "WORKING_HRS": null,
        "EMPLOYEE_QTY": null,
        "EMPLOYEE_MALE": null,
        "EMPLOYEE_FEMALE": null,
        "EMPLOYEE_DIF_ABLE": null,
        "WORKING_HRS_STR": null,
        "WORKING_HRS_STP": null
      }
    },
    {
      "type": "Feature",
      "id": 784,
      "geometry": {
        "type": "Point",
        "coordinates": [72.83700954165924, 18.968696787258068]
      },
      "properties": {
        "OBJECTID": 784,
        "NAME": "The Bombay Institution For Deaf And Mutes",
        "TYPE": 4,
        "LOCATION": "St Merry Road, Near Mazgaon Court, Mazgaon, Mumbai, 400010",
        "ELEVATOR_CONTACT_LIST": null,
        "ELEVATOR_INTERCOM": null,
        "WORKING_HRS": null,
        "EMPLOYEE_QTY": null,
        "EMPLOYEE_MALE": null,
        "EMPLOYEE_FEMALE": null,
        "EMPLOYEE_DIF_ABLE": null,
        "WORKING_HRS_STR": null,
        "WORKING_HRS_STP": null
      }
    },
    {
      "type": "Feature",
      "id": 785,
      "geometry": {
        "type": "Point",
        "coordinates": [72.83799760044508, 18.967872403624256]
      },
      "properties": {
        "OBJECTID": 785,
        "NAME": "Moti Shah Lane Muncipal Primary Hindi School",
        "TYPE": 1,
        "LOCATION": "St Merry Road, Near Mazgaon Tadwadi BIT Chawl, Mazgaon Tadwadi, Mumbai, 400010",
        "ELEVATOR_CONTACT_LIST": null,
        "ELEVATOR_INTERCOM": null,
        "WORKING_HRS": null,
        "EMPLOYEE_QTY": null,
        "EMPLOYEE_MALE": null,
        "EMPLOYEE_FEMALE": null,
        "EMPLOYEE_DIF_ABLE": null,
        "WORKING_HRS_STR": null,
        "WORKING_HRS_STP": null
      }
    },
    {
      "type": "Feature",
      "id": 786,
      "geometry": {
        "type": "Point",
        "coordinates": [72.83895883735646, 18.966610140197407]
      },
      "properties": {
        "OBJECTID": 786,
        "NAME": "Sir Elly Kadoorie School and Junior College",
        "TYPE": 4,
        "LOCATION": "Shivdas Champsi Road, Opp Chaitya Tower, Mazgaon Tadwadi, Mumbai, 400010",
        "ELEVATOR_CONTACT_LIST": null,
        "ELEVATOR_INTERCOM": null,
        "WORKING_HRS": null,
        "EMPLOYEE_QTY": null,
        "EMPLOYEE_MALE": null,
        "EMPLOYEE_FEMALE": null,
        "EMPLOYEE_DIF_ABLE": null,
        "WORKING_HRS_STR": null,
        "WORKING_HRS_STP": null
      }
    },
    {
      "type": "Feature",
      "id": 787,
      "geometry": {
        "type": "Point",
        "coordinates": [72.83653076706268, 18.968929832101413]
      },
      "properties": {
        "OBJECTID": 787,
        "NAME": "Diamond Jubilee High School",
        "TYPE": 4,
        "LOCATION": "Nesbit Road, Near Citizen Credit Co op Bank, Mazgaon, Mumbai, 400010",
        "ELEVATOR_CONTACT_LIST": null,
        "ELEVATOR_INTERCOM": null,
        "WORKING_HRS": null,
        "EMPLOYEE_QTY": null,
        "EMPLOYEE_MALE": null,
        "EMPLOYEE_FEMALE": null,
        "EMPLOYEE_DIF_ABLE": null,
        "WORKING_HRS_STR": null,
        "WORKING_HRS_STP": null
      }
    },
    {
      "type": "Feature",
      "id": 788,
      "geometry": {
        "type": "Point",
        "coordinates": [72.83519670358896, 18.972546915554236]
      },
      "properties": {
        "OBJECTID": 788,
        "NAME": "All India Khilafat Committee College of Education",
        "TYPE": 4,
        "LOCATION": "Seth Mothi Saha Lane, Opp Jain Mandir, Byculla East, Mumbai, 400027",
        "ELEVATOR_CONTACT_LIST": null,
        "ELEVATOR_INTERCOM": null,
        "WORKING_HRS": null,
        "EMPLOYEE_QTY": null,
        "EMPLOYEE_MALE": null,
        "EMPLOYEE_FEMALE": null,
        "EMPLOYEE_DIF_ABLE": null,
        "WORKING_HRS_STR": null,
        "WORKING_HRS_STP": null
      }
    },
    {
      "type": "Feature",
      "id": 789,
      "geometry": {
        "type": "Point",
        "coordinates": [72.83508136905638, 18.970199054907226]
      },
      "properties": {
        "OBJECTID": 789,
        "NAME": "Burhani College of Art and Commerce",
        "TYPE": 4,
        "LOCATION": "Nesbit Road, Near Prince Ali Khan Hospital, Mazgaon, Mumbai, 400010",
        "ELEVATOR_CONTACT_LIST": null,
        "ELEVATOR_INTERCOM": null,
        "WORKING_HRS": null,
        "EMPLOYEE_QTY": null,
        "EMPLOYEE_MALE": null,
        "EMPLOYEE_FEMALE": null,
        "EMPLOYEE_DIF_ABLE": null,
        "WORKING_HRS_STR": null,
        "WORKING_HRS_STP": null
      }
    },
    {
      "type": "Feature",
      "id": 790,
      "geometry": {
        "type": "Point",
        "coordinates": [72.83616196367211, 18.97010678820501]
      },
      "properties": {
        "OBJECTID": 790,
        "NAME": "St Merry High School SSC",
        "TYPE": 4,
        "LOCATION": "Nesbit Road, Near Prince Ali Khan Hospital, Mazgaon, Mumbai, 400010",
        "ELEVATOR_CONTACT_LIST": null,
        "ELEVATOR_INTERCOM": null,
        "WORKING_HRS": null,
        "EMPLOYEE_QTY": null,
        "EMPLOYEE_MALE": null,
        "EMPLOYEE_FEMALE": null,
        "EMPLOYEE_DIF_ABLE": null,
        "WORKING_HRS_STR": null,
        "WORKING_HRS_STP": null
      }
    },
    {
      "type": "Feature",
      "id": 791,
      "geometry": {
        "type": "Point",
        "coordinates": [72.83991269812867, 18.980492618801083]
      },
      "properties": {
        "OBJECTID": 791,
        "NAME": "Tank Bunder Muncipal Urdu School",
        "TYPE": 1,
        "LOCATION": "E S Patanwala Road, Near Ranibaug, Byculla East, Mumbai, 400027",
        "ELEVATOR_CONTACT_LIST": null,
        "ELEVATOR_INTERCOM": null,
        "WORKING_HRS": null,
        "EMPLOYEE_QTY": null,
        "EMPLOYEE_MALE": null,
        "EMPLOYEE_FEMALE": null,
        "EMPLOYEE_DIF_ABLE": null,
        "WORKING_HRS_STR": null,
        "WORKING_HRS_STP": null
      }
    },
    {
      "type": "Feature",
      "id": 792,
      "geometry": {
        "type": "Point",
        "coordinates": [72.82826386403343, 18.97880084759896]
      },
      "properties": {
        "OBJECTID": 792,
        "NAME": "B J Marg Muncipal Urdu School",
        "TYPE": 1,
        "LOCATION": "B J Marg, Near BMC Garden, Byculla, Mumbai, 400011",
        "ELEVATOR_CONTACT_LIST": null,
        "ELEVATOR_INTERCOM": null,
        "WORKING_HRS": null,
        "EMPLOYEE_QTY": null,
        "EMPLOYEE_MALE": null,
        "EMPLOYEE_FEMALE": null,
        "EMPLOYEE_DIF_ABLE": null,
        "WORKING_HRS_STR": null,
        "WORKING_HRS_STP": null
      }
    },
    {
      "type": "Feature",
      "id": 793,
      "geometry": {
        "type": "Point",
        "coordinates": [72.83438868757352, 18.97523716565158]
      },
      "properties": {
        "OBJECTID": 793,
        "NAME": "Antonio De souza High School",
        "TYPE": 4,
        "LOCATION": "Sant Savta Marg, Near Byculla Railway station, Byculla East, Mumbai, 400027",
        "ELEVATOR_CONTACT_LIST": null,
        "ELEVATOR_INTERCOM": null,
        "WORKING_HRS": null,
        "EMPLOYEE_QTY": null,
        "EMPLOYEE_MALE": null,
        "EMPLOYEE_FEMALE": null,
        "EMPLOYEE_DIF_ABLE": null,
        "WORKING_HRS_STR": null,
        "WORKING_HRS_STP": null
      }
    },
    {
      "type": "Feature",
      "id": 794,
      "geometry": {
        "type": "Point",
        "coordinates": [72.83468540825486, 18.973800891624062]
      },
      "properties": {
        "OBJECTID": 794,
        "NAME": "Regina Pacis Convent High School",
        "TYPE": 4,
        "LOCATION": "Love Lane, Opp Byculla Police Station, Byculla East, Mumbai, 400027",
        "ELEVATOR_CONTACT_LIST": null,
        "ELEVATOR_INTERCOM": null,
        "WORKING_HRS": null,
        "EMPLOYEE_QTY": null,
        "EMPLOYEE_MALE": null,
        "EMPLOYEE_FEMALE": null,
        "EMPLOYEE_DIF_ABLE": null,
        "WORKING_HRS_STR": null,
        "WORKING_HRS_STP": null
      }
    },
    {
      "type": "Feature",
      "id": 795,
      "geometry": {
        "type": "Point",
        "coordinates": [72.832285501449, 18.981045231170484]
      },
      "properties": {
        "OBJECTID": 795,
        "NAME": "Byculla West Municipal School",
        "TYPE": 1,
        "LOCATION": "N M Joshi Marg, Near S Bridge, Byculla, Mumbai, 400011",
        "ELEVATOR_CONTACT_LIST": null,
        "ELEVATOR_INTERCOM": null,
        "WORKING_HRS": null,
        "EMPLOYEE_QTY": null,
        "EMPLOYEE_MALE": null,
        "EMPLOYEE_FEMALE": null,
        "EMPLOYEE_DIF_ABLE": null,
        "WORKING_HRS_STR": null,
        "WORKING_HRS_STP": null
      }
    },
    {
      "type": "Feature",
      "id": 796,
      "geometry": {
        "type": "Point",
        "coordinates": [72.83539183360494, 18.98705916583756]
      },
      "properties": {
        "OBJECTID": 796,
        "NAME": "Shishu Vihar School",
        "TYPE": 4,
        "LOCATION": "Dr Babasaheb Ambedkar Road, Near Jai Hind Talkies, Chinchpokli, Mumbai, 400012",
        "ELEVATOR_CONTACT_LIST": null,
        "ELEVATOR_INTERCOM": null,
        "WORKING_HRS": null,
        "EMPLOYEE_QTY": null,
        "EMPLOYEE_MALE": null,
        "EMPLOYEE_FEMALE": null,
        "EMPLOYEE_DIF_ABLE": null,
        "WORKING_HRS_STR": null,
        "WORKING_HRS_STP": null
      }
    },
    {
      "type": "Feature",
      "id": 797,
      "geometry": {
        "type": "Point",
        "coordinates": [72.83598125019418, 18.987292819683155]
      },
      "properties": {
        "OBJECTID": 797,
        "NAME": "Shree Mammabai High School",
        "TYPE": 4,
        "LOCATION": "Dr Babasaheb Ambedkar Road, Near Jai Hind Talkies, Chinchpokli, Mumbai, 400012",
        "ELEVATOR_CONTACT_LIST": null,
        "ELEVATOR_INTERCOM": null,
        "WORKING_HRS": null,
        "EMPLOYEE_QTY": null,
        "EMPLOYEE_MALE": null,
        "EMPLOYEE_FEMALE": null,
        "EMPLOYEE_DIF_ABLE": null,
        "WORKING_HRS_STR": null,
        "WORKING_HRS_STP": null
      }
    },
    {
      "type": "Feature",
      "id": 798,
      "geometry": {
        "type": "Point",
        "coordinates": [72.87222124605368, 19.047172301168132]
      },
      "properties": {
        "OBJECTID": 798,
        "NAME": "K J Somaiya Insttiute Of Engineering And Information Technology",
        "TYPE": 4,
        "LOCATION": "K.J Somaiya Insttiute Of Engineering And Information Technology, Near Somaiya Hospital, Sion, Mumbai, 400022",
        "ELEVATOR_CONTACT_LIST": null,
        "ELEVATOR_INTERCOM": null,
        "WORKING_HRS": null,
        "EMPLOYEE_QTY": null,
        "EMPLOYEE_MALE": null,
        "EMPLOYEE_FEMALE": null,
        "EMPLOYEE_DIF_ABLE": null,
        "WORKING_HRS_STR": null,
        "WORKING_HRS_STP": null
      }
    },
    {
      "type": "Feature",
      "id": 799,
      "geometry": {
        "type": "Point",
        "coordinates": [72.87186685903077, 19.04293788106223]
      },
      "properties": {
        "OBJECTID": 799,
        "NAME": "Karmvir Bhaurav Patil",
        "TYPE": 4,
        "LOCATION": "Parmarth Niketan Road, Near Bipin Smruti HSC, Sion, Mumbai, 400022",
        "ELEVATOR_CONTACT_LIST": null,
        "ELEVATOR_INTERCOM": null,
        "WORKING_HRS": null,
        "EMPLOYEE_QTY": null,
        "EMPLOYEE_MALE": null,
        "EMPLOYEE_FEMALE": null,
        "EMPLOYEE_DIF_ABLE": null,
        "WORKING_HRS_STR": null,
        "WORKING_HRS_STP": null
      }
    },
    {
      "type": "Feature",
      "id": 800,
      "geometry": {
        "type": "Point",
        "coordinates": [72.86469560033079, 19.035817199976723]
      },
      "properties": {
        "OBJECTID": 800,
        "NAME": "GNVS Institute Of Management",
        "TYPE": 4,
        "LOCATION": "Rajyogi Jaimalsingh Road, Near Guru Nanak Higher Secondary School, GTB Nagar, Mumbai, 400037",
        "ELEVATOR_CONTACT_LIST": null,
        "ELEVATOR_INTERCOM": null,
        "WORKING_HRS": null,
        "EMPLOYEE_QTY": null,
        "EMPLOYEE_MALE": null,
        "EMPLOYEE_FEMALE": null,
        "EMPLOYEE_DIF_ABLE": null,
        "WORKING_HRS_STR": null,
        "WORKING_HRS_STP": null
      }
    },
    {
      "type": "Feature",
      "id": 801,
      "geometry": {
        "type": "Point",
        "coordinates": [72.86460377344156, 19.035821746341224]
      },
      "properties": {
        "OBJECTID": 801,
        "NAME": "Guru Nanak Higher Secondary School",
        "TYPE": 4,
        "LOCATION": "Rajyogi Jaimalsingh Road, Near Guru Nanak College, GTB Nagar, Mumbai, 400037",
        "ELEVATOR_CONTACT_LIST": null,
        "ELEVATOR_INTERCOM": null,
        "WORKING_HRS": null,
        "EMPLOYEE_QTY": null,
        "EMPLOYEE_MALE": null,
        "EMPLOYEE_FEMALE": null,
        "EMPLOYEE_DIF_ABLE": null,
        "WORKING_HRS_STR": null,
        "WORKING_HRS_STP": null
      }
    },
    {
      "type": "Feature",
      "id": 802,
      "geometry": {
        "type": "Point",
        "coordinates": [72.86450219981803, 19.035547699801]
      },
      "properties": {
        "OBJECTID": 802,
        "NAME": "Guru Nanak College Of Arts Science & Commerce",
        "TYPE": 4,
        "LOCATION": "R Jaimal Singh Road, Near Udaan Class, GTB Nagar, Mumbai, 400037",
        "ELEVATOR_CONTACT_LIST": null,
        "ELEVATOR_INTERCOM": null,
        "WORKING_HRS": null,
        "EMPLOYEE_QTY": null,
        "EMPLOYEE_MALE": null,
        "EMPLOYEE_FEMALE": null,
        "EMPLOYEE_DIF_ABLE": null,
        "WORKING_HRS_STR": null,
        "WORKING_HRS_STP": null
      }
    },
    {
      "type": "Feature",
      "id": 803,
      "geometry": {
        "type": "Point",
        "coordinates": [72.85500464047533, 19.01156147623995]
      },
      "properties": {
        "OBJECTID": 803,
        "NAME": "Aazad Nagar Municipal school",
        "TYPE": 1,
        "LOCATION": "R A Kidwai Road, Wadala West",
        "ELEVATOR_CONTACT_LIST": null,
        "ELEVATOR_INTERCOM": null,
        "WORKING_HRS": null,
        "EMPLOYEE_QTY": null,
        "EMPLOYEE_MALE": null,
        "EMPLOYEE_FEMALE": null,
        "EMPLOYEE_DIF_ABLE": null,
        "WORKING_HRS_STR": null,
        "WORKING_HRS_STP": null
      }
    },
    {
      "type": "Feature",
      "id": 804,
      "geometry": {
        "type": "Point",
        "coordinates": [72.86686118719922, 19.034509603374534]
      },
      "properties": {
        "OBJECTID": 804,
        "NAME": "Shri Sanatan Dharm High School And College",
        "TYPE": 4,
        "LOCATION": "Mukhundrav Ambedkar Rode, Near Ravli Fire Brigade, GTB Nagar, Mumbai, 400037",
        "ELEVATOR_CONTACT_LIST": null,
        "ELEVATOR_INTERCOM": null,
        "WORKING_HRS": null,
        "EMPLOYEE_QTY": null,
        "EMPLOYEE_MALE": null,
        "EMPLOYEE_FEMALE": null,
        "EMPLOYEE_DIF_ABLE": null,
        "WORKING_HRS_STR": null,
        "WORKING_HRS_STP": null
      }
    },
    {
      "type": "Feature",
      "id": 805,
      "geometry": {
        "type": "Point",
        "coordinates": [72.84476246700817, 18.998482793425186]
      },
      "properties": {
        "OBJECTID": 805,
        "NAME": "Mumbai Veterinary College",
        "TYPE": 3,
        "LOCATION": "Dr Walimbe Road, Near Bhavna Apartment, Parel, Mumbai, 400012",
        "ELEVATOR_CONTACT_LIST": null,
        "ELEVATOR_INTERCOM": null,
        "WORKING_HRS": null,
        "EMPLOYEE_QTY": null,
        "EMPLOYEE_MALE": null,
        "EMPLOYEE_FEMALE": null,
        "EMPLOYEE_DIF_ABLE": null,
        "WORKING_HRS_STR": null,
        "WORKING_HRS_STP": null
      }
    },
    {
      "type": "Feature",
      "id": 806,
      "geometry": {
        "type": "Point",
        "coordinates": [72.83991973772376, 18.999797439781883]
      },
      "properties": {
        "OBJECTID": 806,
        "NAME": "K M S English Medium School",
        "TYPE": 4,
        "LOCATION": "Dr E Borges Road, Near Global Hospitla, Parel, Mumbai, 400012",
        "ELEVATOR_CONTACT_LIST": null,
        "ELEVATOR_INTERCOM": null,
        "WORKING_HRS": null,
        "EMPLOYEE_QTY": null,
        "EMPLOYEE_MALE": null,
        "EMPLOYEE_FEMALE": null,
        "EMPLOYEE_DIF_ABLE": null,
        "WORKING_HRS_STR": null,
        "WORKING_HRS_STP": null
      }
    },
    {
      "type": "Feature",
      "id": 807,
      "geometry": {
        "type": "Point",
        "coordinates": [72.83979602183564, 18.999614842415344]
      },
      "properties": {
        "OBJECTID": 807,
        "NAME": "Dr Shirodkar High School",
        "TYPE": 4,
        "LOCATION": "Dr E Borges Road, Near Global Hospital, Parel, Mumbai, 400012",
        "ELEVATOR_CONTACT_LIST": null,
        "ELEVATOR_INTERCOM": null,
        "WORKING_HRS": null,
        "EMPLOYEE_QTY": null,
        "EMPLOYEE_MALE": null,
        "EMPLOYEE_FEMALE": null,
        "EMPLOYEE_DIF_ABLE": null,
        "WORKING_HRS_STR": null,
        "WORKING_HRS_STP": null
      }
    },
    {
      "type": "Feature",
      "id": 808,
      "geometry": {
        "type": "Point",
        "coordinates": [72.92932760372126, 19.04360151428874]
      },
      "properties": {
        "OBJECTID": 808,
        "NAME": "Children Home School- Education Center",
        "TYPE": 4,
        "LOCATION": "Station Road, Near Mankhurd Station, Mankhurd, Mumbai, 400088",
        "ELEVATOR_CONTACT_LIST": null,
        "ELEVATOR_INTERCOM": null,
        "WORKING_HRS": null,
        "EMPLOYEE_QTY": null,
        "EMPLOYEE_MALE": null,
        "EMPLOYEE_FEMALE": null,
        "EMPLOYEE_DIF_ABLE": null,
        "WORKING_HRS_STR": null,
        "WORKING_HRS_STP": null
      }
    },
    {
      "type": "Feature",
      "id": 809,
      "geometry": {
        "type": "Point",
        "coordinates": [72.84713320416812, 19.222159848881667]
      },
      "properties": {
        "OBJECTID": 809,
        "NAME": "Blossom Play School",
        "TYPE": 4,
        "LOCATION": "Shimpoli Road, Near Kastur Park, Borivali, Mumbai, Maharashtra, 400092",
        "ELEVATOR_CONTACT_LIST": null,
        "ELEVATOR_INTERCOM": null,
        "WORKING_HRS": null,
        "EMPLOYEE_QTY": null,
        "EMPLOYEE_MALE": null,
        "EMPLOYEE_FEMALE": null,
        "EMPLOYEE_DIF_ABLE": null,
        "WORKING_HRS_STR": null,
        "WORKING_HRS_STP": null
      }
    },
    {
      "type": "Feature",
      "id": 810,
      "geometry": {
        "type": "Point",
        "coordinates": [72.8446997696581, 19.213979426754673]
      },
      "properties": {
        "OBJECTID": 810,
        "NAME": "Pawar Public School",
        "TYPE": 4,
        "LOCATION": "ManthanPada Road, Near Rahul CHS, Kandivali, Mumbai, Maharashtra, 400067",
        "ELEVATOR_CONTACT_LIST": null,
        "ELEVATOR_INTERCOM": null,
        "WORKING_HRS": null,
        "EMPLOYEE_QTY": null,
        "EMPLOYEE_MALE": null,
        "EMPLOYEE_FEMALE": null,
        "EMPLOYEE_DIF_ABLE": null,
        "WORKING_HRS_STR": null,
        "WORKING_HRS_STP": null
      }
    },
    {
      "type": "Feature",
      "id": 811,
      "geometry": {
        "type": "Point",
        "coordinates": [72.87077768558535, 19.221780721383787]
      },
      "properties": {
        "OBJECTID": 811,
        "NAME": "St Jhon s High School",
        "TYPE": 4,
        "LOCATION": "Siddharth Nagar Road, Near Radha Reaendty, Borivali, Mumbai, Maharashtra, 400066",
        "ELEVATOR_CONTACT_LIST": null,
        "ELEVATOR_INTERCOM": null,
        "WORKING_HRS": null,
        "EMPLOYEE_QTY": null,
        "EMPLOYEE_MALE": null,
        "EMPLOYEE_FEMALE": null,
        "EMPLOYEE_DIF_ABLE": null,
        "WORKING_HRS_STR": null,
        "WORKING_HRS_STP": null
      }
    },
    {
      "type": "Feature",
      "id": 812,
      "geometry": {
        "type": "Point",
        "coordinates": [72.87075977798352, 19.221946153838648]
      },
      "properties": {
        "OBJECTID": 812,
        "NAME": "Trimurti High School",
        "TYPE": 4,
        "LOCATION": "Jay Maharashtra Nagar Road, Near Harsidh Devi Mandir, Borivali, Mumbai, Maharashtra, 400066",
        "ELEVATOR_CONTACT_LIST": null,
        "ELEVATOR_INTERCOM": null,
        "WORKING_HRS": null,
        "EMPLOYEE_QTY": null,
        "EMPLOYEE_MALE": null,
        "EMPLOYEE_FEMALE": null,
        "EMPLOYEE_DIF_ABLE": null,
        "WORKING_HRS_STR": null,
        "WORKING_HRS_STP": null
      }
    },
    {
      "type": "Feature",
      "id": 813,
      "geometry": {
        "type": "Point",
        "coordinates": [72.86699409994743, 19.219023100323618]
      },
      "properties": {
        "OBJECTID": 813,
        "NAME": "Magathane Municipal Marathi 2  School ",
        "TYPE": 1,
        "LOCATION": "Jay Maharashtra Nagar Road, Near Lijat Papad Mahila Udhog, Borivali, Mumbai, Maharashtra, 400066",
        "ELEVATOR_CONTACT_LIST": null,
        "ELEVATOR_INTERCOM": null,
        "WORKING_HRS": null,
        "EMPLOYEE_QTY": null,
        "EMPLOYEE_MALE": null,
        "EMPLOYEE_FEMALE": null,
        "EMPLOYEE_DIF_ABLE": null,
        "WORKING_HRS_STR": null,
        "WORKING_HRS_STP": null
      }
    },
    {
      "type": "Feature",
      "id": 814,
      "geometry": {
        "type": "Point",
        "coordinates": [72.85384000885138, 19.233049329382546]
      },
      "properties": {
        "OBJECTID": 814,
        "NAME": "Sodawala Municipal School",
        "TYPE": 1,
        "LOCATION": "Chandawarkar Road, Near HDFC Bank, Borivali, Mumbai, Maharashtra, 400092",
        "ELEVATOR_CONTACT_LIST": null,
        "ELEVATOR_INTERCOM": null,
        "WORKING_HRS": null,
        "EMPLOYEE_QTY": null,
        "EMPLOYEE_MALE": null,
        "EMPLOYEE_FEMALE": null,
        "EMPLOYEE_DIF_ABLE": null,
        "WORKING_HRS_STR": null,
        "WORKING_HRS_STP": null
      }
    },
    {
      "type": "Feature",
      "id": 815,
      "geometry": {
        "type": "Point",
        "coordinates": [72.85483483211344, 19.232394064392462]
      },
      "properties": {
        "OBJECTID": 815,
        "NAME": "Vidhyanidhi Education Society",
        "TYPE": 4,
        "LOCATION": "Chandawarkar Road, Near Bhagirati Hotel, Borivali, Mumbai, Maharashtra, 400092",
        "ELEVATOR_CONTACT_LIST": null,
        "ELEVATOR_INTERCOM": null,
        "WORKING_HRS": null,
        "EMPLOYEE_QTY": null,
        "EMPLOYEE_MALE": null,
        "EMPLOYEE_FEMALE": null,
        "EMPLOYEE_DIF_ABLE": null,
        "WORKING_HRS_STR": null,
        "WORKING_HRS_STP": null
      }
    },
    {
      "type": "Feature",
      "id": 816,
      "geometry": {
        "type": "Point",
        "coordinates": [72.85117399973646, 19.226740999691394]
      },
      "properties": {
        "OBJECTID": 816,
        "NAME": "The Borivali Education Society",
        "TYPE": 4,
        "LOCATION": "Dr D G Palkar Road, Near Dena Bank, Borivali, Mumbai, Maharashtra, 400066",
        "ELEVATOR_CONTACT_LIST": null,
        "ELEVATOR_INTERCOM": null,
        "WORKING_HRS": null,
        "EMPLOYEE_QTY": null,
        "EMPLOYEE_MALE": null,
        "EMPLOYEE_FEMALE": null,
        "EMPLOYEE_DIF_ABLE": null,
        "WORKING_HRS_STR": null,
        "WORKING_HRS_STP": null
      }
    },
    {
      "type": "Feature",
      "id": 817,
      "geometry": {
        "type": "Point",
        "coordinates": [72.86395529987915, 19.230412400062278]
      },
      "properties": {
        "OBJECTID": 817,
        "NAME": "Gopal Garden High School",
        "TYPE": 4,
        "LOCATION": "Kulupwadi Road, Inside Gopal GaRoaden High School, Borivali, Mumbai, Maharashtra, 400066",
        "ELEVATOR_CONTACT_LIST": null,
        "ELEVATOR_INTERCOM": null,
        "WORKING_HRS": null,
        "EMPLOYEE_QTY": null,
        "EMPLOYEE_MALE": null,
        "EMPLOYEE_FEMALE": null,
        "EMPLOYEE_DIF_ABLE": null,
        "WORKING_HRS_STR": null,
        "WORKING_HRS_STP": null
      }
    },
    {
      "type": "Feature",
      "id": 818,
      "geometry": {
        "type": "Point",
        "coordinates": [72.85249144770596, 19.22490868318209]
      },
      "properties": {
        "OBJECTID": 818,
        "NAME": "Lalji Trikamaji Municipal Gujrathi  School",
        "TYPE": 1,
        "LOCATION": "Umeda Asharm Road, Near Gayatri Bld, Borivali, Mumbai, Maharashtra, 400092",
        "ELEVATOR_CONTACT_LIST": null,
        "ELEVATOR_INTERCOM": null,
        "WORKING_HRS": null,
        "EMPLOYEE_QTY": null,
        "EMPLOYEE_MALE": null,
        "EMPLOYEE_FEMALE": null,
        "EMPLOYEE_DIF_ABLE": null,
        "WORKING_HRS_STR": null,
        "WORKING_HRS_STP": null
      }
    },
    {
      "type": "Feature",
      "id": 819,
      "geometry": {
        "type": "Point",
        "coordinates": [72.85134175614469, 19.223545450518106]
      },
      "properties": {
        "OBJECTID": 819,
        "NAME": "Gokhle Education Shishu Vikash Mandir",
        "TYPE": 4,
        "LOCATION": "Simpoloe Road, OPP Vaman Haripethe. Jewelry, Borivali, Mumbai, Maharashtra, 400092",
        "ELEVATOR_CONTACT_LIST": null,
        "ELEVATOR_INTERCOM": null,
        "WORKING_HRS": null,
        "EMPLOYEE_QTY": null,
        "EMPLOYEE_MALE": null,
        "EMPLOYEE_FEMALE": null,
        "EMPLOYEE_DIF_ABLE": null,
        "WORKING_HRS_STR": null,
        "WORKING_HRS_STP": null
      }
    },
    {
      "type": "Feature",
      "id": 820,
      "geometry": {
        "type": "Point",
        "coordinates": [72.86240603777759, 19.231594103026925]
      },
      "properties": {
        "OBJECTID": 820,
        "NAME": "Hughes Communication India Limited/Hughes Education",
        "TYPE": 4,
        "LOCATION": "M G Road, Near SBI Bank, Borivali, Mumbai, Maharashtra, 400066",
        "ELEVATOR_CONTACT_LIST": null,
        "ELEVATOR_INTERCOM": null,
        "WORKING_HRS": null,
        "EMPLOYEE_QTY": null,
        "EMPLOYEE_MALE": null,
        "EMPLOYEE_FEMALE": null,
        "EMPLOYEE_DIF_ABLE": null,
        "WORKING_HRS_STR": null,
        "WORKING_HRS_STP": null
      }
    },
    {
      "type": "Feature",
      "id": 821,
      "geometry": {
        "type": "Point",
        "coordinates": [72.82558836036517, 19.22623676925185]
      },
      "properties": {
        "OBJECTID": 821,
        "NAME": "Nalanda Academy School Gorai",
        "TYPE": 4,
        "LOCATION": "RSC Road No 34, Near Mangal Murti Hospital, Borivali West, Mumbai, Maharashtra, 400092",
        "ELEVATOR_CONTACT_LIST": null,
        "ELEVATOR_INTERCOM": null,
        "WORKING_HRS": null,
        "EMPLOYEE_QTY": null,
        "EMPLOYEE_MALE": null,
        "EMPLOYEE_FEMALE": null,
        "EMPLOYEE_DIF_ABLE": null,
        "WORKING_HRS_STR": null,
        "WORKING_HRS_STP": null
      }
    },
    {
      "type": "Feature",
      "id": 822,
      "geometry": {
        "type": "Point",
        "coordinates": [72.83699210712038, 19.23247352067569]
      },
      "properties": {
        "OBJECTID": 822,
        "NAME": "Gokhale Education Society",
        "TYPE": 4,
        "LOCATION": "Yogi Nagar Marg, Near Gorai Road, Borivali West, Mumbai, Maharashtra, 400092",
        "ELEVATOR_CONTACT_LIST": null,
        "ELEVATOR_INTERCOM": null,
        "WORKING_HRS": null,
        "EMPLOYEE_QTY": null,
        "EMPLOYEE_MALE": null,
        "EMPLOYEE_FEMALE": null,
        "EMPLOYEE_DIF_ABLE": null,
        "WORKING_HRS_STR": null,
        "WORKING_HRS_STP": null
      }
    },
    {
      "type": "Feature",
      "id": 823,
      "geometry": {
        "type": "Point",
        "coordinates": [72.8218325967878, 19.228097278025157]
      },
      "properties": {
        "OBJECTID": 823,
        "NAME": "Pragati Vidyalaya And Junior College",
        "TYPE": 4,
        "LOCATION": "RSC Road No 48, Gorai 02 Near Datta Mandir, Borivali West, Mumbai, Maharashtra, 400092",
        "ELEVATOR_CONTACT_LIST": null,
        "ELEVATOR_INTERCOM": null,
        "WORKING_HRS": null,
        "EMPLOYEE_QTY": null,
        "EMPLOYEE_MALE": null,
        "EMPLOYEE_FEMALE": null,
        "EMPLOYEE_DIF_ABLE": null,
        "WORKING_HRS_STR": null,
        "WORKING_HRS_STP": null
      }
    },
    {
      "type": "Feature",
      "id": 824,
      "geometry": {
        "type": "Point",
        "coordinates": [72.82607283382448, 19.228874461854637]
      },
      "properties": {
        "OBJECTID": 824,
        "NAME": "St Rock High School",
        "TYPE": 4,
        "LOCATION": "RSC Road No 31, Near Suvidya High school, Borivali West, Mumbai, Maharashtra, 400092",
        "ELEVATOR_CONTACT_LIST": null,
        "ELEVATOR_INTERCOM": null,
        "WORKING_HRS": null,
        "EMPLOYEE_QTY": null,
        "EMPLOYEE_MALE": null,
        "EMPLOYEE_FEMALE": null,
        "EMPLOYEE_DIF_ABLE": null,
        "WORKING_HRS_STR": null,
        "WORKING_HRS_STP": null
      }
    },
    {
      "type": "Feature",
      "id": 825,
      "geometry": {
        "type": "Point",
        "coordinates": [72.82563932197857, 19.230296810758617]
      },
      "properties": {
        "OBJECTID": 825,
        "NAME": "Dr Pillai Global Academy",
        "TYPE": 4,
        "LOCATION": "Rajyog Marg, Near Gorai Police Station, Borivali West, Mumbai, Maharashtra, 400092",
        "ELEVATOR_CONTACT_LIST": null,
        "ELEVATOR_INTERCOM": null,
        "WORKING_HRS": null,
        "EMPLOYEE_QTY": null,
        "EMPLOYEE_MALE": null,
        "EMPLOYEE_FEMALE": null,
        "EMPLOYEE_DIF_ABLE": null,
        "WORKING_HRS_STR": null,
        "WORKING_HRS_STP": null
      }
    },
    {
      "type": "Feature",
      "id": 826,
      "geometry": {
        "type": "Point",
        "coordinates": [72.82542608704401, 19.217746606202923]
      },
      "properties": {
        "OBJECTID": 826,
        "NAME": "Oxford Public School",
        "TYPE": 4,
        "LOCATION": "RSC Road No 59, Charkop Sector 05, Kandivali West, Mumbai, Maharashtra, 400067",
        "ELEVATOR_CONTACT_LIST": null,
        "ELEVATOR_INTERCOM": null,
        "WORKING_HRS": null,
        "EMPLOYEE_QTY": null,
        "EMPLOYEE_MALE": null,
        "EMPLOYEE_FEMALE": null,
        "EMPLOYEE_DIF_ABLE": null,
        "WORKING_HRS_STR": null,
        "WORKING_HRS_STP": null
      }
    },
    {
      "type": "Feature",
      "id": 827,
      "geometry": {
        "type": "Point",
        "coordinates": [72.82633736674944, 19.21838992090455]
      },
      "properties": {
        "OBJECTID": 827,
        "NAME": "Sanskar Vidyalaya",
        "TYPE": 4,
        "LOCATION": "RSC Road No 51, Charkop Sector 05, Kandivali West, Mumbai, Maharashtra, 400067",
        "ELEVATOR_CONTACT_LIST": null,
        "ELEVATOR_INTERCOM": null,
        "WORKING_HRS": null,
        "EMPLOYEE_QTY": null,
        "EMPLOYEE_MALE": null,
        "EMPLOYEE_FEMALE": null,
        "EMPLOYEE_DIF_ABLE": null,
        "WORKING_HRS_STR": null,
        "WORKING_HRS_STP": null
      }
    },
    {
      "type": "Feature",
      "id": 829,
      "geometry": {
        "type": "Point",
        "coordinates": [72.83120691811263, 19.22322008597997]
      },
      "properties": {
        "OBJECTID": 829,
        "NAME": "Priyadarshani Vidya Mandir",
        "TYPE": 4,
        "LOCATION": "Priyadarshani Vidyadhan Road, Charkop Sector 07, Kandivali West, Mumbai, Maharashtra, 400067",
        "ELEVATOR_CONTACT_LIST": null,
        "ELEVATOR_INTERCOM": null,
        "WORKING_HRS": null,
        "EMPLOYEE_QTY": null,
        "EMPLOYEE_MALE": null,
        "EMPLOYEE_FEMALE": null,
        "EMPLOYEE_DIF_ABLE": null,
        "WORKING_HRS_STR": null,
        "WORKING_HRS_STP": null
      }
    },
    {
      "type": "Feature",
      "id": 830,
      "geometry": {
        "type": "Point",
        "coordinates": [72.83462103542891, 19.22722005280193]
      },
      "properties": {
        "OBJECTID": 830,
        "NAME": "Orchid International School",
        "TYPE": 4,
        "LOCATION": "SHIMPOLI ROAD, NEAR GANESH DURGA TEMPLE, Borivali West, Mumbai, Maharashtra, 400092",
        "ELEVATOR_CONTACT_LIST": null,
        "ELEVATOR_INTERCOM": null,
        "WORKING_HRS": null,
        "EMPLOYEE_QTY": null,
        "EMPLOYEE_MALE": null,
        "EMPLOYEE_FEMALE": null,
        "EMPLOYEE_DIF_ABLE": null,
        "WORKING_HRS_STR": null,
        "WORKING_HRS_STP": null
      }
    },
    {
      "type": "Feature",
      "id": 831,
      "geometry": {
        "type": "Point",
        "coordinates": [72.84493748053161, 19.215179653318152]
      },
      "properties": {
        "OBJECTID": 831,
        "NAME": "Anabdibai Damodar Kale Vidyalay",
        "TYPE": 4,
        "LOCATION": "ManthanPada Road, Near SaRoadar Vallabhbhai Park, Borivali West, Mumbai, Maharashtra, 400092",
        "ELEVATOR_CONTACT_LIST": null,
        "ELEVATOR_INTERCOM": null,
        "WORKING_HRS": null,
        "EMPLOYEE_QTY": null,
        "EMPLOYEE_MALE": null,
        "EMPLOYEE_FEMALE": null,
        "EMPLOYEE_DIF_ABLE": null,
        "WORKING_HRS_STR": null,
        "WORKING_HRS_STP": null
      }
    },
    {
      "type": "Feature",
      "id": 832,
      "geometry": {
        "type": "Point",
        "coordinates": [72.84706044942877, 19.21622948724929]
      },
      "properties": {
        "OBJECTID": 832,
        "NAME": "J B Khot School",
        "TYPE": 4,
        "LOCATION": "Saibaba Nagar Road, Near Sai Baba Temple, Borivali West, Mumbai, Maharashtra, 400092",
        "ELEVATOR_CONTACT_LIST": null,
        "ELEVATOR_INTERCOM": null,
        "WORKING_HRS": null,
        "EMPLOYEE_QTY": null,
        "EMPLOYEE_MALE": null,
        "EMPLOYEE_FEMALE": null,
        "EMPLOYEE_DIF_ABLE": null,
        "WORKING_HRS_STR": null,
        "WORKING_HRS_STP": null
      }
    },
    {
      "type": "Feature",
      "id": 833,
      "geometry": {
        "type": "Point",
        "coordinates": [72.83081300043222, 19.226838999998108]
      },
      "properties": {
        "OBJECTID": 833,
        "NAME": "Swami Vivekananda High School",
        "TYPE": 4,
        "LOCATION": "RSC Road Number 16, Near Navaratna CHS, Borivali West, Mumbai, Maharashtra, 400091",
        "ELEVATOR_CONTACT_LIST": null,
        "ELEVATOR_INTERCOM": null,
        "WORKING_HRS": null,
        "EMPLOYEE_QTY": null,
        "EMPLOYEE_MALE": null,
        "EMPLOYEE_FEMALE": null,
        "EMPLOYEE_DIF_ABLE": null,
        "WORKING_HRS_STR": null,
        "WORKING_HRS_STP": null
      }
    },
    {
      "type": "Feature",
      "id": 834,
      "geometry": {
        "type": "Point",
        "coordinates": [72.83877544132807, 19.230821996680966]
      },
      "properties": {
        "OBJECTID": 834,
        "NAME": "MJ Junior College",
        "TYPE": 4,
        "LOCATION": "Lokmanya Tilak Road, Opp Gen Arunkumar Vaidya Ground, Borivali West, Mumbai, Maharashtra, 400091",
        "ELEVATOR_CONTACT_LIST": null,
        "ELEVATOR_INTERCOM": null,
        "WORKING_HRS": null,
        "EMPLOYEE_QTY": null,
        "EMPLOYEE_MALE": null,
        "EMPLOYEE_FEMALE": null,
        "EMPLOYEE_DIF_ABLE": null,
        "WORKING_HRS_STR": null,
        "WORKING_HRS_STP": null
      }
    },
    {
      "type": "Feature",
      "id": 835,
      "geometry": {
        "type": "Point",
        "coordinates": [72.85034479886319, 19.228516917198323]
      },
      "properties": {
        "OBJECTID": 835,
        "NAME": "St. Anne's High School",
        "TYPE": 4,
        "LOCATION": "Lokmanya Tilak Road, Near Veer Savarkar Udhyan, Borivali West, Mumbai, Maharashtra, 400092",
        "ELEVATOR_CONTACT_LIST": null,
        "ELEVATOR_INTERCOM": null,
        "WORKING_HRS": null,
        "EMPLOYEE_QTY": null,
        "EMPLOYEE_MALE": null,
        "EMPLOYEE_FEMALE": null,
        "EMPLOYEE_DIF_ABLE": null,
        "WORKING_HRS_STR": null,
        "WORKING_HRS_STP": null
      }
    },
    {
      "type": "Feature",
      "id": 836,
      "geometry": {
        "type": "Point",
        "coordinates": [72.84767414300237, 19.228184822171418]
      },
      "properties": {
        "OBJECTID": 836,
        "NAME": "Babhai Municipal School",
        "TYPE": 1,
        "LOCATION": "Lokmanya Tilak Road, Opp. Ramkrishna Building, Borivali West, Mumbai, Maharashtra, 400092",
        "ELEVATOR_CONTACT_LIST": null,
        "ELEVATOR_INTERCOM": null,
        "WORKING_HRS": null,
        "EMPLOYEE_QTY": null,
        "EMPLOYEE_MALE": null,
        "EMPLOYEE_FEMALE": null,
        "EMPLOYEE_DIF_ABLE": null,
        "WORKING_HRS_STR": null,
        "WORKING_HRS_STP": null
      }
    },
    {
      "type": "Feature",
      "id": 837,
      "geometry": {
        "type": "Point",
        "coordinates": [72.84154884454028, 19.230446864092052]
      },
      "properties": {
        "OBJECTID": 837,
        "NAME": "Don Bosco High School",
        "TYPE": 4,
        "LOCATION": "Lokmanya Tilak Road, Near Lokmanya Tilak Chauk, Borivali West, Mumbai, Maharashtra, 400092",
        "ELEVATOR_CONTACT_LIST": null,
        "ELEVATOR_INTERCOM": null,
        "WORKING_HRS": null,
        "EMPLOYEE_QTY": null,
        "EMPLOYEE_MALE": null,
        "EMPLOYEE_FEMALE": null,
        "EMPLOYEE_DIF_ABLE": null,
        "WORKING_HRS_STR": null,
        "WORKING_HRS_STP": null
      }
    },
    {
      "type": "Feature",
      "id": 838,
      "geometry": {
        "type": "Point",
        "coordinates": [72.83102016908757, 19.08616818633882]
      },
      "properties": {
        "OBJECTID": 838,
        "NAME": "Billabong High International School",
        "TYPE": 4,
        "LOCATION": "MR Cooperative Housing Society Ln, MR Society, Daulat Nagar, Juhu, Mumbai, Maharashtra, 400054",
        "ELEVATOR_CONTACT_LIST": null,
        "ELEVATOR_INTERCOM": null,
        "WORKING_HRS": null,
        "EMPLOYEE_QTY": null,
        "EMPLOYEE_MALE": null,
        "EMPLOYEE_FEMALE": null,
        "EMPLOYEE_DIF_ABLE": null,
        "WORKING_HRS_STR": null,
        "WORKING_HRS_STP": null
      }
    },
    {
      "type": "Feature",
      "id": 839,
      "geometry": {
        "type": "Point",
        "coordinates": [72.83675271960556, 19.08954952510146]
      },
      "properties": {
        "OBJECTID": 839,
        "NAME": "Sane Guruji Vidhya Mandir",
        "TYPE": 4,
        "LOCATION": "Rizvi Nagar, Khira Nagar, Santacruz West, Mumbai, Maharashtra, 400054",
        "ELEVATOR_CONTACT_LIST": null,
        "ELEVATOR_INTERCOM": null,
        "WORKING_HRS": null,
        "EMPLOYEE_QTY": null,
        "EMPLOYEE_MALE": null,
        "EMPLOYEE_FEMALE": null,
        "EMPLOYEE_DIF_ABLE": null,
        "WORKING_HRS_STR": null,
        "WORKING_HRS_STP": null
      }
    },
    {
      "type": "Feature",
      "id": 840,
      "geometry": {
        "type": "Point",
        "coordinates": [72.8293881034459, 19.054860167498337]
      },
      "properties": {
        "OBJECTID": 840,
        "NAME": "St. Stanislaus High School",
        "TYPE": 4,
        "LOCATION": "Shop No. 2, No. 476, Kiran Kunj, 24th Road, Bandra West, Mumbai - 400050, Bandra West, Mumbai, Maharashtra, 400050",
        "ELEVATOR_CONTACT_LIST": null,
        "ELEVATOR_INTERCOM": null,
        "WORKING_HRS": null,
        "EMPLOYEE_QTY": null,
        "EMPLOYEE_MALE": null,
        "EMPLOYEE_FEMALE": null,
        "EMPLOYEE_DIF_ABLE": null,
        "WORKING_HRS_STR": null,
        "WORKING_HRS_STP": null
      }
    },
    {
      "type": "Feature",
      "id": 841,
      "geometry": {
        "type": "Point",
        "coordinates": [72.82594744123995, 19.048330322446127]
      },
      "properties": {
        "OBJECTID": 841,
        "NAME": "Eager Beavers Preschool",
        "TYPE": 4,
        "LOCATION": "St John Baptist Rd, Mount Mary, Bandra West, Mumbai, Maharashtra, 400050",
        "ELEVATOR_CONTACT_LIST": null,
        "ELEVATOR_INTERCOM": null,
        "WORKING_HRS": null,
        "EMPLOYEE_QTY": null,
        "EMPLOYEE_MALE": null,
        "EMPLOYEE_FEMALE": null,
        "EMPLOYEE_DIF_ABLE": null,
        "WORKING_HRS_STR": null,
        "WORKING_HRS_STP": null
      }
    },
    {
      "type": "Feature",
      "id": 842,
      "geometry": {
        "type": "Point",
        "coordinates": [72.83259797778761, 19.08548601673657]
      },
      "properties": {
        "OBJECTID": 842,
        "NAME": "LS Raheja Collage of Arts & Commerce",
        "TYPE": 4,
        "LOCATION": "STY Relief Rd, Shastri Nagar, Santacruz West, Mumbai, Maharashtra, 400054",
        "ELEVATOR_CONTACT_LIST": null,
        "ELEVATOR_INTERCOM": null,
        "WORKING_HRS": null,
        "EMPLOYEE_QTY": null,
        "EMPLOYEE_MALE": null,
        "EMPLOYEE_FEMALE": null,
        "EMPLOYEE_DIF_ABLE": null,
        "WORKING_HRS_STR": null,
        "WORKING_HRS_STP": null
      }
    },
    {
      "type": "Feature",
      "id": 843,
      "geometry": {
        "type": "Point",
        "coordinates": [72.8330821169437, 19.084865629733716]
      },
      "properties": {
        "OBJECTID": 843,
        "NAME": "Taraben Master Secondary English School",
        "TYPE": 4,
        "LOCATION": "Juhu Tara Rd, MR Society, Daulat Nagar, Khar Danda, Mumbai, Maharashtra, 400054",
        "ELEVATOR_CONTACT_LIST": null,
        "ELEVATOR_INTERCOM": null,
        "WORKING_HRS": null,
        "EMPLOYEE_QTY": null,
        "EMPLOYEE_MALE": null,
        "EMPLOYEE_FEMALE": null,
        "EMPLOYEE_DIF_ABLE": null,
        "WORKING_HRS_STR": null,
        "WORKING_HRS_STP": null
      }
    },
    {
      "type": "Feature",
      "id": 844,
      "geometry": {
        "type": "Point",
        "coordinates": [72.82980031505431, 19.078733202922162]
      },
      "properties": {
        "OBJECTID": 844,
        "NAME": "Guru Harikrishna Highschool and Junior Collage of Commerce",
        "TYPE": 4,
        "LOCATION": "61B, North Avenue, Indrajit Society, Vithaldas Nagar, Santacruz West, Mumbai, Maharashtra, 400054",
        "ELEVATOR_CONTACT_LIST": null,
        "ELEVATOR_INTERCOM": null,
        "WORKING_HRS": null,
        "EMPLOYEE_QTY": null,
        "EMPLOYEE_MALE": null,
        "EMPLOYEE_FEMALE": null,
        "EMPLOYEE_DIF_ABLE": null,
        "WORKING_HRS_STR": null,
        "WORKING_HRS_STP": null
      }
    },
    {
      "type": "Feature",
      "id": 845,
      "geometry": {
        "type": "Point",
        "coordinates": [72.83096115982887, 19.07861030285605]
      },
      "properties": {
        "OBJECTID": 845,
        "NAME": "Gazdar Park Secondary Municipal School",
        "TYPE": 1,
        "LOCATION": "Gazdar Bandh, North Avenue Road, North Avenue, Indrajit Society, Vithaldas Nagar, Santacruz West, Mumbai, Maharashtra, 400054",
        "ELEVATOR_CONTACT_LIST": null,
        "ELEVATOR_INTERCOM": null,
        "WORKING_HRS": null,
        "EMPLOYEE_QTY": null,
        "EMPLOYEE_MALE": null,
        "EMPLOYEE_FEMALE": null,
        "EMPLOYEE_DIF_ABLE": null,
        "WORKING_HRS_STR": null,
        "WORKING_HRS_STP": null
      }
    },
    {
      "type": "Feature",
      "id": 846,
      "geometry": {
        "type": "Point",
        "coordinates": [72.83837598805982, 19.076370497713462]
      },
      "properties": {
        "OBJECTID": 846,
        "NAME": "Teresa Highschool",
        "TYPE": 4,
        "LOCATION": "S. V Road, Santacruz West, Willingdon, Santacruz West, Mumbai, Maharashtra, 400054",
        "ELEVATOR_CONTACT_LIST": null,
        "ELEVATOR_INTERCOM": null,
        "WORKING_HRS": null,
        "EMPLOYEE_QTY": null,
        "EMPLOYEE_MALE": null,
        "EMPLOYEE_FEMALE": null,
        "EMPLOYEE_DIF_ABLE": null,
        "WORKING_HRS_STR": null,
        "WORKING_HRS_STP": null
      }
    },
    {
      "type": "Feature",
      "id": 847,
      "geometry": {
        "type": "Point",
        "coordinates": [72.83004342977033, 19.0710239305653]
      },
      "properties": {
        "OBJECTID": 847,
        "NAME": "The Tree House",
        "TYPE": 4,
        "LOCATION": "Pooja Apartment, 17TH Road, Near Khar Gymkhana, Ambedkar Nagar, Khar West, Mumbai, Maharashtra, 400050",
        "ELEVATOR_CONTACT_LIST": null,
        "ELEVATOR_INTERCOM": null,
        "WORKING_HRS": null,
        "EMPLOYEE_QTY": null,
        "EMPLOYEE_MALE": null,
        "EMPLOYEE_FEMALE": null,
        "EMPLOYEE_DIF_ABLE": null,
        "WORKING_HRS_STR": null,
        "WORKING_HRS_STP": null
      }
    },
    {
      "type": "Feature",
      "id": 848,
      "geometry": {
        "type": "Point",
        "coordinates": [72.83195223736944, 19.051995117303207]
      },
      "properties": {
        "OBJECTID": 848,
        "NAME": "National & Asian Resource Center for Inclusion",
        "TYPE": 4,
        "LOCATION": "20, KC Marg, General Arunkumar Vaidya Nagar, Bandra West, Mumbai, Maharashtra, 400050",
        "ELEVATOR_CONTACT_LIST": null,
        "ELEVATOR_INTERCOM": null,
        "WORKING_HRS": null,
        "EMPLOYEE_QTY": null,
        "EMPLOYEE_MALE": null,
        "EMPLOYEE_FEMALE": null,
        "EMPLOYEE_DIF_ABLE": null,
        "WORKING_HRS_STR": null,
        "WORKING_HRS_STP": null
      }
    },
    {
      "type": "Feature",
      "id": 849,
      "geometry": {
        "type": "Point",
        "coordinates": [72.83703703366794, 19.08098261540426]
      },
      "properties": {
        "OBJECTID": 849,
        "NAME": "Poddar school",
        "TYPE": 4,
        "LOCATION": "Anandilal & Ganesh Podar Society, Saraswati Rd, Santacruz (W), Mumbai, Maharashtra, 400054",
        "ELEVATOR_CONTACT_LIST": null,
        "ELEVATOR_INTERCOM": null,
        "WORKING_HRS": null,
        "EMPLOYEE_QTY": null,
        "EMPLOYEE_MALE": null,
        "EMPLOYEE_FEMALE": null,
        "EMPLOYEE_DIF_ABLE": null,
        "WORKING_HRS_STR": null,
        "WORKING_HRS_STP": null
      }
    },
    {
      "type": "Feature",
      "id": 850,
      "geometry": {
        "type": "Point",
        "coordinates": [72.8350767012795, 19.064308698504316]
      },
      "properties": {
        "OBJECTID": 850,
        "NAME": "R.D. National Collage and S.W.A.Science collage",
        "TYPE": 4,
        "LOCATION": "Next to Burger King, Kamal Building, B/1, New, Linking Rd, Bandra West, Mumbai, Maharashtra, 400050",
        "ELEVATOR_CONTACT_LIST": null,
        "ELEVATOR_INTERCOM": null,
        "WORKING_HRS": null,
        "EMPLOYEE_QTY": null,
        "EMPLOYEE_MALE": null,
        "EMPLOYEE_FEMALE": null,
        "EMPLOYEE_DIF_ABLE": null,
        "WORKING_HRS_STR": null,
        "WORKING_HRS_STP": null
      }
    },
    {
      "type": "Feature",
      "id": 851,
      "geometry": {
        "type": "Point",
        "coordinates": [72.83554874434535, 19.063687754572104]
      },
      "properties": {
        "OBJECTID": 851,
        "NAME": "G.J.Advani Law Collage",
        "TYPE": 4,
        "LOCATION": "G J Advani Law College,Barrister Hotchand Gopaldas Advani Marg, Off Linking Road, Mumbai, Maharashtra, 400050",
        "ELEVATOR_CONTACT_LIST": null,
        "ELEVATOR_INTERCOM": null,
        "WORKING_HRS": null,
        "EMPLOYEE_QTY": null,
        "EMPLOYEE_MALE": null,
        "EMPLOYEE_FEMALE": null,
        "EMPLOYEE_DIF_ABLE": null,
        "WORKING_HRS_STR": null,
        "WORKING_HRS_STP": null
      }
    },
    {
      "type": "Feature",
      "id": 852,
      "geometry": {
        "type": "Point",
        "coordinates": [72.8360067307362, 19.064503107355506]
      },
      "properties": {
        "OBJECTID": 852,
        "NAME": "Thadomal Shahani Engineering collage",
        "TYPE": 4,
        "LOCATION": "Thadomal Shahani Engineering College,Advocate Nari Gursahani, Marg, Off Linking Rd, Bandra West, Mumbai, Maharashtra, 400050",
        "ELEVATOR_CONTACT_LIST": null,
        "ELEVATOR_INTERCOM": null,
        "WORKING_HRS": null,
        "EMPLOYEE_QTY": null,
        "EMPLOYEE_MALE": null,
        "EMPLOYEE_FEMALE": null,
        "EMPLOYEE_DIF_ABLE": null,
        "WORKING_HRS_STR": null,
        "WORKING_HRS_STP": null
      }
    },
    {
      "type": "Feature",
      "id": 853,
      "geometry": {
        "type": "Point",
        "coordinates": [72.83594001135417, 19.064101611108036]
      },
      "properties": {
        "OBJECTID": 853,
        "NAME": "Smt.M.M.K collage",
        "TYPE": 4,
        "LOCATION": "Smt. M.M.K College of Commerce & Economics,Adv, Nari Gursahani Road, T.P.S III, Mumbai, Maharashtra, 400050",
        "ELEVATOR_CONTACT_LIST": null,
        "ELEVATOR_INTERCOM": null,
        "WORKING_HRS": null,
        "EMPLOYEE_QTY": null,
        "EMPLOYEE_MALE": null,
        "EMPLOYEE_FEMALE": null,
        "EMPLOYEE_DIF_ABLE": null,
        "WORKING_HRS_STR": null,
        "WORKING_HRS_STP": null
      }
    },
    {
      "type": "Feature",
      "id": 854,
      "geometry": {
        "type": "Point",
        "coordinates": [72.83818199965002, 19.074751000242735]
      },
      "properties": {
        "OBJECTID": 854,
        "NAME": "Sacred Heart Boy's High School",
        "TYPE": 4,
        "LOCATION": "S.V. Road Church Ave, Road, Ram Krishna Nagar, Santacruz West, Mumbai, Maharashtra, 400054",
        "ELEVATOR_CONTACT_LIST": null,
        "ELEVATOR_INTERCOM": null,
        "WORKING_HRS": null,
        "EMPLOYEE_QTY": null,
        "EMPLOYEE_MALE": null,
        "EMPLOYEE_FEMALE": null,
        "EMPLOYEE_DIF_ABLE": null,
        "WORKING_HRS_STR": null,
        "WORKING_HRS_STP": null
      }
    },
    {
      "type": "Feature",
      "id": 855,
      "geometry": {
        "type": "Point",
        "coordinates": [72.8394610812412, 19.073894412961494]
      },
      "properties": {
        "OBJECTID": 855,
        "NAME": "Hasnabad Municipal School",
        "TYPE": 1,
        "LOCATION": "Hasnabad Municipal School, 2nd Hasnabad Ln, lean, Khar West, Mumbai, Maharashtra, 400052",
        "ELEVATOR_CONTACT_LIST": null,
        "ELEVATOR_INTERCOM": null,
        "WORKING_HRS": null,
        "EMPLOYEE_QTY": null,
        "EMPLOYEE_MALE": null,
        "EMPLOYEE_FEMALE": null,
        "EMPLOYEE_DIF_ABLE": null,
        "WORKING_HRS_STR": null,
        "WORKING_HRS_STP": null
      }
    },
    {
      "type": "Feature",
      "id": 856,
      "geometry": {
        "type": "Point",
        "coordinates": [72.83879488684221, 19.05780715527691]
      },
      "properties": {
        "OBJECTID": 856,
        "NAME": "Navpada Municipal School",
        "TYPE": 1,
        "LOCATION": "Patkar Blocks, Bandra West, Mumbai, Maharashtra, 400050",
        "ELEVATOR_CONTACT_LIST": null,
        "ELEVATOR_INTERCOM": null,
        "WORKING_HRS": null,
        "EMPLOYEE_QTY": null,
        "EMPLOYEE_MALE": null,
        "EMPLOYEE_FEMALE": null,
        "EMPLOYEE_DIF_ABLE": null,
        "WORKING_HRS_STR": null,
        "WORKING_HRS_STP": null
      }
    },
    {
      "type": "Feature",
      "id": 857,
      "geometry": {
        "type": "Point",
        "coordinates": [72.83904433258347, 19.06643737183866]
      },
      "properties": {
        "OBJECTID": 857,
        "NAME": "Guru Nanak High School",
        "TYPE": 4,
        "LOCATION": "Station Road, Near 400052, Govind Dham, Khar East, Mumbai, Maharashtra, 400051",
        "ELEVATOR_CONTACT_LIST": null,
        "ELEVATOR_INTERCOM": null,
        "WORKING_HRS": null,
        "EMPLOYEE_QTY": null,
        "EMPLOYEE_MALE": null,
        "EMPLOYEE_FEMALE": null,
        "EMPLOYEE_DIF_ABLE": null,
        "WORKING_HRS_STR": null,
        "WORKING_HRS_STP": null
      }
    },
    {
      "type": "Feature",
      "id": 858,
      "geometry": {
        "type": "Point",
        "coordinates": [72.83463712764548, 19.056503425973325]
      },
      "properties": {
        "OBJECTID": 858,
        "NAME": "Bandra Petit Municipal School",
        "TYPE": 1,
        "LOCATION": "Plot No-5,Sector-7,near Paradise Colony, Sanpada, Bandra West, Mumbai, Maharashtra, 400705",
        "ELEVATOR_CONTACT_LIST": null,
        "ELEVATOR_INTERCOM": null,
        "WORKING_HRS": null,
        "EMPLOYEE_QTY": null,
        "EMPLOYEE_MALE": null,
        "EMPLOYEE_FEMALE": null,
        "EMPLOYEE_DIF_ABLE": null,
        "WORKING_HRS_STR": null,
        "WORKING_HRS_STP": null
      }
    },
    {
      "type": "Feature",
      "id": 859,
      "geometry": {
        "type": "Point",
        "coordinates": [72.83449137137971, 19.053925972763565]
      },
      "properties": {
        "OBJECTID": 859,
        "NAME": "B.P.E.Society's School",
        "TYPE": 3,
        "LOCATION": "Narayandas Dayabhai Rd, Bandra West, Santosh Nagar, Bandra West, Mumbai, Maharashtra, 400050",
        "ELEVATOR_CONTACT_LIST": null,
        "ELEVATOR_INTERCOM": null,
        "WORKING_HRS": null,
        "EMPLOYEE_QTY": null,
        "EMPLOYEE_MALE": null,
        "EMPLOYEE_FEMALE": null,
        "EMPLOYEE_DIF_ABLE": null,
        "WORKING_HRS_STR": null,
        "WORKING_HRS_STP": null
      }
    },
    {
      "type": "Feature",
      "id": 860,
      "geometry": {
        "type": "Point",
        "coordinates": [72.8379709996413, 19.072344999574256]
      },
      "properties": {
        "OBJECTID": 860,
        "NAME": "Khar Education societys college of commerce and Economic",
        "TYPE": 4,
        "LOCATION": "S. V. Road, Ram Krishna Nagar, Khar West, Mumbai, Maharashtra, 400052",
        "ELEVATOR_CONTACT_LIST": null,
        "ELEVATOR_INTERCOM": null,
        "WORKING_HRS": null,
        "EMPLOYEE_QTY": null,
        "EMPLOYEE_MALE": null,
        "EMPLOYEE_FEMALE": null,
        "EMPLOYEE_DIF_ABLE": null,
        "WORKING_HRS_STR": null,
        "WORKING_HRS_STP": null
      }
    },
    {
      "type": "Feature",
      "id": 861,
      "geometry": {
        "type": "Point",
        "coordinates": [72.82609850429324, 19.06404630573756]
      },
      "properties": {
        "OBJECTID": 861,
        "NAME": "ST.Annes High School",
        "TYPE": 4,
        "LOCATION": "Nargis Dutt Rd, Bandra West, Mumbai, Maharashtra, 400050",
        "ELEVATOR_CONTACT_LIST": null,
        "ELEVATOR_INTERCOM": null,
        "WORKING_HRS": null,
        "EMPLOYEE_QTY": null,
        "EMPLOYEE_MALE": null,
        "EMPLOYEE_FEMALE": null,
        "EMPLOYEE_DIF_ABLE": null,
        "WORKING_HRS_STR": null,
        "WORKING_HRS_STP": null
      }
    },
    {
      "type": "Feature",
      "id": 862,
      "geometry": {
        "type": "Point",
        "coordinates": [72.83241099953977, 19.058827000110554]
      },
      "properties": {
        "OBJECTID": 862,
        "NAME": "Kangaroo Kids",
        "TYPE": 4,
        "LOCATION": "Vijay Vihar, Plot No 116-B, 1st road, Almeida Road, TPS IV, Bandra West, Mumbai, Maharashtra, 400050",
        "ELEVATOR_CONTACT_LIST": null,
        "ELEVATOR_INTERCOM": null,
        "WORKING_HRS": null,
        "EMPLOYEE_QTY": null,
        "EMPLOYEE_MALE": null,
        "EMPLOYEE_FEMALE": null,
        "EMPLOYEE_DIF_ABLE": null,
        "WORKING_HRS_STR": null,
        "WORKING_HRS_STP": null
      }
    },
    {
      "type": "Feature",
      "id": 863,
      "geometry": {
        "type": "Point",
        "coordinates": [72.832675091904, 19.060774575637698]
      },
      "properties": {
        "OBJECTID": 863,
        "NAME": "Duruel Convent School",
        "TYPE": 4,
        "LOCATION": "Rd Number 24, Bandra West, Mumbai, Maharashtra, 400050",
        "ELEVATOR_CONTACT_LIST": null,
        "ELEVATOR_INTERCOM": null,
        "WORKING_HRS": null,
        "EMPLOYEE_QTY": null,
        "EMPLOYEE_MALE": null,
        "EMPLOYEE_FEMALE": null,
        "EMPLOYEE_DIF_ABLE": null,
        "WORKING_HRS_STR": null,
        "WORKING_HRS_STP": null
      }
    },
    {
      "type": "Feature",
      "id": 864,
      "geometry": {
        "type": "Point",
        "coordinates": [72.83765260096422, 19.072205177190316]
      },
      "properties": {
        "OBJECTID": 864,
        "NAME": "Pupils Own school",
        "TYPE": 4,
        "LOCATION": "757, 2nd Rd, Ram Krishna Nagar, Khar West, Mumbai, Maharashtra, 400052",
        "ELEVATOR_CONTACT_LIST": null,
        "ELEVATOR_INTERCOM": null,
        "WORKING_HRS": null,
        "EMPLOYEE_QTY": null,
        "EMPLOYEE_MALE": null,
        "EMPLOYEE_FEMALE": null,
        "EMPLOYEE_DIF_ABLE": null,
        "WORKING_HRS_STR": null,
        "WORKING_HRS_STP": null
      }
    },
    {
      "type": "Feature",
      "id": 865,
      "geometry": {
        "type": "Point",
        "coordinates": [72.83581830580256, 19.071277056169176]
      },
      "properties": {
        "OBJECTID": 865,
        "NAME": "Kamla Junior College/Kamla High School",
        "TYPE": 4,
        "LOCATION": "11th Road, Nirmaldas Gurbakshani Marg, Near Madhu Park, Khar West, Shiv Kutir, Khar West, Mumbai, Maharashtra, 400052",
        "ELEVATOR_CONTACT_LIST": null,
        "ELEVATOR_INTERCOM": null,
        "WORKING_HRS": null,
        "EMPLOYEE_QTY": null,
        "EMPLOYEE_MALE": null,
        "EMPLOYEE_FEMALE": null,
        "EMPLOYEE_DIF_ABLE": null,
        "WORKING_HRS_STR": null,
        "WORKING_HRS_STP": null
      }
    },
    {
      "type": "Feature",
      "id": 866,
      "geometry": {
        "type": "Point",
        "coordinates": [72.83385399988995, 19.068967000260535]
      },
      "properties": {
        "OBJECTID": 866,
        "NAME": "Poddar international school.",
        "TYPE": 4,
        "LOCATION": "710, Linking Rd, Khar West, Mumbai, Maharashtra, 400052",
        "ELEVATOR_CONTACT_LIST": null,
        "ELEVATOR_INTERCOM": null,
        "WORKING_HRS": null,
        "EMPLOYEE_QTY": null,
        "EMPLOYEE_MALE": null,
        "EMPLOYEE_FEMALE": null,
        "EMPLOYEE_DIF_ABLE": null,
        "WORKING_HRS_STR": null,
        "WORKING_HRS_STP": null
      }
    },
    {
      "type": "Feature",
      "id": 867,
      "geometry": {
        "type": "Point",
        "coordinates": [72.84075326639497, 19.08917462034228]
      },
      "properties": {
        "OBJECTID": 867,
        "NAME": "Khotwadi Muncipal School",
        "TYPE": 1,
        "LOCATION": "5th Rd, MSEB Colony, Santacruz West, Mumbai, Maharashtra, 400054",
        "ELEVATOR_CONTACT_LIST": null,
        "ELEVATOR_INTERCOM": null,
        "WORKING_HRS": null,
        "EMPLOYEE_QTY": null,
        "EMPLOYEE_MALE": null,
        "EMPLOYEE_FEMALE": null,
        "EMPLOYEE_DIF_ABLE": null,
        "WORKING_HRS_STR": null,
        "WORKING_HRS_STP": null
      }
    },
    {
      "type": "Feature",
      "id": 868,
      "geometry": {
        "type": "Point",
        "coordinates": [72.83272873573772, 19.070616372846416]
      },
      "properties": {
        "OBJECTID": 868,
        "NAME": "Laxmi Nagar Municipal School (Mumbai Public School)",
        "TYPE": 1,
        "LOCATION": "13th Road, Khar West, Khar, Khar West, Mumbai, Maharashtra, 400054",
        "ELEVATOR_CONTACT_LIST": null,
        "ELEVATOR_INTERCOM": null,
        "WORKING_HRS": null,
        "EMPLOYEE_QTY": null,
        "EMPLOYEE_MALE": null,
        "EMPLOYEE_FEMALE": null,
        "EMPLOYEE_DIF_ABLE": null,
        "WORKING_HRS_STR": null,
        "WORKING_HRS_STP": null
      }
    },
    {
      "type": "Feature",
      "id": 869,
      "geometry": {
        "type": "Point",
        "coordinates": [72.83427608796835, 19.082218199955896]
      },
      "properties": {
        "OBJECTID": 869,
        "NAME": "ST Lawrence School",
        "TYPE": 4,
        "LOCATION": "60, Linking Rd, GOI Staff Colony, Santacruz West, Mumbai, Maharashtra, 400054",
        "ELEVATOR_CONTACT_LIST": null,
        "ELEVATOR_INTERCOM": null,
        "WORKING_HRS": null,
        "EMPLOYEE_QTY": null,
        "EMPLOYEE_MALE": null,
        "EMPLOYEE_FEMALE": null,
        "EMPLOYEE_DIF_ABLE": null,
        "WORKING_HRS_STR": null,
        "WORKING_HRS_STP": null
      }
    },
    {
      "type": "Feature",
      "id": 870,
      "geometry": {
        "type": "Point",
        "coordinates": [72.83707913755025, 19.081220976275976]
      },
      "properties": {
        "OBJECTID": 870,
        "NAME": "Lilavatibai Secondary School",
        "TYPE": 4,
        "LOCATION": "Tower Building, Saraswati Rd, Santacruz West, Mumbai, Maharashtra, 400054",
        "ELEVATOR_CONTACT_LIST": null,
        "ELEVATOR_INTERCOM": null,
        "WORKING_HRS": null,
        "EMPLOYEE_QTY": null,
        "EMPLOYEE_MALE": null,
        "EMPLOYEE_FEMALE": null,
        "EMPLOYEE_DIF_ABLE": null,
        "WORKING_HRS_STR": null,
        "WORKING_HRS_STP": null
      }
    },
    {
      "type": "Feature",
      "id": 871,
      "geometry": {
        "type": "Point",
        "coordinates": [72.832698561173, 19.086020852871172]
      },
      "properties": {
        "OBJECTID": 871,
        "NAME": "Smt Kapila Khandvala Collage Of Education",
        "TYPE": 4,
        "LOCATION": "Juhu Tara Road, Next to Raheja College, STY Relief Rd, Shastri Nagar, Santacruz West, Mumbai, Maharashtra, 400054",
        "ELEVATOR_CONTACT_LIST": null,
        "ELEVATOR_INTERCOM": null,
        "WORKING_HRS": null,
        "EMPLOYEE_QTY": null,
        "EMPLOYEE_MALE": null,
        "EMPLOYEE_FEMALE": null,
        "EMPLOYEE_DIF_ABLE": null,
        "WORKING_HRS_STR": null,
        "WORKING_HRS_STP": null
      }
    },
    {
      "type": "Feature",
      "id": 885,
      "geometry": {
        "type": "Point",
        "coordinates": [72.84848202021409, 19.12763486984806]
      },
      "properties": {
        "OBJECTID": 885,
        "NAME": "Smt.Ramalakshmi Narendra Sheth Vidyamandir",
        "TYPE": 4,
        "LOCATION": "The Hindu Friends Society Marg, Mogra Pada, Natwar Nagar, Jogeshwari East, Mumbai, Maharashtra, 400053",
        "ELEVATOR_CONTACT_LIST": null,
        "ELEVATOR_INTERCOM": null,
        "WORKING_HRS": null,
        "EMPLOYEE_QTY": null,
        "EMPLOYEE_MALE": null,
        "EMPLOYEE_FEMALE": null,
        "EMPLOYEE_DIF_ABLE": null,
        "WORKING_HRS_STR": null,
        "WORKING_HRS_STP": null
      }
    },
    {
      "type": "Feature",
      "id": 886,
      "geometry": {
        "type": "Point",
        "coordinates": [72.85236954702867, 19.106034460668713]
      },
      "properties": {
        "OBJECTID": 886,
        "NAME": "Madhav Rao Bhagvat Highschool",
        "TYPE": 4,
        "LOCATION": "Paranjape Scheme B Road Number 1, Navpada, Vile Parle East, Vile Parle, Mumbai, Maharashtra, 400057",
        "ELEVATOR_CONTACT_LIST": null,
        "ELEVATOR_INTERCOM": null,
        "WORKING_HRS": null,
        "EMPLOYEE_QTY": null,
        "EMPLOYEE_MALE": null,
        "EMPLOYEE_FEMALE": null,
        "EMPLOYEE_DIF_ABLE": null,
        "WORKING_HRS_STR": null,
        "WORKING_HRS_STP": null
      }
    },
    {
      "type": "Feature",
      "id": 887,
      "geometry": {
        "type": "Point",
        "coordinates": [72.85231221469705, 19.105743315377342]
      },
      "properties": {
        "OBJECTID": 887,
        "NAME": "L.J.N.J. Women'S College",
        "TYPE": 4,
        "LOCATION": "Mangalayatan, Paranjape B Scheme, Road 1, Vile Parle East, Mumbai, Maharashtra, 400057",
        "ELEVATOR_CONTACT_LIST": null,
        "ELEVATOR_INTERCOM": null,
        "WORKING_HRS": null,
        "EMPLOYEE_QTY": null,
        "EMPLOYEE_MALE": null,
        "EMPLOYEE_FEMALE": null,
        "EMPLOYEE_DIF_ABLE": null,
        "WORKING_HRS_STR": null,
        "WORKING_HRS_STP": null
      }
    },
    {
      "type": "Feature",
      "id": 888,
      "geometry": {
        "type": "Point",
        "coordinates": [72.85136640080982, 19.10307925742]
      },
      "properties": {
        "OBJECTID": 888,
        "NAME": "Prarthana Samaj Primary School",
        "TYPE": 4,
        "LOCATION": "Prarthana Samaj Marg, Vile Parle East, Mumbai, Maharashtra, 400057",
        "ELEVATOR_CONTACT_LIST": null,
        "ELEVATOR_INTERCOM": null,
        "WORKING_HRS": null,
        "EMPLOYEE_QTY": null,
        "EMPLOYEE_MALE": null,
        "EMPLOYEE_FEMALE": null,
        "EMPLOYEE_DIF_ABLE": null,
        "WORKING_HRS_STR": null,
        "WORKING_HRS_STP": null
      }
    },
    {
      "type": "Feature",
      "id": 889,
      "geometry": {
        "type": "Point",
        "coordinates": [72.84645058184095, 19.105123638442606]
      },
      "properties": {
        "OBJECTID": 889,
        "NAME": "Shri Gpm College Of Science And Commerce",
        "TYPE": 4,
        "LOCATION": "Mahatma Gandhi Road, Vishnu Prasad Society, Navpada, Vile Parle East, Vile Parle, Mumbai, Maharashtra, 400057",
        "ELEVATOR_CONTACT_LIST": null,
        "ELEVATOR_INTERCOM": null,
        "WORKING_HRS": null,
        "EMPLOYEE_QTY": null,
        "EMPLOYEE_MALE": null,
        "EMPLOYEE_FEMALE": null,
        "EMPLOYEE_DIF_ABLE": null,
        "WORKING_HRS_STR": null,
        "WORKING_HRS_STP": null
      }
    },
    {
      "type": "Feature",
      "id": 890,
      "geometry": {
        "type": "Point",
        "coordinates": [72.85130269791323, 19.127863258425876]
      },
      "properties": {
        "OBJECTID": 890,
        "NAME": "Shri Govind Balmandir",
        "TYPE": 4,
        "LOCATION": "Sai Wadi, Natwar Nagar, Jogeshwari East, Mumbai, Maharashtra, 400053",
        "ELEVATOR_CONTACT_LIST": null,
        "ELEVATOR_INTERCOM": null,
        "WORKING_HRS": null,
        "EMPLOYEE_QTY": null,
        "EMPLOYEE_MALE": null,
        "EMPLOYEE_FEMALE": null,
        "EMPLOYEE_DIF_ABLE": null,
        "WORKING_HRS_STR": null,
        "WORKING_HRS_STP": null
      }
    },
    {
      "type": "Feature",
      "id": 891,
      "geometry": {
        "type": "Point",
        "coordinates": [72.84984324114254, 19.130691948936203]
      },
      "properties": {
        "OBJECTID": 891,
        "NAME": "Jes English School",
        "TYPE": 4,
        "LOCATION": "KGS Society, Natwar Nagar, Jogeshwari East, Mumbai, Maharashtra, 400060",
        "ELEVATOR_CONTACT_LIST": null,
        "ELEVATOR_INTERCOM": null,
        "WORKING_HRS": null,
        "EMPLOYEE_QTY": null,
        "EMPLOYEE_MALE": null,
        "EMPLOYEE_FEMALE": null,
        "EMPLOYEE_DIF_ABLE": null,
        "WORKING_HRS_STR": null,
        "WORKING_HRS_STP": null
      }
    },
    {
      "type": "Feature",
      "id": 892,
      "geometry": {
        "type": "Point",
        "coordinates": [72.84900438033567, 19.103930847762644]
      },
      "properties": {
        "OBJECTID": 892,
        "NAME": "Greater Mumbai Education Society School",
        "TYPE": 3,
        "LOCATION": "Om Shri Siddhivinayak Society, Navpada, Paranjape Nagar, Vishnu Prasad Society, Navpada, Vile Parle East, Mumbai, Maharashtra, 400057",
        "ELEVATOR_CONTACT_LIST": null,
        "ELEVATOR_INTERCOM": null,
        "WORKING_HRS": null,
        "EMPLOYEE_QTY": null,
        "EMPLOYEE_MALE": null,
        "EMPLOYEE_FEMALE": null,
        "EMPLOYEE_DIF_ABLE": null,
        "WORKING_HRS_STR": null,
        "WORKING_HRS_STP": null
      }
    },
    {
      "type": "Feature",
      "id": 893,
      "geometry": {
        "type": "Point",
        "coordinates": [72.84808639378966, 19.104209958080453]
      },
      "properties": {
        "OBJECTID": 893,
        "NAME": "Ramabai Paranjape Balmandir",
        "TYPE": 4,
        "LOCATION": "Parle Tilak Vidyalay Road , Near Cosmos Bank, East Vile Parle, Mumbai, Maharashtra, 400057",
        "ELEVATOR_CONTACT_LIST": null,
        "ELEVATOR_INTERCOM": null,
        "WORKING_HRS": null,
        "EMPLOYEE_QTY": null,
        "EMPLOYEE_MALE": null,
        "EMPLOYEE_FEMALE": null,
        "EMPLOYEE_DIF_ABLE": null,
        "WORKING_HRS_STR": null,
        "WORKING_HRS_STP": null
      }
    },
    {
      "type": "Feature",
      "id": 894,
      "geometry": {
        "type": "Point",
        "coordinates": [72.84795153798235, 19.10371048699333]
      },
      "properties": {
        "OBJECTID": 894,
        "NAME": "Parle Tilak Vidhyalay",
        "TYPE": 4,
        "LOCATION": "Hanuman Road, Vishnu Prasad Society, Navpada, Vile Parle East, Vile Parle, Mumbai, Maharashtra, 400057",
        "ELEVATOR_CONTACT_LIST": null,
        "ELEVATOR_INTERCOM": null,
        "WORKING_HRS": null,
        "EMPLOYEE_QTY": null,
        "EMPLOYEE_MALE": null,
        "EMPLOYEE_FEMALE": null,
        "EMPLOYEE_DIF_ABLE": null,
        "WORKING_HRS_STR": null,
        "WORKING_HRS_STP": null
      }
    },
    {
      "type": "Feature",
      "id": 895,
      "geometry": {
        "type": "Point",
        "coordinates": [72.85090788648752, 19.1177488190407]
      },
      "properties": {
        "OBJECTID": 895,
        "NAME": "Shri G.P.M Degree College",
        "TYPE": 4,
        "LOCATION": "Rajarshi Sahu Maharaj Road Rajarshi Sahu Maharaj Road Andheri, Bima Nagar, Andheri East, Mumbai, Maharashtra, 400069",
        "ELEVATOR_CONTACT_LIST": null,
        "ELEVATOR_INTERCOM": null,
        "WORKING_HRS": null,
        "EMPLOYEE_QTY": null,
        "EMPLOYEE_MALE": null,
        "EMPLOYEE_FEMALE": null,
        "EMPLOYEE_DIF_ABLE": null,
        "WORKING_HRS_STR": null,
        "WORKING_HRS_STP": null
      }
    },
    {
      "type": "Feature",
      "id": 896,
      "geometry": {
        "type": "Point",
        "coordinates": [72.84812671209505, 19.10263046061996]
      },
      "properties": {
        "OBJECTID": 896,
        "NAME": "B.L.Ruia Highschool",
        "TYPE": 4,
        "LOCATION": "Mahant Road, Opposite Gopal Vishnu Building, Vile Parle East, Mumbai, Maharashtra, 400057",
        "ELEVATOR_CONTACT_LIST": null,
        "ELEVATOR_INTERCOM": null,
        "WORKING_HRS": null,
        "EMPLOYEE_QTY": null,
        "EMPLOYEE_MALE": null,
        "EMPLOYEE_FEMALE": null,
        "EMPLOYEE_DIF_ABLE": null,
        "WORKING_HRS_STR": null,
        "WORKING_HRS_STP": null
      }
    },
    {
      "type": "Feature",
      "id": 897,
      "geometry": {
        "type": "Point",
        "coordinates": [72.84686632489101, 19.096245144248282]
      },
      "properties": {
        "OBJECTID": 897,
        "NAME": "Nitin Godiwala Junior College Of Commerce",
        "TYPE": 4,
        "LOCATION": "Dixit Cross Road No. 1, Mumbai, Maharashtra, 400057",
        "ELEVATOR_CONTACT_LIST": null,
        "ELEVATOR_INTERCOM": null,
        "WORKING_HRS": null,
        "EMPLOYEE_QTY": null,
        "EMPLOYEE_MALE": null,
        "EMPLOYEE_FEMALE": null,
        "EMPLOYEE_DIF_ABLE": null,
        "WORKING_HRS_STR": null,
        "WORKING_HRS_STP": null
      }
    },
    {
      "type": "Feature",
      "id": 898,
      "geometry": {
        "type": "Point",
        "coordinates": [72.85027843015183, 19.135538621975023]
      },
      "properties": {
        "OBJECTID": 898,
        "NAME": "Aravind Gandbhir High School",
        "TYPE": 4,
        "LOCATION": "J.E.S. Compound, Caves Road, Near I.Y. College Campus, Natwar Nagar, Jogeshwari East, Mumbai, Maharashtra, 400060",
        "ELEVATOR_CONTACT_LIST": null,
        "ELEVATOR_INTERCOM": null,
        "WORKING_HRS": null,
        "EMPLOYEE_QTY": null,
        "EMPLOYEE_MALE": null,
        "EMPLOYEE_FEMALE": null,
        "EMPLOYEE_DIF_ABLE": null,
        "WORKING_HRS_STR": null,
        "WORKING_HRS_STP": null
      }
    },
    {
      "type": "Feature",
      "id": 899,
      "geometry": {
        "type": "Point",
        "coordinates": [72.86465439890787, 19.12859466704794]
      },
      "properties": {
        "OBJECTID": 899,
        "NAME": "Tolani College Of Commerce",
        "TYPE": 4,
        "LOCATION": "Guru Gobind Singh Marg, Madhukunj Society, Sher E Punjab Colony, Andheri East, Mumbai, Maharashtra, 400093",
        "ELEVATOR_CONTACT_LIST": null,
        "ELEVATOR_INTERCOM": null,
        "WORKING_HRS": null,
        "EMPLOYEE_QTY": null,
        "EMPLOYEE_MALE": null,
        "EMPLOYEE_FEMALE": null,
        "EMPLOYEE_DIF_ABLE": null,
        "WORKING_HRS_STR": null,
        "WORKING_HRS_STP": null
      }
    },
    {
      "type": "Feature",
      "id": 900,
      "geometry": {
        "type": "Point",
        "coordinates": [72.86587648142954, 19.124097824336957]
      },
      "properties": {
        "OBJECTID": 900,
        "NAME": "Gyan Ashram",
        "TYPE": 4,
        "LOCATION": "Gyan Ashram Campus, Mahakali Caves Road, Andheri East, Mumbai, Maharashtra, 400093",
        "ELEVATOR_CONTACT_LIST": null,
        "ELEVATOR_INTERCOM": null,
        "WORKING_HRS": null,
        "EMPLOYEE_QTY": null,
        "EMPLOYEE_MALE": null,
        "EMPLOYEE_FEMALE": null,
        "EMPLOYEE_DIF_ABLE": null,
        "WORKING_HRS_STR": null,
        "WORKING_HRS_STP": null
      }
    },
    {
      "type": "Feature",
      "id": 901,
      "geometry": {
        "type": "Point",
        "coordinates": [72.86704827078917, 19.12401419574476]
      },
      "properties": {
        "OBJECTID": 901,
        "NAME": "St. Arnolds Highschool & Junior College",
        "TYPE": 4,
        "LOCATION": "GYAN ASHRAM CAMPUS, Mahakali Caves Road, Subhash Nagar, ANDHERI (E, Mumbai, Maharashtra, 400093",
        "ELEVATOR_CONTACT_LIST": null,
        "ELEVATOR_INTERCOM": null,
        "WORKING_HRS": null,
        "EMPLOYEE_QTY": null,
        "EMPLOYEE_MALE": null,
        "EMPLOYEE_FEMALE": null,
        "EMPLOYEE_DIF_ABLE": null,
        "WORKING_HRS_STR": null,
        "WORKING_HRS_STP": null
      }
    },
    {
      "type": "Feature",
      "id": 902,
      "geometry": {
        "type": "Point",
        "coordinates": [72.86128319796809, 19.1088784151382]
      },
      "properties": {
        "OBJECTID": 902,
        "NAME": "Chakala Municipal School",
        "TYPE": 1,
        "LOCATION": "Chakala, Hanuman Nagar, Andheri East, Mumbai, Maharashtra, 400099",
        "ELEVATOR_CONTACT_LIST": null,
        "ELEVATOR_INTERCOM": null,
        "WORKING_HRS": null,
        "EMPLOYEE_QTY": null,
        "EMPLOYEE_MALE": null,
        "EMPLOYEE_FEMALE": null,
        "EMPLOYEE_DIF_ABLE": null,
        "WORKING_HRS_STR": null,
        "WORKING_HRS_STP": null
      }
    },
    {
      "type": "Feature",
      "id": 903,
      "geometry": {
        "type": "Point",
        "coordinates": [72.88149297192805, 19.115026791348765]
      },
      "properties": {
        "OBJECTID": 903,
        "NAME": "Mapkhan Highschool And Junior College",
        "TYPE": 4,
        "LOCATION": "Sankasth Pada Welfare Society, Marol, Andheri East, Mumbai, Maharashtra, 400059",
        "ELEVATOR_CONTACT_LIST": null,
        "ELEVATOR_INTERCOM": null,
        "WORKING_HRS": null,
        "EMPLOYEE_QTY": null,
        "EMPLOYEE_MALE": null,
        "EMPLOYEE_FEMALE": null,
        "EMPLOYEE_DIF_ABLE": null,
        "WORKING_HRS_STR": null,
        "WORKING_HRS_STP": null
      }
    },
    {
      "type": "Feature",
      "id": 904,
      "geometry": {
        "type": "Point",
        "coordinates": [72.87536345425794, 19.11266732170935]
      },
      "properties": {
        "OBJECTID": 904,
        "NAME": "St. John The Evangelist High School",
        "TYPE": 4,
        "LOCATION": "Marol Church Road, Bori Colony, Vijay Nagar Colony West, Marol, Andheri East, Mumbai, Maharashtra, 400059",
        "ELEVATOR_CONTACT_LIST": null,
        "ELEVATOR_INTERCOM": null,
        "WORKING_HRS": null,
        "EMPLOYEE_QTY": null,
        "EMPLOYEE_MALE": null,
        "EMPLOYEE_FEMALE": null,
        "EMPLOYEE_DIF_ABLE": null,
        "WORKING_HRS_STR": null,
        "WORKING_HRS_STP": null
      }
    },
    {
      "type": "Feature",
      "id": 905,
      "geometry": {
        "type": "Point",
        "coordinates": [72.86271616835813, 19.11414199407908]
      },
      "properties": {
        "OBJECTID": 905,
        "NAME": "Crisil House School",
        "TYPE": 4,
        "LOCATION": "Hanuman Nagar, Andheri East, Mumbai, Maharashtra, 400053",
        "ELEVATOR_CONTACT_LIST": null,
        "ELEVATOR_INTERCOM": null,
        "WORKING_HRS": null,
        "EMPLOYEE_QTY": null,
        "EMPLOYEE_MALE": null,
        "EMPLOYEE_FEMALE": null,
        "EMPLOYEE_DIF_ABLE": null,
        "WORKING_HRS_STR": null,
        "WORKING_HRS_STP": null
      }
    },
    {
      "type": "Feature",
      "id": 906,
      "geometry": {
        "type": "Point",
        "coordinates": [72.86367103490916, 19.113061729707628]
      },
      "properties": {
        "OBJECTID": 906,
        "NAME": "Divine Child Highschool",
        "TYPE": 4,
        "LOCATION": "Sir Mathurdas Vasanji Road, Near Sangam Theatre, Chakala, Andheri East, Mumbai, Maharashtra, 400093",
        "ELEVATOR_CONTACT_LIST": null,
        "ELEVATOR_INTERCOM": null,
        "WORKING_HRS": null,
        "EMPLOYEE_QTY": null,
        "EMPLOYEE_MALE": null,
        "EMPLOYEE_FEMALE": null,
        "EMPLOYEE_DIF_ABLE": null,
        "WORKING_HRS_STR": null,
        "WORKING_HRS_STP": null
      }
    },
    {
      "type": "Feature",
      "id": 907,
      "geometry": {
        "type": "Point",
        "coordinates": [72.85330300011599, 19.116642999656936]
      },
      "properties": {
        "OBJECTID": 907,
        "NAME": "Gundavali Mumbai Public School",
        "TYPE": 1,
        "LOCATION": "Bima Nagar, Andheri East, Mumbai, Maharashtra, 400053",
        "ELEVATOR_CONTACT_LIST": null,
        "ELEVATOR_INTERCOM": null,
        "WORKING_HRS": null,
        "EMPLOYEE_QTY": null,
        "EMPLOYEE_MALE": null,
        "EMPLOYEE_FEMALE": null,
        "EMPLOYEE_DIF_ABLE": null,
        "WORKING_HRS_STR": null,
        "WORKING_HRS_STP": null
      }
    },
    {
      "type": "Feature",
      "id": 908,
      "geometry": {
        "type": "Point",
        "coordinates": [72.8556510002681, 19.132030000178016]
      },
      "properties": {
        "OBJECTID": 908,
        "NAME": "Koliwada Gumpha Municipal School",
        "TYPE": 1,
        "LOCATION": "Near Gulabi Building, Shivaji Nagar, Shankarwadi, Near Viva Hub, Western Express highway, Jogeshwari East, Mumbai, Maharashtra, 400060",
        "ELEVATOR_CONTACT_LIST": null,
        "ELEVATOR_INTERCOM": null,
        "WORKING_HRS": null,
        "EMPLOYEE_QTY": null,
        "EMPLOYEE_MALE": null,
        "EMPLOYEE_FEMALE": null,
        "EMPLOYEE_DIF_ABLE": null,
        "WORKING_HRS_STR": null,
        "WORKING_HRS_STP": null
      }
    },
    {
      "type": "Feature",
      "id": 909,
      "geometry": {
        "type": "Point",
        "coordinates": [72.8780309997146, 19.112969000021366]
      },
      "properties": {
        "OBJECTID": 909,
        "NAME": "Marol Municipal Hindi 2 School",
        "TYPE": 1,
        "LOCATION": "Maroshi Rd, J.V. Nagar, Marol Village, Andheri East, Mumbai, Maharashtra, 400059",
        "ELEVATOR_CONTACT_LIST": null,
        "ELEVATOR_INTERCOM": null,
        "WORKING_HRS": null,
        "EMPLOYEE_QTY": null,
        "EMPLOYEE_MALE": null,
        "EMPLOYEE_FEMALE": null,
        "EMPLOYEE_DIF_ABLE": null,
        "WORKING_HRS_STR": null,
        "WORKING_HRS_STP": null
      }
    },
    {
      "type": "Feature",
      "id": 910,
      "geometry": {
        "type": "Point",
        "coordinates": [72.88141200001459, 19.12369500025245]
      },
      "properties": {
        "OBJECTID": 910,
        "NAME": "Marol Police Camp Upper Primary Municipal Marathi School",
        "TYPE": 1,
        "LOCATION": "Vijay Nagar, Marol Maroshi Road, Andheri East, Mumbai, Maharashtra, 400059,",
        "ELEVATOR_CONTACT_LIST": null,
        "ELEVATOR_INTERCOM": null,
        "WORKING_HRS": null,
        "EMPLOYEE_QTY": null,
        "EMPLOYEE_MALE": null,
        "EMPLOYEE_FEMALE": null,
        "EMPLOYEE_DIF_ABLE": null,
        "WORKING_HRS_STR": null,
        "WORKING_HRS_STP": null
      }
    },
    {
      "type": "Feature",
      "id": 911,
      "geometry": {
        "type": "Point",
        "coordinates": [72.85993600007048, 19.13158899989678]
      },
      "properties": {
        "OBJECTID": 911,
        "NAME": "Meghwadi Municipal School",
        "TYPE": 1,
        "LOCATION": "13, Shani Maharaj Mandir Rd, Saraswati Baug, Shivaji Nagar, Shankarwadi, Jogeshwari East, Mumbai, Maharashtra, 400060",
        "ELEVATOR_CONTACT_LIST": null,
        "ELEVATOR_INTERCOM": null,
        "WORKING_HRS": null,
        "EMPLOYEE_QTY": null,
        "EMPLOYEE_MALE": null,
        "EMPLOYEE_FEMALE": null,
        "EMPLOYEE_DIF_ABLE": null,
        "WORKING_HRS_STR": null,
        "WORKING_HRS_STP": null
      }
    },
    {
      "type": "Feature",
      "id": 912,
      "geometry": {
        "type": "Point",
        "coordinates": [72.84836000027337, 19.127399000223704]
      },
      "properties": {
        "OBJECTID": 912,
        "NAME": "Mograpada Lower Primary Urdu School",
        "TYPE": 1,
        "LOCATION": "B,408, The Hindu Friends Society Marg, Mogra Pada, Natwar Nagar, Jogeshwari East, Mumbai, Maharashtra, 400053",
        "ELEVATOR_CONTACT_LIST": null,
        "ELEVATOR_INTERCOM": null,
        "WORKING_HRS": null,
        "EMPLOYEE_QTY": null,
        "EMPLOYEE_MALE": null,
        "EMPLOYEE_FEMALE": null,
        "EMPLOYEE_DIF_ABLE": null,
        "WORKING_HRS_STR": null,
        "WORKING_HRS_STP": null
      }
    },
    {
      "type": "Feature",
      "id": 913,
      "geometry": {
        "type": "Point",
        "coordinates": [72.84902576481328, 19.133359294293967]
      },
      "properties": {
        "OBJECTID": 913,
        "NAME": "Natavar Nagar Municipal School",
        "TYPE": 1,
        "LOCATION": "RK Singh Marg, Saraswati Baug, Natwar Nagar, Jogeshwari East, Mumbai, Maharashtra, 400053",
        "ELEVATOR_CONTACT_LIST": null,
        "ELEVATOR_INTERCOM": null,
        "WORKING_HRS": null,
        "EMPLOYEE_QTY": null,
        "EMPLOYEE_MALE": null,
        "EMPLOYEE_FEMALE": null,
        "EMPLOYEE_DIF_ABLE": null,
        "WORKING_HRS_STR": null,
        "WORKING_HRS_STP": null
      }
    },
    {
      "type": "Feature",
      "id": 914,
      "geometry": {
        "type": "Point",
        "coordinates": [72.85110600032161, 19.117730999834386]
      },
      "properties": {
        "OBJECTID": 914,
        "NAME": "Rajrshi Shahu Maharaj Marg Municipal School",
        "TYPE": 1,
        "LOCATION": "45, Rajashree Sahu Marg, Bima Nagar, Andheri East, Mumbai, Maharashtra, 400053",
        "ELEVATOR_CONTACT_LIST": null,
        "ELEVATOR_INTERCOM": null,
        "WORKING_HRS": null,
        "EMPLOYEE_QTY": null,
        "EMPLOYEE_MALE": null,
        "EMPLOYEE_FEMALE": null,
        "EMPLOYEE_DIF_ABLE": null,
        "WORKING_HRS_STR": null,
        "WORKING_HRS_STP": null
      }
    },
    {
      "type": "Feature",
      "id": 915,
      "geometry": {
        "type": "Point",
        "coordinates": [72.8853191527205, 19.107568650419097]
      },
      "properties": {
        "OBJECTID": 915,
        "NAME": "Saag Baug Municipal School",
        "TYPE": 1,
        "LOCATION": "Saag Baug, Andheri Kurla Road, Near Mithi River, Sakinaka  Andheri East, Mumbai, Maharashtra, 400059",
        "ELEVATOR_CONTACT_LIST": null,
        "ELEVATOR_INTERCOM": null,
        "WORKING_HRS": null,
        "EMPLOYEE_QTY": null,
        "EMPLOYEE_MALE": null,
        "EMPLOYEE_FEMALE": null,
        "EMPLOYEE_DIF_ABLE": null,
        "WORKING_HRS_STR": null,
        "WORKING_HRS_STP": null
      }
    },
    {
      "type": "Feature",
      "id": 916,
      "geometry": {
        "type": "Point",
        "coordinates": [72.85027600033209, 19.121706999885834]
      },
      "properties": {
        "OBJECTID": 916,
        "NAME": "Sambhaji Nagar Upper Primary Marathi Municipal School",
        "TYPE": 1,
        "LOCATION": "Dr S Radha Krishnan Rd, Patel Wadi, Azad Nagar, Andheri East, Mumbai, Maharashtra, 400053",
        "ELEVATOR_CONTACT_LIST": null,
        "ELEVATOR_INTERCOM": null,
        "WORKING_HRS": null,
        "EMPLOYEE_QTY": null,
        "EMPLOYEE_MALE": null,
        "EMPLOYEE_FEMALE": null,
        "EMPLOYEE_DIF_ABLE": null,
        "WORKING_HRS_STR": null,
        "WORKING_HRS_STP": null
      }
    },
    {
      "type": "Feature",
      "id": 917,
      "geometry": {
        "type": "Point",
        "coordinates": [72.8587190004668, 19.130305000223363]
      },
      "properties": {
        "OBJECTID": 917,
        "NAME": "Shankarwadi Municipal School (Shala Sankul)",
        "TYPE": 1,
        "LOCATION": "Shahid Rd, Amina Nagar, Shahid Rd, Amina Nagar, Shivaji Nagar, Shankarwadi, Jogeshwari East, Mumbai, Maharashtra, 400060",
        "ELEVATOR_CONTACT_LIST": null,
        "ELEVATOR_INTERCOM": null,
        "WORKING_HRS": null,
        "EMPLOYEE_QTY": null,
        "EMPLOYEE_MALE": null,
        "EMPLOYEE_FEMALE": null,
        "EMPLOYEE_DIF_ABLE": null,
        "WORKING_HRS_STR": null,
        "WORKING_HRS_STP": null
      }
    },
    {
      "type": "Feature",
      "id": 918,
      "geometry": {
        "type": "Point",
        "coordinates": [72.84099600029809, 19.105262999702084]
      },
      "properties": {
        "OBJECTID": 918,
        "NAME": "Vileparle Paschim Municipal School",
        "TYPE": 1,
        "LOCATION": "Shankar Dhara, B Singhpath Road, Pond Gaothan, Navpada, Kamala Nagar, Vile Parle West, Mumbai, Maharashtra 400056",
        "ELEVATOR_CONTACT_LIST": null,
        "ELEVATOR_INTERCOM": null,
        "WORKING_HRS": null,
        "EMPLOYEE_QTY": null,
        "EMPLOYEE_MALE": null,
        "EMPLOYEE_FEMALE": null,
        "EMPLOYEE_DIF_ABLE": null,
        "WORKING_HRS_STR": null,
        "WORKING_HRS_STP": null
      }
    },
    {
      "type": "Feature",
      "id": 919,
      "geometry": {
        "type": "Point",
        "coordinates": [72.84071115673055, 19.098624460886885]
      },
      "properties": {
        "OBJECTID": 919,
        "NAME": "M P Shah English High School",
        "TYPE": 4,
        "LOCATION": "No 56, Sarojini Road, Vile Parle West, LIC Colony, Suresh Colony, Vile Parle West, Mumbai, Maharashtra 400056",
        "ELEVATOR_CONTACT_LIST": null,
        "ELEVATOR_INTERCOM": null,
        "WORKING_HRS": null,
        "EMPLOYEE_QTY": null,
        "EMPLOYEE_MALE": null,
        "EMPLOYEE_FEMALE": null,
        "EMPLOYEE_DIF_ABLE": null,
        "WORKING_HRS_STR": null,
        "WORKING_HRS_STP": null
      }
    },
    {
      "type": "Feature",
      "id": 920,
      "geometry": {
        "type": "Point",
        "coordinates": [72.83659819955119, 19.10350379961828]
      },
      "properties": {
        "OBJECTID": 920,
        "NAME": "Sarla Anil Modi School",
        "TYPE": 4,
        "LOCATION": "NMIMS Main Building, V. L, Phirozshah Mehta Road, Navpada, Suvarna Nagar, Vile Parle West, Mumbai, Maharashtra 400056",
        "ELEVATOR_CONTACT_LIST": null,
        "ELEVATOR_INTERCOM": null,
        "WORKING_HRS": null,
        "EMPLOYEE_QTY": null,
        "EMPLOYEE_MALE": null,
        "EMPLOYEE_FEMALE": null,
        "EMPLOYEE_DIF_ABLE": null,
        "WORKING_HRS_STR": null,
        "WORKING_HRS_STP": null
      }
    },
    {
      "type": "Feature",
      "id": 921,
      "geometry": {
        "type": "Point",
        "coordinates": [72.8365953675144, 19.10331732131235]
      },
      "properties": {
        "OBJECTID": 921,
        "NAME": "Nmims",
        "TYPE": 4,
        "LOCATION": "V. L. Mehta Road, Vile Parle West Sky Walk, Navyug Society, Navpada, JVPD Scheme, Juhu, Mumbai, Maharashtra 400056",
        "ELEVATOR_CONTACT_LIST": null,
        "ELEVATOR_INTERCOM": null,
        "WORKING_HRS": null,
        "EMPLOYEE_QTY": null,
        "EMPLOYEE_MALE": null,
        "EMPLOYEE_FEMALE": null,
        "EMPLOYEE_DIF_ABLE": null,
        "WORKING_HRS_STR": null,
        "WORKING_HRS_STP": null
      }
    },
    {
      "type": "Feature",
      "id": 922,
      "geometry": {
        "type": "Point",
        "coordinates": [72.83767309979154, 19.10266709966757]
      },
      "properties": {
        "OBJECTID": 922,
        "NAME": "Balwant Sheth School Of Architecture",
        "TYPE": 4,
        "LOCATION": "5th Floor, Mithibai Collge Building, V. L, Vaikunthlal Mehta Rd, Vile Parle West, Mumbai, Maharashtra 400056",
        "ELEVATOR_CONTACT_LIST": null,
        "ELEVATOR_INTERCOM": null,
        "WORKING_HRS": null,
        "EMPLOYEE_QTY": null,
        "EMPLOYEE_MALE": null,
        "EMPLOYEE_FEMALE": null,
        "EMPLOYEE_DIF_ABLE": null,
        "WORKING_HRS_STR": null,
        "WORKING_HRS_STP": null
      }
    },
    {
      "type": "Feature",
      "id": 923,
      "geometry": {
        "type": "Point",
        "coordinates": [72.83745450026211, 19.10294900018872]
      },
      "properties": {
        "OBJECTID": 923,
        "NAME": "Mithibai College",
        "TYPE": 4,
        "LOCATION": "Bhaktivedanta Swami Marg, Gulmohar Road, Suvarna Nagar, Vile Parle (W), Mumbai, Maharashtra 400056",
        "ELEVATOR_CONTACT_LIST": null,
        "ELEVATOR_INTERCOM": null,
        "WORKING_HRS": null,
        "EMPLOYEE_QTY": null,
        "EMPLOYEE_MALE": null,
        "EMPLOYEE_FEMALE": null,
        "EMPLOYEE_DIF_ABLE": null,
        "WORKING_HRS_STR": null,
        "WORKING_HRS_STP": null
      }
    },
    {
      "type": "Feature",
      "id": 924,
      "geometry": {
        "type": "Point",
        "coordinates": [72.83734780012392, 19.10317460041886]
      },
      "properties": {
        "OBJECTID": 924,
        "NAME": "Usha Pravin Gandhi College Of Arts,Science &Commerce",
        "TYPE": 4,
        "LOCATION": "Bhakti Vedanta Swami Marg, Juhu Scheme, Vile Parle West, Mumbai, Maharashtra 400056",
        "ELEVATOR_CONTACT_LIST": null,
        "ELEVATOR_INTERCOM": null,
        "WORKING_HRS": null,
        "EMPLOYEE_QTY": null,
        "EMPLOYEE_MALE": null,
        "EMPLOYEE_FEMALE": null,
        "EMPLOYEE_DIF_ABLE": null,
        "WORKING_HRS_STR": null,
        "WORKING_HRS_STP": null
      }
    },
    {
      "type": "Feature",
      "id": 925,
      "geometry": {
        "type": "Point",
        "coordinates": [72.84044933789542, 19.09650428493673]
      },
      "properties": {
        "OBJECTID": 925,
        "NAME": "Shree Chandulal Nanavati Vinaymandir",
        "TYPE": 4,
        "LOCATION": "VP Road, LIC Colony, Suresh Colony, Vile Parle West, Mumbai, Maharashtra 400056",
        "ELEVATOR_CONTACT_LIST": null,
        "ELEVATOR_INTERCOM": null,
        "WORKING_HRS": null,
        "EMPLOYEE_QTY": null,
        "EMPLOYEE_MALE": null,
        "EMPLOYEE_FEMALE": null,
        "EMPLOYEE_DIF_ABLE": null,
        "WORKING_HRS_STR": null,
        "WORKING_HRS_STP": null
      }
    },
    {
      "type": "Feature",
      "id": 926,
      "geometry": {
        "type": "Point",
        "coordinates": [72.83176980017382, 19.105481599553805]
      },
      "properties": {
        "OBJECTID": 926,
        "NAME": "Jamnabai Narsee School",
        "TYPE": 4,
        "LOCATION": "Narsee Monjee Bhavan, 7, North South Road, JVPD Scheme, Hatkesh Society, JVPD Scheme, Vile Parle West, Mumbai, Maharashtra 400049",
        "ELEVATOR_CONTACT_LIST": null,
        "ELEVATOR_INTERCOM": null,
        "WORKING_HRS": null,
        "EMPLOYEE_QTY": null,
        "EMPLOYEE_MALE": null,
        "EMPLOYEE_FEMALE": null,
        "EMPLOYEE_DIF_ABLE": null,
        "WORKING_HRS_STR": null,
        "WORKING_HRS_STP": null
      }
    },
    {
      "type": "Feature",
      "id": 927,
      "geometry": {
        "type": "Point",
        "coordinates": [72.84232242287705, 19.098585829777953]
      },
      "properties": {
        "OBJECTID": 927,
        "NAME": "Francis Xavier Church School",
        "TYPE": 4,
        "LOCATION": "Church Road near Railway Station, LIC Colony, Suresh Colony, Vile Parle West, Mumbai, Maharashtra 400056",
        "ELEVATOR_CONTACT_LIST": null,
        "ELEVATOR_INTERCOM": null,
        "WORKING_HRS": null,
        "EMPLOYEE_QTY": null,
        "EMPLOYEE_MALE": null,
        "EMPLOYEE_FEMALE": null,
        "EMPLOYEE_DIF_ABLE": null,
        "WORKING_HRS_STR": null,
        "WORKING_HRS_STP": null
      }
    },
    {
      "type": "Feature",
      "id": 928,
      "geometry": {
        "type": "Point",
        "coordinates": [72.84118089073932, 19.10630042387639]
      },
      "properties": {
        "OBJECTID": 928,
        "NAME": "Svkm J.V.Parekh International School",
        "TYPE": 4,
        "LOCATION": "CNM School Campus Dadabhai Road, Off, SV Road, Irla, Vile Parle West, Mumbai, Maharashtra 400056",
        "ELEVATOR_CONTACT_LIST": null,
        "ELEVATOR_INTERCOM": null,
        "WORKING_HRS": null,
        "EMPLOYEE_QTY": null,
        "EMPLOYEE_MALE": null,
        "EMPLOYEE_FEMALE": null,
        "EMPLOYEE_DIF_ABLE": null,
        "WORKING_HRS_STR": null,
        "WORKING_HRS_STP": null
      }
    },
    {
      "type": "Feature",
      "id": 930,
      "geometry": {
        "type": "Point",
        "coordinates": [72.83782960020326, 19.1076539998274]
      },
      "properties": {
        "OBJECTID": 930,
        "NAME": "Bhagubhai Mafatlal Collage",
        "TYPE": 4,
        "LOCATION": "Irla, N. R. G Marg Opposite Cooper Hospital, Vile Parle, Mumbai, Maharashtra 400056",
        "ELEVATOR_CONTACT_LIST": null,
        "ELEVATOR_INTERCOM": null,
        "WORKING_HRS": null,
        "EMPLOYEE_QTY": null,
        "EMPLOYEE_MALE": null,
        "EMPLOYEE_FEMALE": null,
        "EMPLOYEE_DIF_ABLE": null,
        "WORKING_HRS_STR": null,
        "WORKING_HRS_STP": null
      }
    },
    {
      "type": "Feature",
      "id": 931,
      "geometry": {
        "type": "Point",
        "coordinates": [72.83753119999214, 19.10863480037453]
      },
      "properties": {
        "OBJECTID": 931,
        "NAME": "Smt.Chandaben Mohanbhai Patel Collage",
        "TYPE": 4,
        "LOCATION": "Natyakar RG Gadkari Marg, ONGC Colony, Irla, Vile Parle West, Mumbai, Maharashtra 400056",
        "ELEVATOR_CONTACT_LIST": null,
        "ELEVATOR_INTERCOM": null,
        "WORKING_HRS": null,
        "EMPLOYEE_QTY": null,
        "EMPLOYEE_MALE": null,
        "EMPLOYEE_FEMALE": null,
        "EMPLOYEE_DIF_ABLE": null,
        "WORKING_HRS_STR": null,
        "WORKING_HRS_STP": null
      }
    },
    {
      "type": "Feature",
      "id": 932,
      "geometry": {
        "type": "Point",
        "coordinates": [72.83720530037367, 19.107241500300155]
      },
      "properties": {
        "OBJECTID": 932,
        "NAME": "D.J.Sanghvi Collage",
        "TYPE": 4,
        "LOCATION": "No. U-15, J.V.P.D. Scheme, Bhaktivedanta Swami Road, Opp.Cooper Hospital, Vile Parle, Mumbai, Maharashtra 400056",
        "ELEVATOR_CONTACT_LIST": null,
        "ELEVATOR_INTERCOM": null,
        "WORKING_HRS": null,
        "EMPLOYEE_QTY": null,
        "EMPLOYEE_MALE": null,
        "EMPLOYEE_FEMALE": null,
        "EMPLOYEE_DIF_ABLE": null,
        "WORKING_HRS_STR": null,
        "WORKING_HRS_STP": null
      }
    },
    {
      "type": "Feature",
      "id": 933,
      "geometry": {
        "type": "Point",
        "coordinates": [72.84145230045955, 19.10700670034864]
      },
      "properties": {
        "OBJECTID": 933,
        "NAME": "Chatrabhuj Narsee Memorial School",
        "TYPE": 4,
        "LOCATION": "Dadabhai Road, Vile Parle West, Mumbai, Maharashtra 400056",
        "ELEVATOR_CONTACT_LIST": null,
        "ELEVATOR_INTERCOM": null,
        "WORKING_HRS": null,
        "EMPLOYEE_QTY": null,
        "EMPLOYEE_MALE": null,
        "EMPLOYEE_FEMALE": null,
        "EMPLOYEE_DIF_ABLE": null,
        "WORKING_HRS_STR": null,
        "WORKING_HRS_STP": null
      }
    },
    {
      "type": "Feature",
      "id": 934,
      "geometry": {
        "type": "Point",
        "coordinates": [72.8414674000558, 19.107215199606344]
      },
      "properties": {
        "OBJECTID": 934,
        "NAME": "Svkm Jv Parekh International School",
        "TYPE": 4,
        "LOCATION": "Dadabhai Cross Road Number 1, Navpada, Irla, Vile Parle West, Mumbai, Maharashtra 400056",
        "ELEVATOR_CONTACT_LIST": null,
        "ELEVATOR_INTERCOM": null,
        "WORKING_HRS": null,
        "EMPLOYEE_QTY": null,
        "EMPLOYEE_MALE": null,
        "EMPLOYEE_FEMALE": null,
        "EMPLOYEE_DIF_ABLE": null,
        "WORKING_HRS_STR": null,
        "WORKING_HRS_STP": null
      }
    },
    {
      "type": "Feature",
      "id": 935,
      "geometry": {
        "type": "Point",
        "coordinates": [72.8380663000203, 19.123788999959284]
      },
      "properties": {
        "OBJECTID": 935,
        "NAME": "Gilbert Hill Municipal Urdu School",
        "TYPE": 1,
        "LOCATION": "Dadabhai Road, Tipu Sultan Chowk, Near Bhavans College, Next to Vidya Vikas School, Andheri West, Mumbai, Maharashtra 400058",
        "ELEVATOR_CONTACT_LIST": null,
        "ELEVATOR_INTERCOM": null,
        "WORKING_HRS": null,
        "EMPLOYEE_QTY": null,
        "EMPLOYEE_MALE": null,
        "EMPLOYEE_FEMALE": null,
        "EMPLOYEE_DIF_ABLE": null,
        "WORKING_HRS_STR": null,
        "WORKING_HRS_STP": null
      }
    },
    {
      "type": "Feature",
      "id": 936,
      "geometry": {
        "type": "Point",
        "coordinates": [72.8412524997147, 19.125275299811317]
      },
      "properties": {
        "OBJECTID": 936,
        "NAME": "Young Women'S Christian Association Of Bombay",
        "TYPE": 4,
        "LOCATION": "Womens Development Complex A, Tepgaon, Andheri West, Mumbai, Maharashtra 400053",
        "ELEVATOR_CONTACT_LIST": null,
        "ELEVATOR_INTERCOM": null,
        "WORKING_HRS": null,
        "EMPLOYEE_QTY": null,
        "EMPLOYEE_MALE": null,
        "EMPLOYEE_FEMALE": null,
        "EMPLOYEE_DIF_ABLE": null,
        "WORKING_HRS_STR": null,
        "WORKING_HRS_STP": null
      }
    },
    {
      "type": "Feature",
      "id": 937,
      "geometry": {
        "type": "Point",
        "coordinates": [72.84408289961601, 19.120223600089883]
      },
      "properties": {
        "OBJECTID": 937,
        "NAME": "Kama Road Municipal School",
        "TYPE": 1,
        "LOCATION": "Cama Rd, Near S.V. Road, Gaothan, Andheri West, Mumbai, Maharashtra 400058",
        "ELEVATOR_CONTACT_LIST": null,
        "ELEVATOR_INTERCOM": null,
        "WORKING_HRS": null,
        "EMPLOYEE_QTY": null,
        "EMPLOYEE_MALE": null,
        "EMPLOYEE_FEMALE": null,
        "EMPLOYEE_DIF_ABLE": null,
        "WORKING_HRS_STR": null,
        "WORKING_HRS_STP": null
      }
    },
    {
      "type": "Feature",
      "id": 938,
      "geometry": {
        "type": "Point",
        "coordinates": [72.8290850002248, 19.12378400027834]
      },
      "properties": {
        "OBJECTID": 938,
        "NAME": "D N Nagar Municipal School (Sankul)",
        "TYPE": 1,
        "LOCATION": "Madhuban Colony, Shastri Nagar, Andheri West, Mumbai, Maharashtra 400102",
        "ELEVATOR_CONTACT_LIST": null,
        "ELEVATOR_INTERCOM": null,
        "WORKING_HRS": null,
        "EMPLOYEE_QTY": null,
        "EMPLOYEE_MALE": null,
        "EMPLOYEE_FEMALE": null,
        "EMPLOYEE_DIF_ABLE": null,
        "WORKING_HRS_STR": null,
        "WORKING_HRS_STP": null
      }
    },
    {
      "type": "Feature",
      "id": 939,
      "geometry": {
        "type": "Point",
        "coordinates": [72.83771899989316, 19.12129900017799]
      },
      "properties": {
        "OBJECTID": 939,
        "NAME": "(Deleted) Gilbert Hill Municipal Urdu 1 School",
        "TYPE": 1,
        "LOCATION": "Gilbert Hill Road, Andheri West, Munshi Nagar, Andheri West, Mumbai, Maharashtra 400058",
        "ELEVATOR_CONTACT_LIST": null,
        "ELEVATOR_INTERCOM": null,
        "WORKING_HRS": null,
        "EMPLOYEE_QTY": null,
        "EMPLOYEE_MALE": null,
        "EMPLOYEE_FEMALE": null,
        "EMPLOYEE_DIF_ABLE": null,
        "WORKING_HRS_STR": null,
        "WORKING_HRS_STP": null
      }
    },
    {
      "type": "Feature",
      "id": 940,
      "geometry": {
        "type": "Point",
        "coordinates": [72.82593999975174, 19.113039999971058]
      },
      "properties": {
        "OBJECTID": 940,
        "NAME": "Juhu Gandhigram Upper Primary Municipal Marathi School",
        "TYPE": 1,
        "LOCATION": "R2-86, R2-86, Juhu Church Rd, Juhu Tara, Juhu, Mumbai, Maharashtra 400047",
        "ELEVATOR_CONTACT_LIST": null,
        "ELEVATOR_INTERCOM": null,
        "WORKING_HRS": null,
        "EMPLOYEE_QTY": null,
        "EMPLOYEE_MALE": null,
        "EMPLOYEE_FEMALE": null,
        "EMPLOYEE_DIF_ABLE": null,
        "WORKING_HRS_STR": null,
        "WORKING_HRS_STP": null
      }
    },
    {
      "type": "Feature",
      "id": 941,
      "geometry": {
        "type": "Point",
        "coordinates": [72.83961299957863, 19.10087699967134]
      },
      "properties": {
        "OBJECTID": 941,
        "NAME": "Manilal Sundarji Municipal Upper Primary Tamil School",
        "TYPE": 1,
        "LOCATION": "Navpada, Kamala Nagar, Vile Parle West, Mumbai, Maharashtra 400056",
        "ELEVATOR_CONTACT_LIST": null,
        "ELEVATOR_INTERCOM": null,
        "WORKING_HRS": null,
        "EMPLOYEE_QTY": null,
        "EMPLOYEE_MALE": null,
        "EMPLOYEE_FEMALE": null,
        "EMPLOYEE_DIF_ABLE": null,
        "WORKING_HRS_STR": null,
        "WORKING_HRS_STP": null
      }
    },
    {
      "type": "Feature",
      "id": 942,
      "geometry": {
        "type": "Point",
        "coordinates": [72.8446521148061, 19.146056936364925]
      },
      "properties": {
        "OBJECTID": 942,
        "NAME": "Oshivara Municipal School Sankul",
        "TYPE": 1,
        "LOCATION": "Oshiwara Garden Rd, Amrut Nagar, Jogeshwari, Mumbai, Maharashtra 400102",
        "ELEVATOR_CONTACT_LIST": null,
        "ELEVATOR_INTERCOM": null,
        "WORKING_HRS": null,
        "EMPLOYEE_QTY": null,
        "EMPLOYEE_MALE": null,
        "EMPLOYEE_FEMALE": null,
        "EMPLOYEE_DIF_ABLE": null,
        "WORKING_HRS_STR": null,
        "WORKING_HRS_STP": null
      }
    },
    {
      "type": "Feature",
      "id": 943,
      "geometry": {
        "type": "Point",
        "coordinates": [72.80764883215889, 19.141503673482767]
      },
      "properties": {
        "OBJECTID": 943,
        "NAME": "Versova Municipal Upper Primary Marathi School",
        "TYPE": 1,
        "LOCATION": "Yari Rd, Amit Nagar, Versova, Andheri West, Mumbai, Maharashtra 400061",
        "ELEVATOR_CONTACT_LIST": null,
        "ELEVATOR_INTERCOM": null,
        "WORKING_HRS": null,
        "EMPLOYEE_QTY": null,
        "EMPLOYEE_MALE": null,
        "EMPLOYEE_FEMALE": null,
        "EMPLOYEE_DIF_ABLE": null,
        "WORKING_HRS_STR": null,
        "WORKING_HRS_STP": null
      }
    },
    {
      "type": "Feature",
      "id": 944,
      "geometry": {
        "type": "Point",
        "coordinates": [72.84450100034616, 19.125951000384635]
      },
      "properties": {
        "OBJECTID": 944,
        "NAME": "Andheri West Municipal School (Shala Sankul)",
        "TYPE": 1,
        "LOCATION": "Bhardawadi Rd, Opp. Fire Brigade Station, Dawood Baug, Fish Market Area, Navneeth Colony, Andheri West, Mumbai, Maharashtra 400058",
        "ELEVATOR_CONTACT_LIST": null,
        "ELEVATOR_INTERCOM": null,
        "WORKING_HRS": null,
        "EMPLOYEE_QTY": null,
        "EMPLOYEE_MALE": null,
        "EMPLOYEE_FEMALE": null,
        "EMPLOYEE_DIF_ABLE": null,
        "WORKING_HRS_STR": null,
        "WORKING_HRS_STP": null
      }
    },
    {
      "type": "Feature",
      "id": 945,
      "geometry": {
        "type": "Point",
        "coordinates": [72.83097099995277, 18.94502399960742]
      },
      "properties": {
        "OBJECTID": 945,
        "NAME": "Lord Harris Municipal  Marathi School",
        "TYPE": 1,
        "LOCATION": "Muncipal School, Lokmanya Tilak Rd, Dhobi Talao, Chhatrapati Shivaji Terminus Area, Fort, Mumbai, Maharashtra 400001",
        "ELEVATOR_CONTACT_LIST": null,
        "ELEVATOR_INTERCOM": null,
        "WORKING_HRS": null,
        "EMPLOYEE_QTY": null,
        "EMPLOYEE_MALE": null,
        "EMPLOYEE_FEMALE": null,
        "EMPLOYEE_DIF_ABLE": null,
        "WORKING_HRS_STR": null,
        "WORKING_HRS_STP": null
      }
    },
    {
      "type": "Feature",
      "id": 946,
      "geometry": {
        "type": "Point",
        "coordinates": [72.83521200040835, 18.938024999821685]
      },
      "properties": {
        "OBJECTID": 946,
        "NAME": "Bora Bazar Street Municipal School (Demolished as per IVPS)",
        "TYPE": 1,
        "LOCATION": "Manohardas Street, Borabazar Precinct, Ballard Estate, Fort, Mumbai, Maharashtra 400001",
        "ELEVATOR_CONTACT_LIST": null,
        "ELEVATOR_INTERCOM": null,
        "WORKING_HRS": null,
        "EMPLOYEE_QTY": null,
        "EMPLOYEE_MALE": null,
        "EMPLOYEE_FEMALE": null,
        "EMPLOYEE_DIF_ABLE": null,
        "WORKING_HRS_STR": null,
        "WORKING_HRS_STP": null
      }
    },
    {
      "type": "Feature",
      "id": 947,
      "geometry": {
        "type": "Point",
        "coordinates": [72.83143600041102, 18.92283900005647]
      },
      "properties": {
        "OBJECTID": 947,
        "NAME": "A.O. School/Mindgrove Premium Preschool And Day Care In Colaba South Mumbai",
        "TYPE": 4,
        "LOCATION": "Opposite Leopold Cafe, Above Olympia Restaurant, First Floor, Sbs Marg, Colaba, Scindia Society, Police Colony, Apollo Bandar, Colaba, Mumbai, Maharashtra 400001",
        "ELEVATOR_CONTACT_LIST": null,
        "ELEVATOR_INTERCOM": null,
        "WORKING_HRS": null,
        "EMPLOYEE_QTY": null,
        "EMPLOYEE_MALE": null,
        "EMPLOYEE_FEMALE": null,
        "EMPLOYEE_DIF_ABLE": null,
        "WORKING_HRS_STR": null,
        "WORKING_HRS_STP": null
      }
    },
    {
      "type": "Feature",
      "id": 948,
      "geometry": {
        "type": "Point",
        "coordinates": [72.83179200024969, 18.942980999931443]
      },
      "properties": {
        "OBJECTID": 948,
        "NAME": "St. Xaviers College\u00a0",
        "TYPE": 3,
        "LOCATION": "5, Mahapalika Marg, Dhobi Talao, Chhatrapati Shivaji Terminus Area, Fort, Mumbai, Maharashtra 400001",
        "ELEVATOR_CONTACT_LIST": null,
        "ELEVATOR_INTERCOM": null,
        "WORKING_HRS": null,
        "EMPLOYEE_QTY": null,
        "EMPLOYEE_MALE": null,
        "EMPLOYEE_FEMALE": null,
        "EMPLOYEE_DIF_ABLE": null,
        "WORKING_HRS_STR": null,
        "WORKING_HRS_STP": null
      }
    },
    {
      "type": "Feature",
      "id": 949,
      "geometry": {
        "type": "Point",
        "coordinates": [72.83229300019859, 18.923812999755217]
      },
      "properties": {
        "OBJECTID": 949,
        "NAME": "Bombay Teachers Training College",
        "TYPE": 4,
        "LOCATION": "Mahakavi Bhushan Marg, Near Regal Cinema, Opp. Mb Marg, Apollo Bandar, Colaba, Mumbai, Maharashtra 400001",
        "ELEVATOR_CONTACT_LIST": null,
        "ELEVATOR_INTERCOM": null,
        "WORKING_HRS": null,
        "EMPLOYEE_QTY": null,
        "EMPLOYEE_MALE": null,
        "EMPLOYEE_FEMALE": null,
        "EMPLOYEE_DIF_ABLE": null,
        "WORKING_HRS_STR": null,
        "WORKING_HRS_STP": null
      }
    },
    {
      "type": "Feature",
      "id": 950,
      "geometry": {
        "type": "Point",
        "coordinates": [72.82851299990082, 18.936222000041106]
      },
      "properties": {
        "OBJECTID": 950,
        "NAME": "College Of Social Work Nirmala Niketan",
        "TYPE": 4,
        "LOCATION": "38, New Marine Lines, Churchgate (East), Mumbai, Maharashtra 400020",
        "ELEVATOR_CONTACT_LIST": null,
        "ELEVATOR_INTERCOM": null,
        "WORKING_HRS": null,
        "EMPLOYEE_QTY": null,
        "EMPLOYEE_MALE": null,
        "EMPLOYEE_FEMALE": null,
        "EMPLOYEE_DIF_ABLE": null,
        "WORKING_HRS_STR": null,
        "WORKING_HRS_STP": null
      }
    },
    {
      "type": "Feature",
      "id": 951,
      "geometry": {
        "type": "Point",
        "coordinates": [72.83040700011992, 18.926062999844596]
      },
      "properties": {
        "OBJECTID": 951,
        "NAME": "Institute Of Forensic Science",
        "TYPE": 4,
        "LOCATION": "15,Madam Cama Road, Mumbai400032",
        "ELEVATOR_CONTACT_LIST": null,
        "ELEVATOR_INTERCOM": null,
        "WORKING_HRS": null,
        "EMPLOYEE_QTY": null,
        "EMPLOYEE_MALE": null,
        "EMPLOYEE_FEMALE": null,
        "EMPLOYEE_DIF_ABLE": null,
        "WORKING_HRS_STR": null,
        "WORKING_HRS_STP": null
      }
    },
    {
      "type": "Feature",
      "id": 952,
      "geometry": {
        "type": "Point",
        "coordinates": [72.82803000000823, 18.935798000430697]
      },
      "properties": {
        "OBJECTID": 952,
        "NAME": "St. Xaviers Institute Of Education",
        "TYPE": 3,
        "LOCATION": "40A New Marine Lines, Opp. State Bank Of India, Churchgate Br., Mumbai 400020 Churchgate (East)",
        "ELEVATOR_CONTACT_LIST": null,
        "ELEVATOR_INTERCOM": null,
        "WORKING_HRS": null,
        "EMPLOYEE_QTY": null,
        "EMPLOYEE_MALE": null,
        "EMPLOYEE_FEMALE": null,
        "EMPLOYEE_DIF_ABLE": null,
        "WORKING_HRS_STR": null,
        "WORKING_HRS_STP": null
      }
    },
    {
      "type": "Feature",
      "id": 953,
      "geometry": {
        "type": "Point",
        "coordinates": [72.82650699984974, 18.96058699968721]
      },
      "properties": {
        "OBJECTID": 953,
        "NAME": "Durgadevi Municipal School",
        "TYPE": 1,
        "LOCATION": "Durgadevi St, Chor Bazaar, Kumbharwada, Mumbai, Maharashtra 400004",
        "ELEVATOR_CONTACT_LIST": null,
        "ELEVATOR_INTERCOM": null,
        "WORKING_HRS": null,
        "EMPLOYEE_QTY": null,
        "EMPLOYEE_MALE": null,
        "EMPLOYEE_FEMALE": null,
        "EMPLOYEE_DIF_ABLE": null,
        "WORKING_HRS_STR": null,
        "WORKING_HRS_STP": null
      }
    },
    {
      "type": "Feature",
      "id": 954,
      "geometry": {
        "type": "Point",
        "coordinates": [72.83031877774815, 18.956469604149614]
      },
      "properties": {
        "OBJECTID": 954,
        "NAME": "A K Hafizka Municipal School",
        "TYPE": 1,
        "LOCATION": "33-52, New Kazi St, Marine Lines East, Gulal Wadi, Bhuleshwar, Mumbai, Maharashtra 400003",
        "ELEVATOR_CONTACT_LIST": null,
        "ELEVATOR_INTERCOM": null,
        "WORKING_HRS": null,
        "EMPLOYEE_QTY": null,
        "EMPLOYEE_MALE": null,
        "EMPLOYEE_FEMALE": null,
        "EMPLOYEE_DIF_ABLE": null,
        "WORKING_HRS_STR": null,
        "WORKING_HRS_STP": null
      }
    },
    {
      "type": "Feature",
      "id": 955,
      "geometry": {
        "type": "Point",
        "coordinates": [72.80737499992473, 18.976628999826474]
      },
      "properties": {
        "OBJECTID": 955,
        "NAME": "Mahalaxmi Municipal Upper primary Hindi School",
        "TYPE": 1,
        "LOCATION": "Bhulabhai Desai Marg, Mahalaxmi West, Breach Candy, Cumballa Hill, Mumbai, Maharashtra 400026",
        "ELEVATOR_CONTACT_LIST": null,
        "ELEVATOR_INTERCOM": null,
        "WORKING_HRS": null,
        "EMPLOYEE_QTY": null,
        "EMPLOYEE_MALE": null,
        "EMPLOYEE_FEMALE": null,
        "EMPLOYEE_DIF_ABLE": null,
        "WORKING_HRS_STR": null,
        "WORKING_HRS_STP": null
      }
    },
    {
      "type": "Feature",
      "id": 956,
      "geometry": {
        "type": "Point",
        "coordinates": [72.81466500009448, 18.961722999894356]
      },
      "properties": {
        "OBJECTID": 956,
        "NAME": "Jaganath Shankar Seth Municipal School",
        "TYPE": 1,
        "LOCATION": "School Bldg., 2Nd Floor, Room No. 216-218, Grant Road, Nana Chowk, Grant Road West, Shapur Baug, Grant Road, Mumbai, Maharashtra 400007",
        "ELEVATOR_CONTACT_LIST": null,
        "ELEVATOR_INTERCOM": null,
        "WORKING_HRS": null,
        "EMPLOYEE_QTY": null,
        "EMPLOYEE_MALE": null,
        "EMPLOYEE_FEMALE": null,
        "EMPLOYEE_DIF_ABLE": null,
        "WORKING_HRS_STR": null,
        "WORKING_HRS_STP": null
      }
    },
    {
      "type": "Feature",
      "id": 959,
      "geometry": {
        "type": "Point",
        "coordinates": [72.81238100001771, 18.965508999851366]
      },
      "properties": {
        "OBJECTID": 959,
        "NAME": "Tardeo Municipal Marathi Primary School",
        "TYPE": 1,
        "LOCATION": "Municipal School Building , Bane Compound, Sane Guruji Marg, Tardeo Road, Mumbai, Maharashtra 400007",
        "ELEVATOR_CONTACT_LIST": null,
        "ELEVATOR_INTERCOM": null,
        "WORKING_HRS": null,
        "EMPLOYEE_QTY": null,
        "EMPLOYEE_MALE": null,
        "EMPLOYEE_FEMALE": null,
        "EMPLOYEE_DIF_ABLE": null,
        "WORKING_HRS_STR": null,
        "WORKING_HRS_STP": null
      }
    },
    {
      "type": "Feature",
      "id": 962,
      "geometry": {
        "type": "Point",
        "coordinates": [72.82566199953675, 18.957622000012964]
      },
      "properties": {
        "OBJECTID": 962,
        "NAME": "1St Khetwadi Municipal School ",
        "TYPE": 1,
        "LOCATION": "Upm School Building 1St Khetwadi Lane, Girgaon, Charni Road East, Khetwadi, Girgaon, Mumbai, Maharashtra 400004",
        "ELEVATOR_CONTACT_LIST": null,
        "ELEVATOR_INTERCOM": null,
        "WORKING_HRS": null,
        "EMPLOYEE_QTY": null,
        "EMPLOYEE_MALE": null,
        "EMPLOYEE_FEMALE": null,
        "EMPLOYEE_DIF_ABLE": null,
        "WORKING_HRS_STR": null,
        "WORKING_HRS_STP": null
      }
    },
    {
      "type": "Feature",
      "id": 963,
      "geometry": {
        "type": "Point",
        "coordinates": [72.82023399996167, 18.964186000106302]
      },
      "properties": {
        "OBJECTID": 963,
        "NAME": "Balaram Path Municipal Urdu School",
        "TYPE": 1,
        "LOCATION": "Balaram Street Municipal.VOC.Urdu School Rusi Mehta Chowk Grant Road Mumbai",
        "ELEVATOR_CONTACT_LIST": null,
        "ELEVATOR_INTERCOM": null,
        "WORKING_HRS": null,
        "EMPLOYEE_QTY": null,
        "EMPLOYEE_MALE": null,
        "EMPLOYEE_FEMALE": null,
        "EMPLOYEE_DIF_ABLE": null,
        "WORKING_HRS_STR": null,
        "WORKING_HRS_STP": null
      }
    },
    {
      "type": "Feature",
      "id": 964,
      "geometry": {
        "type": "Point",
        "coordinates": [72.81773000035298, 18.960820000196005]
      },
      "properties": {
        "OBJECTID": 964,
        "NAME": "Topiwala Lane High School",
        "TYPE": 4,
        "LOCATION": "Topiwala Ln, Krishna Kunj, Grant Road East, Shapur Baug, Girgaon, Mumbai, Maharashtra 400007",
        "ELEVATOR_CONTACT_LIST": null,
        "ELEVATOR_INTERCOM": null,
        "WORKING_HRS": null,
        "EMPLOYEE_QTY": null,
        "EMPLOYEE_MALE": null,
        "EMPLOYEE_FEMALE": null,
        "EMPLOYEE_DIF_ABLE": null,
        "WORKING_HRS_STR": null,
        "WORKING_HRS_STP": null
      }
    },
    {
      "type": "Feature",
      "id": 965,
      "geometry": {
        "type": "Point",
        "coordinates": [72.79414215511514, 18.946689199230462]
      },
      "properties": {
        "OBJECTID": 965,
        "NAME": "Kawale Math U.P.M.S. Municipal School",
        "TYPE": 1,
        "LOCATION": "23C, Dungarsi Rd, Teen Batti, Malabar Hill, Mumbai, Maharashtra 400006",
        "ELEVATOR_CONTACT_LIST": null,
        "ELEVATOR_INTERCOM": null,
        "WORKING_HRS": null,
        "EMPLOYEE_QTY": null,
        "EMPLOYEE_MALE": null,
        "EMPLOYEE_FEMALE": null,
        "EMPLOYEE_DIF_ABLE": null,
        "WORKING_HRS_STR": null,
        "WORKING_HRS_STP": null
      }
    },
    {
      "type": "Feature",
      "id": 966,
      "geometry": {
        "type": "Point",
        "coordinates": [72.80210199991333, 18.952698000146235]
      },
      "properties": {
        "OBJECTID": 966,
        "NAME": "Cumballa Hill Municipal School",
        "TYPE": 1,
        "LOCATION": "Bmc Water Authority Malabar Hill Tank Pumping Station, A/1, Mt Pleasant Rd, Vasant Vihar,Vasant Vihar, Malabar Hill, Mumbai, Maharashtra 400006",
        "ELEVATOR_CONTACT_LIST": null,
        "ELEVATOR_INTERCOM": null,
        "WORKING_HRS": null,
        "EMPLOYEE_QTY": null,
        "EMPLOYEE_MALE": null,
        "EMPLOYEE_FEMALE": null,
        "EMPLOYEE_DIF_ABLE": null,
        "WORKING_HRS_STR": null,
        "WORKING_HRS_STP": null
      }
    },
    {
      "type": "Feature",
      "id": 967,
      "geometry": {
        "type": "Point",
        "coordinates": [72.82137300038823, 18.951309000330077]
      },
      "properties": {
        "OBJECTID": 967,
        "NAME": "S.S.Bangali School/Sankalp Rehabilitation Trust",
        "TYPE": 4,
        "LOCATION": "251, Dr Babasaheb Jaykar Marg, Charni Road East, Kranti Nagar, Mangal Wadi, Girgaon, Mumbai, Maharashtra 400004",
        "ELEVATOR_CONTACT_LIST": null,
        "ELEVATOR_INTERCOM": null,
        "WORKING_HRS": null,
        "EMPLOYEE_QTY": null,
        "EMPLOYEE_MALE": null,
        "EMPLOYEE_FEMALE": null,
        "EMPLOYEE_DIF_ABLE": null,
        "WORKING_HRS_STR": null,
        "WORKING_HRS_STP": null
      }
    },
    {
      "type": "Feature",
      "id": 968,
      "geometry": {
        "type": "Point",
        "coordinates": [72.81840500006652, 18.954992999681885]
      },
      "properties": {
        "OBJECTID": 968,
        "NAME": "Bhima Bai Rane School",
        "TYPE": 4,
        "LOCATION": "Raja Rammohan Roy Rd, Charni Road East, Opera House, Girgaon, Mumbai, Maharashtra 400004",
        "ELEVATOR_CONTACT_LIST": null,
        "ELEVATOR_INTERCOM": null,
        "WORKING_HRS": null,
        "EMPLOYEE_QTY": null,
        "EMPLOYEE_MALE": null,
        "EMPLOYEE_FEMALE": null,
        "EMPLOYEE_DIF_ABLE": null,
        "WORKING_HRS_STR": null,
        "WORKING_HRS_STP": null
      }
    },
    {
      "type": "Feature",
      "id": 969,
      "geometry": {
        "type": "Point",
        "coordinates": [72.82093800039273, 18.959910000001898]
      },
      "properties": {
        "OBJECTID": 969,
        "NAME": "B E S Sant Gadge Maharaj College Of Commerce And Economics",
        "TYPE": 4,
        "LOCATION": "12Th Lane Khetwadi, Behind Harkisandas Hospital, Opp Bhausaheb Palkandwar Chowk, Grigoan ",
        "ELEVATOR_CONTACT_LIST": null,
        "ELEVATOR_INTERCOM": null,
        "WORKING_HRS": null,
        "EMPLOYEE_QTY": null,
        "EMPLOYEE_MALE": null,
        "EMPLOYEE_FEMALE": null,
        "EMPLOYEE_DIF_ABLE": null,
        "WORKING_HRS_STR": null,
        "WORKING_HRS_STP": null
      }
    },
    {
      "type": "Feature",
      "id": 970,
      "geometry": {
        "type": "Point",
        "coordinates": [72.81082599985301, 18.956308999649874]
      },
      "properties": {
        "OBJECTID": 970,
        "NAME": "John Wilson Education Societys Wilson College",
        "TYPE": 4,
        "LOCATION": "Wilson College Chowpatty Charni Road (West)",
        "ELEVATOR_CONTACT_LIST": null,
        "ELEVATOR_INTERCOM": null,
        "WORKING_HRS": null,
        "EMPLOYEE_QTY": null,
        "EMPLOYEE_MALE": null,
        "EMPLOYEE_FEMALE": null,
        "EMPLOYEE_DIF_ABLE": null,
        "WORKING_HRS_STR": null,
        "WORKING_HRS_STP": null
      }
    },
    {
      "type": "Feature",
      "id": 971,
      "geometry": {
        "type": "Point",
        "coordinates": [72.81856300015332, 18.952969000156983]
      },
      "properties": {
        "OBJECTID": 971,
        "NAME": "K.P.B. Hinduja College Of Commerce",
        "TYPE": 4,
        "LOCATION": "315, New Charni Rd, Mumbai Charni Road (East)",
        "ELEVATOR_CONTACT_LIST": null,
        "ELEVATOR_INTERCOM": null,
        "WORKING_HRS": null,
        "EMPLOYEE_QTY": null,
        "EMPLOYEE_MALE": null,
        "EMPLOYEE_FEMALE": null,
        "EMPLOYEE_DIF_ABLE": null,
        "WORKING_HRS_STR": null,
        "WORKING_HRS_STP": null
      }
    },
    {
      "type": "Feature",
      "id": 972,
      "geometry": {
        "type": "Point",
        "coordinates": [72.81436900015704, 18.981171000025004]
      },
      "properties": {
        "OBJECTID": 972,
        "NAME": "(Duplicate) Lala Lajpat Rai College Of Commerce & Economics",
        "TYPE": 4,
        "LOCATION": "Lala Lajpatrai Marg, Mahalaxmi Maha Laxmi (West)",
        "ELEVATOR_CONTACT_LIST": null,
        "ELEVATOR_INTERCOM": null,
        "WORKING_HRS": null,
        "EMPLOYEE_QTY": null,
        "EMPLOYEE_MALE": null,
        "EMPLOYEE_FEMALE": null,
        "EMPLOYEE_DIF_ABLE": null,
        "WORKING_HRS_STR": null,
        "WORKING_HRS_STP": null
      }
    },
    {
      "type": "Feature",
      "id": 973,
      "geometry": {
        "type": "Point",
        "coordinates": [72.8126819999303, 18.97353000020742]
      },
      "properties": {
        "OBJECTID": 973,
        "NAME": "Nagrik Shikshan Sansthas College Of Commerce & Economics",
        "TYPE": 4,
        "LOCATION": "N.S.S. Educational Complex, B Wing, M.P. Mill Compound,Behind A.C. Market, 94 Tardeo Road Mumbai Central (West)",
        "ELEVATOR_CONTACT_LIST": null,
        "ELEVATOR_INTERCOM": null,
        "WORKING_HRS": null,
        "EMPLOYEE_QTY": null,
        "EMPLOYEE_MALE": null,
        "EMPLOYEE_FEMALE": null,
        "EMPLOYEE_DIF_ABLE": null,
        "WORKING_HRS_STR": null,
        "WORKING_HRS_STP": null
      }
    },
    {
      "type": "Feature",
      "id": 974,
      "geometry": {
        "type": "Point",
        "coordinates": [72.82788599954137, 18.96507099978142]
      },
      "properties": {
        "OBJECTID": 974,
        "NAME": "Chandra Mani Buddha Vihar Marge Municipal Telugu School",
        "TYPE": 1,
        "LOCATION": "Chandra, Mani Buddha Vihar Marge, Dalal Estate, Kamathipura, Mumbai, Maharashtra 400008",
        "ELEVATOR_CONTACT_LIST": null,
        "ELEVATOR_INTERCOM": null,
        "WORKING_HRS": null,
        "EMPLOYEE_QTY": null,
        "EMPLOYEE_MALE": null,
        "EMPLOYEE_FEMALE": null,
        "EMPLOYEE_DIF_ABLE": null,
        "WORKING_HRS_STR": null,
        "WORKING_HRS_STP": null
      }
    },
    {
      "type": "Feature",
      "id": 975,
      "geometry": {
        "type": "Point",
        "coordinates": [72.8353439998491, 18.965402000289274]
      },
      "properties": {
        "OBJECTID": 975,
        "NAME": "J J Shatabdi Upper Primary Municipal Gujarati School",
        "TYPE": 1,
        "LOCATION": "Mun.Sch.Bldg., J.J.Hospital Compound, Byculla, Mazgaon, Mumbai, Maharashtra 400008",
        "ELEVATOR_CONTACT_LIST": null,
        "ELEVATOR_INTERCOM": null,
        "WORKING_HRS": null,
        "EMPLOYEE_QTY": null,
        "EMPLOYEE_MALE": null,
        "EMPLOYEE_FEMALE": null,
        "EMPLOYEE_DIF_ABLE": null,
        "WORKING_HRS_STR": null,
        "WORKING_HRS_STP": null
      }
    },
    {
      "type": "Feature",
      "id": 976,
      "geometry": {
        "type": "Point",
        "coordinates": [72.83739599972007, 18.967384999924306]
      },
      "properties": {
        "OBJECTID": 976,
        "NAME": "Mazgaon Municipal Urdu Primary School",
        "TYPE": 1,
        "LOCATION": "12, B.M.C. Transit Camp, Byculla, Tadwadi, Mazgaon, Mumbai, Maharashtra 400010",
        "ELEVATOR_CONTACT_LIST": null,
        "ELEVATOR_INTERCOM": null,
        "WORKING_HRS": null,
        "EMPLOYEE_QTY": null,
        "EMPLOYEE_MALE": null,
        "EMPLOYEE_FEMALE": null,
        "EMPLOYEE_DIF_ABLE": null,
        "WORKING_HRS_STR": null,
        "WORKING_HRS_STP": null
      }
    },
    {
      "type": "Feature",
      "id": 977,
      "geometry": {
        "type": "Point",
        "coordinates": [72.82717203680585, 18.97392599273439]
      },
      "properties": {
        "OBJECTID": 977,
        "NAME": "Megharaj Sethi Marg Municipal English School",
        "TYPE": 1,
        "LOCATION": "Meghraj Shetty  marg , behind fire brigade byculla West",
        "ELEVATOR_CONTACT_LIST": null,
        "ELEVATOR_INTERCOM": null,
        "WORKING_HRS": null,
        "EMPLOYEE_QTY": null,
        "EMPLOYEE_MALE": null,
        "EMPLOYEE_FEMALE": null,
        "EMPLOYEE_DIF_ABLE": null,
        "WORKING_HRS_STR": null,
        "WORKING_HRS_STP": null
      }
    },
    {
      "type": "Feature",
      "id": 978,
      "geometry": {
        "type": "Point",
        "coordinates": [72.82633499984547, 18.971300000227657]
      },
      "properties": {
        "OBJECTID": 978,
        "NAME": "Mohd. Umer Rajjab Road Municipal Secondary School",
        "TYPE": 1,
        "LOCATION": "Mohd. Umar Rajjab Road, Madanpura, Champa Compound, Madanpura, Mumbai, Maharashtra 400008",
        "ELEVATOR_CONTACT_LIST": null,
        "ELEVATOR_INTERCOM": null,
        "WORKING_HRS": null,
        "EMPLOYEE_QTY": null,
        "EMPLOYEE_MALE": null,
        "EMPLOYEE_FEMALE": null,
        "EMPLOYEE_DIF_ABLE": null,
        "WORKING_HRS_STR": null,
        "WORKING_HRS_STP": null
      }
    },
    {
      "type": "Feature",
      "id": 980,
      "geometry": {
        "type": "Point",
        "coordinates": [72.83817899987285, 18.97087899993884]
      },
      "properties": {
        "OBJECTID": 980,
        "NAME": "Moti shah Lane Upper Primary Marathi Municipal School",
        "TYPE": 1,
        "LOCATION": "Municipal School Bldg, . Telephone Exchange, Lovelane, Mazgaon, Darukhana, Mazgaon, Mumbai, Maharashtra 400010",
        "ELEVATOR_CONTACT_LIST": null,
        "ELEVATOR_INTERCOM": null,
        "WORKING_HRS": null,
        "EMPLOYEE_QTY": null,
        "EMPLOYEE_MALE": null,
        "EMPLOYEE_FEMALE": null,
        "EMPLOYEE_DIF_ABLE": null,
        "WORKING_HRS_STR": null,
        "WORKING_HRS_STP": null
      }
    },
    {
      "type": "Feature",
      "id": 981,
      "geometry": {
        "type": "Point",
        "coordinates": [72.8371600003178, 18.972069999763985]
      },
      "properties": {
        "OBJECTID": 981,
        "NAME": "Moti Shah Lane Upper Primary Hindi Municipal School",
        "TYPE": 1,
        "LOCATION": "Sai Sagar Chs / Mehata Chambers,Seth Moti Shah Road,Mazgaon,Mumbai",
        "ELEVATOR_CONTACT_LIST": null,
        "ELEVATOR_INTERCOM": null,
        "WORKING_HRS": null,
        "EMPLOYEE_QTY": null,
        "EMPLOYEE_MALE": null,
        "EMPLOYEE_FEMALE": null,
        "EMPLOYEE_DIF_ABLE": null,
        "WORKING_HRS_STR": null,
        "WORKING_HRS_STP": null
      }
    },
    {
      "type": "Feature",
      "id": 982,
      "geometry": {
        "type": "Point",
        "coordinates": [72.83078999963598, 18.96571499981486]
      },
      "properties": {
        "OBJECTID": 982,
        "NAME": "Nagpada Municipal Primary Urdu School",
        "TYPE": 1,
        "LOCATION": "Sofia Zuber Road, Undriya Street, 2Nd Peerkhan St, Nagpada, Mumbai, Maharashtra 400008",
        "ELEVATOR_CONTACT_LIST": null,
        "ELEVATOR_INTERCOM": null,
        "WORKING_HRS": null,
        "EMPLOYEE_QTY": null,
        "EMPLOYEE_MALE": null,
        "EMPLOYEE_FEMALE": null,
        "EMPLOYEE_DIF_ABLE": null,
        "WORKING_HRS_STR": null,
        "WORKING_HRS_STP": null
      }
    },
    {
      "type": "Feature",
      "id": 983,
      "geometry": {
        "type": "Point",
        "coordinates": [72.8461579999402, 18.96585700028095]
      },
      "properties": {
        "OBJECTID": 983,
        "NAME": "Navab Tank Municipal Upper Primary Marathi School",
        "TYPE": 1,
        "LOCATION": "Nawab Tank Road, Dockyard Road East, Dockyard, Mazgaon, Wadi Bandar, Mazgaon, Mumbai, Maharashtra 400010",
        "ELEVATOR_CONTACT_LIST": null,
        "ELEVATOR_INTERCOM": null,
        "WORKING_HRS": null,
        "EMPLOYEE_QTY": null,
        "EMPLOYEE_MALE": null,
        "EMPLOYEE_FEMALE": null,
        "EMPLOYEE_DIF_ABLE": null,
        "WORKING_HRS_STR": null,
        "WORKING_HRS_STP": null
      }
    },
    {
      "type": "Feature",
      "id": 984,
      "geometry": {
        "type": "Point",
        "coordinates": [72.84149999981987, 18.977599999861514]
      },
      "properties": {
        "OBJECTID": 984,
        "NAME": "Rambhau Bhogale Municipal Marathi School Dm Plan",
        "TYPE": 1,
        "LOCATION": "Abdul Raoot Insan Alikhan, 58-74,Shri Kesarinath Ramchandra Mhatre Marg,Reay Road Station,Mazgaon,Mumbai Central,Mumbai-400010",
        "ELEVATOR_CONTACT_LIST": null,
        "ELEVATOR_INTERCOM": null,
        "WORKING_HRS": null,
        "EMPLOYEE_QTY": null,
        "EMPLOYEE_MALE": null,
        "EMPLOYEE_FEMALE": null,
        "EMPLOYEE_DIF_ABLE": null,
        "WORKING_HRS_STR": null,
        "WORKING_HRS_STP": null
      }
    },
    {
      "type": "Feature",
      "id": 985,
      "geometry": {
        "type": "Point",
        "coordinates": [72.83207499980774, 18.97882700007955]
      },
      "properties": {
        "OBJECTID": 985,
        "NAME": "Sadhavi Savitribai Phule Muncipal School",
        "TYPE": 1,
        "LOCATION": "596 Meherpada Compound, N M Joshi Marg, Byculla West, Jacob Circle, Mumbai, Maharashtra 400027",
        "ELEVATOR_CONTACT_LIST": null,
        "ELEVATOR_INTERCOM": null,
        "WORKING_HRS": null,
        "EMPLOYEE_QTY": null,
        "EMPLOYEE_MALE": null,
        "EMPLOYEE_FEMALE": null,
        "EMPLOYEE_DIF_ABLE": null,
        "WORKING_HRS_STR": null,
        "WORKING_HRS_STP": null
      }
    },
    {
      "type": "Feature",
      "id": 986,
      "geometry": {
        "type": "Point",
        "coordinates": [72.8308100000969, 18.965647000175743]
      },
      "properties": {
        "OBJECTID": 986,
        "NAME": "Underia Street Upper Primary Municipal Urdu School",
        "TYPE": 1,
        "LOCATION": "Sofia Zuber Road, Undriya Street, 2Nd Peerkhan St, Nagpada, Mumbai, Maharashtra 400008",
        "ELEVATOR_CONTACT_LIST": null,
        "ELEVATOR_INTERCOM": null,
        "WORKING_HRS": null,
        "EMPLOYEE_QTY": null,
        "EMPLOYEE_MALE": null,
        "EMPLOYEE_FEMALE": null,
        "EMPLOYEE_DIF_ABLE": null,
        "WORKING_HRS_STR": null,
        "WORKING_HRS_STP": null
      }
    },
    {
      "type": "Feature",
      "id": 987,
      "geometry": {
        "type": "Point",
        "coordinates": [72.84589899970206, 18.960178999733863]
      },
      "properties": {
        "OBJECTID": 987,
        "NAME": "Avicenna International School",
        "TYPE": 4,
        "LOCATION": "Mujawar Pakhadi Rd, Princess Dock, Wadi Bandar, Mazgaon, Mumbai, Maharashtra 400009",
        "ELEVATOR_CONTACT_LIST": null,
        "ELEVATOR_INTERCOM": null,
        "WORKING_HRS": null,
        "EMPLOYEE_QTY": null,
        "EMPLOYEE_MALE": null,
        "EMPLOYEE_FEMALE": null,
        "EMPLOYEE_DIF_ABLE": null,
        "WORKING_HRS_STR": null,
        "WORKING_HRS_STP": null
      }
    },
    {
      "type": "Feature",
      "id": 988,
      "geometry": {
        "type": "Point",
        "coordinates": [72.83741800032489, 18.96740500030799]
      },
      "properties": {
        "OBJECTID": 988,
        "NAME": "Water Street Municipal Urdu Primary School",
        "TYPE": 1,
        "LOCATION": "Water Street, Byculla (W), Mumbai. 400 011.",
        "ELEVATOR_CONTACT_LIST": null,
        "ELEVATOR_INTERCOM": null,
        "WORKING_HRS": null,
        "EMPLOYEE_QTY": null,
        "EMPLOYEE_MALE": null,
        "EMPLOYEE_FEMALE": null,
        "EMPLOYEE_DIF_ABLE": null,
        "WORKING_HRS_STR": null,
        "WORKING_HRS_STP": null
      }
    },
    {
      "type": "Feature",
      "id": 989,
      "geometry": {
        "type": "Point",
        "coordinates": [72.82673799982925, 18.967889999858112]
      },
      "properties": {
        "OBJECTID": 989,
        "NAME": "Khairul Islam Higher Education Societys Maharashtra College Of Arts Science & Commerce",
        "TYPE": 4,
        "LOCATION": "246 - A, Jehangir Boman Behram Marg. Byculla (West)",
        "ELEVATOR_CONTACT_LIST": null,
        "ELEVATOR_INTERCOM": null,
        "WORKING_HRS": null,
        "EMPLOYEE_QTY": null,
        "EMPLOYEE_MALE": null,
        "EMPLOYEE_FEMALE": null,
        "EMPLOYEE_DIF_ABLE": null,
        "WORKING_HRS_STR": null,
        "WORKING_HRS_STP": null
      }
    },
    {
      "type": "Feature",
      "id": 990,
      "geometry": {
        "type": "Point",
        "coordinates": [72.85090000045061, 19.037900000277798]
      },
      "properties": {
        "OBJECTID": 990,
        "NAME": "Azad Nagar Municipal Gujarati School Dm Plan-21.4.2016",
        "TYPE": 1,
        "LOCATION": "Matunga Labour Camp,Dharavi,Mumbai-400017",
        "ELEVATOR_CONTACT_LIST": null,
        "ELEVATOR_INTERCOM": null,
        "WORKING_HRS": null,
        "EMPLOYEE_QTY": null,
        "EMPLOYEE_MALE": null,
        "EMPLOYEE_FEMALE": null,
        "EMPLOYEE_DIF_ABLE": null,
        "WORKING_HRS_STR": null,
        "WORKING_HRS_STP": null
      }
    },
    {
      "type": "Feature",
      "id": 991,
      "geometry": {
        "type": "Point",
        "coordinates": [72.85572199957534, 19.02857700005023]
      },
      "properties": {
        "OBJECTID": 991,
        "NAME": "Matunga Kings Circle Muncipal School",
        "TYPE": 1,
        "LOCATION": "King Circle Matunga Shraddhanand Mahilashram Road Matunga East Mumbai 400019",
        "ELEVATOR_CONTACT_LIST": null,
        "ELEVATOR_INTERCOM": null,
        "WORKING_HRS": null,
        "EMPLOYEE_QTY": null,
        "EMPLOYEE_MALE": null,
        "EMPLOYEE_FEMALE": null,
        "EMPLOYEE_DIF_ABLE": null,
        "WORKING_HRS_STR": null,
        "WORKING_HRS_STP": null
      }
    },
    {
      "type": "Feature",
      "id": 992,
      "geometry": {
        "type": "Point",
        "coordinates": [72.8630150004059, 19.040141000165338]
      },
      "properties": {
        "OBJECTID": 992,
        "NAME": "Sion Municipal School (Mumbai Public School)",
        "TYPE": 1,
        "LOCATION": "PLOT NO 174/175,SION EAST",
        "ELEVATOR_CONTACT_LIST": null,
        "ELEVATOR_INTERCOM": null,
        "WORKING_HRS": null,
        "EMPLOYEE_QTY": null,
        "EMPLOYEE_MALE": null,
        "EMPLOYEE_FEMALE": null,
        "EMPLOYEE_DIF_ABLE": null,
        "WORKING_HRS_STR": null,
        "WORKING_HRS_STP": null
      }
    },
    {
      "type": "Feature",
      "id": 993,
      "geometry": {
        "type": "Point",
        "coordinates": [72.85210291783939, 19.013292708743176]
      },
      "properties": {
        "OBJECTID": 993,
        "NAME": "Sahakar Nagar Upper Primary Municipal School",
        "TYPE": 1,
        "LOCATION": "Municipal School Building Behind Wadala Bus Depot, Sahakar Nagar, Wadala, Mumbai, Maharashtra 400031",
        "ELEVATOR_CONTACT_LIST": null,
        "ELEVATOR_INTERCOM": null,
        "WORKING_HRS": null,
        "EMPLOYEE_QTY": null,
        "EMPLOYEE_MALE": null,
        "EMPLOYEE_FEMALE": null,
        "EMPLOYEE_DIF_ABLE": null,
        "WORKING_HRS_STR": null,
        "WORKING_HRS_STP": null
      }
    },
    {
      "type": "Feature",
      "id": 994,
      "geometry": {
        "type": "Point",
        "coordinates": [72.85155500002848, 19.027194999812252]
      },
      "properties": {
        "OBJECTID": 994,
        "NAME": "L.K Waghji Municipal School (Mumbai Public School) ",
        "TYPE": 1,
        "LOCATION": "L.K.Waghaji Municipal Secondary School,Near Mahila Asram,Matunga Mumbai-400019",
        "ELEVATOR_CONTACT_LIST": null,
        "ELEVATOR_INTERCOM": null,
        "WORKING_HRS": null,
        "EMPLOYEE_QTY": null,
        "EMPLOYEE_MALE": null,
        "EMPLOYEE_FEMALE": null,
        "EMPLOYEE_DIF_ABLE": null,
        "WORKING_HRS_STR": null,
        "WORKING_HRS_STP": null
      }
    },
    {
      "type": "Feature",
      "id": 995,
      "geometry": {
        "type": "Point",
        "coordinates": [72.85323900034973, 19.0145799998526]
      },
      "properties": {
        "OBJECTID": 995,
        "NAME": "(Duplicate) Dr. Ambedkar College Of Law/Ifb Authorized Washing Machine Service Center",
        "TYPE": 4,
        "LOCATION": "Tilak Road Opp Wadala B.E.S.T Depot, Wadala (W)",
        "ELEVATOR_CONTACT_LIST": null,
        "ELEVATOR_INTERCOM": null,
        "WORKING_HRS": null,
        "EMPLOYEE_QTY": null,
        "EMPLOYEE_MALE": null,
        "EMPLOYEE_FEMALE": null,
        "EMPLOYEE_DIF_ABLE": null,
        "WORKING_HRS_STR": null,
        "WORKING_HRS_STP": null
      }
    },
    {
      "type": "Feature",
      "id": 996,
      "geometry": {
        "type": "Point",
        "coordinates": [72.85923500040262, 19.02078000020146]
      },
      "properties": {
        "OBJECTID": 996,
        "NAME": "S.I.W.S. N.R. Swamy College Of Commerce & Economics And Smt. Thirumalai College Of Science",
        "TYPE": 4,
        "LOCATION": "Major Parmeshwaran Marg, Sewree Wadala Estate, Plot No.337, Wadala(West)",
        "ELEVATOR_CONTACT_LIST": null,
        "ELEVATOR_INTERCOM": null,
        "WORKING_HRS": null,
        "EMPLOYEE_QTY": null,
        "EMPLOYEE_MALE": null,
        "EMPLOYEE_FEMALE": null,
        "EMPLOYEE_DIF_ABLE": null,
        "WORKING_HRS_STR": null,
        "WORKING_HRS_STP": null
      }
    },
    {
      "type": "Feature",
      "id": 998,
      "geometry": {
        "type": "Point",
        "coordinates": [72.84265800033609, 18.988069999866436]
      },
      "properties": {
        "OBJECTID": 998,
        "NAME": "Abhyuday Nagar Municipal Public School",
        "TYPE": 1,
        "LOCATION": "Abhuday Nagar School",
        "ELEVATOR_CONTACT_LIST": null,
        "ELEVATOR_INTERCOM": null,
        "WORKING_HRS": null,
        "EMPLOYEE_QTY": null,
        "EMPLOYEE_MALE": null,
        "EMPLOYEE_FEMALE": null,
        "EMPLOYEE_DIF_ABLE": null,
        "WORKING_HRS_STR": null,
        "WORKING_HRS_STP": null
      }
    },
    {
      "type": "Feature",
      "id": 999,
      "geometry": {
        "type": "Point",
        "coordinates": [72.8467659997903, 18.99631300016665]
      },
      "properties": {
        "OBJECTID": 999,
        "NAME": "Chandika Sansthan Vasahat Municipal Lower Primary Marathi School",
        "TYPE": 1,
        "LOCATION": "Municipal School Building, G.D. Ambedkar Marg, Katewadi, Pare, Sindhu Nagar, Parel, Mumbai, Maharashtra 400012",
        "ELEVATOR_CONTACT_LIST": null,
        "ELEVATOR_INTERCOM": null,
        "WORKING_HRS": null,
        "EMPLOYEE_QTY": null,
        "EMPLOYEE_MALE": null,
        "EMPLOYEE_FEMALE": null,
        "EMPLOYEE_DIF_ABLE": null,
        "WORKING_HRS_STR": null,
        "WORKING_HRS_STP": null
      }
    },
    {
      "type": "Feature",
      "id": 1000,
      "geometry": {
        "type": "Point",
        "coordinates": [72.83702700004848, 19.00588799990092]
      },
      "properties": {
        "OBJECTID": 1000,
        "NAME": "Ja\u0123annath Bhatankar Marg Upper Primary Marathi Shala",
        "TYPE": 1,
        "LOCATION": "Muncipal School Building, Vitthal Chavan Road, Krishna Nagar, Parel, Mumbai, Maharashtra 400012",
        "ELEVATOR_CONTACT_LIST": null,
        "ELEVATOR_INTERCOM": null,
        "WORKING_HRS": null,
        "EMPLOYEE_QTY": null,
        "EMPLOYEE_MALE": null,
        "EMPLOYEE_FEMALE": null,
        "EMPLOYEE_DIF_ABLE": null,
        "WORKING_HRS_STR": null,
        "WORKING_HRS_STP": null
      }
    },
    {
      "type": "Feature",
      "id": 1001,
      "geometry": {
        "type": "Point",
        "coordinates": [72.84519999979463, 19.006200000107007]
      },
      "properties": {
        "OBJECTID": 1001,
        "NAME": "New Naigaon Municiapl Telgu School",
        "TYPE": 1,
        "LOCATION": "Dr.B.R.Ambedkar Road, Near Hindmata Talkies, Naigaon, Dadar East, Mumbai-400014",
        "ELEVATOR_CONTACT_LIST": null,
        "ELEVATOR_INTERCOM": null,
        "WORKING_HRS": null,
        "EMPLOYEE_QTY": null,
        "EMPLOYEE_MALE": null,
        "EMPLOYEE_FEMALE": null,
        "EMPLOYEE_DIF_ABLE": null,
        "WORKING_HRS_STR": null,
        "WORKING_HRS_STP": null
      }
    },
    {
      "type": "Feature",
      "id": 1002,
      "geometry": {
        "type": "Point",
        "coordinates": [72.8519999999389, 18.99929999964852]
      },
      "properties": {
        "OBJECTID": 1002,
        "NAME": "Prabodhankar Thakre Municipal Marathi School",
        "TYPE": 1,
        "LOCATION": "Prabodhankar  Thakare Kridangan marg Mumbai .400015",
        "ELEVATOR_CONTACT_LIST": null,
        "ELEVATOR_INTERCOM": null,
        "WORKING_HRS": null,
        "EMPLOYEE_QTY": null,
        "EMPLOYEE_MALE": null,
        "EMPLOYEE_FEMALE": null,
        "EMPLOYEE_DIF_ABLE": null,
        "WORKING_HRS_STR": null,
        "WORKING_HRS_STP": null
      }
    },
    {
      "type": "Feature",
      "id": 1003,
      "geometry": {
        "type": "Point",
        "coordinates": [72.85421199963562, 19.00328999954455]
      },
      "properties": {
        "OBJECTID": 1003,
        "NAME": "Sewri Municipal Upper Primary Urdu School",
        "TYPE": 1,
        "LOCATION": "Seweri Cross road municipal School building R A K Road Seweri Mumbai-400015",
        "ELEVATOR_CONTACT_LIST": null,
        "ELEVATOR_INTERCOM": null,
        "WORKING_HRS": null,
        "EMPLOYEE_QTY": null,
        "EMPLOYEE_MALE": null,
        "EMPLOYEE_FEMALE": null,
        "EMPLOYEE_DIF_ABLE": null,
        "WORKING_HRS_STR": null,
        "WORKING_HRS_STP": null
      }
    },
    {
      "type": "Feature",
      "id": 1004,
      "geometry": {
        "type": "Point",
        "coordinates": [72.84277100039942, 19.01174799990614]
      },
      "properties": {
        "OBJECTID": 1004,
        "NAME": "Shankar Rao Palav Marg Municipal School",
        "TYPE": 1,
        "LOCATION": "Shankar Palav marg above Metropolitan court Dadar east Mumbai- 400014",
        "ELEVATOR_CONTACT_LIST": null,
        "ELEVATOR_INTERCOM": null,
        "WORKING_HRS": null,
        "EMPLOYEE_QTY": null,
        "EMPLOYEE_MALE": null,
        "EMPLOYEE_FEMALE": null,
        "EMPLOYEE_DIF_ABLE": null,
        "WORKING_HRS_STR": null,
        "WORKING_HRS_STP": null
      }
    },
    {
      "type": "Feature",
      "id": 1005,
      "geometry": {
        "type": "Point",
        "coordinates": [72.85422599982859, 19.00327599971918]
      },
      "properties": {
        "OBJECTID": 1005,
        "NAME": "Sewri Koliwada Municipal School",
        "TYPE": 1,
        "LOCATION": "Sewri, Mumbai, Maharashtra 400015",
        "ELEVATOR_CONTACT_LIST": null,
        "ELEVATOR_INTERCOM": null,
        "WORKING_HRS": null,
        "EMPLOYEE_QTY": null,
        "EMPLOYEE_MALE": null,
        "EMPLOYEE_FEMALE": null,
        "EMPLOYEE_DIF_ABLE": null,
        "WORKING_HRS_STR": null,
        "WORKING_HRS_STP": null
      }
    },
    {
      "type": "Feature",
      "id": 1006,
      "geometry": {
        "type": "Point",
        "coordinates": [72.84759999966532, 18.991800000033777]
      },
      "properties": {
        "OBJECTID": 1006,
        "NAME": "Zakeria Bander Municipal Urdu School",
        "TYPE": 1,
        "LOCATION": "Tokershi Jivraj Rd, Cotton Green Zakaria B, Abhyudaya Nagar, Parel, Mumbai, Maharashtra 400033",
        "ELEVATOR_CONTACT_LIST": null,
        "ELEVATOR_INTERCOM": null,
        "WORKING_HRS": null,
        "EMPLOYEE_QTY": null,
        "EMPLOYEE_MALE": null,
        "EMPLOYEE_FEMALE": null,
        "EMPLOYEE_DIF_ABLE": null,
        "WORKING_HRS_STR": null,
        "WORKING_HRS_STP": null
      }
    },
    {
      "type": "Feature",
      "id": 1007,
      "geometry": {
        "type": "Point",
        "coordinates": [72.8479000002504, 19.0000999999671]
      },
      "properties": {
        "OBJECTID": 1007,
        "NAME": "Baradevi Upper Primary Municipal Marathi School",
        "TYPE": 1,
        "LOCATION": "Acharya Donde  Marg Parel Mumbai-400012",
        "ELEVATOR_CONTACT_LIST": null,
        "ELEVATOR_INTERCOM": null,
        "WORKING_HRS": null,
        "EMPLOYEE_QTY": null,
        "EMPLOYEE_MALE": null,
        "EMPLOYEE_FEMALE": null,
        "EMPLOYEE_DIF_ABLE": null,
        "WORKING_HRS_STR": null,
        "WORKING_HRS_STP": null
      }
    },
    {
      "type": "Feature",
      "id": 1008,
      "geometry": {
        "type": "Point",
        "coordinates": [72.84600900042129, 19.004849000228536]
      },
      "properties": {
        "OBJECTID": 1008,
        "NAME": "Parel Bhoiwada Municipal Upper Primary Gujrati School.",
        "TYPE": 1,
        "LOCATION": "579, G D Ambekar Rd, Bhoiwada, Parel, Mumbai, Maharashtra 400012",
        "ELEVATOR_CONTACT_LIST": null,
        "ELEVATOR_INTERCOM": null,
        "WORKING_HRS": null,
        "EMPLOYEE_QTY": null,
        "EMPLOYEE_MALE": null,
        "EMPLOYEE_FEMALE": null,
        "EMPLOYEE_DIF_ABLE": null,
        "WORKING_HRS_STR": null,
        "WORKING_HRS_STP": null
      }
    },
    {
      "type": "Feature",
      "id": 1009,
      "geometry": {
        "type": "Point",
        "coordinates": [72.85429100041534, 19.008083000318532]
      },
      "properties": {
        "OBJECTID": 1009,
        "NAME": "Dnyaneshwar Vidyalaya",
        "TYPE": 4,
        "LOCATION": "Rafi Ahmed Kidwai Rd, Madhav Nagar, Maharashtra House, Mumbai, Maharashtra 400031",
        "ELEVATOR_CONTACT_LIST": null,
        "ELEVATOR_INTERCOM": null,
        "WORKING_HRS": null,
        "EMPLOYEE_QTY": null,
        "EMPLOYEE_MALE": null,
        "EMPLOYEE_FEMALE": null,
        "EMPLOYEE_DIF_ABLE": null,
        "WORKING_HRS_STR": null,
        "WORKING_HRS_STP": null
      }
    },
    {
      "type": "Feature",
      "id": 1010,
      "geometry": {
        "type": "Point",
        "coordinates": [72.82802900002662, 19.016074000278508]
      },
      "properties": {
        "OBJECTID": 1010,
        "NAME": "Prabhadevi Municipal Marathi Primary School",
        "TYPE": 1,
        "LOCATION": "Muncipal School Building, Chavani Galli, Veer Savarkar Road, Prabhadevi, Rbi Colony, Prabhadevi, Mumbai, Maharashtra 400025",
        "ELEVATOR_CONTACT_LIST": null,
        "ELEVATOR_INTERCOM": null,
        "WORKING_HRS": null,
        "EMPLOYEE_QTY": null,
        "EMPLOYEE_MALE": null,
        "EMPLOYEE_FEMALE": null,
        "EMPLOYEE_DIF_ABLE": null,
        "WORKING_HRS_STR": null,
        "WORKING_HRS_STP": null
      }
    },
    {
      "type": "Feature",
      "id": 1011,
      "geometry": {
        "type": "Point",
        "coordinates": [72.84680000046691, 18.997199999753263]
      },
      "properties": {
        "OBJECTID": 1011,
        "NAME": "(Duplicate) Chandikadevi Municipal School",
        "TYPE": 1,
        "LOCATION": "Sriram Tekdi Rd, Sindhu Nagar, Parel, Mumbai, Maharashtra 400015",
        "ELEVATOR_CONTACT_LIST": null,
        "ELEVATOR_INTERCOM": null,
        "WORKING_HRS": null,
        "EMPLOYEE_QTY": null,
        "EMPLOYEE_MALE": null,
        "EMPLOYEE_FEMALE": null,
        "EMPLOYEE_DIF_ABLE": null,
        "WORKING_HRS_STR": null,
        "WORKING_HRS_STP": null
      }
    },
    {
      "type": "Feature",
      "id": 1012,
      "geometry": {
        "type": "Point",
        "coordinates": [72.84010799953504, 19.003989000265697]
      },
      "properties": {
        "OBJECTID": 1012,
        "NAME": "Dr. T.K. Tope Arts & Commerce Night (Senior) College Parel",
        "TYPE": 4,
        "LOCATION": "21, Gokhale Society Lane Acharya Donde Vidyanagar Parel(East)",
        "ELEVATOR_CONTACT_LIST": null,
        "ELEVATOR_INTERCOM": null,
        "WORKING_HRS": null,
        "EMPLOYEE_QTY": null,
        "EMPLOYEE_MALE": null,
        "EMPLOYEE_FEMALE": null,
        "EMPLOYEE_DIF_ABLE": null,
        "WORKING_HRS_STR": null,
        "WORKING_HRS_STP": null
      }
    },
    {
      "type": "Feature",
      "id": 1013,
      "geometry": {
        "type": "Point",
        "coordinates": [72.84010800025004, 19.003789999697076]
      },
      "properties": {
        "OBJECTID": 1013,
        "NAME": "Gokhale Education Society College Of Education And Research",
        "TYPE": 4,
        "LOCATION": "Achary Donde Nagar, Gokhale Society Lane, Parel-12 Parel(East)",
        "ELEVATOR_CONTACT_LIST": null,
        "ELEVATOR_INTERCOM": null,
        "WORKING_HRS": null,
        "EMPLOYEE_QTY": null,
        "EMPLOYEE_MALE": null,
        "EMPLOYEE_FEMALE": null,
        "EMPLOYEE_DIF_ABLE": null,
        "WORKING_HRS_STR": null,
        "WORKING_HRS_STP": null
      }
    },
    {
      "type": "Feature",
      "id": 1014,
      "geometry": {
        "type": "Point",
        "coordinates": [72.83976300000525, 19.00195099976839]
      },
      "properties": {
        "OBJECTID": 1014,
        "NAME": "Late Narayan Meghaji Lokhande Maharashtra InstituteOf Labour Studies",
        "TYPE": 3,
        "LOCATION": "Dadabhai Chamarbaugwala Road, Parel Parel(East)",
        "ELEVATOR_CONTACT_LIST": null,
        "ELEVATOR_INTERCOM": null,
        "WORKING_HRS": null,
        "EMPLOYEE_QTY": null,
        "EMPLOYEE_MALE": null,
        "EMPLOYEE_FEMALE": null,
        "EMPLOYEE_DIF_ABLE": null,
        "WORKING_HRS_STR": null,
        "WORKING_HRS_STP": null
      }
    },
    {
      "type": "Feature",
      "id": 1015,
      "geometry": {
        "type": "Point",
        "coordinates": [72.84097699979984, 18.998542000059043]
      },
      "properties": {
        "OBJECTID": 1015,
        "NAME": "Maharshi Dayanand College Of Arts Science & Commerce",
        "TYPE": 4,
        "LOCATION": "Shri. Mangaldas Verma Chowk, 25 Dr. S. S. Rao Road Parel(East)",
        "ELEVATOR_CONTACT_LIST": null,
        "ELEVATOR_INTERCOM": null,
        "WORKING_HRS": null,
        "EMPLOYEE_QTY": null,
        "EMPLOYEE_MALE": null,
        "EMPLOYEE_FEMALE": null,
        "EMPLOYEE_DIF_ABLE": null,
        "WORKING_HRS_STR": null,
        "WORKING_HRS_STP": null
      }
    },
    {
      "type": "Feature",
      "id": 1016,
      "geometry": {
        "type": "Point",
        "coordinates": [72.84320000025254, 19.027499999740535]
      },
      "properties": {
        "OBJECTID": 1016,
        "NAME": "Dadar Woolan Mill Lane",
        "TYPE": 4,
        "LOCATION": "J.K.Sawant Marg Nr Yeswant Natya Mandir Mumbai400016",
        "ELEVATOR_CONTACT_LIST": null,
        "ELEVATOR_INTERCOM": null,
        "WORKING_HRS": null,
        "EMPLOYEE_QTY": null,
        "EMPLOYEE_MALE": null,
        "EMPLOYEE_FEMALE": null,
        "EMPLOYEE_DIF_ABLE": null,
        "WORKING_HRS_STR": null,
        "WORKING_HRS_STP": null
      }
    },
    {
      "type": "Feature",
      "id": 1017,
      "geometry": {
        "type": "Point",
        "coordinates": [72.85375599952815, 19.04555299995658]
      },
      "properties": {
        "OBJECTID": 1017,
        "NAME": "Dharavi Cross Road Municipal  School \r\n",
        "TYPE": 1,
        "LOCATION": "Jayegi Bhimji Building Bhatiya Nagar,Dharavi Main Road Dharavi 400017",
        "ELEVATOR_CONTACT_LIST": null,
        "ELEVATOR_INTERCOM": null,
        "WORKING_HRS": null,
        "EMPLOYEE_QTY": null,
        "EMPLOYEE_MALE": null,
        "EMPLOYEE_FEMALE": null,
        "EMPLOYEE_DIF_ABLE": null,
        "WORKING_HRS_STR": null,
        "WORKING_HRS_STP": null
      }
    },
    {
      "type": "Feature",
      "id": 1018,
      "geometry": {
        "type": "Point",
        "coordinates": [72.85950000017513, 19.04290000029389]
      },
      "properties": {
        "OBJECTID": 1018,
        "NAME": "Dharavi Transit Camp Municipal School",
        "TYPE": 1,
        "LOCATION": "Mahatama Gandhi Rd, Dharavi West, Indira Nagar, Dharavi, Mumbai, Maharashtra 400017",
        "ELEVATOR_CONTACT_LIST": null,
        "ELEVATOR_INTERCOM": null,
        "WORKING_HRS": null,
        "EMPLOYEE_QTY": null,
        "EMPLOYEE_MALE": null,
        "EMPLOYEE_FEMALE": null,
        "EMPLOYEE_DIF_ABLE": null,
        "WORKING_HRS_STR": null,
        "WORKING_HRS_STP": null
      }
    },
    {
      "type": "Feature",
      "id": 1019,
      "geometry": {
        "type": "Point",
        "coordinates": [72.85557499994009, 19.047512000236587]
      },
      "properties": {
        "OBJECTID": 1019,
        "NAME": "Kannadi Chawl Upper Primary Tamil",
        "TYPE": 1,
        "LOCATION": "M.L. Patil Chawl, Shastri Nagar, Near Linking Road, Mahim, E, Dharavi Main Rd, Dharavi, Mumbai, Maharashtra 400017",
        "ELEVATOR_CONTACT_LIST": null,
        "ELEVATOR_INTERCOM": null,
        "WORKING_HRS": null,
        "EMPLOYEE_QTY": null,
        "EMPLOYEE_MALE": null,
        "EMPLOYEE_FEMALE": null,
        "EMPLOYEE_DIF_ABLE": null,
        "WORKING_HRS_STR": null,
        "WORKING_HRS_STP": null
      }
    },
    {
      "type": "Feature",
      "id": 1020,
      "geometry": {
        "type": "Point",
        "coordinates": [72.8380659998458, 19.047412999839764]
      },
      "properties": {
        "OBJECTID": 1020,
        "NAME": "Mahim Causeway Lower Primary Municipal School",
        "TYPE": 1,
        "LOCATION": "Pratham, Mahim Koliwada, Mahim West, Mahim, Mumbai, Maharashtra 400016",
        "ELEVATOR_CONTACT_LIST": null,
        "ELEVATOR_INTERCOM": null,
        "WORKING_HRS": null,
        "EMPLOYEE_QTY": null,
        "EMPLOYEE_MALE": null,
        "EMPLOYEE_FEMALE": null,
        "EMPLOYEE_DIF_ABLE": null,
        "WORKING_HRS_STR": null,
        "WORKING_HRS_STP": null
      }
    },
    {
      "type": "Feature",
      "id": 1021,
      "geometry": {
        "type": "Point",
        "coordinates": [72.83485800040025, 19.016718000054592]
      },
      "properties": {
        "OBJECTID": 1021,
        "NAME": "Mahim Police Colony Municipal Upper Primary Marathi School",
        "TYPE": 1,
        "LOCATION": "1, Gokhale Rd N, Babasaheb Ambedkar Nagar, Dadar, Mumbai, Maharashtra 400028",
        "ELEVATOR_CONTACT_LIST": null,
        "ELEVATOR_INTERCOM": null,
        "WORKING_HRS": null,
        "EMPLOYEE_QTY": null,
        "EMPLOYEE_MALE": null,
        "EMPLOYEE_FEMALE": null,
        "EMPLOYEE_DIF_ABLE": null,
        "WORKING_HRS_STR": null,
        "WORKING_HRS_STP": null
      }
    },
    {
      "type": "Feature",
      "id": 1022,
      "geometry": {
        "type": "Point",
        "coordinates": [72.85090000045061, 19.037900000277798]
      },
      "properties": {
        "OBJECTID": 1022,
        "NAME": "Matunga Labour Camp 1 Municipal School",
        "TYPE": 1,
        "LOCATION": "13, Jasmine Mill Rd, Matunga Labour Camp, Dharavi, Mumbai, Maharashtra 400019",
        "ELEVATOR_CONTACT_LIST": null,
        "ELEVATOR_INTERCOM": null,
        "WORKING_HRS": null,
        "EMPLOYEE_QTY": null,
        "EMPLOYEE_MALE": null,
        "EMPLOYEE_FEMALE": null,
        "EMPLOYEE_DIF_ABLE": null,
        "WORKING_HRS_STR": null,
        "WORKING_HRS_STP": null
      }
    },
    {
      "type": "Feature",
      "id": 1023,
      "geometry": {
        "type": "Point",
        "coordinates": [72.84440000035146, 19.038800000042382]
      },
      "properties": {
        "OBJECTID": 1023,
        "NAME": "New Mahim Upper Primary Municipal English School",
        "TYPE": 1,
        "LOCATION": "491, Gabriel Rd, Geeta Nagar, New Dinkar Co Operative Housing Society,Mahim, Mumbai, Maharashtra 400016",
        "ELEVATOR_CONTACT_LIST": null,
        "ELEVATOR_INTERCOM": null,
        "WORKING_HRS": null,
        "EMPLOYEE_QTY": null,
        "EMPLOYEE_MALE": null,
        "EMPLOYEE_FEMALE": null,
        "EMPLOYEE_DIF_ABLE": null,
        "WORKING_HRS_STR": null,
        "WORKING_HRS_STP": null
      }
    },
    {
      "type": "Feature",
      "id": 1024,
      "geometry": {
        "type": "Point",
        "coordinates": [72.85378699993478, 19.045562000175554]
      },
      "properties": {
        "OBJECTID": 1024,
        "NAME": "Shankar Kawade Chawl Municiapl School",
        "TYPE": 1,
        "LOCATION": "Rajarshi Shahu Nagar, Jasmine Mill Compound, Sheshwadi, Mahim, Mumbai, Maharashtra 400017",
        "ELEVATOR_CONTACT_LIST": null,
        "ELEVATOR_INTERCOM": null,
        "WORKING_HRS": null,
        "EMPLOYEE_QTY": null,
        "EMPLOYEE_MALE": null,
        "EMPLOYEE_FEMALE": null,
        "EMPLOYEE_DIF_ABLE": null,
        "WORKING_HRS_STR": null,
        "WORKING_HRS_STP": null
      }
    },
    {
      "type": "Feature",
      "id": 1025,
      "geometry": {
        "type": "Point",
        "coordinates": [72.8559641575676, 19.04641724508345]
      },
      "properties": {
        "OBJECTID": 1025,
        "NAME": "Shashtri Nagar Municiapal Lower Primary Marathi School",
        "TYPE": 1,
        "LOCATION": "Shastri Nagar Bmc School,Dharavi Road,Dharavi,Mumbai-400017",
        "ELEVATOR_CONTACT_LIST": null,
        "ELEVATOR_INTERCOM": null,
        "WORKING_HRS": null,
        "EMPLOYEE_QTY": null,
        "EMPLOYEE_MALE": null,
        "EMPLOYEE_FEMALE": null,
        "EMPLOYEE_DIF_ABLE": null,
        "WORKING_HRS_STR": null,
        "WORKING_HRS_STP": null
      }
    },
    {
      "type": "Feature",
      "id": 1026,
      "geometry": {
        "type": "Point",
        "coordinates": [72.84457200040238, 19.038827999629582]
      },
      "properties": {
        "OBJECTID": 1026,
        "NAME": "Mahim Municipal School",
        "TYPE": 1,
        "LOCATION": "491, Gabriel Rd, Geeta Nagar, New Dinkar Co Operative Housing Society, Mahim, Mumbai, Maharashtra 400016",
        "ELEVATOR_CONTACT_LIST": null,
        "ELEVATOR_INTERCOM": null,
        "WORKING_HRS": null,
        "EMPLOYEE_QTY": null,
        "EMPLOYEE_MALE": null,
        "EMPLOYEE_FEMALE": null,
        "EMPLOYEE_DIF_ABLE": null,
        "WORKING_HRS_STR": null,
        "WORKING_HRS_STP": null
      }
    },
    {
      "type": "Feature",
      "id": 1028,
      "geometry": {
        "type": "Point",
        "coordinates": [72.8313669997777, 19.021610000147767]
      },
      "properties": {
        "OBJECTID": 1028,
        "NAME": "Deccan Education Societys Kirti M. Dongursee College Of Arts Science & Commerce",
        "TYPE": 4,
        "LOCATION": "Kashinath Dhuru Road, Off. Veer Savarkar Marg, Dadar West, Dadar(W), Mumbai, Maharashtra 400028",
        "ELEVATOR_CONTACT_LIST": null,
        "ELEVATOR_INTERCOM": null,
        "WORKING_HRS": null,
        "EMPLOYEE_QTY": null,
        "EMPLOYEE_MALE": null,
        "EMPLOYEE_FEMALE": null,
        "EMPLOYEE_DIF_ABLE": null,
        "WORKING_HRS_STR": null,
        "WORKING_HRS_STP": null
      }
    },
    {
      "type": "Feature",
      "id": 1029,
      "geometry": {
        "type": "Point",
        "coordinates": [72.84533500019593, 19.027756999551276]
      },
      "properties": {
        "OBJECTID": 1029,
        "NAME": "Modern Education Societys New Law College",
        "TYPE": 4,
        "LOCATION": "Senapati Bapat Marg, Mahim, Mumbai-400 016. Dadar (West)",
        "ELEVATOR_CONTACT_LIST": null,
        "ELEVATOR_INTERCOM": null,
        "WORKING_HRS": null,
        "EMPLOYEE_QTY": null,
        "EMPLOYEE_MALE": null,
        "EMPLOYEE_FEMALE": null,
        "EMPLOYEE_DIF_ABLE": null,
        "WORKING_HRS_STR": null,
        "WORKING_HRS_STP": null
      }
    },
    {
      "type": "Feature",
      "id": 1030,
      "geometry": {
        "type": "Point",
        "coordinates": [72.85020400004983, 19.024705000289035]
      },
      "properties": {
        "OBJECTID": 1030,
        "NAME": "R.A. Podar College Of Commerce & Economics",
        "TYPE": 4,
        "LOCATION": "L.N. Road, Matunga, Mumbai, Maharashtra 400019",
        "ELEVATOR_CONTACT_LIST": null,
        "ELEVATOR_INTERCOM": null,
        "WORKING_HRS": null,
        "EMPLOYEE_QTY": null,
        "EMPLOYEE_MALE": null,
        "EMPLOYEE_FEMALE": null,
        "EMPLOYEE_DIF_ABLE": null,
        "WORKING_HRS_STR": null,
        "WORKING_HRS_STP": null
      }
    },
    {
      "type": "Feature",
      "id": 1031,
      "geometry": {
        "type": "Point",
        "coordinates": [72.85004999952852, 19.023608000243367]
      },
      "properties": {
        "OBJECTID": 1031,
        "NAME": "Shikshan Prasaraka Mandals Ramnarayan Ruia College",
        "TYPE": 4,
        "LOCATION": "L. Nappo Road, Dadar East, Matunga, Mumbai, Maharashtra 400019",
        "ELEVATOR_CONTACT_LIST": null,
        "ELEVATOR_INTERCOM": null,
        "WORKING_HRS": null,
        "EMPLOYEE_QTY": null,
        "EMPLOYEE_MALE": null,
        "EMPLOYEE_FEMALE": null,
        "EMPLOYEE_DIF_ABLE": null,
        "WORKING_HRS_STR": null,
        "WORKING_HRS_STP": null
      }
    },
    {
      "type": "Feature",
      "id": 1032,
      "geometry": {
        "type": "Point",
        "coordinates": [72.83527300040903, 19.007664000317018]
      },
      "properties": {
        "OBJECTID": 1032,
        "NAME": "Globe Mill Municipal School",
        "TYPE": 1,
        "LOCATION": "Pandurang Budhkar Marg, Lower Parel, Mumbai, Maharashtra 400013",
        "ELEVATOR_CONTACT_LIST": null,
        "ELEVATOR_INTERCOM": null,
        "WORKING_HRS": null,
        "EMPLOYEE_QTY": null,
        "EMPLOYEE_MALE": null,
        "EMPLOYEE_FEMALE": null,
        "EMPLOYEE_DIF_ABLE": null,
        "WORKING_HRS_STR": null,
        "WORKING_HRS_STP": null
      }
    },
    {
      "type": "Feature",
      "id": 1033,
      "geometry": {
        "type": "Point",
        "coordinates": [72.82578299984377, 18.981327000146575]
      },
      "properties": {
        "OBJECTID": 1033,
        "NAME": "K.K. Marg Municipal School",
        "TYPE": 1,
        "LOCATION": "Sant Garge Maharaj Chowk, Satrasta, East, Anandilal P Marg, Vaishali Nagar, Rto Colony, Mahalakshmi, Mumbai, Maharashtra 400011",
        "ELEVATOR_CONTACT_LIST": null,
        "ELEVATOR_INTERCOM": null,
        "WORKING_HRS": null,
        "EMPLOYEE_QTY": null,
        "EMPLOYEE_MALE": null,
        "EMPLOYEE_FEMALE": null,
        "EMPLOYEE_DIF_ABLE": null,
        "WORKING_HRS_STR": null,
        "WORKING_HRS_STP": null
      }
    },
    {
      "type": "Feature",
      "id": 1034,
      "geometry": {
        "type": "Point",
        "coordinates": [72.82425199954601, 18.997889000305822]
      },
      "properties": {
        "OBJECTID": 1034,
        "NAME": "G K Marg Municipal School",
        "TYPE": 1,
        "LOCATION": "Ganpatrao Kadam Marg, Lower Parel, Lower Parel, Mumbai, Maharashtra 400013",
        "ELEVATOR_CONTACT_LIST": null,
        "ELEVATOR_INTERCOM": null,
        "WORKING_HRS": null,
        "EMPLOYEE_QTY": null,
        "EMPLOYEE_MALE": null,
        "EMPLOYEE_FEMALE": null,
        "EMPLOYEE_DIF_ABLE": null,
        "WORKING_HRS_STR": null,
        "WORKING_HRS_STP": null
      }
    },
    {
      "type": "Feature",
      "id": 1035,
      "geometry": {
        "type": "Point",
        "coordinates": [72.83480599989096, 19.016584999720486]
      },
      "properties": {
        "OBJECTID": 1035,
        "NAME": "Gokhale Road South Bmc School Bhavani Road",
        "TYPE": 1,
        "LOCATION": "(South), Gokhale Rd, Dadar West, Dadar, Mumbai, Maharashtra 400028",
        "ELEVATOR_CONTACT_LIST": null,
        "ELEVATOR_INTERCOM": null,
        "WORKING_HRS": null,
        "EMPLOYEE_QTY": null,
        "EMPLOYEE_MALE": null,
        "EMPLOYEE_FEMALE": null,
        "EMPLOYEE_DIF_ABLE": null,
        "WORKING_HRS_STR": null,
        "WORKING_HRS_STP": null
      }
    },
    {
      "type": "Feature",
      "id": 1036,
      "geometry": {
        "type": "Point",
        "coordinates": [72.86652299954241, 19.045385999931167]
      },
      "properties": {
        "OBJECTID": 1036,
        "NAME": "Lovegrove Pumping Municipal School (This area under G/S area - wrong mapping) ",
        "TYPE": 1,
        "LOCATION": "Nehru Udyan, Rd No 1, Joglekar Wadi, Sion East, Sion, Mumbai, Maharashtra 400022",
        "ELEVATOR_CONTACT_LIST": null,
        "ELEVATOR_INTERCOM": null,
        "WORKING_HRS": null,
        "EMPLOYEE_QTY": null,
        "EMPLOYEE_MALE": null,
        "EMPLOYEE_FEMALE": null,
        "EMPLOYEE_DIF_ABLE": null,
        "WORKING_HRS_STR": null,
        "WORKING_HRS_STP": null
      }
    },
    {
      "type": "Feature",
      "id": 1037,
      "geometry": {
        "type": "Point",
        "coordinates": [72.82091642670571, 18.994710460837606]
      },
      "properties": {
        "OBJECTID": 1037,
        "NAME": "Kasturba Gandhi Nagar Municipal School. ",
        "TYPE": 1,
        "LOCATION": "3, Gandhi Nagar, Upper Worli, Worli, Mumbai, Maharashtra 400018",
        "ELEVATOR_CONTACT_LIST": null,
        "ELEVATOR_INTERCOM": null,
        "WORKING_HRS": null,
        "EMPLOYEE_QTY": null,
        "EMPLOYEE_MALE": null,
        "EMPLOYEE_FEMALE": null,
        "EMPLOYEE_DIF_ABLE": null,
        "WORKING_HRS_STR": null,
        "WORKING_HRS_STP": null
      }
    },
    {
      "type": "Feature",
      "id": 1038,
      "geometry": {
        "type": "Point",
        "coordinates": [72.85271409509205, 19.03508870362755]
      },
      "properties": {
        "OBJECTID": 1038,
        "NAME": "Worli Labour Camp Municipal School",
        "TYPE": 1,
        "LOCATION": "B/2, Matunga Labour Camp, Dharavi, Mumbai, Maharashtra 400019",
        "ELEVATOR_CONTACT_LIST": null,
        "ELEVATOR_INTERCOM": null,
        "WORKING_HRS": null,
        "EMPLOYEE_QTY": null,
        "EMPLOYEE_MALE": null,
        "EMPLOYEE_FEMALE": null,
        "EMPLOYEE_DIF_ABLE": null,
        "WORKING_HRS_STR": null,
        "WORKING_HRS_STP": null
      }
    },
    {
      "type": "Feature",
      "id": 1039,
      "geometry": {
        "type": "Point",
        "coordinates": [72.81870645048738, 18.992423226775294]
      },
      "properties": {
        "OBJECTID": 1039,
        "NAME": "Jijamata Nagar Municipal School",
        "TYPE": 1,
        "LOCATION": "Dr E Moses Rd, Veer Jijamata Nagar, Jijamata Nagar, Worli, Mumbai, Maharashtra 400018",
        "ELEVATOR_CONTACT_LIST": null,
        "ELEVATOR_INTERCOM": null,
        "WORKING_HRS": null,
        "EMPLOYEE_QTY": null,
        "EMPLOYEE_MALE": null,
        "EMPLOYEE_FEMALE": null,
        "EMPLOYEE_DIF_ABLE": null,
        "WORKING_HRS_STR": null,
        "WORKING_HRS_STP": null
      }
    },
    {
      "type": "Feature",
      "id": 1040,
      "geometry": {
        "type": "Point",
        "coordinates": [72.8312429995347, 19.01488999963173]
      },
      "properties": {
        "OBJECTID": 1040,
        "NAME": "Rachana Sansads Academy Of Architecture Prabhadevi",
        "TYPE": 4,
        "LOCATION": "278, Shankar Ghanekar Marg, Prabhadevi, Mumbai-25 Prabhadevi(West)",
        "ELEVATOR_CONTACT_LIST": null,
        "ELEVATOR_INTERCOM": null,
        "WORKING_HRS": null,
        "EMPLOYEE_QTY": null,
        "EMPLOYEE_MALE": null,
        "EMPLOYEE_FEMALE": null,
        "EMPLOYEE_DIF_ABLE": null,
        "WORKING_HRS_STR": null,
        "WORKING_HRS_STP": null
      }
    },
    {
      "type": "Feature",
      "id": 1041,
      "geometry": {
        "type": "Point",
        "coordinates": [72.81125199996386, 18.957164999730164]
      },
      "properties": {
        "OBJECTID": 1041,
        "NAME": "Bharatiya Vidya Bhavans Hazarimal Somani College",
        "TYPE": 4,
        "LOCATION": "K.M.Munshi Marg Chowpatty Grant Road (W)",
        "ELEVATOR_CONTACT_LIST": null,
        "ELEVATOR_INTERCOM": null,
        "WORKING_HRS": null,
        "EMPLOYEE_QTY": null,
        "EMPLOYEE_MALE": null,
        "EMPLOYEE_FEMALE": null,
        "EMPLOYEE_DIF_ABLE": null,
        "WORKING_HRS_STR": null,
        "WORKING_HRS_STP": null
      }
    },
    {
      "type": "Feature",
      "id": 1042,
      "geometry": {
        "type": "Point",
        "coordinates": [72.85626300003835, 19.025138999885392]
      },
      "properties": {
        "OBJECTID": 1042,
        "NAME": "Guru Nanak Institute Of Management",
        "TYPE": 4,
        "LOCATION": "Kings Circle, Matunga East, Matunga, Matunga, Mumbai, Maharashtra 400019",
        "ELEVATOR_CONTACT_LIST": null,
        "ELEVATOR_INTERCOM": null,
        "WORKING_HRS": null,
        "EMPLOYEE_QTY": null,
        "EMPLOYEE_MALE": null,
        "EMPLOYEE_FEMALE": null,
        "EMPLOYEE_DIF_ABLE": null,
        "WORKING_HRS_STR": null,
        "WORKING_HRS_STP": null
      }
    },
    {
      "type": "Feature",
      "id": 1043,
      "geometry": {
        "type": "Point",
        "coordinates": [72.82933199992756, 19.143939000101394]
      },
      "properties": {
        "OBJECTID": 1043,
        "NAME": "Hussain Allana English School",
        "TYPE": 4,
        "LOCATION": "Adarsh Nagar No 1, New Link Road, Oshiwara, Near Highland Park, Andheri West, Highland Park, Andheri West, Mumbai, Maharashtra, 400102",
        "ELEVATOR_CONTACT_LIST": null,
        "ELEVATOR_INTERCOM": null,
        "WORKING_HRS": null,
        "EMPLOYEE_QTY": null,
        "EMPLOYEE_MALE": null,
        "EMPLOYEE_FEMALE": null,
        "EMPLOYEE_DIF_ABLE": null,
        "WORKING_HRS_STR": null,
        "WORKING_HRS_STP": null
      }
    },
    {
      "type": "Feature",
      "id": 1061,
      "geometry": {
        "type": "Point",
        "coordinates": [72.90371900681887, 19.100412387313536]
      },
      "properties": {
        "OBJECTID": 1061,
        "NAME": "Barve Nagar Municipal School",
        "TYPE": 1,
        "LOCATION": "R B Kadam Road, Barve Nagar, Bhatwadi, Ghatkopar West 400084",
        "ELEVATOR_CONTACT_LIST": null,
        "ELEVATOR_INTERCOM": null,
        "WORKING_HRS": null,
        "EMPLOYEE_QTY": null,
        "EMPLOYEE_MALE": null,
        "EMPLOYEE_FEMALE": null,
        "EMPLOYEE_DIF_ABLE": null,
        "WORKING_HRS_STR": null,
        "WORKING_HRS_STP": null
      }
    },
    {
      "type": "Feature",
      "id": 1381,
      "geometry": {
        "type": "Point",
        "coordinates": [72.83967096343534, 18.98051925092947]
      },
      "properties": {
        "OBJECTID": 1381,
        "NAME": "E S Pathanwala Municipal School",
        "TYPE": 1,
        "LOCATION": "ES Patanwala Marg, Opp. Aranya Pavilion, Chaskar Chawl, Dhaku Prabhuchi Wadi, Byculla East, Byculla, Mumbai, Maharashtra 400027",
        "ELEVATOR_CONTACT_LIST": null,
        "ELEVATOR_INTERCOM": null,
        "WORKING_HRS": null,
        "EMPLOYEE_QTY": null,
        "EMPLOYEE_MALE": null,
        "EMPLOYEE_FEMALE": null,
        "EMPLOYEE_DIF_ABLE": null,
        "WORKING_HRS_STR": null,
        "WORKING_HRS_STP": null
      }
    },
    {
      "type": "Feature",
      "id": 1382,
      "geometry": {
        "type": "Point",
        "coordinates": [72.82523199962412, 18.965182999565787]
      },
      "properties": {
        "OBJECTID": 1382,
        "NAME": "Kamathipura Municipal Hindi School",
        "TYPE": 1,
        "LOCATION": "Chandramani Buddha Vihar Marg, Dalal Estate, Kamathipura, Mumbai, Maharashtra 400008",
        "ELEVATOR_CONTACT_LIST": null,
        "ELEVATOR_INTERCOM": null,
        "WORKING_HRS": null,
        "EMPLOYEE_QTY": null,
        "EMPLOYEE_MALE": null,
        "EMPLOYEE_FEMALE": null,
        "EMPLOYEE_DIF_ABLE": null,
        "WORKING_HRS_STR": null,
        "WORKING_HRS_STP": null
      }
    },
    {
      "type": "Feature",
      "id": 1383,
      "geometry": {
        "type": "Point",
        "coordinates": [72.86816775758795, 19.038677047507143]
      },
      "properties": {
        "OBJECTID": 1383,
        "NAME": "Sardar Nagar Municipal School ",
        "TYPE": 1,
        "LOCATION": "Near Samaj Mandir Hall, H M Road, Sion, Mum - 22",
        "ELEVATOR_CONTACT_LIST": null,
        "ELEVATOR_INTERCOM": null,
        "WORKING_HRS": null,
        "EMPLOYEE_QTY": null,
        "EMPLOYEE_MALE": null,
        "EMPLOYEE_FEMALE": null,
        "EMPLOYEE_DIF_ABLE": null,
        "WORKING_HRS_STR": null,
        "WORKING_HRS_STP": null
      }
    },
    {
      "type": "Feature",
      "id": 1384,
      "geometry": {
        "type": "Point",
        "coordinates": [72.86626699998706, 19.035525000275026]
      },
      "properties": {
        "OBJECTID": 1384,
        "NAME": "K D Gaikwad Municipal School",
        "TYPE": 1,
        "LOCATION": "Sardar nagar no 04,Sion,Koliwada, Mumbai. 40000037",
        "ELEVATOR_CONTACT_LIST": null,
        "ELEVATOR_INTERCOM": null,
        "WORKING_HRS": null,
        "EMPLOYEE_QTY": null,
        "EMPLOYEE_MALE": null,
        "EMPLOYEE_FEMALE": null,
        "EMPLOYEE_DIF_ABLE": null,
        "WORKING_HRS_STR": null,
        "WORKING_HRS_STP": null
      }
    },
    {
      "type": "Feature",
      "id": 1385,
      "geometry": {
        "type": "Point",
        "coordinates": [72.82842668482797, 19.00660784067312]
      },
      "properties": {
        "OBJECTID": 1385,
        "NAME": "Globe Mill Municipal School",
        "TYPE": 1,
        "LOCATION": "Pandurang Budhkar Marg, Lower Parel, Mumbai, Maharashtra 400013",
        "ELEVATOR_CONTACT_LIST": null,
        "ELEVATOR_INTERCOM": null,
        "WORKING_HRS": null,
        "EMPLOYEE_QTY": null,
        "EMPLOYEE_MALE": null,
        "EMPLOYEE_FEMALE": null,
        "EMPLOYEE_DIF_ABLE": null,
        "WORKING_HRS_STR": null,
        "WORKING_HRS_STP": null
      }
    },
    {
      "type": "Feature",
      "id": 1386,
      "geometry": {
        "type": "Point",
        "coordinates": [72.84446500025905, 19.08545100027235]
      },
      "properties": {
        "OBJECTID": 1386,
        "NAME": "Prabhat Colony Municipal School",
        "TYPE": 1,
        "LOCATION": "Guru Narayan Rd, Prabhat Colony, Santacruz East, Mumbai, Maharashtra 400055",
        "ELEVATOR_CONTACT_LIST": null,
        "ELEVATOR_INTERCOM": null,
        "WORKING_HRS": null,
        "EMPLOYEE_QTY": null,
        "EMPLOYEE_MALE": null,
        "EMPLOYEE_FEMALE": null,
        "EMPLOYEE_DIF_ABLE": null,
        "WORKING_HRS_STR": null,
        "WORKING_HRS_STP": null
      }
    },
    {
      "type": "Feature",
      "id": 1388,
      "geometry": {
        "type": "Point",
        "coordinates": [72.838581000189, 19.079931000364788]
      },
      "properties": {
        "OBJECTID": 1388,
        "NAME": "Tanklane Municipal School",
        "TYPE": 1,
        "LOCATION": "Tank Ln, Navin Nagar, Willingdon, Santacruz West, Mumbai, Maharashtra 400054",
        "ELEVATOR_CONTACT_LIST": null,
        "ELEVATOR_INTERCOM": null,
        "WORKING_HRS": null,
        "EMPLOYEE_QTY": null,
        "EMPLOYEE_MALE": null,
        "EMPLOYEE_FEMALE": null,
        "EMPLOYEE_DIF_ABLE": null,
        "WORKING_HRS_STR": null,
        "WORKING_HRS_STP": null
      }
    },
    {
      "type": "Feature",
      "id": 1389,
      "geometry": {
        "type": "Point",
        "coordinates": [72.82630099985393, 19.050880000116955]
      },
      "properties": {
        "OBJECTID": 1389,
        "NAME": "Supari Tank Municipal School",
        "TYPE": 1,
        "LOCATION": "St Sebastian Rd, St Sebastian Colony, Mount Mary, Bandra West, Mumbai, Maharashtra 400050",
        "ELEVATOR_CONTACT_LIST": null,
        "ELEVATOR_INTERCOM": null,
        "WORKING_HRS": null,
        "EMPLOYEE_QTY": null,
        "EMPLOYEE_MALE": null,
        "EMPLOYEE_FEMALE": null,
        "EMPLOYEE_DIF_ABLE": null,
        "WORKING_HRS_STR": null,
        "WORKING_HRS_STP": null
      }
    },
    {
      "type": "Feature",
      "id": 1390,
      "geometry": {
        "type": "Point",
        "coordinates": [72.85138199976126, 19.128065999977657]
      },
      "properties": {
        "OBJECTID": 1390,
        "NAME": "Saraswati Baug Municipal School",
        "TYPE": 1,
        "LOCATION": "Saraswati baug Mun school, society road, Near railway colony, jogeshwari \u00ac",
        "ELEVATOR_CONTACT_LIST": null,
        "ELEVATOR_INTERCOM": null,
        "WORKING_HRS": null,
        "EMPLOYEE_QTY": null,
        "EMPLOYEE_MALE": null,
        "EMPLOYEE_FEMALE": null,
        "EMPLOYEE_DIF_ABLE": null,
        "WORKING_HRS_STR": null,
        "WORKING_HRS_STP": null
      }
    },
    {
      "type": "Feature",
      "id": 1391,
      "geometry": {
        "type": "Point",
        "coordinates": [72.85614899992233, 19.135867999571584]
      },
      "properties": {
        "OBJECTID": 1391,
        "NAME": "Gumpha Municipal School",
        "TYPE": 1,
        "LOCATION": "Jogeshwari gumpha Mun . Sc hool, Gumpha rd, Gandhi nagar jogeshwari (E) Mum 60",
        "ELEVATOR_CONTACT_LIST": null,
        "ELEVATOR_INTERCOM": null,
        "WORKING_HRS": null,
        "EMPLOYEE_QTY": null,
        "EMPLOYEE_MALE": null,
        "EMPLOYEE_FEMALE": null,
        "EMPLOYEE_DIF_ABLE": null,
        "WORKING_HRS_STR": null,
        "WORKING_HRS_STP": null
      }
    },
    {
      "type": "Feature",
      "id": 1393,
      "geometry": {
        "type": "Point",
        "coordinates": [72.86611212155472, 19.125538765807313]
      },
      "properties": {
        "OBJECTID": 1393,
        "NAME": "Canossa High School",
        "TYPE": 4,
        "LOCATION": "Mahakali Caves Rd, Subhash Nagar, Andheri East, Mumbai, Maharashtra 400093",
        "ELEVATOR_CONTACT_LIST": null,
        "ELEVATOR_INTERCOM": null,
        "WORKING_HRS": null,
        "EMPLOYEE_QTY": null,
        "EMPLOYEE_MALE": null,
        "EMPLOYEE_FEMALE": null,
        "EMPLOYEE_DIF_ABLE": null,
        "WORKING_HRS_STR": null,
        "WORKING_HRS_STP": null
      }
    },
    {
      "type": "Feature",
      "id": 1394,
      "geometry": {
        "type": "Point",
        "coordinates": [72.86426212624814, 19.126900288196797]
      },
      "properties": {
        "OBJECTID": 1394,
        "NAME": "Dominic Salvo High School",
        "TYPE": 4,
        "LOCATION": "Guru Gobind Singh Marg, Sher E Punjab Colony, Andheri East, Mumbai, Maharashtra 400093",
        "ELEVATOR_CONTACT_LIST": null,
        "ELEVATOR_INTERCOM": null,
        "WORKING_HRS": null,
        "EMPLOYEE_QTY": null,
        "EMPLOYEE_MALE": null,
        "EMPLOYEE_FEMALE": null,
        "EMPLOYEE_DIF_ABLE": null,
        "WORKING_HRS_STR": null,
        "WORKING_HRS_STP": null
      }
    },
    {
      "type": "Feature",
      "id": 1395,
      "geometry": {
        "type": "Point",
        "coordinates": [72.85096272791868, 19.13057854889568]
      },
      "properties": {
        "OBJECTID": 1395,
        "NAME": "Surjaba High School",
        "TYPE": 4,
        "LOCATION": "Saraswati Baug, Natwar Nagar, Jogeshwari East, Mumbai, Maharashtra 400060",
        "ELEVATOR_CONTACT_LIST": null,
        "ELEVATOR_INTERCOM": null,
        "WORKING_HRS": null,
        "EMPLOYEE_QTY": null,
        "EMPLOYEE_MALE": null,
        "EMPLOYEE_FEMALE": null,
        "EMPLOYEE_DIF_ABLE": null,
        "WORKING_HRS_STR": null,
        "WORKING_HRS_STP": null
      }
    },
    {
      "type": "Feature",
      "id": 1396,
      "geometry": {
        "type": "Point",
        "coordinates": [72.86231484306882, 19.10544139649385]
      },
      "properties": {
        "OBJECTID": 1396,
        "NAME": "Bombay Cambridge School",
        "TYPE": 4,
        "LOCATION": "Rabindranath Tagore Marg, Off Sahar Road, Chakala, Andheri East, AAI Colony, J B Nagar, Andheri East, Mumbai, Maharashtra 400099",
        "ELEVATOR_CONTACT_LIST": null,
        "ELEVATOR_INTERCOM": null,
        "WORKING_HRS": null,
        "EMPLOYEE_QTY": null,
        "EMPLOYEE_MALE": null,
        "EMPLOYEE_FEMALE": null,
        "EMPLOYEE_DIF_ABLE": null,
        "WORKING_HRS_STR": null,
        "WORKING_HRS_STP": null
      }
    },
    {
      "type": "Feature",
      "id": 1397,
      "geometry": {
        "type": "Point",
        "coordinates": [72.86642230999615, 19.09908388094898]
      },
      "properties": {
        "OBJECTID": 1397,
        "NAME": "Our Lady High School",
        "TYPE": 4,
        "LOCATION": "Road 2, Near Cargo Complex, Sahar,, Sahar Village, Andheri East, Mumbai, Maharashtra 400099",
        "ELEVATOR_CONTACT_LIST": null,
        "ELEVATOR_INTERCOM": null,
        "WORKING_HRS": null,
        "EMPLOYEE_QTY": null,
        "EMPLOYEE_MALE": null,
        "EMPLOYEE_FEMALE": null,
        "EMPLOYEE_DIF_ABLE": null,
        "WORKING_HRS_STR": null,
        "WORKING_HRS_STP": null
      }
    },
    {
      "type": "Feature",
      "id": 1398,
      "geometry": {
        "type": "Point",
        "coordinates": [72.85300724245694, 19.122425255696502]
      },
      "properties": {
        "OBJECTID": 1398,
        "NAME": "Dr Radhakrishna Municipal School",
        "TYPE": 1,
        "LOCATION": "R. K. Marg Mun. School, Old Nagardas Road, Andheri (E) Mumbai 69",
        "ELEVATOR_CONTACT_LIST": null,
        "ELEVATOR_INTERCOM": null,
        "WORKING_HRS": null,
        "EMPLOYEE_QTY": null,
        "EMPLOYEE_MALE": null,
        "EMPLOYEE_FEMALE": null,
        "EMPLOYEE_DIF_ABLE": null,
        "WORKING_HRS_STR": null,
        "WORKING_HRS_STP": null
      }
    },
    {
      "type": "Feature",
      "id": 1399,
      "geometry": {
        "type": "Point",
        "coordinates": [72.85233905607213, 19.109968253053925]
      },
      "properties": {
        "OBJECTID": 1399,
        "NAME": "Swami Nityanand Municipal School",
        "TYPE": 1,
        "LOCATION": "Sahar Rd, Near Garware Plastic, Koldongri, Andheri East, Mumbai, Maharashtra 400069",
        "ELEVATOR_CONTACT_LIST": null,
        "ELEVATOR_INTERCOM": null,
        "WORKING_HRS": null,
        "EMPLOYEE_QTY": null,
        "EMPLOYEE_MALE": null,
        "EMPLOYEE_FEMALE": null,
        "EMPLOYEE_DIF_ABLE": null,
        "WORKING_HRS_STR": null,
        "WORKING_HRS_STP": null
      }
    },
    {
      "type": "Feature",
      "id": 1400,
      "geometry": {
        "type": "Point",
        "coordinates": [72.82814599976007, 19.091898999588683]
      },
      "properties": {
        "OBJECTID": 1400,
        "NAME": "Juhutara Upper Primary Municipal Marathi",
        "TYPE": 1,
        "LOCATION": "Behind Royal hotel bus stop,, Juhu Tara Rd, Shivaji Nagr, Juhu, Mumbai, Maharashtra 400049",
        "ELEVATOR_CONTACT_LIST": null,
        "ELEVATOR_INTERCOM": null,
        "WORKING_HRS": null,
        "EMPLOYEE_QTY": null,
        "EMPLOYEE_MALE": null,
        "EMPLOYEE_FEMALE": null,
        "EMPLOYEE_DIF_ABLE": null,
        "WORKING_HRS_STR": null,
        "WORKING_HRS_STP": null
      }
    },
    {
      "type": "Feature",
      "id": 1401,
      "geometry": {
        "type": "Point",
        "coordinates": [72.8402053936677, 19.111937424936258]
      },
      "properties": {
        "OBJECTID": 1401,
        "NAME": "Tata Compound Primary Municipal Semi English/ Urdu School",
        "TYPE": 1,
        "LOCATION": "Tata Compound  BMC School,  Near Fire Brigade Office,  S V Road Irla Andheri West",
        "ELEVATOR_CONTACT_LIST": null,
        "ELEVATOR_INTERCOM": null,
        "WORKING_HRS": null,
        "EMPLOYEE_QTY": null,
        "EMPLOYEE_MALE": null,
        "EMPLOYEE_FEMALE": null,
        "EMPLOYEE_DIF_ABLE": null,
        "WORKING_HRS_STR": null,
        "WORKING_HRS_STP": null
      }
    },
    {
      "type": "Feature",
      "id": 1402,
      "geometry": {
        "type": "Point",
        "coordinates": [72.89223291375086, 19.099777036766344]
      },
      "properties": {
        "OBJECTID": 1402,
        "NAME": "Asalfa Nagar Municipal Kannad  School",
        "TYPE": 1,
        "LOCATION": "Asalfa Nagar municipal upper primary Kannad school, Nari Seva sadhan Road, Asalfa nagar, Ghatkopar (W) Mumbai, Maharashtra 400084",
        "ELEVATOR_CONTACT_LIST": null,
        "ELEVATOR_INTERCOM": null,
        "WORKING_HRS": null,
        "EMPLOYEE_QTY": null,
        "EMPLOYEE_MALE": null,
        "EMPLOYEE_FEMALE": null,
        "EMPLOYEE_DIF_ABLE": null,
        "WORKING_HRS_STR": null,
        "WORKING_HRS_STP": null
      }
    },
    {
      "type": "Feature",
      "id": 1403,
      "geometry": {
        "type": "Point",
        "coordinates": [72.88879899992048, 19.084154999734203]
      },
      "properties": {
        "OBJECTID": 1403,
        "NAME": "Kurla Naupada Municipal Hindi School",
        "TYPE": 1,
        "LOCATION": "Kurla West,, Nav Pada, Kurla West, Mumbai, Maharashtra 400070",
        "ELEVATOR_CONTACT_LIST": null,
        "ELEVATOR_INTERCOM": null,
        "WORKING_HRS": null,
        "EMPLOYEE_QTY": null,
        "EMPLOYEE_MALE": null,
        "EMPLOYEE_FEMALE": null,
        "EMPLOYEE_DIF_ABLE": null,
        "WORKING_HRS_STR": null,
        "WORKING_HRS_STP": null
      }
    },
    {
      "type": "Feature",
      "id": 1404,
      "geometry": {
        "type": "Point",
        "coordinates": [72.88015700045972, 19.068307999881526]
      },
      "properties": {
        "OBJECTID": 1404,
        "NAME": "Kajupada Municipal School (It was a Moreshwar Patankar BMC School)",
        "TYPE": 1,
        "LOCATION": "Moreshwar Patankar Road, Near Kurla Station, Pipe Rd, Brahmanwadi, Kurla, Mumbai, Maharashtra 400070",
        "ELEVATOR_CONTACT_LIST": null,
        "ELEVATOR_INTERCOM": null,
        "WORKING_HRS": null,
        "EMPLOYEE_QTY": null,
        "EMPLOYEE_MALE": null,
        "EMPLOYEE_FEMALE": null,
        "EMPLOYEE_DIF_ABLE": null,
        "WORKING_HRS_STR": null,
        "WORKING_HRS_STP": null
      }
    },
    {
      "type": "Feature",
      "id": 1405,
      "geometry": {
        "type": "Point",
        "coordinates": [72.8756579999458, 19.066938000084942]
      },
      "properties": {
        "OBJECTID": 1405,
        "NAME": "H P Keluskar Municipal School",
        "TYPE": 1,
        "LOCATION": "Mach Factory Lane, Near Kai Ram Ganesh Gadahari Udyan, Taximens Colony, Kurla, Mumbai, Maharashtra 400070",
        "ELEVATOR_CONTACT_LIST": null,
        "ELEVATOR_INTERCOM": null,
        "WORKING_HRS": null,
        "EMPLOYEE_QTY": null,
        "EMPLOYEE_MALE": null,
        "EMPLOYEE_FEMALE": null,
        "EMPLOYEE_DIF_ABLE": null,
        "WORKING_HRS_STR": null,
        "WORKING_HRS_STP": null
      }
    },
    {
      "type": "Feature",
      "id": 1406,
      "geometry": {
        "type": "Point",
        "coordinates": [72.87687100006943, 19.059650000070587]
      },
      "properties": {
        "OBJECTID": 1406,
        "NAME": "Qureshi Nagar Municiapl School",
        "TYPE": 1,
        "LOCATION": "Muftie Azam Road, Kasaiwada, Qureshi Nagar, Kurla, Mumbai, Maharashtra 400070",
        "ELEVATOR_CONTACT_LIST": null,
        "ELEVATOR_INTERCOM": null,
        "WORKING_HRS": null,
        "EMPLOYEE_QTY": null,
        "EMPLOYEE_MALE": null,
        "EMPLOYEE_FEMALE": null,
        "EMPLOYEE_DIF_ABLE": null,
        "WORKING_HRS_STR": null,
        "WORKING_HRS_STP": null
      }
    },
    {
      "type": "Feature",
      "id": 1407,
      "geometry": {
        "type": "Point",
        "coordinates": [72.87174372292921, 19.052421668852418]
      },
      "properties": {
        "OBJECTID": 1407,
        "NAME": "Chunabhatti Municipal school",
        "TYPE": 1,
        "LOCATION": "Chunnabhatti Mnp School,Chuna Bhatti,Sion,Mumbai-400022Chunnabhatti Mnp School,Chuna Bhatti,Sion,Mumbai-400022 Chunnabhatti Mnp School,Chuna Bhatti,Sion,Mumbai-400022",
        "ELEVATOR_CONTACT_LIST": null,
        "ELEVATOR_INTERCOM": null,
        "WORKING_HRS": null,
        "EMPLOYEE_QTY": null,
        "EMPLOYEE_MALE": null,
        "EMPLOYEE_FEMALE": null,
        "EMPLOYEE_DIF_ABLE": null,
        "WORKING_HRS_STR": null,
        "WORKING_HRS_STP": null
      }
    },
    {
      "type": "Feature",
      "id": 1408,
      "geometry": {
        "type": "Point",
        "coordinates": [72.87544299988201, 19.065053000249353]
      },
      "properties": {
        "OBJECTID": 1408,
        "NAME": "Ganesh Baug Municipal School",
        "TYPE": 1,
        "LOCATION": "Ganesh Baug Ln, Kurla West, Kurla, Mumbai, Maharashtra 400070",
        "ELEVATOR_CONTACT_LIST": null,
        "ELEVATOR_INTERCOM": null,
        "WORKING_HRS": null,
        "EMPLOYEE_QTY": null,
        "EMPLOYEE_MALE": null,
        "EMPLOYEE_FEMALE": null,
        "EMPLOYEE_DIF_ABLE": null,
        "WORKING_HRS_STR": null,
        "WORKING_HRS_STP": null
      }
    },
    {
      "type": "Feature",
      "id": 1409,
      "geometry": {
        "type": "Point",
        "coordinates": [72.90316300025913, 19.116450000071836]
      },
      "properties": {
        "OBJECTID": 1409,
        "NAME": "Gopal Sharma English MemorialSchool",
        "TYPE": 1,
        "LOCATION": "Powai Vihar, MHADA Colony 20, Powai, Mumbai, Maharashtra 400076",
        "ELEVATOR_CONTACT_LIST": null,
        "ELEVATOR_INTERCOM": null,
        "WORKING_HRS": null,
        "EMPLOYEE_QTY": null,
        "EMPLOYEE_MALE": null,
        "EMPLOYEE_FEMALE": null,
        "EMPLOYEE_DIF_ABLE": null,
        "WORKING_HRS_STR": null,
        "WORKING_HRS_STP": null
      }
    },
    {
      "type": "Feature",
      "id": 1410,
      "geometry": {
        "type": "Point",
        "coordinates": [72.88121038377575, 19.086201093865576]
      },
      "properties": {
        "OBJECTID": 1410,
        "NAME": "Bazarward Municipal School ",
        "TYPE": 1,
        "LOCATION": "Magan Nathuram Rd, Kurla West, Vile Parle, Mumbai, Maharashtra 400099",
        "ELEVATOR_CONTACT_LIST": null,
        "ELEVATOR_INTERCOM": null,
        "WORKING_HRS": null,
        "EMPLOYEE_QTY": null,
        "EMPLOYEE_MALE": null,
        "EMPLOYEE_FEMALE": null,
        "EMPLOYEE_DIF_ABLE": null,
        "WORKING_HRS_STR": null,
        "WORKING_HRS_STP": null
      }
    },
    {
      "type": "Feature",
      "id": 1411,
      "geometry": {
        "type": "Point",
        "coordinates": [72.92234999997797, 19.052146999620287]
      },
      "properties": {
        "OBJECTID": 1411,
        "NAME": "Deonar Municipal School",
        "TYPE": 1,
        "LOCATION": "Deonar Rd, Deonar Municipal Colony, Patil Wadi, Govandi East, Mumbai, Maharashtra 400043",
        "ELEVATOR_CONTACT_LIST": null,
        "ELEVATOR_INTERCOM": null,
        "WORKING_HRS": null,
        "EMPLOYEE_QTY": null,
        "EMPLOYEE_MALE": null,
        "EMPLOYEE_FEMALE": null,
        "EMPLOYEE_DIF_ABLE": null,
        "WORKING_HRS_STR": null,
        "WORKING_HRS_STP": null
      }
    },
    {
      "type": "Feature",
      "id": 1412,
      "geometry": {
        "type": "Point",
        "coordinates": [72.89659299964615, 19.05555900033933]
      },
      "properties": {
        "OBJECTID": 1412,
        "NAME": "Chembur Naka Municipal School (Shala Sankul)",
        "TYPE": 1,
        "LOCATION": "Chembur High school Bldg, 1st Floor R.C.Marg,New Municipal Market, Jai Ambe Nagar, Chembur Gaothan, Chembur, Mumbai, Maharashtra 400071",
        "ELEVATOR_CONTACT_LIST": null,
        "ELEVATOR_INTERCOM": null,
        "WORKING_HRS": null,
        "EMPLOYEE_QTY": null,
        "EMPLOYEE_MALE": null,
        "EMPLOYEE_FEMALE": null,
        "EMPLOYEE_DIF_ABLE": null,
        "WORKING_HRS_STR": null,
        "WORKING_HRS_STP": null
      }
    },
    {
      "type": "Feature",
      "id": 1413,
      "geometry": {
        "type": "Point",
        "coordinates": [72.90731399966583, 19.052595000031204]
      },
      "properties": {
        "OBJECTID": 1413,
        "NAME": "Ghatala Municipal Marathi School",
        "TYPE": 1,
        "LOCATION": "Ghatla Village Rd, Ghatla, Kurla, Mumbai, Maharashtra 400071",
        "ELEVATOR_CONTACT_LIST": null,
        "ELEVATOR_INTERCOM": null,
        "WORKING_HRS": null,
        "EMPLOYEE_QTY": null,
        "EMPLOYEE_MALE": null,
        "EMPLOYEE_FEMALE": null,
        "EMPLOYEE_DIF_ABLE": null,
        "WORKING_HRS_STR": null,
        "WORKING_HRS_STP": null
      }
    },
    {
      "type": "Feature",
      "id": 1414,
      "geometry": {
        "type": "Point",
        "coordinates": [72.86037899969449, 19.184916000141385]
      },
      "properties": {
        "OBJECTID": 1414,
        "NAME": "Kurar Gaon Municipal Hindi School No 1 (Kurar Gaon Shala Sankul)",
        "TYPE": 1,
        "LOCATION": "Shantaram Talav, Kurar Village Rd, Shantaram Talao, Siddheshwar Nagar, Ambewadi, Malad East, Mumbai, Maharashtra 400097",
        "ELEVATOR_CONTACT_LIST": null,
        "ELEVATOR_INTERCOM": null,
        "WORKING_HRS": null,
        "EMPLOYEE_QTY": null,
        "EMPLOYEE_MALE": null,
        "EMPLOYEE_FEMALE": null,
        "EMPLOYEE_DIF_ABLE": null,
        "WORKING_HRS_STR": null,
        "WORKING_HRS_STP": null
      }
    },
    {
      "type": "Feature",
      "id": 1415,
      "geometry": {
        "type": "Point",
        "coordinates": [72.85196100005943, 19.183922999985917]
      },
      "properties": {
        "OBJECTID": 1415,
        "NAME": "Rani sati Marg Municipal School",
        "TYPE": 1,
        "LOCATION": "Rani Sati Marg, Near Nirmala College, Malad East, Mumbai, Maharashtra 400097",
        "ELEVATOR_CONTACT_LIST": null,
        "ELEVATOR_INTERCOM": null,
        "WORKING_HRS": null,
        "EMPLOYEE_QTY": null,
        "EMPLOYEE_MALE": null,
        "EMPLOYEE_FEMALE": null,
        "EMPLOYEE_DIF_ABLE": null,
        "WORKING_HRS_STR": null,
        "WORKING_HRS_STP": null
      }
    },
    {
      "type": "Feature",
      "id": 1416,
      "geometry": {
        "type": "Point",
        "coordinates": [72.85077600006825, 19.177459000407023]
      },
      "properties": {
        "OBJECTID": 1416,
        "NAME": "Govind Nagar Municipal Marathi School",
        "TYPE": 1,
        "LOCATION": "Haji Bapu Rd, Lower Govind Nagar, Malad East, Malad, Lower Govind Nagar, Malad East, Mumbai, Maharashtra 400097",
        "ELEVATOR_CONTACT_LIST": null,
        "ELEVATOR_INTERCOM": null,
        "WORKING_HRS": null,
        "EMPLOYEE_QTY": null,
        "EMPLOYEE_MALE": null,
        "EMPLOYEE_FEMALE": null,
        "EMPLOYEE_DIF_ABLE": null,
        "WORKING_HRS_STR": null,
        "WORKING_HRS_STP": null
      }
    },
    {
      "type": "Feature",
      "id": 1417,
      "geometry": {
        "type": "Point",
        "coordinates": [72.82563899952933, 19.195783000196215]
      },
      "properties": {
        "OBJECTID": 1417,
        "NAME": "Malvani Township Municipal School",
        "TYPE": 1,
        "LOCATION": "Malad, BMC Colony, Rathodi, Malad West, Mumbai, Maharashtra 400095",
        "ELEVATOR_CONTACT_LIST": null,
        "ELEVATOR_INTERCOM": null,
        "WORKING_HRS": null,
        "EMPLOYEE_QTY": null,
        "EMPLOYEE_MALE": null,
        "EMPLOYEE_FEMALE": null,
        "EMPLOYEE_DIF_ABLE": null,
        "WORKING_HRS_STR": null,
        "WORKING_HRS_STP": null
      }
    },
    {
      "type": "Feature",
      "id": 1418,
      "geometry": {
        "type": "Point",
        "coordinates": [72.82406100011309, 19.195881999588902]
      },
      "properties": {
        "OBJECTID": 1418,
        "NAME": "Valanai Vasahat Municipal School",
        "TYPE": 1,
        "LOCATION": "Marve Rd, Malad, New Mahakali Nagar, Raheja Twp, Malad West, Mumbai, Maharashtra 400095",
        "ELEVATOR_CONTACT_LIST": null,
        "ELEVATOR_INTERCOM": null,
        "WORKING_HRS": null,
        "EMPLOYEE_QTY": null,
        "EMPLOYEE_MALE": null,
        "EMPLOYEE_FEMALE": null,
        "EMPLOYEE_DIF_ABLE": null,
        "WORKING_HRS_STR": null,
        "WORKING_HRS_STP": null
      }
    },
    {
      "type": "Feature",
      "id": 1419,
      "geometry": {
        "type": "Point",
        "coordinates": [72.87178674424054, 19.17092855250332]
      },
      "properties": {
        "OBJECTID": 1419,
        "NAME": "Dindoshi Vasahat Marathi School No 1",
        "TYPE": 1,
        "LOCATION": "Mohan Gokhale Rd, Umershetpada, Gokuldham Colony, Goregaon, Mumbai, Maharashtra 400063",
        "ELEVATOR_CONTACT_LIST": null,
        "ELEVATOR_INTERCOM": null,
        "WORKING_HRS": null,
        "EMPLOYEE_QTY": null,
        "EMPLOYEE_MALE": null,
        "EMPLOYEE_FEMALE": null,
        "EMPLOYEE_DIF_ABLE": null,
        "WORKING_HRS_STR": null,
        "WORKING_HRS_STP": null
      }
    },
    {
      "type": "Feature",
      "id": 1420,
      "geometry": {
        "type": "Point",
        "coordinates": [72.8195660448662, 19.184256240393808]
      },
      "properties": {
        "OBJECTID": 1420,
        "NAME": "MHB Marathi Municipal School No 1",
        "TYPE": 1,
        "LOCATION": "Gate no. 7, Malvani, Malad West, Mumbai, Maharashtra 400095",
        "ELEVATOR_CONTACT_LIST": null,
        "ELEVATOR_INTERCOM": null,
        "WORKING_HRS": null,
        "EMPLOYEE_QTY": null,
        "EMPLOYEE_MALE": null,
        "EMPLOYEE_FEMALE": null,
        "EMPLOYEE_DIF_ABLE": null,
        "WORKING_HRS_STR": null,
        "WORKING_HRS_STP": null
      }
    },
    {
      "type": "Feature",
      "id": 1421,
      "geometry": {
        "type": "Point",
        "coordinates": [72.85569799979716, 19.18793200014886]
      },
      "properties": {
        "OBJECTID": 1421,
        "NAME": "Pushpa Park Municipal School (Shala Sankul)",
        "TYPE": 1,
        "LOCATION": "Malad, Pushpa Park, Malad East, Mumbai, Maharashtra 400097",
        "ELEVATOR_CONTACT_LIST": null,
        "ELEVATOR_INTERCOM": null,
        "WORKING_HRS": null,
        "EMPLOYEE_QTY": null,
        "EMPLOYEE_MALE": null,
        "EMPLOYEE_FEMALE": null,
        "EMPLOYEE_DIF_ABLE": null,
        "WORKING_HRS_STR": null,
        "WORKING_HRS_STP": null
      }
    },
    {
      "type": "Feature",
      "id": 1422,
      "geometry": {
        "type": "Point",
        "coordinates": [72.83796115583097, 19.161948705874067]
      },
      "properties": {
        "OBJECTID": 1422,
        "NAME": "Mithnagar Road Municipal School",
        "TYPE": 1,
        "LOCATION": "Mithanagar, Goregaon (W), Mumbai. 90",
        "ELEVATOR_CONTACT_LIST": null,
        "ELEVATOR_INTERCOM": null,
        "WORKING_HRS": null,
        "EMPLOYEE_QTY": null,
        "EMPLOYEE_MALE": null,
        "EMPLOYEE_FEMALE": null,
        "EMPLOYEE_DIF_ABLE": null,
        "WORKING_HRS_STR": null,
        "WORKING_HRS_STP": null
      }
    },
    {
      "type": "Feature",
      "id": 1423,
      "geometry": {
        "type": "Point",
        "coordinates": [72.84339700010516, 19.158011999992027]
      },
      "properties": {
        "OBJECTID": 1423,
        "NAME": "Siddharth Nagar Municipal School",
        "TYPE": 1,
        "LOCATION": "Rd Number 2, Siddharth Nagar, Goregaon West, Mumbai, Maharashtra 400104",
        "ELEVATOR_CONTACT_LIST": null,
        "ELEVATOR_INTERCOM": null,
        "WORKING_HRS": null,
        "EMPLOYEE_QTY": null,
        "EMPLOYEE_MALE": null,
        "EMPLOYEE_FEMALE": null,
        "EMPLOYEE_DIF_ABLE": null,
        "WORKING_HRS_STR": null,
        "WORKING_HRS_STP": null
      }
    },
    {
      "type": "Feature",
      "id": 1424,
      "geometry": {
        "type": "Point",
        "coordinates": [72.85538199959903, 19.16447400013894]
      },
      "properties": {
        "OBJECTID": 1424,
        "NAME": "Pahadi Municipal School",
        "TYPE": 1,
        "LOCATION": "Pahadi School Road Number 2, Naypada, Jay Prakash Nagar, Goregaon East, Mumbai, Maharashtra 400063",
        "ELEVATOR_CONTACT_LIST": null,
        "ELEVATOR_INTERCOM": null,
        "WORKING_HRS": null,
        "EMPLOYEE_QTY": null,
        "EMPLOYEE_MALE": null,
        "EMPLOYEE_FEMALE": null,
        "EMPLOYEE_DIF_ABLE": null,
        "WORKING_HRS_STR": null,
        "WORKING_HRS_STP": null
      }
    },
    {
      "type": "Feature",
      "id": 1425,
      "geometry": {
        "type": "Point",
        "coordinates": [72.84275500002312, 19.167861000417542]
      },
      "properties": {
        "OBJECTID": 1425,
        "NAME": "Unnat Nagar Municipal Marathi & Hindi School",
        "TYPE": 1,
        "LOCATION": "Unnat Nagar, Goregaon West, Mumbai, Maharashtra 400104",
        "ELEVATOR_CONTACT_LIST": null,
        "ELEVATOR_INTERCOM": null,
        "WORKING_HRS": null,
        "EMPLOYEE_QTY": null,
        "EMPLOYEE_MALE": null,
        "EMPLOYEE_FEMALE": null,
        "EMPLOYEE_DIF_ABLE": null,
        "WORKING_HRS_STR": null,
        "WORKING_HRS_STP": null
      }
    },
    {
      "type": "Feature",
      "id": 1426,
      "geometry": {
        "type": "Point",
        "coordinates": [72.83154476976185, 19.220667779848224]
      },
      "properties": {
        "OBJECTID": 1426,
        "NAME": "Charkop Sector No 4 Municipal School",
        "TYPE": 1,
        "LOCATION": "Shri Swami Samarth CHS, Sector 8, Kandivali, Mumbai, Maharashtra 400067",
        "ELEVATOR_CONTACT_LIST": null,
        "ELEVATOR_INTERCOM": null,
        "WORKING_HRS": null,
        "EMPLOYEE_QTY": null,
        "EMPLOYEE_MALE": null,
        "EMPLOYEE_FEMALE": null,
        "EMPLOYEE_DIF_ABLE": null,
        "WORKING_HRS_STR": null,
        "WORKING_HRS_STP": null
      }
    },
    {
      "type": "Feature",
      "id": 1427,
      "geometry": {
        "type": "Point",
        "coordinates": [72.86007630010093, 19.223809700326797]
      },
      "properties": {
        "OBJECTID": 1427,
        "NAME": "Dattapada Municipal School",
        "TYPE": 1,
        "LOCATION": "Dattapada compound, Dattapada Road, Borivali East, Mumbai.66",
        "ELEVATOR_CONTACT_LIST": null,
        "ELEVATOR_INTERCOM": null,
        "WORKING_HRS": null,
        "EMPLOYEE_QTY": null,
        "EMPLOYEE_MALE": null,
        "EMPLOYEE_FEMALE": null,
        "EMPLOYEE_DIF_ABLE": null,
        "WORKING_HRS_STR": null,
        "WORKING_HRS_STP": null
      }
    },
    {
      "type": "Feature",
      "id": 1428,
      "geometry": {
        "type": "Point",
        "coordinates": [72.84592462359873, 19.237680139375108]
      },
      "properties": {
        "OBJECTID": 1428,
        "NAME": "Eksar Municipal School",
        "TYPE": 1,
        "LOCATION": "Eksar Rd, Eksar, Borivali West, Mumbai, Maharashtra 400092",
        "ELEVATOR_CONTACT_LIST": null,
        "ELEVATOR_INTERCOM": null,
        "WORKING_HRS": null,
        "EMPLOYEE_QTY": null,
        "EMPLOYEE_MALE": null,
        "EMPLOYEE_FEMALE": null,
        "EMPLOYEE_DIF_ABLE": null,
        "WORKING_HRS_STR": null,
        "WORKING_HRS_STP": null
      }
    },
    {
      "type": "Feature",
      "id": 1429,
      "geometry": {
        "type": "Point",
        "coordinates": [72.86501300047114, 19.254625000205127]
      },
      "properties": {
        "OBJECTID": 1429,
        "NAME": "Aanand Nagar Municipal School",
        "TYPE": 1,
        "LOCATION": "Chatrapati Shivaji Rd, Anand Nagar, Dahisar East, Mumbai, Maharashtra 400068",
        "ELEVATOR_CONTACT_LIST": null,
        "ELEVATOR_INTERCOM": null,
        "WORKING_HRS": null,
        "EMPLOYEE_QTY": null,
        "EMPLOYEE_MALE": null,
        "EMPLOYEE_FEMALE": null,
        "EMPLOYEE_DIF_ABLE": null,
        "WORKING_HRS_STR": null,
        "WORKING_HRS_STP": null
      }
    },
    {
      "type": "Feature",
      "id": 1430,
      "geometry": {
        "type": "Point",
        "coordinates": [72.85359899965279, 19.20231599977143]
      },
      "properties": {
        "OBJECTID": 1430,
        "NAME": "Akurli Upper Primary Municipal Marathi No 1 School",
        "TYPE": 1,
        "LOCATION": "Akurli Road Opp, Govind Dalvi Nagar, Kandivali East, Mumbai, Maharashtra 400101",
        "ELEVATOR_CONTACT_LIST": null,
        "ELEVATOR_INTERCOM": null,
        "WORKING_HRS": null,
        "EMPLOYEE_QTY": null,
        "EMPLOYEE_MALE": null,
        "EMPLOYEE_FEMALE": null,
        "EMPLOYEE_DIF_ABLE": null,
        "WORKING_HRS_STR": null,
        "WORKING_HRS_STP": null
      }
    },
    {
      "type": "Feature",
      "id": 1431,
      "geometry": {
        "type": "Point",
        "coordinates": [72.85110600038412, 19.20562099980651]
      },
      "properties": {
        "OBJECTID": 1431,
        "NAME": "Bajaj Road Municipal School",
        "TYPE": 1,
        "LOCATION": "Bajaj Road, Jethava Nagar, Kandiwali West, Mumbai, Maharashtra 400067",
        "ELEVATOR_CONTACT_LIST": null,
        "ELEVATOR_INTERCOM": null,
        "WORKING_HRS": null,
        "EMPLOYEE_QTY": null,
        "EMPLOYEE_MALE": null,
        "EMPLOYEE_FEMALE": null,
        "EMPLOYEE_DIF_ABLE": null,
        "WORKING_HRS_STR": null,
        "WORKING_HRS_STP": null
      }
    },
    {
      "type": "Feature",
      "id": 1432,
      "geometry": {
        "type": "Point",
        "coordinates": [72.82731000023097, 19.213143000160827]
      },
      "properties": {
        "OBJECTID": 1432,
        "NAME": "Charkop Sector No1 Municipal Upper Primary Marathi School",
        "TYPE": 1,
        "LOCATION": "kandivali sec. 1, Sector 1 Charkop, Kandivali, Mumbai, Maharashtra 400067",
        "ELEVATOR_CONTACT_LIST": null,
        "ELEVATOR_INTERCOM": null,
        "WORKING_HRS": null,
        "EMPLOYEE_QTY": null,
        "EMPLOYEE_MALE": null,
        "EMPLOYEE_FEMALE": null,
        "EMPLOYEE_DIF_ABLE": null,
        "WORKING_HRS_STR": null,
        "WORKING_HRS_STP": null
      }
    },
    {
      "type": "Feature",
      "id": 1433,
      "geometry": {
        "type": "Point",
        "coordinates": [72.84186799987697, 19.205846999963253]
      },
      "properties": {
        "OBJECTID": 1433,
        "NAME": "Mahatma Gandhi Marg Municipal Hindi School",
        "TYPE": 1,
        "LOCATION": "Mahatma Gandhi Rd, Amrut Nagar, Bhagat Colony, Kandivali, Mumbai, Maharashtra 400067",
        "ELEVATOR_CONTACT_LIST": null,
        "ELEVATOR_INTERCOM": null,
        "WORKING_HRS": null,
        "EMPLOYEE_QTY": null,
        "EMPLOYEE_MALE": null,
        "EMPLOYEE_FEMALE": null,
        "EMPLOYEE_DIF_ABLE": null,
        "WORKING_HRS_STR": null,
        "WORKING_HRS_STP": null
      }
    },
    {
      "type": "Feature",
      "id": 1434,
      "geometry": {
        "type": "Point",
        "coordinates": [72.84691400018777, 19.201020999972663]
      },
      "properties": {
        "OBJECTID": 1434,
        "NAME": "R R P  Road Municipal Hindi School",
        "TYPE": 1,
        "LOCATION": "Shantilal Modi Rd, Bhagat Colony, Kandivali, Mumbai, Maharashtra 400067",
        "ELEVATOR_CONTACT_LIST": null,
        "ELEVATOR_INTERCOM": null,
        "WORKING_HRS": null,
        "EMPLOYEE_QTY": null,
        "EMPLOYEE_MALE": null,
        "EMPLOYEE_FEMALE": null,
        "EMPLOYEE_DIF_ABLE": null,
        "WORKING_HRS_STR": null,
        "WORKING_HRS_STP": null
      }
    },
    {
      "type": "Feature",
      "id": 1435,
      "geometry": {
        "type": "Point",
        "coordinates": [72.87079249367959, 19.207164382949436]
      },
      "properties": {
        "OBJECTID": 1435,
        "NAME": "Samata Nagar Hindi  Municipal School",
        "TYPE": 1,
        "LOCATION": "Samta Nagar Rd, Udyandarshan Chs, Samata Nagar, Thakur Village, Kandivali East, Mumbai, Maharashtra 400101",
        "ELEVATOR_CONTACT_LIST": null,
        "ELEVATOR_INTERCOM": null,
        "WORKING_HRS": null,
        "EMPLOYEE_QTY": null,
        "EMPLOYEE_MALE": null,
        "EMPLOYEE_FEMALE": null,
        "EMPLOYEE_DIF_ABLE": null,
        "WORKING_HRS_STR": null,
        "WORKING_HRS_STP": null
      }
    },
    {
      "type": "Feature",
      "id": 1436,
      "geometry": {
        "type": "Point",
        "coordinates": [72.9380609999884, 19.134392000069017]
      },
      "properties": {
        "OBJECTID": 1436,
        "NAME": "Kanjur Village Municipal Marathi School",
        "TYPE": 1,
        "LOCATION": "Sai Nagar, Kanjur Villag,e Mumbai, Maharashtra 400042",
        "ELEVATOR_CONTACT_LIST": null,
        "ELEVATOR_INTERCOM": null,
        "WORKING_HRS": null,
        "EMPLOYEE_QTY": null,
        "EMPLOYEE_MALE": null,
        "EMPLOYEE_FEMALE": null,
        "EMPLOYEE_DIF_ABLE": null,
        "WORKING_HRS_STR": null,
        "WORKING_HRS_STP": null
      }
    },
    {
      "type": "Feature",
      "id": 1437,
      "geometry": {
        "type": "Point",
        "coordinates": [72.93872400020108, 19.11865399964932]
      },
      "properties": {
        "OBJECTID": 1437,
        "NAME": "Kannamwar Nagar Municipal School",
        "TYPE": 1,
        "LOCATION": "Kannamwar Nagar II, Vikhroli, Mumbai, Maharashtra 400083",
        "ELEVATOR_CONTACT_LIST": null,
        "ELEVATOR_INTERCOM": null,
        "WORKING_HRS": null,
        "EMPLOYEE_QTY": null,
        "EMPLOYEE_MALE": null,
        "EMPLOYEE_FEMALE": null,
        "EMPLOYEE_DIF_ABLE": null,
        "WORKING_HRS_STR": null,
        "WORKING_HRS_STP": null
      }
    },
    {
      "type": "Feature",
      "id": 1438,
      "geometry": {
        "type": "Point",
        "coordinates": [72.93541500039144, 19.143375000040997]
      },
      "properties": {
        "OBJECTID": 1438,
        "NAME": "M V R Hindi Municipal School",
        "TYPE": 1,
        "LOCATION": "M.V.R Shinde Municipal School Building M.V.R. Shinde Path, Dina Bama Estate, Bhandup West, Mumbai, Maharashtra 400078",
        "ELEVATOR_CONTACT_LIST": null,
        "ELEVATOR_INTERCOM": null,
        "WORKING_HRS": null,
        "EMPLOYEE_QTY": null,
        "EMPLOYEE_MALE": null,
        "EMPLOYEE_FEMALE": null,
        "EMPLOYEE_DIF_ABLE": null,
        "WORKING_HRS_STR": null,
        "WORKING_HRS_STP": null
      }
    },
    {
      "type": "Feature",
      "id": 1439,
      "geometry": {
        "type": "Point",
        "coordinates": [72.89998400031166, 19.135723999828222]
      },
      "properties": {
        "OBJECTID": 1439,
        "NAME": "Passpoli Nitie Municipal Marathi School",
        "TYPE": 1,
        "LOCATION": "Murarji Nagar, Mayur Nagar, NITIE Admin Block, Goregaon, Mumbai, Maharashtra 400087",
        "ELEVATOR_CONTACT_LIST": null,
        "ELEVATOR_INTERCOM": null,
        "WORKING_HRS": null,
        "EMPLOYEE_QTY": null,
        "EMPLOYEE_MALE": null,
        "EMPLOYEE_FEMALE": null,
        "EMPLOYEE_DIF_ABLE": null,
        "WORKING_HRS_STR": null,
        "WORKING_HRS_STP": null
      }
    },
    {
      "type": "Feature",
      "id": 1440,
      "geometry": {
        "type": "Point",
        "coordinates": [72.93087600022572, 19.11497000036813]
      },
      "properties": {
        "OBJECTID": 1440,
        "NAME": "Tagore Nagar Municipal School",
        "TYPE": 1,
        "LOCATION": "Purushottam Ramchandra Kangutkar St, Sona Intp Colony, Tagore Nagar, Vikhroli, Mumbai, Maharashtra 400083",
        "ELEVATOR_CONTACT_LIST": null,
        "ELEVATOR_INTERCOM": null,
        "WORKING_HRS": null,
        "EMPLOYEE_QTY": null,
        "EMPLOYEE_MALE": null,
        "EMPLOYEE_FEMALE": null,
        "EMPLOYEE_DIF_ABLE": null,
        "WORKING_HRS_STR": null,
        "WORKING_HRS_STP": null
      }
    },
    {
      "type": "Feature",
      "id": 1441,
      "geometry": {
        "type": "Point",
        "coordinates": [72.93421599980468, 19.146540000243906]
      },
      "properties": {
        "OBJECTID": 1441,
        "NAME": "Tank Road Higher Primary Hindi Municipal School",
        "TYPE": 1,
        "LOCATION": "Opposite Lodha Tower, Tank Rd, Kashi Nagar, Valmik Nagar, Bhandup West, Mumbai, Maharashtra 400078",
        "ELEVATOR_CONTACT_LIST": null,
        "ELEVATOR_INTERCOM": null,
        "WORKING_HRS": null,
        "EMPLOYEE_QTY": null,
        "EMPLOYEE_MALE": null,
        "EMPLOYEE_FEMALE": null,
        "EMPLOYEE_DIF_ABLE": null,
        "WORKING_HRS_STR": null,
        "WORKING_HRS_STP": null
      }
    },
    {
      "type": "Feature",
      "id": 1442,
      "geometry": {
        "type": "Point",
        "coordinates": [72.91663099968214, 19.123307999715866]
      },
      "properties": {
        "OBJECTID": 1442,
        "NAME": "Tirandaz Higher Primary Municipal Marathi School",
        "TYPE": 1,
        "LOCATION": "Municipal School, Opp. IIT Main Gate, Tirandaz, Powai, Mumbai, Maharashtra 400076",
        "ELEVATOR_CONTACT_LIST": null,
        "ELEVATOR_INTERCOM": null,
        "WORKING_HRS": null,
        "EMPLOYEE_QTY": null,
        "EMPLOYEE_MALE": null,
        "EMPLOYEE_FEMALE": null,
        "EMPLOYEE_DIF_ABLE": null,
        "WORKING_HRS_STR": null,
        "WORKING_HRS_STP": null
      }
    },
    {
      "type": "Feature",
      "id": 1443,
      "geometry": {
        "type": "Point",
        "coordinates": [72.94462699980679, 19.1506320003127]
      },
      "properties": {
        "OBJECTID": 1443,
        "NAME": "Bhandup Village Marathi Municipal School",
        "TYPE": 1,
        "LOCATION": "Ahini Road, Bhandup Village, Krushna Nagar, Friends Colony, Bhandup East, Mumbai, Maharashtra 400042",
        "ELEVATOR_CONTACT_LIST": null,
        "ELEVATOR_INTERCOM": null,
        "WORKING_HRS": null,
        "EMPLOYEE_QTY": null,
        "EMPLOYEE_MALE": null,
        "EMPLOYEE_FEMALE": null,
        "EMPLOYEE_DIF_ABLE": null,
        "WORKING_HRS_STR": null,
        "WORKING_HRS_STP": null
      }
    },
    {
      "type": "Feature",
      "id": 1444,
      "geometry": {
        "type": "Point",
        "coordinates": [72.9488469999514, 19.16825099994271]
      },
      "properties": {
        "OBJECTID": 1444,
        "NAME": "Goshala Road Municiapl School",
        "TYPE": 1,
        "LOCATION": "Municipal School building, Globe Mill Passage, Pandurang Budhkar Marg, Vishwakarma Nagar, Mulund West, Mumbai, Maharashtra 400013",
        "ELEVATOR_CONTACT_LIST": null,
        "ELEVATOR_INTERCOM": null,
        "WORKING_HRS": null,
        "EMPLOYEE_QTY": null,
        "EMPLOYEE_MALE": null,
        "EMPLOYEE_FEMALE": null,
        "EMPLOYEE_DIF_ABLE": null,
        "WORKING_HRS_STR": null,
        "WORKING_HRS_STP": null
      }
    },
    {
      "type": "Feature",
      "id": 1445,
      "geometry": {
        "type": "Point",
        "coordinates": [72.93446799997936, 19.173253999549477]
      },
      "properties": {
        "OBJECTID": 1445,
        "NAME": "Guru Govind Singh Municipal School",
        "TYPE": 1,
        "LOCATION": "M.J. Phule Chowk, Mulund Colony, Guru Gobind Singh Marg, Rahul Nagar, Mulund West, Mumbai, Maharashtra 400080",
        "ELEVATOR_CONTACT_LIST": null,
        "ELEVATOR_INTERCOM": null,
        "WORKING_HRS": null,
        "EMPLOYEE_QTY": null,
        "EMPLOYEE_MALE": null,
        "EMPLOYEE_FEMALE": null,
        "EMPLOYEE_DIF_ABLE": null,
        "WORKING_HRS_STR": null,
        "WORKING_HRS_STP": null
      }
    },
    {
      "type": "Feature",
      "id": 1446,
      "geometry": {
        "type": "Point",
        "coordinates": [72.81761851176894, 18.97089279494642]
      },
      "properties": {
        "OBJECTID": 1446,
        "NAME": "Bane Compound Municipal School",
        "TYPE": 1,
        "LOCATION": "Wadia St, Ratan Tata Colony, Bane Compound, Tardeo, Mumbai, Maharashtra 400034",
        "ELEVATOR_CONTACT_LIST": null,
        "ELEVATOR_INTERCOM": null,
        "WORKING_HRS": null,
        "EMPLOYEE_QTY": null,
        "EMPLOYEE_MALE": null,
        "EMPLOYEE_FEMALE": null,
        "EMPLOYEE_DIF_ABLE": null,
        "WORKING_HRS_STR": null,
        "WORKING_HRS_STP": null
      }
    },
    {
      "type": "Feature",
      "id": 1447,
      "geometry": {
        "type": "Point",
        "coordinates": [72.86311782860439, 19.131748023196465]
      },
      "properties": {
        "OBJECTID": 1447,
        "NAME": "Malpa Dongari Municipal Upper Primary School",
        "TYPE": 1,
        "LOCATION": "Jagdamba Road, Malpa Dongri No-03,Andheri (E) Mumbai 400093",
        "ELEVATOR_CONTACT_LIST": null,
        "ELEVATOR_INTERCOM": null,
        "WORKING_HRS": null,
        "EMPLOYEE_QTY": null,
        "EMPLOYEE_MALE": null,
        "EMPLOYEE_FEMALE": null,
        "EMPLOYEE_DIF_ABLE": null,
        "WORKING_HRS_STR": null,
        "WORKING_HRS_STP": null
      }
    },
    {
      "type": "Feature",
      "id": 1448,
      "geometry": {
        "type": "Point",
        "coordinates": [72.81081240614462, 19.141864012771766]
      },
      "properties": {
        "OBJECTID": 1448,
        "NAME": "Posha Nakhwa Municipal School",
        "TYPE": 1,
        "LOCATION": "Yagna Nagar, Versova, Andheri West, Mumbai, Maharashtra 400061",
        "ELEVATOR_CONTACT_LIST": null,
        "ELEVATOR_INTERCOM": null,
        "WORKING_HRS": null,
        "EMPLOYEE_QTY": null,
        "EMPLOYEE_MALE": null,
        "EMPLOYEE_FEMALE": null,
        "EMPLOYEE_DIF_ABLE": null,
        "WORKING_HRS_STR": null,
        "WORKING_HRS_STP": null
      }
    },
    {
      "type": "Feature",
      "id": 1449,
      "geometry": {
        "type": "Point",
        "coordinates": [72.8811633962874, 19.061178931573803]
      },
      "properties": {
        "OBJECTID": 1449,
        "NAME": "Shivsrushti Municipal School",
        "TYPE": 1,
        "LOCATION": "Sai Baba Mandir Road, Kurla Kajrolkar CHSL, Nehru Nagar, Kurla, Mumbai, Maharashtra 400024",
        "ELEVATOR_CONTACT_LIST": null,
        "ELEVATOR_INTERCOM": null,
        "WORKING_HRS": null,
        "EMPLOYEE_QTY": null,
        "EMPLOYEE_MALE": null,
        "EMPLOYEE_FEMALE": null,
        "EMPLOYEE_DIF_ABLE": null,
        "WORKING_HRS_STR": null,
        "WORKING_HRS_STP": null
      }
    },
    {
      "type": "Feature",
      "id": 1450,
      "geometry": {
        "type": "Point",
        "coordinates": [72.88638151460864, 19.093394491638865]
      },
      "properties": {
        "OBJECTID": 1450,
        "NAME": "Kajupada Municipal Urdu Shool",
        "TYPE": 1,
        "LOCATION": "Feet Rd, Kalinga Housing Society, Prabhat Nagar, Jarimari, Saki Naka, Mumbai, Maharashtra 400072",
        "ELEVATOR_CONTACT_LIST": null,
        "ELEVATOR_INTERCOM": null,
        "WORKING_HRS": null,
        "EMPLOYEE_QTY": null,
        "EMPLOYEE_MALE": null,
        "EMPLOYEE_FEMALE": null,
        "EMPLOYEE_DIF_ABLE": null,
        "WORKING_HRS_STR": null,
        "WORKING_HRS_STP": null
      }
    },
    {
      "type": "Feature",
      "id": 1451,
      "geometry": {
        "type": "Point",
        "coordinates": [72.89737900025389, 19.039074999785033]
      },
      "properties": {
        "OBJECTID": 1451,
        "NAME": "Vadavali Municipal School",
        "TYPE": 1,
        "LOCATION": "Wadavali Village, RCF Colony, Chembur, Mumbai, Maharashtra 400071",
        "ELEVATOR_CONTACT_LIST": null,
        "ELEVATOR_INTERCOM": null,
        "WORKING_HRS": null,
        "EMPLOYEE_QTY": null,
        "EMPLOYEE_MALE": null,
        "EMPLOYEE_FEMALE": null,
        "EMPLOYEE_DIF_ABLE": null,
        "WORKING_HRS_STR": null,
        "WORKING_HRS_STP": null
      }
    },
    {
      "type": "Feature",
      "id": 1452,
      "geometry": {
        "type": "Point",
        "coordinates": [72.89087899953255, 19.027934999569784]
      },
      "properties": {
        "OBJECTID": 1452,
        "NAME": "Marvali Municipal Marathi School",
        "TYPE": 1,
        "LOCATION": "Duleep Singh Marg, HP Nagar West, Chembur, Mumbai, Maharashtra 400074",
        "ELEVATOR_CONTACT_LIST": null,
        "ELEVATOR_INTERCOM": null,
        "WORKING_HRS": null,
        "EMPLOYEE_QTY": null,
        "EMPLOYEE_MALE": null,
        "EMPLOYEE_FEMALE": null,
        "EMPLOYEE_DIF_ABLE": null,
        "WORKING_HRS_STR": null,
        "WORKING_HRS_STP": null
      }
    },
    {
      "type": "Feature",
      "id": 1453,
      "geometry": {
        "type": "Point",
        "coordinates": [72.85957905007452, 19.227329885533486]
      },
      "properties": {
        "OBJECTID": 1453,
        "NAME": "Kasturba Cross Road Municipal Urdu School",
        "TYPE": 1,
        "LOCATION": "Kasthurba, 2, Cross Rd No, Chinchpada, Borivali East, Mumbai, Maharashtra 400066",
        "ELEVATOR_CONTACT_LIST": null,
        "ELEVATOR_INTERCOM": null,
        "WORKING_HRS": null,
        "EMPLOYEE_QTY": null,
        "EMPLOYEE_MALE": null,
        "EMPLOYEE_FEMALE": null,
        "EMPLOYEE_DIF_ABLE": null,
        "WORKING_HRS_STR": null,
        "WORKING_HRS_STP": null
      }
    },
    {
      "type": "Feature",
      "id": 1454,
      "geometry": {
        "type": "Point",
        "coordinates": [72.86976668960051, 19.236388108960558]
      },
      "properties": {
        "OBJECTID": 1454,
        "NAME": "Swami Vivekanand Municipal School",
        "TYPE": 1,
        "LOCATION": "Kajupada, Borivali, Mumbai, Maharashtra 400066",
        "ELEVATOR_CONTACT_LIST": null,
        "ELEVATOR_INTERCOM": null,
        "WORKING_HRS": null,
        "EMPLOYEE_QTY": null,
        "EMPLOYEE_MALE": null,
        "EMPLOYEE_FEMALE": null,
        "EMPLOYEE_DIF_ABLE": null,
        "WORKING_HRS_STR": null,
        "WORKING_HRS_STP": null
      }
    },
    {
      "type": "Feature",
      "id": 1455,
      "geometry": {
        "type": "Point",
        "coordinates": [72.87486825132413, 19.255201897950084]
      },
      "properties": {
        "OBJECTID": 1455,
        "NAME": "Ketakipada Municipal School",
        "TYPE": 1,
        "LOCATION": "Dharkhadi, Dahisar East, Mumbai, Maharashtra 400068",
        "ELEVATOR_CONTACT_LIST": null,
        "ELEVATOR_INTERCOM": null,
        "WORKING_HRS": null,
        "EMPLOYEE_QTY": null,
        "EMPLOYEE_MALE": null,
        "EMPLOYEE_FEMALE": null,
        "EMPLOYEE_DIF_ABLE": null,
        "WORKING_HRS_STR": null,
        "WORKING_HRS_STP": null
      }
    },
    {
      "type": "Feature",
      "id": 1456,
      "geometry": {
        "type": "Point",
        "coordinates": [72.86703885341713, 19.241126934075417]
      },
      "properties": {
        "OBJECTID": 1456,
        "NAME": "Ashokvan Municipal School",
        "TYPE": 1,
        "LOCATION": "St Gadge Maharaj Marg, Opposite Amar Chals Building, Ashok Van, Dahisar East, Mumbai, Maharashtra 400068",
        "ELEVATOR_CONTACT_LIST": null,
        "ELEVATOR_INTERCOM": null,
        "WORKING_HRS": null,
        "EMPLOYEE_QTY": null,
        "EMPLOYEE_MALE": null,
        "EMPLOYEE_FEMALE": null,
        "EMPLOYEE_DIF_ABLE": null,
        "WORKING_HRS_STR": null,
        "WORKING_HRS_STP": null
      }
    },
    {
      "type": "Feature",
      "id": 1457,
      "geometry": {
        "type": "Point",
        "coordinates": [72.953049600181, 19.173508699303945]
      },
      "properties": {
        "OBJECTID": 1457,
        "NAME": "RRT Road Municipal School (Vidya Bhavan College) ",
        "TYPE": 1,
        "LOCATION": "Ram Ratan Trivedi Raod, Mulund, Mulund West, Mumbai, Maharashtra 400080",
        "ELEVATOR_CONTACT_LIST": null,
        "ELEVATOR_INTERCOM": null,
        "WORKING_HRS": null,
        "EMPLOYEE_QTY": null,
        "EMPLOYEE_MALE": null,
        "EMPLOYEE_FEMALE": null,
        "EMPLOYEE_DIF_ABLE": null,
        "WORKING_HRS_STR": null,
        "WORKING_HRS_STP": null
      }
    },
    {
      "type": "Feature",
      "id": 1458,
      "geometry": {
        "type": "Point",
        "coordinates": [72.8897592057034, 19.09021615251841]
      },
      "properties": {
        "OBJECTID": 1458,
        "NAME": "Gaiban Shah Nagar Marathi & Urdu Municiapl School,",
        "TYPE": 1,
        "LOCATION": "Sunder Baug Ln, Kamani, Kajupada, Saki Naka, Mumbai, Maharashtra 400072",
        "ELEVATOR_CONTACT_LIST": null,
        "ELEVATOR_INTERCOM": null,
        "WORKING_HRS": null,
        "EMPLOYEE_QTY": null,
        "EMPLOYEE_MALE": null,
        "EMPLOYEE_FEMALE": null,
        "EMPLOYEE_DIF_ABLE": null,
        "WORKING_HRS_STR": null,
        "WORKING_HRS_STP": null
      }
    },
    {
      "type": "Feature",
      "id": 1459,
      "geometry": {
        "type": "Point",
        "coordinates": [72.90371900681887, 19.100412387313536]
      },
      "properties": {
        "OBJECTID": 1459,
        "NAME": "Barve Nagar Municipal Marathi -1 School",
        "TYPE": 1,
        "LOCATION": "R.B. Kadam Road, Batwadi, Ramji Nagar, Ghatkopar West, Mumbai, Maharashtra 400084",
        "ELEVATOR_CONTACT_LIST": null,
        "ELEVATOR_INTERCOM": null,
        "WORKING_HRS": null,
        "EMPLOYEE_QTY": null,
        "EMPLOYEE_MALE": null,
        "EMPLOYEE_FEMALE": null,
        "EMPLOYEE_DIF_ABLE": null,
        "WORKING_HRS_STR": null,
        "WORKING_HRS_STP": null
      }
    },
    {
      "type": "Feature",
      "id": 1701,
      "geometry": {
        "type": "Point",
        "coordinates": [72.9013047737207, 19.034111204329296]
      },
      "properties": {
        "OBJECTID": 1701,
        "NAME": "Chembur Welfare Marathi School",
        "TYPE": 4,
        "LOCATION": "Shivaji Nagar Road, Near Freeway, Chembur, Mumbai, 400074",
        "ELEVATOR_CONTACT_LIST": null,
        "ELEVATOR_INTERCOM": null,
        "WORKING_HRS": null,
        "EMPLOYEE_QTY": null,
        "EMPLOYEE_MALE": null,
        "EMPLOYEE_FEMALE": null,
        "EMPLOYEE_DIF_ABLE": null,
        "WORKING_HRS_STR": null,
        "WORKING_HRS_STP": null
      }
    },
    {
      "type": "Feature",
      "id": 1702,
      "geometry": {
        "type": "Point",
        "coordinates": [72.91160948605928, 19.04848751288461]
      },
      "properties": {
        "OBJECTID": 1702,
        "NAME": "Saha & Anchor Kuchhi Engineering College",
        "TYPE": 4,
        "LOCATION": "D P Road, OPP Pandit Madan Mohan Malaviya Shatabdi Hospital, Govandi, Mumbai, 400088",
        "ELEVATOR_CONTACT_LIST": null,
        "ELEVATOR_INTERCOM": null,
        "WORKING_HRS": null,
        "EMPLOYEE_QTY": null,
        "EMPLOYEE_MALE": null,
        "EMPLOYEE_FEMALE": null,
        "EMPLOYEE_DIF_ABLE": null,
        "WORKING_HRS_STR": null,
        "WORKING_HRS_STP": null
      }
    },
    {
      "type": "Feature",
      "id": 1703,
      "geometry": {
        "type": "Point",
        "coordinates": [72.91003389901867, 19.046035734572637]
      },
      "properties": {
        "OBJECTID": 1703,
        "NAME": "Bhavna Trust Junior & Degree College Of Commerce & Science",
        "TYPE": 4,
        "LOCATION": "Mumbai Highway, Near Shivaji Maharaj Statue, Govandi, Mumbai, 400088",
        "ELEVATOR_CONTACT_LIST": null,
        "ELEVATOR_INTERCOM": null,
        "WORKING_HRS": null,
        "EMPLOYEE_QTY": null,
        "EMPLOYEE_MALE": null,
        "EMPLOYEE_FEMALE": null,
        "EMPLOYEE_DIF_ABLE": null,
        "WORKING_HRS_STR": null,
        "WORKING_HRS_STP": null
      }
    },
    {
      "type": "Feature",
      "id": 1704,
      "geometry": {
        "type": "Point",
        "coordinates": [72.92277773345664, 19.050991804107205]
      },
      "properties": {
        "OBJECTID": 1704,
        "NAME": "Arqam English High School",
        "TYPE": 4,
        "LOCATION": "Tatanagar, Near Sunni Masjid, Govandi, Mumbai, 400043",
        "ELEVATOR_CONTACT_LIST": null,
        "ELEVATOR_INTERCOM": null,
        "WORKING_HRS": null,
        "EMPLOYEE_QTY": null,
        "EMPLOYEE_MALE": null,
        "EMPLOYEE_FEMALE": null,
        "EMPLOYEE_DIF_ABLE": null,
        "WORKING_HRS_STR": null,
        "WORKING_HRS_STP": null
      }
    },
    {
      "type": "Feature",
      "id": 1705,
      "geometry": {
        "type": "Point",
        "coordinates": [72.92338069492577, 19.05267488777226]
      },
      "properties": {
        "OBJECTID": 1705,
        "NAME": "Chatrpati Raje Shabhaji School",
        "TYPE": 4,
        "LOCATION": "Deonar Municipal Colony, Near New Maharashtra Mutton Shop, Govandi, Mumbai, 400043",
        "ELEVATOR_CONTACT_LIST": null,
        "ELEVATOR_INTERCOM": null,
        "WORKING_HRS": null,
        "EMPLOYEE_QTY": null,
        "EMPLOYEE_MALE": null,
        "EMPLOYEE_FEMALE": null,
        "EMPLOYEE_DIF_ABLE": null,
        "WORKING_HRS_STR": null,
        "WORKING_HRS_STP": null
      }
    },
    {
      "type": "Feature",
      "id": 1706,
      "geometry": {
        "type": "Point",
        "coordinates": [72.92205317365726, 19.05290215441485]
      },
      "properties": {
        "OBJECTID": 1706,
        "NAME": "Kumud Vidhamandir English School",
        "TYPE": 4,
        "LOCATION": "Deonar Municipal Colony, Near Awami Girls High School, Govandi, Mumbai, 400043",
        "ELEVATOR_CONTACT_LIST": null,
        "ELEVATOR_INTERCOM": null,
        "WORKING_HRS": null,
        "EMPLOYEE_QTY": null,
        "EMPLOYEE_MALE": null,
        "EMPLOYEE_FEMALE": null,
        "EMPLOYEE_DIF_ABLE": null,
        "WORKING_HRS_STR": null,
        "WORKING_HRS_STP": null
      }
    },
    {
      "type": "Feature",
      "id": 1707,
      "geometry": {
        "type": "Point",
        "coordinates": [72.92258513850157, 19.053032530332995]
      },
      "properties": {
        "OBJECTID": 1707,
        "NAME": "Awami Girls High School & junior College",
        "TYPE": 4,
        "LOCATION": "Deonar Municipal Colony, Near Kumud Vidya Mandir School, Govandi, Mumbai, 400043",
        "ELEVATOR_CONTACT_LIST": null,
        "ELEVATOR_INTERCOM": null,
        "WORKING_HRS": null,
        "EMPLOYEE_QTY": null,
        "EMPLOYEE_MALE": null,
        "EMPLOYEE_FEMALE": null,
        "EMPLOYEE_DIF_ABLE": null,
        "WORKING_HRS_STR": null,
        "WORKING_HRS_STP": null
      }
    },
    {
      "type": "Feature",
      "id": 1708,
      "geometry": {
        "type": "Point",
        "coordinates": [72.90161155176553, 19.032610780118212]
      },
      "properties": {
        "OBJECTID": 1708,
        "NAME": "Janata Welfare English High school",
        "TYPE": 4,
        "LOCATION": "Nagababa Road, Near Vaishali Buddha Vihar, Chembur, Mumbai, 400074",
        "ELEVATOR_CONTACT_LIST": null,
        "ELEVATOR_INTERCOM": null,
        "WORKING_HRS": null,
        "EMPLOYEE_QTY": null,
        "EMPLOYEE_MALE": null,
        "EMPLOYEE_FEMALE": null,
        "EMPLOYEE_DIF_ABLE": null,
        "WORKING_HRS_STR": null,
        "WORKING_HRS_STP": null
      }
    },
    {
      "type": "Feature",
      "id": 1709,
      "geometry": {
        "type": "Point",
        "coordinates": [72.89741825307868, 19.039199674408117]
      },
      "properties": {
        "OBJECTID": 1709,
        "NAME": "Jawahar Vidya Bhawan",
        "TYPE": 3,
        "LOCATION": "R C F Road, Near Jawahar Ground, Chembur, Mumbai, 400074",
        "ELEVATOR_CONTACT_LIST": null,
        "ELEVATOR_INTERCOM": null,
        "WORKING_HRS": null,
        "EMPLOYEE_QTY": null,
        "EMPLOYEE_MALE": null,
        "EMPLOYEE_FEMALE": null,
        "EMPLOYEE_DIF_ABLE": null,
        "WORKING_HRS_STR": null,
        "WORKING_HRS_STP": null
      }
    },
    {
      "type": "Feature",
      "id": 1710,
      "geometry": {
        "type": "Point",
        "coordinates": [72.89801102054412, 19.03979582769932]
      },
      "properties": {
        "OBJECTID": 1710,
        "NAME": "St Sebastian High school",
        "TYPE": 4,
        "LOCATION": "RCF Marg, Tolaram Colony/ Near Sharadbhau Acharya Udyan, Chembur, Mumbai, 400074",
        "ELEVATOR_CONTACT_LIST": null,
        "ELEVATOR_INTERCOM": null,
        "WORKING_HRS": null,
        "EMPLOYEE_QTY": null,
        "EMPLOYEE_MALE": null,
        "EMPLOYEE_FEMALE": null,
        "EMPLOYEE_DIF_ABLE": null,
        "WORKING_HRS_STR": null,
        "WORKING_HRS_STP": null
      }
    },
    {
      "type": "Feature",
      "id": 1711,
      "geometry": {
        "type": "Point",
        "coordinates": [72.91318427842955, 19.04492247198783]
      },
      "properties": {
        "OBJECTID": 1711,
        "NAME": "Tata Institute of Social Science",
        "TYPE": 4,
        "LOCATION": "Mumbai Pune Highway, Near Ramkrishna Hari Kate Chowk, Deonar, Mumbai, 400088",
        "ELEVATOR_CONTACT_LIST": null,
        "ELEVATOR_INTERCOM": null,
        "WORKING_HRS": null,
        "EMPLOYEE_QTY": null,
        "EMPLOYEE_MALE": null,
        "EMPLOYEE_FEMALE": null,
        "EMPLOYEE_DIF_ABLE": null,
        "WORKING_HRS_STR": null,
        "WORKING_HRS_STP": null
      }
    },
    {
      "type": "Feature",
      "id": 1712,
      "geometry": {
        "type": "Point",
        "coordinates": [72.90140468582617, 19.04391147985435]
      },
      "properties": {
        "OBJECTID": 1712,
        "NAME": "Wadhavli Municipal High School",
        "TYPE": 1,
        "LOCATION": "Wadavali Village Road, Near Sufalam Tower, Chembur, Mumbai, 400074",
        "ELEVATOR_CONTACT_LIST": null,
        "ELEVATOR_INTERCOM": null,
        "WORKING_HRS": null,
        "EMPLOYEE_QTY": null,
        "EMPLOYEE_MALE": null,
        "EMPLOYEE_FEMALE": null,
        "EMPLOYEE_DIF_ABLE": null,
        "WORKING_HRS_STR": null,
        "WORKING_HRS_STP": null
      }
    },
    {
      "type": "Feature",
      "id": 2021,
      "geometry": {
        "type": "Point",
        "coordinates": [72.88769768417902, 19.04979929935259]
      },
      "properties": {
        "OBJECTID": 2021,
        "NAME": "Swami Vivekananda Primary  English School",
        "TYPE": 4,
        "LOCATION": "Swami Vivekananda Primary  English School, Road No 2, Near Sindhi Society, Chembur, Mumbai, 400071",
        "ELEVATOR_CONTACT_LIST": null,
        "ELEVATOR_INTERCOM": null,
        "WORKING_HRS": null,
        "EMPLOYEE_QTY": null,
        "EMPLOYEE_MALE": null,
        "EMPLOYEE_FEMALE": null,
        "EMPLOYEE_DIF_ABLE": null,
        "WORKING_HRS_STR": null,
        "WORKING_HRS_STP": null
      }
    },
    {
      "type": "Feature",
      "id": 2022,
      "geometry": {
        "type": "Point",
        "coordinates": [72.88817612677128, 19.049839945796993]
      },
      "properties": {
        "OBJECTID": 2022,
        "NAME": "Swami Vivekananda Technical College",
        "TYPE": 4,
        "LOCATION": "Swami Vivekananda Technical College, Road No 3, Near Sindhi Society, Chembur, Mumbai, 400071",
        "ELEVATOR_CONTACT_LIST": null,
        "ELEVATOR_INTERCOM": null,
        "WORKING_HRS": null,
        "EMPLOYEE_QTY": null,
        "EMPLOYEE_MALE": null,
        "EMPLOYEE_FEMALE": null,
        "EMPLOYEE_DIF_ABLE": null,
        "WORKING_HRS_STR": null,
        "WORKING_HRS_STP": null
      }
    },
    {
      "type": "Feature",
      "id": 2023,
      "geometry": {
        "type": "Point",
        "coordinates": [72.88772742844625, 19.049514818477963]
      },
      "properties": {
        "OBJECTID": 2023,
        "NAME": "Swami Vivekananda High School",
        "TYPE": 4,
        "LOCATION": "Swami Vivekananda High School, Road No 4, Near Heritage Castle 121, Chembur, Mumbai, 400071",
        "ELEVATOR_CONTACT_LIST": null,
        "ELEVATOR_INTERCOM": null,
        "WORKING_HRS": null,
        "EMPLOYEE_QTY": null,
        "EMPLOYEE_MALE": null,
        "EMPLOYEE_FEMALE": null,
        "EMPLOYEE_DIF_ABLE": null,
        "WORKING_HRS_STR": null,
        "WORKING_HRS_STP": null
      }
    },
    {
      "type": "Feature",
      "id": 2024,
      "geometry": {
        "type": "Point",
        "coordinates": [72.88742409958658, 19.049227299584743]
      },
      "properties": {
        "OBJECTID": 2024,
        "NAME": "Anand Nagar Municipal School (Sankulan) ",
        "TYPE": 1,
        "LOCATION": "Anand Nagar School Sankul, Lal Dongar Road, Near Sindhi Society, Chembur, Mumbai, 400071",
        "ELEVATOR_CONTACT_LIST": null,
        "ELEVATOR_INTERCOM": null,
        "WORKING_HRS": null,
        "EMPLOYEE_QTY": null,
        "EMPLOYEE_MALE": null,
        "EMPLOYEE_FEMALE": null,
        "EMPLOYEE_DIF_ABLE": null,
        "WORKING_HRS_STR": null,
        "WORKING_HRS_STP": null
      }
    },
    {
      "type": "Feature",
      "id": 2025,
      "geometry": {
        "type": "Point",
        "coordinates": [72.89371479263322, 19.04222891171868]
      },
      "properties": {
        "OBJECTID": 2025,
        "NAME": "Makhli Muncipal School",
        "TYPE": 1,
        "LOCATION": "BMC Makhli Municipal School, Ramkrishna Chemburkar Marg, Opp Canara Bank, Chembur, Mumbai, 400074",
        "ELEVATOR_CONTACT_LIST": null,
        "ELEVATOR_INTERCOM": null,
        "WORKING_HRS": null,
        "EMPLOYEE_QTY": null,
        "EMPLOYEE_MALE": null,
        "EMPLOYEE_FEMALE": null,
        "EMPLOYEE_DIF_ABLE": null,
        "WORKING_HRS_STR": null,
        "WORKING_HRS_STP": null
      }
    },
    {
      "type": "Feature",
      "id": 2026,
      "geometry": {
        "type": "Point",
        "coordinates": [72.89467796211161, 19.036297175413573]
      },
      "properties": {
        "OBJECTID": 2026,
        "NAME": "Ryan International School",
        "TYPE": 4,
        "LOCATION": "Ryan International School, RC Road, Near Indian Oil, Chembur, Mumbai, 400074",
        "ELEVATOR_CONTACT_LIST": null,
        "ELEVATOR_INTERCOM": null,
        "WORKING_HRS": null,
        "EMPLOYEE_QTY": null,
        "EMPLOYEE_MALE": null,
        "EMPLOYEE_FEMALE": null,
        "EMPLOYEE_DIF_ABLE": null,
        "WORKING_HRS_STR": null,
        "WORKING_HRS_STP": null
      }
    },
    {
      "type": "Feature",
      "id": 2027,
      "geometry": {
        "type": "Point",
        "coordinates": [72.89022949999921, 19.045442599634388]
      },
      "properties": {
        "OBJECTID": 2027,
        "NAME": "Collector Colony Municipal Hindi & Urdu  School",
        "TYPE": 1,
        "LOCATION": "Collector Colony Bmc Hindi & Urdu  School, Collector Colony Road, Collector Colony, Chembur, Mumbai, 400074",
        "ELEVATOR_CONTACT_LIST": null,
        "ELEVATOR_INTERCOM": null,
        "WORKING_HRS": null,
        "EMPLOYEE_QTY": null,
        "EMPLOYEE_MALE": null,
        "EMPLOYEE_FEMALE": null,
        "EMPLOYEE_DIF_ABLE": null,
        "WORKING_HRS_STR": null,
        "WORKING_HRS_STP": null
      }
    },
    {
      "type": "Feature",
      "id": 2028,
      "geometry": {
        "type": "Point",
        "coordinates": [72.89482240012866, 19.04654869992941]
      },
      "properties": {
        "OBJECTID": 2028,
        "NAME": "Smt.J.H. Wadhwa College Of Technology",
        "TYPE": 4,
        "LOCATION": "Smt.J.H. Wadhwa College Of Technology, Gandhi Market Road, Inlaks Hospital Near, Chembur, Mumbai, 400074",
        "ELEVATOR_CONTACT_LIST": null,
        "ELEVATOR_INTERCOM": null,
        "WORKING_HRS": null,
        "EMPLOYEE_QTY": null,
        "EMPLOYEE_MALE": null,
        "EMPLOYEE_FEMALE": null,
        "EMPLOYEE_DIF_ABLE": null,
        "WORKING_HRS_STR": null,
        "WORKING_HRS_STP": null
      }
    },
    {
      "type": "Feature",
      "id": 2029,
      "geometry": {
        "type": "Point",
        "coordinates": [72.89748156037905, 19.046409122836543]
      },
      "properties": {
        "OBJECTID": 2029,
        "NAME": "Smt.T.M Hinduja National Sarvodaya High School & College",
        "TYPE": 4,
        "LOCATION": "Smt.T.M Hinduja National Sarvodaya High School & College, RC Barrack Road, Near Indira Nagar, Chembur, Mumbai, 400074",
        "ELEVATOR_CONTACT_LIST": null,
        "ELEVATOR_INTERCOM": null,
        "WORKING_HRS": null,
        "EMPLOYEE_QTY": null,
        "EMPLOYEE_MALE": null,
        "EMPLOYEE_FEMALE": null,
        "EMPLOYEE_DIF_ABLE": null,
        "WORKING_HRS_STR": null,
        "WORKING_HRS_STP": null
      }
    },
    {
      "type": "Feature",
      "id": 2030,
      "geometry": {
        "type": "Point",
        "coordinates": [72.8962693997961, 19.048066999915317]
      },
      "properties": {
        "OBJECTID": 2030,
        "NAME": "Chembur Camp Municipal  Urdu School",
        "TYPE": 1,
        "LOCATION": "Shivshakti Nagar, Chembur, Mumbai 400074",
        "ELEVATOR_CONTACT_LIST": null,
        "ELEVATOR_INTERCOM": null,
        "WORKING_HRS": null,
        "EMPLOYEE_QTY": null,
        "EMPLOYEE_MALE": null,
        "EMPLOYEE_FEMALE": null,
        "EMPLOYEE_DIF_ABLE": null,
        "WORKING_HRS_STR": null,
        "WORKING_HRS_STP": null
      }
    },
    {
      "type": "Feature",
      "id": 2031,
      "geometry": {
        "type": "Point",
        "coordinates": [72.89513770546299, 19.04902690464936]
      },
      "properties": {
        "OBJECTID": 2031,
        "NAME": "Sadhu Vaswani High School",
        "TYPE": 4,
        "LOCATION": "Sadhu Vaswani High School, Ramkrishna Chembur Road, Inside Navjivan Society, Chembur, Mumbai, 400074",
        "ELEVATOR_CONTACT_LIST": null,
        "ELEVATOR_INTERCOM": null,
        "WORKING_HRS": null,
        "EMPLOYEE_QTY": null,
        "EMPLOYEE_MALE": null,
        "EMPLOYEE_FEMALE": null,
        "EMPLOYEE_DIF_ABLE": null,
        "WORKING_HRS_STR": null,
        "WORKING_HRS_STP": null
      }
    },
    {
      "type": "Feature",
      "id": 2032,
      "geometry": {
        "type": "Point",
        "coordinates": [72.89314516223678, 19.04421324760111]
      },
      "properties": {
        "OBJECTID": 2032,
        "NAME": "Shree Sanatan Dharam Vidyalaya English & Hindi Medium",
        "TYPE": 4,
        "LOCATION": "Shree Sanatan Dharam Vidyalaya English & Hindi Medium, RC Road, Near Fertilizer Township, Chembur, Mumbai, 400074",
        "ELEVATOR_CONTACT_LIST": null,
        "ELEVATOR_INTERCOM": null,
        "WORKING_HRS": null,
        "EMPLOYEE_QTY": null,
        "EMPLOYEE_MALE": null,
        "EMPLOYEE_FEMALE": null,
        "EMPLOYEE_DIF_ABLE": null,
        "WORKING_HRS_STR": null,
        "WORKING_HRS_STP": null
      }
    },
    {
      "type": "Feature",
      "id": 2033,
      "geometry": {
        "type": "Point",
        "coordinates": [72.89133010046142, 19.053006400197773]
      },
      "properties": {
        "OBJECTID": 2033,
        "NAME": "Yash Computer Education Computer Training School",
        "TYPE": 4,
        "LOCATION": "Yash Computer Education Computer Training School, Bhakti Bhavna Road, Near Sitla Hospital, Chembur, Mumbai, 400071",
        "ELEVATOR_CONTACT_LIST": null,
        "ELEVATOR_INTERCOM": null,
        "WORKING_HRS": null,
        "EMPLOYEE_QTY": null,
        "EMPLOYEE_MALE": null,
        "EMPLOYEE_FEMALE": null,
        "EMPLOYEE_DIF_ABLE": null,
        "WORKING_HRS_STR": null,
        "WORKING_HRS_STP": null
      }
    },
    {
      "type": "Feature",
      "id": 2037,
      "geometry": {
        "type": "Point",
        "coordinates": [72.84376434959121, 19.18269637779704]
      },
      "properties": {
        "OBJECTID": 2037,
        "NAME": "Malad Kanya Municipal School",
        "TYPE": 1,
        "LOCATION": "Harun Khan Road, Malad, Somwari Bazar, Malad West, Mumbai, Maharashtra, 400064",
        "ELEVATOR_CONTACT_LIST": null,
        "ELEVATOR_INTERCOM": null,
        "WORKING_HRS": null,
        "EMPLOYEE_QTY": null,
        "EMPLOYEE_MALE": null,
        "EMPLOYEE_FEMALE": null,
        "EMPLOYEE_DIF_ABLE": null,
        "WORKING_HRS_STR": null,
        "WORKING_HRS_STP": null
      }
    },
    {
      "type": "Feature",
      "id": 2038,
      "geometry": {
        "type": "Point",
        "coordinates": [72.84212349960053, 19.179302099545115]
      },
      "properties": {
        "OBJECTID": 2038,
        "NAME": "Chincholi Municipal Marathi Shala",
        "TYPE": 1,
        "LOCATION": "G-59, Chincholi Bunder Rd, Malad, Sunder Nagar, Malad West, Mumbai, Maharashtra, 400064",
        "ELEVATOR_CONTACT_LIST": null,
        "ELEVATOR_INTERCOM": null,
        "WORKING_HRS": null,
        "EMPLOYEE_QTY": null,
        "EMPLOYEE_MALE": null,
        "EMPLOYEE_FEMALE": null,
        "EMPLOYEE_DIF_ABLE": null,
        "WORKING_HRS_STR": null,
        "WORKING_HRS_STP": null
      }
    },
    {
      "type": "Feature",
      "id": 2039,
      "geometry": {
        "type": "Point",
        "coordinates": [72.84096485408833, 19.18849346609]
      },
      "properties": {
        "OBJECTID": 2039,
        "NAME": "Liberty Garden Municipal Tamil School",
        "TYPE": 1,
        "LOCATION": "\u00a0Malad, Navy Colony, Kanchpada, Malad West, Mumbai, Maharashtra, 400064",
        "ELEVATOR_CONTACT_LIST": null,
        "ELEVATOR_INTERCOM": null,
        "WORKING_HRS": null,
        "EMPLOYEE_QTY": null,
        "EMPLOYEE_MALE": null,
        "EMPLOYEE_FEMALE": null,
        "EMPLOYEE_DIF_ABLE": null,
        "WORKING_HRS_STR": null,
        "WORKING_HRS_STP": null
      }
    },
    {
      "type": "Feature",
      "id": 2053,
      "geometry": {
        "type": "Point",
        "coordinates": [72.86482900016327, 19.21365100001144]
      },
      "properties": {
        "OBJECTID": 2053,
        "NAME": "Thakur Institute Of Aviation Technology",
        "TYPE": 4,
        "LOCATION": "Thakur Institute Of Aviation Technology, 90 Feet Road, Near Axis Bank, Kandivali, Mumbai, 400101",
        "ELEVATOR_CONTACT_LIST": null,
        "ELEVATOR_INTERCOM": null,
        "WORKING_HRS": null,
        "EMPLOYEE_QTY": null,
        "EMPLOYEE_MALE": null,
        "EMPLOYEE_FEMALE": null,
        "EMPLOYEE_DIF_ABLE": null,
        "WORKING_HRS_STR": null,
        "WORKING_HRS_STP": null
      }
    },
    {
      "type": "Feature",
      "id": 2054,
      "geometry": {
        "type": "Point",
        "coordinates": [72.8362560003764, 19.204343999951707]
      },
      "properties": {
        "OBJECTID": 2054,
        "NAME": "Thakur International School",
        "TYPE": 4,
        "LOCATION": "Thakur International School, Mathuradas Road, Near J J Hospital, Kandivali, Mumbai, 400067",
        "ELEVATOR_CONTACT_LIST": null,
        "ELEVATOR_INTERCOM": null,
        "WORKING_HRS": null,
        "EMPLOYEE_QTY": null,
        "EMPLOYEE_MALE": null,
        "EMPLOYEE_FEMALE": null,
        "EMPLOYEE_DIF_ABLE": null,
        "WORKING_HRS_STR": null,
        "WORKING_HRS_STP": null
      }
    },
    {
      "type": "Feature",
      "id": 2055,
      "geometry": {
        "type": "Point",
        "coordinates": [72.85567710020584, 19.203374300246846]
      },
      "properties": {
        "OBJECTID": 2055,
        "NAME": "Pioneer Public English School",
        "TYPE": 4,
        "LOCATION": "Pioneer Public English School, Akruli Road, Near Suraj Dariy Farm, Kandivali, Mumbai, 400101",
        "ELEVATOR_CONTACT_LIST": null,
        "ELEVATOR_INTERCOM": null,
        "WORKING_HRS": null,
        "EMPLOYEE_QTY": null,
        "EMPLOYEE_MALE": null,
        "EMPLOYEE_FEMALE": null,
        "EMPLOYEE_DIF_ABLE": null,
        "WORKING_HRS_STR": null,
        "WORKING_HRS_STP": null
      }
    },
    {
      "type": "Feature",
      "id": 2056,
      "geometry": {
        "type": "Point",
        "coordinates": [72.84173375125911, 19.205917588829237]
      },
      "properties": {
        "OBJECTID": 2056,
        "NAME": "Nirmala Memorial Foundation College of Commerce & Science",
        "TYPE": 4,
        "LOCATION": "Nirmala Memorial Foundation College of Commerce & Science, Mahatma Gandhi Road, Near Thakur Complex, Kandivali, Mumbai, 400067",
        "ELEVATOR_CONTACT_LIST": null,
        "ELEVATOR_INTERCOM": null,
        "WORKING_HRS": null,
        "EMPLOYEE_QTY": null,
        "EMPLOYEE_MALE": null,
        "EMPLOYEE_FEMALE": null,
        "EMPLOYEE_DIF_ABLE": null,
        "WORKING_HRS_STR": null,
        "WORKING_HRS_STP": null
      }
    },
    {
      "type": "Feature",
      "id": 2057,
      "geometry": {
        "type": "Point",
        "coordinates": [72.8454397252542, 19.207111596721386]
      },
      "properties": {
        "OBJECTID": 2057,
        "NAME": "ATMODAY VIDYAMANDIR ENGLISH MEDIUM SCHOOL",
        "TYPE": 4,
        "LOCATION": "Atmoday Vidyamandir English Medium School, Mahatma Gandhi Road, Near Ridhhi Siddhi CHS, Kandivali, Mumbai, 400067",
        "ELEVATOR_CONTACT_LIST": null,
        "ELEVATOR_INTERCOM": null,
        "WORKING_HRS": null,
        "EMPLOYEE_QTY": null,
        "EMPLOYEE_MALE": null,
        "EMPLOYEE_FEMALE": null,
        "EMPLOYEE_DIF_ABLE": null,
        "WORKING_HRS_STR": null,
        "WORKING_HRS_STP": null
      }
    },
    {
      "type": "Feature",
      "id": 2058,
      "geometry": {
        "type": "Point",
        "coordinates": [72.8429251544353, 19.202786605237964]
      },
      "properties": {
        "OBJECTID": 2058,
        "NAME": "Dhanamal High school",
        "TYPE": 4,
        "LOCATION": "Dhanamal High school, Hemu Kalani Road, Near Hari Om Farsan Mart, Kandivali, Mumbai, 400067",
        "ELEVATOR_CONTACT_LIST": null,
        "ELEVATOR_INTERCOM": null,
        "WORKING_HRS": null,
        "EMPLOYEE_QTY": null,
        "EMPLOYEE_MALE": null,
        "EMPLOYEE_FEMALE": null,
        "EMPLOYEE_DIF_ABLE": null,
        "WORKING_HRS_STR": null,
        "WORKING_HRS_STP": null
      }
    },
    {
      "type": "Feature",
      "id": 2059,
      "geometry": {
        "type": "Point",
        "coordinates": [72.84683983775126, 19.20197351875961]
      },
      "properties": {
        "OBJECTID": 2059,
        "NAME": "KES Shroff College",
        "TYPE": 4,
        "LOCATION": "KES Shroff College, Bhulabhai Desai Road, Near Laxmi Prabhu CHS, Kandivali, Mumbai, 400067",
        "ELEVATOR_CONTACT_LIST": null,
        "ELEVATOR_INTERCOM": null,
        "WORKING_HRS": null,
        "EMPLOYEE_QTY": null,
        "EMPLOYEE_MALE": null,
        "EMPLOYEE_FEMALE": null,
        "EMPLOYEE_DIF_ABLE": null,
        "WORKING_HRS_STR": null,
        "WORKING_HRS_STP": null
      }
    },
    {
      "type": "Feature",
      "id": 2060,
      "geometry": {
        "type": "Point",
        "coordinates": [72.820102000348, 19.212413000032896]
      },
      "properties": {
        "OBJECTID": 2060,
        "NAME": "St Mary's High School",
        "TYPE": 4,
        "LOCATION": "St Mary's High School, RSC Number 1 Road , Near Panchvati 62/88, Kandivali, Mumbai, 400067",
        "ELEVATOR_CONTACT_LIST": null,
        "ELEVATOR_INTERCOM": null,
        "WORKING_HRS": null,
        "EMPLOYEE_QTY": null,
        "EMPLOYEE_MALE": null,
        "EMPLOYEE_FEMALE": null,
        "EMPLOYEE_DIF_ABLE": null,
        "WORKING_HRS_STR": null,
        "WORKING_HRS_STP": null
      }
    },
    {
      "type": "Feature",
      "id": 2061,
      "geometry": {
        "type": "Point",
        "coordinates": [72.82334301600483, 19.212946991382317]
      },
      "properties": {
        "OBJECTID": 2061,
        "NAME": "Indian Education Society School",
        "TYPE": 4,
        "LOCATION": "Indian Education Society School, Road No 16, Near Asha Clinic, Kandivali, Mumbai, 400067",
        "ELEVATOR_CONTACT_LIST": null,
        "ELEVATOR_INTERCOM": null,
        "WORKING_HRS": null,
        "EMPLOYEE_QTY": null,
        "EMPLOYEE_MALE": null,
        "EMPLOYEE_FEMALE": null,
        "EMPLOYEE_DIF_ABLE": null,
        "WORKING_HRS_STR": null,
        "WORKING_HRS_STP": null
      }
    },
    {
      "type": "Feature",
      "id": 2063,
      "geometry": {
        "type": "Point",
        "coordinates": [72.87094087490931, 19.206624527309593]
      },
      "properties": {
        "OBJECTID": 2063,
        "NAME": "Samta Vidhya Mandir",
        "TYPE": 4,
        "LOCATION": "Samta Vidya Mandir, Samta Nagar Road, Near Dr Baba Saheb Ambedkar Udyan, Kandivali, Mumbai, 400101",
        "ELEVATOR_CONTACT_LIST": null,
        "ELEVATOR_INTERCOM": null,
        "WORKING_HRS": null,
        "EMPLOYEE_QTY": null,
        "EMPLOYEE_MALE": null,
        "EMPLOYEE_FEMALE": null,
        "EMPLOYEE_DIF_ABLE": null,
        "WORKING_HRS_STR": null,
        "WORKING_HRS_STP": null
      }
    },
    {
      "type": "Feature",
      "id": 2064,
      "geometry": {
        "type": "Point",
        "coordinates": [72.869013797612, 19.21408425577897]
      },
      "properties": {
        "OBJECTID": 2064,
        "NAME": "Kangaroo Kids",
        "TYPE": 4,
        "LOCATION": "Kangaroo Kids, Dattani Park Road, Near MacBook, Kandivali, Mumbai, 400101",
        "ELEVATOR_CONTACT_LIST": null,
        "ELEVATOR_INTERCOM": null,
        "WORKING_HRS": null,
        "EMPLOYEE_QTY": null,
        "EMPLOYEE_MALE": null,
        "EMPLOYEE_FEMALE": null,
        "EMPLOYEE_DIF_ABLE": null,
        "WORKING_HRS_STR": null,
        "WORKING_HRS_STP": null
      }
    },
    {
      "type": "Feature",
      "id": 2065,
      "geometry": {
        "type": "Point",
        "coordinates": [72.86893554176278, 19.214231415027577]
      },
      "properties": {
        "OBJECTID": 2065,
        "NAME": "Aptech Montana International School",
        "TYPE": 4,
        "LOCATION": "Aptech Montana International School, Dattani Park Road, Near MacBook, Kandivali, Mumbai, 400101",
        "ELEVATOR_CONTACT_LIST": null,
        "ELEVATOR_INTERCOM": null,
        "WORKING_HRS": null,
        "EMPLOYEE_QTY": null,
        "EMPLOYEE_MALE": null,
        "EMPLOYEE_FEMALE": null,
        "EMPLOYEE_DIF_ABLE": null,
        "WORKING_HRS_STR": null,
        "WORKING_HRS_STP": null
      }
    },
    {
      "type": "Feature",
      "id": 2066,
      "geometry": {
        "type": "Point",
        "coordinates": [72.87579204631831, 19.207008222162585]
      },
      "properties": {
        "OBJECTID": 2066,
        "NAME": "Oxford International School",
        "TYPE": 4,
        "LOCATION": "Oxford International School, Thakur Village Road, Near Kelipada CHS, Kandivali, Mumbai, 400101",
        "ELEVATOR_CONTACT_LIST": null,
        "ELEVATOR_INTERCOM": null,
        "WORKING_HRS": null,
        "EMPLOYEE_QTY": null,
        "EMPLOYEE_MALE": null,
        "EMPLOYEE_FEMALE": null,
        "EMPLOYEE_DIF_ABLE": null,
        "WORKING_HRS_STR": null,
        "WORKING_HRS_STP": null
      }
    },
    {
      "type": "Feature",
      "id": 2067,
      "geometry": {
        "type": "Point",
        "coordinates": [72.87463998212708, 19.20929955342908]
      },
      "properties": {
        "OBJECTID": 2067,
        "NAME": "Thakur Public School (Primary)",
        "TYPE": 4,
        "LOCATION": "Thakur Public School (Primary), Thakur Village Road, Near Saraswat Bank, Kandivali, Mumbai, 400101",
        "ELEVATOR_CONTACT_LIST": null,
        "ELEVATOR_INTERCOM": null,
        "WORKING_HRS": null,
        "EMPLOYEE_QTY": null,
        "EMPLOYEE_MALE": null,
        "EMPLOYEE_FEMALE": null,
        "EMPLOYEE_DIF_ABLE": null,
        "WORKING_HRS_STR": null,
        "WORKING_HRS_STP": null
      }
    },
    {
      "type": "Feature",
      "id": 2068,
      "geometry": {
        "type": "Point",
        "coordinates": [72.87566109990483, 19.211757400253642]
      },
      "properties": {
        "OBJECTID": 2068,
        "NAME": "Peek A Boo",
        "TYPE": 4,
        "LOCATION": "Peek A Boo, Thakur Village Road, Near Indian Bank, Kandivali, Mumbai, 400101",
        "ELEVATOR_CONTACT_LIST": null,
        "ELEVATOR_INTERCOM": null,
        "WORKING_HRS": null,
        "EMPLOYEE_QTY": null,
        "EMPLOYEE_MALE": null,
        "EMPLOYEE_FEMALE": null,
        "EMPLOYEE_DIF_ABLE": null,
        "WORKING_HRS_STR": null,
        "WORKING_HRS_STP": null
      }
    },
    {
      "type": "Feature",
      "id": 2069,
      "geometry": {
        "type": "Point",
        "coordinates": [72.87688273988574, 19.211647771224264]
      },
      "properties": {
        "OBJECTID": 2069,
        "NAME": "Gundecha Education Of Arcrde",
        "TYPE": 4,
        "LOCATION": "Gundecha Education Of Arcade, Thakur Village Road, Near Gundecha Park, Kandivali, Mumbai, 400101",
        "ELEVATOR_CONTACT_LIST": null,
        "ELEVATOR_INTERCOM": null,
        "WORKING_HRS": null,
        "EMPLOYEE_QTY": null,
        "EMPLOYEE_MALE": null,
        "EMPLOYEE_FEMALE": null,
        "EMPLOYEE_DIF_ABLE": null,
        "WORKING_HRS_STR": null,
        "WORKING_HRS_STP": null
      }
    },
    {
      "type": "Feature",
      "id": 2070,
      "geometry": {
        "type": "Point",
        "coordinates": [72.8741540001495, 19.20594600015129]
      },
      "properties": {
        "OBJECTID": 2070,
        "NAME": "Thakur College Of Engineering & Technology",
        "TYPE": 4,
        "LOCATION": "Thakur College Of Engineering & Technology, Thakur Village Road, Near Khodal Hardware, Kandivali, Mumbai, 400101",
        "ELEVATOR_CONTACT_LIST": null,
        "ELEVATOR_INTERCOM": null,
        "WORKING_HRS": null,
        "EMPLOYEE_QTY": null,
        "EMPLOYEE_MALE": null,
        "EMPLOYEE_FEMALE": null,
        "EMPLOYEE_DIF_ABLE": null,
        "WORKING_HRS_STR": null,
        "WORKING_HRS_STP": null
      }
    },
    {
      "type": "Feature",
      "id": 2071,
      "geometry": {
        "type": "Point",
        "coordinates": [72.87430994617625, 19.212681648248587]
      },
      "properties": {
        "OBJECTID": 2071,
        "NAME": "Thakur Shyamnarayan High School",
        "TYPE": 4,
        "LOCATION": "Thakur Shyamnarayan High School, Thakur Village Road, Near Evershine Millenium Garden, Kandivali, Mumbai, 400101",
        "ELEVATOR_CONTACT_LIST": null,
        "ELEVATOR_INTERCOM": null,
        "WORKING_HRS": null,
        "EMPLOYEE_QTY": null,
        "EMPLOYEE_MALE": null,
        "EMPLOYEE_FEMALE": null,
        "EMPLOYEE_DIF_ABLE": null,
        "WORKING_HRS_STR": null,
        "WORKING_HRS_STP": null
      }
    },
    {
      "type": "Feature",
      "id": 2072,
      "geometry": {
        "type": "Point",
        "coordinates": [72.84722674604477, 19.2096720277954]
      },
      "properties": {
        "OBJECTID": 2072,
        "NAME": "Swami Vivekananda International School & College",
        "TYPE": 4,
        "LOCATION": "Swami Vivekananda International School & College, Mahatma Gandhi Road, Near Urban Sports, Kandivali, Mumbai, 400067",
        "ELEVATOR_CONTACT_LIST": null,
        "ELEVATOR_INTERCOM": null,
        "WORKING_HRS": null,
        "EMPLOYEE_QTY": null,
        "EMPLOYEE_MALE": null,
        "EMPLOYEE_FEMALE": null,
        "EMPLOYEE_DIF_ABLE": null,
        "WORKING_HRS_STR": null,
        "WORKING_HRS_STP": null
      }
    },
    {
      "type": "Feature",
      "id": 2073,
      "geometry": {
        "type": "Point",
        "coordinates": [72.86441802131797, 19.20984680485431]
      },
      "properties": {
        "OBJECTID": 2073,
        "NAME": "Thakur Vidhya Mandir High School & Junior College",
        "TYPE": 4,
        "LOCATION": "Thakur Vidhya Mandir High School & Junior College, Cristal Lane, Near Cosmos Bank ATM, Kandivali, Mumbai, 400101",
        "ELEVATOR_CONTACT_LIST": null,
        "ELEVATOR_INTERCOM": null,
        "WORKING_HRS": null,
        "EMPLOYEE_QTY": null,
        "EMPLOYEE_MALE": null,
        "EMPLOYEE_FEMALE": null,
        "EMPLOYEE_DIF_ABLE": null,
        "WORKING_HRS_STR": null,
        "WORKING_HRS_STP": null
      }
    },
    {
      "type": "Feature",
      "id": 2074,
      "geometry": {
        "type": "Point",
        "coordinates": [72.8652721259431, 19.21379715412464]
      },
      "properties": {
        "OBJECTID": 2074,
        "NAME": "Nirmala English School",
        "TYPE": 4,
        "LOCATION": "Nirmala English School, 90 Feet Road, Near SVC Bank, Kandivali, Mumbai, 400101",
        "ELEVATOR_CONTACT_LIST": null,
        "ELEVATOR_INTERCOM": null,
        "WORKING_HRS": null,
        "EMPLOYEE_QTY": null,
        "EMPLOYEE_MALE": null,
        "EMPLOYEE_FEMALE": null,
        "EMPLOYEE_DIF_ABLE": null,
        "WORKING_HRS_STR": null,
        "WORKING_HRS_STP": null
      }
    },
    {
      "type": "Feature",
      "id": 2075,
      "geometry": {
        "type": "Point",
        "coordinates": [72.86204619369903, 19.20915285589976]
      },
      "properties": {
        "OBJECTID": 2075,
        "NAME": "Cambridge School",
        "TYPE": 4,
        "LOCATION": "Cambridge School, Thakur Complex, Near Gokul Heights, Kandivali, Mumbai, 400101",
        "ELEVATOR_CONTACT_LIST": null,
        "ELEVATOR_INTERCOM": null,
        "WORKING_HRS": null,
        "EMPLOYEE_QTY": null,
        "EMPLOYEE_MALE": null,
        "EMPLOYEE_FEMALE": null,
        "EMPLOYEE_DIF_ABLE": null,
        "WORKING_HRS_STR": null,
        "WORKING_HRS_STP": null
      }
    },
    {
      "type": "Feature",
      "id": 2076,
      "geometry": {
        "type": "Point",
        "coordinates": [72.85784400006082, 19.210219999797385]
      },
      "properties": {
        "OBJECTID": 2076,
        "NAME": "S B Vidyalaya High School & Junior College",
        "TYPE": 4,
        "LOCATION": "S B Vidyalay High School & Junior College, Bihari Tekdi Road, Near Runzun Fast Food, Kandivali, Mumbai, 400101",
        "ELEVATOR_CONTACT_LIST": null,
        "ELEVATOR_INTERCOM": null,
        "WORKING_HRS": null,
        "EMPLOYEE_QTY": null,
        "EMPLOYEE_MALE": null,
        "EMPLOYEE_FEMALE": null,
        "EMPLOYEE_DIF_ABLE": null,
        "WORKING_HRS_STR": null,
        "WORKING_HRS_STP": null
      }
    },
    {
      "type": "Feature",
      "id": 2077,
      "geometry": {
        "type": "Point",
        "coordinates": [72.85000853235039, 19.171395973776985]
      },
      "properties": {
        "OBJECTID": 2077,
        "NAME": "Goregaon Transit Camp Municipal English School MPS",
        "TYPE": 1,
        "LOCATION": "Bimbisar Nagar, Goregaon, Mumbai, Maharashtra 400065",
        "ELEVATOR_CONTACT_LIST": null,
        "ELEVATOR_INTERCOM": null,
        "WORKING_HRS": null,
        "EMPLOYEE_QTY": null,
        "EMPLOYEE_MALE": null,
        "EMPLOYEE_FEMALE": null,
        "EMPLOYEE_DIF_ABLE": null,
        "WORKING_HRS_STR": null,
        "WORKING_HRS_STP": null
      }
    },
    {
      "type": "Feature",
      "id": 2078,
      "geometry": {
        "type": "Point",
        "coordinates": [72.84584205641552, 19.16763153292314]
      },
      "properties": {
        "OBJECTID": 2078,
        "NAME": "Patkar College Of Arts & Science",
        "TYPE": 4,
        "LOCATION": "Patkar College Of Arts & Science, SV Road, Near Gaurav Academy, Goregaon West, Mumbai, 400104",
        "ELEVATOR_CONTACT_LIST": null,
        "ELEVATOR_INTERCOM": null,
        "WORKING_HRS": null,
        "EMPLOYEE_QTY": null,
        "EMPLOYEE_MALE": null,
        "EMPLOYEE_FEMALE": null,
        "EMPLOYEE_DIF_ABLE": null,
        "WORKING_HRS_STR": null,
        "WORKING_HRS_STP": null
      }
    },
    {
      "type": "Feature",
      "id": 2079,
      "geometry": {
        "type": "Point",
        "coordinates": [72.85336732907501, 19.17046619326841]
      },
      "properties": {
        "OBJECTID": 2079,
        "NAME": "I B Patel Municipal School",
        "TYPE": 1,
        "LOCATION": "Station Road, Goregaon (W), Mumbai.62",
        "ELEVATOR_CONTACT_LIST": null,
        "ELEVATOR_INTERCOM": null,
        "WORKING_HRS": null,
        "EMPLOYEE_QTY": null,
        "EMPLOYEE_MALE": null,
        "EMPLOYEE_FEMALE": null,
        "EMPLOYEE_DIF_ABLE": null,
        "WORKING_HRS_STR": null,
        "WORKING_HRS_STP": null
      }
    },
    {
      "type": "Feature",
      "id": 2080,
      "geometry": {
        "type": "Point",
        "coordinates": [72.85692729055557, 19.167677136832836]
      },
      "properties": {
        "OBJECTID": 2080,
        "NAME": "St Pius College",
        "TYPE": 4,
        "LOCATION": "St Pius College, Aarey Road, Opp ICICI Bank, Goregaon East, Mumbai, 400063",
        "ELEVATOR_CONTACT_LIST": null,
        "ELEVATOR_INTERCOM": null,
        "WORKING_HRS": null,
        "EMPLOYEE_QTY": null,
        "EMPLOYEE_MALE": null,
        "EMPLOYEE_FEMALE": null,
        "EMPLOYEE_DIF_ABLE": null,
        "WORKING_HRS_STR": null,
        "WORKING_HRS_STP": null
      }
    },
    {
      "type": "Feature",
      "id": 2081,
      "geometry": {
        "type": "Point",
        "coordinates": [72.84723915203537, 19.156731368098452]
      },
      "properties": {
        "OBJECTID": 2081,
        "NAME": "Universal English High School",
        "TYPE": 4,
        "LOCATION": "Universal English High School, Jawahar Nagar Road No 12, Near S V Road, Goregaon West, Mumbai, 4000104",
        "ELEVATOR_CONTACT_LIST": null,
        "ELEVATOR_INTERCOM": null,
        "WORKING_HRS": null,
        "EMPLOYEE_QTY": null,
        "EMPLOYEE_MALE": null,
        "EMPLOYEE_FEMALE": null,
        "EMPLOYEE_DIF_ABLE": null,
        "WORKING_HRS_STR": null,
        "WORKING_HRS_STP": null
      }
    },
    {
      "type": "Feature",
      "id": 2082,
      "geometry": {
        "type": "Point",
        "coordinates": [72.84809142429822, 19.15583824255567]
      },
      "properties": {
        "OBJECTID": 2082,
        "NAME": "Vidya Vardhini Vidya Mandir School",
        "TYPE": 4,
        "LOCATION": "Vidya Vardhini Vidya Mandir School, Road No 17, Jawahar Nagar, Goregaon West, Mumbai, 4000104",
        "ELEVATOR_CONTACT_LIST": null,
        "ELEVATOR_INTERCOM": null,
        "WORKING_HRS": null,
        "EMPLOYEE_QTY": null,
        "EMPLOYEE_MALE": null,
        "EMPLOYEE_FEMALE": null,
        "EMPLOYEE_DIF_ABLE": null,
        "WORKING_HRS_STR": null,
        "WORKING_HRS_STP": null
      }
    },
    {
      "type": "Feature",
      "id": 2083,
      "geometry": {
        "type": "Point",
        "coordinates": [72.88633637126652, 19.16241463103039]
      },
      "properties": {
        "OBJECTID": 2083,
        "NAME": "Whistling Woods International Art School",
        "TYPE": 4,
        "LOCATION": "Whistling Woods International Art School, Film City Road, Film City Complex, Goregaon East, Mumbai, 400065",
        "ELEVATOR_CONTACT_LIST": null,
        "ELEVATOR_INTERCOM": null,
        "WORKING_HRS": null,
        "EMPLOYEE_QTY": null,
        "EMPLOYEE_MALE": null,
        "EMPLOYEE_FEMALE": null,
        "EMPLOYEE_DIF_ABLE": null,
        "WORKING_HRS_STR": null,
        "WORKING_HRS_STP": null
      }
    },
    {
      "type": "Feature",
      "id": 2084,
      "geometry": {
        "type": "Point",
        "coordinates": [72.87258636189628, 19.172265262929823]
      },
      "properties": {
        "OBJECTID": 2084,
        "NAME": "Ryan International School",
        "TYPE": 4,
        "LOCATION": "Ryan International School, Krishna Vatika Marg, Opp Aarey Bhaskar Udyan, Goregaon East, Mumbai, 400063",
        "ELEVATOR_CONTACT_LIST": null,
        "ELEVATOR_INTERCOM": null,
        "WORKING_HRS": null,
        "EMPLOYEE_QTY": null,
        "EMPLOYEE_MALE": null,
        "EMPLOYEE_FEMALE": null,
        "EMPLOYEE_DIF_ABLE": null,
        "WORKING_HRS_STR": null,
        "WORKING_HRS_STP": null
      }
    },
    {
      "type": "Feature",
      "id": 2341,
      "geometry": {
        "type": "Point",
        "coordinates": [72.86800716101551, 19.17374510329745]
      },
      "properties": {
        "OBJECTID": 2341,
        "NAME": "Gokuldham School And Junior College",
        "TYPE": 4,
        "LOCATION": "Gokuldham School And Junior College, Krishna Vatika Marg, Gokuldham Colony, Goregaon East, Mumbai, 400063",
        "ELEVATOR_CONTACT_LIST": null,
        "ELEVATOR_INTERCOM": null,
        "WORKING_HRS": null,
        "EMPLOYEE_QTY": null,
        "EMPLOYEE_MALE": null,
        "EMPLOYEE_FEMALE": null,
        "EMPLOYEE_DIF_ABLE": null,
        "WORKING_HRS_STR": null,
        "WORKING_HRS_STP": null
      }
    },
    {
      "type": "Feature",
      "id": 2342,
      "geometry": {
        "type": "Point",
        "coordinates": [72.86863580338898, 19.170414889865853]
      },
      "properties": {
        "OBJECTID": 2342,
        "NAME": "Saint Joseph Convent",
        "TYPE": 4,
        "LOCATION": "Saint Joseph Convent, Mohan Gokhale Road, Gokuldham Colony, Goregaon East, Mumbai, 400063",
        "ELEVATOR_CONTACT_LIST": null,
        "ELEVATOR_INTERCOM": null,
        "WORKING_HRS": null,
        "EMPLOYEE_QTY": null,
        "EMPLOYEE_MALE": null,
        "EMPLOYEE_FEMALE": null,
        "EMPLOYEE_DIF_ABLE": null,
        "WORKING_HRS_STR": null,
        "WORKING_HRS_STP": null
      }
    },
    {
      "type": "Feature",
      "id": 2343,
      "geometry": {
        "type": "Point",
        "coordinates": [72.86636665517369, 19.173470543083752]
      },
      "properties": {
        "OBJECTID": 2343,
        "NAME": "Yashodham High school and Junior College",
        "TYPE": 4,
        "LOCATION": "Yashodham High school and Junior College, General Arun Kumar Vaidya Marg, Near Gokuldham Colony, Goregaon East, Mumbai, 400063",
        "ELEVATOR_CONTACT_LIST": null,
        "ELEVATOR_INTERCOM": null,
        "WORKING_HRS": null,
        "EMPLOYEE_QTY": null,
        "EMPLOYEE_MALE": null,
        "EMPLOYEE_FEMALE": null,
        "EMPLOYEE_DIF_ABLE": null,
        "WORKING_HRS_STR": null,
        "WORKING_HRS_STP": null
      }
    },
    {
      "type": "Feature",
      "id": 2344,
      "geometry": {
        "type": "Point",
        "coordinates": [72.87107460222008, 19.169471169782252]
      },
      "properties": {
        "OBJECTID": 2344,
        "NAME": "Lakshadham High School",
        "TYPE": 4,
        "LOCATION": "Lakshadham High School, Mohan Gokhale Road, Near DB Woods Tower, Goregaon East, Mumbai, 400063",
        "ELEVATOR_CONTACT_LIST": null,
        "ELEVATOR_INTERCOM": null,
        "WORKING_HRS": null,
        "EMPLOYEE_QTY": null,
        "EMPLOYEE_MALE": null,
        "EMPLOYEE_FEMALE": null,
        "EMPLOYEE_DIF_ABLE": null,
        "WORKING_HRS_STR": null,
        "WORKING_HRS_STP": null
      }
    },
    {
      "type": "Feature",
      "id": 2345,
      "geometry": {
        "type": "Point",
        "coordinates": [72.85631842892496, 19.164585273282697]
      },
      "properties": {
        "OBJECTID": 2345,
        "NAME": "Dalwai Education Trust",
        "TYPE": 4,
        "LOCATION": "Dalwai Education Trust, Pahadi Road, Near Shreyas Colony, Goregaon East, Mumbai, 400063",
        "ELEVATOR_CONTACT_LIST": null,
        "ELEVATOR_INTERCOM": null,
        "WORKING_HRS": null,
        "EMPLOYEE_QTY": null,
        "EMPLOYEE_MALE": null,
        "EMPLOYEE_FEMALE": null,
        "EMPLOYEE_DIF_ABLE": null,
        "WORKING_HRS_STR": null,
        "WORKING_HRS_STP": null
      }
    },
    {
      "type": "Feature",
      "id": 2346,
      "geometry": {
        "type": "Point",
        "coordinates": [72.85253584378053, 19.17623860144882]
      },
      "properties": {
        "OBJECTID": 2346,
        "NAME": "Ghanshyamdas Jalan College",
        "TYPE": 4,
        "LOCATION": "Ghanshyamdas Jalan College, Govind Nagar Road, Near Upwan Tower, Malad East, Mumbai, 400097",
        "ELEVATOR_CONTACT_LIST": null,
        "ELEVATOR_INTERCOM": null,
        "WORKING_HRS": null,
        "EMPLOYEE_QTY": null,
        "EMPLOYEE_MALE": null,
        "EMPLOYEE_FEMALE": null,
        "EMPLOYEE_DIF_ABLE": null,
        "WORKING_HRS_STR": null,
        "WORKING_HRS_STP": null
      }
    },
    {
      "type": "Feature",
      "id": 2347,
      "geometry": {
        "type": "Point",
        "coordinates": [72.85039208825606, 19.16798432460105]
      },
      "properties": {
        "OBJECTID": 2347,
        "NAME": "Sanmitra Mandal Vidya Mandir",
        "TYPE": 4,
        "LOCATION": "Sanmitra Mandal Vidya Mandir, Gogatewadi Road, Near Rohan Tower, Goregaon East, Mumbai, 400063",
        "ELEVATOR_CONTACT_LIST": null,
        "ELEVATOR_INTERCOM": null,
        "WORKING_HRS": null,
        "EMPLOYEE_QTY": null,
        "EMPLOYEE_MALE": null,
        "EMPLOYEE_FEMALE": null,
        "EMPLOYEE_DIF_ABLE": null,
        "WORKING_HRS_STR": null,
        "WORKING_HRS_STP": null
      }
    },
    {
      "type": "Feature",
      "id": 2348,
      "geometry": {
        "type": "Point",
        "coordinates": [72.85488814088983, 19.16261953626192]
      },
      "properties": {
        "OBJECTID": 2348,
        "NAME": "Nandadeep School",
        "TYPE": 4,
        "LOCATION": "Nandadeep School, Jayprakash Nagar Road No 04, Near Jayprakash Nagar, Goregaon East, Mumbai, 400063",
        "ELEVATOR_CONTACT_LIST": null,
        "ELEVATOR_INTERCOM": null,
        "WORKING_HRS": null,
        "EMPLOYEE_QTY": null,
        "EMPLOYEE_MALE": null,
        "EMPLOYEE_FEMALE": null,
        "EMPLOYEE_DIF_ABLE": null,
        "WORKING_HRS_STR": null,
        "WORKING_HRS_STP": null
      }
    },
    {
      "type": "Feature",
      "id": 2349,
      "geometry": {
        "type": "Point",
        "coordinates": [72.84990828458237, 19.168398868787648]
      },
      "properties": {
        "OBJECTID": 2349,
        "NAME": "St Thomas High school and Jr College",
        "TYPE": 4,
        "LOCATION": "St Thomas High school and Jr College, Pandurang Wadi Road, Near Goregaon Railway station, Goregaon East, Mumbai, 400063",
        "ELEVATOR_CONTACT_LIST": null,
        "ELEVATOR_INTERCOM": null,
        "WORKING_HRS": null,
        "EMPLOYEE_QTY": null,
        "EMPLOYEE_MALE": null,
        "EMPLOYEE_FEMALE": null,
        "EMPLOYEE_DIF_ABLE": null,
        "WORKING_HRS_STR": null,
        "WORKING_HRS_STP": null
      }
    },
    {
      "type": "Feature",
      "id": 2350,
      "geometry": {
        "type": "Point",
        "coordinates": [72.84455861859385, 19.174762900828906]
      },
      "properties": {
        "OBJECTID": 2350,
        "NAME": "Umedbhai Patel English School",
        "TYPE": 4,
        "LOCATION": "Umedbhai Patel English School, SV Road, Near Saptaratna Tower, Goregaon West, , 400062",
        "ELEVATOR_CONTACT_LIST": null,
        "ELEVATOR_INTERCOM": null,
        "WORKING_HRS": null,
        "EMPLOYEE_QTY": null,
        "EMPLOYEE_MALE": null,
        "EMPLOYEE_FEMALE": null,
        "EMPLOYEE_DIF_ABLE": null,
        "WORKING_HRS_STR": null,
        "WORKING_HRS_STP": null
      }
    },
    {
      "type": "Feature",
      "id": 2351,
      "geometry": {
        "type": "Point",
        "coordinates": [72.95132100004587, 19.177786000289128]
      },
      "properties": {
        "OBJECTID": 2351,
        "NAME": "Shree Lohana Kanyashala",
        "TYPE": 4,
        "LOCATION": "Subhash Chandra Bose Road, Near Navbharat Nutan Vidhalaya, Yadaverao Kashiram Rokade Chowk, Mulund West, Mumbai, 400080",
        "ELEVATOR_CONTACT_LIST": null,
        "ELEVATOR_INTERCOM": null,
        "WORKING_HRS": null,
        "EMPLOYEE_QTY": null,
        "EMPLOYEE_MALE": null,
        "EMPLOYEE_FEMALE": null,
        "EMPLOYEE_DIF_ABLE": null,
        "WORKING_HRS_STR": null,
        "WORKING_HRS_STP": null
      }
    },
    {
      "type": "Feature",
      "id": 2352,
      "geometry": {
        "type": "Point",
        "coordinates": [72.94193991818072, 19.171854363165064]
      },
      "properties": {
        "OBJECTID": 2352,
        "NAME": "Vani Vidyalay ",
        "TYPE": 4,
        "LOCATION": "Pandit Madan Mohan Malaviya Rd, Near Nirmal Industrial Controls PCT. LTD, MTNL Colony, Keshav Pada, Mulund West, Mumbai, 400080",
        "ELEVATOR_CONTACT_LIST": null,
        "ELEVATOR_INTERCOM": null,
        "WORKING_HRS": null,
        "EMPLOYEE_QTY": null,
        "EMPLOYEE_MALE": null,
        "EMPLOYEE_FEMALE": null,
        "EMPLOYEE_DIF_ABLE": null,
        "WORKING_HRS_STR": null,
        "WORKING_HRS_STP": null
      }
    },
    {
      "type": "Feature",
      "id": 2353,
      "geometry": {
        "type": "Point",
        "coordinates": [72.94985800042456, 19.17411199972375]
      },
      "properties": {
        "OBJECTID": 2353,
        "NAME": "P K Road Municipal School",
        "TYPE": 1,
        "LOCATION": "Purushottam Kheraj Road, Near Kalidas Auditorium, Mulund West, Mumbai, 400080",
        "ELEVATOR_CONTACT_LIST": null,
        "ELEVATOR_INTERCOM": null,
        "WORKING_HRS": null,
        "EMPLOYEE_QTY": null,
        "EMPLOYEE_MALE": null,
        "EMPLOYEE_FEMALE": null,
        "EMPLOYEE_DIF_ABLE": null,
        "WORKING_HRS_STR": null,
        "WORKING_HRS_STP": null
      }
    },
    {
      "type": "Feature",
      "id": 2354,
      "geometry": {
        "type": "Point",
        "coordinates": [72.94503769956573, 19.183613499619824]
      },
      "properties": {
        "OBJECTID": 2354,
        "NAME": "ST.George High School (Primary Section)",
        "TYPE": 4,
        "LOCATION": "Agrawal Road, Near Mahalaxmi Billding, Hansa Sagar, Govardhan Nagar, Mulund West, Mumbai, 400080",
        "ELEVATOR_CONTACT_LIST": null,
        "ELEVATOR_INTERCOM": null,
        "WORKING_HRS": null,
        "EMPLOYEE_QTY": null,
        "EMPLOYEE_MALE": null,
        "EMPLOYEE_FEMALE": null,
        "EMPLOYEE_DIF_ABLE": null,
        "WORKING_HRS_STR": null,
        "WORKING_HRS_STP": null
      }
    },
    {
      "type": "Feature",
      "id": 2355,
      "geometry": {
        "type": "Point",
        "coordinates": [72.94339939339622, 19.182677254055964]
      },
      "properties": {
        "OBJECTID": 2355,
        "NAME": "Veena Nagar Municipal School",
        "TYPE": 1,
        "LOCATION": "Hill Breeze Road, Near Apex Hospital, Veena Nagar Phase-II, Veena Nagar,, Mulund West, Mumbai, 400080",
        "ELEVATOR_CONTACT_LIST": null,
        "ELEVATOR_INTERCOM": null,
        "WORKING_HRS": null,
        "EMPLOYEE_QTY": null,
        "EMPLOYEE_MALE": null,
        "EMPLOYEE_FEMALE": null,
        "EMPLOYEE_DIF_ABLE": null,
        "WORKING_HRS_STR": null,
        "WORKING_HRS_STP": null
      }
    },
    {
      "type": "Feature",
      "id": 2356,
      "geometry": {
        "type": "Point",
        "coordinates": [72.93944100034315, 19.168064000442502]
      },
      "properties": {
        "OBJECTID": 2356,
        "NAME": "FriendsEnglish medium school",
        "TYPE": 4,
        "LOCATION": "Lal Bahadur Shastri Road, Opposite Of Hallmark building, Vasant Oscar, Mulund West, Mumbai, 400080",
        "ELEVATOR_CONTACT_LIST": null,
        "ELEVATOR_INTERCOM": null,
        "WORKING_HRS": null,
        "EMPLOYEE_QTY": null,
        "EMPLOYEE_MALE": null,
        "EMPLOYEE_FEMALE": null,
        "EMPLOYEE_DIF_ABLE": null,
        "WORKING_HRS_STR": null,
        "WORKING_HRS_STP": null
      }
    },
    {
      "type": "Feature",
      "id": 2357,
      "geometry": {
        "type": "Point",
        "coordinates": [72.96272799983778, 19.17320300043737]
      },
      "properties": {
        "OBJECTID": 2357,
        "NAME": "Gavanpada Municipal School",
        "TYPE": 1,
        "LOCATION": "Gavanpada Marathi School Building, Near Flyover, Mulund (E) Mumbai 400081",
        "ELEVATOR_CONTACT_LIST": null,
        "ELEVATOR_INTERCOM": null,
        "WORKING_HRS": null,
        "EMPLOYEE_QTY": null,
        "EMPLOYEE_MALE": null,
        "EMPLOYEE_FEMALE": null,
        "EMPLOYEE_DIF_ABLE": null,
        "WORKING_HRS_STR": null,
        "WORKING_HRS_STP": null
      }
    },
    {
      "type": "Feature",
      "id": 2358,
      "geometry": {
        "type": "Point",
        "coordinates": [72.95859363776944, 19.180450057165878]
      },
      "properties": {
        "OBJECTID": 2358,
        "NAME": "ST. Gregorios Public School",
        "TYPE": 4,
        "LOCATION": "ACC Cement Road, Near Vidhyachal Billding, Opposite City Of Joy Complex, Mulund West, Mumbai, 400080",
        "ELEVATOR_CONTACT_LIST": null,
        "ELEVATOR_INTERCOM": null,
        "WORKING_HRS": null,
        "EMPLOYEE_QTY": null,
        "EMPLOYEE_MALE": null,
        "EMPLOYEE_FEMALE": null,
        "EMPLOYEE_DIF_ABLE": null,
        "WORKING_HRS_STR": null,
        "WORKING_HRS_STP": null
      }
    },
    {
      "type": "Feature",
      "id": 2359,
      "geometry": {
        "type": "Point",
        "coordinates": [72.95333810432012, 19.18426099405743]
      },
      "properties": {
        "OBJECTID": 2359,
        "NAME": "Lal Bahadur Shastri Marg Municipal School",
        "TYPE": 1,
        "LOCATION": "Lal Bahadur Shastri Road, Near Archana Restaurant, Shivaji Nagar, Mulund Check Naka, Mulund West, Mumbai, 400080",
        "ELEVATOR_CONTACT_LIST": null,
        "ELEVATOR_INTERCOM": null,
        "WORKING_HRS": null,
        "EMPLOYEE_QTY": null,
        "EMPLOYEE_MALE": null,
        "EMPLOYEE_FEMALE": null,
        "EMPLOYEE_DIF_ABLE": null,
        "WORKING_HRS_STR": null,
        "WORKING_HRS_STP": null
      }
    },
    {
      "type": "Feature",
      "id": 2360,
      "geometry": {
        "type": "Point",
        "coordinates": [72.93670900007491, 19.17549500010373]
      },
      "properties": {
        "OBJECTID": 2360,
        "NAME": "Mulund Camp Municipal School",
        "TYPE": 1,
        "LOCATION": "Guru Govind Singh Road, Backside Of Lalita Chemist & General Store, Mulund Colony, Mulund West, Mumbai, 400080",
        "ELEVATOR_CONTACT_LIST": null,
        "ELEVATOR_INTERCOM": null,
        "WORKING_HRS": null,
        "EMPLOYEE_QTY": null,
        "EMPLOYEE_MALE": null,
        "EMPLOYEE_FEMALE": null,
        "EMPLOYEE_DIF_ABLE": null,
        "WORKING_HRS_STR": null,
        "WORKING_HRS_STP": null
      }
    },
    {
      "type": "Feature",
      "id": 2661,
      "geometry": {
        "type": "Point",
        "coordinates": [72.83838199959463, 19.017936999614598]
      },
      "properties": {
        "OBJECTID": 2661,
        "NAME": "Bhavani Shankar Municipal School, Dadar (West)",
        "TYPE": 1,
        "LOCATION": "Bhavani Shankar Road Bmc School Bldg, Bhavani Shankar Rd, Near Kabutarkhana, Dadar West, Dadar, Mumbai, Maharashtra 400028",
        "ELEVATOR_CONTACT_LIST": null,
        "ELEVATOR_INTERCOM": null,
        "WORKING_HRS": null,
        "EMPLOYEE_QTY": null,
        "EMPLOYEE_MALE": null,
        "EMPLOYEE_FEMALE": null,
        "EMPLOYEE_DIF_ABLE": null,
        "WORKING_HRS_STR": null,
        "WORKING_HRS_STP": null
      }
    },
    {
      "type": "Feature",
      "id": 3301,
      "geometry": {
        "type": "Point",
        "coordinates": [72.84847162995868, 19.12765830961389]
      },
      "properties": {
        "OBJECTID": 3301,
        "NAME": "Nikunj High School",
        "TYPE": 4,
        "LOCATION": "The Hindu Friends Society Marg, Mogra Pada, Natwar Nagar, Jogeshwari East, Mumbai, Maharashtra 400053",
        "ELEVATOR_CONTACT_LIST": null,
        "ELEVATOR_INTERCOM": null,
        "WORKING_HRS": null,
        "EMPLOYEE_QTY": null,
        "EMPLOYEE_MALE": null,
        "EMPLOYEE_FEMALE": null,
        "EMPLOYEE_DIF_ABLE": null,
        "WORKING_HRS_STR": null,
        "WORKING_HRS_STP": null
      }
    },
    {
      "type": "Feature",
      "id": 3621,
      "geometry": {
        "type": "Point",
        "coordinates": [72.88724796093584, 19.05882589142296]
      },
      "properties": {
        "OBJECTID": 3621,
        "NAME": "Thakkar Bappa Colony Municipal Gujrati School",
        "TYPE": 1,
        "LOCATION": "Thakkar Bappa Colony,  Opp Ganesh Mandir, Chembur-400071",
        "ELEVATOR_CONTACT_LIST": null,
        "ELEVATOR_INTERCOM": null,
        "WORKING_HRS": null,
        "EMPLOYEE_QTY": null,
        "EMPLOYEE_MALE": null,
        "EMPLOYEE_FEMALE": null,
        "EMPLOYEE_DIF_ABLE": null,
        "WORKING_HRS_STR": null,
        "WORKING_HRS_STP": null
      }
    },
    {
      "type": "Feature",
      "id": 3941,
      "geometry": {
        "type": "Point",
        "coordinates": [72.8389434289432, 19.05179079385767]
      },
      "properties": {
        "OBJECTID": 3941,
        "NAME": "Bandarwadi Municipal School",
        "TYPE": 1,
        "LOCATION": "Bandarwadi Municipal School",
        "ELEVATOR_CONTACT_LIST": null,
        "ELEVATOR_INTERCOM": null,
        "WORKING_HRS": null,
        "EMPLOYEE_QTY": null,
        "EMPLOYEE_MALE": null,
        "EMPLOYEE_FEMALE": null,
        "EMPLOYEE_DIF_ABLE": null,
        "WORKING_HRS_STR": null,
        "WORKING_HRS_STP": null
      }
    },
    {
      "type": "Feature",
      "id": 4275,
      "geometry": {
        "type": "Point",
        "coordinates": [72.90271236061217, 19.10514751688246]
      },
      "properties": {
        "OBJECTID": 4275,
        "NAME": "Sangharsh Nagar Municipal School,",
        "TYPE": 1,
        "LOCATION": "Turbhe Rd, Ganga CHS, Sangharsh Nagar, Chandivali, , Mumbai, Maharashtra 400072",
        "ELEVATOR_CONTACT_LIST": null,
        "ELEVATOR_INTERCOM": null,
        "WORKING_HRS": null,
        "EMPLOYEE_QTY": null,
        "EMPLOYEE_MALE": null,
        "EMPLOYEE_FEMALE": null,
        "EMPLOYEE_DIF_ABLE": null,
        "WORKING_HRS_STR": null,
        "WORKING_HRS_STP": null
      }
    },
    {
      "type": "Feature",
      "id": 4276,
      "geometry": {
        "type": "Point",
        "coordinates": [72.85781602324374, 19.14674807399164]
      },
      "properties": {
        "OBJECTID": 4276,
        "NAME": "Goregaon Transit Camp Municipal English School (MPS )",
        "TYPE": 1,
        "LOCATION": "Bimbisar Nagar, Goregaon, Mumbai, Maharashtra 400065",
        "ELEVATOR_CONTACT_LIST": null,
        "ELEVATOR_INTERCOM": null,
        "WORKING_HRS": null,
        "EMPLOYEE_QTY": null,
        "EMPLOYEE_MALE": null,
        "EMPLOYEE_FEMALE": null,
        "EMPLOYEE_DIF_ABLE": null,
        "WORKING_HRS_STR": null,
        "WORKING_HRS_STP": null
      }
    },
    {
      "type": "Feature",
      "id": 4581,
      "geometry": {
        "type": "Point",
        "coordinates": [72.92966886212288, 19.045541573578056]
      },
      "properties": {
        "OBJECTID": 4581,
        "NAME": "Mankhurd Municipal Marathi School",
        "TYPE": 1,
        "LOCATION": "Bambarwadi Road, Children Home, Mankhurd (E)",
        "ELEVATOR_CONTACT_LIST": null,
        "ELEVATOR_INTERCOM": null,
        "WORKING_HRS": null,
        "EMPLOYEE_QTY": null,
        "EMPLOYEE_MALE": null,
        "EMPLOYEE_FEMALE": null,
        "EMPLOYEE_DIF_ABLE": null,
        "WORKING_HRS_STR": null,
        "WORKING_HRS_STP": null
      }
    },
    {
      "type": "Feature",
      "id": 4582,
      "geometry": {
        "type": "Point",
        "coordinates": [72.90565600155927, 19.075766758618965]
      },
      "properties": {
        "OBJECTID": 4582,
        "NAME": "Tilak Marg Municipal Marathi School",
        "TYPE": 1,
        "LOCATION": "Tilak Marg Municipal Marathi School, Ghatkopar (E)",
        "ELEVATOR_CONTACT_LIST": null,
        "ELEVATOR_INTERCOM": null,
        "WORKING_HRS": null,
        "EMPLOYEE_QTY": null,
        "EMPLOYEE_MALE": null,
        "EMPLOYEE_FEMALE": null,
        "EMPLOYEE_DIF_ABLE": null,
        "WORKING_HRS_STR": null,
        "WORKING_HRS_STP": null
      }
    },
    {
      "type": "Feature",
      "id": 4917,
      "geometry": {
        "type": "Point",
        "coordinates": [72.86511020427976, 19.026130839492055]
      },
      "properties": {
        "OBJECTID": 4917,
        "NAME": "Haji Ismail Haji Alana Municipal School",
        "TYPE": 1,
        "LOCATION": "Shaikh Misree Darga Road, Antophill Wadala, Mumbai-400037",
        "ELEVATOR_CONTACT_LIST": null,
        "ELEVATOR_INTERCOM": null,
        "WORKING_HRS": null,
        "EMPLOYEE_QTY": null,
        "EMPLOYEE_MALE": null,
        "EMPLOYEE_FEMALE": null,
        "EMPLOYEE_DIF_ABLE": null,
        "WORKING_HRS_STR": null,
        "WORKING_HRS_STP": null
      }
    },
    {
      "type": "Feature",
      "id": 4918,
      "geometry": {
        "type": "Point",
        "coordinates": [72.8404845262262, 19.040466508177293]
      },
      "properties": {
        "OBJECTID": 4918,
        "NAME": "R C Mahim Municipal Urdu School",
        "TYPE": 1,
        "LOCATION": "2nd L J Cross Road, Mahim (W), Mumbai 4000016",
        "ELEVATOR_CONTACT_LIST": null,
        "ELEVATOR_INTERCOM": null,
        "WORKING_HRS": null,
        "EMPLOYEE_QTY": null,
        "EMPLOYEE_MALE": null,
        "EMPLOYEE_FEMALE": null,
        "EMPLOYEE_DIF_ABLE": null,
        "WORKING_HRS_STR": null,
        "WORKING_HRS_STP": null
      }
    },
    {
      "type": "Feature",
      "id": 4933,
      "geometry": {
        "type": "Point",
        "coordinates": [72.89164564149009, 19.120620715058312]
      },
      "properties": {
        "OBJECTID": 4933,
        "NAME": "Tunga Village Municipal Urdu School",
        "TYPE": 1,
        "LOCATION": "Near Sunni Rehmaniya Masjid, Saki Vihar Road, Tunga Village, Powai, Mumbai 72.",
        "ELEVATOR_CONTACT_LIST": null,
        "ELEVATOR_INTERCOM": null,
        "WORKING_HRS": null,
        "EMPLOYEE_QTY": null,
        "EMPLOYEE_MALE": null,
        "EMPLOYEE_FEMALE": null,
        "EMPLOYEE_DIF_ABLE": null,
        "WORKING_HRS_STR": null,
        "WORKING_HRS_STP": null
      }
    },
    {
      "type": "Feature",
      "id": 5221,
      "geometry": {
        "type": "Point",
        "coordinates": [72.85836200193211, 19.246739321368608]
      },
      "properties": {
        "OBJECTID": 5221,
        "NAME": "Ranchhoddas Municipal Gujrati School",
        "TYPE": 1,
        "LOCATION": "Ranchhoddas Marg,Dahisar West Fatak",
        "ELEVATOR_CONTACT_LIST": null,
        "ELEVATOR_INTERCOM": null,
        "WORKING_HRS": null,
        "EMPLOYEE_QTY": null,
        "EMPLOYEE_MALE": null,
        "EMPLOYEE_FEMALE": null,
        "EMPLOYEE_DIF_ABLE": null,
        "WORKING_HRS_STR": null,
        "WORKING_HRS_STP": null
      }
    },
    {
      "type": "Feature",
      "id": 5237,
      "geometry": {
        "type": "Point",
        "coordinates": [72.9090951229457, 19.060281227193556]
      },
      "properties": {
        "OBJECTID": 5237,
        "NAME": "Limboni  Baugh Marathi Municipal School No 4 Sankul",
        "TYPE": 1,
        "LOCATION": "P.Y.Thorat marg, Gaikwad Nagar, Chembur , Mumbai-400089",
        "ELEVATOR_CONTACT_LIST": null,
        "ELEVATOR_INTERCOM": null,
        "WORKING_HRS": null,
        "EMPLOYEE_QTY": null,
        "EMPLOYEE_MALE": null,
        "EMPLOYEE_FEMALE": null,
        "EMPLOYEE_DIF_ABLE": null,
        "WORKING_HRS_STR": null,
        "WORKING_HRS_STP": null
      }
    },
    {
      "type": "Feature",
      "id": 5541,
      "geometry": {
        "type": "Point",
        "coordinates": [72.86022903945504, 19.12264963673305]
      },
      "properties": {
        "OBJECTID": 5541,
        "NAME": "Malpa Dongari Municipal Upper Primary School",
        "TYPE": 1,
        "LOCATION": "Jagdamba Road, Malpa Dongri No-03,Andheri (E) Mumbai 400093",
        "ELEVATOR_CONTACT_LIST": null,
        "ELEVATOR_INTERCOM": null,
        "WORKING_HRS": null,
        "EMPLOYEE_QTY": null,
        "EMPLOYEE_MALE": null,
        "EMPLOYEE_FEMALE": null,
        "EMPLOYEE_DIF_ABLE": null,
        "WORKING_HRS_STR": null,
        "WORKING_HRS_STP": null
      }
    },
    {
      "type": "Feature",
      "id": 5557,
      "geometry": {
        "type": "Point",
        "coordinates": [72.88169000282464, 19.09370840288493]
      },
      "properties": {
        "OBJECTID": 5557,
        "NAME": "Jarimari Municipal Lower Primary Hindi School",
        "TYPE": 1,
        "LOCATION": "Haji Mehta Chawl, Kurla Andheri Road, Jarimari, Sakinaka, Mumbai, Maharashtra 400072",
        "ELEVATOR_CONTACT_LIST": null,
        "ELEVATOR_INTERCOM": null,
        "WORKING_HRS": null,
        "EMPLOYEE_QTY": null,
        "EMPLOYEE_MALE": null,
        "EMPLOYEE_FEMALE": null,
        "EMPLOYEE_DIF_ABLE": null,
        "WORKING_HRS_STR": null,
        "WORKING_HRS_STP": null
      }
    },
    {
      "type": "Feature",
      "id": 5558,
      "geometry": {
        "type": "Point",
        "coordinates": [72.89829209529745, 19.093925903597096]
      },
      "properties": {
        "OBJECTID": 5558,
        "NAME": "Asalfa Nagar Municipal Upper primary Kannad school ",
        "TYPE": 1,
        "LOCATION": "Asalfa Nagar municipal upper primary Kannad school, Nari Seva Sadan Road, Asalfa nagar, Ghatkopar-W",
        "ELEVATOR_CONTACT_LIST": null,
        "ELEVATOR_INTERCOM": null,
        "WORKING_HRS": null,
        "EMPLOYEE_QTY": null,
        "EMPLOYEE_MALE": null,
        "EMPLOYEE_FEMALE": null,
        "EMPLOYEE_DIF_ABLE": null,
        "WORKING_HRS_STR": null,
        "WORKING_HRS_STP": null
      }
    },
    {
      "type": "Feature",
      "id": 5589,
      "geometry": {
        "type": "Point",
        "coordinates": [72.8377260002645, 19.112329099847894]
      },
      "properties": {
        "OBJECTID": 5589,
        "NAME": "Irla Municipal Urdu School",
        "TYPE": 1,
        "LOCATION": "Near Irla Masjid, Andheri West, Mumbai.",
        "ELEVATOR_CONTACT_LIST": null,
        "ELEVATOR_INTERCOM": null,
        "WORKING_HRS": null,
        "EMPLOYEE_QTY": null,
        "EMPLOYEE_MALE": null,
        "EMPLOYEE_FEMALE": null,
        "EMPLOYEE_DIF_ABLE": null,
        "WORKING_HRS_STR": null,
        "WORKING_HRS_STP": null
      }
    },
    {
      "type": "Feature",
      "id": 5861,
      "geometry": {
        "type": "Point",
        "coordinates": [72.94620543771357, 19.038307598243634]
      },
      "properties": {
        "OBJECTID": 5861,
        "NAME": "Shahji Nagar Municipal Urdu School No 1 Campus",
        "TYPE": 1,
        "LOCATION": "Behind Tormbay Police station, Cheeta Camp, Trombay Mumbai 400088",
        "ELEVATOR_CONTACT_LIST": null,
        "ELEVATOR_INTERCOM": null,
        "WORKING_HRS": null,
        "EMPLOYEE_QTY": null,
        "EMPLOYEE_MALE": null,
        "EMPLOYEE_FEMALE": null,
        "EMPLOYEE_DIF_ABLE": null,
        "WORKING_HRS_STR": null,
        "WORKING_HRS_STP": null
      }
    },
    {
      "type": "Feature",
      "id": 5862,
      "geometry": {
        "type": "Point",
        "coordinates": [72.85321456543485, 19.21868454069014]
      },
      "properties": {
        "OBJECTID": 5862,
        "NAME": "Poisar Upper Primary Hindi School - 1",
        "TYPE": 1,
        "LOCATION": "Jain Derasar Mandir Marg, Sumer Nagar, Near Flyover, Borivali (W)",
        "ELEVATOR_CONTACT_LIST": null,
        "ELEVATOR_INTERCOM": null,
        "WORKING_HRS": null,
        "EMPLOYEE_QTY": null,
        "EMPLOYEE_MALE": null,
        "EMPLOYEE_FEMALE": null,
        "EMPLOYEE_DIF_ABLE": null,
        "WORKING_HRS_STR": null,
        "WORKING_HRS_STP": null
      }
    },
    {
      "type": "Feature",
      "id": 6181,
      "geometry": {
        "type": "Point",
        "coordinates": [72.90270466703058, 19.10043590567761]
      },
      "properties": {
        "OBJECTID": 6181,
        "NAME": "S G Barve Nagar Municipal Marathi School No 2",
        "TYPE": 1,
        "LOCATION": "S G Barve Nagar Marathi Municipal School, Bhattwadi, Ghatkopar (W)",
        "ELEVATOR_CONTACT_LIST": null,
        "ELEVATOR_INTERCOM": null,
        "WORKING_HRS": null,
        "EMPLOYEE_QTY": null,
        "EMPLOYEE_MALE": null,
        "EMPLOYEE_FEMALE": null,
        "EMPLOYEE_DIF_ABLE": null,
        "WORKING_HRS_STR": null,
        "WORKING_HRS_STP": null
      }
    },
    {
      "type": "Feature",
      "id": 6501,
      "geometry": {
        "type": "Point",
        "coordinates": [72.85389894323934, 19.03432794965239]
      },
      "properties": {
        "OBJECTID": 6501,
        "NAME": "Matunga Labour Camp Upper Primary Municipal Marathi School",
        "TYPE": 1,
        "LOCATION": "Near Tata Power Company, Behind Chruch, Matunga Labour Camp. Mumbai-400019",
        "ELEVATOR_CONTACT_LIST": null,
        "ELEVATOR_INTERCOM": null,
        "WORKING_HRS": null,
        "EMPLOYEE_QTY": null,
        "EMPLOYEE_MALE": null,
        "EMPLOYEE_FEMALE": null,
        "EMPLOYEE_DIF_ABLE": null,
        "WORKING_HRS_STR": null,
        "WORKING_HRS_STP": null
      }
    },
    {
      "type": "Feature",
      "id": 6502,
      "geometry": {
        "type": "Point",
        "coordinates": [72.81966970208381, 19.18508388933074]
      },
      "properties": {
        "OBJECTID": 6502,
        "NAME": "MHB Colony Municipal Hindi School No 1",
        "TYPE": 1,
        "LOCATION": "Gate no 7 Gaikwadnagar malwani malad west.",
        "ELEVATOR_CONTACT_LIST": null,
        "ELEVATOR_INTERCOM": null,
        "WORKING_HRS": null,
        "EMPLOYEE_QTY": null,
        "EMPLOYEE_MALE": null,
        "EMPLOYEE_FEMALE": null,
        "EMPLOYEE_DIF_ABLE": null,
        "WORKING_HRS_STR": null,
        "WORKING_HRS_STP": null
      }
    },
    {
      "type": "Feature",
      "id": 6533,
      "geometry": {
        "type": "Point",
        "coordinates": [72.90512416727186, 19.09768392475487]
      },
      "properties": {
        "OBJECTID": 6533,
        "NAME": "Barve Nagar Municipal Marathi School No 6",
        "TYPE": 1,
        "LOCATION": "R.B.Marg, Near Jalaram Mandir, Bhatwadi , Ghatkopar  West, Mumbai-4000084",
        "ELEVATOR_CONTACT_LIST": null,
        "ELEVATOR_INTERCOM": null,
        "WORKING_HRS": null,
        "EMPLOYEE_QTY": null,
        "EMPLOYEE_MALE": null,
        "EMPLOYEE_FEMALE": null,
        "EMPLOYEE_DIF_ABLE": null,
        "WORKING_HRS_STR": null,
        "WORKING_HRS_STP": null
      }
    },
    {
      "type": "Feature",
      "id": 6534,
      "geometry": {
        "type": "Point",
        "coordinates": [72.9015133714307, 19.097286516902294]
      },
      "properties": {
        "OBJECTID": 6534,
        "NAME": "Barve Nagar Municipal Marathi School No 3",
        "TYPE": 1,
        "LOCATION": "Barve nagar Municipal  school no-3, Barve nagar, Bhatwadi, Ghatkopar west, Mumbai-400084",
        "ELEVATOR_CONTACT_LIST": null,
        "ELEVATOR_INTERCOM": null,
        "WORKING_HRS": null,
        "EMPLOYEE_QTY": null,
        "EMPLOYEE_MALE": null,
        "EMPLOYEE_FEMALE": null,
        "EMPLOYEE_DIF_ABLE": null,
        "WORKING_HRS_STR": null,
        "WORKING_HRS_STP": null
      }
    },
    {
      "type": "Feature",
      "id": 6535,
      "geometry": {
        "type": "Point",
        "coordinates": [72.83838955516629, 19.11830045509574]
      },
      "properties": {
        "OBJECTID": 6535,
        "NAME": "Gilbert Hill Municipal Kannad  School",
        "TYPE": 1,
        "LOCATION": "Behind Farooqia Masjid ,Dhangarwadi, Juhu Galli, Andheri west",
        "ELEVATOR_CONTACT_LIST": null,
        "ELEVATOR_INTERCOM": null,
        "WORKING_HRS": null,
        "EMPLOYEE_QTY": null,
        "EMPLOYEE_MALE": null,
        "EMPLOYEE_FEMALE": null,
        "EMPLOYEE_DIF_ABLE": null,
        "WORKING_HRS_STR": null,
        "WORKING_HRS_STP": null
      }
    },
    {
      "type": "Feature",
      "id": 6536,
      "geometry": {
        "type": "Point",
        "coordinates": [72.89820965374086, 19.03273748068675]
      },
      "properties": {
        "OBJECTID": 6536,
        "NAME": "Ayoudhya Nagar Municipal  Marathi School",
        "TYPE": 1,
        "LOCATION": "Ayodhya Nagar Marathi school,  Vashi Naka, Chembur",
        "ELEVATOR_CONTACT_LIST": null,
        "ELEVATOR_INTERCOM": null,
        "WORKING_HRS": null,
        "EMPLOYEE_QTY": null,
        "EMPLOYEE_MALE": null,
        "EMPLOYEE_FEMALE": null,
        "EMPLOYEE_DIF_ABLE": null,
        "WORKING_HRS_STR": null,
        "WORKING_HRS_STP": null
      }
    },
    {
      "type": "Feature",
      "id": 6821,
      "geometry": {
        "type": "Point",
        "coordinates": [72.8289301529749, 18.917273867484905]
      },
      "properties": {
        "OBJECTID": 6821,
        "NAME": "Colaba Market Lower Primary School ",
        "TYPE": 1,
        "LOCATION": "LALA NIGAM ROAD NEAR MTNL OFFICE MUMBAI NO 5",
        "ELEVATOR_CONTACT_LIST": null,
        "ELEVATOR_INTERCOM": null,
        "WORKING_HRS": null,
        "EMPLOYEE_QTY": null,
        "EMPLOYEE_MALE": null,
        "EMPLOYEE_FEMALE": null,
        "EMPLOYEE_DIF_ABLE": null,
        "WORKING_HRS_STR": null,
        "WORKING_HRS_STP": null
      }
    },
    {
      "type": "Feature",
      "id": 6822,
      "geometry": {
        "type": "Point",
        "coordinates": [72.83748137123591, 18.949417416989217]
      },
      "properties": {
        "OBJECTID": 6822,
        "NAME": "Janabai And Madhavrao Rokade Muncipal School",
        "TYPE": 1,
        "LOCATION": "Madhavrao Rokade Road, Near Carnac Bridge/ Katha Bazar, Masjid Bander, Mumbai, 400003",
        "ELEVATOR_CONTACT_LIST": null,
        "ELEVATOR_INTERCOM": null,
        "WORKING_HRS": null,
        "EMPLOYEE_QTY": null,
        "EMPLOYEE_MALE": null,
        "EMPLOYEE_FEMALE": null,
        "EMPLOYEE_DIF_ABLE": null,
        "WORKING_HRS_STR": null,
        "WORKING_HRS_STP": null
      }
    },
    {
      "type": "Feature",
      "id": 6837,
      "geometry": {
        "type": "Point",
        "coordinates": [72.94419354920554, 19.15911854000858]
      },
      "properties": {
        "OBJECTID": 6837,
        "NAME": "Subhash Nagar Municipal Shool",
        "TYPE": 1,
        "LOCATION": "Subhashnagar Nahur Village road, Opposite khalsha Compound,Bhandup WEST, MUMBAI 400078",
        "ELEVATOR_CONTACT_LIST": null,
        "ELEVATOR_INTERCOM": null,
        "WORKING_HRS": null,
        "EMPLOYEE_QTY": null,
        "EMPLOYEE_MALE": null,
        "EMPLOYEE_FEMALE": null,
        "EMPLOYEE_DIF_ABLE": null,
        "WORKING_HRS_STR": null,
        "WORKING_HRS_STP": null
      }
    },
    {
      "type": "Feature",
      "id": 6838,
      "geometry": {
        "type": "Point",
        "coordinates": [72.87928825629405, 19.074416067390768]
      },
      "properties": {
        "OBJECTID": 6838,
        "NAME": "Sambhaji Chwok Municipal Hindi School",
        "TYPE": 1,
        "LOCATION": "NEW MILL ROAD RAMDAS CHOWK KURLA WEST",
        "ELEVATOR_CONTACT_LIST": null,
        "ELEVATOR_INTERCOM": null,
        "WORKING_HRS": null,
        "EMPLOYEE_QTY": null,
        "EMPLOYEE_MALE": null,
        "EMPLOYEE_FEMALE": null,
        "EMPLOYEE_DIF_ABLE": null,
        "WORKING_HRS_STR": null,
        "WORKING_HRS_STP": null
      }
    },
    {
      "type": "Feature",
      "id": 6840,
      "geometry": {
        "type": "Point",
        "coordinates": [72.7831859447562, 19.20930572392807]
      },
      "properties": {
        "OBJECTID": 6840,
        "NAME": "Manori UP Marathi School",
        "TYPE": 1,
        "LOCATION": "Manori Village, Marve Road, Malad (W).",
        "ELEVATOR_CONTACT_LIST": null,
        "ELEVATOR_INTERCOM": null,
        "WORKING_HRS": null,
        "EMPLOYEE_QTY": null,
        "EMPLOYEE_MALE": null,
        "EMPLOYEE_FEMALE": null,
        "EMPLOYEE_DIF_ABLE": null,
        "WORKING_HRS_STR": null,
        "WORKING_HRS_STP": null
      }
    },
    {
      "type": "Feature",
      "id": 7141,
      "geometry": {
        "type": "Point",
        "coordinates": [72.82775324535983, 18.95789298623116]
      },
      "properties": {
        "OBJECTID": 7141,
        "NAME": "Gulalwadi Municipal Uppper Pramary Hindi School",
        "TYPE": 1,
        "LOCATION": "opp. Goal Deval Tempal, Mumbai -04",
        "ELEVATOR_CONTACT_LIST": null,
        "ELEVATOR_INTERCOM": null,
        "WORKING_HRS": null,
        "EMPLOYEE_QTY": null,
        "EMPLOYEE_MALE": null,
        "EMPLOYEE_FEMALE": null,
        "EMPLOYEE_DIF_ABLE": null,
        "WORKING_HRS_STR": null,
        "WORKING_HRS_STP": null
      }
    },
    {
      "type": "Feature",
      "id": 7142,
      "geometry": {
        "type": "Point",
        "coordinates": [72.82970159688726, 18.958745953462845]
      },
      "properties": {
        "OBJECTID": 7142,
        "NAME": "Nijampura Municipal Upper Pramary Urdu School",
        "TYPE": 1,
        "LOCATION": "153/ 157 chimna bucher street null bazar Mumbai .400003",
        "ELEVATOR_CONTACT_LIST": null,
        "ELEVATOR_INTERCOM": null,
        "WORKING_HRS": null,
        "EMPLOYEE_QTY": null,
        "EMPLOYEE_MALE": null,
        "EMPLOYEE_FEMALE": null,
        "EMPLOYEE_DIF_ABLE": null,
        "WORKING_HRS_STR": null,
        "WORKING_HRS_STP": null
      }
    },
    {
      "type": "Feature",
      "id": 7461,
      "geometry": {
        "type": "Point",
        "coordinates": [72.90541845804691, 19.09791269923605]
      },
      "properties": {
        "OBJECTID": 7461,
        "NAME": "Barve Nagar Municipal Marathi School No 5",
        "TYPE": 1,
        "LOCATION": "Barve nagar Municipal Marathi school no-5, R.B.Kadam marg, Near Jalaram mandir, Bhatwadi, Ghatkopar (W) Mumbai -400084",
        "ELEVATOR_CONTACT_LIST": null,
        "ELEVATOR_INTERCOM": null,
        "WORKING_HRS": null,
        "EMPLOYEE_QTY": null,
        "EMPLOYEE_MALE": null,
        "EMPLOYEE_FEMALE": null,
        "EMPLOYEE_DIF_ABLE": null,
        "WORKING_HRS_STR": null,
        "WORKING_HRS_STP": null
      }
    },
    {
      "type": "Feature",
      "id": 7467,
      "geometry": {
        "type": "Point",
        "coordinates": [72.8555903717178, 19.223856223354375]
      },
      "properties": {
        "OBJECTID": 7467,
        "NAME": "Rajda Shala Municipal School Sankul",
        "TYPE": 1,
        "LOCATION": "Umedasharm Road,  Borivali West, Mumbai, Maharashtra, 400092",
        "ELEVATOR_CONTACT_LIST": null,
        "ELEVATOR_INTERCOM": null,
        "WORKING_HRS": null,
        "EMPLOYEE_QTY": null,
        "EMPLOYEE_MALE": null,
        "EMPLOYEE_FEMALE": null,
        "EMPLOYEE_DIF_ABLE": null,
        "WORKING_HRS_STR": null,
        "WORKING_HRS_STP": null
      }
    },
    {
      "type": "Feature",
      "id": 7468,
      "geometry": {
        "type": "Point",
        "coordinates": [72.89834008573725, 19.029864485394242]
      },
      "properties": {
        "OBJECTID": 7468,
        "NAME": "Anikgaon Municipal Marathi School",
        "TYPE": 1,
        "LOCATION": "Anikgaon Municipal Marathi School, Near Shankar Mandir, R.C.Marg",
        "ELEVATOR_CONTACT_LIST": null,
        "ELEVATOR_INTERCOM": null,
        "WORKING_HRS": null,
        "EMPLOYEE_QTY": null,
        "EMPLOYEE_MALE": null,
        "EMPLOYEE_FEMALE": null,
        "EMPLOYEE_DIF_ABLE": null,
        "WORKING_HRS_STR": null,
        "WORKING_HRS_STP": null
      }
    },
    {
      "type": "Feature",
      "id": 7478,
      "geometry": {
        "type": "Point",
        "coordinates": [72.94150057099374, 19.18601424986887]
      },
      "properties": {
        "OBJECTID": 7478,
        "NAME": "Ghatipada Municipal School",
        "TYPE": 1,
        "LOCATION": "Ghatipada, Balrajeshwar Road, Mulund (W).",
        "ELEVATOR_CONTACT_LIST": null,
        "ELEVATOR_INTERCOM": null,
        "WORKING_HRS": null,
        "EMPLOYEE_QTY": null,
        "EMPLOYEE_MALE": null,
        "EMPLOYEE_FEMALE": null,
        "EMPLOYEE_DIF_ABLE": null,
        "WORKING_HRS_STR": null,
        "WORKING_HRS_STP": null
      }
    },
    {
      "type": "Feature",
      "id": 8101,
      "geometry": {
        "type": "Point",
        "coordinates": [72.8277666662766, 18.964642717691138]
      },
      "properties": {
        "OBJECTID": 8101,
        "NAME": "Khandiya Street Urdu VOC Municipal School",
        "TYPE": 1,
        "LOCATION": "T.B.V Marg, Kamathipura< Mumbai- 400008",
        "ELEVATOR_CONTACT_LIST": null,
        "ELEVATOR_INTERCOM": null,
        "WORKING_HRS": null,
        "EMPLOYEE_QTY": null,
        "EMPLOYEE_MALE": null,
        "EMPLOYEE_FEMALE": null,
        "EMPLOYEE_DIF_ABLE": null,
        "WORKING_HRS_STR": null,
        "WORKING_HRS_STP": null
      }
    },
    {
      "type": "Feature",
      "id": 8102,
      "geometry": {
        "type": "Point",
        "coordinates": [72.82996807333235, 18.96426245019043]
      },
      "properties": {
        "OBJECTID": 8102,
        "NAME": "Nagpada Municipal Urdu School ",
        "TYPE": 1,
        "LOCATION": "49 Mastan Tank Road nagpada Mumbai 400008",
        "ELEVATOR_CONTACT_LIST": null,
        "ELEVATOR_INTERCOM": null,
        "WORKING_HRS": null,
        "EMPLOYEE_QTY": null,
        "EMPLOYEE_MALE": null,
        "EMPLOYEE_FEMALE": null,
        "EMPLOYEE_DIF_ABLE": null,
        "WORKING_HRS_STR": null,
        "WORKING_HRS_STP": null
      }
    },
    {
      "type": "Feature",
      "id": 8741,
      "geometry": {
        "type": "Point",
        "coordinates": [72.84769341744983, 19.182282427147147]
      },
      "properties": {
        "OBJECTID": 8741,
        "NAME": "Malad Municipal Secondary school",
        "TYPE": 1,
        "LOCATION": "Malad Municipal Secondary school ,Nemani Plot, S.V.Road, Malad West, Mumbai-400064",
        "ELEVATOR_CONTACT_LIST": null,
        "ELEVATOR_INTERCOM": null,
        "WORKING_HRS": null,
        "EMPLOYEE_QTY": null,
        "EMPLOYEE_MALE": null,
        "EMPLOYEE_FEMALE": null,
        "EMPLOYEE_DIF_ABLE": null,
        "WORKING_HRS_STR": null,
        "WORKING_HRS_STP": null
      }
    },
    {
      "type": "Feature",
      "id": 9381,
      "geometry": {
        "type": "Point",
        "coordinates": [72.90532006295771, 19.098035940931904]
      },
      "properties": {
        "OBJECTID": 9381,
        "NAME": "Barve Nagar Municipal Marathi School No 4",
        "TYPE": 1,
        "LOCATION": "Barve nagar no.4 Marathi Primary school, Barvenagar Bhatwadi nagar, BEST bus depot, Ghatkoper (W), Mumbai.84",
        "ELEVATOR_CONTACT_LIST": null,
        "ELEVATOR_INTERCOM": null,
        "WORKING_HRS": null,
        "EMPLOYEE_QTY": null,
        "EMPLOYEE_MALE": null,
        "EMPLOYEE_FEMALE": null,
        "EMPLOYEE_DIF_ABLE": null,
        "WORKING_HRS_STR": null,
        "WORKING_HRS_STP": null
      }
    },
    {
      "type": "Feature",
      "id": 9701,
      "geometry": {
        "type": "Point",
        "coordinates": [72.84031984305517, 18.9645477392683]
      },
      "properties": {
        "OBJECTID": 9701,
        "NAME": "Wadibunder Urdu Municipal School ",
        "TYPE": 1,
        "LOCATION": "Bewelder Road, Mazgaon, Mumbai. 400 010.",
        "ELEVATOR_CONTACT_LIST": null,
        "ELEVATOR_INTERCOM": null,
        "WORKING_HRS": null,
        "EMPLOYEE_QTY": null,
        "EMPLOYEE_MALE": null,
        "EMPLOYEE_FEMALE": null,
        "EMPLOYEE_DIF_ABLE": null,
        "WORKING_HRS_STR": null,
        "WORKING_HRS_STP": null
      }
    },
    {
      "type": "Feature",
      "id": 9702,
      "geometry": {
        "type": "Point",
        "coordinates": [72.93849245218743, 19.170749417123773]
      },
      "properties": {
        "OBJECTID": 9702,
        "NAME": "Veer Sambhaji Municipal School ",
        "TYPE": 1,
        "LOCATION": "Veer Sambhaji Mun. School Buidling, Mulund",
        "ELEVATOR_CONTACT_LIST": null,
        "ELEVATOR_INTERCOM": null,
        "WORKING_HRS": null,
        "EMPLOYEE_QTY": null,
        "EMPLOYEE_MALE": null,
        "EMPLOYEE_FEMALE": null,
        "EMPLOYEE_DIF_ABLE": null,
        "WORKING_HRS_STR": null,
        "WORKING_HRS_STP": null
      }
    },
    {
      "type": "Feature",
      "id": 9703,
      "geometry": {
        "type": "Point",
        "coordinates": [72.94729720891605, 19.171181263804407]
      },
      "properties": {
        "OBJECTID": 9703,
        "NAME": "Keshavpada Municipal School ",
        "TYPE": 1,
        "LOCATION": "Keshavpada Municipal School Buidling, P Kheraj Road, Keshavpada, Mulund (W)",
        "ELEVATOR_CONTACT_LIST": null,
        "ELEVATOR_INTERCOM": null,
        "WORKING_HRS": null,
        "EMPLOYEE_QTY": null,
        "EMPLOYEE_MALE": null,
        "EMPLOYEE_FEMALE": null,
        "EMPLOYEE_DIF_ABLE": null,
        "WORKING_HRS_STR": null,
        "WORKING_HRS_STP": null
      }
    },
    {
      "type": "Feature",
      "id": 9704,
      "geometry": {
        "type": "Point",
        "coordinates": [72.94346279807736, 19.182594794352294]
      },
      "properties": {
        "OBJECTID": 9704,
        "NAME": "Cyclone Shulter Municipal School",
        "TYPE": 1,
        "LOCATION": "Veenanagar Mun. secondary School Buidling, Cyclone shulter, Swapnanagari, Mulund (W), Mumbai.80",
        "ELEVATOR_CONTACT_LIST": null,
        "ELEVATOR_INTERCOM": null,
        "WORKING_HRS": null,
        "EMPLOYEE_QTY": null,
        "EMPLOYEE_MALE": null,
        "EMPLOYEE_FEMALE": null,
        "EMPLOYEE_DIF_ABLE": null,
        "WORKING_HRS_STR": null,
        "WORKING_HRS_STP": null
      }
    },
    {
      "type": "Feature",
      "id": 9705,
      "geometry": {
        "type": "Point",
        "coordinates": [72.9359342735074, 19.17671617767801]
      },
      "properties": {
        "OBJECTID": 9705,
        "NAME": "Hanumanpada Municipal School ",
        "TYPE": 1,
        "LOCATION": "Hanumanpada Municipal School Buidling, Mulund colony, Mulund (W), Mumbai.82",
        "ELEVATOR_CONTACT_LIST": null,
        "ELEVATOR_INTERCOM": null,
        "WORKING_HRS": null,
        "EMPLOYEE_QTY": null,
        "EMPLOYEE_MALE": null,
        "EMPLOYEE_FEMALE": null,
        "EMPLOYEE_DIF_ABLE": null,
        "WORKING_HRS_STR": null,
        "WORKING_HRS_STP": null
      }
    },
    {
      "type": "Feature",
      "id": 9706,
      "geometry": {
        "type": "Point",
        "coordinates": [72.94735738186172, 19.16384027648502]
      },
      "properties": {
        "OBJECTID": 9706,
        "NAME": "Nahur Road Municipal School ",
        "TYPE": 1,
        "LOCATION": "Nahur Road Mun. School Buidling, Sarvoday nagar, J.N. Road, Mulund (W), Mumbai.80",
        "ELEVATOR_CONTACT_LIST": null,
        "ELEVATOR_INTERCOM": null,
        "WORKING_HRS": null,
        "EMPLOYEE_QTY": null,
        "EMPLOYEE_MALE": null,
        "EMPLOYEE_FEMALE": null,
        "EMPLOYEE_DIF_ABLE": null,
        "WORKING_HRS_STR": null,
        "WORKING_HRS_STP": null
      }
    },
    {
      "type": "Feature",
      "id": 9707,
      "geometry": {
        "type": "Point",
        "coordinates": [72.95240725513611, 19.17092818649683]
      },
      "properties": {
        "OBJECTID": 9707,
        "NAME": "Sevaram Lalvani Road Municipal School",
        "TYPE": 1,
        "LOCATION": "S.L. road Mun. School Buidling, S.L. road, near Vijay garden, Mulund (W) Mumbai.80",
        "ELEVATOR_CONTACT_LIST": null,
        "ELEVATOR_INTERCOM": null,
        "WORKING_HRS": null,
        "EMPLOYEE_QTY": null,
        "EMPLOYEE_MALE": null,
        "EMPLOYEE_FEMALE": null,
        "EMPLOYEE_DIF_ABLE": null,
        "WORKING_HRS_STR": null,
        "WORKING_HRS_STP": null
      }
    },
    {
      "type": "Feature",
      "id": 9709,
      "geometry": {
        "type": "Point",
        "coordinates": [72.95461795004746, 19.16314445089001]
      },
      "properties": {
        "OBJECTID": 9709,
        "NAME": "Mithgar Municipal School",
        "TYPE": 1,
        "LOCATION": "Mithanagar Marg Municipal School Buidling, Mulund (E) 400 081",
        "ELEVATOR_CONTACT_LIST": null,
        "ELEVATOR_INTERCOM": null,
        "WORKING_HRS": null,
        "EMPLOYEE_QTY": null,
        "EMPLOYEE_MALE": null,
        "EMPLOYEE_FEMALE": null,
        "EMPLOYEE_DIF_ABLE": null,
        "WORKING_HRS_STR": null,
        "WORKING_HRS_STP": null
      }
    },
    {
      "type": "Feature",
      "id": 9710,
      "geometry": {
        "type": "Point",
        "coordinates": [73.26111750094584, 19.54626412452397]
      },
      "properties": {
        "OBJECTID": 9710,
        "NAME": "Tansa Municipal School",
        "TYPE": 1,
        "LOCATION": "Tansa Mun school building, Tansa, Shahapur.",
        "ELEVATOR_CONTACT_LIST": null,
        "ELEVATOR_INTERCOM": null,
        "WORKING_HRS": null,
        "EMPLOYEE_QTY": null,
        "EMPLOYEE_MALE": null,
        "EMPLOYEE_FEMALE": null,
        "EMPLOYEE_DIF_ABLE": null,
        "WORKING_HRS_STR": null,
        "WORKING_HRS_STP": null
      }
    },
    {
      "type": "Feature",
      "id": 9711,
      "geometry": {
        "type": "Point",
        "coordinates": [73.29887317289983, 19.657127523400195]
      },
      "properties": {
        "OBJECTID": 9711,
        "NAME": "Modaksagar Municipal Upper Primary SChool ",
        "TYPE": 1,
        "LOCATION": "Modaksagar Mun school building, Vaitarana Vasahat",
        "ELEVATOR_CONTACT_LIST": null,
        "ELEVATOR_INTERCOM": null,
        "WORKING_HRS": null,
        "EMPLOYEE_QTY": null,
        "EMPLOYEE_MALE": null,
        "EMPLOYEE_FEMALE": null,
        "EMPLOYEE_DIF_ABLE": null,
        "WORKING_HRS_STR": null,
        "WORKING_HRS_STP": null
      }
    },
    {
      "type": "Feature",
      "id": 9712,
      "geometry": {
        "type": "Point",
        "coordinates": [73.10579639470299, 19.336016847334133]
      },
      "properties": {
        "OBJECTID": 9712,
        "NAME": "Dhamangaon Municipal School ",
        "TYPE": 1,
        "LOCATION": "Dhamangaon Mun school building, Agra Road Vadpe, Bhiwandi",
        "ELEVATOR_CONTACT_LIST": null,
        "ELEVATOR_INTERCOM": null,
        "WORKING_HRS": null,
        "EMPLOYEE_QTY": null,
        "EMPLOYEE_MALE": null,
        "EMPLOYEE_FEMALE": null,
        "EMPLOYEE_DIF_ABLE": null,
        "WORKING_HRS_STR": null,
        "WORKING_HRS_STP": null
      }
    },
    {
      "type": "Feature",
      "id": 9713,
      "geometry": {
        "type": "Point",
        "coordinates": [72.92811510906782, 19.16664732108338]
      },
      "properties": {
        "OBJECTID": 9713,
        "NAME": "Gaibanshah Darga Municipal School",
        "TYPE": 1,
        "LOCATION": "Gaibanshah Dargah Urdu Municipal school, Khidndipada, Mulund (W), Mumbai. 80",
        "ELEVATOR_CONTACT_LIST": null,
        "ELEVATOR_INTERCOM": null,
        "WORKING_HRS": null,
        "EMPLOYEE_QTY": null,
        "EMPLOYEE_MALE": null,
        "EMPLOYEE_FEMALE": null,
        "EMPLOYEE_DIF_ABLE": null,
        "WORKING_HRS_STR": null,
        "WORKING_HRS_STP": null
      }
    },
    {
      "type": "Feature",
      "id": 9714,
      "geometry": {
        "type": "Point",
        "coordinates": [72.92425195900903, 19.132908790410674]
      },
      "properties": {
        "OBJECTID": 9714,
        "NAME": "Powai Municipal School",
        "TYPE": 1,
        "LOCATION": "Powai Dockyard colony[ Bhandup (W), Mumbai. 400 078",
        "ELEVATOR_CONTACT_LIST": null,
        "ELEVATOR_INTERCOM": null,
        "WORKING_HRS": null,
        "EMPLOYEE_QTY": null,
        "EMPLOYEE_MALE": null,
        "EMPLOYEE_FEMALE": null,
        "EMPLOYEE_DIF_ABLE": null,
        "WORKING_HRS_STR": null,
        "WORKING_HRS_STP": null
      }
    },
    {
      "type": "Feature",
      "id": 10021,
      "geometry": {
        "type": "Point",
        "coordinates": [72.83952578839634, 18.980584297391722]
      },
      "properties": {
        "OBJECTID": 10021,
        "NAME": "Nawab Tank Tamil Municipal School",
        "TYPE": 1,
        "LOCATION": "ES Patanwala Marg, New Patra Chawl, Dhaku Prabhuchi Wadi, Byculla, Mumbai 400027",
        "ELEVATOR_CONTACT_LIST": null,
        "ELEVATOR_INTERCOM": null,
        "WORKING_HRS": null,
        "EMPLOYEE_QTY": null,
        "EMPLOYEE_MALE": null,
        "EMPLOYEE_FEMALE": null,
        "EMPLOYEE_DIF_ABLE": null,
        "WORKING_HRS_STR": null,
        "WORKING_HRS_STP": null
      }
    },
    {
      "type": "Feature",
      "id": 10022,
      "geometry": {
        "type": "Point",
        "coordinates": [72.84872633776762, 19.005089894752228]
      },
      "properties": {
        "OBJECTID": 10022,
        "NAME": "Second October Vasahat Municipal  Marathi School",
        "TYPE": 1,
        "LOCATION": "A/105, Matoshree Sadan, Jerbai Wadia Road, Bhoiwada, Parel, Mumbai. 400 012.",
        "ELEVATOR_CONTACT_LIST": null,
        "ELEVATOR_INTERCOM": null,
        "WORKING_HRS": null,
        "EMPLOYEE_QTY": null,
        "EMPLOYEE_MALE": null,
        "EMPLOYEE_FEMALE": null,
        "EMPLOYEE_DIF_ABLE": null,
        "WORKING_HRS_STR": null,
        "WORKING_HRS_STP": null
      }
    },
    {
      "type": "Feature",
      "id": 10023,
      "geometry": {
        "type": "Point",
        "coordinates": [72.8427651826888, 18.9907003832091]
      },
      "properties": {
        "OBJECTID": 10023,
        "NAME": "Sewri Municipal Kannad School",
        "TYPE": 1,
        "LOCATION": "Abhyudaya Nagar Rd, Kalachowki, Abhyudaya Nagar, Parel, Mumbai, Maharashtra 400033",
        "ELEVATOR_CONTACT_LIST": null,
        "ELEVATOR_INTERCOM": null,
        "WORKING_HRS": null,
        "EMPLOYEE_QTY": null,
        "EMPLOYEE_MALE": null,
        "EMPLOYEE_FEMALE": null,
        "EMPLOYEE_DIF_ABLE": null,
        "WORKING_HRS_STR": null,
        "WORKING_HRS_STP": null
      }
    },
    {
      "type": "Feature",
      "id": 10342,
      "geometry": {
        "type": "Point",
        "coordinates": [72.91695715977276, 19.107275770813445]
      },
      "properties": {
        "OBJECTID": 10342,
        "NAME": "Varsha Nagar Municipal School ( MPS)",
        "TYPE": 1,
        "LOCATION": "Veer sarvrkar marg, Vikroli (W), Mumbai.78",
        "ELEVATOR_CONTACT_LIST": null,
        "ELEVATOR_INTERCOM": null,
        "WORKING_HRS": null,
        "EMPLOYEE_QTY": null,
        "EMPLOYEE_MALE": null,
        "EMPLOYEE_FEMALE": null,
        "EMPLOYEE_DIF_ABLE": null,
        "WORKING_HRS_STR": null,
        "WORKING_HRS_STP": null
      }
    },
    {
      "type": "Feature",
      "id": 10343,
      "geometry": {
        "type": "Point",
        "coordinates": [72.93677955104704, 19.12952905775236]
      },
      "properties": {
        "OBJECTID": 10343,
        "NAME": "Nehru Nagar Municipal School Buidling",
        "TYPE": 1,
        "LOCATION": "Kanjurgaon, Bhandup \u00ac, Mumbai. 78",
        "ELEVATOR_CONTACT_LIST": null,
        "ELEVATOR_INTERCOM": null,
        "WORKING_HRS": null,
        "EMPLOYEE_QTY": null,
        "EMPLOYEE_MALE": null,
        "EMPLOYEE_FEMALE": null,
        "EMPLOYEE_DIF_ABLE": null,
        "WORKING_HRS_STR": null,
        "WORKING_HRS_STP": null
      }
    },
    {
      "type": "Feature",
      "id": 10344,
      "geometry": {
        "type": "Point",
        "coordinates": [72.93137827724284, 19.165562864712882]
      },
      "properties": {
        "OBJECTID": 10344,
        "NAME": "Khindipada Municipal School ",
        "TYPE": 1,
        "LOCATION": "Khindipada, Bhandup  Mumbai.78",
        "ELEVATOR_CONTACT_LIST": null,
        "ELEVATOR_INTERCOM": null,
        "WORKING_HRS": null,
        "EMPLOYEE_QTY": null,
        "EMPLOYEE_MALE": null,
        "EMPLOYEE_FEMALE": null,
        "EMPLOYEE_DIF_ABLE": null,
        "WORKING_HRS_STR": null,
        "WORKING_HRS_STP": null
      }
    },
    {
      "type": "Feature",
      "id": 10345,
      "geometry": {
        "type": "Point",
        "coordinates": [72.92609297101362, 19.140632084040703]
      },
      "properties": {
        "OBJECTID": 10345,
        "NAME": "Pathan Colony Municipal School ",
        "TYPE": 1,
        "LOCATION": "Jamil nagar, Bhandup (W), Mumbai.78",
        "ELEVATOR_CONTACT_LIST": null,
        "ELEVATOR_INTERCOM": null,
        "WORKING_HRS": null,
        "EMPLOYEE_QTY": null,
        "EMPLOYEE_MALE": null,
        "EMPLOYEE_FEMALE": null,
        "EMPLOYEE_DIF_ABLE": null,
        "WORKING_HRS_STR": null,
        "WORKING_HRS_STP": null
      }
    },
    {
      "type": "Feature",
      "id": 10346,
      "geometry": {
        "type": "Point",
        "coordinates": [72.93347418137631, 19.121220737340053]
      },
      "properties": {
        "OBJECTID": 10346,
        "NAME": "Tagore Nagar Municipal Marathi School No 3",
        "TYPE": 1,
        "LOCATION": "Tagore nagar, Vikroli \u20ac, Mumbai. 83",
        "ELEVATOR_CONTACT_LIST": null,
        "ELEVATOR_INTERCOM": null,
        "WORKING_HRS": null,
        "EMPLOYEE_QTY": null,
        "EMPLOYEE_MALE": null,
        "EMPLOYEE_FEMALE": null,
        "EMPLOYEE_DIF_ABLE": null,
        "WORKING_HRS_STR": null,
        "WORKING_HRS_STP": null
      }
    },
    {
      "type": "Feature",
      "id": 10661,
      "geometry": {
        "type": "Point",
        "coordinates": [72.85176665200474, 18.98916452274892]
      },
      "properties": {
        "OBJECTID": 10661,
        "NAME": "Sewri B.D.D.Municipal  Urdu School",
        "TYPE": 1,
        "LOCATION": "B.D.D. Chawl No.12, Oppostite Sewri Station, Sewri (west) Mumbai.15",
        "ELEVATOR_CONTACT_LIST": null,
        "ELEVATOR_INTERCOM": null,
        "WORKING_HRS": null,
        "EMPLOYEE_QTY": null,
        "EMPLOYEE_MALE": null,
        "EMPLOYEE_FEMALE": null,
        "EMPLOYEE_DIF_ABLE": null,
        "WORKING_HRS_STR": null,
        "WORKING_HRS_STP": null
      }
    },
    {
      "type": "Feature",
      "id": 10981,
      "geometry": {
        "type": "Point",
        "coordinates": [72.85956503559451, 19.039020177646222]
      },
      "properties": {
        "OBJECTID": 10981,
        "NAME": "New Sion Municipal School",
        "TYPE": 1,
        "LOCATION": "New Sion School Building, Near Lions Club, Near Sion Hospital, Sion (East), Mumbai - 22",
        "ELEVATOR_CONTACT_LIST": null,
        "ELEVATOR_INTERCOM": null,
        "WORKING_HRS": null,
        "EMPLOYEE_QTY": null,
        "EMPLOYEE_MALE": null,
        "EMPLOYEE_FEMALE": null,
        "EMPLOYEE_DIF_ABLE": null,
        "WORKING_HRS_STR": null,
        "WORKING_HRS_STP": null
      }
    },
    {
      "type": "Feature",
      "id": 10982,
      "geometry": {
        "type": "Point",
        "coordinates": [72.8578316132843, 19.014047255846123]
      },
      "properties": {
        "OBJECTID": 10982,
        "NAME": "Reynolds Municipal  School",
        "TYPE": 1,
        "LOCATION": "S.S. Renold Schoo Buildind Tejas nagar, BPT Colony, Wadala (East), Mumbai. 400 037",
        "ELEVATOR_CONTACT_LIST": null,
        "ELEVATOR_INTERCOM": null,
        "WORKING_HRS": null,
        "EMPLOYEE_QTY": null,
        "EMPLOYEE_MALE": null,
        "EMPLOYEE_FEMALE": null,
        "EMPLOYEE_DIF_ABLE": null,
        "WORKING_HRS_STR": null,
        "WORKING_HRS_STP": null
      }
    },
    {
      "type": "Feature",
      "id": 10983,
      "geometry": {
        "type": "Point",
        "coordinates": [72.86129244863352, 19.03015118968725]
      },
      "properties": {
        "OBJECTID": 10983,
        "NAME": "Kane Nagar Municipal School",
        "TYPE": 1,
        "LOCATION": "Kane nagar school Building, CGS colony, Sector-3, Antop Hill, Mumbai. 400 37.",
        "ELEVATOR_CONTACT_LIST": null,
        "ELEVATOR_INTERCOM": null,
        "WORKING_HRS": null,
        "EMPLOYEE_QTY": null,
        "EMPLOYEE_MALE": null,
        "EMPLOYEE_FEMALE": null,
        "EMPLOYEE_DIF_ABLE": null,
        "WORKING_HRS_STR": null,
        "WORKING_HRS_STP": null
      }
    },
    {
      "type": "Feature",
      "id": 10984,
      "geometry": {
        "type": "Point",
        "coordinates": [72.84758329780995, 19.02256320645375]
      },
      "properties": {
        "OBJECTID": 10984,
        "NAME": "Hindu Colony Municipal  School",
        "TYPE": 1,
        "LOCATION": "Hindu clolny school building, Hindu colony, Lakhmashi Nappu marg, Matunga East, Mumbai. 400 019",
        "ELEVATOR_CONTACT_LIST": null,
        "ELEVATOR_INTERCOM": null,
        "WORKING_HRS": null,
        "EMPLOYEE_QTY": null,
        "EMPLOYEE_MALE": null,
        "EMPLOYEE_FEMALE": null,
        "EMPLOYEE_DIF_ABLE": null,
        "WORKING_HRS_STR": null,
        "WORKING_HRS_STP": null
      }
    },
    {
      "type": "Feature",
      "id": 10985,
      "geometry": {
        "type": "Point",
        "coordinates": [72.83017938275196, 18.991918591990302]
      },
      "properties": {
        "OBJECTID": 10985,
        "NAME": "Sitaram Mill Compund Municipal School",
        "TYPE": 1,
        "LOCATION": "Sitaram Mill Compound Mun. School Building, Delai Road, Lower Parel, Mumbai. 11",
        "ELEVATOR_CONTACT_LIST": null,
        "ELEVATOR_INTERCOM": null,
        "WORKING_HRS": null,
        "EMPLOYEE_QTY": null,
        "EMPLOYEE_MALE": null,
        "EMPLOYEE_FEMALE": null,
        "EMPLOYEE_DIF_ABLE": null,
        "WORKING_HRS_STR": null,
        "WORKING_HRS_STP": null
      }
    },
    {
      "type": "Feature",
      "id": 11301,
      "geometry": {
        "type": "Point",
        "coordinates": [72.92836374508411, 19.151873704408874]
      },
      "properties": {
        "OBJECTID": 11301,
        "NAME": "Shivaji Nagar Marathi Municipal School",
        "TYPE": 1,
        "LOCATION": "Ichhapurti Ganesh temple, Nardas raod, Bhandup (W), Mumbai. 78\r\n\r\n\r\n\r\n",
        "ELEVATOR_CONTACT_LIST": null,
        "ELEVATOR_INTERCOM": null,
        "WORKING_HRS": null,
        "EMPLOYEE_QTY": null,
        "EMPLOYEE_MALE": null,
        "EMPLOYEE_FEMALE": null,
        "EMPLOYEE_DIF_ABLE": null,
        "WORKING_HRS_STR": null,
        "WORKING_HRS_STP": null
      }
    },
    {
      "type": "Feature",
      "id": 11302,
      "geometry": {
        "type": "Point",
        "coordinates": [72.8999784169127, 19.135755700629133]
      },
      "properties": {
        "OBJECTID": 11302,
        "NAME": "Paspoli Niti Municipal School Buidling",
        "TYPE": 1,
        "LOCATION": "Sakivihar Road, Filterpada, Bhandup (W), Mumbai. 87",
        "ELEVATOR_CONTACT_LIST": null,
        "ELEVATOR_INTERCOM": null,
        "WORKING_HRS": null,
        "EMPLOYEE_QTY": null,
        "EMPLOYEE_MALE": null,
        "EMPLOYEE_FEMALE": null,
        "EMPLOYEE_DIF_ABLE": null,
        "WORKING_HRS_STR": null,
        "WORKING_HRS_STP": null
      }
    },
    {
      "type": "Feature",
      "id": 11303,
      "geometry": {
        "type": "Point",
        "coordinates": [72.91851509911247, 19.12432351492303]
      },
      "properties": {
        "OBJECTID": 11303,
        "NAME": "Tirandaz Village Municipal Lower Primary School",
        "TYPE": 1,
        "LOCATION": "Gokhale Nagar, I.I.T main gate, Bhandup (W), Mumbai.78",
        "ELEVATOR_CONTACT_LIST": null,
        "ELEVATOR_INTERCOM": null,
        "WORKING_HRS": null,
        "EMPLOYEE_QTY": null,
        "EMPLOYEE_MALE": null,
        "EMPLOYEE_FEMALE": null,
        "EMPLOYEE_DIF_ABLE": null,
        "WORKING_HRS_STR": null,
        "WORKING_HRS_STP": null
      }
    },
    {
      "type": "Feature",
      "id": 11304,
      "geometry": {
        "type": "Point",
        "coordinates": [72.90889562712262, 19.0828511271249]
      },
      "properties": {
        "OBJECTID": 11304,
        "NAME": "Dhanaji Devashi M.R. Municipal School",
        "TYPE": 1,
        "LOCATION": "Shanji Devshi M.R school, Hindwala lane, opposire Jain Temple, Ghatkoper (W), Mumbai. 77",
        "ELEVATOR_CONTACT_LIST": null,
        "ELEVATOR_INTERCOM": null,
        "WORKING_HRS": null,
        "EMPLOYEE_QTY": null,
        "EMPLOYEE_MALE": null,
        "EMPLOYEE_FEMALE": null,
        "EMPLOYEE_DIF_ABLE": null,
        "WORKING_HRS_STR": null,
        "WORKING_HRS_STP": null
      }
    },
    {
      "type": "Feature",
      "id": 11305,
      "geometry": {
        "type": "Point",
        "coordinates": [72.91658467540186, 19.088041613562613]
      },
      "properties": {
        "OBJECTID": 11305,
        "NAME": "Pantnagar Municipal Marathi School No.02",
        "TYPE": 1,
        "LOCATION": "Pantnagar Marathi 2 Mun school, Pantnagar near Police station, Ghatkoper \u00ac, Mumbai. 75",
        "ELEVATOR_CONTACT_LIST": null,
        "ELEVATOR_INTERCOM": null,
        "WORKING_HRS": null,
        "EMPLOYEE_QTY": null,
        "EMPLOYEE_MALE": null,
        "EMPLOYEE_FEMALE": null,
        "EMPLOYEE_DIF_ABLE": null,
        "WORKING_HRS_STR": null,
        "WORKING_HRS_STP": null
      }
    },
    {
      "type": "Feature",
      "id": 11307,
      "geometry": {
        "type": "Point",
        "coordinates": [72.91742467839856, 19.077582312401645]
      },
      "properties": {
        "OBJECTID": 11307,
        "NAME": "Ramabai Municipal Marathi School No.02",
        "TYPE": 1,
        "LOCATION": "Ramabai Marathi no.2 primary school, Ramabai sahakar nagar, Estern Express Highway, Ghatkoper \u00ac, Mumbai. 75",
        "ELEVATOR_CONTACT_LIST": null,
        "ELEVATOR_INTERCOM": null,
        "WORKING_HRS": null,
        "EMPLOYEE_QTY": null,
        "EMPLOYEE_MALE": null,
        "EMPLOYEE_FEMALE": null,
        "EMPLOYEE_DIF_ABLE": null,
        "WORKING_HRS_STR": null,
        "WORKING_HRS_STP": null
      }
    },
    {
      "type": "Feature",
      "id": 11308,
      "geometry": {
        "type": "Point",
        "coordinates": [72.91703648183434, 19.07787009743134]
      },
      "properties": {
        "OBJECTID": 11308,
        "NAME": "Ramabai Municipal Marathi School No.1",
        "TYPE": 1,
        "LOCATION": "Ramabai Marathi no.1 primary school, Ramabai sahakar nagar, Estern Express Highway, Ghatkoper \u00ac, Mumbai. 75",
        "ELEVATOR_CONTACT_LIST": null,
        "ELEVATOR_INTERCOM": null,
        "WORKING_HRS": null,
        "EMPLOYEE_QTY": null,
        "EMPLOYEE_MALE": null,
        "EMPLOYEE_FEMALE": null,
        "EMPLOYEE_DIF_ABLE": null,
        "WORKING_HRS_STR": null,
        "WORKING_HRS_STP": null
      }
    },
    {
      "type": "Feature",
      "id": 11310,
      "geometry": {
        "type": "Point",
        "coordinates": [72.91728348403387, 19.077716944429753]
      },
      "properties": {
        "OBJECTID": 11310,
        "NAME": "Ramabai Municipal Marathi School No. 3",
        "TYPE": 1,
        "LOCATION": "Ramabai Marathi no.3 primary school, Ramabai sahakar nagar, Estern Express Highway, Ghatkoper \u00ac, Mumbai. 75",
        "ELEVATOR_CONTACT_LIST": null,
        "ELEVATOR_INTERCOM": null,
        "WORKING_HRS": null,
        "EMPLOYEE_QTY": null,
        "EMPLOYEE_MALE": null,
        "EMPLOYEE_FEMALE": null,
        "EMPLOYEE_DIF_ABLE": null,
        "WORKING_HRS_STR": null,
        "WORKING_HRS_STP": null
      }
    },
    {
      "type": "Feature",
      "id": 11311,
      "geometry": {
        "type": "Point",
        "coordinates": [72.91581867562195, 19.081808232686825]
      },
      "properties": {
        "OBJECTID": 11311,
        "NAME": "Samata Colony Municipal Hindi School",
        "TYPE": 1,
        "LOCATION": "Samata Hindi school, Railway police colony \u00ac, Mumbai.75",
        "ELEVATOR_CONTACT_LIST": null,
        "ELEVATOR_INTERCOM": null,
        "WORKING_HRS": null,
        "EMPLOYEE_QTY": null,
        "EMPLOYEE_MALE": null,
        "EMPLOYEE_FEMALE": null,
        "EMPLOYEE_DIF_ABLE": null,
        "WORKING_HRS_STR": null,
        "WORKING_HRS_STP": null
      }
    },
    {
      "type": "Feature",
      "id": 11312,
      "geometry": {
        "type": "Point",
        "coordinates": [72.91480987390018, 19.072102599816734]
      },
      "properties": {
        "OBJECTID": 11312,
        "NAME": "Kamraj Marathi Municipal School",
        "TYPE": 1,
        "LOCATION": "Kamraj nagar UP Marathi school,Vasantrao Naik marg, Kamrajnagar, Ghatkoper \u00ac, Mumbai. 400 077.",
        "ELEVATOR_CONTACT_LIST": null,
        "ELEVATOR_INTERCOM": null,
        "WORKING_HRS": null,
        "EMPLOYEE_QTY": null,
        "EMPLOYEE_MALE": null,
        "EMPLOYEE_FEMALE": null,
        "EMPLOYEE_DIF_ABLE": null,
        "WORKING_HRS_STR": null,
        "WORKING_HRS_STP": null
      }
    },
    {
      "type": "Feature",
      "id": 11313,
      "geometry": {
        "type": "Point",
        "coordinates": [72.91380976850985, 19.10472258305018]
      },
      "properties": {
        "OBJECTID": 11313,
        "NAME": "Vikroli Park Site Municipal English School",
        "TYPE": 1,
        "LOCATION": "Vikrroli Parksite English Mun school, near Saibaba Temple, Vikroli (W), Mumbai 400079",
        "ELEVATOR_CONTACT_LIST": null,
        "ELEVATOR_INTERCOM": null,
        "WORKING_HRS": null,
        "EMPLOYEE_QTY": null,
        "EMPLOYEE_MALE": null,
        "EMPLOYEE_FEMALE": null,
        "EMPLOYEE_DIF_ABLE": null,
        "WORKING_HRS_STR": null,
        "WORKING_HRS_STP": null
      }
    },
    {
      "type": "Feature",
      "id": 11314,
      "geometry": {
        "type": "Point",
        "coordinates": [72.91833223150385, 19.101703390905993]
      },
      "properties": {
        "OBJECTID": 11314,
        "NAME": "Vikroli Park Site Municipal Urdu No.3 School",
        "TYPE": 1,
        "LOCATION": "Vikrroli Parksite L.P. school no.3, near Vikrroli Parksite fire bridge, Vikroli (W), Mumbai. 79",
        "ELEVATOR_CONTACT_LIST": null,
        "ELEVATOR_INTERCOM": null,
        "WORKING_HRS": null,
        "EMPLOYEE_QTY": null,
        "EMPLOYEE_MALE": null,
        "EMPLOYEE_FEMALE": null,
        "EMPLOYEE_DIF_ABLE": null,
        "WORKING_HRS_STR": null,
        "WORKING_HRS_STP": null
      }
    },
    {
      "type": "Feature",
      "id": 11315,
      "geometry": {
        "type": "Point",
        "coordinates": [72.91353581416455, 19.104901509625222]
      },
      "properties": {
        "OBJECTID": 11315,
        "NAME": "Vikroli Park Site Municipal Urdu No.1 School",
        "TYPE": 1,
        "LOCATION": "Vikroli Parksite Urdu school no.2, Vikroli Parksite, near Saibaba Mandir, Vikroli (W), Mumbai.79",
        "ELEVATOR_CONTACT_LIST": null,
        "ELEVATOR_INTERCOM": null,
        "WORKING_HRS": null,
        "EMPLOYEE_QTY": null,
        "EMPLOYEE_MALE": null,
        "EMPLOYEE_FEMALE": null,
        "EMPLOYEE_DIF_ABLE": null,
        "WORKING_HRS_STR": null,
        "WORKING_HRS_STP": null
      }
    },
    {
      "type": "Feature",
      "id": 11316,
      "geometry": {
        "type": "Point",
        "coordinates": [72.9135007177544, 19.104294740618975]
      },
      "properties": {
        "OBJECTID": 11316,
        "NAME": "Vikroli Parksaite Municipal Marathi No.4 School",
        "TYPE": 1,
        "LOCATION": "Vikroli Parksite UP Marathi school no.4, Vikroli Parksite, near Saibaba Temple, Vikroli (W), Mumbai. 79",
        "ELEVATOR_CONTACT_LIST": null,
        "ELEVATOR_INTERCOM": null,
        "WORKING_HRS": null,
        "EMPLOYEE_QTY": null,
        "EMPLOYEE_MALE": null,
        "EMPLOYEE_FEMALE": null,
        "EMPLOYEE_DIF_ABLE": null,
        "WORKING_HRS_STR": null,
        "WORKING_HRS_STP": null
      }
    },
    {
      "type": "Feature",
      "id": 11624,
      "geometry": {
        "type": "Point",
        "coordinates": [72.9159504387464, 19.111237710293253]
      },
      "properties": {
        "OBJECTID": 11624,
        "NAME": "Dr. Ambedkar Municipal Mararthi no.01 School",
        "TYPE": 1,
        "LOCATION": "Dr. Babasaheb Ambedkar Nagar no.1, Ambedkar Nagar, Vikroli parksite, Sant Nrankari Bahvan, Vikroli (W), Mumbai.400079",
        "ELEVATOR_CONTACT_LIST": null,
        "ELEVATOR_INTERCOM": null,
        "WORKING_HRS": null,
        "EMPLOYEE_QTY": null,
        "EMPLOYEE_MALE": null,
        "EMPLOYEE_FEMALE": null,
        "EMPLOYEE_DIF_ABLE": null,
        "WORKING_HRS_STR": null,
        "WORKING_HRS_STP": null
      }
    },
    {
      "type": "Feature",
      "id": 11625,
      "geometry": {
        "type": "Point",
        "coordinates": [72.88735830002277, 19.048821562853796]
      },
      "properties": {
        "OBJECTID": 11625,
        "NAME": "Anand Nagar Municipal  Mumbai Public School",
        "TYPE": 1,
        "LOCATION": "Anand Nagar MPS Lal Dongar, Anand Nagar, Chembur, Mumbai. 74",
        "ELEVATOR_CONTACT_LIST": null,
        "ELEVATOR_INTERCOM": null,
        "WORKING_HRS": null,
        "EMPLOYEE_QTY": null,
        "EMPLOYEE_MALE": null,
        "EMPLOYEE_FEMALE": null,
        "EMPLOYEE_DIF_ABLE": null,
        "WORKING_HRS_STR": null,
        "WORKING_HRS_STP": null
      }
    },
    {
      "type": "Feature",
      "id": 11626,
      "geometry": {
        "type": "Point",
        "coordinates": [72.89437210150497, 19.067208131059186]
      },
      "properties": {
        "OBJECTID": 11626,
        "NAME": "Tilak Nagar Municipal School (Mumbai Public School)",
        "TYPE": 1,
        "LOCATION": "Tilak Nagar Mumbai Public School, Opp  Amrapali Girls Hostel,Tilak Nagar, Chembur, Mumbai. 89",
        "ELEVATOR_CONTACT_LIST": null,
        "ELEVATOR_INTERCOM": null,
        "WORKING_HRS": null,
        "EMPLOYEE_QTY": null,
        "EMPLOYEE_MALE": null,
        "EMPLOYEE_FEMALE": null,
        "EMPLOYEE_DIF_ABLE": null,
        "WORKING_HRS_STR": null,
        "WORKING_HRS_STP": null
      }
    },
    {
      "type": "Feature",
      "id": 11627,
      "geometry": {
        "type": "Point",
        "coordinates": [72.89524224538188, 19.05549684256298]
      },
      "properties": {
        "OBJECTID": 11627,
        "NAME": "Chembur Naka Municipal Mumbai Public School",
        "TYPE": 1,
        "LOCATION": "Chembur Naka Municipal Mumbai Public School, R C Marg, Chembur Naka, Chembur, Mumbai. 71",
        "ELEVATOR_CONTACT_LIST": null,
        "ELEVATOR_INTERCOM": null,
        "WORKING_HRS": null,
        "EMPLOYEE_QTY": null,
        "EMPLOYEE_MALE": null,
        "EMPLOYEE_FEMALE": null,
        "EMPLOYEE_DIF_ABLE": null,
        "WORKING_HRS_STR": null,
        "WORKING_HRS_STP": null
      }
    },
    {
      "type": "Feature",
      "id": 11628,
      "geometry": {
        "type": "Point",
        "coordinates": [72.90372617073642, 19.058916312322765]
      },
      "properties": {
        "OBJECTID": 11628,
        "NAME": "Subhash Nagar Municipal Kannad School",
        "TYPE": 1,
        "LOCATION": "Subhash Nagar Municipal Kannad school, Subhahs Nagar, Chembur. Mumbai. 71",
        "ELEVATOR_CONTACT_LIST": null,
        "ELEVATOR_INTERCOM": null,
        "WORKING_HRS": null,
        "EMPLOYEE_QTY": null,
        "EMPLOYEE_MALE": null,
        "EMPLOYEE_FEMALE": null,
        "EMPLOYEE_DIF_ABLE": null,
        "WORKING_HRS_STR": null,
        "WORKING_HRS_STP": null
      }
    },
    {
      "type": "Feature",
      "id": 11629,
      "geometry": {
        "type": "Point",
        "coordinates": [72.89428688334897, 19.0674651622348]
      },
      "properties": {
        "OBJECTID": 11629,
        "NAME": "Tilak Nagar Municipal  Kannad School",
        "TYPE": 1,
        "LOCATION": "Tilak Nagar Municipal Kaand school, Tilak Nagar, Chembur, Mumbai 89",
        "ELEVATOR_CONTACT_LIST": null,
        "ELEVATOR_INTERCOM": null,
        "WORKING_HRS": null,
        "EMPLOYEE_QTY": null,
        "EMPLOYEE_MALE": null,
        "EMPLOYEE_FEMALE": null,
        "EMPLOYEE_DIF_ABLE": null,
        "WORKING_HRS_STR": null,
        "WORKING_HRS_STP": null
      }
    },
    {
      "type": "Feature",
      "id": 11631,
      "geometry": {
        "type": "Point",
        "coordinates": [72.89423798790665, 19.067348088070336]
      },
      "properties": {
        "OBJECTID": 11631,
        "NAME": "Tilak Nagar Municipal  Tamil School",
        "TYPE": 1,
        "LOCATION": "Tilak Nagar Municipal Tamil School, Tilak Nagar, Chembur, Mumbai 89",
        "ELEVATOR_CONTACT_LIST": null,
        "ELEVATOR_INTERCOM": null,
        "WORKING_HRS": null,
        "EMPLOYEE_QTY": null,
        "EMPLOYEE_MALE": null,
        "EMPLOYEE_FEMALE": null,
        "EMPLOYEE_DIF_ABLE": null,
        "WORKING_HRS_STR": null,
        "WORKING_HRS_STP": null
      }
    },
    {
      "type": "Feature",
      "id": 11941,
      "geometry": {
        "type": "Point",
        "coordinates": [72.89622667866075, 19.048192375184364]
      },
      "properties": {
        "OBJECTID": 11941,
        "NAME": "Chembur Camp Municipal  English School",
        "TYPE": 1,
        "LOCATION": "Chembur Camp Minicipal English school, Collector colony, Municipal school Building, Chembur, Mumbai. 74",
        "ELEVATOR_CONTACT_LIST": null,
        "ELEVATOR_INTERCOM": null,
        "WORKING_HRS": null,
        "EMPLOYEE_QTY": null,
        "EMPLOYEE_MALE": null,
        "EMPLOYEE_FEMALE": null,
        "EMPLOYEE_DIF_ABLE": null,
        "WORKING_HRS_STR": null,
        "WORKING_HRS_STP": null
      }
    },
    {
      "type": "Feature",
      "id": 11942,
      "geometry": {
        "type": "Point",
        "coordinates": [72.89012271600733, 19.063587051670176]
      },
      "properties": {
        "OBJECTID": 11942,
        "NAME": "Sahakar Nagar Municipal  English School",
        "TYPE": 1,
        "LOCATION": "Sahakar Nagar Municipal English school, Shell colony, Chembur, Mumbai. 71",
        "ELEVATOR_CONTACT_LIST": null,
        "ELEVATOR_INTERCOM": null,
        "WORKING_HRS": null,
        "EMPLOYEE_QTY": null,
        "EMPLOYEE_MALE": null,
        "EMPLOYEE_FEMALE": null,
        "EMPLOYEE_DIF_ABLE": null,
        "WORKING_HRS_STR": null,
        "WORKING_HRS_STP": null
      }
    },
    {
      "type": "Feature",
      "id": 12261,
      "geometry": {
        "type": "Point",
        "coordinates": [72.85723697738798, 19.063857792564455]
      },
      "properties": {
        "OBJECTID": 12261,
        "NAME": "Bharat New Transist Camp Municipal School",
        "TYPE": 1,
        "LOCATION": "Bharat New Transist Camp, Banrda (East) Mumbai. 400051",
        "ELEVATOR_CONTACT_LIST": null,
        "ELEVATOR_INTERCOM": null,
        "WORKING_HRS": null,
        "EMPLOYEE_QTY": null,
        "EMPLOYEE_MALE": null,
        "EMPLOYEE_FEMALE": null,
        "EMPLOYEE_DIF_ABLE": null,
        "WORKING_HRS_STR": null,
        "WORKING_HRS_STP": null
      }
    },
    {
      "type": "Feature",
      "id": 12581,
      "geometry": {
        "type": "Point",
        "coordinates": [72.84456498356772, 19.065137955405284]
      },
      "properties": {
        "OBJECTID": 12581,
        "NAME": "Nirmal Nagar Municipal School Building",
        "TYPE": 1,
        "LOCATION": "Nirmal nagar Mun. School Building, opposite Nirmal Nagar police station, Kherwadi road, Mumbai. 51.",
        "ELEVATOR_CONTACT_LIST": null,
        "ELEVATOR_INTERCOM": null,
        "WORKING_HRS": null,
        "EMPLOYEE_QTY": null,
        "EMPLOYEE_MALE": null,
        "EMPLOYEE_FEMALE": null,
        "EMPLOYEE_DIF_ABLE": null,
        "WORKING_HRS_STR": null,
        "WORKING_HRS_STP": null
      }
    },
    {
      "type": "Feature",
      "id": 12582,
      "geometry": {
        "type": "Point",
        "coordinates": [72.82812642683298, 19.076039934058723]
      },
      "properties": {
        "OBJECTID": 12582,
        "NAME": "Manekji Gazdhar Marathi Municipal School",
        "TYPE": 1,
        "LOCATION": "Manekji Gazdhar Marathi , B.M.C. School Bldg, Narali Agripada, 18th Rd, Khar (W), Mum- 52",
        "ELEVATOR_CONTACT_LIST": null,
        "ELEVATOR_INTERCOM": null,
        "WORKING_HRS": null,
        "EMPLOYEE_QTY": null,
        "EMPLOYEE_MALE": null,
        "EMPLOYEE_FEMALE": null,
        "EMPLOYEE_DIF_ABLE": null,
        "WORKING_HRS_STR": null,
        "WORKING_HRS_STP": null
      }
    },
    {
      "type": "Feature",
      "id": 12597,
      "geometry": {
        "type": "Point",
        "coordinates": [72.82432620729173, 19.05818239999519]
      },
      "properties": {
        "OBJECTID": 12597,
        "NAME": "Pali Chimbai Municipal school",
        "TYPE": 1,
        "LOCATION": "Pali Chimbai U.P. English, B.M.C. school Building No.13-14, Chimbai Road, Bandra (W), Mum- 50",
        "ELEVATOR_CONTACT_LIST": null,
        "ELEVATOR_INTERCOM": null,
        "WORKING_HRS": null,
        "EMPLOYEE_QTY": null,
        "EMPLOYEE_MALE": null,
        "EMPLOYEE_FEMALE": null,
        "EMPLOYEE_DIF_ABLE": null,
        "WORKING_HRS_STR": null,
        "WORKING_HRS_STP": null
      }
    },
    {
      "type": "Feature",
      "id": 12901,
      "geometry": {
        "type": "Point",
        "coordinates": [72.83873142494784, 19.052039765626244]
      },
      "properties": {
        "OBJECTID": 12901,
        "NAME": "Bazar Road  Urdu  Municipal  school",
        "TYPE": 1,
        "LOCATION": "Bazar Road U.P. Urdu No.1 , B.M.C. school Bldg., Doctors Bunglow, Slauter house, Bandra (W), Mumbai - 50",
        "ELEVATOR_CONTACT_LIST": null,
        "ELEVATOR_INTERCOM": null,
        "WORKING_HRS": null,
        "EMPLOYEE_QTY": null,
        "EMPLOYEE_MALE": null,
        "EMPLOYEE_FEMALE": null,
        "EMPLOYEE_DIF_ABLE": null,
        "WORKING_HRS_STR": null,
        "WORKING_HRS_STP": null
      }
    },
    {
      "type": "Feature",
      "id": 13221,
      "geometry": {
        "type": "Point",
        "coordinates": [72.82358044166867, 19.074308292964417]
      },
      "properties": {
        "OBJECTID": 13221,
        "NAME": "Khar Danda Municipal Hindi School",
        "TYPE": 1,
        "LOCATION": "Khar Danda Hindi , B.M.C. School Bldg., KharDanda, Khar (W), Mumbai - 52",
        "ELEVATOR_CONTACT_LIST": null,
        "ELEVATOR_INTERCOM": null,
        "WORKING_HRS": null,
        "EMPLOYEE_QTY": null,
        "EMPLOYEE_MALE": null,
        "EMPLOYEE_FEMALE": null,
        "EMPLOYEE_DIF_ABLE": null,
        "WORKING_HRS_STR": null,
        "WORKING_HRS_STP": null
      }
    },
    {
      "type": "Feature",
      "id": 13541,
      "geometry": {
        "type": "Point",
        "coordinates": [72.9001261539338, 19.063421211312168]
      },
      "properties": {
        "OBJECTID": 13541,
        "NAME": "Chembur Station Municipal Marathi School",
        "TYPE": 1,
        "LOCATION": "Chembur Station Municipal Urdu school, P.L Lokhande Marg, near Chembur Station, Chembur, Mumbai. 71",
        "ELEVATOR_CONTACT_LIST": null,
        "ELEVATOR_INTERCOM": null,
        "WORKING_HRS": null,
        "EMPLOYEE_QTY": null,
        "EMPLOYEE_MALE": null,
        "EMPLOYEE_FEMALE": null,
        "EMPLOYEE_DIF_ABLE": null,
        "WORKING_HRS_STR": null,
        "WORKING_HRS_STP": null
      }
    },
    {
      "type": "Feature",
      "id": 13542,
      "geometry": {
        "type": "Point",
        "coordinates": [72.9072582584612, 19.052397668222266]
      },
      "properties": {
        "OBJECTID": 13542,
        "NAME": "Ghatala Municipal  Hindi School",
        "TYPE": 1,
        "LOCATION": "Ghatala Mun Hindi school, Ghatala Gaon, Chembur, Mumbai. 71",
        "ELEVATOR_CONTACT_LIST": null,
        "ELEVATOR_INTERCOM": null,
        "WORKING_HRS": null,
        "EMPLOYEE_QTY": null,
        "EMPLOYEE_MALE": null,
        "EMPLOYEE_FEMALE": null,
        "EMPLOYEE_DIF_ABLE": null,
        "WORKING_HRS_STR": null,
        "WORKING_HRS_STP": null
      }
    },
    {
      "type": "Feature",
      "id": 13543,
      "geometry": {
        "type": "Point",
        "coordinates": [72.89530923006822, 19.055620788950957]
      },
      "properties": {
        "OBJECTID": 13543,
        "NAME": "Chembur Camp Municipal  Hindi School No.2",
        "TYPE": 1,
        "LOCATION": "Chembur Camp Municipal Hindi school no.2, Chembur camp, Chembur, Mumbai. 74",
        "ELEVATOR_CONTACT_LIST": null,
        "ELEVATOR_INTERCOM": null,
        "WORKING_HRS": null,
        "EMPLOYEE_QTY": null,
        "EMPLOYEE_MALE": null,
        "EMPLOYEE_FEMALE": null,
        "EMPLOYEE_DIF_ABLE": null,
        "WORKING_HRS_STR": null,
        "WORKING_HRS_STP": null
      }
    },
    {
      "type": "Feature",
      "id": 13545,
      "geometry": {
        "type": "Point",
        "coordinates": [72.89506563317367, 19.055515421280333]
      },
      "properties": {
        "OBJECTID": 13545,
        "NAME": "Chembur Naka Municipal  Hindi School",
        "TYPE": 1,
        "LOCATION": "Chembur Naka Municipal Hindi school, Chembur, Mumbai.71",
        "ELEVATOR_CONTACT_LIST": null,
        "ELEVATOR_INTERCOM": null,
        "WORKING_HRS": null,
        "EMPLOYEE_QTY": null,
        "EMPLOYEE_MALE": null,
        "EMPLOYEE_FEMALE": null,
        "EMPLOYEE_DIF_ABLE": null,
        "WORKING_HRS_STR": null,
        "WORKING_HRS_STP": null
      }
    },
    {
      "type": "Feature",
      "id": 13546,
      "geometry": {
        "type": "Point",
        "coordinates": [72.88746480085794, 19.048743934184813]
      },
      "properties": {
        "OBJECTID": 13546,
        "NAME": "Anand Nagar Hindi School",
        "TYPE": 1,
        "LOCATION": "Ananad Nagar Municipal Hindi School, Laldongar, Anand Nagar, Chembur, Mumbai.m 74",
        "ELEVATOR_CONTACT_LIST": null,
        "ELEVATOR_INTERCOM": null,
        "WORKING_HRS": null,
        "EMPLOYEE_QTY": null,
        "EMPLOYEE_MALE": null,
        "EMPLOYEE_FEMALE": null,
        "EMPLOYEE_DIF_ABLE": null,
        "WORKING_HRS_STR": null,
        "WORKING_HRS_STP": null
      }
    },
    {
      "type": "Feature",
      "id": 13547,
      "geometry": {
        "type": "Point",
        "coordinates": [72.88651509991222, 19.058730209902254]
      },
      "properties": {
        "OBJECTID": 13547,
        "NAME": "Thakkarbappa Municipal  Hindi School",
        "TYPE": 1,
        "LOCATION": "Thakkarbappa Municipal Hindi school, Thakkarbappa, Chembur, Mumbai.71",
        "ELEVATOR_CONTACT_LIST": null,
        "ELEVATOR_INTERCOM": null,
        "WORKING_HRS": null,
        "EMPLOYEE_QTY": null,
        "EMPLOYEE_MALE": null,
        "EMPLOYEE_FEMALE": null,
        "EMPLOYEE_DIF_ABLE": null,
        "WORKING_HRS_STR": null,
        "WORKING_HRS_STP": null
      }
    },
    {
      "type": "Feature",
      "id": 13548,
      "geometry": {
        "type": "Point",
        "coordinates": [72.88728440435065, 19.014244157781942]
      },
      "properties": {
        "OBJECTID": 13548,
        "NAME": "Mahulgaon Municipal  Marathi School",
        "TYPE": 1,
        "LOCATION": "Mahulgaon Mun Marathi school, Mahulgaon, Chembur, mumbai. 71",
        "ELEVATOR_CONTACT_LIST": null,
        "ELEVATOR_INTERCOM": null,
        "WORKING_HRS": null,
        "EMPLOYEE_QTY": null,
        "EMPLOYEE_MALE": null,
        "EMPLOYEE_FEMALE": null,
        "EMPLOYEE_DIF_ABLE": null,
        "WORKING_HRS_STR": null,
        "WORKING_HRS_STP": null
      }
    },
    {
      "type": "Feature",
      "id": 13549,
      "geometry": {
        "type": "Point",
        "coordinates": [72.90718931999322, 19.055667743665886]
      },
      "properties": {
        "OBJECTID": 13549,
        "NAME": "Khardeo Nagar Municipal  Marathi School",
        "TYPE": 1,
        "LOCATION": "Khardeo Nagar Municipal Marathi School, Opp Karnataka High School, Khardev Nagar, Mumbai.",
        "ELEVATOR_CONTACT_LIST": null,
        "ELEVATOR_INTERCOM": null,
        "WORKING_HRS": null,
        "EMPLOYEE_QTY": null,
        "EMPLOYEE_MALE": null,
        "EMPLOYEE_FEMALE": null,
        "EMPLOYEE_DIF_ABLE": null,
        "WORKING_HRS_STR": null,
        "WORKING_HRS_STP": null
      }
    },
    {
      "type": "Feature",
      "id": 13550,
      "geometry": {
        "type": "Point",
        "coordinates": [72.89541836800518, 19.05561651777762]
      },
      "properties": {
        "OBJECTID": 13550,
        "NAME": "Chemburnaka Mun Marathi school no.2, Chembur naka, Chembur, Mumbai.71",
        "TYPE": 1,
        "LOCATION": "Chemburnaka Municipal Marathi school no.2, Chembur Naka, Chembur, Mumbai.71",
        "ELEVATOR_CONTACT_LIST": null,
        "ELEVATOR_INTERCOM": null,
        "WORKING_HRS": null,
        "EMPLOYEE_QTY": null,
        "EMPLOYEE_MALE": null,
        "EMPLOYEE_FEMALE": null,
        "EMPLOYEE_DIF_ABLE": null,
        "WORKING_HRS_STR": null,
        "WORKING_HRS_STP": null
      }
    },
    {
      "type": "Feature",
      "id": 13861,
      "geometry": {
        "type": "Point",
        "coordinates": [72.82935437584776, 19.051981235920564]
      },
      "properties": {
        "OBJECTID": 13861,
        "NAME": "Chapel Road Hindi Municipal School",
        "TYPE": 1,
        "LOCATION": "Chapel Road Hindi ,Recla. Chappel Road. Educational Trust Compound, Reclamation, Bandra (W), Mumbai - 50",
        "ELEVATOR_CONTACT_LIST": null,
        "ELEVATOR_INTERCOM": null,
        "WORKING_HRS": null,
        "EMPLOYEE_QTY": null,
        "EMPLOYEE_MALE": null,
        "EMPLOYEE_FEMALE": null,
        "EMPLOYEE_DIF_ABLE": null,
        "WORKING_HRS_STR": null,
        "WORKING_HRS_STP": null
      }
    },
    {
      "type": "Feature",
      "id": 14501,
      "geometry": {
        "type": "Point",
        "coordinates": [72.83980808965089, 19.052520755950017]
      },
      "properties": {
        "OBJECTID": 14501,
        "NAME": "Bunderwadi Municipal Urdr School",
        "TYPE": 1,
        "LOCATION": "Bunderwadi Urdu , No. 158, Near Slaughter House, S.V. Rd, Bandra (W), Mumbai - 50",
        "ELEVATOR_CONTACT_LIST": null,
        "ELEVATOR_INTERCOM": null,
        "WORKING_HRS": null,
        "EMPLOYEE_QTY": null,
        "EMPLOYEE_MALE": null,
        "EMPLOYEE_FEMALE": null,
        "EMPLOYEE_DIF_ABLE": null,
        "WORKING_HRS_STR": null,
        "WORKING_HRS_STP": null
      }
    },
    {
      "type": "Feature",
      "id": 14502,
      "geometry": {
        "type": "Point",
        "coordinates": [72.83021897586882, 19.07556683347872]
      },
      "properties": {
        "OBJECTID": 14502,
        "NAME": "Lions Juhu Centre, Municipal MR School",
        "TYPE": 1,
        "LOCATION": "Lions Juhu Centre, M.R. Schoo , Gujrat Research Society Bldg, 16th Rd, Khar (W), Mumbai - 52",
        "ELEVATOR_CONTACT_LIST": null,
        "ELEVATOR_INTERCOM": null,
        "WORKING_HRS": null,
        "EMPLOYEE_QTY": null,
        "EMPLOYEE_MALE": null,
        "EMPLOYEE_FEMALE": null,
        "EMPLOYEE_DIF_ABLE": null,
        "WORKING_HRS_STR": null,
        "WORKING_HRS_STP": null
      }
    },
    {
      "type": "Feature",
      "id": 14821,
      "geometry": {
        "type": "Point",
        "coordinates": [72.88700475387147, 19.048987544903476]
      },
      "properties": {
        "OBJECTID": 14821,
        "NAME": " Anand Nagar Municipal  Marathi School no.2",
        "TYPE": 1,
        "LOCATION": "Anand Nagar Municipal Marathi school no.2, Laldongar, Anandnagar, Chembur, Mumbai, 74",
        "ELEVATOR_CONTACT_LIST": null,
        "ELEVATOR_INTERCOM": null,
        "WORKING_HRS": null,
        "EMPLOYEE_QTY": null,
        "EMPLOYEE_MALE": null,
        "EMPLOYEE_FEMALE": null,
        "EMPLOYEE_DIF_ABLE": null,
        "WORKING_HRS_STR": null,
        "WORKING_HRS_STP": null
      }
    },
    {
      "type": "Feature",
      "id": 14822,
      "geometry": {
        "type": "Point",
        "coordinates": [72.8995985407247, 19.04442134780745]
      },
      "properties": {
        "OBJECTID": 14822,
        "NAME": "RCF Municipal School",
        "TYPE": 1,
        "LOCATION": "R.C.F Mun Hindi school, R.C.F. colony, Javahar nagar, Chembur, Mumbai. 400 74.",
        "ELEVATOR_CONTACT_LIST": null,
        "ELEVATOR_INTERCOM": null,
        "WORKING_HRS": null,
        "EMPLOYEE_QTY": null,
        "EMPLOYEE_MALE": null,
        "EMPLOYEE_FEMALE": null,
        "EMPLOYEE_DIF_ABLE": null,
        "WORKING_HRS_STR": null,
        "WORKING_HRS_STP": null
      }
    },
    {
      "type": "Feature",
      "id": 14823,
      "geometry": {
        "type": "Point",
        "coordinates": [72.94937082959282, 19.033850882670457]
      },
      "properties": {
        "OBJECTID": 14823,
        "NAME": "Turbhe Municipal School",
        "TYPE": 1,
        "LOCATION": "Turbhe Municipal Marathi school, Koliwada, M.G. Ramchandran Marg, Turbhe, Mumbai. 400 088",
        "ELEVATOR_CONTACT_LIST": null,
        "ELEVATOR_INTERCOM": null,
        "WORKING_HRS": null,
        "EMPLOYEE_QTY": null,
        "EMPLOYEE_MALE": null,
        "EMPLOYEE_FEMALE": null,
        "EMPLOYEE_DIF_ABLE": null,
        "WORKING_HRS_STR": null,
        "WORKING_HRS_STP": null
      }
    },
    {
      "type": "Feature",
      "id": 14824,
      "geometry": {
        "type": "Point",
        "coordinates": [72.94489321482443, 19.038652049057607]
      },
      "properties": {
        "OBJECTID": 14824,
        "NAME": "Shahaji Nagar Municipal Tamil School",
        "TYPE": 1,
        "LOCATION": "Shahaji Nagar Municipal Tamil school no.1, M.G. Ramchandra Marg, opposite Turbhe Police Station, Chitta Camp, Mumbai.400 088",
        "ELEVATOR_CONTACT_LIST": null,
        "ELEVATOR_INTERCOM": null,
        "WORKING_HRS": null,
        "EMPLOYEE_QTY": null,
        "EMPLOYEE_MALE": null,
        "EMPLOYEE_FEMALE": null,
        "EMPLOYEE_DIF_ABLE": null,
        "WORKING_HRS_STR": null,
        "WORKING_HRS_STP": null
      }
    },
    {
      "type": "Feature",
      "id": 14825,
      "geometry": {
        "type": "Point",
        "coordinates": [72.92685092045726, 19.048191296995046]
      },
      "properties": {
        "OBJECTID": 14825,
        "NAME": "Agarwadi Municipal School",
        "TYPE": 1,
        "LOCATION": "Agarwadi Municipal Hindi school no.1, Agarwadi gaon, Mankhurd (E), Mumbai.88",
        "ELEVATOR_CONTACT_LIST": null,
        "ELEVATOR_INTERCOM": null,
        "WORKING_HRS": null,
        "EMPLOYEE_QTY": null,
        "EMPLOYEE_MALE": null,
        "EMPLOYEE_FEMALE": null,
        "EMPLOYEE_DIF_ABLE": null,
        "WORKING_HRS_STR": null,
        "WORKING_HRS_STP": null
      }
    },
    {
      "type": "Feature",
      "id": 14826,
      "geometry": {
        "type": "Point",
        "coordinates": [72.91382639693049, 19.054516892924696]
      },
      "properties": {
        "OBJECTID": 14826,
        "NAME": "Govandi Station Municipal School",
        "TYPE": 1,
        "LOCATION": "Govandi station Mun Marathi school no.2, Borbadevi Mandir, Lijjat Papad Galli, Govandi station (E), Mumbai. 88",
        "ELEVATOR_CONTACT_LIST": null,
        "ELEVATOR_INTERCOM": null,
        "WORKING_HRS": null,
        "EMPLOYEE_QTY": null,
        "EMPLOYEE_MALE": null,
        "EMPLOYEE_FEMALE": null,
        "EMPLOYEE_DIF_ABLE": null,
        "WORKING_HRS_STR": null,
        "WORKING_HRS_STP": null
      }
    },
    {
      "type": "Feature",
      "id": 14837,
      "geometry": {
        "type": "Point",
        "coordinates": [72.8374581558435, 19.064823925223543]
      },
      "properties": {
        "OBJECTID": 14837,
        "NAME": "Khari Masjid Municipal school",
        "TYPE": 1,
        "LOCATION": "Khari Masjid, Mosque Compound, S.V. Rd. Khar Mum. 52",
        "ELEVATOR_CONTACT_LIST": null,
        "ELEVATOR_INTERCOM": null,
        "WORKING_HRS": null,
        "EMPLOYEE_QTY": null,
        "EMPLOYEE_MALE": null,
        "EMPLOYEE_FEMALE": null,
        "EMPLOYEE_DIF_ABLE": null,
        "WORKING_HRS_STR": null,
        "WORKING_HRS_STP": null
      }
    },
    {
      "type": "Feature",
      "id": 14838,
      "geometry": {
        "type": "Point",
        "coordinates": [72.87253853627601, 19.13174512371687]
      },
      "properties": {
        "OBJECTID": 14838,
        "NAME": "Hinduhridaysamrat Balasaheb Thackeray Municipal School",
        "TYPE": 1,
        "LOCATION": "Mahakali Gunfa Road, Andheri E, Mumbai.93",
        "ELEVATOR_CONTACT_LIST": null,
        "ELEVATOR_INTERCOM": null,
        "WORKING_HRS": null,
        "EMPLOYEE_QTY": null,
        "EMPLOYEE_MALE": null,
        "EMPLOYEE_FEMALE": null,
        "EMPLOYEE_DIF_ABLE": null,
        "WORKING_HRS_STR": null,
        "WORKING_HRS_STP": null
      }
    },
    {
      "type": "Feature",
      "id": 14839,
      "geometry": {
        "type": "Point",
        "coordinates": [72.84963639853105, 19.098110287778344]
      },
      "properties": {
        "OBJECTID": 14839,
        "NAME": "Dixit Road Municipal School",
        "TYPE": 1,
        "LOCATION": "Near Sathe collage, Vileparle E, Mumbai. 57",
        "ELEVATOR_CONTACT_LIST": null,
        "ELEVATOR_INTERCOM": null,
        "WORKING_HRS": null,
        "EMPLOYEE_QTY": null,
        "EMPLOYEE_MALE": null,
        "EMPLOYEE_FEMALE": null,
        "EMPLOYEE_DIF_ABLE": null,
        "WORKING_HRS_STR": null,
        "WORKING_HRS_STP": null
      }
    },
    {
      "type": "Feature",
      "id": 15141,
      "geometry": {
        "type": "Point",
        "coordinates": [72.83070090855739, 18.999136753576742]
      },
      "properties": {
        "OBJECTID": 15141,
        "NAME": "Talchekar Wadi Municipal school",
        "TYPE": 1,
        "LOCATION": "Talchekar Wadi BMC School, Lower Parel, Mum-13",
        "ELEVATOR_CONTACT_LIST": null,
        "ELEVATOR_INTERCOM": null,
        "WORKING_HRS": null,
        "EMPLOYEE_QTY": null,
        "EMPLOYEE_MALE": null,
        "EMPLOYEE_FEMALE": null,
        "EMPLOYEE_DIF_ABLE": null,
        "WORKING_HRS_STR": null,
        "WORKING_HRS_STP": null
      }
    },
    {
      "type": "Feature",
      "id": 15142,
      "geometry": {
        "type": "Point",
        "coordinates": [72.85430992174659, 19.066720495406173]
      },
      "properties": {
        "OBJECTID": 15142,
        "NAME": "BKC Municipal Urdu School No.1",
        "TYPE": 1,
        "LOCATION": "B.K.C. Marg Mun school building, Valmiki nagar, Bandra East, Mumbai. 51\"",
        "ELEVATOR_CONTACT_LIST": null,
        "ELEVATOR_INTERCOM": null,
        "WORKING_HRS": null,
        "EMPLOYEE_QTY": null,
        "EMPLOYEE_MALE": null,
        "EMPLOYEE_FEMALE": null,
        "EMPLOYEE_DIF_ABLE": null,
        "WORKING_HRS_STR": null,
        "WORKING_HRS_STP": null
      }
    },
    {
      "type": "Feature",
      "id": 15461,
      "geometry": {
        "type": "Point",
        "coordinates": [72.85188081598403, 19.129192226022283]
      },
      "properties": {
        "OBJECTID": 15461,
        "NAME": "Natvar Nagar Municipal School (MPS)",
        "TYPE": 1,
        "LOCATION": "R. K. sing marg, Andheri East, Mumbai. 69",
        "ELEVATOR_CONTACT_LIST": null,
        "ELEVATOR_INTERCOM": null,
        "WORKING_HRS": null,
        "EMPLOYEE_QTY": null,
        "EMPLOYEE_MALE": null,
        "EMPLOYEE_FEMALE": null,
        "EMPLOYEE_DIF_ABLE": null,
        "WORKING_HRS_STR": null,
        "WORKING_HRS_STP": null
      }
    },
    {
      "type": "Feature",
      "id": 15469,
      "geometry": {
        "type": "Point",
        "coordinates": [72.84832939417171, 19.106523306835008]
      },
      "properties": {
        "OBJECTID": 15469,
        "NAME": "Shahaji Raje Municipal Hindi School",
        "TYPE": 1,
        "LOCATION": "Shahaji Raje Marg, Vile Parle East Mumbai  400057",
        "ELEVATOR_CONTACT_LIST": null,
        "ELEVATOR_INTERCOM": null,
        "WORKING_HRS": null,
        "EMPLOYEE_QTY": null,
        "EMPLOYEE_MALE": null,
        "EMPLOYEE_FEMALE": null,
        "EMPLOYEE_DIF_ABLE": null,
        "WORKING_HRS_STR": null,
        "WORKING_HRS_STP": null
      }
    },
    {
      "type": "Feature",
      "id": 15781,
      "geometry": {
        "type": "Point",
        "coordinates": [72.84664254915943, 19.164861956596663]
      },
      "properties": {
        "OBJECTID": 15781,
        "NAME": "I B Patel Municipal School",
        "TYPE": 1,
        "LOCATION": "Station Road, Goregaon (W), Mumbai.62",
        "ELEVATOR_CONTACT_LIST": null,
        "ELEVATOR_INTERCOM": null,
        "WORKING_HRS": null,
        "EMPLOYEE_QTY": null,
        "EMPLOYEE_MALE": null,
        "EMPLOYEE_FEMALE": null,
        "EMPLOYEE_DIF_ABLE": null,
        "WORKING_HRS_STR": null,
        "WORKING_HRS_STP": null
      }
    },
    {
      "type": "Feature",
      "id": 16101,
      "geometry": {
        "type": "Point",
        "coordinates": [72.91770200136342, 19.06268550739496]
      },
      "properties": {
        "OBJECTID": 16101,
        "NAME": "Shivaji Nagar Municipal Urdu School No. 5 ",
        "TYPE": 1,
        "LOCATION": "Shivaji Nagar Urdu school buidlign no.5, Abdul Hamid Marg, Lotus Colony, Govandi",
        "ELEVATOR_CONTACT_LIST": null,
        "ELEVATOR_INTERCOM": null,
        "WORKING_HRS": null,
        "EMPLOYEE_QTY": null,
        "EMPLOYEE_MALE": null,
        "EMPLOYEE_FEMALE": null,
        "EMPLOYEE_DIF_ABLE": null,
        "WORKING_HRS_STR": null,
        "WORKING_HRS_STP": null
      }
    },
    {
      "type": "Feature",
      "id": 16102,
      "geometry": {
        "type": "Point",
        "coordinates": [72.92603965882654, 19.06419169611396]
      },
      "properties": {
        "OBJECTID": 16102,
        "NAME": "Sanjay Nagar Municipal School",
        "TYPE": 1,
        "LOCATION": "Shivaji Nagar Municipal Sanjay nagar Mun. School Building Road no.8, Snajaynagar, Govandi\r\n\r\n\r\ncipal School no.2, New Building, Rood No 8, Baiganwadi,  Schivaji Nagar, Govandi",
        "ELEVATOR_CONTACT_LIST": null,
        "ELEVATOR_INTERCOM": null,
        "WORKING_HRS": null,
        "EMPLOYEE_QTY": null,
        "EMPLOYEE_MALE": null,
        "EMPLOYEE_FEMALE": null,
        "EMPLOYEE_DIF_ABLE": null,
        "WORKING_HRS_STR": null,
        "WORKING_HRS_STP": null
      }
    },
    {
      "type": "Feature",
      "id": 16421,
      "geometry": {
        "type": "Point",
        "coordinates": [72.91989512577852, 19.06288703719116]
      },
      "properties": {
        "OBJECTID": 16421,
        "NAME": "Shiavaji Nagar Municipal Old School",
        "TYPE": 1,
        "LOCATION": "Shivaji Nagar Municipal School Building no.1, Near Shivaji Nagar Signal, Shivaji Nagar, Govandi.",
        "ELEVATOR_CONTACT_LIST": null,
        "ELEVATOR_INTERCOM": null,
        "WORKING_HRS": null,
        "EMPLOYEE_QTY": null,
        "EMPLOYEE_MALE": null,
        "EMPLOYEE_FEMALE": null,
        "EMPLOYEE_DIF_ABLE": null,
        "WORKING_HRS_STR": null,
        "WORKING_HRS_STP": null
      }
    },
    {
      "type": "Feature",
      "id": 16426,
      "geometry": {
        "type": "Point",
        "coordinates": [72.91882470525493, 19.062216286289516]
      },
      "properties": {
        "OBJECTID": 16426,
        "NAME": "Shivaji Nagar Municipal School",
        "TYPE": 1,
        "LOCATION": "Shivaji Nagar Municipal school Building no.1, Near Shivaji Nagar Signal, Shivaji Nagar, Govandi.",
        "ELEVATOR_CONTACT_LIST": null,
        "ELEVATOR_INTERCOM": null,
        "WORKING_HRS": null,
        "EMPLOYEE_QTY": null,
        "EMPLOYEE_MALE": null,
        "EMPLOYEE_FEMALE": null,
        "EMPLOYEE_DIF_ABLE": null,
        "WORKING_HRS_STR": null,
        "WORKING_HRS_STP": null
      }
    },
    {
      "type": "Feature",
      "id": 16431,
      "geometry": {
        "type": "Point",
        "coordinates": [72.92333111168963, 19.06122307710672]
      },
      "properties": {
        "OBJECTID": 16431,
        "NAME": "Shivaji nagar school no.2 Municipal  new Bainganwadi Bulding",
        "TYPE": 1,
        "LOCATION": "Shivaji Nagar Municipal School no.2, New Building, Schivaji Nagar, Govandi",
        "ELEVATOR_CONTACT_LIST": null,
        "ELEVATOR_INTERCOM": null,
        "WORKING_HRS": null,
        "EMPLOYEE_QTY": null,
        "EMPLOYEE_MALE": null,
        "EMPLOYEE_FEMALE": null,
        "EMPLOYEE_DIF_ABLE": null,
        "WORKING_HRS_STR": null,
        "WORKING_HRS_STP": null
      }
    },
    {
      "type": "Feature",
      "id": 16435,
      "geometry": {
        "type": "Point",
        "coordinates": [72.92215555351429, 19.068317763641538]
      },
      "properties": {
        "OBJECTID": 16435,
        "NAME": "Rafi Nagar Municipal School",
        "TYPE": 1,
        "LOCATION": "Rafi Nagar Municipal School Building, near Dumping Ground, Rafi Nagar,Govandi, Mumbai.43",
        "ELEVATOR_CONTACT_LIST": null,
        "ELEVATOR_INTERCOM": null,
        "WORKING_HRS": null,
        "EMPLOYEE_QTY": null,
        "EMPLOYEE_MALE": null,
        "EMPLOYEE_FEMALE": null,
        "EMPLOYEE_DIF_ABLE": null,
        "WORKING_HRS_STR": null,
        "WORKING_HRS_STP": null
      }
    },
    {
      "type": "Feature",
      "id": 16436,
      "geometry": {
        "type": "Point",
        "coordinates": [72.91170012517496, 19.058246612296234]
      },
      "properties": {
        "OBJECTID": 16436,
        "NAME": "Limbunibaug Municipal School Building",
        "TYPE": 1,
        "LOCATION": "Limbunibaug Municipal School Building, Nr Flyover, Govandi, Mumbai. 43",
        "ELEVATOR_CONTACT_LIST": null,
        "ELEVATOR_INTERCOM": null,
        "WORKING_HRS": null,
        "EMPLOYEE_QTY": null,
        "EMPLOYEE_MALE": null,
        "EMPLOYEE_FEMALE": null,
        "EMPLOYEE_DIF_ABLE": null,
        "WORKING_HRS_STR": null,
        "WORKING_HRS_STP": null
      }
    },
    {
      "type": "Feature",
      "id": 16742,
      "geometry": {
        "type": "Point",
        "coordinates": [72.9228783679303, 19.051926130957476]
      },
      "properties": {
        "OBJECTID": 16742,
        "NAME": "Deonar Colony Municipal Urdu School No 2",
        "TYPE": 1,
        "LOCATION": "Deonar Municipal School Building, Urdu School no.2, Deonar Colony, Govandi, Mumbai.43",
        "ELEVATOR_CONTACT_LIST": null,
        "ELEVATOR_INTERCOM": null,
        "WORKING_HRS": null,
        "EMPLOYEE_QTY": null,
        "EMPLOYEE_MALE": null,
        "EMPLOYEE_FEMALE": null,
        "EMPLOYEE_DIF_ABLE": null,
        "WORKING_HRS_STR": null,
        "WORKING_HRS_STP": null
      }
    },
    {
      "type": "Feature",
      "id": 16743,
      "geometry": {
        "type": "Point",
        "coordinates": [72.9286224442656, 19.05444726078646]
      },
      "properties": {
        "OBJECTID": 16743,
        "NAME": "Deonar Colony Municipal English School ",
        "TYPE": 1,
        "LOCATION": "Deonar Colony Municipal School Building, English School no.2,Lallubhai Compound, Mankhurd, Mumbai. 43",
        "ELEVATOR_CONTACT_LIST": null,
        "ELEVATOR_INTERCOM": null,
        "WORKING_HRS": null,
        "EMPLOYEE_QTY": null,
        "EMPLOYEE_MALE": null,
        "EMPLOYEE_FEMALE": null,
        "EMPLOYEE_DIF_ABLE": null,
        "WORKING_HRS_STR": null,
        "WORKING_HRS_STP": null
      }
    },
    {
      "type": "Feature",
      "id": 16744,
      "geometry": {
        "type": "Point",
        "coordinates": [72.88106048673036, 19.09393696847924]
      },
      "properties": {
        "OBJECTID": 16744,
        "NAME": "Jarimari Tamil Municipal  School",
        "TYPE": 1,
        "LOCATION": "Jarimari Municipal Tamil School, Kurla (W), Mumbai. 70",
        "ELEVATOR_CONTACT_LIST": null,
        "ELEVATOR_INTERCOM": null,
        "WORKING_HRS": null,
        "EMPLOYEE_QTY": null,
        "EMPLOYEE_MALE": null,
        "EMPLOYEE_FEMALE": null,
        "EMPLOYEE_DIF_ABLE": null,
        "WORKING_HRS_STR": null,
        "WORKING_HRS_STP": null
      }
    },
    {
      "type": "Feature",
      "id": 16745,
      "geometry": {
        "type": "Point",
        "coordinates": [72.88120928788429, 19.09378868977975]
      },
      "properties": {
        "OBJECTID": 16745,
        "NAME": "Jarimari Municipal  Marathi School",
        "TYPE": 1,
        "LOCATION": "Jarimari Municipal Marathi School, Shivaji Nagar, Andhrei Kurla Road, Kurla (W),Mumbai. 71",
        "ELEVATOR_CONTACT_LIST": null,
        "ELEVATOR_INTERCOM": null,
        "WORKING_HRS": null,
        "EMPLOYEE_QTY": null,
        "EMPLOYEE_MALE": null,
        "EMPLOYEE_FEMALE": null,
        "EMPLOYEE_DIF_ABLE": null,
        "WORKING_HRS_STR": null,
        "WORKING_HRS_STP": null
      }
    },
    {
      "type": "Feature",
      "id": 16746,
      "geometry": {
        "type": "Point",
        "coordinates": [72.88573155604783, 19.09168974090133]
      },
      "properties": {
        "OBJECTID": 16746,
        "NAME": "Kajupada Gujarati Municipal  School",
        "TYPE": 1,
        "LOCATION": "Kajupada Gujarathi School, Kajupada, Kurla (W)",
        "ELEVATOR_CONTACT_LIST": null,
        "ELEVATOR_INTERCOM": null,
        "WORKING_HRS": null,
        "EMPLOYEE_QTY": null,
        "EMPLOYEE_MALE": null,
        "EMPLOYEE_FEMALE": null,
        "EMPLOYEE_DIF_ABLE": null,
        "WORKING_HRS_STR": null,
        "WORKING_HRS_STP": null
      }
    },
    {
      "type": "Feature",
      "id": 16747,
      "geometry": {
        "type": "Point",
        "coordinates": [72.89824991296408, 19.11464964424969]
      },
      "properties": {
        "OBJECTID": 16747,
        "NAME": "Durgadevi Sharma Municipal School",
        "TYPE": 1,
        "LOCATION": "Durgadevi Sharma Municipal School, Chandivali Farm Road, Chandivali",
        "ELEVATOR_CONTACT_LIST": null,
        "ELEVATOR_INTERCOM": null,
        "WORKING_HRS": null,
        "EMPLOYEE_QTY": null,
        "EMPLOYEE_MALE": null,
        "EMPLOYEE_FEMALE": null,
        "EMPLOYEE_DIF_ABLE": null,
        "WORKING_HRS_STR": null,
        "WORKING_HRS_STP": null
      }
    },
    {
      "type": "Feature",
      "id": 16748,
      "geometry": {
        "type": "Point",
        "coordinates": [72.87591638992491, 19.064156583579397]
      },
      "properties": {
        "OBJECTID": 16748,
        "NAME": "Takiya Urdu Municipal School",
        "TYPE": 1,
        "LOCATION": "195,Jama Masjid Kurla Road, Kurla West",
        "ELEVATOR_CONTACT_LIST": null,
        "ELEVATOR_INTERCOM": null,
        "WORKING_HRS": null,
        "EMPLOYEE_QTY": null,
        "EMPLOYEE_MALE": null,
        "EMPLOYEE_FEMALE": null,
        "EMPLOYEE_DIF_ABLE": null,
        "WORKING_HRS_STR": null,
        "WORKING_HRS_STP": null
      }
    },
    {
      "type": "Feature",
      "id": 16749,
      "geometry": {
        "type": "Point",
        "coordinates": [72.88000746696493, 19.08593676057322]
      },
      "properties": {
        "OBJECTID": 16749,
        "NAME": "Wadia Municipal Marathi School",
        "TYPE": 1,
        "LOCATION": "Wadia Estate Building no.1, Ground Floor, Bailbazar,vKurla West, Mumbai 400070",
        "ELEVATOR_CONTACT_LIST": null,
        "ELEVATOR_INTERCOM": null,
        "WORKING_HRS": null,
        "EMPLOYEE_QTY": null,
        "EMPLOYEE_MALE": null,
        "EMPLOYEE_FEMALE": null,
        "EMPLOYEE_DIF_ABLE": null,
        "WORKING_HRS_STR": null,
        "WORKING_HRS_STP": null
      }
    },
    {
      "type": "Feature",
      "id": 16750,
      "geometry": {
        "type": "Point",
        "coordinates": [72.88532563575318, 19.091876214906844]
      },
      "properties": {
        "OBJECTID": 16750,
        "NAME": "Kajupada Bhagshala Municipal Hindi  School",
        "TYPE": 1,
        "LOCATION": "Kajupada Bhagshala Hindi Municipal school Kajupad, Kurla (W)",
        "ELEVATOR_CONTACT_LIST": null,
        "ELEVATOR_INTERCOM": null,
        "WORKING_HRS": null,
        "EMPLOYEE_QTY": null,
        "EMPLOYEE_MALE": null,
        "EMPLOYEE_FEMALE": null,
        "EMPLOYEE_DIF_ABLE": null,
        "WORKING_HRS_STR": null,
        "WORKING_HRS_STP": null
      }
    },
    {
      "type": "Feature",
      "id": 16751,
      "geometry": {
        "type": "Point",
        "coordinates": [72.87523262797659, 19.05363342595925]
      },
      "properties": {
        "OBJECTID": 16751,
        "NAME": "Khajuri Bhatti Municipal Marathi School",
        "TYPE": 1,
        "LOCATION": "Khajuri Bhatti Municipal Marathi School, Chunabhatti ",
        "ELEVATOR_CONTACT_LIST": null,
        "ELEVATOR_INTERCOM": null,
        "WORKING_HRS": null,
        "EMPLOYEE_QTY": null,
        "EMPLOYEE_MALE": null,
        "EMPLOYEE_FEMALE": null,
        "EMPLOYEE_DIF_ABLE": null,
        "WORKING_HRS_STR": null,
        "WORKING_HRS_STP": null
      }
    },
    {
      "type": "Feature",
      "id": 17061,
      "geometry": {
        "type": "Point",
        "coordinates": [72.87456066761466, 19.060926929448673]
      },
      "properties": {
        "OBJECTID": 17061,
        "NAME": "Swadeshi Mill Municipal Marathi School",
        "TYPE": 1,
        "LOCATION": "Swadeshi Mill Road, Kurla \u20ac",
        "ELEVATOR_CONTACT_LIST": null,
        "ELEVATOR_INTERCOM": null,
        "WORKING_HRS": null,
        "EMPLOYEE_QTY": null,
        "EMPLOYEE_MALE": null,
        "EMPLOYEE_FEMALE": null,
        "EMPLOYEE_DIF_ABLE": null,
        "WORKING_HRS_STR": null,
        "WORKING_HRS_STP": null
      }
    },
    {
      "type": "Feature",
      "id": 17062,
      "geometry": {
        "type": "Point",
        "coordinates": [72.8720381835056, 19.061929623977136]
      },
      "properties": {
        "OBJECTID": 17062,
        "NAME": "Nariman Lane Municipal Urdu School",
        "TYPE": 1,
        "LOCATION": "Nariman Lane Municipal School. L.B.S. Road, Kurla (W), Mumbai. 70",
        "ELEVATOR_CONTACT_LIST": null,
        "ELEVATOR_INTERCOM": null,
        "WORKING_HRS": null,
        "EMPLOYEE_QTY": null,
        "EMPLOYEE_MALE": null,
        "EMPLOYEE_FEMALE": null,
        "EMPLOYEE_DIF_ABLE": null,
        "WORKING_HRS_STR": null,
        "WORKING_HRS_STP": null
      }
    },
    {
      "type": "Feature",
      "id": 17063,
      "geometry": {
        "type": "Point",
        "coordinates": [72.87852122158989, 19.06750828455835]
      },
      "properties": {
        "OBJECTID": 17063,
        "NAME": "S G  Barve Municipal Marathi School",
        "TYPE": 1,
        "LOCATION": "S G Barve Municipal school, S G Barve marg, Kurla (W)\r\n\r\n\r\nS.G Barve Mun. school, S.G.Barve marg, Kurla (W)",
        "ELEVATOR_CONTACT_LIST": null,
        "ELEVATOR_INTERCOM": null,
        "WORKING_HRS": null,
        "EMPLOYEE_QTY": null,
        "EMPLOYEE_MALE": null,
        "EMPLOYEE_FEMALE": null,
        "EMPLOYEE_DIF_ABLE": null,
        "WORKING_HRS_STR": null,
        "WORKING_HRS_STP": null
      }
    },
    {
      "type": "Feature",
      "id": 17064,
      "geometry": {
        "type": "Point",
        "coordinates": [72.88348070016173, 19.07178608733283]
      },
      "properties": {
        "OBJECTID": 17064,
        "NAME": "Vinobha Bhave Nagar Municipal School",
        "TYPE": 1,
        "LOCATION": "vinoba Bhave Nagar,L.I.G.Colony Kurla West Mumbai 400070",
        "ELEVATOR_CONTACT_LIST": null,
        "ELEVATOR_INTERCOM": null,
        "WORKING_HRS": null,
        "EMPLOYEE_QTY": null,
        "EMPLOYEE_MALE": null,
        "EMPLOYEE_FEMALE": null,
        "EMPLOYEE_DIF_ABLE": null,
        "WORKING_HRS_STR": null,
        "WORKING_HRS_STP": null
      }
    },
    {
      "type": "Feature",
      "id": 17067,
      "geometry": {
        "type": "Point",
        "coordinates": [72.879395474873, 19.074498149201773]
      },
      "properties": {
        "OBJECTID": 17067,
        "NAME": "Sambhaji Chowk Municipal Hindi School",
        "TYPE": 1,
        "LOCATION": "Sambhaji Chouk Mun School, Sambhaji Chouk, Kurla (w)",
        "ELEVATOR_CONTACT_LIST": null,
        "ELEVATOR_INTERCOM": null,
        "WORKING_HRS": null,
        "EMPLOYEE_QTY": null,
        "EMPLOYEE_MALE": null,
        "EMPLOYEE_FEMALE": null,
        "EMPLOYEE_DIF_ABLE": null,
        "WORKING_HRS_STR": null,
        "WORKING_HRS_STP": null
      }
    },
    {
      "type": "Feature",
      "id": 17068,
      "geometry": {
        "type": "Point",
        "coordinates": [72.88170409673485, 19.058143242530953]
      },
      "properties": {
        "OBJECTID": 17068,
        "NAME": "Neharu Nagar Municipal English school",
        "TYPE": 1,
        "LOCATION": "Nehru nagar Shivsrushti Complex,Kurla (E)",
        "ELEVATOR_CONTACT_LIST": null,
        "ELEVATOR_INTERCOM": null,
        "WORKING_HRS": null,
        "EMPLOYEE_QTY": null,
        "EMPLOYEE_MALE": null,
        "EMPLOYEE_FEMALE": null,
        "EMPLOYEE_DIF_ABLE": null,
        "WORKING_HRS_STR": null,
        "WORKING_HRS_STP": null
      }
    },
    {
      "type": "Feature",
      "id": 17381,
      "geometry": {
        "type": "Point",
        "coordinates": [72.85855385229365, 19.130340119341263]
      },
      "properties": {
        "OBJECTID": 17381,
        "NAME": "Hari Nagar Municipal Urdu 1 School",
        "TYPE": 1,
        "LOCATION": "Near Apna Ghar, H.S. Meghwadi, Jogeshwari \u00ac, Mumbai.60",
        "ELEVATOR_CONTACT_LIST": null,
        "ELEVATOR_INTERCOM": null,
        "WORKING_HRS": null,
        "EMPLOYEE_QTY": null,
        "EMPLOYEE_MALE": null,
        "EMPLOYEE_FEMALE": null,
        "EMPLOYEE_DIF_ABLE": null,
        "WORKING_HRS_STR": null,
        "WORKING_HRS_STP": null
      }
    },
    {
      "type": "Feature",
      "id": 17382,
      "geometry": {
        "type": "Point",
        "coordinates": [72.8387364074848, 19.149459568663964]
      },
      "properties": {
        "OBJECTID": 17382,
        "NAME": "Pratiksha Nagar Municipal  Urdu School",
        "TYPE": 1,
        "LOCATION": "PRATIKSHA NAGER, Relief Road, near H.K. COLLAGE, Prakash Nagar, Patliputra, Jogeshwari West, Mumbai, Maharashtra 400102",
        "ELEVATOR_CONTACT_LIST": null,
        "ELEVATOR_INTERCOM": null,
        "WORKING_HRS": null,
        "EMPLOYEE_QTY": null,
        "EMPLOYEE_MALE": null,
        "EMPLOYEE_FEMALE": null,
        "EMPLOYEE_DIF_ABLE": null,
        "WORKING_HRS_STR": null,
        "WORKING_HRS_STP": null
      }
    },
    {
      "type": "Feature",
      "id": 17397,
      "geometry": {
        "type": "Point",
        "coordinates": [72.84732928999514, 19.142259929252297]
      },
      "properties": {
        "OBJECTID": 17397,
        "NAME": "Jogeshwari West Municipal Gujarati School",
        "TYPE": 1,
        "LOCATION": "Patel Estate, Nathani Wadi Jogeshwari (W), Mumbai 102",
        "ELEVATOR_CONTACT_LIST": null,
        "ELEVATOR_INTERCOM": null,
        "WORKING_HRS": null,
        "EMPLOYEE_QTY": null,
        "EMPLOYEE_MALE": null,
        "EMPLOYEE_FEMALE": null,
        "EMPLOYEE_DIF_ABLE": null,
        "WORKING_HRS_STR": null,
        "WORKING_HRS_STP": null
      }
    },
    {
      "type": "Feature",
      "id": 17413,
      "geometry": {
        "type": "Point",
        "coordinates": [72.84042832918277, 19.131795453698274]
      },
      "properties": {
        "OBJECTID": 17413,
        "NAME": "Mhatarpada Lower Primary Municipal Marathi School",
        "TYPE": 1,
        "LOCATION": "Lilavati Khimji Bharapuria, Amboli, Andheri (W) Mumbai - 58",
        "ELEVATOR_CONTACT_LIST": null,
        "ELEVATOR_INTERCOM": null,
        "WORKING_HRS": null,
        "EMPLOYEE_QTY": null,
        "EMPLOYEE_MALE": null,
        "EMPLOYEE_FEMALE": null,
        "EMPLOYEE_DIF_ABLE": null,
        "WORKING_HRS_STR": null,
        "WORKING_HRS_STP": null
      }
    },
    {
      "type": "Feature",
      "id": 17429,
      "geometry": {
        "type": "Point",
        "coordinates": [72.8445209204087, 19.125815809496345]
      },
      "properties": {
        "OBJECTID": 17429,
        "NAME": "Mudran Kamgar Nagar Municipal Lower Primary School Sankul",
        "TYPE": 1,
        "LOCATION": "Amboli,MHB Land,Azad Nagar,D.B Road,Andheri (w), Mumbai-58",
        "ELEVATOR_CONTACT_LIST": null,
        "ELEVATOR_INTERCOM": null,
        "WORKING_HRS": null,
        "EMPLOYEE_QTY": null,
        "EMPLOYEE_MALE": null,
        "EMPLOYEE_FEMALE": null,
        "EMPLOYEE_DIF_ABLE": null,
        "WORKING_HRS_STR": null,
        "WORKING_HRS_STP": null
      }
    },
    {
      "type": "Feature",
      "id": 17430,
      "geometry": {
        "type": "Point",
        "coordinates": [72.87933033282249, 19.147290226820896]
      },
      "properties": {
        "OBJECTID": 17430,
        "NAME": "Aarey Colony Municipal  School",
        "TYPE": 1,
        "LOCATION": "Aarey colony, Goregaon East Mumbai.63",
        "ELEVATOR_CONTACT_LIST": null,
        "ELEVATOR_INTERCOM": null,
        "WORKING_HRS": null,
        "EMPLOYEE_QTY": null,
        "EMPLOYEE_MALE": null,
        "EMPLOYEE_FEMALE": null,
        "EMPLOYEE_DIF_ABLE": null,
        "WORKING_HRS_STR": null,
        "WORKING_HRS_STP": null
      }
    },
    {
      "type": "Feature",
      "id": 17431,
      "geometry": {
        "type": "Point",
        "coordinates": [72.83892455109384, 19.157465170078016]
      },
      "properties": {
        "OBJECTID": 17431,
        "NAME": "Motilalnagar Municipal School ",
        "TYPE": 1,
        "LOCATION": "Motilal nagar, Goregaon (W), Mumbai. 90",
        "ELEVATOR_CONTACT_LIST": null,
        "ELEVATOR_INTERCOM": null,
        "WORKING_HRS": null,
        "EMPLOYEE_QTY": null,
        "EMPLOYEE_MALE": null,
        "EMPLOYEE_FEMALE": null,
        "EMPLOYEE_DIF_ABLE": null,
        "WORKING_HRS_STR": null,
        "WORKING_HRS_STP": null
      }
    },
    {
      "type": "Feature",
      "id": 17445,
      "geometry": {
        "type": "Point",
        "coordinates": [72.83734138369024, 19.157018511626543]
      },
      "properties": {
        "OBJECTID": 17445,
        "NAME": "Motilal Nagar Municipal Urdu School",
        "TYPE": 1,
        "LOCATION": "Motilal nagar, Goregaon (W), Mumbai. 90",
        "ELEVATOR_CONTACT_LIST": null,
        "ELEVATOR_INTERCOM": null,
        "WORKING_HRS": null,
        "EMPLOYEE_QTY": null,
        "EMPLOYEE_MALE": null,
        "EMPLOYEE_FEMALE": null,
        "EMPLOYEE_DIF_ABLE": null,
        "WORKING_HRS_STR": null,
        "WORKING_HRS_STP": null
      }
    },
    {
      "type": "Feature",
      "id": 17446,
      "geometry": {
        "type": "Point",
        "coordinates": [72.86014567698265, 19.184572717473507]
      },
      "properties": {
        "OBJECTID": 17446,
        "NAME": "Kurar Village Municipal Hindi No. 02  School",
        "TYPE": 1,
        "LOCATION": "Saint George School, Kurar Villiage, Malad East, Mumbai.97",
        "ELEVATOR_CONTACT_LIST": null,
        "ELEVATOR_INTERCOM": null,
        "WORKING_HRS": null,
        "EMPLOYEE_QTY": null,
        "EMPLOYEE_MALE": null,
        "EMPLOYEE_FEMALE": null,
        "EMPLOYEE_DIF_ABLE": null,
        "WORKING_HRS_STR": null,
        "WORKING_HRS_STP": null
      }
    },
    {
      "type": "Feature",
      "id": 17447,
      "geometry": {
        "type": "Point",
        "coordinates": [72.86045254411273, 19.185818189064143]
      },
      "properties": {
        "OBJECTID": 17447,
        "NAME": "Kurar Village Municipal Marathi No. 01  School",
        "TYPE": 1,
        "LOCATION": "Shantaram Talav, Kurar villiage, Malad East, Mumbai.97",
        "ELEVATOR_CONTACT_LIST": null,
        "ELEVATOR_INTERCOM": null,
        "WORKING_HRS": null,
        "EMPLOYEE_QTY": null,
        "EMPLOYEE_MALE": null,
        "EMPLOYEE_FEMALE": null,
        "EMPLOYEE_DIF_ABLE": null,
        "WORKING_HRS_STR": null,
        "WORKING_HRS_STP": null
      }
    },
    {
      "type": "Feature",
      "id": 17448,
      "geometry": {
        "type": "Point",
        "coordinates": [72.87754944088545, 19.172409520168788]
      },
      "properties": {
        "OBJECTID": 17448,
        "NAME": "Dinsohsi Vasahat Urdu Municipal School Building",
        "TYPE": 1,
        "LOCATION": "Santosh nagar marg, Goregaon East, Mumbai.400 063.",
        "ELEVATOR_CONTACT_LIST": null,
        "ELEVATOR_INTERCOM": null,
        "WORKING_HRS": null,
        "EMPLOYEE_QTY": null,
        "EMPLOYEE_MALE": null,
        "EMPLOYEE_FEMALE": null,
        "EMPLOYEE_DIF_ABLE": null,
        "WORKING_HRS_STR": null,
        "WORKING_HRS_STP": null
      }
    },
    {
      "type": "Feature",
      "id": 17450,
      "geometry": {
        "type": "Point",
        "coordinates": [72.81938310438703, 19.18399396668236]
      },
      "properties": {
        "OBJECTID": 17450,
        "NAME": "Maharashtra Housing Board Urdu no.03 Municipal School ",
        "TYPE": 1,
        "LOCATION": "Gate no.08, Malvani, Malad (W), Mumbai.95",
        "ELEVATOR_CONTACT_LIST": null,
        "ELEVATOR_INTERCOM": null,
        "WORKING_HRS": null,
        "EMPLOYEE_QTY": null,
        "EMPLOYEE_MALE": null,
        "EMPLOYEE_FEMALE": null,
        "EMPLOYEE_DIF_ABLE": null,
        "WORKING_HRS_STR": null,
        "WORKING_HRS_STP": null
      }
    },
    {
      "type": "Feature",
      "id": 17451,
      "geometry": {
        "type": "Point",
        "coordinates": [72.81542735879262, 19.182527740890375]
      },
      "properties": {
        "OBJECTID": 17451,
        "NAME": "Maharashtra Housing Board Hindi No.2 Municipal School",
        "TYPE": 1,
        "LOCATION": "Gate no.08, near Malvani Bus depot,Malvani, Malad (W), Mumbai.95",
        "ELEVATOR_CONTACT_LIST": null,
        "ELEVATOR_INTERCOM": null,
        "WORKING_HRS": null,
        "EMPLOYEE_QTY": null,
        "EMPLOYEE_MALE": null,
        "EMPLOYEE_FEMALE": null,
        "EMPLOYEE_DIF_ABLE": null,
        "WORKING_HRS_STR": null,
        "WORKING_HRS_STP": null
      }
    },
    {
      "type": "Feature",
      "id": 17452,
      "geometry": {
        "type": "Point",
        "coordinates": [72.81920016271812, 19.206997896683312]
      },
      "properties": {
        "OBJECTID": 17452,
        "NAME": "Charkop Gaon Municipal Marathi school",
        "TYPE": 1,
        "LOCATION": "Charkop gaon Marathi school, Charkop gaon, Dingeshwar lake, Kandivali (w), Mumbai. 67",
        "ELEVATOR_CONTACT_LIST": null,
        "ELEVATOR_INTERCOM": null,
        "WORKING_HRS": null,
        "EMPLOYEE_QTY": null,
        "EMPLOYEE_MALE": null,
        "EMPLOYEE_FEMALE": null,
        "EMPLOYEE_DIF_ABLE": null,
        "WORKING_HRS_STR": null,
        "WORKING_HRS_STP": null
      }
    },
    {
      "type": "Feature",
      "id": 17453,
      "geometry": {
        "type": "Point",
        "coordinates": [72.82161280021212, 19.212808999806228]
      },
      "properties": {
        "OBJECTID": 17453,
        "NAME": "Charkop Sector 2  Municipal school",
        "TYPE": 1,
        "LOCATION": "Charkop sec.2 Marathi school near I.E.S. school, Kandivali (W), Mumbai. 67\r\nCharkop sec.2 Marathi school near I.E.S. school, Kandivali (W), Mumbai. 67\r\nCharkop Sec.2 Marathi school Near I.E.S. School, Kandivali (W), Mumbai. 67",
        "ELEVATOR_CONTACT_LIST": null,
        "ELEVATOR_INTERCOM": null,
        "WORKING_HRS": null,
        "EMPLOYEE_QTY": null,
        "EMPLOYEE_MALE": null,
        "EMPLOYEE_FEMALE": null,
        "EMPLOYEE_DIF_ABLE": null,
        "WORKING_HRS_STR": null,
        "WORKING_HRS_STP": null
      }
    },
    {
      "type": "Feature",
      "id": 17457,
      "geometry": {
        "type": "Point",
        "coordinates": [72.82717240737327, 19.203823235630445]
      },
      "properties": {
        "OBJECTID": 17457,
        "NAME": "Ganesh Nagar Municipal School",
        "TYPE": 1,
        "LOCATION": "Ganesh nagar Hindi school, 1st floor, near Oskar Hospital, Ganesh nagar, Kandivali (w), Mumbai. 67",
        "ELEVATOR_CONTACT_LIST": null,
        "ELEVATOR_INTERCOM": null,
        "WORKING_HRS": null,
        "EMPLOYEE_QTY": null,
        "EMPLOYEE_MALE": null,
        "EMPLOYEE_FEMALE": null,
        "EMPLOYEE_DIF_ABLE": null,
        "WORKING_HRS_STR": null,
        "WORKING_HRS_STP": null
      }
    },
    {
      "type": "Feature",
      "id": 17458,
      "geometry": {
        "type": "Point",
        "coordinates": [72.85358712606262, 19.22354849957601]
      },
      "properties": {
        "OBJECTID": 17458,
        "NAME": "Lalji Trikamaji Municipal  School",
        "TYPE": 1,
        "LOCATION": "S.V. road, Near Shimpoli signal, Borivali (W), Mumbai.92",
        "ELEVATOR_CONTACT_LIST": null,
        "ELEVATOR_INTERCOM": null,
        "WORKING_HRS": null,
        "EMPLOYEE_QTY": null,
        "EMPLOYEE_MALE": null,
        "EMPLOYEE_FEMALE": null,
        "EMPLOYEE_DIF_ABLE": null,
        "WORKING_HRS_STR": null,
        "WORKING_HRS_STP": null
      }
    },
    {
      "type": "Feature",
      "id": 17459,
      "geometry": {
        "type": "Point",
        "coordinates": [72.78319094285294, 19.240080244704526]
      },
      "properties": {
        "OBJECTID": 17459,
        "NAME": "Gorai Gaon Municipal School",
        "TYPE": 1,
        "LOCATION": "Gorai gaon, Boirvali (W), Mumbai. 92",
        "ELEVATOR_CONTACT_LIST": null,
        "ELEVATOR_INTERCOM": null,
        "WORKING_HRS": null,
        "EMPLOYEE_QTY": null,
        "EMPLOYEE_MALE": null,
        "EMPLOYEE_FEMALE": null,
        "EMPLOYEE_DIF_ABLE": null,
        "WORKING_HRS_STR": null,
        "WORKING_HRS_STP": null
      }
    },
    {
      "type": "Feature",
      "id": 17460,
      "geometry": {
        "type": "Point",
        "coordinates": [72.84460349215598, 19.221813032716348]
      },
      "properties": {
        "OBJECTID": 17460,
        "NAME": "Shimpoli Municipal Marathi School",
        "TYPE": 1,
        "LOCATION": "Near Shimpoli gaon kora kendra, Borivali East, Mumbai. 92",
        "ELEVATOR_CONTACT_LIST": null,
        "ELEVATOR_INTERCOM": null,
        "WORKING_HRS": null,
        "EMPLOYEE_QTY": null,
        "EMPLOYEE_MALE": null,
        "EMPLOYEE_FEMALE": null,
        "EMPLOYEE_DIF_ABLE": null,
        "WORKING_HRS_STR": null,
        "WORKING_HRS_STP": null
      }
    },
    {
      "type": "Feature",
      "id": 17701,
      "geometry": {
        "type": "Point",
        "coordinates": [72.85762594785747, 19.220351012981357]
      },
      "properties": {
        "OBJECTID": 17701,
        "NAME": "Rajendra Nagar Municipal School",
        "TYPE": 1,
        "LOCATION": "Rajendra nagar Mun school, Borivali East, Mumbai. 66",
        "ELEVATOR_CONTACT_LIST": null,
        "ELEVATOR_INTERCOM": null,
        "WORKING_HRS": null,
        "EMPLOYEE_QTY": null,
        "EMPLOYEE_MALE": null,
        "EMPLOYEE_FEMALE": null,
        "EMPLOYEE_DIF_ABLE": null,
        "WORKING_HRS_STR": null,
        "WORKING_HRS_STP": null
      }
    },
    {
      "type": "Feature",
      "id": 17703,
      "geometry": {
        "type": "Point",
        "coordinates": [72.85936438353356, 19.240219311863942]
      },
      "properties": {
        "OBJECTID": 17703,
        "NAME": "Ambawadi Municipal Upper Primary Hindi School",
        "TYPE": 1,
        "LOCATION": "Ambawadi Mun UP Hindi School, S.V raod, Dahisar East, Mumbai. 68",
        "ELEVATOR_CONTACT_LIST": null,
        "ELEVATOR_INTERCOM": null,
        "WORKING_HRS": null,
        "EMPLOYEE_QTY": null,
        "EMPLOYEE_MALE": null,
        "EMPLOYEE_FEMALE": null,
        "EMPLOYEE_DIF_ABLE": null,
        "WORKING_HRS_STR": null,
        "WORKING_HRS_STP": null
      }
    },
    {
      "type": "Feature",
      "id": 17704,
      "geometry": {
        "type": "Point",
        "coordinates": [72.85432966835053, 19.25674186774112]
      },
      "properties": {
        "OBJECTID": 17704,
        "NAME": "Kandarpada Municipal School Building",
        "TYPE": 1,
        "LOCATION": "Kandarpada Mun Marathi school, Dahisar (W)",
        "ELEVATOR_CONTACT_LIST": null,
        "ELEVATOR_INTERCOM": null,
        "WORKING_HRS": null,
        "EMPLOYEE_QTY": null,
        "EMPLOYEE_MALE": null,
        "EMPLOYEE_FEMALE": null,
        "EMPLOYEE_DIF_ABLE": null,
        "WORKING_HRS_STR": null,
        "WORKING_HRS_STP": null
      }
    },
    {
      "type": "Feature",
      "id": 17705,
      "geometry": {
        "type": "Point",
        "coordinates": [72.86681013213256, 19.197367701937473]
      },
      "properties": {
        "OBJECTID": 17705,
        "NAME": "Hanuman Nagar Municipal Marathi school",
        "TYPE": 1,
        "LOCATION": "Hanuman Nagar Mun Marathi school, Hanuman nagar, near Ayyappa, Kandivali East, Mumbai. 101",
        "ELEVATOR_CONTACT_LIST": null,
        "ELEVATOR_INTERCOM": null,
        "WORKING_HRS": null,
        "EMPLOYEE_QTY": null,
        "EMPLOYEE_MALE": null,
        "EMPLOYEE_FEMALE": null,
        "EMPLOYEE_DIF_ABLE": null,
        "WORKING_HRS_STR": null,
        "WORKING_HRS_STP": null
      }
    },
    {
      "type": "Feature",
      "id": 17706,
      "geometry": {
        "type": "Point",
        "coordinates": [72.86336502570389, 19.201091678708636]
      },
      "properties": {
        "OBJECTID": 17706,
        "NAME": "Sambhaji Nagar Municipal Marathi school",
        "TYPE": 1,
        "LOCATION": "Sambhaji nagar Municipal Marathi school, Akurli road, near Hanuman Temple, Kandivali East, Mumbai. 101",
        "ELEVATOR_CONTACT_LIST": null,
        "ELEVATOR_INTERCOM": null,
        "WORKING_HRS": null,
        "EMPLOYEE_QTY": null,
        "EMPLOYEE_MALE": null,
        "EMPLOYEE_FEMALE": null,
        "EMPLOYEE_DIF_ABLE": null,
        "WORKING_HRS_STR": null,
        "WORKING_HRS_STP": null
      }
    },
    {
      "type": "Feature",
      "id": 18021,
      "geometry": {
        "type": "Point",
        "coordinates": [72.84697225654601, 19.135945035991174]
      },
      "properties": {
        "OBJECTID": 18021,
        "NAME": "Jogeshwari West Municipal Urdu School",
        "TYPE": 1,
        "LOCATION": "G/5,G/7SAYED CHAWL SRA ,OPP. DEEWAN CENTRE, SV ROAD JOGESHWARI WEST MUM 400102",
        "ELEVATOR_CONTACT_LIST": null,
        "ELEVATOR_INTERCOM": null,
        "WORKING_HRS": null,
        "EMPLOYEE_QTY": null,
        "EMPLOYEE_MALE": null,
        "EMPLOYEE_FEMALE": null,
        "EMPLOYEE_DIF_ABLE": null,
        "WORKING_HRS_STR": null,
        "WORKING_HRS_STP": null
      }
    },
    {
      "type": "Feature",
      "id": 18341,
      "geometry": {
        "type": "Point",
        "coordinates": [72.88018941619256, 19.07171184379808]
      },
      "properties": {
        "OBJECTID": 18341,
        "NAME": "Moreshwar Patankar Municipal Secondary Urdu School",
        "TYPE": 1,
        "LOCATION": "M.P. Municipal Secodnary schoool, Balaji Mandir Road, Moreshwar Patankar Marg, Kurla (W),",
        "ELEVATOR_CONTACT_LIST": null,
        "ELEVATOR_INTERCOM": null,
        "WORKING_HRS": null,
        "EMPLOYEE_QTY": null,
        "EMPLOYEE_MALE": null,
        "EMPLOYEE_FEMALE": null,
        "EMPLOYEE_DIF_ABLE": null,
        "WORKING_HRS_STR": null,
        "WORKING_HRS_STP": null
      }
    },
    {
      "type": "Feature",
      "id": 18342,
      "geometry": {
        "type": "Point",
        "coordinates": [72.89218594556397, 19.099622446392846]
      },
      "properties": {
        "OBJECTID": 18342,
        "NAME": "Mohilli Village Municipal Urdu 2 School",
        "TYPE": 1,
        "LOCATION": "Mohili Viliage Municipal Urdu school, Andheri- Ghatkoper link road, Kurla (w), Mumbai.400072",
        "ELEVATOR_CONTACT_LIST": null,
        "ELEVATOR_INTERCOM": null,
        "WORKING_HRS": null,
        "EMPLOYEE_QTY": null,
        "EMPLOYEE_MALE": null,
        "EMPLOYEE_FEMALE": null,
        "EMPLOYEE_DIF_ABLE": null,
        "WORKING_HRS_STR": null,
        "WORKING_HRS_STP": null
      }
    },
    {
      "type": "Feature",
      "id": 18343,
      "geometry": {
        "type": "Point",
        "coordinates": [72.89369461292445, 19.098982363346995]
      },
      "properties": {
        "OBJECTID": 18343,
        "NAME": "Mohili Villiage Municipal Marathi No. 1 School",
        "TYPE": 1,
        "LOCATION": "Mohili Viliage Municipal Marathi school, Andheri- Ghatkoper link road, Kurla (w), Mumbai.400 072.",
        "ELEVATOR_CONTACT_LIST": null,
        "ELEVATOR_INTERCOM": null,
        "WORKING_HRS": null,
        "EMPLOYEE_QTY": null,
        "EMPLOYEE_MALE": null,
        "EMPLOYEE_FEMALE": null,
        "EMPLOYEE_DIF_ABLE": null,
        "WORKING_HRS_STR": null,
        "WORKING_HRS_STP": null
      }
    },
    {
      "type": "Feature",
      "id": 18344,
      "geometry": {
        "type": "Point",
        "coordinates": [72.88835098746851, 19.083859450811882]
      },
      "properties": {
        "OBJECTID": 18344,
        "NAME": "Kurla Naupada Municipal Urdu School",
        "TYPE": 1,
        "LOCATION": "Kurla Naupada Municipal school, Kurla - Ghatkoper road, Kurla (W), Mumbai. 400 070\r\n",
        "ELEVATOR_CONTACT_LIST": null,
        "ELEVATOR_INTERCOM": null,
        "WORKING_HRS": null,
        "EMPLOYEE_QTY": null,
        "EMPLOYEE_MALE": null,
        "EMPLOYEE_FEMALE": null,
        "EMPLOYEE_DIF_ABLE": null,
        "WORKING_HRS_STR": null,
        "WORKING_HRS_STP": null
      }
    },
    {
      "type": "Feature",
      "id": 18345,
      "geometry": {
        "type": "Point",
        "coordinates": [72.89239943296457, 19.09930136072446]
      },
      "properties": {
        "OBJECTID": 18345,
        "NAME": "Parerawadi Municipal Kannad School",
        "TYPE": 1,
        "LOCATION": "Andheri-Ghatkoper link road, Kurla (W). Mumbai. 400 072.",
        "ELEVATOR_CONTACT_LIST": null,
        "ELEVATOR_INTERCOM": null,
        "WORKING_HRS": null,
        "EMPLOYEE_QTY": null,
        "EMPLOYEE_MALE": null,
        "EMPLOYEE_FEMALE": null,
        "EMPLOYEE_DIF_ABLE": null,
        "WORKING_HRS_STR": null,
        "WORKING_HRS_STP": null
      }
    },
    {
      "type": "Feature",
      "id": 18346,
      "geometry": {
        "type": "Point",
        "coordinates": [72.89198841950538, 19.100060288441785]
      },
      "properties": {
        "OBJECTID": 18346,
        "NAME": "Mohili villiage Municipal School",
        "TYPE": 1,
        "LOCATION": "Mohili Villiage Municipal school, Andheri - Ghatkoper Link Road, Kurla (W), Mumbai.400072",
        "ELEVATOR_CONTACT_LIST": null,
        "ELEVATOR_INTERCOM": null,
        "WORKING_HRS": null,
        "EMPLOYEE_QTY": null,
        "EMPLOYEE_MALE": null,
        "EMPLOYEE_FEMALE": null,
        "EMPLOYEE_DIF_ABLE": null,
        "WORKING_HRS_STR": null,
        "WORKING_HRS_STP": null
      }
    },
    {
      "type": "Feature",
      "id": 18351,
      "geometry": {
        "type": "Point",
        "coordinates": [72.88016169584867, 19.082151580512402]
      },
      "properties": {
        "OBJECTID": 18351,
        "NAME": "Magan Nathuram Municipal school",
        "TYPE": 1,
        "LOCATION": "Magan Nathuram Mun school, Magan Nathuram Marg, Kurla (W)",
        "ELEVATOR_CONTACT_LIST": null,
        "ELEVATOR_INTERCOM": null,
        "WORKING_HRS": null,
        "EMPLOYEE_QTY": null,
        "EMPLOYEE_MALE": null,
        "EMPLOYEE_FEMALE": null,
        "EMPLOYEE_DIF_ABLE": null,
        "WORKING_HRS_STR": null,
        "WORKING_HRS_STP": null
      }
    },
    {
      "type": "Feature",
      "id": 18661,
      "geometry": {
        "type": "Point",
        "coordinates": [72.86369482862042, 19.182759913090862]
      },
      "properties": {
        "OBJECTID": 18661,
        "NAME": "Parekh nagar Municipal School Building",
        "TYPE": 1,
        "LOCATION": "Parekh nagar, opposite Jyoti Hotel, Kurar villiage, Malad East, Mumbai.97",
        "ELEVATOR_CONTACT_LIST": null,
        "ELEVATOR_INTERCOM": null,
        "WORKING_HRS": null,
        "EMPLOYEE_QTY": null,
        "EMPLOYEE_MALE": null,
        "EMPLOYEE_FEMALE": null,
        "EMPLOYEE_DIF_ABLE": null,
        "WORKING_HRS_STR": null,
        "WORKING_HRS_STP": null
      }
    },
    {
      "type": "Feature",
      "id": 18981,
      "geometry": {
        "type": "Point",
        "coordinates": [72.78885307214752, 19.144142115407686]
      },
      "properties": {
        "OBJECTID": 18981,
        "NAME": "Madh Marathi Municipal School",
        "TYPE": 1,
        "LOCATION": "Madh gaon, near Ice factory, Malad (W), Mumbai.61",
        "ELEVATOR_CONTACT_LIST": null,
        "ELEVATOR_INTERCOM": null,
        "WORKING_HRS": null,
        "EMPLOYEE_QTY": null,
        "EMPLOYEE_MALE": null,
        "EMPLOYEE_FEMALE": null,
        "EMPLOYEE_DIF_ABLE": null,
        "WORKING_HRS_STR": null,
        "WORKING_HRS_STP": null
      }
    },
    {
      "type": "Feature",
      "id": 19301,
      "geometry": {
        "type": "Point",
        "coordinates": [72.78432246138418, 19.162769472318754]
      },
      "properties": {
        "OBJECTID": 19301,
        "NAME": "Mumbai Public School Jankalyan Nagar CBSE",
        "TYPE": 1,
        "LOCATION": "Jankalyan Nagar, Malad West 4000095",
        "ELEVATOR_CONTACT_LIST": null,
        "ELEVATOR_INTERCOM": null,
        "WORKING_HRS": null,
        "EMPLOYEE_QTY": null,
        "EMPLOYEE_MALE": null,
        "EMPLOYEE_FEMALE": null,
        "EMPLOYEE_DIF_ABLE": null,
        "WORKING_HRS_STR": null,
        "WORKING_HRS_STP": null
      }
    },
    {
      "type": "Feature",
      "id": 19621,
      "geometry": {
        "type": "Point",
        "coordinates": [72.84487924022494, 19.07730250859883]
      },
      "properties": {
        "OBJECTID": 19621,
        "NAME": "Goliobar Masjid Municipal Urdu School",
        "TYPE": 1,
        "LOCATION": "Golibar Masjid, J.P. road, Goliobar Msjid, Khar East, Mumbai. 51",
        "ELEVATOR_CONTACT_LIST": null,
        "ELEVATOR_INTERCOM": null,
        "WORKING_HRS": null,
        "EMPLOYEE_QTY": null,
        "EMPLOYEE_MALE": null,
        "EMPLOYEE_FEMALE": null,
        "EMPLOYEE_DIF_ABLE": null,
        "WORKING_HRS_STR": null,
        "WORKING_HRS_STP": null
      }
    },
    {
      "type": "Feature",
      "id": 19622,
      "geometry": {
        "type": "Point",
        "coordinates": [72.84350051551019, 19.05678987985668]
      },
      "properties": {
        "OBJECTID": 19622,
        "NAME": "Behram Nagar Urdu School",
        "TYPE": 1,
        "LOCATION": "Behram Nagar Urdu school, Behram pada, Opposite Bandra station, Mumbai. 51.",
        "ELEVATOR_CONTACT_LIST": null,
        "ELEVATOR_INTERCOM": null,
        "WORKING_HRS": null,
        "EMPLOYEE_QTY": null,
        "EMPLOYEE_MALE": null,
        "EMPLOYEE_FEMALE": null,
        "EMPLOYEE_DIF_ABLE": null,
        "WORKING_HRS_STR": null,
        "WORKING_HRS_STP": null
      }
    },
    {
      "type": "Feature",
      "id": 19623,
      "geometry": {
        "type": "Point",
        "coordinates": [72.84212185864601, 19.067780162933534]
      },
      "properties": {
        "OBJECTID": 19623,
        "NAME": "Jawahar Municipal Hindi School",
        "TYPE": 1,
        "LOCATION": "Jawahar Nagar Municipal School Building, Prabhat Nagar, opposite Khar East, station, Mumbai. 51",
        "ELEVATOR_CONTACT_LIST": null,
        "ELEVATOR_INTERCOM": null,
        "WORKING_HRS": null,
        "EMPLOYEE_QTY": null,
        "EMPLOYEE_MALE": null,
        "EMPLOYEE_FEMALE": null,
        "EMPLOYEE_DIF_ABLE": null,
        "WORKING_HRS_STR": null,
        "WORKING_HRS_STP": null
      }
    },
    {
      "type": "Feature",
      "id": 19624,
      "geometry": {
        "type": "Point",
        "coordinates": [72.8688250443391, 19.197751403156605]
      },
      "properties": {
        "OBJECTID": 19624,
        "NAME": "Hanuman Nagar Transit Camp Municipal Hindi school",
        "TYPE": 1,
        "LOCATION": "Transit Camp Hindi school, near Babasaheb Ambedkar Ground, Gangadhar Bawdi Bus Stop, Lokhandwala Compex, Kandivali \u00ac, Mumbai. 400 101",
        "ELEVATOR_CONTACT_LIST": null,
        "ELEVATOR_INTERCOM": null,
        "WORKING_HRS": null,
        "EMPLOYEE_QTY": null,
        "EMPLOYEE_MALE": null,
        "EMPLOYEE_FEMALE": null,
        "EMPLOYEE_DIF_ABLE": null,
        "WORKING_HRS_STR": null,
        "WORKING_HRS_STP": null
      }
    },
    {
      "type": "Feature",
      "id": 19625,
      "geometry": {
        "type": "Point",
        "coordinates": [72.88554980728478, 19.0919607624992]
      },
      "properties": {
        "OBJECTID": 19625,
        "NAME": "Kajupada Bhagshala Municipal Urdu School",
        "TYPE": 1,
        "LOCATION": "Kajupada Bhagshala Udru Municiapl school Kajupad, Kurla (W)",
        "ELEVATOR_CONTACT_LIST": null,
        "ELEVATOR_INTERCOM": null,
        "WORKING_HRS": null,
        "EMPLOYEE_QTY": null,
        "EMPLOYEE_MALE": null,
        "EMPLOYEE_FEMALE": null,
        "EMPLOYEE_DIF_ABLE": null,
        "WORKING_HRS_STR": null,
        "WORKING_HRS_STP": null
      }
    },
    {
      "type": "Feature",
      "id": 19626,
      "geometry": {
        "type": "Point",
        "coordinates": [72.900098536609, 19.01062189893144]
      },
      "properties": {
        "OBJECTID": 19626,
        "NAME": "Gavanpada Municipal Urdu School",
        "TYPE": 1,
        "LOCATION": "Gavanpada Municipal Udru School, Near Hindustan Patrolium, Mahul raod, Mumbai.74",
        "ELEVATOR_CONTACT_LIST": null,
        "ELEVATOR_INTERCOM": null,
        "WORKING_HRS": null,
        "EMPLOYEE_QTY": null,
        "EMPLOYEE_MALE": null,
        "EMPLOYEE_FEMALE": null,
        "EMPLOYEE_DIF_ABLE": null,
        "WORKING_HRS_STR": null,
        "WORKING_HRS_STP": null
      }
    },
    {
      "type": "Feature",
      "id": 19941,
      "geometry": {
        "type": "Point",
        "coordinates": [72.81940449279696, 18.968419103426633]
      },
      "properties": {
        "OBJECTID": 19941,
        "NAME": "Gilderpath Municipal School",
        "TYPE": 1,
        "LOCATION": "Near Mumbai Central station, Mumbai. 400 008",
        "ELEVATOR_CONTACT_LIST": null,
        "ELEVATOR_INTERCOM": null,
        "WORKING_HRS": null,
        "EMPLOYEE_QTY": null,
        "EMPLOYEE_MALE": null,
        "EMPLOYEE_FEMALE": null,
        "EMPLOYEE_DIF_ABLE": null,
        "WORKING_HRS_STR": null,
        "WORKING_HRS_STP": null
      }
    },
    {
      "type": "Feature",
      "id": 20261,
      "geometry": {
        "type": "Point",
        "coordinates": [72.83983563395944, 19.041190143597582]
      },
      "properties": {
        "OBJECTID": 20261,
        "NAME": "Veer Sarvakar Marg Municipal Urdu School",
        "TYPE": 1,
        "LOCATION": "Patel Mension 1st floor Veer Savarkar Marg Municipal Urdu School Mahim",
        "ELEVATOR_CONTACT_LIST": null,
        "ELEVATOR_INTERCOM": null,
        "WORKING_HRS": null,
        "EMPLOYEE_QTY": null,
        "EMPLOYEE_MALE": null,
        "EMPLOYEE_FEMALE": null,
        "EMPLOYEE_DIF_ABLE": null,
        "WORKING_HRS_STR": null,
        "WORKING_HRS_STP": null
      }
    },
    {
      "type": "Feature",
      "id": 20581,
      "geometry": {
        "type": "Point",
        "coordinates": [72.87584122548948, 19.076198591299754]
      },
      "properties": {
        "OBJECTID": 20581,
        "NAME": "Guru Nanak Nagar Municipal Hindi School",
        "TYPE": 1,
        "LOCATION": "Gurunanak nagar Mun. Gurudwara, LBS Marg, Kurla (W)",
        "ELEVATOR_CONTACT_LIST": null,
        "ELEVATOR_INTERCOM": null,
        "WORKING_HRS": null,
        "EMPLOYEE_QTY": null,
        "EMPLOYEE_MALE": null,
        "EMPLOYEE_FEMALE": null,
        "EMPLOYEE_DIF_ABLE": null,
        "WORKING_HRS_STR": null,
        "WORKING_HRS_STP": null
      }
    },
    {
      "type": "Feature",
      "id": 20583,
      "geometry": {
        "type": "Point",
        "coordinates": [72.86699284215985, 19.219023085674507]
      },
      "properties": {
        "OBJECTID": 20583,
        "NAME": "Magathane Municipal Marathi 1 School",
        "TYPE": 1,
        "LOCATION": "Jay Maharaashtra Tata Power house Borivali (W), Mumbai. 66",
        "ELEVATOR_CONTACT_LIST": null,
        "ELEVATOR_INTERCOM": null,
        "WORKING_HRS": null,
        "EMPLOYEE_QTY": null,
        "EMPLOYEE_MALE": null,
        "EMPLOYEE_FEMALE": null,
        "EMPLOYEE_DIF_ABLE": null,
        "WORKING_HRS_STR": null,
        "WORKING_HRS_STP": null
      }
    },
    {
      "type": "Feature",
      "id": 20585,
      "geometry": {
        "type": "Point",
        "coordinates": [72.86754909734762, 19.195590811825696]
      },
      "properties": {
        "OBJECTID": 20585,
        "NAME": "Hanuman Nagar Hindi school",
        "TYPE": 1,
        "LOCATION": "Hanuman nagar Mun. Hindi school, Hanuman Nagar, Ayappa Nagar, Near Ayappa Temple, Kandivali \u00ac,Mumbai. 400101",
        "ELEVATOR_CONTACT_LIST": null,
        "ELEVATOR_INTERCOM": null,
        "WORKING_HRS": null,
        "EMPLOYEE_QTY": null,
        "EMPLOYEE_MALE": null,
        "EMPLOYEE_FEMALE": null,
        "EMPLOYEE_DIF_ABLE": null,
        "WORKING_HRS_STR": null,
        "WORKING_HRS_STP": null
      }
    },
    {
      "type": "Feature",
      "id": 20586,
      "geometry": {
        "type": "Point",
        "coordinates": [72.85327015498352, 19.201059357167953]
      },
      "properties": {
        "OBJECTID": 20586,
        "NAME": "Dalvi Plot Municipal Hindi school",
        "TYPE": 1,
        "LOCATION": "Dalvio plot Hindi school, Dalvi plot, near Shri Hari Temple, Kandivali \u00ac, Mumbai. 101",
        "ELEVATOR_CONTACT_LIST": null,
        "ELEVATOR_INTERCOM": null,
        "WORKING_HRS": null,
        "EMPLOYEE_QTY": null,
        "EMPLOYEE_MALE": null,
        "EMPLOYEE_FEMALE": null,
        "EMPLOYEE_DIF_ABLE": null,
        "WORKING_HRS_STR": null,
        "WORKING_HRS_STP": null
      }
    },
    {
      "type": "Feature",
      "id": 20901,
      "geometry": {
        "type": "Point",
        "coordinates": [72.8546072204828, 19.198637031984198]
      },
      "properties": {
        "OBJECTID": 20901,
        "NAME": "Ashok Nagar Municipal Marathi school",
        "TYPE": 1,
        "LOCATION": "Ashok nagar,school, Ashok nagar, opposite Shabari building, Kanidvali East, Mumbai. 101",
        "ELEVATOR_CONTACT_LIST": null,
        "ELEVATOR_INTERCOM": null,
        "WORKING_HRS": null,
        "EMPLOYEE_QTY": null,
        "EMPLOYEE_MALE": null,
        "EMPLOYEE_FEMALE": null,
        "EMPLOYEE_DIF_ABLE": null,
        "WORKING_HRS_STR": null,
        "WORKING_HRS_STP": null
      }
    },
    {
      "type": "Feature",
      "id": 21221,
      "geometry": {
        "type": "Point",
        "coordinates": [72.90371506735148, 19.058923595765606]
      },
      "properties": {
        "OBJECTID": 21221,
        "NAME": "Subhash Nagar Municipal Gujrathi school",
        "TYPE": 1,
        "LOCATION": "Subhashnagar Mun Marathi school, Subhashnagar,Near Gymkhana,Road no 16,Near Hanuman mandir Chembur, Mumbai.71",
        "ELEVATOR_CONTACT_LIST": null,
        "ELEVATOR_INTERCOM": null,
        "WORKING_HRS": null,
        "EMPLOYEE_QTY": null,
        "EMPLOYEE_MALE": null,
        "EMPLOYEE_FEMALE": null,
        "EMPLOYEE_DIF_ABLE": null,
        "WORKING_HRS_STR": null,
        "WORKING_HRS_STP": null
      }
    },
    {
      "type": "Feature",
      "id": 21222,
      "geometry": {
        "type": "Point",
        "coordinates": [72.91136552078352, 19.05620315013715]
      },
      "properties": {
        "OBJECTID": 21222,
        "NAME": "Vaibhav Nagar Municipal  Marathi School",
        "TYPE": 1,
        "LOCATION": "Vaibhav Nagar Municipal Marathi school, near Govandi bridge which come from chembur station,Opp Achary college,near Amarnath school, Govandi, Chembur",
        "ELEVATOR_CONTACT_LIST": null,
        "ELEVATOR_INTERCOM": null,
        "WORKING_HRS": null,
        "EMPLOYEE_QTY": null,
        "EMPLOYEE_MALE": null,
        "EMPLOYEE_FEMALE": null,
        "EMPLOYEE_DIF_ABLE": null,
        "WORKING_HRS_STR": null,
        "WORKING_HRS_STP": null
      }
    },
    {
      "type": "Feature",
      "id": 21541,
      "geometry": {
        "type": "Point",
        "coordinates": [72.86124511877603, 19.251921833288538]
      },
      "properties": {
        "OBJECTID": 21541,
        "NAME": "Dahisar East Maratha colony Municipal Urdu School Building",
        "TYPE": 1,
        "LOCATION": "Om Palace bldg, CTS No.1100, Maratha Colony Road, Dahisar East",
        "ELEVATOR_CONTACT_LIST": null,
        "ELEVATOR_INTERCOM": null,
        "WORKING_HRS": null,
        "EMPLOYEE_QTY": null,
        "EMPLOYEE_MALE": null,
        "EMPLOYEE_FEMALE": null,
        "EMPLOYEE_DIF_ABLE": null,
        "WORKING_HRS_STR": null,
        "WORKING_HRS_STP": null
      }
    },
    {
      "type": "Feature",
      "id": 21861,
      "geometry": {
        "type": "Point",
        "coordinates": [72.86077346744122, 19.034126706631433]
      },
      "properties": {
        "OBJECTID": 21861,
        "NAME": "Sion Koliwada Municipal School Building",
        "TYPE": 1,
        "LOCATION": "Sion Koliwada School Building, Near Gokul Hall, JTB Station, Sion (East), Mumbai.400 022",
        "ELEVATOR_CONTACT_LIST": null,
        "ELEVATOR_INTERCOM": null,
        "WORKING_HRS": null,
        "EMPLOYEE_QTY": null,
        "EMPLOYEE_MALE": null,
        "EMPLOYEE_FEMALE": null,
        "EMPLOYEE_DIF_ABLE": null,
        "WORKING_HRS_STR": null,
        "WORKING_HRS_STP": null
      }
    },
    {
      "type": "Feature",
      "id": 22181,
      "geometry": {
        "type": "Point",
        "coordinates": [72.88673829122843, 19.08981988885753]
      },
      "properties": {
        "OBJECTID": 22181,
        "NAME": "Kajuapad Marathi Municipal School",
        "TYPE": 1,
        "LOCATION": "Kajupad Municipal school, Ganesh Maidan, Kurla (W), Mumbai. 400071",
        "ELEVATOR_CONTACT_LIST": null,
        "ELEVATOR_INTERCOM": null,
        "WORKING_HRS": null,
        "EMPLOYEE_QTY": null,
        "EMPLOYEE_MALE": null,
        "EMPLOYEE_FEMALE": null,
        "EMPLOYEE_DIF_ABLE": null,
        "WORKING_HRS_STR": null,
        "WORKING_HRS_STP": null
      }
    },
    {
      "type": "Feature",
      "id": 22182,
      "geometry": {
        "type": "Point",
        "coordinates": [72.8854100341617, 19.09187567367507]
      },
      "properties": {
        "OBJECTID": 22182,
        "NAME": "Kajuapad Hindi Municipal School",
        "TYPE": 1,
        "LOCATION": "Kajuapad Hindi Municipal School",
        "ELEVATOR_CONTACT_LIST": null,
        "ELEVATOR_INTERCOM": null,
        "WORKING_HRS": null,
        "EMPLOYEE_QTY": null,
        "EMPLOYEE_MALE": null,
        "EMPLOYEE_FEMALE": null,
        "EMPLOYEE_DIF_ABLE": null,
        "WORKING_HRS_STR": null,
        "WORKING_HRS_STP": null
      }
    },
    {
      "type": "Feature",
      "id": 22501,
      "geometry": {
        "type": "Point",
        "coordinates": [72.83782642749765, 18.957856376044255]
      },
      "properties": {
        "OBJECTID": 22501,
        "NAME": "Kesar Baug Hall ",
        "TYPE": 4,
        "LOCATION": "102, 2nd Flank road, Chinchbunder, Mandv, Mumbai 400009 ",
        "ELEVATOR_CONTACT_LIST": null,
        "ELEVATOR_INTERCOM": null,
        "WORKING_HRS": null,
        "EMPLOYEE_QTY": null,
        "EMPLOYEE_MALE": null,
        "EMPLOYEE_FEMALE": null,
        "EMPLOYEE_DIF_ABLE": null,
        "WORKING_HRS_STR": null,
        "WORKING_HRS_STP": null
      }
    },
    {
      "type": "Feature",
      "id": 22824,
      "geometry": {
        "type": "Point",
        "coordinates": [72.81501949273064, 18.990885007765055]
      },
      "properties": {
        "OBJECTID": 22824,
        "NAME": "Love Grove Pumping School",
        "TYPE": 1,
        "LOCATION": "Lala Lajpatrai Marg, Nehru Planetariu, Worli, Mumbai, 400018",
        "ELEVATOR_CONTACT_LIST": null,
        "ELEVATOR_INTERCOM": null,
        "WORKING_HRS": null,
        "EMPLOYEE_QTY": null,
        "EMPLOYEE_MALE": null,
        "EMPLOYEE_FEMALE": null,
        "EMPLOYEE_DIF_ABLE": null,
        "WORKING_HRS_STR": null,
        "WORKING_HRS_STP": null
      }
    },
    {
      "type": "Feature",
      "id": 23141,
      "geometry": {
        "type": "Point",
        "coordinates": [72.82921477398448, 19.123720872515587]
      },
      "properties": {
        "OBJECTID": 23141,
        "NAME": "Dadabhai Nauroji Nagar High School",
        "TYPE": 1,
        "LOCATION": "Dadabhai Nauroji Nagar High School,Near Valia College,Andheri West,Mumbai-400053",
        "ELEVATOR_CONTACT_LIST": null,
        "ELEVATOR_INTERCOM": null,
        "WORKING_HRS": null,
        "EMPLOYEE_QTY": null,
        "EMPLOYEE_MALE": null,
        "EMPLOYEE_FEMALE": null,
        "EMPLOYEE_DIF_ABLE": null,
        "WORKING_HRS_STR": null,
        "WORKING_HRS_STP": null
      }
    },
    {
      "type": "Feature",
      "id": 23461,
      "geometry": {
        "type": "Point",
        "coordinates": [72.88559121641534, 19.0919662564869]
      },
      "properties": {
        "OBJECTID": 23461,
        "NAME": "Kajupada Municipal School kurla (W) ",
        "TYPE": 1,
        "LOCATION": "Kajupada Municipal School,Kajupada Pipeline Road,Kaju Pada,Saki Naka,Andheri East,Mumbai-400072",
        "ELEVATOR_CONTACT_LIST": null,
        "ELEVATOR_INTERCOM": null,
        "WORKING_HRS": null,
        "EMPLOYEE_QTY": null,
        "EMPLOYEE_MALE": null,
        "EMPLOYEE_FEMALE": null,
        "EMPLOYEE_DIF_ABLE": null,
        "WORKING_HRS_STR": null,
        "WORKING_HRS_STP": null
      }
    },
    {
      "type": "Feature",
      "id": 24101,
      "geometry": {
        "type": "Point",
        "coordinates": [72.84263534696404, 19.20162852197091]
      },
      "properties": {
        "OBJECTID": 24101,
        "NAME": "Valnai Vasahat Hindi No.1, Iraniwadi, Road no.3, Kandivali",
        "TYPE": 1,
        "LOCATION": "Iraniwadi Road no. 3, Hemu colony, Irani Wadi, kandivali West, - 400067 ",
        "ELEVATOR_CONTACT_LIST": null,
        "ELEVATOR_INTERCOM": null,
        "WORKING_HRS": null,
        "EMPLOYEE_QTY": null,
        "EMPLOYEE_MALE": null,
        "EMPLOYEE_FEMALE": null,
        "EMPLOYEE_DIF_ABLE": null,
        "WORKING_HRS_STR": null,
        "WORKING_HRS_STP": null
      }
    },
    {
      "type": "Feature",
      "id": 24423,
      "geometry": {
        "type": "Point",
        "coordinates": [72.8433781982983, 19.158139112686126]
      },
      "properties": {
        "OBJECTID": 24423,
        "NAME": "(duplicate) Siddharth Nagar Municipal School, Goregaon ",
        "TYPE": 1,
        "LOCATION": "Vivek College,Road No 2,Siddharth Nagar,Goregaon West,Mumbai-400104",
        "ELEVATOR_CONTACT_LIST": null,
        "ELEVATOR_INTERCOM": null,
        "WORKING_HRS": null,
        "EMPLOYEE_QTY": null,
        "EMPLOYEE_MALE": null,
        "EMPLOYEE_FEMALE": null,
        "EMPLOYEE_DIF_ABLE": null,
        "WORKING_HRS_STR": null,
        "WORKING_HRS_STP": null
      }
    },
    {
      "type": "Feature",
      "id": 25061,
      "geometry": {
        "type": "Point",
        "coordinates": [72.81824354239185, 19.20085472938826]
      },
      "properties": {
        "OBJECTID": 25061,
        "NAME": "Mumbai Public School Jankalyan Nagar CBSE",
        "TYPE": 1,
        "LOCATION": "Jankalyan Nagar, Malad West 4000095",
        "ELEVATOR_CONTACT_LIST": null,
        "ELEVATOR_INTERCOM": null,
        "WORKING_HRS": null,
        "EMPLOYEE_QTY": null,
        "EMPLOYEE_MALE": null,
        "EMPLOYEE_FEMALE": null,
        "EMPLOYEE_DIF_ABLE": null,
        "WORKING_HRS_STR": null,
        "WORKING_HRS_STP": null
      }
    },
    {
      "type": "Feature",
      "id": 25062,
      "geometry": {
        "type": "Point",
        "coordinates": [72.8599498359472, 18.981045029346898]
      },
      "properties": {
        "OBJECTID": 25062,
        "NAME": "Lal Bahadur Shastri College of Advanced Maritime Studies and Research",
        "TYPE": 2,
        "LOCATION": "Tank Road, Hay Bunder, Sewree, Mumbai 400033.",
        "ELEVATOR_CONTACT_LIST": null,
        "ELEVATOR_INTERCOM": null,
        "WORKING_HRS": null,
        "EMPLOYEE_QTY": null,
        "EMPLOYEE_MALE": null,
        "EMPLOYEE_FEMALE": null,
        "EMPLOYEE_DIF_ABLE": null,
        "WORKING_HRS_STR": null,
        "WORKING_HRS_STP": null
      }
    },
    {
      "type": "Feature",
      "id": 25063,
      "geometry": {
        "type": "Point",
        "coordinates": [72.84310872352532, 19.025964992452252]
      },
      "properties": {
        "OBJECTID": 25063,
        "NAME": "woollen Mill Municipla School",
        "TYPE": 1,
        "LOCATION": "J K Sawant Marg, Joshi Wadi, Matunga, 400016.",
        "ELEVATOR_CONTACT_LIST": null,
        "ELEVATOR_INTERCOM": null,
        "WORKING_HRS": null,
        "EMPLOYEE_QTY": null,
        "EMPLOYEE_MALE": null,
        "EMPLOYEE_FEMALE": null,
        "EMPLOYEE_DIF_ABLE": null,
        "WORKING_HRS_STR": null,
        "WORKING_HRS_STP": null
      }
    }
  ]
}
