conduit_id,max_flow_m3s,max_velocity_ms,max_depth_m,duration_surcharged_minutes,full_flow_duration_minutes,time_of_peak_flow,validation_status
C_18683,0.0,0.0,3.0479999622912146e-05,0,0,2005-07-26T00:15:00,ENGINE_EXECUTABLE_HYDRAULICALLY_UNVALIDATED
C_18684,0.0,0.0,3.0479999622912146e-05,0,0,2005-07-26T00:15:00,ENGINE_EXECUTABLE_HYDRAULICALLY_UNVALIDATED
C_18685,0.0,0.0,3.0479999622912146e-05,0,0,2005-07-26T00:15:00,ENGINE_EXECUTABLE_HYDRAULICALLY_UNVALIDATED
C_18686,0.0,0.0,3.0479999622912146e-05,0,0,2005-07-26T00:15:00,ENGINE_EXECUTABLE_HYDRAULICALLY_UNVALIDATED
C_18688,0.0,0.0,3.0479999622912146e-05,0,0,2005-07-26T00:15:00,ENGINE_EXECUTABLE_HYDRAULICALLY_UNVALIDATED
C_18689,0.0,0.0,3.0479999622912146e-05,0,0,2005-07-26T00:15:00,ENGINE_EXECUTABLE_HYDRAULICALLY_UNVALIDATED
C_18690,0.0,0.0,3.0479999622912146e-05,0,0,2005-07-26T00:15:00,ENGINE_EXECUTABLE_HYDRAULICALLY_UNVALIDATED
C_18691,0.0,0.0,3.0479999622912146e-05,0,0,2005-07-26T00:15:00,ENGINE_EXECUTABLE_HYDRAULICALLY_UNVALIDATED
C_18692,0.0,0.0,3.0479999622912146e-05,0,0,2005-07-26T00:15:00,ENGINE_EXECUTABLE_HYDRAULICALLY_UNVALIDATED
C_18693,0.0,0.0,3.0479999622912146e-05,0,0,2005-07-26T00:15:00,ENGINE_EXECUTABLE_HYDRAULICALLY_UNVALIDATED
C_18694,0.0,0.0,3.0479999622912146e-05,0,0,2005-07-26T00:15:00,ENGINE_EXECUTABLE_HYDRAULICALLY_UNVALIDATED
C_18695,0.0,0.0,3.0479999622912146e-05,0,0,2005-07-26T00:15:00,ENGINE_EXECUTABLE_HYDRAULICALLY_UNVALIDATED
C_18696,0.0,0.0,3.0479999622912146e-05,0,0,2005-07-26T00:15:00,ENGINE_EXECUTABLE_HYDRAULICALLY_UNVALIDATED
C_18697,0.0,0.0,3.0479999622912146e-05,0,0,2005-07-26T00:15:00,ENGINE_EXECUTABLE_HYDRAULICALLY_UNVALIDATED
C_18698,0.0,0.0,3.0479999622912146e-05,0,0,2005-07-26T00:15:00,ENGINE_EXECUTABLE_HYDRAULICALLY_UNVALIDATED
C_18699,0.0,0.0,3.0479999622912146e-05,0,0,2005-07-26T00:15:00,ENGINE_EXECUTABLE_HYDRAULICALLY_UNVALIDATED
C_18712,0.0,0.0,3.0479999622912146e-05,0,0,2005-07-26T00:15:00,ENGINE_EXECUTABLE_HYDRAULICALLY_UNVALIDATED
C_18713,0.0,0.0,3.0479999622912146e-05,0,0,2005-07-26T00:15:00,ENGINE_EXECUTABLE_HYDRAULICALLY_UNVALIDATED
C_18717,0.0,0.0,3.0479999622912146e-05,0,0,2005-07-26T00:15:00,ENGINE_EXECUTABLE_HYDRAULICALLY_UNVALIDATED
C_18718,0.0,0.0,3.0479999622912146e-05,0,0,2005-07-26T00:15:00,ENGINE_EXECUTABLE_HYDRAULICALLY_UNVALIDATED
C_18719,0.0,0.0,3.0479999622912146e-05,0,0,2005-07-26T00:15:00,ENGINE_EXECUTABLE_HYDRAULICALLY_UNVALIDATED
C_18720,0.0,0.0,3.0479999622912146e-05,0,0,2005-07-26T00:15:00,ENGINE_EXECUTABLE_HYDRAULICALLY_UNVALIDATED
C_18721,0.0,0.0,3.0479999622912146e-05,0,0,2005-07-26T00:15:00,ENGINE_EXECUTABLE_HYDRAULICALLY_UNVALIDATED
C_18722,0.0,0.0,3.0479999622912146e-05,0,0,2005-07-26T00:15:00,ENGINE_EXECUTABLE_HYDRAULICALLY_UNVALIDATED
C_18727,0.0,0.0,3.0479999622912146e-05,0,0,2005-07-26T00:15:00,ENGINE_EXECUTABLE_HYDRAULICALLY_UNVALIDATED
C_18728,0.0,0.0,3.0479999622912146e-05,0,0,2005-07-26T00:15:00,ENGINE_EXECUTABLE_HYDRAULICALLY_UNVALIDATED
C_18729,0.0,0.0,3.0479999622912146e-05,0,0,2005-07-26T00:15:00,ENGINE_EXECUTABLE_HYDRAULICALLY_UNVALIDATED
C_18730,0.0,0.0,3.0479999622912146e-05,0,0,2005-07-26T00:15:00,ENGINE_EXECUTABLE_HYDRAULICALLY_UNVALIDATED
C_18731,0.0,0.0,3.0479999622912146e-05,0,0,2005-07-26T00:15:00,ENGINE_EXECUTABLE_HYDRAULICALLY_UNVALIDATED
C_18732,0.0,0.0,3.0479999622912146e-05,0,0,2005-07-26T00:15:00,ENGINE_EXECUTABLE_HYDRAULICALLY_UNVALIDATED
C_18733,0.0,0.0,3.0479999622912146e-05,0,0,2005-07-26T00:15:00,ENGINE_EXECUTABLE_HYDRAULICALLY_UNVALIDATED
C_18734,0.0,0.0,3.0479999622912146e-05,0,0,2005-07-26T00:15:00,ENGINE_EXECUTABLE_HYDRAULICALLY_UNVALIDATED
C_18735,0.0,0.0,3.0479999622912146e-05,0,0,2005-07-26T00:15:00,ENGINE_EXECUTABLE_HYDRAULICALLY_UNVALIDATED
C_21411,0.0,0.0,3.0479999622912146e-05,0,0,2005-07-26T00:15:00,ENGINE_EXECUTABLE_HYDRAULICALLY_UNVALIDATED
C_21414,0.0,0.0,3.0479999622912146e-05,0,0,2005-07-26T00:15:00,ENGINE_EXECUTABLE_HYDRAULICALLY_UNVALIDATED
C_21416,0.0,0.0,3.0479999622912146e-05,0,0,2005-07-26T00:15:00,ENGINE_EXECUTABLE_HYDRAULICALLY_UNVALIDATED
C_21417,0.0,0.0,3.0479999622912146e-05,0,0,2005-07-26T00:15:00,ENGINE_EXECUTABLE_HYDRAULICALLY_UNVALIDATED
C_21447,0.0,0.0,3.0479999622912146e-05,0,0,2005-07-26T00:15:00,ENGINE_EXECUTABLE_HYDRAULICALLY_UNVALIDATED
C_21451,0.0,0.0,3.0479999622912146e-05,0,0,2005-07-26T00:15:00,ENGINE_EXECUTABLE_HYDRAULICALLY_UNVALIDATED
C_21456,0.0,0.0,3.0479999622912146e-05,0,0,2005-07-26T00:15:00,ENGINE_EXECUTABLE_HYDRAULICALLY_UNVALIDATED
C_21457,0.0,0.0,3.0479999622912146e-05,0,0,2005-07-26T00:15:00,ENGINE_EXECUTABLE_HYDRAULICALLY_UNVALIDATED
C_21458,0.0,0.0,3.0479999622912146e-05,0,0,2005-07-26T00:15:00,ENGINE_EXECUTABLE_HYDRAULICALLY_UNVALIDATED
C_21459,0.0,0.0,3.0479999622912146e-05,0,0,2005-07-26T00:15:00,ENGINE_EXECUTABLE_HYDRAULICALLY_UNVALIDATED
C_21460,0.0,0.0,3.0479999622912146e-05,0,0,2005-07-26T00:15:00,ENGINE_EXECUTABLE_HYDRAULICALLY_UNVALIDATED
C_21461,0.0,0.0,3.0479999622912146e-05,0,0,2005-07-26T00:15:00,ENGINE_EXECUTABLE_HYDRAULICALLY_UNVALIDATED
C_21462,0.0,0.0,3.0479999622912146e-05,0,0,2005-07-26T00:15:00,ENGINE_EXECUTABLE_HYDRAULICALLY_UNVALIDATED
C_21463,0.0,0.0,3.0479999622912146e-05,0,0,2005-07-26T00:15:00,ENGINE_EXECUTABLE_HYDRAULICALLY_UNVALIDATED
C_21464,0.0,0.0,3.0479999622912146e-05,0,0,2005-07-26T00:15:00,ENGINE_EXECUTABLE_HYDRAULICALLY_UNVALIDATED
C_21466,0.0,0.0,3.0479999622912146e-05,0,0,2005-07-26T00:15:00,ENGINE_EXECUTABLE_HYDRAULICALLY_UNVALIDATED
C_21468,0.0,0.0,3.0479999622912146e-05,0,0,2005-07-26T00:15:00,ENGINE_EXECUTABLE_HYDRAULICALLY_UNVALIDATED
C_21469,0.0,0.0,3.0479999622912146e-05,0,0,2005-07-26T00:15:00,ENGINE_EXECUTABLE_HYDRAULICALLY_UNVALIDATED
C_21470,0.0,0.0,3.0479999622912146e-05,0,0,2005-07-26T00:15:00,ENGINE_EXECUTABLE_HYDRAULICALLY_UNVALIDATED
C_21472,0.0,0.0,3.0479999622912146e-05,0,0,2005-07-26T00:15:00,ENGINE_EXECUTABLE_HYDRAULICALLY_UNVALIDATED
C_21528,0.0,0.0,3.0479999622912146e-05,0,0,2005-07-26T00:15:00,ENGINE_EXECUTABLE_HYDRAULICALLY_UNVALIDATED
C_21529,0.0,0.0,3.0479999622912146e-05,0,0,2005-07-26T00:15:00,ENGINE_EXECUTABLE_HYDRAULICALLY_UNVALIDATED
C_21530,0.0,0.0,3.0479999622912146e-05,0,0,2005-07-26T00:15:00,ENGINE_EXECUTABLE_HYDRAULICALLY_UNVALIDATED
C_21534,0.0,0.0,3.0479999622912146e-05,0,0,2005-07-26T00:15:00,ENGINE_EXECUTABLE_HYDRAULICALLY_UNVALIDATED
C_21535,0.0,0.0,3.0479999622912146e-05,0,0,2005-07-26T00:15:00,ENGINE_EXECUTABLE_HYDRAULICALLY_UNVALIDATED
C_21536,0.0,0.0,3.0479999622912146e-05,0,0,2005-07-26T00:15:00,ENGINE_EXECUTABLE_HYDRAULICALLY_UNVALIDATED
C_21537,0.0,0.0,3.0479999622912146e-05,0,0,2005-07-26T00:15:00,ENGINE_EXECUTABLE_HYDRAULICALLY_UNVALIDATED
C_21538,0.0,0.0,3.0479999622912146e-05,0,0,2005-07-26T00:15:00,ENGINE_EXECUTABLE_HYDRAULICALLY_UNVALIDATED
C_21539,0.0,0.0,3.0479999622912146e-05,0,0,2005-07-26T00:15:00,ENGINE_EXECUTABLE_HYDRAULICALLY_UNVALIDATED
C_21540,0.0,0.0,3.0479999622912146e-05,0,0,2005-07-26T00:15:00,ENGINE_EXECUTABLE_HYDRAULICALLY_UNVALIDATED
C_21542,0.0,0.0,3.0479999622912146e-05,0,0,2005-07-26T00:15:00,ENGINE_EXECUTABLE_HYDRAULICALLY_UNVALIDATED
C_21543,0.0,0.0,3.0479999622912146e-05,0,0,2005-07-26T00:15:00,ENGINE_EXECUTABLE_HYDRAULICALLY_UNVALIDATED
C_21544,0.0,0.0,3.0479999622912146e-05,0,0,2005-07-26T00:15:00,ENGINE_EXECUTABLE_HYDRAULICALLY_UNVALIDATED
C_21545,0.0,0.0,3.0479999622912146e-05,0,0,2005-07-26T00:15:00,ENGINE_EXECUTABLE_HYDRAULICALLY_UNVALIDATED
C_21546,0.0,0.0,3.0479999622912146e-05,0,0,2005-07-26T00:15:00,ENGINE_EXECUTABLE_HYDRAULICALLY_UNVALIDATED
C_21547,0.0,0.0,3.0479999622912146e-05,0,0,2005-07-26T00:15:00,ENGINE_EXECUTABLE_HYDRAULICALLY_UNVALIDATED
C_21548,0.0,0.0,3.0479999622912146e-05,0,0,2005-07-26T00:15:00,ENGINE_EXECUTABLE_HYDRAULICALLY_UNVALIDATED
C_21549,0.0,0.0,3.0479999622912146e-05,0,0,2005-07-26T00:15:00,ENGINE_EXECUTABLE_HYDRAULICALLY_UNVALIDATED
C_21551,0.0,0.0,3.0479999622912146e-05,0,0,2005-07-26T00:15:00,ENGINE_EXECUTABLE_HYDRAULICALLY_UNVALIDATED
C_21552,0.0,0.0,3.0479999622912146e-05,0,0,2005-07-26T00:15:00,ENGINE_EXECUTABLE_HYDRAULICALLY_UNVALIDATED
C_21554,0.0,0.0,3.0479999622912146e-05,0,0,2005-07-26T00:15:00,ENGINE_EXECUTABLE_HYDRAULICALLY_UNVALIDATED
C_21555,0.0,0.0,3.0479999622912146e-05,0,0,2005-07-26T00:15:00,ENGINE_EXECUTABLE_HYDRAULICALLY_UNVALIDATED
C_21556,0.0,0.0,3.0479999622912146e-05,0,0,2005-07-26T00:15:00,ENGINE_EXECUTABLE_HYDRAULICALLY_UNVALIDATED
C_21558,0.0,0.0,3.0479999622912146e-05,0,0,2005-07-26T00:15:00,ENGINE_EXECUTABLE_HYDRAULICALLY_UNVALIDATED
C_21559,0.0,0.0,3.0479999622912146e-05,0,0,2005-07-26T00:15:00,ENGINE_EXECUTABLE_HYDRAULICALLY_UNVALIDATED
C_21560,0.0,0.0,3.0479999622912146e-05,0,0,2005-07-26T00:15:00,ENGINE_EXECUTABLE_HYDRAULICALLY_UNVALIDATED
C_21564,0.0,0.0,3.0479999622912146e-05,0,0,2005-07-26T00:15:00,ENGINE_EXECUTABLE_HYDRAULICALLY_UNVALIDATED
C_21594,0.0,0.0,3.0479999622912146e-05,0,0,2005-07-26T00:15:00,ENGINE_EXECUTABLE_HYDRAULICALLY_UNVALIDATED
C_21595,0.0,0.0,3.0479999622912146e-05,0,0,2005-07-26T00:15:00,ENGINE_EXECUTABLE_HYDRAULICALLY_UNVALIDATED
C_21602,0.0,0.0,3.0479999622912146e-05,0,0,2005-07-26T00:15:00,ENGINE_EXECUTABLE_HYDRAULICALLY_UNVALIDATED
C_21603,0.0,0.0,3.0479999622912146e-05,0,0,2005-07-26T00:15:00,ENGINE_EXECUTABLE_HYDRAULICALLY_UNVALIDATED
C_21604,0.0,0.0,3.0479999622912146e-05,0,0,2005-07-26T00:15:00,ENGINE_EXECUTABLE_HYDRAULICALLY_UNVALIDATED
C_21605,0.0,0.0,3.0479999622912146e-05,0,0,2005-07-26T00:15:00,ENGINE_EXECUTABLE_HYDRAULICALLY_UNVALIDATED
C_21606,0.0,0.0,3.0479999622912146e-05,0,0,2005-07-26T00:15:00,ENGINE_EXECUTABLE_HYDRAULICALLY_UNVALIDATED
C_21607,0.0,0.0,3.0479999622912146e-05,0,0,2005-07-26T00:15:00,ENGINE_EXECUTABLE_HYDRAULICALLY_UNVALIDATED
C_21608,0.0,0.0,3.0479999622912146e-05,0,0,2005-07-26T00:15:00,ENGINE_EXECUTABLE_HYDRAULICALLY_UNVALIDATED
C_21609,0.0,0.0,3.0479999622912146e-05,0,0,2005-07-26T00:15:00,ENGINE_EXECUTABLE_HYDRAULICALLY_UNVALIDATED
C_21610,0.0,0.0,3.0479999622912146e-05,0,0,2005-07-26T00:15:00,ENGINE_EXECUTABLE_HYDRAULICALLY_UNVALIDATED
C_21612,0.0,0.0,3.0479999622912146e-05,0,0,2005-07-26T00:15:00,ENGINE_EXECUTABLE_HYDRAULICALLY_UNVALIDATED
C_21613,0.0,0.0,3.0479999622912146e-05,0,0,2005-07-26T00:15:00,ENGINE_EXECUTABLE_HYDRAULICALLY_UNVALIDATED
C_21614,0.0,0.0,3.0479999622912146e-05,0,0,2005-07-26T00:15:00,ENGINE_EXECUTABLE_HYDRAULICALLY_UNVALIDATED
C_21615,0.0,0.0,3.0479999622912146e-05,0,0,2005-07-26T00:15:00,ENGINE_EXECUTABLE_HYDRAULICALLY_UNVALIDATED
C_21616,0.0,0.0,3.0479999622912146e-05,0,0,2005-07-26T00:15:00,ENGINE_EXECUTABLE_HYDRAULICALLY_UNVALIDATED
C_21617,0.0,0.0,3.0479999622912146e-05,0,0,2005-07-26T00:15:00,ENGINE_EXECUTABLE_HYDRAULICALLY_UNVALIDATED
C_21618,0.0,0.0,3.0479999622912146e-05,0,0,2005-07-26T00:15:00,ENGINE_EXECUTABLE_HYDRAULICALLY_UNVALIDATED
C_21644,0.0,0.0,3.0479999622912146e-05,0,0,2005-07-26T00:15:00,ENGINE_EXECUTABLE_HYDRAULICALLY_UNVALIDATED
C_21645,0.0,0.0,3.0479999622912146e-05,0,0,2005-07-26T00:15:00,ENGINE_EXECUTABLE_HYDRAULICALLY_UNVALIDATED
C_21646,0.0,0.0,3.0479999622912146e-05,0,0,2005-07-26T00:15:00,ENGINE_EXECUTABLE_HYDRAULICALLY_UNVALIDATED
C_21647,0.0,0.0,3.0479999622912146e-05,0,0,2005-07-26T00:15:00,ENGINE_EXECUTABLE_HYDRAULICALLY_UNVALIDATED
C_21648,0.0,0.0,3.0479999622912146e-05,0,0,2005-07-26T00:15:00,ENGINE_EXECUTABLE_HYDRAULICALLY_UNVALIDATED
C_21864,0.0,0.0,3.0479999622912146e-05,0,0,2005-07-26T00:15:00,ENGINE_EXECUTABLE_HYDRAULICALLY_UNVALIDATED
C_21865,0.0,0.0,3.0479999622912146e-05,0,0,2005-07-26T00:15:00,ENGINE_EXECUTABLE_HYDRAULICALLY_UNVALIDATED
C_21884,0.0,0.0,3.0479999622912146e-05,0,0,2005-07-26T00:15:00,ENGINE_EXECUTABLE_HYDRAULICALLY_UNVALIDATED
C_21885,0.0,0.0,3.0479999622912146e-05,0,0,2005-07-26T00:15:00,ENGINE_EXECUTABLE_HYDRAULICALLY_UNVALIDATED
C_21886,0.0,0.0,3.0479999622912146e-05,0,0,2005-07-26T00:15:00,ENGINE_EXECUTABLE_HYDRAULICALLY_UNVALIDATED
C_21887,0.0,0.0,3.0479999622912146e-05,0,0,2005-07-26T00:15:00,ENGINE_EXECUTABLE_HYDRAULICALLY_UNVALIDATED
C_21888,0.0,0.0,3.0479999622912146e-05,0,0,2005-07-26T00:15:00,ENGINE_EXECUTABLE_HYDRAULICALLY_UNVALIDATED
C_21889,0.0,0.0,3.0479999622912146e-05,0,0,2005-07-26T00:15:00,ENGINE_EXECUTABLE_HYDRAULICALLY_UNVALIDATED
C_21890,0.0,0.0,3.0479999622912146e-05,0,0,2005-07-26T00:15:00,ENGINE_EXECUTABLE_HYDRAULICALLY_UNVALIDATED
C_21891,0.0,0.0,3.0479999622912146e-05,0,0,2005-07-26T00:15:00,ENGINE_EXECUTABLE_HYDRAULICALLY_UNVALIDATED
C_21892,0.0,0.0,3.0479999622912146e-05,0,0,2005-07-26T00:15:00,ENGINE_EXECUTABLE_HYDRAULICALLY_UNVALIDATED
C_21895,0.0,0.0,3.0479999622912146e-05,0,0,2005-07-26T00:15:00,ENGINE_EXECUTABLE_HYDRAULICALLY_UNVALIDATED
C_21897,0.0,0.0,3.0479999622912146e-05,0,0,2005-07-26T00:15:00,ENGINE_EXECUTABLE_HYDRAULICALLY_UNVALIDATED
C_21899,0.0,0.0,3.0479999622912146e-05,0,0,2005-07-26T00:15:00,ENGINE_EXECUTABLE_HYDRAULICALLY_UNVALIDATED
C_21900,0.0,0.0,3.0479999622912146e-05,0,0,2005-07-26T00:15:00,ENGINE_EXECUTABLE_HYDRAULICALLY_UNVALIDATED
C_21901,0.0,0.0,3.0479999622912146e-05,0,0,2005-07-26T00:15:00,ENGINE_EXECUTABLE_HYDRAULICALLY_UNVALIDATED
C_21902,0.0,0.0,3.0479999622912146e-05,0,0,2005-07-26T00:15:00,ENGINE_EXECUTABLE_HYDRAULICALLY_UNVALIDATED
C_21916,0.0,0.0,3.0479999622912146e-05,0,0,2005-07-26T00:15:00,ENGINE_EXECUTABLE_HYDRAULICALLY_UNVALIDATED
C_21924,0.0,0.0,3.0479999622912146e-05,0,0,2005-07-26T00:15:00,ENGINE_EXECUTABLE_HYDRAULICALLY_UNVALIDATED
C_21925,0.0,0.0,3.0479999622912146e-05,0,0,2005-07-26T00:15:00,ENGINE_EXECUTABLE_HYDRAULICALLY_UNVALIDATED
C_21926,0.0,0.0,3.0479999622912146e-05,0,0,2005-07-26T00:15:00,ENGINE_EXECUTABLE_HYDRAULICALLY_UNVALIDATED
C_21927,0.0,0.0,3.0479999622912146e-05,0,0,2005-07-26T00:15:00,ENGINE_EXECUTABLE_HYDRAULICALLY_UNVALIDATED
C_21928,0.0,0.0,3.0479999622912146e-05,0,0,2005-07-26T00:15:00,ENGINE_EXECUTABLE_HYDRAULICALLY_UNVALIDATED
C_21932,0.0,0.0,3.0479999622912146e-05,0,0,2005-07-26T00:15:00,ENGINE_EXECUTABLE_HYDRAULICALLY_UNVALIDATED
C_21934,0.0,0.0,3.0479999622912146e-05,0,0,2005-07-26T00:15:00,ENGINE_EXECUTABLE_HYDRAULICALLY_UNVALIDATED
C_21935,0.0,0.0,3.0479999622912146e-05,0,0,2005-07-26T00:15:00,ENGINE_EXECUTABLE_HYDRAULICALLY_UNVALIDATED
C_21936,0.0,0.0,3.0479999622912146e-05,0,0,2005-07-26T00:15:00,ENGINE_EXECUTABLE_HYDRAULICALLY_UNVALIDATED
C_21937,0.0,0.0,3.0479999622912146e-05,0,0,2005-07-26T00:15:00,ENGINE_EXECUTABLE_HYDRAULICALLY_UNVALIDATED
C_21938,0.0,0.0,3.0479999622912146e-05,0,0,2005-07-26T00:15:00,ENGINE_EXECUTABLE_HYDRAULICALLY_UNVALIDATED
C_21939,0.0,0.0,3.0479999622912146e-05,0,0,2005-07-26T00:15:00,ENGINE_EXECUTABLE_HYDRAULICALLY_UNVALIDATED
C_21940,0.0,0.0,3.0479999622912146e-05,0,0,2005-07-26T00:15:00,ENGINE_EXECUTABLE_HYDRAULICALLY_UNVALIDATED
C_21941,0.0,0.0,3.0479999622912146e-05,0,0,2005-07-26T00:15:00,ENGINE_EXECUTABLE_HYDRAULICALLY_UNVALIDATED
C_21942,0.0,0.0,3.0479999622912146e-05,0,0,2005-07-26T00:15:00,ENGINE_EXECUTABLE_HYDRAULICALLY_UNVALIDATED
C_21943,0.0,0.0,3.0479999622912146e-05,0,0,2005-07-26T00:15:00,ENGINE_EXECUTABLE_HYDRAULICALLY_UNVALIDATED
C_21944,0.0,0.0,3.0479999622912146e-05,0,0,2005-07-26T00:15:00,ENGINE_EXECUTABLE_HYDRAULICALLY_UNVALIDATED
C_21945,0.0,0.0,3.0479999622912146e-05,0,0,2005-07-26T00:15:00,ENGINE_EXECUTABLE_HYDRAULICALLY_UNVALIDATED
C_21946,0.0,0.0,3.0479999622912146e-05,0,0,2005-07-26T00:15:00,ENGINE_EXECUTABLE_HYDRAULICALLY_UNVALIDATED
C_21947,0.0,0.0,3.0479999622912146e-05,0,0,2005-07-26T00:15:00,ENGINE_EXECUTABLE_HYDRAULICALLY_UNVALIDATED
C_21948,0.0,0.0,3.0479999622912146e-05,0,0,2005-07-26T00:15:00,ENGINE_EXECUTABLE_HYDRAULICALLY_UNVALIDATED
C_21949,0.0,0.0,3.0479999622912146e-05,0,0,2005-07-26T00:15:00,ENGINE_EXECUTABLE_HYDRAULICALLY_UNVALIDATED
C_21950,0.0,0.0,3.0479999622912146e-05,0,0,2005-07-26T00:15:00,ENGINE_EXECUTABLE_HYDRAULICALLY_UNVALIDATED
C_21951,0.0,0.0,3.0479999622912146e-05,0,0,2005-07-26T00:15:00,ENGINE_EXECUTABLE_HYDRAULICALLY_UNVALIDATED
C_21952,0.0,0.0,3.0479999622912146e-05,0,0,2005-07-26T00:15:00,ENGINE_EXECUTABLE_HYDRAULICALLY_UNVALIDATED
C_21953,0.0,0.0,3.0479999622912146e-05,0,0,2005-07-26T00:15:00,ENGINE_EXECUTABLE_HYDRAULICALLY_UNVALIDATED
C_21954,0.0,0.0,3.0479999622912146e-05,0,0,2005-07-26T00:15:00,ENGINE_EXECUTABLE_HYDRAULICALLY_UNVALIDATED
C_21955,0.0,0.0,3.0479999622912146e-05,0,0,2005-07-26T00:15:00,ENGINE_EXECUTABLE_HYDRAULICALLY_UNVALIDATED
C_21956,0.0,0.0,3.0479999622912146e-05,0,0,2005-07-26T00:15:00,ENGINE_EXECUTABLE_HYDRAULICALLY_UNVALIDATED
C_21957,0.0,0.0,3.0479999622912146e-05,0,0,2005-07-26T00:15:00,ENGINE_EXECUTABLE_HYDRAULICALLY_UNVALIDATED
C_21958,0.0,0.0,3.0479999622912146e-05,0,0,2005-07-26T00:15:00,ENGINE_EXECUTABLE_HYDRAULICALLY_UNVALIDATED
C_21959,0.0,0.0,3.0479999622912146e-05,0,0,2005-07-26T00:15:00,ENGINE_EXECUTABLE_HYDRAULICALLY_UNVALIDATED
C_21960,0.0,0.0,3.0479999622912146e-05,0,0,2005-07-26T00:15:00,ENGINE_EXECUTABLE_HYDRAULICALLY_UNVALIDATED
C_21961,0.0,0.0,3.0479999622912146e-05,0,0,2005-07-26T00:15:00,ENGINE_EXECUTABLE_HYDRAULICALLY_UNVALIDATED
C_21962,0.0,0.0,3.0479999622912146e-05,0,0,2005-07-26T00:15:00,ENGINE_EXECUTABLE_HYDRAULICALLY_UNVALIDATED
C_21963,0.0,0.0,3.0479999622912146e-05,0,0,2005-07-26T00:15:00,ENGINE_EXECUTABLE_HYDRAULICALLY_UNVALIDATED
C_21964,0.0,0.0,3.0479999622912146e-05,0,0,2005-07-26T00:15:00,ENGINE_EXECUTABLE_HYDRAULICALLY_UNVALIDATED
C_21965,0.0,0.0,3.0479999622912146e-05,0,0,2005-07-26T00:15:00,ENGINE_EXECUTABLE_HYDRAULICALLY_UNVALIDATED
C_21966,0.0,0.0,3.0479999622912146e-05,0,0,2005-07-26T00:15:00,ENGINE_EXECUTABLE_HYDRAULICALLY_UNVALIDATED
C_22001,0.0,0.0,3.0479999622912146e-05,0,0,2005-07-26T00:15:00,ENGINE_EXECUTABLE_HYDRAULICALLY_UNVALIDATED
C_22002,0.0,0.0,3.0479999622912146e-05,0,0,2005-07-26T00:15:00,ENGINE_EXECUTABLE_HYDRAULICALLY_UNVALIDATED
C_22003,0.0,0.0,3.0479999622912146e-05,0,0,2005-07-26T00:15:00,ENGINE_EXECUTABLE_HYDRAULICALLY_UNVALIDATED
C_22004,0.0,0.0,3.0479999622912146e-05,0,0,2005-07-26T00:15:00,ENGINE_EXECUTABLE_HYDRAULICALLY_UNVALIDATED
C_22009,0.0,0.0,3.0479999622912146e-05,0,0,2005-07-26T00:15:00,ENGINE_EXECUTABLE_HYDRAULICALLY_UNVALIDATED
C_22010,0.0,0.0,3.0479999622912146e-05,0,0,2005-07-26T00:15:00,ENGINE_EXECUTABLE_HYDRAULICALLY_UNVALIDATED
C_22012,0.0,0.0,3.0479999622912146e-05,0,0,2005-07-26T00:15:00,ENGINE_EXECUTABLE_HYDRAULICALLY_UNVALIDATED
C_22013,0.0,0.0,3.0479999622912146e-05,0,0,2005-07-26T00:15:00,ENGINE_EXECUTABLE_HYDRAULICALLY_UNVALIDATED
C_22014,0.0,0.0,3.0479999622912146e-05,0,0,2005-07-26T00:15:00,ENGINE_EXECUTABLE_HYDRAULICALLY_UNVALIDATED
C_22015,0.0,0.0,3.0479999622912146e-05,0,0,2005-07-26T00:15:00,ENGINE_EXECUTABLE_HYDRAULICALLY_UNVALIDATED
C_22019,0.0,0.0,3.0479999622912146e-05,0,0,2005-07-26T00:15:00,ENGINE_EXECUTABLE_HYDRAULICALLY_UNVALIDATED
C_22020,0.0,0.0,3.0479999622912146e-05,0,0,2005-07-26T00:15:00,ENGINE_EXECUTABLE_HYDRAULICALLY_UNVALIDATED
C_22021,0.0,0.0,3.0479999622912146e-05,0,0,2005-07-26T00:15:00,ENGINE_EXECUTABLE_HYDRAULICALLY_UNVALIDATED
C_22022,0.0,0.0,3.0479999622912146e-05,0,0,2005-07-26T00:15:00,ENGINE_EXECUTABLE_HYDRAULICALLY_UNVALIDATED
C_22023,0.0,0.0,3.0479999622912146e-05,0,0,2005-07-26T00:15:00,ENGINE_EXECUTABLE_HYDRAULICALLY_UNVALIDATED
C_22024,0.0,0.0,3.0479999622912146e-05,0,0,2005-07-26T00:15:00,ENGINE_EXECUTABLE_HYDRAULICALLY_UNVALIDATED
C_22025,0.0,0.0,3.0479999622912146e-05,0,0,2005-07-26T00:15:00,ENGINE_EXECUTABLE_HYDRAULICALLY_UNVALIDATED
C_22026,0.0,0.0,3.0479999622912146e-05,0,0,2005-07-26T00:15:00,ENGINE_EXECUTABLE_HYDRAULICALLY_UNVALIDATED
C_22027,0.0,0.0,3.0479999622912146e-05,0,0,2005-07-26T00:15:00,ENGINE_EXECUTABLE_HYDRAULICALLY_UNVALIDATED
C_22028,0.0,0.0,3.0479999622912146e-05,0,0,2005-07-26T00:15:00,ENGINE_EXECUTABLE_HYDRAULICALLY_UNVALIDATED
C_22029,0.0,0.0,3.0479999622912146e-05,0,0,2005-07-26T00:15:00,ENGINE_EXECUTABLE_HYDRAULICALLY_UNVALIDATED
C_22030,0.0,0.0,3.0479999622912146e-05,0,0,2005-07-26T00:15:00,ENGINE_EXECUTABLE_HYDRAULICALLY_UNVALIDATED
C_22031,0.0,0.0,3.0479999622912146e-05,0,0,2005-07-26T00:15:00,ENGINE_EXECUTABLE_HYDRAULICALLY_UNVALIDATED
C_22032,0.0,0.0,3.0479999622912146e-05,0,0,2005-07-26T00:15:00,ENGINE_EXECUTABLE_HYDRAULICALLY_UNVALIDATED
C_22033,0.0,0.0,3.0479999622912146e-05,0,0,2005-07-26T00:15:00,ENGINE_EXECUTABLE_HYDRAULICALLY_UNVALIDATED
C_22076,0.0,0.0,3.0479999622912146e-05,0,0,2005-07-26T00:15:00,ENGINE_EXECUTABLE_HYDRAULICALLY_UNVALIDATED
C_22077,0.0,0.0,3.0479999622912146e-05,0,0,2005-07-26T00:15:00,ENGINE_EXECUTABLE_HYDRAULICALLY_UNVALIDATED
C_22078,0.0,0.0,3.0479999622912146e-05,0,0,2005-07-26T00:15:00,ENGINE_EXECUTABLE_HYDRAULICALLY_UNVALIDATED
C_22142,0.0,0.0,3.0479999622912146e-05,0,0,2005-07-26T00:15:00,ENGINE_EXECUTABLE_HYDRAULICALLY_UNVALIDATED
C_22143,0.0,0.0,3.0479999622912146e-05,0,0,2005-07-26T00:15:00,ENGINE_EXECUTABLE_HYDRAULICALLY_UNVALIDATED
C_22144,0.0,0.0,3.0479999622912146e-05,0,0,2005-07-26T00:15:00,ENGINE_EXECUTABLE_HYDRAULICALLY_UNVALIDATED
C_22146,0.0,0.0,3.0479999622912146e-05,0,0,2005-07-26T00:15:00,ENGINE_EXECUTABLE_HYDRAULICALLY_UNVALIDATED
C_22147,0.0,0.0,3.0479999622912146e-05,0,0,2005-07-26T00:15:00,ENGINE_EXECUTABLE_HYDRAULICALLY_UNVALIDATED
C_22148,0.0,0.0,3.0479999622912146e-05,0,0,2005-07-26T00:15:00,ENGINE_EXECUTABLE_HYDRAULICALLY_UNVALIDATED
C_22149,0.0,0.0,3.0479999622912146e-05,0,0,2005-07-26T00:15:00,ENGINE_EXECUTABLE_HYDRAULICALLY_UNVALIDATED
C_22150,0.0,0.0,3.0479999622912146e-05,0,0,2005-07-26T00:15:00,ENGINE_EXECUTABLE_HYDRAULICALLY_UNVALIDATED
C_22151,0.0,0.0,3.0479999622912146e-05,0,0,2005-07-26T00:15:00,ENGINE_EXECUTABLE_HYDRAULICALLY_UNVALIDATED
C_22152,0.0,0.0,3.0479999622912146e-05,0,0,2005-07-26T00:15:00,ENGINE_EXECUTABLE_HYDRAULICALLY_UNVALIDATED
C_22153,0.0,0.0,3.0479999622912146e-05,0,0,2005-07-26T00:15:00,ENGINE_EXECUTABLE_HYDRAULICALLY_UNVALIDATED
C_22156,0.0,0.0,3.0479999622912146e-05,0,0,2005-07-26T00:15:00,ENGINE_EXECUTABLE_HYDRAULICALLY_UNVALIDATED
C_22157,0.0,0.0,3.0479999622912146e-05,0,0,2005-07-26T00:15:00,ENGINE_EXECUTABLE_HYDRAULICALLY_UNVALIDATED
C_22158,0.0,0.0,3.0479999622912146e-05,0,0,2005-07-26T00:15:00,ENGINE_EXECUTABLE_HYDRAULICALLY_UNVALIDATED
C_22159,0.0,0.0,3.0479999622912146e-05,0,0,2005-07-26T00:15:00,ENGINE_EXECUTABLE_HYDRAULICALLY_UNVALIDATED
C_22160,0.0,0.0,3.0479999622912146e-05,0,0,2005-07-26T00:15:00,ENGINE_EXECUTABLE_HYDRAULICALLY_UNVALIDATED
C_22161,0.0,0.0,3.0479999622912146e-05,0,0,2005-07-26T00:15:00,ENGINE_EXECUTABLE_HYDRAULICALLY_UNVALIDATED
C_22165,0.0,0.0,3.0479999622912146e-05,0,0,2005-07-26T00:15:00,ENGINE_EXECUTABLE_HYDRAULICALLY_UNVALIDATED
C_22167,0.0,0.0,3.0479999622912146e-05,0,0,2005-07-26T00:15:00,ENGINE_EXECUTABLE_HYDRAULICALLY_UNVALIDATED
C_22168,0.0,0.0,3.0479999622912146e-05,0,0,2005-07-26T00:15:00,ENGINE_EXECUTABLE_HYDRAULICALLY_UNVALIDATED
C_22169,0.0,0.0,3.0479999622912146e-05,0,0,2005-07-26T00:15:00,ENGINE_EXECUTABLE_HYDRAULICALLY_UNVALIDATED
C_22170,0.0,0.0,3.0479999622912146e-05,0,0,2005-07-26T00:15:00,ENGINE_EXECUTABLE_HYDRAULICALLY_UNVALIDATED
C_22171,0.0,0.0,3.0479999622912146e-05,0,0,2005-07-26T00:15:00,ENGINE_EXECUTABLE_HYDRAULICALLY_UNVALIDATED
C_22172,0.0,0.0,3.0479999622912146e-05,0,0,2005-07-26T00:15:00,ENGINE_EXECUTABLE_HYDRAULICALLY_UNVALIDATED
C_22173,0.0,0.0,3.0479999622912146e-05,0,0,2005-07-26T00:15:00,ENGINE_EXECUTABLE_HYDRAULICALLY_UNVALIDATED
C_22174,0.0,0.0,3.0479999622912146e-05,0,0,2005-07-26T00:15:00,ENGINE_EXECUTABLE_HYDRAULICALLY_UNVALIDATED
C_22175,0.0,0.0,3.0479999622912146e-05,0,0,2005-07-26T00:15:00,ENGINE_EXECUTABLE_HYDRAULICALLY_UNVALIDATED
C_22176,0.0,0.0,3.0479999622912146e-05,0,0,2005-07-26T00:15:00,ENGINE_EXECUTABLE_HYDRAULICALLY_UNVALIDATED
C_22177,0.0,0.0,3.0479999622912146e-05,0,0,2005-07-26T00:15:00,ENGINE_EXECUTABLE_HYDRAULICALLY_UNVALIDATED
C_22178,0.0,0.0,3.0479999622912146e-05,0,0,2005-07-26T00:15:00,ENGINE_EXECUTABLE_HYDRAULICALLY_UNVALIDATED
C_22187,0.0,0.0,3.0479999622912146e-05,0,0,2005-07-26T00:15:00,ENGINE_EXECUTABLE_HYDRAULICALLY_UNVALIDATED
C_22188,0.0,0.0,3.0479999622912146e-05,0,0,2005-07-26T00:15:00,ENGINE_EXECUTABLE_HYDRAULICALLY_UNVALIDATED
C_22189,0.0,0.0,3.0479999622912146e-05,0,0,2005-07-26T00:15:00,ENGINE_EXECUTABLE_HYDRAULICALLY_UNVALIDATED
C_22190,0.0,0.0,3.0479999622912146e-05,0,0,2005-07-26T00:15:00,ENGINE_EXECUTABLE_HYDRAULICALLY_UNVALIDATED
C_22191,0.0,0.0,3.0479999622912146e-05,0,0,2005-07-26T00:15:00,ENGINE_EXECUTABLE_HYDRAULICALLY_UNVALIDATED
C_22192,0.0,0.0,3.0479999622912146e-05,0,0,2005-07-26T00:15:00,ENGINE_EXECUTABLE_HYDRAULICALLY_UNVALIDATED
C_22193,0.0,0.0,3.0479999622912146e-05,0,0,2005-07-26T00:15:00,ENGINE_EXECUTABLE_HYDRAULICALLY_UNVALIDATED
C_22194,0.0,0.0,3.0479999622912146e-05,0,0,2005-07-26T00:15:00,ENGINE_EXECUTABLE_HYDRAULICALLY_UNVALIDATED
C_22195,0.0,0.0,3.0479999622912146e-05,0,0,2005-07-26T00:15:00,ENGINE_EXECUTABLE_HYDRAULICALLY_UNVALIDATED
C_22196,0.0,0.0,3.0479999622912146e-05,0,0,2005-07-26T00:15:00,ENGINE_EXECUTABLE_HYDRAULICALLY_UNVALIDATED
C_22207,0.0,0.0,3.0479999622912146e-05,0,0,2005-07-26T00:15:00,ENGINE_EXECUTABLE_HYDRAULICALLY_UNVALIDATED
C_22208,0.0,0.0,3.0479999622912146e-05,0,0,2005-07-26T00:15:00,ENGINE_EXECUTABLE_HYDRAULICALLY_UNVALIDATED
C_22209,0.0,0.0,3.0479999622912146e-05,0,0,2005-07-26T00:15:00,ENGINE_EXECUTABLE_HYDRAULICALLY_UNVALIDATED
C_22210,0.0,0.0,3.0479999622912146e-05,0,0,2005-07-26T00:15:00,ENGINE_EXECUTABLE_HYDRAULICALLY_UNVALIDATED
C_22211,0.0,0.0,3.0479999622912146e-05,0,0,2005-07-26T00:15:00,ENGINE_EXECUTABLE_HYDRAULICALLY_UNVALIDATED
C_22212,0.0,0.0,3.0479999622912146e-05,0,0,2005-07-26T00:15:00,ENGINE_EXECUTABLE_HYDRAULICALLY_UNVALIDATED
C_22213,0.0,0.0,3.0479999622912146e-05,0,0,2005-07-26T00:15:00,ENGINE_EXECUTABLE_HYDRAULICALLY_UNVALIDATED
C_22214,0.0,0.0,3.0479999622912146e-05,0,0,2005-07-26T00:15:00,ENGINE_EXECUTABLE_HYDRAULICALLY_UNVALIDATED
C_22215,0.0,0.0,3.0479999622912146e-05,0,0,2005-07-26T00:15:00,ENGINE_EXECUTABLE_HYDRAULICALLY_UNVALIDATED
C_22216,0.0,0.0,3.0479999622912146e-05,0,0,2005-07-26T00:15:00,ENGINE_EXECUTABLE_HYDRAULICALLY_UNVALIDATED
C_22217,0.0,0.0,3.0479999622912146e-05,0,0,2005-07-26T00:15:00,ENGINE_EXECUTABLE_HYDRAULICALLY_UNVALIDATED
C_22218,0.0,0.0,3.0479999622912146e-05,0,0,2005-07-26T00:15:00,ENGINE_EXECUTABLE_HYDRAULICALLY_UNVALIDATED
C_22219,0.0,0.0,3.0479999622912146e-05,0,0,2005-07-26T00:15:00,ENGINE_EXECUTABLE_HYDRAULICALLY_UNVALIDATED
C_22220,0.0,0.0,3.0479999622912146e-05,0,0,2005-07-26T00:15:00,ENGINE_EXECUTABLE_HYDRAULICALLY_UNVALIDATED
C_22241,0.0,0.0,3.0479999622912146e-05,0,0,2005-07-26T00:15:00,ENGINE_EXECUTABLE_HYDRAULICALLY_UNVALIDATED
C_22242,0.0,0.0,3.0479999622912146e-05,0,0,2005-07-26T00:15:00,ENGINE_EXECUTABLE_HYDRAULICALLY_UNVALIDATED
C_22243,0.0,0.0,3.0479999622912146e-05,0,0,2005-07-26T00:15:00,ENGINE_EXECUTABLE_HYDRAULICALLY_UNVALIDATED
C_22244,0.0,0.0,3.0479999622912146e-05,0,0,2005-07-26T00:15:00,ENGINE_EXECUTABLE_HYDRAULICALLY_UNVALIDATED
C_22245,0.0,0.0,3.0479999622912146e-05,0,0,2005-07-26T00:15:00,ENGINE_EXECUTABLE_HYDRAULICALLY_UNVALIDATED
C_22277,0.0,0.0,3.0479999622912146e-05,0,0,2005-07-26T00:15:00,ENGINE_EXECUTABLE_HYDRAULICALLY_UNVALIDATED
C_22278,0.0,0.0,3.0479999622912146e-05,0,0,2005-07-26T00:15:00,ENGINE_EXECUTABLE_HYDRAULICALLY_UNVALIDATED
C_22279,0.0,0.0,3.0479999622912146e-05,0,0,2005-07-26T00:15:00,ENGINE_EXECUTABLE_HYDRAULICALLY_UNVALIDATED
C_22280,0.0,0.0,3.0479999622912146e-05,0,0,2005-07-26T00:15:00,ENGINE_EXECUTABLE_HYDRAULICALLY_UNVALIDATED
C_22281,0.0,0.0,3.0479999622912146e-05,0,0,2005-07-26T00:15:00,ENGINE_EXECUTABLE_HYDRAULICALLY_UNVALIDATED
C_22298,0.0,0.0,3.0479999622912146e-05,0,0,2005-07-26T00:15:00,ENGINE_EXECUTABLE_HYDRAULICALLY_UNVALIDATED
C_22299,0.0,0.0,3.0479999622912146e-05,0,0,2005-07-26T00:15:00,ENGINE_EXECUTABLE_HYDRAULICALLY_UNVALIDATED
C_22300,0.0,0.0,3.0479999622912146e-05,0,0,2005-07-26T00:15:00,ENGINE_EXECUTABLE_HYDRAULICALLY_UNVALIDATED
C_22301,0.0,0.0,3.0479999622912146e-05,0,0,2005-07-26T00:15:00,ENGINE_EXECUTABLE_HYDRAULICALLY_UNVALIDATED
C_22302,0.0,0.0,3.0479999622912146e-05,0,0,2005-07-26T00:15:00,ENGINE_EXECUTABLE_HYDRAULICALLY_UNVALIDATED
C_22303,0.0,0.0,3.0479999622912146e-05,0,0,2005-07-26T00:15:00,ENGINE_EXECUTABLE_HYDRAULICALLY_UNVALIDATED
C_22304,0.0,0.0,3.0479999622912146e-05,0,0,2005-07-26T00:15:00,ENGINE_EXECUTABLE_HYDRAULICALLY_UNVALIDATED
C_22305,0.0,0.0,3.0479999622912146e-05,0,0,2005-07-26T00:15:00,ENGINE_EXECUTABLE_HYDRAULICALLY_UNVALIDATED
C_22306,0.0,0.0,3.0479999622912146e-05,0,0,2005-07-26T00:15:00,ENGINE_EXECUTABLE_HYDRAULICALLY_UNVALIDATED
C_22307,0.0,0.0,3.0479999622912146e-05,0,0,2005-07-26T00:15:00,ENGINE_EXECUTABLE_HYDRAULICALLY_UNVALIDATED
C_22308,0.0,0.0,3.0479999622912146e-05,0,0,2005-07-26T00:15:00,ENGINE_EXECUTABLE_HYDRAULICALLY_UNVALIDATED
C_22309,0.0,0.0,3.0479999622912146e-05,0,0,2005-07-26T00:15:00,ENGINE_EXECUTABLE_HYDRAULICALLY_UNVALIDATED
C_22310,0.0,0.0,3.0479999622912146e-05,0,0,2005-07-26T00:15:00,ENGINE_EXECUTABLE_HYDRAULICALLY_UNVALIDATED
C_22311,0.0,0.0,3.0479999622912146e-05,0,0,2005-07-26T00:15:00,ENGINE_EXECUTABLE_HYDRAULICALLY_UNVALIDATED
C_22312,0.0,0.0,3.0479999622912146e-05,0,0,2005-07-26T00:15:00,ENGINE_EXECUTABLE_HYDRAULICALLY_UNVALIDATED
C_22313,0.0,0.0,3.0479999622912146e-05,0,0,2005-07-26T00:15:00,ENGINE_EXECUTABLE_HYDRAULICALLY_UNVALIDATED
C_22314,0.0,0.0,3.0479999622912146e-05,0,0,2005-07-26T00:15:00,ENGINE_EXECUTABLE_HYDRAULICALLY_UNVALIDATED
C_22315,0.0,0.0,3.0479999622912146e-05,0,0,2005-07-26T00:15:00,ENGINE_EXECUTABLE_HYDRAULICALLY_UNVALIDATED
C_22316,0.0,0.0,3.0479999622912146e-05,0,0,2005-07-26T00:15:00,ENGINE_EXECUTABLE_HYDRAULICALLY_UNVALIDATED
C_22317,0.0,0.0,3.0479999622912146e-05,0,0,2005-07-26T00:15:00,ENGINE_EXECUTABLE_HYDRAULICALLY_UNVALIDATED
C_22318,0.0,0.0,3.0479999622912146e-05,0,0,2005-07-26T00:15:00,ENGINE_EXECUTABLE_HYDRAULICALLY_UNVALIDATED
C_22319,0.0,0.0,3.0479999622912146e-05,0,0,2005-07-26T00:15:00,ENGINE_EXECUTABLE_HYDRAULICALLY_UNVALIDATED
C_22320,0.0,0.0,3.0479999622912146e-05,0,0,2005-07-26T00:15:00,ENGINE_EXECUTABLE_HYDRAULICALLY_UNVALIDATED
C_22321,0.0,0.0,3.0479999622912146e-05,0,0,2005-07-26T00:15:00,ENGINE_EXECUTABLE_HYDRAULICALLY_UNVALIDATED
C_22322,0.0,0.0,3.0479999622912146e-05,0,0,2005-07-26T00:15:00,ENGINE_EXECUTABLE_HYDRAULICALLY_UNVALIDATED
C_22323,0.0,0.0,3.0479999622912146e-05,0,0,2005-07-26T00:15:00,ENGINE_EXECUTABLE_HYDRAULICALLY_UNVALIDATED
C_22324,0.0,0.0,3.0479999622912146e-05,0,0,2005-07-26T00:15:00,ENGINE_EXECUTABLE_HYDRAULICALLY_UNVALIDATED
C_22325,0.0,0.0,3.0479999622912146e-05,0,0,2005-07-26T00:15:00,ENGINE_EXECUTABLE_HYDRAULICALLY_UNVALIDATED
C_22326,0.0,0.0,3.0479999622912146e-05,0,0,2005-07-26T00:15:00,ENGINE_EXECUTABLE_HYDRAULICALLY_UNVALIDATED
C_22327,0.0,0.0,3.0479999622912146e-05,0,0,2005-07-26T00:15:00,ENGINE_EXECUTABLE_HYDRAULICALLY_UNVALIDATED
C_22329,0.0,0.0,3.0479999622912146e-05,0,0,2005-07-26T00:15:00,ENGINE_EXECUTABLE_HYDRAULICALLY_UNVALIDATED
C_22330,0.0,0.0,3.0479999622912146e-05,0,0,2005-07-26T00:15:00,ENGINE_EXECUTABLE_HYDRAULICALLY_UNVALIDATED
C_22331,0.0,0.0,3.0479999622912146e-05,0,0,2005-07-26T00:15:00,ENGINE_EXECUTABLE_HYDRAULICALLY_UNVALIDATED
C_22332,0.0,0.0,3.0479999622912146e-05,0,0,2005-07-26T00:15:00,ENGINE_EXECUTABLE_HYDRAULICALLY_UNVALIDATED
C_22333,0.0,0.0,3.0479999622912146e-05,0,0,2005-07-26T00:15:00,ENGINE_EXECUTABLE_HYDRAULICALLY_UNVALIDATED
C_22334,0.0,0.0,3.0479999622912146e-05,0,0,2005-07-26T00:15:00,ENGINE_EXECUTABLE_HYDRAULICALLY_UNVALIDATED
C_22335,0.0,0.0,3.0479999622912146e-05,0,0,2005-07-26T00:15:00,ENGINE_EXECUTABLE_HYDRAULICALLY_UNVALIDATED
C_22336,0.0,0.0,3.0479999622912146e-05,0,0,2005-07-26T00:15:00,ENGINE_EXECUTABLE_HYDRAULICALLY_UNVALIDATED
C_22337,0.0,0.0,3.0479999622912146e-05,0,0,2005-07-26T00:15:00,ENGINE_EXECUTABLE_HYDRAULICALLY_UNVALIDATED
C_22341,0.0,0.0,3.0479999622912146e-05,0,0,2005-07-26T00:15:00,ENGINE_EXECUTABLE_HYDRAULICALLY_UNVALIDATED
C_22343,0.0,0.0,3.0479999622912146e-05,0,0,2005-07-26T00:15:00,ENGINE_EXECUTABLE_HYDRAULICALLY_UNVALIDATED
C_22345,0.0,0.0,3.0479999622912146e-05,0,0,2005-07-26T00:15:00,ENGINE_EXECUTABLE_HYDRAULICALLY_UNVALIDATED
C_22346,0.0,0.0,3.0479999622912146e-05,0,0,2005-07-26T00:15:00,ENGINE_EXECUTABLE_HYDRAULICALLY_UNVALIDATED
C_22348,0.0,0.0,3.0479999622912146e-05,0,0,2005-07-26T00:15:00,ENGINE_EXECUTABLE_HYDRAULICALLY_UNVALIDATED
C_22349,0.0,0.0,3.0479999622912146e-05,0,0,2005-07-26T00:15:00,ENGINE_EXECUTABLE_HYDRAULICALLY_UNVALIDATED
C_22359,0.0,0.0,3.0479999622912146e-05,0,0,2005-07-26T00:15:00,ENGINE_EXECUTABLE_HYDRAULICALLY_UNVALIDATED
C_22360,0.0,0.0,3.0479999622912146e-05,0,0,2005-07-26T00:15:00,ENGINE_EXECUTABLE_HYDRAULICALLY_UNVALIDATED
C_22361,0.0,0.0,3.0479999622912146e-05,0,0,2005-07-26T00:15:00,ENGINE_EXECUTABLE_HYDRAULICALLY_UNVALIDATED
C_22362,0.0,0.0,3.0479999622912146e-05,0,0,2005-07-26T00:15:00,ENGINE_EXECUTABLE_HYDRAULICALLY_UNVALIDATED
C_22363,0.0,0.0,3.0479999622912146e-05,0,0,2005-07-26T00:15:00,ENGINE_EXECUTABLE_HYDRAULICALLY_UNVALIDATED
C_22365,0.0,0.0,3.0479999622912146e-05,0,0,2005-07-26T00:15:00,ENGINE_EXECUTABLE_HYDRAULICALLY_UNVALIDATED
C_22368,0.0,0.0,3.0479999622912146e-05,0,0,2005-07-26T00:15:00,ENGINE_EXECUTABLE_HYDRAULICALLY_UNVALIDATED
C_22369,0.0,0.0,3.0479999622912146e-05,0,0,2005-07-26T00:15:00,ENGINE_EXECUTABLE_HYDRAULICALLY_UNVALIDATED
C_22370,0.0,0.0,3.0479999622912146e-05,0,0,2005-07-26T00:15:00,ENGINE_EXECUTABLE_HYDRAULICALLY_UNVALIDATED
C_22371,0.0,0.0,3.0479999622912146e-05,0,0,2005-07-26T00:15:00,ENGINE_EXECUTABLE_HYDRAULICALLY_UNVALIDATED
C_22372,0.0,0.0,3.0479999622912146e-05,0,0,2005-07-26T00:15:00,ENGINE_EXECUTABLE_HYDRAULICALLY_UNVALIDATED
C_22373,0.0,0.0,3.0479999622912146e-05,0,0,2005-07-26T00:15:00,ENGINE_EXECUTABLE_HYDRAULICALLY_UNVALIDATED
C_22374,0.0,0.0,3.0479999622912146e-05,0,0,2005-07-26T00:15:00,ENGINE_EXECUTABLE_HYDRAULICALLY_UNVALIDATED
C_22375,0.0,0.0,3.0479999622912146e-05,0,0,2005-07-26T00:15:00,ENGINE_EXECUTABLE_HYDRAULICALLY_UNVALIDATED
C_22376,0.0,0.0,3.0479999622912146e-05,0,0,2005-07-26T00:15:00,ENGINE_EXECUTABLE_HYDRAULICALLY_UNVALIDATED
C_22377,0.0,0.0,3.0479999622912146e-05,0,0,2005-07-26T00:15:00,ENGINE_EXECUTABLE_HYDRAULICALLY_UNVALIDATED
C_22378,0.0,0.0,3.0479999622912146e-05,0,0,2005-07-26T00:15:00,ENGINE_EXECUTABLE_HYDRAULICALLY_UNVALIDATED
C_22379,0.0,0.0,3.0479999622912146e-05,0,0,2005-07-26T00:15:00,ENGINE_EXECUTABLE_HYDRAULICALLY_UNVALIDATED
C_22380,0.0,0.0,3.0479999622912146e-05,0,0,2005-07-26T00:15:00,ENGINE_EXECUTABLE_HYDRAULICALLY_UNVALIDATED
C_22381,0.0,0.0,3.0479999622912146e-05,0,0,2005-07-26T00:15:00,ENGINE_EXECUTABLE_HYDRAULICALLY_UNVALIDATED
C_22382,0.0,0.0,3.0479999622912146e-05,0,0,2005-07-26T00:15:00,ENGINE_EXECUTABLE_HYDRAULICALLY_UNVALIDATED
C_22383,0.0,0.0,3.0479999622912146e-05,0,0,2005-07-26T00:15:00,ENGINE_EXECUTABLE_HYDRAULICALLY_UNVALIDATED
C_22384,0.0,0.0,3.0479999622912146e-05,0,0,2005-07-26T00:15:00,ENGINE_EXECUTABLE_HYDRAULICALLY_UNVALIDATED
C_22385,0.0,0.0,3.0479999622912146e-05,0,0,2005-07-26T00:15:00,ENGINE_EXECUTABLE_HYDRAULICALLY_UNVALIDATED
C_22386,0.0,0.0,3.0479999622912146e-05,0,0,2005-07-26T00:15:00,ENGINE_EXECUTABLE_HYDRAULICALLY_UNVALIDATED
C_22387,0.0,0.0,3.0479999622912146e-05,0,0,2005-07-26T00:15:00,ENGINE_EXECUTABLE_HYDRAULICALLY_UNVALIDATED
C_22388,0.0,0.0,3.0479999622912146e-05,0,0,2005-07-26T00:15:00,ENGINE_EXECUTABLE_HYDRAULICALLY_UNVALIDATED
C_22389,0.0,0.0,3.0479999622912146e-05,0,0,2005-07-26T00:15:00,ENGINE_EXECUTABLE_HYDRAULICALLY_UNVALIDATED
C_22390,0.0,0.0,3.0479999622912146e-05,0,0,2005-07-26T00:15:00,ENGINE_EXECUTABLE_HYDRAULICALLY_UNVALIDATED
C_22391,0.0,0.0,3.0479999622912146e-05,0,0,2005-07-26T00:15:00,ENGINE_EXECUTABLE_HYDRAULICALLY_UNVALIDATED
C_22392,0.0,0.0,3.0479999622912146e-05,0,0,2005-07-26T00:15:00,ENGINE_EXECUTABLE_HYDRAULICALLY_UNVALIDATED
C_22393,0.0,0.0,3.0479999622912146e-05,0,0,2005-07-26T00:15:00,ENGINE_EXECUTABLE_HYDRAULICALLY_UNVALIDATED
C_22394,0.0,0.0,3.0479999622912146e-05,0,0,2005-07-26T00:15:00,ENGINE_EXECUTABLE_HYDRAULICALLY_UNVALIDATED
C_22395,0.0,0.0,3.0479999622912146e-05,0,0,2005-07-26T00:15:00,ENGINE_EXECUTABLE_HYDRAULICALLY_UNVALIDATED
C_22396,0.0,0.0,3.0479999622912146e-05,0,0,2005-07-26T00:15:00,ENGINE_EXECUTABLE_HYDRAULICALLY_UNVALIDATED
C_22397,0.0,0.0,3.0479999622912146e-05,0,0,2005-07-26T00:15:00,ENGINE_EXECUTABLE_HYDRAULICALLY_UNVALIDATED
C_22398,0.0,0.0,3.0479999622912146e-05,0,0,2005-07-26T00:15:00,ENGINE_EXECUTABLE_HYDRAULICALLY_UNVALIDATED
C_22399,0.0,0.0,3.0479999622912146e-05,0,0,2005-07-26T00:15:00,ENGINE_EXECUTABLE_HYDRAULICALLY_UNVALIDATED
C_22400,0.0,0.0,3.0479999622912146e-05,0,0,2005-07-26T00:15:00,ENGINE_EXECUTABLE_HYDRAULICALLY_UNVALIDATED
C_22401,0.0,0.0,3.0479999622912146e-05,0,0,2005-07-26T00:15:00,ENGINE_EXECUTABLE_HYDRAULICALLY_UNVALIDATED
C_22402,0.0,0.0,3.0479999622912146e-05,0,0,2005-07-26T00:15:00,ENGINE_EXECUTABLE_HYDRAULICALLY_UNVALIDATED
C_22403,0.0,0.0,3.0479999622912146e-05,0,0,2005-07-26T00:15:00,ENGINE_EXECUTABLE_HYDRAULICALLY_UNVALIDATED
C_22404,0.0,0.0,3.0479999622912146e-05,0,0,2005-07-26T00:15:00,ENGINE_EXECUTABLE_HYDRAULICALLY_UNVALIDATED
C_22405,0.0,0.0,3.0479999622912146e-05,0,0,2005-07-26T00:15:00,ENGINE_EXECUTABLE_HYDRAULICALLY_UNVALIDATED
C_22406,0.0,0.0,3.0479999622912146e-05,0,0,2005-07-26T00:15:00,ENGINE_EXECUTABLE_HYDRAULICALLY_UNVALIDATED
C_22407,0.0,0.0,3.0479999622912146e-05,0,0,2005-07-26T00:15:00,ENGINE_EXECUTABLE_HYDRAULICALLY_UNVALIDATED
C_22604,0.0,0.0,3.0479999622912146e-05,0,0,2005-07-26T00:15:00,ENGINE_EXECUTABLE_HYDRAULICALLY_UNVALIDATED
C_22605,0.0,0.0,3.0479999622912146e-05,0,0,2005-07-26T00:15:00,ENGINE_EXECUTABLE_HYDRAULICALLY_UNVALIDATED
C_22606,0.0,0.0,3.0479999622912146e-05,0,0,2005-07-26T00:15:00,ENGINE_EXECUTABLE_HYDRAULICALLY_UNVALIDATED
C_22611,0.0,0.0,3.0479999622912146e-05,0,0,2005-07-26T00:15:00,ENGINE_EXECUTABLE_HYDRAULICALLY_UNVALIDATED
C_22612,0.0,0.0,3.0479999622912146e-05,0,0,2005-07-26T00:15:00,ENGINE_EXECUTABLE_HYDRAULICALLY_UNVALIDATED
C_22613,0.0,0.0,3.0479999622912146e-05,0,0,2005-07-26T00:15:00,ENGINE_EXECUTABLE_HYDRAULICALLY_UNVALIDATED
C_22614,0.0,0.0,3.0479999622912146e-05,0,0,2005-07-26T00:15:00,ENGINE_EXECUTABLE_HYDRAULICALLY_UNVALIDATED
C_22615,0.0,0.0,3.0479999622912146e-05,0,0,2005-07-26T00:15:00,ENGINE_EXECUTABLE_HYDRAULICALLY_UNVALIDATED
C_22616,0.0,0.0,3.0479999622912146e-05,0,0,2005-07-26T00:15:00,ENGINE_EXECUTABLE_HYDRAULICALLY_UNVALIDATED
C_22617,0.0,0.0,3.0479999622912146e-05,0,0,2005-07-26T00:15:00,ENGINE_EXECUTABLE_HYDRAULICALLY_UNVALIDATED
C_22618,0.0,0.0,3.0479999622912146e-05,0,0,2005-07-26T00:15:00,ENGINE_EXECUTABLE_HYDRAULICALLY_UNVALIDATED
C_23916,0.0,0.0,3.0479999622912146e-05,0,0,2005-07-26T00:15:00,ENGINE_EXECUTABLE_HYDRAULICALLY_UNVALIDATED
C_23917,0.0,0.0,3.0479999622912146e-05,0,0,2005-07-26T00:15:00,ENGINE_EXECUTABLE_HYDRAULICALLY_UNVALIDATED
C_23918,0.0,0.0,3.0479999622912146e-05,0,0,2005-07-26T00:15:00,ENGINE_EXECUTABLE_HYDRAULICALLY_UNVALIDATED
C_23919,0.0,0.0,3.0479999622912146e-05,0,0,2005-07-26T00:15:00,ENGINE_EXECUTABLE_HYDRAULICALLY_UNVALIDATED
C_23920,0.0,0.0,3.0479999622912146e-05,0,0,2005-07-26T00:15:00,ENGINE_EXECUTABLE_HYDRAULICALLY_UNVALIDATED
C_23921,0.0,0.0,3.0479999622912146e-05,0,0,2005-07-26T00:15:00,ENGINE_EXECUTABLE_HYDRAULICALLY_UNVALIDATED
C_23922,0.0,0.0,3.0479999622912146e-05,0,0,2005-07-26T00:15:00,ENGINE_EXECUTABLE_HYDRAULICALLY_UNVALIDATED
C_23923,0.0,0.0,3.0479999622912146e-05,0,0,2005-07-26T00:15:00,ENGINE_EXECUTABLE_HYDRAULICALLY_UNVALIDATED
C_23924,0.0,0.0,3.0479999622912146e-05,0,0,2005-07-26T00:15:00,ENGINE_EXECUTABLE_HYDRAULICALLY_UNVALIDATED
C_23925,0.0,0.0,3.0479999622912146e-05,0,0,2005-07-26T00:15:00,ENGINE_EXECUTABLE_HYDRAULICALLY_UNVALIDATED
C_23926,0.0,0.0,3.0479999622912146e-05,0,0,2005-07-26T00:15:00,ENGINE_EXECUTABLE_HYDRAULICALLY_UNVALIDATED
C_23945,0.0,0.0,3.0479999622912146e-05,0,0,2005-07-26T00:15:00,ENGINE_EXECUTABLE_HYDRAULICALLY_UNVALIDATED
C_23946,0.0,0.0,3.0479999622912146e-05,0,0,2005-07-26T00:15:00,ENGINE_EXECUTABLE_HYDRAULICALLY_UNVALIDATED
C_23947,0.0,0.0,3.0479999622912146e-05,0,0,2005-07-26T00:15:00,ENGINE_EXECUTABLE_HYDRAULICALLY_UNVALIDATED
C_23948,0.0,0.0,3.0479999622912146e-05,0,0,2005-07-26T00:15:00,ENGINE_EXECUTABLE_HYDRAULICALLY_UNVALIDATED
C_23949,0.0,0.0,3.0479999622912146e-05,0,0,2005-07-26T00:15:00,ENGINE_EXECUTABLE_HYDRAULICALLY_UNVALIDATED
C_23951,0.0,0.0,3.0479999622912146e-05,0,0,2005-07-26T00:15:00,ENGINE_EXECUTABLE_HYDRAULICALLY_UNVALIDATED
C_23953,0.0,0.0,3.0479999622912146e-05,0,0,2005-07-26T00:15:00,ENGINE_EXECUTABLE_HYDRAULICALLY_UNVALIDATED
C_23954,0.0,0.0,3.0479999622912146e-05,0,0,2005-07-26T00:15:00,ENGINE_EXECUTABLE_HYDRAULICALLY_UNVALIDATED
C_23955,0.0,0.0,3.0479999622912146e-05,0,0,2005-07-26T00:15:00,ENGINE_EXECUTABLE_HYDRAULICALLY_UNVALIDATED
C_23956,0.0,0.0,3.0479999622912146e-05,0,0,2005-07-26T00:15:00,ENGINE_EXECUTABLE_HYDRAULICALLY_UNVALIDATED
C_23957,0.0,0.0,3.0479999622912146e-05,0,0,2005-07-26T00:15:00,ENGINE_EXECUTABLE_HYDRAULICALLY_UNVALIDATED
C_23996,0.0,0.0,3.0479999622912146e-05,0,0,2005-07-26T00:15:00,ENGINE_EXECUTABLE_HYDRAULICALLY_UNVALIDATED
C_23997,0.0,0.0,3.0479999622912146e-05,0,0,2005-07-26T00:15:00,ENGINE_EXECUTABLE_HYDRAULICALLY_UNVALIDATED
C_23998,0.0,0.0,3.0479999622912146e-05,0,0,2005-07-26T00:15:00,ENGINE_EXECUTABLE_HYDRAULICALLY_UNVALIDATED
C_23999,0.0,0.0,3.0479999622912146e-05,0,0,2005-07-26T00:15:00,ENGINE_EXECUTABLE_HYDRAULICALLY_UNVALIDATED
C_24000,0.0,0.0,3.0479999622912146e-05,0,0,2005-07-26T00:15:00,ENGINE_EXECUTABLE_HYDRAULICALLY_UNVALIDATED
C_24001,0.0,0.0,3.0479999622912146e-05,0,0,2005-07-26T00:15:00,ENGINE_EXECUTABLE_HYDRAULICALLY_UNVALIDATED
C_24002,0.0,0.0,3.0479999622912146e-05,0,0,2005-07-26T00:15:00,ENGINE_EXECUTABLE_HYDRAULICALLY_UNVALIDATED
C_24003,0.0,0.0,3.0479999622912146e-05,0,0,2005-07-26T00:15:00,ENGINE_EXECUTABLE_HYDRAULICALLY_UNVALIDATED
C_24023,0.0,0.0,3.0479999622912146e-05,0,0,2005-07-26T00:15:00,ENGINE_EXECUTABLE_HYDRAULICALLY_UNVALIDATED
C_24024,0.0,0.0,3.0479999622912146e-05,0,0,2005-07-26T00:15:00,ENGINE_EXECUTABLE_HYDRAULICALLY_UNVALIDATED
C_24025,0.0,0.0,3.0479999622912146e-05,0,0,2005-07-26T00:15:00,ENGINE_EXECUTABLE_HYDRAULICALLY_UNVALIDATED
C_24030,0.0,0.0,3.0479999622912146e-05,0,0,2005-07-26T00:15:00,ENGINE_EXECUTABLE_HYDRAULICALLY_UNVALIDATED
C_24031,0.0,0.0,3.0479999622912146e-05,0,0,2005-07-26T00:15:00,ENGINE_EXECUTABLE_HYDRAULICALLY_UNVALIDATED
C_24032,0.0,0.0,3.0479999622912146e-05,0,0,2005-07-26T00:15:00,ENGINE_EXECUTABLE_HYDRAULICALLY_UNVALIDATED
C_24033,0.0,0.0,3.0479999622912146e-05,0,0,2005-07-26T00:15:00,ENGINE_EXECUTABLE_HYDRAULICALLY_UNVALIDATED
C_24035,0.0,0.0,3.0479999622912146e-05,0,0,2005-07-26T00:15:00,ENGINE_EXECUTABLE_HYDRAULICALLY_UNVALIDATED
C_24036,0.0,0.0,3.0479999622912146e-05,0,0,2005-07-26T00:15:00,ENGINE_EXECUTABLE_HYDRAULICALLY_UNVALIDATED
C_24044,0.0,0.0,3.0479999622912146e-05,0,0,2005-07-26T00:15:00,ENGINE_EXECUTABLE_HYDRAULICALLY_UNVALIDATED
C_24045,0.0,0.0,3.0479999622912146e-05,0,0,2005-07-26T00:15:00,ENGINE_EXECUTABLE_HYDRAULICALLY_UNVALIDATED
C_24046,0.0,0.0,3.0479999622912146e-05,0,0,2005-07-26T00:15:00,ENGINE_EXECUTABLE_HYDRAULICALLY_UNVALIDATED
C_24050,0.0,0.0,3.0479999622912146e-05,0,0,2005-07-26T00:15:00,ENGINE_EXECUTABLE_HYDRAULICALLY_UNVALIDATED
C_24051,0.0,0.0,3.0479999622912146e-05,0,0,2005-07-26T00:15:00,ENGINE_EXECUTABLE_HYDRAULICALLY_UNVALIDATED
C_24052,0.0,0.0,3.0479999622912146e-05,0,0,2005-07-26T00:15:00,ENGINE_EXECUTABLE_HYDRAULICALLY_UNVALIDATED
C_24053,0.0,0.0,3.0479999622912146e-05,0,0,2005-07-26T00:15:00,ENGINE_EXECUTABLE_HYDRAULICALLY_UNVALIDATED
C_24054,0.0,0.0,3.0479999622912146e-05,0,0,2005-07-26T00:15:00,ENGINE_EXECUTABLE_HYDRAULICALLY_UNVALIDATED
C_24055,0.0,0.0,3.0479999622912146e-05,0,0,2005-07-26T00:15:00,ENGINE_EXECUTABLE_HYDRAULICALLY_UNVALIDATED
C_24066,0.0,0.0,3.0479999622912146e-05,0,0,2005-07-26T00:15:00,ENGINE_EXECUTABLE_HYDRAULICALLY_UNVALIDATED
C_24067,0.0,0.0,3.0479999622912146e-05,0,0,2005-07-26T00:15:00,ENGINE_EXECUTABLE_HYDRAULICALLY_UNVALIDATED
C_24068,0.0,0.0,3.0479999622912146e-05,0,0,2005-07-26T00:15:00,ENGINE_EXECUTABLE_HYDRAULICALLY_UNVALIDATED
C_24069,0.0,0.0,3.0479999622912146e-05,0,0,2005-07-26T00:15:00,ENGINE_EXECUTABLE_HYDRAULICALLY_UNVALIDATED
C_24070,0.0,0.0,3.0479999622912146e-05,0,0,2005-07-26T00:15:00,ENGINE_EXECUTABLE_HYDRAULICALLY_UNVALIDATED
C_24071,0.0,0.0,3.0479999622912146e-05,0,0,2005-07-26T00:15:00,ENGINE_EXECUTABLE_HYDRAULICALLY_UNVALIDATED
C_24093,0.0,0.0,3.0479999622912146e-05,0,0,2005-07-26T00:15:00,ENGINE_EXECUTABLE_HYDRAULICALLY_UNVALIDATED
C_24094,0.0,0.0,3.0479999622912146e-05,0,0,2005-07-26T00:15:00,ENGINE_EXECUTABLE_HYDRAULICALLY_UNVALIDATED
C_24095,0.0,0.0,3.0479999622912146e-05,0,0,2005-07-26T00:15:00,ENGINE_EXECUTABLE_HYDRAULICALLY_UNVALIDATED
C_24099,0.0,0.0,3.0479999622912146e-05,0,0,2005-07-26T00:15:00,ENGINE_EXECUTABLE_HYDRAULICALLY_UNVALIDATED
C_24104,0.0,0.0,3.0479999622912146e-05,0,0,2005-07-26T00:15:00,ENGINE_EXECUTABLE_HYDRAULICALLY_UNVALIDATED
C_24105,0.0,0.0,3.0479999622912146e-05,0,0,2005-07-26T00:15:00,ENGINE_EXECUTABLE_HYDRAULICALLY_UNVALIDATED
C_24111,0.0,0.0,3.0479999622912146e-05,0,0,2005-07-26T00:15:00,ENGINE_EXECUTABLE_HYDRAULICALLY_UNVALIDATED
C_24113,0.0,0.0,3.0479999622912146e-05,0,0,2005-07-26T00:15:00,ENGINE_EXECUTABLE_HYDRAULICALLY_UNVALIDATED
C_24114,0.0,0.0,3.0479999622912146e-05,0,0,2005-07-26T00:15:00,ENGINE_EXECUTABLE_HYDRAULICALLY_UNVALIDATED
C_24115,0.0,0.0,3.0479999622912146e-05,0,0,2005-07-26T00:15:00,ENGINE_EXECUTABLE_HYDRAULICALLY_UNVALIDATED
C_24116,0.0,0.0,3.0479999622912146e-05,0,0,2005-07-26T00:15:00,ENGINE_EXECUTABLE_HYDRAULICALLY_UNVALIDATED
C_24117,0.0,0.0,3.0479999622912146e-05,0,0,2005-07-26T00:15:00,ENGINE_EXECUTABLE_HYDRAULICALLY_UNVALIDATED
C_24118,0.0,0.0,3.0479999622912146e-05,0,0,2005-07-26T00:15:00,ENGINE_EXECUTABLE_HYDRAULICALLY_UNVALIDATED
C_24119,0.0,0.0,3.0479999622912146e-05,0,0,2005-07-26T00:15:00,ENGINE_EXECUTABLE_HYDRAULICALLY_UNVALIDATED
C_24120,0.0,0.0,3.0479999622912146e-05,0,0,2005-07-26T00:15:00,ENGINE_EXECUTABLE_HYDRAULICALLY_UNVALIDATED
C_24126,0.0,0.0,3.0479999622912146e-05,0,0,2005-07-26T00:15:00,ENGINE_EXECUTABLE_HYDRAULICALLY_UNVALIDATED
C_24138,0.0,0.0,3.0479999622912146e-05,0,0,2005-07-26T00:15:00,ENGINE_EXECUTABLE_HYDRAULICALLY_UNVALIDATED
C_24139,0.0,0.0,3.0479999622912146e-05,0,0,2005-07-26T00:15:00,ENGINE_EXECUTABLE_HYDRAULICALLY_UNVALIDATED
C_24140,0.0,0.0,3.0479999622912146e-05,0,0,2005-07-26T00:15:00,ENGINE_EXECUTABLE_HYDRAULICALLY_UNVALIDATED
C_24141,0.0,0.0,3.0479999622912146e-05,0,0,2005-07-26T00:15:00,ENGINE_EXECUTABLE_HYDRAULICALLY_UNVALIDATED
C_24142,0.0,0.0,3.0479999622912146e-05,0,0,2005-07-26T00:15:00,ENGINE_EXECUTABLE_HYDRAULICALLY_UNVALIDATED
C_24143,0.0,0.0,3.0479999622912146e-05,0,0,2005-07-26T00:15:00,ENGINE_EXECUTABLE_HYDRAULICALLY_UNVALIDATED
C_24144,0.0,0.0,3.0479999622912146e-05,0,0,2005-07-26T00:15:00,ENGINE_EXECUTABLE_HYDRAULICALLY_UNVALIDATED
C_24146,0.0,0.0,3.0479999622912146e-05,0,0,2005-07-26T00:15:00,ENGINE_EXECUTABLE_HYDRAULICALLY_UNVALIDATED
C_24147,0.0,0.0,3.0479999622912146e-05,0,0,2005-07-26T00:15:00,ENGINE_EXECUTABLE_HYDRAULICALLY_UNVALIDATED
C_24148,0.0,0.0,3.0479999622912146e-05,0,0,2005-07-26T00:15:00,ENGINE_EXECUTABLE_HYDRAULICALLY_UNVALIDATED
C_24149,0.0,0.0,3.0479999622912146e-05,0,0,2005-07-26T00:15:00,ENGINE_EXECUTABLE_HYDRAULICALLY_UNVALIDATED
C_24150,0.0,0.0,3.0479999622912146e-05,0,0,2005-07-26T00:15:00,ENGINE_EXECUTABLE_HYDRAULICALLY_UNVALIDATED
C_24151,0.0,0.0,3.0479999622912146e-05,0,0,2005-07-26T00:15:00,ENGINE_EXECUTABLE_HYDRAULICALLY_UNVALIDATED
C_24152,0.0,0.0,3.0479999622912146e-05,0,0,2005-07-26T00:15:00,ENGINE_EXECUTABLE_HYDRAULICALLY_UNVALIDATED
C_24154,0.0,0.0,3.0479999622912146e-05,0,0,2005-07-26T00:15:00,ENGINE_EXECUTABLE_HYDRAULICALLY_UNVALIDATED
C_24158,0.0,0.0,3.0479999622912146e-05,0,0,2005-07-26T00:15:00,ENGINE_EXECUTABLE_HYDRAULICALLY_UNVALIDATED
C_24159,0.0,0.0,3.0479999622912146e-05,0,0,2005-07-26T00:15:00,ENGINE_EXECUTABLE_HYDRAULICALLY_UNVALIDATED
C_24160,0.0,0.0,3.0479999622912146e-05,0,0,2005-07-26T00:15:00,ENGINE_EXECUTABLE_HYDRAULICALLY_UNVALIDATED
C_24161,0.0,0.0,3.0479999622912146e-05,0,0,2005-07-26T00:15:00,ENGINE_EXECUTABLE_HYDRAULICALLY_UNVALIDATED
C_24162,0.0,0.0,3.0479999622912146e-05,0,0,2005-07-26T00:15:00,ENGINE_EXECUTABLE_HYDRAULICALLY_UNVALIDATED
C_24163,0.0,0.0,3.0479999622912146e-05,0,0,2005-07-26T00:15:00,ENGINE_EXECUTABLE_HYDRAULICALLY_UNVALIDATED
C_24164,0.0,0.0,3.0479999622912146e-05,0,0,2005-07-26T00:15:00,ENGINE_EXECUTABLE_HYDRAULICALLY_UNVALIDATED
C_24165,0.0,0.0,3.0479999622912146e-05,0,0,2005-07-26T00:15:00,ENGINE_EXECUTABLE_HYDRAULICALLY_UNVALIDATED
C_24166,0.0,0.0,3.0479999622912146e-05,0,0,2005-07-26T00:15:00,ENGINE_EXECUTABLE_HYDRAULICALLY_UNVALIDATED
C_24167,0.0,0.0,3.0479999622912146e-05,0,0,2005-07-26T00:15:00,ENGINE_EXECUTABLE_HYDRAULICALLY_UNVALIDATED
C_24169,0.0,0.0,3.0479999622912146e-05,0,0,2005-07-26T00:15:00,ENGINE_EXECUTABLE_HYDRAULICALLY_UNVALIDATED
C_24170,0.0,0.0,3.0479999622912146e-05,0,0,2005-07-26T00:15:00,ENGINE_EXECUTABLE_HYDRAULICALLY_UNVALIDATED
C_24172,0.0,0.0,3.0479999622912146e-05,0,0,2005-07-26T00:15:00,ENGINE_EXECUTABLE_HYDRAULICALLY_UNVALIDATED
C_24173,0.0,0.0,3.0479999622912146e-05,0,0,2005-07-26T00:15:00,ENGINE_EXECUTABLE_HYDRAULICALLY_UNVALIDATED
C_24174,0.0,0.0,3.0479999622912146e-05,0,0,2005-07-26T00:15:00,ENGINE_EXECUTABLE_HYDRAULICALLY_UNVALIDATED
C_24175,0.0,0.0,3.0479999622912146e-05,0,0,2005-07-26T00:15:00,ENGINE_EXECUTABLE_HYDRAULICALLY_UNVALIDATED
C_24176,0.0,0.0,3.0479999622912146e-05,0,0,2005-07-26T00:15:00,ENGINE_EXECUTABLE_HYDRAULICALLY_UNVALIDATED
C_24179,0.0,0.0,3.0479999622912146e-05,0,0,2005-07-26T00:15:00,ENGINE_EXECUTABLE_HYDRAULICALLY_UNVALIDATED
C_24180,0.0,0.0,3.0479999622912146e-05,0,0,2005-07-26T00:15:00,ENGINE_EXECUTABLE_HYDRAULICALLY_UNVALIDATED
C_24181,0.0,0.0,3.0479999622912146e-05,0,0,2005-07-26T00:15:00,ENGINE_EXECUTABLE_HYDRAULICALLY_UNVALIDATED
C_24183,0.0,0.0,3.0479999622912146e-05,0,0,2005-07-26T00:15:00,ENGINE_EXECUTABLE_HYDRAULICALLY_UNVALIDATED
C_24185,0.0,0.0,3.0479999622912146e-05,0,0,2005-07-26T00:15:00,ENGINE_EXECUTABLE_HYDRAULICALLY_UNVALIDATED
C_24186,0.0,0.0,3.0479999622912146e-05,0,0,2005-07-26T00:15:00,ENGINE_EXECUTABLE_HYDRAULICALLY_UNVALIDATED
C_24187,0.0,0.0,3.0479999622912146e-05,0,0,2005-07-26T00:15:00,ENGINE_EXECUTABLE_HYDRAULICALLY_UNVALIDATED
C_24188,0.0,0.0,3.0479999622912146e-05,0,0,2005-07-26T00:15:00,ENGINE_EXECUTABLE_HYDRAULICALLY_UNVALIDATED
C_24189,0.0,0.0,3.0479999622912146e-05,0,0,2005-07-26T00:15:00,ENGINE_EXECUTABLE_HYDRAULICALLY_UNVALIDATED
C_24190,0.0,0.0,3.0479999622912146e-05,0,0,2005-07-26T00:15:00,ENGINE_EXECUTABLE_HYDRAULICALLY_UNVALIDATED
C_24192,0.0,0.0,3.0479999622912146e-05,0,0,2005-07-26T00:15:00,ENGINE_EXECUTABLE_HYDRAULICALLY_UNVALIDATED
C_24193,0.0,0.0,3.0479999622912146e-05,0,0,2005-07-26T00:15:00,ENGINE_EXECUTABLE_HYDRAULICALLY_UNVALIDATED
C_24194,0.0,0.0,3.0479999622912146e-05,0,0,2005-07-26T00:15:00,ENGINE_EXECUTABLE_HYDRAULICALLY_UNVALIDATED
C_24195,0.0,0.0,3.0479999622912146e-05,0,0,2005-07-26T00:15:00,ENGINE_EXECUTABLE_HYDRAULICALLY_UNVALIDATED
C_24196,0.0,0.0,3.0479999622912146e-05,0,0,2005-07-26T00:15:00,ENGINE_EXECUTABLE_HYDRAULICALLY_UNVALIDATED
C_24197,0.0,0.0,3.0479999622912146e-05,0,0,2005-07-26T00:15:00,ENGINE_EXECUTABLE_HYDRAULICALLY_UNVALIDATED
C_24198,0.0,0.0,3.0479999622912146e-05,0,0,2005-07-26T00:15:00,ENGINE_EXECUTABLE_HYDRAULICALLY_UNVALIDATED
C_24199,0.0,0.0,3.0479999622912146e-05,0,0,2005-07-26T00:15:00,ENGINE_EXECUTABLE_HYDRAULICALLY_UNVALIDATED
C_24200,0.0,0.0,3.0479999622912146e-05,0,0,2005-07-26T00:15:00,ENGINE_EXECUTABLE_HYDRAULICALLY_UNVALIDATED
C_24201,0.0,0.0,3.0479999622912146e-05,0,0,2005-07-26T00:15:00,ENGINE_EXECUTABLE_HYDRAULICALLY_UNVALIDATED
C_24202,0.0,0.0,3.0479999622912146e-05,0,0,2005-07-26T00:15:00,ENGINE_EXECUTABLE_HYDRAULICALLY_UNVALIDATED
C_24203,0.0,0.0,3.0479999622912146e-05,0,0,2005-07-26T00:15:00,ENGINE_EXECUTABLE_HYDRAULICALLY_UNVALIDATED
C_24204,0.0,0.0,3.0479999622912146e-05,0,0,2005-07-26T00:15:00,ENGINE_EXECUTABLE_HYDRAULICALLY_UNVALIDATED
C_24205,0.0,0.0,3.0479999622912146e-05,0,0,2005-07-26T00:15:00,ENGINE_EXECUTABLE_HYDRAULICALLY_UNVALIDATED
C_24206,0.0,0.0,3.0479999622912146e-05,0,0,2005-07-26T00:15:00,ENGINE_EXECUTABLE_HYDRAULICALLY_UNVALIDATED
C_24207,0.0,0.0,3.0479999622912146e-05,0,0,2005-07-26T00:15:00,ENGINE_EXECUTABLE_HYDRAULICALLY_UNVALIDATED
C_24209,0.0,0.0,3.0479999622912146e-05,0,0,2005-07-26T00:15:00,ENGINE_EXECUTABLE_HYDRAULICALLY_UNVALIDATED
C_24210,0.0,0.0,3.0479999622912146e-05,0,0,2005-07-26T00:15:00,ENGINE_EXECUTABLE_HYDRAULICALLY_UNVALIDATED
C_24211,0.0,0.0,3.0479999622912146e-05,0,0,2005-07-26T00:15:00,ENGINE_EXECUTABLE_HYDRAULICALLY_UNVALIDATED
C_24212,0.0,0.0,3.0479999622912146e-05,0,0,2005-07-26T00:15:00,ENGINE_EXECUTABLE_HYDRAULICALLY_UNVALIDATED
C_24213,0.0,0.0,3.0479999622912146e-05,0,0,2005-07-26T00:15:00,ENGINE_EXECUTABLE_HYDRAULICALLY_UNVALIDATED
C_24214,0.0,0.0,3.0479999622912146e-05,0,0,2005-07-26T00:15:00,ENGINE_EXECUTABLE_HYDRAULICALLY_UNVALIDATED
C_24215,0.0,0.0,3.0479999622912146e-05,0,0,2005-07-26T00:15:00,ENGINE_EXECUTABLE_HYDRAULICALLY_UNVALIDATED
C_24216,0.0,0.0,3.0479999622912146e-05,0,0,2005-07-26T00:15:00,ENGINE_EXECUTABLE_HYDRAULICALLY_UNVALIDATED
C_24217,0.0,0.0,3.0479999622912146e-05,0,0,2005-07-26T00:15:00,ENGINE_EXECUTABLE_HYDRAULICALLY_UNVALIDATED
C_24218,0.0,0.0,3.0479999622912146e-05,0,0,2005-07-26T00:15:00,ENGINE_EXECUTABLE_HYDRAULICALLY_UNVALIDATED
C_24219,0.0,0.0,3.0479999622912146e-05,0,0,2005-07-26T00:15:00,ENGINE_EXECUTABLE_HYDRAULICALLY_UNVALIDATED
C_24220,0.0,0.0,3.0479999622912146e-05,0,0,2005-07-26T00:15:00,ENGINE_EXECUTABLE_HYDRAULICALLY_UNVALIDATED
C_24221,0.0,0.0,3.0479999622912146e-05,0,0,2005-07-26T00:15:00,ENGINE_EXECUTABLE_HYDRAULICALLY_UNVALIDATED
C_24222,0.0,0.0,3.0479999622912146e-05,0,0,2005-07-26T00:15:00,ENGINE_EXECUTABLE_HYDRAULICALLY_UNVALIDATED
C_24223,0.0,0.0,3.0479999622912146e-05,0,0,2005-07-26T00:15:00,ENGINE_EXECUTABLE_HYDRAULICALLY_UNVALIDATED
C_24224,0.0,0.0,3.0479999622912146e-05,0,0,2005-07-26T00:15:00,ENGINE_EXECUTABLE_HYDRAULICALLY_UNVALIDATED
C_24225,0.0,0.0,3.0479999622912146e-05,0,0,2005-07-26T00:15:00,ENGINE_EXECUTABLE_HYDRAULICALLY_UNVALIDATED
C_24226,0.0,0.0,3.0479999622912146e-05,0,0,2005-07-26T00:15:00,ENGINE_EXECUTABLE_HYDRAULICALLY_UNVALIDATED
C_24227,0.0,0.0,3.0479999622912146e-05,0,0,2005-07-26T00:15:00,ENGINE_EXECUTABLE_HYDRAULICALLY_UNVALIDATED
C_24557,0.0,0.0,3.0479999622912146e-05,0,0,2005-07-26T00:15:00,ENGINE_EXECUTABLE_HYDRAULICALLY_UNVALIDATED
C_24558,0.0,0.0,3.0479999622912146e-05,0,0,2005-07-26T00:15:00,ENGINE_EXECUTABLE_HYDRAULICALLY_UNVALIDATED
C_24559,0.0,0.0,3.0479999622912146e-05,0,0,2005-07-26T00:15:00,ENGINE_EXECUTABLE_HYDRAULICALLY_UNVALIDATED
C_24560,0.0,0.0,3.0479999622912146e-05,0,0,2005-07-26T00:15:00,ENGINE_EXECUTABLE_HYDRAULICALLY_UNVALIDATED
C_24561,0.0,0.0,3.0479999622912146e-05,0,0,2005-07-26T00:15:00,ENGINE_EXECUTABLE_HYDRAULICALLY_UNVALIDATED
C_24562,0.0,0.0,3.0479999622912146e-05,0,0,2005-07-26T00:15:00,ENGINE_EXECUTABLE_HYDRAULICALLY_UNVALIDATED
C_24563,0.0,0.0,3.0479999622912146e-05,0,0,2005-07-26T00:15:00,ENGINE_EXECUTABLE_HYDRAULICALLY_UNVALIDATED
C_24564,0.0,0.0,3.0479999622912146e-05,0,0,2005-07-26T00:15:00,ENGINE_EXECUTABLE_HYDRAULICALLY_UNVALIDATED
C_24565,0.0,0.0,3.0479999622912146e-05,0,0,2005-07-26T00:15:00,ENGINE_EXECUTABLE_HYDRAULICALLY_UNVALIDATED
C_24566,0.0,0.0,3.0479999622912146e-05,0,0,2005-07-26T00:15:00,ENGINE_EXECUTABLE_HYDRAULICALLY_UNVALIDATED
C_24570,0.0,0.0,3.0479999622912146e-05,0,0,2005-07-26T00:15:00,ENGINE_EXECUTABLE_HYDRAULICALLY_UNVALIDATED
C_24571,0.0,0.0,3.0479999622912146e-05,0,0,2005-07-26T00:15:00,ENGINE_EXECUTABLE_HYDRAULICALLY_UNVALIDATED
C_24572,0.0,0.0,3.0479999622912146e-05,0,0,2005-07-26T00:15:00,ENGINE_EXECUTABLE_HYDRAULICALLY_UNVALIDATED
C_24573,0.0,0.0,3.0479999622912146e-05,0,0,2005-07-26T00:15:00,ENGINE_EXECUTABLE_HYDRAULICALLY_UNVALIDATED
C_24574,0.0,0.0,3.0479999622912146e-05,0,0,2005-07-26T00:15:00,ENGINE_EXECUTABLE_HYDRAULICALLY_UNVALIDATED
C_24575,0.0,0.0,3.0479999622912146e-05,0,0,2005-07-26T00:15:00,ENGINE_EXECUTABLE_HYDRAULICALLY_UNVALIDATED
C_24576,0.0,0.0,3.0479999622912146e-05,0,0,2005-07-26T00:15:00,ENGINE_EXECUTABLE_HYDRAULICALLY_UNVALIDATED
C_24577,0.0,0.0,3.0479999622912146e-05,0,0,2005-07-26T00:15:00,ENGINE_EXECUTABLE_HYDRAULICALLY_UNVALIDATED
C_24578,0.0,0.0,3.0479999622912146e-05,0,0,2005-07-26T00:15:00,ENGINE_EXECUTABLE_HYDRAULICALLY_UNVALIDATED
C_24579,0.0,0.0,3.0479999622912146e-05,0,0,2005-07-26T00:15:00,ENGINE_EXECUTABLE_HYDRAULICALLY_UNVALIDATED
C_24580,0.0,0.0,3.0479999622912146e-05,0,0,2005-07-26T00:15:00,ENGINE_EXECUTABLE_HYDRAULICALLY_UNVALIDATED
C_24581,0.0,0.0,3.0479999622912146e-05,0,0,2005-07-26T00:15:00,ENGINE_EXECUTABLE_HYDRAULICALLY_UNVALIDATED
C_24582,0.0,0.0,3.0479999622912146e-05,0,0,2005-07-26T00:15:00,ENGINE_EXECUTABLE_HYDRAULICALLY_UNVALIDATED
C_24583,0.0,0.0,3.0479999622912146e-05,0,0,2005-07-26T00:15:00,ENGINE_EXECUTABLE_HYDRAULICALLY_UNVALIDATED
C_24584,0.0,0.0,3.0479999622912146e-05,0,0,2005-07-26T00:15:00,ENGINE_EXECUTABLE_HYDRAULICALLY_UNVALIDATED
C_24585,0.0,0.0,3.0479999622912146e-05,0,0,2005-07-26T00:15:00,ENGINE_EXECUTABLE_HYDRAULICALLY_UNVALIDATED
C_24586,0.0,0.0,3.0479999622912146e-05,0,0,2005-07-26T00:15:00,ENGINE_EXECUTABLE_HYDRAULICALLY_UNVALIDATED
C_24587,0.0,0.0,3.0479999622912146e-05,0,0,2005-07-26T00:15:00,ENGINE_EXECUTABLE_HYDRAULICALLY_UNVALIDATED
C_24588,0.0,0.0,3.0479999622912146e-05,0,0,2005-07-26T00:15:00,ENGINE_EXECUTABLE_HYDRAULICALLY_UNVALIDATED
C_24589,0.0,0.0,3.0479999622912146e-05,0,0,2005-07-26T00:15:00,ENGINE_EXECUTABLE_HYDRAULICALLY_UNVALIDATED
C_24590,0.0,0.0,3.0479999622912146e-05,0,0,2005-07-26T00:15:00,ENGINE_EXECUTABLE_HYDRAULICALLY_UNVALIDATED
C_24603,0.0,0.0,3.0479999622912146e-05,0,0,2005-07-26T00:15:00,ENGINE_EXECUTABLE_HYDRAULICALLY_UNVALIDATED
C_24604,0.0,0.0,3.0479999622912146e-05,0,0,2005-07-26T00:15:00,ENGINE_EXECUTABLE_HYDRAULICALLY_UNVALIDATED
C_24605,0.0,0.0,3.0479999622912146e-05,0,0,2005-07-26T00:15:00,ENGINE_EXECUTABLE_HYDRAULICALLY_UNVALIDATED
C_24606,0.0,0.0,3.0479999622912146e-05,0,0,2005-07-26T00:15:00,ENGINE_EXECUTABLE_HYDRAULICALLY_UNVALIDATED
C_24607,0.0,0.0,3.0479999622912146e-05,0,0,2005-07-26T00:15:00,ENGINE_EXECUTABLE_HYDRAULICALLY_UNVALIDATED
C_24608,0.0,0.0,3.0479999622912146e-05,0,0,2005-07-26T00:15:00,ENGINE_EXECUTABLE_HYDRAULICALLY_UNVALIDATED
C_24609,0.0,0.0,3.0479999622912146e-05,0,0,2005-07-26T00:15:00,ENGINE_EXECUTABLE_HYDRAULICALLY_UNVALIDATED
C_24610,0.0,0.0,3.0479999622912146e-05,0,0,2005-07-26T00:15:00,ENGINE_EXECUTABLE_HYDRAULICALLY_UNVALIDATED
C_24611,0.0,0.0,3.0479999622912146e-05,0,0,2005-07-26T00:15:00,ENGINE_EXECUTABLE_HYDRAULICALLY_UNVALIDATED
C_24612,0.0,0.0,3.0479999622912146e-05,0,0,2005-07-26T00:15:00,ENGINE_EXECUTABLE_HYDRAULICALLY_UNVALIDATED
C_24613,0.0,0.0,3.0479999622912146e-05,0,0,2005-07-26T00:15:00,ENGINE_EXECUTABLE_HYDRAULICALLY_UNVALIDATED
C_24614,0.0,0.0,3.0479999622912146e-05,0,0,2005-07-26T00:15:00,ENGINE_EXECUTABLE_HYDRAULICALLY_UNVALIDATED
C_24615,0.0,0.0,3.0479999622912146e-05,0,0,2005-07-26T00:15:00,ENGINE_EXECUTABLE_HYDRAULICALLY_UNVALIDATED
C_24635,0.0,0.0,3.0479999622912146e-05,0,0,2005-07-26T00:15:00,ENGINE_EXECUTABLE_HYDRAULICALLY_UNVALIDATED
C_24636,0.0,0.0,3.0479999622912146e-05,0,0,2005-07-26T00:15:00,ENGINE_EXECUTABLE_HYDRAULICALLY_UNVALIDATED
C_24637,0.0,0.0,3.0479999622912146e-05,0,0,2005-07-26T00:15:00,ENGINE_EXECUTABLE_HYDRAULICALLY_UNVALIDATED
C_24638,0.0,0.0,3.0479999622912146e-05,0,0,2005-07-26T00:15:00,ENGINE_EXECUTABLE_HYDRAULICALLY_UNVALIDATED
C_24639,0.0,0.0,3.0479999622912146e-05,0,0,2005-07-26T00:15:00,ENGINE_EXECUTABLE_HYDRAULICALLY_UNVALIDATED
C_24640,0.0,0.0,3.0479999622912146e-05,0,0,2005-07-26T00:15:00,ENGINE_EXECUTABLE_HYDRAULICALLY_UNVALIDATED
C_24641,0.0,0.0,3.0479999622912146e-05,0,0,2005-07-26T00:15:00,ENGINE_EXECUTABLE_HYDRAULICALLY_UNVALIDATED
C_24642,0.0,0.0,3.0479999622912146e-05,0,0,2005-07-26T00:15:00,ENGINE_EXECUTABLE_HYDRAULICALLY_UNVALIDATED
C_24643,0.0,0.0,3.0479999622912146e-05,0,0,2005-07-26T00:15:00,ENGINE_EXECUTABLE_HYDRAULICALLY_UNVALIDATED
C_24644,0.0,0.0,3.0479999622912146e-05,0,0,2005-07-26T00:15:00,ENGINE_EXECUTABLE_HYDRAULICALLY_UNVALIDATED
C_24645,0.0,0.0,3.0479999622912146e-05,0,0,2005-07-26T00:15:00,ENGINE_EXECUTABLE_HYDRAULICALLY_UNVALIDATED
C_24648,0.0,0.0,3.0479999622912146e-05,0,0,2005-07-26T00:15:00,ENGINE_EXECUTABLE_HYDRAULICALLY_UNVALIDATED
C_24649,0.0,0.0,3.0479999622912146e-05,0,0,2005-07-26T00:15:00,ENGINE_EXECUTABLE_HYDRAULICALLY_UNVALIDATED
C_24650,0.0,0.0,3.0479999622912146e-05,0,0,2005-07-26T00:15:00,ENGINE_EXECUTABLE_HYDRAULICALLY_UNVALIDATED
C_24651,0.0,0.0,3.0479999622912146e-05,0,0,2005-07-26T00:15:00,ENGINE_EXECUTABLE_HYDRAULICALLY_UNVALIDATED
C_24652,0.0,0.0,3.0479999622912146e-05,0,0,2005-07-26T00:15:00,ENGINE_EXECUTABLE_HYDRAULICALLY_UNVALIDATED
C_24653,0.0,0.0,3.0479999622912146e-05,0,0,2005-07-26T00:15:00,ENGINE_EXECUTABLE_HYDRAULICALLY_UNVALIDATED
C_24654,0.0,0.0,3.0479999622912146e-05,0,0,2005-07-26T00:15:00,ENGINE_EXECUTABLE_HYDRAULICALLY_UNVALIDATED
C_24655,0.0,0.0,3.0479999622912146e-05,0,0,2005-07-26T00:15:00,ENGINE_EXECUTABLE_HYDRAULICALLY_UNVALIDATED
C_24656,0.0,0.0,3.0479999622912146e-05,0,0,2005-07-26T00:15:00,ENGINE_EXECUTABLE_HYDRAULICALLY_UNVALIDATED
C_24676,0.0,0.0,3.0479999622912146e-05,0,0,2005-07-26T00:15:00,ENGINE_EXECUTABLE_HYDRAULICALLY_UNVALIDATED
C_24677,0.0,0.0,3.0479999622912146e-05,0,0,2005-07-26T00:15:00,ENGINE_EXECUTABLE_HYDRAULICALLY_UNVALIDATED
C_24680,0.0,0.0,3.0479999622912146e-05,0,0,2005-07-26T00:15:00,ENGINE_EXECUTABLE_HYDRAULICALLY_UNVALIDATED
C_24681,0.0,0.0,3.0479999622912146e-05,0,0,2005-07-26T00:15:00,ENGINE_EXECUTABLE_HYDRAULICALLY_UNVALIDATED
C_24682,0.0,0.0,3.0479999622912146e-05,0,0,2005-07-26T00:15:00,ENGINE_EXECUTABLE_HYDRAULICALLY_UNVALIDATED
C_24683,0.0,0.0,3.0479999622912146e-05,0,0,2005-07-26T00:15:00,ENGINE_EXECUTABLE_HYDRAULICALLY_UNVALIDATED
C_24684,0.0,0.0,3.0479999622912146e-05,0,0,2005-07-26T00:15:00,ENGINE_EXECUTABLE_HYDRAULICALLY_UNVALIDATED
C_24685,0.0,0.0,3.0479999622912146e-05,0,0,2005-07-26T00:15:00,ENGINE_EXECUTABLE_HYDRAULICALLY_UNVALIDATED
C_24686,0.0,0.0,3.0479999622912146e-05,0,0,2005-07-26T00:15:00,ENGINE_EXECUTABLE_HYDRAULICALLY_UNVALIDATED
C_24687,0.0,0.0,3.0479999622912146e-05,0,0,2005-07-26T00:15:00,ENGINE_EXECUTABLE_HYDRAULICALLY_UNVALIDATED
C_24688,0.0,0.0,3.0479999622912146e-05,0,0,2005-07-26T00:15:00,ENGINE_EXECUTABLE_HYDRAULICALLY_UNVALIDATED
C_24689,0.0,0.0,3.0479999622912146e-05,0,0,2005-07-26T00:15:00,ENGINE_EXECUTABLE_HYDRAULICALLY_UNVALIDATED
C_24691,0.0,0.0,3.0479999622912146e-05,0,0,2005-07-26T00:15:00,ENGINE_EXECUTABLE_HYDRAULICALLY_UNVALIDATED
C_24692,0.0,0.0,3.0479999622912146e-05,0,0,2005-07-26T00:15:00,ENGINE_EXECUTABLE_HYDRAULICALLY_UNVALIDATED
C_24693,0.0,0.0,3.0479999622912146e-05,0,0,2005-07-26T00:15:00,ENGINE_EXECUTABLE_HYDRAULICALLY_UNVALIDATED
C_24694,0.0,0.0,3.0479999622912146e-05,0,0,2005-07-26T00:15:00,ENGINE_EXECUTABLE_HYDRAULICALLY_UNVALIDATED
C_24695,0.0,0.0,3.0479999622912146e-05,0,0,2005-07-26T00:15:00,ENGINE_EXECUTABLE_HYDRAULICALLY_UNVALIDATED
C_24696,0.0,0.0,3.0479999622912146e-05,0,0,2005-07-26T00:15:00,ENGINE_EXECUTABLE_HYDRAULICALLY_UNVALIDATED
C_24697,0.0,0.0,3.0479999622912146e-05,0,0,2005-07-26T00:15:00,ENGINE_EXECUTABLE_HYDRAULICALLY_UNVALIDATED
C_24723,0.0,0.0,3.0479999622912146e-05,0,0,2005-07-26T00:15:00,ENGINE_EXECUTABLE_HYDRAULICALLY_UNVALIDATED
C_24724,0.0,0.0,3.0479999622912146e-05,0,0,2005-07-26T00:15:00,ENGINE_EXECUTABLE_HYDRAULICALLY_UNVALIDATED
C_24725,0.0,0.0,3.0479999622912146e-05,0,0,2005-07-26T00:15:00,ENGINE_EXECUTABLE_HYDRAULICALLY_UNVALIDATED
C_24726,0.0,0.0,0.0029715795535594225,0,0,2005-07-26T00:15:00,ENGINE_EXECUTABLE_HYDRAULICALLY_UNVALIDATED
C_24727,0.0,0.0,3.0479999622912146e-05,0,0,2005-07-26T00:15:00,ENGINE_EXECUTABLE_HYDRAULICALLY_UNVALIDATED
C_24728,7.419113535434008e-05,0.010898302309215069,0.03271495923399925,0,0,2005-07-26T10:00:00,ENGINE_EXECUTABLE_HYDRAULICALLY_UNVALIDATED
C_24729,0.0,0.0,3.0479999622912146e-05,0,0,2005-07-26T00:15:00,ENGINE_EXECUTABLE_HYDRAULICALLY_UNVALIDATED
C_24730,0.0,0.0,0.0077487691305577755,0,0,2005-07-26T00:15:00,ENGINE_EXECUTABLE_HYDRAULICALLY_UNVALIDATED
C_24731,0.0,0.0,3.0479999622912146e-05,0,0,2005-07-26T00:15:00,ENGINE_EXECUTABLE_HYDRAULICALLY_UNVALIDATED
C_24733,0.0,0.0,3.0479999622912146e-05,0,0,2005-07-26T00:15:00,ENGINE_EXECUTABLE_HYDRAULICALLY_UNVALIDATED
C_24734,0.0,0.0,0.015685761347413063,0,0,2005-07-26T00:15:00,ENGINE_EXECUTABLE_HYDRAULICALLY_UNVALIDATED
C_24735,0.0,0.0,0.019021617248654366,0,0,2005-07-26T00:15:00,ENGINE_EXECUTABLE_HYDRAULICALLY_UNVALIDATED
C_24736,0.0027281923685222864,0.047056932002305984,0.04332353174686432,0,0,2005-07-26T09:45:00,ENGINE_EXECUTABLE_HYDRAULICALLY_UNVALIDATED
C_24737,0.0,0.0,3.0479999622912146e-05,0,0,2005-07-26T00:15:00,ENGINE_EXECUTABLE_HYDRAULICALLY_UNVALIDATED
C_24738,0.0,0.0,3.0479999622912146e-05,0,0,2005-07-26T00:15:00,ENGINE_EXECUTABLE_HYDRAULICALLY_UNVALIDATED
C_24739,0.0,0.0,3.0479999622912146e-05,0,0,2005-07-26T00:15:00,ENGINE_EXECUTABLE_HYDRAULICALLY_UNVALIDATED
C_24740,0.0010645248694345355,0.05675523355603218,0.0789186879992485,0,0,2005-07-26T13:00:00,ENGINE_EXECUTABLE_HYDRAULICALLY_UNVALIDATED
C_24741,0.001186315668746829,0.010752853937447071,0.08801589906215668,0,0,2005-07-26T11:45:00,ENGINE_EXECUTABLE_HYDRAULICALLY_UNVALIDATED
C_24742,0.0001733368553686887,0.03391497582197189,0.029917588457465172,0,0,2005-07-26T10:00:00,ENGINE_EXECUTABLE_HYDRAULICALLY_UNVALIDATED
C_24743,0.0046041482128202915,0.04954877868294716,0.06579206883907318,0,0,2005-07-26T13:00:00,ENGINE_EXECUTABLE_HYDRAULICALLY_UNVALIDATED
C_24744,0.0036132524255663157,0.0217333622276783,0.21302781999111176,0,0,2005-07-26T16:15:00,ENGINE_EXECUTABLE_HYDRAULICALLY_UNVALIDATED
C_24745,0.007568783592432737,0.05236515775322914,0.0962904691696167,0,0,2005-07-26T12:00:00,ENGINE_EXECUTABLE_HYDRAULICALLY_UNVALIDATED
C_24746,0.014504602178931236,0.1346876174211502,0.313037246465683,0,0,2005-07-26T09:15:00,ENGINE_EXECUTABLE_HYDRAULICALLY_UNVALIDATED
C_24747,0.0016582559328526258,0.0566333569586277,0.1073375940322876,0,0,2005-07-26T13:00:00,ENGINE_EXECUTABLE_HYDRAULICALLY_UNVALIDATED
C_24748,0.00038909597788006067,0.06156009063124657,0.05133172869682312,0,0,2005-07-26T13:00:00,ENGINE_EXECUTABLE_HYDRAULICALLY_UNVALIDATED
C_24749,0.7125920057296753,1.2440016269683838,0.28637930750846863,0,0,2005-07-26T10:45:00,ENGINE_EXECUTABLE_HYDRAULICALLY_UNVALIDATED
C_24766,0.0,0.0,3.0479999622912146e-05,0,0,2005-07-26T00:15:00,ENGINE_EXECUTABLE_HYDRAULICALLY_UNVALIDATED
C_24767,0.0,0.0,3.0479999622912146e-05,0,0,2005-07-26T00:15:00,ENGINE_EXECUTABLE_HYDRAULICALLY_UNVALIDATED
C_24768,0.7125933766365051,0.9228864312171936,0.25734981894493103,0,0,2005-07-26T10:45:00,ENGINE_EXECUTABLE_HYDRAULICALLY_UNVALIDATED
C_24769,0.7125957012176514,0.9125126004219055,0.26027634739875793,0,0,2005-07-26T10:45:00,ENGINE_EXECUTABLE_HYDRAULICALLY_UNVALIDATED
C_24770,0.0,0.0,3.0479999622912146e-05,0,0,2005-07-26T00:15:00,ENGINE_EXECUTABLE_HYDRAULICALLY_UNVALIDATED
C_24771,0.71241295337677,0.7451877593994141,0.11948894709348679,0,0,2005-07-26T10:45:00,ENGINE_EXECUTABLE_HYDRAULICALLY_UNVALIDATED
C_24772,0.0,0.0,3.0479999622912146e-05,0,0,2005-07-26T00:15:00,ENGINE_EXECUTABLE_HYDRAULICALLY_UNVALIDATED
C_24773,0.0,0.0,3.0479999622912146e-05,0,0,2005-07-26T00:15:00,ENGINE_EXECUTABLE_HYDRAULICALLY_UNVALIDATED
C_24774,0.7126144170761108,0.8361772894859314,0.284103661775589,0,0,2005-07-26T10:45:00,ENGINE_EXECUTABLE_HYDRAULICALLY_UNVALIDATED
C_24775,0.712598979473114,0.9922545552253723,0.239364355802536,0,0,2005-07-26T10:45:00,ENGINE_EXECUTABLE_HYDRAULICALLY_UNVALIDATED
C_24776,0.712596595287323,0.9488968849182129,0.2502966821193695,0,0,2005-07-26T10:45:00,ENGINE_EXECUTABLE_HYDRAULICALLY_UNVALIDATED
C_24777,0.7125954627990723,0.9377223253250122,0.2532790005207062,0,0,2005-07-26T10:45:00,ENGINE_EXECUTABLE_HYDRAULICALLY_UNVALIDATED
C_24791,0.7126075029373169,0.9081177711486816,0.2615402936935425,0,0,2005-07-26T10:45:00,ENGINE_EXECUTABLE_HYDRAULICALLY_UNVALIDATED
C_24792,0.7126469612121582,1.8286635875701904,0.48377764225006104,0,0,2005-07-26T10:45:00,ENGINE_EXECUTABLE_HYDRAULICALLY_UNVALIDATED
C_24793,0.7132180333137512,1.6616896390914917,0.5215675234794617,0,0,2005-07-26T10:30:00,ENGINE_EXECUTABLE_HYDRAULICALLY_UNVALIDATED
C_24794,0.005285778548568487,0.0435275062918663,0.47662851214408875,0,0,2005-07-26T12:00:00,ENGINE_EXECUTABLE_HYDRAULICALLY_UNVALIDATED
C_24795,0.712602972984314,3.50490403175354,0.4997999966144562,180,0,2005-07-26T10:45:00,ENGINE_EXECUTABLE_HYDRAULICALLY_UNVALIDATED
C_24796,0.017292844131588936,0.10793758928775787,0.5405032634735107,0,0,2005-07-26T09:15:00,ENGINE_EXECUTABLE_HYDRAULICALLY_UNVALIDATED
C_24797,0.005147644784301519,0.04120011255145073,0.42511579394340515,0,0,2005-07-26T10:00:00,ENGINE_EXECUTABLE_HYDRAULICALLY_UNVALIDATED
C_24798,0.015622644685208797,0.1120026633143425,0.5145057439804077,0,0,2005-07-26T09:15:00,ENGINE_EXECUTABLE_HYDRAULICALLY_UNVALIDATED
C_24799,0.7125176787376404,3.487522602081299,0.5099999904632568,390,360,2005-07-26T10:45:00,ENGINE_EXECUTABLE_HYDRAULICALLY_UNVALIDATED
C_24800,0.712576150894165,3.4878089427948,0.5099999904632568,420,405,2005-07-26T10:45:00,ENGINE_EXECUTABLE_HYDRAULICALLY_UNVALIDATED
C_24801,0.7125901579856873,3.487877607345581,0.5099999904632568,450,420,2005-07-26T10:45:00,ENGINE_EXECUTABLE_HYDRAULICALLY_UNVALIDATED
C_24802,0.5847386717796326,3.6761951446533203,0.44999998807907104,450,450,2005-07-26T11:30:00,ENGINE_EXECUTABLE_HYDRAULICALLY_UNVALIDATED
C_24812,0.003361351555213332,0.05201633274555206,0.34177663922309875,0,0,2005-07-26T14:15:00,ENGINE_EXECUTABLE_HYDRAULICALLY_UNVALIDATED
C_24813,0.0018661408685147762,0.025321751832962036,0.24536660313606262,0,0,2005-07-26T14:15:00,ENGINE_EXECUTABLE_HYDRAULICALLY_UNVALIDATED
C_24814,0.010993176139891148,0.14482063055038452,0.43863433599472046,0,0,2005-07-26T09:15:00,ENGINE_EXECUTABLE_HYDRAULICALLY_UNVALIDATED
C_24815,0.0015421949792653322,0.0225764699280262,0.16786640882492065,0,0,2005-07-26T13:15:00,ENGINE_EXECUTABLE_HYDRAULICALLY_UNVALIDATED
C_24816,0.007069702260196209,0.15524208545684814,0.39814701676368713,0,0,2005-07-26T09:15:00,ENGINE_EXECUTABLE_HYDRAULICALLY_UNVALIDATED
C_24817,0.013501954264938831,0.12393469363451004,0.4790554940700531,0,0,2005-07-26T09:15:00,ENGINE_EXECUTABLE_HYDRAULICALLY_UNVALIDATED
C_24828,0.000879861181601882,0.027491290122270584,0.1004505529999733,0,0,2005-07-26T10:00:00,ENGINE_EXECUTABLE_HYDRAULICALLY_UNVALIDATED
C_24829,0.0037180299405008554,0.18850792944431305,0.36516663432121277,0,0,2005-07-26T09:15:00,ENGINE_EXECUTABLE_HYDRAULICALLY_UNVALIDATED
C_24830,1.6245983715634793e-05,0.001952196704223752,0.03352544456720352,0,0,2005-07-26T10:30:00,ENGINE_EXECUTABLE_HYDRAULICALLY_UNVALIDATED
C_24832,0.0013191431062296033,0.10246378183364868,0.34208256006240845,0,0,2005-07-26T10:45:00,ENGINE_EXECUTABLE_HYDRAULICALLY_UNVALIDATED
C_24844,0.7352427840232849,0.3449239730834961,1.2059999704360962,75,75,2005-07-26T10:45:00,ENGINE_EXECUTABLE_HYDRAULICALLY_UNVALIDATED
C_24845,0.7357651591300964,0.28382840752601624,1.2960000038146973,75,75,2005-07-26T10:45:00,ENGINE_EXECUTABLE_HYDRAULICALLY_UNVALIDATED
C_24846,0.7349279522895813,0.3132336437702179,1.1729999780654907,90,90,2005-07-26T10:45:00,ENGINE_EXECUTABLE_HYDRAULICALLY_UNVALIDATED
C_24852,0.73452228307724,0.2742496132850647,1.3389999866485596,75,75,2005-07-26T10:45:00,ENGINE_EXECUTABLE_HYDRAULICALLY_UNVALIDATED
C_24853,0.7353269457817078,0.3048279583454132,1.2059999704360962,90,90,2005-07-26T10:45:00,ENGINE_EXECUTABLE_HYDRAULICALLY_UNVALIDATED
C_24854,0.554374098777771,0.23810669779777527,1.1640000343322754,105,105,2005-07-26T11:00:00,ENGINE_EXECUTABLE_HYDRAULICALLY_UNVALIDATED
C_24855,0.7348841428756714,0.24250900745391846,1.5149999856948853,60,60,2005-07-26T10:45:00,ENGINE_EXECUTABLE_HYDRAULICALLY_UNVALIDATED
C_24856,0.7124013900756836,0.700710654258728,0.12707136571407318,0,0,2005-07-26T10:45:00,ENGINE_EXECUTABLE_HYDRAULICALLY_UNVALIDATED
C_24857,0.7124047875404358,0.5790156126022339,0.15377940237522125,0,0,2005-07-26T10:45:00,ENGINE_EXECUTABLE_HYDRAULICALLY_UNVALIDATED
C_24858,0.7124248147010803,0.4966133236885071,0.17930084466934204,0,0,2005-07-26T10:45:00,ENGINE_EXECUTABLE_HYDRAULICALLY_UNVALIDATED
C_24859,0.7124866843223572,0.48904094099998474,0.18209296464920044,0,0,2005-07-26T10:45:00,ENGINE_EXECUTABLE_HYDRAULICALLY_UNVALIDATED
C_24860,0.7125017642974854,0.6480714678764343,0.13741201162338257,0,0,2005-07-26T10:45:00,ENGINE_EXECUTABLE_HYDRAULICALLY_UNVALIDATED
C_24862,0.0,0.0,3.0479999622912146e-05,0,0,2005-07-26T00:15:00,ENGINE_EXECUTABLE_HYDRAULICALLY_UNVALIDATED
C_24863,0.0,0.0,3.0479999622912146e-05,0,0,2005-07-26T00:15:00,ENGINE_EXECUTABLE_HYDRAULICALLY_UNVALIDATED
C_24864,0.0,0.0,3.0479999622912146e-05,0,0,2005-07-26T00:15:00,ENGINE_EXECUTABLE_HYDRAULICALLY_UNVALIDATED
C_24865,0.0,0.0,3.0479999622912146e-05,0,0,2005-07-26T00:15:00,ENGINE_EXECUTABLE_HYDRAULICALLY_UNVALIDATED
C_24866,0.0,0.0,3.0479999622912146e-05,0,0,2005-07-26T00:15:00,ENGINE_EXECUTABLE_HYDRAULICALLY_UNVALIDATED
C_24867,0.0,0.0,3.0479999622912146e-05,0,0,2005-07-26T00:15:00,ENGINE_EXECUTABLE_HYDRAULICALLY_UNVALIDATED
C_24868,0.5847386717796326,3.6761951446533203,0.44999998807907104,480,465,2005-07-26T11:30:00,ENGINE_EXECUTABLE_HYDRAULICALLY_UNVALIDATED
C_24871,0.0,0.0,3.0479999622912146e-05,0,0,2005-07-26T00:15:00,ENGINE_EXECUTABLE_HYDRAULICALLY_UNVALIDATED
C_24872,0.0,0.0,3.0479999622912146e-05,0,0,2005-07-26T00:15:00,ENGINE_EXECUTABLE_HYDRAULICALLY_UNVALIDATED
C_24873,0.0,0.0,3.0479999622912146e-05,0,0,2005-07-26T00:15:00,ENGINE_EXECUTABLE_HYDRAULICALLY_UNVALIDATED
C_24874,0.0,0.0,0.1175626814365387,0,0,2005-07-26T00:15:00,ENGINE_EXECUTABLE_HYDRAULICALLY_UNVALIDATED
C_24877,0.009860946796834469,0.029795968905091286,0.3130907416343689,0,0,2005-07-26T10:15:00,ENGINE_EXECUTABLE_HYDRAULICALLY_UNVALIDATED
C_24878,0.9866278767585754,1.4450931549072266,0.34133368730545044,0,0,2005-07-26T10:45:00,ENGINE_EXECUTABLE_HYDRAULICALLY_UNVALIDATED
C_24894,0.0,0.0,3.0479999622912146e-05,0,0,2005-07-26T00:15:00,ENGINE_EXECUTABLE_HYDRAULICALLY_UNVALIDATED
C_24895,0.0,0.0,3.0479999622912146e-05,0,0,2005-07-26T00:15:00,ENGINE_EXECUTABLE_HYDRAULICALLY_UNVALIDATED
C_24896,0.0,0.0,3.0479999622912146e-05,0,0,2005-07-26T00:15:00,ENGINE_EXECUTABLE_HYDRAULICALLY_UNVALIDATED
C_24897,0.0,0.0,3.0479999622912146e-05,0,0,2005-07-26T00:15:00,ENGINE_EXECUTABLE_HYDRAULICALLY_UNVALIDATED
C_24927,0.0,0.0,3.0479999622912146e-05,0,0,2005-07-26T00:15:00,ENGINE_EXECUTABLE_HYDRAULICALLY_UNVALIDATED
C_24942,0.0,0.0,3.0479999622912146e-05,0,0,2005-07-26T00:15:00,ENGINE_EXECUTABLE_HYDRAULICALLY_UNVALIDATED
C_24943,0.0,0.0,3.0479999622912146e-05,0,0,2005-07-26T00:15:00,ENGINE_EXECUTABLE_HYDRAULICALLY_UNVALIDATED
C_24944,0.0,0.0,3.0479999622912146e-05,0,0,2005-07-26T00:15:00,ENGINE_EXECUTABLE_HYDRAULICALLY_UNVALIDATED
C_24945,0.0,0.0,3.0479999622912146e-05,0,0,2005-07-26T00:15:00,ENGINE_EXECUTABLE_HYDRAULICALLY_UNVALIDATED
C_24946,0.0,0.0,3.0479999622912146e-05,0,0,2005-07-26T00:15:00,ENGINE_EXECUTABLE_HYDRAULICALLY_UNVALIDATED
C_24947,0.0,0.0,3.0479999622912146e-05,0,0,2005-07-26T00:15:00,ENGINE_EXECUTABLE_HYDRAULICALLY_UNVALIDATED
C_24948,0.0,0.0,3.0479999622912146e-05,0,0,2005-07-26T00:15:00,ENGINE_EXECUTABLE_HYDRAULICALLY_UNVALIDATED
C_24949,0.0,0.0,3.0479999622912146e-05,0,0,2005-07-26T00:15:00,ENGINE_EXECUTABLE_HYDRAULICALLY_UNVALIDATED
C_24950,0.0,0.0,3.0479999622912146e-05,0,0,2005-07-26T00:15:00,ENGINE_EXECUTABLE_HYDRAULICALLY_UNVALIDATED
C_24951,0.0,0.0,3.0479999622912146e-05,0,0,2005-07-26T00:15:00,ENGINE_EXECUTABLE_HYDRAULICALLY_UNVALIDATED
C_24952,0.0,0.0,3.0479999622912146e-05,0,0,2005-07-26T00:15:00,ENGINE_EXECUTABLE_HYDRAULICALLY_UNVALIDATED
C_24953,0.0,0.0,3.0479999622912146e-05,0,0,2005-07-26T00:15:00,ENGINE_EXECUTABLE_HYDRAULICALLY_UNVALIDATED
C_24954,0.0,0.0,3.0479999622912146e-05,0,0,2005-07-26T00:15:00,ENGINE_EXECUTABLE_HYDRAULICALLY_UNVALIDATED
C_24955,0.0,0.0,3.0479999622912146e-05,0,0,2005-07-26T00:15:00,ENGINE_EXECUTABLE_HYDRAULICALLY_UNVALIDATED
C_24956,0.0,0.0,3.0479999622912146e-05,0,0,2005-07-26T00:15:00,ENGINE_EXECUTABLE_HYDRAULICALLY_UNVALIDATED
C_24957,0.0,0.0,3.0479999622912146e-05,0,0,2005-07-26T00:15:00,ENGINE_EXECUTABLE_HYDRAULICALLY_UNVALIDATED
C_24958,0.0,0.0,3.0479999622912146e-05,0,0,2005-07-26T00:15:00,ENGINE_EXECUTABLE_HYDRAULICALLY_UNVALIDATED
C_24959,0.0,0.0,3.0479999622912146e-05,0,0,2005-07-26T00:15:00,ENGINE_EXECUTABLE_HYDRAULICALLY_UNVALIDATED
C_24960,0.0,0.0,3.0479999622912146e-05,0,0,2005-07-26T00:15:00,ENGINE_EXECUTABLE_HYDRAULICALLY_UNVALIDATED
C_24961,0.0,0.0,3.0479999622912146e-05,0,0,2005-07-26T00:15:00,ENGINE_EXECUTABLE_HYDRAULICALLY_UNVALIDATED
C_24962,0.0,0.0,3.0479999622912146e-05,0,0,2005-07-26T00:15:00,ENGINE_EXECUTABLE_HYDRAULICALLY_UNVALIDATED
C_24963,0.0,0.0,3.0479999622912146e-05,0,0,2005-07-26T00:15:00,ENGINE_EXECUTABLE_HYDRAULICALLY_UNVALIDATED
C_24964,0.0,0.0,3.0479999622912146e-05,0,0,2005-07-26T00:15:00,ENGINE_EXECUTABLE_HYDRAULICALLY_UNVALIDATED
C_24965,0.0,0.0,3.0479999622912146e-05,0,0,2005-07-26T00:15:00,ENGINE_EXECUTABLE_HYDRAULICALLY_UNVALIDATED
C_24966,0.0,0.0,3.0479999622912146e-05,0,0,2005-07-26T00:15:00,ENGINE_EXECUTABLE_HYDRAULICALLY_UNVALIDATED
C_24967,0.0,0.0,3.0479999622912146e-05,0,0,2005-07-26T00:15:00,ENGINE_EXECUTABLE_HYDRAULICALLY_UNVALIDATED
C_24968,0.0,0.0,3.0479999622912146e-05,0,0,2005-07-26T00:15:00,ENGINE_EXECUTABLE_HYDRAULICALLY_UNVALIDATED
C_24969,0.0,0.0,3.0479999622912146e-05,0,0,2005-07-26T00:15:00,ENGINE_EXECUTABLE_HYDRAULICALLY_UNVALIDATED
C_24970,0.0,0.0,3.0479999622912146e-05,0,0,2005-07-26T00:15:00,ENGINE_EXECUTABLE_HYDRAULICALLY_UNVALIDATED
C_24971,0.0,0.0,3.0479999622912146e-05,0,0,2005-07-26T00:15:00,ENGINE_EXECUTABLE_HYDRAULICALLY_UNVALIDATED
C_24972,0.0,0.0,3.0479999622912146e-05,0,0,2005-07-26T00:15:00,ENGINE_EXECUTABLE_HYDRAULICALLY_UNVALIDATED
C_24973,0.0,0.0,3.0479999622912146e-05,0,0,2005-07-26T00:15:00,ENGINE_EXECUTABLE_HYDRAULICALLY_UNVALIDATED
C_24974,0.0,0.0,3.0479999622912146e-05,0,0,2005-07-26T00:15:00,ENGINE_EXECUTABLE_HYDRAULICALLY_UNVALIDATED
C_24975,0.0,0.0,3.0479999622912146e-05,0,0,2005-07-26T00:15:00,ENGINE_EXECUTABLE_HYDRAULICALLY_UNVALIDATED
C_24976,0.0,0.0,3.0479999622912146e-05,0,0,2005-07-26T00:15:00,ENGINE_EXECUTABLE_HYDRAULICALLY_UNVALIDATED
C_24977,0.0,0.0,3.0479999622912146e-05,0,0,2005-07-26T00:15:00,ENGINE_EXECUTABLE_HYDRAULICALLY_UNVALIDATED
C_24978,0.0,0.0,3.0479999622912146e-05,0,0,2005-07-26T00:15:00,ENGINE_EXECUTABLE_HYDRAULICALLY_UNVALIDATED
C_24979,0.0,0.0,3.0479999622912146e-05,0,0,2005-07-26T00:15:00,ENGINE_EXECUTABLE_HYDRAULICALLY_UNVALIDATED
C_24980,0.0,0.0,3.0479999622912146e-05,0,0,2005-07-26T00:15:00,ENGINE_EXECUTABLE_HYDRAULICALLY_UNVALIDATED
C_24981,0.0,0.0,3.0479999622912146e-05,0,0,2005-07-26T00:15:00,ENGINE_EXECUTABLE_HYDRAULICALLY_UNVALIDATED
C_24982,0.0,0.0,3.0479999622912146e-05,0,0,2005-07-26T00:15:00,ENGINE_EXECUTABLE_HYDRAULICALLY_UNVALIDATED
C_24983,0.0,0.0,3.0479999622912146e-05,0,0,2005-07-26T00:15:00,ENGINE_EXECUTABLE_HYDRAULICALLY_UNVALIDATED
C_24984,0.0,0.0,3.0479999622912146e-05,0,0,2005-07-26T00:15:00,ENGINE_EXECUTABLE_HYDRAULICALLY_UNVALIDATED
C_24985,0.0,0.0,3.0479999622912146e-05,0,0,2005-07-26T00:15:00,ENGINE_EXECUTABLE_HYDRAULICALLY_UNVALIDATED
C_24986,0.0,0.0,3.0479999622912146e-05,0,0,2005-07-26T00:15:00,ENGINE_EXECUTABLE_HYDRAULICALLY_UNVALIDATED
C_24987,0.0,0.0,3.0479999622912146e-05,0,0,2005-07-26T00:15:00,ENGINE_EXECUTABLE_HYDRAULICALLY_UNVALIDATED
C_24988,0.0,0.0,3.0479999622912146e-05,0,0,2005-07-26T00:15:00,ENGINE_EXECUTABLE_HYDRAULICALLY_UNVALIDATED
C_24989,0.0,0.0,3.0479999622912146e-05,0,0,2005-07-26T00:15:00,ENGINE_EXECUTABLE_HYDRAULICALLY_UNVALIDATED
C_24990,0.0,0.0,3.0479999622912146e-05,0,0,2005-07-26T00:15:00,ENGINE_EXECUTABLE_HYDRAULICALLY_UNVALIDATED
C_24991,0.0,0.0,0.0030847107991576195,0,0,2005-07-26T00:15:00,ENGINE_EXECUTABLE_HYDRAULICALLY_UNVALIDATED
C_24992,0.003004281083121896,0.00688083516433835,0.043656714260578156,0,0,2005-07-26T10:45:00,ENGINE_EXECUTABLE_HYDRAULICALLY_UNVALIDATED
C_24993,0.0,0.0,3.0479999622912146e-05,0,0,2005-07-26T00:15:00,ENGINE_EXECUTABLE_HYDRAULICALLY_UNVALIDATED
C_24994,0.0,0.0,3.0479999622912146e-05,0,0,2005-07-26T00:15:00,ENGINE_EXECUTABLE_HYDRAULICALLY_UNVALIDATED
C_24995,0.0,0.0,3.0479999622912146e-05,0,0,2005-07-26T00:15:00,ENGINE_EXECUTABLE_HYDRAULICALLY_UNVALIDATED
C_24996,0.0,0.0,3.0479999622912146e-05,0,0,2005-07-26T00:15:00,ENGINE_EXECUTABLE_HYDRAULICALLY_UNVALIDATED
C_24997,0.0,0.0,3.0479999622912146e-05,0,0,2005-07-26T00:15:00,ENGINE_EXECUTABLE_HYDRAULICALLY_UNVALIDATED
C_24998,0.0,0.0,3.0479999622912146e-05,0,0,2005-07-26T00:15:00,ENGINE_EXECUTABLE_HYDRAULICALLY_UNVALIDATED
C_24999,0.0,0.0,3.0479999622912146e-05,0,0,2005-07-26T00:15:00,ENGINE_EXECUTABLE_HYDRAULICALLY_UNVALIDATED
C_25000,0.0,0.0,3.0479999622912146e-05,0,0,2005-07-26T00:15:00,ENGINE_EXECUTABLE_HYDRAULICALLY_UNVALIDATED
C_25001,0.0,0.0,3.0479999622912146e-05,0,0,2005-07-26T00:15:00,ENGINE_EXECUTABLE_HYDRAULICALLY_UNVALIDATED
C_25002,0.0,0.0,3.0479999622912146e-05,0,0,2005-07-26T00:15:00,ENGINE_EXECUTABLE_HYDRAULICALLY_UNVALIDATED
C_25003,0.0,0.0,3.0479999622912146e-05,0,0,2005-07-26T00:15:00,ENGINE_EXECUTABLE_HYDRAULICALLY_UNVALIDATED
C_25004,0.0,0.0,3.0479999622912146e-05,0,0,2005-07-26T00:15:00,ENGINE_EXECUTABLE_HYDRAULICALLY_UNVALIDATED
C_25005,0.0,0.0,3.0479999622912146e-05,0,0,2005-07-26T00:15:00,ENGINE_EXECUTABLE_HYDRAULICALLY_UNVALIDATED
C_25006,0.0,0.0,3.0479999622912146e-05,0,0,2005-07-26T00:15:00,ENGINE_EXECUTABLE_HYDRAULICALLY_UNVALIDATED
C_25007,0.0,0.0,3.0479999622912146e-05,0,0,2005-07-26T00:15:00,ENGINE_EXECUTABLE_HYDRAULICALLY_UNVALIDATED
C_25008,0.0,0.0,3.0479999622912146e-05,0,0,2005-07-26T00:15:00,ENGINE_EXECUTABLE_HYDRAULICALLY_UNVALIDATED
C_25009,0.0,0.0,3.0479999622912146e-05,0,0,2005-07-26T00:15:00,ENGINE_EXECUTABLE_HYDRAULICALLY_UNVALIDATED
C_25013,0.0,0.0,3.0479999622912146e-05,0,0,2005-07-26T00:15:00,ENGINE_EXECUTABLE_HYDRAULICALLY_UNVALIDATED
C_25014,0.0,0.0,3.0479999622912146e-05,0,0,2005-07-26T00:15:00,ENGINE_EXECUTABLE_HYDRAULICALLY_UNVALIDATED
C_25015,0.0,0.0,3.0479999622912146e-05,0,0,2005-07-26T00:15:00,ENGINE_EXECUTABLE_HYDRAULICALLY_UNVALIDATED
C_25016,0.0,0.0,3.0479999622912146e-05,0,0,2005-07-26T00:15:00,ENGINE_EXECUTABLE_HYDRAULICALLY_UNVALIDATED
C_25017,0.0,0.0,3.0479999622912146e-05,0,0,2005-07-26T00:15:00,ENGINE_EXECUTABLE_HYDRAULICALLY_UNVALIDATED
C_25018,0.0,0.0,3.0479999622912146e-05,0,0,2005-07-26T00:15:00,ENGINE_EXECUTABLE_HYDRAULICALLY_UNVALIDATED
C_25019,0.0,0.0,3.0479999622912146e-05,0,0,2005-07-26T00:15:00,ENGINE_EXECUTABLE_HYDRAULICALLY_UNVALIDATED
C_25020,0.0,0.0,3.0479999622912146e-05,0,0,2005-07-26T00:15:00,ENGINE_EXECUTABLE_HYDRAULICALLY_UNVALIDATED
C_25021,0.0,0.0,3.0479999622912146e-05,0,0,2005-07-26T00:15:00,ENGINE_EXECUTABLE_HYDRAULICALLY_UNVALIDATED
C_25022,0.0,0.0,3.0479999622912146e-05,0,0,2005-07-26T00:15:00,ENGINE_EXECUTABLE_HYDRAULICALLY_UNVALIDATED
C_25023,0.0,0.0,3.0479999622912146e-05,0,0,2005-07-26T00:15:00,ENGINE_EXECUTABLE_HYDRAULICALLY_UNVALIDATED
C_25027,0.0,0.0,3.0479999622912146e-05,0,0,2005-07-26T00:15:00,ENGINE_EXECUTABLE_HYDRAULICALLY_UNVALIDATED
C_25028,0.0,0.0,3.0479999622912146e-05,0,0,2005-07-26T00:15:00,ENGINE_EXECUTABLE_HYDRAULICALLY_UNVALIDATED
C_25029,0.0,0.0,3.0479999622912146e-05,0,0,2005-07-26T00:15:00,ENGINE_EXECUTABLE_HYDRAULICALLY_UNVALIDATED
C_25030,0.0,0.0,3.0479999622912146e-05,0,0,2005-07-26T00:15:00,ENGINE_EXECUTABLE_HYDRAULICALLY_UNVALIDATED
C_25031,0.0,0.0,3.0479999622912146e-05,0,0,2005-07-26T00:15:00,ENGINE_EXECUTABLE_HYDRAULICALLY_UNVALIDATED
C_25032,0.0,0.0,3.0479999622912146e-05,0,0,2005-07-26T00:15:00,ENGINE_EXECUTABLE_HYDRAULICALLY_UNVALIDATED
C_25033,0.0,0.0,3.0479999622912146e-05,0,0,2005-07-26T00:15:00,ENGINE_EXECUTABLE_HYDRAULICALLY_UNVALIDATED
C_25034,0.0,0.0,3.0479999622912146e-05,0,0,2005-07-26T00:15:00,ENGINE_EXECUTABLE_HYDRAULICALLY_UNVALIDATED
C_25035,0.0,0.0,3.0479999622912146e-05,0,0,2005-07-26T00:15:00,ENGINE_EXECUTABLE_HYDRAULICALLY_UNVALIDATED
C_25036,0.0,0.0,3.0479999622912146e-05,0,0,2005-07-26T00:15:00,ENGINE_EXECUTABLE_HYDRAULICALLY_UNVALIDATED
C_25037,0.0,0.0,3.0479999622912146e-05,0,0,2005-07-26T00:15:00,ENGINE_EXECUTABLE_HYDRAULICALLY_UNVALIDATED
C_25038,0.0,0.0,3.0479999622912146e-05,0,0,2005-07-26T00:15:00,ENGINE_EXECUTABLE_HYDRAULICALLY_UNVALIDATED
C_25039,0.0,0.0,3.0479999622912146e-05,0,0,2005-07-26T00:15:00,ENGINE_EXECUTABLE_HYDRAULICALLY_UNVALIDATED
C_25040,0.0,0.0,3.0479999622912146e-05,0,0,2005-07-26T00:15:00,ENGINE_EXECUTABLE_HYDRAULICALLY_UNVALIDATED
C_25041,0.0,0.0,3.0479999622912146e-05,0,0,2005-07-26T00:15:00,ENGINE_EXECUTABLE_HYDRAULICALLY_UNVALIDATED
C_25042,0.0,0.0,3.0479999622912146e-05,0,0,2005-07-26T00:15:00,ENGINE_EXECUTABLE_HYDRAULICALLY_UNVALIDATED
C_25043,0.0,0.0,3.0479999622912146e-05,0,0,2005-07-26T00:15:00,ENGINE_EXECUTABLE_HYDRAULICALLY_UNVALIDATED
C_25044,0.0,0.0,3.0479999622912146e-05,0,0,2005-07-26T00:15:00,ENGINE_EXECUTABLE_HYDRAULICALLY_UNVALIDATED
C_25045,0.0,0.0,3.0479999622912146e-05,0,0,2005-07-26T00:15:00,ENGINE_EXECUTABLE_HYDRAULICALLY_UNVALIDATED
C_25046,0.0,0.0,3.0479999622912146e-05,0,0,2005-07-26T00:15:00,ENGINE_EXECUTABLE_HYDRAULICALLY_UNVALIDATED
C_25047,0.0,0.0,3.0479999622912146e-05,0,0,2005-07-26T00:15:00,ENGINE_EXECUTABLE_HYDRAULICALLY_UNVALIDATED
C_25048,0.0,0.0,3.0479999622912146e-05,0,0,2005-07-26T00:15:00,ENGINE_EXECUTABLE_HYDRAULICALLY_UNVALIDATED
C_25049,0.0,0.0,3.0479999622912146e-05,0,0,2005-07-26T00:15:00,ENGINE_EXECUTABLE_HYDRAULICALLY_UNVALIDATED
C_25050,0.0,0.0,3.0479999622912146e-05,0,0,2005-07-26T00:15:00,ENGINE_EXECUTABLE_HYDRAULICALLY_UNVALIDATED
C_25051,0.0,0.0,3.0479999622912146e-05,0,0,2005-07-26T00:15:00,ENGINE_EXECUTABLE_HYDRAULICALLY_UNVALIDATED
C_25052,0.0,0.0,3.0479999622912146e-05,0,0,2005-07-26T00:15:00,ENGINE_EXECUTABLE_HYDRAULICALLY_UNVALIDATED
C_25053,0.0,0.0,3.0479999622912146e-05,0,0,2005-07-26T00:15:00,ENGINE_EXECUTABLE_HYDRAULICALLY_UNVALIDATED
C_25054,0.0,0.0,3.0479999622912146e-05,0,0,2005-07-26T00:15:00,ENGINE_EXECUTABLE_HYDRAULICALLY_UNVALIDATED
C_25055,0.0,0.0,3.0479999622912146e-05,0,0,2005-07-26T00:15:00,ENGINE_EXECUTABLE_HYDRAULICALLY_UNVALIDATED
C_25056,0.0,0.0,3.0479999622912146e-05,0,0,2005-07-26T00:15:00,ENGINE_EXECUTABLE_HYDRAULICALLY_UNVALIDATED
C_25057,0.0,0.0,3.0479999622912146e-05,0,0,2005-07-26T00:15:00,ENGINE_EXECUTABLE_HYDRAULICALLY_UNVALIDATED
C_25058,0.0,0.0,3.0479999622912146e-05,0,0,2005-07-26T00:15:00,ENGINE_EXECUTABLE_HYDRAULICALLY_UNVALIDATED
C_25059,0.0,0.0,3.0479999622912146e-05,0,0,2005-07-26T00:15:00,ENGINE_EXECUTABLE_HYDRAULICALLY_UNVALIDATED
C_25060,0.0,0.0,3.0479999622912146e-05,0,0,2005-07-26T00:15:00,ENGINE_EXECUTABLE_HYDRAULICALLY_UNVALIDATED
C_25061,0.0,0.0,3.0479999622912146e-05,0,0,2005-07-26T00:15:00,ENGINE_EXECUTABLE_HYDRAULICALLY_UNVALIDATED
C_25062,0.0,0.0,3.0479999622912146e-05,0,0,2005-07-26T00:15:00,ENGINE_EXECUTABLE_HYDRAULICALLY_UNVALIDATED
C_25063,0.0,0.0,3.0479999622912146e-05,0,0,2005-07-26T00:15:00,ENGINE_EXECUTABLE_HYDRAULICALLY_UNVALIDATED
C_25064,0.0,0.0,3.0479999622912146e-05,0,0,2005-07-26T00:15:00,ENGINE_EXECUTABLE_HYDRAULICALLY_UNVALIDATED
C_25065,0.0,0.0,3.0479999622912146e-05,0,0,2005-07-26T00:15:00,ENGINE_EXECUTABLE_HYDRAULICALLY_UNVALIDATED
C_25066,0.0,0.0,3.0479999622912146e-05,0,0,2005-07-26T00:15:00,ENGINE_EXECUTABLE_HYDRAULICALLY_UNVALIDATED
C_25067,0.0,0.0,3.0479999622912146e-05,0,0,2005-07-26T00:15:00,ENGINE_EXECUTABLE_HYDRAULICALLY_UNVALIDATED
C_25068,0.0,0.0,3.0479999622912146e-05,0,0,2005-07-26T00:15:00,ENGINE_EXECUTABLE_HYDRAULICALLY_UNVALIDATED
C_25069,0.0,0.0,3.0479999622912146e-05,0,0,2005-07-26T00:15:00,ENGINE_EXECUTABLE_HYDRAULICALLY_UNVALIDATED
C_25070,0.0,0.0,3.0479999622912146e-05,0,0,2005-07-26T00:15:00,ENGINE_EXECUTABLE_HYDRAULICALLY_UNVALIDATED
C_25071,0.0,0.0,3.0479999622912146e-05,0,0,2005-07-26T00:15:00,ENGINE_EXECUTABLE_HYDRAULICALLY_UNVALIDATED
C_25072,0.0,0.0,3.0479999622912146e-05,0,0,2005-07-26T00:15:00,ENGINE_EXECUTABLE_HYDRAULICALLY_UNVALIDATED
C_25073,0.0,0.0,3.0479999622912146e-05,0,0,2005-07-26T00:15:00,ENGINE_EXECUTABLE_HYDRAULICALLY_UNVALIDATED
C_25074,0.0,0.0,3.0479999622912146e-05,0,0,2005-07-26T00:15:00,ENGINE_EXECUTABLE_HYDRAULICALLY_UNVALIDATED
C_25075,0.0,0.0,3.0479999622912146e-05,0,0,2005-07-26T00:15:00,ENGINE_EXECUTABLE_HYDRAULICALLY_UNVALIDATED
C_25076,0.0,0.0,3.0479999622912146e-05,0,0,2005-07-26T00:15:00,ENGINE_EXECUTABLE_HYDRAULICALLY_UNVALIDATED
C_25077,0.0,0.0,3.0479999622912146e-05,0,0,2005-07-26T00:15:00,ENGINE_EXECUTABLE_HYDRAULICALLY_UNVALIDATED
C_25078,0.0,0.0,3.0479999622912146e-05,0,0,2005-07-26T00:15:00,ENGINE_EXECUTABLE_HYDRAULICALLY_UNVALIDATED
C_25079,0.0,0.0,3.0479999622912146e-05,0,0,2005-07-26T00:15:00,ENGINE_EXECUTABLE_HYDRAULICALLY_UNVALIDATED
C_25080,0.0,0.0,3.0479999622912146e-05,0,0,2005-07-26T00:15:00,ENGINE_EXECUTABLE_HYDRAULICALLY_UNVALIDATED
C_25081,0.0,0.0,3.0479999622912146e-05,0,0,2005-07-26T00:15:00,ENGINE_EXECUTABLE_HYDRAULICALLY_UNVALIDATED
C_25082,0.0,0.0,3.0479999622912146e-05,0,0,2005-07-26T00:15:00,ENGINE_EXECUTABLE_HYDRAULICALLY_UNVALIDATED
C_25083,0.0,0.0,3.0479999622912146e-05,0,0,2005-07-26T00:15:00,ENGINE_EXECUTABLE_HYDRAULICALLY_UNVALIDATED
C_25084,0.0,0.0,3.0479999622912146e-05,0,0,2005-07-26T00:15:00,ENGINE_EXECUTABLE_HYDRAULICALLY_UNVALIDATED
C_25085,0.0,0.0,3.0479999622912146e-05,0,0,2005-07-26T00:15:00,ENGINE_EXECUTABLE_HYDRAULICALLY_UNVALIDATED
C_25086,0.0,0.0,3.0479999622912146e-05,0,0,2005-07-26T00:15:00,ENGINE_EXECUTABLE_HYDRAULICALLY_UNVALIDATED
C_25087,0.0,0.0,3.0479999622912146e-05,0,0,2005-07-26T00:15:00,ENGINE_EXECUTABLE_HYDRAULICALLY_UNVALIDATED
C_25088,0.0,0.0,3.0479999622912146e-05,0,0,2005-07-26T00:15:00,ENGINE_EXECUTABLE_HYDRAULICALLY_UNVALIDATED
C_25089,0.0,0.0,3.0479999622912146e-05,0,0,2005-07-26T00:15:00,ENGINE_EXECUTABLE_HYDRAULICALLY_UNVALIDATED
C_25090,0.0,0.0,3.0479999622912146e-05,0,0,2005-07-26T00:15:00,ENGINE_EXECUTABLE_HYDRAULICALLY_UNVALIDATED
C_25091,0.0,0.0,3.0479999622912146e-05,0,0,2005-07-26T00:15:00,ENGINE_EXECUTABLE_HYDRAULICALLY_UNVALIDATED
C_25092,0.0,0.0,3.0479999622912146e-05,0,0,2005-07-26T00:15:00,ENGINE_EXECUTABLE_HYDRAULICALLY_UNVALIDATED
C_25093,0.0,0.0,3.0479999622912146e-05,0,0,2005-07-26T00:15:00,ENGINE_EXECUTABLE_HYDRAULICALLY_UNVALIDATED
C_25094,0.0,0.0,3.0479999622912146e-05,0,0,2005-07-26T00:15:00,ENGINE_EXECUTABLE_HYDRAULICALLY_UNVALIDATED
C_25095,0.0,0.0,3.0479999622912146e-05,0,0,2005-07-26T00:15:00,ENGINE_EXECUTABLE_HYDRAULICALLY_UNVALIDATED
C_25096,0.0,0.0,3.0479999622912146e-05,0,0,2005-07-26T00:15:00,ENGINE_EXECUTABLE_HYDRAULICALLY_UNVALIDATED
C_25097,0.0,0.0,3.0479999622912146e-05,0,0,2005-07-26T00:15:00,ENGINE_EXECUTABLE_HYDRAULICALLY_UNVALIDATED
C_25098,0.0,0.0,3.0479999622912146e-05,0,0,2005-07-26T00:15:00,ENGINE_EXECUTABLE_HYDRAULICALLY_UNVALIDATED
C_25099,0.0,0.0,3.0479999622912146e-05,0,0,2005-07-26T00:15:00,ENGINE_EXECUTABLE_HYDRAULICALLY_UNVALIDATED
C_25100,0.0,0.0,3.0479999622912146e-05,0,0,2005-07-26T00:15:00,ENGINE_EXECUTABLE_HYDRAULICALLY_UNVALIDATED
C_25101,0.0,0.0,3.0479999622912146e-05,0,0,2005-07-26T00:15:00,ENGINE_EXECUTABLE_HYDRAULICALLY_UNVALIDATED
C_25102,0.0,0.0,3.0479999622912146e-05,0,0,2005-07-26T00:15:00,ENGINE_EXECUTABLE_HYDRAULICALLY_UNVALIDATED
C_25103,0.0,0.0,3.0479999622912146e-05,0,0,2005-07-26T00:15:00,ENGINE_EXECUTABLE_HYDRAULICALLY_UNVALIDATED
C_25104,0.0,0.0,3.0479999622912146e-05,0,0,2005-07-26T00:15:00,ENGINE_EXECUTABLE_HYDRAULICALLY_UNVALIDATED
C_25105,0.0,0.0,3.0479999622912146e-05,0,0,2005-07-26T00:15:00,ENGINE_EXECUTABLE_HYDRAULICALLY_UNVALIDATED
C_25106,0.0,0.0,3.0479999622912146e-05,0,0,2005-07-26T00:15:00,ENGINE_EXECUTABLE_HYDRAULICALLY_UNVALIDATED
C_25107,0.0,0.0,3.0479999622912146e-05,0,0,2005-07-26T00:15:00,ENGINE_EXECUTABLE_HYDRAULICALLY_UNVALIDATED
C_25108,0.0,0.0,3.0479999622912146e-05,0,0,2005-07-26T00:15:00,ENGINE_EXECUTABLE_HYDRAULICALLY_UNVALIDATED
C_25109,0.0,0.0,3.0479999622912146e-05,0,0,2005-07-26T00:15:00,ENGINE_EXECUTABLE_HYDRAULICALLY_UNVALIDATED
C_25110,0.0,0.0,3.0479999622912146e-05,0,0,2005-07-26T00:15:00,ENGINE_EXECUTABLE_HYDRAULICALLY_UNVALIDATED
C_25111,0.0,0.0,3.0479999622912146e-05,0,0,2005-07-26T00:15:00,ENGINE_EXECUTABLE_HYDRAULICALLY_UNVALIDATED
C_25112,0.0,0.0,3.0479999622912146e-05,0,0,2005-07-26T00:15:00,ENGINE_EXECUTABLE_HYDRAULICALLY_UNVALIDATED
C_25113,0.0,0.0,3.0479999622912146e-05,0,0,2005-07-26T00:15:00,ENGINE_EXECUTABLE_HYDRAULICALLY_UNVALIDATED
C_25114,0.0,0.0,3.0479999622912146e-05,0,0,2005-07-26T00:15:00,ENGINE_EXECUTABLE_HYDRAULICALLY_UNVALIDATED
C_25115,0.0,0.0,3.0479999622912146e-05,0,0,2005-07-26T00:15:00,ENGINE_EXECUTABLE_HYDRAULICALLY_UNVALIDATED
C_25116,0.0,0.0,3.0479999622912146e-05,0,0,2005-07-26T00:15:00,ENGINE_EXECUTABLE_HYDRAULICALLY_UNVALIDATED
C_25117,0.0,0.0,3.0479999622912146e-05,0,0,2005-07-26T00:15:00,ENGINE_EXECUTABLE_HYDRAULICALLY_UNVALIDATED
C_25118,0.0,0.0,3.0479999622912146e-05,0,0,2005-07-26T00:15:00,ENGINE_EXECUTABLE_HYDRAULICALLY_UNVALIDATED
C_25119,0.0,0.0,3.0479999622912146e-05,0,0,2005-07-26T00:15:00,ENGINE_EXECUTABLE_HYDRAULICALLY_UNVALIDATED
C_25120,0.0,0.0,3.0479999622912146e-05,0,0,2005-07-26T00:15:00,ENGINE_EXECUTABLE_HYDRAULICALLY_UNVALIDATED
C_25121,0.0,0.0,3.0479999622912146e-05,0,0,2005-07-26T00:15:00,ENGINE_EXECUTABLE_HYDRAULICALLY_UNVALIDATED
C_25122,0.0,0.0,3.0479999622912146e-05,0,0,2005-07-26T00:15:00,ENGINE_EXECUTABLE_HYDRAULICALLY_UNVALIDATED
C_25123,0.0,0.0,3.0479999622912146e-05,0,0,2005-07-26T00:15:00,ENGINE_EXECUTABLE_HYDRAULICALLY_UNVALIDATED
C_25124,0.0,0.0,3.0479999622912146e-05,0,0,2005-07-26T00:15:00,ENGINE_EXECUTABLE_HYDRAULICALLY_UNVALIDATED
C_25125,0.0,0.0,3.0479999622912146e-05,0,0,2005-07-26T00:15:00,ENGINE_EXECUTABLE_HYDRAULICALLY_UNVALIDATED
C_25126,0.0,0.0,3.0479999622912146e-05,0,0,2005-07-26T00:15:00,ENGINE_EXECUTABLE_HYDRAULICALLY_UNVALIDATED
C_25127,0.0,0.0,3.0479999622912146e-05,0,0,2005-07-26T00:15:00,ENGINE_EXECUTABLE_HYDRAULICALLY_UNVALIDATED
C_25128,0.0,0.0,3.0479999622912146e-05,0,0,2005-07-26T00:15:00,ENGINE_EXECUTABLE_HYDRAULICALLY_UNVALIDATED
C_25129,0.0,0.0,3.0479999622912146e-05,0,0,2005-07-26T00:15:00,ENGINE_EXECUTABLE_HYDRAULICALLY_UNVALIDATED
C_25130,0.0,0.0,3.0479999622912146e-05,0,0,2005-07-26T00:15:00,ENGINE_EXECUTABLE_HYDRAULICALLY_UNVALIDATED
C_25131,0.0,0.0,3.0479999622912146e-05,0,0,2005-07-26T00:15:00,ENGINE_EXECUTABLE_HYDRAULICALLY_UNVALIDATED
C_25132,0.0,0.0,3.0479999622912146e-05,0,0,2005-07-26T00:15:00,ENGINE_EXECUTABLE_HYDRAULICALLY_UNVALIDATED
C_25133,0.0,0.0,3.0479999622912146e-05,0,0,2005-07-26T00:15:00,ENGINE_EXECUTABLE_HYDRAULICALLY_UNVALIDATED
C_25134,0.0,0.0,3.0479999622912146e-05,0,0,2005-07-26T00:15:00,ENGINE_EXECUTABLE_HYDRAULICALLY_UNVALIDATED
C_25135,0.0,0.0,3.0479999622912146e-05,0,0,2005-07-26T00:15:00,ENGINE_EXECUTABLE_HYDRAULICALLY_UNVALIDATED
C_25136,0.0,0.0,3.0479999622912146e-05,0,0,2005-07-26T00:15:00,ENGINE_EXECUTABLE_HYDRAULICALLY_UNVALIDATED
C_25137,0.0,0.0,3.0479999622912146e-05,0,0,2005-07-26T00:15:00,ENGINE_EXECUTABLE_HYDRAULICALLY_UNVALIDATED
C_25138,0.0,0.0,3.0479999622912146e-05,0,0,2005-07-26T00:15:00,ENGINE_EXECUTABLE_HYDRAULICALLY_UNVALIDATED
C_25139,0.0,0.0,3.0479999622912146e-05,0,0,2005-07-26T00:15:00,ENGINE_EXECUTABLE_HYDRAULICALLY_UNVALIDATED
C_25140,0.0,0.0,3.0479999622912146e-05,0,0,2005-07-26T00:15:00,ENGINE_EXECUTABLE_HYDRAULICALLY_UNVALIDATED
C_25141,0.0,0.0,3.0479999622912146e-05,0,0,2005-07-26T00:15:00,ENGINE_EXECUTABLE_HYDRAULICALLY_UNVALIDATED
C_25142,0.0,0.0,3.0479999622912146e-05,0,0,2005-07-26T00:15:00,ENGINE_EXECUTABLE_HYDRAULICALLY_UNVALIDATED
C_25143,0.0,0.0,3.0479999622912146e-05,0,0,2005-07-26T00:15:00,ENGINE_EXECUTABLE_HYDRAULICALLY_UNVALIDATED
C_25144,0.0,0.0,3.0479999622912146e-05,0,0,2005-07-26T00:15:00,ENGINE_EXECUTABLE_HYDRAULICALLY_UNVALIDATED
C_25145,0.0,0.0,3.0479999622912146e-05,0,0,2005-07-26T00:15:00,ENGINE_EXECUTABLE_HYDRAULICALLY_UNVALIDATED
C_25146,0.0,0.0,3.0479999622912146e-05,0,0,2005-07-26T00:15:00,ENGINE_EXECUTABLE_HYDRAULICALLY_UNVALIDATED
C_25147,0.0,0.0,3.0479999622912146e-05,0,0,2005-07-26T00:15:00,ENGINE_EXECUTABLE_HYDRAULICALLY_UNVALIDATED
C_25148,0.0,0.0,3.0479999622912146e-05,0,0,2005-07-26T00:15:00,ENGINE_EXECUTABLE_HYDRAULICALLY_UNVALIDATED
C_25149,0.0,0.0,3.0479999622912146e-05,0,0,2005-07-26T00:15:00,ENGINE_EXECUTABLE_HYDRAULICALLY_UNVALIDATED
C_25150,0.0,0.0,3.0479999622912146e-05,0,0,2005-07-26T00:15:00,ENGINE_EXECUTABLE_HYDRAULICALLY_UNVALIDATED
C_25151,0.0,0.0,3.0479999622912146e-05,0,0,2005-07-26T00:15:00,ENGINE_EXECUTABLE_HYDRAULICALLY_UNVALIDATED
C_25152,0.0,0.0,3.0479999622912146e-05,0,0,2005-07-26T00:15:00,ENGINE_EXECUTABLE_HYDRAULICALLY_UNVALIDATED
C_25153,0.0,0.0,3.0479999622912146e-05,0,0,2005-07-26T00:15:00,ENGINE_EXECUTABLE_HYDRAULICALLY_UNVALIDATED
C_25154,0.0,0.0,3.0479999622912146e-05,0,0,2005-07-26T00:15:00,ENGINE_EXECUTABLE_HYDRAULICALLY_UNVALIDATED
C_25155,0.0,0.0,3.0479999622912146e-05,0,0,2005-07-26T00:15:00,ENGINE_EXECUTABLE_HYDRAULICALLY_UNVALIDATED
C_25156,0.0,0.0,3.0479999622912146e-05,0,0,2005-07-26T00:15:00,ENGINE_EXECUTABLE_HYDRAULICALLY_UNVALIDATED
C_25157,0.0,0.0,3.0479999622912146e-05,0,0,2005-07-26T00:15:00,ENGINE_EXECUTABLE_HYDRAULICALLY_UNVALIDATED
C_25158,0.0,0.0,3.0479999622912146e-05,0,0,2005-07-26T00:15:00,ENGINE_EXECUTABLE_HYDRAULICALLY_UNVALIDATED
C_25159,0.0,0.0,3.0479999622912146e-05,0,0,2005-07-26T00:15:00,ENGINE_EXECUTABLE_HYDRAULICALLY_UNVALIDATED
C_25160,0.0,0.0,3.0479999622912146e-05,0,0,2005-07-26T00:15:00,ENGINE_EXECUTABLE_HYDRAULICALLY_UNVALIDATED
C_25161,0.0,0.0,3.0479999622912146e-05,0,0,2005-07-26T00:15:00,ENGINE_EXECUTABLE_HYDRAULICALLY_UNVALIDATED
C_25162,0.0,0.0,3.0479999622912146e-05,0,0,2005-07-26T00:15:00,ENGINE_EXECUTABLE_HYDRAULICALLY_UNVALIDATED
C_25163,0.0,0.0,3.0479999622912146e-05,0,0,2005-07-26T00:15:00,ENGINE_EXECUTABLE_HYDRAULICALLY_UNVALIDATED
C_25164,0.0,0.0,3.0479999622912146e-05,0,0,2005-07-26T00:15:00,ENGINE_EXECUTABLE_HYDRAULICALLY_UNVALIDATED
C_25165,0.0,0.0,3.0479999622912146e-05,0,0,2005-07-26T00:15:00,ENGINE_EXECUTABLE_HYDRAULICALLY_UNVALIDATED
C_25166,0.0,0.0,3.0479999622912146e-05,0,0,2005-07-26T00:15:00,ENGINE_EXECUTABLE_HYDRAULICALLY_UNVALIDATED
C_25167,0.0,0.0,3.0479999622912146e-05,0,0,2005-07-26T00:15:00,ENGINE_EXECUTABLE_HYDRAULICALLY_UNVALIDATED
C_25168,0.0,0.0,3.0479999622912146e-05,0,0,2005-07-26T00:15:00,ENGINE_EXECUTABLE_HYDRAULICALLY_UNVALIDATED
C_25169,0.0,0.0,3.0479999622912146e-05,0,0,2005-07-26T00:15:00,ENGINE_EXECUTABLE_HYDRAULICALLY_UNVALIDATED
C_25170,0.0,0.0,3.0479999622912146e-05,0,0,2005-07-26T00:15:00,ENGINE_EXECUTABLE_HYDRAULICALLY_UNVALIDATED
C_25171,0.0,0.0,3.0479999622912146e-05,0,0,2005-07-26T00:15:00,ENGINE_EXECUTABLE_HYDRAULICALLY_UNVALIDATED
C_25172,0.0,0.0,3.0479999622912146e-05,0,0,2005-07-26T00:15:00,ENGINE_EXECUTABLE_HYDRAULICALLY_UNVALIDATED
C_25173,0.0,0.0,3.0479999622912146e-05,0,0,2005-07-26T00:15:00,ENGINE_EXECUTABLE_HYDRAULICALLY_UNVALIDATED
C_25174,0.0,0.0,3.0479999622912146e-05,0,0,2005-07-26T00:15:00,ENGINE_EXECUTABLE_HYDRAULICALLY_UNVALIDATED
C_25175,0.0,0.0,3.0479999622912146e-05,0,0,2005-07-26T00:15:00,ENGINE_EXECUTABLE_HYDRAULICALLY_UNVALIDATED
C_25176,0.0,0.0,3.0479999622912146e-05,0,0,2005-07-26T00:15:00,ENGINE_EXECUTABLE_HYDRAULICALLY_UNVALIDATED
C_25177,0.0,0.0,3.0479999622912146e-05,0,0,2005-07-26T00:15:00,ENGINE_EXECUTABLE_HYDRAULICALLY_UNVALIDATED
C_25178,0.0,0.0,3.0479999622912146e-05,0,0,2005-07-26T00:15:00,ENGINE_EXECUTABLE_HYDRAULICALLY_UNVALIDATED
C_25179,0.0,0.0,3.0479999622912146e-05,0,0,2005-07-26T00:15:00,ENGINE_EXECUTABLE_HYDRAULICALLY_UNVALIDATED
C_25180,0.0,0.0,3.0479999622912146e-05,0,0,2005-07-26T00:15:00,ENGINE_EXECUTABLE_HYDRAULICALLY_UNVALIDATED
C_25181,0.0,0.0,3.0479999622912146e-05,0,0,2005-07-26T00:15:00,ENGINE_EXECUTABLE_HYDRAULICALLY_UNVALIDATED
C_25182,0.0,0.0,3.0479999622912146e-05,0,0,2005-07-26T00:15:00,ENGINE_EXECUTABLE_HYDRAULICALLY_UNVALIDATED
C_25183,0.0,0.0,3.0479999622912146e-05,0,0,2005-07-26T00:15:00,ENGINE_EXECUTABLE_HYDRAULICALLY_UNVALIDATED
C_25184,0.0,0.0,3.0479999622912146e-05,0,0,2005-07-26T00:15:00,ENGINE_EXECUTABLE_HYDRAULICALLY_UNVALIDATED
C_25185,0.0,0.0,3.0479999622912146e-05,0,0,2005-07-26T00:15:00,ENGINE_EXECUTABLE_HYDRAULICALLY_UNVALIDATED
C_25186,0.0,0.0,3.0479999622912146e-05,0,0,2005-07-26T00:15:00,ENGINE_EXECUTABLE_HYDRAULICALLY_UNVALIDATED
C_25187,0.0,0.0,3.0479999622912146e-05,0,0,2005-07-26T00:15:00,ENGINE_EXECUTABLE_HYDRAULICALLY_UNVALIDATED
C_25188,0.0,0.0,3.0479999622912146e-05,0,0,2005-07-26T00:15:00,ENGINE_EXECUTABLE_HYDRAULICALLY_UNVALIDATED
C_25189,0.0,0.0,3.0479999622912146e-05,0,0,2005-07-26T00:15:00,ENGINE_EXECUTABLE_HYDRAULICALLY_UNVALIDATED
C_25190,0.0,0.0,3.0479999622912146e-05,0,0,2005-07-26T00:15:00,ENGINE_EXECUTABLE_HYDRAULICALLY_UNVALIDATED
C_25191,0.0,0.0,3.0479999622912146e-05,0,0,2005-07-26T00:15:00,ENGINE_EXECUTABLE_HYDRAULICALLY_UNVALIDATED
C_25192,0.0,0.0,3.0479999622912146e-05,0,0,2005-07-26T00:15:00,ENGINE_EXECUTABLE_HYDRAULICALLY_UNVALIDATED
C_25193,0.0,0.0,3.0479999622912146e-05,0,0,2005-07-26T00:15:00,ENGINE_EXECUTABLE_HYDRAULICALLY_UNVALIDATED
C_25194,0.0,0.0,3.0479999622912146e-05,0,0,2005-07-26T00:15:00,ENGINE_EXECUTABLE_HYDRAULICALLY_UNVALIDATED
C_25195,0.0,0.0,3.0479999622912146e-05,0,0,2005-07-26T00:15:00,ENGINE_EXECUTABLE_HYDRAULICALLY_UNVALIDATED
C_25196,0.0,0.0,3.0479999622912146e-05,0,0,2005-07-26T00:15:00,ENGINE_EXECUTABLE_HYDRAULICALLY_UNVALIDATED
C_25197,0.0,0.0,3.0479999622912146e-05,0,0,2005-07-26T00:15:00,ENGINE_EXECUTABLE_HYDRAULICALLY_UNVALIDATED
C_25198,0.0,0.0,3.0479999622912146e-05,0,0,2005-07-26T00:15:00,ENGINE_EXECUTABLE_HYDRAULICALLY_UNVALIDATED
C_25199,0.0,0.0,3.0479999622912146e-05,0,0,2005-07-26T00:15:00,ENGINE_EXECUTABLE_HYDRAULICALLY_UNVALIDATED
C_25200,0.0,0.0,3.0479999622912146e-05,0,0,2005-07-26T00:15:00,ENGINE_EXECUTABLE_HYDRAULICALLY_UNVALIDATED
C_25201,0.0,0.0,3.0479999622912146e-05,0,0,2005-07-26T00:15:00,ENGINE_EXECUTABLE_HYDRAULICALLY_UNVALIDATED
C_25202,0.0,0.0,3.0479999622912146e-05,0,0,2005-07-26T00:15:00,ENGINE_EXECUTABLE_HYDRAULICALLY_UNVALIDATED
C_25203,0.0,0.0,3.0479999622912146e-05,0,0,2005-07-26T00:15:00,ENGINE_EXECUTABLE_HYDRAULICALLY_UNVALIDATED
C_25204,0.0,0.0,3.0479999622912146e-05,0,0,2005-07-26T00:15:00,ENGINE_EXECUTABLE_HYDRAULICALLY_UNVALIDATED
C_25205,0.0,0.0,3.0479999622912146e-05,0,0,2005-07-26T00:15:00,ENGINE_EXECUTABLE_HYDRAULICALLY_UNVALIDATED
C_25206,0.0,0.0,3.0479999622912146e-05,0,0,2005-07-26T00:15:00,ENGINE_EXECUTABLE_HYDRAULICALLY_UNVALIDATED
C_25207,0.0,0.0,3.0479999622912146e-05,0,0,2005-07-26T00:15:00,ENGINE_EXECUTABLE_HYDRAULICALLY_UNVALIDATED
C_25208,0.0,0.0,3.0479999622912146e-05,0,0,2005-07-26T00:15:00,ENGINE_EXECUTABLE_HYDRAULICALLY_UNVALIDATED
C_25209,0.0,0.0,3.0479999622912146e-05,0,0,2005-07-26T00:15:00,ENGINE_EXECUTABLE_HYDRAULICALLY_UNVALIDATED
C_25210,0.0,0.0,3.0479999622912146e-05,0,0,2005-07-26T00:15:00,ENGINE_EXECUTABLE_HYDRAULICALLY_UNVALIDATED
C_25211,0.0,0.0,3.0479999622912146e-05,0,0,2005-07-26T00:15:00,ENGINE_EXECUTABLE_HYDRAULICALLY_UNVALIDATED
C_25212,0.0,0.0,3.0479999622912146e-05,0,0,2005-07-26T00:15:00,ENGINE_EXECUTABLE_HYDRAULICALLY_UNVALIDATED
C_25213,0.0,0.0,3.0479999622912146e-05,0,0,2005-07-26T00:15:00,ENGINE_EXECUTABLE_HYDRAULICALLY_UNVALIDATED
C_25214,0.0,0.0,3.0479999622912146e-05,0,0,2005-07-26T00:15:00,ENGINE_EXECUTABLE_HYDRAULICALLY_UNVALIDATED
C_25215,0.0,0.0,3.0479999622912146e-05,0,0,2005-07-26T00:15:00,ENGINE_EXECUTABLE_HYDRAULICALLY_UNVALIDATED
C_25216,0.0,0.0,3.0479999622912146e-05,0,0,2005-07-26T00:15:00,ENGINE_EXECUTABLE_HYDRAULICALLY_UNVALIDATED
C_25217,0.0,0.0,3.0479999622912146e-05,0,0,2005-07-26T00:15:00,ENGINE_EXECUTABLE_HYDRAULICALLY_UNVALIDATED
C_25218,0.0,0.0,3.0479999622912146e-05,0,0,2005-07-26T00:15:00,ENGINE_EXECUTABLE_HYDRAULICALLY_UNVALIDATED
C_25219,0.0,0.0,3.0479999622912146e-05,0,0,2005-07-26T00:15:00,ENGINE_EXECUTABLE_HYDRAULICALLY_UNVALIDATED
C_25220,0.0,0.0,3.0479999622912146e-05,0,0,2005-07-26T00:15:00,ENGINE_EXECUTABLE_HYDRAULICALLY_UNVALIDATED
C_25221,0.0,0.0,3.0479999622912146e-05,0,0,2005-07-26T00:15:00,ENGINE_EXECUTABLE_HYDRAULICALLY_UNVALIDATED
C_25222,0.0,0.0,3.0479999622912146e-05,0,0,2005-07-26T00:15:00,ENGINE_EXECUTABLE_HYDRAULICALLY_UNVALIDATED
C_25223,0.0,0.0,3.0479999622912146e-05,0,0,2005-07-26T00:15:00,ENGINE_EXECUTABLE_HYDRAULICALLY_UNVALIDATED
C_25224,0.0,0.0,3.0479999622912146e-05,0,0,2005-07-26T00:15:00,ENGINE_EXECUTABLE_HYDRAULICALLY_UNVALIDATED
C_25225,0.0,0.0,3.0479999622912146e-05,0,0,2005-07-26T00:15:00,ENGINE_EXECUTABLE_HYDRAULICALLY_UNVALIDATED
C_25226,0.0,0.0,3.0479999622912146e-05,0,0,2005-07-26T00:15:00,ENGINE_EXECUTABLE_HYDRAULICALLY_UNVALIDATED
C_25227,0.0,0.0,3.0479999622912146e-05,0,0,2005-07-26T00:15:00,ENGINE_EXECUTABLE_HYDRAULICALLY_UNVALIDATED
C_25228,0.0,0.0,3.0479999622912146e-05,0,0,2005-07-26T00:15:00,ENGINE_EXECUTABLE_HYDRAULICALLY_UNVALIDATED
C_25229,0.0,0.0,3.0479999622912146e-05,0,0,2005-07-26T00:15:00,ENGINE_EXECUTABLE_HYDRAULICALLY_UNVALIDATED
C_25230,0.0,0.0,3.0479999622912146e-05,0,0,2005-07-26T00:15:00,ENGINE_EXECUTABLE_HYDRAULICALLY_UNVALIDATED
C_25231,0.0,0.0,3.0479999622912146e-05,0,0,2005-07-26T00:15:00,ENGINE_EXECUTABLE_HYDRAULICALLY_UNVALIDATED
C_25232,0.0,0.0,3.0479999622912146e-05,0,0,2005-07-26T00:15:00,ENGINE_EXECUTABLE_HYDRAULICALLY_UNVALIDATED
C_25233,0.0,0.0,3.0479999622912146e-05,0,0,2005-07-26T00:15:00,ENGINE_EXECUTABLE_HYDRAULICALLY_UNVALIDATED
C_25234,0.0,0.0,3.0479999622912146e-05,0,0,2005-07-26T00:15:00,ENGINE_EXECUTABLE_HYDRAULICALLY_UNVALIDATED
C_25235,0.0,0.0,3.0479999622912146e-05,0,0,2005-07-26T00:15:00,ENGINE_EXECUTABLE_HYDRAULICALLY_UNVALIDATED
C_25236,0.0,0.0,3.0479999622912146e-05,0,0,2005-07-26T00:15:00,ENGINE_EXECUTABLE_HYDRAULICALLY_UNVALIDATED
C_25237,0.0,0.0,3.0479999622912146e-05,0,0,2005-07-26T00:15:00,ENGINE_EXECUTABLE_HYDRAULICALLY_UNVALIDATED
C_25238,0.0,0.0,3.0479999622912146e-05,0,0,2005-07-26T00:15:00,ENGINE_EXECUTABLE_HYDRAULICALLY_UNVALIDATED
C_25239,0.0,0.0,3.0479999622912146e-05,0,0,2005-07-26T00:15:00,ENGINE_EXECUTABLE_HYDRAULICALLY_UNVALIDATED
C_25240,0.0,0.0,3.0479999622912146e-05,0,0,2005-07-26T00:15:00,ENGINE_EXECUTABLE_HYDRAULICALLY_UNVALIDATED
C_25241,0.0,0.0,3.0479999622912146e-05,0,0,2005-07-26T00:15:00,ENGINE_EXECUTABLE_HYDRAULICALLY_UNVALIDATED
C_25242,0.0,0.0,3.0479999622912146e-05,0,0,2005-07-26T00:15:00,ENGINE_EXECUTABLE_HYDRAULICALLY_UNVALIDATED
C_25243,0.0,0.0,3.0479999622912146e-05,0,0,2005-07-26T00:15:00,ENGINE_EXECUTABLE_HYDRAULICALLY_UNVALIDATED
C_25244,0.0,0.0,3.0479999622912146e-05,0,0,2005-07-26T00:15:00,ENGINE_EXECUTABLE_HYDRAULICALLY_UNVALIDATED
C_25245,0.0,0.0,3.0479999622912146e-05,0,0,2005-07-26T00:15:00,ENGINE_EXECUTABLE_HYDRAULICALLY_UNVALIDATED
C_25246,0.0,0.0,3.0479999622912146e-05,0,0,2005-07-26T00:15:00,ENGINE_EXECUTABLE_HYDRAULICALLY_UNVALIDATED
C_25247,0.0,0.0,3.0479999622912146e-05,0,0,2005-07-26T00:15:00,ENGINE_EXECUTABLE_HYDRAULICALLY_UNVALIDATED
C_25248,0.0,0.0,3.0479999622912146e-05,0,0,2005-07-26T00:15:00,ENGINE_EXECUTABLE_HYDRAULICALLY_UNVALIDATED
C_25249,0.0,0.0,3.0479999622912146e-05,0,0,2005-07-26T00:15:00,ENGINE_EXECUTABLE_HYDRAULICALLY_UNVALIDATED
C_25250,0.0,0.0,3.0479999622912146e-05,0,0,2005-07-26T00:15:00,ENGINE_EXECUTABLE_HYDRAULICALLY_UNVALIDATED
C_25251,0.0,0.0,3.0479999622912146e-05,0,0,2005-07-26T00:15:00,ENGINE_EXECUTABLE_HYDRAULICALLY_UNVALIDATED
C_25252,0.0,0.0,3.0479999622912146e-05,0,0,2005-07-26T00:15:00,ENGINE_EXECUTABLE_HYDRAULICALLY_UNVALIDATED
C_25253,0.0,0.0,3.0479999622912146e-05,0,0,2005-07-26T00:15:00,ENGINE_EXECUTABLE_HYDRAULICALLY_UNVALIDATED
C_25254,0.0,0.0,3.0479999622912146e-05,0,0,2005-07-26T00:15:00,ENGINE_EXECUTABLE_HYDRAULICALLY_UNVALIDATED
C_25255,0.0,0.0,3.0479999622912146e-05,0,0,2005-07-26T00:15:00,ENGINE_EXECUTABLE_HYDRAULICALLY_UNVALIDATED
C_25256,0.0,0.0,3.0479999622912146e-05,0,0,2005-07-26T00:15:00,ENGINE_EXECUTABLE_HYDRAULICALLY_UNVALIDATED
C_25257,0.0,0.0,3.0479999622912146e-05,0,0,2005-07-26T00:15:00,ENGINE_EXECUTABLE_HYDRAULICALLY_UNVALIDATED
C_25258,0.0,0.0,3.0479999622912146e-05,0,0,2005-07-26T00:15:00,ENGINE_EXECUTABLE_HYDRAULICALLY_UNVALIDATED
C_25259,0.0,0.0,3.0479999622912146e-05,0,0,2005-07-26T00:15:00,ENGINE_EXECUTABLE_HYDRAULICALLY_UNVALIDATED
C_25260,0.0,0.0,3.0479999622912146e-05,0,0,2005-07-26T00:15:00,ENGINE_EXECUTABLE_HYDRAULICALLY_UNVALIDATED
C_25261,0.0,0.0,3.0479999622912146e-05,0,0,2005-07-26T00:15:00,ENGINE_EXECUTABLE_HYDRAULICALLY_UNVALIDATED
C_25262,0.0,0.0,3.0479999622912146e-05,0,0,2005-07-26T00:15:00,ENGINE_EXECUTABLE_HYDRAULICALLY_UNVALIDATED
C_25263,0.0,0.0,3.0479999622912146e-05,0,0,2005-07-26T00:15:00,ENGINE_EXECUTABLE_HYDRAULICALLY_UNVALIDATED
C_25264,0.0,0.0,3.0479999622912146e-05,0,0,2005-07-26T00:15:00,ENGINE_EXECUTABLE_HYDRAULICALLY_UNVALIDATED
C_25265,0.0,0.0,3.0479999622912146e-05,0,0,2005-07-26T00:15:00,ENGINE_EXECUTABLE_HYDRAULICALLY_UNVALIDATED
C_25266,0.0,0.0,3.0479999622912146e-05,0,0,2005-07-26T00:15:00,ENGINE_EXECUTABLE_HYDRAULICALLY_UNVALIDATED
C_25267,0.0,0.0,3.0479999622912146e-05,0,0,2005-07-26T00:15:00,ENGINE_EXECUTABLE_HYDRAULICALLY_UNVALIDATED
C_25268,0.0,0.0,3.0479999622912146e-05,0,0,2005-07-26T00:15:00,ENGINE_EXECUTABLE_HYDRAULICALLY_UNVALIDATED
C_25269,0.0,0.0,3.0479999622912146e-05,0,0,2005-07-26T00:15:00,ENGINE_EXECUTABLE_HYDRAULICALLY_UNVALIDATED
C_25270,0.0,0.0,3.0479999622912146e-05,0,0,2005-07-26T00:15:00,ENGINE_EXECUTABLE_HYDRAULICALLY_UNVALIDATED
C_25271,0.0,0.0,3.0479999622912146e-05,0,0,2005-07-26T00:15:00,ENGINE_EXECUTABLE_HYDRAULICALLY_UNVALIDATED
C_25272,0.0,0.0,3.0479999622912146e-05,0,0,2005-07-26T00:15:00,ENGINE_EXECUTABLE_HYDRAULICALLY_UNVALIDATED
C_25273,0.0,0.0,3.0479999622912146e-05,0,0,2005-07-26T00:15:00,ENGINE_EXECUTABLE_HYDRAULICALLY_UNVALIDATED
C_25274,0.0,0.0,3.0479999622912146e-05,0,0,2005-07-26T00:15:00,ENGINE_EXECUTABLE_HYDRAULICALLY_UNVALIDATED
C_25275,0.0,0.0,3.0479999622912146e-05,0,0,2005-07-26T00:15:00,ENGINE_EXECUTABLE_HYDRAULICALLY_UNVALIDATED
C_25276,0.0,0.0,3.0479999622912146e-05,0,0,2005-07-26T00:15:00,ENGINE_EXECUTABLE_HYDRAULICALLY_UNVALIDATED
C_25277,0.0,0.0,3.0479999622912146e-05,0,0,2005-07-26T00:15:00,ENGINE_EXECUTABLE_HYDRAULICALLY_UNVALIDATED
C_25278,0.0,0.0,3.0479999622912146e-05,0,0,2005-07-26T00:15:00,ENGINE_EXECUTABLE_HYDRAULICALLY_UNVALIDATED
C_25279,0.0,0.0,3.0479999622912146e-05,0,0,2005-07-26T00:15:00,ENGINE_EXECUTABLE_HYDRAULICALLY_UNVALIDATED
C_25280,0.0,0.0,3.0479999622912146e-05,0,0,2005-07-26T00:15:00,ENGINE_EXECUTABLE_HYDRAULICALLY_UNVALIDATED
C_25281,0.0,0.0,3.0479999622912146e-05,0,0,2005-07-26T00:15:00,ENGINE_EXECUTABLE_HYDRAULICALLY_UNVALIDATED
C_25282,0.0,0.0,3.0479999622912146e-05,0,0,2005-07-26T00:15:00,ENGINE_EXECUTABLE_HYDRAULICALLY_UNVALIDATED
C_25283,0.0,0.0,3.0479999622912146e-05,0,0,2005-07-26T00:15:00,ENGINE_EXECUTABLE_HYDRAULICALLY_UNVALIDATED
C_25284,0.0,0.0,3.0479999622912146e-05,0,0,2005-07-26T00:15:00,ENGINE_EXECUTABLE_HYDRAULICALLY_UNVALIDATED
C_25285,0.0,0.0,3.0479999622912146e-05,0,0,2005-07-26T00:15:00,ENGINE_EXECUTABLE_HYDRAULICALLY_UNVALIDATED
C_25286,0.0,0.0,3.0479999622912146e-05,0,0,2005-07-26T00:15:00,ENGINE_EXECUTABLE_HYDRAULICALLY_UNVALIDATED
C_25287,0.0,0.0,3.0479999622912146e-05,0,0,2005-07-26T00:15:00,ENGINE_EXECUTABLE_HYDRAULICALLY_UNVALIDATED
C_25288,0.0,0.0,3.0479999622912146e-05,0,0,2005-07-26T00:15:00,ENGINE_EXECUTABLE_HYDRAULICALLY_UNVALIDATED
C_25289,0.0,0.0,3.0479999622912146e-05,0,0,2005-07-26T00:15:00,ENGINE_EXECUTABLE_HYDRAULICALLY_UNVALIDATED
C_25290,0.0,0.0,3.0479999622912146e-05,0,0,2005-07-26T00:15:00,ENGINE_EXECUTABLE_HYDRAULICALLY_UNVALIDATED
C_25291,0.0,0.0,3.0479999622912146e-05,0,0,2005-07-26T00:15:00,ENGINE_EXECUTABLE_HYDRAULICALLY_UNVALIDATED
C_25292,0.0,0.0,3.0479999622912146e-05,0,0,2005-07-26T00:15:00,ENGINE_EXECUTABLE_HYDRAULICALLY_UNVALIDATED
C_25293,0.0,0.0,3.0479999622912146e-05,0,0,2005-07-26T00:15:00,ENGINE_EXECUTABLE_HYDRAULICALLY_UNVALIDATED
C_25294,0.0,0.0,3.0479999622912146e-05,0,0,2005-07-26T00:15:00,ENGINE_EXECUTABLE_HYDRAULICALLY_UNVALIDATED
C_25295,0.0,0.0,3.0479999622912146e-05,0,0,2005-07-26T00:15:00,ENGINE_EXECUTABLE_HYDRAULICALLY_UNVALIDATED
C_25296,0.0,0.0,3.0479999622912146e-05,0,0,2005-07-26T00:15:00,ENGINE_EXECUTABLE_HYDRAULICALLY_UNVALIDATED
C_25297,0.0,0.0,3.0479999622912146e-05,0,0,2005-07-26T00:15:00,ENGINE_EXECUTABLE_HYDRAULICALLY_UNVALIDATED
C_25298,0.0,0.0,3.0479999622912146e-05,0,0,2005-07-26T00:15:00,ENGINE_EXECUTABLE_HYDRAULICALLY_UNVALIDATED
C_25299,0.0,0.0,3.0479999622912146e-05,0,0,2005-07-26T00:15:00,ENGINE_EXECUTABLE_HYDRAULICALLY_UNVALIDATED
C_25300,0.0,0.0,3.0479999622912146e-05,0,0,2005-07-26T00:15:00,ENGINE_EXECUTABLE_HYDRAULICALLY_UNVALIDATED
C_25301,0.0,0.0,3.0479999622912146e-05,0,0,2005-07-26T00:15:00,ENGINE_EXECUTABLE_HYDRAULICALLY_UNVALIDATED
C_25302,0.0,0.0,3.0479999622912146e-05,0,0,2005-07-26T00:15:00,ENGINE_EXECUTABLE_HYDRAULICALLY_UNVALIDATED
C_25303,0.0,0.0,3.0479999622912146e-05,0,0,2005-07-26T00:15:00,ENGINE_EXECUTABLE_HYDRAULICALLY_UNVALIDATED
C_25304,0.0,0.0,3.0479999622912146e-05,0,0,2005-07-26T00:15:00,ENGINE_EXECUTABLE_HYDRAULICALLY_UNVALIDATED
C_25305,0.0,0.0,3.0479999622912146e-05,0,0,2005-07-26T00:15:00,ENGINE_EXECUTABLE_HYDRAULICALLY_UNVALIDATED
C_25306,0.0,0.0,3.0479999622912146e-05,0,0,2005-07-26T00:15:00,ENGINE_EXECUTABLE_HYDRAULICALLY_UNVALIDATED
C_25307,0.0,0.0,3.0479999622912146e-05,0,0,2005-07-26T00:15:00,ENGINE_EXECUTABLE_HYDRAULICALLY_UNVALIDATED
C_26390,0.0,0.0,3.0479999622912146e-05,0,0,2005-07-26T00:15:00,ENGINE_EXECUTABLE_HYDRAULICALLY_UNVALIDATED
C_26391,0.0,0.0,3.0479999622912146e-05,0,0,2005-07-26T00:15:00,ENGINE_EXECUTABLE_HYDRAULICALLY_UNVALIDATED
C_26392,0.0,0.0,3.0479999622912146e-05,0,0,2005-07-26T00:15:00,ENGINE_EXECUTABLE_HYDRAULICALLY_UNVALIDATED
C_26393,0.0,0.0,3.0479999622912146e-05,0,0,2005-07-26T00:15:00,ENGINE_EXECUTABLE_HYDRAULICALLY_UNVALIDATED
C_26394,0.0,0.0,3.0479999622912146e-05,0,0,2005-07-26T00:15:00,ENGINE_EXECUTABLE_HYDRAULICALLY_UNVALIDATED
C_26395,0.0,0.0,3.0479999622912146e-05,0,0,2005-07-26T00:15:00,ENGINE_EXECUTABLE_HYDRAULICALLY_UNVALIDATED
C_26396,0.0,0.0,3.0479999622912146e-05,0,0,2005-07-26T00:15:00,ENGINE_EXECUTABLE_HYDRAULICALLY_UNVALIDATED
C_26401,0.0,0.0,3.0479999622912146e-05,0,0,2005-07-26T00:15:00,ENGINE_EXECUTABLE_HYDRAULICALLY_UNVALIDATED
C_26402,0.0,0.0,3.0479999622912146e-05,0,0,2005-07-26T00:15:00,ENGINE_EXECUTABLE_HYDRAULICALLY_UNVALIDATED
C_26403,0.0,0.0,3.0479999622912146e-05,0,0,2005-07-26T00:15:00,ENGINE_EXECUTABLE_HYDRAULICALLY_UNVALIDATED
C_26404,0.0,0.0,3.0479999622912146e-05,0,0,2005-07-26T00:15:00,ENGINE_EXECUTABLE_HYDRAULICALLY_UNVALIDATED
C_26405,0.0,0.0,3.0479999622912146e-05,0,0,2005-07-26T00:15:00,ENGINE_EXECUTABLE_HYDRAULICALLY_UNVALIDATED
C_26406,0.0,0.0,3.0479999622912146e-05,0,0,2005-07-26T00:15:00,ENGINE_EXECUTABLE_HYDRAULICALLY_UNVALIDATED
C_26410,0.0,0.0,3.0479999622912146e-05,0,0,2005-07-26T00:15:00,ENGINE_EXECUTABLE_HYDRAULICALLY_UNVALIDATED
C_26411,0.0,0.0,3.0479999622912146e-05,0,0,2005-07-26T00:15:00,ENGINE_EXECUTABLE_HYDRAULICALLY_UNVALIDATED
C_26412,0.0,0.0,3.0479999622912146e-05,0,0,2005-07-26T00:15:00,ENGINE_EXECUTABLE_HYDRAULICALLY_UNVALIDATED
C_26413,0.0,0.0,3.0479999622912146e-05,0,0,2005-07-26T00:15:00,ENGINE_EXECUTABLE_HYDRAULICALLY_UNVALIDATED
C_26414,0.0,0.0,3.0479999622912146e-05,0,0,2005-07-26T00:15:00,ENGINE_EXECUTABLE_HYDRAULICALLY_UNVALIDATED
C_26415,0.0,0.0,3.0479999622912146e-05,0,0,2005-07-26T00:15:00,ENGINE_EXECUTABLE_HYDRAULICALLY_UNVALIDATED
C_26418,0.0,0.0,3.0479999622912146e-05,0,0,2005-07-26T00:15:00,ENGINE_EXECUTABLE_HYDRAULICALLY_UNVALIDATED
C_26419,0.0,0.0,3.0479999622912146e-05,0,0,2005-07-26T00:15:00,ENGINE_EXECUTABLE_HYDRAULICALLY_UNVALIDATED
C_26420,0.0,0.0,3.0479999622912146e-05,0,0,2005-07-26T00:15:00,ENGINE_EXECUTABLE_HYDRAULICALLY_UNVALIDATED
C_26421,0.0,0.0,3.0479999622912146e-05,0,0,2005-07-26T00:15:00,ENGINE_EXECUTABLE_HYDRAULICALLY_UNVALIDATED
C_26422,0.0,0.0,3.0479999622912146e-05,0,0,2005-07-26T00:15:00,ENGINE_EXECUTABLE_HYDRAULICALLY_UNVALIDATED
C_26423,0.0,0.0,3.0479999622912146e-05,0,0,2005-07-26T00:15:00,ENGINE_EXECUTABLE_HYDRAULICALLY_UNVALIDATED
C_26428,0.0,0.0,3.0479999622912146e-05,0,0,2005-07-26T00:15:00,ENGINE_EXECUTABLE_HYDRAULICALLY_UNVALIDATED
C_26429,0.0,0.0,3.0479999622912146e-05,0,0,2005-07-26T00:15:00,ENGINE_EXECUTABLE_HYDRAULICALLY_UNVALIDATED
C_26430,0.0,0.0,3.0479999622912146e-05,0,0,2005-07-26T00:15:00,ENGINE_EXECUTABLE_HYDRAULICALLY_UNVALIDATED
C_26431,0.0,0.0,3.0479999622912146e-05,0,0,2005-07-26T00:15:00,ENGINE_EXECUTABLE_HYDRAULICALLY_UNVALIDATED
C_26432,0.0,0.0,3.0479999622912146e-05,0,0,2005-07-26T00:15:00,ENGINE_EXECUTABLE_HYDRAULICALLY_UNVALIDATED
C_26433,47.6015510559082,1.0370529890060425,0.8344669342041016,0,0,2005-07-26T11:30:00,ENGINE_EXECUTABLE_HYDRAULICALLY_UNVALIDATED
C_26434,47.7463264465332,0.9634934663772583,0.9009073972702026,0,0,2005-07-26T11:30:00,ENGINE_EXECUTABLE_HYDRAULICALLY_UNVALIDATED
C_26436,47.39755630493164,1.9871439933776855,0.433626264333725,0,0,2005-07-26T11:30:00,ENGINE_EXECUTABLE_HYDRAULICALLY_UNVALIDATED
C_26437,47.46624755859375,1.3916815519332886,0.620060384273529,0,0,2005-07-26T11:30:00,ENGINE_EXECUTABLE_HYDRAULICALLY_UNVALIDATED
C_26446,0.0,0.0,3.0479999622912146e-05,0,0,2005-07-26T00:15:00,ENGINE_EXECUTABLE_HYDRAULICALLY_UNVALIDATED
C_26447,0.0,0.0,3.0479999622912146e-05,0,0,2005-07-26T00:15:00,ENGINE_EXECUTABLE_HYDRAULICALLY_UNVALIDATED
C_26448,0.0,0.0,3.0479999622912146e-05,0,0,2005-07-26T00:15:00,ENGINE_EXECUTABLE_HYDRAULICALLY_UNVALIDATED
C_26449,0.0,0.0,3.0479999622912146e-05,0,0,2005-07-26T00:15:00,ENGINE_EXECUTABLE_HYDRAULICALLY_UNVALIDATED
C_26450,0.0,0.0,3.0479999622912146e-05,0,0,2005-07-26T00:15:00,ENGINE_EXECUTABLE_HYDRAULICALLY_UNVALIDATED
C_26451,0.0,0.0,3.0479999622912146e-05,0,0,2005-07-26T00:15:00,ENGINE_EXECUTABLE_HYDRAULICALLY_UNVALIDATED
C_26452,0.0,0.0,3.0479999622912146e-05,0,0,2005-07-26T00:15:00,ENGINE_EXECUTABLE_HYDRAULICALLY_UNVALIDATED
C_26453,0.0,0.0,3.0479999622912146e-05,0,0,2005-07-26T00:15:00,ENGINE_EXECUTABLE_HYDRAULICALLY_UNVALIDATED
C_26454,0.0,0.0,3.0479999622912146e-05,0,0,2005-07-26T00:15:00,ENGINE_EXECUTABLE_HYDRAULICALLY_UNVALIDATED
C_26456,0.0,0.0,3.0479999622912146e-05,0,0,2005-07-26T00:15:00,ENGINE_EXECUTABLE_HYDRAULICALLY_UNVALIDATED
C_26457,0.0,0.0,3.0479999622912146e-05,0,0,2005-07-26T00:15:00,ENGINE_EXECUTABLE_HYDRAULICALLY_UNVALIDATED
C_26459,0.0,0.0,0.0008698560413904488,0,0,2005-07-26T00:15:00,ENGINE_EXECUTABLE_HYDRAULICALLY_UNVALIDATED
C_26460,0.0,0.0,3.0479999622912146e-05,0,0,2005-07-26T00:15:00,ENGINE_EXECUTABLE_HYDRAULICALLY_UNVALIDATED
C_26461,0.0,0.0,3.0479999622912146e-05,0,0,2005-07-26T00:15:00,ENGINE_EXECUTABLE_HYDRAULICALLY_UNVALIDATED
C_26462,0.0,0.0,3.0479999622912146e-05,0,0,2005-07-26T00:15:00,ENGINE_EXECUTABLE_HYDRAULICALLY_UNVALIDATED
C_26463,0.0,0.0,3.0479999622912146e-05,0,0,2005-07-26T00:15:00,ENGINE_EXECUTABLE_HYDRAULICALLY_UNVALIDATED
C_26464,0.0,0.0,3.0479999622912146e-05,0,0,2005-07-26T00:15:00,ENGINE_EXECUTABLE_HYDRAULICALLY_UNVALIDATED
C_26465,0.00047306090709753335,0.009346275590360165,0.006134457886219025,0,0,2005-07-26T11:45:00,ENGINE_EXECUTABLE_HYDRAULICALLY_UNVALIDATED
C_26466,0.001886002253741026,0.016273170709609985,0.014046486467123032,0,0,2005-07-26T11:45:00,ENGINE_EXECUTABLE_HYDRAULICALLY_UNVALIDATED
C_26467,0.004843877628445625,0.02848748117685318,0.020608045160770416,0,0,2005-07-26T11:45:00,ENGINE_EXECUTABLE_HYDRAULICALLY_UNVALIDATED
C_26468,0.012788807041943073,0.08474518358707428,0.0264779943972826,0,0,2005-07-26T11:30:00,ENGINE_EXECUTABLE_HYDRAULICALLY_UNVALIDATED
C_26469,0.04509641230106354,0.12087076902389526,0.045218732208013535,0,0,2005-07-26T11:30:00,ENGINE_EXECUTABLE_HYDRAULICALLY_UNVALIDATED
C_26470,0.05122772976756096,0.09832244366407394,0.06314662098884583,0,0,2005-07-26T11:30:00,ENGINE_EXECUTABLE_HYDRAULICALLY_UNVALIDATED
C_26471,0.054059505462646484,0.08811207115650177,0.07435914129018784,0,0,2005-07-26T11:30:00,ENGINE_EXECUTABLE_HYDRAULICALLY_UNVALIDATED
C_26473,0.05452181398868561,0.09458120912313461,0.08417806029319763,0,0,2005-07-26T11:30:00,ENGINE_EXECUTABLE_HYDRAULICALLY_UNVALIDATED
C_26474,0.05900595337152481,0.08029970526695251,0.12025311589241028,0,0,2005-07-26T11:45:00,ENGINE_EXECUTABLE_HYDRAULICALLY_UNVALIDATED
C_26475,0.07536240667104721,0.16785696148872375,0.14164213836193085,0,0,2005-07-26T11:45:00,ENGINE_EXECUTABLE_HYDRAULICALLY_UNVALIDATED
C_26476,0.15677055716514587,0.1732737421989441,0.1629400998353958,0,0,2005-07-26T11:15:00,ENGINE_EXECUTABLE_HYDRAULICALLY_UNVALIDATED
C_26477,0.2123701572418213,0.17246858775615692,0.18370012938976288,0,0,2005-07-26T11:15:00,ENGINE_EXECUTABLE_HYDRAULICALLY_UNVALIDATED
C_26478,0.05315753072500229,0.0808015838265419,0.09911256283521652,0,0,2005-07-26T11:30:00,ENGINE_EXECUTABLE_HYDRAULICALLY_UNVALIDATED
C_26479,0.0,0.0,3.0479999622912146e-05,0,0,2005-07-26T00:15:00,ENGINE_EXECUTABLE_HYDRAULICALLY_UNVALIDATED
C_26480,0.0,0.0,3.0479999622912146e-05,0,0,2005-07-26T00:15:00,ENGINE_EXECUTABLE_HYDRAULICALLY_UNVALIDATED
C_26481,0.0,0.0,3.0479999622912146e-05,0,0,2005-07-26T00:15:00,ENGINE_EXECUTABLE_HYDRAULICALLY_UNVALIDATED
C_26482,0.0,0.0,3.0479999622912146e-05,0,0,2005-07-26T00:15:00,ENGINE_EXECUTABLE_HYDRAULICALLY_UNVALIDATED
C_26483,0.0,0.0,3.0479999622912146e-05,0,0,2005-07-26T00:15:00,ENGINE_EXECUTABLE_HYDRAULICALLY_UNVALIDATED
C_26484,0.0,0.0,3.0479999622912146e-05,0,0,2005-07-26T00:15:00,ENGINE_EXECUTABLE_HYDRAULICALLY_UNVALIDATED
C_26485,0.0,0.0,3.0479999622912146e-05,0,0,2005-07-26T00:15:00,ENGINE_EXECUTABLE_HYDRAULICALLY_UNVALIDATED
C_26486,0.0,0.0,3.0479999622912146e-05,0,0,2005-07-26T00:15:00,ENGINE_EXECUTABLE_HYDRAULICALLY_UNVALIDATED
C_26487,0.25402140617370605,0.16585347056388855,0.20443759858608246,0,0,2005-07-26T11:15:00,ENGINE_EXECUTABLE_HYDRAULICALLY_UNVALIDATED
C_26488,0.2899412214756012,0.15936437249183655,0.22566594183444977,0,0,2005-07-26T11:15:00,ENGINE_EXECUTABLE_HYDRAULICALLY_UNVALIDATED
C_26489,0.3231883645057678,0.15435516834259033,0.2468969076871872,0,0,2005-07-26T11:15:00,ENGINE_EXECUTABLE_HYDRAULICALLY_UNVALIDATED
C_26490,0.355560839176178,0.15110217034816742,0.26763883233070374,0,0,2005-07-26T11:15:00,ENGINE_EXECUTABLE_HYDRAULICALLY_UNVALIDATED
C_26491,0.38782012462615967,0.14881165325641632,0.28839677572250366,0,0,2005-07-26T11:15:00,ENGINE_EXECUTABLE_HYDRAULICALLY_UNVALIDATED
C_26493,0.4199245274066925,0.14677877724170685,0.3096710443496704,0,0,2005-07-26T11:15:00,ENGINE_EXECUTABLE_HYDRAULICALLY_UNVALIDATED
C_26494,0.4511652886867523,0.1449042409658432,0.33096030354499817,0,0,2005-07-26T11:15:00,ENGINE_EXECUTABLE_HYDRAULICALLY_UNVALIDATED
C_26495,0.4807034134864807,0.14311185479164124,0.35176196694374084,0,0,2005-07-26T11:15:00,ENGINE_EXECUTABLE_HYDRAULICALLY_UNVALIDATED
C_26496,0.5081914067268372,0.3328554034233093,0.37256908416748047,0,0,2005-07-26T11:15:00,ENGINE_EXECUTABLE_HYDRAULICALLY_UNVALIDATED
C_26497,0.5335962176322937,0.2742603123188019,0.3933742940425873,0,0,2005-07-26T11:15:00,ENGINE_EXECUTABLE_HYDRAULICALLY_UNVALIDATED
C_26498,0.5575650930404663,0.28639334440231323,0.4141704738140106,0,0,2005-07-26T11:15:00,ENGINE_EXECUTABLE_HYDRAULICALLY_UNVALIDATED
C_26499,0.6190347075462341,0.2823992073535919,0.4349542558193207,0,0,2005-07-26T11:00:00,ENGINE_EXECUTABLE_HYDRAULICALLY_UNVALIDATED
C_26500,0.6859985589981079,0.27215299010276794,0.45572835206985474,0,0,2005-07-26T11:00:00,ENGINE_EXECUTABLE_HYDRAULICALLY_UNVALIDATED
C_26501,0.7476015686988831,0.2638976573944092,0.47699475288391113,0,0,2005-07-26T11:00:00,ENGINE_EXECUTABLE_HYDRAULICALLY_UNVALIDATED
C_26502,0.813601553440094,0.26013168692588806,0.4982551336288452,0,0,2005-07-26T11:00:00,ENGINE_EXECUTABLE_HYDRAULICALLY_UNVALIDATED
C_26503,0.8816142678260803,0.25875741243362427,0.5190128684043884,0,0,2005-07-26T11:00:00,ENGINE_EXECUTABLE_HYDRAULICALLY_UNVALIDATED
C_26504,47.93065643310547,0.9409013390541077,0.9564703106880188,0,0,2005-07-26T11:30:00,ENGINE_EXECUTABLE_HYDRAULICALLY_UNVALIDATED
C_26508,0.9468647837638855,0.2567029893398285,0.5402671694755554,0,0,2005-07-26T11:00:00,ENGINE_EXECUTABLE_HYDRAULICALLY_UNVALIDATED
C_26509,1.0045866966247559,0.2532500624656677,0.5615258812904358,0,0,2005-07-26T11:00:00,ENGINE_EXECUTABLE_HYDRAULICALLY_UNVALIDATED
C_26510,1.043959617614746,0.2498871237039566,0.5778447985649109,0,0,2005-07-26T11:00:00,ENGINE_EXECUTABLE_HYDRAULICALLY_UNVALIDATED
C_26511,1.06879723072052,0.24795667827129364,0.5882292985916138,0,0,2005-07-26T11:00:00,ENGINE_EXECUTABLE_HYDRAULICALLY_UNVALIDATED
C_26512,0.0,0.0,3.0479999622912146e-05,0,0,2005-07-26T00:15:00,ENGINE_EXECUTABLE_HYDRAULICALLY_UNVALIDATED
C_26513,1.1056820154190063,0.24301642179489136,0.6085606217384338,0,0,2005-07-26T11:00:00,ENGINE_EXECUTABLE_HYDRAULICALLY_UNVALIDATED
C_26514,0.0,0.0,3.0479999622912146e-05,0,0,2005-07-26T00:15:00,ENGINE_EXECUTABLE_HYDRAULICALLY_UNVALIDATED
C_26515,0.0,0.0,3.0479999622912146e-05,0,0,2005-07-26T00:15:00,ENGINE_EXECUTABLE_HYDRAULICALLY_UNVALIDATED
C_26516,1.1619153022766113,0.24138492345809937,0.6313180327415466,0,0,2005-07-26T11:00:00,ENGINE_EXECUTABLE_HYDRAULICALLY_UNVALIDATED
C_26517,0.0,0.0,3.0479999622912146e-05,0,0,2005-07-26T00:15:00,ENGINE_EXECUTABLE_HYDRAULICALLY_UNVALIDATED
C_26518,48.08317565917969,0.8739475011825562,1.0002228021621704,0,0,2005-07-26T11:30:00,ENGINE_EXECUTABLE_HYDRAULICALLY_UNVALIDATED
C_26519,0.0,0.0,3.0479999622912146e-05,0,0,2005-07-26T00:15:00,ENGINE_EXECUTABLE_HYDRAULICALLY_UNVALIDATED
C_26520,48.105194091796875,0.8767306804656982,1.0144456624984741,0,0,2005-07-26T11:30:00,ENGINE_EXECUTABLE_HYDRAULICALLY_UNVALIDATED
C_26521,1.216639757156372,0.2431512176990509,0.6471009254455566,0,0,2005-07-26T11:00:00,ENGINE_EXECUTABLE_HYDRAULICALLY_UNVALIDATED
C_26522,1.2772138118743896,0.24207931756973267,0.6693699359893799,0,0,2005-07-26T11:00:00,ENGINE_EXECUTABLE_HYDRAULICALLY_UNVALIDATED
C_26523,1.3608429431915283,0.4067636728286743,0.6925506591796875,0,0,2005-07-26T11:00:00,ENGINE_EXECUTABLE_HYDRAULICALLY_UNVALIDATED
C_26524,48.07944107055664,0.8763837814331055,1.0275368690490723,0,0,2005-07-26T11:30:00,ENGINE_EXECUTABLE_HYDRAULICALLY_UNVALIDATED
C_26525,0.0,0.0,3.0479999622912146e-05,0,0,2005-07-26T00:15:00,ENGINE_EXECUTABLE_HYDRAULICALLY_UNVALIDATED
C_26526,0.0,0.0,3.0479999622912146e-05,0,0,2005-07-26T00:15:00,ENGINE_EXECUTABLE_HYDRAULICALLY_UNVALIDATED
C_26527,0.0,0.0,3.0479999622912146e-05,0,0,2005-07-26T00:15:00,ENGINE_EXECUTABLE_HYDRAULICALLY_UNVALIDATED
C_26528,0.0,0.0,3.0479999622912146e-05,0,0,2005-07-26T00:15:00,ENGINE_EXECUTABLE_HYDRAULICALLY_UNVALIDATED
C_26529,0.0,0.0,3.0479999622912146e-05,0,0,2005-07-26T00:15:00,ENGINE_EXECUTABLE_HYDRAULICALLY_UNVALIDATED
C_26530,0.0,0.0,3.0479999622912146e-05,0,0,2005-07-26T00:15:00,ENGINE_EXECUTABLE_HYDRAULICALLY_UNVALIDATED
C_26531,0.0,0.0,3.0479999622912146e-05,0,0,2005-07-26T00:15:00,ENGINE_EXECUTABLE_HYDRAULICALLY_UNVALIDATED
C_26532,0.0,0.0,3.0479999622912146e-05,0,0,2005-07-26T00:15:00,ENGINE_EXECUTABLE_HYDRAULICALLY_UNVALIDATED
C_26533,0.0,0.0,3.0479999622912146e-05,0,0,2005-07-26T00:15:00,ENGINE_EXECUTABLE_HYDRAULICALLY_UNVALIDATED
C_26534,0.0,0.0,3.0479999622912146e-05,0,0,2005-07-26T00:15:00,ENGINE_EXECUTABLE_HYDRAULICALLY_UNVALIDATED
C_26535,49.15923309326172,0.8962196707725525,1.0457266569137573,0,0,2005-07-26T11:15:00,ENGINE_EXECUTABLE_HYDRAULICALLY_UNVALIDATED
C_26536,49.51742172241211,0.98708176612854,1.0467263460159302,0,0,2005-07-26T11:15:00,ENGINE_EXECUTABLE_HYDRAULICALLY_UNVALIDATED
C_26537,0.0,0.0,3.0479999622912146e-05,0,0,2005-07-26T00:15:00,ENGINE_EXECUTABLE_HYDRAULICALLY_UNVALIDATED
C_26538,0.0,0.0,3.0479999622912146e-05,0,0,2005-07-26T00:15:00,ENGINE_EXECUTABLE_HYDRAULICALLY_UNVALIDATED
C_26539,49.901329040527344,0.9726253747940063,1.0587412118911743,0,0,2005-07-26T11:15:00,ENGINE_EXECUTABLE_HYDRAULICALLY_UNVALIDATED
C_26540,0.0,0.0,3.0479999622912146e-05,0,0,2005-07-26T00:15:00,ENGINE_EXECUTABLE_HYDRAULICALLY_UNVALIDATED
C_26541,0.0,0.0,3.0479999622912146e-05,0,0,2005-07-26T00:15:00,ENGINE_EXECUTABLE_HYDRAULICALLY_UNVALIDATED
C_26542,0.0,0.0,3.0479999622912146e-05,0,0,2005-07-26T00:15:00,ENGINE_EXECUTABLE_HYDRAULICALLY_UNVALIDATED
C_26543,0.0,0.0,3.0479999622912146e-05,0,0,2005-07-26T00:15:00,ENGINE_EXECUTABLE_HYDRAULICALLY_UNVALIDATED
C_26544,0.0,0.0,3.0479999622912146e-05,0,0,2005-07-26T00:15:00,ENGINE_EXECUTABLE_HYDRAULICALLY_UNVALIDATED
C_26545,0.0,0.0,3.0479999622912146e-05,0,0,2005-07-26T00:15:00,ENGINE_EXECUTABLE_HYDRAULICALLY_UNVALIDATED
C_26546,0.0,0.0,3.0479999622912146e-05,0,0,2005-07-26T00:15:00,ENGINE_EXECUTABLE_HYDRAULICALLY_UNVALIDATED
C_26547,0.0,0.0,3.0479999622912146e-05,0,0,2005-07-26T00:15:00,ENGINE_EXECUTABLE_HYDRAULICALLY_UNVALIDATED
C_26548,0.0,0.0,3.0479999622912146e-05,0,0,2005-07-26T00:15:00,ENGINE_EXECUTABLE_HYDRAULICALLY_UNVALIDATED
C_26549,0.0,0.0,3.0479999622912146e-05,0,0,2005-07-26T00:15:00,ENGINE_EXECUTABLE_HYDRAULICALLY_UNVALIDATED
C_26550,0.0,0.0,3.0479999622912146e-05,0,0,2005-07-26T00:15:00,ENGINE_EXECUTABLE_HYDRAULICALLY_UNVALIDATED
C_26551,0.0,0.0,3.0479999622912146e-05,0,0,2005-07-26T00:15:00,ENGINE_EXECUTABLE_HYDRAULICALLY_UNVALIDATED
C_26552,0.0,0.0,3.0479999622912146e-05,0,0,2005-07-26T00:15:00,ENGINE_EXECUTABLE_HYDRAULICALLY_UNVALIDATED
C_26553,0.0,0.0,3.0479999622912146e-05,0,0,2005-07-26T00:15:00,ENGINE_EXECUTABLE_HYDRAULICALLY_UNVALIDATED
C_26554,0.0,0.0,3.0479999622912146e-05,0,0,2005-07-26T00:15:00,ENGINE_EXECUTABLE_HYDRAULICALLY_UNVALIDATED
C_26555,0.0,0.0,3.0479999622912146e-05,0,0,2005-07-26T00:15:00,ENGINE_EXECUTABLE_HYDRAULICALLY_UNVALIDATED
C_26556,0.0,0.0,3.0479999622912146e-05,0,0,2005-07-26T00:15:00,ENGINE_EXECUTABLE_HYDRAULICALLY_UNVALIDATED
C_26557,0.0,0.0,3.0479999622912146e-05,0,0,2005-07-26T00:15:00,ENGINE_EXECUTABLE_HYDRAULICALLY_UNVALIDATED
C_26558,0.0,0.0,3.0479999622912146e-05,0,0,2005-07-26T00:15:00,ENGINE_EXECUTABLE_HYDRAULICALLY_UNVALIDATED
C_26559,0.0,0.0,3.0479999622912146e-05,0,0,2005-07-26T00:15:00,ENGINE_EXECUTABLE_HYDRAULICALLY_UNVALIDATED
C_26562,0.0,0.0,3.0479999622912146e-05,0,0,2005-07-26T00:15:00,ENGINE_EXECUTABLE_HYDRAULICALLY_UNVALIDATED
C_26564,0.0,0.0,3.0479999622912146e-05,0,0,2005-07-26T00:15:00,ENGINE_EXECUTABLE_HYDRAULICALLY_UNVALIDATED
C_26565,0.0,0.0,3.0479999622912146e-05,0,0,2005-07-26T00:15:00,ENGINE_EXECUTABLE_HYDRAULICALLY_UNVALIDATED
C_26566,0.0,0.0,3.0479999622912146e-05,0,0,2005-07-26T00:15:00,ENGINE_EXECUTABLE_HYDRAULICALLY_UNVALIDATED
C_26567,0.0,0.0,3.0479999622912146e-05,0,0,2005-07-26T00:15:00,ENGINE_EXECUTABLE_HYDRAULICALLY_UNVALIDATED
C_26568,0.0,0.0,3.0479999622912146e-05,0,0,2005-07-26T00:15:00,ENGINE_EXECUTABLE_HYDRAULICALLY_UNVALIDATED
C_26569,0.0,0.0,3.0479999622912146e-05,0,0,2005-07-26T00:15:00,ENGINE_EXECUTABLE_HYDRAULICALLY_UNVALIDATED
C_26571,0.0,0.0,3.0479999622912146e-05,0,0,2005-07-26T00:15:00,ENGINE_EXECUTABLE_HYDRAULICALLY_UNVALIDATED
C_26572,0.0,0.0,3.0479999622912146e-05,0,0,2005-07-26T00:15:00,ENGINE_EXECUTABLE_HYDRAULICALLY_UNVALIDATED
C_26573,0.0,0.0,3.0479999622912146e-05,0,0,2005-07-26T00:15:00,ENGINE_EXECUTABLE_HYDRAULICALLY_UNVALIDATED
C_26574,0.0,0.0,3.0479999622912146e-05,0,0,2005-07-26T00:15:00,ENGINE_EXECUTABLE_HYDRAULICALLY_UNVALIDATED
C_26575,0.0,0.0,3.0479999622912146e-05,0,0,2005-07-26T00:15:00,ENGINE_EXECUTABLE_HYDRAULICALLY_UNVALIDATED
C_26576,0.0,0.0,3.0479999622912146e-05,0,0,2005-07-26T00:15:00,ENGINE_EXECUTABLE_HYDRAULICALLY_UNVALIDATED
C_26577,0.0,0.0,3.0479999622912146e-05,0,0,2005-07-26T00:15:00,ENGINE_EXECUTABLE_HYDRAULICALLY_UNVALIDATED
C_26578,0.0,0.0,3.0479999622912146e-05,0,0,2005-07-26T00:15:00,ENGINE_EXECUTABLE_HYDRAULICALLY_UNVALIDATED
C_26579,0.0,0.0,3.0479999622912146e-05,0,0,2005-07-26T00:15:00,ENGINE_EXECUTABLE_HYDRAULICALLY_UNVALIDATED
C_26580,0.0,0.0,3.0479999622912146e-05,0,0,2005-07-26T00:15:00,ENGINE_EXECUTABLE_HYDRAULICALLY_UNVALIDATED
C_26581,0.0,0.0,3.0479999622912146e-05,0,0,2005-07-26T00:15:00,ENGINE_EXECUTABLE_HYDRAULICALLY_UNVALIDATED
C_26582,0.0,0.0,3.0479999622912146e-05,0,0,2005-07-26T00:15:00,ENGINE_EXECUTABLE_HYDRAULICALLY_UNVALIDATED
C_26583,0.0,0.0,3.0479999622912146e-05,0,0,2005-07-26T00:15:00,ENGINE_EXECUTABLE_HYDRAULICALLY_UNVALIDATED
C_26584,0.0,0.0,3.0479999622912146e-05,0,0,2005-07-26T00:15:00,ENGINE_EXECUTABLE_HYDRAULICALLY_UNVALIDATED
C_26585,0.0,0.0,3.0479999622912146e-05,0,0,2005-07-26T00:15:00,ENGINE_EXECUTABLE_HYDRAULICALLY_UNVALIDATED
C_26586,0.0,0.0,3.0479999622912146e-05,0,0,2005-07-26T00:15:00,ENGINE_EXECUTABLE_HYDRAULICALLY_UNVALIDATED
C_26587,0.0,0.0,3.0479999622912146e-05,0,0,2005-07-26T00:15:00,ENGINE_EXECUTABLE_HYDRAULICALLY_UNVALIDATED
C_26588,0.0,0.0,3.0479999622912146e-05,0,0,2005-07-26T00:15:00,ENGINE_EXECUTABLE_HYDRAULICALLY_UNVALIDATED
C_26589,0.0,0.0,3.0479999622912146e-05,0,0,2005-07-26T00:15:00,ENGINE_EXECUTABLE_HYDRAULICALLY_UNVALIDATED
C_26590,0.0,0.0,3.0479999622912146e-05,0,0,2005-07-26T00:15:00,ENGINE_EXECUTABLE_HYDRAULICALLY_UNVALIDATED
C_26591,0.0,0.0,3.0479999622912146e-05,0,0,2005-07-26T00:15:00,ENGINE_EXECUTABLE_HYDRAULICALLY_UNVALIDATED
C_26592,0.0,0.0,3.0479999622912146e-05,0,0,2005-07-26T00:15:00,ENGINE_EXECUTABLE_HYDRAULICALLY_UNVALIDATED
C_26593,0.0,0.0,3.0479999622912146e-05,0,0,2005-07-26T00:15:00,ENGINE_EXECUTABLE_HYDRAULICALLY_UNVALIDATED
C_26594,0.0,0.0,3.0479999622912146e-05,0,0,2005-07-26T00:15:00,ENGINE_EXECUTABLE_HYDRAULICALLY_UNVALIDATED
C_26595,0.0,0.0,3.0479999622912146e-05,0,0,2005-07-26T00:15:00,ENGINE_EXECUTABLE_HYDRAULICALLY_UNVALIDATED
C_26596,0.0,0.0,3.0479999622912146e-05,0,0,2005-07-26T00:15:00,ENGINE_EXECUTABLE_HYDRAULICALLY_UNVALIDATED
C_26597,0.0,0.0,3.0479999622912146e-05,0,0,2005-07-26T00:15:00,ENGINE_EXECUTABLE_HYDRAULICALLY_UNVALIDATED
C_26598,0.0,0.0,3.0479999622912146e-05,0,0,2005-07-26T00:15:00,ENGINE_EXECUTABLE_HYDRAULICALLY_UNVALIDATED
C_26599,0.0,0.0,3.0479999622912146e-05,0,0,2005-07-26T00:15:00,ENGINE_EXECUTABLE_HYDRAULICALLY_UNVALIDATED
C_26600,0.0,0.0,3.0479999622912146e-05,0,0,2005-07-26T00:15:00,ENGINE_EXECUTABLE_HYDRAULICALLY_UNVALIDATED
C_26601,0.0,0.0,3.0479999622912146e-05,0,0,2005-07-26T00:15:00,ENGINE_EXECUTABLE_HYDRAULICALLY_UNVALIDATED
C_26602,0.0060945251025259495,0.017060095444321632,0.08122742921113968,0,0,2005-07-26T11:15:00,ENGINE_EXECUTABLE_HYDRAULICALLY_UNVALIDATED
C_26603,0.032779302448034286,0.046664804220199585,0.153407484292984,0,0,2005-07-26T11:30:00,ENGINE_EXECUTABLE_HYDRAULICALLY_UNVALIDATED
C_26604,0.0,0.0,0.02182612195611,0,0,2005-07-26T00:15:00,ENGINE_EXECUTABLE_HYDRAULICALLY_UNVALIDATED
C_26605,0.06561524420976639,0.06907351315021515,0.2070363461971283,0,0,2005-07-26T11:30:00,ENGINE_EXECUTABLE_HYDRAULICALLY_UNVALIDATED
C_26606,0.1073341965675354,0.08279895782470703,0.24916112422943115,0,0,2005-07-26T11:30:00,ENGINE_EXECUTABLE_HYDRAULICALLY_UNVALIDATED
C_26607,0.17923131585121155,0.11102405190467834,0.3038385510444641,0,0,2005-07-26T11:30:00,ENGINE_EXECUTABLE_HYDRAULICALLY_UNVALIDATED
C_26608,0.2727913558483124,0.13573412597179413,0.37104862928390503,0,0,2005-07-26T11:30:00,ENGINE_EXECUTABLE_HYDRAULICALLY_UNVALIDATED
C_26609,0.29393327236175537,0.12143879383802414,0.43574872612953186,0,0,2005-07-26T11:30:00,ENGINE_EXECUTABLE_HYDRAULICALLY_UNVALIDATED
C_26610,0.2578209936618805,0.09043844789266586,0.49894365668296814,0,0,2005-07-26T11:30:00,ENGINE_EXECUTABLE_HYDRAULICALLY_UNVALIDATED
C_26611,0.258223295211792,0.12198974937200546,0.5621234178543091,0,0,2005-07-26T11:30:00,ENGINE_EXECUTABLE_HYDRAULICALLY_UNVALIDATED
C_26612,0.30518022179603577,0.12464875727891922,0.6167758703231812,0,0,2005-07-26T11:30:00,ENGINE_EXECUTABLE_HYDRAULICALLY_UNVALIDATED
C_26613,0.34980887174606323,0.12303051352500916,0.6714317798614502,0,0,2005-07-26T11:30:00,ENGINE_EXECUTABLE_HYDRAULICALLY_UNVALIDATED
C_26614,0.3691664934158325,0.12091770768165588,0.728093147277832,0,0,2005-07-26T11:30:00,ENGINE_EXECUTABLE_HYDRAULICALLY_UNVALIDATED
C_26615,0.3760989308357239,0.1232861578464508,0.7822705507278442,0,0,2005-07-26T11:30:00,ENGINE_EXECUTABLE_HYDRAULICALLY_UNVALIDATED
C_26616,0.3930216431617737,0.12206382304430008,0.8419451713562012,0,0,2005-07-26T11:30:00,ENGINE_EXECUTABLE_HYDRAULICALLY_UNVALIDATED
C_26617,0.4144268035888672,0.11615637689828873,0.9090778827667236,0,0,2005-07-26T11:30:00,ENGINE_EXECUTABLE_HYDRAULICALLY_UNVALIDATED
C_26618,0.4384690523147583,0.11730869114398956,0.9491826891899109,0,0,2005-07-26T11:30:00,ENGINE_EXECUTABLE_HYDRAULICALLY_UNVALIDATED
C_26619,0.47130444645881653,0.12566499412059784,0.9637744426727295,0,0,2005-07-26T11:30:00,ENGINE_EXECUTABLE_HYDRAULICALLY_UNVALIDATED
C_26620,0.5143242478370667,0.13312587141990662,0.9798498153686523,0,0,2005-07-26T11:30:00,ENGINE_EXECUTABLE_HYDRAULICALLY_UNVALIDATED
C_26621,0.547725260257721,0.32927969098091125,0.9934000968933105,0,0,2005-07-26T11:30:00,ENGINE_EXECUTABLE_HYDRAULICALLY_UNVALIDATED
C_26622,0.577998161315918,0.3897571861743927,1.0094505548477173,0,0,2005-07-26T11:30:00,ENGINE_EXECUTABLE_HYDRAULICALLY_UNVALIDATED
C_26623,0.6450523138046265,0.2259497195482254,1.035962700843811,0,0,2005-07-26T10:30:00,ENGINE_EXECUTABLE_HYDRAULICALLY_UNVALIDATED
C_26624,0.0,0.0,3.0479999622912146e-05,0,0,2005-07-26T00:15:00,ENGINE_EXECUTABLE_HYDRAULICALLY_UNVALIDATED
C_26625,0.0,0.0,3.0479999622912146e-05,0,0,2005-07-26T00:15:00,ENGINE_EXECUTABLE_HYDRAULICALLY_UNVALIDATED
C_26626,0.0,0.0,3.0479999622912146e-05,0,0,2005-07-26T00:15:00,ENGINE_EXECUTABLE_HYDRAULICALLY_UNVALIDATED
C_26627,0.0,0.0,3.0479999622912146e-05,0,0,2005-07-26T00:15:00,ENGINE_EXECUTABLE_HYDRAULICALLY_UNVALIDATED
C_26628,0.0,0.0,3.0479999622912146e-05,0,0,2005-07-26T00:15:00,ENGINE_EXECUTABLE_HYDRAULICALLY_UNVALIDATED
C_26629,0.8161785006523132,0.3248072564601898,1.0629363059997559,0,0,2005-07-26T10:15:00,ENGINE_EXECUTABLE_HYDRAULICALLY_UNVALIDATED
C_26630,0.9825988411903381,0.33940204977989197,1.0834225416183472,0,0,2005-07-26T10:15:00,ENGINE_EXECUTABLE_HYDRAULICALLY_UNVALIDATED
C_26631,1.085107684135437,0.33441799879074097,1.1019219160079956,0,0,2005-07-26T10:15:00,ENGINE_EXECUTABLE_HYDRAULICALLY_UNVALIDATED
C_26632,1.1667546033859253,0.32751503586769104,1.1194347143173218,0,0,2005-07-26T10:15:00,ENGINE_EXECUTABLE_HYDRAULICALLY_UNVALIDATED
C_26633,51.275848388671875,0.918656587600708,1.1609703302383423,0,0,2005-07-26T11:15:00,ENGINE_EXECUTABLE_HYDRAULICALLY_UNVALIDATED
C_26634,1.2471221685409546,0.32190150022506714,1.137452483177185,0,0,2005-07-26T10:15:00,ENGINE_EXECUTABLE_HYDRAULICALLY_UNVALIDATED
C_26635,1.2909631729125977,0.3109123110771179,1.1564618349075317,0,0,2005-07-26T10:15:00,ENGINE_EXECUTABLE_HYDRAULICALLY_UNVALIDATED
C_26636,52.684600830078125,0.9138962626457214,1.1926300525665283,0,0,2005-07-26T11:00:00,ENGINE_EXECUTABLE_HYDRAULICALLY_UNVALIDATED
C_26637,52.03593063354492,0.9041416645050049,1.1853082180023193,0,0,2005-07-26T11:00:00,ENGINE_EXECUTABLE_HYDRAULICALLY_UNVALIDATED
C_26638,1.4885854721069336,0.24772360920906067,0.4333537518978119,0,0,2005-07-26T11:30:00,ENGINE_EXECUTABLE_HYDRAULICALLY_UNVALIDATED
C_26646,0.5545427799224854,0.23900043964385986,1.159999966621399,135,105,2005-07-26T11:00:00,ENGINE_EXECUTABLE_HYDRAULICALLY_UNVALIDATED
C_26647,0.5540129542350769,0.11105678975582123,1.246999979019165,90,90,2005-07-26T11:00:00,ENGINE_EXECUTABLE_HYDRAULICALLY_UNVALIDATED
C_26648,0.555481493473053,0.1111728698015213,1.2489999532699585,90,90,2005-07-26T11:00:00,ENGINE_EXECUTABLE_HYDRAULICALLY_UNVALIDATED
C_26651,0.5548980832099915,0.11500144749879837,1.1430000066757202,135,135,2005-07-26T11:00:00,ENGINE_EXECUTABLE_HYDRAULICALLY_UNVALIDATED
C_26659,0.7053948044776917,0.15469157695770264,1.100000023841858,135,135,2005-07-26T11:00:00,ENGINE_EXECUTABLE_HYDRAULICALLY_UNVALIDATED
C_26660,0.8583550453186035,0.18621380627155304,1.100000023841858,135,135,2005-07-26T11:00:00,ENGINE_EXECUTABLE_HYDRAULICALLY_UNVALIDATED
C_26661,1.0138872861862183,0.12469243258237839,1.534000039100647,60,60,2005-07-26T11:00:00,ENGINE_EXECUTABLE_HYDRAULICALLY_UNVALIDATED
C_26662,1.314879059791565,0.15246635675430298,1.6269999742507935,60,60,2005-07-26T11:00:00,ENGINE_EXECUTABLE_HYDRAULICALLY_UNVALIDATED
C_26664,1.3145638704299927,0.5028529763221741,1.3600000143051147,75,75,2005-07-26T11:00:00,ENGINE_EXECUTABLE_HYDRAULICALLY_UNVALIDATED
C_26669,1.927019476890564,0.794998049736023,1.3539999723434448,75,75,2005-07-26T11:00:00,ENGINE_EXECUTABLE_HYDRAULICALLY_UNVALIDATED
C_26670,2.2308855056762695,0.8500877618789673,1.3609999418258667,75,75,2005-07-26T11:00:00,ENGINE_EXECUTABLE_HYDRAULICALLY_UNVALIDATED
C_26671,1.4654812812805176,0.5270107388496399,1.5369999408721924,60,60,2005-07-26T11:00:00,ENGINE_EXECUTABLE_HYDRAULICALLY_UNVALIDATED
C_26679,2.537102460861206,1.2201417684555054,1.0570000410079956,135,135,2005-07-26T11:00:00,ENGINE_EXECUTABLE_HYDRAULICALLY_UNVALIDATED
C_26680,2.8394365310668945,1.0788373947143555,1.2640000581741333,90,75,2005-07-26T11:00:00,ENGINE_EXECUTABLE_HYDRAULICALLY_UNVALIDATED
C_26682,3.143498659133911,1.1138017177581787,1.4110000133514404,60,60,2005-07-26T11:00:00,ENGINE_EXECUTABLE_HYDRAULICALLY_UNVALIDATED
C_26684,3.2971243858337402,0.8667069673538208,1.7102124691009521,0,0,2005-07-26T11:00:00,ENGINE_EXECUTABLE_HYDRAULICALLY_UNVALIDATED
C_26692,3.6426570415496826,1.0850110054016113,1.6766645908355713,30,0,2005-07-26T10:30:00,ENGINE_EXECUTABLE_HYDRAULICALLY_UNVALIDATED
C_26693,4.004756450653076,1.166333794593811,1.6282474994659424,0,0,2005-07-26T10:45:00,ENGINE_EXECUTABLE_HYDRAULICALLY_UNVALIDATED
C_26701,4.379904270172119,1.4700665473937988,1.434999942779541,45,45,2005-07-26T10:45:00,ENGINE_EXECUTABLE_HYDRAULICALLY_UNVALIDATED
C_26702,4.570645809173584,1.5876303911209106,1.3420000076293945,60,45,2005-07-26T10:45:00,ENGINE_EXECUTABLE_HYDRAULICALLY_UNVALIDATED
C_26703,4.756536483764648,2.6772663593292236,1.103379726409912,0,0,2005-07-26T10:45:00,ENGINE_EXECUTABLE_HYDRAULICALLY_UNVALIDATED
C_26706,4.756394863128662,1.7462937831878662,0.9807003736495972,0,0,2005-07-26T10:45:00,ENGINE_EXECUTABLE_HYDRAULICALLY_UNVALIDATED
C_26713,0.9651423096656799,0.09456270188093185,0.9916592240333557,0,0,2005-07-26T11:30:00,ENGINE_EXECUTABLE_HYDRAULICALLY_UNVALIDATED
C_26714,55.17280960083008,1.6267155408859253,1.2778198719024658,0,0,2005-07-26T11:00:00,ENGINE_EXECUTABLE_HYDRAULICALLY_UNVALIDATED
C_26716,55.07722473144531,1.5552480220794678,1.3309310674667358,0,0,2005-07-26T11:00:00,ENGINE_EXECUTABLE_HYDRAULICALLY_UNVALIDATED
C_26717,55.13969421386719,1.5956274271011353,1.3004250526428223,0,0,2005-07-26T11:00:00,ENGINE_EXECUTABLE_HYDRAULICALLY_UNVALIDATED
C_26718,54.90216064453125,1.521695852279663,1.3539936542510986,0,0,2005-07-26T11:00:00,ENGINE_EXECUTABLE_HYDRAULICALLY_UNVALIDATED
C_26719,54.99372482299805,1.433990478515625,1.4313632249832153,0,0,2005-07-26T11:00:00,ENGINE_EXECUTABLE_HYDRAULICALLY_UNVALIDATED
C_26720,55.11711883544922,1.4545044898986816,1.4147131443023682,0,0,2005-07-26T11:00:00,ENGINE_EXECUTABLE_HYDRAULICALLY_UNVALIDATED
C_26721,55.1345100402832,1.4775817394256592,1.3956844806671143,0,0,2005-07-26T11:00:00,ENGINE_EXECUTABLE_HYDRAULICALLY_UNVALIDATED
C_26722,54.970462799072266,1.4976811408996582,1.3756959438323975,0,0,2005-07-26T11:00:00,ENGINE_EXECUTABLE_HYDRAULICALLY_UNVALIDATED
C_26723,54.79422378540039,1.4162590503692627,1.4450099468231201,0,0,2005-07-26T11:00:00,ENGINE_EXECUTABLE_HYDRAULICALLY_UNVALIDATED
C_26724,54.538028717041016,1.3992664813995361,1.4577038288116455,0,0,2005-07-26T11:00:00,ENGINE_EXECUTABLE_HYDRAULICALLY_UNVALIDATED
C_26725,54.40352249145508,1.3885807991027832,1.46915602684021,0,0,2005-07-26T11:00:00,ENGINE_EXECUTABLE_HYDRAULICALLY_UNVALIDATED
C_26726,54.3521614074707,1.3789876699447632,1.479787826538086,0,0,2005-07-26T10:45:00,ENGINE_EXECUTABLE_HYDRAULICALLY_UNVALIDATED
C_26727,4.756194591522217,3.296144485473633,0.7226517796516418,0,0,2005-07-26T10:45:00,ENGINE_EXECUTABLE_HYDRAULICALLY_UNVALIDATED
C_26729,4.939573287963867,3.0466091632843018,0.5716636180877686,0,0,2005-07-26T10:45:00,ENGINE_EXECUTABLE_HYDRAULICALLY_UNVALIDATED
C_26730,49.92616271972656,1.8549432754516602,1.196097731590271,0,0,2005-07-26T10:45:00,ENGINE_EXECUTABLE_HYDRAULICALLY_UNVALIDATED
C_26731,49.84978103637695,1.9570316076278687,1.1324169635772705,0,0,2005-07-26T10:45:00,ENGINE_EXECUTABLE_HYDRAULICALLY_UNVALIDATED
C_26732,54.684226989746094,2.2799932956695557,1.069401741027832,0,0,2005-07-26T10:45:00,ENGINE_EXECUTABLE_HYDRAULICALLY_UNVALIDATED
C_26733,0.24040254950523376,0.17421020567417145,0.9429989457130432,0,0,2005-07-26T11:45:00,ENGINE_EXECUTABLE_HYDRAULICALLY_UNVALIDATED
C_26734,55.19206619262695,1.6508498191833496,1.2617889642715454,0,0,2005-07-26T11:00:00,ENGINE_EXECUTABLE_HYDRAULICALLY_UNVALIDATED
C_26735,55.198299407958984,1.3994158506393433,1.2569791078567505,0,0,2005-07-26T11:00:00,ENGINE_EXECUTABLE_HYDRAULICALLY_UNVALIDATED
C_26736,55.25709533691406,1.2643543481826782,1.2659934759140015,0,0,2005-07-26T11:00:00,ENGINE_EXECUTABLE_HYDRAULICALLY_UNVALIDATED
C_26737,55.18584060668945,1.6380305290222168,1.2704092264175415,0,0,2005-07-26T11:00:00,ENGINE_EXECUTABLE_HYDRAULICALLY_UNVALIDATED
C_26738,0.5822731256484985,0.22002427279949188,0.9345110654830933,0,0,2005-07-26T11:30:00,ENGINE_EXECUTABLE_HYDRAULICALLY_UNVALIDATED
C_26739,54.28845977783203,1.365660309791565,1.4898183345794678,0,0,2005-07-26T10:45:00,ENGINE_EXECUTABLE_HYDRAULICALLY_UNVALIDATED
C_26740,54.53153610229492,2.6975345611572266,0.9093354940414429,0,0,2005-07-26T10:45:00,ENGINE_EXECUTABLE_HYDRAULICALLY_UNVALIDATED
C_26741,54.496334075927734,1.5689990520477295,1.5222290754318237,0,0,2005-07-26T10:45:00,ENGINE_EXECUTABLE_HYDRAULICALLY_UNVALIDATED
C_26742,54.377803802490234,1.6272965669631958,1.500575065612793,0,0,2005-07-26T10:45:00,ENGINE_EXECUTABLE_HYDRAULICALLY_UNVALIDATED
C_26743,54.442867279052734,1.6116595268249512,1.514784574508667,0,0,2005-07-26T10:45:00,ENGINE_EXECUTABLE_HYDRAULICALLY_UNVALIDATED
C_26744,54.582332611083984,2.473721981048584,0.9883628487586975,0,0,2005-07-26T10:45:00,ENGINE_EXECUTABLE_HYDRAULICALLY_UNVALIDATED
C_26745,55.01847839355469,1.0649254322052002,1.2202694416046143,0,0,2005-07-26T11:00:00,ENGINE_EXECUTABLE_HYDRAULICALLY_UNVALIDATED
C_26746,55.13883972167969,1.1640321016311646,1.2461239099502563,0,0,2005-07-26T11:00:00,ENGINE_EXECUTABLE_HYDRAULICALLY_UNVALIDATED
C_26747,55.2060661315918,1.2491226196289062,1.2765982151031494,0,0,2005-07-26T11:00:00,ENGINE_EXECUTABLE_HYDRAULICALLY_UNVALIDATED
C_26748,55.290401458740234,1.2354319095611572,1.2913398742675781,0,0,2005-07-26T11:00:00,ENGINE_EXECUTABLE_HYDRAULICALLY_UNVALIDATED
C_26749,55.35707092285156,1.3652676343917847,1.2805031538009644,0,0,2005-07-26T11:00:00,ENGINE_EXECUTABLE_HYDRAULICALLY_UNVALIDATED
C_26750,0.6093920469284058,0.2237129956483841,0.8663367033004761,0,0,2005-07-26T11:30:00,ENGINE_EXECUTABLE_HYDRAULICALLY_UNVALIDATED
C_26751,0.4646111726760864,0.2302788645029068,0.7914082407951355,0,0,2005-07-26T11:30:00,ENGINE_EXECUTABLE_HYDRAULICALLY_UNVALIDATED
C_26752,0.4703313410282135,0.2750822603702545,0.7089561223983765,0,0,2005-07-26T11:30:00,ENGINE_EXECUTABLE_HYDRAULICALLY_UNVALIDATED
C_26753,54.478240966796875,1.020078420639038,1.1990852355957031,0,0,2005-07-26T11:00:00,ENGINE_EXECUTABLE_HYDRAULICALLY_UNVALIDATED
C_26754,0.45423874258995056,0.3012809157371521,0.6381067633628845,0,0,2005-07-26T11:30:00,ENGINE_EXECUTABLE_HYDRAULICALLY_UNVALIDATED
C_26755,0.33090394735336304,0.3025289475917816,0.5767161250114441,0,0,2005-07-26T11:30:00,ENGINE_EXECUTABLE_HYDRAULICALLY_UNVALIDATED
C_26756,0.22691400349140167,0.34690022468566895,0.4517892003059387,0,0,2005-07-26T11:30:00,ENGINE_EXECUTABLE_HYDRAULICALLY_UNVALIDATED
C_26775,50.010887145996094,1.7687127590179443,1.256540060043335,0,0,2005-07-26T10:45:00,ENGINE_EXECUTABLE_HYDRAULICALLY_UNVALIDATED
C_26776,49.43717956542969,1.637431263923645,1.341713309288025,0,0,2005-07-26T10:45:00,ENGINE_EXECUTABLE_HYDRAULICALLY_UNVALIDATED
C_26777,49.54603958129883,1.686465859413147,1.3055710792541504,0,0,2005-07-26T10:45:00,ENGINE_EXECUTABLE_HYDRAULICALLY_UNVALIDATED
C_26778,49.49578857421875,1.618516206741333,1.359002709388733,0,0,2005-07-26T10:45:00,ENGINE_EXECUTABLE_HYDRAULICALLY_UNVALIDATED
C_26779,49.18563461303711,1.5322701930999756,1.426500916481018,0,0,2005-07-26T10:45:00,ENGINE_EXECUTABLE_HYDRAULICALLY_UNVALIDATED
C_26780,49.2660026550293,1.5661940574645996,1.3978831768035889,0,0,2005-07-26T10:45:00,ENGINE_EXECUTABLE_HYDRAULICALLY_UNVALIDATED
C_26781,49.37160873413086,1.5989711284637451,1.37216317653656,0,0,2005-07-26T10:45:00,ENGINE_EXECUTABLE_HYDRAULICALLY_UNVALIDATED
C_26782,47.94925308227539,1.4055507183074951,1.516018271446228,0,0,2005-07-26T10:45:00,ENGINE_EXECUTABLE_HYDRAULICALLY_UNVALIDATED
C_26783,48.41632843017578,1.4371182918548584,1.4971609115600586,0,0,2005-07-26T10:45:00,ENGINE_EXECUTABLE_HYDRAULICALLY_UNVALIDATED
C_26784,48.83806228637695,1.470807671546936,1.4756102561950684,0,0,2005-07-26T10:45:00,ENGINE_EXECUTABLE_HYDRAULICALLY_UNVALIDATED
C_26785,48.91823196411133,1.4971507787704468,1.4520257711410522,0,0,2005-07-26T10:45:00,ENGINE_EXECUTABLE_HYDRAULICALLY_UNVALIDATED
C_26786,48.03963088989258,1.3873050212860107,1.5388519763946533,0,0,2005-07-26T10:45:00,ENGINE_EXECUTABLE_HYDRAULICALLY_UNVALIDATED
C_26787,47.189064025878906,1.3496896028518677,1.5537338256835938,0,0,2005-07-26T10:45:00,ENGINE_EXECUTABLE_HYDRAULICALLY_UNVALIDATED
C_26788,46.359886169433594,1.324653148651123,1.5552825927734375,0,0,2005-07-26T10:45:00,ENGINE_EXECUTABLE_HYDRAULICALLY_UNVALIDATED
C_26789,45.40842819213867,1.300917148590088,1.5556316375732422,0,0,2005-07-26T11:00:00,ENGINE_EXECUTABLE_HYDRAULICALLY_UNVALIDATED
C_26790,44.566524505615234,1.2736549377441406,1.5549845695495605,0,0,2005-07-26T10:45:00,ENGINE_EXECUTABLE_HYDRAULICALLY_UNVALIDATED
C_26793,44.661415100097656,1.277367353439331,1.5537666082382202,0,0,2005-07-26T10:45:00,ENGINE_EXECUTABLE_HYDRAULICALLY_UNVALIDATED
C_26794,44.41774368286133,1.2714343070983887,1.5525002479553223,0,0,2005-07-26T10:45:00,ENGINE_EXECUTABLE_HYDRAULICALLY_UNVALIDATED
C_26795,43.94878387451172,1.258931040763855,1.5513651371002197,0,0,2005-07-26T10:45:00,ENGINE_EXECUTABLE_HYDRAULICALLY_UNVALIDATED
C_26796,44.105308532714844,1.2639737129211426,1.5506789684295654,0,0,2005-07-26T11:00:00,ENGINE_EXECUTABLE_HYDRAULICALLY_UNVALIDATED
C_26799,43.5303840637207,1.250382423400879,1.54843270778656,0,0,2005-07-26T11:00:00,ENGINE_EXECUTABLE_HYDRAULICALLY_UNVALIDATED
C_26800,43.49888610839844,1.249657392501831,1.5468788146972656,0,0,2005-07-26T10:45:00,ENGINE_EXECUTABLE_HYDRAULICALLY_UNVALIDATED
C_26801,43.40397262573242,1.2486193180084229,1.5447866916656494,0,0,2005-07-26T10:45:00,ENGINE_EXECUTABLE_HYDRAULICALLY_UNVALIDATED
C_26802,43.323246002197266,1.2480483055114746,1.5426191091537476,0,0,2005-07-26T10:45:00,ENGINE_EXECUTABLE_HYDRAULICALLY_UNVALIDATED
C_26803,43.41788101196289,1.2519237995147705,1.5412030220031738,0,0,2005-07-26T10:45:00,ENGINE_EXECUTABLE_HYDRAULICALLY_UNVALIDATED
C_26804,10.364547729492188,1.6496528387069702,1.208108901977539,0,0,2005-07-26T10:45:00,ENGINE_EXECUTABLE_HYDRAULICALLY_UNVALIDATED
C_26805,9.416171073913574,1.3501182794570923,1.341068148612976,0,0,2005-07-26T10:45:00,ENGINE_EXECUTABLE_HYDRAULICALLY_UNVALIDATED
C_26806,9.984420776367188,1.4797810316085815,1.2973995208740234,0,0,2005-07-26T10:45:00,ENGINE_EXECUTABLE_HYDRAULICALLY_UNVALIDATED
C_26807,8.285233497619629,1.1516618728637695,1.3833372592926025,0,0,2005-07-26T10:45:00,ENGINE_EXECUTABLE_HYDRAULICALLY_UNVALIDATED
C_26808,9.042438507080078,1.2716379165649414,1.3673207759857178,0,0,2005-07-26T10:45:00,ENGINE_EXECUTABLE_HYDRAULICALLY_UNVALIDATED
C_26809,2.23653507232666,0.4190603196620941,1.4325116872787476,0,0,2005-07-26T10:45:00,ENGINE_EXECUTABLE_HYDRAULICALLY_UNVALIDATED
C_26810,2.253140449523926,0.46622076630592346,1.3365048170089722,0,0,2005-07-26T10:45:00,ENGINE_EXECUTABLE_HYDRAULICALLY_UNVALIDATED
C_26811,43.2995491027832,1.2493529319763184,1.5401654243469238,0,0,2005-07-26T10:45:00,ENGINE_EXECUTABLE_HYDRAULICALLY_UNVALIDATED
C_26812,43.36075973510742,1.2547450065612793,1.5357147455215454,0,0,2005-07-26T10:45:00,ENGINE_EXECUTABLE_HYDRAULICALLY_UNVALIDATED
C_26813,10.549397468566895,2.3377163410186768,0.8677290081977844,0,0,2005-07-26T10:45:00,ENGINE_EXECUTABLE_HYDRAULICALLY_UNVALIDATED
C_26814,43.43350601196289,1.2619189023971558,1.5295461416244507,0,0,2005-07-26T10:45:00,ENGINE_EXECUTABLE_HYDRAULICALLY_UNVALIDATED
C_26815,43.485443115234375,1.8849155902862549,1.5378443002700806,0,0,2005-07-26T10:45:00,ENGINE_EXECUTABLE_HYDRAULICALLY_UNVALIDATED
C_26816,30.727094650268555,1.3346675634384155,1.5609920024871826,0,0,2005-07-26T11:00:00,ENGINE_EXECUTABLE_HYDRAULICALLY_UNVALIDATED
C_26817,2.2202744483947754,0.39385223388671875,1.5463061332702637,0,0,2005-07-26T10:45:00,ENGINE_EXECUTABLE_HYDRAULICALLY_UNVALIDATED
C_26818,30.60770606994629,1.3144510984420776,1.575566291809082,0,0,2005-07-26T10:45:00,ENGINE_EXECUTABLE_HYDRAULICALLY_UNVALIDATED
C_26819,10.550183296203613,1.9013721942901611,1.066942811012268,0,0,2005-07-26T10:45:00,ENGINE_EXECUTABLE_HYDRAULICALLY_UNVALIDATED
C_26858,6.98686408996582,0.9686713218688965,1.386928677558899,0,0,2005-07-26T10:45:00,ENGINE_EXECUTABLE_HYDRAULICALLY_UNVALIDATED
C_26859,4.361098766326904,2.7589619159698486,0.24315795302391052,0,0,2005-07-26T10:45:00,ENGINE_EXECUTABLE_HYDRAULICALLY_UNVALIDATED
C_26860,4.551080226898193,2.002866268157959,0.3914352059364319,0,0,2005-07-26T10:45:00,ENGINE_EXECUTABLE_HYDRAULICALLY_UNVALIDATED
C_26861,0.0349910706281662,0.061101801693439484,0.12014515697956085,0,0,2005-07-26T10:15:00,ENGINE_EXECUTABLE_HYDRAULICALLY_UNVALIDATED
C_26862,1.0203607082366943,0.5599952340126038,0.18218854069709778,0,0,2005-07-26T10:45:00,ENGINE_EXECUTABLE_HYDRAULICALLY_UNVALIDATED
C_26863,0.0,0.0,3.0479999622912146e-05,0,0,2005-07-26T00:15:00,ENGINE_EXECUTABLE_HYDRAULICALLY_UNVALIDATED
C_26864,1.5691064596176147,0.9198503494262695,0.17056380212306976,0,0,2005-07-26T10:45:00,ENGINE_EXECUTABLE_HYDRAULICALLY_UNVALIDATED
C_26887,0.0,0.0,3.0479999622912146e-05,0,0,2005-07-26T00:15:00,ENGINE_EXECUTABLE_HYDRAULICALLY_UNVALIDATED
C_26888,0.0,0.0,3.0479999622912146e-05,0,0,2005-07-26T00:15:00,ENGINE_EXECUTABLE_HYDRAULICALLY_UNVALIDATED
C_26889,0.0,0.0,3.0479999622912146e-05,0,0,2005-07-26T00:15:00,ENGINE_EXECUTABLE_HYDRAULICALLY_UNVALIDATED
C_26890,0.0,0.0,3.0479999622912146e-05,0,0,2005-07-26T00:15:00,ENGINE_EXECUTABLE_HYDRAULICALLY_UNVALIDATED
C_26903,2.855552911758423,1.0687309503555298,0.8905375003814697,0,0,2005-07-26T10:45:00,ENGINE_EXECUTABLE_HYDRAULICALLY_UNVALIDATED
C_26904,3.047133207321167,1.1250555515289307,0.9027091860771179,0,0,2005-07-26T10:45:00,ENGINE_EXECUTABLE_HYDRAULICALLY_UNVALIDATED
C_26905,3.238973379135132,1.1763544082641602,0.9176976084709167,0,0,2005-07-26T10:45:00,ENGINE_EXECUTABLE_HYDRAULICALLY_UNVALIDATED
C_26909,3.622171401977539,1.2957913875579834,0.9316746592521667,0,0,2005-07-26T10:45:00,ENGINE_EXECUTABLE_HYDRAULICALLY_UNVALIDATED
C_26910,3.813631057739258,1.3492069244384766,0.942085862159729,0,0,2005-07-26T10:45:00,ENGINE_EXECUTABLE_HYDRAULICALLY_UNVALIDATED
C_26911,4.005321979522705,1.4042702913284302,0.9506422281265259,0,0,2005-07-26T10:45:00,ENGINE_EXECUTABLE_HYDRAULICALLY_UNVALIDATED
C_26912,4.194602966308594,1.459883689880371,0.9576414823532104,0,0,2005-07-26T10:45:00,ENGINE_EXECUTABLE_HYDRAULICALLY_UNVALIDATED
C_26913,4.194517135620117,1.4498306512832642,0.9642620086669922,0,0,2005-07-26T10:45:00,ENGINE_EXECUTABLE_HYDRAULICALLY_UNVALIDATED
C_26914,8.739643096923828,2.708545446395874,0.8065832853317261,0,0,2005-07-26T10:45:00,ENGINE_EXECUTABLE_HYDRAULICALLY_UNVALIDATED
C_26915,8.567468643188477,2.464033842086792,0.8691555261611938,0,0,2005-07-26T10:45:00,ENGINE_EXECUTABLE_HYDRAULICALLY_UNVALIDATED
C_26916,8.56757926940918,2.312886953353882,0.9259666800498962,0,0,2005-07-26T10:45:00,ENGINE_EXECUTABLE_HYDRAULICALLY_UNVALIDATED
C_26919,8.567708015441895,2.226158857345581,0.9620555639266968,0,0,2005-07-26T10:45:00,ENGINE_EXECUTABLE_HYDRAULICALLY_UNVALIDATED
C_26920,4.185512065887451,1.4229968786239624,0.949938178062439,0,0,2005-07-26T10:45:00,ENGINE_EXECUTABLE_HYDRAULICALLY_UNVALIDATED
C_26921,4.185550212860107,1.5034037828445435,0.8991405963897705,0,0,2005-07-26T10:45:00,ENGINE_EXECUTABLE_HYDRAULICALLY_UNVALIDATED
C_26922,4.002385139465332,1.5612447261810303,0.8281450867652893,0,0,2005-07-26T10:45:00,ENGINE_EXECUTABLE_HYDRAULICALLY_UNVALIDATED
C_26923,8.567646980285645,2.2585277557373047,0.9482607245445251,0,0,2005-07-26T10:45:00,ENGINE_EXECUTABLE_HYDRAULICALLY_UNVALIDATED
C_26924,2.484886407852173,0.7554218769073486,1.105242133140564,0,0,2005-07-26T10:45:00,ENGINE_EXECUTABLE_HYDRAULICALLY_UNVALIDATED
C_26925,2.675058603286743,0.8115593791007996,1.107377290725708,0,0,2005-07-26T10:45:00,ENGINE_EXECUTABLE_HYDRAULICALLY_UNVALIDATED
C_26926,4.002439022064209,1.6709462404251099,0.7736563682556152,0,0,2005-07-26T10:45:00,ENGINE_EXECUTABLE_HYDRAULICALLY_UNVALIDATED
C_26927,4.002477645874023,1.7272320985794067,0.7483915686607361,0,0,2005-07-26T10:45:00,ENGINE_EXECUTABLE_HYDRAULICALLY_UNVALIDATED
C_26928,3.8119966983795166,1.825714349746704,0.6959052085876465,0,0,2005-07-26T10:45:00,ENGINE_EXECUTABLE_HYDRAULICALLY_UNVALIDATED
C_26929,3.6203763484954834,1.9109859466552734,0.631432056427002,0,0,2005-07-26T10:45:00,ENGINE_EXECUTABLE_HYDRAULICALLY_UNVALIDATED
C_26930,3.429004192352295,1.870693325996399,0.6296147108078003,0,0,2005-07-26T10:45:00,ENGINE_EXECUTABLE_HYDRAULICALLY_UNVALIDATED
C_26931,0.0,0.0,3.0479999622912146e-05,0,0,2005-07-26T00:15:00,ENGINE_EXECUTABLE_HYDRAULICALLY_UNVALIDATED
C_26932,0.0,0.0,3.0479999622912146e-05,0,0,2005-07-26T00:15:00,ENGINE_EXECUTABLE_HYDRAULICALLY_UNVALIDATED
C_26933,0.0,0.0,3.0479999622912146e-05,0,0,2005-07-26T00:15:00,ENGINE_EXECUTABLE_HYDRAULICALLY_UNVALIDATED
C_26934,0.0,0.0,3.0479999622912146e-05,0,0,2005-07-26T00:15:00,ENGINE_EXECUTABLE_HYDRAULICALLY_UNVALIDATED
C_26938,0.0,0.0,3.0479999622912146e-05,0,0,2005-07-26T00:15:00,ENGINE_EXECUTABLE_HYDRAULICALLY_UNVALIDATED
C_26939,0.0,0.0,3.0479999622912146e-05,0,0,2005-07-26T00:15:00,ENGINE_EXECUTABLE_HYDRAULICALLY_UNVALIDATED
C_26940,0.0,0.0,3.0479999622912146e-05,0,0,2005-07-26T00:15:00,ENGINE_EXECUTABLE_HYDRAULICALLY_UNVALIDATED
C_26941,0.0,0.0,3.0479999622912146e-05,0,0,2005-07-26T00:15:00,ENGINE_EXECUTABLE_HYDRAULICALLY_UNVALIDATED
C_26944,0.0,0.0,3.0479999622912146e-05,0,0,2005-07-26T00:15:00,ENGINE_EXECUTABLE_HYDRAULICALLY_UNVALIDATED
C_26945,0.0,0.0,3.0479999622912146e-05,0,0,2005-07-26T00:15:00,ENGINE_EXECUTABLE_HYDRAULICALLY_UNVALIDATED
C_26946,0.0,0.0,3.0479999622912146e-05,0,0,2005-07-26T00:15:00,ENGINE_EXECUTABLE_HYDRAULICALLY_UNVALIDATED
C_26947,0.0,0.0,3.0479999622912146e-05,0,0,2005-07-26T00:15:00,ENGINE_EXECUTABLE_HYDRAULICALLY_UNVALIDATED
C_26951,0.0,0.0,3.0479999622912146e-05,0,0,2005-07-26T00:15:00,ENGINE_EXECUTABLE_HYDRAULICALLY_UNVALIDATED
C_26952,0.0,0.0,3.0479999622912146e-05,0,0,2005-07-26T00:15:00,ENGINE_EXECUTABLE_HYDRAULICALLY_UNVALIDATED
C_26953,0.0,0.0,3.0479999622912146e-05,0,0,2005-07-26T00:15:00,ENGINE_EXECUTABLE_HYDRAULICALLY_UNVALIDATED
C_26972,12.717520713806152,3.2446889877319336,0.3014655113220215,0,0,2005-07-26T10:45:00,ENGINE_EXECUTABLE_HYDRAULICALLY_UNVALIDATED
C_26973,12.721417427062988,3.577735662460327,0.27348625659942627,0,0,2005-07-26T10:45:00,ENGINE_EXECUTABLE_HYDRAULICALLY_UNVALIDATED
C_26974,12.564846992492676,3.09983229637146,0.3117649555206299,0,0,2005-07-26T10:45:00,ENGINE_EXECUTABLE_HYDRAULICALLY_UNVALIDATED
C_26975,10.70666790008545,3.4154088497161865,1.0448212623596191,0,0,2005-07-26T10:45:00,ENGINE_EXECUTABLE_HYDRAULICALLY_UNVALIDATED
C_26976,9.954193115234375,3.205482244491577,1.0350065231323242,0,0,2005-07-26T10:45:00,ENGINE_EXECUTABLE_HYDRAULICALLY_UNVALIDATED
C_26977,12.247048377990723,2.507761001586914,0.3756242096424103,0,0,2005-07-26T10:45:00,ENGINE_EXECUTABLE_HYDRAULICALLY_UNVALIDATED
C_26978,12.068766593933105,2.4410722255706787,0.3802686631679535,0,0,2005-07-26T10:45:00,ENGINE_EXECUTABLE_HYDRAULICALLY_UNVALIDATED
C_26979,11.861427307128906,4.4265456199646,0.5358628630638123,0,0,2005-07-26T10:45:00,ENGINE_EXECUTABLE_HYDRAULICALLY_UNVALIDATED
C_26991,0.0,0.0,3.0479999622912146e-05,0,0,2005-07-26T00:15:00,ENGINE_EXECUTABLE_HYDRAULICALLY_UNVALIDATED
C_26992,0.0,0.0,3.0479999622912146e-05,0,0,2005-07-26T00:15:00,ENGINE_EXECUTABLE_HYDRAULICALLY_UNVALIDATED
C_26993,0.0,0.0,3.0479999622912146e-05,0,0,2005-07-26T00:15:00,ENGINE_EXECUTABLE_HYDRAULICALLY_UNVALIDATED
C_26994,0.0,0.0,3.0479999622912146e-05,0,0,2005-07-26T00:15:00,ENGINE_EXECUTABLE_HYDRAULICALLY_UNVALIDATED
C_26995,0.0,0.0,3.0479999622912146e-05,0,0,2005-07-26T00:15:00,ENGINE_EXECUTABLE_HYDRAULICALLY_UNVALIDATED
C_26996,0.0,0.0,3.0479999622912146e-05,0,0,2005-07-26T00:15:00,ENGINE_EXECUTABLE_HYDRAULICALLY_UNVALIDATED
C_26997,0.0,0.0,3.0479999622912146e-05,0,0,2005-07-26T00:15:00,ENGINE_EXECUTABLE_HYDRAULICALLY_UNVALIDATED
C_26998,0.0,0.0,3.0479999622912146e-05,0,0,2005-07-26T00:15:00,ENGINE_EXECUTABLE_HYDRAULICALLY_UNVALIDATED
C_26999,0.0,0.0,3.0479999622912146e-05,0,0,2005-07-26T00:15:00,ENGINE_EXECUTABLE_HYDRAULICALLY_UNVALIDATED
C_27000,0.0,0.0,3.0479999622912146e-05,0,0,2005-07-26T00:15:00,ENGINE_EXECUTABLE_HYDRAULICALLY_UNVALIDATED
C_27001,0.0,0.0,3.0479999622912146e-05,0,0,2005-07-26T00:15:00,ENGINE_EXECUTABLE_HYDRAULICALLY_UNVALIDATED
C_27002,0.0,0.0,3.0479999622912146e-05,0,0,2005-07-26T00:15:00,ENGINE_EXECUTABLE_HYDRAULICALLY_UNVALIDATED
C_27003,0.0,0.0,3.0479999622912146e-05,0,0,2005-07-26T00:15:00,ENGINE_EXECUTABLE_HYDRAULICALLY_UNVALIDATED
C_27004,0.0,0.0,3.0479999622912146e-05,0,0,2005-07-26T00:15:00,ENGINE_EXECUTABLE_HYDRAULICALLY_UNVALIDATED
C_27005,0.0,0.0,3.0479999622912146e-05,0,0,2005-07-26T00:15:00,ENGINE_EXECUTABLE_HYDRAULICALLY_UNVALIDATED
C_27006,0.0,0.0,3.0479999622912146e-05,0,0,2005-07-26T00:15:00,ENGINE_EXECUTABLE_HYDRAULICALLY_UNVALIDATED
C_27007,0.0,0.0,3.0479999622912146e-05,0,0,2005-07-26T00:15:00,ENGINE_EXECUTABLE_HYDRAULICALLY_UNVALIDATED
C_27008,0.0,0.0,3.0479999622912146e-05,0,0,2005-07-26T00:15:00,ENGINE_EXECUTABLE_HYDRAULICALLY_UNVALIDATED
C_27009,0.0,0.0,3.0479999622912146e-05,0,0,2005-07-26T00:15:00,ENGINE_EXECUTABLE_HYDRAULICALLY_UNVALIDATED
C_27010,7.371809959411621,1.0680023431777954,0.34508299827575684,0,0,2005-07-26T11:00:00,ENGINE_EXECUTABLE_HYDRAULICALLY_UNVALIDATED
C_27011,7.371918678283691,1.0020203590393066,0.36781176924705505,0,0,2005-07-26T11:00:00,ENGINE_EXECUTABLE_HYDRAULICALLY_UNVALIDATED
C_27012,7.371502876281738,0.9755378365516663,0.37777528166770935,0,0,2005-07-26T11:00:00,ENGINE_EXECUTABLE_HYDRAULICALLY_UNVALIDATED
C_27013,0.0,0.0,3.0479999622912146e-05,0,0,2005-07-26T00:15:00,ENGINE_EXECUTABLE_HYDRAULICALLY_UNVALIDATED
C_27014,0.0,0.0,3.0479999622912146e-05,0,0,2005-07-26T00:15:00,ENGINE_EXECUTABLE_HYDRAULICALLY_UNVALIDATED
C_27015,0.0,0.0,3.0479999622912146e-05,0,0,2005-07-26T00:15:00,ENGINE_EXECUTABLE_HYDRAULICALLY_UNVALIDATED
C_27016,0.0,0.0,3.0479999622912146e-05,0,0,2005-07-26T00:15:00,ENGINE_EXECUTABLE_HYDRAULICALLY_UNVALIDATED
C_27017,7.3642659187316895,0.968000590801239,0.38034307956695557,0,0,2005-07-26T11:00:00,ENGINE_EXECUTABLE_HYDRAULICALLY_UNVALIDATED
C_27018,7.3668742179870605,0.9681940078735352,0.38040173053741455,0,0,2005-07-26T11:00:00,ENGINE_EXECUTABLE_HYDRAULICALLY_UNVALIDATED
C_27019,7.369713306427002,0.9686844944953918,0.38035568594932556,0,0,2005-07-26T11:00:00,ENGINE_EXECUTABLE_HYDRAULICALLY_UNVALIDATED
C_27020,7.357297420501709,0.9168550968170166,0.4011799991130829,0,0,2005-07-26T11:00:00,ENGINE_EXECUTABLE_HYDRAULICALLY_UNVALIDATED
C_27021,7.3605146408081055,0.9601188898086548,0.3832699954509735,0,0,2005-07-26T11:00:00,ENGINE_EXECUTABLE_HYDRAULICALLY_UNVALIDATED
C_27022,7.352330684661865,0.852554976940155,0.43114590644836426,0,0,2005-07-26T11:00:00,ENGINE_EXECUTABLE_HYDRAULICALLY_UNVALIDATED
C_27023,0.0,0.0,3.0479999622912146e-05,0,0,2005-07-26T00:15:00,ENGINE_EXECUTABLE_HYDRAULICALLY_UNVALIDATED
C_27024,0.0,0.0,0.01747629977762699,0,0,2005-07-26T00:15:00,ENGINE_EXECUTABLE_HYDRAULICALLY_UNVALIDATED
C_27025,0.011125688441097736,0.012081095017492771,0.06928854435682297,0,0,2005-07-26T10:45:00,ENGINE_EXECUTABLE_HYDRAULICALLY_UNVALIDATED
C_27026,0.03883484750986099,0.07826557755470276,0.12257200479507446,0,0,2005-07-26T10:30:00,ENGINE_EXECUTABLE_HYDRAULICALLY_UNVALIDATED
C_27027,0.05786285549402237,0.05501732975244522,0.15542586147785187,0,0,2005-07-26T10:30:00,ENGINE_EXECUTABLE_HYDRAULICALLY_UNVALIDATED
C_27028,7.371423244476318,1.2930786609649658,0.28500208258628845,0,0,2005-07-26T11:00:00,ENGINE_EXECUTABLE_HYDRAULICALLY_UNVALIDATED
C_27029,7.369173526763916,0.6936070919036865,0.48287445306777954,0,0,2005-07-26T11:00:00,ENGINE_EXECUTABLE_HYDRAULICALLY_UNVALIDATED
C_27030,7.3647260665893555,0.69327712059021,0.48281270265579224,0,0,2005-07-26T11:00:00,ENGINE_EXECUTABLE_HYDRAULICALLY_UNVALIDATED
C_27031,7.340734958648682,0.7931524515151978,0.4627053439617157,0,0,2005-07-26T11:00:00,ENGINE_EXECUTABLE_HYDRAULICALLY_UNVALIDATED
C_27032,7.310905933380127,1.388208031654358,0.5265847444534302,0,0,2005-07-26T11:00:00,ENGINE_EXECUTABLE_HYDRAULICALLY_UNVALIDATED
C_27033,7.295753479003906,1.2058186531066895,0.6049783229827881,0,0,2005-07-26T11:00:00,ENGINE_EXECUTABLE_HYDRAULICALLY_UNVALIDATED
C_27034,7.36108922958374,0.6895228028297424,0.48520180583000183,0,0,2005-07-26T11:00:00,ENGINE_EXECUTABLE_HYDRAULICALLY_UNVALIDATED
C_27035,7.357196807861328,0.6969671845436096,0.47976547479629517,0,0,2005-07-26T11:00:00,ENGINE_EXECUTABLE_HYDRAULICALLY_UNVALIDATED
C_27036,7.350258827209473,0.717319667339325,0.4657135307788849,0,0,2005-07-26T11:00:00,ENGINE_EXECUTABLE_HYDRAULICALLY_UNVALIDATED
C_27037,7.2704596519470215,1.1147336959838867,0.6521422863006592,0,0,2005-07-26T11:00:00,ENGINE_EXECUTABLE_HYDRAULICALLY_UNVALIDATED
C_27038,7.240676403045654,1.072239875793457,0.6770137548446655,0,0,2005-07-26T11:00:00,ENGINE_EXECUTABLE_HYDRAULICALLY_UNVALIDATED
C_27039,7.245754718780518,1.170778512954712,0.619551956653595,0,0,2005-07-26T10:45:00,ENGINE_EXECUTABLE_HYDRAULICALLY_UNVALIDATED
C_27040,7.2418904304504395,1.0907788276672363,0.6652180552482605,0,0,2005-07-26T10:45:00,ENGINE_EXECUTABLE_HYDRAULICALLY_UNVALIDATED
C_27041,7.251737594604492,1.2887611389160156,0.562627911567688,0,0,2005-07-26T10:45:00,ENGINE_EXECUTABLE_HYDRAULICALLY_UNVALIDATED
C_27042,7.258607864379883,1.40510892868042,0.5165293216705322,0,0,2005-07-26T10:45:00,ENGINE_EXECUTABLE_HYDRAULICALLY_UNVALIDATED
C_27043,7.264428615570068,1.4626034498214722,0.49662265181541443,0,0,2005-07-26T10:45:00,ENGINE_EXECUTABLE_HYDRAULICALLY_UNVALIDATED
C_27044,7.269176006317139,1.483341097831726,0.4899996817111969,0,0,2005-07-26T10:45:00,ENGINE_EXECUTABLE_HYDRAULICALLY_UNVALIDATED
C_27045,7.342433929443359,0.744070827960968,0.44849202036857605,0,0,2005-07-26T11:00:00,ENGINE_EXECUTABLE_HYDRAULICALLY_UNVALIDATED
C_27046,7.33784818649292,0.769802987575531,0.43322956562042236,0,0,2005-07-26T11:00:00,ENGINE_EXECUTABLE_HYDRAULICALLY_UNVALIDATED
C_27047,7.333182334899902,0.8116039633750916,0.4106551706790924,0,0,2005-07-26T11:00:00,ENGINE_EXECUTABLE_HYDRAULICALLY_UNVALIDATED
C_27048,7.275049686431885,0.9733936786651611,0.49820470809936523,0,0,2005-07-26T10:45:00,ENGINE_EXECUTABLE_HYDRAULICALLY_UNVALIDATED
C_27049,7.28091287612915,1.4344956874847412,0.5638917088508606,0,0,2005-07-26T10:45:00,ENGINE_EXECUTABLE_HYDRAULICALLY_UNVALIDATED
C_27050,7.284585475921631,1.897341012954712,0.7118371725082397,0,0,2005-07-26T10:45:00,ENGINE_EXECUTABLE_HYDRAULICALLY_UNVALIDATED
C_27051,7.287930965423584,1.5199558734893799,0.8492996692657471,0,0,2005-07-26T10:45:00,ENGINE_EXECUTABLE_HYDRAULICALLY_UNVALIDATED
C_27052,7.291711330413818,1.3359503746032715,0.925150454044342,0,0,2005-07-26T10:45:00,ENGINE_EXECUTABLE_HYDRAULICALLY_UNVALIDATED
C_27053,7.328336715698242,0.9135561585426331,0.364585280418396,0,0,2005-07-26T11:00:00,ENGINE_EXECUTABLE_HYDRAULICALLY_UNVALIDATED
C_27054,7.3248491287231445,1.3079426288604736,0.2545299828052521,0,0,2005-07-26T11:00:00,ENGINE_EXECUTABLE_HYDRAULICALLY_UNVALIDATED
C_27055,7.321488857269287,1.4983397722244263,0.20357736945152283,0,0,2005-07-26T11:00:00,ENGINE_EXECUTABLE_HYDRAULICALLY_UNVALIDATED
C_27056,7.296040058135986,1.2139850854873657,0.9766491055488586,0,0,2005-07-26T10:45:00,ENGINE_EXECUTABLE_HYDRAULICALLY_UNVALIDATED
C_27057,7.301631927490234,0.8076328635215759,1.0044193267822266,0,0,2005-07-26T10:45:00,ENGINE_EXECUTABLE_HYDRAULICALLY_UNVALIDATED
C_27058,7.307175636291504,1.386540412902832,0.239522323012352,0,0,2005-07-26T11:00:00,ENGINE_EXECUTABLE_HYDRAULICALLY_UNVALIDATED
C_27059,7.318243503570557,1.2982252836227417,0.2348535805940628,0,0,2005-07-26T11:00:00,ENGINE_EXECUTABLE_HYDRAULICALLY_UNVALIDATED
C_27060,7.315412521362305,1.3879246711730957,0.23955315351486206,0,0,2005-07-26T11:00:00,ENGINE_EXECUTABLE_HYDRAULICALLY_UNVALIDATED
C_27061,7.311370372772217,1.3877348899841309,0.23945352435112,0,0,2005-07-26T11:00:00,ENGINE_EXECUTABLE_HYDRAULICALLY_UNVALIDATED
C_27062,7.302850246429443,1.3888158798217773,0.23898831009864807,0,0,2005-07-26T11:00:00,ENGINE_EXECUTABLE_HYDRAULICALLY_UNVALIDATED
C_27063,7.2961297035217285,1.435099482536316,0.23106783628463745,0,0,2005-07-26T11:00:00,ENGINE_EXECUTABLE_HYDRAULICALLY_UNVALIDATED
C_27064,7.2940287590026855,1.5396126508712769,0.21532028913497925,0,0,2005-07-26T11:00:00,ENGINE_EXECUTABLE_HYDRAULICALLY_UNVALIDATED
C_27065,7.289723873138428,1.5381132364273071,0.2154029756784439,0,0,2005-07-26T11:00:00,ENGINE_EXECUTABLE_HYDRAULICALLY_UNVALIDATED
C_27067,7.285031318664551,1.4922306537628174,0.22188320755958557,0,0,2005-07-26T11:00:00,ENGINE_EXECUTABLE_HYDRAULICALLY_UNVALIDATED
C_27068,8.043856620788574,1.6015790700912476,0.22826790809631348,0,0,2005-07-26T11:00:00,ENGINE_EXECUTABLE_HYDRAULICALLY_UNVALIDATED
C_27075,0.0,0.0,3.0479999622912146e-05,0,0,2005-07-26T00:15:00,ENGINE_EXECUTABLE_HYDRAULICALLY_UNVALIDATED
C_27076,0.0,0.0,3.0479999622912146e-05,0,0,2005-07-26T00:15:00,ENGINE_EXECUTABLE_HYDRAULICALLY_UNVALIDATED
C_27077,0.0,0.0,3.0479999622912146e-05,0,0,2005-07-26T00:15:00,ENGINE_EXECUTABLE_HYDRAULICALLY_UNVALIDATED
C_27078,0.0,0.0,3.0479999622912146e-05,0,0,2005-07-26T00:15:00,ENGINE_EXECUTABLE_HYDRAULICALLY_UNVALIDATED
C_27079,0.0,0.0,3.0479999622912146e-05,0,0,2005-07-26T00:15:00,ENGINE_EXECUTABLE_HYDRAULICALLY_UNVALIDATED
C_27080,0.0,0.0,3.0479999622912146e-05,0,0,2005-07-26T00:15:00,ENGINE_EXECUTABLE_HYDRAULICALLY_UNVALIDATED
C_27081,0.0,0.0,3.0479999622912146e-05,0,0,2005-07-26T00:15:00,ENGINE_EXECUTABLE_HYDRAULICALLY_UNVALIDATED
C_27082,0.0,0.0,3.0479999622912146e-05,0,0,2005-07-26T00:15:00,ENGINE_EXECUTABLE_HYDRAULICALLY_UNVALIDATED
C_27084,0.0,0.0,3.0479999622912146e-05,0,0,2005-07-26T00:15:00,ENGINE_EXECUTABLE_HYDRAULICALLY_UNVALIDATED
C_27089,7.324615955352783,2.1737661361694336,0.37435290217399597,0,0,2005-07-26T10:45:00,ENGINE_EXECUTABLE_HYDRAULICALLY_UNVALIDATED
C_27090,7.322999954223633,1.6557796001434326,0.30289024114608765,0,0,2005-07-26T10:45:00,ENGINE_EXECUTABLE_HYDRAULICALLY_UNVALIDATED
C_27091,7.320992469787598,0.7838718891143799,1.0376096963882446,0,0,2005-07-26T10:45:00,ENGINE_EXECUTABLE_HYDRAULICALLY_UNVALIDATED
C_27092,7.308060169219971,0.7992774248123169,1.0158127546310425,0,0,2005-07-26T10:45:00,ENGINE_EXECUTABLE_HYDRAULICALLY_UNVALIDATED
C_27093,7.315090656280518,0.7908457517623901,1.0276306867599487,0,0,2005-07-26T10:45:00,ENGINE_EXECUTABLE_HYDRAULICALLY_UNVALIDATED
C_27094,7.326449871063232,1.649350643157959,0.4935029149055481,0,0,2005-07-26T10:45:00,ENGINE_EXECUTABLE_HYDRAULICALLY_UNVALIDATED
C_27095,7.328893661499023,1.4266630411148071,0.5707240104675293,0,0,2005-07-26T10:45:00,ENGINE_EXECUTABLE_HYDRAULICALLY_UNVALIDATED
C_27096,7.331437110900879,1.3490281105041504,0.6037779450416565,0,0,2005-07-26T10:45:00,ENGINE_EXECUTABLE_HYDRAULICALLY_UNVALIDATED
C_27097,7.333899021148682,1.3123142719268799,0.6208779215812683,0,0,2005-07-26T10:45:00,ENGINE_EXECUTABLE_HYDRAULICALLY_UNVALIDATED
C_27098,7.358804225921631,1.4666959047317505,1.0234001874923706,0,0,2005-07-26T10:45:00,ENGINE_EXECUTABLE_HYDRAULICALLY_UNVALIDATED
C_27099,7.356430530548096,1.4696584939956665,1.0005958080291748,0,0,2005-07-26T10:45:00,ENGINE_EXECUTABLE_HYDRAULICALLY_UNVALIDATED
C_27100,7.364073276519775,1.395416498184204,1.0549265146255493,0,0,2005-07-26T10:45:00,ENGINE_EXECUTABLE_HYDRAULICALLY_UNVALIDATED
C_27101,7.361454010009766,1.3941378593444824,1.0417726039886475,0,0,2005-07-26T10:45:00,ENGINE_EXECUTABLE_HYDRAULICALLY_UNVALIDATED
C_27102,7.366637706756592,1.3804062604904175,1.0667688846588135,0,0,2005-07-26T10:45:00,ENGINE_EXECUTABLE_HYDRAULICALLY_UNVALIDATED
C_27103,7.378385066986084,1.3409184217453003,1.099934697151184,0,0,2005-07-26T10:45:00,ENGINE_EXECUTABLE_HYDRAULICALLY_UNVALIDATED
C_27104,7.375473499298096,1.3476659059524536,1.0939956903457642,0,0,2005-07-26T10:45:00,ENGINE_EXECUTABLE_HYDRAULICALLY_UNVALIDATED
C_27105,7.3727288246154785,1.3561793565750122,1.0867235660552979,0,0,2005-07-26T10:45:00,ENGINE_EXECUTABLE_HYDRAULICALLY_UNVALIDATED
C_27106,7.369614124298096,1.3674968481063843,1.0772744417190552,0,0,2005-07-26T10:45:00,ENGINE_EXECUTABLE_HYDRAULICALLY_UNVALIDATED
C_27109,7.383716583251953,1.335719347000122,1.1050139665603638,0,0,2005-07-26T10:45:00,ENGINE_EXECUTABLE_HYDRAULICALLY_UNVALIDATED
C_27110,7.354404926300049,1.8304263353347778,1.1478334665298462,0,0,2005-07-26T10:45:00,ENGINE_EXECUTABLE_HYDRAULICALLY_UNVALIDATED
C_27111,7.229554653167725,1.3064755201339722,1.1877822875976562,0,0,2005-07-26T10:30:00,ENGINE_EXECUTABLE_HYDRAULICALLY_UNVALIDATED
C_27113,7.3365864753723145,1.2923263311386108,0.6307118535041809,0,0,2005-07-26T10:45:00,ENGINE_EXECUTABLE_HYDRAULICALLY_UNVALIDATED
C_27114,7.339839458465576,1.278214693069458,0.6379576921463013,0,0,2005-07-26T10:45:00,ENGINE_EXECUTABLE_HYDRAULICALLY_UNVALIDATED
C_27115,7.344815254211426,1.1994043588638306,0.5018882751464844,0,0,2005-07-26T10:45:00,ENGINE_EXECUTABLE_HYDRAULICALLY_UNVALIDATED
C_27116,7.348090648651123,2.2929677963256836,0.6751503348350525,0,0,2005-07-26T10:45:00,ENGINE_EXECUTABLE_HYDRAULICALLY_UNVALIDATED
C_27117,7.354151725769043,1.5787967443466187,0.9675021171569824,0,0,2005-07-26T10:45:00,ENGINE_EXECUTABLE_HYDRAULICALLY_UNVALIDATED
C_27118,7.352590084075928,1.8155046701431274,0.927068829536438,0,0,2005-07-26T10:45:00,ENGINE_EXECUTABLE_HYDRAULICALLY_UNVALIDATED
C_27119,7.349973201751709,1.9361361265182495,0.784252941608429,0,0,2005-07-26T10:45:00,ENGINE_EXECUTABLE_HYDRAULICALLY_UNVALIDATED
C_27120,7.351563930511475,1.871419906616211,0.8759807348251343,0,0,2005-07-26T10:45:00,ENGINE_EXECUTABLE_HYDRAULICALLY_UNVALIDATED
C_27121,7.457347869873047,1.0994170904159546,1.1303744316101074,0,0,2005-07-26T10:45:00,ENGINE_EXECUTABLE_HYDRAULICALLY_UNVALIDATED
C_27122,7.374370098114014,1.1726367473602295,1.0480012893676758,0,0,2005-07-26T10:45:00,ENGINE_EXECUTABLE_HYDRAULICALLY_UNVALIDATED
C_27123,7.378157138824463,1.7948789596557617,1.0081257820129395,0,0,2005-07-26T10:45:00,ENGINE_EXECUTABLE_HYDRAULICALLY_UNVALIDATED
C_27124,7.398653030395508,1.2652182579040527,0.9745129346847534,0,0,2005-07-26T10:45:00,ENGINE_EXECUTABLE_HYDRAULICALLY_UNVALIDATED
C_27125,7.392819404602051,1.3994324207305908,0.8842499256134033,0,0,2005-07-26T10:45:00,ENGINE_EXECUTABLE_HYDRAULICALLY_UNVALIDATED
C_27126,7.396129131317139,1.6033400297164917,0.7742315530776978,0,0,2005-07-26T10:45:00,ENGINE_EXECUTABLE_HYDRAULICALLY_UNVALIDATED
C_27127,7.398548126220703,1.735580563545227,0.7113131880760193,0,0,2005-07-26T10:45:00,ENGINE_EXECUTABLE_HYDRAULICALLY_UNVALIDATED
C_27128,7.400529861450195,1.9048222303390503,0.6858620643615723,0,0,2005-07-26T10:45:00,ENGINE_EXECUTABLE_HYDRAULICALLY_UNVALIDATED
C_27129,7.401854038238525,1.7111784219741821,0.6694175601005554,0,0,2005-07-26T10:45:00,ENGINE_EXECUTABLE_HYDRAULICALLY_UNVALIDATED
C_27130,7.402794361114502,2.2406423091888428,0.684380292892456,0,0,2005-07-26T10:45:00,ENGINE_EXECUTABLE_HYDRAULICALLY_UNVALIDATED
C_27131,7.403611660003662,2.2109215259552,0.7440625429153442,0,0,2005-07-26T10:45:00,ENGINE_EXECUTABLE_HYDRAULICALLY_UNVALIDATED
C_27132,7.404277801513672,2.0185461044311523,0.7764004468917847,0,0,2005-07-26T10:45:00,ENGINE_EXECUTABLE_HYDRAULICALLY_UNVALIDATED
C_27133,7.404862880706787,1.312417984008789,0.7262518405914307,0,0,2005-07-26T10:45:00,ENGINE_EXECUTABLE_HYDRAULICALLY_UNVALIDATED
C_27134,7.405455112457275,1.894966721534729,0.6726675033569336,0,0,2005-07-26T10:45:00,ENGINE_EXECUTABLE_HYDRAULICALLY_UNVALIDATED
C_27135,7.038807392120361,2.0286831855773926,0.7709459662437439,0,0,2005-07-26T10:45:00,ENGINE_EXECUTABLE_HYDRAULICALLY_UNVALIDATED
C_27136,7.038256645202637,2.06391978263855,0.7577245831489563,0,0,2005-07-26T10:45:00,ENGINE_EXECUTABLE_HYDRAULICALLY_UNVALIDATED
C_27137,7.037650108337402,2.1988325119018555,0.7111719846725464,0,0,2005-07-26T10:45:00,ENGINE_EXECUTABLE_HYDRAULICALLY_UNVALIDATED
C_27140,6.856318473815918,2.788982629776001,0.6145211458206177,0,0,2005-07-26T10:45:00,ENGINE_EXECUTABLE_HYDRAULICALLY_UNVALIDATED
C_27141,6.8558573722839355,2.4579105377197266,0.6197761297225952,0,0,2005-07-26T10:45:00,ENGINE_EXECUTABLE_HYDRAULICALLY_UNVALIDATED
C_27142,6.855062484741211,2.139993667602539,0.711767315864563,0,0,2005-07-26T10:45:00,ENGINE_EXECUTABLE_HYDRAULICALLY_UNVALIDATED
C_27143,6.857254505157471,2.7293848991394043,0.6280252933502197,0,0,2005-07-26T10:45:00,ENGINE_EXECUTABLE_HYDRAULICALLY_UNVALIDATED
C_27144,6.859862804412842,2.7294182777404785,0.6282565593719482,0,0,2005-07-26T10:45:00,ENGINE_EXECUTABLE_HYDRAULICALLY_UNVALIDATED
C_27145,6.863372325897217,2.669668436050415,0.7344527244567871,0,0,2005-07-26T10:45:00,ENGINE_EXECUTABLE_HYDRAULICALLY_UNVALIDATED
C_27146,6.863025665283203,2.7299296855926514,0.6284284591674805,0,0,2005-07-26T10:45:00,ENGINE_EXECUTABLE_HYDRAULICALLY_UNVALIDATED
C_27147,7.040876388549805,1.997481107711792,0.7832189202308655,0,0,2005-07-26T10:45:00,ENGINE_EXECUTABLE_HYDRAULICALLY_UNVALIDATED
C_27148,7.039762020111084,2.0056886672973633,0.7798903584480286,0,0,2005-07-26T10:45:00,ENGINE_EXECUTABLE_HYDRAULICALLY_UNVALIDATED
C_27149,7.041961193084717,1.9947636127471924,0.7844067215919495,0,0,2005-07-26T10:45:00,ENGINE_EXECUTABLE_HYDRAULICALLY_UNVALIDATED
C_27150,6.86675500869751,2.0281052589416504,0.9672632217407227,0,0,2005-07-26T10:45:00,ENGINE_EXECUTABLE_HYDRAULICALLY_UNVALIDATED
C_27151,6.87460470199585,1.9323567152023315,1.0163518190383911,0,0,2005-07-26T10:45:00,ENGINE_EXECUTABLE_HYDRAULICALLY_UNVALIDATED
C_27152,6.871285438537598,2.0072405338287354,0.9779623746871948,0,0,2005-07-26T10:45:00,ENGINE_EXECUTABLE_HYDRAULICALLY_UNVALIDATED
C_27153,6.485381603240967,2.3756837844848633,1.0918388366699219,0,0,2005-07-26T10:45:00,ENGINE_EXECUTABLE_HYDRAULICALLY_UNVALIDATED
C_27154,6.513194561004639,2.5545456409454346,1.0197460651397705,0,0,2005-07-26T10:45:00,ENGINE_EXECUTABLE_HYDRAULICALLY_UNVALIDATED
C_27155,6.508181095123291,2.266493320465088,1.1484625339508057,0,0,2005-07-26T10:45:00,ENGINE_EXECUTABLE_HYDRAULICALLY_UNVALIDATED
C_27156,6.522763729095459,3.3542044162750244,0.9722182154655457,0,0,2005-07-26T10:45:00,ENGINE_EXECUTABLE_HYDRAULICALLY_UNVALIDATED
C_27157,5.378242015838623,2.686638355255127,1.0008126497268677,0,0,2005-07-26T10:45:00,ENGINE_EXECUTABLE_HYDRAULICALLY_UNVALIDATED
C_27158,6.4995436668396,3.115138292312622,1.0431029796600342,0,0,2005-07-26T10:45:00,ENGINE_EXECUTABLE_HYDRAULICALLY_UNVALIDATED
C_27159,5.377185344696045,2.866189479827881,0.9379328489303589,0,0,2005-07-26T10:45:00,ENGINE_EXECUTABLE_HYDRAULICALLY_UNVALIDATED
C_27819,0.0,0.0,3.0479999622912146e-05,0,0,2005-07-26T00:15:00,ENGINE_EXECUTABLE_HYDRAULICALLY_UNVALIDATED
C_27820,0.0,0.0,3.0479999622912146e-05,0,0,2005-07-26T00:15:00,ENGINE_EXECUTABLE_HYDRAULICALLY_UNVALIDATED
C_27821,0.0,0.0,3.0479999622912146e-05,0,0,2005-07-26T00:15:00,ENGINE_EXECUTABLE_HYDRAULICALLY_UNVALIDATED
C_27822,0.0,0.0,3.0479999622912146e-05,0,0,2005-07-26T00:15:00,ENGINE_EXECUTABLE_HYDRAULICALLY_UNVALIDATED
C_27823,0.0,0.0,3.0479999622912146e-05,0,0,2005-07-26T00:15:00,ENGINE_EXECUTABLE_HYDRAULICALLY_UNVALIDATED
C_27824,0.0,0.0,3.0479999622912146e-05,0,0,2005-07-26T00:15:00,ENGINE_EXECUTABLE_HYDRAULICALLY_UNVALIDATED
C_27825,0.0,0.0,3.0479999622912146e-05,0,0,2005-07-26T00:15:00,ENGINE_EXECUTABLE_HYDRAULICALLY_UNVALIDATED
C_27826,0.0,0.0,3.0479999622912146e-05,0,0,2005-07-26T00:15:00,ENGINE_EXECUTABLE_HYDRAULICALLY_UNVALIDATED
C_27827,0.0,0.0,3.0479999622912146e-05,0,0,2005-07-26T00:15:00,ENGINE_EXECUTABLE_HYDRAULICALLY_UNVALIDATED
C_27835,0.0,0.0,3.0479999622912146e-05,0,0,2005-07-26T00:15:00,ENGINE_EXECUTABLE_HYDRAULICALLY_UNVALIDATED
C_27836,0.0,0.0,3.0479999622912146e-05,0,0,2005-07-26T00:15:00,ENGINE_EXECUTABLE_HYDRAULICALLY_UNVALIDATED
C_27837,0.0,0.0,3.0479999622912146e-05,0,0,2005-07-26T00:15:00,ENGINE_EXECUTABLE_HYDRAULICALLY_UNVALIDATED
C_27838,0.0,0.0,3.0479999622912146e-05,0,0,2005-07-26T00:15:00,ENGINE_EXECUTABLE_HYDRAULICALLY_UNVALIDATED
C_27839,0.0,0.0,3.0479999622912146e-05,0,0,2005-07-26T00:15:00,ENGINE_EXECUTABLE_HYDRAULICALLY_UNVALIDATED
C_27840,0.0,0.0,3.0479999622912146e-05,0,0,2005-07-26T00:15:00,ENGINE_EXECUTABLE_HYDRAULICALLY_UNVALIDATED
C_27849,0.0,0.0,3.0479999622912146e-05,0,0,2005-07-26T00:15:00,ENGINE_EXECUTABLE_HYDRAULICALLY_UNVALIDATED
C_27850,0.0,0.0,3.0479999622912146e-05,0,0,2005-07-26T00:15:00,ENGINE_EXECUTABLE_HYDRAULICALLY_UNVALIDATED
C_27851,0.0,0.0,3.0479999622912146e-05,0,0,2005-07-26T00:15:00,ENGINE_EXECUTABLE_HYDRAULICALLY_UNVALIDATED
C_27852,0.0,0.0,3.0479999622912146e-05,0,0,2005-07-26T00:15:00,ENGINE_EXECUTABLE_HYDRAULICALLY_UNVALIDATED
C_27853,0.0,0.0,3.0479999622912146e-05,0,0,2005-07-26T00:15:00,ENGINE_EXECUTABLE_HYDRAULICALLY_UNVALIDATED
C_27854,0.0,0.0,3.0479999622912146e-05,0,0,2005-07-26T00:15:00,ENGINE_EXECUTABLE_HYDRAULICALLY_UNVALIDATED
C_27867,0.0,0.0,3.0479999622912146e-05,0,0,2005-07-26T00:15:00,ENGINE_EXECUTABLE_HYDRAULICALLY_UNVALIDATED
C_27868,0.0,0.0,3.0479999622912146e-05,0,0,2005-07-26T00:15:00,ENGINE_EXECUTABLE_HYDRAULICALLY_UNVALIDATED
C_27869,0.0,0.0,3.0479999622912146e-05,0,0,2005-07-26T00:15:00,ENGINE_EXECUTABLE_HYDRAULICALLY_UNVALIDATED
C_27870,0.0,0.0,3.0479999622912146e-05,0,0,2005-07-26T00:15:00,ENGINE_EXECUTABLE_HYDRAULICALLY_UNVALIDATED
C_27875,0.0,0.0,3.0479999622912146e-05,0,0,2005-07-26T00:15:00,ENGINE_EXECUTABLE_HYDRAULICALLY_UNVALIDATED
C_27876,0.0,0.0,3.0479999622912146e-05,0,0,2005-07-26T00:15:00,ENGINE_EXECUTABLE_HYDRAULICALLY_UNVALIDATED
C_27877,0.0,0.0,3.0479999622912146e-05,0,0,2005-07-26T00:15:00,ENGINE_EXECUTABLE_HYDRAULICALLY_UNVALIDATED
C_27878,0.0,0.0,3.0479999622912146e-05,0,0,2005-07-26T00:15:00,ENGINE_EXECUTABLE_HYDRAULICALLY_UNVALIDATED
C_27879,0.0,0.0,3.0479999622912146e-05,0,0,2005-07-26T00:15:00,ENGINE_EXECUTABLE_HYDRAULICALLY_UNVALIDATED
C_27894,0.0,0.0,3.0479999622912146e-05,0,0,2005-07-26T00:15:00,ENGINE_EXECUTABLE_HYDRAULICALLY_UNVALIDATED
C_27895,0.0,0.0,3.0479999622912146e-05,0,0,2005-07-26T00:15:00,ENGINE_EXECUTABLE_HYDRAULICALLY_UNVALIDATED
C_27896,0.0,0.0,3.0479999622912146e-05,0,0,2005-07-26T00:15:00,ENGINE_EXECUTABLE_HYDRAULICALLY_UNVALIDATED
C_27897,0.0,0.0,3.0479999622912146e-05,0,0,2005-07-26T00:15:00,ENGINE_EXECUTABLE_HYDRAULICALLY_UNVALIDATED
C_27898,50.36064147949219,0.9444772005081177,1.0819538831710815,0,0,2005-07-26T11:15:00,ENGINE_EXECUTABLE_HYDRAULICALLY_UNVALIDATED
C_27899,0.5100891590118408,0.1543121635913849,0.2747946083545685,0,0,2005-07-26T11:00:00,ENGINE_EXECUTABLE_HYDRAULICALLY_UNVALIDATED
C_27900,0.3914417326450348,0.15824320912361145,0.23518335819244385,0,0,2005-07-26T11:00:00,ENGINE_EXECUTABLE_HYDRAULICALLY_UNVALIDATED
C_27901,50.97237777709961,0.9385874271392822,1.111660361289978,0,0,2005-07-26T11:15:00,ENGINE_EXECUTABLE_HYDRAULICALLY_UNVALIDATED
C_27902,51.15169143676758,0.9269859790802002,1.1368916034698486,0,0,2005-07-26T11:15:00,ENGINE_EXECUTABLE_HYDRAULICALLY_UNVALIDATED
C_27903,1.3794434070587158,0.24506182968616486,0.40423884987831116,0,0,2005-07-26T11:00:00,ENGINE_EXECUTABLE_HYDRAULICALLY_UNVALIDATED
C_27904,1.3184250593185425,0.24053698778152466,0.382381796836853,0,0,2005-07-26T11:00:00,ENGINE_EXECUTABLE_HYDRAULICALLY_UNVALIDATED
C_27905,1.249011754989624,0.23750503361225128,0.3609503507614136,0,0,2005-07-26T11:00:00,ENGINE_EXECUTABLE_HYDRAULICALLY_UNVALIDATED
C_27906,1.1716458797454834,0.29949820041656494,0.33944231271743774,0,0,2005-07-26T11:00:00,ENGINE_EXECUTABLE_HYDRAULICALLY_UNVALIDATED
C_27907,0.2677313983440399,0.15771065652370453,0.20094755291938782,0,0,2005-07-26T11:00:00,ENGINE_EXECUTABLE_HYDRAULICALLY_UNVALIDATED
C_27908,0.18301640450954437,0.13297255337238312,0.16678211092948914,0,0,2005-07-26T11:15:00,ENGINE_EXECUTABLE_HYDRAULICALLY_UNVALIDATED
C_27909,0.1570606827735901,0.0662091001868248,0.13326957821846008,0,0,2005-07-26T11:15:00,ENGINE_EXECUTABLE_HYDRAULICALLY_UNVALIDATED
C_27910,1.0629088878631592,0.16990962624549866,0.3110309839248657,0,0,2005-07-26T11:00:00,ENGINE_EXECUTABLE_HYDRAULICALLY_UNVALIDATED
C_27911,0.9512726068496704,0.17163605988025665,0.2817056477069855,0,0,2005-07-26T11:00:00,ENGINE_EXECUTABLE_HYDRAULICALLY_UNVALIDATED
C_27912,0.8724654316902161,0.1733090579509735,0.2612835764884949,0,0,2005-07-26T11:00:00,ENGINE_EXECUTABLE_HYDRAULICALLY_UNVALIDATED
C_27913,0.1265677958726883,0.0729789212346077,0.0996999517083168,0,0,2005-07-26T11:15:00,ENGINE_EXECUTABLE_HYDRAULICALLY_UNVALIDATED
C_27914,0.08471376448869705,0.07955010235309601,0.06629855930805206,0,0,2005-07-26T11:15:00,ENGINE_EXECUTABLE_HYDRAULICALLY_UNVALIDATED
C_27915,0.016911033540964127,0.028514185920357704,0.03294491022825241,0,0,2005-07-26T11:30:00,ENGINE_EXECUTABLE_HYDRAULICALLY_UNVALIDATED
C_27916,0.0,0.0,0.008124358020722866,0,0,2005-07-26T00:15:00,ENGINE_EXECUTABLE_HYDRAULICALLY_UNVALIDATED
C_27917,0.0,0.0,3.0479999622912146e-05,0,0,2005-07-26T00:15:00,ENGINE_EXECUTABLE_HYDRAULICALLY_UNVALIDATED
C_27918,0.0,0.0,3.0479999622912146e-05,0,0,2005-07-26T00:15:00,ENGINE_EXECUTABLE_HYDRAULICALLY_UNVALIDATED
C_27919,0.0,0.0,3.0479999622912146e-05,0,0,2005-07-26T00:15:00,ENGINE_EXECUTABLE_HYDRAULICALLY_UNVALIDATED
C_27920,0.0,0.0,3.0479999622912146e-05,0,0,2005-07-26T00:15:00,ENGINE_EXECUTABLE_HYDRAULICALLY_UNVALIDATED
C_27921,0.0,0.0,3.0479999622912146e-05,0,0,2005-07-26T00:15:00,ENGINE_EXECUTABLE_HYDRAULICALLY_UNVALIDATED
C_27922,0.0,0.0,3.0479999622912146e-05,0,0,2005-07-26T00:15:00,ENGINE_EXECUTABLE_HYDRAULICALLY_UNVALIDATED
C_27923,0.0,0.0,3.0479999622912146e-05,0,0,2005-07-26T00:15:00,ENGINE_EXECUTABLE_HYDRAULICALLY_UNVALIDATED
C_27924,0.0,0.0,3.0479999622912146e-05,0,0,2005-07-26T00:15:00,ENGINE_EXECUTABLE_HYDRAULICALLY_UNVALIDATED
C_27925,0.0,0.0,3.0479999622912146e-05,0,0,2005-07-26T00:15:00,ENGINE_EXECUTABLE_HYDRAULICALLY_UNVALIDATED
C_27926,0.0,0.0,3.0479999622912146e-05,0,0,2005-07-26T00:15:00,ENGINE_EXECUTABLE_HYDRAULICALLY_UNVALIDATED
C_27927,0.0,0.0,3.0479999622912146e-05,0,0,2005-07-26T00:15:00,ENGINE_EXECUTABLE_HYDRAULICALLY_UNVALIDATED
C_27928,0.0,0.0,3.0479999622912146e-05,0,0,2005-07-26T00:15:00,ENGINE_EXECUTABLE_HYDRAULICALLY_UNVALIDATED
C_27929,0.0,0.0,3.0479999622912146e-05,0,0,2005-07-26T00:15:00,ENGINE_EXECUTABLE_HYDRAULICALLY_UNVALIDATED
C_27930,0.0,0.0,3.0479999622912146e-05,0,0,2005-07-26T00:15:00,ENGINE_EXECUTABLE_HYDRAULICALLY_UNVALIDATED
C_27931,0.0,0.0,3.0479999622912146e-05,0,0,2005-07-26T00:15:00,ENGINE_EXECUTABLE_HYDRAULICALLY_UNVALIDATED
C_27932,0.0,0.0,3.0479999622912146e-05,0,0,2005-07-26T00:15:00,ENGINE_EXECUTABLE_HYDRAULICALLY_UNVALIDATED
C_27933,0.0,0.0,3.0479999622912146e-05,0,0,2005-07-26T00:15:00,ENGINE_EXECUTABLE_HYDRAULICALLY_UNVALIDATED
C_27934,0.0,0.0,3.0479999622912146e-05,0,0,2005-07-26T00:15:00,ENGINE_EXECUTABLE_HYDRAULICALLY_UNVALIDATED
C_27935,0.0,0.0,3.0479999622912146e-05,0,0,2005-07-26T00:15:00,ENGINE_EXECUTABLE_HYDRAULICALLY_UNVALIDATED
C_27936,0.0,0.0,3.0479999622912146e-05,0,0,2005-07-26T00:15:00,ENGINE_EXECUTABLE_HYDRAULICALLY_UNVALIDATED
C_27937,0.0,0.0,3.0479999622912146e-05,0,0,2005-07-26T00:15:00,ENGINE_EXECUTABLE_HYDRAULICALLY_UNVALIDATED
C_27938,0.0,0.0,3.0479999622912146e-05,0,0,2005-07-26T00:15:00,ENGINE_EXECUTABLE_HYDRAULICALLY_UNVALIDATED
C_27939,0.0,0.0,3.0479999622912146e-05,0,0,2005-07-26T00:15:00,ENGINE_EXECUTABLE_HYDRAULICALLY_UNVALIDATED
C_27940,0.0,0.0,3.0479999622912146e-05,0,0,2005-07-26T00:15:00,ENGINE_EXECUTABLE_HYDRAULICALLY_UNVALIDATED
C_27941,0.0,0.0,3.0479999622912146e-05,0,0,2005-07-26T00:15:00,ENGINE_EXECUTABLE_HYDRAULICALLY_UNVALIDATED
C_27942,0.0,0.0,3.0479999622912146e-05,0,0,2005-07-26T00:15:00,ENGINE_EXECUTABLE_HYDRAULICALLY_UNVALIDATED
C_27943,0.0,0.0,3.0479999622912146e-05,0,0,2005-07-26T00:15:00,ENGINE_EXECUTABLE_HYDRAULICALLY_UNVALIDATED
C_27944,0.0,0.0,3.0479999622912146e-05,0,0,2005-07-26T00:15:00,ENGINE_EXECUTABLE_HYDRAULICALLY_UNVALIDATED
C_27945,0.0,0.0,3.0479999622912146e-05,0,0,2005-07-26T00:15:00,ENGINE_EXECUTABLE_HYDRAULICALLY_UNVALIDATED
C_27946,0.0,0.0,3.0479999622912146e-05,0,0,2005-07-26T00:15:00,ENGINE_EXECUTABLE_HYDRAULICALLY_UNVALIDATED
C_27947,0.0,0.0,3.0479999622912146e-05,0,0,2005-07-26T00:15:00,ENGINE_EXECUTABLE_HYDRAULICALLY_UNVALIDATED
C_27948,0.0,0.0,3.0479999622912146e-05,0,0,2005-07-26T00:15:00,ENGINE_EXECUTABLE_HYDRAULICALLY_UNVALIDATED
C_27949,0.0,0.0,3.0479999622912146e-05,0,0,2005-07-26T00:15:00,ENGINE_EXECUTABLE_HYDRAULICALLY_UNVALIDATED
C_27950,0.0,0.0,3.0479999622912146e-05,0,0,2005-07-26T00:15:00,ENGINE_EXECUTABLE_HYDRAULICALLY_UNVALIDATED
C_27951,0.0,0.0,3.0479999622912146e-05,0,0,2005-07-26T00:15:00,ENGINE_EXECUTABLE_HYDRAULICALLY_UNVALIDATED
C_27952,0.0,0.0,3.0479999622912146e-05,0,0,2005-07-26T00:15:00,ENGINE_EXECUTABLE_HYDRAULICALLY_UNVALIDATED
C_27953,0.0,0.0,3.0479999622912146e-05,0,0,2005-07-26T00:15:00,ENGINE_EXECUTABLE_HYDRAULICALLY_UNVALIDATED
C_27954,0.0,0.0,3.0479999622912146e-05,0,0,2005-07-26T00:15:00,ENGINE_EXECUTABLE_HYDRAULICALLY_UNVALIDATED
C_27955,0.0,0.0,3.0479999622912146e-05,0,0,2005-07-26T00:15:00,ENGINE_EXECUTABLE_HYDRAULICALLY_UNVALIDATED
C_27956,0.0,0.0,3.0479999622912146e-05,0,0,2005-07-26T00:15:00,ENGINE_EXECUTABLE_HYDRAULICALLY_UNVALIDATED
C_27957,0.0,0.0,3.0479999622912146e-05,0,0,2005-07-26T00:15:00,ENGINE_EXECUTABLE_HYDRAULICALLY_UNVALIDATED
C_27958,0.0,0.0,3.0479999622912146e-05,0,0,2005-07-26T00:15:00,ENGINE_EXECUTABLE_HYDRAULICALLY_UNVALIDATED
C_27959,0.0,0.0,3.0479999622912146e-05,0,0,2005-07-26T00:15:00,ENGINE_EXECUTABLE_HYDRAULICALLY_UNVALIDATED
C_27960,0.0,0.0,3.0479999622912146e-05,0,0,2005-07-26T00:15:00,ENGINE_EXECUTABLE_HYDRAULICALLY_UNVALIDATED
C_27961,0.0,0.0,3.0479999622912146e-05,0,0,2005-07-26T00:15:00,ENGINE_EXECUTABLE_HYDRAULICALLY_UNVALIDATED
C_27962,0.0,0.0,3.0479999622912146e-05,0,0,2005-07-26T00:15:00,ENGINE_EXECUTABLE_HYDRAULICALLY_UNVALIDATED
C_27963,0.0,0.0,3.0479999622912146e-05,0,0,2005-07-26T00:15:00,ENGINE_EXECUTABLE_HYDRAULICALLY_UNVALIDATED
C_27964,0.0,0.0,3.0479999622912146e-05,0,0,2005-07-26T00:15:00,ENGINE_EXECUTABLE_HYDRAULICALLY_UNVALIDATED
C_27965,0.0,0.0,3.0479999622912146e-05,0,0,2005-07-26T00:15:00,ENGINE_EXECUTABLE_HYDRAULICALLY_UNVALIDATED
C_27966,0.0,0.0,3.0479999622912146e-05,0,0,2005-07-26T00:15:00,ENGINE_EXECUTABLE_HYDRAULICALLY_UNVALIDATED
C_27967,0.0,0.0,3.0479999622912146e-05,0,0,2005-07-26T00:15:00,ENGINE_EXECUTABLE_HYDRAULICALLY_UNVALIDATED
C_27968,0.0,0.0,3.0479999622912146e-05,0,0,2005-07-26T00:15:00,ENGINE_EXECUTABLE_HYDRAULICALLY_UNVALIDATED
C_27969,0.0,0.0,3.0479999622912146e-05,0,0,2005-07-26T00:15:00,ENGINE_EXECUTABLE_HYDRAULICALLY_UNVALIDATED
C_27970,0.0,0.0,3.0479999622912146e-05,0,0,2005-07-26T00:15:00,ENGINE_EXECUTABLE_HYDRAULICALLY_UNVALIDATED
C_27971,0.0,0.0,3.0479999622912146e-05,0,0,2005-07-26T00:15:00,ENGINE_EXECUTABLE_HYDRAULICALLY_UNVALIDATED
C_27972,0.0,0.0,3.0479999622912146e-05,0,0,2005-07-26T00:15:00,ENGINE_EXECUTABLE_HYDRAULICALLY_UNVALIDATED
C_27973,0.0,0.0,3.0479999622912146e-05,0,0,2005-07-26T00:15:00,ENGINE_EXECUTABLE_HYDRAULICALLY_UNVALIDATED
C_27974,0.0,0.0,3.0479999622912146e-05,0,0,2005-07-26T00:15:00,ENGINE_EXECUTABLE_HYDRAULICALLY_UNVALIDATED
C_27975,0.0,0.0,3.0479999622912146e-05,0,0,2005-07-26T00:15:00,ENGINE_EXECUTABLE_HYDRAULICALLY_UNVALIDATED
C_27976,0.0,0.0,3.0479999622912146e-05,0,0,2005-07-26T00:15:00,ENGINE_EXECUTABLE_HYDRAULICALLY_UNVALIDATED
C_27977,0.0,0.0,3.0479999622912146e-05,0,0,2005-07-26T00:15:00,ENGINE_EXECUTABLE_HYDRAULICALLY_UNVALIDATED
C_27978,0.0,0.0,3.0479999622912146e-05,0,0,2005-07-26T00:15:00,ENGINE_EXECUTABLE_HYDRAULICALLY_UNVALIDATED
C_27979,0.0,0.0,3.0479999622912146e-05,0,0,2005-07-26T00:15:00,ENGINE_EXECUTABLE_HYDRAULICALLY_UNVALIDATED
C_27980,0.0,0.0,3.0479999622912146e-05,0,0,2005-07-26T00:15:00,ENGINE_EXECUTABLE_HYDRAULICALLY_UNVALIDATED
C_27981,0.0,0.0,3.0479999622912146e-05,0,0,2005-07-26T00:15:00,ENGINE_EXECUTABLE_HYDRAULICALLY_UNVALIDATED
C_27982,0.0,0.0,3.0479999622912146e-05,0,0,2005-07-26T00:15:00,ENGINE_EXECUTABLE_HYDRAULICALLY_UNVALIDATED
C_27983,0.0,0.0,3.0479999622912146e-05,0,0,2005-07-26T00:15:00,ENGINE_EXECUTABLE_HYDRAULICALLY_UNVALIDATED
C_27984,0.0,0.0,3.0479999622912146e-05,0,0,2005-07-26T00:15:00,ENGINE_EXECUTABLE_HYDRAULICALLY_UNVALIDATED
C_27985,0.0,0.0,3.0479999622912146e-05,0,0,2005-07-26T00:15:00,ENGINE_EXECUTABLE_HYDRAULICALLY_UNVALIDATED
C_27986,0.0,0.0,3.0479999622912146e-05,0,0,2005-07-26T00:15:00,ENGINE_EXECUTABLE_HYDRAULICALLY_UNVALIDATED
C_27987,0.0,0.0,3.0479999622912146e-05,0,0,2005-07-26T00:15:00,ENGINE_EXECUTABLE_HYDRAULICALLY_UNVALIDATED
C_27988,0.0,0.0,3.0479999622912146e-05,0,0,2005-07-26T00:15:00,ENGINE_EXECUTABLE_HYDRAULICALLY_UNVALIDATED
C_27989,0.0,0.0,3.0479999622912146e-05,0,0,2005-07-26T00:15:00,ENGINE_EXECUTABLE_HYDRAULICALLY_UNVALIDATED
C_27990,0.0,0.0,3.0479999622912146e-05,0,0,2005-07-26T00:15:00,ENGINE_EXECUTABLE_HYDRAULICALLY_UNVALIDATED
C_27991,0.0,0.0,3.0479999622912146e-05,0,0,2005-07-26T00:15:00,ENGINE_EXECUTABLE_HYDRAULICALLY_UNVALIDATED
C_27992,0.0,0.0,3.0479999622912146e-05,0,0,2005-07-26T00:15:00,ENGINE_EXECUTABLE_HYDRAULICALLY_UNVALIDATED
C_27993,0.0,0.0,3.0479999622912146e-05,0,0,2005-07-26T00:15:00,ENGINE_EXECUTABLE_HYDRAULICALLY_UNVALIDATED
C_27994,0.0,0.0,3.0479999622912146e-05,0,0,2005-07-26T00:15:00,ENGINE_EXECUTABLE_HYDRAULICALLY_UNVALIDATED
C_27995,0.0,0.0,3.0479999622912146e-05,0,0,2005-07-26T00:15:00,ENGINE_EXECUTABLE_HYDRAULICALLY_UNVALIDATED
C_27996,0.0,0.0,3.0479999622912146e-05,0,0,2005-07-26T00:15:00,ENGINE_EXECUTABLE_HYDRAULICALLY_UNVALIDATED
C_27997,0.0,0.0,3.0479999622912146e-05,0,0,2005-07-26T00:15:00,ENGINE_EXECUTABLE_HYDRAULICALLY_UNVALIDATED
C_27998,0.0,0.0,3.0479999622912146e-05,0,0,2005-07-26T00:15:00,ENGINE_EXECUTABLE_HYDRAULICALLY_UNVALIDATED
C_27999,0.0,0.0,3.0479999622912146e-05,0,0,2005-07-26T00:15:00,ENGINE_EXECUTABLE_HYDRAULICALLY_UNVALIDATED
C_28000,0.0,0.0,3.0479999622912146e-05,0,0,2005-07-26T00:15:00,ENGINE_EXECUTABLE_HYDRAULICALLY_UNVALIDATED
C_28001,0.19815512001514435,0.4373128414154053,0.2844165861606598,0,0,2005-07-26T11:00:00,ENGINE_EXECUTABLE_HYDRAULICALLY_UNVALIDATED
C_28002,0.19161640107631683,0.39638566970825195,0.1599998027086258,0,0,2005-07-26T10:45:00,ENGINE_EXECUTABLE_HYDRAULICALLY_UNVALIDATED
C_28003,0.0,0.0,0.03151439130306244,0,0,2005-07-26T00:15:00,ENGINE_EXECUTABLE_HYDRAULICALLY_UNVALIDATED
C_28004,0.19138966500759125,0.5020748376846313,0.08754170686006546,0,0,2005-07-26T10:45:00,ENGINE_EXECUTABLE_HYDRAULICALLY_UNVALIDATED
C_28005,0.8035441040992737,0.17463038861751556,0.2453300505876541,0,0,2005-07-26T11:00:00,ENGINE_EXECUTABLE_HYDRAULICALLY_UNVALIDATED
C_28006,0.6846266984939575,0.17633777856826782,0.2212710976600647,0,0,2005-07-26T11:00:00,ENGINE_EXECUTABLE_HYDRAULICALLY_UNVALIDATED
C_28007,0.5523844957351685,0.21041299402713776,0.2006087303161621,0,0,2005-07-26T11:00:00,ENGINE_EXECUTABLE_HYDRAULICALLY_UNVALIDATED
C_28008,0.45126795768737793,0.20723387598991394,0.18516667187213898,0,0,2005-07-26T11:00:00,ENGINE_EXECUTABLE_HYDRAULICALLY_UNVALIDATED
C_28009,0.26575639843940735,0.23155651986598969,0.1626894623041153,0,0,2005-07-26T11:00:00,ENGINE_EXECUTABLE_HYDRAULICALLY_UNVALIDATED
C_28010,0.13137738406658173,0.07989010214805603,0.1397705227136612,0,0,2005-07-26T11:30:00,ENGINE_EXECUTABLE_HYDRAULICALLY_UNVALIDATED
C_28011,0.12582461535930634,0.07138795405626297,0.11636132746934891,0,0,2005-07-26T11:15:00,ENGINE_EXECUTABLE_HYDRAULICALLY_UNVALIDATED
C_28012,0.11943300068378448,0.0717538371682167,0.08996199816465378,0,0,2005-07-26T11:15:00,ENGINE_EXECUTABLE_HYDRAULICALLY_UNVALIDATED
C_28013,0.09713184833526611,0.08750791847705841,0.059992119669914246,0,0,2005-07-26T11:15:00,ENGINE_EXECUTABLE_HYDRAULICALLY_UNVALIDATED
C_28014,0.035562664270401,0.07885542511940002,0.024374885484576225,0,0,2005-07-26T11:15:00,ENGINE_EXECUTABLE_HYDRAULICALLY_UNVALIDATED
C_28015,0.00018732155149336904,0.0018687568372115493,0.005417698994278908,0,0,2005-07-26T11:30:00,ENGINE_EXECUTABLE_HYDRAULICALLY_UNVALIDATED
C_28016,0.0,0.0,0.00048667489318177104,0,0,2005-07-26T00:15:00,ENGINE_EXECUTABLE_HYDRAULICALLY_UNVALIDATED
C_28017,0.0,0.0,3.0479999622912146e-05,0,0,2005-07-26T00:15:00,ENGINE_EXECUTABLE_HYDRAULICALLY_UNVALIDATED
C_28018,0.0,0.0,3.0479999622912146e-05,0,0,2005-07-26T00:15:00,ENGINE_EXECUTABLE_HYDRAULICALLY_UNVALIDATED
C_28019,0.0,0.0,3.0479999622912146e-05,0,0,2005-07-26T00:15:00,ENGINE_EXECUTABLE_HYDRAULICALLY_UNVALIDATED
C_28020,0.0,0.0,3.0479999622912146e-05,0,0,2005-07-26T00:15:00,ENGINE_EXECUTABLE_HYDRAULICALLY_UNVALIDATED
C_28021,0.0,0.0,3.0479999622912146e-05,0,0,2005-07-26T00:15:00,ENGINE_EXECUTABLE_HYDRAULICALLY_UNVALIDATED
C_28022,0.0,0.0,3.0479999622912146e-05,0,0,2005-07-26T00:15:00,ENGINE_EXECUTABLE_HYDRAULICALLY_UNVALIDATED
C_28023,0.0,0.0,3.0479999622912146e-05,0,0,2005-07-26T00:15:00,ENGINE_EXECUTABLE_HYDRAULICALLY_UNVALIDATED
C_28024,0.0,0.0,3.0479999622912146e-05,0,0,2005-07-26T00:15:00,ENGINE_EXECUTABLE_HYDRAULICALLY_UNVALIDATED
C_28025,0.0,0.0,3.0479999622912146e-05,0,0,2005-07-26T00:15:00,ENGINE_EXECUTABLE_HYDRAULICALLY_UNVALIDATED
C_28026,0.0,0.0,3.0479999622912146e-05,0,0,2005-07-26T00:15:00,ENGINE_EXECUTABLE_HYDRAULICALLY_UNVALIDATED
C_28027,0.0,0.0,3.0479999622912146e-05,0,0,2005-07-26T00:15:00,ENGINE_EXECUTABLE_HYDRAULICALLY_UNVALIDATED
C_28028,0.0,0.0,3.0479999622912146e-05,0,0,2005-07-26T00:15:00,ENGINE_EXECUTABLE_HYDRAULICALLY_UNVALIDATED
C_28029,0.0,0.0,3.0479999622912146e-05,0,0,2005-07-26T00:15:00,ENGINE_EXECUTABLE_HYDRAULICALLY_UNVALIDATED
C_28030,0.0,0.0,3.0479999622912146e-05,0,0,2005-07-26T00:15:00,ENGINE_EXECUTABLE_HYDRAULICALLY_UNVALIDATED
C_28031,0.0,0.0,3.0479999622912146e-05,0,0,2005-07-26T00:15:00,ENGINE_EXECUTABLE_HYDRAULICALLY_UNVALIDATED
C_28032,0.0,0.0,3.0479999622912146e-05,0,0,2005-07-26T00:15:00,ENGINE_EXECUTABLE_HYDRAULICALLY_UNVALIDATED
C_28033,0.0,0.0,3.0479999622912146e-05,0,0,2005-07-26T00:15:00,ENGINE_EXECUTABLE_HYDRAULICALLY_UNVALIDATED
C_28034,0.0,0.0,3.0479999622912146e-05,0,0,2005-07-26T00:15:00,ENGINE_EXECUTABLE_HYDRAULICALLY_UNVALIDATED
C_28035,0.0,0.0,3.0479999622912146e-05,0,0,2005-07-26T00:15:00,ENGINE_EXECUTABLE_HYDRAULICALLY_UNVALIDATED
C_28036,0.0,0.0,3.0479999622912146e-05,0,0,2005-07-26T00:15:00,ENGINE_EXECUTABLE_HYDRAULICALLY_UNVALIDATED
C_28037,0.0,0.0,3.0479999622912146e-05,0,0,2005-07-26T00:15:00,ENGINE_EXECUTABLE_HYDRAULICALLY_UNVALIDATED
C_28038,0.0,0.0,3.0479999622912146e-05,0,0,2005-07-26T00:15:00,ENGINE_EXECUTABLE_HYDRAULICALLY_UNVALIDATED
C_28039,0.0,0.0,3.0479999622912146e-05,0,0,2005-07-26T00:15:00,ENGINE_EXECUTABLE_HYDRAULICALLY_UNVALIDATED
C_28040,0.0,0.0,3.0479999622912146e-05,0,0,2005-07-26T00:15:00,ENGINE_EXECUTABLE_HYDRAULICALLY_UNVALIDATED
C_28041,0.0,0.0,3.0479999622912146e-05,0,0,2005-07-26T00:15:00,ENGINE_EXECUTABLE_HYDRAULICALLY_UNVALIDATED
C_28042,0.0,0.0,3.0479999622912146e-05,0,0,2005-07-26T00:15:00,ENGINE_EXECUTABLE_HYDRAULICALLY_UNVALIDATED
C_28043,0.0,0.0,3.0479999622912146e-05,0,0,2005-07-26T00:15:00,ENGINE_EXECUTABLE_HYDRAULICALLY_UNVALIDATED
C_28044,0.0,0.0,3.0479999622912146e-05,0,0,2005-07-26T00:15:00,ENGINE_EXECUTABLE_HYDRAULICALLY_UNVALIDATED
C_28045,0.0,0.0,3.0479999622912146e-05,0,0,2005-07-26T00:15:00,ENGINE_EXECUTABLE_HYDRAULICALLY_UNVALIDATED
C_28046,0.0,0.0,3.0479999622912146e-05,0,0,2005-07-26T00:15:00,ENGINE_EXECUTABLE_HYDRAULICALLY_UNVALIDATED
C_28047,0.0,0.0,3.0479999622912146e-05,0,0,2005-07-26T00:15:00,ENGINE_EXECUTABLE_HYDRAULICALLY_UNVALIDATED
C_28048,0.0,0.0,3.0479999622912146e-05,0,0,2005-07-26T00:15:00,ENGINE_EXECUTABLE_HYDRAULICALLY_UNVALIDATED
C_28049,0.0,0.0,3.0479999622912146e-05,0,0,2005-07-26T00:15:00,ENGINE_EXECUTABLE_HYDRAULICALLY_UNVALIDATED
C_28052,0.40722063183784485,0.2664796710014343,0.38442713022232056,0,0,2005-07-26T10:30:00,ENGINE_EXECUTABLE_HYDRAULICALLY_UNVALIDATED
C_28053,1.4570510387420654,1.018510103225708,0.399714857339859,0,0,2005-07-26T10:45:00,ENGINE_EXECUTABLE_HYDRAULICALLY_UNVALIDATED
C_28054,1.1212092638015747,0.7120150327682495,0.4093925952911377,0,0,2005-07-26T10:30:00,ENGINE_EXECUTABLE_HYDRAULICALLY_UNVALIDATED
C_28055,0.7704038619995117,0.4845605194568634,0.3994389772415161,0,0,2005-07-26T10:30:00,ENGINE_EXECUTABLE_HYDRAULICALLY_UNVALIDATED
C_28056,0.7736692428588867,0.464567631483078,0.39195314049720764,0,0,2005-07-26T10:30:00,ENGINE_EXECUTABLE_HYDRAULICALLY_UNVALIDATED
C_28057,1.9277616739273071,0.647589921951294,1.0899295806884766,0,0,2005-07-26T10:45:00,ENGINE_EXECUTABLE_HYDRAULICALLY_UNVALIDATED
C_28058,1.9431347846984863,0.7464030385017395,0.9871782660484314,0,0,2005-07-26T10:45:00,ENGINE_EXECUTABLE_HYDRAULICALLY_UNVALIDATED
C_28059,1.6000192165374756,0.7480505704879761,0.7839422225952148,0,0,2005-07-26T10:45:00,ENGINE_EXECUTABLE_HYDRAULICALLY_UNVALIDATED
C_28060,1.451947569847107,1.131322979927063,0.4828910827636719,0,0,2005-07-26T10:30:00,ENGINE_EXECUTABLE_HYDRAULICALLY_UNVALIDATED
C_28061,2.0931131839752197,0.5251091718673706,1.2396924495697021,0,0,2005-07-26T10:45:00,ENGINE_EXECUTABLE_HYDRAULICALLY_UNVALIDATED
C_28062,31.86697006225586,1.3405150175094604,1.5846357345581055,0,0,2005-07-26T11:00:00,ENGINE_EXECUTABLE_HYDRAULICALLY_UNVALIDATED
C_28063,30.83793067932129,1.3056862354278564,1.5955332517623901,0,0,2005-07-26T11:00:00,ENGINE_EXECUTABLE_HYDRAULICALLY_UNVALIDATED
C_28064,30.940099716186523,1.3052078485488892,1.6039073467254639,0,0,2005-07-26T11:00:00,ENGINE_EXECUTABLE_HYDRAULICALLY_UNVALIDATED
C_28065,0.0,0.0,3.0479999622912146e-05,0,0,2005-07-26T00:15:00,ENGINE_EXECUTABLE_HYDRAULICALLY_UNVALIDATED
C_28066,0.0,0.0,3.0479999622912146e-05,0,0,2005-07-26T00:15:00,ENGINE_EXECUTABLE_HYDRAULICALLY_UNVALIDATED
C_28068,0.0,0.0,3.0479999622912146e-05,0,0,2005-07-26T00:15:00,ENGINE_EXECUTABLE_HYDRAULICALLY_UNVALIDATED
C_28071,0.13444849848747253,0.08925865590572357,0.3545069098472595,0,0,2005-07-26T10:45:00,ENGINE_EXECUTABLE_HYDRAULICALLY_UNVALIDATED
C_28072,0.3059791922569275,0.2165168970823288,0.3140069246292114,0,0,2005-07-26T10:45:00,ENGINE_EXECUTABLE_HYDRAULICALLY_UNVALIDATED
C_28073,0.4819794297218323,0.23716320097446442,0.2670578062534332,0,0,2005-07-26T10:45:00,ENGINE_EXECUTABLE_HYDRAULICALLY_UNVALIDATED
C_28074,0.4770796298980713,0.6480399966239929,0.18402665853500366,0,0,2005-07-26T10:45:00,ENGINE_EXECUTABLE_HYDRAULICALLY_UNVALIDATED
C_28075,0.2460789829492569,0.18967469036579132,0.3761473000049591,0,0,2005-07-26T10:30:00,ENGINE_EXECUTABLE_HYDRAULICALLY_UNVALIDATED
C_28076,0.24906741082668304,0.1068231612443924,0.3713454008102417,0,0,2005-07-26T10:30:00,ENGINE_EXECUTABLE_HYDRAULICALLY_UNVALIDATED
C_28079,0.13892805576324463,0.05411231517791748,0.3658201992511749,0,0,2005-07-26T10:45:00,ENGINE_EXECUTABLE_HYDRAULICALLY_UNVALIDATED
C_28080,31.206449508666992,1.2970799207687378,1.6151126623153687,0,0,2005-07-26T11:00:00,ENGINE_EXECUTABLE_HYDRAULICALLY_UNVALIDATED
C_28081,30.696041107177734,1.2896403074264526,1.624260425567627,0,0,2005-07-26T11:00:00,ENGINE_EXECUTABLE_HYDRAULICALLY_UNVALIDATED
C_28082,30.293888092041016,1.274328351020813,1.6276253461837769,0,0,2005-07-26T11:00:00,ENGINE_EXECUTABLE_HYDRAULICALLY_UNVALIDATED
C_28083,30.12465476989746,1.2680152654647827,1.6271833181381226,0,0,2005-07-26T11:00:00,ENGINE_EXECUTABLE_HYDRAULICALLY_UNVALIDATED
C_28084,30.13066291809082,1.2704176902770996,1.6220799684524536,0,0,2005-07-26T11:00:00,ENGINE_EXECUTABLE_HYDRAULICALLY_UNVALIDATED
C_28085,30.354007720947266,1.2719591856002808,1.6200544834136963,0,0,2005-07-26T11:00:00,ENGINE_EXECUTABLE_HYDRAULICALLY_UNVALIDATED
C_28087,0.4601702392101288,0.14905031025409698,1.3950334787368774,0,0,2005-07-26T10:45:00,ENGINE_EXECUTABLE_HYDRAULICALLY_UNVALIDATED
C_28089,0.4293448030948639,0.14069968461990356,1.3645098209381104,0,0,2005-07-26T10:45:00,ENGINE_EXECUTABLE_HYDRAULICALLY_UNVALIDATED
C_28090,30.159379959106445,1.265325903892517,1.6221452951431274,0,0,2005-07-26T11:00:00,ENGINE_EXECUTABLE_HYDRAULICALLY_UNVALIDATED
C_28091,29.97307586669922,1.250829815864563,1.6249911785125732,0,0,2005-07-26T11:00:00,ENGINE_EXECUTABLE_HYDRAULICALLY_UNVALIDATED
C_28092,29.360639572143555,1.2377034425735474,1.6237837076187134,0,0,2005-07-26T11:00:00,ENGINE_EXECUTABLE_HYDRAULICALLY_UNVALIDATED
C_28093,29.303380966186523,1.2418885231018066,1.6186062097549438,0,0,2005-07-26T10:45:00,ENGINE_EXECUTABLE_HYDRAULICALLY_UNVALIDATED
C_28094,29.32205581665039,1.245951533317566,1.613735556602478,0,0,2005-07-26T10:45:00,ENGINE_EXECUTABLE_HYDRAULICALLY_UNVALIDATED
C_28095,29.15361213684082,1.239495873451233,1.612298846244812,0,0,2005-07-26T10:45:00,ENGINE_EXECUTABLE_HYDRAULICALLY_UNVALIDATED
C_28096,29.115192413330078,1.2331860065460205,1.6133785247802734,0,0,2005-07-26T11:00:00,ENGINE_EXECUTABLE_HYDRAULICALLY_UNVALIDATED
C_28099,0.4056214392185211,0.1338639259338379,1.3409912586212158,0,0,2005-07-26T10:45:00,ENGINE_EXECUTABLE_HYDRAULICALLY_UNVALIDATED
C_28100,0.5745298862457275,0.21050502359867096,1.3219854831695557,0,0,2005-07-26T10:45:00,ENGINE_EXECUTABLE_HYDRAULICALLY_UNVALIDATED
C_28101,0.5543259978294373,0.20720122754573822,1.301997423171997,0,0,2005-07-26T10:45:00,ENGINE_EXECUTABLE_HYDRAULICALLY_UNVALIDATED
C_28102,29.028358459472656,1.2202692031860352,1.6150355339050293,0,0,2005-07-26T11:00:00,ENGINE_EXECUTABLE_HYDRAULICALLY_UNVALIDATED
C_28103,28.647964477539062,1.2071473598480225,1.6141160726547241,0,0,2005-07-26T11:00:00,ENGINE_EXECUTABLE_HYDRAULICALLY_UNVALIDATED
C_28104,28.396535873413086,1.2015063762664795,1.6115612983703613,0,0,2005-07-26T11:00:00,ENGINE_EXECUTABLE_HYDRAULICALLY_UNVALIDATED
C_28105,28.19696807861328,1.2005746364593506,1.6034845113754272,0,0,2005-07-26T11:00:00,ENGINE_EXECUTABLE_HYDRAULICALLY_UNVALIDATED
C_28106,28.106599807739258,1.199529767036438,1.5958342552185059,0,0,2005-07-26T11:00:00,ENGINE_EXECUTABLE_HYDRAULICALLY_UNVALIDATED
C_28108,0.5277875065803528,0.20197273790836334,1.2765198945999146,0,0,2005-07-26T10:45:00,ENGINE_EXECUTABLE_HYDRAULICALLY_UNVALIDATED
C_28111,0.4741804599761963,0.18894141912460327,1.225013017654419,0,0,2005-07-26T10:45:00,ENGINE_EXECUTABLE_HYDRAULICALLY_UNVALIDATED
C_28112,27.837779998779297,1.1858607530593872,1.5947078466415405,0,0,2005-07-26T11:00:00,ENGINE_EXECUTABLE_HYDRAULICALLY_UNVALIDATED
C_28113,27.774822235107422,1.1893128156661987,1.592348575592041,0,0,2005-07-26T10:45:00,ENGINE_EXECUTABLE_HYDRAULICALLY_UNVALIDATED
C_28114,27.476058959960938,1.177333116531372,1.5890867710113525,0,0,2005-07-26T10:45:00,ENGINE_EXECUTABLE_HYDRAULICALLY_UNVALIDATED
C_28115,28.502487182617188,1.18934166431427,1.5974838733673096,0,0,2005-07-26T11:00:00,ENGINE_EXECUTABLE_HYDRAULICALLY_UNVALIDATED
C_28120,0.5439072251319885,0.27109095454216003,1.1299920082092285,0,0,2005-07-26T10:45:00,ENGINE_EXECUTABLE_HYDRAULICALLY_UNVALIDATED
C_28122,0.43039000034332275,0.263357013463974,1.0074721574783325,0,0,2005-07-26T11:00:00,ENGINE_EXECUTABLE_HYDRAULICALLY_UNVALIDATED
C_28125,7.149909496307373,0.892266571521759,1.1588635444641113,0,0,2005-07-26T10:45:00,ENGINE_EXECUTABLE_HYDRAULICALLY_UNVALIDATED
C_28126,5.294846534729004,1.6595451831817627,0.6505352854728699,0,0,2005-07-26T10:45:00,ENGINE_EXECUTABLE_HYDRAULICALLY_UNVALIDATED
C_28127,5.474261283874512,1.49270761013031,0.7774029970169067,0,0,2005-07-26T10:45:00,ENGINE_EXECUTABLE_HYDRAULICALLY_UNVALIDATED
C_28128,6.223137855529785,1.2723689079284668,0.9048259854316711,0,0,2005-07-26T10:45:00,ENGINE_EXECUTABLE_HYDRAULICALLY_UNVALIDATED
C_28129,6.3990936279296875,1.1023199558258057,1.0320250988006592,0,0,2005-07-26T10:45:00,ENGINE_EXECUTABLE_HYDRAULICALLY_UNVALIDATED
C_28130,7.13617467880249,0.7413730621337891,1.2777832746505737,0,0,2005-07-26T10:45:00,ENGINE_EXECUTABLE_HYDRAULICALLY_UNVALIDATED
C_28131,7.308279991149902,1.0219264030456543,1.3530734777450562,0,0,2005-07-26T10:45:00,ENGINE_EXECUTABLE_HYDRAULICALLY_UNVALIDATED
C_28132,7.838874340057373,0.8349795341491699,1.3764584064483643,0,0,2005-07-26T10:45:00,ENGINE_EXECUTABLE_HYDRAULICALLY_UNVALIDATED
C_28133,8.158204078674316,0.4694659113883972,1.4455077648162842,0,0,2005-07-26T10:45:00,ENGINE_EXECUTABLE_HYDRAULICALLY_UNVALIDATED
C_28134,2.5001301765441895,0.31048938632011414,1.3699994087219238,0,0,2005-07-26T11:45:00,ENGINE_EXECUTABLE_HYDRAULICALLY_UNVALIDATED
C_28135,7.500280857086182,0.6648446917533875,1.1279996633529663,0,0,2005-07-26T10:45:00,ENGINE_EXECUTABLE_HYDRAULICALLY_UNVALIDATED
C_28136,7.497274875640869,1.3865140676498413,1.1263920068740845,0,0,2005-07-26T10:45:00,ENGINE_EXECUTABLE_HYDRAULICALLY_UNVALIDATED
C_28137,7.485062599182129,1.4345688819885254,1.0868871212005615,0,0,2005-07-26T10:45:00,ENGINE_EXECUTABLE_HYDRAULICALLY_UNVALIDATED
C_28138,8.048839569091797,0.6997038722038269,1.1296758651733398,0,0,2005-07-26T10:45:00,ENGINE_EXECUTABLE_HYDRAULICALLY_UNVALIDATED
C_28139,9.55285358428955,1.1388574838638306,1.5423455238342285,0,0,2005-07-26T10:45:00,ENGINE_EXECUTABLE_HYDRAULICALLY_UNVALIDATED
C_28140,9.915903091430664,1.1802093982696533,1.547742486000061,0,0,2005-07-26T10:45:00,ENGINE_EXECUTABLE_HYDRAULICALLY_UNVALIDATED
C_28141,8.435978889465332,0.8770654797554016,0.9595683217048645,0,0,2005-07-26T10:45:00,ENGINE_EXECUTABLE_HYDRAULICALLY_UNVALIDATED
C_28142,9.044029235839844,1.0962085723876953,1.5138989686965942,0,0,2005-07-26T10:45:00,ENGINE_EXECUTABLE_HYDRAULICALLY_UNVALIDATED
C_28143,7.827443599700928,1.2410997152328491,0.9701783061027527,0,0,2005-07-26T10:45:00,ENGINE_EXECUTABLE_HYDRAULICALLY_UNVALIDATED
C_28144,7.822619915008545,1.2508093118667603,0.9620538949966431,0,0,2005-07-26T10:45:00,ENGINE_EXECUTABLE_HYDRAULICALLY_UNVALIDATED
C_28145,9.034409523010254,1.0898997783660889,1.5209027528762817,0,0,2005-07-26T10:45:00,ENGINE_EXECUTABLE_HYDRAULICALLY_UNVALIDATED
C_28146,7.811922073364258,0.8649744987487793,0.9545860290527344,0,0,2005-07-26T10:45:00,ENGINE_EXECUTABLE_HYDRAULICALLY_UNVALIDATED
C_28147,9.201791763305664,1.104482889175415,1.5286121368408203,0,0,2005-07-26T10:45:00,ENGINE_EXECUTABLE_HYDRAULICALLY_UNVALIDATED
C_28148,8.149896621704102,0.8629802465438843,0.9567219018936157,0,0,2005-07-26T10:45:00,ENGINE_EXECUTABLE_HYDRAULICALLY_UNVALIDATED
C_28149,9.375481605529785,1.1212958097457886,1.5357394218444824,0,0,2005-07-26T10:45:00,ENGINE_EXECUTABLE_HYDRAULICALLY_UNVALIDATED
C_28150,8.128366470336914,0.8709233403205872,0.9600828289985657,0,0,2005-07-26T10:45:00,ENGINE_EXECUTABLE_HYDRAULICALLY_UNVALIDATED
C_28151,8.286809921264648,0.8825116753578186,0.9600755572319031,0,0,2005-07-26T10:45:00,ENGINE_EXECUTABLE_HYDRAULICALLY_UNVALIDATED
C_28152,7.659888744354248,1.2186721563339233,1.0474565029144287,0,0,2005-07-26T10:45:00,ENGINE_EXECUTABLE_HYDRAULICALLY_UNVALIDATED
C_28153,7.843212127685547,1.2529250383377075,1.0432040691375732,0,0,2005-07-26T10:45:00,ENGINE_EXECUTABLE_HYDRAULICALLY_UNVALIDATED
C_28154,7.839775085449219,1.687363862991333,1.0323667526245117,0,0,2005-07-26T10:45:00,ENGINE_EXECUTABLE_HYDRAULICALLY_UNVALIDATED
C_28155,7.836048126220703,1.7137157917022705,1.016008734703064,0,0,2005-07-26T10:45:00,ENGINE_EXECUTABLE_HYDRAULICALLY_UNVALIDATED
C_28156,7.831515312194824,1.4924317598342896,0.9899815320968628,0,0,2005-07-26T10:45:00,ENGINE_EXECUTABLE_HYDRAULICALLY_UNVALIDATED
C_28157,8.061113357543945,0.9518251419067383,1.1392666101455688,0,0,2005-07-26T10:45:00,ENGINE_EXECUTABLE_HYDRAULICALLY_UNVALIDATED
C_28158,8.073996543884277,0.928912878036499,1.154477834701538,0,0,2005-07-26T10:45:00,ENGINE_EXECUTABLE_HYDRAULICALLY_UNVALIDATED
C_28159,7.899385929107666,0.9048641920089722,1.1686601638793945,0,0,2005-07-26T10:45:00,ENGINE_EXECUTABLE_HYDRAULICALLY_UNVALIDATED
C_28160,7.917769432067871,0.8735153079032898,1.178269624710083,15,0,2005-07-26T10:45:00,ENGINE_EXECUTABLE_HYDRAULICALLY_UNVALIDATED
C_28161,7.539795398712158,0.8989982008934021,1.1360000371932983,15,15,2005-07-26T10:45:00,ENGINE_EXECUTABLE_HYDRAULICALLY_UNVALIDATED
C_28162,10.599564552307129,1.2619812488555908,1.5611512660980225,0,0,2005-07-26T10:45:00,ENGINE_EXECUTABLE_HYDRAULICALLY_UNVALIDATED
C_28163,10.765633583068848,1.2856090068817139,1.5614933967590332,0,0,2005-07-26T10:45:00,ENGINE_EXECUTABLE_HYDRAULICALLY_UNVALIDATED
C_28164,11.124824523925781,1.3344786167144775,1.5607035160064697,0,0,2005-07-26T10:45:00,ENGINE_EXECUTABLE_HYDRAULICALLY_UNVALIDATED
C_28165,8.918527603149414,1.0244697332382202,0.9432184100151062,0,0,2005-07-26T10:45:00,ENGINE_EXECUTABLE_HYDRAULICALLY_UNVALIDATED
C_28166,11.293561935424805,1.3630471229553223,1.558814525604248,0,0,2005-07-26T10:45:00,ENGINE_EXECUTABLE_HYDRAULICALLY_UNVALIDATED
C_28167,8.877044677734375,1.0342371463775635,0.9455319046974182,0,0,2005-07-26T10:45:00,ENGINE_EXECUTABLE_HYDRAULICALLY_UNVALIDATED
C_28168,10.076140403747559,1.1967355012893677,1.5169999599456787,30,15,2005-07-26T10:45:00,ENGINE_EXECUTABLE_HYDRAULICALLY_UNVALIDATED
C_28169,10.249767303466797,1.2172120809555054,1.5575463771820068,0,0,2005-07-26T10:45:00,ENGINE_EXECUTABLE_HYDRAULICALLY_UNVALIDATED
C_28170,8.706823348999023,0.9205027222633362,0.9507864117622375,0,0,2005-07-26T10:45:00,ENGINE_EXECUTABLE_HYDRAULICALLY_UNVALIDATED
C_28171,10.615193367004395,1.262252688407898,1.559867024421692,0,0,2005-07-26T10:45:00,ENGINE_EXECUTABLE_HYDRAULICALLY_UNVALIDATED
C_28172,8.673600196838379,0.9548729658126831,0.9539592266082764,0,0,2005-07-26T10:45:00,ENGINE_EXECUTABLE_HYDRAULICALLY_UNVALIDATED
C_28173,8.822122573852539,0.9741601943969727,0.9557576179504395,0,0,2005-07-26T10:45:00,ENGINE_EXECUTABLE_HYDRAULICALLY_UNVALIDATED
C_28174,8.95711612701416,1.0214349031448364,0.9496237635612488,0,0,2005-07-26T10:45:00,ENGINE_EXECUTABLE_HYDRAULICALLY_UNVALIDATED
C_28175,10.09259033203125,1.200154185295105,1.551972508430481,0,0,2005-07-26T10:45:00,ENGINE_EXECUTABLE_HYDRAULICALLY_UNVALIDATED
C_28176,8.405694007873535,0.8833608627319336,0.9529248476028442,0,0,2005-07-26T10:45:00,ENGINE_EXECUTABLE_HYDRAULICALLY_UNVALIDATED
C_28177,8.554306983947754,0.8873010277748108,0.9468581080436707,0,0,2005-07-26T10:45:00,ENGINE_EXECUTABLE_HYDRAULICALLY_UNVALIDATED
C_28178,7.558069705963135,0.7926042079925537,1.2011439800262451,15,0,2005-07-26T10:45:00,ENGINE_EXECUTABLE_HYDRAULICALLY_UNVALIDATED
C_28179,7.378493309020996,0.7859594821929932,1.213396430015564,0,0,2005-07-26T10:45:00,ENGINE_EXECUTABLE_HYDRAULICALLY_UNVALIDATED
C_28180,7.201204776763916,0.7856353521347046,1.222009301185608,0,0,2005-07-26T10:45:00,ENGINE_EXECUTABLE_HYDRAULICALLY_UNVALIDATED
C_28181,7.033312797546387,0.7637190222740173,1.2295036315917969,0,0,2005-07-26T10:45:00,ENGINE_EXECUTABLE_HYDRAULICALLY_UNVALIDATED
C_28182,11.393479347229004,1.3922737836837769,1.593932867050171,0,0,2005-07-26T10:45:00,ENGINE_EXECUTABLE_HYDRAULICALLY_UNVALIDATED
C_28183,11.5582275390625,1.4539101123809814,1.5971367359161377,0,0,2005-07-26T10:45:00,ENGINE_EXECUTABLE_HYDRAULICALLY_UNVALIDATED
C_28184,8.974871635437012,0.7720324397087097,1.2815523147583008,0,0,2005-07-26T10:45:00,ENGINE_EXECUTABLE_HYDRAULICALLY_UNVALIDATED
C_28185,11.714866638183594,1.5312474966049194,1.603182077407837,0,0,2005-07-26T10:45:00,ENGINE_EXECUTABLE_HYDRAULICALLY_UNVALIDATED
C_28186,8.918374061584473,0.6918762922286987,1.4018833637237549,0,0,2005-07-26T10:45:00,ENGINE_EXECUTABLE_HYDRAULICALLY_UNVALIDATED
C_28187,11.695694923400879,1.5807855129241943,1.607628345489502,0,0,2005-07-26T10:45:00,ENGINE_EXECUTABLE_HYDRAULICALLY_UNVALIDATED
C_28188,8.858728408813477,0.5888556241989136,1.5339263677597046,0,0,2005-07-26T10:45:00,ENGINE_EXECUTABLE_HYDRAULICALLY_UNVALIDATED
C_28189,16.732681274414062,0.6977981925010681,1.604767918586731,0,0,2005-07-26T11:00:00,ENGINE_EXECUTABLE_HYDRAULICALLY_UNVALIDATED
C_28190,11.270415306091309,1.3693253993988037,1.5630192756652832,0,0,2005-07-26T10:45:00,ENGINE_EXECUTABLE_HYDRAULICALLY_UNVALIDATED
C_28191,11.437119483947754,1.401015281677246,1.5649774074554443,0,0,2005-07-26T10:45:00,ENGINE_EXECUTABLE_HYDRAULICALLY_UNVALIDATED
C_28192,8.981903076171875,1.2261735200881958,0.9286080002784729,0,0,2005-07-26T10:45:00,ENGINE_EXECUTABLE_HYDRAULICALLY_UNVALIDATED
C_28193,11.421615600585938,1.3979512453079224,1.5733329057693481,0,0,2005-07-26T10:45:00,ENGINE_EXECUTABLE_HYDRAULICALLY_UNVALIDATED
C_28194,8.923117637634277,0.9973271489143372,0.9342027306556702,0,0,2005-07-26T10:45:00,ENGINE_EXECUTABLE_HYDRAULICALLY_UNVALIDATED
C_28195,11.409828186035156,1.385825514793396,1.5864603519439697,0,0,2005-07-26T10:45:00,ENGINE_EXECUTABLE_HYDRAULICALLY_UNVALIDATED
C_28196,8.901476860046387,0.7866465449333191,1.0280482769012451,0,0,2005-07-26T10:45:00,ENGINE_EXECUTABLE_HYDRAULICALLY_UNVALIDATED
C_28197,9.019346237182617,0.8895431756973267,1.1678069829940796,0,0,2005-07-26T10:45:00,ENGINE_EXECUTABLE_HYDRAULICALLY_UNVALIDATED
C_28198,9.01391315460205,1.092061161994934,0.9409320950508118,0,0,2005-07-26T10:45:00,ENGINE_EXECUTABLE_HYDRAULICALLY_UNVALIDATED
C_28199,6.66552734375,0.8836511373519897,1.2403101921081543,0,0,2005-07-26T10:45:00,ENGINE_EXECUTABLE_HYDRAULICALLY_UNVALIDATED
C_28200,6.674185752868652,0.7106443643569946,1.2500309944152832,0,0,2005-07-26T10:45:00,ENGINE_EXECUTABLE_HYDRAULICALLY_UNVALIDATED
C_28201,6.497100830078125,0.690871000289917,1.2551075220108032,0,0,2005-07-26T10:45:00,ENGINE_EXECUTABLE_HYDRAULICALLY_UNVALIDATED
C_28202,6.50570011138916,0.6954619884490967,1.2601391077041626,0,0,2005-07-26T10:45:00,ENGINE_EXECUTABLE_HYDRAULICALLY_UNVALIDATED
C_28203,6.512631893157959,0.6687527298927307,1.2636168003082275,0,0,2005-07-26T10:45:00,ENGINE_EXECUTABLE_HYDRAULICALLY_UNVALIDATED
C_28204,8.77305793762207,0.47144731879234314,1.6006826162338257,0,0,2005-07-26T11:15:00,ENGINE_EXECUTABLE_HYDRAULICALLY_UNVALIDATED
C_28205,8.400347709655762,0.4325573146343231,1.599487066268921,0,0,2005-07-26T11:00:00,ENGINE_EXECUTABLE_HYDRAULICALLY_UNVALIDATED
C_28206,8.649046897888184,0.4521210193634033,1.6006183624267578,0,0,2005-07-26T11:15:00,ENGINE_EXECUTABLE_HYDRAULICALLY_UNVALIDATED
C_28207,8.647653579711914,0.45185959339141846,1.6016649007797241,0,0,2005-07-26T11:15:00,ENGINE_EXECUTABLE_HYDRAULICALLY_UNVALIDATED
C_28208,8.495192527770996,0.4429677128791809,1.6030296087265015,0,0,2005-07-26T11:15:00,ENGINE_EXECUTABLE_HYDRAULICALLY_UNVALIDATED
C_28209,8.405734062194824,0.4387427270412445,1.602538824081421,0,0,2005-07-26T11:15:00,ENGINE_EXECUTABLE_HYDRAULICALLY_UNVALIDATED
C_28210,8.405048370361328,0.4395843744277954,1.5992637872695923,0,0,2005-07-26T11:15:00,ENGINE_EXECUTABLE_HYDRAULICALLY_UNVALIDATED
C_28211,8.365034103393555,0.5718662738800049,1.6019879579544067,0,0,2005-07-26T11:15:00,ENGINE_EXECUTABLE_HYDRAULICALLY_UNVALIDATED
C_28212,0.0,0.0,3.0479999622912146e-05,0,0,2005-07-26T00:15:00,ENGINE_EXECUTABLE_HYDRAULICALLY_UNVALIDATED
C_28213,0.12361515313386917,0.25600293278694153,0.12070310115814209,0,0,2005-07-26T10:45:00,ENGINE_EXECUTABLE_HYDRAULICALLY_UNVALIDATED
C_28214,0.0,0.0,3.0479999622912146e-05,0,0,2005-07-26T00:15:00,ENGINE_EXECUTABLE_HYDRAULICALLY_UNVALIDATED
C_28215,0.06284955888986588,0.1228150725364685,0.12792110443115234,0,0,2005-07-26T10:45:00,ENGINE_EXECUTABLE_HYDRAULICALLY_UNVALIDATED
C_28216,8.507340431213379,0.5632928609848022,1.6081560850143433,0,0,2005-07-26T11:15:00,ENGINE_EXECUTABLE_HYDRAULICALLY_UNVALIDATED
C_28217,7.662112236022949,0.5218355655670166,1.6091289520263672,0,0,2005-07-26T11:15:00,ENGINE_EXECUTABLE_HYDRAULICALLY_UNVALIDATED
C_28218,7.905916213989258,0.5109423398971558,1.610076904296875,0,0,2005-07-26T11:15:00,ENGINE_EXECUTABLE_HYDRAULICALLY_UNVALIDATED
C_28219,7.3563337326049805,0.45843878388404846,1.6091426610946655,0,0,2005-07-26T11:15:00,ENGINE_EXECUTABLE_HYDRAULICALLY_UNVALIDATED
C_28220,6.872401714324951,0.42557960748672485,1.6078758239746094,0,0,2005-07-26T11:00:00,ENGINE_EXECUTABLE_HYDRAULICALLY_UNVALIDATED
C_28221,7.145071983337402,0.44334256649017334,1.6075818538665771,0,0,2005-07-26T11:15:00,ENGINE_EXECUTABLE_HYDRAULICALLY_UNVALIDATED
C_28222,0.18273119628429413,0.1643783450126648,0.11115262657403946,0,0,2005-07-26T10:45:00,ENGINE_EXECUTABLE_HYDRAULICALLY_UNVALIDATED
C_28223,0.6274165511131287,0.3585743010044098,0.1749558448791504,0,0,2005-07-26T10:45:00,ENGINE_EXECUTABLE_HYDRAULICALLY_UNVALIDATED
C_28224,0.1825697124004364,0.16416501998901367,0.11119870841503143,0,0,2005-07-26T10:45:00,ENGINE_EXECUTABLE_HYDRAULICALLY_UNVALIDATED
C_28225,0.6273998022079468,0.3601037561893463,0.1742081195116043,0,0,2005-07-26T10:45:00,ENGINE_EXECUTABLE_HYDRAULICALLY_UNVALIDATED
C_28226,0.1821354180574417,0.16961166262626648,0.10737182199954987,0,0,2005-07-26T10:45:00,ENGINE_EXECUTABLE_HYDRAULICALLY_UNVALIDATED
C_28227,0.6273142695426941,0.40965256094932556,0.15311621129512787,0,0,2005-07-26T10:45:00,ENGINE_EXECUTABLE_HYDRAULICALLY_UNVALIDATED
C_28228,0.37055471539497375,0.43374550342559814,0.0854218527674675,0,0,2005-07-26T10:45:00,ENGINE_EXECUTABLE_HYDRAULICALLY_UNVALIDATED
C_28229,0.6272432208061218,0.5714753866195679,0.10974634438753128,0,0,2005-07-26T10:45:00,ENGINE_EXECUTABLE_HYDRAULICALLY_UNVALIDATED
C_28230,0.3705187439918518,0.5131602883338928,0.05553482845425606,0,0,2005-07-26T10:45:00,ENGINE_EXECUTABLE_HYDRAULICALLY_UNVALIDATED
C_28231,0.6272194981575012,0.6474765539169312,0.07450815290212631,0,0,2005-07-26T10:45:00,ENGINE_EXECUTABLE_HYDRAULICALLY_UNVALIDATED
C_28232,0.0,0.0,3.0479999622912146e-05,0,0,2005-07-26T00:15:00,ENGINE_EXECUTABLE_HYDRAULICALLY_UNVALIDATED
C_28233,0.2517610192298889,0.6192541122436523,0.10162749886512756,0,0,2005-07-26T10:45:00,ENGINE_EXECUTABLE_HYDRAULICALLY_UNVALIDATED
C_28234,0.006120794918388128,0.007091492880135775,0.1041703075170517,0,0,2005-07-26T10:45:00,ENGINE_EXECUTABLE_HYDRAULICALLY_UNVALIDATED
C_28235,0.2517057955265045,0.14544884860515594,0.19657571613788605,0,0,2005-07-26T10:45:00,ENGINE_EXECUTABLE_HYDRAULICALLY_UNVALIDATED
C_28236,0.08937567472457886,0.20663990080356598,0.11302817612886429,0,0,2005-07-26T10:15:00,ENGINE_EXECUTABLE_HYDRAULICALLY_UNVALIDATED
C_28237,0.6276184916496277,0.3203660249710083,0.19588488340377808,0,0,2005-07-26T10:45:00,ENGINE_EXECUTABLE_HYDRAULICALLY_UNVALIDATED
C_28238,0.08897098898887634,0.02430296130478382,0.691964864730835,0,0,2005-07-26T10:15:00,ENGINE_EXECUTABLE_HYDRAULICALLY_UNVALIDATED
C_28239,0.3761303722858429,0.03202836215496063,0.782823920249939,0,0,2005-07-26T10:45:00,ENGINE_EXECUTABLE_HYDRAULICALLY_UNVALIDATED
C_28240,0.18367865681648254,0.16204024851322174,0.11334110051393509,0,0,2005-07-26T10:45:00,ENGINE_EXECUTABLE_HYDRAULICALLY_UNVALIDATED
C_28241,0.6275011897087097,0.34342101216316223,0.18270033597946167,0,0,2005-07-26T10:45:00,ENGINE_EXECUTABLE_HYDRAULICALLY_UNVALIDATED
C_28242,0.18317314982414246,0.1639082133769989,0.11174105107784271,0,0,2005-07-26T10:45:00,ENGINE_EXECUTABLE_HYDRAULICALLY_UNVALIDATED
C_28243,0.627455472946167,0.35387861728668213,0.17728835344314575,0,0,2005-07-26T10:45:00,ENGINE_EXECUTABLE_HYDRAULICALLY_UNVALIDATED
C_28244,0.182924285531044,0.16381162405014038,0.11165503412485123,0,0,2005-07-26T10:45:00,ENGINE_EXECUTABLE_HYDRAULICALLY_UNVALIDATED
C_28245,0.6274343132972717,0.35588589310646057,0.17628248035907745,0,0,2005-07-26T10:45:00,ENGINE_EXECUTABLE_HYDRAULICALLY_UNVALIDATED
C_28246,6.939590930938721,0.4456341862678528,1.6078587770462036,0,0,2005-07-26T11:15:00,ENGINE_EXECUTABLE_HYDRAULICALLY_UNVALIDATED
C_28247,6.772608757019043,0.42796072363853455,1.6075752973556519,0,0,2005-07-26T11:15:00,ENGINE_EXECUTABLE_HYDRAULICALLY_UNVALIDATED
C_28248,6.809053421020508,0.32122349739074707,1.6068689823150635,0,0,2005-07-26T11:15:00,ENGINE_EXECUTABLE_HYDRAULICALLY_UNVALIDATED
C_28249,6.5324931144714355,0.3165092468261719,1.605574369430542,0,0,2005-07-26T11:15:00,ENGINE_EXECUTABLE_HYDRAULICALLY_UNVALIDATED
C_28250,6.198901653289795,0.4099854826927185,1.6046161651611328,0,0,2005-07-26T11:15:00,ENGINE_EXECUTABLE_HYDRAULICALLY_UNVALIDATED
C_28251,5.9474968910217285,0.3908689320087433,1.6032447814941406,0,0,2005-07-26T11:15:00,ENGINE_EXECUTABLE_HYDRAULICALLY_UNVALIDATED
C_28252,5.7174973487854,0.4049566090106964,1.6013925075531006,0,0,2005-07-26T11:15:00,ENGINE_EXECUTABLE_HYDRAULICALLY_UNVALIDATED
C_28253,2.9048349857330322,0.145478755235672,1.6002535820007324,0,0,2005-07-26T10:45:00,ENGINE_EXECUTABLE_HYDRAULICALLY_UNVALIDATED
C_28254,2.87947416305542,0.14387406408786774,1.601595163345337,0,0,2005-07-26T11:00:00,ENGINE_EXECUTABLE_HYDRAULICALLY_UNVALIDATED
C_28255,3.036942720413208,0.15187250077724457,1.6024566888809204,0,0,2005-07-26T10:45:00,ENGINE_EXECUTABLE_HYDRAULICALLY_UNVALIDATED
C_28256,3.0228610038757324,0.1496642678976059,1.6036765575408936,0,0,2005-07-26T11:00:00,ENGINE_EXECUTABLE_HYDRAULICALLY_UNVALIDATED
C_28257,3.2814881801605225,0.16373088955879211,1.6055452823638916,0,0,2005-07-26T10:45:00,ENGINE_EXECUTABLE_HYDRAULICALLY_UNVALIDATED
C_28258,3.2652745246887207,0.1611730307340622,1.6066402196884155,0,0,2005-07-26T11:00:00,ENGINE_EXECUTABLE_HYDRAULICALLY_UNVALIDATED
C_28259,3.2522943019866943,0.15865236520767212,1.6093721389770508,0,0,2005-07-26T11:00:00,ENGINE_EXECUTABLE_HYDRAULICALLY_UNVALIDATED
C_28260,2.4734058380126953,0.12426276504993439,1.5950126647949219,0,0,2005-07-26T10:45:00,ENGINE_EXECUTABLE_HYDRAULICALLY_UNVALIDATED
C_28261,2.185558795928955,0.10999259352684021,1.5920064449310303,0,0,2005-07-26T10:45:00,ENGINE_EXECUTABLE_HYDRAULICALLY_UNVALIDATED
C_28262,2.7639784812927246,0.1385853886604309,1.5983723402023315,0,0,2005-07-26T10:45:00,ENGINE_EXECUTABLE_HYDRAULICALLY_UNVALIDATED
C_28263,2.254472494125366,0.11360670626163483,1.5896803140640259,0,0,2005-07-26T10:45:00,ENGINE_EXECUTABLE_HYDRAULICALLY_UNVALIDATED
C_28264,0.16582447290420532,0.0119634373113513,1.577404260635376,0,0,2005-07-26T10:45:00,ENGINE_EXECUTABLE_HYDRAULICALLY_UNVALIDATED
C_28265,0.32676759362220764,0.02310524880886078,1.5808663368225098,0,0,2005-07-26T11:15:00,ENGINE_EXECUTABLE_HYDRAULICALLY_UNVALIDATED
C_28266,0.33585822582244873,0.028228625655174255,1.5830469131469727,0,0,2005-07-26T11:15:00,ENGINE_EXECUTABLE_HYDRAULICALLY_UNVALIDATED
C_28267,2.322535991668701,0.11721381545066833,1.586921215057373,0,0,2005-07-26T10:45:00,ENGINE_EXECUTABLE_HYDRAULICALLY_UNVALIDATED
C_28268,2.3694114685058594,0.1212693378329277,1.5844767093658447,0,0,2005-07-26T10:45:00,ENGINE_EXECUTABLE_HYDRAULICALLY_UNVALIDATED
C_28273,5.703360080718994,0.36363160610198975,1.6002051830291748,0,0,2005-07-26T11:15:00,ENGINE_EXECUTABLE_HYDRAULICALLY_UNVALIDATED
C_28274,5.620367050170898,0.5089412331581116,1.599664568901062,0,0,2005-07-26T11:15:00,ENGINE_EXECUTABLE_HYDRAULICALLY_UNVALIDATED
C_28275,4.848517894744873,0.673065185546875,1.6006300449371338,0,0,2005-07-26T11:00:00,ENGINE_EXECUTABLE_HYDRAULICALLY_UNVALIDATED
C_28276,4.7195024490356445,0.6800214052200317,1.6122400760650635,0,0,2005-07-26T11:15:00,ENGINE_EXECUTABLE_HYDRAULICALLY_UNVALIDATED
C_28277,4.667502403259277,0.2849172353744507,1.6193279027938843,0,0,2005-07-26T11:00:00,ENGINE_EXECUTABLE_HYDRAULICALLY_UNVALIDATED
C_28278,1.4711028337478638,0.18050812184810638,1.3729792833328247,0,0,2005-07-26T10:15:00,ENGINE_EXECUTABLE_HYDRAULICALLY_UNVALIDATED
C_28279,1.4518933296203613,0.1808445006608963,1.365767240524292,0,0,2005-07-26T10:15:00,ENGINE_EXECUTABLE_HYDRAULICALLY_UNVALIDATED
C_28280,4.848786354064941,0.2855994999408722,1.6167317628860474,0,0,2005-07-26T11:00:00,ENGINE_EXECUTABLE_HYDRAULICALLY_UNVALIDATED
C_28281,4.746177673339844,0.2827226221561432,1.6174147129058838,0,0,2005-07-26T11:00:00,ENGINE_EXECUTABLE_HYDRAULICALLY_UNVALIDATED
C_28282,4.591821193695068,0.276244193315506,1.6161489486694336,0,0,2005-07-26T11:00:00,ENGINE_EXECUTABLE_HYDRAULICALLY_UNVALIDATED
C_28283,3.2680234909057617,0.15592223405838013,1.6120755672454834,0,0,2005-07-26T11:00:00,ENGINE_EXECUTABLE_HYDRAULICALLY_UNVALIDATED
C_28284,4.434610843658447,0.2707360088825226,1.6148699522018433,0,0,2005-07-26T11:00:00,ENGINE_EXECUTABLE_HYDRAULICALLY_UNVALIDATED
C_28285,3.2716965675354004,0.15595537424087524,1.6135445833206177,0,0,2005-07-26T11:00:00,ENGINE_EXECUTABLE_HYDRAULICALLY_UNVALIDATED
C_28286,1.1551200151443481,0.8464505076408386,0.7685586214065552,0,0,2005-07-26T11:00:00,ENGINE_EXECUTABLE_HYDRAULICALLY_UNVALIDATED
C_28287,1.1583186388015747,0.6543640494346619,0.7323034405708313,0,0,2005-07-26T11:00:00,ENGINE_EXECUTABLE_HYDRAULICALLY_UNVALIDATED
C_28288,1.1619126796722412,0.6351221799850464,0.7265461683273315,0,0,2005-07-26T11:00:00,ENGINE_EXECUTABLE_HYDRAULICALLY_UNVALIDATED
C_28289,1.166438102722168,0.6295174956321716,0.714308500289917,0,0,2005-07-26T11:00:00,ENGINE_EXECUTABLE_HYDRAULICALLY_UNVALIDATED
C_28290,1.1779128313064575,0.5817216634750366,0.7025967836380005,0,0,2005-07-26T11:00:00,ENGINE_EXECUTABLE_HYDRAULICALLY_UNVALIDATED
C_28291,1.0248825550079346,0.45687365531921387,0.6985954642295837,0,0,2005-07-26T11:00:00,ENGINE_EXECUTABLE_HYDRAULICALLY_UNVALIDATED
C_28292,2.2230379581451416,0.9179713726043701,1.1048568487167358,0,0,2005-07-26T10:45:00,ENGINE_EXECUTABLE_HYDRAULICALLY_UNVALIDATED
C_28293,2.2592520713806152,0.9262086749076843,0.9578964710235596,0,0,2005-07-26T10:45:00,ENGINE_EXECUTABLE_HYDRAULICALLY_UNVALIDATED
C_28294,2.1043906211853027,0.8041643500328064,0.9034960269927979,0,0,2005-07-26T10:45:00,ENGINE_EXECUTABLE_HYDRAULICALLY_UNVALIDATED
C_28297,1.935835361480713,0.64761883020401,0.8933315277099609,0,0,2005-07-26T10:45:00,ENGINE_EXECUTABLE_HYDRAULICALLY_UNVALIDATED
C_28298,1.308675765991211,0.1649351567029953,1.3592575788497925,0,0,2005-07-26T10:15:00,ENGINE_EXECUTABLE_HYDRAULICALLY_UNVALIDATED
C_28299,1.1554516553878784,0.14744997024536133,1.3512792587280273,0,0,2005-07-26T10:15:00,ENGINE_EXECUTABLE_HYDRAULICALLY_UNVALIDATED
C_28300,1.1749240159988403,0.1517455279827118,1.3436871767044067,0,0,2005-07-26T10:15:00,ENGINE_EXECUTABLE_HYDRAULICALLY_UNVALIDATED
C_28301,1.166678547859192,0.15272095799446106,1.3372013568878174,0,0,2005-07-26T10:15:00,ENGINE_EXECUTABLE_HYDRAULICALLY_UNVALIDATED
C_28302,0.8790028095245361,0.3699030578136444,0.6971949338912964,0,0,2005-07-26T10:30:00,ENGINE_EXECUTABLE_HYDRAULICALLY_UNVALIDATED
C_28303,0.9190096855163574,0.3638298511505127,0.6932960152626038,0,0,2005-07-26T10:30:00,ENGINE_EXECUTABLE_HYDRAULICALLY_UNVALIDATED
C_28304,0.5843562483787537,0.24010294675827026,0.6802132725715637,0,0,2005-07-26T10:30:00,ENGINE_EXECUTABLE_HYDRAULICALLY_UNVALIDATED
C_28305,2.863314390182495,0.8684674501419067,1.1075541973114014,0,0,2005-07-26T10:45:00,ENGINE_EXECUTABLE_HYDRAULICALLY_UNVALIDATED
C_28306,3.049941301345825,0.9268996119499207,1.1047483682632446,0,0,2005-07-26T10:45:00,ENGINE_EXECUTABLE_HYDRAULICALLY_UNVALIDATED
C_28307,3.238863706588745,0.6009928584098816,1.085753321647644,0,0,2005-07-26T10:45:00,ENGINE_EXECUTABLE_HYDRAULICALLY_UNVALIDATED
C_28308,3.238389492034912,0.9805250763893127,1.1087292432785034,0,0,2005-07-26T10:45:00,ENGINE_EXECUTABLE_HYDRAULICALLY_UNVALIDATED
C_28309,3.429102897644043,0.9999622106552124,1.120863437652588,0,0,2005-07-26T10:45:00,ENGINE_EXECUTABLE_HYDRAULICALLY_UNVALIDATED
C_28310,3.429028034210205,1.70392644405365,0.6499364376068115,0,0,2005-07-26T10:45:00,ENGINE_EXECUTABLE_HYDRAULICALLY_UNVALIDATED
C_28311,3.4290547370910645,1.701534628868103,0.6508550643920898,0,0,2005-07-26T10:45:00,ENGINE_EXECUTABLE_HYDRAULICALLY_UNVALIDATED
C_28312,3.0501022338867188,1.5487992763519287,0.6360187530517578,0,0,2005-07-26T10:45:00,ENGINE_EXECUTABLE_HYDRAULICALLY_UNVALIDATED
C_28313,3.0501253604888916,1.6006767749786377,0.6154102683067322,0,0,2005-07-26T10:45:00,ENGINE_EXECUTABLE_HYDRAULICALLY_UNVALIDATED
C_28314,3.6185288429260254,1.111690640449524,1.1300116777420044,0,0,2005-07-26T10:45:00,ENGINE_EXECUTABLE_HYDRAULICALLY_UNVALIDATED
C_28315,3.806943655014038,1.0168858766555786,1.143341064453125,0,0,2005-07-26T10:45:00,ENGINE_EXECUTABLE_HYDRAULICALLY_UNVALIDATED
C_28316,4.186769485473633,1.5454721450805664,1.1360712051391602,0,0,2005-07-26T10:45:00,ENGINE_EXECUTABLE_HYDRAULICALLY_UNVALIDATED
C_28317,4.185914039611816,1.724356770515442,1.0749989748001099,0,0,2005-07-26T10:45:00,ENGINE_EXECUTABLE_HYDRAULICALLY_UNVALIDATED
C_28318,2.858633279800415,1.404062271118164,0.6575408577919006,0,0,2005-07-26T10:45:00,ENGINE_EXECUTABLE_HYDRAULICALLY_UNVALIDATED
C_28319,2.8586466312408447,1.3809516429901123,0.6899417042732239,0,0,2005-07-26T10:45:00,ENGINE_EXECUTABLE_HYDRAULICALLY_UNVALIDATED
C_28320,2.8586537837982178,1.414276361465454,0.6736862063407898,0,0,2005-07-26T10:45:00,ENGINE_EXECUTABLE_HYDRAULICALLY_UNVALIDATED
C_28321,2.6678760051727295,1.3430323600769043,0.6620786190032959,0,0,2005-07-26T10:45:00,ENGINE_EXECUTABLE_HYDRAULICALLY_UNVALIDATED
C_28322,2.096937894821167,1.0780093669891357,0.64832603931427,0,0,2005-07-26T10:45:00,ENGINE_EXECUTABLE_HYDRAULICALLY_UNVALIDATED
C_28323,4.184658527374268,1.3954416513442993,1.0349897146224976,0,0,2005-07-26T10:45:00,ENGINE_EXECUTABLE_HYDRAULICALLY_UNVALIDATED
C_28324,4.182262420654297,0.8196884393692017,1.0457524061203003,0,0,2005-07-26T10:45:00,ENGINE_EXECUTABLE_HYDRAULICALLY_UNVALIDATED
C_28325,5.129377365112305,1.525952935218811,1.0496456623077393,0,0,2005-07-26T10:45:00,ENGINE_EXECUTABLE_HYDRAULICALLY_UNVALIDATED
C_28326,5.126625061035156,1.2262544631958008,1.0408400297164917,0,0,2005-07-26T10:45:00,ENGINE_EXECUTABLE_HYDRAULICALLY_UNVALIDATED
C_28327,0.7598457336425781,0.41213366389274597,1.0453191995620728,0,0,2005-07-26T10:45:00,ENGINE_EXECUTABLE_HYDRAULICALLY_UNVALIDATED
C_28328,0.5725469589233398,0.3207218647003174,1.0201590061187744,0,0,2005-07-26T10:45:00,ENGINE_EXECUTABLE_HYDRAULICALLY_UNVALIDATED
C_28329,0.7622193098068237,0.4231626093387604,1.027462124824524,0,0,2005-07-26T10:45:00,ENGINE_EXECUTABLE_HYDRAULICALLY_UNVALIDATED
C_28330,0.7614315748214722,0.420053631067276,1.0320748090744019,0,0,2005-07-26T10:45:00,ENGINE_EXECUTABLE_HYDRAULICALLY_UNVALIDATED
C_28331,0.7608096599578857,0.41748887300491333,1.0359926223754883,0,0,2005-07-26T10:45:00,ENGINE_EXECUTABLE_HYDRAULICALLY_UNVALIDATED
C_28332,2.0969600677490234,1.1869546175003052,0.5888252854347229,0,0,2005-07-26T10:45:00,ENGINE_EXECUTABLE_HYDRAULICALLY_UNVALIDATED
C_28333,2.096982479095459,1.546410322189331,0.4519604444503784,0,0,2005-07-26T10:45:00,ENGINE_EXECUTABLE_HYDRAULICALLY_UNVALIDATED
C_28334,2.0969960689544678,1.8315478563308716,0.2544007897377014,0,0,2005-07-26T10:45:00,ENGINE_EXECUTABLE_HYDRAULICALLY_UNVALIDATED
C_28335,1.9062120914459229,2.4852333068847656,0.17042887210845947,0,0,2005-07-26T10:45:00,ENGINE_EXECUTABLE_HYDRAULICALLY_UNVALIDATED
C_28336,5.851072311401367,1.0287073850631714,1.1977423429489136,0,0,2005-07-26T10:45:00,ENGINE_EXECUTABLE_HYDRAULICALLY_UNVALIDATED
C_28337,5.306180477142334,0.9927542209625244,1.1001830101013184,0,0,2005-07-26T10:45:00,ENGINE_EXECUTABLE_HYDRAULICALLY_UNVALIDATED
C_28338,5.491705417633057,1.012884259223938,1.1190760135650635,0,0,2005-07-26T10:45:00,ENGINE_EXECUTABLE_HYDRAULICALLY_UNVALIDATED
C_28339,5.863137245178223,1.0253902673721313,1.1398069858551025,0,0,2005-07-26T10:45:00,ENGINE_EXECUTABLE_HYDRAULICALLY_UNVALIDATED
C_28340,5.85864782333374,0.8811042308807373,1.1453849077224731,0,0,2005-07-26T10:45:00,ENGINE_EXECUTABLE_HYDRAULICALLY_UNVALIDATED
C_28341,5.857528209686279,1.055559515953064,1.1465885639190674,0,0,2005-07-26T10:45:00,ENGINE_EXECUTABLE_HYDRAULICALLY_UNVALIDATED
C_28342,5.855034351348877,0.8778303265571594,1.1481189727783203,0,0,2005-07-26T10:45:00,ENGINE_EXECUTABLE_HYDRAULICALLY_UNVALIDATED
C_28343,5.123958587646484,0.8535488247871399,1.0361584424972534,0,0,2005-07-26T10:45:00,ENGINE_EXECUTABLE_HYDRAULICALLY_UNVALIDATED
C_28344,5.311491966247559,0.8793290257453918,1.0422834157943726,0,0,2005-07-26T10:45:00,ENGINE_EXECUTABLE_HYDRAULICALLY_UNVALIDATED
C_28345,5.309291362762451,0.8734628558158875,1.0481597185134888,0,0,2005-07-26T10:45:00,ENGINE_EXECUTABLE_HYDRAULICALLY_UNVALIDATED
C_28346,0.5623543858528137,0.44344907999038696,0.39765456318855286,0,0,2005-07-26T10:45:00,ENGINE_EXECUTABLE_HYDRAULICALLY_UNVALIDATED
C_28347,0.02571912296116352,0.03351082280278206,0.4672187864780426,0,0,2005-07-26T10:15:00,ENGINE_EXECUTABLE_HYDRAULICALLY_UNVALIDATED
C_28348,0.5502222180366516,0.4351173937320709,0.4383910596370697,0,0,2005-07-26T10:45:00,ENGINE_EXECUTABLE_HYDRAULICALLY_UNVALIDATED
C_28349,0.16426967084407806,0.08492188155651093,0.517486035823822,0,0,2005-07-26T11:15:00,ENGINE_EXECUTABLE_HYDRAULICALLY_UNVALIDATED
C_28350,6.03811502456665,1.0257203578948975,1.2152348756790161,0,0,2005-07-26T10:45:00,ENGINE_EXECUTABLE_HYDRAULICALLY_UNVALIDATED
C_28351,6.376712322235107,1.0591654777526855,1.2277380228042603,0,0,2005-07-26T10:45:00,ENGINE_EXECUTABLE_HYDRAULICALLY_UNVALIDATED
C_28352,6.373770236968994,1.047676682472229,1.233460545539856,0,0,2005-07-26T10:45:00,ENGINE_EXECUTABLE_HYDRAULICALLY_UNVALIDATED
C_28353,6.562506675720215,0.9030736088752747,1.2354395389556885,0,0,2005-07-26T10:45:00,ENGINE_EXECUTABLE_HYDRAULICALLY_UNVALIDATED
C_28354,0.3568781316280365,0.1706826388835907,1.2187538146972656,0,0,2005-07-26T11:00:00,ENGINE_EXECUTABLE_HYDRAULICALLY_UNVALIDATED
C_28355,6.560485363006592,1.0750283002853394,1.2375540733337402,0,0,2005-07-26T10:45:00,ENGINE_EXECUTABLE_HYDRAULICALLY_UNVALIDATED
C_28356,6.5575690269470215,1.061057686805725,1.2648228406906128,0,0,2005-07-26T10:45:00,ENGINE_EXECUTABLE_HYDRAULICALLY_UNVALIDATED
C_28357,6.554114818572998,1.1168822050094604,1.271303415298462,0,0,2005-07-26T10:45:00,ENGINE_EXECUTABLE_HYDRAULICALLY_UNVALIDATED
C_28358,6.553473472595215,1.0520942211151123,1.2740890979766846,0,0,2005-07-26T10:45:00,ENGINE_EXECUTABLE_HYDRAULICALLY_UNVALIDATED
C_28359,4.896561145782471,0.5484545826911926,1.2649469375610352,0,0,2005-07-26T10:45:00,ENGINE_EXECUTABLE_HYDRAULICALLY_UNVALIDATED
C_28360,1.6503071784973145,0.333255410194397,1.260816216468811,0,0,2005-07-26T10:45:00,ENGINE_EXECUTABLE_HYDRAULICALLY_UNVALIDATED
C_28361,0.35034462809562683,0.15204879641532898,1.2133846282958984,0,0,2005-07-26T11:00:00,ENGINE_EXECUTABLE_HYDRAULICALLY_UNVALIDATED
C_28362,0.18604904413223267,0.19852061569690704,1.2022238969802856,0,0,2005-07-26T11:00:00,ENGINE_EXECUTABLE_HYDRAULICALLY_UNVALIDATED
C_28363,0.3533773720264435,0.1623843014240265,1.2070528268814087,0,0,2005-07-26T10:45:00,ENGINE_EXECUTABLE_HYDRAULICALLY_UNVALIDATED
C_28364,0.1837003082036972,0.18274883925914764,1.1987688541412354,0,0,2005-07-26T11:00:00,ENGINE_EXECUTABLE_HYDRAULICALLY_UNVALIDATED
C_28365,0.18020060658454895,0.16518914699554443,1.1943440437316895,0,0,2005-07-26T11:00:00,ENGINE_EXECUTABLE_HYDRAULICALLY_UNVALIDATED
C_28366,0.17672841250896454,0.10198239982128143,1.1874406337738037,0,0,2005-07-26T10:45:00,ENGINE_EXECUTABLE_HYDRAULICALLY_UNVALIDATED
C_28367,0.10463744401931763,0.16765202581882477,1.1839745044708252,0,0,2005-07-26T09:30:00,ENGINE_EXECUTABLE_HYDRAULICALLY_UNVALIDATED
C_28368,0.1756352037191391,0.13144853711128235,1.1904083490371704,0,0,2005-07-26T11:00:00,ENGINE_EXECUTABLE_HYDRAULICALLY_UNVALIDATED
C_28369,0.09226961433887482,0.1508025825023651,1.1805187463760376,0,0,2005-07-26T09:30:00,ENGINE_EXECUTABLE_HYDRAULICALLY_UNVALIDATED
C_28370,0.07852251827716827,0.12448755651712418,1.1770389080047607,0,0,2005-07-26T09:30:00,ENGINE_EXECUTABLE_HYDRAULICALLY_UNVALIDATED
C_28371,0.5310477614402771,0.4098135828971863,0.47844189405441284,0,0,2005-07-26T10:45:00,ENGINE_EXECUTABLE_HYDRAULICALLY_UNVALIDATED
C_28372,0.34402164816856384,0.27924060821533203,0.5640309453010559,0,0,2005-07-26T10:45:00,ENGINE_EXECUTABLE_HYDRAULICALLY_UNVALIDATED
C_28373,0.5288789868354797,0.4284009337425232,0.5114965438842773,0,0,2005-07-26T10:45:00,ENGINE_EXECUTABLE_HYDRAULICALLY_UNVALIDATED
C_28374,0.3315547704696655,0.26534122228622437,0.6016538739204407,0,0,2005-07-26T10:45:00,ENGINE_EXECUTABLE_HYDRAULICALLY_UNVALIDATED
C_28375,1.6472290754318237,0.33324339985847473,1.2550886869430542,0,0,2005-07-26T10:45:00,ENGINE_EXECUTABLE_HYDRAULICALLY_UNVALIDATED
C_28376,1.6270935535430908,0.16286122798919678,1.2486952543258667,0,0,2005-07-26T10:45:00,ENGINE_EXECUTABLE_HYDRAULICALLY_UNVALIDATED
C_28377,1.6332778930664062,0.16404704749584198,1.245974063873291,0,0,2005-07-26T10:45:00,ENGINE_EXECUTABLE_HYDRAULICALLY_UNVALIDATED
C_28378,1.636461853981018,0.16516314446926117,1.2445704936981201,0,0,2005-07-26T10:45:00,ENGINE_EXECUTABLE_HYDRAULICALLY_UNVALIDATED
C_28379,1.6404690742492676,0.16648784279823303,1.2431995868682861,0,0,2005-07-26T10:45:00,ENGINE_EXECUTABLE_HYDRAULICALLY_UNVALIDATED
C_28380,1.6447231769561768,0.333188533782959,1.250627040863037,0,0,2005-07-26T10:45:00,ENGINE_EXECUTABLE_HYDRAULICALLY_UNVALIDATED
C_28381,0.0,0.0,3.0479999622912146e-05,0,0,2005-07-26T00:15:00,ENGINE_EXECUTABLE_HYDRAULICALLY_UNVALIDATED
C_28382,0.12357878684997559,0.5005648136138916,0.061712805181741714,0,0,2005-07-26T10:45:00,ENGINE_EXECUTABLE_HYDRAULICALLY_UNVALIDATED
C_28383,0.0,0.0,3.0479999622912146e-05,0,0,2005-07-26T00:15:00,ENGINE_EXECUTABLE_HYDRAULICALLY_UNVALIDATED
C_28384,0.12358592450618744,0.36954250931739807,0.0835980698466301,0,0,2005-07-26T10:45:00,ENGINE_EXECUTABLE_HYDRAULICALLY_UNVALIDATED
C_28385,0.0,0.0,3.0479999622912146e-05,0,0,2005-07-26T00:15:00,ENGINE_EXECUTABLE_HYDRAULICALLY_UNVALIDATED
C_28386,0.12358973920345306,0.3369315266609192,0.09169220924377441,0,0,2005-07-26T10:45:00,ENGINE_EXECUTABLE_HYDRAULICALLY_UNVALIDATED
C_28387,0.0,0.0,3.0479999622912146e-05,0,0,2005-07-26T00:15:00,ENGINE_EXECUTABLE_HYDRAULICALLY_UNVALIDATED
C_28388,0.12359215319156647,0.32477352023124695,0.09512659162282944,0,0,2005-07-26T10:45:00,ENGINE_EXECUTABLE_HYDRAULICALLY_UNVALIDATED
C_28389,0.0,0.0,3.0479999622912146e-05,0,0,2005-07-26T00:15:00,ENGINE_EXECUTABLE_HYDRAULICALLY_UNVALIDATED
C_28390,0.12359432876110077,0.3134796917438507,0.09855547547340393,0,0,2005-07-26T10:45:00,ENGINE_EXECUTABLE_HYDRAULICALLY_UNVALIDATED
C_28391,0.0,0.0,3.0479999622912146e-05,0,0,2005-07-26T00:15:00,ENGINE_EXECUTABLE_HYDRAULICALLY_UNVALIDATED
C_28392,0.12359771877527237,0.29841291904449463,0.10353435575962067,0,0,2005-07-26T10:45:00,ENGINE_EXECUTABLE_HYDRAULICALLY_UNVALIDATED
C_28393,0.0,0.0,3.0479999622912146e-05,0,0,2005-07-26T00:15:00,ENGINE_EXECUTABLE_HYDRAULICALLY_UNVALIDATED
C_28394,0.12360439449548721,0.27898332476615906,0.11075091361999512,0,0,2005-07-26T10:45:00,ENGINE_EXECUTABLE_HYDRAULICALLY_UNVALIDATED
C_28395,11.794332504272461,1.6131144762039185,0.5896221399307251,0,0,2005-07-26T10:45:00,ENGINE_EXECUTABLE_HYDRAULICALLY_UNVALIDATED
C_28396,13.919197082519531,1.6802916526794434,0.651809811592102,0,0,2005-07-26T10:45:00,ENGINE_EXECUTABLE_HYDRAULICALLY_UNVALIDATED
C_28397,15.322681427001953,3.105719804763794,0.37947291135787964,0,0,2005-07-26T11:00:00,ENGINE_EXECUTABLE_HYDRAULICALLY_UNVALIDATED
C_28398,13.042471885681152,2.989197015762329,0.4082352817058563,0,0,2005-07-26T10:30:00,ENGINE_EXECUTABLE_HYDRAULICALLY_UNVALIDATED
C_28399,0.0,0.0,3.0479999622912146e-05,0,0,2005-07-26T00:15:00,ENGINE_EXECUTABLE_HYDRAULICALLY_UNVALIDATED
C_28400,13.586939811706543,4.4354634284973145,0.21374773979187012,0,0,2005-07-26T11:00:00,ENGINE_EXECUTABLE_HYDRAULICALLY_UNVALIDATED
C_28401,0.14632152020931244,0.065789133310318,0.2174060344696045,0,0,2005-07-26T11:15:00,ENGINE_EXECUTABLE_HYDRAULICALLY_UNVALIDATED
C_28402,15.93565559387207,4.608546257019043,0.2304975688457489,0,0,2005-07-26T10:45:00,ENGINE_EXECUTABLE_HYDRAULICALLY_UNVALIDATED
C_28403,0.0,0.0,3.0479999622912146e-05,0,0,2005-07-26T00:15:00,ENGINE_EXECUTABLE_HYDRAULICALLY_UNVALIDATED
C_28404,0.5064813494682312,0.1719319224357605,0.22657670080661774,0,0,2005-07-26T10:45:00,ENGINE_EXECUTABLE_HYDRAULICALLY_UNVALIDATED
C_28405,11.422164916992188,1.1659184694290161,0.7535091638565063,0,0,2005-07-26T10:45:00,ENGINE_EXECUTABLE_HYDRAULICALLY_UNVALIDATED
C_28406,13.828503608703613,1.2885119915008545,0.8254580497741699,0,0,2005-07-26T10:45:00,ENGINE_EXECUTABLE_HYDRAULICALLY_UNVALIDATED
C_28407,11.606257438659668,1.2384008169174194,0.7221626043319702,0,0,2005-07-26T10:45:00,ENGINE_EXECUTABLE_HYDRAULICALLY_UNVALIDATED
C_28408,13.899336814880371,1.361081600189209,0.7854493856430054,0,0,2005-07-26T10:45:00,ENGINE_EXECUTABLE_HYDRAULICALLY_UNVALIDATED
C_28409,11.926933288574219,1.368854284286499,0.6755824685096741,0,0,2005-07-26T10:45:00,ENGINE_EXECUTABLE_HYDRAULICALLY_UNVALIDATED
C_28410,13.799256324768066,1.4549896717071533,0.731306791305542,0,0,2005-07-26T10:45:00,ENGINE_EXECUTABLE_HYDRAULICALLY_UNVALIDATED
C_28411,0.06446916610002518,0.10984844714403152,1.1720001697540283,0,0,2005-07-26T09:30:00,ENGINE_EXECUTABLE_HYDRAULICALLY_UNVALIDATED
C_28412,11.493309020996094,1.1080840826034546,0.797775387763977,0,0,2005-07-26T10:45:00,ENGINE_EXECUTABLE_HYDRAULICALLY_UNVALIDATED
C_28413,13.719558715820312,1.2021762132644653,0.8777691721916199,0,0,2005-07-26T10:45:00,ENGINE_EXECUTABLE_HYDRAULICALLY_UNVALIDATED
C_28414,11.470202445983887,1.1343300342559814,0.7777498960494995,0,0,2005-07-26T10:45:00,ENGINE_EXECUTABLE_HYDRAULICALLY_UNVALIDATED
C_28415,13.879159927368164,1.2489311695098877,0.8547379374504089,0,0,2005-07-26T10:45:00,ENGINE_EXECUTABLE_HYDRAULICALLY_UNVALIDATED
C_28416,11.171284675598145,1.056252360343933,0.8134740591049194,0,0,2005-07-26T10:45:00,ENGINE_EXECUTABLE_HYDRAULICALLY_UNVALIDATED
C_28417,13.714387893676758,1.1767241954803467,0.8964168429374695,0,0,2005-07-26T10:45:00,ENGINE_EXECUTABLE_HYDRAULICALLY_UNVALIDATED
C_28418,0.04266482964158058,0.06965551525354385,1.1669552326202393,0,0,2005-07-26T09:30:00,ENGINE_EXECUTABLE_HYDRAULICALLY_UNVALIDATED
C_28419,0.013773779384791851,0.01303644385188818,1.1629446744918823,0,0,2005-07-26T09:30:00,ENGINE_EXECUTABLE_HYDRAULICALLY_UNVALIDATED
C_28420,0.16132353246212006,0.29828011989593506,0.5247228145599365,0,0,2005-07-26T11:00:00,ENGINE_EXECUTABLE_HYDRAULICALLY_UNVALIDATED
C_28421,1.325847864151001,1.357338309288025,0.7186278700828552,0,0,2005-07-26T10:45:00,ENGINE_EXECUTABLE_HYDRAULICALLY_UNVALIDATED
C_28422,0.16066156327724457,0.6250883340835571,0.5168370604515076,0,0,2005-07-26T11:00:00,ENGINE_EXECUTABLE_HYDRAULICALLY_UNVALIDATED
C_28423,1.3267215490341187,2.797635316848755,0.8919299840927124,0,0,2005-07-26T10:45:00,ENGINE_EXECUTABLE_HYDRAULICALLY_UNVALIDATED
C_28424,0.522024929523468,0.3053670823574066,0.6897473335266113,0,0,2005-07-26T10:45:00,ENGINE_EXECUTABLE_HYDRAULICALLY_UNVALIDATED
C_28425,0.37915247678756714,0.1529066115617752,0.7818718552589417,0,0,2005-07-26T11:15:00,ENGINE_EXECUTABLE_HYDRAULICALLY_UNVALIDATED
C_28426,0.5204252004623413,0.6324816346168518,0.5366383790969849,0,0,2005-07-26T10:45:00,ENGINE_EXECUTABLE_HYDRAULICALLY_UNVALIDATED
C_28427,0.36105161905288696,0.43077826499938965,0.6289764046669006,0,0,2005-07-26T11:15:00,ENGINE_EXECUTABLE_HYDRAULICALLY_UNVALIDATED
C_28428,0.16217529773712158,0.36428701877593994,0.5390247702598572,0,0,2005-07-26T11:00:00,ENGINE_EXECUTABLE_HYDRAULICALLY_UNVALIDATED
C_28429,1.325105905532837,1.8233304023742676,0.6454556584358215,0,0,2005-07-26T10:45:00,ENGINE_EXECUTABLE_HYDRAULICALLY_UNVALIDATED
C_28430,0.16172920167446136,0.3013398051261902,0.5313209295272827,0,0,2005-07-26T11:00:00,ENGINE_EXECUTABLE_HYDRAULICALLY_UNVALIDATED
C_28431,1.3254258632659912,1.5149593353271484,0.6877426505088806,0,0,2005-07-26T10:45:00,ENGINE_EXECUTABLE_HYDRAULICALLY_UNVALIDATED
C_28432,0.1604318916797638,0.23541468381881714,0.5172919631004333,0,0,2005-07-26T11:00:00,ENGINE_EXECUTABLE_HYDRAULICALLY_UNVALIDATED
C_28433,1.3269964456558228,0.9956990480422974,1.0253554582595825,0,0,2005-07-26T10:45:00,ENGINE_EXECUTABLE_HYDRAULICALLY_UNVALIDATED
C_28434,11.227867126464844,1.0310558080673218,0.8375743627548218,0,0,2005-07-26T10:45:00,ENGINE_EXECUTABLE_HYDRAULICALLY_UNVALIDATED
C_28435,13.788092613220215,1.1424452066421509,0.9282759428024292,0,0,2005-07-26T10:45:00,ENGINE_EXECUTABLE_HYDRAULICALLY_UNVALIDATED
C_28436,11.219698905944824,1.0324448347091675,0.835839033126831,0,0,2005-07-26T10:45:00,ENGINE_EXECUTABLE_HYDRAULICALLY_UNVALIDATED
C_28437,13.785558700561523,1.145342469215393,0.9257575869560242,0,0,2005-07-26T10:45:00,ENGINE_EXECUTABLE_HYDRAULICALLY_UNVALIDATED
C_28438,0.16280962526798248,0.18254418671131134,0.6928873658180237,0,0,2005-07-26T11:00:00,ENGINE_EXECUTABLE_HYDRAULICALLY_UNVALIDATED
C_28439,1.3252023458480835,1.434022307395935,0.7772831916809082,0,0,2005-07-26T10:45:00,ENGINE_EXECUTABLE_HYDRAULICALLY_UNVALIDATED
C_28440,11.206085205078125,1.033892273902893,0.8336560726165771,0,0,2005-07-26T10:45:00,ENGINE_EXECUTABLE_HYDRAULICALLY_UNVALIDATED
C_28441,13.77881145477295,1.1490644216537476,0.9223073720932007,0,0,2005-07-26T10:45:00,ENGINE_EXECUTABLE_HYDRAULICALLY_UNVALIDATED
C_28442,11.18405532836914,1.0417687892913818,0.8257265090942383,0,0,2005-07-26T10:45:00,ENGINE_EXECUTABLE_HYDRAULICALLY_UNVALIDATED
C_28443,13.741544723510742,1.1590092182159424,0.911920428276062,0,0,2005-07-26T10:45:00,ENGINE_EXECUTABLE_HYDRAULICALLY_UNVALIDATED
C_28444,10.728029251098633,0.9815727472305298,0.8406316637992859,0,0,2005-07-26T10:45:00,ENGINE_EXECUTABLE_HYDRAULICALLY_UNVALIDATED
C_28445,13.429468154907227,1.106367588043213,0.9336146712303162,0,0,2005-07-26T10:45:00,ENGINE_EXECUTABLE_HYDRAULICALLY_UNVALIDATED
C_28446,10.592008590698242,0.9660442471504211,0.843314528465271,0,0,2005-07-26T10:45:00,ENGINE_EXECUTABLE_HYDRAULICALLY_UNVALIDATED
C_28447,11.91832160949707,0.977729082107544,0.9375724792480469,0,0,2005-07-26T10:45:00,ENGINE_EXECUTABLE_HYDRAULICALLY_UNVALIDATED
C_28448,10.612406730651855,0.963808536529541,0.8468985557556152,0,0,2005-07-26T10:45:00,ENGINE_EXECUTABLE_HYDRAULICALLY_UNVALIDATED
C_28449,11.92060661315918,0.9759823679924011,0.9394305944442749,0,0,2005-07-26T10:45:00,ENGINE_EXECUTABLE_HYDRAULICALLY_UNVALIDATED
C_28450,10.625410079956055,0.9593107104301453,0.8519119024276733,0,0,2005-07-26T10:45:00,ENGINE_EXECUTABLE_HYDRAULICALLY_UNVALIDATED
C_28451,11.950666427612305,0.9762313961982727,0.9415592551231384,0,0,2005-07-26T10:45:00,ENGINE_EXECUTABLE_HYDRAULICALLY_UNVALIDATED
C_28452,0.5268853306770325,0.4853426516056061,0.5293920636177063,0,0,2005-07-26T10:45:00,ENGINE_EXECUTABLE_HYDRAULICALLY_UNVALIDATED
C_28453,0.34863704442977905,0.2888975441455841,0.6212875843048096,0,0,2005-07-26T10:45:00,ENGINE_EXECUTABLE_HYDRAULICALLY_UNVALIDATED
C_28454,0.16092802584171295,0.29431191086769104,0.5174185037612915,0,0,2005-07-26T11:00:00,ENGINE_EXECUTABLE_HYDRAULICALLY_UNVALIDATED
C_28455,1.326400637626648,1.2771739959716797,0.7487512826919556,0,0,2005-07-26T10:45:00,ENGINE_EXECUTABLE_HYDRAULICALLY_UNVALIDATED
C_28456,0.15992194414138794,0.2032471001148224,0.5087229013442993,0,0,2005-07-26T11:00:00,ENGINE_EXECUTABLE_HYDRAULICALLY_UNVALIDATED
C_28457,1.327558159828186,0.822945237159729,1.0301094055175781,0,0,2005-07-26T10:45:00,ENGINE_EXECUTABLE_HYDRAULICALLY_UNVALIDATED
C_28458,0.1591615229845047,0.2165461927652359,0.4962911307811737,0,0,2005-07-26T11:00:00,ENGINE_EXECUTABLE_HYDRAULICALLY_UNVALIDATED
C_28459,1.3282665014266968,0.8209836483001709,1.031569004058838,0,0,2005-07-26T10:45:00,ENGINE_EXECUTABLE_HYDRAULICALLY_UNVALIDATED
C_28460,0.1590738743543625,0.23032091557979584,0.48471885919570923,0,0,2005-07-26T10:45:00,ENGINE_EXECUTABLE_HYDRAULICALLY_UNVALIDATED
C_28461,1.3288339376449585,0.8190208077430725,1.0331228971481323,0,0,2005-07-26T10:45:00,ENGINE_EXECUTABLE_HYDRAULICALLY_UNVALIDATED
C_28462,0.16022951900959015,0.24413830041885376,0.4727027416229248,0,0,2005-07-26T10:45:00,ENGINE_EXECUTABLE_HYDRAULICALLY_UNVALIDATED
C_28463,1.3293514251708984,0.8167908787727356,1.0350593328475952,0,0,2005-07-26T10:45:00,ENGINE_EXECUTABLE_HYDRAULICALLY_UNVALIDATED
C_28464,0.025899149477481842,0.08399206399917603,0.4569150507450104,0,0,2005-07-26T10:30:00,ENGINE_EXECUTABLE_HYDRAULICALLY_UNVALIDATED
C_28465,1.3298521041870117,0.8144391179084778,1.0371992588043213,0,0,2005-07-26T10:45:00,ENGINE_EXECUTABLE_HYDRAULICALLY_UNVALIDATED
C_28466,0.020509354770183563,0.07580120861530304,0.4366661012172699,0,0,2005-07-26T10:30:00,ENGINE_EXECUTABLE_HYDRAULICALLY_UNVALIDATED
C_28467,1.3303437232971191,0.812201976776123,1.0393790006637573,0,0,2005-07-26T10:45:00,ENGINE_EXECUTABLE_HYDRAULICALLY_UNVALIDATED
C_28468,0.01256163977086544,0.058108534663915634,0.4073821008205414,0,0,2005-07-26T10:30:00,ENGINE_EXECUTABLE_HYDRAULICALLY_UNVALIDATED
C_28469,1.331056833267212,0.8093127012252808,1.0423367023468018,0,0,2005-07-26T10:45:00,ENGINE_EXECUTABLE_HYDRAULICALLY_UNVALIDATED
C_28470,0.015106386505067348,0.0647534430027008,0.4167235195636749,0,0,2005-07-26T10:30:00,ENGINE_EXECUTABLE_HYDRAULICALLY_UNVALIDATED
C_28471,1.3308031558990479,0.8101775646209717,1.041469931602478,0,0,2005-07-26T10:45:00,ENGINE_EXECUTABLE_HYDRAULICALLY_UNVALIDATED
C_28472,0.0032287482172250748,0.01937033422291279,0.3757707476615906,0,0,2005-07-26T10:30:00,ENGINE_EXECUTABLE_HYDRAULICALLY_UNVALIDATED
C_28473,1.3321632146835327,0.7784325480461121,1.0426404476165771,0,0,2005-07-26T10:45:00,ENGINE_EXECUTABLE_HYDRAULICALLY_UNVALIDATED
C_28474,0.009376207366585732,0.04590381309390068,0.3967342674732208,0,0,2005-07-26T10:30:00,ENGINE_EXECUTABLE_HYDRAULICALLY_UNVALIDATED
C_28475,1.3313816785812378,0.7787525057792664,1.042648196220398,0,0,2005-07-26T10:45:00,ENGINE_EXECUTABLE_HYDRAULICALLY_UNVALIDATED
C_28476,10.640710830688477,0.9555749297142029,0.8564740419387817,0,0,2005-07-26T10:45:00,ENGINE_EXECUTABLE_HYDRAULICALLY_UNVALIDATED
C_28477,11.984281539916992,0.9769091606140137,0.943552553653717,0,0,2005-07-26T10:45:00,ENGINE_EXECUTABLE_HYDRAULICALLY_UNVALIDATED
C_28478,10.481769561767578,0.9380272626876831,0.8594635128974915,0,0,2005-07-26T10:45:00,ENGINE_EXECUTABLE_HYDRAULICALLY_UNVALIDATED
C_28479,12.008400917053223,0.9771233797073364,0.945244312286377,0,0,2005-07-26T10:45:00,ENGINE_EXECUTABLE_HYDRAULICALLY_UNVALIDATED
C_28480,10.513490676879883,0.9382352828979492,0.8618733286857605,0,0,2005-07-26T10:45:00,ENGINE_EXECUTABLE_HYDRAULICALLY_UNVALIDATED
C_28481,12.022753715515137,0.9761650562286377,0.9473031163215637,0,0,2005-07-26T10:45:00,ENGINE_EXECUTABLE_HYDRAULICALLY_UNVALIDATED
C_28482,10.540603637695312,0.9373780488967896,0.8648862838745117,0,0,2005-07-26T10:45:00,ENGINE_EXECUTABLE_HYDRAULICALLY_UNVALIDATED
C_28483,11.67514705657959,0.9461199641227722,0.9491272568702698,0,0,2005-07-26T10:45:00,ENGINE_EXECUTABLE_HYDRAULICALLY_UNVALIDATED
C_28484,10.383647918701172,0.9211370944976807,0.8670297265052795,0,0,2005-07-26T10:45:00,ENGINE_EXECUTABLE_HYDRAULICALLY_UNVALIDATED
C_28485,11.690117835998535,0.9470368027687073,0.9494242668151855,0,0,2005-07-26T10:45:00,ENGINE_EXECUTABLE_HYDRAULICALLY_UNVALIDATED
C_28486,10.021181106567383,0.8882845640182495,0.8677109479904175,0,0,2005-07-26T10:45:00,ENGINE_EXECUTABLE_HYDRAULICALLY_UNVALIDATED
C_28487,11.712316513061523,0.9487090706825256,0.9495505094528198,0,0,2005-07-26T10:45:00,ENGINE_EXECUTABLE_HYDRAULICALLY_UNVALIDATED
C_28488,10.046988487243652,0.8903310894966125,0.8679459095001221,0,0,2005-07-26T10:45:00,ENGINE_EXECUTABLE_HYDRAULICALLY_UNVALIDATED
C_28489,11.37716007232666,0.9215747714042664,0.9495363235473633,0,0,2005-07-26T10:45:00,ENGINE_EXECUTABLE_HYDRAULICALLY_UNVALIDATED
C_28490,9.88192367553711,0.8763301968574524,0.8673252463340759,0,0,2005-07-26T10:45:00,ENGINE_EXECUTABLE_HYDRAULICALLY_UNVALIDATED
C_28491,11.398075103759766,0.9243729710578918,0.9484021663665771,0,0,2005-07-26T10:45:00,ENGINE_EXECUTABLE_HYDRAULICALLY_UNVALIDATED
C_28492,9.904925346374512,0.8792563080787659,0.8664509654045105,0,0,2005-07-26T10:45:00,ENGINE_EXECUTABLE_HYDRAULICALLY_UNVALIDATED
C_28493,11.03495979309082,0.8964340686798096,0.9468052983283997,0,0,2005-07-26T10:45:00,ENGINE_EXECUTABLE_HYDRAULICALLY_UNVALIDATED
C_28494,9.926885604858398,0.8814729452133179,0.8661882877349854,0,0,2005-07-26T10:45:00,ENGINE_EXECUTABLE_HYDRAULICALLY_UNVALIDATED
C_28495,10.857821464538574,0.8837499022483826,0.9449777603149414,0,0,2005-07-26T10:45:00,ENGINE_EXECUTABLE_HYDRAULICALLY_UNVALIDATED
C_28496,9.948702812194824,0.8834075927734375,0.8661909103393555,0,0,2005-07-26T10:45:00,ENGINE_EXECUTABLE_HYDRAULICALLY_UNVALIDATED
C_28497,10.301335334777832,0.8409823775291443,0.9421388506889343,0,0,2005-07-26T10:45:00,ENGINE_EXECUTABLE_HYDRAULICALLY_UNVALIDATED
C_28498,9.598381042480469,0.8452740907669067,0.8733910322189331,0,0,2005-07-26T10:45:00,ENGINE_EXECUTABLE_HYDRAULICALLY_UNVALIDATED
C_28499,10.329444885253906,0.8395323753356934,0.946341335773468,0,0,2005-07-26T10:45:00,ENGINE_EXECUTABLE_HYDRAULICALLY_UNVALIDATED
C_28500,9.236833572387695,0.8011090755462646,0.8868287205696106,0,0,2005-07-26T10:45:00,ENGINE_EXECUTABLE_HYDRAULICALLY_UNVALIDATED
C_28501,10.363192558288574,0.8314103484153748,0.9587081670761108,0,0,2005-07-26T10:45:00,ENGINE_EXECUTABLE_HYDRAULICALLY_UNVALIDATED
C_28502,8.878496170043945,0.7818734645843506,0.873396098613739,0,0,2005-07-26T10:45:00,ENGINE_EXECUTABLE_HYDRAULICALLY_UNVALIDATED
C_28503,10.395511627197266,0.8452447056770325,0.9459576606750488,0,0,2005-07-26T10:45:00,ENGINE_EXECUTABLE_HYDRAULICALLY_UNVALIDATED
C_28504,8.525300979614258,0.7708886861801147,0.850601851940155,0,0,2005-07-26T10:45:00,ENGINE_EXECUTABLE_HYDRAULICALLY_UNVALIDATED
C_28505,10.434002876281738,0.8672090172767639,0.9254127144813538,0,0,2005-07-26T10:45:00,ENGINE_EXECUTABLE_HYDRAULICALLY_UNVALIDATED
C_28506,8.173831939697266,0.7443827986717224,0.8445739150047302,0,0,2005-07-26T10:45:00,ENGINE_EXECUTABLE_HYDRAULICALLY_UNVALIDATED
C_28507,10.472649574279785,0.8726711273193359,0.9230266213417053,0,0,2005-07-26T10:45:00,ENGINE_EXECUTABLE_HYDRAULICALLY_UNVALIDATED
C_28508,8.01345443725586,0.7351483106613159,0.8384035229682922,0,0,2005-07-26T10:45:00,ENGINE_EXECUTABLE_HYDRAULICALLY_UNVALIDATED
C_28509,10.520821571350098,0.8780933022499084,0.9215465784072876,0,0,2005-07-26T10:45:00,ENGINE_EXECUTABLE_HYDRAULICALLY_UNVALIDATED
C_28510,3.1628623008728027,0.9473501443862915,0.695472776889801,0,0,2005-07-26T10:45:00,ENGINE_EXECUTABLE_HYDRAULICALLY_UNVALIDATED
C_28511,1.6824941635131836,0.6709431409835815,0.5323538184165955,0,0,2005-07-26T10:45:00,ENGINE_EXECUTABLE_HYDRAULICALLY_UNVALIDATED
C_28512,3.161607265472412,0.9598798155784607,0.6861221790313721,0,0,2005-07-26T10:45:00,ENGINE_EXECUTABLE_HYDRAULICALLY_UNVALIDATED
C_28513,1.8716517686843872,0.7530520558357239,0.5328211784362793,0,0,2005-07-26T10:45:00,ENGINE_EXECUTABLE_HYDRAULICALLY_UNVALIDATED
C_28514,3.3519580364227295,1.0342817306518555,0.6751031875610352,0,0,2005-07-26T10:45:00,ENGINE_EXECUTABLE_HYDRAULICALLY_UNVALIDATED
C_28515,1.8698333501815796,0.7566547393798828,0.5323525071144104,0,0,2005-07-26T10:45:00,ENGINE_EXECUTABLE_HYDRAULICALLY_UNVALIDATED
C_28516,3.3504865169525146,1.065686821937561,0.6549206376075745,0,0,2005-07-26T10:45:00,ENGINE_EXECUTABLE_HYDRAULICALLY_UNVALIDATED
C_28517,1.8651542663574219,0.7610756158828735,0.5324750542640686,0,0,2005-07-26T10:45:00,ENGINE_EXECUTABLE_HYDRAULICALLY_UNVALIDATED
C_28518,2.602160930633545,0.768994927406311,0.7048895359039307,0,0,2005-07-26T10:45:00,ENGINE_EXECUTABLE_HYDRAULICALLY_UNVALIDATED
C_28519,1.4985888004302979,0.62327641248703,0.5081883668899536,0,0,2005-07-26T10:45:00,ENGINE_EXECUTABLE_HYDRAULICALLY_UNVALIDATED
C_28520,3.1643002033233643,0.9370887279510498,0.7034080624580383,0,0,2005-07-26T10:45:00,ENGINE_EXECUTABLE_HYDRAULICALLY_UNVALIDATED
C_28521,1.4949982166290283,0.6033203601837158,0.523309051990509,0,0,2005-07-26T10:45:00,ENGINE_EXECUTABLE_HYDRAULICALLY_UNVALIDATED
C_28522,6.318768501281738,3.9693124294281006,0.795863926410675,0,0,2005-07-26T10:45:00,ENGINE_EXECUTABLE_HYDRAULICALLY_UNVALIDATED
C_28523,5.418558120727539,4.24594259262085,0.851254940032959,0,0,2005-07-26T10:45:00,ENGINE_EXECUTABLE_HYDRAULICALLY_UNVALIDATED
C_28524,6.061052322387695,3.120979070663452,0.9850878119468689,0,0,2005-07-26T10:45:00,ENGINE_EXECUTABLE_HYDRAULICALLY_UNVALIDATED
C_28525,6.22822904586792,2.831641674041748,1.0996333360671997,0,0,2005-07-26T10:45:00,ENGINE_EXECUTABLE_HYDRAULICALLY_UNVALIDATED
C_28526,6.055616855621338,2.4622812271118164,1.229539155960083,0,0,2005-07-26T10:45:00,ENGINE_EXECUTABLE_HYDRAULICALLY_UNVALIDATED
C_28528,5.8404035568237305,2.2473807334899902,1.299235463142395,0,0,2005-07-26T10:45:00,ENGINE_EXECUTABLE_HYDRAULICALLY_UNVALIDATED
C_28529,4.846162796020508,2.8647572994232178,1.1276401281356812,0,0,2005-07-26T10:45:00,ENGINE_EXECUTABLE_HYDRAULICALLY_UNVALIDATED
C_28531,9.41380786895752,3.149092674255371,0.9963461756706238,0,0,2005-07-26T10:45:00,ENGINE_EXECUTABLE_HYDRAULICALLY_UNVALIDATED
C_28532,8.529967308044434,3.8117892742156982,1.1303699016571045,0,0,2005-07-26T10:45:00,ENGINE_EXECUTABLE_HYDRAULICALLY_UNVALIDATED
C_28533,6.441151142120361,2.519545555114746,1.2780942916870117,0,0,2005-07-26T10:45:00,ENGINE_EXECUTABLE_HYDRAULICALLY_UNVALIDATED
C_28534,4.27686071395874,2.3194141387939453,1.2291566133499146,0,0,2005-07-26T10:45:00,ENGINE_EXECUTABLE_HYDRAULICALLY_UNVALIDATED
C_28535,5.858973026275635,2.266723394393921,1.2922443151474,0,0,2005-07-26T10:45:00,ENGINE_EXECUTABLE_HYDRAULICALLY_UNVALIDATED
C_28536,5.68111515045166,2.156064510345459,1.3173266649246216,0,0,2005-07-26T10:45:00,ENGINE_EXECUTABLE_HYDRAULICALLY_UNVALIDATED
C_28537,5.298724174499512,2.2446563243865967,1.1801660060882568,0,0,2005-07-26T10:45:00,ENGINE_EXECUTABLE_HYDRAULICALLY_UNVALIDATED
C_28538,5.293639659881592,2.7647626399993896,0.9572341442108154,0,0,2005-07-26T10:45:00,ENGINE_EXECUTABLE_HYDRAULICALLY_UNVALIDATED
C_28539,4.913538932800293,2.9355578422546387,0.8368072509765625,0,0,2005-07-26T10:45:00,ENGINE_EXECUTABLE_HYDRAULICALLY_UNVALIDATED
C_28540,4.719797134399414,3.0991177558898926,0.7613895535469055,0,0,2005-07-26T10:45:00,ENGINE_EXECUTABLE_HYDRAULICALLY_UNVALIDATED
C_28541,4.758387565612793,2.9805612564086914,0.798147976398468,0,0,2005-07-26T10:45:00,ENGINE_EXECUTABLE_HYDRAULICALLY_UNVALIDATED
C_28542,3.705000162124634,2.178168535232544,1.1338539123535156,0,0,2005-07-26T10:45:00,ENGINE_EXECUTABLE_HYDRAULICALLY_UNVALIDATED
C_28543,4.7242112159729,2.759293556213379,0.8559591174125671,0,0,2005-07-26T10:45:00,ENGINE_EXECUTABLE_HYDRAULICALLY_UNVALIDATED
C_28544,4.548162937164307,2.726370334625244,0.8340129852294922,0,0,2005-07-26T10:45:00,ENGINE_EXECUTABLE_HYDRAULICALLY_UNVALIDATED
C_28545,4.360978603363037,2.701946496963501,0.8069170117378235,0,0,2005-07-26T10:45:00,ENGINE_EXECUTABLE_HYDRAULICALLY_UNVALIDATED
C_28546,4.170900344848633,2.5265910625457764,0.8253089189529419,0,0,2005-07-26T10:45:00,ENGINE_EXECUTABLE_HYDRAULICALLY_UNVALIDATED
C_28547,3.322516918182373,2.5003490447998047,0.8890082240104675,0,0,2005-07-26T10:45:00,ENGINE_EXECUTABLE_HYDRAULICALLY_UNVALIDATED
C_28548,4.17130184173584,2.757826328277588,0.7561820149421692,0,0,2005-07-26T10:45:00,ENGINE_EXECUTABLE_HYDRAULICALLY_UNVALIDATED
C_28549,3.4593071937561035,2.970186471939087,0.7763647437095642,0,0,2005-07-26T10:45:00,ENGINE_EXECUTABLE_HYDRAULICALLY_UNVALIDATED
C_28550,3.9823763370513916,2.917847156524658,0.6823408603668213,0,0,2005-07-26T10:45:00,ENGINE_EXECUTABLE_HYDRAULICALLY_UNVALIDATED
C_28551,3.7909960746765137,2.505643606185913,0.7564072608947754,0,0,2005-07-26T10:45:00,ENGINE_EXECUTABLE_HYDRAULICALLY_UNVALIDATED
C_28552,0.18959425389766693,0.31998753547668457,0.4253743588924408,0,0,2005-07-26T10:45:00,ENGINE_EXECUTABLE_HYDRAULICALLY_UNVALIDATED
C_28553,0.001220653299242258,0.008026844821870327,0.11527225375175476,0,0,2005-07-26T10:30:00,ENGINE_EXECUTABLE_HYDRAULICALLY_UNVALIDATED
C_28554,1.2625885009765625,0.8276903033256531,0.7045108675956726,0,0,2005-07-26T10:45:00,ENGINE_EXECUTABLE_HYDRAULICALLY_UNVALIDATED
C_28555,1.2631714344024658,0.627244234085083,0.6712062358856201,0,0,2005-07-26T10:45:00,ENGINE_EXECUTABLE_HYDRAULICALLY_UNVALIDATED
C_28556,1.4506696462631226,0.9515473246574402,0.7621839046478271,0,0,2005-07-26T10:45:00,ENGINE_EXECUTABLE_HYDRAULICALLY_UNVALIDATED
C_28557,0.0,0.0,0.01667885296046734,0,0,2005-07-26T00:15:00,ENGINE_EXECUTABLE_HYDRAULICALLY_UNVALIDATED
C_28558,5.661432266235352,2.9295835494995117,1.2881925106048584,0,0,2005-07-26T10:45:00,ENGINE_EXECUTABLE_HYDRAULICALLY_UNVALIDATED
C_28559,1.2638702392578125,0.7532854080200195,0.5592078566551208,0,0,2005-07-26T10:45:00,ENGINE_EXECUTABLE_HYDRAULICALLY_UNVALIDATED
C_28560,1.2643113136291504,0.9444261789321899,0.44618645310401917,0,0,2005-07-26T10:45:00,ENGINE_EXECUTABLE_HYDRAULICALLY_UNVALIDATED
C_28561,1.2644051313400269,2.2293052673339844,0.7510350942611694,0,0,2005-07-26T10:45:00,ENGINE_EXECUTABLE_HYDRAULICALLY_UNVALIDATED
C_28562,1.0778520107269287,1.7136027812957764,0.8682301640510559,0,0,2005-07-26T10:45:00,ENGINE_EXECUTABLE_HYDRAULICALLY_UNVALIDATED
C_28563,5.472588539123535,2.5932934284210205,1.4067001342773438,0,0,2005-07-26T10:45:00,ENGINE_EXECUTABLE_HYDRAULICALLY_UNVALIDATED
C_28564,1.0779016017913818,1.694165587425232,0.8999999761581421,30,30,2005-07-26T10:45:00,ENGINE_EXECUTABLE_HYDRAULICALLY_UNVALIDATED
C_28565,4.915049076080322,2.4984686374664307,1.3113369941711426,0,0,2005-07-26T10:45:00,ENGINE_EXECUTABLE_HYDRAULICALLY_UNVALIDATED
C_28566,0.9098631739616394,1.4300552606582642,0.8999999761581421,45,45,2005-07-26T10:45:00,ENGINE_EXECUTABLE_HYDRAULICALLY_UNVALIDATED
C_28567,4.540573596954346,2.9306814670562744,1.038748025894165,0,0,2005-07-26T10:45:00,ENGINE_EXECUTABLE_HYDRAULICALLY_UNVALIDATED
C_28568,0.7372215390205383,1.15871000289917,0.8999999761581421,45,45,2005-07-26T10:45:00,ENGINE_EXECUTABLE_HYDRAULICALLY_UNVALIDATED
C_28569,3.1305389404296875,2.516209363937378,0.8293401598930359,0,0,2005-07-26T10:45:00,ENGINE_EXECUTABLE_HYDRAULICALLY_UNVALIDATED
C_28570,2.3413567543029785,2.0672807693481445,0.6466768383979797,0,0,2005-07-26T10:45:00,ENGINE_EXECUTABLE_HYDRAULICALLY_UNVALIDATED
C_28571,2.750856637954712,2.289512872695923,0.8009128570556641,0,0,2005-07-26T10:45:00,ENGINE_EXECUTABLE_HYDRAULICALLY_UNVALIDATED
C_28572,1.973256230354309,2.129760265350342,0.5147929191589355,0,0,2005-07-26T10:45:00,ENGINE_EXECUTABLE_HYDRAULICALLY_UNVALIDATED
C_28573,1.693596601486206,1.7901291847229004,0.6266228556632996,0,0,2005-07-26T14:15:00,ENGINE_EXECUTABLE_HYDRAULICALLY_UNVALIDATED
C_28574,2.5717613697052,2.317873954772949,0.7398475408554077,0,0,2005-07-26T10:45:00,ENGINE_EXECUTABLE_HYDRAULICALLY_UNVALIDATED
C_28575,1.497926115989685,0.5816991329193115,0.5421744585037231,0,0,2005-07-26T10:45:00,ENGINE_EXECUTABLE_HYDRAULICALLY_UNVALIDATED
C_28576,0.006675136275589466,0.021336518228054047,0.37897995114326477,0,0,2005-07-26T10:00:00,ENGINE_EXECUTABLE_HYDRAULICALLY_UNVALIDATED
C_28577,1.4957704544067383,0.5427168011665344,0.5769742131233215,0,0,2005-07-26T10:45:00,ENGINE_EXECUTABLE_HYDRAULICALLY_UNVALIDATED
C_28578,0.7532825469970703,0.3536125123500824,0.44375234842300415,0,0,2005-07-26T10:45:00,ENGINE_EXECUTABLE_HYDRAULICALLY_UNVALIDATED
C_28579,3.427396535873413,3.4398446083068848,0.5748348832130432,0,0,2005-07-26T10:45:00,ENGINE_EXECUTABLE_HYDRAULICALLY_UNVALIDATED
C_28580,3.427399158477783,3.1133337020874023,0.6115305423736572,0,0,2005-07-26T10:45:00,ENGINE_EXECUTABLE_HYDRAULICALLY_UNVALIDATED
C_28582,0.5646166801452637,0.8462488651275635,0.44475001096725464,0,0,2005-07-26T10:45:00,ENGINE_EXECUTABLE_HYDRAULICALLY_UNVALIDATED
C_28584,3.23897123336792,5.322845935821533,1.0206438302993774,0,0,2005-07-26T10:45:00,ENGINE_EXECUTABLE_HYDRAULICALLY_UNVALIDATED
C_28586,1.493557333946228,0.5047955513000488,0.6163349151611328,0,0,2005-07-26T10:45:00,ENGINE_EXECUTABLE_HYDRAULICALLY_UNVALIDATED
C_28587,1.5122095346450806,0.6720477938652039,0.47168830037117004,0,0,2005-07-26T10:45:00,ENGINE_EXECUTABLE_HYDRAULICALLY_UNVALIDATED
C_28588,3.4889256954193115,3.645284414291382,1.5950000286102295,360,360,2005-07-26T10:45:00,ENGINE_EXECUTABLE_HYDRAULICALLY_UNVALIDATED
C_28589,3.273754835128784,1.1380163431167603,1.5980000495910645,375,360,2005-07-26T11:30:00,ENGINE_EXECUTABLE_HYDRAULICALLY_UNVALIDATED
C_28591,9.865296363830566,2.8262555599212646,1.9390000104904175,315,300,2005-07-26T10:45:00,ENGINE_EXECUTABLE_HYDRAULICALLY_UNVALIDATED
C_28592,9.484496116638184,3.5170745849609375,1.4980000257492065,330,330,2005-07-26T10:45:00,ENGINE_EXECUTABLE_HYDRAULICALLY_UNVALIDATED
C_28593,2.2411551475524902,0.6925906538963318,0.6740710735321045,0,0,2005-07-26T10:45:00,ENGINE_EXECUTABLE_HYDRAULICALLY_UNVALIDATED
C_28594,1.507238507270813,0.6585894823074341,0.4819567799568176,0,0,2005-07-26T10:45:00,ENGINE_EXECUTABLE_HYDRAULICALLY_UNVALIDATED
C_28595,2.055150032043457,0.6585505604743958,0.6500769853591919,0,0,2005-07-26T10:45:00,ENGINE_EXECUTABLE_HYDRAULICALLY_UNVALIDATED
C_28596,1.5102964639663696,0.6669439077377319,0.4756518602371216,0,0,2005-07-26T10:45:00,ENGINE_EXECUTABLE_HYDRAULICALLY_UNVALIDATED
C_28597,8.910429000854492,3.2997913360595703,1.5,165,165,2005-07-26T10:45:00,ENGINE_EXECUTABLE_HYDRAULICALLY_UNVALIDATED
C_28598,2.4203672409057617,0.7326280474662781,0.6881896257400513,0,0,2005-07-26T10:45:00,ENGINE_EXECUTABLE_HYDRAULICALLY_UNVALIDATED
C_28599,1.5044413805007935,0.6505858898162842,0.48784834146499634,0,0,2005-07-26T10:45:00,ENGINE_EXECUTABLE_HYDRAULICALLY_UNVALIDATED
C_28600,2.604379653930664,0.7794665694236755,0.6960127353668213,0,0,2005-07-26T10:45:00,ENGINE_EXECUTABLE_HYDRAULICALLY_UNVALIDATED
C_28601,1.502117395401001,0.6399099826812744,0.495816707611084,0,0,2005-07-26T10:45:00,ENGINE_EXECUTABLE_HYDRAULICALLY_UNVALIDATED
C_28602,8.335846900939941,3.0870070457458496,1.5,60,60,2005-07-26T10:45:00,ENGINE_EXECUTABLE_HYDRAULICALLY_UNVALIDATED
C_28606,37.422401428222656,2.923020601272583,0.8967863321304321,0,0,2005-07-26T10:45:00,ENGINE_EXECUTABLE_HYDRAULICALLY_UNVALIDATED
C_28607,39.335838317871094,3.318877696990967,0.8340370059013367,0,0,2005-07-26T10:45:00,ENGINE_EXECUTABLE_HYDRAULICALLY_UNVALIDATED
C_28608,44.5295295715332,3.7396175861358643,0.808459460735321,0,0,2005-07-26T10:45:00,ENGINE_EXECUTABLE_HYDRAULICALLY_UNVALIDATED
C_28609,43.17888259887695,3.2324914932250977,0.9175792932510376,0,0,2005-07-26T10:45:00,ENGINE_EXECUTABLE_HYDRAULICALLY_UNVALIDATED
C_28610,41.3889045715332,2.8928606510162354,0.9872785210609436,0,0,2005-07-26T10:45:00,ENGINE_EXECUTABLE_HYDRAULICALLY_UNVALIDATED
C_28611,40.13568115234375,2.751255989074707,1.0067991018295288,0,0,2005-07-26T10:45:00,ENGINE_EXECUTABLE_HYDRAULICALLY_UNVALIDATED
C_28612,41.79425048828125,2.6690657138824463,1.0848064422607422,0,0,2005-07-26T10:45:00,ENGINE_EXECUTABLE_HYDRAULICALLY_UNVALIDATED
C_28613,46.741363525390625,4.615813732147217,1.2656532526016235,0,0,2005-07-26T10:45:00,ENGINE_EXECUTABLE_HYDRAULICALLY_UNVALIDATED
C_28614,38.719390869140625,3.722545623779297,1.3817906379699707,0,0,2005-07-26T10:45:00,ENGINE_EXECUTABLE_HYDRAULICALLY_UNVALIDATED
C_28615,36.59718704223633,4.27784538269043,1.6847736835479736,0,0,2005-07-26T10:30:00,ENGINE_EXECUTABLE_HYDRAULICALLY_UNVALIDATED
C_28616,40.586395263671875,2.0885744094848633,1.6200751066207886,0,0,2005-07-26T10:30:00,ENGINE_EXECUTABLE_HYDRAULICALLY_UNVALIDATED
C_28617,37.37904357910156,2.5122625827789307,1.309653401374817,0,0,2005-07-26T11:00:00,ENGINE_EXECUTABLE_HYDRAULICALLY_UNVALIDATED
C_28618,35.801334381103516,2.101778984069824,1.3463927507400513,0,0,2005-07-26T10:30:00,ENGINE_EXECUTABLE_HYDRAULICALLY_UNVALIDATED
C_28619,35.21811294555664,2.561309814453125,1.3265818357467651,0,0,2005-07-26T10:45:00,ENGINE_EXECUTABLE_HYDRAULICALLY_UNVALIDATED
C_28620,36.972808837890625,3.2646524906158447,1.3709356784820557,0,0,2005-07-26T10:45:00,ENGINE_EXECUTABLE_HYDRAULICALLY_UNVALIDATED
C_28621,34.02843475341797,3.0463972091674805,1.4681237936019897,0,0,2005-07-26T10:45:00,ENGINE_EXECUTABLE_HYDRAULICALLY_UNVALIDATED
C_28622,33.174686431884766,1.944305181503296,1.4772738218307495,0,0,2005-07-26T10:30:00,ENGINE_EXECUTABLE_HYDRAULICALLY_UNVALIDATED
C_28623,31.971372604370117,1.9361010789871216,1.3666095733642578,0,0,2005-07-26T10:45:00,ENGINE_EXECUTABLE_HYDRAULICALLY_UNVALIDATED
C_28624,5.708323955535889,2.536750316619873,1.5,60,60,2005-07-26T10:45:00,ENGINE_EXECUTABLE_HYDRAULICALLY_UNVALIDATED
C_28625,5.5161004066467285,2.451327323913574,1.5,60,60,2005-07-26T10:45:00,ENGINE_EXECUTABLE_HYDRAULICALLY_UNVALIDATED
C_28632,30.87245750427246,2.139714241027832,1.22857666015625,0,0,2005-07-26T10:45:00,ENGINE_EXECUTABLE_HYDRAULICALLY_UNVALIDATED
C_28633,30.676149368286133,1.9634965658187866,1.280408501625061,0,0,2005-07-26T10:45:00,ENGINE_EXECUTABLE_HYDRAULICALLY_UNVALIDATED
C_28634,30.90995216369629,2.4154179096221924,1.1861021518707275,0,0,2005-07-26T10:45:00,ENGINE_EXECUTABLE_HYDRAULICALLY_UNVALIDATED
C_28635,30.608314514160156,2.1905882358551025,1.173146367073059,0,0,2005-07-26T10:45:00,ENGINE_EXECUTABLE_HYDRAULICALLY_UNVALIDATED
C_28636,30.512022018432617,2.3942182064056396,1.1628552675247192,0,0,2005-07-26T10:45:00,ENGINE_EXECUTABLE_HYDRAULICALLY_UNVALIDATED
C_28637,29.992258071899414,2.0611188411712646,1.1198080778121948,0,0,2005-07-26T10:45:00,ENGINE_EXECUTABLE_HYDRAULICALLY_UNVALIDATED
C_28638,29.77157211303711,2.1555440425872803,1.0727040767669678,0,0,2005-07-26T10:45:00,ENGINE_EXECUTABLE_HYDRAULICALLY_UNVALIDATED
C_28639,29.558006286621094,2.107353687286377,1.1084496974945068,0,0,2005-07-26T10:45:00,ENGINE_EXECUTABLE_HYDRAULICALLY_UNVALIDATED
C_28640,29.436416625976562,2.0797715187072754,1.1797068119049072,0,0,2005-07-26T10:45:00,ENGINE_EXECUTABLE_HYDRAULICALLY_UNVALIDATED
C_28641,27.551454544067383,1.8705869913101196,1.2272613048553467,0,0,2005-07-26T10:45:00,ENGINE_EXECUTABLE_HYDRAULICALLY_UNVALIDATED
C_28642,27.55461311340332,1.817861795425415,1.2630014419555664,0,0,2005-07-26T10:45:00,ENGINE_EXECUTABLE_HYDRAULICALLY_UNVALIDATED
C_28643,27.568265914916992,1.7674294710159302,1.299683928489685,0,0,2005-07-26T10:45:00,ENGINE_EXECUTABLE_HYDRAULICALLY_UNVALIDATED
C_28644,27.390289306640625,1.718499779701233,1.328059434890747,0,0,2005-07-26T10:45:00,ENGINE_EXECUTABLE_HYDRAULICALLY_UNVALIDATED
C_28645,27.394634246826172,2.6986424922943115,1.379844307899475,0,0,2005-07-26T10:45:00,ENGINE_EXECUTABLE_HYDRAULICALLY_UNVALIDATED
C_28646,27.39607048034668,2.5474531650543213,1.4618135690689087,0,0,2005-07-26T10:45:00,ENGINE_EXECUTABLE_HYDRAULICALLY_UNVALIDATED
C_28647,27.020566940307617,1.6243376731872559,1.5120881795883179,0,0,2005-07-26T10:45:00,ENGINE_EXECUTABLE_HYDRAULICALLY_UNVALIDATED
C_28648,27.027751922607422,1.3674018383026123,1.5202746391296387,0,0,2005-07-26T10:45:00,ENGINE_EXECUTABLE_HYDRAULICALLY_UNVALIDATED
C_28649,26.853498458862305,1.3496826887130737,1.5303032398223877,0,0,2005-07-26T10:45:00,ENGINE_EXECUTABLE_HYDRAULICALLY_UNVALIDATED
C_28650,26.86615562438965,1.3506938219070435,1.5298783779144287,0,0,2005-07-26T10:45:00,ENGINE_EXECUTABLE_HYDRAULICALLY_UNVALIDATED
C_28651,26.879823684692383,1.381016492843628,1.4970483779907227,0,0,2005-07-26T10:45:00,ENGINE_EXECUTABLE_HYDRAULICALLY_UNVALIDATED
C_28652,26.904069900512695,1.4214719533920288,1.455754041671753,0,0,2005-07-26T10:45:00,ENGINE_EXECUTABLE_HYDRAULICALLY_UNVALIDATED
C_28653,26.727991104125977,1.4774161577224731,1.391463279724121,0,0,2005-07-26T10:45:00,ENGINE_EXECUTABLE_HYDRAULICALLY_UNVALIDATED
C_28654,26.360498428344727,1.550011396408081,1.3080580234527588,0,0,2005-07-26T10:45:00,ENGINE_EXECUTABLE_HYDRAULICALLY_UNVALIDATED
C_28655,26.365129470825195,1.622345209121704,1.249956488609314,0,0,2005-07-26T10:45:00,ENGINE_EXECUTABLE_HYDRAULICALLY_UNVALIDATED
C_28656,7.410486698150635,2.5329651832580566,0.7313228249549866,0,0,2005-07-26T10:45:00,ENGINE_EXECUTABLE_HYDRAULICALLY_UNVALIDATED
C_28657,18.579374313354492,1.218430519104004,1.1744133234024048,0,0,2005-07-26T10:45:00,ENGINE_EXECUTABLE_HYDRAULICALLY_UNVALIDATED
C_28658,18.57925033569336,1.3277921676635742,1.0797550678253174,0,0,2005-07-26T10:45:00,ENGINE_EXECUTABLE_HYDRAULICALLY_UNVALIDATED
C_28659,17.791322708129883,1.3703100681304932,1.002363920211792,0,0,2005-07-26T10:45:00,ENGINE_EXECUTABLE_HYDRAULICALLY_UNVALIDATED
C_28660,17.784284591674805,1.4479961395263672,0.9490700960159302,0,0,2005-07-26T10:45:00,ENGINE_EXECUTABLE_HYDRAULICALLY_UNVALIDATED
C_28661,17.78327178955078,1.4859026670455933,0.9249702095985413,0,0,2005-07-26T10:45:00,ENGINE_EXECUTABLE_HYDRAULICALLY_UNVALIDATED
C_28662,17.59122657775879,1.4969487190246582,0.908107340335846,0,0,2005-07-26T10:45:00,ENGINE_EXECUTABLE_HYDRAULICALLY_UNVALIDATED
C_28663,7.221323013305664,2.447495460510254,0.7375416159629822,0,0,2005-07-26T10:45:00,ENGINE_EXECUTABLE_HYDRAULICALLY_UNVALIDATED
C_28664,5.5377302169799805,2.014554738998413,0.6871386766433716,0,0,2005-07-26T10:45:00,ENGINE_EXECUTABLE_HYDRAULICALLY_UNVALIDATED
C_28665,1.7563343048095703,1.1516293287277222,0.3388703465461731,0,0,2005-07-26T10:45:00,ENGINE_EXECUTABLE_HYDRAULICALLY_UNVALIDATED
C_28666,4.967370510101318,1.789965033531189,0.4624687433242798,0,0,2005-07-26T10:45:00,ENGINE_EXECUTABLE_HYDRAULICALLY_UNVALIDATED
C_28667,1.7560547590255737,1.1129978895187378,0.3505765199661255,0,0,2005-07-26T10:45:00,ENGINE_EXECUTABLE_HYDRAULICALLY_UNVALIDATED
C_28668,6.35317850112915,2.2865002155303955,0.6173890233039856,0,0,2005-07-26T10:45:00,ENGINE_EXECUTABLE_HYDRAULICALLY_UNVALIDATED
C_28669,6.163281440734863,2.134533166885376,0.5774185061454773,0,0,2005-07-26T10:45:00,ENGINE_EXECUTABLE_HYDRAULICALLY_UNVALIDATED
C_28670,6.163466453552246,2.5513429641723633,0.48310086131095886,0,0,2005-07-26T10:45:00,ENGINE_EXECUTABLE_HYDRAULICALLY_UNVALIDATED
C_28671,6.163616180419922,2.447256088256836,0.48317384719848633,0,0,2005-07-26T10:45:00,ENGINE_EXECUTABLE_HYDRAULICALLY_UNVALIDATED
C_28676,17.590614318847656,1.5500627756118774,0.8766314387321472,0,0,2005-07-26T10:45:00,ENGINE_EXECUTABLE_HYDRAULICALLY_UNVALIDATED
C_28677,17.581462860107422,1.5989279747009277,0.849838376045227,0,0,2005-07-26T10:45:00,ENGINE_EXECUTABLE_HYDRAULICALLY_UNVALIDATED
C_28678,17.383609771728516,1.6044105291366577,0.8374118208885193,0,0,2005-07-26T10:45:00,ENGINE_EXECUTABLE_HYDRAULICALLY_UNVALIDATED
C_28679,17.163684844970703,1.653355598449707,0.8021054863929749,0,0,2005-07-26T10:45:00,ENGINE_EXECUTABLE_HYDRAULICALLY_UNVALIDATED
C_28680,17.17827796936035,1.627079725265503,0.816021203994751,0,0,2005-07-26T10:45:00,ENGINE_EXECUTABLE_HYDRAULICALLY_UNVALIDATED
C_28681,17.152633666992188,1.6693209409713745,0.7934787273406982,0,0,2005-07-26T10:45:00,ENGINE_EXECUTABLE_HYDRAULICALLY_UNVALIDATED
C_28682,16.958635330200195,1.6919275522232056,0.7725274562835693,0,0,2005-07-26T10:45:00,ENGINE_EXECUTABLE_HYDRAULICALLY_UNVALIDATED
C_28683,17.147064208984375,1.6930943727493286,0.7813864350318909,0,0,2005-07-26T10:45:00,ENGINE_EXECUTABLE_HYDRAULICALLY_UNVALIDATED
C_28684,16.9649715423584,1.7049797773361206,0.7661958932876587,0,0,2005-07-26T10:45:00,ENGINE_EXECUTABLE_HYDRAULICALLY_UNVALIDATED
C_28685,16.97457504272461,1.715644121170044,0.7612287402153015,0,0,2005-07-26T10:45:00,ENGINE_EXECUTABLE_HYDRAULICALLY_UNVALIDATED
C_28686,16.995607376098633,1.7290784120559692,0.7560148239135742,0,0,2005-07-26T10:45:00,ENGINE_EXECUTABLE_HYDRAULICALLY_UNVALIDATED
C_28687,16.835752487182617,1.7247997522354126,0.7507618069648743,0,0,2005-07-26T10:45:00,ENGINE_EXECUTABLE_HYDRAULICALLY_UNVALIDATED
C_28688,1.7558015584945679,1.169007420539856,0.3337315618991852,0,0,2005-07-26T10:45:00,ENGINE_EXECUTABLE_HYDRAULICALLY_UNVALIDATED
C_28689,1.9460968971252441,1.469412088394165,0.2942794859409332,0,0,2005-07-26T10:45:00,ENGINE_EXECUTABLE_HYDRAULICALLY_UNVALIDATED
C_28690,1.9458096027374268,1.6225125789642334,0.26647189259529114,0,0,2005-07-26T10:45:00,ENGINE_EXECUTABLE_HYDRAULICALLY_UNVALIDATED
C_28691,2.490845203399658,2.394024610519409,0.41729915142059326,0,0,2005-07-26T10:45:00,ENGINE_EXECUTABLE_HYDRAULICALLY_UNVALIDATED
C_28692,2.56256365776062,2.621462106704712,0.45146578550338745,0,0,2005-07-26T10:30:00,ENGINE_EXECUTABLE_HYDRAULICALLY_UNVALIDATED
C_28693,2.4691169261932373,2.188629388809204,0.5210305452346802,0,0,2005-07-26T10:30:00,ENGINE_EXECUTABLE_HYDRAULICALLY_UNVALIDATED
C_28694,2.5239758491516113,2.5349268913269043,0.49358901381492615,0,0,2005-07-26T10:30:00,ENGINE_EXECUTABLE_HYDRAULICALLY_UNVALIDATED
C_28695,2.4801454544067383,2.134502649307251,0.5366290211677551,0,0,2005-07-26T10:30:00,ENGINE_EXECUTABLE_HYDRAULICALLY_UNVALIDATED
C_28696,2.4859743118286133,2.2516818046569824,0.5098980665206909,0,0,2005-07-26T10:30:00,ENGINE_EXECUTABLE_HYDRAULICALLY_UNVALIDATED
C_28697,4.342153549194336,1.966457724571228,0.36797723174095154,0,0,2005-07-26T10:45:00,ENGINE_EXECUTABLE_HYDRAULICALLY_UNVALIDATED
C_28698,2.5221478939056396,2.4153900146484375,0.531811535358429,0,0,2005-07-26T10:30:00,ENGINE_EXECUTABLE_HYDRAULICALLY_UNVALIDATED
C_28699,6.163878917694092,2.1218502521514893,0.5579391717910767,0,0,2005-07-26T10:45:00,ENGINE_EXECUTABLE_HYDRAULICALLY_UNVALIDATED
C_28700,6.16453742980957,1.2313300371170044,0.6357439756393433,0,0,2005-07-26T10:45:00,ENGINE_EXECUTABLE_HYDRAULICALLY_UNVALIDATED
C_28701,6.164144992828369,1.8489468097686768,0.6219210624694824,0,0,2005-07-26T10:45:00,ENGINE_EXECUTABLE_HYDRAULICALLY_UNVALIDATED
C_28702,6.164295673370361,1.5234107971191406,0.6388642191886902,0,0,2005-07-26T10:45:00,ENGINE_EXECUTABLE_HYDRAULICALLY_UNVALIDATED
C_28703,2.570659875869751,2.43743634223938,0.543727457523346,0,0,2005-07-26T10:30:00,ENGINE_EXECUTABLE_HYDRAULICALLY_UNVALIDATED
C_28704,5.2445244789123535,1.942452311515808,0.6511455178260803,0,0,2005-07-26T10:45:00,ENGINE_EXECUTABLE_HYDRAULICALLY_UNVALIDATED
C_28705,5.054773807525635,2.0181479454040527,0.6920090913772583,0,0,2005-07-26T10:45:00,ENGINE_EXECUTABLE_HYDRAULICALLY_UNVALIDATED
C_28706,4.1572065353393555,1.2355408668518066,0.7033892273902893,0,0,2005-07-26T10:45:00,ENGINE_EXECUTABLE_HYDRAULICALLY_UNVALIDATED
C_28707,3.9721627235412598,1.288737177848816,0.691777765750885,0,0,2005-07-26T10:45:00,ENGINE_EXECUTABLE_HYDRAULICALLY_UNVALIDATED
C_28708,3.422473669052124,1.9461592435836792,0.7213042974472046,0,0,2005-07-26T10:45:00,ENGINE_EXECUTABLE_HYDRAULICALLY_UNVALIDATED
C_28709,3.230921506881714,0.3717805743217468,0.7245166301727295,0,0,2005-07-26T10:45:00,ENGINE_EXECUTABLE_HYDRAULICALLY_UNVALIDATED
C_28710,3.2315282821655273,0.40992605686187744,0.6586285829544067,0,0,2005-07-26T10:45:00,ENGINE_EXECUTABLE_HYDRAULICALLY_UNVALIDATED
C_28817,0.0,0.0,3.0479999622912146e-05,0,0,2005-07-26T00:15:00,ENGINE_EXECUTABLE_HYDRAULICALLY_UNVALIDATED
C_28818,0.0,0.0,3.0479999622912146e-05,0,0,2005-07-26T00:15:00,ENGINE_EXECUTABLE_HYDRAULICALLY_UNVALIDATED
C_28906,0.0,0.0,3.0479999622912146e-05,0,0,2005-07-26T00:15:00,ENGINE_EXECUTABLE_HYDRAULICALLY_UNVALIDATED
C_28907,0.0,0.0,3.0479999622912146e-05,0,0,2005-07-26T00:15:00,ENGINE_EXECUTABLE_HYDRAULICALLY_UNVALIDATED
C_28908,0.0,0.0,3.0479999622912146e-05,0,0,2005-07-26T00:15:00,ENGINE_EXECUTABLE_HYDRAULICALLY_UNVALIDATED
C_28909,0.0,0.0,3.0479999622912146e-05,0,0,2005-07-26T00:15:00,ENGINE_EXECUTABLE_HYDRAULICALLY_UNVALIDATED
C_28910,0.0,0.0,3.0479999622912146e-05,0,0,2005-07-26T00:15:00,ENGINE_EXECUTABLE_HYDRAULICALLY_UNVALIDATED
C_28911,0.0,0.0,3.0479999622912146e-05,0,0,2005-07-26T00:15:00,ENGINE_EXECUTABLE_HYDRAULICALLY_UNVALIDATED
C_28912,0.0,0.0,3.0479999622912146e-05,0,0,2005-07-26T00:15:00,ENGINE_EXECUTABLE_HYDRAULICALLY_UNVALIDATED
C_28913,0.0,0.0,3.0479999622912146e-05,0,0,2005-07-26T00:15:00,ENGINE_EXECUTABLE_HYDRAULICALLY_UNVALIDATED
C_28914,0.0,0.0,3.0479999622912146e-05,0,0,2005-07-26T00:15:00,ENGINE_EXECUTABLE_HYDRAULICALLY_UNVALIDATED
C_28915,0.0,0.0,3.0479999622912146e-05,0,0,2005-07-26T00:15:00,ENGINE_EXECUTABLE_HYDRAULICALLY_UNVALIDATED
C_28916,0.0,0.0,3.0479999622912146e-05,0,0,2005-07-26T00:15:00,ENGINE_EXECUTABLE_HYDRAULICALLY_UNVALIDATED
C_28917,0.0,0.0,3.0479999622912146e-05,0,0,2005-07-26T00:15:00,ENGINE_EXECUTABLE_HYDRAULICALLY_UNVALIDATED
C_28918,0.0,0.0,3.0479999622912146e-05,0,0,2005-07-26T00:15:00,ENGINE_EXECUTABLE_HYDRAULICALLY_UNVALIDATED
C_28919,0.0,0.0,3.0479999622912146e-05,0,0,2005-07-26T00:15:00,ENGINE_EXECUTABLE_HYDRAULICALLY_UNVALIDATED
C_28920,0.0,0.0,3.0479999622912146e-05,0,0,2005-07-26T00:15:00,ENGINE_EXECUTABLE_HYDRAULICALLY_UNVALIDATED
C_28921,0.0,0.0,3.0479999622912146e-05,0,0,2005-07-26T00:15:00,ENGINE_EXECUTABLE_HYDRAULICALLY_UNVALIDATED
C_28922,0.0,0.0,3.0479999622912146e-05,0,0,2005-07-26T00:15:00,ENGINE_EXECUTABLE_HYDRAULICALLY_UNVALIDATED
C_28923,0.0,0.0,3.0479999622912146e-05,0,0,2005-07-26T00:15:00,ENGINE_EXECUTABLE_HYDRAULICALLY_UNVALIDATED
C_28924,0.0,0.0,3.0479999622912146e-05,0,0,2005-07-26T00:15:00,ENGINE_EXECUTABLE_HYDRAULICALLY_UNVALIDATED
C_28925,0.0,0.0,3.0479999622912146e-05,0,0,2005-07-26T00:15:00,ENGINE_EXECUTABLE_HYDRAULICALLY_UNVALIDATED
C_28926,0.0,0.0,3.0479999622912146e-05,0,0,2005-07-26T00:15:00,ENGINE_EXECUTABLE_HYDRAULICALLY_UNVALIDATED
C_28927,0.0,0.0,3.0479999622912146e-05,0,0,2005-07-26T00:15:00,ENGINE_EXECUTABLE_HYDRAULICALLY_UNVALIDATED
C_28928,0.0,0.0,3.0479999622912146e-05,0,0,2005-07-26T00:15:00,ENGINE_EXECUTABLE_HYDRAULICALLY_UNVALIDATED
C_28929,0.0,0.0,3.0479999622912146e-05,0,0,2005-07-26T00:15:00,ENGINE_EXECUTABLE_HYDRAULICALLY_UNVALIDATED
C_28930,0.0,0.0,3.0479999622912146e-05,0,0,2005-07-26T00:15:00,ENGINE_EXECUTABLE_HYDRAULICALLY_UNVALIDATED
C_28931,0.0,0.0,3.0479999622912146e-05,0,0,2005-07-26T00:15:00,ENGINE_EXECUTABLE_HYDRAULICALLY_UNVALIDATED
C_28932,0.0,0.0,3.0479999622912146e-05,0,0,2005-07-26T00:15:00,ENGINE_EXECUTABLE_HYDRAULICALLY_UNVALIDATED
C_28933,0.0,0.0,3.0479999622912146e-05,0,0,2005-07-26T00:15:00,ENGINE_EXECUTABLE_HYDRAULICALLY_UNVALIDATED
C_28934,0.0,0.0,3.0479999622912146e-05,0,0,2005-07-26T00:15:00,ENGINE_EXECUTABLE_HYDRAULICALLY_UNVALIDATED
C_28935,0.0,0.0,3.0479999622912146e-05,0,0,2005-07-26T00:15:00,ENGINE_EXECUTABLE_HYDRAULICALLY_UNVALIDATED
C_28936,0.0,0.0,3.0479999622912146e-05,0,0,2005-07-26T00:15:00,ENGINE_EXECUTABLE_HYDRAULICALLY_UNVALIDATED
C_28937,0.0,0.0,3.0479999622912146e-05,0,0,2005-07-26T00:15:00,ENGINE_EXECUTABLE_HYDRAULICALLY_UNVALIDATED
C_28938,0.0,0.0,3.0479999622912146e-05,0,0,2005-07-26T00:15:00,ENGINE_EXECUTABLE_HYDRAULICALLY_UNVALIDATED
C_28939,0.0,0.0,3.0479999622912146e-05,0,0,2005-07-26T00:15:00,ENGINE_EXECUTABLE_HYDRAULICALLY_UNVALIDATED
C_28940,0.0,0.0,3.0479999622912146e-05,0,0,2005-07-26T00:15:00,ENGINE_EXECUTABLE_HYDRAULICALLY_UNVALIDATED
C_28941,0.0,0.0,3.0479999622912146e-05,0,0,2005-07-26T00:15:00,ENGINE_EXECUTABLE_HYDRAULICALLY_UNVALIDATED
C_28942,0.0,0.0,3.0479999622912146e-05,0,0,2005-07-26T00:15:00,ENGINE_EXECUTABLE_HYDRAULICALLY_UNVALIDATED
C_28943,0.0,0.0,3.0479999622912146e-05,0,0,2005-07-26T00:15:00,ENGINE_EXECUTABLE_HYDRAULICALLY_UNVALIDATED
C_28944,0.0,0.0,3.0479999622912146e-05,0,0,2005-07-26T00:15:00,ENGINE_EXECUTABLE_HYDRAULICALLY_UNVALIDATED
C_28945,0.0,0.0,3.0479999622912146e-05,0,0,2005-07-26T00:15:00,ENGINE_EXECUTABLE_HYDRAULICALLY_UNVALIDATED
C_28946,0.0,0.0,3.0479999622912146e-05,0,0,2005-07-26T00:15:00,ENGINE_EXECUTABLE_HYDRAULICALLY_UNVALIDATED
C_28947,0.0,0.0,3.0479999622912146e-05,0,0,2005-07-26T00:15:00,ENGINE_EXECUTABLE_HYDRAULICALLY_UNVALIDATED
C_28948,0.0,0.0,3.0479999622912146e-05,0,0,2005-07-26T00:15:00,ENGINE_EXECUTABLE_HYDRAULICALLY_UNVALIDATED
C_28949,0.0,0.0,3.0479999622912146e-05,0,0,2005-07-26T00:15:00,ENGINE_EXECUTABLE_HYDRAULICALLY_UNVALIDATED
C_28950,0.0,0.0,3.0479999622912146e-05,0,0,2005-07-26T00:15:00,ENGINE_EXECUTABLE_HYDRAULICALLY_UNVALIDATED
C_28951,0.0,0.0,3.0479999622912146e-05,0,0,2005-07-26T00:15:00,ENGINE_EXECUTABLE_HYDRAULICALLY_UNVALIDATED
C_28952,0.0,0.0,3.0479999622912146e-05,0,0,2005-07-26T00:15:00,ENGINE_EXECUTABLE_HYDRAULICALLY_UNVALIDATED
C_28953,0.0,0.0,3.0479999622912146e-05,0,0,2005-07-26T00:15:00,ENGINE_EXECUTABLE_HYDRAULICALLY_UNVALIDATED
C_28954,0.0,0.0,3.0479999622912146e-05,0,0,2005-07-26T00:15:00,ENGINE_EXECUTABLE_HYDRAULICALLY_UNVALIDATED
C_28955,0.0,0.0,3.0479999622912146e-05,0,0,2005-07-26T00:15:00,ENGINE_EXECUTABLE_HYDRAULICALLY_UNVALIDATED
C_28956,0.0,0.0,3.0479999622912146e-05,0,0,2005-07-26T00:15:00,ENGINE_EXECUTABLE_HYDRAULICALLY_UNVALIDATED
C_28957,0.0,0.0,3.0479999622912146e-05,0,0,2005-07-26T00:15:00,ENGINE_EXECUTABLE_HYDRAULICALLY_UNVALIDATED
C_28958,0.0,0.0,3.0479999622912146e-05,0,0,2005-07-26T00:15:00,ENGINE_EXECUTABLE_HYDRAULICALLY_UNVALIDATED
C_28959,0.0,0.0,3.0479999622912146e-05,0,0,2005-07-26T00:15:00,ENGINE_EXECUTABLE_HYDRAULICALLY_UNVALIDATED
C_28960,0.0,0.0,3.0479999622912146e-05,0,0,2005-07-26T00:15:00,ENGINE_EXECUTABLE_HYDRAULICALLY_UNVALIDATED
C_28961,0.0,0.0,3.0479999622912146e-05,0,0,2005-07-26T00:15:00,ENGINE_EXECUTABLE_HYDRAULICALLY_UNVALIDATED
C_28962,0.0,0.0,3.0479999622912146e-05,0,0,2005-07-26T00:15:00,ENGINE_EXECUTABLE_HYDRAULICALLY_UNVALIDATED
C_28963,0.0,0.0,3.0479999622912146e-05,0,0,2005-07-26T00:15:00,ENGINE_EXECUTABLE_HYDRAULICALLY_UNVALIDATED
C_28964,0.0,0.0,3.0479999622912146e-05,0,0,2005-07-26T00:15:00,ENGINE_EXECUTABLE_HYDRAULICALLY_UNVALIDATED
C_28965,0.0,0.0,3.0479999622912146e-05,0,0,2005-07-26T00:15:00,ENGINE_EXECUTABLE_HYDRAULICALLY_UNVALIDATED
C_28966,0.0,0.0,3.0479999622912146e-05,0,0,2005-07-26T00:15:00,ENGINE_EXECUTABLE_HYDRAULICALLY_UNVALIDATED
C_28967,0.0,0.0,3.0479999622912146e-05,0,0,2005-07-26T00:15:00,ENGINE_EXECUTABLE_HYDRAULICALLY_UNVALIDATED
C_28968,0.0,0.0,3.0479999622912146e-05,0,0,2005-07-26T00:15:00,ENGINE_EXECUTABLE_HYDRAULICALLY_UNVALIDATED
C_28969,0.0,0.0,3.0479999622912146e-05,0,0,2005-07-26T00:15:00,ENGINE_EXECUTABLE_HYDRAULICALLY_UNVALIDATED
C_28970,0.0,0.0,3.0479999622912146e-05,0,0,2005-07-26T00:15:00,ENGINE_EXECUTABLE_HYDRAULICALLY_UNVALIDATED
C_28971,0.0,0.0,3.0479999622912146e-05,0,0,2005-07-26T00:15:00,ENGINE_EXECUTABLE_HYDRAULICALLY_UNVALIDATED
C_28972,0.0,0.0,3.0479999622912146e-05,0,0,2005-07-26T00:15:00,ENGINE_EXECUTABLE_HYDRAULICALLY_UNVALIDATED
C_28973,0.0,0.0,3.0479999622912146e-05,0,0,2005-07-26T00:15:00,ENGINE_EXECUTABLE_HYDRAULICALLY_UNVALIDATED
C_28974,0.0,0.0,3.0479999622912146e-05,0,0,2005-07-26T00:15:00,ENGINE_EXECUTABLE_HYDRAULICALLY_UNVALIDATED
C_28975,0.0,0.0,3.0479999622912146e-05,0,0,2005-07-26T00:15:00,ENGINE_EXECUTABLE_HYDRAULICALLY_UNVALIDATED
C_28976,0.0,0.0,3.0479999622912146e-05,0,0,2005-07-26T00:15:00,ENGINE_EXECUTABLE_HYDRAULICALLY_UNVALIDATED
C_28977,0.0,0.0,3.0479999622912146e-05,0,0,2005-07-26T00:15:00,ENGINE_EXECUTABLE_HYDRAULICALLY_UNVALIDATED
C_28978,0.0,0.0,3.0479999622912146e-05,0,0,2005-07-26T00:15:00,ENGINE_EXECUTABLE_HYDRAULICALLY_UNVALIDATED
C_28979,0.0,0.0,3.0479999622912146e-05,0,0,2005-07-26T00:15:00,ENGINE_EXECUTABLE_HYDRAULICALLY_UNVALIDATED
C_28980,0.0,0.0,3.0479999622912146e-05,0,0,2005-07-26T00:15:00,ENGINE_EXECUTABLE_HYDRAULICALLY_UNVALIDATED
C_28981,0.0,0.0,3.0479999622912146e-05,0,0,2005-07-26T00:15:00,ENGINE_EXECUTABLE_HYDRAULICALLY_UNVALIDATED
C_28982,0.0,0.0,3.0479999622912146e-05,0,0,2005-07-26T00:15:00,ENGINE_EXECUTABLE_HYDRAULICALLY_UNVALIDATED
C_28983,0.0,0.0,3.0479999622912146e-05,0,0,2005-07-26T00:15:00,ENGINE_EXECUTABLE_HYDRAULICALLY_UNVALIDATED
C_28984,0.0,0.0,3.0479999622912146e-05,0,0,2005-07-26T00:15:00,ENGINE_EXECUTABLE_HYDRAULICALLY_UNVALIDATED
C_28985,0.0,0.0,3.0479999622912146e-05,0,0,2005-07-26T00:15:00,ENGINE_EXECUTABLE_HYDRAULICALLY_UNVALIDATED
C_28986,0.0,0.0,3.0479999622912146e-05,0,0,2005-07-26T00:15:00,ENGINE_EXECUTABLE_HYDRAULICALLY_UNVALIDATED
C_28987,0.0,0.0,3.0479999622912146e-05,0,0,2005-07-26T00:15:00,ENGINE_EXECUTABLE_HYDRAULICALLY_UNVALIDATED
C_28988,0.0,0.0,3.0479999622912146e-05,0,0,2005-07-26T00:15:00,ENGINE_EXECUTABLE_HYDRAULICALLY_UNVALIDATED
C_28989,0.0,0.0,3.0479999622912146e-05,0,0,2005-07-26T00:15:00,ENGINE_EXECUTABLE_HYDRAULICALLY_UNVALIDATED
C_28990,0.0,0.0,3.0479999622912146e-05,0,0,2005-07-26T00:15:00,ENGINE_EXECUTABLE_HYDRAULICALLY_UNVALIDATED
C_28991,0.0,0.0,3.0479999622912146e-05,0,0,2005-07-26T00:15:00,ENGINE_EXECUTABLE_HYDRAULICALLY_UNVALIDATED
C_28992,0.0,0.0,3.0479999622912146e-05,0,0,2005-07-26T00:15:00,ENGINE_EXECUTABLE_HYDRAULICALLY_UNVALIDATED
C_28993,0.0,0.0,3.0479999622912146e-05,0,0,2005-07-26T00:15:00,ENGINE_EXECUTABLE_HYDRAULICALLY_UNVALIDATED
C_28994,0.0,0.0,3.0479999622912146e-05,0,0,2005-07-26T00:15:00,ENGINE_EXECUTABLE_HYDRAULICALLY_UNVALIDATED
C_28996,0.0,0.0,3.0479999622912146e-05,0,0,2005-07-26T00:15:00,ENGINE_EXECUTABLE_HYDRAULICALLY_UNVALIDATED
C_28997,0.0,0.0,3.0479999622912146e-05,0,0,2005-07-26T00:15:00,ENGINE_EXECUTABLE_HYDRAULICALLY_UNVALIDATED
C_28998,0.0,0.0,3.0479999622912146e-05,0,0,2005-07-26T00:15:00,ENGINE_EXECUTABLE_HYDRAULICALLY_UNVALIDATED
C_28999,0.0,0.0,3.0479999622912146e-05,0,0,2005-07-26T00:15:00,ENGINE_EXECUTABLE_HYDRAULICALLY_UNVALIDATED
C_29000,0.0,0.0,3.0479999622912146e-05,0,0,2005-07-26T00:15:00,ENGINE_EXECUTABLE_HYDRAULICALLY_UNVALIDATED
C_29001,0.0,0.0,3.0479999622912146e-05,0,0,2005-07-26T00:15:00,ENGINE_EXECUTABLE_HYDRAULICALLY_UNVALIDATED
C_29002,0.0,0.0,3.0479999622912146e-05,0,0,2005-07-26T00:15:00,ENGINE_EXECUTABLE_HYDRAULICALLY_UNVALIDATED
C_29003,0.0,0.0,3.0479999622912146e-05,0,0,2005-07-26T00:15:00,ENGINE_EXECUTABLE_HYDRAULICALLY_UNVALIDATED
C_29004,0.0,0.0,3.0479999622912146e-05,0,0,2005-07-26T00:15:00,ENGINE_EXECUTABLE_HYDRAULICALLY_UNVALIDATED
C_29005,0.0,0.0,3.0479999622912146e-05,0,0,2005-07-26T00:15:00,ENGINE_EXECUTABLE_HYDRAULICALLY_UNVALIDATED
C_29006,0.0,0.0,3.0479999622912146e-05,0,0,2005-07-26T00:15:00,ENGINE_EXECUTABLE_HYDRAULICALLY_UNVALIDATED
C_29007,0.0,0.0,3.0479999622912146e-05,0,0,2005-07-26T00:15:00,ENGINE_EXECUTABLE_HYDRAULICALLY_UNVALIDATED
C_29008,0.0,0.0,3.0479999622912146e-05,0,0,2005-07-26T00:15:00,ENGINE_EXECUTABLE_HYDRAULICALLY_UNVALIDATED
C_29009,0.0,0.0,3.0479999622912146e-05,0,0,2005-07-26T00:15:00,ENGINE_EXECUTABLE_HYDRAULICALLY_UNVALIDATED
C_29011,0.0,0.0,3.0479999622912146e-05,0,0,2005-07-26T00:15:00,ENGINE_EXECUTABLE_HYDRAULICALLY_UNVALIDATED
C_29012,0.0,0.0,3.0479999622912146e-05,0,0,2005-07-26T00:15:00,ENGINE_EXECUTABLE_HYDRAULICALLY_UNVALIDATED
C_29013,0.0,0.0,3.0479999622912146e-05,0,0,2005-07-26T00:15:00,ENGINE_EXECUTABLE_HYDRAULICALLY_UNVALIDATED
C_29014,0.0,0.0,3.0479999622912146e-05,0,0,2005-07-26T00:15:00,ENGINE_EXECUTABLE_HYDRAULICALLY_UNVALIDATED
C_29015,0.0,0.0,3.0479999622912146e-05,0,0,2005-07-26T00:15:00,ENGINE_EXECUTABLE_HYDRAULICALLY_UNVALIDATED
C_29016,0.0,0.0,3.0479999622912146e-05,0,0,2005-07-26T00:15:00,ENGINE_EXECUTABLE_HYDRAULICALLY_UNVALIDATED
C_29017,0.0,0.0,3.0479999622912146e-05,0,0,2005-07-26T00:15:00,ENGINE_EXECUTABLE_HYDRAULICALLY_UNVALIDATED
C_29018,0.0,0.0,3.0479999622912146e-05,0,0,2005-07-26T00:15:00,ENGINE_EXECUTABLE_HYDRAULICALLY_UNVALIDATED
C_29019,0.0,0.0,3.0479999622912146e-05,0,0,2005-07-26T00:15:00,ENGINE_EXECUTABLE_HYDRAULICALLY_UNVALIDATED
C_29020,0.0,0.0,3.0479999622912146e-05,0,0,2005-07-26T00:15:00,ENGINE_EXECUTABLE_HYDRAULICALLY_UNVALIDATED
C_29021,0.0,0.0,3.0479999622912146e-05,0,0,2005-07-26T00:15:00,ENGINE_EXECUTABLE_HYDRAULICALLY_UNVALIDATED
C_29022,0.0,0.0,3.0479999622912146e-05,0,0,2005-07-26T00:15:00,ENGINE_EXECUTABLE_HYDRAULICALLY_UNVALIDATED
C_29023,0.0,0.0,3.0479999622912146e-05,0,0,2005-07-26T00:15:00,ENGINE_EXECUTABLE_HYDRAULICALLY_UNVALIDATED
C_29024,0.0,0.0,3.0479999622912146e-05,0,0,2005-07-26T00:15:00,ENGINE_EXECUTABLE_HYDRAULICALLY_UNVALIDATED
C_29025,0.0,0.0,3.0479999622912146e-05,0,0,2005-07-26T00:15:00,ENGINE_EXECUTABLE_HYDRAULICALLY_UNVALIDATED
C_29026,0.0,0.0,3.0479999622912146e-05,0,0,2005-07-26T00:15:00,ENGINE_EXECUTABLE_HYDRAULICALLY_UNVALIDATED
C_29028,0.0,0.0,3.0479999622912146e-05,0,0,2005-07-26T00:15:00,ENGINE_EXECUTABLE_HYDRAULICALLY_UNVALIDATED
C_29029,0.0,0.0,3.0479999622912146e-05,0,0,2005-07-26T00:15:00,ENGINE_EXECUTABLE_HYDRAULICALLY_UNVALIDATED
C_29031,0.0,0.0,3.0479999622912146e-05,0,0,2005-07-26T00:15:00,ENGINE_EXECUTABLE_HYDRAULICALLY_UNVALIDATED
C_29032,0.0,0.0,3.0479999622912146e-05,0,0,2005-07-26T00:15:00,ENGINE_EXECUTABLE_HYDRAULICALLY_UNVALIDATED
C_29034,0.0,0.0,3.0479999622912146e-05,0,0,2005-07-26T00:15:00,ENGINE_EXECUTABLE_HYDRAULICALLY_UNVALIDATED
C_29036,0.0,0.0,3.0479999622912146e-05,0,0,2005-07-26T00:15:00,ENGINE_EXECUTABLE_HYDRAULICALLY_UNVALIDATED
C_29037,0.0,0.0,3.0479999622912146e-05,0,0,2005-07-26T00:15:00,ENGINE_EXECUTABLE_HYDRAULICALLY_UNVALIDATED
C_29042,0.0,0.0,3.0479999622912146e-05,0,0,2005-07-26T00:15:00,ENGINE_EXECUTABLE_HYDRAULICALLY_UNVALIDATED
C_29050,0.0,0.0,3.0479999622912146e-05,0,0,2005-07-26T00:15:00,ENGINE_EXECUTABLE_HYDRAULICALLY_UNVALIDATED
C_29051,0.0,0.0,3.0479999622912146e-05,0,0,2005-07-26T00:15:00,ENGINE_EXECUTABLE_HYDRAULICALLY_UNVALIDATED
C_29052,0.0,0.0,3.0479999622912146e-05,0,0,2005-07-26T00:15:00,ENGINE_EXECUTABLE_HYDRAULICALLY_UNVALIDATED
C_29053,0.0,0.0,3.0479999622912146e-05,0,0,2005-07-26T00:15:00,ENGINE_EXECUTABLE_HYDRAULICALLY_UNVALIDATED
C_29054,0.0,0.0,3.0479999622912146e-05,0,0,2005-07-26T00:15:00,ENGINE_EXECUTABLE_HYDRAULICALLY_UNVALIDATED
C_29055,0.0,0.0,3.0479999622912146e-05,0,0,2005-07-26T00:15:00,ENGINE_EXECUTABLE_HYDRAULICALLY_UNVALIDATED
C_29056,0.0,0.0,3.0479999622912146e-05,0,0,2005-07-26T00:15:00,ENGINE_EXECUTABLE_HYDRAULICALLY_UNVALIDATED
C_29057,0.0,0.0,3.0479999622912146e-05,0,0,2005-07-26T00:15:00,ENGINE_EXECUTABLE_HYDRAULICALLY_UNVALIDATED
C_29058,0.0,0.0,3.0479999622912146e-05,0,0,2005-07-26T00:15:00,ENGINE_EXECUTABLE_HYDRAULICALLY_UNVALIDATED
C_29059,0.0,0.0,3.0479999622912146e-05,0,0,2005-07-26T00:15:00,ENGINE_EXECUTABLE_HYDRAULICALLY_UNVALIDATED
C_29060,0.0,0.0,3.0479999622912146e-05,0,0,2005-07-26T00:15:00,ENGINE_EXECUTABLE_HYDRAULICALLY_UNVALIDATED
C_29061,0.0,0.0,3.0479999622912146e-05,0,0,2005-07-26T00:15:00,ENGINE_EXECUTABLE_HYDRAULICALLY_UNVALIDATED
C_29062,0.0,0.0,3.0479999622912146e-05,0,0,2005-07-26T00:15:00,ENGINE_EXECUTABLE_HYDRAULICALLY_UNVALIDATED
C_29063,0.0,0.0,3.0479999622912146e-05,0,0,2005-07-26T00:15:00,ENGINE_EXECUTABLE_HYDRAULICALLY_UNVALIDATED
C_29064,0.0,0.0,3.0479999622912146e-05,0,0,2005-07-26T00:15:00,ENGINE_EXECUTABLE_HYDRAULICALLY_UNVALIDATED
C_29065,0.0,0.0,3.0479999622912146e-05,0,0,2005-07-26T00:15:00,ENGINE_EXECUTABLE_HYDRAULICALLY_UNVALIDATED
C_29066,0.0,0.0,3.0479999622912146e-05,0,0,2005-07-26T00:15:00,ENGINE_EXECUTABLE_HYDRAULICALLY_UNVALIDATED
C_29067,0.0,0.0,3.0479999622912146e-05,0,0,2005-07-26T00:15:00,ENGINE_EXECUTABLE_HYDRAULICALLY_UNVALIDATED
C_29068,0.0,0.0,3.0479999622912146e-05,0,0,2005-07-26T00:15:00,ENGINE_EXECUTABLE_HYDRAULICALLY_UNVALIDATED
C_29069,0.0,0.0,3.0479999622912146e-05,0,0,2005-07-26T00:15:00,ENGINE_EXECUTABLE_HYDRAULICALLY_UNVALIDATED
C_29070,0.0,0.0,3.0479999622912146e-05,0,0,2005-07-26T00:15:00,ENGINE_EXECUTABLE_HYDRAULICALLY_UNVALIDATED
C_29071,0.0,0.0,3.0479999622912146e-05,0,0,2005-07-26T00:15:00,ENGINE_EXECUTABLE_HYDRAULICALLY_UNVALIDATED
C_29072,0.0,0.0,3.0479999622912146e-05,0,0,2005-07-26T00:15:00,ENGINE_EXECUTABLE_HYDRAULICALLY_UNVALIDATED
C_29073,0.0,0.0,3.0479999622912146e-05,0,0,2005-07-26T00:15:00,ENGINE_EXECUTABLE_HYDRAULICALLY_UNVALIDATED
C_29074,0.0,0.0,3.0479999622912146e-05,0,0,2005-07-26T00:15:00,ENGINE_EXECUTABLE_HYDRAULICALLY_UNVALIDATED
C_29075,0.0,0.0,3.0479999622912146e-05,0,0,2005-07-26T00:15:00,ENGINE_EXECUTABLE_HYDRAULICALLY_UNVALIDATED
C_29076,0.0,0.0,3.0479999622912146e-05,0,0,2005-07-26T00:15:00,ENGINE_EXECUTABLE_HYDRAULICALLY_UNVALIDATED
C_29077,0.0,0.0,3.0479999622912146e-05,0,0,2005-07-26T00:15:00,ENGINE_EXECUTABLE_HYDRAULICALLY_UNVALIDATED
C_29078,0.0,0.0,3.0479999622912146e-05,0,0,2005-07-26T00:15:00,ENGINE_EXECUTABLE_HYDRAULICALLY_UNVALIDATED
C_29079,0.0,0.0,3.0479999622912146e-05,0,0,2005-07-26T00:15:00,ENGINE_EXECUTABLE_HYDRAULICALLY_UNVALIDATED
C_29080,0.0,0.0,3.0479999622912146e-05,0,0,2005-07-26T00:15:00,ENGINE_EXECUTABLE_HYDRAULICALLY_UNVALIDATED
C_29082,0.3039388358592987,0.23159116506576538,0.8534752130508423,0,0,2005-07-26T11:00:00,ENGINE_EXECUTABLE_HYDRAULICALLY_UNVALIDATED
C_29085,0.15695658326148987,0.1631455272436142,0.6834957003593445,0,0,2005-07-26T11:15:00,ENGINE_EXECUTABLE_HYDRAULICALLY_UNVALIDATED
C_29088,0.07680205255746841,0.09514478594064713,0.5519773960113525,0,0,2005-07-26T13:45:00,ENGINE_EXECUTABLE_HYDRAULICALLY_UNVALIDATED
C_29104,1.0224419832229614,0.4834698736667633,1.317612648010254,0,0,2005-07-26T10:15:00,ENGINE_EXECUTABLE_HYDRAULICALLY_UNVALIDATED
C_29105,0.0012979835737496614,0.0042838058434426785,0.12004754692316055,0,0,2005-07-26T10:15:00,ENGINE_EXECUTABLE_HYDRAULICALLY_UNVALIDATED
C_29106,1.1484800577163696,0.1524164080619812,1.3317515850067139,0,0,2005-07-26T10:15:00,ENGINE_EXECUTABLE_HYDRAULICALLY_UNVALIDATED
C_29107,0.9735276699066162,0.13108430802822113,1.3257408142089844,0,0,2005-07-26T10:15:00,ENGINE_EXECUTABLE_HYDRAULICALLY_UNVALIDATED
C_29108,0.6124428510665894,0.2608844041824341,0.6544071435928345,0,0,2005-07-26T10:30:00,ENGINE_EXECUTABLE_HYDRAULICALLY_UNVALIDATED
C_29109,0.6410467624664307,0.28055649995803833,0.6306086182594299,0,0,2005-07-26T10:30:00,ENGINE_EXECUTABLE_HYDRAULICALLY_UNVALIDATED
C_29110,0.4851777255535126,0.3449863791465759,0.6136135458946228,0,0,2005-07-26T10:30:00,ENGINE_EXECUTABLE_HYDRAULICALLY_UNVALIDATED
C_29111,0.9803279638290405,0.46988779306411743,1.3075621128082275,0,0,2005-07-26T10:15:00,ENGINE_EXECUTABLE_HYDRAULICALLY_UNVALIDATED
C_29112,0.9311001896858215,0.4578177034854889,1.2984652519226074,0,0,2005-07-26T10:15:00,ENGINE_EXECUTABLE_HYDRAULICALLY_UNVALIDATED
C_29113,0.8820503354072571,0.45615798234939575,1.2914518117904663,0,0,2005-07-26T10:15:00,ENGINE_EXECUTABLE_HYDRAULICALLY_UNVALIDATED
C_29114,0.8343402743339539,0.47071710228919983,1.2855027914047241,0,0,2005-07-26T10:15:00,ENGINE_EXECUTABLE_HYDRAULICALLY_UNVALIDATED
C_29115,0.006373751908540726,0.02048361301422119,0.13405072689056396,0,0,2005-07-26T10:15:00,ENGINE_EXECUTABLE_HYDRAULICALLY_UNVALIDATED
C_29116,0.014714459888637066,0.028742769733071327,0.15854467451572418,0,0,2005-07-26T10:15:00,ENGINE_EXECUTABLE_HYDRAULICALLY_UNVALIDATED
C_29117,0.1781800538301468,0.1961137056350708,0.18238379061222076,0,0,2005-07-26T10:45:00,ENGINE_EXECUTABLE_HYDRAULICALLY_UNVALIDATED
C_29118,0.17759308218955994,0.1810702532529831,0.19787880778312683,0,0,2005-07-26T10:45:00,ENGINE_EXECUTABLE_HYDRAULICALLY_UNVALIDATED
C_29119,0.35705408453941345,0.3581841289997101,0.20046944916248322,0,0,2005-07-26T10:45:00,ENGINE_EXECUTABLE_HYDRAULICALLY_UNVALIDATED
C_29120,0.35649198293685913,0.39730679988861084,0.19186729192733765,0,0,2005-07-26T10:45:00,ENGINE_EXECUTABLE_HYDRAULICALLY_UNVALIDATED
C_29121,0.1705683320760727,0.1033034697175026,0.5948508381843567,0,0,2005-07-26T11:15:00,ENGINE_EXECUTABLE_HYDRAULICALLY_UNVALIDATED
C_29122,0.1509276032447815,0.0998350977897644,0.5763565897941589,0,0,2005-07-26T11:15:00,ENGINE_EXECUTABLE_HYDRAULICALLY_UNVALIDATED
C_29123,0.148454949259758,0.11321181058883667,0.5570991635322571,0,0,2005-07-26T10:30:00,ENGINE_EXECUTABLE_HYDRAULICALLY_UNVALIDATED
C_29124,0.0489468015730381,0.023276956751942635,0.537102997303009,0,0,2005-07-26T10:45:00,ENGINE_EXECUTABLE_HYDRAULICALLY_UNVALIDATED
C_29125,0.7820156812667847,0.42947670817375183,1.2794843912124634,0,0,2005-07-26T10:15:00,ENGINE_EXECUTABLE_HYDRAULICALLY_UNVALIDATED
C_29126,0.7290127873420715,0.44103485345840454,1.2676093578338623,0,0,2005-07-26T10:15:00,ENGINE_EXECUTABLE_HYDRAULICALLY_UNVALIDATED
C_29127,0.676797091960907,0.43883034586906433,1.2499841451644897,0,0,2005-07-26T10:15:00,ENGINE_EXECUTABLE_HYDRAULICALLY_UNVALIDATED
C_29128,0.35593298077583313,0.3988021910190582,0.17777006328105927,0,0,2005-07-26T10:45:00,ENGINE_EXECUTABLE_HYDRAULICALLY_UNVALIDATED
C_29129,0.35538098216056824,0.44195619225502014,0.15848994255065918,0,0,2005-07-26T10:45:00,ENGINE_EXECUTABLE_HYDRAULICALLY_UNVALIDATED
C_29130,0.026497414335608482,0.017353856936097145,0.40861210227012634,0,0,2005-07-26T10:45:00,ENGINE_EXECUTABLE_HYDRAULICALLY_UNVALIDATED
C_29131,0.35503920912742615,0.5442304015159607,0.1251048445701599,0,0,2005-07-26T10:45:00,ENGINE_EXECUTABLE_HYDRAULICALLY_UNVALIDATED
C_29132,0.014021947979927063,0.06852563470602036,0.2889544665813446,0,0,2005-07-26T10:45:00,ENGINE_EXECUTABLE_HYDRAULICALLY_UNVALIDATED
C_29133,0.35438576340675354,0.42032739520072937,0.12043207138776779,0,0,2005-07-26T10:45:00,ENGINE_EXECUTABLE_HYDRAULICALLY_UNVALIDATED
C_29134,0.004741924349218607,0.04980355128645897,0.28586265444755554,0,0,2005-07-26T10:45:00,ENGINE_EXECUTABLE_HYDRAULICALLY_UNVALIDATED
C_29135,0.35341283679008484,0.44404613971710205,0.1136862188577652,0,0,2005-07-26T10:45:00,ENGINE_EXECUTABLE_HYDRAULICALLY_UNVALIDATED
C_29136,0.3528550863265991,0.5079007744789124,0.09923642873764038,0,0,2005-07-26T10:45:00,ENGINE_EXECUTABLE_HYDRAULICALLY_UNVALIDATED
C_29137,0.3525812029838562,0.4149765074253082,0.1213638186454773,0,0,2005-07-26T10:45:00,ENGINE_EXECUTABLE_HYDRAULICALLY_UNVALIDATED
C_29138,0.059898752719163895,0.09675997495651245,0.4884549081325531,0,0,2005-07-26T13:45:00,ENGINE_EXECUTABLE_HYDRAULICALLY_UNVALIDATED
C_29139,0.054490551352500916,0.09986435621976852,0.4649471044540405,0,0,2005-07-26T13:45:00,ENGINE_EXECUTABLE_HYDRAULICALLY_UNVALIDATED
C_29140,0.049084194004535675,0.08677291125059128,0.4414394199848175,0,0,2005-07-26T13:45:00,ENGINE_EXECUTABLE_HYDRAULICALLY_UNVALIDATED
C_29141,0.045542437583208084,0.05653683841228485,0.4259345233440399,0,0,2005-07-26T13:45:00,ENGINE_EXECUTABLE_HYDRAULICALLY_UNVALIDATED
C_29142,0.04309065639972687,0.05667482316493988,0.4149313271045685,0,0,2005-07-26T13:45:00,ENGINE_EXECUTABLE_HYDRAULICALLY_UNVALIDATED
C_29143,0.039448175579309464,0.05679143965244293,0.39542585611343384,0,0,2005-07-26T14:00:00,ENGINE_EXECUTABLE_HYDRAULICALLY_UNVALIDATED
C_29144,0.03663200885057449,0.06601892411708832,0.3789214491844177,0,0,2005-07-26T14:00:00,ENGINE_EXECUTABLE_HYDRAULICALLY_UNVALIDATED
C_29145,0.03430899605154991,0.05724387988448143,0.36491823196411133,0,0,2005-07-26T14:00:00,ENGINE_EXECUTABLE_HYDRAULICALLY_UNVALIDATED
C_29146,0.6220460534095764,0.4268353283405304,1.2400562763214111,0,0,2005-07-26T10:15:00,ENGINE_EXECUTABLE_HYDRAULICALLY_UNVALIDATED
C_29147,0.5660514831542969,0.4063829481601715,1.2234835624694824,0,0,2005-07-26T10:15:00,ENGINE_EXECUTABLE_HYDRAULICALLY_UNVALIDATED
C_29148,0.5004860162734985,0.40244752168655396,1.200084924697876,0,0,2005-07-26T10:15:00,ENGINE_EXECUTABLE_HYDRAULICALLY_UNVALIDATED
C_29149,0.40662696957588196,0.3598949611186981,1.1840394735336304,0,0,2005-07-26T10:15:00,ENGINE_EXECUTABLE_HYDRAULICALLY_UNVALIDATED
C_29150,0.35048308968544006,0.4335012435913086,0.1535138338804245,0,0,2005-07-26T10:45:00,ENGINE_EXECUTABLE_HYDRAULICALLY_UNVALIDATED
C_29151,0.352221816778183,0.48242655396461487,0.14600464701652527,0,0,2005-07-26T10:45:00,ENGINE_EXECUTABLE_HYDRAULICALLY_UNVALIDATED
C_29152,0.3515477180480957,0.44842061400413513,0.1567762792110443,0,0,2005-07-26T10:45:00,ENGINE_EXECUTABLE_HYDRAULICALLY_UNVALIDATED
C_29153,0.3493776321411133,0.44661596417427063,0.15643808245658875,0,0,2005-07-26T10:45:00,ENGINE_EXECUTABLE_HYDRAULICALLY_UNVALIDATED
C_29154,0.348285973072052,0.48473599553108215,0.14368529617786407,0,0,2005-07-26T10:45:00,ENGINE_EXECUTABLE_HYDRAULICALLY_UNVALIDATED
C_29155,0.34693634510040283,0.527437686920166,0.13154074549674988,0,0,2005-07-26T10:45:00,ENGINE_EXECUTABLE_HYDRAULICALLY_UNVALIDATED
C_29157,0.030668357387185097,0.05763092637062073,0.34391358494758606,0,0,2005-07-26T14:00:00,ENGINE_EXECUTABLE_HYDRAULICALLY_UNVALIDATED
C_29158,0.026176193729043007,0.05828888714313507,0.3189084529876709,0,0,2005-07-26T14:00:00,ENGINE_EXECUTABLE_HYDRAULICALLY_UNVALIDATED
C_29159,0.021749073639512062,0.05926777049899101,0.2954038381576538,0,0,2005-07-26T14:00:00,ENGINE_EXECUTABLE_HYDRAULICALLY_UNVALIDATED
C_29160,0.017657924443483353,0.06034001708030701,0.2748998999595642,0,0,2005-07-26T14:00:00,ENGINE_EXECUTABLE_HYDRAULICALLY_UNVALIDATED
C_29161,0.22183899581432343,0.24211139976978302,1.1539393663406372,0,0,2005-07-26T10:15:00,ENGINE_EXECUTABLE_HYDRAULICALLY_UNVALIDATED
C_29162,0.13254022598266602,0.2783264219760895,1.0609025955200195,0,0,2005-07-26T10:15:00,ENGINE_EXECUTABLE_HYDRAULICALLY_UNVALIDATED
C_29163,0.014759881421923637,0.052886489778757095,0.2513957917690277,0,0,2005-07-26T14:15:00,ENGINE_EXECUTABLE_HYDRAULICALLY_UNVALIDATED
C_29164,0.01241170521825552,0.051916178315877914,0.2323928326368332,0,0,2005-07-26T14:15:00,ENGINE_EXECUTABLE_HYDRAULICALLY_UNVALIDATED
C_29165,0.2890896797180176,0.28676939010620117,1.167327880859375,0,0,2005-07-26T10:15:00,ENGINE_EXECUTABLE_HYDRAULICALLY_UNVALIDATED
C_29166,0.3449850082397461,0.487212598323822,0.14171858131885529,0,0,2005-07-26T10:45:00,ENGINE_EXECUTABLE_HYDRAULICALLY_UNVALIDATED
C_29167,0.34230369329452515,0.45046043395996094,0.15493077039718628,0,0,2005-07-26T10:45:00,ENGINE_EXECUTABLE_HYDRAULICALLY_UNVALIDATED
C_29168,0.33889591693878174,0.41159841418266296,0.17009668052196503,0,0,2005-07-26T10:45:00,ENGINE_EXECUTABLE_HYDRAULICALLY_UNVALIDATED
C_29169,0.3350619077682495,0.36830419301986694,0.18903890252113342,0,0,2005-07-26T11:00:00,ENGINE_EXECUTABLE_HYDRAULICALLY_UNVALIDATED
C_29170,0.33696603775024414,0.342516154050827,0.2021828144788742,0,0,2005-07-26T11:00:00,ENGINE_EXECUTABLE_HYDRAULICALLY_UNVALIDATED
C_29171,0.3385607600212097,0.33264464139938354,0.20740634202957153,0,0,2005-07-26T11:00:00,ENGINE_EXECUTABLE_HYDRAULICALLY_UNVALIDATED
C_29173,0.010452146641910076,0.05998315289616585,0.21839115023612976,0,0,2005-07-26T14:15:00,ENGINE_EXECUTABLE_HYDRAULICALLY_UNVALIDATED
C_29174,0.007225134875625372,0.051469236612319946,0.2003895789384842,0,0,2005-07-26T14:15:00,ENGINE_EXECUTABLE_HYDRAULICALLY_UNVALIDATED
C_29175,0.05327652394771576,0.0749109536409378,0.9652919173240662,0,0,2005-07-26T12:15:00,ENGINE_EXECUTABLE_HYDRAULICALLY_UNVALIDATED
C_29176,0.01627839170396328,0.03304753825068474,0.9471470713615417,0,0,2005-07-26T11:45:00,ENGINE_EXECUTABLE_HYDRAULICALLY_UNVALIDATED
C_29177,0.035371825098991394,0.11665771901607513,0.954569935798645,0,0,2005-07-26T10:45:00,ENGINE_EXECUTABLE_HYDRAULICALLY_UNVALIDATED
C_29178,0.0017774064326658845,0.013519184663891792,0.16988682746887207,0,0,2005-07-26T19:45:00,ENGINE_EXECUTABLE_HYDRAULICALLY_UNVALIDATED
C_29179,0.3397569954395294,0.33271077275276184,0.20649167895317078,0,0,2005-07-26T11:00:00,ENGINE_EXECUTABLE_HYDRAULICALLY_UNVALIDATED
C_29180,0.3405191898345947,0.23294049501419067,0.20880946516990662,0,0,2005-07-26T11:00:00,ENGINE_EXECUTABLE_HYDRAULICALLY_UNVALIDATED
C_29182,0.3411194384098053,0.22703391313552856,0.21461957693099976,0,0,2005-07-26T11:00:00,ENGINE_EXECUTABLE_HYDRAULICALLY_UNVALIDATED
C_29183,0.34172317385673523,0.3558100461959839,0.208173006772995,0,0,2005-07-26T11:00:00,ENGINE_EXECUTABLE_HYDRAULICALLY_UNVALIDATED
C_29185,0.001085038878954947,0.018138226121664047,0.08788514882326126,0,0,2005-07-26T19:45:00,ENGINE_EXECUTABLE_HYDRAULICALLY_UNVALIDATED
C_29186,0.0,0.0,0.024707986041903496,0,0,2005-07-26T00:15:00,ENGINE_EXECUTABLE_HYDRAULICALLY_UNVALIDATED
C_29188,0.0,0.0,3.0479999622912146e-05,0,0,2005-07-26T00:15:00,ENGINE_EXECUTABLE_HYDRAULICALLY_UNVALIDATED
C_29189,0.0,0.0,3.0479999622912146e-05,0,0,2005-07-26T00:15:00,ENGINE_EXECUTABLE_HYDRAULICALLY_UNVALIDATED
C_29193,0.0,0.0,3.0479999622912146e-05,0,0,2005-07-26T00:15:00,ENGINE_EXECUTABLE_HYDRAULICALLY_UNVALIDATED
C_29194,0.0,0.0,3.0479999622912146e-05,0,0,2005-07-26T00:15:00,ENGINE_EXECUTABLE_HYDRAULICALLY_UNVALIDATED
C_29195,0.0,0.0,3.0479999622912146e-05,0,0,2005-07-26T00:15:00,ENGINE_EXECUTABLE_HYDRAULICALLY_UNVALIDATED
C_29197,0.0,0.0,3.0479999622912146e-05,0,0,2005-07-26T00:15:00,ENGINE_EXECUTABLE_HYDRAULICALLY_UNVALIDATED
C_29198,0.0,0.0,3.0479999622912146e-05,0,0,2005-07-26T00:15:00,ENGINE_EXECUTABLE_HYDRAULICALLY_UNVALIDATED
C_29199,0.0,0.0,3.0479999622912146e-05,0,0,2005-07-26T00:15:00,ENGINE_EXECUTABLE_HYDRAULICALLY_UNVALIDATED
C_29203,8.03462028503418,0.7424958348274231,0.8322994112968445,0,0,2005-07-26T10:45:00,ENGINE_EXECUTABLE_HYDRAULICALLY_UNVALIDATED
C_29204,10.380906105041504,0.8680165410041809,0.9198468923568726,0,0,2005-07-26T10:45:00,ENGINE_EXECUTABLE_HYDRAULICALLY_UNVALIDATED
C_29205,3.3428337574005127,1.491517186164856,0.5090100765228271,0,0,2005-07-26T10:45:00,ENGINE_EXECUTABLE_HYDRAULICALLY_UNVALIDATED
C_29206,1.8438209295272827,0.8694972991943359,0.533740222454071,0,0,2005-07-26T10:45:00,ENGINE_EXECUTABLE_HYDRAULICALLY_UNVALIDATED
C_29207,7.865009307861328,0.731533408164978,0.826938807964325,0,0,2005-07-26T10:45:00,ENGINE_EXECUTABLE_HYDRAULICALLY_UNVALIDATED
C_29208,10.396438598632812,0.870656430721283,0.9184300303459167,0,0,2005-07-26T10:45:00,ENGINE_EXECUTABLE_HYDRAULICALLY_UNVALIDATED
C_29209,7.875738620758057,0.7370269298553467,0.8218948245048523,0,0,2005-07-26T10:45:00,ENGINE_EXECUTABLE_HYDRAULICALLY_UNVALIDATED
C_29210,10.571160316467285,0.8880743980407715,0.9155490398406982,0,0,2005-07-26T10:45:00,ENGINE_EXECUTABLE_HYDRAULICALLY_UNVALIDATED
C_29211,4.542163372039795,1.0925202369689941,0.45085209608078003,0,0,2005-07-26T10:45:00,ENGINE_EXECUTABLE_HYDRAULICALLY_UNVALIDATED
C_29212,8.577739715576172,1.4090031385421753,0.5464839339256287,0,0,2005-07-26T10:45:00,ENGINE_EXECUTABLE_HYDRAULICALLY_UNVALIDATED
C_29213,2.758423328399658,1.539712905883789,0.3980707824230194,0,0,2005-07-26T10:45:00,ENGINE_EXECUTABLE_HYDRAULICALLY_UNVALIDATED
C_29214,6.824840545654297,2.218417167663574,0.6835784912109375,0,0,2005-07-26T10:45:00,ENGINE_EXECUTABLE_HYDRAULICALLY_UNVALIDATED
C_29215,2.7573721408843994,1.7455637454986572,0.3509933054447174,0,0,2005-07-26T10:45:00,ENGINE_EXECUTABLE_HYDRAULICALLY_UNVALIDATED
C_29216,6.813551902770996,2.402428388595581,0.6301766037940979,0,0,2005-07-26T10:45:00,ENGINE_EXECUTABLE_HYDRAULICALLY_UNVALIDATED
C_29217,4.549365997314453,0.8944050073623657,0.4494364857673645,0,0,2005-07-26T10:45:00,ENGINE_EXECUTABLE_HYDRAULICALLY_UNVALIDATED
C_29218,8.13674259185791,1.1540619134902954,0.5530573129653931,0,0,2005-07-26T10:45:00,ENGINE_EXECUTABLE_HYDRAULICALLY_UNVALIDATED
C_29219,1.9428160190582275,0.518595814704895,0.44965532422065735,0,0,2005-07-26T11:00:00,ENGINE_EXECUTABLE_HYDRAULICALLY_UNVALIDATED
C_29220,1.5987972021102905,0.3438537120819092,0.5551172494888306,0,0,2005-07-26T11:00:00,ENGINE_EXECUTABLE_HYDRAULICALLY_UNVALIDATED
C_29221,3.347524642944336,1.166878581047058,0.6074546575546265,0,0,2005-07-26T10:45:00,ENGINE_EXECUTABLE_HYDRAULICALLY_UNVALIDATED
C_29222,1.8576736450195312,0.7701241374015808,0.5326792001724243,0,0,2005-07-26T10:45:00,ENGINE_EXECUTABLE_HYDRAULICALLY_UNVALIDATED
C_29223,2.7597849369049072,1.3566126823425293,0.4520208537578583,0,0,2005-07-26T10:45:00,ENGINE_EXECUTABLE_HYDRAULICALLY_UNVALIDATED
C_29224,6.807116508483887,2.0110678672790527,0.7520999908447266,0,0,2005-07-26T10:45:00,ENGINE_EXECUTABLE_HYDRAULICALLY_UNVALIDATED
C_29225,2.762681245803833,1.1995905637741089,0.5117252469062805,0,0,2005-07-26T10:45:00,ENGINE_EXECUTABLE_HYDRAULICALLY_UNVALIDATED
C_29226,6.538772106170654,1.7297539710998535,0.8399452567100525,0,0,2005-07-26T10:45:00,ENGINE_EXECUTABLE_HYDRAULICALLY_UNVALIDATED
C_29227,2.7612149715423584,1.2586274147033691,0.4874635338783264,0,0,2005-07-26T10:45:00,ENGINE_EXECUTABLE_HYDRAULICALLY_UNVALIDATED
C_29228,6.765332221984863,1.8706581592559814,0.8035886883735657,0,0,2005-07-26T10:45:00,ENGINE_EXECUTABLE_HYDRAULICALLY_UNVALIDATED
C_29229,2.764150381088257,1.1611690521240234,0.5289387106895447,0,0,2005-07-26T10:45:00,ENGINE_EXECUTABLE_HYDRAULICALLY_UNVALIDATED
C_29230,6.487123012542725,1.6648167371749878,0.8658145070075989,0,0,2005-07-26T10:45:00,ENGINE_EXECUTABLE_HYDRAULICALLY_UNVALIDATED
C_29231,2.765592336654663,1.2111377716064453,0.5073804259300232,0,0,2005-07-26T10:45:00,ENGINE_EXECUTABLE_HYDRAULICALLY_UNVALIDATED
C_29232,6.446456432342529,1.684894323348999,0.8501341938972473,0,0,2005-07-26T10:45:00,ENGINE_EXECUTABLE_HYDRAULICALLY_UNVALIDATED
C_29233,2.7682886123657227,1.2744580507278442,0.4826418161392212,0,0,2005-07-26T10:45:00,ENGINE_EXECUTABLE_HYDRAULICALLY_UNVALIDATED
C_29234,6.230942249298096,1.6733838319778442,0.8273652791976929,0,0,2005-07-26T10:45:00,ENGINE_EXECUTABLE_HYDRAULICALLY_UNVALIDATED
C_29235,2.7669668197631836,1.2233052253723145,0.5025835037231445,0,0,2005-07-26T10:45:00,ENGINE_EXECUTABLE_HYDRAULICALLY_UNVALIDATED
C_29236,6.2435302734375,1.6362870931625366,0.8478320240974426,0,0,2005-07-26T10:45:00,ENGINE_EXECUTABLE_HYDRAULICALLY_UNVALIDATED
C_29239,1.9317814111709595,0.510036289691925,0.4385612905025482,0,0,2005-07-26T11:00:00,ENGINE_EXECUTABLE_HYDRAULICALLY_UNVALIDATED
C_29240,1.5874905586242676,0.3475702404975891,0.5351314544677734,0,0,2005-07-26T11:00:00,ENGINE_EXECUTABLE_HYDRAULICALLY_UNVALIDATED
C_29241,1.9216099977493286,0.5052628517150879,0.42706653475761414,0,0,2005-07-26T11:00:00,ENGINE_EXECUTABLE_HYDRAULICALLY_UNVALIDATED
C_29242,1.2720156908035278,0.2928554117679596,0.5131518840789795,0,0,2005-07-26T11:00:00,ENGINE_EXECUTABLE_HYDRAULICALLY_UNVALIDATED
C_29243,1.9121044874191284,0.5007255673408508,0.41727396845817566,0,0,2005-07-26T11:00:00,ENGINE_EXECUTABLE_HYDRAULICALLY_UNVALIDATED
C_29244,1.2516735792160034,0.2975594997406006,0.4916343688964844,0,0,2005-07-26T11:00:00,ENGINE_EXECUTABLE_HYDRAULICALLY_UNVALIDATED
C_29245,1.750974416732788,0.47187182307243347,0.4024113416671753,0,0,2005-07-26T11:00:00,ENGINE_EXECUTABLE_HYDRAULICALLY_UNVALIDATED
C_29246,1.2324895858764648,0.3072716295719147,0.46601882576942444,0,0,2005-07-26T11:00:00,ENGINE_EXECUTABLE_HYDRAULICALLY_UNVALIDATED
C_29247,1.6011836528778076,0.44866833090782166,0.3819544017314911,0,0,2005-07-26T11:00:00,ENGINE_EXECUTABLE_HYDRAULICALLY_UNVALIDATED
C_29248,1.2133598327636719,0.32206353545188904,0.43632984161376953,0,0,2005-07-26T11:00:00,ENGINE_EXECUTABLE_HYDRAULICALLY_UNVALIDATED
C_29251,1.4439483880996704,0.4221642017364502,0.36472323536872864,0,0,2005-07-26T11:00:00,ENGINE_EXECUTABLE_HYDRAULICALLY_UNVALIDATED
C_29252,1.1971077919006348,0.3444575369358063,0.41133761405944824,0,0,2005-07-26T11:00:00,ENGINE_EXECUTABLE_HYDRAULICALLY_UNVALIDATED
C_29253,1.436759114265442,0.4317428171634674,0.3526350259780884,0,0,2005-07-26T11:00:00,ENGINE_EXECUTABLE_HYDRAULICALLY_UNVALIDATED
C_29254,1.031843662261963,0.32606929540634155,0.3914497196674347,0,0,2005-07-26T11:00:00,ENGINE_EXECUTABLE_HYDRAULICALLY_UNVALIDATED
C_29255,1.2740479707717896,0.5230386257171631,0.3408973217010498,0,0,2005-07-26T10:45:00,ENGINE_EXECUTABLE_HYDRAULICALLY_UNVALIDATED
C_29256,1.0272140502929688,0.4585569500923157,0.342826783657074,0,0,2005-07-26T10:45:00,ENGINE_EXECUTABLE_HYDRAULICALLY_UNVALIDATED
C_29257,1.4343351125717163,0.5991767644882202,0.3343656659126282,0,0,2005-07-26T10:45:00,ENGINE_EXECUTABLE_HYDRAULICALLY_UNVALIDATED
C_29258,1.0184509754180908,0.48262402415275574,0.35043731331825256,0,0,2005-07-26T10:45:00,ENGINE_EXECUTABLE_HYDRAULICALLY_UNVALIDATED
C_29259,1.4303760528564453,0.4457581639289856,0.3391144573688507,0,0,2005-07-26T11:00:00,ENGINE_EXECUTABLE_HYDRAULICALLY_UNVALIDATED
C_29260,1.0176879167556763,0.35423243045806885,0.36902397871017456,0,0,2005-07-26T11:00:00,ENGINE_EXECUTABLE_HYDRAULICALLY_UNVALIDATED
C_29265,0.34205225110054016,0.35365021228790283,0.20152059197425842,0,0,2005-07-26T11:00:00,ENGINE_EXECUTABLE_HYDRAULICALLY_UNVALIDATED
C_29266,0.34221628308296204,0.33311226963996887,0.20188988745212555,0,0,2005-07-26T11:00:00,ENGINE_EXECUTABLE_HYDRAULICALLY_UNVALIDATED
C_29267,0.3423580527305603,0.328042209148407,0.19611425697803497,0,0,2005-07-26T11:00:00,ENGINE_EXECUTABLE_HYDRAULICALLY_UNVALIDATED
C_29274,0.3423372805118561,0.39010533690452576,0.1754906326532364,0,0,2005-07-26T11:00:00,ENGINE_EXECUTABLE_HYDRAULICALLY_UNVALIDATED
C_29275,0.341917484998703,0.45670416951179504,0.14426277577877045,0,0,2005-07-26T11:00:00,ENGINE_EXECUTABLE_HYDRAULICALLY_UNVALIDATED
C_29276,0.3401445150375366,0.18614035844802856,0.13305741548538208,0,0,2005-07-26T11:00:00,ENGINE_EXECUTABLE_HYDRAULICALLY_UNVALIDATED
C_29278,0.3367496430873871,0.1962127536535263,0.1274186372756958,0,0,2005-07-26T11:00:00,ENGINE_EXECUTABLE_HYDRAULICALLY_UNVALIDATED
C_29279,0.330644428730011,0.19080395996570587,0.12942320108413696,0,0,2005-07-26T11:00:00,ENGINE_EXECUTABLE_HYDRAULICALLY_UNVALIDATED
C_29301,0.3221037685871124,0.1898781806230545,0.12877388298511505,0,0,2005-07-26T11:00:00,ENGINE_EXECUTABLE_HYDRAULICALLY_UNVALIDATED
C_29302,0.31570497155189514,0.21210351586341858,0.127671480178833,0,0,2005-07-26T11:15:00,ENGINE_EXECUTABLE_HYDRAULICALLY_UNVALIDATED
C_29303,0.3147623836994171,0.1938963383436203,0.12402951717376709,0,0,2005-07-26T11:15:00,ENGINE_EXECUTABLE_HYDRAULICALLY_UNVALIDATED
C_29318,0.31289535760879517,0.19931049644947052,0.11988334357738495,0,0,2005-07-26T11:15:00,ENGINE_EXECUTABLE_HYDRAULICALLY_UNVALIDATED
C_29319,0.3105319142341614,0.19547779858112335,0.12019607424736023,0,0,2005-07-26T11:15:00,ENGINE_EXECUTABLE_HYDRAULICALLY_UNVALIDATED
C_29320,0.3070657253265381,0.18967370688915253,0.12171362340450287,0,0,2005-07-26T11:15:00,ENGINE_EXECUTABLE_HYDRAULICALLY_UNVALIDATED
C_29321,0.30014264583587646,0.20853383839130402,0.11905176192522049,0,0,2005-07-26T11:15:00,ENGINE_EXECUTABLE_HYDRAULICALLY_UNVALIDATED
C_29340,0.2913098633289337,0.19291512668132782,0.11453627794981003,0,0,2005-07-26T11:15:00,ENGINE_EXECUTABLE_HYDRAULICALLY_UNVALIDATED
C_29341,0.2882635295391083,0.20032063126564026,0.11071792989969254,0,0,2005-07-26T11:30:00,ENGINE_EXECUTABLE_HYDRAULICALLY_UNVALIDATED
C_29342,0.2878347635269165,0.19883158802986145,0.11126689612865448,0,0,2005-07-26T11:30:00,ENGINE_EXECUTABLE_HYDRAULICALLY_UNVALIDATED
C_29343,0.28728365898132324,0.19384479522705078,0.11349412798881531,0,0,2005-07-26T11:30:00,ENGINE_EXECUTABLE_HYDRAULICALLY_UNVALIDATED
C_29346,2.7695353031158447,1.4833968877792358,0.4148477017879486,0,0,2005-07-26T10:45:00,ENGINE_EXECUTABLE_HYDRAULICALLY_UNVALIDATED
C_29347,6.225518703460693,1.8491190671920776,0.7480829954147339,0,0,2005-07-26T10:45:00,ENGINE_EXECUTABLE_HYDRAULICALLY_UNVALIDATED
C_29348,2.5967791080474854,1.5290127992630005,0.37736621499061584,0,0,2005-07-26T10:45:00,ENGINE_EXECUTABLE_HYDRAULICALLY_UNVALIDATED
C_29349,6.224343299865723,1.9971511363983154,0.6925030946731567,0,0,2005-07-26T10:45:00,ENGINE_EXECUTABLE_HYDRAULICALLY_UNVALIDATED
C_29350,2.597677230834961,1.6126255989074707,0.3579239547252655,0,0,2005-07-26T10:45:00,ENGINE_EXECUTABLE_HYDRAULICALLY_UNVALIDATED
C_29351,6.227203369140625,2.105264186859131,0.6572423577308655,0,0,2005-07-26T10:45:00,ENGINE_EXECUTABLE_HYDRAULICALLY_UNVALIDATED
C_29352,2.600801467895508,1.754768967628479,0.4234195053577423,0,0,2005-07-26T10:45:00,ENGINE_EXECUTABLE_HYDRAULICALLY_UNVALIDATED
C_29353,6.1493072509765625,2.343682289123535,0.7495680451393127,0,0,2005-07-26T10:45:00,ENGINE_EXECUTABLE_HYDRAULICALLY_UNVALIDATED
C_29354,2.6000406742095947,1.7183759212493896,0.43226051330566406,0,0,2005-07-26T10:45:00,ENGINE_EXECUTABLE_HYDRAULICALLY_UNVALIDATED
C_29355,6.114345073699951,2.3182661533355713,0.7534774541854858,0,0,2005-07-26T10:45:00,ENGINE_EXECUTABLE_HYDRAULICALLY_UNVALIDATED
C_29356,2.599386215209961,1.764626383781433,0.4417779743671417,0,0,2005-07-26T10:45:00,ENGINE_EXECUTABLE_HYDRAULICALLY_UNVALIDATED
C_29357,6.262664318084717,2.5025482177734375,0.7505207657814026,0,0,2005-07-26T10:45:00,ENGINE_EXECUTABLE_HYDRAULICALLY_UNVALIDATED
C_29358,2.598877191543579,1.352709174156189,0.4268943965435028,0,0,2005-07-26T10:45:00,ENGINE_EXECUTABLE_HYDRAULICALLY_UNVALIDATED
C_29359,6.247547626495361,1.919182300567627,0.7233233451843262,0,0,2005-07-26T10:45:00,ENGINE_EXECUTABLE_HYDRAULICALLY_UNVALIDATED
C_29360,2.59836745262146,1.517804741859436,0.3803853690624237,0,0,2005-07-26T10:45:00,ENGINE_EXECUTABLE_HYDRAULICALLY_UNVALIDATED
C_29361,6.236024856567383,2.060012102127075,0.6726314425468445,0,0,2005-07-26T10:45:00,ENGINE_EXECUTABLE_HYDRAULICALLY_UNVALIDATED
C_29362,2.6033425331115723,2.839733839035034,0.26190105080604553,0,0,2005-07-26T10:45:00,ENGINE_EXECUTABLE_HYDRAULICALLY_UNVALIDATED
C_29363,5.826463222503662,3.724061965942383,0.4469631314277649,0,0,2005-07-26T10:45:00,ENGINE_EXECUTABLE_HYDRAULICALLY_UNVALIDATED
C_29364,2.602940797805786,2.7971765995025635,0.2658446729183197,0,0,2005-07-26T10:45:00,ENGINE_EXECUTABLE_HYDRAULICALLY_UNVALIDATED
C_29365,5.8280792236328125,3.4361681938171387,0.4845455586910248,0,0,2005-07-26T10:45:00,ENGINE_EXECUTABLE_HYDRAULICALLY_UNVALIDATED
C_29366,2.6015524864196777,1.7732771635055542,0.4191211462020874,0,0,2005-07-26T10:45:00,ENGINE_EXECUTABLE_HYDRAULICALLY_UNVALIDATED
C_29367,6.176316261291504,2.361750364303589,0.7471006512641907,0,0,2005-07-26T10:45:00,ENGINE_EXECUTABLE_HYDRAULICALLY_UNVALIDATED
C_29368,2.602342128753662,2.0898356437683105,0.35574260354042053,0,0,2005-07-26T10:45:00,ENGINE_EXECUTABLE_HYDRAULICALLY_UNVALIDATED
C_29369,6.010398864746094,2.6375510692596436,0.6510075926780701,0,0,2005-07-26T10:45:00,ENGINE_EXECUTABLE_HYDRAULICALLY_UNVALIDATED
C_29370,2.6035866737365723,1.9851716756820679,0.37467747926712036,0,0,2005-07-26T10:45:00,ENGINE_EXECUTABLE_HYDRAULICALLY_UNVALIDATED
C_29371,5.826698303222656,2.6158225536346436,0.6363526582717896,0,0,2005-07-26T10:45:00,ENGINE_EXECUTABLE_HYDRAULICALLY_UNVALIDATED
C_29372,2.604628324508667,1.9855785369873047,0.374750554561615,0,0,2005-07-26T10:45:00,ENGINE_EXECUTABLE_HYDRAULICALLY_UNVALIDATED
C_29373,5.257419586181641,2.3972065448760986,0.626542866230011,0,0,2005-07-26T10:45:00,ENGINE_EXECUTABLE_HYDRAULICALLY_UNVALIDATED
C_29374,2.6051928997039795,1.9850211143493652,0.3749370574951172,0,0,2005-07-26T10:45:00,ENGINE_EXECUTABLE_HYDRAULICALLY_UNVALIDATED
C_29375,5.252811431884766,2.4560341835021973,0.6109997034072876,0,0,2005-07-26T10:45:00,ENGINE_EXECUTABLE_HYDRAULICALLY_UNVALIDATED
C_29376,0.4826871454715729,0.25156521797180176,0.27537593245506287,0,0,2005-07-26T10:45:00,ENGINE_EXECUTABLE_HYDRAULICALLY_UNVALIDATED
C_29377,0.032865848392248154,0.08182176947593689,0.10084126889705658,0,0,2005-07-26T10:30:00,ENGINE_EXECUTABLE_HYDRAULICALLY_UNVALIDATED
C_29378,2.414059638977051,2.101961135864258,0.3281005322933197,0,0,2005-07-26T10:45:00,ENGINE_EXECUTABLE_HYDRAULICALLY_UNVALIDATED
C_29379,5.235678195953369,2.7149734497070312,0.5509231090545654,0,0,2005-07-26T10:45:00,ENGINE_EXECUTABLE_HYDRAULICALLY_UNVALIDATED
C_29380,2.2246720790863037,2.241316795349121,0.2835609018802643,0,0,2005-07-26T10:45:00,ENGINE_EXECUTABLE_HYDRAULICALLY_UNVALIDATED
C_29381,5.219940662384033,3.046523094177246,0.48949098587036133,0,0,2005-07-26T10:45:00,ENGINE_EXECUTABLE_HYDRAULICALLY_UNVALIDATED
C_29382,2.042595148086548,2.2608211040496826,0.25810694694519043,0,0,2005-07-26T10:45:00,ENGINE_EXECUTABLE_HYDRAULICALLY_UNVALIDATED
C_29383,5.207924842834473,3.201894521713257,0.4646663963794708,0,0,2005-07-26T10:45:00,ENGINE_EXECUTABLE_HYDRAULICALLY_UNVALIDATED
C_29384,1.85177481174469,2.1275062561035156,0.21757499873638153,0,0,2005-07-26T10:45:00,ENGINE_EXECUTABLE_HYDRAULICALLY_UNVALIDATED
C_29385,5.199179649353027,3.1830224990844727,0.40830692648887634,0,0,2005-07-26T10:45:00,ENGINE_EXECUTABLE_HYDRAULICALLY_UNVALIDATED
C_29386,1.8521018028259277,2.5298144817352295,0.18300706148147583,0,0,2005-07-26T10:45:00,ENGINE_EXECUTABLE_HYDRAULICALLY_UNVALIDATED
C_29387,4.421238899230957,3.2944395542144775,0.3354702889919281,0,0,2005-07-26T10:45:00,ENGINE_EXECUTABLE_HYDRAULICALLY_UNVALIDATED
C_29388,7.578948497772217,3.534452438354492,1.4384020566940308,0,0,2005-07-26T10:45:00,ENGINE_EXECUTABLE_HYDRAULICALLY_UNVALIDATED
C_29389,7.199942588806152,3.6201283931732178,1.4384020566940308,0,0,2005-07-26T10:45:00,ENGINE_EXECUTABLE_HYDRAULICALLY_UNVALIDATED
C_29390,6.24539041519165,2.7754199504852295,1.5,60,60,2005-07-26T10:45:00,ENGINE_EXECUTABLE_HYDRAULICALLY_UNVALIDATED
C_29391,7.008331775665283,3.114467144012451,1.5,30,30,2005-07-26T10:45:00,ENGINE_EXECUTABLE_HYDRAULICALLY_UNVALIDATED
C_29392,0.8006404638290405,0.41126736998558044,0.3612110912799835,0,0,2005-07-26T10:45:00,ENGINE_EXECUTABLE_HYDRAULICALLY_UNVALIDATED
C_29393,0.07512814551591873,0.0542832687497139,0.30112501978874207,0,0,2005-07-26T10:30:00,ENGINE_EXECUTABLE_HYDRAULICALLY_UNVALIDATED
C_29394,0.8043021559715271,0.3752540647983551,0.35718584060668945,0,0,2005-07-26T10:45:00,ENGINE_EXECUTABLE_HYDRAULICALLY_UNVALIDATED
C_29395,0.07111751288175583,0.047938887029886246,0.28808873891830444,0,0,2005-07-26T10:30:00,ENGINE_EXECUTABLE_HYDRAULICALLY_UNVALIDATED
C_29396,1.1394487619400024,0.4380059838294983,0.3612716794013977,0,0,2005-07-26T10:45:00,ENGINE_EXECUTABLE_HYDRAULICALLY_UNVALIDATED
C_29397,0.6848097443580627,0.31931886076927185,0.3103007376194,0,0,2005-07-26T10:45:00,ENGINE_EXECUTABLE_HYDRAULICALLY_UNVALIDATED
C_29398,0.8089061379432678,0.5150604248046875,0.3489627540111542,0,0,2005-07-26T10:45:00,ENGINE_EXECUTABLE_HYDRAULICALLY_UNVALIDATED
C_29399,0.06605920940637589,0.0662422776222229,0.25893375277519226,0,0,2005-07-26T10:30:00,ENGINE_EXECUTABLE_HYDRAULICALLY_UNVALIDATED
C_29400,0.4957433342933655,0.31334492564201355,0.23141901195049286,0,0,2005-07-26T10:45:00,ENGINE_EXECUTABLE_HYDRAULICALLY_UNVALIDATED
C_29401,0.0001419939217157662,0.00245950766839087,0.03640301898121834,0,0,2005-07-26T11:00:00,ENGINE_EXECUTABLE_HYDRAULICALLY_UNVALIDATED
C_29402,0.6477996110916138,0.3086793124675751,0.30310314893722534,0,0,2005-07-26T10:45:00,ENGINE_EXECUTABLE_HYDRAULICALLY_UNVALIDATED
C_29403,0.043649278581142426,0.10810626298189163,0.1374000459909439,0,0,2005-07-26T10:30:00,ENGINE_EXECUTABLE_HYDRAULICALLY_UNVALIDATED
C_29404,0.6401956677436829,0.4375568628311157,0.32675793766975403,0,0,2005-07-26T10:45:00,ENGINE_EXECUTABLE_HYDRAULICALLY_UNVALIDATED
C_29405,0.05442753806710243,0.0857321098446846,0.19084280729293823,0,0,2005-07-26T10:30:00,ENGINE_EXECUTABLE_HYDRAULICALLY_UNVALIDATED
C_29406,1.852452039718628,1.6570545434951782,0.279448539018631,0,0,2005-07-26T10:45:00,ENGINE_EXECUTABLE_HYDRAULICALLY_UNVALIDATED
C_29407,4.519237041473389,2.4391777515411377,0.4631410837173462,0,0,2005-07-26T10:45:00,ENGINE_EXECUTABLE_HYDRAULICALLY_UNVALIDATED
C_29408,1.8529210090637207,1.4572999477386475,0.31783345341682434,0,0,2005-07-26T10:45:00,ENGINE_EXECUTABLE_HYDRAULICALLY_UNVALIDATED
C_29409,4.415584087371826,2.019538402557373,0.5465472340583801,0,0,2005-07-26T10:45:00,ENGINE_EXECUTABLE_HYDRAULICALLY_UNVALIDATED
C_29410,1.8534504175186157,1.372618556022644,0.33753809332847595,0,0,2005-07-26T10:45:00,ENGINE_EXECUTABLE_HYDRAULICALLY_UNVALIDATED
C_29411,4.407263278961182,1.9264384508132935,0.5718808174133301,0,0,2005-07-26T10:45:00,ENGINE_EXECUTABLE_HYDRAULICALLY_UNVALIDATED
C_29412,1.85403311252594,1.21601402759552,0.3811277151107788,0,0,2005-07-26T10:45:00,ENGINE_EXECUTABLE_HYDRAULICALLY_UNVALIDATED
C_29413,4.210968017578125,1.6742838621139526,0.6287014484405518,0,0,2005-07-26T10:45:00,ENGINE_EXECUTABLE_HYDRAULICALLY_UNVALIDATED
C_29414,1.1252912282943726,0.4205380082130432,0.3716026842594147,0,0,2005-07-26T10:45:00,ENGINE_EXECUTABLE_HYDRAULICALLY_UNVALIDATED
C_29415,0.673549473285675,0.28890252113342285,0.3336676061153412,0,0,2005-07-26T10:45:00,ENGINE_EXECUTABLE_HYDRAULICALLY_UNVALIDATED
C_29416,1.2985330820083618,0.48558810353279114,0.3713676929473877,0,0,2005-07-26T10:45:00,ENGINE_EXECUTABLE_HYDRAULICALLY_UNVALIDATED
C_29417,0.6685167551040649,0.27857568860054016,0.34339794516563416,0,0,2005-07-26T10:45:00,ENGINE_EXECUTABLE_HYDRAULICALLY_UNVALIDATED
C_29418,1.2906978130340576,0.4957214593887329,0.36158132553100586,0,0,2005-07-26T10:45:00,ENGINE_EXECUTABLE_HYDRAULICALLY_UNVALIDATED
C_29419,0.8523747324943542,0.35820403695106506,0.34556064009666443,0,0,2005-07-26T10:45:00,ENGINE_EXECUTABLE_HYDRAULICALLY_UNVALIDATED
C_29420,1.282557725906372,0.509942889213562,0.3492806553840637,0,0,2005-07-26T10:45:00,ENGINE_EXECUTABLE_HYDRAULICALLY_UNVALIDATED
C_29421,1.0355793237686157,0.4498197138309479,0.3426349461078644,0,0,2005-07-26T10:45:00,ENGINE_EXECUTABLE_HYDRAULICALLY_UNVALIDATED
C_29422,0.16455566883087158,0.11260642111301422,0.3566577434539795,0,0,2005-07-26T10:45:00,ENGINE_EXECUTABLE_HYDRAULICALLY_UNVALIDATED
C_29423,0.7354654669761658,0.5468205213546753,0.305132657289505,0,0,2005-07-26T10:45:00,ENGINE_EXECUTABLE_HYDRAULICALLY_UNVALIDATED
C_29424,1.132990837097168,0.43063268065452576,0.36537477374076843,0,0,2005-07-26T10:45:00,ENGINE_EXECUTABLE_HYDRAULICALLY_UNVALIDATED
C_29425,0.6791060566902161,0.30606409907341003,0.32037386298179626,0,0,2005-07-26T10:45:00,ENGINE_EXECUTABLE_HYDRAULICALLY_UNVALIDATED
C_29426,0.16620586812496185,0.1377541869878769,0.34329304099082947,0,0,2005-07-26T10:45:00,ENGINE_EXECUTABLE_HYDRAULICALLY_UNVALIDATED
C_29427,0.7369250655174255,0.5627504587173462,0.2962062954902649,0,0,2005-07-26T10:45:00,ENGINE_EXECUTABLE_HYDRAULICALLY_UNVALIDATED
C_29428,0.1710832715034485,0.164847269654274,0.3183192312717438,0,0,2005-07-26T10:45:00,ENGINE_EXECUTABLE_HYDRAULICALLY_UNVALIDATED
C_29429,0.7397503852844238,0.5490823984146118,0.29698967933654785,0,0,2005-07-26T10:45:00,ENGINE_EXECUTABLE_HYDRAULICALLY_UNVALIDATED
C_29430,0.029183175414800644,0.03716977313160896,0.30377334356307983,0,0,2005-07-26T10:15:00,ENGINE_EXECUTABLE_HYDRAULICALLY_UNVALIDATED
C_29431,0.7420739531517029,0.5184361338615417,0.30791008472442627,0,0,2005-07-26T10:45:00,ENGINE_EXECUTABLE_HYDRAULICALLY_UNVALIDATED
C_29432,0.022684862837195396,0.040627527981996536,0.28778454661369324,0,0,2005-07-26T10:15:00,ENGINE_EXECUTABLE_HYDRAULICALLY_UNVALIDATED
C_29433,0.557627260684967,0.4009220004081726,0.2983037829399109,0,0,2005-07-26T10:45:00,ENGINE_EXECUTABLE_HYDRAULICALLY_UNVALIDATED
C_29434,0.5092319846153259,0.37253549695014954,0.19778941571712494,0,0,2005-07-26T10:45:00,ENGINE_EXECUTABLE_HYDRAULICALLY_UNVALIDATED
C_29435,0.0,0.0,0.0006744928541593254,0,0,2005-07-26T00:15:00,ENGINE_EXECUTABLE_HYDRAULICALLY_UNVALIDATED
C_29436,0.159767746925354,0.15361662209033966,0.15591809153556824,0,0,2005-07-26T11:00:00,ENGINE_EXECUTABLE_HYDRAULICALLY_UNVALIDATED
C_29437,0.0,0.0,3.0479999622912146e-05,0,0,2005-07-26T00:15:00,ENGINE_EXECUTABLE_HYDRAULICALLY_UNVALIDATED
C_29438,1.6635712385177612,1.0410130023956299,0.3994632959365845,0,0,2005-07-26T10:45:00,ENGINE_EXECUTABLE_HYDRAULICALLY_UNVALIDATED
C_29439,4.203630447387695,1.5822349786758423,0.6641179323196411,0,0,2005-07-26T10:45:00,ENGINE_EXECUTABLE_HYDRAULICALLY_UNVALIDATED
C_29440,1.6642917394638062,1.0500847101211548,0.3961838483810425,0,0,2005-07-26T10:45:00,ENGINE_EXECUTABLE_HYDRAULICALLY_UNVALIDATED
C_29441,4.198823928833008,1.5398104190826416,0.681635320186615,0,0,2005-07-26T10:45:00,ENGINE_EXECUTABLE_HYDRAULICALLY_UNVALIDATED
C_29442,1.474564552307129,0.8963462710380554,0.4112251102924347,0,0,2005-07-26T10:45:00,ENGINE_EXECUTABLE_HYDRAULICALLY_UNVALIDATED
C_29443,4.194922924041748,1.4415844678878784,0.7274037599563599,0,0,2005-07-26T10:45:00,ENGINE_EXECUTABLE_HYDRAULICALLY_UNVALIDATED
C_29444,0.013352971524000168,0.035550184547901154,0.2782937288284302,0,0,2005-07-26T10:15:00,ENGINE_EXECUTABLE_HYDRAULICALLY_UNVALIDATED
C_29445,0.5590072870254517,0.3962780833244324,0.3011520504951477,0,0,2005-07-26T10:45:00,ENGINE_EXECUTABLE_HYDRAULICALLY_UNVALIDATED
C_29446,0.006193235050886869,0.02037680894136429,0.2687983810901642,0,0,2005-07-26T10:15:00,ENGINE_EXECUTABLE_HYDRAULICALLY_UNVALIDATED
C_29447,0.5598499178886414,0.39592382311820984,0.3010556995868683,0,0,2005-07-26T10:45:00,ENGINE_EXECUTABLE_HYDRAULICALLY_UNVALIDATED
C_29448,0.0025635825004428625,0.013695464469492435,0.2562994956970215,0,0,2005-07-26T10:15:00,ENGINE_EXECUTABLE_HYDRAULICALLY_UNVALIDATED
C_29449,0.5602601170539856,0.4103090465068817,0.29097896814346313,0,0,2005-07-26T10:45:00,ENGINE_EXECUTABLE_HYDRAULICALLY_UNVALIDATED
C_29450,1.2839055061340332,0.799128532409668,0.4016132652759552,0,0,2005-07-26T10:45:00,ENGINE_EXECUTABLE_HYDRAULICALLY_UNVALIDATED
C_29451,4.1911821365356445,1.388985514640808,0.7542763352394104,0,0,2005-07-26T10:45:00,ENGINE_EXECUTABLE_HYDRAULICALLY_UNVALIDATED
C_29452,0.01303431298583746,0.03287482261657715,0.07308577001094818,0,0,2005-07-26T10:30:00,ENGINE_EXECUTABLE_HYDRAULICALLY_UNVALIDATED
C_29453,0.0,0.0,3.0479999622912146e-05,0,0,2005-07-26T00:15:00,ENGINE_EXECUTABLE_HYDRAULICALLY_UNVALIDATED
C_29454,1.2848247289657593,0.8276445865631104,0.3880535364151001,0,0,2005-07-26T10:45:00,ENGINE_EXECUTABLE_HYDRAULICALLY_UNVALIDATED
C_29455,3.9966840744018555,1.3025296926498413,0.7670149803161621,0,0,2005-07-26T10:45:00,ENGINE_EXECUTABLE_HYDRAULICALLY_UNVALIDATED
C_29456,1.2857551574707031,0.8448290824890137,0.3804355263710022,0,0,2005-07-26T10:45:00,ENGINE_EXECUTABLE_HYDRAULICALLY_UNVALIDATED
C_29457,3.994882106781006,1.293984293937683,0.7717321515083313,0,0,2005-07-26T10:45:00,ENGINE_EXECUTABLE_HYDRAULICALLY_UNVALIDATED
C_29458,1.2866692543029785,0.854292631149292,0.37648865580558777,0,0,2005-07-26T10:45:00,ENGINE_EXECUTABLE_HYDRAULICALLY_UNVALIDATED
C_29459,3.803687334060669,1.2319765090942383,0.7717808485031128,0,0,2005-07-26T10:45:00,ENGINE_EXECUTABLE_HYDRAULICALLY_UNVALIDATED
C_29460,0.0,0.0,0.010396381840109825,0,0,2005-07-26T00:15:00,ENGINE_EXECUTABLE_HYDRAULICALLY_UNVALIDATED
C_29461,0.0,0.0,3.0479999622912146e-05,0,0,2005-07-26T00:15:00,ENGINE_EXECUTABLE_HYDRAULICALLY_UNVALIDATED
C_29462,0.0,0.0,3.0479999622912146e-05,0,0,2005-07-26T00:15:00,ENGINE_EXECUTABLE_HYDRAULICALLY_UNVALIDATED
C_29463,0.0,0.0,3.0479999622912146e-05,0,0,2005-07-26T00:15:00,ENGINE_EXECUTABLE_HYDRAULICALLY_UNVALIDATED
C_29464,1.1011979579925537,0.7514387965202332,0.3663223683834076,0,0,2005-07-26T10:45:00,ENGINE_EXECUTABLE_HYDRAULICALLY_UNVALIDATED
C_29465,3.8060367107391357,1.238075613975525,0.7684532403945923,0,0,2005-07-26T10:45:00,ENGINE_EXECUTABLE_HYDRAULICALLY_UNVALIDATED
C_29466,1.1020681858062744,0.7821086645126343,0.35223543643951416,0,0,2005-07-26T10:45:00,ENGINE_EXECUTABLE_HYDRAULICALLY_UNVALIDATED
C_29467,3.622697353363037,1.1874358654022217,0.7626293897628784,0,0,2005-07-26T10:45:00,ENGINE_EXECUTABLE_HYDRAULICALLY_UNVALIDATED
C_29468,0.9169183969497681,0.7632389068603516,0.34203243255615234,0,0,2005-07-26T10:45:00,ENGINE_EXECUTABLE_HYDRAULICALLY_UNVALIDATED
C_29469,3.6246838569641113,1.346348762512207,0.7664956450462341,0,0,2005-07-26T10:45:00,ENGINE_EXECUTABLE_HYDRAULICALLY_UNVALIDATED
C_29470,0.9176011681556702,0.8532065749168396,0.3430155813694,0,0,2005-07-26T10:45:00,ENGINE_EXECUTABLE_HYDRAULICALLY_UNVALIDATED
C_29471,3.6245312690734863,1.4558610916137695,0.7940466403961182,0,0,2005-07-26T10:45:00,ENGINE_EXECUTABLE_HYDRAULICALLY_UNVALIDATED
C_29472,0.9182296395301819,0.7754313945770264,0.36702463030815125,0,0,2005-07-26T10:45:00,ENGINE_EXECUTABLE_HYDRAULICALLY_UNVALIDATED
C_29473,3.6250457763671875,1.3324522972106934,0.8432359099388123,0,0,2005-07-26T10:45:00,ENGINE_EXECUTABLE_HYDRAULICALLY_UNVALIDATED
C_29474,0.9188272356987,0.8184667229652405,0.40523290634155273,0,0,2005-07-26T10:45:00,ENGINE_EXECUTABLE_HYDRAULICALLY_UNVALIDATED
C_29475,3.62872052192688,1.435343623161316,0.9125769734382629,0,0,2005-07-26T10:45:00,ENGINE_EXECUTABLE_HYDRAULICALLY_UNVALIDATED
C_29476,0.9194236993789673,0.7431144118309021,0.43652769923210144,0,0,2005-07-26T10:45:00,ENGINE_EXECUTABLE_HYDRAULICALLY_UNVALIDATED
C_29477,3.636044979095459,1.3121949434280396,0.9776484370231628,0,0,2005-07-26T10:45:00,ENGINE_EXECUTABLE_HYDRAULICALLY_UNVALIDATED
C_29478,0.926887571811676,1.3225754499435425,0.3503710925579071,0,0,2005-07-26T10:45:00,ENGINE_EXECUTABLE_HYDRAULICALLY_UNVALIDATED
C_29479,3.667588710784912,1.3762741088867188,1.4552534818649292,0,0,2005-07-26T10:45:00,ENGINE_EXECUTABLE_HYDRAULICALLY_UNVALIDATED
C_29480,0.9266915321350098,1.380769968032837,0.3355332016944885,0,0,2005-07-26T10:45:00,ENGINE_EXECUTABLE_HYDRAULICALLY_UNVALIDATED
C_29481,3.5301172733306885,1.7165104150772095,1.2176568508148193,0,0,2005-07-26T10:45:00,ENGINE_EXECUTABLE_HYDRAULICALLY_UNVALIDATED
C_29482,0.9200217723846436,0.8281934857368469,0.4651399254798889,0,0,2005-07-26T10:45:00,ENGINE_EXECUTABLE_HYDRAULICALLY_UNVALIDATED
C_29483,3.6441705226898193,1.4631606340408325,1.042855143547058,0,0,2005-07-26T10:45:00,ENGINE_EXECUTABLE_HYDRAULICALLY_UNVALIDATED
C_29484,0.9205761551856995,0.9202420115470886,0.507999837398529,0,0,2005-07-26T10:45:00,ENGINE_EXECUTABLE_HYDRAULICALLY_UNVALIDATED
C_29485,3.6503918170928955,1.6242561340332031,1.141276478767395,0,0,2005-07-26T10:45:00,ENGINE_EXECUTABLE_HYDRAULICALLY_UNVALIDATED
C_29486,0.9211074709892273,0.8615845441818237,0.5201783180236816,0,0,2005-07-26T10:45:00,ENGINE_EXECUTABLE_HYDRAULICALLY_UNVALIDATED
C_29487,3.652017831802368,1.477400541305542,1.2027474641799927,0,0,2005-07-26T10:45:00,ENGINE_EXECUTABLE_HYDRAULICALLY_UNVALIDATED
C_29488,0.9245920777320862,1.5915359258651733,0.29043927788734436,0,0,2005-07-26T10:45:00,ENGINE_EXECUTABLE_HYDRAULICALLY_UNVALIDATED
C_29489,3.6011972427368164,2.0603063106536865,0.8738497495651245,0,0,2005-07-26T10:45:00,ENGINE_EXECUTABLE_HYDRAULICALLY_UNVALIDATED
C_29490,0.9243130683898926,1.2508454322814941,0.3694342076778412,0,0,2005-07-26T10:45:00,ENGINE_EXECUTABLE_HYDRAULICALLY_UNVALIDATED
C_29491,3.6078357696533203,1.7826635837554932,1.011810064315796,0,0,2005-07-26T10:45:00,ENGINE_EXECUTABLE_HYDRAULICALLY_UNVALIDATED
C_29492,0.9250737428665161,1.495774507522583,0.30919456481933594,0,0,2005-07-26T10:45:00,ENGINE_EXECUTABLE_HYDRAULICALLY_UNVALIDATED
C_29493,3.5743892192840576,2.1920528411865234,0.8152155876159668,0,0,2005-07-26T10:45:00,ENGINE_EXECUTABLE_HYDRAULICALLY_UNVALIDATED
C_29494,0.9264143109321594,1.3827142715454102,0.3349611461162567,0,0,2005-07-26T10:45:00,ENGINE_EXECUTABLE_HYDRAULICALLY_UNVALIDATED
C_29495,3.658909320831299,2.4431252479553223,0.8166348934173584,0,0,2005-07-26T10:45:00,ENGINE_EXECUTABLE_HYDRAULICALLY_UNVALIDATED
C_29496,0.9262880682945251,1.3882834911346436,0.33357200026512146,0,0,2005-07-26T10:45:00,ENGINE_EXECUTABLE_HYDRAULICALLY_UNVALIDATED
C_29497,3.3812081813812256,2.753265380859375,0.6540793180465698,0,0,2005-07-26T10:45:00,ENGINE_EXECUTABLE_HYDRAULICALLY_UNVALIDATED
C_29498,0.9256527423858643,1.5457593202590942,0.2993834912776947,0,0,2005-07-26T10:45:00,ENGINE_EXECUTABLE_HYDRAULICALLY_UNVALIDATED
C_29499,3.613550901412964,2.557100772857666,0.7064931988716125,0,0,2005-07-26T10:45:00,ENGINE_EXECUTABLE_HYDRAULICALLY_UNVALIDATED
C_29500,0.9260839819908142,1.3996918201446533,0.3307802677154541,0,0,2005-07-26T10:45:00,ENGINE_EXECUTABLE_HYDRAULICALLY_UNVALIDATED
C_29501,3.6136364936828613,2.840616464614868,0.6359946727752686,0,0,2005-07-26T10:45:00,ENGINE_EXECUTABLE_HYDRAULICALLY_UNVALIDATED
C_29503,0.02211672253906727,0.030960282310843468,0.4417870342731476,0,0,2005-07-26T10:15:00,ENGINE_EXECUTABLE_HYDRAULICALLY_UNVALIDATED
C_29504,0.05746417120099068,0.1541229784488678,1.1387650966644287,0,0,2005-07-26T11:00:00,ENGINE_EXECUTABLE_HYDRAULICALLY_UNVALIDATED
C_29505,0.014660046435892582,0.032313622534275055,0.3243199586868286,0,0,2005-07-26T10:15:00,ENGINE_EXECUTABLE_HYDRAULICALLY_UNVALIDATED
C_29506,0.053297482430934906,0.04831282049417496,1.0186116695404053,0,0,2005-07-26T11:00:00,ENGINE_EXECUTABLE_HYDRAULICALLY_UNVALIDATED
C_29507,0.008700168691575527,0.07378438860177994,0.26335611939430237,0,0,2005-07-26T10:30:00,ENGINE_EXECUTABLE_HYDRAULICALLY_UNVALIDATED
C_29508,0.05791100859642029,0.08505457639694214,0.9555108547210693,0,0,2005-07-26T10:30:00,ENGINE_EXECUTABLE_HYDRAULICALLY_UNVALIDATED
C_29509,0.004955252166837454,0.04088855907320976,0.20590144395828247,0,0,2005-07-26T10:30:00,ENGINE_EXECUTABLE_HYDRAULICALLY_UNVALIDATED
C_29510,0.05656964331865311,0.07819036394357681,0.8967162370681763,0,0,2005-07-26T10:30:00,ENGINE_EXECUTABLE_HYDRAULICALLY_UNVALIDATED
C_29511,0.0,0.0,0.07847953587770462,0,0,2005-07-26T00:15:00,ENGINE_EXECUTABLE_HYDRAULICALLY_UNVALIDATED
C_29512,0.04138420522212982,0.058920782059431076,0.6972013711929321,0,0,2005-07-26T10:30:00,ENGINE_EXECUTABLE_HYDRAULICALLY_UNVALIDATED
C_29513,0.0,0.0,3.0479999622912146e-05,0,0,2005-07-26T00:15:00,ENGINE_EXECUTABLE_HYDRAULICALLY_UNVALIDATED
C_29514,0.035872627049684525,0.05350010097026825,0.44504067301750183,0,0,2005-07-26T11:00:00,ENGINE_EXECUTABLE_HYDRAULICALLY_UNVALIDATED
C_29515,0.0,0.0,3.0479999622912146e-05,0,0,2005-07-26T00:15:00,ENGINE_EXECUTABLE_HYDRAULICALLY_UNVALIDATED
C_29516,0.009296550415456295,0.03499889001250267,0.24098685383796692,0,0,2005-07-26T10:45:00,ENGINE_EXECUTABLE_HYDRAULICALLY_UNVALIDATED
C_29521,0.0,0.0,3.0479999622912146e-05,0,0,2005-07-26T00:15:00,ENGINE_EXECUTABLE_HYDRAULICALLY_UNVALIDATED
C_29522,0.00010160104284295812,0.0006955177523195744,0.07012167572975159,0,0,2005-07-26T10:45:00,ENGINE_EXECUTABLE_HYDRAULICALLY_UNVALIDATED
C_29523,6.663532733917236,3.1093459129333496,0.38960495591163635,0,0,2005-07-26T10:45:00,ENGINE_EXECUTABLE_HYDRAULICALLY_UNVALIDATED
C_29524,6.279792308807373,2.501755952835083,0.4563407897949219,0,0,2005-07-26T10:45:00,ENGINE_EXECUTABLE_HYDRAULICALLY_UNVALIDATED
C_29525,5.517390251159668,2.273312568664551,0.441228449344635,0,0,2005-07-26T10:45:00,ENGINE_EXECUTABLE_HYDRAULICALLY_UNVALIDATED
C_29526,0.35906291007995605,1.3247697353363037,0.13550390303134918,0,0,2005-07-26T10:45:00,ENGINE_EXECUTABLE_HYDRAULICALLY_UNVALIDATED
C_29527,2.4516055583953857,2.4908032417297363,0.4927535057067871,0,0,2005-07-26T10:45:00,ENGINE_EXECUTABLE_HYDRAULICALLY_UNVALIDATED
C_29528,0.0,0.0,0.04920476675033569,0,0,2005-07-26T00:15:00,ENGINE_EXECUTABLE_HYDRAULICALLY_UNVALIDATED
C_29529,2.451517105102539,3.3889100551605225,0.36165672540664673,0,0,2005-07-26T10:45:00,ENGINE_EXECUTABLE_HYDRAULICALLY_UNVALIDATED
C_29530,0.3591819405555725,1.7618041038513184,0.10192447900772095,0,0,2005-07-26T10:45:00,ENGINE_EXECUTABLE_HYDRAULICALLY_UNVALIDATED
C_29531,2.451418161392212,3.3040380477905273,0.3709317445755005,0,0,2005-07-26T10:45:00,ENGINE_EXECUTABLE_HYDRAULICALLY_UNVALIDATED
C_29532,3.9994618892669678,2.0032100677490234,0.362964391708374,0,0,2005-07-26T10:45:00,ENGINE_EXECUTABLE_HYDRAULICALLY_UNVALIDATED
C_29533,3.619474411010742,1.9678224325180054,0.3343863785266876,0,0,2005-07-26T10:45:00,ENGINE_EXECUTABLE_HYDRAULICALLY_UNVALIDATED
C_29534,4.949121952056885,2.1686556339263916,0.4148838222026825,0,0,2005-07-26T10:45:00,ENGINE_EXECUTABLE_HYDRAULICALLY_UNVALIDATED
C_29535,4.380570888519287,2.053483486175537,0.38781842589378357,0,0,2005-07-26T10:45:00,ENGINE_EXECUTABLE_HYDRAULICALLY_UNVALIDATED
C_29536,1.1588913202285767,2.235194206237793,0.31362244486808777,0,0,2005-07-26T10:15:00,ENGINE_EXECUTABLE_HYDRAULICALLY_UNVALIDATED
C_29537,4.565958023071289,3.290764331817627,0.731004536151886,0,0,2005-07-26T10:45:00,ENGINE_EXECUTABLE_HYDRAULICALLY_UNVALIDATED
C_29538,0.9830573797225952,3.0355348587036133,0.1619068682193756,0,0,2005-07-26T10:45:00,ENGINE_EXECUTABLE_HYDRAULICALLY_UNVALIDATED
C_29539,3.258565664291382,4.515658378601074,0.3607671558856964,0,0,2005-07-26T10:45:00,ENGINE_EXECUTABLE_HYDRAULICALLY_UNVALIDATED
C_29540,0.9289913773536682,2.562060594558716,0.18127752840518951,0,0,2005-07-26T10:45:00,ENGINE_EXECUTABLE_HYDRAULICALLY_UNVALIDATED
C_29541,3.206584930419922,2.814783811569214,0.6459506750106812,0,0,2005-07-26T10:45:00,ENGINE_EXECUTABLE_HYDRAULICALLY_UNVALIDATED
C_29542,0.3581712543964386,0.6048031449317932,0.29607269167900085,0,0,2005-07-26T10:45:00,ENGINE_EXECUTABLE_HYDRAULICALLY_UNVALIDATED
C_29543,3.229804515838623,1.8183729648590088,0.8880040049552917,0,0,2005-07-26T10:45:00,ENGINE_EXECUTABLE_HYDRAULICALLY_UNVALIDATED
C_29544,0.9267152547836304,1.6059125661849976,0.2885001599788666,0,0,2005-07-26T10:45:00,ENGINE_EXECUTABLE_HYDRAULICALLY_UNVALIDATED
C_29545,3.1180903911590576,1.4532828330993652,1.2188429832458496,0,0,2005-07-26T10:45:00,ENGINE_EXECUTABLE_HYDRAULICALLY_UNVALIDATED
C_29546,0.3588428497314453,1.0019129514694214,0.17905892431735992,0,0,2005-07-26T10:45:00,ENGINE_EXECUTABLE_HYDRAULICALLY_UNVALIDATED
C_29547,2.481807231903076,2.1867716312408447,0.5888710021972656,0,0,2005-07-26T10:30:00,ENGINE_EXECUTABLE_HYDRAULICALLY_UNVALIDATED
C_29548,0.3586408793926239,1.3487603664398193,0.1329372376203537,0,0,2005-07-26T10:45:00,ENGINE_EXECUTABLE_HYDRAULICALLY_UNVALIDATED
C_29549,2.6641194820404053,3.0027897357940674,0.443558007478714,0,0,2005-07-26T10:45:00,ENGINE_EXECUTABLE_HYDRAULICALLY_UNVALIDATED
C_29550,0.3584495484828949,1.6938115358352661,0.10579974204301834,0,0,2005-07-26T10:45:00,ENGINE_EXECUTABLE_HYDRAULICALLY_UNVALIDATED
C_29551,3.291236639022827,3.28598952293396,0.5007426142692566,0,0,2005-07-26T10:30:00,ENGINE_EXECUTABLE_HYDRAULICALLY_UNVALIDATED
C_29557,16.851272583007812,1.7621864080429077,0.7355110049247742,0,0,2005-07-26T10:45:00,ENGINE_EXECUTABLE_HYDRAULICALLY_UNVALIDATED
C_29558,4.482275485992432,1.4485266208648682,0.5156707167625427,0,0,2005-07-26T10:45:00,ENGINE_EXECUTABLE_HYDRAULICALLY_UNVALIDATED
C_29559,16.872943878173828,1.0831228494644165,0.7080144286155701,0,0,2005-07-26T10:45:00,ENGINE_EXECUTABLE_HYDRAULICALLY_UNVALIDATED
C_29560,12.391461372375488,3.4818050861358643,0.7920715808868408,0,0,2005-07-26T10:45:00,ENGINE_EXECUTABLE_HYDRAULICALLY_UNVALIDATED
C_29561,12.200765609741211,2.4244256019592285,0.8702654242515564,0,0,2005-07-26T10:45:00,ENGINE_EXECUTABLE_HYDRAULICALLY_UNVALIDATED
C_29562,1.1459225416183472,0.2813859283924103,0.814393937587738,0,0,2005-07-26T10:45:00,ENGINE_EXECUTABLE_HYDRAULICALLY_UNVALIDATED
C_29563,11.054850578308105,2.8914668560028076,0.8579087853431702,0,0,2005-07-26T10:45:00,ENGINE_EXECUTABLE_HYDRAULICALLY_UNVALIDATED
C_29564,1.1459274291992188,0.7683952450752258,0.6747328042984009,0,0,2005-07-26T10:45:00,ENGINE_EXECUTABLE_HYDRAULICALLY_UNVALIDATED
C_29565,2.0983293056488037,1.5010077953338623,0.39936894178390503,0,0,2005-07-26T10:45:00,ENGINE_EXECUTABLE_HYDRAULICALLY_UNVALIDATED
C_29566,2.414003610610962,1.9081103801727295,0.5983545780181885,0,0,2005-07-26T10:30:00,ENGINE_EXECUTABLE_HYDRAULICALLY_UNVALIDATED
C_29567,2.3005270957946777,1.6592128276824951,0.6988900899887085,0,0,2005-07-26T10:30:00,ENGINE_EXECUTABLE_HYDRAULICALLY_UNVALIDATED
C_29568,2.3444676399230957,1.506816029548645,0.7394178509712219,0,0,2005-07-26T10:30:00,ENGINE_EXECUTABLE_HYDRAULICALLY_UNVALIDATED
C_29569,2.3264288902282715,1.3213632106781006,0.6670569181442261,0,0,2005-07-26T10:45:00,ENGINE_EXECUTABLE_HYDRAULICALLY_UNVALIDATED
C_29570,2.1918129920959473,1.4786251783370972,0.5608182549476624,0,0,2005-07-26T10:45:00,ENGINE_EXECUTABLE_HYDRAULICALLY_UNVALIDATED
C_29571,2.737654209136963,2.023392677307129,0.5058806538581848,0,0,2005-07-26T10:45:00,ENGINE_EXECUTABLE_HYDRAULICALLY_UNVALIDATED
C_29572,1.6437559127807617,0.8511869311332703,0.45093289017677307,0,0,2005-07-26T10:15:00,ENGINE_EXECUTABLE_HYDRAULICALLY_UNVALIDATED
C_29573,2.125681161880493,1.9026272296905518,0.37344372272491455,0,0,2005-07-26T10:45:00,ENGINE_EXECUTABLE_HYDRAULICALLY_UNVALIDATED
C_29574,1.9102436304092407,1.210208773612976,0.44608980417251587,0,0,2005-07-26T10:45:00,ENGINE_EXECUTABLE_HYDRAULICALLY_UNVALIDATED
C_29575,3.2318787574768066,1.5974751710891724,0.6311436295509338,0,0,2005-07-26T10:45:00,ENGINE_EXECUTABLE_HYDRAULICALLY_UNVALIDATED
C_29576,3.0404551029205322,1.4026966094970703,0.6374521255493164,0,0,2005-07-26T10:45:00,ENGINE_EXECUTABLE_HYDRAULICALLY_UNVALIDATED
C_29577,3.0405099391937256,1.448225736618042,0.6174231171607971,0,0,2005-07-26T10:45:00,ENGINE_EXECUTABLE_HYDRAULICALLY_UNVALIDATED
C_29578,3.231957197189331,1.528624176979065,0.6613802909851074,0,0,2005-07-26T10:45:00,ENGINE_EXECUTABLE_HYDRAULICALLY_UNVALIDATED
C_29579,3.0405354499816895,1.4239155054092407,0.610027551651001,0,0,2005-07-26T10:45:00,ENGINE_EXECUTABLE_HYDRAULICALLY_UNVALIDATED
C_29580,3.2320120334625244,1.5381989479064941,0.6568764448165894,0,0,2005-07-26T10:45:00,ENGINE_EXECUTABLE_HYDRAULICALLY_UNVALIDATED
C_29581,2.849679708480835,1.0161367654800415,0.5908371210098267,0,0,2005-07-26T10:45:00,ENGINE_EXECUTABLE_HYDRAULICALLY_UNVALIDATED
C_29582,2.8497114181518555,0.8509565591812134,0.5646644234657288,0,0,2005-07-26T10:45:00,ENGINE_EXECUTABLE_HYDRAULICALLY_UNVALIDATED
C_29583,2.8497567176818848,1.0823956727981567,0.5307520627975464,0,0,2005-07-26T10:45:00,ENGINE_EXECUTABLE_HYDRAULICALLY_UNVALIDATED
C_29584,2.8497955799102783,1.7028902769088745,0.5206343531608582,0,0,2005-07-26T10:45:00,ENGINE_EXECUTABLE_HYDRAULICALLY_UNVALIDATED
C_29585,2.849853277206421,0.8353890776634216,0.4936365485191345,0,0,2005-07-26T10:45:00,ENGINE_EXECUTABLE_HYDRAULICALLY_UNVALIDATED
C_29586,2.6582913398742676,1.1337302923202515,0.4374009072780609,0,0,2005-07-26T10:45:00,ENGINE_EXECUTABLE_HYDRAULICALLY_UNVALIDATED
C_29587,2.6583385467529297,1.0917500257492065,0.4057770371437073,0,0,2005-07-26T10:45:00,ENGINE_EXECUTABLE_HYDRAULICALLY_UNVALIDATED
C_29588,2.279026746749878,1.3371766805648804,0.39613375067710876,0,0,2005-07-26T10:45:00,ENGINE_EXECUTABLE_HYDRAULICALLY_UNVALIDATED
C_29590,10.674789428710938,3.525847911834717,0.7568109035491943,0,0,2005-07-26T10:45:00,ENGINE_EXECUTABLE_HYDRAULICALLY_UNVALIDATED
C_29591,10.292532920837402,3.565847158432007,0.721524715423584,0,0,2005-07-26T10:45:00,ENGINE_EXECUTABLE_HYDRAULICALLY_UNVALIDATED
C_29592,11.054829597473145,3.126570224761963,0.9007324576377869,0,0,2005-07-26T10:45:00,ENGINE_EXECUTABLE_HYDRAULICALLY_UNVALIDATED
C_29593,10.864941596984863,3.0312113761901855,0.9577651619911194,0,0,2005-07-26T10:45:00,ENGINE_EXECUTABLE_HYDRAULICALLY_UNVALIDATED
C_29594,10.865039825439453,2.9401352405548096,0.9237526059150696,0,0,2005-07-26T10:45:00,ENGINE_EXECUTABLE_HYDRAULICALLY_UNVALIDATED
C_29595,10.674773216247559,3.245516061782837,0.8221793174743652,0,0,2005-07-26T10:45:00,ENGINE_EXECUTABLE_HYDRAULICALLY_UNVALIDATED
C_29596,1.1459547281265259,0.9526550769805908,0.5295149683952332,0,0,2005-07-26T10:45:00,ENGINE_EXECUTABLE_HYDRAULICALLY_UNVALIDATED
C_29597,1.1459881067276,1.0987550020217896,0.4014841616153717,0,0,2005-07-26T10:45:00,ENGINE_EXECUTABLE_HYDRAULICALLY_UNVALIDATED
C_29598,1.1460051536560059,1.7768746614456177,0.3141177296638489,0,0,2005-07-26T10:45:00,ENGINE_EXECUTABLE_HYDRAULICALLY_UNVALIDATED
C_29599,0.955253541469574,1.039818525314331,0.3174053430557251,0,0,2005-07-26T10:45:00,ENGINE_EXECUTABLE_HYDRAULICALLY_UNVALIDATED
C_29600,0.9552623629570007,1.4405901432037354,0.26521241664886475,0,0,2005-07-26T10:45:00,ENGINE_EXECUTABLE_HYDRAULICALLY_UNVALIDATED
C_29601,0.9552698731422424,1.9187700748443604,0.1991199404001236,0,0,2005-07-26T10:45:00,ENGINE_EXECUTABLE_HYDRAULICALLY_UNVALIDATED
C_29602,1.909071445465088,1.015541911125183,0.4475346505641937,0,0,2005-07-26T10:45:00,ENGINE_EXECUTABLE_HYDRAULICALLY_UNVALIDATED
C_29603,1.9092499017715454,1.1261687278747559,0.4596423804759979,0,0,2005-07-26T10:45:00,ENGINE_EXECUTABLE_HYDRAULICALLY_UNVALIDATED
C_29604,1.9092947244644165,1.6856340169906616,0.45302411913871765,0,0,2005-07-26T10:45:00,ENGINE_EXECUTABLE_HYDRAULICALLY_UNVALIDATED
C_29605,1.908784031867981,1.415961503982544,0.37400051951408386,0,0,2005-07-26T10:45:00,ENGINE_EXECUTABLE_HYDRAULICALLY_UNVALIDATED
C_29606,1.7194424867630005,1.4334973096847534,0.3380327820777893,0,0,2005-07-26T10:45:00,ENGINE_EXECUTABLE_HYDRAULICALLY_UNVALIDATED
C_29607,1.7194372415542603,1.5051372051239014,0.41657617688179016,0,0,2005-07-26T10:45:00,ENGINE_EXECUTABLE_HYDRAULICALLY_UNVALIDATED
C_29608,1.5279369354248047,1.1079713106155396,0.48827430605888367,0,0,2005-07-26T10:45:00,ENGINE_EXECUTABLE_HYDRAULICALLY_UNVALIDATED
C_29609,1.5279474258422852,1.2147475481033325,0.4192303717136383,0,0,2005-07-26T10:45:00,ENGINE_EXECUTABLE_HYDRAULICALLY_UNVALIDATED
C_29610,2.0924577713012695,1.1781034469604492,0.39465025067329407,0,0,2005-07-26T10:45:00,ENGINE_EXECUTABLE_HYDRAULICALLY_UNVALIDATED
C_29611,1.5271315574645996,0.8638066053390503,0.36583447456359863,0,0,2005-07-26T10:45:00,ENGINE_EXECUTABLE_HYDRAULICALLY_UNVALIDATED
C_29612,1.3411610126495361,0.9164921641349792,0.30522680282592773,0,0,2005-07-26T10:45:00,ENGINE_EXECUTABLE_HYDRAULICALLY_UNVALIDATED
C_29613,1.1492900848388672,0.892011821269989,0.26873642206192017,0,0,2005-07-26T10:45:00,ENGINE_EXECUTABLE_HYDRAULICALLY_UNVALIDATED
C_29614,1.1493045091629028,1.2120659351348877,0.27105388045310974,0,0,2005-07-26T10:45:00,ENGINE_EXECUTABLE_HYDRAULICALLY_UNVALIDATED
C_29615,1.149309515953064,1.208147644996643,0.27177757024765015,0,0,2005-07-26T10:45:00,ENGINE_EXECUTABLE_HYDRAULICALLY_UNVALIDATED
C_29617,0.957676887512207,0.986258327960968,0.24272805452346802,0,0,2005-07-26T10:45:00,ENGINE_EXECUTABLE_HYDRAULICALLY_UNVALIDATED
C_29618,8.363582611083984,3.9366250038146973,0.8170461654663086,0,0,2005-07-26T10:45:00,ENGINE_EXECUTABLE_HYDRAULICALLY_UNVALIDATED
C_29619,9.719518661499023,3.9238035678863525,0.7076542377471924,0,0,2005-07-26T10:45:00,ENGINE_EXECUTABLE_HYDRAULICALLY_UNVALIDATED
C_29620,9.336776733398438,4.059925556182861,0.7664949297904968,0,0,2005-07-26T10:45:00,ENGINE_EXECUTABLE_HYDRAULICALLY_UNVALIDATED
C_29621,9.336832046508789,3.865797758102417,0.8049905896186829,0,0,2005-07-26T10:45:00,ENGINE_EXECUTABLE_HYDRAULICALLY_UNVALIDATED
C_29622,8.76474666595459,3.650883197784424,0.8001507520675659,0,0,2005-07-26T10:45:00,ENGINE_EXECUTABLE_HYDRAULICALLY_UNVALIDATED
C_29623,10.102585792541504,3.62882137298584,0.6959187984466553,0,0,2005-07-26T10:45:00,ENGINE_EXECUTABLE_HYDRAULICALLY_UNVALIDATED
C_29624,10.102640151977539,3.6917624473571777,0.6840577721595764,0,0,2005-07-26T10:45:00,ENGINE_EXECUTABLE_HYDRAULICALLY_UNVALIDATED
C_29625,0.9552744030952454,1.408875584602356,0.20243798196315765,0,0,2005-07-26T10:45:00,ENGINE_EXECUTABLE_HYDRAULICALLY_UNVALIDATED
C_29626,0.9552774429321289,1.8196790218353271,0.24678505957126617,0,0,2005-07-26T10:45:00,ENGINE_EXECUTABLE_HYDRAULICALLY_UNVALIDATED
C_29627,0.9552825093269348,1.1810107231140137,0.23970910906791687,0,0,2005-07-26T10:45:00,ENGINE_EXECUTABLE_HYDRAULICALLY_UNVALIDATED
C_29628,0.9552906155586243,0.677148163318634,0.2082371711730957,0,0,2005-07-26T10:45:00,ENGINE_EXECUTABLE_HYDRAULICALLY_UNVALIDATED
C_29629,0.9552990198135376,0.8378483653068542,0.23491743206977844,0,0,2005-07-26T10:45:00,ENGINE_EXECUTABLE_HYDRAULICALLY_UNVALIDATED
C_29630,0.5750023722648621,0.43861123919487,0.25752755999565125,0,0,2005-07-26T10:45:00,ENGINE_EXECUTABLE_HYDRAULICALLY_UNVALIDATED
C_29631,0.575010359287262,0.9859613180160522,0.21573537588119507,0,0,2005-07-26T10:45:00,ENGINE_EXECUTABLE_HYDRAULICALLY_UNVALIDATED
C_29632,0.5750122666358948,1.039365530014038,0.1580944061279297,0,0,2005-07-26T10:45:00,ENGINE_EXECUTABLE_HYDRAULICALLY_UNVALIDATED
C_29634,1.5279566049575806,1.4856842756271362,0.3378247618675232,0,0,2005-07-26T10:45:00,ENGINE_EXECUTABLE_HYDRAULICALLY_UNVALIDATED
C_29635,1.5279631614685059,1.2814862728118896,0.38495445251464844,0,0,2005-07-26T10:45:00,ENGINE_EXECUTABLE_HYDRAULICALLY_UNVALIDATED
C_29636,1.3373429775238037,1.0450206995010376,0.4315636157989502,0,0,2005-07-26T10:45:00,ENGINE_EXECUTABLE_HYDRAULICALLY_UNVALIDATED
C_29637,1.3373534679412842,1.1722887754440308,0.38022616505622864,0,0,2005-07-26T10:45:00,ENGINE_EXECUTABLE_HYDRAULICALLY_UNVALIDATED
C_29638,1.3373621702194214,1.4207009077072144,0.3137449622154236,0,0,2005-07-26T10:45:00,ENGINE_EXECUTABLE_HYDRAULICALLY_UNVALIDATED
C_29639,1.1484771966934204,1.0424925088882446,0.33696603775024414,0,0,2005-07-26T10:45:00,ENGINE_EXECUTABLE_HYDRAULICALLY_UNVALIDATED
C_29640,1.1484872102737427,0.9517017602920532,0.3834248185157776,0,0,2005-07-26T10:45:00,ENGINE_EXECUTABLE_HYDRAULICALLY_UNVALIDATED
C_29641,0.9576795101165771,1.0332411527633667,0.23169152438640594,0,0,2005-07-26T10:45:00,ENGINE_EXECUTABLE_HYDRAULICALLY_UNVALIDATED
C_29642,0.7657948732376099,0.8376691937446594,0.2285238653421402,0,0,2005-07-26T10:45:00,ENGINE_EXECUTABLE_HYDRAULICALLY_UNVALIDATED
C_29643,0.5740340948104858,0.8492312431335449,0.1689675748348236,0,0,2005-07-26T10:45:00,ENGINE_EXECUTABLE_HYDRAULICALLY_UNVALIDATED
C_29644,0.5740351676940918,1.0984476804733276,0.13063235580921173,0,0,2005-07-26T10:45:00,ENGINE_EXECUTABLE_HYDRAULICALLY_UNVALIDATED
C_29645,0.38215041160583496,0.6071755290031433,0.11442185938358307,0,0,2005-07-26T10:45:00,ENGINE_EXECUTABLE_HYDRAULICALLY_UNVALIDATED
C_29647,8.079710006713867,3.550354480743408,0.9625608921051025,0,0,2005-07-26T10:45:00,ENGINE_EXECUTABLE_HYDRAULICALLY_UNVALIDATED
C_29648,7.810652732849121,2.844512701034546,1.0964701175689697,0,0,2005-07-26T10:45:00,ENGINE_EXECUTABLE_HYDRAULICALLY_UNVALIDATED
C_29649,7.236527919769287,1.8392316102981567,0.7152910232543945,0,0,2005-07-26T10:45:00,ENGINE_EXECUTABLE_HYDRAULICALLY_UNVALIDATED
C_29655,1.1484934091567993,0.9007466435432434,0.4002838134765625,0,0,2005-07-26T10:45:00,ENGINE_EXECUTABLE_HYDRAULICALLY_UNVALIDATED
C_29656,0.9590319395065308,0.7800567746162415,0.3859660029411316,0,0,2005-07-26T10:45:00,ENGINE_EXECUTABLE_HYDRAULICALLY_UNVALIDATED
C_29657,0.9590387940406799,0.8490123748779297,0.35674911737442017,0,0,2005-07-26T10:45:00,ENGINE_EXECUTABLE_HYDRAULICALLY_UNVALIDATED
C_29658,0.9590445756912231,0.8649001717567444,0.3318547010421753,0,0,2005-07-26T10:45:00,ENGINE_EXECUTABLE_HYDRAULICALLY_UNVALIDATED
C_29659,0.767411470413208,0.8584063053131104,0.2979653477668762,0,0,2005-07-26T10:45:00,ENGINE_EXECUTABLE_HYDRAULICALLY_UNVALIDATED
C_29660,0.7674126625061035,1.0602928400039673,0.24124905467033386,0,0,2005-07-26T10:45:00,ENGINE_EXECUTABLE_HYDRAULICALLY_UNVALIDATED
C_29661,0.7674131393432617,1.191633939743042,0.21465063095092773,0,0,2005-07-26T10:45:00,ENGINE_EXECUTABLE_HYDRAULICALLY_UNVALIDATED
C_29662,0.7674143314361572,1.3356159925460815,0.1915043741464615,0,0,2005-07-26T10:45:00,ENGINE_EXECUTABLE_HYDRAULICALLY_UNVALIDATED
C_29663,0.7674149870872498,1.5562993288040161,0.16434916853904724,0,0,2005-07-26T10:45:00,ENGINE_EXECUTABLE_HYDRAULICALLY_UNVALIDATED
C_29664,0.38364046812057495,0.9512301087379456,0.13442164659500122,0,0,2005-07-26T10:45:00,ENGINE_EXECUTABLE_HYDRAULICALLY_UNVALIDATED
C_29669,0.38364115357398987,1.3144763708114624,0.09727534651756287,0,0,2005-07-26T10:45:00,ENGINE_EXECUTABLE_HYDRAULICALLY_UNVALIDATED
C_29670,0.19175605475902557,0.8148510456085205,0.07843343913555145,0,0,2005-07-26T10:45:00,ENGINE_EXECUTABLE_HYDRAULICALLY_UNVALIDATED
C_29671,0.1917566955089569,0.5810551047325134,0.08249447494745255,0,0,2005-07-26T10:45:00,ENGINE_EXECUTABLE_HYDRAULICALLY_UNVALIDATED
C_29672,0.19175708293914795,0.4558452367782593,0.10515395551919937,0,0,2005-07-26T10:45:00,ENGINE_EXECUTABLE_HYDRAULICALLY_UNVALIDATED
C_29673,0.19175736606121063,0.7232847809791565,0.08836354315280914,0,0,2005-07-26T10:45:00,ENGINE_EXECUTABLE_HYDRAULICALLY_UNVALIDATED
C_29674,0.19175761938095093,0.8282419443130493,0.07716596126556396,0,0,2005-07-26T10:45:00,ENGINE_EXECUTABLE_HYDRAULICALLY_UNVALIDATED
C_29675,0.0,0.0,0.04309302568435669,0,0,2005-07-26T00:15:00,ENGINE_EXECUTABLE_HYDRAULICALLY_UNVALIDATED
C_29676,0.0,0.0,3.0479999622912146e-05,0,0,2005-07-26T00:15:00,ENGINE_EXECUTABLE_HYDRAULICALLY_UNVALIDATED
C_29682,9.575873374938965,2.9582924842834473,1.0788663625717163,0,0,2005-07-26T10:45:00,ENGINE_EXECUTABLE_HYDRAULICALLY_UNVALIDATED
C_29683,9.576854705810547,2.7439470291137695,1.1632620096206665,0,0,2005-07-26T10:45:00,ENGINE_EXECUTABLE_HYDRAULICALLY_UNVALIDATED
C_29684,9.001959800720215,2.543304204940796,1.1796934604644775,0,0,2005-07-26T10:45:00,ENGINE_EXECUTABLE_HYDRAULICALLY_UNVALIDATED
C_29685,2.8770182132720947,2.302612066268921,0.6940662860870361,0,0,2005-07-26T10:45:00,ENGINE_EXECUTABLE_HYDRAULICALLY_UNVALIDATED
C_29686,2.8770227432250977,1.8397643566131592,0.8686807751655579,0,0,2005-07-26T10:45:00,ENGINE_EXECUTABLE_HYDRAULICALLY_UNVALIDATED
C_29687,2.1107423305511475,1.1814042329788208,0.992466390132904,0,0,2005-07-26T10:45:00,ENGINE_EXECUTABLE_HYDRAULICALLY_UNVALIDATED
C_29688,2.110743522644043,1.1692695617675781,1.0027668476104736,0,0,2005-07-26T10:45:00,ENGINE_EXECUTABLE_HYDRAULICALLY_UNVALIDATED
C_29689,0.7675380110740662,0.43213149905204773,0.9866499304771423,0,0,2005-07-26T10:45:00,ENGINE_EXECUTABLE_HYDRAULICALLY_UNVALIDATED
C_29690,0.5756535530090332,0.3398863673210144,0.9408200979232788,0,0,2005-07-26T10:45:00,ENGINE_EXECUTABLE_HYDRAULICALLY_UNVALIDATED
C_29691,0.3837696611881256,0.24008284509181976,0.8879502415657043,0,0,2005-07-26T10:45:00,ENGINE_EXECUTABLE_HYDRAULICALLY_UNVALIDATED
C_29693,8.811403274536133,2.509714365005493,1.1701759099960327,0,0,2005-07-26T10:45:00,ENGINE_EXECUTABLE_HYDRAULICALLY_UNVALIDATED
C_29694,0.1918862760066986,0.1383533626794815,0.8347347378730774,0,0,2005-07-26T10:45:00,ENGINE_EXECUTABLE_HYDRAULICALLY_UNVALIDATED
C_29697,11.997082710266113,3.305340528488159,1.2097338438034058,0,0,2005-07-26T10:45:00,ENGINE_EXECUTABLE_HYDRAULICALLY_UNVALIDATED
C_29698,8.430327415466309,2.45929217338562,1.1425223350524902,0,0,2005-07-26T10:45:00,ENGINE_EXECUTABLE_HYDRAULICALLY_UNVALIDATED
C_29700,7.307381629943848,3.9730610847473145,0.9195136427879333,0,0,2005-07-26T10:45:00,ENGINE_EXECUTABLE_HYDRAULICALLY_UNVALIDATED
C_29701,6.542646408081055,3.471803903579712,0.9421496987342834,0,0,2005-07-26T10:45:00,ENGINE_EXECUTABLE_HYDRAULICALLY_UNVALIDATED
C_29707,17.192825317382812,3.6456446647644043,1.5718218088150024,0,0,2005-07-26T10:45:00,ENGINE_EXECUTABLE_HYDRAULICALLY_UNVALIDATED
C_29708,16.066516876220703,3.103109121322632,1.7256593704223633,0,0,2005-07-26T10:45:00,ENGINE_EXECUTABLE_HYDRAULICALLY_UNVALIDATED
C_29711,15.314292907714844,3.1604928970336914,1.6150000095367432,30,30,2005-07-26T10:45:00,ENGINE_EXECUTABLE_HYDRAULICALLY_UNVALIDATED
C_29712,15.314266204833984,3.21220064163208,1.5889999866485596,30,30,2005-07-26T10:45:00,ENGINE_EXECUTABLE_HYDRAULICALLY_UNVALIDATED
C_29713,15.314226150512695,3.2951412200927734,1.5490000247955322,30,30,2005-07-26T10:45:00,ENGINE_EXECUTABLE_HYDRAULICALLY_UNVALIDATED
C_29714,14.744083404541016,3.490161180496216,1.4079999923706055,30,30,2005-07-26T10:45:00,ENGINE_EXECUTABLE_HYDRAULICALLY_UNVALIDATED
C_29716,0.5754135847091675,0.9506887793540955,0.12103845179080963,0,0,2005-07-26T10:45:00,ENGINE_EXECUTABLE_HYDRAULICALLY_UNVALIDATED
C_29717,0.5754138231277466,0.8719127774238586,0.13197416067123413,0,0,2005-07-26T10:45:00,ENGINE_EXECUTABLE_HYDRAULICALLY_UNVALIDATED
C_29722,13.621541976928711,3.026672124862671,1.5,30,30,2005-07-26T10:45:00,ENGINE_EXECUTABLE_HYDRAULICALLY_UNVALIDATED
C_29723,12.668293952941895,3.2629787921905518,1.2940000295639038,45,45,2005-07-26T10:45:00,ENGINE_EXECUTABLE_HYDRAULICALLY_UNVALIDATED
C_29724,12.476826667785645,4.006241798400879,1.0379999876022339,60,60,2005-07-26T10:45:00,ENGINE_EXECUTABLE_HYDRAULICALLY_UNVALIDATED
C_29725,12.09404182434082,3.3189804553985596,0.7409999966621399,165,165,2005-07-26T10:45:00,ENGINE_EXECUTABLE_HYDRAULICALLY_UNVALIDATED
C_29726,10.977039337158203,3.8350164890289307,0.9539999961853027,105,75,2005-07-26T10:45:00,ENGINE_EXECUTABLE_HYDRAULICALLY_UNVALIDATED
C_29727,10.414100646972656,3.271423578262329,1.0609999895095825,105,90,2005-07-26T10:45:00,ENGINE_EXECUTABLE_HYDRAULICALLY_UNVALIDATED
C_29748,15.85244083404541,3.011181592941284,0.9669248461723328,0,0,2005-07-26T10:45:00,ENGINE_EXECUTABLE_HYDRAULICALLY_UNVALIDATED
C_29749,15.853240966796875,2.9439537525177,0.989055335521698,0,0,2005-07-26T10:45:00,ENGINE_EXECUTABLE_HYDRAULICALLY_UNVALIDATED
C_29750,15.854697227478027,2.837677001953125,1.011330246925354,0,0,2005-07-26T10:45:00,ENGINE_EXECUTABLE_HYDRAULICALLY_UNVALIDATED
C_29751,15.85385799407959,2.8977041244506836,1.0019358396530151,0,0,2005-07-26T10:45:00,ENGINE_EXECUTABLE_HYDRAULICALLY_UNVALIDATED
C_29752,19.292339324951172,3.7099263668060303,1.7332053184509277,0,0,2005-07-26T10:45:00,ENGINE_EXECUTABLE_HYDRAULICALLY_UNVALIDATED
C_29753,15.478437423706055,3.326007843017578,0.9165334701538086,0,0,2005-07-26T10:45:00,ENGINE_EXECUTABLE_HYDRAULICALLY_UNVALIDATED
C_29754,15.479255676269531,5.0358710289001465,0.9347496628761292,0,0,2005-07-26T10:45:00,ENGINE_EXECUTABLE_HYDRAULICALLY_UNVALIDATED
C_29755,15.47991943359375,4.012521266937256,1.173197627067566,0,0,2005-07-26T10:45:00,ENGINE_EXECUTABLE_HYDRAULICALLY_UNVALIDATED
C_29756,15.290473937988281,3.4905128479003906,1.283355712890625,0,0,2005-07-26T10:45:00,ENGINE_EXECUTABLE_HYDRAULICALLY_UNVALIDATED
C_29757,15.291683197021484,3.508439064025879,1.261012077331543,0,0,2005-07-26T10:45:00,ENGINE_EXECUTABLE_HYDRAULICALLY_UNVALIDATED
C_29758,15.292838096618652,3.5939197540283203,1.2480854988098145,0,0,2005-07-26T10:45:00,ENGINE_EXECUTABLE_HYDRAULICALLY_UNVALIDATED
C_29759,14.91700267791748,3.4368679523468018,1.2399446964263916,0,0,2005-07-26T10:45:00,ENGINE_EXECUTABLE_HYDRAULICALLY_UNVALIDATED
C_29760,14.917447090148926,3.1301958560943604,1.1912821531295776,0,0,2005-07-26T10:45:00,ENGINE_EXECUTABLE_HYDRAULICALLY_UNVALIDATED
C_29761,18.184045791625977,3.355588674545288,1.8061431646347046,0,0,2005-07-26T10:45:00,ENGINE_EXECUTABLE_HYDRAULICALLY_UNVALIDATED
C_29762,14.91801929473877,3.3903648853302,1.0999081134796143,0,0,2005-07-26T10:45:00,ENGINE_EXECUTABLE_HYDRAULICALLY_UNVALIDATED
C_29763,16.2222843170166,3.1722989082336426,1.7043871879577637,0,0,2005-07-26T10:45:00,ENGINE_EXECUTABLE_HYDRAULICALLY_UNVALIDATED
C_29764,30.61932373046875,5.180203914642334,1.970058560371399,0,0,2005-07-26T10:45:00,ENGINE_EXECUTABLE_HYDRAULICALLY_UNVALIDATED
C_29765,30.054962158203125,5.008602619171143,2.0,45,45,2005-07-26T10:45:00,ENGINE_EXECUTABLE_HYDRAULICALLY_UNVALIDATED
C_29766,29.124874114990234,4.853605270385742,2.0,45,45,2005-07-26T10:45:00,ENGINE_EXECUTABLE_HYDRAULICALLY_UNVALIDATED
C_29767,27.849456787109375,4.641059398651123,2.0,45,45,2005-07-26T10:45:00,ENGINE_EXECUTABLE_HYDRAULICALLY_UNVALIDATED
C_29768,12.728660583496094,2.4384853839874268,2.0,45,45,2005-07-26T10:45:00,ENGINE_EXECUTABLE_HYDRAULICALLY_UNVALIDATED
C_30000,0.0,0.0,3.0479999622912146e-05,0,0,2005-07-26T00:15:00,ENGINE_EXECUTABLE_HYDRAULICALLY_UNVALIDATED
C_30039,0.28546515107154846,0.19264720380306244,0.11244622617959976,0,0,2005-07-26T11:30:00,ENGINE_EXECUTABLE_HYDRAULICALLY_UNVALIDATED
C_30040,0.28213804960250854,0.19110819697380066,0.11054995656013489,0,0,2005-07-26T11:30:00,ENGINE_EXECUTABLE_HYDRAULICALLY_UNVALIDATED
C_30041,0.27713534235954285,0.2251637876033783,0.10938120633363724,0,0,2005-07-26T11:30:00,ENGINE_EXECUTABLE_HYDRAULICALLY_UNVALIDATED
C_30042,0.2700886130332947,0.18535611033439636,0.10891319066286087,0,0,2005-07-26T11:30:00,ENGINE_EXECUTABLE_HYDRAULICALLY_UNVALIDATED
C_30044,0.2677794396877289,0.18438617885112762,0.10794238746166229,0,0,2005-07-26T11:45:00,ENGINE_EXECUTABLE_HYDRAULICALLY_UNVALIDATED
C_30045,0.26879170536994934,0.18294505774974823,0.10579188913106918,0,0,2005-07-26T11:45:00,ENGINE_EXECUTABLE_HYDRAULICALLY_UNVALIDATED
C_30046,0.26951146125793457,0.19576707482337952,0.09832437336444855,0,0,2005-07-26T11:45:00,ENGINE_EXECUTABLE_HYDRAULICALLY_UNVALIDATED
C_30050,0.26991909742355347,0.28358444571495056,0.06797900795936584,0,0,2005-07-26T11:45:00,ENGINE_EXECUTABLE_HYDRAULICALLY_UNVALIDATED
C_30051,0.2696807086467743,0.31106916069984436,0.07265006750822067,0,0,2005-07-26T11:45:00,ENGINE_EXECUTABLE_HYDRAULICALLY_UNVALIDATED
C_30052,0.26911798119544983,0.2289886474609375,0.08393679559230804,0,0,2005-07-26T11:45:00,ENGINE_EXECUTABLE_HYDRAULICALLY_UNVALIDATED
C_30053,0.2698463797569275,0.23347532749176025,0.08254660665988922,0,0,2005-07-26T11:45:00,ENGINE_EXECUTABLE_HYDRAULICALLY_UNVALIDATED
C_30054,0.26758792996406555,0.23390965163707733,0.08170374482870102,0,0,2005-07-26T11:45:00,ENGINE_EXECUTABLE_HYDRAULICALLY_UNVALIDATED
C_30055,0.2653193473815918,0.2375931441783905,0.07975511997938156,0,0,2005-07-26T11:45:00,ENGINE_EXECUTABLE_HYDRAULICALLY_UNVALIDATED
C_30056,0.262503057718277,0.2778279781341553,0.06748107820749283,0,0,2005-07-26T11:45:00,ENGINE_EXECUTABLE_HYDRAULICALLY_UNVALIDATED
C_30058,0.26269441843032837,0.23121702671051025,0.05584675446152687,0,0,2005-07-26T12:00:00,ENGINE_EXECUTABLE_HYDRAULICALLY_UNVALIDATED
C_30059,0.26471662521362305,0.17244964838027954,0.06395275890827179,0,0,2005-07-26T12:00:00,ENGINE_EXECUTABLE_HYDRAULICALLY_UNVALIDATED
C_30060,0.266586035490036,0.19208171963691711,0.05782182142138481,0,0,2005-07-26T12:00:00,ENGINE_EXECUTABLE_HYDRAULICALLY_UNVALIDATED
C_30061,0.260727196931839,0.3449687063694,0.053979672491550446,0,0,2005-07-26T11:45:00,ENGINE_EXECUTABLE_HYDRAULICALLY_UNVALIDATED
C_30062,0.2603355646133423,0.36150044202804565,0.05162573233246803,0,0,2005-07-26T12:00:00,ENGINE_EXECUTABLE_HYDRAULICALLY_UNVALIDATED
C_30063,0.2613082826137543,0.2777504026889801,0.04369188845157623,0,0,2005-07-26T12:00:00,ENGINE_EXECUTABLE_HYDRAULICALLY_UNVALIDATED
C_30065,0.2622015178203583,0.2884497344493866,0.04116518050432205,0,0,2005-07-26T12:00:00,ENGINE_EXECUTABLE_HYDRAULICALLY_UNVALIDATED
C_30068,0.25543683767318726,0.17083725333213806,0.06798649579286575,0,0,2005-07-26T12:00:00,ENGINE_EXECUTABLE_HYDRAULICALLY_UNVALIDATED
C_30069,0.2535270154476166,0.18402099609375,0.05739806592464447,0,0,2005-07-26T12:15:00,ENGINE_EXECUTABLE_HYDRAULICALLY_UNVALIDATED
C_30070,0.2653948664665222,0.21822373569011688,0.050667669624090195,0,0,2005-07-26T12:00:00,ENGINE_EXECUTABLE_HYDRAULICALLY_UNVALIDATED
C_30071,0.2697312533855438,0.18812935054302216,0.059892065823078156,0,0,2005-07-26T12:00:00,ENGINE_EXECUTABLE_HYDRAULICALLY_UNVALIDATED
C_30074,0.2559073269367218,0.1835193783044815,0.05809532105922699,0,0,2005-07-26T12:15:00,ENGINE_EXECUTABLE_HYDRAULICALLY_UNVALIDATED
C_30075,0.2566174268722534,0.16944770514965057,0.06309440732002258,0,0,2005-07-26T12:15:00,ENGINE_EXECUTABLE_HYDRAULICALLY_UNVALIDATED
C_30076,0.25597113370895386,0.24169862270355225,0.044122204184532166,0,0,2005-07-26T12:15:00,ENGINE_EXECUTABLE_HYDRAULICALLY_UNVALIDATED
C_30077,0.0,0.0,3.0479999622912146e-05,0,0,2005-07-26T00:15:00,ENGINE_EXECUTABLE_HYDRAULICALLY_UNVALIDATED
C_30078,0.0,0.0,3.0479999622912146e-05,0,0,2005-07-26T00:15:00,ENGINE_EXECUTABLE_HYDRAULICALLY_UNVALIDATED
C_30079,0.0,0.0,3.0479999622912146e-05,0,0,2005-07-26T00:15:00,ENGINE_EXECUTABLE_HYDRAULICALLY_UNVALIDATED
C_30085,0.0,0.0,3.0479999622912146e-05,0,0,2005-07-26T00:15:00,ENGINE_EXECUTABLE_HYDRAULICALLY_UNVALIDATED
C_30086,0.0,0.0,3.0479999622912146e-05,0,0,2005-07-26T00:15:00,ENGINE_EXECUTABLE_HYDRAULICALLY_UNVALIDATED
C_30087,0.0,0.0,3.0479999622912146e-05,0,0,2005-07-26T00:15:00,ENGINE_EXECUTABLE_HYDRAULICALLY_UNVALIDATED
C_30088,0.0,0.0,3.0479999622912146e-05,0,0,2005-07-26T00:15:00,ENGINE_EXECUTABLE_HYDRAULICALLY_UNVALIDATED
C_30089,0.0,0.0,3.0479999622912146e-05,0,0,2005-07-26T00:15:00,ENGINE_EXECUTABLE_HYDRAULICALLY_UNVALIDATED
C_30090,0.0,0.0,3.0479999622912146e-05,0,0,2005-07-26T00:15:00,ENGINE_EXECUTABLE_HYDRAULICALLY_UNVALIDATED
C_30091,0.0,0.0,3.0479999622912146e-05,0,0,2005-07-26T00:15:00,ENGINE_EXECUTABLE_HYDRAULICALLY_UNVALIDATED
C_30092,0.0,0.0,3.0479999622912146e-05,0,0,2005-07-26T00:15:00,ENGINE_EXECUTABLE_HYDRAULICALLY_UNVALIDATED
C_30093,0.0,0.0,3.0479999622912146e-05,0,0,2005-07-26T00:15:00,ENGINE_EXECUTABLE_HYDRAULICALLY_UNVALIDATED
C_30094,0.0,0.0,3.0479999622912146e-05,0,0,2005-07-26T00:15:00,ENGINE_EXECUTABLE_HYDRAULICALLY_UNVALIDATED
C_30095,0.0,0.0,3.0479999622912146e-05,0,0,2005-07-26T00:15:00,ENGINE_EXECUTABLE_HYDRAULICALLY_UNVALIDATED
C_30096,0.0,0.0,3.0479999622912146e-05,0,0,2005-07-26T00:15:00,ENGINE_EXECUTABLE_HYDRAULICALLY_UNVALIDATED
C_30097,0.0,0.0,3.0479999622912146e-05,0,0,2005-07-26T00:15:00,ENGINE_EXECUTABLE_HYDRAULICALLY_UNVALIDATED
C_30099,0.0,0.0,3.0479999622912146e-05,0,0,2005-07-26T00:15:00,ENGINE_EXECUTABLE_HYDRAULICALLY_UNVALIDATED
C_30100,0.0,0.0,3.0479999622912146e-05,0,0,2005-07-26T00:15:00,ENGINE_EXECUTABLE_HYDRAULICALLY_UNVALIDATED
C_30101,0.0,0.0,3.0479999622912146e-05,0,0,2005-07-26T00:15:00,ENGINE_EXECUTABLE_HYDRAULICALLY_UNVALIDATED
C_30102,0.0,0.0,3.0479999622912146e-05,0,0,2005-07-26T00:15:00,ENGINE_EXECUTABLE_HYDRAULICALLY_UNVALIDATED
C_30103,0.0,0.0,3.0479999622912146e-05,0,0,2005-07-26T00:15:00,ENGINE_EXECUTABLE_HYDRAULICALLY_UNVALIDATED
C_30104,0.0,0.0,3.0479999622912146e-05,0,0,2005-07-26T00:15:00,ENGINE_EXECUTABLE_HYDRAULICALLY_UNVALIDATED
C_30105,0.0,0.0,3.0479999622912146e-05,0,0,2005-07-26T00:15:00,ENGINE_EXECUTABLE_HYDRAULICALLY_UNVALIDATED
C_30106,0.0,0.0,3.0479999622912146e-05,0,0,2005-07-26T00:15:00,ENGINE_EXECUTABLE_HYDRAULICALLY_UNVALIDATED
C_30107,0.0,0.0,3.0479999622912146e-05,0,0,2005-07-26T00:15:00,ENGINE_EXECUTABLE_HYDRAULICALLY_UNVALIDATED
C_30108,0.0,0.0,3.0479999622912146e-05,0,0,2005-07-26T00:15:00,ENGINE_EXECUTABLE_HYDRAULICALLY_UNVALIDATED
C_30143,5.448114395141602,2.073944568634033,0.3502187728881836,0,0,2005-07-26T10:45:00,ENGINE_EXECUTABLE_HYDRAULICALLY_UNVALIDATED
C_30144,5.458329200744629,1.949407935142517,0.37329086661338806,0,0,2005-07-26T10:45:00,ENGINE_EXECUTABLE_HYDRAULICALLY_UNVALIDATED
C_30145,5.464339733123779,1.8711106777191162,0.36500588059425354,0,0,2005-07-26T10:45:00,ENGINE_EXECUTABLE_HYDRAULICALLY_UNVALIDATED
C_30146,5.457954406738281,1.9509963989257812,0.3729613423347473,0,0,2005-07-26T10:45:00,ENGINE_EXECUTABLE_HYDRAULICALLY_UNVALIDATED
C_30149,5.501447677612305,2.1450600624084473,0.34192267060279846,0,0,2005-07-26T10:45:00,ENGINE_EXECUTABLE_HYDRAULICALLY_UNVALIDATED
C_30150,5.510936737060547,2.004340648651123,0.36655932664871216,0,0,2005-07-26T10:45:00,ENGINE_EXECUTABLE_HYDRAULICALLY_UNVALIDATED
C_30151,5.489817142486572,2.039393424987793,0.35887834429740906,0,0,2005-07-26T10:45:00,ENGINE_EXECUTABLE_HYDRAULICALLY_UNVALIDATED
C_30152,5.513976097106934,1.791761040687561,0.41027510166168213,0,0,2005-07-26T10:45:00,ENGINE_EXECUTABLE_HYDRAULICALLY_UNVALIDATED
C_30156,5.470387935638428,1.9343655109405518,0.3770248293876648,0,0,2005-07-26T10:45:00,ENGINE_EXECUTABLE_HYDRAULICALLY_UNVALIDATED
C_30157,5.409476280212402,1.7562400102615356,0.4106404781341553,0,0,2005-07-26T10:45:00,ENGINE_EXECUTABLE_HYDRAULICALLY_UNVALIDATED
C_30158,5.361329555511475,1.781467318534851,0.40122225880622864,0,0,2005-07-26T10:45:00,ENGINE_EXECUTABLE_HYDRAULICALLY_UNVALIDATED
C_30159,5.361674785614014,1.7681101560592651,0.40427932143211365,0,0,2005-07-26T10:45:00,ENGINE_EXECUTABLE_HYDRAULICALLY_UNVALIDATED
C_30160,5.448674201965332,1.8911540508270264,0.38410884141921997,0,0,2005-07-26T10:45:00,ENGINE_EXECUTABLE_HYDRAULICALLY_UNVALIDATED
C_30161,5.487274169921875,2.043527126312256,0.3579864799976349,0,0,2005-07-26T10:45:00,ENGINE_EXECUTABLE_HYDRAULICALLY_UNVALIDATED
C_30162,5.5111308097839355,2.003873586654663,0.36665767431259155,0,0,2005-07-26T10:45:00,ENGINE_EXECUTABLE_HYDRAULICALLY_UNVALIDATED
C_30163,5.521725654602051,2.1257855892181396,0.346294641494751,0,0,2005-07-26T10:45:00,ENGINE_EXECUTABLE_HYDRAULICALLY_UNVALIDATED
C_30164,5.528839588165283,1.9468908309936523,0.37860187888145447,0,0,2005-07-26T10:45:00,ENGINE_EXECUTABLE_HYDRAULICALLY_UNVALIDATED
C_30165,5.445394515991211,1.821507453918457,0.3985554575920105,0,0,2005-07-26T10:45:00,ENGINE_EXECUTABLE_HYDRAULICALLY_UNVALIDATED
C_30166,5.37389612197876,1.8302613496780396,0.3914411962032318,0,0,2005-07-26T10:45:00,ENGINE_EXECUTABLE_HYDRAULICALLY_UNVALIDATED
C_30167,5.35223388671875,2.0603013038635254,0.34633368253707886,0,0,2005-07-26T10:45:00,ENGINE_EXECUTABLE_HYDRAULICALLY_UNVALIDATED
C_30168,5.399344444274902,2.063821792602539,0.3487861156463623,0,0,2005-07-26T10:45:00,ENGINE_EXECUTABLE_HYDRAULICALLY_UNVALIDATED
C_30169,5.507934093475342,2.9420454502105713,0.28799015283584595,0,0,2005-07-26T10:45:00,ENGINE_EXECUTABLE_HYDRAULICALLY_UNVALIDATED
C_30170,5.508891582489014,2.6910970211029053,0.31490033864974976,0,0,2005-07-26T10:30:00,ENGINE_EXECUTABLE_HYDRAULICALLY_UNVALIDATED
C_30171,5.52757453918457,2.659928798675537,0.319670706987381,0,0,2005-07-26T10:45:00,ENGINE_EXECUTABLE_HYDRAULICALLY_UNVALIDATED
C_30172,5.384876728057861,2.656360387802124,0.3138653635978699,0,0,2005-07-26T10:30:00,ENGINE_EXECUTABLE_HYDRAULICALLY_UNVALIDATED
C_30173,5.364478588104248,2.6742970943450928,0.3085717558860779,0,0,2005-07-26T10:45:00,ENGINE_EXECUTABLE_HYDRAULICALLY_UNVALIDATED
C_30174,5.3352370262146,2.437577247619629,0.3366926610469818,0,0,2005-07-26T10:45:00,ENGINE_EXECUTABLE_HYDRAULICALLY_UNVALIDATED
C_30175,5.512567520141602,1.7988767623901367,0.4714013338088989,0,0,2005-07-26T10:45:00,ENGINE_EXECUTABLE_HYDRAULICALLY_UNVALIDATED
C_30176,5.459809303283691,1.8998074531555176,0.4420853853225708,0,0,2005-07-26T10:45:00,ENGINE_EXECUTABLE_HYDRAULICALLY_UNVALIDATED
C_30177,5.439919948577881,1.92728590965271,0.4341948330402374,0,0,2005-07-26T10:45:00,ENGINE_EXECUTABLE_HYDRAULICALLY_UNVALIDATED
C_30178,5.4742865562438965,1.8767374753952026,0.44870641827583313,0,0,2005-07-26T10:45:00,ENGINE_EXECUTABLE_HYDRAULICALLY_UNVALIDATED
C_30179,5.4338250160217285,1.924163818359375,0.43441206216812134,0,0,2005-07-26T10:45:00,ENGINE_EXECUTABLE_HYDRAULICALLY_UNVALIDATED
C_30180,5.420990467071533,1.914867639541626,0.4354899525642395,0,0,2005-07-26T10:45:00,ENGINE_EXECUTABLE_HYDRAULICALLY_UNVALIDATED
C_30181,5.507250785827637,1.8261970281600952,0.46390119194984436,0,0,2005-07-26T10:45:00,ENGINE_EXECUTABLE_HYDRAULICALLY_UNVALIDATED
C_30182,5.56224250793457,1.9802457094192505,0.43208491802215576,0,0,2005-07-26T10:45:00,ENGINE_EXECUTABLE_HYDRAULICALLY_UNVALIDATED
C_30183,5.553966045379639,1.403384804725647,0.5276146531105042,0,0,2005-07-26T10:45:00,ENGINE_EXECUTABLE_HYDRAULICALLY_UNVALIDATED
C_30184,5.4589128494262695,1.728342890739441,0.4210819602012634,0,0,2005-07-26T10:45:00,ENGINE_EXECUTABLE_HYDRAULICALLY_UNVALIDATED
C_30185,5.458232402801514,1.4617235660552979,0.4978255033493042,0,0,2005-07-26T10:45:00,ENGINE_EXECUTABLE_HYDRAULICALLY_UNVALIDATED
C_30186,5.51458740234375,1.53044855594635,0.48037973046302795,0,0,2005-07-26T10:45:00,ENGINE_EXECUTABLE_HYDRAULICALLY_UNVALIDATED
C_30187,5.397732257843018,1.5755221843719482,0.4567486047744751,0,0,2005-07-26T10:45:00,ENGINE_EXECUTABLE_HYDRAULICALLY_UNVALIDATED
C_30188,5.322081565856934,1.4948437213897705,0.47465285658836365,0,0,2005-07-26T10:45:00,ENGINE_EXECUTABLE_HYDRAULICALLY_UNVALIDATED
C_30189,5.36611270904541,1.5106948614120483,0.4735582768917084,0,0,2005-07-26T10:45:00,ENGINE_EXECUTABLE_HYDRAULICALLY_UNVALIDATED
C_30190,5.9338178634643555,1.6772207021713257,0.47166579961776733,0,0,2005-07-26T10:30:00,ENGINE_EXECUTABLE_HYDRAULICALLY_UNVALIDATED
C_30191,5.51409912109375,2.3371095657348633,0.31454724073410034,0,0,2005-07-26T10:45:00,ENGINE_EXECUTABLE_HYDRAULICALLY_UNVALIDATED
C_30192,5.496716499328613,1.8581360578536987,0.39438119530677795,0,0,2005-07-26T10:45:00,ENGINE_EXECUTABLE_HYDRAULICALLY_UNVALIDATED
C_30193,6.210992813110352,1.9175502061843872,0.43182191252708435,0,0,2005-07-26T10:30:00,ENGINE_EXECUTABLE_HYDRAULICALLY_UNVALIDATED
C_30194,5.67843770980835,2.4351730346679688,0.310987651348114,0,0,2005-07-26T10:30:00,ENGINE_EXECUTABLE_HYDRAULICALLY_UNVALIDATED
C_30195,5.423801898956299,2.0180654525756836,0.3583100140094757,0,0,2005-07-26T10:45:00,ENGINE_EXECUTABLE_HYDRAULICALLY_UNVALIDATED
C_30196,5.500982761383057,1.7675395011901855,0.4149172902107239,0,0,2005-07-26T10:45:00,ENGINE_EXECUTABLE_HYDRAULICALLY_UNVALIDATED
C_30197,5.455263614654541,1.9402930736541748,0.3748338222503662,0,0,2005-07-26T10:45:00,ENGINE_EXECUTABLE_HYDRAULICALLY_UNVALIDATED
C_30198,5.512516498565674,1.8346799612045288,0.40057140588760376,0,0,2005-07-26T10:45:00,ENGINE_EXECUTABLE_HYDRAULICALLY_UNVALIDATED
C_30199,5.381219863891602,2.1225643157958984,0.3379949629306793,0,0,2005-07-26T10:45:00,ENGINE_EXECUTABLE_HYDRAULICALLY_UNVALIDATED
C_30200,5.402597427368164,2.2276670932769775,0.32332754135131836,0,0,2005-07-26T10:45:00,ENGINE_EXECUTABLE_HYDRAULICALLY_UNVALIDATED
C_30201,5.425639629364014,1.9597187042236328,0.4258880615234375,0,0,2005-07-26T10:45:00,ENGINE_EXECUTABLE_HYDRAULICALLY_UNVALIDATED
C_30202,5.413974761962891,1.7811200618743896,0.46758580207824707,0,0,2005-07-26T10:45:00,ENGINE_EXECUTABLE_HYDRAULICALLY_UNVALIDATED
C_30203,5.461326599121094,1.837227463722229,0.4572708308696747,0,0,2005-07-26T10:45:00,ENGINE_EXECUTABLE_HYDRAULICALLY_UNVALIDATED
C_30204,5.439255237579346,1.868290901184082,0.44785067439079285,0,0,2005-07-26T10:45:00,ENGINE_EXECUTABLE_HYDRAULICALLY_UNVALIDATED
C_30205,5.420705318450928,1.799277901649475,0.46344247460365295,0,0,2005-07-26T10:45:00,ENGINE_EXECUTABLE_HYDRAULICALLY_UNVALIDATED
C_30206,5.445658206939697,1.7861545085906982,0.4689965546131134,0,0,2005-07-26T10:45:00,ENGINE_EXECUTABLE_HYDRAULICALLY_UNVALIDATED
C_30207,5.479305744171143,1.7589679956436157,0.479187935590744,0,0,2005-07-26T10:45:00,ENGINE_EXECUTABLE_HYDRAULICALLY_UNVALIDATED
C_30208,5.584100246429443,2.214949369430542,0.38781774044036865,0,0,2005-07-26T10:45:00,ENGINE_EXECUTABLE_HYDRAULICALLY_UNVALIDATED
C_30209,5.5481462478637695,1.8152247667312622,0.47017091512680054,0,0,2005-07-26T10:45:00,ENGINE_EXECUTABLE_HYDRAULICALLY_UNVALIDATED
C_30210,5.165579319000244,2.272256374359131,0.36777254939079285,0,0,2005-07-26T10:45:00,ENGINE_EXECUTABLE_HYDRAULICALLY_UNVALIDATED
C_30211,5.542953014373779,1.9649014472961426,0.4339490532875061,0,0,2005-07-26T10:45:00,ENGINE_EXECUTABLE_HYDRAULICALLY_UNVALIDATED
C_30212,5.505069732666016,2.0108633041381836,0.42113226652145386,0,0,2005-07-26T10:45:00,ENGINE_EXECUTABLE_HYDRAULICALLY_UNVALIDATED
C_30213,5.481593132019043,1.9088917970657349,0.44173699617385864,0,0,2005-07-26T10:45:00,ENGINE_EXECUTABLE_HYDRAULICALLY_UNVALIDATED
C_30214,5.45074987411499,1.9273229837417603,0.4350508749485016,0,0,2005-07-26T10:45:00,ENGINE_EXECUTABLE_HYDRAULICALLY_UNVALIDATED
C_30215,5.389037609100342,1.869484305381775,0.44343265891075134,0,0,2005-07-26T10:45:00,ENGINE_EXECUTABLE_HYDRAULICALLY_UNVALIDATED
C_30216,5.416578769683838,1.9726954698562622,0.4223799705505371,0,0,2005-07-26T10:45:00,ENGINE_EXECUTABLE_HYDRAULICALLY_UNVALIDATED
C_30217,5.486332416534424,2.231621742248535,0.3781810998916626,0,0,2005-07-26T10:45:00,ENGINE_EXECUTABLE_HYDRAULICALLY_UNVALIDATED
C_30218,1.684753179550171,2.2132344245910645,0.3796174228191376,0,0,2005-07-26T10:45:00,ENGINE_EXECUTABLE_HYDRAULICALLY_UNVALIDATED
C_30219,2.064105987548828,2.786834239959717,0.368815153837204,0,0,2005-07-26T10:45:00,ENGINE_EXECUTABLE_HYDRAULICALLY_UNVALIDATED
C_30220,5.5206499099731445,1.8062955141067505,0.4701535105705261,0,0,2005-07-26T10:45:00,ENGINE_EXECUTABLE_HYDRAULICALLY_UNVALIDATED
C_30221,5.553919792175293,1.8965286016464233,0.4504830837249756,0,0,2005-07-26T10:45:00,ENGINE_EXECUTABLE_HYDRAULICALLY_UNVALIDATED
C_30222,5.535397052764893,1.9207723140716553,0.44331371784210205,0,0,2005-07-26T10:45:00,ENGINE_EXECUTABLE_HYDRAULICALLY_UNVALIDATED
C_30223,5.324950218200684,2.4436604976654053,0.33520692586898804,0,0,2005-07-26T10:45:00,ENGINE_EXECUTABLE_HYDRAULICALLY_UNVALIDATED
C_30224,5.355204105377197,2.137500286102295,0.385396808385849,0,0,2005-07-26T10:45:00,ENGINE_EXECUTABLE_HYDRAULICALLY_UNVALIDATED
C_30225,5.428418159484863,2.136690139770508,0.390813946723938,0,0,2005-07-26T10:45:00,ENGINE_EXECUTABLE_HYDRAULICALLY_UNVALIDATED
C_30226,5.55247163772583,2.132220506668091,0.4005829989910126,0,0,2005-07-26T10:45:00,ENGINE_EXECUTABLE_HYDRAULICALLY_UNVALIDATED
C_30227,5.591025352478027,2.334390878677368,0.3684310019016266,0,0,2005-07-26T10:45:00,ENGINE_EXECUTABLE_HYDRAULICALLY_UNVALIDATED
C_30228,5.513682842254639,1.8423840999603271,0.46036243438720703,0,0,2005-07-26T10:45:00,ENGINE_EXECUTABLE_HYDRAULICALLY_UNVALIDATED
C_30229,5.6096110343933105,2.0139403343200684,0.42847394943237305,0,0,2005-07-26T10:45:00,ENGINE_EXECUTABLE_HYDRAULICALLY_UNVALIDATED
C_30230,5.464320659637451,2.1992030143737793,0.3822162449359894,0,0,2005-07-26T10:45:00,ENGINE_EXECUTABLE_HYDRAULICALLY_UNVALIDATED
C_30231,5.806243419647217,2.2774224281311035,0.3921840488910675,0,0,2005-07-26T10:45:00,ENGINE_EXECUTABLE_HYDRAULICALLY_UNVALIDATED
C_30232,5.559662342071533,2.2692577838897705,0.37687981128692627,0,0,2005-07-26T10:45:00,ENGINE_EXECUTABLE_HYDRAULICALLY_UNVALIDATED
C_30233,5.470349311828613,2.165520668029785,0.3977246880531311,0,0,2005-07-26T10:45:00,ENGINE_EXECUTABLE_HYDRAULICALLY_UNVALIDATED
C_30234,5.49510383605957,2.438427448272705,0.3466604948043823,0,0,2005-07-26T10:45:00,ENGINE_EXECUTABLE_HYDRAULICALLY_UNVALIDATED
C_30235,5.114137172698975,2.389516592025757,0.3292309045791626,0,0,2005-07-26T10:45:00,ENGINE_EXECUTABLE_HYDRAULICALLY_UNVALIDATED
C_30236,5.112299919128418,2.4962689876556396,0.31503820419311523,0,0,2005-07-26T10:45:00,ENGINE_EXECUTABLE_HYDRAULICALLY_UNVALIDATED
C_30237,5.1080169677734375,2.5116045475006104,0.31285229325294495,0,0,2005-07-26T10:45:00,ENGINE_EXECUTABLE_HYDRAULICALLY_UNVALIDATED
C_30238,5.10630989074707,2.653062105178833,0.29607245326042175,0,0,2005-07-26T10:45:00,ENGINE_EXECUTABLE_HYDRAULICALLY_UNVALIDATED
C_30239,5.103623867034912,2.671499729156494,0.29387444257736206,0,0,2005-07-26T10:45:00,ENGINE_EXECUTABLE_HYDRAULICALLY_UNVALIDATED
C_30240,2.8270812034606934,3.124336004257202,0.4523787498474121,0,0,2005-07-26T10:45:00,ENGINE_EXECUTABLE_HYDRAULICALLY_UNVALIDATED
C_30241,2.8270623683929443,3.3643226623535156,0.41947728395462036,0,0,2005-07-26T10:45:00,ENGINE_EXECUTABLE_HYDRAULICALLY_UNVALIDATED
C_30242,5.1035919189453125,2.8130040168762207,0.2790897488594055,0,0,2005-07-26T10:45:00,ENGINE_EXECUTABLE_HYDRAULICALLY_UNVALIDATED
C_30243,2.2779343128204346,1.9963154792785645,0.22818845510482788,0,0,2005-07-26T10:45:00,ENGINE_EXECUTABLE_HYDRAULICALLY_UNVALIDATED
C_30244,2.280756950378418,2.209531545639038,0.20642411708831787,0,0,2005-07-26T10:45:00,ENGINE_EXECUTABLE_HYDRAULICALLY_UNVALIDATED
C_30245,2.1849863529205322,2.4544668197631836,0.312111496925354,0,0,2005-07-26T10:45:00,ENGINE_EXECUTABLE_HYDRAULICALLY_UNVALIDATED
C_30246,2.282444953918457,1.839825987815857,0.39404016733169556,0,0,2005-07-26T10:45:00,ENGINE_EXECUTABLE_HYDRAULICALLY_UNVALIDATED
C_30247,2.827378988265991,2.408777952194214,0.5859465003013611,0,0,2005-07-26T10:45:00,ENGINE_EXECUTABLE_HYDRAULICALLY_UNVALIDATED
C_30248,2.8271431922912598,2.9614551067352295,0.4767933487892151,0,0,2005-07-26T10:45:00,ENGINE_EXECUTABLE_HYDRAULICALLY_UNVALIDATED
C_30249,2.827199697494507,3.314516067504883,0.4264400601387024,0,0,2005-07-26T10:45:00,ENGINE_EXECUTABLE_HYDRAULICALLY_UNVALIDATED
C_30250,2.8272697925567627,1.9619717597961426,0.3602186143398285,0,0,2005-07-26T10:45:00,ENGINE_EXECUTABLE_HYDRAULICALLY_UNVALIDATED
C_30251,2.8273277282714844,2.2860162258148193,0.3091636896133423,0,0,2005-07-26T10:45:00,ENGINE_EXECUTABLE_HYDRAULICALLY_UNVALIDATED
C_30252,2.8273305892944336,2.362048387527466,0.5978267788887024,0,0,2005-07-26T10:45:00,ENGINE_EXECUTABLE_HYDRAULICALLY_UNVALIDATED
C_30253,2.8273279666900635,3.1617321968078613,0.44706714153289795,0,0,2005-07-26T10:45:00,ENGINE_EXECUTABLE_HYDRAULICALLY_UNVALIDATED
C_30254,2.055896520614624,1.937600016593933,0.5420864224433899,0,0,2005-07-26T10:30:00,ENGINE_EXECUTABLE_HYDRAULICALLY_UNVALIDATED
C_30255,2.477294683456421,2.7923550605773926,0.448869913816452,0,0,2005-07-26T10:30:00,ENGINE_EXECUTABLE_HYDRAULICALLY_UNVALIDATED
C_30256,2.4361865520477295,5.1005377769470215,0.23902906477451324,0,0,2005-07-26T10:45:00,ENGINE_EXECUTABLE_HYDRAULICALLY_UNVALIDATED
C_30257,2.59751296043396,2.495889663696289,0.26015010476112366,0,0,2005-07-26T10:30:00,ENGINE_EXECUTABLE_HYDRAULICALLY_UNVALIDATED
C_30258,2.4724371433258057,1.456589698791504,0.4243064820766449,0,0,2005-07-26T10:45:00,ENGINE_EXECUTABLE_HYDRAULICALLY_UNVALIDATED
C_30259,2.4380247592926025,2.3188283443450928,0.5255655646324158,0,0,2005-07-26T10:45:00,ENGINE_EXECUTABLE_HYDRAULICALLY_UNVALIDATED
C_30260,2.440330982208252,2.5631184577941895,0.47611573338508606,0,0,2005-07-26T10:45:00,ENGINE_EXECUTABLE_HYDRAULICALLY_UNVALIDATED
C_30261,2.4474682807922363,2.311877727508545,0.5007245540618896,0,0,2005-07-26T10:45:00,ENGINE_EXECUTABLE_HYDRAULICALLY_UNVALIDATED
C_30262,2.064060688018799,3.2374837398529053,0.31953883171081543,0,0,2005-07-26T10:45:00,ENGINE_EXECUTABLE_HYDRAULICALLY_UNVALIDATED
C_30263,2.0640196800231934,2.368234395980835,0.3227579891681671,0,0,2005-07-26T10:45:00,ENGINE_EXECUTABLE_HYDRAULICALLY_UNVALIDATED
C_30264,2.0639724731445312,2.024750232696533,0.3775029480457306,0,0,2005-07-26T10:45:00,ENGINE_EXECUTABLE_HYDRAULICALLY_UNVALIDATED
C_30265,2.064359664916992,2.279758930206299,0.4373989403247833,0,0,2005-07-26T10:45:00,ENGINE_EXECUTABLE_HYDRAULICALLY_UNVALIDATED
C_30266,1.3030143976211548,1.510813593864441,0.3193935751914978,0,0,2005-07-26T10:45:00,ENGINE_EXECUTABLE_HYDRAULICALLY_UNVALIDATED
C_30267,1.3030451536178589,2.1804935932159424,0.22130568325519562,0,0,2005-07-26T10:45:00,ENGINE_EXECUTABLE_HYDRAULICALLY_UNVALIDATED
C_30268,1.3030650615692139,2.789311647415161,0.23390667140483856,0,0,2005-07-26T10:45:00,ENGINE_EXECUTABLE_HYDRAULICALLY_UNVALIDATED
C_30269,0.920434296131134,1.8068650960922241,0.2548038065433502,0,0,2005-07-26T10:45:00,ENGINE_EXECUTABLE_HYDRAULICALLY_UNVALIDATED
C_30270,0.9204512238502502,2.11061954498291,0.2187938690185547,0,0,2005-07-26T10:45:00,ENGINE_EXECUTABLE_HYDRAULICALLY_UNVALIDATED
C_30271,0.7286352515220642,1.739455223083496,0.20632532238960266,0,0,2005-07-26T10:45:00,ENGINE_EXECUTABLE_HYDRAULICALLY_UNVALIDATED
C_30272,0.35669490694999695,1.1404709815979004,0.15489163994789124,0,0,2005-07-26T10:45:00,ENGINE_EXECUTABLE_HYDRAULICALLY_UNVALIDATED
C_30273,0.35671231150627136,1.447878360748291,0.12274117767810822,0,0,2005-07-26T10:45:00,ENGINE_EXECUTABLE_HYDRAULICALLY_UNVALIDATED
C_30274,0.3567289113998413,1.4965647459030151,0.11910975724458694,0,0,2005-07-26T10:45:00,ENGINE_EXECUTABLE_HYDRAULICALLY_UNVALIDATED
C_30275,0.3567483127117157,1.0493727922439575,0.13597020506858826,0,0,2005-07-26T10:45:00,ENGINE_EXECUTABLE_HYDRAULICALLY_UNVALIDATED
C_30276,0.35678380727767944,1.1646040678024292,0.12252887338399887,0,0,2005-07-26T10:45:00,ENGINE_EXECUTABLE_HYDRAULICALLY_UNVALIDATED
C_30277,2.286181926727295,2.271310329437256,0.3354784846305847,0,0,2005-07-26T10:45:00,ENGINE_EXECUTABLE_HYDRAULICALLY_UNVALIDATED
C_30278,2.287304401397705,2.135000228881836,0.34213271737098694,0,0,2005-07-26T10:45:00,ENGINE_EXECUTABLE_HYDRAULICALLY_UNVALIDATED
C_30279,2.2873828411102295,1.7194719314575195,0.41592687368392944,0,0,2005-07-26T10:45:00,ENGINE_EXECUTABLE_HYDRAULICALLY_UNVALIDATED
C_30280,2.4542999267578125,2.6430013179779053,0.3162344992160797,0,0,2005-07-26T10:45:00,ENGINE_EXECUTABLE_HYDRAULICALLY_UNVALIDATED
C_30281,2.2826085090637207,1.8101975917816162,0.41056057810783386,0,0,2005-07-26T10:45:00,ENGINE_EXECUTABLE_HYDRAULICALLY_UNVALIDATED
C_30282,2.2657599449157715,1.7815881967544556,0.3215227425098419,0,0,2005-07-26T10:45:00,ENGINE_EXECUTABLE_HYDRAULICALLY_UNVALIDATED
C_30283,2.297891139984131,2.0378994941711426,0.406289279460907,0,0,2005-07-26T10:45:00,ENGINE_EXECUTABLE_HYDRAULICALLY_UNVALIDATED
C_30284,2.2853245735168457,1.8031493425369263,0.45372939109802246,0,0,2005-07-26T10:45:00,ENGINE_EXECUTABLE_HYDRAULICALLY_UNVALIDATED
C_30285,2.289398431777954,1.8132425546646118,0.3912173807621002,0,0,2005-07-26T10:45:00,ENGINE_EXECUTABLE_HYDRAULICALLY_UNVALIDATED
C_30286,2.2777817249298096,1.92085862159729,0.4325729012489319,0,0,2005-07-26T10:45:00,ENGINE_EXECUTABLE_HYDRAULICALLY_UNVALIDATED
C_30287,2.295193672180176,1.8928565979003906,0.3766450583934784,0,0,2005-07-26T10:45:00,ENGINE_EXECUTABLE_HYDRAULICALLY_UNVALIDATED
C_30288,2.2803475856781006,1.2397699356079102,0.3678252696990967,0,0,2005-07-26T10:45:00,ENGINE_EXECUTABLE_HYDRAULICALLY_UNVALIDATED
C_30289,2.2882132530212402,2.3763296604156494,0.32093730568885803,0,0,2005-07-26T10:45:00,ENGINE_EXECUTABLE_HYDRAULICALLY_UNVALIDATED
C_30290,2.285083770751953,2.806056499481201,0.27141642570495605,0,0,2005-07-26T10:45:00,ENGINE_EXECUTABLE_HYDRAULICALLY_UNVALIDATED
C_30291,2.277449131011963,1.5344256162643433,0.29681408405303955,0,0,2005-07-26T10:45:00,ENGINE_EXECUTABLE_HYDRAULICALLY_UNVALIDATED
C_30292,2.274108409881592,1.8515846729278564,0.406104177236557,0,0,2005-07-26T10:45:00,ENGINE_EXECUTABLE_HYDRAULICALLY_UNVALIDATED
C_30293,2.290112257003784,2.150045156478882,0.41473037004470825,0,0,2005-07-26T10:45:00,ENGINE_EXECUTABLE_HYDRAULICALLY_UNVALIDATED
C_30294,2.3043227195739746,1.7910819053649902,0.4350389838218689,0,0,2005-07-26T10:45:00,ENGINE_EXECUTABLE_HYDRAULICALLY_UNVALIDATED
C_30295,2.282966375350952,1.8669931888580322,0.43097200989723206,0,0,2005-07-26T10:45:00,ENGINE_EXECUTABLE_HYDRAULICALLY_UNVALIDATED
C_30296,2.2670791149139404,2.2691240310668945,0.41746240854263306,0,0,2005-07-26T10:45:00,ENGINE_EXECUTABLE_HYDRAULICALLY_UNVALIDATED
C_30297,2.2593917846679688,2.2606537342071533,0.41760575771331787,0,0,2005-07-26T10:45:00,ENGINE_EXECUTABLE_HYDRAULICALLY_UNVALIDATED
C_30298,2.259549856185913,2.2871904373168945,0.3976671099662781,0,0,2005-07-26T10:45:00,ENGINE_EXECUTABLE_HYDRAULICALLY_UNVALIDATED
C_30299,2.292738437652588,2.2574849128723145,0.3142027258872986,0,0,2005-07-26T10:45:00,ENGINE_EXECUTABLE_HYDRAULICALLY_UNVALIDATED
C_30300,2.2891273498535156,2.6158130168914795,0.33157023787498474,0,0,2005-07-26T10:45:00,ENGINE_EXECUTABLE_HYDRAULICALLY_UNVALIDATED
C_30301,2.263692855834961,1.9360605478286743,0.46707794070243835,0,0,2005-07-26T10:45:00,ENGINE_EXECUTABLE_HYDRAULICALLY_UNVALIDATED
C_30302,2.3045566082000732,2.372885227203369,0.3236987590789795,0,0,2005-07-26T10:45:00,ENGINE_EXECUTABLE_HYDRAULICALLY_UNVALIDATED
C_30303,2.2892842292785645,2.6954779624938965,0.3343350291252136,0,0,2005-07-26T10:45:00,ENGINE_EXECUTABLE_HYDRAULICALLY_UNVALIDATED
C_30304,2.331050157546997,1.5589988231658936,0.4604422450065613,0,0,2005-07-26T10:45:00,ENGINE_EXECUTABLE_HYDRAULICALLY_UNVALIDATED
C_30305,2.2894484996795654,1.9974561929702759,0.3755093216896057,0,0,2005-07-26T10:45:00,ENGINE_EXECUTABLE_HYDRAULICALLY_UNVALIDATED
C_30306,2.289724349975586,2.0436785221099854,0.37045928835868835,0,0,2005-07-26T10:45:00,ENGINE_EXECUTABLE_HYDRAULICALLY_UNVALIDATED
C_30307,2.290067434310913,2.0059163570404053,0.38050979375839233,0,0,2005-07-26T10:45:00,ENGINE_EXECUTABLE_HYDRAULICALLY_UNVALIDATED
C_30308,2.290210008621216,1.6971001625061035,0.3373335003852844,0,0,2005-07-26T10:45:00,ENGINE_EXECUTABLE_HYDRAULICALLY_UNVALIDATED
C_30309,2.2905943393707275,2.1876540184020996,0.45878109335899353,0,0,2005-07-26T10:45:00,ENGINE_EXECUTABLE_HYDRAULICALLY_UNVALIDATED
C_30310,2.2903261184692383,1.4525693655014038,0.2627609670162201,0,0,2005-07-26T10:45:00,ENGINE_EXECUTABLE_HYDRAULICALLY_UNVALIDATED
C_30311,2.2908358573913574,2.4289417266845703,0.45078229904174805,0,0,2005-07-26T10:45:00,ENGINE_EXECUTABLE_HYDRAULICALLY_UNVALIDATED
C_30312,2.291191816329956,2.7654881477355957,0.3706497848033905,0,0,2005-07-26T10:45:00,ENGINE_EXECUTABLE_HYDRAULICALLY_UNVALIDATED
C_30313,2.2909371852874756,2.4911391735076904,0.26212427020072937,0,0,2005-07-26T10:45:00,ENGINE_EXECUTABLE_HYDRAULICALLY_UNVALIDATED
C_30314,2.292029619216919,2.9163811206817627,0.3807307183742523,0,0,2005-07-26T10:45:00,ENGINE_EXECUTABLE_HYDRAULICALLY_UNVALIDATED
C_30315,2.2921242713928223,3.520205497741699,0.3131607472896576,0,0,2005-07-26T10:45:00,ENGINE_EXECUTABLE_HYDRAULICALLY_UNVALIDATED
C_30316,2.29183030128479,1.912493109703064,0.4667758047580719,0,0,2005-07-26T10:45:00,ENGINE_EXECUTABLE_HYDRAULICALLY_UNVALIDATED
C_30317,2.292647123336792,2.3081719875335693,0.45810115337371826,0,0,2005-07-26T10:45:00,ENGINE_EXECUTABLE_HYDRAULICALLY_UNVALIDATED
C_30318,2.2922348976135254,2.826564311981201,0.4249849319458008,0,0,2005-07-26T10:45:00,ENGINE_EXECUTABLE_HYDRAULICALLY_UNVALIDATED
C_30319,2.2924282550811768,2.0801491737365723,0.4912738800048828,0,0,2005-07-26T10:45:00,ENGINE_EXECUTABLE_HYDRAULICALLY_UNVALIDATED
C_30320,2.2929134368896484,2.2803187370300293,0.42838141322135925,0,0,2005-07-26T10:45:00,ENGINE_EXECUTABLE_HYDRAULICALLY_UNVALIDATED
C_30321,2.29310941696167,2.151904344558716,0.3946296274662018,0,0,2005-07-26T10:45:00,ENGINE_EXECUTABLE_HYDRAULICALLY_UNVALIDATED
C_30322,2.293365478515625,2.888786554336548,0.34800392389297485,0,0,2005-07-26T10:45:00,ENGINE_EXECUTABLE_HYDRAULICALLY_UNVALIDATED
C_30323,2.2936320304870605,2.586958169937134,0.31706535816192627,0,0,2005-07-26T10:45:00,ENGINE_EXECUTABLE_HYDRAULICALLY_UNVALIDATED
C_30324,2.2941102981567383,3.513845205307007,0.2554009258747101,0,0,2005-07-26T10:45:00,ENGINE_EXECUTABLE_HYDRAULICALLY_UNVALIDATED
C_30325,2.2939953804016113,3.1902146339416504,0.23966412246227264,0,0,2005-07-26T10:45:00,ENGINE_EXECUTABLE_HYDRAULICALLY_UNVALIDATED
C_30326,2.2938504219055176,1.7147705554962158,0.26751041412353516,0,0,2005-07-26T10:45:00,ENGINE_EXECUTABLE_HYDRAULICALLY_UNVALIDATED
C_30327,6.162106513977051,3.7772037982940674,0.8156060576438904,0,0,2005-07-26T10:45:00,ENGINE_EXECUTABLE_HYDRAULICALLY_UNVALIDATED
C_30328,4.313215732574463,3.3739473819732666,0.6391231417655945,0,0,2005-07-26T10:45:00,ENGINE_EXECUTABLE_HYDRAULICALLY_UNVALIDATED
C_30329,4.126910209655762,3.45361065864563,0.5974110960960388,0,0,2005-07-26T10:45:00,ENGINE_EXECUTABLE_HYDRAULICALLY_UNVALIDATED
C_30330,0.35680294036865234,1.7478402853012085,0.10035230964422226,0,0,2005-07-26T10:45:00,ENGINE_EXECUTABLE_HYDRAULICALLY_UNVALIDATED
C_30331,0.3568281829357147,1.4547076225280762,0.1205824464559555,0,0,2005-07-26T10:45:00,ENGINE_EXECUTABLE_HYDRAULICALLY_UNVALIDATED
C_30332,0.3568533957004547,1.8252378702163696,0.14165858924388885,0,0,2005-07-26T10:45:00,ENGINE_EXECUTABLE_HYDRAULICALLY_UNVALIDATED
C_30333,0.3568682074546814,1.2356348037719727,0.14121344685554504,0,0,2005-07-26T10:45:00,ENGINE_EXECUTABLE_HYDRAULICALLY_UNVALIDATED
C_30334,2.2950098514556885,3.3430192470550537,0.34791266918182373,0,0,2005-07-26T10:45:00,ENGINE_EXECUTABLE_HYDRAULICALLY_UNVALIDATED
C_30335,2.2951154708862305,3.253052234649658,0.36084309220314026,0,0,2005-07-26T10:45:00,ENGINE_EXECUTABLE_HYDRAULICALLY_UNVALIDATED
C_30336,2.2948973178863525,3.203852891921997,0.33720019459724426,0,0,2005-07-26T10:45:00,ENGINE_EXECUTABLE_HYDRAULICALLY_UNVALIDATED
C_30337,2.294745445251465,3.2942404747009277,0.3199428617954254,0,0,2005-07-26T10:45:00,ENGINE_EXECUTABLE_HYDRAULICALLY_UNVALIDATED
C_30338,2.2945339679718018,3.306049108505249,0.3303016722202301,0,0,2005-07-26T10:45:00,ENGINE_EXECUTABLE_HYDRAULICALLY_UNVALIDATED
C_30339,2.294240713119507,2.873232126235962,0.2990257740020752,0,0,2005-07-26T10:45:00,ENGINE_EXECUTABLE_HYDRAULICALLY_UNVALIDATED
C_30340,2.295821189880371,1.8598556518554688,0.13714119791984558,0,0,2005-07-26T10:45:00,ENGINE_EXECUTABLE_HYDRAULICALLY_UNVALIDATED
C_30341,2.2955641746520996,1.0717723369598389,0.23795567452907562,0,0,2005-07-26T10:45:00,ENGINE_EXECUTABLE_HYDRAULICALLY_UNVALIDATED
C_30342,2.2960848808288574,1.794197678565979,0.14217616617679596,0,0,2005-07-26T10:45:00,ENGINE_EXECUTABLE_HYDRAULICALLY_UNVALIDATED
C_30343,2.296262741088867,1.8190267086029053,0.12455273419618607,0,0,2005-07-26T10:45:00,ENGINE_EXECUTABLE_HYDRAULICALLY_UNVALIDATED
C_30344,2.2965478897094727,1.7634040117263794,0.1599941998720169,0,0,2005-07-26T10:45:00,ENGINE_EXECUTABLE_HYDRAULICALLY_UNVALIDATED
C_30345,2.296973705291748,1.7062726020812988,0.14956043660640717,0,0,2005-07-26T10:45:00,ENGINE_EXECUTABLE_HYDRAULICALLY_UNVALIDATED
C_30346,2.29717755317688,2.0862433910369873,0.12233162671327591,0,0,2005-07-26T10:45:00,ENGINE_EXECUTABLE_HYDRAULICALLY_UNVALIDATED
C_30347,2.297381639480591,1.7281991243362427,0.1476891189813614,0,0,2005-07-26T10:45:00,ENGINE_EXECUTABLE_HYDRAULICALLY_UNVALIDATED
C_30348,2.297635316848755,1.6251928806304932,0.15706713497638702,0,0,2005-07-26T10:45:00,ENGINE_EXECUTABLE_HYDRAULICALLY_UNVALIDATED
C_30349,2.297978162765503,1.8945014476776123,0.13475972414016724,0,0,2005-07-26T10:45:00,ENGINE_EXECUTABLE_HYDRAULICALLY_UNVALIDATED
C_30350,2.2981786727905273,1.930815577507019,0.14876633882522583,0,0,2005-07-26T10:45:00,ENGINE_EXECUTABLE_HYDRAULICALLY_UNVALIDATED
C_30351,2.2983720302581787,1.4527835845947266,0.19773386418819427,0,0,2005-07-26T10:45:00,ENGINE_EXECUTABLE_HYDRAULICALLY_UNVALIDATED
C_30352,2.29866886138916,1.199360966682434,0.23764443397521973,0,0,2005-07-26T10:45:00,ENGINE_EXECUTABLE_HYDRAULICALLY_UNVALIDATED
C_30353,2.2991559505462646,1.3204933404922485,0.21761751174926758,0,0,2005-07-26T10:45:00,ENGINE_EXECUTABLE_HYDRAULICALLY_UNVALIDATED
C_30354,2.299567937850952,1.772068977355957,0.1419771909713745,0,0,2005-07-26T10:45:00,ENGINE_EXECUTABLE_HYDRAULICALLY_UNVALIDATED
C_30355,2.299395799636841,1.572872281074524,0.1576516479253769,0,0,2005-07-26T10:45:00,ENGINE_EXECUTABLE_HYDRAULICALLY_UNVALIDATED
C_30356,2.2997238636016846,2.0068068504333496,0.12731489539146423,0,0,2005-07-26T10:45:00,ENGINE_EXECUTABLE_HYDRAULICALLY_UNVALIDATED
C_30357,10.55759048461914,3.093550205230713,2.0,45,45,2005-07-26T10:45:00,ENGINE_EXECUTABLE_HYDRAULICALLY_UNVALIDATED
C_30358,6.472661018371582,2.020514488220215,2.0,30,30,2005-07-26T10:45:00,ENGINE_EXECUTABLE_HYDRAULICALLY_UNVALIDATED
C_30359,9.64936351776123,3.0630502700805664,2.0,30,30,2005-07-26T10:45:00,ENGINE_EXECUTABLE_HYDRAULICALLY_UNVALIDATED
