grid_id,first_wet_timestamp,first_flood_timestamp,peak_timestamp,peak_depth_m,nearest_node_peak_depth_proxy_m,flood_duration_minutes,first_hydraulic_overflow_proxy_timestamp,event_basis
22963,,,2005-07-26T04:30:00,,0.09160058200359344,,,HYDRAULIC_PROXY; no surface-water depth coupling
22964,,,2005-07-26T04:30:00,,0.09160058200359344,,,HYDRAULIC_PROXY; no surface-water depth coupling
23248,,,2005-07-26T05:15:00,,3.502129077911377,,,HYDRAULIC_PROXY; no surface-water depth coupling
23249,,,2005-07-26T04:15:00,,5.529600143432617,,2005-07-26T04:15:00,HYDRAULIC_PROXY; no surface-water depth coupling
23250,,,2005-07-26T04:15:00,,5.529600143432617,,2005-07-26T04:15:00,HYDRAULIC_PROXY; no surface-water depth coupling
23251,,,2005-07-26T04:30:00,,0.09160058200359344,,,HYDRAULIC_PROXY; no surface-water depth coupling
23252,,,2005-07-26T04:30:00,,0.09160058200359344,,,HYDRAULIC_PROXY; no surface-water depth coupling
23253,,,2005-07-26T00:15:00,,0.0,,,HYDRAULIC_PROXY; no surface-water depth coupling
23536,,,2005-07-26T04:15:00,,5.529600143432617,,2005-07-26T04:15:00,HYDRAULIC_PROXY; no surface-water depth coupling
23537,,,2005-07-26T04:15:00,,5.529600143432617,,2005-07-26T04:15:00,HYDRAULIC_PROXY; no surface-water depth coupling
23538,,,2005-07-26T04:15:00,,5.529600143432617,,2005-07-26T04:15:00,HYDRAULIC_PROXY; no surface-water depth coupling
23539,,,2005-07-26T04:15:00,,5.529600143432617,,2005-07-26T04:15:00,HYDRAULIC_PROXY; no surface-water depth coupling
23540,,,2005-07-26T00:15:00,,0.0,,,HYDRAULIC_PROXY; no surface-water depth coupling
23541,,,2005-07-26T00:15:00,,0.0,,,HYDRAULIC_PROXY; no surface-water depth coupling
23542,,,2005-07-26T00:15:00,,0.0,,,HYDRAULIC_PROXY; no surface-water depth coupling
23543,,,2005-07-26T00:15:00,,0.0,,,HYDRAULIC_PROXY; no surface-water depth coupling
23823,,,2005-07-26T06:00:00,,1.6755794286727905,,,HYDRAULIC_PROXY; no surface-water depth coupling
23824,,,2005-07-26T04:15:00,,5.529600143432617,,2005-07-26T04:15:00,HYDRAULIC_PROXY; no surface-water depth coupling
23825,,,2005-07-26T04:15:00,,5.529600143432617,,2005-07-26T04:15:00,HYDRAULIC_PROXY; no surface-water depth coupling
23826,,,2005-07-26T04:15:00,,5.529600143432617,,2005-07-26T04:15:00,HYDRAULIC_PROXY; no surface-water depth coupling
23827,,,2005-07-26T00:15:00,,0.0,,,HYDRAULIC_PROXY; no surface-water depth coupling
23828,,,2005-07-26T00:15:00,,0.0,,,HYDRAULIC_PROXY; no surface-water depth coupling
23829,,,2005-07-26T00:15:00,,0.0,,,HYDRAULIC_PROXY; no surface-water depth coupling
23830,,,2005-07-26T06:00:00,,0.2616288363933563,,,HYDRAULIC_PROXY; no surface-water depth coupling
23831,,,2005-07-26T06:00:00,,0.2616288363933563,,,HYDRAULIC_PROXY; no surface-water depth coupling
23832,,,2005-07-26T06:00:00,,0.2616288363933563,,,HYDRAULIC_PROXY; no surface-water depth coupling
24105,,,2005-07-26T06:00:00,,1.6755794286727905,,,HYDRAULIC_PROXY; no surface-water depth coupling
24106,,,2005-07-26T06:00:00,,1.6755794286727905,,,HYDRAULIC_PROXY; no surface-water depth coupling
24107,,,2005-07-26T06:00:00,,1.6755794286727905,,,HYDRAULIC_PROXY; no surface-water depth coupling
24108,,,2005-07-26T04:15:00,,5.529600143432617,,2005-07-26T04:15:00,HYDRAULIC_PROXY; no surface-water depth coupling
24109,,,2005-07-26T04:15:00,,5.529600143432617,,2005-07-26T04:15:00,HYDRAULIC_PROXY; no surface-water depth coupling
24110,,,2005-07-26T00:15:00,,0.0,,,HYDRAULIC_PROXY; no surface-water depth coupling
24111,,,2005-07-26T00:15:00,,0.0,,,HYDRAULIC_PROXY; no surface-water depth coupling
24112,,,2005-07-26T00:15:00,,0.0,,,HYDRAULIC_PROXY; no surface-water depth coupling
24113,,,2005-07-26T06:00:00,,0.2616288363933563,,,HYDRAULIC_PROXY; no surface-water depth coupling
24114,,,2005-07-26T06:00:00,,0.2616288363933563,,,HYDRAULIC_PROXY; no surface-water depth coupling
24115,,,2005-07-26T06:00:00,,0.2616288363933563,,,HYDRAULIC_PROXY; no surface-water depth coupling
24116,,,2005-07-26T06:00:00,,0.2616288363933563,,,HYDRAULIC_PROXY; no surface-water depth coupling
24117,,,2005-07-26T06:00:00,,0.35430023074150085,,,HYDRAULIC_PROXY; no surface-water depth coupling
24118,,,2005-07-26T06:00:00,,0.35430023074150085,,,HYDRAULIC_PROXY; no surface-water depth coupling
24387,,,2005-07-26T05:15:00,,1.8220943212509155,,,HYDRAULIC_PROXY; no surface-water depth coupling
24388,,,2005-07-26T05:15:00,,1.8301113843917847,,,HYDRAULIC_PROXY; no surface-water depth coupling
24389,,,2005-07-26T05:45:00,,1.8328492641448975,,,HYDRAULIC_PROXY; no surface-water depth coupling
24390,,,2005-07-26T05:45:00,,1.8364397287368774,,,HYDRAULIC_PROXY; no surface-water depth coupling
24391,,,2005-07-26T06:00:00,,1.8313899040222168,,,HYDRAULIC_PROXY; no surface-water depth coupling
24392,,,2005-07-26T00:15:00,,0.0,,,HYDRAULIC_PROXY; no surface-water depth coupling
24393,,,2005-07-26T00:15:00,,0.0,,,HYDRAULIC_PROXY; no surface-water depth coupling
24394,,,2005-07-26T06:00:00,,0.2616288363933563,,,HYDRAULIC_PROXY; no surface-water depth coupling
24395,,,2005-07-26T06:00:00,,0.2616288363933563,,,HYDRAULIC_PROXY; no surface-water depth coupling
24396,,,2005-07-26T06:00:00,,0.2616288363933563,,,HYDRAULIC_PROXY; no surface-water depth coupling
24397,,,2005-07-26T06:00:00,,0.2616288363933563,,,HYDRAULIC_PROXY; no surface-water depth coupling
24398,,,2005-07-26T06:00:00,,0.2616288363933563,,,HYDRAULIC_PROXY; no surface-water depth coupling
24399,,,2005-07-26T06:00:00,,0.2616288363933563,,,HYDRAULIC_PROXY; no surface-water depth coupling
24400,,,2005-07-26T06:00:00,,0.35430023074150085,,,HYDRAULIC_PROXY; no surface-water depth coupling
24401,,,2005-07-26T06:00:00,,0.35430023074150085,,,HYDRAULIC_PROXY; no surface-water depth coupling
24402,,,2005-07-26T06:00:00,,0.35430023074150085,,,HYDRAULIC_PROXY; no surface-water depth coupling
24668,,,2005-07-26T05:45:00,,1.8364397287368774,,,HYDRAULIC_PROXY; no surface-water depth coupling
24669,,,2005-07-26T06:00:00,,1.8344519138336182,,,HYDRAULIC_PROXY; no surface-water depth coupling
24670,,,2005-07-26T06:00:00,,1.8313899040222168,,,HYDRAULIC_PROXY; no surface-water depth coupling
24671,,,2005-07-26T06:00:00,,1.812363624572754,,,HYDRAULIC_PROXY; no surface-water depth coupling
24672,,,2005-07-26T05:30:00,,1.7889326810836792,,,HYDRAULIC_PROXY; no surface-water depth coupling
24673,,,2005-07-26T06:00:00,,1.501554012298584,,,HYDRAULIC_PROXY; no surface-water depth coupling
24674,,,2005-07-26T06:00:00,,1.5026575326919556,,,HYDRAULIC_PROXY; no surface-water depth coupling
24675,,,2005-07-26T06:00:00,,0.2616288363933563,,,HYDRAULIC_PROXY; no surface-water depth coupling
24676,,,2005-07-26T06:00:00,,0.2616288363933563,,,HYDRAULIC_PROXY; no surface-water depth coupling
24677,,,2005-07-26T06:00:00,,0.2616288363933563,,,HYDRAULIC_PROXY; no surface-water depth coupling
24678,,,2005-07-26T06:00:00,,0.2616288363933563,,,HYDRAULIC_PROXY; no surface-water depth coupling
24679,,,2005-07-26T06:00:00,,0.2616288363933563,,,HYDRAULIC_PROXY; no surface-water depth coupling
24680,,,2005-07-26T06:00:00,,0.2616288363933563,,,HYDRAULIC_PROXY; no surface-water depth coupling
24681,,,2005-07-26T06:00:00,,0.2616288363933563,,,HYDRAULIC_PROXY; no surface-water depth coupling
24682,,,2005-07-26T06:00:00,,0.2616288363933563,,,HYDRAULIC_PROXY; no surface-water depth coupling
24683,,,2005-07-26T06:00:00,,0.35430023074150085,,,HYDRAULIC_PROXY; no surface-water depth coupling
24684,,,2005-07-26T06:00:00,,0.13927596807479858,,,HYDRAULIC_PROXY; no surface-water depth coupling
24685,,,2005-07-26T06:00:00,,0.13927596807479858,,,HYDRAULIC_PROXY; no surface-water depth coupling
24692,,,2005-07-26T06:00:00,,0.11857616901397705,,,HYDRAULIC_PROXY; no surface-water depth coupling
24693,,,2005-07-26T06:00:00,,0.11857616901397705,,,HYDRAULIC_PROXY; no surface-water depth coupling
24694,,,2005-07-26T00:15:00,,0.0,,,HYDRAULIC_PROXY; no surface-water depth coupling
24695,,,2005-07-26T00:15:00,,0.0,,,HYDRAULIC_PROXY; no surface-water depth coupling
24945,,,2005-07-26T06:00:00,,1.8313899040222168,,,HYDRAULIC_PROXY; no surface-water depth coupling
24946,,,2005-07-26T06:00:00,,1.812363624572754,,,HYDRAULIC_PROXY; no surface-water depth coupling
24947,,,2005-07-26T05:30:00,,1.7889326810836792,,,HYDRAULIC_PROXY; no surface-water depth coupling
24948,,,2005-07-26T05:15:00,,1.7278645038604736,,,HYDRAULIC_PROXY; no surface-water depth coupling
24949,,,2005-07-26T05:30:00,,1.6883649826049805,,,HYDRAULIC_PROXY; no surface-water depth coupling
24950,,,2005-07-26T06:00:00,,1.4580389261245728,,,HYDRAULIC_PROXY; no surface-water depth coupling
24951,,,2005-07-26T06:00:00,,1.501554012298584,,,HYDRAULIC_PROXY; no surface-water depth coupling
24952,,,2005-07-26T06:00:00,,1.5026575326919556,,,HYDRAULIC_PROXY; no surface-water depth coupling
24953,,,2005-07-26T06:00:00,,1.5022525787353516,,,HYDRAULIC_PROXY; no surface-water depth coupling
24954,,,2005-07-26T06:00:00,,1.5022525787353516,,,HYDRAULIC_PROXY; no surface-water depth coupling
24955,,,2005-07-26T06:00:00,,0.2616288363933563,,,HYDRAULIC_PROXY; no surface-water depth coupling
24956,,,2005-07-26T06:00:00,,0.2616288363933563,,,HYDRAULIC_PROXY; no surface-water depth coupling
24957,,,2005-07-26T06:00:00,,0.2616288363933563,,,HYDRAULIC_PROXY; no surface-water depth coupling
24958,,,2005-07-26T06:00:00,,0.2616288363933563,,,HYDRAULIC_PROXY; no surface-water depth coupling
24959,,,2005-07-26T06:00:00,,1.2092130184173584,,,HYDRAULIC_PROXY; no surface-water depth coupling
24960,,,2005-07-26T06:00:00,,1.2092130184173584,,,HYDRAULIC_PROXY; no surface-water depth coupling
24961,,,2005-07-26T06:00:00,,1.2092130184173584,,,HYDRAULIC_PROXY; no surface-water depth coupling
24962,,,2005-07-26T06:00:00,,0.13927596807479858,,,HYDRAULIC_PROXY; no surface-water depth coupling
24963,,,2005-07-26T06:00:00,,0.13927596807479858,,,HYDRAULIC_PROXY; no surface-water depth coupling
24964,,,2005-07-26T06:00:00,,0.13927596807479858,,,HYDRAULIC_PROXY; no surface-water depth coupling
24965,,,2005-07-26T06:00:00,,0.13927596807479858,,,HYDRAULIC_PROXY; no surface-water depth coupling
24966,,,2005-07-26T06:00:00,,0.18570376932621002,,,HYDRAULIC_PROXY; no surface-water depth coupling
24967,,,2005-07-26T06:00:00,,0.11857616901397705,,,HYDRAULIC_PROXY; no surface-water depth coupling
24968,,,2005-07-26T06:00:00,,0.11857616901397705,,,HYDRAULIC_PROXY; no surface-water depth coupling
24969,,,2005-07-26T06:00:00,,0.11857616901397705,,,HYDRAULIC_PROXY; no surface-water depth coupling
24970,,,2005-07-26T06:00:00,,0.11857616901397705,,,HYDRAULIC_PROXY; no surface-water depth coupling
24971,,,2005-07-26T06:00:00,,0.11857616901397705,,,HYDRAULIC_PROXY; no surface-water depth coupling
24972,,,2005-07-26T00:15:00,,0.0,,,HYDRAULIC_PROXY; no surface-water depth coupling
24973,,,2005-07-26T00:15:00,,0.0,,,HYDRAULIC_PROXY; no surface-water depth coupling
24974,,,2005-07-26T00:15:00,,0.0,,,HYDRAULIC_PROXY; no surface-water depth coupling
25224,,,2005-07-26T05:15:00,,1.7278645038604736,,,HYDRAULIC_PROXY; no surface-water depth coupling
25225,,,2005-07-26T05:30:00,,1.6883649826049805,,,HYDRAULIC_PROXY; no surface-water depth coupling
25226,,,2005-07-26T06:00:00,,1.6490017175674438,,,HYDRAULIC_PROXY; no surface-water depth coupling
25227,,,2005-07-26T06:00:00,,1.6301504373550415,,,HYDRAULIC_PROXY; no surface-water depth coupling
25228,,,2005-07-26T06:00:00,,1.5933953523635864,,,HYDRAULIC_PROXY; no surface-water depth coupling
25229,,,2005-07-26T06:00:00,,1.4580389261245728,,,HYDRAULIC_PROXY; no surface-water depth coupling
25230,,,2005-07-26T06:00:00,,1.501554012298584,,,HYDRAULIC_PROXY; no surface-water depth coupling
25231,,,2005-07-26T06:00:00,,1.5026575326919556,,,HYDRAULIC_PROXY; no surface-water depth coupling
25232,,,2005-07-26T06:00:00,,1.5022525787353516,,,HYDRAULIC_PROXY; no surface-water depth coupling
25233,,,2005-07-26T06:00:00,,1.5022525787353516,,,HYDRAULIC_PROXY; no surface-water depth coupling
25234,,,2005-07-26T06:00:00,,1.502074122428894,,,HYDRAULIC_PROXY; no surface-water depth coupling
25235,,,2005-07-26T06:00:00,,1.2144941091537476,,,HYDRAULIC_PROXY; no surface-water depth coupling
25236,,,2005-07-26T06:00:00,,1.2144941091537476,,,HYDRAULIC_PROXY; no surface-water depth coupling
25237,,,2005-07-26T06:00:00,,1.2092130184173584,,,HYDRAULIC_PROXY; no surface-water depth coupling
25238,,,2005-07-26T06:00:00,,1.2092130184173584,,,HYDRAULIC_PROXY; no surface-water depth coupling
25239,,,2005-07-26T06:00:00,,1.2092130184173584,,,HYDRAULIC_PROXY; no surface-water depth coupling
25240,,,2005-07-26T06:00:00,,1.2092130184173584,,,HYDRAULIC_PROXY; no surface-water depth coupling
25241,,,2005-07-26T06:00:00,,1.2092130184173584,,,HYDRAULIC_PROXY; no surface-water depth coupling
25242,,,2005-07-26T06:00:00,,0.18570376932621002,,,HYDRAULIC_PROXY; no surface-water depth coupling
25243,,,2005-07-26T06:00:00,,0.18570376932621002,,,HYDRAULIC_PROXY; no surface-water depth coupling
25244,,,2005-07-26T06:00:00,,0.11857616901397705,,,HYDRAULIC_PROXY; no surface-water depth coupling
25245,,,2005-07-26T06:00:00,,0.11857616901397705,,,HYDRAULIC_PROXY; no surface-water depth coupling
25246,,,2005-07-26T06:00:00,,0.11857616901397705,,,HYDRAULIC_PROXY; no surface-water depth coupling
25247,,,2005-07-26T06:00:00,,0.11857616901397705,,,HYDRAULIC_PROXY; no surface-water depth coupling
25248,,,2005-07-26T06:00:00,,0.11857616901397705,,,HYDRAULIC_PROXY; no surface-water depth coupling
25249,,,2005-07-26T06:00:00,,0.11857616901397705,,,HYDRAULIC_PROXY; no surface-water depth coupling
25250,,,2005-07-26T06:00:00,,0.11857616901397705,,,HYDRAULIC_PROXY; no surface-water depth coupling
25251,,,2005-07-26T00:15:00,,0.0,,,HYDRAULIC_PROXY; no surface-water depth coupling
25252,,,2005-07-26T00:15:00,,0.0,,,HYDRAULIC_PROXY; no surface-water depth coupling
25253,,,2005-07-26T06:00:00,,0.7473715543746948,,,HYDRAULIC_PROXY; no surface-water depth coupling
25501,,,2005-07-26T06:00:00,,1.407900333404541,,,HYDRAULIC_PROXY; no surface-water depth coupling
25502,,,2005-07-26T06:00:00,,1.6301504373550415,,,HYDRAULIC_PROXY; no surface-water depth coupling
25503,,,2005-07-26T06:00:00,,1.5933953523635864,,,HYDRAULIC_PROXY; no surface-water depth coupling
25504,,,2005-07-26T06:00:00,,1.506150722503662,,,HYDRAULIC_PROXY; no surface-water depth coupling
25505,,,2005-07-26T06:00:00,,1.506150722503662,,,HYDRAULIC_PROXY; no surface-water depth coupling
25506,,,2005-07-26T06:00:00,,1.3953176736831665,,,HYDRAULIC_PROXY; no surface-water depth coupling
25507,,,2005-07-26T06:00:00,,1.4580389261245728,,,HYDRAULIC_PROXY; no surface-water depth coupling
25508,,,2005-07-26T06:00:00,,1.501554012298584,,,HYDRAULIC_PROXY; no surface-water depth coupling
25509,,,2005-07-26T06:00:00,,1.5026575326919556,,,HYDRAULIC_PROXY; no surface-water depth coupling
25510,,,2005-07-26T06:00:00,,1.5022525787353516,,,HYDRAULIC_PROXY; no surface-water depth coupling
25511,,,2005-07-26T06:00:00,,1.502074122428894,,,HYDRAULIC_PROXY; no surface-water depth coupling
25512,,,2005-07-26T06:00:00,,1.5007230043411255,,,HYDRAULIC_PROXY; no surface-water depth coupling
25513,,,2005-07-26T06:00:00,,1.2144941091537476,,,HYDRAULIC_PROXY; no surface-water depth coupling
25514,,,2005-07-26T06:00:00,,1.2144941091537476,,,HYDRAULIC_PROXY; no surface-water depth coupling
25515,,,2005-07-26T06:00:00,,1.2092130184173584,,,HYDRAULIC_PROXY; no surface-water depth coupling
25516,,,2005-07-26T06:00:00,,1.2092130184173584,,,HYDRAULIC_PROXY; no surface-water depth coupling
25517,,,2005-07-26T06:00:00,,1.2092130184173584,,,HYDRAULIC_PROXY; no surface-water depth coupling
25518,,,2005-07-26T06:00:00,,1.2092130184173584,,,HYDRAULIC_PROXY; no surface-water depth coupling
25519,,,2005-07-26T06:00:00,,1.2092130184173584,,,HYDRAULIC_PROXY; no surface-water depth coupling
25520,,,2005-07-26T06:00:00,,0.2521337866783142,,,HYDRAULIC_PROXY; no surface-water depth coupling
25521,,,2005-07-26T06:00:00,,0.2521337866783142,,,HYDRAULIC_PROXY; no surface-water depth coupling
25522,,,2005-07-26T06:00:00,,0.11857616901397705,,,HYDRAULIC_PROXY; no surface-water depth coupling
25523,,,2005-07-26T06:00:00,,0.11857616901397705,,,HYDRAULIC_PROXY; no surface-water depth coupling
25524,,,2005-07-26T06:00:00,,0.11857616901397705,,,HYDRAULIC_PROXY; no surface-water depth coupling
25525,,,2005-07-26T06:00:00,,0.11857616901397705,,,HYDRAULIC_PROXY; no surface-water depth coupling
25526,,,2005-07-26T06:00:00,,0.11857616901397705,,,HYDRAULIC_PROXY; no surface-water depth coupling
25527,,,2005-07-26T06:00:00,,0.11857616901397705,,,HYDRAULIC_PROXY; no surface-water depth coupling
25528,,,2005-07-26T06:00:00,,0.7473715543746948,,,HYDRAULIC_PROXY; no surface-water depth coupling
25529,,,2005-07-26T06:00:00,,0.7473715543746948,,,HYDRAULIC_PROXY; no surface-water depth coupling
25530,,,2005-07-26T06:00:00,,0.7473715543746948,,,HYDRAULIC_PROXY; no surface-water depth coupling
25531,,,2005-07-26T06:00:00,,0.7473715543746948,,,HYDRAULIC_PROXY; no surface-water depth coupling
25532,,,2005-07-26T00:15:00,,0.0,,,HYDRAULIC_PROXY; no surface-water depth coupling
25778,,,2005-07-26T06:00:00,,1.3950077295303345,,,HYDRAULIC_PROXY; no surface-water depth coupling
25779,,,2005-07-26T06:00:00,,1.4199916124343872,,,HYDRAULIC_PROXY; no surface-water depth coupling
25780,,,2005-07-26T06:00:00,,1.4419728517532349,,,HYDRAULIC_PROXY; no surface-water depth coupling
25781,,,2005-07-26T06:00:00,,1.3638098239898682,,,HYDRAULIC_PROXY; no surface-water depth coupling
25782,,,2005-07-26T06:00:00,,1.2499760389328003,,,HYDRAULIC_PROXY; no surface-water depth coupling
25783,,,2005-07-26T06:00:00,,1.3953176736831665,,,HYDRAULIC_PROXY; no surface-water depth coupling
25784,,,2005-07-26T06:00:00,,1.4388760328292847,,,HYDRAULIC_PROXY; no surface-water depth coupling
25785,,,2005-07-26T06:00:00,,1.501554012298584,,,HYDRAULIC_PROXY; no surface-water depth coupling
25786,,,2005-07-26T06:00:00,,1.5022525787353516,,,HYDRAULIC_PROXY; no surface-water depth coupling
25787,,,2005-07-26T06:00:00,,1.502074122428894,,,HYDRAULIC_PROXY; no surface-water depth coupling
25788,,,2005-07-26T06:00:00,,1.5007230043411255,,,HYDRAULIC_PROXY; no surface-water depth coupling
25789,,,2005-07-26T06:00:00,,1.4978145360946655,,,HYDRAULIC_PROXY; no surface-water depth coupling
25790,,,2005-07-26T06:00:00,,1.2069929838180542,,,HYDRAULIC_PROXY; no surface-water depth coupling
25791,,,2005-07-26T06:00:00,,1.2144941091537476,,,HYDRAULIC_PROXY; no surface-water depth coupling
25792,,,2005-07-26T06:00:00,,1.2092130184173584,,,HYDRAULIC_PROXY; no surface-water depth coupling
25793,,,2005-07-26T06:00:00,,1.2092130184173584,,,HYDRAULIC_PROXY; no surface-water depth coupling
25794,,,2005-07-26T06:00:00,,1.2092130184173584,,,HYDRAULIC_PROXY; no surface-water depth coupling
25795,,,2005-07-26T06:00:00,,1.2092130184173584,,,HYDRAULIC_PROXY; no surface-water depth coupling
25796,,,2005-07-26T06:00:00,,1.2092130184173584,,,HYDRAULIC_PROXY; no surface-water depth coupling
25797,,,2005-07-26T06:00:00,,0.2521337866783142,,,HYDRAULIC_PROXY; no surface-water depth coupling
25798,,,2005-07-26T06:00:00,,0.2521337866783142,,,HYDRAULIC_PROXY; no surface-water depth coupling
25799,,,2005-07-26T06:00:00,,0.2521337866783142,,,HYDRAULIC_PROXY; no surface-water depth coupling
25800,,,2005-07-26T06:00:00,,0.2521337866783142,,,HYDRAULIC_PROXY; no surface-water depth coupling
25801,,,2005-07-26T06:00:00,,0.2521337866783142,,,HYDRAULIC_PROXY; no surface-water depth coupling
25802,,,2005-07-26T06:00:00,,0.2521337866783142,,,HYDRAULIC_PROXY; no surface-water depth coupling
25803,,,2005-07-26T06:00:00,,0.11857616901397705,,,HYDRAULIC_PROXY; no surface-water depth coupling
25804,,,2005-07-26T06:00:00,,0.7473715543746948,,,HYDRAULIC_PROXY; no surface-water depth coupling
25805,,,2005-07-26T06:00:00,,0.7473715543746948,,,HYDRAULIC_PROXY; no surface-water depth coupling
25806,,,2005-07-26T06:00:00,,0.7473715543746948,,,HYDRAULIC_PROXY; no surface-water depth coupling
25807,,,2005-07-26T06:00:00,,0.7473715543746948,,,HYDRAULIC_PROXY; no surface-water depth coupling
25808,,,2005-07-26T06:00:00,,0.7473715543746948,,,HYDRAULIC_PROXY; no surface-water depth coupling
25809,,,2005-07-26T06:00:00,,0.7712889909744263,,,HYDRAULIC_PROXY; no surface-water depth coupling
25810,,,2005-07-26T00:15:00,,0.0,,,HYDRAULIC_PROXY; no surface-water depth coupling
26054,,,2005-07-26T06:00:00,,1.321878433227539,,,HYDRAULIC_PROXY; no surface-water depth coupling
26055,,,2005-07-26T06:00:00,,1.3783870935440063,,,HYDRAULIC_PROXY; no surface-water depth coupling
26057,,,2005-07-26T06:00:00,,1.4559259414672852,,,HYDRAULIC_PROXY; no surface-water depth coupling
26058,,,2005-07-26T06:00:00,,0.5163910984992981,,,HYDRAULIC_PROXY; no surface-water depth coupling
26059,,,2005-07-26T06:00:00,,1.2499760389328003,,,HYDRAULIC_PROXY; no surface-water depth coupling
26060,,,2005-07-26T06:00:00,,1.3706755638122559,,,HYDRAULIC_PROXY; no surface-water depth coupling
26061,,,2005-07-26T06:00:00,,1.4388760328292847,,,HYDRAULIC_PROXY; no surface-water depth coupling
26062,,,2005-07-26T06:00:00,,1.5026575326919556,,,HYDRAULIC_PROXY; no surface-water depth coupling
26063,,,2005-07-26T06:00:00,,1.502074122428894,,,HYDRAULIC_PROXY; no surface-water depth coupling
26064,,,2005-07-26T06:00:00,,1.5007230043411255,,,HYDRAULIC_PROXY; no surface-water depth coupling
26065,,,2005-07-26T06:00:00,,1.4978145360946655,,,HYDRAULIC_PROXY; no surface-water depth coupling
26066,,,2005-07-26T06:00:00,,1.1646069288253784,,,HYDRAULIC_PROXY; no surface-water depth coupling
26067,,,2005-07-26T06:00:00,,1.2069929838180542,,,HYDRAULIC_PROXY; no surface-water depth coupling
26068,,,2005-07-26T06:00:00,,1.2144941091537476,,,HYDRAULIC_PROXY; no surface-water depth coupling
26069,,,2005-07-26T06:00:00,,1.2092130184173584,,,HYDRAULIC_PROXY; no surface-water depth coupling
26070,,,2005-07-26T06:00:00,,1.2092130184173584,,,HYDRAULIC_PROXY; no surface-water depth coupling
26071,,,2005-07-26T06:00:00,,1.2092130184173584,,,HYDRAULIC_PROXY; no surface-water depth coupling
26072,,,2005-07-26T06:00:00,,1.2092130184173584,,,HYDRAULIC_PROXY; no surface-water depth coupling
26073,,,2005-07-26T06:00:00,,1.2092130184173584,,,HYDRAULIC_PROXY; no surface-water depth coupling
26074,,,2005-07-26T06:00:00,,0.5971164703369141,,,HYDRAULIC_PROXY; no surface-water depth coupling
26075,,,2005-07-26T06:00:00,,0.2521337866783142,,,HYDRAULIC_PROXY; no surface-water depth coupling
26076,,,2005-07-26T06:00:00,,0.2521337866783142,,,HYDRAULIC_PROXY; no surface-water depth coupling
26077,,,2005-07-26T06:00:00,,0.2521337866783142,,,HYDRAULIC_PROXY; no surface-water depth coupling
26078,,,2005-07-26T06:00:00,,0.2521337866783142,,,HYDRAULIC_PROXY; no surface-water depth coupling
26079,,,2005-07-26T06:00:00,,0.2521337866783142,,,HYDRAULIC_PROXY; no surface-water depth coupling
26080,,,2005-07-26T06:00:00,,0.9394219517707825,,,HYDRAULIC_PROXY; no surface-water depth coupling
26081,,,2005-07-26T06:00:00,,0.9394219517707825,,,HYDRAULIC_PROXY; no surface-water depth coupling
26082,,,2005-07-26T06:00:00,,0.7473715543746948,,,HYDRAULIC_PROXY; no surface-water depth coupling
26083,,,2005-07-26T06:00:00,,0.7473715543746948,,,HYDRAULIC_PROXY; no surface-water depth coupling
26084,,,2005-07-26T06:00:00,,0.7473715543746948,,,HYDRAULIC_PROXY; no surface-water depth coupling
26085,,,2005-07-26T06:00:00,,0.7575448155403137,,,HYDRAULIC_PROXY; no surface-water depth coupling
26086,,,2005-07-26T06:00:00,,0.7991300225257874,,,HYDRAULIC_PROXY; no surface-water depth coupling
26087,,,2005-07-26T06:00:00,,0.6755167245864868,,,HYDRAULIC_PROXY; no surface-water depth coupling
26336,,,2005-07-26T06:00:00,,1.2499760389328003,,,HYDRAULIC_PROXY; no surface-water depth coupling
26337,,,2005-07-26T06:00:00,,1.342215895652771,,,HYDRAULIC_PROXY; no surface-water depth coupling
26338,,,2005-07-26T06:00:00,,1.4388760328292847,,,HYDRAULIC_PROXY; no surface-water depth coupling
26339,,,2005-07-26T06:00:00,,1.502074122428894,,,HYDRAULIC_PROXY; no surface-water depth coupling
26340,,,2005-07-26T06:00:00,,1.5029197931289673,,,HYDRAULIC_PROXY; no surface-water depth coupling
26341,,,2005-07-26T06:00:00,,1.4948980808258057,,,HYDRAULIC_PROXY; no surface-water depth coupling
26342,,,2005-07-26T06:00:00,,1.481001377105713,,,HYDRAULIC_PROXY; no surface-water depth coupling
26343,,,2005-07-26T06:00:00,,1.1173326969146729,,,HYDRAULIC_PROXY; no surface-water depth coupling
26344,,,2005-07-26T06:00:00,,1.1901533603668213,,,HYDRAULIC_PROXY; no surface-water depth coupling
26345,,,2005-07-26T06:00:00,,1.2144941091537476,,,HYDRAULIC_PROXY; no surface-water depth coupling
26346,,,2005-07-26T06:00:00,,1.2092130184173584,,,HYDRAULIC_PROXY; no surface-water depth coupling
26347,,,2005-07-26T06:00:00,,1.2092130184173584,,,HYDRAULIC_PROXY; no surface-water depth coupling
26348,,,2005-07-26T06:00:00,,1.2092130184173584,,,HYDRAULIC_PROXY; no surface-water depth coupling
26349,,,2005-07-26T06:00:00,,1.2092130184173584,,,HYDRAULIC_PROXY; no surface-water depth coupling
26350,,,2005-07-26T06:00:00,,1.2092130184173584,,,HYDRAULIC_PROXY; no surface-water depth coupling
26351,,,2005-07-26T06:00:00,,0.8509119153022766,,,HYDRAULIC_PROXY; no surface-water depth coupling
26352,,,2005-07-26T06:00:00,,0.4760337173938751,,,HYDRAULIC_PROXY; no surface-water depth coupling
26353,,,2005-07-26T06:00:00,,0.2521337866783142,,,HYDRAULIC_PROXY; no surface-water depth coupling
26354,,,2005-07-26T06:00:00,,0.2521337866783142,,,HYDRAULIC_PROXY; no surface-water depth coupling
26355,,,2005-07-26T06:00:00,,0.2521337866783142,,,HYDRAULIC_PROXY; no surface-water depth coupling
26356,,,2005-07-26T06:00:00,,0.2521337866783142,,,HYDRAULIC_PROXY; no surface-water depth coupling
26357,,,2005-07-26T06:00:00,,0.9394219517707825,,,HYDRAULIC_PROXY; no surface-water depth coupling
26358,,,2005-07-26T06:00:00,,0.9394219517707825,,,HYDRAULIC_PROXY; no surface-water depth coupling
26359,,,2005-07-26T06:00:00,,0.9394219517707825,,,HYDRAULIC_PROXY; no surface-water depth coupling
26360,,,2005-07-26T06:00:00,,0.7473715543746948,,,HYDRAULIC_PROXY; no surface-water depth coupling
26361,,,2005-07-26T06:00:00,,0.7473715543746948,,,HYDRAULIC_PROXY; no surface-water depth coupling
26362,,,2005-07-26T06:00:00,,0.7871601581573486,,,HYDRAULIC_PROXY; no surface-water depth coupling
26363,,,2005-07-26T06:00:00,,0.8170424103736877,,,HYDRAULIC_PROXY; no surface-water depth coupling
26364,,,2005-07-26T06:00:00,,0.7114887237548828,,,HYDRAULIC_PROXY; no surface-water depth coupling
26368,,,2005-07-26T06:00:00,,0.27311772108078003,,,HYDRAULIC_PROXY; no surface-water depth coupling
26369,,,2005-07-26T06:00:00,,0.8887417912483215,,,HYDRAULIC_PROXY; no surface-water depth coupling
26370,,,2005-07-26T06:00:00,,0.8887389898300171,,,HYDRAULIC_PROXY; no surface-water depth coupling
26613,,,2005-07-26T06:00:00,,1.289634108543396,,,HYDRAULIC_PROXY; no surface-water depth coupling
26614,,,2005-07-26T06:00:00,,1.3222050666809082,,,HYDRAULIC_PROXY; no surface-water depth coupling
26615,,,2005-07-26T06:00:00,,1.416986107826233,,,HYDRAULIC_PROXY; no surface-water depth coupling
26616,,,2005-07-26T06:00:00,,1.5029197931289673,,,HYDRAULIC_PROXY; no surface-water depth coupling
26617,,,2005-07-26T06:00:00,,1.4948980808258057,,,HYDRAULIC_PROXY; no surface-water depth coupling
26618,,,2005-07-26T05:45:00,,1.483933448791504,,,HYDRAULIC_PROXY; no surface-water depth coupling
26619,,,2005-07-26T06:00:00,,1.484771728515625,,,HYDRAULIC_PROXY; no surface-water depth coupling
26620,,,2005-07-26T06:00:00,,1.1173326969146729,,,HYDRAULIC_PROXY; no surface-water depth coupling
26621,,,2005-07-26T06:00:00,,1.1646069288253784,,,HYDRAULIC_PROXY; no surface-water depth coupling
26622,,,2005-07-26T06:00:00,,1.2069929838180542,,,HYDRAULIC_PROXY; no surface-water depth coupling
26623,,,2005-07-26T06:00:00,,1.2092130184173584,,,HYDRAULIC_PROXY; no surface-water depth coupling
26624,,,2005-07-26T06:00:00,,1.2092130184173584,,,HYDRAULIC_PROXY; no surface-water depth coupling
26625,,,2005-07-26T06:00:00,,1.2092130184173584,,,HYDRAULIC_PROXY; no surface-water depth coupling
26626,,,2005-07-26T06:00:00,,1.2092130184173584,,,HYDRAULIC_PROXY; no surface-water depth coupling
26627,,,2005-07-26T06:00:00,,1.3975110054016113,,,HYDRAULIC_PROXY; no surface-water depth coupling
26628,,,2005-07-26T06:00:00,,0.9770030379295349,,,HYDRAULIC_PROXY; no surface-water depth coupling
26629,,,2005-07-26T06:00:00,,0.7234948873519897,,,HYDRAULIC_PROXY; no surface-water depth coupling
26630,,,2005-07-26T06:00:00,,0.4760337173938751,,,HYDRAULIC_PROXY; no surface-water depth coupling
26631,,,2005-07-26T06:00:00,,0.2521337866783142,,,HYDRAULIC_PROXY; no surface-water depth coupling
26632,,,2005-07-26T06:00:00,,0.2521337866783142,,,HYDRAULIC_PROXY; no surface-water depth coupling
26633,,,2005-07-26T06:00:00,,0.2521337866783142,,,HYDRAULIC_PROXY; no surface-water depth coupling
26634,,,2005-07-26T06:00:00,,0.9394219517707825,,,HYDRAULIC_PROXY; no surface-water depth coupling
26635,,,2005-07-26T06:00:00,,0.9394219517707825,,,HYDRAULIC_PROXY; no surface-water depth coupling
26636,,,2005-07-26T06:00:00,,0.9394219517707825,,,HYDRAULIC_PROXY; no surface-water depth coupling
26637,,,2005-07-26T06:00:00,,0.9394219517707825,,,HYDRAULIC_PROXY; no surface-water depth coupling
26638,,,2005-07-26T06:00:00,,0.7871601581573486,,,HYDRAULIC_PROXY; no surface-water depth coupling
26639,,,2005-07-26T06:00:00,,0.8082374930381775,,,HYDRAULIC_PROXY; no surface-water depth coupling
26640,,,2005-07-26T06:00:00,,0.7313329577445984,,,HYDRAULIC_PROXY; no surface-water depth coupling
26641,,,2005-07-26T06:00:00,,0.832897961139679,,,HYDRAULIC_PROXY; no surface-water depth coupling
26642,,,2005-07-26T06:00:00,,0.27311772108078003,,,HYDRAULIC_PROXY; no surface-water depth coupling
26643,,,2005-07-26T06:00:00,,0.2203896939754486,,,HYDRAULIC_PROXY; no surface-water depth coupling
26644,,,2005-07-26T05:45:00,,0.34370332956314087,,,HYDRAULIC_PROXY; no surface-water depth coupling
26645,,,2005-07-26T05:45:00,,0.34370332956314087,,,HYDRAULIC_PROXY; no surface-water depth coupling
26646,,,2005-07-26T06:00:00,,0.8887417912483215,,,HYDRAULIC_PROXY; no surface-water depth coupling
26647,,,2005-07-26T06:00:00,,0.8887417912483215,,,HYDRAULIC_PROXY; no surface-water depth coupling
26648,,,2005-07-26T06:00:00,,0.8887417912483215,,,HYDRAULIC_PROXY; no surface-water depth coupling
26649,,,2005-07-26T06:00:00,,0.8701290488243103,,,HYDRAULIC_PROXY; no surface-water depth coupling
26650,,,2005-07-26T06:00:00,,0.8701290488243103,,,HYDRAULIC_PROXY; no surface-water depth coupling
26651,,,2005-07-26T06:00:00,,0.8701290488243103,,,HYDRAULIC_PROXY; no surface-water depth coupling
26652,,,2005-07-26T05:30:00,,1.095758080482483,,,HYDRAULIC_PROXY; no surface-water depth coupling
26653,,,2005-07-26T05:30:00,,1.095758080482483,,,HYDRAULIC_PROXY; no surface-water depth coupling
26654,,,2005-07-26T05:30:00,,1.095758080482483,,,HYDRAULIC_PROXY; no surface-water depth coupling
26655,,,2005-07-26T05:30:00,,1.095758080482483,,,HYDRAULIC_PROXY; no surface-water depth coupling
26656,,,2005-07-26T05:30:00,,0.7892816066741943,,,HYDRAULIC_PROXY; no surface-water depth coupling
26657,,,2005-07-26T05:30:00,,0.7892816066741943,,,HYDRAULIC_PROXY; no surface-water depth coupling
26658,,,2005-07-26T05:30:00,,0.7892816066741943,,,HYDRAULIC_PROXY; no surface-water depth coupling
26664,,,2005-07-26T06:00:00,,0.20383122563362122,,,HYDRAULIC_PROXY; no surface-water depth coupling
26888,,,2005-07-26T06:00:00,,0.05485878512263298,,,HYDRAULIC_PROXY; no surface-water depth coupling
26889,,,2005-07-26T06:00:00,,0.3327990174293518,,,HYDRAULIC_PROXY; no surface-water depth coupling
26890,,,2005-07-26T06:00:00,,0.3460119068622589,,,HYDRAULIC_PROXY; no surface-water depth coupling
26891,,,2005-07-26T05:45:00,,0.36664581298828125,,,HYDRAULIC_PROXY; no surface-water depth coupling
26892,,,2005-07-26T05:45:00,,0.9278547763824463,,,HYDRAULIC_PROXY; no surface-water depth coupling
26893,,,2005-07-26T06:00:00,,1.2370303869247437,,,HYDRAULIC_PROXY; no surface-water depth coupling
26894,,,2005-07-26T06:00:00,,1.547556757926941,,,HYDRAULIC_PROXY; no surface-water depth coupling
26895,,,2005-07-26T06:00:00,,1.0128889083862305,,,HYDRAULIC_PROXY; no surface-water depth coupling
26896,,,2005-07-26T06:00:00,,1.1646069288253784,,,HYDRAULIC_PROXY; no surface-water depth coupling
26897,,,2005-07-26T06:00:00,,1.2069929838180542,,,HYDRAULIC_PROXY; no surface-water depth coupling
26898,,,2005-07-26T06:00:00,,1.2092130184173584,,,HYDRAULIC_PROXY; no surface-water depth coupling
26899,,,2005-07-26T06:00:00,,1.2092130184173584,,,HYDRAULIC_PROXY; no surface-water depth coupling
26900,,,2005-07-26T06:00:00,,1.2092130184173584,,,HYDRAULIC_PROXY; no surface-water depth coupling
26901,,,2005-07-26T06:00:00,,1.4360036849975586,,,HYDRAULIC_PROXY; no surface-water depth coupling
26902,,,2005-07-26T06:00:00,,1.3975110054016113,,,HYDRAULIC_PROXY; no surface-water depth coupling
26903,,,2005-07-26T06:00:00,,1.2659544944763184,,,HYDRAULIC_PROXY; no surface-water depth coupling
26904,,,2005-07-26T06:00:00,,0.9770030379295349,,,HYDRAULIC_PROXY; no surface-water depth coupling
26905,,,2005-07-26T06:00:00,,0.7234948873519897,,,HYDRAULIC_PROXY; no surface-water depth coupling
26906,,,2005-07-26T06:00:00,,0.4760337173938751,,,HYDRAULIC_PROXY; no surface-water depth coupling
26907,,,2005-07-26T06:00:00,,0.2521337866783142,,,HYDRAULIC_PROXY; no surface-water depth coupling
26908,,,2005-07-26T06:00:00,,0.2521337866783142,,,HYDRAULIC_PROXY; no surface-water depth coupling
26909,,,2005-07-26T06:00:00,,0.9439095854759216,,,HYDRAULIC_PROXY; no surface-water depth coupling
26910,,,2005-07-26T06:00:00,,0.9394219517707825,,,HYDRAULIC_PROXY; no surface-water depth coupling
26911,,,2005-07-26T06:00:00,,0.9394219517707825,,,HYDRAULIC_PROXY; no surface-water depth coupling
26912,,,2005-07-26T06:00:00,,0.9394219517707825,,,HYDRAULIC_PROXY; no surface-water depth coupling
26913,,,2005-07-26T06:00:00,,0.9394219517707825,,,HYDRAULIC_PROXY; no surface-water depth coupling
26914,,,2005-07-26T06:00:00,,0.6264567971229553,,,HYDRAULIC_PROXY; no surface-water depth coupling
26915,,,2005-07-26T06:00:00,,0.54478520154953,,,HYDRAULIC_PROXY; no surface-water depth coupling
26916,,,2005-07-26T06:00:00,,0.5086374878883362,,,HYDRAULIC_PROXY; no surface-water depth coupling
26917,,,2005-07-26T04:45:00,,0.3375261425971985,,,HYDRAULIC_PROXY; no surface-water depth coupling
26918,,,2005-07-26T04:45:00,,0.35161447525024414,,,HYDRAULIC_PROXY; no surface-water depth coupling
26919,,,2005-07-26T05:45:00,,0.9512863755226135,,,HYDRAULIC_PROXY; no surface-water depth coupling
26920,,,2005-07-26T06:00:00,,1.192620038986206,,,HYDRAULIC_PROXY; no surface-water depth coupling
26921,,,2005-07-26T05:45:00,,1.1860642433166504,,,HYDRAULIC_PROXY; no surface-water depth coupling
26922,,,2005-07-26T06:00:00,,0.8230040669441223,,,HYDRAULIC_PROXY; no surface-water depth coupling
26923,,,2005-07-26T06:00:00,,0.8230040669441223,,,HYDRAULIC_PROXY; no surface-water depth coupling
26924,,,2005-07-26T05:30:00,,1.095758080482483,,,HYDRAULIC_PROXY; no surface-water depth coupling
26925,,,2005-07-26T05:30:00,,1.095758080482483,,,HYDRAULIC_PROXY; no surface-water depth coupling
26926,,,2005-07-26T05:30:00,,1.095758080482483,,,HYDRAULIC_PROXY; no surface-water depth coupling
26927,,,2005-07-26T05:30:00,,1.095758080482483,,,HYDRAULIC_PROXY; no surface-water depth coupling
26928,,,2005-07-26T05:30:00,,1.095758080482483,,,HYDRAULIC_PROXY; no surface-water depth coupling
26929,,,2005-07-26T05:30:00,,1.095758080482483,,,HYDRAULIC_PROXY; no surface-water depth coupling
26930,,,2005-07-26T06:00:00,,0.7846962809562683,,,HYDRAULIC_PROXY; no surface-water depth coupling
26931,,,2005-07-26T05:30:00,,0.7892816066741943,,,HYDRAULIC_PROXY; no surface-water depth coupling
26932,,,2005-07-26T05:30:00,,0.7892816066741943,,,HYDRAULIC_PROXY; no surface-water depth coupling
26933,,,2005-07-26T05:30:00,,0.7892816066741943,,,HYDRAULIC_PROXY; no surface-water depth coupling
26934,,,2005-07-26T05:30:00,,0.7892816066741943,,,HYDRAULIC_PROXY; no surface-water depth coupling
26939,,,2005-07-26T06:00:00,,0.20383122563362122,,,HYDRAULIC_PROXY; no surface-water depth coupling
26940,,,2005-07-26T06:00:00,,0.20383122563362122,,,HYDRAULIC_PROXY; no surface-water depth coupling
26941,,,2005-07-26T06:00:00,,0.20383121073246002,,,HYDRAULIC_PROXY; no surface-water depth coupling
27163,,,2005-07-26T06:00:00,,0.3103608191013336,,,HYDRAULIC_PROXY; no surface-water depth coupling
27164,,,2005-07-26T06:00:00,,0.3410045802593231,,,HYDRAULIC_PROXY; no surface-water depth coupling
27165,,,2005-07-26T06:00:00,,0.3559960722923279,,,HYDRAULIC_PROXY; no surface-water depth coupling
27166,,,2005-07-26T05:45:00,,0.5255653858184814,,,HYDRAULIC_PROXY; no surface-water depth coupling
27167,,,2005-07-26T05:45:00,,1.1370797157287598,,,HYDRAULIC_PROXY; no surface-water depth coupling
27168,,,2005-07-26T06:00:00,,1.5374959707260132,,,HYDRAULIC_PROXY; no surface-water depth coupling
27169,,,2005-07-26T06:00:00,,1.5641443729400635,,,HYDRAULIC_PROXY; no surface-water depth coupling
27170,,,2005-07-26T06:00:00,,1.5714391469955444,,,HYDRAULIC_PROXY; no surface-water depth coupling
27171,,,2005-07-26T06:00:00,,1.1901533603668213,,,HYDRAULIC_PROXY; no surface-water depth coupling
27172,,,2005-07-26T06:00:00,,1.2092130184173584,,,HYDRAULIC_PROXY; no surface-water depth coupling
27173,,,2005-07-26T06:00:00,,1.2092130184173584,,,HYDRAULIC_PROXY; no surface-water depth coupling
27174,,,2005-07-26T06:00:00,,1.4778167009353638,,,HYDRAULIC_PROXY; no surface-water depth coupling
27175,,,2005-07-26T06:00:00,,1.4457942247390747,,,HYDRAULIC_PROXY; no surface-water depth coupling
27176,,,2005-07-26T06:00:00,,1.3975110054016113,,,HYDRAULIC_PROXY; no surface-water depth coupling
27177,,,2005-07-26T06:00:00,,1.3975110054016113,,,HYDRAULIC_PROXY; no surface-water depth coupling
27178,,,2005-07-26T06:00:00,,1.2659544944763184,,,HYDRAULIC_PROXY; no surface-water depth coupling
27179,,,2005-07-26T06:00:00,,0.9770030379295349,,,HYDRAULIC_PROXY; no surface-water depth coupling
27180,,,2005-07-26T06:00:00,,0.7234948873519897,,,HYDRAULIC_PROXY; no surface-water depth coupling
27181,,,2005-07-26T06:00:00,,0.4760337173938751,,,HYDRAULIC_PROXY; no surface-water depth coupling
27182,,,2005-07-26T06:00:00,,0.2521337866783142,,,HYDRAULIC_PROXY; no surface-water depth coupling
27183,,,2005-07-26T06:00:00,,0.9638622403144836,,,HYDRAULIC_PROXY; no surface-water depth coupling
27184,,,2005-07-26T06:00:00,,0.9520184397697449,,,HYDRAULIC_PROXY; no surface-water depth coupling
27185,,,2005-07-26T06:00:00,,0.9386573433876038,,,HYDRAULIC_PROXY; no surface-water depth coupling
27186,,,2005-07-26T06:00:00,,0.9433650970458984,,,HYDRAULIC_PROXY; no surface-water depth coupling
27187,,,2005-07-26T06:00:00,,0.9427352547645569,,,HYDRAULIC_PROXY; no surface-water depth coupling
27188,,,2005-07-26T06:00:00,,0.5803295373916626,,,HYDRAULIC_PROXY; no surface-water depth coupling
27189,,,2005-07-26T06:00:00,,0.5571632981300354,,,HYDRAULIC_PROXY; no surface-water depth coupling
27190,,,2005-07-26T06:00:00,,0.5571632981300354,,,HYDRAULIC_PROXY; no surface-water depth coupling
27191,,,2005-07-26T06:00:00,,0.908553957939148,,,HYDRAULIC_PROXY; no surface-water depth coupling
27192,,,2005-07-26T06:00:00,,0.908553957939148,,,HYDRAULIC_PROXY; no surface-water depth coupling
27193,,,2005-07-26T06:00:00,,1.0353119373321533,,,HYDRAULIC_PROXY; no surface-water depth coupling
27194,,,2005-07-26T06:00:00,,1.1706221103668213,,,HYDRAULIC_PROXY; no surface-water depth coupling
27195,,,2005-07-26T05:30:00,,0.7690881490707397,,,HYDRAULIC_PROXY; no surface-water depth coupling
27196,,,2005-07-26T06:00:00,,0.8230040669441223,,,HYDRAULIC_PROXY; no surface-water depth coupling
27197,,,2005-07-26T06:00:00,,0.8230040669441223,,,HYDRAULIC_PROXY; no surface-water depth coupling
27198,,,2005-07-26T06:00:00,,1.067254662513733,,,HYDRAULIC_PROXY; no surface-water depth coupling
27199,,,2005-07-26T06:00:00,,1.067254662513733,,,HYDRAULIC_PROXY; no surface-water depth coupling
27200,,,2005-07-26T05:30:00,,1.095758080482483,,,HYDRAULIC_PROXY; no surface-water depth coupling
27201,,,2005-07-26T05:30:00,,1.095758080482483,,,HYDRAULIC_PROXY; no surface-water depth coupling
27202,,,2005-07-26T06:00:00,,0.7846962809562683,,,HYDRAULIC_PROXY; no surface-water depth coupling
27203,,,2005-07-26T06:00:00,,0.7846962809562683,,,HYDRAULIC_PROXY; no surface-water depth coupling
27204,,,2005-07-26T06:00:00,,0.7846962809562683,,,HYDRAULIC_PROXY; no surface-water depth coupling
27205,,,2005-07-26T05:30:00,,0.7892816066741943,,,HYDRAULIC_PROXY; no surface-water depth coupling
27206,,,2005-07-26T05:30:00,,0.7892816066741943,,,HYDRAULIC_PROXY; no surface-water depth coupling
27207,,,2005-07-26T05:30:00,,0.7892816066741943,,,HYDRAULIC_PROXY; no surface-water depth coupling
27208,,,2005-07-26T05:30:00,,0.7892816066741943,,,HYDRAULIC_PROXY; no surface-water depth coupling
27209,,,2005-07-26T05:30:00,,0.7892816066741943,,,HYDRAULIC_PROXY; no surface-water depth coupling
27212,,,2005-07-26T05:45:00,,0.6103578805923462,,,HYDRAULIC_PROXY; no surface-water depth coupling
27213,,,2005-07-26T06:00:00,,0.20383122563362122,,,HYDRAULIC_PROXY; no surface-water depth coupling
27214,,,2005-07-26T06:00:00,,0.20383122563362122,,,HYDRAULIC_PROXY; no surface-water depth coupling
27215,,,2005-07-26T06:00:00,,0.20383122563362122,,,HYDRAULIC_PROXY; no surface-water depth coupling
27216,,,2005-07-26T06:00:00,,0.20383121073246002,,,HYDRAULIC_PROXY; no surface-water depth coupling
27217,,,2005-07-26T06:00:00,,0.20383121073246002,,,HYDRAULIC_PROXY; no surface-water depth coupling
27436,,,2005-07-26T06:00:00,,0.2431192249059677,,,HYDRAULIC_PROXY; no surface-water depth coupling
27437,,,2005-07-26T06:00:00,,0.3327990174293518,,,HYDRAULIC_PROXY; no surface-water depth coupling
27438,,,2005-07-26T06:00:00,,0.3460119068622589,,,HYDRAULIC_PROXY; no surface-water depth coupling
27439,,,2005-07-26T05:45:00,,0.36664581298828125,,,HYDRAULIC_PROXY; no surface-water depth coupling
27440,,,2005-07-26T05:45:00,,0.9278547763824463,,,HYDRAULIC_PROXY; no surface-water depth coupling
27441,,,2005-07-26T06:00:00,,1.5725593566894531,,,HYDRAULIC_PROXY; no surface-water depth coupling
27442,,,2005-07-26T06:00:00,,1.581045150756836,,,HYDRAULIC_PROXY; no surface-water depth coupling
27443,,,2005-07-26T06:00:00,,1.572896122932434,,,HYDRAULIC_PROXY; no surface-water depth coupling
27444,,,2005-07-26T06:00:00,,1.5729602575302124,,,HYDRAULIC_PROXY; no surface-water depth coupling
27445,,,2005-07-26T06:00:00,,1.557814598083496,,,HYDRAULIC_PROXY; no surface-water depth coupling
27446,,,2005-07-26T06:00:00,,1.4968795776367188,,,HYDRAULIC_PROXY; no surface-water depth coupling
27447,,,2005-07-26T06:00:00,,1.4778167009353638,,,HYDRAULIC_PROXY; no surface-water depth coupling
27448,,,2005-07-26T06:00:00,,1.4542346000671387,,,HYDRAULIC_PROXY; no surface-water depth coupling
27449,,,2005-07-26T06:00:00,,1.425539255142212,,,HYDRAULIC_PROXY; no surface-water depth coupling
27450,,,2005-07-26T06:00:00,,1.3975110054016113,,,HYDRAULIC_PROXY; no surface-water depth coupling
27451,,,2005-07-26T06:00:00,,0.9488608241081238,,,HYDRAULIC_PROXY; no surface-water depth coupling
27452,,,2005-07-26T06:00:00,,1.2153034210205078,,,HYDRAULIC_PROXY; no surface-water depth coupling
27453,,,2005-07-26T06:00:00,,0.9770030379295349,,,HYDRAULIC_PROXY; no surface-water depth coupling
27454,,,2005-07-26T06:00:00,,0.7234948873519897,,,HYDRAULIC_PROXY; no surface-water depth coupling
27455,,,2005-07-26T06:00:00,,0.17002473771572113,,,HYDRAULIC_PROXY; no surface-water depth coupling
27456,,,2005-07-26T06:00:00,,0.992689847946167,,,HYDRAULIC_PROXY; no surface-water depth coupling
27457,,,2005-07-26T06:00:00,,0.992689847946167,,,HYDRAULIC_PROXY; no surface-water depth coupling
27458,,,2005-07-26T06:00:00,,0.9720927476882935,,,HYDRAULIC_PROXY; no surface-water depth coupling
27459,,,2005-07-26T06:00:00,,0.8680059313774109,,,HYDRAULIC_PROXY; no surface-water depth coupling
27460,,,2005-07-26T06:00:00,,0.5580126047134399,,,HYDRAULIC_PROXY; no surface-water depth coupling
27461,,,2005-07-26T06:00:00,,0.5580126047134399,,,HYDRAULIC_PROXY; no surface-water depth coupling
27462,,,2005-07-26T06:00:00,,0.5580126047134399,,,HYDRAULIC_PROXY; no surface-water depth coupling
27463,,,2005-07-26T06:00:00,,0.5205551981925964,,,HYDRAULIC_PROXY; no surface-water depth coupling
27464,,,2005-07-26T06:00:00,,0.908553957939148,,,HYDRAULIC_PROXY; no surface-water depth coupling
27465,,,2005-07-26T06:00:00,,1.1121277809143066,,,HYDRAULIC_PROXY; no surface-water depth coupling
27466,,,2005-07-26T06:00:00,,1.1121277809143066,,,HYDRAULIC_PROXY; no surface-water depth coupling
27467,,,2005-07-26T05:45:00,,1.1860642433166504,,,HYDRAULIC_PROXY; no surface-water depth coupling
27468,,,2005-07-26T05:45:00,,0.6937408447265625,,,HYDRAULIC_PROXY; no surface-water depth coupling
27469,,,2005-07-26T06:00:00,,0.7602843046188354,,,HYDRAULIC_PROXY; no surface-water depth coupling
27470,,,2005-07-26T06:00:00,,0.737540066242218,,,HYDRAULIC_PROXY; no surface-water depth coupling
27471,,,2005-07-26T06:00:00,,1.067254662513733,,,HYDRAULIC_PROXY; no surface-water depth coupling
27472,,,2005-07-26T06:00:00,,1.067254662513733,,,HYDRAULIC_PROXY; no surface-water depth coupling
27473,,,2005-07-26T06:00:00,,1.2428218126296997,,,HYDRAULIC_PROXY; no surface-water depth coupling
27474,,,2005-07-26T06:00:00,,0.7846962809562683,,,HYDRAULIC_PROXY; no surface-water depth coupling
27475,,,2005-07-26T06:00:00,,0.7846962809562683,,,HYDRAULIC_PROXY; no surface-water depth coupling
27476,,,2005-07-26T06:00:00,,0.7846962809562683,,,HYDRAULIC_PROXY; no surface-water depth coupling
27477,,,2005-07-26T06:00:00,,0.7846962809562683,,,HYDRAULIC_PROXY; no surface-water depth coupling
27478,,,2005-07-26T05:30:00,,0.7892816066741943,,,HYDRAULIC_PROXY; no surface-water depth coupling
27479,,,2005-07-26T05:30:00,,0.7892816066741943,,,HYDRAULIC_PROXY; no surface-water depth coupling
27480,,,2005-07-26T05:30:00,,0.7892816066741943,,,HYDRAULIC_PROXY; no surface-water depth coupling
27481,,,2005-07-26T05:30:00,,0.7892816066741943,,,HYDRAULIC_PROXY; no surface-water depth coupling
27482,,,2005-07-26T05:15:00,,0.826954185962677,,,HYDRAULIC_PROXY; no surface-water depth coupling
27483,,,2005-07-26T05:45:00,,0.6103578805923462,,,HYDRAULIC_PROXY; no surface-water depth coupling
27484,,,2005-07-26T05:45:00,,0.6460298895835876,,,HYDRAULIC_PROXY; no surface-water depth coupling
27485,,,2005-07-26T05:45:00,,0.6460298895835876,,,HYDRAULIC_PROXY; no surface-water depth coupling
27486,,,2005-07-26T06:00:00,,0.9504031538963318,,,HYDRAULIC_PROXY; no surface-water depth coupling
27487,,,2005-07-26T06:00:00,,0.20383122563362122,,,HYDRAULIC_PROXY; no surface-water depth coupling
27488,,,2005-07-26T06:00:00,,0.20383122563362122,,,HYDRAULIC_PROXY; no surface-water depth coupling
27489,,,2005-07-26T06:00:00,,0.20383121073246002,,,HYDRAULIC_PROXY; no surface-water depth coupling
27490,,,2005-07-26T06:00:00,,0.20383121073246002,,,HYDRAULIC_PROXY; no surface-water depth coupling
27709,,,2005-07-26T07:45:00,,1.1873892545700073,,,HYDRAULIC_PROXY; no surface-water depth coupling
27710,,,2005-07-26T06:00:00,,0.3559960722923279,,,HYDRAULIC_PROXY; no surface-water depth coupling
27711,,,2005-07-26T06:00:00,,1.5714391469955444,,,HYDRAULIC_PROXY; no surface-water depth coupling
27712,,,2005-07-26T06:00:00,,1.5725176334381104,,,HYDRAULIC_PROXY; no surface-water depth coupling
27713,,,2005-07-26T06:00:00,,1.572896122932434,,,HYDRAULIC_PROXY; no surface-water depth coupling
27714,,,2005-07-26T06:00:00,,1.5592278242111206,,,HYDRAULIC_PROXY; no surface-water depth coupling
27715,,,2005-07-26T06:00:00,,1.5572214126586914,,,HYDRAULIC_PROXY; no surface-water depth coupling
27716,,,2005-07-26T06:00:00,,1.5562723875045776,,,HYDRAULIC_PROXY; no surface-water depth coupling
27717,,,2005-07-26T06:00:00,,1.5024802684783936,,,HYDRAULIC_PROXY; no surface-water depth coupling
27718,,,2005-07-26T06:00:00,,1.4900425672531128,,,HYDRAULIC_PROXY; no surface-water depth coupling
27719,,,2005-07-26T06:00:00,,1.4701426029205322,,,HYDRAULIC_PROXY; no surface-water depth coupling
27720,,,2005-07-26T06:00:00,,1.4457942247390747,,,HYDRAULIC_PROXY; no surface-water depth coupling
27721,,,2005-07-26T06:00:00,,1.415940284729004,,,HYDRAULIC_PROXY; no surface-water depth coupling
27722,,,2005-07-26T06:00:00,,0.9465723633766174,,,HYDRAULIC_PROXY; no surface-water depth coupling
27723,,,2005-07-26T06:00:00,,1.044381856918335,,,HYDRAULIC_PROXY; no surface-water depth coupling
27724,,,2005-07-26T06:00:00,,1.0676697492599487,,,HYDRAULIC_PROXY; no surface-water depth coupling
27725,,,2005-07-26T06:00:00,,1.085182785987854,,,HYDRAULIC_PROXY; no surface-water depth coupling
27726,,,2005-07-26T06:00:00,,0.9925468564033508,,,HYDRAULIC_PROXY; no surface-water depth coupling
27727,,,2005-07-26T06:00:00,,0.9617754220962524,,,HYDRAULIC_PROXY; no surface-water depth coupling
27728,,,2005-07-26T06:00:00,,0.9059057831764221,,,HYDRAULIC_PROXY; no surface-water depth coupling
27729,,,2005-07-26T06:00:00,,0.8771507740020752,,,HYDRAULIC_PROXY; no surface-water depth coupling
27730,,,2005-07-26T06:00:00,,0.8680059313774109,,,HYDRAULIC_PROXY; no surface-water depth coupling
27731,,,2005-07-26T06:00:00,,0.8680059313774109,,,HYDRAULIC_PROXY; no surface-water depth coupling
27732,,,2005-07-26T06:00:00,,0.11898468434810638,,,HYDRAULIC_PROXY; no surface-water depth coupling
27733,,,2005-07-26T06:00:00,,0.17701150476932526,,,HYDRAULIC_PROXY; no surface-water depth coupling
27734,,,2005-07-26T06:00:00,,0.17701150476932526,,,HYDRAULIC_PROXY; no surface-water depth coupling
27735,,,2005-07-26T06:00:00,,0.17701150476932526,,,HYDRAULIC_PROXY; no surface-water depth coupling
27736,,,2005-07-26T06:00:00,,1.1121277809143066,,,HYDRAULIC_PROXY; no surface-water depth coupling
27737,,,2005-07-26T06:00:00,,1.0982826948165894,,,HYDRAULIC_PROXY; no surface-water depth coupling
27738,,,2005-07-26T05:30:00,,0.7690881490707397,,,HYDRAULIC_PROXY; no surface-water depth coupling
27739,,,2005-07-26T05:45:00,,0.9593121409416199,,,HYDRAULIC_PROXY; no surface-water depth coupling
27740,,,2005-07-26T06:00:00,,0.7105531692504883,,,HYDRAULIC_PROXY; no surface-water depth coupling
27741,,,2005-07-26T06:00:00,,0.12347782403230667,,,HYDRAULIC_PROXY; no surface-water depth coupling
27742,,,2005-07-26T06:00:00,,1.0944747924804688,,,HYDRAULIC_PROXY; no surface-water depth coupling
27743,,,2005-07-26T06:00:00,,1.2428218126296997,,,HYDRAULIC_PROXY; no surface-water depth coupling
27744,,,2005-07-26T06:00:00,,0.8669857382774353,,,HYDRAULIC_PROXY; no surface-water depth coupling
27745,,,2005-07-26T06:00:00,,0.7846962809562683,,,HYDRAULIC_PROXY; no surface-water depth coupling
27746,,,2005-07-26T06:00:00,,0.7846962809562683,,,HYDRAULIC_PROXY; no surface-water depth coupling
27747,,,2005-07-26T06:00:00,,0.7846962809562683,,,HYDRAULIC_PROXY; no surface-water depth coupling
27748,,,2005-07-26T06:00:00,,0.7846962809562683,,,HYDRAULIC_PROXY; no surface-water depth coupling
27749,,,2005-07-26T06:00:00,,0.7846962809562683,,,HYDRAULIC_PROXY; no surface-water depth coupling
27750,,,2005-07-26T05:30:00,,0.7892816066741943,,,HYDRAULIC_PROXY; no surface-water depth coupling
27751,,,2005-07-26T05:45:00,,0.6103578805923462,,,HYDRAULIC_PROXY; no surface-water depth coupling
27752,,,2005-07-26T06:00:00,,0.7934619784355164,,,HYDRAULIC_PROXY; no surface-water depth coupling
27753,,,2005-07-26T05:00:00,,0.8211632370948792,,,HYDRAULIC_PROXY; no surface-water depth coupling
27754,,,2005-07-26T05:00:00,,0.8211632370948792,,,HYDRAULIC_PROXY; no surface-water depth coupling
27755,,,2005-07-26T05:30:00,,0.8324652314186096,,,HYDRAULIC_PROXY; no surface-water depth coupling
27756,,,2005-07-26T06:00:00,,0.9504031538963318,,,HYDRAULIC_PROXY; no surface-water depth coupling
27757,,,2005-07-26T06:00:00,,0.9504031538963318,,,HYDRAULIC_PROXY; no surface-water depth coupling
27758,,,2005-07-26T05:30:00,,0.9704543352127075,,,HYDRAULIC_PROXY; no surface-water depth coupling
27759,,,2005-07-26T05:30:00,,0.9704543352127075,,,HYDRAULIC_PROXY; no surface-water depth coupling
27760,,,2005-07-26T05:45:00,,1.0498316287994385,,,HYDRAULIC_PROXY; no surface-water depth coupling
27761,,,2005-07-26T05:45:00,,1.0498316287994385,,,HYDRAULIC_PROXY; no surface-water depth coupling
27981,,,2005-07-26T07:45:00,,1.0443463325500488,,,HYDRAULIC_PROXY; no surface-water depth coupling
27982,,,2005-07-26T06:00:00,,1.5729602575302124,,,HYDRAULIC_PROXY; no surface-water depth coupling
27983,,,2005-07-26T06:00:00,,1.5591628551483154,,,HYDRAULIC_PROXY; no surface-water depth coupling
27984,,,2005-07-26T06:00:00,,1.5572214126586914,,,HYDRAULIC_PROXY; no surface-water depth coupling
27985,,,2005-07-26T06:00:00,,1.5409616231918335,,,HYDRAULIC_PROXY; no surface-water depth coupling
27986,,,2005-07-26T06:00:00,,1.5416896343231201,,,HYDRAULIC_PROXY; no surface-water depth coupling
27987,,,2005-07-26T06:00:00,,1.508372187614441,,,HYDRAULIC_PROXY; no surface-water depth coupling
27988,,,2005-07-26T06:00:00,,1.4968795776367188,,,HYDRAULIC_PROXY; no surface-water depth coupling
27989,,,2005-07-26T06:00:00,,0.8987787365913391,,,HYDRAULIC_PROXY; no surface-water depth coupling
27990,,,2005-07-26T06:00:00,,0.8891170024871826,,,HYDRAULIC_PROXY; no surface-water depth coupling
27991,,,2005-07-26T06:00:00,,0.8889357447624207,,,HYDRAULIC_PROXY; no surface-water depth coupling
27992,,,2005-07-26T06:00:00,,0.8768054842948914,,,HYDRAULIC_PROXY; no surface-water depth coupling
27993,,,2005-07-26T06:00:00,,1.0676697492599487,,,HYDRAULIC_PROXY; no surface-water depth coupling
27994,,,2005-07-26T06:00:00,,1.0936917066574097,,,HYDRAULIC_PROXY; no surface-water depth coupling
27995,,,2005-07-26T06:00:00,,1.1067744493484497,,,HYDRAULIC_PROXY; no surface-water depth coupling
27996,,,2005-07-26T06:00:00,,1.0720696449279785,,,HYDRAULIC_PROXY; no surface-water depth coupling
27997,,,2005-07-26T06:00:00,,0.9925468564033508,,,HYDRAULIC_PROXY; no surface-water depth coupling
27998,,,2005-07-26T06:00:00,,0.8940790891647339,,,HYDRAULIC_PROXY; no surface-water depth coupling
27999,,,2005-07-26T05:45:00,,0.3448297083377838,,,HYDRAULIC_PROXY; no surface-water depth coupling
28000,,,2005-07-26T06:00:00,,0.36391931772232056,,,HYDRAULIC_PROXY; no surface-water depth coupling
28001,,,2005-07-26T06:00:00,,0.36391931772232056,,,HYDRAULIC_PROXY; no surface-water depth coupling
28002,,,2005-07-26T06:00:00,,0.17701150476932526,,,HYDRAULIC_PROXY; no surface-water depth coupling
28003,,,2005-07-26T06:00:00,,0.17701150476932526,,,HYDRAULIC_PROXY; no surface-water depth coupling
28004,,,2005-07-26T06:00:00,,0.17701150476932526,,,HYDRAULIC_PROXY; no surface-water depth coupling
28005,,,2005-07-26T06:00:00,,0.17701150476932526,,,HYDRAULIC_PROXY; no surface-water depth coupling
28006,,,2005-07-26T06:00:00,,1.0982826948165894,,,HYDRAULIC_PROXY; no surface-water depth coupling
28007,,,2005-07-26T06:00:00,,1.0982826948165894,,,HYDRAULIC_PROXY; no surface-water depth coupling
28008,,,2005-07-26T05:45:00,,0.9593121409416199,,,HYDRAULIC_PROXY; no surface-water depth coupling
28009,,,2005-07-26T05:15:00,,0.767159640789032,,,HYDRAULIC_PROXY; no surface-water depth coupling
28010,,,2005-07-26T06:00:00,,0.6450952887535095,,,HYDRAULIC_PROXY; no surface-water depth coupling
28011,,,2005-07-26T06:00:00,,0.6513572335243225,,,HYDRAULIC_PROXY; no surface-water depth coupling
28012,,,2005-07-26T06:00:00,,0.7184493541717529,,,HYDRAULIC_PROXY; no surface-water depth coupling
28013,,,2005-07-26T06:00:00,,1.2428218126296997,,,HYDRAULIC_PROXY; no surface-water depth coupling
28014,,,2005-07-26T06:00:00,,0.8669857382774353,,,HYDRAULIC_PROXY; no surface-water depth coupling
28015,,,2005-07-26T06:00:00,,0.7846962809562683,,,HYDRAULIC_PROXY; no surface-water depth coupling
28016,,,2005-07-26T06:00:00,,0.7846962809562683,,,HYDRAULIC_PROXY; no surface-water depth coupling
28017,,,2005-07-26T06:00:00,,0.7846962809562683,,,HYDRAULIC_PROXY; no surface-water depth coupling
28018,,,2005-07-26T06:00:00,,0.7846962809562683,,,HYDRAULIC_PROXY; no surface-water depth coupling
28019,,,2005-07-26T06:00:00,,0.7846962809562683,,,HYDRAULIC_PROXY; no surface-water depth coupling
28020,,,2005-07-26T05:30:00,,0.8324652314186096,,,HYDRAULIC_PROXY; no surface-water depth coupling
28021,,,2005-07-26T05:30:00,,0.8667234778404236,,,HYDRAULIC_PROXY; no surface-water depth coupling
28022,,,2005-07-26T05:30:00,,0.8667234778404236,,,HYDRAULIC_PROXY; no surface-water depth coupling
28023,,,2005-07-26T05:30:00,,1.0233087539672852,,,HYDRAULIC_PROXY; no surface-water depth coupling
28024,,,2005-07-26T05:30:00,,1.1490488052368164,,,HYDRAULIC_PROXY; no surface-water depth coupling
28025,,,2005-07-26T05:45:00,,0.9168671369552612,,,HYDRAULIC_PROXY; no surface-water depth coupling
28026,,,2005-07-26T06:00:00,,0.9449958205223083,,,HYDRAULIC_PROXY; no surface-water depth coupling
28027,,,2005-07-26T05:30:00,,0.9704543352127075,,,HYDRAULIC_PROXY; no surface-water depth coupling
28028,,,2005-07-26T05:30:00,,0.9907029271125793,,,HYDRAULIC_PROXY; no surface-water depth coupling
28029,,,2005-07-26T05:45:00,,1.0498316287994385,,,HYDRAULIC_PROXY; no surface-water depth coupling
28030,,,2005-07-26T05:45:00,,1.0498316287994385,,,HYDRAULIC_PROXY; no surface-water depth coupling
28031,,,2005-07-26T05:45:00,,1.0498316287994385,,,HYDRAULIC_PROXY; no surface-water depth coupling
28032,,,2005-07-26T06:00:00,,0.6602503061294556,,,HYDRAULIC_PROXY; no surface-water depth coupling
28253,,,2005-07-26T06:00:00,,1.557814598083496,,,HYDRAULIC_PROXY; no surface-water depth coupling
28254,,,2005-07-26T06:00:00,,1.5586248636245728,,,HYDRAULIC_PROXY; no surface-water depth coupling
28255,,,2005-07-26T06:00:00,,1.5400322675704956,,,HYDRAULIC_PROXY; no surface-water depth coupling
28256,,,2005-07-26T06:00:00,,1.5362303256988525,,,HYDRAULIC_PROXY; no surface-water depth coupling
28257,,,2005-07-26T06:00:00,,1.5462510585784912,,,HYDRAULIC_PROXY; no surface-water depth coupling
28258,,,2005-07-26T06:00:00,,1.0570682287216187,,,HYDRAULIC_PROXY; no surface-water depth coupling
28259,,,2005-07-26T06:00:00,,0.8854543566703796,,,HYDRAULIC_PROXY; no surface-water depth coupling
28260,,,2005-07-26T06:00:00,,0.8988942503929138,,,HYDRAULIC_PROXY; no surface-water depth coupling
28261,,,2005-07-26T06:00:00,,0.8929483890533447,,,HYDRAULIC_PROXY; no surface-water depth coupling
28262,,,2005-07-26T06:00:00,,0.8925650119781494,,,HYDRAULIC_PROXY; no surface-water depth coupling
28263,,,2005-07-26T06:00:00,,0.8768054842948914,,,HYDRAULIC_PROXY; no surface-water depth coupling
28264,,,2005-07-26T06:00:00,,1.1002134084701538,,,HYDRAULIC_PROXY; no surface-water depth coupling
28265,,,2005-07-26T06:00:00,,1.1067744493484497,,,HYDRAULIC_PROXY; no surface-water depth coupling
28266,,,2005-07-26T06:00:00,,1.1239486932754517,,,HYDRAULIC_PROXY; no surface-water depth coupling
28267,,,2005-07-26T06:00:00,,1.0984607934951782,,,HYDRAULIC_PROXY; no surface-water depth coupling
28268,,,2005-07-26T06:00:00,,1.0677740573883057,,,HYDRAULIC_PROXY; no surface-water depth coupling
28269,,,2005-07-26T06:00:00,,1.0500487089157104,,,HYDRAULIC_PROXY; no surface-water depth coupling
28270,,,2005-07-26T06:00:00,,0.4290560185909271,,,HYDRAULIC_PROXY; no surface-water depth coupling
28271,,,2005-07-26T06:00:00,,0.4290560185909271,,,HYDRAULIC_PROXY; no surface-water depth coupling
28272,,,2005-07-26T06:00:00,,0.9012966156005859,,,HYDRAULIC_PROXY; no surface-water depth coupling
28273,,,2005-07-26T05:45:00,,0.33539703488349915,,,HYDRAULIC_PROXY; no surface-water depth coupling
28274,,,2005-07-26T06:00:00,,0.17701150476932526,,,HYDRAULIC_PROXY; no surface-water depth coupling
28275,,,2005-07-26T06:00:00,,0.17701150476932526,,,HYDRAULIC_PROXY; no surface-water depth coupling
28276,,,2005-07-26T06:00:00,,0.17701150476932526,,,HYDRAULIC_PROXY; no surface-water depth coupling
28277,,,2005-07-26T06:00:00,,0.2773943245410919,,,HYDRAULIC_PROXY; no surface-water depth coupling
28278,,,2005-07-26T06:00:00,,0.4428277611732483,,,HYDRAULIC_PROXY; no surface-water depth coupling
28279,,,2005-07-26T06:00:00,,0.4428277611732483,,,HYDRAULIC_PROXY; no surface-water depth coupling
28280,,,2005-07-26T06:00:00,,0.7811213731765747,,,HYDRAULIC_PROXY; no surface-water depth coupling
28281,,,2005-07-26T06:00:00,,0.7811213731765747,,,HYDRAULIC_PROXY; no surface-water depth coupling
28282,,,2005-07-26T06:00:00,,0.46450352668762207,,,HYDRAULIC_PROXY; no surface-water depth coupling
28283,,,2005-07-26T06:00:00,,0.46450352668762207,,,HYDRAULIC_PROXY; no surface-water depth coupling
28284,,,2005-07-26T06:00:00,,0.8663852214813232,,,HYDRAULIC_PROXY; no surface-water depth coupling
28285,,,2005-07-26T06:00:00,,0.8886168599128723,,,HYDRAULIC_PROXY; no surface-water depth coupling
28286,,,2005-07-26T06:00:00,,0.881270706653595,,,HYDRAULIC_PROXY; no surface-water depth coupling
28287,,,2005-07-26T06:00:00,,0.7846962809562683,,,HYDRAULIC_PROXY; no surface-water depth coupling
28288,,,2005-07-26T06:00:00,,0.7846962809562683,,,HYDRAULIC_PROXY; no surface-water depth coupling
28289,,,2005-07-26T06:00:00,,0.7846962809562683,,,HYDRAULIC_PROXY; no surface-water depth coupling
28290,,,2005-07-26T06:00:00,,0.7846962809562683,,,HYDRAULIC_PROXY; no surface-water depth coupling
28291,,,2005-07-26T05:30:00,,1.1490488052368164,,,HYDRAULIC_PROXY; no surface-water depth coupling
28292,,,2005-07-26T05:30:00,,1.1490488052368164,,,HYDRAULIC_PROXY; no surface-water depth coupling
28293,,,2005-07-26T05:30:00,,1.1490488052368164,,,HYDRAULIC_PROXY; no surface-water depth coupling
28294,,,2005-07-26T05:30:00,,1.1490488052368164,,,HYDRAULIC_PROXY; no surface-water depth coupling
28295,,,2005-07-26T05:30:00,,1.1490488052368164,,,HYDRAULIC_PROXY; no surface-water depth coupling
28296,,,2005-07-26T06:00:00,,1.1448915004730225,,,HYDRAULIC_PROXY; no surface-water depth coupling
28297,,,2005-07-26T05:30:00,,0.9833124876022339,,,HYDRAULIC_PROXY; no surface-water depth coupling
28298,,,2005-07-26T05:30:00,,0.9907029271125793,,,HYDRAULIC_PROXY; no surface-water depth coupling
28299,,,2005-07-26T05:45:00,,0.9810497164726257,,,HYDRAULIC_PROXY; no surface-water depth coupling
28300,,,2005-07-26T05:45:00,,1.0498316287994385,,,HYDRAULIC_PROXY; no surface-water depth coupling
28301,,,2005-07-26T05:45:00,,1.0498316287994385,,,HYDRAULIC_PROXY; no surface-water depth coupling
28302,,,2005-07-26T05:45:00,,1.0498316287994385,,,HYDRAULIC_PROXY; no surface-water depth coupling
28303,,,2005-07-26T06:00:00,,0.6602503061294556,,,HYDRAULIC_PROXY; no surface-water depth coupling
28304,,,2005-07-26T06:00:00,,0.5115281939506531,,,HYDRAULIC_PROXY; no surface-water depth coupling
28305,,,2005-07-26T06:00:00,,0.5514799356460571,,,HYDRAULIC_PROXY; no surface-water depth coupling
28331,,,2005-07-26T06:00:00,,0.7821197509765625,,,HYDRAULIC_PROXY; no surface-water depth coupling
28526,,,2005-07-26T06:00:00,,1.5400322675704956,,,HYDRAULIC_PROXY; no surface-water depth coupling
28527,,,2005-07-26T06:00:00,,1.5362303256988525,,,HYDRAULIC_PROXY; no surface-water depth coupling
28528,,,2005-07-26T06:00:00,,1.547613263130188,,,HYDRAULIC_PROXY; no surface-water depth coupling
28529,,,2005-07-26T06:00:00,,1.5455917119979858,,,HYDRAULIC_PROXY; no surface-water depth coupling
28530,,,2005-07-26T06:00:00,,1.5514854192733765,,,HYDRAULIC_PROXY; no surface-water depth coupling
28531,,,2005-07-26T06:00:00,,1.5664480924606323,,,HYDRAULIC_PROXY; no surface-water depth coupling
28532,,,2005-07-26T06:00:00,,1.5711092948913574,,,HYDRAULIC_PROXY; no surface-water depth coupling
28533,,,2005-07-26T06:00:00,,1.5671430826187134,,,HYDRAULIC_PROXY; no surface-water depth coupling
28534,,,2005-07-26T06:00:00,,1.572080373764038,,,HYDRAULIC_PROXY; no surface-water depth coupling
28535,,,2005-07-26T06:00:00,,1.5658637285232544,,,HYDRAULIC_PROXY; no surface-water depth coupling
28536,,,2005-07-26T06:00:00,,1.5629475116729736,,,HYDRAULIC_PROXY; no surface-water depth coupling
28537,,,2005-07-26T06:00:00,,0.1686827391386032,,,HYDRAULIC_PROXY; no surface-water depth coupling
28538,,,2005-07-26T06:00:00,,0.11692093312740326,,,HYDRAULIC_PROXY; no surface-water depth coupling
28539,,,2005-07-26T05:30:00,,0.2171178162097931,,,HYDRAULIC_PROXY; no surface-water depth coupling
28540,,,2005-07-26T06:00:00,,0.7447084188461304,,,HYDRAULIC_PROXY; no surface-water depth coupling
28541,,,2005-07-26T05:45:00,,0.7565581798553467,,,HYDRAULIC_PROXY; no surface-water depth coupling
28542,,,2005-07-26T06:00:00,,0.8143802881240845,,,HYDRAULIC_PROXY; no surface-water depth coupling
28543,,,2005-07-26T06:00:00,,0.9049888849258423,,,HYDRAULIC_PROXY; no surface-water depth coupling
28544,,,2005-07-26T05:45:00,,0.33539703488349915,,,HYDRAULIC_PROXY; no surface-water depth coupling
28545,,,2005-07-26T06:00:00,,0.9012966156005859,,,HYDRAULIC_PROXY; no surface-water depth coupling
28546,,,2005-07-26T06:00:00,,0.9012966156005859,,,HYDRAULIC_PROXY; no surface-water depth coupling
28547,,,2005-07-26T06:00:00,,0.9012966156005859,,,HYDRAULIC_PROXY; no surface-water depth coupling
28548,,,2005-07-26T06:00:00,,0.470223993062973,,,HYDRAULIC_PROXY; no surface-water depth coupling
28549,,,2005-07-26T06:00:00,,0.353394478559494,,,HYDRAULIC_PROXY; no surface-water depth coupling
28550,,,2005-07-26T06:00:00,,0.4428277611732483,,,HYDRAULIC_PROXY; no surface-water depth coupling
28551,,,2005-07-26T06:00:00,,0.2773943245410919,,,HYDRAULIC_PROXY; no surface-water depth coupling
28552,,,2005-07-26T06:00:00,,0.4428277611732483,,,HYDRAULIC_PROXY; no surface-water depth coupling
28553,,,2005-07-26T06:00:00,,0.7146895527839661,,,HYDRAULIC_PROXY; no surface-water depth coupling
28554,,,2005-07-26T06:00:00,,0.6813822388648987,,,HYDRAULIC_PROXY; no surface-water depth coupling
28555,,,2005-07-26T06:00:00,,0.5161658525466919,,,HYDRAULIC_PROXY; no surface-water depth coupling
28556,,,2005-07-26T04:15:00,,4.74399995803833,,2005-07-26T04:15:00,HYDRAULIC_PROXY; no surface-water depth coupling
28557,,,2005-07-26T06:00:00,,0.881270706653595,,,HYDRAULIC_PROXY; no surface-water depth coupling
28558,,,2005-07-26T06:00:00,,0.881270706653595,,,HYDRAULIC_PROXY; no surface-water depth coupling
28559,,,2005-07-26T06:00:00,,0.881270706653595,,,HYDRAULIC_PROXY; no surface-water depth coupling
28560,,,2005-07-26T06:00:00,,0.7846962809562683,,,HYDRAULIC_PROXY; no surface-water depth coupling
28561,,,2005-07-26T06:00:00,,0.7846962809562683,,,HYDRAULIC_PROXY; no surface-water depth coupling
28562,,,2005-07-26T06:00:00,,2.062697649002075,,,HYDRAULIC_PROXY; no surface-water depth coupling
28563,,,2005-07-26T05:30:00,,1.1490488052368164,,,HYDRAULIC_PROXY; no surface-water depth coupling
28564,,,2005-07-26T05:30:00,,1.1490488052368164,,,HYDRAULIC_PROXY; no surface-water depth coupling
28565,,,2005-07-26T05:30:00,,1.1490488052368164,,,HYDRAULIC_PROXY; no surface-water depth coupling
28566,,,2005-07-26T06:00:00,,1.0849347114562988,,,HYDRAULIC_PROXY; no surface-water depth coupling
28567,,,2005-07-26T06:00:00,,1.0849347114562988,,,HYDRAULIC_PROXY; no surface-water depth coupling
28568,,,2005-07-26T06:00:00,,1.0849347114562988,,,HYDRAULIC_PROXY; no surface-water depth coupling
28569,,,2005-07-26T05:30:00,,0.9777112007141113,,,HYDRAULIC_PROXY; no surface-water depth coupling
28570,,,2005-07-26T05:30:00,,0.9019364714622498,,,HYDRAULIC_PROXY; no surface-water depth coupling
28571,,,2005-07-26T05:45:00,,1.0498316287994385,,,HYDRAULIC_PROXY; no surface-water depth coupling
28572,,,2005-07-26T05:45:00,,1.0498316287994385,,,HYDRAULIC_PROXY; no surface-water depth coupling
28573,,,2005-07-26T06:00:00,,1.330099105834961,,,HYDRAULIC_PROXY; no surface-water depth coupling
28574,,,2005-07-26T06:00:00,,0.6602503061294556,,,HYDRAULIC_PROXY; no surface-water depth coupling
28575,,,2005-07-26T06:00:00,,0.6602503061294556,,,HYDRAULIC_PROXY; no surface-water depth coupling
28576,,,2005-07-26T06:00:00,,0.280376136302948,,,HYDRAULIC_PROXY; no surface-water depth coupling
28577,,,2005-07-26T06:00:00,,0.5514799356460571,,,HYDRAULIC_PROXY; no surface-water depth coupling
28578,,,2005-07-26T06:00:00,,0.6253394484519958,,,HYDRAULIC_PROXY; no surface-water depth coupling
28584,,,2005-07-26T06:00:00,,1.2692618370056152,,,HYDRAULIC_PROXY; no surface-water depth coupling
28602,,,2005-07-26T06:00:00,,0.7821197509765625,,,HYDRAULIC_PROXY; no surface-water depth coupling
28603,,,2005-07-26T06:00:00,,0.7821197509765625,,,HYDRAULIC_PROXY; no surface-water depth coupling
28801,,,2005-07-26T06:00:00,,1.5455917119979858,,,HYDRAULIC_PROXY; no surface-water depth coupling
28802,,,2005-07-26T05:45:00,,1.5456942319869995,,,HYDRAULIC_PROXY; no surface-water depth coupling
28803,,,2005-07-26T06:00:00,,1.5514854192733765,,,HYDRAULIC_PROXY; no surface-water depth coupling
28804,,,2005-07-26T06:00:00,,1.56732976436615,,,HYDRAULIC_PROXY; no surface-water depth coupling
28805,,,2005-07-26T06:00:00,,1.5658130645751953,,,HYDRAULIC_PROXY; no surface-water depth coupling
28806,,,2005-07-26T06:00:00,,1.5696088075637817,,,HYDRAULIC_PROXY; no surface-water depth coupling
28807,,,2005-07-26T06:00:00,,1.562129020690918,,,HYDRAULIC_PROXY; no surface-water depth coupling
28808,,,2005-07-26T06:00:00,,1.5744718313217163,,,HYDRAULIC_PROXY; no surface-water depth coupling
28809,,,2005-07-26T06:00:00,,1.569158911705017,,,HYDRAULIC_PROXY; no surface-water depth coupling
28810,,,2005-07-26T06:00:00,,1.5629475116729736,,,HYDRAULIC_PROXY; no surface-water depth coupling
28811,,,2005-07-26T06:00:00,,0.09267127513885498,,,HYDRAULIC_PROXY; no surface-water depth coupling
28812,,,2005-07-26T05:30:00,,1.2599172592163086,,,HYDRAULIC_PROXY; no surface-water depth coupling
28813,,,2005-07-26T06:00:00,,0.11395970731973648,,,HYDRAULIC_PROXY; no surface-water depth coupling
28814,,,2005-07-26T06:00:00,,0.7061641812324524,,,HYDRAULIC_PROXY; no surface-water depth coupling
28815,,,2005-07-26T05:45:00,,0.7565581798553467,,,HYDRAULIC_PROXY; no surface-water depth coupling
28816,,,2005-07-26T05:45:00,,0.8178117871284485,,,HYDRAULIC_PROXY; no surface-water depth coupling
28817,,,2005-07-26T05:45:00,,0.8162491321563721,,,HYDRAULIC_PROXY; no surface-water depth coupling
28818,,,2005-07-26T06:00:00,,0.8611650466918945,,,HYDRAULIC_PROXY; no surface-water depth coupling
28819,,,2005-07-26T06:00:00,,0.9012966156005859,,,HYDRAULIC_PROXY; no surface-water depth coupling
28820,,,2005-07-26T06:00:00,,0.8038260340690613,,,HYDRAULIC_PROXY; no surface-water depth coupling
28821,,,2005-07-26T06:00:00,,0.8478468060493469,,,HYDRAULIC_PROXY; no surface-water depth coupling
28822,,,2005-07-26T06:00:00,,0.40619027614593506,,,HYDRAULIC_PROXY; no surface-water depth coupling
28823,,,2005-07-26T06:00:00,,0.5061327815055847,,,HYDRAULIC_PROXY; no surface-water depth coupling
28824,,,2005-07-26T06:00:00,,0.353394478559494,,,HYDRAULIC_PROXY; no surface-water depth coupling
28825,,,2005-07-26T06:00:00,,0.4428277611732483,,,HYDRAULIC_PROXY; no surface-water depth coupling
28826,,,2005-07-26T06:00:00,,0.4428277611732483,,,HYDRAULIC_PROXY; no surface-water depth coupling
28827,,,2005-07-26T06:00:00,,0.6813822388648987,,,HYDRAULIC_PROXY; no surface-water depth coupling
28828,,,2005-07-26T06:00:00,,0.15009064972400665,,,HYDRAULIC_PROXY; no surface-water depth coupling
28829,,,2005-07-26T06:00:00,,0.6060248613357544,,,HYDRAULIC_PROXY; no surface-water depth coupling
28830,,,2005-07-26T04:15:00,,4.74399995803833,,2005-07-26T04:15:00,HYDRAULIC_PROXY; no surface-water depth coupling
28831,,,2005-07-26T04:15:00,,7.05545711517334,,,HYDRAULIC_PROXY; no surface-water depth coupling
28832,,,2005-07-26T04:15:00,,7.05545711517334,,,HYDRAULIC_PROXY; no surface-water depth coupling
28833,,,2005-07-26T04:15:00,,7.05545711517334,,,HYDRAULIC_PROXY; no surface-water depth coupling
28834,,,2005-07-26T06:00:00,,2.062697649002075,,,HYDRAULIC_PROXY; no surface-water depth coupling
28835,,,2005-07-26T06:00:00,,2.062697649002075,,,HYDRAULIC_PROXY; no surface-water depth coupling
28836,,,2005-07-26T06:00:00,,2.062697649002075,,,HYDRAULIC_PROXY; no surface-water depth coupling
28837,,,2005-07-26T06:00:00,,2.062697649002075,,,HYDRAULIC_PROXY; no surface-water depth coupling
28838,,,2005-07-26T06:00:00,,1.0849347114562988,,,HYDRAULIC_PROXY; no surface-water depth coupling
28839,,,2005-07-26T06:00:00,,1.0849347114562988,,,HYDRAULIC_PROXY; no surface-water depth coupling
28840,,,2005-07-26T06:00:00,,1.0849347114562988,,,HYDRAULIC_PROXY; no surface-water depth coupling
28841,,,2005-07-26T06:00:00,,1.0849347114562988,,,HYDRAULIC_PROXY; no surface-water depth coupling
28842,,,2005-07-26T06:00:00,,1.0849347114562988,,,HYDRAULIC_PROXY; no surface-water depth coupling
28843,,,2005-07-26T05:30:00,,0.9907159805297852,,,HYDRAULIC_PROXY; no surface-water depth coupling
28844,,,2005-07-26T06:00:00,,1.1546889543533325,,,HYDRAULIC_PROXY; no surface-water depth coupling
28845,,,2005-07-26T06:00:00,,1.330099105834961,,,HYDRAULIC_PROXY; no surface-water depth coupling
28846,,,2005-07-26T06:00:00,,1.3433729410171509,,,HYDRAULIC_PROXY; no surface-water depth coupling
28847,,,2005-07-26T06:00:00,,0.6602503061294556,,,HYDRAULIC_PROXY; no surface-water depth coupling
28848,,,2005-07-26T06:00:00,,0.6602503061294556,,,HYDRAULIC_PROXY; no surface-water depth coupling
28849,,,2005-07-26T06:00:00,,0.5115281939506531,,,HYDRAULIC_PROXY; no surface-water depth coupling
28850,,,2005-07-26T06:00:00,,0.5514799356460571,,,HYDRAULIC_PROXY; no surface-water depth coupling
28851,,,2005-07-26T06:00:00,,0.5514799356460571,,,HYDRAULIC_PROXY; no surface-water depth coupling
28852,,,2005-07-26T06:00:00,,0.6253394484519958,,,HYDRAULIC_PROXY; no surface-water depth coupling
28853,,,2005-07-26T06:00:00,,0.6253394484519958,,,HYDRAULIC_PROXY; no surface-water depth coupling
28857,,,2005-07-26T06:00:00,,1.2692618370056152,,,HYDRAULIC_PROXY; no surface-water depth coupling
28858,,,2005-07-26T06:00:00,,1.303439736366272,,,HYDRAULIC_PROXY; no surface-water depth coupling
28859,,,2005-07-26T05:30:00,,1.6837036609649658,,,HYDRAULIC_PROXY; no surface-water depth coupling
28863,,,2005-07-26T06:00:00,,0.5766308307647705,,,HYDRAULIC_PROXY; no surface-water depth coupling
28864,,,2005-07-26T06:00:00,,0.5766308307647705,,,HYDRAULIC_PROXY; no surface-water depth coupling
28865,,,2005-07-26T06:00:00,,0.6763825416564941,,,HYDRAULIC_PROXY; no surface-water depth coupling
28866,,,2005-07-26T06:00:00,,0.8731352686882019,,,HYDRAULIC_PROXY; no surface-water depth coupling
28867,,,2005-07-26T06:00:00,,0.8934478759765625,,,HYDRAULIC_PROXY; no surface-water depth coupling
28875,,,2005-07-26T06:00:00,,0.7821197509765625,,,HYDRAULIC_PROXY; no surface-water depth coupling
28876,,,2005-07-26T06:00:00,,0.7821197509765625,,,HYDRAULIC_PROXY; no surface-water depth coupling
28877,,,2005-07-26T06:00:00,,0.7821197509765625,,,HYDRAULIC_PROXY; no surface-water depth coupling
29079,,,2005-07-26T06:00:00,,1.56732976436615,,,HYDRAULIC_PROXY; no surface-water depth coupling
29080,,,2005-07-26T06:00:00,,1.5680500268936157,,,HYDRAULIC_PROXY; no surface-water depth coupling
29081,,,2005-07-26T06:00:00,,1.5711092948913574,,,HYDRAULIC_PROXY; no surface-water depth coupling
29082,,,2005-07-26T06:00:00,,1.5641242265701294,,,HYDRAULIC_PROXY; no surface-water depth coupling
29083,,,2005-07-26T06:00:00,,1.5649775266647339,,,HYDRAULIC_PROXY; no surface-water depth coupling
29084,,,2005-07-26T06:00:00,,1.5856956243515015,,,HYDRAULIC_PROXY; no surface-water depth coupling
29085,,,2005-07-26T06:00:00,,1.5744718313217163,,,HYDRAULIC_PROXY; no surface-water depth coupling
29086,,,2005-07-26T06:00:00,,1.5658637285232544,,,HYDRAULIC_PROXY; no surface-water depth coupling
29087,,,2005-07-26T06:00:00,,1.5497536659240723,,,HYDRAULIC_PROXY; no surface-water depth coupling
29088,,,2005-07-26T06:00:00,,1.5464266538619995,,,HYDRAULIC_PROXY; no surface-water depth coupling
29089,,,2005-07-26T05:30:00,,1.2599172592163086,,,HYDRAULIC_PROXY; no surface-water depth coupling
29090,,,2005-07-26T06:00:00,,0.7061641812324524,,,HYDRAULIC_PROXY; no surface-water depth coupling
29091,,,2005-07-26T06:00:00,,0.7971590161323547,,,HYDRAULIC_PROXY; no surface-water depth coupling
29092,,,2005-07-26T05:45:00,,0.8162491321563721,,,HYDRAULIC_PROXY; no surface-water depth coupling
29093,,,2005-07-26T05:45:00,,0.8140830993652344,,,HYDRAULIC_PROXY; no surface-water depth coupling
29094,,,2005-07-26T06:00:00,,0.8597599267959595,,,HYDRAULIC_PROXY; no surface-water depth coupling
29095,,,2005-07-26T06:00:00,,0.8016282916069031,,,HYDRAULIC_PROXY; no surface-water depth coupling
29096,,,2005-07-26T06:00:00,,0.8123533725738525,,,HYDRAULIC_PROXY; no surface-water depth coupling
29097,,,2005-07-26T06:00:00,,0.4629541337490082,,,HYDRAULIC_PROXY; no surface-water depth coupling
29098,,,2005-07-26T06:00:00,,0.446523517370224,,,HYDRAULIC_PROXY; no surface-water depth coupling
29099,,,2005-07-26T06:00:00,,0.4080074727535248,,,HYDRAULIC_PROXY; no surface-water depth coupling
29100,,,2005-07-26T06:00:00,,0.40619027614593506,,,HYDRAULIC_PROXY; no surface-water depth coupling
29101,,,2005-07-26T06:00:00,,0.5061327815055847,,,HYDRAULIC_PROXY; no surface-water depth coupling
29102,,,2005-07-26T06:00:00,,0.470223993062973,,,HYDRAULIC_PROXY; no surface-water depth coupling
29103,,,2005-07-26T06:00:00,,0.15009064972400665,,,HYDRAULIC_PROXY; no surface-water depth coupling
29104,,,2005-07-26T06:00:00,,0.15009064972400665,,,HYDRAULIC_PROXY; no surface-water depth coupling
29105,,,2005-07-26T04:15:00,,4.74399995803833,,2005-07-26T04:15:00,HYDRAULIC_PROXY; no surface-water depth coupling
29106,,,2005-07-26T05:15:00,,6.894309997558594,,,HYDRAULIC_PROXY; no surface-water depth coupling
29107,,,2005-07-26T06:00:00,,6.9500274658203125,,,HYDRAULIC_PROXY; no surface-water depth coupling
29108,,,2005-07-26T06:00:00,,6.9500274658203125,,,HYDRAULIC_PROXY; no surface-water depth coupling
29109,,,2005-07-26T06:00:00,,6.9500274658203125,,,HYDRAULIC_PROXY; no surface-water depth coupling
29110,,,2005-07-26T06:00:00,,2.062697649002075,,,HYDRAULIC_PROXY; no surface-water depth coupling
29111,,,2005-07-26T06:00:00,,2.062697649002075,,,HYDRAULIC_PROXY; no surface-water depth coupling
29112,,,2005-07-26T06:00:00,,2.062697649002075,,,HYDRAULIC_PROXY; no surface-water depth coupling
29113,,,2005-07-26T06:00:00,,2.062697649002075,,,HYDRAULIC_PROXY; no surface-water depth coupling
29114,,,2005-07-26T06:00:00,,2.062697649002075,,,HYDRAULIC_PROXY; no surface-water depth coupling
29115,,,2005-07-26T06:00:00,,1.0849347114562988,,,HYDRAULIC_PROXY; no surface-water depth coupling
29116,,,2005-07-26T06:00:00,,1.0849347114562988,,,HYDRAULIC_PROXY; no surface-water depth coupling
29117,,,2005-07-26T06:00:00,,1.0849347114562988,,,HYDRAULIC_PROXY; no surface-water depth coupling
29118,,,2005-07-26T05:30:00,,0.9907159805297852,,,HYDRAULIC_PROXY; no surface-water depth coupling
29119,,,2005-07-26T06:00:00,,1.254112720489502,,,HYDRAULIC_PROXY; no surface-water depth coupling
29120,,,2005-07-26T05:45:00,,1.163499116897583,,,HYDRAULIC_PROXY; no surface-water depth coupling
29121,,,2005-07-26T05:45:00,,1.163499116897583,,,HYDRAULIC_PROXY; no surface-water depth coupling
29122,,,2005-07-26T06:00:00,,0.5956040024757385,,,HYDRAULIC_PROXY; no surface-water depth coupling
29123,,,2005-07-26T06:00:00,,0.6602503061294556,,,HYDRAULIC_PROXY; no surface-water depth coupling
29124,,,2005-07-26T06:00:00,,0.6602503061294556,,,HYDRAULIC_PROXY; no surface-water depth coupling
29125,,,2005-07-26T06:00:00,,0.280376136302948,,,HYDRAULIC_PROXY; no surface-water depth coupling
29126,,,2005-07-26T06:00:00,,0.5514799356460571,,,HYDRAULIC_PROXY; no surface-water depth coupling
29127,,,2005-07-26T06:00:00,,0.6253394484519958,,,HYDRAULIC_PROXY; no surface-water depth coupling
29128,,,2005-07-26T06:00:00,,0.6253394484519958,,,HYDRAULIC_PROXY; no surface-water depth coupling
29129,,,2005-07-26T06:00:00,,0.5977409482002258,,,HYDRAULIC_PROXY; no surface-water depth coupling
29130,,,2005-07-26T06:00:00,,0.5977409482002258,,,HYDRAULIC_PROXY; no surface-water depth coupling
29131,,,2005-07-26T06:00:00,,1.4410300254821777,,,HYDRAULIC_PROXY; no surface-water depth coupling
29132,,,2005-07-26T06:00:00,,1.5191954374313354,,,HYDRAULIC_PROXY; no surface-water depth coupling
29133,,,2005-07-26T06:00:00,,1.2692618370056152,,,HYDRAULIC_PROXY; no surface-water depth coupling
29134,,,2005-07-26T06:00:00,,1.303439736366272,,,HYDRAULIC_PROXY; no surface-water depth coupling
29135,,,2005-07-26T05:30:00,,1.6837036609649658,,,HYDRAULIC_PROXY; no surface-water depth coupling
29136,,,2005-07-26T05:30:00,,2.197981834411621,,,HYDRAULIC_PROXY; no surface-water depth coupling
29137,,,2005-07-26T05:30:00,,2.197981834411621,,,HYDRAULIC_PROXY; no surface-water depth coupling
29138,,,2005-07-26T05:30:00,,2.197981834411621,,,HYDRAULIC_PROXY; no surface-water depth coupling
29139,,,2005-07-26T05:30:00,,2.197981834411621,,,HYDRAULIC_PROXY; no surface-water depth coupling
29140,,,2005-07-26T05:30:00,,2.197981834411621,,,HYDRAULIC_PROXY; no surface-water depth coupling
29141,,,2005-07-26T05:30:00,,2.197981834411621,,,HYDRAULIC_PROXY; no surface-water depth coupling
29142,,,2005-07-26T06:00:00,,0.8731352686882019,,,HYDRAULIC_PROXY; no surface-water depth coupling
29143,,,2005-07-26T06:00:00,,0.8934478759765625,,,HYDRAULIC_PROXY; no surface-water depth coupling
29144,,,2005-07-26T06:00:00,,0.8934478759765625,,,HYDRAULIC_PROXY; no surface-water depth coupling
29148,,,2005-07-26T06:00:00,,0.7821197509765625,,,HYDRAULIC_PROXY; no surface-water depth coupling
29149,,,2005-07-26T06:00:00,,0.7821197509765625,,,HYDRAULIC_PROXY; no surface-water depth coupling
29150,,,2005-07-26T06:00:00,,0.7821197509765625,,,HYDRAULIC_PROXY; no surface-water depth coupling
29151,,,2005-07-26T06:00:00,,0.7821197509765625,,,HYDRAULIC_PROXY; no surface-water depth coupling
29152,,,2005-07-26T06:00:00,,0.7821197509765625,,,HYDRAULIC_PROXY; no surface-water depth coupling
29357,,,2005-07-26T06:00:00,,1.5658130645751953,,,HYDRAULIC_PROXY; no surface-water depth coupling
29358,,,2005-07-26T06:00:00,,1.5696088075637817,,,HYDRAULIC_PROXY; no surface-water depth coupling
29359,,,2005-07-26T06:00:00,,1.562129020690918,,,HYDRAULIC_PROXY; no surface-water depth coupling
29360,,,2005-07-26T06:00:00,,1.3292142152786255,,,HYDRAULIC_PROXY; no surface-water depth coupling
29361,,,2005-07-26T06:00:00,,1.5841785669326782,,,HYDRAULIC_PROXY; no surface-water depth coupling
29362,,,2005-07-26T06:00:00,,0.6696959733963013,,,HYDRAULIC_PROXY; no surface-water depth coupling
29363,,,2005-07-26T06:00:00,,0.6667185425758362,,,HYDRAULIC_PROXY; no surface-water depth coupling
29364,,,2005-07-26T06:00:00,,0.8787129521369934,,,HYDRAULIC_PROXY; no surface-water depth coupling
29365,,,2005-07-26T06:00:00,,0.8591410517692566,,,HYDRAULIC_PROXY; no surface-water depth coupling
29366,,,2005-07-26T06:00:00,,0.8591410517692566,,,HYDRAULIC_PROXY; no surface-water depth coupling
29367,,,2005-07-26T06:00:00,,0.8591410517692566,,,HYDRAULIC_PROXY; no surface-water depth coupling
29368,,,2005-07-26T06:00:00,,0.8623947501182556,,,HYDRAULIC_PROXY; no surface-water depth coupling
29369,,,2005-07-26T06:00:00,,0.8610721230506897,,,HYDRAULIC_PROXY; no surface-water depth coupling
29370,,,2005-07-26T06:00:00,,0.8061404228210449,,,HYDRAULIC_PROXY; no surface-water depth coupling
29371,,,2005-07-26T06:00:00,,0.8523793816566467,,,HYDRAULIC_PROXY; no surface-water depth coupling
29372,,,2005-07-26T06:00:00,,0.8592153191566467,,,HYDRAULIC_PROXY; no surface-water depth coupling
29373,,,2005-07-26T06:00:00,,0.8318378925323486,,,HYDRAULIC_PROXY; no surface-water depth coupling
29374,,,2005-07-26T06:00:00,,0.6086925268173218,,,HYDRAULIC_PROXY; no surface-water depth coupling
29375,,,2005-07-26T06:00:00,,0.6208893656730652,,,HYDRAULIC_PROXY; no surface-water depth coupling
29376,,,2005-07-26T06:00:00,,0.5718901753425598,,,HYDRAULIC_PROXY; no surface-water depth coupling
29377,,,2005-07-26T06:00:00,,0.5454816222190857,,,HYDRAULIC_PROXY; no surface-water depth coupling
29378,,,2005-07-26T06:00:00,,0.5454816222190857,,,HYDRAULIC_PROXY; no surface-water depth coupling
29379,,,2005-07-26T06:00:00,,0.3259732127189636,,,HYDRAULIC_PROXY; no surface-water depth coupling
29380,,,2005-07-26T06:00:00,,0.3262362778186798,,,HYDRAULIC_PROXY; no surface-water depth coupling
29381,,,2005-07-26T06:00:00,,0.22895391285419464,,,HYDRAULIC_PROXY; no surface-water depth coupling
29382,,,2005-07-26T05:15:00,,6.894309997558594,,,HYDRAULIC_PROXY; no surface-water depth coupling
29383,,,2005-07-26T05:15:00,,2.5925803184509277,,,HYDRAULIC_PROXY; no surface-water depth coupling
29384,,,2005-07-26T05:15:00,,2.5925803184509277,,,HYDRAULIC_PROXY; no surface-water depth coupling
29385,,,2005-07-26T05:15:00,,2.5925803184509277,,,HYDRAULIC_PROXY; no surface-water depth coupling
29386,,,2005-07-26T06:00:00,,2.062697649002075,,,HYDRAULIC_PROXY; no surface-water depth coupling
29387,,,2005-07-26T06:00:00,,2.062697649002075,,,HYDRAULIC_PROXY; no surface-water depth coupling
29388,,,2005-07-26T06:00:00,,2.062697649002075,,,HYDRAULIC_PROXY; no surface-water depth coupling
29389,,,2005-07-26T06:00:00,,2.062697649002075,,,HYDRAULIC_PROXY; no surface-water depth coupling
29390,,,2005-07-26T06:00:00,,2.062697649002075,,,HYDRAULIC_PROXY; no surface-water depth coupling
29391,,,2005-07-26T06:00:00,,2.062697649002075,,,HYDRAULIC_PROXY; no surface-water depth coupling
29392,,,2005-07-26T06:00:00,,1.0849347114562988,,,HYDRAULIC_PROXY; no surface-water depth coupling
29393,,,2005-07-26T06:00:00,,1.0849347114562988,,,HYDRAULIC_PROXY; no surface-water depth coupling
29394,,,2005-07-26T06:00:00,,1.0849347114562988,,,HYDRAULIC_PROXY; no surface-water depth coupling
29395,,,2005-07-26T05:45:00,,1.0480787754058838,,,HYDRAULIC_PROXY; no surface-water depth coupling
29396,,,2005-07-26T05:45:00,,1.0480787754058838,,,HYDRAULIC_PROXY; no surface-water depth coupling
29397,,,2005-07-26T05:45:00,,0.8639746904373169,,,HYDRAULIC_PROXY; no surface-water depth coupling
29398,,,2005-07-26T05:45:00,,0.8639746904373169,,,HYDRAULIC_PROXY; no surface-water depth coupling
29399,,,2005-07-26T05:45:00,,0.7533296942710876,,,HYDRAULIC_PROXY; no surface-water depth coupling
29400,,,2005-07-26T06:00:00,,0.6602503061294556,,,HYDRAULIC_PROXY; no surface-water depth coupling
29401,,,2005-07-26T06:00:00,,0.5115281939506531,,,HYDRAULIC_PROXY; no surface-water depth coupling
29402,,,2005-07-26T06:00:00,,0.56204754114151,,,HYDRAULIC_PROXY; no surface-water depth coupling
29403,,,2005-07-26T06:00:00,,0.590589702129364,,,HYDRAULIC_PROXY; no surface-water depth coupling
29404,,,2005-07-26T06:00:00,,0.6068304181098938,,,HYDRAULIC_PROXY; no surface-water depth coupling
29405,,,2005-07-26T06:00:00,,0.5977409482002258,,,HYDRAULIC_PROXY; no surface-water depth coupling
29406,,,2005-07-26T06:00:00,,0.3437754213809967,,,HYDRAULIC_PROXY; no surface-water depth coupling
29407,,,2005-07-26T06:00:00,,0.33291304111480713,,,HYDRAULIC_PROXY; no surface-water depth coupling
29408,,,2005-07-26T06:00:00,,1.4410300254821777,,,HYDRAULIC_PROXY; no surface-water depth coupling
29409,,,2005-07-26T06:00:00,,1.2704243659973145,,,HYDRAULIC_PROXY; no surface-water depth coupling
29410,,,2005-07-26T06:00:00,,1.2692618370056152,,,HYDRAULIC_PROXY; no surface-water depth coupling
29411,,,2005-07-26T05:30:00,,1.6837036609649658,,,HYDRAULIC_PROXY; no surface-water depth coupling
29412,,,2005-07-26T06:00:00,,2.0068325996398926,,,HYDRAULIC_PROXY; no surface-water depth coupling
29413,,,2005-07-26T05:30:00,,2.197981834411621,,,HYDRAULIC_PROXY; no surface-water depth coupling
29414,,,2005-07-26T05:30:00,,2.197981834411621,,,HYDRAULIC_PROXY; no surface-water depth coupling
29415,,,2005-07-26T05:30:00,,2.197981834411621,,,HYDRAULIC_PROXY; no surface-water depth coupling
29416,,,2005-07-26T05:30:00,,2.197981834411621,,,HYDRAULIC_PROXY; no surface-water depth coupling
29417,,,2005-07-26T05:30:00,,2.197981834411621,,,HYDRAULIC_PROXY; no surface-water depth coupling
29418,,,2005-07-26T05:30:00,,2.197981834411621,,,HYDRAULIC_PROXY; no surface-water depth coupling
29419,,,2005-07-26T05:30:00,,2.197981834411621,,,HYDRAULIC_PROXY; no surface-water depth coupling
29420,,,2005-07-26T06:00:00,,0.8934478759765625,,,HYDRAULIC_PROXY; no surface-water depth coupling
29421,,,2005-07-26T06:00:00,,0.8934478759765625,,,HYDRAULIC_PROXY; no surface-water depth coupling
29423,,,2005-07-26T06:00:00,,0.7821197509765625,,,HYDRAULIC_PROXY; no surface-water depth coupling
29424,,,2005-07-26T06:00:00,,0.7821197509765625,,,HYDRAULIC_PROXY; no surface-water depth coupling
29425,,,2005-07-26T06:00:00,,0.7821197509765625,,,HYDRAULIC_PROXY; no surface-water depth coupling
29426,,,2005-07-26T06:00:00,,0.7821197509765625,,,HYDRAULIC_PROXY; no surface-water depth coupling
29427,,,2005-07-26T06:00:00,,0.7821197509765625,,,HYDRAULIC_PROXY; no surface-water depth coupling
29428,,,2005-07-26T06:00:00,,0.7821197509765625,,,HYDRAULIC_PROXY; no surface-water depth coupling
29638,,,2005-07-26T06:00:00,,1.2938586473464966,,,HYDRAULIC_PROXY; no surface-water depth coupling
29639,,,2005-07-26T06:00:00,,1.3016977310180664,,,HYDRAULIC_PROXY; no surface-water depth coupling
29640,,,2005-07-26T06:00:00,,1.3106184005737305,,,HYDRAULIC_PROXY; no surface-water depth coupling
29641,,,2005-07-26T06:00:00,,0.6600208878517151,,,HYDRAULIC_PROXY; no surface-water depth coupling
29642,,,2005-07-26T06:00:00,,0.6600208878517151,,,HYDRAULIC_PROXY; no surface-water depth coupling
29643,,,2005-07-26T06:00:00,,0.8670096397399902,,,HYDRAULIC_PROXY; no surface-water depth coupling
29644,,,2005-07-26T06:00:00,,0.8591410517692566,,,HYDRAULIC_PROXY; no surface-water depth coupling
29645,,,2005-07-26T06:00:00,,0.8591410517692566,,,HYDRAULIC_PROXY; no surface-water depth coupling
29646,,,2005-07-26T06:00:00,,0.8591410517692566,,,HYDRAULIC_PROXY; no surface-water depth coupling
29647,,,2005-07-26T05:45:00,,0.811683177947998,,,HYDRAULIC_PROXY; no surface-water depth coupling
29648,,,2005-07-26T06:00:00,,0.857690691947937,,,HYDRAULIC_PROXY; no surface-water depth coupling
29649,,,2005-07-26T06:00:00,,0.8016282916069031,,,HYDRAULIC_PROXY; no surface-water depth coupling
29650,,,2005-07-26T06:00:00,,0.870976984500885,,,HYDRAULIC_PROXY; no surface-water depth coupling
29651,,,2005-07-26T06:00:00,,0.7760406136512756,,,HYDRAULIC_PROXY; no surface-water depth coupling
29652,,,2005-07-26T05:30:00,,0.8223104476928711,,,HYDRAULIC_PROXY; no surface-water depth coupling
29653,,,2005-07-26T06:00:00,,0.5965090990066528,,,HYDRAULIC_PROXY; no surface-water depth coupling
29654,,,2005-07-26T06:00:00,,0.446523517370224,,,HYDRAULIC_PROXY; no surface-water depth coupling
29655,,,2005-07-26T06:00:00,,0.6005846261978149,,,HYDRAULIC_PROXY; no surface-water depth coupling
29656,,,2005-07-26T06:00:00,,0.4187515676021576,,,HYDRAULIC_PROXY; no surface-water depth coupling
29657,,,2005-07-26T06:00:00,,0.6292508244514465,,,HYDRAULIC_PROXY; no surface-water depth coupling
29658,,,2005-07-26T06:00:00,,0.3259732127189636,,,HYDRAULIC_PROXY; no surface-water depth coupling
29659,,,2005-07-26T06:00:00,,0.2705293595790863,,,HYDRAULIC_PROXY; no surface-water depth coupling
29660,,,2005-07-26T06:00:00,,0.15153126418590546,,,HYDRAULIC_PROXY; no surface-water depth coupling
29661,,,2005-07-26T04:45:00,,0.2869667410850525,,,HYDRAULIC_PROXY; no surface-water depth coupling
29662,,,2005-07-26T06:00:00,,2.279003858566284,,,HYDRAULIC_PROXY; no surface-water depth coupling
29663,,,2005-07-26T06:00:00,,2.279003858566284,,,HYDRAULIC_PROXY; no surface-water depth coupling
29664,,,2005-07-26T06:00:00,,1.321034550666809,,,HYDRAULIC_PROXY; no surface-water depth coupling
29665,,,2005-07-26T05:30:00,,1.9144952297210693,,,HYDRAULIC_PROXY; no surface-water depth coupling
29666,,,2005-07-26T06:00:00,,2.062697649002075,,,HYDRAULIC_PROXY; no surface-water depth coupling
29667,,,2005-07-26T06:00:00,,2.062697649002075,,,HYDRAULIC_PROXY; no surface-water depth coupling
29668,,,2005-07-26T06:00:00,,2.062697649002075,,,HYDRAULIC_PROXY; no surface-water depth coupling
29669,,,2005-07-26T06:00:00,,2.062697649002075,,,HYDRAULIC_PROXY; no surface-water depth coupling
29670,,,2005-07-26T06:00:00,,2.062697649002075,,,HYDRAULIC_PROXY; no surface-water depth coupling
29671,,,2005-07-26T06:00:00,,0.3911218047142029,,,HYDRAULIC_PROXY; no surface-water depth coupling
29672,,,2005-07-26T06:00:00,,0.27674543857574463,,,HYDRAULIC_PROXY; no surface-water depth coupling
29673,,,2005-07-26T05:45:00,,0.9452447891235352,,,HYDRAULIC_PROXY; no surface-water depth coupling
29674,,,2005-07-26T05:45:00,,0.8639746904373169,,,HYDRAULIC_PROXY; no surface-water depth coupling
29675,,,2005-07-26T05:45:00,,0.8639746904373169,,,HYDRAULIC_PROXY; no surface-water depth coupling
29676,,,2005-07-26T05:00:00,,0.7025598883628845,,,HYDRAULIC_PROXY; no surface-water depth coupling
29677,,,2005-07-26T05:00:00,,0.6901252865791321,,,HYDRAULIC_PROXY; no surface-water depth coupling
29678,,,2005-07-26T06:00:00,,0.6633455753326416,,,HYDRAULIC_PROXY; no surface-water depth coupling
29679,,,2005-07-26T05:00:00,,0.651917576789856,,,HYDRAULIC_PROXY; no surface-water depth coupling
29680,,,2005-07-26T06:00:00,,0.28610190749168396,,,HYDRAULIC_PROXY; no surface-water depth coupling
29681,,,2005-07-26T04:15:00,,0.4323943853378296,,,HYDRAULIC_PROXY; no surface-water depth coupling
29682,,,2005-07-26T06:00:00,,0.6576152443885803,,,HYDRAULIC_PROXY; no surface-water depth coupling
29683,,,2005-07-26T06:00:00,,0.515552282333374,,,HYDRAULIC_PROXY; no surface-water depth coupling
29684,,,2005-07-26T06:00:00,,0.32903504371643066,,,HYDRAULIC_PROXY; no surface-water depth coupling
29685,,,2005-07-26T06:00:00,,0.33291304111480713,,,HYDRAULIC_PROXY; no surface-water depth coupling
29686,,,2005-07-26T06:00:00,,1.4410300254821777,,,HYDRAULIC_PROXY; no surface-water depth coupling
29687,,,2005-07-26T06:00:00,,1.5191954374313354,,,HYDRAULIC_PROXY; no surface-water depth coupling
29688,,,2005-07-26T06:00:00,,1.2704243659973145,,,HYDRAULIC_PROXY; no surface-water depth coupling
29689,,,2005-07-26T06:00:00,,1.303439736366272,,,HYDRAULIC_PROXY; no surface-water depth coupling
29690,,,2005-07-26T05:30:00,,1.6837036609649658,,,HYDRAULIC_PROXY; no surface-water depth coupling
29691,,,2005-07-26T05:30:00,,2.197981834411621,,,HYDRAULIC_PROXY; no surface-water depth coupling
29692,,,2005-07-26T05:30:00,,2.197981834411621,,,HYDRAULIC_PROXY; no surface-water depth coupling
29693,,,2005-07-26T05:30:00,,2.197981834411621,,,HYDRAULIC_PROXY; no surface-water depth coupling
29694,,,2005-07-26T05:30:00,,2.197981834411621,,,HYDRAULIC_PROXY; no surface-water depth coupling
29695,,,2005-07-26T05:30:00,,2.197981834411621,,,HYDRAULIC_PROXY; no surface-water depth coupling
29696,,,2005-07-26T05:30:00,,2.197981834411621,,,HYDRAULIC_PROXY; no surface-water depth coupling
29697,,,2005-07-26T05:30:00,,2.197981834411621,,,HYDRAULIC_PROXY; no surface-water depth coupling
29698,,,2005-07-26T05:30:00,,2.197981834411621,,,HYDRAULIC_PROXY; no surface-water depth coupling
29699,,,2005-07-26T05:30:00,,2.197981834411621,,,HYDRAULIC_PROXY; no surface-water depth coupling
29700,,,2005-07-26T06:00:00,,0.8934478759765625,,,HYDRAULIC_PROXY; no surface-water depth coupling
29701,,,2005-07-26T06:00:00,,0.7821197509765625,,,HYDRAULIC_PROXY; no surface-water depth coupling
29702,,,2005-07-26T06:00:00,,0.7821197509765625,,,HYDRAULIC_PROXY; no surface-water depth coupling
29703,,,2005-07-26T06:00:00,,0.7821197509765625,,,HYDRAULIC_PROXY; no surface-water depth coupling
29704,,,2005-07-26T06:00:00,,0.7821197509765625,,,HYDRAULIC_PROXY; no surface-water depth coupling
29705,,,2005-07-26T06:00:00,,0.7821197509765625,,,HYDRAULIC_PROXY; no surface-water depth coupling
29706,,,2005-07-26T06:00:00,,0.7821197509765625,,,HYDRAULIC_PROXY; no surface-water depth coupling
29707,,,2005-07-26T06:00:00,,0.7821197509765625,,,HYDRAULIC_PROXY; no surface-water depth coupling
29917,,,2005-07-26T06:00:00,,1.2755992412567139,,,HYDRAULIC_PROXY; no surface-water depth coupling
29918,,,2005-07-26T06:00:00,,0.1496811807155609,,,HYDRAULIC_PROXY; no surface-water depth coupling
29919,,,2005-07-26T06:00:00,,0.5934098362922668,,,HYDRAULIC_PROXY; no surface-water depth coupling
29920,,,2005-07-26T06:00:00,,0.5745474696159363,,,HYDRAULIC_PROXY; no surface-water depth coupling
29921,,,2005-07-26T06:00:00,,0.5745474696159363,,,HYDRAULIC_PROXY; no surface-water depth coupling
29922,,,2005-07-26T06:00:00,,0.8591410517692566,,,HYDRAULIC_PROXY; no surface-water depth coupling
29923,,,2005-07-26T06:00:00,,0.8591410517692566,,,HYDRAULIC_PROXY; no surface-water depth coupling
29924,,,2005-07-26T06:00:00,,0.8591410517692566,,,HYDRAULIC_PROXY; no surface-water depth coupling
29925,,,2005-07-26T06:00:00,,0.8591410517692566,,,HYDRAULIC_PROXY; no surface-water depth coupling
29926,,,2005-07-26T06:00:00,,0.7999458909034729,,,HYDRAULIC_PROXY; no surface-water depth coupling
29927,,,2005-07-26T06:00:00,,0.82354336977005,,,HYDRAULIC_PROXY; no surface-water depth coupling
29928,,,2005-07-26T06:00:00,,0.7760406136512756,,,HYDRAULIC_PROXY; no surface-water depth coupling
29929,,,2005-07-26T05:45:00,,0.7555515766143799,,,HYDRAULIC_PROXY; no surface-water depth coupling
29930,,,2005-07-26T05:45:00,,0.372550368309021,,,HYDRAULIC_PROXY; no surface-water depth coupling
29931,,,2005-07-26T06:00:00,,0.44747284054756165,,,HYDRAULIC_PROXY; no surface-water depth coupling
29932,,,2005-07-26T06:00:00,,0.41717761754989624,,,HYDRAULIC_PROXY; no surface-water depth coupling
29933,,,2005-07-26T05:00:00,,0.6046068072319031,,,HYDRAULIC_PROXY; no surface-water depth coupling
29934,,,2005-07-26T06:00:00,,0.3842537999153137,,,HYDRAULIC_PROXY; no surface-water depth coupling
29935,,,2005-07-26T05:15:00,,0.45686280727386475,,,HYDRAULIC_PROXY; no surface-water depth coupling
29936,,,2005-07-26T06:00:00,,0.3259732127189636,,,HYDRAULIC_PROXY; no surface-water depth coupling
29937,,,2005-07-26T05:30:00,,0.3800255358219147,,,HYDRAULIC_PROXY; no surface-water depth coupling
29938,,,2005-07-26T06:00:00,,0.15153126418590546,,,HYDRAULIC_PROXY; no surface-water depth coupling
29939,,,2005-07-26T04:45:00,,0.2869667410850525,,,HYDRAULIC_PROXY; no surface-water depth coupling
29940,,,2005-07-26T06:00:00,,2.279003858566284,,,HYDRAULIC_PROXY; no surface-water depth coupling
29941,,,2005-07-26T06:00:00,,0.7959010601043701,,,HYDRAULIC_PROXY; no surface-water depth coupling
29942,,,2005-07-26T06:00:00,,1.6732052564620972,,,HYDRAULIC_PROXY; no surface-water depth coupling
29943,,,2005-07-26T06:00:00,,1.8112003803253174,,,HYDRAULIC_PROXY; no surface-water depth coupling
29944,,,2005-07-26T06:00:00,,2.062697649002075,,,HYDRAULIC_PROXY; no surface-water depth coupling
29945,,,2005-07-26T06:00:00,,2.062697649002075,,,HYDRAULIC_PROXY; no surface-water depth coupling
29946,,,2005-07-26T06:00:00,,2.062697649002075,,,HYDRAULIC_PROXY; no surface-water depth coupling
29947,,,2005-07-26T06:00:00,,2.062697649002075,,,HYDRAULIC_PROXY; no surface-water depth coupling
29948,,,2005-07-26T06:00:00,,2.062697649002075,,,HYDRAULIC_PROXY; no surface-water depth coupling
29949,,,2005-07-26T06:00:00,,0.3701231777667999,,,HYDRAULIC_PROXY; no surface-water depth coupling
29950,,,2005-07-26T06:00:00,,0.39781293272972107,,,HYDRAULIC_PROXY; no surface-water depth coupling
29951,,,2005-07-26T05:45:00,,0.9452447891235352,,,HYDRAULIC_PROXY; no surface-water depth coupling
29952,,,2005-07-26T05:30:00,,0.7194463014602661,,,HYDRAULIC_PROXY; no surface-water depth coupling
29953,,,2005-07-26T06:00:00,,0.6911420226097107,,,HYDRAULIC_PROXY; no surface-water depth coupling
29954,,,2005-07-26T05:30:00,,0.5849125981330872,,,HYDRAULIC_PROXY; no surface-water depth coupling
29955,,,2005-07-26T05:30:00,,0.624015748500824,,,HYDRAULIC_PROXY; no surface-water depth coupling
29956,,,2005-07-26T05:15:00,,0.805783212184906,,,HYDRAULIC_PROXY; no surface-water depth coupling
29957,,,2005-07-26T05:45:00,,0.7637953162193298,,,HYDRAULIC_PROXY; no surface-water depth coupling
29958,,,2005-07-26T05:30:00,,0.3883136808872223,,,HYDRAULIC_PROXY; no surface-water depth coupling
29959,,,2005-07-26T05:30:00,,0.4305676817893982,,,HYDRAULIC_PROXY; no surface-water depth coupling
29960,,,2005-07-26T06:00:00,,0.5604069232940674,,,HYDRAULIC_PROXY; no surface-water depth coupling
29961,,,2005-07-26T06:00:00,,0.32903504371643066,,,HYDRAULIC_PROXY; no surface-water depth coupling
29962,,,2005-07-26T06:00:00,,0.33291304111480713,,,HYDRAULIC_PROXY; no surface-water depth coupling
29963,,,2005-07-26T06:00:00,,0.29030752182006836,,,HYDRAULIC_PROXY; no surface-water depth coupling
29964,,,2005-07-26T06:00:00,,1.4410300254821777,,,HYDRAULIC_PROXY; no surface-water depth coupling
29965,,,2005-07-26T06:00:00,,1.5191954374313354,,,HYDRAULIC_PROXY; no surface-water depth coupling
29966,,,2005-07-26T06:00:00,,1.2692618370056152,,,HYDRAULIC_PROXY; no surface-water depth coupling
29967,,,2005-07-26T05:30:00,,1.4994893074035645,,,HYDRAULIC_PROXY; no surface-water depth coupling
29968,,,2005-07-26T06:00:00,,2.0068325996398926,,,HYDRAULIC_PROXY; no surface-water depth coupling
29969,,,2005-07-26T05:30:00,,2.197981834411621,,,HYDRAULIC_PROXY; no surface-water depth coupling
29970,,,2005-07-26T05:30:00,,2.197981834411621,,,HYDRAULIC_PROXY; no surface-water depth coupling
29971,,,2005-07-26T05:30:00,,2.197981834411621,,,HYDRAULIC_PROXY; no surface-water depth coupling
29972,,,2005-07-26T05:30:00,,2.197981834411621,,,HYDRAULIC_PROXY; no surface-water depth coupling
29973,,,2005-07-26T05:30:00,,2.197981834411621,,,HYDRAULIC_PROXY; no surface-water depth coupling
29974,,,2005-07-26T05:30:00,,2.197981834411621,,,HYDRAULIC_PROXY; no surface-water depth coupling
29975,,,2005-07-26T05:30:00,,2.197981834411621,,,HYDRAULIC_PROXY; no surface-water depth coupling
29976,,,2005-07-26T05:30:00,,2.197981834411621,,,HYDRAULIC_PROXY; no surface-water depth coupling
29977,,,2005-07-26T05:15:00,,3.1899561882019043,,,HYDRAULIC_PROXY; no surface-water depth coupling
29978,,,2005-07-26T05:15:00,,3.1899561882019043,,,HYDRAULIC_PROXY; no surface-water depth coupling
29979,,,2005-07-26T05:15:00,,3.1899561882019043,,,HYDRAULIC_PROXY; no surface-water depth coupling
29980,,,2005-07-26T05:15:00,,3.1899561882019043,,,HYDRAULIC_PROXY; no surface-water depth coupling
29981,,,2005-07-26T06:00:00,,0.7821197509765625,,,HYDRAULIC_PROXY; no surface-water depth coupling
29982,,,2005-07-26T06:00:00,,0.7821197509765625,,,HYDRAULIC_PROXY; no surface-water depth coupling
29983,,,2005-07-26T06:00:00,,0.7821197509765625,,,HYDRAULIC_PROXY; no surface-water depth coupling
29984,,,2005-07-26T06:00:00,,0.7821197509765625,,,HYDRAULIC_PROXY; no surface-water depth coupling
30197,,,2005-07-26T06:00:00,,0.18062877655029297,,,HYDRAULIC_PROXY; no surface-water depth coupling
30198,,,2005-07-26T06:00:00,,0.5175803899765015,,,HYDRAULIC_PROXY; no surface-water depth coupling
30204,,,2005-07-26T06:00:00,,0.8591410517692566,,,HYDRAULIC_PROXY; no surface-water depth coupling
30205,,,2005-07-26T06:00:00,,0.8318378925323486,,,HYDRAULIC_PROXY; no surface-water depth coupling
30206,,,2005-07-26T06:00:00,,0.7691725492477417,,,HYDRAULIC_PROXY; no surface-water depth coupling
30207,,,2005-07-26T06:00:00,,0.45618948340415955,,,HYDRAULIC_PROXY; no surface-water depth coupling
30208,,,2005-07-26T05:45:00,,0.372550368309021,,,HYDRAULIC_PROXY; no surface-water depth coupling
30209,,,2005-07-26T06:00:00,,0.37410417199134827,,,HYDRAULIC_PROXY; no surface-water depth coupling
30210,,,2005-07-26T06:00:00,,0.39985355734825134,,,HYDRAULIC_PROXY; no surface-water depth coupling
30211,,,2005-07-26T06:00:00,,0.33003318309783936,,,HYDRAULIC_PROXY; no surface-water depth coupling
30212,,,2005-07-26T06:00:00,,0.3474603593349457,,,HYDRAULIC_PROXY; no surface-water depth coupling
30213,,,2005-07-26T06:00:00,,0.3356742262840271,,,HYDRAULIC_PROXY; no surface-water depth coupling
30214,,,2005-07-26T06:00:00,,0.318632572889328,,,HYDRAULIC_PROXY; no surface-water depth coupling
30215,,,2005-07-26T06:00:00,,0.2732658088207245,,,HYDRAULIC_PROXY; no surface-water depth coupling
30216,,,2005-07-26T06:00:00,,0.16735368967056274,,,HYDRAULIC_PROXY; no surface-water depth coupling
30217,,,2005-07-26T06:00:00,,0.5027427673339844,,,HYDRAULIC_PROXY; no surface-water depth coupling
30218,,,2005-07-26T06:00:00,,0.3716062605381012,,,HYDRAULIC_PROXY; no surface-water depth coupling
30219,,,2005-07-26T06:00:00,,2.279003858566284,,,HYDRAULIC_PROXY; no surface-water depth coupling
30220,,,2005-07-26T06:00:00,,0.7959010601043701,,,HYDRAULIC_PROXY; no surface-water depth coupling
30221,,,2005-07-26T06:00:00,,1.6732052564620972,,,HYDRAULIC_PROXY; no surface-water depth coupling
30222,,,2005-07-26T06:00:00,,1.8112003803253174,,,HYDRAULIC_PROXY; no surface-water depth coupling
30223,,,2005-07-26T06:00:00,,2.062697649002075,,,HYDRAULIC_PROXY; no surface-water depth coupling
30224,,,2005-07-26T06:00:00,,2.062697649002075,,,HYDRAULIC_PROXY; no surface-water depth coupling
30225,,,2005-07-26T06:00:00,,2.062697649002075,,,HYDRAULIC_PROXY; no surface-water depth coupling
30226,,,2005-07-26T06:00:00,,0.32560211420059204,,,HYDRAULIC_PROXY; no surface-water depth coupling
30227,,,2005-07-26T00:15:00,,0.0,,,HYDRAULIC_PROXY; no surface-water depth coupling
30228,,,2005-07-26T06:00:00,,0.34380197525024414,,,HYDRAULIC_PROXY; no surface-water depth coupling
30229,,,2005-07-26T06:00:00,,0.3701231777667999,,,HYDRAULIC_PROXY; no surface-water depth coupling
30230,,,2005-07-26T06:00:00,,0.39781293272972107,,,HYDRAULIC_PROXY; no surface-water depth coupling
30231,,,2005-07-26T05:45:00,,0.9452447891235352,,,HYDRAULIC_PROXY; no surface-water depth coupling
30232,,,2005-07-26T06:00:00,,0.6736093163490295,,,HYDRAULIC_PROXY; no surface-water depth coupling
30233,,,2005-07-26T06:00:00,,0.6278249025344849,,,HYDRAULIC_PROXY; no surface-water depth coupling
30234,,,2005-07-26T06:00:00,,0.6009104251861572,,,HYDRAULIC_PROXY; no surface-water depth coupling
30235,,,2005-07-26T06:00:00,,0.7353695631027222,,,HYDRAULIC_PROXY; no surface-water depth coupling
30236,,,2005-07-26T05:45:00,,0.26991716027259827,,,HYDRAULIC_PROXY; no surface-water depth coupling
30237,,,2005-07-26T06:00:00,,0.4145970344543457,,,HYDRAULIC_PROXY; no surface-water depth coupling
30238,,,2005-07-26T06:00:00,,0.26502472162246704,,,HYDRAULIC_PROXY; no surface-water depth coupling
30239,,,2005-07-26T06:00:00,,0.37623846530914307,,,HYDRAULIC_PROXY; no surface-water depth coupling
30240,,,2005-07-26T06:00:00,,0.21751585602760315,,,HYDRAULIC_PROXY; no surface-water depth coupling
30241,,,2005-07-26T06:00:00,,0.23334871232509613,,,HYDRAULIC_PROXY; no surface-water depth coupling
30242,,,2005-07-26T06:00:00,,0.08561383932828903,,,HYDRAULIC_PROXY; no surface-water depth coupling
30243,,,2005-07-26T06:00:00,,1.4410300254821777,,,HYDRAULIC_PROXY; no surface-water depth coupling
30244,,,2005-07-26T06:00:00,,1.5191954374313354,,,HYDRAULIC_PROXY; no surface-water depth coupling
30245,,,2005-07-26T06:00:00,,1.303439736366272,,,HYDRAULIC_PROXY; no surface-water depth coupling
30246,,,2005-07-26T05:30:00,,1.6837036609649658,,,HYDRAULIC_PROXY; no surface-water depth coupling
30247,,,2005-07-26T05:30:00,,2.197981834411621,,,HYDRAULIC_PROXY; no surface-water depth coupling
30248,,,2005-07-26T05:30:00,,2.197981834411621,,,HYDRAULIC_PROXY; no surface-water depth coupling
30249,,,2005-07-26T05:30:00,,2.197981834411621,,,HYDRAULIC_PROXY; no surface-water depth coupling
30250,,,2005-07-26T05:30:00,,2.197981834411621,,,HYDRAULIC_PROXY; no surface-water depth coupling
30251,,,2005-07-26T05:30:00,,2.197981834411621,,,HYDRAULIC_PROXY; no surface-water depth coupling
30252,,,2005-07-26T05:30:00,,2.197981834411621,,,HYDRAULIC_PROXY; no surface-water depth coupling
30253,,,2005-07-26T05:30:00,,2.197981834411621,,,HYDRAULIC_PROXY; no surface-water depth coupling
30254,,,2005-07-26T05:15:00,,3.1899561882019043,,,HYDRAULIC_PROXY; no surface-water depth coupling
30255,,,2005-07-26T05:15:00,,3.1899561882019043,,,HYDRAULIC_PROXY; no surface-water depth coupling
30256,,,2005-07-26T05:15:00,,3.1899561882019043,,,HYDRAULIC_PROXY; no surface-water depth coupling
30257,,,2005-07-26T05:15:00,,3.1899561882019043,,,HYDRAULIC_PROXY; no surface-water depth coupling
30258,,,2005-07-26T05:15:00,,3.1899561882019043,,,HYDRAULIC_PROXY; no surface-water depth coupling
30259,,,2005-07-26T05:15:00,,3.1899561882019043,,,HYDRAULIC_PROXY; no surface-water depth coupling
30260,,,2005-07-26T05:15:00,,3.1899561882019043,,,HYDRAULIC_PROXY; no surface-water depth coupling
30261,,,2005-07-26T05:15:00,,3.1899561882019043,,,HYDRAULIC_PROXY; no surface-water depth coupling
30262,,,2005-07-26T06:00:00,,0.7821197509765625,,,HYDRAULIC_PROXY; no surface-water depth coupling
30488,,,2005-07-26T06:00:00,,0.37410417199134827,,,HYDRAULIC_PROXY; no surface-water depth coupling
30489,,,2005-07-26T06:00:00,,0.34922608733177185,,,HYDRAULIC_PROXY; no surface-water depth coupling
30490,,,2005-07-26T06:00:00,,0.3302147090435028,,,HYDRAULIC_PROXY; no surface-water depth coupling
30491,,,2005-07-26T06:00:00,,0.28373220562934875,,,HYDRAULIC_PROXY; no surface-water depth coupling
30492,,,2005-07-26T06:00:00,,0.34361374378204346,,,HYDRAULIC_PROXY; no surface-water depth coupling
30493,,,2005-07-26T06:00:00,,0.27650076150894165,,,HYDRAULIC_PROXY; no surface-water depth coupling
30494,,,2005-07-26T06:00:00,,0.26097241044044495,,,HYDRAULIC_PROXY; no surface-water depth coupling
30495,,,2005-07-26T06:00:00,,0.16735368967056274,,,HYDRAULIC_PROXY; no surface-water depth coupling
30496,,,2005-07-26T06:00:00,,0.10937018692493439,,,HYDRAULIC_PROXY; no surface-water depth coupling
30497,,,2005-07-26T06:00:00,,0.616765558719635,,,HYDRAULIC_PROXY; no surface-water depth coupling
30498,,,2005-07-26T05:15:00,,0.6454033851623535,,,HYDRAULIC_PROXY; no surface-water depth coupling
30499,,,2005-07-26T05:15:00,,0.6622079014778137,,,HYDRAULIC_PROXY; no surface-water depth coupling
30500,,,2005-07-26T06:00:00,,1.6732052564620972,,,HYDRAULIC_PROXY; no surface-water depth coupling
30501,,,2005-07-26T06:00:00,,1.6732052564620972,,,HYDRAULIC_PROXY; no surface-water depth coupling
30502,,,2005-07-26T06:00:00,,1.8112003803253174,,,HYDRAULIC_PROXY; no surface-water depth coupling
30503,,,2005-07-26T06:00:00,,0.08628138154745102,,,HYDRAULIC_PROXY; no surface-water depth coupling
30504,,,2005-07-26T06:00:00,,0.32560211420059204,,,HYDRAULIC_PROXY; no surface-water depth coupling
30506,,,2005-07-26T06:00:00,,0.32560211420059204,,,HYDRAULIC_PROXY; no surface-water depth coupling
30507,,,2005-07-26T06:00:00,,0.32560211420059204,,,HYDRAULIC_PROXY; no surface-water depth coupling
30508,,,2005-07-26T06:00:00,,0.32300254702568054,,,HYDRAULIC_PROXY; no surface-water depth coupling
30509,,,2005-07-26T06:00:00,,0.34380197525024414,,,HYDRAULIC_PROXY; no surface-water depth coupling
30510,,,2005-07-26T06:00:00,,0.3701231777667999,,,HYDRAULIC_PROXY; no surface-water depth coupling
30511,,,2005-07-26T06:00:00,,0.27674543857574463,,,HYDRAULIC_PROXY; no surface-water depth coupling
30512,,,2005-07-26T05:30:00,,0.7194463014602661,,,HYDRAULIC_PROXY; no surface-water depth coupling
30513,,,2005-07-26T06:00:00,,0.6911420226097107,,,HYDRAULIC_PROXY; no surface-water depth coupling
30514,,,2005-07-26T05:30:00,,0.5849125981330872,,,HYDRAULIC_PROXY; no surface-water depth coupling
30515,,,2005-07-26T05:30:00,,0.624015748500824,,,HYDRAULIC_PROXY; no surface-water depth coupling
30516,,,2005-07-26T06:00:00,,0.22554223239421844,,,HYDRAULIC_PROXY; no surface-water depth coupling
30517,,,2005-07-26T06:00:00,,0.12557177245616913,,,HYDRAULIC_PROXY; no surface-water depth coupling
30518,,,2005-07-26T06:00:00,,0.37111762166023254,,,HYDRAULIC_PROXY; no surface-water depth coupling
30519,,,2005-07-26T06:00:00,,0.2572551369667053,,,HYDRAULIC_PROXY; no surface-water depth coupling
30520,,,2005-07-26T06:00:00,,0.21861116588115692,,,HYDRAULIC_PROXY; no surface-water depth coupling
30521,,,2005-07-26T06:00:00,,0.17974331974983215,,,HYDRAULIC_PROXY; no surface-water depth coupling
30522,,,2005-07-26T06:00:00,,0.08561383932828903,,,HYDRAULIC_PROXY; no surface-water depth coupling
30523,,,2005-07-26T06:00:00,,1.4410300254821777,,,HYDRAULIC_PROXY; no surface-water depth coupling
30524,,,2005-07-26T06:00:00,,1.2704243659973145,,,HYDRAULIC_PROXY; no surface-water depth coupling
30525,,,2005-07-26T06:00:00,,1.308253288269043,,,HYDRAULIC_PROXY; no surface-water depth coupling
30526,,,2005-07-26T06:00:00,,2.0068325996398926,,,HYDRAULIC_PROXY; no surface-water depth coupling
30527,,,2005-07-26T05:30:00,,2.197981834411621,,,HYDRAULIC_PROXY; no surface-water depth coupling
30528,,,2005-07-26T05:30:00,,2.197981834411621,,,HYDRAULIC_PROXY; no surface-water depth coupling
30529,,,2005-07-26T05:30:00,,2.197981834411621,,,HYDRAULIC_PROXY; no surface-water depth coupling
30530,,,2005-07-26T05:30:00,,2.197981834411621,,,HYDRAULIC_PROXY; no surface-water depth coupling
30531,,,2005-07-26T05:30:00,,2.197981834411621,,,HYDRAULIC_PROXY; no surface-water depth coupling
30532,,,2005-07-26T05:30:00,,2.197981834411621,,,HYDRAULIC_PROXY; no surface-water depth coupling
30533,,,2005-07-26T05:15:00,,3.1899561882019043,,,HYDRAULIC_PROXY; no surface-water depth coupling
30534,,,2005-07-26T05:15:00,,3.1899561882019043,,,HYDRAULIC_PROXY; no surface-water depth coupling
30535,,,2005-07-26T05:15:00,,3.1899561882019043,,,HYDRAULIC_PROXY; no surface-water depth coupling
30536,,,2005-07-26T05:15:00,,3.1899561882019043,,,HYDRAULIC_PROXY; no surface-water depth coupling
30537,,,2005-07-26T05:15:00,,3.1899561882019043,,,HYDRAULIC_PROXY; no surface-water depth coupling
30538,,,2005-07-26T05:15:00,,3.1899561882019043,,,HYDRAULIC_PROXY; no surface-water depth coupling
30539,,,2005-07-26T05:15:00,,3.1899561882019043,,,HYDRAULIC_PROXY; no surface-water depth coupling
30540,,,2005-07-26T05:15:00,,3.1899561882019043,,,HYDRAULIC_PROXY; no surface-water depth coupling
30541,,,2005-07-26T05:15:00,,3.1899561882019043,,,HYDRAULIC_PROXY; no surface-water depth coupling
30542,,,2005-07-26T05:15:00,,3.1899561882019043,,,HYDRAULIC_PROXY; no surface-water depth coupling
30773,,,2005-07-26T06:00:00,,0.3279269337654114,,,HYDRAULIC_PROXY; no surface-water depth coupling
30774,,,2005-07-26T06:00:00,,0.24654464423656464,,,HYDRAULIC_PROXY; no surface-water depth coupling
30775,,,2005-07-26T06:00:00,,0.22381873428821564,,,HYDRAULIC_PROXY; no surface-water depth coupling
30776,,,2005-07-26T06:00:00,,0.24654464423656464,,,HYDRAULIC_PROXY; no surface-water depth coupling
30779,,,2005-07-26T06:00:00,,0.32876479625701904,,,HYDRAULIC_PROXY; no surface-water depth coupling
30780,,,2005-07-26T05:15:00,,0.6617612838745117,,,HYDRAULIC_PROXY; no surface-water depth coupling
30781,,,2005-07-26T05:15:00,,0.6586312651634216,,,HYDRAULIC_PROXY; no surface-water depth coupling
30782,,,2005-07-26T06:00:00,,0.37903186678886414,,,HYDRAULIC_PROXY; no surface-water depth coupling
30783,,,2005-07-26T06:00:00,,0.37903186678886414,,,HYDRAULIC_PROXY; no surface-water depth coupling
30787,,,2005-07-26T06:00:00,,0.32560211420059204,,,HYDRAULIC_PROXY; no surface-water depth coupling
30788,,,2005-07-26T06:00:00,,0.32560211420059204,,,HYDRAULIC_PROXY; no surface-water depth coupling
30789,,,2005-07-26T06:00:00,,0.2736498713493347,,,HYDRAULIC_PROXY; no surface-water depth coupling
30790,,,2005-07-26T06:00:00,,0.301349401473999,,,HYDRAULIC_PROXY; no surface-water depth coupling
30791,,,2005-07-26T06:00:00,,0.34380197525024414,,,HYDRAULIC_PROXY; no surface-water depth coupling
30792,,,2005-07-26T06:00:00,,0.3911218047142029,,,HYDRAULIC_PROXY; no surface-water depth coupling
30793,,,2005-07-26T06:00:00,,0.27674543857574463,,,HYDRAULIC_PROXY; no surface-water depth coupling
30794,,,2005-07-26T06:00:00,,0.6736093163490295,,,HYDRAULIC_PROXY; no surface-water depth coupling
30795,,,2005-07-26T06:00:00,,0.6278249025344849,,,HYDRAULIC_PROXY; no surface-water depth coupling
30796,,,2005-07-26T06:00:00,,0.22554223239421844,,,HYDRAULIC_PROXY; no surface-water depth coupling
30797,,,2005-07-26T06:00:00,,0.12557177245616913,,,HYDRAULIC_PROXY; no surface-water depth coupling
30798,,,2005-07-26T06:00:00,,0.12557177245616913,,,HYDRAULIC_PROXY; no surface-water depth coupling
30799,,,2005-07-26T06:00:00,,0.3498711585998535,,,HYDRAULIC_PROXY; no surface-water depth coupling
30800,,,2005-07-26T06:00:00,,0.2740495800971985,,,HYDRAULIC_PROXY; no surface-water depth coupling
30801,,,2005-07-26T05:45:00,,0.08142023533582687,,,HYDRAULIC_PROXY; no surface-water depth coupling
30802,,,2005-07-26T06:00:00,,0.1133967936038971,,,HYDRAULIC_PROXY; no surface-water depth coupling
30803,,,2005-07-26T06:00:00,,0.11534611135721207,,,HYDRAULIC_PROXY; no surface-water depth coupling
30804,,,2005-07-26T06:00:00,,1.283077597618103,,,HYDRAULIC_PROXY; no surface-water depth coupling
30805,,,2005-07-26T06:00:00,,1.2692618370056152,,,HYDRAULIC_PROXY; no surface-water depth coupling
30806,,,2005-07-26T05:30:00,,1.4994893074035645,,,HYDRAULIC_PROXY; no surface-water depth coupling
30807,,,2005-07-26T05:30:00,,2.197981834411621,,,HYDRAULIC_PROXY; no surface-water depth coupling
30808,,,2005-07-26T05:30:00,,2.197981834411621,,,HYDRAULIC_PROXY; no surface-water depth coupling
30809,,,2005-07-26T05:30:00,,2.197981834411621,,,HYDRAULIC_PROXY; no surface-water depth coupling
30810,,,2005-07-26T05:30:00,,2.197981834411621,,,HYDRAULIC_PROXY; no surface-water depth coupling
30811,,,2005-07-26T05:30:00,,2.197981834411621,,,HYDRAULIC_PROXY; no surface-water depth coupling
30812,,,2005-07-26T05:30:00,,2.197981834411621,,,HYDRAULIC_PROXY; no surface-water depth coupling
30813,,,2005-07-26T05:15:00,,3.1899561882019043,,,HYDRAULIC_PROXY; no surface-water depth coupling
30814,,,2005-07-26T05:15:00,,3.1899561882019043,,,HYDRAULIC_PROXY; no surface-water depth coupling
30815,,,2005-07-26T05:15:00,,3.1899561882019043,,,HYDRAULIC_PROXY; no surface-water depth coupling
30816,,,2005-07-26T05:15:00,,3.1899561882019043,,,HYDRAULIC_PROXY; no surface-water depth coupling
30817,,,2005-07-26T05:15:00,,3.1899561882019043,,,HYDRAULIC_PROXY; no surface-water depth coupling
30818,,,2005-07-26T05:15:00,,3.1899561882019043,,,HYDRAULIC_PROXY; no surface-water depth coupling
30819,,,2005-07-26T05:15:00,,3.1899561882019043,,,HYDRAULIC_PROXY; no surface-water depth coupling
30820,,,2005-07-26T05:15:00,,3.1899561882019043,,,HYDRAULIC_PROXY; no surface-water depth coupling
30821,,,2005-07-26T05:15:00,,3.1899561882019043,,,HYDRAULIC_PROXY; no surface-water depth coupling
30822,,,2005-07-26T05:15:00,,3.1899561882019043,,,HYDRAULIC_PROXY; no surface-water depth coupling
31061,,,2005-07-26T06:00:00,,0.3009231984615326,,,HYDRAULIC_PROXY; no surface-water depth coupling
31063,,,2005-07-26T05:45:00,,0.3187127709388733,,,HYDRAULIC_PROXY; no surface-water depth coupling
31064,,,2005-07-26T04:45:00,,1.2418409585952759,,,HYDRAULIC_PROXY; no surface-water depth coupling
31065,,,2005-07-26T04:45:00,,0.8667047619819641,,,HYDRAULIC_PROXY; no surface-water depth coupling
31066,,,2005-07-26T06:00:00,,0.293430358171463,,,HYDRAULIC_PROXY; no surface-water depth coupling
31069,,,2005-07-26T00:15:00,,0.0,,,HYDRAULIC_PROXY; no surface-water depth coupling
31070,,,2005-07-26T06:00:00,,0.32560211420059204,,,HYDRAULIC_PROXY; no surface-water depth coupling
31071,,,2005-07-26T06:00:00,,0.2736498713493347,,,HYDRAULIC_PROXY; no surface-water depth coupling
31072,,,2005-07-26T06:00:00,,0.2736498713493347,,,HYDRAULIC_PROXY; no surface-water depth coupling
31073,,,2005-07-26T06:00:00,,0.2736498713493347,,,HYDRAULIC_PROXY; no surface-water depth coupling
31074,,,2005-07-26T06:00:00,,0.32300254702568054,,,HYDRAULIC_PROXY; no surface-water depth coupling
31075,,,2005-07-26T06:00:00,,0.3911218047142029,,,HYDRAULIC_PROXY; no surface-water depth coupling
31076,,,2005-07-26T04:45:00,,0.9208561778068542,,,HYDRAULIC_PROXY; no surface-water depth coupling
31077,,,2005-07-26T06:00:00,,0.6911420226097107,,,HYDRAULIC_PROXY; no surface-water depth coupling
31078,,,2005-07-26T05:45:00,,0.5484672784805298,,,HYDRAULIC_PROXY; no surface-water depth coupling
31079,,,2005-07-26T05:45:00,,0.5484672784805298,,,HYDRAULIC_PROXY; no surface-water depth coupling
31080,,,2005-07-26T05:45:00,,0.5484672784805298,,,HYDRAULIC_PROXY; no surface-water depth coupling
31081,,,2005-07-26T06:00:00,,0.14568829536437988,,,HYDRAULIC_PROXY; no surface-water depth coupling
31082,,,2005-07-26T06:00:00,,0.14568829536437988,,,HYDRAULIC_PROXY; no surface-water depth coupling
31083,,,2005-07-26T06:00:00,,0.07582646608352661,,,HYDRAULIC_PROXY; no surface-water depth coupling
31084,,,2005-07-26T06:00:00,,0.8860127925872803,,,HYDRAULIC_PROXY; no surface-water depth coupling
31085,,,2005-07-26T06:00:00,,0.11534611135721207,,,HYDRAULIC_PROXY; no surface-water depth coupling
31086,,,2005-07-26T06:00:00,,0.11534611135721207,,,HYDRAULIC_PROXY; no surface-water depth coupling
31087,,,2005-07-26T06:00:00,,1.303439736366272,,,HYDRAULIC_PROXY; no surface-water depth coupling
31088,,,2005-07-26T05:30:00,,1.6837036609649658,,,HYDRAULIC_PROXY; no surface-water depth coupling
31089,,,2005-07-26T05:30:00,,2.197981834411621,,,HYDRAULIC_PROXY; no surface-water depth coupling
31090,,,2005-07-26T05:30:00,,2.197981834411621,,,HYDRAULIC_PROXY; no surface-water depth coupling
31091,,,2005-07-26T05:30:00,,2.197981834411621,,,HYDRAULIC_PROXY; no surface-water depth coupling
31092,,,2005-07-26T05:30:00,,2.197981834411621,,,HYDRAULIC_PROXY; no surface-water depth coupling
31093,,,2005-07-26T05:15:00,,3.1899561882019043,,,HYDRAULIC_PROXY; no surface-water depth coupling
31094,,,2005-07-26T05:15:00,,3.1899561882019043,,,HYDRAULIC_PROXY; no surface-water depth coupling
31095,,,2005-07-26T05:15:00,,3.1899561882019043,,,HYDRAULIC_PROXY; no surface-water depth coupling
31096,,,2005-07-26T05:15:00,,3.1899561882019043,,,HYDRAULIC_PROXY; no surface-water depth coupling
31097,,,2005-07-26T05:15:00,,3.1899561882019043,,,HYDRAULIC_PROXY; no surface-water depth coupling
31098,,,2005-07-26T05:15:00,,3.1899561882019043,,,HYDRAULIC_PROXY; no surface-water depth coupling
31099,,,2005-07-26T05:15:00,,3.1899561882019043,,,HYDRAULIC_PROXY; no surface-water depth coupling
31100,,,2005-07-26T05:15:00,,3.1899561882019043,,,HYDRAULIC_PROXY; no surface-water depth coupling
31101,,,2005-07-26T05:15:00,,3.1899561882019043,,,HYDRAULIC_PROXY; no surface-water depth coupling
31102,,,2005-07-26T05:15:00,,3.1899561882019043,,,HYDRAULIC_PROXY; no surface-water depth coupling
31103,,,2005-07-26T05:15:00,,3.1899561882019043,,,HYDRAULIC_PROXY; no surface-water depth coupling
31104,,,2005-07-26T05:15:00,,3.1899561882019043,,,HYDRAULIC_PROXY; no surface-water depth coupling
31351,,,2005-07-26T06:00:00,,0.32560211420059204,,,HYDRAULIC_PROXY; no surface-water depth coupling
31352,,,2005-07-26T06:00:00,,0.32560211420059204,,,HYDRAULIC_PROXY; no surface-water depth coupling
31353,,,2005-07-26T06:00:00,,0.2736498713493347,,,HYDRAULIC_PROXY; no surface-water depth coupling
31354,,,2005-07-26T06:00:00,,0.2736498713493347,,,HYDRAULIC_PROXY; no surface-water depth coupling
31355,,,2005-07-26T06:00:00,,0.2736498713493347,,,HYDRAULIC_PROXY; no surface-water depth coupling
31356,,,2005-07-26T06:00:00,,0.2736498713493347,,,HYDRAULIC_PROXY; no surface-water depth coupling
31357,,,2005-07-26T06:00:00,,0.301349401473999,,,HYDRAULIC_PROXY; no surface-water depth coupling
31358,,,2005-07-26T06:00:00,,0.3911218047142029,,,HYDRAULIC_PROXY; no surface-water depth coupling
31359,,,2005-07-26T05:45:00,,0.5484672784805298,,,HYDRAULIC_PROXY; no surface-water depth coupling
31360,,,2005-07-26T05:45:00,,0.5484672784805298,,,HYDRAULIC_PROXY; no surface-water depth coupling
31361,,,2005-07-26T05:45:00,,0.5484672784805298,,,HYDRAULIC_PROXY; no surface-water depth coupling
31362,,,2005-07-26T05:45:00,,0.5484672784805298,,,HYDRAULIC_PROXY; no surface-water depth coupling
31363,,,2005-07-26T05:45:00,,0.7247751355171204,,,HYDRAULIC_PROXY; no surface-water depth coupling
31364,,,2005-07-26T06:00:00,,1.0238877534866333,,,HYDRAULIC_PROXY; no surface-water depth coupling
31365,,,2005-07-26T06:00:00,,1.0309146642684937,,,HYDRAULIC_PROXY; no surface-water depth coupling
31366,,,2005-07-26T06:00:00,,1.0309146642684937,,,HYDRAULIC_PROXY; no surface-water depth coupling
31367,,,2005-07-26T06:00:00,,1.0309146642684937,,,HYDRAULIC_PROXY; no surface-water depth coupling
31368,,,2005-07-26T06:00:00,,0.7892221212387085,,,HYDRAULIC_PROXY; no surface-water depth coupling
31369,,,2005-07-26T06:00:00,,0.7892221212387085,,,HYDRAULIC_PROXY; no surface-water depth coupling
31370,,,2005-07-26T06:00:00,,0.8446950912475586,,,HYDRAULIC_PROXY; no surface-water depth coupling
31371,,,2005-07-26T05:30:00,,2.197981834411621,,,HYDRAULIC_PROXY; no surface-water depth coupling
31372,,,2005-07-26T05:30:00,,2.197981834411621,,,HYDRAULIC_PROXY; no surface-water depth coupling
31373,,,2005-07-26T05:30:00,,2.197981834411621,,,HYDRAULIC_PROXY; no surface-water depth coupling
31374,,,2005-07-26T06:00:00,,3.4829206466674805,,,HYDRAULIC_PROXY; no surface-water depth coupling
31375,,,2005-07-26T05:15:00,,3.1899561882019043,,,HYDRAULIC_PROXY; no surface-water depth coupling
31376,,,2005-07-26T05:15:00,,3.1899561882019043,,,HYDRAULIC_PROXY; no surface-water depth coupling
31377,,,2005-07-26T05:15:00,,3.1899561882019043,,,HYDRAULIC_PROXY; no surface-water depth coupling
31378,,,2005-07-26T05:15:00,,3.1899561882019043,,,HYDRAULIC_PROXY; no surface-water depth coupling
31379,,,2005-07-26T05:15:00,,3.1899561882019043,,,HYDRAULIC_PROXY; no surface-water depth coupling
31380,,,2005-07-26T05:15:00,,3.1899561882019043,,,HYDRAULIC_PROXY; no surface-water depth coupling
31381,,,2005-07-26T05:15:00,,3.1899561882019043,,,HYDRAULIC_PROXY; no surface-water depth coupling
31382,,,2005-07-26T05:15:00,,3.1899561882019043,,,HYDRAULIC_PROXY; no surface-water depth coupling
31383,,,2005-07-26T05:15:00,,3.1899561882019043,,,HYDRAULIC_PROXY; no surface-water depth coupling
31384,,,2005-07-26T05:15:00,,3.1899561882019043,,,HYDRAULIC_PROXY; no surface-water depth coupling
31385,,,2005-07-26T05:15:00,,3.1899561882019043,,,HYDRAULIC_PROXY; no surface-water depth coupling
31386,,,2005-07-26T05:15:00,,3.1899561882019043,,,HYDRAULIC_PROXY; no surface-water depth coupling
31631,,,2005-07-26T06:00:00,,0.25418850779533386,,,HYDRAULIC_PROXY; no surface-water depth coupling
31632,,,2005-07-26T00:15:00,,0.0,,,HYDRAULIC_PROXY; no surface-water depth coupling
31633,,,2005-07-26T00:15:00,,0.0,,,HYDRAULIC_PROXY; no surface-water depth coupling
31634,,,2005-07-26T06:00:00,,0.2736498713493347,,,HYDRAULIC_PROXY; no surface-water depth coupling
31635,,,2005-07-26T06:00:00,,0.2736498713493347,,,HYDRAULIC_PROXY; no surface-water depth coupling
31636,,,2005-07-26T06:00:00,,0.2736498713493347,,,HYDRAULIC_PROXY; no surface-water depth coupling
31637,,,2005-07-26T06:00:00,,0.2736498713493347,,,HYDRAULIC_PROXY; no surface-water depth coupling
31638,,,2005-07-26T06:00:00,,0.2736498713493347,,,HYDRAULIC_PROXY; no surface-water depth coupling
31639,,,2005-07-26T06:00:00,,0.2736498713493347,,,HYDRAULIC_PROXY; no surface-water depth coupling
31640,,,2005-07-26T06:00:00,,0.8590431809425354,,,HYDRAULIC_PROXY; no surface-water depth coupling
31641,,,2005-07-26T06:00:00,,0.8590431809425354,,,HYDRAULIC_PROXY; no surface-water depth coupling
31642,,,2005-07-26T06:00:00,,0.8590431809425354,,,HYDRAULIC_PROXY; no surface-water depth coupling
31643,,,2005-07-26T06:00:00,,0.8308921456336975,,,HYDRAULIC_PROXY; no surface-water depth coupling
31644,,,2005-07-26T06:00:00,,0.6756912469863892,,,HYDRAULIC_PROXY; no surface-water depth coupling
31645,,,2005-07-26T06:00:00,,1.0420604944229126,,,HYDRAULIC_PROXY; no surface-water depth coupling
31646,,,2005-07-26T06:00:00,,1.0070596933364868,,,HYDRAULIC_PROXY; no surface-water depth coupling
31647,,,2005-07-26T06:00:00,,1.0070596933364868,,,HYDRAULIC_PROXY; no surface-water depth coupling
31648,,,2005-07-26T06:00:00,,1.6273775100708008,,,HYDRAULIC_PROXY; no surface-water depth coupling
31649,,,2005-07-26T06:00:00,,0.7892221212387085,,,HYDRAULIC_PROXY; no surface-water depth coupling
31650,,,2005-07-26T06:00:00,,0.7892221212387085,,,HYDRAULIC_PROXY; no surface-water depth coupling
31651,,,2005-07-26T06:00:00,,0.8446950912475586,,,HYDRAULIC_PROXY; no surface-water depth coupling
31652,,,2005-07-26T06:00:00,,1.015031099319458,,,HYDRAULIC_PROXY; no surface-water depth coupling
31653,,,2005-07-26T05:45:00,,2.73463773727417,,,HYDRAULIC_PROXY; no surface-water depth coupling
31654,,,2005-07-26T05:45:00,,2.73463773727417,,,HYDRAULIC_PROXY; no surface-water depth coupling
31655,,,2005-07-26T06:00:00,,3.4829206466674805,,,HYDRAULIC_PROXY; no surface-water depth coupling
31656,,,2005-07-26T05:15:00,,3.1899561882019043,,,HYDRAULIC_PROXY; no surface-water depth coupling
31657,,,2005-07-26T05:15:00,,3.1899561882019043,,,HYDRAULIC_PROXY; no surface-water depth coupling
31658,,,2005-07-26T05:15:00,,3.1899561882019043,,,HYDRAULIC_PROXY; no surface-water depth coupling
31659,,,2005-07-26T05:15:00,,3.1899561882019043,,,HYDRAULIC_PROXY; no surface-water depth coupling
31660,,,2005-07-26T05:15:00,,3.1899561882019043,,,HYDRAULIC_PROXY; no surface-water depth coupling
31661,,,2005-07-26T05:15:00,,3.1899561882019043,,,HYDRAULIC_PROXY; no surface-water depth coupling
31662,,,2005-07-26T05:15:00,,3.1899561882019043,,,HYDRAULIC_PROXY; no surface-water depth coupling
31663,,,2005-07-26T05:15:00,,3.1899561882019043,,,HYDRAULIC_PROXY; no surface-water depth coupling
31666,,,2005-07-26T05:15:00,,3.1899561882019043,,,HYDRAULIC_PROXY; no surface-water depth coupling
31667,,,2005-07-26T05:15:00,,3.1899561882019043,,,HYDRAULIC_PROXY; no surface-water depth coupling
31912,,,2005-07-26T06:00:00,,0.06443185359239578,,,HYDRAULIC_PROXY; no surface-water depth coupling
31913,,,2005-07-26T06:00:00,,0.25418850779533386,,,HYDRAULIC_PROXY; no surface-water depth coupling
31914,,,2005-07-26T06:00:00,,0.25418850779533386,,,HYDRAULIC_PROXY; no surface-water depth coupling
31915,,,2005-07-26T06:00:00,,0.2736498713493347,,,HYDRAULIC_PROXY; no surface-water depth coupling
31916,,,2005-07-26T06:00:00,,0.2736498713493347,,,HYDRAULIC_PROXY; no surface-water depth coupling
31917,,,2005-07-26T06:00:00,,0.2736498713493347,,,HYDRAULIC_PROXY; no surface-water depth coupling
31918,,,2005-07-26T06:00:00,,0.2736498713493347,,,HYDRAULIC_PROXY; no surface-water depth coupling
31919,,,2005-07-26T06:00:00,,0.2736498713493347,,,HYDRAULIC_PROXY; no surface-water depth coupling
31920,,,2005-07-26T06:00:00,,0.8590431809425354,,,HYDRAULIC_PROXY; no surface-water depth coupling
31921,,,2005-07-26T05:45:00,,0.874836802482605,,,HYDRAULIC_PROXY; no surface-water depth coupling
31922,,,2005-07-26T05:45:00,,0.874836802482605,,,HYDRAULIC_PROXY; no surface-water depth coupling
31923,,,2005-07-26T05:45:00,,0.874836802482605,,,HYDRAULIC_PROXY; no surface-water depth coupling
31924,,,2005-07-26T06:00:00,,0.7821717262268066,,,HYDRAULIC_PROXY; no surface-water depth coupling
31925,,,2005-07-26T06:00:00,,1.0420604944229126,,,HYDRAULIC_PROXY; no surface-water depth coupling
31926,,,2005-07-26T06:00:00,,1.0420604944229126,,,HYDRAULIC_PROXY; no surface-water depth coupling
31927,,,2005-07-26T06:00:00,,1.0928990840911865,,,HYDRAULIC_PROXY; no surface-water depth coupling
31928,,,2005-07-26T06:00:00,,1.0928990840911865,,,HYDRAULIC_PROXY; no surface-water depth coupling
31929,,,2005-07-26T06:00:00,,1.6273775100708008,,,HYDRAULIC_PROXY; no surface-water depth coupling
31930,,,2005-07-26T06:00:00,,1.5307878255844116,,,HYDRAULIC_PROXY; no surface-water depth coupling
31931,,,2005-07-26T06:00:00,,1.0556896924972534,,,HYDRAULIC_PROXY; no surface-water depth coupling
31932,,,2005-07-26T06:00:00,,1.015031099319458,,,HYDRAULIC_PROXY; no surface-water depth coupling
31933,,,2005-07-26T06:00:00,,2.454136371612549,,,HYDRAULIC_PROXY; no surface-water depth coupling
31934,,,2005-07-26T05:45:00,,2.73463773727417,,,HYDRAULIC_PROXY; no surface-water depth coupling
31935,,,2005-07-26T06:00:00,,3.4829206466674805,,,HYDRAULIC_PROXY; no surface-water depth coupling
31936,,,2005-07-26T06:00:00,,3.4829206466674805,,,HYDRAULIC_PROXY; no surface-water depth coupling
31937,,,2005-07-26T05:15:00,,3.1899561882019043,,,HYDRAULIC_PROXY; no surface-water depth coupling
31938,,,2005-07-26T05:15:00,,3.1899561882019043,,,HYDRAULIC_PROXY; no surface-water depth coupling
31939,,,2005-07-26T05:15:00,,3.1899561882019043,,,HYDRAULIC_PROXY; no surface-water depth coupling
31940,,,2005-07-26T05:15:00,,3.1899561882019043,,,HYDRAULIC_PROXY; no surface-water depth coupling
31941,,,2005-07-26T05:15:00,,3.1899561882019043,,,HYDRAULIC_PROXY; no surface-water depth coupling
31942,,,2005-07-26T05:15:00,,3.1899561882019043,,,HYDRAULIC_PROXY; no surface-water depth coupling
31943,,,2005-07-26T05:15:00,,3.1899561882019043,,,HYDRAULIC_PROXY; no surface-water depth coupling
32193,,,2005-07-26T05:30:00,,0.293622225522995,,,HYDRAULIC_PROXY; no surface-water depth coupling
32194,,,2005-07-26T05:45:00,,0.5014453530311584,,,HYDRAULIC_PROXY; no surface-water depth coupling
32195,,,2005-07-26T05:00:00,,0.5162540674209595,,,HYDRAULIC_PROXY; no surface-water depth coupling
32196,,,2005-07-26T06:00:00,,0.33498427271842957,,,HYDRAULIC_PROXY; no surface-water depth coupling
32197,,,2005-07-26T06:00:00,,0.31461992859840393,,,HYDRAULIC_PROXY; no surface-water depth coupling
32198,,,2005-07-26T06:00:00,,0.25650492310523987,,,HYDRAULIC_PROXY; no surface-water depth coupling
32199,,,2005-07-26T06:00:00,,0.1927461177110672,,,HYDRAULIC_PROXY; no surface-water depth coupling
32200,,,2005-07-26T05:45:00,,0.874836802482605,,,HYDRAULIC_PROXY; no surface-water depth coupling
32201,,,2005-07-26T05:45:00,,0.874836802482605,,,HYDRAULIC_PROXY; no surface-water depth coupling
32202,,,2005-07-26T05:45:00,,0.874836802482605,,,HYDRAULIC_PROXY; no surface-water depth coupling
32203,,,2005-07-26T05:45:00,,0.874836802482605,,,HYDRAULIC_PROXY; no surface-water depth coupling
32204,,,2005-07-26T06:00:00,,0.7771783471107483,,,HYDRAULIC_PROXY; no surface-water depth coupling
32205,,,2005-07-26T06:00:00,,0.7771783471107483,,,HYDRAULIC_PROXY; no surface-water depth coupling
32206,,,2005-07-26T06:00:00,,0.7771783471107483,,,HYDRAULIC_PROXY; no surface-water depth coupling
32207,,,2005-07-26T06:00:00,,1.0928990840911865,,,HYDRAULIC_PROXY; no surface-water depth coupling
32208,,,2005-07-26T06:00:00,,1.0928990840911865,,,HYDRAULIC_PROXY; no surface-water depth coupling
32209,,,2005-07-26T06:00:00,,1.6273775100708008,,,HYDRAULIC_PROXY; no surface-water depth coupling
32210,,,2005-07-26T06:00:00,,1.5307878255844116,,,HYDRAULIC_PROXY; no surface-water depth coupling
32211,,,2005-07-26T06:00:00,,1.5307878255844116,,,HYDRAULIC_PROXY; no surface-water depth coupling
32212,,,2005-07-26T06:00:00,,1.4302806854248047,,,HYDRAULIC_PROXY; no surface-water depth coupling
32213,,,2005-07-26T06:00:00,,2.454136371612549,,,HYDRAULIC_PROXY; no surface-water depth coupling
32214,,,2005-07-26T05:45:00,,2.73463773727417,,,HYDRAULIC_PROXY; no surface-water depth coupling
32215,,,2005-07-26T06:00:00,,3.4829206466674805,,,HYDRAULIC_PROXY; no surface-water depth coupling
32216,,,2005-07-26T06:00:00,,3.4829206466674805,,,HYDRAULIC_PROXY; no surface-water depth coupling
32217,,,2005-07-26T05:15:00,,3.1899561882019043,,,HYDRAULIC_PROXY; no surface-water depth coupling
32218,,,2005-07-26T05:15:00,,3.1899561882019043,,,HYDRAULIC_PROXY; no surface-water depth coupling
32219,,,2005-07-26T05:15:00,,3.1899561882019043,,,HYDRAULIC_PROXY; no surface-water depth coupling
32220,,,2005-07-26T05:15:00,,3.1899561882019043,,,HYDRAULIC_PROXY; no surface-water depth coupling
32221,,,2005-07-26T05:15:00,,3.1899561882019043,,,HYDRAULIC_PROXY; no surface-water depth coupling
32222,,,2005-07-26T05:15:00,,3.1899561882019043,,,HYDRAULIC_PROXY; no surface-water depth coupling
32223,,,2005-07-26T05:15:00,,3.1899561882019043,,,HYDRAULIC_PROXY; no surface-water depth coupling
32473,,,2005-07-26T05:30:00,,0.293622225522995,,,HYDRAULIC_PROXY; no surface-water depth coupling
32474,,,2005-07-26T05:45:00,,0.5014453530311584,,,HYDRAULIC_PROXY; no surface-water depth coupling
32475,,,2005-07-26T05:00:00,,0.5162540674209595,,,HYDRAULIC_PROXY; no surface-water depth coupling
32476,,,2005-07-26T06:00:00,,0.33498427271842957,,,HYDRAULIC_PROXY; no surface-water depth coupling
32477,,,2005-07-26T06:00:00,,0.31461992859840393,,,HYDRAULIC_PROXY; no surface-water depth coupling
32478,,,2005-07-26T06:00:00,,0.25650492310523987,,,HYDRAULIC_PROXY; no surface-water depth coupling
32479,,,2005-07-26T06:00:00,,0.16278833150863647,,,HYDRAULIC_PROXY; no surface-water depth coupling
32480,,,2005-07-26T06:00:00,,0.16278833150863647,,,HYDRAULIC_PROXY; no surface-water depth coupling
32481,,,2005-07-26T06:00:00,,0.565922200679779,,,HYDRAULIC_PROXY; no surface-water depth coupling
32482,,,2005-07-26T06:00:00,,0.565922200679779,,,HYDRAULIC_PROXY; no surface-water depth coupling
32483,,,2005-07-26T06:00:00,,0.565922200679779,,,HYDRAULIC_PROXY; no surface-water depth coupling
32484,,,2005-07-26T06:00:00,,0.8144400119781494,,,HYDRAULIC_PROXY; no surface-water depth coupling
32485,,,2005-07-26T06:00:00,,0.8144400119781494,,,HYDRAULIC_PROXY; no surface-water depth coupling
32486,,,2005-07-26T06:00:00,,0.7771783471107483,,,HYDRAULIC_PROXY; no surface-water depth coupling
32487,,,2005-07-26T06:00:00,,1.0928990840911865,,,HYDRAULIC_PROXY; no surface-water depth coupling
32488,,,2005-07-26T06:00:00,,1.0928990840911865,,,HYDRAULIC_PROXY; no surface-water depth coupling
32489,,,2005-07-26T06:00:00,,1.6273775100708008,,,HYDRAULIC_PROXY; no surface-water depth coupling
32490,,,2005-07-26T06:00:00,,1.5307878255844116,,,HYDRAULIC_PROXY; no surface-water depth coupling
32491,,,2005-07-26T06:00:00,,1.5307878255844116,,,HYDRAULIC_PROXY; no surface-water depth coupling
32492,,,2005-07-26T06:00:00,,1.4302806854248047,,,HYDRAULIC_PROXY; no surface-water depth coupling
32493,,,2005-07-26T06:00:00,,2.454136371612549,,,HYDRAULIC_PROXY; no surface-water depth coupling
32494,,,2005-07-26T05:45:00,,2.73463773727417,,,HYDRAULIC_PROXY; no surface-water depth coupling
32495,,,2005-07-26T06:00:00,,3.4829206466674805,,,HYDRAULIC_PROXY; no surface-water depth coupling
32496,,,2005-07-26T05:30:00,,2.6030185222625732,,,HYDRAULIC_PROXY; no surface-water depth coupling
32497,,,2005-07-26T05:30:00,,2.6030185222625732,,,HYDRAULIC_PROXY; no surface-water depth coupling
32498,,,2005-07-26T05:30:00,,2.6030185222625732,,,HYDRAULIC_PROXY; no surface-water depth coupling
32499,,,2005-07-26T05:30:00,,2.6030185222625732,,,HYDRAULIC_PROXY; no surface-water depth coupling
32500,,,2005-07-26T05:30:00,,2.6030185222625732,,,HYDRAULIC_PROXY; no surface-water depth coupling
32501,,,2005-07-26T05:15:00,,3.1899561882019043,,,HYDRAULIC_PROXY; no surface-water depth coupling
32502,,,2005-07-26T05:15:00,,3.1899561882019043,,,HYDRAULIC_PROXY; no surface-water depth coupling
32759,,,2005-07-26T06:00:00,,0.10784095525741577,,,HYDRAULIC_PROXY; no surface-water depth coupling
32760,,,2005-07-26T06:00:00,,0.10784095525741577,,,HYDRAULIC_PROXY; no surface-water depth coupling
32761,,,2005-07-26T06:00:00,,0.565922200679779,,,HYDRAULIC_PROXY; no surface-water depth coupling
32762,,,2005-07-26T06:00:00,,0.565922200679779,,,HYDRAULIC_PROXY; no surface-water depth coupling
32763,,,2005-07-26T06:00:00,,0.565922200679779,,,HYDRAULIC_PROXY; no surface-water depth coupling
32764,,,2005-07-26T06:00:00,,0.49471771717071533,,,HYDRAULIC_PROXY; no surface-water depth coupling
32765,,,2005-07-26T06:00:00,,0.49471771717071533,,,HYDRAULIC_PROXY; no surface-water depth coupling
32766,,,2005-07-26T06:00:00,,0.49471771717071533,,,HYDRAULIC_PROXY; no surface-water depth coupling
32767,,,2005-07-26T06:00:00,,0.49471771717071533,,,HYDRAULIC_PROXY; no surface-water depth coupling
32768,,,2005-07-26T06:00:00,,1.6273775100708008,,,HYDRAULIC_PROXY; no surface-water depth coupling
32769,,,2005-07-26T06:00:00,,1.5307878255844116,,,HYDRAULIC_PROXY; no surface-water depth coupling
32770,,,2005-07-26T06:00:00,,1.5307878255844116,,,HYDRAULIC_PROXY; no surface-water depth coupling
32771,,,2005-07-26T06:00:00,,1.4302806854248047,,,HYDRAULIC_PROXY; no surface-water depth coupling
32772,,,2005-07-26T06:00:00,,0.8611994981765747,,,HYDRAULIC_PROXY; no surface-water depth coupling
32773,,,2005-07-26T06:00:00,,0.8611994981765747,,,HYDRAULIC_PROXY; no surface-water depth coupling
32774,,,2005-07-26T06:00:00,,0.8611994981765747,,,HYDRAULIC_PROXY; no surface-water depth coupling
32775,,,2005-07-26T06:00:00,,1.6292870044708252,,,HYDRAULIC_PROXY; no surface-water depth coupling
32776,,,2005-07-26T06:00:00,,1.6292870044708252,,,HYDRAULIC_PROXY; no surface-water depth coupling
32777,,,2005-07-26T05:30:00,,2.6030185222625732,,,HYDRAULIC_PROXY; no surface-water depth coupling
32778,,,2005-07-26T05:30:00,,2.6030185222625732,,,HYDRAULIC_PROXY; no surface-water depth coupling
32779,,,2005-07-26T05:30:00,,2.6030185222625732,,,HYDRAULIC_PROXY; no surface-water depth coupling
32780,,,2005-07-26T05:30:00,,2.6030185222625732,,,HYDRAULIC_PROXY; no surface-water depth coupling
32781,,,2005-07-26T05:30:00,,2.6030185222625732,,,HYDRAULIC_PROXY; no surface-water depth coupling
33039,,,2005-07-26T06:00:00,,0.565922200679779,,,HYDRAULIC_PROXY; no surface-water depth coupling
33040,,,2005-07-26T06:00:00,,0.565922200679779,,,HYDRAULIC_PROXY; no surface-water depth coupling
33041,,,2005-07-26T06:00:00,,0.565922200679779,,,HYDRAULIC_PROXY; no surface-water depth coupling
33042,,,2005-07-26T06:00:00,,0.49471771717071533,,,HYDRAULIC_PROXY; no surface-water depth coupling
33043,,,2005-07-26T06:00:00,,0.49471771717071533,,,HYDRAULIC_PROXY; no surface-water depth coupling
33044,,,2005-07-26T06:00:00,,0.49471771717071533,,,HYDRAULIC_PROXY; no surface-water depth coupling
33045,,,2005-07-26T06:00:00,,0.49471771717071533,,,HYDRAULIC_PROXY; no surface-water depth coupling
33046,,,2005-07-26T06:00:00,,1.6273775100708008,,,HYDRAULIC_PROXY; no surface-water depth coupling
33047,,,2005-07-26T06:00:00,,1.5307878255844116,,,HYDRAULIC_PROXY; no surface-water depth coupling
33048,,,2005-07-26T06:00:00,,1.5307878255844116,,,HYDRAULIC_PROXY; no surface-water depth coupling
33049,,,2005-07-26T06:00:00,,0.8611994981765747,,,HYDRAULIC_PROXY; no surface-water depth coupling
33050,,,2005-07-26T06:00:00,,0.8611994981765747,,,HYDRAULIC_PROXY; no surface-water depth coupling
33051,,,2005-07-26T06:00:00,,0.8611994981765747,,,HYDRAULIC_PROXY; no surface-water depth coupling
33052,,,2005-07-26T06:00:00,,0.8611994981765747,,,HYDRAULIC_PROXY; no surface-water depth coupling
33053,,,2005-07-26T06:00:00,,1.1483033895492554,,,HYDRAULIC_PROXY; no surface-water depth coupling
33054,,,2005-07-26T06:00:00,,1.1483033895492554,,,HYDRAULIC_PROXY; no surface-water depth coupling
33055,,,2005-07-26T06:00:00,,1.6292870044708252,,,HYDRAULIC_PROXY; no surface-water depth coupling
33056,,,2005-07-26T06:00:00,,1.6292870044708252,,,HYDRAULIC_PROXY; no surface-water depth coupling
33057,,,2005-07-26T05:30:00,,2.6030185222625732,,,HYDRAULIC_PROXY; no surface-water depth coupling
33058,,,2005-07-26T05:30:00,,2.6030185222625732,,,HYDRAULIC_PROXY; no surface-water depth coupling
33316,,,2005-07-26T06:00:00,,0.565922200679779,,,HYDRAULIC_PROXY; no surface-water depth coupling
33317,,,2005-07-26T06:00:00,,0.5175498723983765,,,HYDRAULIC_PROXY; no surface-water depth coupling
33318,,,2005-07-26T06:00:00,,0.49471771717071533,,,HYDRAULIC_PROXY; no surface-water depth coupling
33319,,,2005-07-26T06:00:00,,0.49471771717071533,,,HYDRAULIC_PROXY; no surface-water depth coupling
33320,,,2005-07-26T06:00:00,,0.49471771717071533,,,HYDRAULIC_PROXY; no surface-water depth coupling
33321,,,2005-07-26T06:00:00,,0.49471771717071533,,,HYDRAULIC_PROXY; no surface-water depth coupling
33322,,,2005-07-26T06:00:00,,0.49471771717071533,,,HYDRAULIC_PROXY; no surface-water depth coupling
33323,,,2005-07-26T06:00:00,,1.5307878255844116,,,HYDRAULIC_PROXY; no surface-water depth coupling
33324,,,2005-07-26T06:00:00,,0.8611994981765747,,,HYDRAULIC_PROXY; no surface-water depth coupling
33325,,,2005-07-26T06:00:00,,0.8611994981765747,,,HYDRAULIC_PROXY; no surface-water depth coupling
33326,,,2005-07-26T06:00:00,,0.8611994981765747,,,HYDRAULIC_PROXY; no surface-water depth coupling
33327,,,2005-07-26T06:00:00,,0.8611994981765747,,,HYDRAULIC_PROXY; no surface-water depth coupling
33328,,,2005-07-26T06:00:00,,0.8611994981765747,,,HYDRAULIC_PROXY; no surface-water depth coupling
33329,,,2005-07-26T06:00:00,,1.1483033895492554,,,HYDRAULIC_PROXY; no surface-water depth coupling
33330,,,2005-07-26T06:00:00,,1.1483033895492554,,,HYDRAULIC_PROXY; no surface-water depth coupling
33331,,,2005-07-26T06:00:00,,1.1483033895492554,,,HYDRAULIC_PROXY; no surface-water depth coupling
33332,,,2005-07-26T06:00:00,,1.1483033895492554,,,HYDRAULIC_PROXY; no surface-water depth coupling
33333,,,2005-07-26T06:00:00,,1.1483033895492554,,,HYDRAULIC_PROXY; no surface-water depth coupling
33334,,,2005-07-26T06:00:00,,1.6292870044708252,,,HYDRAULIC_PROXY; no surface-water depth coupling
33593,,,2005-07-26T06:00:00,,0.10036446899175644,,,HYDRAULIC_PROXY; no surface-water depth coupling
33594,,,2005-07-26T06:00:00,,0.49471771717071533,,,HYDRAULIC_PROXY; no surface-water depth coupling
33595,,,2005-07-26T06:00:00,,0.49471771717071533,,,HYDRAULIC_PROXY; no surface-water depth coupling
33596,,,2005-07-26T06:00:00,,0.49471771717071533,,,HYDRAULIC_PROXY; no surface-water depth coupling
33597,,,2005-07-26T06:00:00,,0.49471771717071533,,,HYDRAULIC_PROXY; no surface-water depth coupling
33598,,,2005-07-26T06:00:00,,0.49471771717071533,,,HYDRAULIC_PROXY; no surface-water depth coupling
33599,,,2005-07-26T06:00:00,,1.5307878255844116,,,HYDRAULIC_PROXY; no surface-water depth coupling
33600,,,2005-07-26T06:00:00,,0.8611994981765747,,,HYDRAULIC_PROXY; no surface-water depth coupling
33601,,,2005-07-26T06:00:00,,0.8611994981765747,,,HYDRAULIC_PROXY; no surface-water depth coupling
33602,,,2005-07-26T06:00:00,,0.8611994981765747,,,HYDRAULIC_PROXY; no surface-water depth coupling
33603,,,2005-07-26T06:00:00,,0.8611994981765747,,,HYDRAULIC_PROXY; no surface-water depth coupling
33604,,,2005-07-26T06:00:00,,0.8611994981765747,,,HYDRAULIC_PROXY; no surface-water depth coupling
33605,,,2005-07-26T06:00:00,,1.1483033895492554,,,HYDRAULIC_PROXY; no surface-water depth coupling
33606,,,2005-07-26T06:00:00,,1.1483033895492554,,,HYDRAULIC_PROXY; no surface-water depth coupling
33607,,,2005-07-26T06:00:00,,1.1483033895492554,,,HYDRAULIC_PROXY; no surface-water depth coupling
33608,,,2005-07-26T06:00:00,,1.1483033895492554,,,HYDRAULIC_PROXY; no surface-water depth coupling
33609,,,2005-07-26T06:00:00,,1.1483033895492554,,,HYDRAULIC_PROXY; no surface-water depth coupling
33869,,,2005-07-26T06:00:00,,0.10036446899175644,,,HYDRAULIC_PROXY; no surface-water depth coupling
33870,,,2005-07-26T06:00:00,,0.10036446899175644,,,HYDRAULIC_PROXY; no surface-water depth coupling
33871,,,2005-07-26T06:00:00,,0.49471771717071533,,,HYDRAULIC_PROXY; no surface-water depth coupling
33872,,,2005-07-26T06:00:00,,0.49471771717071533,,,HYDRAULIC_PROXY; no surface-water depth coupling
33873,,,2005-07-26T06:00:00,,0.49471771717071533,,,HYDRAULIC_PROXY; no surface-water depth coupling
33874,,,2005-07-26T06:00:00,,0.8611994981765747,,,HYDRAULIC_PROXY; no surface-water depth coupling
33875,,,2005-07-26T06:00:00,,0.8611994981765747,,,HYDRAULIC_PROXY; no surface-water depth coupling
33876,,,2005-07-26T06:00:00,,0.8611994981765747,,,HYDRAULIC_PROXY; no surface-water depth coupling
33877,,,2005-07-26T06:00:00,,0.8611994981765747,,,HYDRAULIC_PROXY; no surface-water depth coupling
33878,,,2005-07-26T06:00:00,,0.8611994981765747,,,HYDRAULIC_PROXY; no surface-water depth coupling
33879,,,2005-07-26T06:00:00,,0.8611994981765747,,,HYDRAULIC_PROXY; no surface-water depth coupling
33880,,,2005-07-26T06:00:00,,1.1483033895492554,,,HYDRAULIC_PROXY; no surface-water depth coupling
33881,,,2005-07-26T06:00:00,,1.1483033895492554,,,HYDRAULIC_PROXY; no surface-water depth coupling
33882,,,2005-07-26T06:00:00,,1.1483033895492554,,,HYDRAULIC_PROXY; no surface-water depth coupling
33883,,,2005-07-26T06:00:00,,1.1483033895492554,,,HYDRAULIC_PROXY; no surface-water depth coupling
34144,,,2005-07-26T06:00:00,,0.10036446899175644,,,HYDRAULIC_PROXY; no surface-water depth coupling
34145,,,2005-07-26T06:00:00,,0.10036446899175644,,,HYDRAULIC_PROXY; no surface-water depth coupling
34146,,,2005-07-26T06:00:00,,0.10036446899175644,,,HYDRAULIC_PROXY; no surface-water depth coupling
34147,,,2005-07-26T06:00:00,,0.49471771717071533,,,HYDRAULIC_PROXY; no surface-water depth coupling
34148,,,2005-07-26T06:00:00,,0.8611994981765747,,,HYDRAULIC_PROXY; no surface-water depth coupling
34149,,,2005-07-26T06:00:00,,0.8611994981765747,,,HYDRAULIC_PROXY; no surface-water depth coupling
34150,,,2005-07-26T06:00:00,,0.8611994981765747,,,HYDRAULIC_PROXY; no surface-water depth coupling
34151,,,2005-07-26T06:00:00,,0.8611994981765747,,,HYDRAULIC_PROXY; no surface-water depth coupling
34152,,,2005-07-26T06:00:00,,0.8611994981765747,,,HYDRAULIC_PROXY; no surface-water depth coupling
34153,,,2005-07-26T06:00:00,,0.8611994981765747,,,HYDRAULIC_PROXY; no surface-water depth coupling
34155,,,2005-07-26T06:00:00,,1.1483033895492554,,,HYDRAULIC_PROXY; no surface-water depth coupling
34418,,,2005-07-26T06:00:00,,0.10036446899175644,,,HYDRAULIC_PROXY; no surface-water depth coupling
34419,,,2005-07-26T06:00:00,,0.10036446899175644,,,HYDRAULIC_PROXY; no surface-water depth coupling
34420,,,2005-07-26T06:00:00,,0.10036446899175644,,,HYDRAULIC_PROXY; no surface-water depth coupling
34421,,,2005-07-26T06:00:00,,0.10036446899175644,,,HYDRAULIC_PROXY; no surface-water depth coupling
34422,,,2005-07-26T06:00:00,,0.8611994981765747,,,HYDRAULIC_PROXY; no surface-water depth coupling
34423,,,2005-07-26T06:00:00,,0.8611994981765747,,,HYDRAULIC_PROXY; no surface-water depth coupling
34424,,,2005-07-26T06:00:00,,0.8611994981765747,,,HYDRAULIC_PROXY; no surface-water depth coupling
34694,,,2005-07-26T06:00:00,,0.10036446899175644,,,HYDRAULIC_PROXY; no surface-water depth coupling
34695,,,2005-07-26T06:00:00,,0.10036446899175644,,,HYDRAULIC_PROXY; no surface-water depth coupling
34696,,,2005-07-26T06:00:00,,0.8611994981765747,,,HYDRAULIC_PROXY; no surface-water depth coupling
34697,,,2005-07-26T06:00:00,,0.8611994981765747,,,HYDRAULIC_PROXY; no surface-water depth coupling
34698,,,2005-07-26T06:00:00,,0.8611994981765747,,,HYDRAULIC_PROXY; no surface-water depth coupling
34969,,,2005-07-26T06:00:00,,0.10036446899175644,,,HYDRAULIC_PROXY; no surface-water depth coupling
34970,,,2005-07-26T06:00:00,,0.8611994981765747,,,HYDRAULIC_PROXY; no surface-water depth coupling
