conduit_id,max_flow_m3s,max_velocity_ms,max_depth_m,duration_surcharged_minutes,full_flow_duration_minutes,time_of_peak_flow,validation_status
C_18683,0.0,0.0,3.0479999622912146e-05,0,0,2005-07-26T00:15:00,ENGINE_EXECUTABLE_HYDRAULICALLY_UNVALIDATED
C_18684,0.0,0.0,3.0479999622912146e-05,0,0,2005-07-26T00:15:00,ENGINE_EXECUTABLE_HYDRAULICALLY_UNVALIDATED
C_18685,0.0,0.0,3.0479999622912146e-05,0,0,2005-07-26T00:15:00,ENGINE_EXECUTABLE_HYDRAULICALLY_UNVALIDATED
C_18686,0.0,0.0,3.0479999622912146e-05,0,0,2005-07-26T00:15:00,ENGINE_EXECUTABLE_HYDRAULICALLY_UNVALIDATED
C_18688,0.0,0.0,3.0479999622912146e-05,0,0,2005-07-26T00:15:00,ENGINE_EXECUTABLE_HYDRAULICALLY_UNVALIDATED
C_18689,0.0,0.0,3.0479999622912146e-05,0,0,2005-07-26T00:15:00,ENGINE_EXECUTABLE_HYDRAULICALLY_UNVALIDATED
C_18690,0.0,0.0,3.0479999622912146e-05,0,0,2005-07-26T00:15:00,ENGINE_EXECUTABLE_HYDRAULICALLY_UNVALIDATED
C_18691,0.0,0.0,3.0479999622912146e-05,0,0,2005-07-26T00:15:00,ENGINE_EXECUTABLE_HYDRAULICALLY_UNVALIDATED
C_18692,0.0,0.0,3.0479999622912146e-05,0,0,2005-07-26T00:15:00,ENGINE_EXECUTABLE_HYDRAULICALLY_UNVALIDATED
C_18693,0.0,0.0,3.0479999622912146e-05,0,0,2005-07-26T00:15:00,ENGINE_EXECUTABLE_HYDRAULICALLY_UNVALIDATED
C_18694,0.0,0.0,3.0479999622912146e-05,0,0,2005-07-26T00:15:00,ENGINE_EXECUTABLE_HYDRAULICALLY_UNVALIDATED
C_18695,0.0,0.0,3.0479999622912146e-05,0,0,2005-07-26T00:15:00,ENGINE_EXECUTABLE_HYDRAULICALLY_UNVALIDATED
C_18696,0.0,0.0,3.0479999622912146e-05,0,0,2005-07-26T00:15:00,ENGINE_EXECUTABLE_HYDRAULICALLY_UNVALIDATED
C_18697,0.0,0.0,3.0479999622912146e-05,0,0,2005-07-26T00:15:00,ENGINE_EXECUTABLE_HYDRAULICALLY_UNVALIDATED
C_18698,0.0,0.0,3.0479999622912146e-05,0,0,2005-07-26T00:15:00,ENGINE_EXECUTABLE_HYDRAULICALLY_UNVALIDATED
C_18699,0.0,0.0,3.0479999622912146e-05,0,0,2005-07-26T00:15:00,ENGINE_EXECUTABLE_HYDRAULICALLY_UNVALIDATED
C_18712,0.0,0.0,3.0479999622912146e-05,0,0,2005-07-26T00:15:00,ENGINE_EXECUTABLE_HYDRAULICALLY_UNVALIDATED
C_18713,0.0,0.0,3.0479999622912146e-05,0,0,2005-07-26T00:15:00,ENGINE_EXECUTABLE_HYDRAULICALLY_UNVALIDATED
C_18717,0.0,0.0,3.0479999622912146e-05,0,0,2005-07-26T00:15:00,ENGINE_EXECUTABLE_HYDRAULICALLY_UNVALIDATED
C_18718,0.0,0.0,3.0479999622912146e-05,0,0,2005-07-26T00:15:00,ENGINE_EXECUTABLE_HYDRAULICALLY_UNVALIDATED
C_18719,0.0,0.0,3.0479999622912146e-05,0,0,2005-07-26T00:15:00,ENGINE_EXECUTABLE_HYDRAULICALLY_UNVALIDATED
C_18720,0.0,0.0,3.0479999622912146e-05,0,0,2005-07-26T00:15:00,ENGINE_EXECUTABLE_HYDRAULICALLY_UNVALIDATED
C_18721,0.0,0.0,3.0479999622912146e-05,0,0,2005-07-26T00:15:00,ENGINE_EXECUTABLE_HYDRAULICALLY_UNVALIDATED
C_18722,0.0,0.0,3.0479999622912146e-05,0,0,2005-07-26T00:15:00,ENGINE_EXECUTABLE_HYDRAULICALLY_UNVALIDATED
C_18727,0.0,0.0,3.0479999622912146e-05,0,0,2005-07-26T00:15:00,ENGINE_EXECUTABLE_HYDRAULICALLY_UNVALIDATED
C_18728,0.0,0.0,3.0479999622912146e-05,0,0,2005-07-26T00:15:00,ENGINE_EXECUTABLE_HYDRAULICALLY_UNVALIDATED
C_18729,0.0,0.0,3.0479999622912146e-05,0,0,2005-07-26T00:15:00,ENGINE_EXECUTABLE_HYDRAULICALLY_UNVALIDATED
C_18730,0.0,0.0,3.0479999622912146e-05,0,0,2005-07-26T00:15:00,ENGINE_EXECUTABLE_HYDRAULICALLY_UNVALIDATED
C_18731,0.0,0.0,3.0479999622912146e-05,0,0,2005-07-26T00:15:00,ENGINE_EXECUTABLE_HYDRAULICALLY_UNVALIDATED
C_18732,0.0,0.0,3.0479999622912146e-05,0,0,2005-07-26T00:15:00,ENGINE_EXECUTABLE_HYDRAULICALLY_UNVALIDATED
C_18733,0.0,0.0,3.0479999622912146e-05,0,0,2005-07-26T00:15:00,ENGINE_EXECUTABLE_HYDRAULICALLY_UNVALIDATED
C_18734,0.0,0.0,3.0479999622912146e-05,0,0,2005-07-26T00:15:00,ENGINE_EXECUTABLE_HYDRAULICALLY_UNVALIDATED
C_18735,0.0,0.0,3.0479999622912146e-05,0,0,2005-07-26T00:15:00,ENGINE_EXECUTABLE_HYDRAULICALLY_UNVALIDATED
C_21411,0.0,0.0,3.0479999622912146e-05,0,0,2005-07-26T00:15:00,ENGINE_EXECUTABLE_HYDRAULICALLY_UNVALIDATED
C_21414,0.0,0.0,3.0479999622912146e-05,0,0,2005-07-26T00:15:00,ENGINE_EXECUTABLE_HYDRAULICALLY_UNVALIDATED
C_21416,0.0,0.0,3.0479999622912146e-05,0,0,2005-07-26T00:15:00,ENGINE_EXECUTABLE_HYDRAULICALLY_UNVALIDATED
C_21417,0.0,0.0,3.0479999622912146e-05,0,0,2005-07-26T00:15:00,ENGINE_EXECUTABLE_HYDRAULICALLY_UNVALIDATED
C_21447,0.0,0.0,3.0479999622912146e-05,0,0,2005-07-26T00:15:00,ENGINE_EXECUTABLE_HYDRAULICALLY_UNVALIDATED
C_21451,0.0,0.0,3.0479999622912146e-05,0,0,2005-07-26T00:15:00,ENGINE_EXECUTABLE_HYDRAULICALLY_UNVALIDATED
C_21456,0.0,0.0,3.0479999622912146e-05,0,0,2005-07-26T00:15:00,ENGINE_EXECUTABLE_HYDRAULICALLY_UNVALIDATED
C_21457,0.0,0.0,3.0479999622912146e-05,0,0,2005-07-26T00:15:00,ENGINE_EXECUTABLE_HYDRAULICALLY_UNVALIDATED
C_21458,0.0,0.0,3.0479999622912146e-05,0,0,2005-07-26T00:15:00,ENGINE_EXECUTABLE_HYDRAULICALLY_UNVALIDATED
C_21459,0.0,0.0,3.0479999622912146e-05,0,0,2005-07-26T00:15:00,ENGINE_EXECUTABLE_HYDRAULICALLY_UNVALIDATED
C_21460,0.0,0.0,3.0479999622912146e-05,0,0,2005-07-26T00:15:00,ENGINE_EXECUTABLE_HYDRAULICALLY_UNVALIDATED
C_21461,0.0,0.0,3.0479999622912146e-05,0,0,2005-07-26T00:15:00,ENGINE_EXECUTABLE_HYDRAULICALLY_UNVALIDATED
C_21462,0.0,0.0,3.0479999622912146e-05,0,0,2005-07-26T00:15:00,ENGINE_EXECUTABLE_HYDRAULICALLY_UNVALIDATED
C_21463,0.0,0.0,3.0479999622912146e-05,0,0,2005-07-26T00:15:00,ENGINE_EXECUTABLE_HYDRAULICALLY_UNVALIDATED
C_21464,0.0,0.0,3.0479999622912146e-05,0,0,2005-07-26T00:15:00,ENGINE_EXECUTABLE_HYDRAULICALLY_UNVALIDATED
C_21466,0.0,0.0,3.0479999622912146e-05,0,0,2005-07-26T00:15:00,ENGINE_EXECUTABLE_HYDRAULICALLY_UNVALIDATED
C_21468,0.0,0.0,3.0479999622912146e-05,0,0,2005-07-26T00:15:00,ENGINE_EXECUTABLE_HYDRAULICALLY_UNVALIDATED
C_21469,0.0,0.0,3.0479999622912146e-05,0,0,2005-07-26T00:15:00,ENGINE_EXECUTABLE_HYDRAULICALLY_UNVALIDATED
C_21470,0.0,0.0,3.0479999622912146e-05,0,0,2005-07-26T00:15:00,ENGINE_EXECUTABLE_HYDRAULICALLY_UNVALIDATED
C_21472,0.0,0.0,3.0479999622912146e-05,0,0,2005-07-26T00:15:00,ENGINE_EXECUTABLE_HYDRAULICALLY_UNVALIDATED
C_21528,0.0,0.0,3.0479999622912146e-05,0,0,2005-07-26T00:15:00,ENGINE_EXECUTABLE_HYDRAULICALLY_UNVALIDATED
C_21529,0.0,0.0,3.0479999622912146e-05,0,0,2005-07-26T00:15:00,ENGINE_EXECUTABLE_HYDRAULICALLY_UNVALIDATED
C_21530,0.0,0.0,3.0479999622912146e-05,0,0,2005-07-26T00:15:00,ENGINE_EXECUTABLE_HYDRAULICALLY_UNVALIDATED
C_21534,0.0,0.0,3.0479999622912146e-05,0,0,2005-07-26T00:15:00,ENGINE_EXECUTABLE_HYDRAULICALLY_UNVALIDATED
C_21535,0.0,0.0,3.0479999622912146e-05,0,0,2005-07-26T00:15:00,ENGINE_EXECUTABLE_HYDRAULICALLY_UNVALIDATED
C_21536,0.0,0.0,3.0479999622912146e-05,0,0,2005-07-26T00:15:00,ENGINE_EXECUTABLE_HYDRAULICALLY_UNVALIDATED
C_21537,0.0,0.0,3.0479999622912146e-05,0,0,2005-07-26T00:15:00,ENGINE_EXECUTABLE_HYDRAULICALLY_UNVALIDATED
C_21538,0.0,0.0,3.0479999622912146e-05,0,0,2005-07-26T00:15:00,ENGINE_EXECUTABLE_HYDRAULICALLY_UNVALIDATED
C_21539,0.0,0.0,3.0479999622912146e-05,0,0,2005-07-26T00:15:00,ENGINE_EXECUTABLE_HYDRAULICALLY_UNVALIDATED
C_21540,0.0,0.0,3.0479999622912146e-05,0,0,2005-07-26T00:15:00,ENGINE_EXECUTABLE_HYDRAULICALLY_UNVALIDATED
C_21542,0.0,0.0,3.0479999622912146e-05,0,0,2005-07-26T00:15:00,ENGINE_EXECUTABLE_HYDRAULICALLY_UNVALIDATED
C_21543,0.0,0.0,3.0479999622912146e-05,0,0,2005-07-26T00:15:00,ENGINE_EXECUTABLE_HYDRAULICALLY_UNVALIDATED
C_21544,0.0,0.0,3.0479999622912146e-05,0,0,2005-07-26T00:15:00,ENGINE_EXECUTABLE_HYDRAULICALLY_UNVALIDATED
C_21545,0.0,0.0,3.0479999622912146e-05,0,0,2005-07-26T00:15:00,ENGINE_EXECUTABLE_HYDRAULICALLY_UNVALIDATED
C_21546,0.0,0.0,3.0479999622912146e-05,0,0,2005-07-26T00:15:00,ENGINE_EXECUTABLE_HYDRAULICALLY_UNVALIDATED
C_21547,0.0,0.0,3.0479999622912146e-05,0,0,2005-07-26T00:15:00,ENGINE_EXECUTABLE_HYDRAULICALLY_UNVALIDATED
C_21548,0.0,0.0,3.0479999622912146e-05,0,0,2005-07-26T00:15:00,ENGINE_EXECUTABLE_HYDRAULICALLY_UNVALIDATED
C_21549,0.0,0.0,3.0479999622912146e-05,0,0,2005-07-26T00:15:00,ENGINE_EXECUTABLE_HYDRAULICALLY_UNVALIDATED
C_21551,0.0,0.0,3.0479999622912146e-05,0,0,2005-07-26T00:15:00,ENGINE_EXECUTABLE_HYDRAULICALLY_UNVALIDATED
C_21552,0.0,0.0,3.0479999622912146e-05,0,0,2005-07-26T00:15:00,ENGINE_EXECUTABLE_HYDRAULICALLY_UNVALIDATED
C_21554,0.0,0.0,3.0479999622912146e-05,0,0,2005-07-26T00:15:00,ENGINE_EXECUTABLE_HYDRAULICALLY_UNVALIDATED
C_21555,0.0,0.0,3.0479999622912146e-05,0,0,2005-07-26T00:15:00,ENGINE_EXECUTABLE_HYDRAULICALLY_UNVALIDATED
C_21556,0.0,0.0,3.0479999622912146e-05,0,0,2005-07-26T00:15:00,ENGINE_EXECUTABLE_HYDRAULICALLY_UNVALIDATED
C_21558,0.0,0.0,3.0479999622912146e-05,0,0,2005-07-26T00:15:00,ENGINE_EXECUTABLE_HYDRAULICALLY_UNVALIDATED
C_21559,0.0,0.0,3.0479999622912146e-05,0,0,2005-07-26T00:15:00,ENGINE_EXECUTABLE_HYDRAULICALLY_UNVALIDATED
C_21560,0.0,0.0,3.0479999622912146e-05,0,0,2005-07-26T00:15:00,ENGINE_EXECUTABLE_HYDRAULICALLY_UNVALIDATED
C_21564,0.0,0.0,3.0479999622912146e-05,0,0,2005-07-26T00:15:00,ENGINE_EXECUTABLE_HYDRAULICALLY_UNVALIDATED
C_21594,0.0,0.0,3.0479999622912146e-05,0,0,2005-07-26T00:15:00,ENGINE_EXECUTABLE_HYDRAULICALLY_UNVALIDATED
C_21595,0.0,0.0,3.0479999622912146e-05,0,0,2005-07-26T00:15:00,ENGINE_EXECUTABLE_HYDRAULICALLY_UNVALIDATED
C_21602,0.0,0.0,3.0479999622912146e-05,0,0,2005-07-26T00:15:00,ENGINE_EXECUTABLE_HYDRAULICALLY_UNVALIDATED
C_21603,0.0,0.0,3.0479999622912146e-05,0,0,2005-07-26T00:15:00,ENGINE_EXECUTABLE_HYDRAULICALLY_UNVALIDATED
C_21604,0.0,0.0,3.0479999622912146e-05,0,0,2005-07-26T00:15:00,ENGINE_EXECUTABLE_HYDRAULICALLY_UNVALIDATED
C_21605,0.0,0.0,3.0479999622912146e-05,0,0,2005-07-26T00:15:00,ENGINE_EXECUTABLE_HYDRAULICALLY_UNVALIDATED
C_21606,0.0,0.0,3.0479999622912146e-05,0,0,2005-07-26T00:15:00,ENGINE_EXECUTABLE_HYDRAULICALLY_UNVALIDATED
C_21607,0.0,0.0,3.0479999622912146e-05,0,0,2005-07-26T00:15:00,ENGINE_EXECUTABLE_HYDRAULICALLY_UNVALIDATED
C_21608,0.0,0.0,3.0479999622912146e-05,0,0,2005-07-26T00:15:00,ENGINE_EXECUTABLE_HYDRAULICALLY_UNVALIDATED
C_21609,0.0,0.0,3.0479999622912146e-05,0,0,2005-07-26T00:15:00,ENGINE_EXECUTABLE_HYDRAULICALLY_UNVALIDATED
C_21610,0.0,0.0,3.0479999622912146e-05,0,0,2005-07-26T00:15:00,ENGINE_EXECUTABLE_HYDRAULICALLY_UNVALIDATED
C_21612,0.0,0.0,3.0479999622912146e-05,0,0,2005-07-26T00:15:00,ENGINE_EXECUTABLE_HYDRAULICALLY_UNVALIDATED
C_21613,0.0,0.0,3.0479999622912146e-05,0,0,2005-07-26T00:15:00,ENGINE_EXECUTABLE_HYDRAULICALLY_UNVALIDATED
C_21614,0.0,0.0,3.0479999622912146e-05,0,0,2005-07-26T00:15:00,ENGINE_EXECUTABLE_HYDRAULICALLY_UNVALIDATED
C_21615,0.0,0.0,3.0479999622912146e-05,0,0,2005-07-26T00:15:00,ENGINE_EXECUTABLE_HYDRAULICALLY_UNVALIDATED
C_21616,0.0,0.0,3.0479999622912146e-05,0,0,2005-07-26T00:15:00,ENGINE_EXECUTABLE_HYDRAULICALLY_UNVALIDATED
C_21617,0.0,0.0,3.0479999622912146e-05,0,0,2005-07-26T00:15:00,ENGINE_EXECUTABLE_HYDRAULICALLY_UNVALIDATED
C_21618,0.0,0.0,3.0479999622912146e-05,0,0,2005-07-26T00:15:00,ENGINE_EXECUTABLE_HYDRAULICALLY_UNVALIDATED
C_21644,0.0,0.0,3.0479999622912146e-05,0,0,2005-07-26T00:15:00,ENGINE_EXECUTABLE_HYDRAULICALLY_UNVALIDATED
C_21645,0.0,0.0,3.0479999622912146e-05,0,0,2005-07-26T00:15:00,ENGINE_EXECUTABLE_HYDRAULICALLY_UNVALIDATED
C_21646,0.0,0.0,3.0479999622912146e-05,0,0,2005-07-26T00:15:00,ENGINE_EXECUTABLE_HYDRAULICALLY_UNVALIDATED
C_21647,0.0,0.0,3.0479999622912146e-05,0,0,2005-07-26T00:15:00,ENGINE_EXECUTABLE_HYDRAULICALLY_UNVALIDATED
C_21648,0.0,0.0,3.0479999622912146e-05,0,0,2005-07-26T00:15:00,ENGINE_EXECUTABLE_HYDRAULICALLY_UNVALIDATED
C_21864,0.0,0.0,3.0479999622912146e-05,0,0,2005-07-26T00:15:00,ENGINE_EXECUTABLE_HYDRAULICALLY_UNVALIDATED
C_21865,0.0,0.0,3.0479999622912146e-05,0,0,2005-07-26T00:15:00,ENGINE_EXECUTABLE_HYDRAULICALLY_UNVALIDATED
C_21884,0.0,0.0,3.0479999622912146e-05,0,0,2005-07-26T00:15:00,ENGINE_EXECUTABLE_HYDRAULICALLY_UNVALIDATED
C_21885,0.0,0.0,3.0479999622912146e-05,0,0,2005-07-26T00:15:00,ENGINE_EXECUTABLE_HYDRAULICALLY_UNVALIDATED
C_21886,0.0,0.0,3.0479999622912146e-05,0,0,2005-07-26T00:15:00,ENGINE_EXECUTABLE_HYDRAULICALLY_UNVALIDATED
C_21887,0.0,0.0,3.0479999622912146e-05,0,0,2005-07-26T00:15:00,ENGINE_EXECUTABLE_HYDRAULICALLY_UNVALIDATED
C_21888,0.0,0.0,3.0479999622912146e-05,0,0,2005-07-26T00:15:00,ENGINE_EXECUTABLE_HYDRAULICALLY_UNVALIDATED
C_21889,0.0,0.0,3.0479999622912146e-05,0,0,2005-07-26T00:15:00,ENGINE_EXECUTABLE_HYDRAULICALLY_UNVALIDATED
C_21890,0.0,0.0,3.0479999622912146e-05,0,0,2005-07-26T00:15:00,ENGINE_EXECUTABLE_HYDRAULICALLY_UNVALIDATED
C_21891,0.0,0.0,3.0479999622912146e-05,0,0,2005-07-26T00:15:00,ENGINE_EXECUTABLE_HYDRAULICALLY_UNVALIDATED
C_21892,0.0,0.0,3.0479999622912146e-05,0,0,2005-07-26T00:15:00,ENGINE_EXECUTABLE_HYDRAULICALLY_UNVALIDATED
C_21895,0.0,0.0,3.0479999622912146e-05,0,0,2005-07-26T00:15:00,ENGINE_EXECUTABLE_HYDRAULICALLY_UNVALIDATED
C_21897,0.0,0.0,3.0479999622912146e-05,0,0,2005-07-26T00:15:00,ENGINE_EXECUTABLE_HYDRAULICALLY_UNVALIDATED
C_21899,0.0,0.0,3.0479999622912146e-05,0,0,2005-07-26T00:15:00,ENGINE_EXECUTABLE_HYDRAULICALLY_UNVALIDATED
C_21900,0.0,0.0,3.0479999622912146e-05,0,0,2005-07-26T00:15:00,ENGINE_EXECUTABLE_HYDRAULICALLY_UNVALIDATED
C_21901,0.0,0.0,3.0479999622912146e-05,0,0,2005-07-26T00:15:00,ENGINE_EXECUTABLE_HYDRAULICALLY_UNVALIDATED
C_21902,0.0,0.0,3.0479999622912146e-05,0,0,2005-07-26T00:15:00,ENGINE_EXECUTABLE_HYDRAULICALLY_UNVALIDATED
C_21916,0.0,0.0,3.0479999622912146e-05,0,0,2005-07-26T00:15:00,ENGINE_EXECUTABLE_HYDRAULICALLY_UNVALIDATED
C_21924,0.0,0.0,3.0479999622912146e-05,0,0,2005-07-26T00:15:00,ENGINE_EXECUTABLE_HYDRAULICALLY_UNVALIDATED
C_21925,0.0,0.0,3.0479999622912146e-05,0,0,2005-07-26T00:15:00,ENGINE_EXECUTABLE_HYDRAULICALLY_UNVALIDATED
C_21926,0.0,0.0,3.0479999622912146e-05,0,0,2005-07-26T00:15:00,ENGINE_EXECUTABLE_HYDRAULICALLY_UNVALIDATED
C_21927,0.0,0.0,3.0479999622912146e-05,0,0,2005-07-26T00:15:00,ENGINE_EXECUTABLE_HYDRAULICALLY_UNVALIDATED
C_21928,0.0,0.0,3.0479999622912146e-05,0,0,2005-07-26T00:15:00,ENGINE_EXECUTABLE_HYDRAULICALLY_UNVALIDATED
C_21932,0.0,0.0,3.0479999622912146e-05,0,0,2005-07-26T00:15:00,ENGINE_EXECUTABLE_HYDRAULICALLY_UNVALIDATED
C_21934,0.0,0.0,3.0479999622912146e-05,0,0,2005-07-26T00:15:00,ENGINE_EXECUTABLE_HYDRAULICALLY_UNVALIDATED
C_21935,0.0,0.0,3.0479999622912146e-05,0,0,2005-07-26T00:15:00,ENGINE_EXECUTABLE_HYDRAULICALLY_UNVALIDATED
C_21936,0.0,0.0,3.0479999622912146e-05,0,0,2005-07-26T00:15:00,ENGINE_EXECUTABLE_HYDRAULICALLY_UNVALIDATED
C_21937,0.0,0.0,3.0479999622912146e-05,0,0,2005-07-26T00:15:00,ENGINE_EXECUTABLE_HYDRAULICALLY_UNVALIDATED
C_21938,0.0,0.0,3.0479999622912146e-05,0,0,2005-07-26T00:15:00,ENGINE_EXECUTABLE_HYDRAULICALLY_UNVALIDATED
C_21939,0.0,0.0,3.0479999622912146e-05,0,0,2005-07-26T00:15:00,ENGINE_EXECUTABLE_HYDRAULICALLY_UNVALIDATED
C_21940,0.0,0.0,3.0479999622912146e-05,0,0,2005-07-26T00:15:00,ENGINE_EXECUTABLE_HYDRAULICALLY_UNVALIDATED
C_21941,0.0,0.0,3.0479999622912146e-05,0,0,2005-07-26T00:15:00,ENGINE_EXECUTABLE_HYDRAULICALLY_UNVALIDATED
C_21942,0.0,0.0,3.0479999622912146e-05,0,0,2005-07-26T00:15:00,ENGINE_EXECUTABLE_HYDRAULICALLY_UNVALIDATED
C_21943,0.0,0.0,3.0479999622912146e-05,0,0,2005-07-26T00:15:00,ENGINE_EXECUTABLE_HYDRAULICALLY_UNVALIDATED
C_21944,0.0,0.0,3.0479999622912146e-05,0,0,2005-07-26T00:15:00,ENGINE_EXECUTABLE_HYDRAULICALLY_UNVALIDATED
C_21945,0.0,0.0,3.0479999622912146e-05,0,0,2005-07-26T00:15:00,ENGINE_EXECUTABLE_HYDRAULICALLY_UNVALIDATED
C_21946,0.0,0.0,3.0479999622912146e-05,0,0,2005-07-26T00:15:00,ENGINE_EXECUTABLE_HYDRAULICALLY_UNVALIDATED
C_21947,0.0,0.0,3.0479999622912146e-05,0,0,2005-07-26T00:15:00,ENGINE_EXECUTABLE_HYDRAULICALLY_UNVALIDATED
C_21948,0.0,0.0,3.0479999622912146e-05,0,0,2005-07-26T00:15:00,ENGINE_EXECUTABLE_HYDRAULICALLY_UNVALIDATED
C_21949,0.0,0.0,3.0479999622912146e-05,0,0,2005-07-26T00:15:00,ENGINE_EXECUTABLE_HYDRAULICALLY_UNVALIDATED
C_21950,0.0,0.0,3.0479999622912146e-05,0,0,2005-07-26T00:15:00,ENGINE_EXECUTABLE_HYDRAULICALLY_UNVALIDATED
C_21951,0.0,0.0,3.0479999622912146e-05,0,0,2005-07-26T00:15:00,ENGINE_EXECUTABLE_HYDRAULICALLY_UNVALIDATED
C_21952,0.0,0.0,3.0479999622912146e-05,0,0,2005-07-26T00:15:00,ENGINE_EXECUTABLE_HYDRAULICALLY_UNVALIDATED
C_21953,0.0,0.0,3.0479999622912146e-05,0,0,2005-07-26T00:15:00,ENGINE_EXECUTABLE_HYDRAULICALLY_UNVALIDATED
C_21954,0.0,0.0,3.0479999622912146e-05,0,0,2005-07-26T00:15:00,ENGINE_EXECUTABLE_HYDRAULICALLY_UNVALIDATED
C_21955,0.0,0.0,3.0479999622912146e-05,0,0,2005-07-26T00:15:00,ENGINE_EXECUTABLE_HYDRAULICALLY_UNVALIDATED
C_21956,0.0,0.0,3.0479999622912146e-05,0,0,2005-07-26T00:15:00,ENGINE_EXECUTABLE_HYDRAULICALLY_UNVALIDATED
C_21957,0.0,0.0,3.0479999622912146e-05,0,0,2005-07-26T00:15:00,ENGINE_EXECUTABLE_HYDRAULICALLY_UNVALIDATED
C_21958,0.0,0.0,3.0479999622912146e-05,0,0,2005-07-26T00:15:00,ENGINE_EXECUTABLE_HYDRAULICALLY_UNVALIDATED
C_21959,0.0,0.0,3.0479999622912146e-05,0,0,2005-07-26T00:15:00,ENGINE_EXECUTABLE_HYDRAULICALLY_UNVALIDATED
C_21960,0.0,0.0,3.0479999622912146e-05,0,0,2005-07-26T00:15:00,ENGINE_EXECUTABLE_HYDRAULICALLY_UNVALIDATED
C_21961,0.0,0.0,3.0479999622912146e-05,0,0,2005-07-26T00:15:00,ENGINE_EXECUTABLE_HYDRAULICALLY_UNVALIDATED
C_21962,0.0,0.0,3.0479999622912146e-05,0,0,2005-07-26T00:15:00,ENGINE_EXECUTABLE_HYDRAULICALLY_UNVALIDATED
C_21963,0.0,0.0,3.0479999622912146e-05,0,0,2005-07-26T00:15:00,ENGINE_EXECUTABLE_HYDRAULICALLY_UNVALIDATED
C_21964,0.0,0.0,3.0479999622912146e-05,0,0,2005-07-26T00:15:00,ENGINE_EXECUTABLE_HYDRAULICALLY_UNVALIDATED
C_21965,0.0,0.0,3.0479999622912146e-05,0,0,2005-07-26T00:15:00,ENGINE_EXECUTABLE_HYDRAULICALLY_UNVALIDATED
C_21966,0.0,0.0,3.0479999622912146e-05,0,0,2005-07-26T00:15:00,ENGINE_EXECUTABLE_HYDRAULICALLY_UNVALIDATED
C_22001,0.0,0.0,3.0479999622912146e-05,0,0,2005-07-26T00:15:00,ENGINE_EXECUTABLE_HYDRAULICALLY_UNVALIDATED
C_22002,0.0,0.0,3.0479999622912146e-05,0,0,2005-07-26T00:15:00,ENGINE_EXECUTABLE_HYDRAULICALLY_UNVALIDATED
C_22003,0.0,0.0,3.0479999622912146e-05,0,0,2005-07-26T00:15:00,ENGINE_EXECUTABLE_HYDRAULICALLY_UNVALIDATED
C_22004,0.0,0.0,3.0479999622912146e-05,0,0,2005-07-26T00:15:00,ENGINE_EXECUTABLE_HYDRAULICALLY_UNVALIDATED
C_22009,0.0,0.0,3.0479999622912146e-05,0,0,2005-07-26T00:15:00,ENGINE_EXECUTABLE_HYDRAULICALLY_UNVALIDATED
C_22010,0.0,0.0,3.0479999622912146e-05,0,0,2005-07-26T00:15:00,ENGINE_EXECUTABLE_HYDRAULICALLY_UNVALIDATED
C_22012,0.0,0.0,3.0479999622912146e-05,0,0,2005-07-26T00:15:00,ENGINE_EXECUTABLE_HYDRAULICALLY_UNVALIDATED
C_22013,0.0,0.0,3.0479999622912146e-05,0,0,2005-07-26T00:15:00,ENGINE_EXECUTABLE_HYDRAULICALLY_UNVALIDATED
C_22014,0.0,0.0,3.0479999622912146e-05,0,0,2005-07-26T00:15:00,ENGINE_EXECUTABLE_HYDRAULICALLY_UNVALIDATED
C_22015,0.0,0.0,3.0479999622912146e-05,0,0,2005-07-26T00:15:00,ENGINE_EXECUTABLE_HYDRAULICALLY_UNVALIDATED
C_22019,0.0,0.0,3.0479999622912146e-05,0,0,2005-07-26T00:15:00,ENGINE_EXECUTABLE_HYDRAULICALLY_UNVALIDATED
C_22020,0.0,0.0,3.0479999622912146e-05,0,0,2005-07-26T00:15:00,ENGINE_EXECUTABLE_HYDRAULICALLY_UNVALIDATED
C_22021,0.0,0.0,3.0479999622912146e-05,0,0,2005-07-26T00:15:00,ENGINE_EXECUTABLE_HYDRAULICALLY_UNVALIDATED
C_22022,0.0,0.0,3.0479999622912146e-05,0,0,2005-07-26T00:15:00,ENGINE_EXECUTABLE_HYDRAULICALLY_UNVALIDATED
C_22023,0.0,0.0,3.0479999622912146e-05,0,0,2005-07-26T00:15:00,ENGINE_EXECUTABLE_HYDRAULICALLY_UNVALIDATED
C_22024,0.0,0.0,3.0479999622912146e-05,0,0,2005-07-26T00:15:00,ENGINE_EXECUTABLE_HYDRAULICALLY_UNVALIDATED
C_22025,0.0,0.0,3.0479999622912146e-05,0,0,2005-07-26T00:15:00,ENGINE_EXECUTABLE_HYDRAULICALLY_UNVALIDATED
C_22026,0.0,0.0,3.0479999622912146e-05,0,0,2005-07-26T00:15:00,ENGINE_EXECUTABLE_HYDRAULICALLY_UNVALIDATED
C_22027,0.0,0.0,3.0479999622912146e-05,0,0,2005-07-26T00:15:00,ENGINE_EXECUTABLE_HYDRAULICALLY_UNVALIDATED
C_22028,0.0,0.0,3.0479999622912146e-05,0,0,2005-07-26T00:15:00,ENGINE_EXECUTABLE_HYDRAULICALLY_UNVALIDATED
C_22029,0.0,0.0,3.0479999622912146e-05,0,0,2005-07-26T00:15:00,ENGINE_EXECUTABLE_HYDRAULICALLY_UNVALIDATED
C_22030,0.0,0.0,3.0479999622912146e-05,0,0,2005-07-26T00:15:00,ENGINE_EXECUTABLE_HYDRAULICALLY_UNVALIDATED
C_22031,0.0,0.0,3.0479999622912146e-05,0,0,2005-07-26T00:15:00,ENGINE_EXECUTABLE_HYDRAULICALLY_UNVALIDATED
C_22032,0.0,0.0,3.0479999622912146e-05,0,0,2005-07-26T00:15:00,ENGINE_EXECUTABLE_HYDRAULICALLY_UNVALIDATED
C_22033,0.0,0.0,3.0479999622912146e-05,0,0,2005-07-26T00:15:00,ENGINE_EXECUTABLE_HYDRAULICALLY_UNVALIDATED
C_22076,0.0,0.0,3.0479999622912146e-05,0,0,2005-07-26T00:15:00,ENGINE_EXECUTABLE_HYDRAULICALLY_UNVALIDATED
C_22077,0.0,0.0,3.0479999622912146e-05,0,0,2005-07-26T00:15:00,ENGINE_EXECUTABLE_HYDRAULICALLY_UNVALIDATED
C_22078,0.0,0.0,3.0479999622912146e-05,0,0,2005-07-26T00:15:00,ENGINE_EXECUTABLE_HYDRAULICALLY_UNVALIDATED
C_22142,0.0,0.0,3.0479999622912146e-05,0,0,2005-07-26T00:15:00,ENGINE_EXECUTABLE_HYDRAULICALLY_UNVALIDATED
C_22143,0.0,0.0,3.0479999622912146e-05,0,0,2005-07-26T00:15:00,ENGINE_EXECUTABLE_HYDRAULICALLY_UNVALIDATED
C_22144,0.0,0.0,3.0479999622912146e-05,0,0,2005-07-26T00:15:00,ENGINE_EXECUTABLE_HYDRAULICALLY_UNVALIDATED
C_22146,0.0,0.0,3.0479999622912146e-05,0,0,2005-07-26T00:15:00,ENGINE_EXECUTABLE_HYDRAULICALLY_UNVALIDATED
C_22147,0.0,0.0,3.0479999622912146e-05,0,0,2005-07-26T00:15:00,ENGINE_EXECUTABLE_HYDRAULICALLY_UNVALIDATED
C_22148,0.0,0.0,3.0479999622912146e-05,0,0,2005-07-26T00:15:00,ENGINE_EXECUTABLE_HYDRAULICALLY_UNVALIDATED
C_22149,0.0,0.0,3.0479999622912146e-05,0,0,2005-07-26T00:15:00,ENGINE_EXECUTABLE_HYDRAULICALLY_UNVALIDATED
C_22150,0.0,0.0,3.0479999622912146e-05,0,0,2005-07-26T00:15:00,ENGINE_EXECUTABLE_HYDRAULICALLY_UNVALIDATED
C_22151,0.0,0.0,3.0479999622912146e-05,0,0,2005-07-26T00:15:00,ENGINE_EXECUTABLE_HYDRAULICALLY_UNVALIDATED
C_22152,0.0,0.0,3.0479999622912146e-05,0,0,2005-07-26T00:15:00,ENGINE_EXECUTABLE_HYDRAULICALLY_UNVALIDATED
C_22153,0.0,0.0,3.0479999622912146e-05,0,0,2005-07-26T00:15:00,ENGINE_EXECUTABLE_HYDRAULICALLY_UNVALIDATED
C_22156,0.0,0.0,3.0479999622912146e-05,0,0,2005-07-26T00:15:00,ENGINE_EXECUTABLE_HYDRAULICALLY_UNVALIDATED
C_22157,0.0,0.0,3.0479999622912146e-05,0,0,2005-07-26T00:15:00,ENGINE_EXECUTABLE_HYDRAULICALLY_UNVALIDATED
C_22158,0.0,0.0,3.0479999622912146e-05,0,0,2005-07-26T00:15:00,ENGINE_EXECUTABLE_HYDRAULICALLY_UNVALIDATED
C_22159,0.0,0.0,3.0479999622912146e-05,0,0,2005-07-26T00:15:00,ENGINE_EXECUTABLE_HYDRAULICALLY_UNVALIDATED
C_22160,0.0,0.0,3.0479999622912146e-05,0,0,2005-07-26T00:15:00,ENGINE_EXECUTABLE_HYDRAULICALLY_UNVALIDATED
C_22161,0.0,0.0,3.0479999622912146e-05,0,0,2005-07-26T00:15:00,ENGINE_EXECUTABLE_HYDRAULICALLY_UNVALIDATED
C_22165,0.0,0.0,3.0479999622912146e-05,0,0,2005-07-26T00:15:00,ENGINE_EXECUTABLE_HYDRAULICALLY_UNVALIDATED
C_22167,0.0,0.0,3.0479999622912146e-05,0,0,2005-07-26T00:15:00,ENGINE_EXECUTABLE_HYDRAULICALLY_UNVALIDATED
C_22168,0.0,0.0,3.0479999622912146e-05,0,0,2005-07-26T00:15:00,ENGINE_EXECUTABLE_HYDRAULICALLY_UNVALIDATED
C_22169,0.0,0.0,3.0479999622912146e-05,0,0,2005-07-26T00:15:00,ENGINE_EXECUTABLE_HYDRAULICALLY_UNVALIDATED
C_22170,0.0,0.0,3.0479999622912146e-05,0,0,2005-07-26T00:15:00,ENGINE_EXECUTABLE_HYDRAULICALLY_UNVALIDATED
C_22171,0.0,0.0,3.0479999622912146e-05,0,0,2005-07-26T00:15:00,ENGINE_EXECUTABLE_HYDRAULICALLY_UNVALIDATED
C_22172,0.0,0.0,3.0479999622912146e-05,0,0,2005-07-26T00:15:00,ENGINE_EXECUTABLE_HYDRAULICALLY_UNVALIDATED
C_22173,0.0,0.0,3.0479999622912146e-05,0,0,2005-07-26T00:15:00,ENGINE_EXECUTABLE_HYDRAULICALLY_UNVALIDATED
C_22174,0.0,0.0,3.0479999622912146e-05,0,0,2005-07-26T00:15:00,ENGINE_EXECUTABLE_HYDRAULICALLY_UNVALIDATED
C_22175,0.0,0.0,3.0479999622912146e-05,0,0,2005-07-26T00:15:00,ENGINE_EXECUTABLE_HYDRAULICALLY_UNVALIDATED
C_22176,0.0,0.0,3.0479999622912146e-05,0,0,2005-07-26T00:15:00,ENGINE_EXECUTABLE_HYDRAULICALLY_UNVALIDATED
C_22177,0.0,0.0,3.0479999622912146e-05,0,0,2005-07-26T00:15:00,ENGINE_EXECUTABLE_HYDRAULICALLY_UNVALIDATED
C_22178,0.0,0.0,3.0479999622912146e-05,0,0,2005-07-26T00:15:00,ENGINE_EXECUTABLE_HYDRAULICALLY_UNVALIDATED
C_22187,0.0,0.0,3.0479999622912146e-05,0,0,2005-07-26T00:15:00,ENGINE_EXECUTABLE_HYDRAULICALLY_UNVALIDATED
C_22188,0.0,0.0,3.0479999622912146e-05,0,0,2005-07-26T00:15:00,ENGINE_EXECUTABLE_HYDRAULICALLY_UNVALIDATED
C_22189,0.0,0.0,3.0479999622912146e-05,0,0,2005-07-26T00:15:00,ENGINE_EXECUTABLE_HYDRAULICALLY_UNVALIDATED
C_22190,0.0,0.0,3.0479999622912146e-05,0,0,2005-07-26T00:15:00,ENGINE_EXECUTABLE_HYDRAULICALLY_UNVALIDATED
C_22191,0.0,0.0,3.0479999622912146e-05,0,0,2005-07-26T00:15:00,ENGINE_EXECUTABLE_HYDRAULICALLY_UNVALIDATED
C_22192,0.0,0.0,3.0479999622912146e-05,0,0,2005-07-26T00:15:00,ENGINE_EXECUTABLE_HYDRAULICALLY_UNVALIDATED
C_22193,0.0,0.0,3.0479999622912146e-05,0,0,2005-07-26T00:15:00,ENGINE_EXECUTABLE_HYDRAULICALLY_UNVALIDATED
C_22194,0.0,0.0,3.0479999622912146e-05,0,0,2005-07-26T00:15:00,ENGINE_EXECUTABLE_HYDRAULICALLY_UNVALIDATED
C_22195,0.0,0.0,3.0479999622912146e-05,0,0,2005-07-26T00:15:00,ENGINE_EXECUTABLE_HYDRAULICALLY_UNVALIDATED
C_22196,0.0,0.0,3.0479999622912146e-05,0,0,2005-07-26T00:15:00,ENGINE_EXECUTABLE_HYDRAULICALLY_UNVALIDATED
C_22207,0.0,0.0,3.0479999622912146e-05,0,0,2005-07-26T00:15:00,ENGINE_EXECUTABLE_HYDRAULICALLY_UNVALIDATED
C_22208,0.0,0.0,3.0479999622912146e-05,0,0,2005-07-26T00:15:00,ENGINE_EXECUTABLE_HYDRAULICALLY_UNVALIDATED
C_22209,0.0,0.0,3.0479999622912146e-05,0,0,2005-07-26T00:15:00,ENGINE_EXECUTABLE_HYDRAULICALLY_UNVALIDATED
C_22210,0.0,0.0,3.0479999622912146e-05,0,0,2005-07-26T00:15:00,ENGINE_EXECUTABLE_HYDRAULICALLY_UNVALIDATED
C_22211,0.0,0.0,3.0479999622912146e-05,0,0,2005-07-26T00:15:00,ENGINE_EXECUTABLE_HYDRAULICALLY_UNVALIDATED
C_22212,0.0,0.0,3.0479999622912146e-05,0,0,2005-07-26T00:15:00,ENGINE_EXECUTABLE_HYDRAULICALLY_UNVALIDATED
C_22213,0.0,0.0,3.0479999622912146e-05,0,0,2005-07-26T00:15:00,ENGINE_EXECUTABLE_HYDRAULICALLY_UNVALIDATED
C_22214,0.0,0.0,3.0479999622912146e-05,0,0,2005-07-26T00:15:00,ENGINE_EXECUTABLE_HYDRAULICALLY_UNVALIDATED
C_22215,0.0,0.0,3.0479999622912146e-05,0,0,2005-07-26T00:15:00,ENGINE_EXECUTABLE_HYDRAULICALLY_UNVALIDATED
C_22216,0.0,0.0,3.0479999622912146e-05,0,0,2005-07-26T00:15:00,ENGINE_EXECUTABLE_HYDRAULICALLY_UNVALIDATED
C_22217,0.0,0.0,3.0479999622912146e-05,0,0,2005-07-26T00:15:00,ENGINE_EXECUTABLE_HYDRAULICALLY_UNVALIDATED
C_22218,0.0,0.0,3.0479999622912146e-05,0,0,2005-07-26T00:15:00,ENGINE_EXECUTABLE_HYDRAULICALLY_UNVALIDATED
C_22219,0.0,0.0,3.0479999622912146e-05,0,0,2005-07-26T00:15:00,ENGINE_EXECUTABLE_HYDRAULICALLY_UNVALIDATED
C_22220,0.0,0.0,3.0479999622912146e-05,0,0,2005-07-26T00:15:00,ENGINE_EXECUTABLE_HYDRAULICALLY_UNVALIDATED
C_22241,0.0,0.0,3.0479999622912146e-05,0,0,2005-07-26T00:15:00,ENGINE_EXECUTABLE_HYDRAULICALLY_UNVALIDATED
C_22242,0.0,0.0,3.0479999622912146e-05,0,0,2005-07-26T00:15:00,ENGINE_EXECUTABLE_HYDRAULICALLY_UNVALIDATED
C_22243,0.0,0.0,3.0479999622912146e-05,0,0,2005-07-26T00:15:00,ENGINE_EXECUTABLE_HYDRAULICALLY_UNVALIDATED
C_22244,0.0,0.0,3.0479999622912146e-05,0,0,2005-07-26T00:15:00,ENGINE_EXECUTABLE_HYDRAULICALLY_UNVALIDATED
C_22245,0.0,0.0,3.0479999622912146e-05,0,0,2005-07-26T00:15:00,ENGINE_EXECUTABLE_HYDRAULICALLY_UNVALIDATED
C_22277,0.0,0.0,3.0479999622912146e-05,0,0,2005-07-26T00:15:00,ENGINE_EXECUTABLE_HYDRAULICALLY_UNVALIDATED
C_22278,0.0,0.0,3.0479999622912146e-05,0,0,2005-07-26T00:15:00,ENGINE_EXECUTABLE_HYDRAULICALLY_UNVALIDATED
C_22279,0.0,0.0,3.0479999622912146e-05,0,0,2005-07-26T00:15:00,ENGINE_EXECUTABLE_HYDRAULICALLY_UNVALIDATED
C_22280,0.0,0.0,3.0479999622912146e-05,0,0,2005-07-26T00:15:00,ENGINE_EXECUTABLE_HYDRAULICALLY_UNVALIDATED
C_22281,0.0,0.0,3.0479999622912146e-05,0,0,2005-07-26T00:15:00,ENGINE_EXECUTABLE_HYDRAULICALLY_UNVALIDATED
C_22298,0.0,0.0,3.0479999622912146e-05,0,0,2005-07-26T00:15:00,ENGINE_EXECUTABLE_HYDRAULICALLY_UNVALIDATED
C_22299,0.0,0.0,3.0479999622912146e-05,0,0,2005-07-26T00:15:00,ENGINE_EXECUTABLE_HYDRAULICALLY_UNVALIDATED
C_22300,0.0,0.0,3.0479999622912146e-05,0,0,2005-07-26T00:15:00,ENGINE_EXECUTABLE_HYDRAULICALLY_UNVALIDATED
C_22301,0.0,0.0,3.0479999622912146e-05,0,0,2005-07-26T00:15:00,ENGINE_EXECUTABLE_HYDRAULICALLY_UNVALIDATED
C_22302,0.0,0.0,3.0479999622912146e-05,0,0,2005-07-26T00:15:00,ENGINE_EXECUTABLE_HYDRAULICALLY_UNVALIDATED
C_22303,0.0,0.0,3.0479999622912146e-05,0,0,2005-07-26T00:15:00,ENGINE_EXECUTABLE_HYDRAULICALLY_UNVALIDATED
C_22304,0.0,0.0,3.0479999622912146e-05,0,0,2005-07-26T00:15:00,ENGINE_EXECUTABLE_HYDRAULICALLY_UNVALIDATED
C_22305,0.0,0.0,3.0479999622912146e-05,0,0,2005-07-26T00:15:00,ENGINE_EXECUTABLE_HYDRAULICALLY_UNVALIDATED
C_22306,0.0,0.0,3.0479999622912146e-05,0,0,2005-07-26T00:15:00,ENGINE_EXECUTABLE_HYDRAULICALLY_UNVALIDATED
C_22307,0.0,0.0,3.0479999622912146e-05,0,0,2005-07-26T00:15:00,ENGINE_EXECUTABLE_HYDRAULICALLY_UNVALIDATED
C_22308,0.0,0.0,3.0479999622912146e-05,0,0,2005-07-26T00:15:00,ENGINE_EXECUTABLE_HYDRAULICALLY_UNVALIDATED
C_22309,0.0,0.0,3.0479999622912146e-05,0,0,2005-07-26T00:15:00,ENGINE_EXECUTABLE_HYDRAULICALLY_UNVALIDATED
C_22310,0.0,0.0,3.0479999622912146e-05,0,0,2005-07-26T00:15:00,ENGINE_EXECUTABLE_HYDRAULICALLY_UNVALIDATED
C_22311,0.0,0.0,3.0479999622912146e-05,0,0,2005-07-26T00:15:00,ENGINE_EXECUTABLE_HYDRAULICALLY_UNVALIDATED
C_22312,0.0,0.0,3.0479999622912146e-05,0,0,2005-07-26T00:15:00,ENGINE_EXECUTABLE_HYDRAULICALLY_UNVALIDATED
C_22313,0.0,0.0,3.0479999622912146e-05,0,0,2005-07-26T00:15:00,ENGINE_EXECUTABLE_HYDRAULICALLY_UNVALIDATED
C_22314,0.0,0.0,3.0479999622912146e-05,0,0,2005-07-26T00:15:00,ENGINE_EXECUTABLE_HYDRAULICALLY_UNVALIDATED
C_22315,0.0,0.0,3.0479999622912146e-05,0,0,2005-07-26T00:15:00,ENGINE_EXECUTABLE_HYDRAULICALLY_UNVALIDATED
C_22316,0.0,0.0,3.0479999622912146e-05,0,0,2005-07-26T00:15:00,ENGINE_EXECUTABLE_HYDRAULICALLY_UNVALIDATED
C_22317,0.0,0.0,3.0479999622912146e-05,0,0,2005-07-26T00:15:00,ENGINE_EXECUTABLE_HYDRAULICALLY_UNVALIDATED
C_22318,0.0,0.0,3.0479999622912146e-05,0,0,2005-07-26T00:15:00,ENGINE_EXECUTABLE_HYDRAULICALLY_UNVALIDATED
C_22319,0.0,0.0,3.0479999622912146e-05,0,0,2005-07-26T00:15:00,ENGINE_EXECUTABLE_HYDRAULICALLY_UNVALIDATED
C_22320,0.0,0.0,3.0479999622912146e-05,0,0,2005-07-26T00:15:00,ENGINE_EXECUTABLE_HYDRAULICALLY_UNVALIDATED
C_22321,0.0,0.0,3.0479999622912146e-05,0,0,2005-07-26T00:15:00,ENGINE_EXECUTABLE_HYDRAULICALLY_UNVALIDATED
C_22322,0.0,0.0,3.0479999622912146e-05,0,0,2005-07-26T00:15:00,ENGINE_EXECUTABLE_HYDRAULICALLY_UNVALIDATED
C_22323,0.0,0.0,3.0479999622912146e-05,0,0,2005-07-26T00:15:00,ENGINE_EXECUTABLE_HYDRAULICALLY_UNVALIDATED
C_22324,0.0,0.0,3.0479999622912146e-05,0,0,2005-07-26T00:15:00,ENGINE_EXECUTABLE_HYDRAULICALLY_UNVALIDATED
C_22325,0.0,0.0,3.0479999622912146e-05,0,0,2005-07-26T00:15:00,ENGINE_EXECUTABLE_HYDRAULICALLY_UNVALIDATED
C_22326,0.0,0.0,3.0479999622912146e-05,0,0,2005-07-26T00:15:00,ENGINE_EXECUTABLE_HYDRAULICALLY_UNVALIDATED
C_22327,0.0,0.0,3.0479999622912146e-05,0,0,2005-07-26T00:15:00,ENGINE_EXECUTABLE_HYDRAULICALLY_UNVALIDATED
C_22329,0.0,0.0,3.0479999622912146e-05,0,0,2005-07-26T00:15:00,ENGINE_EXECUTABLE_HYDRAULICALLY_UNVALIDATED
C_22330,0.0,0.0,3.0479999622912146e-05,0,0,2005-07-26T00:15:00,ENGINE_EXECUTABLE_HYDRAULICALLY_UNVALIDATED
C_22331,0.0,0.0,3.0479999622912146e-05,0,0,2005-07-26T00:15:00,ENGINE_EXECUTABLE_HYDRAULICALLY_UNVALIDATED
C_22332,0.0,0.0,3.0479999622912146e-05,0,0,2005-07-26T00:15:00,ENGINE_EXECUTABLE_HYDRAULICALLY_UNVALIDATED
C_22333,0.0,0.0,3.0479999622912146e-05,0,0,2005-07-26T00:15:00,ENGINE_EXECUTABLE_HYDRAULICALLY_UNVALIDATED
C_22334,0.0,0.0,3.0479999622912146e-05,0,0,2005-07-26T00:15:00,ENGINE_EXECUTABLE_HYDRAULICALLY_UNVALIDATED
C_22335,0.0,0.0,3.0479999622912146e-05,0,0,2005-07-26T00:15:00,ENGINE_EXECUTABLE_HYDRAULICALLY_UNVALIDATED
C_22336,0.0,0.0,3.0479999622912146e-05,0,0,2005-07-26T00:15:00,ENGINE_EXECUTABLE_HYDRAULICALLY_UNVALIDATED
C_22337,0.0,0.0,3.0479999622912146e-05,0,0,2005-07-26T00:15:00,ENGINE_EXECUTABLE_HYDRAULICALLY_UNVALIDATED
C_22341,0.0,0.0,3.0479999622912146e-05,0,0,2005-07-26T00:15:00,ENGINE_EXECUTABLE_HYDRAULICALLY_UNVALIDATED
C_22343,0.0,0.0,3.0479999622912146e-05,0,0,2005-07-26T00:15:00,ENGINE_EXECUTABLE_HYDRAULICALLY_UNVALIDATED
C_22345,0.0,0.0,3.0479999622912146e-05,0,0,2005-07-26T00:15:00,ENGINE_EXECUTABLE_HYDRAULICALLY_UNVALIDATED
C_22346,0.0,0.0,3.0479999622912146e-05,0,0,2005-07-26T00:15:00,ENGINE_EXECUTABLE_HYDRAULICALLY_UNVALIDATED
C_22348,0.0,0.0,3.0479999622912146e-05,0,0,2005-07-26T00:15:00,ENGINE_EXECUTABLE_HYDRAULICALLY_UNVALIDATED
C_22349,0.0,0.0,3.0479999622912146e-05,0,0,2005-07-26T00:15:00,ENGINE_EXECUTABLE_HYDRAULICALLY_UNVALIDATED
C_22359,0.0,0.0,3.0479999622912146e-05,0,0,2005-07-26T00:15:00,ENGINE_EXECUTABLE_HYDRAULICALLY_UNVALIDATED
C_22360,0.0,0.0,3.0479999622912146e-05,0,0,2005-07-26T00:15:00,ENGINE_EXECUTABLE_HYDRAULICALLY_UNVALIDATED
C_22361,0.0,0.0,3.0479999622912146e-05,0,0,2005-07-26T00:15:00,ENGINE_EXECUTABLE_HYDRAULICALLY_UNVALIDATED
C_22362,0.0,0.0,3.0479999622912146e-05,0,0,2005-07-26T00:15:00,ENGINE_EXECUTABLE_HYDRAULICALLY_UNVALIDATED
C_22363,0.0,0.0,3.0479999622912146e-05,0,0,2005-07-26T00:15:00,ENGINE_EXECUTABLE_HYDRAULICALLY_UNVALIDATED
C_22365,0.0,0.0,3.0479999622912146e-05,0,0,2005-07-26T00:15:00,ENGINE_EXECUTABLE_HYDRAULICALLY_UNVALIDATED
C_22368,0.0,0.0,3.0479999622912146e-05,0,0,2005-07-26T00:15:00,ENGINE_EXECUTABLE_HYDRAULICALLY_UNVALIDATED
C_22369,0.0,0.0,3.0479999622912146e-05,0,0,2005-07-26T00:15:00,ENGINE_EXECUTABLE_HYDRAULICALLY_UNVALIDATED
C_22370,0.0,0.0,3.0479999622912146e-05,0,0,2005-07-26T00:15:00,ENGINE_EXECUTABLE_HYDRAULICALLY_UNVALIDATED
C_22371,0.0,0.0,3.0479999622912146e-05,0,0,2005-07-26T00:15:00,ENGINE_EXECUTABLE_HYDRAULICALLY_UNVALIDATED
C_22372,0.0,0.0,3.0479999622912146e-05,0,0,2005-07-26T00:15:00,ENGINE_EXECUTABLE_HYDRAULICALLY_UNVALIDATED
C_22373,0.0,0.0,3.0479999622912146e-05,0,0,2005-07-26T00:15:00,ENGINE_EXECUTABLE_HYDRAULICALLY_UNVALIDATED
C_22374,0.0,0.0,3.0479999622912146e-05,0,0,2005-07-26T00:15:00,ENGINE_EXECUTABLE_HYDRAULICALLY_UNVALIDATED
C_22375,0.0,0.0,3.0479999622912146e-05,0,0,2005-07-26T00:15:00,ENGINE_EXECUTABLE_HYDRAULICALLY_UNVALIDATED
C_22376,0.0,0.0,3.0479999622912146e-05,0,0,2005-07-26T00:15:00,ENGINE_EXECUTABLE_HYDRAULICALLY_UNVALIDATED
C_22377,0.0,0.0,3.0479999622912146e-05,0,0,2005-07-26T00:15:00,ENGINE_EXECUTABLE_HYDRAULICALLY_UNVALIDATED
C_22378,0.0,0.0,3.0479999622912146e-05,0,0,2005-07-26T00:15:00,ENGINE_EXECUTABLE_HYDRAULICALLY_UNVALIDATED
C_22379,0.0,0.0,3.0479999622912146e-05,0,0,2005-07-26T00:15:00,ENGINE_EXECUTABLE_HYDRAULICALLY_UNVALIDATED
C_22380,0.0,0.0,3.0479999622912146e-05,0,0,2005-07-26T00:15:00,ENGINE_EXECUTABLE_HYDRAULICALLY_UNVALIDATED
C_22381,0.0,0.0,3.0479999622912146e-05,0,0,2005-07-26T00:15:00,ENGINE_EXECUTABLE_HYDRAULICALLY_UNVALIDATED
C_22382,0.0,0.0,3.0479999622912146e-05,0,0,2005-07-26T00:15:00,ENGINE_EXECUTABLE_HYDRAULICALLY_UNVALIDATED
C_22383,0.0,0.0,3.0479999622912146e-05,0,0,2005-07-26T00:15:00,ENGINE_EXECUTABLE_HYDRAULICALLY_UNVALIDATED
C_22384,0.0,0.0,3.0479999622912146e-05,0,0,2005-07-26T00:15:00,ENGINE_EXECUTABLE_HYDRAULICALLY_UNVALIDATED
C_22385,0.0,0.0,3.0479999622912146e-05,0,0,2005-07-26T00:15:00,ENGINE_EXECUTABLE_HYDRAULICALLY_UNVALIDATED
C_22386,0.0,0.0,3.0479999622912146e-05,0,0,2005-07-26T00:15:00,ENGINE_EXECUTABLE_HYDRAULICALLY_UNVALIDATED
C_22387,0.0,0.0,3.0479999622912146e-05,0,0,2005-07-26T00:15:00,ENGINE_EXECUTABLE_HYDRAULICALLY_UNVALIDATED
C_22388,0.0,0.0,3.0479999622912146e-05,0,0,2005-07-26T00:15:00,ENGINE_EXECUTABLE_HYDRAULICALLY_UNVALIDATED
C_22389,0.0,0.0,3.0479999622912146e-05,0,0,2005-07-26T00:15:00,ENGINE_EXECUTABLE_HYDRAULICALLY_UNVALIDATED
C_22390,0.0,0.0,3.0479999622912146e-05,0,0,2005-07-26T00:15:00,ENGINE_EXECUTABLE_HYDRAULICALLY_UNVALIDATED
C_22391,0.0,0.0,3.0479999622912146e-05,0,0,2005-07-26T00:15:00,ENGINE_EXECUTABLE_HYDRAULICALLY_UNVALIDATED
C_22392,0.0,0.0,3.0479999622912146e-05,0,0,2005-07-26T00:15:00,ENGINE_EXECUTABLE_HYDRAULICALLY_UNVALIDATED
C_22393,0.0,0.0,3.0479999622912146e-05,0,0,2005-07-26T00:15:00,ENGINE_EXECUTABLE_HYDRAULICALLY_UNVALIDATED
C_22394,0.0,0.0,3.0479999622912146e-05,0,0,2005-07-26T00:15:00,ENGINE_EXECUTABLE_HYDRAULICALLY_UNVALIDATED
C_22395,0.0,0.0,3.0479999622912146e-05,0,0,2005-07-26T00:15:00,ENGINE_EXECUTABLE_HYDRAULICALLY_UNVALIDATED
C_22396,0.0,0.0,3.0479999622912146e-05,0,0,2005-07-26T00:15:00,ENGINE_EXECUTABLE_HYDRAULICALLY_UNVALIDATED
C_22397,0.0,0.0,3.0479999622912146e-05,0,0,2005-07-26T00:15:00,ENGINE_EXECUTABLE_HYDRAULICALLY_UNVALIDATED
C_22398,0.0,0.0,3.0479999622912146e-05,0,0,2005-07-26T00:15:00,ENGINE_EXECUTABLE_HYDRAULICALLY_UNVALIDATED
C_22399,0.0,0.0,3.0479999622912146e-05,0,0,2005-07-26T00:15:00,ENGINE_EXECUTABLE_HYDRAULICALLY_UNVALIDATED
C_22400,0.0,0.0,3.0479999622912146e-05,0,0,2005-07-26T00:15:00,ENGINE_EXECUTABLE_HYDRAULICALLY_UNVALIDATED
C_22401,0.0,0.0,3.0479999622912146e-05,0,0,2005-07-26T00:15:00,ENGINE_EXECUTABLE_HYDRAULICALLY_UNVALIDATED
C_22402,0.0,0.0,3.0479999622912146e-05,0,0,2005-07-26T00:15:00,ENGINE_EXECUTABLE_HYDRAULICALLY_UNVALIDATED
C_22403,0.0,0.0,3.0479999622912146e-05,0,0,2005-07-26T00:15:00,ENGINE_EXECUTABLE_HYDRAULICALLY_UNVALIDATED
C_22404,0.0,0.0,3.0479999622912146e-05,0,0,2005-07-26T00:15:00,ENGINE_EXECUTABLE_HYDRAULICALLY_UNVALIDATED
C_22405,0.0,0.0,3.0479999622912146e-05,0,0,2005-07-26T00:15:00,ENGINE_EXECUTABLE_HYDRAULICALLY_UNVALIDATED
C_22406,0.0,0.0,3.0479999622912146e-05,0,0,2005-07-26T00:15:00,ENGINE_EXECUTABLE_HYDRAULICALLY_UNVALIDATED
C_22407,0.0,0.0,3.0479999622912146e-05,0,0,2005-07-26T00:15:00,ENGINE_EXECUTABLE_HYDRAULICALLY_UNVALIDATED
C_22604,0.0,0.0,3.0479999622912146e-05,0,0,2005-07-26T00:15:00,ENGINE_EXECUTABLE_HYDRAULICALLY_UNVALIDATED
C_22605,0.0,0.0,3.0479999622912146e-05,0,0,2005-07-26T00:15:00,ENGINE_EXECUTABLE_HYDRAULICALLY_UNVALIDATED
C_22606,0.0,0.0,3.0479999622912146e-05,0,0,2005-07-26T00:15:00,ENGINE_EXECUTABLE_HYDRAULICALLY_UNVALIDATED
C_22611,0.0,0.0,3.0479999622912146e-05,0,0,2005-07-26T00:15:00,ENGINE_EXECUTABLE_HYDRAULICALLY_UNVALIDATED
C_22612,0.0,0.0,3.0479999622912146e-05,0,0,2005-07-26T00:15:00,ENGINE_EXECUTABLE_HYDRAULICALLY_UNVALIDATED
C_22613,0.0,0.0,3.0479999622912146e-05,0,0,2005-07-26T00:15:00,ENGINE_EXECUTABLE_HYDRAULICALLY_UNVALIDATED
C_22614,0.0,0.0,3.0479999622912146e-05,0,0,2005-07-26T00:15:00,ENGINE_EXECUTABLE_HYDRAULICALLY_UNVALIDATED
C_22615,0.0,0.0,3.0479999622912146e-05,0,0,2005-07-26T00:15:00,ENGINE_EXECUTABLE_HYDRAULICALLY_UNVALIDATED
C_22616,0.0,0.0,3.0479999622912146e-05,0,0,2005-07-26T00:15:00,ENGINE_EXECUTABLE_HYDRAULICALLY_UNVALIDATED
C_22617,0.0,0.0,3.0479999622912146e-05,0,0,2005-07-26T00:15:00,ENGINE_EXECUTABLE_HYDRAULICALLY_UNVALIDATED
C_22618,0.0,0.0,3.0479999622912146e-05,0,0,2005-07-26T00:15:00,ENGINE_EXECUTABLE_HYDRAULICALLY_UNVALIDATED
C_23916,0.0,0.0,3.0479999622912146e-05,0,0,2005-07-26T00:15:00,ENGINE_EXECUTABLE_HYDRAULICALLY_UNVALIDATED
C_23917,0.0,0.0,3.0479999622912146e-05,0,0,2005-07-26T00:15:00,ENGINE_EXECUTABLE_HYDRAULICALLY_UNVALIDATED
C_23918,0.0,0.0,3.0479999622912146e-05,0,0,2005-07-26T00:15:00,ENGINE_EXECUTABLE_HYDRAULICALLY_UNVALIDATED
C_23919,0.0,0.0,3.0479999622912146e-05,0,0,2005-07-26T00:15:00,ENGINE_EXECUTABLE_HYDRAULICALLY_UNVALIDATED
C_23920,0.0,0.0,3.0479999622912146e-05,0,0,2005-07-26T00:15:00,ENGINE_EXECUTABLE_HYDRAULICALLY_UNVALIDATED
C_23921,0.0,0.0,3.0479999622912146e-05,0,0,2005-07-26T00:15:00,ENGINE_EXECUTABLE_HYDRAULICALLY_UNVALIDATED
C_23922,0.0,0.0,3.0479999622912146e-05,0,0,2005-07-26T00:15:00,ENGINE_EXECUTABLE_HYDRAULICALLY_UNVALIDATED
C_23923,0.0,0.0,3.0479999622912146e-05,0,0,2005-07-26T00:15:00,ENGINE_EXECUTABLE_HYDRAULICALLY_UNVALIDATED
C_23924,0.0,0.0,3.0479999622912146e-05,0,0,2005-07-26T00:15:00,ENGINE_EXECUTABLE_HYDRAULICALLY_UNVALIDATED
C_23925,0.0,0.0,3.0479999622912146e-05,0,0,2005-07-26T00:15:00,ENGINE_EXECUTABLE_HYDRAULICALLY_UNVALIDATED
C_23926,0.0,0.0,3.0479999622912146e-05,0,0,2005-07-26T00:15:00,ENGINE_EXECUTABLE_HYDRAULICALLY_UNVALIDATED
C_23945,0.0,0.0,3.0479999622912146e-05,0,0,2005-07-26T00:15:00,ENGINE_EXECUTABLE_HYDRAULICALLY_UNVALIDATED
C_23946,0.0,0.0,3.0479999622912146e-05,0,0,2005-07-26T00:15:00,ENGINE_EXECUTABLE_HYDRAULICALLY_UNVALIDATED
C_23947,0.0,0.0,3.0479999622912146e-05,0,0,2005-07-26T00:15:00,ENGINE_EXECUTABLE_HYDRAULICALLY_UNVALIDATED
C_23948,0.0,0.0,3.0479999622912146e-05,0,0,2005-07-26T00:15:00,ENGINE_EXECUTABLE_HYDRAULICALLY_UNVALIDATED
C_23949,0.0,0.0,3.0479999622912146e-05,0,0,2005-07-26T00:15:00,ENGINE_EXECUTABLE_HYDRAULICALLY_UNVALIDATED
C_23951,0.0,0.0,3.0479999622912146e-05,0,0,2005-07-26T00:15:00,ENGINE_EXECUTABLE_HYDRAULICALLY_UNVALIDATED
C_23953,0.0,0.0,3.0479999622912146e-05,0,0,2005-07-26T00:15:00,ENGINE_EXECUTABLE_HYDRAULICALLY_UNVALIDATED
C_23954,0.0,0.0,3.0479999622912146e-05,0,0,2005-07-26T00:15:00,ENGINE_EXECUTABLE_HYDRAULICALLY_UNVALIDATED
C_23955,0.0,0.0,3.0479999622912146e-05,0,0,2005-07-26T00:15:00,ENGINE_EXECUTABLE_HYDRAULICALLY_UNVALIDATED
C_23956,0.0,0.0,3.0479999622912146e-05,0,0,2005-07-26T00:15:00,ENGINE_EXECUTABLE_HYDRAULICALLY_UNVALIDATED
C_23957,0.0,0.0,3.0479999622912146e-05,0,0,2005-07-26T00:15:00,ENGINE_EXECUTABLE_HYDRAULICALLY_UNVALIDATED
C_23996,0.0,0.0,3.0479999622912146e-05,0,0,2005-07-26T00:15:00,ENGINE_EXECUTABLE_HYDRAULICALLY_UNVALIDATED
C_23997,0.0,0.0,3.0479999622912146e-05,0,0,2005-07-26T00:15:00,ENGINE_EXECUTABLE_HYDRAULICALLY_UNVALIDATED
C_23998,0.0,0.0,3.0479999622912146e-05,0,0,2005-07-26T00:15:00,ENGINE_EXECUTABLE_HYDRAULICALLY_UNVALIDATED
C_23999,0.0,0.0,3.0479999622912146e-05,0,0,2005-07-26T00:15:00,ENGINE_EXECUTABLE_HYDRAULICALLY_UNVALIDATED
C_24000,0.0,0.0,3.0479999622912146e-05,0,0,2005-07-26T00:15:00,ENGINE_EXECUTABLE_HYDRAULICALLY_UNVALIDATED
C_24001,0.0,0.0,3.0479999622912146e-05,0,0,2005-07-26T00:15:00,ENGINE_EXECUTABLE_HYDRAULICALLY_UNVALIDATED
C_24002,0.0,0.0,3.0479999622912146e-05,0,0,2005-07-26T00:15:00,ENGINE_EXECUTABLE_HYDRAULICALLY_UNVALIDATED
C_24003,0.0,0.0,3.0479999622912146e-05,0,0,2005-07-26T00:15:00,ENGINE_EXECUTABLE_HYDRAULICALLY_UNVALIDATED
C_24023,0.0,0.0,3.0479999622912146e-05,0,0,2005-07-26T00:15:00,ENGINE_EXECUTABLE_HYDRAULICALLY_UNVALIDATED
C_24024,0.0,0.0,3.0479999622912146e-05,0,0,2005-07-26T00:15:00,ENGINE_EXECUTABLE_HYDRAULICALLY_UNVALIDATED
C_24025,0.0,0.0,3.0479999622912146e-05,0,0,2005-07-26T00:15:00,ENGINE_EXECUTABLE_HYDRAULICALLY_UNVALIDATED
C_24030,0.0,0.0,3.0479999622912146e-05,0,0,2005-07-26T00:15:00,ENGINE_EXECUTABLE_HYDRAULICALLY_UNVALIDATED
C_24031,0.0,0.0,3.0479999622912146e-05,0,0,2005-07-26T00:15:00,ENGINE_EXECUTABLE_HYDRAULICALLY_UNVALIDATED
C_24032,0.0,0.0,3.0479999622912146e-05,0,0,2005-07-26T00:15:00,ENGINE_EXECUTABLE_HYDRAULICALLY_UNVALIDATED
C_24033,0.0,0.0,3.0479999622912146e-05,0,0,2005-07-26T00:15:00,ENGINE_EXECUTABLE_HYDRAULICALLY_UNVALIDATED
C_24035,0.0,0.0,3.0479999622912146e-05,0,0,2005-07-26T00:15:00,ENGINE_EXECUTABLE_HYDRAULICALLY_UNVALIDATED
C_24036,0.0,0.0,3.0479999622912146e-05,0,0,2005-07-26T00:15:00,ENGINE_EXECUTABLE_HYDRAULICALLY_UNVALIDATED
C_24044,0.0,0.0,3.0479999622912146e-05,0,0,2005-07-26T00:15:00,ENGINE_EXECUTABLE_HYDRAULICALLY_UNVALIDATED
C_24045,0.0,0.0,3.0479999622912146e-05,0,0,2005-07-26T00:15:00,ENGINE_EXECUTABLE_HYDRAULICALLY_UNVALIDATED
C_24046,0.0,0.0,3.0479999622912146e-05,0,0,2005-07-26T00:15:00,ENGINE_EXECUTABLE_HYDRAULICALLY_UNVALIDATED
C_24050,0.0,0.0,3.0479999622912146e-05,0,0,2005-07-26T00:15:00,ENGINE_EXECUTABLE_HYDRAULICALLY_UNVALIDATED
C_24051,0.0,0.0,3.0479999622912146e-05,0,0,2005-07-26T00:15:00,ENGINE_EXECUTABLE_HYDRAULICALLY_UNVALIDATED
C_24052,0.0,0.0,3.0479999622912146e-05,0,0,2005-07-26T00:15:00,ENGINE_EXECUTABLE_HYDRAULICALLY_UNVALIDATED
C_24053,0.0,0.0,3.0479999622912146e-05,0,0,2005-07-26T00:15:00,ENGINE_EXECUTABLE_HYDRAULICALLY_UNVALIDATED
C_24054,0.0,0.0,3.0479999622912146e-05,0,0,2005-07-26T00:15:00,ENGINE_EXECUTABLE_HYDRAULICALLY_UNVALIDATED
C_24055,0.0,0.0,3.0479999622912146e-05,0,0,2005-07-26T00:15:00,ENGINE_EXECUTABLE_HYDRAULICALLY_UNVALIDATED
C_24066,0.0,0.0,3.0479999622912146e-05,0,0,2005-07-26T00:15:00,ENGINE_EXECUTABLE_HYDRAULICALLY_UNVALIDATED
C_24067,0.0,0.0,3.0479999622912146e-05,0,0,2005-07-26T00:15:00,ENGINE_EXECUTABLE_HYDRAULICALLY_UNVALIDATED
C_24068,0.0,0.0,3.0479999622912146e-05,0,0,2005-07-26T00:15:00,ENGINE_EXECUTABLE_HYDRAULICALLY_UNVALIDATED
C_24069,0.0,0.0,3.0479999622912146e-05,0,0,2005-07-26T00:15:00,ENGINE_EXECUTABLE_HYDRAULICALLY_UNVALIDATED
C_24070,0.0,0.0,3.0479999622912146e-05,0,0,2005-07-26T00:15:00,ENGINE_EXECUTABLE_HYDRAULICALLY_UNVALIDATED
C_24071,0.0,0.0,3.0479999622912146e-05,0,0,2005-07-26T00:15:00,ENGINE_EXECUTABLE_HYDRAULICALLY_UNVALIDATED
C_24093,0.0,0.0,3.0479999622912146e-05,0,0,2005-07-26T00:15:00,ENGINE_EXECUTABLE_HYDRAULICALLY_UNVALIDATED
C_24094,0.0,0.0,3.0479999622912146e-05,0,0,2005-07-26T00:15:00,ENGINE_EXECUTABLE_HYDRAULICALLY_UNVALIDATED
C_24095,0.0,0.0,3.0479999622912146e-05,0,0,2005-07-26T00:15:00,ENGINE_EXECUTABLE_HYDRAULICALLY_UNVALIDATED
C_24099,0.0,0.0,3.0479999622912146e-05,0,0,2005-07-26T00:15:00,ENGINE_EXECUTABLE_HYDRAULICALLY_UNVALIDATED
C_24104,0.0,0.0,3.0479999622912146e-05,0,0,2005-07-26T00:15:00,ENGINE_EXECUTABLE_HYDRAULICALLY_UNVALIDATED
C_24105,0.0,0.0,3.0479999622912146e-05,0,0,2005-07-26T00:15:00,ENGINE_EXECUTABLE_HYDRAULICALLY_UNVALIDATED
C_24111,0.0,0.0,3.0479999622912146e-05,0,0,2005-07-26T00:15:00,ENGINE_EXECUTABLE_HYDRAULICALLY_UNVALIDATED
C_24113,0.0,0.0,3.0479999622912146e-05,0,0,2005-07-26T00:15:00,ENGINE_EXECUTABLE_HYDRAULICALLY_UNVALIDATED
C_24114,0.0,0.0,3.0479999622912146e-05,0,0,2005-07-26T00:15:00,ENGINE_EXECUTABLE_HYDRAULICALLY_UNVALIDATED
C_24115,0.0,0.0,3.0479999622912146e-05,0,0,2005-07-26T00:15:00,ENGINE_EXECUTABLE_HYDRAULICALLY_UNVALIDATED
C_24116,0.0,0.0,3.0479999622912146e-05,0,0,2005-07-26T00:15:00,ENGINE_EXECUTABLE_HYDRAULICALLY_UNVALIDATED
C_24117,0.0,0.0,3.0479999622912146e-05,0,0,2005-07-26T00:15:00,ENGINE_EXECUTABLE_HYDRAULICALLY_UNVALIDATED
C_24118,0.0,0.0,3.0479999622912146e-05,0,0,2005-07-26T00:15:00,ENGINE_EXECUTABLE_HYDRAULICALLY_UNVALIDATED
C_24119,0.0,0.0,3.0479999622912146e-05,0,0,2005-07-26T00:15:00,ENGINE_EXECUTABLE_HYDRAULICALLY_UNVALIDATED
C_24120,0.0,0.0,3.0479999622912146e-05,0,0,2005-07-26T00:15:00,ENGINE_EXECUTABLE_HYDRAULICALLY_UNVALIDATED
C_24126,0.0,0.0,3.0479999622912146e-05,0,0,2005-07-26T00:15:00,ENGINE_EXECUTABLE_HYDRAULICALLY_UNVALIDATED
C_24138,0.0,0.0,3.0479999622912146e-05,0,0,2005-07-26T00:15:00,ENGINE_EXECUTABLE_HYDRAULICALLY_UNVALIDATED
C_24139,0.0,0.0,3.0479999622912146e-05,0,0,2005-07-26T00:15:00,ENGINE_EXECUTABLE_HYDRAULICALLY_UNVALIDATED
C_24140,0.0,0.0,3.0479999622912146e-05,0,0,2005-07-26T00:15:00,ENGINE_EXECUTABLE_HYDRAULICALLY_UNVALIDATED
C_24141,0.0,0.0,3.0479999622912146e-05,0,0,2005-07-26T00:15:00,ENGINE_EXECUTABLE_HYDRAULICALLY_UNVALIDATED
C_24142,0.0,0.0,3.0479999622912146e-05,0,0,2005-07-26T00:15:00,ENGINE_EXECUTABLE_HYDRAULICALLY_UNVALIDATED
C_24143,0.0,0.0,3.0479999622912146e-05,0,0,2005-07-26T00:15:00,ENGINE_EXECUTABLE_HYDRAULICALLY_UNVALIDATED
C_24144,0.0,0.0,3.0479999622912146e-05,0,0,2005-07-26T00:15:00,ENGINE_EXECUTABLE_HYDRAULICALLY_UNVALIDATED
C_24146,0.0,0.0,3.0479999622912146e-05,0,0,2005-07-26T00:15:00,ENGINE_EXECUTABLE_HYDRAULICALLY_UNVALIDATED
C_24147,0.0,0.0,3.0479999622912146e-05,0,0,2005-07-26T00:15:00,ENGINE_EXECUTABLE_HYDRAULICALLY_UNVALIDATED
C_24148,0.0,0.0,3.0479999622912146e-05,0,0,2005-07-26T00:15:00,ENGINE_EXECUTABLE_HYDRAULICALLY_UNVALIDATED
C_24149,0.0,0.0,3.0479999622912146e-05,0,0,2005-07-26T00:15:00,ENGINE_EXECUTABLE_HYDRAULICALLY_UNVALIDATED
C_24150,0.0,0.0,3.0479999622912146e-05,0,0,2005-07-26T00:15:00,ENGINE_EXECUTABLE_HYDRAULICALLY_UNVALIDATED
C_24151,0.0,0.0,3.0479999622912146e-05,0,0,2005-07-26T00:15:00,ENGINE_EXECUTABLE_HYDRAULICALLY_UNVALIDATED
C_24152,0.0,0.0,3.0479999622912146e-05,0,0,2005-07-26T00:15:00,ENGINE_EXECUTABLE_HYDRAULICALLY_UNVALIDATED
C_24154,0.0,0.0,3.0479999622912146e-05,0,0,2005-07-26T00:15:00,ENGINE_EXECUTABLE_HYDRAULICALLY_UNVALIDATED
C_24158,0.0,0.0,3.0479999622912146e-05,0,0,2005-07-26T00:15:00,ENGINE_EXECUTABLE_HYDRAULICALLY_UNVALIDATED
C_24159,0.0,0.0,3.0479999622912146e-05,0,0,2005-07-26T00:15:00,ENGINE_EXECUTABLE_HYDRAULICALLY_UNVALIDATED
C_24160,0.0,0.0,3.0479999622912146e-05,0,0,2005-07-26T00:15:00,ENGINE_EXECUTABLE_HYDRAULICALLY_UNVALIDATED
C_24161,0.0,0.0,3.0479999622912146e-05,0,0,2005-07-26T00:15:00,ENGINE_EXECUTABLE_HYDRAULICALLY_UNVALIDATED
C_24162,0.0,0.0,3.0479999622912146e-05,0,0,2005-07-26T00:15:00,ENGINE_EXECUTABLE_HYDRAULICALLY_UNVALIDATED
C_24163,0.0,0.0,3.0479999622912146e-05,0,0,2005-07-26T00:15:00,ENGINE_EXECUTABLE_HYDRAULICALLY_UNVALIDATED
C_24164,0.0,0.0,3.0479999622912146e-05,0,0,2005-07-26T00:15:00,ENGINE_EXECUTABLE_HYDRAULICALLY_UNVALIDATED
C_24165,0.0,0.0,3.0479999622912146e-05,0,0,2005-07-26T00:15:00,ENGINE_EXECUTABLE_HYDRAULICALLY_UNVALIDATED
C_24166,0.0,0.0,3.0479999622912146e-05,0,0,2005-07-26T00:15:00,ENGINE_EXECUTABLE_HYDRAULICALLY_UNVALIDATED
C_24167,0.0,0.0,3.0479999622912146e-05,0,0,2005-07-26T00:15:00,ENGINE_EXECUTABLE_HYDRAULICALLY_UNVALIDATED
C_24169,0.0,0.0,3.0479999622912146e-05,0,0,2005-07-26T00:15:00,ENGINE_EXECUTABLE_HYDRAULICALLY_UNVALIDATED
C_24170,0.0,0.0,3.0479999622912146e-05,0,0,2005-07-26T00:15:00,ENGINE_EXECUTABLE_HYDRAULICALLY_UNVALIDATED
C_24172,0.0,0.0,3.0479999622912146e-05,0,0,2005-07-26T00:15:00,ENGINE_EXECUTABLE_HYDRAULICALLY_UNVALIDATED
C_24173,0.0,0.0,3.0479999622912146e-05,0,0,2005-07-26T00:15:00,ENGINE_EXECUTABLE_HYDRAULICALLY_UNVALIDATED
C_24174,0.0,0.0,3.0479999622912146e-05,0,0,2005-07-26T00:15:00,ENGINE_EXECUTABLE_HYDRAULICALLY_UNVALIDATED
C_24175,0.0,0.0,3.0479999622912146e-05,0,0,2005-07-26T00:15:00,ENGINE_EXECUTABLE_HYDRAULICALLY_UNVALIDATED
C_24176,0.0,0.0,3.0479999622912146e-05,0,0,2005-07-26T00:15:00,ENGINE_EXECUTABLE_HYDRAULICALLY_UNVALIDATED
C_24179,0.0,0.0,3.0479999622912146e-05,0,0,2005-07-26T00:15:00,ENGINE_EXECUTABLE_HYDRAULICALLY_UNVALIDATED
C_24180,0.0,0.0,3.0479999622912146e-05,0,0,2005-07-26T00:15:00,ENGINE_EXECUTABLE_HYDRAULICALLY_UNVALIDATED
C_24181,0.0,0.0,3.0479999622912146e-05,0,0,2005-07-26T00:15:00,ENGINE_EXECUTABLE_HYDRAULICALLY_UNVALIDATED
C_24183,0.0,0.0,3.0479999622912146e-05,0,0,2005-07-26T00:15:00,ENGINE_EXECUTABLE_HYDRAULICALLY_UNVALIDATED
C_24185,0.0,0.0,3.0479999622912146e-05,0,0,2005-07-26T00:15:00,ENGINE_EXECUTABLE_HYDRAULICALLY_UNVALIDATED
C_24186,0.0,0.0,3.0479999622912146e-05,0,0,2005-07-26T00:15:00,ENGINE_EXECUTABLE_HYDRAULICALLY_UNVALIDATED
C_24187,0.0,0.0,3.0479999622912146e-05,0,0,2005-07-26T00:15:00,ENGINE_EXECUTABLE_HYDRAULICALLY_UNVALIDATED
C_24188,0.0,0.0,3.0479999622912146e-05,0,0,2005-07-26T00:15:00,ENGINE_EXECUTABLE_HYDRAULICALLY_UNVALIDATED
C_24189,0.0,0.0,3.0479999622912146e-05,0,0,2005-07-26T00:15:00,ENGINE_EXECUTABLE_HYDRAULICALLY_UNVALIDATED
C_24190,0.0,0.0,3.0479999622912146e-05,0,0,2005-07-26T00:15:00,ENGINE_EXECUTABLE_HYDRAULICALLY_UNVALIDATED
C_24192,0.0,0.0,3.0479999622912146e-05,0,0,2005-07-26T00:15:00,ENGINE_EXECUTABLE_HYDRAULICALLY_UNVALIDATED
C_24193,0.0,0.0,3.0479999622912146e-05,0,0,2005-07-26T00:15:00,ENGINE_EXECUTABLE_HYDRAULICALLY_UNVALIDATED
C_24194,0.0,0.0,3.0479999622912146e-05,0,0,2005-07-26T00:15:00,ENGINE_EXECUTABLE_HYDRAULICALLY_UNVALIDATED
C_24195,0.0,0.0,3.0479999622912146e-05,0,0,2005-07-26T00:15:00,ENGINE_EXECUTABLE_HYDRAULICALLY_UNVALIDATED
C_24196,0.0,0.0,3.0479999622912146e-05,0,0,2005-07-26T00:15:00,ENGINE_EXECUTABLE_HYDRAULICALLY_UNVALIDATED
C_24197,0.0,0.0,3.0479999622912146e-05,0,0,2005-07-26T00:15:00,ENGINE_EXECUTABLE_HYDRAULICALLY_UNVALIDATED
C_24198,0.0,0.0,3.0479999622912146e-05,0,0,2005-07-26T00:15:00,ENGINE_EXECUTABLE_HYDRAULICALLY_UNVALIDATED
C_24199,0.0,0.0,3.0479999622912146e-05,0,0,2005-07-26T00:15:00,ENGINE_EXECUTABLE_HYDRAULICALLY_UNVALIDATED
C_24200,0.0,0.0,3.0479999622912146e-05,0,0,2005-07-26T00:15:00,ENGINE_EXECUTABLE_HYDRAULICALLY_UNVALIDATED
C_24201,0.0,0.0,3.0479999622912146e-05,0,0,2005-07-26T00:15:00,ENGINE_EXECUTABLE_HYDRAULICALLY_UNVALIDATED
C_24202,0.0,0.0,3.0479999622912146e-05,0,0,2005-07-26T00:15:00,ENGINE_EXECUTABLE_HYDRAULICALLY_UNVALIDATED
C_24203,0.0,0.0,3.0479999622912146e-05,0,0,2005-07-26T00:15:00,ENGINE_EXECUTABLE_HYDRAULICALLY_UNVALIDATED
C_24204,0.0,0.0,3.0479999622912146e-05,0,0,2005-07-26T00:15:00,ENGINE_EXECUTABLE_HYDRAULICALLY_UNVALIDATED
C_24205,0.0,0.0,3.0479999622912146e-05,0,0,2005-07-26T00:15:00,ENGINE_EXECUTABLE_HYDRAULICALLY_UNVALIDATED
C_24206,0.0,0.0,3.0479999622912146e-05,0,0,2005-07-26T00:15:00,ENGINE_EXECUTABLE_HYDRAULICALLY_UNVALIDATED
C_24207,0.0,0.0,3.0479999622912146e-05,0,0,2005-07-26T00:15:00,ENGINE_EXECUTABLE_HYDRAULICALLY_UNVALIDATED
C_24209,0.0,0.0,3.0479999622912146e-05,0,0,2005-07-26T00:15:00,ENGINE_EXECUTABLE_HYDRAULICALLY_UNVALIDATED
C_24210,0.0,0.0,3.0479999622912146e-05,0,0,2005-07-26T00:15:00,ENGINE_EXECUTABLE_HYDRAULICALLY_UNVALIDATED
C_24211,0.0,0.0,3.0479999622912146e-05,0,0,2005-07-26T00:15:00,ENGINE_EXECUTABLE_HYDRAULICALLY_UNVALIDATED
C_24212,0.0,0.0,3.0479999622912146e-05,0,0,2005-07-26T00:15:00,ENGINE_EXECUTABLE_HYDRAULICALLY_UNVALIDATED
C_24213,0.0,0.0,3.0479999622912146e-05,0,0,2005-07-26T00:15:00,ENGINE_EXECUTABLE_HYDRAULICALLY_UNVALIDATED
C_24214,0.0,0.0,3.0479999622912146e-05,0,0,2005-07-26T00:15:00,ENGINE_EXECUTABLE_HYDRAULICALLY_UNVALIDATED
C_24215,0.0,0.0,3.0479999622912146e-05,0,0,2005-07-26T00:15:00,ENGINE_EXECUTABLE_HYDRAULICALLY_UNVALIDATED
C_24216,0.0,0.0,3.0479999622912146e-05,0,0,2005-07-26T00:15:00,ENGINE_EXECUTABLE_HYDRAULICALLY_UNVALIDATED
C_24217,0.0,0.0,3.0479999622912146e-05,0,0,2005-07-26T00:15:00,ENGINE_EXECUTABLE_HYDRAULICALLY_UNVALIDATED
C_24218,0.0,0.0,3.0479999622912146e-05,0,0,2005-07-26T00:15:00,ENGINE_EXECUTABLE_HYDRAULICALLY_UNVALIDATED
C_24219,0.0,0.0,3.0479999622912146e-05,0,0,2005-07-26T00:15:00,ENGINE_EXECUTABLE_HYDRAULICALLY_UNVALIDATED
C_24220,0.0,0.0,3.0479999622912146e-05,0,0,2005-07-26T00:15:00,ENGINE_EXECUTABLE_HYDRAULICALLY_UNVALIDATED
C_24221,0.0,0.0,3.0479999622912146e-05,0,0,2005-07-26T00:15:00,ENGINE_EXECUTABLE_HYDRAULICALLY_UNVALIDATED
C_24222,0.0,0.0,3.0479999622912146e-05,0,0,2005-07-26T00:15:00,ENGINE_EXECUTABLE_HYDRAULICALLY_UNVALIDATED
C_24223,0.0,0.0,3.0479999622912146e-05,0,0,2005-07-26T00:15:00,ENGINE_EXECUTABLE_HYDRAULICALLY_UNVALIDATED
C_24224,0.0,0.0,3.0479999622912146e-05,0,0,2005-07-26T00:15:00,ENGINE_EXECUTABLE_HYDRAULICALLY_UNVALIDATED
C_24225,0.0,0.0,3.0479999622912146e-05,0,0,2005-07-26T00:15:00,ENGINE_EXECUTABLE_HYDRAULICALLY_UNVALIDATED
C_24226,0.0,0.0,3.0479999622912146e-05,0,0,2005-07-26T00:15:00,ENGINE_EXECUTABLE_HYDRAULICALLY_UNVALIDATED
C_24227,0.0,0.0,3.0479999622912146e-05,0,0,2005-07-26T00:15:00,ENGINE_EXECUTABLE_HYDRAULICALLY_UNVALIDATED
C_24557,0.0,0.0,3.0479999622912146e-05,0,0,2005-07-26T00:15:00,ENGINE_EXECUTABLE_HYDRAULICALLY_UNVALIDATED
C_24558,0.0,0.0,3.0479999622912146e-05,0,0,2005-07-26T00:15:00,ENGINE_EXECUTABLE_HYDRAULICALLY_UNVALIDATED
C_24559,0.0,0.0,3.0479999622912146e-05,0,0,2005-07-26T00:15:00,ENGINE_EXECUTABLE_HYDRAULICALLY_UNVALIDATED
C_24560,0.0,0.0,3.0479999622912146e-05,0,0,2005-07-26T00:15:00,ENGINE_EXECUTABLE_HYDRAULICALLY_UNVALIDATED
C_24561,0.0,0.0,3.0479999622912146e-05,0,0,2005-07-26T00:15:00,ENGINE_EXECUTABLE_HYDRAULICALLY_UNVALIDATED
C_24562,0.0,0.0,3.0479999622912146e-05,0,0,2005-07-26T00:15:00,ENGINE_EXECUTABLE_HYDRAULICALLY_UNVALIDATED
C_24563,0.0,0.0,3.0479999622912146e-05,0,0,2005-07-26T00:15:00,ENGINE_EXECUTABLE_HYDRAULICALLY_UNVALIDATED
C_24564,0.0,0.0,3.0479999622912146e-05,0,0,2005-07-26T00:15:00,ENGINE_EXECUTABLE_HYDRAULICALLY_UNVALIDATED
C_24565,0.0,0.0,3.0479999622912146e-05,0,0,2005-07-26T00:15:00,ENGINE_EXECUTABLE_HYDRAULICALLY_UNVALIDATED
C_24566,0.0,0.0,3.0479999622912146e-05,0,0,2005-07-26T00:15:00,ENGINE_EXECUTABLE_HYDRAULICALLY_UNVALIDATED
C_24570,0.0,0.0,3.0479999622912146e-05,0,0,2005-07-26T00:15:00,ENGINE_EXECUTABLE_HYDRAULICALLY_UNVALIDATED
C_24571,0.0,0.0,3.0479999622912146e-05,0,0,2005-07-26T00:15:00,ENGINE_EXECUTABLE_HYDRAULICALLY_UNVALIDATED
C_24572,0.0,0.0,3.0479999622912146e-05,0,0,2005-07-26T00:15:00,ENGINE_EXECUTABLE_HYDRAULICALLY_UNVALIDATED
C_24573,0.0,0.0,3.0479999622912146e-05,0,0,2005-07-26T00:15:00,ENGINE_EXECUTABLE_HYDRAULICALLY_UNVALIDATED
C_24574,0.0,0.0,3.0479999622912146e-05,0,0,2005-07-26T00:15:00,ENGINE_EXECUTABLE_HYDRAULICALLY_UNVALIDATED
C_24575,0.0,0.0,3.0479999622912146e-05,0,0,2005-07-26T00:15:00,ENGINE_EXECUTABLE_HYDRAULICALLY_UNVALIDATED
C_24576,0.0,0.0,3.0479999622912146e-05,0,0,2005-07-26T00:15:00,ENGINE_EXECUTABLE_HYDRAULICALLY_UNVALIDATED
C_24577,0.0,0.0,3.0479999622912146e-05,0,0,2005-07-26T00:15:00,ENGINE_EXECUTABLE_HYDRAULICALLY_UNVALIDATED
C_24578,0.0,0.0,3.0479999622912146e-05,0,0,2005-07-26T00:15:00,ENGINE_EXECUTABLE_HYDRAULICALLY_UNVALIDATED
C_24579,0.0,0.0,3.0479999622912146e-05,0,0,2005-07-26T00:15:00,ENGINE_EXECUTABLE_HYDRAULICALLY_UNVALIDATED
C_24580,0.0,0.0,3.0479999622912146e-05,0,0,2005-07-26T00:15:00,ENGINE_EXECUTABLE_HYDRAULICALLY_UNVALIDATED
C_24581,0.0,0.0,3.0479999622912146e-05,0,0,2005-07-26T00:15:00,ENGINE_EXECUTABLE_HYDRAULICALLY_UNVALIDATED
C_24582,0.0,0.0,3.0479999622912146e-05,0,0,2005-07-26T00:15:00,ENGINE_EXECUTABLE_HYDRAULICALLY_UNVALIDATED
C_24583,0.0,0.0,3.0479999622912146e-05,0,0,2005-07-26T00:15:00,ENGINE_EXECUTABLE_HYDRAULICALLY_UNVALIDATED
C_24584,0.0,0.0,3.0479999622912146e-05,0,0,2005-07-26T00:15:00,ENGINE_EXECUTABLE_HYDRAULICALLY_UNVALIDATED
C_24585,0.0,0.0,3.0479999622912146e-05,0,0,2005-07-26T00:15:00,ENGINE_EXECUTABLE_HYDRAULICALLY_UNVALIDATED
C_24586,0.0,0.0,3.0479999622912146e-05,0,0,2005-07-26T00:15:00,ENGINE_EXECUTABLE_HYDRAULICALLY_UNVALIDATED
C_24587,0.0,0.0,3.0479999622912146e-05,0,0,2005-07-26T00:15:00,ENGINE_EXECUTABLE_HYDRAULICALLY_UNVALIDATED
C_24588,0.0,0.0,3.0479999622912146e-05,0,0,2005-07-26T00:15:00,ENGINE_EXECUTABLE_HYDRAULICALLY_UNVALIDATED
C_24589,0.0,0.0,3.0479999622912146e-05,0,0,2005-07-26T00:15:00,ENGINE_EXECUTABLE_HYDRAULICALLY_UNVALIDATED
C_24590,0.0,0.0,3.0479999622912146e-05,0,0,2005-07-26T00:15:00,ENGINE_EXECUTABLE_HYDRAULICALLY_UNVALIDATED
C_24603,0.0,0.0,3.0479999622912146e-05,0,0,2005-07-26T00:15:00,ENGINE_EXECUTABLE_HYDRAULICALLY_UNVALIDATED
C_24604,0.0,0.0,3.0479999622912146e-05,0,0,2005-07-26T00:15:00,ENGINE_EXECUTABLE_HYDRAULICALLY_UNVALIDATED
C_24605,0.0,0.0,3.0479999622912146e-05,0,0,2005-07-26T00:15:00,ENGINE_EXECUTABLE_HYDRAULICALLY_UNVALIDATED
C_24606,0.0,0.0,3.0479999622912146e-05,0,0,2005-07-26T00:15:00,ENGINE_EXECUTABLE_HYDRAULICALLY_UNVALIDATED
C_24607,0.0,0.0,3.0479999622912146e-05,0,0,2005-07-26T00:15:00,ENGINE_EXECUTABLE_HYDRAULICALLY_UNVALIDATED
C_24608,0.0,0.0,3.0479999622912146e-05,0,0,2005-07-26T00:15:00,ENGINE_EXECUTABLE_HYDRAULICALLY_UNVALIDATED
C_24609,0.0,0.0,3.0479999622912146e-05,0,0,2005-07-26T00:15:00,ENGINE_EXECUTABLE_HYDRAULICALLY_UNVALIDATED
C_24610,0.0,0.0,3.0479999622912146e-05,0,0,2005-07-26T00:15:00,ENGINE_EXECUTABLE_HYDRAULICALLY_UNVALIDATED
C_24611,0.0,0.0,3.0479999622912146e-05,0,0,2005-07-26T00:15:00,ENGINE_EXECUTABLE_HYDRAULICALLY_UNVALIDATED
C_24612,0.0,0.0,3.0479999622912146e-05,0,0,2005-07-26T00:15:00,ENGINE_EXECUTABLE_HYDRAULICALLY_UNVALIDATED
C_24613,0.0,0.0,3.0479999622912146e-05,0,0,2005-07-26T00:15:00,ENGINE_EXECUTABLE_HYDRAULICALLY_UNVALIDATED
C_24614,0.0,0.0,3.0479999622912146e-05,0,0,2005-07-26T00:15:00,ENGINE_EXECUTABLE_HYDRAULICALLY_UNVALIDATED
C_24615,0.0,0.0,3.0479999622912146e-05,0,0,2005-07-26T00:15:00,ENGINE_EXECUTABLE_HYDRAULICALLY_UNVALIDATED
C_24635,0.0,0.0,3.0479999622912146e-05,0,0,2005-07-26T00:15:00,ENGINE_EXECUTABLE_HYDRAULICALLY_UNVALIDATED
C_24636,0.0,0.0,3.0479999622912146e-05,0,0,2005-07-26T00:15:00,ENGINE_EXECUTABLE_HYDRAULICALLY_UNVALIDATED
C_24637,0.0,0.0,3.0479999622912146e-05,0,0,2005-07-26T00:15:00,ENGINE_EXECUTABLE_HYDRAULICALLY_UNVALIDATED
C_24638,0.0,0.0,3.0479999622912146e-05,0,0,2005-07-26T00:15:00,ENGINE_EXECUTABLE_HYDRAULICALLY_UNVALIDATED
C_24639,0.0,0.0,3.0479999622912146e-05,0,0,2005-07-26T00:15:00,ENGINE_EXECUTABLE_HYDRAULICALLY_UNVALIDATED
C_24640,0.0,0.0,3.0479999622912146e-05,0,0,2005-07-26T00:15:00,ENGINE_EXECUTABLE_HYDRAULICALLY_UNVALIDATED
C_24641,0.0,0.0,3.0479999622912146e-05,0,0,2005-07-26T00:15:00,ENGINE_EXECUTABLE_HYDRAULICALLY_UNVALIDATED
C_24642,0.0,0.0,3.0479999622912146e-05,0,0,2005-07-26T00:15:00,ENGINE_EXECUTABLE_HYDRAULICALLY_UNVALIDATED
C_24643,0.0,0.0,3.0479999622912146e-05,0,0,2005-07-26T00:15:00,ENGINE_EXECUTABLE_HYDRAULICALLY_UNVALIDATED
C_24644,0.0,0.0,3.0479999622912146e-05,0,0,2005-07-26T00:15:00,ENGINE_EXECUTABLE_HYDRAULICALLY_UNVALIDATED
C_24645,0.0,0.0,3.0479999622912146e-05,0,0,2005-07-26T00:15:00,ENGINE_EXECUTABLE_HYDRAULICALLY_UNVALIDATED
C_24648,0.0,0.0,3.0479999622912146e-05,0,0,2005-07-26T00:15:00,ENGINE_EXECUTABLE_HYDRAULICALLY_UNVALIDATED
C_24649,0.0,0.0,3.0479999622912146e-05,0,0,2005-07-26T00:15:00,ENGINE_EXECUTABLE_HYDRAULICALLY_UNVALIDATED
C_24650,0.0,0.0,3.0479999622912146e-05,0,0,2005-07-26T00:15:00,ENGINE_EXECUTABLE_HYDRAULICALLY_UNVALIDATED
C_24651,0.0,0.0,3.0479999622912146e-05,0,0,2005-07-26T00:15:00,ENGINE_EXECUTABLE_HYDRAULICALLY_UNVALIDATED
C_24652,0.0,0.0,3.0479999622912146e-05,0,0,2005-07-26T00:15:00,ENGINE_EXECUTABLE_HYDRAULICALLY_UNVALIDATED
C_24653,0.0,0.0,3.0479999622912146e-05,0,0,2005-07-26T00:15:00,ENGINE_EXECUTABLE_HYDRAULICALLY_UNVALIDATED
C_24654,0.0,0.0,3.0479999622912146e-05,0,0,2005-07-26T00:15:00,ENGINE_EXECUTABLE_HYDRAULICALLY_UNVALIDATED
C_24655,0.0,0.0,3.0479999622912146e-05,0,0,2005-07-26T00:15:00,ENGINE_EXECUTABLE_HYDRAULICALLY_UNVALIDATED
C_24656,0.0,0.0,3.0479999622912146e-05,0,0,2005-07-26T00:15:00,ENGINE_EXECUTABLE_HYDRAULICALLY_UNVALIDATED
C_24676,0.0,0.0,3.0479999622912146e-05,0,0,2005-07-26T00:15:00,ENGINE_EXECUTABLE_HYDRAULICALLY_UNVALIDATED
C_24677,0.0,0.0,3.0479999622912146e-05,0,0,2005-07-26T00:15:00,ENGINE_EXECUTABLE_HYDRAULICALLY_UNVALIDATED
C_24680,0.0,0.0,3.0479999622912146e-05,0,0,2005-07-26T00:15:00,ENGINE_EXECUTABLE_HYDRAULICALLY_UNVALIDATED
C_24681,0.0,0.0,3.0479999622912146e-05,0,0,2005-07-26T00:15:00,ENGINE_EXECUTABLE_HYDRAULICALLY_UNVALIDATED
C_24682,0.0,0.0,3.0479999622912146e-05,0,0,2005-07-26T00:15:00,ENGINE_EXECUTABLE_HYDRAULICALLY_UNVALIDATED
C_24683,0.0,0.0,3.0479999622912146e-05,0,0,2005-07-26T00:15:00,ENGINE_EXECUTABLE_HYDRAULICALLY_UNVALIDATED
C_24684,0.0,0.0,3.0479999622912146e-05,0,0,2005-07-26T00:15:00,ENGINE_EXECUTABLE_HYDRAULICALLY_UNVALIDATED
C_24685,0.0,0.0,3.0479999622912146e-05,0,0,2005-07-26T00:15:00,ENGINE_EXECUTABLE_HYDRAULICALLY_UNVALIDATED
C_24686,0.0,0.0,3.0479999622912146e-05,0,0,2005-07-26T00:15:00,ENGINE_EXECUTABLE_HYDRAULICALLY_UNVALIDATED
C_24687,0.0,0.0,3.0479999622912146e-05,0,0,2005-07-26T00:15:00,ENGINE_EXECUTABLE_HYDRAULICALLY_UNVALIDATED
C_24688,0.0,0.0,3.0479999622912146e-05,0,0,2005-07-26T00:15:00,ENGINE_EXECUTABLE_HYDRAULICALLY_UNVALIDATED
C_24689,0.0,0.0,3.0479999622912146e-05,0,0,2005-07-26T00:15:00,ENGINE_EXECUTABLE_HYDRAULICALLY_UNVALIDATED
C_24691,0.0,0.0,3.0479999622912146e-05,0,0,2005-07-26T00:15:00,ENGINE_EXECUTABLE_HYDRAULICALLY_UNVALIDATED
C_24692,0.0,0.0,3.0479999622912146e-05,0,0,2005-07-26T00:15:00,ENGINE_EXECUTABLE_HYDRAULICALLY_UNVALIDATED
C_24693,0.0,0.0,3.0479999622912146e-05,0,0,2005-07-26T00:15:00,ENGINE_EXECUTABLE_HYDRAULICALLY_UNVALIDATED
C_24694,0.0,0.0,3.0479999622912146e-05,0,0,2005-07-26T00:15:00,ENGINE_EXECUTABLE_HYDRAULICALLY_UNVALIDATED
C_24695,0.0,0.0,3.0479999622912146e-05,0,0,2005-07-26T00:15:00,ENGINE_EXECUTABLE_HYDRAULICALLY_UNVALIDATED
C_24696,0.0,0.0,3.0479999622912146e-05,0,0,2005-07-26T00:15:00,ENGINE_EXECUTABLE_HYDRAULICALLY_UNVALIDATED
C_24697,0.0,0.0,3.0479999622912146e-05,0,0,2005-07-26T00:15:00,ENGINE_EXECUTABLE_HYDRAULICALLY_UNVALIDATED
C_24723,0.0,0.0,3.0479999622912146e-05,0,0,2005-07-26T00:15:00,ENGINE_EXECUTABLE_HYDRAULICALLY_UNVALIDATED
C_24724,0.0,0.0,3.0479999622912146e-05,0,0,2005-07-26T00:15:00,ENGINE_EXECUTABLE_HYDRAULICALLY_UNVALIDATED
C_24725,0.0,0.0,3.0479999622912146e-05,0,0,2005-07-26T00:15:00,ENGINE_EXECUTABLE_HYDRAULICALLY_UNVALIDATED
C_24726,0.0,0.0,3.0479999622912146e-05,0,0,2005-07-26T00:15:00,ENGINE_EXECUTABLE_HYDRAULICALLY_UNVALIDATED
C_24727,0.0,0.0,3.0479999622912146e-05,0,0,2005-07-26T00:15:00,ENGINE_EXECUTABLE_HYDRAULICALLY_UNVALIDATED
C_24728,0.0,0.0,0.026784395799040794,0,0,2005-07-26T00:15:00,ENGINE_EXECUTABLE_HYDRAULICALLY_UNVALIDATED
C_24729,0.0,0.0,3.0479999622912146e-05,0,0,2005-07-26T00:15:00,ENGINE_EXECUTABLE_HYDRAULICALLY_UNVALIDATED
C_24730,0.0,0.0,0.00495251826941967,0,0,2005-07-26T00:15:00,ENGINE_EXECUTABLE_HYDRAULICALLY_UNVALIDATED
C_24731,0.0,0.0,3.0479999622912146e-05,0,0,2005-07-26T00:15:00,ENGINE_EXECUTABLE_HYDRAULICALLY_UNVALIDATED
C_24733,0.0,0.0,3.0479999622912146e-05,0,0,2005-07-26T00:15:00,ENGINE_EXECUTABLE_HYDRAULICALLY_UNVALIDATED
C_24734,0.0,0.0,0.012760821729898453,0,0,2005-07-26T00:15:00,ENGINE_EXECUTABLE_HYDRAULICALLY_UNVALIDATED
C_24735,0.0,0.0,0.011095687747001648,0,0,2005-07-26T00:15:00,ENGINE_EXECUTABLE_HYDRAULICALLY_UNVALIDATED
C_24736,0.002588018774986267,0.04051045700907707,0.037490032613277435,0,0,2005-07-26T00:30:00,ENGINE_EXECUTABLE_HYDRAULICALLY_UNVALIDATED
C_24737,0.0,0.0,3.0479999622912146e-05,0,0,2005-07-26T00:15:00,ENGINE_EXECUTABLE_HYDRAULICALLY_UNVALIDATED
C_24738,0.0,0.0,3.0479999622912146e-05,0,0,2005-07-26T00:15:00,ENGINE_EXECUTABLE_HYDRAULICALLY_UNVALIDATED
C_24739,0.0,0.0,3.0479999622912146e-05,0,0,2005-07-26T00:15:00,ENGINE_EXECUTABLE_HYDRAULICALLY_UNVALIDATED
C_24740,0.0009456673869863153,0.07137130945920944,0.07301634550094604,0,0,2005-07-26T00:30:00,ENGINE_EXECUTABLE_HYDRAULICALLY_UNVALIDATED
C_24741,0.002095225965604186,0.023262863978743553,0.07215575128793716,0,0,2005-07-26T01:15:00,ENGINE_EXECUTABLE_HYDRAULICALLY_UNVALIDATED
C_24742,7.675398956052959e-05,0.022055871784687042,0.024206973612308502,0,0,2005-07-26T01:15:00,ENGINE_EXECUTABLE_HYDRAULICALLY_UNVALIDATED
C_24743,0.004656822886317968,0.06888222694396973,0.06000110134482384,0,0,2005-07-26T06:15:00,ENGINE_EXECUTABLE_HYDRAULICALLY_UNVALIDATED
C_24744,0.004174946341663599,0.011103672906756401,0.19715070724487305,0,0,2005-07-26T01:15:00,ENGINE_EXECUTABLE_HYDRAULICALLY_UNVALIDATED
C_24745,0.012566473335027695,0.08910397440195084,0.09048935025930405,0,0,2005-07-26T06:15:00,ENGINE_EXECUTABLE_HYDRAULICALLY_UNVALIDATED
C_24746,0.049623310565948486,0.2924734950065613,0.29715123772621155,0,0,2005-07-26T00:15:00,ENGINE_EXECUTABLE_HYDRAULICALLY_UNVALIDATED
C_24747,0.0021014169324189425,0.10613632202148438,0.1014876738190651,0,0,2005-07-26T06:15:00,ENGINE_EXECUTABLE_HYDRAULICALLY_UNVALIDATED
C_24748,0.00032264261972159147,0.09307977557182312,0.04548868536949158,0,0,2005-07-26T01:15:00,ENGINE_EXECUTABLE_HYDRAULICALLY_UNVALIDATED
C_24749,0.6546655893325806,1.2033556699752808,0.2719866633415222,0,0,2005-07-26T05:45:00,ENGINE_EXECUTABLE_HYDRAULICALLY_UNVALIDATED
C_24766,0.0,0.0,3.0479999622912146e-05,0,0,2005-07-26T00:15:00,ENGINE_EXECUTABLE_HYDRAULICALLY_UNVALIDATED
C_24767,0.0,0.0,3.0479999622912146e-05,0,0,2005-07-26T00:15:00,ENGINE_EXECUTABLE_HYDRAULICALLY_UNVALIDATED
C_24768,0.6547597646713257,0.8947626352310181,0.24389591813087463,0,0,2005-07-26T01:30:00,ENGINE_EXECUTABLE_HYDRAULICALLY_UNVALIDATED
C_24769,0.6547638773918152,0.8843571543693542,0.24676717817783356,0,0,2005-07-26T01:30:00,ENGINE_EXECUTABLE_HYDRAULICALLY_UNVALIDATED
C_24770,0.0,0.0,3.0479999622912146e-05,0,0,2005-07-26T00:15:00,ENGINE_EXECUTABLE_HYDRAULICALLY_UNVALIDATED
C_24771,0.6546733975410461,0.7208291888237,0.11351527273654938,0,0,2005-07-26T02:15:00,ENGINE_EXECUTABLE_HYDRAULICALLY_UNVALIDATED
C_24772,0.0,0.0,3.0479999622912146e-05,0,0,2005-07-26T00:15:00,ENGINE_EXECUTABLE_HYDRAULICALLY_UNVALIDATED
C_24773,0.0,0.0,3.0479999622912146e-05,0,0,2005-07-26T00:15:00,ENGINE_EXECUTABLE_HYDRAULICALLY_UNVALIDATED
C_24774,0.6546655893325806,0.8125026226043701,0.2685505449771881,0,0,2005-07-26T05:00:00,ENGINE_EXECUTABLE_HYDRAULICALLY_UNVALIDATED
C_24775,0.6547141671180725,0.9701455235481262,0.22493304312229156,0,0,2005-07-26T01:30:00,ENGINE_EXECUTABLE_HYDRAULICALLY_UNVALIDATED
C_24776,0.6547361612319946,0.9217772483825684,0.23673948645591736,0,0,2005-07-26T01:30:00,ENGINE_EXECUTABLE_HYDRAULICALLY_UNVALIDATED
C_24777,0.6547450423240662,0.9099047183990479,0.23983174562454224,0,0,2005-07-26T01:30:00,ENGINE_EXECUTABLE_HYDRAULICALLY_UNVALIDATED
C_24791,0.6547576785087585,0.8802413940429688,0.24791865050792694,0,0,2005-07-26T01:30:00,ENGINE_EXECUTABLE_HYDRAULICALLY_UNVALIDATED
C_24792,0.6547214388847351,1.7791038751602173,0.4630351662635803,0,0,2005-07-26T01:30:00,ENGINE_EXECUTABLE_HYDRAULICALLY_UNVALIDATED
C_24793,0.6547253131866455,1.6133396625518799,0.4996616542339325,0,0,2005-07-26T02:00:00,ENGINE_EXECUTABLE_HYDRAULICALLY_UNVALIDATED
C_24794,0.02029438130557537,0.08928053826093674,0.4556298851966858,0,0,2005-07-26T00:15:00,ENGINE_EXECUTABLE_HYDRAULICALLY_UNVALIDATED
C_24795,0.6546603441238403,3.2199161052703857,0.4997999966144562,300,0,2005-07-26T04:00:00,ENGINE_EXECUTABLE_HYDRAULICALLY_UNVALIDATED
C_24796,0.08092213422060013,0.259634792804718,0.5176947116851807,0,0,2005-07-26T00:15:00,ENGINE_EXECUTABLE_HYDRAULICALLY_UNVALIDATED
C_24797,0.016693705692887306,0.08471515029668808,0.4041423797607422,0,0,2005-07-26T00:15:00,ENGINE_EXECUTABLE_HYDRAULICALLY_UNVALIDATED
C_24798,0.07679558545351028,0.2702060043811798,0.49169501662254333,0,0,2005-07-26T00:15:00,ENGINE_EXECUTABLE_HYDRAULICALLY_UNVALIDATED
C_24799,0.6546603441238403,3.204331636428833,0.5099999904632568,360,360,2005-07-26T04:00:00,ENGINE_EXECUTABLE_HYDRAULICALLY_UNVALIDATED
C_24800,0.6546603441238403,3.204331636428833,0.5099999904632568,360,360,2005-07-26T04:00:00,ENGINE_EXECUTABLE_HYDRAULICALLY_UNVALIDATED
C_24801,0.6546603441238403,3.204331636428833,0.5099999904632568,360,360,2005-07-26T04:00:00,ENGINE_EXECUTABLE_HYDRAULICALLY_UNVALIDATED
C_24802,0.5861493349075317,3.685063600540161,0.44999998807907104,360,360,2005-07-26T01:15:00,ENGINE_EXECUTABLE_HYDRAULICALLY_UNVALIDATED
C_24812,0.011130454018712044,0.08682212978601456,0.320681631565094,0,0,2005-07-26T00:15:00,ENGINE_EXECUTABLE_HYDRAULICALLY_UNVALIDATED
C_24813,0.006107643712311983,0.11007364839315414,0.22422480583190918,0,0,2005-07-26T00:15:00,ENGINE_EXECUTABLE_HYDRAULICALLY_UNVALIDATED
C_24814,0.060203973203897476,0.29784995317459106,0.41571298241615295,0,0,2005-07-26T00:15:00,ENGINE_EXECUTABLE_HYDRAULICALLY_UNVALIDATED
C_24815,0.0014336499152705073,0.06806160509586334,0.14677628874778748,0,0,2005-07-26T01:15:00,ENGINE_EXECUTABLE_HYDRAULICALLY_UNVALIDATED
C_24816,0.039775021374225616,0.23685400187969208,0.37527111172676086,0,0,2005-07-26T00:15:00,ENGINE_EXECUTABLE_HYDRAULICALLY_UNVALIDATED
C_24817,0.0685945376753807,0.27844634652137756,0.4561990797519684,0,0,2005-07-26T00:15:00,ENGINE_EXECUTABLE_HYDRAULICALLY_UNVALIDATED
C_24828,0.0005860654055140913,0.030885113403201103,0.07934931665658951,0,0,2005-07-26T01:15:00,ENGINE_EXECUTABLE_HYDRAULICALLY_UNVALIDATED
C_24829,0.01000127661973238,0.10188997536897659,0.34238871932029724,0,0,2005-07-26T00:15:00,ENGINE_EXECUTABLE_HYDRAULICALLY_UNVALIDATED
C_24830,0.0,0.0,0.021710114553570747,0,0,2005-07-26T00:15:00,ENGINE_EXECUTABLE_HYDRAULICALLY_UNVALIDATED
C_24832,0.00901713315397501,0.05404767394065857,0.32038310170173645,0,0,2005-07-26T00:30:00,ENGINE_EXECUTABLE_HYDRAULICALLY_UNVALIDATED
C_24844,0.25622695684432983,0.5185221433639526,0.893882691860199,0,0,2005-07-26T06:00:00,ENGINE_EXECUTABLE_HYDRAULICALLY_UNVALIDATED
C_24845,0.25622695684432983,0.46498143672943115,0.9270825982093811,0,0,2005-07-26T06:00:00,ENGINE_EXECUTABLE_HYDRAULICALLY_UNVALIDATED
C_24846,0.25622695684432983,0.3964550197124481,0.9612812995910645,0,0,2005-07-26T06:00:00,ENGINE_EXECUTABLE_HYDRAULICALLY_UNVALIDATED
C_24852,0.25622692704200745,0.3343646228313446,1.0035895109176636,0,0,2005-07-26T06:00:00,ENGINE_EXECUTABLE_HYDRAULICALLY_UNVALIDATED
C_24853,0.25622692704200745,0.1962294727563858,1.0098344087600708,0,0,2005-07-26T06:00:00,ENGINE_EXECUTABLE_HYDRAULICALLY_UNVALIDATED
C_24854,0.25622695684432983,0.13261008262634277,1.0155916213989258,0,0,2005-07-26T06:00:00,ENGINE_EXECUTABLE_HYDRAULICALLY_UNVALIDATED
C_24855,0.25622695684432983,0.3517126441001892,0.9888046979904175,0,0,2005-07-26T06:00:00,ENGINE_EXECUTABLE_HYDRAULICALLY_UNVALIDATED
C_24856,0.6546784043312073,0.6827494502067566,0.11984732002019882,0,0,2005-07-26T02:15:00,ENGINE_EXECUTABLE_HYDRAULICALLY_UNVALIDATED
C_24857,0.6546774506568909,0.5638629794120789,0.1451164036989212,0,0,2005-07-26T02:15:00,ENGINE_EXECUTABLE_HYDRAULICALLY_UNVALIDATED
C_24858,0.6546758413314819,0.4808412492275238,0.17017166316509247,0,0,2005-07-26T02:45:00,ENGINE_EXECUTABLE_HYDRAULICALLY_UNVALIDATED
C_24859,0.6546669006347656,0.4703773260116577,0.17395474016666412,0,0,2005-07-26T02:45:00,ENGINE_EXECUTABLE_HYDRAULICALLY_UNVALIDATED
C_24860,0.6546672582626343,0.6229894757270813,0.1313413679599762,0,0,2005-07-26T03:30:00,ENGINE_EXECUTABLE_HYDRAULICALLY_UNVALIDATED
C_24862,0.0,0.0,3.0479999622912146e-05,0,0,2005-07-26T00:15:00,ENGINE_EXECUTABLE_HYDRAULICALLY_UNVALIDATED
C_24863,0.0,0.0,3.0479999622912146e-05,0,0,2005-07-26T00:15:00,ENGINE_EXECUTABLE_HYDRAULICALLY_UNVALIDATED
C_24864,0.0,0.0,3.0479999622912146e-05,0,0,2005-07-26T00:15:00,ENGINE_EXECUTABLE_HYDRAULICALLY_UNVALIDATED
C_24865,0.0,0.0,3.0479999622912146e-05,0,0,2005-07-26T00:15:00,ENGINE_EXECUTABLE_HYDRAULICALLY_UNVALIDATED
C_24866,0.0,0.0,3.0479999622912146e-05,0,0,2005-07-26T00:15:00,ENGINE_EXECUTABLE_HYDRAULICALLY_UNVALIDATED
C_24867,0.0,0.0,3.0479999622912146e-05,0,0,2005-07-26T00:15:00,ENGINE_EXECUTABLE_HYDRAULICALLY_UNVALIDATED
C_24868,0.5861493349075317,3.685063600540161,0.44999998807907104,360,360,2005-07-26T01:15:00,ENGINE_EXECUTABLE_HYDRAULICALLY_UNVALIDATED
C_24871,0.0,0.0,3.0479999622912146e-05,0,0,2005-07-26T00:15:00,ENGINE_EXECUTABLE_HYDRAULICALLY_UNVALIDATED
C_24872,0.0,0.0,3.0479999622912146e-05,0,0,2005-07-26T00:15:00,ENGINE_EXECUTABLE_HYDRAULICALLY_UNVALIDATED
C_24873,0.0,0.0,3.0479999622912146e-05,0,0,2005-07-26T00:15:00,ENGINE_EXECUTABLE_HYDRAULICALLY_UNVALIDATED
C_24874,0.0,0.0,0.025691300630569458,0,0,2005-07-26T00:15:00,ENGINE_EXECUTABLE_HYDRAULICALLY_UNVALIDATED
C_24877,0.0017541302368044853,0.00866603758186102,0.1293521225452423,0,0,2005-07-26T01:45:00,ENGINE_EXECUTABLE_HYDRAULICALLY_UNVALIDATED
C_24878,0.3387654423713684,0.9668927192687988,0.17516303062438965,0,0,2005-07-26T06:00:00,ENGINE_EXECUTABLE_HYDRAULICALLY_UNVALIDATED
C_24894,0.0,0.0,3.0479999622912146e-05,0,0,2005-07-26T00:15:00,ENGINE_EXECUTABLE_HYDRAULICALLY_UNVALIDATED
C_24895,0.0,0.0,3.0479999622912146e-05,0,0,2005-07-26T00:15:00,ENGINE_EXECUTABLE_HYDRAULICALLY_UNVALIDATED
C_24896,0.0,0.0,3.0479999622912146e-05,0,0,2005-07-26T00:15:00,ENGINE_EXECUTABLE_HYDRAULICALLY_UNVALIDATED
C_24897,0.0,0.0,3.0479999622912146e-05,0,0,2005-07-26T00:15:00,ENGINE_EXECUTABLE_HYDRAULICALLY_UNVALIDATED
C_24927,0.0,0.0,3.0479999622912146e-05,0,0,2005-07-26T00:15:00,ENGINE_EXECUTABLE_HYDRAULICALLY_UNVALIDATED
C_24942,0.0,0.0,3.0479999622912146e-05,0,0,2005-07-26T00:15:00,ENGINE_EXECUTABLE_HYDRAULICALLY_UNVALIDATED
C_24943,0.0,0.0,3.0479999622912146e-05,0,0,2005-07-26T00:15:00,ENGINE_EXECUTABLE_HYDRAULICALLY_UNVALIDATED
C_24944,0.0,0.0,3.0479999622912146e-05,0,0,2005-07-26T00:15:00,ENGINE_EXECUTABLE_HYDRAULICALLY_UNVALIDATED
C_24945,0.0,0.0,3.0479999622912146e-05,0,0,2005-07-26T00:15:00,ENGINE_EXECUTABLE_HYDRAULICALLY_UNVALIDATED
C_24946,0.0,0.0,3.0479999622912146e-05,0,0,2005-07-26T00:15:00,ENGINE_EXECUTABLE_HYDRAULICALLY_UNVALIDATED
C_24947,0.0,0.0,3.0479999622912146e-05,0,0,2005-07-26T00:15:00,ENGINE_EXECUTABLE_HYDRAULICALLY_UNVALIDATED
C_24948,0.0,0.0,3.0479999622912146e-05,0,0,2005-07-26T00:15:00,ENGINE_EXECUTABLE_HYDRAULICALLY_UNVALIDATED
C_24949,0.0,0.0,3.0479999622912146e-05,0,0,2005-07-26T00:15:00,ENGINE_EXECUTABLE_HYDRAULICALLY_UNVALIDATED
C_24950,0.0,0.0,3.0479999622912146e-05,0,0,2005-07-26T00:15:00,ENGINE_EXECUTABLE_HYDRAULICALLY_UNVALIDATED
C_24951,0.0,0.0,3.0479999622912146e-05,0,0,2005-07-26T00:15:00,ENGINE_EXECUTABLE_HYDRAULICALLY_UNVALIDATED
C_24952,0.0,0.0,3.0479999622912146e-05,0,0,2005-07-26T00:15:00,ENGINE_EXECUTABLE_HYDRAULICALLY_UNVALIDATED
C_24953,0.0,0.0,3.0479999622912146e-05,0,0,2005-07-26T00:15:00,ENGINE_EXECUTABLE_HYDRAULICALLY_UNVALIDATED
C_24954,0.0,0.0,3.0479999622912146e-05,0,0,2005-07-26T00:15:00,ENGINE_EXECUTABLE_HYDRAULICALLY_UNVALIDATED
C_24955,0.0,0.0,3.0479999622912146e-05,0,0,2005-07-26T00:15:00,ENGINE_EXECUTABLE_HYDRAULICALLY_UNVALIDATED
C_24956,0.0,0.0,3.0479999622912146e-05,0,0,2005-07-26T00:15:00,ENGINE_EXECUTABLE_HYDRAULICALLY_UNVALIDATED
C_24957,0.0,0.0,3.0479999622912146e-05,0,0,2005-07-26T00:15:00,ENGINE_EXECUTABLE_HYDRAULICALLY_UNVALIDATED
C_24958,0.0,0.0,3.0479999622912146e-05,0,0,2005-07-26T00:15:00,ENGINE_EXECUTABLE_HYDRAULICALLY_UNVALIDATED
C_24959,0.0,0.0,3.0479999622912146e-05,0,0,2005-07-26T00:15:00,ENGINE_EXECUTABLE_HYDRAULICALLY_UNVALIDATED
C_24960,0.0,0.0,3.0479999622912146e-05,0,0,2005-07-26T00:15:00,ENGINE_EXECUTABLE_HYDRAULICALLY_UNVALIDATED
C_24961,0.0,0.0,3.0479999622912146e-05,0,0,2005-07-26T00:15:00,ENGINE_EXECUTABLE_HYDRAULICALLY_UNVALIDATED
C_24962,0.0,0.0,3.0479999622912146e-05,0,0,2005-07-26T00:15:00,ENGINE_EXECUTABLE_HYDRAULICALLY_UNVALIDATED
C_24963,0.0,0.0,3.0479999622912146e-05,0,0,2005-07-26T00:15:00,ENGINE_EXECUTABLE_HYDRAULICALLY_UNVALIDATED
C_24964,0.0,0.0,3.0479999622912146e-05,0,0,2005-07-26T00:15:00,ENGINE_EXECUTABLE_HYDRAULICALLY_UNVALIDATED
C_24965,0.0,0.0,3.0479999622912146e-05,0,0,2005-07-26T00:15:00,ENGINE_EXECUTABLE_HYDRAULICALLY_UNVALIDATED
C_24966,0.0,0.0,3.0479999622912146e-05,0,0,2005-07-26T00:15:00,ENGINE_EXECUTABLE_HYDRAULICALLY_UNVALIDATED
C_24967,0.0,0.0,3.0479999622912146e-05,0,0,2005-07-26T00:15:00,ENGINE_EXECUTABLE_HYDRAULICALLY_UNVALIDATED
C_24968,0.0,0.0,3.0479999622912146e-05,0,0,2005-07-26T00:15:00,ENGINE_EXECUTABLE_HYDRAULICALLY_UNVALIDATED
C_24969,0.0,0.0,3.0479999622912146e-05,0,0,2005-07-26T00:15:00,ENGINE_EXECUTABLE_HYDRAULICALLY_UNVALIDATED
C_24970,0.0,0.0,3.0479999622912146e-05,0,0,2005-07-26T00:15:00,ENGINE_EXECUTABLE_HYDRAULICALLY_UNVALIDATED
C_24971,0.0,0.0,3.0479999622912146e-05,0,0,2005-07-26T00:15:00,ENGINE_EXECUTABLE_HYDRAULICALLY_UNVALIDATED
C_24972,0.0,0.0,3.0479999622912146e-05,0,0,2005-07-26T00:15:00,ENGINE_EXECUTABLE_HYDRAULICALLY_UNVALIDATED
C_24973,0.0,0.0,3.0479999622912146e-05,0,0,2005-07-26T00:15:00,ENGINE_EXECUTABLE_HYDRAULICALLY_UNVALIDATED
C_24974,0.0,0.0,3.0479999622912146e-05,0,0,2005-07-26T00:15:00,ENGINE_EXECUTABLE_HYDRAULICALLY_UNVALIDATED
C_24975,0.0,0.0,3.0479999622912146e-05,0,0,2005-07-26T00:15:00,ENGINE_EXECUTABLE_HYDRAULICALLY_UNVALIDATED
C_24976,0.0,0.0,3.0479999622912146e-05,0,0,2005-07-26T00:15:00,ENGINE_EXECUTABLE_HYDRAULICALLY_UNVALIDATED
C_24977,0.0,0.0,3.0479999622912146e-05,0,0,2005-07-26T00:15:00,ENGINE_EXECUTABLE_HYDRAULICALLY_UNVALIDATED
C_24978,0.0,0.0,3.0479999622912146e-05,0,0,2005-07-26T00:15:00,ENGINE_EXECUTABLE_HYDRAULICALLY_UNVALIDATED
C_24979,0.0,0.0,3.0479999622912146e-05,0,0,2005-07-26T00:15:00,ENGINE_EXECUTABLE_HYDRAULICALLY_UNVALIDATED
C_24980,0.0,0.0,3.0479999622912146e-05,0,0,2005-07-26T00:15:00,ENGINE_EXECUTABLE_HYDRAULICALLY_UNVALIDATED
C_24981,0.0,0.0,3.0479999622912146e-05,0,0,2005-07-26T00:15:00,ENGINE_EXECUTABLE_HYDRAULICALLY_UNVALIDATED
C_24982,0.0,0.0,3.0479999622912146e-05,0,0,2005-07-26T00:15:00,ENGINE_EXECUTABLE_HYDRAULICALLY_UNVALIDATED
C_24983,0.0,0.0,3.0479999622912146e-05,0,0,2005-07-26T00:15:00,ENGINE_EXECUTABLE_HYDRAULICALLY_UNVALIDATED
C_24984,0.0,0.0,3.0479999622912146e-05,0,0,2005-07-26T00:15:00,ENGINE_EXECUTABLE_HYDRAULICALLY_UNVALIDATED
C_24985,0.0,0.0,3.0479999622912146e-05,0,0,2005-07-26T00:15:00,ENGINE_EXECUTABLE_HYDRAULICALLY_UNVALIDATED
C_24986,0.0,0.0,3.0479999622912146e-05,0,0,2005-07-26T00:15:00,ENGINE_EXECUTABLE_HYDRAULICALLY_UNVALIDATED
C_24987,0.0,0.0,3.0479999622912146e-05,0,0,2005-07-26T00:15:00,ENGINE_EXECUTABLE_HYDRAULICALLY_UNVALIDATED
C_24988,0.0,0.0,3.0479999622912146e-05,0,0,2005-07-26T00:15:00,ENGINE_EXECUTABLE_HYDRAULICALLY_UNVALIDATED
C_24989,0.0,0.0,3.0479999622912146e-05,0,0,2005-07-26T00:15:00,ENGINE_EXECUTABLE_HYDRAULICALLY_UNVALIDATED
C_24990,0.0,0.0,3.0479999622912146e-05,0,0,2005-07-26T00:15:00,ENGINE_EXECUTABLE_HYDRAULICALLY_UNVALIDATED
C_24991,0.0,0.0,3.0479999622912146e-05,0,0,2005-07-26T00:15:00,ENGINE_EXECUTABLE_HYDRAULICALLY_UNVALIDATED
C_24992,0.0,0.0,0.0005351921427063644,0,0,2005-07-26T00:15:00,ENGINE_EXECUTABLE_HYDRAULICALLY_UNVALIDATED
C_24993,0.0,0.0,3.0479999622912146e-05,0,0,2005-07-26T00:15:00,ENGINE_EXECUTABLE_HYDRAULICALLY_UNVALIDATED
C_24994,0.0,0.0,3.0479999622912146e-05,0,0,2005-07-26T00:15:00,ENGINE_EXECUTABLE_HYDRAULICALLY_UNVALIDATED
C_24995,0.0,0.0,3.0479999622912146e-05,0,0,2005-07-26T00:15:00,ENGINE_EXECUTABLE_HYDRAULICALLY_UNVALIDATED
C_24996,0.0,0.0,3.0479999622912146e-05,0,0,2005-07-26T00:15:00,ENGINE_EXECUTABLE_HYDRAULICALLY_UNVALIDATED
C_24997,0.0,0.0,3.0479999622912146e-05,0,0,2005-07-26T00:15:00,ENGINE_EXECUTABLE_HYDRAULICALLY_UNVALIDATED
C_24998,0.0,0.0,3.0479999622912146e-05,0,0,2005-07-26T00:15:00,ENGINE_EXECUTABLE_HYDRAULICALLY_UNVALIDATED
C_24999,0.0,0.0,3.0479999622912146e-05,0,0,2005-07-26T00:15:00,ENGINE_EXECUTABLE_HYDRAULICALLY_UNVALIDATED
C_25000,0.0,0.0,3.0479999622912146e-05,0,0,2005-07-26T00:15:00,ENGINE_EXECUTABLE_HYDRAULICALLY_UNVALIDATED
C_25001,0.0,0.0,3.0479999622912146e-05,0,0,2005-07-26T00:15:00,ENGINE_EXECUTABLE_HYDRAULICALLY_UNVALIDATED
C_25002,0.0,0.0,3.0479999622912146e-05,0,0,2005-07-26T00:15:00,ENGINE_EXECUTABLE_HYDRAULICALLY_UNVALIDATED
C_25003,0.0,0.0,3.0479999622912146e-05,0,0,2005-07-26T00:15:00,ENGINE_EXECUTABLE_HYDRAULICALLY_UNVALIDATED
C_25004,0.0,0.0,3.0479999622912146e-05,0,0,2005-07-26T00:15:00,ENGINE_EXECUTABLE_HYDRAULICALLY_UNVALIDATED
C_25005,0.0,0.0,3.0479999622912146e-05,0,0,2005-07-26T00:15:00,ENGINE_EXECUTABLE_HYDRAULICALLY_UNVALIDATED
C_25006,0.0,0.0,3.0479999622912146e-05,0,0,2005-07-26T00:15:00,ENGINE_EXECUTABLE_HYDRAULICALLY_UNVALIDATED
C_25007,0.0,0.0,3.0479999622912146e-05,0,0,2005-07-26T00:15:00,ENGINE_EXECUTABLE_HYDRAULICALLY_UNVALIDATED
C_25008,0.0,0.0,3.0479999622912146e-05,0,0,2005-07-26T00:15:00,ENGINE_EXECUTABLE_HYDRAULICALLY_UNVALIDATED
C_25009,0.0,0.0,3.0479999622912146e-05,0,0,2005-07-26T00:15:00,ENGINE_EXECUTABLE_HYDRAULICALLY_UNVALIDATED
C_25013,0.0,0.0,3.0479999622912146e-05,0,0,2005-07-26T00:15:00,ENGINE_EXECUTABLE_HYDRAULICALLY_UNVALIDATED
C_25014,0.0,0.0,3.0479999622912146e-05,0,0,2005-07-26T00:15:00,ENGINE_EXECUTABLE_HYDRAULICALLY_UNVALIDATED
C_25015,0.0,0.0,3.0479999622912146e-05,0,0,2005-07-26T00:15:00,ENGINE_EXECUTABLE_HYDRAULICALLY_UNVALIDATED
C_25016,0.0,0.0,3.0479999622912146e-05,0,0,2005-07-26T00:15:00,ENGINE_EXECUTABLE_HYDRAULICALLY_UNVALIDATED
C_25017,0.0,0.0,3.0479999622912146e-05,0,0,2005-07-26T00:15:00,ENGINE_EXECUTABLE_HYDRAULICALLY_UNVALIDATED
C_25018,0.0,0.0,3.0479999622912146e-05,0,0,2005-07-26T00:15:00,ENGINE_EXECUTABLE_HYDRAULICALLY_UNVALIDATED
C_25019,0.0,0.0,3.0479999622912146e-05,0,0,2005-07-26T00:15:00,ENGINE_EXECUTABLE_HYDRAULICALLY_UNVALIDATED
C_25020,0.0,0.0,3.0479999622912146e-05,0,0,2005-07-26T00:15:00,ENGINE_EXECUTABLE_HYDRAULICALLY_UNVALIDATED
C_25021,0.0,0.0,3.0479999622912146e-05,0,0,2005-07-26T00:15:00,ENGINE_EXECUTABLE_HYDRAULICALLY_UNVALIDATED
C_25022,0.0,0.0,3.0479999622912146e-05,0,0,2005-07-26T00:15:00,ENGINE_EXECUTABLE_HYDRAULICALLY_UNVALIDATED
C_25023,0.0,0.0,3.0479999622912146e-05,0,0,2005-07-26T00:15:00,ENGINE_EXECUTABLE_HYDRAULICALLY_UNVALIDATED
C_25027,0.0,0.0,3.0479999622912146e-05,0,0,2005-07-26T00:15:00,ENGINE_EXECUTABLE_HYDRAULICALLY_UNVALIDATED
C_25028,0.0,0.0,3.0479999622912146e-05,0,0,2005-07-26T00:15:00,ENGINE_EXECUTABLE_HYDRAULICALLY_UNVALIDATED
C_25029,0.0,0.0,3.0479999622912146e-05,0,0,2005-07-26T00:15:00,ENGINE_EXECUTABLE_HYDRAULICALLY_UNVALIDATED
C_25030,0.0,0.0,3.0479999622912146e-05,0,0,2005-07-26T00:15:00,ENGINE_EXECUTABLE_HYDRAULICALLY_UNVALIDATED
C_25031,0.0,0.0,3.0479999622912146e-05,0,0,2005-07-26T00:15:00,ENGINE_EXECUTABLE_HYDRAULICALLY_UNVALIDATED
C_25032,0.0,0.0,3.0479999622912146e-05,0,0,2005-07-26T00:15:00,ENGINE_EXECUTABLE_HYDRAULICALLY_UNVALIDATED
C_25033,0.0,0.0,3.0479999622912146e-05,0,0,2005-07-26T00:15:00,ENGINE_EXECUTABLE_HYDRAULICALLY_UNVALIDATED
C_25034,0.0,0.0,3.0479999622912146e-05,0,0,2005-07-26T00:15:00,ENGINE_EXECUTABLE_HYDRAULICALLY_UNVALIDATED
C_25035,0.0,0.0,3.0479999622912146e-05,0,0,2005-07-26T00:15:00,ENGINE_EXECUTABLE_HYDRAULICALLY_UNVALIDATED
C_25036,0.0,0.0,3.0479999622912146e-05,0,0,2005-07-26T00:15:00,ENGINE_EXECUTABLE_HYDRAULICALLY_UNVALIDATED
C_25037,0.0,0.0,3.0479999622912146e-05,0,0,2005-07-26T00:15:00,ENGINE_EXECUTABLE_HYDRAULICALLY_UNVALIDATED
C_25038,0.0,0.0,3.0479999622912146e-05,0,0,2005-07-26T00:15:00,ENGINE_EXECUTABLE_HYDRAULICALLY_UNVALIDATED
C_25039,0.0,0.0,3.0479999622912146e-05,0,0,2005-07-26T00:15:00,ENGINE_EXECUTABLE_HYDRAULICALLY_UNVALIDATED
C_25040,0.0,0.0,3.0479999622912146e-05,0,0,2005-07-26T00:15:00,ENGINE_EXECUTABLE_HYDRAULICALLY_UNVALIDATED
C_25041,0.0,0.0,3.0479999622912146e-05,0,0,2005-07-26T00:15:00,ENGINE_EXECUTABLE_HYDRAULICALLY_UNVALIDATED
C_25042,0.0,0.0,3.0479999622912146e-05,0,0,2005-07-26T00:15:00,ENGINE_EXECUTABLE_HYDRAULICALLY_UNVALIDATED
C_25043,0.0,0.0,3.0479999622912146e-05,0,0,2005-07-26T00:15:00,ENGINE_EXECUTABLE_HYDRAULICALLY_UNVALIDATED
C_25044,0.0,0.0,3.0479999622912146e-05,0,0,2005-07-26T00:15:00,ENGINE_EXECUTABLE_HYDRAULICALLY_UNVALIDATED
C_25045,0.0,0.0,3.0479999622912146e-05,0,0,2005-07-26T00:15:00,ENGINE_EXECUTABLE_HYDRAULICALLY_UNVALIDATED
C_25046,0.0,0.0,3.0479999622912146e-05,0,0,2005-07-26T00:15:00,ENGINE_EXECUTABLE_HYDRAULICALLY_UNVALIDATED
C_25047,0.0,0.0,3.0479999622912146e-05,0,0,2005-07-26T00:15:00,ENGINE_EXECUTABLE_HYDRAULICALLY_UNVALIDATED
C_25048,0.0,0.0,3.0479999622912146e-05,0,0,2005-07-26T00:15:00,ENGINE_EXECUTABLE_HYDRAULICALLY_UNVALIDATED
C_25049,0.0,0.0,3.0479999622912146e-05,0,0,2005-07-26T00:15:00,ENGINE_EXECUTABLE_HYDRAULICALLY_UNVALIDATED
C_25050,0.0,0.0,3.0479999622912146e-05,0,0,2005-07-26T00:15:00,ENGINE_EXECUTABLE_HYDRAULICALLY_UNVALIDATED
C_25051,0.0,0.0,3.0479999622912146e-05,0,0,2005-07-26T00:15:00,ENGINE_EXECUTABLE_HYDRAULICALLY_UNVALIDATED
C_25052,0.0,0.0,3.0479999622912146e-05,0,0,2005-07-26T00:15:00,ENGINE_EXECUTABLE_HYDRAULICALLY_UNVALIDATED
C_25053,0.0,0.0,3.0479999622912146e-05,0,0,2005-07-26T00:15:00,ENGINE_EXECUTABLE_HYDRAULICALLY_UNVALIDATED
C_25054,0.0,0.0,3.0479999622912146e-05,0,0,2005-07-26T00:15:00,ENGINE_EXECUTABLE_HYDRAULICALLY_UNVALIDATED
C_25055,0.0,0.0,3.0479999622912146e-05,0,0,2005-07-26T00:15:00,ENGINE_EXECUTABLE_HYDRAULICALLY_UNVALIDATED
C_25056,0.0,0.0,3.0479999622912146e-05,0,0,2005-07-26T00:15:00,ENGINE_EXECUTABLE_HYDRAULICALLY_UNVALIDATED
C_25057,0.0,0.0,3.0479999622912146e-05,0,0,2005-07-26T00:15:00,ENGINE_EXECUTABLE_HYDRAULICALLY_UNVALIDATED
C_25058,0.0,0.0,3.0479999622912146e-05,0,0,2005-07-26T00:15:00,ENGINE_EXECUTABLE_HYDRAULICALLY_UNVALIDATED
C_25059,0.0,0.0,3.0479999622912146e-05,0,0,2005-07-26T00:15:00,ENGINE_EXECUTABLE_HYDRAULICALLY_UNVALIDATED
C_25060,0.0,0.0,3.0479999622912146e-05,0,0,2005-07-26T00:15:00,ENGINE_EXECUTABLE_HYDRAULICALLY_UNVALIDATED
C_25061,0.0,0.0,3.0479999622912146e-05,0,0,2005-07-26T00:15:00,ENGINE_EXECUTABLE_HYDRAULICALLY_UNVALIDATED
C_25062,0.0,0.0,3.0479999622912146e-05,0,0,2005-07-26T00:15:00,ENGINE_EXECUTABLE_HYDRAULICALLY_UNVALIDATED
C_25063,0.0,0.0,3.0479999622912146e-05,0,0,2005-07-26T00:15:00,ENGINE_EXECUTABLE_HYDRAULICALLY_UNVALIDATED
C_25064,0.0,0.0,3.0479999622912146e-05,0,0,2005-07-26T00:15:00,ENGINE_EXECUTABLE_HYDRAULICALLY_UNVALIDATED
C_25065,0.0,0.0,3.0479999622912146e-05,0,0,2005-07-26T00:15:00,ENGINE_EXECUTABLE_HYDRAULICALLY_UNVALIDATED
C_25066,0.0,0.0,3.0479999622912146e-05,0,0,2005-07-26T00:15:00,ENGINE_EXECUTABLE_HYDRAULICALLY_UNVALIDATED
C_25067,0.0,0.0,3.0479999622912146e-05,0,0,2005-07-26T00:15:00,ENGINE_EXECUTABLE_HYDRAULICALLY_UNVALIDATED
C_25068,0.0,0.0,3.0479999622912146e-05,0,0,2005-07-26T00:15:00,ENGINE_EXECUTABLE_HYDRAULICALLY_UNVALIDATED
C_25069,0.0,0.0,3.0479999622912146e-05,0,0,2005-07-26T00:15:00,ENGINE_EXECUTABLE_HYDRAULICALLY_UNVALIDATED
C_25070,0.0,0.0,3.0479999622912146e-05,0,0,2005-07-26T00:15:00,ENGINE_EXECUTABLE_HYDRAULICALLY_UNVALIDATED
C_25071,0.0,0.0,3.0479999622912146e-05,0,0,2005-07-26T00:15:00,ENGINE_EXECUTABLE_HYDRAULICALLY_UNVALIDATED
C_25072,0.0,0.0,3.0479999622912146e-05,0,0,2005-07-26T00:15:00,ENGINE_EXECUTABLE_HYDRAULICALLY_UNVALIDATED
C_25073,0.0,0.0,3.0479999622912146e-05,0,0,2005-07-26T00:15:00,ENGINE_EXECUTABLE_HYDRAULICALLY_UNVALIDATED
C_25074,0.0,0.0,3.0479999622912146e-05,0,0,2005-07-26T00:15:00,ENGINE_EXECUTABLE_HYDRAULICALLY_UNVALIDATED
C_25075,0.0,0.0,3.0479999622912146e-05,0,0,2005-07-26T00:15:00,ENGINE_EXECUTABLE_HYDRAULICALLY_UNVALIDATED
C_25076,0.0,0.0,3.0479999622912146e-05,0,0,2005-07-26T00:15:00,ENGINE_EXECUTABLE_HYDRAULICALLY_UNVALIDATED
C_25077,0.0,0.0,3.0479999622912146e-05,0,0,2005-07-26T00:15:00,ENGINE_EXECUTABLE_HYDRAULICALLY_UNVALIDATED
C_25078,0.0,0.0,3.0479999622912146e-05,0,0,2005-07-26T00:15:00,ENGINE_EXECUTABLE_HYDRAULICALLY_UNVALIDATED
C_25079,0.0,0.0,3.0479999622912146e-05,0,0,2005-07-26T00:15:00,ENGINE_EXECUTABLE_HYDRAULICALLY_UNVALIDATED
C_25080,0.0,0.0,3.0479999622912146e-05,0,0,2005-07-26T00:15:00,ENGINE_EXECUTABLE_HYDRAULICALLY_UNVALIDATED
C_25081,0.0,0.0,3.0479999622912146e-05,0,0,2005-07-26T00:15:00,ENGINE_EXECUTABLE_HYDRAULICALLY_UNVALIDATED
C_25082,0.0,0.0,3.0479999622912146e-05,0,0,2005-07-26T00:15:00,ENGINE_EXECUTABLE_HYDRAULICALLY_UNVALIDATED
C_25083,0.0,0.0,3.0479999622912146e-05,0,0,2005-07-26T00:15:00,ENGINE_EXECUTABLE_HYDRAULICALLY_UNVALIDATED
C_25084,0.0,0.0,3.0479999622912146e-05,0,0,2005-07-26T00:15:00,ENGINE_EXECUTABLE_HYDRAULICALLY_UNVALIDATED
C_25085,0.0,0.0,3.0479999622912146e-05,0,0,2005-07-26T00:15:00,ENGINE_EXECUTABLE_HYDRAULICALLY_UNVALIDATED
C_25086,0.0,0.0,3.0479999622912146e-05,0,0,2005-07-26T00:15:00,ENGINE_EXECUTABLE_HYDRAULICALLY_UNVALIDATED
C_25087,0.0,0.0,3.0479999622912146e-05,0,0,2005-07-26T00:15:00,ENGINE_EXECUTABLE_HYDRAULICALLY_UNVALIDATED
C_25088,0.0,0.0,3.0479999622912146e-05,0,0,2005-07-26T00:15:00,ENGINE_EXECUTABLE_HYDRAULICALLY_UNVALIDATED
C_25089,0.0,0.0,3.0479999622912146e-05,0,0,2005-07-26T00:15:00,ENGINE_EXECUTABLE_HYDRAULICALLY_UNVALIDATED
C_25090,0.0,0.0,3.0479999622912146e-05,0,0,2005-07-26T00:15:00,ENGINE_EXECUTABLE_HYDRAULICALLY_UNVALIDATED
C_25091,0.0,0.0,3.0479999622912146e-05,0,0,2005-07-26T00:15:00,ENGINE_EXECUTABLE_HYDRAULICALLY_UNVALIDATED
C_25092,0.0,0.0,3.0479999622912146e-05,0,0,2005-07-26T00:15:00,ENGINE_EXECUTABLE_HYDRAULICALLY_UNVALIDATED
C_25093,0.0,0.0,3.0479999622912146e-05,0,0,2005-07-26T00:15:00,ENGINE_EXECUTABLE_HYDRAULICALLY_UNVALIDATED
C_25094,0.0,0.0,3.0479999622912146e-05,0,0,2005-07-26T00:15:00,ENGINE_EXECUTABLE_HYDRAULICALLY_UNVALIDATED
C_25095,0.0,0.0,3.0479999622912146e-05,0,0,2005-07-26T00:15:00,ENGINE_EXECUTABLE_HYDRAULICALLY_UNVALIDATED
C_25096,0.0,0.0,3.0479999622912146e-05,0,0,2005-07-26T00:15:00,ENGINE_EXECUTABLE_HYDRAULICALLY_UNVALIDATED
C_25097,0.0,0.0,3.0479999622912146e-05,0,0,2005-07-26T00:15:00,ENGINE_EXECUTABLE_HYDRAULICALLY_UNVALIDATED
C_25098,0.0,0.0,3.0479999622912146e-05,0,0,2005-07-26T00:15:00,ENGINE_EXECUTABLE_HYDRAULICALLY_UNVALIDATED
C_25099,0.0,0.0,3.0479999622912146e-05,0,0,2005-07-26T00:15:00,ENGINE_EXECUTABLE_HYDRAULICALLY_UNVALIDATED
C_25100,0.0,0.0,3.0479999622912146e-05,0,0,2005-07-26T00:15:00,ENGINE_EXECUTABLE_HYDRAULICALLY_UNVALIDATED
C_25101,0.0,0.0,3.0479999622912146e-05,0,0,2005-07-26T00:15:00,ENGINE_EXECUTABLE_HYDRAULICALLY_UNVALIDATED
C_25102,0.0,0.0,3.0479999622912146e-05,0,0,2005-07-26T00:15:00,ENGINE_EXECUTABLE_HYDRAULICALLY_UNVALIDATED
C_25103,0.0,0.0,3.0479999622912146e-05,0,0,2005-07-26T00:15:00,ENGINE_EXECUTABLE_HYDRAULICALLY_UNVALIDATED
C_25104,0.0,0.0,3.0479999622912146e-05,0,0,2005-07-26T00:15:00,ENGINE_EXECUTABLE_HYDRAULICALLY_UNVALIDATED
C_25105,0.0,0.0,3.0479999622912146e-05,0,0,2005-07-26T00:15:00,ENGINE_EXECUTABLE_HYDRAULICALLY_UNVALIDATED
C_25106,0.0,0.0,3.0479999622912146e-05,0,0,2005-07-26T00:15:00,ENGINE_EXECUTABLE_HYDRAULICALLY_UNVALIDATED
C_25107,0.0,0.0,3.0479999622912146e-05,0,0,2005-07-26T00:15:00,ENGINE_EXECUTABLE_HYDRAULICALLY_UNVALIDATED
C_25108,0.0,0.0,3.0479999622912146e-05,0,0,2005-07-26T00:15:00,ENGINE_EXECUTABLE_HYDRAULICALLY_UNVALIDATED
C_25109,0.0,0.0,3.0479999622912146e-05,0,0,2005-07-26T00:15:00,ENGINE_EXECUTABLE_HYDRAULICALLY_UNVALIDATED
C_25110,0.0,0.0,3.0479999622912146e-05,0,0,2005-07-26T00:15:00,ENGINE_EXECUTABLE_HYDRAULICALLY_UNVALIDATED
C_25111,0.0,0.0,3.0479999622912146e-05,0,0,2005-07-26T00:15:00,ENGINE_EXECUTABLE_HYDRAULICALLY_UNVALIDATED
C_25112,0.0,0.0,3.0479999622912146e-05,0,0,2005-07-26T00:15:00,ENGINE_EXECUTABLE_HYDRAULICALLY_UNVALIDATED
C_25113,0.0,0.0,3.0479999622912146e-05,0,0,2005-07-26T00:15:00,ENGINE_EXECUTABLE_HYDRAULICALLY_UNVALIDATED
C_25114,0.0,0.0,3.0479999622912146e-05,0,0,2005-07-26T00:15:00,ENGINE_EXECUTABLE_HYDRAULICALLY_UNVALIDATED
C_25115,0.0,0.0,3.0479999622912146e-05,0,0,2005-07-26T00:15:00,ENGINE_EXECUTABLE_HYDRAULICALLY_UNVALIDATED
C_25116,0.0,0.0,3.0479999622912146e-05,0,0,2005-07-26T00:15:00,ENGINE_EXECUTABLE_HYDRAULICALLY_UNVALIDATED
C_25117,0.0,0.0,3.0479999622912146e-05,0,0,2005-07-26T00:15:00,ENGINE_EXECUTABLE_HYDRAULICALLY_UNVALIDATED
C_25118,0.0,0.0,3.0479999622912146e-05,0,0,2005-07-26T00:15:00,ENGINE_EXECUTABLE_HYDRAULICALLY_UNVALIDATED
C_25119,0.0,0.0,3.0479999622912146e-05,0,0,2005-07-26T00:15:00,ENGINE_EXECUTABLE_HYDRAULICALLY_UNVALIDATED
C_25120,0.0,0.0,3.0479999622912146e-05,0,0,2005-07-26T00:15:00,ENGINE_EXECUTABLE_HYDRAULICALLY_UNVALIDATED
C_25121,0.0,0.0,3.0479999622912146e-05,0,0,2005-07-26T00:15:00,ENGINE_EXECUTABLE_HYDRAULICALLY_UNVALIDATED
C_25122,0.0,0.0,3.0479999622912146e-05,0,0,2005-07-26T00:15:00,ENGINE_EXECUTABLE_HYDRAULICALLY_UNVALIDATED
C_25123,0.0,0.0,3.0479999622912146e-05,0,0,2005-07-26T00:15:00,ENGINE_EXECUTABLE_HYDRAULICALLY_UNVALIDATED
C_25124,0.0,0.0,3.0479999622912146e-05,0,0,2005-07-26T00:15:00,ENGINE_EXECUTABLE_HYDRAULICALLY_UNVALIDATED
C_25125,0.0,0.0,3.0479999622912146e-05,0,0,2005-07-26T00:15:00,ENGINE_EXECUTABLE_HYDRAULICALLY_UNVALIDATED
C_25126,0.0,0.0,3.0479999622912146e-05,0,0,2005-07-26T00:15:00,ENGINE_EXECUTABLE_HYDRAULICALLY_UNVALIDATED
C_25127,0.0,0.0,3.0479999622912146e-05,0,0,2005-07-26T00:15:00,ENGINE_EXECUTABLE_HYDRAULICALLY_UNVALIDATED
C_25128,0.0,0.0,3.0479999622912146e-05,0,0,2005-07-26T00:15:00,ENGINE_EXECUTABLE_HYDRAULICALLY_UNVALIDATED
C_25129,0.0,0.0,3.0479999622912146e-05,0,0,2005-07-26T00:15:00,ENGINE_EXECUTABLE_HYDRAULICALLY_UNVALIDATED
C_25130,0.0,0.0,3.0479999622912146e-05,0,0,2005-07-26T00:15:00,ENGINE_EXECUTABLE_HYDRAULICALLY_UNVALIDATED
C_25131,0.0,0.0,3.0479999622912146e-05,0,0,2005-07-26T00:15:00,ENGINE_EXECUTABLE_HYDRAULICALLY_UNVALIDATED
C_25132,0.0,0.0,3.0479999622912146e-05,0,0,2005-07-26T00:15:00,ENGINE_EXECUTABLE_HYDRAULICALLY_UNVALIDATED
C_25133,0.0,0.0,3.0479999622912146e-05,0,0,2005-07-26T00:15:00,ENGINE_EXECUTABLE_HYDRAULICALLY_UNVALIDATED
C_25134,0.0,0.0,3.0479999622912146e-05,0,0,2005-07-26T00:15:00,ENGINE_EXECUTABLE_HYDRAULICALLY_UNVALIDATED
C_25135,0.0,0.0,3.0479999622912146e-05,0,0,2005-07-26T00:15:00,ENGINE_EXECUTABLE_HYDRAULICALLY_UNVALIDATED
C_25136,0.0,0.0,3.0479999622912146e-05,0,0,2005-07-26T00:15:00,ENGINE_EXECUTABLE_HYDRAULICALLY_UNVALIDATED
C_25137,0.0,0.0,3.0479999622912146e-05,0,0,2005-07-26T00:15:00,ENGINE_EXECUTABLE_HYDRAULICALLY_UNVALIDATED
C_25138,0.0,0.0,3.0479999622912146e-05,0,0,2005-07-26T00:15:00,ENGINE_EXECUTABLE_HYDRAULICALLY_UNVALIDATED
C_25139,0.0,0.0,3.0479999622912146e-05,0,0,2005-07-26T00:15:00,ENGINE_EXECUTABLE_HYDRAULICALLY_UNVALIDATED
C_25140,0.0,0.0,3.0479999622912146e-05,0,0,2005-07-26T00:15:00,ENGINE_EXECUTABLE_HYDRAULICALLY_UNVALIDATED
C_25141,0.0,0.0,3.0479999622912146e-05,0,0,2005-07-26T00:15:00,ENGINE_EXECUTABLE_HYDRAULICALLY_UNVALIDATED
C_25142,0.0,0.0,3.0479999622912146e-05,0,0,2005-07-26T00:15:00,ENGINE_EXECUTABLE_HYDRAULICALLY_UNVALIDATED
C_25143,0.0,0.0,3.0479999622912146e-05,0,0,2005-07-26T00:15:00,ENGINE_EXECUTABLE_HYDRAULICALLY_UNVALIDATED
C_25144,0.0,0.0,3.0479999622912146e-05,0,0,2005-07-26T00:15:00,ENGINE_EXECUTABLE_HYDRAULICALLY_UNVALIDATED
C_25145,0.0,0.0,3.0479999622912146e-05,0,0,2005-07-26T00:15:00,ENGINE_EXECUTABLE_HYDRAULICALLY_UNVALIDATED
C_25146,0.0,0.0,3.0479999622912146e-05,0,0,2005-07-26T00:15:00,ENGINE_EXECUTABLE_HYDRAULICALLY_UNVALIDATED
C_25147,0.0,0.0,3.0479999622912146e-05,0,0,2005-07-26T00:15:00,ENGINE_EXECUTABLE_HYDRAULICALLY_UNVALIDATED
C_25148,0.0,0.0,3.0479999622912146e-05,0,0,2005-07-26T00:15:00,ENGINE_EXECUTABLE_HYDRAULICALLY_UNVALIDATED
C_25149,0.0,0.0,3.0479999622912146e-05,0,0,2005-07-26T00:15:00,ENGINE_EXECUTABLE_HYDRAULICALLY_UNVALIDATED
C_25150,0.0,0.0,3.0479999622912146e-05,0,0,2005-07-26T00:15:00,ENGINE_EXECUTABLE_HYDRAULICALLY_UNVALIDATED
C_25151,0.0,0.0,3.0479999622912146e-05,0,0,2005-07-26T00:15:00,ENGINE_EXECUTABLE_HYDRAULICALLY_UNVALIDATED
C_25152,0.0,0.0,3.0479999622912146e-05,0,0,2005-07-26T00:15:00,ENGINE_EXECUTABLE_HYDRAULICALLY_UNVALIDATED
C_25153,0.0,0.0,3.0479999622912146e-05,0,0,2005-07-26T00:15:00,ENGINE_EXECUTABLE_HYDRAULICALLY_UNVALIDATED
C_25154,0.0,0.0,3.0479999622912146e-05,0,0,2005-07-26T00:15:00,ENGINE_EXECUTABLE_HYDRAULICALLY_UNVALIDATED
C_25155,0.0,0.0,3.0479999622912146e-05,0,0,2005-07-26T00:15:00,ENGINE_EXECUTABLE_HYDRAULICALLY_UNVALIDATED
C_25156,0.0,0.0,3.0479999622912146e-05,0,0,2005-07-26T00:15:00,ENGINE_EXECUTABLE_HYDRAULICALLY_UNVALIDATED
C_25157,0.0,0.0,3.0479999622912146e-05,0,0,2005-07-26T00:15:00,ENGINE_EXECUTABLE_HYDRAULICALLY_UNVALIDATED
C_25158,0.0,0.0,3.0479999622912146e-05,0,0,2005-07-26T00:15:00,ENGINE_EXECUTABLE_HYDRAULICALLY_UNVALIDATED
C_25159,0.0,0.0,3.0479999622912146e-05,0,0,2005-07-26T00:15:00,ENGINE_EXECUTABLE_HYDRAULICALLY_UNVALIDATED
C_25160,0.0,0.0,3.0479999622912146e-05,0,0,2005-07-26T00:15:00,ENGINE_EXECUTABLE_HYDRAULICALLY_UNVALIDATED
C_25161,0.0,0.0,3.0479999622912146e-05,0,0,2005-07-26T00:15:00,ENGINE_EXECUTABLE_HYDRAULICALLY_UNVALIDATED
C_25162,0.0,0.0,3.0479999622912146e-05,0,0,2005-07-26T00:15:00,ENGINE_EXECUTABLE_HYDRAULICALLY_UNVALIDATED
C_25163,0.0,0.0,3.0479999622912146e-05,0,0,2005-07-26T00:15:00,ENGINE_EXECUTABLE_HYDRAULICALLY_UNVALIDATED
C_25164,0.0,0.0,3.0479999622912146e-05,0,0,2005-07-26T00:15:00,ENGINE_EXECUTABLE_HYDRAULICALLY_UNVALIDATED
C_25165,0.0,0.0,3.0479999622912146e-05,0,0,2005-07-26T00:15:00,ENGINE_EXECUTABLE_HYDRAULICALLY_UNVALIDATED
C_25166,0.0,0.0,3.0479999622912146e-05,0,0,2005-07-26T00:15:00,ENGINE_EXECUTABLE_HYDRAULICALLY_UNVALIDATED
C_25167,0.0,0.0,3.0479999622912146e-05,0,0,2005-07-26T00:15:00,ENGINE_EXECUTABLE_HYDRAULICALLY_UNVALIDATED
C_25168,0.0,0.0,3.0479999622912146e-05,0,0,2005-07-26T00:15:00,ENGINE_EXECUTABLE_HYDRAULICALLY_UNVALIDATED
C_25169,0.0,0.0,3.0479999622912146e-05,0,0,2005-07-26T00:15:00,ENGINE_EXECUTABLE_HYDRAULICALLY_UNVALIDATED
C_25170,0.0,0.0,3.0479999622912146e-05,0,0,2005-07-26T00:15:00,ENGINE_EXECUTABLE_HYDRAULICALLY_UNVALIDATED
C_25171,0.0,0.0,3.0479999622912146e-05,0,0,2005-07-26T00:15:00,ENGINE_EXECUTABLE_HYDRAULICALLY_UNVALIDATED
C_25172,0.0,0.0,3.0479999622912146e-05,0,0,2005-07-26T00:15:00,ENGINE_EXECUTABLE_HYDRAULICALLY_UNVALIDATED
C_25173,0.0,0.0,3.0479999622912146e-05,0,0,2005-07-26T00:15:00,ENGINE_EXECUTABLE_HYDRAULICALLY_UNVALIDATED
C_25174,0.0,0.0,3.0479999622912146e-05,0,0,2005-07-26T00:15:00,ENGINE_EXECUTABLE_HYDRAULICALLY_UNVALIDATED
C_25175,0.0,0.0,3.0479999622912146e-05,0,0,2005-07-26T00:15:00,ENGINE_EXECUTABLE_HYDRAULICALLY_UNVALIDATED
C_25176,0.0,0.0,3.0479999622912146e-05,0,0,2005-07-26T00:15:00,ENGINE_EXECUTABLE_HYDRAULICALLY_UNVALIDATED
C_25177,0.0,0.0,3.0479999622912146e-05,0,0,2005-07-26T00:15:00,ENGINE_EXECUTABLE_HYDRAULICALLY_UNVALIDATED
C_25178,0.0,0.0,3.0479999622912146e-05,0,0,2005-07-26T00:15:00,ENGINE_EXECUTABLE_HYDRAULICALLY_UNVALIDATED
C_25179,0.0,0.0,3.0479999622912146e-05,0,0,2005-07-26T00:15:00,ENGINE_EXECUTABLE_HYDRAULICALLY_UNVALIDATED
C_25180,0.0,0.0,3.0479999622912146e-05,0,0,2005-07-26T00:15:00,ENGINE_EXECUTABLE_HYDRAULICALLY_UNVALIDATED
C_25181,0.0,0.0,3.0479999622912146e-05,0,0,2005-07-26T00:15:00,ENGINE_EXECUTABLE_HYDRAULICALLY_UNVALIDATED
C_25182,0.0,0.0,3.0479999622912146e-05,0,0,2005-07-26T00:15:00,ENGINE_EXECUTABLE_HYDRAULICALLY_UNVALIDATED
C_25183,0.0,0.0,3.0479999622912146e-05,0,0,2005-07-26T00:15:00,ENGINE_EXECUTABLE_HYDRAULICALLY_UNVALIDATED
C_25184,0.0,0.0,3.0479999622912146e-05,0,0,2005-07-26T00:15:00,ENGINE_EXECUTABLE_HYDRAULICALLY_UNVALIDATED
C_25185,0.0,0.0,3.0479999622912146e-05,0,0,2005-07-26T00:15:00,ENGINE_EXECUTABLE_HYDRAULICALLY_UNVALIDATED
C_25186,0.0,0.0,3.0479999622912146e-05,0,0,2005-07-26T00:15:00,ENGINE_EXECUTABLE_HYDRAULICALLY_UNVALIDATED
C_25187,0.0,0.0,3.0479999622912146e-05,0,0,2005-07-26T00:15:00,ENGINE_EXECUTABLE_HYDRAULICALLY_UNVALIDATED
C_25188,0.0,0.0,3.0479999622912146e-05,0,0,2005-07-26T00:15:00,ENGINE_EXECUTABLE_HYDRAULICALLY_UNVALIDATED
C_25189,0.0,0.0,3.0479999622912146e-05,0,0,2005-07-26T00:15:00,ENGINE_EXECUTABLE_HYDRAULICALLY_UNVALIDATED
C_25190,0.0,0.0,3.0479999622912146e-05,0,0,2005-07-26T00:15:00,ENGINE_EXECUTABLE_HYDRAULICALLY_UNVALIDATED
C_25191,0.0,0.0,3.0479999622912146e-05,0,0,2005-07-26T00:15:00,ENGINE_EXECUTABLE_HYDRAULICALLY_UNVALIDATED
C_25192,0.0,0.0,3.0479999622912146e-05,0,0,2005-07-26T00:15:00,ENGINE_EXECUTABLE_HYDRAULICALLY_UNVALIDATED
C_25193,0.0,0.0,3.0479999622912146e-05,0,0,2005-07-26T00:15:00,ENGINE_EXECUTABLE_HYDRAULICALLY_UNVALIDATED
C_25194,0.0,0.0,3.0479999622912146e-05,0,0,2005-07-26T00:15:00,ENGINE_EXECUTABLE_HYDRAULICALLY_UNVALIDATED
C_25195,0.0,0.0,3.0479999622912146e-05,0,0,2005-07-26T00:15:00,ENGINE_EXECUTABLE_HYDRAULICALLY_UNVALIDATED
C_25196,0.0,0.0,3.0479999622912146e-05,0,0,2005-07-26T00:15:00,ENGINE_EXECUTABLE_HYDRAULICALLY_UNVALIDATED
C_25197,0.0,0.0,3.0479999622912146e-05,0,0,2005-07-26T00:15:00,ENGINE_EXECUTABLE_HYDRAULICALLY_UNVALIDATED
C_25198,0.0,0.0,3.0479999622912146e-05,0,0,2005-07-26T00:15:00,ENGINE_EXECUTABLE_HYDRAULICALLY_UNVALIDATED
C_25199,0.0,0.0,3.0479999622912146e-05,0,0,2005-07-26T00:15:00,ENGINE_EXECUTABLE_HYDRAULICALLY_UNVALIDATED
C_25200,0.0,0.0,3.0479999622912146e-05,0,0,2005-07-26T00:15:00,ENGINE_EXECUTABLE_HYDRAULICALLY_UNVALIDATED
C_25201,0.0,0.0,3.0479999622912146e-05,0,0,2005-07-26T00:15:00,ENGINE_EXECUTABLE_HYDRAULICALLY_UNVALIDATED
C_25202,0.0,0.0,3.0479999622912146e-05,0,0,2005-07-26T00:15:00,ENGINE_EXECUTABLE_HYDRAULICALLY_UNVALIDATED
C_25203,0.0,0.0,3.0479999622912146e-05,0,0,2005-07-26T00:15:00,ENGINE_EXECUTABLE_HYDRAULICALLY_UNVALIDATED
C_25204,0.0,0.0,3.0479999622912146e-05,0,0,2005-07-26T00:15:00,ENGINE_EXECUTABLE_HYDRAULICALLY_UNVALIDATED
C_25205,0.0,0.0,3.0479999622912146e-05,0,0,2005-07-26T00:15:00,ENGINE_EXECUTABLE_HYDRAULICALLY_UNVALIDATED
C_25206,0.0,0.0,3.0479999622912146e-05,0,0,2005-07-26T00:15:00,ENGINE_EXECUTABLE_HYDRAULICALLY_UNVALIDATED
C_25207,0.0,0.0,3.0479999622912146e-05,0,0,2005-07-26T00:15:00,ENGINE_EXECUTABLE_HYDRAULICALLY_UNVALIDATED
C_25208,0.0,0.0,3.0479999622912146e-05,0,0,2005-07-26T00:15:00,ENGINE_EXECUTABLE_HYDRAULICALLY_UNVALIDATED
C_25209,0.0,0.0,3.0479999622912146e-05,0,0,2005-07-26T00:15:00,ENGINE_EXECUTABLE_HYDRAULICALLY_UNVALIDATED
C_25210,0.0,0.0,3.0479999622912146e-05,0,0,2005-07-26T00:15:00,ENGINE_EXECUTABLE_HYDRAULICALLY_UNVALIDATED
C_25211,0.0,0.0,3.0479999622912146e-05,0,0,2005-07-26T00:15:00,ENGINE_EXECUTABLE_HYDRAULICALLY_UNVALIDATED
C_25212,0.0,0.0,3.0479999622912146e-05,0,0,2005-07-26T00:15:00,ENGINE_EXECUTABLE_HYDRAULICALLY_UNVALIDATED
C_25213,0.0,0.0,3.0479999622912146e-05,0,0,2005-07-26T00:15:00,ENGINE_EXECUTABLE_HYDRAULICALLY_UNVALIDATED
C_25214,0.0,0.0,3.0479999622912146e-05,0,0,2005-07-26T00:15:00,ENGINE_EXECUTABLE_HYDRAULICALLY_UNVALIDATED
C_25215,0.0,0.0,3.0479999622912146e-05,0,0,2005-07-26T00:15:00,ENGINE_EXECUTABLE_HYDRAULICALLY_UNVALIDATED
C_25216,0.0,0.0,3.0479999622912146e-05,0,0,2005-07-26T00:15:00,ENGINE_EXECUTABLE_HYDRAULICALLY_UNVALIDATED
C_25217,0.0,0.0,3.0479999622912146e-05,0,0,2005-07-26T00:15:00,ENGINE_EXECUTABLE_HYDRAULICALLY_UNVALIDATED
C_25218,0.0,0.0,3.0479999622912146e-05,0,0,2005-07-26T00:15:00,ENGINE_EXECUTABLE_HYDRAULICALLY_UNVALIDATED
C_25219,0.0,0.0,3.0479999622912146e-05,0,0,2005-07-26T00:15:00,ENGINE_EXECUTABLE_HYDRAULICALLY_UNVALIDATED
C_25220,0.0,0.0,3.0479999622912146e-05,0,0,2005-07-26T00:15:00,ENGINE_EXECUTABLE_HYDRAULICALLY_UNVALIDATED
C_25221,0.0,0.0,3.0479999622912146e-05,0,0,2005-07-26T00:15:00,ENGINE_EXECUTABLE_HYDRAULICALLY_UNVALIDATED
C_25222,0.0,0.0,3.0479999622912146e-05,0,0,2005-07-26T00:15:00,ENGINE_EXECUTABLE_HYDRAULICALLY_UNVALIDATED
C_25223,0.0,0.0,3.0479999622912146e-05,0,0,2005-07-26T00:15:00,ENGINE_EXECUTABLE_HYDRAULICALLY_UNVALIDATED
C_25224,0.0,0.0,3.0479999622912146e-05,0,0,2005-07-26T00:15:00,ENGINE_EXECUTABLE_HYDRAULICALLY_UNVALIDATED
C_25225,0.0,0.0,3.0479999622912146e-05,0,0,2005-07-26T00:15:00,ENGINE_EXECUTABLE_HYDRAULICALLY_UNVALIDATED
C_25226,0.0,0.0,3.0479999622912146e-05,0,0,2005-07-26T00:15:00,ENGINE_EXECUTABLE_HYDRAULICALLY_UNVALIDATED
C_25227,0.0,0.0,3.0479999622912146e-05,0,0,2005-07-26T00:15:00,ENGINE_EXECUTABLE_HYDRAULICALLY_UNVALIDATED
C_25228,0.0,0.0,3.0479999622912146e-05,0,0,2005-07-26T00:15:00,ENGINE_EXECUTABLE_HYDRAULICALLY_UNVALIDATED
C_25229,0.0,0.0,3.0479999622912146e-05,0,0,2005-07-26T00:15:00,ENGINE_EXECUTABLE_HYDRAULICALLY_UNVALIDATED
C_25230,0.0,0.0,3.0479999622912146e-05,0,0,2005-07-26T00:15:00,ENGINE_EXECUTABLE_HYDRAULICALLY_UNVALIDATED
C_25231,0.0,0.0,3.0479999622912146e-05,0,0,2005-07-26T00:15:00,ENGINE_EXECUTABLE_HYDRAULICALLY_UNVALIDATED
C_25232,0.0,0.0,3.0479999622912146e-05,0,0,2005-07-26T00:15:00,ENGINE_EXECUTABLE_HYDRAULICALLY_UNVALIDATED
C_25233,0.0,0.0,3.0479999622912146e-05,0,0,2005-07-26T00:15:00,ENGINE_EXECUTABLE_HYDRAULICALLY_UNVALIDATED
C_25234,0.0,0.0,3.0479999622912146e-05,0,0,2005-07-26T00:15:00,ENGINE_EXECUTABLE_HYDRAULICALLY_UNVALIDATED
C_25235,0.0,0.0,3.0479999622912146e-05,0,0,2005-07-26T00:15:00,ENGINE_EXECUTABLE_HYDRAULICALLY_UNVALIDATED
C_25236,0.0,0.0,3.0479999622912146e-05,0,0,2005-07-26T00:15:00,ENGINE_EXECUTABLE_HYDRAULICALLY_UNVALIDATED
C_25237,0.0,0.0,3.0479999622912146e-05,0,0,2005-07-26T00:15:00,ENGINE_EXECUTABLE_HYDRAULICALLY_UNVALIDATED
C_25238,0.0,0.0,3.0479999622912146e-05,0,0,2005-07-26T00:15:00,ENGINE_EXECUTABLE_HYDRAULICALLY_UNVALIDATED
C_25239,0.0,0.0,3.0479999622912146e-05,0,0,2005-07-26T00:15:00,ENGINE_EXECUTABLE_HYDRAULICALLY_UNVALIDATED
C_25240,0.0,0.0,3.0479999622912146e-05,0,0,2005-07-26T00:15:00,ENGINE_EXECUTABLE_HYDRAULICALLY_UNVALIDATED
C_25241,0.0,0.0,3.0479999622912146e-05,0,0,2005-07-26T00:15:00,ENGINE_EXECUTABLE_HYDRAULICALLY_UNVALIDATED
C_25242,0.0,0.0,3.0479999622912146e-05,0,0,2005-07-26T00:15:00,ENGINE_EXECUTABLE_HYDRAULICALLY_UNVALIDATED
C_25243,0.0,0.0,3.0479999622912146e-05,0,0,2005-07-26T00:15:00,ENGINE_EXECUTABLE_HYDRAULICALLY_UNVALIDATED
C_25244,0.0,0.0,3.0479999622912146e-05,0,0,2005-07-26T00:15:00,ENGINE_EXECUTABLE_HYDRAULICALLY_UNVALIDATED
C_25245,0.0,0.0,3.0479999622912146e-05,0,0,2005-07-26T00:15:00,ENGINE_EXECUTABLE_HYDRAULICALLY_UNVALIDATED
C_25246,0.0,0.0,3.0479999622912146e-05,0,0,2005-07-26T00:15:00,ENGINE_EXECUTABLE_HYDRAULICALLY_UNVALIDATED
C_25247,0.0,0.0,3.0479999622912146e-05,0,0,2005-07-26T00:15:00,ENGINE_EXECUTABLE_HYDRAULICALLY_UNVALIDATED
C_25248,0.0,0.0,3.0479999622912146e-05,0,0,2005-07-26T00:15:00,ENGINE_EXECUTABLE_HYDRAULICALLY_UNVALIDATED
C_25249,0.0,0.0,3.0479999622912146e-05,0,0,2005-07-26T00:15:00,ENGINE_EXECUTABLE_HYDRAULICALLY_UNVALIDATED
C_25250,0.0,0.0,3.0479999622912146e-05,0,0,2005-07-26T00:15:00,ENGINE_EXECUTABLE_HYDRAULICALLY_UNVALIDATED
C_25251,0.0,0.0,3.0479999622912146e-05,0,0,2005-07-26T00:15:00,ENGINE_EXECUTABLE_HYDRAULICALLY_UNVALIDATED
C_25252,0.0,0.0,3.0479999622912146e-05,0,0,2005-07-26T00:15:00,ENGINE_EXECUTABLE_HYDRAULICALLY_UNVALIDATED
C_25253,0.0,0.0,3.0479999622912146e-05,0,0,2005-07-26T00:15:00,ENGINE_EXECUTABLE_HYDRAULICALLY_UNVALIDATED
C_25254,0.0,0.0,3.0479999622912146e-05,0,0,2005-07-26T00:15:00,ENGINE_EXECUTABLE_HYDRAULICALLY_UNVALIDATED
C_25255,0.0,0.0,3.0479999622912146e-05,0,0,2005-07-26T00:15:00,ENGINE_EXECUTABLE_HYDRAULICALLY_UNVALIDATED
C_25256,0.0,0.0,3.0479999622912146e-05,0,0,2005-07-26T00:15:00,ENGINE_EXECUTABLE_HYDRAULICALLY_UNVALIDATED
C_25257,0.0,0.0,3.0479999622912146e-05,0,0,2005-07-26T00:15:00,ENGINE_EXECUTABLE_HYDRAULICALLY_UNVALIDATED
C_25258,0.0,0.0,3.0479999622912146e-05,0,0,2005-07-26T00:15:00,ENGINE_EXECUTABLE_HYDRAULICALLY_UNVALIDATED
C_25259,0.0,0.0,3.0479999622912146e-05,0,0,2005-07-26T00:15:00,ENGINE_EXECUTABLE_HYDRAULICALLY_UNVALIDATED
C_25260,0.0,0.0,3.0479999622912146e-05,0,0,2005-07-26T00:15:00,ENGINE_EXECUTABLE_HYDRAULICALLY_UNVALIDATED
C_25261,0.0,0.0,3.0479999622912146e-05,0,0,2005-07-26T00:15:00,ENGINE_EXECUTABLE_HYDRAULICALLY_UNVALIDATED
C_25262,0.0,0.0,3.0479999622912146e-05,0,0,2005-07-26T00:15:00,ENGINE_EXECUTABLE_HYDRAULICALLY_UNVALIDATED
C_25263,0.0,0.0,3.0479999622912146e-05,0,0,2005-07-26T00:15:00,ENGINE_EXECUTABLE_HYDRAULICALLY_UNVALIDATED
C_25264,0.0,0.0,3.0479999622912146e-05,0,0,2005-07-26T00:15:00,ENGINE_EXECUTABLE_HYDRAULICALLY_UNVALIDATED
C_25265,0.0,0.0,3.0479999622912146e-05,0,0,2005-07-26T00:15:00,ENGINE_EXECUTABLE_HYDRAULICALLY_UNVALIDATED
C_25266,0.0,0.0,3.0479999622912146e-05,0,0,2005-07-26T00:15:00,ENGINE_EXECUTABLE_HYDRAULICALLY_UNVALIDATED
C_25267,0.0,0.0,3.0479999622912146e-05,0,0,2005-07-26T00:15:00,ENGINE_EXECUTABLE_HYDRAULICALLY_UNVALIDATED
C_25268,0.0,0.0,3.0479999622912146e-05,0,0,2005-07-26T00:15:00,ENGINE_EXECUTABLE_HYDRAULICALLY_UNVALIDATED
C_25269,0.0,0.0,3.0479999622912146e-05,0,0,2005-07-26T00:15:00,ENGINE_EXECUTABLE_HYDRAULICALLY_UNVALIDATED
C_25270,0.0,0.0,3.0479999622912146e-05,0,0,2005-07-26T00:15:00,ENGINE_EXECUTABLE_HYDRAULICALLY_UNVALIDATED
C_25271,0.0,0.0,3.0479999622912146e-05,0,0,2005-07-26T00:15:00,ENGINE_EXECUTABLE_HYDRAULICALLY_UNVALIDATED
C_25272,0.0,0.0,3.0479999622912146e-05,0,0,2005-07-26T00:15:00,ENGINE_EXECUTABLE_HYDRAULICALLY_UNVALIDATED
C_25273,0.0,0.0,3.0479999622912146e-05,0,0,2005-07-26T00:15:00,ENGINE_EXECUTABLE_HYDRAULICALLY_UNVALIDATED
C_25274,0.0,0.0,3.0479999622912146e-05,0,0,2005-07-26T00:15:00,ENGINE_EXECUTABLE_HYDRAULICALLY_UNVALIDATED
C_25275,0.0,0.0,3.0479999622912146e-05,0,0,2005-07-26T00:15:00,ENGINE_EXECUTABLE_HYDRAULICALLY_UNVALIDATED
C_25276,0.0,0.0,3.0479999622912146e-05,0,0,2005-07-26T00:15:00,ENGINE_EXECUTABLE_HYDRAULICALLY_UNVALIDATED
C_25277,0.0,0.0,3.0479999622912146e-05,0,0,2005-07-26T00:15:00,ENGINE_EXECUTABLE_HYDRAULICALLY_UNVALIDATED
C_25278,0.0,0.0,3.0479999622912146e-05,0,0,2005-07-26T00:15:00,ENGINE_EXECUTABLE_HYDRAULICALLY_UNVALIDATED
C_25279,0.0,0.0,3.0479999622912146e-05,0,0,2005-07-26T00:15:00,ENGINE_EXECUTABLE_HYDRAULICALLY_UNVALIDATED
C_25280,0.0,0.0,3.0479999622912146e-05,0,0,2005-07-26T00:15:00,ENGINE_EXECUTABLE_HYDRAULICALLY_UNVALIDATED
C_25281,0.0,0.0,3.0479999622912146e-05,0,0,2005-07-26T00:15:00,ENGINE_EXECUTABLE_HYDRAULICALLY_UNVALIDATED
C_25282,0.0,0.0,3.0479999622912146e-05,0,0,2005-07-26T00:15:00,ENGINE_EXECUTABLE_HYDRAULICALLY_UNVALIDATED
C_25283,0.0,0.0,3.0479999622912146e-05,0,0,2005-07-26T00:15:00,ENGINE_EXECUTABLE_HYDRAULICALLY_UNVALIDATED
C_25284,0.0,0.0,3.0479999622912146e-05,0,0,2005-07-26T00:15:00,ENGINE_EXECUTABLE_HYDRAULICALLY_UNVALIDATED
C_25285,0.0,0.0,3.0479999622912146e-05,0,0,2005-07-26T00:15:00,ENGINE_EXECUTABLE_HYDRAULICALLY_UNVALIDATED
C_25286,0.0,0.0,3.0479999622912146e-05,0,0,2005-07-26T00:15:00,ENGINE_EXECUTABLE_HYDRAULICALLY_UNVALIDATED
C_25287,0.0,0.0,3.0479999622912146e-05,0,0,2005-07-26T00:15:00,ENGINE_EXECUTABLE_HYDRAULICALLY_UNVALIDATED
C_25288,0.0,0.0,3.0479999622912146e-05,0,0,2005-07-26T00:15:00,ENGINE_EXECUTABLE_HYDRAULICALLY_UNVALIDATED
C_25289,0.0,0.0,3.0479999622912146e-05,0,0,2005-07-26T00:15:00,ENGINE_EXECUTABLE_HYDRAULICALLY_UNVALIDATED
C_25290,0.0,0.0,3.0479999622912146e-05,0,0,2005-07-26T00:15:00,ENGINE_EXECUTABLE_HYDRAULICALLY_UNVALIDATED
C_25291,0.0,0.0,3.0479999622912146e-05,0,0,2005-07-26T00:15:00,ENGINE_EXECUTABLE_HYDRAULICALLY_UNVALIDATED
C_25292,0.0,0.0,3.0479999622912146e-05,0,0,2005-07-26T00:15:00,ENGINE_EXECUTABLE_HYDRAULICALLY_UNVALIDATED
C_25293,0.0,0.0,3.0479999622912146e-05,0,0,2005-07-26T00:15:00,ENGINE_EXECUTABLE_HYDRAULICALLY_UNVALIDATED
C_25294,0.0,0.0,3.0479999622912146e-05,0,0,2005-07-26T00:15:00,ENGINE_EXECUTABLE_HYDRAULICALLY_UNVALIDATED
C_25295,0.0,0.0,3.0479999622912146e-05,0,0,2005-07-26T00:15:00,ENGINE_EXECUTABLE_HYDRAULICALLY_UNVALIDATED
C_25296,0.0,0.0,3.0479999622912146e-05,0,0,2005-07-26T00:15:00,ENGINE_EXECUTABLE_HYDRAULICALLY_UNVALIDATED
C_25297,0.0,0.0,3.0479999622912146e-05,0,0,2005-07-26T00:15:00,ENGINE_EXECUTABLE_HYDRAULICALLY_UNVALIDATED
C_25298,0.0,0.0,3.0479999622912146e-05,0,0,2005-07-26T00:15:00,ENGINE_EXECUTABLE_HYDRAULICALLY_UNVALIDATED
C_25299,0.0,0.0,3.0479999622912146e-05,0,0,2005-07-26T00:15:00,ENGINE_EXECUTABLE_HYDRAULICALLY_UNVALIDATED
C_25300,0.0,0.0,3.0479999622912146e-05,0,0,2005-07-26T00:15:00,ENGINE_EXECUTABLE_HYDRAULICALLY_UNVALIDATED
C_25301,0.0,0.0,3.0479999622912146e-05,0,0,2005-07-26T00:15:00,ENGINE_EXECUTABLE_HYDRAULICALLY_UNVALIDATED
C_25302,0.0,0.0,3.0479999622912146e-05,0,0,2005-07-26T00:15:00,ENGINE_EXECUTABLE_HYDRAULICALLY_UNVALIDATED
C_25303,0.0,0.0,3.0479999622912146e-05,0,0,2005-07-26T00:15:00,ENGINE_EXECUTABLE_HYDRAULICALLY_UNVALIDATED
C_25304,0.0,0.0,3.0479999622912146e-05,0,0,2005-07-26T00:15:00,ENGINE_EXECUTABLE_HYDRAULICALLY_UNVALIDATED
C_25305,0.0,0.0,3.0479999622912146e-05,0,0,2005-07-26T00:15:00,ENGINE_EXECUTABLE_HYDRAULICALLY_UNVALIDATED
C_25306,0.0,0.0,3.0479999622912146e-05,0,0,2005-07-26T00:15:00,ENGINE_EXECUTABLE_HYDRAULICALLY_UNVALIDATED
C_25307,0.0,0.0,3.0479999622912146e-05,0,0,2005-07-26T00:15:00,ENGINE_EXECUTABLE_HYDRAULICALLY_UNVALIDATED
C_26390,0.0,0.0,3.0479999622912146e-05,0,0,2005-07-26T00:15:00,ENGINE_EXECUTABLE_HYDRAULICALLY_UNVALIDATED
C_26391,0.0,0.0,3.0479999622912146e-05,0,0,2005-07-26T00:15:00,ENGINE_EXECUTABLE_HYDRAULICALLY_UNVALIDATED
C_26392,0.0,0.0,3.0479999622912146e-05,0,0,2005-07-26T00:15:00,ENGINE_EXECUTABLE_HYDRAULICALLY_UNVALIDATED
C_26393,0.0,0.0,3.0479999622912146e-05,0,0,2005-07-26T00:15:00,ENGINE_EXECUTABLE_HYDRAULICALLY_UNVALIDATED
C_26394,0.0,0.0,3.0479999622912146e-05,0,0,2005-07-26T00:15:00,ENGINE_EXECUTABLE_HYDRAULICALLY_UNVALIDATED
C_26395,0.0,0.0,3.0479999622912146e-05,0,0,2005-07-26T00:15:00,ENGINE_EXECUTABLE_HYDRAULICALLY_UNVALIDATED
C_26396,0.0,0.0,3.0479999622912146e-05,0,0,2005-07-26T00:15:00,ENGINE_EXECUTABLE_HYDRAULICALLY_UNVALIDATED
C_26401,0.0,0.0,3.0479999622912146e-05,0,0,2005-07-26T00:15:00,ENGINE_EXECUTABLE_HYDRAULICALLY_UNVALIDATED
C_26402,0.0,0.0,3.0479999622912146e-05,0,0,2005-07-26T00:15:00,ENGINE_EXECUTABLE_HYDRAULICALLY_UNVALIDATED
C_26403,0.0,0.0,3.0479999622912146e-05,0,0,2005-07-26T00:15:00,ENGINE_EXECUTABLE_HYDRAULICALLY_UNVALIDATED
C_26404,0.0,0.0,3.0479999622912146e-05,0,0,2005-07-26T00:15:00,ENGINE_EXECUTABLE_HYDRAULICALLY_UNVALIDATED
C_26405,0.0,0.0,3.0479999622912146e-05,0,0,2005-07-26T00:15:00,ENGINE_EXECUTABLE_HYDRAULICALLY_UNVALIDATED
C_26406,0.0,0.0,3.0479999622912146e-05,0,0,2005-07-26T00:15:00,ENGINE_EXECUTABLE_HYDRAULICALLY_UNVALIDATED
C_26410,0.0,0.0,3.0479999622912146e-05,0,0,2005-07-26T00:15:00,ENGINE_EXECUTABLE_HYDRAULICALLY_UNVALIDATED
C_26411,0.0,0.0,3.0479999622912146e-05,0,0,2005-07-26T00:15:00,ENGINE_EXECUTABLE_HYDRAULICALLY_UNVALIDATED
C_26412,0.0,0.0,3.0479999622912146e-05,0,0,2005-07-26T00:15:00,ENGINE_EXECUTABLE_HYDRAULICALLY_UNVALIDATED
C_26413,0.0,0.0,3.0479999622912146e-05,0,0,2005-07-26T00:15:00,ENGINE_EXECUTABLE_HYDRAULICALLY_UNVALIDATED
C_26414,0.0,0.0,3.0479999622912146e-05,0,0,2005-07-26T00:15:00,ENGINE_EXECUTABLE_HYDRAULICALLY_UNVALIDATED
C_26415,0.0,0.0,3.0479999622912146e-05,0,0,2005-07-26T00:15:00,ENGINE_EXECUTABLE_HYDRAULICALLY_UNVALIDATED
C_26418,0.0,0.0,3.0479999622912146e-05,0,0,2005-07-26T00:15:00,ENGINE_EXECUTABLE_HYDRAULICALLY_UNVALIDATED
C_26419,0.0,0.0,3.0479999622912146e-05,0,0,2005-07-26T00:15:00,ENGINE_EXECUTABLE_HYDRAULICALLY_UNVALIDATED
C_26420,0.0,0.0,3.0479999622912146e-05,0,0,2005-07-26T00:15:00,ENGINE_EXECUTABLE_HYDRAULICALLY_UNVALIDATED
C_26421,0.0,0.0,3.0479999622912146e-05,0,0,2005-07-26T00:15:00,ENGINE_EXECUTABLE_HYDRAULICALLY_UNVALIDATED
C_26422,0.0,0.0,3.0479999622912146e-05,0,0,2005-07-26T00:15:00,ENGINE_EXECUTABLE_HYDRAULICALLY_UNVALIDATED
C_26423,0.0,0.0,3.0479999622912146e-05,0,0,2005-07-26T00:15:00,ENGINE_EXECUTABLE_HYDRAULICALLY_UNVALIDATED
C_26428,0.0,0.0,3.0479999622912146e-05,0,0,2005-07-26T00:15:00,ENGINE_EXECUTABLE_HYDRAULICALLY_UNVALIDATED
C_26429,0.0,0.0,3.0479999622912146e-05,0,0,2005-07-26T00:15:00,ENGINE_EXECUTABLE_HYDRAULICALLY_UNVALIDATED
C_26430,0.0,0.0,3.0479999622912146e-05,0,0,2005-07-26T00:15:00,ENGINE_EXECUTABLE_HYDRAULICALLY_UNVALIDATED
C_26431,0.0,0.0,3.0479999622912146e-05,0,0,2005-07-26T00:15:00,ENGINE_EXECUTABLE_HYDRAULICALLY_UNVALIDATED
C_26432,0.0,0.0,3.0479999622912146e-05,0,0,2005-07-26T00:15:00,ENGINE_EXECUTABLE_HYDRAULICALLY_UNVALIDATED
C_26433,23.383533477783203,0.7162602543830872,0.5935102701187134,0,0,2005-07-26T06:15:00,ENGINE_EXECUTABLE_HYDRAULICALLY_UNVALIDATED
C_26434,23.384767532348633,0.6768845319747925,0.6280691027641296,0,0,2005-07-26T06:15:00,ENGINE_EXECUTABLE_HYDRAULICALLY_UNVALIDATED
C_26436,23.382278442382812,1.5398482084274292,0.2760564386844635,0,0,2005-07-26T06:15:00,ENGINE_EXECUTABLE_HYDRAULICALLY_UNVALIDATED
C_26437,23.382572174072266,0.9870094656944275,0.4306851625442505,0,0,2005-07-26T06:15:00,ENGINE_EXECUTABLE_HYDRAULICALLY_UNVALIDATED
C_26446,0.0,0.0,3.0479999622912146e-05,0,0,2005-07-26T00:15:00,ENGINE_EXECUTABLE_HYDRAULICALLY_UNVALIDATED
C_26447,0.0,0.0,3.0479999622912146e-05,0,0,2005-07-26T00:15:00,ENGINE_EXECUTABLE_HYDRAULICALLY_UNVALIDATED
C_26448,0.0,0.0,3.0479999622912146e-05,0,0,2005-07-26T00:15:00,ENGINE_EXECUTABLE_HYDRAULICALLY_UNVALIDATED
C_26449,0.0,0.0,3.0479999622912146e-05,0,0,2005-07-26T00:15:00,ENGINE_EXECUTABLE_HYDRAULICALLY_UNVALIDATED
C_26450,0.0,0.0,3.0479999622912146e-05,0,0,2005-07-26T00:15:00,ENGINE_EXECUTABLE_HYDRAULICALLY_UNVALIDATED
C_26451,0.0,0.0,3.0479999622912146e-05,0,0,2005-07-26T00:15:00,ENGINE_EXECUTABLE_HYDRAULICALLY_UNVALIDATED
C_26452,0.0,0.0,3.0479999622912146e-05,0,0,2005-07-26T00:15:00,ENGINE_EXECUTABLE_HYDRAULICALLY_UNVALIDATED
C_26453,0.0,0.0,3.0479999622912146e-05,0,0,2005-07-26T00:15:00,ENGINE_EXECUTABLE_HYDRAULICALLY_UNVALIDATED
C_26454,0.0,0.0,3.0479999622912146e-05,0,0,2005-07-26T00:15:00,ENGINE_EXECUTABLE_HYDRAULICALLY_UNVALIDATED
C_26456,0.0,0.0,3.0479999622912146e-05,0,0,2005-07-26T00:15:00,ENGINE_EXECUTABLE_HYDRAULICALLY_UNVALIDATED
C_26457,0.0,0.0,3.0479999622912146e-05,0,0,2005-07-26T00:15:00,ENGINE_EXECUTABLE_HYDRAULICALLY_UNVALIDATED
C_26459,0.0,0.0,3.0479999622912146e-05,0,0,2005-07-26T00:15:00,ENGINE_EXECUTABLE_HYDRAULICALLY_UNVALIDATED
C_26460,0.0,0.0,3.0479999622912146e-05,0,0,2005-07-26T00:15:00,ENGINE_EXECUTABLE_HYDRAULICALLY_UNVALIDATED
C_26461,0.0,0.0,3.0479999622912146e-05,0,0,2005-07-26T00:15:00,ENGINE_EXECUTABLE_HYDRAULICALLY_UNVALIDATED
C_26462,0.0,0.0,3.0479999622912146e-05,0,0,2005-07-26T00:15:00,ENGINE_EXECUTABLE_HYDRAULICALLY_UNVALIDATED
C_26463,0.0,0.0,3.0479999622912146e-05,0,0,2005-07-26T00:15:00,ENGINE_EXECUTABLE_HYDRAULICALLY_UNVALIDATED
C_26464,0.0,0.0,3.0479999622912146e-05,0,0,2005-07-26T00:15:00,ENGINE_EXECUTABLE_HYDRAULICALLY_UNVALIDATED
C_26465,0.0,0.0,3.0479999622912146e-05,0,0,2005-07-26T00:15:00,ENGINE_EXECUTABLE_HYDRAULICALLY_UNVALIDATED
C_26466,0.0,0.0,3.0479999622912146e-05,0,0,2005-07-26T00:15:00,ENGINE_EXECUTABLE_HYDRAULICALLY_UNVALIDATED
C_26467,0.0,0.0,3.0479999622912146e-05,0,0,2005-07-26T00:15:00,ENGINE_EXECUTABLE_HYDRAULICALLY_UNVALIDATED
C_26468,0.0,0.0,3.0479999622912146e-05,0,0,2005-07-26T00:15:00,ENGINE_EXECUTABLE_HYDRAULICALLY_UNVALIDATED
C_26469,0.0,0.0,3.0479999622912146e-05,0,0,2005-07-26T00:15:00,ENGINE_EXECUTABLE_HYDRAULICALLY_UNVALIDATED
C_26470,0.0,0.0,3.0479999622912146e-05,0,0,2005-07-26T00:15:00,ENGINE_EXECUTABLE_HYDRAULICALLY_UNVALIDATED
C_26471,0.0,0.0,3.0479999622912146e-05,0,0,2005-07-26T00:15:00,ENGINE_EXECUTABLE_HYDRAULICALLY_UNVALIDATED
C_26473,0.0,0.0,3.0479999622912146e-05,0,0,2005-07-26T00:15:00,ENGINE_EXECUTABLE_HYDRAULICALLY_UNVALIDATED
C_26474,0.0,0.0,3.0479999622912146e-05,0,0,2005-07-26T00:15:00,ENGINE_EXECUTABLE_HYDRAULICALLY_UNVALIDATED
C_26475,0.0,0.0,3.0479999622912146e-05,0,0,2005-07-26T00:15:00,ENGINE_EXECUTABLE_HYDRAULICALLY_UNVALIDATED
C_26476,0.0,0.0,3.0479999622912146e-05,0,0,2005-07-26T00:15:00,ENGINE_EXECUTABLE_HYDRAULICALLY_UNVALIDATED
C_26477,0.0,0.0,3.0479999622912146e-05,0,0,2005-07-26T00:15:00,ENGINE_EXECUTABLE_HYDRAULICALLY_UNVALIDATED
C_26478,0.0,0.0,3.0479999622912146e-05,0,0,2005-07-26T00:15:00,ENGINE_EXECUTABLE_HYDRAULICALLY_UNVALIDATED
C_26479,0.0,0.0,3.0479999622912146e-05,0,0,2005-07-26T00:15:00,ENGINE_EXECUTABLE_HYDRAULICALLY_UNVALIDATED
C_26480,0.0,0.0,3.0479999622912146e-05,0,0,2005-07-26T00:15:00,ENGINE_EXECUTABLE_HYDRAULICALLY_UNVALIDATED
C_26481,0.0,0.0,3.0479999622912146e-05,0,0,2005-07-26T00:15:00,ENGINE_EXECUTABLE_HYDRAULICALLY_UNVALIDATED
C_26482,0.0,0.0,3.0479999622912146e-05,0,0,2005-07-26T00:15:00,ENGINE_EXECUTABLE_HYDRAULICALLY_UNVALIDATED
C_26483,0.0,0.0,3.0479999622912146e-05,0,0,2005-07-26T00:15:00,ENGINE_EXECUTABLE_HYDRAULICALLY_UNVALIDATED
C_26484,0.0,0.0,3.0479999622912146e-05,0,0,2005-07-26T00:15:00,ENGINE_EXECUTABLE_HYDRAULICALLY_UNVALIDATED
C_26485,0.0,0.0,3.0479999622912146e-05,0,0,2005-07-26T00:15:00,ENGINE_EXECUTABLE_HYDRAULICALLY_UNVALIDATED
C_26486,0.0,0.0,3.0479999622912146e-05,0,0,2005-07-26T00:15:00,ENGINE_EXECUTABLE_HYDRAULICALLY_UNVALIDATED
C_26487,0.0,0.0,3.0479999622912146e-05,0,0,2005-07-26T00:15:00,ENGINE_EXECUTABLE_HYDRAULICALLY_UNVALIDATED
C_26488,0.0,0.0,3.0479999622912146e-05,0,0,2005-07-26T00:15:00,ENGINE_EXECUTABLE_HYDRAULICALLY_UNVALIDATED
C_26489,0.0,0.0,3.0479999622912146e-05,0,0,2005-07-26T00:15:00,ENGINE_EXECUTABLE_HYDRAULICALLY_UNVALIDATED
C_26490,0.0,0.0,3.0479999622912146e-05,0,0,2005-07-26T00:15:00,ENGINE_EXECUTABLE_HYDRAULICALLY_UNVALIDATED
C_26491,0.0,0.0,3.0479999622912146e-05,0,0,2005-07-26T00:15:00,ENGINE_EXECUTABLE_HYDRAULICALLY_UNVALIDATED
C_26493,0.0,0.0,3.0479999622912146e-05,0,0,2005-07-26T00:15:00,ENGINE_EXECUTABLE_HYDRAULICALLY_UNVALIDATED
C_26494,0.0,0.0,3.0479999622912146e-05,0,0,2005-07-26T00:15:00,ENGINE_EXECUTABLE_HYDRAULICALLY_UNVALIDATED
C_26495,0.0,0.0,0.006374534219503403,0,0,2005-07-26T00:15:00,ENGINE_EXECUTABLE_HYDRAULICALLY_UNVALIDATED
C_26496,0.002035889308899641,0.0149317542091012,0.02321544475853443,0,0,2005-07-26T06:30:00,ENGINE_EXECUTABLE_HYDRAULICALLY_UNVALIDATED
C_26497,0.010967040434479713,0.033684588968753815,0.04420891031622887,0,0,2005-07-26T06:30:00,ENGINE_EXECUTABLE_HYDRAULICALLY_UNVALIDATED
C_26498,0.02108778990805149,0.03888479620218277,0.06520184129476547,0,0,2005-07-26T06:30:00,ENGINE_EXECUTABLE_HYDRAULICALLY_UNVALIDATED
C_26499,0.03142307698726654,0.04843919724225998,0.08619439601898193,0,0,2005-07-26T06:30:00,ENGINE_EXECUTABLE_HYDRAULICALLY_UNVALIDATED
C_26500,0.04162777215242386,0.055897295475006104,0.10718676447868347,0,0,2005-07-26T06:30:00,ENGINE_EXECUTABLE_HYDRAULICALLY_UNVALIDATED
C_26501,0.051808517426252365,0.07103191316127777,0.1286788135766983,0,0,2005-07-26T06:30:00,ENGINE_EXECUTABLE_HYDRAULICALLY_UNVALIDATED
C_26502,0.06216942146420479,0.059559836983680725,0.1501704603433609,0,0,2005-07-26T06:30:00,ENGINE_EXECUTABLE_HYDRAULICALLY_UNVALIDATED
C_26503,0.07272331416606903,0.06069088354706764,0.1711617410182953,0,0,2005-07-26T06:30:00,ENGINE_EXECUTABLE_HYDRAULICALLY_UNVALIDATED
C_26504,23.386722564697266,0.6479583978652954,0.6561622023582458,0,0,2005-07-26T06:15:00,ENGINE_EXECUTABLE_HYDRAULICALLY_UNVALIDATED
C_26508,0.0834994986653328,0.06358151882886887,0.19265246391296387,0,0,2005-07-26T06:30:00,ENGINE_EXECUTABLE_HYDRAULICALLY_UNVALIDATED
C_26509,0.09497150033712387,0.10034212470054626,0.2141427993774414,0,0,2005-07-26T06:45:00,ENGINE_EXECUTABLE_HYDRAULICALLY_UNVALIDATED
C_26510,0.10605724900960922,0.09453026950359344,0.2306351214647293,0,0,2005-07-26T06:45:00,ENGINE_EXECUTABLE_HYDRAULICALLY_UNVALIDATED
C_26511,0.11323242634534836,0.09233634173870087,0.24112994968891144,0,0,2005-07-26T06:45:00,ENGINE_EXECUTABLE_HYDRAULICALLY_UNVALIDATED
C_26512,0.0,0.0,3.0479999622912146e-05,0,0,2005-07-26T00:15:00,ENGINE_EXECUTABLE_HYDRAULICALLY_UNVALIDATED
C_26513,0.12395715713500977,0.0863582119345665,0.26162198185920715,0,0,2005-07-26T06:45:00,ENGINE_EXECUTABLE_HYDRAULICALLY_UNVALIDATED
C_26514,0.0,0.0,3.0479999622912146e-05,0,0,2005-07-26T00:15:00,ENGINE_EXECUTABLE_HYDRAULICALLY_UNVALIDATED
C_26515,0.0,0.0,3.0479999622912146e-05,0,0,2005-07-26T00:15:00,ENGINE_EXECUTABLE_HYDRAULICALLY_UNVALIDATED
C_26516,0.139699324965477,0.08453935384750366,0.2846098244190216,0,0,2005-07-26T06:45:00,ENGINE_EXECUTABLE_HYDRAULICALLY_UNVALIDATED
C_26517,0.0,0.0,3.0479999622912146e-05,0,0,2005-07-26T00:15:00,ENGINE_EXECUTABLE_HYDRAULICALLY_UNVALIDATED
C_26518,23.388368606567383,0.6281421780586243,0.6769100427627563,0,0,2005-07-26T06:15:00,ENGINE_EXECUTABLE_HYDRAULICALLY_UNVALIDATED
C_26519,0.0,0.0,3.0479999622912146e-05,0,0,2005-07-26T00:15:00,ENGINE_EXECUTABLE_HYDRAULICALLY_UNVALIDATED
C_26520,23.38611602783203,0.6974716782569885,0.6787335276603699,0,0,2005-07-26T06:15:00,ENGINE_EXECUTABLE_HYDRAULICALLY_UNVALIDATED
C_26521,0.15405075252056122,0.08548051863908768,0.30059802532196045,0,0,2005-07-26T06:45:00,ENGINE_EXECUTABLE_HYDRAULICALLY_UNVALIDATED
C_26522,0.1696280688047409,0.10481662303209305,0.3230842351913452,0,0,2005-07-26T06:45:00,ENGINE_EXECUTABLE_HYDRAULICALLY_UNVALIDATED
C_26523,0.19131173193454742,0.17717038094997406,0.3465634882450104,0,0,2005-07-26T06:45:00,ENGINE_EXECUTABLE_HYDRAULICALLY_UNVALIDATED
C_26524,23.381662368774414,0.6205580830574036,0.6850465536117554,0,0,2005-07-26T06:00:00,ENGINE_EXECUTABLE_HYDRAULICALLY_UNVALIDATED
C_26525,0.0,0.0,3.0479999622912146e-05,0,0,2005-07-26T00:15:00,ENGINE_EXECUTABLE_HYDRAULICALLY_UNVALIDATED
C_26526,0.0,0.0,3.0479999622912146e-05,0,0,2005-07-26T00:15:00,ENGINE_EXECUTABLE_HYDRAULICALLY_UNVALIDATED
C_26527,0.0,0.0,3.0479999622912146e-05,0,0,2005-07-26T00:15:00,ENGINE_EXECUTABLE_HYDRAULICALLY_UNVALIDATED
C_26528,0.0,0.0,3.0479999622912146e-05,0,0,2005-07-26T00:15:00,ENGINE_EXECUTABLE_HYDRAULICALLY_UNVALIDATED
C_26529,0.0,0.0,3.0479999622912146e-05,0,0,2005-07-26T00:15:00,ENGINE_EXECUTABLE_HYDRAULICALLY_UNVALIDATED
C_26530,0.0,0.0,3.0479999622912146e-05,0,0,2005-07-26T00:15:00,ENGINE_EXECUTABLE_HYDRAULICALLY_UNVALIDATED
C_26531,0.0,0.0,3.0479999622912146e-05,0,0,2005-07-26T00:15:00,ENGINE_EXECUTABLE_HYDRAULICALLY_UNVALIDATED
C_26532,0.0,0.0,3.0479999622912146e-05,0,0,2005-07-26T00:15:00,ENGINE_EXECUTABLE_HYDRAULICALLY_UNVALIDATED
C_26533,0.0,0.0,3.0479999622912146e-05,0,0,2005-07-26T00:15:00,ENGINE_EXECUTABLE_HYDRAULICALLY_UNVALIDATED
C_26534,0.0,0.0,3.0479999622912146e-05,0,0,2005-07-26T00:15:00,ENGINE_EXECUTABLE_HYDRAULICALLY_UNVALIDATED
C_26535,23.382932662963867,0.6095559000968933,0.6973878741264343,0,0,2005-07-26T06:00:00,ENGINE_EXECUTABLE_HYDRAULICALLY_UNVALIDATED
C_26536,23.38353729248047,0.7047784328460693,0.6958130598068237,0,0,2005-07-26T06:00:00,ENGINE_EXECUTABLE_HYDRAULICALLY_UNVALIDATED
C_26537,0.0,0.0,3.0479999622912146e-05,0,0,2005-07-26T00:15:00,ENGINE_EXECUTABLE_HYDRAULICALLY_UNVALIDATED
C_26538,0.0,0.0,3.0479999622912146e-05,0,0,2005-07-26T00:15:00,ENGINE_EXECUTABLE_HYDRAULICALLY_UNVALIDATED
C_26539,23.384197235107422,0.6633878350257874,0.7049147486686707,0,0,2005-07-26T06:00:00,ENGINE_EXECUTABLE_HYDRAULICALLY_UNVALIDATED
C_26540,0.0,0.0,3.0479999622912146e-05,0,0,2005-07-26T00:15:00,ENGINE_EXECUTABLE_HYDRAULICALLY_UNVALIDATED
C_26541,0.0,0.0,3.0479999622912146e-05,0,0,2005-07-26T00:15:00,ENGINE_EXECUTABLE_HYDRAULICALLY_UNVALIDATED
C_26542,0.0,0.0,3.0479999622912146e-05,0,0,2005-07-26T00:15:00,ENGINE_EXECUTABLE_HYDRAULICALLY_UNVALIDATED
C_26543,0.0,0.0,3.0479999622912146e-05,0,0,2005-07-26T00:15:00,ENGINE_EXECUTABLE_HYDRAULICALLY_UNVALIDATED
C_26544,0.0,0.0,3.0479999622912146e-05,0,0,2005-07-26T00:15:00,ENGINE_EXECUTABLE_HYDRAULICALLY_UNVALIDATED
C_26545,0.0,0.0,3.0479999622912146e-05,0,0,2005-07-26T00:15:00,ENGINE_EXECUTABLE_HYDRAULICALLY_UNVALIDATED
C_26546,0.0,0.0,3.0479999622912146e-05,0,0,2005-07-26T00:15:00,ENGINE_EXECUTABLE_HYDRAULICALLY_UNVALIDATED
C_26547,0.0,0.0,3.0479999622912146e-05,0,0,2005-07-26T00:15:00,ENGINE_EXECUTABLE_HYDRAULICALLY_UNVALIDATED
C_26548,0.0,0.0,3.0479999622912146e-05,0,0,2005-07-26T00:15:00,ENGINE_EXECUTABLE_HYDRAULICALLY_UNVALIDATED
C_26549,0.0,0.0,3.0479999622912146e-05,0,0,2005-07-26T00:15:00,ENGINE_EXECUTABLE_HYDRAULICALLY_UNVALIDATED
C_26550,0.0,0.0,3.0479999622912146e-05,0,0,2005-07-26T00:15:00,ENGINE_EXECUTABLE_HYDRAULICALLY_UNVALIDATED
C_26551,0.0,0.0,3.0479999622912146e-05,0,0,2005-07-26T00:15:00,ENGINE_EXECUTABLE_HYDRAULICALLY_UNVALIDATED
C_26552,0.0,0.0,3.0479999622912146e-05,0,0,2005-07-26T00:15:00,ENGINE_EXECUTABLE_HYDRAULICALLY_UNVALIDATED
C_26553,0.0,0.0,3.0479999622912146e-05,0,0,2005-07-26T00:15:00,ENGINE_EXECUTABLE_HYDRAULICALLY_UNVALIDATED
C_26554,0.0,0.0,3.0479999622912146e-05,0,0,2005-07-26T00:15:00,ENGINE_EXECUTABLE_HYDRAULICALLY_UNVALIDATED
C_26555,0.0,0.0,3.0479999622912146e-05,0,0,2005-07-26T00:15:00,ENGINE_EXECUTABLE_HYDRAULICALLY_UNVALIDATED
C_26556,0.0,0.0,3.0479999622912146e-05,0,0,2005-07-26T00:15:00,ENGINE_EXECUTABLE_HYDRAULICALLY_UNVALIDATED
C_26557,0.0,0.0,3.0479999622912146e-05,0,0,2005-07-26T00:15:00,ENGINE_EXECUTABLE_HYDRAULICALLY_UNVALIDATED
C_26558,0.0,0.0,3.0479999622912146e-05,0,0,2005-07-26T00:15:00,ENGINE_EXECUTABLE_HYDRAULICALLY_UNVALIDATED
C_26559,0.0,0.0,3.0479999622912146e-05,0,0,2005-07-26T00:15:00,ENGINE_EXECUTABLE_HYDRAULICALLY_UNVALIDATED
C_26562,0.0,0.0,3.0479999622912146e-05,0,0,2005-07-26T00:15:00,ENGINE_EXECUTABLE_HYDRAULICALLY_UNVALIDATED
C_26564,0.0,0.0,3.0479999622912146e-05,0,0,2005-07-26T00:15:00,ENGINE_EXECUTABLE_HYDRAULICALLY_UNVALIDATED
C_26565,0.0,0.0,3.0479999622912146e-05,0,0,2005-07-26T00:15:00,ENGINE_EXECUTABLE_HYDRAULICALLY_UNVALIDATED
C_26566,0.0,0.0,3.0479999622912146e-05,0,0,2005-07-26T00:15:00,ENGINE_EXECUTABLE_HYDRAULICALLY_UNVALIDATED
C_26567,0.0,0.0,3.0479999622912146e-05,0,0,2005-07-26T00:15:00,ENGINE_EXECUTABLE_HYDRAULICALLY_UNVALIDATED
C_26568,0.0,0.0,3.0479999622912146e-05,0,0,2005-07-26T00:15:00,ENGINE_EXECUTABLE_HYDRAULICALLY_UNVALIDATED
C_26569,0.0,0.0,3.0479999622912146e-05,0,0,2005-07-26T00:15:00,ENGINE_EXECUTABLE_HYDRAULICALLY_UNVALIDATED
C_26571,0.0,0.0,3.0479999622912146e-05,0,0,2005-07-26T00:15:00,ENGINE_EXECUTABLE_HYDRAULICALLY_UNVALIDATED
C_26572,0.0,0.0,3.0479999622912146e-05,0,0,2005-07-26T00:15:00,ENGINE_EXECUTABLE_HYDRAULICALLY_UNVALIDATED
C_26573,0.0,0.0,3.0479999622912146e-05,0,0,2005-07-26T00:15:00,ENGINE_EXECUTABLE_HYDRAULICALLY_UNVALIDATED
C_26574,0.0,0.0,3.0479999622912146e-05,0,0,2005-07-26T00:15:00,ENGINE_EXECUTABLE_HYDRAULICALLY_UNVALIDATED
C_26575,0.0,0.0,3.0479999622912146e-05,0,0,2005-07-26T00:15:00,ENGINE_EXECUTABLE_HYDRAULICALLY_UNVALIDATED
C_26576,0.0,0.0,3.0479999622912146e-05,0,0,2005-07-26T00:15:00,ENGINE_EXECUTABLE_HYDRAULICALLY_UNVALIDATED
C_26577,0.0,0.0,3.0479999622912146e-05,0,0,2005-07-26T00:15:00,ENGINE_EXECUTABLE_HYDRAULICALLY_UNVALIDATED
C_26578,0.0,0.0,3.0479999622912146e-05,0,0,2005-07-26T00:15:00,ENGINE_EXECUTABLE_HYDRAULICALLY_UNVALIDATED
C_26579,0.0,0.0,3.0479999622912146e-05,0,0,2005-07-26T00:15:00,ENGINE_EXECUTABLE_HYDRAULICALLY_UNVALIDATED
C_26580,0.0,0.0,3.0479999622912146e-05,0,0,2005-07-26T00:15:00,ENGINE_EXECUTABLE_HYDRAULICALLY_UNVALIDATED
C_26581,0.0,0.0,3.0479999622912146e-05,0,0,2005-07-26T00:15:00,ENGINE_EXECUTABLE_HYDRAULICALLY_UNVALIDATED
C_26582,0.0,0.0,3.0479999622912146e-05,0,0,2005-07-26T00:15:00,ENGINE_EXECUTABLE_HYDRAULICALLY_UNVALIDATED
C_26583,0.0,0.0,3.0479999622912146e-05,0,0,2005-07-26T00:15:00,ENGINE_EXECUTABLE_HYDRAULICALLY_UNVALIDATED
C_26584,0.0,0.0,3.0479999622912146e-05,0,0,2005-07-26T00:15:00,ENGINE_EXECUTABLE_HYDRAULICALLY_UNVALIDATED
C_26585,0.0,0.0,3.0479999622912146e-05,0,0,2005-07-26T00:15:00,ENGINE_EXECUTABLE_HYDRAULICALLY_UNVALIDATED
C_26586,0.0,0.0,3.0479999622912146e-05,0,0,2005-07-26T00:15:00,ENGINE_EXECUTABLE_HYDRAULICALLY_UNVALIDATED
C_26587,0.0,0.0,3.0479999622912146e-05,0,0,2005-07-26T00:15:00,ENGINE_EXECUTABLE_HYDRAULICALLY_UNVALIDATED
C_26588,0.0,0.0,3.0479999622912146e-05,0,0,2005-07-26T00:15:00,ENGINE_EXECUTABLE_HYDRAULICALLY_UNVALIDATED
C_26589,0.0,0.0,3.0479999622912146e-05,0,0,2005-07-26T00:15:00,ENGINE_EXECUTABLE_HYDRAULICALLY_UNVALIDATED
C_26590,0.0,0.0,3.0479999622912146e-05,0,0,2005-07-26T00:15:00,ENGINE_EXECUTABLE_HYDRAULICALLY_UNVALIDATED
C_26591,0.0,0.0,3.0479999622912146e-05,0,0,2005-07-26T00:15:00,ENGINE_EXECUTABLE_HYDRAULICALLY_UNVALIDATED
C_26592,0.0,0.0,3.0479999622912146e-05,0,0,2005-07-26T00:15:00,ENGINE_EXECUTABLE_HYDRAULICALLY_UNVALIDATED
C_26593,0.0,0.0,3.0479999622912146e-05,0,0,2005-07-26T00:15:00,ENGINE_EXECUTABLE_HYDRAULICALLY_UNVALIDATED
C_26594,0.0,0.0,3.0479999622912146e-05,0,0,2005-07-26T00:15:00,ENGINE_EXECUTABLE_HYDRAULICALLY_UNVALIDATED
C_26595,0.0,0.0,3.0479999622912146e-05,0,0,2005-07-26T00:15:00,ENGINE_EXECUTABLE_HYDRAULICALLY_UNVALIDATED
C_26596,0.0,0.0,3.0479999622912146e-05,0,0,2005-07-26T00:15:00,ENGINE_EXECUTABLE_HYDRAULICALLY_UNVALIDATED
C_26597,0.0,0.0,3.0479999622912146e-05,0,0,2005-07-26T00:15:00,ENGINE_EXECUTABLE_HYDRAULICALLY_UNVALIDATED
C_26598,0.0,0.0,3.0479999622912146e-05,0,0,2005-07-26T00:15:00,ENGINE_EXECUTABLE_HYDRAULICALLY_UNVALIDATED
C_26599,0.0,0.0,3.0479999622912146e-05,0,0,2005-07-26T00:15:00,ENGINE_EXECUTABLE_HYDRAULICALLY_UNVALIDATED
C_26600,0.0,0.0,3.0479999622912146e-05,0,0,2005-07-26T00:15:00,ENGINE_EXECUTABLE_HYDRAULICALLY_UNVALIDATED
C_26601,0.0,0.0,3.0479999622912146e-05,0,0,2005-07-26T00:15:00,ENGINE_EXECUTABLE_HYDRAULICALLY_UNVALIDATED
C_26602,0.0,0.0,3.0479999622912146e-05,0,0,2005-07-26T00:15:00,ENGINE_EXECUTABLE_HYDRAULICALLY_UNVALIDATED
C_26603,0.0,0.0,3.0479999622912146e-05,0,0,2005-07-26T00:15:00,ENGINE_EXECUTABLE_HYDRAULICALLY_UNVALIDATED
C_26604,0.0,0.0,3.0479999622912146e-05,0,0,2005-07-26T00:15:00,ENGINE_EXECUTABLE_HYDRAULICALLY_UNVALIDATED
C_26605,0.0,0.0,3.0479999622912146e-05,0,0,2005-07-26T00:15:00,ENGINE_EXECUTABLE_HYDRAULICALLY_UNVALIDATED
C_26606,0.0,0.0,3.0479999622912146e-05,0,0,2005-07-26T00:15:00,ENGINE_EXECUTABLE_HYDRAULICALLY_UNVALIDATED
C_26607,0.0,0.0,3.0479999622912146e-05,0,0,2005-07-26T00:15:00,ENGINE_EXECUTABLE_HYDRAULICALLY_UNVALIDATED
C_26608,0.0,0.0,3.0479999622912146e-05,0,0,2005-07-26T00:15:00,ENGINE_EXECUTABLE_HYDRAULICALLY_UNVALIDATED
C_26609,0.0,0.0,0.02280939742922783,0,0,2005-07-26T00:15:00,ENGINE_EXECUTABLE_HYDRAULICALLY_UNVALIDATED
C_26610,0.004945928230881691,0.013725911267101765,0.07956762611865997,0,0,2005-07-26T06:15:00,ENGINE_EXECUTABLE_HYDRAULICALLY_UNVALIDATED
C_26611,0.011859565041959286,0.04500393196940422,0.14252163469791412,0,0,2005-07-26T06:30:00,ENGINE_EXECUTABLE_HYDRAULICALLY_UNVALIDATED
C_26612,0.027678944170475006,0.045785997062921524,0.1970006376504898,0,0,2005-07-26T06:30:00,ENGINE_EXECUTABLE_HYDRAULICALLY_UNVALIDATED
C_26613,0.038792017847299576,0.04035895690321922,0.25148239731788635,0,0,2005-07-26T06:30:00,ENGINE_EXECUTABLE_HYDRAULICALLY_UNVALIDATED
C_26614,0.0501069501042366,0.037629108875989914,0.30794066190719604,0,0,2005-07-26T06:30:00,ENGINE_EXECUTABLE_HYDRAULICALLY_UNVALIDATED
C_26615,0.0631750300526619,0.054788485169410706,0.36191797256469727,0,0,2005-07-26T06:30:00,ENGINE_EXECUTABLE_HYDRAULICALLY_UNVALIDATED
C_26616,0.07489888370037079,0.05577762424945831,0.4214024543762207,0,0,2005-07-26T06:30:00,ENGINE_EXECUTABLE_HYDRAULICALLY_UNVALIDATED
C_26617,0.08301898092031479,0.05364629998803139,0.48837706446647644,0,0,2005-07-26T06:30:00,ENGINE_EXECUTABLE_HYDRAULICALLY_UNVALIDATED
C_26618,0.09036028385162354,0.05555395409464836,0.5283514857292175,0,0,2005-07-26T01:30:00,ENGINE_EXECUTABLE_HYDRAULICALLY_UNVALIDATED
C_26619,0.11027184873819351,0.06416032463312149,0.5428339242935181,0,0,2005-07-26T01:30:00,ENGINE_EXECUTABLE_HYDRAULICALLY_UNVALIDATED
C_26620,0.12931813299655914,0.07098857313394547,0.5588480234146118,0,0,2005-07-26T01:30:00,ENGINE_EXECUTABLE_HYDRAULICALLY_UNVALIDATED
C_26621,0.14673098921775818,0.07685143500566483,0.5723630785942078,0,0,2005-07-26T01:30:00,ENGINE_EXECUTABLE_HYDRAULICALLY_UNVALIDATED
C_26622,0.16872648894786835,0.08374839276075363,0.5883740186691284,0,0,2005-07-26T01:30:00,ENGINE_EXECUTABLE_HYDRAULICALLY_UNVALIDATED
C_26623,0.4060330390930176,0.38581621646881104,0.6148894429206848,0,0,2005-07-26T01:15:00,ENGINE_EXECUTABLE_HYDRAULICALLY_UNVALIDATED
C_26624,0.0,0.0,3.0479999622912146e-05,0,0,2005-07-26T00:15:00,ENGINE_EXECUTABLE_HYDRAULICALLY_UNVALIDATED
C_26625,0.0,0.0,3.0479999622912146e-05,0,0,2005-07-26T00:15:00,ENGINE_EXECUTABLE_HYDRAULICALLY_UNVALIDATED
C_26626,0.0,0.0,3.0479999622912146e-05,0,0,2005-07-26T00:15:00,ENGINE_EXECUTABLE_HYDRAULICALLY_UNVALIDATED
C_26627,0.0,0.0,3.0479999622912146e-05,0,0,2005-07-26T00:15:00,ENGINE_EXECUTABLE_HYDRAULICALLY_UNVALIDATED
C_26628,0.0,0.0,3.0479999622912146e-05,0,0,2005-07-26T00:15:00,ENGINE_EXECUTABLE_HYDRAULICALLY_UNVALIDATED
C_26629,0.7071036100387573,0.3661540746688843,0.6419001817703247,0,0,2005-07-26T01:15:00,ENGINE_EXECUTABLE_HYDRAULICALLY_UNVALIDATED
C_26630,0.8630309104919434,0.3551599979400635,0.6624050140380859,0,0,2005-07-26T01:15:00,ENGINE_EXECUTABLE_HYDRAULICALLY_UNVALIDATED
C_26631,0.9439387917518616,0.334664911031723,0.6809173822402954,0,0,2005-07-26T01:15:00,ENGINE_EXECUTABLE_HYDRAULICALLY_UNVALIDATED
C_26632,1.0026881694793701,0.3180685043334961,0.698425829410553,0,0,2005-07-26T01:15:00,ENGINE_EXECUTABLE_HYDRAULICALLY_UNVALIDATED
C_26633,23.38831901550293,0.6167126297950745,0.758474588394165,0,0,2005-07-26T06:00:00,ENGINE_EXECUTABLE_HYDRAULICALLY_UNVALIDATED
C_26634,1.0608549118041992,0.3058245778083801,0.7164294123649597,0,0,2005-07-26T01:15:00,ENGINE_EXECUTABLE_HYDRAULICALLY_UNVALIDATED
C_26635,1.0970185995101929,0.29273152351379395,0.7354308366775513,0,0,2005-07-26T01:15:00,ENGINE_EXECUTABLE_HYDRAULICALLY_UNVALIDATED
C_26636,23.393198013305664,0.6075820922851562,0.7713192105293274,0,0,2005-07-26T06:00:00,ENGINE_EXECUTABLE_HYDRAULICALLY_UNVALIDATED
C_26637,23.389915466308594,0.6083406805992126,0.7690463662147522,0,0,2005-07-26T05:15:00,ENGINE_EXECUTABLE_HYDRAULICALLY_UNVALIDATED
C_26638,0.0,0.0,0.01511896587908268,0,0,2005-07-26T00:15:00,ENGINE_EXECUTABLE_HYDRAULICALLY_UNVALIDATED
C_26646,0.25622695684432983,0.14866439998149872,1.0218561887741089,0,0,2005-07-26T05:45:00,ENGINE_EXECUTABLE_HYDRAULICALLY_UNVALIDATED
C_26647,0.2562349736690521,0.15931835770606995,1.0264822244644165,0,0,2005-07-26T04:15:00,ENGINE_EXECUTABLE_HYDRAULICALLY_UNVALIDATED
C_26648,0.256229430437088,0.23347347974777222,1.0294405221939087,0,0,2005-07-26T04:45:00,ENGINE_EXECUTABLE_HYDRAULICALLY_UNVALIDATED
C_26651,0.2748629152774811,0.3095604181289673,1.0348596572875977,0,0,2005-07-26T00:15:00,ENGINE_EXECUTABLE_HYDRAULICALLY_UNVALIDATED
C_26659,0.326793909072876,0.33497849106788635,1.04172682762146,0,0,2005-07-26T06:15:00,ENGINE_EXECUTABLE_HYDRAULICALLY_UNVALIDATED
C_26660,0.38411077857017517,0.3114752471446991,1.0485236644744873,0,0,2005-07-26T06:00:00,ENGINE_EXECUTABLE_HYDRAULICALLY_UNVALIDATED
C_26661,0.45321863889694214,0.2205485850572586,1.053385853767395,0,0,2005-07-26T06:00:00,ENGINE_EXECUTABLE_HYDRAULICALLY_UNVALIDATED
C_26662,0.5789214372634888,0.18734456598758698,1.0563050508499146,0,0,2005-07-26T06:00:00,ENGINE_EXECUTABLE_HYDRAULICALLY_UNVALIDATED
C_26664,0.5789214372634888,0.5146681666374207,1.0593773126602173,0,0,2005-07-26T06:00:00,ENGINE_EXECUTABLE_HYDRAULICALLY_UNVALIDATED
C_26669,0.843161404132843,0.44590362906455994,1.0612397193908691,0,0,2005-07-26T06:00:00,ENGINE_EXECUTABLE_HYDRAULICALLY_UNVALIDATED
C_26670,0.9716193675994873,0.47649481892585754,1.0575053691864014,0,0,2005-07-26T06:00:00,ENGINE_EXECUTABLE_HYDRAULICALLY_UNVALIDATED
C_26671,0.6421746015548706,0.45286116003990173,1.0618168115615845,0,0,2005-07-26T06:00:00,ENGINE_EXECUTABLE_HYDRAULICALLY_UNVALIDATED
C_26679,1.1040493249893188,0.5334769487380981,1.0520105361938477,240,0,2005-07-26T06:00:00,ENGINE_EXECUTABLE_HYDRAULICALLY_UNVALIDATED
C_26680,1.2320480346679688,0.566179096698761,1.045068383216858,0,0,2005-07-26T06:00:00,ENGINE_EXECUTABLE_HYDRAULICALLY_UNVALIDATED
C_26682,1.362572193145752,0.6584489941596985,1.034567952156067,0,0,2005-07-26T06:00:00,ENGINE_EXECUTABLE_HYDRAULICALLY_UNVALIDATED
C_26684,1.4297285079956055,0.6087889075279236,1.0227432250976562,0,0,2005-07-26T06:00:00,ENGINE_EXECUTABLE_HYDRAULICALLY_UNVALIDATED
C_26692,1.5571531057357788,0.7592518329620361,1.0072083473205566,0,0,2005-07-26T06:00:00,ENGINE_EXECUTABLE_HYDRAULICALLY_UNVALIDATED
C_26693,1.6820523738861084,0.8110461831092834,0.9717423915863037,0,0,2005-07-26T06:00:00,ENGINE_EXECUTABLE_HYDRAULICALLY_UNVALIDATED
C_26701,1.8137246370315552,0.9426404237747192,0.9267222285270691,0,0,2005-07-26T06:00:00,ENGINE_EXECUTABLE_HYDRAULICALLY_UNVALIDATED
C_26702,1.8821436166763306,0.994350790977478,0.882343053817749,0,0,2005-07-26T06:00:00,ENGINE_EXECUTABLE_HYDRAULICALLY_UNVALIDATED
C_26703,1.9462003707885742,1.6096779108047485,0.7508865594863892,0,0,2005-07-26T06:00:00,ENGINE_EXECUTABLE_HYDRAULICALLY_UNVALIDATED
C_26706,1.9462003707885742,1.1860970258712769,0.5908035635948181,0,0,2005-07-26T06:00:00,ENGINE_EXECUTABLE_HYDRAULICALLY_UNVALIDATED
C_26713,0.09711947292089462,0.019738661125302315,0.4851684868335724,0,0,2005-07-26T06:15:00,ENGINE_EXECUTABLE_HYDRAULICALLY_UNVALIDATED
C_26714,23.382652282714844,1.1203994750976562,0.772874116897583,0,0,2005-07-26T06:00:00,ENGINE_EXECUTABLE_HYDRAULICALLY_UNVALIDATED
C_26716,23.370336532592773,1.062038540840149,0.8149154782295227,0,0,2005-07-26T06:00:00,ENGINE_EXECUTABLE_HYDRAULICALLY_UNVALIDATED
C_26717,23.382030487060547,1.095503330230713,0.7904172539710999,0,0,2005-07-26T06:00:00,ENGINE_EXECUTABLE_HYDRAULICALLY_UNVALIDATED
C_26718,23.29106903076172,1.035996675491333,0.8325664401054382,0,0,2005-07-26T06:00:00,ENGINE_EXECUTABLE_HYDRAULICALLY_UNVALIDATED
C_26719,23.158180236816406,0.9700700640678406,0.8840751647949219,0,0,2005-07-26T06:00:00,ENGINE_EXECUTABLE_HYDRAULICALLY_UNVALIDATED
C_26720,23.21091651916504,0.9848653674125671,0.8732169270515442,0,0,2005-07-26T05:00:00,ENGINE_EXECUTABLE_HYDRAULICALLY_UNVALIDATED
C_26721,23.272335052490234,1.0014920234680176,0.8609987497329712,0,0,2005-07-26T05:00:00,ENGINE_EXECUTABLE_HYDRAULICALLY_UNVALIDATED
C_26722,23.275388717651367,1.0170484781265259,0.8479368090629578,0,0,2005-07-26T06:00:00,ENGINE_EXECUTABLE_HYDRAULICALLY_UNVALIDATED
C_26723,23.116411209106445,0.9583678841590881,0.8932561874389648,0,0,2005-07-26T06:00:00,ENGINE_EXECUTABLE_HYDRAULICALLY_UNVALIDATED
C_26724,23.0617618560791,0.9466720223426819,0.902154266834259,0,0,2005-07-26T06:00:00,ENGINE_EXECUTABLE_HYDRAULICALLY_UNVALIDATED
C_26725,23.0533504486084,0.938218355178833,0.9099509716033936,0,0,2005-07-26T06:00:00,ENGINE_EXECUTABLE_HYDRAULICALLY_UNVALIDATED
C_26726,23.031490325927734,0.9306352138519287,0.9168799519538879,0,0,2005-07-26T05:30:00,ENGINE_EXECUTABLE_HYDRAULICALLY_UNVALIDATED
C_26727,1.9462003707885742,2.3248560428619385,0.41851699352264404,0,0,2005-07-26T06:00:00,ENGINE_EXECUTABLE_HYDRAULICALLY_UNVALIDATED
C_26729,2.008650064468384,2.2370846271514893,0.29926246404647827,0,0,2005-07-26T06:00:00,ENGINE_EXECUTABLE_HYDRAULICALLY_UNVALIDATED
C_26730,20.95409393310547,1.2315146923065186,0.7561334371566772,0,0,2005-07-26T05:30:00,ENGINE_EXECUTABLE_HYDRAULICALLY_UNVALIDATED
C_26731,20.938859939575195,1.307303786277771,0.7120776176452637,0,0,2005-07-26T05:30:00,ENGINE_EXECUTABLE_HYDRAULICALLY_UNVALIDATED
C_26732,22.96842384338379,1.5384793281555176,0.6634507179260254,0,0,2005-07-26T04:00:00,ENGINE_EXECUTABLE_HYDRAULICALLY_UNVALIDATED
C_26733,0.03450758010149002,0.08205948024988174,0.44118908047676086,0,0,2005-07-26T06:15:00,ENGINE_EXECUTABLE_HYDRAULICALLY_UNVALIDATED
C_26734,23.383440017700195,1.1347870826721191,0.7631007432937622,0,0,2005-07-26T06:00:00,ENGINE_EXECUTABLE_HYDRAULICALLY_UNVALIDATED
C_26735,23.38680648803711,0.9595633149147034,0.7615509033203125,0,0,2005-07-26T06:00:00,ENGINE_EXECUTABLE_HYDRAULICALLY_UNVALIDATED
C_26736,23.451696395874023,0.8661877512931824,0.7734741568565369,0,0,2005-07-26T06:00:00,ENGINE_EXECUTABLE_HYDRAULICALLY_UNVALIDATED
C_26737,23.382949829101562,1.1269612312316895,0.768383800983429,0,0,2005-07-26T06:00:00,ENGINE_EXECUTABLE_HYDRAULICALLY_UNVALIDATED
C_26738,0.34603825211524963,0.19873856008052826,0.4400353729724884,0,0,2005-07-26T06:15:00,ENGINE_EXECUTABLE_HYDRAULICALLY_UNVALIDATED
C_26739,22.96265411376953,0.9213656187057495,0.9231635928153992,0,0,2005-07-26T05:30:00,ENGINE_EXECUTABLE_HYDRAULICALLY_UNVALIDATED
C_26740,22.974088668823242,2.0103795528411865,0.5078428983688354,0,0,2005-07-26T04:00:00,ENGINE_EXECUTABLE_HYDRAULICALLY_UNVALIDATED
C_26741,22.97290802001953,1.0568079948425293,0.9450259208679199,0,0,2005-07-26T04:00:00,ENGINE_EXECUTABLE_HYDRAULICALLY_UNVALIDATED
C_26742,22.96331024169922,1.0972944498062134,0.9301479458808899,0,0,2005-07-26T04:00:00,ENGINE_EXECUTABLE_HYDRAULICALLY_UNVALIDATED
C_26743,22.968502044677734,1.085715889930725,0.940125048160553,0,0,2005-07-26T04:00:00,ENGINE_EXECUTABLE_HYDRAULICALLY_UNVALIDATED
C_26744,22.975839614868164,1.7318627834320068,0.5895586609840393,0,0,2005-07-26T04:00:00,ENGINE_EXECUTABLE_HYDRAULICALLY_UNVALIDATED
C_26745,23.401203155517578,0.6913358569145203,0.7883551716804504,0,0,2005-07-26T06:00:00,ENGINE_EXECUTABLE_HYDRAULICALLY_UNVALIDATED
C_26746,23.41916275024414,0.7582108974456787,0.8023265600204468,0,0,2005-07-26T06:00:00,ENGINE_EXECUTABLE_HYDRAULICALLY_UNVALIDATED
C_26747,23.416851043701172,0.8163834810256958,0.8194413781166077,0,0,2005-07-26T06:00:00,ENGINE_EXECUTABLE_HYDRAULICALLY_UNVALIDATED
C_26748,23.41443634033203,0.8127925395965576,0.82297682762146,0,0,2005-07-26T06:00:00,ENGINE_EXECUTABLE_HYDRAULICALLY_UNVALIDATED
C_26749,23.416336059570312,0.9151744842529297,0.7994967699050903,0,0,2005-07-26T06:00:00,ENGINE_EXECUTABLE_HYDRAULICALLY_UNVALIDATED
C_26750,0.2461126297712326,0.21395845711231232,0.37058109045028687,0,0,2005-07-26T06:15:00,ENGINE_EXECUTABLE_HYDRAULICALLY_UNVALIDATED
C_26751,0.1383063793182373,0.2413780242204666,0.2959316670894623,0,0,2005-07-26T06:15:00,ENGINE_EXECUTABLE_HYDRAULICALLY_UNVALIDATED
C_26752,0.09131868183612823,0.21867582201957703,0.214400053024292,0,0,2005-07-26T06:15:00,ENGINE_EXECUTABLE_HYDRAULICALLY_UNVALIDATED
C_26753,23.39700698852539,0.6583927869796753,0.7741621136665344,0,0,2005-07-26T06:00:00,ENGINE_EXECUTABLE_HYDRAULICALLY_UNVALIDATED
C_26754,0.07004229724407196,0.23932738602161407,0.14585013687610626,0,0,2005-07-26T03:00:00,ENGINE_EXECUTABLE_HYDRAULICALLY_UNVALIDATED
C_26755,0.07508746534585953,0.21961282193660736,0.09537876397371292,0,0,2005-07-26T00:30:00,ENGINE_EXECUTABLE_HYDRAULICALLY_UNVALIDATED
C_26756,0.0689929872751236,0.2514618933200836,0.06260039657354355,0,0,2005-07-26T04:45:00,ENGINE_EXECUTABLE_HYDRAULICALLY_UNVALIDATED
C_26775,20.94107437133789,1.1698111295700073,0.7955222725868225,0,0,2005-07-26T05:30:00,ENGINE_EXECUTABLE_HYDRAULICALLY_UNVALIDATED
C_26776,20.70480728149414,1.083082914352417,0.8495298027992249,0,0,2005-07-26T06:00:00,ENGINE_EXECUTABLE_HYDRAULICALLY_UNVALIDATED
C_26777,20.755929946899414,1.1157991886138916,0.8266568183898926,0,0,2005-07-26T06:00:00,ENGINE_EXECUTABLE_HYDRAULICALLY_UNVALIDATED
C_26778,20.70480728149414,1.0701824426651,0.8597703576087952,0,0,2005-07-26T06:00:00,ENGINE_EXECUTABLE_HYDRAULICALLY_UNVALIDATED
C_26779,20.577817916870117,1.0144940614700317,0.9014028906822205,0,0,2005-07-26T05:00:00,ENGINE_EXECUTABLE_HYDRAULICALLY_UNVALIDATED
C_26780,20.615951538085938,1.0368149280548096,0.883631706237793,0,0,2005-07-26T05:00:00,ENGINE_EXECUTABLE_HYDRAULICALLY_UNVALIDATED
C_26781,20.644018173217773,1.0578593015670776,0.867303192615509,0,0,2005-07-26T05:00:00,ENGINE_EXECUTABLE_HYDRAULICALLY_UNVALIDATED
C_26782,20.042308807373047,0.9329231977462769,0.9549078941345215,0,0,2005-07-26T05:00:00,ENGINE_EXECUTABLE_HYDRAULICALLY_UNVALIDATED
C_26783,20.250349044799805,0.9531580209732056,0.9441407322883606,0,0,2005-07-26T05:00:00,ENGINE_EXECUTABLE_HYDRAULICALLY_UNVALIDATED
C_26784,20.420366287231445,0.9744660258293152,0.9312493205070496,0,0,2005-07-26T05:00:00,ENGINE_EXECUTABLE_HYDRAULICALLY_UNVALIDATED
C_26785,20.463550567626953,0.9918334484100342,0.9168776273727417,0,0,2005-07-26T05:00:00,ENGINE_EXECUTABLE_HYDRAULICALLY_UNVALIDATED
C_26786,20.02956771850586,0.9183484315872192,0.9697229862213135,0,0,2005-07-26T04:15:00,ENGINE_EXECUTABLE_HYDRAULICALLY_UNVALIDATED
C_26787,19.710237503051758,0.8957431316375732,0.977861762046814,0,0,2005-07-26T06:00:00,ENGINE_EXECUTABLE_HYDRAULICALLY_UNVALIDATED
C_26788,19.447996139526367,0.8871852159500122,0.9741586446762085,0,0,2005-07-26T06:00:00,ENGINE_EXECUTABLE_HYDRAULICALLY_UNVALIDATED
C_26789,19.025808334350586,0.8726571798324585,0.9688767790794373,0,0,2005-07-26T06:00:00,ENGINE_EXECUTABLE_HYDRAULICALLY_UNVALIDATED
C_26790,18.668121337890625,0.8614267706871033,0.9631147384643555,0,0,2005-07-26T06:00:00,ENGINE_EXECUTABLE_HYDRAULICALLY_UNVALIDATED
C_26793,18.75169563293457,0.8698282241821289,0.9581325650215149,0,0,2005-07-26T05:30:00,ENGINE_EXECUTABLE_HYDRAULICALLY_UNVALIDATED
C_26794,18.661251068115234,0.869949221611023,0.9532700777053833,0,0,2005-07-26T05:30:00,ENGINE_EXECUTABLE_HYDRAULICALLY_UNVALIDATED
C_26795,18.42496681213379,0.8636493682861328,0.9480655789375305,0,0,2005-07-26T05:45:00,ENGINE_EXECUTABLE_HYDRAULICALLY_UNVALIDATED
C_26796,18.31807518005371,0.8627220392227173,0.9435785412788391,0,0,2005-07-26T05:45:00,ENGINE_EXECUTABLE_HYDRAULICALLY_UNVALIDATED
C_26799,18.10847282409668,0.8582481145858765,0.9378730654716492,0,0,2005-07-26T05:45:00,ENGINE_EXECUTABLE_HYDRAULICALLY_UNVALIDATED
C_26800,18.123676300048828,0.8631747961044312,0.9330751895904541,0,0,2005-07-26T04:15:00,ENGINE_EXECUTABLE_HYDRAULICALLY_UNVALIDATED
C_26801,18.121152877807617,0.8671579360961914,0.9287947416305542,0,0,2005-07-26T04:30:00,ENGINE_EXECUTABLE_HYDRAULICALLY_UNVALIDATED
C_26802,18.08401107788086,0.869651198387146,0.9242396354675293,0,0,2005-07-26T04:30:00,ENGINE_EXECUTABLE_HYDRAULICALLY_UNVALIDATED
C_26803,18.07575225830078,0.8738990426063538,0.9204404950141907,0,0,2005-07-26T03:45:00,ENGINE_EXECUTABLE_HYDRAULICALLY_UNVALIDATED
C_26804,3.664665460586548,1.0298346281051636,0.68425053358078,0,0,2005-07-26T05:45:00,ENGINE_EXECUTABLE_HYDRAULICALLY_UNVALIDATED
C_26805,3.326014280319214,0.8608719110488892,0.7429060339927673,0,0,2005-07-26T05:45:00,ENGINE_EXECUTABLE_HYDRAULICALLY_UNVALIDATED
C_26806,3.5282866954803467,0.9352805614471436,0.7253878116607666,0,0,2005-07-26T05:45:00,ENGINE_EXECUTABLE_HYDRAULICALLY_UNVALIDATED
C_26807,2.9261763095855713,0.7468118071556091,0.7534207701683044,0,0,2005-07-26T06:00:00,ENGINE_EXECUTABLE_HYDRAULICALLY_UNVALIDATED
C_26808,3.195375442504883,0.8181012272834778,0.7510401010513306,0,0,2005-07-26T06:00:00,ENGINE_EXECUTABLE_HYDRAULICALLY_UNVALIDATED
C_26809,0.9360365867614746,0.3996720016002655,0.8022675514221191,0,0,2005-07-26T05:00:00,ENGINE_EXECUTABLE_HYDRAULICALLY_UNVALIDATED
C_26810,0.9289125800132751,0.5409435033798218,0.7064524292945862,0,0,2005-07-26T05:00:00,ENGINE_EXECUTABLE_HYDRAULICALLY_UNVALIDATED
C_26811,18.060556411743164,0.8744140863418579,0.9181351065635681,0,0,2005-07-26T04:45:00,ENGINE_EXECUTABLE_HYDRAULICALLY_UNVALIDATED
C_26812,18.0729923248291,0.8790287971496582,0.9136841893196106,0,0,2005-07-26T04:45:00,ENGINE_EXECUTABLE_HYDRAULICALLY_UNVALIDATED
C_26813,3.7291815280914307,1.5241997241973877,0.4704570174217224,0,0,2005-07-26T05:45:00,ENGINE_EXECUTABLE_HYDRAULICALLY_UNVALIDATED
C_26814,18.12379264831543,0.8906754851341248,0.9063637256622314,0,0,2005-07-26T03:45:00,ENGINE_EXECUTABLE_HYDRAULICALLY_UNVALIDATED
C_26815,18.09421157836914,1.325596570968628,0.9114205241203308,0,0,2005-07-26T05:30:00,ENGINE_EXECUTABLE_HYDRAULICALLY_UNVALIDATED
C_26816,13.689554214477539,1.0028327703475952,0.9228355288505554,0,0,2005-07-26T05:45:00,ENGINE_EXECUTABLE_HYDRAULICALLY_UNVALIDATED
C_26817,0.931048572063446,0.2820667326450348,0.916467547416687,0,0,2005-07-26T05:00:00,ENGINE_EXECUTABLE_HYDRAULICALLY_UNVALIDATED
C_26818,13.389735221862793,0.9912171959877014,0.9305880665779114,0,0,2005-07-26T05:15:00,ENGINE_EXECUTABLE_HYDRAULICALLY_UNVALIDATED
C_26819,3.7291815280914307,1.1736314296722412,0.6109843850135803,0,0,2005-07-26T05:45:00,ENGINE_EXECUTABLE_HYDRAULICALLY_UNVALIDATED
C_26858,2.4752533435821533,0.6359712481498718,0.7483943104743958,0,0,2005-07-26T05:45:00,ENGINE_EXECUTABLE_HYDRAULICALLY_UNVALIDATED
C_26859,1.5501043796539307,1.8493211269378662,0.12893977761268616,0,0,2005-07-26T05:30:00,ENGINE_EXECUTABLE_HYDRAULICALLY_UNVALIDATED
C_26860,1.6178345680236816,1.5306552648544312,0.16270579397678375,0,0,2005-07-26T05:30:00,ENGINE_EXECUTABLE_HYDRAULICALLY_UNVALIDATED
C_26861,0.0005563895101659,0.0017879109364002943,0.04003990441560745,0,0,2005-07-26T02:30:00,ENGINE_EXECUTABLE_HYDRAULICALLY_UNVALIDATED
C_26862,0.3417506814002991,0.33909472823143005,0.10077202320098877,0,0,2005-07-26T06:00:00,ENGINE_EXECUTABLE_HYDRAULICALLY_UNVALIDATED
C_26863,0.0,0.0,3.0479999622912146e-05,0,0,2005-07-26T00:15:00,ENGINE_EXECUTABLE_HYDRAULICALLY_UNVALIDATED
C_26864,0.5293290019035339,0.5620222687721252,0.09417243301868439,0,0,2005-07-26T06:00:00,ENGINE_EXECUTABLE_HYDRAULICALLY_UNVALIDATED
C_26887,0.0,0.0,3.0479999622912146e-05,0,0,2005-07-26T00:15:00,ENGINE_EXECUTABLE_HYDRAULICALLY_UNVALIDATED
C_26888,0.0,0.0,3.0479999622912146e-05,0,0,2005-07-26T00:15:00,ENGINE_EXECUTABLE_HYDRAULICALLY_UNVALIDATED
C_26889,0.0,0.0,3.0479999622912146e-05,0,0,2005-07-26T00:15:00,ENGINE_EXECUTABLE_HYDRAULICALLY_UNVALIDATED
C_26890,0.0,0.0,3.0479999622912146e-05,0,0,2005-07-26T00:15:00,ENGINE_EXECUTABLE_HYDRAULICALLY_UNVALIDATED
C_26903,1.021303415298462,0.8130312561988831,0.41867589950561523,0,0,2005-07-26T05:15:00,ENGINE_EXECUTABLE_HYDRAULICALLY_UNVALIDATED
C_26904,1.0905030965805054,0.8474070429801941,0.4289090931415558,0,0,2005-07-26T05:15:00,ENGINE_EXECUTABLE_HYDRAULICALLY_UNVALIDATED
C_26905,1.159955382347107,0.8751274347305298,0.4417741894721985,0,0,2005-07-26T05:30:00,ENGINE_EXECUTABLE_HYDRAULICALLY_UNVALIDATED
C_26909,1.2983776330947876,0.9534094929695129,0.453891396522522,0,0,2005-07-26T05:30:00,ENGINE_EXECUTABLE_HYDRAULICALLY_UNVALIDATED
C_26910,1.367485523223877,0.9840046167373657,0.4631866216659546,0,0,2005-07-26T05:30:00,ENGINE_EXECUTABLE_HYDRAULICALLY_UNVALIDATED
C_26911,1.4368114471435547,1.0155348777770996,0.47155824303627014,0,0,2005-07-26T05:30:00,ENGINE_EXECUTABLE_HYDRAULICALLY_UNVALIDATED
C_26912,1.5039677619934082,1.0449446439743042,0.4797065556049347,0,0,2005-07-26T06:00:00,ENGINE_EXECUTABLE_HYDRAULICALLY_UNVALIDATED
C_26913,1.5039678812026978,1.0239278078079224,0.48955294489860535,0,0,2005-07-26T06:00:00,ENGINE_EXECUTABLE_HYDRAULICALLY_UNVALIDATED
C_26914,3.124476909637451,1.9033668041229248,0.4103424847126007,0,0,2005-07-26T05:45:00,ENGINE_EXECUTABLE_HYDRAULICALLY_UNVALIDATED
C_26915,3.0658159255981445,1.6937860250473022,0.45247116684913635,0,0,2005-07-26T05:45:00,ENGINE_EXECUTABLE_HYDRAULICALLY_UNVALIDATED
C_26916,3.0658159255981445,1.5797178745269775,0.48513007164001465,0,0,2005-07-26T05:45:00,ENGINE_EXECUTABLE_HYDRAULICALLY_UNVALIDATED
C_26919,3.0658156871795654,1.550105094909668,0.4943978488445282,0,0,2005-07-26T05:45:00,ENGINE_EXECUTABLE_HYDRAULICALLY_UNVALIDATED
C_26920,1.496069312095642,1.013607144355774,0.47668638825416565,0,0,2005-07-26T05:45:00,ENGINE_EXECUTABLE_HYDRAULICALLY_UNVALIDATED
C_26921,1.496069312095642,1.1223493814468384,0.43050116300582886,0,0,2005-07-26T05:15:00,ENGINE_EXECUTABLE_HYDRAULICALLY_UNVALIDATED
C_26922,1.4339642524719238,1.1995548009872437,0.3860725462436676,0,0,2005-07-26T05:15:00,ENGINE_EXECUTABLE_HYDRAULICALLY_UNVALIDATED
C_26923,3.0658159255981445,1.5589685440063477,0.49158695340156555,0,0,2005-07-26T05:45:00,ENGINE_EXECUTABLE_HYDRAULICALLY_UNVALIDATED
C_26924,0.8941589593887329,0.5812053680419922,0.5380716919898987,0,0,2005-07-26T05:45:00,ENGINE_EXECUTABLE_HYDRAULICALLY_UNVALIDATED
C_26925,0.9623603224754333,0.6132331490516663,0.5398675799369812,0,0,2005-07-26T05:45:00,ENGINE_EXECUTABLE_HYDRAULICALLY_UNVALIDATED
C_26926,1.4339643716812134,1.2605210542678833,0.36739984154701233,0,0,2005-07-26T05:15:00,ENGINE_EXECUTABLE_HYDRAULICALLY_UNVALIDATED
C_26927,1.4339643716812134,1.2675371170043945,0.36536622047424316,0,0,2005-07-26T05:15:00,ENGINE_EXECUTABLE_HYDRAULICALLY_UNVALIDATED
C_26928,1.3657748699188232,1.3705360889434814,0.3321383595466614,0,0,2005-07-26T05:15:00,ENGINE_EXECUTABLE_HYDRAULICALLY_UNVALIDATED
C_26929,1.2965524196624756,1.4898971319198608,0.2900441884994507,0,0,2005-07-26T05:15:00,ENGINE_EXECUTABLE_HYDRAULICALLY_UNVALIDATED
C_26930,1.2275594472885132,1.3803943395614624,0.30545610189437866,0,0,2005-07-26T05:15:00,ENGINE_EXECUTABLE_HYDRAULICALLY_UNVALIDATED
C_26931,0.0,0.0,3.0479999622912146e-05,0,0,2005-07-26T00:15:00,ENGINE_EXECUTABLE_HYDRAULICALLY_UNVALIDATED
C_26932,0.0,0.0,3.0479999622912146e-05,0,0,2005-07-26T00:15:00,ENGINE_EXECUTABLE_HYDRAULICALLY_UNVALIDATED
C_26933,0.0,0.0,3.0479999622912146e-05,0,0,2005-07-26T00:15:00,ENGINE_EXECUTABLE_HYDRAULICALLY_UNVALIDATED
C_26934,0.0,0.0,3.0479999622912146e-05,0,0,2005-07-26T00:15:00,ENGINE_EXECUTABLE_HYDRAULICALLY_UNVALIDATED
C_26938,0.0,0.0,3.0479999622912146e-05,0,0,2005-07-26T00:15:00,ENGINE_EXECUTABLE_HYDRAULICALLY_UNVALIDATED
C_26939,0.0,0.0,3.0479999622912146e-05,0,0,2005-07-26T00:15:00,ENGINE_EXECUTABLE_HYDRAULICALLY_UNVALIDATED
C_26940,0.0,0.0,3.0479999622912146e-05,0,0,2005-07-26T00:15:00,ENGINE_EXECUTABLE_HYDRAULICALLY_UNVALIDATED
C_26941,0.0,0.0,3.0479999622912146e-05,0,0,2005-07-26T00:15:00,ENGINE_EXECUTABLE_HYDRAULICALLY_UNVALIDATED
C_26944,0.0,0.0,3.0479999622912146e-05,0,0,2005-07-26T00:15:00,ENGINE_EXECUTABLE_HYDRAULICALLY_UNVALIDATED
C_26945,0.0,0.0,3.0479999622912146e-05,0,0,2005-07-26T00:15:00,ENGINE_EXECUTABLE_HYDRAULICALLY_UNVALIDATED
C_26946,0.0,0.0,3.0479999622912146e-05,0,0,2005-07-26T00:15:00,ENGINE_EXECUTABLE_HYDRAULICALLY_UNVALIDATED
C_26947,0.0,0.0,3.0479999622912146e-05,0,0,2005-07-26T00:15:00,ENGINE_EXECUTABLE_HYDRAULICALLY_UNVALIDATED
C_26951,0.0,0.0,3.0479999622912146e-05,0,0,2005-07-26T00:15:00,ENGINE_EXECUTABLE_HYDRAULICALLY_UNVALIDATED
C_26952,0.0,0.0,3.0479999622912146e-05,0,0,2005-07-26T00:15:00,ENGINE_EXECUTABLE_HYDRAULICALLY_UNVALIDATED
C_26953,0.0,0.0,3.0479999622912146e-05,0,0,2005-07-26T00:15:00,ENGINE_EXECUTABLE_HYDRAULICALLY_UNVALIDATED
C_26972,6.567386150360107,2.5063281059265137,0.2015429586172104,0,0,2005-07-26T05:45:00,ENGINE_EXECUTABLE_HYDRAULICALLY_UNVALIDATED
C_26973,6.56735372543335,2.8015353679656982,0.1803072839975357,0,0,2005-07-26T05:00:00,ENGINE_EXECUTABLE_HYDRAULICALLY_UNVALIDATED
C_26974,6.509946346282959,2.4025015830993652,0.2084137201309204,0,0,2005-07-26T04:15:00,ENGINE_EXECUTABLE_HYDRAULICALLY_UNVALIDATED
C_26975,3.7783148288726807,2.4751529693603516,0.5087758302688599,0,0,2005-07-26T06:00:00,ENGINE_EXECUTABLE_HYDRAULICALLY_UNVALIDATED
C_26976,3.5133631229400635,2.334639310836792,0.5015724301338196,0,0,2005-07-26T06:00:00,ENGINE_EXECUTABLE_HYDRAULICALLY_UNVALIDATED
C_26977,6.393243789672852,1.935279369354248,0.25408902764320374,0,0,2005-07-26T04:45:00,ENGINE_EXECUTABLE_HYDRAULICALLY_UNVALIDATED
C_26978,6.3247456550598145,1.9009703397750854,0.2559034526348114,0,0,2005-07-26T06:00:00,ENGINE_EXECUTABLE_HYDRAULICALLY_UNVALIDATED
C_26979,6.262066841125488,3.507108688354492,0.3570673167705536,0,0,2005-07-26T03:45:00,ENGINE_EXECUTABLE_HYDRAULICALLY_UNVALIDATED
C_26991,0.0,0.0,3.0479999622912146e-05,0,0,2005-07-26T00:15:00,ENGINE_EXECUTABLE_HYDRAULICALLY_UNVALIDATED
C_26992,0.0,0.0,3.0479999622912146e-05,0,0,2005-07-26T00:15:00,ENGINE_EXECUTABLE_HYDRAULICALLY_UNVALIDATED
C_26993,0.0,0.0,3.0479999622912146e-05,0,0,2005-07-26T00:15:00,ENGINE_EXECUTABLE_HYDRAULICALLY_UNVALIDATED
C_26994,0.0,0.0,3.0479999622912146e-05,0,0,2005-07-26T00:15:00,ENGINE_EXECUTABLE_HYDRAULICALLY_UNVALIDATED
C_26995,0.0,0.0,3.0479999622912146e-05,0,0,2005-07-26T00:15:00,ENGINE_EXECUTABLE_HYDRAULICALLY_UNVALIDATED
C_26996,0.0,0.0,3.0479999622912146e-05,0,0,2005-07-26T00:15:00,ENGINE_EXECUTABLE_HYDRAULICALLY_UNVALIDATED
C_26997,0.0,0.0,3.0479999622912146e-05,0,0,2005-07-26T00:15:00,ENGINE_EXECUTABLE_HYDRAULICALLY_UNVALIDATED
C_26998,0.0,0.0,3.0479999622912146e-05,0,0,2005-07-26T00:15:00,ENGINE_EXECUTABLE_HYDRAULICALLY_UNVALIDATED
C_26999,0.0,0.0,3.0479999622912146e-05,0,0,2005-07-26T00:15:00,ENGINE_EXECUTABLE_HYDRAULICALLY_UNVALIDATED
C_27000,0.0,0.0,3.0479999622912146e-05,0,0,2005-07-26T00:15:00,ENGINE_EXECUTABLE_HYDRAULICALLY_UNVALIDATED
C_27001,0.0,0.0,3.0479999622912146e-05,0,0,2005-07-26T00:15:00,ENGINE_EXECUTABLE_HYDRAULICALLY_UNVALIDATED
C_27002,0.0,0.0,3.0479999622912146e-05,0,0,2005-07-26T00:15:00,ENGINE_EXECUTABLE_HYDRAULICALLY_UNVALIDATED
C_27003,0.0,0.0,3.0479999622912146e-05,0,0,2005-07-26T00:15:00,ENGINE_EXECUTABLE_HYDRAULICALLY_UNVALIDATED
C_27004,0.0,0.0,3.0479999622912146e-05,0,0,2005-07-26T00:15:00,ENGINE_EXECUTABLE_HYDRAULICALLY_UNVALIDATED
C_27005,0.0,0.0,3.0479999622912146e-05,0,0,2005-07-26T00:15:00,ENGINE_EXECUTABLE_HYDRAULICALLY_UNVALIDATED
C_27006,0.0,0.0,3.0479999622912146e-05,0,0,2005-07-26T00:15:00,ENGINE_EXECUTABLE_HYDRAULICALLY_UNVALIDATED
C_27007,0.0,0.0,3.0479999622912146e-05,0,0,2005-07-26T00:15:00,ENGINE_EXECUTABLE_HYDRAULICALLY_UNVALIDATED
C_27008,0.0,0.0,3.0479999622912146e-05,0,0,2005-07-26T00:15:00,ENGINE_EXECUTABLE_HYDRAULICALLY_UNVALIDATED
C_27009,0.0,0.0,3.0479999622912146e-05,0,0,2005-07-26T00:15:00,ENGINE_EXECUTABLE_HYDRAULICALLY_UNVALIDATED
C_27010,2.5870258808135986,0.6559388637542725,0.19717825949192047,0,0,2005-07-26T03:45:00,ENGINE_EXECUTABLE_HYDRAULICALLY_UNVALIDATED
C_27011,2.5885722637176514,0.6442989110946655,0.20086050033569336,0,0,2005-07-26T03:45:00,ENGINE_EXECUTABLE_HYDRAULICALLY_UNVALIDATED
C_27012,2.5906918048858643,0.6410775184631348,0.2020350992679596,0,0,2005-07-26T03:45:00,ENGINE_EXECUTABLE_HYDRAULICALLY_UNVALIDATED
C_27013,0.0,0.0,3.0479999622912146e-05,0,0,2005-07-26T00:15:00,ENGINE_EXECUTABLE_HYDRAULICALLY_UNVALIDATED
C_27014,0.0,0.0,3.0479999622912146e-05,0,0,2005-07-26T00:15:00,ENGINE_EXECUTABLE_HYDRAULICALLY_UNVALIDATED
C_27015,0.0,0.0,3.0479999622912146e-05,0,0,2005-07-26T00:15:00,ENGINE_EXECUTABLE_HYDRAULICALLY_UNVALIDATED
C_27016,0.0,0.0,3.0479999622912146e-05,0,0,2005-07-26T00:15:00,ENGINE_EXECUTABLE_HYDRAULICALLY_UNVALIDATED
C_27017,2.5931522846221924,0.6421478390693665,0.20188991725444794,0,0,2005-07-26T03:45:00,ENGINE_EXECUTABLE_HYDRAULICALLY_UNVALIDATED
C_27018,2.5930912494659424,0.6422396898269653,0.20185630023479462,0,0,2005-07-26T03:45:00,ENGINE_EXECUTABLE_HYDRAULICALLY_UNVALIDATED
C_27019,2.592527389526367,0.6414937973022461,0.20204704999923706,0,0,2005-07-26T03:45:00,ENGINE_EXECUTABLE_HYDRAULICALLY_UNVALIDATED
C_27020,2.5927109718322754,0.5911695957183838,0.21926215291023254,0,0,2005-07-26T03:45:00,ENGINE_EXECUTABLE_HYDRAULICALLY_UNVALIDATED
C_27021,2.5929133892059326,0.6338021159172058,0.2045295089483261,0,0,2005-07-26T03:45:00,ENGINE_EXECUTABLE_HYDRAULICALLY_UNVALIDATED
C_27022,2.59237003326416,0.5371346473693848,0.2413090318441391,0,0,2005-07-26T03:45:00,ENGINE_EXECUTABLE_HYDRAULICALLY_UNVALIDATED
C_27023,0.0,0.0,3.0479999622912146e-05,0,0,2005-07-26T00:15:00,ENGINE_EXECUTABLE_HYDRAULICALLY_UNVALIDATED
C_27024,0.0,0.0,3.0479999622912146e-05,0,0,2005-07-26T00:15:00,ENGINE_EXECUTABLE_HYDRAULICALLY_UNVALIDATED
C_27025,0.0,0.0,3.0479999622912146e-05,0,0,2005-07-26T00:15:00,ENGINE_EXECUTABLE_HYDRAULICALLY_UNVALIDATED
C_27026,0.0,0.0,3.0479999622912146e-05,0,0,2005-07-26T00:15:00,ENGINE_EXECUTABLE_HYDRAULICALLY_UNVALIDATED
C_27027,0.0,0.0,3.0479999622912146e-05,0,0,2005-07-26T00:15:00,ENGINE_EXECUTABLE_HYDRAULICALLY_UNVALIDATED
C_27028,2.586341381072998,0.8235669732093811,0.15700404345989227,0,0,2005-07-26T04:45:00,ENGINE_EXECUTABLE_HYDRAULICALLY_UNVALIDATED
C_27029,2.586588144302368,0.4477546811103821,0.26258817315101624,0,0,2005-07-26T04:30:00,ENGINE_EXECUTABLE_HYDRAULICALLY_UNVALIDATED
C_27030,2.586846351623535,0.44380077719688416,0.26491856575012207,0,0,2005-07-26T04:30:00,ENGINE_EXECUTABLE_HYDRAULICALLY_UNVALIDATED
C_27031,2.5922696590423584,0.4975675642490387,0.26051026582717896,0,0,2005-07-26T05:45:00,ENGINE_EXECUTABLE_HYDRAULICALLY_UNVALIDATED
C_27032,2.5918657779693604,0.8598374724388123,0.3014031648635864,0,0,2005-07-26T05:45:00,ENGINE_EXECUTABLE_HYDRAULICALLY_UNVALIDATED
C_27033,2.5907275676727295,0.7460054159164429,0.34724417328834534,0,0,2005-07-26T05:45:00,ENGINE_EXECUTABLE_HYDRAULICALLY_UNVALIDATED
C_27034,2.5869991779327393,0.43572190403938293,0.2698459327220917,0,0,2005-07-26T04:30:00,ENGINE_EXECUTABLE_HYDRAULICALLY_UNVALIDATED
C_27035,2.5870556831359863,0.5293353796005249,0.26862961053848267,0,0,2005-07-26T04:30:00,ENGINE_EXECUTABLE_HYDRAULICALLY_UNVALIDATED
C_27036,2.587033748626709,0.44496867060661316,0.26424187421798706,0,0,2005-07-26T04:30:00,ENGINE_EXECUTABLE_HYDRAULICALLY_UNVALIDATED
C_27037,2.5905375480651855,0.7034886479377747,0.36821451783180237,0,0,2005-07-26T05:30:00,ENGINE_EXECUTABLE_HYDRAULICALLY_UNVALIDATED
C_27038,2.5910696983337402,0.6852282285690308,0.3780902624130249,0,0,2005-07-26T05:30:00,ENGINE_EXECUTABLE_HYDRAULICALLY_UNVALIDATED
C_27039,2.591521978378296,0.8154579401016235,0.31776419281959534,0,0,2005-07-26T05:30:00,ENGINE_EXECUTABLE_HYDRAULICALLY_UNVALIDATED
C_27040,2.591393232345581,0.7184463143348694,0.36065390706062317,0,0,2005-07-26T05:30:00,ENGINE_EXECUTABLE_HYDRAULICALLY_UNVALIDATED
C_27041,2.591535806655884,0.9327802658081055,0.27779826521873474,0,0,2005-07-26T05:30:00,ENGINE_EXECUTABLE_HYDRAULICALLY_UNVALIDATED
C_27042,2.5909416675567627,1.000754475593567,0.2588699758052826,0,0,2005-07-26T05:30:00,ENGINE_EXECUTABLE_HYDRAULICALLY_UNVALIDATED
C_27043,2.589939832687378,1.0063223838806152,0.25733813643455505,0,0,2005-07-26T05:30:00,ENGINE_EXECUTABLE_HYDRAULICALLY_UNVALIDATED
C_27044,2.5892322063446045,1.006221890449524,0.2573002576828003,0,0,2005-07-26T05:00:00,ENGINE_EXECUTABLE_HYDRAULICALLY_UNVALIDATED
C_27045,2.586829662322998,0.4540320634841919,0.25894662737846375,0,0,2005-07-26T04:30:00,ENGINE_EXECUTABLE_HYDRAULICALLY_UNVALIDATED
C_27046,2.58669114112854,0.4634450376033783,0.25367361307144165,0,0,2005-07-26T04:30:00,ENGINE_EXECUTABLE_HYDRAULICALLY_UNVALIDATED
C_27047,2.586542844772339,0.4788552522659302,0.2454959899187088,0,0,2005-07-26T04:30:00,ENGINE_EXECUTABLE_HYDRAULICALLY_UNVALIDATED
C_27048,2.58833384513855,0.6478230953216553,0.2663438618183136,0,0,2005-07-26T05:30:00,ENGINE_EXECUTABLE_HYDRAULICALLY_UNVALIDATED
C_27049,2.5874581336975098,0.9014403820037842,0.3189949095249176,0,0,2005-07-26T04:45:00,ENGINE_EXECUTABLE_HYDRAULICALLY_UNVALIDATED
C_27050,2.588069200515747,1.132165551185608,0.42382559180259705,0,0,2005-07-26T04:45:00,ENGINE_EXECUTABLE_HYDRAULICALLY_UNVALIDATED
C_27051,2.588956832885742,0.9014499187469482,0.5087106823921204,0,0,2005-07-26T04:45:00,ENGINE_EXECUTABLE_HYDRAULICALLY_UNVALIDATED
C_27052,2.590144634246826,0.8000361919403076,0.548766553401947,0,0,2005-07-26T04:45:00,ENGINE_EXECUTABLE_HYDRAULICALLY_UNVALIDATED
C_27053,2.586390495300293,0.51078200340271,0.23013754189014435,0,0,2005-07-26T04:30:00,ENGINE_EXECUTABLE_HYDRAULICALLY_UNVALIDATED
C_27054,2.5862741470336914,0.7528025507926941,0.1561429649591446,0,0,2005-07-26T04:30:00,ENGINE_EXECUTABLE_HYDRAULICALLY_UNVALIDATED
C_27055,2.586204767227173,1.0063554048538208,0.1070660874247551,0,0,2005-07-26T04:30:00,ENGINE_EXECUTABLE_HYDRAULICALLY_UNVALIDATED
C_27056,2.591421365737915,0.7303094267845154,0.5766281485557556,0,0,2005-07-26T04:45:00,ENGINE_EXECUTABLE_HYDRAULICALLY_UNVALIDATED
C_27057,2.592477798461914,0.4867974519729614,0.59170001745224,0,0,2005-07-26T04:45:00,ENGINE_EXECUTABLE_HYDRAULICALLY_UNVALIDATED
C_27058,2.586789131164551,0.9188550710678101,0.1279507875442505,0,0,2005-07-26T04:00:00,ENGINE_EXECUTABLE_HYDRAULICALLY_UNVALIDATED
C_27059,2.5862207412719727,0.8647369146347046,0.12460113316774368,0,0,2005-07-26T04:00:00,ENGINE_EXECUTABLE_HYDRAULICALLY_UNVALIDATED
C_27060,2.586362600326538,0.9193227291107178,0.12786461412906647,0,0,2005-07-26T04:00:00,ENGINE_EXECUTABLE_HYDRAULICALLY_UNVALIDATED
C_27061,2.586571455001831,0.9194751977920532,0.12785373628139496,0,0,2005-07-26T04:00:00,ENGINE_EXECUTABLE_HYDRAULICALLY_UNVALIDATED
C_27062,2.58701229095459,0.9119482636451721,0.1289309710264206,0,0,2005-07-26T04:00:00,ENGINE_EXECUTABLE_HYDRAULICALLY_UNVALIDATED
C_27063,2.58734393119812,0.9720996618270874,0.12096850574016571,0,0,2005-07-26T04:00:00,ENGINE_EXECUTABLE_HYDRAULICALLY_UNVALIDATED
C_27064,2.587446689605713,1.020805835723877,0.11520124971866608,0,0,2005-07-26T04:00:00,ENGINE_EXECUTABLE_HYDRAULICALLY_UNVALIDATED
C_27065,2.5876526832580566,1.0206947326660156,0.1152229830622673,0,0,2005-07-26T04:00:00,ENGINE_EXECUTABLE_HYDRAULICALLY_UNVALIDATED
C_27067,2.587862014770508,1.0185961723327637,0.11940441280603409,0,0,2005-07-26T04:00:00,ENGINE_EXECUTABLE_HYDRAULICALLY_UNVALIDATED
C_27068,2.9154109954833984,1.0817344188690186,0.12249209731817245,0,0,2005-07-26T04:00:00,ENGINE_EXECUTABLE_HYDRAULICALLY_UNVALIDATED
C_27075,0.0,0.0,3.0479999622912146e-05,0,0,2005-07-26T00:15:00,ENGINE_EXECUTABLE_HYDRAULICALLY_UNVALIDATED
C_27076,0.0,0.0,3.0479999622912146e-05,0,0,2005-07-26T00:15:00,ENGINE_EXECUTABLE_HYDRAULICALLY_UNVALIDATED
C_27077,0.0,0.0,3.0479999622912146e-05,0,0,2005-07-26T00:15:00,ENGINE_EXECUTABLE_HYDRAULICALLY_UNVALIDATED
C_27078,0.0,0.0,3.0479999622912146e-05,0,0,2005-07-26T00:15:00,ENGINE_EXECUTABLE_HYDRAULICALLY_UNVALIDATED
C_27079,0.0,0.0,3.0479999622912146e-05,0,0,2005-07-26T00:15:00,ENGINE_EXECUTABLE_HYDRAULICALLY_UNVALIDATED
C_27080,0.0,0.0,3.0479999622912146e-05,0,0,2005-07-26T00:15:00,ENGINE_EXECUTABLE_HYDRAULICALLY_UNVALIDATED
C_27081,0.0,0.0,3.0479999622912146e-05,0,0,2005-07-26T00:15:00,ENGINE_EXECUTABLE_HYDRAULICALLY_UNVALIDATED
C_27082,0.0,0.0,3.0479999622912146e-05,0,0,2005-07-26T00:15:00,ENGINE_EXECUTABLE_HYDRAULICALLY_UNVALIDATED
C_27084,0.0,0.0,3.0479999622912146e-05,0,0,2005-07-26T00:15:00,ENGINE_EXECUTABLE_HYDRAULICALLY_UNVALIDATED
C_27089,2.5908846855163574,1.351678729057312,0.21298566460609436,0,0,2005-07-26T03:15:00,ENGINE_EXECUTABLE_HYDRAULICALLY_UNVALIDATED
C_27090,2.5916717052459717,1.131316065788269,0.15690341591835022,0,0,2005-07-26T04:15:00,ENGINE_EXECUTABLE_HYDRAULICALLY_UNVALIDATED
C_27091,2.592150926589966,0.5100452303886414,0.6082459688186646,0,0,2005-07-26T04:15:00,ENGINE_EXECUTABLE_HYDRAULICALLY_UNVALIDATED
C_27092,2.5929741859436035,0.4822981655597687,0.597416341304779,0,0,2005-07-26T04:45:00,ENGINE_EXECUTABLE_HYDRAULICALLY_UNVALIDATED
C_27093,2.5931668281555176,0.4986269474029541,0.6032379269599915,0,0,2005-07-26T04:15:00,ENGINE_EXECUTABLE_HYDRAULICALLY_UNVALIDATED
C_27094,2.590036392211914,0.9924191832542419,0.28997164964675903,0,0,2005-07-26T03:15:00,ENGINE_EXECUTABLE_HYDRAULICALLY_UNVALIDATED
C_27095,2.5889880657196045,0.8820785284042358,0.3260858356952667,0,0,2005-07-26T04:45:00,ENGINE_EXECUTABLE_HYDRAULICALLY_UNVALIDATED
C_27096,2.5897762775421143,0.8605069518089294,0.33436208963394165,0,0,2005-07-26T04:45:00,ENGINE_EXECUTABLE_HYDRAULICALLY_UNVALIDATED
C_27097,2.590806007385254,0.85292649269104,0.33753982186317444,0,0,2005-07-26T04:45:00,ENGINE_EXECUTABLE_HYDRAULICALLY_UNVALIDATED
C_27098,2.6135830879211426,0.9612495303153992,0.5549591183662415,0,0,2005-07-26T05:30:00,ENGINE_EXECUTABLE_HYDRAULICALLY_UNVALIDATED
C_27099,2.6112983226776123,0.9508338570594788,0.5489841103553772,0,0,2005-07-26T03:45:00,ENGINE_EXECUTABLE_HYDRAULICALLY_UNVALIDATED
C_27100,2.6429972648620605,0.9402302503585815,0.5619147419929504,0,0,2005-07-26T03:30:00,ENGINE_EXECUTABLE_HYDRAULICALLY_UNVALIDATED
C_27101,2.624819040298462,0.9256830811500549,0.5595700740814209,0,0,2005-07-26T05:30:00,ENGINE_EXECUTABLE_HYDRAULICALLY_UNVALIDATED
C_27102,2.6271610260009766,0.9472492337226868,0.5641584396362305,0,0,2005-07-26T03:30:00,ENGINE_EXECUTABLE_HYDRAULICALLY_UNVALIDATED
C_27103,2.726053237915039,0.9441712498664856,0.577153742313385,0,0,2005-07-26T05:30:00,ENGINE_EXECUTABLE_HYDRAULICALLY_UNVALIDATED
C_27104,2.651273012161255,0.9303699135780334,0.5716657042503357,0,0,2005-07-26T05:45:00,ENGINE_EXECUTABLE_HYDRAULICALLY_UNVALIDATED
C_27105,2.6540939807891846,0.9296056628227234,0.5707231163978577,0,0,2005-07-26T03:30:00,ENGINE_EXECUTABLE_HYDRAULICALLY_UNVALIDATED
C_27106,2.6292455196380615,0.9281217455863953,0.5669463276863098,0,0,2005-07-26T03:30:00,ENGINE_EXECUTABLE_HYDRAULICALLY_UNVALIDATED
C_27109,2.7712535858154297,0.9527580142021179,0.5823648571968079,0,0,2005-07-26T05:15:00,ENGINE_EXECUTABLE_HYDRAULICALLY_UNVALIDATED
C_27110,2.851660966873169,1.3265953063964844,0.6432309746742249,0,0,2005-07-26T05:45:00,ENGINE_EXECUTABLE_HYDRAULICALLY_UNVALIDATED
C_27111,4.490424156188965,1.1829355955123901,0.6626139879226685,0,0,2005-07-26T06:00:00,ENGINE_EXECUTABLE_HYDRAULICALLY_UNVALIDATED
C_27113,2.595026969909668,0.851592481136322,0.3385471701622009,0,0,2005-07-26T02:45:00,ENGINE_EXECUTABLE_HYDRAULICALLY_UNVALIDATED
C_27114,2.5991733074188232,0.8510112166404724,0.33931970596313477,0,0,2005-07-26T02:45:00,ENGINE_EXECUTABLE_HYDRAULICALLY_UNVALIDATED
C_27115,2.5992848873138428,0.8540642261505127,0.2494337111711502,0,0,2005-07-26T02:45:00,ENGINE_EXECUTABLE_HYDRAULICALLY_UNVALIDATED
C_27116,2.6001930236816406,1.5335654020309448,0.35737892985343933,0,0,2005-07-26T05:15:00,ENGINE_EXECUTABLE_HYDRAULICALLY_UNVALIDATED
C_27117,2.6086723804473877,1.0051645040512085,0.5390486121177673,0,0,2005-07-26T05:15:00,ENGINE_EXECUTABLE_HYDRAULICALLY_UNVALIDATED
C_27118,2.6125690937042236,1.1445939540863037,0.5224988460540771,0,0,2005-07-26T05:15:00,ENGINE_EXECUTABLE_HYDRAULICALLY_UNVALIDATED
C_27119,2.6111598014831543,1.2256799936294556,0.4401114583015442,0,0,2005-07-26T05:15:00,ENGINE_EXECUTABLE_HYDRAULICALLY_UNVALIDATED
C_27120,2.613523244857788,1.1755238771438599,0.49577078223228455,0,0,2005-07-26T05:15:00,ENGINE_EXECUTABLE_HYDRAULICALLY_UNVALIDATED
C_27121,2.9859988689422607,0.8477997183799744,0.6045830249786377,0,0,2005-07-26T05:30:00,ENGINE_EXECUTABLE_HYDRAULICALLY_UNVALIDATED
C_27122,3.3712286949157715,1.049189805984497,0.5700697302818298,0,0,2005-07-26T05:45:00,ENGINE_EXECUTABLE_HYDRAULICALLY_UNVALIDATED
C_27123,5.170904636383057,1.752323031425476,0.4917594790458679,0,0,2005-07-26T03:45:00,ENGINE_EXECUTABLE_HYDRAULICALLY_UNVALIDATED
C_27124,3.6158254146575928,1.2971234321594238,0.5334258079528809,0,0,2005-07-26T05:30:00,ENGINE_EXECUTABLE_HYDRAULICALLY_UNVALIDATED
C_27125,2.629117012023926,1.1465636491775513,0.3906412124633789,0,0,2005-07-26T04:00:00,ENGINE_EXECUTABLE_HYDRAULICALLY_UNVALIDATED
C_27126,2.589967727661133,1.274772047996521,0.3395959138870239,0,0,2005-07-26T06:00:00,ENGINE_EXECUTABLE_HYDRAULICALLY_UNVALIDATED
C_27127,2.5853939056396484,1.2848308086395264,0.3355923891067505,0,0,2005-07-26T05:15:00,ENGINE_EXECUTABLE_HYDRAULICALLY_UNVALIDATED
C_27128,2.5850229263305664,1.3377392292022705,0.3411634862422943,0,0,2005-07-26T05:45:00,ENGINE_EXECUTABLE_HYDRAULICALLY_UNVALIDATED
C_27129,2.5849528312683105,1.1876956224441528,0.33682504296302795,0,0,2005-07-26T06:00:00,ENGINE_EXECUTABLE_HYDRAULICALLY_UNVALIDATED
C_27130,2.5849287509918213,1.5275546312332153,0.3505324721336365,0,0,2005-07-26T05:30:00,ENGINE_EXECUTABLE_HYDRAULICALLY_UNVALIDATED
C_27131,2.5849318504333496,1.47463858127594,0.38949576020240784,0,0,2005-07-26T06:00:00,ENGINE_EXECUTABLE_HYDRAULICALLY_UNVALIDATED
C_27132,2.584930896759033,1.368269681930542,0.3998701572418213,0,0,2005-07-26T05:45:00,ENGINE_EXECUTABLE_HYDRAULICALLY_UNVALIDATED
C_27133,2.5849311351776123,0.9490810632705688,0.35058078169822693,0,0,2005-07-26T06:00:00,ENGINE_EXECUTABLE_HYDRAULICALLY_UNVALIDATED
C_27134,2.5849311351776123,1.3832223415374756,0.32166752219200134,0,0,2005-07-26T06:00:00,ENGINE_EXECUTABLE_HYDRAULICALLY_UNVALIDATED
C_27135,2.4598021507263184,1.3838027715682983,0.39497092366218567,0,0,2005-07-26T05:45:00,ENGINE_EXECUTABLE_HYDRAULICALLY_UNVALIDATED
C_27136,2.4598021507263184,1.3885115385055542,0.3936314880847931,0,0,2005-07-26T05:45:00,ENGINE_EXECUTABLE_HYDRAULICALLY_UNVALIDATED
C_27137,2.4598021507263184,1.496408224105835,0.3652491867542267,0,0,2005-07-26T05:45:00,ENGINE_EXECUTABLE_HYDRAULICALLY_UNVALIDATED
C_27140,2.393793821334839,1.9571646451950073,0.3057391345500946,0,0,2005-07-26T05:45:00,ENGINE_EXECUTABLE_HYDRAULICALLY_UNVALIDATED
C_27141,2.393793821334839,1.7983261346817017,0.2957722544670105,0,0,2005-07-26T05:45:00,ENGINE_EXECUTABLE_HYDRAULICALLY_UNVALIDATED
C_27142,2.393793821334839,1.5344914197921753,0.3466262221336365,0,0,2005-07-26T05:45:00,ENGINE_EXECUTABLE_HYDRAULICALLY_UNVALIDATED
C_27143,2.393793821334839,1.8840577602386475,0.3176026940345764,0,0,2005-07-26T05:45:00,ENGINE_EXECUTABLE_HYDRAULICALLY_UNVALIDATED
C_27144,2.393793821334839,1.8837069272994995,0.317661851644516,0,0,2005-07-26T05:45:00,ENGINE_EXECUTABLE_HYDRAULICALLY_UNVALIDATED
C_27145,2.393793821334839,1.7441405057907104,0.39209282398223877,0,0,2005-07-26T05:45:00,ENGINE_EXECUTABLE_HYDRAULICALLY_UNVALIDATED
C_27146,2.393793821334839,1.8839274644851685,0.31762465834617615,0,0,2005-07-26T05:45:00,ENGINE_EXECUTABLE_HYDRAULICALLY_UNVALIDATED
C_27147,2.4598021507263184,1.3825898170471191,0.3953174352645874,0,0,2005-07-26T05:45:00,ENGINE_EXECUTABLE_HYDRAULICALLY_UNVALIDATED
C_27148,2.4598021507263184,1.381777048110962,0.3955499529838562,0,0,2005-07-26T05:45:00,ENGINE_EXECUTABLE_HYDRAULICALLY_UNVALIDATED
C_27149,2.4598021507263184,1.382454752922058,0.39535605907440186,0,0,2005-07-26T05:45:00,ENGINE_EXECUTABLE_HYDRAULICALLY_UNVALIDATED
C_27150,2.393793821334839,1.3267571926116943,0.5154409408569336,0,0,2005-07-26T05:45:00,ENGINE_EXECUTABLE_HYDRAULICALLY_UNVALIDATED
C_27151,2.393793821334839,1.3921433687210083,0.4912317097187042,0,0,2005-07-26T05:45:00,ENGINE_EXECUTABLE_HYDRAULICALLY_UNVALIDATED
C_27152,2.393793821334839,1.4685359001159668,0.46567806601524353,0,0,2005-07-26T05:45:00,ENGINE_EXECUTABLE_HYDRAULICALLY_UNVALIDATED
C_27153,2.2637288570404053,1.6543339490890503,0.5472841858863831,0,0,2005-07-26T05:45:00,ENGINE_EXECUTABLE_HYDRAULICALLY_UNVALIDATED
C_27154,2.2637288570404053,1.9218645095825195,0.47110021114349365,0,0,2005-07-26T05:45:00,ENGINE_EXECUTABLE_HYDRAULICALLY_UNVALIDATED
C_27155,2.2637288570404053,1.633022427558899,0.5544264316558838,0,0,2005-07-26T05:45:00,ENGINE_EXECUTABLE_HYDRAULICALLY_UNVALIDATED
C_27156,2.2637288570404053,2.4840495586395264,0.4556021988391876,0,0,2005-07-26T05:45:00,ENGINE_EXECUTABLE_HYDRAULICALLY_UNVALIDATED
C_27157,1.8692748546600342,2.001070976257324,0.4670166075229645,0,0,2005-07-26T06:00:00,ENGINE_EXECUTABLE_HYDRAULICALLY_UNVALIDATED
C_27158,2.2637288570404053,2.2809011936187744,0.4961804151535034,0,0,2005-07-26T05:45:00,ENGINE_EXECUTABLE_HYDRAULICALLY_UNVALIDATED
C_27159,1.8692748546600342,2.140491247177124,0.436597615480423,0,0,2005-07-26T06:00:00,ENGINE_EXECUTABLE_HYDRAULICALLY_UNVALIDATED
C_27819,0.0,0.0,3.0479999622912146e-05,0,0,2005-07-26T00:15:00,ENGINE_EXECUTABLE_HYDRAULICALLY_UNVALIDATED
C_27820,0.0,0.0,3.0479999622912146e-05,0,0,2005-07-26T00:15:00,ENGINE_EXECUTABLE_HYDRAULICALLY_UNVALIDATED
C_27821,0.0,0.0,3.0479999622912146e-05,0,0,2005-07-26T00:15:00,ENGINE_EXECUTABLE_HYDRAULICALLY_UNVALIDATED
C_27822,0.0,0.0,3.0479999622912146e-05,0,0,2005-07-26T00:15:00,ENGINE_EXECUTABLE_HYDRAULICALLY_UNVALIDATED
C_27823,0.0,0.0,3.0479999622912146e-05,0,0,2005-07-26T00:15:00,ENGINE_EXECUTABLE_HYDRAULICALLY_UNVALIDATED
C_27824,0.0,0.0,3.0479999622912146e-05,0,0,2005-07-26T00:15:00,ENGINE_EXECUTABLE_HYDRAULICALLY_UNVALIDATED
C_27825,0.0,0.0,3.0479999622912146e-05,0,0,2005-07-26T00:15:00,ENGINE_EXECUTABLE_HYDRAULICALLY_UNVALIDATED
C_27826,0.0,0.0,3.0479999622912146e-05,0,0,2005-07-26T00:15:00,ENGINE_EXECUTABLE_HYDRAULICALLY_UNVALIDATED
C_27827,0.0,0.0,3.0479999622912146e-05,0,0,2005-07-26T00:15:00,ENGINE_EXECUTABLE_HYDRAULICALLY_UNVALIDATED
C_27835,0.0,0.0,3.0479999622912146e-05,0,0,2005-07-26T00:15:00,ENGINE_EXECUTABLE_HYDRAULICALLY_UNVALIDATED
C_27836,0.0,0.0,3.0479999622912146e-05,0,0,2005-07-26T00:15:00,ENGINE_EXECUTABLE_HYDRAULICALLY_UNVALIDATED
C_27837,0.0,0.0,3.0479999622912146e-05,0,0,2005-07-26T00:15:00,ENGINE_EXECUTABLE_HYDRAULICALLY_UNVALIDATED
C_27838,0.0,0.0,3.0479999622912146e-05,0,0,2005-07-26T00:15:00,ENGINE_EXECUTABLE_HYDRAULICALLY_UNVALIDATED
C_27839,0.0,0.0,3.0479999622912146e-05,0,0,2005-07-26T00:15:00,ENGINE_EXECUTABLE_HYDRAULICALLY_UNVALIDATED
C_27840,0.0,0.0,3.0479999622912146e-05,0,0,2005-07-26T00:15:00,ENGINE_EXECUTABLE_HYDRAULICALLY_UNVALIDATED
C_27849,0.0,0.0,3.0479999622912146e-05,0,0,2005-07-26T00:15:00,ENGINE_EXECUTABLE_HYDRAULICALLY_UNVALIDATED
C_27850,0.0,0.0,3.0479999622912146e-05,0,0,2005-07-26T00:15:00,ENGINE_EXECUTABLE_HYDRAULICALLY_UNVALIDATED
C_27851,0.0,0.0,3.0479999622912146e-05,0,0,2005-07-26T00:15:00,ENGINE_EXECUTABLE_HYDRAULICALLY_UNVALIDATED
C_27852,0.0,0.0,3.0479999622912146e-05,0,0,2005-07-26T00:15:00,ENGINE_EXECUTABLE_HYDRAULICALLY_UNVALIDATED
C_27853,0.0,0.0,3.0479999622912146e-05,0,0,2005-07-26T00:15:00,ENGINE_EXECUTABLE_HYDRAULICALLY_UNVALIDATED
C_27854,0.0,0.0,3.0479999622912146e-05,0,0,2005-07-26T00:15:00,ENGINE_EXECUTABLE_HYDRAULICALLY_UNVALIDATED
C_27867,0.0,0.0,3.0479999622912146e-05,0,0,2005-07-26T00:15:00,ENGINE_EXECUTABLE_HYDRAULICALLY_UNVALIDATED
C_27868,0.0,0.0,3.0479999622912146e-05,0,0,2005-07-26T00:15:00,ENGINE_EXECUTABLE_HYDRAULICALLY_UNVALIDATED
C_27869,0.0,0.0,3.0479999622912146e-05,0,0,2005-07-26T00:15:00,ENGINE_EXECUTABLE_HYDRAULICALLY_UNVALIDATED
C_27870,0.0,0.0,3.0479999622912146e-05,0,0,2005-07-26T00:15:00,ENGINE_EXECUTABLE_HYDRAULICALLY_UNVALIDATED
C_27875,0.0,0.0,3.0479999622912146e-05,0,0,2005-07-26T00:15:00,ENGINE_EXECUTABLE_HYDRAULICALLY_UNVALIDATED
C_27876,0.0,0.0,3.0479999622912146e-05,0,0,2005-07-26T00:15:00,ENGINE_EXECUTABLE_HYDRAULICALLY_UNVALIDATED
C_27877,0.0,0.0,3.0479999622912146e-05,0,0,2005-07-26T00:15:00,ENGINE_EXECUTABLE_HYDRAULICALLY_UNVALIDATED
C_27878,0.0,0.0,3.0479999622912146e-05,0,0,2005-07-26T00:15:00,ENGINE_EXECUTABLE_HYDRAULICALLY_UNVALIDATED
C_27879,0.0,0.0,3.0479999622912146e-05,0,0,2005-07-26T00:15:00,ENGINE_EXECUTABLE_HYDRAULICALLY_UNVALIDATED
C_27894,0.0,0.0,3.0479999622912146e-05,0,0,2005-07-26T00:15:00,ENGINE_EXECUTABLE_HYDRAULICALLY_UNVALIDATED
C_27895,0.0,0.0,3.0479999622912146e-05,0,0,2005-07-26T00:15:00,ENGINE_EXECUTABLE_HYDRAULICALLY_UNVALIDATED
C_27896,0.0,0.0,3.0479999622912146e-05,0,0,2005-07-26T00:15:00,ENGINE_EXECUTABLE_HYDRAULICALLY_UNVALIDATED
C_27897,0.0,0.0,3.0479999622912146e-05,0,0,2005-07-26T00:15:00,ENGINE_EXECUTABLE_HYDRAULICALLY_UNVALIDATED
C_27898,23.38532829284668,0.6457775831222534,0.7241727113723755,0,0,2005-07-26T06:00:00,ENGINE_EXECUTABLE_HYDRAULICALLY_UNVALIDATED
C_27899,0.0,0.0,3.0479999622912146e-05,0,0,2005-07-26T00:15:00,ENGINE_EXECUTABLE_HYDRAULICALLY_UNVALIDATED
C_27900,0.0,0.0,3.0479999622912146e-05,0,0,2005-07-26T00:15:00,ENGINE_EXECUTABLE_HYDRAULICALLY_UNVALIDATED
C_27901,23.386615753173828,0.6332906484603882,0.7384922504425049,0,0,2005-07-26T06:00:00,ENGINE_EXECUTABLE_HYDRAULICALLY_UNVALIDATED
C_27902,23.387691497802734,0.6242761015892029,0.7491905093193054,0,0,2005-07-26T06:00:00,ENGINE_EXECUTABLE_HYDRAULICALLY_UNVALIDATED
C_27903,0.0,0.0,3.0479999622912146e-05,0,0,2005-07-26T00:15:00,ENGINE_EXECUTABLE_HYDRAULICALLY_UNVALIDATED
C_27904,0.0,0.0,3.0479999622912146e-05,0,0,2005-07-26T00:15:00,ENGINE_EXECUTABLE_HYDRAULICALLY_UNVALIDATED
C_27905,0.0,0.0,3.0479999622912146e-05,0,0,2005-07-26T00:15:00,ENGINE_EXECUTABLE_HYDRAULICALLY_UNVALIDATED
C_27906,0.0,0.0,3.0479999622912146e-05,0,0,2005-07-26T00:15:00,ENGINE_EXECUTABLE_HYDRAULICALLY_UNVALIDATED
C_27907,0.0,0.0,3.0479999622912146e-05,0,0,2005-07-26T00:15:00,ENGINE_EXECUTABLE_HYDRAULICALLY_UNVALIDATED
C_27908,0.0,0.0,3.0479999622912146e-05,0,0,2005-07-26T00:15:00,ENGINE_EXECUTABLE_HYDRAULICALLY_UNVALIDATED
C_27909,0.0,0.0,3.0479999622912146e-05,0,0,2005-07-26T00:15:00,ENGINE_EXECUTABLE_HYDRAULICALLY_UNVALIDATED
C_27910,0.0,0.0,3.0479999622912146e-05,0,0,2005-07-26T00:15:00,ENGINE_EXECUTABLE_HYDRAULICALLY_UNVALIDATED
C_27911,0.0,0.0,3.0479999622912146e-05,0,0,2005-07-26T00:15:00,ENGINE_EXECUTABLE_HYDRAULICALLY_UNVALIDATED
C_27912,0.0,0.0,3.0479999622912146e-05,0,0,2005-07-26T00:15:00,ENGINE_EXECUTABLE_HYDRAULICALLY_UNVALIDATED
C_27913,0.0,0.0,3.0479999622912146e-05,0,0,2005-07-26T00:15:00,ENGINE_EXECUTABLE_HYDRAULICALLY_UNVALIDATED
C_27914,0.0,0.0,3.0479999622912146e-05,0,0,2005-07-26T00:15:00,ENGINE_EXECUTABLE_HYDRAULICALLY_UNVALIDATED
C_27915,0.0,0.0,3.0479999622912146e-05,0,0,2005-07-26T00:15:00,ENGINE_EXECUTABLE_HYDRAULICALLY_UNVALIDATED
C_27916,0.0,0.0,3.0479999622912146e-05,0,0,2005-07-26T00:15:00,ENGINE_EXECUTABLE_HYDRAULICALLY_UNVALIDATED
C_27917,0.0,0.0,3.0479999622912146e-05,0,0,2005-07-26T00:15:00,ENGINE_EXECUTABLE_HYDRAULICALLY_UNVALIDATED
C_27918,0.0,0.0,3.0479999622912146e-05,0,0,2005-07-26T00:15:00,ENGINE_EXECUTABLE_HYDRAULICALLY_UNVALIDATED
C_27919,0.0,0.0,3.0479999622912146e-05,0,0,2005-07-26T00:15:00,ENGINE_EXECUTABLE_HYDRAULICALLY_UNVALIDATED
C_27920,0.0,0.0,3.0479999622912146e-05,0,0,2005-07-26T00:15:00,ENGINE_EXECUTABLE_HYDRAULICALLY_UNVALIDATED
C_27921,0.0,0.0,3.0479999622912146e-05,0,0,2005-07-26T00:15:00,ENGINE_EXECUTABLE_HYDRAULICALLY_UNVALIDATED
C_27922,0.0,0.0,3.0479999622912146e-05,0,0,2005-07-26T00:15:00,ENGINE_EXECUTABLE_HYDRAULICALLY_UNVALIDATED
C_27923,0.0,0.0,3.0479999622912146e-05,0,0,2005-07-26T00:15:00,ENGINE_EXECUTABLE_HYDRAULICALLY_UNVALIDATED
C_27924,0.0,0.0,3.0479999622912146e-05,0,0,2005-07-26T00:15:00,ENGINE_EXECUTABLE_HYDRAULICALLY_UNVALIDATED
C_27925,0.0,0.0,3.0479999622912146e-05,0,0,2005-07-26T00:15:00,ENGINE_EXECUTABLE_HYDRAULICALLY_UNVALIDATED
C_27926,0.0,0.0,3.0479999622912146e-05,0,0,2005-07-26T00:15:00,ENGINE_EXECUTABLE_HYDRAULICALLY_UNVALIDATED
C_27927,0.0,0.0,3.0479999622912146e-05,0,0,2005-07-26T00:15:00,ENGINE_EXECUTABLE_HYDRAULICALLY_UNVALIDATED
C_27928,0.0,0.0,3.0479999622912146e-05,0,0,2005-07-26T00:15:00,ENGINE_EXECUTABLE_HYDRAULICALLY_UNVALIDATED
C_27929,0.0,0.0,3.0479999622912146e-05,0,0,2005-07-26T00:15:00,ENGINE_EXECUTABLE_HYDRAULICALLY_UNVALIDATED
C_27930,0.0,0.0,3.0479999622912146e-05,0,0,2005-07-26T00:15:00,ENGINE_EXECUTABLE_HYDRAULICALLY_UNVALIDATED
C_27931,0.0,0.0,3.0479999622912146e-05,0,0,2005-07-26T00:15:00,ENGINE_EXECUTABLE_HYDRAULICALLY_UNVALIDATED
C_27932,0.0,0.0,3.0479999622912146e-05,0,0,2005-07-26T00:15:00,ENGINE_EXECUTABLE_HYDRAULICALLY_UNVALIDATED
C_27933,0.0,0.0,3.0479999622912146e-05,0,0,2005-07-26T00:15:00,ENGINE_EXECUTABLE_HYDRAULICALLY_UNVALIDATED
C_27934,0.0,0.0,3.0479999622912146e-05,0,0,2005-07-26T00:15:00,ENGINE_EXECUTABLE_HYDRAULICALLY_UNVALIDATED
C_27935,0.0,0.0,3.0479999622912146e-05,0,0,2005-07-26T00:15:00,ENGINE_EXECUTABLE_HYDRAULICALLY_UNVALIDATED
C_27936,0.0,0.0,3.0479999622912146e-05,0,0,2005-07-26T00:15:00,ENGINE_EXECUTABLE_HYDRAULICALLY_UNVALIDATED
C_27937,0.0,0.0,3.0479999622912146e-05,0,0,2005-07-26T00:15:00,ENGINE_EXECUTABLE_HYDRAULICALLY_UNVALIDATED
C_27938,0.0,0.0,3.0479999622912146e-05,0,0,2005-07-26T00:15:00,ENGINE_EXECUTABLE_HYDRAULICALLY_UNVALIDATED
C_27939,0.0,0.0,3.0479999622912146e-05,0,0,2005-07-26T00:15:00,ENGINE_EXECUTABLE_HYDRAULICALLY_UNVALIDATED
C_27940,0.0,0.0,3.0479999622912146e-05,0,0,2005-07-26T00:15:00,ENGINE_EXECUTABLE_HYDRAULICALLY_UNVALIDATED
C_27941,0.0,0.0,3.0479999622912146e-05,0,0,2005-07-26T00:15:00,ENGINE_EXECUTABLE_HYDRAULICALLY_UNVALIDATED
C_27942,0.0,0.0,3.0479999622912146e-05,0,0,2005-07-26T00:15:00,ENGINE_EXECUTABLE_HYDRAULICALLY_UNVALIDATED
C_27943,0.0,0.0,3.0479999622912146e-05,0,0,2005-07-26T00:15:00,ENGINE_EXECUTABLE_HYDRAULICALLY_UNVALIDATED
C_27944,0.0,0.0,3.0479999622912146e-05,0,0,2005-07-26T00:15:00,ENGINE_EXECUTABLE_HYDRAULICALLY_UNVALIDATED
C_27945,0.0,0.0,3.0479999622912146e-05,0,0,2005-07-26T00:15:00,ENGINE_EXECUTABLE_HYDRAULICALLY_UNVALIDATED
C_27946,0.0,0.0,3.0479999622912146e-05,0,0,2005-07-26T00:15:00,ENGINE_EXECUTABLE_HYDRAULICALLY_UNVALIDATED
C_27947,0.0,0.0,3.0479999622912146e-05,0,0,2005-07-26T00:15:00,ENGINE_EXECUTABLE_HYDRAULICALLY_UNVALIDATED
C_27948,0.0,0.0,3.0479999622912146e-05,0,0,2005-07-26T00:15:00,ENGINE_EXECUTABLE_HYDRAULICALLY_UNVALIDATED
C_27949,0.0,0.0,3.0479999622912146e-05,0,0,2005-07-26T00:15:00,ENGINE_EXECUTABLE_HYDRAULICALLY_UNVALIDATED
C_27950,0.0,0.0,3.0479999622912146e-05,0,0,2005-07-26T00:15:00,ENGINE_EXECUTABLE_HYDRAULICALLY_UNVALIDATED
C_27951,0.0,0.0,3.0479999622912146e-05,0,0,2005-07-26T00:15:00,ENGINE_EXECUTABLE_HYDRAULICALLY_UNVALIDATED
C_27952,0.0,0.0,3.0479999622912146e-05,0,0,2005-07-26T00:15:00,ENGINE_EXECUTABLE_HYDRAULICALLY_UNVALIDATED
C_27953,0.0,0.0,3.0479999622912146e-05,0,0,2005-07-26T00:15:00,ENGINE_EXECUTABLE_HYDRAULICALLY_UNVALIDATED
C_27954,0.0,0.0,3.0479999622912146e-05,0,0,2005-07-26T00:15:00,ENGINE_EXECUTABLE_HYDRAULICALLY_UNVALIDATED
C_27955,0.0,0.0,3.0479999622912146e-05,0,0,2005-07-26T00:15:00,ENGINE_EXECUTABLE_HYDRAULICALLY_UNVALIDATED
C_27956,0.0,0.0,3.0479999622912146e-05,0,0,2005-07-26T00:15:00,ENGINE_EXECUTABLE_HYDRAULICALLY_UNVALIDATED
C_27957,0.0,0.0,3.0479999622912146e-05,0,0,2005-07-26T00:15:00,ENGINE_EXECUTABLE_HYDRAULICALLY_UNVALIDATED
C_27958,0.0,0.0,3.0479999622912146e-05,0,0,2005-07-26T00:15:00,ENGINE_EXECUTABLE_HYDRAULICALLY_UNVALIDATED
C_27959,0.0,0.0,3.0479999622912146e-05,0,0,2005-07-26T00:15:00,ENGINE_EXECUTABLE_HYDRAULICALLY_UNVALIDATED
C_27960,0.0,0.0,3.0479999622912146e-05,0,0,2005-07-26T00:15:00,ENGINE_EXECUTABLE_HYDRAULICALLY_UNVALIDATED
C_27961,0.0,0.0,3.0479999622912146e-05,0,0,2005-07-26T00:15:00,ENGINE_EXECUTABLE_HYDRAULICALLY_UNVALIDATED
C_27962,0.0,0.0,3.0479999622912146e-05,0,0,2005-07-26T00:15:00,ENGINE_EXECUTABLE_HYDRAULICALLY_UNVALIDATED
C_27963,0.0,0.0,3.0479999622912146e-05,0,0,2005-07-26T00:15:00,ENGINE_EXECUTABLE_HYDRAULICALLY_UNVALIDATED
C_27964,0.0,0.0,3.0479999622912146e-05,0,0,2005-07-26T00:15:00,ENGINE_EXECUTABLE_HYDRAULICALLY_UNVALIDATED
C_27965,0.0,0.0,3.0479999622912146e-05,0,0,2005-07-26T00:15:00,ENGINE_EXECUTABLE_HYDRAULICALLY_UNVALIDATED
C_27966,0.0,0.0,3.0479999622912146e-05,0,0,2005-07-26T00:15:00,ENGINE_EXECUTABLE_HYDRAULICALLY_UNVALIDATED
C_27967,0.0,0.0,3.0479999622912146e-05,0,0,2005-07-26T00:15:00,ENGINE_EXECUTABLE_HYDRAULICALLY_UNVALIDATED
C_27968,0.0,0.0,3.0479999622912146e-05,0,0,2005-07-26T00:15:00,ENGINE_EXECUTABLE_HYDRAULICALLY_UNVALIDATED
C_27969,0.0,0.0,3.0479999622912146e-05,0,0,2005-07-26T00:15:00,ENGINE_EXECUTABLE_HYDRAULICALLY_UNVALIDATED
C_27970,0.0,0.0,3.0479999622912146e-05,0,0,2005-07-26T00:15:00,ENGINE_EXECUTABLE_HYDRAULICALLY_UNVALIDATED
C_27971,0.0,0.0,3.0479999622912146e-05,0,0,2005-07-26T00:15:00,ENGINE_EXECUTABLE_HYDRAULICALLY_UNVALIDATED
C_27972,0.0,0.0,3.0479999622912146e-05,0,0,2005-07-26T00:15:00,ENGINE_EXECUTABLE_HYDRAULICALLY_UNVALIDATED
C_27973,0.0,0.0,3.0479999622912146e-05,0,0,2005-07-26T00:15:00,ENGINE_EXECUTABLE_HYDRAULICALLY_UNVALIDATED
C_27974,0.0,0.0,3.0479999622912146e-05,0,0,2005-07-26T00:15:00,ENGINE_EXECUTABLE_HYDRAULICALLY_UNVALIDATED
C_27975,0.0,0.0,3.0479999622912146e-05,0,0,2005-07-26T00:15:00,ENGINE_EXECUTABLE_HYDRAULICALLY_UNVALIDATED
C_27976,0.0,0.0,3.0479999622912146e-05,0,0,2005-07-26T00:15:00,ENGINE_EXECUTABLE_HYDRAULICALLY_UNVALIDATED
C_27977,0.0,0.0,3.0479999622912146e-05,0,0,2005-07-26T00:15:00,ENGINE_EXECUTABLE_HYDRAULICALLY_UNVALIDATED
C_27978,0.0,0.0,3.0479999622912146e-05,0,0,2005-07-26T00:15:00,ENGINE_EXECUTABLE_HYDRAULICALLY_UNVALIDATED
C_27979,0.0,0.0,3.0479999622912146e-05,0,0,2005-07-26T00:15:00,ENGINE_EXECUTABLE_HYDRAULICALLY_UNVALIDATED
C_27980,0.0,0.0,3.0479999622912146e-05,0,0,2005-07-26T00:15:00,ENGINE_EXECUTABLE_HYDRAULICALLY_UNVALIDATED
C_27981,0.0,0.0,3.0479999622912146e-05,0,0,2005-07-26T00:15:00,ENGINE_EXECUTABLE_HYDRAULICALLY_UNVALIDATED
C_27982,0.0,0.0,3.0479999622912146e-05,0,0,2005-07-26T00:15:00,ENGINE_EXECUTABLE_HYDRAULICALLY_UNVALIDATED
C_27983,0.0,0.0,3.0479999622912146e-05,0,0,2005-07-26T00:15:00,ENGINE_EXECUTABLE_HYDRAULICALLY_UNVALIDATED
C_27984,0.0,0.0,3.0479999622912146e-05,0,0,2005-07-26T00:15:00,ENGINE_EXECUTABLE_HYDRAULICALLY_UNVALIDATED
C_27985,0.0,0.0,3.0479999622912146e-05,0,0,2005-07-26T00:15:00,ENGINE_EXECUTABLE_HYDRAULICALLY_UNVALIDATED
C_27986,0.0,0.0,3.0479999622912146e-05,0,0,2005-07-26T00:15:00,ENGINE_EXECUTABLE_HYDRAULICALLY_UNVALIDATED
C_27987,0.0,0.0,3.0479999622912146e-05,0,0,2005-07-26T00:15:00,ENGINE_EXECUTABLE_HYDRAULICALLY_UNVALIDATED
C_27988,0.0,0.0,3.0479999622912146e-05,0,0,2005-07-26T00:15:00,ENGINE_EXECUTABLE_HYDRAULICALLY_UNVALIDATED
C_27989,0.0,0.0,3.0479999622912146e-05,0,0,2005-07-26T00:15:00,ENGINE_EXECUTABLE_HYDRAULICALLY_UNVALIDATED
C_27990,0.0,0.0,3.0479999622912146e-05,0,0,2005-07-26T00:15:00,ENGINE_EXECUTABLE_HYDRAULICALLY_UNVALIDATED
C_27991,0.0,0.0,3.0479999622912146e-05,0,0,2005-07-26T00:15:00,ENGINE_EXECUTABLE_HYDRAULICALLY_UNVALIDATED
C_27992,0.0,0.0,3.0479999622912146e-05,0,0,2005-07-26T00:15:00,ENGINE_EXECUTABLE_HYDRAULICALLY_UNVALIDATED
C_27993,0.0,0.0,3.0479999622912146e-05,0,0,2005-07-26T00:15:00,ENGINE_EXECUTABLE_HYDRAULICALLY_UNVALIDATED
C_27994,0.0,0.0,3.0479999622912146e-05,0,0,2005-07-26T00:15:00,ENGINE_EXECUTABLE_HYDRAULICALLY_UNVALIDATED
C_27995,0.0,0.0,3.0479999622912146e-05,0,0,2005-07-26T00:15:00,ENGINE_EXECUTABLE_HYDRAULICALLY_UNVALIDATED
C_27996,0.0,0.0,3.0479999622912146e-05,0,0,2005-07-26T00:15:00,ENGINE_EXECUTABLE_HYDRAULICALLY_UNVALIDATED
C_27997,0.0,0.0,3.0479999622912146e-05,0,0,2005-07-26T00:15:00,ENGINE_EXECUTABLE_HYDRAULICALLY_UNVALIDATED
C_27998,0.0,0.0,3.0479999622912146e-05,0,0,2005-07-26T00:15:00,ENGINE_EXECUTABLE_HYDRAULICALLY_UNVALIDATED
C_27999,0.0,0.0,3.0479999622912146e-05,0,0,2005-07-26T00:15:00,ENGINE_EXECUTABLE_HYDRAULICALLY_UNVALIDATED
C_28000,0.0,0.0,3.0479999622912146e-05,0,0,2005-07-26T00:15:00,ENGINE_EXECUTABLE_HYDRAULICALLY_UNVALIDATED
C_28001,0.0689929872751236,0.29288938641548157,0.05011354386806488,0,0,2005-07-26T04:45:00,ENGINE_EXECUTABLE_HYDRAULICALLY_UNVALIDATED
C_28002,0.0689929872751236,0.2624320685863495,0.05592961981892586,0,0,2005-07-26T04:45:00,ENGINE_EXECUTABLE_HYDRAULICALLY_UNVALIDATED
C_28003,0.0,0.0,0.017006978392601013,0,0,2005-07-26T00:15:00,ENGINE_EXECUTABLE_HYDRAULICALLY_UNVALIDATED
C_28004,0.0689929872751236,0.3205716013908386,0.048427119851112366,0,0,2005-07-26T04:45:00,ENGINE_EXECUTABLE_HYDRAULICALLY_UNVALIDATED
C_28005,0.0,0.0,3.0479999622912146e-05,0,0,2005-07-26T00:15:00,ENGINE_EXECUTABLE_HYDRAULICALLY_UNVALIDATED
C_28006,0.0,0.0,3.0479999622912146e-05,0,0,2005-07-26T00:15:00,ENGINE_EXECUTABLE_HYDRAULICALLY_UNVALIDATED
C_28007,0.0,0.0,3.0479999622912146e-05,0,0,2005-07-26T00:15:00,ENGINE_EXECUTABLE_HYDRAULICALLY_UNVALIDATED
C_28008,0.0,0.0,3.0479999622912146e-05,0,0,2005-07-26T00:15:00,ENGINE_EXECUTABLE_HYDRAULICALLY_UNVALIDATED
C_28009,0.0,0.0,3.0479999622912146e-05,0,0,2005-07-26T00:15:00,ENGINE_EXECUTABLE_HYDRAULICALLY_UNVALIDATED
C_28010,0.0,0.0,3.0479999622912146e-05,0,0,2005-07-26T00:15:00,ENGINE_EXECUTABLE_HYDRAULICALLY_UNVALIDATED
C_28011,0.0,0.0,3.0479999622912146e-05,0,0,2005-07-26T00:15:00,ENGINE_EXECUTABLE_HYDRAULICALLY_UNVALIDATED
C_28012,0.0,0.0,3.0479999622912146e-05,0,0,2005-07-26T00:15:00,ENGINE_EXECUTABLE_HYDRAULICALLY_UNVALIDATED
C_28013,0.0,0.0,3.0479999622912146e-05,0,0,2005-07-26T00:15:00,ENGINE_EXECUTABLE_HYDRAULICALLY_UNVALIDATED
C_28014,0.0,0.0,3.0479999622912146e-05,0,0,2005-07-26T00:15:00,ENGINE_EXECUTABLE_HYDRAULICALLY_UNVALIDATED
C_28015,0.0,0.0,3.0479999622912146e-05,0,0,2005-07-26T00:15:00,ENGINE_EXECUTABLE_HYDRAULICALLY_UNVALIDATED
C_28016,0.0,0.0,3.0479999622912146e-05,0,0,2005-07-26T00:15:00,ENGINE_EXECUTABLE_HYDRAULICALLY_UNVALIDATED
C_28017,0.0,0.0,3.0479999622912146e-05,0,0,2005-07-26T00:15:00,ENGINE_EXECUTABLE_HYDRAULICALLY_UNVALIDATED
C_28018,0.0,0.0,3.0479999622912146e-05,0,0,2005-07-26T00:15:00,ENGINE_EXECUTABLE_HYDRAULICALLY_UNVALIDATED
C_28019,0.0,0.0,3.0479999622912146e-05,0,0,2005-07-26T00:15:00,ENGINE_EXECUTABLE_HYDRAULICALLY_UNVALIDATED
C_28020,0.0,0.0,3.0479999622912146e-05,0,0,2005-07-26T00:15:00,ENGINE_EXECUTABLE_HYDRAULICALLY_UNVALIDATED
C_28021,0.0,0.0,3.0479999622912146e-05,0,0,2005-07-26T00:15:00,ENGINE_EXECUTABLE_HYDRAULICALLY_UNVALIDATED
C_28022,0.0,0.0,3.0479999622912146e-05,0,0,2005-07-26T00:15:00,ENGINE_EXECUTABLE_HYDRAULICALLY_UNVALIDATED
C_28023,0.0,0.0,3.0479999622912146e-05,0,0,2005-07-26T00:15:00,ENGINE_EXECUTABLE_HYDRAULICALLY_UNVALIDATED
C_28024,0.0,0.0,3.0479999622912146e-05,0,0,2005-07-26T00:15:00,ENGINE_EXECUTABLE_HYDRAULICALLY_UNVALIDATED
C_28025,0.0,0.0,3.0479999622912146e-05,0,0,2005-07-26T00:15:00,ENGINE_EXECUTABLE_HYDRAULICALLY_UNVALIDATED
C_28026,0.0,0.0,3.0479999622912146e-05,0,0,2005-07-26T00:15:00,ENGINE_EXECUTABLE_HYDRAULICALLY_UNVALIDATED
C_28027,0.0,0.0,3.0479999622912146e-05,0,0,2005-07-26T00:15:00,ENGINE_EXECUTABLE_HYDRAULICALLY_UNVALIDATED
C_28028,0.0,0.0,3.0479999622912146e-05,0,0,2005-07-26T00:15:00,ENGINE_EXECUTABLE_HYDRAULICALLY_UNVALIDATED
C_28029,0.0,0.0,3.0479999622912146e-05,0,0,2005-07-26T00:15:00,ENGINE_EXECUTABLE_HYDRAULICALLY_UNVALIDATED
C_28030,0.0,0.0,3.0479999622912146e-05,0,0,2005-07-26T00:15:00,ENGINE_EXECUTABLE_HYDRAULICALLY_UNVALIDATED
C_28031,0.0,0.0,3.0479999622912146e-05,0,0,2005-07-26T00:15:00,ENGINE_EXECUTABLE_HYDRAULICALLY_UNVALIDATED
C_28032,0.0,0.0,3.0479999622912146e-05,0,0,2005-07-26T00:15:00,ENGINE_EXECUTABLE_HYDRAULICALLY_UNVALIDATED
C_28033,0.0,0.0,3.0479999622912146e-05,0,0,2005-07-26T00:15:00,ENGINE_EXECUTABLE_HYDRAULICALLY_UNVALIDATED
C_28034,0.0,0.0,3.0479999622912146e-05,0,0,2005-07-26T00:15:00,ENGINE_EXECUTABLE_HYDRAULICALLY_UNVALIDATED
C_28035,0.0,0.0,3.0479999622912146e-05,0,0,2005-07-26T00:15:00,ENGINE_EXECUTABLE_HYDRAULICALLY_UNVALIDATED
C_28036,0.0,0.0,3.0479999622912146e-05,0,0,2005-07-26T00:15:00,ENGINE_EXECUTABLE_HYDRAULICALLY_UNVALIDATED
C_28037,0.0,0.0,3.0479999622912146e-05,0,0,2005-07-26T00:15:00,ENGINE_EXECUTABLE_HYDRAULICALLY_UNVALIDATED
C_28038,0.0,0.0,3.0479999622912146e-05,0,0,2005-07-26T00:15:00,ENGINE_EXECUTABLE_HYDRAULICALLY_UNVALIDATED
C_28039,0.0,0.0,3.0479999622912146e-05,0,0,2005-07-26T00:15:00,ENGINE_EXECUTABLE_HYDRAULICALLY_UNVALIDATED
C_28040,0.0,0.0,3.0479999622912146e-05,0,0,2005-07-26T00:15:00,ENGINE_EXECUTABLE_HYDRAULICALLY_UNVALIDATED
C_28041,0.0,0.0,3.0479999622912146e-05,0,0,2005-07-26T00:15:00,ENGINE_EXECUTABLE_HYDRAULICALLY_UNVALIDATED
C_28042,0.0,0.0,3.0479999622912146e-05,0,0,2005-07-26T00:15:00,ENGINE_EXECUTABLE_HYDRAULICALLY_UNVALIDATED
C_28043,0.0,0.0,3.0479999622912146e-05,0,0,2005-07-26T00:15:00,ENGINE_EXECUTABLE_HYDRAULICALLY_UNVALIDATED
C_28044,0.0,0.0,3.0479999622912146e-05,0,0,2005-07-26T00:15:00,ENGINE_EXECUTABLE_HYDRAULICALLY_UNVALIDATED
C_28045,0.0,0.0,3.0479999622912146e-05,0,0,2005-07-26T00:15:00,ENGINE_EXECUTABLE_HYDRAULICALLY_UNVALIDATED
C_28046,0.0,0.0,3.0479999622912146e-05,0,0,2005-07-26T00:15:00,ENGINE_EXECUTABLE_HYDRAULICALLY_UNVALIDATED
C_28047,0.0,0.0,3.0479999622912146e-05,0,0,2005-07-26T00:15:00,ENGINE_EXECUTABLE_HYDRAULICALLY_UNVALIDATED
C_28048,0.0,0.0,3.0479999622912146e-05,0,0,2005-07-26T00:15:00,ENGINE_EXECUTABLE_HYDRAULICALLY_UNVALIDATED
C_28049,0.0,0.0,3.0479999622912146e-05,0,0,2005-07-26T00:15:00,ENGINE_EXECUTABLE_HYDRAULICALLY_UNVALIDATED
C_28052,0.2250848263502121,0.2361452281475067,0.22164104878902435,0,0,2005-07-26T06:00:00,ENGINE_EXECUTABLE_HYDRAULICALLY_UNVALIDATED
C_28053,0.602686882019043,0.6754806041717529,0.18973518908023834,0,0,2005-07-26T06:00:00,ENGINE_EXECUTABLE_HYDRAULICALLY_UNVALIDATED
C_28054,0.479280024766922,0.4802624583244324,0.2310357242822647,0,0,2005-07-26T06:00:00,ENGINE_EXECUTABLE_HYDRAULICALLY_UNVALIDATED
C_28055,0.3551843762397766,0.3609406650066376,0.22666260600090027,0,0,2005-07-26T06:00:00,ENGINE_EXECUTABLE_HYDRAULICALLY_UNVALIDATED
C_28056,0.3551843762397766,0.34631022810935974,0.22449880838394165,0,0,2005-07-26T06:00:00,ENGINE_EXECUTABLE_HYDRAULICALLY_UNVALIDATED
C_28057,0.8106508255004883,0.6453555822372437,0.46105194091796875,0,0,2005-07-26T05:30:00,ENGINE_EXECUTABLE_HYDRAULICALLY_UNVALIDATED
C_28058,0.8000993728637695,0.6471708416938782,0.36909693479537964,0,0,2005-07-26T06:00:00,ENGINE_EXECUTABLE_HYDRAULICALLY_UNVALIDATED
C_28059,0.6637588143348694,0.6066332459449768,0.2531716823577881,0,0,2005-07-26T06:00:00,ENGINE_EXECUTABLE_HYDRAULICALLY_UNVALIDATED
C_28060,0.602686882019043,0.9168747663497925,0.1362467110157013,0,0,2005-07-26T06:00:00,ENGINE_EXECUTABLE_HYDRAULICALLY_UNVALIDATED
C_28061,0.880476713180542,0.6008595824241638,0.6101549863815308,0,0,2005-07-26T03:00:00,ENGINE_EXECUTABLE_HYDRAULICALLY_UNVALIDATED
C_28062,13.4772367477417,0.9671902060508728,0.9341052174568176,0,0,2005-07-26T03:45:00,ENGINE_EXECUTABLE_HYDRAULICALLY_UNVALIDATED
C_28063,13.424118995666504,0.9584603309631348,0.9390299916267395,0,0,2005-07-26T04:45:00,ENGINE_EXECUTABLE_HYDRAULICALLY_UNVALIDATED
C_28064,13.357976913452148,0.9523959755897522,0.9410238862037659,0,0,2005-07-26T03:45:00,ENGINE_EXECUTABLE_HYDRAULICALLY_UNVALIDATED
C_28065,0.0,0.0,3.0479999622912146e-05,0,0,2005-07-26T00:15:00,ENGINE_EXECUTABLE_HYDRAULICALLY_UNVALIDATED
C_28066,0.0,0.0,3.0479999622912146e-05,0,0,2005-07-26T00:15:00,ENGINE_EXECUTABLE_HYDRAULICALLY_UNVALIDATED
C_28068,0.0,0.0,3.0479999622912146e-05,0,0,2005-07-26T00:15:00,ENGINE_EXECUTABLE_HYDRAULICALLY_UNVALIDATED
C_28071,0.05281713604927063,0.09941793978214264,0.19895662367343903,0,0,2005-07-26T06:15:00,ENGINE_EXECUTABLE_HYDRAULICALLY_UNVALIDATED
C_28072,0.029935838654637337,0.10092940926551819,0.16201460361480713,0,0,2005-07-26T06:15:00,ENGINE_EXECUTABLE_HYDRAULICALLY_UNVALIDATED
C_28073,0.07326114177703857,0.08011696487665176,0.1201636865735054,0,0,2005-07-26T06:00:00,ENGINE_EXECUTABLE_HYDRAULICALLY_UNVALIDATED
C_28074,0.07326114177703857,0.25737011432647705,0.07115529477596283,0,0,2005-07-26T06:00:00,ENGINE_EXECUTABLE_HYDRAULICALLY_UNVALIDATED
C_28075,0.16573472321033478,0.18454520404338837,0.21755652129650116,0,0,2005-07-26T06:00:00,ENGINE_EXECUTABLE_HYDRAULICALLY_UNVALIDATED
C_28076,0.16573472321033478,0.10144022107124329,0.21495193243026733,0,0,2005-07-26T06:00:00,ENGINE_EXECUTABLE_HYDRAULICALLY_UNVALIDATED
C_28079,0.06419655680656433,0.06599387526512146,0.20982575416564941,0,0,2005-07-26T06:15:00,ENGINE_EXECUTABLE_HYDRAULICALLY_UNVALIDATED
C_28080,13.338696479797363,0.9478027820587158,0.9438295960426331,0,0,2005-07-26T04:45:00,ENGINE_EXECUTABLE_HYDRAULICALLY_UNVALIDATED
C_28081,13.161222457885742,0.9322630167007446,0.9455642104148865,0,0,2005-07-26T04:45:00,ENGINE_EXECUTABLE_HYDRAULICALLY_UNVALIDATED
C_28082,13.071488380432129,0.9223519563674927,0.9469461441040039,0,0,2005-07-26T04:45:00,ENGINE_EXECUTABLE_HYDRAULICALLY_UNVALIDATED
C_28083,12.970026969909668,0.9141170978546143,0.9463192224502563,0,0,2005-07-26T05:45:00,ENGINE_EXECUTABLE_HYDRAULICALLY_UNVALIDATED
C_28084,12.96023941040039,0.9154996275901794,0.9437301754951477,0,0,2005-07-26T05:45:00,ENGINE_EXECUTABLE_HYDRAULICALLY_UNVALIDATED
C_28085,12.872161865234375,0.9138754606246948,0.9422951936721802,0,0,2005-07-26T04:15:00,ENGINE_EXECUTABLE_HYDRAULICALLY_UNVALIDATED
C_28087,0.07013709843158722,0.052416544407606125,1.0730732679367065,0,0,2005-07-26T06:00:00,ENGINE_EXECUTABLE_HYDRAULICALLY_UNVALIDATED
C_28089,0.06445824354887009,0.16721221804618835,1.0425509214401245,0,0,2005-07-26T06:00:00,ENGINE_EXECUTABLE_HYDRAULICALLY_UNVALIDATED
C_28090,12.801640510559082,0.90771484375,0.9428202509880066,0,0,2005-07-26T05:00:00,ENGINE_EXECUTABLE_HYDRAULICALLY_UNVALIDATED
C_28091,12.654509544372559,0.899135947227478,0.9423866271972656,0,0,2005-07-26T05:15:00,ENGINE_EXECUTABLE_HYDRAULICALLY_UNVALIDATED
C_28092,12.534842491149902,0.891005277633667,0.941059410572052,0,0,2005-07-26T05:45:00,ENGINE_EXECUTABLE_HYDRAULICALLY_UNVALIDATED
C_28093,12.551156044006348,0.8929622173309326,0.9369383454322815,0,0,2005-07-26T05:30:00,ENGINE_EXECUTABLE_HYDRAULICALLY_UNVALIDATED
C_28094,12.544146537780762,0.8971048593521118,0.9324758052825928,0,0,2005-07-26T05:30:00,ENGINE_EXECUTABLE_HYDRAULICALLY_UNVALIDATED
C_28095,12.473594665527344,0.8935558199882507,0.9314641952514648,0,0,2005-07-26T05:30:00,ENGINE_EXECUTABLE_HYDRAULICALLY_UNVALIDATED
C_28096,12.378796577453613,0.8891035318374634,0.930999219417572,0,0,2005-07-26T05:30:00,ENGINE_EXECUTABLE_HYDRAULICALLY_UNVALIDATED
C_28099,0.06010110303759575,0.1558818370103836,1.0190989971160889,0,0,2005-07-26T06:00:00,ENGINE_EXECUTABLE_HYDRAULICALLY_UNVALIDATED
C_28100,0.12259541451931,0.0670410543680191,1.0001155138015747,0,0,2005-07-26T06:00:00,ENGINE_EXECUTABLE_HYDRAULICALLY_UNVALIDATED
C_28101,0.11891613155603409,0.06626322120428085,0.9801136255264282,0,0,2005-07-26T06:00:00,ENGINE_EXECUTABLE_HYDRAULICALLY_UNVALIDATED
C_28102,12.242205619812012,0.8806762099266052,0.9295160174369812,0,0,2005-07-26T05:30:00,ENGINE_EXECUTABLE_HYDRAULICALLY_UNVALIDATED
C_28103,12.129615783691406,0.8717839121818542,0.9286348819732666,0,0,2005-07-26T05:30:00,ENGINE_EXECUTABLE_HYDRAULICALLY_UNVALIDATED
C_28104,12.069079399108887,0.8687092661857605,0.9278091788291931,0,0,2005-07-26T05:30:00,ENGINE_EXECUTABLE_HYDRAULICALLY_UNVALIDATED
C_28105,12.012697219848633,0.8708879351615906,0.9208298921585083,0,0,2005-07-26T03:45:00,ENGINE_EXECUTABLE_HYDRAULICALLY_UNVALIDATED
C_28106,11.952451705932617,0.871786892414093,0.9141113758087158,0,0,2005-07-26T03:45:00,ENGINE_EXECUTABLE_HYDRAULICALLY_UNVALIDATED
C_28108,0.11411787569522858,0.06300744414329529,0.9545618295669556,0,0,2005-07-26T06:00:00,ENGINE_EXECUTABLE_HYDRAULICALLY_UNVALIDATED
C_28111,0.10453899949789047,0.06067756190896034,0.9030678868293762,0,0,2005-07-26T06:00:00,ENGINE_EXECUTABLE_HYDRAULICALLY_UNVALIDATED
C_28112,11.82448673248291,0.8632112741470337,0.9139395952224731,0,0,2005-07-26T03:45:00,ENGINE_EXECUTABLE_HYDRAULICALLY_UNVALIDATED
C_28113,11.829432487487793,0.8645439147949219,0.9125654697418213,0,0,2005-07-26T03:45:00,ENGINE_EXECUTABLE_HYDRAULICALLY_UNVALIDATED
C_28114,11.733895301818848,0.8587720990180969,0.910803496837616,0,0,2005-07-26T05:45:00,ENGINE_EXECUTABLE_HYDRAULICALLY_UNVALIDATED
C_28115,11.718452453613281,0.8564164638519287,0.9121066927909851,0,0,2005-07-26T05:45:00,ENGINE_EXECUTABLE_HYDRAULICALLY_UNVALIDATED
C_28120,0.14419080317020416,0.12731127440929413,0.8080152273178101,0,0,2005-07-26T06:00:00,ENGINE_EXECUTABLE_HYDRAULICALLY_UNVALIDATED
C_28122,0.12126601487398148,0.11738273501396179,0.6853634715080261,0,0,2005-07-26T06:00:00,ENGINE_EXECUTABLE_HYDRAULICALLY_UNVALIDATED
C_28125,2.708070755004883,1.0074548721313477,0.5542149543762207,0,0,2005-07-26T02:30:00,ENGINE_EXECUTABLE_HYDRAULICALLY_UNVALIDATED
C_28126,1.8868560791015625,1.3703283071517944,0.22274938225746155,0,0,2005-07-26T04:00:00,ENGINE_EXECUTABLE_HYDRAULICALLY_UNVALIDATED
C_28127,1.957805871963501,1.3183443546295166,0.2359386831521988,0,0,2005-07-26T05:00:00,ENGINE_EXECUTABLE_HYDRAULICALLY_UNVALIDATED
C_28128,2.265042543411255,1.2740933895111084,0.31278881430625916,0,0,2005-07-26T04:45:00,ENGINE_EXECUTABLE_HYDRAULICALLY_UNVALIDATED
C_28129,2.3690555095672607,1.207931399345398,0.4352618157863617,0,0,2005-07-26T02:30:00,ENGINE_EXECUTABLE_HYDRAULICALLY_UNVALIDATED
C_28130,2.695849895477295,0.7458674907684326,0.6724178791046143,0,0,2005-07-26T02:30:00,ENGINE_EXECUTABLE_HYDRAULICALLY_UNVALIDATED
C_28131,2.7389090061187744,1.1166599988937378,0.756020188331604,0,0,2005-07-26T04:30:00,ENGINE_EXECUTABLE_HYDRAULICALLY_UNVALIDATED
C_28132,4.572403907775879,1.0642648935317993,0.7744027376174927,0,0,2005-07-26T06:00:00,ENGINE_EXECUTABLE_HYDRAULICALLY_UNVALIDATED
C_28133,4.2620649337768555,0.5727755427360535,0.8398794531822205,0,0,2005-07-26T04:00:00,ENGINE_EXECUTABLE_HYDRAULICALLY_UNVALIDATED
C_28134,1.9620357751846313,0.3565818667411804,0.776242733001709,0,0,2005-07-26T05:15:00,ENGINE_EXECUTABLE_HYDRAULICALLY_UNVALIDATED
C_28135,2.0955452919006348,0.4058395028114319,0.5337705612182617,0,0,2005-07-26T05:00:00,ENGINE_EXECUTABLE_HYDRAULICALLY_UNVALIDATED
C_28136,2.242366313934326,0.909191906452179,0.5364181995391846,0,0,2005-07-26T03:45:00,ENGINE_EXECUTABLE_HYDRAULICALLY_UNVALIDATED
C_28137,1.773823857307434,0.7566643357276917,0.5212611556053162,0,0,2005-07-26T03:30:00,ENGINE_EXECUTABLE_HYDRAULICALLY_UNVALIDATED
C_28138,3.645721197128296,0.6809336543083191,0.5340089797973633,0,0,2005-07-26T03:15:00,ENGINE_EXECUTABLE_HYDRAULICALLY_UNVALIDATED
C_28139,4.749461650848389,0.9089318513870239,0.9280324578285217,0,0,2005-07-26T06:00:00,ENGINE_EXECUTABLE_HYDRAULICALLY_UNVALIDATED
C_28140,4.838630199432373,0.9311070442199707,0.9289106130599976,0,0,2005-07-26T06:00:00,ENGINE_EXECUTABLE_HYDRAULICALLY_UNVALIDATED
C_28141,2.1217782497406006,0.5070599913597107,0.41814640164375305,0,0,2005-07-26T03:45:00,ENGINE_EXECUTABLE_HYDRAULICALLY_UNVALIDATED
C_28142,4.643252372741699,0.897217333316803,0.9158573746681213,0,0,2005-07-26T06:00:00,ENGINE_EXECUTABLE_HYDRAULICALLY_UNVALIDATED
C_28143,1.8927221298217773,0.7048830389976501,0.41415247321128845,0,0,2005-07-26T04:00:00,ENGINE_EXECUTABLE_HYDRAULICALLY_UNVALIDATED
C_28144,1.907039999961853,0.7203185558319092,0.40804916620254517,0,0,2005-07-26T04:00:00,ENGINE_EXECUTABLE_HYDRAULICALLY_UNVALIDATED
C_28145,4.652981281280518,0.8947675228118896,0.920289158821106,0,0,2005-07-26T06:00:00,ENGINE_EXECUTABLE_HYDRAULICALLY_UNVALIDATED
C_28146,1.8895808458328247,0.49683287739753723,0.40310949087142944,0,0,2005-07-26T04:00:00,ENGINE_EXECUTABLE_HYDRAULICALLY_UNVALIDATED
C_28147,4.698950290679932,0.899916410446167,0.9240635633468628,0,0,2005-07-26T06:00:00,ENGINE_EXECUTABLE_HYDRAULICALLY_UNVALIDATED
C_28148,2.007699966430664,0.5000444054603577,0.40709224343299866,0,0,2005-07-26T03:30:00,ENGINE_EXECUTABLE_HYDRAULICALLY_UNVALIDATED
C_28149,4.72814416885376,0.9032082557678223,0.9264159202575684,0,0,2005-07-26T06:00:00,ENGINE_EXECUTABLE_HYDRAULICALLY_UNVALIDATED
C_28150,2.0170209407806396,0.5025256276130676,0.41289302706718445,0,0,2005-07-26T05:30:00,ENGINE_EXECUTABLE_HYDRAULICALLY_UNVALIDATED
C_28151,2.071397066116333,0.5099184513092041,0.41531291604042053,0,0,2005-07-26T05:30:00,ENGINE_EXECUTABLE_HYDRAULICALLY_UNVALIDATED
C_28152,1.9431358575820923,0.6558648347854614,0.5058265924453735,0,0,2005-07-26T06:00:00,ENGINE_EXECUTABLE_HYDRAULICALLY_UNVALIDATED
C_28153,1.904672384262085,0.6822926998138428,0.48719847202301025,0,0,2005-07-26T06:00:00,ENGINE_EXECUTABLE_HYDRAULICALLY_UNVALIDATED
C_28154,1.8853965997695923,0.922600507736206,0.4691947102546692,0,0,2005-07-26T03:30:00,ENGINE_EXECUTABLE_HYDRAULICALLY_UNVALIDATED
C_28155,1.8845288753509521,0.9427666664123535,0.4444957375526428,0,0,2005-07-26T03:30:00,ENGINE_EXECUTABLE_HYDRAULICALLY_UNVALIDATED
C_28156,1.8845453262329102,0.8327307105064392,0.42763635516166687,0,0,2005-07-26T03:30:00,ENGINE_EXECUTABLE_HYDRAULICALLY_UNVALIDATED
C_28157,3.4124927520751953,0.833284318447113,0.5587283372879028,0,0,2005-07-26T05:30:00,ENGINE_EXECUTABLE_HYDRAULICALLY_UNVALIDATED
C_28158,3.325169563293457,0.772203266620636,0.5896711945533752,0,0,2005-07-26T04:15:00,ENGINE_EXECUTABLE_HYDRAULICALLY_UNVALIDATED
C_28159,3.3024983406066895,0.7447661757469177,0.6112211346626282,0,0,2005-07-26T04:15:00,ENGINE_EXECUTABLE_HYDRAULICALLY_UNVALIDATED
C_28160,3.2331576347351074,0.6770428419113159,0.6237339973449707,0,0,2005-07-26T03:30:00,ENGINE_EXECUTABLE_HYDRAULICALLY_UNVALIDATED
C_28161,3.125281810760498,0.6674872040748596,0.6352261900901794,0,0,2005-07-26T03:30:00,ENGINE_EXECUTABLE_HYDRAULICALLY_UNVALIDATED
C_28162,5.0753068923950195,0.9787619113922119,0.9337538480758667,0,0,2005-07-26T06:00:00,ENGINE_EXECUTABLE_HYDRAULICALLY_UNVALIDATED
C_28163,5.15374755859375,0.996576726436615,0.9331169724464417,0,0,2005-07-26T06:00:00,ENGINE_EXECUTABLE_HYDRAULICALLY_UNVALIDATED
C_28164,5.303369522094727,1.0307642221450806,0.9312953948974609,0,0,2005-07-26T06:00:00,ENGINE_EXECUTABLE_HYDRAULICALLY_UNVALIDATED
C_28165,2.3423690795898438,0.6295008659362793,0.3720579445362091,0,0,2005-07-26T03:45:00,ENGINE_EXECUTABLE_HYDRAULICALLY_UNVALIDATED
C_28166,5.38269567489624,1.0567295551300049,0.9282991886138916,0,0,2005-07-26T06:00:00,ENGINE_EXECUTABLE_HYDRAULICALLY_UNVALIDATED
C_28167,2.3435521125793457,0.6535093188285828,0.35572463274002075,0,0,2005-07-26T03:45:00,ENGINE_EXECUTABLE_HYDRAULICALLY_UNVALIDATED
C_28168,4.859409809112549,0.9377167224884033,0.9308596849441528,0,0,2005-07-26T06:00:00,ENGINE_EXECUTABLE_HYDRAULICALLY_UNVALIDATED
C_28169,4.925614356994629,0.9479060769081116,0.9325246214866638,0,0,2005-07-26T06:00:00,ENGINE_EXECUTABLE_HYDRAULICALLY_UNVALIDATED
C_28170,2.248992919921875,0.5420123338699341,0.4095633924007416,0,0,2005-07-26T03:45:00,ENGINE_EXECUTABLE_HYDRAULICALLY_UNVALIDATED
C_28171,5.06651496887207,0.9752638339996338,0.9334532618522644,0,0,2005-07-26T06:00:00,ENGINE_EXECUTABLE_HYDRAULICALLY_UNVALIDATED
C_28172,2.238050699234009,0.5617300868034363,0.40694814920425415,0,0,2005-07-26T03:45:00,ENGINE_EXECUTABLE_HYDRAULICALLY_UNVALIDATED
C_28173,2.2900640964508057,0.5754187107086182,0.40243300795555115,0,0,2005-07-26T03:45:00,ENGINE_EXECUTABLE_HYDRAULICALLY_UNVALIDATED
C_28174,2.3424594402313232,0.6135887503623962,0.3891144096851349,0,0,2005-07-26T03:45:00,ENGINE_EXECUTABLE_HYDRAULICALLY_UNVALIDATED
C_28175,4.876183986663818,0.9410240054130554,0.9294683337211609,0,0,2005-07-26T06:00:00,ENGINE_EXECUTABLE_HYDRAULICALLY_UNVALIDATED
C_28176,2.1304471492767334,0.5130237340927124,0.41439759731292725,0,0,2005-07-26T03:45:00,ENGINE_EXECUTABLE_HYDRAULICALLY_UNVALIDATED
C_28177,2.190903902053833,0.5206694602966309,0.4100770950317383,0,0,2005-07-26T03:45:00,ENGINE_EXECUTABLE_HYDRAULICALLY_UNVALIDATED
C_28178,3.1520655155181885,0.6146615743637085,0.6501795053482056,0,0,2005-07-26T05:30:00,ENGINE_EXECUTABLE_HYDRAULICALLY_UNVALIDATED
C_28179,3.1549644470214844,0.6238300800323486,0.6686181426048279,0,0,2005-07-26T05:00:00,ENGINE_EXECUTABLE_HYDRAULICALLY_UNVALIDATED
C_28180,3.1023831367492676,0.6152567863464355,0.6880632042884827,0,0,2005-07-26T05:30:00,ENGINE_EXECUTABLE_HYDRAULICALLY_UNVALIDATED
C_28181,3.0276072025299072,0.5948739051818848,0.7001497745513916,0,0,2005-07-26T05:30:00,ENGINE_EXECUTABLE_HYDRAULICALLY_UNVALIDATED
C_28182,5.474575996398926,1.11784827709198,0.9326481223106384,0,0,2005-07-26T06:00:00,ENGINE_EXECUTABLE_HYDRAULICALLY_UNVALIDATED
C_28183,5.545101642608643,1.1814024448394775,0.9269511699676514,0,0,2005-07-26T06:00:00,ENGINE_EXECUTABLE_HYDRAULICALLY_UNVALIDATED
C_28184,2.4781157970428467,0.5508599281311035,0.5862856507301331,0,0,2005-07-26T04:15:00,ENGINE_EXECUTABLE_HYDRAULICALLY_UNVALIDATED
C_28185,5.629507064819336,1.3188111782073975,0.9194020628929138,0,0,2005-07-26T06:00:00,ENGINE_EXECUTABLE_HYDRAULICALLY_UNVALIDATED
C_28186,2.467588186264038,0.38699620962142944,0.7069027423858643,0,0,2005-07-26T03:45:00,ENGINE_EXECUTABLE_HYDRAULICALLY_UNVALIDATED
C_28187,5.64426851272583,1.502728819847107,0.915157675743103,0,0,2005-07-26T06:00:00,ENGINE_EXECUTABLE_HYDRAULICALLY_UNVALIDATED
C_28188,2.4935224056243896,0.2949735224246979,0.8392985463142395,0,0,2005-07-26T05:00:00,ENGINE_EXECUTABLE_HYDRAULICALLY_UNVALIDATED
C_28189,6.283575534820557,0.46001648902893066,0.9105290770530701,0,0,2005-07-26T05:45:00,ENGINE_EXECUTABLE_HYDRAULICALLY_UNVALIDATED
C_28190,5.387056350708008,1.0726500749588013,0.9238595366477966,0,0,2005-07-26T06:00:00,ENGINE_EXECUTABLE_HYDRAULICALLY_UNVALIDATED
C_28191,5.464743614196777,1.1072548627853394,0.9176742434501648,0,0,2005-07-26T06:00:00,ENGINE_EXECUTABLE_HYDRAULICALLY_UNVALIDATED
C_28192,2.404075860977173,0.8955508470535278,0.2797028124332428,0,0,2005-07-26T05:30:00,ENGINE_EXECUTABLE_HYDRAULICALLY_UNVALIDATED
C_28193,5.472877025604248,1.1151278018951416,0.9202762842178345,0,0,2005-07-26T06:00:00,ENGINE_EXECUTABLE_HYDRAULICALLY_UNVALIDATED
C_28194,2.4151806831359863,0.8877322673797607,0.25252556800842285,0,0,2005-07-26T03:45:00,ENGINE_EXECUTABLE_HYDRAULICALLY_UNVALIDATED
C_28195,5.475135803222656,1.1042437553405762,0.9304050803184509,0,0,2005-07-26T06:00:00,ENGINE_EXECUTABLE_HYDRAULICALLY_UNVALIDATED
C_28196,2.406283140182495,0.6793586611747742,0.33766424655914307,0,0,2005-07-26T05:30:00,ENGINE_EXECUTABLE_HYDRAULICALLY_UNVALIDATED
C_28197,2.4794883728027344,0.7367088198661804,0.47540605068206787,0,0,2005-07-26T03:45:00,ENGINE_EXECUTABLE_HYDRAULICALLY_UNVALIDATED
C_28198,2.407592535018921,0.7380076050758362,0.32644540071487427,0,0,2005-07-26T03:45:00,ENGINE_EXECUTABLE_HYDRAULICALLY_UNVALIDATED
C_28199,2.8491103649139404,0.6842163801193237,0.7148886322975159,0,0,2005-07-26T05:30:00,ENGINE_EXECUTABLE_HYDRAULICALLY_UNVALIDATED
C_28200,2.6742966175079346,0.5273245573043823,0.7262389063835144,0,0,2005-07-26T01:45:00,ENGINE_EXECUTABLE_HYDRAULICALLY_UNVALIDATED
C_28201,2.685448408126831,0.504788875579834,0.7298871874809265,0,0,2005-07-26T05:00:00,ENGINE_EXECUTABLE_HYDRAULICALLY_UNVALIDATED
C_28202,2.5946900844573975,0.48547011613845825,0.7387374639511108,0,0,2005-07-26T04:45:00,ENGINE_EXECUTABLE_HYDRAULICALLY_UNVALIDATED
C_28203,2.6017539501190186,0.46799856424331665,0.7434664368629456,0,0,2005-07-26T05:45:00,ENGINE_EXECUTABLE_HYDRAULICALLY_UNVALIDATED
C_28204,3.8551180362701416,0.36895301938056946,0.907745361328125,0,0,2005-07-26T05:45:00,ENGINE_EXECUTABLE_HYDRAULICALLY_UNVALIDATED
C_28205,3.7510342597961426,0.33863040804862976,0.9063469767570496,0,0,2005-07-26T06:00:00,ENGINE_EXECUTABLE_HYDRAULICALLY_UNVALIDATED
C_28206,3.8073043823242188,0.3240422010421753,0.9067143797874451,0,0,2005-07-26T06:00:00,ENGINE_EXECUTABLE_HYDRAULICALLY_UNVALIDATED
C_28207,3.793621301651001,0.32467058300971985,0.9064141511917114,0,0,2005-07-26T06:00:00,ENGINE_EXECUTABLE_HYDRAULICALLY_UNVALIDATED
C_28208,3.6347672939300537,0.3195536732673645,0.9066365957260132,0,0,2005-07-26T04:45:00,ENGINE_EXECUTABLE_HYDRAULICALLY_UNVALIDATED
C_28209,3.659715175628662,0.32401353120803833,0.9065468311309814,0,0,2005-07-26T04:45:00,ENGINE_EXECUTABLE_HYDRAULICALLY_UNVALIDATED
C_28210,3.6559715270996094,0.3262253999710083,0.9078960418701172,0,0,2005-07-26T06:00:00,ENGINE_EXECUTABLE_HYDRAULICALLY_UNVALIDATED
C_28211,3.6298882961273193,0.4110495448112488,0.9096526503562927,0,0,2005-07-26T04:45:00,ENGINE_EXECUTABLE_HYDRAULICALLY_UNVALIDATED
C_28212,0.0,0.0,3.0479999622912146e-05,0,0,2005-07-26T00:15:00,ENGINE_EXECUTABLE_HYDRAULICALLY_UNVALIDATED
C_28213,0.0382985956966877,0.12728945910930634,0.07521112263202667,0,0,2005-07-26T05:45:00,ENGINE_EXECUTABLE_HYDRAULICALLY_UNVALIDATED
C_28214,0.0,0.0,3.0479999622912146e-05,0,0,2005-07-26T00:15:00,ENGINE_EXECUTABLE_HYDRAULICALLY_UNVALIDATED
C_28215,0.026561709120869637,0.08160673826932907,0.08136200904846191,0,0,2005-07-26T05:45:00,ENGINE_EXECUTABLE_HYDRAULICALLY_UNVALIDATED
C_28216,3.495971441268921,0.40904346108436584,0.9127103686332703,0,0,2005-07-26T05:30:00,ENGINE_EXECUTABLE_HYDRAULICALLY_UNVALIDATED
C_28217,3.512979030609131,0.38668185472488403,0.917246401309967,0,0,2005-07-26T04:45:00,ENGINE_EXECUTABLE_HYDRAULICALLY_UNVALIDATED
C_28218,3.2923989295959473,0.37908750772476196,0.9188897609710693,0,0,2005-07-26T04:45:00,ENGINE_EXECUTABLE_HYDRAULICALLY_UNVALIDATED
C_28219,3.23313570022583,0.35213905572891235,0.919297993183136,0,0,2005-07-26T05:45:00,ENGINE_EXECUTABLE_HYDRAULICALLY_UNVALIDATED
C_28220,3.170041561126709,0.31530246138572693,0.9175270795822144,0,0,2005-07-26T05:45:00,ENGINE_EXECUTABLE_HYDRAULICALLY_UNVALIDATED
C_28221,3.112966299057007,0.32264646887779236,0.9183701276779175,0,0,2005-07-26T04:00:00,ENGINE_EXECUTABLE_HYDRAULICALLY_UNVALIDATED
C_28222,0.06416233628988266,0.09704536199569702,0.06611306965351105,0,0,2005-07-26T03:30:00,ENGINE_EXECUTABLE_HYDRAULICALLY_UNVALIDATED
C_28223,0.22583787143230438,0.21241813898086548,0.10630576312541962,0,0,2005-07-26T05:45:00,ENGINE_EXECUTABLE_HYDRAULICALLY_UNVALIDATED
C_28224,0.064175084233284,0.0967758372426033,0.066309854388237,0,0,2005-07-26T03:30:00,ENGINE_EXECUTABLE_HYDRAULICALLY_UNVALIDATED
C_28225,0.22583787143230438,0.21303695440292358,0.10599697381258011,0,0,2005-07-26T05:45:00,ENGINE_EXECUTABLE_HYDRAULICALLY_UNVALIDATED
C_28226,0.06415262073278427,0.09957170486450195,0.06442157924175262,0,0,2005-07-26T04:00:00,ENGINE_EXECUTABLE_HYDRAULICALLY_UNVALIDATED
C_28227,0.22583787143230438,0.24154694378376007,0.09348606318235397,0,0,2005-07-26T05:45:00,ENGINE_EXECUTABLE_HYDRAULICALLY_UNVALIDATED
C_28228,0.1305028647184372,0.2502547800540924,0.0521421916782856,0,0,2005-07-26T04:30:00,ENGINE_EXECUTABLE_HYDRAULICALLY_UNVALIDATED
C_28229,0.22583787143230438,0.335384726524353,0.06732945889234543,0,0,2005-07-26T05:45:00,ENGINE_EXECUTABLE_HYDRAULICALLY_UNVALIDATED
C_28230,0.13050244748592377,0.3147624731063843,0.03188923001289368,0,0,2005-07-26T04:45:00,ENGINE_EXECUTABLE_HYDRAULICALLY_UNVALIDATED
C_28231,0.22583787143230438,0.408901184797287,0.042480215430259705,0,0,2005-07-26T05:45:00,ENGINE_EXECUTABLE_HYDRAULICALLY_UNVALIDATED
C_28232,0.0,0.0,3.0479999622912146e-05,0,0,2005-07-26T00:15:00,ENGINE_EXECUTABLE_HYDRAULICALLY_UNVALIDATED
C_28233,0.09336209297180176,0.38520124554634094,0.060586314648389816,0,0,2005-07-26T05:45:00,ENGINE_EXECUTABLE_HYDRAULICALLY_UNVALIDATED
C_28234,0.0037230770103633404,0.009100544266402721,0.057785045355558395,0,0,2005-07-26T02:00:00,ENGINE_EXECUTABLE_HYDRAULICALLY_UNVALIDATED
C_28235,0.09336209297180176,0.23178783059120178,0.1162160336971283,0,0,2005-07-26T05:45:00,ENGINE_EXECUTABLE_HYDRAULICALLY_UNVALIDATED
C_28236,0.03802640736103058,0.13225632905960083,0.06679175049066544,0,0,2005-07-26T01:45:00,ENGINE_EXECUTABLE_HYDRAULICALLY_UNVALIDATED
C_28237,0.22583787143230438,0.19008076190948486,0.11879830062389374,0,0,2005-07-26T05:45:00,ENGINE_EXECUTABLE_HYDRAULICALLY_UNVALIDATED
C_28238,0.03799513354897499,0.08287671953439713,0.6443942189216614,0,0,2005-07-26T01:45:00,ENGINE_EXECUTABLE_HYDRAULICALLY_UNVALIDATED
C_28239,0.13247577846050262,0.020390797406435013,0.7024611830711365,0,0,2005-07-26T05:45:00,ENGINE_EXECUTABLE_HYDRAULICALLY_UNVALIDATED
C_28240,0.06417956203222275,0.09570411592721939,0.06705344468355179,0,0,2005-07-26T03:30:00,ENGINE_EXECUTABLE_HYDRAULICALLY_UNVALIDATED
C_28241,0.22583787143230438,0.2037344127893448,0.11083681136369705,0,0,2005-07-26T05:45:00,ENGINE_EXECUTABLE_HYDRAULICALLY_UNVALIDATED
C_28242,0.06417257338762283,0.09675689041614532,0.06631647795438766,0,0,2005-07-26T03:45:00,ENGINE_EXECUTABLE_HYDRAULICALLY_UNVALIDATED
C_28243,0.22583787143230438,0.20977847278118134,0.10764341801404953,0,0,2005-07-26T05:45:00,ENGINE_EXECUTABLE_HYDRAULICALLY_UNVALIDATED
C_28244,0.06417091935873032,0.09657913446426392,0.06643832474946976,0,0,2005-07-26T03:45:00,ENGINE_EXECUTABLE_HYDRAULICALLY_UNVALIDATED
C_28245,0.22583787143230438,0.21071666479110718,0.10716415196657181,0,0,2005-07-26T05:45:00,ENGINE_EXECUTABLE_HYDRAULICALLY_UNVALIDATED
C_28246,3.0611624717712402,0.3272133469581604,0.9193018674850464,0,0,2005-07-26T05:45:00,ENGINE_EXECUTABLE_HYDRAULICALLY_UNVALIDATED
C_28247,2.941328763961792,0.30896809697151184,0.9181538224220276,0,0,2005-07-26T06:00:00,ENGINE_EXECUTABLE_HYDRAULICALLY_UNVALIDATED
C_28248,2.8833723068237305,0.22592793405056,0.9174832105636597,0,0,2005-07-26T06:00:00,ENGINE_EXECUTABLE_HYDRAULICALLY_UNVALIDATED
C_28249,2.7654709815979004,0.22275345027446747,0.9163878560066223,0,0,2005-07-26T06:00:00,ENGINE_EXECUTABLE_HYDRAULICALLY_UNVALIDATED
C_28250,2.6095104217529297,0.2951532006263733,0.9153735637664795,0,0,2005-07-26T05:00:00,ENGINE_EXECUTABLE_HYDRAULICALLY_UNVALIDATED
C_28251,2.518977165222168,0.28159603476524353,0.9139391183853149,0,0,2005-07-26T05:15:00,ENGINE_EXECUTABLE_HYDRAULICALLY_UNVALIDATED
C_28252,2.574411153793335,0.30088233947753906,0.9139598608016968,0,0,2005-07-26T04:30:00,ENGINE_EXECUTABLE_HYDRAULICALLY_UNVALIDATED
C_28253,1.2554402351379395,0.11992616206407547,0.9057558178901672,0,0,2005-07-26T03:30:00,ENGINE_EXECUTABLE_HYDRAULICALLY_UNVALIDATED
C_28254,1.257668375968933,0.10818782448768616,0.9070707559585571,0,0,2005-07-26T03:45:00,ENGINE_EXECUTABLE_HYDRAULICALLY_UNVALIDATED
C_28255,1.327248215675354,0.11986078321933746,0.907892644405365,0,0,2005-07-26T03:45:00,ENGINE_EXECUTABLE_HYDRAULICALLY_UNVALIDATED
C_28256,1.332865834236145,0.11437465250492096,0.9090648293495178,0,0,2005-07-26T03:45:00,ENGINE_EXECUTABLE_HYDRAULICALLY_UNVALIDATED
C_28257,1.4471708536148071,0.13787904381752014,0.9109889268875122,0,0,2005-07-26T03:45:00,ENGINE_EXECUTABLE_HYDRAULICALLY_UNVALIDATED
C_28258,1.4465850591659546,0.17688119411468506,0.9121291041374207,0,0,2005-07-26T05:45:00,ENGINE_EXECUTABLE_HYDRAULICALLY_UNVALIDATED
C_28259,1.4610130786895752,0.12302475422620773,0.9143227934837341,0,0,2005-07-26T05:15:00,ENGINE_EXECUTABLE_HYDRAULICALLY_UNVALIDATED
C_28260,1.095038890838623,0.11457903683185577,0.9002372026443481,0,0,2005-07-26T04:00:00,ENGINE_EXECUTABLE_HYDRAULICALLY_UNVALIDATED
C_28261,0.947577178478241,0.11717674136161804,0.8973371386528015,0,0,2005-07-26T03:45:00,ENGINE_EXECUTABLE_HYDRAULICALLY_UNVALIDATED
C_28262,1.220407485961914,0.12444595992565155,0.9036989808082581,0,0,2005-07-26T04:00:00,ENGINE_EXECUTABLE_HYDRAULICALLY_UNVALIDATED
C_28263,0.939401388168335,0.11215808987617493,0.8953022360801697,0,0,2005-07-26T03:45:00,ENGINE_EXECUTABLE_HYDRAULICALLY_UNVALIDATED
C_28264,0.07848333567380905,0.014899921603500843,0.8838850855827332,0,0,2005-07-26T05:45:00,ENGINE_EXECUTABLE_HYDRAULICALLY_UNVALIDATED
C_28265,0.15632939338684082,0.053612787276506424,0.8866862654685974,0,0,2005-07-26T05:00:00,ENGINE_EXECUTABLE_HYDRAULICALLY_UNVALIDATED
C_28266,0.14691689610481262,0.10484865307807922,0.88897705078125,0,0,2005-07-26T05:00:00,ENGINE_EXECUTABLE_HYDRAULICALLY_UNVALIDATED
C_28267,0.9412938952445984,0.2013680636882782,0.8929358124732971,0,0,2005-07-26T04:30:00,ENGINE_EXECUTABLE_HYDRAULICALLY_UNVALIDATED
C_28268,0.9430829286575317,0.18238161504268646,0.8905837535858154,0,0,2005-07-26T03:45:00,ENGINE_EXECUTABLE_HYDRAULICALLY_UNVALIDATED
C_28273,2.4835991859436035,0.2683834433555603,0.9145660996437073,0,0,2005-07-26T04:30:00,ENGINE_EXECUTABLE_HYDRAULICALLY_UNVALIDATED
C_28274,2.529362916946411,0.37735843658447266,0.9133322238922119,0,0,2005-07-26T04:30:00,ENGINE_EXECUTABLE_HYDRAULICALLY_UNVALIDATED
C_28275,2.1676275730133057,0.5302528142929077,0.9147967100143433,0,0,2005-07-26T04:30:00,ENGINE_EXECUTABLE_HYDRAULICALLY_UNVALIDATED
C_28276,2.221449851989746,0.5365815162658691,0.9198986291885376,0,0,2005-07-26T06:00:00,ENGINE_EXECUTABLE_HYDRAULICALLY_UNVALIDATED
C_28277,2.1552717685699463,0.2225702702999115,0.9241889119148254,0,0,2005-07-26T06:00:00,ENGINE_EXECUTABLE_HYDRAULICALLY_UNVALIDATED
C_28278,0.5953637361526489,0.22231143712997437,0.6862884759902954,0,0,2005-07-26T06:30:00,ENGINE_EXECUTABLE_HYDRAULICALLY_UNVALIDATED
C_28279,0.572942316532135,0.12335914373397827,0.6782026886940002,0,0,2005-07-26T06:15:00,ENGINE_EXECUTABLE_HYDRAULICALLY_UNVALIDATED
C_28280,2.1984658241271973,0.2276347130537033,0.9235988259315491,0,0,2005-07-26T04:30:00,ENGINE_EXECUTABLE_HYDRAULICALLY_UNVALIDATED
C_28281,2.1188173294067383,0.22404508292675018,0.9230206608772278,0,0,2005-07-26T05:15:00,ENGINE_EXECUTABLE_HYDRAULICALLY_UNVALIDATED
C_28282,2.0396738052368164,0.21859979629516602,0.9209707379341125,0,0,2005-07-26T04:45:00,ENGINE_EXECUTABLE_HYDRAULICALLY_UNVALIDATED
C_28283,1.4588487148284912,0.12320220470428467,0.917155385017395,0,0,2005-07-26T05:15:00,ENGINE_EXECUTABLE_HYDRAULICALLY_UNVALIDATED
C_28284,1.9876104593276978,0.21536579728126526,0.9198727607727051,0,0,2005-07-26T05:15:00,ENGINE_EXECUTABLE_HYDRAULICALLY_UNVALIDATED
C_28285,1.4640148878097534,0.1234624981880188,0.9184752106666565,0,0,2005-07-26T05:15:00,ENGINE_EXECUTABLE_HYDRAULICALLY_UNVALIDATED
C_28286,0.5339124202728271,0.612234890460968,0.13397221267223358,0,0,2005-07-26T05:45:00,ENGINE_EXECUTABLE_HYDRAULICALLY_UNVALIDATED
C_28287,0.5345203876495361,0.4609788954257965,0.16886262595653534,0,0,2005-07-26T04:00:00,ENGINE_EXECUTABLE_HYDRAULICALLY_UNVALIDATED
C_28288,0.534424901008606,0.4492205083370209,0.17242024838924408,0,0,2005-07-26T04:00:00,ENGINE_EXECUTABLE_HYDRAULICALLY_UNVALIDATED
C_28289,0.5338699221611023,0.45015034079551697,0.17144256830215454,0,0,2005-07-26T04:00:00,ENGINE_EXECUTABLE_HYDRAULICALLY_UNVALIDATED
C_28290,0.5331239104270935,0.41397684812545776,0.18528568744659424,0,0,2005-07-26T05:00:00,ENGINE_EXECUTABLE_HYDRAULICALLY_UNVALIDATED
C_28291,0.4636768400669098,0.3234257698059082,0.2055119127035141,0,0,2005-07-26T04:15:00,ENGINE_EXECUTABLE_HYDRAULICALLY_UNVALIDATED
C_28292,0.8033247590065002,0.7326030135154724,0.4127418100833893,0,0,2005-07-26T05:00:00,ENGINE_EXECUTABLE_HYDRAULICALLY_UNVALIDATED
C_28293,0.7985895276069641,0.754313588142395,0.28141796588897705,0,0,2005-07-26T06:00:00,ENGINE_EXECUTABLE_HYDRAULICALLY_UNVALIDATED
C_28294,0.7352344989776611,0.6091212630271912,0.2605034410953522,0,0,2005-07-26T05:45:00,ENGINE_EXECUTABLE_HYDRAULICALLY_UNVALIDATED
C_28297,0.6660835146903992,0.49132007360458374,0.27886784076690674,0,0,2005-07-26T05:45:00,ENGINE_EXECUTABLE_HYDRAULICALLY_UNVALIDATED
C_28298,0.5495200753211975,0.1322827935218811,0.6710289716720581,0,0,2005-07-26T06:15:00,ENGINE_EXECUTABLE_HYDRAULICALLY_UNVALIDATED
C_28299,0.47120606899261475,0.1390092819929123,0.6641727089881897,0,0,2005-07-26T06:15:00,ENGINE_EXECUTABLE_HYDRAULICALLY_UNVALIDATED
C_28300,0.45712339878082275,0.09461256116628647,0.6564247608184814,0,0,2005-07-26T06:15:00,ENGINE_EXECUTABLE_HYDRAULICALLY_UNVALIDATED
C_28301,0.3673044741153717,0.08370248973369598,0.648348867893219,0,0,2005-07-26T06:15:00,ENGINE_EXECUTABLE_HYDRAULICALLY_UNVALIDATED
C_28302,0.3961736559867859,0.2625022828578949,0.21612441539764404,0,0,2005-07-26T04:15:00,ENGINE_EXECUTABLE_HYDRAULICALLY_UNVALIDATED
C_28303,0.3961569666862488,0.2558443546295166,0.22162611782550812,0,0,2005-07-26T04:15:00,ENGINE_EXECUTABLE_HYDRAULICALLY_UNVALIDATED
C_28304,0.2638944089412689,0.17574404180049896,0.21485674381256104,0,0,2005-07-26T04:15:00,ENGINE_EXECUTABLE_HYDRAULICALLY_UNVALIDATED
C_28305,1.0288389921188354,0.648277997970581,0.5396643877029419,0,0,2005-07-26T05:45:00,ENGINE_EXECUTABLE_HYDRAULICALLY_UNVALIDATED
C_28306,1.0941693782806396,0.6804094910621643,0.5361658930778503,0,0,2005-07-26T05:45:00,ENGINE_EXECUTABLE_HYDRAULICALLY_UNVALIDATED
C_28307,1.1613287925720215,0.4510137140750885,0.5166395306587219,0,0,2005-07-26T03:45:00,ENGINE_EXECUTABLE_HYDRAULICALLY_UNVALIDATED
C_28308,1.1613491773605347,0.7179548144340515,0.5392252206802368,0,0,2005-07-26T03:45:00,ENGINE_EXECUTABLE_HYDRAULICALLY_UNVALIDATED
C_28309,1.2303911447525024,0.7244327068328857,0.5511112213134766,0,0,2005-07-26T03:45:00,ENGINE_EXECUTABLE_HYDRAULICALLY_UNVALIDATED
C_28310,1.227559208869934,1.1999086141586304,0.33040374517440796,0,0,2005-07-26T05:15:00,ENGINE_EXECUTABLE_HYDRAULICALLY_UNVALIDATED
C_28311,1.2275594472885132,1.2006055116653442,0.33021214604377747,0,0,2005-07-26T04:45:00,ENGINE_EXECUTABLE_HYDRAULICALLY_UNVALIDATED
C_28312,1.093027949333191,1.1059490442276,0.31918928027153015,0,0,2005-07-26T05:30:00,ENGINE_EXECUTABLE_HYDRAULICALLY_UNVALIDATED
C_28313,1.0931646823883057,1.1476600170135498,0.30766910314559937,0,0,2005-07-26T06:00:00,ENGINE_EXECUTABLE_HYDRAULICALLY_UNVALIDATED
C_28314,1.2982680797576904,0.7964089512825012,0.5615646243095398,0,0,2005-07-26T03:45:00,ENGINE_EXECUTABLE_HYDRAULICALLY_UNVALIDATED
C_28315,1.3653255701065063,0.7164257168769836,0.5773506760597229,0,0,2005-07-26T03:45:00,ENGINE_EXECUTABLE_HYDRAULICALLY_UNVALIDATED
C_28316,1.501395583152771,1.073712944984436,0.5805427432060242,0,0,2005-07-26T03:45:00,ENGINE_EXECUTABLE_HYDRAULICALLY_UNVALIDATED
C_28317,1.5015579462051392,1.2202279567718506,0.536799430847168,0,0,2005-07-26T03:45:00,ENGINE_EXECUTABLE_HYDRAULICALLY_UNVALIDATED
C_28318,1.026977300643921,0.9559809565544128,0.3471428453922272,0,0,2005-07-26T05:45:00,ENGINE_EXECUTABLE_HYDRAULICALLY_UNVALIDATED
C_28319,1.0426957607269287,0.9390386343002319,0.37117287516593933,0,0,2005-07-26T05:30:00,ENGINE_EXECUTABLE_HYDRAULICALLY_UNVALIDATED
C_28320,1.034468412399292,0.9763528108596802,0.3535999357700348,0,0,2005-07-26T06:00:00,ENGINE_EXECUTABLE_HYDRAULICALLY_UNVALIDATED
C_28321,0.9575420022010803,0.9402085542678833,0.33989542722702026,0,0,2005-07-26T05:45:00,ENGINE_EXECUTABLE_HYDRAULICALLY_UNVALIDATED
C_28322,0.7515668869018555,0.7688148021697998,0.32583534717559814,0,0,2005-07-26T05:15:00,ENGINE_EXECUTABLE_HYDRAULICALLY_UNVALIDATED
C_28323,1.5019875764846802,1.0144143104553223,0.5034481287002563,0,0,2005-07-26T03:45:00,ENGINE_EXECUTABLE_HYDRAULICALLY_UNVALIDATED
C_28324,1.5029643774032593,0.5930438041687012,0.512179970741272,0,0,2005-07-26T03:45:00,ENGINE_EXECUTABLE_HYDRAULICALLY_UNVALIDATED
C_28325,1.8480304479599,1.117616057395935,0.5132124423980713,0,0,2005-07-26T04:45:00,ENGINE_EXECUTABLE_HYDRAULICALLY_UNVALIDATED
C_28326,1.8487634658813477,0.957743227481842,0.4983007311820984,0,0,2005-07-26T04:45:00,ENGINE_EXECUTABLE_HYDRAULICALLY_UNVALIDATED
C_28327,0.27608829736709595,0.3039889335632324,0.5111709833145142,0,0,2005-07-26T03:45:00,ENGINE_EXECUTABLE_HYDRAULICALLY_UNVALIDATED
C_28328,0.2062188684940338,0.27082163095474243,0.485341876745224,0,0,2005-07-26T03:45:00,ENGINE_EXECUTABLE_HYDRAULICALLY_UNVALIDATED
C_28329,0.27504628896713257,0.31877434253692627,0.49278563261032104,0,0,2005-07-26T03:45:00,ENGINE_EXECUTABLE_HYDRAULICALLY_UNVALIDATED
C_28330,0.27537283301353455,0.31364211440086365,0.49761274456977844,0,0,2005-07-26T03:45:00,ENGINE_EXECUTABLE_HYDRAULICALLY_UNVALIDATED
C_28331,0.2756345272064209,0.3107444643974304,0.5017253756523132,0,0,2005-07-26T03:45:00,ENGINE_EXECUTABLE_HYDRAULICALLY_UNVALIDATED
C_28332,0.7514266967773438,0.9168551564216614,0.2731631100177765,0,0,2005-07-26T06:00:00,ENGINE_EXECUTABLE_HYDRAULICALLY_UNVALIDATED
C_28333,0.7514157295227051,1.2646204233169556,0.19803999364376068,0,0,2005-07-26T05:45:00,ENGINE_EXECUTABLE_HYDRAULICALLY_UNVALIDATED
C_28334,0.751415491104126,1.3552544116973877,0.12319661676883698,0,0,2005-07-26T05:15:00,ENGINE_EXECUTABLE_HYDRAULICALLY_UNVALIDATED
C_28335,0.6829735636711121,1.671330451965332,0.09079892188310623,0,0,2005-07-26T05:15:00,ENGINE_EXECUTABLE_HYDRAULICALLY_UNVALIDATED
C_28336,2.172642469406128,0.830888569355011,0.6466239094734192,0,0,2005-07-26T04:15:00,ENGINE_EXECUTABLE_HYDRAULICALLY_UNVALIDATED
C_28337,1.9254704713821411,0.7831493020057678,0.548804521560669,0,0,2005-07-26T03:00:00,ENGINE_EXECUTABLE_HYDRAULICALLY_UNVALIDATED
C_28338,1.9929051399230957,0.8113228678703308,0.5668250918388367,0,0,2005-07-26T03:00:00,ENGINE_EXECUTABLE_HYDRAULICALLY_UNVALIDATED
C_28339,2.1317074298858643,0.8286677598953247,0.587706983089447,0,0,2005-07-26T03:00:00,ENGINE_EXECUTABLE_HYDRAULICALLY_UNVALIDATED
C_28340,2.1715121269226074,0.7276257872581482,0.5937098860740662,0,0,2005-07-26T01:45:00,ENGINE_EXECUTABLE_HYDRAULICALLY_UNVALIDATED
C_28341,2.145871877670288,0.8776269555091858,0.5928326845169067,0,0,2005-07-26T04:15:00,ENGINE_EXECUTABLE_HYDRAULICALLY_UNVALIDATED
C_28342,2.158081531524658,0.7367360591888428,0.5939502120018005,0,0,2005-07-26T04:15:00,ENGINE_EXECUTABLE_HYDRAULICALLY_UNVALIDATED
C_28343,1.8502411842346191,0.6999372839927673,0.48882731795310974,0,0,2005-07-26T04:45:00,ENGINE_EXECUTABLE_HYDRAULICALLY_UNVALIDATED
C_28344,1.918540120124817,0.7221168279647827,0.49358895421028137,0,0,2005-07-26T04:45:00,ENGINE_EXECUTABLE_HYDRAULICALLY_UNVALIDATED
C_28345,1.920011281967163,0.7195348739624023,0.4982545077800751,0,0,2005-07-26T03:00:00,ENGINE_EXECUTABLE_HYDRAULICALLY_UNVALIDATED
C_28346,0.20228694379329681,0.32442450523376465,0.1402180939912796,0,0,2005-07-26T05:00:00,ENGINE_EXECUTABLE_HYDRAULICALLY_UNVALIDATED
C_28347,0.002168840728700161,0.01914134807884693,0.08340148627758026,0,0,2005-07-26T06:15:00,ENGINE_EXECUTABLE_HYDRAULICALLY_UNVALIDATED
C_28348,0.20235170423984528,0.32452133297920227,0.1460643857717514,0,0,2005-07-26T05:30:00,ENGINE_EXECUTABLE_HYDRAULICALLY_UNVALIDATED
C_28349,0.021114101633429527,0.07363469898700714,0.13439632952213287,0,0,2005-07-26T06:15:00,ENGINE_EXECUTABLE_HYDRAULICALLY_UNVALIDATED
C_28350,2.276911973953247,0.8356199860572815,0.6675490736961365,0,0,2005-07-26T04:15:00,ENGINE_EXECUTABLE_HYDRAULICALLY_UNVALIDATED
C_28351,2.455591917037964,0.825120210647583,0.6850587129592896,0,0,2005-07-26T04:15:00,ENGINE_EXECUTABLE_HYDRAULICALLY_UNVALIDATED
C_28352,2.4459452629089355,0.8209378123283386,0.6942066550254822,0,0,2005-07-26T04:15:00,ENGINE_EXECUTABLE_HYDRAULICALLY_UNVALIDATED
C_28353,2.5105466842651367,0.7139102816581726,0.6985558867454529,0,0,2005-07-26T05:30:00,ENGINE_EXECUTABLE_HYDRAULICALLY_UNVALIDATED
C_28354,0.2819838225841522,0.17618373036384583,0.6736928224563599,0,0,2005-07-26T06:15:00,ENGINE_EXECUTABLE_HYDRAULICALLY_UNVALIDATED
C_28355,2.562070846557617,0.8490188121795654,0.7012940645217896,0,0,2005-07-26T04:30:00,ENGINE_EXECUTABLE_HYDRAULICALLY_UNVALIDATED
C_28356,2.5245859622955322,0.8193142414093018,0.7321996688842773,0,0,2005-07-26T04:30:00,ENGINE_EXECUTABLE_HYDRAULICALLY_UNVALIDATED
C_28357,2.5185399055480957,0.8613277673721313,0.7422208189964294,0,0,2005-07-26T05:30:00,ENGINE_EXECUTABLE_HYDRAULICALLY_UNVALIDATED
C_28358,2.5248663425445557,0.8083371520042419,0.7461784482002258,0,0,2005-07-26T05:30:00,ENGINE_EXECUTABLE_HYDRAULICALLY_UNVALIDATED
C_28359,1.875869631767273,0.40957367420196533,0.7423491477966309,0,0,2005-07-26T01:45:00,ENGINE_EXECUTABLE_HYDRAULICALLY_UNVALIDATED
C_28360,0.7295688986778259,0.27432897686958313,0.7344675660133362,0,0,2005-07-26T04:00:00,ENGINE_EXECUTABLE_HYDRAULICALLY_UNVALIDATED
C_28361,0.2575898766517639,0.16204197704792023,0.66965252161026,0,0,2005-07-26T06:15:00,ENGINE_EXECUTABLE_HYDRAULICALLY_UNVALIDATED
C_28362,0.20162472128868103,0.150392547249794,0.658511757850647,0,0,2005-07-26T06:15:00,ENGINE_EXECUTABLE_HYDRAULICALLY_UNVALIDATED
C_28363,0.22800590097904205,0.17820139229297638,0.6628961563110352,0,0,2005-07-26T06:15:00,ENGINE_EXECUTABLE_HYDRAULICALLY_UNVALIDATED
C_28364,0.18626026809215546,0.13561475276947021,0.6558871865272522,0,0,2005-07-26T06:15:00,ENGINE_EXECUTABLE_HYDRAULICALLY_UNVALIDATED
C_28365,0.1629151552915573,0.11975732445716858,0.6518324017524719,0,0,2005-07-26T06:15:00,ENGINE_EXECUTABLE_HYDRAULICALLY_UNVALIDATED
C_28366,0.10785811394453049,0.14409346878528595,0.6452668309211731,0,0,2005-07-26T03:00:00,ENGINE_EXECUTABLE_HYDRAULICALLY_UNVALIDATED
C_28367,0.07449344545602798,0.12405577301979065,0.6420562863349915,0,0,2005-07-26T06:15:00,ENGINE_EXECUTABLE_HYDRAULICALLY_UNVALIDATED
C_28368,0.1318758726119995,0.10251104831695557,0.6480196714401245,0,0,2005-07-26T06:15:00,ENGINE_EXECUTABLE_HYDRAULICALLY_UNVALIDATED
C_28369,0.06382424384355545,0.12624762952327728,0.6386410593986511,0,0,2005-07-26T06:15:00,ENGINE_EXECUTABLE_HYDRAULICALLY_UNVALIDATED
C_28370,0.05305095389485359,0.12393689155578613,0.6351643800735474,0,0,2005-07-26T06:15:00,ENGINE_EXECUTABLE_HYDRAULICALLY_UNVALIDATED
C_28371,0.20343518257141113,0.32788965106010437,0.15888382494449615,0,0,2005-07-26T05:15:00,ENGINE_EXECUTABLE_HYDRAULICALLY_UNVALIDATED
C_28372,0.1318197399377823,0.25277528166770935,0.17764359712600708,0,0,2005-07-26T03:45:00,ENGINE_EXECUTABLE_HYDRAULICALLY_UNVALIDATED
C_28373,0.20459550619125366,0.3485160171985626,0.1765749752521515,0,0,2005-07-26T03:00:00,ENGINE_EXECUTABLE_HYDRAULICALLY_UNVALIDATED
C_28374,0.13192355632781982,0.2674812376499176,0.2097868174314499,0,0,2005-07-26T03:45:00,ENGINE_EXECUTABLE_HYDRAULICALLY_UNVALIDATED
C_28375,0.6830695271492004,0.267054945230484,0.7293570637702942,0,0,2005-07-26T03:30:00,ENGINE_EXECUTABLE_HYDRAULICALLY_UNVALIDATED
C_28376,0.7987478971481323,0.14531296491622925,0.728259801864624,0,0,2005-07-26T01:45:00,ENGINE_EXECUTABLE_HYDRAULICALLY_UNVALIDATED
C_28377,0.8023483157157898,0.14324814081192017,0.7219592928886414,0,0,2005-07-26T05:00:00,ENGINE_EXECUTABLE_HYDRAULICALLY_UNVALIDATED
C_28378,0.7912585139274597,0.14225219190120697,0.7187374830245972,0,0,2005-07-26T03:45:00,ENGINE_EXECUTABLE_HYDRAULICALLY_UNVALIDATED
C_28379,0.7446483373641968,0.13352541625499725,0.7154107093811035,0,0,2005-07-26T03:45:00,ENGINE_EXECUTABLE_HYDRAULICALLY_UNVALIDATED
C_28380,0.6856257915496826,0.26135388016700745,0.7231112718582153,0,0,2005-07-26T03:45:00,ENGINE_EXECUTABLE_HYDRAULICALLY_UNVALIDATED
C_28381,0.0,0.0,3.0479999622912146e-05,0,0,2005-07-26T00:15:00,ENGINE_EXECUTABLE_HYDRAULICALLY_UNVALIDATED
C_28382,0.0382985956966877,0.2907560467720032,0.032926514744758606,0,0,2005-07-26T05:45:00,ENGINE_EXECUTABLE_HYDRAULICALLY_UNVALIDATED
C_28383,0.0,0.0,3.0479999622912146e-05,0,0,2005-07-26T00:15:00,ENGINE_EXECUTABLE_HYDRAULICALLY_UNVALIDATED
C_28384,0.0382985956966877,0.1958581805229187,0.04888017475605011,0,0,2005-07-26T05:45:00,ENGINE_EXECUTABLE_HYDRAULICALLY_UNVALIDATED
C_28385,0.0,0.0,3.0479999622912146e-05,0,0,2005-07-26T00:15:00,ENGINE_EXECUTABLE_HYDRAULICALLY_UNVALIDATED
C_28386,0.0382985956966877,0.17668825387954712,0.0541834682226181,0,0,2005-07-26T05:45:00,ENGINE_EXECUTABLE_HYDRAULICALLY_UNVALIDATED
C_28387,0.0,0.0,3.0479999622912146e-05,0,0,2005-07-26T00:15:00,ENGINE_EXECUTABLE_HYDRAULICALLY_UNVALIDATED
C_28388,0.0382985956966877,0.16975823044776917,0.05639540031552315,0,0,2005-07-26T05:45:00,ENGINE_EXECUTABLE_HYDRAULICALLY_UNVALIDATED
C_28389,0.0,0.0,3.0479999622912146e-05,0,0,2005-07-26T00:15:00,ENGINE_EXECUTABLE_HYDRAULICALLY_UNVALIDATED
C_28390,0.0382985956966877,0.16270305216312408,0.058840833604335785,0,0,2005-07-26T05:45:00,ENGINE_EXECUTABLE_HYDRAULICALLY_UNVALIDATED
C_28391,0.0,0.0,3.0479999622912146e-05,0,0,2005-07-26T00:15:00,ENGINE_EXECUTABLE_HYDRAULICALLY_UNVALIDATED
C_28392,0.0382985956966877,0.1531287282705307,0.06251983344554901,0,0,2005-07-26T05:45:00,ENGINE_EXECUTABLE_HYDRAULICALLY_UNVALIDATED
C_28393,0.0,0.0,3.0479999622912146e-05,0,0,2005-07-26T00:15:00,ENGINE_EXECUTABLE_HYDRAULICALLY_UNVALIDATED
C_28394,0.0382985956966877,0.14133335649967194,0.06773760169744492,0,0,2005-07-26T05:45:00,ENGINE_EXECUTABLE_HYDRAULICALLY_UNVALIDATED
C_28395,4.578052043914795,1.096922516822815,0.3210059404373169,0,0,2005-07-26T05:45:00,ENGINE_EXECUTABLE_HYDRAULICALLY_UNVALIDATED
C_28396,5.217719078063965,1.1746069192886353,0.34166181087493896,0,0,2005-07-26T05:45:00,ENGINE_EXECUTABLE_HYDRAULICALLY_UNVALIDATED
C_28397,4.575282573699951,1.8995113372802734,0.1852705478668213,0,0,2005-07-26T05:45:00,ENGINE_EXECUTABLE_HYDRAULICALLY_UNVALIDATED
C_28398,5.217751502990723,2.015512704849243,0.1991160660982132,0,0,2005-07-26T05:30:00,ENGINE_EXECUTABLE_HYDRAULICALLY_UNVALIDATED
C_28399,0.0,0.0,3.0479999622912146e-05,0,0,2005-07-26T00:15:00,ENGINE_EXECUTABLE_HYDRAULICALLY_UNVALIDATED
C_28400,4.574465274810791,2.920186996459961,0.10442234575748444,0,0,2005-07-26T05:45:00,ENGINE_EXECUTABLE_HYDRAULICALLY_UNVALIDATED
C_28401,0.0394507497549057,0.08601898699998856,0.11807796359062195,0,0,2005-07-26T02:00:00,ENGINE_EXECUTABLE_HYDRAULICALLY_UNVALIDATED
C_28402,5.323515892028809,3.1012609004974365,0.1144249215722084,0,0,2005-07-26T05:30:00,ENGINE_EXECUTABLE_HYDRAULICALLY_UNVALIDATED
C_28403,0.0,0.0,3.0479999622912146e-05,0,0,2005-07-26T00:15:00,ENGINE_EXECUTABLE_HYDRAULICALLY_UNVALIDATED
C_28404,0.038728609681129456,0.05974385887384415,0.12564578652381897,0,0,2005-07-26T02:00:00,ENGINE_EXECUTABLE_HYDRAULICALLY_UNVALIDATED
C_28405,4.410782337188721,0.7579317688941956,0.44760385155677795,0,0,2005-07-26T05:00:00,ENGINE_EXECUTABLE_HYDRAULICALLY_UNVALIDATED
C_28406,5.217654705047607,0.8311187624931335,0.48286351561546326,0,0,2005-07-26T05:00:00,ENGINE_EXECUTABLE_HYDRAULICALLY_UNVALIDATED
C_28407,4.463891983032227,0.800328254699707,0.4289965331554413,0,0,2005-07-26T05:15:00,ENGINE_EXECUTABLE_HYDRAULICALLY_UNVALIDATED
C_28408,5.217654228210449,0.8728781342506409,0.4597586989402771,0,0,2005-07-26T05:45:00,ENGINE_EXECUTABLE_HYDRAULICALLY_UNVALIDATED
C_28409,4.579658508300781,0.8873391151428223,0.39696457982063293,0,0,2005-07-26T05:15:00,ENGINE_EXECUTABLE_HYDRAULICALLY_UNVALIDATED
C_28410,5.217679500579834,0.948721170425415,0.423006534576416,0,0,2005-07-26T05:45:00,ENGINE_EXECUTABLE_HYDRAULICALLY_UNVALIDATED
C_28411,0.04262368008494377,0.14696873724460602,0.630158543586731,0,0,2005-07-26T06:15:00,ENGINE_EXECUTABLE_HYDRAULICALLY_UNVALIDATED
C_28412,4.397109508514404,0.7186698913574219,0.47059372067451477,0,0,2005-07-26T04:30:00,ENGINE_EXECUTABLE_HYDRAULICALLY_UNVALIDATED
C_28413,5.157752990722656,0.7744227051734924,0.5122628211975098,0,0,2005-07-26T05:45:00,ENGINE_EXECUTABLE_HYDRAULICALLY_UNVALIDATED
C_28414,4.403292179107666,0.7351998686790466,0.46065986156463623,0,0,2005-07-26T05:00:00,ENGINE_EXECUTABLE_HYDRAULICALLY_UNVALIDATED
C_28415,5.217672348022461,0.8030513525009155,0.49974191188812256,0,0,2005-07-26T05:00:00,ENGINE_EXECUTABLE_HYDRAULICALLY_UNVALIDATED
C_28416,4.290186405181885,0.6907054781913757,0.4777399003505707,0,0,2005-07-26T05:45:00,ENGINE_EXECUTABLE_HYDRAULICALLY_UNVALIDATED
C_28417,5.157738208770752,0.7607929706573486,0.5214360952377319,0,0,2005-07-26T05:45:00,ENGINE_EXECUTABLE_HYDRAULICALLY_UNVALIDATED
C_28418,0.027381813153624535,0.0848894864320755,0.6251824498176575,0,0,2005-07-26T06:15:00,ENGINE_EXECUTABLE_HYDRAULICALLY_UNVALIDATED
C_28419,0.009122874587774277,0.005155458115041256,0.6215120553970337,0,0,2005-07-26T03:30:00,ENGINE_EXECUTABLE_HYDRAULICALLY_UNVALIDATED
C_28420,0.06087734177708626,0.23082619905471802,0.18181417882442474,0,0,2005-07-26T03:00:00,ENGINE_EXECUTABLE_HYDRAULICALLY_UNVALIDATED
C_28421,0.4795224964618683,0.9714052081108093,0.34748801589012146,0,0,2005-07-26T02:00:00,ENGINE_EXECUTABLE_HYDRAULICALLY_UNVALIDATED
C_28422,0.05947669595479965,0.5762411952018738,0.1871013194322586,0,0,2005-07-26T04:30:00,ENGINE_EXECUTABLE_HYDRAULICALLY_UNVALIDATED
C_28423,0.47670966386795044,1.862806797027588,0.46669450402259827,0,0,2005-07-26T03:45:00,ENGINE_EXECUTABLE_HYDRAULICALLY_UNVALIDATED
C_28424,0.24227239191532135,0.43632960319519043,0.3477333188056946,0,0,2005-07-26T02:45:00,ENGINE_EXECUTABLE_HYDRAULICALLY_UNVALIDATED
C_28425,0.1319940686225891,0.211377814412117,0.38767895102500916,0,0,2005-07-26T03:45:00,ENGINE_EXECUTABLE_HYDRAULICALLY_UNVALIDATED
C_28426,0.22431302070617676,0.5916242599487305,0.19638577103614807,0,0,2005-07-26T05:00:00,ENGINE_EXECUTABLE_HYDRAULICALLY_UNVALIDATED
C_28427,0.13192200660705566,0.42974361777305603,0.23479650914669037,0,0,2005-07-26T03:45:00,ENGINE_EXECUTABLE_HYDRAULICALLY_UNVALIDATED
C_28428,0.060730770230293274,0.29374265670776367,0.1926586776971817,0,0,2005-07-26T04:15:00,ENGINE_EXECUTABLE_HYDRAULICALLY_UNVALIDATED
C_28429,0.48010411858558655,1.4335309267044067,0.2498382180929184,0,0,2005-07-26T02:00:00,ENGINE_EXECUTABLE_HYDRAULICALLY_UNVALIDATED
C_28430,0.060753367841243744,0.22264419496059418,0.18660065531730652,0,0,2005-07-26T05:45:00,ENGINE_EXECUTABLE_HYDRAULICALLY_UNVALIDATED
C_28431,0.4808066189289093,1.1117478609085083,0.31231987476348877,0,0,2005-07-26T02:00:00,ENGINE_EXECUTABLE_HYDRAULICALLY_UNVALIDATED
C_28432,0.05951386317610741,0.22390985488891602,0.19724681973457336,0,0,2005-07-26T06:00:00,ENGINE_EXECUTABLE_HYDRAULICALLY_UNVALIDATED
C_28433,0.4767090380191803,0.6506503820419312,0.5477884411811829,0,0,2005-07-26T03:45:00,ENGINE_EXECUTABLE_HYDRAULICALLY_UNVALIDATED
C_28434,4.44166374206543,0.6959795355796814,0.4939361810684204,0,0,2005-07-26T04:15:00,ENGINE_EXECUTABLE_HYDRAULICALLY_UNVALIDATED
C_28435,5.157610893249512,0.7409592270851135,0.5353855490684509,0,0,2005-07-26T05:45:00,ENGINE_EXECUTABLE_HYDRAULICALLY_UNVALIDATED
C_28436,4.478230953216553,0.704291045665741,0.4907669723033905,0,0,2005-07-26T04:15:00,ENGINE_EXECUTABLE_HYDRAULICALLY_UNVALIDATED
C_28437,5.157622814178467,0.742493748664856,0.5342777967453003,0,0,2005-07-26T05:45:00,ENGINE_EXECUTABLE_HYDRAULICALLY_UNVALIDATED
C_28438,0.06178412213921547,0.14837345480918884,0.3450288772583008,0,0,2005-07-26T03:45:00,ENGINE_EXECUTABLE_HYDRAULICALLY_UNVALIDATED
C_28439,0.4780092239379883,1.9823362827301025,0.3721705377101898,0,0,2005-07-26T02:00:00,ENGINE_EXECUTABLE_HYDRAULICALLY_UNVALIDATED
C_28440,4.351353645324707,0.687767744064331,0.4867658317089081,0,0,2005-07-26T05:15:00,ENGINE_EXECUTABLE_HYDRAULICALLY_UNVALIDATED
C_28441,5.157639980316162,0.7439082264900208,0.5332649350166321,0,0,2005-07-26T05:45:00,ENGINE_EXECUTABLE_HYDRAULICALLY_UNVALIDATED
C_28442,4.295839786529541,0.6843481659889221,0.4828133285045624,0,0,2005-07-26T05:00:00,ENGINE_EXECUTABLE_HYDRAULICALLY_UNVALIDATED
C_28443,5.1576924324035645,0.7501609325408936,0.5288217067718506,0,0,2005-07-26T05:45:00,ENGINE_EXECUTABLE_HYDRAULICALLY_UNVALIDATED
C_28444,4.088511943817139,0.6381112337112427,0.49469056725502014,0,0,2005-07-26T04:30:00,ENGINE_EXECUTABLE_HYDRAULICALLY_UNVALIDATED
C_28445,5.026000499725342,0.7194368839263916,0.5373501181602478,0,0,2005-07-26T04:00:00,ENGINE_EXECUTABLE_HYDRAULICALLY_UNVALIDATED
C_28446,4.041218280792236,0.6296325325965881,0.4942589998245239,0,0,2005-07-26T04:45:00,ENGINE_EXECUTABLE_HYDRAULICALLY_UNVALIDATED
C_28447,4.4851531982421875,0.640924334526062,0.5382706522941589,0,0,2005-07-26T04:00:00,ENGINE_EXECUTABLE_HYDRAULICALLY_UNVALIDATED
C_28448,4.020822048187256,0.6264574527740479,0.49439537525177,0,0,2005-07-26T04:00:00,ENGINE_EXECUTABLE_HYDRAULICALLY_UNVALIDATED
C_28449,4.485166072845459,0.6422722935676575,0.5371446013450623,0,0,2005-07-26T04:00:00,ENGINE_EXECUTABLE_HYDRAULICALLY_UNVALIDATED
C_28450,4.015181541442871,0.6261436939239502,0.49361705780029297,0,0,2005-07-26T05:45:00,ENGINE_EXECUTABLE_HYDRAULICALLY_UNVALIDATED
C_28451,4.485202789306641,0.6442981362342834,0.5354648232460022,0,0,2005-07-26T04:00:00,ENGINE_EXECUTABLE_HYDRAULICALLY_UNVALIDATED
C_28452,0.22925439476966858,0.4008227288722992,0.18852773308753967,0,0,2005-07-26T03:45:00,ENGINE_EXECUTABLE_HYDRAULICALLY_UNVALIDATED
C_28453,0.13196006417274475,0.29385682940483093,0.2273825705051422,0,0,2005-07-26T03:45:00,ENGINE_EXECUTABLE_HYDRAULICALLY_UNVALIDATED
C_28454,0.06032237783074379,0.23520556092262268,0.17714005708694458,0,0,2005-07-26T03:00:00,ENGINE_EXECUTABLE_HYDRAULICALLY_UNVALIDATED
C_28455,0.47673651576042175,0.8835795521736145,0.37555113434791565,0,0,2005-07-26T02:00:00,ENGINE_EXECUTABLE_HYDRAULICALLY_UNVALIDATED
C_28456,0.059604041278362274,0.19322223961353302,0.19019760191440582,0,0,2005-07-26T06:00:00,ENGINE_EXECUTABLE_HYDRAULICALLY_UNVALIDATED
C_28457,0.4767078757286072,0.5406381487846375,0.5477373600006104,0,0,2005-07-26T04:30:00,ENGINE_EXECUTABLE_HYDRAULICALLY_UNVALIDATED
C_28458,0.05937879905104637,0.20332454144954681,0.18007709085941315,0,0,2005-07-26T05:15:00,ENGINE_EXECUTABLE_HYDRAULICALLY_UNVALIDATED
C_28459,0.47670629620552063,0.5435309410095215,0.5445700287818909,0,0,2005-07-26T04:30:00,ENGINE_EXECUTABLE_HYDRAULICALLY_UNVALIDATED
C_28460,0.059465307742357254,0.21365581452846527,0.1714801788330078,0,0,2005-07-26T05:30:00,ENGINE_EXECUTABLE_HYDRAULICALLY_UNVALIDATED
C_28461,0.4767046570777893,0.5459468364715576,0.5419256687164307,0,0,2005-07-26T04:30:00,ENGINE_EXECUTABLE_HYDRAULICALLY_UNVALIDATED
C_28462,0.05932861939072609,0.22405846416950226,0.16346600651741028,0,0,2005-07-26T05:45:00,ENGINE_EXECUTABLE_HYDRAULICALLY_UNVALIDATED
C_28463,0.47670289874076843,0.5480366349220276,0.5396157503128052,0,0,2005-07-26T04:30:00,ENGINE_EXECUTABLE_HYDRAULICALLY_UNVALIDATED
C_28464,0.00924588367342949,0.06403615325689316,0.1504199206829071,0,0,2005-07-26T06:15:00,ENGINE_EXECUTABLE_HYDRAULICALLY_UNVALIDATED
C_28465,0.47670087218284607,0.550579309463501,0.5368420481681824,0,0,2005-07-26T05:30:00,ENGINE_EXECUTABLE_HYDRAULICALLY_UNVALIDATED
C_28466,0.007033512461930513,0.0614570714533329,0.1304250806570053,0,0,2005-07-26T06:15:00,ENGINE_EXECUTABLE_HYDRAULICALLY_UNVALIDATED
C_28467,0.4768487215042114,0.5537416934967041,0.5335384607315063,0,0,2005-07-26T02:00:00,ENGINE_EXECUTABLE_HYDRAULICALLY_UNVALIDATED
C_28468,0.003885282902047038,0.05452612414956093,0.10097803920507431,0,0,2005-07-26T06:15:00,ENGINE_EXECUTABLE_HYDRAULICALLY_UNVALIDATED
C_28469,0.4773353934288025,0.5616281628608704,0.5290520787239075,0,0,2005-07-26T02:00:00,ENGINE_EXECUTABLE_HYDRAULICALLY_UNVALIDATED
C_28470,0.004864923655986786,0.0572163350880146,0.11042290925979614,0,0,2005-07-26T06:15:00,ENGINE_EXECUTABLE_HYDRAULICALLY_UNVALIDATED
C_28471,0.4774107038974762,0.5573249459266663,0.5304884314537048,0,0,2005-07-26T02:00:00,ENGINE_EXECUTABLE_HYDRAULICALLY_UNVALIDATED
C_28472,0.0005607846542261541,0.020853575319051743,0.06843819469213486,0,0,2005-07-26T01:30:00,ENGINE_EXECUTABLE_HYDRAULICALLY_UNVALIDATED
C_28473,0.47669562697410583,0.5615975856781006,0.5230635404586792,0,0,2005-07-26T05:30:00,ENGINE_EXECUTABLE_HYDRAULICALLY_UNVALIDATED
C_28474,0.0026667118072509766,0.04617997258901596,0.08996106684207916,0,0,2005-07-26T06:15:00,ENGINE_EXECUTABLE_HYDRAULICALLY_UNVALIDATED
C_28475,0.4772060215473175,0.5481880307197571,0.5271108746528625,0,0,2005-07-26T02:00:00,ENGINE_EXECUTABLE_HYDRAULICALLY_UNVALIDATED
C_28476,4.0169830322265625,0.6270595788955688,0.4931749403476715,0,0,2005-07-26T06:00:00,ENGINE_EXECUTABLE_HYDRAULICALLY_UNVALIDATED
C_28477,4.485351085662842,0.645845353603363,0.5341962575912476,0,0,2005-07-26T05:15:00,ENGINE_EXECUTABLE_HYDRAULICALLY_UNVALIDATED
C_28478,3.952106237411499,0.6185360550880432,0.49197354912757874,0,0,2005-07-26T05:15:00,ENGINE_EXECUTABLE_HYDRAULICALLY_UNVALIDATED
C_28479,4.485581874847412,0.6477182507514954,0.5326707363128662,0,0,2005-07-26T05:15:00,ENGINE_EXECUTABLE_HYDRAULICALLY_UNVALIDATED
C_28480,3.9493863582611084,0.6195321083068848,0.49068716168403625,0,0,2005-07-26T05:15:00,ENGINE_EXECUTABLE_HYDRAULICALLY_UNVALIDATED
C_28481,4.4858832359313965,0.6492921710014343,0.5314080715179443,0,0,2005-07-26T05:15:00,ENGINE_EXECUTABLE_HYDRAULICALLY_UNVALIDATED
C_28482,3.9492924213409424,0.6199984550476074,0.490069717168808,0,0,2005-07-26T05:45:00,ENGINE_EXECUTABLE_HYDRAULICALLY_UNVALIDATED
C_28483,4.3607378005981445,0.6325935125350952,0.5302137732505798,0,0,2005-07-26T05:15:00,ENGINE_EXECUTABLE_HYDRAULICALLY_UNVALIDATED
C_28484,3.889328956604004,0.612106204032898,0.48879992961883545,0,0,2005-07-26T05:30:00,ENGINE_EXECUTABLE_HYDRAULICALLY_UNVALIDATED
C_28485,4.360999584197998,0.6351363062858582,0.5281209349632263,0,0,2005-07-26T05:15:00,ENGINE_EXECUTABLE_HYDRAULICALLY_UNVALIDATED
C_28486,3.750523328781128,0.5932005643844604,0.486630380153656,0,0,2005-07-26T03:45:00,ENGINE_EXECUTABLE_HYDRAULICALLY_UNVALIDATED
C_28487,4.36112117767334,0.6374127268791199,0.526252269744873,0,0,2005-07-26T05:15:00,ENGINE_EXECUTABLE_HYDRAULICALLY_UNVALIDATED
C_28488,3.7509803771972656,0.5956965684890747,0.4845505356788635,0,0,2005-07-26T05:00:00,ENGINE_EXECUTABLE_HYDRAULICALLY_UNVALIDATED
C_28489,4.23848295211792,0.6214928030967712,0.5245603919029236,0,0,2005-07-26T05:15:00,ENGINE_EXECUTABLE_HYDRAULICALLY_UNVALIDATED
C_28490,3.6828885078430176,0.5879878401756287,0.4818940758705139,0,0,2005-07-26T05:00:00,ENGINE_EXECUTABLE_HYDRAULICALLY_UNVALIDATED
C_28491,4.238517761230469,0.6244904398918152,0.5220312476158142,0,0,2005-07-26T05:45:00,ENGINE_EXECUTABLE_HYDRAULICALLY_UNVALIDATED
C_28492,3.6819605827331543,0.5910690426826477,0.4792349934577942,0,0,2005-07-26T05:00:00,ENGINE_EXECUTABLE_HYDRAULICALLY_UNVALIDATED
C_28493,4.1039137840271,0.6080148816108704,0.5191529393196106,0,0,2005-07-26T05:45:00,ENGINE_EXECUTABLE_HYDRAULICALLY_UNVALIDATED
C_28494,3.6813292503356934,0.5933199524879456,0.47730928659439087,0,0,2005-07-26T06:00:00,ENGINE_EXECUTABLE_HYDRAULICALLY_UNVALIDATED
C_28495,4.03436803817749,0.6012539267539978,0.5160922408103943,0,0,2005-07-26T05:15:00,ENGINE_EXECUTABLE_HYDRAULICALLY_UNVALIDATED
C_28496,3.681807041168213,0.595275342464447,0.47575151920318604,0,0,2005-07-26T05:45:00,ENGINE_EXECUTABLE_HYDRAULICALLY_UNVALIDATED
C_28497,3.8263704776763916,0.5745076537132263,0.5122706890106201,0,0,2005-07-26T05:15:00,ENGINE_EXECUTABLE_HYDRAULICALLY_UNVALIDATED
C_28498,3.5519440174102783,0.5676388144493103,0.48132848739624023,0,0,2005-07-26T04:45:00,ENGINE_EXECUTABLE_HYDRAULICALLY_UNVALIDATED
C_28499,3.826566696166992,0.57085782289505,0.5155723690986633,0,0,2005-07-26T05:15:00,ENGINE_EXECUTABLE_HYDRAULICALLY_UNVALIDATED
C_28500,3.4130752086639404,0.5326667428016663,0.492880642414093,0,0,2005-07-26T04:45:00,ENGINE_EXECUTABLE_HYDRAULICALLY_UNVALIDATED
C_28501,3.8267500400543213,0.5589762330055237,0.5265565514564514,0,0,2005-07-26T05:15:00,ENGINE_EXECUTABLE_HYDRAULICALLY_UNVALIDATED
C_28502,3.277207136154175,0.5272031426429749,0.47815683484077454,0,0,2005-07-26T05:00:00,ENGINE_EXECUTABLE_HYDRAULICALLY_UNVALIDATED
C_28503,3.82690167427063,0.5742560029029846,0.512566328048706,0,0,2005-07-26T05:15:00,ENGINE_EXECUTABLE_HYDRAULICALLY_UNVALIDATED
C_28504,3.1463823318481445,0.5316511392593384,0.4552205801010132,0,0,2005-07-26T05:00:00,ENGINE_EXECUTABLE_HYDRAULICALLY_UNVALIDATED
C_28505,3.8270716667175293,0.5988497734069824,0.49156999588012695,0,0,2005-07-26T05:15:00,ENGINE_EXECUTABLE_HYDRAULICALLY_UNVALIDATED
C_28506,3.017866373062134,0.5163159966468811,0.44958311319351196,0,0,2005-07-26T05:45:00,ENGINE_EXECUTABLE_HYDRAULICALLY_UNVALIDATED
C_28507,3.8276050090789795,0.6019191145896912,0.48914507031440735,0,0,2005-07-26T04:15:00,ENGINE_EXECUTABLE_HYDRAULICALLY_UNVALIDATED
C_28508,2.956672430038452,0.5121514201164246,0.44408053159713745,0,0,2005-07-26T05:15:00,ENGINE_EXECUTABLE_HYDRAULICALLY_UNVALIDATED
C_28509,3.828165054321289,0.6040125489234924,0.48750847578048706,0,0,2005-07-26T04:15:00,ENGINE_EXECUTABLE_HYDRAULICALLY_UNVALIDATED
C_28510,1.1126359701156616,0.6145125031471252,0.377166211605072,0,0,2005-07-26T05:45:00,ENGINE_EXECUTABLE_HYDRAULICALLY_UNVALIDATED
C_28511,0.6065645813941956,0.45971736311912537,0.2748505175113678,0,0,2005-07-26T05:30:00,ENGINE_EXECUTABLE_HYDRAULICALLY_UNVALIDATED
C_28512,1.1126359701156616,0.6180634498596191,0.3749992847442627,0,0,2005-07-26T05:45:00,ENGINE_EXECUTABLE_HYDRAULICALLY_UNVALIDATED
C_28513,0.6760168075561523,0.514680802822113,0.2736087143421173,0,0,2005-07-26T05:45:00,ENGINE_EXECUTABLE_HYDRAULICALLY_UNVALIDATED
C_28514,1.1819734573364258,0.6619426012039185,0.3719613254070282,0,0,2005-07-26T05:45:00,ENGINE_EXECUTABLE_HYDRAULICALLY_UNVALIDATED
C_28515,0.6760168075561523,0.519162118434906,0.2712469696998596,0,0,2005-07-26T05:45:00,ENGINE_EXECUTABLE_HYDRAULICALLY_UNVALIDATED
C_28516,1.1819734573364258,0.677433431148529,0.36345571279525757,0,0,2005-07-26T05:45:00,ENGINE_EXECUTABLE_HYDRAULICALLY_UNVALIDATED
C_28517,0.6760168075561523,0.5261508822441101,0.26764407753944397,0,0,2005-07-26T05:45:00,ENGINE_EXECUTABLE_HYDRAULICALLY_UNVALIDATED
C_28518,0.9143815040588379,0.5115717649459839,0.37233278155326843,0,0,2005-07-26T06:00:00,ENGINE_EXECUTABLE_HYDRAULICALLY_UNVALIDATED
C_28519,0.5384899377822876,0.4380507171154022,0.25607287883758545,0,0,2005-07-26T06:00:00,ENGINE_EXECUTABLE_HYDRAULICALLY_UNVALIDATED
C_28520,1.1126359701156616,0.6123355627059937,0.3785071074962616,0,0,2005-07-26T05:45:00,ENGINE_EXECUTABLE_HYDRAULICALLY_UNVALIDATED
C_28521,0.5384899377822876,0.4195638597011566,0.2673559784889221,0,0,2005-07-26T06:00:00,ENGINE_EXECUTABLE_HYDRAULICALLY_UNVALIDATED
C_28522,3.236311674118042,3.1911239624023438,0.5070237517356873,0,0,2005-07-26T04:30:00,ENGINE_EXECUTABLE_HYDRAULICALLY_UNVALIDATED
C_28523,3.035654067993164,3.6542770862579346,0.5544825196266174,0,0,2005-07-26T06:00:00,ENGINE_EXECUTABLE_HYDRAULICALLY_UNVALIDATED
C_28524,3.3028833866119385,2.712214469909668,0.608822762966156,0,0,2005-07-26T05:45:00,ENGINE_EXECUTABLE_HYDRAULICALLY_UNVALIDATED
C_28525,3.159816265106201,2.2734246253967285,0.6956079006195068,0,0,2005-07-26T05:30:00,ENGINE_EXECUTABLE_HYDRAULICALLY_UNVALIDATED
C_28526,3.093435525894165,1.93960702419281,0.7975652813911438,0,0,2005-07-26T06:00:00,ENGINE_EXECUTABLE_HYDRAULICALLY_UNVALIDATED
C_28528,3.0369064807891846,1.8253109455108643,0.8321945667266846,0,0,2005-07-26T05:45:00,ENGINE_EXECUTABLE_HYDRAULICALLY_UNVALIDATED
C_28529,2.830052614212036,2.5528671741485596,0.7389697432518005,0,0,2005-07-26T06:00:00,ENGINE_EXECUTABLE_HYDRAULICALLY_UNVALIDATED
C_28531,3.330491304397583,2.304788589477539,0.48162344098091125,0,0,2005-07-26T05:45:00,ENGINE_EXECUTABLE_HYDRAULICALLY_UNVALIDATED
C_28532,3.0671470165252686,2.8229501247406006,0.5431916117668152,0,0,2005-07-26T05:45:00,ENGINE_EXECUTABLE_HYDRAULICALLY_UNVALIDATED
C_28533,2.2696521282196045,1.877908706665039,0.6042736768722534,0,0,2005-07-26T05:45:00,ENGINE_EXECUTABLE_HYDRAULICALLY_UNVALIDATED
C_28534,2.627206325531006,2.1393747329711914,0.8185924291610718,0,0,2005-07-26T05:45:00,ENGINE_EXECUTABLE_HYDRAULICALLY_UNVALIDATED
C_28535,3.037112236022949,1.8647372722625732,0.8145723342895508,0,0,2005-07-26T05:30:00,ENGINE_EXECUTABLE_HYDRAULICALLY_UNVALIDATED
C_28536,2.9718925952911377,1.7873868942260742,0.8320603966712952,0,0,2005-07-26T04:00:00,ENGINE_EXECUTABLE_HYDRAULICALLY_UNVALIDATED
C_28537,2.845318078994751,2.0066399574279785,0.7091169953346252,0,0,2005-07-26T04:30:00,ENGINE_EXECUTABLE_HYDRAULICALLY_UNVALIDATED
C_28538,2.8503925800323486,2.6012356281280518,0.5479183197021484,0,0,2005-07-26T05:00:00,ENGINE_EXECUTABLE_HYDRAULICALLY_UNVALIDATED
C_28539,2.7172138690948486,2.726727247238159,0.4997900426387787,0,0,2005-07-26T03:30:00,ENGINE_EXECUTABLE_HYDRAULICALLY_UNVALIDATED
C_28540,2.666654348373413,2.8208701610565186,0.47739481925964355,0,0,2005-07-26T02:45:00,ENGINE_EXECUTABLE_HYDRAULICALLY_UNVALIDATED
C_28541,2.746215343475342,2.614060401916504,0.5266174674034119,0,0,2005-07-26T02:30:00,ENGINE_EXECUTABLE_HYDRAULICALLY_UNVALIDATED
C_28542,2.421945571899414,2.0552597045898438,0.7855214476585388,0,0,2005-07-26T05:30:00,ENGINE_EXECUTABLE_HYDRAULICALLY_UNVALIDATED
C_28543,2.638223886489868,2.318451404571533,0.5790561437606812,0,0,2005-07-26T05:30:00,ENGINE_EXECUTABLE_HYDRAULICALLY_UNVALIDATED
C_28544,2.56809663772583,2.3294007778167725,0.5528679490089417,0,0,2005-07-26T04:15:00,ENGINE_EXECUTABLE_HYDRAULICALLY_UNVALIDATED
C_28545,2.4987311363220215,2.346353054046631,0.5331624150276184,0,0,2005-07-26T03:45:00,ENGINE_EXECUTABLE_HYDRAULICALLY_UNVALIDATED
C_28546,2.4304122924804688,2.1938369274139404,0.5540887117385864,0,0,2005-07-26T06:00:00,ENGINE_EXECUTABLE_HYDRAULICALLY_UNVALIDATED
C_28547,2.2833683490753174,2.334031105041504,0.6521232724189758,0,0,2005-07-26T05:15:00,ENGINE_EXECUTABLE_HYDRAULICALLY_UNVALIDATED
C_28548,2.4296720027923584,2.42439603805542,0.5012124180793762,0,0,2005-07-26T05:30:00,ENGINE_EXECUTABLE_HYDRAULICALLY_UNVALIDATED
C_28549,2.335341215133667,2.638033628463745,0.5901067852973938,0,0,2005-07-26T06:00:00,ENGINE_EXECUTABLE_HYDRAULICALLY_UNVALIDATED
C_28550,2.3608715534210205,2.5956478118896484,0.45476284623146057,0,0,2005-07-26T05:45:00,ENGINE_EXECUTABLE_HYDRAULICALLY_UNVALIDATED
C_28551,2.291534185409546,2.1540136337280273,0.5318626761436462,0,0,2005-07-26T06:00:00,ENGINE_EXECUTABLE_HYDRAULICALLY_UNVALIDATED
C_28552,0.06830430030822754,0.30205032229423523,0.23753397166728973,0,0,2005-07-26T05:15:00,ENGINE_EXECUTABLE_HYDRAULICALLY_UNVALIDATED
C_28553,0.0,0.0,0.028751002624630928,0,0,2005-07-26T00:15:00,ENGINE_EXECUTABLE_HYDRAULICALLY_UNVALIDATED
C_28554,0.43165987730026245,0.437546044588089,0.4556293189525604,0,0,2005-07-26T06:00:00,ENGINE_EXECUTABLE_HYDRAULICALLY_UNVALIDATED
C_28555,0.43165987730026245,0.3538084328174591,0.4066341817378998,0,0,2005-07-26T06:00:00,ENGINE_EXECUTABLE_HYDRAULICALLY_UNVALIDATED
C_28556,0.49801257252693176,0.4712539613246918,0.528331995010376,0,0,2005-07-26T06:00:00,ENGINE_EXECUTABLE_HYDRAULICALLY_UNVALIDATED
C_28557,0.0,0.0,3.0479999622912146e-05,0,0,2005-07-26T00:15:00,ENGINE_EXECUTABLE_HYDRAULICALLY_UNVALIDATED
C_28558,2.004241466522217,2.2585089206695557,0.5915461182594299,0,0,2005-07-26T05:45:00,ENGINE_EXECUTABLE_HYDRAULICALLY_UNVALIDATED
C_28559,0.43165987730026245,0.4972389340400696,0.28933897614479065,0,0,2005-07-26T06:00:00,ENGINE_EXECUTABLE_HYDRAULICALLY_UNVALIDATED
C_28560,0.43165987730026245,0.8030956387519836,0.17914503812789917,0,0,2005-07-26T06:00:00,ENGINE_EXECUTABLE_HYDRAULICALLY_UNVALIDATED
C_28561,0.43165987730026245,1.5019681453704834,0.4158671796321869,0,0,2005-07-26T06:00:00,ENGINE_EXECUTABLE_HYDRAULICALLY_UNVALIDATED
C_28562,0.36645522713661194,1.1064914464950562,0.4644950330257416,0,0,2005-07-26T06:00:00,ENGINE_EXECUTABLE_HYDRAULICALLY_UNVALIDATED
C_28563,1.9363963603973389,2.023066520690918,0.638034999370575,0,0,2005-07-26T06:00:00,ENGINE_EXECUTABLE_HYDRAULICALLY_UNVALIDATED
C_28564,0.36645522713661194,1.0453122854232788,0.4860496520996094,0,0,2005-07-26T06:00:00,ENGINE_EXECUTABLE_HYDRAULICALLY_UNVALIDATED
C_28565,1.7419301271438599,2.038724184036255,0.5695510506629944,0,0,2005-07-26T05:45:00,ENGINE_EXECUTABLE_HYDRAULICALLY_UNVALIDATED
C_28566,0.31008991599082947,0.8837249875068665,0.48663240671157837,0,0,2005-07-26T05:45:00,ENGINE_EXECUTABLE_HYDRAULICALLY_UNVALIDATED
C_28567,1.6106022596359253,2.4397590160369873,0.4400497078895569,0,0,2005-07-26T05:45:00,ENGINE_EXECUTABLE_HYDRAULICALLY_UNVALIDATED
C_28568,0.2545281648635864,0.8001258969306946,0.46591702103614807,0,0,2005-07-26T05:45:00,ENGINE_EXECUTABLE_HYDRAULICALLY_UNVALIDATED
C_28569,2.2141354084014893,2.309576988220215,0.6390459537506104,0,0,2005-07-26T06:00:00,ENGINE_EXECUTABLE_HYDRAULICALLY_UNVALIDATED
C_28570,1.793521523475647,2.069329261779785,0.49032795429229736,0,0,2005-07-26T05:45:00,ENGINE_EXECUTABLE_HYDRAULICALLY_UNVALIDATED
C_28571,2.0783615112304688,2.2268028259277344,0.6221566796302795,0,0,2005-07-26T06:00:00,ENGINE_EXECUTABLE_HYDRAULICALLY_UNVALIDATED
C_28572,1.6670151948928833,2.098202705383301,0.44194430112838745,0,0,2005-07-26T05:45:00,ENGINE_EXECUTABLE_HYDRAULICALLY_UNVALIDATED
C_28573,1.6924941539764404,1.7944391965866089,0.5363412499427795,0,0,2005-07-26T04:30:00,ENGINE_EXECUTABLE_HYDRAULICALLY_UNVALIDATED
C_28574,2.018632650375366,2.2515103816986084,0.5977011322975159,0,0,2005-07-26T05:30:00,ENGINE_EXECUTABLE_HYDRAULICALLY_UNVALIDATED
C_28575,0.5252195596694946,0.4394088685512543,0.24899031221866608,0,0,2005-07-26T06:00:00,ENGINE_EXECUTABLE_HYDRAULICALLY_UNVALIDATED
C_28576,0.03972066938877106,0.09617786854505539,0.1557837277650833,0,0,2005-07-26T00:15:00,ENGINE_EXECUTABLE_HYDRAULICALLY_UNVALIDATED
C_28577,0.5252195596694946,0.4546510577201843,0.2652105689048767,0,0,2005-07-26T06:00:00,ENGINE_EXECUTABLE_HYDRAULICALLY_UNVALIDATED
C_28578,0.26722458004951477,0.2547871768474579,0.21847876906394958,0,0,2005-07-26T05:30:00,ENGINE_EXECUTABLE_HYDRAULICALLY_UNVALIDATED
C_28579,3.297633647918701,3.4406962394714355,0.5350781679153442,0,0,2005-07-26T04:30:00,ENGINE_EXECUTABLE_HYDRAULICALLY_UNVALIDATED
C_28580,3.297633647918701,3.079256057739258,0.5948887467384338,0,0,2005-07-26T04:30:00,ENGINE_EXECUTABLE_HYDRAULICALLY_UNVALIDATED
C_28582,0.1984841376543045,0.3949647843837738,0.34357646107673645,0,0,2005-07-26T06:00:00,ENGINE_EXECUTABLE_HYDRAULICALLY_UNVALIDATED
C_28584,3.231281042098999,5.322483062744141,1.0123249292373657,0,0,2005-07-26T04:00:00,ENGINE_EXECUTABLE_HYDRAULICALLY_UNVALIDATED
C_28586,0.5252195596694946,0.3735390901565552,0.29289719462394714,0,0,2005-07-26T06:00:00,ENGINE_EXECUTABLE_HYDRAULICALLY_UNVALIDATED
C_28587,0.5384899377822876,0.46141085028648376,0.24310851097106934,0,0,2005-07-26T06:00:00,ENGINE_EXECUTABLE_HYDRAULICALLY_UNVALIDATED
C_28588,3.4875807762145996,3.6438791751861572,1.5950000286102295,360,360,2005-07-26T02:30:00,ENGINE_EXECUTABLE_HYDRAULICALLY_UNVALIDATED
C_28589,3.286588191986084,1.1424775123596191,1.5980000495910645,360,360,2005-07-26T01:15:00,ENGINE_EXECUTABLE_HYDRAULICALLY_UNVALIDATED
C_28591,3.5290908813476562,1.0110303163528442,1.9390000104904175,345,345,2005-07-26T05:45:00,ENGINE_EXECUTABLE_HYDRAULICALLY_UNVALIDATED
C_28592,3.392597198486328,1.2580549716949463,1.4980000257492065,345,345,2005-07-26T05:45:00,ENGINE_EXECUTABLE_HYDRAULICALLY_UNVALIDATED
C_28593,0.7894824147224426,0.48598331212997437,0.3384009003639221,0,0,2005-07-26T06:00:00,ENGINE_EXECUTABLE_HYDRAULICALLY_UNVALIDATED
C_28594,0.5384899377822876,0.45845499634742737,0.24467593431472778,0,0,2005-07-26T06:00:00,ENGINE_EXECUTABLE_HYDRAULICALLY_UNVALIDATED
C_28595,0.7230149507522583,0.4715118110179901,0.3194222152233124,0,0,2005-07-26T05:45:00,ENGINE_EXECUTABLE_HYDRAULICALLY_UNVALIDATED
C_28596,0.5384899377822876,0.4603472948074341,0.24367018043994904,0,0,2005-07-26T06:00:00,ENGINE_EXECUTABLE_HYDRAULICALLY_UNVALIDATED
C_28597,3.186192274093628,1.7822751998901367,1.5,300,300,2005-07-26T06:00:00,ENGINE_EXECUTABLE_HYDRAULICALLY_UNVALIDATED
C_28598,0.8502100110054016,0.5045804977416992,0.35099923610687256,0,0,2005-07-26T05:45:00,ENGINE_EXECUTABLE_HYDRAULICALLY_UNVALIDATED
C_28599,0.5384899377822876,0.4561512768268585,0.2459116280078888,0,0,2005-07-26T06:00:00,ENGINE_EXECUTABLE_HYDRAULICALLY_UNVALIDATED
C_28600,0.9143815040588379,0.5291090607643127,0.3599918484687805,0,0,2005-07-26T06:00:00,ENGINE_EXECUTABLE_HYDRAULICALLY_UNVALIDATED
C_28601,0.5384899377822876,0.45001882314682007,0.2492627054452896,0,0,2005-07-26T06:00:00,ENGINE_EXECUTABLE_HYDRAULICALLY_UNVALIDATED
C_28602,2.9788687229156494,2.663050889968872,1.1177780628204346,0,0,2005-07-26T05:45:00,ENGINE_EXECUTABLE_HYDRAULICALLY_UNVALIDATED
C_28606,14.201050758361816,2.0363516807556152,0.48406389355659485,0,0,2005-07-26T05:15:00,ENGINE_EXECUTABLE_HYDRAULICALLY_UNVALIDATED
C_28607,14.111003875732422,2.3142096996307373,0.42915740609169006,0,0,2005-07-26T02:30:00,ENGINE_EXECUTABLE_HYDRAULICALLY_UNVALIDATED
C_28608,13.953681945800781,2.5295701026916504,0.3745238482952118,0,0,2005-07-26T02:15:00,ENGINE_EXECUTABLE_HYDRAULICALLY_UNVALIDATED
C_28609,13.88525104522705,2.2244362831115723,0.4287887215614319,0,0,2005-07-26T04:45:00,ENGINE_EXECUTABLE_HYDRAULICALLY_UNVALIDATED
C_28610,13.795332908630371,1.9755151271820068,0.4818757474422455,0,0,2005-07-26T05:15:00,ENGINE_EXECUTABLE_HYDRAULICALLY_UNVALIDATED
C_28611,13.667427062988281,1.866590976715088,0.5053367018699646,0,0,2005-07-26T02:30:00,ENGINE_EXECUTABLE_HYDRAULICALLY_UNVALIDATED
C_28612,13.472967147827148,1.7852505445480347,0.5228283405303955,0,0,2005-07-26T02:15:00,ENGINE_EXECUTABLE_HYDRAULICALLY_UNVALIDATED
C_28613,13.443244934082031,2.914479970932007,0.5767315626144409,0,0,2005-07-26T04:30:00,ENGINE_EXECUTABLE_HYDRAULICALLY_UNVALIDATED
C_28614,13.752853393554688,2.6691107749938965,0.6450480222702026,0,0,2005-07-26T03:15:00,ENGINE_EXECUTABLE_HYDRAULICALLY_UNVALIDATED
C_28615,12.67846965789795,2.9148221015930176,0.7594860792160034,0,0,2005-07-26T04:45:00,ENGINE_EXECUTABLE_HYDRAULICALLY_UNVALIDATED
C_28616,12.655269622802734,1.5660130977630615,0.6368050575256348,0,0,2005-07-26T02:30:00,ENGINE_EXECUTABLE_HYDRAULICALLY_UNVALIDATED
C_28617,12.563694953918457,2.0781397819519043,0.47812607884407043,0,0,2005-07-26T05:15:00,ENGINE_EXECUTABLE_HYDRAULICALLY_UNVALIDATED
C_28618,12.361042976379395,1.6632633209228516,0.5356809496879578,0,0,2005-07-26T05:45:00,ENGINE_EXECUTABLE_HYDRAULICALLY_UNVALIDATED
C_28619,12.272077560424805,1.9624221324920654,0.584494411945343,0,0,2005-07-26T03:15:00,ENGINE_EXECUTABLE_HYDRAULICALLY_UNVALIDATED
C_28620,12.271709442138672,2.2811152935028076,0.6515392661094666,0,0,2005-07-26T03:45:00,ENGINE_EXECUTABLE_HYDRAULICALLY_UNVALIDATED
C_28621,12.2725830078125,2.116461992263794,0.7020553946495056,0,0,2005-07-26T05:45:00,ENGINE_EXECUTABLE_HYDRAULICALLY_UNVALIDATED
C_28622,12.212945938110352,1.3643468618392944,0.6885666847229004,0,0,2005-07-26T05:45:00,ENGINE_EXECUTABLE_HYDRAULICALLY_UNVALIDATED
C_28623,11.263457298278809,1.3714592456817627,0.6317121386528015,0,0,2005-07-26T03:45:00,ENGINE_EXECUTABLE_HYDRAULICALLY_UNVALIDATED
C_28624,2.0493569374084473,1.4157005548477173,0.9700326323509216,0,0,2005-07-26T05:45:00,ENGINE_EXECUTABLE_HYDRAULICALLY_UNVALIDATED
C_28625,1.9799047708511353,1.406686782836914,0.9382255673408508,0,0,2005-07-26T06:00:00,ENGINE_EXECUTABLE_HYDRAULICALLY_UNVALIDATED
C_28632,11.19690227508545,1.562949299812317,0.5730527639389038,0,0,2005-07-26T03:00:00,ENGINE_EXECUTABLE_HYDRAULICALLY_UNVALIDATED
C_28633,11.264158248901367,1.4546916484832764,0.5910484194755554,0,0,2005-07-26T03:45:00,ENGINE_EXECUTABLE_HYDRAULICALLY_UNVALIDATED
C_28634,10.996783256530762,1.7105190753936768,0.5844003558158875,0,0,2005-07-26T03:00:00,ENGINE_EXECUTABLE_HYDRAULICALLY_UNVALIDATED
C_28635,10.871373176574707,1.5326106548309326,0.5910482406616211,0,0,2005-07-26T04:45:00,ENGINE_EXECUTABLE_HYDRAULICALLY_UNVALIDATED
C_28636,10.808496475219727,1.659574270248413,0.5920079946517944,0,0,2005-07-26T04:45:00,ENGINE_EXECUTABLE_HYDRAULICALLY_UNVALIDATED
C_28637,10.668097496032715,1.4740612506866455,0.5566825866699219,0,0,2005-07-26T05:45:00,ENGINE_EXECUTABLE_HYDRAULICALLY_UNVALIDATED
C_28638,10.601421356201172,1.579667091369629,0.5161939859390259,0,0,2005-07-26T05:45:00,ENGINE_EXECUTABLE_HYDRAULICALLY_UNVALIDATED
C_28639,10.601597785949707,1.4739845991134644,0.5618495941162109,0,0,2005-07-26T04:30:00,ENGINE_EXECUTABLE_HYDRAULICALLY_UNVALIDATED
C_28640,10.538817405700684,1.3846811056137085,0.634179949760437,0,0,2005-07-26T05:15:00,ENGINE_EXECUTABLE_HYDRAULICALLY_UNVALIDATED
C_28641,9.869874000549316,1.2189159393310547,0.6746962070465088,0,0,2005-07-26T05:15:00,ENGINE_EXECUTABLE_HYDRAULICALLY_UNVALIDATED
C_28642,9.868854522705078,1.170167326927185,0.7027310729026794,0,0,2005-07-26T05:15:00,ENGINE_EXECUTABLE_HYDRAULICALLY_UNVALIDATED
C_28643,9.866933822631836,1.126513957977295,0.7298204302787781,0,0,2005-07-26T05:15:00,ENGINE_EXECUTABLE_HYDRAULICALLY_UNVALIDATED
C_28644,9.795855522155762,1.089016318321228,0.7495116591453552,0,0,2005-07-26T05:15:00,ENGINE_EXECUTABLE_HYDRAULICALLY_UNVALIDATED
C_28645,9.794698715209961,1.6944448947906494,0.7857665419578552,0,0,2005-07-26T04:15:00,ENGINE_EXECUTABLE_HYDRAULICALLY_UNVALIDATED
C_28646,9.795672416687012,1.5823711156845093,0.8414785265922546,0,0,2005-07-26T04:15:00,ENGINE_EXECUTABLE_HYDRAULICALLY_UNVALIDATED
C_28647,9.663082122802734,1.005674123764038,0.873408317565918,0,0,2005-07-26T04:15:00,ENGINE_EXECUTABLE_HYDRAULICALLY_UNVALIDATED
C_28648,9.66473388671875,0.8470967411994934,0.8775364756584167,0,0,2005-07-26T04:15:00,ENGINE_EXECUTABLE_HYDRAULICALLY_UNVALIDATED
C_28649,9.605180740356445,0.8366473317146301,0.8830217719078064,0,0,2005-07-26T04:15:00,ENGINE_EXECUTABLE_HYDRAULICALLY_UNVALIDATED
C_28650,9.606241226196289,0.8419898152351379,0.8775157928466797,0,0,2005-07-26T04:15:00,ENGINE_EXECUTABLE_HYDRAULICALLY_UNVALIDATED
C_28651,9.60678768157959,0.8774509429931641,0.8420999646186829,0,0,2005-07-26T04:15:00,ENGINE_EXECUTABLE_HYDRAULICALLY_UNVALIDATED
C_28652,9.606111526489258,0.9257699847221375,0.7981376647949219,0,0,2005-07-26T04:15:00,ENGINE_EXECUTABLE_HYDRAULICALLY_UNVALIDATED
C_28653,9.536378860473633,0.9999303221702576,0.7336472272872925,0,0,2005-07-26T05:00:00,ENGINE_EXECUTABLE_HYDRAULICALLY_UNVALIDATED
C_28654,9.398531913757324,1.1057637929916382,0.6538375616073608,0,0,2005-07-26T02:45:00,ENGINE_EXECUTABLE_HYDRAULICALLY_UNVALIDATED
C_28655,9.39749813079834,1.206997275352478,0.5988685488700867,0,0,2005-07-26T02:45:00,ENGINE_EXECUTABLE_HYDRAULICALLY_UNVALIDATED
C_28656,2.5943150520324707,1.853850245475769,0.34981605410575867,0,0,2005-07-26T05:45:00,ENGINE_EXECUTABLE_HYDRAULICALLY_UNVALIDATED
C_28657,6.6645941734313965,1.0140342712402344,0.5245058536529541,0,0,2005-07-26T02:45:00,ENGINE_EXECUTABLE_HYDRAULICALLY_UNVALIDATED
C_28658,6.666378498077393,1.1715344190597534,0.4522056579589844,0,0,2005-07-26T04:00:00,ENGINE_EXECUTABLE_HYDRAULICALLY_UNVALIDATED
C_28659,6.3916239738464355,1.1619747877120972,0.42308032512664795,0,0,2005-07-26T04:00:00,ENGINE_EXECUTABLE_HYDRAULICALLY_UNVALIDATED
C_28660,6.3904547691345215,1.201280951499939,0.4092554748058319,0,0,2005-07-26T05:45:00,ENGINE_EXECUTABLE_HYDRAULICALLY_UNVALIDATED
C_28661,6.393364906311035,1.2105083465576172,0.40622812509536743,0,0,2005-07-26T05:45:00,ENGINE_EXECUTABLE_HYDRAULICALLY_UNVALIDATED
C_28662,6.324980735778809,1.2018252611160278,0.4047866463661194,0,0,2005-07-26T05:45:00,ENGINE_EXECUTABLE_HYDRAULICALLY_UNVALIDATED
C_28663,2.525092601776123,1.6936190128326416,0.372694730758667,0,0,2005-07-26T05:45:00,ENGINE_EXECUTABLE_HYDRAULICALLY_UNVALIDATED
C_28664,1.9373433589935303,1.3979777097702026,0.34641605615615845,0,0,2005-07-26T06:00:00,ENGINE_EXECUTABLE_HYDRAULICALLY_UNVALIDATED
C_28665,0.6339153051376343,0.7740544676780701,0.18196961283683777,0,0,2005-07-26T06:00:00,ENGINE_EXECUTABLE_HYDRAULICALLY_UNVALIDATED
C_28666,1.7324305772781372,1.2440237998962402,0.232074573636055,0,0,2005-07-26T06:00:00,ENGINE_EXECUTABLE_HYDRAULICALLY_UNVALIDATED
C_28667,0.633915364742279,0.7245928049087524,0.19439110159873962,0,0,2005-07-26T06:00:00,ENGINE_EXECUTABLE_HYDRAULICALLY_UNVALIDATED
C_28668,2.23711895942688,1.5673596858978271,0.31714627146720886,0,0,2005-07-26T05:30:00,ENGINE_EXECUTABLE_HYDRAULICALLY_UNVALIDATED
C_28669,2.168933629989624,1.524132490158081,0.2845805585384369,0,0,2005-07-26T05:45:00,ENGINE_EXECUTABLE_HYDRAULICALLY_UNVALIDATED
C_28670,2.168933153152466,2.0117993354797363,0.2155977040529251,0,0,2005-07-26T04:45:00,ENGINE_EXECUTABLE_HYDRAULICALLY_UNVALIDATED
C_28671,2.1725971698760986,1.7932709455490112,0.23242437839508057,0,0,2005-07-26T05:45:00,ENGINE_EXECUTABLE_HYDRAULICALLY_UNVALIDATED
C_28676,6.325188159942627,1.2105244398117065,0.40189090371131897,0,0,2005-07-26T05:45:00,ENGINE_EXECUTABLE_HYDRAULICALLY_UNVALIDATED
C_28677,6.319929122924805,1.2155369520187378,0.39998841285705566,0,0,2005-07-26T05:45:00,ENGINE_EXECUTABLE_HYDRAULICALLY_UNVALIDATED
C_28678,6.25172233581543,1.2044105529785156,0.3992394208908081,0,0,2005-07-26T04:30:00,ENGINE_EXECUTABLE_HYDRAULICALLY_UNVALIDATED
C_28679,6.191902160644531,1.191760778427124,0.3996163606643677,0,0,2005-07-26T04:30:00,ENGINE_EXECUTABLE_HYDRAULICALLY_UNVALIDATED
C_28680,6.188140392303467,1.1989431381225586,0.3969811201095581,0,0,2005-07-26T04:30:00,ENGINE_EXECUTABLE_HYDRAULICALLY_UNVALIDATED
C_28681,6.191959857940674,1.1834349632263184,0.40243151783943176,0,0,2005-07-26T04:30:00,ENGINE_EXECUTABLE_HYDRAULICALLY_UNVALIDATED
C_28682,6.121715545654297,1.1802239418029785,0.39894869923591614,0,0,2005-07-26T06:00:00,ENGINE_EXECUTABLE_HYDRAULICALLY_UNVALIDATED
C_28683,6.185967445373535,1.188933253288269,0.4001828134059906,0,0,2005-07-26T04:30:00,ENGINE_EXECUTABLE_HYDRAULICALLY_UNVALIDATED
C_28684,6.124145030975342,1.1844738721847534,0.3976749777793884,0,0,2005-07-26T06:00:00,ENGINE_EXECUTABLE_HYDRAULICALLY_UNVALIDATED
C_28685,6.1183624267578125,1.1864162683486938,0.39677631855010986,0,0,2005-07-26T06:00:00,ENGINE_EXECUTABLE_HYDRAULICALLY_UNVALIDATED
C_28686,6.1215033531188965,1.1885621547698975,0.3961361348628998,0,0,2005-07-26T04:15:00,ENGINE_EXECUTABLE_HYDRAULICALLY_UNVALIDATED
C_28687,6.062108993530273,1.180158257484436,0.3950861394405365,0,0,2005-07-26T05:15:00,ENGINE_EXECUTABLE_HYDRAULICALLY_UNVALIDATED
C_28688,0.6339154243469238,0.7420881390571594,0.1898081749677658,0,0,2005-07-26T06:00:00,ENGINE_EXECUTABLE_HYDRAULICALLY_UNVALIDATED
C_28689,0.7021047472953796,0.9551578760147095,0.16332997381687164,0,0,2005-07-26T05:45:00,ENGINE_EXECUTABLE_HYDRAULICALLY_UNVALIDATED
C_28690,0.7021047472953796,1.129944086074829,0.1380651593208313,0,0,2005-07-26T05:45:00,ENGINE_EXECUTABLE_HYDRAULICALLY_UNVALIDATED
C_28691,0.9243178367614746,1.698173999786377,0.2189861387014389,0,0,2005-07-26T04:00:00,ENGINE_EXECUTABLE_HYDRAULICALLY_UNVALIDATED
C_28692,0.9544121026992798,1.8846752643585205,0.23487958312034607,0,0,2005-07-26T04:00:00,ENGINE_EXECUTABLE_HYDRAULICALLY_UNVALIDATED
C_28693,0.9387273788452148,1.559584617614746,0.27821463346481323,0,0,2005-07-26T05:15:00,ENGINE_EXECUTABLE_HYDRAULICALLY_UNVALIDATED
C_28694,0.9750526547431946,1.8699400424957275,0.2584913969039917,0,0,2005-07-26T03:30:00,ENGINE_EXECUTABLE_HYDRAULICALLY_UNVALIDATED
C_28695,0.9543517827987671,1.5352091789245605,0.28710097074508667,0,0,2005-07-26T02:30:00,ENGINE_EXECUTABLE_HYDRAULICALLY_UNVALIDATED
C_28696,0.9797551035881042,1.6508878469467163,0.27409031987190247,0,0,2005-07-26T03:30:00,ENGINE_EXECUTABLE_HYDRAULICALLY_UNVALIDATED
C_28697,1.6277530193328857,1.3743985891342163,0.19812268018722534,0,0,2005-07-26T04:15:00,ENGINE_EXECUTABLE_HYDRAULICALLY_UNVALIDATED
C_28698,0.9664795994758606,1.8357847929000854,0.2643187642097473,0,0,2005-07-26T05:45:00,ENGINE_EXECUTABLE_HYDRAULICALLY_UNVALIDATED
C_28699,2.1689298152923584,1.3793144226074219,0.302016019821167,0,0,2005-07-26T05:45:00,ENGINE_EXECUTABLE_HYDRAULICALLY_UNVALIDATED
C_28700,2.1689295768737793,0.7925379276275635,0.34752145409584045,0,0,2005-07-26T05:45:00,ENGINE_EXECUTABLE_HYDRAULICALLY_UNVALIDATED
C_28701,2.1689295768737793,1.1587028503417969,0.34918874502182007,0,0,2005-07-26T06:00:00,ENGINE_EXECUTABLE_HYDRAULICALLY_UNVALIDATED
C_28702,2.1689298152923584,0.9626213908195496,0.3557395339012146,0,0,2005-07-26T06:00:00,ENGINE_EXECUTABLE_HYDRAULICALLY_UNVALIDATED
C_28703,0.9634482860565186,1.8140149116516113,0.2743849456310272,0,0,2005-07-26T03:15:00,ENGINE_EXECUTABLE_HYDRAULICALLY_UNVALIDATED
C_28704,1.8495066165924072,1.2603685855865479,0.35390007495880127,0,0,2005-07-26T06:00:00,ENGINE_EXECUTABLE_HYDRAULICALLY_UNVALIDATED
C_28705,1.7818912267684937,1.2959898710250854,0.37987667322158813,0,0,2005-07-26T06:00:00,ENGINE_EXECUTABLE_HYDRAULICALLY_UNVALIDATED
C_28706,1.474338412284851,0.8138221502304077,0.379992812871933,0,0,2005-07-26T05:30:00,ENGINE_EXECUTABLE_HYDRAULICALLY_UNVALIDATED
C_28707,1.4106260538101196,0.8740460872650146,0.36298224329948425,0,0,2005-07-26T05:45:00,ENGINE_EXECUTABLE_HYDRAULICALLY_UNVALIDATED
C_28708,1.2237364053726196,1.3285638093948364,0.38075220584869385,0,0,2005-07-26T05:45:00,ENGINE_EXECUTABLE_HYDRAULICALLY_UNVALIDATED
C_28709,1.154284119606018,0.25768527388572693,0.37424588203430176,0,0,2005-07-26T05:15:00,ENGINE_EXECUTABLE_HYDRAULICALLY_UNVALIDATED
C_28710,1.154284119606018,0.4484478235244751,0.30869901180267334,0,0,2005-07-26T05:30:00,ENGINE_EXECUTABLE_HYDRAULICALLY_UNVALIDATED
C_28817,0.0,0.0,3.0479999622912146e-05,0,0,2005-07-26T00:15:00,ENGINE_EXECUTABLE_HYDRAULICALLY_UNVALIDATED
C_28818,0.0,0.0,3.0479999622912146e-05,0,0,2005-07-26T00:15:00,ENGINE_EXECUTABLE_HYDRAULICALLY_UNVALIDATED
C_28906,0.0,0.0,3.0479999622912146e-05,0,0,2005-07-26T00:15:00,ENGINE_EXECUTABLE_HYDRAULICALLY_UNVALIDATED
C_28907,0.0,0.0,3.0479999622912146e-05,0,0,2005-07-26T00:15:00,ENGINE_EXECUTABLE_HYDRAULICALLY_UNVALIDATED
C_28908,0.0,0.0,3.0479999622912146e-05,0,0,2005-07-26T00:15:00,ENGINE_EXECUTABLE_HYDRAULICALLY_UNVALIDATED
C_28909,0.0,0.0,3.0479999622912146e-05,0,0,2005-07-26T00:15:00,ENGINE_EXECUTABLE_HYDRAULICALLY_UNVALIDATED
C_28910,0.0,0.0,3.0479999622912146e-05,0,0,2005-07-26T00:15:00,ENGINE_EXECUTABLE_HYDRAULICALLY_UNVALIDATED
C_28911,0.0,0.0,3.0479999622912146e-05,0,0,2005-07-26T00:15:00,ENGINE_EXECUTABLE_HYDRAULICALLY_UNVALIDATED
C_28912,0.0,0.0,3.0479999622912146e-05,0,0,2005-07-26T00:15:00,ENGINE_EXECUTABLE_HYDRAULICALLY_UNVALIDATED
C_28913,0.0,0.0,3.0479999622912146e-05,0,0,2005-07-26T00:15:00,ENGINE_EXECUTABLE_HYDRAULICALLY_UNVALIDATED
C_28914,0.0,0.0,3.0479999622912146e-05,0,0,2005-07-26T00:15:00,ENGINE_EXECUTABLE_HYDRAULICALLY_UNVALIDATED
C_28915,0.0,0.0,3.0479999622912146e-05,0,0,2005-07-26T00:15:00,ENGINE_EXECUTABLE_HYDRAULICALLY_UNVALIDATED
C_28916,0.0,0.0,3.0479999622912146e-05,0,0,2005-07-26T00:15:00,ENGINE_EXECUTABLE_HYDRAULICALLY_UNVALIDATED
C_28917,0.0,0.0,3.0479999622912146e-05,0,0,2005-07-26T00:15:00,ENGINE_EXECUTABLE_HYDRAULICALLY_UNVALIDATED
C_28918,0.0,0.0,3.0479999622912146e-05,0,0,2005-07-26T00:15:00,ENGINE_EXECUTABLE_HYDRAULICALLY_UNVALIDATED
C_28919,0.0,0.0,3.0479999622912146e-05,0,0,2005-07-26T00:15:00,ENGINE_EXECUTABLE_HYDRAULICALLY_UNVALIDATED
C_28920,0.0,0.0,3.0479999622912146e-05,0,0,2005-07-26T00:15:00,ENGINE_EXECUTABLE_HYDRAULICALLY_UNVALIDATED
C_28921,0.0,0.0,3.0479999622912146e-05,0,0,2005-07-26T00:15:00,ENGINE_EXECUTABLE_HYDRAULICALLY_UNVALIDATED
C_28922,0.0,0.0,3.0479999622912146e-05,0,0,2005-07-26T00:15:00,ENGINE_EXECUTABLE_HYDRAULICALLY_UNVALIDATED
C_28923,0.0,0.0,3.0479999622912146e-05,0,0,2005-07-26T00:15:00,ENGINE_EXECUTABLE_HYDRAULICALLY_UNVALIDATED
C_28924,0.0,0.0,3.0479999622912146e-05,0,0,2005-07-26T00:15:00,ENGINE_EXECUTABLE_HYDRAULICALLY_UNVALIDATED
C_28925,0.0,0.0,3.0479999622912146e-05,0,0,2005-07-26T00:15:00,ENGINE_EXECUTABLE_HYDRAULICALLY_UNVALIDATED
C_28926,0.0,0.0,3.0479999622912146e-05,0,0,2005-07-26T00:15:00,ENGINE_EXECUTABLE_HYDRAULICALLY_UNVALIDATED
C_28927,0.0,0.0,3.0479999622912146e-05,0,0,2005-07-26T00:15:00,ENGINE_EXECUTABLE_HYDRAULICALLY_UNVALIDATED
C_28928,0.0,0.0,3.0479999622912146e-05,0,0,2005-07-26T00:15:00,ENGINE_EXECUTABLE_HYDRAULICALLY_UNVALIDATED
C_28929,0.0,0.0,3.0479999622912146e-05,0,0,2005-07-26T00:15:00,ENGINE_EXECUTABLE_HYDRAULICALLY_UNVALIDATED
C_28930,0.0,0.0,3.0479999622912146e-05,0,0,2005-07-26T00:15:00,ENGINE_EXECUTABLE_HYDRAULICALLY_UNVALIDATED
C_28931,0.0,0.0,3.0479999622912146e-05,0,0,2005-07-26T00:15:00,ENGINE_EXECUTABLE_HYDRAULICALLY_UNVALIDATED
C_28932,0.0,0.0,3.0479999622912146e-05,0,0,2005-07-26T00:15:00,ENGINE_EXECUTABLE_HYDRAULICALLY_UNVALIDATED
C_28933,0.0,0.0,3.0479999622912146e-05,0,0,2005-07-26T00:15:00,ENGINE_EXECUTABLE_HYDRAULICALLY_UNVALIDATED
C_28934,0.0,0.0,3.0479999622912146e-05,0,0,2005-07-26T00:15:00,ENGINE_EXECUTABLE_HYDRAULICALLY_UNVALIDATED
C_28935,0.0,0.0,3.0479999622912146e-05,0,0,2005-07-26T00:15:00,ENGINE_EXECUTABLE_HYDRAULICALLY_UNVALIDATED
C_28936,0.0,0.0,3.0479999622912146e-05,0,0,2005-07-26T00:15:00,ENGINE_EXECUTABLE_HYDRAULICALLY_UNVALIDATED
C_28937,0.0,0.0,3.0479999622912146e-05,0,0,2005-07-26T00:15:00,ENGINE_EXECUTABLE_HYDRAULICALLY_UNVALIDATED
C_28938,0.0,0.0,3.0479999622912146e-05,0,0,2005-07-26T00:15:00,ENGINE_EXECUTABLE_HYDRAULICALLY_UNVALIDATED
C_28939,0.0,0.0,3.0479999622912146e-05,0,0,2005-07-26T00:15:00,ENGINE_EXECUTABLE_HYDRAULICALLY_UNVALIDATED
C_28940,0.0,0.0,3.0479999622912146e-05,0,0,2005-07-26T00:15:00,ENGINE_EXECUTABLE_HYDRAULICALLY_UNVALIDATED
C_28941,0.0,0.0,3.0479999622912146e-05,0,0,2005-07-26T00:15:00,ENGINE_EXECUTABLE_HYDRAULICALLY_UNVALIDATED
C_28942,0.0,0.0,3.0479999622912146e-05,0,0,2005-07-26T00:15:00,ENGINE_EXECUTABLE_HYDRAULICALLY_UNVALIDATED
C_28943,0.0,0.0,3.0479999622912146e-05,0,0,2005-07-26T00:15:00,ENGINE_EXECUTABLE_HYDRAULICALLY_UNVALIDATED
C_28944,0.0,0.0,3.0479999622912146e-05,0,0,2005-07-26T00:15:00,ENGINE_EXECUTABLE_HYDRAULICALLY_UNVALIDATED
C_28945,0.0,0.0,3.0479999622912146e-05,0,0,2005-07-26T00:15:00,ENGINE_EXECUTABLE_HYDRAULICALLY_UNVALIDATED
C_28946,0.0,0.0,3.0479999622912146e-05,0,0,2005-07-26T00:15:00,ENGINE_EXECUTABLE_HYDRAULICALLY_UNVALIDATED
C_28947,0.0,0.0,3.0479999622912146e-05,0,0,2005-07-26T00:15:00,ENGINE_EXECUTABLE_HYDRAULICALLY_UNVALIDATED
C_28948,0.0,0.0,3.0479999622912146e-05,0,0,2005-07-26T00:15:00,ENGINE_EXECUTABLE_HYDRAULICALLY_UNVALIDATED
C_28949,0.0,0.0,3.0479999622912146e-05,0,0,2005-07-26T00:15:00,ENGINE_EXECUTABLE_HYDRAULICALLY_UNVALIDATED
C_28950,0.0,0.0,3.0479999622912146e-05,0,0,2005-07-26T00:15:00,ENGINE_EXECUTABLE_HYDRAULICALLY_UNVALIDATED
C_28951,0.0,0.0,3.0479999622912146e-05,0,0,2005-07-26T00:15:00,ENGINE_EXECUTABLE_HYDRAULICALLY_UNVALIDATED
C_28952,0.0,0.0,3.0479999622912146e-05,0,0,2005-07-26T00:15:00,ENGINE_EXECUTABLE_HYDRAULICALLY_UNVALIDATED
C_28953,0.0,0.0,3.0479999622912146e-05,0,0,2005-07-26T00:15:00,ENGINE_EXECUTABLE_HYDRAULICALLY_UNVALIDATED
C_28954,0.0,0.0,3.0479999622912146e-05,0,0,2005-07-26T00:15:00,ENGINE_EXECUTABLE_HYDRAULICALLY_UNVALIDATED
C_28955,0.0,0.0,3.0479999622912146e-05,0,0,2005-07-26T00:15:00,ENGINE_EXECUTABLE_HYDRAULICALLY_UNVALIDATED
C_28956,0.0,0.0,3.0479999622912146e-05,0,0,2005-07-26T00:15:00,ENGINE_EXECUTABLE_HYDRAULICALLY_UNVALIDATED
C_28957,0.0,0.0,3.0479999622912146e-05,0,0,2005-07-26T00:15:00,ENGINE_EXECUTABLE_HYDRAULICALLY_UNVALIDATED
C_28958,0.0,0.0,3.0479999622912146e-05,0,0,2005-07-26T00:15:00,ENGINE_EXECUTABLE_HYDRAULICALLY_UNVALIDATED
C_28959,0.0,0.0,3.0479999622912146e-05,0,0,2005-07-26T00:15:00,ENGINE_EXECUTABLE_HYDRAULICALLY_UNVALIDATED
C_28960,0.0,0.0,3.0479999622912146e-05,0,0,2005-07-26T00:15:00,ENGINE_EXECUTABLE_HYDRAULICALLY_UNVALIDATED
C_28961,0.0,0.0,3.0479999622912146e-05,0,0,2005-07-26T00:15:00,ENGINE_EXECUTABLE_HYDRAULICALLY_UNVALIDATED
C_28962,0.0,0.0,3.0479999622912146e-05,0,0,2005-07-26T00:15:00,ENGINE_EXECUTABLE_HYDRAULICALLY_UNVALIDATED
C_28963,0.0,0.0,3.0479999622912146e-05,0,0,2005-07-26T00:15:00,ENGINE_EXECUTABLE_HYDRAULICALLY_UNVALIDATED
C_28964,0.0,0.0,3.0479999622912146e-05,0,0,2005-07-26T00:15:00,ENGINE_EXECUTABLE_HYDRAULICALLY_UNVALIDATED
C_28965,0.0,0.0,3.0479999622912146e-05,0,0,2005-07-26T00:15:00,ENGINE_EXECUTABLE_HYDRAULICALLY_UNVALIDATED
C_28966,0.0,0.0,3.0479999622912146e-05,0,0,2005-07-26T00:15:00,ENGINE_EXECUTABLE_HYDRAULICALLY_UNVALIDATED
C_28967,0.0,0.0,3.0479999622912146e-05,0,0,2005-07-26T00:15:00,ENGINE_EXECUTABLE_HYDRAULICALLY_UNVALIDATED
C_28968,0.0,0.0,3.0479999622912146e-05,0,0,2005-07-26T00:15:00,ENGINE_EXECUTABLE_HYDRAULICALLY_UNVALIDATED
C_28969,0.0,0.0,3.0479999622912146e-05,0,0,2005-07-26T00:15:00,ENGINE_EXECUTABLE_HYDRAULICALLY_UNVALIDATED
C_28970,0.0,0.0,3.0479999622912146e-05,0,0,2005-07-26T00:15:00,ENGINE_EXECUTABLE_HYDRAULICALLY_UNVALIDATED
C_28971,0.0,0.0,3.0479999622912146e-05,0,0,2005-07-26T00:15:00,ENGINE_EXECUTABLE_HYDRAULICALLY_UNVALIDATED
C_28972,0.0,0.0,3.0479999622912146e-05,0,0,2005-07-26T00:15:00,ENGINE_EXECUTABLE_HYDRAULICALLY_UNVALIDATED
C_28973,0.0,0.0,3.0479999622912146e-05,0,0,2005-07-26T00:15:00,ENGINE_EXECUTABLE_HYDRAULICALLY_UNVALIDATED
C_28974,0.0,0.0,3.0479999622912146e-05,0,0,2005-07-26T00:15:00,ENGINE_EXECUTABLE_HYDRAULICALLY_UNVALIDATED
C_28975,0.0,0.0,3.0479999622912146e-05,0,0,2005-07-26T00:15:00,ENGINE_EXECUTABLE_HYDRAULICALLY_UNVALIDATED
C_28976,0.0,0.0,3.0479999622912146e-05,0,0,2005-07-26T00:15:00,ENGINE_EXECUTABLE_HYDRAULICALLY_UNVALIDATED
C_28977,0.0,0.0,3.0479999622912146e-05,0,0,2005-07-26T00:15:00,ENGINE_EXECUTABLE_HYDRAULICALLY_UNVALIDATED
C_28978,0.0,0.0,3.0479999622912146e-05,0,0,2005-07-26T00:15:00,ENGINE_EXECUTABLE_HYDRAULICALLY_UNVALIDATED
C_28979,0.0,0.0,3.0479999622912146e-05,0,0,2005-07-26T00:15:00,ENGINE_EXECUTABLE_HYDRAULICALLY_UNVALIDATED
C_28980,0.0,0.0,3.0479999622912146e-05,0,0,2005-07-26T00:15:00,ENGINE_EXECUTABLE_HYDRAULICALLY_UNVALIDATED
C_28981,0.0,0.0,3.0479999622912146e-05,0,0,2005-07-26T00:15:00,ENGINE_EXECUTABLE_HYDRAULICALLY_UNVALIDATED
C_28982,0.0,0.0,3.0479999622912146e-05,0,0,2005-07-26T00:15:00,ENGINE_EXECUTABLE_HYDRAULICALLY_UNVALIDATED
C_28983,0.0,0.0,3.0479999622912146e-05,0,0,2005-07-26T00:15:00,ENGINE_EXECUTABLE_HYDRAULICALLY_UNVALIDATED
C_28984,0.0,0.0,3.0479999622912146e-05,0,0,2005-07-26T00:15:00,ENGINE_EXECUTABLE_HYDRAULICALLY_UNVALIDATED
C_28985,0.0,0.0,3.0479999622912146e-05,0,0,2005-07-26T00:15:00,ENGINE_EXECUTABLE_HYDRAULICALLY_UNVALIDATED
C_28986,0.0,0.0,3.0479999622912146e-05,0,0,2005-07-26T00:15:00,ENGINE_EXECUTABLE_HYDRAULICALLY_UNVALIDATED
C_28987,0.0,0.0,3.0479999622912146e-05,0,0,2005-07-26T00:15:00,ENGINE_EXECUTABLE_HYDRAULICALLY_UNVALIDATED
C_28988,0.0,0.0,3.0479999622912146e-05,0,0,2005-07-26T00:15:00,ENGINE_EXECUTABLE_HYDRAULICALLY_UNVALIDATED
C_28989,0.0,0.0,3.0479999622912146e-05,0,0,2005-07-26T00:15:00,ENGINE_EXECUTABLE_HYDRAULICALLY_UNVALIDATED
C_28990,0.0,0.0,3.0479999622912146e-05,0,0,2005-07-26T00:15:00,ENGINE_EXECUTABLE_HYDRAULICALLY_UNVALIDATED
C_28991,0.0,0.0,3.0479999622912146e-05,0,0,2005-07-26T00:15:00,ENGINE_EXECUTABLE_HYDRAULICALLY_UNVALIDATED
C_28992,0.0,0.0,3.0479999622912146e-05,0,0,2005-07-26T00:15:00,ENGINE_EXECUTABLE_HYDRAULICALLY_UNVALIDATED
C_28993,0.0,0.0,3.0479999622912146e-05,0,0,2005-07-26T00:15:00,ENGINE_EXECUTABLE_HYDRAULICALLY_UNVALIDATED
C_28994,0.0,0.0,3.0479999622912146e-05,0,0,2005-07-26T00:15:00,ENGINE_EXECUTABLE_HYDRAULICALLY_UNVALIDATED
C_28996,0.0,0.0,3.0479999622912146e-05,0,0,2005-07-26T00:15:00,ENGINE_EXECUTABLE_HYDRAULICALLY_UNVALIDATED
C_28997,0.0,0.0,3.0479999622912146e-05,0,0,2005-07-26T00:15:00,ENGINE_EXECUTABLE_HYDRAULICALLY_UNVALIDATED
C_28998,0.0,0.0,3.0479999622912146e-05,0,0,2005-07-26T00:15:00,ENGINE_EXECUTABLE_HYDRAULICALLY_UNVALIDATED
C_28999,0.0,0.0,3.0479999622912146e-05,0,0,2005-07-26T00:15:00,ENGINE_EXECUTABLE_HYDRAULICALLY_UNVALIDATED
C_29000,0.0,0.0,3.0479999622912146e-05,0,0,2005-07-26T00:15:00,ENGINE_EXECUTABLE_HYDRAULICALLY_UNVALIDATED
C_29001,0.0,0.0,3.0479999622912146e-05,0,0,2005-07-26T00:15:00,ENGINE_EXECUTABLE_HYDRAULICALLY_UNVALIDATED
C_29002,0.0,0.0,3.0479999622912146e-05,0,0,2005-07-26T00:15:00,ENGINE_EXECUTABLE_HYDRAULICALLY_UNVALIDATED
C_29003,0.0,0.0,3.0479999622912146e-05,0,0,2005-07-26T00:15:00,ENGINE_EXECUTABLE_HYDRAULICALLY_UNVALIDATED
C_29004,0.0,0.0,3.0479999622912146e-05,0,0,2005-07-26T00:15:00,ENGINE_EXECUTABLE_HYDRAULICALLY_UNVALIDATED
C_29005,0.0,0.0,3.0479999622912146e-05,0,0,2005-07-26T00:15:00,ENGINE_EXECUTABLE_HYDRAULICALLY_UNVALIDATED
C_29006,0.0,0.0,3.0479999622912146e-05,0,0,2005-07-26T00:15:00,ENGINE_EXECUTABLE_HYDRAULICALLY_UNVALIDATED
C_29007,0.0,0.0,3.0479999622912146e-05,0,0,2005-07-26T00:15:00,ENGINE_EXECUTABLE_HYDRAULICALLY_UNVALIDATED
C_29008,0.0,0.0,3.0479999622912146e-05,0,0,2005-07-26T00:15:00,ENGINE_EXECUTABLE_HYDRAULICALLY_UNVALIDATED
C_29009,0.0,0.0,3.0479999622912146e-05,0,0,2005-07-26T00:15:00,ENGINE_EXECUTABLE_HYDRAULICALLY_UNVALIDATED
C_29011,0.0,0.0,3.0479999622912146e-05,0,0,2005-07-26T00:15:00,ENGINE_EXECUTABLE_HYDRAULICALLY_UNVALIDATED
C_29012,0.0,0.0,3.0479999622912146e-05,0,0,2005-07-26T00:15:00,ENGINE_EXECUTABLE_HYDRAULICALLY_UNVALIDATED
C_29013,0.0,0.0,3.0479999622912146e-05,0,0,2005-07-26T00:15:00,ENGINE_EXECUTABLE_HYDRAULICALLY_UNVALIDATED
C_29014,0.0,0.0,3.0479999622912146e-05,0,0,2005-07-26T00:15:00,ENGINE_EXECUTABLE_HYDRAULICALLY_UNVALIDATED
C_29015,0.0,0.0,3.0479999622912146e-05,0,0,2005-07-26T00:15:00,ENGINE_EXECUTABLE_HYDRAULICALLY_UNVALIDATED
C_29016,0.0,0.0,3.0479999622912146e-05,0,0,2005-07-26T00:15:00,ENGINE_EXECUTABLE_HYDRAULICALLY_UNVALIDATED
C_29017,0.0,0.0,3.0479999622912146e-05,0,0,2005-07-26T00:15:00,ENGINE_EXECUTABLE_HYDRAULICALLY_UNVALIDATED
C_29018,0.0,0.0,3.0479999622912146e-05,0,0,2005-07-26T00:15:00,ENGINE_EXECUTABLE_HYDRAULICALLY_UNVALIDATED
C_29019,0.0,0.0,3.0479999622912146e-05,0,0,2005-07-26T00:15:00,ENGINE_EXECUTABLE_HYDRAULICALLY_UNVALIDATED
C_29020,0.0,0.0,3.0479999622912146e-05,0,0,2005-07-26T00:15:00,ENGINE_EXECUTABLE_HYDRAULICALLY_UNVALIDATED
C_29021,0.0,0.0,3.0479999622912146e-05,0,0,2005-07-26T00:15:00,ENGINE_EXECUTABLE_HYDRAULICALLY_UNVALIDATED
C_29022,0.0,0.0,3.0479999622912146e-05,0,0,2005-07-26T00:15:00,ENGINE_EXECUTABLE_HYDRAULICALLY_UNVALIDATED
C_29023,0.0,0.0,3.0479999622912146e-05,0,0,2005-07-26T00:15:00,ENGINE_EXECUTABLE_HYDRAULICALLY_UNVALIDATED
C_29024,0.0,0.0,3.0479999622912146e-05,0,0,2005-07-26T00:15:00,ENGINE_EXECUTABLE_HYDRAULICALLY_UNVALIDATED
C_29025,0.0,0.0,3.0479999622912146e-05,0,0,2005-07-26T00:15:00,ENGINE_EXECUTABLE_HYDRAULICALLY_UNVALIDATED
C_29026,0.0,0.0,3.0479999622912146e-05,0,0,2005-07-26T00:15:00,ENGINE_EXECUTABLE_HYDRAULICALLY_UNVALIDATED
C_29028,0.0,0.0,3.0479999622912146e-05,0,0,2005-07-26T00:15:00,ENGINE_EXECUTABLE_HYDRAULICALLY_UNVALIDATED
C_29029,0.0,0.0,3.0479999622912146e-05,0,0,2005-07-26T00:15:00,ENGINE_EXECUTABLE_HYDRAULICALLY_UNVALIDATED
C_29031,0.0,0.0,3.0479999622912146e-05,0,0,2005-07-26T00:15:00,ENGINE_EXECUTABLE_HYDRAULICALLY_UNVALIDATED
C_29032,0.0,0.0,3.0479999622912146e-05,0,0,2005-07-26T00:15:00,ENGINE_EXECUTABLE_HYDRAULICALLY_UNVALIDATED
C_29034,0.0,0.0,3.0479999622912146e-05,0,0,2005-07-26T00:15:00,ENGINE_EXECUTABLE_HYDRAULICALLY_UNVALIDATED
C_29036,0.0,0.0,3.0479999622912146e-05,0,0,2005-07-26T00:15:00,ENGINE_EXECUTABLE_HYDRAULICALLY_UNVALIDATED
C_29037,0.0,0.0,3.0479999622912146e-05,0,0,2005-07-26T00:15:00,ENGINE_EXECUTABLE_HYDRAULICALLY_UNVALIDATED
C_29042,0.0,0.0,3.0479999622912146e-05,0,0,2005-07-26T00:15:00,ENGINE_EXECUTABLE_HYDRAULICALLY_UNVALIDATED
C_29050,0.0,0.0,3.0479999622912146e-05,0,0,2005-07-26T00:15:00,ENGINE_EXECUTABLE_HYDRAULICALLY_UNVALIDATED
C_29051,0.0,0.0,3.0479999622912146e-05,0,0,2005-07-26T00:15:00,ENGINE_EXECUTABLE_HYDRAULICALLY_UNVALIDATED
C_29052,0.0,0.0,3.0479999622912146e-05,0,0,2005-07-26T00:15:00,ENGINE_EXECUTABLE_HYDRAULICALLY_UNVALIDATED
C_29053,0.0,0.0,3.0479999622912146e-05,0,0,2005-07-26T00:15:00,ENGINE_EXECUTABLE_HYDRAULICALLY_UNVALIDATED
C_29054,0.0,0.0,3.0479999622912146e-05,0,0,2005-07-26T00:15:00,ENGINE_EXECUTABLE_HYDRAULICALLY_UNVALIDATED
C_29055,0.0,0.0,3.0479999622912146e-05,0,0,2005-07-26T00:15:00,ENGINE_EXECUTABLE_HYDRAULICALLY_UNVALIDATED
C_29056,0.0,0.0,3.0479999622912146e-05,0,0,2005-07-26T00:15:00,ENGINE_EXECUTABLE_HYDRAULICALLY_UNVALIDATED
C_29057,0.0,0.0,3.0479999622912146e-05,0,0,2005-07-26T00:15:00,ENGINE_EXECUTABLE_HYDRAULICALLY_UNVALIDATED
C_29058,0.0,0.0,3.0479999622912146e-05,0,0,2005-07-26T00:15:00,ENGINE_EXECUTABLE_HYDRAULICALLY_UNVALIDATED
C_29059,0.0,0.0,3.0479999622912146e-05,0,0,2005-07-26T00:15:00,ENGINE_EXECUTABLE_HYDRAULICALLY_UNVALIDATED
C_29060,0.0,0.0,3.0479999622912146e-05,0,0,2005-07-26T00:15:00,ENGINE_EXECUTABLE_HYDRAULICALLY_UNVALIDATED
C_29061,0.0,0.0,3.0479999622912146e-05,0,0,2005-07-26T00:15:00,ENGINE_EXECUTABLE_HYDRAULICALLY_UNVALIDATED
C_29062,0.0,0.0,3.0479999622912146e-05,0,0,2005-07-26T00:15:00,ENGINE_EXECUTABLE_HYDRAULICALLY_UNVALIDATED
C_29063,0.0,0.0,3.0479999622912146e-05,0,0,2005-07-26T00:15:00,ENGINE_EXECUTABLE_HYDRAULICALLY_UNVALIDATED
C_29064,0.0,0.0,3.0479999622912146e-05,0,0,2005-07-26T00:15:00,ENGINE_EXECUTABLE_HYDRAULICALLY_UNVALIDATED
C_29065,0.0,0.0,3.0479999622912146e-05,0,0,2005-07-26T00:15:00,ENGINE_EXECUTABLE_HYDRAULICALLY_UNVALIDATED
C_29066,0.0,0.0,3.0479999622912146e-05,0,0,2005-07-26T00:15:00,ENGINE_EXECUTABLE_HYDRAULICALLY_UNVALIDATED
C_29067,0.0,0.0,3.0479999622912146e-05,0,0,2005-07-26T00:15:00,ENGINE_EXECUTABLE_HYDRAULICALLY_UNVALIDATED
C_29068,0.0,0.0,3.0479999622912146e-05,0,0,2005-07-26T00:15:00,ENGINE_EXECUTABLE_HYDRAULICALLY_UNVALIDATED
C_29069,0.0,0.0,3.0479999622912146e-05,0,0,2005-07-26T00:15:00,ENGINE_EXECUTABLE_HYDRAULICALLY_UNVALIDATED
C_29070,0.0,0.0,3.0479999622912146e-05,0,0,2005-07-26T00:15:00,ENGINE_EXECUTABLE_HYDRAULICALLY_UNVALIDATED
C_29071,0.0,0.0,3.0479999622912146e-05,0,0,2005-07-26T00:15:00,ENGINE_EXECUTABLE_HYDRAULICALLY_UNVALIDATED
C_29072,0.0,0.0,3.0479999622912146e-05,0,0,2005-07-26T00:15:00,ENGINE_EXECUTABLE_HYDRAULICALLY_UNVALIDATED
C_29073,0.0,0.0,3.0479999622912146e-05,0,0,2005-07-26T00:15:00,ENGINE_EXECUTABLE_HYDRAULICALLY_UNVALIDATED
C_29074,0.0,0.0,3.0479999622912146e-05,0,0,2005-07-26T00:15:00,ENGINE_EXECUTABLE_HYDRAULICALLY_UNVALIDATED
C_29075,0.0,0.0,3.0479999622912146e-05,0,0,2005-07-26T00:15:00,ENGINE_EXECUTABLE_HYDRAULICALLY_UNVALIDATED
C_29076,0.0,0.0,3.0479999622912146e-05,0,0,2005-07-26T00:15:00,ENGINE_EXECUTABLE_HYDRAULICALLY_UNVALIDATED
C_29077,0.0,0.0,3.0479999622912146e-05,0,0,2005-07-26T00:15:00,ENGINE_EXECUTABLE_HYDRAULICALLY_UNVALIDATED
C_29078,0.0,0.0,3.0479999622912146e-05,0,0,2005-07-26T00:15:00,ENGINE_EXECUTABLE_HYDRAULICALLY_UNVALIDATED
C_29079,0.0,0.0,3.0479999622912146e-05,0,0,2005-07-26T00:15:00,ENGINE_EXECUTABLE_HYDRAULICALLY_UNVALIDATED
C_29080,0.0,0.0,3.0479999622912146e-05,0,0,2005-07-26T00:15:00,ENGINE_EXECUTABLE_HYDRAULICALLY_UNVALIDATED
C_29082,0.09225218743085861,0.09310042858123779,0.5310665369033813,0,0,2005-07-26T06:00:00,ENGINE_EXECUTABLE_HYDRAULICALLY_UNVALIDATED
C_29085,0.060309842228889465,0.07232397049665451,0.3612769544124603,0,0,2005-07-26T06:00:00,ENGINE_EXECUTABLE_HYDRAULICALLY_UNVALIDATED
C_29088,0.0352686382830143,0.04975911229848862,0.23022791743278503,0,0,2005-07-26T06:00:00,ENGINE_EXECUTABLE_HYDRAULICALLY_UNVALIDATED
C_29104,0.2779637575149536,0.25193431973457336,0.6272531151771545,0,0,2005-07-26T01:15:00,ENGINE_EXECUTABLE_HYDRAULICALLY_UNVALIDATED
C_29105,0.0003062035539187491,0.004010464530438185,0.026638418436050415,0,0,2005-07-26T01:30:00,ENGINE_EXECUTABLE_HYDRAULICALLY_UNVALIDATED
C_29106,0.34668850898742676,0.0779055804014206,0.6410090923309326,0,0,2005-07-26T06:15:00,ENGINE_EXECUTABLE_HYDRAULICALLY_UNVALIDATED
C_29107,0.31253665685653687,0.08745969831943512,0.6346696019172668,0,0,2005-07-26T06:15:00,ENGINE_EXECUTABLE_HYDRAULICALLY_UNVALIDATED
C_29108,0.26387810707092285,0.1948852688074112,0.19375836849212646,0,0,2005-07-26T04:15:00,ENGINE_EXECUTABLE_HYDRAULICALLY_UNVALIDATED
C_29109,0.2638600766658783,0.21422581374645233,0.1772627830505371,0,0,2005-07-26T04:15:00,ENGINE_EXECUTABLE_HYDRAULICALLY_UNVALIDATED
C_29110,0.20105025172233582,0.2649325430393219,0.17168091237545013,0,0,2005-07-26T04:15:00,ENGINE_EXECUTABLE_HYDRAULICALLY_UNVALIDATED
C_29111,0.26624804735183716,0.24493993818759918,0.6197819709777832,0,0,2005-07-26T01:15:00,ENGINE_EXECUTABLE_HYDRAULICALLY_UNVALIDATED
C_29112,0.2538905143737793,0.23882156610488892,0.6122970581054688,0,0,2005-07-26T01:15:00,ENGINE_EXECUTABLE_HYDRAULICALLY_UNVALIDATED
C_29113,0.24126732349395752,0.23606237769126892,0.6044328808784485,0,0,2005-07-26T01:15:00,ENGINE_EXECUTABLE_HYDRAULICALLY_UNVALIDATED
C_29114,0.22866614162921906,0.24007408320903778,0.5973763465881348,0,0,2005-07-26T01:15:00,ENGINE_EXECUTABLE_HYDRAULICALLY_UNVALIDATED
C_29115,0.001596423564478755,0.015675825998187065,0.040635839104652405,0,0,2005-07-26T01:30:00,ENGINE_EXECUTABLE_HYDRAULICALLY_UNVALIDATED
C_29116,0.004684622399508953,0.03617537021636963,0.0651349276304245,0,0,2005-07-26T06:15:00,ENGINE_EXECUTABLE_HYDRAULICALLY_UNVALIDATED
C_29117,0.0596991665661335,0.13591954112052917,0.088170126080513,0,0,2005-07-26T04:45:00,ENGINE_EXECUTABLE_HYDRAULICALLY_UNVALIDATED
C_29118,0.059696976095438004,0.11694128066301346,0.10299231857061386,0,0,2005-07-26T04:45:00,ENGINE_EXECUTABLE_HYDRAULICALLY_UNVALIDATED
C_29119,0.11881609261035919,0.22180205583572388,0.10772839933633804,0,0,2005-07-26T04:45:00,ENGINE_EXECUTABLE_HYDRAULICALLY_UNVALIDATED
C_29120,0.11881504952907562,0.2433907389640808,0.10438687354326248,0,0,2005-07-26T05:30:00,ENGINE_EXECUTABLE_HYDRAULICALLY_UNVALIDATED
C_29121,0.06271009147167206,0.10556774586439133,0.15985168516635895,0,0,2005-07-26T04:15:00,ENGINE_EXECUTABLE_HYDRAULICALLY_UNVALIDATED
C_29122,0.06270332634449005,0.09377413243055344,0.14204451441764832,0,0,2005-07-26T04:15:00,ENGINE_EXECUTABLE_HYDRAULICALLY_UNVALIDATED
C_29123,0.0626957044005394,0.11719007790088654,0.12509340047836304,0,0,2005-07-26T04:15:00,ENGINE_EXECUTABLE_HYDRAULICALLY_UNVALIDATED
C_29124,0.005939368158578873,0.035126712173223495,0.10663393884897232,0,0,2005-07-26T06:15:00,ENGINE_EXECUTABLE_HYDRAULICALLY_UNVALIDATED
C_29125,0.21540974080562592,0.2126159369945526,0.5910208821296692,0,0,2005-07-26T01:15:00,ENGINE_EXECUTABLE_HYDRAULICALLY_UNVALIDATED
C_29126,0.20126710832118988,0.21393297612667084,0.5798307061195374,0,0,2005-07-26T01:15:00,ENGINE_EXECUTABLE_HYDRAULICALLY_UNVALIDATED
C_29127,0.1866433024406433,0.23964589834213257,0.5638516545295715,0,0,2005-07-26T01:15:00,ENGINE_EXECUTABLE_HYDRAULICALLY_UNVALIDATED
C_29128,0.11881493031978607,0.24305790662765503,0.09736642241477966,0,0,2005-07-26T06:00:00,ENGINE_EXECUTABLE_HYDRAULICALLY_UNVALIDATED
C_29129,0.11881493777036667,0.26377055048942566,0.08878334611654282,0,0,2005-07-26T06:00:00,ENGINE_EXECUTABLE_HYDRAULICALLY_UNVALIDATED
C_29130,0.0,0.0,0.04833221435546875,0,0,2005-07-26T00:15:00,ENGINE_EXECUTABLE_HYDRAULICALLY_UNVALIDATED
C_29131,0.11881493777036667,0.33111506700515747,0.06881335377693176,0,0,2005-07-26T06:00:00,ENGINE_EXECUTABLE_HYDRAULICALLY_UNVALIDATED
C_29132,0.0,0.0,3.0479999622912146e-05,0,0,2005-07-26T00:15:00,ENGINE_EXECUTABLE_HYDRAULICALLY_UNVALIDATED
C_29133,0.11881493777036667,0.25734153389930725,0.06594999134540558,0,0,2005-07-26T06:00:00,ENGINE_EXECUTABLE_HYDRAULICALLY_UNVALIDATED
C_29134,0.0,0.0,3.0479999622912146e-05,0,0,2005-07-26T00:15:00,ENGINE_EXECUTABLE_HYDRAULICALLY_UNVALIDATED
C_29135,0.11881493777036667,0.27829045057296753,0.06098546087741852,0,0,2005-07-26T06:00:00,ENGINE_EXECUTABLE_HYDRAULICALLY_UNVALIDATED
C_29136,0.11881493777036667,0.3910897672176361,0.04339584708213806,0,0,2005-07-26T06:00:00,ENGINE_EXECUTABLE_HYDRAULICALLY_UNVALIDATED
C_29137,0.11881493777036667,0.3193115293979645,0.05315082520246506,0,0,2005-07-26T06:00:00,ENGINE_EXECUTABLE_HYDRAULICALLY_UNVALIDATED
C_29138,0.023322509601712227,0.04931686818599701,0.16692350804805756,0,0,2005-07-26T06:00:00,ENGINE_EXECUTABLE_HYDRAULICALLY_UNVALIDATED
C_29139,0.019474947825074196,0.05169369652867317,0.1438012719154358,0,0,2005-07-26T06:00:00,ENGINE_EXECUTABLE_HYDRAULICALLY_UNVALIDATED
C_29140,0.015619623474776745,0.043183304369449615,0.12091174721717834,0,0,2005-07-26T06:00:00,ENGINE_EXECUTABLE_HYDRAULICALLY_UNVALIDATED
C_29141,0.013096625916659832,0.03846403583884239,0.10583735257387161,0,0,2005-07-26T06:00:00,ENGINE_EXECUTABLE_HYDRAULICALLY_UNVALIDATED
C_29142,0.01134952250868082,0.03833801671862602,0.09514693170785904,0,0,2005-07-26T06:00:00,ENGINE_EXECUTABLE_HYDRAULICALLY_UNVALIDATED
C_29143,0.008147895336151123,0.038764286786317825,0.07619976997375488,0,0,2005-07-26T06:00:00,ENGINE_EXECUTABLE_HYDRAULICALLY_UNVALIDATED
C_29144,0.005411578807979822,0.03790496662259102,0.06012833118438721,0,0,2005-07-26T06:00:00,ENGINE_EXECUTABLE_HYDRAULICALLY_UNVALIDATED
C_29145,0.0035636350512504578,0.0447843112051487,0.04623211547732353,0,0,2005-07-26T06:15:00,ENGINE_EXECUTABLE_HYDRAULICALLY_UNVALIDATED
C_29146,0.17121656239032745,0.19874580204486847,0.5567759871482849,0,0,2005-07-26T01:15:00,ENGINE_EXECUTABLE_HYDRAULICALLY_UNVALIDATED
C_29147,0.15514814853668213,0.19111403822898865,0.5397854447364807,0,0,2005-07-26T01:15:00,ENGINE_EXECUTABLE_HYDRAULICALLY_UNVALIDATED
C_29148,0.13847781717777252,0.19950619339942932,0.5135319232940674,0,0,2005-07-26T01:15:00,ENGINE_EXECUTABLE_HYDRAULICALLY_UNVALIDATED
C_29149,0.12102247774600983,0.2030634582042694,0.4971805810928345,0,0,2005-07-26T01:15:00,ENGINE_EXECUTABLE_HYDRAULICALLY_UNVALIDATED
C_29150,0.11881493031978607,0.28575602173805237,0.0789489597082138,0,0,2005-07-26T06:00:00,ENGINE_EXECUTABLE_HYDRAULICALLY_UNVALIDATED
C_29151,0.11881493031978607,0.32795023918151855,0.07245105504989624,0,0,2005-07-26T06:00:00,ENGINE_EXECUTABLE_HYDRAULICALLY_UNVALIDATED
C_29152,0.11881493031978607,0.29112595319747925,0.08161532878875732,0,0,2005-07-26T06:00:00,ENGINE_EXECUTABLE_HYDRAULICALLY_UNVALIDATED
C_29153,0.11881493031978607,0.2848086953163147,0.0834256112575531,0,0,2005-07-26T06:00:00,ENGINE_EXECUTABLE_HYDRAULICALLY_UNVALIDATED
C_29154,0.11881493031978607,0.308976411819458,0.0769001841545105,0,0,2005-07-26T05:30:00,ENGINE_EXECUTABLE_HYDRAULICALLY_UNVALIDATED
C_29155,0.11881498992443085,0.3596460819244385,0.06606592983007431,0,0,2005-07-26T05:30:00,ENGINE_EXECUTABLE_HYDRAULICALLY_UNVALIDATED
C_29157,0.0036579426378011703,0.03964325413107872,0.02306530810892582,0,0,2005-07-26T06:15:00,ENGINE_EXECUTABLE_HYDRAULICALLY_UNVALIDATED
C_29158,0.0,0.0,0.0056817554868757725,0,0,2005-07-26T00:15:00,ENGINE_EXECUTABLE_HYDRAULICALLY_UNVALIDATED
C_29159,0.0,0.0,3.0479999622912146e-05,0,0,2005-07-26T00:15:00,ENGINE_EXECUTABLE_HYDRAULICALLY_UNVALIDATED
C_29160,0.0,0.0,3.0479999622912146e-05,0,0,2005-07-26T00:15:00,ENGINE_EXECUTABLE_HYDRAULICALLY_UNVALIDATED
C_29161,0.0687718614935875,0.152876079082489,0.46479251980781555,0,0,2005-07-26T06:15:00,ENGINE_EXECUTABLE_HYDRAULICALLY_UNVALIDATED
C_29162,0.04452971741557121,0.0715232565999031,0.37207427620887756,0,0,2005-07-26T01:30:00,ENGINE_EXECUTABLE_HYDRAULICALLY_UNVALIDATED
C_29163,0.0,0.0,3.0479999622912146e-05,0,0,2005-07-26T00:15:00,ENGINE_EXECUTABLE_HYDRAULICALLY_UNVALIDATED
C_29164,0.0,0.0,3.0479999622912146e-05,0,0,2005-07-26T00:15:00,ENGINE_EXECUTABLE_HYDRAULICALLY_UNVALIDATED
C_29165,0.09998433291912079,0.20704270899295807,0.47988590598106384,0,0,2005-07-26T01:15:00,ENGINE_EXECUTABLE_HYDRAULICALLY_UNVALIDATED
C_29166,0.11881503462791443,0.3393407166004181,0.0700191855430603,0,0,2005-07-26T05:30:00,ENGINE_EXECUTABLE_HYDRAULICALLY_UNVALIDATED
C_29167,0.11881504952907562,0.3229457437992096,0.07357385754585266,0,0,2005-07-26T05:30:00,ENGINE_EXECUTABLE_HYDRAULICALLY_UNVALIDATED
C_29168,0.11881503462791443,0.2970446050167084,0.07998919486999512,0,0,2005-07-26T05:30:00,ENGINE_EXECUTABLE_HYDRAULICALLY_UNVALIDATED
C_29169,0.11881498992443085,0.25274983048439026,0.09400739520788193,0,0,2005-07-26T05:30:00,ENGINE_EXECUTABLE_HYDRAULICALLY_UNVALIDATED
C_29170,0.11881493777036667,0.22535426914691925,0.10543552786111832,0,0,2005-07-26T05:30:00,ENGINE_EXECUTABLE_HYDRAULICALLY_UNVALIDATED
C_29171,0.11881490051746368,0.21489861607551575,0.11056534945964813,0,0,2005-07-26T06:00:00,ENGINE_EXECUTABLE_HYDRAULICALLY_UNVALIDATED
C_29173,0.0,0.0,3.0479999622912146e-05,0,0,2005-07-26T00:15:00,ENGINE_EXECUTABLE_HYDRAULICALLY_UNVALIDATED
C_29174,0.0,0.0,3.0479999622912146e-05,0,0,2005-07-26T00:15:00,ENGINE_EXECUTABLE_HYDRAULICALLY_UNVALIDATED
C_29175,0.03295280411839485,0.09704377502202988,0.27532413601875305,0,0,2005-07-26T01:30:00,ENGINE_EXECUTABLE_HYDRAULICALLY_UNVALIDATED
C_29176,0.009208142757415771,0.015253277495503426,0.2557142674922943,0,0,2005-07-26T01:30:00,ENGINE_EXECUTABLE_HYDRAULICALLY_UNVALIDATED
C_29177,0.020050760358572006,0.0766289234161377,0.263104110956192,0,0,2005-07-26T01:30:00,ENGINE_EXECUTABLE_HYDRAULICALLY_UNVALIDATED
C_29178,0.0,0.0,3.0479999622912146e-05,0,0,2005-07-26T00:15:00,ENGINE_EXECUTABLE_HYDRAULICALLY_UNVALIDATED
C_29179,0.11881489306688309,0.21481019258499146,0.11061084270477295,0,0,2005-07-26T06:00:00,ENGINE_EXECUTABLE_HYDRAULICALLY_UNVALIDATED
C_29180,0.11881488561630249,0.14942218363285065,0.11358197033405304,0,0,2005-07-26T06:00:00,ENGINE_EXECUTABLE_HYDRAULICALLY_UNVALIDATED
C_29182,0.11881488561630249,0.14169690012931824,0.11977443099021912,0,0,2005-07-26T06:00:00,ENGINE_EXECUTABLE_HYDRAULICALLY_UNVALIDATED
C_29183,0.1188148781657219,0.22223083674907684,0.11588699370622635,0,0,2005-07-26T06:00:00,ENGINE_EXECUTABLE_HYDRAULICALLY_UNVALIDATED
C_29185,0.0,0.0,3.0479999622912146e-05,0,0,2005-07-26T00:15:00,ENGINE_EXECUTABLE_HYDRAULICALLY_UNVALIDATED
C_29186,0.0,0.0,3.0479999622912146e-05,0,0,2005-07-26T00:15:00,ENGINE_EXECUTABLE_HYDRAULICALLY_UNVALIDATED
C_29188,0.0,0.0,3.0479999622912146e-05,0,0,2005-07-26T00:15:00,ENGINE_EXECUTABLE_HYDRAULICALLY_UNVALIDATED
C_29189,0.0,0.0,3.0479999622912146e-05,0,0,2005-07-26T00:15:00,ENGINE_EXECUTABLE_HYDRAULICALLY_UNVALIDATED
C_29193,0.0,0.0,3.0479999622912146e-05,0,0,2005-07-26T00:15:00,ENGINE_EXECUTABLE_HYDRAULICALLY_UNVALIDATED
C_29194,0.0,0.0,3.0479999622912146e-05,0,0,2005-07-26T00:15:00,ENGINE_EXECUTABLE_HYDRAULICALLY_UNVALIDATED
C_29195,0.0,0.0,3.0479999622912146e-05,0,0,2005-07-26T00:15:00,ENGINE_EXECUTABLE_HYDRAULICALLY_UNVALIDATED
C_29197,0.0,0.0,3.0479999622912146e-05,0,0,2005-07-26T00:15:00,ENGINE_EXECUTABLE_HYDRAULICALLY_UNVALIDATED
C_29198,0.0,0.0,3.0479999622912146e-05,0,0,2005-07-26T00:15:00,ENGINE_EXECUTABLE_HYDRAULICALLY_UNVALIDATED
C_29199,0.0,0.0,3.0479999622912146e-05,0,0,2005-07-26T00:15:00,ENGINE_EXECUTABLE_HYDRAULICALLY_UNVALIDATED
C_29203,2.956779956817627,0.5182220935821533,0.43889153003692627,0,0,2005-07-26T05:15:00,ENGINE_EXECUTABLE_HYDRAULICALLY_UNVALIDATED
C_29204,3.7594757080078125,0.5953400135040283,0.48572877049446106,0,0,2005-07-26T04:15:00,ENGINE_EXECUTABLE_HYDRAULICALLY_UNVALIDATED
C_29205,1.1819734573364258,0.9680358171463013,0.2543470561504364,0,0,2005-07-26T05:45:00,ENGINE_EXECUTABLE_HYDRAULICALLY_UNVALIDATED
C_29206,0.6760168075561523,0.7479875683784485,0.18826669454574585,0,0,2005-07-26T05:45:00,ENGINE_EXECUTABLE_HYDRAULICALLY_UNVALIDATED
C_29207,2.8914008140563965,0.511955738067627,0.4344349205493927,0,0,2005-07-26T05:15:00,ENGINE_EXECUTABLE_HYDRAULICALLY_UNVALIDATED
C_29208,3.7593467235565186,0.5976703763008118,0.4838124215602875,0,0,2005-07-26T04:15:00,ENGINE_EXECUTABLE_HYDRAULICALLY_UNVALIDATED
C_29209,2.8913021087646484,0.5173295736312866,0.42990460991859436,0,0,2005-07-26T05:15:00,ENGINE_EXECUTABLE_HYDRAULICALLY_UNVALIDATED
C_29210,3.7592077255249023,0.6016824245452881,0.480588436126709,0,0,2005-07-26T04:15:00,ENGINE_EXECUTABLE_HYDRAULICALLY_UNVALIDATED
C_29211,1.709322452545166,0.997430145740509,0.13181042671203613,0,0,2005-07-26T06:00:00,ENGINE_EXECUTABLE_HYDRAULICALLY_UNVALIDATED
C_29212,3.083221435546875,1.2502106428146362,0.18968768417835236,0,0,2005-07-26T03:30:00,ENGINE_EXECUTABLE_HYDRAULICALLY_UNVALIDATED
C_29213,0.9898948669433594,0.9822289943695068,0.22393164038658142,0,0,2005-07-26T06:00:00,ENGINE_EXECUTABLE_HYDRAULICALLY_UNVALIDATED
C_29214,2.325864791870117,1.4326955080032349,0.36072900891304016,0,0,2005-07-26T03:30:00,ENGINE_EXECUTABLE_HYDRAULICALLY_UNVALIDATED
C_29215,0.9898948669433594,1.1922903060913086,0.18447868525981903,0,0,2005-07-26T06:00:00,ENGINE_EXECUTABLE_HYDRAULICALLY_UNVALIDATED
C_29216,2.326903820037842,1.6416101455688477,0.3149542808532715,0,0,2005-07-26T03:30:00,ENGINE_EXECUTABLE_HYDRAULICALLY_UNVALIDATED
C_29217,1.709322452545166,0.781979501247406,0.16812679171562195,0,0,2005-07-26T06:00:00,ENGINE_EXECUTABLE_HYDRAULICALLY_UNVALIDATED
C_29218,2.8959860801696777,0.9795202016830444,0.22740046679973602,0,0,2005-07-26T03:30:00,ENGINE_EXECUTABLE_HYDRAULICALLY_UNVALIDATED
C_29219,0.7194275856018066,0.3802555501461029,0.19705703854560852,0,0,2005-07-26T06:00:00,ENGINE_EXECUTABLE_HYDRAULICALLY_UNVALIDATED
C_29220,0.5707888603210449,0.23907744884490967,0.24886438250541687,0,0,2005-07-26T04:00:00,ENGINE_EXECUTABLE_HYDRAULICALLY_UNVALIDATED
C_29221,1.1819734573364258,0.7225415110588074,0.3407652676105499,0,0,2005-07-26T05:45:00,ENGINE_EXECUTABLE_HYDRAULICALLY_UNVALIDATED
C_29222,0.6760168075561523,0.5471487641334534,0.2573727071285248,0,0,2005-07-26T05:45:00,ENGINE_EXECUTABLE_HYDRAULICALLY_UNVALIDATED
C_29223,0.9898948669433594,0.8442562818527222,0.26052770018577576,0,0,2005-07-26T06:00:00,ENGINE_EXECUTABLE_HYDRAULICALLY_UNVALIDATED
C_29224,2.3255631923675537,1.255312442779541,0.41163793206214905,0,0,2005-07-26T04:15:00,ENGINE_EXECUTABLE_HYDRAULICALLY_UNVALIDATED
C_29225,0.9898948073387146,0.7596035003662109,0.28956177830696106,0,0,2005-07-26T06:00:00,ENGINE_EXECUTABLE_HYDRAULICALLY_UNVALIDATED
C_29226,2.268432140350342,1.0857090950012207,0.46424952149391174,0,0,2005-07-26T05:30:00,ENGINE_EXECUTABLE_HYDRAULICALLY_UNVALIDATED
C_29227,0.9898948669433594,0.7887796759605408,0.278851181268692,0,0,2005-07-26T06:00:00,ENGINE_EXECUTABLE_HYDRAULICALLY_UNVALIDATED
C_29228,2.325223445892334,1.1642826795578003,0.44375717639923096,0,0,2005-07-26T04:15:00,ENGINE_EXECUTABLE_HYDRAULICALLY_UNVALIDATED
C_29229,0.9898948073387146,0.7429417967796326,0.2960556745529175,0,0,2005-07-26T06:00:00,ENGINE_EXECUTABLE_HYDRAULICALLY_UNVALIDATED
C_29230,2.2685673236846924,1.0557525157928467,0.4774508476257324,0,0,2005-07-26T05:30:00,ENGINE_EXECUTABLE_HYDRAULICALLY_UNVALIDATED
C_29231,0.9898947477340698,0.8181858062744141,0.2688290476799011,0,0,2005-07-26T06:00:00,ENGINE_EXECUTABLE_HYDRAULICALLY_UNVALIDATED
C_29232,2.268281936645508,1.1122448444366455,0.45314347743988037,0,0,2005-07-26T05:30:00,ENGINE_EXECUTABLE_HYDRAULICALLY_UNVALIDATED
C_29233,0.9898946285247803,0.8970633149147034,0.2451912760734558,0,0,2005-07-26T06:00:00,ENGINE_EXECUTABLE_HYDRAULICALLY_UNVALIDATED
C_29234,2.2080233097076416,1.16154146194458,0.4224131405353546,0,0,2005-07-26T04:15:00,ENGINE_EXECUTABLE_HYDRAULICALLY_UNVALIDATED
C_29235,0.989894688129425,0.8380191326141357,0.2624666690826416,0,0,2005-07-26T06:00:00,ENGINE_EXECUTABLE_HYDRAULICALLY_UNVALIDATED
C_29236,2.2074942588806152,1.1015758514404297,0.44528481364250183,0,0,2005-07-26T04:15:00,ENGINE_EXECUTABLE_HYDRAULICALLY_UNVALIDATED
C_29239,0.7194277048110962,0.3752839267253876,0.19966760277748108,0,0,2005-07-26T06:00:00,ENGINE_EXECUTABLE_HYDRAULICALLY_UNVALIDATED
C_29240,0.5707423090934753,0.25360843539237976,0.2345777302980423,0,0,2005-07-26T04:00:00,ENGINE_EXECUTABLE_HYDRAULICALLY_UNVALIDATED
C_29241,0.7194278240203857,0.374634712934494,0.2000136524438858,0,0,2005-07-26T06:00:00,ENGINE_EXECUTABLE_HYDRAULICALLY_UNVALIDATED
C_29242,0.45459356904029846,0.21669892966747284,0.21862554550170898,0,0,2005-07-26T05:45:00,ENGINE_EXECUTABLE_HYDRAULICALLY_UNVALIDATED
C_29243,0.7194279432296753,0.3735766112804413,0.2005801796913147,0,0,2005-07-26T06:00:00,ENGINE_EXECUTABLE_HYDRAULICALLY_UNVALIDATED
C_29244,0.4545769989490509,0.23309102654457092,0.2032223492860794,0,0,2005-07-26T05:45:00,ENGINE_EXECUTABLE_HYDRAULICALLY_UNVALIDATED
C_29245,0.65674889087677,0.3512144088745117,0.1947634220123291,0,0,2005-07-26T06:00:00,ENGINE_EXECUTABLE_HYDRAULICALLY_UNVALIDATED
C_29246,0.45432522892951965,0.2555646300315857,0.18522323668003082,0,0,2005-07-26T05:45:00,ENGINE_EXECUTABLE_HYDRAULICALLY_UNVALIDATED
C_29247,0.6008470058441162,0.34192389249801636,0.18303397297859192,0,0,2005-07-26T06:00:00,ENGINE_EXECUTABLE_HYDRAULICALLY_UNVALIDATED
C_29248,0.454143762588501,0.28455406427383423,0.1662854254245758,0,0,2005-07-26T05:00:00,ENGINE_EXECUTABLE_HYDRAULICALLY_UNVALIDATED
C_29251,0.5435634255409241,0.324197381734848,0.17463326454162598,0,0,2005-07-26T06:00:00,ENGINE_EXECUTABLE_HYDRAULICALLY_UNVALIDATED
C_29252,0.45405012369155884,0.30392032861709595,0.15564703941345215,0,0,2005-07-26T04:15:00,ENGINE_EXECUTABLE_HYDRAULICALLY_UNVALIDATED
C_29253,0.5435634851455688,0.33069920539855957,0.17119820415973663,0,0,2005-07-26T06:00:00,ENGINE_EXECUTABLE_HYDRAULICALLY_UNVALIDATED
C_29254,0.39616599678993225,0.2748934030532837,0.15024921298027039,0,0,2005-07-26T06:00:00,ENGINE_EXECUTABLE_HYDRAULICALLY_UNVALIDATED
C_29255,0.4857059121131897,0.36867353320121765,0.18295766413211823,0,0,2005-07-26T06:00:00,ENGINE_EXECUTABLE_HYDRAULICALLY_UNVALIDATED
C_29256,0.3961664140224457,0.3524172902107239,0.1561143845319748,0,0,2005-07-26T05:30:00,ENGINE_EXECUTABLE_HYDRAULICALLY_UNVALIDATED
C_29257,0.5435636043548584,0.44353237748146057,0.17019397020339966,0,0,2005-07-26T06:00:00,ENGINE_EXECUTABLE_HYDRAULICALLY_UNVALIDATED
C_29258,0.3961677849292755,0.3843996822834015,0.14313240349292755,0,0,2005-07-26T05:30:00,ENGINE_EXECUTABLE_HYDRAULICALLY_UNVALIDATED
C_29259,0.5435635447502136,0.3411773145198822,0.1659400463104248,0,0,2005-07-26T06:00:00,ENGINE_EXECUTABLE_HYDRAULICALLY_UNVALIDATED
C_29260,0.39616867899894714,0.2915450930595398,0.14160041511058807,0,0,2005-07-26T05:30:00,ENGINE_EXECUTABLE_HYDRAULICALLY_UNVALIDATED
C_29265,0.1188148707151413,0.21985995769500732,0.11259667575359344,0,0,2005-07-26T06:00:00,ENGINE_EXECUTABLE_HYDRAULICALLY_UNVALIDATED
C_29266,0.1188148707151413,0.20225569605827332,0.1154448464512825,0,0,2005-07-26T06:00:00,ENGINE_EXECUTABLE_HYDRAULICALLY_UNVALIDATED
C_29267,0.1188148632645607,0.1962352693080902,0.11377637088298798,0,0,2005-07-26T06:00:00,ENGINE_EXECUTABLE_HYDRAULICALLY_UNVALIDATED
C_29274,0.1188148558139801,0.2334281951189041,0.10178858041763306,0,0,2005-07-26T06:00:00,ENGINE_EXECUTABLE_HYDRAULICALLY_UNVALIDATED
C_29275,0.1188148558139801,0.2766541540622711,0.08281437307596207,0,0,2005-07-26T06:00:00,ENGINE_EXECUTABLE_HYDRAULICALLY_UNVALIDATED
C_29276,0.1188148483633995,0.11112332344055176,0.07694660127162933,0,0,2005-07-26T06:00:00,ENGINE_EXECUTABLE_HYDRAULICALLY_UNVALIDATED
C_29278,0.11881483346223831,0.12000283598899841,0.07151982188224792,0,0,2005-07-26T06:00:00,ENGINE_EXECUTABLE_HYDRAULICALLY_UNVALIDATED
C_29279,0.11881480365991592,0.11569342762231827,0.07396017014980316,0,0,2005-07-26T06:00:00,ENGINE_EXECUTABLE_HYDRAULICALLY_UNVALIDATED
C_29301,0.11881477385759354,0.11485031247138977,0.07424001395702362,0,0,2005-07-26T06:00:00,ENGINE_EXECUTABLE_HYDRAULICALLY_UNVALIDATED
C_29302,0.11881472915410995,0.11442083865404129,0.07443401217460632,0,0,2005-07-26T06:00:00,ENGINE_EXECUTABLE_HYDRAULICALLY_UNVALIDATED
C_29303,0.11881467700004578,0.11749464273452759,0.07231112569570541,0,0,2005-07-26T06:00:00,ENGINE_EXECUTABLE_HYDRAULICALLY_UNVALIDATED
C_29318,0.11881471425294876,0.12222763895988464,0.06962035596370697,0,0,2005-07-26T06:15:00,ENGINE_EXECUTABLE_HYDRAULICALLY_UNVALIDATED
C_29319,0.11881472915410995,0.11935018748044968,0.07115238159894943,0,0,2005-07-26T06:15:00,ENGINE_EXECUTABLE_HYDRAULICALLY_UNVALIDATED
C_29320,0.11881470680236816,0.11847911775112152,0.07385629415512085,0,0,2005-07-26T06:15:00,ENGINE_EXECUTABLE_HYDRAULICALLY_UNVALIDATED
C_29321,0.11881464719772339,0.11747265607118607,0.07223651558160782,0,0,2005-07-26T06:15:00,ENGINE_EXECUTABLE_HYDRAULICALLY_UNVALIDATED
C_29340,0.11881458014249802,0.12335501611232758,0.06879177689552307,0,0,2005-07-26T06:15:00,ENGINE_EXECUTABLE_HYDRAULICALLY_UNVALIDATED
C_29341,0.11881451308727264,0.1293223798274994,0.06561746448278427,0,0,2005-07-26T06:15:00,ENGINE_EXECUTABLE_HYDRAULICALLY_UNVALIDATED
C_29342,0.11881446093320847,0.1277153342962265,0.06644309312105179,0,0,2005-07-26T06:15:00,ENGINE_EXECUTABLE_HYDRAULICALLY_UNVALIDATED
C_29343,0.11881441622972488,0.12241803854703903,0.06931820511817932,0,0,2005-07-26T06:15:00,ENGINE_EXECUTABLE_HYDRAULICALLY_UNVALIDATED
C_29346,0.9898946285247803,1.1122655868530273,0.19775140285491943,0,0,2005-07-26T06:00:00,ENGINE_EXECUTABLE_HYDRAULICALLY_UNVALIDATED
C_29347,2.2084758281707764,1.3801157474517822,0.3556223511695862,0,0,2005-07-26T04:15:00,ENGINE_EXECUTABLE_HYDRAULICALLY_UNVALIDATED
C_29348,0.930085301399231,1.1034332513809204,0.18729054927825928,0,0,2005-07-26T06:00:00,ENGINE_EXECUTABLE_HYDRAULICALLY_UNVALIDATED
C_29349,2.209594488143921,1.5011943578720093,0.32705047726631165,0,0,2005-07-26T05:45:00,ENGINE_EXECUTABLE_HYDRAULICALLY_UNVALIDATED
C_29350,0.9300852417945862,1.131118655204773,0.18270638585090637,0,0,2005-07-26T05:45:00,ENGINE_EXECUTABLE_HYDRAULICALLY_UNVALIDATED
C_29351,2.209998607635498,1.5466958284378052,0.3174871802330017,0,0,2005-07-26T05:45:00,ENGINE_EXECUTABLE_HYDRAULICALLY_UNVALIDATED
C_29352,0.9300854802131653,1.22030770778656,0.21773944795131683,0,0,2005-07-26T05:15:00,ENGINE_EXECUTABLE_HYDRAULICALLY_UNVALIDATED
C_29353,2.1543657779693604,1.635190486907959,0.3763870894908905,0,0,2005-07-26T03:00:00,ENGINE_EXECUTABLE_HYDRAULICALLY_UNVALIDATED
C_29354,0.9300854206085205,1.1786612272262573,0.22543296217918396,0,0,2005-07-26T05:15:00,ENGINE_EXECUTABLE_HYDRAULICALLY_UNVALIDATED
C_29355,2.152912139892578,1.58448326587677,0.3881702423095703,0,0,2005-07-26T03:00:00,ENGINE_EXECUTABLE_HYDRAULICALLY_UNVALIDATED
C_29356,0.930085301399231,1.1390979290008545,0.24487687647342682,0,0,2005-07-26T05:15:00,ENGINE_EXECUTABLE_HYDRAULICALLY_UNVALIDATED
C_29357,2.209235429763794,1.6509602069854736,0.4013234078884125,0,0,2005-07-26T03:00:00,ENGINE_EXECUTABLE_HYDRAULICALLY_UNVALIDATED
C_29358,0.930085301399231,0.843730092048645,0.24493923783302307,0,0,2005-07-26T05:45:00,ENGINE_EXECUTABLE_HYDRAULICALLY_UNVALIDATED
C_29359,2.2090694904327393,1.2636854648590088,0.38842713832855225,0,0,2005-07-26T05:45:00,ENGINE_EXECUTABLE_HYDRAULICALLY_UNVALIDATED
C_29360,0.9300852417945862,0.9986281394958496,0.2069465070962906,0,0,2005-07-26T05:45:00,ENGINE_EXECUTABLE_HYDRAULICALLY_UNVALIDATED
C_29361,2.2095718383789062,1.4326722621917725,0.34268918633461,0,0,2005-07-26T05:45:00,ENGINE_EXECUTABLE_HYDRAULICALLY_UNVALIDATED
C_29362,0.9300855398178101,1.9243524074554443,0.13807716965675354,0,0,2005-07-26T05:15:00,ENGINE_EXECUTABLE_HYDRAULICALLY_UNVALIDATED
C_29363,2.031266212463379,2.5909104347229004,0.22397422790527344,0,0,2005-07-26T03:00:00,ENGINE_EXECUTABLE_HYDRAULICALLY_UNVALIDATED
C_29364,0.9300855398178101,1.9539480209350586,0.13598577678203583,0,0,2005-07-26T05:15:00,ENGINE_EXECUTABLE_HYDRAULICALLY_UNVALIDATED
C_29365,2.031855583190918,2.544523239135742,0.2281234860420227,0,0,2005-07-26T03:00:00,ENGINE_EXECUTABLE_HYDRAULICALLY_UNVALIDATED
C_29366,0.9300855398178101,1.2298510074615479,0.21604984998703003,0,0,2005-07-26T05:15:00,ENGINE_EXECUTABLE_HYDRAULICALLY_UNVALIDATED
C_29367,2.154876232147217,1.6579805612564087,0.3713013231754303,0,0,2005-07-26T03:00:00,ENGINE_EXECUTABLE_HYDRAULICALLY_UNVALIDATED
C_29368,0.9300855398178101,1.4668147563934326,0.1811470240354538,0,0,2005-07-26T05:15:00,ENGINE_EXECUTABLE_HYDRAULICALLY_UNVALIDATED
C_29369,2.0942389965057373,1.9226878881454468,0.31117236614227295,0,0,2005-07-26T03:00:00,ENGINE_EXECUTABLE_HYDRAULICALLY_UNVALIDATED
C_29370,0.9300855994224548,1.3705052137374878,0.19387678802013397,0,0,2005-07-26T06:00:00,ENGINE_EXECUTABLE_HYDRAULICALLY_UNVALIDATED
C_29371,2.0308916568756104,1.8169902563095093,0.31931382417678833,0,0,2005-07-26T03:00:00,ENGINE_EXECUTABLE_HYDRAULICALLY_UNVALIDATED
C_29372,0.9300856590270996,1.3638345003128052,0.19482508301734924,0,0,2005-07-26T05:45:00,ENGINE_EXECUTABLE_HYDRAULICALLY_UNVALIDATED
C_29373,1.8307617902755737,1.675696849822998,0.31211885809898376,0,0,2005-07-26T03:00:00,ENGINE_EXECUTABLE_HYDRAULICALLY_UNVALIDATED
C_29374,0.9300856590270996,1.362430453300476,0.19502587616443634,0,0,2005-07-26T05:45:00,ENGINE_EXECUTABLE_HYDRAULICALLY_UNVALIDATED
C_29375,1.8306905031204224,1.7260715961456299,0.30299797654151917,0,0,2005-07-26T03:00:00,ENGINE_EXECUTABLE_HYDRAULICALLY_UNVALIDATED
C_29376,0.18310114741325378,0.20232133567333221,0.12927156686782837,0,0,2005-07-26T06:00:00,ENGINE_EXECUTABLE_HYDRAULICALLY_UNVALIDATED
C_29377,0.0,0.0,3.0479999622912146e-05,0,0,2005-07-26T00:15:00,ENGINE_EXECUTABLE_HYDRAULICALLY_UNVALIDATED
C_29378,0.860977828502655,1.5252543687820435,0.16126246750354767,0,0,2005-07-26T05:45:00,ENGINE_EXECUTABLE_HYDRAULICALLY_UNVALIDATED
C_29379,1.8306279182434082,1.9865126609802246,0.263264536857605,0,0,2005-07-26T03:00:00,ENGINE_EXECUTABLE_HYDRAULICALLY_UNVALIDATED
C_29380,0.7933623790740967,1.5606777667999268,0.14522519707679749,0,0,2005-07-26T05:45:00,ENGINE_EXECUTABLE_HYDRAULICALLY_UNVALIDATED
C_29381,1.8304848670959473,2.1814348697662354,0.23972177505493164,0,0,2005-07-26T03:00:00,ENGINE_EXECUTABLE_HYDRAULICALLY_UNVALIDATED
C_29382,0.7309128046035767,1.5523459911346436,0.13451187312602997,0,0,2005-07-26T05:45:00,ENGINE_EXECUTABLE_HYDRAULICALLY_UNVALIDATED
C_29383,1.8303776979446411,2.2415201663970947,0.23328222334384918,0,0,2005-07-26T03:00:00,ENGINE_EXECUTABLE_HYDRAULICALLY_UNVALIDATED
C_29384,0.6620345115661621,1.4398131370544434,0.11493866890668869,0,0,2005-07-26T05:45:00,ENGINE_EXECUTABLE_HYDRAULICALLY_UNVALIDATED
C_29385,1.8302637338638306,2.197857141494751,0.2081693857908249,0,0,2005-07-26T03:00:00,ENGINE_EXECUTABLE_HYDRAULICALLY_UNVALIDATED
C_29386,0.6620345115661621,1.697721004486084,0.09747785329818726,0,0,2005-07-26T05:45:00,ENGINE_EXECUTABLE_HYDRAULICALLY_UNVALIDATED
C_29387,1.5586349964141846,2.260749340057373,0.1723390370607376,0,0,2005-07-26T03:15:00,ENGINE_EXECUTABLE_HYDRAULICALLY_UNVALIDATED
C_29388,2.7101287841796875,3.184739589691162,0.5672524571418762,0,0,2005-07-26T05:45:00,ENGINE_EXECUTABLE_HYDRAULICALLY_UNVALIDATED
C_29389,2.5745534896850586,2.891685962677002,0.5934869647026062,0,0,2005-07-26T05:45:00,ENGINE_EXECUTABLE_HYDRAULICALLY_UNVALIDATED
C_29390,2.2313103675842285,1.5225005149841309,0.9769288301467896,0,0,2005-07-26T05:45:00,ENGINE_EXECUTABLE_HYDRAULICALLY_UNVALIDATED
C_29391,2.505101442337036,1.8982133865356445,0.8797122836112976,0,0,2005-07-26T06:00:00,ENGINE_EXECUTABLE_HYDRAULICALLY_UNVALIDATED
C_29392,0.3007679581642151,0.2824634611606598,0.19716380536556244,0,0,2005-07-26T06:00:00,ENGINE_EXECUTABLE_HYDRAULICALLY_UNVALIDATED
C_29393,0.032878682017326355,0.12542346119880676,0.14489340782165527,0,0,2005-07-26T06:15:00,ENGINE_EXECUTABLE_HYDRAULICALLY_UNVALIDATED
C_29394,0.3007679581642151,0.25960275530815125,0.19307361543178558,0,0,2005-07-26T05:45:00,ENGINE_EXECUTABLE_HYDRAULICALLY_UNVALIDATED
C_29395,0.0254403967410326,0.05785377323627472,0.13189339637756348,0,0,2005-07-26T06:15:00,ENGINE_EXECUTABLE_HYDRAULICALLY_UNVALIDATED
C_29396,0.4252084791660309,0.29907551407814026,0.19744229316711426,0,0,2005-07-26T06:00:00,ENGINE_EXECUTABLE_HYDRAULICALLY_UNVALIDATED
C_29397,0.2599005699157715,0.23677958548069,0.1524343639612198,0,0,2005-07-26T06:00:00,ENGINE_EXECUTABLE_HYDRAULICALLY_UNVALIDATED
C_29398,0.300768107175827,0.3599340319633484,0.18567267060279846,0,0,2005-07-26T06:00:00,ENGINE_EXECUTABLE_HYDRAULICALLY_UNVALIDATED
C_29399,0.017694447189569473,0.0733153223991394,0.1028933972120285,0,0,2005-07-26T00:30:00,ENGINE_EXECUTABLE_HYDRAULICALLY_UNVALIDATED
C_29400,0.18310117721557617,0.24567066133022308,0.1051098108291626,0,0,2005-07-26T06:00:00,ENGINE_EXECUTABLE_HYDRAULICALLY_UNVALIDATED
C_29401,0.0,0.0,3.0479999622912146e-05,0,0,2005-07-26T00:15:00,ENGINE_EXECUTABLE_HYDRAULICALLY_UNVALIDATED
C_29402,0.24118845164775848,0.2300087809562683,0.1514500379562378,0,0,2005-07-26T06:00:00,ENGINE_EXECUTABLE_HYDRAULICALLY_UNVALIDATED
C_29403,0.0,0.0,3.0479999622912146e-05,0,0,2005-07-26T00:15:00,ENGINE_EXECUTABLE_HYDRAULICALLY_UNVALIDATED
C_29404,0.2411884218454361,0.31666114926338196,0.16923914849758148,0,0,2005-07-26T06:00:00,ENGINE_EXECUTABLE_HYDRAULICALLY_UNVALIDATED
C_29405,0.0,0.0,0.03996193781495094,0,0,2005-07-26T00:15:00,ENGINE_EXECUTABLE_HYDRAULICALLY_UNVALIDATED
C_29406,0.6620345115661621,0.9561761021614075,0.17307502031326294,0,0,2005-07-26T05:45:00,ENGINE_EXECUTABLE_HYDRAULICALLY_UNVALIDATED
C_29407,1.5590441226959229,1.514096975326538,0.2573927640914917,0,0,2005-07-26T03:15:00,ENGINE_EXECUTABLE_HYDRAULICALLY_UNVALIDATED
C_29408,0.6620345115661621,0.9044720530509949,0.18296882510185242,0,0,2005-07-26T05:45:00,ENGINE_EXECUTABLE_HYDRAULICALLY_UNVALIDATED
C_29409,1.5595227479934692,1.3392117023468018,0.2910946011543274,0,0,2005-07-26T03:15:00,ENGINE_EXECUTABLE_HYDRAULICALLY_UNVALIDATED
C_29410,0.6620345115661621,0.896056056022644,0.1846873164176941,0,0,2005-07-26T05:45:00,ENGINE_EXECUTABLE_HYDRAULICALLY_UNVALIDATED
C_29411,1.5594053268432617,1.2726095914840698,0.30630597472190857,0,0,2005-07-26T03:15:00,ENGINE_EXECUTABLE_HYDRAULICALLY_UNVALIDATED
C_29412,0.6620345115661621,0.7873304486274719,0.210191547870636,0,0,2005-07-26T05:45:00,ENGINE_EXECUTABLE_HYDRAULICALLY_UNVALIDATED
C_29413,1.4916640520095825,1.0914450883865356,0.34163376688957214,0,0,2005-07-26T03:15:00,ENGINE_EXECUTABLE_HYDRAULICALLY_UNVALIDATED
C_29414,0.4252080023288727,0.28238171339035034,0.2091144174337387,0,0,2005-07-26T06:00:00,ENGINE_EXECUTABLE_HYDRAULICALLY_UNVALIDATED
C_29415,0.2599005699157715,0.21312005817890167,0.16935686767101288,0,0,2005-07-26T05:30:00,ENGINE_EXECUTABLE_HYDRAULICALLY_UNVALIDATED
C_29416,0.48570600152015686,0.31996530294418335,0.21080927550792694,0,0,2005-07-26T06:00:00,ENGINE_EXECUTABLE_HYDRAULICALLY_UNVALIDATED
C_29417,0.259900838136673,0.20399343967437744,0.17693376541137695,0,0,2005-07-26T05:30:00,ENGINE_EXECUTABLE_HYDRAULICALLY_UNVALIDATED
C_29418,0.4857059717178345,0.33161234855651855,0.20340511202812195,0,0,2005-07-26T06:00:00,ENGINE_EXECUTABLE_HYDRAULICALLY_UNVALIDATED
C_29419,0.3276313841342926,0.2578209936618805,0.1764764040708542,0,0,2005-07-26T05:30:00,ENGINE_EXECUTABLE_HYDRAULICALLY_UNVALIDATED
C_29420,0.4857059419155121,0.3506517708301544,0.1923607885837555,0,0,2005-07-26T06:00:00,ENGINE_EXECUTABLE_HYDRAULICALLY_UNVALIDATED
C_29421,0.3961656391620636,0.32800692319869995,0.1677311360836029,0,0,2005-07-26T05:30:00,ENGINE_EXECUTABLE_HYDRAULICALLY_UNVALIDATED
C_29422,0.06509117037057877,0.13238556683063507,0.19273343682289124,0,0,2005-07-26T05:00:00,ENGINE_EXECUTABLE_HYDRAULICALLY_UNVALIDATED
C_29423,0.25990042090415955,0.386432409286499,0.14947769045829773,0,0,2005-07-26T05:45:00,ENGINE_EXECUTABLE_HYDRAULICALLY_UNVALIDATED
C_29424,0.4252079427242279,0.29239848256111145,0.20195072889328003,0,0,2005-07-26T06:00:00,ENGINE_EXECUTABLE_HYDRAULICALLY_UNVALIDATED
C_29425,0.2599005699157715,0.22687475383281708,0.1590893566608429,0,0,2005-07-26T06:00:00,ENGINE_EXECUTABLE_HYDRAULICALLY_UNVALIDATED
C_29426,0.06509167701005936,0.16150377690792084,0.17939428985118866,0,0,2005-07-26T05:00:00,ENGINE_EXECUTABLE_HYDRAULICALLY_UNVALIDATED
C_29427,0.25990042090415955,0.3805476129055023,0.1422685980796814,0,0,2005-07-26T05:45:00,ENGINE_EXECUTABLE_HYDRAULICALLY_UNVALIDATED
C_29428,0.06509441137313843,0.17325584590435028,0.15489451587200165,0,0,2005-07-26T04:45:00,ENGINE_EXECUTABLE_HYDRAULICALLY_UNVALIDATED
C_29429,0.25990045070648193,0.3652113378047943,0.1482427418231964,0,0,2005-07-26T06:00:00,ENGINE_EXECUTABLE_HYDRAULICALLY_UNVALIDATED
C_29430,0.018345143646001816,0.06243303045630455,0.1407974660396576,0,0,2005-07-26T06:15:00,ENGINE_EXECUTABLE_HYDRAULICALLY_UNVALIDATED
C_29431,0.25990045070648193,0.33170849084854126,0.1632152944803238,0,0,2005-07-26T06:00:00,ENGINE_EXECUTABLE_HYDRAULICALLY_UNVALIDATED
C_29432,0.01417587511241436,0.08559306710958481,0.12479746341705322,0,0,2005-07-26T06:15:00,ENGINE_EXECUTABLE_HYDRAULICALLY_UNVALIDATED
C_29433,0.19607330858707428,0.2655353844165802,0.1538177728652954,0,0,2005-07-26T06:00:00,ENGINE_EXECUTABLE_HYDRAULICALLY_UNVALIDATED
C_29434,0.18310120701789856,0.263764888048172,0.09789931029081345,0,0,2005-07-26T06:00:00,ENGINE_EXECUTABLE_HYDRAULICALLY_UNVALIDATED
C_29435,0.0,0.0,3.0479999622912146e-05,0,0,2005-07-26T00:15:00,ENGINE_EXECUTABLE_HYDRAULICALLY_UNVALIDATED
C_29436,0.05831685662269592,0.11317591369152069,0.07360269129276276,0,0,2005-07-26T06:00:00,ENGINE_EXECUTABLE_HYDRAULICALLY_UNVALIDATED
C_29437,0.0,0.0,3.0479999622912146e-05,0,0,2005-07-26T00:15:00,ENGINE_EXECUTABLE_HYDRAULICALLY_UNVALIDATED
C_29438,0.5932711362838745,0.6902722716331482,0.21484461426734924,0,0,2005-07-26T05:45:00,ENGINE_EXECUTABLE_HYDRAULICALLY_UNVALIDATED
C_29439,1.4906212091445923,1.0444947481155396,0.35676196217536926,0,0,2005-07-26T03:45:00,ENGINE_EXECUTABLE_HYDRAULICALLY_UNVALIDATED
C_29440,0.5932711958885193,0.7118802070617676,0.2083233743906021,0,0,2005-07-26T05:45:00,ENGINE_EXECUTABLE_HYDRAULICALLY_UNVALIDATED
C_29441,1.4906433820724487,1.0322829484939575,0.3609663248062134,0,0,2005-07-26T05:30:00,ENGINE_EXECUTABLE_HYDRAULICALLY_UNVALIDATED
C_29442,0.5250818729400635,0.5996072292327881,0.218903049826622,0,0,2005-07-26T05:45:00,ENGINE_EXECUTABLE_HYDRAULICALLY_UNVALIDATED
C_29443,1.4907499551773071,0.9579542279243469,0.38900184631347656,0,0,2005-07-26T05:30:00,ENGINE_EXECUTABLE_HYDRAULICALLY_UNVALIDATED
C_29444,0.008330689743161201,0.03563252091407776,0.11529885232448578,0,0,2005-07-26T06:15:00,ENGINE_EXECUTABLE_HYDRAULICALLY_UNVALIDATED
C_29445,0.19607330858707428,0.26028093695640564,0.15692296624183655,0,0,2005-07-26T06:00:00,ENGINE_EXECUTABLE_HYDRAULICALLY_UNVALIDATED
C_29446,0.0037863084580749273,0.01931476965546608,0.10579844564199448,0,0,2005-07-26T06:15:00,ENGINE_EXECUTABLE_HYDRAULICALLY_UNVALIDATED
C_29447,0.19607330858707428,0.26033127307891846,0.15689261257648468,0,0,2005-07-26T06:00:00,ENGINE_EXECUTABLE_HYDRAULICALLY_UNVALIDATED
C_29448,0.0015219529159367085,0.009668132290244102,0.09329960495233536,0,0,2005-07-26T06:15:00,ENGINE_EXECUTABLE_HYDRAULICALLY_UNVALIDATED
C_29449,0.19607330858707428,0.27776017785072327,0.14704792201519012,0,0,2005-07-26T06:00:00,ENGINE_EXECUTABLE_HYDRAULICALLY_UNVALIDATED
C_29450,0.45597413182258606,0.5496888756752014,0.20735520124435425,0,0,2005-07-26T05:45:00,ENGINE_EXECUTABLE_HYDRAULICALLY_UNVALIDATED
C_29451,1.4898130893707275,0.9317797422409058,0.39967793226242065,0,0,2005-07-26T05:30:00,ENGINE_EXECUTABLE_HYDRAULICALLY_UNVALIDATED
C_29452,0.0,0.0,0.02469594217836857,0,0,2005-07-26T00:15:00,ENGINE_EXECUTABLE_HYDRAULICALLY_UNVALIDATED
C_29453,0.0,0.0,3.0479999622912146e-05,0,0,2005-07-26T00:15:00,ENGINE_EXECUTABLE_HYDRAULICALLY_UNVALIDATED
C_29454,0.4559742212295532,0.5779687762260437,0.19720937311649323,0,0,2005-07-26T05:45:00,ENGINE_EXECUTABLE_HYDRAULICALLY_UNVALIDATED
C_29455,1.4208910465240479,0.8854908347129822,0.40120619535446167,0,0,2005-07-26T03:45:00,ENGINE_EXECUTABLE_HYDRAULICALLY_UNVALIDATED
C_29456,0.455974280834198,0.5862764120101929,0.1944149136543274,0,0,2005-07-26T05:45:00,ENGINE_EXECUTABLE_HYDRAULICALLY_UNVALIDATED
C_29457,1.422344446182251,0.8909416794776917,0.3990682363510132,0,0,2005-07-26T04:00:00,ENGINE_EXECUTABLE_HYDRAULICALLY_UNVALIDATED
C_29458,0.4559742510318756,0.5879456996917725,0.1938629150390625,0,0,2005-07-26T05:45:00,ENGINE_EXECUTABLE_HYDRAULICALLY_UNVALIDATED
C_29459,1.3537049293518066,0.8562864661216736,0.39518147706985474,0,0,2005-07-26T04:00:00,ENGINE_EXECUTABLE_HYDRAULICALLY_UNVALIDATED
C_29460,0.0,0.0,3.0479999622912146e-05,0,0,2005-07-26T00:15:00,ENGINE_EXECUTABLE_HYDRAULICALLY_UNVALIDATED
C_29461,0.0,0.0,3.0479999622912146e-05,0,0,2005-07-26T00:15:00,ENGINE_EXECUTABLE_HYDRAULICALLY_UNVALIDATED
C_29462,0.0,0.0,3.0479999622912146e-05,0,0,2005-07-26T00:15:00,ENGINE_EXECUTABLE_HYDRAULICALLY_UNVALIDATED
C_29463,0.0,0.0,3.0479999622912146e-05,0,0,2005-07-26T00:15:00,ENGINE_EXECUTABLE_HYDRAULICALLY_UNVALIDATED
C_29464,0.3914581835269928,0.5231467485427856,0.18704819679260254,0,0,2005-07-26T05:45:00,ENGINE_EXECUTABLE_HYDRAULICALLY_UNVALIDATED
C_29465,1.3553435802459717,0.868110179901123,0.3902709186077118,0,0,2005-07-26T04:45:00,ENGINE_EXECUTABLE_HYDRAULICALLY_UNVALIDATED
C_29466,0.3914581835269928,0.5482731461524963,0.17847611010074615,0,0,2005-07-26T06:00:00,ENGINE_EXECUTABLE_HYDRAULICALLY_UNVALIDATED
C_29467,1.2897822856903076,0.8383739590644836,0.38456547260284424,0,0,2005-07-26T04:45:00,ENGINE_EXECUTABLE_HYDRAULICALLY_UNVALIDATED
C_29468,0.3271719217300415,0.5342138409614563,0.17436447739601135,0,0,2005-07-26T06:00:00,ENGINE_EXECUTABLE_HYDRAULICALLY_UNVALIDATED
C_29469,1.2896214723587036,0.9465857148170471,0.3879021108150482,0,0,2005-07-26T06:00:00,ENGINE_EXECUTABLE_HYDRAULICALLY_UNVALIDATED
C_29470,0.3271719515323639,0.5861472487449646,0.1780259907245636,0,0,2005-07-26T06:00:00,ENGINE_EXECUTABLE_HYDRAULICALLY_UNVALIDATED
C_29471,1.293919563293457,1.0079351663589478,0.4094386100769043,0,0,2005-07-26T06:00:00,ENGINE_EXECUTABLE_HYDRAULICALLY_UNVALIDATED
C_29472,0.32717183232307434,0.5130376219749451,0.19765780866146088,0,0,2005-07-26T06:00:00,ENGINE_EXECUTABLE_HYDRAULICALLY_UNVALIDATED
C_29473,1.2971729040145874,0.9026902914047241,0.4453960657119751,0,0,2005-07-26T05:00:00,ENGINE_EXECUTABLE_HYDRAULICALLY_UNVALIDATED
C_29474,0.32717159390449524,0.5280247926712036,0.22366251051425934,0,0,2005-07-26T06:00:00,ENGINE_EXECUTABLE_HYDRAULICALLY_UNVALIDATED
C_29475,1.2996976375579834,0.9531130194664001,0.49223196506500244,0,0,2005-07-26T05:00:00,ENGINE_EXECUTABLE_HYDRAULICALLY_UNVALIDATED
C_29476,0.3271711766719818,0.4781552255153656,0.24141177535057068,0,0,2005-07-26T06:00:00,ENGINE_EXECUTABLE_HYDRAULICALLY_UNVALIDATED
C_29477,1.2942149639129639,0.8610920310020447,0.5302841067314148,0,0,2005-07-26T05:00:00,ENGINE_EXECUTABLE_HYDRAULICALLY_UNVALIDATED
C_29478,0.3271925449371338,0.8912962675094604,0.18352827429771423,0,0,2005-07-26T05:45:00,ENGINE_EXECUTABLE_HYDRAULICALLY_UNVALIDATED
C_29479,1.6769535541534424,1.0030782222747803,0.8955973982810974,0,0,2005-07-26T02:00:00,ENGINE_EXECUTABLE_HYDRAULICALLY_UNVALIDATED
C_29480,0.32717856764793396,0.9577471017837524,0.17078731954097748,0,0,2005-07-26T05:00:00,ENGINE_EXECUTABLE_HYDRAULICALLY_UNVALIDATED
C_29481,1.4256290197372437,1.1169509887695312,0.6431196928024292,0,0,2005-07-26T02:45:00,ENGINE_EXECUTABLE_HYDRAULICALLY_UNVALIDATED
C_29482,0.3271710276603699,0.5342971682548523,0.2563949227333069,0,0,2005-07-26T05:45:00,ENGINE_EXECUTABLE_HYDRAULICALLY_UNVALIDATED
C_29483,1.2917861938476562,0.9582175016403198,0.5646281242370605,0,0,2005-07-26T05:45:00,ENGINE_EXECUTABLE_HYDRAULICALLY_UNVALIDATED
C_29484,0.327171266078949,0.59370356798172,0.2798410952091217,0,0,2005-07-26T05:45:00,ENGINE_EXECUTABLE_HYDRAULICALLY_UNVALIDATED
C_29485,1.2945702075958252,1.0640467405319214,0.6178326606750488,0,0,2005-07-26T05:45:00,ENGINE_EXECUTABLE_HYDRAULICALLY_UNVALIDATED
C_29486,0.32717153429985046,0.5764449238777161,0.276157945394516,0,0,2005-07-26T05:45:00,ENGINE_EXECUTABLE_HYDRAULICALLY_UNVALIDATED
C_29487,1.2979406118392944,0.9885828495025635,0.6388245224952698,0,0,2005-07-26T06:00:00,ENGINE_EXECUTABLE_HYDRAULICALLY_UNVALIDATED
C_29488,0.3271738886833191,0.9983280897140503,0.16384266316890717,0,0,2005-07-26T05:30:00,ENGINE_EXECUTABLE_HYDRAULICALLY_UNVALIDATED
C_29489,1.3165695667266846,1.8556522130966187,0.3547062873840332,0,0,2005-07-26T04:15:00,ENGINE_EXECUTABLE_HYDRAULICALLY_UNVALIDATED
C_29490,0.32717272639274597,0.8650312423706055,0.18908929824829102,0,0,2005-07-26T05:30:00,ENGINE_EXECUTABLE_HYDRAULICALLY_UNVALIDATED
C_29491,1.3070347309112549,1.6525012254714966,0.45949241518974304,0,0,2005-07-26T03:45:00,ENGINE_EXECUTABLE_HYDRAULICALLY_UNVALIDATED
C_29492,0.327175110578537,0.9448723196983337,0.1731126457452774,0,0,2005-07-26T05:30:00,ENGINE_EXECUTABLE_HYDRAULICALLY_UNVALIDATED
C_29493,1.3282887935638428,1.7436134815216064,0.38155728578567505,0,0,2005-07-26T03:30:00,ENGINE_EXECUTABLE_HYDRAULICALLY_UNVALIDATED
C_29494,0.32717108726501465,0.9569497108459473,0.17092636227607727,0,0,2005-07-26T04:45:00,ENGINE_EXECUTABLE_HYDRAULICALLY_UNVALIDATED
C_29495,1.4528241157531738,1.8283629417419434,0.39725765585899353,0,0,2005-07-26T04:30:00,ENGINE_EXECUTABLE_HYDRAULICALLY_UNVALIDATED
C_29496,0.32717451453208923,0.9573491811752319,0.17085620760917664,0,0,2005-07-26T06:00:00,ENGINE_EXECUTABLE_HYDRAULICALLY_UNVALIDATED
C_29497,1.4199274778366089,2.1805899143218994,0.3338502049446106,0,0,2005-07-26T04:00:00,ENGINE_EXECUTABLE_HYDRAULICALLY_UNVALIDATED
C_29498,0.3271733820438385,1.0463590621948242,0.15632162988185883,0,0,2005-07-26T06:00:00,ENGINE_EXECUTABLE_HYDRAULICALLY_UNVALIDATED
C_29499,1.3746299743652344,1.975562334060669,0.3485010862350464,0,0,2005-07-26T05:45:00,ENGINE_EXECUTABLE_HYDRAULICALLY_UNVALIDATED
C_29500,0.3271767497062683,0.9478291273117065,0.17257347702980042,0,0,2005-07-26T06:00:00,ENGINE_EXECUTABLE_HYDRAULICALLY_UNVALIDATED
C_29501,1.423791527748108,2.262237787246704,0.3146514594554901,0,0,2005-07-26T04:00:00,ENGINE_EXECUTABLE_HYDRAULICALLY_UNVALIDATED
C_29503,0.007111000828444958,0.03565626218914986,0.19338372349739075,0,0,2005-07-26T06:15:00,ENGINE_EXECUTABLE_HYDRAULICALLY_UNVALIDATED
C_29504,0.23544177412986755,0.4908999800682068,0.5623977780342102,0,0,2005-07-26T00:15:00,ENGINE_EXECUTABLE_HYDRAULICALLY_UNVALIDATED
C_29505,0.0010127794230356812,0.020161263644695282,0.07588434219360352,0,0,2005-07-26T01:30:00,ENGINE_EXECUTABLE_HYDRAULICALLY_UNVALIDATED
C_29506,0.03149648755788803,0.12481869012117386,0.44559594988822937,0,0,2005-07-26T04:00:00,ENGINE_EXECUTABLE_HYDRAULICALLY_UNVALIDATED
C_29507,0.00017987606406677514,0.018532374873757362,0.014885049313306808,0,0,2005-07-26T02:00:00,ENGINE_EXECUTABLE_HYDRAULICALLY_UNVALIDATED
C_29508,0.019674664363265038,0.12653066217899323,0.38667574524879456,0,0,2005-07-26T04:00:00,ENGINE_EXECUTABLE_HYDRAULICALLY_UNVALIDATED
C_29509,0.0,0.0,0.003207826055586338,0,0,2005-07-26T00:15:00,ENGINE_EXECUTABLE_HYDRAULICALLY_UNVALIDATED
C_29510,0.012259992770850658,0.08303707838058472,0.3286205232143402,0,0,2005-07-26T03:30:00,ENGINE_EXECUTABLE_HYDRAULICALLY_UNVALIDATED
C_29511,0.0,0.0,3.0479999622912146e-05,0,0,2005-07-26T00:15:00,ENGINE_EXECUTABLE_HYDRAULICALLY_UNVALIDATED
C_29512,0.0,0.0,0.14013172686100006,0,0,2005-07-26T00:15:00,ENGINE_EXECUTABLE_HYDRAULICALLY_UNVALIDATED
C_29513,0.0,0.0,3.0479999622912146e-05,0,0,2005-07-26T00:15:00,ENGINE_EXECUTABLE_HYDRAULICALLY_UNVALIDATED
C_29514,0.0,0.0,3.0479999622912146e-05,0,0,2005-07-26T00:15:00,ENGINE_EXECUTABLE_HYDRAULICALLY_UNVALIDATED
C_29515,0.0,0.0,3.0479999622912146e-05,0,0,2005-07-26T00:15:00,ENGINE_EXECUTABLE_HYDRAULICALLY_UNVALIDATED
C_29516,0.0,0.0,3.0479999622912146e-05,0,0,2005-07-26T00:15:00,ENGINE_EXECUTABLE_HYDRAULICALLY_UNVALIDATED
C_29521,0.0,0.0,3.0479999622912146e-05,0,0,2005-07-26T00:15:00,ENGINE_EXECUTABLE_HYDRAULICALLY_UNVALIDATED
C_29522,0.0,0.0,3.0479999622912146e-05,0,0,2005-07-26T00:15:00,ENGINE_EXECUTABLE_HYDRAULICALLY_UNVALIDATED
C_29523,2.383336067199707,2.112644910812378,0.20509153604507446,0,0,2005-07-26T05:15:00,ENGINE_EXECUTABLE_HYDRAULICALLY_UNVALIDATED
C_29524,2.244431734085083,1.7085702419281006,0.23881550133228302,0,0,2005-07-26T05:30:00,ENGINE_EXECUTABLE_HYDRAULICALLY_UNVALIDATED
C_29525,1.971318006515503,1.565197229385376,0.22896894812583923,0,0,2005-07-26T05:45:00,ENGINE_EXECUTABLE_HYDRAULICALLY_UNVALIDATED
C_29526,0.12409552186727524,0.8963565230369568,0.06921448558568954,0,0,2005-07-26T06:00:00,ENGINE_EXECUTABLE_HYDRAULICALLY_UNVALIDATED
C_29527,0.8730314373970032,1.817898154258728,0.2400943636894226,0,0,2005-07-26T05:45:00,ENGINE_EXECUTABLE_HYDRAULICALLY_UNVALIDATED
C_29528,0.0,0.0,0.02555929683148861,0,0,2005-07-26T00:15:00,ENGINE_EXECUTABLE_HYDRAULICALLY_UNVALIDATED
C_29529,0.8730314373970032,2.389814615249634,0.18263638019561768,0,0,2005-07-26T05:45:00,ENGINE_EXECUTABLE_HYDRAULICALLY_UNVALIDATED
C_29530,0.12409552186727524,1.1727513074874878,0.052901964634656906,0,0,2005-07-26T06:00:00,ENGINE_EXECUTABLE_HYDRAULICALLY_UNVALIDATED
C_29531,0.8730314373970032,2.446424722671509,0.17841020226478577,0,0,2005-07-26T05:45:00,ENGINE_EXECUTABLE_HYDRAULICALLY_UNVALIDATED
C_29532,1.4310829639434814,1.3907735347747803,0.18706707656383514,0,0,2005-07-26T05:15:00,ENGINE_EXECUTABLE_HYDRAULICALLY_UNVALIDATED
C_29533,1.29562246799469,1.3683363199234009,0.17213712632656097,0,0,2005-07-26T05:30:00,ENGINE_EXECUTABLE_HYDRAULICALLY_UNVALIDATED
C_29534,1.7695047855377197,1.5080711841583252,0.2133137434720993,0,0,2005-07-26T05:45:00,ENGINE_EXECUTABLE_HYDRAULICALLY_UNVALIDATED
C_29535,1.5675767660140991,1.430295467376709,0.1992470920085907,0,0,2005-07-26T05:30:00,ENGINE_EXECUTABLE_HYDRAULICALLY_UNVALIDATED
C_29536,0.541445791721344,1.70076322555542,0.1591595560312271,0,0,2005-07-26T06:00:00,ENGINE_EXECUTABLE_HYDRAULICALLY_UNVALIDATED
C_29537,2.035229206085205,2.787919759750366,0.36505913734436035,0,0,2005-07-26T02:30:00,ENGINE_EXECUTABLE_HYDRAULICALLY_UNVALIDATED
C_29538,0.3367545008659363,1.968780279159546,0.08717141300439835,0,0,2005-07-26T01:30:00,ENGINE_EXECUTABLE_HYDRAULICALLY_UNVALIDATED
C_29539,1.2214840650558472,3.3148937225341797,0.19815286993980408,0,0,2005-07-26T03:00:00,ENGINE_EXECUTABLE_HYDRAULICALLY_UNVALIDATED
C_29540,0.32425734400749207,1.7307904958724976,0.09366276115179062,0,0,2005-07-26T04:45:00,ENGINE_EXECUTABLE_HYDRAULICALLY_UNVALIDATED
C_29541,1.182085394859314,2.695736885070801,0.2752060890197754,0,0,2005-07-26T03:00:00,ENGINE_EXECUTABLE_HYDRAULICALLY_UNVALIDATED
C_29542,0.12409552186727524,0.4344591796398163,0.1465483158826828,0,0,2005-07-26T06:00:00,ENGINE_EXECUTABLE_HYDRAULICALLY_UNVALIDATED
C_29543,1.1515692472457886,1.4442797899246216,0.4022723138332367,0,0,2005-07-26T03:45:00,ENGINE_EXECUTABLE_HYDRAULICALLY_UNVALIDATED
C_29544,0.32738906145095825,1.0692734718322754,0.15307243168354034,0,0,2005-07-26T05:45:00,ENGINE_EXECUTABLE_HYDRAULICALLY_UNVALIDATED
C_29545,1.4914666414260864,1.273128867149353,0.5988125205039978,0,0,2005-07-26T03:15:00,ENGINE_EXECUTABLE_HYDRAULICALLY_UNVALIDATED
C_29546,0.12409552186727524,0.5877668857574463,0.10555350035429001,0,0,2005-07-26T06:00:00,ENGINE_EXECUTABLE_HYDRAULICALLY_UNVALIDATED
C_29547,0.8730314373970032,1.4485536813735962,0.30131232738494873,0,0,2005-07-26T05:45:00,ENGINE_EXECUTABLE_HYDRAULICALLY_UNVALIDATED
C_29548,0.12409552186727524,0.7489790320396423,0.08283389359712601,0,0,2005-07-26T06:00:00,ENGINE_EXECUTABLE_HYDRAULICALLY_UNVALIDATED
C_29549,0.8730314373970032,1.9018077850341797,0.2295011729001999,0,0,2005-07-26T05:45:00,ENGINE_EXECUTABLE_HYDRAULICALLY_UNVALIDATED
C_29550,0.12409552186727524,1.1306473016738892,0.054871976375579834,0,0,2005-07-26T06:00:00,ENGINE_EXECUTABLE_HYDRAULICALLY_UNVALIDATED
C_29551,1.1504958868026733,2.584757089614868,0.22254294157028198,0,0,2005-07-26T05:45:00,ENGINE_EXECUTABLE_HYDRAULICALLY_UNVALIDATED
C_29557,6.070335388183594,1.2202543020248413,0.3826225697994232,0,0,2005-07-26T05:15:00,ENGINE_EXECUTABLE_HYDRAULICALLY_UNVALIDATED
C_29558,1.607773780822754,1.039069652557373,0.25801414251327515,0,0,2005-07-26T02:30:00,ENGINE_EXECUTABLE_HYDRAULICALLY_UNVALIDATED
C_29559,6.073788642883301,0.7714961767196655,0.35781195759773254,0,0,2005-07-26T05:15:00,ENGINE_EXECUTABLE_HYDRAULICALLY_UNVALIDATED
C_29560,4.4415788650512695,2.4752182960510254,0.399405300617218,0,0,2005-07-26T05:15:00,ENGINE_EXECUTABLE_HYDRAULICALLY_UNVALIDATED
C_29561,4.373159885406494,1.7245358228683472,0.438527375459671,0,0,2005-07-26T05:15:00,ENGINE_EXECUTABLE_HYDRAULICALLY_UNVALIDATED
C_29562,0.41212180256843567,0.21272888779640198,0.38840362429618835,0,0,2005-07-26T05:00:00,ENGINE_EXECUTABLE_HYDRAULICALLY_UNVALIDATED
C_29563,3.961038827896118,2.0551035404205322,0.43249574303627014,0,0,2005-07-26T05:45:00,ENGINE_EXECUTABLE_HYDRAULICALLY_UNVALIDATED
C_29564,0.4121215045452118,0.7064375281333923,0.2639434337615967,0,0,2005-07-26T05:15:00,ENGINE_EXECUTABLE_HYDRAULICALLY_UNVALIDATED
C_29565,0.7524949312210083,1.0470764636993408,0.20530936121940613,0,0,2005-07-26T05:15:00,ENGINE_EXECUTABLE_HYDRAULICALLY_UNVALIDATED
C_29566,0.8814936876296997,1.3389828205108643,0.33940619230270386,0,0,2005-07-26T02:00:00,ENGINE_EXECUTABLE_HYDRAULICALLY_UNVALIDATED
C_29567,0.8376294374465942,1.1080242395401,0.3909614384174347,0,0,2005-07-26T03:30:00,ENGINE_EXECUTABLE_HYDRAULICALLY_UNVALIDATED
C_29568,0.8339797854423523,1.0104074478149414,0.39818522334098816,0,0,2005-07-26T01:45:00,ENGINE_EXECUTABLE_HYDRAULICALLY_UNVALIDATED
C_29569,0.8315296173095703,0.9667481184005737,0.3273799419403076,0,0,2005-07-26T03:00:00,ENGINE_EXECUTABLE_HYDRAULICALLY_UNVALIDATED
C_29570,0.8228601217269897,1.2699594497680664,0.2428654581308365,0,0,2005-07-26T04:30:00,ENGINE_EXECUTABLE_HYDRAULICALLY_UNVALIDATED
C_29571,0.8212583065032959,1.491867184638977,0.20425087213516235,0,0,2005-07-26T05:15:00,ENGINE_EXECUTABLE_HYDRAULICALLY_UNVALIDATED
C_29572,0.7524949312210083,0.769592821598053,0.17775896191596985,0,0,2005-07-26T05:15:00,ENGINE_EXECUTABLE_HYDRAULICALLY_UNVALIDATED
C_29573,0.7524949312210083,1.6209508180618286,0.1547262966632843,0,0,2005-07-26T05:15:00,ENGINE_EXECUTABLE_HYDRAULICALLY_UNVALIDATED
C_29574,0.685683012008667,0.7938781976699829,0.244097501039505,0,0,2005-07-26T05:15:00,ENGINE_EXECUTABLE_HYDRAULICALLY_UNVALIDATED
C_29575,1.154284119606018,1.2446503639221191,0.2914887070655823,0,0,2005-07-26T05:15:00,ENGINE_EXECUTABLE_HYDRAULICALLY_UNVALIDATED
C_29576,1.0850615501403809,1.0074888467788696,0.31672829389572144,0,0,2005-07-26T05:30:00,ENGINE_EXECUTABLE_HYDRAULICALLY_UNVALIDATED
C_29577,1.0850615501403809,1.0491878986358643,0.30414021015167236,0,0,2005-07-26T05:30:00,ENGINE_EXECUTABLE_HYDRAULICALLY_UNVALIDATED
C_29578,1.154284119606018,1.0849064588546753,0.33252978324890137,0,0,2005-07-26T05:15:00,ENGINE_EXECUTABLE_HYDRAULICALLY_UNVALIDATED
C_29579,1.0850615501403809,1.0280100107192993,0.30153700709342957,0,0,2005-07-26T05:30:00,ENGINE_EXECUTABLE_HYDRAULICALLY_UNVALIDATED
C_29580,1.154284119606018,1.093488097190857,0.32983773946762085,0,0,2005-07-26T05:15:00,ENGINE_EXECUTABLE_HYDRAULICALLY_UNVALIDATED
C_29581,1.016527771949768,0.746615469455719,0.28684428334236145,0,0,2005-07-26T05:30:00,ENGINE_EXECUTABLE_HYDRAULICALLY_UNVALIDATED
C_29582,1.016527771949768,0.648983895778656,0.26410844922065735,0,0,2005-07-26T05:30:00,ENGINE_EXECUTABLE_HYDRAULICALLY_UNVALIDATED
C_29583,1.016527771949768,0.8435349464416504,0.24293279647827148,0,0,2005-07-26T05:30:00,ENGINE_EXECUTABLE_HYDRAULICALLY_UNVALIDATED
C_29584,1.016527771949768,1.2689335346221924,0.24922187626361847,0,0,2005-07-26T05:30:00,ENGINE_EXECUTABLE_HYDRAULICALLY_UNVALIDATED
C_29585,1.016527771949768,0.6300675272941589,0.23345637321472168,0,0,2005-07-26T05:15:00,ENGINE_EXECUTABLE_HYDRAULICALLY_UNVALIDATED
C_29586,0.9473052024841309,0.8763845562934875,0.2016424983739853,0,0,2005-07-26T05:45:00,ENGINE_EXECUTABLE_HYDRAULICALLY_UNVALIDATED
C_29587,0.9473052024841309,0.7998870015144348,0.19736114144325256,0,0,2005-07-26T05:45:00,ENGINE_EXECUTABLE_HYDRAULICALLY_UNVALIDATED
C_29588,0.8124185800552368,0.9416788220405579,0.20052027702331543,0,0,2005-07-26T05:30:00,ENGINE_EXECUTABLE_HYDRAULICALLY_UNVALIDATED
C_29590,3.825347900390625,2.620795965194702,0.3648626506328583,0,0,2005-07-26T06:00:00,ENGINE_EXECUTABLE_HYDRAULICALLY_UNVALIDATED
C_29591,3.6878225803375244,2.5811307430267334,0.3571508228778839,0,0,2005-07-26T05:15:00,ENGINE_EXECUTABLE_HYDRAULICALLY_UNVALIDATED
C_29592,3.961038589477539,2.1785240173339844,0.4631894826889038,0,0,2005-07-26T05:45:00,ENGINE_EXECUTABLE_HYDRAULICALLY_UNVALIDATED
C_29593,3.893423318862915,2.1008200645446777,0.4952113628387451,0,0,2005-07-26T06:00:00,ENGINE_EXECUTABLE_HYDRAULICALLY_UNVALIDATED
C_29594,3.8934242725372314,2.1158456802368164,0.45998045802116394,0,0,2005-07-26T06:00:00,ENGINE_EXECUTABLE_HYDRAULICALLY_UNVALIDATED
C_29595,3.8253493309020996,2.443542718887329,0.39132970571517944,0,0,2005-07-26T06:00:00,ENGINE_EXECUTABLE_HYDRAULICALLY_UNVALIDATED
C_29596,0.41212159395217896,0.9167705178260803,0.16422587633132935,0,0,2005-07-26T05:15:00,ENGINE_EXECUTABLE_HYDRAULICALLY_UNVALIDATED
C_29597,0.41212162375450134,0.9872892498970032,0.15249578654766083,0,0,2005-07-26T05:45:00,ENGINE_EXECUTABLE_HYDRAULICALLY_UNVALIDATED
C_29598,0.41212159395217896,1.280401349067688,0.15676242113113403,0,0,2005-07-26T05:45:00,ENGINE_EXECUTABLE_HYDRAULICALLY_UNVALIDATED
C_29599,0.343702495098114,0.7166846990585327,0.16569432616233826,0,0,2005-07-26T04:30:00,ENGINE_EXECUTABLE_HYDRAULICALLY_UNVALIDATED
C_29600,0.34370332956314087,0.9970895648002625,0.137867271900177,0,0,2005-07-26T05:00:00,ENGINE_EXECUTABLE_HYDRAULICALLY_UNVALIDATED
C_29601,0.3437046408653259,1.3461241722106934,0.10212129354476929,0,0,2005-07-26T05:30:00,ENGINE_EXECUTABLE_HYDRAULICALLY_UNVALIDATED
C_29602,0.685683012008667,0.6833546757698059,0.23887988924980164,0,0,2005-07-26T05:15:00,ENGINE_EXECUTABLE_HYDRAULICALLY_UNVALIDATED
C_29603,0.685683012008667,0.7549028992652893,0.24625952541828156,0,0,2005-07-26T05:15:00,ENGINE_EXECUTABLE_HYDRAULICALLY_UNVALIDATED
C_29604,0.685683012008667,1.1639589071273804,0.23561197519302368,0,0,2005-07-26T05:15:00,ENGINE_EXECUTABLE_HYDRAULICALLY_UNVALIDATED
C_29605,0.685683012008667,1.0017545223236084,0.18990175426006317,0,0,2005-07-26T05:15:00,ENGINE_EXECUTABLE_HYDRAULICALLY_UNVALIDATED
C_29606,0.6184118986129761,0.9632779955863953,0.180923193693161,0,0,2005-07-26T05:15:00,ENGINE_EXECUTABLE_HYDRAULICALLY_UNVALIDATED
C_29607,0.6184118986129761,0.9474806785583496,0.238008052110672,0,0,2005-07-26T05:15:00,ENGINE_EXECUTABLE_HYDRAULICALLY_UNVALIDATED
C_29608,0.5493040680885315,0.68941330909729,0.2821110188961029,0,0,2005-07-26T05:45:00,ENGINE_EXECUTABLE_HYDRAULICALLY_UNVALIDATED
C_29609,0.5493040680885315,0.8134406805038452,0.2250698357820511,0,0,2005-07-26T05:45:00,ENGINE_EXECUTABLE_HYDRAULICALLY_UNVALIDATED
C_29610,0.7476730346679688,0.812713623046875,0.2044152468442917,0,0,2005-07-26T05:45:00,ENGINE_EXECUTABLE_HYDRAULICALLY_UNVALIDATED
C_29611,0.5486150979995728,0.6271997690200806,0.1815689504146576,0,0,2005-07-26T05:45:00,ENGINE_EXECUTABLE_HYDRAULICALLY_UNVALIDATED
C_29612,0.4843287169933319,0.748785674571991,0.13758836686611176,0,0,2005-07-26T05:00:00,ENGINE_EXECUTABLE_HYDRAULICALLY_UNVALIDATED
C_29613,0.4148765206336975,0.7212638854980469,0.11990829557180405,0,0,2005-07-26T05:15:00,ENGINE_EXECUTABLE_HYDRAULICALLY_UNVALIDATED
C_29614,0.4148765206336975,0.8749762177467346,0.13545848429203033,0,0,2005-07-26T05:15:00,ENGINE_EXECUTABLE_HYDRAULICALLY_UNVALIDATED
C_29615,0.4148765206336975,0.8295548558235168,0.14287535846233368,0,0,2005-07-26T05:15:00,ENGINE_EXECUTABLE_HYDRAULICALLY_UNVALIDATED
C_29617,0.3456539213657379,0.6726486086845398,0.12845318019390106,0,0,2005-07-26T05:00:00,ENGINE_EXECUTABLE_HYDRAULICALLY_UNVALIDATED
C_29618,3.000119686126709,2.8513622283935547,0.4046359658241272,0,0,2005-07-26T05:15:00,ENGINE_EXECUTABLE_HYDRAULICALLY_UNVALIDATED
C_29619,3.4817605018615723,2.7616190910339355,0.36017927527427673,0,0,2005-07-26T05:15:00,ENGINE_EXECUTABLE_HYDRAULICALLY_UNVALIDATED
C_29620,3.3437740802764893,2.8870790004730225,0.3860189914703369,0,0,2005-07-26T05:00:00,ENGINE_EXECUTABLE_HYDRAULICALLY_UNVALIDATED
C_29621,3.3437745571136475,2.7681002616882324,0.4026108980178833,0,0,2005-07-26T05:00:00,ENGINE_EXECUTABLE_HYDRAULICALLY_UNVALIDATED
C_29622,3.1385295391082764,2.625216484069824,0.39846619963645935,0,0,2005-07-26T05:00:00,ENGINE_EXECUTABLE_HYDRAULICALLY_UNVALIDATED
C_29623,3.6200923919677734,2.5924065113067627,0.34906652569770813,0,0,2005-07-26T05:15:00,ENGINE_EXECUTABLE_HYDRAULICALLY_UNVALIDATED
C_29624,3.620091438293457,2.6064648628234863,0.3471836745738983,0,0,2005-07-26T05:15:00,ENGINE_EXECUTABLE_HYDRAULICALLY_UNVALIDATED
C_29625,0.34379032254219055,0.9453570246696472,0.10869540274143219,0,0,2005-07-26T04:45:00,ENGINE_EXECUTABLE_HYDRAULICALLY_UNVALIDATED
C_29626,0.3512193262577057,1.2663487195968628,0.130387544631958,0,0,2005-07-26T04:15:00,ENGINE_EXECUTABLE_HYDRAULICALLY_UNVALIDATED
C_29627,0.3437023162841797,0.822395384311676,0.12397821992635727,0,0,2005-07-26T05:30:00,ENGINE_EXECUTABLE_HYDRAULICALLY_UNVALIDATED
C_29628,0.3437023162841797,0.4519991874694824,0.11224092543125153,0,0,2005-07-26T05:30:00,ENGINE_EXECUTABLE_HYDRAULICALLY_UNVALIDATED
C_29629,0.3437023162841797,0.5333989262580872,0.13276135921478271,0,0,2005-07-26T05:30:00,ENGINE_EXECUTABLE_HYDRAULICALLY_UNVALIDATED
C_29630,0.20778267085552216,0.27823778986930847,0.14805088937282562,0,0,2005-07-26T04:45:00,ENGINE_EXECUTABLE_HYDRAULICALLY_UNVALIDATED
C_29631,0.20778267085552216,0.6437051892280579,0.11987428367137909,0,0,2005-07-26T04:45:00,ENGINE_EXECUTABLE_HYDRAULICALLY_UNVALIDATED
C_29632,0.20778267085552216,0.7045688033103943,0.08427400141954422,0,0,2005-07-26T04:45:00,ENGINE_EXECUTABLE_HYDRAULICALLY_UNVALIDATED
C_29634,0.5493040680885315,1.0534321069717407,0.1712826043367386,0,0,2005-07-26T05:45:00,ENGINE_EXECUTABLE_HYDRAULICALLY_UNVALIDATED
C_29635,0.5493040680885315,0.8341929316520691,0.2125968039035797,0,0,2005-07-26T05:45:00,ENGINE_EXECUTABLE_HYDRAULICALLY_UNVALIDATED
C_29636,0.48099973797798157,0.6658583879470825,0.2436070740222931,0,0,2005-07-26T05:30:00,ENGINE_EXECUTABLE_HYDRAULICALLY_UNVALIDATED
C_29637,0.48099973797798157,0.8436761498451233,0.19002006947994232,0,0,2005-07-26T05:30:00,ENGINE_EXECUTABLE_HYDRAULICALLY_UNVALIDATED
C_29638,0.48099973797798157,1.1420652866363525,0.14037322998046875,0,0,2005-07-26T05:30:00,ENGINE_EXECUTABLE_HYDRAULICALLY_UNVALIDATED
C_29639,0.41418781876564026,0.7220410704612732,0.17545758187770844,0,0,2005-07-26T05:00:00,ENGINE_EXECUTABLE_HYDRAULICALLY_UNVALIDATED
C_29640,0.41418781876564026,0.6194890737533569,0.21243132650852203,0,0,2005-07-26T05:00:00,ENGINE_EXECUTABLE_HYDRAULICALLY_UNVALIDATED
C_29641,0.3456539213657379,0.6865468621253967,0.1258528083562851,0,0,2005-07-26T05:00:00,ENGINE_EXECUTABLE_HYDRAULICALLY_UNVALIDATED
C_29642,0.27620169520378113,0.5560333728790283,0.12417013198137283,0,0,2005-07-26T04:45:00,ENGINE_EXECUTABLE_HYDRAULICALLY_UNVALIDATED
C_29643,0.20686423778533936,0.5732019543647766,0.09021305292844772,0,0,2005-07-26T05:15:00,ENGINE_EXECUTABLE_HYDRAULICALLY_UNVALIDATED
C_29644,0.20686423778533936,0.7388313412666321,0.06998931616544724,0,0,2005-07-26T05:15:00,ENGINE_EXECUTABLE_HYDRAULICALLY_UNVALIDATED
C_29645,0.13741202652454376,0.4068359136581421,0.06140368431806564,0,0,2005-07-26T05:00:00,ENGINE_EXECUTABLE_HYDRAULICALLY_UNVALIDATED
C_29647,2.861879587173462,2.551236629486084,0.4744657576084137,0,0,2005-07-26T04:45:00,ENGINE_EXECUTABLE_HYDRAULICALLY_UNVALIDATED
C_29648,2.795675754547119,2.073035955429077,0.5385144352912903,0,0,2005-07-26T05:00:00,ENGINE_EXECUTABLE_HYDRAULICALLY_UNVALIDATED
C_29649,2.58927059173584,1.3182644844055176,0.3570786118507385,0,0,2005-07-26T05:30:00,ENGINE_EXECUTABLE_HYDRAULICALLY_UNVALIDATED
C_29655,0.41418781876564026,0.5970154404640198,0.21779805421829224,0,0,2005-07-26T05:00:00,ENGINE_EXECUTABLE_HYDRAULICALLY_UNVALIDATED
C_29656,0.34691670536994934,0.5437714457511902,0.2019815444946289,0,0,2005-07-26T04:45:00,ENGINE_EXECUTABLE_HYDRAULICALLY_UNVALIDATED
C_29657,0.34691670536994934,0.6132041811943054,0.1791878342628479,0,0,2005-07-26T04:45:00,ENGINE_EXECUTABLE_HYDRAULICALLY_UNVALIDATED
C_29658,0.34691670536994934,0.6183311939239502,0.16791102290153503,0,0,2005-07-26T04:45:00,ENGINE_EXECUTABLE_HYDRAULICALLY_UNVALIDATED
C_29659,0.27769410610198975,0.6376866698265076,0.14520803093910217,0,0,2005-07-26T04:30:00,ENGINE_EXECUTABLE_HYDRAULICALLY_UNVALIDATED
C_29660,0.27769410610198975,0.8777129054069519,0.10545267164707184,0,0,2005-07-26T04:30:00,ENGINE_EXECUTABLE_HYDRAULICALLY_UNVALIDATED
C_29661,0.27769410610198975,0.9451656341552734,0.09792399406433105,0,0,2005-07-26T04:30:00,ENGINE_EXECUTABLE_HYDRAULICALLY_UNVALIDATED
C_29662,0.27769410610198975,0.9450636506080627,0.09793455898761749,0,0,2005-07-26T04:30:00,ENGINE_EXECUTABLE_HYDRAULICALLY_UNVALIDATED
C_29663,0.27769410610198975,1.0644152164459229,0.08695327490568161,0,0,2005-07-26T04:30:00,ENGINE_EXECUTABLE_HYDRAULICALLY_UNVALIDATED
C_29664,0.13878968358039856,0.6438345313072205,0.07184776663780212,0,0,2005-07-26T04:30:00,ENGINE_EXECUTABLE_HYDRAULICALLY_UNVALIDATED
C_29669,0.13878968358039856,0.8853172659873962,0.05225028097629547,0,0,2005-07-26T04:30:00,ENGINE_EXECUTABLE_HYDRAULICALLY_UNVALIDATED
C_29670,0.06933747231960297,0.5476012229919434,0.04220208898186684,0,0,2005-07-26T04:30:00,ENGINE_EXECUTABLE_HYDRAULICALLY_UNVALIDATED
C_29671,0.06933747231960297,0.35177841782569885,0.04927089437842369,0,0,2005-07-26T04:30:00,ENGINE_EXECUTABLE_HYDRAULICALLY_UNVALIDATED
C_29672,0.06933747231960297,0.2623979449272156,0.06605401635169983,0,0,2005-07-26T04:30:00,ENGINE_EXECUTABLE_HYDRAULICALLY_UNVALIDATED
C_29673,0.06933747231960297,0.44277843832969666,0.05219295993447304,0,0,2005-07-26T04:30:00,ENGINE_EXECUTABLE_HYDRAULICALLY_UNVALIDATED
C_29674,0.06933747231960297,0.5412382483482361,0.04269823431968689,0,0,2005-07-26T04:30:00,ENGINE_EXECUTABLE_HYDRAULICALLY_UNVALIDATED
C_29675,0.0,0.0,0.024347469210624695,0,0,2005-07-26T00:15:00,ENGINE_EXECUTABLE_HYDRAULICALLY_UNVALIDATED
C_29676,0.0,0.0,3.0479999622912146e-05,0,0,2005-07-26T00:15:00,ENGINE_EXECUTABLE_HYDRAULICALLY_UNVALIDATED
C_29682,3.855991840362549,2.175532102584839,0.590746283531189,0,0,2005-07-26T06:00:00,ENGINE_EXECUTABLE_HYDRAULICALLY_UNVALIDATED
C_29683,3.855991840362549,2.023989200592041,0.6349775195121765,0,0,2005-07-26T06:00:00,ENGINE_EXECUTABLE_HYDRAULICALLY_UNVALIDATED
C_29684,3.6476352214813232,1.9170539379119873,0.6341725587844849,0,0,2005-07-26T06:00:00,ENGINE_EXECUTABLE_HYDRAULICALLY_UNVALIDATED
C_29685,1.0406352281570435,1.650528907775879,0.3502309322357178,0,0,2005-07-26T04:30:00,ENGINE_EXECUTABLE_HYDRAULICALLY_UNVALIDATED
C_29686,1.0406352281570435,1.2622545957565308,0.4579632878303528,0,0,2005-07-26T04:30:00,ENGINE_EXECUTABLE_HYDRAULICALLY_UNVALIDATED
C_29687,0.7639743089675903,0.787686288356781,0.5400032997131348,0,0,2005-07-26T04:15:00,ENGINE_EXECUTABLE_HYDRAULICALLY_UNVALIDATED
C_29688,0.7639743089675903,0.7857064604759216,0.5412335395812988,0,0,2005-07-26T04:15:00,ENGINE_EXECUTABLE_HYDRAULICALLY_UNVALIDATED
C_29689,0.2778088450431824,0.29780033230781555,0.5191720724105835,0,0,2005-07-26T04:45:00,ENGINE_EXECUTABLE_HYDRAULICALLY_UNVALIDATED
C_29690,0.20835661888122559,0.24587835371494293,0.47166842222213745,0,0,2005-07-26T03:45:00,ENGINE_EXECUTABLE_HYDRAULICALLY_UNVALIDATED
C_29691,0.1389044225215912,0.18480916321277618,0.41846174001693726,0,0,2005-07-26T04:45:00,ENGINE_EXECUTABLE_HYDRAULICALLY_UNVALIDATED
C_29693,3.578183174133301,1.9188389778137207,0.6215190291404724,0,0,2005-07-26T06:00:00,ENGINE_EXECUTABLE_HYDRAULICALLY_UNVALIDATED
C_29694,0.0694522112607956,0.10586285591125488,0.36549171805381775,0,0,2005-07-26T04:30:00,ENGINE_EXECUTABLE_HYDRAULICALLY_UNVALIDATED
C_29697,5.455050468444824,2.571284294128418,0.7070971131324768,0,0,2005-07-26T06:00:00,ENGINE_EXECUTABLE_HYDRAULICALLY_UNVALIDATED
C_29698,3.4396231174468994,1.8891394138336182,0.6068442463874817,0,0,2005-07-26T06:00:00,ENGINE_EXECUTABLE_HYDRAULICALLY_UNVALIDATED
C_29700,2.562040090560913,2.933642864227295,0.4366166889667511,0,0,2005-07-26T05:45:00,ENGINE_EXECUTABLE_HYDRAULICALLY_UNVALIDATED
C_29701,2.285494089126587,2.562469005584717,0.44590580463409424,0,0,2005-07-26T05:45:00,ENGINE_EXECUTABLE_HYDRAULICALLY_UNVALIDATED
C_29707,5.9936089515686035,2.5145905017852783,0.794422447681427,0,0,2005-07-26T05:30:00,ENGINE_EXECUTABLE_HYDRAULICALLY_UNVALIDATED
C_29708,5.597444534301758,2.157086133956909,0.8648737668991089,0,0,2005-07-26T05:30:00,ENGINE_EXECUTABLE_HYDRAULICALLY_UNVALIDATED
C_29711,5.331689357757568,2.141231060028076,0.8299113512039185,0,0,2005-07-26T05:30:00,ENGINE_EXECUTABLE_HYDRAULICALLY_UNVALIDATED
C_29712,5.331689357757568,2.402050256729126,0.7397979497909546,0,0,2005-07-26T05:30:00,ENGINE_EXECUTABLE_HYDRAULICALLY_UNVALIDATED
C_29713,5.331689357757568,2.56364107131958,0.6931672096252441,0,0,2005-07-26T05:30:00,ENGINE_EXECUTABLE_HYDRAULICALLY_UNVALIDATED
C_29714,5.128383636474609,2.4715116024017334,0.6915892362594604,0,0,2005-07-26T05:30:00,ENGINE_EXECUTABLE_HYDRAULICALLY_UNVALIDATED
C_29716,0.20812702178955078,0.6373277902603149,0.06530512124300003,0,0,2005-07-26T05:45:00,ENGINE_EXECUTABLE_HYDRAULICALLY_UNVALIDATED
C_29717,0.20812702178955078,0.570721447467804,0.0729265883564949,0,0,2005-07-26T05:45:00,ENGINE_EXECUTABLE_HYDRAULICALLY_UNVALIDATED
C_29722,4.7364091873168945,2.2126152515411377,0.7134667038917542,0,0,2005-07-26T05:30:00,ENGINE_EXECUTABLE_HYDRAULICALLY_UNVALIDATED
C_29723,4.394887924194336,2.015062093734741,0.726925253868103,0,0,2005-07-26T05:30:00,ENGINE_EXECUTABLE_HYDRAULICALLY_UNVALIDATED
C_29724,4.325435638427734,1.9683643579483032,0.7324108481407166,0,0,2005-07-26T05:30:00,ENGINE_EXECUTABLE_HYDRAULICALLY_UNVALIDATED
C_29725,4.1887125968933105,1.1905502080917358,0.7154582142829895,0,0,2005-07-26T05:30:00,ENGINE_EXECUTABLE_HYDRAULICALLY_UNVALIDATED
C_29726,3.800698757171631,1.6627033948898315,0.7618668079376221,0,0,2005-07-26T05:45:00,ENGINE_EXECUTABLE_HYDRAULICALLY_UNVALIDATED
C_29727,3.603477716445923,1.40267813205719,0.8562374114990234,0,0,2005-07-26T05:45:00,ENGINE_EXECUTABLE_HYDRAULICALLY_UNVALIDATED
C_29748,3.484544038772583,1.7761129140853882,0.3603370487689972,0,0,2005-07-26T06:00:00,ENGINE_EXECUTABLE_HYDRAULICALLY_UNVALIDATED
C_29749,3.484543800354004,1.693611979484558,0.37789013981819153,0,0,2005-07-26T06:00:00,ENGINE_EXECUTABLE_HYDRAULICALLY_UNVALIDATED
C_29750,3.484543561935425,1.6382008790969849,0.385014146566391,0,0,2005-07-26T06:00:00,ENGINE_EXECUTABLE_HYDRAULICALLY_UNVALIDATED
C_29751,3.484543800354004,1.6630208492279053,0.38371363282203674,0,0,2005-07-26T06:00:00,ENGINE_EXECUTABLE_HYDRAULICALLY_UNVALIDATED
C_29752,8.489095687866211,2.8472821712493896,0.9937137365341187,0,0,2005-07-26T06:00:00,ENGINE_EXECUTABLE_HYDRAULICALLY_UNVALIDATED
C_29753,3.3513786792755127,1.983792781829834,0.3327144682407379,0,0,2005-07-26T05:45:00,ENGINE_EXECUTABLE_HYDRAULICALLY_UNVALIDATED
C_29754,3.3513786792755127,3.1124188899993896,0.3274502158164978,0,0,2005-07-26T06:00:00,ENGINE_EXECUTABLE_HYDRAULICALLY_UNVALIDATED
C_29755,3.3513786792755127,2.4690678119659424,0.4127720594406128,0,0,2005-07-26T06:00:00,ENGINE_EXECUTABLE_HYDRAULICALLY_UNVALIDATED
C_29756,3.283303737640381,2.1622438430786133,0.4448583722114563,0,0,2005-07-26T05:45:00,ENGINE_EXECUTABLE_HYDRAULICALLY_UNVALIDATED
C_29757,3.283303737640381,2.1850762367248535,0.4347327947616577,0,0,2005-07-26T05:45:00,ENGINE_EXECUTABLE_HYDRAULICALLY_UNVALIDATED
C_29758,3.28330397605896,2.2272446155548096,0.432382196187973,0,0,2005-07-26T06:00:00,ENGINE_EXECUTABLE_HYDRAULICALLY_UNVALIDATED
C_29759,3.151057720184326,2.0998222827911377,0.4287038743495941,0,0,2005-07-26T05:45:00,ENGINE_EXECUTABLE_HYDRAULICALLY_UNVALIDATED
C_29760,3.151057720184326,2.0013427734375,0.3935741186141968,0,0,2005-07-26T05:45:00,ENGINE_EXECUTABLE_HYDRAULICALLY_UNVALIDATED
C_29761,8.098670959472656,2.67930269241333,1.007447361946106,0,0,2005-07-26T06:00:00,ENGINE_EXECUTABLE_HYDRAULICALLY_UNVALIDATED
C_29762,3.151057720184326,2.3336341381073,0.33753225207328796,0,0,2005-07-26T05:45:00,ENGINE_EXECUTABLE_HYDRAULICALLY_UNVALIDATED
C_29763,7.443293571472168,2.6524159908294678,0.9353064298629761,0,0,2005-07-26T05:45:00,ENGINE_EXECUTABLE_HYDRAULICALLY_UNVALIDATED
C_29764,10.424222946166992,3.1016995906829834,1.1201452016830444,0,0,2005-07-26T05:45:00,ENGINE_EXECUTABLE_HYDRAULICALLY_UNVALIDATED
C_29765,10.22642993927002,3.0214145183563232,1.1280909776687622,0,0,2005-07-26T05:45:00,ENGINE_EXECUTABLE_HYDRAULICALLY_UNVALIDATED
C_29766,9.904999732971191,2.8860697746276855,1.1438735723495483,0,0,2005-07-26T06:00:00,ENGINE_EXECUTABLE_HYDRAULICALLY_UNVALIDATED
C_29767,9.477263450622559,3.0845160484313965,1.024062156677246,0,0,2005-07-26T05:45:00,ENGINE_EXECUTABLE_HYDRAULICALLY_UNVALIDATED
C_29768,4.282845497131348,2.1476011276245117,0.6646748185157776,0,0,2005-07-26T05:45:00,ENGINE_EXECUTABLE_HYDRAULICALLY_UNVALIDATED
C_30000,0.0,0.0,3.0479999622912146e-05,0,0,2005-07-26T00:15:00,ENGINE_EXECUTABLE_HYDRAULICALLY_UNVALIDATED
C_30039,0.11881432682275772,0.12166344374418259,0.06974808871746063,0,0,2005-07-26T06:15:00,ENGINE_EXECUTABLE_HYDRAULICALLY_UNVALIDATED
C_30040,0.11881420761346817,0.13503152132034302,0.0692606270313263,0,0,2005-07-26T06:15:00,ENGINE_EXECUTABLE_HYDRAULICALLY_UNVALIDATED
C_30041,0.11881408095359802,0.123923659324646,0.06847582757472992,0,0,2005-07-26T06:15:00,ENGINE_EXECUTABLE_HYDRAULICALLY_UNVALIDATED
C_30042,0.11881393194198608,0.12353265285491943,0.06869248300790787,0,0,2005-07-26T06:15:00,ENGINE_EXECUTABLE_HYDRAULICALLY_UNVALIDATED
C_30044,0.11881377547979355,0.1287578046321869,0.0689399465918541,0,0,2005-07-26T06:15:00,ENGINE_EXECUTABLE_HYDRAULICALLY_UNVALIDATED
C_30045,0.11881360411643982,0.12348788231611252,0.06871719658374786,0,0,2005-07-26T06:15:00,ENGINE_EXECUTABLE_HYDRAULICALLY_UNVALIDATED
C_30046,0.1188134178519249,0.13137808442115784,0.06459017843008041,0,0,2005-07-26T06:15:00,ENGINE_EXECUTABLE_HYDRAULICALLY_UNVALIDATED
C_30050,0.1188139021396637,0.20719335973262787,0.040955763310194016,0,0,2005-07-26T06:30:00,ENGINE_EXECUTABLE_HYDRAULICALLY_UNVALIDATED
C_30051,0.11881394684314728,0.1999066323041916,0.04244864359498024,0,0,2005-07-26T06:30:00,ENGINE_EXECUTABLE_HYDRAULICALLY_UNVALIDATED
C_30052,0.11881396174430847,0.16379927098751068,0.05180588737130165,0,0,2005-07-26T06:30:00,ENGINE_EXECUTABLE_HYDRAULICALLY_UNVALIDATED
C_30053,0.11881371587514877,0.15812420845031738,0.05366508662700653,0,0,2005-07-26T06:30:00,ENGINE_EXECUTABLE_HYDRAULICALLY_UNVALIDATED
C_30054,0.1188139095902443,0.16715006530284882,0.050767332315444946,0,0,2005-07-26T06:30:00,ENGINE_EXECUTABLE_HYDRAULICALLY_UNVALIDATED
C_30055,0.11881382763385773,0.16793827712535858,0.05052902176976204,0,0,2005-07-26T06:30:00,ENGINE_EXECUTABLE_HYDRAULICALLY_UNVALIDATED
C_30056,0.11881372332572937,0.19555695354938507,0.04339272528886795,0,0,2005-07-26T06:30:00,ENGINE_EXECUTABLE_HYDRAULICALLY_UNVALIDATED
C_30058,0.11881349980831146,0.15263032913208008,0.03243137523531914,0,0,2005-07-26T06:30:00,ENGINE_EXECUTABLE_HYDRAULICALLY_UNVALIDATED
C_30059,0.11881330609321594,0.12309902161359787,0.04021155834197998,0,0,2005-07-26T06:30:00,ENGINE_EXECUTABLE_HYDRAULICALLY_UNVALIDATED
C_30060,0.11881300061941147,0.13941293954849243,0.0363723561167717,0,0,2005-07-26T06:30:00,ENGINE_EXECUTABLE_HYDRAULICALLY_UNVALIDATED
C_30061,0.1188136637210846,0.24990105628967285,0.03395641967654228,0,0,2005-07-26T06:30:00,ENGINE_EXECUTABLE_HYDRAULICALLY_UNVALIDATED
C_30062,0.1188136413693428,0.25959312915802,0.032688628882169724,0,0,2005-07-26T06:30:00,ENGINE_EXECUTABLE_HYDRAULICALLY_UNVALIDATED
C_30063,0.11881358176469803,0.19663263857364655,0.027971025556325912,0,0,2005-07-26T06:30:00,ENGINE_EXECUTABLE_HYDRAULICALLY_UNVALIDATED
C_30065,0.11881352216005325,0.21054668724536896,0.02351028472185135,0,0,2005-07-26T06:30:00,ENGINE_EXECUTABLE_HYDRAULICALLY_UNVALIDATED
C_30068,0.11881349980831146,0.10865762829780579,0.04555603861808777,0,0,2005-07-26T06:45:00,ENGINE_EXECUTABLE_HYDRAULICALLY_UNVALIDATED
C_30069,0.11881343275308609,0.1352950632572174,0.03658676519989967,0,0,2005-07-26T06:45:00,ENGINE_EXECUTABLE_HYDRAULICALLY_UNVALIDATED
C_30070,0.11881306767463684,0.15613749623298645,0.031702782958745956,0,0,2005-07-26T06:45:00,ENGINE_EXECUTABLE_HYDRAULICALLY_UNVALIDATED
C_30071,0.1188134178519249,0.12268567830324173,0.04034707322716713,0,0,2005-07-26T06:45:00,ENGINE_EXECUTABLE_HYDRAULICALLY_UNVALIDATED
C_30074,0.11881329119205475,0.13649512827396393,0.0362650491297245,0,0,2005-07-26T06:45:00,ENGINE_EXECUTABLE_HYDRAULICALLY_UNVALIDATED
C_30075,0.11881306022405624,0.12240733951330185,0.04101433604955673,0,0,2005-07-26T06:45:00,ENGINE_EXECUTABLE_HYDRAULICALLY_UNVALIDATED
C_30076,0.11881282925605774,0.17032134532928467,0.02906261384487152,0,0,2005-07-26T06:45:00,ENGINE_EXECUTABLE_HYDRAULICALLY_UNVALIDATED
C_30077,0.0,0.0,3.0479999622912146e-05,0,0,2005-07-26T00:15:00,ENGINE_EXECUTABLE_HYDRAULICALLY_UNVALIDATED
C_30078,0.0,0.0,3.0479999622912146e-05,0,0,2005-07-26T00:15:00,ENGINE_EXECUTABLE_HYDRAULICALLY_UNVALIDATED
C_30079,0.0,0.0,3.0479999622912146e-05,0,0,2005-07-26T00:15:00,ENGINE_EXECUTABLE_HYDRAULICALLY_UNVALIDATED
C_30085,0.0,0.0,3.0479999622912146e-05,0,0,2005-07-26T00:15:00,ENGINE_EXECUTABLE_HYDRAULICALLY_UNVALIDATED
C_30086,0.0,0.0,3.0479999622912146e-05,0,0,2005-07-26T00:15:00,ENGINE_EXECUTABLE_HYDRAULICALLY_UNVALIDATED
C_30087,0.0,0.0,3.0479999622912146e-05,0,0,2005-07-26T00:15:00,ENGINE_EXECUTABLE_HYDRAULICALLY_UNVALIDATED
C_30088,0.0,0.0,3.0479999622912146e-05,0,0,2005-07-26T00:15:00,ENGINE_EXECUTABLE_HYDRAULICALLY_UNVALIDATED
C_30089,0.0,0.0,3.0479999622912146e-05,0,0,2005-07-26T00:15:00,ENGINE_EXECUTABLE_HYDRAULICALLY_UNVALIDATED
C_30090,0.0,0.0,3.0479999622912146e-05,0,0,2005-07-26T00:15:00,ENGINE_EXECUTABLE_HYDRAULICALLY_UNVALIDATED
C_30091,0.0,0.0,3.0479999622912146e-05,0,0,2005-07-26T00:15:00,ENGINE_EXECUTABLE_HYDRAULICALLY_UNVALIDATED
C_30092,0.0,0.0,3.0479999622912146e-05,0,0,2005-07-26T00:15:00,ENGINE_EXECUTABLE_HYDRAULICALLY_UNVALIDATED
C_30093,0.0,0.0,3.0479999622912146e-05,0,0,2005-07-26T00:15:00,ENGINE_EXECUTABLE_HYDRAULICALLY_UNVALIDATED
C_30094,0.0,0.0,3.0479999622912146e-05,0,0,2005-07-26T00:15:00,ENGINE_EXECUTABLE_HYDRAULICALLY_UNVALIDATED
C_30095,0.0,0.0,3.0479999622912146e-05,0,0,2005-07-26T00:15:00,ENGINE_EXECUTABLE_HYDRAULICALLY_UNVALIDATED
C_30096,0.0,0.0,3.0479999622912146e-05,0,0,2005-07-26T00:15:00,ENGINE_EXECUTABLE_HYDRAULICALLY_UNVALIDATED
C_30097,0.0,0.0,3.0479999622912146e-05,0,0,2005-07-26T00:15:00,ENGINE_EXECUTABLE_HYDRAULICALLY_UNVALIDATED
C_30099,0.0,0.0,3.0479999622912146e-05,0,0,2005-07-26T00:15:00,ENGINE_EXECUTABLE_HYDRAULICALLY_UNVALIDATED
C_30100,0.0,0.0,3.0479999622912146e-05,0,0,2005-07-26T00:15:00,ENGINE_EXECUTABLE_HYDRAULICALLY_UNVALIDATED
C_30101,0.0,0.0,3.0479999622912146e-05,0,0,2005-07-26T00:15:00,ENGINE_EXECUTABLE_HYDRAULICALLY_UNVALIDATED
C_30102,0.0,0.0,3.0479999622912146e-05,0,0,2005-07-26T00:15:00,ENGINE_EXECUTABLE_HYDRAULICALLY_UNVALIDATED
C_30103,0.0,0.0,3.0479999622912146e-05,0,0,2005-07-26T00:15:00,ENGINE_EXECUTABLE_HYDRAULICALLY_UNVALIDATED
C_30104,0.0,0.0,3.0479999622912146e-05,0,0,2005-07-26T00:15:00,ENGINE_EXECUTABLE_HYDRAULICALLY_UNVALIDATED
C_30105,0.0,0.0,3.0479999622912146e-05,0,0,2005-07-26T00:15:00,ENGINE_EXECUTABLE_HYDRAULICALLY_UNVALIDATED
C_30106,0.0,0.0,3.0479999622912146e-05,0,0,2005-07-26T00:15:00,ENGINE_EXECUTABLE_HYDRAULICALLY_UNVALIDATED
C_30107,0.0,0.0,3.0479999622912146e-05,0,0,2005-07-26T00:15:00,ENGINE_EXECUTABLE_HYDRAULICALLY_UNVALIDATED
C_30108,0.0,0.0,3.0479999622912146e-05,0,0,2005-07-26T00:15:00,ENGINE_EXECUTABLE_HYDRAULICALLY_UNVALIDATED
C_30143,1.8662428855895996,1.4056859016418457,0.17699886858463287,0,0,2005-07-26T04:45:00,ENGINE_EXECUTABLE_HYDRAULICALLY_UNVALIDATED
C_30144,1.8662408590316772,1.2961530685424805,0.19195643067359924,0,0,2005-07-26T04:45:00,ENGINE_EXECUTABLE_HYDRAULICALLY_UNVALIDATED
C_30145,1.8662453889846802,1.2840728759765625,0.1816522628068924,0,0,2005-07-26T06:00:00,ENGINE_EXECUTABLE_HYDRAULICALLY_UNVALIDATED
C_30146,1.8662457466125488,1.2701135873794556,0.19589196145534515,0,0,2005-07-26T04:45:00,ENGINE_EXECUTABLE_HYDRAULICALLY_UNVALIDATED
C_30149,1.8662490844726562,1.4820226430892944,0.16788238286972046,0,0,2005-07-26T04:45:00,ENGINE_EXECUTABLE_HYDRAULICALLY_UNVALIDATED
C_30150,1.8662489652633667,1.4063045978546143,0.17692148685455322,0,0,2005-07-26T04:45:00,ENGINE_EXECUTABLE_HYDRAULICALLY_UNVALIDATED
C_30151,1.8662489652633667,1.3631638288497925,0.18252059817314148,0,0,2005-07-26T04:45:00,ENGINE_EXECUTABLE_HYDRAULICALLY_UNVALIDATED
C_30152,1.8662484884262085,1.152297854423523,0.21592111885547638,0,0,2005-07-26T04:45:00,ENGINE_EXECUTABLE_HYDRAULICALLY_UNVALIDATED
C_30156,1.8662481307983398,1.2833081483840942,0.19387811422348022,0,0,2005-07-26T04:45:00,ENGINE_EXECUTABLE_HYDRAULICALLY_UNVALIDATED
C_30157,1.8662452697753906,1.1230396032333374,0.22154611349105835,0,0,2005-07-26T04:45:00,ENGINE_EXECUTABLE_HYDRAULICALLY_UNVALIDATED
C_30158,1.8662514686584473,1.194809913635254,0.20823884010314941,0,0,2005-07-26T05:00:00,ENGINE_EXECUTABLE_HYDRAULICALLY_UNVALIDATED
C_30159,1.8662543296813965,1.1919423341751099,0.20874013006687164,0,0,2005-07-26T05:00:00,ENGINE_EXECUTABLE_HYDRAULICALLY_UNVALIDATED
C_30160,1.8662503957748413,1.2939298152923584,0.19228683412075043,0,0,2005-07-26T05:00:00,ENGINE_EXECUTABLE_HYDRAULICALLY_UNVALIDATED
C_30161,1.8662489652633667,1.4334536790847778,0.1735706478357315,0,0,2005-07-26T05:00:00,ENGINE_EXECUTABLE_HYDRAULICALLY_UNVALIDATED
C_30162,1.866247296333313,1.361375331878662,0.1827603280544281,0,0,2005-07-26T05:00:00,ENGINE_EXECUTABLE_HYDRAULICALLY_UNVALIDATED
C_30163,1.8662489652633667,1.4635326862335205,0.17000336945056915,0,0,2005-07-26T05:15:00,ENGINE_EXECUTABLE_HYDRAULICALLY_UNVALIDATED
C_30164,1.8662521839141846,1.239335536956787,0.20075750350952148,0,0,2005-07-26T05:15:00,ENGINE_EXECUTABLE_HYDRAULICALLY_UNVALIDATED
C_30165,1.8662545680999756,1.1754231452941895,0.211673766374588,0,0,2005-07-26T05:15:00,ENGINE_EXECUTABLE_HYDRAULICALLY_UNVALIDATED
C_30166,1.866266131401062,1.2225995063781738,0.2035071849822998,0,0,2005-07-26T05:30:00,ENGINE_EXECUTABLE_HYDRAULICALLY_UNVALIDATED
C_30167,1.8662679195404053,1.402960181236267,0.17734502255916595,0,0,2005-07-26T05:30:00,ENGINE_EXECUTABLE_HYDRAULICALLY_UNVALIDATED
C_30168,1.8662673234939575,1.351240873336792,0.18413293361663818,0,0,2005-07-26T05:30:00,ENGINE_EXECUTABLE_HYDRAULICALLY_UNVALIDATED
C_30169,1.8662981986999512,1.9401336908340454,0.14797475934028625,0,0,2005-07-26T04:15:00,ENGINE_EXECUTABLE_HYDRAULICALLY_UNVALIDATED
C_30170,1.8662985563278198,1.7844547033309937,0.16088438034057617,0,0,2005-07-26T04:15:00,ENGINE_EXECUTABLE_HYDRAULICALLY_UNVALIDATED
C_30171,1.86629319190979,1.7574830055236816,0.16335295140743256,0,0,2005-07-26T04:15:00,ENGINE_EXECUTABLE_HYDRAULICALLY_UNVALIDATED
C_30172,1.8662728071212769,1.7745970487594604,0.1617758423089981,0,0,2005-07-26T04:15:00,ENGINE_EXECUTABLE_HYDRAULICALLY_UNVALIDATED
C_30173,1.8662532567977905,1.8043568134307861,0.15910604596138,0,0,2005-07-26T04:15:00,ENGINE_EXECUTABLE_HYDRAULICALLY_UNVALIDATED
C_30174,1.8662400245666504,1.6905056238174438,0.17055319249629974,0,0,2005-07-26T06:00:00,ENGINE_EXECUTABLE_HYDRAULICALLY_UNVALIDATED
C_30175,1.8662389516830444,1.165422797203064,0.24633267521858215,0,0,2005-07-26T06:00:00,ENGINE_EXECUTABLE_HYDRAULICALLY_UNVALIDATED
C_30176,1.8662495613098145,1.2648712396621704,0.2269664704799652,0,0,2005-07-26T04:45:00,ENGINE_EXECUTABLE_HYDRAULICALLY_UNVALIDATED
C_30177,1.8662687540054321,1.3028068542480469,0.22035983204841614,0,0,2005-07-26T04:45:00,ENGINE_EXECUTABLE_HYDRAULICALLY_UNVALIDATED
C_30178,1.8662687540054321,1.2565747499465942,0.22846734523773193,0,0,2005-07-26T05:30:00,ENGINE_EXECUTABLE_HYDRAULICALLY_UNVALIDATED
C_30179,1.8662621974945068,1.2886284589767456,0.22278361022472382,0,0,2005-07-26T04:45:00,ENGINE_EXECUTABLE_HYDRAULICALLY_UNVALIDATED
C_30180,1.866269588470459,1.277100920677185,0.224795401096344,0,0,2005-07-26T04:45:00,ENGINE_EXECUTABLE_HYDRAULICALLY_UNVALIDATED
C_30181,1.866264820098877,1.15799081325531,0.2479172796010971,0,0,2005-07-26T05:30:00,ENGINE_EXECUTABLE_HYDRAULICALLY_UNVALIDATED
C_30182,1.8662710189819336,1.2315092086791992,0.2331177443265915,0,0,2005-07-26T04:15:00,ENGINE_EXECUTABLE_HYDRAULICALLY_UNVALIDATED
C_30183,1.8662554025650024,0.8631526827812195,0.2882534861564636,0,0,2005-07-26T05:30:00,ENGINE_EXECUTABLE_HYDRAULICALLY_UNVALIDATED
C_30184,1.8662644624710083,1.065555214881897,0.2335003763437271,0,0,2005-07-26T05:30:00,ENGINE_EXECUTABLE_HYDRAULICALLY_UNVALIDATED
C_30185,1.866256833076477,0.9970582127571106,0.2495407611131668,0,0,2005-07-26T04:30:00,ENGINE_EXECUTABLE_HYDRAULICALLY_UNVALIDATED
C_30186,1.8662608861923218,0.9238122701644897,0.26932644844055176,0,0,2005-07-26T05:30:00,ENGINE_EXECUTABLE_HYDRAULICALLY_UNVALIDATED
C_30187,1.866257667541504,1.1083815097808838,0.22447744011878967,0,0,2005-07-26T05:45:00,ENGINE_EXECUTABLE_HYDRAULICALLY_UNVALIDATED
C_30188,1.8662525415420532,0.9930017590522766,0.25055965781211853,0,0,2005-07-26T05:45:00,ENGINE_EXECUTABLE_HYDRAULICALLY_UNVALIDATED
C_30189,1.8662517070770264,1.0085632801055908,0.24669477343559265,0,0,2005-07-26T04:15:00,ENGINE_EXECUTABLE_HYDRAULICALLY_UNVALIDATED
C_30190,1.8662995100021362,1.090196967124939,0.22822684049606323,0,0,2005-07-26T04:45:00,ENGINE_EXECUTABLE_HYDRAULICALLY_UNVALIDATED
C_30191,1.8662501573562622,1.6440309286117554,0.1513393372297287,0,0,2005-07-26T04:45:00,ENGINE_EXECUTABLE_HYDRAULICALLY_UNVALIDATED
C_30192,1.8662456274032593,1.2434173822402954,0.20009829103946686,0,0,2005-07-26T05:00:00,ENGINE_EXECUTABLE_HYDRAULICALLY_UNVALIDATED
C_30193,1.8663032054901123,1.2295175790786743,0.20236623287200928,0,0,2005-07-26T04:45:00,ENGINE_EXECUTABLE_HYDRAULICALLY_UNVALIDATED
C_30194,1.8662720918655396,1.694456696510315,0.1468367874622345,0,0,2005-07-26T05:15:00,ENGINE_EXECUTABLE_HYDRAULICALLY_UNVALIDATED
C_30195,1.8846055269241333,1.3814116716384888,0.18227317929267883,0,0,2005-07-26T03:00:00,ENGINE_EXECUTABLE_HYDRAULICALLY_UNVALIDATED
C_30196,1.8663330078125,1.151231288909912,0.21614353358745575,0,0,2005-07-26T05:00:00,ENGINE_EXECUTABLE_HYDRAULICALLY_UNVALIDATED
C_30197,1.8746918439865112,1.3238810300827026,0.1890770047903061,0,0,2005-07-26T04:30:00,ENGINE_EXECUTABLE_HYDRAULICALLY_UNVALIDATED
C_30198,1.8689504861831665,1.2246679067611694,0.20345567166805267,0,0,2005-07-26T05:45:00,ENGINE_EXECUTABLE_HYDRAULICALLY_UNVALIDATED
C_30199,1.9130964279174805,1.5135161876678467,0.16905660927295685,0,0,2005-07-26T04:15:00,ENGINE_EXECUTABLE_HYDRAULICALLY_UNVALIDATED
C_30200,1.8926955461502075,1.5518437623977661,0.16265489161014557,0,0,2005-07-26T03:45:00,ENGINE_EXECUTABLE_HYDRAULICALLY_UNVALIDATED
C_30201,1.8662693500518799,1.3643242120742798,0.21042388677597046,0,0,2005-07-26T04:45:00,ENGINE_EXECUTABLE_HYDRAULICALLY_UNVALIDATED
C_30202,1.8662607669830322,1.1808358430862427,0.24312078952789307,0,0,2005-07-26T04:45:00,ENGINE_EXECUTABLE_HYDRAULICALLY_UNVALIDATED
C_30203,1.8662501573562622,1.228236436843872,0.2337362915277481,0,0,2005-07-26T05:00:00,ENGINE_EXECUTABLE_HYDRAULICALLY_UNVALIDATED
C_30204,1.8662599325180054,1.2409261465072632,0.23134732246398926,0,0,2005-07-26T04:45:00,ENGINE_EXECUTABLE_HYDRAULICALLY_UNVALIDATED
C_30205,1.866288185119629,1.2164746522903442,0.23600105941295624,0,0,2005-07-26T04:15:00,ENGINE_EXECUTABLE_HYDRAULICALLY_UNVALIDATED
C_30206,1.8662973642349243,1.1996750831604004,0.23930706083774567,0,0,2005-07-26T04:15:00,ENGINE_EXECUTABLE_HYDRAULICALLY_UNVALIDATED
C_30207,1.866292119026184,1.1543805599212646,0.24869605898857117,0,0,2005-07-26T04:15:00,ENGINE_EXECUTABLE_HYDRAULICALLY_UNVALIDATED
C_30208,1.8662595748901367,1.5881041288375854,0.1807720810174942,0,0,2005-07-26T05:00:00,ENGINE_EXECUTABLE_HYDRAULICALLY_UNVALIDATED
C_30209,1.8662611246109009,1.1846246719360352,0.24234266579151154,0,0,2005-07-26T05:00:00,ENGINE_EXECUTABLE_HYDRAULICALLY_UNVALIDATED
C_30210,1.8662580251693726,1.8174536228179932,0.15795989334583282,0,0,2005-07-26T05:00:00,ENGINE_EXECUTABLE_HYDRAULICALLY_UNVALIDATED
C_30211,1.8662688732147217,1.3836406469345093,0.20748619735240936,0,0,2005-07-26T04:45:00,ENGINE_EXECUTABLE_HYDRAULICALLY_UNVALIDATED
C_30212,1.8662738800048828,1.3634916543960571,0.2105528861284256,0,0,2005-07-26T04:45:00,ENGINE_EXECUTABLE_HYDRAULICALLY_UNVALIDATED
C_30213,1.8662546873092651,1.3096917867660522,0.2191997766494751,0,0,2005-07-26T05:00:00,ENGINE_EXECUTABLE_HYDRAULICALLY_UNVALIDATED
C_30214,1.866274356842041,1.2742516994476318,0.22529862821102142,0,0,2005-07-26T04:45:00,ENGINE_EXECUTABLE_HYDRAULICALLY_UNVALIDATED
C_30215,1.8662495613098145,1.2397080659866333,0.23157335817813873,0,0,2005-07-26T05:15:00,ENGINE_EXECUTABLE_HYDRAULICALLY_UNVALIDATED
C_30216,1.8662421703338623,1.3394219875335693,0.2143329232931137,0,0,2005-07-26T05:00:00,ENGINE_EXECUTABLE_HYDRAULICALLY_UNVALIDATED
C_30217,1.8662375211715698,1.5482748746871948,0.1854202300310135,0,0,2005-07-26T05:45:00,ENGINE_EXECUTABLE_HYDRAULICALLY_UNVALIDATED
C_30218,0.5878526568412781,1.5481215715408325,0.189365416765213,0,0,2005-07-26T05:45:00,ENGINE_EXECUTABLE_HYDRAULICALLY_UNVALIDATED
C_30219,0.7227392792701721,1.9289093017578125,0.18657685816287994,0,0,2005-07-26T05:45:00,ENGINE_EXECUTABLE_HYDRAULICALLY_UNVALIDATED
C_30220,1.8662620782852173,1.184941291809082,0.2422780692577362,0,0,2005-07-26T04:15:00,ENGINE_EXECUTABLE_HYDRAULICALLY_UNVALIDATED
C_30221,1.8662325143814087,1.2656351327896118,0.22682739794254303,0,0,2005-07-26T06:00:00,ENGINE_EXECUTABLE_HYDRAULICALLY_UNVALIDATED
C_30222,1.8662360906600952,1.3169139623641968,0.21799546480178833,0,0,2005-07-26T06:00:00,ENGINE_EXECUTABLE_HYDRAULICALLY_UNVALIDATED
C_30223,1.866287350654602,1.8416272401809692,0.1558888554573059,0,0,2005-07-26T05:00:00,ENGINE_EXECUTABLE_HYDRAULICALLY_UNVALIDATED
C_30224,1.8662904500961304,1.447256088256836,0.19836822152137756,0,0,2005-07-26T05:00:00,ENGINE_EXECUTABLE_HYDRAULICALLY_UNVALIDATED
C_30225,1.8662916421890259,1.414652943611145,0.20294010639190674,0,0,2005-07-26T05:00:00,ENGINE_EXECUTABLE_HYDRAULICALLY_UNVALIDATED
C_30226,1.8662405014038086,1.415328025817871,0.20283782482147217,0,0,2005-07-26T05:45:00,ENGINE_EXECUTABLE_HYDRAULICALLY_UNVALIDATED
C_30227,1.866267442703247,1.6965497732162476,0.16921791434288025,0,0,2005-07-26T05:00:00,ENGINE_EXECUTABLE_HYDRAULICALLY_UNVALIDATED
C_30228,1.8662545680999756,1.190183162689209,0.24121002852916718,0,0,2005-07-26T05:30:00,ENGINE_EXECUTABLE_HYDRAULICALLY_UNVALIDATED
C_30229,1.8662633895874023,1.3725507259368896,0.2091626673936844,0,0,2005-07-26T05:30:00,ENGINE_EXECUTABLE_HYDRAULICALLY_UNVALIDATED
C_30230,1.8662704229354858,1.5068652629852295,0.1905190646648407,0,0,2005-07-26T04:45:00,ENGINE_EXECUTABLE_HYDRAULICALLY_UNVALIDATED
C_30231,1.866268515586853,1.5214546918869019,0.18869197368621826,0,0,2005-07-26T04:45:00,ENGINE_EXECUTABLE_HYDRAULICALLY_UNVALIDATED
C_30232,1.8662692308425903,1.5164861679077148,0.1893107146024704,0,0,2005-07-26T04:45:00,ENGINE_EXECUTABLE_HYDRAULICALLY_UNVALIDATED
C_30233,1.8662582635879517,1.507282018661499,0.19046513736248016,0,0,2005-07-26T04:45:00,ENGINE_EXECUTABLE_HYDRAULICALLY_UNVALIDATED
C_30234,1.8662476539611816,1.7113308906555176,0.1677543967962265,0,0,2005-07-26T06:00:00,ENGINE_EXECUTABLE_HYDRAULICALLY_UNVALIDATED
C_30235,1.7298787832260132,1.590686321258545,0.16728977859020233,0,0,2005-07-26T06:00:00,ENGINE_EXECUTABLE_HYDRAULICALLY_UNVALIDATED
C_30236,1.7298831939697266,1.6610846519470215,0.160200297832489,0,0,2005-07-26T06:00:00,ENGINE_EXECUTABLE_HYDRAULICALLY_UNVALIDATED
C_30237,1.7298794984817505,1.6594326496124268,0.1603594273328781,0,0,2005-07-26T06:00:00,ENGINE_EXECUTABLE_HYDRAULICALLY_UNVALIDATED
C_30238,1.7298753261566162,1.7918226718902588,0.14851081371307373,0,0,2005-07-26T06:00:00,ENGINE_EXECUTABLE_HYDRAULICALLY_UNVALIDATED
C_30239,1.7298616170883179,1.7933356761932373,0.14838440716266632,0,0,2005-07-26T05:30:00,ENGINE_EXECUTABLE_HYDRAULICALLY_UNVALIDATED
C_30240,0.9971042275428772,2.2039265632629395,0.22618567943572998,0,0,2005-07-26T05:45:00,ENGINE_EXECUTABLE_HYDRAULICALLY_UNVALIDATED
C_30241,0.9971042275428772,2.363006830215454,0.21064263582229614,0,0,2005-07-26T05:45:00,ENGINE_EXECUTABLE_HYDRAULICALLY_UNVALIDATED
C_30242,1.729864239692688,1.8611249923706055,0.14298023283481598,0,0,2005-07-26T05:30:00,ENGINE_EXECUTABLE_HYDRAULICALLY_UNVALIDATED
C_30243,0.732768714427948,1.3124353885650635,0.11165305972099304,0,0,2005-07-26T04:30:00,ENGINE_EXECUTABLE_HYDRAULICALLY_UNVALIDATED
C_30244,0.7327725291252136,1.4636921882629395,0.10011544078588486,0,0,2005-07-26T04:30:00,ENGINE_EXECUTABLE_HYDRAULICALLY_UNVALIDATED
C_30245,0.7327761054039001,1.7050526142120361,0.14323987066745758,0,0,2005-07-26T04:30:00,ENGINE_EXECUTABLE_HYDRAULICALLY_UNVALIDATED
C_30246,0.7327654361724854,1.285976767539978,0.18098756670951843,0,0,2005-07-26T04:30:00,ENGINE_EXECUTABLE_HYDRAULICALLY_UNVALIDATED
C_30247,0.9971042275428772,1.7500029802322388,0.28442808985710144,0,0,2005-07-26T05:45:00,ENGINE_EXECUTABLE_HYDRAULICALLY_UNVALIDATED
C_30248,0.9971042275428772,2.0947420597076416,0.23773741722106934,0,0,2005-07-26T05:45:00,ENGINE_EXECUTABLE_HYDRAULICALLY_UNVALIDATED
C_30249,0.9971042275428772,2.4005463123321533,0.20765966176986694,0,0,2005-07-26T05:45:00,ENGINE_EXECUTABLE_HYDRAULICALLY_UNVALIDATED
C_30250,0.9971042275428772,1.4045803546905518,0.1774539351463318,0,0,2005-07-26T05:45:00,ENGINE_EXECUTABLE_HYDRAULICALLY_UNVALIDATED
C_30251,0.9971042275428772,1.6154301166534424,0.15429222583770752,0,0,2005-07-26T05:45:00,ENGINE_EXECUTABLE_HYDRAULICALLY_UNVALIDATED
C_30252,0.9971042275428772,1.718942642211914,0.28971216082572937,0,0,2005-07-26T05:45:00,ENGINE_EXECUTABLE_HYDRAULICALLY_UNVALIDATED
C_30253,0.9971042275428772,2.2887184619903564,0.21780599653720856,0,0,2005-07-26T05:45:00,ENGINE_EXECUTABLE_HYDRAULICALLY_UNVALIDATED
C_30254,0.7227392792701721,1.4123550653457642,0.257120281457901,0,0,2005-07-26T06:00:00,ENGINE_EXECUTABLE_HYDRAULICALLY_UNVALIDATED
C_30255,0.8610697388648987,1.9165046215057373,0.22484570741653442,0,0,2005-07-26T05:45:00,ENGINE_EXECUTABLE_HYDRAULICALLY_UNVALIDATED
C_30256,0.8610697388648987,3.6886279582977295,0.11682334542274475,0,0,2005-07-26T05:45:00,ENGINE_EXECUTABLE_HYDRAULICALLY_UNVALIDATED
C_30257,0.8610697388648987,1.787358045578003,0.12042548507452011,0,0,2005-07-26T05:45:00,ENGINE_EXECUTABLE_HYDRAULICALLY_UNVALIDATED
C_30258,0.8610697388648987,1.0675396919250488,0.20162571966648102,0,0,2005-07-26T05:45:00,ENGINE_EXECUTABLE_HYDRAULICALLY_UNVALIDATED
C_30259,0.8610697388648987,1.6764711141586304,0.2566532492637634,0,0,2005-07-26T05:45:00,ENGINE_EXECUTABLE_HYDRAULICALLY_UNVALIDATED
C_30260,0.8610697388648987,1.8131555318832397,0.23742416501045227,0,0,2005-07-26T05:45:00,ENGINE_EXECUTABLE_HYDRAULICALLY_UNVALIDATED
C_30261,0.8610697388648987,1.636107087135315,0.24892771244049072,0,0,2005-07-26T05:45:00,ENGINE_EXECUTABLE_HYDRAULICALLY_UNVALIDATED
C_30262,0.7227392792701721,2.2814486026763916,0.15877412259578705,0,0,2005-07-26T05:45:00,ENGINE_EXECUTABLE_HYDRAULICALLY_UNVALIDATED
C_30263,0.7227392792701721,1.6749120950698853,0.15980027616024017,0,0,2005-07-26T05:45:00,ENGINE_EXECUTABLE_HYDRAULICALLY_UNVALIDATED
C_30264,0.7227392792701721,1.4358993768692017,0.18639983236789703,0,0,2005-07-26T06:00:00,ENGINE_EXECUTABLE_HYDRAULICALLY_UNVALIDATED
C_30265,0.7227392792701721,1.7116074562072754,0.20396645367145538,0,0,2005-07-26T06:00:00,ENGINE_EXECUTABLE_HYDRAULICALLY_UNVALIDATED
C_30266,0.45078498125076294,1.0413151979446411,0.1603153496980667,0,0,2005-07-26T06:00:00,ENGINE_EXECUTABLE_HYDRAULICALLY_UNVALIDATED
C_30267,0.45078498125076294,1.5366981029510498,0.10863474011421204,0,0,2005-07-26T06:00:00,ENGINE_EXECUTABLE_HYDRAULICALLY_UNVALIDATED
C_30268,0.45078498125076294,1.9307022094726562,0.11690355092287064,0,0,2005-07-26T06:00:00,ENGINE_EXECUTABLE_HYDRAULICALLY_UNVALIDATED
C_30269,0.312913715839386,1.2333436012268066,0.1269051879644394,0,0,2005-07-26T05:45:00,ENGINE_EXECUTABLE_HYDRAULICALLY_UNVALIDATED
C_30270,0.312913715839386,1.4745533466339111,0.10646539181470871,0,0,2005-07-26T05:45:00,ENGINE_EXECUTABLE_HYDRAULICALLY_UNVALIDATED
C_30271,0.2434615194797516,1.1500757932662964,0.10427002608776093,0,0,2005-07-26T06:00:00,ENGINE_EXECUTABLE_HYDRAULICALLY_UNVALIDATED
C_30272,0.11525621265172958,0.7377051711082458,0.07737431675195694,0,0,2005-07-26T05:45:00,ENGINE_EXECUTABLE_HYDRAULICALLY_UNVALIDATED
C_30273,0.11525621265172958,0.9412820935249329,0.061002667993307114,0,0,2005-07-26T05:45:00,ENGINE_EXECUTABLE_HYDRAULICALLY_UNVALIDATED
C_30274,0.11525621265172958,0.9723924994468689,0.05922803282737732,0,0,2005-07-26T05:45:00,ENGINE_EXECUTABLE_HYDRAULICALLY_UNVALIDATED
C_30275,0.11525621265172958,0.6425371766090393,0.0717426985502243,0,0,2005-07-26T05:45:00,ENGINE_EXECUTABLE_HYDRAULICALLY_UNVALIDATED
C_30276,0.11525621265172958,0.7066934108734131,0.065229631960392,0,0,2005-07-26T05:45:00,ENGINE_EXECUTABLE_HYDRAULICALLY_UNVALIDATED
C_30277,0.7327556014060974,1.5258169174194336,0.16006158292293549,0,0,2005-07-26T04:45:00,ENGINE_EXECUTABLE_HYDRAULICALLY_UNVALIDATED
C_30278,0.7327536344528198,1.3733086585998535,0.1703955978155136,0,0,2005-07-26T04:45:00,ENGINE_EXECUTABLE_HYDRAULICALLY_UNVALIDATED
C_30279,0.7328172922134399,1.0786336660385132,0.2124197632074356,0,0,2005-07-26T05:00:00,ENGINE_EXECUTABLE_HYDRAULICALLY_UNVALIDATED
C_30280,0.7328798770904541,1.7019096612930298,0.14352470636367798,0,0,2005-07-26T05:00:00,ENGINE_EXECUTABLE_HYDRAULICALLY_UNVALIDATED
C_30281,0.7328357696533203,1.303350567817688,0.18307001888751984,0,0,2005-07-26T05:00:00,ENGINE_EXECUTABLE_HYDRAULICALLY_UNVALIDATED
C_30282,0.7328894734382629,1.151225209236145,0.16094717383384705,0,0,2005-07-26T05:00:00,ENGINE_EXECUTABLE_HYDRAULICALLY_UNVALIDATED
C_30283,0.7328829169273376,1.295253872871399,0.20387707650661469,0,0,2005-07-26T03:30:00,ENGINE_EXECUTABLE_HYDRAULICALLY_UNVALIDATED
C_30284,0.7327636480331421,1.1072111129760742,0.236933171749115,0,0,2005-07-26T03:30:00,ENGINE_EXECUTABLE_HYDRAULICALLY_UNVALIDATED
C_30285,0.7327876091003418,1.2283354997634888,0.18485035002231598,0,0,2005-07-26T03:45:00,ENGINE_EXECUTABLE_HYDRAULICALLY_UNVALIDATED
C_30286,0.732808530330658,1.2560917139053345,0.21282023191452026,0,0,2005-07-26T05:30:00,ENGINE_EXECUTABLE_HYDRAULICALLY_UNVALIDATED
C_30287,0.7329778671264648,1.2133548259735107,0.18764355778694153,0,0,2005-07-26T04:00:00,ENGINE_EXECUTABLE_HYDRAULICALLY_UNVALIDATED
C_30288,0.7329280972480774,0.8315399885177612,0.17626246809959412,0,0,2005-07-26T05:15:00,ENGINE_EXECUTABLE_HYDRAULICALLY_UNVALIDATED
C_30289,0.732930600643158,1.5657299757003784,0.15601858496665955,0,0,2005-07-26T04:00:00,ENGINE_EXECUTABLE_HYDRAULICALLY_UNVALIDATED
C_30290,0.7329009771347046,1.968885064125061,0.12406673282384872,0,0,2005-07-26T04:00:00,ENGINE_EXECUTABLE_HYDRAULICALLY_UNVALIDATED
C_30291,0.7329881191253662,1.100765585899353,0.13316304981708527,0,0,2005-07-26T05:15:00,ENGINE_EXECUTABLE_HYDRAULICALLY_UNVALIDATED
C_30292,0.7330878973007202,1.2967554330825806,0.18692518770694733,0,0,2005-07-26T05:15:00,ENGINE_EXECUTABLE_HYDRAULICALLY_UNVALIDATED
C_30293,0.7329733371734619,1.4440757036209106,0.1976308971643448,0,0,2005-07-26T06:00:00,ENGINE_EXECUTABLE_HYDRAULICALLY_UNVALIDATED
C_30294,0.7327907681465149,1.170889139175415,0.21166297793388367,0,0,2005-07-26T06:00:00,ENGINE_EXECUTABLE_HYDRAULICALLY_UNVALIDATED
C_30295,0.733223557472229,1.2551523447036743,0.206094890832901,0,0,2005-07-26T05:45:00,ENGINE_EXECUTABLE_HYDRAULICALLY_UNVALIDATED
C_30296,0.7376528978347778,1.6179139614105225,0.19050465524196625,0,0,2005-07-26T05:15:00,ENGINE_EXECUTABLE_HYDRAULICALLY_UNVALIDATED
C_30297,0.7335660457611084,1.6348237991333008,0.18790267407894135,0,0,2005-07-26T06:00:00,ENGINE_EXECUTABLE_HYDRAULICALLY_UNVALIDATED
C_30298,0.7327495217323303,1.6405278444290161,0.18008974194526672,0,0,2005-07-26T06:00:00,ENGINE_EXECUTABLE_HYDRAULICALLY_UNVALIDATED
C_30299,0.7327495217323303,1.5170241594314575,0.14943189918994904,0,0,2005-07-26T06:00:00,ENGINE_EXECUTABLE_HYDRAULICALLY_UNVALIDATED
C_30300,0.7327495217323303,1.7923206090927124,0.15490023791790009,0,0,2005-07-26T06:00:00,ENGINE_EXECUTABLE_HYDRAULICALLY_UNVALIDATED
C_30301,0.7327495217323303,1.2308259010314941,0.23782072961330414,0,0,2005-07-26T06:00:00,ENGINE_EXECUTABLE_HYDRAULICALLY_UNVALIDATED
C_30302,0.7327495217323303,1.7247607707977295,0.14159798622131348,0,0,2005-07-26T06:00:00,ENGINE_EXECUTABLE_HYDRAULICALLY_UNVALIDATED
C_30303,0.7327495217323303,1.865632176399231,0.15461350977420807,0,0,2005-07-26T06:00:00,ENGINE_EXECUTABLE_HYDRAULICALLY_UNVALIDATED
C_30304,0.7327495217323303,1.0097825527191162,0.22345857322216034,0,0,2005-07-26T06:00:00,ENGINE_EXECUTABLE_HYDRAULICALLY_UNVALIDATED
C_30305,0.7327495217323303,1.3393549919128418,0.17923669517040253,0,0,2005-07-26T06:00:00,ENGINE_EXECUTABLE_HYDRAULICALLY_UNVALIDATED
C_30306,0.7327495217323303,1.3645484447479248,0.17755645513534546,0,0,2005-07-26T06:00:00,ENGINE_EXECUTABLE_HYDRAULICALLY_UNVALIDATED
C_30307,0.7327495217323303,1.3299938440322876,0.1836269050836563,0,0,2005-07-26T06:00:00,ENGINE_EXECUTABLE_HYDRAULICALLY_UNVALIDATED
C_30308,0.7327495217323303,1.2015777826309204,0.15243873000144958,0,0,2005-07-26T06:00:00,ENGINE_EXECUTABLE_HYDRAULICALLY_UNVALIDATED
C_30309,0.7327495217323303,1.4818377494812012,0.2166660577058792,0,0,2005-07-26T06:00:00,ENGINE_EXECUTABLE_HYDRAULICALLY_UNVALIDATED
C_30310,0.7327495217323303,1.0891835689544678,0.11211270838975906,0,0,2005-07-26T06:00:00,ENGINE_EXECUTABLE_HYDRAULICALLY_UNVALIDATED
C_30311,0.7327495217323303,1.6492550373077393,0.21235264837741852,0,0,2005-07-26T06:00:00,ENGINE_EXECUTABLE_HYDRAULICALLY_UNVALIDATED
C_30312,0.7327495217323303,1.8460867404937744,0.17757326364517212,0,0,2005-07-26T06:00:00,ENGINE_EXECUTABLE_HYDRAULICALLY_UNVALIDATED
C_30313,0.7327495217323303,1.6973693370819092,0.12304706871509552,0,0,2005-07-26T06:00:00,ENGINE_EXECUTABLE_HYDRAULICALLY_UNVALIDATED
C_30314,0.7327495217323303,1.9633800983428955,0.1807977855205536,0,0,2005-07-26T06:00:00,ENGINE_EXECUTABLE_HYDRAULICALLY_UNVALIDATED
C_30315,0.7327495217323303,2.3499064445495605,0.149969220161438,0,0,2005-07-26T06:00:00,ENGINE_EXECUTABLE_HYDRAULICALLY_UNVALIDATED
C_30316,0.7327495217323303,1.2892951965332031,0.22137518227100372,0,0,2005-07-26T06:00:00,ENGINE_EXECUTABLE_HYDRAULICALLY_UNVALIDATED
C_30317,0.7327495217323303,1.6062506437301636,0.21039460599422455,0,0,2005-07-26T06:00:00,ENGINE_EXECUTABLE_HYDRAULICALLY_UNVALIDATED
C_30318,0.7327495217323303,1.9202759265899658,0.19997015595436096,0,0,2005-07-26T06:00:00,ENGINE_EXECUTABLE_HYDRAULICALLY_UNVALIDATED
C_30319,0.7327495217323303,1.454513669013977,0.22457432746887207,0,0,2005-07-26T06:00:00,ENGINE_EXECUTABLE_HYDRAULICALLY_UNVALIDATED
C_30320,0.7327495217323303,1.560988426208496,0.1999836266040802,0,0,2005-07-26T06:00:00,ENGINE_EXECUTABLE_HYDRAULICALLY_UNVALIDATED
C_30321,0.7327495217323303,1.4700102806091309,0.18459631502628326,0,0,2005-07-26T06:00:00,ENGINE_EXECUTABLE_HYDRAULICALLY_UNVALIDATED
C_30322,0.7327495217323303,1.94004487991333,0.1655656099319458,0,0,2005-07-26T06:00:00,ENGINE_EXECUTABLE_HYDRAULICALLY_UNVALIDATED
C_30323,0.7327495217323303,1.7082924842834473,0.15339379012584686,0,0,2005-07-26T06:00:00,ENGINE_EXECUTABLE_HYDRAULICALLY_UNVALIDATED
C_30324,0.7327495217323303,2.2945921421051025,0.12492255121469498,0,0,2005-07-26T06:00:00,ENGINE_EXECUTABLE_HYDRAULICALLY_UNVALIDATED
C_30325,0.7327495217323303,2.123654842376709,0.11500110477209091,0,0,2005-07-26T06:00:00,ENGINE_EXECUTABLE_HYDRAULICALLY_UNVALIDATED
C_30326,0.7327495217323303,1.1479095220565796,0.12765255570411682,0,0,2005-07-26T06:00:00,ENGINE_EXECUTABLE_HYDRAULICALLY_UNVALIDATED
C_30327,2.148885488510132,2.7624707221984863,0.38889938592910767,0,0,2005-07-26T05:30:00,ENGINE_EXECUTABLE_HYDRAULICALLY_UNVALIDATED
C_30328,1.5122212171554565,2.4580583572387695,0.30757057666778564,0,0,2005-07-26T05:45:00,ENGINE_EXECUTABLE_HYDRAULICALLY_UNVALIDATED
C_30329,1.4477052688598633,2.51617693901062,0.2876475155353546,0,0,2005-07-26T05:45:00,ENGINE_EXECUTABLE_HYDRAULICALLY_UNVALIDATED
C_30330,0.11525621265172958,1.1241519451141357,0.050401102751493454,0,0,2005-07-26T05:45:00,ENGINE_EXECUTABLE_HYDRAULICALLY_UNVALIDATED
C_30331,0.11525621265172958,0.9393028020858765,0.06031973287463188,0,0,2005-07-26T05:45:00,ENGINE_EXECUTABLE_HYDRAULICALLY_UNVALIDATED
C_30332,0.11525621265172958,1.1888952255249023,0.07024142891168594,0,0,2005-07-26T05:45:00,ENGINE_EXECUTABLE_HYDRAULICALLY_UNVALIDATED
C_30333,0.11525621265172958,0.8192854523658752,0.06878400593996048,0,0,2005-07-26T05:45:00,ENGINE_EXECUTABLE_HYDRAULICALLY_UNVALIDATED
C_30334,0.7327495217323303,2.2370059490203857,0.16600187122821808,0,0,2005-07-26T06:00:00,ENGINE_EXECUTABLE_HYDRAULICALLY_UNVALIDATED
C_30335,0.7327495217323303,2.185312032699585,0.17149323225021362,0,0,2005-07-26T06:00:00,ENGINE_EXECUTABLE_HYDRAULICALLY_UNVALIDATED
C_30336,0.7327495217323303,2.1343729496002197,0.1616152673959732,0,0,2005-07-26T06:00:00,ENGINE_EXECUTABLE_HYDRAULICALLY_UNVALIDATED
C_30337,0.7327495217323303,2.189969062805176,0.15367768704891205,0,0,2005-07-26T06:00:00,ENGINE_EXECUTABLE_HYDRAULICALLY_UNVALIDATED
C_30338,0.7327495217323303,2.1640875339508057,0.16114109754562378,0,0,2005-07-26T06:00:00,ENGINE_EXECUTABLE_HYDRAULICALLY_UNVALIDATED
C_30339,0.7327495217323303,1.8696538209915161,0.14676912128925323,0,0,2005-07-26T06:00:00,ENGINE_EXECUTABLE_HYDRAULICALLY_UNVALIDATED
C_30340,0.7327495217323303,1.1756612062454224,0.06924404948949814,0,0,2005-07-26T06:00:00,ENGINE_EXECUTABLE_HYDRAULICALLY_UNVALIDATED
C_30341,0.7327495217323303,0.7120654582977295,0.11432593315839767,0,0,2005-07-26T06:00:00,ENGINE_EXECUTABLE_HYDRAULICALLY_UNVALIDATED
C_30342,0.7327495217323303,1.134568214416504,0.07175200432538986,0,0,2005-07-26T06:00:00,ENGINE_EXECUTABLE_HYDRAULICALLY_UNVALIDATED
C_30343,0.7327495217323303,1.157028079032898,0.0624859519302845,0,0,2005-07-26T06:00:00,ENGINE_EXECUTABLE_HYDRAULICALLY_UNVALIDATED
C_30344,0.7327495217323303,1.1092772483825684,0.08115140348672867,0,0,2005-07-26T06:00:00,ENGINE_EXECUTABLE_HYDRAULICALLY_UNVALIDATED
C_30345,0.7327495217323303,1.0728118419647217,0.07588241249322891,0,0,2005-07-26T06:00:00,ENGINE_EXECUTABLE_HYDRAULICALLY_UNVALIDATED
C_30346,0.7327495217323303,1.322281002998352,0.06156599894165993,0,0,2005-07-26T06:00:00,ENGINE_EXECUTABLE_HYDRAULICALLY_UNVALIDATED
C_30347,0.7327495217323303,1.0925681591033936,0.07451027631759644,0,0,2005-07-26T06:00:00,ENGINE_EXECUTABLE_HYDRAULICALLY_UNVALIDATED
C_30348,0.7327495217323303,1.0318304300308228,0.07889624685049057,0,0,2005-07-26T06:00:00,ENGINE_EXECUTABLE_HYDRAULICALLY_UNVALIDATED
C_30349,0.7327495217323303,1.2066315412521362,0.06746678799390793,0,0,2005-07-26T06:00:00,ENGINE_EXECUTABLE_HYDRAULICALLY_UNVALIDATED
C_30350,0.7327495217323303,1.211130976676941,0.07561815530061722,0,0,2005-07-26T06:00:00,ENGINE_EXECUTABLE_HYDRAULICALLY_UNVALIDATED
C_30351,0.7327495217323303,0.8968188166618347,0.10212039202451706,0,0,2005-07-26T06:00:00,ENGINE_EXECUTABLE_HYDRAULICALLY_UNVALIDATED
C_30352,0.7327495217323303,0.7282663583755493,0.12475743144750595,0,0,2005-07-26T06:00:00,ENGINE_EXECUTABLE_HYDRAULICALLY_UNVALIDATED
C_30353,0.7327495217323303,0.8133181929588318,0.11260475218296051,0,0,2005-07-26T06:00:00,ENGINE_EXECUTABLE_HYDRAULICALLY_UNVALIDATED
C_30354,0.7327495217323303,1.1323142051696777,0.07080134749412537,0,0,2005-07-26T05:45:00,ENGINE_EXECUTABLE_HYDRAULICALLY_UNVALIDATED
C_30355,0.7327495217323303,1.0059466361999512,0.07855229079723358,0,0,2005-07-26T05:45:00,ENGINE_EXECUTABLE_HYDRAULICALLY_UNVALIDATED
C_30356,0.7327495217323303,1.277055025100708,0.06374631822109222,0,0,2005-07-26T05:45:00,ENGINE_EXECUTABLE_HYDRAULICALLY_UNVALIDATED
C_30357,3.5558395385742188,2.693948984146118,0.4399296045303345,0,0,2005-07-26T05:45:00,ENGINE_EXECUTABLE_HYDRAULICALLY_UNVALIDATED
C_30358,2.151414155960083,1.662850022315979,0.43122240900993347,0,0,2005-07-26T06:00:00,ENGINE_EXECUTABLE_HYDRAULICALLY_UNVALIDATED
C_30359,3.254267454147339,2.454551935195923,0.4418871998786926,0,0,2005-07-26T05:45:00,ENGINE_EXECUTABLE_HYDRAULICALLY_UNVALIDATED
