conduit_id,max_flow_m3s,max_velocity_ms,max_depth_m,duration_surcharged_minutes,full_flow_duration_minutes,time_of_peak_flow,validation_status
C_18683,0.0,0.0,3.0479999622912143e-05,0,0,2005-07-26T00:15:00,ENGINE_EXECUTABLE_HYDRAULICALLY_UNVALIDATED
C_18684,0.0,0.0,3.0479999622912143e-05,0,0,2005-07-26T00:15:00,ENGINE_EXECUTABLE_HYDRAULICALLY_UNVALIDATED
C_18685,0.0,0.0,3.0479999622912143e-05,0,0,2005-07-26T00:15:00,ENGINE_EXECUTABLE_HYDRAULICALLY_UNVALIDATED
C_18686,0.0,0.0,3.0479999622912143e-05,0,0,2005-07-26T00:15:00,ENGINE_EXECUTABLE_HYDRAULICALLY_UNVALIDATED
C_18688,0.0,0.0,3.0479999622912143e-05,0,0,2005-07-26T00:15:00,ENGINE_EXECUTABLE_HYDRAULICALLY_UNVALIDATED
C_18689,0.0,0.0,3.0479999622912143e-05,0,0,2005-07-26T00:15:00,ENGINE_EXECUTABLE_HYDRAULICALLY_UNVALIDATED
C_18690,0.0,0.0,3.0479999622912143e-05,0,0,2005-07-26T00:15:00,ENGINE_EXECUTABLE_HYDRAULICALLY_UNVALIDATED
C_18691,0.0,0.0,3.0479999622912143e-05,0,0,2005-07-26T00:15:00,ENGINE_EXECUTABLE_HYDRAULICALLY_UNVALIDATED
C_18692,0.0,0.0,3.0479999622912143e-05,0,0,2005-07-26T00:15:00,ENGINE_EXECUTABLE_HYDRAULICALLY_UNVALIDATED
C_18693,0.0,0.0,3.0479999622912143e-05,0,0,2005-07-26T00:15:00,ENGINE_EXECUTABLE_HYDRAULICALLY_UNVALIDATED
C_18694,0.0,0.0,3.0479999622912143e-05,0,0,2005-07-26T00:15:00,ENGINE_EXECUTABLE_HYDRAULICALLY_UNVALIDATED
C_18695,0.0,0.0,3.0479999622912143e-05,0,0,2005-07-26T00:15:00,ENGINE_EXECUTABLE_HYDRAULICALLY_UNVALIDATED
C_18696,0.0,0.0,3.0479999622912143e-05,0,0,2005-07-26T00:15:00,ENGINE_EXECUTABLE_HYDRAULICALLY_UNVALIDATED
C_18697,0.0,0.0,3.0479999622912143e-05,0,0,2005-07-26T00:15:00,ENGINE_EXECUTABLE_HYDRAULICALLY_UNVALIDATED
C_18698,0.0,0.0,3.0479999622912143e-05,0,0,2005-07-26T00:15:00,ENGINE_EXECUTABLE_HYDRAULICALLY_UNVALIDATED
C_18699,0.0,0.0,3.0479999622912143e-05,0,0,2005-07-26T00:15:00,ENGINE_EXECUTABLE_HYDRAULICALLY_UNVALIDATED
C_18712,0.0,0.0,3.0479999622912143e-05,0,0,2005-07-26T00:15:00,ENGINE_EXECUTABLE_HYDRAULICALLY_UNVALIDATED
C_18713,0.0,0.0,3.0479999622912143e-05,0,0,2005-07-26T00:15:00,ENGINE_EXECUTABLE_HYDRAULICALLY_UNVALIDATED
C_18717,0.0,0.0,3.0479999622912143e-05,0,0,2005-07-26T00:15:00,ENGINE_EXECUTABLE_HYDRAULICALLY_UNVALIDATED
C_18718,0.0,0.0,3.0479999622912143e-05,0,0,2005-07-26T00:15:00,ENGINE_EXECUTABLE_HYDRAULICALLY_UNVALIDATED
C_18719,0.0,0.0,3.0479999622912143e-05,0,0,2005-07-26T00:15:00,ENGINE_EXECUTABLE_HYDRAULICALLY_UNVALIDATED
C_18720,0.0,0.0,3.0479999622912143e-05,0,0,2005-07-26T00:15:00,ENGINE_EXECUTABLE_HYDRAULICALLY_UNVALIDATED
C_18721,0.0,0.0,3.0479999622912143e-05,0,0,2005-07-26T00:15:00,ENGINE_EXECUTABLE_HYDRAULICALLY_UNVALIDATED
C_18722,0.0,0.0,3.0479999622912143e-05,0,0,2005-07-26T00:15:00,ENGINE_EXECUTABLE_HYDRAULICALLY_UNVALIDATED
C_18727,0.0,0.0,3.0479999622912143e-05,0,0,2005-07-26T00:15:00,ENGINE_EXECUTABLE_HYDRAULICALLY_UNVALIDATED
C_18728,0.0,0.0,3.0479999622912143e-05,0,0,2005-07-26T00:15:00,ENGINE_EXECUTABLE_HYDRAULICALLY_UNVALIDATED
C_18729,0.0,0.0,3.0479999622912143e-05,0,0,2005-07-26T00:15:00,ENGINE_EXECUTABLE_HYDRAULICALLY_UNVALIDATED
C_18730,0.0,0.0,3.0479999622912143e-05,0,0,2005-07-26T00:15:00,ENGINE_EXECUTABLE_HYDRAULICALLY_UNVALIDATED
C_18731,0.0,0.0,3.0479999622912143e-05,0,0,2005-07-26T00:15:00,ENGINE_EXECUTABLE_HYDRAULICALLY_UNVALIDATED
C_18732,0.0,0.0,3.0479999622912143e-05,0,0,2005-07-26T00:15:00,ENGINE_EXECUTABLE_HYDRAULICALLY_UNVALIDATED
C_18733,0.0,0.0,3.0479999622912143e-05,0,0,2005-07-26T00:15:00,ENGINE_EXECUTABLE_HYDRAULICALLY_UNVALIDATED
C_18734,0.0,0.0,3.0479999622912143e-05,0,0,2005-07-26T00:15:00,ENGINE_EXECUTABLE_HYDRAULICALLY_UNVALIDATED
C_18735,0.0,0.0,3.0479999622912143e-05,0,0,2005-07-26T00:15:00,ENGINE_EXECUTABLE_HYDRAULICALLY_UNVALIDATED
C_21411,0.0,0.0,3.0479999622912143e-05,0,0,2005-07-26T00:15:00,ENGINE_EXECUTABLE_HYDRAULICALLY_UNVALIDATED
C_21414,0.0,0.0,3.0479999622912143e-05,0,0,2005-07-26T00:15:00,ENGINE_EXECUTABLE_HYDRAULICALLY_UNVALIDATED
C_21416,0.0,0.0,3.0479999622912143e-05,0,0,2005-07-26T00:15:00,ENGINE_EXECUTABLE_HYDRAULICALLY_UNVALIDATED
C_21417,0.0,0.0,3.0479999622912143e-05,0,0,2005-07-26T00:15:00,ENGINE_EXECUTABLE_HYDRAULICALLY_UNVALIDATED
C_21447,0.0,0.0,3.0479999622912143e-05,0,0,2005-07-26T00:15:00,ENGINE_EXECUTABLE_HYDRAULICALLY_UNVALIDATED
C_21451,0.0,0.0,3.0479999622912143e-05,0,0,2005-07-26T00:15:00,ENGINE_EXECUTABLE_HYDRAULICALLY_UNVALIDATED
C_21456,0.0,0.0,3.0479999622912143e-05,0,0,2005-07-26T00:15:00,ENGINE_EXECUTABLE_HYDRAULICALLY_UNVALIDATED
C_21457,0.0,0.0,3.0479999622912143e-05,0,0,2005-07-26T00:15:00,ENGINE_EXECUTABLE_HYDRAULICALLY_UNVALIDATED
C_21458,0.0,0.0,3.0479999622912143e-05,0,0,2005-07-26T00:15:00,ENGINE_EXECUTABLE_HYDRAULICALLY_UNVALIDATED
C_21459,0.0,0.0,3.0479999622912143e-05,0,0,2005-07-26T00:15:00,ENGINE_EXECUTABLE_HYDRAULICALLY_UNVALIDATED
C_21460,0.0,0.0,3.0479999622912143e-05,0,0,2005-07-26T00:15:00,ENGINE_EXECUTABLE_HYDRAULICALLY_UNVALIDATED
C_21461,0.0,0.0,3.0479999622912143e-05,0,0,2005-07-26T00:15:00,ENGINE_EXECUTABLE_HYDRAULICALLY_UNVALIDATED
C_21462,0.0,0.0,3.0479999622912143e-05,0,0,2005-07-26T00:15:00,ENGINE_EXECUTABLE_HYDRAULICALLY_UNVALIDATED
C_21463,0.0,0.0,3.0479999622912143e-05,0,0,2005-07-26T00:15:00,ENGINE_EXECUTABLE_HYDRAULICALLY_UNVALIDATED
C_21464,0.0,0.0,3.0479999622912143e-05,0,0,2005-07-26T00:15:00,ENGINE_EXECUTABLE_HYDRAULICALLY_UNVALIDATED
C_21466,0.0,0.0,3.0479999622912143e-05,0,0,2005-07-26T00:15:00,ENGINE_EXECUTABLE_HYDRAULICALLY_UNVALIDATED
C_21468,0.0,0.0,3.0479999622912143e-05,0,0,2005-07-26T00:15:00,ENGINE_EXECUTABLE_HYDRAULICALLY_UNVALIDATED
C_21469,0.0,0.0,3.0479999622912143e-05,0,0,2005-07-26T00:15:00,ENGINE_EXECUTABLE_HYDRAULICALLY_UNVALIDATED
C_21470,0.0,0.0,3.0479999622912143e-05,0,0,2005-07-26T00:15:00,ENGINE_EXECUTABLE_HYDRAULICALLY_UNVALIDATED
C_21472,0.0,0.0,3.0479999622912143e-05,0,0,2005-07-26T00:15:00,ENGINE_EXECUTABLE_HYDRAULICALLY_UNVALIDATED
C_21528,0.0,0.0,3.0479999622912143e-05,0,0,2005-07-26T00:15:00,ENGINE_EXECUTABLE_HYDRAULICALLY_UNVALIDATED
C_21529,0.0,0.0,3.0479999622912143e-05,0,0,2005-07-26T00:15:00,ENGINE_EXECUTABLE_HYDRAULICALLY_UNVALIDATED
C_21530,0.0,0.0,3.0479999622912143e-05,0,0,2005-07-26T00:15:00,ENGINE_EXECUTABLE_HYDRAULICALLY_UNVALIDATED
C_21534,0.0,0.0,3.0479999622912143e-05,0,0,2005-07-26T00:15:00,ENGINE_EXECUTABLE_HYDRAULICALLY_UNVALIDATED
C_21535,0.0,0.0,3.0479999622912143e-05,0,0,2005-07-26T00:15:00,ENGINE_EXECUTABLE_HYDRAULICALLY_UNVALIDATED
C_21536,0.0,0.0,3.0479999622912143e-05,0,0,2005-07-26T00:15:00,ENGINE_EXECUTABLE_HYDRAULICALLY_UNVALIDATED
C_21537,0.0,0.0,3.0479999622912143e-05,0,0,2005-07-26T00:15:00,ENGINE_EXECUTABLE_HYDRAULICALLY_UNVALIDATED
C_21538,0.0,0.0,3.0479999622912143e-05,0,0,2005-07-26T00:15:00,ENGINE_EXECUTABLE_HYDRAULICALLY_UNVALIDATED
C_21539,0.0,0.0,3.0479999622912143e-05,0,0,2005-07-26T00:15:00,ENGINE_EXECUTABLE_HYDRAULICALLY_UNVALIDATED
C_21540,0.0,0.0,3.0479999622912143e-05,0,0,2005-07-26T00:15:00,ENGINE_EXECUTABLE_HYDRAULICALLY_UNVALIDATED
C_21542,0.0,0.0,3.0479999622912143e-05,0,0,2005-07-26T00:15:00,ENGINE_EXECUTABLE_HYDRAULICALLY_UNVALIDATED
C_21543,0.0,0.0,3.0479999622912143e-05,0,0,2005-07-26T00:15:00,ENGINE_EXECUTABLE_HYDRAULICALLY_UNVALIDATED
C_21544,0.0,0.0,3.0479999622912143e-05,0,0,2005-07-26T00:15:00,ENGINE_EXECUTABLE_HYDRAULICALLY_UNVALIDATED
C_21545,0.0,0.0,3.0479999622912143e-05,0,0,2005-07-26T00:15:00,ENGINE_EXECUTABLE_HYDRAULICALLY_UNVALIDATED
C_21546,0.0,0.0,3.0479999622912143e-05,0,0,2005-07-26T00:15:00,ENGINE_EXECUTABLE_HYDRAULICALLY_UNVALIDATED
C_21547,0.0,0.0,3.0479999622912143e-05,0,0,2005-07-26T00:15:00,ENGINE_EXECUTABLE_HYDRAULICALLY_UNVALIDATED
C_21548,0.0,0.0,3.0479999622912143e-05,0,0,2005-07-26T00:15:00,ENGINE_EXECUTABLE_HYDRAULICALLY_UNVALIDATED
C_21549,0.0,0.0,3.0479999622912143e-05,0,0,2005-07-26T00:15:00,ENGINE_EXECUTABLE_HYDRAULICALLY_UNVALIDATED
C_21551,0.0,0.0,3.0479999622912143e-05,0,0,2005-07-26T00:15:00,ENGINE_EXECUTABLE_HYDRAULICALLY_UNVALIDATED
C_21552,0.0,0.0,3.0479999622912143e-05,0,0,2005-07-26T00:15:00,ENGINE_EXECUTABLE_HYDRAULICALLY_UNVALIDATED
C_21554,0.0,0.0,3.0479999622912143e-05,0,0,2005-07-26T00:15:00,ENGINE_EXECUTABLE_HYDRAULICALLY_UNVALIDATED
C_21555,0.0,0.0,3.0479999622912143e-05,0,0,2005-07-26T00:15:00,ENGINE_EXECUTABLE_HYDRAULICALLY_UNVALIDATED
C_21556,0.0,0.0,3.0479999622912143e-05,0,0,2005-07-26T00:15:00,ENGINE_EXECUTABLE_HYDRAULICALLY_UNVALIDATED
C_21558,0.0,0.0,3.0479999622912143e-05,0,0,2005-07-26T00:15:00,ENGINE_EXECUTABLE_HYDRAULICALLY_UNVALIDATED
C_21559,0.0,0.0,3.0479999622912143e-05,0,0,2005-07-26T00:15:00,ENGINE_EXECUTABLE_HYDRAULICALLY_UNVALIDATED
C_21560,0.0,0.0,3.0479999622912143e-05,0,0,2005-07-26T00:15:00,ENGINE_EXECUTABLE_HYDRAULICALLY_UNVALIDATED
C_21564,0.0,0.0,3.0479999622912143e-05,0,0,2005-07-26T00:15:00,ENGINE_EXECUTABLE_HYDRAULICALLY_UNVALIDATED
C_21594,0.0,0.0,3.0479999622912143e-05,0,0,2005-07-26T00:15:00,ENGINE_EXECUTABLE_HYDRAULICALLY_UNVALIDATED
C_21595,0.0,0.0,3.0479999622912143e-05,0,0,2005-07-26T00:15:00,ENGINE_EXECUTABLE_HYDRAULICALLY_UNVALIDATED
C_21602,0.0,0.0,3.0479999622912143e-05,0,0,2005-07-26T00:15:00,ENGINE_EXECUTABLE_HYDRAULICALLY_UNVALIDATED
C_21603,0.0,0.0,3.0479999622912143e-05,0,0,2005-07-26T00:15:00,ENGINE_EXECUTABLE_HYDRAULICALLY_UNVALIDATED
C_21604,0.0,0.0,3.0479999622912143e-05,0,0,2005-07-26T00:15:00,ENGINE_EXECUTABLE_HYDRAULICALLY_UNVALIDATED
C_21605,0.0,0.0,3.0479999622912143e-05,0,0,2005-07-26T00:15:00,ENGINE_EXECUTABLE_HYDRAULICALLY_UNVALIDATED
C_21606,0.0,0.0,3.0479999622912143e-05,0,0,2005-07-26T00:15:00,ENGINE_EXECUTABLE_HYDRAULICALLY_UNVALIDATED
C_21607,0.0,0.0,3.0479999622912143e-05,0,0,2005-07-26T00:15:00,ENGINE_EXECUTABLE_HYDRAULICALLY_UNVALIDATED
C_21608,0.0,0.0,3.0479999622912143e-05,0,0,2005-07-26T00:15:00,ENGINE_EXECUTABLE_HYDRAULICALLY_UNVALIDATED
C_21609,0.0,0.0,3.0479999622912143e-05,0,0,2005-07-26T00:15:00,ENGINE_EXECUTABLE_HYDRAULICALLY_UNVALIDATED
C_21610,0.0,0.0,3.0479999622912143e-05,0,0,2005-07-26T00:15:00,ENGINE_EXECUTABLE_HYDRAULICALLY_UNVALIDATED
C_21612,0.0,0.0,3.0479999622912143e-05,0,0,2005-07-26T00:15:00,ENGINE_EXECUTABLE_HYDRAULICALLY_UNVALIDATED
C_21613,0.0,0.0,3.0479999622912143e-05,0,0,2005-07-26T00:15:00,ENGINE_EXECUTABLE_HYDRAULICALLY_UNVALIDATED
C_21614,0.0,0.0,3.0479999622912143e-05,0,0,2005-07-26T00:15:00,ENGINE_EXECUTABLE_HYDRAULICALLY_UNVALIDATED
C_21615,0.0,0.0,3.0479999622912143e-05,0,0,2005-07-26T00:15:00,ENGINE_EXECUTABLE_HYDRAULICALLY_UNVALIDATED
C_21616,0.0,0.0,3.0479999622912143e-05,0,0,2005-07-26T00:15:00,ENGINE_EXECUTABLE_HYDRAULICALLY_UNVALIDATED
C_21617,0.0,0.0,3.0479999622912143e-05,0,0,2005-07-26T00:15:00,ENGINE_EXECUTABLE_HYDRAULICALLY_UNVALIDATED
C_21618,0.0,0.0,3.0479999622912143e-05,0,0,2005-07-26T00:15:00,ENGINE_EXECUTABLE_HYDRAULICALLY_UNVALIDATED
C_21644,0.0,0.0,3.0479999622912143e-05,0,0,2005-07-26T00:15:00,ENGINE_EXECUTABLE_HYDRAULICALLY_UNVALIDATED
C_21645,0.0,0.0,3.0479999622912143e-05,0,0,2005-07-26T00:15:00,ENGINE_EXECUTABLE_HYDRAULICALLY_UNVALIDATED
C_21646,0.0,0.0,3.0479999622912143e-05,0,0,2005-07-26T00:15:00,ENGINE_EXECUTABLE_HYDRAULICALLY_UNVALIDATED
C_21647,0.0,0.0,3.0479999622912143e-05,0,0,2005-07-26T00:15:00,ENGINE_EXECUTABLE_HYDRAULICALLY_UNVALIDATED
C_21648,0.0,0.0,3.0479999622912143e-05,0,0,2005-07-26T00:15:00,ENGINE_EXECUTABLE_HYDRAULICALLY_UNVALIDATED
C_21864,0.0,0.0,3.0479999622912143e-05,0,0,2005-07-26T00:15:00,ENGINE_EXECUTABLE_HYDRAULICALLY_UNVALIDATED
C_21865,0.0,0.0,3.0479999622912143e-05,0,0,2005-07-26T00:15:00,ENGINE_EXECUTABLE_HYDRAULICALLY_UNVALIDATED
C_21884,0.0,0.0,3.0479999622912143e-05,0,0,2005-07-26T00:15:00,ENGINE_EXECUTABLE_HYDRAULICALLY_UNVALIDATED
C_21885,0.0,0.0,3.0479999622912143e-05,0,0,2005-07-26T00:15:00,ENGINE_EXECUTABLE_HYDRAULICALLY_UNVALIDATED
C_21886,0.0,0.0,3.0479999622912143e-05,0,0,2005-07-26T00:15:00,ENGINE_EXECUTABLE_HYDRAULICALLY_UNVALIDATED
C_21887,0.0,0.0,3.0479999622912143e-05,0,0,2005-07-26T00:15:00,ENGINE_EXECUTABLE_HYDRAULICALLY_UNVALIDATED
C_21888,0.0,0.0,3.0479999622912143e-05,0,0,2005-07-26T00:15:00,ENGINE_EXECUTABLE_HYDRAULICALLY_UNVALIDATED
C_21889,0.0,0.0,3.0479999622912143e-05,0,0,2005-07-26T00:15:00,ENGINE_EXECUTABLE_HYDRAULICALLY_UNVALIDATED
C_21890,0.0,0.0,3.0479999622912143e-05,0,0,2005-07-26T00:15:00,ENGINE_EXECUTABLE_HYDRAULICALLY_UNVALIDATED
C_21891,0.0,0.0,3.0479999622912143e-05,0,0,2005-07-26T00:15:00,ENGINE_EXECUTABLE_HYDRAULICALLY_UNVALIDATED
C_21892,0.0,0.0,3.0479999622912143e-05,0,0,2005-07-26T00:15:00,ENGINE_EXECUTABLE_HYDRAULICALLY_UNVALIDATED
C_21895,0.0,0.0,3.0479999622912143e-05,0,0,2005-07-26T00:15:00,ENGINE_EXECUTABLE_HYDRAULICALLY_UNVALIDATED
C_21897,0.0,0.0,3.0479999622912143e-05,0,0,2005-07-26T00:15:00,ENGINE_EXECUTABLE_HYDRAULICALLY_UNVALIDATED
C_21899,0.0,0.0,3.0479999622912143e-05,0,0,2005-07-26T00:15:00,ENGINE_EXECUTABLE_HYDRAULICALLY_UNVALIDATED
C_21900,0.0,0.0,3.0479999622912143e-05,0,0,2005-07-26T00:15:00,ENGINE_EXECUTABLE_HYDRAULICALLY_UNVALIDATED
C_21901,0.0,0.0,3.0479999622912143e-05,0,0,2005-07-26T00:15:00,ENGINE_EXECUTABLE_HYDRAULICALLY_UNVALIDATED
C_21902,0.0,0.0,3.0479999622912143e-05,0,0,2005-07-26T00:15:00,ENGINE_EXECUTABLE_HYDRAULICALLY_UNVALIDATED
C_21916,0.0,0.0,3.0479999622912143e-05,0,0,2005-07-26T00:15:00,ENGINE_EXECUTABLE_HYDRAULICALLY_UNVALIDATED
C_21924,0.0,0.0,3.0479999622912143e-05,0,0,2005-07-26T00:15:00,ENGINE_EXECUTABLE_HYDRAULICALLY_UNVALIDATED
C_21925,0.0,0.0,3.0479999622912143e-05,0,0,2005-07-26T00:15:00,ENGINE_EXECUTABLE_HYDRAULICALLY_UNVALIDATED
C_21926,0.0,0.0,3.0479999622912143e-05,0,0,2005-07-26T00:15:00,ENGINE_EXECUTABLE_HYDRAULICALLY_UNVALIDATED
C_21927,0.0,0.0,3.0479999622912143e-05,0,0,2005-07-26T00:15:00,ENGINE_EXECUTABLE_HYDRAULICALLY_UNVALIDATED
C_21928,0.0,0.0,3.0479999622912143e-05,0,0,2005-07-26T00:15:00,ENGINE_EXECUTABLE_HYDRAULICALLY_UNVALIDATED
C_21932,0.0,0.0,3.0479999622912143e-05,0,0,2005-07-26T00:15:00,ENGINE_EXECUTABLE_HYDRAULICALLY_UNVALIDATED
C_21934,0.0,0.0,3.0479999622912143e-05,0,0,2005-07-26T00:15:00,ENGINE_EXECUTABLE_HYDRAULICALLY_UNVALIDATED
C_21935,0.0,0.0,3.0479999622912143e-05,0,0,2005-07-26T00:15:00,ENGINE_EXECUTABLE_HYDRAULICALLY_UNVALIDATED
C_21936,0.0,0.0,3.0479999622912143e-05,0,0,2005-07-26T00:15:00,ENGINE_EXECUTABLE_HYDRAULICALLY_UNVALIDATED
C_21937,0.0,0.0,3.0479999622912143e-05,0,0,2005-07-26T00:15:00,ENGINE_EXECUTABLE_HYDRAULICALLY_UNVALIDATED
C_21938,0.0,0.0,3.0479999622912143e-05,0,0,2005-07-26T00:15:00,ENGINE_EXECUTABLE_HYDRAULICALLY_UNVALIDATED
C_21939,0.0,0.0,3.0479999622912143e-05,0,0,2005-07-26T00:15:00,ENGINE_EXECUTABLE_HYDRAULICALLY_UNVALIDATED
C_21940,0.0,0.0,3.0479999622912143e-05,0,0,2005-07-26T00:15:00,ENGINE_EXECUTABLE_HYDRAULICALLY_UNVALIDATED
C_21941,0.0,0.0,3.0479999622912143e-05,0,0,2005-07-26T00:15:00,ENGINE_EXECUTABLE_HYDRAULICALLY_UNVALIDATED
C_21942,0.0,0.0,3.0479999622912143e-05,0,0,2005-07-26T00:15:00,ENGINE_EXECUTABLE_HYDRAULICALLY_UNVALIDATED
C_21943,0.0,0.0,3.0479999622912143e-05,0,0,2005-07-26T00:15:00,ENGINE_EXECUTABLE_HYDRAULICALLY_UNVALIDATED
C_21944,0.0,0.0,3.0479999622912143e-05,0,0,2005-07-26T00:15:00,ENGINE_EXECUTABLE_HYDRAULICALLY_UNVALIDATED
C_21945,0.0,0.0,3.0479999622912143e-05,0,0,2005-07-26T00:15:00,ENGINE_EXECUTABLE_HYDRAULICALLY_UNVALIDATED
C_21946,0.0,0.0,3.0479999622912143e-05,0,0,2005-07-26T00:15:00,ENGINE_EXECUTABLE_HYDRAULICALLY_UNVALIDATED
C_21947,0.0,0.0,3.0479999622912143e-05,0,0,2005-07-26T00:15:00,ENGINE_EXECUTABLE_HYDRAULICALLY_UNVALIDATED
C_21948,0.0,0.0,3.0479999622912143e-05,0,0,2005-07-26T00:15:00,ENGINE_EXECUTABLE_HYDRAULICALLY_UNVALIDATED
C_21949,0.0,0.0,3.0479999622912143e-05,0,0,2005-07-26T00:15:00,ENGINE_EXECUTABLE_HYDRAULICALLY_UNVALIDATED
C_21950,0.0,0.0,3.0479999622912143e-05,0,0,2005-07-26T00:15:00,ENGINE_EXECUTABLE_HYDRAULICALLY_UNVALIDATED
C_21951,0.0,0.0,3.0479999622912143e-05,0,0,2005-07-26T00:15:00,ENGINE_EXECUTABLE_HYDRAULICALLY_UNVALIDATED
C_21952,0.0,0.0,3.0479999622912143e-05,0,0,2005-07-26T00:15:00,ENGINE_EXECUTABLE_HYDRAULICALLY_UNVALIDATED
C_21953,0.0,0.0,3.0479999622912143e-05,0,0,2005-07-26T00:15:00,ENGINE_EXECUTABLE_HYDRAULICALLY_UNVALIDATED
C_21954,0.0,0.0,3.0479999622912143e-05,0,0,2005-07-26T00:15:00,ENGINE_EXECUTABLE_HYDRAULICALLY_UNVALIDATED
C_21955,0.0,0.0,3.0479999622912143e-05,0,0,2005-07-26T00:15:00,ENGINE_EXECUTABLE_HYDRAULICALLY_UNVALIDATED
C_21956,0.0,0.0,3.0479999622912143e-05,0,0,2005-07-26T00:15:00,ENGINE_EXECUTABLE_HYDRAULICALLY_UNVALIDATED
C_21957,0.0,0.0,3.0479999622912143e-05,0,0,2005-07-26T00:15:00,ENGINE_EXECUTABLE_HYDRAULICALLY_UNVALIDATED
C_21958,0.0,0.0,3.0479999622912143e-05,0,0,2005-07-26T00:15:00,ENGINE_EXECUTABLE_HYDRAULICALLY_UNVALIDATED
C_21959,0.0,0.0,3.0479999622912143e-05,0,0,2005-07-26T00:15:00,ENGINE_EXECUTABLE_HYDRAULICALLY_UNVALIDATED
C_21960,0.0,0.0,3.0479999622912143e-05,0,0,2005-07-26T00:15:00,ENGINE_EXECUTABLE_HYDRAULICALLY_UNVALIDATED
C_21961,0.0,0.0,3.0479999622912143e-05,0,0,2005-07-26T00:15:00,ENGINE_EXECUTABLE_HYDRAULICALLY_UNVALIDATED
C_21962,0.0,0.0,3.0479999622912143e-05,0,0,2005-07-26T00:15:00,ENGINE_EXECUTABLE_HYDRAULICALLY_UNVALIDATED
C_21963,0.0,0.0,3.0479999622912143e-05,0,0,2005-07-26T00:15:00,ENGINE_EXECUTABLE_HYDRAULICALLY_UNVALIDATED
C_21964,0.0,0.0,3.0479999622912143e-05,0,0,2005-07-26T00:15:00,ENGINE_EXECUTABLE_HYDRAULICALLY_UNVALIDATED
C_21965,0.0,0.0,3.0479999622912143e-05,0,0,2005-07-26T00:15:00,ENGINE_EXECUTABLE_HYDRAULICALLY_UNVALIDATED
C_21966,0.0,0.0,3.0479999622912143e-05,0,0,2005-07-26T00:15:00,ENGINE_EXECUTABLE_HYDRAULICALLY_UNVALIDATED
C_22001,0.0,0.0,3.0479999622912143e-05,0,0,2005-07-26T00:15:00,ENGINE_EXECUTABLE_HYDRAULICALLY_UNVALIDATED
C_22002,0.0,0.0,3.0479999622912143e-05,0,0,2005-07-26T00:15:00,ENGINE_EXECUTABLE_HYDRAULICALLY_UNVALIDATED
C_22003,0.0,0.0,3.0479999622912143e-05,0,0,2005-07-26T00:15:00,ENGINE_EXECUTABLE_HYDRAULICALLY_UNVALIDATED
C_22004,0.0,0.0,3.0479999622912143e-05,0,0,2005-07-26T00:15:00,ENGINE_EXECUTABLE_HYDRAULICALLY_UNVALIDATED
C_22009,0.0,0.0,3.0479999622912143e-05,0,0,2005-07-26T00:15:00,ENGINE_EXECUTABLE_HYDRAULICALLY_UNVALIDATED
C_22010,0.0,0.0,3.0479999622912143e-05,0,0,2005-07-26T00:15:00,ENGINE_EXECUTABLE_HYDRAULICALLY_UNVALIDATED
C_22012,0.0,0.0,3.0479999622912143e-05,0,0,2005-07-26T00:15:00,ENGINE_EXECUTABLE_HYDRAULICALLY_UNVALIDATED
C_22013,0.0,0.0,3.0479999622912143e-05,0,0,2005-07-26T00:15:00,ENGINE_EXECUTABLE_HYDRAULICALLY_UNVALIDATED
C_22014,0.0,0.0,3.0479999622912143e-05,0,0,2005-07-26T00:15:00,ENGINE_EXECUTABLE_HYDRAULICALLY_UNVALIDATED
C_22015,0.0,0.0,3.0479999622912143e-05,0,0,2005-07-26T00:15:00,ENGINE_EXECUTABLE_HYDRAULICALLY_UNVALIDATED
C_22019,0.0,0.0,3.0479999622912143e-05,0,0,2005-07-26T00:15:00,ENGINE_EXECUTABLE_HYDRAULICALLY_UNVALIDATED
C_22020,0.0,0.0,3.0479999622912143e-05,0,0,2005-07-26T00:15:00,ENGINE_EXECUTABLE_HYDRAULICALLY_UNVALIDATED
C_22021,0.0,0.0,3.0479999622912143e-05,0,0,2005-07-26T00:15:00,ENGINE_EXECUTABLE_HYDRAULICALLY_UNVALIDATED
C_22022,0.0,0.0,3.0479999622912143e-05,0,0,2005-07-26T00:15:00,ENGINE_EXECUTABLE_HYDRAULICALLY_UNVALIDATED
C_22023,0.0,0.0,3.0479999622912143e-05,0,0,2005-07-26T00:15:00,ENGINE_EXECUTABLE_HYDRAULICALLY_UNVALIDATED
C_22024,0.0,0.0,3.0479999622912143e-05,0,0,2005-07-26T00:15:00,ENGINE_EXECUTABLE_HYDRAULICALLY_UNVALIDATED
C_22025,0.0,0.0,3.0479999622912143e-05,0,0,2005-07-26T00:15:00,ENGINE_EXECUTABLE_HYDRAULICALLY_UNVALIDATED
C_22026,0.0,0.0,3.0479999622912143e-05,0,0,2005-07-26T00:15:00,ENGINE_EXECUTABLE_HYDRAULICALLY_UNVALIDATED
C_22027,0.0,0.0,3.0479999622912143e-05,0,0,2005-07-26T00:15:00,ENGINE_EXECUTABLE_HYDRAULICALLY_UNVALIDATED
C_22028,0.0,0.0,3.0479999622912143e-05,0,0,2005-07-26T00:15:00,ENGINE_EXECUTABLE_HYDRAULICALLY_UNVALIDATED
C_22029,0.0,0.0,3.0479999622912143e-05,0,0,2005-07-26T00:15:00,ENGINE_EXECUTABLE_HYDRAULICALLY_UNVALIDATED
C_22030,0.0,0.0,3.0479999622912143e-05,0,0,2005-07-26T00:15:00,ENGINE_EXECUTABLE_HYDRAULICALLY_UNVALIDATED
C_22031,0.0,0.0,3.0479999622912143e-05,0,0,2005-07-26T00:15:00,ENGINE_EXECUTABLE_HYDRAULICALLY_UNVALIDATED
C_22032,0.0,0.0,3.0479999622912143e-05,0,0,2005-07-26T00:15:00,ENGINE_EXECUTABLE_HYDRAULICALLY_UNVALIDATED
C_22033,0.0,0.0,3.0479999622912143e-05,0,0,2005-07-26T00:15:00,ENGINE_EXECUTABLE_HYDRAULICALLY_UNVALIDATED
C_22076,0.0,0.0,3.0479999622912143e-05,0,0,2005-07-26T00:15:00,ENGINE_EXECUTABLE_HYDRAULICALLY_UNVALIDATED
C_22077,0.0,0.0,3.0479999622912143e-05,0,0,2005-07-26T00:15:00,ENGINE_EXECUTABLE_HYDRAULICALLY_UNVALIDATED
C_22078,0.0,0.0,3.0479999622912143e-05,0,0,2005-07-26T00:15:00,ENGINE_EXECUTABLE_HYDRAULICALLY_UNVALIDATED
C_22142,0.0,0.0,3.0479999622912143e-05,0,0,2005-07-26T00:15:00,ENGINE_EXECUTABLE_HYDRAULICALLY_UNVALIDATED
C_22143,0.0,0.0,3.0479999622912143e-05,0,0,2005-07-26T00:15:00,ENGINE_EXECUTABLE_HYDRAULICALLY_UNVALIDATED
C_22144,0.0,0.0,3.0479999622912143e-05,0,0,2005-07-26T00:15:00,ENGINE_EXECUTABLE_HYDRAULICALLY_UNVALIDATED
C_22146,0.0,0.0,3.0479999622912143e-05,0,0,2005-07-26T00:15:00,ENGINE_EXECUTABLE_HYDRAULICALLY_UNVALIDATED
C_22147,0.0,0.0,3.0479999622912143e-05,0,0,2005-07-26T00:15:00,ENGINE_EXECUTABLE_HYDRAULICALLY_UNVALIDATED
C_22148,0.0,0.0,3.0479999622912143e-05,0,0,2005-07-26T00:15:00,ENGINE_EXECUTABLE_HYDRAULICALLY_UNVALIDATED
C_22149,0.0,0.0,3.0479999622912143e-05,0,0,2005-07-26T00:15:00,ENGINE_EXECUTABLE_HYDRAULICALLY_UNVALIDATED
C_22150,0.0,0.0,3.0479999622912143e-05,0,0,2005-07-26T00:15:00,ENGINE_EXECUTABLE_HYDRAULICALLY_UNVALIDATED
C_22151,0.0,0.0,3.0479999622912143e-05,0,0,2005-07-26T00:15:00,ENGINE_EXECUTABLE_HYDRAULICALLY_UNVALIDATED
C_22152,0.0,0.0,3.0479999622912143e-05,0,0,2005-07-26T00:15:00,ENGINE_EXECUTABLE_HYDRAULICALLY_UNVALIDATED
C_22153,0.0,0.0,3.0479999622912143e-05,0,0,2005-07-26T00:15:00,ENGINE_EXECUTABLE_HYDRAULICALLY_UNVALIDATED
C_22156,0.0,0.0,3.0479999622912143e-05,0,0,2005-07-26T00:15:00,ENGINE_EXECUTABLE_HYDRAULICALLY_UNVALIDATED
C_22157,0.0,0.0,3.0479999622912143e-05,0,0,2005-07-26T00:15:00,ENGINE_EXECUTABLE_HYDRAULICALLY_UNVALIDATED
C_22158,0.0,0.0,3.0479999622912143e-05,0,0,2005-07-26T00:15:00,ENGINE_EXECUTABLE_HYDRAULICALLY_UNVALIDATED
C_22159,0.0,0.0,3.0479999622912143e-05,0,0,2005-07-26T00:15:00,ENGINE_EXECUTABLE_HYDRAULICALLY_UNVALIDATED
C_22160,0.0,0.0,3.0479999622912143e-05,0,0,2005-07-26T00:15:00,ENGINE_EXECUTABLE_HYDRAULICALLY_UNVALIDATED
C_22161,0.0,0.0,3.0479999622912143e-05,0,0,2005-07-26T00:15:00,ENGINE_EXECUTABLE_HYDRAULICALLY_UNVALIDATED
C_22165,0.0,0.0,3.0479999622912143e-05,0,0,2005-07-26T00:15:00,ENGINE_EXECUTABLE_HYDRAULICALLY_UNVALIDATED
C_22167,0.0,0.0,3.0479999622912143e-05,0,0,2005-07-26T00:15:00,ENGINE_EXECUTABLE_HYDRAULICALLY_UNVALIDATED
C_22168,0.0,0.0,3.0479999622912143e-05,0,0,2005-07-26T00:15:00,ENGINE_EXECUTABLE_HYDRAULICALLY_UNVALIDATED
C_22169,0.0,0.0,3.0479999622912143e-05,0,0,2005-07-26T00:15:00,ENGINE_EXECUTABLE_HYDRAULICALLY_UNVALIDATED
C_22170,0.0,0.0,3.0479999622912143e-05,0,0,2005-07-26T00:15:00,ENGINE_EXECUTABLE_HYDRAULICALLY_UNVALIDATED
C_22171,0.0,0.0,3.0479999622912143e-05,0,0,2005-07-26T00:15:00,ENGINE_EXECUTABLE_HYDRAULICALLY_UNVALIDATED
C_22172,0.0,0.0,3.0479999622912143e-05,0,0,2005-07-26T00:15:00,ENGINE_EXECUTABLE_HYDRAULICALLY_UNVALIDATED
C_22173,0.0,0.0,3.0479999622912143e-05,0,0,2005-07-26T00:15:00,ENGINE_EXECUTABLE_HYDRAULICALLY_UNVALIDATED
C_22174,0.0,0.0,3.0479999622912143e-05,0,0,2005-07-26T00:15:00,ENGINE_EXECUTABLE_HYDRAULICALLY_UNVALIDATED
C_22175,0.0,0.0,3.0479999622912143e-05,0,0,2005-07-26T00:15:00,ENGINE_EXECUTABLE_HYDRAULICALLY_UNVALIDATED
C_22176,0.0,0.0,3.0479999622912143e-05,0,0,2005-07-26T00:15:00,ENGINE_EXECUTABLE_HYDRAULICALLY_UNVALIDATED
C_22177,0.0,0.0,3.0479999622912143e-05,0,0,2005-07-26T00:15:00,ENGINE_EXECUTABLE_HYDRAULICALLY_UNVALIDATED
C_22178,0.0,0.0,3.0479999622912143e-05,0,0,2005-07-26T00:15:00,ENGINE_EXECUTABLE_HYDRAULICALLY_UNVALIDATED
C_22187,0.0,0.0,3.0479999622912143e-05,0,0,2005-07-26T00:15:00,ENGINE_EXECUTABLE_HYDRAULICALLY_UNVALIDATED
C_22188,0.0,0.0,3.0479999622912143e-05,0,0,2005-07-26T00:15:00,ENGINE_EXECUTABLE_HYDRAULICALLY_UNVALIDATED
C_22189,0.0,0.0,3.0479999622912143e-05,0,0,2005-07-26T00:15:00,ENGINE_EXECUTABLE_HYDRAULICALLY_UNVALIDATED
C_22190,0.0,0.0,3.0479999622912143e-05,0,0,2005-07-26T00:15:00,ENGINE_EXECUTABLE_HYDRAULICALLY_UNVALIDATED
C_22191,0.0,0.0,3.0479999622912143e-05,0,0,2005-07-26T00:15:00,ENGINE_EXECUTABLE_HYDRAULICALLY_UNVALIDATED
C_22192,0.0,0.0,3.0479999622912143e-05,0,0,2005-07-26T00:15:00,ENGINE_EXECUTABLE_HYDRAULICALLY_UNVALIDATED
C_22193,0.0,0.0,3.0479999622912143e-05,0,0,2005-07-26T00:15:00,ENGINE_EXECUTABLE_HYDRAULICALLY_UNVALIDATED
C_22194,0.0,0.0,3.0479999622912143e-05,0,0,2005-07-26T00:15:00,ENGINE_EXECUTABLE_HYDRAULICALLY_UNVALIDATED
C_22195,0.0,0.0,3.0479999622912143e-05,0,0,2005-07-26T00:15:00,ENGINE_EXECUTABLE_HYDRAULICALLY_UNVALIDATED
C_22196,0.0,0.0,3.0479999622912143e-05,0,0,2005-07-26T00:15:00,ENGINE_EXECUTABLE_HYDRAULICALLY_UNVALIDATED
C_22207,0.0,0.0,3.0479999622912143e-05,0,0,2005-07-26T00:15:00,ENGINE_EXECUTABLE_HYDRAULICALLY_UNVALIDATED
C_22208,0.0,0.0,3.0479999622912143e-05,0,0,2005-07-26T00:15:00,ENGINE_EXECUTABLE_HYDRAULICALLY_UNVALIDATED
C_22209,0.0,0.0,3.0479999622912143e-05,0,0,2005-07-26T00:15:00,ENGINE_EXECUTABLE_HYDRAULICALLY_UNVALIDATED
C_22210,0.0,0.0,3.0479999622912143e-05,0,0,2005-07-26T00:15:00,ENGINE_EXECUTABLE_HYDRAULICALLY_UNVALIDATED
C_22211,0.0,0.0,3.0479999622912143e-05,0,0,2005-07-26T00:15:00,ENGINE_EXECUTABLE_HYDRAULICALLY_UNVALIDATED
C_22212,0.0,0.0,3.0479999622912143e-05,0,0,2005-07-26T00:15:00,ENGINE_EXECUTABLE_HYDRAULICALLY_UNVALIDATED
C_22213,0.0,0.0,3.0479999622912143e-05,0,0,2005-07-26T00:15:00,ENGINE_EXECUTABLE_HYDRAULICALLY_UNVALIDATED
C_22214,0.0,0.0,3.0479999622912143e-05,0,0,2005-07-26T00:15:00,ENGINE_EXECUTABLE_HYDRAULICALLY_UNVALIDATED
C_22215,0.0,0.0,3.0479999622912143e-05,0,0,2005-07-26T00:15:00,ENGINE_EXECUTABLE_HYDRAULICALLY_UNVALIDATED
C_22216,0.0,0.0,3.0479999622912143e-05,0,0,2005-07-26T00:15:00,ENGINE_EXECUTABLE_HYDRAULICALLY_UNVALIDATED
C_22217,0.0,0.0,3.0479999622912143e-05,0,0,2005-07-26T00:15:00,ENGINE_EXECUTABLE_HYDRAULICALLY_UNVALIDATED
C_22218,0.0,0.0,3.0479999622912143e-05,0,0,2005-07-26T00:15:00,ENGINE_EXECUTABLE_HYDRAULICALLY_UNVALIDATED
C_22219,0.0,0.0,3.0479999622912143e-05,0,0,2005-07-26T00:15:00,ENGINE_EXECUTABLE_HYDRAULICALLY_UNVALIDATED
C_22220,0.0,0.0,3.0479999622912143e-05,0,0,2005-07-26T00:15:00,ENGINE_EXECUTABLE_HYDRAULICALLY_UNVALIDATED
C_22241,0.0,0.0,3.0479999622912143e-05,0,0,2005-07-26T00:15:00,ENGINE_EXECUTABLE_HYDRAULICALLY_UNVALIDATED
C_22242,0.0,0.0,3.0479999622912143e-05,0,0,2005-07-26T00:15:00,ENGINE_EXECUTABLE_HYDRAULICALLY_UNVALIDATED
C_22243,0.0,0.0,3.0479999622912143e-05,0,0,2005-07-26T00:15:00,ENGINE_EXECUTABLE_HYDRAULICALLY_UNVALIDATED
C_22244,0.0,0.0,3.0479999622912143e-05,0,0,2005-07-26T00:15:00,ENGINE_EXECUTABLE_HYDRAULICALLY_UNVALIDATED
C_22245,0.0,0.0,3.0479999622912143e-05,0,0,2005-07-26T00:15:00,ENGINE_EXECUTABLE_HYDRAULICALLY_UNVALIDATED
C_22277,0.0,0.0,3.0479999622912143e-05,0,0,2005-07-26T00:15:00,ENGINE_EXECUTABLE_HYDRAULICALLY_UNVALIDATED
C_22278,0.0,0.0,3.0479999622912143e-05,0,0,2005-07-26T00:15:00,ENGINE_EXECUTABLE_HYDRAULICALLY_UNVALIDATED
C_22279,0.0,0.0,3.0479999622912143e-05,0,0,2005-07-26T00:15:00,ENGINE_EXECUTABLE_HYDRAULICALLY_UNVALIDATED
C_22280,0.0,0.0,3.0479999622912143e-05,0,0,2005-07-26T00:15:00,ENGINE_EXECUTABLE_HYDRAULICALLY_UNVALIDATED
C_22281,0.0,0.0,3.0479999622912143e-05,0,0,2005-07-26T00:15:00,ENGINE_EXECUTABLE_HYDRAULICALLY_UNVALIDATED
C_22298,0.0,0.0,3.0479999622912143e-05,0,0,2005-07-26T00:15:00,ENGINE_EXECUTABLE_HYDRAULICALLY_UNVALIDATED
C_22299,0.0,0.0,3.0479999622912143e-05,0,0,2005-07-26T00:15:00,ENGINE_EXECUTABLE_HYDRAULICALLY_UNVALIDATED
C_22300,0.0,0.0,3.0479999622912143e-05,0,0,2005-07-26T00:15:00,ENGINE_EXECUTABLE_HYDRAULICALLY_UNVALIDATED
C_22301,0.0,0.0,3.0479999622912143e-05,0,0,2005-07-26T00:15:00,ENGINE_EXECUTABLE_HYDRAULICALLY_UNVALIDATED
C_22302,0.0,0.0,3.0479999622912143e-05,0,0,2005-07-26T00:15:00,ENGINE_EXECUTABLE_HYDRAULICALLY_UNVALIDATED
C_22303,0.0,0.0,3.0479999622912143e-05,0,0,2005-07-26T00:15:00,ENGINE_EXECUTABLE_HYDRAULICALLY_UNVALIDATED
C_22304,0.0,0.0,3.0479999622912143e-05,0,0,2005-07-26T00:15:00,ENGINE_EXECUTABLE_HYDRAULICALLY_UNVALIDATED
C_22305,0.0,0.0,3.0479999622912143e-05,0,0,2005-07-26T00:15:00,ENGINE_EXECUTABLE_HYDRAULICALLY_UNVALIDATED
C_22306,0.0,0.0,3.0479999622912143e-05,0,0,2005-07-26T00:15:00,ENGINE_EXECUTABLE_HYDRAULICALLY_UNVALIDATED
C_22307,0.0,0.0,3.0479999622912143e-05,0,0,2005-07-26T00:15:00,ENGINE_EXECUTABLE_HYDRAULICALLY_UNVALIDATED
C_22308,0.0,0.0,3.0479999622912143e-05,0,0,2005-07-26T00:15:00,ENGINE_EXECUTABLE_HYDRAULICALLY_UNVALIDATED
C_22309,0.0,0.0,3.0479999622912143e-05,0,0,2005-07-26T00:15:00,ENGINE_EXECUTABLE_HYDRAULICALLY_UNVALIDATED
C_22310,0.0,0.0,3.0479999622912143e-05,0,0,2005-07-26T00:15:00,ENGINE_EXECUTABLE_HYDRAULICALLY_UNVALIDATED
C_22311,0.0,0.0,3.0479999622912143e-05,0,0,2005-07-26T00:15:00,ENGINE_EXECUTABLE_HYDRAULICALLY_UNVALIDATED
C_22312,0.0,0.0,3.0479999622912143e-05,0,0,2005-07-26T00:15:00,ENGINE_EXECUTABLE_HYDRAULICALLY_UNVALIDATED
C_22313,0.0,0.0,3.0479999622912143e-05,0,0,2005-07-26T00:15:00,ENGINE_EXECUTABLE_HYDRAULICALLY_UNVALIDATED
C_22314,0.0,0.0,3.0479999622912143e-05,0,0,2005-07-26T00:15:00,ENGINE_EXECUTABLE_HYDRAULICALLY_UNVALIDATED
C_22315,0.0,0.0,3.0479999622912143e-05,0,0,2005-07-26T00:15:00,ENGINE_EXECUTABLE_HYDRAULICALLY_UNVALIDATED
C_22316,0.0,0.0,3.0479999622912143e-05,0,0,2005-07-26T00:15:00,ENGINE_EXECUTABLE_HYDRAULICALLY_UNVALIDATED
C_22317,0.0,0.0,3.0479999622912143e-05,0,0,2005-07-26T00:15:00,ENGINE_EXECUTABLE_HYDRAULICALLY_UNVALIDATED
C_22318,0.0,0.0,3.0479999622912143e-05,0,0,2005-07-26T00:15:00,ENGINE_EXECUTABLE_HYDRAULICALLY_UNVALIDATED
C_22319,0.0,0.0,3.0479999622912143e-05,0,0,2005-07-26T00:15:00,ENGINE_EXECUTABLE_HYDRAULICALLY_UNVALIDATED
C_22320,0.0,0.0,3.0479999622912143e-05,0,0,2005-07-26T00:15:00,ENGINE_EXECUTABLE_HYDRAULICALLY_UNVALIDATED
C_22321,0.0,0.0,3.0479999622912143e-05,0,0,2005-07-26T00:15:00,ENGINE_EXECUTABLE_HYDRAULICALLY_UNVALIDATED
C_22322,0.0,0.0,3.0479999622912143e-05,0,0,2005-07-26T00:15:00,ENGINE_EXECUTABLE_HYDRAULICALLY_UNVALIDATED
C_22323,0.0,0.0,3.0479999622912143e-05,0,0,2005-07-26T00:15:00,ENGINE_EXECUTABLE_HYDRAULICALLY_UNVALIDATED
C_22324,0.0,0.0,3.0479999622912143e-05,0,0,2005-07-26T00:15:00,ENGINE_EXECUTABLE_HYDRAULICALLY_UNVALIDATED
C_22325,0.0,0.0,3.0479999622912143e-05,0,0,2005-07-26T00:15:00,ENGINE_EXECUTABLE_HYDRAULICALLY_UNVALIDATED
C_22326,0.0,0.0,3.0479999622912143e-05,0,0,2005-07-26T00:15:00,ENGINE_EXECUTABLE_HYDRAULICALLY_UNVALIDATED
C_22327,0.0,0.0,3.0479999622912143e-05,0,0,2005-07-26T00:15:00,ENGINE_EXECUTABLE_HYDRAULICALLY_UNVALIDATED
C_22329,0.0,0.0,3.0479999622912143e-05,0,0,2005-07-26T00:15:00,ENGINE_EXECUTABLE_HYDRAULICALLY_UNVALIDATED
C_22330,0.0,0.0,3.0479999622912143e-05,0,0,2005-07-26T00:15:00,ENGINE_EXECUTABLE_HYDRAULICALLY_UNVALIDATED
C_22331,0.0,0.0,3.0479999622912143e-05,0,0,2005-07-26T00:15:00,ENGINE_EXECUTABLE_HYDRAULICALLY_UNVALIDATED
C_22332,0.0,0.0,3.0479999622912143e-05,0,0,2005-07-26T00:15:00,ENGINE_EXECUTABLE_HYDRAULICALLY_UNVALIDATED
C_22333,0.0,0.0,3.0479999622912143e-05,0,0,2005-07-26T00:15:00,ENGINE_EXECUTABLE_HYDRAULICALLY_UNVALIDATED
C_22334,0.0,0.0,3.0479999622912143e-05,0,0,2005-07-26T00:15:00,ENGINE_EXECUTABLE_HYDRAULICALLY_UNVALIDATED
C_22335,0.0,0.0,3.0479999622912143e-05,0,0,2005-07-26T00:15:00,ENGINE_EXECUTABLE_HYDRAULICALLY_UNVALIDATED
C_22336,0.0,0.0,3.0479999622912143e-05,0,0,2005-07-26T00:15:00,ENGINE_EXECUTABLE_HYDRAULICALLY_UNVALIDATED
C_22337,0.0,0.0,3.0479999622912143e-05,0,0,2005-07-26T00:15:00,ENGINE_EXECUTABLE_HYDRAULICALLY_UNVALIDATED
C_22341,0.0,0.0,3.0479999622912143e-05,0,0,2005-07-26T00:15:00,ENGINE_EXECUTABLE_HYDRAULICALLY_UNVALIDATED
C_22343,0.0,0.0,3.0479999622912143e-05,0,0,2005-07-26T00:15:00,ENGINE_EXECUTABLE_HYDRAULICALLY_UNVALIDATED
C_22345,0.0,0.0,3.0479999622912143e-05,0,0,2005-07-26T00:15:00,ENGINE_EXECUTABLE_HYDRAULICALLY_UNVALIDATED
C_22346,0.0,0.0,3.0479999622912143e-05,0,0,2005-07-26T00:15:00,ENGINE_EXECUTABLE_HYDRAULICALLY_UNVALIDATED
C_22348,0.0,0.0,3.0479999622912143e-05,0,0,2005-07-26T00:15:00,ENGINE_EXECUTABLE_HYDRAULICALLY_UNVALIDATED
C_22349,0.0,0.0,3.0479999622912143e-05,0,0,2005-07-26T00:15:00,ENGINE_EXECUTABLE_HYDRAULICALLY_UNVALIDATED
C_22359,0.0,0.0,3.0479999622912143e-05,0,0,2005-07-26T00:15:00,ENGINE_EXECUTABLE_HYDRAULICALLY_UNVALIDATED
C_22360,0.0,0.0,3.0479999622912143e-05,0,0,2005-07-26T00:15:00,ENGINE_EXECUTABLE_HYDRAULICALLY_UNVALIDATED
C_22361,0.0,0.0,3.0479999622912143e-05,0,0,2005-07-26T00:15:00,ENGINE_EXECUTABLE_HYDRAULICALLY_UNVALIDATED
C_22362,0.0,0.0,3.0479999622912143e-05,0,0,2005-07-26T00:15:00,ENGINE_EXECUTABLE_HYDRAULICALLY_UNVALIDATED
C_22363,0.0,0.0,3.0479999622912143e-05,0,0,2005-07-26T00:15:00,ENGINE_EXECUTABLE_HYDRAULICALLY_UNVALIDATED
C_22365,0.0,0.0,3.0479999622912143e-05,0,0,2005-07-26T00:15:00,ENGINE_EXECUTABLE_HYDRAULICALLY_UNVALIDATED
C_22368,0.0,0.0,3.0479999622912143e-05,0,0,2005-07-26T00:15:00,ENGINE_EXECUTABLE_HYDRAULICALLY_UNVALIDATED
C_22369,0.0,0.0,3.0479999622912143e-05,0,0,2005-07-26T00:15:00,ENGINE_EXECUTABLE_HYDRAULICALLY_UNVALIDATED
C_22370,0.0,0.0,3.0479999622912143e-05,0,0,2005-07-26T00:15:00,ENGINE_EXECUTABLE_HYDRAULICALLY_UNVALIDATED
C_22371,0.0,0.0,3.0479999622912143e-05,0,0,2005-07-26T00:15:00,ENGINE_EXECUTABLE_HYDRAULICALLY_UNVALIDATED
C_22372,0.0,0.0,3.0479999622912143e-05,0,0,2005-07-26T00:15:00,ENGINE_EXECUTABLE_HYDRAULICALLY_UNVALIDATED
C_22373,0.0,0.0,3.0479999622912143e-05,0,0,2005-07-26T00:15:00,ENGINE_EXECUTABLE_HYDRAULICALLY_UNVALIDATED
C_22374,0.0,0.0,3.0479999622912143e-05,0,0,2005-07-26T00:15:00,ENGINE_EXECUTABLE_HYDRAULICALLY_UNVALIDATED
C_22375,0.0,0.0,3.0479999622912143e-05,0,0,2005-07-26T00:15:00,ENGINE_EXECUTABLE_HYDRAULICALLY_UNVALIDATED
C_22376,0.0,0.0,3.0479999622912143e-05,0,0,2005-07-26T00:15:00,ENGINE_EXECUTABLE_HYDRAULICALLY_UNVALIDATED
C_22377,0.0,0.0,3.0479999622912143e-05,0,0,2005-07-26T00:15:00,ENGINE_EXECUTABLE_HYDRAULICALLY_UNVALIDATED
C_22378,0.0,0.0,3.0479999622912143e-05,0,0,2005-07-26T00:15:00,ENGINE_EXECUTABLE_HYDRAULICALLY_UNVALIDATED
C_22379,0.0,0.0,3.0479999622912143e-05,0,0,2005-07-26T00:15:00,ENGINE_EXECUTABLE_HYDRAULICALLY_UNVALIDATED
C_22380,0.0,0.0,3.0479999622912143e-05,0,0,2005-07-26T00:15:00,ENGINE_EXECUTABLE_HYDRAULICALLY_UNVALIDATED
C_22381,0.0,0.0,3.0479999622912143e-05,0,0,2005-07-26T00:15:00,ENGINE_EXECUTABLE_HYDRAULICALLY_UNVALIDATED
C_22382,0.0,0.0,3.0479999622912143e-05,0,0,2005-07-26T00:15:00,ENGINE_EXECUTABLE_HYDRAULICALLY_UNVALIDATED
C_22383,0.0,0.0,3.0479999622912143e-05,0,0,2005-07-26T00:15:00,ENGINE_EXECUTABLE_HYDRAULICALLY_UNVALIDATED
C_22384,0.0,0.0,3.0479999622912143e-05,0,0,2005-07-26T00:15:00,ENGINE_EXECUTABLE_HYDRAULICALLY_UNVALIDATED
C_22385,0.0,0.0,3.0479999622912143e-05,0,0,2005-07-26T00:15:00,ENGINE_EXECUTABLE_HYDRAULICALLY_UNVALIDATED
C_22386,0.0,0.0,3.0479999622912143e-05,0,0,2005-07-26T00:15:00,ENGINE_EXECUTABLE_HYDRAULICALLY_UNVALIDATED
C_22387,0.0,0.0,3.0479999622912143e-05,0,0,2005-07-26T00:15:00,ENGINE_EXECUTABLE_HYDRAULICALLY_UNVALIDATED
C_22388,0.0,0.0,3.0479999622912143e-05,0,0,2005-07-26T00:15:00,ENGINE_EXECUTABLE_HYDRAULICALLY_UNVALIDATED
C_22389,0.0,0.0,3.0479999622912143e-05,0,0,2005-07-26T00:15:00,ENGINE_EXECUTABLE_HYDRAULICALLY_UNVALIDATED
C_22390,0.0,0.0,3.0479999622912143e-05,0,0,2005-07-26T00:15:00,ENGINE_EXECUTABLE_HYDRAULICALLY_UNVALIDATED
C_22391,0.0,0.0,3.0479999622912143e-05,0,0,2005-07-26T00:15:00,ENGINE_EXECUTABLE_HYDRAULICALLY_UNVALIDATED
C_22392,0.0,0.0,3.0479999622912143e-05,0,0,2005-07-26T00:15:00,ENGINE_EXECUTABLE_HYDRAULICALLY_UNVALIDATED
C_22393,0.0,0.0,3.0479999622912143e-05,0,0,2005-07-26T00:15:00,ENGINE_EXECUTABLE_HYDRAULICALLY_UNVALIDATED
C_22394,0.0,0.0,3.0479999622912143e-05,0,0,2005-07-26T00:15:00,ENGINE_EXECUTABLE_HYDRAULICALLY_UNVALIDATED
C_22395,0.0,0.0,3.0479999622912143e-05,0,0,2005-07-26T00:15:00,ENGINE_EXECUTABLE_HYDRAULICALLY_UNVALIDATED
C_22396,0.0,0.0,3.0479999622912143e-05,0,0,2005-07-26T00:15:00,ENGINE_EXECUTABLE_HYDRAULICALLY_UNVALIDATED
C_22397,0.0,0.0,3.0479999622912143e-05,0,0,2005-07-26T00:15:00,ENGINE_EXECUTABLE_HYDRAULICALLY_UNVALIDATED
C_22398,0.0,0.0,3.0479999622912143e-05,0,0,2005-07-26T00:15:00,ENGINE_EXECUTABLE_HYDRAULICALLY_UNVALIDATED
C_22399,0.0,0.0,3.0479999622912143e-05,0,0,2005-07-26T00:15:00,ENGINE_EXECUTABLE_HYDRAULICALLY_UNVALIDATED
C_22400,0.0,0.0,3.0479999622912143e-05,0,0,2005-07-26T00:15:00,ENGINE_EXECUTABLE_HYDRAULICALLY_UNVALIDATED
C_22401,0.0,0.0,3.0479999622912143e-05,0,0,2005-07-26T00:15:00,ENGINE_EXECUTABLE_HYDRAULICALLY_UNVALIDATED
C_22402,0.0,0.0,3.0479999622912143e-05,0,0,2005-07-26T00:15:00,ENGINE_EXECUTABLE_HYDRAULICALLY_UNVALIDATED
C_22403,0.0,0.0,3.0479999622912143e-05,0,0,2005-07-26T00:15:00,ENGINE_EXECUTABLE_HYDRAULICALLY_UNVALIDATED
C_22404,0.0,0.0,3.0479999622912143e-05,0,0,2005-07-26T00:15:00,ENGINE_EXECUTABLE_HYDRAULICALLY_UNVALIDATED
C_22405,0.0,0.0,3.0479999622912143e-05,0,0,2005-07-26T00:15:00,ENGINE_EXECUTABLE_HYDRAULICALLY_UNVALIDATED
C_22406,0.0,0.0,3.0479999622912143e-05,0,0,2005-07-26T00:15:00,ENGINE_EXECUTABLE_HYDRAULICALLY_UNVALIDATED
C_22407,0.0,0.0,3.0479999622912143e-05,0,0,2005-07-26T00:15:00,ENGINE_EXECUTABLE_HYDRAULICALLY_UNVALIDATED
C_22604,0.0,0.0,3.0479999622912143e-05,0,0,2005-07-26T00:15:00,ENGINE_EXECUTABLE_HYDRAULICALLY_UNVALIDATED
C_22605,0.0,0.0,3.0479999622912143e-05,0,0,2005-07-26T00:15:00,ENGINE_EXECUTABLE_HYDRAULICALLY_UNVALIDATED
C_22606,0.0,0.0,3.0479999622912143e-05,0,0,2005-07-26T00:15:00,ENGINE_EXECUTABLE_HYDRAULICALLY_UNVALIDATED
C_22611,0.0,0.0,3.0479999622912143e-05,0,0,2005-07-26T00:15:00,ENGINE_EXECUTABLE_HYDRAULICALLY_UNVALIDATED
C_22612,0.0,0.0,3.0479999622912143e-05,0,0,2005-07-26T00:15:00,ENGINE_EXECUTABLE_HYDRAULICALLY_UNVALIDATED
C_22613,0.0,0.0,3.0479999622912143e-05,0,0,2005-07-26T00:15:00,ENGINE_EXECUTABLE_HYDRAULICALLY_UNVALIDATED
C_22614,0.0,0.0,3.0479999622912143e-05,0,0,2005-07-26T00:15:00,ENGINE_EXECUTABLE_HYDRAULICALLY_UNVALIDATED
C_22615,0.0,0.0,3.0479999622912143e-05,0,0,2005-07-26T00:15:00,ENGINE_EXECUTABLE_HYDRAULICALLY_UNVALIDATED
C_22616,0.0,0.0,3.0479999622912143e-05,0,0,2005-07-26T00:15:00,ENGINE_EXECUTABLE_HYDRAULICALLY_UNVALIDATED
C_22617,0.0,0.0,3.0479999622912143e-05,0,0,2005-07-26T00:15:00,ENGINE_EXECUTABLE_HYDRAULICALLY_UNVALIDATED
C_22618,0.0,0.0,3.0479999622912143e-05,0,0,2005-07-26T00:15:00,ENGINE_EXECUTABLE_HYDRAULICALLY_UNVALIDATED
C_23916,0.0,0.0,3.0479999622912143e-05,0,0,2005-07-26T00:15:00,ENGINE_EXECUTABLE_HYDRAULICALLY_UNVALIDATED
C_23917,0.0,0.0,3.0479999622912143e-05,0,0,2005-07-26T00:15:00,ENGINE_EXECUTABLE_HYDRAULICALLY_UNVALIDATED
C_23918,0.0,0.0,3.0479999622912143e-05,0,0,2005-07-26T00:15:00,ENGINE_EXECUTABLE_HYDRAULICALLY_UNVALIDATED
C_23919,0.0,0.0,3.0479999622912143e-05,0,0,2005-07-26T00:15:00,ENGINE_EXECUTABLE_HYDRAULICALLY_UNVALIDATED
C_23920,0.0,0.0,3.0479999622912143e-05,0,0,2005-07-26T00:15:00,ENGINE_EXECUTABLE_HYDRAULICALLY_UNVALIDATED
C_23921,0.0,0.0,3.0479999622912143e-05,0,0,2005-07-26T00:15:00,ENGINE_EXECUTABLE_HYDRAULICALLY_UNVALIDATED
C_23922,0.0,0.0,3.0479999622912143e-05,0,0,2005-07-26T00:15:00,ENGINE_EXECUTABLE_HYDRAULICALLY_UNVALIDATED
C_23923,0.0,0.0,3.0479999622912143e-05,0,0,2005-07-26T00:15:00,ENGINE_EXECUTABLE_HYDRAULICALLY_UNVALIDATED
C_23924,0.0,0.0,3.0479999622912143e-05,0,0,2005-07-26T00:15:00,ENGINE_EXECUTABLE_HYDRAULICALLY_UNVALIDATED
C_23925,0.0,0.0,3.0479999622912143e-05,0,0,2005-07-26T00:15:00,ENGINE_EXECUTABLE_HYDRAULICALLY_UNVALIDATED
C_23926,0.0,0.0,3.0479999622912143e-05,0,0,2005-07-26T00:15:00,ENGINE_EXECUTABLE_HYDRAULICALLY_UNVALIDATED
C_23945,0.0,0.0,3.0479999622912143e-05,0,0,2005-07-26T00:15:00,ENGINE_EXECUTABLE_HYDRAULICALLY_UNVALIDATED
C_23946,0.0,0.0,3.0479999622912143e-05,0,0,2005-07-26T00:15:00,ENGINE_EXECUTABLE_HYDRAULICALLY_UNVALIDATED
C_23947,0.0,0.0,3.0479999622912143e-05,0,0,2005-07-26T00:15:00,ENGINE_EXECUTABLE_HYDRAULICALLY_UNVALIDATED
C_23948,0.0,0.0,3.0479999622912143e-05,0,0,2005-07-26T00:15:00,ENGINE_EXECUTABLE_HYDRAULICALLY_UNVALIDATED
C_23949,0.0,0.0,3.0479999622912143e-05,0,0,2005-07-26T00:15:00,ENGINE_EXECUTABLE_HYDRAULICALLY_UNVALIDATED
C_23951,0.0,0.0,3.0479999622912143e-05,0,0,2005-07-26T00:15:00,ENGINE_EXECUTABLE_HYDRAULICALLY_UNVALIDATED
C_23953,0.0,0.0,3.0479999622912143e-05,0,0,2005-07-26T00:15:00,ENGINE_EXECUTABLE_HYDRAULICALLY_UNVALIDATED
C_23954,0.0,0.0,3.0479999622912143e-05,0,0,2005-07-26T00:15:00,ENGINE_EXECUTABLE_HYDRAULICALLY_UNVALIDATED
C_23955,0.0,0.0,3.0479999622912143e-05,0,0,2005-07-26T00:15:00,ENGINE_EXECUTABLE_HYDRAULICALLY_UNVALIDATED
C_23956,0.0,0.0,3.0479999622912143e-05,0,0,2005-07-26T00:15:00,ENGINE_EXECUTABLE_HYDRAULICALLY_UNVALIDATED
C_23957,0.0,0.0,3.0479999622912143e-05,0,0,2005-07-26T00:15:00,ENGINE_EXECUTABLE_HYDRAULICALLY_UNVALIDATED
C_23996,0.0,0.0,3.0479999622912143e-05,0,0,2005-07-26T00:15:00,ENGINE_EXECUTABLE_HYDRAULICALLY_UNVALIDATED
C_23997,0.0,0.0,3.0479999622912143e-05,0,0,2005-07-26T00:15:00,ENGINE_EXECUTABLE_HYDRAULICALLY_UNVALIDATED
C_23998,0.0,0.0,3.0479999622912143e-05,0,0,2005-07-26T00:15:00,ENGINE_EXECUTABLE_HYDRAULICALLY_UNVALIDATED
C_23999,0.0,0.0,3.0479999622912143e-05,0,0,2005-07-26T00:15:00,ENGINE_EXECUTABLE_HYDRAULICALLY_UNVALIDATED
C_24000,0.0,0.0,3.0479999622912143e-05,0,0,2005-07-26T00:15:00,ENGINE_EXECUTABLE_HYDRAULICALLY_UNVALIDATED
C_24001,0.0,0.0,3.0479999622912143e-05,0,0,2005-07-26T00:15:00,ENGINE_EXECUTABLE_HYDRAULICALLY_UNVALIDATED
C_24002,0.0,0.0,3.0479999622912143e-05,0,0,2005-07-26T00:15:00,ENGINE_EXECUTABLE_HYDRAULICALLY_UNVALIDATED
C_24003,0.0,0.0,3.0479999622912143e-05,0,0,2005-07-26T00:15:00,ENGINE_EXECUTABLE_HYDRAULICALLY_UNVALIDATED
C_24023,0.0,0.0,3.0479999622912143e-05,0,0,2005-07-26T00:15:00,ENGINE_EXECUTABLE_HYDRAULICALLY_UNVALIDATED
C_24024,0.0,0.0,3.0479999622912143e-05,0,0,2005-07-26T00:15:00,ENGINE_EXECUTABLE_HYDRAULICALLY_UNVALIDATED
C_24025,0.0,0.0,3.0479999622912143e-05,0,0,2005-07-26T00:15:00,ENGINE_EXECUTABLE_HYDRAULICALLY_UNVALIDATED
C_24030,0.0,0.0,3.0479999622912143e-05,0,0,2005-07-26T00:15:00,ENGINE_EXECUTABLE_HYDRAULICALLY_UNVALIDATED
C_24031,0.0,0.0,3.0479999622912143e-05,0,0,2005-07-26T00:15:00,ENGINE_EXECUTABLE_HYDRAULICALLY_UNVALIDATED
C_24032,0.0,0.0,3.0479999622912143e-05,0,0,2005-07-26T00:15:00,ENGINE_EXECUTABLE_HYDRAULICALLY_UNVALIDATED
C_24033,0.0,0.0,3.0479999622912143e-05,0,0,2005-07-26T00:15:00,ENGINE_EXECUTABLE_HYDRAULICALLY_UNVALIDATED
C_24035,0.0,0.0,3.0479999622912143e-05,0,0,2005-07-26T00:15:00,ENGINE_EXECUTABLE_HYDRAULICALLY_UNVALIDATED
C_24036,0.0,0.0,3.0479999622912143e-05,0,0,2005-07-26T00:15:00,ENGINE_EXECUTABLE_HYDRAULICALLY_UNVALIDATED
C_24044,0.0,0.0,3.0479999622912143e-05,0,0,2005-07-26T00:15:00,ENGINE_EXECUTABLE_HYDRAULICALLY_UNVALIDATED
C_24045,0.0,0.0,3.0479999622912143e-05,0,0,2005-07-26T00:15:00,ENGINE_EXECUTABLE_HYDRAULICALLY_UNVALIDATED
C_24046,0.0,0.0,3.0479999622912143e-05,0,0,2005-07-26T00:15:00,ENGINE_EXECUTABLE_HYDRAULICALLY_UNVALIDATED
C_24050,0.0,0.0,3.0479999622912143e-05,0,0,2005-07-26T00:15:00,ENGINE_EXECUTABLE_HYDRAULICALLY_UNVALIDATED
C_24051,0.0,0.0,3.0479999622912143e-05,0,0,2005-07-26T00:15:00,ENGINE_EXECUTABLE_HYDRAULICALLY_UNVALIDATED
C_24052,0.0,0.0,3.0479999622912143e-05,0,0,2005-07-26T00:15:00,ENGINE_EXECUTABLE_HYDRAULICALLY_UNVALIDATED
C_24053,0.0,0.0,3.0479999622912143e-05,0,0,2005-07-26T00:15:00,ENGINE_EXECUTABLE_HYDRAULICALLY_UNVALIDATED
C_24054,0.0,0.0,3.0479999622912143e-05,0,0,2005-07-26T00:15:00,ENGINE_EXECUTABLE_HYDRAULICALLY_UNVALIDATED
C_24055,0.0,0.0,0.0055340542457997,0,0,2005-07-26T00:15:00,ENGINE_EXECUTABLE_HYDRAULICALLY_UNVALIDATED
C_24066,0.0,0.0,3.0479999622912143e-05,0,0,2005-07-26T00:15:00,ENGINE_EXECUTABLE_HYDRAULICALLY_UNVALIDATED
C_24067,0.0,0.0,3.0479999622912143e-05,0,0,2005-07-26T00:15:00,ENGINE_EXECUTABLE_HYDRAULICALLY_UNVALIDATED
C_24068,0.0,0.0,3.0479999622912143e-05,0,0,2005-07-26T00:15:00,ENGINE_EXECUTABLE_HYDRAULICALLY_UNVALIDATED
C_24069,0.0,0.0,3.0479999622912143e-05,0,0,2005-07-26T00:15:00,ENGINE_EXECUTABLE_HYDRAULICALLY_UNVALIDATED
C_24070,0.0,0.0,3.0479999622912143e-05,0,0,2005-07-26T00:15:00,ENGINE_EXECUTABLE_HYDRAULICALLY_UNVALIDATED
C_24071,0.0,0.0,3.0479999622912143e-05,0,0,2005-07-26T00:15:00,ENGINE_EXECUTABLE_HYDRAULICALLY_UNVALIDATED
C_24093,0.0,0.0,3.0479999622912143e-05,0,0,2005-07-26T00:15:00,ENGINE_EXECUTABLE_HYDRAULICALLY_UNVALIDATED
C_24094,0.0090855034068226,0.1026093810796737,0.0295115690678358,0,0,2005-07-26T11:15:00,ENGINE_EXECUTABLE_HYDRAULICALLY_UNVALIDATED
C_24095,0.0143761243671178,0.0766740813851356,0.0624918825924396,0,0,2005-07-26T11:15:00,ENGINE_EXECUTABLE_HYDRAULICALLY_UNVALIDATED
C_24099,0.0,0.0,3.0479999622912143e-05,0,0,2005-07-26T00:15:00,ENGINE_EXECUTABLE_HYDRAULICALLY_UNVALIDATED
C_24104,0.0138453915715217,0.084117516875267,0.0835432931780815,0,0,2005-07-26T11:15:00,ENGINE_EXECUTABLE_HYDRAULICALLY_UNVALIDATED
C_24105,0.0,0.0,3.0479999622912143e-05,0,0,2005-07-26T00:15:00,ENGINE_EXECUTABLE_HYDRAULICALLY_UNVALIDATED
C_24111,0.0,0.0,3.0479999622912143e-05,0,0,2005-07-26T00:15:00,ENGINE_EXECUTABLE_HYDRAULICALLY_UNVALIDATED
C_24113,0.0113295959308743,0.0933222249150276,0.0984717905521392,0,0,2005-07-26T11:15:00,ENGINE_EXECUTABLE_HYDRAULICALLY_UNVALIDATED
C_24114,0.0,0.0,3.0479999622912143e-05,0,0,2005-07-26T00:15:00,ENGINE_EXECUTABLE_HYDRAULICALLY_UNVALIDATED
C_24115,0.0,0.0,3.0479999622912143e-05,0,0,2005-07-26T00:15:00,ENGINE_EXECUTABLE_HYDRAULICALLY_UNVALIDATED
C_24116,0.0,0.0,3.0479999622912143e-05,0,0,2005-07-26T00:15:00,ENGINE_EXECUTABLE_HYDRAULICALLY_UNVALIDATED
C_24117,0.0,0.0,3.0479999622912143e-05,0,0,2005-07-26T00:15:00,ENGINE_EXECUTABLE_HYDRAULICALLY_UNVALIDATED
C_24118,0.0,0.0,3.0479999622912143e-05,0,0,2005-07-26T00:15:00,ENGINE_EXECUTABLE_HYDRAULICALLY_UNVALIDATED
C_24119,0.0,0.0,3.0479999622912143e-05,0,0,2005-07-26T00:15:00,ENGINE_EXECUTABLE_HYDRAULICALLY_UNVALIDATED
C_24120,0.0,0.0,3.0479999622912143e-05,0,0,2005-07-26T00:15:00,ENGINE_EXECUTABLE_HYDRAULICALLY_UNVALIDATED
C_24126,0.0,0.0,3.0479999622912143e-05,0,0,2005-07-26T00:15:00,ENGINE_EXECUTABLE_HYDRAULICALLY_UNVALIDATED
C_24138,0.0,0.0,3.0479999622912143e-05,0,0,2005-07-26T00:15:00,ENGINE_EXECUTABLE_HYDRAULICALLY_UNVALIDATED
C_24139,0.0,0.0,3.0479999622912143e-05,0,0,2005-07-26T00:15:00,ENGINE_EXECUTABLE_HYDRAULICALLY_UNVALIDATED
C_24140,0.0,0.0,3.0479999622912143e-05,0,0,2005-07-26T00:15:00,ENGINE_EXECUTABLE_HYDRAULICALLY_UNVALIDATED
C_24141,0.0,0.0,3.0479999622912143e-05,0,0,2005-07-26T00:15:00,ENGINE_EXECUTABLE_HYDRAULICALLY_UNVALIDATED
C_24142,0.0,0.0,3.0479999622912143e-05,0,0,2005-07-26T00:15:00,ENGINE_EXECUTABLE_HYDRAULICALLY_UNVALIDATED
C_24143,0.0,0.0,3.0479999622912143e-05,0,0,2005-07-26T00:15:00,ENGINE_EXECUTABLE_HYDRAULICALLY_UNVALIDATED
C_24144,0.0080809015780687,0.1310649365186691,0.1195926144719123,0,0,2005-07-26T11:30:00,ENGINE_EXECUTABLE_HYDRAULICALLY_UNVALIDATED
C_24146,0.0875630378723144,0.0233751516789197,0.5337926745414734,0,0,2005-07-26T11:15:00,ENGINE_EXECUTABLE_HYDRAULICALLY_UNVALIDATED
C_24147,0.2151520401239395,0.0946937203407287,0.5381864309310913,0,0,2005-07-26T11:00:00,ENGINE_EXECUTABLE_HYDRAULICALLY_UNVALIDATED
C_24148,0.217788740992546,0.1947359442710876,0.5464527606964111,0,0,2005-07-26T14:15:00,ENGINE_EXECUTABLE_HYDRAULICALLY_UNVALIDATED
C_24149,0.3370570540428161,0.2571972906589508,0.5581782460212708,0,0,2005-07-26T14:15:00,ENGINE_EXECUTABLE_HYDRAULICALLY_UNVALIDATED
C_24150,0.3861555457115173,0.2564428150653839,0.5687093734741211,0,0,2005-07-26T14:15:00,ENGINE_EXECUTABLE_HYDRAULICALLY_UNVALIDATED
C_24151,0.4157963991165161,0.2540379762649536,0.5764337182044983,0,0,2005-07-26T14:15:00,ENGINE_EXECUTABLE_HYDRAULICALLY_UNVALIDATED
C_24152,0.4884546995162964,0.2517326772212982,0.5841024518013,0,0,2005-07-26T11:00:00,ENGINE_EXECUTABLE_HYDRAULICALLY_UNVALIDATED
C_24154,0.0,0.0,3.0479999622912143e-05,0,0,2005-07-26T00:15:00,ENGINE_EXECUTABLE_HYDRAULICALLY_UNVALIDATED
C_24158,0.0,0.0,3.0479999622912143e-05,0,0,2005-07-26T00:15:00,ENGINE_EXECUTABLE_HYDRAULICALLY_UNVALIDATED
C_24159,0.0,0.0,3.0479999622912143e-05,0,0,2005-07-26T00:15:00,ENGINE_EXECUTABLE_HYDRAULICALLY_UNVALIDATED
C_24160,0.0,0.0,3.0479999622912143e-05,0,0,2005-07-26T00:15:00,ENGINE_EXECUTABLE_HYDRAULICALLY_UNVALIDATED
C_24161,0.0,0.0,3.0479999622912143e-05,0,0,2005-07-26T00:15:00,ENGINE_EXECUTABLE_HYDRAULICALLY_UNVALIDATED
C_24162,0.0,0.0,3.0479999622912143e-05,0,0,2005-07-26T00:15:00,ENGINE_EXECUTABLE_HYDRAULICALLY_UNVALIDATED
C_24163,0.0,0.0,3.0479999622912143e-05,0,0,2005-07-26T00:15:00,ENGINE_EXECUTABLE_HYDRAULICALLY_UNVALIDATED
C_24164,0.5609323978424072,0.2499089837074279,0.5921785831451416,0,0,2005-07-26T11:00:00,ENGINE_EXECUTABLE_HYDRAULICALLY_UNVALIDATED
C_24165,0.6227346658706665,0.2483197599649429,0.600328266620636,0,0,2005-07-26T11:00:00,ENGINE_EXECUTABLE_HYDRAULICALLY_UNVALIDATED
C_24166,0.6935294270515442,0.2458009421825409,0.6098147034645081,0,0,2005-07-26T11:00:00,ENGINE_EXECUTABLE_HYDRAULICALLY_UNVALIDATED
C_24167,0.972061038017273,0.4796310067176819,0.637349009513855,0,0,2005-07-26T11:00:00,ENGINE_EXECUTABLE_HYDRAULICALLY_UNVALIDATED
C_24169,0.7896031737327576,0.242758423089981,0.6194226145744324,0,0,2005-07-26T11:00:00,ENGINE_EXECUTABLE_HYDRAULICALLY_UNVALIDATED
C_24170,0.8959873914718628,0.24021977186203,0.6279411911964417,0,0,2005-07-26T11:00:00,ENGINE_EXECUTABLE_HYDRAULICALLY_UNVALIDATED
C_24172,1.1743619441986084,0.4379701614379883,0.6638481616973877,0,0,2005-07-26T11:00:00,ENGINE_EXECUTABLE_HYDRAULICALLY_UNVALIDATED
C_24173,1.0587142705917358,0.4547315537929535,0.6509082317352295,0,0,2005-07-26T11:00:00,ENGINE_EXECUTABLE_HYDRAULICALLY_UNVALIDATED
C_24174,1.2627567052841189,0.4273141622543335,0.6733140349388123,0,0,2005-07-26T11:00:00,ENGINE_EXECUTABLE_HYDRAULICALLY_UNVALIDATED
C_24175,1.3116053342819214,0.4301519691944122,0.6791903972625732,0,0,2005-07-26T11:00:00,ENGINE_EXECUTABLE_HYDRAULICALLY_UNVALIDATED
C_24176,1.3270366191864014,0.423938900232315,0.6811264753341675,0,0,2005-07-26T11:00:00,ENGINE_EXECUTABLE_HYDRAULICALLY_UNVALIDATED
C_24179,1.3587753772735596,0.4283300042152405,0.6849507689476013,0,0,2005-07-26T11:00:00,ENGINE_EXECUTABLE_HYDRAULICALLY_UNVALIDATED
C_24180,1.4025897979736328,0.4342990219593048,0.6911172866821289,0,0,2005-07-26T11:00:00,ENGINE_EXECUTABLE_HYDRAULICALLY_UNVALIDATED
C_24181,1.4442987442016602,0.4370599389076233,0.6976726651191711,0,0,2005-07-26T11:00:00,ENGINE_EXECUTABLE_HYDRAULICALLY_UNVALIDATED
C_24183,1.4908900260925293,0.4352496862411499,0.704535961151123,0,0,2005-07-26T11:00:00,ENGINE_EXECUTABLE_HYDRAULICALLY_UNVALIDATED
C_24185,0.0,0.0,3.0479999622912143e-05,0,0,2005-07-26T00:15:00,ENGINE_EXECUTABLE_HYDRAULICALLY_UNVALIDATED
C_24186,0.0,0.0,3.0479999622912143e-05,0,0,2005-07-26T00:15:00,ENGINE_EXECUTABLE_HYDRAULICALLY_UNVALIDATED
C_24187,0.0,0.0,3.0479999622912143e-05,0,0,2005-07-26T00:15:00,ENGINE_EXECUTABLE_HYDRAULICALLY_UNVALIDATED
C_24188,0.0,0.0,3.0479999622912143e-05,0,0,2005-07-26T00:15:00,ENGINE_EXECUTABLE_HYDRAULICALLY_UNVALIDATED
C_24189,0.0,0.0,3.0479999622912143e-05,0,0,2005-07-26T00:15:00,ENGINE_EXECUTABLE_HYDRAULICALLY_UNVALIDATED
C_24190,0.0,0.0,3.0479999622912143e-05,0,0,2005-07-26T00:15:00,ENGINE_EXECUTABLE_HYDRAULICALLY_UNVALIDATED
C_24192,1.682756423950195,0.4081346392631531,0.7370056509971619,0,0,2005-07-26T11:00:00,ENGINE_EXECUTABLE_HYDRAULICALLY_UNVALIDATED
C_24193,1.5414326190948486,0.42723149061203,0.7111737132072449,0,0,2005-07-26T11:00:00,ENGINE_EXECUTABLE_HYDRAULICALLY_UNVALIDATED
C_24194,1.5898412466049194,0.4193333983421325,0.7175899147987366,0,0,2005-07-26T11:00:00,ENGINE_EXECUTABLE_HYDRAULICALLY_UNVALIDATED
C_24195,1.6306648254394531,0.4132490158081054,0.724324107170105,0,0,2005-07-26T11:00:00,ENGINE_EXECUTABLE_HYDRAULICALLY_UNVALIDATED
C_24196,1.6607731580734253,0.4093493223190307,0.7309561371803284,0,0,2005-07-26T11:00:00,ENGINE_EXECUTABLE_HYDRAULICALLY_UNVALIDATED
C_24197,0.0,0.0,3.0479999622912143e-05,0,0,2005-07-26T00:15:00,ENGINE_EXECUTABLE_HYDRAULICALLY_UNVALIDATED
C_24198,0.0,0.0,3.0479999622912143e-05,0,0,2005-07-26T00:15:00,ENGINE_EXECUTABLE_HYDRAULICALLY_UNVALIDATED
C_24199,0.0,0.0,3.0479999622912143e-05,0,0,2005-07-26T00:15:00,ENGINE_EXECUTABLE_HYDRAULICALLY_UNVALIDATED
C_24200,0.0,0.0,3.0479999622912143e-05,0,0,2005-07-26T00:15:00,ENGINE_EXECUTABLE_HYDRAULICALLY_UNVALIDATED
C_24201,0.0,0.0,3.0479999622912143e-05,0,0,2005-07-26T00:15:00,ENGINE_EXECUTABLE_HYDRAULICALLY_UNVALIDATED
C_24202,1.7001118659973145,0.4065558910369873,0.742927610874176,0,0,2005-07-26T11:00:00,ENGINE_EXECUTABLE_HYDRAULICALLY_UNVALIDATED
C_24203,1.7089015245437622,0.405474841594696,0.7464659214019775,0,0,2005-07-26T11:00:00,ENGINE_EXECUTABLE_HYDRAULICALLY_UNVALIDATED
C_24204,1.712018966674805,0.4052338898181915,0.7476072311401367,0,0,2005-07-26T11:00:00,ENGINE_EXECUTABLE_HYDRAULICALLY_UNVALIDATED
C_24205,1.7186998128890991,0.4046995043754577,0.7503014206886292,0,0,2005-07-26T11:00:00,ENGINE_EXECUTABLE_HYDRAULICALLY_UNVALIDATED
C_24206,1.729216694831848,0.4043036997318268,0.7554104924201965,0,0,2005-07-26T11:00:00,ENGINE_EXECUTABLE_HYDRAULICALLY_UNVALIDATED
C_24207,1.739955186843872,0.4048546850681305,0.761279821395874,0,0,2005-07-26T11:00:00,ENGINE_EXECUTABLE_HYDRAULICALLY_UNVALIDATED
C_24209,1.7497354745864868,0.4064063131809234,0.7670922875404358,0,0,2005-07-26T11:00:00,ENGINE_EXECUTABLE_HYDRAULICALLY_UNVALIDATED
C_24210,0.0,0.0,3.0479999622912143e-05,0,0,2005-07-26T00:15:00,ENGINE_EXECUTABLE_HYDRAULICALLY_UNVALIDATED
C_24211,0.0,0.0,3.0479999622912143e-05,0,0,2005-07-26T00:15:00,ENGINE_EXECUTABLE_HYDRAULICALLY_UNVALIDATED
C_24212,0.0,0.0,3.0479999622912143e-05,0,0,2005-07-26T00:15:00,ENGINE_EXECUTABLE_HYDRAULICALLY_UNVALIDATED
C_24213,0.0,0.0,3.0479999622912143e-05,0,0,2005-07-26T00:15:00,ENGINE_EXECUTABLE_HYDRAULICALLY_UNVALIDATED
C_24214,0.0,0.0,3.0479999622912143e-05,0,0,2005-07-26T00:15:00,ENGINE_EXECUTABLE_HYDRAULICALLY_UNVALIDATED
C_24215,0.0,0.0,3.0479999622912143e-05,0,0,2005-07-26T00:15:00,ENGINE_EXECUTABLE_HYDRAULICALLY_UNVALIDATED
C_24216,1.788417935371399,0.4097710251808166,0.7733576893806458,0,0,2005-07-26T10:45:00,ENGINE_EXECUTABLE_HYDRAULICALLY_UNVALIDATED
C_24217,1.85447096824646,0.4129820466041565,0.7795968651771545,0,0,2005-07-26T10:45:00,ENGINE_EXECUTABLE_HYDRAULICALLY_UNVALIDATED
C_24218,1.9225915670394895,0.4165221750736236,0.7858746647834778,0,0,2005-07-26T10:45:00,ENGINE_EXECUTABLE_HYDRAULICALLY_UNVALIDATED
C_24219,1.9987094402313232,0.530000627040863,0.791781485080719,0,0,2005-07-26T10:45:00,ENGINE_EXECUTABLE_HYDRAULICALLY_UNVALIDATED
C_24220,2.0759780406951904,0.582324206829071,0.7977874875068665,0,0,2005-07-26T10:45:00,ENGINE_EXECUTABLE_HYDRAULICALLY_UNVALIDATED
C_24221,2.1368181705474854,0.5608755350112915,0.80353182554245,0,0,2005-07-26T10:45:00,ENGINE_EXECUTABLE_HYDRAULICALLY_UNVALIDATED
C_24222,0.0,0.0,3.0479999622912143e-05,0,0,2005-07-26T00:15:00,ENGINE_EXECUTABLE_HYDRAULICALLY_UNVALIDATED
C_24223,0.0,0.0,3.0479999622912143e-05,0,0,2005-07-26T00:15:00,ENGINE_EXECUTABLE_HYDRAULICALLY_UNVALIDATED
C_24224,0.0,0.0,3.0479999622912143e-05,0,0,2005-07-26T00:15:00,ENGINE_EXECUTABLE_HYDRAULICALLY_UNVALIDATED
C_24225,0.0,0.0,3.0479999622912143e-05,0,0,2005-07-26T00:15:00,ENGINE_EXECUTABLE_HYDRAULICALLY_UNVALIDATED
C_24226,0.0,0.0,3.0479999622912143e-05,0,0,2005-07-26T00:15:00,ENGINE_EXECUTABLE_HYDRAULICALLY_UNVALIDATED
C_24227,0.0,0.0,3.0479999622912143e-05,0,0,2005-07-26T00:15:00,ENGINE_EXECUTABLE_HYDRAULICALLY_UNVALIDATED
C_24557,0.0,0.0,3.0479999622912143e-05,0,0,2005-07-26T00:15:00,ENGINE_EXECUTABLE_HYDRAULICALLY_UNVALIDATED
C_24558,0.0,0.0,3.0479999622912143e-05,0,0,2005-07-26T00:15:00,ENGINE_EXECUTABLE_HYDRAULICALLY_UNVALIDATED
C_24559,0.0,0.0,3.0479999622912143e-05,0,0,2005-07-26T00:15:00,ENGINE_EXECUTABLE_HYDRAULICALLY_UNVALIDATED
C_24560,0.0,0.0,3.0479999622912143e-05,0,0,2005-07-26T00:15:00,ENGINE_EXECUTABLE_HYDRAULICALLY_UNVALIDATED
C_24561,0.0,0.0,3.0479999622912143e-05,0,0,2005-07-26T00:15:00,ENGINE_EXECUTABLE_HYDRAULICALLY_UNVALIDATED
C_24562,0.0,0.0,3.0479999622912143e-05,0,0,2005-07-26T00:15:00,ENGINE_EXECUTABLE_HYDRAULICALLY_UNVALIDATED
C_24563,0.0,0.0,3.0479999622912143e-05,0,0,2005-07-26T00:15:00,ENGINE_EXECUTABLE_HYDRAULICALLY_UNVALIDATED
C_24564,0.0,0.0,3.0479999622912143e-05,0,0,2005-07-26T00:15:00,ENGINE_EXECUTABLE_HYDRAULICALLY_UNVALIDATED
C_24565,0.0,0.0,3.0479999622912143e-05,0,0,2005-07-26T00:15:00,ENGINE_EXECUTABLE_HYDRAULICALLY_UNVALIDATED
C_24566,0.0,0.0,3.0479999622912143e-05,0,0,2005-07-26T00:15:00,ENGINE_EXECUTABLE_HYDRAULICALLY_UNVALIDATED
C_24570,0.0,0.0,3.0479999622912143e-05,0,0,2005-07-26T00:15:00,ENGINE_EXECUTABLE_HYDRAULICALLY_UNVALIDATED
C_24571,0.0,0.0,3.0479999622912143e-05,0,0,2005-07-26T00:15:00,ENGINE_EXECUTABLE_HYDRAULICALLY_UNVALIDATED
C_24572,0.0,0.0,3.0479999622912143e-05,0,0,2005-07-26T00:15:00,ENGINE_EXECUTABLE_HYDRAULICALLY_UNVALIDATED
C_24573,0.0,0.0,3.0479999622912143e-05,0,0,2005-07-26T00:15:00,ENGINE_EXECUTABLE_HYDRAULICALLY_UNVALIDATED
C_24574,0.0,0.0,3.0479999622912143e-05,0,0,2005-07-26T00:15:00,ENGINE_EXECUTABLE_HYDRAULICALLY_UNVALIDATED
C_24575,0.0,0.0,3.0479999622912143e-05,0,0,2005-07-26T00:15:00,ENGINE_EXECUTABLE_HYDRAULICALLY_UNVALIDATED
C_24576,0.0,0.0,3.0479999622912143e-05,0,0,2005-07-26T00:15:00,ENGINE_EXECUTABLE_HYDRAULICALLY_UNVALIDATED
C_24577,0.0,0.0,3.0479999622912143e-05,0,0,2005-07-26T00:15:00,ENGINE_EXECUTABLE_HYDRAULICALLY_UNVALIDATED
C_24578,0.0,0.0,3.0479999622912143e-05,0,0,2005-07-26T00:15:00,ENGINE_EXECUTABLE_HYDRAULICALLY_UNVALIDATED
C_24579,0.0,0.0,3.0479999622912143e-05,0,0,2005-07-26T00:15:00,ENGINE_EXECUTABLE_HYDRAULICALLY_UNVALIDATED
C_24580,0.0,0.0,3.0479999622912143e-05,0,0,2005-07-26T00:15:00,ENGINE_EXECUTABLE_HYDRAULICALLY_UNVALIDATED
C_24581,0.0,0.0,3.0479999622912143e-05,0,0,2005-07-26T00:15:00,ENGINE_EXECUTABLE_HYDRAULICALLY_UNVALIDATED
C_24582,0.0,0.0,3.0479999622912143e-05,0,0,2005-07-26T00:15:00,ENGINE_EXECUTABLE_HYDRAULICALLY_UNVALIDATED
C_24583,0.0,0.0,3.0479999622912143e-05,0,0,2005-07-26T00:15:00,ENGINE_EXECUTABLE_HYDRAULICALLY_UNVALIDATED
C_24584,0.0,0.0,3.0479999622912143e-05,0,0,2005-07-26T00:15:00,ENGINE_EXECUTABLE_HYDRAULICALLY_UNVALIDATED
C_24585,0.0,0.0,3.0479999622912143e-05,0,0,2005-07-26T00:15:00,ENGINE_EXECUTABLE_HYDRAULICALLY_UNVALIDATED
C_24586,0.0,0.0,3.0479999622912143e-05,0,0,2005-07-26T00:15:00,ENGINE_EXECUTABLE_HYDRAULICALLY_UNVALIDATED
C_24587,0.0,0.0,3.0479999622912143e-05,0,0,2005-07-26T00:15:00,ENGINE_EXECUTABLE_HYDRAULICALLY_UNVALIDATED
C_24588,0.0,0.0,3.0479999622912143e-05,0,0,2005-07-26T00:15:00,ENGINE_EXECUTABLE_HYDRAULICALLY_UNVALIDATED
C_24589,0.0,0.0,3.0479999622912143e-05,0,0,2005-07-26T00:15:00,ENGINE_EXECUTABLE_HYDRAULICALLY_UNVALIDATED
C_24590,0.0,0.0,3.0479999622912143e-05,0,0,2005-07-26T00:15:00,ENGINE_EXECUTABLE_HYDRAULICALLY_UNVALIDATED
C_24603,0.0,0.0,3.0479999622912143e-05,0,0,2005-07-26T00:15:00,ENGINE_EXECUTABLE_HYDRAULICALLY_UNVALIDATED
C_24604,0.0,0.0,3.0479999622912143e-05,0,0,2005-07-26T00:15:00,ENGINE_EXECUTABLE_HYDRAULICALLY_UNVALIDATED
C_24605,0.0,0.0,3.0479999622912143e-05,0,0,2005-07-26T00:15:00,ENGINE_EXECUTABLE_HYDRAULICALLY_UNVALIDATED
C_24606,0.0,0.0,3.0479999622912143e-05,0,0,2005-07-26T00:15:00,ENGINE_EXECUTABLE_HYDRAULICALLY_UNVALIDATED
C_24607,0.0,0.0,3.0479999622912143e-05,0,0,2005-07-26T00:15:00,ENGINE_EXECUTABLE_HYDRAULICALLY_UNVALIDATED
C_24608,0.0,0.0,3.0479999622912143e-05,0,0,2005-07-26T00:15:00,ENGINE_EXECUTABLE_HYDRAULICALLY_UNVALIDATED
C_24609,0.0,0.0,3.0479999622912143e-05,0,0,2005-07-26T00:15:00,ENGINE_EXECUTABLE_HYDRAULICALLY_UNVALIDATED
C_24610,0.0,0.0,3.0479999622912143e-05,0,0,2005-07-26T00:15:00,ENGINE_EXECUTABLE_HYDRAULICALLY_UNVALIDATED
C_24611,0.0,0.0,3.0479999622912143e-05,0,0,2005-07-26T00:15:00,ENGINE_EXECUTABLE_HYDRAULICALLY_UNVALIDATED
C_24612,0.0,0.0,3.0479999622912143e-05,0,0,2005-07-26T00:15:00,ENGINE_EXECUTABLE_HYDRAULICALLY_UNVALIDATED
C_24613,0.0,0.0,3.0479999622912143e-05,0,0,2005-07-26T00:15:00,ENGINE_EXECUTABLE_HYDRAULICALLY_UNVALIDATED
C_24614,0.0,0.0,3.0479999622912143e-05,0,0,2005-07-26T00:15:00,ENGINE_EXECUTABLE_HYDRAULICALLY_UNVALIDATED
C_24615,0.0,0.0,3.0479999622912143e-05,0,0,2005-07-26T00:15:00,ENGINE_EXECUTABLE_HYDRAULICALLY_UNVALIDATED
C_24635,0.0,0.0,3.0479999622912143e-05,0,0,2005-07-26T00:15:00,ENGINE_EXECUTABLE_HYDRAULICALLY_UNVALIDATED
C_24636,0.0,0.0,3.0479999622912143e-05,0,0,2005-07-26T00:15:00,ENGINE_EXECUTABLE_HYDRAULICALLY_UNVALIDATED
C_24637,0.0,0.0,3.0479999622912143e-05,0,0,2005-07-26T00:15:00,ENGINE_EXECUTABLE_HYDRAULICALLY_UNVALIDATED
C_24638,0.0,0.0,3.0479999622912143e-05,0,0,2005-07-26T00:15:00,ENGINE_EXECUTABLE_HYDRAULICALLY_UNVALIDATED
C_24639,0.0,0.0,3.0479999622912143e-05,0,0,2005-07-26T00:15:00,ENGINE_EXECUTABLE_HYDRAULICALLY_UNVALIDATED
C_24640,0.0,0.0,3.0479999622912143e-05,0,0,2005-07-26T00:15:00,ENGINE_EXECUTABLE_HYDRAULICALLY_UNVALIDATED
C_24641,0.0,0.0,3.0479999622912143e-05,0,0,2005-07-26T00:15:00,ENGINE_EXECUTABLE_HYDRAULICALLY_UNVALIDATED
C_24642,0.0,0.0,3.0479999622912143e-05,0,0,2005-07-26T00:15:00,ENGINE_EXECUTABLE_HYDRAULICALLY_UNVALIDATED
C_24643,0.0,0.0,3.0479999622912143e-05,0,0,2005-07-26T00:15:00,ENGINE_EXECUTABLE_HYDRAULICALLY_UNVALIDATED
C_24644,0.0,0.0,3.0479999622912143e-05,0,0,2005-07-26T00:15:00,ENGINE_EXECUTABLE_HYDRAULICALLY_UNVALIDATED
C_24645,0.0,0.0,3.0479999622912143e-05,0,0,2005-07-26T00:15:00,ENGINE_EXECUTABLE_HYDRAULICALLY_UNVALIDATED
C_24648,0.0,0.0,3.0479999622912143e-05,0,0,2005-07-26T00:15:00,ENGINE_EXECUTABLE_HYDRAULICALLY_UNVALIDATED
C_24649,0.0,0.0,3.0479999622912143e-05,0,0,2005-07-26T00:15:00,ENGINE_EXECUTABLE_HYDRAULICALLY_UNVALIDATED
C_24650,0.0,0.0,3.0479999622912143e-05,0,0,2005-07-26T00:15:00,ENGINE_EXECUTABLE_HYDRAULICALLY_UNVALIDATED
C_24651,0.0,0.0,3.0479999622912143e-05,0,0,2005-07-26T00:15:00,ENGINE_EXECUTABLE_HYDRAULICALLY_UNVALIDATED
C_24652,0.0,0.0,3.0479999622912143e-05,0,0,2005-07-26T00:15:00,ENGINE_EXECUTABLE_HYDRAULICALLY_UNVALIDATED
C_24653,0.0,0.0,3.0479999622912143e-05,0,0,2005-07-26T00:15:00,ENGINE_EXECUTABLE_HYDRAULICALLY_UNVALIDATED
C_24654,0.0,0.0,3.0479999622912143e-05,0,0,2005-07-26T00:15:00,ENGINE_EXECUTABLE_HYDRAULICALLY_UNVALIDATED
C_24655,0.0,0.0,3.0479999622912143e-05,0,0,2005-07-26T00:15:00,ENGINE_EXECUTABLE_HYDRAULICALLY_UNVALIDATED
C_24656,0.0,0.0,3.0479999622912143e-05,0,0,2005-07-26T00:15:00,ENGINE_EXECUTABLE_HYDRAULICALLY_UNVALIDATED
C_24676,0.0,0.0,3.0479999622912143e-05,0,0,2005-07-26T00:15:00,ENGINE_EXECUTABLE_HYDRAULICALLY_UNVALIDATED
C_24677,0.0,0.0,3.0479999622912143e-05,0,0,2005-07-26T00:15:00,ENGINE_EXECUTABLE_HYDRAULICALLY_UNVALIDATED
C_24680,0.0,0.0,3.0479999622912143e-05,0,0,2005-07-26T00:15:00,ENGINE_EXECUTABLE_HYDRAULICALLY_UNVALIDATED
C_24681,0.0,0.0,3.0479999622912143e-05,0,0,2005-07-26T00:15:00,ENGINE_EXECUTABLE_HYDRAULICALLY_UNVALIDATED
C_24682,0.0,0.0,3.0479999622912143e-05,0,0,2005-07-26T00:15:00,ENGINE_EXECUTABLE_HYDRAULICALLY_UNVALIDATED
C_24683,0.0,0.0,3.0479999622912143e-05,0,0,2005-07-26T00:15:00,ENGINE_EXECUTABLE_HYDRAULICALLY_UNVALIDATED
C_24684,0.0,0.0,3.0479999622912143e-05,0,0,2005-07-26T00:15:00,ENGINE_EXECUTABLE_HYDRAULICALLY_UNVALIDATED
C_24685,0.0,0.0,3.0479999622912143e-05,0,0,2005-07-26T00:15:00,ENGINE_EXECUTABLE_HYDRAULICALLY_UNVALIDATED
C_24686,0.0,0.0,3.0479999622912143e-05,0,0,2005-07-26T00:15:00,ENGINE_EXECUTABLE_HYDRAULICALLY_UNVALIDATED
C_24687,0.0,0.0,3.0479999622912143e-05,0,0,2005-07-26T00:15:00,ENGINE_EXECUTABLE_HYDRAULICALLY_UNVALIDATED
C_24688,0.0,0.0,3.0479999622912143e-05,0,0,2005-07-26T00:15:00,ENGINE_EXECUTABLE_HYDRAULICALLY_UNVALIDATED
C_24689,0.0,0.0,3.0479999622912143e-05,0,0,2005-07-26T00:15:00,ENGINE_EXECUTABLE_HYDRAULICALLY_UNVALIDATED
C_24691,0.0,0.0,3.0479999622912143e-05,0,0,2005-07-26T00:15:00,ENGINE_EXECUTABLE_HYDRAULICALLY_UNVALIDATED
C_24692,0.0,0.0,3.0479999622912143e-05,0,0,2005-07-26T00:15:00,ENGINE_EXECUTABLE_HYDRAULICALLY_UNVALIDATED
C_24693,0.0,0.0,3.0479999622912143e-05,0,0,2005-07-26T00:15:00,ENGINE_EXECUTABLE_HYDRAULICALLY_UNVALIDATED
C_24694,0.0,0.0,0.0080721322447061,0,0,2005-07-26T00:15:00,ENGINE_EXECUTABLE_HYDRAULICALLY_UNVALIDATED
C_24695,0.0,0.0,3.0479999622912143e-05,0,0,2005-07-26T00:15:00,ENGINE_EXECUTABLE_HYDRAULICALLY_UNVALIDATED
C_24696,0.0,0.0,3.0479999622912143e-05,0,0,2005-07-26T00:15:00,ENGINE_EXECUTABLE_HYDRAULICALLY_UNVALIDATED
C_24697,0.0,0.0,3.0479999622912143e-05,0,0,2005-07-26T00:15:00,ENGINE_EXECUTABLE_HYDRAULICALLY_UNVALIDATED
C_24723,0.0,0.0,3.0479999622912143e-05,0,0,2005-07-26T00:15:00,ENGINE_EXECUTABLE_HYDRAULICALLY_UNVALIDATED
C_24724,0.0,0.0,3.0479999622912143e-05,0,0,2005-07-26T00:15:00,ENGINE_EXECUTABLE_HYDRAULICALLY_UNVALIDATED
C_24725,0.0,0.0,3.0479999622912143e-05,0,0,2005-07-26T00:15:00,ENGINE_EXECUTABLE_HYDRAULICALLY_UNVALIDATED
C_24726,4.272538353689015e-05,0.0158602334558963,0.0196093432605266,0,0,2005-07-26T10:15:00,ENGINE_EXECUTABLE_HYDRAULICALLY_UNVALIDATED
C_24727,0.0,0.0,3.0479999622912143e-05,0,0,2005-07-26T00:15:00,ENGINE_EXECUTABLE_HYDRAULICALLY_UNVALIDATED
C_24728,0.0002053501521004,0.0148985004052519,0.0499055311083793,0,0,2005-07-26T10:15:00,ENGINE_EXECUTABLE_HYDRAULICALLY_UNVALIDATED
C_24729,0.0,0.0,3.0479999622912143e-05,0,0,2005-07-26T00:15:00,ENGINE_EXECUTABLE_HYDRAULICALLY_UNVALIDATED
C_24730,0.0,0.0,0.0163932554423809,0,0,2005-07-26T00:15:00,ENGINE_EXECUTABLE_HYDRAULICALLY_UNVALIDATED
C_24731,0.0,0.0,3.0479999622912143e-05,0,0,2005-07-26T00:15:00,ENGINE_EXECUTABLE_HYDRAULICALLY_UNVALIDATED
C_24733,0.0,0.0,0.0041373837739229,0,0,2005-07-26T00:15:00,ENGINE_EXECUTABLE_HYDRAULICALLY_UNVALIDATED
C_24734,0.0005312586436048,0.0062730009667575,0.0282267592847347,0,0,2005-07-26T10:30:00,ENGINE_EXECUTABLE_HYDRAULICALLY_UNVALIDATED
C_24735,0.0,0.0,0.0422628559172153,0,0,2005-07-26T00:15:00,ENGINE_EXECUTABLE_HYDRAULICALLY_UNVALIDATED
C_24736,0.0049850898794829,0.0514701344072818,0.0601937696337699,0,0,2005-07-27T01:15:00,ENGINE_EXECUTABLE_HYDRAULICALLY_UNVALIDATED
C_24737,0.0,0.0,3.0479999622912143e-05,0,0,2005-07-26T00:15:00,ENGINE_EXECUTABLE_HYDRAULICALLY_UNVALIDATED
C_24738,0.0,0.0,3.0479999622912143e-05,0,0,2005-07-26T00:15:00,ENGINE_EXECUTABLE_HYDRAULICALLY_UNVALIDATED
C_24739,0.0,0.0,3.0479999622912143e-05,0,0,2005-07-26T00:15:00,ENGINE_EXECUTABLE_HYDRAULICALLY_UNVALIDATED
C_24740,0.0019383389735594,0.1325961798429489,0.0959812775254249,0,0,2005-07-26T09:15:00,ENGINE_EXECUTABLE_HYDRAULICALLY_UNVALIDATED
C_24741,0.0019713959190994,0.0190835501998662,0.1344487220048904,0,0,2005-07-26T09:15:00,ENGINE_EXECUTABLE_HYDRAULICALLY_UNVALIDATED
C_24742,0.0002308920084033,0.03300117328763,0.047088086605072,0,0,2005-07-26T09:30:00,ENGINE_EXECUTABLE_HYDRAULICALLY_UNVALIDATED
C_24743,0.0136064952239394,0.140745148062706,0.0826877504587173,0,0,2005-07-26T09:15:00,ENGINE_EXECUTABLE_HYDRAULICALLY_UNVALIDATED
C_24744,0.0061141187325119,0.0204458255320787,0.2592932283878326,0,0,2005-07-26T09:15:00,ENGINE_EXECUTABLE_HYDRAULICALLY_UNVALIDATED
C_24745,0.0259525626897811,0.1161190271377563,0.1131805703043937,0,0,2005-07-26T09:15:00,ENGINE_EXECUTABLE_HYDRAULICALLY_UNVALIDATED
C_24746,0.0125177353620529,0.0314301997423172,0.3591544032096863,0,0,2005-07-26T09:15:00,ENGINE_EXECUTABLE_HYDRAULICALLY_UNVALIDATED
C_24747,0.0037812481168657,0.1015122458338737,0.1242101714015007,0,0,2005-07-26T09:15:00,ENGINE_EXECUTABLE_HYDRAULICALLY_UNVALIDATED
C_24748,0.000633850111626,0.0990014299750328,0.0682920515537262,0,0,2005-07-27T01:15:00,ENGINE_EXECUTABLE_HYDRAULICALLY_UNVALIDATED
C_24749,0.8909518718719482,1.356865406036377,0.3282760083675384,0,0,2005-07-26T10:45:00,ENGINE_EXECUTABLE_HYDRAULICALLY_UNVALIDATED
C_24766,0.0,0.0,3.0479999622912143e-05,0,0,2005-07-26T00:15:00,ENGINE_EXECUTABLE_HYDRAULICALLY_UNVALIDATED
C_24767,0.0,0.0,3.0479999622912143e-05,0,0,2005-07-26T00:15:00,ENGINE_EXECUTABLE_HYDRAULICALLY_UNVALIDATED
C_24768,0.8908772468566895,0.9995657801628112,0.2970550060272217,0,0,2005-07-26T10:45:00,ENGINE_EXECUTABLE_HYDRAULICALLY_UNVALIDATED
C_24769,0.8909863829612732,0.9899654984474182,0.2999724745750427,0,0,2005-07-26T10:45:00,ENGINE_EXECUTABLE_HYDRAULICALLY_UNVALIDATED
C_24770,0.0,0.0,3.0479999622912143e-05,0,0,2005-07-26T00:15:00,ENGINE_EXECUTABLE_HYDRAULICALLY_UNVALIDATED
C_24771,0.8906302452087402,0.8134396076202393,0.1368488371372223,0,0,2005-07-26T10:45:00,ENGINE_EXECUTABLE_HYDRAULICALLY_UNVALIDATED
C_24772,0.0,0.0,3.0479999622912143e-05,0,0,2005-07-26T00:15:00,ENGINE_EXECUTABLE_HYDRAULICALLY_UNVALIDATED
C_24773,0.0,0.0,3.0479999622912143e-05,0,0,2005-07-26T00:15:00,ENGINE_EXECUTABLE_HYDRAULICALLY_UNVALIDATED
C_24774,0.8911648392677307,0.9017992615699768,0.3294768929481506,0,0,2005-07-26T10:30:00,ENGINE_EXECUTABLE_HYDRAULICALLY_UNVALIDATED
C_24775,0.8908849954605103,1.052973985671997,0.2819904386997223,0,0,2005-07-26T10:45:00,ENGINE_EXECUTABLE_HYDRAULICALLY_UNVALIDATED
C_24776,0.8908631801605225,1.0217264890670776,0.2906074523925781,0,0,2005-07-26T10:45:00,ENGINE_EXECUTABLE_HYDRAULICALLY_UNVALIDATED
C_24777,0.8908602595329285,1.0128096342086792,0.2931650280952453,0,0,2005-07-26T10:45:00,ENGINE_EXECUTABLE_HYDRAULICALLY_UNVALIDATED
C_24791,0.8911358714103699,0.9851173758506776,0.3014993369579315,0,0,2005-07-26T10:45:00,ENGINE_EXECUTABLE_HYDRAULICALLY_UNVALIDATED
C_24792,0.8912298083305359,1.9714481830596924,0.5431344509124756,0,0,2005-07-26T10:45:00,ENGINE_EXECUTABLE_HYDRAULICALLY_UNVALIDATED
C_24793,0.8908931612968445,1.797718524932861,0.5846916437149048,0,0,2005-07-26T10:30:00,ENGINE_EXECUTABLE_HYDRAULICALLY_UNVALIDATED
C_24794,0.0160075407475233,0.0599841140210628,0.5367519855499268,0,0,2005-07-26T09:15:00,ENGINE_EXECUTABLE_HYDRAULICALLY_UNVALIDATED
C_24795,0.8909172415733337,4.38193416595459,0.4997999966144562,675,0,2005-07-26T10:45:00,ENGINE_EXECUTABLE_HYDRAULICALLY_UNVALIDATED
C_24796,0.0169440638273954,0.1521212756633758,0.6065958142280579,0,0,2005-07-26T21:15:00,ENGINE_EXECUTABLE_HYDRAULICALLY_UNVALIDATED
C_24797,0.0132277952507138,0.0587452873587608,0.4852532744407654,0,0,2005-07-26T09:15:00,ENGINE_EXECUTABLE_HYDRAULICALLY_UNVALIDATED
C_24798,0.0140151809900999,0.1528390198945999,0.5806295275688171,0,0,2005-07-26T21:15:00,ENGINE_EXECUTABLE_HYDRAULICALLY_UNVALIDATED
C_24799,0.890931248664856,4.3607940673828125,0.5099999904632568,765,765,2005-07-26T10:30:00,ENGINE_EXECUTABLE_HYDRAULICALLY_UNVALIDATED
C_24800,0.8909258246421814,4.360767841339111,0.5099999904632568,795,780,2005-07-26T10:30:00,ENGINE_EXECUTABLE_HYDRAULICALLY_UNVALIDATED
C_24801,0.8909372091293335,4.360823631286621,0.5099999904632568,825,795,2005-07-26T10:45:00,ENGINE_EXECUTABLE_HYDRAULICALLY_UNVALIDATED
C_24802,0.5870223045349121,3.690551996231079,0.449999988079071,825,825,2005-07-26T15:45:00,ENGINE_EXECUTABLE_HYDRAULICALLY_UNVALIDATED
C_24812,0.010621078312397,0.0464340969920158,0.4016333520412445,0,0,2005-07-26T09:15:00,ENGINE_EXECUTABLE_HYDRAULICALLY_UNVALIDATED
C_24813,0.0099135423079133,0.0695925205945968,0.3051732778549194,0,0,2005-07-26T09:15:00,ENGINE_EXECUTABLE_HYDRAULICALLY_UNVALIDATED
C_24814,0.0063812476582825,0.1486227363348007,0.504654049873352,0,0,2005-07-27T01:00:00,ENGINE_EXECUTABLE_HYDRAULICALLY_UNVALIDATED
C_24815,0.0036580613814294,0.0454211086034774,0.2276995033025741,0,0,2005-07-26T09:15:00,ENGINE_EXECUTABLE_HYDRAULICALLY_UNVALIDATED
C_24816,0.0059125302359461,0.132696658372879,0.4641378819942474,0,0,2005-07-26T09:15:00,ENGINE_EXECUTABLE_HYDRAULICALLY_UNVALIDATED
C_24817,0.0102411871775984,0.1527430862188339,0.545143187046051,0,0,2005-07-26T21:15:00,ENGINE_EXECUTABLE_HYDRAULICALLY_UNVALIDATED
C_24828,0.0051939799450337,0.1492863595485687,0.1599350869655609,0,0,2005-07-26T09:15:00,ENGINE_EXECUTABLE_HYDRAULICALLY_UNVALIDATED
C_24829,0.0083496216684579,0.0896857976913452,0.4319231212139129,0,0,2005-07-26T09:15:00,ENGINE_EXECUTABLE_HYDRAULICALLY_UNVALIDATED
C_24830,0.0003597236936911,0.0146641982719302,0.093022882938385,0,0,2005-07-26T10:30:00,ENGINE_EXECUTABLE_HYDRAULICALLY_UNVALIDATED
C_24832,0.0222826674580574,0.1045238450169563,0.4101907014846802,0,0,2005-07-26T09:15:00,ENGINE_EXECUTABLE_HYDRAULICALLY_UNVALIDATED
C_24844,3.0476620197296143,1.2634007930755615,1.2059999704360962,450,435,2005-07-26T10:45:00,ENGINE_EXECUTABLE_HYDRAULICALLY_UNVALIDATED
C_24845,3.04665470123291,1.1752760410308838,1.2960000038146973,405,405,2005-07-26T10:45:00,ENGINE_EXECUTABLE_HYDRAULICALLY_UNVALIDATED
C_24846,1.476176142692566,0.62916100025177,1.1729999780654907,465,465,2005-07-26T10:30:00,ENGINE_EXECUTABLE_HYDRAULICALLY_UNVALIDATED
C_24852,1.476318597793579,0.5512151718139648,1.3389999866485596,435,435,2005-07-26T11:00:00,ENGINE_EXECUTABLE_HYDRAULICALLY_UNVALIDATED
C_24853,1.4762794971466064,0.6119880676269531,1.2059999704360962,465,465,2005-07-26T11:15:00,ENGINE_EXECUTABLE_HYDRAULICALLY_UNVALIDATED
C_24854,6.408308506011963,2.752403497695923,1.1640000343322754,510,495,2005-07-26T10:45:00,ENGINE_EXECUTABLE_HYDRAULICALLY_UNVALIDATED
C_24855,1.4762157201766968,0.4871456325054168,1.5149999856948853,390,390,2005-07-26T13:30:00,ENGINE_EXECUTABLE_HYDRAULICALLY_UNVALIDATED
C_24856,0.890636146068573,0.750937283039093,0.1482698768377304,0,0,2005-07-26T10:45:00,ENGINE_EXECUTABLE_HYDRAULICALLY_UNVALIDATED
C_24857,0.8906680345535278,0.6213358640670776,0.1792068481445312,0,0,2005-07-26T10:45:00,ENGINE_EXECUTABLE_HYDRAULICALLY_UNVALIDATED
C_24858,0.8907550573348999,0.5407140254974365,0.2058980911970138,0,0,2005-07-26T10:45:00,ENGINE_EXECUTABLE_HYDRAULICALLY_UNVALIDATED
C_24859,0.8909593224525452,0.5415468215942383,0.2056285887956619,0,0,2005-07-26T10:45:00,ENGINE_EXECUTABLE_HYDRAULICALLY_UNVALIDATED
C_24860,0.8910227417945862,0.7185769081115723,0.1549805402755737,0,0,2005-07-26T10:45:00,ENGINE_EXECUTABLE_HYDRAULICALLY_UNVALIDATED
C_24862,0.0,0.0,3.0479999622912143e-05,0,0,2005-07-26T00:15:00,ENGINE_EXECUTABLE_HYDRAULICALLY_UNVALIDATED
C_24863,0.0,0.0,3.0479999622912143e-05,0,0,2005-07-26T00:15:00,ENGINE_EXECUTABLE_HYDRAULICALLY_UNVALIDATED
C_24864,0.0,0.0,3.0479999622912143e-05,0,0,2005-07-26T00:15:00,ENGINE_EXECUTABLE_HYDRAULICALLY_UNVALIDATED
C_24865,0.0,0.0,3.0479999622912143e-05,0,0,2005-07-26T00:15:00,ENGINE_EXECUTABLE_HYDRAULICALLY_UNVALIDATED
C_24866,0.0,0.0,3.0479999622912143e-05,0,0,2005-07-26T00:15:00,ENGINE_EXECUTABLE_HYDRAULICALLY_UNVALIDATED
C_24867,0.0019335858523845,0.0050393478013575,0.2520023882389068,0,0,2005-07-26T10:30:00,ENGINE_EXECUTABLE_HYDRAULICALLY_UNVALIDATED
C_24868,0.5870223045349121,3.690552234649658,0.449999988079071,885,885,2005-07-26T15:45:00,ENGINE_EXECUTABLE_HYDRAULICALLY_UNVALIDATED
C_24871,0.0,0.0,3.0479999622912143e-05,0,0,2005-07-26T00:15:00,ENGINE_EXECUTABLE_HYDRAULICALLY_UNVALIDATED
C_24872,0.0,0.0,3.0479999622912143e-05,0,0,2005-07-26T00:15:00,ENGINE_EXECUTABLE_HYDRAULICALLY_UNVALIDATED
C_24873,0.0069178277626633,0.0158342234790325,0.4669958353042602,0,0,2005-07-26T10:15:00,ENGINE_EXECUTABLE_HYDRAULICALLY_UNVALIDATED
C_24874,0.0150213101878762,0.0352882295846939,0.722484290599823,0,0,2005-07-26T10:15:00,ENGINE_EXECUTABLE_HYDRAULICALLY_UNVALIDATED
C_24877,0.022172275930643,0.036421999335289,0.9344757795333862,0,0,2005-07-26T10:15:00,ENGINE_EXECUTABLE_HYDRAULICALLY_UNVALIDATED
C_24878,4.50820779800415,2.483078718185425,0.907684862613678,0,0,2005-07-26T10:45:00,ENGINE_EXECUTABLE_HYDRAULICALLY_UNVALIDATED
C_24894,0.0,0.0,3.0479999622912143e-05,0,0,2005-07-26T00:15:00,ENGINE_EXECUTABLE_HYDRAULICALLY_UNVALIDATED
C_24895,0.0,0.0,3.0479999622912143e-05,0,0,2005-07-26T00:15:00,ENGINE_EXECUTABLE_HYDRAULICALLY_UNVALIDATED
C_24896,0.0,0.0,3.0479999622912143e-05,0,0,2005-07-26T00:15:00,ENGINE_EXECUTABLE_HYDRAULICALLY_UNVALIDATED
C_24897,0.0,0.0,3.0479999622912143e-05,0,0,2005-07-26T00:15:00,ENGINE_EXECUTABLE_HYDRAULICALLY_UNVALIDATED
C_24927,0.0,0.0,3.0479999622912143e-05,0,0,2005-07-26T00:15:00,ENGINE_EXECUTABLE_HYDRAULICALLY_UNVALIDATED
C_24942,0.0,0.0,3.0479999622912143e-05,0,0,2005-07-26T00:15:00,ENGINE_EXECUTABLE_HYDRAULICALLY_UNVALIDATED
C_24943,0.0,0.0,3.0479999622912143e-05,0,0,2005-07-26T00:15:00,ENGINE_EXECUTABLE_HYDRAULICALLY_UNVALIDATED
C_24944,0.0,0.0,3.0479999622912143e-05,0,0,2005-07-26T00:15:00,ENGINE_EXECUTABLE_HYDRAULICALLY_UNVALIDATED
C_24945,0.0,0.0,3.0479999622912143e-05,0,0,2005-07-26T00:15:00,ENGINE_EXECUTABLE_HYDRAULICALLY_UNVALIDATED
C_24946,0.0,0.0,3.0479999622912143e-05,0,0,2005-07-26T00:15:00,ENGINE_EXECUTABLE_HYDRAULICALLY_UNVALIDATED
C_24947,0.0,0.0,3.0479999622912143e-05,0,0,2005-07-26T00:15:00,ENGINE_EXECUTABLE_HYDRAULICALLY_UNVALIDATED
C_24948,0.0,0.0,3.0479999622912143e-05,0,0,2005-07-26T00:15:00,ENGINE_EXECUTABLE_HYDRAULICALLY_UNVALIDATED
C_24949,0.0,0.0,3.0479999622912143e-05,0,0,2005-07-26T00:15:00,ENGINE_EXECUTABLE_HYDRAULICALLY_UNVALIDATED
C_24950,0.0,0.0,3.0479999622912143e-05,0,0,2005-07-26T00:15:00,ENGINE_EXECUTABLE_HYDRAULICALLY_UNVALIDATED
C_24951,0.0,0.0,3.0479999622912143e-05,0,0,2005-07-26T00:15:00,ENGINE_EXECUTABLE_HYDRAULICALLY_UNVALIDATED
C_24952,0.0,0.0,3.0479999622912143e-05,0,0,2005-07-26T00:15:00,ENGINE_EXECUTABLE_HYDRAULICALLY_UNVALIDATED
C_24953,0.0,0.0,3.0479999622912143e-05,0,0,2005-07-26T00:15:00,ENGINE_EXECUTABLE_HYDRAULICALLY_UNVALIDATED
C_24954,0.0,0.0,3.0479999622912143e-05,0,0,2005-07-26T00:15:00,ENGINE_EXECUTABLE_HYDRAULICALLY_UNVALIDATED
C_24955,0.0,0.0,3.0479999622912143e-05,0,0,2005-07-26T00:15:00,ENGINE_EXECUTABLE_HYDRAULICALLY_UNVALIDATED
C_24956,0.0,0.0,3.0479999622912143e-05,0,0,2005-07-26T00:15:00,ENGINE_EXECUTABLE_HYDRAULICALLY_UNVALIDATED
C_24957,0.0,0.0,3.0479999622912143e-05,0,0,2005-07-26T00:15:00,ENGINE_EXECUTABLE_HYDRAULICALLY_UNVALIDATED
C_24958,0.0,0.0,3.0479999622912143e-05,0,0,2005-07-26T00:15:00,ENGINE_EXECUTABLE_HYDRAULICALLY_UNVALIDATED
C_24959,0.0,0.0,3.0479999622912143e-05,0,0,2005-07-26T00:15:00,ENGINE_EXECUTABLE_HYDRAULICALLY_UNVALIDATED
C_24960,0.0,0.0,3.0479999622912143e-05,0,0,2005-07-26T00:15:00,ENGINE_EXECUTABLE_HYDRAULICALLY_UNVALIDATED
C_24961,0.0,0.0,3.0479999622912143e-05,0,0,2005-07-26T00:15:00,ENGINE_EXECUTABLE_HYDRAULICALLY_UNVALIDATED
C_24962,0.0,0.0,3.0479999622912143e-05,0,0,2005-07-26T00:15:00,ENGINE_EXECUTABLE_HYDRAULICALLY_UNVALIDATED
C_24963,0.0,0.0,3.0479999622912143e-05,0,0,2005-07-26T00:15:00,ENGINE_EXECUTABLE_HYDRAULICALLY_UNVALIDATED
C_24964,0.0,0.0,3.0479999622912143e-05,0,0,2005-07-26T00:15:00,ENGINE_EXECUTABLE_HYDRAULICALLY_UNVALIDATED
C_24965,0.0,0.0,3.0479999622912143e-05,0,0,2005-07-26T00:15:00,ENGINE_EXECUTABLE_HYDRAULICALLY_UNVALIDATED
C_24966,0.0,0.0,3.0479999622912143e-05,0,0,2005-07-26T00:15:00,ENGINE_EXECUTABLE_HYDRAULICALLY_UNVALIDATED
C_24967,0.0,0.0,3.0479999622912143e-05,0,0,2005-07-26T00:15:00,ENGINE_EXECUTABLE_HYDRAULICALLY_UNVALIDATED
C_24968,0.0,0.0,3.0479999622912143e-05,0,0,2005-07-26T00:15:00,ENGINE_EXECUTABLE_HYDRAULICALLY_UNVALIDATED
C_24969,0.0,0.0,3.0479999622912143e-05,0,0,2005-07-26T00:15:00,ENGINE_EXECUTABLE_HYDRAULICALLY_UNVALIDATED
C_24970,0.0,0.0,3.0479999622912143e-05,0,0,2005-07-26T00:15:00,ENGINE_EXECUTABLE_HYDRAULICALLY_UNVALIDATED
C_24971,0.0,0.0,3.0479999622912143e-05,0,0,2005-07-26T00:15:00,ENGINE_EXECUTABLE_HYDRAULICALLY_UNVALIDATED
C_24972,0.0,0.0,3.0479999622912143e-05,0,0,2005-07-26T00:15:00,ENGINE_EXECUTABLE_HYDRAULICALLY_UNVALIDATED
C_24973,0.0,0.0,3.0479999622912143e-05,0,0,2005-07-26T00:15:00,ENGINE_EXECUTABLE_HYDRAULICALLY_UNVALIDATED
C_24974,0.0,0.0,3.0479999622912143e-05,0,0,2005-07-26T00:15:00,ENGINE_EXECUTABLE_HYDRAULICALLY_UNVALIDATED
C_24975,0.0,0.0,3.0479999622912143e-05,0,0,2005-07-26T00:15:00,ENGINE_EXECUTABLE_HYDRAULICALLY_UNVALIDATED
C_24976,0.0,0.0,3.0479999622912143e-05,0,0,2005-07-26T00:15:00,ENGINE_EXECUTABLE_HYDRAULICALLY_UNVALIDATED
C_24977,0.0,0.0,3.0479999622912143e-05,0,0,2005-07-26T00:15:00,ENGINE_EXECUTABLE_HYDRAULICALLY_UNVALIDATED
C_24978,0.0,0.0,3.0479999622912143e-05,0,0,2005-07-26T00:15:00,ENGINE_EXECUTABLE_HYDRAULICALLY_UNVALIDATED
C_24979,0.0,0.0,0.0045574917457997,0,0,2005-07-26T00:15:00,ENGINE_EXECUTABLE_HYDRAULICALLY_UNVALIDATED
C_24980,0.0001420439220964,0.0009955940768122,0.0554469041526317,0,0,2005-07-26T11:00:00,ENGINE_EXECUTABLE_HYDRAULICALLY_UNVALIDATED
C_24981,0.002070456976071,0.0041031041182577,0.129777729511261,0,0,2005-07-26T10:15:00,ENGINE_EXECUTABLE_HYDRAULICALLY_UNVALIDATED
C_24982,0.0,0.0,3.0479999622912143e-05,0,0,2005-07-26T00:15:00,ENGINE_EXECUTABLE_HYDRAULICALLY_UNVALIDATED
C_24983,0.0,0.0,3.0479999622912143e-05,0,0,2005-07-26T00:15:00,ENGINE_EXECUTABLE_HYDRAULICALLY_UNVALIDATED
C_24984,0.0,0.0,3.0479999622912143e-05,0,0,2005-07-26T00:15:00,ENGINE_EXECUTABLE_HYDRAULICALLY_UNVALIDATED
C_24985,0.0,0.0,3.0479999622912143e-05,0,0,2005-07-26T00:15:00,ENGINE_EXECUTABLE_HYDRAULICALLY_UNVALIDATED
C_24986,0.0,0.0,3.0479999622912143e-05,0,0,2005-07-26T00:15:00,ENGINE_EXECUTABLE_HYDRAULICALLY_UNVALIDATED
C_24987,0.0,0.0,3.0479999622912143e-05,0,0,2005-07-26T00:15:00,ENGINE_EXECUTABLE_HYDRAULICALLY_UNVALIDATED
C_24988,0.0,0.0,3.0479999622912143e-05,0,0,2005-07-26T00:15:00,ENGINE_EXECUTABLE_HYDRAULICALLY_UNVALIDATED
C_24989,0.0,0.0,3.0479999622912143e-05,0,0,2005-07-26T00:15:00,ENGINE_EXECUTABLE_HYDRAULICALLY_UNVALIDATED
C_24990,0.0052246754057705,0.0188253335654735,0.1763556748628616,0,0,2005-07-26T10:00:00,ENGINE_EXECUTABLE_HYDRAULICALLY_UNVALIDATED
C_24991,0.0134232025593519,0.0192809738218784,0.2244900166988372,0,0,2005-07-26T10:00:00,ENGINE_EXECUTABLE_HYDRAULICALLY_UNVALIDATED
C_24992,0.0316676385700702,0.0409939363598823,0.2914616763591766,0,0,2005-07-26T09:45:00,ENGINE_EXECUTABLE_HYDRAULICALLY_UNVALIDATED
C_24993,0.0,0.0,3.0479999622912143e-05,0,0,2005-07-26T00:15:00,ENGINE_EXECUTABLE_HYDRAULICALLY_UNVALIDATED
C_24994,0.0,0.0,3.0479999622912143e-05,0,0,2005-07-26T00:15:00,ENGINE_EXECUTABLE_HYDRAULICALLY_UNVALIDATED
C_24995,0.0,0.0,3.0479999622912143e-05,0,0,2005-07-26T00:15:00,ENGINE_EXECUTABLE_HYDRAULICALLY_UNVALIDATED
C_24996,0.0,0.0,3.0479999622912143e-05,0,0,2005-07-26T00:15:00,ENGINE_EXECUTABLE_HYDRAULICALLY_UNVALIDATED
C_24997,0.0,0.0,3.0479999622912143e-05,0,0,2005-07-26T00:15:00,ENGINE_EXECUTABLE_HYDRAULICALLY_UNVALIDATED
C_24998,0.0,0.0,3.0479999622912143e-05,0,0,2005-07-26T00:15:00,ENGINE_EXECUTABLE_HYDRAULICALLY_UNVALIDATED
C_24999,0.0,0.0,3.0479999622912143e-05,0,0,2005-07-26T00:15:00,ENGINE_EXECUTABLE_HYDRAULICALLY_UNVALIDATED
C_25000,0.0,0.0,3.0479999622912143e-05,0,0,2005-07-26T00:15:00,ENGINE_EXECUTABLE_HYDRAULICALLY_UNVALIDATED
C_25001,0.0,0.0,3.0479999622912143e-05,0,0,2005-07-26T00:15:00,ENGINE_EXECUTABLE_HYDRAULICALLY_UNVALIDATED
C_25002,0.0,0.0,3.0479999622912143e-05,0,0,2005-07-26T00:15:00,ENGINE_EXECUTABLE_HYDRAULICALLY_UNVALIDATED
C_25003,0.0,0.0,3.0479999622912143e-05,0,0,2005-07-26T00:15:00,ENGINE_EXECUTABLE_HYDRAULICALLY_UNVALIDATED
C_25004,0.0,0.0,3.0479999622912143e-05,0,0,2005-07-26T00:15:00,ENGINE_EXECUTABLE_HYDRAULICALLY_UNVALIDATED
C_25005,0.0,0.0,3.0479999622912143e-05,0,0,2005-07-26T00:15:00,ENGINE_EXECUTABLE_HYDRAULICALLY_UNVALIDATED
C_25006,0.0,0.0,3.0479999622912143e-05,0,0,2005-07-26T00:15:00,ENGINE_EXECUTABLE_HYDRAULICALLY_UNVALIDATED
C_25007,0.0,0.0,3.0479999622912143e-05,0,0,2005-07-26T00:15:00,ENGINE_EXECUTABLE_HYDRAULICALLY_UNVALIDATED
C_25008,0.0,0.0,3.0479999622912143e-05,0,0,2005-07-26T00:15:00,ENGINE_EXECUTABLE_HYDRAULICALLY_UNVALIDATED
C_25009,0.0,0.0,3.0479999622912143e-05,0,0,2005-07-26T00:15:00,ENGINE_EXECUTABLE_HYDRAULICALLY_UNVALIDATED
C_25013,0.0,0.0,3.0479999622912143e-05,0,0,2005-07-26T00:15:00,ENGINE_EXECUTABLE_HYDRAULICALLY_UNVALIDATED
C_25014,0.0,0.0,3.0479999622912143e-05,0,0,2005-07-26T00:15:00,ENGINE_EXECUTABLE_HYDRAULICALLY_UNVALIDATED
C_25015,0.0,0.0,3.0479999622912143e-05,0,0,2005-07-26T00:15:00,ENGINE_EXECUTABLE_HYDRAULICALLY_UNVALIDATED
C_25016,0.0,0.0,3.0479999622912143e-05,0,0,2005-07-26T00:15:00,ENGINE_EXECUTABLE_HYDRAULICALLY_UNVALIDATED
C_25017,0.0,0.0,3.0479999622912143e-05,0,0,2005-07-26T00:15:00,ENGINE_EXECUTABLE_HYDRAULICALLY_UNVALIDATED
C_25018,0.0,0.0,3.0479999622912143e-05,0,0,2005-07-26T00:15:00,ENGINE_EXECUTABLE_HYDRAULICALLY_UNVALIDATED
C_25019,0.0,0.0,3.0479999622912143e-05,0,0,2005-07-26T00:15:00,ENGINE_EXECUTABLE_HYDRAULICALLY_UNVALIDATED
C_25020,0.0,0.0,3.0479999622912143e-05,0,0,2005-07-26T00:15:00,ENGINE_EXECUTABLE_HYDRAULICALLY_UNVALIDATED
C_25021,0.0,0.0,3.0479999622912143e-05,0,0,2005-07-26T00:15:00,ENGINE_EXECUTABLE_HYDRAULICALLY_UNVALIDATED
C_25022,0.0,0.0,3.0479999622912143e-05,0,0,2005-07-26T00:15:00,ENGINE_EXECUTABLE_HYDRAULICALLY_UNVALIDATED
C_25023,0.0,0.0,3.0479999622912143e-05,0,0,2005-07-26T00:15:00,ENGINE_EXECUTABLE_HYDRAULICALLY_UNVALIDATED
C_25027,0.0,0.0,3.0479999622912143e-05,0,0,2005-07-26T00:15:00,ENGINE_EXECUTABLE_HYDRAULICALLY_UNVALIDATED
C_25028,0.0,0.0,3.0479999622912143e-05,0,0,2005-07-26T00:15:00,ENGINE_EXECUTABLE_HYDRAULICALLY_UNVALIDATED
C_25029,0.0,0.0,3.0479999622912143e-05,0,0,2005-07-26T00:15:00,ENGINE_EXECUTABLE_HYDRAULICALLY_UNVALIDATED
C_25030,0.0,0.0,3.0479999622912143e-05,0,0,2005-07-26T00:15:00,ENGINE_EXECUTABLE_HYDRAULICALLY_UNVALIDATED
C_25031,0.0,0.0,3.0479999622912143e-05,0,0,2005-07-26T00:15:00,ENGINE_EXECUTABLE_HYDRAULICALLY_UNVALIDATED
C_25032,0.0,0.0,3.0479999622912143e-05,0,0,2005-07-26T00:15:00,ENGINE_EXECUTABLE_HYDRAULICALLY_UNVALIDATED
C_25033,0.0,0.0,3.0479999622912143e-05,0,0,2005-07-26T00:15:00,ENGINE_EXECUTABLE_HYDRAULICALLY_UNVALIDATED
C_25034,0.0,0.0,3.0479999622912143e-05,0,0,2005-07-26T00:15:00,ENGINE_EXECUTABLE_HYDRAULICALLY_UNVALIDATED
C_25035,0.0,0.0,3.0479999622912143e-05,0,0,2005-07-26T00:15:00,ENGINE_EXECUTABLE_HYDRAULICALLY_UNVALIDATED
C_25036,0.0,0.0,3.0479999622912143e-05,0,0,2005-07-26T00:15:00,ENGINE_EXECUTABLE_HYDRAULICALLY_UNVALIDATED
C_25037,0.0,0.0,3.0479999622912143e-05,0,0,2005-07-26T00:15:00,ENGINE_EXECUTABLE_HYDRAULICALLY_UNVALIDATED
C_25038,0.0,0.0,3.0479999622912143e-05,0,0,2005-07-26T00:15:00,ENGINE_EXECUTABLE_HYDRAULICALLY_UNVALIDATED
C_25039,0.0,0.0,3.0479999622912143e-05,0,0,2005-07-26T00:15:00,ENGINE_EXECUTABLE_HYDRAULICALLY_UNVALIDATED
C_25040,0.0,0.0,3.0479999622912143e-05,0,0,2005-07-26T00:15:00,ENGINE_EXECUTABLE_HYDRAULICALLY_UNVALIDATED
C_25041,0.0,0.0,3.0479999622912143e-05,0,0,2005-07-26T00:15:00,ENGINE_EXECUTABLE_HYDRAULICALLY_UNVALIDATED
C_25042,0.0,0.0,3.0479999622912143e-05,0,0,2005-07-26T00:15:00,ENGINE_EXECUTABLE_HYDRAULICALLY_UNVALIDATED
C_25043,0.0,0.0,3.0479999622912143e-05,0,0,2005-07-26T00:15:00,ENGINE_EXECUTABLE_HYDRAULICALLY_UNVALIDATED
C_25044,0.0,0.0,3.0479999622912143e-05,0,0,2005-07-26T00:15:00,ENGINE_EXECUTABLE_HYDRAULICALLY_UNVALIDATED
C_25045,0.0,0.0,3.0479999622912143e-05,0,0,2005-07-26T00:15:00,ENGINE_EXECUTABLE_HYDRAULICALLY_UNVALIDATED
C_25046,0.0,0.0,3.0479999622912143e-05,0,0,2005-07-26T00:15:00,ENGINE_EXECUTABLE_HYDRAULICALLY_UNVALIDATED
C_25047,0.0,0.0,3.0479999622912143e-05,0,0,2005-07-26T00:15:00,ENGINE_EXECUTABLE_HYDRAULICALLY_UNVALIDATED
C_25048,0.0,0.0,3.0479999622912143e-05,0,0,2005-07-26T00:15:00,ENGINE_EXECUTABLE_HYDRAULICALLY_UNVALIDATED
C_25049,0.0,0.0,3.0479999622912143e-05,0,0,2005-07-26T00:15:00,ENGINE_EXECUTABLE_HYDRAULICALLY_UNVALIDATED
C_25050,0.0,0.0,3.0479999622912143e-05,0,0,2005-07-26T00:15:00,ENGINE_EXECUTABLE_HYDRAULICALLY_UNVALIDATED
C_25051,0.0,0.0,3.0479999622912143e-05,0,0,2005-07-26T00:15:00,ENGINE_EXECUTABLE_HYDRAULICALLY_UNVALIDATED
C_25052,0.0,0.0,3.0479999622912143e-05,0,0,2005-07-26T00:15:00,ENGINE_EXECUTABLE_HYDRAULICALLY_UNVALIDATED
C_25053,0.0,0.0,3.0479999622912143e-05,0,0,2005-07-26T00:15:00,ENGINE_EXECUTABLE_HYDRAULICALLY_UNVALIDATED
C_25054,0.0,0.0,3.0479999622912143e-05,0,0,2005-07-26T00:15:00,ENGINE_EXECUTABLE_HYDRAULICALLY_UNVALIDATED
C_25055,0.0,0.0,3.0479999622912143e-05,0,0,2005-07-26T00:15:00,ENGINE_EXECUTABLE_HYDRAULICALLY_UNVALIDATED
C_25056,0.0,0.0,3.0479999622912143e-05,0,0,2005-07-26T00:15:00,ENGINE_EXECUTABLE_HYDRAULICALLY_UNVALIDATED
C_25057,0.0,0.0,3.0479999622912143e-05,0,0,2005-07-26T00:15:00,ENGINE_EXECUTABLE_HYDRAULICALLY_UNVALIDATED
C_25058,0.0,0.0,3.0479999622912143e-05,0,0,2005-07-26T00:15:00,ENGINE_EXECUTABLE_HYDRAULICALLY_UNVALIDATED
C_25059,0.0,0.0,3.0479999622912143e-05,0,0,2005-07-26T00:15:00,ENGINE_EXECUTABLE_HYDRAULICALLY_UNVALIDATED
C_25060,0.0,0.0,3.0479999622912143e-05,0,0,2005-07-26T00:15:00,ENGINE_EXECUTABLE_HYDRAULICALLY_UNVALIDATED
C_25061,0.0,0.0,3.0479999622912143e-05,0,0,2005-07-26T00:15:00,ENGINE_EXECUTABLE_HYDRAULICALLY_UNVALIDATED
C_25062,0.0,0.0,3.0479999622912143e-05,0,0,2005-07-26T00:15:00,ENGINE_EXECUTABLE_HYDRAULICALLY_UNVALIDATED
C_25063,0.0,0.0,3.0479999622912143e-05,0,0,2005-07-26T00:15:00,ENGINE_EXECUTABLE_HYDRAULICALLY_UNVALIDATED
C_25064,0.0,0.0,3.0479999622912143e-05,0,0,2005-07-26T00:15:00,ENGINE_EXECUTABLE_HYDRAULICALLY_UNVALIDATED
C_25065,0.0,0.0,3.0479999622912143e-05,0,0,2005-07-26T00:15:00,ENGINE_EXECUTABLE_HYDRAULICALLY_UNVALIDATED
C_25066,0.0,0.0,3.0479999622912143e-05,0,0,2005-07-26T00:15:00,ENGINE_EXECUTABLE_HYDRAULICALLY_UNVALIDATED
C_25067,0.0,0.0,3.0479999622912143e-05,0,0,2005-07-26T00:15:00,ENGINE_EXECUTABLE_HYDRAULICALLY_UNVALIDATED
C_25068,0.0,0.0,3.0479999622912143e-05,0,0,2005-07-26T00:15:00,ENGINE_EXECUTABLE_HYDRAULICALLY_UNVALIDATED
C_25069,0.0,0.0,3.0479999622912143e-05,0,0,2005-07-26T00:15:00,ENGINE_EXECUTABLE_HYDRAULICALLY_UNVALIDATED
C_25070,0.0,0.0,3.0479999622912143e-05,0,0,2005-07-26T00:15:00,ENGINE_EXECUTABLE_HYDRAULICALLY_UNVALIDATED
C_25071,0.0,0.0,3.0479999622912143e-05,0,0,2005-07-26T00:15:00,ENGINE_EXECUTABLE_HYDRAULICALLY_UNVALIDATED
C_25072,0.0,0.0,3.0479999622912143e-05,0,0,2005-07-26T00:15:00,ENGINE_EXECUTABLE_HYDRAULICALLY_UNVALIDATED
C_25073,0.0,0.0,3.0479999622912143e-05,0,0,2005-07-26T00:15:00,ENGINE_EXECUTABLE_HYDRAULICALLY_UNVALIDATED
C_25074,0.0,0.0,3.0479999622912143e-05,0,0,2005-07-26T00:15:00,ENGINE_EXECUTABLE_HYDRAULICALLY_UNVALIDATED
C_25075,0.0,0.0,3.0479999622912143e-05,0,0,2005-07-26T00:15:00,ENGINE_EXECUTABLE_HYDRAULICALLY_UNVALIDATED
C_25076,0.0,0.0,3.0479999622912143e-05,0,0,2005-07-26T00:15:00,ENGINE_EXECUTABLE_HYDRAULICALLY_UNVALIDATED
C_25077,0.0,0.0,3.0479999622912143e-05,0,0,2005-07-26T00:15:00,ENGINE_EXECUTABLE_HYDRAULICALLY_UNVALIDATED
C_25078,0.0,0.0,3.0479999622912143e-05,0,0,2005-07-26T00:15:00,ENGINE_EXECUTABLE_HYDRAULICALLY_UNVALIDATED
C_25079,0.0,0.0,3.0479999622912143e-05,0,0,2005-07-26T00:15:00,ENGINE_EXECUTABLE_HYDRAULICALLY_UNVALIDATED
C_25080,0.0,0.0,3.0479999622912143e-05,0,0,2005-07-26T00:15:00,ENGINE_EXECUTABLE_HYDRAULICALLY_UNVALIDATED
C_25081,0.0,0.0,3.0479999622912143e-05,0,0,2005-07-26T00:15:00,ENGINE_EXECUTABLE_HYDRAULICALLY_UNVALIDATED
C_25082,0.0,0.0,3.0479999622912143e-05,0,0,2005-07-26T00:15:00,ENGINE_EXECUTABLE_HYDRAULICALLY_UNVALIDATED
C_25083,0.0,0.0,3.0479999622912143e-05,0,0,2005-07-26T00:15:00,ENGINE_EXECUTABLE_HYDRAULICALLY_UNVALIDATED
C_25084,0.0,0.0,3.0479999622912143e-05,0,0,2005-07-26T00:15:00,ENGINE_EXECUTABLE_HYDRAULICALLY_UNVALIDATED
C_25085,0.0,0.0,3.0479999622912143e-05,0,0,2005-07-26T00:15:00,ENGINE_EXECUTABLE_HYDRAULICALLY_UNVALIDATED
C_25086,0.0,0.0,3.0479999622912143e-05,0,0,2005-07-26T00:15:00,ENGINE_EXECUTABLE_HYDRAULICALLY_UNVALIDATED
C_25087,0.0,0.0,3.0479999622912143e-05,0,0,2005-07-26T00:15:00,ENGINE_EXECUTABLE_HYDRAULICALLY_UNVALIDATED
C_25088,0.0,0.0,3.0479999622912143e-05,0,0,2005-07-26T00:15:00,ENGINE_EXECUTABLE_HYDRAULICALLY_UNVALIDATED
C_25089,0.0,0.0,3.0479999622912143e-05,0,0,2005-07-26T00:15:00,ENGINE_EXECUTABLE_HYDRAULICALLY_UNVALIDATED
C_25090,0.0,0.0,3.0479999622912143e-05,0,0,2005-07-26T00:15:00,ENGINE_EXECUTABLE_HYDRAULICALLY_UNVALIDATED
C_25091,0.0,0.0,3.0479999622912143e-05,0,0,2005-07-26T00:15:00,ENGINE_EXECUTABLE_HYDRAULICALLY_UNVALIDATED
C_25092,0.0,0.0,3.0479999622912143e-05,0,0,2005-07-26T00:15:00,ENGINE_EXECUTABLE_HYDRAULICALLY_UNVALIDATED
C_25093,0.0,0.0,3.0479999622912143e-05,0,0,2005-07-26T00:15:00,ENGINE_EXECUTABLE_HYDRAULICALLY_UNVALIDATED
C_25094,0.0,0.0,3.0479999622912143e-05,0,0,2005-07-26T00:15:00,ENGINE_EXECUTABLE_HYDRAULICALLY_UNVALIDATED
C_25095,0.0,0.0,3.0479999622912143e-05,0,0,2005-07-26T00:15:00,ENGINE_EXECUTABLE_HYDRAULICALLY_UNVALIDATED
C_25096,0.0,0.0,3.0479999622912143e-05,0,0,2005-07-26T00:15:00,ENGINE_EXECUTABLE_HYDRAULICALLY_UNVALIDATED
C_25097,0.0,0.0,3.0479999622912143e-05,0,0,2005-07-26T00:15:00,ENGINE_EXECUTABLE_HYDRAULICALLY_UNVALIDATED
C_25098,0.0,0.0,3.0479999622912143e-05,0,0,2005-07-26T00:15:00,ENGINE_EXECUTABLE_HYDRAULICALLY_UNVALIDATED
C_25099,0.0,0.0,3.0479999622912143e-05,0,0,2005-07-26T00:15:00,ENGINE_EXECUTABLE_HYDRAULICALLY_UNVALIDATED
C_25100,0.0,0.0,3.0479999622912143e-05,0,0,2005-07-26T00:15:00,ENGINE_EXECUTABLE_HYDRAULICALLY_UNVALIDATED
C_25101,0.0,0.0,3.0479999622912143e-05,0,0,2005-07-26T00:15:00,ENGINE_EXECUTABLE_HYDRAULICALLY_UNVALIDATED
C_25102,0.0,0.0,3.0479999622912143e-05,0,0,2005-07-26T00:15:00,ENGINE_EXECUTABLE_HYDRAULICALLY_UNVALIDATED
C_25103,0.0,0.0,3.0479999622912143e-05,0,0,2005-07-26T00:15:00,ENGINE_EXECUTABLE_HYDRAULICALLY_UNVALIDATED
C_25104,0.0,0.0,3.0479999622912143e-05,0,0,2005-07-26T00:15:00,ENGINE_EXECUTABLE_HYDRAULICALLY_UNVALIDATED
C_25105,0.0,0.0,3.0479999622912143e-05,0,0,2005-07-26T00:15:00,ENGINE_EXECUTABLE_HYDRAULICALLY_UNVALIDATED
C_25106,0.0,0.0,3.0479999622912143e-05,0,0,2005-07-26T00:15:00,ENGINE_EXECUTABLE_HYDRAULICALLY_UNVALIDATED
C_25107,0.0,0.0,3.0479999622912143e-05,0,0,2005-07-26T00:15:00,ENGINE_EXECUTABLE_HYDRAULICALLY_UNVALIDATED
C_25108,0.0,0.0,3.0479999622912143e-05,0,0,2005-07-26T00:15:00,ENGINE_EXECUTABLE_HYDRAULICALLY_UNVALIDATED
C_25109,0.0,0.0,3.0479999622912143e-05,0,0,2005-07-26T00:15:00,ENGINE_EXECUTABLE_HYDRAULICALLY_UNVALIDATED
C_25110,0.0,0.0,3.0479999622912143e-05,0,0,2005-07-26T00:15:00,ENGINE_EXECUTABLE_HYDRAULICALLY_UNVALIDATED
C_25111,0.0,0.0,3.0479999622912143e-05,0,0,2005-07-26T00:15:00,ENGINE_EXECUTABLE_HYDRAULICALLY_UNVALIDATED
C_25112,0.0,0.0,3.0479999622912143e-05,0,0,2005-07-26T00:15:00,ENGINE_EXECUTABLE_HYDRAULICALLY_UNVALIDATED
C_25113,0.0,0.0,3.0479999622912143e-05,0,0,2005-07-26T00:15:00,ENGINE_EXECUTABLE_HYDRAULICALLY_UNVALIDATED
C_25114,0.0,0.0,3.0479999622912143e-05,0,0,2005-07-26T00:15:00,ENGINE_EXECUTABLE_HYDRAULICALLY_UNVALIDATED
C_25115,0.0,0.0,3.0479999622912143e-05,0,0,2005-07-26T00:15:00,ENGINE_EXECUTABLE_HYDRAULICALLY_UNVALIDATED
C_25116,0.0,0.0,3.0479999622912143e-05,0,0,2005-07-26T00:15:00,ENGINE_EXECUTABLE_HYDRAULICALLY_UNVALIDATED
C_25117,0.0,0.0,3.0479999622912143e-05,0,0,2005-07-26T00:15:00,ENGINE_EXECUTABLE_HYDRAULICALLY_UNVALIDATED
C_25118,0.0,0.0,3.0479999622912143e-05,0,0,2005-07-26T00:15:00,ENGINE_EXECUTABLE_HYDRAULICALLY_UNVALIDATED
C_25119,0.0,0.0,3.0479999622912143e-05,0,0,2005-07-26T00:15:00,ENGINE_EXECUTABLE_HYDRAULICALLY_UNVALIDATED
C_25120,0.0,0.0,3.0479999622912143e-05,0,0,2005-07-26T00:15:00,ENGINE_EXECUTABLE_HYDRAULICALLY_UNVALIDATED
C_25121,0.0,0.0,3.0479999622912143e-05,0,0,2005-07-26T00:15:00,ENGINE_EXECUTABLE_HYDRAULICALLY_UNVALIDATED
C_25122,0.0,0.0,3.0479999622912143e-05,0,0,2005-07-26T00:15:00,ENGINE_EXECUTABLE_HYDRAULICALLY_UNVALIDATED
C_25123,0.0,0.0,3.0479999622912143e-05,0,0,2005-07-26T00:15:00,ENGINE_EXECUTABLE_HYDRAULICALLY_UNVALIDATED
C_25124,0.0,0.0,3.0479999622912143e-05,0,0,2005-07-26T00:15:00,ENGINE_EXECUTABLE_HYDRAULICALLY_UNVALIDATED
C_25125,0.0,0.0,3.0479999622912143e-05,0,0,2005-07-26T00:15:00,ENGINE_EXECUTABLE_HYDRAULICALLY_UNVALIDATED
C_25126,0.0,0.0,3.0479999622912143e-05,0,0,2005-07-26T00:15:00,ENGINE_EXECUTABLE_HYDRAULICALLY_UNVALIDATED
C_25127,0.0,0.0,3.0479999622912143e-05,0,0,2005-07-26T00:15:00,ENGINE_EXECUTABLE_HYDRAULICALLY_UNVALIDATED
C_25128,0.0,0.0,3.0479999622912143e-05,0,0,2005-07-26T00:15:00,ENGINE_EXECUTABLE_HYDRAULICALLY_UNVALIDATED
C_25129,0.0,0.0,3.0479999622912143e-05,0,0,2005-07-26T00:15:00,ENGINE_EXECUTABLE_HYDRAULICALLY_UNVALIDATED
C_25130,0.0,0.0,3.0479999622912143e-05,0,0,2005-07-26T00:15:00,ENGINE_EXECUTABLE_HYDRAULICALLY_UNVALIDATED
C_25131,0.0,0.0,3.0479999622912143e-05,0,0,2005-07-26T00:15:00,ENGINE_EXECUTABLE_HYDRAULICALLY_UNVALIDATED
C_25132,0.0,0.0,3.0479999622912143e-05,0,0,2005-07-26T00:15:00,ENGINE_EXECUTABLE_HYDRAULICALLY_UNVALIDATED
C_25133,0.0,0.0,3.0479999622912143e-05,0,0,2005-07-26T00:15:00,ENGINE_EXECUTABLE_HYDRAULICALLY_UNVALIDATED
C_25134,0.0,0.0,3.0479999622912143e-05,0,0,2005-07-26T00:15:00,ENGINE_EXECUTABLE_HYDRAULICALLY_UNVALIDATED
C_25135,0.0,0.0,3.0479999622912143e-05,0,0,2005-07-26T00:15:00,ENGINE_EXECUTABLE_HYDRAULICALLY_UNVALIDATED
C_25136,0.0,0.0,3.0479999622912143e-05,0,0,2005-07-26T00:15:00,ENGINE_EXECUTABLE_HYDRAULICALLY_UNVALIDATED
C_25137,0.0,0.0,3.0479999622912143e-05,0,0,2005-07-26T00:15:00,ENGINE_EXECUTABLE_HYDRAULICALLY_UNVALIDATED
C_25138,0.0,0.0,3.0479999622912143e-05,0,0,2005-07-26T00:15:00,ENGINE_EXECUTABLE_HYDRAULICALLY_UNVALIDATED
C_25139,0.0,0.0,3.0479999622912143e-05,0,0,2005-07-26T00:15:00,ENGINE_EXECUTABLE_HYDRAULICALLY_UNVALIDATED
C_25140,0.0,0.0,3.0479999622912143e-05,0,0,2005-07-26T00:15:00,ENGINE_EXECUTABLE_HYDRAULICALLY_UNVALIDATED
C_25141,0.0,0.0,3.0479999622912143e-05,0,0,2005-07-26T00:15:00,ENGINE_EXECUTABLE_HYDRAULICALLY_UNVALIDATED
C_25142,0.0,0.0,3.0479999622912143e-05,0,0,2005-07-26T00:15:00,ENGINE_EXECUTABLE_HYDRAULICALLY_UNVALIDATED
C_25143,0.0,0.0,3.0479999622912143e-05,0,0,2005-07-26T00:15:00,ENGINE_EXECUTABLE_HYDRAULICALLY_UNVALIDATED
C_25144,0.0,0.0,3.0479999622912143e-05,0,0,2005-07-26T00:15:00,ENGINE_EXECUTABLE_HYDRAULICALLY_UNVALIDATED
C_25145,0.0,0.0,3.0479999622912143e-05,0,0,2005-07-26T00:15:00,ENGINE_EXECUTABLE_HYDRAULICALLY_UNVALIDATED
C_25146,0.0,0.0,3.0479999622912143e-05,0,0,2005-07-26T00:15:00,ENGINE_EXECUTABLE_HYDRAULICALLY_UNVALIDATED
C_25147,0.0,0.0,3.0479999622912143e-05,0,0,2005-07-26T00:15:00,ENGINE_EXECUTABLE_HYDRAULICALLY_UNVALIDATED
C_25148,0.0,0.0,3.0479999622912143e-05,0,0,2005-07-26T00:15:00,ENGINE_EXECUTABLE_HYDRAULICALLY_UNVALIDATED
C_25149,0.0,0.0,3.0479999622912143e-05,0,0,2005-07-26T00:15:00,ENGINE_EXECUTABLE_HYDRAULICALLY_UNVALIDATED
C_25150,0.0,0.0,3.0479999622912143e-05,0,0,2005-07-26T00:15:00,ENGINE_EXECUTABLE_HYDRAULICALLY_UNVALIDATED
C_25151,0.0,0.0,3.0479999622912143e-05,0,0,2005-07-26T00:15:00,ENGINE_EXECUTABLE_HYDRAULICALLY_UNVALIDATED
C_25152,0.0,0.0,3.0479999622912143e-05,0,0,2005-07-26T00:15:00,ENGINE_EXECUTABLE_HYDRAULICALLY_UNVALIDATED
C_25153,0.0,0.0,3.0479999622912143e-05,0,0,2005-07-26T00:15:00,ENGINE_EXECUTABLE_HYDRAULICALLY_UNVALIDATED
C_25154,0.0,0.0,3.0479999622912143e-05,0,0,2005-07-26T00:15:00,ENGINE_EXECUTABLE_HYDRAULICALLY_UNVALIDATED
C_25155,0.0,0.0,3.0479999622912143e-05,0,0,2005-07-26T00:15:00,ENGINE_EXECUTABLE_HYDRAULICALLY_UNVALIDATED
C_25156,0.0,0.0,3.0479999622912143e-05,0,0,2005-07-26T00:15:00,ENGINE_EXECUTABLE_HYDRAULICALLY_UNVALIDATED
C_25157,0.0,0.0,3.0479999622912143e-05,0,0,2005-07-26T00:15:00,ENGINE_EXECUTABLE_HYDRAULICALLY_UNVALIDATED
C_25158,0.0,0.0,3.0479999622912143e-05,0,0,2005-07-26T00:15:00,ENGINE_EXECUTABLE_HYDRAULICALLY_UNVALIDATED
C_25159,0.0,0.0,3.0479999622912143e-05,0,0,2005-07-26T00:15:00,ENGINE_EXECUTABLE_HYDRAULICALLY_UNVALIDATED
C_25160,0.0,0.0,3.0479999622912143e-05,0,0,2005-07-26T00:15:00,ENGINE_EXECUTABLE_HYDRAULICALLY_UNVALIDATED
C_25161,0.0,0.0,3.0479999622912143e-05,0,0,2005-07-26T00:15:00,ENGINE_EXECUTABLE_HYDRAULICALLY_UNVALIDATED
C_25162,0.0,0.0,3.0479999622912143e-05,0,0,2005-07-26T00:15:00,ENGINE_EXECUTABLE_HYDRAULICALLY_UNVALIDATED
C_25163,0.0,0.0,3.0479999622912143e-05,0,0,2005-07-26T00:15:00,ENGINE_EXECUTABLE_HYDRAULICALLY_UNVALIDATED
C_25164,0.0,0.0,3.0479999622912143e-05,0,0,2005-07-26T00:15:00,ENGINE_EXECUTABLE_HYDRAULICALLY_UNVALIDATED
C_25165,0.0,0.0,3.0479999622912143e-05,0,0,2005-07-26T00:15:00,ENGINE_EXECUTABLE_HYDRAULICALLY_UNVALIDATED
C_25166,0.0,0.0,3.0479999622912143e-05,0,0,2005-07-26T00:15:00,ENGINE_EXECUTABLE_HYDRAULICALLY_UNVALIDATED
C_25167,0.0,0.0,3.0479999622912143e-05,0,0,2005-07-26T00:15:00,ENGINE_EXECUTABLE_HYDRAULICALLY_UNVALIDATED
C_25168,0.0,0.0,3.0479999622912143e-05,0,0,2005-07-26T00:15:00,ENGINE_EXECUTABLE_HYDRAULICALLY_UNVALIDATED
C_25169,0.0,0.0,3.0479999622912143e-05,0,0,2005-07-26T00:15:00,ENGINE_EXECUTABLE_HYDRAULICALLY_UNVALIDATED
C_25170,0.0,0.0,3.0479999622912143e-05,0,0,2005-07-26T00:15:00,ENGINE_EXECUTABLE_HYDRAULICALLY_UNVALIDATED
C_25171,0.0,0.0,3.0479999622912143e-05,0,0,2005-07-26T00:15:00,ENGINE_EXECUTABLE_HYDRAULICALLY_UNVALIDATED
C_25172,0.0,0.0,3.0479999622912143e-05,0,0,2005-07-26T00:15:00,ENGINE_EXECUTABLE_HYDRAULICALLY_UNVALIDATED
C_25173,0.0,0.0,3.0479999622912143e-05,0,0,2005-07-26T00:15:00,ENGINE_EXECUTABLE_HYDRAULICALLY_UNVALIDATED
C_25174,0.0,0.0,3.0479999622912143e-05,0,0,2005-07-26T00:15:00,ENGINE_EXECUTABLE_HYDRAULICALLY_UNVALIDATED
C_25175,0.0,0.0,3.0479999622912143e-05,0,0,2005-07-26T00:15:00,ENGINE_EXECUTABLE_HYDRAULICALLY_UNVALIDATED
C_25176,0.0,0.0,3.0479999622912143e-05,0,0,2005-07-26T00:15:00,ENGINE_EXECUTABLE_HYDRAULICALLY_UNVALIDATED
C_25177,0.0,0.0,3.0479999622912143e-05,0,0,2005-07-26T00:15:00,ENGINE_EXECUTABLE_HYDRAULICALLY_UNVALIDATED
C_25178,0.0,0.0,3.0479999622912143e-05,0,0,2005-07-26T00:15:00,ENGINE_EXECUTABLE_HYDRAULICALLY_UNVALIDATED
C_25179,0.0,0.0,3.0479999622912143e-05,0,0,2005-07-26T00:15:00,ENGINE_EXECUTABLE_HYDRAULICALLY_UNVALIDATED
C_25180,0.0,0.0,3.0479999622912143e-05,0,0,2005-07-26T00:15:00,ENGINE_EXECUTABLE_HYDRAULICALLY_UNVALIDATED
C_25181,0.0,0.0,3.0479999622912143e-05,0,0,2005-07-26T00:15:00,ENGINE_EXECUTABLE_HYDRAULICALLY_UNVALIDATED
C_25182,0.0,0.0,3.0479999622912143e-05,0,0,2005-07-26T00:15:00,ENGINE_EXECUTABLE_HYDRAULICALLY_UNVALIDATED
C_25183,0.0,0.0,3.0479999622912143e-05,0,0,2005-07-26T00:15:00,ENGINE_EXECUTABLE_HYDRAULICALLY_UNVALIDATED
C_25184,0.0,0.0,3.0479999622912143e-05,0,0,2005-07-26T00:15:00,ENGINE_EXECUTABLE_HYDRAULICALLY_UNVALIDATED
C_25185,0.0,0.0,3.0479999622912143e-05,0,0,2005-07-26T00:15:00,ENGINE_EXECUTABLE_HYDRAULICALLY_UNVALIDATED
C_25186,0.0,0.0,3.0479999622912143e-05,0,0,2005-07-26T00:15:00,ENGINE_EXECUTABLE_HYDRAULICALLY_UNVALIDATED
C_25187,0.0,0.0,3.0479999622912143e-05,0,0,2005-07-26T00:15:00,ENGINE_EXECUTABLE_HYDRAULICALLY_UNVALIDATED
C_25188,0.0,0.0,3.0479999622912143e-05,0,0,2005-07-26T00:15:00,ENGINE_EXECUTABLE_HYDRAULICALLY_UNVALIDATED
C_25189,0.0,0.0,3.0479999622912143e-05,0,0,2005-07-26T00:15:00,ENGINE_EXECUTABLE_HYDRAULICALLY_UNVALIDATED
C_25190,0.0,0.0,3.0479999622912143e-05,0,0,2005-07-26T00:15:00,ENGINE_EXECUTABLE_HYDRAULICALLY_UNVALIDATED
C_25191,0.0,0.0,3.0479999622912143e-05,0,0,2005-07-26T00:15:00,ENGINE_EXECUTABLE_HYDRAULICALLY_UNVALIDATED
C_25192,0.0,0.0,3.0479999622912143e-05,0,0,2005-07-26T00:15:00,ENGINE_EXECUTABLE_HYDRAULICALLY_UNVALIDATED
C_25193,0.0,0.0,3.0479999622912143e-05,0,0,2005-07-26T00:15:00,ENGINE_EXECUTABLE_HYDRAULICALLY_UNVALIDATED
C_25194,0.0,0.0,3.0479999622912143e-05,0,0,2005-07-26T00:15:00,ENGINE_EXECUTABLE_HYDRAULICALLY_UNVALIDATED
C_25195,0.0,0.0,3.0479999622912143e-05,0,0,2005-07-26T00:15:00,ENGINE_EXECUTABLE_HYDRAULICALLY_UNVALIDATED
C_25196,0.0,0.0,3.0479999622912143e-05,0,0,2005-07-26T00:15:00,ENGINE_EXECUTABLE_HYDRAULICALLY_UNVALIDATED
C_25197,0.0,0.0,3.0479999622912143e-05,0,0,2005-07-26T00:15:00,ENGINE_EXECUTABLE_HYDRAULICALLY_UNVALIDATED
C_25198,0.0,0.0,3.0479999622912143e-05,0,0,2005-07-26T00:15:00,ENGINE_EXECUTABLE_HYDRAULICALLY_UNVALIDATED
C_25199,0.0,0.0,3.0479999622912143e-05,0,0,2005-07-26T00:15:00,ENGINE_EXECUTABLE_HYDRAULICALLY_UNVALIDATED
C_25200,0.0,0.0,3.0479999622912143e-05,0,0,2005-07-26T00:15:00,ENGINE_EXECUTABLE_HYDRAULICALLY_UNVALIDATED
C_25201,0.0,0.0,3.0479999622912143e-05,0,0,2005-07-26T00:15:00,ENGINE_EXECUTABLE_HYDRAULICALLY_UNVALIDATED
C_25202,0.0,0.0,3.0479999622912143e-05,0,0,2005-07-26T00:15:00,ENGINE_EXECUTABLE_HYDRAULICALLY_UNVALIDATED
C_25203,0.0,0.0,3.0479999622912143e-05,0,0,2005-07-26T00:15:00,ENGINE_EXECUTABLE_HYDRAULICALLY_UNVALIDATED
C_25204,0.0,0.0,3.0479999622912143e-05,0,0,2005-07-26T00:15:00,ENGINE_EXECUTABLE_HYDRAULICALLY_UNVALIDATED
C_25205,0.0,0.0,3.0479999622912143e-05,0,0,2005-07-26T00:15:00,ENGINE_EXECUTABLE_HYDRAULICALLY_UNVALIDATED
C_25206,0.0,0.0,3.0479999622912143e-05,0,0,2005-07-26T00:15:00,ENGINE_EXECUTABLE_HYDRAULICALLY_UNVALIDATED
C_25207,0.0,0.0,3.0479999622912143e-05,0,0,2005-07-26T00:15:00,ENGINE_EXECUTABLE_HYDRAULICALLY_UNVALIDATED
C_25208,0.0,0.0,3.0479999622912143e-05,0,0,2005-07-26T00:15:00,ENGINE_EXECUTABLE_HYDRAULICALLY_UNVALIDATED
C_25209,0.0,0.0,3.0479999622912143e-05,0,0,2005-07-26T00:15:00,ENGINE_EXECUTABLE_HYDRAULICALLY_UNVALIDATED
C_25210,0.0,0.0,3.0479999622912143e-05,0,0,2005-07-26T00:15:00,ENGINE_EXECUTABLE_HYDRAULICALLY_UNVALIDATED
C_25211,0.0,0.0,3.0479999622912143e-05,0,0,2005-07-26T00:15:00,ENGINE_EXECUTABLE_HYDRAULICALLY_UNVALIDATED
C_25212,0.0,0.0,3.0479999622912143e-05,0,0,2005-07-26T00:15:00,ENGINE_EXECUTABLE_HYDRAULICALLY_UNVALIDATED
C_25213,0.0,0.0,3.0479999622912143e-05,0,0,2005-07-26T00:15:00,ENGINE_EXECUTABLE_HYDRAULICALLY_UNVALIDATED
C_25214,0.0,0.0,3.0479999622912143e-05,0,0,2005-07-26T00:15:00,ENGINE_EXECUTABLE_HYDRAULICALLY_UNVALIDATED
C_25215,0.0,0.0,3.0479999622912143e-05,0,0,2005-07-26T00:15:00,ENGINE_EXECUTABLE_HYDRAULICALLY_UNVALIDATED
C_25216,0.0,0.0,3.0479999622912143e-05,0,0,2005-07-26T00:15:00,ENGINE_EXECUTABLE_HYDRAULICALLY_UNVALIDATED
C_25217,0.0,0.0,3.0479999622912143e-05,0,0,2005-07-26T00:15:00,ENGINE_EXECUTABLE_HYDRAULICALLY_UNVALIDATED
C_25218,0.0,0.0,3.0479999622912143e-05,0,0,2005-07-26T00:15:00,ENGINE_EXECUTABLE_HYDRAULICALLY_UNVALIDATED
C_25219,0.0,0.0,3.0479999622912143e-05,0,0,2005-07-26T00:15:00,ENGINE_EXECUTABLE_HYDRAULICALLY_UNVALIDATED
C_25220,0.0,0.0,3.0479999622912143e-05,0,0,2005-07-26T00:15:00,ENGINE_EXECUTABLE_HYDRAULICALLY_UNVALIDATED
C_25221,0.0,0.0,3.0479999622912143e-05,0,0,2005-07-26T00:15:00,ENGINE_EXECUTABLE_HYDRAULICALLY_UNVALIDATED
C_25222,0.0,0.0,3.0479999622912143e-05,0,0,2005-07-26T00:15:00,ENGINE_EXECUTABLE_HYDRAULICALLY_UNVALIDATED
C_25223,0.0,0.0,3.0479999622912143e-05,0,0,2005-07-26T00:15:00,ENGINE_EXECUTABLE_HYDRAULICALLY_UNVALIDATED
C_25224,0.0,0.0,3.0479999622912143e-05,0,0,2005-07-26T00:15:00,ENGINE_EXECUTABLE_HYDRAULICALLY_UNVALIDATED
C_25225,0.0,0.0,3.0479999622912143e-05,0,0,2005-07-26T00:15:00,ENGINE_EXECUTABLE_HYDRAULICALLY_UNVALIDATED
C_25226,0.0,0.0,3.0479999622912143e-05,0,0,2005-07-26T00:15:00,ENGINE_EXECUTABLE_HYDRAULICALLY_UNVALIDATED
C_25227,0.0,0.0,3.0479999622912143e-05,0,0,2005-07-26T00:15:00,ENGINE_EXECUTABLE_HYDRAULICALLY_UNVALIDATED
C_25228,0.0,0.0,3.0479999622912143e-05,0,0,2005-07-26T00:15:00,ENGINE_EXECUTABLE_HYDRAULICALLY_UNVALIDATED
C_25229,0.0,0.0,3.0479999622912143e-05,0,0,2005-07-26T00:15:00,ENGINE_EXECUTABLE_HYDRAULICALLY_UNVALIDATED
C_25230,0.0,0.0,3.0479999622912143e-05,0,0,2005-07-26T00:15:00,ENGINE_EXECUTABLE_HYDRAULICALLY_UNVALIDATED
C_25231,0.0,0.0,3.0479999622912143e-05,0,0,2005-07-26T00:15:00,ENGINE_EXECUTABLE_HYDRAULICALLY_UNVALIDATED
C_25232,0.0,0.0,3.0479999622912143e-05,0,0,2005-07-26T00:15:00,ENGINE_EXECUTABLE_HYDRAULICALLY_UNVALIDATED
C_25233,0.0,0.0,3.0479999622912143e-05,0,0,2005-07-26T00:15:00,ENGINE_EXECUTABLE_HYDRAULICALLY_UNVALIDATED
C_25234,0.0,0.0,3.0479999622912143e-05,0,0,2005-07-26T00:15:00,ENGINE_EXECUTABLE_HYDRAULICALLY_UNVALIDATED
C_25235,0.0,0.0,3.0479999622912143e-05,0,0,2005-07-26T00:15:00,ENGINE_EXECUTABLE_HYDRAULICALLY_UNVALIDATED
C_25236,0.0,0.0,3.0479999622912143e-05,0,0,2005-07-26T00:15:00,ENGINE_EXECUTABLE_HYDRAULICALLY_UNVALIDATED
C_25237,0.0,0.0,3.0479999622912143e-05,0,0,2005-07-26T00:15:00,ENGINE_EXECUTABLE_HYDRAULICALLY_UNVALIDATED
C_25238,0.0,0.0,3.0479999622912143e-05,0,0,2005-07-26T00:15:00,ENGINE_EXECUTABLE_HYDRAULICALLY_UNVALIDATED
C_25239,0.0,0.0,3.0479999622912143e-05,0,0,2005-07-26T00:15:00,ENGINE_EXECUTABLE_HYDRAULICALLY_UNVALIDATED
C_25240,0.0,0.0,3.0479999622912143e-05,0,0,2005-07-26T00:15:00,ENGINE_EXECUTABLE_HYDRAULICALLY_UNVALIDATED
C_25241,0.0,0.0,3.0479999622912143e-05,0,0,2005-07-26T00:15:00,ENGINE_EXECUTABLE_HYDRAULICALLY_UNVALIDATED
C_25242,0.0,0.0,3.0479999622912143e-05,0,0,2005-07-26T00:15:00,ENGINE_EXECUTABLE_HYDRAULICALLY_UNVALIDATED
C_25243,0.0,0.0,3.0479999622912143e-05,0,0,2005-07-26T00:15:00,ENGINE_EXECUTABLE_HYDRAULICALLY_UNVALIDATED
C_25244,0.0,0.0,3.0479999622912143e-05,0,0,2005-07-26T00:15:00,ENGINE_EXECUTABLE_HYDRAULICALLY_UNVALIDATED
C_25245,0.0,0.0,3.0479999622912143e-05,0,0,2005-07-26T00:15:00,ENGINE_EXECUTABLE_HYDRAULICALLY_UNVALIDATED
C_25246,0.0,0.0,3.0479999622912143e-05,0,0,2005-07-26T00:15:00,ENGINE_EXECUTABLE_HYDRAULICALLY_UNVALIDATED
C_25247,0.0,0.0,3.0479999622912143e-05,0,0,2005-07-26T00:15:00,ENGINE_EXECUTABLE_HYDRAULICALLY_UNVALIDATED
C_25248,0.0,0.0,3.0479999622912143e-05,0,0,2005-07-26T00:15:00,ENGINE_EXECUTABLE_HYDRAULICALLY_UNVALIDATED
C_25249,0.0,0.0,3.0479999622912143e-05,0,0,2005-07-26T00:15:00,ENGINE_EXECUTABLE_HYDRAULICALLY_UNVALIDATED
C_25250,0.0,0.0,3.0479999622912143e-05,0,0,2005-07-26T00:15:00,ENGINE_EXECUTABLE_HYDRAULICALLY_UNVALIDATED
C_25251,0.0,0.0,3.0479999622912143e-05,0,0,2005-07-26T00:15:00,ENGINE_EXECUTABLE_HYDRAULICALLY_UNVALIDATED
C_25252,0.0,0.0,3.0479999622912143e-05,0,0,2005-07-26T00:15:00,ENGINE_EXECUTABLE_HYDRAULICALLY_UNVALIDATED
C_25253,0.0,0.0,3.0479999622912143e-05,0,0,2005-07-26T00:15:00,ENGINE_EXECUTABLE_HYDRAULICALLY_UNVALIDATED
C_25254,0.0,0.0,3.0479999622912143e-05,0,0,2005-07-26T00:15:00,ENGINE_EXECUTABLE_HYDRAULICALLY_UNVALIDATED
C_25255,0.0,0.0,3.0479999622912143e-05,0,0,2005-07-26T00:15:00,ENGINE_EXECUTABLE_HYDRAULICALLY_UNVALIDATED
C_25256,0.0,0.0,3.0479999622912143e-05,0,0,2005-07-26T00:15:00,ENGINE_EXECUTABLE_HYDRAULICALLY_UNVALIDATED
C_25257,0.0,0.0,3.0479999622912143e-05,0,0,2005-07-26T00:15:00,ENGINE_EXECUTABLE_HYDRAULICALLY_UNVALIDATED
C_25258,0.0,0.0,3.0479999622912143e-05,0,0,2005-07-26T00:15:00,ENGINE_EXECUTABLE_HYDRAULICALLY_UNVALIDATED
C_25259,0.0,0.0,3.0479999622912143e-05,0,0,2005-07-26T00:15:00,ENGINE_EXECUTABLE_HYDRAULICALLY_UNVALIDATED
C_25260,0.0,0.0,3.0479999622912143e-05,0,0,2005-07-26T00:15:00,ENGINE_EXECUTABLE_HYDRAULICALLY_UNVALIDATED
C_25261,0.0,0.0,3.0479999622912143e-05,0,0,2005-07-26T00:15:00,ENGINE_EXECUTABLE_HYDRAULICALLY_UNVALIDATED
C_25262,0.0,0.0,3.0479999622912143e-05,0,0,2005-07-26T00:15:00,ENGINE_EXECUTABLE_HYDRAULICALLY_UNVALIDATED
C_25263,0.0,0.0,3.0479999622912143e-05,0,0,2005-07-26T00:15:00,ENGINE_EXECUTABLE_HYDRAULICALLY_UNVALIDATED
C_25264,0.0,0.0,3.0479999622912143e-05,0,0,2005-07-26T00:15:00,ENGINE_EXECUTABLE_HYDRAULICALLY_UNVALIDATED
C_25265,0.0,0.0,3.0479999622912143e-05,0,0,2005-07-26T00:15:00,ENGINE_EXECUTABLE_HYDRAULICALLY_UNVALIDATED
C_25266,0.0,0.0,3.0479999622912143e-05,0,0,2005-07-26T00:15:00,ENGINE_EXECUTABLE_HYDRAULICALLY_UNVALIDATED
C_25267,0.0,0.0,3.0479999622912143e-05,0,0,2005-07-26T00:15:00,ENGINE_EXECUTABLE_HYDRAULICALLY_UNVALIDATED
C_25268,0.0,0.0,3.0479999622912143e-05,0,0,2005-07-26T00:15:00,ENGINE_EXECUTABLE_HYDRAULICALLY_UNVALIDATED
C_25269,0.0,0.0,3.0479999622912143e-05,0,0,2005-07-26T00:15:00,ENGINE_EXECUTABLE_HYDRAULICALLY_UNVALIDATED
C_25270,0.0,0.0,3.0479999622912143e-05,0,0,2005-07-26T00:15:00,ENGINE_EXECUTABLE_HYDRAULICALLY_UNVALIDATED
C_25271,0.0,0.0,3.0479999622912143e-05,0,0,2005-07-26T00:15:00,ENGINE_EXECUTABLE_HYDRAULICALLY_UNVALIDATED
C_25272,0.0,0.0,3.0479999622912143e-05,0,0,2005-07-26T00:15:00,ENGINE_EXECUTABLE_HYDRAULICALLY_UNVALIDATED
C_25273,0.0,0.0,3.0479999622912143e-05,0,0,2005-07-26T00:15:00,ENGINE_EXECUTABLE_HYDRAULICALLY_UNVALIDATED
C_25274,0.0,0.0,3.0479999622912143e-05,0,0,2005-07-26T00:15:00,ENGINE_EXECUTABLE_HYDRAULICALLY_UNVALIDATED
C_25275,0.0,0.0,3.0479999622912143e-05,0,0,2005-07-26T00:15:00,ENGINE_EXECUTABLE_HYDRAULICALLY_UNVALIDATED
C_25276,0.0,0.0,3.0479999622912143e-05,0,0,2005-07-26T00:15:00,ENGINE_EXECUTABLE_HYDRAULICALLY_UNVALIDATED
C_25277,0.0,0.0,3.0479999622912143e-05,0,0,2005-07-26T00:15:00,ENGINE_EXECUTABLE_HYDRAULICALLY_UNVALIDATED
C_25278,0.0,0.0,3.0479999622912143e-05,0,0,2005-07-26T00:15:00,ENGINE_EXECUTABLE_HYDRAULICALLY_UNVALIDATED
C_25279,0.0,0.0,3.0479999622912143e-05,0,0,2005-07-26T00:15:00,ENGINE_EXECUTABLE_HYDRAULICALLY_UNVALIDATED
C_25280,0.0,0.0,3.0479999622912143e-05,0,0,2005-07-26T00:15:00,ENGINE_EXECUTABLE_HYDRAULICALLY_UNVALIDATED
C_25281,0.0,0.0,3.0479999622912143e-05,0,0,2005-07-26T00:15:00,ENGINE_EXECUTABLE_HYDRAULICALLY_UNVALIDATED
C_25282,0.0,0.0,3.0479999622912143e-05,0,0,2005-07-26T00:15:00,ENGINE_EXECUTABLE_HYDRAULICALLY_UNVALIDATED
C_25283,0.0,0.0,3.0479999622912143e-05,0,0,2005-07-26T00:15:00,ENGINE_EXECUTABLE_HYDRAULICALLY_UNVALIDATED
C_25284,0.0,0.0,3.0479999622912143e-05,0,0,2005-07-26T00:15:00,ENGINE_EXECUTABLE_HYDRAULICALLY_UNVALIDATED
C_25285,0.0,0.0,3.0479999622912143e-05,0,0,2005-07-26T00:15:00,ENGINE_EXECUTABLE_HYDRAULICALLY_UNVALIDATED
C_25286,0.0,0.0,3.0479999622912143e-05,0,0,2005-07-26T00:15:00,ENGINE_EXECUTABLE_HYDRAULICALLY_UNVALIDATED
C_25287,0.0,0.0,3.0479999622912143e-05,0,0,2005-07-26T00:15:00,ENGINE_EXECUTABLE_HYDRAULICALLY_UNVALIDATED
C_25288,0.0,0.0,3.0479999622912143e-05,0,0,2005-07-26T00:15:00,ENGINE_EXECUTABLE_HYDRAULICALLY_UNVALIDATED
C_25289,0.0,0.0,3.0479999622912143e-05,0,0,2005-07-26T00:15:00,ENGINE_EXECUTABLE_HYDRAULICALLY_UNVALIDATED
C_25290,0.0,0.0,3.0479999622912143e-05,0,0,2005-07-26T00:15:00,ENGINE_EXECUTABLE_HYDRAULICALLY_UNVALIDATED
C_25291,0.0,0.0,3.0479999622912143e-05,0,0,2005-07-26T00:15:00,ENGINE_EXECUTABLE_HYDRAULICALLY_UNVALIDATED
C_25292,0.0,0.0,3.0479999622912143e-05,0,0,2005-07-26T00:15:00,ENGINE_EXECUTABLE_HYDRAULICALLY_UNVALIDATED
C_25293,0.0,0.0,3.0479999622912143e-05,0,0,2005-07-26T00:15:00,ENGINE_EXECUTABLE_HYDRAULICALLY_UNVALIDATED
C_25294,0.0,0.0,3.0479999622912143e-05,0,0,2005-07-26T00:15:00,ENGINE_EXECUTABLE_HYDRAULICALLY_UNVALIDATED
C_25295,0.0,0.0,3.0479999622912143e-05,0,0,2005-07-26T00:15:00,ENGINE_EXECUTABLE_HYDRAULICALLY_UNVALIDATED
C_25296,0.0,0.0,3.0479999622912143e-05,0,0,2005-07-26T00:15:00,ENGINE_EXECUTABLE_HYDRAULICALLY_UNVALIDATED
C_25297,0.0,0.0,3.0479999622912143e-05,0,0,2005-07-26T00:15:00,ENGINE_EXECUTABLE_HYDRAULICALLY_UNVALIDATED
C_25298,0.0,0.0,3.0479999622912143e-05,0,0,2005-07-26T00:15:00,ENGINE_EXECUTABLE_HYDRAULICALLY_UNVALIDATED
C_25299,0.0,0.0,3.0479999622912143e-05,0,0,2005-07-26T00:15:00,ENGINE_EXECUTABLE_HYDRAULICALLY_UNVALIDATED
C_25300,0.0,0.0,3.0479999622912143e-05,0,0,2005-07-26T00:15:00,ENGINE_EXECUTABLE_HYDRAULICALLY_UNVALIDATED
C_25301,0.0,0.0,3.0479999622912143e-05,0,0,2005-07-26T00:15:00,ENGINE_EXECUTABLE_HYDRAULICALLY_UNVALIDATED
C_25302,0.0,0.0,3.0479999622912143e-05,0,0,2005-07-26T00:15:00,ENGINE_EXECUTABLE_HYDRAULICALLY_UNVALIDATED
C_25303,0.0,0.0,3.0479999622912143e-05,0,0,2005-07-26T00:15:00,ENGINE_EXECUTABLE_HYDRAULICALLY_UNVALIDATED
C_25304,0.0,0.0,3.0479999622912143e-05,0,0,2005-07-26T00:15:00,ENGINE_EXECUTABLE_HYDRAULICALLY_UNVALIDATED
C_25305,0.0,0.0,3.0479999622912143e-05,0,0,2005-07-26T00:15:00,ENGINE_EXECUTABLE_HYDRAULICALLY_UNVALIDATED
C_25306,0.0,0.0,3.0479999622912143e-05,0,0,2005-07-26T00:15:00,ENGINE_EXECUTABLE_HYDRAULICALLY_UNVALIDATED
C_25307,0.0,0.0,3.0479999622912143e-05,0,0,2005-07-26T00:15:00,ENGINE_EXECUTABLE_HYDRAULICALLY_UNVALIDATED
C_26390,0.0,0.0,3.0479999622912143e-05,0,0,2005-07-26T00:15:00,ENGINE_EXECUTABLE_HYDRAULICALLY_UNVALIDATED
C_26391,0.0,0.0,3.0479999622912143e-05,0,0,2005-07-26T00:15:00,ENGINE_EXECUTABLE_HYDRAULICALLY_UNVALIDATED
C_26392,0.0,0.0,3.0479999622912143e-05,0,0,2005-07-26T00:15:00,ENGINE_EXECUTABLE_HYDRAULICALLY_UNVALIDATED
C_26393,0.0,0.0,3.0479999622912143e-05,0,0,2005-07-26T00:15:00,ENGINE_EXECUTABLE_HYDRAULICALLY_UNVALIDATED
C_26394,0.0,0.0,3.0479999622912143e-05,0,0,2005-07-26T00:15:00,ENGINE_EXECUTABLE_HYDRAULICALLY_UNVALIDATED
C_26395,0.0,0.0,3.0479999622912143e-05,0,0,2005-07-26T00:15:00,ENGINE_EXECUTABLE_HYDRAULICALLY_UNVALIDATED
C_26396,0.0,0.0,3.0479999622912143e-05,0,0,2005-07-26T00:15:00,ENGINE_EXECUTABLE_HYDRAULICALLY_UNVALIDATED
C_26401,0.0,0.0,3.0479999622912143e-05,0,0,2005-07-26T00:15:00,ENGINE_EXECUTABLE_HYDRAULICALLY_UNVALIDATED
C_26402,0.0,0.0,3.0479999622912143e-05,0,0,2005-07-26T00:15:00,ENGINE_EXECUTABLE_HYDRAULICALLY_UNVALIDATED
C_26403,0.0,0.0,3.0479999622912143e-05,0,0,2005-07-26T00:15:00,ENGINE_EXECUTABLE_HYDRAULICALLY_UNVALIDATED
C_26404,0.0,0.0,3.0479999622912143e-05,0,0,2005-07-26T00:15:00,ENGINE_EXECUTABLE_HYDRAULICALLY_UNVALIDATED
C_26405,0.0,0.0,3.0479999622912143e-05,0,0,2005-07-26T00:15:00,ENGINE_EXECUTABLE_HYDRAULICALLY_UNVALIDATED
C_26406,0.0,0.0,3.0479999622912143e-05,0,0,2005-07-26T00:15:00,ENGINE_EXECUTABLE_HYDRAULICALLY_UNVALIDATED
C_26410,0.0,0.0,3.0479999622912143e-05,0,0,2005-07-26T00:15:00,ENGINE_EXECUTABLE_HYDRAULICALLY_UNVALIDATED
C_26411,0.0,0.0,3.0479999622912143e-05,0,0,2005-07-26T00:15:00,ENGINE_EXECUTABLE_HYDRAULICALLY_UNVALIDATED
C_26412,0.0,0.0,3.0479999622912143e-05,0,0,2005-07-26T00:15:00,ENGINE_EXECUTABLE_HYDRAULICALLY_UNVALIDATED
C_26413,0.0,0.0,3.0479999622912143e-05,0,0,2005-07-26T00:15:00,ENGINE_EXECUTABLE_HYDRAULICALLY_UNVALIDATED
C_26414,0.0,0.0,3.0479999622912143e-05,0,0,2005-07-26T00:15:00,ENGINE_EXECUTABLE_HYDRAULICALLY_UNVALIDATED
C_26415,0.0,0.0,3.0479999622912143e-05,0,0,2005-07-26T00:15:00,ENGINE_EXECUTABLE_HYDRAULICALLY_UNVALIDATED
C_26418,0.0,0.0,3.0479999622912143e-05,0,0,2005-07-26T00:15:00,ENGINE_EXECUTABLE_HYDRAULICALLY_UNVALIDATED
C_26419,0.0,0.0,3.0479999622912143e-05,0,0,2005-07-26T00:15:00,ENGINE_EXECUTABLE_HYDRAULICALLY_UNVALIDATED
C_26420,0.0,0.0,3.0479999622912143e-05,0,0,2005-07-26T00:15:00,ENGINE_EXECUTABLE_HYDRAULICALLY_UNVALIDATED
C_26421,0.0,0.0,3.0479999622912143e-05,0,0,2005-07-26T00:15:00,ENGINE_EXECUTABLE_HYDRAULICALLY_UNVALIDATED
C_26422,0.0,0.0,3.0479999622912143e-05,0,0,2005-07-26T00:15:00,ENGINE_EXECUTABLE_HYDRAULICALLY_UNVALIDATED
C_26423,0.0,0.0,3.0479999622912143e-05,0,0,2005-07-26T00:15:00,ENGINE_EXECUTABLE_HYDRAULICALLY_UNVALIDATED
C_26428,0.0,0.0,3.0479999622912143e-05,0,0,2005-07-26T00:15:00,ENGINE_EXECUTABLE_HYDRAULICALLY_UNVALIDATED
C_26429,0.0,0.0,3.0479999622912143e-05,0,0,2005-07-26T00:15:00,ENGINE_EXECUTABLE_HYDRAULICALLY_UNVALIDATED
C_26430,0.0,0.0,3.0479999622912143e-05,0,0,2005-07-26T00:15:00,ENGINE_EXECUTABLE_HYDRAULICALLY_UNVALIDATED
C_26431,0.0,0.0,3.0479999622912143e-05,0,0,2005-07-26T00:15:00,ENGINE_EXECUTABLE_HYDRAULICALLY_UNVALIDATED
C_26432,0.0,0.0,3.0479999622912143e-05,0,0,2005-07-26T00:15:00,ENGINE_EXECUTABLE_HYDRAULICALLY_UNVALIDATED
C_26433,135.74627685546875,1.780903697013855,1.3857229948043823,0,0,2005-07-26T11:15:00,ENGINE_EXECUTABLE_HYDRAULICALLY_UNVALIDATED
C_26434,135.29811096191406,1.6103852987289429,1.5273933410644531,0,0,2005-07-26T11:15:00,ENGINE_EXECUTABLE_HYDRAULICALLY_UNVALIDATED
C_26436,136.50735473632812,2.871422052383423,0.864267110824585,0,0,2005-07-26T11:15:00,ENGINE_EXECUTABLE_HYDRAULICALLY_UNVALIDATED
C_26437,136.22708129882812,2.27836012840271,1.087001085281372,0,0,2005-07-26T11:15:00,ENGINE_EXECUTABLE_HYDRAULICALLY_UNVALIDATED
C_26446,2.164550304412842,0.5147152543067932,0.8068689703941345,0,0,2005-07-26T10:45:00,ENGINE_EXECUTABLE_HYDRAULICALLY_UNVALIDATED
C_26447,2.173481702804565,0.5399081707000732,0.8081536889076233,0,0,2005-07-26T10:45:00,ENGINE_EXECUTABLE_HYDRAULICALLY_UNVALIDATED
C_26448,2.202308893203736,0.5296121835708618,0.8114257454872131,0,0,2005-07-26T10:45:00,ENGINE_EXECUTABLE_HYDRAULICALLY_UNVALIDATED
C_26449,2.2426304817199707,0.5537887215614319,0.8170855641365051,0,0,2005-07-26T10:45:00,ENGINE_EXECUTABLE_HYDRAULICALLY_UNVALIDATED
C_26450,0.0022434287238866,0.0282331202179193,0.0317808166146278,0,0,2005-07-26T11:15:00,ENGINE_EXECUTABLE_HYDRAULICALLY_UNVALIDATED
C_26451,0.0012607569806277,0.0255026835948228,0.0419064052402973,0,0,2005-07-26T11:15:00,ENGINE_EXECUTABLE_HYDRAULICALLY_UNVALIDATED
C_26452,0.0064924526959657,0.0477740466594696,0.0543536096811294,0,0,2005-07-26T11:15:00,ENGINE_EXECUTABLE_HYDRAULICALLY_UNVALIDATED
C_26453,2.2789902687072754,0.5461679100990295,0.8236352205276489,0,0,2005-07-26T10:45:00,ENGINE_EXECUTABLE_HYDRAULICALLY_UNVALIDATED
C_26454,0.0126464990898966,0.0716775506734848,0.0705665349960327,0,0,2005-07-26T11:15:00,ENGINE_EXECUTABLE_HYDRAULICALLY_UNVALIDATED
C_26456,0.0224038213491439,0.0970767140388488,0.0923036038875579,0,0,2005-07-26T11:15:00,ENGINE_EXECUTABLE_HYDRAULICALLY_UNVALIDATED
C_26457,2.314730167388916,0.5350425243377686,0.8306651711463928,0,0,2005-07-26T10:45:00,ENGINE_EXECUTABLE_HYDRAULICALLY_UNVALIDATED
C_26459,2.3487212657928467,0.537097156047821,0.8368008136749268,0,0,2005-07-26T10:45:00,ENGINE_EXECUTABLE_HYDRAULICALLY_UNVALIDATED
C_26460,0.0,0.0,3.0479999622912143e-05,0,0,2005-07-26T00:15:00,ENGINE_EXECUTABLE_HYDRAULICALLY_UNVALIDATED
C_26461,0.0,0.0,3.0479999622912143e-05,0,0,2005-07-26T00:15:00,ENGINE_EXECUTABLE_HYDRAULICALLY_UNVALIDATED
C_26462,0.0,0.0,3.0479999622912143e-05,0,0,2005-07-26T00:15:00,ENGINE_EXECUTABLE_HYDRAULICALLY_UNVALIDATED
C_26463,0.0,0.0,0.0011508134193718,0,0,2005-07-26T00:15:00,ENGINE_EXECUTABLE_HYDRAULICALLY_UNVALIDATED
C_26464,0.0018776461947709,0.0539725609123706,0.0139140114188194,0,0,2005-07-26T11:15:00,ENGINE_EXECUTABLE_HYDRAULICALLY_UNVALIDATED
C_26465,2.3764185905456543,0.5376438498497009,0.8430208563804626,0,0,2005-07-26T10:45:00,ENGINE_EXECUTABLE_HYDRAULICALLY_UNVALIDATED
C_26466,2.396012783050537,0.5323459506034851,0.8498095273971558,0,0,2005-07-26T10:45:00,ENGINE_EXECUTABLE_HYDRAULICALLY_UNVALIDATED
C_26467,2.4065849781036377,0.5289228558540344,0.8566405177116394,0,0,2005-07-26T10:45:00,ENGINE_EXECUTABLE_HYDRAULICALLY_UNVALIDATED
C_26468,2.412716865539551,0.529121458530426,0.8634579181671143,0,0,2005-07-26T10:45:00,ENGINE_EXECUTABLE_HYDRAULICALLY_UNVALIDATED
C_26469,2.423046827316284,0.5284788012504578,0.8710620999336243,0,0,2005-07-26T10:45:00,ENGINE_EXECUTABLE_HYDRAULICALLY_UNVALIDATED
C_26470,2.4476330280303955,0.5250473022460938,0.8782068490982056,0,0,2005-07-26T10:45:00,ENGINE_EXECUTABLE_HYDRAULICALLY_UNVALIDATED
C_26471,2.477189540863037,0.5233272910118103,0.8845110535621643,0,0,2005-07-26T10:45:00,ENGINE_EXECUTABLE_HYDRAULICALLY_UNVALIDATED
C_26473,2.514403343200684,0.5141641497612,0.8908600211143494,0,0,2005-07-26T10:45:00,ENGINE_EXECUTABLE_HYDRAULICALLY_UNVALIDATED
C_26474,2.855302333831787,0.4122817516326904,0.9238399863243104,0,0,2005-07-26T10:45:00,ENGINE_EXECUTABLE_HYDRAULICALLY_UNVALIDATED
C_26475,2.8931093215942383,0.4057864248752594,0.944341003894806,0,0,2005-07-26T10:45:00,ENGINE_EXECUTABLE_HYDRAULICALLY_UNVALIDATED
C_26476,2.9304990768432617,0.4008070528507232,0.9648622274398804,0,0,2005-07-26T10:45:00,ENGINE_EXECUTABLE_HYDRAULICALLY_UNVALIDATED
C_26477,2.974113702774048,0.3972669243812561,0.9849280714988708,0,0,2005-07-26T10:45:00,ENGINE_EXECUTABLE_HYDRAULICALLY_UNVALIDATED
C_26478,2.8114776611328125,0.4187326431274414,0.903842270374298,0,0,2005-07-26T10:45:00,ENGINE_EXECUTABLE_HYDRAULICALLY_UNVALIDATED
C_26479,0.259936660528183,0.223843827843666,0.4736649692058563,0,0,2005-07-26T11:30:00,ENGINE_EXECUTABLE_HYDRAULICALLY_UNVALIDATED
C_26480,0.2501826584339142,0.191922128200531,0.4319459497928619,0,0,2005-07-26T11:30:00,ENGINE_EXECUTABLE_HYDRAULICALLY_UNVALIDATED
C_26481,0.2318388521671295,0.1597437262535095,0.3965320885181427,0,0,2005-07-26T11:30:00,ENGINE_EXECUTABLE_HYDRAULICALLY_UNVALIDATED
C_26482,0.2136437892913818,0.1715648472309112,0.3693509697914123,0,0,2005-07-26T11:30:00,ENGINE_EXECUTABLE_HYDRAULICALLY_UNVALIDATED
C_26483,0.1921051442623138,0.1827335059642791,0.3423469960689544,0,0,2005-07-26T11:30:00,ENGINE_EXECUTABLE_HYDRAULICALLY_UNVALIDATED
C_26484,0.1687903851270675,0.1880480051040649,0.3155436515808105,0,0,2005-07-26T11:30:00,ENGINE_EXECUTABLE_HYDRAULICALLY_UNVALIDATED
C_26485,0.1442535519599914,0.1861020475625991,0.2889648973941803,0,0,2005-07-26T11:30:00,ENGINE_EXECUTABLE_HYDRAULICALLY_UNVALIDATED
C_26486,0.1183972135186195,0.1716113239526748,0.2621603310108185,0,0,2005-07-26T11:30:00,ENGINE_EXECUTABLE_HYDRAULICALLY_UNVALIDATED
C_26487,3.0436346530914307,0.3935666680335998,1.0050697326660156,0,0,2005-07-26T10:30:00,ENGINE_EXECUTABLE_HYDRAULICALLY_UNVALIDATED
C_26488,3.1147866249084477,0.3888387680053711,1.0258119106292725,0,0,2005-07-26T10:30:00,ENGINE_EXECUTABLE_HYDRAULICALLY_UNVALIDATED
C_26489,3.182525634765625,0.4679681062698364,1.046630859375,0,0,2005-07-26T10:30:00,ENGINE_EXECUTABLE_HYDRAULICALLY_UNVALIDATED
C_26490,3.254812717437744,0.4281826913356781,1.0669872760772705,0,0,2005-07-26T10:30:00,ENGINE_EXECUTABLE_HYDRAULICALLY_UNVALIDATED
C_26491,3.334841012954712,0.402912825345993,1.0873641967773438,0,0,2005-07-26T10:30:00,ENGINE_EXECUTABLE_HYDRAULICALLY_UNVALIDATED
C_26493,3.418513298034668,0.4094017446041107,1.1082720756530762,0,0,2005-07-26T10:30:00,ENGINE_EXECUTABLE_HYDRAULICALLY_UNVALIDATED
C_26494,3.498049020767212,0.4118945002555847,1.129243016242981,0,0,2005-07-26T10:30:00,ENGINE_EXECUTABLE_HYDRAULICALLY_UNVALIDATED
C_26495,3.5709927082061768,0.4046781063079834,1.1498032808303833,0,0,2005-07-26T10:30:00,ENGINE_EXECUTABLE_HYDRAULICALLY_UNVALIDATED
C_26496,3.6411054134368896,0.3980381190776825,1.1704457998275757,0,0,2005-07-26T10:30:00,ENGINE_EXECUTABLE_HYDRAULICALLY_UNVALIDATED
C_26497,3.711097478866577,0.3979767858982086,1.1911314725875854,0,0,2005-07-26T10:30:00,ENGINE_EXECUTABLE_HYDRAULICALLY_UNVALIDATED
C_26498,3.785110473632813,0.4012955725193023,1.2118173837661743,0,0,2005-07-26T10:30:00,ENGINE_EXECUTABLE_HYDRAULICALLY_UNVALIDATED
C_26499,3.865681171417236,0.4034823477268219,1.2324793338775637,0,0,2005-07-26T10:30:00,ENGINE_EXECUTABLE_HYDRAULICALLY_UNVALIDATED
C_26500,3.9469923973083496,0.4038050472736358,1.2531229257583618,0,0,2005-07-26T10:30:00,ENGINE_EXECUTABLE_HYDRAULICALLY_UNVALIDATED
C_26501,4.025681495666504,0.4042026698589325,1.2742607593536377,0,0,2005-07-26T10:30:00,ENGINE_EXECUTABLE_HYDRAULICALLY_UNVALIDATED
C_26502,4.100540637969971,0.4068365097045898,1.2954076528549194,0,0,2005-07-26T10:30:00,ENGINE_EXECUTABLE_HYDRAULICALLY_UNVALIDATED
C_26503,4.17121171951294,0.4115839898586273,1.316068172454834,0,0,2005-07-26T10:30:00,ENGINE_EXECUTABLE_HYDRAULICALLY_UNVALIDATED
C_26504,134.8778533935547,1.4969323873519895,1.6432623863220217,0,0,2005-07-26T11:15:00,ENGINE_EXECUTABLE_HYDRAULICALLY_UNVALIDATED
C_26508,4.240570068359375,0.4165071547031402,1.3372228145599363,0,0,2005-07-26T10:30:00,ENGINE_EXECUTABLE_HYDRAULICALLY_UNVALIDATED
C_26509,4.309727191925049,0.4206255078315735,1.35835862159729,0,0,2005-07-26T10:30:00,ENGINE_EXECUTABLE_HYDRAULICALLY_UNVALIDATED
C_26510,4.360104560852051,0.4233325123786926,1.3745559453964231,0,0,2005-07-26T10:30:00,ENGINE_EXECUTABLE_HYDRAULICALLY_UNVALIDATED
C_26511,4.405466556549072,0.4251985549926758,1.384837985038757,0,0,2005-07-26T10:30:00,ENGINE_EXECUTABLE_HYDRAULICALLY_UNVALIDATED
C_26512,0.0007258994155563,0.0021092239767313,0.1626484990119934,0,0,2005-07-26T11:00:00,ENGINE_EXECUTABLE_HYDRAULICALLY_UNVALIDATED
C_26513,4.45313024520874,0.4259227812290191,1.404989242553711,0,0,2005-07-26T10:30:00,ENGINE_EXECUTABLE_HYDRAULICALLY_UNVALIDATED
C_26514,0.0,0.0,0.0189433693885803,0,0,2005-07-26T00:15:00,ENGINE_EXECUTABLE_HYDRAULICALLY_UNVALIDATED
C_26515,0.0,0.0,3.0479999622912143e-05,0,0,2005-07-26T00:15:00,ENGINE_EXECUTABLE_HYDRAULICALLY_UNVALIDATED
C_26516,4.524648666381836,0.4321907758712768,1.427441120147705,0,0,2005-07-26T10:30:00,ENGINE_EXECUTABLE_HYDRAULICALLY_UNVALIDATED
C_26517,0.0,0.0,3.0479999622912143e-05,0,0,2005-07-26T00:15:00,ENGINE_EXECUTABLE_HYDRAULICALLY_UNVALIDATED
C_26518,135.34048461914062,1.4185415506362915,1.738042235374451,0,0,2005-07-26T11:00:00,ENGINE_EXECUTABLE_HYDRAULICALLY_UNVALIDATED
C_26519,0.020617090165615,0.020903481170535,0.7053333520889282,0,0,2005-07-26T10:45:00,ENGINE_EXECUTABLE_HYDRAULICALLY_UNVALIDATED
C_26520,135.20668029785156,1.3824429512023926,1.7818652391433716,0,0,2005-07-26T11:00:00,ENGINE_EXECUTABLE_HYDRAULICALLY_UNVALIDATED
C_26521,4.587398529052734,0.4401666522026062,1.442891001701355,0,0,2005-07-26T10:30:00,ENGINE_EXECUTABLE_HYDRAULICALLY_UNVALIDATED
C_26522,4.653493881225586,0.444313496351242,1.4647318124771118,0,0,2005-07-26T10:30:00,ENGINE_EXECUTABLE_HYDRAULICALLY_UNVALIDATED
C_26523,4.743193626403809,0.4532856345176697,1.4872395992279053,0,0,2005-07-26T10:30:00,ENGINE_EXECUTABLE_HYDRAULICALLY_UNVALIDATED
C_26524,135.02305603027344,1.3572463989257812,1.8129454851150515,0,0,2005-07-26T11:00:00,ENGINE_EXECUTABLE_HYDRAULICALLY_UNVALIDATED
C_26525,0.0,0.0,3.0479999622912143e-05,0,0,2005-07-26T00:15:00,ENGINE_EXECUTABLE_HYDRAULICALLY_UNVALIDATED
C_26526,0.0,0.0,3.0479999622912143e-05,0,0,2005-07-26T00:15:00,ENGINE_EXECUTABLE_HYDRAULICALLY_UNVALIDATED
C_26527,0.0,0.0,3.0479999622912143e-05,0,0,2005-07-26T00:15:00,ENGINE_EXECUTABLE_HYDRAULICALLY_UNVALIDATED
C_26528,0.0,0.0,3.0479999622912143e-05,0,0,2005-07-26T00:15:00,ENGINE_EXECUTABLE_HYDRAULICALLY_UNVALIDATED
C_26529,0.0,0.0,3.0479999622912143e-05,0,0,2005-07-26T00:15:00,ENGINE_EXECUTABLE_HYDRAULICALLY_UNVALIDATED
C_26530,0.0,0.0,3.0479999622912143e-05,0,0,2005-07-26T00:15:00,ENGINE_EXECUTABLE_HYDRAULICALLY_UNVALIDATED
C_26531,0.0,0.0,3.0479999622912143e-05,0,0,2005-07-26T00:15:00,ENGINE_EXECUTABLE_HYDRAULICALLY_UNVALIDATED
C_26532,0.0,0.0,3.0479999622912143e-05,0,0,2005-07-26T00:15:00,ENGINE_EXECUTABLE_HYDRAULICALLY_UNVALIDATED
C_26533,0.0,0.0,3.0479999622912143e-05,0,0,2005-07-26T00:15:00,ENGINE_EXECUTABLE_HYDRAULICALLY_UNVALIDATED
C_26534,0.0,0.0,3.0479999622912143e-05,0,0,2005-07-26T00:15:00,ENGINE_EXECUTABLE_HYDRAULICALLY_UNVALIDATED
C_26535,136.9720001220703,1.3503788709640503,1.845913648605347,0,0,2005-07-26T11:00:00,ENGINE_EXECUTABLE_HYDRAULICALLY_UNVALIDATED
C_26536,137.12680053710938,1.4989616870880127,1.854918360710144,0,0,2005-07-26T11:00:00,ENGINE_EXECUTABLE_HYDRAULICALLY_UNVALIDATED
C_26537,0.0,0.0,3.0479999622912143e-05,0,0,2005-07-26T00:15:00,ENGINE_EXECUTABLE_HYDRAULICALLY_UNVALIDATED
C_26538,0.0,0.0,3.0479999622912143e-05,0,0,2005-07-26T00:15:00,ENGINE_EXECUTABLE_HYDRAULICALLY_UNVALIDATED
C_26539,137.08517456054688,1.4725631475448608,1.8818873167037964,0,0,2005-07-26T11:00:00,ENGINE_EXECUTABLE_HYDRAULICALLY_UNVALIDATED
C_26540,0.0,0.0,3.0479999622912143e-05,0,0,2005-07-26T00:15:00,ENGINE_EXECUTABLE_HYDRAULICALLY_UNVALIDATED
C_26541,0.0,0.0,3.0479999622912143e-05,0,0,2005-07-26T00:15:00,ENGINE_EXECUTABLE_HYDRAULICALLY_UNVALIDATED
C_26542,0.0,0.0,3.0479999622912143e-05,0,0,2005-07-26T00:15:00,ENGINE_EXECUTABLE_HYDRAULICALLY_UNVALIDATED
C_26543,0.0,0.0,3.0479999622912143e-05,0,0,2005-07-26T00:15:00,ENGINE_EXECUTABLE_HYDRAULICALLY_UNVALIDATED
C_26544,0.0,0.0,3.0479999622912143e-05,0,0,2005-07-26T00:15:00,ENGINE_EXECUTABLE_HYDRAULICALLY_UNVALIDATED
C_26545,0.0,0.0,3.0479999622912143e-05,0,0,2005-07-26T00:15:00,ENGINE_EXECUTABLE_HYDRAULICALLY_UNVALIDATED
C_26546,0.0,0.0,3.0479999622912143e-05,0,0,2005-07-26T00:15:00,ENGINE_EXECUTABLE_HYDRAULICALLY_UNVALIDATED
C_26547,0.0,0.0,3.0479999622912143e-05,0,0,2005-07-26T00:15:00,ENGINE_EXECUTABLE_HYDRAULICALLY_UNVALIDATED
C_26548,0.0,0.0,3.0479999622912143e-05,0,0,2005-07-26T00:15:00,ENGINE_EXECUTABLE_HYDRAULICALLY_UNVALIDATED
C_26549,0.0,0.0,3.0479999622912143e-05,0,0,2005-07-26T00:15:00,ENGINE_EXECUTABLE_HYDRAULICALLY_UNVALIDATED
C_26550,0.0,0.0,3.0479999622912143e-05,0,0,2005-07-26T00:15:00,ENGINE_EXECUTABLE_HYDRAULICALLY_UNVALIDATED
C_26551,0.0,0.0,3.0479999622912143e-05,0,0,2005-07-26T00:15:00,ENGINE_EXECUTABLE_HYDRAULICALLY_UNVALIDATED
C_26552,0.0,0.0,3.0479999622912143e-05,0,0,2005-07-26T00:15:00,ENGINE_EXECUTABLE_HYDRAULICALLY_UNVALIDATED
C_26553,0.0,0.0,3.0479999622912143e-05,0,0,2005-07-26T00:15:00,ENGINE_EXECUTABLE_HYDRAULICALLY_UNVALIDATED
C_26554,0.0,0.0,3.0479999622912143e-05,0,0,2005-07-26T00:15:00,ENGINE_EXECUTABLE_HYDRAULICALLY_UNVALIDATED
C_26555,0.0,0.0,3.0479999622912143e-05,0,0,2005-07-26T00:15:00,ENGINE_EXECUTABLE_HYDRAULICALLY_UNVALIDATED
C_26556,0.0,0.0,3.0479999622912143e-05,0,0,2005-07-26T00:15:00,ENGINE_EXECUTABLE_HYDRAULICALLY_UNVALIDATED
C_26557,0.0,0.0,3.0479999622912143e-05,0,0,2005-07-26T00:15:00,ENGINE_EXECUTABLE_HYDRAULICALLY_UNVALIDATED
C_26558,0.0,0.0,3.0479999622912143e-05,0,0,2005-07-26T00:15:00,ENGINE_EXECUTABLE_HYDRAULICALLY_UNVALIDATED
C_26559,0.0,0.0,3.0479999622912143e-05,0,0,2005-07-26T00:15:00,ENGINE_EXECUTABLE_HYDRAULICALLY_UNVALIDATED
C_26562,4.3907490180572495e-05,0.0119806816801428,0.2969622611999511,0,0,2005-07-26T11:15:00,ENGINE_EXECUTABLE_HYDRAULICALLY_UNVALIDATED
C_26564,0.0,0.0,3.0479999622912143e-05,0,0,2005-07-26T00:15:00,ENGINE_EXECUTABLE_HYDRAULICALLY_UNVALIDATED
C_26565,0.0,0.0,3.0479999622912143e-05,0,0,2005-07-26T00:15:00,ENGINE_EXECUTABLE_HYDRAULICALLY_UNVALIDATED
C_26566,0.0,0.0,3.0479999622912143e-05,0,0,2005-07-26T00:15:00,ENGINE_EXECUTABLE_HYDRAULICALLY_UNVALIDATED
C_26567,0.0,0.0,3.0479999622912143e-05,0,0,2005-07-26T00:15:00,ENGINE_EXECUTABLE_HYDRAULICALLY_UNVALIDATED
C_26568,0.0,0.0,3.0479999622912143e-05,0,0,2005-07-26T00:15:00,ENGINE_EXECUTABLE_HYDRAULICALLY_UNVALIDATED
C_26569,0.0,0.0,3.0479999622912143e-05,0,0,2005-07-26T00:15:00,ENGINE_EXECUTABLE_HYDRAULICALLY_UNVALIDATED
C_26571,0.0937755182385444,0.1637143790721893,0.2361157089471817,0,0,2005-07-26T11:30:00,ENGINE_EXECUTABLE_HYDRAULICALLY_UNVALIDATED
C_26572,0.0736976340413093,0.0962954759597778,0.2108221054077148,0,0,2005-07-26T11:30:00,ENGINE_EXECUTABLE_HYDRAULICALLY_UNVALIDATED
C_26573,0.0584350563585758,0.0914408862590789,0.1853862851858139,0,0,2005-07-26T11:30:00,ENGINE_EXECUTABLE_HYDRAULICALLY_UNVALIDATED
C_26574,0.0454485677182674,0.0889798328280448,0.1605044156312942,0,0,2005-07-26T11:30:00,ENGINE_EXECUTABLE_HYDRAULICALLY_UNVALIDATED
C_26575,0.0325501970946788,0.0851379707455635,0.1358692497014999,0,0,2005-07-26T11:30:00,ENGINE_EXECUTABLE_HYDRAULICALLY_UNVALIDATED
C_26576,0.0189452208578586,0.0743098109960556,0.1106346175074577,0,0,2005-07-26T11:30:00,ENGINE_EXECUTABLE_HYDRAULICALLY_UNVALIDATED
C_26577,0.0152343623340129,0.0614880137145519,0.0851051583886146,0,0,2005-07-26T11:15:00,ENGINE_EXECUTABLE_HYDRAULICALLY_UNVALIDATED
C_26578,0.0166285652667284,0.0579448416829109,0.0573880709707737,0,0,2005-07-26T11:15:00,ENGINE_EXECUTABLE_HYDRAULICALLY_UNVALIDATED
C_26579,0.0077162971720099,0.067085213959217,0.0230019018054008,0,0,2005-07-26T11:15:00,ENGINE_EXECUTABLE_HYDRAULICALLY_UNVALIDATED
C_26580,0.0,0.0,0.0017303307540714,0,0,2005-07-26T00:15:00,ENGINE_EXECUTABLE_HYDRAULICALLY_UNVALIDATED
C_26581,0.0,0.0,3.0479999622912143e-05,0,0,2005-07-26T00:15:00,ENGINE_EXECUTABLE_HYDRAULICALLY_UNVALIDATED
C_26582,0.0,0.0,3.0479999622912143e-05,0,0,2005-07-26T00:15:00,ENGINE_EXECUTABLE_HYDRAULICALLY_UNVALIDATED
C_26583,0.0,0.0,3.0479999622912143e-05,0,0,2005-07-26T00:15:00,ENGINE_EXECUTABLE_HYDRAULICALLY_UNVALIDATED
C_26584,0.0,0.0,3.0479999622912143e-05,0,0,2005-07-26T00:15:00,ENGINE_EXECUTABLE_HYDRAULICALLY_UNVALIDATED
C_26585,0.0,0.0,3.0479999622912143e-05,0,0,2005-07-26T00:15:00,ENGINE_EXECUTABLE_HYDRAULICALLY_UNVALIDATED
C_26586,0.0,0.0,3.0479999622912143e-05,0,0,2005-07-26T00:15:00,ENGINE_EXECUTABLE_HYDRAULICALLY_UNVALIDATED
C_26587,0.0,0.0,3.0479999622912143e-05,0,0,2005-07-26T00:15:00,ENGINE_EXECUTABLE_HYDRAULICALLY_UNVALIDATED
C_26588,0.0,0.0,3.0479999622912143e-05,0,0,2005-07-26T00:15:00,ENGINE_EXECUTABLE_HYDRAULICALLY_UNVALIDATED
C_26589,0.0,0.0,3.0479999622912143e-05,0,0,2005-07-26T00:15:00,ENGINE_EXECUTABLE_HYDRAULICALLY_UNVALIDATED
C_26590,0.0,0.0,3.0479999622912143e-05,0,0,2005-07-26T00:15:00,ENGINE_EXECUTABLE_HYDRAULICALLY_UNVALIDATED
C_26591,0.0,0.0,3.0479999622912143e-05,0,0,2005-07-26T00:15:00,ENGINE_EXECUTABLE_HYDRAULICALLY_UNVALIDATED
C_26592,0.0,0.0,3.0479999622912143e-05,0,0,2005-07-26T00:15:00,ENGINE_EXECUTABLE_HYDRAULICALLY_UNVALIDATED
C_26593,0.0,0.0,3.0479999622912143e-05,0,0,2005-07-26T00:15:00,ENGINE_EXECUTABLE_HYDRAULICALLY_UNVALIDATED
C_26594,0.0,0.0,3.0479999622912143e-05,0,0,2005-07-26T00:15:00,ENGINE_EXECUTABLE_HYDRAULICALLY_UNVALIDATED
C_26595,0.0,0.0,3.0479999622912143e-05,0,0,2005-07-26T00:15:00,ENGINE_EXECUTABLE_HYDRAULICALLY_UNVALIDATED
C_26596,0.0,0.0,3.0479999622912143e-05,0,0,2005-07-26T00:15:00,ENGINE_EXECUTABLE_HYDRAULICALLY_UNVALIDATED
C_26597,0.0,0.0,3.0479999622912143e-05,0,0,2005-07-26T00:15:00,ENGINE_EXECUTABLE_HYDRAULICALLY_UNVALIDATED
C_26598,0.0,0.0,3.0479999622912143e-05,0,0,2005-07-26T00:15:00,ENGINE_EXECUTABLE_HYDRAULICALLY_UNVALIDATED
C_26599,0.0,0.0,3.0479999622912143e-05,0,0,2005-07-26T00:15:00,ENGINE_EXECUTABLE_HYDRAULICALLY_UNVALIDATED
C_26600,0.0,0.0,3.0479999622912143e-05,0,0,2005-07-26T00:15:00,ENGINE_EXECUTABLE_HYDRAULICALLY_UNVALIDATED
C_26601,0.0,0.0,3.0479999622912143e-05,0,0,2005-07-26T00:15:00,ENGINE_EXECUTABLE_HYDRAULICALLY_UNVALIDATED
C_26602,0.5745992064476013,0.1518897414207458,1.0467830896377563,0,0,2005-07-26T12:00:00,ENGINE_EXECUTABLE_HYDRAULICALLY_UNVALIDATED
C_26603,0.5229431390762329,0.1456302404403686,1.118314266204834,0,0,2005-07-26T12:00:00,ENGINE_EXECUTABLE_HYDRAULICALLY_UNVALIDATED
C_26604,0.1037268787622451,0.5704092383384705,0.5944123268127441,15,0,2005-07-26T10:15:00,ENGINE_EXECUTABLE_HYDRAULICALLY_UNVALIDATED
C_26605,0.9337633848190308,0.1679191887378692,1.172008395195007,0,0,2005-07-26T11:45:00,ENGINE_EXECUTABLE_HYDRAULICALLY_UNVALIDATED
C_26606,1.1462963819503784,0.1824448704719543,1.212472438812256,0,0,2005-07-26T10:45:00,ENGINE_EXECUTABLE_HYDRAULICALLY_UNVALIDATED
C_26607,1.4976708889007568,0.1944839358329773,1.2643557786941528,0,0,2005-07-26T10:45:00,ENGINE_EXECUTABLE_HYDRAULICALLY_UNVALIDATED
C_26608,1.3423365354537964,0.1606584042310714,1.3534821271896362,0,0,2005-07-26T10:45:00,ENGINE_EXECUTABLE_HYDRAULICALLY_UNVALIDATED
C_26609,1.138519287109375,0.1647863686084747,1.4503765106201172,0,0,2005-07-26T10:45:00,ENGINE_EXECUTABLE_HYDRAULICALLY_UNVALIDATED
C_26610,1.3537957668304443,0.1970618218183517,1.520470142364502,0,0,2005-07-26T14:15:00,ENGINE_EXECUTABLE_HYDRAULICALLY_UNVALIDATED
C_26611,1.540776252746582,0.2122352719306945,1.5870484113693235,0,0,2005-07-26T14:15:00,ENGINE_EXECUTABLE_HYDRAULICALLY_UNVALIDATED
C_26612,1.548421025276184,0.2582370042800903,1.657863736152649,0,0,2005-07-26T14:15:00,ENGINE_EXECUTABLE_HYDRAULICALLY_UNVALIDATED
C_26613,1.4763075113296509,0.2029275447130203,1.730177879333496,0,0,2005-07-26T14:15:00,ENGINE_EXECUTABLE_HYDRAULICALLY_UNVALIDATED
C_26614,1.418614387512207,0.2038107216358184,1.7966161966323853,0,0,2005-07-26T14:15:00,ENGINE_EXECUTABLE_HYDRAULICALLY_UNVALIDATED
C_26615,1.4357398748397827,0.2212711870670318,1.832394003868103,0,0,2005-07-26T14:15:00,ENGINE_EXECUTABLE_HYDRAULICALLY_UNVALIDATED
C_26616,1.5500328540802002,0.2262272983789444,1.853923320770264,0,0,2005-07-26T14:15:00,ENGINE_EXECUTABLE_HYDRAULICALLY_UNVALIDATED
C_26617,1.6595540046691897,0.217167466878891,1.893120288848877,0,0,2005-07-26T14:15:00,ENGINE_EXECUTABLE_HYDRAULICALLY_UNVALIDATED
C_26618,1.8339358568191528,0.2202151268720626,1.9152803421020508,0,0,2005-07-26T10:45:00,ENGINE_EXECUTABLE_HYDRAULICALLY_UNVALIDATED
C_26619,2.140223264694214,0.2377973645925521,1.9054163694381716,0,0,2005-07-26T10:45:00,ENGINE_EXECUTABLE_HYDRAULICALLY_UNVALIDATED
C_26620,2.007940530776977,0.2549490928649902,1.893484354019165,0,0,2005-07-26T11:45:00,ENGINE_EXECUTABLE_HYDRAULICALLY_UNVALIDATED
C_26621,2.1834585666656494,0.2693375945091247,1.895326375961304,0,0,2005-07-26T11:45:00,ENGINE_EXECUTABLE_HYDRAULICALLY_UNVALIDATED
C_26622,2.221834421157837,0.2866985201835632,1.907175183296204,0,0,2005-07-26T11:45:00,ENGINE_EXECUTABLE_HYDRAULICALLY_UNVALIDATED
C_26623,1.8396461009979248,0.1840278655290603,1.93919837474823,0,0,2005-07-26T11:15:00,ENGINE_EXECUTABLE_HYDRAULICALLY_UNVALIDATED
C_26624,0.0,0.0,3.0479999622912143e-05,0,0,2005-07-26T00:15:00,ENGINE_EXECUTABLE_HYDRAULICALLY_UNVALIDATED
C_26625,0.0,0.0,3.0479999622912143e-05,0,0,2005-07-26T00:15:00,ENGINE_EXECUTABLE_HYDRAULICALLY_UNVALIDATED
C_26626,0.0,0.0,3.0479999622912143e-05,0,0,2005-07-26T00:15:00,ENGINE_EXECUTABLE_HYDRAULICALLY_UNVALIDATED
C_26627,0.0,0.0,3.0479999622912143e-05,0,0,2005-07-26T00:15:00,ENGINE_EXECUTABLE_HYDRAULICALLY_UNVALIDATED
C_26628,0.0,0.0,3.0479999622912143e-05,0,0,2005-07-26T00:15:00,ENGINE_EXECUTABLE_HYDRAULICALLY_UNVALIDATED
C_26629,2.1113240718841557,0.2160065323114395,1.967278003692627,0,0,2005-07-26T11:15:00,ENGINE_EXECUTABLE_HYDRAULICALLY_UNVALIDATED
C_26630,2.508188009262085,0.2358285784721374,1.989234447479248,0,0,2005-07-26T11:15:00,ENGINE_EXECUTABLE_HYDRAULICALLY_UNVALIDATED
C_26631,2.851118803024292,0.2514577507972717,2.0214357376098637,0,0,2005-07-26T11:15:00,ENGINE_EXECUTABLE_HYDRAULICALLY_UNVALIDATED
C_26632,2.3932104110717773,0.2651351988315582,2.0511929988861084,0,0,2005-07-26T11:15:00,ENGINE_EXECUTABLE_HYDRAULICALLY_UNVALIDATED
C_26633,141.81375122070312,1.3912136554718018,2.065651655197144,0,0,2005-07-26T10:45:00,ENGINE_EXECUTABLE_HYDRAULICALLY_UNVALIDATED
C_26634,2.4522347450256348,0.2784831821918487,2.077784299850464,0,0,2005-07-26T10:00:00,ENGINE_EXECUTABLE_HYDRAULICALLY_UNVALIDATED
C_26635,2.5297133922576904,0.2813385426998138,2.1007697582244877,0,0,2005-07-26T10:00:00,ENGINE_EXECUTABLE_HYDRAULICALLY_UNVALIDATED
C_26636,142.4785614013672,1.36266827583313,2.1381397247314453,0,0,2005-07-26T10:45:00,ENGINE_EXECUTABLE_HYDRAULICALLY_UNVALIDATED
C_26637,145.87979125976562,1.3929400444030762,2.11631178855896,0,0,2005-07-26T10:45:00,ENGINE_EXECUTABLE_HYDRAULICALLY_UNVALIDATED
C_26638,11.302876472473145,0.4968666136264801,1.377761960029602,0,0,2005-07-26T10:15:00,ENGINE_EXECUTABLE_HYDRAULICALLY_UNVALIDATED
C_26646,6.408862113952637,2.7621328830718994,1.159999966621399,510,510,2005-07-26T10:45:00,ENGINE_EXECUTABLE_HYDRAULICALLY_UNVALIDATED
C_26647,6.408093452453613,1.284558892250061,1.246999979019165,465,465,2005-07-26T10:45:00,ENGINE_EXECUTABLE_HYDRAULICALLY_UNVALIDATED
C_26648,6.407480239868164,1.2823792695999146,1.2489999532699585,465,465,2005-07-26T10:30:00,ENGINE_EXECUTABLE_HYDRAULICALLY_UNVALIDATED
C_26651,6.4078145027160645,1.3280057907104492,1.1430000066757202,525,525,2005-07-26T10:30:00,ENGINE_EXECUTABLE_HYDRAULICALLY_UNVALIDATED
C_26659,5.768814563751221,1.265088677406311,1.100000023841858,555,540,2005-07-26T10:15:00,ENGINE_EXECUTABLE_HYDRAULICALLY_UNVALIDATED
C_26660,5.147698879241943,1.116755485534668,1.100000023841858,555,540,2005-07-26T10:15:00,ENGINE_EXECUTABLE_HYDRAULICALLY_UNVALIDATED
C_26661,4.525327205657959,0.5565451979637146,1.534000039100647,405,390,2005-07-26T10:15:00,ENGINE_EXECUTABLE_HYDRAULICALLY_UNVALIDATED
C_26662,7.977612018585205,0.9250413179397584,1.6269999742507937,390,390,2005-07-26T10:45:00,ENGINE_EXECUTABLE_HYDRAULICALLY_UNVALIDATED
C_26664,7.977610111236572,3.0516319274902344,1.3600000143051147,465,450,2005-07-26T10:45:00,ENGINE_EXECUTABLE_HYDRAULICALLY_UNVALIDATED
C_26669,4.919828414916992,2.029690980911255,1.3539999723434448,465,450,2005-07-26T10:45:00,ENGINE_EXECUTABLE_HYDRAULICALLY_UNVALIDATED
C_26670,3.395312786102295,1.2937973737716677,1.3609999418258667,465,450,2005-07-26T10:45:00,ENGINE_EXECUTABLE_HYDRAULICALLY_UNVALIDATED
C_26671,7.215188026428223,2.594698429107666,1.5369999408721924,405,390,2005-07-26T10:45:00,ENGINE_EXECUTABLE_HYDRAULICALLY_UNVALIDATED
C_26679,2.4912686347961426,1.1980993747711182,1.0570000410079956,570,570,2005-07-26T19:15:00,ENGINE_EXECUTABLE_HYDRAULICALLY_UNVALIDATED
C_26680,2.811424732208252,1.0681943893432615,1.2640000581741333,465,465,2005-07-26T19:15:00,ENGINE_EXECUTABLE_HYDRAULICALLY_UNVALIDATED
C_26682,3.1369168758392334,1.1114697456359863,1.4110000133514404,405,405,2005-07-26T19:15:00,ENGINE_EXECUTABLE_HYDRAULICALLY_UNVALIDATED
C_26684,3.4035120010375977,0.8599790930747986,2.0280001163482666,120,120,2005-07-26T09:45:00,ENGINE_EXECUTABLE_HYDRAULICALLY_UNVALIDATED
C_26692,4.000682830810547,1.1667180061340332,1.684000015258789,270,240,2005-07-26T10:00:00,ENGINE_EXECUTABLE_HYDRAULICALLY_UNVALIDATED
C_26693,5.09636926651001,1.3113185167312622,1.8209999799728396,165,150,2005-07-26T10:30:00,ENGINE_EXECUTABLE_HYDRAULICALLY_UNVALIDATED
C_26701,6.624558925628662,2.2234601974487305,1.434999942779541,360,330,2005-07-26T10:30:00,ENGINE_EXECUTABLE_HYDRAULICALLY_UNVALIDATED
C_26702,7.391634941101074,2.5675110816955566,1.3420000076293943,360,330,2005-07-26T10:30:00,ENGINE_EXECUTABLE_HYDRAULICALLY_UNVALIDATED
C_26703,8.153865814208984,4.411105632781982,1.1480000019073486,180,165,2005-07-26T10:30:00,ENGINE_EXECUTABLE_HYDRAULICALLY_UNVALIDATED
C_26706,8.154572486877441,1.989967942237854,1.5549999475479126,60,60,2005-07-26T10:30:00,ENGINE_EXECUTABLE_HYDRAULICALLY_UNVALIDATED
C_26713,2.290271043777466,0.1194518357515335,2.072176694869995,0,0,2005-07-26T13:30:00,ENGINE_EXECUTABLE_HYDRAULICALLY_UNVALIDATED
C_26714,146.78297424316406,2.4158663749694824,2.3255109786987305,0,0,2005-07-26T10:30:00,ENGINE_EXECUTABLE_HYDRAULICALLY_UNVALIDATED
C_26716,148.64122009277344,2.3248696327209477,2.4436001777648926,0,0,2005-07-26T10:45:00,ENGINE_EXECUTABLE_HYDRAULICALLY_UNVALIDATED
C_26717,147.55487060546875,2.3251852989196777,2.3744890689849854,0,0,2005-07-26T10:30:00,ENGINE_EXECUTABLE_HYDRAULICALLY_UNVALIDATED
C_26718,148.2901611328125,2.253093004226685,2.492948532104492,0,0,2005-07-26T10:45:00,ENGINE_EXECUTABLE_HYDRAULICALLY_UNVALIDATED
C_26719,146.2362518310547,2.008634567260742,2.7486844062805176,0,0,2005-07-26T10:45:00,ENGINE_EXECUTABLE_HYDRAULICALLY_UNVALIDATED
C_26720,149.40293884277344,2.1786725521087646,2.709812641143799,0,0,2005-07-26T10:15:00,ENGINE_EXECUTABLE_HYDRAULICALLY_UNVALIDATED
C_26721,149.63601684570312,2.253342390060425,2.6859707832336426,0,0,2005-07-26T10:15:00,ENGINE_EXECUTABLE_HYDRAULICALLY_UNVALIDATED
C_26722,148.03990173339844,2.2657346725463867,2.6074812412261963,0,0,2005-07-26T10:15:00,ENGINE_EXECUTABLE_HYDRAULICALLY_UNVALIDATED
C_26723,149.3417510986328,1.9848370552062988,2.7992823123931885,0,0,2005-07-26T10:45:00,ENGINE_EXECUTABLE_HYDRAULICALLY_UNVALIDATED
C_26724,148.84336853027344,1.9448240995407104,2.834242820739746,0,0,2005-07-26T10:45:00,ENGINE_EXECUTABLE_HYDRAULICALLY_UNVALIDATED
C_26725,145.35203552246094,1.8796197175979612,2.863775968551636,0,0,2005-07-26T10:45:00,ENGINE_EXECUTABLE_HYDRAULICALLY_UNVALIDATED
C_26726,148.78201293945312,1.90306293964386,2.8952438831329346,0,0,2005-07-26T10:45:00,ENGINE_EXECUTABLE_HYDRAULICALLY_UNVALIDATED
C_26727,8.155182838439941,3.678952217102051,1.1619999408721924,75,75,2005-07-26T10:30:00,ENGINE_EXECUTABLE_HYDRAULICALLY_UNVALIDATED
C_26729,8.915812492370605,3.157957077026367,1.149999976158142,75,75,2005-07-26T10:30:00,ENGINE_EXECUTABLE_HYDRAULICALLY_UNVALIDATED
C_26730,137.86061096191406,2.397982597351074,2.8213016986846924,15,0,2005-07-26T10:30:00,ENGINE_EXECUTABLE_HYDRAULICALLY_UNVALIDATED
C_26731,136.05821228027344,2.458531618118286,2.7964046001434326,15,0,2005-07-26T10:45:00,ENGINE_EXECUTABLE_HYDRAULICALLY_UNVALIDATED
C_26732,142.95347595214844,2.7428901195526123,2.7019083499908447,0,0,2005-07-26T10:30:00,ENGINE_EXECUTABLE_HYDRAULICALLY_UNVALIDATED
C_26733,1.4681330919265747,0.3086884617805481,1.945748805999756,0,0,2005-07-26T10:45:00,ENGINE_EXECUTABLE_HYDRAULICALLY_UNVALIDATED
C_26734,146.6802520751953,2.45910382270813,2.281393527984619,0,0,2005-07-26T10:30:00,ENGINE_EXECUTABLE_HYDRAULICALLY_UNVALIDATED
C_26735,148.22396850585938,2.098926067352295,2.279308319091797,0,0,2005-07-26T10:30:00,ENGINE_EXECUTABLE_HYDRAULICALLY_UNVALIDATED
C_26736,153.57382202148438,1.9457027912139893,2.2548842430114746,0,0,2005-07-26T10:30:00,ENGINE_EXECUTABLE_HYDRAULICALLY_UNVALIDATED
C_26737,145.03970336914062,2.4186699390411377,2.3004753589630127,0,0,2005-07-26T10:30:00,ENGINE_EXECUTABLE_HYDRAULICALLY_UNVALIDATED
C_26738,1.823922634124756,0.2800444066524505,1.956575632095337,0,0,2005-07-26T13:30:00,ENGINE_EXECUTABLE_HYDRAULICALLY_UNVALIDATED
C_26739,146.73699951171875,1.853725910186768,2.9314465522766118,0,0,2005-07-26T10:45:00,ENGINE_EXECUTABLE_HYDRAULICALLY_UNVALIDATED
C_26740,142.2449493408203,2.994774103164673,2.4884157180786133,0,0,2005-07-26T10:45:00,ENGINE_EXECUTABLE_HYDRAULICALLY_UNVALIDATED
C_26741,147.180908203125,2.1106410026550293,3.0315229892730717,0,0,2005-07-26T10:30:00,ENGINE_EXECUTABLE_HYDRAULICALLY_UNVALIDATED
C_26742,148.42054748535156,2.312917232513428,2.9774718284606934,0,0,2005-07-26T10:15:00,ENGINE_EXECUTABLE_HYDRAULICALLY_UNVALIDATED
C_26743,138.16798400878906,2.1429994106292725,3.0237808227539062,0,0,2005-07-26T10:45:00,ENGINE_EXECUTABLE_HYDRAULICALLY_UNVALIDATED
C_26744,148.4132080078125,2.864630699157715,2.612189292907715,0,0,2005-07-26T10:30:00,ENGINE_EXECUTABLE_HYDRAULICALLY_UNVALIDATED
C_26745,149.7333526611328,1.6171425580978394,2.168355941772461,0,0,2005-07-26T10:45:00,ENGINE_EXECUTABLE_HYDRAULICALLY_UNVALIDATED
C_26746,151.1101531982422,1.8361494541168213,2.208463430404663,0,0,2005-07-26T10:30:00,ENGINE_EXECUTABLE_HYDRAULICALLY_UNVALIDATED
C_26747,151.21783447265625,1.928812026977539,2.2823472023010254,0,0,2005-07-26T10:45:00,ENGINE_EXECUTABLE_HYDRAULICALLY_UNVALIDATED
C_26748,148.3560791015625,1.9441335201263428,2.299753904342652,0,0,2005-07-26T10:45:00,ENGINE_EXECUTABLE_HYDRAULICALLY_UNVALIDATED
C_26749,145.25131225585938,2.1620960235595703,2.2688992023468018,0,0,2005-07-26T10:30:00,ENGINE_EXECUTABLE_HYDRAULICALLY_UNVALIDATED
C_26750,1.9375241994857788,0.2574863135814667,1.9185203313827517,0,0,2005-07-26T10:15:00,ENGINE_EXECUTABLE_HYDRAULICALLY_UNVALIDATED
C_26751,1.662386178970337,0.3171914219856262,1.8303115367889404,0,0,2005-07-26T10:15:00,ENGINE_EXECUTABLE_HYDRAULICALLY_UNVALIDATED
C_26752,2.62849497795105,0.3595120906829834,1.7264442443847656,0,0,2005-07-26T10:15:00,ENGINE_EXECUTABLE_HYDRAULICALLY_UNVALIDATED
C_26753,149.19595336914062,1.5825316905975342,2.140907049179077,0,0,2005-07-26T10:45:00,ENGINE_EXECUTABLE_HYDRAULICALLY_UNVALIDATED
C_26754,2.317146062850952,0.3337704241275787,1.6561386585235596,0,0,2005-07-26T10:15:00,ENGINE_EXECUTABLE_HYDRAULICALLY_UNVALIDATED
C_26755,2.129669427871704,0.3289700448513031,1.623599410057068,0,0,2005-07-26T10:15:00,ENGINE_EXECUTABLE_HYDRAULICALLY_UNVALIDATED
C_26756,1.365342378616333,0.3766207993030548,1.494951605796814,0,0,2005-07-26T10:15:00,ENGINE_EXECUTABLE_HYDRAULICALLY_UNVALIDATED
C_26775,133.70997619628906,2.3027889728546143,2.889920234680176,0,0,2005-07-26T10:30:00,ENGINE_EXECUTABLE_HYDRAULICALLY_UNVALIDATED
C_26776,132.0801239013672,2.171194553375244,2.9926629066467285,0,0,2005-07-26T10:30:00,ENGINE_EXECUTABLE_HYDRAULICALLY_UNVALIDATED
C_26777,129.92257690429688,2.195448160171509,2.973328113555908,0,0,2005-07-26T10:30:00,ENGINE_EXECUTABLE_HYDRAULICALLY_UNVALIDATED
C_26778,131.5348663330078,2.140267372131348,2.9989261627197266,0,0,2005-07-26T10:30:00,ENGINE_EXECUTABLE_HYDRAULICALLY_UNVALIDATED
C_26779,127.71949005126952,2.155636072158813,2.632999897003174,120,120,2005-07-26T10:45:00,ENGINE_EXECUTABLE_HYDRAULICALLY_UNVALIDATED
C_26780,128.39784240722656,2.149128198623657,2.6549999713897705,105,90,2005-07-26T10:45:00,ENGINE_EXECUTABLE_HYDRAULICALLY_UNVALIDATED
C_26781,129.10716247558594,2.1209053993225098,2.713000059127808,75,75,2005-07-26T10:45:00,ENGINE_EXECUTABLE_HYDRAULICALLY_UNVALIDATED
C_26782,121.90512084960938,1.9814931154251096,2.733999967575073,105,90,2005-07-26T11:00:00,ENGINE_EXECUTABLE_HYDRAULICALLY_UNVALIDATED
C_26783,123.11577606201172,2.3046348094940186,2.374000072479248,150,135,2005-07-26T10:45:00,ENGINE_EXECUTABLE_HYDRAULICALLY_UNVALIDATED
C_26784,125.41886901855467,2.0164802074432373,2.763999938964844,90,90,2005-07-26T10:45:00,ENGINE_EXECUTABLE_HYDRAULICALLY_UNVALIDATED
C_26785,126.2254638671875,2.1834938526153564,2.569000005722046,135,120,2005-07-26T10:45:00,ENGINE_EXECUTABLE_HYDRAULICALLY_UNVALIDATED
C_26786,122.24645233154295,1.9870412349700928,2.733999967575073,120,90,2005-07-26T11:00:00,ENGINE_EXECUTABLE_HYDRAULICALLY_UNVALIDATED
C_26787,117.63648223876952,1.831515073776245,3.013000011444092,60,30,2005-07-26T10:45:00,ENGINE_EXECUTABLE_HYDRAULICALLY_UNVALIDATED
C_26788,113.62657928466795,1.8757458925247192,2.691999912261963,135,135,2005-07-26T10:45:00,ENGINE_EXECUTABLE_HYDRAULICALLY_UNVALIDATED
C_26789,109.0150909423828,1.6967464685440063,2.8910000324249268,90,60,2005-07-26T10:45:00,ENGINE_EXECUTABLE_HYDRAULICALLY_UNVALIDATED
C_26790,105.75180053710938,1.7277781963348389,2.720000028610229,135,120,2005-07-26T11:15:00,ENGINE_EXECUTABLE_HYDRAULICALLY_UNVALIDATED
C_26793,105.8685531616211,1.961945414543152,2.3980000019073486,165,165,2005-07-26T11:15:00,ENGINE_EXECUTABLE_HYDRAULICALLY_UNVALIDATED
C_26794,104.99549102783205,1.914627313613892,2.437000036239624,165,150,2005-07-26T11:15:00,ENGINE_EXECUTABLE_HYDRAULICALLY_UNVALIDATED
C_26795,103.72210693359376,2.0614302158355717,2.236000061035156,180,180,2005-07-26T11:15:00,ENGINE_EXECUTABLE_HYDRAULICALLY_UNVALIDATED
C_26796,103.87576293945312,1.7452501058578491,2.6449999809265137,135,135,2005-07-26T10:45:00,ENGINE_EXECUTABLE_HYDRAULICALLY_UNVALIDATED
C_26799,102.36280822753906,1.868920087814331,2.434000015258789,150,150,2005-07-26T10:45:00,ENGINE_EXECUTABLE_HYDRAULICALLY_UNVALIDATED
C_26800,102.35618591308594,1.958096027374268,2.322999954223633,165,165,2005-07-26T10:45:00,ENGINE_EXECUTABLE_HYDRAULICALLY_UNVALIDATED
C_26801,101.56944274902344,1.6247268915176392,2.901000022888184,75,75,2005-07-26T10:45:00,ENGINE_EXECUTABLE_HYDRAULICALLY_UNVALIDATED
C_26802,101.08002471923828,1.811268329620361,2.4800000190734863,135,135,2005-07-26T11:15:00,ENGINE_EXECUTABLE_HYDRAULICALLY_UNVALIDATED
C_26803,101.08241271972656,1.6893762350082395,2.6589999198913574,135,135,2005-07-26T11:15:00,ENGINE_EXECUTABLE_HYDRAULICALLY_UNVALIDATED
C_26804,42.05715560913086,5.391342639923096,1.5,165,165,2005-07-26T10:45:00,ENGINE_EXECUTABLE_HYDRAULICALLY_UNVALIDATED
C_26805,38.22871780395508,4.900571823120117,1.5,195,180,2005-07-26T10:45:00,ENGINE_EXECUTABLE_HYDRAULICALLY_UNVALIDATED
C_26806,40.52363204956055,5.194758892059326,1.5,180,180,2005-07-26T10:45:00,ENGINE_EXECUTABLE_HYDRAULICALLY_UNVALIDATED
C_26807,33.63990783691406,4.312328338623047,1.5,210,195,2005-07-26T10:45:00,ENGINE_EXECUTABLE_HYDRAULICALLY_UNVALIDATED
C_26808,36.70122909545898,4.704761505126953,1.5,195,195,2005-07-26T10:45:00,ENGINE_EXECUTABLE_HYDRAULICALLY_UNVALIDATED
C_26809,20.76497840881348,2.2596094608306885,2.2880001068115234,150,135,2005-07-26T10:30:00,ENGINE_EXECUTABLE_HYDRAULICALLY_UNVALIDATED
C_26810,13.404001235961914,1.322313666343689,2.450000047683716,135,120,2005-07-26T10:45:00,ENGINE_EXECUTABLE_HYDRAULICALLY_UNVALIDATED
C_26811,100.19734191894533,1.6368792057037354,2.9489998817443848,75,60,2005-07-26T11:15:00,ENGINE_EXECUTABLE_HYDRAULICALLY_UNVALIDATED
C_26812,99.95047760009766,1.867850661277771,2.378000020980835,150,150,2005-07-26T11:15:00,ENGINE_EXECUTABLE_HYDRAULICALLY_UNVALIDATED
C_26813,42.819602966308594,5.489081382751465,1.5,75,75,2005-07-26T10:45:00,ENGINE_EXECUTABLE_HYDRAULICALLY_UNVALIDATED
C_26814,99.92893981933594,1.663397192955017,2.825999975204468,105,105,2005-07-26T11:15:00,ENGINE_EXECUTABLE_HYDRAULICALLY_UNVALIDATED
C_26815,99.909423828125,2.4914608001708984,2.720000028610229,120,105,2005-07-26T11:15:00,ENGINE_EXECUTABLE_HYDRAULICALLY_UNVALIDATED
C_26816,76.99495697021484,1.961186647415161,2.617000102996826,135,135,2005-07-26T10:45:00,ENGINE_EXECUTABLE_HYDRAULICALLY_UNVALIDATED
C_26817,20.76436233520508,2.319665908813477,2.325999975204468,165,150,2005-07-26T10:30:00,ENGINE_EXECUTABLE_HYDRAULICALLY_UNVALIDATED
C_26818,76.97462463378906,2.0280909538269043,2.5299999713897705,135,135,2005-07-26T10:45:00,ENGINE_EXECUTABLE_HYDRAULICALLY_UNVALIDATED
C_26819,42.821327209472656,5.489302635192871,1.5,135,135,2005-07-26T10:45:00,ENGINE_EXECUTABLE_HYDRAULICALLY_UNVALIDATED
C_26858,28.30385398864746,3.6282951831817623,1.5,210,195,2005-07-26T10:45:00,ENGINE_EXECUTABLE_HYDRAULICALLY_UNVALIDATED
C_26859,17.609596252441406,3.332815170288086,1.5417710542678833,0,0,2005-07-26T10:30:00,ENGINE_EXECUTABLE_HYDRAULICALLY_UNVALIDATED
C_26860,18.376264572143555,2.1768157482147217,1.8122977018356323,0,0,2005-07-26T10:45:00,ENGINE_EXECUTABLE_HYDRAULICALLY_UNVALIDATED
C_26861,0.0723216533660888,0.0864144340157508,0.3679195344448089,0,0,2005-07-26T09:45:00,ENGINE_EXECUTABLE_HYDRAULICALLY_UNVALIDATED
C_26862,4.521713733673096,1.0656394958496094,0.4242720305919647,0,0,2005-07-26T10:45:00,ENGINE_EXECUTABLE_HYDRAULICALLY_UNVALIDATED
C_26863,0.0,0.0,3.0479999622912143e-05,0,0,2005-07-26T00:15:00,ENGINE_EXECUTABLE_HYDRAULICALLY_UNVALIDATED
C_26864,6.802998065948486,1.6944894790649414,0.4014330506324768,0,0,2005-07-26T10:45:00,ENGINE_EXECUTABLE_HYDRAULICALLY_UNVALIDATED
C_26887,0.0,0.0,3.0479999622912143e-05,0,0,2005-07-26T00:15:00,ENGINE_EXECUTABLE_HYDRAULICALLY_UNVALIDATED
C_26888,0.0,0.0,3.0479999622912143e-05,0,0,2005-07-26T00:15:00,ENGINE_EXECUTABLE_HYDRAULICALLY_UNVALIDATED
C_26889,0.0,0.0,3.0479999622912143e-05,0,0,2005-07-26T00:15:00,ENGINE_EXECUTABLE_HYDRAULICALLY_UNVALIDATED
C_26890,0.0,0.0,3.0479999622912143e-05,0,0,2005-07-26T00:15:00,ENGINE_EXECUTABLE_HYDRAULICALLY_UNVALIDATED
C_26903,11.49279499053955,1.9152525663375852,2.0,60,60,2005-07-26T10:45:00,ENGINE_EXECUTABLE_HYDRAULICALLY_UNVALIDATED
C_26904,12.258803367614746,2.0429062843322754,2.0,60,60,2005-07-26T10:45:00,ENGINE_EXECUTABLE_HYDRAULICALLY_UNVALIDATED
C_26905,13.026572227478027,2.170853614807129,2.0,60,60,2005-07-26T10:30:00,ENGINE_EXECUTABLE_HYDRAULICALLY_UNVALIDATED
C_26909,14.56130599975586,2.426614284515381,2.0,60,60,2005-07-26T10:45:00,ENGINE_EXECUTABLE_HYDRAULICALLY_UNVALIDATED
C_26910,15.328295707702637,2.554431438446045,2.0,60,60,2005-07-26T10:45:00,ENGINE_EXECUTABLE_HYDRAULICALLY_UNVALIDATED
C_26911,16.09659194946289,2.682466506958008,2.0,60,60,2005-07-26T10:45:00,ENGINE_EXECUTABLE_HYDRAULICALLY_UNVALIDATED
C_26912,16.861957550048828,2.810013055801392,2.0,60,60,2005-07-26T10:45:00,ENGINE_EXECUTABLE_HYDRAULICALLY_UNVALIDATED
C_26913,16.861955642700195,2.810013055801392,2.0,60,60,2005-07-26T10:45:00,ENGINE_EXECUTABLE_HYDRAULICALLY_UNVALIDATED
C_26914,35.23527908325195,4.28747034072876,2.0543205738067627,0,0,2005-07-26T10:45:00,ENGINE_EXECUTABLE_HYDRAULICALLY_UNVALIDATED
C_26915,34.47994613647461,3.920536756515503,2.1987547874450684,0,0,2005-07-26T10:45:00,ENGINE_EXECUTABLE_HYDRAULICALLY_UNVALIDATED
C_26916,34.47990417480469,3.714707612991333,2.3204684257507324,0,0,2005-07-26T10:45:00,ENGINE_EXECUTABLE_HYDRAULICALLY_UNVALIDATED
C_26919,34.481502532958984,3.552483081817627,2.426307201385498,30,0,2005-07-26T10:45:00,ENGINE_EXECUTABLE_HYDRAULICALLY_UNVALIDATED
C_26920,16.854001998901367,2.3989391326904297,2.2690000534057617,30,30,2005-07-26T10:45:00,ENGINE_EXECUTABLE_HYDRAULICALLY_UNVALIDATED
C_26921,16.853002548217773,2.2850000858306885,2.381999969482422,30,30,2005-07-26T10:45:00,ENGINE_EXECUTABLE_HYDRAULICALLY_UNVALIDATED
C_26922,16.09393882751465,2.1907002925872803,2.372761011123657,0,0,2005-07-26T10:45:00,ENGINE_EXECUTABLE_HYDRAULICALLY_UNVALIDATED
C_26923,34.47987747192383,3.6098241806030273,2.3878417015075684,0,0,2005-07-26T10:45:00,ENGINE_EXECUTABLE_HYDRAULICALLY_UNVALIDATED
C_26924,8.960586547851562,1.9910197257995603,1.5,180,165,2005-07-26T10:30:00,ENGINE_EXECUTABLE_HYDRAULICALLY_UNVALIDATED
C_26925,9.728693008422852,2.161691188812256,1.5,180,165,2005-07-26T10:30:00,ENGINE_EXECUTABLE_HYDRAULICALLY_UNVALIDATED
C_26926,16.093900680541992,2.5391838550567627,2.046999931335449,30,30,2005-07-26T10:45:00,ENGINE_EXECUTABLE_HYDRAULICALLY_UNVALIDATED
C_26927,16.09390640258789,2.4141714572906494,2.1530001163482666,30,30,2005-07-26T10:45:00,ENGINE_EXECUTABLE_HYDRAULICALLY_UNVALIDATED
C_26928,15.32764720916748,2.2790651321411133,2.2443277835845947,0,0,2005-07-26T10:45:00,ENGINE_EXECUTABLE_HYDRAULICALLY_UNVALIDATED
C_26929,14.56037139892578,2.268678903579712,2.157999992370605,30,30,2005-07-26T10:45:00,ENGINE_EXECUTABLE_HYDRAULICALLY_UNVALIDATED
C_26930,13.79328155517578,2.382002592086792,1.9889999628067017,30,30,2005-07-26T10:45:00,ENGINE_EXECUTABLE_HYDRAULICALLY_UNVALIDATED
C_26931,0.0,0.0,3.0479999622912143e-05,0,0,2005-07-26T00:15:00,ENGINE_EXECUTABLE_HYDRAULICALLY_UNVALIDATED
C_26932,0.0,0.0,3.0479999622912143e-05,0,0,2005-07-26T00:15:00,ENGINE_EXECUTABLE_HYDRAULICALLY_UNVALIDATED
C_26933,0.0,0.0,3.0479999622912143e-05,0,0,2005-07-26T00:15:00,ENGINE_EXECUTABLE_HYDRAULICALLY_UNVALIDATED
C_26934,0.0,0.0,3.0479999622912143e-05,0,0,2005-07-26T00:15:00,ENGINE_EXECUTABLE_HYDRAULICALLY_UNVALIDATED
C_26938,0.0,0.0,3.0479999622912143e-05,0,0,2005-07-26T00:15:00,ENGINE_EXECUTABLE_HYDRAULICALLY_UNVALIDATED
C_26939,0.0,0.0,3.0479999622912143e-05,0,0,2005-07-26T00:15:00,ENGINE_EXECUTABLE_HYDRAULICALLY_UNVALIDATED
C_26940,0.0,0.0,3.0479999622912143e-05,0,0,2005-07-26T00:15:00,ENGINE_EXECUTABLE_HYDRAULICALLY_UNVALIDATED
C_26941,0.0,0.0,3.0479999622912143e-05,0,0,2005-07-26T00:15:00,ENGINE_EXECUTABLE_HYDRAULICALLY_UNVALIDATED
C_26944,0.0,0.0,3.0479999622912143e-05,0,0,2005-07-26T00:15:00,ENGINE_EXECUTABLE_HYDRAULICALLY_UNVALIDATED
C_26945,0.0,0.0,3.0479999622912143e-05,0,0,2005-07-26T00:15:00,ENGINE_EXECUTABLE_HYDRAULICALLY_UNVALIDATED
C_26946,0.0,0.0,3.0479999622912143e-05,0,0,2005-07-26T00:15:00,ENGINE_EXECUTABLE_HYDRAULICALLY_UNVALIDATED
C_26947,0.0,0.0,3.0479999622912143e-05,0,0,2005-07-26T00:15:00,ENGINE_EXECUTABLE_HYDRAULICALLY_UNVALIDATED
C_26951,0.0,0.0,3.0479999622912143e-05,0,0,2005-07-26T00:15:00,ENGINE_EXECUTABLE_HYDRAULICALLY_UNVALIDATED
C_26952,0.0,0.0,3.0479999622912143e-05,0,0,2005-07-26T00:15:00,ENGINE_EXECUTABLE_HYDRAULICALLY_UNVALIDATED
C_26953,0.0,0.0,3.0479999622912143e-05,0,0,2005-07-26T00:15:00,ENGINE_EXECUTABLE_HYDRAULICALLY_UNVALIDATED
C_26972,35.84249496459961,4.835922718048096,0.5702778100967407,0,0,2005-07-26T10:30:00,ENGINE_EXECUTABLE_HYDRAULICALLY_UNVALIDATED
C_26973,35.85231399536133,5.1961188316345215,0.5312302708625793,0,0,2005-07-26T10:30:00,ENGINE_EXECUTABLE_HYDRAULICALLY_UNVALIDATED
C_26974,35.13519287109375,4.487828731536865,0.6025310158729553,0,0,2005-07-26T10:45:00,ENGINE_EXECUTABLE_HYDRAULICALLY_UNVALIDATED
C_26975,25.47691345214844,5.74711275100708,1.4774999618530271,0,0,2005-07-26T10:45:00,ENGINE_EXECUTABLE_HYDRAULICALLY_UNVALIDATED
C_26976,22.41961479187012,4.981581687927246,1.5,135,135,2005-07-26T10:45:00,ENGINE_EXECUTABLE_HYDRAULICALLY_UNVALIDATED
C_26977,33.6712532043457,3.663593053817749,0.7074882984161377,0,0,2005-07-26T10:45:00,ENGINE_EXECUTABLE_HYDRAULICALLY_UNVALIDATED
C_26978,32.884117126464844,3.557365894317627,0.7109940052032471,0,0,2005-07-26T10:45:00,ENGINE_EXECUTABLE_HYDRAULICALLY_UNVALIDATED
C_26979,32.12892532348633,6.232823848724365,1.0308440923690796,0,0,2005-07-26T10:45:00,ENGINE_EXECUTABLE_HYDRAULICALLY_UNVALIDATED
C_26991,0.0,0.0,3.0479999622912143e-05,0,0,2005-07-26T00:15:00,ENGINE_EXECUTABLE_HYDRAULICALLY_UNVALIDATED
C_26992,0.0,0.0,3.0479999622912143e-05,0,0,2005-07-26T00:15:00,ENGINE_EXECUTABLE_HYDRAULICALLY_UNVALIDATED
C_26993,0.0,0.0,3.0479999622912143e-05,0,0,2005-07-26T00:15:00,ENGINE_EXECUTABLE_HYDRAULICALLY_UNVALIDATED
C_26994,0.0,0.0,3.0479999622912143e-05,0,0,2005-07-26T00:15:00,ENGINE_EXECUTABLE_HYDRAULICALLY_UNVALIDATED
C_26995,0.0,0.0,3.0479999622912143e-05,0,0,2005-07-26T00:15:00,ENGINE_EXECUTABLE_HYDRAULICALLY_UNVALIDATED
C_26996,0.0,0.0,3.0479999622912143e-05,0,0,2005-07-26T00:15:00,ENGINE_EXECUTABLE_HYDRAULICALLY_UNVALIDATED
C_26997,0.0,0.0,3.0479999622912143e-05,0,0,2005-07-26T00:15:00,ENGINE_EXECUTABLE_HYDRAULICALLY_UNVALIDATED
C_26998,0.0,0.0,3.0479999622912143e-05,0,0,2005-07-26T00:15:00,ENGINE_EXECUTABLE_HYDRAULICALLY_UNVALIDATED
C_26999,0.0,0.0,3.0479999622912143e-05,0,0,2005-07-26T00:15:00,ENGINE_EXECUTABLE_HYDRAULICALLY_UNVALIDATED
C_27000,0.0862006023526191,0.026658097282052,0.4251739978790283,0,0,2005-07-26T10:15:00,ENGINE_EXECUTABLE_HYDRAULICALLY_UNVALIDATED
C_27001,0.1951873153448104,0.0576738268136978,0.4567279815673828,0,0,2005-07-26T10:15:00,ENGINE_EXECUTABLE_HYDRAULICALLY_UNVALIDATED
C_27002,0.0,0.0,3.0479999622912143e-05,0,0,2005-07-26T00:15:00,ENGINE_EXECUTABLE_HYDRAULICALLY_UNVALIDATED
C_27003,0.0,0.0,3.0479999622912143e-05,0,0,2005-07-26T00:15:00,ENGINE_EXECUTABLE_HYDRAULICALLY_UNVALIDATED
C_27004,0.0,0.0,3.0479999622912143e-05,0,0,2005-07-26T00:15:00,ENGINE_EXECUTABLE_HYDRAULICALLY_UNVALIDATED
C_27005,0.0,0.0,3.0479999622912143e-05,0,0,2005-07-26T00:15:00,ENGINE_EXECUTABLE_HYDRAULICALLY_UNVALIDATED
C_27006,0.0,0.0,3.0479999622912143e-05,0,0,2005-07-26T00:15:00,ENGINE_EXECUTABLE_HYDRAULICALLY_UNVALIDATED
C_27007,0.0,0.0,3.0479999622912143e-05,0,0,2005-07-26T00:15:00,ENGINE_EXECUTABLE_HYDRAULICALLY_UNVALIDATED
C_27008,0.0,0.0,3.0479999622912143e-05,0,0,2005-07-26T00:15:00,ENGINE_EXECUTABLE_HYDRAULICALLY_UNVALIDATED
C_27009,0.0,0.0,3.0479999622912143e-05,0,0,2005-07-26T00:15:00,ENGINE_EXECUTABLE_HYDRAULICALLY_UNVALIDATED
C_27010,30.061277389526367,2.0186984539031982,0.7444878220558167,0,0,2005-07-26T10:45:00,ENGINE_EXECUTABLE_HYDRAULICALLY_UNVALIDATED
C_27011,30.071964263916016,1.8673821687698364,0.8051007986068726,0,0,2005-07-26T10:45:00,ENGINE_EXECUTABLE_HYDRAULICALLY_UNVALIDATED
C_27012,30.087533950805664,1.7691024541854858,0.8502668738365173,0,0,2005-07-26T10:45:00,ENGINE_EXECUTABLE_HYDRAULICALLY_UNVALIDATED
C_27013,0.0,0.0,3.0479999622912143e-05,0,0,2005-07-26T00:15:00,ENGINE_EXECUTABLE_HYDRAULICALLY_UNVALIDATED
C_27014,0.0,0.0,3.0479999622912143e-05,0,0,2005-07-26T00:15:00,ENGINE_EXECUTABLE_HYDRAULICALLY_UNVALIDATED
C_27015,0.0,0.0,3.0479999622912143e-05,0,0,2005-07-26T00:15:00,ENGINE_EXECUTABLE_HYDRAULICALLY_UNVALIDATED
C_27016,0.0,0.0,3.0479999622912143e-05,0,0,2005-07-26T00:15:00,ENGINE_EXECUTABLE_HYDRAULICALLY_UNVALIDATED
C_27017,30.13283348083496,1.6883084774017334,0.8922978043556213,0,0,2005-07-26T10:45:00,ENGINE_EXECUTABLE_HYDRAULICALLY_UNVALIDATED
C_27018,30.12298011779785,1.695626139640808,0.8881564736366272,0,0,2005-07-26T10:45:00,ENGINE_EXECUTABLE_HYDRAULICALLY_UNVALIDATED
C_27019,30.107746124267575,1.7159337997436523,0.877201497554779,0,0,2005-07-26T10:45:00,ENGINE_EXECUTABLE_HYDRAULICALLY_UNVALIDATED
C_27020,30.15057945251465,1.636497139930725,0.9210899472236632,0,0,2005-07-26T10:45:00,ENGINE_EXECUTABLE_HYDRAULICALLY_UNVALIDATED
C_27021,30.143293380737305,1.6776460409164429,0.8982805609703064,0,0,2005-07-26T10:45:00,ENGINE_EXECUTABLE_HYDRAULICALLY_UNVALIDATED
C_27022,30.159421920776367,1.5639948844909668,0.9640716910362244,0,0,2005-07-26T10:45:00,ENGINE_EXECUTABLE_HYDRAULICALLY_UNVALIDATED
C_27023,0.3368378281593323,0.0769612491130828,0.502265214920044,0,0,2005-07-26T10:15:00,ENGINE_EXECUTABLE_HYDRAULICALLY_UNVALIDATED
C_27024,0.5459072589874268,0.100655473768711,0.5727050304412842,0,0,2005-07-26T10:15:00,ENGINE_EXECUTABLE_HYDRAULICALLY_UNVALIDATED
C_27025,0.7774983644485474,0.1212205663323402,0.6407044529914856,0,0,2005-07-26T10:15:00,ENGINE_EXECUTABLE_HYDRAULICALLY_UNVALIDATED
C_27026,0.9565862417221068,0.1331239342689514,0.6942169070243835,0,0,2005-07-26T10:15:00,ENGINE_EXECUTABLE_HYDRAULICALLY_UNVALIDATED
C_27027,1.0529052019119265,0.1373340934514999,0.7271822094917297,0,0,2005-07-26T10:15:00,ENGINE_EXECUTABLE_HYDRAULICALLY_UNVALIDATED
C_27028,30.04936981201172,2.26949143409729,0.6619549989700317,0,0,2005-07-26T10:45:00,ENGINE_EXECUTABLE_HYDRAULICALLY_UNVALIDATED
C_27029,30.03681945800781,1.297887086868286,1.0518311262130735,0,0,2005-07-26T10:45:00,ENGINE_EXECUTABLE_HYDRAULICALLY_UNVALIDATED
C_27030,30.017282485961918,1.3092846870422363,1.0419964790344238,0,0,2005-07-26T10:45:00,ENGINE_EXECUTABLE_HYDRAULICALLY_UNVALIDATED
C_27031,30.174474716186523,1.479662299156189,1.0195270776748655,0,0,2005-07-26T10:45:00,ENGINE_EXECUTABLE_HYDRAULICALLY_UNVALIDATED
C_27032,30.231908798217773,2.6782097816467285,1.128684639930725,0,0,2005-07-26T10:45:00,ENGINE_EXECUTABLE_HYDRAULICALLY_UNVALIDATED
C_27033,30.23903465270996,2.3635950088500977,1.2792237997055054,0,0,2005-07-26T10:45:00,ENGINE_EXECUTABLE_HYDRAULICALLY_UNVALIDATED
C_27034,30.00230598449707,1.315967082977295,1.036188006401062,0,0,2005-07-26T10:45:00,ENGINE_EXECUTABLE_HYDRAULICALLY_UNVALIDATED
C_27035,29.988006591796875,1.3389155864715576,1.0179427862167358,0,0,2005-07-26T10:45:00,ENGINE_EXECUTABLE_HYDRAULICALLY_UNVALIDATED
C_27036,29.96453857421875,1.3956222534179688,0.9758176803588868,0,0,2005-07-26T10:45:00,ENGINE_EXECUTABLE_HYDRAULICALLY_UNVALIDATED
C_27037,30.248268127441406,2.160412549972534,1.3999594449996948,0,0,2005-07-26T10:45:00,ENGINE_EXECUTABLE_HYDRAULICALLY_UNVALIDATED
C_27038,30.256959915161133,2.0455482006073,1.478996753692627,0,0,2005-07-26T10:45:00,ENGINE_EXECUTABLE_HYDRAULICALLY_UNVALIDATED
C_27039,30.26551055908203,2.080742597579956,1.4543914794921875,0,0,2005-07-26T10:45:00,ENGINE_EXECUTABLE_HYDRAULICALLY_UNVALIDATED
C_27040,30.262378692626957,2.026674509048462,1.493037462234497,0,0,2005-07-26T10:45:00,ENGINE_EXECUTABLE_HYDRAULICALLY_UNVALIDATED
C_27041,30.27080345153809,2.160517454147339,1.4009344577789309,0,0,2005-07-26T10:45:00,ENGINE_EXECUTABLE_HYDRAULICALLY_UNVALIDATED
C_27042,30.27813720703125,2.2525851726531982,1.3440009355545044,0,0,2005-07-26T10:45:00,ENGINE_EXECUTABLE_HYDRAULICALLY_UNVALIDATED
C_27043,30.284883499145508,2.3277127742767334,1.300912618637085,0,0,2005-07-26T10:45:00,ENGINE_EXECUTABLE_HYDRAULICALLY_UNVALIDATED
C_27044,30.290424346923828,2.380958318710327,1.2720528841018677,0,0,2005-07-26T10:45:00,ENGINE_EXECUTABLE_HYDRAULICALLY_UNVALIDATED
C_27045,29.941144943237305,1.4724109172821045,0.9242050647735596,0,0,2005-07-26T10:45:00,ENGINE_EXECUTABLE_HYDRAULICALLY_UNVALIDATED
C_27046,29.928001403808597,1.5455105304718018,0.8801054358482361,0,0,2005-07-26T10:45:00,ENGINE_EXECUTABLE_HYDRAULICALLY_UNVALIDATED
C_27047,29.91500473022461,1.6644312143325806,0.8168686032295227,0,0,2005-07-26T10:45:00,ENGINE_EXECUTABLE_HYDRAULICALLY_UNVALIDATED
C_27048,30.297304153442383,1.5911176204681396,1.2692935466766355,0,0,2005-07-26T10:45:00,ENGINE_EXECUTABLE_HYDRAULICALLY_UNVALIDATED
C_27049,30.30441665649414,2.505082368850708,1.3439806699752808,0,0,2005-07-26T10:45:00,ENGINE_EXECUTABLE_HYDRAULICALLY_UNVALIDATED
C_27050,30.308576583862305,3.6472649574279785,1.5407048463821411,0,0,2005-07-26T10:45:00,ENGINE_EXECUTABLE_HYDRAULICALLY_UNVALIDATED
C_27051,30.3116397857666,3.0418577194213867,1.7650549411773682,0,0,2005-07-26T10:45:00,ENGINE_EXECUTABLE_HYDRAULICALLY_UNVALIDATED
C_27052,30.31499671936035,2.661501169204712,1.9306526184082031,0,0,2005-07-26T10:45:00,ENGINE_EXECUTABLE_HYDRAULICALLY_UNVALIDATED
C_27053,29.9017276763916,1.916847586631775,0.7089859843254089,0,0,2005-07-26T10:45:00,ENGINE_EXECUTABLE_HYDRAULICALLY_UNVALIDATED
C_27054,29.88905143737793,2.4960803985595703,0.544230043888092,0,0,2005-07-26T10:45:00,ENGINE_EXECUTABLE_HYDRAULICALLY_UNVALIDATED
C_27055,29.87710189819336,2.488064765930176,0.5002846717834473,0,0,2005-07-26T10:45:00,ENGINE_EXECUTABLE_HYDRAULICALLY_UNVALIDATED
C_27056,30.319042205810547,2.398848533630371,2.0538909435272217,0,0,2005-07-26T10:45:00,ENGINE_EXECUTABLE_HYDRAULICALLY_UNVALIDATED
C_27057,30.324275970458984,1.589015007019043,2.1201741695404053,0,0,2005-07-26T10:45:00,ENGINE_EXECUTABLE_HYDRAULICALLY_UNVALIDATED
C_27058,29.83135986328125,2.4054408073425293,0.5636471509933472,0,0,2005-07-26T10:45:00,ENGINE_EXECUTABLE_HYDRAULICALLY_UNVALIDATED
C_27059,29.866697311401367,2.232351541519165,0.5573974847793579,0,0,2005-07-26T10:45:00,ENGINE_EXECUTABLE_HYDRAULICALLY_UNVALIDATED
C_27060,29.85782814025879,2.407815456390381,0.563590943813324,0,0,2005-07-26T10:45:00,ENGINE_EXECUTABLE_HYDRAULICALLY_UNVALIDATED
C_27061,29.845006942749023,2.407118558883667,0.5635119676589966,0,0,2005-07-26T10:45:00,ENGINE_EXECUTABLE_HYDRAULICALLY_UNVALIDATED
C_27062,29.81688499450684,2.4046692848205566,0.5635544061660767,0,0,2005-07-26T10:45:00,ENGINE_EXECUTABLE_HYDRAULICALLY_UNVALIDATED
C_27063,29.79376792907715,2.404162168502808,0.5632362961769104,0,0,2005-07-26T10:45:00,ENGINE_EXECUTABLE_HYDRAULICALLY_UNVALIDATED
C_27064,29.78668785095215,2.6688361167907715,0.507258415222168,0,0,2005-07-26T10:45:00,ENGINE_EXECUTABLE_HYDRAULICALLY_UNVALIDATED
C_27065,29.77214241027832,2.653814554214477,0.5109676718711853,0,0,2005-07-26T10:45:00,ENGINE_EXECUTABLE_HYDRAULICALLY_UNVALIDATED
C_27067,29.76201820373535,2.579294204711914,0.5289747714996338,0,0,2005-07-26T11:00:00,ENGINE_EXECUTABLE_HYDRAULICALLY_UNVALIDATED
C_27068,33.5623779296875,2.804549217224121,0.5438994765281677,0,0,2005-07-26T10:45:00,ENGINE_EXECUTABLE_HYDRAULICALLY_UNVALIDATED
C_27075,0.0,0.0,3.0479999622912143e-05,0,0,2005-07-26T00:15:00,ENGINE_EXECUTABLE_HYDRAULICALLY_UNVALIDATED
C_27076,0.0,0.0,3.0479999622912143e-05,0,0,2005-07-26T00:15:00,ENGINE_EXECUTABLE_HYDRAULICALLY_UNVALIDATED
C_27077,0.0,0.0,3.0479999622912143e-05,0,0,2005-07-26T00:15:00,ENGINE_EXECUTABLE_HYDRAULICALLY_UNVALIDATED
C_27078,0.0,0.0,3.0479999622912143e-05,0,0,2005-07-26T00:15:00,ENGINE_EXECUTABLE_HYDRAULICALLY_UNVALIDATED
C_27079,0.0,0.0,3.0479999622912143e-05,0,0,2005-07-26T00:15:00,ENGINE_EXECUTABLE_HYDRAULICALLY_UNVALIDATED
C_27080,0.0,0.0,3.0479999622912143e-05,0,0,2005-07-26T00:15:00,ENGINE_EXECUTABLE_HYDRAULICALLY_UNVALIDATED
C_27081,0.0,0.0,3.0479999622912143e-05,0,0,2005-07-26T00:15:00,ENGINE_EXECUTABLE_HYDRAULICALLY_UNVALIDATED
C_27082,0.0,0.0,3.0479999622912143e-05,0,0,2005-07-26T00:15:00,ENGINE_EXECUTABLE_HYDRAULICALLY_UNVALIDATED
C_27084,0.0,0.0,3.0479999622912143e-05,0,0,2005-07-26T00:15:00,ENGINE_EXECUTABLE_HYDRAULICALLY_UNVALIDATED
C_27089,30.347864151000977,2.4160261154174805,1.3993220329284668,0,0,2005-07-26T10:45:00,ENGINE_EXECUTABLE_HYDRAULICALLY_UNVALIDATED
C_27090,30.343936920166016,1.8054063320159912,1.3934156894683838,0,0,2005-07-26T10:45:00,ENGINE_EXECUTABLE_HYDRAULICALLY_UNVALIDATED
C_27091,30.34068298339844,1.534558653831482,2.1965999603271484,0,0,2005-07-26T10:45:00,ENGINE_EXECUTABLE_HYDRAULICALLY_UNVALIDATED
C_27092,30.32991981506348,1.569872498512268,2.1464264392852783,0,0,2005-07-26T10:45:00,ENGINE_EXECUTABLE_HYDRAULICALLY_UNVALIDATED
C_27093,30.335620880126957,1.550403714179993,2.173788070678711,0,0,2005-07-26T10:45:00,ENGINE_EXECUTABLE_HYDRAULICALLY_UNVALIDATED
C_27094,30.354122161865234,2.34315037727356,1.4392181634902954,0,0,2005-07-26T10:45:00,ENGINE_EXECUTABLE_HYDRAULICALLY_UNVALIDATED
C_27095,30.36140251159668,2.2823445796966557,1.4779160022735596,0,0,2005-07-26T10:45:00,ENGINE_EXECUTABLE_HYDRAULICALLY_UNVALIDATED
C_27096,30.366607666015625,2.2403523921966557,1.505875587463379,0,0,2005-07-26T10:45:00,ENGINE_EXECUTABLE_HYDRAULICALLY_UNVALIDATED
C_27097,30.371353149414062,2.210303783416748,1.5265860557556152,0,0,2005-07-26T10:45:00,ENGINE_EXECUTABLE_HYDRAULICALLY_UNVALIDATED
C_27098,30.393701553344727,3.415743827819824,1.815000057220459,60,60,2005-07-26T10:45:00,ENGINE_EXECUTABLE_HYDRAULICALLY_UNVALIDATED
C_27099,30.39253807067871,3.3399672508239746,1.819000005722046,60,60,2005-07-26T10:45:00,ENGINE_EXECUTABLE_HYDRAULICALLY_UNVALIDATED
C_27100,30.397449493408203,3.364552974700928,1.805999994277954,75,60,2005-07-26T10:45:00,ENGINE_EXECUTABLE_HYDRAULICALLY_UNVALIDATED
C_27101,30.39493179321289,3.506873369216919,1.7100000381469729,75,75,2005-07-26T10:45:00,ENGINE_EXECUTABLE_HYDRAULICALLY_UNVALIDATED
C_27102,30.3988037109375,3.307922124862671,1.837000012397766,75,60,2005-07-26T10:45:00,ENGINE_EXECUTABLE_HYDRAULICALLY_UNVALIDATED
C_27103,30.40068626403809,2.704508066177368,2.246999979019165,60,60,2005-07-26T10:45:00,ENGINE_EXECUTABLE_HYDRAULICALLY_UNVALIDATED
C_27104,30.40052795410156,3.036980390548706,2.000999927520752,60,60,2005-07-26T10:45:00,ENGINE_EXECUTABLE_HYDRAULICALLY_UNVALIDATED
C_27105,30.400503158569336,3.393072366714477,1.7910000085830688,90,75,2005-07-26T10:45:00,ENGINE_EXECUTABLE_HYDRAULICALLY_UNVALIDATED
C_27106,30.400279998779297,3.417856216430664,1.777999997138977,75,75,2005-07-26T10:45:00,ENGINE_EXECUTABLE_HYDRAULICALLY_UNVALIDATED
C_27109,30.39826393127441,2.141136407852173,2.838000059127808,45,45,2005-07-26T10:45:00,ENGINE_EXECUTABLE_HYDRAULICALLY_UNVALIDATED
C_27110,30.3979549407959,3.224717140197754,2.693000078201294,45,45,2005-07-26T10:45:00,ENGINE_EXECUTABLE_HYDRAULICALLY_UNVALIDATED
C_27111,30.400012969970703,1.8777259588241575,2.697999954223633,60,45,2005-07-26T10:45:00,ENGINE_EXECUTABLE_HYDRAULICALLY_UNVALIDATED
C_27113,30.37674140930176,2.186753034591675,1.5433008670806885,0,0,2005-07-26T10:45:00,ENGINE_EXECUTABLE_HYDRAULICALLY_UNVALIDATED
C_27114,30.38323974609375,2.1650757789611816,1.5590860843658447,0,0,2005-07-26T10:45:00,ENGINE_EXECUTABLE_HYDRAULICALLY_UNVALIDATED
C_27115,30.390792846679688,1.747744917869568,1.425134301185608,0,0,2005-07-26T10:45:00,ENGINE_EXECUTABLE_HYDRAULICALLY_UNVALIDATED
C_27116,30.3957462310791,3.826692819595337,1.673451542854309,0,0,2005-07-26T10:45:00,ENGINE_EXECUTABLE_HYDRAULICALLY_UNVALIDATED
C_27117,30.39609909057617,3.57497239112854,1.7660000324249268,60,60,2005-07-26T10:45:00,ENGINE_EXECUTABLE_HYDRAULICALLY_UNVALIDATED
C_27118,30.39505386352539,3.928740739822388,1.7710000276565552,60,60,2005-07-26T10:45:00,ENGINE_EXECUTABLE_HYDRAULICALLY_UNVALIDATED
C_27119,30.39295959472656,3.6847639083862314,1.7039999961853027,30,15,2005-07-26T10:45:00,ENGINE_EXECUTABLE_HYDRAULICALLY_UNVALIDATED
C_27120,30.394344329833984,3.7695465087890634,1.7979999780654907,30,30,2005-07-26T10:45:00,ENGINE_EXECUTABLE_HYDRAULICALLY_UNVALIDATED
C_27121,30.391891479492188,1.8370516300201416,2.756999969482422,45,45,2005-07-26T10:45:00,ENGINE_EXECUTABLE_HYDRAULICALLY_UNVALIDATED
C_27122,30.39975929260254,1.7126647233963013,2.9579999446868896,30,30,2005-07-26T10:45:00,ENGINE_EXECUTABLE_HYDRAULICALLY_UNVALIDATED
C_27123,30.38473320007324,1.8273396492004397,2.7709999084472656,45,45,2005-07-26T10:45:00,ENGINE_EXECUTABLE_HYDRAULICALLY_UNVALIDATED
C_27124,30.401647567749023,1.6187660694122314,3.249000072479248,30,30,2005-07-26T10:45:00,ENGINE_EXECUTABLE_HYDRAULICALLY_UNVALIDATED
C_27125,30.393463134765625,1.800573468208313,2.812999963760376,30,30,2005-07-26T10:45:00,ENGINE_EXECUTABLE_HYDRAULICALLY_UNVALIDATED
C_27126,30.39552497863769,1.8101251125335691,3.11299991607666,30,15,2005-07-26T10:45:00,ENGINE_EXECUTABLE_HYDRAULICALLY_UNVALIDATED
C_27127,30.396371841430664,1.951932430267334,3.088000059127808,15,15,2005-07-26T10:45:00,ENGINE_EXECUTABLE_HYDRAULICALLY_UNVALIDATED
C_27128,30.404787063598636,2.2105956077575684,2.924000024795532,15,15,2005-07-26T10:45:00,ENGINE_EXECUTABLE_HYDRAULICALLY_UNVALIDATED
C_27129,30.40297508239746,2.041510343551636,2.380000114440918,30,30,2005-07-26T10:45:00,ENGINE_EXECUTABLE_HYDRAULICALLY_UNVALIDATED
C_27130,30.4011344909668,2.7611677646636963,2.375,30,30,2005-07-26T10:45:00,ENGINE_EXECUTABLE_HYDRAULICALLY_UNVALIDATED
C_27131,30.40046119689941,2.956087350845337,2.510999917984009,30,30,2005-07-26T10:45:00,ENGINE_EXECUTABLE_HYDRAULICALLY_UNVALIDATED
C_27132,30.39827537536621,2.8237521648406982,2.3399999141693115,30,30,2005-07-26T10:45:00,ENGINE_EXECUTABLE_HYDRAULICALLY_UNVALIDATED
C_27133,30.401050567626957,1.7830214500427246,2.615999937057495,15,15,2005-07-26T10:45:00,ENGINE_EXECUTABLE_HYDRAULICALLY_UNVALIDATED
C_27134,30.410860061645508,2.5110528469085693,2.325999975204468,30,30,2005-07-26T10:45:00,ENGINE_EXECUTABLE_HYDRAULICALLY_UNVALIDATED
C_27135,28.881322860717773,2.9643399715423584,2.421999931335449,15,15,2005-07-26T10:45:00,ENGINE_EXECUTABLE_HYDRAULICALLY_UNVALIDATED
C_27136,28.881982803344727,3.0004336833953857,2.494999885559082,15,15,2005-07-26T10:45:00,ENGINE_EXECUTABLE_HYDRAULICALLY_UNVALIDATED
C_27137,28.885499954223636,3.0752272605896,2.549000024795532,15,15,2005-07-26T10:45:00,ENGINE_EXECUTABLE_HYDRAULICALLY_UNVALIDATED
C_27140,28.19552993774414,3.958107233047485,1.853400707244873,0,0,2005-07-26T10:45:00,ENGINE_EXECUTABLE_HYDRAULICALLY_UNVALIDATED
C_27141,28.187484741210938,3.353511095046997,1.9662522077560425,0,0,2005-07-26T10:45:00,ENGINE_EXECUTABLE_HYDRAULICALLY_UNVALIDATED
C_27142,28.174585342407227,3.0577893257141118,2.1708786487579346,0,0,2005-07-26T10:45:00,ENGINE_EXECUTABLE_HYDRAULICALLY_UNVALIDATED
C_27143,28.205421447753903,4.045995712280273,1.7868868112564087,0,0,2005-07-26T10:45:00,ENGINE_EXECUTABLE_HYDRAULICALLY_UNVALIDATED
C_27144,28.210100173950195,4.112557888031006,1.7374308109283447,0,0,2005-07-26T10:45:00,ENGINE_EXECUTABLE_HYDRAULICALLY_UNVALIDATED
C_27145,28.215803146362305,4.306204795837402,1.877297520637512,0,0,2005-07-26T10:45:00,ENGINE_EXECUTABLE_HYDRAULICALLY_UNVALIDATED
C_27146,28.21390914916992,4.146852016448975,1.7140096426010132,0,0,2005-07-26T10:45:00,ENGINE_EXECUTABLE_HYDRAULICALLY_UNVALIDATED
C_27147,28.91485595703125,2.942451238632202,2.382269859313965,0,0,2005-07-26T10:45:00,ENGINE_EXECUTABLE_HYDRAULICALLY_UNVALIDATED
C_27148,28.90085792541504,2.928975343704224,2.464354515075684,0,0,2005-07-26T10:45:00,ENGINE_EXECUTABLE_HYDRAULICALLY_UNVALIDATED
C_27149,28.92601203918457,2.969443321228028,2.31974458694458,0,0,2005-07-26T10:45:00,ENGINE_EXECUTABLE_HYDRAULICALLY_UNVALIDATED
C_27150,28.216949462890625,3.4037108421325684,2.369610071182251,0,0,2005-07-26T10:45:00,ENGINE_EXECUTABLE_HYDRAULICALLY_UNVALIDATED
C_27151,28.21756172180176,3.069815158843994,2.6259765625,0,0,2005-07-26T10:45:00,ENGINE_EXECUTABLE_HYDRAULICALLY_UNVALIDATED
C_27152,28.21793365478516,3.0446126461029053,2.647748708724976,0,0,2005-07-26T10:45:00,ENGINE_EXECUTABLE_HYDRAULICALLY_UNVALIDATED
C_27153,26.69207572937012,3.6564829349517822,2.919647455215454,0,0,2005-07-26T10:45:00,ENGINE_EXECUTABLE_HYDRAULICALLY_UNVALIDATED
C_27154,26.692476272583008,3.471966505050659,3.074857473373413,0,0,2005-07-26T10:45:00,ENGINE_EXECUTABLE_HYDRAULICALLY_UNVALIDATED
C_27155,26.692310333251957,3.3757078647613525,3.1625173091888428,0,0,2005-07-26T10:45:00,ENGINE_EXECUTABLE_HYDRAULICALLY_UNVALIDATED
C_27156,26.692609786987305,4.402419090270996,3.031246900558472,0,0,2005-07-26T10:45:00,ENGINE_EXECUTABLE_HYDRAULICALLY_UNVALIDATED
C_27157,22.10893440246582,4.358531475067139,2.5360000133514404,60,60,2005-07-26T10:45:00,ENGINE_EXECUTABLE_HYDRAULICALLY_UNVALIDATED
C_27158,26.69258499145508,4.9961838722229,2.6710000038146973,60,30,2005-07-26T10:45:00,ENGINE_EXECUTABLE_HYDRAULICALLY_UNVALIDATED
C_27159,22.11002349853516,6.147820472717285,1.7979999780654907,90,75,2005-07-26T10:45:00,ENGINE_EXECUTABLE_HYDRAULICALLY_UNVALIDATED
C_27819,0.9636286497116088,0.3029949367046356,0.5234572291374207,0,0,2005-07-26T11:30:00,ENGINE_EXECUTABLE_HYDRAULICALLY_UNVALIDATED
C_27820,0.7372680902481079,0.3165252208709717,0.488614946603775,0,0,2005-07-26T10:30:00,ENGINE_EXECUTABLE_HYDRAULICALLY_UNVALIDATED
C_27821,0.6829887628555298,0.339263767004013,0.4546989798545837,0,0,2005-07-26T10:45:00,ENGINE_EXECUTABLE_HYDRAULICALLY_UNVALIDATED
C_27822,0.6166742444038391,0.2730187177658081,0.4331923723220825,0,0,2005-07-26T10:45:00,ENGINE_EXECUTABLE_HYDRAULICALLY_UNVALIDATED
C_27823,0.5714540481567383,0.2713818550109863,0.4213195443153381,0,0,2005-07-26T10:45:00,ENGINE_EXECUTABLE_HYDRAULICALLY_UNVALIDATED
C_27824,1.3065600395202637,0.2826302647590637,0.6569400429725647,0,0,2005-07-26T11:30:00,ENGINE_EXECUTABLE_HYDRAULICALLY_UNVALIDATED
C_27825,1.514294147491455,0.2949517369270324,0.6239837408065796,0,0,2005-07-26T11:30:00,ENGINE_EXECUTABLE_HYDRAULICALLY_UNVALIDATED
C_27826,1.4954376220703125,0.3111752569675445,0.5902977585792542,0,0,2005-07-26T11:30:00,ENGINE_EXECUTABLE_HYDRAULICALLY_UNVALIDATED
C_27827,1.2690390348434448,0.2942625284194946,0.5573322772979736,0,0,2005-07-26T11:30:00,ENGINE_EXECUTABLE_HYDRAULICALLY_UNVALIDATED
C_27835,0.5431974530220032,0.4671550095081329,0.4071670770645141,0,0,2005-07-26T10:45:00,ENGINE_EXECUTABLE_HYDRAULICALLY_UNVALIDATED
C_27836,0.5499452948570251,0.208715870976448,0.383166640996933,0,0,2005-07-26T10:45:00,ENGINE_EXECUTABLE_HYDRAULICALLY_UNVALIDATED
C_27837,0.5076038837432861,0.2184417098760604,0.3481949269771576,0,0,2005-07-26T10:45:00,ENGINE_EXECUTABLE_HYDRAULICALLY_UNVALIDATED
C_27838,0.4645024538040161,0.2217301875352859,0.3230806887149811,0,0,2005-07-26T10:45:00,ENGINE_EXECUTABLE_HYDRAULICALLY_UNVALIDATED
C_27839,0.4399461448192596,0.2289527207612991,0.3032253384590149,0,0,2005-07-26T10:45:00,ENGINE_EXECUTABLE_HYDRAULICALLY_UNVALIDATED
C_27840,0.3949373066425323,0.2342881262302398,0.272740751504898,0,0,2005-07-26T11:30:00,ENGINE_EXECUTABLE_HYDRAULICALLY_UNVALIDATED
C_27849,0.3454368710517883,0.2625857889652252,0.2438446134328842,0,0,2005-07-26T10:45:00,ENGINE_EXECUTABLE_HYDRAULICALLY_UNVALIDATED
C_27850,0.2576372921466827,0.2212422043085098,0.2157895117998123,0,0,2005-07-26T11:30:00,ENGINE_EXECUTABLE_HYDRAULICALLY_UNVALIDATED
C_27851,0.2026792913675308,0.1759026050567627,0.1935383826494217,0,0,2005-07-26T11:30:00,ENGINE_EXECUTABLE_HYDRAULICALLY_UNVALIDATED
C_27852,0.176160380244255,0.1466946899890899,0.1818438321352005,0,0,2005-07-26T11:15:00,ENGINE_EXECUTABLE_HYDRAULICALLY_UNVALIDATED
C_27853,0.1632552295923233,0.1405728757381439,0.1760249584913253,0,0,2005-07-26T11:15:00,ENGINE_EXECUTABLE_HYDRAULICALLY_UNVALIDATED
C_27854,0.1287574172019958,0.123159073293209,0.1605143994092941,0,0,2005-07-26T11:15:00,ENGINE_EXECUTABLE_HYDRAULICALLY_UNVALIDATED
C_27867,0.058475524187088,0.0706576406955719,0.1337886601686477,0,0,2005-07-26T11:00:00,ENGINE_EXECUTABLE_HYDRAULICALLY_UNVALIDATED
C_27868,0.0153701584786176,0.0517154820263385,0.1068320348858833,0,0,2005-07-26T11:15:00,ENGINE_EXECUTABLE_HYDRAULICALLY_UNVALIDATED
C_27869,0.0369557216763496,0.0801534056663513,0.0768351778388023,0,0,2005-07-26T11:15:00,ENGINE_EXECUTABLE_HYDRAULICALLY_UNVALIDATED
C_27870,0.0185228958725929,0.0878038108348846,0.035155713558197,0,0,2005-07-26T11:15:00,ENGINE_EXECUTABLE_HYDRAULICALLY_UNVALIDATED
C_27875,0.0,0.0,0.0050962180830538,0,0,2005-07-26T00:15:00,ENGINE_EXECUTABLE_HYDRAULICALLY_UNVALIDATED
C_27876,0.0,0.0,3.0479999622912143e-05,0,0,2005-07-26T00:15:00,ENGINE_EXECUTABLE_HYDRAULICALLY_UNVALIDATED
C_27877,0.0,0.0,3.0479999622912143e-05,0,0,2005-07-26T00:15:00,ENGINE_EXECUTABLE_HYDRAULICALLY_UNVALIDATED
C_27878,0.0,0.0,3.0479999622912143e-05,0,0,2005-07-26T00:15:00,ENGINE_EXECUTABLE_HYDRAULICALLY_UNVALIDATED
C_27879,0.0,0.0,3.0479999622912143e-05,0,0,2005-07-26T00:15:00,ENGINE_EXECUTABLE_HYDRAULICALLY_UNVALIDATED
C_27894,0.0,0.0,3.0479999622912143e-05,0,0,2005-07-26T00:15:00,ENGINE_EXECUTABLE_HYDRAULICALLY_UNVALIDATED
C_27895,0.0,0.0,3.0479999622912143e-05,0,0,2005-07-26T00:15:00,ENGINE_EXECUTABLE_HYDRAULICALLY_UNVALIDATED
C_27896,0.0,0.0,3.0479999622912143e-05,0,0,2005-07-26T00:15:00,ENGINE_EXECUTABLE_HYDRAULICALLY_UNVALIDATED
C_27897,0.0,0.0,3.0479999622912143e-05,0,0,2005-07-26T00:15:00,ENGINE_EXECUTABLE_HYDRAULICALLY_UNVALIDATED
C_27898,137.82090759277344,1.4572676420211792,1.933193922042847,0,0,2005-07-26T10:45:00,ENGINE_EXECUTABLE_HYDRAULICALLY_UNVALIDATED
C_27899,4.464668273925781,0.4241885542869568,1.134581446647644,0,0,2005-07-26T10:15:00,ENGINE_EXECUTABLE_HYDRAULICALLY_UNVALIDATED
C_27900,4.0851898193359375,0.4244323670864105,1.0943711996078491,0,0,2005-07-26T10:15:00,ENGINE_EXECUTABLE_HYDRAULICALLY_UNVALIDATED
C_27901,143.89907836914062,1.474324345588684,1.9811291694641116,0,0,2005-07-26T10:45:00,ENGINE_EXECUTABLE_HYDRAULICALLY_UNVALIDATED
C_27902,143.99635314941406,1.439700961112976,2.022165060043335,0,0,2005-07-26T10:45:00,ENGINE_EXECUTABLE_HYDRAULICALLY_UNVALIDATED
C_27903,11.092939376831056,0.5042810440063477,1.34520423412323,0,0,2005-07-26T10:15:00,ENGINE_EXECUTABLE_HYDRAULICALLY_UNVALIDATED
C_27904,10.844403266906738,0.5067567825317383,1.3213341236114502,0,0,2005-07-26T10:15:00,ENGINE_EXECUTABLE_HYDRAULICALLY_UNVALIDATED
C_27905,10.51972484588623,0.5060332417488098,1.2968592643737793,0,0,2005-07-26T10:15:00,ENGINE_EXECUTABLE_HYDRAULICALLY_UNVALIDATED
C_27906,10.13014316558838,0.5028151869773865,1.2703598737716677,0,0,2005-07-26T10:15:00,ENGINE_EXECUTABLE_HYDRAULICALLY_UNVALIDATED
C_27907,3.7433695793151855,0.423794537782669,1.0604256391525269,0,0,2005-07-26T10:15:00,ENGINE_EXECUTABLE_HYDRAULICALLY_UNVALIDATED
C_27908,3.385106325149536,0.4220060408115387,1.0263153314590454,0,0,2005-07-26T10:15:00,ENGINE_EXECUTABLE_HYDRAULICALLY_UNVALIDATED
C_27909,3.005833148956299,0.418693482875824,0.9928282499313354,0,0,2005-07-26T10:15:00,ENGINE_EXECUTABLE_HYDRAULICALLY_UNVALIDATED
C_27910,9.545096397399902,0.5189127326011658,1.2379112243652344,0,0,2005-07-26T10:15:00,ENGINE_EXECUTABLE_HYDRAULICALLY_UNVALIDATED
C_27911,8.881443977355957,0.4881243109703064,1.2069379091262815,0,0,2005-07-26T10:15:00,ENGINE_EXECUTABLE_HYDRAULICALLY_UNVALIDATED
C_27912,8.412672996520996,0.573485255241394,1.185319900512695,0,0,2005-07-26T10:15:00,ENGINE_EXECUTABLE_HYDRAULICALLY_UNVALIDATED
C_27913,2.601811408996582,0.4136366546154022,0.9597582221031188,0,0,2005-07-26T10:15:00,ENGINE_EXECUTABLE_HYDRAULICALLY_UNVALIDATED
C_27914,2.262953281402588,0.4060198664665222,0.924536108970642,0,0,2005-07-26T10:30:00,ENGINE_EXECUTABLE_HYDRAULICALLY_UNVALIDATED
C_27915,2.141899585723877,0.396313726902008,0.889724612236023,0,0,2005-07-26T10:30:00,ENGINE_EXECUTABLE_HYDRAULICALLY_UNVALIDATED
C_27916,2.023833990097046,0.3881771266460418,0.8569096326828003,0,0,2005-07-26T10:30:00,ENGINE_EXECUTABLE_HYDRAULICALLY_UNVALIDATED
C_27917,1.9580256938934328,0.3244857788085937,0.8381898403167725,0,0,2005-07-26T10:30:00,ENGINE_EXECUTABLE_HYDRAULICALLY_UNVALIDATED
C_27918,1.9026676416397093,0.3113274872303009,0.8215607404708862,0,0,2005-07-26T10:30:00,ENGINE_EXECUTABLE_HYDRAULICALLY_UNVALIDATED
C_27919,1.8078347444534304,0.1697896271944046,0.7902665138244629,0,0,2005-07-26T10:30:00,ENGINE_EXECUTABLE_HYDRAULICALLY_UNVALIDATED
C_27920,1.710196614265442,0.1689666658639907,0.7623122334480286,0,0,2005-07-26T10:30:00,ENGINE_EXECUTABLE_HYDRAULICALLY_UNVALIDATED
C_27921,1.5054811239242554,0.1532413065433502,0.7464856505393982,0,0,2005-07-26T10:30:00,ENGINE_EXECUTABLE_HYDRAULICALLY_UNVALIDATED
C_27922,1.4737820625305176,0.1523151099681854,0.7384429574012756,0,0,2005-07-26T10:30:00,ENGINE_EXECUTABLE_HYDRAULICALLY_UNVALIDATED
C_27923,1.4572263956069946,0.2740627229213714,0.7328025698661804,0,0,2005-07-26T10:30:00,ENGINE_EXECUTABLE_HYDRAULICALLY_UNVALIDATED
C_27924,1.4434973001480105,0.2745302617549896,0.7270752191543579,0,0,2005-07-26T10:30:00,ENGINE_EXECUTABLE_HYDRAULICALLY_UNVALIDATED
C_27925,0.0443196073174476,0.1470881849527359,0.5398293137550354,0,0,2005-07-26T10:30:00,ENGINE_EXECUTABLE_HYDRAULICALLY_UNVALIDATED
C_27926,0.0443196073174476,0.1470881849527359,0.5398293137550354,0,0,2005-07-26T10:30:00,ENGINE_EXECUTABLE_HYDRAULICALLY_UNVALIDATED
C_27927,0.0443196073174476,0.1470881849527359,0.5398293137550354,0,0,2005-07-26T10:30:00,ENGINE_EXECUTABLE_HYDRAULICALLY_UNVALIDATED
C_27928,1.4165997505187988,0.2760396003723144,0.7151874303817749,0,0,2005-07-26T10:30:00,ENGINE_EXECUTABLE_HYDRAULICALLY_UNVALIDATED
C_27929,1.3568313121795654,0.2799245417118072,0.6899378895759583,0,0,2005-07-26T10:30:00,ENGINE_EXECUTABLE_HYDRAULICALLY_UNVALIDATED
C_27930,0.0392421409487724,0.1540229767560959,0.5025785565376282,0,0,2005-07-26T10:30:00,ENGINE_EXECUTABLE_HYDRAULICALLY_UNVALIDATED
C_27931,0.0392421409487724,0.1540229767560959,0.5025785565376282,0,0,2005-07-26T10:30:00,ENGINE_EXECUTABLE_HYDRAULICALLY_UNVALIDATED
C_27932,0.0392421409487724,0.1540229767560959,0.5025785565376282,0,0,2005-07-26T10:30:00,ENGINE_EXECUTABLE_HYDRAULICALLY_UNVALIDATED
C_27933,0.0363931395113468,0.1822760850191116,0.4549642205238342,0,0,2005-07-26T11:30:00,ENGINE_EXECUTABLE_HYDRAULICALLY_UNVALIDATED
C_27934,0.0363931395113468,0.1822760850191116,0.4549642205238342,0,0,2005-07-26T11:30:00,ENGINE_EXECUTABLE_HYDRAULICALLY_UNVALIDATED
C_27935,0.0363931395113468,0.1822760850191116,0.4549642205238342,0,0,2005-07-26T11:30:00,ENGINE_EXECUTABLE_HYDRAULICALLY_UNVALIDATED
C_27936,0.0684106796979904,0.2936467230319977,0.4094059467315674,0,0,2005-07-26T11:30:00,ENGINE_EXECUTABLE_HYDRAULICALLY_UNVALIDATED
C_27937,0.0684106796979904,0.2936467230319977,0.4094059467315674,0,0,2005-07-26T11:30:00,ENGINE_EXECUTABLE_HYDRAULICALLY_UNVALIDATED
C_27938,0.0684106796979904,0.2936467230319977,0.4094059467315674,0,0,2005-07-26T11:30:00,ENGINE_EXECUTABLE_HYDRAULICALLY_UNVALIDATED
C_27939,0.0642170161008834,0.3694055080413818,0.3577060997486114,0,0,2005-07-26T11:30:00,ENGINE_EXECUTABLE_HYDRAULICALLY_UNVALIDATED
C_27940,0.0642170161008834,0.3694055080413818,0.3577060997486114,0,0,2005-07-26T11:30:00,ENGINE_EXECUTABLE_HYDRAULICALLY_UNVALIDATED
C_27941,0.0642170161008834,0.3694055080413818,0.3577060997486114,0,0,2005-07-26T11:30:00,ENGINE_EXECUTABLE_HYDRAULICALLY_UNVALIDATED
C_27942,0.0137421041727066,0.0909832119941711,0.2656910717487335,0,0,2005-07-26T11:15:00,ENGINE_EXECUTABLE_HYDRAULICALLY_UNVALIDATED
C_27943,0.0137421041727066,0.0909832119941711,0.2656910717487335,0,0,2005-07-26T11:15:00,ENGINE_EXECUTABLE_HYDRAULICALLY_UNVALIDATED
C_27944,0.0137421041727066,0.0909832119941711,0.2656910717487335,0,0,2005-07-26T11:15:00,ENGINE_EXECUTABLE_HYDRAULICALLY_UNVALIDATED
C_27945,0.0100416140630841,0.1710397452116012,0.1797298192977905,0,0,2005-07-26T11:00:00,ENGINE_EXECUTABLE_HYDRAULICALLY_UNVALIDATED
C_27946,0.0100416140630841,0.1710397452116012,0.1797298192977905,0,0,2005-07-26T11:00:00,ENGINE_EXECUTABLE_HYDRAULICALLY_UNVALIDATED
C_27947,0.0100416140630841,0.1710397452116012,0.1797298192977905,0,0,2005-07-26T11:00:00,ENGINE_EXECUTABLE_HYDRAULICALLY_UNVALIDATED
C_27948,0.0088017554953694,0.1743544638156891,0.0995362848043441,0,0,2005-07-26T11:00:00,ENGINE_EXECUTABLE_HYDRAULICALLY_UNVALIDATED
C_27949,0.0088017554953694,0.1743544638156891,0.0995362848043441,0,0,2005-07-26T11:00:00,ENGINE_EXECUTABLE_HYDRAULICALLY_UNVALIDATED
C_27950,0.0088017554953694,0.1743544638156891,0.0995362848043441,0,0,2005-07-26T11:00:00,ENGINE_EXECUTABLE_HYDRAULICALLY_UNVALIDATED
C_27951,0.0,0.0,0.0232417173683643,0,0,2005-07-26T00:15:00,ENGINE_EXECUTABLE_HYDRAULICALLY_UNVALIDATED
C_27952,0.0,0.0,0.0232417173683643,0,0,2005-07-26T00:15:00,ENGINE_EXECUTABLE_HYDRAULICALLY_UNVALIDATED
C_27953,0.0,0.0,0.0232417173683643,0,0,2005-07-26T00:15:00,ENGINE_EXECUTABLE_HYDRAULICALLY_UNVALIDATED
C_27954,0.0,0.0,3.0479999622912143e-05,0,0,2005-07-26T00:15:00,ENGINE_EXECUTABLE_HYDRAULICALLY_UNVALIDATED
C_27955,0.0,0.0,3.0479999622912143e-05,0,0,2005-07-26T00:15:00,ENGINE_EXECUTABLE_HYDRAULICALLY_UNVALIDATED
C_27956,0.0,0.0,3.0479999622912143e-05,0,0,2005-07-26T00:15:00,ENGINE_EXECUTABLE_HYDRAULICALLY_UNVALIDATED
C_27957,0.0,0.0,3.0479999622912143e-05,0,0,2005-07-26T00:15:00,ENGINE_EXECUTABLE_HYDRAULICALLY_UNVALIDATED
C_27958,0.0,0.0,3.0479999622912143e-05,0,0,2005-07-26T00:15:00,ENGINE_EXECUTABLE_HYDRAULICALLY_UNVALIDATED
C_27959,0.0,0.0,3.0479999622912143e-05,0,0,2005-07-26T00:15:00,ENGINE_EXECUTABLE_HYDRAULICALLY_UNVALIDATED
C_27960,2.0915040969848637,0.5063512325286865,0.6583844423294067,0,0,2005-07-26T10:45:00,ENGINE_EXECUTABLE_HYDRAULICALLY_UNVALIDATED
C_27961,2.6628732681274414,0.4310266673564911,0.7092955708503723,0,0,2005-07-26T10:30:00,ENGINE_EXECUTABLE_HYDRAULICALLY_UNVALIDATED
C_27962,2.361010789871216,0.4355903565883636,0.692747175693512,0,0,2005-07-26T10:30:00,ENGINE_EXECUTABLE_HYDRAULICALLY_UNVALIDATED
C_27963,2.022672414779663,0.4308921694755554,0.6791713237762451,0,0,2005-07-26T10:30:00,ENGINE_EXECUTABLE_HYDRAULICALLY_UNVALIDATED
C_27964,2.004398822784424,0.4093273878097534,0.6675631999969482,0,0,2005-07-26T10:45:00,ENGINE_EXECUTABLE_HYDRAULICALLY_UNVALIDATED
C_27965,0.0,0.0,3.0479999622912143e-05,0,0,2005-07-26T00:15:00,ENGINE_EXECUTABLE_HYDRAULICALLY_UNVALIDATED
C_27966,0.0,0.0,3.0479999622912143e-05,0,0,2005-07-26T00:15:00,ENGINE_EXECUTABLE_HYDRAULICALLY_UNVALIDATED
C_27967,0.0,0.0,3.0479999622912143e-05,0,0,2005-07-26T00:15:00,ENGINE_EXECUTABLE_HYDRAULICALLY_UNVALIDATED
C_27968,1.8042062520980835,0.2550029456615448,0.6249821186065674,0,0,2005-07-26T10:45:00,ENGINE_EXECUTABLE_HYDRAULICALLY_UNVALIDATED
C_27969,1.7606674432754517,0.2047338485717773,0.608769416809082,0,0,2005-07-26T10:45:00,ENGINE_EXECUTABLE_HYDRAULICALLY_UNVALIDATED
C_27970,1.268391251564026,0.3879634141921997,0.5896148681640625,0,0,2005-07-26T10:45:00,ENGINE_EXECUTABLE_HYDRAULICALLY_UNVALIDATED
C_27971,2.0055155754089355,0.2912698984146118,0.6500132083892822,0,0,2005-07-26T10:45:00,ENGINE_EXECUTABLE_HYDRAULICALLY_UNVALIDATED
C_27972,1.882347822189331,0.279696375131607,0.640637993812561,0,0,2005-07-26T10:45:00,ENGINE_EXECUTABLE_HYDRAULICALLY_UNVALIDATED
C_27973,1.6690577268600464,0.1746106743812561,0.5991944670677185,0,0,2005-07-26T10:45:00,ENGINE_EXECUTABLE_HYDRAULICALLY_UNVALIDATED
C_27974,0.0,0.0,3.0479999622912143e-05,0,0,2005-07-26T00:15:00,ENGINE_EXECUTABLE_HYDRAULICALLY_UNVALIDATED
C_27975,0.0,0.0,3.0479999622912143e-05,0,0,2005-07-26T00:15:00,ENGINE_EXECUTABLE_HYDRAULICALLY_UNVALIDATED
C_27976,0.0,0.0,3.0479999622912143e-05,0,0,2005-07-26T00:15:00,ENGINE_EXECUTABLE_HYDRAULICALLY_UNVALIDATED
C_27977,0.0,0.0,3.0479999622912143e-05,0,0,2005-07-26T00:15:00,ENGINE_EXECUTABLE_HYDRAULICALLY_UNVALIDATED
C_27978,0.0,0.0,3.0479999622912143e-05,0,0,2005-07-26T00:15:00,ENGINE_EXECUTABLE_HYDRAULICALLY_UNVALIDATED
C_27979,0.0,0.0,3.0479999622912143e-05,0,0,2005-07-26T00:15:00,ENGINE_EXECUTABLE_HYDRAULICALLY_UNVALIDATED
C_27980,0.0,0.0,3.0479999622912143e-05,0,0,2005-07-26T00:15:00,ENGINE_EXECUTABLE_HYDRAULICALLY_UNVALIDATED
C_27981,0.0,0.0,3.0479999622912143e-05,0,0,2005-07-26T00:15:00,ENGINE_EXECUTABLE_HYDRAULICALLY_UNVALIDATED
C_27982,0.0,0.0,3.0479999622912143e-05,0,0,2005-07-26T00:15:00,ENGINE_EXECUTABLE_HYDRAULICALLY_UNVALIDATED
C_27983,0.0,0.0,3.0479999622912143e-05,0,0,2005-07-26T00:15:00,ENGINE_EXECUTABLE_HYDRAULICALLY_UNVALIDATED
C_27984,0.0,0.0,3.0479999622912143e-05,0,0,2005-07-26T00:15:00,ENGINE_EXECUTABLE_HYDRAULICALLY_UNVALIDATED
C_27985,0.0,0.0,3.0479999622912143e-05,0,0,2005-07-26T00:15:00,ENGINE_EXECUTABLE_HYDRAULICALLY_UNVALIDATED
C_27986,0.7859405875205994,0.348581314086914,0.4906612336635589,0,0,2005-07-26T10:45:00,ENGINE_EXECUTABLE_HYDRAULICALLY_UNVALIDATED
C_27987,0.7082943320274353,0.3598054349422455,0.4620113670825958,0,0,2005-07-26T10:45:00,ENGINE_EXECUTABLE_HYDRAULICALLY_UNVALIDATED
C_27988,0.6324570775032043,0.3739522993564605,0.4332679808139801,0,0,2005-07-26T10:45:00,ENGINE_EXECUTABLE_HYDRAULICALLY_UNVALIDATED
C_27989,0.5164370536804199,0.3775081932544708,0.4074466824531555,0,0,2005-07-26T10:45:00,ENGINE_EXECUTABLE_HYDRAULICALLY_UNVALIDATED
C_27990,1.1667890548706057,0.3782391250133514,0.5695887207984924,0,0,2005-07-26T10:45:00,ENGINE_EXECUTABLE_HYDRAULICALLY_UNVALIDATED
C_27991,1.0008693933486938,0.356535792350769,0.5402374267578125,0,0,2005-07-26T10:45:00,ENGINE_EXECUTABLE_HYDRAULICALLY_UNVALIDATED
C_27992,0.8752496242523193,0.3458666503429413,0.5149635672569275,0,0,2005-07-26T10:45:00,ENGINE_EXECUTABLE_HYDRAULICALLY_UNVALIDATED
C_27993,0.1825946867465973,0.1182219311594963,0.2469526827335357,0,0,2005-07-26T10:45:00,ENGINE_EXECUTABLE_HYDRAULICALLY_UNVALIDATED
C_27994,0.0219753086566925,0.0609550289809703,0.2316284477710724,0,0,2005-07-26T11:15:00,ENGINE_EXECUTABLE_HYDRAULICALLY_UNVALIDATED
C_27995,0.0312758423388004,0.0216654688119888,0.1202849522233009,0,0,2005-07-26T11:00:00,ENGINE_EXECUTABLE_HYDRAULICALLY_UNVALIDATED
C_27996,0.0070218718610703,0.0737375915050506,0.0105796931311488,0,0,2005-07-26T11:00:00,ENGINE_EXECUTABLE_HYDRAULICALLY_UNVALIDATED
C_27997,1.3925955499871634e-06,3.158760955557227e-05,0.0048979842104017,0,0,2005-07-26T11:00:00,ENGINE_EXECUTABLE_HYDRAULICALLY_UNVALIDATED
C_27998,0.0,0.0,4.451684435480274e-05,0,0,2005-07-26T00:15:00,ENGINE_EXECUTABLE_HYDRAULICALLY_UNVALIDATED
C_27999,0.0,0.0,3.0479999622912143e-05,0,0,2005-07-26T00:15:00,ENGINE_EXECUTABLE_HYDRAULICALLY_UNVALIDATED
C_28000,0.0,0.0,3.0479999622912143e-05,0,0,2005-07-26T00:15:00,ENGINE_EXECUTABLE_HYDRAULICALLY_UNVALIDATED
C_28001,1.109547734260559,0.4850459098815918,1.3037166595458984,0,0,2005-07-26T10:45:00,ENGINE_EXECUTABLE_HYDRAULICALLY_UNVALIDATED
C_28002,1.2581719160079956,0.4671696722507477,1.1972267627716064,0,0,2005-07-26T11:15:00,ENGINE_EXECUTABLE_HYDRAULICALLY_UNVALIDATED
C_28003,0.8721665740013123,0.3356975615024566,1.029820680618286,0,0,2005-07-26T10:45:00,ENGINE_EXECUTABLE_HYDRAULICALLY_UNVALIDATED
C_28004,0.9735466241836548,0.5728393197059631,1.1166696548461914,0,0,2005-07-26T11:15:00,ENGINE_EXECUTABLE_HYDRAULICALLY_UNVALIDATED
C_28005,8.044670104980469,0.4613514244556427,1.16749107837677,0,0,2005-07-26T10:15:00,ENGINE_EXECUTABLE_HYDRAULICALLY_UNVALIDATED
C_28006,7.4957756996154785,0.4495575428009033,1.1425350904464722,0,0,2005-07-26T10:15:00,ENGINE_EXECUTABLE_HYDRAULICALLY_UNVALIDATED
C_28007,7.09769868850708,0.550303041934967,1.1213349103927612,0,0,2005-07-26T10:15:00,ENGINE_EXECUTABLE_HYDRAULICALLY_UNVALIDATED
C_28008,6.859118938446045,0.5499758124351501,1.102858066558838,0,0,2005-07-26T10:15:00,ENGINE_EXECUTABLE_HYDRAULICALLY_UNVALIDATED
C_28009,6.517950057983398,0.5516179203987122,1.0776320695877075,0,0,2005-07-26T10:15:00,ENGINE_EXECUTABLE_HYDRAULICALLY_UNVALIDATED
C_28010,6.464263439178467,0.5548294186592102,1.0565228462219238,0,0,2005-07-26T10:30:00,ENGINE_EXECUTABLE_HYDRAULICALLY_UNVALIDATED
C_28011,6.795937538146973,0.5582846403121948,1.036699891090393,0,0,2005-07-26T10:45:00,ENGINE_EXECUTABLE_HYDRAULICALLY_UNVALIDATED
C_28012,7.137855052947998,0.5611401796340942,1.014297604560852,0,0,2005-07-26T10:45:00,ENGINE_EXECUTABLE_HYDRAULICALLY_UNVALIDATED
C_28013,7.414200782775879,0.5637223124504089,0.9911341071128844,0,0,2005-07-26T10:45:00,ENGINE_EXECUTABLE_HYDRAULICALLY_UNVALIDATED
C_28014,7.29852819442749,0.5674222707748413,0.9701147079467772,0,0,2005-07-26T10:45:00,ENGINE_EXECUTABLE_HYDRAULICALLY_UNVALIDATED
C_28015,7.384994983673096,0.5704115033149719,0.9500584602355956,0,0,2005-07-26T10:45:00,ENGINE_EXECUTABLE_HYDRAULICALLY_UNVALIDATED
C_28016,7.415307998657227,0.5541986227035522,0.927448868751526,0,0,2005-07-26T10:45:00,ENGINE_EXECUTABLE_HYDRAULICALLY_UNVALIDATED
C_28017,6.486515045166016,0.513080894947052,0.9001579880714417,0,0,2005-07-26T10:45:00,ENGINE_EXECUTABLE_HYDRAULICALLY_UNVALIDATED
C_28018,5.9124627113342285,0.6106794476509094,0.8706783652305603,0,0,2005-07-26T10:30:00,ENGINE_EXECUTABLE_HYDRAULICALLY_UNVALIDATED
C_28019,5.717432498931885,0.4952182471752167,0.841942310333252,0,0,2005-07-26T10:30:00,ENGINE_EXECUTABLE_HYDRAULICALLY_UNVALIDATED
C_28020,3.7405130863189697,0.434363454580307,0.7527406811714172,0,0,2005-07-26T10:45:00,ENGINE_EXECUTABLE_HYDRAULICALLY_UNVALIDATED
C_28021,5.248171806335449,0.5209715366363525,0.8030832409858704,0,0,2005-07-26T10:30:00,ENGINE_EXECUTABLE_HYDRAULICALLY_UNVALIDATED
C_28022,5.105533599853516,0.5460968017578125,0.7841702699661255,0,0,2005-07-26T10:30:00,ENGINE_EXECUTABLE_HYDRAULICALLY_UNVALIDATED
C_28023,5.013172149658203,0.5661187767982483,0.7725313901901245,0,0,2005-07-26T10:30:00,ENGINE_EXECUTABLE_HYDRAULICALLY_UNVALIDATED
C_28024,3.5344502925872803,0.41293665766716,0.767218828201294,0,0,2005-07-26T10:30:00,ENGINE_EXECUTABLE_HYDRAULICALLY_UNVALIDATED
C_28025,3.4805495738983154,0.421550840139389,0.7603269219398499,0,0,2005-07-26T10:45:00,ENGINE_EXECUTABLE_HYDRAULICALLY_UNVALIDATED
C_28026,1.3310641050338743,0.2843427062034607,0.6343521475791931,0,0,2005-07-26T10:30:00,ENGINE_EXECUTABLE_HYDRAULICALLY_UNVALIDATED
C_28027,5.460270404815674,0.5043755173683167,0.8201916813850403,0,0,2005-07-26T10:30:00,ENGINE_EXECUTABLE_HYDRAULICALLY_UNVALIDATED
C_28028,3.21693754196167,0.440083771944046,0.7421900033950806,0,0,2005-07-26T10:30:00,ENGINE_EXECUTABLE_HYDRAULICALLY_UNVALIDATED
C_28029,2.982667922973633,0.4373621344566345,0.726901650428772,0,0,2005-07-26T10:30:00,ENGINE_EXECUTABLE_HYDRAULICALLY_UNVALIDATED
C_28030,1.1854572296142578,0.2689960300922394,0.6327448487281799,0,0,2005-07-26T10:30:00,ENGINE_EXECUTABLE_HYDRAULICALLY_UNVALIDATED
C_28031,1.0404603481292725,0.3359133303165436,0.6268936991691589,0,0,2005-07-26T10:30:00,ENGINE_EXECUTABLE_HYDRAULICALLY_UNVALIDATED
C_28032,0.2547680735588074,0.3517130613327026,0.568755567073822,0,0,2005-07-26T10:30:00,ENGINE_EXECUTABLE_HYDRAULICALLY_UNVALIDATED
C_28033,0.9032538533210754,0.1976152956485748,0.6136523485183716,0,0,2005-07-26T10:30:00,ENGINE_EXECUTABLE_HYDRAULICALLY_UNVALIDATED
C_28034,0.4740966260433197,0.1745685935020446,0.5808317065238953,0,0,2005-07-26T10:30:00,ENGINE_EXECUTABLE_HYDRAULICALLY_UNVALIDATED
C_28035,0.3606001138687134,0.2185447365045547,0.5206297039985657,0,0,2005-07-26T10:30:00,ENGINE_EXECUTABLE_HYDRAULICALLY_UNVALIDATED
C_28036,0.1044216081500053,0.1980126947164535,0.4661299288272857,0,0,2005-07-26T11:15:00,ENGINE_EXECUTABLE_HYDRAULICALLY_UNVALIDATED
C_28037,0.1087099015712738,0.3255903720855713,0.5083552002906799,0,0,2005-07-26T10:30:00,ENGINE_EXECUTABLE_HYDRAULICALLY_UNVALIDATED
C_28038,0.073594719171524,0.0705573260784149,0.4105120599269867,0,0,2005-07-26T10:45:00,ENGINE_EXECUTABLE_HYDRAULICALLY_UNVALIDATED
C_28039,0.2540867924690246,0.2561683654785156,0.4505831301212311,0,0,2005-07-26T10:30:00,ENGINE_EXECUTABLE_HYDRAULICALLY_UNVALIDATED
C_28040,0.1380265057086944,0.1147839054465293,0.3857330977916717,0,0,2005-07-26T11:15:00,ENGINE_EXECUTABLE_HYDRAULICALLY_UNVALIDATED
C_28041,0.2706069946289062,0.1538682132959365,0.3308993875980377,0,0,2005-07-26T11:15:00,ENGINE_EXECUTABLE_HYDRAULICALLY_UNVALIDATED
C_28042,0.2861477434635162,0.2055035978555679,0.2769583463668823,0,0,2005-07-26T11:30:00,ENGINE_EXECUTABLE_HYDRAULICALLY_UNVALIDATED
C_28043,0.2156931906938552,0.1751025319099426,0.2033039033412933,0,0,2005-07-26T11:00:00,ENGINE_EXECUTABLE_HYDRAULICALLY_UNVALIDATED
C_28044,0.0,0.0,3.0479999622912143e-05,0,0,2005-07-26T00:15:00,ENGINE_EXECUTABLE_HYDRAULICALLY_UNVALIDATED
C_28045,0.0360064730048179,0.0932061001658439,0.1235915869474411,0,0,2005-07-26T11:15:00,ENGINE_EXECUTABLE_HYDRAULICALLY_UNVALIDATED
C_28046,0.0175000466406345,0.0727773979306221,0.0656664818525314,0,0,2005-07-26T11:00:00,ENGINE_EXECUTABLE_HYDRAULICALLY_UNVALIDATED
C_28047,0.0092345094308257,0.0588946826756,0.0321961604058742,0,0,2005-07-26T11:00:00,ENGINE_EXECUTABLE_HYDRAULICALLY_UNVALIDATED
C_28048,0.0,0.0,0.010678257793188,0,0,2005-07-26T00:15:00,ENGINE_EXECUTABLE_HYDRAULICALLY_UNVALIDATED
C_28049,0.0,0.0,3.0479999622912143e-05,0,0,2005-07-26T00:15:00,ENGINE_EXECUTABLE_HYDRAULICALLY_UNVALIDATED
C_28052,5.157684803009033,0.8894315361976624,1.3630000352859497,135,135,2005-07-26T10:15:00,ENGINE_EXECUTABLE_HYDRAULICALLY_UNVALIDATED
C_28053,9.61351203918457,1.5983818769454956,1.2790000438690186,150,150,2005-07-26T10:45:00,ENGINE_EXECUTABLE_HYDRAULICALLY_UNVALIDATED
C_28054,8.095224380493164,1.4339094161987305,1.3070000410079956,150,150,2005-07-26T10:45:00,ENGINE_EXECUTABLE_HYDRAULICALLY_UNVALIDATED
C_28055,6.575640201568604,1.0261564254760742,1.47599995136261,135,135,2005-07-26T10:45:00,ENGINE_EXECUTABLE_HYDRAULICALLY_UNVALIDATED
C_28056,6.573522090911865,1.0396510362625122,1.383999943733215,135,135,2005-07-26T10:45:00,ENGINE_EXECUTABLE_HYDRAULICALLY_UNVALIDATED
C_28057,11.886734008789062,1.3671928644180298,2.0450000762939453,135,135,2005-07-26T10:45:00,ENGINE_EXECUTABLE_HYDRAULICALLY_UNVALIDATED
C_28058,11.886758804321287,1.5052475929260254,1.9739999771118164,135,135,2005-07-26T10:45:00,ENGINE_EXECUTABLE_HYDRAULICALLY_UNVALIDATED
C_28059,10.372822761535645,1.4218827486038208,1.5839999914169312,135,135,2005-07-26T10:45:00,ENGINE_EXECUTABLE_HYDRAULICALLY_UNVALIDATED
C_28060,9.612833023071287,1.395299792289734,1.4279999732971191,135,135,2005-07-26T10:45:00,ENGINE_EXECUTABLE_HYDRAULICALLY_UNVALIDATED
C_28061,12.64804458618164,1.462101936340332,2.0290000438690186,165,150,2005-07-26T10:45:00,ENGINE_EXECUTABLE_HYDRAULICALLY_UNVALIDATED
C_28062,76.98109436035156,2.18361759185791,2.3499999046325684,165,165,2005-07-26T10:45:00,ENGINE_EXECUTABLE_HYDRAULICALLY_UNVALIDATED
C_28063,76.22216796875,2.431058406829834,2.0899999141693115,210,195,2005-07-26T10:45:00,ENGINE_EXECUTABLE_HYDRAULICALLY_UNVALIDATED
C_28064,76.22010040283203,2.3988544940948486,2.118000030517578,195,180,2005-07-26T10:45:00,ENGINE_EXECUTABLE_HYDRAULICALLY_UNVALIDATED
C_28065,0.8588497638702393,0.2212157100439071,0.930008053779602,0,0,2005-07-26T11:15:00,ENGINE_EXECUTABLE_HYDRAULICALLY_UNVALIDATED
C_28066,0.5416194796562195,0.185780256986618,0.8479896187782288,0,0,2005-07-26T10:15:00,ENGINE_EXECUTABLE_HYDRAULICALLY_UNVALIDATED
C_28068,0.3330169022083282,0.1058586984872818,0.8110528588294983,0,0,2005-07-26T10:15:00,ENGINE_EXECUTABLE_HYDRAULICALLY_UNVALIDATED
C_28071,6.951921463012695,0.977657914161682,1.5800000429153442,105,90,2005-07-26T10:15:00,ENGINE_EXECUTABLE_HYDRAULICALLY_UNVALIDATED
C_28072,7.550911426544189,1.6336840391159058,1.0269999504089355,165,165,2005-07-26T10:15:00,ENGINE_EXECUTABLE_HYDRAULICALLY_UNVALIDATED
C_28073,8.158514976501465,1.0328513383865356,1.037999987602234,165,165,2005-07-26T10:15:00,ENGINE_EXECUTABLE_HYDRAULICALLY_UNVALIDATED
C_28074,8.15845012664795,1.673950433731079,1.2200000286102295,150,135,2005-07-26T10:15:00,ENGINE_EXECUTABLE_HYDRAULICALLY_UNVALIDATED
C_28075,5.757044315338135,0.954849123954773,1.4019999504089355,135,135,2005-07-26T10:15:00,ENGINE_EXECUTABLE_HYDRAULICALLY_UNVALIDATED
C_28076,5.75028657913208,0.5172438025474548,1.621999979019165,90,75,2005-07-26T10:15:00,ENGINE_EXECUTABLE_HYDRAULICALLY_UNVALIDATED
C_28079,6.96225643157959,0.6226949691772461,1.4709999561309814,135,120,2005-07-26T10:15:00,ENGINE_EXECUTABLE_HYDRAULICALLY_UNVALIDATED
C_28080,75.46015930175781,2.595519781112671,1.937999963760376,225,225,2005-07-26T10:45:00,ENGINE_EXECUTABLE_HYDRAULICALLY_UNVALIDATED
C_28081,74.70136260986328,2.651510238647461,1.878000020980835,225,225,2005-07-26T10:45:00,ENGINE_EXECUTABLE_HYDRAULICALLY_UNVALIDATED
C_28082,73.43724822998047,2.006258726119995,2.440000057220459,165,165,2005-07-26T10:15:00,ENGINE_EXECUTABLE_HYDRAULICALLY_UNVALIDATED
C_28083,72.75212860107422,1.9657890796661377,2.4670000076293945,165,150,2005-07-26T10:15:00,ENGINE_EXECUTABLE_HYDRAULICALLY_UNVALIDATED
C_28084,72.65848541259766,2.342050075531006,2.068000078201294,210,210,2005-07-26T10:15:00,ENGINE_EXECUTABLE_HYDRAULICALLY_UNVALIDATED
C_28085,72.67096710205078,2.365327835083008,2.0480000972747803,210,210,2005-07-26T10:15:00,ENGINE_EXECUTABLE_HYDRAULICALLY_UNVALIDATED
C_28087,8.090575218200684,0.7243058681488037,3.4472286701202397,0,0,2005-07-26T10:15:00,ENGINE_EXECUTABLE_HYDRAULICALLY_UNVALIDATED
C_28089,8.017074584960938,0.7285396456718445,3.417050361633301,0,0,2005-07-26T10:15:00,ENGINE_EXECUTABLE_HYDRAULICALLY_UNVALIDATED
C_28090,72.04855346679688,1.9241595268249512,2.496000051498413,150,150,2005-07-26T10:15:00,ENGINE_EXECUTABLE_HYDRAULICALLY_UNVALIDATED
C_28091,70.7936782836914,1.8906463384628296,2.496000051498413,150,150,2005-07-26T10:15:00,ENGINE_EXECUTABLE_HYDRAULICALLY_UNVALIDATED
C_28092,69.55674743652344,2.13079047203064,2.1760001182556152,180,180,2005-07-26T10:15:00,ENGINE_EXECUTABLE_HYDRAULICALLY_UNVALIDATED
C_28093,69.54674530029297,1.8715920448303225,2.476999998092652,150,150,2005-07-26T10:15:00,ENGINE_EXECUTABLE_HYDRAULICALLY_UNVALIDATED
C_28094,69.43597412109375,1.9579311609268188,2.364000082015991,165,165,2005-07-26T10:15:00,ENGINE_EXECUTABLE_HYDRAULICALLY_UNVALIDATED
C_28095,68.72368621826172,1.9452522993087769,2.3550000190734863,180,165,2005-07-26T10:15:00,ENGINE_EXECUTABLE_HYDRAULICALLY_UNVALIDATED
C_28096,68.08148193359375,1.9435803890228271,2.3350000381469727,180,165,2005-07-26T10:15:00,ENGINE_EXECUTABLE_HYDRAULICALLY_UNVALIDATED
C_28099,7.963789939880371,0.7320725321769714,3.394580841064453,0,0,2005-07-26T10:15:00,ENGINE_EXECUTABLE_HYDRAULICALLY_UNVALIDATED
C_28100,8.539111137390137,0.7925556898117065,3.3756303787231445,0,0,2005-07-26T10:15:00,ENGINE_EXECUTABLE_HYDRAULICALLY_UNVALIDATED
C_28101,8.488245010375977,0.7962967753410339,3.356034755706787,0,0,2005-07-26T10:15:00,ENGINE_EXECUTABLE_HYDRAULICALLY_UNVALIDATED
C_28102,66.85083770751953,2.2348175048828125,1.99399995803833,210,210,2005-07-26T11:00:00,ENGINE_EXECUTABLE_HYDRAULICALLY_UNVALIDATED
C_28103,65.61747741699219,1.752408504486084,2.496000051498413,150,150,2005-07-26T11:00:00,ENGINE_EXECUTABLE_HYDRAULICALLY_UNVALIDATED
C_28104,65.01441192626953,1.7446906566619873,2.483999967575073,150,150,2005-07-26T11:00:00,ENGINE_EXECUTABLE_HYDRAULICALLY_UNVALIDATED
C_28105,64.40448760986328,1.9866517782211304,2.1610000133514404,180,180,2005-07-26T11:00:00,ENGINE_EXECUTABLE_HYDRAULICALLY_UNVALIDATED
C_28106,63.79542922973633,1.7696857452392578,2.4030001163482666,165,150,2005-07-26T11:00:00,ENGINE_EXECUTABLE_HYDRAULICALLY_UNVALIDATED
C_28108,8.414836883544922,0.8008378744125366,3.3294310569763184,0,0,2005-07-26T10:15:00,ENGINE_EXECUTABLE_HYDRAULICALLY_UNVALIDATED
C_28111,8.230585098266602,0.8071161508560181,2.881999969482422,60,60,2005-07-26T10:15:00,ENGINE_EXECUTABLE_HYDRAULICALLY_UNVALIDATED
C_28112,62.56685256958008,1.7037005424499512,2.447999954223633,150,150,2005-07-26T11:00:00,ENGINE_EXECUTABLE_HYDRAULICALLY_UNVALIDATED
C_28113,62.5735969543457,1.6415225267410278,2.5409998893737797,150,150,2005-07-26T11:00:00,ENGINE_EXECUTABLE_HYDRAULICALLY_UNVALIDATED
C_28114,61.343631744384766,1.609256148338318,2.5409998893737797,150,150,2005-07-26T11:00:00,ENGINE_EXECUTABLE_HYDRAULICALLY_UNVALIDATED
C_28115,61.35206604003906,2.0634117126464844,1.98199999332428,210,210,2005-07-26T11:00:00,ENGINE_EXECUTABLE_HYDRAULICALLY_UNVALIDATED
C_28120,8.511286735534668,0.8873588442802429,2.7869999408721924,60,45,2005-07-26T10:15:00,ENGINE_EXECUTABLE_HYDRAULICALLY_UNVALIDATED
C_28122,8.001187324523926,0.9134129285812378,3.0642249584198,0,0,2005-07-26T10:15:00,ENGINE_EXECUTABLE_HYDRAULICALLY_UNVALIDATED
C_28125,29.10700035095215,1.6453864574432373,2.239000082015991,150,150,2005-07-26T10:45:00,ENGINE_EXECUTABLE_HYDRAULICALLY_UNVALIDATED
C_28126,21.438936233520508,1.8363425731658936,2.23799991607666,120,120,2005-07-26T10:45:00,ENGINE_EXECUTABLE_HYDRAULICALLY_UNVALIDATED
C_28127,22.20496940612793,1.6398314237594604,2.0829999446868896,135,135,2005-07-26T10:45:00,ENGINE_EXECUTABLE_HYDRAULICALLY_UNVALIDATED
C_28128,25.26929473876953,1.653024673461914,2.0380001068115234,150,150,2005-07-26T10:45:00,ENGINE_EXECUTABLE_HYDRAULICALLY_UNVALIDATED
C_28129,26.034486770629883,1.6188799142837524,2.1440000534057617,150,150,2005-07-26T10:45:00,ENGINE_EXECUTABLE_HYDRAULICALLY_UNVALIDATED
C_28130,29.11068344116211,1.6634249687194824,2.2149999141693115,150,150,2005-07-26T10:45:00,ENGINE_EXECUTABLE_HYDRAULICALLY_UNVALIDATED
C_28131,29.871679306030277,2.145493030548096,2.5220000743865967,150,150,2005-07-26T10:45:00,ENGINE_EXECUTABLE_HYDRAULICALLY_UNVALIDATED
C_28132,40.47109603881836,2.4756999015808105,2.253000020980835,150,150,2005-07-26T10:30:00,ENGINE_EXECUTABLE_HYDRAULICALLY_UNVALIDATED
C_28133,42.00751495361328,1.7637876272201538,1.8899999856948853,195,195,2005-07-26T10:30:00,ENGINE_EXECUTABLE_HYDRAULICALLY_UNVALIDATED
C_28134,11.148781776428224,0.4947865307331085,2.253000020980835,150,150,2005-07-26T10:15:00,ENGINE_EXECUTABLE_HYDRAULICALLY_UNVALIDATED
C_28135,19.62894630432129,0.8734651207923889,2.246999979019165,150,150,2005-07-26T10:00:00,ENGINE_EXECUTABLE_HYDRAULICALLY_UNVALIDATED
C_28136,19.60775756835937,2.554405689239502,1.5989999771118164,195,195,2005-07-26T10:00:00,ENGINE_EXECUTABLE_HYDRAULICALLY_UNVALIDATED
C_28137,19.60405921936035,2.505352258682251,1.6299999952316284,180,180,2005-07-26T10:00:00,ENGINE_EXECUTABLE_HYDRAULICALLY_UNVALIDATED
C_28138,21.48430633544922,1.421411633491516,1.4550000429153442,210,195,2005-07-26T10:30:00,ENGINE_EXECUTABLE_HYDRAULICALLY_UNVALIDATED
C_28139,19.512304306030277,2.0953402519226074,1.6480000019073486,300,270,2005-07-26T10:00:00,ENGINE_EXECUTABLE_HYDRAULICALLY_UNVALIDATED
C_28140,20.372703552246094,1.6255124807357788,2.2179999351501465,150,150,2005-07-26T10:00:00,ENGINE_EXECUTABLE_HYDRAULICALLY_UNVALIDATED
C_28141,22.03775787353516,1.3812154531478882,1.5889999866485596,165,165,2005-07-26T10:00:00,ENGINE_EXECUTABLE_HYDRAULICALLY_UNVALIDATED
C_28142,18.22221946716309,1.781664252281189,1.809999942779541,210,210,2005-07-26T10:00:00,ENGINE_EXECUTABLE_HYDRAULICALLY_UNVALIDATED
C_28143,20.405271530151367,2.473540544509888,1.2690000534057615,195,195,2005-07-26T10:00:00,ENGINE_EXECUTABLE_HYDRAULICALLY_UNVALIDATED
C_28144,20.401100158691406,2.7313153743743896,1.14900004863739,210,210,2005-07-26T10:00:00,ENGINE_EXECUTABLE_HYDRAULICALLY_UNVALIDATED
C_28145,18.22630500793457,1.753008484840393,1.840000033378601,210,195,2005-07-26T10:00:00,ENGINE_EXECUTABLE_HYDRAULICALLY_UNVALIDATED
C_28146,20.40021705627441,1.96199369430542,1.0989999771118164,210,210,2005-07-26T10:00:00,ENGINE_EXECUTABLE_HYDRAULICALLY_UNVALIDATED
C_28147,18.645750045776367,1.9770913124084477,1.6690000295639038,255,240,2005-07-26T10:00:00,ENGINE_EXECUTABLE_HYDRAULICALLY_UNVALIDATED
C_28148,21.206932067871094,1.4050922393798828,1.5290000438690186,165,165,2005-07-26T10:00:00,ENGINE_EXECUTABLE_HYDRAULICALLY_UNVALIDATED
C_28149,19.07847023010254,2.072648525238037,1.628999948501587,300,270,2005-07-26T10:00:00,ENGINE_EXECUTABLE_HYDRAULICALLY_UNVALIDATED
C_28150,21.20691680908203,1.7327550649642944,1.258999943733215,195,195,2005-07-26T10:00:00,ENGINE_EXECUTABLE_HYDRAULICALLY_UNVALIDATED
C_28151,21.628646850585938,1.3829091787338257,1.5989999771118164,165,150,2005-07-26T10:00:00,ENGINE_EXECUTABLE_HYDRAULICALLY_UNVALIDATED
C_28152,20.02383804321289,2.1473195552825928,1.5540000200271606,195,195,2005-07-26T10:00:00,ENGINE_EXECUTABLE_HYDRAULICALLY_UNVALIDATED
C_28153,20.435495376586918,2.4767539501190186,1.375,195,195,2005-07-26T10:00:00,ENGINE_EXECUTABLE_HYDRAULICALLY_UNVALIDATED
C_28154,20.42531967163086,3.477742910385132,1.3049999475479126,195,195,2005-07-26T10:00:00,ENGINE_EXECUTABLE_HYDRAULICALLY_UNVALIDATED
C_28155,20.41959381103516,3.012737274169922,1.50600004196167,195,195,2005-07-26T10:00:00,ENGINE_EXECUTABLE_HYDRAULICALLY_UNVALIDATED
C_28156,20.415382385253903,2.4563329219818115,1.5679999589920044,165,165,2005-07-26T10:00:00,ENGINE_EXECUTABLE_HYDRAULICALLY_UNVALIDATED
C_28157,21.48316192626953,1.775134563446045,1.628000020980835,195,195,2005-07-26T10:45:00,ENGINE_EXECUTABLE_HYDRAULICALLY_UNVALIDATED
C_28158,21.48534774780273,1.718085527420044,1.6610000133514404,195,180,2005-07-26T10:30:00,ENGINE_EXECUTABLE_HYDRAULICALLY_UNVALIDATED
C_28159,20.79676055908203,2.3456790447235107,1.1820000410079956,330,315,2005-07-26T11:00:00,ENGINE_EXECUTABLE_HYDRAULICALLY_UNVALIDATED
C_28160,20.79380989074707,2.288740396499634,1.180999994277954,330,330,2005-07-26T11:00:00,ENGINE_EXECUTABLE_HYDRAULICALLY_UNVALIDATED
C_28161,19.556915283203125,2.3318448066711426,1.1360000371932983,375,375,2005-07-26T11:00:00,ENGINE_EXECUTABLE_HYDRAULICALLY_UNVALIDATED
C_28162,22.10870742797852,1.727421522140503,2.265000104904175,150,150,2005-07-26T10:00:00,ENGINE_EXECUTABLE_HYDRAULICALLY_UNVALIDATED
C_28163,22.5384578704834,1.932492017745972,2.063999891281128,195,195,2005-07-26T10:00:00,ENGINE_EXECUTABLE_HYDRAULICALLY_UNVALIDATED
C_28164,23.39595603942871,1.9402137994766235,2.134000062942505,180,180,2005-07-26T10:00:00,ENGINE_EXECUTABLE_HYDRAULICALLY_UNVALIDATED
C_28165,23.723365783691406,1.492808222770691,1.5889999866485596,180,165,2005-07-26T10:00:00,ENGINE_EXECUTABLE_HYDRAULICALLY_UNVALIDATED
C_28166,23.89461326599121,1.6820462942123413,2.513999938964844,150,150,2005-07-26T10:00:00,ENGINE_EXECUTABLE_HYDRAULICALLY_UNVALIDATED
C_28167,23.730751037597656,1.549690008163452,1.5190000534057615,180,180,2005-07-26T10:00:00,ENGINE_EXECUTABLE_HYDRAULICALLY_UNVALIDATED
C_28168,20.80891990661621,2.427544355392456,1.5169999599456787,345,345,2005-07-26T10:00:00,ENGINE_EXECUTABLE_HYDRAULICALLY_UNVALIDATED
C_28169,21.24215507507324,2.2296884059906006,1.6859999895095823,270,255,2005-07-26T10:00:00,ENGINE_EXECUTABLE_HYDRAULICALLY_UNVALIDATED
C_28170,22.890586853027344,1.4042456150054932,1.6089999675750732,165,165,2005-07-26T10:00:00,ENGINE_EXECUTABLE_HYDRAULICALLY_UNVALIDATED
C_28171,22.10483169555664,1.814435958862305,2.1559998989105225,165,165,2005-07-26T10:00:00,ENGINE_EXECUTABLE_HYDRAULICALLY_UNVALIDATED
C_28172,22.89542388916016,1.5178736448287964,1.5390000343322754,180,180,2005-07-26T10:00:00,ENGINE_EXECUTABLE_HYDRAULICALLY_UNVALIDATED
C_28173,23.32113265991211,1.571319341659546,1.4989999532699585,180,180,2005-07-26T10:00:00,ENGINE_EXECUTABLE_HYDRAULICALLY_UNVALIDATED
C_28174,23.718582153320312,1.511899471282959,1.5989999771118164,165,165,2005-07-26T10:00:00,ENGINE_EXECUTABLE_HYDRAULICALLY_UNVALIDATED
C_28175,20.80866241455078,1.7395082712173462,2.117000102996826,195,180,2005-07-26T10:00:00,ENGINE_EXECUTABLE_HYDRAULICALLY_UNVALIDATED
C_28176,22.042146682739254,1.41999351978302,1.5490000247955322,180,165,2005-07-26T10:00:00,ENGINE_EXECUTABLE_HYDRAULICALLY_UNVALIDATED
C_28177,22.46221160888672,1.3115971088409424,1.6690000295639038,150,150,2005-07-26T10:00:00,ENGINE_EXECUTABLE_HYDRAULICALLY_UNVALIDATED
C_28178,19.556833267211918,2.0477335453033447,1.2029999494552612,345,345,2005-07-26T11:00:00,ENGINE_EXECUTABLE_HYDRAULICALLY_UNVALIDATED
C_28179,18.93588638305664,1.7684171199798584,1.383999943733215,270,240,2005-07-26T11:00:00,ENGINE_EXECUTABLE_HYDRAULICALLY_UNVALIDATED
C_28180,18.317720413208008,1.608755350112915,1.5180000066757202,210,210,2005-07-26T11:00:00,ENGINE_EXECUTABLE_HYDRAULICALLY_UNVALIDATED
C_28181,17.697669982910156,1.4052571058273315,1.6790000200271606,195,195,2005-07-26T11:00:00,ENGINE_EXECUTABLE_HYDRAULICALLY_UNVALIDATED
C_28182,23.95830726623535,1.7578508853912354,2.4119999408721924,150,150,2005-07-26T10:00:00,ENGINE_EXECUTABLE_HYDRAULICALLY_UNVALIDATED
C_28183,24.30400848388672,2.037477731704712,2.111000061035156,195,180,2005-07-26T10:00:00,ENGINE_EXECUTABLE_HYDRAULICALLY_UNVALIDATED
C_28184,22.11792755126953,1.2343286275863647,1.8860000371932983,180,180,2005-07-26T10:00:00,ENGINE_EXECUTABLE_HYDRAULICALLY_UNVALIDATED
C_28185,24.705371856689453,1.968548059463501,2.220999956130981,180,180,2005-07-26T10:00:00,ENGINE_EXECUTABLE_HYDRAULICALLY_UNVALIDATED
C_28186,22.124271392822266,1.36415433883667,1.7070000171661377,210,210,2005-07-26T10:00:00,ENGINE_EXECUTABLE_HYDRAULICALLY_UNVALIDATED
C_28187,24.687976837158203,2.1096413135528564,2.071000099182129,195,180,2005-07-26T10:00:00,ENGINE_EXECUTABLE_HYDRAULICALLY_UNVALIDATED
C_28188,22.1225643157959,1.1117907762527466,1.965999960899353,180,180,2005-07-26T10:00:00,ENGINE_EXECUTABLE_HYDRAULICALLY_UNVALIDATED
C_28189,44.896087646484375,1.5153110027313232,1.975000023841858,210,210,2005-07-26T10:15:00,ENGINE_EXECUTABLE_HYDRAULICALLY_UNVALIDATED
C_28190,23.97272109985352,1.8830389976501465,2.253000020980835,165,165,2005-07-26T10:00:00,ENGINE_EXECUTABLE_HYDRAULICALLY_UNVALIDATED
C_28191,24.26650047302246,1.6470881700515747,2.6480000019073486,150,150,2005-07-26T10:00:00,ENGINE_EXECUTABLE_HYDRAULICALLY_UNVALIDATED
C_28192,24.17350578308105,1.460415601730347,1.628999948501587,165,165,2005-07-26T10:00:00,ENGINE_EXECUTABLE_HYDRAULICALLY_UNVALIDATED
C_28193,24.05929946899414,1.7980612516403198,2.368000030517578,150,150,2005-07-26T10:00:00,ENGINE_EXECUTABLE_HYDRAULICALLY_UNVALIDATED
C_28194,24.51700782775879,1.0653607845306396,2.178999900817871,120,120,2005-07-26T10:00:00,ENGINE_EXECUTABLE_HYDRAULICALLY_UNVALIDATED
C_28195,24.021223068237305,1.9218220710754397,2.211999893188477,180,180,2005-07-26T10:00:00,ENGINE_EXECUTABLE_HYDRAULICALLY_UNVALIDATED
C_28196,19.61655807495117,0.8157305121421814,2.219000101089477,120,120,2005-07-26T10:00:00,ENGINE_EXECUTABLE_HYDRAULICALLY_UNVALIDATED
C_28197,22.104080200195312,1.2186936140060425,1.909000039100647,165,150,2005-07-26T10:00:00,ENGINE_EXECUTABLE_HYDRAULICALLY_UNVALIDATED
C_28198,24.15900993347168,1.576723575592041,1.5290000438690186,180,180,2005-07-26T10:00:00,ENGINE_EXECUTABLE_HYDRAULICALLY_UNVALIDATED
C_28199,16.45861053466797,1.8102086782455444,1.4950000047683716,240,240,2005-07-26T10:15:00,ENGINE_EXECUTABLE_HYDRAULICALLY_UNVALIDATED
C_28200,16.460128784179688,1.665764570236206,1.312999963760376,330,315,2005-07-26T10:15:00,ENGINE_EXECUTABLE_HYDRAULICALLY_UNVALIDATED
C_28201,15.837109565734863,1.5048446655273438,1.4010000228881836,285,285,2005-07-26T11:00:00,ENGINE_EXECUTABLE_HYDRAULICALLY_UNVALIDATED
C_28202,15.838810920715332,1.1248775720596311,1.8869999647140503,180,180,2005-07-26T11:00:00,ENGINE_EXECUTABLE_HYDRAULICALLY_UNVALIDATED
C_28203,15.835808753967283,1.298667550086975,1.5709999799728394,210,210,2005-07-26T10:15:00,ENGINE_EXECUTABLE_HYDRAULICALLY_UNVALIDATED
C_28204,27.70936393737793,0.9339405298233032,2.282000064849853,180,165,2005-07-26T10:15:00,ENGINE_EXECUTABLE_HYDRAULICALLY_UNVALIDATED
C_28205,27.08089637756348,0.9151642918586732,2.276000022888184,180,165,2005-07-26T10:15:00,ENGINE_EXECUTABLE_HYDRAULICALLY_UNVALIDATED
C_28206,27.074268341064453,0.9574272036552428,2.174999952316284,180,180,2005-07-26T10:15:00,ENGINE_EXECUTABLE_HYDRAULICALLY_UNVALIDATED
C_28207,27.10549736022949,0.916398286819458,2.275000095367432,180,165,2005-07-26T10:15:00,ENGINE_EXECUTABLE_HYDRAULICALLY_UNVALIDATED
C_28208,25.269865036010746,0.7859358191490173,2.4730000495910645,150,150,2005-07-26T10:15:00,ENGINE_EXECUTABLE_HYDRAULICALLY_UNVALIDATED
C_28209,25.87666893005371,0.9239978790283204,2.1540000438690186,180,180,2005-07-26T10:15:00,ENGINE_EXECUTABLE_HYDRAULICALLY_UNVALIDATED
C_28210,25.255563735961918,0.9855501651763916,1.9709999561309812,210,210,2005-07-26T10:15:00,ENGINE_EXECUTABLE_HYDRAULICALLY_UNVALIDATED
C_28211,25.259035110473636,1.17105233669281,2.187999963760376,180,180,2005-07-26T10:15:00,ENGINE_EXECUTABLE_HYDRAULICALLY_UNVALIDATED
C_28212,0.6584427356719971,0.679060697555542,0.2423824071884155,0,0,2005-07-26T10:45:00,ENGINE_EXECUTABLE_HYDRAULICALLY_UNVALIDATED
C_28213,0.3307359218597412,0.3893438577651977,0.3626949191093445,0,0,2005-07-26T10:30:00,ENGINE_EXECUTABLE_HYDRAULICALLY_UNVALIDATED
C_28214,0.5578434467315674,0.7022758722305298,0.2021428346633911,0,0,2005-07-26T10:30:00,ENGINE_EXECUTABLE_HYDRAULICALLY_UNVALIDATED
C_28215,1.0108449459075928,0.776713490486145,0.362570196390152,0,0,2005-07-26T11:00:00,ENGINE_EXECUTABLE_HYDRAULICALLY_UNVALIDATED
C_28216,24.012250900268555,1.0325393676757812,2.2950000762939453,165,165,2005-07-26T10:15:00,ENGINE_EXECUTABLE_HYDRAULICALLY_UNVALIDATED
C_28217,24.01378059387207,1.086617350578308,2.181999921798706,180,180,2005-07-26T10:15:00,ENGINE_EXECUTABLE_HYDRAULICALLY_UNVALIDATED
C_28218,22.7796688079834,0.9618273377418518,2.309000015258789,165,165,2005-07-26T10:15:00,ENGINE_EXECUTABLE_HYDRAULICALLY_UNVALIDATED
C_28219,22.163028717041016,0.8357918858528137,2.4809999465942383,150,150,2005-07-26T10:15:00,ENGINE_EXECUTABLE_HYDRAULICALLY_UNVALIDATED
C_28220,21.5460205078125,0.7899935841560364,2.3929998874664307,165,150,2005-07-26T10:15:00,ENGINE_EXECUTABLE_HYDRAULICALLY_UNVALIDATED
C_28221,20.611888885498047,0.786109209060669,2.4110000133514404,150,150,2005-07-26T11:15:00,ENGINE_EXECUTABLE_HYDRAULICALLY_UNVALIDATED
C_28222,1.498478651046753,0.5319518446922302,0.2816630601882934,0,0,2005-07-26T10:45:00,ENGINE_EXECUTABLE_HYDRAULICALLY_UNVALIDATED
C_28223,3.003624200820923,0.8013049364089966,0.3747998476028442,0,0,2005-07-26T10:45:00,ENGINE_EXECUTABLE_HYDRAULICALLY_UNVALIDATED
C_28224,1.4372016191482544,0.5558180212974548,0.2758654952049255,0,0,2005-07-26T10:30:00,ENGINE_EXECUTABLE_HYDRAULICALLY_UNVALIDATED
C_28225,2.9991936683654785,0.8048190474510193,0.3726129531860351,0,0,2005-07-26T10:45:00,ENGINE_EXECUTABLE_HYDRAULICALLY_UNVALIDATED
C_28226,1.3930131196975708,0.5538069009780884,0.2515060901641845,0,0,2005-07-26T10:45:00,ENGINE_EXECUTABLE_HYDRAULICALLY_UNVALIDATED
C_28227,2.9830563068389893,0.9365240335464478,0.3184888064861297,0,0,2005-07-26T10:45:00,ENGINE_EXECUTABLE_HYDRAULICALLY_UNVALIDATED
C_28228,2.1508755683898926,1.0836902856826782,0.1984548717737198,0,0,2005-07-26T10:45:00,ENGINE_EXECUTABLE_HYDRAULICALLY_UNVALIDATED
C_28229,2.951445817947388,1.2702512741088867,0.2323254644870758,0,0,2005-07-26T10:45:00,ENGINE_EXECUTABLE_HYDRAULICALLY_UNVALIDATED
C_28230,2.1509954929351807,1.0764397382736206,0.1536944061517715,0,0,2005-07-26T10:45:00,ENGINE_EXECUTABLE_HYDRAULICALLY_UNVALIDATED
C_28231,2.942501783370972,1.2154216766357422,0.1862078756093979,0,0,2005-07-26T10:45:00,ENGINE_EXECUTABLE_HYDRAULICALLY_UNVALIDATED
C_28232,0.5039176344871521,0.8448038101196289,0.1491060853004455,0,0,2005-07-26T10:45:00,ENGINE_EXECUTABLE_HYDRAULICALLY_UNVALIDATED
C_28233,1.7064697742462158,1.411048173904419,0.30230712890625,0,0,2005-07-26T10:45:00,ENGINE_EXECUTABLE_HYDRAULICALLY_UNVALIDATED
C_28234,0.5288304686546326,0.1916326433420181,0.2994550466537475,0,0,2005-07-26T11:00:00,ENGINE_EXECUTABLE_HYDRAULICALLY_UNVALIDATED
C_28235,1.7469028234481812,0.3984240293502807,0.4384043514728546,0,0,2005-07-26T10:45:00,ENGINE_EXECUTABLE_HYDRAULICALLY_UNVALIDATED
C_28236,0.5317056775093079,0.2319576442241668,0.3053139150142669,0,0,2005-07-26T10:45:00,ENGINE_EXECUTABLE_HYDRAULICALLY_UNVALIDATED
C_28237,3.0871505737304688,0.7249062657356262,0.4258215427398681,0,0,2005-07-26T10:45:00,ENGINE_EXECUTABLE_HYDRAULICALLY_UNVALIDATED
C_28238,0.1423102021217346,0.0290338173508644,0.8823046088218689,0,0,2005-07-26T10:15:00,ENGINE_EXECUTABLE_HYDRAULICALLY_UNVALIDATED
C_28239,1.5363752841949463,0.1012498289346695,1.026281714439392,0,0,2005-07-26T10:30:00,ENGINE_EXECUTABLE_HYDRAULICALLY_UNVALIDATED
C_28240,1.411689519882202,0.4764295518398285,0.2984454035758972,0,0,2005-07-26T10:45:00,ENGINE_EXECUTABLE_HYDRAULICALLY_UNVALIDATED
C_28241,3.0351288318634038,0.7717882990837097,0.3932154476642608,0,0,2005-07-26T10:45:00,ENGINE_EXECUTABLE_HYDRAULICALLY_UNVALIDATED
C_28242,1.3254013061523438,0.5087398290634155,0.291316270828247,0,0,2005-07-26T11:00:00,ENGINE_EXECUTABLE_HYDRAULICALLY_UNVALIDATED
C_28243,3.0167219638824463,0.7930439710617065,0.3803554773330688,0,0,2005-07-26T10:45:00,ENGINE_EXECUTABLE_HYDRAULICALLY_UNVALIDATED
C_28244,1.3559592962265017,0.5134308338165283,0.2876802682876587,0,0,2005-07-26T10:45:00,ENGINE_EXECUTABLE_HYDRAULICALLY_UNVALIDATED
C_28245,3.008927345275879,0.7966769933700562,0.3776426613330841,0,0,2005-07-26T10:45:00,ENGINE_EXECUTABLE_HYDRAULICALLY_UNVALIDATED
C_28246,20.61710357666016,0.8747323751449585,2.308000087738037,165,165,2005-07-26T11:15:00,ENGINE_EXECUTABLE_HYDRAULICALLY_UNVALIDATED
C_28247,19.75577545166016,0.8469458222389221,2.244999885559082,180,180,2005-07-26T11:15:00,ENGINE_EXECUTABLE_HYDRAULICALLY_UNVALIDATED
C_28248,18.89707946777344,0.6261099576950073,2.1610000133514404,180,180,2005-07-26T11:15:00,ENGINE_EXECUTABLE_HYDRAULICALLY_UNVALIDATED
C_28249,18.465312957763672,0.634545624256134,2.138999938964844,180,180,2005-07-26T11:15:00,ENGINE_EXECUTABLE_HYDRAULICALLY_UNVALIDATED
C_28250,18.036510467529297,0.8479581475257874,2.135999917984009,180,180,2005-07-26T11:15:00,ENGINE_EXECUTABLE_HYDRAULICALLY_UNVALIDATED
C_28251,17.173437118530273,0.7320483326911926,2.3410000801086426,165,165,2005-07-26T11:15:00,ENGINE_EXECUTABLE_HYDRAULICALLY_UNVALIDATED
C_28252,17.17605209350586,0.7778857350349426,2.3410000801086426,165,165,2005-07-26T11:15:00,ENGINE_EXECUTABLE_HYDRAULICALLY_UNVALIDATED
C_28253,9.044262886047363,0.2780316174030304,2.502000093460083,150,150,2005-07-26T11:15:00,ENGINE_EXECUTABLE_HYDRAULICALLY_UNVALIDATED
C_28254,9.022968292236328,0.3013448417186737,2.302999973297119,180,165,2005-07-26T11:15:00,ENGINE_EXECUTABLE_HYDRAULICALLY_UNVALIDATED
C_28255,9.445305824279783,0.3324856162071228,2.184999942779541,180,180,2005-07-26T11:15:00,ENGINE_EXECUTABLE_HYDRAULICALLY_UNVALIDATED
C_28256,9.468017578125,0.3229392468929291,2.255000114440918,180,180,2005-07-26T11:15:00,ENGINE_EXECUTABLE_HYDRAULICALLY_UNVALIDATED
C_28257,10.319032669067385,0.343883603811264,2.308000087738037,180,165,2005-07-26T11:15:00,ENGINE_EXECUTABLE_HYDRAULICALLY_UNVALIDATED
C_28258,10.3192777633667,0.3162160217761993,2.509999990463257,150,150,2005-07-26T11:15:00,ENGINE_EXECUTABLE_HYDRAULICALLY_UNVALIDATED
C_28259,10.368444442749023,0.2941659092903137,2.7109999656677246,150,135,2005-07-26T11:15:00,ENGINE_EXECUTABLE_HYDRAULICALLY_UNVALIDATED
C_28260,7.6226701736450195,0.1894326210021972,3.095000028610229,105,105,2005-07-26T11:15:00,ENGINE_EXECUTABLE_HYDRAULICALLY_UNVALIDATED
C_28261,6.619754791259766,0.1890661716461181,2.693000078201294,135,135,2005-07-26T11:15:00,ENGINE_EXECUTABLE_HYDRAULICALLY_UNVALIDATED
C_28262,8.584895133972168,0.2359067499637603,2.799000024795532,135,120,2005-07-26T11:15:00,ENGINE_EXECUTABLE_HYDRAULICALLY_UNVALIDATED
C_28263,6.595416069030762,0.1913554072380066,2.651000022888184,135,135,2005-07-26T11:15:00,ENGINE_EXECUTABLE_HYDRAULICALLY_UNVALIDATED
C_28264,0.7672110795974731,0.0252409130334854,2.680000066757202,135,135,2005-07-26T10:45:00,ENGINE_EXECUTABLE_HYDRAULICALLY_UNVALIDATED
C_28265,1.5302603244781494,0.0515546314418315,2.282999992370605,180,165,2005-07-26T10:45:00,ENGINE_EXECUTABLE_HYDRAULICALLY_UNVALIDATED
C_28266,1.5363389253616333,0.0566475354135036,2.0859999656677246,195,180,2005-07-26T10:45:00,ENGINE_EXECUTABLE_HYDRAULICALLY_UNVALIDATED
C_28267,6.591788768768311,0.1886176466941833,2.687999963760376,135,135,2005-07-26T11:15:00,ENGINE_EXECUTABLE_HYDRAULICALLY_UNVALIDATED
C_28268,6.561561107635498,0.2418204545974731,2.086999893188477,195,180,2005-07-26T11:15:00,ENGINE_EXECUTABLE_HYDRAULICALLY_UNVALIDATED
C_28273,16.74311065673828,0.7658191919326782,2.128999948501587,180,180,2005-07-26T11:15:00,ENGINE_EXECUTABLE_HYDRAULICALLY_UNVALIDATED
C_28274,16.735353469848633,1.1827672719955444,1.9160000085830688,225,225,2005-07-26T11:15:00,ENGINE_EXECUTABLE_HYDRAULICALLY_UNVALIDATED
C_28275,14.680481910705566,1.3074012994766235,2.494999885559082,150,150,2005-07-26T11:15:00,ENGINE_EXECUTABLE_HYDRAULICALLY_UNVALIDATED
C_28276,14.673723220825195,1.4023501873016355,2.325000047683716,165,165,2005-07-26T11:15:00,ENGINE_EXECUTABLE_HYDRAULICALLY_UNVALIDATED
C_28277,14.668964385986328,0.6010708212852478,2.3239998817443848,165,165,2005-07-26T11:15:00,ENGINE_EXECUTABLE_HYDRAULICALLY_UNVALIDATED
C_28278,3.849889516830444,0.2717066407203674,1.5269999504089355,255,240,2005-07-26T10:45:00,ENGINE_EXECUTABLE_HYDRAULICALLY_UNVALIDATED
C_28279,3.08479642868042,0.2633508443832397,1.5210000276565552,255,240,2005-07-26T10:45:00,ENGINE_EXECUTABLE_HYDRAULICALLY_UNVALIDATED
C_28280,14.64458465576172,0.559168815612793,2.49399995803833,150,150,2005-07-26T11:15:00,ENGINE_EXECUTABLE_HYDRAULICALLY_UNVALIDATED
C_28281,14.671286582946776,0.6724708676338196,2.101999998092652,195,180,2005-07-26T11:15:00,ENGINE_EXECUTABLE_HYDRAULICALLY_UNVALIDATED
C_28282,14.234643936157228,0.5494244694709778,2.5190000534057617,150,150,2005-07-26T11:15:00,ENGINE_EXECUTABLE_HYDRAULICALLY_UNVALIDATED
C_28283,10.380348205566406,0.3074314296245575,2.5969998836517334,150,150,2005-07-26T11:15:00,ENGINE_EXECUTABLE_HYDRAULICALLY_UNVALIDATED
C_28284,13.787339210510254,0.5806401968002319,2.3410000801086426,165,165,2005-07-26T11:15:00,ENGINE_EXECUTABLE_HYDRAULICALLY_UNVALIDATED
C_28285,10.361254692077637,0.3223830163478851,2.4719998836517334,150,150,2005-07-26T11:15:00,ENGINE_EXECUTABLE_HYDRAULICALLY_UNVALIDATED
C_28286,6.11925745010376,0.9094435572624208,1.5169999599456787,150,150,2005-07-26T10:45:00,ENGINE_EXECUTABLE_HYDRAULICALLY_UNVALIDATED
C_28287,6.120985507965088,0.7127687335014343,1.2309999465942385,180,180,2005-07-26T10:45:00,ENGINE_EXECUTABLE_HYDRAULICALLY_UNVALIDATED
C_28288,6.119119644165039,0.7193931341171265,1.215000033378601,195,180,2005-07-26T10:45:00,ENGINE_EXECUTABLE_HYDRAULICALLY_UNVALIDATED
C_28289,6.1227216720581055,0.6835179924964905,1.36899995803833,180,180,2005-07-26T10:45:00,ENGINE_EXECUTABLE_HYDRAULICALLY_UNVALIDATED
C_28290,6.12140417098999,0.6322433948516846,1.690999984741211,150,150,2005-07-26T10:45:00,ENGINE_EXECUTABLE_HYDRAULICALLY_UNVALIDATED
C_28291,5.353527545928955,0.496158093214035,1.597000002861023,150,150,2005-07-26T10:45:00,ENGINE_EXECUTABLE_HYDRAULICALLY_UNVALIDATED
C_28292,7.418675899505615,1.0993019342422483,1.7059999704360962,180,165,2005-07-26T10:30:00,ENGINE_EXECUTABLE_HYDRAULICALLY_UNVALIDATED
C_28293,7.420080661773682,1.1305471658706665,1.4730000495910645,180,180,2005-07-26T10:30:00,ENGINE_EXECUTABLE_HYDRAULICALLY_UNVALIDATED
C_28294,8.176675796508789,1.1772159337997437,1.3890000581741333,195,180,2005-07-26T10:30:00,ENGINE_EXECUTABLE_HYDRAULICALLY_UNVALIDATED
C_28297,8.334197998046875,1.0561811923980713,1.5779999494552612,180,180,2005-07-26T10:45:00,ENGINE_EXECUTABLE_HYDRAULICALLY_UNVALIDATED
C_28298,3.0870585441589355,0.232877105474472,1.5130000114440918,255,240,2005-07-26T10:45:00,ENGINE_EXECUTABLE_HYDRAULICALLY_UNVALIDATED
C_28299,3.092588424682617,0.1955163925886154,1.50600004196167,255,240,2005-07-26T10:45:00,ENGINE_EXECUTABLE_HYDRAULICALLY_UNVALIDATED
C_28300,2.327407121658325,0.1931798756122589,1.4980000257492063,255,240,2005-07-26T10:45:00,ENGINE_EXECUTABLE_HYDRAULICALLY_UNVALIDATED
C_28301,2.212197542190552,0.1835419088602066,1.4900000095367432,255,255,2005-07-26T09:45:00,ENGINE_EXECUTABLE_HYDRAULICALLY_UNVALIDATED
C_28302,4.58901834487915,0.4161911606788635,1.5750000476837158,150,150,2005-07-26T10:45:00,ENGINE_EXECUTABLE_HYDRAULICALLY_UNVALIDATED
C_28303,4.588760852813721,0.4349464476108551,1.506999969482422,150,150,2005-07-26T10:45:00,ENGINE_EXECUTABLE_HYDRAULICALLY_UNVALIDATED
C_28304,3.060964345932007,0.3714799582958221,1.1770000457763672,180,180,2005-07-26T10:45:00,ENGINE_EXECUTABLE_HYDRAULICALLY_UNVALIDATED
C_28305,10.49173641204834,2.331237316131592,1.5,180,165,2005-07-26T10:30:00,ENGINE_EXECUTABLE_HYDRAULICALLY_UNVALIDATED
C_28306,9.274258613586426,2.0607168674468994,1.5,180,165,2005-07-26T11:00:00,ENGINE_EXECUTABLE_HYDRAULICALLY_UNVALIDATED
C_28307,9.89633846282959,1.3536574840545654,1.462000012397766,180,165,2005-07-26T11:00:00,ENGINE_EXECUTABLE_HYDRAULICALLY_UNVALIDATED
C_28308,9.896417617797852,2.193110704421997,1.503999948501587,180,165,2005-07-26T11:00:00,ENGINE_EXECUTABLE_HYDRAULICALLY_UNVALIDATED
C_28309,10.560417175292969,1.6551209688186646,2.069999933242798,150,150,2005-07-26T10:45:00,ENGINE_EXECUTABLE_HYDRAULICALLY_UNVALIDATED
C_28310,13.793280601501465,2.176960229873657,2.078000068664551,30,30,2005-07-26T10:45:00,ENGINE_EXECUTABLE_HYDRAULICALLY_UNVALIDATED
C_28311,13.79326629638672,2.231449842453003,2.0724802017211914,0,0,2005-07-26T10:45:00,ENGINE_EXECUTABLE_HYDRAULICALLY_UNVALIDATED
C_28312,12.262527465820312,2.0433382987976074,1.998976707458496,0,0,2005-07-26T10:45:00,ENGINE_EXECUTABLE_HYDRAULICALLY_UNVALIDATED
C_28313,12.261903762817385,2.1290979385375977,1.8600000143051147,30,30,2005-07-26T10:45:00,ENGINE_EXECUTABLE_HYDRAULICALLY_UNVALIDATED
C_28314,11.325818061828612,1.9672133922576904,1.9830000400543213,150,150,2005-07-26T10:45:00,ENGINE_EXECUTABLE_HYDRAULICALLY_UNVALIDATED
C_28315,12.093206405639648,2.0226891040802,1.8109999895095823,150,150,2005-07-26T10:45:00,ENGINE_EXECUTABLE_HYDRAULICALLY_UNVALIDATED
C_28316,9.474244117736816,2.4562246799468994,1.60099995136261,165,165,2005-07-26T11:15:00,ENGINE_EXECUTABLE_HYDRAULICALLY_UNVALIDATED
C_28317,9.473238945007324,2.4364304542541504,1.694000005722046,165,165,2005-07-26T11:15:00,ENGINE_EXECUTABLE_HYDRAULICALLY_UNVALIDATED
C_28318,11.502178192138672,1.9489551782608032,1.926880478858948,30,0,2005-07-26T10:45:00,ENGINE_EXECUTABLE_HYDRAULICALLY_UNVALIDATED
C_28319,11.495752334594728,2.2564728260040283,1.6979999542236328,30,30,2005-07-26T10:45:00,ENGINE_EXECUTABLE_HYDRAULICALLY_UNVALIDATED
C_28320,11.497690200805664,2.5753607749938965,1.4880000352859497,60,60,2005-07-26T10:30:00,ENGINE_EXECUTABLE_HYDRAULICALLY_UNVALIDATED
C_28321,10.730510711669922,2.7984652519226074,1.277999997138977,60,60,2005-07-26T10:45:00,ENGINE_EXECUTABLE_HYDRAULICALLY_UNVALIDATED
C_28322,8.430954933166504,2.6559598445892334,1.0579999685287476,120,120,2005-07-26T10:45:00,ENGINE_EXECUTABLE_HYDRAULICALLY_UNVALIDATED
C_28323,9.472542762756348,1.8507710695266724,1.72599995136261,165,150,2005-07-26T11:15:00,ENGINE_EXECUTABLE_HYDRAULICALLY_UNVALIDATED
C_28324,9.475298881530762,1.3544307947158811,1.39900004863739,210,210,2005-07-26T11:15:00,ENGINE_EXECUTABLE_HYDRAULICALLY_UNVALIDATED
C_28325,12.675747871398926,2.7148568630218506,1.4190000295639038,210,195,2005-07-26T10:30:00,ENGINE_EXECUTABLE_HYDRAULICALLY_UNVALIDATED
C_28326,12.675176620483398,1.7143086194992063,1.781000018119812,150,150,2005-07-26T10:30:00,ENGINE_EXECUTABLE_HYDRAULICALLY_UNVALIDATED
C_28327,3.066384792327881,0.9463096261024476,1.7999999523162842,150,150,2005-07-26T10:30:00,ENGINE_EXECUTABLE_HYDRAULICALLY_UNVALIDATED
C_28328,2.3002960681915283,1.0648332834243774,1.2000000476837158,225,210,2005-07-26T10:30:00,ENGINE_EXECUTABLE_HYDRAULICALLY_UNVALIDATED
C_28329,3.0664100646972656,1.4194762706756592,1.2000000476837158,225,210,2005-07-26T10:30:00,ENGINE_EXECUTABLE_HYDRAULICALLY_UNVALIDATED
C_28330,3.066338300704956,1.4194430112838743,1.2000000476837158,225,225,2005-07-26T10:30:00,ENGINE_EXECUTABLE_HYDRAULICALLY_UNVALIDATED
C_28331,3.0664994716644287,1.4195175170898438,1.2000000476837158,225,225,2005-07-26T10:30:00,ENGINE_EXECUTABLE_HYDRAULICALLY_UNVALIDATED
C_28332,8.431275367736816,2.164955377578736,1.2979999780654907,60,60,2005-07-26T10:30:00,ENGINE_EXECUTABLE_HYDRAULICALLY_UNVALIDATED
C_28333,8.431817054748535,2.2885119915008545,1.2280000448226929,60,60,2005-07-26T10:45:00,ENGINE_EXECUTABLE_HYDRAULICALLY_UNVALIDATED
C_28334,8.429773330688477,1.9469420909881592,1.125,30,30,2005-07-26T10:45:00,ENGINE_EXECUTABLE_HYDRAULICALLY_UNVALIDATED
C_28335,7.664673805236816,3.3789596557617188,0.9390000104904176,30,30,2005-07-26T10:45:00,ENGINE_EXECUTABLE_HYDRAULICALLY_UNVALIDATED
C_28336,15.732044219970703,1.7196094989776611,1.868000030517578,165,165,2005-07-26T10:30:00,ENGINE_EXECUTABLE_HYDRAULICALLY_UNVALIDATED
C_28337,13.436821937561035,1.188619613647461,2.253000020980835,150,150,2005-07-26T10:30:00,ENGINE_EXECUTABLE_HYDRAULICALLY_UNVALIDATED
C_28338,14.204272270202637,1.7146226167678833,1.6549999713897705,180,180,2005-07-26T10:30:00,ENGINE_EXECUTABLE_HYDRAULICALLY_UNVALIDATED
C_28339,15.728803634643556,1.607720136642456,1.8869999647140503,165,150,2005-07-26T10:30:00,ENGINE_EXECUTABLE_HYDRAULICALLY_UNVALIDATED
C_28340,15.729875564575195,1.7325539588928225,1.5130000114440918,210,210,2005-07-26T10:45:00,ENGINE_EXECUTABLE_HYDRAULICALLY_UNVALIDATED
C_28341,15.727373123168944,1.952280879020691,1.6109999418258667,195,195,2005-07-26T10:30:00,ENGINE_EXECUTABLE_HYDRAULICALLY_UNVALIDATED
C_28342,15.734611511230469,1.674420952796936,1.565999984741211,210,210,2005-07-26T10:30:00,ENGINE_EXECUTABLE_HYDRAULICALLY_UNVALIDATED
C_28343,12.677467346191406,1.113106369972229,1.8980000019073489,150,150,2005-07-26T10:45:00,ENGINE_EXECUTABLE_HYDRAULICALLY_UNVALIDATED
C_28344,13.43710231781006,1.3034154176712036,1.718000054359436,165,165,2005-07-26T10:30:00,ENGINE_EXECUTABLE_HYDRAULICALLY_UNVALIDATED
C_28345,13.433633804321287,1.3030790090560913,1.718000054359436,165,165,2005-07-26T10:30:00,ENGINE_EXECUTABLE_HYDRAULICALLY_UNVALIDATED
C_28346,2.7827818393707275,0.4891379177570343,1.602033019065857,0,0,2005-07-26T11:00:00,ENGINE_EXECUTABLE_HYDRAULICALLY_UNVALIDATED
C_28347,0.7789736390113831,0.1702197939157486,1.9185770750045776,0,0,2005-07-26T13:45:00,ENGINE_EXECUTABLE_HYDRAULICALLY_UNVALIDATED
C_28348,3.2562406063079834,0.4978931844234466,1.6599810123443604,0,0,2005-07-26T11:00:00,ENGINE_EXECUTABLE_HYDRAULICALLY_UNVALIDATED
C_28349,1.5618906021118164,0.1989931911230087,1.9638044834136963,0,0,2005-07-26T10:30:00,ENGINE_EXECUTABLE_HYDRAULICALLY_UNVALIDATED
C_28350,16.50203514099121,1.6398617029190063,2.013999938964844,150,150,2005-07-26T10:30:00,ENGINE_EXECUTABLE_HYDRAULICALLY_UNVALIDATED
C_28351,18.0451717376709,1.7357540130615234,2.0789999961853027,150,150,2005-07-26T10:30:00,ENGINE_EXECUTABLE_HYDRAULICALLY_UNVALIDATED
C_28352,18.03883934020996,1.7397077083587646,2.062000036239624,150,150,2005-07-26T10:30:00,ENGINE_EXECUTABLE_HYDRAULICALLY_UNVALIDATED
C_28353,18.800878524780277,1.519461989402771,2.062000036239624,150,150,2005-07-26T10:30:00,ENGINE_EXECUTABLE_HYDRAULICALLY_UNVALIDATED
C_28354,1.5367199182510376,0.2813596427440643,2.734999895095825,135,135,2005-07-26T10:30:00,ENGINE_EXECUTABLE_HYDRAULICALLY_UNVALIDATED
C_28355,18.804828643798828,1.813581466674805,2.062000036239624,150,150,2005-07-26T10:30:00,ENGINE_EXECUTABLE_HYDRAULICALLY_UNVALIDATED
C_28356,18.806116104125977,1.9812188148498533,1.906999945640564,180,180,2005-07-26T10:30:00,ENGINE_EXECUTABLE_HYDRAULICALLY_UNVALIDATED
C_28357,18.803096771240234,2.0747995376586914,1.9279999732971191,180,180,2005-07-26T10:30:00,ENGINE_EXECUTABLE_HYDRAULICALLY_UNVALIDATED
C_28358,18.81075096130371,1.981706976890564,1.906999945640564,180,180,2005-07-26T10:30:00,ENGINE_EXECUTABLE_HYDRAULICALLY_UNVALIDATED
C_28359,13.389293670654297,1.0948249101638794,1.7050000429153442,210,195,2005-07-26T10:30:00,ENGINE_EXECUTABLE_HYDRAULICALLY_UNVALIDATED
C_28360,5.428708076477051,0.6558849215507507,2.069000005722046,150,150,2005-07-26T10:45:00,ENGINE_EXECUTABLE_HYDRAULICALLY_UNVALIDATED
C_28361,1.538786768913269,0.2546652555465698,2.61899995803833,135,135,2005-07-26T10:30:00,ENGINE_EXECUTABLE_HYDRAULICALLY_UNVALIDATED
C_28362,0.768751859664917,0.3231690227985382,1.83899998664856,180,180,2005-07-26T10:30:00,ENGINE_EXECUTABLE_HYDRAULICALLY_UNVALIDATED
C_28363,1.5381945371627808,0.2764433622360229,2.20199990272522,150,150,2005-07-26T10:30:00,ENGINE_EXECUTABLE_HYDRAULICALLY_UNVALIDATED
C_28364,0.7667111158370972,0.2983738780021667,1.8550000190734863,180,180,2005-07-26T10:30:00,ENGINE_EXECUTABLE_HYDRAULICALLY_UNVALIDATED
C_28365,0.7686832547187805,0.2712098956108093,2.0,150,150,2005-07-26T10:30:00,ENGINE_EXECUTABLE_HYDRAULICALLY_UNVALIDATED
C_28366,0.7692145109176636,0.1738522946834564,1.9140000343322756,165,165,2005-07-26T10:45:00,ENGINE_EXECUTABLE_HYDRAULICALLY_UNVALIDATED
C_28367,0.2682226002216339,0.2630603015422821,2.319999933242798,150,150,2005-07-26T09:45:00,ENGINE_EXECUTABLE_HYDRAULICALLY_UNVALIDATED
C_28368,0.7675361633300781,0.2186093628406524,1.8170000314712524,180,180,2005-07-26T10:45:00,ENGINE_EXECUTABLE_HYDRAULICALLY_UNVALIDATED
C_28369,0.2350752204656601,0.2354479730129242,2.0369999408721924,150,150,2005-07-26T09:45:00,ENGINE_EXECUTABLE_HYDRAULICALLY_UNVALIDATED
C_28370,0.1885051280260086,0.1932975202798843,2.253000020980835,150,150,2005-07-26T09:15:00,ENGINE_EXECUTABLE_HYDRAULICALLY_UNVALIDATED
C_28371,3.4780876636505127,0.5166600942611694,1.7262721061706543,0,0,2005-07-26T11:00:00,ENGINE_EXECUTABLE_HYDRAULICALLY_UNVALIDATED
C_28372,3.431974172592163,0.391372948884964,2.020918607711792,0,0,2005-07-26T10:45:00,ENGINE_EXECUTABLE_HYDRAULICALLY_UNVALIDATED
C_28373,2.4078586101531982,0.5465545058250427,1.8069018125534055,0,0,2005-07-26T10:15:00,ENGINE_EXECUTABLE_HYDRAULICALLY_UNVALIDATED
C_28374,4.2286529541015625,0.4540780782699585,2.0692389011383057,0,0,2005-07-26T10:45:00,ENGINE_EXECUTABLE_HYDRAULICALLY_UNVALIDATED
C_28375,5.434823513031006,0.6572591662406921,2.066999912261963,150,150,2005-07-26T10:45:00,ENGINE_EXECUTABLE_HYDRAULICALLY_UNVALIDATED
C_28376,4.089166641235352,0.3168561160564422,1.6130000352859497,210,210,2005-07-26T11:15:00,ENGINE_EXECUTABLE_HYDRAULICALLY_UNVALIDATED
C_28377,4.075849533081055,0.3123387098312378,1.63100004196167,210,210,2005-07-26T11:15:00,ENGINE_EXECUTABLE_HYDRAULICALLY_UNVALIDATED
C_28378,5.441630363464356,0.3977357149124145,1.7100000381469729,195,195,2005-07-26T10:45:00,ENGINE_EXECUTABLE_HYDRAULICALLY_UNVALIDATED
C_28379,5.4522881507873535,0.3856593668460846,1.7669999599456787,195,180,2005-07-26T10:45:00,ENGINE_EXECUTABLE_HYDRAULICALLY_UNVALIDATED
C_28380,5.440516948699951,0.767481803894043,1.7719999551773071,195,180,2005-07-26T10:45:00,ENGINE_EXECUTABLE_HYDRAULICALLY_UNVALIDATED
C_28381,0.6818018555641174,0.1825324892997741,0.2667728364467621,0,0,2005-07-26T11:00:00,ENGINE_EXECUTABLE_HYDRAULICALLY_UNVALIDATED
C_28382,0.6141271591186523,0.7866019606590271,0.4071260690689087,0,0,2005-07-26T10:45:00,ENGINE_EXECUTABLE_HYDRAULICALLY_UNVALIDATED
C_28383,0.6387910842895508,0.5937958359718323,0.2689139544963836,0,0,2005-07-26T11:00:00,ENGINE_EXECUTABLE_HYDRAULICALLY_UNVALIDATED
C_28384,0.5793694257736206,0.6354674100875854,0.3365870714187622,0,0,2005-07-26T10:30:00,ENGINE_EXECUTABLE_HYDRAULICALLY_UNVALIDATED
C_28385,0.6855558156967163,0.6567990183830261,0.2651132941246032,0,0,2005-07-26T11:00:00,ENGINE_EXECUTABLE_HYDRAULICALLY_UNVALIDATED
C_28386,0.4971422553062439,0.483203649520874,0.3114613592624664,0,0,2005-07-26T10:45:00,ENGINE_EXECUTABLE_HYDRAULICALLY_UNVALIDATED
C_28387,0.6297467350959778,0.621121346950531,0.2642944455146789,0,0,2005-07-26T11:00:00,ENGINE_EXECUTABLE_HYDRAULICALLY_UNVALIDATED
C_28388,0.4190202057361603,0.5339540243148804,0.333930104970932,0,0,2005-07-26T10:15:00,ENGINE_EXECUTABLE_HYDRAULICALLY_UNVALIDATED
C_28389,0.6498157382011414,0.6517422199249268,0.263652354478836,0,0,2005-07-26T10:30:00,ENGINE_EXECUTABLE_HYDRAULICALLY_UNVALIDATED
C_28390,0.6504146456718445,0.5132150650024414,0.3405972123146057,0,0,2005-07-26T11:00:00,ENGINE_EXECUTABLE_HYDRAULICALLY_UNVALIDATED
C_28391,0.6477473974227905,0.6555564999580383,0.2630578577518463,0,0,2005-07-26T10:30:00,ENGINE_EXECUTABLE_HYDRAULICALLY_UNVALIDATED
C_28392,0.5842450857162476,0.4612141251564026,0.373288631439209,0,0,2005-07-26T11:00:00,ENGINE_EXECUTABLE_HYDRAULICALLY_UNVALIDATED
C_28393,0.7151257991790771,0.7064430713653564,0.2621527016162872,0,0,2005-07-26T10:45:00,ENGINE_EXECUTABLE_HYDRAULICALLY_UNVALIDATED
C_28394,0.423927754163742,0.4244332611560821,0.3575727045536041,0,0,2005-07-26T10:30:00,ENGINE_EXECUTABLE_HYDRAULICALLY_UNVALIDATED
C_28395,51.95277404785156,2.696282148361206,1.5074517726898191,0,0,2005-07-26T11:00:00,ENGINE_EXECUTABLE_HYDRAULICALLY_UNVALIDATED
C_28396,59.12019729614258,2.699025154113769,1.8507623672485352,0,0,2005-07-26T11:00:00,ENGINE_EXECUTABLE_HYDRAULICALLY_UNVALIDATED
C_28397,59.98243713378906,4.723662376403809,0.9766828417778016,0,0,2005-07-26T11:00:00,ENGINE_EXECUTABLE_HYDRAULICALLY_UNVALIDATED
C_28398,63.59930419921875,4.855202674865723,1.1510684490203855,0,0,2005-07-26T10:30:00,ENGINE_EXECUTABLE_HYDRAULICALLY_UNVALIDATED
C_28399,0.7088550925254822,0.2102298736572265,0.2593410909175873,0,0,2005-07-26T11:00:00,ENGINE_EXECUTABLE_HYDRAULICALLY_UNVALIDATED
C_28400,53.03829193115234,7.398305416107178,0.4920186996459961,0,0,2005-07-26T11:00:00,ENGINE_EXECUTABLE_HYDRAULICALLY_UNVALIDATED
C_28401,1.2543070316314695,0.246757686138153,0.4952026307582855,0,0,2005-07-26T11:00:00,ENGINE_EXECUTABLE_HYDRAULICALLY_UNVALIDATED
C_28402,54.95419692993164,7.754156589508057,0.4743405878543854,0,0,2005-07-26T10:45:00,ENGINE_EXECUTABLE_HYDRAULICALLY_UNVALIDATED
C_28403,0.6884022355079651,0.2122687846422195,0.2563161253929138,0,0,2005-07-26T11:00:00,ENGINE_EXECUTABLE_HYDRAULICALLY_UNVALIDATED
C_28404,1.1431668996810913,0.2626645267009735,0.5512157678604126,0,0,2005-07-26T13:30:00,ENGINE_EXECUTABLE_HYDRAULICALLY_UNVALIDATED
C_28405,50.60018539428711,2.172815084457397,1.7911734580993652,0,0,2005-07-26T10:45:00,ENGINE_EXECUTABLE_HYDRAULICALLY_UNVALIDATED
C_28406,56.35092926025391,2.2370707988739014,2.1638214588165283,0,0,2005-07-26T10:45:00,ENGINE_EXECUTABLE_HYDRAULICALLY_UNVALIDATED
C_28407,51.96617126464844,2.328160285949707,1.7511184215545654,0,0,2005-07-26T10:45:00,ENGINE_EXECUTABLE_HYDRAULICALLY_UNVALIDATED
C_28408,57.93854522705078,2.338311195373535,2.0972776412963867,0,0,2005-07-26T10:45:00,ENGINE_EXECUTABLE_HYDRAULICALLY_UNVALIDATED
C_28409,51.78521728515625,2.4521641731262207,1.6325284242630005,0,0,2005-07-26T10:45:00,ENGINE_EXECUTABLE_HYDRAULICALLY_UNVALIDATED
C_28410,63.96194839477539,2.5999972820281982,1.961103081703186,0,0,2005-07-26T10:45:00,ENGINE_EXECUTABLE_HYDRAULICALLY_UNVALIDATED
C_28411,0.154887393116951,0.169167086482048,2.0369999408721924,150,150,2005-07-26T09:15:00,ENGINE_EXECUTABLE_HYDRAULICALLY_UNVALIDATED
C_28412,47.48421096801758,1.960072636604309,1.9603164196014404,0,0,2005-07-26T11:00:00,ENGINE_EXECUTABLE_HYDRAULICALLY_UNVALIDATED
C_28413,55.795352935791016,2.10692834854126,2.2111403942108154,15,0,2005-07-26T10:30:00,ENGINE_EXECUTABLE_HYDRAULICALLY_UNVALIDATED
C_28414,48.19493865966797,2.037618398666382,1.8869491815567017,0,0,2005-07-26T10:30:00,ENGINE_EXECUTABLE_HYDRAULICALLY_UNVALIDATED
C_28415,57.076446533203125,2.0586869716644287,2.1918060779571533,0,0,2005-07-26T10:45:00,ENGINE_EXECUTABLE_HYDRAULICALLY_UNVALIDATED
C_28416,45.27706527709961,1.78974187374115,2.006455421447754,0,0,2005-07-26T10:45:00,ENGINE_EXECUTABLE_HYDRAULICALLY_UNVALIDATED
C_28417,58.76082611083984,2.021094799041748,2.236194133758545,15,0,2005-07-26T10:45:00,ENGINE_EXECUTABLE_HYDRAULICALLY_UNVALIDATED
C_28418,0.1025669500231742,0.1063141822814941,1.9429999589920044,150,150,2005-07-26T09:15:00,ENGINE_EXECUTABLE_HYDRAULICALLY_UNVALIDATED
C_28419,0.0332985185086727,0.0193974357098341,1.7690000534057615,180,180,2005-07-26T09:15:00,ENGINE_EXECUTABLE_HYDRAULICALLY_UNVALIDATED
C_28420,0.8694405555725098,0.4212198853492737,1.7818892002105713,0,0,2005-07-26T11:15:00,ENGINE_EXECUTABLE_HYDRAULICALLY_UNVALIDATED
C_28421,5.250554084777832,1.7889368534088137,2.162094593048096,0,0,2005-07-26T10:30:00,ENGINE_EXECUTABLE_HYDRAULICALLY_UNVALIDATED
C_28422,0.770473837852478,0.9730408787727356,1.763742208480835,0,0,2005-07-26T11:15:00,ENGINE_EXECUTABLE_HYDRAULICALLY_UNVALIDATED
C_28423,5.515060901641846,4.043107986450195,2.5703117847442627,0,0,2005-07-26T10:45:00,ENGINE_EXECUTABLE_HYDRAULICALLY_UNVALIDATED
C_28424,3.10686469078064,0.4494120180606842,1.9591439962387085,0,0,2005-07-26T10:15:00,ENGINE_EXECUTABLE_HYDRAULICALLY_UNVALIDATED
C_28425,5.602261543273926,0.5728105902671814,2.173158884048462,0,0,2005-07-26T10:45:00,ENGINE_EXECUTABLE_HYDRAULICALLY_UNVALIDATED
C_28426,3.112548351287842,0.6561587452888489,1.803425669670105,0,0,2005-07-26T11:00:00,ENGINE_EXECUTABLE_HYDRAULICALLY_UNVALIDATED
C_28427,5.590744018554688,0.6033264994621277,2.059000015258789,15,15,2005-07-26T10:45:00,ENGINE_EXECUTABLE_HYDRAULICALLY_UNVALIDATED
C_28428,0.74947589635849,0.3761748969554901,1.803911805152893,0,0,2005-07-26T11:15:00,ENGINE_EXECUTABLE_HYDRAULICALLY_UNVALIDATED
C_28429,5.2860612869262695,1.992605209350586,2.1310033798217773,0,0,2005-07-26T10:30:00,ENGINE_EXECUTABLE_HYDRAULICALLY_UNVALIDATED
C_28430,0.8410893678665161,0.4069956243038177,1.7824556827545166,0,0,2005-07-26T11:15:00,ENGINE_EXECUTABLE_HYDRAULICALLY_UNVALIDATED
C_28431,5.270497798919678,1.8336303234100344,2.138028860092163,0,0,2005-07-26T10:30:00,ENGINE_EXECUTABLE_HYDRAULICALLY_UNVALIDATED
C_28432,0.7695204615592957,0.3957530558109283,1.755747675895691,0,0,2005-07-26T11:15:00,ENGINE_EXECUTABLE_HYDRAULICALLY_UNVALIDATED
C_28433,5.377432823181152,1.3962690830230713,2.852487564086914,0,0,2005-07-26T10:45:00,ENGINE_EXECUTABLE_HYDRAULICALLY_UNVALIDATED
C_28434,45.15287780761719,1.7459570169448853,2.112867593765259,0,0,2005-07-26T10:30:00,ENGINE_EXECUTABLE_HYDRAULICALLY_UNVALIDATED
C_28435,60.13235092163086,2.128417015075684,2.1730000972747803,45,45,2005-07-26T10:45:00,ENGINE_EXECUTABLE_HYDRAULICALLY_UNVALIDATED
C_28436,45.36529541015625,1.7654327154159546,2.0963680744171143,0,0,2005-07-26T10:30:00,ENGINE_EXECUTABLE_HYDRAULICALLY_UNVALIDATED
C_28437,60.36531829833984,1.9969874620437624,2.324986457824707,0,0,2005-07-26T10:45:00,ENGINE_EXECUTABLE_HYDRAULICALLY_UNVALIDATED
C_28438,0.6612162590026855,0.2853928804397583,1.983919978141785,0,0,2005-07-26T11:15:00,ENGINE_EXECUTABLE_HYDRAULICALLY_UNVALIDATED
C_28439,5.333254337310791,1.8444912433624268,2.254941940307617,0,0,2005-07-26T10:30:00,ENGINE_EXECUTABLE_HYDRAULICALLY_UNVALIDATED
C_28440,44.90000915527344,1.748584270477295,2.0760066509246826,0,0,2005-07-26T11:00:00,ENGINE_EXECUTABLE_HYDRAULICALLY_UNVALIDATED
C_28441,57.14727020263672,1.941041350364685,2.302309989929199,0,0,2005-07-26T10:45:00,ENGINE_EXECUTABLE_HYDRAULICALLY_UNVALIDATED
C_28442,45.763938903808594,1.8110151290893557,2.046178340911865,0,0,2005-07-26T11:00:00,ENGINE_EXECUTABLE_HYDRAULICALLY_UNVALIDATED
C_28443,55.57568359375,1.9145839214324951,2.2819929122924805,0,0,2005-07-26T10:45:00,ENGINE_EXECUTABLE_HYDRAULICALLY_UNVALIDATED
C_28444,44.3134994506836,1.6101921796798706,2.133131742477417,0,0,2005-07-26T10:45:00,ENGINE_EXECUTABLE_HYDRAULICALLY_UNVALIDATED
C_28445,55.089942932128906,1.8120797872543333,2.372421741485596,0,0,2005-07-26T10:45:00,ENGINE_EXECUTABLE_HYDRAULICALLY_UNVALIDATED
C_28446,43.37166976928711,1.5904045104980469,2.1488771438598637,0,0,2005-07-26T10:45:00,ENGINE_EXECUTABLE_HYDRAULICALLY_UNVALIDATED
C_28447,50.38701248168945,1.6249641180038452,2.384971141815185,0,0,2005-07-26T10:45:00,ENGINE_EXECUTABLE_HYDRAULICALLY_UNVALIDATED
C_28448,43.83871841430664,1.562551736831665,2.1579020023345947,0,0,2005-07-26T10:45:00,ENGINE_EXECUTABLE_HYDRAULICALLY_UNVALIDATED
C_28449,50.877662658691406,1.7006651163101196,2.3010001182556152,15,15,2005-07-26T10:45:00,ENGINE_EXECUTABLE_HYDRAULICALLY_UNVALIDATED
C_28450,43.82395553588867,1.5542056560516355,2.168759346008301,0,0,2005-07-26T10:45:00,ENGINE_EXECUTABLE_HYDRAULICALLY_UNVALIDATED
C_28451,50.690895080566406,1.6944222450256348,2.3010001182556152,15,15,2005-07-26T10:45:00,ENGINE_EXECUTABLE_HYDRAULICALLY_UNVALIDATED
C_28452,3.1061394214630127,0.556601345539093,1.8244417905807493,0,0,2005-07-26T11:00:00,ENGINE_EXECUTABLE_HYDRAULICALLY_UNVALIDATED
C_28453,5.5355963706970215,0.5991210341453552,2.052999973297119,15,15,2005-07-26T10:45:00,ENGINE_EXECUTABLE_HYDRAULICALLY_UNVALIDATED
C_28454,0.848175048828125,0.4103507399559021,1.7733176946640017,0,0,2005-07-26T11:15:00,ENGINE_EXECUTABLE_HYDRAULICALLY_UNVALIDATED
C_28455,5.416170120239258,1.7420371770858765,2.2400362491607666,0,0,2005-07-26T10:45:00,ENGINE_EXECUTABLE_HYDRAULICALLY_UNVALIDATED
C_28456,0.8252158761024475,0.3397251069545746,1.750635862350464,0,0,2005-07-26T10:45:00,ENGINE_EXECUTABLE_HYDRAULICALLY_UNVALIDATED
C_28457,5.3651533126831055,1.1732391119003296,2.877551794052124,0,0,2005-07-26T10:45:00,ENGINE_EXECUTABLE_HYDRAULICALLY_UNVALIDATED
C_28458,0.7880728840827942,0.3397746384143829,1.753279447555542,0,0,2005-07-26T10:45:00,ENGINE_EXECUTABLE_HYDRAULICALLY_UNVALIDATED
C_28459,5.329870700836182,1.200602650642395,2.897823572158813,0,0,2005-07-26T10:30:00,ENGINE_EXECUTABLE_HYDRAULICALLY_UNVALIDATED
C_28460,0.8345186114311218,0.3335348665714264,1.7540109157562256,0,0,2005-07-26T10:45:00,ENGINE_EXECUTABLE_HYDRAULICALLY_UNVALIDATED
C_28461,5.301910400390625,1.1872884035110474,2.908524990081787,0,0,2005-07-26T10:30:00,ENGINE_EXECUTABLE_HYDRAULICALLY_UNVALIDATED
C_28462,1.0082401037216189,0.3573752641677856,1.7370209693908691,0,0,2005-07-26T10:45:00,ENGINE_EXECUTABLE_HYDRAULICALLY_UNVALIDATED
C_28463,5.2899250984191895,1.1793650388717651,2.915958881378174,0,0,2005-07-26T10:30:00,ENGINE_EXECUTABLE_HYDRAULICALLY_UNVALIDATED
C_28464,0.3085247874259949,0.1155907064676284,1.7092461585998535,0,0,2005-07-26T10:30:00,ENGINE_EXECUTABLE_HYDRAULICALLY_UNVALIDATED
C_28465,5.302738189697266,1.1745532751083374,2.940103530883789,0,0,2005-07-26T10:30:00,ENGINE_EXECUTABLE_HYDRAULICALLY_UNVALIDATED
C_28466,0.2713860273361206,0.1084112003445625,1.6808042526245115,0,0,2005-07-26T10:30:00,ENGINE_EXECUTABLE_HYDRAULICALLY_UNVALIDATED
C_28467,5.21115779876709,1.139063596725464,2.9880921840667725,0,0,2005-07-26T10:30:00,ENGINE_EXECUTABLE_HYDRAULICALLY_UNVALIDATED
C_28468,0.2981063425540924,0.1124135479331016,1.6327444314956665,0,0,2005-07-26T11:00:00,ENGINE_EXECUTABLE_HYDRAULICALLY_UNVALIDATED
C_28469,5.507136344909668,1.1915504932403564,3.035189628601074,0,0,2005-07-26T10:30:00,ENGINE_EXECUTABLE_HYDRAULICALLY_UNVALIDATED
C_28470,0.3830004930496216,0.143830195069313,1.6464345455169678,0,0,2005-07-26T11:00:00,ENGINE_EXECUTABLE_HYDRAULICALLY_UNVALIDATED
C_28471,5.492135047912598,1.2556554079055786,2.693000078201294,30,30,2005-07-26T10:30:00,ENGINE_EXECUTABLE_HYDRAULICALLY_UNVALIDATED
C_28472,0.0953772068023681,0.0447677001357078,1.608600378036499,0,0,2005-07-26T10:15:00,ENGINE_EXECUTABLE_HYDRAULICALLY_UNVALIDATED
C_28473,5.328129768371582,1.0971782207489014,3.070574760437012,0,0,2005-07-26T10:45:00,ENGINE_EXECUTABLE_HYDRAULICALLY_UNVALIDATED
C_28474,0.2182273119688034,0.0820270106196403,1.622020959854126,0,0,2005-07-26T10:30:00,ENGINE_EXECUTABLE_HYDRAULICALLY_UNVALIDATED
C_28475,5.26950740814209,1.0924646854400637,3.046404361724853,0,0,2005-07-26T10:30:00,ENGINE_EXECUTABLE_HYDRAULICALLY_UNVALIDATED
C_28476,43.99919128417969,1.5521748065948486,2.1802802085876465,0,0,2005-07-26T10:45:00,ENGINE_EXECUTABLE_HYDRAULICALLY_UNVALIDATED
C_28477,51.157752990722656,1.6558293104171753,2.376315832138061,0,0,2005-07-26T10:45:00,ENGINE_EXECUTABLE_HYDRAULICALLY_UNVALIDATED
C_28478,42.714881896972656,1.5020453929901123,2.1872801780700684,0,0,2005-07-26T10:45:00,ENGINE_EXECUTABLE_HYDRAULICALLY_UNVALIDATED
C_28479,51.45500183105469,1.657779574394226,2.3873114585876465,0,0,2005-07-26T10:45:00,ENGINE_EXECUTABLE_HYDRAULICALLY_UNVALIDATED
C_28480,44.81364822387695,1.564971089363098,2.202481508255005,0,0,2005-07-26T10:45:00,ENGINE_EXECUTABLE_HYDRAULICALLY_UNVALIDATED
C_28481,50.75333023071289,1.744266152381897,2.23799991607666,45,45,2005-07-26T10:45:00,ENGINE_EXECUTABLE_HYDRAULICALLY_UNVALIDATED
C_28482,45.84132766723633,1.5879089832305908,2.220444202423096,0,0,2005-07-26T10:45:00,ENGINE_EXECUTABLE_HYDRAULICALLY_UNVALIDATED
C_28483,49.16331481933594,1.6828538179397583,2.246999979019165,45,45,2005-07-26T10:45:00,ENGINE_EXECUTABLE_HYDRAULICALLY_UNVALIDATED
C_28484,44.20450973510742,1.607550024986267,2.115000009536743,45,45,2005-07-26T10:45:00,ENGINE_EXECUTABLE_HYDRAULICALLY_UNVALIDATED
C_28485,49.05704879760742,1.7840183973312378,2.115000009536743,45,45,2005-07-26T10:45:00,ENGINE_EXECUTABLE_HYDRAULICALLY_UNVALIDATED
C_28486,42.484169006347656,1.4961762428283691,2.184000015258789,15,15,2005-07-26T10:45:00,ENGINE_EXECUTABLE_HYDRAULICALLY_UNVALIDATED
C_28487,48.99372100830078,1.7254250049591064,2.184000015258789,45,45,2005-07-26T10:45:00,ENGINE_EXECUTABLE_HYDRAULICALLY_UNVALIDATED
C_28488,42.61705780029297,1.558663845062256,2.1029999256134038,45,45,2005-07-26T10:45:00,ENGINE_EXECUTABLE_HYDRAULICALLY_UNVALIDATED
C_28489,47.42668914794922,1.734570026397705,2.1029999256134038,45,45,2005-07-26T10:45:00,ENGINE_EXECUTABLE_HYDRAULICALLY_UNVALIDATED
C_28490,41.87310791015625,1.5779762268066406,2.0409998893737797,45,45,2005-07-26T10:45:00,ENGINE_EXECUTABLE_HYDRAULICALLY_UNVALIDATED
C_28491,47.40699005126953,1.786519169807434,2.0409998893737797,45,45,2005-07-26T10:45:00,ENGINE_EXECUTABLE_HYDRAULICALLY_UNVALIDATED
C_28492,41.795555114746094,1.4539506435394287,2.2109999656677246,15,15,2005-07-26T10:45:00,ENGINE_EXECUTABLE_HYDRAULICALLY_UNVALIDATED
C_28493,45.84463119506836,1.5948065519332886,2.2109999656677246,45,45,2005-07-26T10:45:00,ENGINE_EXECUTABLE_HYDRAULICALLY_UNVALIDATED
C_28494,41.55887985229492,1.5294166803359983,2.0899999141693115,45,45,2005-07-26T10:45:00,ENGINE_EXECUTABLE_HYDRAULICALLY_UNVALIDATED
C_28495,45.04597473144531,1.6577459573745728,2.0899999141693115,45,45,2005-07-26T10:45:00,ENGINE_EXECUTABLE_HYDRAULICALLY_UNVALIDATED
C_28496,41.62665557861328,1.4761152267456057,2.1689999103546143,15,15,2005-07-26T10:45:00,ENGINE_EXECUTABLE_HYDRAULICALLY_UNVALIDATED
C_28497,42.72436141967773,1.5150407552719116,2.1689999103546143,45,45,2005-07-26T10:45:00,ENGINE_EXECUTABLE_HYDRAULICALLY_UNVALIDATED
C_28498,40.23451614379883,1.4645613431930542,2.11299991607666,45,30,2005-07-26T10:45:00,ENGINE_EXECUTABLE_HYDRAULICALLY_UNVALIDATED
C_28499,42.70927810668945,1.554644227027893,2.11299991607666,45,45,2005-07-26T10:45:00,ENGINE_EXECUTABLE_HYDRAULICALLY_UNVALIDATED
C_28500,38.690711975097656,1.3663347959518433,2.177999973297119,15,15,2005-07-26T10:45:00,ENGINE_EXECUTABLE_HYDRAULICALLY_UNVALIDATED
C_28501,42.6972541809082,1.5078229904174805,2.177999973297119,45,45,2005-07-26T10:45:00,ENGINE_EXECUTABLE_HYDRAULICALLY_UNVALIDATED
C_28502,37.333534240722656,1.4257649183273315,2.013999938964844,45,45,2005-07-26T10:45:00,ENGINE_EXECUTABLE_HYDRAULICALLY_UNVALIDATED
C_28503,42.687286376953125,1.6302242279052734,2.013999938964844,45,45,2005-07-26T10:45:00,ENGINE_EXECUTABLE_HYDRAULICALLY_UNVALIDATED
C_28504,35.973812103271484,1.367725133895874,2.0230000019073486,45,45,2005-07-26T10:45:00,ENGINE_EXECUTABLE_HYDRAULICALLY_UNVALIDATED
C_28505,42.68381881713867,1.6228398084640503,2.0230000019073486,45,45,2005-07-26T10:45:00,ENGINE_EXECUTABLE_HYDRAULICALLY_UNVALIDATED
C_28506,34.756141662597656,1.277845025062561,2.0920000076293945,45,15,2005-07-26T10:45:00,ENGINE_EXECUTABLE_HYDRAULICALLY_UNVALIDATED
C_28507,42.67954635620117,1.5691570043563845,2.0920000076293945,45,45,2005-07-26T10:45:00,ENGINE_EXECUTABLE_HYDRAULICALLY_UNVALIDATED
C_28508,34.051876068115234,1.335585594177246,1.9609999656677248,45,45,2005-07-26T10:45:00,ENGINE_EXECUTABLE_HYDRAULICALLY_UNVALIDATED
C_28509,42.6771354675293,1.6738862991333008,1.9609999656677248,60,45,2005-07-26T10:45:00,ENGINE_EXECUTABLE_HYDRAULICALLY_UNVALIDATED
C_28510,13.140602111816406,1.465394377708435,1.948453664779663,0,0,2005-07-26T10:45:00,ENGINE_EXECUTABLE_HYDRAULICALLY_UNVALIDATED
C_28511,6.547260284423828,0.7737106680870056,2.0188803672790527,0,0,2005-07-26T10:45:00,ENGINE_EXECUTABLE_HYDRAULICALLY_UNVALIDATED
C_28512,12.968368530273438,1.4754297733306885,1.940479397773743,0,0,2005-07-26T10:45:00,ENGINE_EXECUTABLE_HYDRAULICALLY_UNVALIDATED
C_28513,7.325072765350342,0.8584709763526917,2.037778854370117,0,0,2005-07-26T10:45:00,ENGINE_EXECUTABLE_HYDRAULICALLY_UNVALIDATED
C_28514,13.878353118896484,1.573427677154541,1.9172513484954836,0,0,2005-07-26T10:45:00,ENGINE_EXECUTABLE_HYDRAULICALLY_UNVALIDATED
C_28515,7.31292724609375,0.8516322374343872,2.0568723678588867,0,0,2005-07-26T10:45:00,ENGINE_EXECUTABLE_HYDRAULICALLY_UNVALIDATED
C_28516,14.070015907287598,1.5835601091384888,1.8874565362930296,0,0,2005-07-26T10:45:00,ENGINE_EXECUTABLE_HYDRAULICALLY_UNVALIDATED
C_28517,7.294798374176025,0.8354531526565552,2.0755231380462646,0,0,2005-07-26T10:45:00,ENGINE_EXECUTABLE_HYDRAULICALLY_UNVALIDATED
C_28518,10.36317539215088,1.196730375289917,1.949207782745361,0,0,2005-07-26T10:45:00,ENGINE_EXECUTABLE_HYDRAULICALLY_UNVALIDATED
C_28519,5.817303657531738,0.7189378142356873,1.955255150794983,0,0,2005-07-26T10:45:00,ENGINE_EXECUTABLE_HYDRAULICALLY_UNVALIDATED
C_28520,12.839085578918455,1.4570897817611694,1.9543273448944087,0,0,2005-07-26T10:45:00,ENGINE_EXECUTABLE_HYDRAULICALLY_UNVALIDATED
C_28521,5.768434524536133,0.6876455545425415,1.995307683944702,0,0,2005-07-26T10:45:00,ENGINE_EXECUTABLE_HYDRAULICALLY_UNVALIDATED
C_28522,18.672590255737305,5.771120071411133,1.6175813674926758,0,0,2005-07-26T10:30:00,ENGINE_EXECUTABLE_HYDRAULICALLY_UNVALIDATED
C_28523,13.850454330444336,6.498386383056641,1.4214459657669067,0,0,2005-07-26T10:30:00,ENGINE_EXECUTABLE_HYDRAULICALLY_UNVALIDATED
C_28524,18.217924118041992,5.252565383911133,1.7339999675750732,60,60,2005-07-26T10:45:00,ENGINE_EXECUTABLE_HYDRAULICALLY_UNVALIDATED
C_28525,17.453554153442383,5.126795291900635,1.7020000219345093,75,75,2005-07-26T10:45:00,ENGINE_EXECUTABLE_HYDRAULICALLY_UNVALIDATED
C_28526,16.687917709350586,4.847780227661133,1.7209999561309814,120,105,2005-07-26T10:45:00,ENGINE_EXECUTABLE_HYDRAULICALLY_UNVALIDATED
C_28528,15.921667098999023,4.68783712387085,1.6979999542236328,165,165,2005-07-26T10:45:00,ENGINE_EXECUTABLE_HYDRAULICALLY_UNVALIDATED
C_28529,11.550896644592283,5.009590148925781,1.5369999408721924,75,60,2005-07-26T10:30:00,ENGINE_EXECUTABLE_HYDRAULICALLY_UNVALIDATED
C_28531,20.143577575683597,4.475852012634277,1.5,135,135,2005-07-26T10:45:00,ENGINE_EXECUTABLE_HYDRAULICALLY_UNVALIDATED
C_28532,17.087446212768555,5.695181369781494,1.5,135,135,2005-07-26T10:45:00,ENGINE_EXECUTABLE_HYDRAULICALLY_UNVALIDATED
C_28533,9.071117401123049,3.023369073867798,1.5,180,180,2005-07-26T13:15:00,ENGINE_EXECUTABLE_HYDRAULICALLY_UNVALIDATED
C_28534,9.959845542907717,4.063131809234619,1.633999943733215,180,180,2005-07-26T10:30:00,ENGINE_EXECUTABLE_HYDRAULICALLY_UNVALIDATED
C_28535,15.922584533691406,4.6908698081970215,1.6970000267028809,165,165,2005-07-26T10:45:00,ENGINE_EXECUTABLE_HYDRAULICALLY_UNVALIDATED
C_28536,15.160676956176758,4.176029682159424,1.815000057220459,165,165,2005-07-26T10:45:00,ENGINE_EXECUTABLE_HYDRAULICALLY_UNVALIDATED
C_28537,13.633127212524414,3.9696006774902335,1.7170000076293943,135,135,2005-07-26T10:45:00,ENGINE_EXECUTABLE_HYDRAULICALLY_UNVALIDATED
C_28538,13.631800651550291,4.135401248931885,1.6480000019073486,120,120,2005-07-26T10:45:00,ENGINE_EXECUTABLE_HYDRAULICALLY_UNVALIDATED
C_28539,12.100192070007324,3.725013732910156,1.6239999532699585,120,120,2005-07-26T10:45:00,ENGINE_EXECUTABLE_HYDRAULICALLY_UNVALIDATED
C_28540,11.332262992858888,3.695694923400879,1.5329999923706057,120,120,2005-07-26T10:45:00,ENGINE_EXECUTABLE_HYDRAULICALLY_UNVALIDATED
C_28541,11.331212997436523,3.494741201400757,1.621000051498413,120,120,2005-07-26T10:45:00,ENGINE_EXECUTABLE_HYDRAULICALLY_UNVALIDATED
C_28542,7.660320281982422,2.8399953842163086,1.7979999780654907,120,120,2005-07-26T10:30:00,ENGINE_EXECUTABLE_HYDRAULICALLY_UNVALIDATED
C_28543,11.331408500671388,3.1281464099884038,1.8109999895095823,120,120,2005-07-26T10:45:00,ENGINE_EXECUTABLE_HYDRAULICALLY_UNVALIDATED
C_28544,10.575132369995115,3.0165915489196777,1.9730000495910645,90,90,2005-07-26T10:45:00,ENGINE_EXECUTABLE_HYDRAULICALLY_UNVALIDATED
C_28545,9.811527252197266,2.9572343826293945,1.9459999799728396,90,90,2005-07-26T10:45:00,ENGINE_EXECUTABLE_HYDRAULICALLY_UNVALIDATED
C_28546,9.044782638549805,2.7680604457855225,2.1760001182556152,75,75,2005-07-26T10:45:00,ENGINE_EXECUTABLE_HYDRAULICALLY_UNVALIDATED
C_28547,6.126066207885742,2.5523571968078613,1.8359999656677248,90,90,2005-07-26T10:30:00,ENGINE_EXECUTABLE_HYDRAULICALLY_UNVALIDATED
C_28548,9.045111656188965,3.011399745941162,1.8739999532699585,75,75,2005-07-26T10:45:00,ENGINE_EXECUTABLE_HYDRAULICALLY_UNVALIDATED
C_28549,6.127433300018311,3.08047103881836,2.007999897003174,75,75,2005-07-26T10:30:00,ENGINE_EXECUTABLE_HYDRAULICALLY_UNVALIDATED
C_28550,8.396641731262207,3.177656650543213,1.8739999532699585,75,75,2005-07-26T10:15:00,ENGINE_EXECUTABLE_HYDRAULICALLY_UNVALIDATED
C_28551,7.774162769317627,2.829320192337036,1.86899995803833,75,75,2005-07-26T10:15:00,ENGINE_EXECUTABLE_HYDRAULICALLY_UNVALIDATED
C_28552,0.777588963508606,0.3455566167831421,1.5,75,75,2005-07-26T10:30:00,ENGINE_EXECUTABLE_HYDRAULICALLY_UNVALIDATED
C_28553,0.0797664448618888,0.0569424629211425,1.5,75,75,2005-07-26T10:00:00,ENGINE_EXECUTABLE_HYDRAULICALLY_UNVALIDATED
C_28554,2.942145347595215,1.0930466651916504,1.633999943733215,75,75,2005-07-26T11:15:00,ENGINE_EXECUTABLE_HYDRAULICALLY_UNVALIDATED
C_28555,2.941896438598633,0.8106957674026489,1.6990000009536743,75,75,2005-07-26T11:15:00,ENGINE_EXECUTABLE_HYDRAULICALLY_UNVALIDATED
C_28556,3.3716068267822266,1.2976034879684448,1.8919999599456787,75,75,2005-07-26T11:15:00,ENGINE_EXECUTABLE_HYDRAULICALLY_UNVALIDATED
C_28557,0.0104899331927299,0.0148162664845585,1.5,60,60,2005-07-26T10:00:00,ENGINE_EXECUTABLE_HYDRAULICALLY_UNVALIDATED
C_28558,7.90220832824707,3.5117015838623047,1.5,180,180,2005-07-26T09:45:00,ENGINE_EXECUTABLE_HYDRAULICALLY_UNVALIDATED
C_28559,2.9415578842163086,0.9073463678359984,1.649999976158142,75,75,2005-07-26T11:15:00,ENGINE_EXECUTABLE_HYDRAULICALLY_UNVALIDATED
C_28560,2.941035747528076,1.0310786962509155,1.6169999837875366,75,75,2005-07-26T11:15:00,ENGINE_EXECUTABLE_HYDRAULICALLY_UNVALIDATED
C_28561,2.9409098625183105,4.622303485870361,0.8999999761581421,120,105,2005-07-26T11:15:00,ENGINE_EXECUTABLE_HYDRAULICALLY_UNVALIDATED
C_28562,2.5123214721679688,3.9486801624298096,0.8999999761581421,255,225,2005-07-26T11:15:00,ENGINE_EXECUTABLE_HYDRAULICALLY_UNVALIDATED
C_28563,7.616143226623535,3.384575605392456,1.5,195,195,2005-07-26T09:45:00,ENGINE_EXECUTABLE_HYDRAULICALLY_UNVALIDATED
C_28564,2.512302160263061,3.948649644851685,0.8999999761581421,300,270,2005-07-26T11:15:00,ENGINE_EXECUTABLE_HYDRAULICALLY_UNVALIDATED
C_28565,8.301556587219238,3.689169645309448,1.5,210,210,2005-07-26T10:00:00,ENGINE_EXECUTABLE_HYDRAULICALLY_UNVALIDATED
C_28566,3.114376306533813,4.89494514465332,0.8999999761581421,330,300,2005-07-26T10:30:00,ENGINE_EXECUTABLE_HYDRAULICALLY_UNVALIDATED
C_28567,13.03271198272705,5.791671752929688,1.5,195,195,2005-07-26T10:15:00,ENGINE_EXECUTABLE_HYDRAULICALLY_UNVALIDATED
C_28568,2.678161382675171,4.209334850311279,0.8999999761581421,345,330,2005-07-26T10:30:00,ENGINE_EXECUTABLE_HYDRAULICALLY_UNVALIDATED
C_28569,5.361109733581543,2.705004930496216,1.5,90,90,2005-07-26T10:30:00,ENGINE_EXECUTABLE_HYDRAULICALLY_UNVALIDATED
C_28570,5.865746021270752,2.7153208255767822,1.2000000476837158,75,75,2005-07-26T10:45:00,ENGINE_EXECUTABLE_HYDRAULICALLY_UNVALIDATED
C_28571,3.898086309432984,2.321025848388672,1.5,75,75,2005-07-26T11:00:00,ENGINE_EXECUTABLE_HYDRAULICALLY_UNVALIDATED
C_28572,4.34330940246582,2.2642569541931152,1.2000000476837158,75,60,2005-07-26T10:45:00,ENGINE_EXECUTABLE_HYDRAULICALLY_UNVALIDATED
C_28573,1.6937772035598757,1.7909778356552124,1.2000000476837158,75,60,2005-07-26T17:30:00,ENGINE_EXECUTABLE_HYDRAULICALLY_UNVALIDATED
C_28574,3.415170669555664,2.33978271484375,1.5,60,60,2005-07-26T11:15:00,ENGINE_EXECUTABLE_HYDRAULICALLY_UNVALIDATED
C_28575,6.1312456130981445,0.7883550524711609,1.717900633811951,0,0,2005-07-26T10:45:00,ENGINE_EXECUTABLE_HYDRAULICALLY_UNVALIDATED
C_28576,0.0748587101697921,0.0250897835940122,1.6124215126037598,0,0,2005-07-26T10:30:00,ENGINE_EXECUTABLE_HYDRAULICALLY_UNVALIDATED
C_28577,6.051802635192871,0.7610652446746826,1.7693049907684326,0,0,2005-07-26T10:45:00,ENGINE_EXECUTABLE_HYDRAULICALLY_UNVALIDATED
C_28578,3.078078031539917,0.4466421604156494,1.6854610443115234,0,0,2005-07-26T10:45:00,ENGINE_EXECUTABLE_HYDRAULICALLY_UNVALIDATED
C_28579,3.755692720413208,3.4293947219848637,1.75,60,60,2005-07-26T11:15:00,ENGINE_EXECUTABLE_HYDRAULICALLY_UNVALIDATED
C_28580,3.745806455612183,3.1465017795562744,1.75,60,60,2005-07-26T11:15:00,ENGINE_EXECUTABLE_HYDRAULICALLY_UNVALIDATED
C_28582,2.292564630508423,1.4492708444595337,1.5,60,60,2005-07-26T10:30:00,ENGINE_EXECUTABLE_HYDRAULICALLY_UNVALIDATED
C_28584,3.305026054382324,5.3201518058776855,1.4299999475479126,60,60,2005-07-26T11:15:00,ENGINE_EXECUTABLE_HYDRAULICALLY_UNVALIDATED
C_28586,5.997501850128174,0.7325982451438904,1.8167567253112795,0,0,2005-07-26T10:45:00,ENGINE_EXECUTABLE_HYDRAULICALLY_UNVALIDATED
C_28587,6.073670864105225,0.867428183555603,1.7479429244995115,0,0,2005-07-26T10:45:00,ENGINE_EXECUTABLE_HYDRAULICALLY_UNVALIDATED
C_28588,3.492915153503418,3.6494526863098153,1.5950000286102295,765,765,2005-07-26T10:45:00,ENGINE_EXECUTABLE_HYDRAULICALLY_UNVALIDATED
C_28589,3.287055253982544,1.1426398754119873,1.5980000495910645,765,765,2005-07-26T17:30:00,ENGINE_EXECUTABLE_HYDRAULICALLY_UNVALIDATED
C_28591,17.386384963989258,4.980931758880615,1.9390000104904173,750,735,2005-07-26T10:45:00,ENGINE_EXECUTABLE_HYDRAULICALLY_UNVALIDATED
C_28592,15.853927612304688,5.87900972366333,1.4980000257492063,750,750,2005-07-26T10:45:00,ENGINE_EXECUTABLE_HYDRAULICALLY_UNVALIDATED
C_28593,9.03956699371338,1.0602201223373413,1.8945708274841309,0,0,2005-07-26T10:45:00,ENGINE_EXECUTABLE_HYDRAULICALLY_UNVALIDATED
C_28594,5.8655524253845215,0.7978085279464722,1.8554383516311648,0,0,2005-07-26T10:45:00,ENGINE_EXECUTABLE_HYDRAULICALLY_UNVALIDATED
C_28595,8.38536548614502,0.9919106364250184,1.8559309244155884,0,0,2005-07-26T10:45:00,ENGINE_EXECUTABLE_HYDRAULICALLY_UNVALIDATED
C_28596,6.002258777618408,0.8359981179237366,1.8036538362503047,0,0,2005-07-26T10:45:00,ENGINE_EXECUTABLE_HYDRAULICALLY_UNVALIDATED
C_28597,13.55320644378662,5.019146919250488,1.5,600,600,2005-07-26T10:45:00,ENGINE_EXECUTABLE_HYDRAULICALLY_UNVALIDATED
C_28598,9.725420951843262,1.133042573928833,1.9219081401824951,0,0,2005-07-26T10:45:00,ENGINE_EXECUTABLE_HYDRAULICALLY_UNVALIDATED
C_28599,5.849802494049072,0.7710442543029785,1.8885791301727293,0,0,2005-07-26T10:45:00,ENGINE_EXECUTABLE_HYDRAULICALLY_UNVALIDATED
C_28600,10.49269962310791,1.2115435600280762,1.9337114095687864,0,0,2005-07-26T10:45:00,ENGINE_EXECUTABLE_HYDRAULICALLY_UNVALIDATED
C_28601,5.863473892211914,0.7493279576301575,1.9165935516357424,0,0,2005-07-26T10:45:00,ENGINE_EXECUTABLE_HYDRAULICALLY_UNVALIDATED
C_28602,11.251593589782717,4.166792869567871,1.5,390,390,2005-07-26T10:45:00,ENGINE_EXECUTABLE_HYDRAULICALLY_UNVALIDATED
C_28606,159.80816650390625,4.753747463226318,2.332655191421509,0,0,2005-07-26T10:45:00,ENGINE_EXECUTABLE_HYDRAULICALLY_UNVALIDATED
C_28607,158.2724609375,5.172204971313477,2.1533656120300293,0,0,2005-07-26T10:45:00,ENGINE_EXECUTABLE_HYDRAULICALLY_UNVALIDATED
C_28608,154.6948699951172,5.536993980407715,1.9026012420654297,0,0,2005-07-26T10:45:00,ENGINE_EXECUTABLE_HYDRAULICALLY_UNVALIDATED
C_28609,153.89715576171875,5.132601261138916,2.073047876358032,0,0,2005-07-26T10:30:00,ENGINE_EXECUTABLE_HYDRAULICALLY_UNVALIDATED
C_28610,153.66732788085938,4.634549140930176,2.2880067825317383,0,0,2005-07-26T10:30:00,ENGINE_EXECUTABLE_HYDRAULICALLY_UNVALIDATED
C_28611,153.16888427734375,4.541746616363525,2.328601360321045,0,0,2005-07-26T10:30:00,ENGINE_EXECUTABLE_HYDRAULICALLY_UNVALIDATED
C_28612,153.0239715576172,4.458829402923584,2.3850114345550537,0,0,2005-07-26T10:30:00,ENGINE_EXECUTABLE_HYDRAULICALLY_UNVALIDATED
C_28613,155.87416076660156,6.919720649719238,2.815446138381958,0,0,2005-07-26T10:45:00,ENGINE_EXECUTABLE_HYDRAULICALLY_UNVALIDATED
C_28614,151.66758728027344,5.963350296020508,3.187000036239624,30,15,2005-07-26T10:45:00,ENGINE_EXECUTABLE_HYDRAULICALLY_UNVALIDATED
C_28615,144.0563201904297,9.502728462219238,2.621999979019165,60,60,2005-07-26T10:45:00,ENGINE_EXECUTABLE_HYDRAULICALLY_UNVALIDATED
C_28616,144.01901245117188,4.449769496917725,2.5360000133514404,75,75,2005-07-26T10:45:00,ENGINE_EXECUTABLE_HYDRAULICALLY_UNVALIDATED
C_28617,143.29043579101562,3.5734734535217285,3.157000064849853,45,45,2005-07-26T10:30:00,ENGINE_EXECUTABLE_HYDRAULICALLY_UNVALIDATED
C_28618,141.15243530273438,3.123260736465454,3.250999927520752,45,45,2005-07-26T10:30:00,ENGINE_EXECUTABLE_HYDRAULICALLY_UNVALIDATED
C_28619,140.61572265625,3.9578893184661865,3.319999933242798,30,30,2005-07-26T10:30:00,ENGINE_EXECUTABLE_HYDRAULICALLY_UNVALIDATED
C_28620,140.7268524169922,4.93060827255249,3.4549999237060547,30,30,2005-07-26T10:30:00,ENGINE_EXECUTABLE_HYDRAULICALLY_UNVALIDATED
C_28621,140.71658325195312,5.027747631072998,3.388000011444092,30,30,2005-07-26T10:30:00,ENGINE_EXECUTABLE_HYDRAULICALLY_UNVALIDATED
C_28622,139.88571166992188,3.297346353530884,3.263000011444092,30,30,2005-07-26T10:30:00,ENGINE_EXECUTABLE_HYDRAULICALLY_UNVALIDATED
C_28623,129.05165100097656,3.144106864929199,3.157000064849853,45,30,2005-07-26T10:30:00,ENGINE_EXECUTABLE_HYDRAULICALLY_UNVALIDATED
C_28624,10.515997886657717,4.6732563972473145,1.5,390,390,2005-07-26T10:45:00,ENGINE_EXECUTABLE_HYDRAULICALLY_UNVALIDATED
C_28625,9.890585899353027,4.395326614379883,1.5,390,390,2005-07-26T13:30:00,ENGINE_EXECUTABLE_HYDRAULICALLY_UNVALIDATED
C_28632,128.20339965820312,3.093553304672241,3.315000057220459,30,30,2005-07-26T10:45:00,ENGINE_EXECUTABLE_HYDRAULICALLY_UNVALIDATED
C_28633,128.98876953125,3.066139936447144,3.2109999656677246,30,30,2005-07-26T10:45:00,ENGINE_EXECUTABLE_HYDRAULICALLY_UNVALIDATED
C_28634,123.78020477294922,3.257522821426392,3.763975381851196,0,0,2005-07-26T10:45:00,ENGINE_EXECUTABLE_HYDRAULICALLY_UNVALIDATED
C_28635,120.58528137207033,2.9661033153533936,3.7422571182250977,0,0,2005-07-26T10:45:00,ENGINE_EXECUTABLE_HYDRAULICALLY_UNVALIDATED
C_28636,122.22633361816406,3.363527774810791,3.6742780208587646,0,0,2005-07-26T10:30:00,ENGINE_EXECUTABLE_HYDRAULICALLY_UNVALIDATED
C_28637,123.87960052490234,2.872227430343628,3.5939042568206787,0,0,2005-07-26T10:30:00,ENGINE_EXECUTABLE_HYDRAULICALLY_UNVALIDATED
C_28638,132.5989227294922,2.9286563396453857,3.4835779666900635,0,0,2005-07-26T10:45:00,ENGINE_EXECUTABLE_HYDRAULICALLY_UNVALIDATED
C_28639,130.22848510742188,3.028733968734741,3.5540266036987305,0,0,2005-07-26T10:45:00,ENGINE_EXECUTABLE_HYDRAULICALLY_UNVALIDATED
C_28640,136.51109313964844,3.2262210845947266,3.660901546478272,0,0,2005-07-26T10:45:00,ENGINE_EXECUTABLE_HYDRAULICALLY_UNVALIDATED
C_28641,114.25501251220705,2.6767616271972656,3.7613019943237305,0,0,2005-07-26T10:45:00,ENGINE_EXECUTABLE_HYDRAULICALLY_UNVALIDATED
C_28642,116.68690490722656,2.593108654022217,3.825752019882202,0,0,2005-07-26T10:30:00,ENGINE_EXECUTABLE_HYDRAULICALLY_UNVALIDATED
C_28643,111.30533599853516,2.3937954902648926,3.93424654006958,0,0,2005-07-26T10:45:00,ENGINE_EXECUTABLE_HYDRAULICALLY_UNVALIDATED
C_28644,109.70632934570312,2.446927070617676,3.976468086242676,0,0,2005-07-26T10:45:00,ENGINE_EXECUTABLE_HYDRAULICALLY_UNVALIDATED
C_28645,123.00347900390624,4.172664165496826,4.045698165893555,0,0,2005-07-26T10:45:00,ENGINE_EXECUTABLE_HYDRAULICALLY_UNVALIDATED
C_28646,119.16177368164062,4.162801265716553,3.891000032424927,30,30,2005-07-26T10:45:00,ENGINE_EXECUTABLE_HYDRAULICALLY_UNVALIDATED
C_28647,117.25837707519533,2.929814577102661,3.638000011444092,60,60,2005-07-26T10:45:00,ENGINE_EXECUTABLE_HYDRAULICALLY_UNVALIDATED
C_28648,116.9971160888672,2.395840167999268,3.75600004196167,60,45,2005-07-26T10:45:00,ENGINE_EXECUTABLE_HYDRAULICALLY_UNVALIDATED
C_28649,115.97310638427734,2.4770939350128174,3.6010000705718994,60,60,2005-07-26T10:45:00,ENGINE_EXECUTABLE_HYDRAULICALLY_UNVALIDATED
C_28650,115.81845092773438,2.392083644866944,3.723999977111816,45,45,2005-07-26T10:45:00,ENGINE_EXECUTABLE_HYDRAULICALLY_UNVALIDATED
C_28651,115.68485260009766,2.4819648265838623,3.5850000381469727,60,45,2005-07-26T10:45:00,ENGINE_EXECUTABLE_HYDRAULICALLY_UNVALIDATED
C_28652,115.62606048583984,2.5453124046325684,3.49399995803833,60,60,2005-07-26T10:45:00,ENGINE_EXECUTABLE_HYDRAULICALLY_UNVALIDATED
C_28653,114.8539581298828,2.126097679138184,4.15500020980835,30,30,2005-07-26T10:45:00,ENGINE_EXECUTABLE_HYDRAULICALLY_UNVALIDATED
C_28654,115.92510223388672,2.1091763973236084,4.227395534515381,15,0,2005-07-26T10:45:00,ENGINE_EXECUTABLE_HYDRAULICALLY_UNVALIDATED
C_28655,115.10540771484376,2.153557777404785,4.111000061035156,30,30,2005-07-26T10:45:00,ENGINE_EXECUTABLE_HYDRAULICALLY_UNVALIDATED
C_28656,19.65101432800293,2.625062942504883,2.0,75,75,2005-07-26T10:45:00,ENGINE_EXECUTABLE_HYDRAULICALLY_UNVALIDATED
C_28657,87.97923278808594,1.6383754014968872,4.130237579345703,0,0,2005-07-26T10:45:00,ENGINE_EXECUTABLE_HYDRAULICALLY_UNVALIDATED
C_28658,86.94403076171875,2.049420118331909,3.263000011444092,60,45,2005-07-26T10:45:00,ENGINE_EXECUTABLE_HYDRAULICALLY_UNVALIDATED
C_28659,83.86835479736328,2.010814666748047,3.2079999446868896,60,45,2005-07-26T10:45:00,ENGINE_EXECUTABLE_HYDRAULICALLY_UNVALIDATED
C_28660,83.88343811035156,2.222477912902832,2.9030001163482666,60,60,2005-07-26T10:45:00,ENGINE_EXECUTABLE_HYDRAULICALLY_UNVALIDATED
C_28661,83.85614013671875,1.9521048069000244,3.303999900817871,45,30,2005-07-26T10:45:00,ENGINE_EXECUTABLE_HYDRAULICALLY_UNVALIDATED
C_28662,83.11785888671875,1.8981499671936035,3.368000030517578,30,30,2005-07-26T10:45:00,ENGINE_EXECUTABLE_HYDRAULICALLY_UNVALIDATED
C_28663,18.882783889770508,2.7740089893341064,2.0,60,60,2005-07-26T10:45:00,ENGINE_EXECUTABLE_HYDRAULICALLY_UNVALIDATED
C_28664,12.10540008544922,2.34573745727539,2.0,60,60,2005-07-26T10:00:00,ENGINE_EXECUTABLE_HYDRAULICALLY_UNVALIDATED
C_28665,18.052711486816406,1.8983067274093628,2.401000022888184,30,30,2005-07-26T10:45:00,ENGINE_EXECUTABLE_HYDRAULICALLY_UNVALIDATED
C_28666,10.924260139465332,2.0935518741607666,2.0,30,30,2005-07-26T13:45:00,ENGINE_EXECUTABLE_HYDRAULICALLY_UNVALIDATED
C_28667,18.09513092041016,2.2362027168273926,1.7979999780654907,60,45,2005-07-26T10:45:00,ENGINE_EXECUTABLE_HYDRAULICALLY_UNVALIDATED
C_28668,26.07451820373535,3.4564034938812256,1.98199999332428,30,30,2005-07-26T10:45:00,ENGINE_EXECUTABLE_HYDRAULICALLY_UNVALIDATED
C_28669,25.275094985961918,3.0972280502319336,1.8639999628067017,30,30,2005-07-26T10:45:00,ENGINE_EXECUTABLE_HYDRAULICALLY_UNVALIDATED
C_28670,25.227468490600582,3.381868839263916,2.0339999198913574,15,15,2005-07-26T10:45:00,ENGINE_EXECUTABLE_HYDRAULICALLY_UNVALIDATED
C_28671,25.202699661254883,3.35050630569458,2.0252432823181152,0,0,2005-07-26T10:45:00,ENGINE_EXECUTABLE_HYDRAULICALLY_UNVALIDATED
C_28676,82.46344757080078,1.71725594997406,3.856734037399292,0,0,2005-07-26T10:45:00,ENGINE_EXECUTABLE_HYDRAULICALLY_UNVALIDATED
C_28677,79.7173843383789,1.6867740154266355,3.634999990463257,30,30,2005-07-26T10:45:00,ENGINE_EXECUTABLE_HYDRAULICALLY_UNVALIDATED
C_28678,78.8036117553711,1.835597038269043,3.302000045776367,30,30,2005-07-26T10:45:00,ENGINE_EXECUTABLE_HYDRAULICALLY_UNVALIDATED
C_28679,77.98766326904297,1.7643860578536987,3.509000062942505,30,30,2005-07-26T10:45:00,ENGINE_EXECUTABLE_HYDRAULICALLY_UNVALIDATED
C_28680,77.99817657470703,1.9179000854492188,3.128000020980835,30,30,2005-07-26T10:45:00,ENGINE_EXECUTABLE_HYDRAULICALLY_UNVALIDATED
C_28681,78.04671478271484,2.0342001914978027,2.950999975204468,45,45,2005-07-26T10:45:00,ENGINE_EXECUTABLE_HYDRAULICALLY_UNVALIDATED
C_28682,77.29669189453125,1.85584819316864,3.3420000076293945,30,30,2005-07-26T10:45:00,ENGINE_EXECUTABLE_HYDRAULICALLY_UNVALIDATED
C_28683,78.05330657958984,2.018638849258423,2.9739999771118164,30,30,2005-07-26T10:45:00,ENGINE_EXECUTABLE_HYDRAULICALLY_UNVALIDATED
C_28684,77.28346252441406,2.0462028980255127,2.9049999713897705,30,30,2005-07-26T10:45:00,ENGINE_EXECUTABLE_HYDRAULICALLY_UNVALIDATED
C_28685,77.27357482910156,1.9583061933517456,3.0350000858306885,30,30,2005-07-26T10:45:00,ENGINE_EXECUTABLE_HYDRAULICALLY_UNVALIDATED
C_28686,77.19771575927734,1.9418461322784424,3.316999912261963,30,30,2005-07-26T10:45:00,ENGINE_EXECUTABLE_HYDRAULICALLY_UNVALIDATED
C_28687,76.41385650634766,1.955344796180725,3.266730546951294,30,0,2005-07-26T10:45:00,ENGINE_EXECUTABLE_HYDRAULICALLY_UNVALIDATED
C_28688,18.1005973815918,2.2658631801605225,1.774999976158142,60,45,2005-07-26T10:45:00,ENGINE_EXECUTABLE_HYDRAULICALLY_UNVALIDATED
C_28689,18.870643615722656,2.393270254135132,1.7519999742507937,60,45,2005-07-26T10:45:00,ENGINE_EXECUTABLE_HYDRAULICALLY_UNVALIDATED
C_28690,18.873943328857425,2.5447466373443604,1.6480000019073486,60,60,2005-07-26T10:45:00,ENGINE_EXECUTABLE_HYDRAULICALLY_UNVALIDATED
C_28691,9.949932098388672,2.8560245037078857,1.838000059127808,30,30,2005-07-26T10:45:00,ENGINE_EXECUTABLE_HYDRAULICALLY_UNVALIDATED
C_28692,9.945462226867676,3.29508113861084,1.5850000381469729,30,30,2005-07-26T10:45:00,ENGINE_EXECUTABLE_HYDRAULICALLY_UNVALIDATED
C_28693,9.927687644958496,3.035042762756348,1.5149999856948853,30,30,2005-07-26T10:45:00,ENGINE_EXECUTABLE_HYDRAULICALLY_UNVALIDATED
C_28694,9.941308975219728,3.341047763824463,1.6440000534057615,30,30,2005-07-26T10:45:00,ENGINE_EXECUTABLE_HYDRAULICALLY_UNVALIDATED
C_28695,9.913928031921388,2.994913101196289,1.6720000505447388,30,30,2005-07-26T10:45:00,ENGINE_EXECUTABLE_HYDRAULICALLY_UNVALIDATED
C_28696,9.932897567749023,3.312225580215454,1.3849999904632568,30,30,2005-07-26T10:45:00,ENGINE_EXECUTABLE_HYDRAULICALLY_UNVALIDATED
C_28697,28.824373245239254,2.030198574066162,2.375,30,30,2005-07-26T10:45:00,ENGINE_EXECUTABLE_HYDRAULICALLY_UNVALIDATED
C_28698,9.895045280456545,3.5411393642425537,1.3969999551773071,30,30,2005-07-26T10:45:00,ENGINE_EXECUTABLE_HYDRAULICALLY_UNVALIDATED
C_28699,25.63567924499512,3.209176540374756,1.9889748096466064,0,0,2005-07-26T10:45:00,ENGINE_EXECUTABLE_HYDRAULICALLY_UNVALIDATED
C_28700,25.674297332763672,1.9516743421554563,1.9782261848449707,0,0,2005-07-26T10:45:00,ENGINE_EXECUTABLE_HYDRAULICALLY_UNVALIDATED
C_28701,25.77699279785156,2.928713083267212,1.99337637424469,0,0,2005-07-26T10:45:00,ENGINE_EXECUTABLE_HYDRAULICALLY_UNVALIDATED
C_28702,25.736156463623047,2.4309322834014893,1.9906824827194212,0,0,2005-07-26T10:45:00,ENGINE_EXECUTABLE_HYDRAULICALLY_UNVALIDATED
C_28703,9.128750801086426,3.385658264160156,1.3480000495910645,30,30,2005-07-26T10:45:00,ENGINE_EXECUTABLE_HYDRAULICALLY_UNVALIDATED
C_28704,21.70775032043457,3.083746671676636,1.9731203317642207,0,0,2005-07-26T10:45:00,ENGINE_EXECUTABLE_HYDRAULICALLY_UNVALIDATED
C_28705,20.44202423095703,3.2543389797210693,1.9899156093597408,0,0,2005-07-26T10:45:00,ENGINE_EXECUTABLE_HYDRAULICALLY_UNVALIDATED
C_28706,16.684234619140625,1.9722261428833008,1.9935636520385744,0,0,2005-07-26T10:45:00,ENGINE_EXECUTABLE_HYDRAULICALLY_UNVALIDATED
C_28707,15.952244758605955,2.016991138458252,1.9726957082748413,0,0,2005-07-26T10:45:00,ENGINE_EXECUTABLE_HYDRAULICALLY_UNVALIDATED
C_28708,13.431591987609863,3.0354766845703125,2.0130624771118164,0,0,2005-07-26T10:45:00,ENGINE_EXECUTABLE_HYDRAULICALLY_UNVALIDATED
C_28709,12.703112602233888,0.5726575255393982,2.0381879806518555,0,0,2005-07-26T10:45:00,ENGINE_EXECUTABLE_HYDRAULICALLY_UNVALIDATED
C_28710,12.995710372924805,0.5985985994338989,1.978037476539612,0,0,2005-07-26T10:45:00,ENGINE_EXECUTABLE_HYDRAULICALLY_UNVALIDATED
C_28817,0.0,0.0,3.0479999622912143e-05,0,0,2005-07-26T00:15:00,ENGINE_EXECUTABLE_HYDRAULICALLY_UNVALIDATED
C_28818,0.0,0.0,3.0479999622912143e-05,0,0,2005-07-26T00:15:00,ENGINE_EXECUTABLE_HYDRAULICALLY_UNVALIDATED
C_28906,0.0,0.0,3.0479999622912143e-05,0,0,2005-07-26T00:15:00,ENGINE_EXECUTABLE_HYDRAULICALLY_UNVALIDATED
C_28907,0.0,0.0,3.0479999622912143e-05,0,0,2005-07-26T00:15:00,ENGINE_EXECUTABLE_HYDRAULICALLY_UNVALIDATED
C_28908,0.3634026944637298,0.4432025551795959,0.380751758813858,0,0,2005-07-26T10:45:00,ENGINE_EXECUTABLE_HYDRAULICALLY_UNVALIDATED
C_28909,0.1770361363887787,0.1062623783946037,0.3539850115776062,0,0,2005-07-26T11:00:00,ENGINE_EXECUTABLE_HYDRAULICALLY_UNVALIDATED
C_28910,0.0831295102834701,0.0949697941541671,0.3320639133453369,0,0,2005-07-26T11:30:00,ENGINE_EXECUTABLE_HYDRAULICALLY_UNVALIDATED
C_28911,0.1273113042116165,0.0903351008892059,0.3194650411605835,0,0,2005-07-26T11:15:00,ENGINE_EXECUTABLE_HYDRAULICALLY_UNVALIDATED
C_28912,0.0,0.0,3.0479999622912143e-05,0,0,2005-07-26T00:15:00,ENGINE_EXECUTABLE_HYDRAULICALLY_UNVALIDATED
C_28913,0.0,0.0,3.0479999622912143e-05,0,0,2005-07-26T00:15:00,ENGINE_EXECUTABLE_HYDRAULICALLY_UNVALIDATED
C_28914,0.0,0.0,3.0479999622912143e-05,0,0,2005-07-26T00:15:00,ENGINE_EXECUTABLE_HYDRAULICALLY_UNVALIDATED
C_28915,0.1563857048749923,0.1016827821731567,0.305929958820343,0,0,2005-07-26T11:15:00,ENGINE_EXECUTABLE_HYDRAULICALLY_UNVALIDATED
C_28916,0.1138704866170883,0.0839790254831314,0.2619107365608215,0,0,2005-07-26T11:00:00,ENGINE_EXECUTABLE_HYDRAULICALLY_UNVALIDATED
C_28917,0.1470229923725128,0.117298699915409,0.2088778764009475,0,0,2005-07-26T11:00:00,ENGINE_EXECUTABLE_HYDRAULICALLY_UNVALIDATED
C_28918,0.0,0.0,3.0479999622912143e-05,0,0,2005-07-26T00:15:00,ENGINE_EXECUTABLE_HYDRAULICALLY_UNVALIDATED
C_28919,0.0,0.0,3.0479999622912143e-05,0,0,2005-07-26T00:15:00,ENGINE_EXECUTABLE_HYDRAULICALLY_UNVALIDATED
C_28920,0.0,0.0,3.0479999622912143e-05,0,0,2005-07-26T00:15:00,ENGINE_EXECUTABLE_HYDRAULICALLY_UNVALIDATED
C_28921,0.0,0.0,3.0479999622912143e-05,0,0,2005-07-26T00:15:00,ENGINE_EXECUTABLE_HYDRAULICALLY_UNVALIDATED
C_28922,0.0,0.0,3.0479999622912143e-05,0,0,2005-07-26T00:15:00,ENGINE_EXECUTABLE_HYDRAULICALLY_UNVALIDATED
C_28923,0.0,0.0,3.0479999622912143e-05,0,0,2005-07-26T00:15:00,ENGINE_EXECUTABLE_HYDRAULICALLY_UNVALIDATED
C_28924,0.0,0.0,3.0479999622912143e-05,0,0,2005-07-26T00:15:00,ENGINE_EXECUTABLE_HYDRAULICALLY_UNVALIDATED
C_28925,0.0,0.0,3.0479999622912143e-05,0,0,2005-07-26T00:15:00,ENGINE_EXECUTABLE_HYDRAULICALLY_UNVALIDATED
C_28926,0.0,0.0,3.0479999622912143e-05,0,0,2005-07-26T00:15:00,ENGINE_EXECUTABLE_HYDRAULICALLY_UNVALIDATED
C_28927,0.0,0.0,3.0479999622912143e-05,0,0,2005-07-26T00:15:00,ENGINE_EXECUTABLE_HYDRAULICALLY_UNVALIDATED
C_28928,0.0,0.0,3.0479999622912143e-05,0,0,2005-07-26T00:15:00,ENGINE_EXECUTABLE_HYDRAULICALLY_UNVALIDATED
C_28929,0.0,0.0,3.0479999622912143e-05,0,0,2005-07-26T00:15:00,ENGINE_EXECUTABLE_HYDRAULICALLY_UNVALIDATED
C_28930,0.0,0.0,3.0479999622912143e-05,0,0,2005-07-26T00:15:00,ENGINE_EXECUTABLE_HYDRAULICALLY_UNVALIDATED
C_28931,0.0,0.0,3.0479999622912143e-05,0,0,2005-07-26T00:15:00,ENGINE_EXECUTABLE_HYDRAULICALLY_UNVALIDATED
C_28932,0.0,0.0,3.0479999622912143e-05,0,0,2005-07-26T00:15:00,ENGINE_EXECUTABLE_HYDRAULICALLY_UNVALIDATED
C_28933,0.0,0.0,3.0479999622912143e-05,0,0,2005-07-26T00:15:00,ENGINE_EXECUTABLE_HYDRAULICALLY_UNVALIDATED
C_28934,0.0,0.0,3.0479999622912143e-05,0,0,2005-07-26T00:15:00,ENGINE_EXECUTABLE_HYDRAULICALLY_UNVALIDATED
C_28935,0.0,0.0,3.0479999622912143e-05,0,0,2005-07-26T00:15:00,ENGINE_EXECUTABLE_HYDRAULICALLY_UNVALIDATED
C_28936,0.1238482668995857,0.1942907571792602,0.1730524152517318,0,0,2005-07-26T11:15:00,ENGINE_EXECUTABLE_HYDRAULICALLY_UNVALIDATED
C_28937,0.0494346395134925,0.1261936724185943,0.1602254658937454,0,0,2005-07-26T11:15:00,ENGINE_EXECUTABLE_HYDRAULICALLY_UNVALIDATED
C_28938,0.056577056646347,0.1132477596402168,0.1110068708658218,0,0,2005-07-26T11:00:00,ENGINE_EXECUTABLE_HYDRAULICALLY_UNVALIDATED
C_28939,0.0,0.0,0.0331779904663562,0,0,2005-07-26T00:15:00,ENGINE_EXECUTABLE_HYDRAULICALLY_UNVALIDATED
C_28940,0.0,0.0,3.0479999622912143e-05,0,0,2005-07-26T00:15:00,ENGINE_EXECUTABLE_HYDRAULICALLY_UNVALIDATED
C_28941,0.1334581971168518,0.1394330561161041,0.1853066831827163,0,0,2005-07-26T11:00:00,ENGINE_EXECUTABLE_HYDRAULICALLY_UNVALIDATED
C_28942,0.0,0.0,3.0479999622912143e-05,0,0,2005-07-26T00:15:00,ENGINE_EXECUTABLE_HYDRAULICALLY_UNVALIDATED
C_28943,0.0,0.0,3.0479999622912143e-05,0,0,2005-07-26T00:15:00,ENGINE_EXECUTABLE_HYDRAULICALLY_UNVALIDATED
C_28944,0.0,0.0,3.0479999622912143e-05,0,0,2005-07-26T00:15:00,ENGINE_EXECUTABLE_HYDRAULICALLY_UNVALIDATED
C_28945,0.0,0.0,3.0479999622912143e-05,0,0,2005-07-26T00:15:00,ENGINE_EXECUTABLE_HYDRAULICALLY_UNVALIDATED
C_28946,0.0,0.0,3.0479999622912143e-05,0,0,2005-07-26T00:15:00,ENGINE_EXECUTABLE_HYDRAULICALLY_UNVALIDATED
C_28947,0.0,0.0,3.0479999622912143e-05,0,0,2005-07-26T00:15:00,ENGINE_EXECUTABLE_HYDRAULICALLY_UNVALIDATED
C_28948,0.0,0.0,3.0479999622912143e-05,0,0,2005-07-26T00:15:00,ENGINE_EXECUTABLE_HYDRAULICALLY_UNVALIDATED
C_28949,0.0,0.0,3.0479999622912143e-05,0,0,2005-07-26T00:15:00,ENGINE_EXECUTABLE_HYDRAULICALLY_UNVALIDATED
C_28950,0.0,0.0,3.0479999622912143e-05,0,0,2005-07-26T00:15:00,ENGINE_EXECUTABLE_HYDRAULICALLY_UNVALIDATED
C_28951,0.0,0.0,3.0479999622912143e-05,0,0,2005-07-26T00:15:00,ENGINE_EXECUTABLE_HYDRAULICALLY_UNVALIDATED
C_28952,0.0,0.0,3.0479999622912143e-05,0,0,2005-07-26T00:15:00,ENGINE_EXECUTABLE_HYDRAULICALLY_UNVALIDATED
C_28953,0.0,0.0,3.0479999622912143e-05,0,0,2005-07-26T00:15:00,ENGINE_EXECUTABLE_HYDRAULICALLY_UNVALIDATED
C_28954,0.0,0.0,3.0479999622912143e-05,0,0,2005-07-26T00:15:00,ENGINE_EXECUTABLE_HYDRAULICALLY_UNVALIDATED
C_28955,0.0,0.0,3.0479999622912143e-05,0,0,2005-07-26T00:15:00,ENGINE_EXECUTABLE_HYDRAULICALLY_UNVALIDATED
C_28956,0.0,0.0,3.0479999622912143e-05,0,0,2005-07-26T00:15:00,ENGINE_EXECUTABLE_HYDRAULICALLY_UNVALIDATED
C_28957,0.0,0.0,3.0479999622912143e-05,0,0,2005-07-26T00:15:00,ENGINE_EXECUTABLE_HYDRAULICALLY_UNVALIDATED
C_28958,0.0,0.0,3.0479999622912143e-05,0,0,2005-07-26T00:15:00,ENGINE_EXECUTABLE_HYDRAULICALLY_UNVALIDATED
C_28959,0.0,0.0,3.0479999622912143e-05,0,0,2005-07-26T00:15:00,ENGINE_EXECUTABLE_HYDRAULICALLY_UNVALIDATED
C_28960,0.0,0.0,3.0479999622912143e-05,0,0,2005-07-26T00:15:00,ENGINE_EXECUTABLE_HYDRAULICALLY_UNVALIDATED
C_28961,0.0,0.0,3.0479999622912143e-05,0,0,2005-07-26T00:15:00,ENGINE_EXECUTABLE_HYDRAULICALLY_UNVALIDATED
C_28962,0.0,0.0,3.0479999622912143e-05,0,0,2005-07-26T00:15:00,ENGINE_EXECUTABLE_HYDRAULICALLY_UNVALIDATED
C_28963,0.0,0.0,3.0479999622912143e-05,0,0,2005-07-26T00:15:00,ENGINE_EXECUTABLE_HYDRAULICALLY_UNVALIDATED
C_28964,0.0,0.0,3.0479999622912143e-05,0,0,2005-07-26T00:15:00,ENGINE_EXECUTABLE_HYDRAULICALLY_UNVALIDATED
C_28965,0.0,0.0,3.0479999622912143e-05,0,0,2005-07-26T00:15:00,ENGINE_EXECUTABLE_HYDRAULICALLY_UNVALIDATED
C_28966,0.0,0.0,3.0479999622912143e-05,0,0,2005-07-26T00:15:00,ENGINE_EXECUTABLE_HYDRAULICALLY_UNVALIDATED
C_28967,0.0,0.0,3.0479999622912143e-05,0,0,2005-07-26T00:15:00,ENGINE_EXECUTABLE_HYDRAULICALLY_UNVALIDATED
C_28968,0.0,0.0,3.0479999622912143e-05,0,0,2005-07-26T00:15:00,ENGINE_EXECUTABLE_HYDRAULICALLY_UNVALIDATED
C_28969,0.0,0.0,3.0479999622912143e-05,0,0,2005-07-26T00:15:00,ENGINE_EXECUTABLE_HYDRAULICALLY_UNVALIDATED
C_28970,0.0,0.0,3.0479999622912143e-05,0,0,2005-07-26T00:15:00,ENGINE_EXECUTABLE_HYDRAULICALLY_UNVALIDATED
C_28971,0.0,0.0,3.0479999622912143e-05,0,0,2005-07-26T00:15:00,ENGINE_EXECUTABLE_HYDRAULICALLY_UNVALIDATED
C_28972,0.0,0.0,3.0479999622912143e-05,0,0,2005-07-26T00:15:00,ENGINE_EXECUTABLE_HYDRAULICALLY_UNVALIDATED
C_28973,0.0,0.0,3.0479999622912143e-05,0,0,2005-07-26T00:15:00,ENGINE_EXECUTABLE_HYDRAULICALLY_UNVALIDATED
C_28974,0.0,0.0,3.0479999622912143e-05,0,0,2005-07-26T00:15:00,ENGINE_EXECUTABLE_HYDRAULICALLY_UNVALIDATED
C_28975,0.0,0.0,3.0479999622912143e-05,0,0,2005-07-26T00:15:00,ENGINE_EXECUTABLE_HYDRAULICALLY_UNVALIDATED
C_28976,0.0,0.0,3.0479999622912143e-05,0,0,2005-07-26T00:15:00,ENGINE_EXECUTABLE_HYDRAULICALLY_UNVALIDATED
C_28977,0.0,0.0,3.0479999622912143e-05,0,0,2005-07-26T00:15:00,ENGINE_EXECUTABLE_HYDRAULICALLY_UNVALIDATED
C_28978,0.0,0.0,3.0479999622912143e-05,0,0,2005-07-26T00:15:00,ENGINE_EXECUTABLE_HYDRAULICALLY_UNVALIDATED
C_28979,0.0,0.0,3.0479999622912143e-05,0,0,2005-07-26T00:15:00,ENGINE_EXECUTABLE_HYDRAULICALLY_UNVALIDATED
C_28980,0.0,0.0,3.0479999622912143e-05,0,0,2005-07-26T00:15:00,ENGINE_EXECUTABLE_HYDRAULICALLY_UNVALIDATED
C_28981,0.0,0.0,3.0479999622912143e-05,0,0,2005-07-26T00:15:00,ENGINE_EXECUTABLE_HYDRAULICALLY_UNVALIDATED
C_28982,0.0,0.0,3.0479999622912143e-05,0,0,2005-07-26T00:15:00,ENGINE_EXECUTABLE_HYDRAULICALLY_UNVALIDATED
C_28983,0.0,0.0,3.0479999622912143e-05,0,0,2005-07-26T00:15:00,ENGINE_EXECUTABLE_HYDRAULICALLY_UNVALIDATED
C_28984,0.0,0.0,3.0479999622912143e-05,0,0,2005-07-26T00:15:00,ENGINE_EXECUTABLE_HYDRAULICALLY_UNVALIDATED
C_28985,0.0,0.0,3.0479999622912143e-05,0,0,2005-07-26T00:15:00,ENGINE_EXECUTABLE_HYDRAULICALLY_UNVALIDATED
C_28986,0.0,0.0,3.0479999622912143e-05,0,0,2005-07-26T00:15:00,ENGINE_EXECUTABLE_HYDRAULICALLY_UNVALIDATED
C_28987,0.0,0.0,3.0479999622912143e-05,0,0,2005-07-26T00:15:00,ENGINE_EXECUTABLE_HYDRAULICALLY_UNVALIDATED
C_28988,0.0,0.0,3.0479999622912143e-05,0,0,2005-07-26T00:15:00,ENGINE_EXECUTABLE_HYDRAULICALLY_UNVALIDATED
C_28989,0.0,0.0,3.0479999622912143e-05,0,0,2005-07-26T00:15:00,ENGINE_EXECUTABLE_HYDRAULICALLY_UNVALIDATED
C_28990,0.0,0.0,3.0479999622912143e-05,0,0,2005-07-26T00:15:00,ENGINE_EXECUTABLE_HYDRAULICALLY_UNVALIDATED
C_28991,0.0,0.0,3.0479999622912143e-05,0,0,2005-07-26T00:15:00,ENGINE_EXECUTABLE_HYDRAULICALLY_UNVALIDATED
C_28992,0.0,0.0,3.0479999622912143e-05,0,0,2005-07-26T00:15:00,ENGINE_EXECUTABLE_HYDRAULICALLY_UNVALIDATED
C_28993,0.0,0.0,3.0479999622912143e-05,0,0,2005-07-26T00:15:00,ENGINE_EXECUTABLE_HYDRAULICALLY_UNVALIDATED
C_28994,0.0,0.0,3.0479999622912143e-05,0,0,2005-07-26T00:15:00,ENGINE_EXECUTABLE_HYDRAULICALLY_UNVALIDATED
C_28996,0.0,0.0,3.0479999622912143e-05,0,0,2005-07-26T00:15:00,ENGINE_EXECUTABLE_HYDRAULICALLY_UNVALIDATED
C_28997,0.0,0.0,3.0479999622912143e-05,0,0,2005-07-26T00:15:00,ENGINE_EXECUTABLE_HYDRAULICALLY_UNVALIDATED
C_28998,0.0,0.0,3.0479999622912143e-05,0,0,2005-07-26T00:15:00,ENGINE_EXECUTABLE_HYDRAULICALLY_UNVALIDATED
C_28999,0.0,0.0,3.0479999622912143e-05,0,0,2005-07-26T00:15:00,ENGINE_EXECUTABLE_HYDRAULICALLY_UNVALIDATED
C_29000,0.0,0.0,3.0479999622912143e-05,0,0,2005-07-26T00:15:00,ENGINE_EXECUTABLE_HYDRAULICALLY_UNVALIDATED
C_29001,0.0,0.0,3.0479999622912143e-05,0,0,2005-07-26T00:15:00,ENGINE_EXECUTABLE_HYDRAULICALLY_UNVALIDATED
C_29002,0.0,0.0,3.0479999622912143e-05,0,0,2005-07-26T00:15:00,ENGINE_EXECUTABLE_HYDRAULICALLY_UNVALIDATED
C_29003,0.0,0.0,3.0479999622912143e-05,0,0,2005-07-26T00:15:00,ENGINE_EXECUTABLE_HYDRAULICALLY_UNVALIDATED
C_29004,0.0,0.0,3.0479999622912143e-05,0,0,2005-07-26T00:15:00,ENGINE_EXECUTABLE_HYDRAULICALLY_UNVALIDATED
C_29005,0.0,0.0,3.0479999622912143e-05,0,0,2005-07-26T00:15:00,ENGINE_EXECUTABLE_HYDRAULICALLY_UNVALIDATED
C_29006,0.0,0.0,3.0479999622912143e-05,0,0,2005-07-26T00:15:00,ENGINE_EXECUTABLE_HYDRAULICALLY_UNVALIDATED
C_29007,0.0,0.0,3.0479999622912143e-05,0,0,2005-07-26T00:15:00,ENGINE_EXECUTABLE_HYDRAULICALLY_UNVALIDATED
C_29008,0.0,0.0,3.0479999622912143e-05,0,0,2005-07-26T00:15:00,ENGINE_EXECUTABLE_HYDRAULICALLY_UNVALIDATED
C_29009,0.0,0.0,3.0479999622912143e-05,0,0,2005-07-26T00:15:00,ENGINE_EXECUTABLE_HYDRAULICALLY_UNVALIDATED
C_29011,0.0,0.0,3.0479999622912143e-05,0,0,2005-07-26T00:15:00,ENGINE_EXECUTABLE_HYDRAULICALLY_UNVALIDATED
C_29012,0.0,0.0,3.0479999622912143e-05,0,0,2005-07-26T00:15:00,ENGINE_EXECUTABLE_HYDRAULICALLY_UNVALIDATED
C_29013,0.0,0.0,3.0479999622912143e-05,0,0,2005-07-26T00:15:00,ENGINE_EXECUTABLE_HYDRAULICALLY_UNVALIDATED
C_29014,0.0,0.0,3.0479999622912143e-05,0,0,2005-07-26T00:15:00,ENGINE_EXECUTABLE_HYDRAULICALLY_UNVALIDATED
C_29015,0.0,0.0,3.0479999622912143e-05,0,0,2005-07-26T00:15:00,ENGINE_EXECUTABLE_HYDRAULICALLY_UNVALIDATED
C_29016,0.0,0.0,3.0479999622912143e-05,0,0,2005-07-26T00:15:00,ENGINE_EXECUTABLE_HYDRAULICALLY_UNVALIDATED
C_29017,0.0,0.0,3.0479999622912143e-05,0,0,2005-07-26T00:15:00,ENGINE_EXECUTABLE_HYDRAULICALLY_UNVALIDATED
C_29018,0.0,0.0,3.0479999622912143e-05,0,0,2005-07-26T00:15:00,ENGINE_EXECUTABLE_HYDRAULICALLY_UNVALIDATED
C_29019,0.0,0.0,3.0479999622912143e-05,0,0,2005-07-26T00:15:00,ENGINE_EXECUTABLE_HYDRAULICALLY_UNVALIDATED
C_29020,0.0,0.0,3.0479999622912143e-05,0,0,2005-07-26T00:15:00,ENGINE_EXECUTABLE_HYDRAULICALLY_UNVALIDATED
C_29021,0.0,0.0,3.0479999622912143e-05,0,0,2005-07-26T00:15:00,ENGINE_EXECUTABLE_HYDRAULICALLY_UNVALIDATED
C_29022,0.0,0.0,3.0479999622912143e-05,0,0,2005-07-26T00:15:00,ENGINE_EXECUTABLE_HYDRAULICALLY_UNVALIDATED
C_29023,0.0,0.0,3.0479999622912143e-05,0,0,2005-07-26T00:15:00,ENGINE_EXECUTABLE_HYDRAULICALLY_UNVALIDATED
C_29024,0.0,0.0,3.0479999622912143e-05,0,0,2005-07-26T00:15:00,ENGINE_EXECUTABLE_HYDRAULICALLY_UNVALIDATED
C_29025,0.0,0.0,3.0479999622912143e-05,0,0,2005-07-26T00:15:00,ENGINE_EXECUTABLE_HYDRAULICALLY_UNVALIDATED
C_29026,0.0,0.0,3.0479999622912143e-05,0,0,2005-07-26T00:15:00,ENGINE_EXECUTABLE_HYDRAULICALLY_UNVALIDATED
C_29028,0.0,0.0,3.0479999622912143e-05,0,0,2005-07-26T00:15:00,ENGINE_EXECUTABLE_HYDRAULICALLY_UNVALIDATED
C_29029,0.0,0.0,3.0479999622912143e-05,0,0,2005-07-26T00:15:00,ENGINE_EXECUTABLE_HYDRAULICALLY_UNVALIDATED
C_29031,0.0,0.0,3.0479999622912143e-05,0,0,2005-07-26T00:15:00,ENGINE_EXECUTABLE_HYDRAULICALLY_UNVALIDATED
C_29032,0.0,0.0,3.0479999622912143e-05,0,0,2005-07-26T00:15:00,ENGINE_EXECUTABLE_HYDRAULICALLY_UNVALIDATED
C_29034,0.0,0.0,3.0479999622912143e-05,0,0,2005-07-26T00:15:00,ENGINE_EXECUTABLE_HYDRAULICALLY_UNVALIDATED
C_29036,0.0,0.0,3.0479999622912143e-05,0,0,2005-07-26T00:15:00,ENGINE_EXECUTABLE_HYDRAULICALLY_UNVALIDATED
C_29037,0.0,0.0,3.0479999622912143e-05,0,0,2005-07-26T00:15:00,ENGINE_EXECUTABLE_HYDRAULICALLY_UNVALIDATED
C_29042,0.0,0.0,3.0479999622912143e-05,0,0,2005-07-26T00:15:00,ENGINE_EXECUTABLE_HYDRAULICALLY_UNVALIDATED
C_29050,0.0,0.0,3.0479999622912143e-05,0,0,2005-07-26T00:15:00,ENGINE_EXECUTABLE_HYDRAULICALLY_UNVALIDATED
C_29051,0.0,0.0,3.0479999622912143e-05,0,0,2005-07-26T00:15:00,ENGINE_EXECUTABLE_HYDRAULICALLY_UNVALIDATED
C_29052,0.0,0.0,3.0479999622912143e-05,0,0,2005-07-26T00:15:00,ENGINE_EXECUTABLE_HYDRAULICALLY_UNVALIDATED
C_29053,0.0,0.0,3.0479999622912143e-05,0,0,2005-07-26T00:15:00,ENGINE_EXECUTABLE_HYDRAULICALLY_UNVALIDATED
C_29054,0.0,0.0,3.0479999622912143e-05,0,0,2005-07-26T00:15:00,ENGINE_EXECUTABLE_HYDRAULICALLY_UNVALIDATED
C_29055,0.0,0.0,3.0479999622912143e-05,0,0,2005-07-26T00:15:00,ENGINE_EXECUTABLE_HYDRAULICALLY_UNVALIDATED
C_29056,0.0,0.0,3.0479999622912143e-05,0,0,2005-07-26T00:15:00,ENGINE_EXECUTABLE_HYDRAULICALLY_UNVALIDATED
C_29057,0.0,0.0,3.0479999622912143e-05,0,0,2005-07-26T00:15:00,ENGINE_EXECUTABLE_HYDRAULICALLY_UNVALIDATED
C_29058,0.0,0.0,3.0479999622912143e-05,0,0,2005-07-26T00:15:00,ENGINE_EXECUTABLE_HYDRAULICALLY_UNVALIDATED
C_29059,0.0,0.0,3.0479999622912143e-05,0,0,2005-07-26T00:15:00,ENGINE_EXECUTABLE_HYDRAULICALLY_UNVALIDATED
C_29060,0.0,0.0,3.0479999622912143e-05,0,0,2005-07-26T00:15:00,ENGINE_EXECUTABLE_HYDRAULICALLY_UNVALIDATED
C_29061,0.0,0.0,3.0479999622912143e-05,0,0,2005-07-26T00:15:00,ENGINE_EXECUTABLE_HYDRAULICALLY_UNVALIDATED
C_29062,0.0,0.0,3.0479999622912143e-05,0,0,2005-07-26T00:15:00,ENGINE_EXECUTABLE_HYDRAULICALLY_UNVALIDATED
C_29063,0.0,0.0,3.0479999622912143e-05,0,0,2005-07-26T00:15:00,ENGINE_EXECUTABLE_HYDRAULICALLY_UNVALIDATED
C_29064,0.0,0.0,3.0479999622912143e-05,0,0,2005-07-26T00:15:00,ENGINE_EXECUTABLE_HYDRAULICALLY_UNVALIDATED
C_29065,0.0,0.0,3.0479999622912143e-05,0,0,2005-07-26T00:15:00,ENGINE_EXECUTABLE_HYDRAULICALLY_UNVALIDATED
C_29066,0.0,0.0,3.0479999622912143e-05,0,0,2005-07-26T00:15:00,ENGINE_EXECUTABLE_HYDRAULICALLY_UNVALIDATED
C_29067,0.0,0.0,3.0479999622912143e-05,0,0,2005-07-26T00:15:00,ENGINE_EXECUTABLE_HYDRAULICALLY_UNVALIDATED
C_29068,0.0,0.0,3.0479999622912143e-05,0,0,2005-07-26T00:15:00,ENGINE_EXECUTABLE_HYDRAULICALLY_UNVALIDATED
C_29069,0.0,0.0,3.0479999622912143e-05,0,0,2005-07-26T00:15:00,ENGINE_EXECUTABLE_HYDRAULICALLY_UNVALIDATED
C_29070,0.0,0.0,3.0479999622912143e-05,0,0,2005-07-26T00:15:00,ENGINE_EXECUTABLE_HYDRAULICALLY_UNVALIDATED
C_29071,0.0,0.0,3.0479999622912143e-05,0,0,2005-07-26T00:15:00,ENGINE_EXECUTABLE_HYDRAULICALLY_UNVALIDATED
C_29072,0.0,0.0,3.0479999622912143e-05,0,0,2005-07-26T00:15:00,ENGINE_EXECUTABLE_HYDRAULICALLY_UNVALIDATED
C_29073,0.0,0.0,3.0479999622912143e-05,0,0,2005-07-26T00:15:00,ENGINE_EXECUTABLE_HYDRAULICALLY_UNVALIDATED
C_29074,0.0,0.0,3.0479999622912143e-05,0,0,2005-07-26T00:15:00,ENGINE_EXECUTABLE_HYDRAULICALLY_UNVALIDATED
C_29075,0.0,0.0,3.0479999622912143e-05,0,0,2005-07-26T00:15:00,ENGINE_EXECUTABLE_HYDRAULICALLY_UNVALIDATED
C_29076,0.0,0.0,3.0479999622912143e-05,0,0,2005-07-26T00:15:00,ENGINE_EXECUTABLE_HYDRAULICALLY_UNVALIDATED
C_29077,0.0,0.0,3.0479999622912143e-05,0,0,2005-07-26T00:15:00,ENGINE_EXECUTABLE_HYDRAULICALLY_UNVALIDATED
C_29078,0.0,0.0,3.0479999622912143e-05,0,0,2005-07-26T00:15:00,ENGINE_EXECUTABLE_HYDRAULICALLY_UNVALIDATED
C_29079,0.0,0.0,3.0479999622912143e-05,0,0,2005-07-26T00:15:00,ENGINE_EXECUTABLE_HYDRAULICALLY_UNVALIDATED
C_29080,0.0,0.0,3.0479999622912143e-05,0,0,2005-07-26T00:15:00,ENGINE_EXECUTABLE_HYDRAULICALLY_UNVALIDATED
C_29082,7.249279975891113,0.9506616592407228,2.910520553588867,0,0,2005-07-26T10:15:00,ENGINE_EXECUTABLE_HYDRAULICALLY_UNVALIDATED
C_29085,6.142796039581299,0.9840524196624756,2.7395052909851074,0,0,2005-07-26T10:15:00,ENGINE_EXECUTABLE_HYDRAULICALLY_UNVALIDATED
C_29088,5.005237579345703,0.9925440549850464,2.325000047683716,45,30,2005-07-26T10:15:00,ENGINE_EXECUTABLE_HYDRAULICALLY_UNVALIDATED
C_29104,2.016664743423462,0.5098575353622437,1.7269999980926514,210,195,2005-07-26T09:45:00,ENGINE_EXECUTABLE_HYDRAULICALLY_UNVALIDATED
C_29105,0.002058480400592,0.0051894164644181,0.373412162065506,0,0,2005-07-26T09:30:00,ENGINE_EXECUTABLE_HYDRAULICALLY_UNVALIDATED
C_29106,2.203029155731201,0.177306666970253,1.743000030517578,210,210,2005-07-26T09:45:00,ENGINE_EXECUTABLE_HYDRAULICALLY_UNVALIDATED
C_29107,1.92144775390625,0.1390596330165863,1.7549999952316284,195,195,2005-07-26T09:45:00,ENGINE_EXECUTABLE_HYDRAULICALLY_UNVALIDATED
C_29108,3.0608694553375244,0.3253112733364105,1.343999981880188,165,165,2005-07-26T10:45:00,ENGINE_EXECUTABLE_HYDRAULICALLY_UNVALIDATED
C_29109,3.0636770725250244,0.3062417209148407,1.4290000200271606,150,150,2005-07-26T10:45:00,ENGINE_EXECUTABLE_HYDRAULICALLY_UNVALIDATED
C_29110,2.300645351409912,0.369388610124588,1.468999981880188,150,150,2005-07-26T10:45:00,ENGINE_EXECUTABLE_HYDRAULICALLY_UNVALIDATED
C_29111,1.9338352680206297,0.4836988747119903,1.9700000286102293,180,165,2005-07-26T09:45:00,ENGINE_EXECUTABLE_HYDRAULICALLY_UNVALIDATED
C_29112,1.8152086734771729,0.4661841988563537,1.7829999923706057,180,180,2005-07-26T09:45:00,ENGINE_EXECUTABLE_HYDRAULICALLY_UNVALIDATED
C_29113,1.734990119934082,0.4613890349864959,1.625,225,210,2005-07-26T09:45:00,ENGINE_EXECUTABLE_HYDRAULICALLY_UNVALIDATED
C_29114,1.6458806991577148,0.4733373522758484,1.5470000505447388,225,225,2005-07-26T09:45:00,ENGINE_EXECUTABLE_HYDRAULICALLY_UNVALIDATED
C_29115,0.0097001306712627,0.0260395724326372,0.3874390721321106,0,0,2005-07-26T09:30:00,ENGINE_EXECUTABLE_HYDRAULICALLY_UNVALIDATED
C_29116,0.0223977044224739,0.0381736494600772,0.4119367599487304,0,0,2005-07-26T09:30:00,ENGINE_EXECUTABLE_HYDRAULICALLY_UNVALIDATED
C_29117,0.7575356960296631,0.3492913246154785,0.4353618919849396,0,0,2005-07-26T10:45:00,ENGINE_EXECUTABLE_HYDRAULICALLY_UNVALIDATED
C_29118,0.7574921250343323,0.3399810492992401,0.4495145380496979,0,0,2005-07-26T10:45:00,ENGINE_EXECUTABLE_HYDRAULICALLY_UNVALIDATED
C_29119,1.5145759582519531,0.6831941604614258,0.4458280801773071,0,0,2005-07-26T10:45:00,ENGINE_EXECUTABLE_HYDRAULICALLY_UNVALIDATED
C_29120,1.5145535469055176,0.7643216252326965,0.4237264990806579,0,0,2005-07-26T10:45:00,ENGINE_EXECUTABLE_HYDRAULICALLY_UNVALIDATED
C_29121,1.921844244003296,0.2400287985801696,1.628999948501587,135,135,2005-07-26T10:00:00,ENGINE_EXECUTABLE_HYDRAULICALLY_UNVALIDATED
C_29122,1.4614635705947876,0.1865298897027969,1.5700000524520874,150,135,2005-07-26T10:00:00,ENGINE_EXECUTABLE_HYDRAULICALLY_UNVALIDATED
C_29123,0.945539653301239,0.1286305338144302,1.4700000286102295,150,150,2005-07-26T10:00:00,ENGINE_EXECUTABLE_HYDRAULICALLY_UNVALIDATED
C_29124,0.614147961139679,0.0785447806119918,1.600000023841858,135,135,2005-07-26T10:00:00,ENGINE_EXECUTABLE_HYDRAULICALLY_UNVALIDATED
C_29125,1.5338175296783447,0.4267078936100006,1.491000056266785,225,225,2005-07-26T09:45:00,ENGINE_EXECUTABLE_HYDRAULICALLY_UNVALIDATED
C_29126,1.4328237771987915,0.4262419939041137,1.694000005722046,195,195,2005-07-26T09:45:00,ENGINE_EXECUTABLE_HYDRAULICALLY_UNVALIDATED
C_29127,1.337944746017456,0.4063935577869415,1.5579999685287476,225,225,2005-07-26T09:45:00,ENGINE_EXECUTABLE_HYDRAULICALLY_UNVALIDATED
C_29128,1.514495849609375,0.7684532403945923,0.3925532400608063,0,0,2005-07-26T10:45:00,ENGINE_EXECUTABLE_HYDRAULICALLY_UNVALIDATED
C_29129,1.514435887336731,0.8482831120491028,0.3518818616867065,0,0,2005-07-26T10:45:00,ENGINE_EXECUTABLE_HYDRAULICALLY_UNVALIDATED
C_29130,0.1953898072242736,0.0560151413083076,1.3930000066757202,135,135,2005-07-26T10:00:00,ENGINE_EXECUTABLE_HYDRAULICALLY_UNVALIDATED
C_29131,1.514378309249878,0.9525488615036012,0.3051902651786804,0,0,2005-07-26T10:45:00,ENGINE_EXECUTABLE_HYDRAULICALLY_UNVALIDATED
C_29132,0.0640053823590278,0.0876170173287391,1.371000051498413,135,135,2005-07-26T10:00:00,ENGINE_EXECUTABLE_HYDRAULICALLY_UNVALIDATED
C_29133,1.5142252445220947,0.7165942192077637,0.3024441599845886,0,0,2005-07-26T10:45:00,ENGINE_EXECUTABLE_HYDRAULICALLY_UNVALIDATED
C_29134,0.014678144827485,0.0299638584256172,0.5669999718666077,225,225,2005-07-26T09:45:00,ENGINE_EXECUTABLE_HYDRAULICALLY_UNVALIDATED
C_29135,1.5139572620391846,0.689887523651123,0.3142820596694946,0,0,2005-07-26T10:45:00,ENGINE_EXECUTABLE_HYDRAULICALLY_UNVALIDATED
C_29136,1.5137709379196167,0.6775726079940796,0.3202393352985382,0,0,2005-07-26T10:45:00,ENGINE_EXECUTABLE_HYDRAULICALLY_UNVALIDATED
C_29137,1.5136977434158323,0.6216663718223572,0.3482618629932403,0,0,2005-07-26T10:45:00,ENGINE_EXECUTABLE_HYDRAULICALLY_UNVALIDATED
C_29138,4.342703342437744,0.9841931462287904,2.4260001182556152,30,30,2005-07-26T10:15:00,ENGINE_EXECUTABLE_HYDRAULICALLY_UNVALIDATED
C_29139,4.153508186340332,0.994348406791687,2.500403881072998,15,0,2005-07-26T10:15:00,ENGINE_EXECUTABLE_HYDRAULICALLY_UNVALIDATED
C_29140,3.8878390789031982,0.982314944267273,2.4549999237060547,15,15,2005-07-26T10:15:00,ENGINE_EXECUTABLE_HYDRAULICALLY_UNVALIDATED
C_29141,3.724299669265747,0.9771728515625,2.4550020694732666,0,0,2005-07-26T10:15:00,ENGINE_EXECUTABLE_HYDRAULICALLY_UNVALIDATED
C_29142,3.611456871032715,0.978960394859314,2.421999931335449,15,15,2005-07-26T10:15:00,ENGINE_EXECUTABLE_HYDRAULICALLY_UNVALIDATED
C_29143,3.451912403106689,1.0012617111206057,2.38700008392334,15,15,2005-07-26T10:15:00,ENGINE_EXECUTABLE_HYDRAULICALLY_UNVALIDATED
C_29144,3.2683119773864746,1.0088293552398682,2.4176628589630127,0,0,2005-07-26T10:15:00,ENGINE_EXECUTABLE_HYDRAULICALLY_UNVALIDATED
C_29145,3.039839029312134,0.983768105506897,2.3983521461486816,15,0,2005-07-26T10:15:00,ENGINE_EXECUTABLE_HYDRAULICALLY_UNVALIDATED
C_29146,1.245901584625244,0.4582307040691376,1.6579999923706057,210,195,2005-07-26T10:00:00,ENGINE_EXECUTABLE_HYDRAULICALLY_UNVALIDATED
C_29147,1.242977261543274,0.2534460127353668,1.6239999532699585,210,210,2005-07-26T10:00:00,ENGINE_EXECUTABLE_HYDRAULICALLY_UNVALIDATED
C_29148,1.2308533191680908,0.2659697830677032,1.7079999446868896,180,180,2005-07-26T10:00:00,ENGINE_EXECUTABLE_HYDRAULICALLY_UNVALIDATED
C_29149,1.21954607963562,0.2059337496757507,1.6430000066757202,195,195,2005-07-26T10:00:00,ENGINE_EXECUTABLE_HYDRAULICALLY_UNVALIDATED
C_29150,1.513082504272461,0.7450772523880005,0.386381447315216,0,0,2005-07-26T10:45:00,ENGINE_EXECUTABLE_HYDRAULICALLY_UNVALIDATED
C_29151,1.5136048793792725,0.8046505451202393,0.3761723339557647,0,0,2005-07-26T10:45:00,ENGINE_EXECUTABLE_HYDRAULICALLY_UNVALIDATED
C_29152,1.5134278535842896,0.7787319421768188,0.3886723518371582,0,0,2005-07-26T10:45:00,ENGINE_EXECUTABLE_HYDRAULICALLY_UNVALIDATED
C_29153,1.5126556158065796,0.7774113416671753,0.3908769190311432,0,0,2005-07-26T10:45:00,ENGINE_EXECUTABLE_HYDRAULICALLY_UNVALIDATED
C_29154,1.5121049880981443,0.7899760007858276,0.3869586288928985,0,0,2005-07-26T10:45:00,ENGINE_EXECUTABLE_HYDRAULICALLY_UNVALIDATED
C_29155,1.5113253593444824,0.7824010252952576,0.391768604516983,0,0,2005-07-26T10:45:00,ENGINE_EXECUTABLE_HYDRAULICALLY_UNVALIDATED
C_29157,2.8141939640045166,0.9932249784469604,2.3299999237060547,15,15,2005-07-26T10:15:00,ENGINE_EXECUTABLE_HYDRAULICALLY_UNVALIDATED
C_29158,2.55317759513855,1.0380386114120483,2.352588415145874,15,0,2005-07-26T10:15:00,ENGINE_EXECUTABLE_HYDRAULICALLY_UNVALIDATED
C_29159,1.8244102001190183,0.8687292337417603,2.247999906539917,30,15,2005-07-26T10:15:00,ENGINE_EXECUTABLE_HYDRAULICALLY_UNVALIDATED
C_29160,1.911450147628784,1.2373440265655518,2.177999973297119,30,30,2005-07-26T10:15:00,ENGINE_EXECUTABLE_HYDRAULICALLY_UNVALIDATED
C_29161,1.2137984037399292,0.2083899825811386,1.6640000343322754,180,180,2005-07-26T10:00:00,ENGINE_EXECUTABLE_HYDRAULICALLY_UNVALIDATED
C_29162,1.2113239765167236,0.2294009178876876,1.5980000495910645,180,165,2005-07-26T10:00:00,ENGINE_EXECUTABLE_HYDRAULICALLY_UNVALIDATED
C_29163,0.8751755356788635,0.5237179398536682,2.1050000190734863,30,30,2005-07-26T13:30:00,ENGINE_EXECUTABLE_HYDRAULICALLY_UNVALIDATED
C_29164,0.7940704822540283,0.1579810380935669,2.0789999961853027,30,30,2005-07-26T13:30:00,ENGINE_EXECUTABLE_HYDRAULICALLY_UNVALIDATED
C_29165,1.2158786058425903,0.2136255949735641,1.6260000467300415,195,195,2005-07-26T10:00:00,ENGINE_EXECUTABLE_HYDRAULICALLY_UNVALIDATED
C_29166,1.510470271110535,0.7332044839859009,0.4160930812358856,0,0,2005-07-26T10:45:00,ENGINE_EXECUTABLE_HYDRAULICALLY_UNVALIDATED
C_29167,1.5095502138137815,0.695781409740448,0.4360884130001068,0,0,2005-07-26T10:45:00,ENGINE_EXECUTABLE_HYDRAULICALLY_UNVALIDATED
C_29168,1.5085828304290771,0.6636876463890076,0.4545556604862213,0,0,2005-07-26T10:45:00,ENGINE_EXECUTABLE_HYDRAULICALLY_UNVALIDATED
C_29169,1.507583737373352,0.6359323263168335,0.4740805625915527,0,0,2005-07-26T10:45:00,ENGINE_EXECUTABLE_HYDRAULICALLY_UNVALIDATED
C_29170,1.506543755531311,0.6219481825828552,0.4844056069850921,0,0,2005-07-26T10:45:00,ENGINE_EXECUTABLE_HYDRAULICALLY_UNVALIDATED
C_29171,1.5054237842559814,0.6224140524864197,0.4836831986904144,0,0,2005-07-26T10:45:00,ENGINE_EXECUTABLE_HYDRAULICALLY_UNVALIDATED
C_29173,0.7351653575897217,0.148015022277832,2.007999897003174,45,45,2005-07-26T13:30:00,ENGINE_EXECUTABLE_HYDRAULICALLY_UNVALIDATED
C_29174,0.6592497825622559,0.1347926557064056,2.2249999046325684,15,15,2005-07-26T13:30:00,ENGINE_EXECUTABLE_HYDRAULICALLY_UNVALIDATED
C_29175,0.944438338279724,0.198200523853302,2.4100000858306885,105,105,2005-07-26T10:00:00,ENGINE_EXECUTABLE_HYDRAULICALLY_UNVALIDATED
C_29176,0.3387795686721802,0.0290133953094482,2.375,105,105,2005-07-26T10:00:00,ENGINE_EXECUTABLE_HYDRAULICALLY_UNVALIDATED
C_29177,0.692555844783783,0.1552982032299041,2.433000087738037,105,105,2005-07-26T10:00:00,ENGINE_EXECUTABLE_HYDRAULICALLY_UNVALIDATED
C_29178,0.5805456638336182,0.3258757591247558,1.5,105,105,2005-07-26T13:30:00,ENGINE_EXECUTABLE_HYDRAULICALLY_UNVALIDATED
C_29179,1.5042802095413208,0.6324672698974609,0.4756333827972412,0,0,2005-07-26T10:45:00,ENGINE_EXECUTABLE_HYDRAULICALLY_UNVALIDATED
C_29180,1.50320303440094,0.4531172215938568,0.4738715887069702,0,0,2005-07-26T10:45:00,ENGINE_EXECUTABLE_HYDRAULICALLY_UNVALIDATED
C_29182,1.5023139715194702,0.4485225081443786,0.4784428775310516,0,0,2005-07-26T10:45:00,ENGINE_EXECUTABLE_HYDRAULICALLY_UNVALIDATED
C_29183,1.5013477802276611,0.7005558609962463,0.4645224809646606,0,0,2005-07-26T10:45:00,ENGINE_EXECUTABLE_HYDRAULICALLY_UNVALIDATED
C_29185,0.5167663097381592,0.3136694729328155,1.5,105,105,2005-07-26T13:30:00,ENGINE_EXECUTABLE_HYDRAULICALLY_UNVALIDATED
C_29186,0.4602115154266357,0.3024421632289886,1.5,75,75,2005-07-26T13:30:00,ENGINE_EXECUTABLE_HYDRAULICALLY_UNVALIDATED
C_29188,0.3994197845458984,0.2902736067771911,1.5,75,60,2005-07-26T13:30:00,ENGINE_EXECUTABLE_HYDRAULICALLY_UNVALIDATED
C_29189,0.3453545272350311,0.2810737788677215,1.5,60,60,2005-07-26T13:30:00,ENGINE_EXECUTABLE_HYDRAULICALLY_UNVALIDATED
C_29193,0.2427655905485153,0.2493221312761306,1.5,45,45,2005-07-26T13:30:00,ENGINE_EXECUTABLE_HYDRAULICALLY_UNVALIDATED
C_29194,0.2910226881504059,0.2691819667816162,1.5,60,45,2005-07-26T13:30:00,ENGINE_EXECUTABLE_HYDRAULICALLY_UNVALIDATED
C_29195,0.2164609730243683,0.2348043024539947,1.5,45,45,2005-07-26T13:30:00,ENGINE_EXECUTABLE_HYDRAULICALLY_UNVALIDATED
C_29197,0.2568444907665252,0.1752183735370636,1.484519124031067,0,0,2005-07-26T10:30:00,ENGINE_EXECUTABLE_HYDRAULICALLY_UNVALIDATED
C_29198,0.1515388190746307,0.118759274482727,1.445473313331604,0,0,2005-07-26T10:30:00,ENGINE_EXECUTABLE_HYDRAULICALLY_UNVALIDATED
C_29199,0.1857241690158844,0.2079037874937057,1.5,30,30,2005-07-26T10:30:00,ENGINE_EXECUTABLE_HYDRAULICALLY_UNVALIDATED
C_29203,33.56843948364258,1.1547638177871704,2.2358686923980717,15,0,2005-07-26T10:45:00,ENGINE_EXECUTABLE_HYDRAULICALLY_UNVALIDATED
C_29204,41.91021347045898,1.439706802368164,2.239000082015991,45,45,2005-07-26T10:45:00,ENGINE_EXECUTABLE_HYDRAULICALLY_UNVALIDATED
C_29205,13.842286109924316,1.6345369815826416,1.852258563041687,0,0,2005-07-26T10:45:00,ENGINE_EXECUTABLE_HYDRAULICALLY_UNVALIDATED
C_29206,7.22023868560791,0.9703963398933412,2.0820000171661377,15,15,2005-07-26T10:45:00,ENGINE_EXECUTABLE_HYDRAULICALLY_UNVALIDATED
C_29207,34.022430419921875,1.1763919591903689,2.224444627761841,0,0,2005-07-26T10:45:00,ENGINE_EXECUTABLE_HYDRAULICALLY_UNVALIDATED
C_29208,42.1797103881836,1.3099136352539062,2.5351150035858154,0,0,2005-07-26T10:45:00,ENGINE_EXECUTABLE_HYDRAULICALLY_UNVALIDATED
C_29209,34.159210205078125,1.1845567226409912,2.217993259429932,0,0,2005-07-26T10:45:00,ENGINE_EXECUTABLE_HYDRAULICALLY_UNVALIDATED
C_29210,42.13677597045898,1.3027794361114502,2.5293502807617188,0,0,2005-07-26T10:45:00,ENGINE_EXECUTABLE_HYDRAULICALLY_UNVALIDATED
C_29211,20.818262100219727,1.1363518238067627,1.8471300601959229,0,0,2005-07-26T10:45:00,ENGINE_EXECUTABLE_HYDRAULICALLY_UNVALIDATED
C_29212,34.85525131225586,1.5065889358520508,2.157912492752075,0,0,2005-07-26T10:45:00,ENGINE_EXECUTABLE_HYDRAULICALLY_UNVALIDATED
C_29213,12.644503593444824,2.4851036071777344,1.1833858489990234,0,0,2005-07-26T10:45:00,ENGINE_EXECUTABLE_HYDRAULICALLY_UNVALIDATED
C_29214,26.80559539794922,3.7869679927825928,1.5727980136871338,30,0,2005-07-26T10:45:00,ENGINE_EXECUTABLE_HYDRAULICALLY_UNVALIDATED
C_29215,13.126117706298828,2.6788909435272217,1.1394975185394287,0,0,2005-07-26T10:45:00,ENGINE_EXECUTABLE_HYDRAULICALLY_UNVALIDATED
C_29216,26.83647346496582,3.844038486480713,1.5512323379516602,0,0,2005-07-26T10:45:00,ENGINE_EXECUTABLE_HYDRAULICALLY_UNVALIDATED
C_29217,20.6137752532959,0.9132021069526672,1.8413246870040891,0,0,2005-07-26T10:45:00,ENGINE_EXECUTABLE_HYDRAULICALLY_UNVALIDATED
C_29218,32.50586700439453,1.244369626045227,2.1517446041107178,0,0,2005-07-26T10:45:00,ENGINE_EXECUTABLE_HYDRAULICALLY_UNVALIDATED
C_29219,8.442740440368652,0.6452624797821045,1.8334585428237915,0,0,2005-07-26T11:00:00,ENGINE_EXECUTABLE_HYDRAULICALLY_UNVALIDATED
C_29220,7.51915979385376,0.4924980103969574,2.143698215484619,0,0,2005-07-26T11:00:00,ENGINE_EXECUTABLE_HYDRAULICALLY_UNVALIDATED
C_29221,13.89296054840088,1.6046990156173706,1.868620753288269,0,0,2005-07-26T10:45:00,ENGINE_EXECUTABLE_HYDRAULICALLY_UNVALIDATED
C_29222,7.220359802246094,0.8125634789466858,2.106173038482666,0,0,2005-07-26T10:45:00,ENGINE_EXECUTABLE_HYDRAULICALLY_UNVALIDATED
C_29223,11.75771141052246,2.283561944961548,1.240442156791687,0,0,2005-07-26T10:45:00,ENGINE_EXECUTABLE_HYDRAULICALLY_UNVALIDATED
C_29224,26.80394554138184,4.113100051879883,1.4479999542236328,60,45,2005-07-26T10:45:00,ENGINE_EXECUTABLE_HYDRAULICALLY_UNVALIDATED
C_29225,10.972952842712402,2.09658145904541,1.345600962638855,0,0,2005-07-26T10:30:00,ENGINE_EXECUTABLE_HYDRAULICALLY_UNVALIDATED
C_29226,26.04891586303711,3.6471352577209473,1.587000012397766,60,60,2005-07-26T10:45:00,ENGINE_EXECUTABLE_HYDRAULICALLY_UNVALIDATED
C_29227,11.548007011413574,2.1715781688690186,1.302670955657959,0,0,2005-07-26T10:45:00,ENGINE_EXECUTABLE_HYDRAULICALLY_UNVALIDATED
C_29228,26.80241203308105,4.029383182525635,1.4780000448226929,60,60,2005-07-26T10:45:00,ENGINE_EXECUTABLE_HYDRAULICALLY_UNVALIDATED
C_29229,11.58264446258545,2.082857608795166,1.362138271331787,0,0,2005-07-26T10:30:00,ENGINE_EXECUTABLE_HYDRAULICALLY_UNVALIDATED
C_29230,26.0511531829834,3.626879930496216,1.5959999561309814,60,60,2005-07-26T10:45:00,ENGINE_EXECUTABLE_HYDRAULICALLY_UNVALIDATED
C_29231,12.461251258850098,2.175194025039673,1.3148059844970703,0,0,2005-07-26T10:30:00,ENGINE_EXECUTABLE_HYDRAULICALLY_UNVALIDATED
C_29232,26.048343658447266,3.410651922225952,1.6970000267028809,60,60,2005-07-26T10:45:00,ENGINE_EXECUTABLE_HYDRAULICALLY_UNVALIDATED
C_29233,12.141860008239746,2.044522523880005,1.3773136138916016,0,0,2005-07-26T10:30:00,ENGINE_EXECUTABLE_HYDRAULICALLY_UNVALIDATED
C_29234,25.28911781311035,2.7983956336975098,2.007999897003174,60,45,2005-07-26T10:45:00,ENGINE_EXECUTABLE_HYDRAULICALLY_UNVALIDATED
C_29235,10.842910766601562,1.971675157546997,1.3451586961746216,0,0,2005-07-26T10:45:00,ENGINE_EXECUTABLE_HYDRAULICALLY_UNVALIDATED
C_29236,25.28916931152344,3.148005485534668,1.784999966621399,60,60,2005-07-26T10:45:00,ENGINE_EXECUTABLE_HYDRAULICALLY_UNVALIDATED
C_29239,8.455731391906738,0.6170296669006348,1.8144118785858157,0,0,2005-07-26T11:00:00,ENGINE_EXECUTABLE_HYDRAULICALLY_UNVALIDATED
C_29240,7.394764900207519,0.5220224857330322,2.123325824737549,0,0,2005-07-26T11:00:00,ENGINE_EXECUTABLE_HYDRAULICALLY_UNVALIDATED
C_29241,9.166316032409668,0.6102095246315002,1.7890106439590454,0,0,2005-07-26T11:00:00,ENGINE_EXECUTABLE_HYDRAULICALLY_UNVALIDATED
C_29242,6.237218856811523,0.4584658741950989,2.102795362472534,0,0,2005-07-26T11:00:00,ENGINE_EXECUTABLE_HYDRAULICALLY_UNVALIDATED
C_29243,8.91202449798584,0.6056489944458008,1.7587217092514038,0,0,2005-07-26T10:45:00,ENGINE_EXECUTABLE_HYDRAULICALLY_UNVALIDATED
C_29244,6.191299915313721,0.4545944631099701,2.084989070892334,0,0,2005-07-26T11:00:00,ENGINE_EXECUTABLE_HYDRAULICALLY_UNVALIDATED
C_29245,7.880223274230957,0.5767050981521606,1.7403591871261597,0,0,2005-07-26T11:00:00,ENGINE_EXECUTABLE_HYDRAULICALLY_UNVALIDATED
C_29246,5.973095417022705,0.4478204548358917,2.0588386058807373,0,0,2005-07-26T11:00:00,ENGINE_EXECUTABLE_HYDRAULICALLY_UNVALIDATED
C_29247,7.292235374450684,0.5476440191268921,1.7076640129089355,0,0,2005-07-26T11:00:00,ENGINE_EXECUTABLE_HYDRAULICALLY_UNVALIDATED
C_29248,5.7969970703125,0.4414420127868652,2.0226619243621826,0,0,2005-07-26T11:00:00,ENGINE_EXECUTABLE_HYDRAULICALLY_UNVALIDATED
C_29251,7.087096691131592,0.5176041126251221,1.6723568439483645,0,0,2005-07-26T11:00:00,ENGINE_EXECUTABLE_HYDRAULICALLY_UNVALIDATED
C_29252,5.776410102844238,0.461789071559906,1.9890966415405276,0,0,2005-07-26T11:00:00,ENGINE_EXECUTABLE_HYDRAULICALLY_UNVALIDATED
C_29253,6.802371501922607,0.5190912485122681,1.6560600996017456,0,0,2005-07-26T10:45:00,ENGINE_EXECUTABLE_HYDRAULICALLY_UNVALIDATED
C_29254,5.197554588317871,0.4379197657108307,1.9611856937408447,0,0,2005-07-26T11:00:00,ENGINE_EXECUTABLE_HYDRAULICALLY_UNVALIDATED
C_29255,6.2607245445251465,0.6452546119689941,1.5897011756896973,0,0,2005-07-26T11:00:00,ENGINE_EXECUTABLE_HYDRAULICALLY_UNVALIDATED
C_29256,5.029933929443359,0.5756681561470032,1.8878512382507324,0,0,2005-07-26T11:00:00,ENGINE_EXECUTABLE_HYDRAULICALLY_UNVALIDATED
C_29257,6.930250644683838,0.7005354166030884,1.6077756881713867,0,0,2005-07-26T11:00:00,ENGINE_EXECUTABLE_HYDRAULICALLY_UNVALIDATED
C_29258,4.993124961853027,0.5907829999923706,1.9089199304580688,0,0,2005-07-26T11:00:00,ENGINE_EXECUTABLE_HYDRAULICALLY_UNVALIDATED
C_29259,6.534170150756836,0.5237520933151245,1.6317733526229858,0,0,2005-07-26T11:00:00,ENGINE_EXECUTABLE_HYDRAULICALLY_UNVALIDATED
C_29260,5.050744533538818,0.4453342258930206,1.9339797496795652,0,0,2005-07-26T11:00:00,ENGINE_EXECUTABLE_HYDRAULICALLY_UNVALIDATED
C_29265,1.5004160404205322,0.6976439952850342,0.4481039047241211,0,0,2005-07-26T10:45:00,ENGINE_EXECUTABLE_HYDRAULICALLY_UNVALIDATED
C_29266,1.4997140169143677,0.6668464541435242,0.4419642388820648,0,0,2005-07-26T10:45:00,ENGINE_EXECUTABLE_HYDRAULICALLY_UNVALIDATED
C_29267,1.4986408948898315,0.659985363483429,0.4266990423202514,0,0,2005-07-26T10:45:00,ENGINE_EXECUTABLE_HYDRAULICALLY_UNVALIDATED
C_29274,1.4970487356185913,0.7712547183036804,0.3881680369377136,0,0,2005-07-26T10:45:00,ENGINE_EXECUTABLE_HYDRAULICALLY_UNVALIDATED
C_29275,1.4952763319015503,0.8521223664283752,0.3381329476833343,0,0,2005-07-26T10:45:00,ENGINE_EXECUTABLE_HYDRAULICALLY_UNVALIDATED
C_29276,1.4924261569976809,0.3349818587303161,0.3181963264942169,0,0,2005-07-26T10:45:00,ENGINE_EXECUTABLE_HYDRAULICALLY_UNVALIDATED
C_29278,1.4873415231704712,0.3411389291286468,0.3115341067314148,0,0,2005-07-26T10:45:00,ENGINE_EXECUTABLE_HYDRAULICALLY_UNVALIDATED
C_29279,1.4793386459350586,0.3390102684497833,0.3133602142333984,0,0,2005-07-26T10:45:00,ENGINE_EXECUTABLE_HYDRAULICALLY_UNVALIDATED
C_29301,1.4695054292678833,0.3397716581821441,0.3123349547386169,0,0,2005-07-26T10:45:00,ENGINE_EXECUTABLE_HYDRAULICALLY_UNVALIDATED
C_29302,1.458749294281006,0.34085214138031,0.3108358979225158,0,0,2005-07-26T10:45:00,ENGINE_EXECUTABLE_HYDRAULICALLY_UNVALIDATED
C_29303,1.447364330291748,0.3444742560386657,0.3069661557674408,0,0,2005-07-26T10:45:00,ENGINE_EXECUTABLE_HYDRAULICALLY_UNVALIDATED
C_29318,1.4358125925064087,0.348143070936203,0.303060919046402,0,0,2005-07-26T10:45:00,ENGINE_EXECUTABLE_HYDRAULICALLY_UNVALIDATED
C_29319,1.426087498664856,0.3464545309543609,0.3037413358688354,0,0,2005-07-26T10:45:00,ENGINE_EXECUTABLE_HYDRAULICALLY_UNVALIDATED
C_29320,1.4215261936187744,0.3444645404815674,0.3043310344219208,0,0,2005-07-26T11:00:00,ENGINE_EXECUTABLE_HYDRAULICALLY_UNVALIDATED
C_29321,1.4273768663406372,0.3485863208770752,0.2990526854991913,0,0,2005-07-26T11:00:00,ENGINE_EXECUTABLE_HYDRAULICALLY_UNVALIDATED
C_29340,1.4315166473388672,0.3544669151306152,0.2924400866031647,0,0,2005-07-26T11:00:00,ENGINE_EXECUTABLE_HYDRAULICALLY_UNVALIDATED
C_29341,1.4341260194778442,0.3587431311607361,0.2874540686607361,0,0,2005-07-26T11:00:00,ENGINE_EXECUTABLE_HYDRAULICALLY_UNVALIDATED
C_29342,1.435252666473389,0.3571940064430237,0.2874938547611236,0,0,2005-07-26T11:00:00,ENGINE_EXECUTABLE_HYDRAULICALLY_UNVALIDATED
C_29343,1.4361765384674072,0.3550594449043274,0.2888885736465454,0,0,2005-07-26T11:00:00,ENGINE_EXECUTABLE_HYDRAULICALLY_UNVALIDATED
C_29346,11.647775650024414,2.14327335357666,1.294810771942139,0,0,2005-07-26T10:45:00,ENGINE_EXECUTABLE_HYDRAULICALLY_UNVALIDATED
C_29347,25.2917594909668,3.0327930450439453,1.8530000448226929,60,60,2005-07-26T10:45:00,ENGINE_EXECUTABLE_HYDRAULICALLY_UNVALIDATED
C_29348,11.051081657409668,2.107292413711548,1.238733172416687,0,0,2005-07-26T10:45:00,ENGINE_EXECUTABLE_HYDRAULICALLY_UNVALIDATED
C_29349,25.28939437866211,2.942010402679444,1.909999966621399,60,60,2005-07-26T10:45:00,ENGINE_EXECUTABLE_HYDRAULICALLY_UNVALIDATED
C_29350,11.107866287231444,2.2598636150360107,1.1628129482269287,0,0,2005-07-26T10:45:00,ENGINE_EXECUTABLE_HYDRAULICALLY_UNVALIDATED
C_29351,25.28721809387207,3.08214807510376,1.8229999542236328,60,60,2005-07-26T10:45:00,ENGINE_EXECUTABLE_HYDRAULICALLY_UNVALIDATED
C_29352,10.576294898986816,2.726513147354126,1.124342441558838,0,0,2005-07-26T10:30:00,ENGINE_EXECUTABLE_HYDRAULICALLY_UNVALIDATED
C_29353,24.53065490722656,3.3595292568206787,2.0859999656677246,60,60,2005-07-26T10:45:00,ENGINE_EXECUTABLE_HYDRAULICALLY_UNVALIDATED
C_29354,10.518463134765623,2.6807923316955566,1.1250319480895996,0,0,2005-07-26T10:45:00,ENGINE_EXECUTABLE_HYDRAULICALLY_UNVALIDATED
C_29355,24.531055450439453,3.3387768268585205,2.0989999771118164,60,60,2005-07-26T10:45:00,ENGINE_EXECUTABLE_HYDRAULICALLY_UNVALIDATED
C_29356,10.710593223571776,2.824676275253296,1.1371842622756958,0,0,2005-07-26T10:45:00,ENGINE_EXECUTABLE_HYDRAULICALLY_UNVALIDATED
C_29357,25.28681945800781,3.849586009979248,1.9700000286102293,60,60,2005-07-26T10:45:00,ENGINE_EXECUTABLE_HYDRAULICALLY_UNVALIDATED
C_29358,10.830965995788574,2.109687328338623,1.1407440900802612,0,0,2005-07-26T10:45:00,ENGINE_EXECUTABLE_HYDRAULICALLY_UNVALIDATED
C_29359,25.28855323791504,2.581099033355713,2.177000045776367,30,30,2005-07-26T10:45:00,ENGINE_EXECUTABLE_HYDRAULICALLY_UNVALIDATED
C_29360,10.944280624389648,2.224433660507202,1.1265158653259275,0,0,2005-07-26T10:45:00,ENGINE_EXECUTABLE_HYDRAULICALLY_UNVALIDATED
C_29361,25.2891845703125,3.090865135192871,1.8179999589920044,60,60,2005-07-26T10:45:00,ENGINE_EXECUTABLE_HYDRAULICALLY_UNVALIDATED
C_29362,10.826037406921388,4.457889080047607,0.6937833428382874,0,0,2005-07-26T10:45:00,ENGINE_EXECUTABLE_HYDRAULICALLY_UNVALIDATED
C_29363,23.0046443939209,4.623530864715576,2.193000078201294,15,15,2005-07-26T10:45:00,ENGINE_EXECUTABLE_HYDRAULICALLY_UNVALIDATED
C_29364,10.69978141784668,3.995206117630005,0.7697546482086182,0,0,2005-07-26T10:45:00,ENGINE_EXECUTABLE_HYDRAULICALLY_UNVALIDATED
C_29365,23.011964797973636,4.049628734588623,2.193000078201294,30,30,2005-07-26T10:45:00,ENGINE_EXECUTABLE_HYDRAULICALLY_UNVALIDATED
C_29366,10.780854225158691,2.7556278705596924,1.1242859363555908,0,0,2005-07-26T10:30:00,ENGINE_EXECUTABLE_HYDRAULICALLY_UNVALIDATED
C_29367,24.53011512756348,3.2087106704711914,2.184000015258789,30,30,2005-07-26T10:45:00,ENGINE_EXECUTABLE_HYDRAULICALLY_UNVALIDATED
C_29368,10.760153770446776,3.107614040374756,1.0003995895385742,0,0,2005-07-26T10:45:00,ENGINE_EXECUTABLE_HYDRAULICALLY_UNVALIDATED
C_29369,23.771804809570312,3.29030442237854,2.063999891281128,30,30,2005-07-26T10:45:00,ENGINE_EXECUTABLE_HYDRAULICALLY_UNVALIDATED
C_29370,10.879547119140623,3.1541085243225098,0.985411822795868,0,0,2005-07-26T10:45:00,ENGINE_EXECUTABLE_HYDRAULICALLY_UNVALIDATED
C_29371,23.58552360534668,3.779031276702881,2.169531345367432,0,0,2005-07-26T10:30:00,ENGINE_EXECUTABLE_HYDRAULICALLY_UNVALIDATED
C_29372,11.20414924621582,3.2157599925994877,0.9953569769859314,0,0,2005-07-26T10:45:00,ENGINE_EXECUTABLE_HYDRAULICALLY_UNVALIDATED
C_29373,20.50376892089844,3.5930020809173584,2.1150693893432617,0,0,2005-07-26T10:45:00,ENGINE_EXECUTABLE_HYDRAULICALLY_UNVALIDATED
C_29374,11.043424606323242,3.1816134452819824,0.991607904434204,0,0,2005-07-26T10:45:00,ENGINE_EXECUTABLE_HYDRAULICALLY_UNVALIDATED
C_29375,20.76317977905273,3.538671493530273,2.045400619506836,0,0,2005-07-26T10:45:00,ENGINE_EXECUTABLE_HYDRAULICALLY_UNVALIDATED
C_29376,2.531177520751953,0.3336377739906311,1.341179370880127,0,0,2005-07-26T11:00:00,ENGINE_EXECUTABLE_HYDRAULICALLY_UNVALIDATED
C_29377,2.3472020626068115,0.4105806052684784,1.588297724723816,0,0,2005-07-26T10:15:00,ENGINE_EXECUTABLE_HYDRAULICALLY_UNVALIDATED
C_29378,10.583924293518066,3.169888734817505,0.9647873640060424,0,0,2005-07-26T10:30:00,ENGINE_EXECUTABLE_HYDRAULICALLY_UNVALIDATED
C_29379,21.279541015625,3.709876298904419,1.8272467851638796,0,0,2005-07-26T10:45:00,ENGINE_EXECUTABLE_HYDRAULICALLY_UNVALIDATED
C_29380,9.72923469543457,3.3485939502716064,0.8473193049430847,0,0,2005-07-26T10:30:00,ENGINE_EXECUTABLE_HYDRAULICALLY_UNVALIDATED
C_29381,20.394994735717773,4.01952075958252,1.552574634552002,0,0,2005-07-26T10:45:00,ENGINE_EXECUTABLE_HYDRAULICALLY_UNVALIDATED
C_29382,8.526357650756836,3.4592862129211426,0.7120753526687622,0,0,2005-07-26T10:45:00,ENGINE_EXECUTABLE_HYDRAULICALLY_UNVALIDATED
C_29383,19.88529586791992,4.368865013122559,1.3598017692565918,0,0,2005-07-26T10:45:00,ENGINE_EXECUTABLE_HYDRAULICALLY_UNVALIDATED
C_29384,7.729039192199707,3.378806829452514,0.5720487236976624,0,0,2005-07-26T10:45:00,ENGINE_EXECUTABLE_HYDRAULICALLY_UNVALIDATED
C_29385,20.289844512939453,4.421984672546387,1.175300359725952,0,0,2005-07-26T10:45:00,ENGINE_EXECUTABLE_HYDRAULICALLY_UNVALIDATED
C_29386,7.6828293800354,4.120950222015381,0.4660317301750183,0,0,2005-07-26T10:45:00,ENGINE_EXECUTABLE_HYDRAULICALLY_UNVALIDATED
C_29387,18.373933792114254,4.674943923950195,1.00129497051239,0,0,2005-07-26T10:45:00,ENGINE_EXECUTABLE_HYDRAULICALLY_UNVALIDATED
C_29388,9.641439437866213,4.28460693359375,1.5,240,240,2005-07-26T09:45:00,ENGINE_EXECUTABLE_HYDRAULICALLY_UNVALIDATED
C_29389,9.069134712219238,4.030277729034424,1.5,240,240,2005-07-26T09:45:00,ENGINE_EXECUTABLE_HYDRAULICALLY_UNVALIDATED
C_29390,7.634226322174072,3.3926117420196533,1.5,390,390,2005-07-26T09:45:00,ENGINE_EXECUTABLE_HYDRAULICALLY_UNVALIDATED
C_29391,8.78117561340332,3.902310371398926,1.5,300,300,2005-07-26T09:45:00,ENGINE_EXECUTABLE_HYDRAULICALLY_UNVALIDATED
C_29392,3.84786868095398,0.5634352564811707,1.4958126544952393,0,0,2005-07-26T11:00:00,ENGINE_EXECUTABLE_HYDRAULICALLY_UNVALIDATED
C_29393,2.711977958679199,0.4617059528827667,1.790485143661499,0,0,2005-07-26T10:15:00,ENGINE_EXECUTABLE_HYDRAULICALLY_UNVALIDATED
C_29394,3.8016631603240967,0.5057789087295532,1.4814540147781372,0,0,2005-07-26T11:00:00,ENGINE_EXECUTABLE_HYDRAULICALLY_UNVALIDATED
C_29395,2.7052900791168213,0.4216173887252807,1.779274582862854,0,0,2005-07-26T10:15:00,ENGINE_EXECUTABLE_HYDRAULICALLY_UNVALIDATED
C_29396,5.338929176330566,0.5480246543884277,1.4989999532699585,15,15,2005-07-26T11:00:00,ENGINE_EXECUTABLE_HYDRAULICALLY_UNVALIDATED
C_29397,3.7655513286590576,0.4488105177879333,1.4989999532699585,45,45,2005-07-26T11:00:00,ENGINE_EXECUTABLE_HYDRAULICALLY_UNVALIDATED
C_29398,3.7382149696350098,0.6777099370956421,1.4591838121414185,0,0,2005-07-26T11:00:00,ENGINE_EXECUTABLE_HYDRAULICALLY_UNVALIDATED
C_29399,2.749428033828736,0.5904011726379395,1.752484679222107,0,0,2005-07-26T10:15:00,ENGINE_EXECUTABLE_HYDRAULICALLY_UNVALIDATED
C_29400,2.29832124710083,0.3340928256511688,1.2778573036193848,0,0,2005-07-26T11:00:00,ENGINE_EXECUTABLE_HYDRAULICALLY_UNVALIDATED
C_29401,2.065927028656006,0.3968577086925506,1.527200698852539,0,0,2005-07-26T10:15:00,ENGINE_EXECUTABLE_HYDRAULICALLY_UNVALIDATED
C_29402,3.2189643383026123,0.3948743939399719,1.3751637935638428,0,0,2005-07-26T11:00:00,ENGINE_EXECUTABLE_HYDRAULICALLY_UNVALIDATED
C_29403,2.501964807510376,0.4198676645755768,1.6208661794662476,0,0,2005-07-26T10:15:00,ENGINE_EXECUTABLE_HYDRAULICALLY_UNVALIDATED
C_29404,3.2699191570281982,0.6012590527534485,1.412868857383728,0,0,2005-07-26T11:00:00,ENGINE_EXECUTABLE_HYDRAULICALLY_UNVALIDATED
C_29405,2.660222053527832,0.6291630268096924,1.679412841796875,0,0,2005-07-26T10:15:00,ENGINE_EXECUTABLE_HYDRAULICALLY_UNVALIDATED
C_29406,8.08524227142334,3.100846767425537,0.6517850756645203,0,0,2005-07-26T10:30:00,ENGINE_EXECUTABLE_HYDRAULICALLY_UNVALIDATED
C_29407,18.87484169006348,3.937409400939941,1.2090656757354736,0,0,2005-07-26T10:45:00,ENGINE_EXECUTABLE_HYDRAULICALLY_UNVALIDATED
C_29408,7.708479881286621,2.454041719436645,0.796894371509552,0,0,2005-07-26T10:45:00,ENGINE_EXECUTABLE_HYDRAULICALLY_UNVALIDATED
C_29409,19.25463104248047,3.4083292484283447,1.4246790409088137,0,0,2005-07-26T10:45:00,ENGINE_EXECUTABLE_HYDRAULICALLY_UNVALIDATED
C_29410,7.726498603820801,2.364980459213257,0.8223822116851807,0,0,2005-07-26T10:45:00,ENGINE_EXECUTABLE_HYDRAULICALLY_UNVALIDATED
C_29411,18.567934036254883,3.18792724609375,1.4651681184768677,0,0,2005-07-26T10:30:00,ENGINE_EXECUTABLE_HYDRAULICALLY_UNVALIDATED
C_29412,7.692734241485596,2.1588404178619385,0.890741765499115,0,0,2005-07-26T10:45:00,ENGINE_EXECUTABLE_HYDRAULICALLY_UNVALIDATED
C_29413,17.291261672973633,2.7232484817504883,1.589800477027893,0,0,2005-07-26T10:45:00,ENGINE_EXECUTABLE_HYDRAULICALLY_UNVALIDATED
C_29414,5.270040512084961,0.5530040264129639,1.5386829376220703,0,0,2005-07-26T11:00:00,ENGINE_EXECUTABLE_HYDRAULICALLY_UNVALIDATED
C_29415,3.690671920776367,0.4229500889778137,1.593999981880188,45,45,2005-07-26T11:00:00,ENGINE_EXECUTABLE_HYDRAULICALLY_UNVALIDATED
C_29416,6.034060955047607,0.6086288094520569,1.558577299118042,15,0,2005-07-26T11:00:00,ENGINE_EXECUTABLE_HYDRAULICALLY_UNVALIDATED
C_29417,3.764066457748413,0.428476333618164,1.5609999895095823,45,45,2005-07-26T11:15:00,ENGINE_EXECUTABLE_HYDRAULICALLY_UNVALIDATED
C_29418,5.934969425201416,0.6216402053833008,1.524999976158142,15,15,2005-07-26T11:00:00,ENGINE_EXECUTABLE_HYDRAULICALLY_UNVALIDATED
C_29419,4.377397060394287,0.4911815524101257,1.524999976158142,45,45,2005-07-26T11:15:00,ENGINE_EXECUTABLE_HYDRAULICALLY_UNVALIDATED
C_29420,5.761357307434082,0.6444392800331116,1.5758860111236572,0,0,2005-07-26T11:00:00,ENGINE_EXECUTABLE_HYDRAULICALLY_UNVALIDATED
C_29421,4.945925712585449,0.5621857047080994,1.6330000162124634,45,30,2005-07-26T11:00:00,ENGINE_EXECUTABLE_HYDRAULICALLY_UNVALIDATED
C_29422,0.9003593325614929,0.1371819674968719,1.499441385269165,0,0,2005-07-26T11:00:00,ENGINE_EXECUTABLE_HYDRAULICALLY_UNVALIDATED
C_29423,3.0481600761413574,0.6211453676223755,1.6030000448226929,15,15,2005-07-26T10:45:00,ENGINE_EXECUTABLE_HYDRAULICALLY_UNVALIDATED
C_29424,5.254572868347168,0.5528607964515686,1.5139368772506714,0,0,2005-07-26T10:45:00,ENGINE_EXECUTABLE_HYDRAULICALLY_UNVALIDATED
C_29425,3.724271774291992,0.4394010901451111,1.621000051498413,15,15,2005-07-26T11:00:00,ENGINE_EXECUTABLE_HYDRAULICALLY_UNVALIDATED
C_29426,0.8975049257278442,0.1560933738946914,1.487041473388672,0,0,2005-07-26T11:00:00,ENGINE_EXECUTABLE_HYDRAULICALLY_UNVALIDATED
C_29427,3.0493004322052,0.6380957365036011,1.6109999418258667,15,15,2005-07-26T10:45:00,ENGINE_EXECUTABLE_HYDRAULICALLY_UNVALIDATED
C_29428,0.8401111364364624,0.1819748878479004,1.4359999895095823,15,15,2005-07-26T11:00:00,ENGINE_EXECUTABLE_HYDRAULICALLY_UNVALIDATED
C_29429,3.054972887039185,0.6326216459274292,1.4359999895095823,45,45,2005-07-26T10:45:00,ENGINE_EXECUTABLE_HYDRAULICALLY_UNVALIDATED
C_29430,0.1638329774141311,0.0552990362048149,1.4049999713897705,15,15,2005-07-26T10:30:00,ENGINE_EXECUTABLE_HYDRAULICALLY_UNVALIDATED
C_29431,3.054995059967041,0.6102655529975891,1.4049999713897705,45,45,2005-07-26T10:45:00,ENGINE_EXECUTABLE_HYDRAULICALLY_UNVALIDATED
C_29432,0.1656640917062759,0.0480742305517196,1.42978835105896,0,0,2005-07-26T10:30:00,ENGINE_EXECUTABLE_HYDRAULICALLY_UNVALIDATED
C_29433,2.292524576187134,0.4683969914913177,1.468000054359436,45,45,2005-07-26T10:45:00,ENGINE_EXECUTABLE_HYDRAULICALLY_UNVALIDATED
C_29434,2.1770119667053223,0.4076867997646332,1.1992470026016235,0,0,2005-07-26T11:00:00,ENGINE_EXECUTABLE_HYDRAULICALLY_UNVALIDATED
C_29435,1.7225213050842283,0.3860189616680145,1.4469621181488037,0,0,2005-07-26T10:15:00,ENGINE_EXECUTABLE_HYDRAULICALLY_UNVALIDATED
C_29436,0.8410892486572266,0.2108237892389297,1.124740719795227,0,0,2005-07-26T11:15:00,ENGINE_EXECUTABLE_HYDRAULICALLY_UNVALIDATED
C_29437,1.446463942527771,0.3921962082386017,1.3684533834457395,0,0,2005-07-26T10:15:00,ENGINE_EXECUTABLE_HYDRAULICALLY_UNVALIDATED
C_29438,6.906977653503418,1.8363367319107056,0.9402154088020324,0,0,2005-07-26T10:45:00,ENGINE_EXECUTABLE_HYDRAULICALLY_UNVALIDATED
C_29439,16.565780639648438,2.491713285446167,1.6734404563903809,0,0,2005-07-26T10:30:00,ENGINE_EXECUTABLE_HYDRAULICALLY_UNVALIDATED
C_29440,6.93412446975708,1.8136966228485107,0.9556934833526612,0,0,2005-07-26T10:45:00,ENGINE_EXECUTABLE_HYDRAULICALLY_UNVALIDATED
C_29441,16.864545822143555,2.516395568847656,1.7035377025604248,0,0,2005-07-26T10:45:00,ENGINE_EXECUTABLE_HYDRAULICALLY_UNVALIDATED
C_29442,6.1376800537109375,1.5419988632202148,0.9949741959571838,0,0,2005-07-26T10:45:00,ENGINE_EXECUTABLE_HYDRAULICALLY_UNVALIDATED
C_29443,16.598236083984375,2.3740007877349854,1.776302933692932,0,0,2005-07-26T10:45:00,ENGINE_EXECUTABLE_HYDRAULICALLY_UNVALIDATED
C_29444,0.1790632605552673,0.0456389300525188,1.1610000133514404,45,45,2005-07-26T10:30:00,ENGINE_EXECUTABLE_HYDRAULICALLY_UNVALIDATED
C_29445,2.291630268096924,0.4658194780349731,1.1610000133514404,60,45,2005-07-26T10:45:00,ENGINE_EXECUTABLE_HYDRAULICALLY_UNVALIDATED
C_29446,0.0886440202593803,0.0356810949742794,1.4312593936920166,0,0,2005-07-26T10:30:00,ENGINE_EXECUTABLE_HYDRAULICALLY_UNVALIDATED
C_29447,2.380787849426269,0.4663922190666199,1.4980000257492063,30,15,2005-07-26T10:30:00,ENGINE_EXECUTABLE_HYDRAULICALLY_UNVALIDATED
C_29448,0.0383806340396404,0.0360919274389743,1.421056628227234,0,0,2005-07-26T10:30:00,ENGINE_EXECUTABLE_HYDRAULICALLY_UNVALIDATED
C_29449,2.3647289276123047,0.4800845384597778,1.503000020980835,15,15,2005-07-26T10:30:00,ENGINE_EXECUTABLE_HYDRAULICALLY_UNVALIDATED
C_29450,5.30888557434082,1.3250712156295776,1.0015110969543457,0,0,2005-07-26T10:45:00,ENGINE_EXECUTABLE_HYDRAULICALLY_UNVALIDATED
C_29451,16.73178482055664,2.2975006103515625,1.8204480409622192,0,0,2005-07-26T10:30:00,ENGINE_EXECUTABLE_HYDRAULICALLY_UNVALIDATED
C_29452,0.5683279037475586,0.1663290858268737,1.044487476348877,0,0,2005-07-26T10:15:00,ENGINE_EXECUTABLE_HYDRAULICALLY_UNVALIDATED
C_29453,1.086253046989441,0.3817386031150818,1.2745543718338013,0,0,2005-07-26T10:15:00,ENGINE_EXECUTABLE_HYDRAULICALLY_UNVALIDATED
C_29454,5.347110748291016,1.3491179943084717,0.990742802619934,0,0,2005-07-26T10:45:00,ENGINE_EXECUTABLE_HYDRAULICALLY_UNVALIDATED
C_29455,15.946053504943848,2.1441755294799805,1.8590219020843504,0,0,2005-07-26T10:30:00,ENGINE_EXECUTABLE_HYDRAULICALLY_UNVALIDATED
C_29456,5.343323707580566,1.3585407733917236,0.9831741452217102,0,0,2005-07-26T10:45:00,ENGINE_EXECUTABLE_HYDRAULICALLY_UNVALIDATED
C_29457,15.88246250152588,2.102994918823242,1.887866497039795,0,0,2005-07-26T10:30:00,ENGINE_EXECUTABLE_HYDRAULICALLY_UNVALIDATED
C_29458,5.326879978179932,1.3613470792770386,0.9781279563903807,0,0,2005-07-26T10:45:00,ENGINE_EXECUTABLE_HYDRAULICALLY_UNVALIDATED
C_29459,15.288363456726074,2.006568193435669,1.9160137176513672,0,0,2005-07-26T10:45:00,ENGINE_EXECUTABLE_HYDRAULICALLY_UNVALIDATED
C_29460,0.2513567507266998,0.0979013442993164,0.9509376287460328,0,0,2005-07-26T10:15:00,ENGINE_EXECUTABLE_HYDRAULICALLY_UNVALIDATED
C_29461,0.629390299320221,0.3194467723369598,1.171629548072815,0,0,2005-07-26T10:15:00,ENGINE_EXECUTABLE_HYDRAULICALLY_UNVALIDATED
C_29462,0.0501083619892597,0.0746732875704765,0.8909780979156494,0,0,2005-07-26T10:15:00,ENGINE_EXECUTABLE_HYDRAULICALLY_UNVALIDATED
C_29463,0.1333934813737869,0.0899048745632171,1.107560396194458,0,0,2005-07-26T10:15:00,ENGINE_EXECUTABLE_HYDRAULICALLY_UNVALIDATED
C_29464,4.582464694976807,1.1889606714248655,0.9634369611740112,0,0,2005-07-26T10:45:00,ENGINE_EXECUTABLE_HYDRAULICALLY_UNVALIDATED
C_29465,15.120954513549805,1.9732228517532349,1.938076734542847,0,0,2005-07-26T10:30:00,ENGINE_EXECUTABLE_HYDRAULICALLY_UNVALIDATED
C_29466,4.580977439880371,1.2144362926483154,0.942920446395874,0,0,2005-07-26T10:45:00,ENGINE_EXECUTABLE_HYDRAULICALLY_UNVALIDATED
C_29467,14.305545806884766,1.8561722040176392,1.934950351715088,0,0,2005-07-26T10:30:00,ENGINE_EXECUTABLE_HYDRAULICALLY_UNVALIDATED
C_29468,3.810427188873291,1.1731197834014893,0.9247587323188782,0,0,2005-07-26T10:45:00,ENGINE_EXECUTABLE_HYDRAULICALLY_UNVALIDATED
C_29469,14.420984268188477,2.1027114391326904,1.9525959491729736,0,0,2005-07-26T10:30:00,ENGINE_EXECUTABLE_HYDRAULICALLY_UNVALIDATED
C_29470,3.8128178119659424,1.3250129222869873,0.9177830815315248,0,0,2005-07-26T10:45:00,ENGINE_EXECUTABLE_HYDRAULICALLY_UNVALIDATED
C_29471,14.633285522460938,2.31250548362732,2.01824164390564,0,0,2005-07-26T10:30:00,ENGINE_EXECUTABLE_HYDRAULICALLY_UNVALIDATED
C_29472,3.8111393451690674,1.2565851211547852,0.940048336982727,0,0,2005-07-26T10:45:00,ENGINE_EXECUTABLE_HYDRAULICALLY_UNVALIDATED
C_29473,14.780088424682615,2.173836708068848,2.107353448867798,0,0,2005-07-26T10:30:00,ENGINE_EXECUTABLE_HYDRAULICALLY_UNVALIDATED
C_29474,3.811225414276123,1.3882306814193726,0.9910027384757996,0,0,2005-07-26T10:45:00,ENGINE_EXECUTABLE_HYDRAULICALLY_UNVALIDATED
C_29475,14.828736305236816,2.3942360877990723,2.2356770038604736,0,0,2005-07-26T10:30:00,ENGINE_EXECUTABLE_HYDRAULICALLY_UNVALIDATED
C_29476,3.813405513763428,1.2895087003707886,1.0433751344680786,0,0,2005-07-26T10:45:00,ENGINE_EXECUTABLE_HYDRAULICALLY_UNVALIDATED
C_29477,14.599778175354004,2.2138657569885254,2.326734066009521,15,0,2005-07-26T10:30:00,ENGINE_EXECUTABLE_HYDRAULICALLY_UNVALIDATED
C_29478,3.815872192382813,2.1011528968811035,0.9079413414001464,0,0,2005-07-26T10:45:00,ENGINE_EXECUTABLE_HYDRAULICALLY_UNVALIDATED
C_29479,14.537886619567873,3.634067058563232,2.0,105,90,2005-07-26T10:30:00,ENGINE_EXECUTABLE_HYDRAULICALLY_UNVALIDATED
C_29480,3.815808534622192,2.160583972930908,0.8829519152641296,0,0,2005-07-26T10:45:00,ENGINE_EXECUTABLE_HYDRAULICALLY_UNVALIDATED
C_29481,14.527538299560549,3.631480216979981,2.0,60,60,2005-07-26T10:30:00,ENGINE_EXECUTABLE_HYDRAULICALLY_UNVALIDATED
C_29482,3.813854932785034,1.451097011566162,1.1004873514175415,0,0,2005-07-26T10:45:00,ENGINE_EXECUTABLE_HYDRAULICALLY_UNVALIDATED
C_29483,14.788156509399414,2.665521144866944,2.322999954223633,30,30,2005-07-26T10:30:00,ENGINE_EXECUTABLE_HYDRAULICALLY_UNVALIDATED
C_29484,3.813441038131714,1.6243687868118286,1.1921703815460205,0,0,2005-07-26T10:45:00,ENGINE_EXECUTABLE_HYDRAULICALLY_UNVALIDATED
C_29485,14.604135513305664,2.9964468479156494,2.4749999046325684,30,15,2005-07-26T10:45:00,ENGINE_EXECUTABLE_HYDRAULICALLY_UNVALIDATED
C_29486,3.813347578048706,1.483947992324829,1.2503381967544556,0,0,2005-07-26T10:45:00,ENGINE_EXECUTABLE_HYDRAULICALLY_UNVALIDATED
C_29487,14.615385055541992,3.031252145767212,2.345999956130981,60,60,2005-07-26T10:45:00,ENGINE_EXECUTABLE_HYDRAULICALLY_UNVALIDATED
C_29488,3.8152318000793457,2.083252429962158,0.9200435876846312,0,0,2005-07-26T10:45:00,ENGINE_EXECUTABLE_HYDRAULICALLY_UNVALIDATED
C_29489,14.472153663635254,3.617635488510132,2.0,60,60,2005-07-26T10:30:00,ENGINE_EXECUTABLE_HYDRAULICALLY_UNVALIDATED
C_29490,3.814835548400879,1.8098036050796509,1.0581663846969604,0,0,2005-07-26T10:45:00,ENGINE_EXECUTABLE_HYDRAULICALLY_UNVALIDATED
C_29491,14.471570014953612,3.6174895763397217,2.0,60,60,2005-07-26T10:30:00,ENGINE_EXECUTABLE_HYDRAULICALLY_UNVALIDATED
C_29492,3.8154385089874263,2.2213406562805176,0.8600680232048035,0,0,2005-07-26T10:45:00,ENGINE_EXECUTABLE_HYDRAULICALLY_UNVALIDATED
C_29493,14.473418235778809,3.617951631546021,2.0,60,60,2005-07-26T10:30:00,ENGINE_EXECUTABLE_HYDRAULICALLY_UNVALIDATED
C_29494,3.815749168395996,2.18422794342041,0.8733804821968079,0,0,2005-07-26T10:45:00,ENGINE_EXECUTABLE_HYDRAULICALLY_UNVALIDATED
C_29495,14.50194263458252,3.625082015991211,2.0,60,60,2005-07-26T10:30:00,ENGINE_EXECUTABLE_HYDRAULICALLY_UNVALIDATED
C_29496,3.8157224655151367,2.2044365406036377,0.8653680086135864,0,0,2005-07-26T10:45:00,ENGINE_EXECUTABLE_HYDRAULICALLY_UNVALIDATED
C_29497,14.48473834991455,3.620781421661377,2.0,60,60,2005-07-26T10:30:00,ENGINE_EXECUTABLE_HYDRAULICALLY_UNVALIDATED
C_29498,3.815589427947998,2.404704093933105,0.7932711243629456,0,0,2005-07-26T10:45:00,ENGINE_EXECUTABLE_HYDRAULICALLY_UNVALIDATED
C_29499,14.47474479675293,3.618283271789551,2.0,60,60,2005-07-26T10:30:00,ENGINE_EXECUTABLE_HYDRAULICALLY_UNVALIDATED
C_29500,3.8156795501708975,2.2428369522094727,0.8505420684814453,0,0,2005-07-26T10:45:00,ENGINE_EXECUTABLE_HYDRAULICALLY_UNVALIDATED
C_29501,14.478598594665527,3.619246482849121,2.0,60,60,2005-07-26T10:30:00,ENGINE_EXECUTABLE_HYDRAULICALLY_UNVALIDATED
C_29503,0.0450349822640419,0.062695175409317,1.1872586011886597,0,0,2005-07-26T10:15:00,ENGINE_EXECUTABLE_HYDRAULICALLY_UNVALIDATED
C_29504,0.5278092622756958,0.0987167656421661,2.124000072479248,60,60,2005-07-26T10:45:00,ENGINE_EXECUTABLE_HYDRAULICALLY_UNVALIDATED
C_29505,0.0364310331642627,0.0453326925635337,1.069757342338562,0,0,2005-07-26T10:15:00,ENGINE_EXECUTABLE_HYDRAULICALLY_UNVALIDATED
C_29506,0.5269840955734253,0.1196644380688667,2.0390000343322754,60,60,2005-07-26T10:45:00,ENGINE_EXECUTABLE_HYDRAULICALLY_UNVALIDATED
C_29507,0.0314342640340328,0.0634232684969902,1.0087580680847168,0,0,2005-07-26T10:15:00,ENGINE_EXECUTABLE_HYDRAULICALLY_UNVALIDATED
C_29508,0.5252571105957031,0.1508974730968475,1.972000002861023,60,60,2005-07-26T10:45:00,ENGINE_EXECUTABLE_HYDRAULICALLY_UNVALIDATED
C_29509,0.0274904556572437,0.0635119080543518,0.9513094425201416,0,0,2005-07-26T10:15:00,ENGINE_EXECUTABLE_HYDRAULICALLY_UNVALIDATED
C_29510,0.5245385766029358,0.3102601170539856,2.174000024795532,60,45,2005-07-26T10:45:00,ENGINE_EXECUTABLE_HYDRAULICALLY_UNVALIDATED
C_29511,0.0265893284231424,0.0223558079451322,0.7523350715637207,0,0,2005-07-26T10:15:00,ENGINE_EXECUTABLE_HYDRAULICALLY_UNVALIDATED
C_29512,0.5240163803100586,0.1592577993869781,2.174000024795532,30,30,2005-07-26T10:45:00,ENGINE_EXECUTABLE_HYDRAULICALLY_UNVALIDATED
C_29513,0.0244982205331325,0.0381947867572307,0.5002641081809998,0,0,2005-07-26T10:15:00,ENGINE_EXECUTABLE_HYDRAULICALLY_UNVALIDATED
C_29514,0.5346438884735107,0.1562476903200149,1.9700000286102293,30,30,2005-07-26T10:45:00,ENGINE_EXECUTABLE_HYDRAULICALLY_UNVALIDATED
C_29515,0.0153545923531055,0.0627133250236511,0.2968039512634277,0,0,2005-07-26T10:15:00,ENGINE_EXECUTABLE_HYDRAULICALLY_UNVALIDATED
C_29516,0.2379219830036163,0.1349638849496841,2.052309513092041,0,0,2005-07-26T13:45:00,ENGINE_EXECUTABLE_HYDRAULICALLY_UNVALIDATED
C_29521,0.0017246875213459,0.0080056888982653,0.1152696758508682,0,0,2005-07-26T10:30:00,ENGINE_EXECUTABLE_HYDRAULICALLY_UNVALIDATED
C_29522,0.3167798817157745,0.0808237642049789,1.8813990354537964,0,0,2005-07-26T10:30:00,ENGINE_EXECUTABLE_HYDRAULICALLY_UNVALIDATED
C_29523,26.831491470336918,3.112398147583008,2.257999897003174,45,45,2005-07-26T10:45:00,ENGINE_EXECUTABLE_HYDRAULICALLY_UNVALIDATED
C_29524,25.29450416564941,2.738203763961792,2.2929999828338623,45,45,2005-07-26T10:45:00,ENGINE_EXECUTABLE_HYDRAULICALLY_UNVALIDATED
C_29525,22.22734260559082,2.574819326400757,2.318000078201294,45,45,2005-07-26T10:45:00,ENGINE_EXECUTABLE_HYDRAULICALLY_UNVALIDATED
C_29526,1.5188606977462769,2.224661350250244,0.3413309454917907,0,0,2005-07-26T10:45:00,ENGINE_EXECUTABLE_HYDRAULICALLY_UNVALIDATED
C_29527,10.082415580749512,3.223936080932617,1.6229751110076904,0,0,2005-07-26T10:30:00,ENGINE_EXECUTABLE_HYDRAULICALLY_UNVALIDATED
C_29528,0.0,0.0,0.1235366761684417,0,0,2005-07-26T00:15:00,ENGINE_EXECUTABLE_HYDRAULICALLY_UNVALIDATED
C_29529,10.070147514343262,4.73768424987793,1.1528955698013306,0,0,2005-07-26T10:30:00,ENGINE_EXECUTABLE_HYDRAULICALLY_UNVALIDATED
C_29530,1.5188860893249512,2.9210145473480225,0.2599639594554901,0,0,2005-07-26T10:45:00,ENGINE_EXECUTABLE_HYDRAULICALLY_UNVALIDATED
C_29531,10.043787956237791,4.223434448242188,1.3489331007003784,0,0,2005-07-26T10:30:00,ENGINE_EXECUTABLE_HYDRAULICALLY_UNVALIDATED
C_29532,16.094982147216797,2.484163284301758,1.8109999895095823,45,45,2005-07-26T10:45:00,ENGINE_EXECUTABLE_HYDRAULICALLY_UNVALIDATED
C_29533,14.559131622314451,2.473344326019287,1.5390000343322754,45,45,2005-07-26T10:45:00,ENGINE_EXECUTABLE_HYDRAULICALLY_UNVALIDATED
C_29534,19.92613220214844,2.525388479232788,2.2260000705718994,30,30,2005-07-26T10:45:00,ENGINE_EXECUTABLE_HYDRAULICALLY_UNVALIDATED
C_29535,17.629283905029297,2.4646975994110107,2.1040000915527344,30,30,2005-07-26T10:45:00,ENGINE_EXECUTABLE_HYDRAULICALLY_UNVALIDATED
C_29536,4.425591468811035,2.60245418548584,0.8501780033111572,0,0,2005-07-26T10:45:00,ENGINE_EXECUTABLE_HYDRAULICALLY_UNVALIDATED
C_29537,13.08411693572998,4.612226486206055,2.0,30,30,2005-07-26T10:30:00,ENGINE_EXECUTABLE_HYDRAULICALLY_UNVALIDATED
C_29538,3.686314582824707,4.023707866668701,0.4580232799053192,0,0,2005-07-26T10:45:00,ENGINE_EXECUTABLE_HYDRAULICALLY_UNVALIDATED
C_29539,13.041866302490234,5.277711868286133,2.0,30,30,2005-07-26T10:30:00,ENGINE_EXECUTABLE_HYDRAULICALLY_UNVALIDATED
C_29540,3.812770366668701,3.826871395111084,0.4981021583080292,0,0,2005-07-26T10:45:00,ENGINE_EXECUTABLE_HYDRAULICALLY_UNVALIDATED
C_29541,13.020845413208008,3.405380964279175,2.0,45,45,2005-07-26T10:30:00,ENGINE_EXECUTABLE_HYDRAULICALLY_UNVALIDATED
C_29542,1.504360556602478,0.7957853078842163,0.966284990310669,0,0,2005-07-26T10:45:00,ENGINE_EXECUTABLE_HYDRAULICALLY_UNVALIDATED
C_29543,13.174482345581056,3.386380672454834,2.0,30,30,2005-07-26T10:30:00,ENGINE_EXECUTABLE_HYDRAULICALLY_UNVALIDATED
C_29544,3.816042423248291,2.4679267406463623,0.7730411291122437,0,0,2005-07-26T10:45:00,ENGINE_EXECUTABLE_HYDRAULICALLY_UNVALIDATED
C_29545,13.01713752746582,3.2539219856262207,2.0,60,60,2005-07-26T10:30:00,ENGINE_EXECUTABLE_HYDRAULICALLY_UNVALIDATED
C_29546,1.5188275575637815,1.8743577003479004,0.4051143825054168,0,0,2005-07-26T10:45:00,ENGINE_EXECUTABLE_HYDRAULICALLY_UNVALIDATED
C_29547,10.898059844970703,3.0999817848205566,1.766202688217163,0,0,2005-07-26T10:45:00,ENGINE_EXECUTABLE_HYDRAULICALLY_UNVALIDATED
C_29548,1.5188006162643433,2.6113109588623047,0.2907795310020447,0,0,2005-07-26T10:45:00,ENGINE_EXECUTABLE_HYDRAULICALLY_UNVALIDATED
C_29549,10.241571426391602,4.266890525817871,1.32816743850708,0,0,2005-07-26T10:45:00,ENGINE_EXECUTABLE_HYDRAULICALLY_UNVALIDATED
C_29550,1.5187692642211914,2.025310754776001,0.4774666130542755,0,0,2005-07-26T10:45:00,ENGINE_EXECUTABLE_HYDRAULICALLY_UNVALIDATED
C_29551,13.273497581481934,4.667916774749756,1.450035572052002,0,0,2005-07-26T10:30:00,ENGINE_EXECUTABLE_HYDRAULICALLY_UNVALIDATED
C_29557,78.85277557373047,2.00007963180542,3.251513957977295,0,0,2005-07-26T10:45:00,ENGINE_EXECUTABLE_HYDRAULICALLY_UNVALIDATED
C_29558,28.813682556152344,1.872755765914917,2.563999891281128,30,30,2005-07-26T10:45:00,ENGINE_EXECUTABLE_HYDRAULICALLY_UNVALIDATED
C_29559,77.88719177246094,1.3087667226791382,3.198568820953369,0,0,2005-07-26T10:45:00,ENGINE_EXECUTABLE_HYDRAULICALLY_UNVALIDATED
C_29560,50.0326042175293,5.271275043487549,2.108999967575073,60,60,2005-07-26T10:45:00,ENGINE_EXECUTABLE_HYDRAULICALLY_UNVALIDATED
C_29561,49.2568588256836,3.0642099380493164,3.058000087738037,30,30,2005-07-26T10:45:00,ENGINE_EXECUTABLE_HYDRAULICALLY_UNVALIDATED
C_29562,4.755699634552002,0.373540461063385,2.5460000038146973,30,30,2005-07-26T10:45:00,ENGINE_EXECUTABLE_HYDRAULICALLY_UNVALIDATED
C_29563,44.48404312133789,3.705375909805298,2.734999895095825,30,30,2005-07-26T10:45:00,ENGINE_EXECUTABLE_HYDRAULICALLY_UNVALIDATED
C_29564,4.756429672241211,1.0776119232177734,1.996999979019165,60,45,2005-07-26T10:45:00,ENGINE_EXECUTABLE_HYDRAULICALLY_UNVALIDATED
C_29565,8.591797828674316,1.8029460906982424,2.0617358684539795,0,0,2005-07-26T10:45:00,ENGINE_EXECUTABLE_HYDRAULICALLY_UNVALIDATED
C_29566,9.13178539276123,3.0741279125213623,1.3860000371932983,30,30,2005-07-26T10:45:00,ENGINE_EXECUTABLE_HYDRAULICALLY_UNVALIDATED
C_29567,9.13054656982422,3.008533477783203,1.5149999856948853,30,30,2005-07-26T10:45:00,ENGINE_EXECUTABLE_HYDRAULICALLY_UNVALIDATED
C_29568,9.135542869567873,2.826500415802002,1.5360000133514404,45,30,2005-07-26T10:45:00,ENGINE_EXECUTABLE_HYDRAULICALLY_UNVALIDATED
C_29569,9.142951965332031,2.154820442199707,1.5859999656677246,30,30,2005-07-26T10:45:00,ENGINE_EXECUTABLE_HYDRAULICALLY_UNVALIDATED
C_29570,9.256402969360352,2.0848958492279053,2.101999998092652,30,15,2005-07-26T10:45:00,ENGINE_EXECUTABLE_HYDRAULICALLY_UNVALIDATED
C_29571,11.444628715515137,2.6299736499786377,2.221678733825684,0,0,2005-07-26T10:45:00,ENGINE_EXECUTABLE_HYDRAULICALLY_UNVALIDATED
C_29572,11.250130653381348,1.4546836614608765,2.387872695922852,0,0,2005-07-26T10:45:00,ENGINE_EXECUTABLE_HYDRAULICALLY_UNVALIDATED
C_29573,7.777922630310059,2.074513912200928,2.202796459197998,0,0,2005-07-26T10:30:00,ENGINE_EXECUTABLE_HYDRAULICALLY_UNVALIDATED
C_29574,7.135395050048828,1.6034445762634275,2.074439525604248,15,0,2005-07-26T10:30:00,ENGINE_EXECUTABLE_HYDRAULICALLY_UNVALIDATED
C_29575,12.807887077331545,2.2755467891693115,1.9284313917160036,0,0,2005-07-26T10:45:00,ENGINE_EXECUTABLE_HYDRAULICALLY_UNVALIDATED
C_29576,12.226813316345217,1.99593198299408,1.8757027387619016,0,0,2005-07-26T10:45:00,ENGINE_EXECUTABLE_HYDRAULICALLY_UNVALIDATED
C_29577,12.18774700164795,2.025235176086426,1.8427809476852417,0,0,2005-07-26T10:45:00,ENGINE_EXECUTABLE_HYDRAULICALLY_UNVALIDATED
C_29578,12.92177391052246,2.2305328845977783,1.9265769720077517,0,0,2005-07-26T10:45:00,ENGINE_EXECUTABLE_HYDRAULICALLY_UNVALIDATED
C_29579,12.175252914428713,1.9814112186431885,1.8260011672973635,0,0,2005-07-26T10:45:00,ENGINE_EXECUTABLE_HYDRAULICALLY_UNVALIDATED
C_29580,12.977715492248535,2.228454351425171,1.9089350700378416,0,0,2005-07-26T10:45:00,ENGINE_EXECUTABLE_HYDRAULICALLY_UNVALIDATED
C_29581,11.411373138427734,1.39106023311615,1.7987815141677856,0,0,2005-07-26T10:45:00,ENGINE_EXECUTABLE_HYDRAULICALLY_UNVALIDATED
C_29582,11.42436408996582,1.1359773874282837,1.768599271774292,0,0,2005-07-26T10:45:00,ENGINE_EXECUTABLE_HYDRAULICALLY_UNVALIDATED
C_29583,11.446578025817873,1.3983206748962402,1.7248185873031616,0,0,2005-07-26T10:45:00,ENGINE_EXECUTABLE_HYDRAULICALLY_UNVALIDATED
C_29584,11.447673797607422,2.198610782623291,1.689684271812439,0,0,2005-07-26T10:45:00,ENGINE_EXECUTABLE_HYDRAULICALLY_UNVALIDATED
C_29585,11.415729522705078,1.0559216737747192,1.6399452686309814,0,0,2005-07-26T10:45:00,ENGINE_EXECUTABLE_HYDRAULICALLY_UNVALIDATED
C_29586,10.74492073059082,1.3495229482650757,1.5604327917099,0,0,2005-07-26T10:45:00,ENGINE_EXECUTABLE_HYDRAULICALLY_UNVALIDATED
C_29587,10.746973991394045,1.2669793367385864,1.4979099035263062,0,0,2005-07-26T10:45:00,ENGINE_EXECUTABLE_HYDRAULICALLY_UNVALIDATED
C_29588,9.165295600891112,1.577190399169922,1.4475728273391724,0,0,2005-07-26T10:45:00,ENGINE_EXECUTABLE_HYDRAULICALLY_UNVALIDATED
C_29590,42.94663238525391,4.675724029541016,2.2960000038146973,30,30,2005-07-26T10:45:00,ENGINE_EXECUTABLE_HYDRAULICALLY_UNVALIDATED
C_29591,41.41215896606445,5.101964950561523,2.0290000438690186,30,30,2005-07-26T10:45:00,ENGINE_EXECUTABLE_HYDRAULICALLY_UNVALIDATED
C_29592,44.479434967041016,4.976318836212158,2.2769999504089355,45,45,2005-07-26T10:45:00,ENGINE_EXECUTABLE_HYDRAULICALLY_UNVALIDATED
C_29593,43.71397018432617,5.221581935882568,2.236999988555908,60,60,2005-07-26T10:45:00,ENGINE_EXECUTABLE_HYDRAULICALLY_UNVALIDATED
C_29594,43.71508026123047,4.871847152709961,2.243000030517578,60,60,2005-07-26T10:45:00,ENGINE_EXECUTABLE_HYDRAULICALLY_UNVALIDATED
C_29595,42.94739532470703,4.458327770233154,2.407999992370605,30,30,2005-07-26T10:45:00,ENGINE_EXECUTABLE_HYDRAULICALLY_UNVALIDATED
C_29596,4.757012844085693,0.9587041735649108,2.4820001125335693,30,30,2005-07-26T10:45:00,ENGINE_EXECUTABLE_HYDRAULICALLY_UNVALIDATED
C_29597,4.750915050506592,1.10032320022583,2.3010001182556152,30,30,2005-07-26T10:45:00,ENGINE_EXECUTABLE_HYDRAULICALLY_UNVALIDATED
C_29598,4.749462604522705,1.7804343700408936,2.382999897003174,30,15,2005-07-26T10:45:00,ENGINE_EXECUTABLE_HYDRAULICALLY_UNVALIDATED
C_29599,3.965449094772339,1.2432745695114136,2.378679752349853,15,0,2005-07-26T10:45:00,ENGINE_EXECUTABLE_HYDRAULICALLY_UNVALIDATED
C_29600,3.817871570587158,1.7192556858062744,2.2723031044006348,0,0,2005-07-26T10:45:00,ENGINE_EXECUTABLE_HYDRAULICALLY_UNVALIDATED
C_29601,4.269991874694824,2.2928295135498047,2.080130815505981,0,0,2005-07-26T10:45:00,ENGINE_EXECUTABLE_HYDRAULICALLY_UNVALIDATED
C_29602,8.023697853088379,1.365509271621704,2.0589513778686523,0,0,2005-07-26T10:45:00,ENGINE_EXECUTABLE_HYDRAULICALLY_UNVALIDATED
C_29603,7.723312854766846,1.5513712167739868,2.0218424797058105,0,0,2005-07-26T10:45:00,ENGINE_EXECUTABLE_HYDRAULICALLY_UNVALIDATED
C_29604,7.352957725524902,2.325906753540039,1.9830470085144043,0,0,2005-07-26T10:30:00,ENGINE_EXECUTABLE_HYDRAULICALLY_UNVALIDATED
C_29605,7.544243335723877,1.834584593772888,1.6059999465942385,15,15,2005-07-26T10:45:00,ENGINE_EXECUTABLE_HYDRAULICALLY_UNVALIDATED
C_29606,6.832198619842529,1.892655849456787,1.5709930658340454,15,0,2005-07-26T10:45:00,ENGINE_EXECUTABLE_HYDRAULICALLY_UNVALIDATED
C_29607,6.751301765441895,2.2759194374084477,1.3619999885559082,30,15,2005-07-26T10:45:00,ENGINE_EXECUTABLE_HYDRAULICALLY_UNVALIDATED
C_29608,5.980378150939941,1.7717862129211426,1.440000057220459,15,15,2005-07-26T10:45:00,ENGINE_EXECUTABLE_HYDRAULICALLY_UNVALIDATED
C_29609,5.97557258605957,1.7663358449935913,1.2029999494552612,30,30,2005-07-26T10:45:00,ENGINE_EXECUTABLE_HYDRAULICALLY_UNVALIDATED
C_29610,8.375579833984375,1.4355803728103638,1.3987730741500854,0,0,2005-07-26T10:45:00,ENGINE_EXECUTABLE_HYDRAULICALLY_UNVALIDATED
C_29611,6.1043195724487305,1.0232685804367063,1.3388419151306152,0,0,2005-07-26T10:45:00,ENGINE_EXECUTABLE_HYDRAULICALLY_UNVALIDATED
C_29612,5.39914083480835,0.9817384481430054,1.2658227682113647,0,0,2005-07-26T10:45:00,ENGINE_EXECUTABLE_HYDRAULICALLY_UNVALIDATED
C_29613,4.642065048217773,0.918152928352356,1.2215046882629397,0,0,2005-07-26T10:45:00,ENGINE_EXECUTABLE_HYDRAULICALLY_UNVALIDATED
C_29614,4.634950637817383,1.3024754524230957,1.1844258308410645,0,0,2005-07-26T10:45:00,ENGINE_EXECUTABLE_HYDRAULICALLY_UNVALIDATED
C_29615,4.6305670738220215,1.3631830215454102,1.1474065780639648,0,0,2005-07-26T10:45:00,ENGINE_EXECUTABLE_HYDRAULICALLY_UNVALIDATED
C_29617,3.857794761657715,1.1646735668182373,1.0441460609436035,0,0,2005-07-26T10:45:00,ENGINE_EXECUTABLE_HYDRAULICALLY_UNVALIDATED
C_29618,33.73484420776367,6.028575897216797,2.1519999504089355,45,45,2005-07-26T10:45:00,ENGINE_EXECUTABLE_HYDRAULICALLY_UNVALIDATED
C_29619,39.10679626464844,6.244899749755859,1.7890000343322754,60,60,2005-07-26T10:45:00,ENGINE_EXECUTABLE_HYDRAULICALLY_UNVALIDATED
C_29620,37.57346725463867,6.422099590301514,1.950000047683716,60,60,2005-07-26T10:45:00,ENGINE_EXECUTABLE_HYDRAULICALLY_UNVALIDATED
C_29621,37.57250595092773,5.514211177825928,2.2709999084472656,45,45,2005-07-26T10:45:00,ENGINE_EXECUTABLE_HYDRAULICALLY_UNVALIDATED
C_29622,35.2716178894043,5.1046013832092285,2.302999973297119,45,45,2005-07-26T10:45:00,ENGINE_EXECUTABLE_HYDRAULICALLY_UNVALIDATED
C_29623,40.64530563354492,5.58252477645874,1.8200000524520876,45,45,2005-07-26T10:45:00,ENGINE_EXECUTABLE_HYDRAULICALLY_UNVALIDATED
C_29624,40.64394378662109,6.120394229888916,1.659999966621399,60,60,2005-07-26T10:45:00,ENGINE_EXECUTABLE_HYDRAULICALLY_UNVALIDATED
C_29625,4.197571277618408,1.8040988445281985,1.9518241882324217,0,0,2005-07-26T10:45:00,ENGINE_EXECUTABLE_HYDRAULICALLY_UNVALIDATED
C_29626,4.015124797821045,2.396736621856689,1.8875441551208496,0,0,2005-07-26T10:45:00,ENGINE_EXECUTABLE_HYDRAULICALLY_UNVALIDATED
C_29627,3.7967920303344727,1.5482969284057615,1.7773902416229248,0,0,2005-07-26T10:45:00,ENGINE_EXECUTABLE_HYDRAULICALLY_UNVALIDATED
C_29628,3.8262360095977774,0.9399473071098328,1.682956576347351,0,0,2005-07-26T10:30:00,ENGINE_EXECUTABLE_HYDRAULICALLY_UNVALIDATED
C_29629,4.341620922088623,1.1777324676513672,1.6643669605255127,0,0,2005-07-26T10:30:00,ENGINE_EXECUTABLE_HYDRAULICALLY_UNVALIDATED
C_29630,2.486026763916016,0.695427417755127,1.6476974487304688,0,0,2005-07-26T10:45:00,ENGINE_EXECUTABLE_HYDRAULICALLY_UNVALIDATED
C_29631,2.1792070865631104,1.4111109972000122,1.5513887405395508,0,0,2005-07-26T10:45:00,ENGINE_EXECUTABLE_HYDRAULICALLY_UNVALIDATED
C_29632,2.44917368888855,1.433746337890625,1.3449569940567017,0,0,2005-07-26T10:45:00,ENGINE_EXECUTABLE_HYDRAULICALLY_UNVALIDATED
C_29634,5.923134803771973,1.944083333015442,1.4893509149551392,0,0,2005-07-26T10:45:00,ENGINE_EXECUTABLE_HYDRAULICALLY_UNVALIDATED
C_29635,5.939114570617676,1.840791702270508,1.4836950302124023,0,0,2005-07-26T10:30:00,ENGINE_EXECUTABLE_HYDRAULICALLY_UNVALIDATED
C_29636,5.235903739929199,1.5910788774490356,1.4974663257598877,15,0,2005-07-26T10:45:00,ENGINE_EXECUTABLE_HYDRAULICALLY_UNVALIDATED
C_29637,5.389667510986328,1.6611968278884888,1.436655044555664,0,0,2005-07-26T10:45:00,ENGINE_EXECUTABLE_HYDRAULICALLY_UNVALIDATED
C_29638,5.246893405914307,1.8253682851791384,1.3444437980651855,0,0,2005-07-26T10:45:00,ENGINE_EXECUTABLE_HYDRAULICALLY_UNVALIDATED
C_29639,4.473986625671387,1.4375518560409546,1.2660000324249268,15,15,2005-07-26T10:30:00,ENGINE_EXECUTABLE_HYDRAULICALLY_UNVALIDATED
C_29640,4.488312721252441,1.4276431798934937,1.2339999675750732,15,15,2005-07-26T10:45:00,ENGINE_EXECUTABLE_HYDRAULICALLY_UNVALIDATED
C_29641,3.84954047203064,1.3535785675048828,0.8950874209403992,0,0,2005-07-26T10:45:00,ENGINE_EXECUTABLE_HYDRAULICALLY_UNVALIDATED
C_29642,3.067095994949341,1.1725878715515137,0.7842778563499451,0,0,2005-07-26T10:45:00,ENGINE_EXECUTABLE_HYDRAULICALLY_UNVALIDATED
C_29643,2.2969725131988525,1.214958667755127,0.6039899587631226,0,0,2005-07-26T10:45:00,ENGINE_EXECUTABLE_HYDRAULICALLY_UNVALIDATED
C_29644,2.300206661224365,1.6797410249710083,0.4236930906772613,0,0,2005-07-26T10:30:00,ENGINE_EXECUTABLE_HYDRAULICALLY_UNVALIDATED
C_29645,1.533614993095398,0.955139935016632,0.3063324391841888,0,0,2005-07-26T10:30:00,ENGINE_EXECUTABLE_HYDRAULICALLY_UNVALIDATED
C_29647,32.200931549072266,6.614792823791504,2.059000015258789,60,45,2005-07-26T10:45:00,ENGINE_EXECUTABLE_HYDRAULICALLY_UNVALIDATED
C_29648,31.43674087524414,6.610432147979736,1.89900004863739,75,60,2005-07-26T10:45:00,ENGINE_EXECUTABLE_HYDRAULICALLY_UNVALIDATED
C_29649,29.1341495513916,2.34775185585022,2.25600004196167,60,60,2005-07-26T10:45:00,ENGINE_EXECUTABLE_HYDRAULICALLY_UNVALIDATED
C_29655,4.554328441619873,1.3750182390213013,1.2693300247192385,0,0,2005-07-26T10:45:00,ENGINE_EXECUTABLE_HYDRAULICALLY_UNVALIDATED
C_29656,3.827577829360962,1.1628625392913818,1.2383432388305664,0,0,2005-07-26T10:45:00,ENGINE_EXECUTABLE_HYDRAULICALLY_UNVALIDATED
C_29657,3.8424248695373535,1.2161697149276731,1.1785507202148438,0,0,2005-07-26T10:45:00,ENGINE_EXECUTABLE_HYDRAULICALLY_UNVALIDATED
C_29658,3.858424425125122,1.207463264465332,1.112391471862793,0,0,2005-07-26T10:45:00,ENGINE_EXECUTABLE_HYDRAULICALLY_UNVALIDATED
C_29659,3.218090295791626,1.1435164213180542,1.0730518102645874,0,0,2005-07-26T10:45:00,ENGINE_EXECUTABLE_HYDRAULICALLY_UNVALIDATED
C_29660,3.309291362762451,1.2408109903335571,0.9719969630241394,0,0,2005-07-26T10:45:00,ENGINE_EXECUTABLE_HYDRAULICALLY_UNVALIDATED
C_29661,3.165845394134521,1.408016800880432,0.9040720462799072,0,0,2005-07-26T10:30:00,ENGINE_EXECUTABLE_HYDRAULICALLY_UNVALIDATED
C_29662,3.088376998901367,1.6726102828979492,0.7849459052085876,0,0,2005-07-26T10:45:00,ENGINE_EXECUTABLE_HYDRAULICALLY_UNVALIDATED
C_29663,3.0861401557922363,2.231987714767456,0.5809893608093262,0,0,2005-07-26T10:45:00,ENGINE_EXECUTABLE_HYDRAULICALLY_UNVALIDATED
C_29664,1.5398250818252563,1.3738956451416016,0.4405265748500824,0,0,2005-07-26T10:45:00,ENGINE_EXECUTABLE_HYDRAULICALLY_UNVALIDATED
C_29669,1.5349584817886353,1.957958698272705,0.2961134016513824,0,0,2005-07-26T10:30:00,ENGINE_EXECUTABLE_HYDRAULICALLY_UNVALIDATED
C_29670,0.7674373984336853,1.3581613302230835,0.191757932305336,0,0,2005-07-26T10:45:00,ENGINE_EXECUTABLE_HYDRAULICALLY_UNVALIDATED
C_29671,0.767437219619751,1.1133685111999512,0.1734107285737991,0,0,2005-07-26T10:45:00,ENGINE_EXECUTABLE_HYDRAULICALLY_UNVALIDATED
C_29672,0.7674373388290405,0.9414656162261964,0.2046539485454559,0,0,2005-07-26T10:45:00,ENGINE_EXECUTABLE_HYDRAULICALLY_UNVALIDATED
C_29673,0.7674372792243958,1.3549182415008545,0.1891468167304992,0,0,2005-07-26T10:45:00,ENGINE_EXECUTABLE_HYDRAULICALLY_UNVALIDATED
C_29674,0.7674372792243958,1.4212677478790283,0.1799888759851455,0,0,2005-07-26T10:45:00,ENGINE_EXECUTABLE_HYDRAULICALLY_UNVALIDATED
C_29675,0.0,0.0,0.0968999713659286,0,0,2005-07-26T00:15:00,ENGINE_EXECUTABLE_HYDRAULICALLY_UNVALIDATED
C_29676,0.0,0.0,3.0479999622912143e-05,0,0,2005-07-26T00:15:00,ENGINE_EXECUTABLE_HYDRAULICALLY_UNVALIDATED
C_29682,16.37651824951172,3.5331871509552,1.544846534729004,0,0,2005-07-26T10:45:00,ENGINE_EXECUTABLE_HYDRAULICALLY_UNVALIDATED
C_29683,16.376502990722656,3.261013984680176,1.6737819910049438,0,0,2005-07-26T10:45:00,ENGINE_EXECUTABLE_HYDRAULICALLY_UNVALIDATED
C_29684,14.073838233947754,2.7706987857818604,1.6929869651794434,0,0,2005-07-26T10:45:00,ENGINE_EXECUTABLE_HYDRAULICALLY_UNVALIDATED
C_29685,11.512864112854004,3.870988607406616,1.652116298675537,0,0,2005-07-26T10:45:00,ENGINE_EXECUTABLE_HYDRAULICALLY_UNVALIDATED
C_29686,11.51230525970459,3.64803957939148,1.753000020980835,60,30,2005-07-26T10:45:00,ENGINE_EXECUTABLE_HYDRAULICALLY_UNVALIDATED
C_29687,8.443203926086426,2.539332151412964,1.847000002861023,60,60,2005-07-26T10:30:00,ENGINE_EXECUTABLE_HYDRAULICALLY_UNVALIDATED
C_29688,8.442900657653809,2.4567720890045166,1.909000039100647,60,60,2005-07-26T10:45:00,ENGINE_EXECUTABLE_HYDRAULICALLY_UNVALIDATED
C_29689,3.069674491882324,0.8586026430130005,1.9859999418258667,60,60,2005-07-26T10:45:00,ENGINE_EXECUTABLE_HYDRAULICALLY_UNVALIDATED
C_29690,2.30253005027771,0.6360223293304443,2.010999917984009,60,60,2005-07-26T10:30:00,ENGINE_EXECUTABLE_HYDRAULICALLY_UNVALIDATED
C_29691,1.5348336696624756,0.4199952781200409,2.0299999713897705,60,60,2005-07-26T10:30:00,ENGINE_EXECUTABLE_HYDRAULICALLY_UNVALIDATED
C_29693,13.30628776550293,2.695497512817383,1.6453123092651367,0,0,2005-07-26T10:45:00,ENGINE_EXECUTABLE_HYDRAULICALLY_UNVALIDATED
C_29694,0.7674120664596558,0.2049483507871627,2.0799999237060547,30,30,2005-07-26T10:30:00,ENGINE_EXECUTABLE_HYDRAULICALLY_UNVALIDATED
C_29697,16.8291015625,3.6723361015319824,1.5273863077163696,0,0,2005-07-26T10:45:00,ENGINE_EXECUTABLE_HYDRAULICALLY_UNVALIDATED
C_29698,11.771610260009766,2.5553669929504395,1.5353697538375854,0,0,2005-07-26T10:45:00,ENGINE_EXECUTABLE_HYDRAULICALLY_UNVALIDATED
C_29700,26.18589782714844,6.6454267501831055,1.9700000286102293,0,0,2005-07-26T10:30:00,ENGINE_EXECUTABLE_HYDRAULICALLY_UNVALIDATED
C_29701,23.36394500732422,5.840335845947266,2.0,75,75,2005-07-26T10:30:00,ENGINE_EXECUTABLE_HYDRAULICALLY_UNVALIDATED
C_29707,38.42862319946289,7.772151470184326,1.6479496955871582,210,0,2005-07-26T10:45:00,ENGINE_EXECUTABLE_HYDRAULICALLY_UNVALIDATED
C_29708,33.84453582763672,3.948286771774292,2.8570001125335693,60,60,2005-07-26T10:45:00,ENGINE_EXECUTABLE_HYDRAULICALLY_UNVALIDATED
C_29711,30.785852432250977,6.353441715240479,1.6150000095367432,300,300,2005-07-26T10:45:00,ENGINE_EXECUTABLE_HYDRAULICALLY_UNVALIDATED
C_29712,30.78721809387207,6.457686424255371,1.5889999866485596,300,300,2005-07-26T10:45:00,ENGINE_EXECUTABLE_HYDRAULICALLY_UNVALIDATED
C_29713,30.78689765930176,6.624374866485596,1.5490000247955322,300,285,2005-07-26T10:45:00,ENGINE_EXECUTABLE_HYDRAULICALLY_UNVALIDATED
C_29714,28.488739013671875,6.7437424659729,1.4079999923706057,300,300,2005-07-26T10:45:00,ENGINE_EXECUTABLE_HYDRAULICALLY_UNVALIDATED
C_29716,2.302427053451538,1.5929397344589231,0.2890467941761017,0,0,2005-07-26T10:45:00,ENGINE_EXECUTABLE_HYDRAULICALLY_UNVALIDATED
C_29717,2.302427053451538,1.5215935707092283,0.3025999367237091,0,0,2005-07-26T10:45:00,ENGINE_EXECUTABLE_HYDRAULICALLY_UNVALIDATED
C_29722,24.915939331054688,5.536258697509766,1.5,300,300,2005-07-26T13:30:00,ENGINE_EXECUTABLE_HYDRAULICALLY_UNVALIDATED
C_29723,22.98581314086914,5.920466899871826,1.2940000295639038,330,330,2005-07-26T13:30:00,ENGINE_EXECUTABLE_HYDRAULICALLY_UNVALIDATED
C_29724,22.59896850585937,7.256407260894775,1.037999987602234,420,420,2005-07-26T13:30:00,ENGINE_EXECUTABLE_HYDRAULICALLY_UNVALIDATED
C_29725,22.958181381225582,6.300437450408936,0.7409999966621399,555,555,2005-07-26T10:00:00,ENGINE_EXECUTABLE_HYDRAULICALLY_UNVALIDATED
C_29726,42.87131881713867,14.977828025817873,0.9539999961853028,480,480,2005-07-26T10:45:00,ENGINE_EXECUTABLE_HYDRAULICALLY_UNVALIDATED
C_29727,40.58124923706055,12.747952461242676,1.0609999895095823,495,480,2005-07-26T10:30:00,ENGINE_EXECUTABLE_HYDRAULICALLY_UNVALIDATED
C_29748,32.769569396972656,3.8469667434692383,1.5645369291305542,0,0,2005-07-26T10:45:00,ENGINE_EXECUTABLE_HYDRAULICALLY_UNVALIDATED
C_29749,32.76960372924805,3.7738661766052246,1.5948439836502075,0,0,2005-07-26T10:45:00,ENGINE_EXECUTABLE_HYDRAULICALLY_UNVALIDATED
C_29750,32.76967239379883,3.631753444671631,1.6332539319992063,0,0,2005-07-26T10:45:00,ENGINE_EXECUTABLE_HYDRAULICALLY_UNVALIDATED
C_29751,32.769630432128906,3.7162656784057617,1.614818811416626,0,0,2005-07-26T10:45:00,ENGINE_EXECUTABLE_HYDRAULICALLY_UNVALIDATED
C_29752,24.00734138488769,4.136785507202148,1.934244990348816,0,0,2005-07-26T10:45:00,ENGINE_EXECUTABLE_HYDRAULICALLY_UNVALIDATED
C_29753,31.240453720092773,4.0507097244262695,1.5189051628112793,0,0,2005-07-26T10:45:00,ENGINE_EXECUTABLE_HYDRAULICALLY_UNVALIDATED
C_29754,31.21177673339844,6.0174736976623535,1.5773357152938845,0,0,2005-07-26T10:45:00,ENGINE_EXECUTABLE_HYDRAULICALLY_UNVALIDATED
C_29755,31.827754974365234,4.954720973968506,1.9534695148468015,0,0,2005-07-26T10:45:00,ENGINE_EXECUTABLE_HYDRAULICALLY_UNVALIDATED
C_29756,30.47310256958008,4.1803154945373535,2.135615110397339,0,0,2005-07-26T10:45:00,ENGINE_EXECUTABLE_HYDRAULICALLY_UNVALIDATED
C_29757,30.474353790283203,4.240899085998535,2.0789999961853027,30,30,2005-07-26T10:45:00,ENGINE_EXECUTABLE_HYDRAULICALLY_UNVALIDATED
C_29758,30.47437286376953,4.523478031158447,1.9759999513626096,60,30,2005-07-26T10:45:00,ENGINE_EXECUTABLE_HYDRAULICALLY_UNVALIDATED
C_29759,28.945940017700195,4.206179141998291,1.965999960899353,45,30,2005-07-26T10:45:00,ENGINE_EXECUTABLE_HYDRAULICALLY_UNVALIDATED
C_29760,28.945934295654297,3.7068021297454834,1.9520000219345093,30,30,2005-07-26T10:45:00,ENGINE_EXECUTABLE_HYDRAULICALLY_UNVALIDATED
C_29761,19.428447723388672,3.4067084789276123,2.0,240,225,2005-07-26T10:45:00,ENGINE_EXECUTABLE_HYDRAULICALLY_UNVALIDATED
C_29762,28.945945739746094,3.781326770782471,1.9944491386413572,30,0,2005-07-26T10:45:00,ENGINE_EXECUTABLE_HYDRAULICALLY_UNVALIDATED
C_29763,17.160785675048828,3.2113184928894043,2.0,165,135,2005-07-26T19:30:00,ENGINE_EXECUTABLE_HYDRAULICALLY_UNVALIDATED
C_29764,37.78763961791992,6.327268600463867,1.99544894695282,30,0,2005-07-26T10:30:00,ENGINE_EXECUTABLE_HYDRAULICALLY_UNVALIDATED
C_29765,35.49604415893555,5.915348529815674,2.0,390,375,2005-07-26T10:30:00,ENGINE_EXECUTABLE_HYDRAULICALLY_UNVALIDATED
C_29766,32.773929595947266,5.4617133140563965,2.0,390,375,2005-07-26T14:15:00,ENGINE_EXECUTABLE_HYDRAULICALLY_UNVALIDATED
C_29767,31.28599739074707,5.213752269744873,2.0,360,360,2005-07-26T13:00:00,ENGINE_EXECUTABLE_HYDRAULICALLY_UNVALIDATED
C_29768,36.71260833740234,6.118086814880371,2.0,360,360,2005-07-26T10:45:00,ENGINE_EXECUTABLE_HYDRAULICALLY_UNVALIDATED
C_30000,0.0258288402110338,0.0477526970207691,1.3921440839767456,0,0,2005-07-26T11:15:00,ENGINE_EXECUTABLE_HYDRAULICALLY_UNVALIDATED
C_30039,1.4371649026870728,0.3587540984153747,0.2861101925373077,0,0,2005-07-26T11:00:00,ENGINE_EXECUTABLE_HYDRAULICALLY_UNVALIDATED
C_30040,1.437552809715271,0.3647575080394745,0.281477153301239,0,0,2005-07-26T11:00:00,ENGINE_EXECUTABLE_HYDRAULICALLY_UNVALIDATED
C_30041,1.4372587203979492,0.3719789981842041,0.2759561836719513,0,0,2005-07-26T11:00:00,ENGINE_EXECUTABLE_HYDRAULICALLY_UNVALIDATED
C_30042,1.4363459348678589,0.3790706992149353,0.2706215679645538,0,0,2005-07-26T11:00:00,ENGINE_EXECUTABLE_HYDRAULICALLY_UNVALIDATED
C_30044,1.4348503351211548,0.3883818984031677,0.2638585865497589,0,0,2005-07-26T11:00:00,ENGINE_EXECUTABLE_HYDRAULICALLY_UNVALIDATED
C_30045,1.432833909988403,0.4016980528831482,0.2547532618045807,0,0,2005-07-26T11:00:00,ENGINE_EXECUTABLE_HYDRAULICALLY_UNVALIDATED
C_30046,1.4301602840423584,0.4294018149375915,0.2378726154565811,0,0,2005-07-26T11:00:00,ENGINE_EXECUTABLE_HYDRAULICALLY_UNVALIDATED
C_30050,1.424456000328064,0.5110242366790771,0.1990815997123718,0,0,2005-07-26T11:00:00,ENGINE_EXECUTABLE_HYDRAULICALLY_UNVALIDATED
C_30051,1.422374248504639,0.5027313828468323,0.2095329463481903,0,0,2005-07-26T11:00:00,ENGINE_EXECUTABLE_HYDRAULICALLY_UNVALIDATED
C_30052,1.4194308519363403,0.4601713418960571,0.2203019112348556,0,0,2005-07-26T11:00:00,ENGINE_EXECUTABLE_HYDRAULICALLY_UNVALIDATED
C_30053,1.4271184206008911,0.4786173701286316,0.2129585891962051,0,0,2005-07-26T11:00:00,ENGINE_EXECUTABLE_HYDRAULICALLY_UNVALIDATED
C_30054,1.414581060409546,0.4752726554870605,0.212573230266571,0,0,2005-07-26T11:00:00,ENGINE_EXECUTABLE_HYDRAULICALLY_UNVALIDATED
C_30055,1.409580111503601,0.4981933832168579,0.2020763158798217,0,0,2005-07-26T11:00:00,ENGINE_EXECUTABLE_HYDRAULICALLY_UNVALIDATED
C_30056,1.4044333696365356,0.5832818746566772,0.1719674617052078,0,0,2005-07-26T11:00:00,ENGINE_EXECUTABLE_HYDRAULICALLY_UNVALIDATED
C_30058,1.388491153717041,0.3658833801746368,0.1593931764364242,0,0,2005-07-26T11:00:00,ENGINE_EXECUTABLE_HYDRAULICALLY_UNVALIDATED
C_30059,1.3914804458618164,0.3560149073600769,0.1633187234401703,0,0,2005-07-26T11:15:00,ENGINE_EXECUTABLE_HYDRAULICALLY_UNVALIDATED
C_30060,1.3980712890625,0.390212208032608,0.1492687314748764,0,0,2005-07-26T11:15:00,ENGINE_EXECUTABLE_HYDRAULICALLY_UNVALIDATED
C_30061,1.4013911485671997,0.6983346939086914,0.1433241367340088,0,0,2005-07-26T11:00:00,ENGINE_EXECUTABLE_HYDRAULICALLY_UNVALIDATED
C_30062,1.4002108573913574,0.7436709403991699,0.1344733536243438,0,0,2005-07-26T11:00:00,ENGINE_EXECUTABLE_HYDRAULICALLY_UNVALIDATED
C_30063,1.396443247795105,0.5149103999137878,0.1257150918245315,0,0,2005-07-26T11:00:00,ENGINE_EXECUTABLE_HYDRAULICALLY_UNVALIDATED
C_30065,1.3909857273101809,0.4305173456668854,0.1355908811092376,0,0,2005-07-26T11:00:00,ENGINE_EXECUTABLE_HYDRAULICALLY_UNVALIDATED
C_30068,1.4097623825073242,0.3363331258296966,0.1746291220188141,0,0,2005-07-26T11:15:00,ENGINE_EXECUTABLE_HYDRAULICALLY_UNVALIDATED
C_30069,1.4123141765594482,0.3684863746166229,0.1596799045801162,0,0,2005-07-26T11:15:00,ENGINE_EXECUTABLE_HYDRAULICALLY_UNVALIDATED
C_30070,1.4024182558059692,0.4154689610004425,0.1406630426645279,0,0,2005-07-26T11:15:00,ENGINE_EXECUTABLE_HYDRAULICALLY_UNVALIDATED
C_30071,1.406379461288452,0.3615472614765167,0.1620607376098632,0,0,2005-07-26T11:15:00,ENGINE_EXECUTABLE_HYDRAULICALLY_UNVALIDATED
C_30074,1.414188027381897,0.3720476925373077,0.1583612561225891,0,0,2005-07-26T11:15:00,ENGINE_EXECUTABLE_HYDRAULICALLY_UNVALIDATED
C_30075,1.4153996706008911,0.3762257993221283,0.1567367911338806,0,0,2005-07-26T11:15:00,ENGINE_EXECUTABLE_HYDRAULICALLY_UNVALIDATED
C_30076,1.4160950183868408,0.5248507857322693,0.1124079227447509,0,0,2005-07-26T11:15:00,ENGINE_EXECUTABLE_HYDRAULICALLY_UNVALIDATED
C_30077,0.0,0.0,3.0479999622912143e-05,0,0,2005-07-26T00:15:00,ENGINE_EXECUTABLE_HYDRAULICALLY_UNVALIDATED
C_30078,0.0,0.0,3.0479999622912143e-05,0,0,2005-07-26T00:15:00,ENGINE_EXECUTABLE_HYDRAULICALLY_UNVALIDATED
C_30079,0.0,0.0,3.0479999622912143e-05,0,0,2005-07-26T00:15:00,ENGINE_EXECUTABLE_HYDRAULICALLY_UNVALIDATED
C_30085,0.0,0.0,3.0479999622912143e-05,0,0,2005-07-26T00:15:00,ENGINE_EXECUTABLE_HYDRAULICALLY_UNVALIDATED
C_30086,0.0,0.0,3.0479999622912143e-05,0,0,2005-07-26T00:15:00,ENGINE_EXECUTABLE_HYDRAULICALLY_UNVALIDATED
C_30087,0.0,0.0,3.0479999622912143e-05,0,0,2005-07-26T00:15:00,ENGINE_EXECUTABLE_HYDRAULICALLY_UNVALIDATED
C_30088,0.0,0.0,3.0479999622912143e-05,0,0,2005-07-26T00:15:00,ENGINE_EXECUTABLE_HYDRAULICALLY_UNVALIDATED
C_30089,0.0,0.0,3.0479999622912143e-05,0,0,2005-07-26T00:15:00,ENGINE_EXECUTABLE_HYDRAULICALLY_UNVALIDATED
C_30090,0.0,0.0,3.0479999622912143e-05,0,0,2005-07-26T00:15:00,ENGINE_EXECUTABLE_HYDRAULICALLY_UNVALIDATED
C_30091,0.0,0.0,3.0479999622912143e-05,0,0,2005-07-26T00:15:00,ENGINE_EXECUTABLE_HYDRAULICALLY_UNVALIDATED
C_30092,0.0,0.0,3.0479999622912143e-05,0,0,2005-07-26T00:15:00,ENGINE_EXECUTABLE_HYDRAULICALLY_UNVALIDATED
C_30093,0.0,0.0,3.0479999622912143e-05,0,0,2005-07-26T00:15:00,ENGINE_EXECUTABLE_HYDRAULICALLY_UNVALIDATED
C_30094,0.0,0.0,3.0479999622912143e-05,0,0,2005-07-26T00:15:00,ENGINE_EXECUTABLE_HYDRAULICALLY_UNVALIDATED
C_30095,0.0,0.0,3.0479999622912143e-05,0,0,2005-07-26T00:15:00,ENGINE_EXECUTABLE_HYDRAULICALLY_UNVALIDATED
C_30096,0.0,0.0,3.0479999622912143e-05,0,0,2005-07-26T00:15:00,ENGINE_EXECUTABLE_HYDRAULICALLY_UNVALIDATED
C_30097,0.0,0.0,3.0479999622912143e-05,0,0,2005-07-26T00:15:00,ENGINE_EXECUTABLE_HYDRAULICALLY_UNVALIDATED
C_30099,0.0,0.0,3.0479999622912143e-05,0,0,2005-07-26T00:15:00,ENGINE_EXECUTABLE_HYDRAULICALLY_UNVALIDATED
C_30100,0.0,0.0,3.0479999622912143e-05,0,0,2005-07-26T00:15:00,ENGINE_EXECUTABLE_HYDRAULICALLY_UNVALIDATED
C_30101,0.0,0.0,3.0479999622912143e-05,0,0,2005-07-26T00:15:00,ENGINE_EXECUTABLE_HYDRAULICALLY_UNVALIDATED
C_30102,0.0,0.0,3.0479999622912143e-05,0,0,2005-07-26T00:15:00,ENGINE_EXECUTABLE_HYDRAULICALLY_UNVALIDATED
C_30103,0.0,0.0,3.0479999622912143e-05,0,0,2005-07-26T00:15:00,ENGINE_EXECUTABLE_HYDRAULICALLY_UNVALIDATED
C_30104,0.0,0.0,3.0479999622912143e-05,0,0,2005-07-26T00:15:00,ENGINE_EXECUTABLE_HYDRAULICALLY_UNVALIDATED
C_30105,0.0,0.0,3.0479999622912143e-05,0,0,2005-07-26T00:15:00,ENGINE_EXECUTABLE_HYDRAULICALLY_UNVALIDATED
C_30106,0.0,0.0,3.0479999622912143e-05,0,0,2005-07-26T00:15:00,ENGINE_EXECUTABLE_HYDRAULICALLY_UNVALIDATED
C_30107,0.0,0.0,3.0479999622912143e-05,0,0,2005-07-26T00:15:00,ENGINE_EXECUTABLE_HYDRAULICALLY_UNVALIDATED
C_30108,0.0,0.0,3.0479999622912143e-05,0,0,2005-07-26T00:15:00,ENGINE_EXECUTABLE_HYDRAULICALLY_UNVALIDATED
C_30143,22.48029327392578,3.225015163421631,0.9333106279373168,0,0,2005-07-26T10:45:00,ENGINE_EXECUTABLE_HYDRAULICALLY_UNVALIDATED
C_30144,22.294021606445312,3.1375067234039307,0.9473143815994264,0,0,2005-07-26T10:30:00,ENGINE_EXECUTABLE_HYDRAULICALLY_UNVALIDATED
C_30145,22.36918067932129,3.015478134155273,0.9271618127822876,0,0,2005-07-26T10:30:00,ENGINE_EXECUTABLE_HYDRAULICALLY_UNVALIDATED
C_30146,23.408674240112305,3.127225399017334,0.9979482293128968,0,0,2005-07-26T10:45:00,ENGINE_EXECUTABLE_HYDRAULICALLY_UNVALIDATED
C_30149,26.84610366821289,3.370344638824463,1.061933517456055,0,0,2005-07-26T10:45:00,ENGINE_EXECUTABLE_HYDRAULICALLY_UNVALIDATED
C_30150,26.32110023498535,3.229745388031006,1.0864909887313845,0,0,2005-07-26T10:45:00,ENGINE_EXECUTABLE_HYDRAULICALLY_UNVALIDATED
C_30151,27.47343063354492,3.429161071777344,1.0681084394454956,0,0,2005-07-26T10:45:00,ENGINE_EXECUTABLE_HYDRAULICALLY_UNVALIDATED
C_30152,25.60932731628418,3.079408645629883,1.1087182760238647,0,0,2005-07-26T10:45:00,ENGINE_EXECUTABLE_HYDRAULICALLY_UNVALIDATED
C_30156,27.29453468322754,3.342539072036743,1.088653326034546,0,0,2005-07-26T10:45:00,ENGINE_EXECUTABLE_HYDRAULICALLY_UNVALIDATED
C_30157,26.31528091430664,3.1480884552001958,1.1144264936447144,0,0,2005-07-26T10:45:00,ENGINE_EXECUTABLE_HYDRAULICALLY_UNVALIDATED
C_30158,24.57969284057617,3.086887121200561,1.0615637302398682,0,0,2005-07-26T10:45:00,ENGINE_EXECUTABLE_HYDRAULICALLY_UNVALIDATED
C_30159,22.955291748046875,3.030237913131714,1.0099421739578247,0,0,2005-07-26T10:45:00,ENGINE_EXECUTABLE_HYDRAULICALLY_UNVALIDATED
C_30160,21.29811286926269,3.044888973236084,0.9471983313560486,0,0,2005-07-26T10:30:00,ENGINE_EXECUTABLE_HYDRAULICALLY_UNVALIDATED
C_30161,20.788753509521484,3.011936902999878,0.9201803803443908,0,0,2005-07-26T10:45:00,ENGINE_EXECUTABLE_HYDRAULICALLY_UNVALIDATED
C_30162,21.13798713684082,2.9987142086029053,0.9397642612457277,0,0,2005-07-26T10:45:00,ENGINE_EXECUTABLE_HYDRAULICALLY_UNVALIDATED
C_30163,21.08606338500977,3.0112314224243164,0.933559000492096,0,0,2005-07-26T10:45:00,ENGINE_EXECUTABLE_HYDRAULICALLY_UNVALIDATED
C_30164,22.102767944335938,3.0246644020080566,0.9742262363433838,0,0,2005-07-26T10:45:00,ENGINE_EXECUTABLE_HYDRAULICALLY_UNVALIDATED
C_30165,22.27288246154785,2.9228503704071045,1.015921711921692,0,0,2005-07-26T10:45:00,ENGINE_EXECUTABLE_HYDRAULICALLY_UNVALIDATED
C_30166,24.19894790649414,3.0606017112731934,1.05409574508667,0,0,2005-07-26T10:45:00,ENGINE_EXECUTABLE_HYDRAULICALLY_UNVALIDATED
C_30167,25.8044548034668,3.4358036518096924,1.001282811164856,0,0,2005-07-26T10:45:00,ENGINE_EXECUTABLE_HYDRAULICALLY_UNVALIDATED
C_30168,24.686641693115234,3.3252124786376958,0.9897670149803162,0,0,2005-07-26T10:45:00,ENGINE_EXECUTABLE_HYDRAULICALLY_UNVALIDATED
C_30169,23.01849174499512,4.855343818664551,0.7403833866119385,0,0,2005-07-26T10:30:00,ENGINE_EXECUTABLE_HYDRAULICALLY_UNVALIDATED
C_30170,23.1972599029541,4.525094032287598,0.7885829210281372,0,0,2005-07-26T10:45:00,ENGINE_EXECUTABLE_HYDRAULICALLY_UNVALIDATED
C_30171,23.14548110961914,4.400869369506836,0.8090326189994812,0,0,2005-07-26T10:45:00,ENGINE_EXECUTABLE_HYDRAULICALLY_UNVALIDATED
C_30172,24.00044250488281,4.586767673492432,0.8049163818359375,0,0,2005-07-26T10:45:00,ENGINE_EXECUTABLE_HYDRAULICALLY_UNVALIDATED
C_30173,24.06382942199707,4.638513565063477,0.8472939133644104,0,0,2005-07-26T10:45:00,ENGINE_EXECUTABLE_HYDRAULICALLY_UNVALIDATED
C_30174,23.251224517822266,4.0957865715026855,0.8780882358551025,0,0,2005-07-26T10:45:00,ENGINE_EXECUTABLE_HYDRAULICALLY_UNVALIDATED
C_30175,24.91986656188965,3.11864972114563,1.2291854619979858,0,0,2005-07-26T10:45:00,ENGINE_EXECUTABLE_HYDRAULICALLY_UNVALIDATED
C_30176,25.182601928710938,3.23801326751709,1.1963555812835691,0,0,2005-07-26T10:45:00,ENGINE_EXECUTABLE_HYDRAULICALLY_UNVALIDATED
C_30177,22.91394424438477,3.173048257827759,1.1215463876724243,0,0,2005-07-26T10:45:00,ENGINE_EXECUTABLE_HYDRAULICALLY_UNVALIDATED
C_30178,22.65250396728516,3.188072919845581,1.1087465286254885,0,0,2005-07-26T10:45:00,ENGINE_EXECUTABLE_HYDRAULICALLY_UNVALIDATED
C_30179,24.67485237121582,3.212038278579712,1.181713342666626,0,0,2005-07-26T10:45:00,ENGINE_EXECUTABLE_HYDRAULICALLY_UNVALIDATED
C_30180,23.70763397216797,3.148430109024048,1.1583304405212402,0,0,2005-07-26T10:45:00,ENGINE_EXECUTABLE_HYDRAULICALLY_UNVALIDATED
C_30181,22.636117935180664,3.181286334991455,1.0984876155853271,0,0,2005-07-26T10:45:00,ENGINE_EXECUTABLE_HYDRAULICALLY_UNVALIDATED
C_30182,21.291154861450195,3.26276969909668,1.0308138132095337,0,0,2005-07-26T10:45:00,ENGINE_EXECUTABLE_HYDRAULICALLY_UNVALIDATED
C_30183,24.945743560791016,2.568422079086304,1.319708228111267,0,0,2005-07-26T10:30:00,ENGINE_EXECUTABLE_HYDRAULICALLY_UNVALIDATED
C_30184,22.718639373779297,2.7454450130462646,1.1337954998016355,0,0,2005-07-26T10:30:00,ENGINE_EXECUTABLE_HYDRAULICALLY_UNVALIDATED
C_30185,24.70716667175293,2.535940170288086,1.309178113937378,0,0,2005-07-26T10:30:00,ENGINE_EXECUTABLE_HYDRAULICALLY_UNVALIDATED
C_30186,24.423131942749023,2.8340282440185547,1.2174195051193235,0,0,2005-07-26T10:45:00,ENGINE_EXECUTABLE_HYDRAULICALLY_UNVALIDATED
C_30187,24.08626747131348,2.5913445949554443,1.2391809225082395,0,0,2005-07-26T10:30:00,ENGINE_EXECUTABLE_HYDRAULICALLY_UNVALIDATED
C_30188,22.715599060058597,2.4492878913879395,1.2364448308944702,0,0,2005-07-26T10:30:00,ENGINE_EXECUTABLE_HYDRAULICALLY_UNVALIDATED
C_30189,21.811988830566406,2.443277597427368,1.190180420875549,0,0,2005-07-26T10:30:00,ENGINE_EXECUTABLE_HYDRAULICALLY_UNVALIDATED
C_30190,21.79560661315918,2.562014579772949,1.1341688632965088,0,0,2005-07-26T10:30:00,ENGINE_EXECUTABLE_HYDRAULICALLY_UNVALIDATED
C_30191,25.250917434692383,3.626529216766357,0.928274393081665,0,0,2005-07-26T10:30:00,ENGINE_EXECUTABLE_HYDRAULICALLY_UNVALIDATED
C_30192,23.28285026550293,3.1667943000793457,1.0392322540283203,0,0,2005-07-26T10:45:00,ENGINE_EXECUTABLE_HYDRAULICALLY_UNVALIDATED
C_30193,23.384748458862305,2.8671271800994877,1.087366819381714,0,0,2005-07-26T10:30:00,ENGINE_EXECUTABLE_HYDRAULICALLY_UNVALIDATED
C_30194,24.841886520385746,3.502768278121948,0.945504367351532,0,0,2005-07-26T10:30:00,ENGINE_EXECUTABLE_HYDRAULICALLY_UNVALIDATED
C_30195,25.9818115234375,3.327824354171753,1.0408769845962524,0,0,2005-07-26T10:45:00,ENGINE_EXECUTABLE_HYDRAULICALLY_UNVALIDATED
C_30196,25.687875747680664,3.0656187534332275,1.1171215772628784,0,0,2005-07-26T10:45:00,ENGINE_EXECUTABLE_HYDRAULICALLY_UNVALIDATED
C_30197,27.0738525390625,3.25836181640625,1.1077483892440796,0,0,2005-07-26T10:45:00,ENGINE_EXECUTABLE_HYDRAULICALLY_UNVALIDATED
C_30198,28.50395393371582,3.2419140338897705,1.172179102897644,0,0,2005-07-26T10:45:00,ENGINE_EXECUTABLE_HYDRAULICALLY_UNVALIDATED
C_30199,24.33490562438965,3.4535558223724365,0.9394065141677856,0,0,2005-07-26T10:45:00,ENGINE_EXECUTABLE_HYDRAULICALLY_UNVALIDATED
C_30200,25.190824508666992,3.5317721366882324,0.9509114623069764,0,0,2005-07-26T10:45:00,ENGINE_EXECUTABLE_HYDRAULICALLY_UNVALIDATED
C_30201,24.576562881469727,3.163400888442993,1.195102572441101,0,0,2005-07-26T10:30:00,ENGINE_EXECUTABLE_HYDRAULICALLY_UNVALIDATED
C_30202,24.603857040405277,3.026671886444092,1.2504782676696775,0,0,2005-07-26T10:30:00,ENGINE_EXECUTABLE_HYDRAULICALLY_UNVALIDATED
C_30203,23.619096755981445,3.0572328567504883,1.188428521156311,0,0,2005-07-26T10:30:00,ENGINE_EXECUTABLE_HYDRAULICALLY_UNVALIDATED
C_30204,24.35738182067871,3.1407601833343506,1.19298255443573,0,0,2005-07-26T10:30:00,ENGINE_EXECUTABLE_HYDRAULICALLY_UNVALIDATED
C_30205,24.784568786621094,3.042000293731689,1.2533154487609863,0,0,2005-07-26T10:30:00,ENGINE_EXECUTABLE_HYDRAULICALLY_UNVALIDATED
C_30206,25.045494079589844,3.037247657775879,1.26885724067688,0,0,2005-07-26T10:30:00,ENGINE_EXECUTABLE_HYDRAULICALLY_UNVALIDATED
C_30207,25.344053268432617,3.044697523117065,1.2912280559539795,0,0,2005-07-26T10:30:00,ENGINE_EXECUTABLE_HYDRAULICALLY_UNVALIDATED
C_30208,23.62481117248535,3.364501476287842,1.0801546573638916,0,0,2005-07-26T10:30:00,ENGINE_EXECUTABLE_HYDRAULICALLY_UNVALIDATED
C_30209,22.693735122680664,2.9616622924804688,1.1787147521972656,0,0,2005-07-26T10:30:00,ENGINE_EXECUTABLE_HYDRAULICALLY_UNVALIDATED
C_30210,21.98738670349121,3.37276029586792,1.042009711265564,0,0,2005-07-26T10:45:00,ENGINE_EXECUTABLE_HYDRAULICALLY_UNVALIDATED
C_30211,22.821372985839844,3.2106173038482666,1.0934313535690308,0,0,2005-07-26T10:30:00,ENGINE_EXECUTABLE_HYDRAULICALLY_UNVALIDATED
C_30212,21.98067092895508,3.1638104915618896,1.0687319040298462,0,0,2005-07-26T10:30:00,ENGINE_EXECUTABLE_HYDRAULICALLY_UNVALIDATED
C_30213,23.09653854370117,3.055474281311035,1.16471266746521,0,0,2005-07-26T10:30:00,ENGINE_EXECUTABLE_HYDRAULICALLY_UNVALIDATED
C_30214,22.13457679748535,3.13318419456482,1.0867347717285156,0,0,2005-07-26T10:45:00,ENGINE_EXECUTABLE_HYDRAULICALLY_UNVALIDATED
C_30215,22.182966232299805,3.063976764678955,1.113710880279541,0,0,2005-07-26T10:45:00,ENGINE_EXECUTABLE_HYDRAULICALLY_UNVALIDATED
C_30216,23.721534729003903,3.2794852256774902,1.112693190574646,0,0,2005-07-26T10:30:00,ENGINE_EXECUTABLE_HYDRAULICALLY_UNVALIDATED
C_30217,23.88789367675781,3.428452491760254,1.0718104839324951,0,0,2005-07-26T10:45:00,ENGINE_EXECUTABLE_HYDRAULICALLY_UNVALIDATED
C_30218,6.870554924011231,3.285906791687012,1.0427347421646118,0,0,2005-07-26T10:45:00,ENGINE_EXECUTABLE_HYDRAULICALLY_UNVALIDATED
C_30219,8.401625633239746,4.238635540008545,0.987018346786499,0,0,2005-07-26T10:45:00,ENGINE_EXECUTABLE_HYDRAULICALLY_UNVALIDATED
C_30220,25.778369903564453,3.0998098850250244,1.2913986444473269,0,0,2005-07-26T10:30:00,ENGINE_EXECUTABLE_HYDRAULICALLY_UNVALIDATED
C_30221,26.05918502807617,3.191154718399048,1.2561782598495483,0,0,2005-07-26T10:30:00,ENGINE_EXECUTABLE_HYDRAULICALLY_UNVALIDATED
C_30222,25.14426040649414,3.1720447540283203,1.2289130687713623,0,0,2005-07-26T10:30:00,ENGINE_EXECUTABLE_HYDRAULICALLY_UNVALIDATED
C_30223,23.5831241607666,3.6321518421173096,1.0078513622283936,0,0,2005-07-26T10:30:00,ENGINE_EXECUTABLE_HYDRAULICALLY_UNVALIDATED
C_30224,23.677875518798828,3.4295241832733154,1.074670672416687,0,0,2005-07-26T10:30:00,ENGINE_EXECUTABLE_HYDRAULICALLY_UNVALIDATED
C_30225,23.84716796875,3.423104286193848,1.0858042240142822,0,0,2005-07-26T10:30:00,ENGINE_EXECUTABLE_HYDRAULICALLY_UNVALIDATED
C_30226,24.89645195007324,3.406747341156006,1.1241799592971802,0,0,2005-07-26T10:45:00,ENGINE_EXECUTABLE_HYDRAULICALLY_UNVALIDATED
C_30227,25.3459587097168,3.590076208114624,1.086033821105957,0,0,2005-07-26T10:45:00,ENGINE_EXECUTABLE_HYDRAULICALLY_UNVALIDATED
C_30228,25.874238967895508,3.2824573516845703,1.2125699520111084,0,0,2005-07-26T10:45:00,ENGINE_EXECUTABLE_HYDRAULICALLY_UNVALIDATED
C_30229,25.80694961547852,3.3721940517425537,1.178447127342224,0,0,2005-07-26T10:45:00,ENGINE_EXECUTABLE_HYDRAULICALLY_UNVALIDATED
C_30230,24.054828643798828,3.401134490966797,1.0879695415496826,0,0,2005-07-26T10:45:00,ENGINE_EXECUTABLE_HYDRAULICALLY_UNVALIDATED
C_30231,23.98725128173828,3.403757810592652,1.084077000617981,0,0,2005-07-26T10:45:00,ENGINE_EXECUTABLE_HYDRAULICALLY_UNVALIDATED
C_30232,24.08099174499512,3.4874093532562256,1.0622084140777588,0,0,2005-07-26T10:45:00,ENGINE_EXECUTABLE_HYDRAULICALLY_UNVALIDATED
C_30233,23.717538833618164,3.400700807571411,1.0728511810302734,0,0,2005-07-26T10:45:00,ENGINE_EXECUTABLE_HYDRAULICALLY_UNVALIDATED
C_30234,23.62899208068848,3.6352367401123047,0.999886691570282,0,0,2005-07-26T10:45:00,ENGINE_EXECUTABLE_HYDRAULICALLY_UNVALIDATED
C_30235,23.04596710205078,3.749042272567749,0.9456117749214172,0,0,2005-07-26T10:45:00,ENGINE_EXECUTABLE_HYDRAULICALLY_UNVALIDATED
C_30236,23.450098037719727,4.06913948059082,0.8865033984184265,0,0,2005-07-26T10:45:00,ENGINE_EXECUTABLE_HYDRAULICALLY_UNVALIDATED
C_30237,22.971843719482425,4.201268672943115,0.8411117792129517,0,0,2005-07-26T10:45:00,ENGINE_EXECUTABLE_HYDRAULICALLY_UNVALIDATED
C_30238,22.85689926147461,4.389497756958008,0.812293529510498,0,0,2005-07-26T10:45:00,ENGINE_EXECUTABLE_HYDRAULICALLY_UNVALIDATED
C_30239,22.74742889404297,4.421092510223389,0.7988862991333008,0,0,2005-07-26T10:30:00,ENGINE_EXECUTABLE_HYDRAULICALLY_UNVALIDATED
C_30240,12.703388214111328,4.697924137115479,1.351870894432068,0,0,2005-07-26T10:30:00,ENGINE_EXECUTABLE_HYDRAULICALLY_UNVALIDATED
C_30241,12.803993225097656,5.136157035827637,1.2444511651992798,0,0,2005-07-26T10:30:00,ENGINE_EXECUTABLE_HYDRAULICALLY_UNVALIDATED
C_30242,23.179109573364254,4.734015941619873,0.753191351890564,0,0,2005-07-26T10:45:00,ENGINE_EXECUTABLE_HYDRAULICALLY_UNVALIDATED
C_30243,10.050722122192385,3.052051305770874,0.6585474610328674,0,0,2005-07-26T10:45:00,ENGINE_EXECUTABLE_HYDRAULICALLY_UNVALIDATED
C_30244,9.713662147521973,3.409369945526123,0.5946390628814697,0,0,2005-07-26T10:45:00,ENGINE_EXECUTABLE_HYDRAULICALLY_UNVALIDATED
C_30245,9.690300941467283,3.926539897918701,0.8403717875480652,0,0,2005-07-26T10:30:00,ENGINE_EXECUTABLE_HYDRAULICALLY_UNVALIDATED
C_30246,9.726694107055664,2.897357940673828,1.0680121183395386,0,0,2005-07-26T10:30:00,ENGINE_EXECUTABLE_HYDRAULICALLY_UNVALIDATED
C_30247,11.524333953857422,3.3531572818756104,1.7156654596328735,0,0,2005-07-26T10:30:00,ENGINE_EXECUTABLE_HYDRAULICALLY_UNVALIDATED
C_30248,12.377030372619627,4.356333255767822,1.419001817703247,0,0,2005-07-26T10:30:00,ENGINE_EXECUTABLE_HYDRAULICALLY_UNVALIDATED
C_30249,12.021933555603027,4.633739948272705,1.3005692958831787,0,0,2005-07-26T10:30:00,ENGINE_EXECUTABLE_HYDRAULICALLY_UNVALIDATED
C_30250,11.682619094848633,2.730552196502685,1.0720782279968262,0,0,2005-07-26T10:30:00,ENGINE_EXECUTABLE_HYDRAULICALLY_UNVALIDATED
C_30251,11.645149230957031,3.307861089706421,0.8800137639045715,0,0,2005-07-26T10:30:00,ENGINE_EXECUTABLE_HYDRAULICALLY_UNVALIDATED
C_30252,11.617875099182127,3.306016206741333,1.7551300525665283,0,0,2005-07-26T10:30:00,ENGINE_EXECUTABLE_HYDRAULICALLY_UNVALIDATED
C_30253,11.637359619140623,4.4444074630737305,1.3090680837631226,0,0,2005-07-26T10:30:00,ENGINE_EXECUTABLE_HYDRAULICALLY_UNVALIDATED
C_30254,7.400964736938477,2.610399007797241,1.981711745262146,0,0,2005-07-26T11:00:00,ENGINE_EXECUTABLE_HYDRAULICALLY_UNVALIDATED
C_30255,11.597780227661133,4.0716328620910645,1.4254841804504397,0,0,2005-07-26T10:45:00,ENGINE_EXECUTABLE_HYDRAULICALLY_UNVALIDATED
C_30256,9.491579055786133,5.785712242126465,1.0071933269500732,0,0,2005-07-26T10:45:00,ENGINE_EXECUTABLE_HYDRAULICALLY_UNVALIDATED
C_30257,7.887197017669678,3.0377886295318604,0.9203615188598632,0,0,2005-07-26T10:45:00,ENGINE_EXECUTABLE_HYDRAULICALLY_UNVALIDATED
C_30258,8.870086669921875,1.827662467956543,1.26056706905365,0,0,2005-07-26T10:45:00,ENGINE_EXECUTABLE_HYDRAULICALLY_UNVALIDATED
C_30259,12.429405212402344,3.760883331298828,1.6514484882354736,0,0,2005-07-26T10:30:00,ENGINE_EXECUTABLE_HYDRAULICALLY_UNVALIDATED
C_30260,13.264907836914062,4.363569736480713,1.5197913646697998,0,0,2005-07-26T10:30:00,ENGINE_EXECUTABLE_HYDRAULICALLY_UNVALIDATED
C_30261,10.239238739013672,3.3014135360717773,1.494304060935974,0,0,2005-07-26T10:30:00,ENGINE_EXECUTABLE_HYDRAULICALLY_UNVALIDATED
C_30262,8.39966869354248,4.501842021942139,0.953192412853241,0,0,2005-07-26T10:45:00,ENGINE_EXECUTABLE_HYDRAULICALLY_UNVALIDATED
C_30263,8.609786987304688,3.3996832370758057,1.0315945148468018,0,0,2005-07-26T10:30:00,ENGINE_EXECUTABLE_HYDRAULICALLY_UNVALIDATED
C_30264,8.681541442871094,2.767204761505127,1.248105764389038,0,0,2005-07-26T10:30:00,ENGINE_EXECUTABLE_HYDRAULICALLY_UNVALIDATED
C_30265,9.161727905273438,2.7688729763031006,1.75029456615448,0,0,2005-07-26T11:00:00,ENGINE_EXECUTABLE_HYDRAULICALLY_UNVALIDATED
C_30266,5.337295055389404,2.164961576461792,0.912975013256073,0,0,2005-07-26T10:45:00,ENGINE_EXECUTABLE_HYDRAULICALLY_UNVALIDATED
C_30267,5.337296485900879,2.749001264572144,0.7190088629722595,0,0,2005-07-26T10:45:00,ENGINE_EXECUTABLE_HYDRAULICALLY_UNVALIDATED
C_30268,5.3372979164123535,3.798459768295288,0.7035378217697144,0,0,2005-07-26T10:45:00,ENGINE_EXECUTABLE_HYDRAULICALLY_UNVALIDATED
C_30269,3.8032307624816895,2.6718549728393555,0.7119977474212646,0,0,2005-07-26T10:45:00,ENGINE_EXECUTABLE_HYDRAULICALLY_UNVALIDATED
C_30270,3.8032314777374263,3.045025587081909,0.62662273645401,0,0,2005-07-26T10:45:00,ENGINE_EXECUTABLE_HYDRAULICALLY_UNVALIDATED
C_30271,3.03568172454834,2.7519423961639404,0.5433410406112671,0,0,2005-07-26T10:45:00,ENGINE_EXECUTABLE_HYDRAULICALLY_UNVALIDATED
C_30272,1.5113191604614258,1.801425218582153,0.4154849350452423,0,0,2005-07-26T10:45:00,ENGINE_EXECUTABLE_HYDRAULICALLY_UNVALIDATED
C_30273,1.5113201141357422,2.257389783859253,0.3335448205471039,0,0,2005-07-26T10:45:00,ENGINE_EXECUTABLE_HYDRAULICALLY_UNVALIDATED
C_30274,1.511320948600769,2.456115961074829,0.3074768483638763,0,0,2005-07-26T10:45:00,ENGINE_EXECUTABLE_HYDRAULICALLY_UNVALIDATED
C_30275,1.511321783065796,1.8540467023849487,0.3260227739810943,0,0,2005-07-26T10:45:00,ENGINE_EXECUTABLE_HYDRAULICALLY_UNVALIDATED
C_30276,1.51132333278656,2.045605421066284,0.295492947101593,0,0,2005-07-26T10:45:00,ENGINE_EXECUTABLE_HYDRAULICALLY_UNVALIDATED
C_30277,11.184847831726074,3.730991840362549,1.0062768459320068,0,0,2005-07-26T10:45:00,ENGINE_EXECUTABLE_HYDRAULICALLY_UNVALIDATED
C_30278,10.783881187438965,3.3584752082824707,1.0254193544387815,0,0,2005-07-26T10:30:00,ENGINE_EXECUTABLE_HYDRAULICALLY_UNVALIDATED
C_30279,9.636698722839355,2.665863513946533,1.1382962465286257,0,0,2005-07-26T10:30:00,ENGINE_EXECUTABLE_HYDRAULICALLY_UNVALIDATED
C_30280,9.946468353271484,3.929642915725708,0.9085811972618104,0,0,2005-07-26T10:30:00,ENGINE_EXECUTABLE_HYDRAULICALLY_UNVALIDATED
C_30281,9.845328330993652,2.832783460617065,1.144177794456482,0,0,2005-07-26T10:45:00,ENGINE_EXECUTABLE_HYDRAULICALLY_UNVALIDATED
C_30282,9.893235206604004,2.7588860988616943,0.9323716759681702,0,0,2005-07-26T10:30:00,ENGINE_EXECUTABLE_HYDRAULICALLY_UNVALIDATED
C_30283,10.057330131530762,3.393406629562378,1.067911982536316,0,0,2005-07-26T10:30:00,ENGINE_EXECUTABLE_HYDRAULICALLY_UNVALIDATED
C_30284,9.891833305358888,3.069109439849853,1.1799280643463137,0,0,2005-07-26T10:45:00,ENGINE_EXECUTABLE_HYDRAULICALLY_UNVALIDATED
C_30285,9.858101844787598,2.7758729457855225,1.1003893613815308,0,0,2005-07-26T10:45:00,ENGINE_EXECUTABLE_HYDRAULICALLY_UNVALIDATED
C_30286,9.801763534545898,3.11350679397583,1.1699447631835938,0,0,2005-07-26T10:30:00,ENGINE_EXECUTABLE_HYDRAULICALLY_UNVALIDATED
C_30287,9.89639377593994,3.11395263671875,0.987178385257721,0,0,2005-07-26T10:45:00,ENGINE_EXECUTABLE_HYDRAULICALLY_UNVALIDATED
C_30288,9.895223617553713,1.8780457973480225,1.0536614656448364,0,0,2005-07-26T10:45:00,ENGINE_EXECUTABLE_HYDRAULICALLY_UNVALIDATED
C_30289,9.87179183959961,3.6357016563415527,0.9049782752990724,0,0,2005-07-26T10:45:00,ENGINE_EXECUTABLE_HYDRAULICALLY_UNVALIDATED
C_30290,9.864887237548828,3.795051336288452,0.8663728833198547,0,0,2005-07-26T10:45:00,ENGINE_EXECUTABLE_HYDRAULICALLY_UNVALIDATED
C_30291,9.860392570495604,2.08864164352417,0.9440867900848388,0,0,2005-07-26T10:45:00,ENGINE_EXECUTABLE_HYDRAULICALLY_UNVALIDATED
C_30292,9.81008243560791,2.888278007507324,1.1379218101501465,0,0,2005-07-26T10:45:00,ENGINE_EXECUTABLE_HYDRAULICALLY_UNVALIDATED
C_30293,9.822182655334473,3.371480941772461,1.1437252759933472,0,0,2005-07-26T10:45:00,ENGINE_EXECUTABLE_HYDRAULICALLY_UNVALIDATED
C_30294,9.86033821105957,2.843278169631958,1.1726617813110352,0,0,2005-07-26T10:45:00,ENGINE_EXECUTABLE_HYDRAULICALLY_UNVALIDATED
C_30295,9.896355628967283,2.966853618621826,1.175632119178772,0,0,2005-07-26T10:45:00,ENGINE_EXECUTABLE_HYDRAULICALLY_UNVALIDATED
C_30296,9.82603645324707,3.514307975769043,1.1698853969573977,0,0,2005-07-26T10:30:00,ENGINE_EXECUTABLE_HYDRAULICALLY_UNVALIDATED
C_30297,9.800272941589355,3.459606409072876,1.1836421489715576,0,0,2005-07-26T10:45:00,ENGINE_EXECUTABLE_HYDRAULICALLY_UNVALIDATED
C_30298,9.856878280639648,3.4496288299560547,1.1501833200454712,0,0,2005-07-26T10:45:00,ENGINE_EXECUTABLE_HYDRAULICALLY_UNVALIDATED
C_30299,10.021631240844728,3.2598392963409424,0.9510919451713562,0,0,2005-07-26T10:45:00,ENGINE_EXECUTABLE_HYDRAULICALLY_UNVALIDATED
C_30300,9.772765159606934,3.982574462890625,0.9498469233512878,0,0,2005-07-26T10:30:00,ENGINE_EXECUTABLE_HYDRAULICALLY_UNVALIDATED
C_30301,9.81071949005127,3.193790435791016,1.2271147966384888,0,0,2005-07-26T10:45:00,ENGINE_EXECUTABLE_HYDRAULICALLY_UNVALIDATED
C_30302,9.819052696228027,3.154627799987793,1.037413477897644,0,0,2005-07-26T10:30:00,ENGINE_EXECUTABLE_HYDRAULICALLY_UNVALIDATED
C_30303,9.8064546585083,3.9958088397979736,0.9707138538360596,0,0,2005-07-26T10:45:00,ENGINE_EXECUTABLE_HYDRAULICALLY_UNVALIDATED
C_30304,9.768311500549316,2.4325520992279053,1.2365927696228027,0,0,2005-07-26T10:30:00,ENGINE_EXECUTABLE_HYDRAULICALLY_UNVALIDATED
C_30305,9.806452751159668,3.0941431522369385,1.0383377075195312,0,0,2005-07-26T10:45:00,ENGINE_EXECUTABLE_HYDRAULICALLY_UNVALIDATED
C_30306,9.806535720825195,3.188138484954834,1.0170639753341677,0,0,2005-07-26T10:45:00,ENGINE_EXECUTABLE_HYDRAULICALLY_UNVALIDATED
C_30307,9.80752658843994,3.195151329040528,1.023053765296936,0,0,2005-07-26T10:45:00,ENGINE_EXECUTABLE_HYDRAULICALLY_UNVALIDATED
C_30308,9.80738925933838,2.532802104949951,0.9679296612739564,0,0,2005-07-26T10:45:00,ENGINE_EXECUTABLE_HYDRAULICALLY_UNVALIDATED
C_30309,9.806574821472168,3.32107925415039,1.29382061958313,0,0,2005-07-26T10:45:00,ENGINE_EXECUTABLE_HYDRAULICALLY_UNVALIDATED
C_30310,9.806941032409668,1.921219825744629,0.8506617546081543,0,0,2005-07-26T10:45:00,ENGINE_EXECUTABLE_HYDRAULICALLY_UNVALIDATED
C_30311,9.80656623840332,3.671730041503906,1.276545166969299,0,0,2005-07-26T10:45:00,ENGINE_EXECUTABLE_HYDRAULICALLY_UNVALIDATED
C_30312,9.798532485961914,4.272716999053955,1.0259613990783691,0,0,2005-07-26T10:45:00,ENGINE_EXECUTABLE_HYDRAULICALLY_UNVALIDATED
C_30313,9.80655288696289,3.5591540336608887,0.7857059240341187,0,0,2005-07-26T10:45:00,ENGINE_EXECUTABLE_HYDRAULICALLY_UNVALIDATED
C_30314,9.806591033935549,4.191460609436035,1.1334298849105835,0,0,2005-07-26T10:45:00,ENGINE_EXECUTABLE_HYDRAULICALLY_UNVALIDATED
C_30315,9.809977531433104,4.989663600921631,0.945570468902588,0,0,2005-07-26T10:45:00,ENGINE_EXECUTABLE_HYDRAULICALLY_UNVALIDATED
C_30316,9.806600570678713,2.9219746589660645,1.3072775602340698,0,0,2005-07-26T10:45:00,ENGINE_EXECUTABLE_HYDRAULICALLY_UNVALIDATED
C_30317,9.806703567504885,3.333560943603516,1.3567724227905271,0,0,2005-07-26T10:45:00,ENGINE_EXECUTABLE_HYDRAULICALLY_UNVALIDATED
C_30318,9.399044036865234,4.14187479019165,1.1965460777282717,0,0,2005-07-26T10:45:00,ENGINE_EXECUTABLE_HYDRAULICALLY_UNVALIDATED
C_30319,9.80815887451172,3.075703859329224,1.4215604066848757,0,0,2005-07-26T10:45:00,ENGINE_EXECUTABLE_HYDRAULICALLY_UNVALIDATED
C_30320,9.806680679321287,3.288405656814575,1.2705014944076538,0,0,2005-07-26T10:45:00,ENGINE_EXECUTABLE_HYDRAULICALLY_UNVALIDATED
C_30321,9.806693077087402,3.0887248516082764,1.1757941246032717,0,0,2005-07-26T10:45:00,ENGINE_EXECUTABLE_HYDRAULICALLY_UNVALIDATED
C_30322,9.806710243225098,4.290167808532715,1.0020177364349363,0,0,2005-07-26T10:45:00,ENGINE_EXECUTABLE_HYDRAULICALLY_UNVALIDATED
C_30323,9.80672550201416,4.065886497497559,0.8625479340553284,0,0,2005-07-26T10:45:00,ENGINE_EXECUTABLE_HYDRAULICALLY_UNVALIDATED
C_30324,9.806750297546388,5.6653666496276855,0.6771547198295593,0,0,2005-07-26T10:45:00,ENGINE_EXECUTABLE_HYDRAULICALLY_UNVALIDATED
C_30325,9.806745529174805,4.848806381225586,0.6740939617156982,0,0,2005-07-26T10:45:00,ENGINE_EXECUTABLE_HYDRAULICALLY_UNVALIDATED
C_30326,9.806736946105955,2.593571186065674,0.7561500668525696,0,0,2005-07-26T10:45:00,ENGINE_EXECUTABLE_HYDRAULICALLY_UNVALIDATED
C_30327,24.61376190185547,6.152755260467529,2.0,60,60,2005-07-26T10:45:00,ENGINE_EXECUTABLE_HYDRAULICALLY_UNVALIDATED
C_30328,17.0057315826416,4.250959873199463,2.0,60,60,2005-07-26T10:30:00,ENGINE_EXECUTABLE_HYDRAULICALLY_UNVALIDATED
C_30329,16.243453979492188,4.06041145324707,2.0,60,60,2005-07-26T10:30:00,ENGINE_EXECUTABLE_HYDRAULICALLY_UNVALIDATED
C_30330,1.5113242864608765,2.889579057693481,0.2571128308773041,0,0,2005-07-26T10:45:00,ENGINE_EXECUTABLE_HYDRAULICALLY_UNVALIDATED
C_30331,1.5113252401351929,2.470095157623291,0.3007772266864776,0,0,2005-07-26T10:45:00,ENGINE_EXECUTABLE_HYDRAULICALLY_UNVALIDATED
C_30332,1.5113263130187988,2.9916579723358154,0.3660318255424499,0,0,2005-07-26T10:45:00,ENGINE_EXECUTABLE_HYDRAULICALLY_UNVALIDATED
C_30333,1.511327028274536,1.927020788192749,0.3834690749645233,0,0,2005-07-26T10:45:00,ENGINE_EXECUTABLE_HYDRAULICALLY_UNVALIDATED
C_30334,9.806796073913574,5.151789665222168,0.964702844619751,0,0,2005-07-26T10:45:00,ENGINE_EXECUTABLE_HYDRAULICALLY_UNVALIDATED
C_30335,9.806801795959473,4.968903064727783,1.0094196796417236,0,0,2005-07-26T10:45:00,ENGINE_EXECUTABLE_HYDRAULICALLY_UNVALIDATED
C_30336,9.806790351867676,4.999222278594971,0.9234673976898192,0,0,2005-07-26T10:45:00,ENGINE_EXECUTABLE_HYDRAULICALLY_UNVALIDATED
C_30337,9.806782722473145,5.161101818084717,0.8727248311042786,0,0,2005-07-26T10:45:00,ENGINE_EXECUTABLE_HYDRAULICALLY_UNVALIDATED
C_30338,9.806771278381348,5.2022247314453125,0.8971447348594666,0,0,2005-07-26T10:45:00,ENGINE_EXECUTABLE_HYDRAULICALLY_UNVALIDATED
C_30339,9.806756973266602,4.5474772453308105,0.8075980544090271,0,0,2005-07-26T10:45:00,ENGINE_EXECUTABLE_HYDRAULICALLY_UNVALIDATED
C_30340,9.806838035583496,3.3183305263519287,0.3283360004425049,0,0,2005-07-26T10:45:00,ENGINE_EXECUTABLE_HYDRAULICALLY_UNVALIDATED
C_30341,9.8068265914917,1.687418818473816,0.6456761360168457,0,0,2005-07-26T10:45:00,ENGINE_EXECUTABLE_HYDRAULICALLY_UNVALIDATED
C_30342,9.80685043334961,3.160314083099365,0.3447532951831817,0,0,2005-07-26T10:45:00,ENGINE_EXECUTABLE_HYDRAULICALLY_UNVALIDATED
C_30343,9.806859016418455,3.168722152709961,0.3053630888462066,0,0,2005-07-26T10:45:00,ENGINE_EXECUTABLE_HYDRAULICALLY_UNVALIDATED
C_30344,9.80687141418457,3.114104986190796,0.3868813812732696,0,0,2005-07-26T10:45:00,ENGINE_EXECUTABLE_HYDRAULICALLY_UNVALIDATED
C_30345,9.806891441345217,3.009214401245117,0.362065702676773,0,0,2005-07-26T10:45:00,ENGINE_EXECUTABLE_HYDRAULICALLY_UNVALIDATED
C_30346,9.806900024414062,3.713353395462036,0.2934097945690155,0,0,2005-07-26T10:45:00,ENGINE_EXECUTABLE_HYDRAULICALLY_UNVALIDATED
C_30347,9.806907653808594,3.0644452571868896,0.3555407226085663,0,0,2005-07-26T10:45:00,ENGINE_EXECUTABLE_HYDRAULICALLY_UNVALIDATED
C_30348,9.806917190551758,2.852555751800537,0.3819508552551269,0,0,2005-07-26T10:45:00,ENGINE_EXECUTABLE_HYDRAULICALLY_UNVALIDATED
C_30349,9.806930541992188,3.329233407974243,0.3272638320922851,0,0,2005-07-26T10:45:00,ENGINE_EXECUTABLE_HYDRAULICALLY_UNVALIDATED
C_30350,9.806936264038086,3.3793747425079346,0.3627092540264129,0,0,2005-07-26T10:45:00,ENGINE_EXECUTABLE_HYDRAULICALLY_UNVALIDATED
C_30351,9.801908493041992,2.4715499877929688,0.4956817030906677,0,0,2005-07-26T10:45:00,ENGINE_EXECUTABLE_HYDRAULICALLY_UNVALIDATED
C_30352,9.80695915222168,2.1197333335876465,0.5736595988273621,0,0,2005-07-26T10:45:00,ENGINE_EXECUTABLE_HYDRAULICALLY_UNVALIDATED
C_30353,9.80698013305664,2.3426177501678467,0.5232334733009338,0,0,2005-07-26T10:45:00,ENGINE_EXECUTABLE_HYDRAULICALLY_UNVALIDATED
C_30354,9.807001113891602,3.0149295330047607,0.3558869063854217,0,0,2005-07-26T10:45:00,ENGINE_EXECUTABLE_HYDRAULICALLY_UNVALIDATED
C_30355,9.806992530822754,2.609600305557251,0.4052658975124359,0,0,2005-07-26T10:45:00,ENGINE_EXECUTABLE_HYDRAULICALLY_UNVALIDATED
C_30356,9.807007789611816,3.513462543487549,0.310106098651886,0,0,2005-07-26T10:45:00,ENGINE_EXECUTABLE_HYDRAULICALLY_UNVALIDATED
C_30357,27.71916389465332,4.6193461418151855,2.0,330,330,2005-07-26T10:15:00,ENGINE_EXECUTABLE_HYDRAULICALLY_UNVALIDATED
C_30358,15.431906700134276,2.571697950363159,2.0,300,300,2005-07-26T11:15:00,ENGINE_EXECUTABLE_HYDRAULICALLY_UNVALIDATED
C_30359,24.652984619140625,4.108373165130615,2.0,300,300,2005-07-26T10:15:00,ENGINE_EXECUTABLE_HYDRAULICALLY_UNVALIDATED
