junction_id,x_utm43,y_utm43,lon,lat,invert_elev_thd_m,invert_elev_msl_m,ground_elev_thd_m,ground_elev_msl_m,max_depth_m,init_depth_m,surcharge_depth_m,ponded_area_m2
2175075904,275594.0,2107987.0,72.867596,19.052382,26.913,-0.519,34.971,7.539,8.058,0.0,0.0,100.0
2175076802,275696.7,2107884.7,72.868583,19.051469,26.979,-0.453,49.68,22.248,22.701,0.0,0.0,100.0
2175077803,275734.0,2107859.0,72.868941,19.051241,26.704,-0.728,33.098,5.666,6.394,0.0,0.0,100.0
2175076903,275624.7,2107941.2,72.867893,19.051972,27.232,-0.2,49.007,21.575,21.775,0.0,0.0,100.0
2175076905,275652.6,2107919.3,72.868161,19.051777,27.134,-0.298,52.882,25.45,25.748,0.0,0.0,100.0
2175077801,275732.4,2107814.3,72.868931,19.050837,26.581,-0.851,30.432,3.0,3.851,0.0,0.0,100.0
2175078701,275858.24,2107745.13,72.870134,19.050226,26.923,-0.509,31.25,3.818,4.327,0.0,0.0,100.0
2175078702,275876.71,2107728.0,72.870311,19.050074,26.893,-0.539,31.328,3.896,4.435,0.0,0.0,100.0
2175085101,275558.6,2108179.6,72.867238,19.054117,26.278,-1.154,33.915,6.483,7.637,0.0,0.0,100.0
2175086001,275609.0,2108017.0,72.867735,19.052654,27.0,-0.432,32.53,5.098,5.53,0.0,0.0,100.0
2175086101,275622.3,2108135.9,72.867848,19.05373,26.5,-0.932,31.468,4.036,4.968,0.0,0.0,100.0
2175086302,275663.4,2108312.3,72.868218,19.055327,24.596,-2.836,31.808,4.376,7.212,0.0,0.0,100.0
2175087801,275700.06,2108822.85,72.868507,19.059942,26.692,-0.74,29.432,2.0,2.74,0.0,0.0,100.0
2175087201,275719.0,2108274.5,72.86875,19.054992,24.737,-2.695,30.646,3.214,5.909,0.0,0.0,100.0
2175087202,275769.2,2108251.9,72.86923,19.054793,24.856,-2.576,29.716,2.284,4.86,0.0,0.0,100.0
2175087802,275727.24,2108806.95,72.868767,19.059802,26.536,-0.896,29.369,1.937,2.833,0.0,0.0,100.0
2175088301,275834.0,2108397.0,72.869828,19.056111,25.13,-2.302,29.376,1.944,4.246,0.0,0.0,100.0
2175088401,275812.8,2108405.6,72.869626,19.056186,25.075,-2.357,31.922,4.49,6.847,0.0,0.0,100.0
2175088302,275854.9,2108381.9,72.870029,19.055977,25.191,-2.241,31.854,4.422,6.663,0.0,0.0,100.0
2175088303,275867.1,2108375.1,72.870145,19.055917,25.225,-2.207,31.854,4.422,6.629,0.0,0.0,100.0
2175088304,275876.2,2108369.5,72.870232,19.055867,25.5,-1.932,34.561,7.129,9.061,0.0,0.0,100.0
2175088402,275819.0,2108415.8,72.869684,19.056279,25.084,-2.348,31.922,4.49,6.838,0.0,0.0,100.0
2175088602,275846.8,2108604.9,72.869926,19.05799,25.304,-2.128,29.229,1.797,3.925,0.0,0.0,100.0
2175089401,275919.9,2108463.4,72.870636,19.05672,25.413,-2.019,29.981,2.549,4.568,0.0,0.0,100.0
2175089501,275907.9,2108567.1,72.870511,19.057655,26.2,-1.232,31.961,4.529,5.761,0.0,0.0,100.0
2175089502,275917.1,2108558.7,72.870599,19.057581,25.215,-2.217,29.304,1.872,4.089,0.0,0.0,100.0
2175089503,275981.6,2108550.3,72.871212,19.057512,25.607,-1.825,30.276,2.844,4.669,0.0,0.0,100.0
2175089601,275983.8,2108656.8,72.871221,19.058474,25.304,-2.128,31.763,4.331,6.459,0.0,0.0,100.0
2175089701,275963.6,2108762.9,72.871017,19.05943,25.645,-1.787,32.576,5.144,6.931,0.0,0.0,100.0
2176071601,276159.05,2107687.5,72.872997,19.049739,25.286,-2.146,28.532,1.1,3.246,0.0,0.0,100.0
2176071705,276182.5,2107776.9,72.87321,19.050549,25.723,-1.709,29.432,2.0,3.709,0.0,0.0,100.0
2176070707,276080.8,2107798.8,72.872241,19.050736,25.827,-1.605,38.061,10.629,12.234,0.0,0.0,100.0
2176070801,276095.5,2107853.2,72.872375,19.051228,25.895,-1.537,38.158,10.726,12.263,0.0,0.0,100.0
2176072701,276228.2,2107705.7,72.873652,19.049911,25.251,-2.181,28.519,1.087,3.268,0.0,0.0,100.0
2176072801,276286.7,2107814.9,72.874195,19.050903,25.698,-1.734,44.884,17.452,19.186,0.0,0.0,100.0
2176071901,276115.7,2107927.8,72.872558,19.051904,25.989,-1.443,40.432,13.0,14.443,0.0,0.0,100.0
2176073601,276303.9,2107662.3,72.874376,19.049527,25.209,-2.223,29.473,2.041,4.264,0.0,0.0,100.0
2176073803,276359.3,2107843.7,72.874881,19.051172,25.68,-1.752,38.737,11.305,13.057,0.0,0.0,100.0
2176073602,276310.58,2107656.45,72.87444,19.049475,25.204,-2.228,29.447,2.015,4.243,0.0,0.0,100.0
2176073603,276356.31,2107660.51,72.874874,19.049517,25.182,-2.25,36.202,8.77,11.02,0.0,0.0,100.0
2176073604,276389.64,2107621.22,72.875195,19.049166,25.157,-2.275,38.454,11.022,13.297,0.0,0.0,100.0
2176074501,276441.05,2107593.04,72.875686,19.048917,25.129,-2.303,32.554,5.122,7.425,0.0,0.0,100.0
2176074801,276403.0,2107857.2,72.875295,19.051298,25.669,-1.763,39.609,12.177,13.94,0.0,0.0,100.0
2176073806,276388.78,2107837.56,72.875162,19.051119,26.691,-0.741,35.072,7.64,8.381,0.0,0.0,100.0
2176073805,276364.0,2107869.9,72.874923,19.051409,25.924,-1.508,46.316,18.884,20.392,0.0,0.0,100.0
2176074802,276417.52,2107846.68,72.875434,19.051205,26.685,-0.747,32.619,5.187,5.934,0.0,0.0,100.0
2176073901,276382.4,2107928.0,72.875091,19.051935,26.481,-0.951,44.063,16.631,17.582,0.0,0.0,100.0
2176073902,276398.1,2107969.9,72.875235,19.052316,26.891,-0.541,39.014,11.582,12.123,0.0,0.0,100.0
2176074502,276493.67,2107573.17,72.876188,19.048743,25.101,-2.331,29.508,2.076,4.407,0.0,0.0,100.0
2176075501,276518.01,2107560.93,72.876421,19.048635,25.088,-2.344,29.508,2.076,4.42,0.0,0.0,100.0
2176074804,276470.7,2107883.3,72.875935,19.051541,25.653,-1.779,30.46,3.028,4.807,0.0,0.0,100.0
2176074803,276445.83,2107856.05,72.875702,19.051292,26.678,-0.754,30.432,3.0,3.754,0.0,0.0,100.0
2176075801,276501.96,2107877.04,72.876232,19.051488,26.664,-0.768,30.467,3.035,3.803,0.0,0.0,100.0
2176075901,276524.4,2107918.9,72.876441,19.051869,25.639,-1.793,40.13,12.698,14.491,0.0,0.0,100.0
2176075502,276539.57,2107537.43,72.876628,19.048425,25.073,-2.359,30.475,3.043,5.402,0.0,0.0,100.0
2176075802,276530.0,2107887.3,72.876497,19.051584,26.657,-0.775,32.677,5.245,6.02,0.0,0.0,100.0
2176075803,276558.31,2107898.04,72.876765,19.051684,26.651,-0.781,33.365,5.933,6.714,0.0,0.0,100.0
2176075902,276556.6,2107950.4,72.876743,19.052157,25.628,-1.804,42.298,14.866,16.67,0.0,0.0,100.0
2176076902,276620.4,2107978.0,72.877345,19.052413,25.613,-1.819,61.987,34.555,36.374,0.0,0.0,100.0
2176076901,276614.7,2107919.0,72.877298,19.051879,26.637,-0.795,42.317,14.885,15.68,0.0,0.0,100.0
2176076502,276685.84,2107555.81,72.878016,19.048607,24.332,-3.1,29.287,1.855,4.955,0.0,0.0,100.0
2176076503,276691.91,2107526.46,72.878077,19.048343,24.318,-3.114,29.461,2.029,5.143,0.0,0.0,100.0
2176076504,276677.1,2107584.4,72.877929,19.048864,24.345,-3.087,28.642,1.21,4.297,0.0,0.0,100.0
2176076601,276640.95,2107697.96,72.877573,19.049886,24.4,-3.032,28.406,0.974,4.006,0.0,0.0,100.0
2176076602,276647.75,2107669.27,72.877641,19.049628,24.386,-3.046,34.103,6.671,9.717,0.0,0.0,100.0
2176076603,276658.91,2107641.34,72.87775,19.049377,24.373,-3.059,34.103,6.671,9.73,0.0,0.0,100.0
2176076604,276669.19,2107613.4,72.877851,19.049125,24.359,-3.073,29.409,1.977,5.05,0.0,0.0,100.0
2176076701,276645.7,2107727.63,72.877615,19.050155,24.414,-3.018,50.546,23.114,26.132,0.0,0.0,100.0
2176076702,276650.04,2107757.3,72.877652,19.050423,24.427,-3.005,39.126,11.694,14.699,0.0,0.0,100.0
2176076703,276663.78,2107783.61,72.87778,19.050662,24.441,-2.991,31.041,3.609,6.6,0.0,0.0,100.0
2176076801,276686.2,2107803.2,72.87799,19.050841,24.454,-2.978,28.491,1.059,4.037,0.0,0.0,100.0
2176076903,276643.57,2107929.09,72.877571,19.051974,26.549,-0.883,42.317,14.885,15.768,0.0,0.0,100.0
2176076904,276672.57,2107997.37,72.877839,19.052594,25.175,-2.257,41.877,14.445,16.702,0.0,0.0,100.0
2176076906,276685.51,2107945.17,72.877968,19.052124,25.155,-2.277,30.451,3.019,5.296,0.0,0.0,100.0
2176077801,276703.9,2107827.03,72.878156,19.051059,24.468,-2.964,29.575,2.143,5.107,0.0,0.0,100.0
2176080601,276040.3,2108628.3,72.871761,19.058223,25.786,-1.646,31.665,4.233,5.879,0.0,0.0,100.0
2176080602,276089.3,2108689.9,72.872219,19.058784,25.929,-1.503,29.934,2.502,4.005,0.0,0.0,100.0
2176080701,276022.7,2108732.5,72.871582,19.059162,25.775,-1.657,32.895,5.463,7.12,0.0,0.0,100.0
2176080702,276085.0,2108792.9,72.872167,19.059714,25.432,-2.0,30.826,3.394,5.394,0.0,0.0,100.0
2176080801,276079.3,2108890.8,72.872101,19.060598,25.913,-1.519,30.432,3.0,4.519,0.0,0.0,100.0
2176080902,276048.6,2108902.0,72.871808,19.060695,25.811,-1.621,30.665,3.233,4.854,0.0,0.0,100.0
2176080901,276026.6,2108909.8,72.871598,19.060763,25.739,-1.693,31.036,3.604,5.297,0.0,0.0,100.0
2176081001,276121.4,2108018.9,72.872601,19.052728,26.1,-1.332,37.663,10.231,11.563,0.0,0.0,100.0
2176081701,276116.7,2108733.0,72.872475,19.059177,26.023,-1.409,30.959,3.527,4.936,0.0,0.0,100.0
2176081802,276127.1,2108891.4,72.872555,19.060608,25.512,-1.92,37.433,10.001,11.921,0.0,0.0,100.0
2176081803,276135.8,2108834.8,72.872644,19.060098,25.561,-1.871,32.231,4.799,6.67,0.0,0.0,100.0
2176081804,276179.4,2108809.3,72.873061,19.059873,26.203,-1.229,31.058,3.626,4.855,0.0,0.0,100.0
2176082801,276252.1,2108889.0,72.873743,19.0606,26.4,-1.032,31.432,4.0,5.032,0.0,0.0,100.0
2176082901,276215.1,2108926.3,72.873387,19.060933,25.799,-1.633,34.432,7.0,8.633,0.0,0.0,100.0
2176083901,276305.8,2108943.1,72.874246,19.061095,27.268,-0.164,32.92,5.488,5.652,0.0,0.0,100.0
2176084001,276407.2,2108013.7,72.875316,19.052712,27.3,-0.132,37.496,10.064,10.196,0.0,0.0,100.0
2176086001,276673.53,2108028.1,72.877844,19.052871,25.185,-2.247,42.835,15.403,17.65,0.0,0.0,100.0
2176086002,276673.97,2108081.58,72.877842,19.053354,25.203,-2.229,32.498,5.066,7.295,0.0,0.0,100.0
2176086003,276674.37,2108057.85,72.877849,19.05314,25.195,-2.237,38.019,10.587,12.824,0.0,0.0,100.0
2176086101,276656.21,2108175.12,72.877663,19.054197,25.234,-2.198,29.814,2.382,4.58,0.0,0.0,100.0
2176086102,276662.93,2108145.88,72.87773,19.053934,25.224,-2.208,29.486,2.054,4.262,0.0,0.0,100.0
2176086103,276671.16,2108116.97,72.877812,19.053674,25.214,-2.218,30.299,2.867,5.085,0.0,0.0,100.0
2176086201,276641.71,2108293.9,72.877512,19.055268,25.273,-2.159,28.432,1.0,3.159,0.0,0.0,100.0
2176086202,276642.69,2108264.01,72.877524,19.054999,25.263,-2.169,28.564,1.132,3.301,0.0,0.0,100.0
2176086203,276645.93,2108234.02,72.877559,19.054728,25.253,-2.179,32.63,5.198,7.377,0.0,0.0,100.0
2176086204,276650.38,2108204.46,72.877604,19.054462,25.244,-2.188,30.728,3.296,5.484,0.0,0.0,100.0
2176086301,276642.36,2108323.89,72.877514,19.055539,25.273,-2.159,28.586,1.154,3.313,0.0,0.0,100.0
2176086302,276645.61,2108353.45,72.877542,19.055807,25.294,-2.138,34.252,6.82,8.958,0.0,0.0,100.0
2176086303,276656.11,2108381.81,72.877638,19.056064,25.315,-2.117,31.602,4.17,6.287,0.0,0.0,100.0
2176086401,276674.51,2108404.55,72.87781,19.056271,25.336,-2.096,30.861,3.429,5.525,0.0,0.0,100.0
2176086402,276696.38,2108425.12,72.878016,19.056459,25.357,-2.075,30.595,3.163,5.238,0.0,0.0,100.0
2176087001,276751.6,2108079.3,72.87858,19.053342,25.254,-2.178,32.466,5.034,7.212,0.0,0.0,100.0
2176087002,276750.6,2108090.3,72.878569,19.053441,26.031,-1.401,32.466,5.034,6.435,0.0,0.0,100.0
2176087401,276716.63,2108447.21,72.878206,19.056661,25.379,-2.053,30.051,2.619,4.672,0.0,0.0,100.0
2176087402,276734.27,2108471.47,72.87837,19.056882,25.4,-2.032,30.382,2.95,4.982,0.0,0.0,100.0
2176087403,276755.82,2108491.93,72.878573,19.057069,25.421,-2.011,28.604,1.172,3.183,0.0,0.0,100.0
2176087501,276780.49,2108509.14,72.878805,19.057227,25.442,-1.99,29.702,2.27,4.26,0.0,0.0,100.0
2176088001,276885.7,2108083.9,72.879853,19.053398,25.341,-2.091,34.401,6.969,9.06,0.0,0.0,100.0
2176088002,276884.3,2108093.7,72.879839,19.053487,26.083,-1.349,34.401,6.969,8.318,0.0,0.0,100.0
2176088501,276804.09,2108527.56,72.879027,19.057396,25.463,-1.969,30.432,3.0,4.969,0.0,0.0,100.0
2176088502,276827.59,2108546.4,72.879248,19.057569,25.484,-1.948,30.196,2.764,4.712,0.0,0.0,100.0
2176088503,276851.4,2108564.37,72.879472,19.057734,25.506,-1.926,31.995,4.563,6.489,0.0,0.0,100.0
2176088504,276875.11,2108582.67,72.879695,19.057902,25.527,-1.905,30.46,3.028,4.933,0.0,0.0,100.0
2176088601,276896.97,2108603.35,72.879901,19.058091,25.548,-1.884,30.432,3.0,4.884,0.0,0.0,100.0
2176088701,276898.9,2108790.08,72.879897,19.059778,27.115,-0.317,34.432,7.0,7.317,0.0,0.0,100.0
2176089701,276922.28,2108729.2,72.880126,19.05923,27.066,-0.366,40.381,12.949,13.315,0.0,0.0,100.0
2176088801,276866.17,2108880.57,72.879576,19.060591,27.187,-0.245,37.671,10.239,10.484,0.0,0.0,100.0
2176088802,276880.99,2108837.7,72.879722,19.060206,27.153,-0.279,36.214,8.782,9.061,0.0,0.0,100.0
2176088901,276840.4,2108964.84,72.879322,19.06135,27.252,-0.18,36.205,8.773,8.953,0.0,0.0,100.0
2176088902,276852.8,2108922.7,72.879444,19.06097,27.22,-0.212,35.489,8.057,8.269,0.0,0.0,100.0
2176089501,276982.2,2108582.73,72.880712,19.057914,25.771,-1.661,28.587,1.155,2.816,0.0,0.0,100.0
2176089607,276971.99,2108610.35,72.880612,19.058162,25.673,-1.759,32.432,5.0,6.759,0.0,0.0,100.0
2176089502,276992.65,2108555.11,72.880815,19.057666,25.87,-1.562,28.62,1.188,2.75,0.0,0.0,100.0
2176089601,276906.51,2108613.74,72.87999,19.058186,25.558,-1.874,31.275,3.843,5.717,0.0,0.0,100.0
2176089603,276939.49,2108685.54,72.880295,19.058838,27.031,-0.401,37.298,9.866,10.267,0.0,0.0,100.0
2176089605,276957.15,2108648.28,72.880467,19.058503,25.538,-1.894,32.288,4.856,6.75,0.0,0.0,100.0
2176089604,276940.82,2108642.65,72.880312,19.058451,25.59,-1.842,31.542,4.11,5.952,0.0,0.0,100.0
2176089606,276968.74,2108652.15,72.880577,19.05854,25.61,-1.822,32.288,4.856,6.678,0.0,0.0,100.0
2176089608,276997.71,2108660.71,72.880851,19.05862,25.63,-1.802,32.3,4.868,6.67,0.0,0.0,100.0
2176091001,276169.5,2109015.0,72.872944,19.061729,25.611,-1.821,33.538,6.106,7.927,0.0,0.0,100.0
2176092101,276244.2,2109165.8,72.873636,19.063099,25.737,-1.695,34.178,6.746,8.441,0.0,0.0,100.0
2176092201,276242.5,2109235.0,72.873612,19.063724,26.2,-1.232,36.291,8.859,10.091,0.0,0.0,100.0
2176092502,276273.0,2109548.5,72.873865,19.066559,26.137,-1.295,32.469,5.037,6.332,0.0,0.0,100.0
2176093001,276336.9,2109045.9,72.87453,19.062027,26.135,-1.297,36.432,9.0,10.297,0.0,0.0,100.0
2176093002,276378.3,2109009.6,72.874927,19.061703,27.678,0.246,31.435,4.003,3.757,0.0,0.0,100.0
2176093101,276302.7,2109137.9,72.874195,19.062854,26.005,-1.427,35.639,8.207,9.634,0.0,0.0,100.0
2176093102,276364.5,2109113.7,72.874784,19.062642,26.279,-1.153,36.846,9.414,10.567,0.0,0.0,100.0
2176093201,276307.1,2109288.6,72.874219,19.064215,25.841,-1.591,31.446,4.014,5.605,0.0,0.0,100.0
2176093301,276347.2,2109395.8,72.874588,19.065188,25.927,-1.505,34.588,7.156,8.661,0.0,0.0,100.0
2176093401,276360.9,2109491.3,72.874707,19.066052,26.0,-1.432,40.458,13.026,14.458,0.0,0.0,100.0
2176093501,276361.1,2109536.3,72.874703,19.066458,26.5,-0.932,39.025,11.593,12.525,0.0,0.0,100.0
2176093502,276365.8,2109525.4,72.874749,19.06636,26.047,-1.385,35.535,8.103,9.488,0.0,0.0,100.0
2176093701,276389.3,2109703.9,72.874952,19.067975,26.29,-1.142,37.242,9.81,10.952,0.0,0.0,100.0
2176093901,276312.0,2109943.8,72.87419,19.070133,25.157,-2.275,43.293,15.861,18.136,0.0,0.0,100.0
2176093902,276346.2,2109935.6,72.874516,19.070063,25.279,-2.153,42.386,14.954,17.107,0.0,0.0,100.0
2176093903,276372.5,2109931.9,72.874766,19.070032,25.371,-2.061,37.53,10.098,12.159,0.0,0.0,100.0
2176093904,276377.5,2109944.7,72.874812,19.070148,25.418,-2.014,37.53,10.098,12.112,0.0,0.0,100.0
2176094001,276437.2,2109059.4,72.875481,19.062159,28.0,0.568,31.415,3.983,3.415,0.0,0.0,100.0
2176094201,276417.9,2109221.7,72.875279,19.063623,26.516,-0.916,36.712,9.28,10.196,0.0,0.0,100.0
2176094202,276454.3,2109256.4,72.875621,19.063941,26.614,-0.818,37.074,9.642,10.46,0.0,0.0,100.0
2176094401,276451.7,2109476.7,72.875571,19.06593,26.143,-1.289,35.673,8.241,9.53,0.0,0.0,100.0
2176094501,276485.0,2109539.2,72.87588,19.066498,26.357,-1.075,39.403,11.971,13.046,0.0,0.0,100.0
2176095401,276500.5,2109455.7,72.876037,19.065746,26.225,-1.207,37.78,10.348,11.555,0.0,0.0,100.0
2176094502,276486.8,2109592.5,72.875891,19.06698,26.44,-0.992,35.149,7.717,8.709,0.0,0.0,100.0
2176094901,276406.2,2109941.5,72.875085,19.070123,25.518,-1.914,34.957,7.525,9.439,0.0,0.0,100.0
2176094902,276428.9,2109935.1,72.875301,19.070067,25.6,-1.832,34.957,7.525,9.357,0.0,0.0,100.0
2176104001,276403.4,2110004.3,72.875051,19.07069,24.928,-2.504,35.279,7.847,10.351,0.0,0.0,100.0
2176095301,276528.1,2109324.7,72.876314,19.064565,26.812,-0.62,35.852,8.42,9.04,0.0,0.0,100.0
2176095402,276584.9,2109400.8,72.876845,19.065259,27.0,-0.432,39.493,12.061,12.493,0.0,0.0,100.0
2176095701,276510.0,2109739.4,72.876094,19.068309,26.67,-0.762,37.928,10.496,11.258,0.0,0.0,100.0
2176095801,276534.2,2109889.4,72.876307,19.069666,26.909,-0.523,35.147,7.715,8.238,0.0,0.0,100.0
2176095901,276593.1,2109982.9,72.876856,19.070517,27.082,-0.35,35.983,8.551,8.901,0.0,0.0,100.0
2176104002,276439.9,2110005.8,72.875398,19.070707,26.704,-0.728,44.005,16.573,17.301,0.0,0.0,100.0
2176096901,276682.3,2109972.6,72.877704,19.070434,30.0,2.568,38.704,11.272,8.704,0.0,0.0,100.0
2176098001,276837.2,2109001.5,72.879287,19.06168,27.28,-0.152,36.057,8.625,8.777,0.0,0.0,100.0
2176099901,276967.31,2109929.71,72.880416,19.070078,28.812,1.38,33.822,6.39,5.01,0.0,0.0,100.0
2176099902,276989.66,2109907.35,72.880631,19.069878,28.561,1.129,37.891,10.459,9.33,0.0,0.0,100.0
2177090801,277011.56,2109883.84,72.880842,19.069668,27.561,0.129,39.615,12.183,12.054,0.0,0.0,100.0
2176100102,276064.34,2110127.06,72.871817,19.071761,25.109,-2.323,30.569,3.137,5.46,0.0,0.0,100.0
2176101101,276120.56,2110151.09,72.872348,19.071984,25.021,-2.411,29.6,2.168,4.579,0.0,0.0,100.0
2176101401,276153.6,2110498.7,72.872622,19.075127,26.172,-1.26,34.888,7.456,8.716,0.0,0.0,100.0
2176102002,276295.2,2110021.9,72.874022,19.070837,24.281,-3.151,33.82,6.388,9.539,0.0,0.0,100.0
2176102101,276287.0,2110154.0,72.873928,19.072029,25.606,-1.826,35.862,8.43,10.256,0.0,0.0,100.0
2176102102,276299.7,2110172.9,72.874047,19.072201,25.525,-1.907,36.172,8.74,10.647,0.0,0.0,100.0
2176102201,276268.5,2110211.3,72.873746,19.072544,25.348,-2.084,32.447,5.015,7.099,0.0,0.0,100.0
2176102401,276269.3,2110419.1,72.87373,19.074421,26.32,-1.112,31.806,4.374,5.486,0.0,0.0,100.0
2176102501,276290.36,2110563.34,72.873913,19.075726,26.474,-0.958,33.701,6.269,7.227,0.0,0.0,100.0
2176103001,276344.3,2110013.3,72.874489,19.070764,24.575,-2.857,35.378,7.946,10.803,0.0,0.0,100.0
2176103101,276309.6,2110146.6,72.874144,19.071964,25.738,-1.694,36.493,9.061,10.755,0.0,0.0,100.0
2176103102,276357.9,2110130.2,72.874605,19.071822,26.02,-1.412,35.061,7.629,9.041,0.0,0.0,100.0
2176103103,276398.6,2110120.2,72.874992,19.071736,26.252,-1.18,37.0,9.568,10.748,0.0,0.0,100.0
2176104003,276447.5,2110069.9,72.875463,19.071287,26.791,-0.641,48.855,21.423,22.064,0.0,0.0,100.0
2176104102,276458.5,2110138.5,72.875559,19.071908,26.885,-0.547,37.186,9.754,10.301,0.0,0.0,100.0
2176104103,276477.3,2110139.4,72.875738,19.071918,27.112,-0.32,37.583,10.151,10.471,0.0,0.0,100.0
2176104201,276473.7,2110237.4,72.875692,19.072802,27.02,-0.412,33.344,5.912,6.324,0.0,0.0,100.0
2176104301,276413.6,2110327.4,72.875111,19.073609,26.5,-0.932,37.463,10.031,10.963,0.0,0.0,100.0
2176104302,276485.8,2110319.3,72.875798,19.073543,27.132,-0.3,35.432,8.0,8.3,0.0,0.0,100.0
2176104601,276429.4,2110619.7,72.875227,19.07625,26.774,-0.658,32.639,5.207,5.865,0.0,0.0,100.0
2176104903,276457.5,2110969.0,72.875454,19.079408,26.279,-1.153,31.877,4.445,5.598,0.0,0.0,100.0
2176104904,276484.11,2110955.23,72.875708,19.079287,26.216,-1.216,30.766,3.334,4.55,0.0,0.0,100.0
2176105101,276518.1,2110141.8,72.876125,19.071944,27.608,0.176,48.087,20.655,20.479,0.0,0.0,100.0
2176105102,276531.8,2110171.2,72.876252,19.072211,28.0,0.568,42.432,15.0,14.432,0.0,0.0,100.0
2176105103,276581.0,2110196.3,72.876716,19.072443,29.485,2.053,42.434,15.002,12.949,0.0,0.0,100.0
2176105104,276589.2,2110188.6,72.876795,19.072374,29.786,2.354,46.642,19.21,16.856,0.0,0.0,100.0
2176105301,276506.4,2110385.8,72.875986,19.074146,27.226,-0.206,33.395,5.963,6.169,0.0,0.0,100.0
2176105401,276529.4,2110424.9,72.8762,19.074502,27.287,-0.145,33.387,5.955,6.1,0.0,0.0,100.0
2176105601,276539.8,2110638.5,72.876274,19.076432,27.0,-0.432,36.432,9.0,9.432,0.0,0.0,100.0
2176106101,276606.8,2110178.9,72.876963,19.072289,30.324,2.892,46.642,19.21,16.318,0.0,0.0,100.0
2176106102,276634.9,2110172.5,72.877231,19.072234,31.096,3.664,43.12,15.688,12.024,0.0,0.0,100.0
2176106103,276660.5,2110187.1,72.877472,19.072369,31.991,4.559,42.524,15.092,10.533,0.0,0.0,100.0
2176106201,276688.6,2110206.9,72.877737,19.07255,33.0,5.568,49.246,21.814,16.246,0.0,0.0,100.0
2176106501,276623.7,2110550.7,72.877081,19.075648,27.5,0.068,33.655,6.223,6.155,0.0,0.0,100.0
2176106601,276672.1,2110600.0,72.877535,19.076099,26.2,-1.232,34.432,7.0,8.232,0.0,0.0,100.0
2176106602,276681.5,2110612.6,72.877623,19.076214,26.181,-1.251,38.027,10.595,11.846,0.0,0.0,100.0
2176106603,276694.7,2110629.7,72.877746,19.07637,26.154,-1.278,35.101,7.669,8.947,0.0,0.0,100.0
2176107601,276712.0,2110654.1,72.877908,19.076592,26.118,-1.314,32.461,5.029,6.343,0.0,0.0,100.0
2176107101,276746.8,2110146.9,72.878297,19.072015,30.8,3.368,43.745,16.313,12.945,0.0,0.0,100.0
2176107201,276777.0,2110228.7,72.878574,19.072757,30.9,3.468,39.683,12.251,8.783,0.0,0.0,100.0
2176107202,276796.1,2110266.5,72.878751,19.073101,31.0,3.568,39.65,12.218,8.65,0.0,0.0,100.0
2176107602,276729.9,2110678.6,72.878075,19.076815,26.081,-1.351,32.461,5.029,6.38,0.0,0.0,100.0
2176107701,276747.2,2110700.3,72.878237,19.077013,26.047,-1.385,33.415,5.983,7.368,0.0,0.0,100.0
2176107702,276769.6,2110728.6,72.878446,19.077271,26.003,-1.429,32.462,5.03,6.459,0.0,0.0,100.0
2176107703,276792.5,2110760.2,72.87866,19.077559,25.955,-1.477,33.413,5.981,7.458,0.0,0.0,100.0
2176108701,276821.29,2110792.29,72.87893,19.077852,25.902,-1.53,30.784,3.352,4.882,0.0,0.0,100.0
2176107801,276732.05,2110831.63,72.878078,19.078197,25.4,-2.032,30.459,3.027,5.059,0.0,0.0,100.0
2176107802,276765.06,2110816.87,72.878393,19.078068,25.585,-1.847,29.735,2.303,4.15,0.0,0.0,100.0
2176108301,276833.5,2110373.2,72.879094,19.074068,31.35,3.918,37.367,9.935,6.017,0.0,0.0,100.0
2176108401,276879.7,2110415.0,72.879528,19.074451,34.0,6.568,36.534,9.102,2.534,0.0,0.0,100.0
2176108801,276804.42,2110804.7,72.878768,19.077962,25.796,-1.636,31.057,3.625,5.261,0.0,0.0,100.0
2176108702,276830.14,2110785.49,72.879015,19.077791,25.959,-1.473,30.464,3.032,4.505,0.0,0.0,100.0
2176108703,276848.51,2110772.08,72.879191,19.077672,26.076,-1.356,36.173,8.741,10.097,0.0,0.0,100.0
2176108704,276882.96,2110778.22,72.879517,19.077732,26.254,-1.178,33.985,6.553,7.731,0.0,0.0,100.0
2176109301,276965.7,2110347.5,72.880353,19.073851,28.05,0.618,32.667,5.235,4.617,0.0,0.0,100.0
2176109302,276981.2,2110347.9,72.8805,19.073856,28.037,0.605,32.739,5.307,4.702,0.0,0.0,100.0
2177100301,277001.6,2110340.6,72.880695,19.073792,28.02,0.588,33.535,6.103,5.515,0.0,0.0,100.0
2176109701,276909.35,2110782.97,72.879768,19.077777,26.391,-1.041,40.004,12.572,13.613,0.0,0.0,100.0
2176109702,276927.73,2110761.74,72.879945,19.077588,26.535,-0.897,39.511,12.079,12.976,0.0,0.0,100.0
2176109703,276949.16,2110768.61,72.880147,19.077652,26.65,-0.782,41.794,14.362,15.144,0.0,0.0,100.0
2176109704,276961.5,2110774.94,72.880264,19.077711,26.72,-0.712,35.672,8.24,8.952,0.0,0.0,100.0
2176109705,276984.63,2110775.9,72.880484,19.077722,26.839,-0.593,35.56,8.128,8.721,0.0,0.0,100.0
2176115401,276551.9,2111470.1,72.876293,19.083944,27.448,0.016,30.764,3.332,3.316,0.0,0.0,100.0
2176116301,276613.9,2111391.1,72.876891,19.083237,27.089,-0.343,30.097,2.665,3.008,0.0,0.0,100.0
2176118002,276848.1,2111023.7,72.879158,19.079945,24.211,-3.221,31.319,3.887,7.108,0.0,0.0,100.0
2176118003,276853.9,2111025.6,72.879213,19.079963,24.42,-3.012,31.319,3.887,6.899,0.0,0.0,100.0
2176118004,276890.4,2111038.3,72.879558,19.080081,25.044,-2.388,32.708,5.276,7.664,0.0,0.0,100.0
2176118502,276849.77,2111573.03,72.879111,19.084906,27.069,-0.363,33.2,5.768,6.131,0.0,0.0,100.0
2176118503,276880.53,2111591.71,72.879401,19.085078,27.274,-0.158,35.046,7.614,7.772,0.0,0.0,100.0
2176119001,276915.3,2111041.0,72.879795,19.080108,25.447,-1.985,32.708,5.276,7.261,0.0,0.0,100.0
2176119002,276965.2,2111048.49,72.880268,19.080181,26.14,-1.292,32.852,5.42,6.712,0.0,0.0,100.0
2176119003,276987.6,2111051.4,72.88048,19.08021,26.528,-0.904,32.432,5.0,5.904,0.0,0.0,100.0
2176119101,276980.5,2111170.8,72.880399,19.081288,26.3,-1.132,36.432,9.0,10.132,0.0,0.0,100.0
2176119102,276987.3,2111178.2,72.880463,19.081355,26.35,-1.082,36.432,9.0,10.082,0.0,0.0,100.0
2176119901,276907.6,2111958.5,72.879616,19.088394,29.998,2.566,33.067,5.635,3.069,0.0,0.0,100.0
2176124201,276432.4,2112291.1,72.875063,19.091346,30.536,3.104,33.765,6.333,3.229,0.0,0.0,100.0
2176127201,276701.7,2112282.6,72.877623,19.091298,30.12,2.688,33.383,5.951,3.263,0.0,0.0,100.0
2176129501,276974.6,2112599.1,72.880179,19.094187,28.5,1.068,32.254,4.822,3.754,0.0,0.0,100.0
2176129602,276972.6,2112618.5,72.880157,19.094362,27.8,0.368,32.254,4.822,4.454,0.0,0.0,100.0
2176138201,276826.4,2113239.8,72.878697,19.099957,26.669,-0.763,35.554,8.122,8.885,0.0,0.0,100.0
2176138202,276856.23,2113225.26,72.878982,19.099829,26.278,-1.154,31.517,4.085,5.239,0.0,0.0,100.0
2176138301,276853.0,2113385.1,72.878933,19.101272,32.1,4.668,35.545,8.113,3.445,0.0,0.0,100.0
2176138401,276855.9,2113435.9,72.878955,19.101731,32.4,4.968,34.7,7.268,2.3,0.0,0.0,100.0
2176138502,276872.9,2113569.0,72.879101,19.102935,32.716,5.284,37.573,10.141,4.857,0.0,0.0,100.0
2177131602,277129.17,2113698.19,72.881521,19.10413,32.097,4.665,41.356,13.924,9.259,0.0,0.0,100.0
2177142601,277286.7,2114666.8,72.882906,19.112895,35.821,8.389,40.621,13.189,4.8,0.0,0.0,100.0
2177080001,277014.2,2108095.6,72.881072,19.053518,25.426,-2.006,30.921,3.489,5.495,0.0,0.0,100.0
2177080101,277014.7,2108111.3,72.881075,19.05366,26.0,-1.432,33.655,6.223,7.655,0.0,0.0,100.0
2177080201,277097.75,2108274.22,72.881845,19.05514,26.906,-0.526,35.647,8.215,8.741,0.0,0.0,100.0
2177080304,277086.94,2108301.85,72.881739,19.055389,26.895,-0.537,36.773,9.341,9.878,0.0,0.0,100.0
2177080301,277053.93,2108385.65,72.881416,19.056142,26.81,-0.622,41.415,13.983,14.605,0.0,0.0,100.0
2177080404,277042.54,2108413.5,72.881305,19.056392,26.791,-0.641,41.432,14.0,14.641,0.0,0.0,100.0
2177080302,277065.06,2108357.8,72.881525,19.055892,26.852,-0.58,39.437,12.005,12.585,0.0,0.0,100.0
2177080303,277076.16,2108329.94,72.881634,19.055641,26.873,-0.559,37.524,10.092,10.651,0.0,0.0,100.0
2177080401,277008.89,2108497.08,72.880976,19.057143,26.174,-1.258,33.662,6.23,7.488,0.0,0.0,100.0
2177080501,277001.94,2108526.33,72.880906,19.057407,25.97,-1.462,29.788,2.356,3.818,0.0,0.0,100.0
2177080402,277020.26,2108468.74,72.881087,19.056889,26.185,-1.247,36.698,9.266,10.513,0.0,0.0,100.0
2177080403,277031.65,2108440.66,72.881198,19.056636,26.585,-0.847,35.887,8.455,9.302,0.0,0.0,100.0
2177080601,277025.48,2108672.09,72.881113,19.058726,25.65,-1.782,32.312,4.88,6.662,0.0,0.0,100.0
2177080602,277051.23,2108687.18,72.881356,19.058865,25.67,-1.762,32.909,5.477,7.239,0.0,0.0,100.0
2177080701,277076.79,2108702.47,72.881597,19.059006,25.689,-1.743,33.385,5.953,7.696,0.0,0.0,100.0
2177081102,277137.77,2108193.43,72.882235,19.054415,26.939,-0.493,38.839,11.407,11.9,0.0,0.0,100.0
2177081203,277130.6,2108206.6,72.882165,19.054533,26.928,-0.504,39.94,12.508,13.012,0.0,0.0,100.0
2177081103,277151.23,2108163.61,72.882366,19.054147,27.002,-0.43,35.727,8.295,8.725,0.0,0.0,100.0
2177081104,277172.41,2108162.05,72.882567,19.054135,27.021,-0.411,32.017,4.585,4.996,0.0,0.0,100.0
2177081201,277110.16,2108246.47,72.881966,19.054891,26.917,-0.515,34.786,7.354,7.869,0.0,0.0,100.0
2177081202,277116.0,2108235.0,72.882023,19.054788,26.2,-1.232,34.786,7.354,8.586,0.0,0.0,100.0
2177081701,277102.99,2108717.47,72.881844,19.059144,25.709,-1.723,33.496,6.064,7.787,0.0,0.0,100.0
2177081702,277128.12,2108733.4,72.882081,19.059291,25.729,-1.703,33.496,6.064,7.767,0.0,0.0,100.0
2177081703,277148.31,2108749.24,72.882271,19.059436,25.745,-1.687,32.612,5.18,6.867,0.0,0.0,100.0
2177081704,277150.7,2108750.81,72.882293,19.05945,25.749,-1.683,32.612,5.18,6.863,0.0,0.0,100.0
2177081705,277152.1,2108751.9,72.882307,19.05946,25.752,-1.68,32.612,5.18,6.86,0.0,0.0,100.0
2177081706,277176.38,2108769.39,72.882535,19.059621,25.772,-1.66,31.641,4.209,5.869,0.0,0.0,100.0
2177082103,277285.5,2108187.41,72.883638,19.054377,25.614,-1.818,33.155,5.723,7.541,0.0,0.0,100.0
2177082701,277200.62,2108786.92,72.882764,19.059782,25.791,-1.641,32.2,4.768,6.409,0.0,0.0,100.0
2177082801,277225.2,2108804.25,72.882995,19.059941,25.811,-1.621,34.432,7.0,8.621,0.0,0.0,100.0
2177082802,277250.13,2108820.82,72.88323,19.060094,25.831,-1.601,34.432,7.0,8.601,0.0,0.0,100.0
2177082803,277261.53,2108828.34,72.883337,19.060163,25.84,-1.592,39.146,11.714,13.306,0.0,0.0,100.0
2177082804,277262.67,2108830.16,72.883348,19.060179,25.843,-1.589,39.146,11.714,13.303,0.0,0.0,100.0
2177082805,277274.02,2108838.68,72.883455,19.060257,25.852,-1.58,39.146,11.714,13.294,0.0,0.0,100.0
2177082806,277297.83,2108856.97,72.883679,19.060425,25.872,-1.56,35.215,7.783,9.343,0.0,0.0,100.0
2177083201,277311.96,2108200.91,72.883888,19.054502,25.633,-1.799,33.961,6.529,8.328,0.0,0.0,100.0
2177083202,277337.32,2108211.69,72.884128,19.054602,25.652,-1.78,34.769,7.337,9.117,0.0,0.0,100.0
2177083801,277320.35,2108876.57,72.88389,19.060605,25.892,-1.54,32.51,5.078,6.618,0.0,0.0,100.0
2177083802,277345.47,2108893.02,72.884127,19.060756,25.911,-1.521,35.569,8.137,9.658,0.0,0.0,100.0
2177083901,277359.0,2108904.93,72.884254,19.060865,25.923,-1.509,35.569,8.137,9.646,0.0,0.0,100.0
2177083902,277381.09,2108919.55,72.884462,19.061,25.941,-1.491,33.508,6.076,7.567,0.0,0.0,100.0
2177083903,277393.42,2108928.75,72.884578,19.061084,25.951,-1.481,33.508,6.076,7.557,0.0,0.0,100.0
2177084201,277400.47,2108258.14,72.884722,19.055028,25.703,-1.729,30.934,3.502,5.231,0.0,0.0,100.0
2177084301,277488.5,2108325.7,72.885551,19.055648,25.776,-1.656,33.972,6.54,8.196,0.0,0.0,100.0
2177084901,277417.35,2108946.84,72.884804,19.06125,25.97,-1.462,34.656,7.224,8.686,0.0,0.0,100.0
2177084902,277440.84,2108965.35,72.885025,19.06142,25.99,-1.442,38.305,10.873,12.315,0.0,0.0,100.0
2177084903,277464.44,2108984.08,72.885247,19.061591,26.01,-1.422,41.208,13.776,15.198,0.0,0.0,100.0
2177086401,277629.1,2108435.6,72.886873,19.056656,25.893,-1.539,34.432,7.0,8.539,0.0,0.0,100.0
2177090701,277096.26,2109790.7,72.881657,19.068836,27.06,-0.372,37.432,10.0,10.372,0.0,0.0,100.0
2177091701,277118.37,2109767.42,72.88187,19.068628,26.934,-0.498,36.315,8.883,9.381,0.0,0.0,100.0
2177090802,277032.1,2109860.33,72.88104,19.069458,27.436,0.004,37.432,10.0,9.996,0.0,0.0,100.0
2177090803,277053.34,2109836.58,72.881244,19.069246,27.311,-0.121,38.086,10.654,10.775,0.0,0.0,100.0
2177090804,277074.79,2109813.08,72.881451,19.069036,27.185,-0.247,36.467,9.035,9.282,0.0,0.0,100.0
2177091702,277140.51,2109743.0,72.882083,19.06841,26.817,-0.615,36.018,8.586,9.201,0.0,0.0,100.0
2177091703,277163.79,2109716.18,72.882307,19.06817,26.756,-0.676,32.342,4.91,5.586,0.0,0.0,100.0
2177091704,277168.38,2109705.56,72.882352,19.068075,26.745,-0.687,30.209,2.777,3.464,0.0,0.0,100.0
2177092501,277225.66,2109572.37,72.882911,19.066878,26.61,-0.822,29.841,2.409,3.231,0.0,0.0,100.0
2177091707,277180.72,2109709.56,72.882469,19.068113,26.999,-0.433,32.342,4.91,5.343,0.0,0.0,100.0
2177092601,277220.55,2109635.57,72.882855,19.067449,26.995,-0.437,30.835,3.403,3.84,0.0,0.0,100.0
2177092401,277281.9,2109472.51,72.883457,19.065983,26.499,-0.933,46.079,18.647,19.58,0.0,0.0,100.0
2177092402,277293.88,2109443.52,72.883574,19.065722,26.47,-0.962,36.432,9.0,9.962,0.0,0.0,100.0
2177093401,277306.32,2109413.96,72.883696,19.065457,26.44,-0.992,31.98,4.548,5.54,0.0,0.0,100.0
2177092403,277295.18,2109480.75,72.883582,19.066059,26.91,-0.522,40.487,13.055,13.577,0.0,0.0,100.0
2177093402,277307.51,2109449.93,72.883703,19.065782,26.89,-0.542,36.432,9.0,9.542,0.0,0.0,100.0
2177092504,277246.53,2109560.85,72.883111,19.066777,26.588,-0.844,29.841,2.409,3.253,0.0,0.0,100.0
2177092505,277249.73,2109573.31,72.88314,19.06689,26.98,-0.452,29.841,2.409,2.861,0.0,0.0,100.0
2177092506,277257.82,2109531.17,72.883221,19.06651,26.558,-0.874,30.778,3.346,4.22,0.0,0.0,100.0
2177092507,277262.49,2109558.25,72.883263,19.066755,26.97,-0.462,29.789,2.357,2.819,0.0,0.0,100.0
2177092508,277270.03,2109502.07,72.883341,19.066248,26.529,-0.903,36.119,8.687,9.59,0.0,0.0,100.0
2177092509,277271.28,2109538.28,72.883348,19.066576,26.95,-0.482,30.778,3.346,3.828,0.0,0.0,100.0
2177092510,277282.8,2109508.49,72.883461,19.066308,26.93,-0.502,36.119,8.687,9.189,0.0,0.0,100.0
2177092602,277222.94,2109629.2,72.882879,19.067391,26.994,-0.438,32.933,5.501,5.939,0.0,0.0,100.0
2177092603,277225.97,2109621.71,72.882908,19.067324,26.994,-0.438,32.933,5.501,5.939,0.0,0.0,100.0
2177092701,277205.8,2109752.4,72.882702,19.068502,27.009,-0.423,38.959,11.527,11.95,0.0,0.0,100.0
2177092702,277222.09,2109774.71,72.882854,19.068706,27.013,-0.419,34.213,6.781,7.2,0.0,0.0,100.0
2177092703,277242.4,2109797.0,72.883044,19.068909,27.018,-0.414,34.213,6.781,7.195,0.0,0.0,100.0
2177092801,277264.5,2109817.5,72.883252,19.069097,27.023,-0.409,35.095,7.663,8.072,0.0,0.0,100.0
2177092802,277284.62,2109836.34,72.883441,19.069269,27.028,-0.404,31.236,3.804,4.208,0.0,0.0,100.0
2177093201,277351.29,2109296.05,72.884136,19.064397,26.322,-1.11,37.688,10.256,11.366,0.0,0.0,100.0
2177093202,277363.27,2109266.61,72.884253,19.064132,26.293,-1.139,34.84,7.408,8.547,0.0,0.0,100.0
2177093203,277376.05,2109237.96,72.884378,19.063875,26.264,-1.168,34.496,7.064,8.232,0.0,0.0,100.0
2177093205,277388.14,2109208.28,72.884496,19.063608,26.234,-1.198,31.312,3.88,5.078,0.0,0.0,100.0
2177093204,277380.25,2109273.47,72.884414,19.064196,26.79,-0.642,40.243,12.811,13.453,0.0,0.0,100.0
2177093206,277392.82,2109244.96,72.884537,19.06394,26.77,-0.662,34.496,7.064,7.726,0.0,0.0,100.0
2177094101,277400.34,2109179.18,72.884616,19.063346,26.204,-1.228,35.597,8.165,9.393,0.0,0.0,100.0
2177094201,277404.89,2109215.27,72.884655,19.063673,26.75,-0.682,34.366,6.934,7.616,0.0,0.0,100.0
2177093301,277318.09,2109384.84,72.883811,19.065195,26.411,-1.021,35.899,8.467,9.488,0.0,0.0,100.0
2177093302,277329.73,2109355.51,72.883925,19.064931,26.381,-1.051,34.432,7.0,8.051,0.0,0.0,100.0
2177093304,277339.2,2109325.27,72.884018,19.064659,26.352,-1.08,35.409,7.977,9.057,0.0,0.0,100.0
2177093303,277332.36,2109391.28,72.883945,19.065255,26.86,-0.572,35.899,8.467,9.039,0.0,0.0,100.0
2177093305,277344.93,2109361.61,72.884068,19.064988,26.84,-0.592,34.677,7.245,7.837,0.0,0.0,100.0
2177093306,277356.54,2109332.59,72.884182,19.064727,26.82,-0.612,35.549,8.117,8.729,0.0,0.0,100.0
2177093307,277368.85,2109302.7,72.884302,19.064459,26.8,-0.632,37.688,10.256,10.888,0.0,0.0,100.0
2177093403,277320.05,2109420.03,72.883825,19.065513,26.88,-0.552,39.322,11.89,12.442,0.0,0.0,100.0
2177093801,277310.28,2109855.85,72.883682,19.069448,27.033,-0.399,31.236,3.804,4.203,0.0,0.0,100.0
2177093802,277336.99,2109875.26,72.883934,19.069626,27.038,-0.394,34.617,7.185,7.579,0.0,0.0,100.0
2177093803,277363.57,2109884.73,72.884185,19.069715,27.043,-0.389,34.409,6.977,7.366,0.0,0.0,100.0
2177093901,277387.64,2109902.99,72.884412,19.069882,27.048,-0.384,31.948,4.516,4.9,0.0,0.0,100.0
2177094001,277436.49,2109091.08,72.884969,19.062555,26.116,-1.316,38.893,11.461,12.777,0.0,0.0,100.0
2177094002,277448.71,2109061.82,72.885088,19.062292,26.086,-1.346,34.239,6.807,8.153,0.0,0.0,100.0
2177094004,277460.58,2109032.6,72.885204,19.062029,26.057,-1.375,33.203,5.771,7.146,0.0,0.0,100.0
2177094003,277452.61,2109098.64,72.885121,19.062625,26.413,-1.019,38.893,11.461,12.48,0.0,0.0,100.0
2177094006,277472.66,2109003.61,72.885322,19.061769,26.027,-1.405,39.472,12.04,13.445,0.0,0.0,100.0
2177094008,277488.26,2109001.95,72.885471,19.061755,26.024,-1.408,39.472,12.04,13.448,0.0,0.0,100.0
2177094102,277412.43,2109149.97,72.884734,19.063084,26.175,-1.257,35.477,8.045,9.302,0.0,0.0,100.0
2177094104,277422.69,2109124.75,72.884834,19.062857,26.15,-1.282,35.707,8.275,9.557,0.0,0.0,100.0
2177094103,277416.56,2109185.38,72.884769,19.063404,26.73,-0.702,35.699,8.267,8.969,0.0,0.0,100.0
2177094107,277435.73,2109145.66,72.884956,19.063048,26.7,-0.732,34.212,6.78,7.512,0.0,0.0,100.0
2177094108,277441.44,2109127.64,72.885012,19.062885,26.53,-0.902,39.432,12.0,12.902,0.0,0.0,100.0
2177094901,277410.82,2109921.7,72.88463,19.070054,27.052,-0.38,36.422,8.99,9.37,0.0,0.0,100.0
2177094902,277434.99,2109938.82,72.884858,19.070211,27.057,-0.375,31.014,3.582,3.957,0.0,0.0,100.0
2177094903,277458.72,2109957.42,72.885081,19.070381,27.062,-0.37,32.574,5.142,5.512,0.0,0.0,100.0
2177095001,277513.39,2109018.08,72.885708,19.061904,26.027,-1.405,34.617,7.185,8.59,0.0,0.0,100.0
2177095002,277539.26,2109033.24,72.885952,19.062044,26.03,-1.402,36.134,8.702,10.104,0.0,0.0,100.0
2177095003,277548.19,2109037.49,72.886036,19.062083,26.031,-1.401,36.134,8.702,10.103,0.0,0.0,100.0
2177095004,277551.1,2109038.97,72.886064,19.062097,26.031,-1.401,36.134,8.702,10.103,0.0,0.0,100.0
2177095005,277558.91,2109054.24,72.886136,19.062235,26.033,-1.399,34.579,7.147,8.546,0.0,0.0,100.0
2177095006,277559.3,2109043.8,72.886141,19.062141,26.032,-1.4,34.579,7.147,8.547,0.0,0.0,100.0
2177095007,277570.11,2109079.04,72.886239,19.062461,26.035,-1.397,38.192,10.76,12.157,0.0,0.0,100.0
2177095101,277589.92,2109101.45,72.886425,19.062665,26.038,-1.394,37.158,9.726,11.12,0.0,0.0,100.0
2177095901,277587.8,2109998.2,72.886302,19.070764,26.418,-1.014,32.558,5.126,6.14,0.0,0.0,100.0
2177095902,277595.9,2109988.17,72.88638,19.070674,26.411,-1.021,32.558,5.126,6.147,0.0,0.0,100.0
2177096901,277604.34,2109977.56,72.886462,19.070579,26.406,-1.026,33.294,5.862,6.888,0.0,0.0,100.0
2177096101,277608.87,2109124.62,72.886602,19.062876,26.041,-1.391,37.158,9.726,11.117,0.0,0.0,100.0
2177096102,277627.71,2109148.01,72.886779,19.06309,26.044,-1.388,30.548,3.116,4.504,0.0,0.0,100.0
2177096103,277646.55,2109171.4,72.886955,19.063303,26.047,-1.385,36.947,9.515,10.9,0.0,0.0,100.0
2177096104,277664.09,2109195.65,72.887119,19.063524,26.05,-1.382,38.801,11.369,12.751,0.0,0.0,100.0
2177096201,277678.16,2109222.07,72.887249,19.063764,26.053,-1.379,33.499,6.067,7.446,0.0,0.0,100.0
2177096202,277690.94,2109249.24,72.887368,19.064011,26.055,-1.377,33.837,6.405,7.782,0.0,0.0,100.0
2177096803!,277668.33,2109892.68,72.887079,19.06982,26.132,-1.3,32.332,4.9,6.2,0.0,0.0,100.0
2177096804!,277689.55,2109871.67,72.887283,19.069632,26.129,-1.303,34.832,7.4,8.703,0.0,0.0,100.0
2177096805!,277695.75,2109865.51,72.887343,19.069577,26.129,-1.303,34.832,7.4,8.703,0.0,0.0,100.0
2177097806!,277701.1,2109861.2,72.887394,19.069539,26.069,-1.363,34.832,7.4,8.763,0.0,0.0,100.0
2177096902,277620.04,2109957.21,72.886613,19.070397,26.153,-1.279,34.147,6.715,7.994,0.0,0.0,100.0
2177096903!,277631.63,2109940.1,72.886725,19.070244,26.138,-1.294,34.739,7.307,8.601,0.0,0.0,100.0
2177096903,277631.63,2109940.1,72.886725,19.070244,26.138,-1.294,34.739,7.307,8.601,0.0,0.0,100.0
2177096905,277649.92,2109916.17,72.886902,19.07003,26.135,-1.297,32.332,4.9,6.197,0.0,0.0,100.0
2177096904!,277642.7,2109956.4,72.886829,19.070392,24.98,-2.452,34.147,6.715,9.167,0.0,0.0,100.0
2177096906,277659.12,2109904.7,72.88699,19.069927,26.134,-1.298,32.332,4.9,6.198,0.0,0.0,100.0
2177097201,277704.48,2109276.09,72.887493,19.064255,26.058,-1.374,38.96,11.528,12.902,0.0,0.0,100.0
2177097301,277718.34,2109302.52,72.887622,19.064495,26.061,-1.371,40.481,13.049,14.42,0.0,0.0,100.0
2177097302,277732.75,2109328.94,72.887756,19.064735,26.064,-1.368,34.18,6.748,8.116,0.0,0.0,100.0
2177097303,277746.9,2109355.4,72.887887,19.064976,26.067,-1.365,34.256,6.824,8.189,0.0,0.0,100.0
2177097304,277761.0,2109381.8,72.888018,19.065216,26.07,-1.362,34.432,7.0,8.362,0.0,0.0,100.0
2177097401,277775.95,2109407.75,72.888157,19.065452,26.073,-1.359,37.331,9.899,11.258,0.0,0.0,100.0
2177097402,277789.7,2109434.39,72.888285,19.065694,26.075,-1.357,37.331,9.899,11.256,0.0,0.0,100.0
2177097601,277739.12,2109689.57,72.887775,19.067993,26.104,-1.328,42.124,14.692,16.02,0.0,0.0,100.0
2177097602,277746.59,2109679.18,72.887847,19.0679,26.103,-1.329,42.124,14.692,16.021,0.0,0.0,100.0
2177097603,277750.71,2109664.78,72.887888,19.06777,26.101,-1.331,32.836,5.404,6.735,0.0,0.0,100.0
2177097604,277753.63,2109660.23,72.887916,19.067729,26.101,-1.331,32.836,5.404,6.735,0.0,0.0,100.0
2177097605,277772.03,2109641.93,72.888093,19.067566,26.098,-1.334,32.297,4.865,6.199,0.0,0.0,100.0
2177097606,277792.16,2109619.74,72.888287,19.067368,26.096,-1.336,32.297,4.865,6.201,0.0,0.0,100.0
2177097701,277707.83,2109751.06,72.887471,19.068545,26.111,-1.321,38.897,11.465,12.786,0.0,0.0,100.0
2177097703,277724.4,2109715.44,72.887632,19.068225,26.107,-1.325,38.52,11.088,12.413,0.0,0.0,100.0
2177097702,277723.09,2109763.4,72.887614,19.068658,26.113,-1.319,38.244,10.812,12.131,0.0,0.0,100.0
2177097801,277713.2,2109856.6,72.88751,19.069499,26.127,-1.305,34.701,7.269,8.574,0.0,0.0,100.0
2177097802,277739.01,2109843.62,72.887756,19.069384,26.124,-1.308,34.701,7.269,8.577,0.0,0.0,100.0
2177097803,277762.61,2109825.33,72.887982,19.069222,26.121,-1.311,32.924,5.492,6.803,0.0,0.0,100.0
2177097901!,277774.8,2109915.5,72.888088,19.070037,26.059,-1.373,33.534,6.102,7.475,0.0,0.0,100.0
2177097901,277774.8,2109915.5,72.888088,19.070037,26.059,-1.373,33.534,6.102,7.475,0.0,0.0,100.0
2177098901!,277824.2,2109948.2,72.888553,19.070338,26.056,-1.376,31.291,3.859,5.235,0.0,0.0,100.0
2177098901,277824.2,2109948.2,72.888553,19.070338,26.056,-1.376,31.291,3.859,5.235,0.0,0.0,100.0
2177098401,277805.57,2109460.37,72.888432,19.06593,26.078,-1.354,32.454,5.022,6.376,0.0,0.0,100.0
2177098402,277810.17,2109474.01,72.888474,19.066054,26.08,-1.352,32.324,4.892,6.244,0.0,0.0,100.0
2177098406,277847.73,2109462.85,72.888832,19.065957,26.312,-1.12,32.455,5.023,6.143,0.0,0.0,100.0
2177098407,277871.94,2109456.47,72.889063,19.065902,26.318,-1.114,33.877,6.445,7.559,0.0,0.0,100.0
2177098501,277816.44,2109501.63,72.888531,19.066304,26.082,-1.35,38.057,10.625,11.975,0.0,0.0,100.0
2177098502,277819.46,2109518.63,72.888558,19.066458,26.084,-1.348,38.057,10.625,11.973,0.0,0.0,100.0
2177098503,277825.4,2109548.1,72.888611,19.066725,26.087,-1.345,43.382,15.95,17.295,0.0,0.0,100.0
2177098505,277826.87,2109555.72,72.888624,19.066794,26.088,-1.344,43.382,15.95,17.294,0.0,0.0,100.0
2177098601,277862.0,2109609.8,72.888951,19.067286,27.0,-0.432,37.909,10.477,10.909,0.0,0.0,100.0
2177098602,277873.42,2109639.26,72.889056,19.067553,27.008,-0.424,38.343,10.911,11.335,0.0,0.0,100.0
2177098603,277895.29,2109654.63,72.889262,19.067694,27.012,-0.42,35.265,7.833,8.253,0.0,0.0,100.0
2177098801,277803.53,2109839.25,72.88837,19.069352,26.7,-0.732,31.131,3.699,4.431,0.0,0.0,100.0
2177098802,277823.41,2109862.52,72.888556,19.069564,26.8,-0.632,30.63,3.198,3.83,0.0,0.0,100.0
2177098803,277843.2,2109885.4,72.888741,19.069773,26.817,-0.615,29.672,2.24,2.855,0.0,0.0,100.0
2178100001!,278007.1,2110066.4,72.890277,19.071425,26.042,-1.39,32.774,5.342,6.732,0.0,0.0,100.0
2178100001,278007.1,2110066.4,72.890277,19.071425,26.042,-1.39,32.774,5.342,6.732,0.0,0.0,100.0
2177098902,277843.31,2109906.59,72.88874,19.069964,26.828,-0.604,30.181,2.749,3.353,0.0,0.0,100.0
2177099401,277900.9,2109448.3,72.889339,19.065831,26.326,-1.106,34.168,6.736,7.842,0.0,0.0,100.0
2177099402,277929.9,2109441.2,72.889615,19.06577,26.333,-1.099,32.736,5.304,6.403,0.0,0.0,100.0
2177099403,277958.64,2109432.74,72.889889,19.065697,26.341,-1.091,34.616,7.184,8.275,0.0,0.0,100.0
2177099404,277988.1,2109425.0,72.89017,19.06563,26.349,-1.083,34.395,6.963,8.046,0.0,0.0,100.0
2177099601,277924.07,2109664.83,72.889535,19.06779,27.014,-0.418,34.713,7.281,7.699,0.0,0.0,100.0
2177099602,277953.56,2109661.81,72.889815,19.067765,27.022,-0.41,34.466,7.034,7.444,0.0,0.0,100.0
2177099603,277983.47,2109657.9,72.890099,19.067733,27.042,-0.39,36.572,9.14,9.53,0.0,0.0,100.0
2177100302,277018.4,2110336.6,72.880855,19.073758,28.006,0.574,32.432,5.0,4.426,0.0,0.0,100.0
2177100303,277044.95,2110326.23,72.881108,19.073667,27.983,0.551,32.527,5.095,4.544,0.0,0.0,100.0
2177100304,277053.21,2110323.34,72.881187,19.073642,27.983,0.551,32.527,5.095,4.544,0.0,0.0,100.0
2177100305,277078.4,2110305.73,72.881428,19.073486,27.938,0.506,32.432,5.0,4.494,0.0,0.0,100.0
2177101201,277107.35,2110298.44,72.881704,19.073423,27.895,0.463,32.275,4.843,4.38,0.0,0.0,100.0
2177100701,277014.3,2110776.74,72.880765,19.077732,26.99,-0.442,33.536,6.104,6.546,0.0,0.0,100.0
2177100702,277044.49,2110778.42,72.881052,19.077751,27.145,-0.287,33.679,6.247,6.534,0.0,0.0,100.0
2177100703,277073.95,2110778.74,72.881332,19.077757,27.295,-0.137,34.432,7.0,7.137,0.0,0.0,100.0
2177100704,277098.97,2110766.18,72.881571,19.077646,27.438,0.006,34.432,7.0,6.994,0.0,0.0,100.0
2177101202,277136.83,2110292.65,72.881985,19.073374,27.847,0.415,32.09,4.658,4.243,0.0,0.0,100.0
2177101203,277166.64,2110289.54,72.882268,19.073349,27.797,0.365,31.94,4.508,4.143,0.0,0.0,100.0
2177101204,277196.66,2110287.51,72.882554,19.073334,27.734,0.302,31.785,4.353,4.051,0.0,0.0,100.0
2177101701,277119.23,2110744.0,72.881766,19.077448,27.47,0.038,34.359,6.927,6.889,0.0,0.0,100.0
2177101702,277122.6,2110740.1,72.881798,19.077413,27.5,0.068,32.991,5.559,5.491,0.0,0.0,100.0
2177101703,277131.37,2110729.85,72.881883,19.077322,27.52,0.088,38.562,11.13,11.042,0.0,0.0,100.0
2177101704,277140.55,2110724.68,72.881971,19.077276,27.55,0.118,38.562,11.13,11.012,0.0,0.0,100.0
2177101705,277170.4,2110726.3,72.882254,19.077294,27.58,0.148,39.418,11.986,11.838,0.0,0.0,100.0
2177102202,277255.9,2110284.6,72.883117,19.073314,27.609,0.177,32.656,5.224,5.047,0.0,0.0,100.0
2177102203,277276.3,2110262.9,72.883313,19.07312,27.589,0.157,32.656,5.224,5.067,0.0,0.0,100.0
2177102204,277296.5,2110240.8,72.883507,19.072923,27.519,0.087,33.707,6.275,6.188,0.0,0.0,100.0
2177103201,277314.08,2110219.8,72.883677,19.072735,27.49,0.058,33.322,5.89,5.832,0.0,0.0,100.0
2177102205,277299.1,2110289.0,72.883527,19.073359,27.607,0.175,34.762,7.33,7.155,0.0,0.0,100.0
2177102301,277277.7,2110371.0,72.883314,19.074097,27.65,0.218,35.077,7.645,7.427,0.0,0.0,100.0
2177102302,277283.4,2110346.4,72.883371,19.073875,27.637,0.205,36.108,8.676,8.471,0.0,0.0,100.0
2177102303,277291.5,2110321.2,72.883451,19.073649,27.624,0.192,36.108,8.676,8.484,0.0,0.0,100.0
2177102702,277230.4,2110728.8,72.882824,19.077323,27.9,0.468,41.615,14.183,13.715,0.0,0.0,100.0
2177102703,277243.46,2110729.64,72.882948,19.077332,28.495,1.063,41.615,14.183,13.12,0.0,0.0,100.0
2177102704,277250.44,2110735.78,72.883013,19.077388,28.591,1.159,41.615,14.183,13.024,0.0,0.0,100.0
2177103001,277399.72,2110095.79,72.884505,19.071625,27.24,-0.192,33.97,6.538,6.73,0.0,0.0,100.0
2177104001,277418.49,2110072.53,72.884685,19.071417,27.194,-0.238,38.753,11.321,11.559,0.0,0.0,100.0
2177103101,277336.05,2110195.19,72.883888,19.072515,27.415,-0.017,33.322,5.89,5.907,0.0,0.0,100.0
2177103102,277345.6,2110166.9,72.883982,19.072261,27.383,-0.049,32.347,4.915,4.964,0.0,0.0,100.0
2177103103,277361.0,2110141.7,72.884131,19.072035,27.331,-0.101,31.964,4.532,4.633,0.0,0.0,100.0
2177103104,277380.32,2110118.52,72.884318,19.071828,27.295,-0.137,32.265,4.833,4.97,0.0,0.0,100.0
2177103202,277320.4,2110212.7,72.883738,19.072672,27.482,0.05,33.322,5.89,5.84,0.0,0.0,100.0
2177103203,277330.5,2110201.4,72.883835,19.072571,27.469,0.037,33.322,5.89,5.853,0.0,0.0,100.0
2177103302!,277395.63,2110379.13,72.884433,19.074183,26.873,-0.559,35.04,7.608,8.167,0.0,0.0,100.0
2177103301,277346.51,2110392.09,72.883965,19.074295,26.924,-0.508,35.052,7.62,8.128,0.0,0.0,100.0
2177103302,277395.63,2110379.13,72.884433,19.074183,26.873,-0.559,35.04,7.608,8.167,0.0,0.0,100.0
2177104301!,277445.31,2110367.81,72.884906,19.074086,26.822,-0.61,34.729,7.297,7.907,0.0,0.0,100.0
2177104002,277429.73,2110059.0,72.884794,19.071296,27.169,-0.263,38.753,11.321,11.584,0.0,0.0,100.0
2177104003,277438.0,2110049.47,72.884873,19.07121,27.146,-0.286,31.121,3.689,3.975,0.0,0.0,100.0
2177104004,277446.7,2110038.9,72.884957,19.071116,27.136,-0.296,31.17,3.738,4.034,0.0,0.0,100.0
2177104006,277453.8,2110030.2,72.885026,19.071038,27.128,-0.304,31.17,3.738,4.042,0.0,0.0,100.0
2177104101,277470.07,2110108.92,72.885171,19.071751,27.18,-0.252,34.014,6.582,6.834,0.0,0.0,100.0
2177104102,277478.62,2110151.62,72.885248,19.072137,27.19,-0.242,36.981,9.549,9.791,0.0,0.0,100.0
2177104103,277478.92,2110136.7,72.885252,19.072003,27.187,-0.245,36.981,9.549,9.794,0.0,0.0,100.0
2177104201,277461.13,2110248.05,72.88507,19.073006,27.205,-0.227,34.723,7.291,7.518,0.0,0.0,100.0
2177104203,277467.61,2110220.06,72.885135,19.072754,27.202,-0.23,35.95,8.518,8.748,0.0,0.0,100.0
2177104202,277466.79,2110260.6,72.885123,19.07312,27.209,-0.223,32.488,5.056,5.279,0.0,0.0,100.0
2177104302!,277487.39,2110359.68,72.885307,19.074018,26.779,-0.653,34.309,6.877,7.53,0.0,0.0,100.0
2177105013,277549.7,2110092.0,72.88593,19.071607,26.264,-1.168,34.442,7.01,8.178,0.0,0.0,100.0
2177105014,277551.9,2110062.1,72.885954,19.071337,26.243,-1.189,34.149,6.717,7.906,0.0,0.0,100.0
2177105015,277555.7,2110044.5,72.885992,19.071178,26.23,-1.202,34.149,6.717,7.919,0.0,0.0,100.0
2177105017,277559.6,2110036.1,72.88603,19.071103,26.223,-1.209,30.835,3.403,4.612,0.0,0.0,100.0
2177105101!,277541.44,2110181.66,72.885841,19.072416,26.328,-1.104,33.761,6.329,7.433,0.0,0.0,100.0
2177105102!,277544.5,2110151.8,72.885873,19.072146,26.307,-1.125,33.783,6.351,7.476,0.0,0.0,100.0
2177105102,277544.5,2110151.8,72.885873,19.072146,26.307,-1.125,33.783,6.351,7.476,0.0,0.0,100.0
2177105103!,277547.29,2110121.78,72.885903,19.071875,26.285,-1.147,33.623,6.191,7.338,0.0,0.0,100.0
2177105103,277547.29,2110121.78,72.885903,19.071875,26.285,-1.147,33.623,6.191,7.338,0.0,0.0,100.0
2177105202!,277536.9,2110241.4,72.885791,19.072955,26.37,-1.062,31.408,3.976,5.038,0.0,0.0,100.0
2177105203!,277538.9,2110211.4,72.885813,19.072684,26.349,-1.083,32.325,4.893,5.976,0.0,0.0,100.0
2177105202,277536.9,2110241.4,72.885791,19.072955,26.37,-1.062,31.408,3.976,5.038,0.0,0.0,100.0
2177105203,277538.9,2110211.4,72.885813,19.072684,26.349,-1.083,32.325,4.893,5.976,0.0,0.0,100.0
2177105204,277533.6,2110271.3,72.885756,19.073224,26.392,-1.04,31.923,4.491,5.531,0.0,0.0,100.0
2177105310!,277528.42,2110330.87,72.8857,19.073762,26.434,-0.998,31.906,4.474,5.472,0.0,0.0,100.0
2177105312!,277529.83,2110352.81,72.885711,19.07396,26.745,-0.687,32.432,5.0,5.687,0.0,0.0,100.0
2177105315!,277538.7,2110345.6,72.885796,19.073896,26.447,-0.985,31.906,4.474,5.459,0.0,0.0,100.0
2177105316!,277544.56,2110354.26,72.885851,19.073975,26.454,-0.978,32.432,5.0,5.978,0.0,0.0,100.0
2177105318,277594.1,2110389.0,72.886317,19.074294,26.497,-0.935,33.383,5.951,6.886,0.0,0.0,100.0
2177105403!,277549.66,2110422.76,72.885891,19.074594,26.833,-0.599,32.432,5.0,5.599,0.0,0.0,100.0
2177105404!,277552.91,2110438.69,72.88592,19.074738,26.849,-0.583,33.72,6.288,6.871,0.0,0.0,100.0
2177105405!,277557.49,2110454.87,72.885962,19.074885,26.866,-0.566,32.474,5.042,5.608,0.0,0.0,100.0
2177105501!,277553.18,2110518.61,72.885914,19.07546,26.951,-0.481,35.025,7.593,8.074,0.0,0.0,100.0
2177105502!,277567.76,2110501.33,72.886054,19.075306,26.928,-0.504,32.184,4.752,5.256,0.0,0.0,100.0
2177106401,277616.4,2110406.3,72.886527,19.074453,26.517,-0.915,33.383,5.951,6.866,0.0,0.0,100.0
2177106402,277637.7,2110425.6,72.886727,19.074629,26.538,-0.894,31.908,4.476,5.37,0.0,0.0,100.0
2177106403,277660.62,2110444.78,72.886943,19.074805,26.559,-0.873,32.428,4.996,5.869,0.0,0.0,100.0
2177106404,277684.22,2110463.51,72.887165,19.074977,26.58,-0.852,32.411,4.979,5.831,0.0,0.0,100.0
2177107401!,277707.82,2110482.02,72.887387,19.075146,26.602,-0.83,33.432,6.0,6.83,0.0,0.0,100.0
2177107401,277707.82,2110482.02,72.887387,19.075146,26.602,-0.83,33.432,6.0,6.83,0.0,0.0,100.0
2177107501!,277731.42,2110500.54,72.887609,19.075316,26.623,-0.809,35.474,8.042,8.851,0.0,0.0,100.0
2177107501,277731.42,2110500.54,72.887609,19.075316,26.623,-0.809,35.474,8.042,8.851,0.0,0.0,100.0
2177107502!,277754.7,2110519.48,72.887828,19.07549,26.644,-0.788,36.343,8.911,9.699,0.0,0.0,100.0
2177107502,277754.7,2110519.48,72.887828,19.07549,26.644,-0.788,36.343,8.911,9.699,0.0,0.0,100.0
2177107503!,277777.55,2110539.08,72.888043,19.075669,26.666,-0.766,48.839,21.407,22.173,0.0,0.0,100.0
2177107503,277777.55,2110539.08,72.888043,19.075669,26.666,-0.766,48.839,21.407,22.173,0.0,0.0,100.0
2177108501!,277800.3,2110558.5,72.888257,19.075847,26.687,-0.745,32.186,4.754,5.499,0.0,0.0,100.0
2177108501,277800.3,2110558.5,72.888257,19.075847,26.687,-0.745,32.186,4.754,5.499,0.0,0.0,100.0
2177108502!,277822.92,2110577.95,72.888469,19.076025,26.708,-0.724,36.073,8.641,9.365,0.0,0.0,100.0
2177108502,277822.92,2110577.95,72.888469,19.076025,26.708,-0.724,36.073,8.641,9.365,0.0,0.0,100.0
2177108503!,277846.62,2110596.79,72.888692,19.076198,26.729,-0.703,37.863,10.431,11.134,0.0,0.0,100.0
2177108503,277846.62,2110596.79,72.888692,19.076198,26.729,-0.703,37.863,10.431,11.134,0.0,0.0,100.0
2177108601!,277870.0,2110615.4,72.888912,19.076369,26.735,-0.697,36.289,8.857,9.554,0.0,0.0,100.0
2177108601,277870.0,2110615.4,72.888912,19.076369,26.735,-0.697,36.289,8.857,9.554,0.0,0.0,100.0
2177108602!,277893.5,2110634.0,72.889133,19.076539,26.74,-0.692,33.445,6.013,6.705,0.0,0.0,100.0
2177108602,277893.5,2110634.0,72.889133,19.076539,26.74,-0.692,33.445,6.013,6.705,0.0,0.0,100.0
2177109601!,277916.98,2110652.54,72.889354,19.076709,26.793,-0.639,37.901,10.469,11.108,0.0,0.0,100.0
2177109601,277916.98,2110652.54,72.889354,19.076709,26.793,-0.639,37.901,10.469,11.108,0.0,0.0,100.0
2177109602!,277940.48,2110671.38,72.889575,19.076882,26.815,-0.617,35.436,8.004,8.621,0.0,0.0,100.0
2177109602,277940.48,2110671.38,72.889575,19.076882,26.815,-0.617,35.436,8.004,8.621,0.0,0.0,100.0
2177109603!,277963.9,2110690.0,72.889796,19.077053,26.836,-0.596,32.957,5.525,6.121,0.0,0.0,100.0
2177109603,277963.9,2110690.0,72.889796,19.077053,26.836,-0.596,32.957,5.525,6.121,0.0,0.0,100.0
2177109701!,277988.1,2110707.76,72.890023,19.077216,26.857,-0.575,32.976,5.544,6.119,0.0,0.0,100.0
2177109701,277988.1,2110707.76,72.890023,19.077216,26.857,-0.575,32.976,5.544,6.119,0.0,0.0,100.0
2177109801!,277959.16,2110893.73,72.889727,19.078892,27.456,0.024,34.432,7.0,6.976,0.0,0.0,100.0
2177109802!,277961.87,2110884.72,72.889754,19.078811,27.447,0.015,34.432,7.0,6.985,0.0,0.0,100.0
2177109801,277959.16,2110893.73,72.889727,19.078892,27.456,0.024,34.432,7.0,6.976,0.0,0.0,100.0
2177109802,277961.87,2110884.72,72.889754,19.078811,27.447,0.015,34.432,7.0,6.985,0.0,0.0,100.0
2177109803!,277976.43,2110848.36,72.889897,19.078484,27.408,-0.024,34.432,7.0,7.024,0.0,0.0,100.0
2177109803,277976.43,2110848.36,72.889897,19.078484,27.408,-0.024,34.432,7.0,7.024,0.0,0.0,100.0
2177109804!,277981.24,2110839.59,72.889943,19.078406,27.398,-0.034,34.432,7.0,7.034,0.0,0.0,100.0
2177109901!,277948.26,2110988.87,72.889613,19.07975,27.553,0.121,33.557,6.125,6.004,0.0,0.0,100.0
2177109902!,277949.31,2110940.28,72.889628,19.079311,27.504,0.072,35.987,8.555,8.483,0.0,0.0,100.0
2177109901,277948.26,2110988.87,72.889613,19.07975,27.553,0.121,33.557,6.125,6.004,0.0,0.0,100.0
2177110002,277013.06,2111035.3,72.880724,19.080068,26.825,-0.607,38.432,11.0,11.607,0.0,0.0,100.0
2177110003,277026.7,2111094.6,72.880847,19.080605,26.914,-0.518,35.452,8.02,8.538,0.0,0.0,100.0
2177110101,277044.7,2111118.8,72.881015,19.080825,26.976,-0.456,38.424,10.992,11.448,0.0,0.0,100.0
2177110102,277075.9,2111166.2,72.881306,19.081257,26.45,-0.982,32.468,5.036,6.018,0.0,0.0,100.0
2177110103,277093.6,2111193.9,72.881471,19.081509,27.16,-0.272,33.416,5.984,6.256,0.0,0.0,100.0
2177110104,277097.6,2111156.8,72.881513,19.081174,27.0,-0.432,32.468,5.036,5.468,0.0,0.0,100.0
2177110501,277019.16,2111580.86,72.880719,19.084995,28.066,0.634,40.176,12.744,12.11,0.0,0.0,100.0
2177110601,277031.46,2111656.35,72.880827,19.085678,28.502,1.07,42.796,15.364,14.294,0.0,0.0,100.0
2177110602,277039.87,2111655.37,72.880907,19.085671,28.55,1.118,43.021,15.589,14.471,0.0,0.0,100.0
2177111101,277109.0,2111177.9,72.881619,19.081366,27.564,0.132,33.815,6.383,6.251,0.0,0.0,100.0
2177111201,277107.2,2111220.9,72.881597,19.081754,27.221,-0.211,37.735,10.303,10.514,0.0,0.0,100.0
2177111202,277121.3,2111247.5,72.881728,19.081996,27.283,-0.149,40.476,13.044,13.193,0.0,0.0,100.0
2177111203,277134.4,2111274.5,72.881849,19.082241,27.581,0.149,39.534,12.102,11.953,0.0,0.0,100.0
2177111301,277148.24,2111300.94,72.881977,19.082481,27.877,0.445,36.542,9.11,8.665,0.0,0.0,100.0
2177111302,277162.1,2111327.6,72.882106,19.082724,28.174,0.742,39.015,11.583,10.841,0.0,0.0,100.0
2177111303,277175.6,2111354.4,72.882231,19.082967,28.472,1.04,38.723,11.291,10.251,0.0,0.0,100.0
2177111304,277189.12,2111381.06,72.882357,19.083209,28.591,1.159,38.723,11.291,10.132,0.0,0.0,100.0
2177112301,277220.11,2111391.65,72.88265,19.083308,28.6,1.168,36.707,9.275,8.107,0.0,0.0,100.0
2177112401,277205.06,2111406.49,72.882505,19.083441,28.773,1.341,36.707,9.275,7.934,0.0,0.0,100.0
2177112402,277222.3,2111431.02,72.882666,19.083664,28.962,1.53,36.92,9.488,7.958,0.0,0.0,100.0
2177112403,277245.21,2111449.43,72.882882,19.083833,29.156,1.724,39.395,11.963,10.239,0.0,0.0,100.0
2177112404,277270.6,2111465.3,72.883121,19.083979,29.234,1.802,40.432,13.0,11.198,0.0,0.0,100.0
2177112405,277277.34,2111449.75,72.883187,19.08384,29.372,1.94,40.432,13.0,11.06,0.0,0.0,100.0
2177112406,277295.32,2111475.09,72.883355,19.08407,29.646,2.214,44.512,17.08,14.866,0.0,0.0,100.0
2177112407,277297.6,2111458.6,72.883378,19.083922,29.5,2.068,40.059,12.627,10.559,0.0,0.0,100.0
2177113401,277326.64,2111487.6,72.883651,19.084187,29.864,2.432,40.465,13.033,10.601,0.0,0.0,100.0
2177113402,277354.44,2111498.2,72.883914,19.084285,29.92,2.488,37.394,9.962,7.474,0.0,0.0,100.0
2177113501,277307.72,2111530.54,72.883466,19.084572,30.1,2.668,41.142,13.71,11.042,0.0,0.0,100.0
2177113502,277315.5,2111583.5,72.883534,19.085052,30.264,2.832,41.096,13.664,10.832,0.0,0.0,100.0
2177113503,277339.53,2111554.57,72.883765,19.084793,30.082,2.65,45.315,17.883,15.233,0.0,0.0,100.0
2177113505,277348.88,2111526.68,72.883857,19.084542,30.01,2.578,42.28,14.848,12.27,0.0,0.0,100.0
2177113602,277321.43,2111623.39,72.883586,19.085412,30.165,2.733,38.766,11.334,8.601,0.0,0.0,100.0
2177113604,277345.88,2111620.14,72.883818,19.085386,30.371,2.939,39.623,12.191,9.252,0.0,0.0,100.0
2177113605,277349.4,2111655.8,72.883848,19.085708,31.039,3.607,37.689,10.257,6.65,0.0,0.0,100.0
2177113701,277351.2,2111709.1,72.883859,19.08619,31.097,3.665,34.722,7.29,3.625,0.0,0.0,100.0
2177113702,277351.5,2111758.0,72.883856,19.086631,30.65,3.218,35.313,7.881,4.663,0.0,0.0,100.0
2177113703,277365.1,2111772.8,72.883983,19.086767,31.168,3.736,35.313,7.881,4.145,0.0,0.0,100.0
2177113801,277368.29,2111832.03,72.884007,19.087302,31.33,3.898,36.291,8.859,4.961,0.0,0.0,100.0
2177113802,277377.7,2111832.9,72.884096,19.087311,31.235,3.803,37.13,9.698,5.895,0.0,0.0,100.0
2177113803,277383.6,2111898.13,72.884145,19.087901,31.97,4.538,38.447,11.015,6.477,0.0,0.0,100.0
2177113804,277391.1,2111891.6,72.884217,19.087842,31.3,3.868,38.447,11.015,7.147,0.0,0.0,100.0
2177114501,277449.65,2111511.4,72.884816,19.084415,30.38,2.948,37.923,10.491,7.543,0.0,0.0,100.0
2177114502,277461.72,2111539.54,72.884928,19.08467,30.869,3.437,41.059,13.627,10.19,0.0,0.0,100.0
2177114503,277469.2,2111519.29,72.885001,19.084488,30.54,3.108,40.432,13.0,9.892,0.0,0.0,100.0
2177115501,277588.21,2111581.26,72.886125,19.085061,31.464,4.032,37.302,9.87,5.838,0.0,0.0,100.0
2177115502,277596.11,2111559.6,72.886202,19.084866,31.29,3.858,39.323,11.891,8.033,0.0,0.0,100.0
2177116201!,277623.92,2111240.69,72.886503,19.081989,27.992,0.56,36.485,9.053,8.493,0.0,0.0,100.0
2177116202!,277689.6,2111202.37,72.887131,19.08165,27.916,0.484,32.479,5.047,4.563,0.0,0.0,100.0
2177116201,277623.92,2111240.69,72.886503,19.081989,27.992,0.56,36.485,9.053,8.493,0.0,0.0,100.0
2177116202,277689.6,2111202.37,72.887131,19.08165,27.916,0.484,32.479,5.047,4.563,0.0,0.0,100.0
2177117101!,277752.42,2111166.2,72.887732,19.08133,27.843,0.411,37.562,10.13,9.719,0.0,0.0,100.0
2177117101,277752.42,2111166.2,72.887732,19.08133,27.843,0.411,37.562,10.13,9.719,0.0,0.0,100.0
2177116501,277600.38,2111585.21,72.88624,19.085098,31.586,4.154,37.302,9.87,5.716,0.0,0.0,100.0
2177116502,277639.38,2111597.89,72.886609,19.085217,31.978,4.546,36.737,9.305,4.759,0.0,0.0,100.0
2177116503,277644.8,2111573.0,72.886663,19.084993,32.11,4.678,37.947,10.515,5.837,0.0,0.0,100.0
2177116504,277649.48,2111598.33,72.886705,19.085222,32.217,4.785,38.432,11.0,6.215,0.0,0.0,100.0
2177116701,277671.5,2111712.8,72.886901,19.086258,32.688,5.256,37.432,10.0,4.744,0.0,0.0,100.0
2177116702,277676.34,2111711.91,72.886947,19.086251,32.567,5.135,37.432,10.0,4.865,0.0,0.0,100.0
2177118101!,277809.52,2111132.48,72.888279,19.081032,27.777,0.345,37.026,9.594,9.249,0.0,0.0,100.0
2177118101,277809.52,2111132.48,72.888279,19.081032,27.777,0.345,37.026,9.594,9.249,0.0,0.0,100.0
2177117801,277722.99,2111816.34,72.887378,19.087199,33.373,5.941,40.437,13.005,7.064,0.0,0.0,100.0
2177117802,277729.16,2111815.9,72.887437,19.087196,33.41,5.978,40.437,13.005,7.027,0.0,0.0,100.0
2177117803,277780.55,2111808.98,72.887926,19.087139,33.859,6.427,43.459,16.027,9.6,0.0,0.0,100.0
2177117804,277783.34,2111836.66,72.887949,19.087389,34.1,6.668,43.459,16.027,9.359,0.0,0.0,100.0
2177118001!,277872.68,2111094.7,72.888883,19.080698,27.703,0.271,34.922,7.49,7.219,0.0,0.0,100.0
2177118001,277872.68,2111094.7,72.888883,19.080698,27.703,0.271,34.922,7.49,7.219,0.0,0.0,100.0
2177119001,277930.99,2111057.96,72.889441,19.080372,27.635,0.203,33.121,5.689,5.486,0.0,0.0,100.0
2177118801,277853.62,2111837.86,72.888617,19.087408,39.11,11.678,51.917,24.485,12.807,0.0,0.0,100.0
2177119002,277953.65,2111042.31,72.889658,19.080233,27.607,0.175,35.045,7.613,7.438,0.0,0.0,100.0
2177119801,277983.14,2111831.21,72.889848,19.087362,40.48,13.048,49.426,21.994,8.946,0.0,0.0,100.0
2177120501,277012.4,2112587.5,72.880539,19.094086,29.0,1.568,33.733,6.301,4.733,0.0,0.0,100.0
2177120601,277029.2,2112615.9,72.880695,19.094344,29.6,2.168,32.277,4.845,2.677,0.0,0.0,100.0
2177120602,277075.6,2112609.1,72.881137,19.094288,29.78,2.348,33.702,6.27,3.922,0.0,0.0,100.0
2177121801,277104.05,2112828.47,72.881382,19.096272,26.474,-0.958,31.829,4.397,5.355,0.0,0.0,100.0
2177121802,277131.5,2112840.59,72.881641,19.096385,27.144,-0.288,32.944,5.512,5.8,0.0,0.0,100.0
2177121803,277187.73,2112860.88,72.882173,19.096574,27.945,0.513,34.432,7.0,6.487,0.0,0.0,100.0
2177122801,277217.41,2112865.52,72.882455,19.096619,28.138,0.706,33.522,6.09,5.384,0.0,0.0,100.0
2177122802,277246.99,2112870.25,72.882735,19.096665,28.303,0.871,32.564,5.132,4.261,0.0,0.0,100.0
2177122803,277276.56,2112875.47,72.883016,19.096716,28.47,1.038,35.291,7.859,6.821,0.0,0.0,100.0
2177123801,277306.3,2112879.71,72.883298,19.096757,28.6,1.168,36.667,9.235,8.067,0.0,0.0,100.0
2177123802,277328.66,2112884.99,72.883509,19.096807,28.701,1.269,38.757,11.325,10.056,0.0,0.0,100.0
2177123803,277345.9,2112887.82,72.883673,19.096835,28.752,1.32,39.903,12.471,11.151,0.0,0.0,100.0
2177123901,277343.85,2112908.07,72.883651,19.097017,28.757,1.325,38.289,10.857,9.532,0.0,0.0,100.0
2177123902,277349.12,2112937.08,72.883698,19.09728,29.137,1.705,35.156,7.724,6.019,0.0,0.0,100.0
2177123903,277359.4,2112964.03,72.883792,19.097524,29.242,1.81,36.338,8.906,7.096,0.0,0.0,100.0
2177123904,277385.59,2112976.65,72.88404,19.097641,29.348,1.916,36.23,8.798,6.882,0.0,0.0,100.0
2177124901,277418.64,2112962.41,72.884355,19.097516,29.479,2.047,36.653,9.221,7.174,0.0,0.0,100.0
2177124902,277435.82,2112956.79,72.884519,19.097467,29.544,2.112,37.009,9.577,7.465,0.0,0.0,100.0
2177124903,277454.03,2112957.32,72.884692,19.097474,29.611,2.179,37.009,9.577,7.398,0.0,0.0,100.0
2177124904,277487.01,2112967.09,72.885004,19.097566,29.736,2.304,40.046,12.614,10.31,0.0,0.0,100.0
2177124905,277487.29,2112996.15,72.885004,19.097829,29.842,2.41,39.744,12.312,9.902,0.0,0.0,100.0
2177129001,277989.29,2112024.76,72.889884,19.08911,44.288,16.856,52.531,25.099,8.243,0.0,0.0,100.0
2178110902,278016.55,2111984.7,72.890148,19.088751,44.079,16.647,50.661,23.229,6.582,0.0,0.0,100.0
2177129101,277959.48,2112105.44,72.889592,19.089836,44.66,17.228,54.871,27.439,10.211,0.0,0.0,100.0
2177131601,277115.04,2113642.68,72.881393,19.103627,31.693,4.261,42.236,14.804,10.543,0.0,0.0,100.0
2177131701,277199.4,2113757.2,72.882181,19.10467,32.588,5.156,46.316,18.884,13.728,0.0,0.0,100.0
2177131902,277197.4,2113950.2,72.88214,19.106413,34.139,6.707,43.778,16.346,9.639,0.0,0.0,100.0
2177134001,277462.87,2113057.9,72.884765,19.098384,30.084,2.652,45.514,18.082,15.43,0.0,0.0,100.0
2177134002,277473.19,2113033.67,72.884865,19.098166,29.988,2.556,39.989,12.557,10.001,0.0,0.0,100.0
2177134003,277487.44,2113076.89,72.884996,19.098558,30.197,2.765,42.053,14.621,11.856,0.0,0.0,100.0
2177135001,277514.8,2113090.49,72.885254,19.098684,30.308,2.876,49.496,22.064,19.188,0.0,0.0,100.0
2177135101,277545.12,2113103.76,72.885541,19.098807,30.429,2.997,42.409,14.977,11.98,0.0,0.0,100.0
2177135102,277560.83,2113125.06,72.885687,19.099001,30.525,3.093,39.034,11.602,8.509,0.0,0.0,100.0
2177135103,277568.37,2113153.89,72.885756,19.099262,30.574,3.142,37.432,10.0,6.858,0.0,0.0,100.0
2177135104,277576.7,2113183.4,72.885832,19.099529,30.607,3.175,39.652,12.22,9.045,0.0,0.0,100.0
2177135201,277586.8,2113211.2,72.885924,19.099782,30.64,3.208,51.955,24.523,21.315,0.0,0.0,100.0
2177135202,277598.5,2113213.3,72.886035,19.099802,30.642,3.21,52.795,25.363,22.153,0.0,0.0,100.0
2177136201,277614.0,2113206.5,72.886183,19.099742,30.644,3.212,52.795,25.363,22.151,0.0,0.0,100.0
2177136202,277631.2,2113206.6,72.886347,19.099745,30.649,3.217,53.112,25.68,22.463,0.0,0.0,100.0
2177136203,277637.2,2113219.0,72.886402,19.099858,30.653,3.221,53.112,25.68,22.459,0.0,0.0,100.0
2177136204,277639.6,2113232.2,72.886424,19.099977,30.655,3.223,53.112,25.68,22.457,0.0,0.0,100.0
2177136205,277650.1,2113244.7,72.886522,19.100091,30.657,3.225,39.812,12.38,9.155,0.0,0.0,100.0
2177136206,277677.8,2113252.5,72.886784,19.100165,30.66,3.228,39.812,12.38,9.152,0.0,0.0,100.0
2177136207,277682.8,2113254.1,72.886831,19.10018,30.662,3.23,37.962,10.53,7.3,0.0,0.0,100.0
2177137201,277706.4,2113264.4,72.887055,19.100275,30.667,3.235,37.962,10.53,7.295,0.0,0.0,100.0
2177137203,277728.7,2113246.3,72.887268,19.100114,30.753,3.321,40.432,13.0,9.679,0.0,0.0,100.0
2177137204,277742.7,2113234.4,72.887403,19.100008,30.804,3.372,40.264,12.832,9.46,0.0,0.0,100.0
2177137205,277754.8,2113234.7,72.887518,19.100012,30.894,3.462,40.264,12.832,9.37,0.0,0.0,100.0
2177137206,277778.5,2113242.4,72.887742,19.100084,30.989,3.557,36.926,9.494,5.937,0.0,0.0,100.0
2177137207,277788.0,2113239.4,72.887833,19.100058,31.027,3.595,36.926,9.494,5.899,0.0,0.0,100.0
2177137301,277799.2,2113351.8,72.887926,19.101075,32.0,4.568,39.432,12.0,7.432,0.0,0.0,100.0
2177138201,277812.0,2113254.0,72.888059,19.100193,31.134,3.702,37.184,9.752,6.05,0.0,0.0,100.0
2177138202,277841.4,2113252.6,72.888338,19.100183,31.235,3.803,39.346,11.914,8.111,0.0,0.0,100.0
2177138203,277865.4,2113271.3,72.888564,19.100355,31.34,3.908,41.432,14.0,10.092,0.0,0.0,100.0
2177138204,277867.8,2113284.0,72.888586,19.10047,31.385,3.953,41.432,14.0,10.047,0.0,0.0,100.0
2177138205,277871.2,2113291.8,72.888617,19.100541,31.414,3.982,41.432,14.0,10.018,0.0,0.0,100.0
2177138206,277878.3,2113294.5,72.888684,19.100566,31.44,4.008,41.432,14.0,9.992,0.0,0.0,100.0
2177138401,277805.0,2113460.0,72.887969,19.102052,32.3,4.868,38.651,11.219,6.351,0.0,0.0,100.0
2177138501,277850.8,2113545.6,72.888394,19.10283,32.7,5.268,40.034,12.602,7.334,0.0,0.0,100.0
2177138502,277872.4,2113597.0,72.888593,19.103297,33.197,5.765,41.272,13.84,8.075,0.0,0.0,100.0
2177138503,277898.11,2113577.01,72.88884,19.103119,33.032,5.6,41.312,13.88,8.28,0.0,0.0,100.0
2177139501,277921.98,2113558.79,72.889069,19.102957,32.993,5.561,41.977,14.545,8.984,0.0,0.0,100.0
2177138601,277888.99,2113619.71,72.888748,19.103504,33.771,6.339,42.023,14.591,8.252,0.0,0.0,100.0
2177138602,277893.2,2113632.55,72.888787,19.10362,33.938,6.506,41.47,14.038,7.532,0.0,0.0,100.0
2177138801,277873.7,2113884.5,72.888573,19.105894,34.041,6.609,48.815,21.383,14.774,0.0,0.0,100.0
2177138904,277840.95,2113930.38,72.888256,19.106305,33.682,6.25,56.343,28.911,22.661,0.0,0.0,100.0
2177138901,277802.5,2113986.9,72.887885,19.106811,31.4,3.968,44.684,17.252,13.284,0.0,0.0,100.0
2177147005,277759.4,2114023.6,72.887471,19.107138,31.183,3.751,40.215,12.783,9.032,0.0,0.0,100.0
2177138903,277825.8,2113952.8,72.88811,19.106505,31.5,4.068,50.33,22.898,18.83,0.0,0.0,100.0
2177139201,277901.8,2113284.9,72.888909,19.100482,31.528,4.096,41.432,14.0,9.904,0.0,0.0,100.0
2177139202,277906.3,2113285.4,72.888951,19.100487,31.543,4.111,41.432,14.0,9.889,0.0,0.0,100.0
2177139203,277916.2,2113293.0,72.889044,19.100556,31.586,4.154,41.432,14.0,9.846,0.0,0.0,100.0
2177139302,277914.1,2113311.4,72.889022,19.100722,31.65,4.218,41.841,14.409,10.191,0.0,0.0,100.0
2177139303,277924.2,2113339.2,72.889115,19.100974,31.747,4.315,40.9,13.468,9.153,0.0,0.0,100.0
2177139304,277926.18,2113371.01,72.88913,19.101262,31.856,4.424,39.911,12.479,8.055,0.0,0.0,100.0
2177139305,277929.9,2113355.4,72.889167,19.101121,31.804,4.372,40.9,13.468,9.096,0.0,0.0,100.0
2177139307,277942.6,2113394.8,72.889284,19.101479,31.953,4.521,39.432,12.0,7.479,0.0,0.0,100.0
2177139401,277967.6,2113410.7,72.889519,19.101625,32.051,4.619,39.694,12.262,7.643,0.0,0.0,100.0
2177139402,277992.9,2113427.7,72.889758,19.101781,32.151,4.719,38.386,10.954,6.235,0.0,0.0,100.0
2177139502,277946.89,2113539.92,72.889308,19.10279,32.954,5.522,41.898,14.466,8.944,0.0,0.0,100.0
2177139503,277962.49,2113516.06,72.889459,19.102576,32.917,5.485,41.91,14.478,8.993,0.0,0.0,100.0
2177139508,277978.72,2113586.69,72.889605,19.103215,34.097,6.665,41.432,14.0,7.335,0.0,0.0,100.0
2177139511,277990.29,2113597.32,72.889713,19.103313,34.282,6.85,41.432,14.0,7.15,0.0,0.0,100.0
2177139602,277904.64,2113692.27,72.888889,19.104161,34.271,6.839,41.512,14.08,7.241,0.0,0.0,100.0
2177139604,277910.16,2113681.34,72.888943,19.104063,34.236,6.804,41.512,14.08,7.276,0.0,0.0,100.0
2177139605,277994.87,2113600.17,72.889757,19.103339,34.291,6.859,41.432,14.0,7.141,0.0,0.0,100.0
2177139701,277910.19,2113701.12,72.888941,19.104242,34.3,6.868,42.557,15.125,8.257,0.0,0.0,100.0
2177139702,277914.67,2113708.44,72.888982,19.104308,34.325,6.893,42.557,15.125,8.232,0.0,0.0,100.0
2177139704,277944.55,2113729.97,72.889264,19.104506,34.427,6.995,41.432,14.0,7.005,0.0,0.0,100.0
2177139705,277957.26,2113731.1,72.889384,19.104517,34.463,7.031,41.486,14.054,7.023,0.0,0.0,100.0
2177139706,277978.15,2113726.52,72.889583,19.104478,34.523,7.091,41.486,14.054,6.963,0.0,0.0,100.0
2177143401,277355.6,2114480.7,72.883582,19.111222,34.862,7.43,49.809,22.377,14.947,0.0,0.0,100.0
2177144201,277433.5,2114238.8,72.88435,19.109046,34.258,6.826,41.04,13.608,6.782,0.0,0.0,100.0
2177143801,277340.5,2114893.6,72.883391,19.114949,37.493,10.061,43.341,15.909,5.848,0.0,0.0,100.0
2177145201,277571.3,2114214.8,72.885662,19.108844,33.747,6.315,42.896,15.464,9.149,0.0,0.0,100.0
2177145101,277586.6,2114194.9,72.88581,19.108666,33.655,6.223,45.276,17.844,11.621,0.0,0.0,100.0
2177147001,277700.5,2114054.7,72.886908,19.107412,30.879,3.447,38.25,10.818,7.371,0.0,0.0,100.0
2177147003,277751.2,2114050.5,72.88739,19.10738,31.075,3.643,40.049,12.617,8.974,0.0,0.0,100.0
2177154101,277440.9,2115194.7,72.88431,19.117679,37.997,10.565,48.348,20.916,10.351,0.0,0.0,100.0
2177154301,277421.3,2115393.4,72.884101,19.119472,41.733,14.301,61.432,34.0,19.699,0.0,0.0,100.0
2177155201,277540.45,2115250.54,72.88525,19.118195,36.829,9.397,41.432,14.0,4.603,0.0,0.0,100.0
2177155401,277559.29,2115417.29,72.88541,19.119703,37.761,10.329,59.522,32.09,21.761,0.0,0.0,100.0
2177155501,277548.6,2115505.5,72.885298,19.120498,37.969,10.537,58.2,30.768,20.231,0.0,0.0,100.0
2177155601,277597.5,2115611.5,72.88575,19.121461,39.548,12.116,49.879,22.447,10.331,0.0,0.0,100.0
2177155901,277541.4,2115903.0,72.885184,19.124087,47.1,19.668,59.869,32.437,12.769,0.0,0.0,100.0
2177156901,277660.4,2115931.6,72.886311,19.124359,43.86,16.428,59.092,31.66,15.232,0.0,0.0,100.0
2177156601,277637.3,2115675.8,72.886121,19.122046,41.536,14.104,47.403,19.971,5.867,0.0,0.0,100.0
2177157701,277704.6,2115743.1,72.886753,19.122661,40.25,12.818,49.102,21.67,8.852,0.0,0.0,100.0
2177162201,277280.5,2116274.9,72.882662,19.127418,47.49,20.058,52.024,24.592,4.534,0.0,0.0,100.0
2177163301,277372.7,2116305.9,72.883535,19.127708,41.564,14.132,50.042,22.61,8.478,0.0,0.0,100.0
2177163101,277364.5,2116124.0,72.883478,19.126064,46.713,19.281,56.599,29.167,9.886,0.0,0.0,100.0
2177164101,277407.4,2116173.1,72.88388,19.126512,44.632,17.2,48.837,21.405,4.205,0.0,0.0,100.0
2178090301,278071.0,2109393.6,72.890961,19.065356,26.371,-1.061,31.411,3.979,5.04,0.0,0.0,100.0
2178090402,278043.78,2109403.77,72.890701,19.065445,26.364,-1.068,31.411,3.979,5.047,0.0,0.0,100.0
2178090401,278016.6,2109417.2,72.890442,19.065563,26.356,-1.076,34.425,6.993,8.069,0.0,0.0,100.0
2178090601,278012.83,2109660.26,72.890378,19.067758,27.075,-0.357,36.572,9.14,9.497,0.0,0.0,100.0
2178090602,278042.28,2109664.99,72.890657,19.067804,27.09,-0.342,36.887,9.455,9.797,0.0,0.0,100.0
2178090603,278072.18,2109667.54,72.890941,19.06783,27.11,-0.322,36.114,8.682,9.004,0.0,0.0,100.0
2178091402,278118.7,2109459.4,72.891407,19.065955,26.813,-0.619,32.365,4.933,5.552,0.0,0.0,100.0
2178091403,278136.2,2109483.7,72.89157,19.066177,26.783,-0.649,33.664,6.232,6.881,0.0,0.0,100.0
2178091501,278153.6,2109508.3,72.891733,19.066401,26.758,-0.674,35.657,8.225,8.899,0.0,0.0,100.0
2178091502,278170.6,2109533.0,72.891891,19.066626,26.739,-0.693,48.314,20.882,21.575,0.0,0.0,100.0
2178091503,278186.8,2109558.0,72.892042,19.066853,26.724,-0.708,39.424,11.992,12.7,0.0,0.0,100.0
2178091601,278102.09,2109670.45,72.891225,19.06786,27.13,-0.302,35.969,8.537,8.839,0.0,0.0,100.0
2178091602,278131.9,2109673.08,72.891508,19.067887,27.149,-0.283,36.652,9.22,9.503,0.0,0.0,100.0
2178091603,278161.89,2109675.72,72.891792,19.067914,27.169,-0.263,36.38,8.948,9.211,0.0,0.0,100.0
2178091604,278191.81,2109678.28,72.892076,19.06794,27.189,-0.243,30.516,3.084,3.327,0.0,0.0,100.0
2178101101!,278126.2,2110162.9,72.891398,19.07231,26.033,-1.399,31.849,4.417,5.816,0.0,0.0,100.0
2178101101,278126.2,2110162.9,72.891398,19.07231,26.033,-1.399,31.849,4.417,5.816,0.0,0.0,100.0
2178100701!,278014.3,2110722.16,72.890271,19.077349,26.878,-0.554,32.911,5.479,6.033,0.0,0.0,100.0
2178100701,278014.3,2110722.16,72.890271,19.077349,26.878,-0.554,32.911,5.479,6.033,0.0,0.0,100.0
2178100704,278041.04,2110737.0,72.890523,19.077486,26.9,-0.532,32.911,5.479,6.011,0.0,0.0,100.0
2178100703!,278032.38,2110732.23,72.890441,19.077442,26.893,-0.539,32.911,5.479,6.018,0.0,0.0,100.0
2178100705,278049.5,2110741.4,72.890603,19.077526,27.277,-0.155,33.131,5.699,5.854,0.0,0.0,100.0
2178100708,278057.02,2110749.07,72.890673,19.077596,27.283,-0.149,31.657,4.225,4.374,0.0,0.0,100.0
2178100709!,278079.19,2110769.01,72.890882,19.077779,27.301,-0.131,31.364,3.932,4.063,0.0,0.0,100.0
2178100802!,278057.61,2110817.55,72.890671,19.078215,28.048,0.616,31.472,4.04,3.424,0.0,0.0,100.0
2178100803!,278059.46,2110877.31,72.890682,19.078755,28.089,0.657,36.957,9.525,8.868,0.0,0.0,100.0
2178100804!,278059.89,2110847.43,72.890689,19.078485,28.068,0.636,33.503,6.071,5.435,0.0,0.0,100.0
2178100901!,278060.86,2110907.3,72.890692,19.079026,28.11,0.678,38.37,10.938,10.26,0.0,0.0,100.0
2178100902!,278062.6,2110937.08,72.890705,19.079295,28.189,0.757,37.8,10.368,9.611,0.0,0.0,100.0
2178100903!,278064.12,2110996.96,72.890712,19.079836,28.298,0.866,37.078,9.646,8.78,0.0,0.0,100.0
2178100904!,278065.42,2110966.96,72.890728,19.079565,28.191,0.759,37.682,10.25,9.491,0.0,0.0,100.0
2178102201!,278287.3,2110296.7,72.892913,19.073536,26.02,-1.412,31.24,3.808,5.22,0.0,0.0,100.0
2178101701!,278102.29,2110788.4,72.891099,19.077956,27.327,-0.105,30.432,3.0,3.105,0.0,0.0,100.0
2178101801!,278124.69,2110808.01,72.891309,19.078136,27.348,-0.084,31.727,4.295,4.379,0.0,0.0,100.0
2178101802!,278147.55,2110827.29,72.891524,19.078313,27.373,-0.059,32.36,4.928,4.987,0.0,0.0,100.0
2178101803!,278170.53,2110846.66,72.89174,19.07849,27.404,-0.028,32.858,5.426,5.454,0.0,0.0,100.0
2178101803,278170.53,2110846.66,72.89174,19.07849,27.404,-0.028,32.858,5.426,5.454,0.0,0.0,100.0
2178101804!,278193.31,2110866.61,72.891955,19.078673,27.439,0.007,33.027,5.595,5.588,0.0,0.0,100.0
2178101804,278193.31,2110866.61,72.891955,19.078673,27.439,0.007,33.027,5.595,5.588,0.0,0.0,100.0
2178104301!,278406.9,2110387.7,72.894038,19.074371,26.011,-1.421,32.432,5.0,6.421,0.0,0.0,100.0
2178102801,278216.47,2110885.07,72.892172,19.078842,27.463,0.031,33.432,6.0,5.969,0.0,0.0,100.0
2178102901,278241.3,2110902.14,72.892406,19.078999,27.489,0.057,32.945,5.513,5.456,0.0,0.0,100.0
2178102902,278249.63,2110974.97,72.892477,19.079657,27.561,0.129,32.619,5.187,5.058,0.0,0.0,100.0
2178102903,278259.1,2110946.4,72.89257,19.0794,27.544,0.112,32.893,5.461,5.349,0.0,0.0,100.0
2178102904,278263.12,2110918.04,72.892612,19.079145,27.518,0.086,32.983,5.551,5.465,0.0,0.0,100.0
2178110001!,278056.54,2111025.54,72.890637,19.080093,28.403,0.971,37.069,9.637,8.666,0.0,0.0,100.0
2178110002!,278058.49,2111054.66,72.890652,19.080356,28.506,1.074,36.642,9.21,8.136,0.0,0.0,100.0
2178110101!,278033.5,2111193.26,72.890399,19.081605,28.912,1.48,46.787,19.355,17.875,0.0,0.0,100.0
2178110102!,278052.56,2111170.1,72.890583,19.081398,28.807,1.375,44.211,16.779,15.404,0.0,0.0,100.0
2178110103!,278063.91,2111143.46,72.890694,19.081159,28.706,1.274,40.462,13.03,11.756,0.0,0.0,100.0
2178110104!,278064.78,2111119.32,72.890705,19.080941,28.621,1.189,36.807,9.375,8.186,0.0,0.0,100.0
2178110202!,278021.71,2111268.73,72.890279,19.082286,30.033,2.601,38.076,10.644,8.043,0.0,0.0,100.0
2178110201,278007.68,2111296.48,72.890142,19.082535,30.383,2.951,39.784,12.352,9.401,0.0,0.0,100.0
2178110204!,278043.43,2111248.39,72.890487,19.082104,29.434,2.002,39.027,11.595,9.593,0.0,0.0,100.0
2178110203!,278023.0,2111220.34,72.890296,19.081849,29.014,1.582,44.68,17.248,15.666,0.0,0.0,100.0
2178110301,278005.3,2111333.57,72.890115,19.082869,30.583,3.151,41.126,13.694,10.543,0.0,0.0,100.0
2178110302,278012.16,2111364.01,72.890177,19.083145,30.734,3.302,43.645,16.213,12.911,0.0,0.0,100.0
2178110303,278019.56,2111394.82,72.890244,19.083424,30.887,3.455,43.432,16.0,12.545,0.0,0.0,100.0
2178110304,278087.43,2111303.19,72.890899,19.082604,27.884,0.452,37.101,9.669,9.217,0.0,0.0,100.0
2178111302,278141.67,2111318.03,72.891412,19.082744,27.828,0.396,42.715,15.283,14.887,0.0,0.0,100.0
2178110401!,278029.2,2111423.04,72.890332,19.08368,31.156,3.724,42.899,15.467,11.743,0.0,0.0,100.0
2178110401,278029.2,2111423.04,72.890332,19.08368,31.156,3.724,42.899,15.467,11.743,0.0,0.0,100.0
2178110402!,278035.79,2111452.27,72.890391,19.083945,31.536,4.104,41.177,13.745,9.641,0.0,0.0,100.0
2178110402,278035.79,2111452.27,72.890391,19.083945,31.536,4.104,41.177,13.745,9.641,0.0,0.0,100.0
2178110403!,278042.94,2111481.4,72.890456,19.084209,31.809,4.377,40.432,13.0,8.623,0.0,0.0,100.0
2178110403,278042.94,2111481.4,72.890456,19.084209,31.809,4.377,40.432,13.0,8.623,0.0,0.0,100.0
2178110501!,278051.6,2111508.89,72.890535,19.084458,32.421,4.989,40.951,13.519,8.53,0.0,0.0,100.0
2178110501,278051.6,2111508.89,72.890535,19.084458,32.421,4.989,40.951,13.519,8.53,0.0,0.0,100.0
2178110502!,278081.37,2111508.89,72.890818,19.084461,32.808,5.376,39.975,12.543,7.167,0.0,0.0,100.0
2178110801,278001.78,2111866.22,72.890021,19.08768,43.53,16.098,57.432,30.0,13.902,0.0,0.0,100.0
2178110901,278002.31,2111906.16,72.890021,19.08804,43.703,16.271,55.278,27.846,11.575,0.0,0.0,100.0
2178110903,278026.79,2111945.16,72.890249,19.088395,43.902,16.47,50.564,23.132,6.662,0.0,0.0,100.0
2178111101!,278187.51,2111165.66,72.891865,19.081373,27.663,0.231,34.918,7.486,7.255,0.0,0.0,100.0
2178111103!,278196.38,2111139.83,72.891953,19.081141,27.649,0.217,33.118,5.686,5.469,0.0,0.0,100.0
2178111102!,278191.25,2111177.45,72.8919,19.08148,27.675,0.243,37.577,10.145,9.902,0.0,0.0,100.0
2178112102!,278202.37,2111118.81,72.892012,19.080951,27.638,0.206,45.45,18.018,17.812,0.0,0.0,100.0
2178111201!,278179.4,2111221.7,72.891782,19.081878,27.721,0.289,39.893,12.461,12.172,0.0,0.0,100.0
2178111301,278138.33,2111359.95,72.891376,19.083122,27.96,0.528,40.095,12.663,12.135,0.0,0.0,100.0
2178111303!,278154.5,2111308.09,72.891535,19.082656,27.811,0.379,42.715,15.283,14.904,0.0,0.0,100.0
2178111303,278154.5,2111308.09,72.891535,19.082656,27.811,0.379,42.715,15.283,14.904,0.0,0.0,100.0
2178111502,278141.24,2111512.36,72.891386,19.084499,32.939,5.507,41.713,14.281,8.774,0.0,0.0,100.0
2178111503!,278170.47,2111518.63,72.891663,19.084559,33.005,5.573,41.061,13.629,8.056,0.0,0.0,100.0
2178111503,278170.47,2111518.63,72.891663,19.084559,33.005,5.573,41.061,13.629,8.056,0.0,0.0,100.0
2178111504!,278199.17,2111527.3,72.891935,19.08464,33.071,5.639,39.737,12.305,6.666,0.0,0.0,100.0
2178111504,278199.17,2111527.3,72.891935,19.08464,33.071,5.639,39.737,12.305,6.666,0.0,0.0,100.0
2178112001!,278211.87,2111089.56,72.892105,19.080688,27.614,0.182,58.751,31.319,31.137,0.0,0.0,100.0
2178112002!,278221.44,2111060.25,72.8922,19.080425,27.596,0.164,52.914,25.482,25.318,0.0,0.0,100.0
2178112002,278221.44,2111060.25,72.8922,19.080425,27.596,0.164,52.914,25.482,25.318,0.0,0.0,100.0
2178112003!,278231.17,2111032.07,72.892295,19.080171,27.581,0.149,37.336,9.904,9.755,0.0,0.0,100.0
2178112003,278231.17,2111032.07,72.892295,19.080171,27.581,0.149,37.336,9.904,9.755,0.0,0.0,100.0
2178112004,278240.4,2111003.4,72.892386,19.079913,27.575,0.143,33.691,6.259,6.116,0.0,0.0,100.0
2178112101!,278200.33,2111142.85,72.89199,19.081168,27.659,0.227,33.118,5.686,5.459,0.0,0.0,100.0
2178112103!,278215.06,2111147.95,72.892129,19.081216,27.676,0.244,33.118,5.686,5.442,0.0,0.0,100.0
2178112104!,278258.56,2111161.19,72.892541,19.08134,27.699,0.267,33.508,6.076,5.809,0.0,0.0,100.0
2178112104,278258.56,2111161.19,72.892541,19.08134,27.699,0.267,33.508,6.076,5.809,0.0,0.0,100.0
2178112105!,278273.55,2111166.53,72.892683,19.08139,27.719,0.287,33.508,6.076,5.789,0.0,0.0,100.0
2178112105,278273.55,2111166.53,72.892683,19.08139,27.719,0.287,33.508,6.076,5.789,0.0,0.0,100.0
2178112106,278288.1,2111171.6,72.89282,19.081437,27.731,0.299,33.277,5.845,5.546,0.0,0.0,100.0
2178112401!,278204.23,2111422.55,72.891995,19.083695,28.051,0.619,41.079,13.647,13.028,0.0,0.0,100.0
2178112401,278204.23,2111422.55,72.891995,19.083695,28.051,0.619,41.079,13.647,13.028,0.0,0.0,100.0
2178112402!,278254.95,2111470.11,72.892471,19.08413,28.122,0.69,40.176,12.744,12.054,0.0,0.0,100.0
2178112402,278254.95,2111470.11,72.892471,19.08413,28.122,0.69,40.176,12.744,12.054,0.0,0.0,100.0
2178112501!,278227.75,2111536.07,72.892205,19.084723,33.136,5.704,40.521,13.089,7.385,0.0,0.0,100.0
2178112502!,278256.32,2111545.16,72.892476,19.084808,33.202,5.77,39.75,12.318,6.548,0.0,0.0,100.0
2178112502,278256.32,2111545.16,72.892476,19.084808,33.202,5.77,39.75,12.318,6.548,0.0,0.0,100.0
2178112503!,278284.25,2111555.77,72.89274,19.084907,33.267,5.835,39.75,12.318,6.483,0.0,0.0,100.0
2178112503,278284.25,2111555.77,72.89274,19.084907,33.267,5.835,39.75,12.318,6.483,0.0,0.0,100.0
2178113102,278321.14,2111182.31,72.893133,19.081538,27.75,0.318,41.906,14.474,14.156,0.0,0.0,100.0
2178113103,278332.38,2111186.84,72.893239,19.08158,27.763,0.331,41.906,14.474,14.143,0.0,0.0,100.0
2178113501!,278312.5,2111566.49,72.893007,19.085007,33.333,5.901,41.09,13.658,7.757,0.0,0.0,100.0
2178113501,278312.5,2111566.49,72.893007,19.085007,33.333,5.901,41.09,13.658,7.757,0.0,0.0,100.0
2178113502!,278337.03,2111532.71,72.893244,19.084704,28.226,0.794,42.024,14.592,13.798,0.0,0.0,100.0
2178113503!,278340.54,2111577.1,72.893272,19.085105,33.399,5.967,39.92,12.488,6.521,0.0,0.0,100.0
2178113504!,278368.57,2111587.6,72.893537,19.085203,33.464,6.032,39.432,12.0,5.968,0.0,0.0,100.0
2178113504,278368.57,2111587.6,72.893537,19.085203,33.464,6.032,39.432,12.0,5.968,0.0,0.0,100.0
2178113505!,278396.72,2111598.2,72.893803,19.085302,33.53,6.098,39.974,12.542,6.444,0.0,0.0,100.0
2178113505,278396.72,2111598.2,72.893803,19.085302,33.53,6.098,39.974,12.542,6.444,0.0,0.0,100.0
2178114601!,278424.97,2111607.95,72.894071,19.085393,33.595,6.163,40.143,12.711,6.548,0.0,0.0,100.0
2178114601,278424.97,2111607.95,72.894071,19.085393,33.595,6.163,40.143,12.711,6.548,0.0,0.0,100.0
2178114602!,278453.34,2111617.48,72.894339,19.085482,33.661,6.229,42.001,14.569,8.34,0.0,0.0,100.0
2178114602,278453.34,2111617.48,72.894339,19.085482,33.661,6.229,42.001,14.569,8.34,0.0,0.0,100.0
2178114603,278481.92,2111627.01,72.894609,19.085571,33.727,6.295,41.906,14.474,8.179,0.0,0.0,100.0
2178115901,278578.0,2111991.6,72.89548,19.088875,35.5,8.068,48.701,21.269,13.201,0.0,0.0,100.0
2178115902,278584.6,2111987.2,72.895544,19.088836,35.5,8.068,51.585,24.153,16.085,0.0,0.0,100.0
2178123901,278350.93,2112992.27,72.893209,19.097888,37.707,10.275,49.664,22.232,11.957,0.0,0.0,100.0
2178133003,278332.88,2113016.39,72.893035,19.098103,37.522,10.09,46.787,19.355,9.265,0.0,0.0,100.0
2178123902,278370.08,2112969.22,72.893393,19.097682,37.885,10.453,49.664,22.232,11.779,0.0,0.0,100.0
2178123903,278390.62,2112947.26,72.893591,19.097485,38.061,10.629,46.177,18.745,8.116,0.0,0.0,100.0
2178124101,278490.7,2112196.9,72.894628,19.090719,42.7,15.268,51.263,23.831,8.563,0.0,0.0,100.0
2178124201!,278468.4,2112236.6,72.894411,19.091076,43.6,16.168,54.09,26.658,10.49,0.0,0.0,100.0
2178124202!,278473.1,2112203.6,72.89446,19.090778,43.1,15.668,50.59,23.158,7.49,0.0,0.0,100.0
2178124201,278468.4,2112236.6,72.894411,19.091076,43.6,16.168,54.09,26.658,10.49,0.0,0.0,100.0
2178124202,278473.1,2112203.6,72.89446,19.090778,43.1,15.668,50.59,23.158,7.49,0.0,0.0,100.0
2178124801,278461.89,2112887.86,72.894275,19.096957,38.605,11.173,46.629,19.197,8.024,0.0,0.0,100.0
2178124902,278437.05,2112905.77,72.894037,19.097116,38.425,10.993,47.311,19.879,8.886,0.0,0.0,100.0
2178124802,278484.2,2112872.4,72.894489,19.096819,38.787,11.355,49.261,21.829,10.474,0.0,0.0,100.0
2178124901,278412.03,2112926.26,72.893797,19.097298,38.243,10.811,47.311,19.879,9.068,0.0,0.0,100.0
2178125001!,278550.1,2112048.3,72.895209,19.089384,37.6,10.168,46.178,18.746,8.578,0.0,0.0,100.0
2178125002!,278553.5,2112046.4,72.895241,19.089367,37.6,10.168,46.178,18.746,8.578,0.0,0.0,100.0
2178125005,278595.9,2112027.5,72.895646,19.089201,36.0,8.568,47.704,20.272,11.704,0.0,0.0,100.0
2178125004!,278577.7,2112097.1,72.895466,19.089828,38.0,10.568,48.617,21.185,10.617,0.0,0.0,100.0
2178125004,278577.7,2112097.1,72.895466,19.089828,38.0,10.568,48.617,21.185,10.617,0.0,0.0,100.0
2178125102,278540.3,2112185.6,72.8951,19.090623,42.1,14.668,49.205,21.773,7.105,0.0,0.0,100.0
2178125103,278569.7,2112171.6,72.895381,19.090499,42.1,14.668,51.536,24.104,9.436,0.0,0.0,100.0
2178125801,278529.5,2112837.4,72.894923,19.096508,39.27,11.838,44.983,17.551,5.713,0.0,0.0,100.0
2178125901,278546.7,2112924.8,72.895077,19.097299,40.021,12.589,48.359,20.927,8.338,0.0,0.0,100.0
2178126901,278622.2,2112917.2,72.895795,19.097239,40.661,13.229,49.406,21.974,8.745,0.0,0.0,100.0
2178127901,278722.2,2112961.6,72.89674,19.097651,41.584,14.152,49.444,22.012,7.86,0.0,0.0,100.0
2178128901,278823.0,2112967.4,72.897697,19.097714,42.435,15.003,53.426,25.994,10.991,0.0,0.0,100.0
2178130403,278035.9,2113449.0,72.890164,19.101978,32.227,4.795,38.751,11.319,6.524,0.0,0.0,100.0
2178130404,278067.37,2113432.26,72.890465,19.10183,32.614,5.182,39.526,12.094,6.912,0.0,0.0,100.0
2178130405,278073.96,2113418.97,72.890529,19.101711,32.741,5.309,40.727,13.295,7.986,0.0,0.0,100.0
2178130407,278083.8,2113408.7,72.890623,19.101619,32.863,5.431,40.727,13.295,7.864,0.0,0.0,100.0
2178130501,278087.14,2113596.09,72.890634,19.103312,34.869,7.437,42.789,15.357,7.92,0.0,0.0,100.0
2178130608,278076.58,2113609.88,72.890532,19.103436,34.844,7.412,42.583,15.151,7.739,0.0,0.0,100.0
2178130605,278053.89,2113615.96,72.890316,19.103488,34.62,7.188,42.913,15.481,8.293,0.0,0.0,100.0
2178130606,278059.8,2113619.08,72.890371,19.103517,34.657,7.225,42.913,15.481,8.256,0.0,0.0,100.0
2178130607,278066.92,2113622.76,72.890439,19.103551,34.711,7.279,42.913,15.481,8.202,0.0,0.0,100.0
2178130609,278098.6,2113602.7,72.890742,19.103373,34.919,7.487,42.583,15.151,7.664,0.0,0.0,100.0
2178130702,278023.85,2113757.77,72.890014,19.104766,34.872,7.44,42.726,15.294,7.854,0.0,0.0,100.0
2178130706,278036.34,2113733.54,72.890135,19.104548,34.753,7.321,42.014,14.582,7.261,0.0,0.0,100.0
2178130704,278027.86,2113724.52,72.890056,19.104466,34.699,7.267,42.014,14.582,7.315,0.0,0.0,100.0
2178130710,278058.5,2113795.49,72.890339,19.10511,35.124,7.692,43.432,16.0,8.308,0.0,0.0,100.0
2178130711,278080.82,2113796.69,72.890551,19.105123,35.221,7.789,43.472,16.04,8.251,0.0,0.0,100.0
2178130801,278082.5,2113814.8,72.890565,19.105287,35.3,7.868,43.173,15.741,7.873,0.0,0.0,100.0
2178130802,278086.34,2113829.45,72.890599,19.10542,35.366,7.934,43.173,15.741,7.807,0.0,0.0,100.0
2178130803,278095.17,2113841.14,72.890682,19.105526,35.429,7.997,43.173,15.741,7.744,0.0,0.0,100.0
2178130901,278060.2,2113958.6,72.890336,19.106583,35.048,7.616,43.073,15.641,8.025,0.0,0.0,100.0
2178131201,278174.54,2113297.03,72.891498,19.100621,34.138,6.706,41.082,13.65,6.944,0.0,0.0,100.0
2178131304,278158.35,2113322.73,72.891342,19.100851,33.871,6.439,42.512,15.08,8.641,0.0,0.0,100.0
2178131202,278189.16,2113270.94,72.89164,19.100387,34.405,6.973,41.082,13.65,6.677,0.0,0.0,100.0
2178131301,278105.2,2113387.3,72.890829,19.101429,33.121,5.689,44.212,16.78,11.091,0.0,0.0,100.0
2178131302,278125.6,2113365.3,72.891026,19.101232,33.381,5.949,44.212,16.78,10.831,0.0,0.0,100.0
2178131303,278140.31,2113344.74,72.891168,19.101048,33.604,6.172,42.287,14.855,8.683,0.0,0.0,100.0
2178131402,278130.5,2113438.38,72.891064,19.101893,33.322,5.89,40.861,13.429,7.539,0.0,0.0,100.0
2178131403,278153.8,2113424.0,72.891287,19.101765,33.685,6.253,40.849,13.417,7.164,0.0,0.0,100.0
2178131404,278162.2,2113421.6,72.891367,19.101745,33.715,6.283,40.849,13.417,7.134,0.0,0.0,100.0
2178131603,278125.42,2113626.18,72.890994,19.103588,35.065,7.633,41.927,14.495,6.862,0.0,0.0,100.0
2178131604,278146.12,2113619.41,72.891191,19.103529,35.308,7.876,42.578,15.146,7.27,0.0,0.0,100.0
2178131605,278170.83,2113610.27,72.891427,19.103449,35.432,8.0,43.489,16.057,8.057,0.0,0.0,100.0
2178131606,278185.12,2113604.21,72.891564,19.103396,35.446,8.014,43.489,16.057,8.043,0.0,0.0,100.0
2178131607,278192.07,2113623.66,72.891627,19.103573,35.477,8.045,43.489,16.057,8.012,0.0,0.0,100.0
2178131802,278121.72,2113856.17,72.890932,19.105665,35.564,8.132,42.848,15.416,7.284,0.0,0.0,100.0
2178131803,278139.1,2113861.79,72.891097,19.105718,35.643,8.211,42.485,15.053,6.842,0.0,0.0,100.0
2178131804,278148.18,2113866.11,72.891183,19.105758,35.654,8.222,42.485,15.053,6.831,0.0,0.0,100.0
2178131805,278170.67,2113882.9,72.891394,19.105912,35.726,8.294,43.861,16.429,8.135,0.0,0.0,100.0
2178131806,278174.08,2113884.91,72.891427,19.10593,35.736,8.304,43.861,16.429,8.125,0.0,0.0,100.0
2178131901,278134.8,2113997.7,72.891041,19.106945,35.47,8.038,42.333,14.901,6.863,0.0,0.0,100.0
2178131902,278199.3,2113900.2,72.891665,19.106071,35.944,8.512,44.094,16.662,8.15,0.0,0.0,100.0
2178132001,278287.94,2113085.53,72.8926,19.098723,36.29,8.858,48.843,21.411,12.553,0.0,0.0,100.0
2178132104,278274.14,2113112.23,72.892466,19.098963,36.016,8.584,47.529,20.097,11.513,0.0,0.0,100.0
2178132101,278232.0,2113191.2,72.892056,19.099671,35.209,7.777,43.97,16.538,8.761,0.0,0.0,100.0
2178132202,278217.62,2113217.62,72.891917,19.099908,34.942,7.51,46.197,18.765,11.255,0.0,0.0,100.0
2178132102,278244.97,2113165.05,72.892183,19.099437,35.478,8.046,40.432,13.0,4.954,0.0,0.0,100.0
2178132103,278259.73,2113138.67,72.892326,19.0992,35.747,8.315,43.669,16.237,7.922,0.0,0.0,100.0
2178132201,278202.86,2113244.71,72.891773,19.100151,34.674,7.242,44.348,16.916,9.674,0.0,0.0,100.0
2178132404,278230.3,2113436.4,72.892012,19.101886,34.479,7.047,42.432,15.0,7.953,0.0,0.0,100.0
2178132405,278240.5,2113442.9,72.892108,19.101945,34.49,7.058,42.432,15.0,7.942,0.0,0.0,100.0
2178132406,278251.2,2113457.7,72.892208,19.10208,34.501,7.069,43.04,15.608,8.539,0.0,0.0,100.0
2178132408,278277.0,2113484.7,72.89245,19.102327,34.943,7.511,42.184,14.752,7.241,0.0,0.0,100.0
2178132501,278288.26,2113512.29,72.892554,19.102577,35.295,7.863,41.432,14.0,6.137,0.0,0.0,100.0
2178132601,278208.04,2113641.7,72.891777,19.103737,35.757,8.325,43.936,16.504,8.179,0.0,0.0,100.0
2178132602,278222.33,2113639.51,72.891913,19.103719,35.768,8.336,43.936,16.504,8.168,0.0,0.0,100.0
2178132603,278226.32,2113654.96,72.891949,19.103859,35.804,8.372,43.432,16.0,7.628,0.0,0.0,100.0
2178132604,278233.01,2113674.8,72.892011,19.104039,35.925,8.493,43.962,16.53,8.037,0.0,0.0,100.0
2178132605,278236.62,2113685.49,72.892044,19.104136,35.973,8.541,43.962,16.53,7.989,0.0,0.0,100.0
2178132606,278264.5,2113678.6,72.892309,19.104077,36.032,8.6,44.538,17.106,8.506,0.0,0.0,100.0
2178132607,278294.18,2113673.89,72.892592,19.104037,36.09,8.658,44.986,17.554,8.896,0.0,0.0,100.0
2178132901,278226.8,2113914.1,72.891924,19.1062,36.075,8.643,43.99,16.558,7.915,0.0,0.0,100.0
2178132902,278244.5,2113937.3,72.89209,19.106411,36.22,8.788,43.863,16.431,7.643,0.0,0.0,100.0
2178132903,278256.0,2113952.3,72.892197,19.106548,36.453,9.021,43.863,16.431,7.41,0.0,0.0,100.0
2178132906,278266.1,2113998.0,72.892288,19.106962,36.129,8.697,46.691,19.259,10.562,0.0,0.0,100.0
2178133001,278308.16,2113063.75,72.892794,19.098529,36.655,9.223,51.64,24.208,14.985,0.0,0.0,100.0
2178133002,278316.8,2113037.5,72.89288,19.098292,36.911,9.479,44.367,16.935,7.456,0.0,0.0,100.0
2178133401,278337.18,2113494.78,72.893021,19.102424,35.909,8.477,42.254,14.822,6.345,0.0,0.0,100.0
2178133501,278315.16,2113503.46,72.892811,19.1025,35.629,8.197,41.811,14.379,6.182,0.0,0.0,100.0
2178133402,278355.43,2113487.56,72.893195,19.102361,36.141,8.709,42.432,15.0,6.291,0.0,0.0,100.0
2178133403,278360.91,2113467.36,72.893249,19.102179,36.407,8.975,42.432,15.0,6.025,0.0,0.0,100.0
2178133404,278385.52,2113460.6,72.893484,19.102121,36.96,9.528,42.432,15.0,5.472,0.0,0.0,100.0
2178133601,278302.83,2113672.84,72.892674,19.104029,36.108,8.676,44.986,17.554,8.878,0.0,0.0,100.0
2178133602,278312.17,2113692.14,72.892761,19.104204,36.173,8.741,44.986,17.554,8.813,0.0,0.0,100.0
2178133701,278324.69,2113719.63,72.892876,19.104454,36.265,8.833,45.578,18.146,9.313,0.0,0.0,100.0
2178133702,278331.7,2113749.11,72.89294,19.104721,36.361,8.929,44.867,17.435,8.506,0.0,0.0,100.0
2178133703,278337.18,2113765.83,72.89299,19.104872,36.416,8.984,44.446,17.014,8.03,0.0,0.0,100.0
2178133706,278373.92,2113768.19,72.893339,19.104898,36.771,9.339,44.464,17.032,7.693,0.0,0.0,100.0
2178133707,278391.15,2113767.57,72.893502,19.104894,36.898,9.466,44.432,17.0,7.534,0.0,0.0,100.0
2178133708,278398.05,2113781.08,72.893566,19.105017,37.043,9.611,44.432,17.0,7.389,0.0,0.0,100.0
2178133901,278391.3,2113953.5,72.893483,19.106573,36.796,9.364,46.432,19.0,9.636,0.0,0.0,100.0
2178134401,278421.08,2113457.31,72.893822,19.102095,37.2,9.768,43.012,15.58,5.812,0.0,0.0,100.0
2178134402,278461.13,2113453.15,72.894203,19.102062,37.46,10.028,43.124,15.692,5.664,0.0,0.0,100.0
2178134403,278483.5,2113452.11,72.894416,19.102055,37.631,10.199,45.002,17.57,7.371,0.0,0.0,100.0
2178134801,278409.12,2113808.46,72.893668,19.105265,37.402,9.97,46.496,19.064,9.094,0.0,0.0,100.0
2178134802,278424.06,2113835.61,72.893807,19.105512,37.742,10.31,46.432,19.0,8.69,0.0,0.0,100.0
2178134805,278449.1,2113842.0,72.894044,19.105573,37.949,10.517,46.432,19.0,8.483,0.0,0.0,100.0
2178134806,278457.3,2113837.5,72.894123,19.105533,38.037,10.605,46.432,19.0,8.395,0.0,0.0,100.0
2178134807,278469.8,2113854.6,72.89424,19.105689,38.337,10.905,46.9,19.468,8.563,0.0,0.0,100.0
2178134809,278486.7,2113870.5,72.894398,19.105834,37.43,9.998,46.9,19.468,9.47,0.0,0.0,100.0
2178135401,278508.13,2113448.63,72.89465,19.102026,37.822,10.39,44.432,17.0,6.61,0.0,0.0,100.0
2178135402,278533.96,2113456.27,72.894895,19.102098,38.029,10.597,47.16,19.728,9.131,0.0,0.0,100.0
2178135403,278553.9,2113485.6,72.895081,19.102365,38.7,11.268,47.432,20.0,8.732,0.0,0.0,100.0
2178135404,278555.1,2113463.4,72.895095,19.102165,38.2,10.768,47.16,19.728,8.96,0.0,0.0,100.0
2178135801,278536.9,2113882.6,72.894874,19.105949,39.056,11.624,47.751,20.319,8.695,0.0,0.0,100.0
2178135802,278563.6,2113883.7,72.895128,19.105962,39.246,11.814,48.017,20.585,8.771,0.0,0.0,100.0
2178135803,278591.1,2113868.4,72.895391,19.105826,39.47,12.038,47.03,19.598,7.56,0.0,0.0,100.0
2178136401,278610.84,2113490.26,72.895621,19.102413,39.203,11.771,45.691,18.259,6.488,0.0,0.0,100.0
2178136402,278647.9,2113489.4,72.895973,19.10241,39.265,11.833,45.924,18.492,6.659,0.0,0.0,100.0
2178136403,278654.7,2113497.0,72.896037,19.102479,39.281,11.849,47.667,20.235,8.386,0.0,0.0,100.0
2178136404,278666.6,2113496.2,72.89615,19.102473,39.299,11.867,47.667,20.235,8.368,0.0,0.0,100.0
2178136501,278675.0,2113528.3,72.896227,19.102764,39.352,11.92,48.186,20.754,8.834,0.0,0.0,100.0
2178136502,278682.7,2113562.9,72.896296,19.103077,39.407,11.975,49.006,21.574,9.599,0.0,0.0,100.0
2178136503,278695.3,2113599.2,72.896411,19.103406,39.468,12.036,51.086,23.654,11.618,0.0,0.0,100.0
2178136701,278602.8,2113771.7,72.895513,19.104954,38.195,10.763,47.76,20.328,9.565,0.0,0.0,100.0
2178136801,278656.0,2113869.1,72.896007,19.10584,39.931,12.499,45.273,17.841,5.342,0.0,0.0,100.0
2178137601,278702.8,2113630.4,72.896479,19.103689,39.518,12.086,49.959,22.527,10.441,0.0,0.0,100.0
2178137602,278706.2,2113649.1,72.896509,19.103858,39.0,11.568,48.051,20.619,9.051,0.0,0.0,100.0
2178137603,278728.0,2113678.7,72.896713,19.104128,39.7,12.268,46.265,18.833,6.565,0.0,0.0,100.0
2178137801,278754.8,2113868.1,72.896946,19.105841,40.514,13.082,45.452,18.02,4.938,0.0,0.0,100.0
2178138101,278842.4,2113151.9,72.89786,19.099383,44.0,16.568,51.079,23.647,7.079,0.0,0.0,100.0
2178138601,278882.2,2113635.7,72.898183,19.103756,41.726,14.294,46.432,19.0,4.706,0.0,0.0,100.0
2178139601,278979.5,2113605.3,72.899111,19.103492,42.5,15.068,48.674,21.242,6.174,0.0,0.0,100.0
2178142001,278270.89,2114025.56,72.89233,19.107211,37.009,9.577,46.691,19.259,9.682,0.0,0.0,100.0
2178142003,278282.14,2114049.76,72.892434,19.107431,37.237,9.805,46.57,19.138,9.333,0.0,0.0,100.0
2178142101,278263.6,2114152.82,72.892246,19.108359,37.901,10.469,46.199,18.767,8.298,0.0,0.0,100.0
2178142104,278285.1,2114132.2,72.892453,19.108176,37.736,10.304,46.198,18.766,8.462,0.0,0.0,100.0
2178142102,278268.61,2114181.5,72.892291,19.108619,38.062,10.63,45.907,18.475,7.845,0.0,0.0,100.0
2178142103,278278.62,2114100.42,72.892395,19.107888,37.574,10.142,46.419,18.987,8.845,0.0,0.0,100.0
2178142201,278279.63,2114206.52,72.892393,19.108846,38.214,10.782,45.907,18.475,7.693,0.0,0.0,100.0
2178142202,278280.89,2114214.37,72.892404,19.108917,38.309,10.877,46.562,19.13,8.253,0.0,0.0,100.0
2178142203,278285.67,2114239.51,72.892446,19.109145,38.616,11.184,46.562,19.13,7.946,0.0,0.0,100.0
2178142204,278293.87,2114268.41,72.892521,19.109407,38.909,11.477,47.432,20.0,8.523,0.0,0.0,100.0
2178143003,278349.2,2114049.2,72.893072,19.107433,37.542,10.11,45.592,18.16,8.05,0.0,0.0,100.0
2178143004,278352.9,2114048.43,72.893107,19.107426,37.557,10.125,45.592,18.16,8.035,0.0,0.0,100.0
2178143005,278363.25,2114050.72,72.893205,19.107448,37.564,10.132,45.592,18.16,8.028,0.0,0.0,100.0
2178143007,278398.84,2114080.49,72.89354,19.107721,37.747,10.315,44.878,17.446,7.131,0.0,0.0,100.0
2178143201,278303.66,2114295.85,72.892611,19.109656,39.114,11.682,47.099,19.667,7.985,0.0,0.0,100.0
2178143301,278317.3,2114323.6,72.892737,19.109908,39.32,11.888,47.02,19.588,7.7,0.0,0.0,100.0
2178143302,278327.7,2114352.04,72.892833,19.110166,39.497,12.065,47.398,19.966,7.901,0.0,0.0,100.0
2178143303,278335.34,2114381.68,72.892902,19.110434,39.595,12.163,49.006,21.574,9.411,0.0,0.0,100.0
2178143401,278347.75,2114407.33,72.893017,19.110667,39.612,12.18,58.413,30.981,18.801,0.0,0.0,100.0
2178143402,278359.9,2114434.6,72.893129,19.110915,39.658,12.226,62.934,35.502,23.276,0.0,0.0,100.0
2178144001,278425.79,2114093.56,72.893794,19.107842,37.874,10.442,45.227,17.795,7.353,0.0,0.0,100.0
2178144101,278438.04,2114110.71,72.893909,19.107998,37.972,10.54,45.227,17.795,7.255,0.0,0.0,100.0
2178144102,278447.02,2114112.35,72.893994,19.108014,37.973,10.541,44.81,17.378,6.837,0.0,0.0,100.0
2178144103,278463.82,2114112.1,72.894153,19.108014,38.067,10.635,44.81,17.378,6.743,0.0,0.0,100.0
2178144105,278490.21,2114118.32,72.894403,19.108073,38.195,10.763,46.934,19.502,8.739,0.0,0.0,100.0
2178144106,278497.38,2114121.79,72.894471,19.108105,38.227,10.795,47.09,19.658,8.863,0.0,0.0,100.0
2178145101,278502.84,2114127.35,72.894522,19.108156,38.258,10.826,47.432,20.0,9.174,0.0,0.0,100.0
2178145102,278516.03,2114142.4,72.894646,19.108293,38.3,10.868,47.432,20.0,9.132,0.0,0.0,100.0
2178145103,278524.38,2114147.46,72.894725,19.108339,38.321,10.889,47.432,20.0,9.111,0.0,0.0,100.0
2178145104,278533.96,2114150.66,72.894815,19.108369,38.351,10.919,47.775,20.343,9.424,0.0,0.0,100.0
2178145105,278553.46,2114153.18,72.895,19.108394,38.544,11.112,47.775,20.343,9.231,0.0,0.0,100.0
2178145106,278576.35,2114153.97,72.895218,19.108404,38.71,11.278,47.917,20.485,9.207,0.0,0.0,100.0
2178145107,278581.12,2114162.78,72.895262,19.108484,38.822,11.39,47.917,20.485,9.095,0.0,0.0,100.0
2178146101,278600.23,2114190.37,72.89544,19.108735,39.159,11.727,47.738,20.306,8.579,0.0,0.0,100.0
2178146201,278624.11,2114202.6,72.895666,19.108848,39.465,12.033,47.432,20.0,7.967,0.0,0.0,100.0
2178146202,278636.4,2114214.2,72.895781,19.108954,39.668,12.236,48.406,20.974,8.738,0.0,0.0,100.0
2178146203,278649.0,2114211.0,72.895901,19.108927,39.838,12.406,48.406,20.974,8.568,0.0,0.0,100.0
2178146204,278669.9,2114214.8,72.8961,19.108963,39.989,12.557,47.567,20.135,7.578,0.0,0.0,100.0
2178146208,278695.0,2114279.7,72.896331,19.109552,40.525,13.093,54.785,27.353,14.26,0.0,0.0,100.0
2178146209,278695.44,2114257.08,72.896337,19.109348,40.363,12.931,48.432,21.0,8.069,0.0,0.0,100.0
2178147001,278769.69,2114045.43,72.897067,19.107445,41.271,13.839,78.385,50.953,37.114,0.0,0.0,100.0
2178147201,278720.2,2114270.6,72.896571,19.109473,41.117,13.685,53.128,25.696,12.011,0.0,0.0,100.0
2178147202,278738.4,2114266.4,72.896745,19.109437,41.54,14.108,53.128,25.696,11.588,0.0,0.0,100.0
2178147203,278758.0,2114265.0,72.896931,19.109426,41.789,14.357,53.527,26.095,11.738,0.0,0.0,100.0
2178147204,278763.1,2114286.8,72.896977,19.109624,42.073,14.641,55.945,28.513,13.872,0.0,0.0,100.0
2178147301,278768.9,2114315.9,72.897029,19.109887,42.449,15.017,56.934,29.502,14.485,0.0,0.0,100.0
2178147302,278773.3,2114335.3,72.897068,19.110063,42.702,15.27,49.644,22.212,6.942,0.0,0.0,100.0
2178147303,278783.6,2114335.0,72.897166,19.110061,42.832,15.4,49.644,22.212,6.812,0.0,0.0,100.0
2178147304,278791.7,2114334.1,72.897243,19.110054,42.936,15.504,49.644,22.212,6.708,0.0,0.0,100.0
2178148201,278800.44,2114208.46,72.897341,19.10892,41.977,14.545,46.874,19.442,4.897,0.0,0.0,100.0
2178148301,278804.5,2114332.1,72.897365,19.110037,42.503,15.071,49.439,22.007,6.936,0.0,0.0,100.0
2178148401,278818.5,2114448.0,72.897485,19.111086,43.5,16.068,49.951,22.519,6.451,0.0,0.0,100.0
2178148501,278830.88,2114544.47,72.897591,19.111958,44.0,16.568,56.776,29.344,12.776,0.0,0.0,100.0
2178148701,278847.53,2114709.14,72.897731,19.113447,44.5,17.068,62.436,35.004,17.936,0.0,0.0,100.0
2178148801,278863.54,2114810.24,72.897871,19.114362,45.5,18.068,52.49,25.058,6.99,0.0,0.0,100.0
2178149701,278943.77,2114798.59,72.898635,19.114266,46.2,18.768,67.467,40.035,21.267,0.0,0.0,100.0
2179121801,279197.6,2112825.8,72.901272,19.096476,53.489,26.057,63.613,36.181,10.124,0.0,0.0,100.0
2179121802,279198.2,2112811.4,72.901279,19.096346,53.205,25.773,63.613,36.181,10.408,0.0,0.0,100.0
2179122701,279209.4,2112799.4,72.901387,19.096239,52.821,25.389,60.667,33.235,7.846,0.0,0.0,100.0
2179122304,279206.3,2112335.5,72.90141,19.092049,41.249,13.817,55.024,27.592,13.775,0.0,0.0,100.0
2179122305,279210.6,2112354.3,72.901449,19.092219,41.612,14.18,55.024,27.592,13.412,0.0,0.0,100.0
2179122306,279215.5,2112363.6,72.901494,19.092304,41.837,14.405,50.261,22.829,8.424,0.0,0.0,100.0
2179122501,279246.0,2112577.3,72.90176,19.094237,46.941,19.509,57.032,29.6,10.091,0.0,0.0,100.0
2179122506,279282.0,2112557.6,72.902104,19.094063,46.388,18.956,57.736,30.304,11.348,0.0,0.0,100.0
2179122601,279224.3,2112689.8,72.901541,19.095251,49.917,22.485,57.969,30.537,8.052,0.0,0.0,100.0
2179122602,279225.2,2112679.6,72.90155,19.095159,49.707,22.275,57.432,30.0,7.725,0.0,0.0,100.0
2179122603,279231.8,2112669.1,72.901614,19.095064,49.707,22.275,57.509,30.077,7.802,0.0,0.0,100.0
2179122608,279259.9,2112642.7,72.901884,19.094829,48.592,21.16,56.735,29.303,8.143,0.0,0.0,100.0
2179130501,279058.5,2113570.3,72.899865,19.103185,44.109,16.677,53.94,26.508,9.831,0.0,0.0,100.0
2179130601,279067.6,2113603.7,72.899948,19.103487,44.547,17.115,52.185,24.753,7.638,0.0,0.0,100.0
2179130602,279075.2,2113638.7,72.900016,19.103804,45.0,17.568,51.567,24.135,6.567,0.0,0.0,100.0
2179135305,279588.9,2113394.7,72.904924,19.101656,71.796,44.364,80.042,52.61,8.246,0.0,0.0,100.0
2179135401,279585.7,2113403.6,72.904893,19.101736,72.325,44.893,80.042,52.61,7.717,0.0,0.0,100.0
2179140701,279026.97,2114754.1,72.899431,19.113873,47.199,19.767,61.254,33.822,14.055,0.0,0.0,100.0
2179141601,279119.3,2114650.9,72.90032,19.112951,48.0,20.568,55.956,28.524,7.956,0.0,0.0,100.0
2179141701,279120.93,2114712.91,72.900328,19.113511,47.698,20.266,66.457,39.025,18.759,0.0,0.0,100.0
2179155101,279596.6,2115165.4,72.904796,19.117649,61.269,33.837,81.815,54.383,20.546,0.0,0.0,100.0
2179156301,279657.0,2115323.2,72.905352,19.119081,60.532,33.1,64.928,37.496,4.396,0.0,0.0,100.0
2179157101,279724.1,2115165.4,72.906007,19.117663,61.642,34.21,71.925,44.493,10.283,0.0,0.0,100.0
2179158201,279858.4,2115212.4,72.907278,19.118102,62.334,34.902,69.871,42.439,7.537,0.0,0.0,100.0
2180132501,280201.6,2113583.8,72.910724,19.10343,62.5,35.068,74.466,47.034,11.966,0.0,0.0,100.0
2180132502,280215.6,2113524.2,72.910864,19.102894,59.5,32.068,78.162,50.73,18.662,0.0,0.0,100.0
2180140601,280073.2,2114668.7,72.909381,19.113215,73.5,46.068,121.814,94.382,48.314,0.0,0.0,100.0
