subcatchment_id,raingage_id,outlet_node_id,area_ha,pct_imperv,width_m,pct_slope,n_imperv,n_perv,s_imperv_mm,s_perv_mm,pct_zero_imperv,subarea_routing,horton_max_rate_mmhr,horton_min_rate_mmhr,horton_decay_rate_hr,horton_dry_time_days,distance_to_outlet_m,ward
SC_22963,RG_SANTACRUZ,2175085101,1.0,61.8,100.0,6.41,0.015,0.2,2.0,5.0,25.0,OUTLET,50.0,6.2,3.0,7.0,58.9,L
SC_22964,RG_SANTACRUZ,2175086302,1.0,5.0,100.0,7.84,0.015,0.2,2.0,5.0,25.0,OUTLET,50.0,6.2,3.0,7.0,113.2,L
SC_23248,RG_SANTACRUZ,2175076905,1.0,94.2,100.0,20.82,0.015,0.2,2.0,5.0,25.0,OUTLET,50.0,6.2,3.0,7.0,19.0,L
SC_23249,RG_SANTACRUZ,2175086001,1.0,68.6,100.0,12.14,0.015,0.2,2.0,5.0,25.0,OUTLET,50.0,6.2,3.0,7.0,49.1,L
SC_23250,RG_SANTACRUZ,2175086101,1.0,82.6,100.0,12.48,0.015,0.2,2.0,5.0,25.0,OUTLET,50.0,6.2,3.0,7.0,31.0,L
SC_23251,RG_SANTACRUZ,2175086302,1.0,95.0,100.0,4.13,0.015,0.2,2.0,5.0,25.0,OUTLET,50.0,6.2,3.0,7.0,74.7,L
SC_23252,RG_SANTACRUZ,2175086302,1.0,52.9,100.0,6.29,0.015,0.2,2.0,5.0,25.0,OUTLET,50.0,6.2,3.0,7.0,27.9,L
SC_23253,RG_SANTACRUZ,2175086302,1.0,5.0,100.0,3.48,0.015,0.2,2.0,5.0,25.0,OUTLET,50.0,6.2,3.0,7.0,126.4,L
SC_23536,RG_SANTACRUZ,2175076802,1.0,95.0,100.0,15.9,0.015,0.2,2.0,5.0,25.0,OUTLET,50.0,6.2,3.0,7.0,77.9,L
SC_23537,RG_SANTACRUZ,2175086001,1.0,80.2,100.0,9.69,0.015,0.2,2.0,5.0,25.0,OUTLET,50.0,6.2,3.0,7.0,145.8,L
SC_23538,RG_SANTACRUZ,2175087202,1.0,67.8,100.0,17.64,0.015,0.2,2.0,5.0,25.0,OUTLET,50.0,6.2,3.0,7.0,114.7,L
SC_23539,RG_SANTACRUZ,2175087202,1.0,73.6,100.0,12.78,0.015,0.2,2.0,5.0,25.0,OUTLET,50.0,6.2,3.0,7.0,21.0,L
SC_23540,RG_SANTACRUZ,2175087201,1.0,91.7,100.0,3.73,0.015,0.2,2.0,5.0,25.0,OUTLET,50.0,6.2,3.0,7.0,72.4,L
SC_23541,RG_SANTACRUZ,2175088401,1.0,56.2,100.0,6.02,0.015,0.2,2.0,5.0,25.0,OUTLET,50.0,6.2,3.0,7.0,67.9,L
SC_23542,RG_SANTACRUZ,2175088602,1.0,5.0,100.0,8.6,0.015,0.2,2.0,5.0,25.0,OUTLET,50.0,6.2,3.0,7.0,114.9,L
SC_23543,RG_SANTACRUZ,2175088602,1.0,8.3,100.0,3.96,0.015,0.2,2.0,5.0,25.0,OUTLET,50.0,6.2,3.0,7.0,99.3,L
SC_23823,RG_SANTACRUZ,2175077803,1.0,95.0,100.0,6.38,0.015,0.2,2.0,5.0,25.0,OUTLET,50.0,6.2,3.0,7.0,143.2,L
SC_23824,RG_SANTACRUZ,2175077803,1.0,65.3,100.0,6.96,0.015,0.2,2.0,5.0,25.0,OUTLET,50.0,6.2,3.0,7.0,215.3,L
SC_23825,RG_SANTACRUZ,2175087202,1.0,11.6,100.0,7.71,0.015,0.2,2.0,5.0,25.0,OUTLET,50.0,6.2,3.0,7.0,141.3,L
SC_23826,RG_SANTACRUZ,2175087202,1.0,5.5,100.0,6.58,0.015,0.2,2.0,5.0,25.0,OUTLET,50.0,6.2,3.0,7.0,85.1,L
SC_23827,RG_SANTACRUZ,2175088304,1.0,58.7,100.0,13.41,0.015,0.2,2.0,5.0,25.0,OUTLET,50.0,6.2,3.0,7.0,38.8,L
SC_23828,RG_SANTACRUZ,2175088402,1.0,92.6,100.0,4.66,0.015,0.2,2.0,5.0,25.0,OUTLET,50.0,6.2,3.0,7.0,41.0,L
SC_23829,RG_SANTACRUZ,2175089501,1.0,81.0,100.0,5.4,0.015,0.2,2.0,5.0,25.0,OUTLET,50.0,6.2,3.0,7.0,61.8,L
SC_23830,RG_SANTACRUZ,2175088602,1.0,28.9,100.0,6.04,0.015,0.2,2.0,5.0,25.0,OUTLET,50.0,6.2,3.0,7.0,34.0,L
SC_23831,RG_SANTACRUZ,2175089701,1.0,5.0,100.0,6.71,0.015,0.2,2.0,5.0,25.0,OUTLET,50.0,6.2,3.0,7.0,113.1,L
SC_23832,RG_SANTACRUZ,2175087802,1.0,5.0,100.0,5.0,0.015,0.2,2.0,5.0,25.0,OUTLET,50.0,6.2,3.0,7.0,129.8,L
SC_24105,RG_SANTACRUZ,2175078701,1.0,10.7,100.0,4.52,0.015,0.2,2.0,5.0,25.0,OUTLET,50.0,6.2,3.0,7.0,133.0,L
SC_24106,RG_SANTACRUZ,2176071901,1.0,66.1,100.0,11.46,0.015,0.2,2.0,5.0,25.0,OUTLET,50.0,6.2,3.0,7.0,162.8,L
SC_24107,RG_SANTACRUZ,2176081001,1.0,72.7,100.0,7.16,0.015,0.2,2.0,5.0,25.0,OUTLET,50.0,6.2,3.0,7.0,169.3,L
SC_24108,RG_SANTACRUZ,2176081001,1.0,51.2,100.0,10.56,0.015,0.2,2.0,5.0,25.0,OUTLET,50.0,6.2,3.0,7.0,206.2,L
SC_24109,RG_SANTACRUZ,2175088304,1.0,42.7,100.0,36.93,0.015,0.2,2.0,5.0,25.0,OUTLET,50.0,6.2,3.0,7.0,152.2,L
SC_24110,RG_SANTACRUZ,2175088304,1.0,95.0,100.0,31.6,0.015,0.2,2.0,5.0,25.0,OUTLET,50.0,6.2,3.0,7.0,83.1,L
SC_24111,RG_SANTACRUZ,2175089401,1.0,24.8,100.0,9.8,0.015,0.2,2.0,5.0,25.0,OUTLET,50.0,6.2,3.0,7.0,41.7,L
SC_24112,RG_SANTACRUZ,2175089503,1.0,68.6,100.0,4.54,0.015,0.2,2.0,5.0,25.0,OUTLET,50.0,6.2,3.0,7.0,30.8,L
SC_24113,RG_SANTACRUZ,2175089601,1.0,79.3,100.0,4.46,0.015,0.2,2.0,5.0,25.0,OUTLET,50.0,6.2,3.0,7.0,35.7,L
SC_24114,RG_SANTACRUZ,2175089701,1.0,90.1,100.0,3.33,0.015,0.2,2.0,5.0,25.0,OUTLET,50.0,6.2,3.0,7.0,26.7,L
SC_24115,RG_SANTACRUZ,2175089701,1.0,56.2,100.0,5.52,0.015,0.2,2.0,5.0,25.0,OUTLET,50.0,6.2,3.0,7.0,76.1,L
SC_24116,RG_SANTACRUZ,2176080901,1.0,22.3,100.0,5.7,0.015,0.2,2.0,5.0,25.0,OUTLET,50.0,6.2,3.0,7.0,78.7,L
SC_24117,RG_SANTACRUZ,2176080901,1.0,5.0,100.0,4.77,0.015,0.2,2.0,5.0,25.0,OUTLET,50.0,6.2,3.0,7.0,147.9,L
SC_24118,RG_SANTACRUZ,2176080901,1.0,5.0,100.0,3.37,0.015,0.2,2.0,5.0,25.0,OUTLET,50.0,6.2,3.0,7.0,240.0,L
SC_24387,RG_SANTACRUZ,2176070801,1.0,41.3,100.0,9.39,0.015,0.2,2.0,5.0,25.0,OUTLET,50.0,6.2,3.0,7.0,44.8,L
SC_24388,RG_SANTACRUZ,2176071901,1.0,79.3,100.0,8.51,0.015,0.2,2.0,5.0,25.0,OUTLET,50.0,6.2,3.0,7.0,63.3,L
SC_24389,RG_SANTACRUZ,2176081001,1.0,95.0,100.0,8.86,0.015,0.2,2.0,5.0,25.0,OUTLET,50.0,6.2,3.0,7.0,70.9,L
SC_24390,RG_SANTACRUZ,2176081001,1.0,52.9,100.0,9.37,0.015,0.2,2.0,5.0,25.0,OUTLET,50.0,6.2,3.0,7.0,137.5,L
SC_24391,RG_SANTACRUZ,2175088304,1.0,95.0,100.0,21.17,0.015,0.2,2.0,5.0,25.0,OUTLET,50.0,6.2,3.0,7.0,220.4,L
SC_24392,RG_SANTACRUZ,2175088304,1.0,95.0,100.0,30.32,0.015,0.2,2.0,5.0,25.0,OUTLET,50.0,6.2,3.0,7.0,179.8,L
SC_24393,RG_SANTACRUZ,2175089503,1.0,63.6,100.0,19.96,0.015,0.2,2.0,5.0,25.0,OUTLET,50.0,6.2,3.0,7.0,133.0,L
SC_24394,RG_SANTACRUZ,2175089503,1.0,7.4,100.0,5.3,0.015,0.2,2.0,5.0,25.0,OUTLET,50.0,6.2,3.0,7.0,72.6,L
SC_24395,RG_SANTACRUZ,2176080601,1.0,43.8,100.0,3.46,0.015,0.2,2.0,5.0,25.0,OUTLET,50.0,6.2,3.0,7.0,16.3,L
SC_24396,RG_SANTACRUZ,2176080701,1.0,95.0,100.0,3.85,0.015,0.2,2.0,5.0,25.0,OUTLET,50.0,6.2,3.0,7.0,31.1,L
SC_24397,RG_SANTACRUZ,2176080702,1.0,95.0,100.0,4.29,0.015,0.2,2.0,5.0,25.0,OUTLET,50.0,6.2,3.0,7.0,55.4,L
SC_24398,RG_SANTACRUZ,2176080902,1.0,73.6,100.0,5.71,0.015,0.2,2.0,5.0,25.0,OUTLET,50.0,6.2,3.0,7.0,36.6,L
SC_24399,RG_SANTACRUZ,2176091001,1.0,67.8,100.0,6.73,0.015,0.2,2.0,5.0,25.0,OUTLET,50.0,6.2,3.0,7.0,118.6,L
SC_24400,RG_SANTACRUZ,2176091001,1.0,38.8,100.0,5.77,0.015,0.2,2.0,5.0,25.0,OUTLET,50.0,6.2,3.0,7.0,169.5,L
SC_24401,RG_SANTACRUZ,2176092201,1.0,5.0,100.0,2.66,0.015,0.2,2.0,5.0,25.0,OUTLET,50.0,6.2,3.0,7.0,189.3,L
SC_24402,RG_SANTACRUZ,2176092201,1.0,5.0,100.0,4.38,0.015,0.2,2.0,5.0,25.0,OUTLET,50.0,6.2,3.0,7.0,215.6,L
SC_24668,RG_SANTACRUZ,2176070801,1.0,52.1,100.0,9.09,0.015,0.2,2.0,5.0,25.0,OUTLET,50.0,6.2,3.0,7.0,59.6,L
SC_24669,RG_SANTACRUZ,2176071901,1.0,55.4,100.0,9.73,0.015,0.2,2.0,5.0,25.0,OUTLET,50.0,6.2,3.0,7.0,39.0,L
SC_24670,RG_SANTACRUZ,2176081001,1.0,88.4,100.0,7.67,0.015,0.2,2.0,5.0,25.0,OUTLET,50.0,6.2,3.0,7.0,37.3,L
SC_24671,RG_SANTACRUZ,2176081001,1.0,52.9,100.0,3.54,0.015,0.2,2.0,5.0,25.0,OUTLET,50.0,6.2,3.0,7.0,123.6,L
SC_24672,RG_SANTACRUZ,2176081001,1.0,95.0,100.0,9.17,0.015,0.2,2.0,5.0,25.0,OUTLET,50.0,6.2,3.0,7.0,221.7,L
SC_24673,RG_SANTACRUZ,2175089401,1.0,77.7,100.0,16.82,0.015,0.2,2.0,5.0,25.0,OUTLET,50.0,6.2,3.0,7.0,264.8,L
SC_24674,RG_SANTACRUZ,2175089503,1.0,91.7,100.0,20.76,0.015,0.2,2.0,5.0,25.0,OUTLET,50.0,6.2,3.0,7.0,205.0,L
SC_24675,RG_SANTACRUZ,2176080601,1.0,5.8,100.0,8.54,0.015,0.2,2.0,5.0,25.0,OUTLET,50.0,6.2,3.0,7.0,144.4,L
SC_24676,RG_SANTACRUZ,2176080602,1.0,5.0,100.0,6.74,0.015,0.2,2.0,5.0,25.0,OUTLET,50.0,6.2,3.0,7.0,82.2,L
SC_24677,RG_SANTACRUZ,2176081701,1.0,20.7,100.0,4.06,0.015,0.2,2.0,5.0,25.0,OUTLET,50.0,6.2,3.0,7.0,36.9,L
SC_24678,RG_SANTACRUZ,2176081803,1.0,75.2,100.0,8.03,0.015,0.2,2.0,5.0,25.0,OUTLET,50.0,6.2,3.0,7.0,17.8,L
SC_24679,RG_SANTACRUZ,2176081802,1.0,87.6,100.0,7.08,0.015,0.2,2.0,5.0,25.0,OUTLET,50.0,6.2,3.0,7.0,53.7,L
SC_24680,RG_SANTACRUZ,2176091001,1.0,95.0,100.0,5.64,0.015,0.2,2.0,5.0,25.0,OUTLET,50.0,6.2,3.0,7.0,28.4,L
SC_24681,RG_SANTACRUZ,2176092101,1.0,95.0,100.0,3.86,0.015,0.2,2.0,5.0,25.0,OUTLET,50.0,6.2,3.0,7.0,95.0,L
SC_24682,RG_SANTACRUZ,2176092201,1.0,48.8,100.0,8.66,0.015,0.2,2.0,5.0,25.0,OUTLET,50.0,6.2,3.0,7.0,89.3,L
SC_24683,RG_SANTACRUZ,2176092201,1.0,5.0,100.0,4.34,0.015,0.2,2.0,5.0,25.0,OUTLET,50.0,6.2,3.0,7.0,136.5,L
SC_24684,RG_SANTACRUZ,2176092502,1.0,5.0,100.0,3.94,0.015,0.2,2.0,5.0,25.0,OUTLET,50.0,6.2,3.0,7.0,162.8,L
SC_24685,RG_SANTACRUZ,2176092502,1.0,5.0,100.0,4.96,0.015,0.2,2.0,5.0,25.0,OUTLET,50.0,6.2,3.0,7.0,120.2,L
SC_24692,RG_SANTACRUZ,2176101101,1.0,14.9,100.0,12.84,0.015,0.2,2.0,5.0,25.0,OUTLET,50.0,6.2,3.0,7.0,93.1,L
SC_24693,RG_SANTACRUZ,2176102401,1.0,57.0,100.0,13.18,0.015,0.2,2.0,5.0,25.0,OUTLET,50.0,6.2,3.0,7.0,141.4,L
SC_24694,RG_SANTACRUZ,2176101401,1.0,89.3,100.0,10.69,0.015,0.2,2.0,5.0,25.0,OUTLET,50.0,6.2,3.0,7.0,60.4,L
SC_24695,RG_SANTACRUZ,2176101401,1.0,75.2,100.0,4.84,0.015,0.2,2.0,5.0,25.0,OUTLET,50.0,6.2,3.0,7.0,39.6,L
SC_24945,RG_SANTACRUZ,2176072701,1.0,60.3,100.0,7.78,0.015,0.2,2.0,5.0,25.0,OUTLET,50.0,6.2,3.0,7.0,41.1,L
SC_24946,RG_SANTACRUZ,2176072801,1.0,71.9,100.0,19.09,0.015,0.2,2.0,5.0,25.0,OUTLET,50.0,6.2,3.0,7.0,40.8,L
SC_24947,RG_SANTACRUZ,2176072801,1.0,57.0,100.0,11.92,0.015,0.2,2.0,5.0,25.0,OUTLET,50.0,6.2,3.0,7.0,127.8,L
SC_24948,RG_SANTACRUZ,2176081001,1.0,62.8,100.0,8.04,0.015,0.2,2.0,5.0,25.0,OUTLET,50.0,6.2,3.0,7.0,133.3,L
SC_24949,RG_SANTACRUZ,2176081001,1.0,66.9,100.0,8.8,0.015,0.2,2.0,5.0,25.0,OUTLET,50.0,6.2,3.0,7.0,177.9,L
SC_24950,RG_SANTACRUZ,2176081001,1.0,81.8,100.0,4.17,0.015,0.2,2.0,5.0,25.0,OUTLET,50.0,6.2,3.0,7.0,255.9,L
SC_24951,RG_SANTACRUZ,2175089503,1.0,81.8,100.0,15.86,0.015,0.2,2.0,5.0,25.0,OUTLET,50.0,6.2,3.0,7.0,344.6,L
SC_24952,RG_SANTACRUZ,2176080601,1.0,43.8,100.0,18.16,0.015,0.2,2.0,5.0,25.0,OUTLET,50.0,6.2,3.0,7.0,285.4,L
SC_24953,RG_SANTACRUZ,2176080602,1.0,40.5,100.0,8.67,0.015,0.2,2.0,5.0,25.0,OUTLET,50.0,6.2,3.0,7.0,223.3,L
SC_24954,RG_SANTACRUZ,2176081701,1.0,36.4,100.0,7.58,0.015,0.2,2.0,5.0,25.0,OUTLET,50.0,6.2,3.0,7.0,166.2,L
SC_24955,RG_SANTACRUZ,2176081804,1.0,5.0,100.0,4.8,0.015,0.2,2.0,5.0,25.0,OUTLET,50.0,6.2,3.0,7.0,102.4,L
SC_24956,RG_SANTACRUZ,2176082801,1.0,26.4,100.0,5.13,0.015,0.2,2.0,5.0,25.0,OUTLET,50.0,6.2,3.0,7.0,50.7,L
SC_24957,RG_SANTACRUZ,2176082901,1.0,72.7,100.0,5.27,0.015,0.2,2.0,5.0,25.0,OUTLET,50.0,6.2,3.0,7.0,40.0,L
SC_24958,RG_SANTACRUZ,2176093001,1.0,95.0,100.0,4.08,0.015,0.2,2.0,5.0,25.0,OUTLET,50.0,6.2,3.0,7.0,84.0,L
SC_24959,RG_SANTACRUZ,2176092101,1.0,86.0,100.0,3.6,0.015,0.2,2.0,5.0,25.0,OUTLET,50.0,6.2,3.0,7.0,29.0,L
SC_24960,RG_SANTACRUZ,2176092201,1.0,55.4,100.0,9.08,0.015,0.2,2.0,5.0,25.0,OUTLET,50.0,6.2,3.0,7.0,11.2,L
SC_24961,RG_SANTACRUZ,2176093201,1.0,5.0,100.0,7.13,0.015,0.2,2.0,5.0,25.0,OUTLET,50.0,6.2,3.0,7.0,73.3,L
SC_24962,RG_SANTACRUZ,2176093301,1.0,20.7,100.0,11.17,0.015,0.2,2.0,5.0,25.0,OUTLET,50.0,6.2,3.0,7.0,103.1,L
SC_24963,RG_SANTACRUZ,2176092502,1.0,5.8,100.0,11.54,0.015,0.2,2.0,5.0,25.0,OUTLET,50.0,6.2,3.0,7.0,22.3,L
SC_24964,RG_SANTACRUZ,2176092502,1.0,19.8,100.0,12.35,0.015,0.2,2.0,5.0,25.0,OUTLET,50.0,6.2,3.0,7.0,91.9,L
SC_24965,RG_SANTACRUZ,2176093701,1.0,14.0,100.0,13.33,0.015,0.2,2.0,5.0,25.0,OUTLET,50.0,6.2,3.0,7.0,140.3,L
SC_24966,RG_SANTACRUZ,2176093901,1.0,9.1,100.0,17.21,0.015,0.2,2.0,5.0,25.0,OUTLET,50.0,6.2,3.0,7.0,120.8,L
SC_24967,RG_SANTACRUZ,2176093901,1.0,8.3,100.0,18.11,0.015,0.2,2.0,5.0,25.0,OUTLET,50.0,6.2,3.0,7.0,59.0,L
SC_24968,RG_SANTACRUZ,2176102002,1.0,46.3,100.0,5.43,0.015,0.2,2.0,5.0,25.0,OUTLET,50.0,6.2,3.0,7.0,45.0,L
SC_24969,RG_SANTACRUZ,2176102101,1.0,73.6,100.0,5.3,0.015,0.2,2.0,5.0,25.0,OUTLET,50.0,6.2,3.0,7.0,37.2,L
SC_24970,RG_SANTACRUZ,2176102201,1.0,94.2,100.0,11.09,0.015,0.2,2.0,5.0,25.0,OUTLET,50.0,6.2,3.0,7.0,31.0,L
SC_24971,RG_SANTACRUZ,2176102401,1.0,95.0,100.0,7.87,0.015,0.2,2.0,5.0,25.0,OUTLET,50.0,6.2,3.0,7.0,82.4,L
SC_24972,RG_SANTACRUZ,2176102401,1.0,84.3,100.0,21.63,0.015,0.2,2.0,5.0,25.0,OUTLET,50.0,6.2,3.0,7.0,25.0,L
SC_24973,RG_SANTACRUZ,2176102501,1.0,95.0,100.0,12.35,0.015,0.2,2.0,5.0,25.0,OUTLET,50.0,6.2,3.0,7.0,44.8,L
SC_24974,RG_SANTACRUZ,2176102501,1.0,48.2,100.0,5.93,0.015,0.2,2.0,5.0,25.0,OUTLET,50.0,6.2,3.0,7.0,83.6,L
SC_25224,RG_SANTACRUZ,2176073603,1.0,58.7,100.0,14.66,0.015,0.2,2.0,5.0,25.0,OUTLET,50.0,6.2,3.0,7.0,77.8,L
SC_25225,RG_SANTACRUZ,2176073803,1.0,72.7,100.0,21.5,0.015,0.2,2.0,5.0,25.0,OUTLET,50.0,6.2,3.0,7.0,8.1,L
SC_25226,RG_SANTACRUZ,2176073901,1.0,83.5,100.0,7.92,0.015,0.2,2.0,5.0,25.0,OUTLET,50.0,6.2,3.0,7.0,30.9,L
SC_25227,RG_SANTACRUZ,2176084001,1.0,76.0,100.0,9.62,0.015,0.2,2.0,5.0,25.0,OUTLET,50.0,6.2,3.0,7.0,59.3,L
SC_25228,RG_SANTACRUZ,2176084001,1.0,25.6,100.0,8.6,0.015,0.2,2.0,5.0,25.0,OUTLET,50.0,6.2,3.0,7.0,135.8,L
SC_25229,RG_SANTACRUZ,2176084001,1.0,41.8,100.0,5.46,0.015,0.2,2.0,5.0,25.0,OUTLET,50.0,6.2,3.0,7.0,231.0,L
SC_25230,RG_SANTACRUZ,2176086301,1.0,83.5,100.0,6.34,0.015,0.2,2.0,5.0,25.0,OUTLET,50.0,6.2,3.0,7.0,289.5,L
SC_25231,RG_SANTACRUZ,2176086302,1.0,78.5,100.0,8.61,0.015,0.2,2.0,5.0,25.0,OUTLET,50.0,6.2,3.0,7.0,304.4,L
SC_25232,RG_SANTACRUZ,2176080602,1.0,41.3,100.0,11.41,0.015,0.2,2.0,5.0,25.0,OUTLET,50.0,6.2,3.0,7.0,304.4,L
SC_25233,RG_SANTACRUZ,2176081804,1.0,5.0,100.0,8.21,0.015,0.2,2.0,5.0,25.0,OUTLET,50.0,6.2,3.0,7.0,243.9,L
SC_25234,RG_SANTACRUZ,2176082801,1.0,5.0,100.0,4.98,0.015,0.2,2.0,5.0,25.0,OUTLET,50.0,6.2,3.0,7.0,181.5,L
SC_25235,RG_SANTACRUZ,2176082801,1.0,27.3,100.0,4.16,0.015,0.2,2.0,5.0,25.0,OUTLET,50.0,6.2,3.0,7.0,113.1,L
SC_25236,RG_SANTACRUZ,2176083901,1.0,75.2,100.0,5.67,0.015,0.2,2.0,5.0,25.0,OUTLET,50.0,6.2,3.0,7.0,47.7,L
SC_25237,RG_SANTACRUZ,2176093001,1.0,86.8,100.0,7.75,0.015,0.2,2.0,5.0,25.0,OUTLET,50.0,6.2,3.0,7.0,18.0,L
SC_25238,RG_SANTACRUZ,2176093102,1.0,94.2,100.0,6.49,0.015,0.2,2.0,5.0,25.0,OUTLET,50.0,6.2,3.0,7.0,27.0,L
SC_25239,RG_SANTACRUZ,2176094201,1.0,95.0,100.0,8.79,0.015,0.2,2.0,5.0,25.0,OUTLET,50.0,6.2,3.0,7.0,66.8,L
SC_25240,RG_SANTACRUZ,2176093301,1.0,87.6,100.0,8.16,0.015,0.2,2.0,5.0,25.0,OUTLET,50.0,6.2,3.0,7.0,57.8,L
SC_25241,RG_SANTACRUZ,2176093301,1.0,74.4,100.0,8.63,0.015,0.2,2.0,5.0,25.0,OUTLET,50.0,6.2,3.0,7.0,42.9,L
SC_25242,RG_SANTACRUZ,2176093501,1.0,71.1,100.0,6.81,0.015,0.2,2.0,5.0,25.0,OUTLET,50.0,6.2,3.0,7.0,8.1,L
SC_25243,RG_SANTACRUZ,2176093701,1.0,70.2,100.0,5.96,0.015,0.2,2.0,5.0,25.0,OUTLET,50.0,6.2,3.0,7.0,74.9,L
SC_25244,RG_SANTACRUZ,2176093701,1.0,87.6,100.0,11.77,0.015,0.2,2.0,5.0,25.0,OUTLET,50.0,6.2,3.0,7.0,49.8,L
SC_25245,RG_SANTACRUZ,2176093903,1.0,67.8,100.0,14.45,0.015,0.2,2.0,5.0,25.0,OUTLET,50.0,6.2,3.0,7.0,95.6,L
SC_25246,RG_SANTACRUZ,2176093902,1.0,84.3,100.0,12.03,0.015,0.2,2.0,5.0,25.0,OUTLET,50.0,6.2,3.0,7.0,7.5,L
SC_25247,RG_SANTACRUZ,2176103001,1.0,94.2,100.0,7.29,0.015,0.2,2.0,5.0,25.0,OUTLET,50.0,6.2,3.0,7.0,26.5,L
SC_25248,RG_SANTACRUZ,2176103102,1.0,95.0,100.0,2.84,0.015,0.2,2.0,5.0,25.0,OUTLET,50.0,6.2,3.0,7.0,9.3,L
SC_25249,RG_SANTACRUZ,2176102102,1.0,95.0,100.0,3.15,0.015,0.2,2.0,5.0,25.0,OUTLET,50.0,6.2,3.0,7.0,84.5,L
SC_25250,RG_SANTACRUZ,2176104301,1.0,95.0,100.0,5.35,0.015,0.2,2.0,5.0,25.0,OUTLET,50.0,6.2,3.0,7.0,61.3,L
SC_25251,RG_SANTACRUZ,2176102401,1.0,95.0,100.0,18.12,0.015,0.2,2.0,5.0,25.0,OUTLET,50.0,6.2,3.0,7.0,86.1,L
SC_25252,RG_SANTACRUZ,2176102501,1.0,95.0,100.0,6.42,0.015,0.2,2.0,5.0,25.0,OUTLET,50.0,6.2,3.0,7.0,67.7,L
SC_25253,RG_SANTACRUZ,2176104601,1.0,87.3,100.0,4.5,0.015,0.2,2.0,5.0,25.0,OUTLET,50.0,6.2,3.0,7.0,78.4,L
SC_25501,RG_SANTACRUZ,2176074501,1.0,38.8,100.0,19.75,0.015,0.2,2.0,5.0,25.0,OUTLET,50.0,6.2,3.0,7.0,46.9,L
SC_25502,RG_SANTACRUZ,2176074802,1.0,41.3,100.0,19.68,0.015,0.2,2.0,5.0,25.0,OUTLET,50.0,6.2,3.0,7.0,114.1,L
SC_25503,RG_SANTACRUZ,2176074803,1.0,73.6,100.0,14.25,0.015,0.2,2.0,5.0,25.0,OUTLET,50.0,6.2,3.0,7.0,19.3,L
SC_25504,RG_SANTACRUZ,2176074804,1.0,75.2,100.0,17.22,0.015,0.2,2.0,5.0,25.0,OUTLET,50.0,6.2,3.0,7.0,57.7,L
SC_25505,RG_SANTACRUZ,2176084001,1.0,72.7,100.0,7.88,0.015,0.2,2.0,5.0,25.0,OUTLET,50.0,6.2,3.0,7.0,52.2,L
SC_25506,RG_SANTACRUZ,2176084001,1.0,31.4,100.0,8.95,0.015,0.2,2.0,5.0,25.0,OUTLET,50.0,6.2,3.0,7.0,132.8,L
SC_25507,RG_SANTACRUZ,2176086202,1.0,62.7,100.0,12.1,0.015,0.2,2.0,5.0,25.0,OUTLET,50.0,6.2,3.0,7.0,191.2,L
SC_25508,RG_SANTACRUZ,2176086301,1.0,57.0,100.0,11.37,0.015,0.2,2.0,5.0,25.0,OUTLET,50.0,6.2,3.0,7.0,189.7,L
SC_25509,RG_SANTACRUZ,2176086302,1.0,76.0,100.0,35.25,0.015,0.2,2.0,5.0,25.0,OUTLET,50.0,6.2,3.0,7.0,210.2,L
SC_25510,RG_SANTACRUZ,2176086303,1.0,75.2,100.0,33.82,0.015,0.2,2.0,5.0,25.0,OUTLET,50.0,6.2,3.0,7.0,256.2,L
SC_25511,RG_SANTACRUZ,2176082801,1.0,57.0,100.0,30.4,0.015,0.2,2.0,5.0,25.0,OUTLET,50.0,6.2,3.0,7.0,321.4,L
SC_25512,RG_SANTACRUZ,2176082801,1.0,21.5,100.0,33.28,0.015,0.2,2.0,5.0,25.0,OUTLET,50.0,6.2,3.0,7.0,251.3,L
SC_25513,RG_SANTACRUZ,2176083901,1.0,25.6,100.0,28.11,0.015,0.2,2.0,5.0,25.0,OUTLET,50.0,6.2,3.0,7.0,180.9,L
SC_25514,RG_SANTACRUZ,2176093002,1.0,73.6,100.0,23.14,0.015,0.2,2.0,5.0,25.0,OUTLET,50.0,6.2,3.0,7.0,103.5,L
SC_25515,RG_SANTACRUZ,2176094001,1.0,24.8,100.0,15.3,0.015,0.2,2.0,5.0,25.0,OUTLET,50.0,6.2,3.0,7.0,26.5,L
SC_25516,RG_SANTACRUZ,2176094001,1.0,95.0,100.0,8.79,0.015,0.2,2.0,5.0,25.0,OUTLET,50.0,6.2,3.0,7.0,80.5,L
SC_25517,RG_SANTACRUZ,2176094202,1.0,94.2,100.0,5.09,0.015,0.2,2.0,5.0,25.0,OUTLET,50.0,6.2,3.0,7.0,18.2,L
SC_25518,RG_SANTACRUZ,2176095301,1.0,95.0,100.0,5.9,0.015,0.2,2.0,5.0,25.0,OUTLET,50.0,6.2,3.0,7.0,76.1,L
SC_25519,RG_SANTACRUZ,2176094401,1.0,93.4,100.0,11.1,0.015,0.2,2.0,5.0,25.0,OUTLET,50.0,6.2,3.0,7.0,38.5,L
SC_25520,RG_SANTACRUZ,2176094501,1.0,87.6,100.0,6.39,0.015,0.2,2.0,5.0,25.0,OUTLET,50.0,6.2,3.0,7.0,31.8,L
SC_25521,RG_SANTACRUZ,2176094502,1.0,78.5,100.0,9.99,0.015,0.2,2.0,5.0,25.0,OUTLET,50.0,6.2,3.0,7.0,56.8,L
SC_25522,RG_SANTACRUZ,2176095701,1.0,80.2,100.0,4.96,0.015,0.2,2.0,5.0,25.0,OUTLET,50.0,6.2,3.0,7.0,56.8,L
SC_25523,RG_SANTACRUZ,2176095801,1.0,63.6,100.0,7.19,0.015,0.2,2.0,5.0,25.0,OUTLET,50.0,6.2,3.0,7.0,95.8,L
SC_25524,RG_SANTACRUZ,2176094902,1.0,81.8,100.0,9.46,0.015,0.2,2.0,5.0,25.0,OUTLET,50.0,6.2,3.0,7.0,24.5,L
SC_25525,RG_SANTACRUZ,2176104003,1.0,90.1,100.0,22.63,0.015,0.2,2.0,5.0,25.0,OUTLET,50.0,6.2,3.0,7.0,32.1,L
SC_25526,RG_SANTACRUZ,2176104102,1.0,95.0,100.0,19.77,0.015,0.2,2.0,5.0,25.0,OUTLET,50.0,6.2,3.0,7.0,5.3,L
SC_25527,RG_SANTACRUZ,2176104201,1.0,95.0,100.0,6.85,0.015,0.2,2.0,5.0,25.0,OUTLET,50.0,6.2,3.0,7.0,20.5,L
SC_25528,RG_SANTACRUZ,2176104302,1.0,95.0,100.0,7.25,0.015,0.2,2.0,5.0,25.0,OUTLET,50.0,6.2,3.0,7.0,37.7,L
SC_25529,RG_SANTACRUZ,2176105301,1.0,95.0,100.0,8.13,0.015,0.2,2.0,5.0,25.0,OUTLET,50.0,6.2,3.0,7.0,74.7,L
SC_25530,RG_SANTACRUZ,2176104601,1.0,66.1,100.0,8.03,0.015,0.2,2.0,5.0,25.0,OUTLET,50.0,6.2,3.0,7.0,84.8,L
SC_25531,RG_SANTACRUZ,2176104601,1.0,94.5,100.0,4.85,0.015,0.2,2.0,5.0,25.0,OUTLET,50.0,6.2,3.0,7.0,30.2,L
SC_25532,RG_SANTACRUZ,2176104601,1.0,43.8,100.0,4.99,0.015,0.2,2.0,5.0,25.0,OUTLET,50.0,6.2,3.0,7.0,121.0,L
SC_25778,RG_SANTACRUZ,2176075501,1.0,76.9,100.0,41.74,0.015,0.2,2.0,5.0,25.0,OUTLET,50.0,6.2,3.0,7.0,85.0,L
SC_25779,RG_SANTACRUZ,2176076701,1.0,64.5,100.0,39.74,0.015,0.2,2.0,5.0,25.0,OUTLET,50.0,6.2,3.0,7.0,93.1,L
SC_25780,RG_SANTACRUZ,2176075802,1.0,92.6,100.0,10.86,0.015,0.2,2.0,5.0,25.0,OUTLET,50.0,6.2,3.0,7.0,54.2,L
SC_25781,RG_SANTACRUZ,2176075902,1.0,61.2,100.0,15.72,0.015,0.2,2.0,5.0,25.0,OUTLET,50.0,6.2,3.0,7.0,12.6,L
SC_25782,RG_SANTACRUZ,2176075902,1.0,47.9,100.0,18.29,0.015,0.2,2.0,5.0,25.0,OUTLET,50.0,6.2,3.0,7.0,87.9,L
SC_25783,RG_SANTACRUZ,2176086101,1.0,21.5,100.0,8.13,0.015,0.2,2.0,5.0,25.0,OUTLET,50.0,6.2,3.0,7.0,109.4,L
SC_25784,RG_SANTACRUZ,2176086203,1.0,11.8,100.0,7.51,0.015,0.2,2.0,5.0,25.0,OUTLET,50.0,6.2,3.0,7.0,92.8,L
SC_25785,RG_SANTACRUZ,2176086301,1.0,84.3,100.0,9.93,0.015,0.2,2.0,5.0,25.0,OUTLET,50.0,6.2,3.0,7.0,90.3,L
SC_25786,RG_SANTACRUZ,2176086303,1.0,43.8,100.0,17.51,0.015,0.2,2.0,5.0,25.0,OUTLET,50.0,6.2,3.0,7.0,117.4,L
SC_25787,RG_SANTACRUZ,2176086401,1.0,79.3,100.0,22.69,0.015,0.2,2.0,5.0,25.0,OUTLET,50.0,6.2,3.0,7.0,180.5,L
SC_25788,RG_SANTACRUZ,2176087402,1.0,95.0,100.0,19.49,0.015,0.2,2.0,5.0,25.0,OUTLET,50.0,6.2,3.0,7.0,246.2,L
SC_25789,RG_SANTACRUZ,2176087403,1.0,95.0,100.0,19.35,0.015,0.2,2.0,5.0,25.0,OUTLET,50.0,6.2,3.0,7.0,318.9,L
SC_25790,RG_SANTACRUZ,2176093002,1.0,90.9,100.0,18.68,0.015,0.2,2.0,5.0,25.0,OUTLET,50.0,6.2,3.0,7.0,244.9,L
SC_25791,RG_SANTACRUZ,2176094001,1.0,76.0,100.0,27.63,0.015,0.2,2.0,5.0,25.0,OUTLET,50.0,6.2,3.0,7.0,167.7,L
SC_25792,RG_SANTACRUZ,2176094001,1.0,77.7,100.0,17.11,0.015,0.2,2.0,5.0,25.0,OUTLET,50.0,6.2,3.0,7.0,117.9,L
SC_25793,RG_SANTACRUZ,2176094001,1.0,67.8,100.0,8.33,0.015,0.2,2.0,5.0,25.0,OUTLET,50.0,6.2,3.0,7.0,140.3,L
SC_25794,RG_SANTACRUZ,2176095301,1.0,95.0,100.0,7.47,0.015,0.2,2.0,5.0,25.0,OUTLET,50.0,6.2,3.0,7.0,90.0,L
SC_25795,RG_SANTACRUZ,2176095301,1.0,93.4,100.0,3.9,0.015,0.2,2.0,5.0,25.0,OUTLET,50.0,6.2,3.0,7.0,28.6,L
SC_25796,RG_SANTACRUZ,2176095402,1.0,93.4,100.0,5.85,0.015,0.2,2.0,5.0,25.0,OUTLET,50.0,6.2,3.0,7.0,49.1,L
SC_25797,RG_SANTACRUZ,2176094501,1.0,90.1,100.0,7.18,0.015,0.2,2.0,5.0,25.0,OUTLET,50.0,6.2,3.0,7.0,68.2,L
SC_25798,RG_SANTACRUZ,2176094502,1.0,85.1,100.0,11.42,0.015,0.2,2.0,5.0,25.0,OUTLET,50.0,6.2,3.0,7.0,80.7,L
SC_25799,RG_SANTACRUZ,2176095701,1.0,65.3,100.0,17.08,0.015,0.2,2.0,5.0,25.0,OUTLET,50.0,6.2,3.0,7.0,43.3,L
SC_25800,RG_SANTACRUZ,2176095801,1.0,70.2,100.0,13.14,0.015,0.2,2.0,5.0,25.0,OUTLET,50.0,6.2,3.0,7.0,54.6,L
SC_25801,RG_SANTACRUZ,2176095801,1.0,68.6,100.0,13.19,0.015,0.2,2.0,5.0,25.0,OUTLET,50.0,6.2,3.0,7.0,52.5,L
SC_25802,RG_SANTACRUZ,2176095901,1.0,86.0,100.0,17.86,0.015,0.2,2.0,5.0,25.0,OUTLET,50.0,6.2,3.0,7.0,68.2,L
SC_25803,RG_SANTACRUZ,2176105101,1.0,84.3,100.0,18.31,0.015,0.2,2.0,5.0,25.0,OUTLET,50.0,6.2,3.0,7.0,35.3,L
SC_25804,RG_SANTACRUZ,2176105103,1.0,87.6,100.0,17.36,0.015,0.2,2.0,5.0,25.0,OUTLET,50.0,6.2,3.0,7.0,50.3,L
SC_25805,RG_SANTACRUZ,2176105301,1.0,93.4,100.0,22.81,0.015,0.2,2.0,5.0,25.0,OUTLET,50.0,6.2,3.0,7.0,66.7,L
SC_25806,RG_SANTACRUZ,2176105401,1.0,95.0,100.0,8.1,0.015,0.2,2.0,5.0,25.0,OUTLET,50.0,6.2,3.0,7.0,27.3,L
SC_25807,RG_SANTACRUZ,2176106501,1.0,66.1,100.0,7.23,0.015,0.2,2.0,5.0,25.0,OUTLET,50.0,6.2,3.0,7.0,71.6,L
SC_25808,RG_SANTACRUZ,2176105601,1.0,95.0,100.0,4.24,0.015,0.2,2.0,5.0,25.0,OUTLET,50.0,6.2,3.0,7.0,13.4,L
SC_25809,RG_SANTACRUZ,2176105601,1.0,95.0,100.0,2.98,0.015,0.2,2.0,5.0,25.0,OUTLET,50.0,6.2,3.0,7.0,100.7,L
SC_25810,RG_SANTACRUZ,2176104904,1.0,69.4,100.0,6.57,0.015,0.2,2.0,5.0,25.0,OUTLET,50.0,6.2,3.0,7.0,135.9,L
SC_26054,RG_SANTACRUZ,2176076502,1.0,56.2,100.0,10.84,0.015,0.2,2.0,5.0,25.0,OUTLET,50.0,6.2,3.0,7.0,37.0,L
SC_26055,RG_SANTACRUZ,2176076603,1.0,70.2,100.0,31.5,0.015,0.2,2.0,5.0,25.0,OUTLET,50.0,6.2,3.0,7.0,6.4,L
SC_26057,RG_SANTACRUZ,2176076801,1.0,60.3,100.0,7.06,0.015,0.2,2.0,5.0,25.0,OUTLET,50.0,6.2,3.0,7.0,48.1,L
SC_26058,RG_SANTACRUZ,2176076903,1.0,49.6,100.0,18.88,0.015,0.2,2.0,5.0,25.0,OUTLET,50.0,6.2,3.0,7.0,13.3,L
SC_26059,RG_SANTACRUZ,2176086001,1.0,36.4,100.0,22.94,0.015,0.2,2.0,5.0,25.0,OUTLET,50.0,6.2,3.0,7.0,22.7,L
SC_26060,RG_SANTACRUZ,2176086102,1.0,9.9,100.0,4.15,0.015,0.2,2.0,5.0,25.0,OUTLET,50.0,6.2,3.0,7.0,12.3,L
SC_26061,RG_SANTACRUZ,2176086203,1.0,5.0,100.0,5.74,0.015,0.2,2.0,5.0,25.0,OUTLET,50.0,6.2,3.0,7.0,8.5,L
SC_26062,RG_SANTACRUZ,2176086302,1.0,5.0,100.0,6.89,0.015,0.2,2.0,5.0,25.0,OUTLET,50.0,6.2,3.0,7.0,17.0,L
SC_26063,RG_SANTACRUZ,2176086401,1.0,26.4,100.0,9.3,0.015,0.2,2.0,5.0,25.0,OUTLET,50.0,6.2,3.0,7.0,39.9,L
SC_26064,RG_SANTACRUZ,2176087402,1.0,79.3,100.0,14.24,0.015,0.2,2.0,5.0,25.0,OUTLET,50.0,6.2,3.0,7.0,105.0,L
SC_26065,RG_SANTACRUZ,2176087403,1.0,90.1,100.0,8.55,0.015,0.2,2.0,5.0,25.0,OUTLET,50.0,6.2,3.0,7.0,178.7,L
SC_26066,RG_SANTACRUZ,2176088802,1.0,90.9,100.0,13.28,0.015,0.2,2.0,5.0,25.0,OUTLET,50.0,6.2,3.0,7.0,248.5,L
SC_26067,RG_SANTACRUZ,2176088902,1.0,64.5,100.0,7.11,0.015,0.2,2.0,5.0,25.0,OUTLET,50.0,6.2,3.0,7.0,216.7,L
SC_26068,RG_SANTACRUZ,2176088901,1.0,87.6,100.0,5.91,0.015,0.2,2.0,5.0,25.0,OUTLET,50.0,6.2,3.0,7.0,189.0,L
SC_26069,RG_SANTACRUZ,2176098001,1.0,95.0,100.0,6.47,0.015,0.2,2.0,5.0,25.0,OUTLET,50.0,6.2,3.0,7.0,187.6,L
SC_26070,RG_SANTACRUZ,2176095301,1.0,90.9,100.0,7.04,0.015,0.2,2.0,5.0,25.0,OUTLET,50.0,6.2,3.0,7.0,224.5,L
SC_26071,RG_SANTACRUZ,2176095301,1.0,95.0,100.0,4.67,0.015,0.2,2.0,5.0,25.0,OUTLET,50.0,6.2,3.0,7.0,152.1,L
SC_26072,RG_SANTACRUZ,2176095402,1.0,82.6,100.0,8.99,0.015,0.2,2.0,5.0,25.0,OUTLET,50.0,6.2,3.0,7.0,92.6,L
SC_26073,RG_SANTACRUZ,2176095402,1.0,71.9,100.0,6.62,0.015,0.2,2.0,5.0,25.0,OUTLET,50.0,6.2,3.0,7.0,77.9,L
SC_26074,RG_SANTACRUZ,2176095402,1.0,90.1,100.0,6.26,0.015,0.2,2.0,5.0,25.0,OUTLET,50.0,6.2,3.0,7.0,153.5,L
SC_26075,RG_SANTACRUZ,2176094502,1.0,60.3,100.0,5.52,0.015,0.2,2.0,5.0,25.0,OUTLET,50.0,6.2,3.0,7.0,172.6,L
SC_26076,RG_SANTACRUZ,2176095701,1.0,95.0,100.0,18.05,0.015,0.2,2.0,5.0,25.0,OUTLET,50.0,6.2,3.0,7.0,143.2,L
SC_26077,RG_SANTACRUZ,2176095801,1.0,95.0,100.0,17.91,0.015,0.2,2.0,5.0,25.0,OUTLET,50.0,6.2,3.0,7.0,129.5,L
SC_26078,RG_SANTACRUZ,2176096901,1.0,89.3,100.0,7.37,0.015,0.2,2.0,5.0,25.0,OUTLET,50.0,6.2,3.0,7.0,45.0,L
SC_26079,RG_SANTACRUZ,2176096901,1.0,74.4,100.0,8.29,0.015,0.2,2.0,5.0,25.0,OUTLET,50.0,6.2,3.0,7.0,71.8,L
SC_26080,RG_SANTACRUZ,2176106102,1.0,75.2,100.0,16.0,0.015,0.2,2.0,5.0,25.0,OUTLET,50.0,6.2,3.0,7.0,38.8,L
SC_26081,RG_SANTACRUZ,2176106201,1.0,90.9,100.0,14.36,0.015,0.2,2.0,5.0,25.0,OUTLET,50.0,6.2,3.0,7.0,47.3,L
SC_26082,RG_SANTACRUZ,2176106201,1.0,95.0,100.0,8.63,0.015,0.2,2.0,5.0,25.0,OUTLET,50.0,6.2,3.0,7.0,136.1,L
SC_26083,RG_SANTACRUZ,2176106501,1.0,75.2,100.0,4.37,0.015,0.2,2.0,5.0,25.0,OUTLET,50.0,6.2,3.0,7.0,116.2,L
SC_26084,RG_SANTACRUZ,2176106501,1.0,95.0,100.0,6.06,0.015,0.2,2.0,5.0,25.0,OUTLET,50.0,6.2,3.0,7.0,32.0,L
SC_26085,RG_SANTACRUZ,2176106602,1.0,95.0,100.0,5.68,0.015,0.2,2.0,5.0,25.0,OUTLET,50.0,6.2,3.0,7.0,38.2,L
SC_26086,RG_SANTACRUZ,2176107602,1.0,95.0,100.0,4.68,0.015,0.2,2.0,5.0,25.0,OUTLET,50.0,6.2,3.0,7.0,97.2,L
SC_26087,RG_SANTACRUZ,2176107801,1.0,66.9,100.0,5.7,0.015,0.2,2.0,5.0,25.0,OUTLET,50.0,6.2,3.0,7.0,79.1,L
SC_26336,RG_SANTACRUZ,2176087001,1.0,58.7,100.0,12.8,0.015,0.2,2.0,5.0,25.0,OUTLET,50.0,6.2,3.0,7.0,41.1,L
SC_26337,RG_SANTACRUZ,2176087002,1.0,26.4,100.0,4.5,0.015,0.2,2.0,5.0,25.0,OUTLET,50.0,6.2,3.0,7.0,48.1,L
SC_26338,RG_SANTACRUZ,2176086203,1.0,5.0,100.0,8.35,0.015,0.2,2.0,5.0,25.0,OUTLET,50.0,6.2,3.0,7.0,107.4,L
SC_26339,RG_SANTACRUZ,2176086401,1.0,8.3,100.0,8.98,0.015,0.2,2.0,5.0,25.0,OUTLET,50.0,6.2,3.0,7.0,102.9,L
SC_26340,RG_SANTACRUZ,2176087401,1.0,12.4,100.0,2.86,0.015,0.2,2.0,5.0,25.0,OUTLET,50.0,6.2,3.0,7.0,37.7,L
SC_26341,RG_SANTACRUZ,2176087501,1.0,16.5,100.0,9.86,0.015,0.2,2.0,5.0,25.0,OUTLET,50.0,6.2,3.0,7.0,39.9,L
SC_26342,RG_SANTACRUZ,2176088502,1.0,76.9,100.0,8.95,0.015,0.2,2.0,5.0,25.0,OUTLET,50.0,6.2,3.0,7.0,118.2,L
SC_26343,RG_SANTACRUZ,2176088701,1.0,87.6,100.0,8.51,0.015,0.2,2.0,5.0,25.0,OUTLET,50.0,6.2,3.0,7.0,154.6,L
SC_26344,RG_SANTACRUZ,2176088801,1.0,89.3,100.0,4.58,0.015,0.2,2.0,5.0,25.0,OUTLET,50.0,6.2,3.0,7.0,120.6,L
SC_26345,RG_SANTACRUZ,2176088901,1.0,81.0,100.0,14.83,0.015,0.2,2.0,5.0,25.0,OUTLET,50.0,6.2,3.0,7.0,91.1,L
SC_26346,RG_SANTACRUZ,2176098001,1.0,74.4,100.0,12.66,0.015,0.2,2.0,5.0,25.0,OUTLET,50.0,6.2,3.0,7.0,91.7,L
SC_26347,RG_SANTACRUZ,2176098001,1.0,95.0,100.0,3.08,0.015,0.2,2.0,5.0,25.0,OUTLET,50.0,6.2,3.0,7.0,160.5,L
SC_26348,RG_SANTACRUZ,2176095402,1.0,86.8,100.0,3.95,0.015,0.2,2.0,5.0,25.0,OUTLET,50.0,6.2,3.0,7.0,234.0,L
SC_26349,RG_SANTACRUZ,2176095402,1.0,95.0,100.0,4.82,0.015,0.2,2.0,5.0,25.0,OUTLET,50.0,6.2,3.0,7.0,179.6,L
SC_26350,RG_SANTACRUZ,2176095402,1.0,94.2,100.0,5.44,0.015,0.2,2.0,5.0,25.0,OUTLET,50.0,6.2,3.0,7.0,172.5,L
SC_26351,RG_SANTACRUZ,2176095402,1.0,91.7,100.0,7.08,0.015,0.2,2.0,5.0,25.0,OUTLET,50.0,6.2,3.0,7.0,217.3,L
SC_26352,RG_SANTACRUZ,2176095701,1.0,73.6,100.0,5.95,0.015,0.2,2.0,5.0,25.0,OUTLET,50.0,6.2,3.0,7.0,263.4,L
SC_26353,RG_SANTACRUZ,2176095701,1.0,95.0,100.0,6.79,0.015,0.2,2.0,5.0,25.0,OUTLET,50.0,6.2,3.0,7.0,243.2,L
SC_26354,RG_SANTACRUZ,2176096901,1.0,87.6,100.0,7.4,0.015,0.2,2.0,5.0,25.0,OUTLET,50.0,6.2,3.0,7.0,151.9,L
SC_26355,RG_SANTACRUZ,2176096901,1.0,95.0,100.0,4.98,0.015,0.2,2.0,5.0,25.0,OUTLET,50.0,6.2,3.0,7.0,78.8,L
SC_26356,RG_SANTACRUZ,2176096901,1.0,93.4,100.0,4.37,0.015,0.2,2.0,5.0,25.0,OUTLET,50.0,6.2,3.0,7.0,96.7,L
SC_26357,RG_SANTACRUZ,2176107101,1.0,87.6,100.0,9.01,0.015,0.2,2.0,5.0,25.0,OUTLET,50.0,6.2,3.0,7.0,10.8,L
SC_26358,RG_SANTACRUZ,2176107201,1.0,95.0,100.0,13.84,0.015,0.2,2.0,5.0,25.0,OUTLET,50.0,6.2,3.0,7.0,25.6,L
SC_26359,RG_SANTACRUZ,2176107202,1.0,95.0,100.0,3.76,0.015,0.2,2.0,5.0,25.0,OUTLET,50.0,6.2,3.0,7.0,83.6,L
SC_26360,RG_SANTACRUZ,2176108301,1.0,95.0,100.0,4.51,0.015,0.2,2.0,5.0,25.0,OUTLET,50.0,6.2,3.0,7.0,103.3,L
SC_26361,RG_SANTACRUZ,2176106601,1.0,95.0,100.0,8.41,0.015,0.2,2.0,5.0,25.0,OUTLET,50.0,6.2,3.0,7.0,101.9,L
SC_26362,RG_SANTACRUZ,2176107601,1.0,95.0,100.0,9.02,0.015,0.2,2.0,5.0,25.0,OUTLET,50.0,6.2,3.0,7.0,44.2,L
SC_26363,RG_SANTACRUZ,2176107702,1.0,83.5,100.0,4.08,0.015,0.2,2.0,5.0,25.0,OUTLET,50.0,6.2,3.0,7.0,19.0,L
SC_26364,RG_SANTACRUZ,2176107801,1.0,22.3,100.0,3.41,0.015,0.2,2.0,5.0,25.0,OUTLET,50.0,6.2,3.0,7.0,22.2,L
SC_26368,RG_SANTACRUZ,2176116301,1.0,5.0,100.0,5.43,0.015,0.2,2.0,5.0,25.0,OUTLET,50.0,6.2,3.0,7.0,206.8,L
SC_26369,RG_SANTACRUZ,2176116301,1.0,52.9,100.0,9.04,0.015,0.2,2.0,5.0,25.0,OUTLET,50.0,6.2,3.0,7.0,149.0,L
SC_26370,RG_SANTACRUZ,2176116301,1.0,35.5,100.0,7.04,0.015,0.2,2.0,5.0,25.0,OUTLET,50.0,6.2,3.0,7.0,147.1,L
SC_26613,RG_SANTACRUZ,2176088001,1.0,61.2,100.0,17.29,0.015,0.2,2.0,5.0,25.0,OUTLET,50.0,6.2,3.0,7.0,56.0,L
SC_26614,RG_SANTACRUZ,2176088002,1.0,20.7,100.0,6.22,0.015,0.2,2.0,5.0,25.0,OUTLET,50.0,6.2,3.0,7.0,54.3,L
SC_26615,RG_SANTACRUZ,2176088002,1.0,5.0,100.0,7.15,0.015,0.2,2.0,5.0,25.0,OUTLET,50.0,6.2,3.0,7.0,147.9,L
SC_26616,RG_SANTACRUZ,2176087401,1.0,5.0,100.0,7.51,0.015,0.2,2.0,5.0,25.0,OUTLET,50.0,6.2,3.0,7.0,174.7,L
SC_26617,RG_SANTACRUZ,2176087501,1.0,33.1,100.0,4.08,0.015,0.2,2.0,5.0,25.0,OUTLET,50.0,6.2,3.0,7.0,101.6,L
SC_26618,RG_SANTACRUZ,2176088503,1.0,16.5,100.0,6.09,0.015,0.2,2.0,5.0,25.0,OUTLET,50.0,6.2,3.0,7.0,26.2,L
SC_26619,RG_SANTACRUZ,2176088601,1.0,76.0,100.0,7.61,0.015,0.2,2.0,5.0,25.0,OUTLET,50.0,6.2,3.0,7.0,56.0,L
SC_26620,RG_SANTACRUZ,2176088701,1.0,94.2,100.0,7.21,0.015,0.2,2.0,5.0,25.0,OUTLET,50.0,6.2,3.0,7.0,69.1,L
SC_26621,RG_SANTACRUZ,2176088802,1.0,92.6,100.0,9.55,0.015,0.2,2.0,5.0,25.0,OUTLET,50.0,6.2,3.0,7.0,27.8,L
SC_26622,RG_SANTACRUZ,2176088902,1.0,88.4,100.0,13.62,0.015,0.2,2.0,5.0,25.0,OUTLET,50.0,6.2,3.0,7.0,15.6,L
SC_26623,RG_SANTACRUZ,2176098001,1.0,84.3,100.0,7.45,0.015,0.2,2.0,5.0,25.0,OUTLET,50.0,6.2,3.0,7.0,40.1,L
SC_26624,RG_SANTACRUZ,2176098001,1.0,93.4,100.0,3.04,0.015,0.2,2.0,5.0,25.0,OUTLET,50.0,6.2,3.0,7.0,137.7,L
SC_26625,RG_SANTACRUZ,2176098001,1.0,95.0,100.0,2.7,0.015,0.2,2.0,5.0,25.0,OUTLET,50.0,6.2,3.0,7.0,237.3,L
SC_26626,RG_SANTACRUZ,2176095402,1.0,93.4,100.0,2.38,0.015,0.2,2.0,5.0,25.0,OUTLET,50.0,6.2,3.0,7.0,275.5,L
SC_26627,RG_SANTACRUZ,2176095402,1.0,95.0,100.0,2.87,0.015,0.2,2.0,5.0,25.0,OUTLET,50.0,6.2,3.0,7.0,270.9,L
SC_26628,RG_SANTACRUZ,2176095402,1.0,95.0,100.0,2.34,0.015,0.2,2.0,5.0,25.0,OUTLET,50.0,6.2,3.0,7.0,301.5,L
SC_26629,RG_SANTACRUZ,2177090803,1.0,86.8,100.0,2.49,0.015,0.2,2.0,5.0,25.0,OUTLET,50.0,6.2,3.0,7.0,281.7,L
SC_26630,RG_SANTACRUZ,2177090801,1.0,84.3,100.0,7.78,0.015,0.2,2.0,5.0,25.0,OUTLET,50.0,6.2,3.0,7.0,215.1,L
SC_26631,RG_SANTACRUZ,2176099901,1.0,91.7,100.0,9.09,0.015,0.2,2.0,5.0,25.0,OUTLET,50.0,6.2,3.0,7.0,146.2,L
SC_26632,RG_SANTACRUZ,2176099901,1.0,90.1,100.0,9.91,0.015,0.2,2.0,5.0,25.0,OUTLET,50.0,6.2,3.0,7.0,114.4,L
SC_26633,RG_SANTACRUZ,2176107101,1.0,95.0,100.0,4.91,0.015,0.2,2.0,5.0,25.0,OUTLET,50.0,6.2,3.0,7.0,152.1,L
SC_26634,RG_SANTACRUZ,2176107101,1.0,95.0,100.0,3.83,0.015,0.2,2.0,5.0,25.0,OUTLET,50.0,6.2,3.0,7.0,106.8,L
SC_26635,RG_SANTACRUZ,2176107202,1.0,95.0,100.0,9.88,0.015,0.2,2.0,5.0,25.0,OUTLET,50.0,6.2,3.0,7.0,63.7,L
SC_26636,RG_SANTACRUZ,2176108301,1.0,95.0,100.0,10.04,0.015,0.2,2.0,5.0,25.0,OUTLET,50.0,6.2,3.0,7.0,40.1,L
SC_26637,RG_SANTACRUZ,2176108401,1.0,95.0,100.0,10.23,0.015,0.2,2.0,5.0,25.0,OUTLET,50.0,6.2,3.0,7.0,35.2,L
SC_26638,RG_SANTACRUZ,2176108401,1.0,95.0,100.0,7.79,0.015,0.2,2.0,5.0,25.0,OUTLET,50.0,6.2,3.0,7.0,126.1,L
SC_26639,RG_SANTACRUZ,2176107701,1.0,95.0,100.0,7.74,0.015,0.2,2.0,5.0,25.0,OUTLET,50.0,6.2,3.0,7.0,122.8,L
SC_26640,RG_SANTACRUZ,2176108703,1.0,47.1,100.0,8.99,0.015,0.2,2.0,5.0,25.0,OUTLET,50.0,6.2,3.0,7.0,34.1,L
SC_26641,RG_SANTACRUZ,2176108701,1.0,73.6,100.0,5.02,0.015,0.2,2.0,5.0,25.0,OUTLET,50.0,6.2,3.0,7.0,56.0,L
SC_26642,RG_SANTACRUZ,2176118002,1.0,29.8,100.0,4.93,0.015,0.2,2.0,5.0,25.0,OUTLET,50.0,6.2,3.0,7.0,85.6,L
SC_26643,RG_SANTACRUZ,2176118003,1.0,12.4,100.0,7.5,0.015,0.2,2.0,5.0,25.0,OUTLET,50.0,6.2,3.0,7.0,12.7,L
SC_26644,RG_SANTACRUZ,2176118004,1.0,7.4,100.0,7.28,0.015,0.2,2.0,5.0,25.0,OUTLET,50.0,6.2,3.0,7.0,106.7,L
SC_26645,RG_SANTACRUZ,2176119101,1.0,34.7,100.0,5.0,0.015,0.2,2.0,5.0,25.0,OUTLET,50.0,6.2,3.0,7.0,144.0,L
SC_26646,RG_SANTACRUZ,2176119102,1.0,80.2,100.0,4.01,0.015,0.2,2.0,5.0,25.0,OUTLET,50.0,6.2,3.0,7.0,208.8,L
SC_26647,RG_SANTACRUZ,2176118502,1.0,91.7,100.0,6.04,0.015,0.2,2.0,5.0,25.0,OUTLET,50.0,6.2,3.0,7.0,134.8,L
SC_26648,RG_SANTACRUZ,2176118502,1.0,82.6,100.0,7.49,0.015,0.2,2.0,5.0,25.0,OUTLET,50.0,6.2,3.0,7.0,34.9,L
SC_26649,RG_SANTACRUZ,2176118503,1.0,43.0,100.0,9.54,0.015,0.2,2.0,5.0,25.0,OUTLET,50.0,6.2,3.0,7.0,54.0,L
SC_26650,RG_SANTACRUZ,2176118503,1.0,36.4,100.0,7.86,0.015,0.2,2.0,5.0,25.0,OUTLET,50.0,6.2,3.0,7.0,149.1,L
SC_26651,RG_SANTACRUZ,2176119901,1.0,37.2,100.0,5.15,0.015,0.2,2.0,5.0,25.0,OUTLET,50.0,6.2,3.0,7.0,131.9,L
SC_26652,RG_SANTACRUZ,2176119901,1.0,46.3,100.0,2.05,0.015,0.2,2.0,5.0,25.0,OUTLET,50.0,6.2,3.0,7.0,58.0,L
SC_26653,RG_SANTACRUZ,2176119901,1.0,52.1,100.0,1.22,0.015,0.2,2.0,5.0,25.0,OUTLET,50.0,6.2,3.0,7.0,96.5,L
SC_26654,RG_SANTACRUZ,2176119901,1.0,62.0,100.0,0.89,0.015,0.2,2.0,5.0,25.0,OUTLET,50.0,6.2,3.0,7.0,187.8,L
SC_26655,RG_SANTACRUZ,2176127201,1.0,86.0,100.0,2.29,0.015,0.2,2.0,5.0,25.0,OUTLET,50.0,6.2,3.0,7.0,157.9,L
SC_26656,RG_SANTACRUZ,2176127201,1.0,30.6,100.0,5.56,0.015,0.2,2.0,5.0,25.0,OUTLET,50.0,6.2,3.0,7.0,161.4,L
SC_26657,RG_SANTACRUZ,2176129501,1.0,78.5,100.0,5.68,0.015,0.2,2.0,5.0,25.0,OUTLET,50.0,6.2,3.0,7.0,201.5,L
SC_26658,RG_SANTACRUZ,2176129501,1.0,65.3,100.0,5.34,0.015,0.2,2.0,5.0,25.0,OUTLET,50.0,6.2,3.0,7.0,135.8,L
SC_26664,RG_SANTACRUZ,2176138202,1.0,60.3,100.0,15.73,0.015,0.2,2.0,5.0,25.0,OUTLET,50.0,6.2,3.0,7.0,87.0,L
SC_26888,RG_SANTACRUZ,2176088001,1.0,95.0,100.0,11.34,0.015,0.2,2.0,5.0,25.0,OUTLET,50.0,6.2,3.0,7.0,81.5,L
SC_26889,RG_SANTACRUZ,2177080101,1.0,27.3,100.0,6.18,0.015,0.2,2.0,5.0,25.0,OUTLET,50.0,6.2,3.0,7.0,67.1,L
SC_26890,RG_SANTACRUZ,2177080101,1.0,66.4,100.0,6.63,0.015,0.2,2.0,5.0,25.0,OUTLET,50.0,6.2,3.0,7.0,141.1,L
SC_26891,RG_SANTACRUZ,2177080301,1.0,5.0,100.0,6.25,0.015,0.2,2.0,5.0,25.0,OUTLET,50.0,6.2,3.0,7.0,111.3,L
SC_26892,RG_SANTACRUZ,2177080402,1.0,7.4,100.0,9.14,0.015,0.2,2.0,5.0,25.0,OUTLET,50.0,6.2,3.0,7.0,73.6,L
SC_26893,RG_SANTACRUZ,2176089502,1.0,30.6,100.0,6.29,0.015,0.2,2.0,5.0,25.0,OUTLET,50.0,6.2,3.0,7.0,42.9,L
SC_26894,RG_SANTACRUZ,2176089605,1.0,51.2,100.0,5.95,0.015,0.2,2.0,5.0,25.0,OUTLET,50.0,6.2,3.0,7.0,10.7,L
SC_26895,RG_SANTACRUZ,2176089701,1.0,64.5,100.0,13.23,0.015,0.2,2.0,5.0,25.0,OUTLET,50.0,6.2,3.0,7.0,32.3,L
SC_26896,RG_SANTACRUZ,2176088802,1.0,72.7,100.0,23.91,0.015,0.2,2.0,5.0,25.0,OUTLET,50.0,6.2,3.0,7.0,72.2,L
SC_26897,RG_SANTACRUZ,2176088902,1.0,94.2,100.0,17.94,0.015,0.2,2.0,5.0,25.0,OUTLET,50.0,6.2,3.0,7.0,101.6,L
SC_26898,RG_SANTACRUZ,2176098001,1.0,75.2,100.0,22.97,0.015,0.2,2.0,5.0,25.0,OUTLET,50.0,6.2,3.0,7.0,121.7,L
SC_26899,RG_SANTACRUZ,2176098001,1.0,71.9,100.0,9.38,0.015,0.2,2.0,5.0,25.0,OUTLET,50.0,6.2,3.0,7.0,179.4,L
SC_26900,RG_SANTACRUZ,2176098001,1.0,78.5,100.0,9.96,0.015,0.2,2.0,5.0,25.0,OUTLET,50.0,6.2,3.0,7.0,263.7,L
SC_26901,RG_SANTACRUZ,2177092401,1.0,95.0,100.0,5.94,0.015,0.2,2.0,5.0,25.0,OUTLET,50.0,6.2,3.0,7.0,355.0,L
SC_26902,RG_SANTACRUZ,2177092501,1.0,95.0,100.0,4.01,0.015,0.2,2.0,5.0,25.0,OUTLET,50.0,6.2,3.0,7.0,303.6,L
SC_26903,RG_SANTACRUZ,2177091704,1.0,92.6,100.0,7.13,0.015,0.2,2.0,5.0,25.0,OUTLET,50.0,6.2,3.0,7.0,272.5,L
SC_26904,RG_SANTACRUZ,2177090701,1.0,95.0,100.0,4.59,0.015,0.2,2.0,5.0,25.0,OUTLET,50.0,6.2,3.0,7.0,209.0,L
SC_26905,RG_SANTACRUZ,2177090803,1.0,90.1,100.0,5.42,0.015,0.2,2.0,5.0,25.0,OUTLET,50.0,6.2,3.0,7.0,140.3,L
SC_26906,RG_SANTACRUZ,2177090801,1.0,71.1,100.0,3.82,0.015,0.2,2.0,5.0,25.0,OUTLET,50.0,6.2,3.0,7.0,74.0,L
SC_26907,RG_SANTACRUZ,2176099901,1.0,88.4,100.0,10.79,0.015,0.2,2.0,5.0,25.0,OUTLET,50.0,6.2,3.0,7.0,16.5,L
SC_26908,RG_SANTACRUZ,2176099901,1.0,82.6,100.0,5.81,0.015,0.2,2.0,5.0,25.0,OUTLET,50.0,6.2,3.0,7.0,109.5,L
SC_26909,RG_SANTACRUZ,2176107201,1.0,78.5,100.0,15.97,0.015,0.2,2.0,5.0,25.0,OUTLET,50.0,6.2,3.0,7.0,198.1,L
SC_26910,RG_SANTACRUZ,2176109301,1.0,95.0,100.0,14.23,0.015,0.2,2.0,5.0,25.0,OUTLET,50.0,6.2,3.0,7.0,109.9,L
SC_26911,RG_SANTACRUZ,2176109301,1.0,95.0,100.0,9.56,0.015,0.2,2.0,5.0,25.0,OUTLET,50.0,6.2,3.0,7.0,15.5,L
SC_26912,RG_SANTACRUZ,2176108401,1.0,95.0,100.0,7.25,0.015,0.2,2.0,5.0,25.0,OUTLET,50.0,6.2,3.0,7.0,77.1,L
SC_26913,RG_SANTACRUZ,2176108401,1.0,95.0,100.0,3.32,0.015,0.2,2.0,5.0,25.0,OUTLET,50.0,6.2,3.0,7.0,143.5,L
SC_26914,RG_SANTACRUZ,2176109702,1.0,90.9,100.0,6.44,0.015,0.2,2.0,5.0,25.0,OUTLET,50.0,6.2,3.0,7.0,126.1,L
SC_26915,RG_SANTACRUZ,2176109703,1.0,95.0,100.0,8.1,0.015,0.2,2.0,5.0,25.0,OUTLET,50.0,6.2,3.0,7.0,30.6,L
SC_26916,RG_SANTACRUZ,2176109704,1.0,95.0,100.0,9.87,0.015,0.2,2.0,5.0,25.0,OUTLET,50.0,6.2,3.0,7.0,63.9,L
SC_26917,RG_SANTACRUZ,2176119001,1.0,95.0,100.0,7.68,0.015,0.2,2.0,5.0,25.0,OUTLET,50.0,6.2,3.0,7.0,109.5,L
SC_26918,RG_SANTACRUZ,2176119002,1.0,72.7,100.0,7.1,0.015,0.2,2.0,5.0,25.0,OUTLET,50.0,6.2,3.0,7.0,15.7,L
SC_26919,RG_SANTACRUZ,2176119101,1.0,78.5,100.0,4.66,0.015,0.2,2.0,5.0,25.0,OUTLET,50.0,6.2,3.0,7.0,42.4,L
SC_26920,RG_SANTACRUZ,2176119102,1.0,89.3,100.0,6.01,0.015,0.2,2.0,5.0,25.0,OUTLET,50.0,6.2,3.0,7.0,69.1,L
SC_26921,RG_SANTACRUZ,2176119102,1.0,55.4,100.0,8.92,0.015,0.2,2.0,5.0,25.0,OUTLET,50.0,6.2,3.0,7.0,163.7,L
SC_26922,RG_SANTACRUZ,2177110501,1.0,93.4,100.0,4.51,0.015,0.2,2.0,5.0,25.0,OUTLET,50.0,6.2,3.0,7.0,157.1,L
SC_26923,RG_SANTACRUZ,2177110501,1.0,69.4,100.0,7.89,0.015,0.2,2.0,5.0,25.0,OUTLET,50.0,6.2,3.0,7.0,78.5,L
SC_26924,RG_SANTACRUZ,2177110601,1.0,95.0,100.0,4.19,0.015,0.2,2.0,5.0,25.0,OUTLET,50.0,6.2,3.0,7.0,80.3,L
SC_26925,RG_SANTACRUZ,2177110601,1.0,95.0,100.0,6.32,0.015,0.2,2.0,5.0,25.0,OUTLET,50.0,6.2,3.0,7.0,113.3,L
SC_26926,RG_SANTACRUZ,2176119901,1.0,95.0,100.0,8.22,0.015,0.2,2.0,5.0,25.0,OUTLET,50.0,6.2,3.0,7.0,128.6,L
SC_26927,RG_SANTACRUZ,2176119901,1.0,63.6,100.0,2.81,0.015,0.2,2.0,5.0,25.0,OUTLET,50.0,6.2,3.0,7.0,49.9,L
SC_26928,RG_SANTACRUZ,2176119901,1.0,95.0,100.0,2.74,0.015,0.2,2.0,5.0,25.0,OUTLET,50.0,6.2,3.0,7.0,91.9,L
SC_26929,RG_SANTACRUZ,2176119901,1.0,90.1,100.0,2.41,0.015,0.2,2.0,5.0,25.0,OUTLET,50.0,6.2,3.0,7.0,185.5,L
SC_26930,RG_SANTACRUZ,2176127201,1.0,81.0,100.0,2.99,0.015,0.2,2.0,5.0,25.0,OUTLET,50.0,6.2,3.0,7.0,255.4,L
SC_26931,RG_SANTACRUZ,2177120501,1.0,95.0,100.0,5.25,0.015,0.2,2.0,5.0,25.0,OUTLET,50.0,6.2,3.0,7.0,256.1,L
SC_26932,RG_SANTACRUZ,2177120501,1.0,95.0,100.0,3.8,0.015,0.2,2.0,5.0,25.0,OUTLET,50.0,6.2,3.0,7.0,160.5,L
SC_26933,RG_SANTACRUZ,2176129501,1.0,95.0,100.0,3.86,0.015,0.2,2.0,5.0,25.0,OUTLET,50.0,6.2,3.0,7.0,64.5,L
SC_26934,RG_SANTACRUZ,2176129602,1.0,33.9,100.0,3.91,0.015,0.2,2.0,5.0,25.0,OUTLET,50.0,6.2,3.0,7.0,27.7,L
SC_26939,RG_SANTACRUZ,2176138202,1.0,94.2,100.0,8.75,0.015,0.2,2.0,5.0,25.0,OUTLET,50.0,6.2,3.0,7.0,130.3,L
SC_26940,RG_SANTACRUZ,2176138202,1.0,95.0,100.0,5.43,0.015,0.2,2.0,5.0,25.0,OUTLET,50.0,6.2,3.0,7.0,97.9,L
SC_26941,RG_SANTACRUZ,2176138301,1.0,57.0,100.0,14.15,0.015,0.2,2.0,5.0,25.0,OUTLET,50.0,6.2,3.0,7.0,110.6,L
SC_27163,RG_SANTACRUZ,2177080101,1.0,15.7,100.0,7.01,0.015,0.2,2.0,5.0,25.0,OUTLET,50.0,6.2,3.0,7.0,47.0,L
SC_27164,RG_SANTACRUZ,2177080201,1.0,27.3,100.0,5.63,0.015,0.2,2.0,5.0,25.0,OUTLET,50.0,6.2,3.0,7.0,57.2,L
SC_27165,RG_SANTACRUZ,2177080302,1.0,19.8,100.0,10.78,0.015,0.2,2.0,5.0,25.0,OUTLET,50.0,6.2,3.0,7.0,22.8,L
SC_27166,RG_SANTACRUZ,2177080403,1.0,39.7,100.0,6.52,0.015,0.2,2.0,5.0,25.0,OUTLET,50.0,6.2,3.0,7.0,21.7,L
SC_27167,RG_SANTACRUZ,2177080501,1.0,52.1,100.0,13.54,0.015,0.2,2.0,5.0,25.0,OUTLET,50.0,6.2,3.0,7.0,52.7,L
SC_27168,RG_SANTACRUZ,2177080601,1.0,25.6,100.0,9.96,0.015,0.2,2.0,5.0,25.0,OUTLET,50.0,6.2,3.0,7.0,43.7,L
SC_27169,RG_SANTACRUZ,2177080701,1.0,62.8,100.0,11.77,0.015,0.2,2.0,5.0,25.0,OUTLET,50.0,6.2,3.0,7.0,42.9,L
SC_27170,RG_SANTACRUZ,2177081702,1.0,84.3,100.0,15.17,0.015,0.2,2.0,5.0,25.0,OUTLET,50.0,6.2,3.0,7.0,128.9,L
SC_27171,RG_SANTACRUZ,2176088801,1.0,51.2,100.0,13.56,0.015,0.2,2.0,5.0,25.0,OUTLET,50.0,6.2,3.0,7.0,195.8,L
SC_27172,RG_SANTACRUZ,2176098001,1.0,25.6,100.0,18.42,0.015,0.2,2.0,5.0,25.0,OUTLET,50.0,6.2,3.0,7.0,219.1,L
SC_27173,RG_SANTACRUZ,2176098001,1.0,91.7,100.0,7.89,0.015,0.2,2.0,5.0,25.0,OUTLET,50.0,6.2,3.0,7.0,255.7,L
SC_27174,RG_SANTACRUZ,2177093304,1.0,78.5,100.0,9.21,0.015,0.2,2.0,5.0,25.0,OUTLET,50.0,6.2,3.0,7.0,298.9,L
SC_27175,RG_SANTACRUZ,2177092402,1.0,84.3,100.0,23.63,0.015,0.2,2.0,5.0,25.0,OUTLET,50.0,6.2,3.0,7.0,262.6,L
SC_27176,RG_SANTACRUZ,2177092501,1.0,62.8,100.0,10.97,0.015,0.2,2.0,5.0,25.0,OUTLET,50.0,6.2,3.0,7.0,218.4,L
SC_27177,RG_SANTACRUZ,2177092501,1.0,88.4,100.0,5.01,0.015,0.2,2.0,5.0,25.0,OUTLET,50.0,6.2,3.0,7.0,175.8,L
SC_27178,RG_SANTACRUZ,2177091704,1.0,95.0,100.0,11.71,0.015,0.2,2.0,5.0,25.0,OUTLET,50.0,6.2,3.0,7.0,133.4,L
SC_27179,RG_SANTACRUZ,2177090701,1.0,93.4,100.0,4.98,0.015,0.2,2.0,5.0,25.0,OUTLET,50.0,6.2,3.0,7.0,67.8,L
SC_27180,RG_SANTACRUZ,2177090803,1.0,90.1,100.0,5.08,0.015,0.2,2.0,5.0,25.0,OUTLET,50.0,6.2,3.0,7.0,1.7,L
SC_27181,RG_SANTACRUZ,2177090801,1.0,95.0,100.0,9.12,0.015,0.2,2.0,5.0,25.0,OUTLET,50.0,6.2,3.0,7.0,68.6,L
SC_27182,RG_SANTACRUZ,2176099901,1.0,82.6,100.0,12.38,0.015,0.2,2.0,5.0,25.0,OUTLET,50.0,6.2,3.0,7.0,138.5,L
SC_27183,RG_SANTACRUZ,2177101201,1.0,88.4,100.0,17.16,0.015,0.2,2.0,5.0,25.0,OUTLET,50.0,6.2,3.0,7.0,169.1,L
SC_27184,RG_SANTACRUZ,2177100305,1.0,95.0,100.0,4.73,0.015,0.2,2.0,5.0,25.0,OUTLET,50.0,6.2,3.0,7.0,72.0,L
SC_27185,RG_SANTACRUZ,2177100303,1.0,83.5,100.0,4.77,0.015,0.2,2.0,5.0,25.0,OUTLET,50.0,6.2,3.0,7.0,14.6,L
SC_27186,RG_SANTACRUZ,2177100302,1.0,70.2,100.0,3.21,0.015,0.2,2.0,5.0,25.0,OUTLET,50.0,6.2,3.0,7.0,107.5,L
SC_27187,RG_SANTACRUZ,2176109302,1.0,90.9,100.0,3.1,0.015,0.2,2.0,5.0,25.0,OUTLET,50.0,6.2,3.0,7.0,203.6,L
SC_27188,RG_SANTACRUZ,2177101703,1.0,92.7,100.0,4.76,0.015,0.2,2.0,5.0,25.0,OUTLET,50.0,6.2,3.0,7.0,120.4,L
SC_27189,RG_SANTACRUZ,2177100702,1.0,90.1,100.0,9.5,0.015,0.2,2.0,5.0,25.0,OUTLET,50.0,6.2,3.0,7.0,41.1,L
SC_27190,RG_SANTACRUZ,2177100702,1.0,78.5,100.0,6.4,0.015,0.2,2.0,5.0,25.0,OUTLET,50.0,6.2,3.0,7.0,60.5,L
SC_27191,RG_SANTACRUZ,2177110002,1.0,90.9,100.0,8.8,0.015,0.2,2.0,5.0,25.0,OUTLET,50.0,6.2,3.0,7.0,105.0,L
SC_27192,RG_SANTACRUZ,2177110002,1.0,94.2,100.0,9.08,0.015,0.2,2.0,5.0,25.0,OUTLET,50.0,6.2,3.0,7.0,40.3,L
SC_27193,RG_SANTACRUZ,2177110101,1.0,90.1,100.0,8.31,0.015,0.2,2.0,5.0,25.0,OUTLET,50.0,6.2,3.0,7.0,21.3,L
SC_27194,RG_SANTACRUZ,2177111201,1.0,53.7,100.0,10.45,0.015,0.2,2.0,5.0,25.0,OUTLET,50.0,6.2,3.0,7.0,56.7,L
SC_27195,RG_SANTACRUZ,2177111301,1.0,78.5,100.0,11.24,0.015,0.2,2.0,5.0,25.0,OUTLET,50.0,6.2,3.0,7.0,102.1,L
SC_27196,RG_SANTACRUZ,2177110501,1.0,52.9,100.0,13.04,0.015,0.2,2.0,5.0,25.0,OUTLET,50.0,6.2,3.0,7.0,146.6,L
SC_27197,RG_SANTACRUZ,2177110501,1.0,80.2,100.0,6.31,0.015,0.2,2.0,5.0,25.0,OUTLET,50.0,6.2,3.0,7.0,54.5,L
SC_27198,RG_SANTACRUZ,2177110602,1.0,91.7,100.0,4.95,0.015,0.2,2.0,5.0,25.0,OUTLET,50.0,6.2,3.0,7.0,21.7,L
SC_27199,RG_SANTACRUZ,2177110602,1.0,95.0,100.0,4.63,0.015,0.2,2.0,5.0,25.0,OUTLET,50.0,6.2,3.0,7.0,84.0,L
SC_27200,RG_SANTACRUZ,2177110601,1.0,87.6,100.0,4.71,0.015,0.2,2.0,5.0,25.0,OUTLET,50.0,6.2,3.0,7.0,183.2,L
SC_27201,RG_SANTACRUZ,2176119901,1.0,66.1,100.0,2.76,0.015,0.2,2.0,5.0,25.0,OUTLET,50.0,6.2,3.0,7.0,147.0,L
SC_27202,RG_SANTACRUZ,2176119901,1.0,88.4,100.0,2.7,0.015,0.2,2.0,5.0,25.0,OUTLET,50.0,6.2,3.0,7.0,166.1,L
SC_27203,RG_SANTACRUZ,2176119901,1.0,59.5,100.0,7.38,0.015,0.2,2.0,5.0,25.0,OUTLET,50.0,6.2,3.0,7.0,231.4,L
SC_27204,RG_SANTACRUZ,2176119901,1.0,63.6,100.0,11.09,0.015,0.2,2.0,5.0,25.0,OUTLET,50.0,6.2,3.0,7.0,315.4,L
SC_27205,RG_SANTACRUZ,2177120501,1.0,95.0,100.0,4.89,0.015,0.2,2.0,5.0,25.0,OUTLET,50.0,6.2,3.0,7.0,252.5,L
SC_27206,RG_SANTACRUZ,2177120501,1.0,95.0,100.0,3.4,0.015,0.2,2.0,5.0,25.0,OUTLET,50.0,6.2,3.0,7.0,154.7,L
SC_27207,RG_SANTACRUZ,2177120501,1.0,95.0,100.0,5.66,0.015,0.2,2.0,5.0,25.0,OUTLET,50.0,6.2,3.0,7.0,64.0,L
SC_27208,RG_SANTACRUZ,2177120601,1.0,35.5,100.0,2.99,0.015,0.2,2.0,5.0,25.0,OUTLET,50.0,6.2,3.0,7.0,32.8,L
SC_27209,RG_SANTACRUZ,2177121801,1.0,11.6,100.0,1.94,0.015,0.2,2.0,5.0,25.0,OUTLET,50.0,6.2,3.0,7.0,103.5,L
SC_27212,RG_SANTACRUZ,2177121802,1.0,69.1,100.0,7.1,0.015,0.2,2.0,5.0,25.0,OUTLET,50.0,6.2,3.0,7.0,212.6,L
SC_27213,RG_SANTACRUZ,2176138202,1.0,95.0,100.0,6.71,0.015,0.2,2.0,5.0,25.0,OUTLET,50.0,6.2,3.0,7.0,215.4,L
SC_27214,RG_SANTACRUZ,2176138202,1.0,95.0,100.0,24.79,0.015,0.2,2.0,5.0,25.0,OUTLET,50.0,6.2,3.0,7.0,197.4,L
SC_27215,RG_SANTACRUZ,2176138301,1.0,95.0,100.0,7.98,0.015,0.2,2.0,5.0,25.0,OUTLET,50.0,6.2,3.0,7.0,205.6,L
SC_27216,RG_SANTACRUZ,2176138401,1.0,83.5,100.0,5.13,0.015,0.2,2.0,5.0,25.0,OUTLET,50.0,6.2,3.0,7.0,197.4,L
SC_27217,RG_SANTACRUZ,2177131601,1.0,44.6,100.0,14.72,0.015,0.2,2.0,5.0,25.0,OUTLET,50.0,6.2,3.0,7.0,121.3,L
SC_27436,RG_SANTACRUZ,2177081103,1.0,33.1,100.0,7.89,0.015,0.2,2.0,5.0,25.0,OUTLET,50.0,6.2,3.0,7.0,25.4,L
SC_27437,RG_SANTACRUZ,2177081202,1.0,44.5,100.0,8.49,0.015,0.2,2.0,5.0,25.0,OUTLET,50.0,6.2,3.0,7.0,37.4,L
SC_27438,RG_SANTACRUZ,2177080304,1.0,70.2,100.0,3.59,0.015,0.2,2.0,5.0,25.0,OUTLET,50.0,6.2,3.0,7.0,75.6,L
SC_27439,RG_SANTACRUZ,2177080301,1.0,85.1,100.0,3.72,0.015,0.2,2.0,5.0,25.0,OUTLET,50.0,6.2,3.0,7.0,112.4,L
SC_27440,RG_SANTACRUZ,2177080402,1.0,61.2,100.0,8.41,0.015,0.2,2.0,5.0,25.0,OUTLET,50.0,6.2,3.0,7.0,150.1,L
SC_27441,RG_SANTACRUZ,2177081701,1.0,76.9,100.0,11.44,0.015,0.2,2.0,5.0,25.0,OUTLET,50.0,6.2,3.0,7.0,93.8,L
SC_27442,RG_SANTACRUZ,2177081703,1.0,65.3,100.0,17.79,0.015,0.2,2.0,5.0,25.0,OUTLET,50.0,6.2,3.0,7.0,12.0,L
SC_27443,RG_SANTACRUZ,2177082701,1.0,90.1,100.0,14.89,0.015,0.2,2.0,5.0,25.0,OUTLET,50.0,6.2,3.0,7.0,69.9,L
SC_27444,RG_SANTACRUZ,2177082801,1.0,80.2,100.0,13.5,0.015,0.2,2.0,5.0,25.0,OUTLET,50.0,6.2,3.0,7.0,152.1,L
SC_27445,RG_SANTACRUZ,2177082806,1.0,68.6,100.0,16.67,0.015,0.2,2.0,5.0,25.0,OUTLET,50.0,6.2,3.0,7.0,231.9,L
SC_27446,RG_SANTACRUZ,2177093203,1.0,88.4,100.0,10.44,0.015,0.2,2.0,5.0,25.0,OUTLET,50.0,6.2,3.0,7.0,244.1,L
SC_27447,RG_SANTACRUZ,2177093304,1.0,95.0,100.0,7.69,0.015,0.2,2.0,5.0,25.0,OUTLET,50.0,6.2,3.0,7.0,205.3,L
SC_27448,RG_SANTACRUZ,2177093401,1.0,95.0,100.0,14.46,0.015,0.2,2.0,5.0,25.0,OUTLET,50.0,6.2,3.0,7.0,170.8,L
SC_27449,RG_SANTACRUZ,2177092508,1.0,81.0,100.0,20.71,0.015,0.2,2.0,5.0,25.0,OUTLET,50.0,6.2,3.0,7.0,133.1,L
SC_27450,RG_SANTACRUZ,2177092501,1.0,56.2,100.0,9.03,0.015,0.2,2.0,5.0,25.0,OUTLET,50.0,6.2,3.0,7.0,80.0,L
SC_27451,RG_SANTACRUZ,2177092601,1.0,86.0,100.0,3.53,0.015,0.2,2.0,5.0,25.0,OUTLET,50.0,6.2,3.0,7.0,67.4,L
SC_27452,RG_SANTACRUZ,2177091702,1.0,72.7,100.0,9.17,0.015,0.2,2.0,5.0,25.0,OUTLET,50.0,6.2,3.0,7.0,13.6,L
SC_27453,RG_SANTACRUZ,2177090701,1.0,94.2,100.0,5.68,0.015,0.2,2.0,5.0,25.0,OUTLET,50.0,6.2,3.0,7.0,74.2,L
SC_27454,RG_SANTACRUZ,2177090803,1.0,95.0,100.0,5.88,0.015,0.2,2.0,5.0,25.0,OUTLET,50.0,6.2,3.0,7.0,142.6,L
SC_27455,RG_SANTACRUZ,2176099902,1.0,87.6,100.0,12.24,0.015,0.2,2.0,5.0,25.0,OUTLET,50.0,6.2,3.0,7.0,209.5,L
SC_27456,RG_SANTACRUZ,2177101203,1.0,89.3,100.0,8.22,0.015,0.2,2.0,5.0,25.0,OUTLET,50.0,6.2,3.0,7.0,151.9,L
SC_27457,RG_SANTACRUZ,2177101203,1.0,90.1,100.0,8.05,0.015,0.2,2.0,5.0,25.0,OUTLET,50.0,6.2,3.0,7.0,53.0,L
SC_27458,RG_SANTACRUZ,2177101202,1.0,82.6,100.0,5.45,0.015,0.2,2.0,5.0,25.0,OUTLET,50.0,6.2,3.0,7.0,48.5,L
SC_27459,RG_SANTACRUZ,2177102301,1.0,87.6,100.0,2.83,0.015,0.2,2.0,5.0,25.0,OUTLET,50.0,6.2,3.0,7.0,141.5,L
SC_27460,RG_SANTACRUZ,2177101704,1.0,93.4,100.0,7.13,0.015,0.2,2.0,5.0,25.0,OUTLET,50.0,6.2,3.0,7.0,186.8,L
SC_27461,RG_SANTACRUZ,2177101704,1.0,95.0,100.0,7.17,0.015,0.2,2.0,5.0,25.0,OUTLET,50.0,6.2,3.0,7.0,87.3,L
SC_27462,RG_SANTACRUZ,2177101704,1.0,80.2,100.0,8.91,0.015,0.2,2.0,5.0,25.0,OUTLET,50.0,6.2,3.0,7.0,18.6,L
SC_27463,RG_SANTACRUZ,2177100704,1.0,95.0,100.0,3.39,0.015,0.2,2.0,5.0,25.0,OUTLET,50.0,6.2,3.0,7.0,90.2,L
SC_27464,RG_SANTACRUZ,2177110002,1.0,95.0,100.0,6.67,0.015,0.2,2.0,5.0,25.0,OUTLET,50.0,6.2,3.0,7.0,170.5,L
SC_27465,RG_SANTACRUZ,2177110104,1.0,71.1,100.0,13.21,0.015,0.2,2.0,5.0,25.0,OUTLET,50.0,6.2,3.0,7.0,130.9,L
SC_27466,RG_SANTACRUZ,2177110104,1.0,95.0,100.0,11.08,0.015,0.2,2.0,5.0,25.0,OUTLET,50.0,6.2,3.0,7.0,58.6,L
SC_27467,RG_SANTACRUZ,2177111202,1.0,90.9,100.0,10.69,0.015,0.2,2.0,5.0,25.0,OUTLET,50.0,6.2,3.0,7.0,33.2,L
SC_27468,RG_SANTACRUZ,2177111302,1.0,94.2,100.0,10.46,0.015,0.2,2.0,5.0,25.0,OUTLET,50.0,6.2,3.0,7.0,13.9,L
SC_27469,RG_SANTACRUZ,2177112401,1.0,17.4,100.0,12.55,0.015,0.2,2.0,5.0,25.0,OUTLET,50.0,6.2,3.0,7.0,60.8,L
SC_27470,RG_SANTACRUZ,2177112402,1.0,72.7,100.0,11.68,0.015,0.2,2.0,5.0,25.0,OUTLET,50.0,6.2,3.0,7.0,127.6,L
SC_27471,RG_SANTACRUZ,2177110602,1.0,62.0,100.0,5.39,0.015,0.2,2.0,5.0,25.0,OUTLET,50.0,6.2,3.0,7.0,114.6,L
SC_27472,RG_SANTACRUZ,2177110602,1.0,58.7,100.0,4.26,0.015,0.2,2.0,5.0,25.0,OUTLET,50.0,6.2,3.0,7.0,140.4,L
SC_27473,RG_SANTACRUZ,2177113702,1.0,76.0,100.0,4.12,0.015,0.2,2.0,5.0,25.0,OUTLET,50.0,6.2,3.0,7.0,213.9,L
SC_27474,RG_SANTACRUZ,2177113803,1.0,56.2,100.0,4.44,0.015,0.2,2.0,5.0,25.0,OUTLET,50.0,6.2,3.0,7.0,233.8,L
SC_27475,RG_SANTACRUZ,2176119901,1.0,57.0,100.0,4.82,0.015,0.2,2.0,5.0,25.0,OUTLET,50.0,6.2,3.0,7.0,258.3,L
SC_27476,RG_SANTACRUZ,2176119901,1.0,95.0,100.0,4.65,0.015,0.2,2.0,5.0,25.0,OUTLET,50.0,6.2,3.0,7.0,304.4,L
SC_27477,RG_SANTACRUZ,2176119901,1.0,94.2,100.0,3.79,0.015,0.2,2.0,5.0,25.0,OUTLET,50.0,6.2,3.0,7.0,372.3,L
SC_27478,RG_SANTACRUZ,2177120602,1.0,90.1,100.0,4.34,0.015,0.2,2.0,5.0,25.0,OUTLET,50.0,6.2,3.0,7.0,281.7,L
SC_27479,RG_SANTACRUZ,2177120602,1.0,84.3,100.0,7.09,0.015,0.2,2.0,5.0,25.0,OUTLET,50.0,6.2,3.0,7.0,187.6,L
SC_27480,RG_SANTACRUZ,2177120602,1.0,95.0,100.0,6.57,0.015,0.2,2.0,5.0,25.0,OUTLET,50.0,6.2,3.0,7.0,105.1,L
SC_27481,RG_SANTACRUZ,2177120602,1.0,95.0,100.0,6.01,0.015,0.2,2.0,5.0,25.0,OUTLET,50.0,6.2,3.0,7.0,82.9,L
SC_27482,RG_SANTACRUZ,2177121801,1.0,76.9,100.0,4.86,0.015,0.2,2.0,5.0,25.0,OUTLET,50.0,6.2,3.0,7.0,102.7,L
SC_27483,RG_SANTACRUZ,2177121802,1.0,78.5,100.0,4.54,0.015,0.2,2.0,5.0,25.0,OUTLET,50.0,6.2,3.0,7.0,21.9,L
SC_27484,RG_SANTACRUZ,2177121803,1.0,88.4,100.0,7.81,0.015,0.2,2.0,5.0,25.0,OUTLET,50.0,6.2,3.0,7.0,84.7,L
SC_27485,RG_SANTACRUZ,2177121803,1.0,81.8,100.0,5.03,0.015,0.2,2.0,5.0,25.0,OUTLET,50.0,6.2,3.0,7.0,180.7,L
SC_27486,RG_SANTACRUZ,2177123903,1.0,72.7,100.0,5.55,0.015,0.2,2.0,5.0,25.0,OUTLET,50.0,6.2,3.0,7.0,269.9,L
SC_27487,RG_SANTACRUZ,2176138202,1.0,95.0,100.0,9.21,0.015,0.2,2.0,5.0,25.0,OUTLET,50.0,6.2,3.0,7.0,297.3,L
SC_27488,RG_SANTACRUZ,2176138301,1.0,90.9,100.0,6.67,0.015,0.2,2.0,5.0,25.0,OUTLET,50.0,6.2,3.0,7.0,303.9,L
SC_27489,RG_SANTACRUZ,2177131601,1.0,95.0,100.0,7.68,0.015,0.2,2.0,5.0,25.0,OUTLET,50.0,6.2,3.0,7.0,207.9,L
SC_27490,RG_SANTACRUZ,2177131601,1.0,71.9,100.0,9.65,0.015,0.2,2.0,5.0,25.0,OUTLET,50.0,6.2,3.0,7.0,111.2,L
SC_27709,RG_SANTACRUZ,2177083201,1.0,75.2,100.0,9.34,0.015,0.2,2.0,5.0,25.0,OUTLET,50.0,6.2,3.0,7.0,149.4,L
SC_27710,RG_SANTACRUZ,2177080302,1.0,73.6,100.0,10.72,0.015,0.2,2.0,5.0,25.0,OUTLET,50.0,6.2,3.0,7.0,204.7,L
SC_27711,RG_SANTACRUZ,2177081702,1.0,34.7,100.0,8.74,0.015,0.2,2.0,5.0,25.0,OUTLET,50.0,6.2,3.0,7.0,231.8,L
SC_27712,RG_SANTACRUZ,2177081706,1.0,57.9,100.0,16.09,0.015,0.2,2.0,5.0,25.0,OUTLET,50.0,6.2,3.0,7.0,152.0,L
SC_27713,RG_SANTACRUZ,2177082701,1.0,73.6,100.0,9.6,0.015,0.2,2.0,5.0,25.0,OUTLET,50.0,6.2,3.0,7.0,71.7,L
SC_27714,RG_SANTACRUZ,2177082804,1.0,72.7,100.0,14.96,0.015,0.2,2.0,5.0,25.0,OUTLET,50.0,6.2,3.0,7.0,12.4,L
SC_27715,RG_SANTACRUZ,2177083801,1.0,95.0,100.0,13.92,0.015,0.2,2.0,5.0,25.0,OUTLET,50.0,6.2,3.0,7.0,91.2,L
SC_27716,RG_SANTACRUZ,2177083901,1.0,69.4,100.0,17.68,0.015,0.2,2.0,5.0,25.0,OUTLET,50.0,6.2,3.0,7.0,170.2,L
SC_27717,RG_SANTACRUZ,2177093205,1.0,87.6,100.0,20.61,0.015,0.2,2.0,5.0,25.0,OUTLET,50.0,6.2,3.0,7.0,152.0,L
SC_27718,RG_SANTACRUZ,2177093202,1.0,65.3,100.0,15.3,0.015,0.2,2.0,5.0,25.0,OUTLET,50.0,6.2,3.0,7.0,113.6,L
SC_27719,RG_SANTACRUZ,2177093302,1.0,95.0,100.0,15.11,0.015,0.2,2.0,5.0,25.0,OUTLET,50.0,6.2,3.0,7.0,78.4,L
SC_27720,RG_SANTACRUZ,2177092402,1.0,72.7,100.0,14.89,0.015,0.2,2.0,5.0,25.0,OUTLET,50.0,6.2,3.0,7.0,41.0,L
SC_27721,RG_SANTACRUZ,2177092506,1.0,31.4,100.0,13.73,0.015,0.2,2.0,5.0,25.0,OUTLET,50.0,6.2,3.0,7.0,8.5,L
SC_27722,RG_SANTACRUZ,2177092602,1.0,65.3,100.0,5.49,0.015,0.2,2.0,5.0,25.0,OUTLET,50.0,6.2,3.0,7.0,31.6,L
SC_27723,RG_SANTACRUZ,2177092702,1.0,65.3,100.0,8.58,0.015,0.2,2.0,5.0,25.0,OUTLET,50.0,6.2,3.0,7.0,47.9,L
SC_27724,RG_SANTACRUZ,2177092801,1.0,68.6,100.0,9.31,0.015,0.2,2.0,5.0,25.0,OUTLET,50.0,6.2,3.0,7.0,23.6,L
SC_27725,RG_SANTACRUZ,2177093801,1.0,95.0,100.0,6.27,0.015,0.2,2.0,5.0,25.0,OUTLET,50.0,6.2,3.0,7.0,100.2,L
SC_27726,RG_SANTACRUZ,2177103103,1.0,94.2,100.0,7.1,0.015,0.2,2.0,5.0,25.0,OUTLET,50.0,6.2,3.0,7.0,149.4,L
SC_27727,RG_SANTACRUZ,2177103102,1.0,89.3,100.0,9.29,0.015,0.2,2.0,5.0,25.0,OUTLET,50.0,6.2,3.0,7.0,96.7,L
SC_27728,RG_SANTACRUZ,2177102203,1.0,90.1,100.0,11.91,0.015,0.2,2.0,5.0,25.0,OUTLET,50.0,6.2,3.0,7.0,33.7,L
SC_27729,RG_SANTACRUZ,2177102302,1.0,91.7,100.0,5.61,0.015,0.2,2.0,5.0,25.0,OUTLET,50.0,6.2,3.0,7.0,31.2,L
SC_27730,RG_SANTACRUZ,2177102301,1.0,95.0,100.0,4.65,0.015,0.2,2.0,5.0,25.0,OUTLET,50.0,6.2,3.0,7.0,71.6,L
SC_27731,RG_SANTACRUZ,2177102301,1.0,95.0,100.0,3.37,0.015,0.2,2.0,5.0,25.0,OUTLET,50.0,6.2,3.0,7.0,169.1,L
SC_27732,RG_SANTACRUZ,2177102703,1.0,92.7,100.0,4.43,0.015,0.2,2.0,5.0,25.0,OUTLET,50.0,6.2,3.0,7.0,91.9,L
SC_27733,RG_SANTACRUZ,2177102704,1.0,88.4,100.0,6.2,0.015,0.2,2.0,5.0,25.0,OUTLET,50.0,6.2,3.0,7.0,3.8,L
SC_27734,RG_SANTACRUZ,2177102704,1.0,94.2,100.0,9.32,0.015,0.2,2.0,5.0,25.0,OUTLET,50.0,6.2,3.0,7.0,102.5,L
SC_27735,RG_SANTACRUZ,2177102704,1.0,95.0,100.0,6.8,0.015,0.2,2.0,5.0,25.0,OUTLET,50.0,6.2,3.0,7.0,202.5,L
SC_27736,RG_SANTACRUZ,2177110104,1.0,94.2,100.0,8.43,0.015,0.2,2.0,5.0,25.0,OUTLET,50.0,6.2,3.0,7.0,195.6,L
SC_27737,RG_SANTACRUZ,2177111101,1.0,92.6,100.0,5.32,0.015,0.2,2.0,5.0,25.0,OUTLET,50.0,6.2,3.0,7.0,149.6,L
SC_27738,RG_SANTACRUZ,2177111301,1.0,95.0,100.0,9.31,0.015,0.2,2.0,5.0,25.0,OUTLET,50.0,6.2,3.0,7.0,122.3,L
SC_27739,RG_SANTACRUZ,2177112301,1.0,95.0,100.0,10.56,0.015,0.2,2.0,5.0,25.0,OUTLET,50.0,6.2,3.0,7.0,62.8,L
SC_27740,RG_SANTACRUZ,2177112403,1.0,90.9,100.0,8.31,0.015,0.2,2.0,5.0,25.0,OUTLET,50.0,6.2,3.0,7.0,13.7,L
SC_27741,RG_SANTACRUZ,2177113501,1.0,91.7,100.0,7.77,0.015,0.2,2.0,5.0,25.0,OUTLET,50.0,6.2,3.0,7.0,55.0,L
SC_27742,RG_SANTACRUZ,2177113602,1.0,88.4,100.0,4.3,0.015,0.2,2.0,5.0,25.0,OUTLET,50.0,6.2,3.0,7.0,69.8,L
SC_27743,RG_SANTACRUZ,2177113702,1.0,90.9,100.0,4.52,0.015,0.2,2.0,5.0,25.0,OUTLET,50.0,6.2,3.0,7.0,100.2,L
SC_27744,RG_SANTACRUZ,2177113801,1.0,76.9,100.0,3.43,0.015,0.2,2.0,5.0,25.0,OUTLET,50.0,6.2,3.0,7.0,115.2,L
SC_27745,RG_SANTACRUZ,2177113803,1.0,79.3,100.0,3.0,0.015,0.2,2.0,5.0,25.0,OUTLET,50.0,6.2,3.0,7.0,136.4,L
SC_27746,RG_SANTACRUZ,2177113803,1.0,63.6,100.0,6.7,0.015,0.2,2.0,5.0,25.0,OUTLET,50.0,6.2,3.0,7.0,191.4,L
SC_27747,RG_SANTACRUZ,2177113803,1.0,95.0,100.0,1.92,0.015,0.2,2.0,5.0,25.0,OUTLET,50.0,6.2,3.0,7.0,273.3,L
SC_27748,RG_SANTACRUZ,2177113803,1.0,95.0,100.0,3.7,0.015,0.2,2.0,5.0,25.0,OUTLET,50.0,6.2,3.0,7.0,364.3,L
SC_27749,RG_SANTACRUZ,2177120602,1.0,80.2,100.0,5.84,0.015,0.2,2.0,5.0,25.0,OUTLET,50.0,6.2,3.0,7.0,323.9,L
SC_27750,RG_SANTACRUZ,2177120602,1.0,66.1,100.0,6.59,0.015,0.2,2.0,5.0,25.0,OUTLET,50.0,6.2,3.0,7.0,246.4,L
SC_27751,RG_SANTACRUZ,2177120602,1.0,95.0,100.0,5.27,0.015,0.2,2.0,5.0,25.0,OUTLET,50.0,6.2,3.0,7.0,191.2,L
SC_27752,RG_SANTACRUZ,2177120602,1.0,95.0,100.0,2.7,0.015,0.2,2.0,5.0,25.0,OUTLET,50.0,6.2,3.0,7.0,180.0,L
SC_27753,RG_SANTACRUZ,2177122802,1.0,95.0,100.0,3.32,0.015,0.2,2.0,5.0,25.0,OUTLET,50.0,6.2,3.0,7.0,132.1,L
SC_27754,RG_SANTACRUZ,2177122802,1.0,95.0,100.0,5.59,0.015,0.2,2.0,5.0,25.0,OUTLET,50.0,6.2,3.0,7.0,32.6,L
SC_27755,RG_SANTACRUZ,2177122803,1.0,72.7,100.0,7.8,0.015,0.2,2.0,5.0,25.0,OUTLET,50.0,6.2,3.0,7.0,67.0,L
SC_27756,RG_SANTACRUZ,2177123903,1.0,45.5,100.0,4.95,0.015,0.2,2.0,5.0,25.0,OUTLET,50.0,6.2,3.0,7.0,129.6,L
SC_27757,RG_SANTACRUZ,2177123903,1.0,86.0,100.0,7.04,0.015,0.2,2.0,5.0,25.0,OUTLET,50.0,6.2,3.0,7.0,204.0,L
SC_27758,RG_SANTACRUZ,2177134001,1.0,82.6,100.0,5.08,0.015,0.2,2.0,5.0,25.0,OUTLET,50.0,6.2,3.0,7.0,276.6,L
SC_27759,RG_SANTACRUZ,2177131601,1.0,86.8,100.0,7.28,0.015,0.2,2.0,5.0,25.0,OUTLET,50.0,6.2,3.0,7.0,334.3,L
SC_27760,RG_SANTACRUZ,2177131601,1.0,77.7,100.0,6.51,0.015,0.2,2.0,5.0,25.0,OUTLET,50.0,6.2,3.0,7.0,246.7,L
SC_27761,RG_SANTACRUZ,2177131601,1.0,95.0,100.0,7.53,0.015,0.2,2.0,5.0,25.0,OUTLET,50.0,6.2,3.0,7.0,173.2,L
SC_27981,RG_SANTACRUZ,2177084301,1.0,12.4,100.0,6.15,0.015,0.2,2.0,5.0,25.0,OUTLET,50.0,6.2,3.0,7.0,252.0,L
SC_27982,RG_SANTACRUZ,2177082801,1.0,23.1,100.0,6.76,0.015,0.2,2.0,5.0,25.0,OUTLET,50.0,6.2,3.0,7.0,209.6,L
SC_27983,RG_SANTACRUZ,2177082805,1.0,76.9,100.0,8.04,0.015,0.2,2.0,5.0,25.0,OUTLET,50.0,6.2,3.0,7.0,127.9,L
SC_27984,RG_SANTACRUZ,2177083801,1.0,62.0,100.0,3.86,0.015,0.2,2.0,5.0,25.0,OUTLET,50.0,6.2,3.0,7.0,50.5,L
SC_27985,RG_SANTACRUZ,2177083902,1.0,58.7,100.0,11.04,0.015,0.2,2.0,5.0,25.0,OUTLET,50.0,6.2,3.0,7.0,33.6,L
SC_27986,RG_SANTACRUZ,2177094002,1.0,89.3,100.0,7.54,0.015,0.2,2.0,5.0,25.0,OUTLET,50.0,6.2,3.0,7.0,98.3,L
SC_27987,RG_SANTACRUZ,2177094102,1.0,80.2,100.0,5.7,0.015,0.2,2.0,5.0,25.0,OUTLET,50.0,6.2,3.0,7.0,60.3,L
SC_27988,RG_SANTACRUZ,2177093203,1.0,62.8,100.0,7.75,0.015,0.2,2.0,5.0,25.0,OUTLET,50.0,6.2,3.0,7.0,22.8,L
SC_27989,RG_SANTACRUZ,2177093306,1.0,50.4,100.0,6.99,0.015,0.2,2.0,5.0,25.0,OUTLET,50.0,6.2,3.0,7.0,6.6,L
SC_27990,RG_SANTACRUZ,2177093403,1.0,32.2,100.0,9.67,0.015,0.2,2.0,5.0,25.0,OUTLET,50.0,6.2,3.0,7.0,37.9,L
SC_27991,RG_SANTACRUZ,2177092510,1.0,51.2,100.0,6.68,0.015,0.2,2.0,5.0,25.0,OUTLET,50.0,6.2,3.0,7.0,76.5,L
SC_27992,RG_SANTACRUZ,2177092507,1.0,24.0,100.0,5.51,0.015,0.2,2.0,5.0,25.0,OUTLET,50.0,6.2,3.0,7.0,121.0,L
SC_27993,RG_SANTACRUZ,2177092801,1.0,46.3,100.0,7.34,0.015,0.2,2.0,5.0,25.0,OUTLET,50.0,6.2,3.0,7.0,119.0,L
SC_27994,RG_SANTACRUZ,2177093802,1.0,72.7,100.0,8.02,0.015,0.2,2.0,5.0,25.0,OUTLET,50.0,6.2,3.0,7.0,40.4,L
SC_27995,RG_SANTACRUZ,2177093901,1.0,92.6,100.0,10.47,0.015,0.2,2.0,5.0,25.0,OUTLET,50.0,6.2,3.0,7.0,49.3,L
SC_27996,RG_SANTACRUZ,2177104001,1.0,95.0,100.0,7.41,0.015,0.2,2.0,5.0,25.0,OUTLET,50.0,6.2,3.0,7.0,73.7,L
SC_27997,RG_SANTACRUZ,2177103103,1.0,59.5,100.0,7.21,0.015,0.2,2.0,5.0,25.0,OUTLET,50.0,6.2,3.0,7.0,8.5,L
SC_27998,RG_SANTACRUZ,2177103202,1.0,86.8,100.0,9.62,0.015,0.2,2.0,5.0,25.0,OUTLET,50.0,6.2,3.0,7.0,41.6,L
SC_27999,RG_SANTACRUZ,2177103301,1.0,66.1,100.0,6.15,0.015,0.2,2.0,5.0,25.0,OUTLET,50.0,6.2,3.0,7.0,54.2,L
SC_28000,RG_SANTACRUZ,2177103301,1.0,92.6,100.0,3.33,0.015,0.2,2.0,5.0,25.0,OUTLET,50.0,6.2,3.0,7.0,46.7,L
SC_28001,RG_SANTACRUZ,2177103301,1.0,95.0,100.0,3.6,0.015,0.2,2.0,5.0,25.0,OUTLET,50.0,6.2,3.0,7.0,146.3,L
SC_28002,RG_SANTACRUZ,2177102704,1.0,94.5,100.0,4.44,0.015,0.2,2.0,5.0,25.0,OUTLET,50.0,6.2,3.0,7.0,141.7,L
SC_28003,RG_SANTACRUZ,2177102704,1.0,89.3,100.0,6.31,0.015,0.2,2.0,5.0,25.0,OUTLET,50.0,6.2,3.0,7.0,102.8,L
SC_28004,RG_SANTACRUZ,2177102704,1.0,95.0,100.0,5.21,0.015,0.2,2.0,5.0,25.0,OUTLET,50.0,6.2,3.0,7.0,145.2,L
SC_28005,RG_SANTACRUZ,2177102704,1.0,91.7,100.0,9.34,0.015,0.2,2.0,5.0,25.0,OUTLET,50.0,6.2,3.0,7.0,227.1,L
SC_28006,RG_SANTACRUZ,2177111101,1.0,89.3,100.0,17.31,0.015,0.2,2.0,5.0,25.0,OUTLET,50.0,6.2,3.0,7.0,281.3,L
SC_28007,RG_SANTACRUZ,2177111101,1.0,95.0,100.0,7.71,0.015,0.2,2.0,5.0,25.0,OUTLET,50.0,6.2,3.0,7.0,247.4,L
SC_28008,RG_SANTACRUZ,2177112301,1.0,95.0,100.0,2.65,0.015,0.2,2.0,5.0,25.0,OUTLET,50.0,6.2,3.0,7.0,203.1,L
SC_28009,RG_SANTACRUZ,2177112407,1.0,95.0,100.0,2.5,0.015,0.2,2.0,5.0,25.0,OUTLET,50.0,6.2,3.0,7.0,132.6,L
SC_28010,RG_SANTACRUZ,2177113401,1.0,95.0,100.0,7.98,0.015,0.2,2.0,5.0,25.0,OUTLET,50.0,6.2,3.0,7.0,56.0,L
SC_28011,RG_SANTACRUZ,2177113505,1.0,77.7,100.0,9.94,0.015,0.2,2.0,5.0,25.0,OUTLET,50.0,6.2,3.0,7.0,12.4,L
SC_28012,RG_SANTACRUZ,2177113605,1.0,69.4,100.0,5.92,0.015,0.2,2.0,5.0,25.0,OUTLET,50.0,6.2,3.0,7.0,17.9,L
SC_28013,RG_SANTACRUZ,2177113702,1.0,33.1,100.0,5.56,0.015,0.2,2.0,5.0,25.0,OUTLET,50.0,6.2,3.0,7.0,19.8,L
SC_28014,RG_SANTACRUZ,2177113801,1.0,68.6,100.0,5.48,0.015,0.2,2.0,5.0,25.0,OUTLET,50.0,6.2,3.0,7.0,16.3,L
SC_28015,RG_SANTACRUZ,2177113803,1.0,62.0,100.0,5.02,0.015,0.2,2.0,5.0,25.0,OUTLET,50.0,6.2,3.0,7.0,50.3,L
SC_28016,RG_SANTACRUZ,2177113803,1.0,63.6,100.0,5.66,0.015,0.2,2.0,5.0,25.0,OUTLET,50.0,6.2,3.0,7.0,143.4,L
SC_28017,RG_SANTACRUZ,2177113803,1.0,95.0,100.0,2.19,0.015,0.2,2.0,5.0,25.0,OUTLET,50.0,6.2,3.0,7.0,242.1,L
SC_28018,RG_SANTACRUZ,2177113803,1.0,95.0,100.0,4.06,0.015,0.2,2.0,5.0,25.0,OUTLET,50.0,6.2,3.0,7.0,341.5,L
SC_28019,RG_SANTACRUZ,2177120602,1.0,89.3,100.0,6.33,0.015,0.2,2.0,5.0,25.0,OUTLET,50.0,6.2,3.0,7.0,387.8,L
SC_28020,RG_SANTACRUZ,2177120602,1.0,77.7,100.0,3.11,0.015,0.2,2.0,5.0,25.0,OUTLET,50.0,6.2,3.0,7.0,326.0,L
SC_28021,RG_SANTACRUZ,2177120602,1.0,93.4,100.0,4.51,0.015,0.2,2.0,5.0,25.0,OUTLET,50.0,6.2,3.0,7.0,286.5,L
SC_28022,RG_SANTACRUZ,2177123801,1.0,95.0,100.0,4.13,0.015,0.2,2.0,5.0,25.0,OUTLET,50.0,6.2,3.0,7.0,246.0,L
SC_28023,RG_SANTACRUZ,2177123802,1.0,81.0,100.0,7.06,0.015,0.2,2.0,5.0,25.0,OUTLET,50.0,6.2,3.0,7.0,148.8,L
SC_28024,RG_SANTACRUZ,2177123803,1.0,66.1,100.0,5.34,0.015,0.2,2.0,5.0,25.0,OUTLET,50.0,6.2,3.0,7.0,50.1,L
SC_28025,RG_SANTACRUZ,2177123902,1.0,59.5,100.0,8.98,0.015,0.2,2.0,5.0,25.0,OUTLET,50.0,6.2,3.0,7.0,4.3,L
SC_28026,RG_SANTACRUZ,2177123904,1.0,67.3,100.0,10.09,0.015,0.2,2.0,5.0,25.0,OUTLET,50.0,6.2,3.0,7.0,69.6,L
SC_28027,RG_SANTACRUZ,2177134001,1.0,79.3,100.0,9.37,0.015,0.2,2.0,5.0,25.0,OUTLET,50.0,6.2,3.0,7.0,135.9,L
SC_28028,RG_SANTACRUZ,2177134003,1.0,72.7,100.0,6.21,0.015,0.2,2.0,5.0,25.0,OUTLET,50.0,6.2,3.0,7.0,209.9,L
SC_28029,RG_SANTACRUZ,2177135201,1.0,95.0,100.0,5.66,0.015,0.2,2.0,5.0,25.0,OUTLET,50.0,6.2,3.0,7.0,265.9,L
SC_28030,RG_SANTACRUZ,2177131601,1.0,74.4,100.0,6.99,0.015,0.2,2.0,5.0,25.0,OUTLET,50.0,6.2,3.0,7.0,313.9,L
SC_28031,RG_SANTACRUZ,2177131601,1.0,95.0,100.0,15.06,0.015,0.2,2.0,5.0,25.0,OUTLET,50.0,6.2,3.0,7.0,260.1,L
SC_28032,RG_SANTACRUZ,2177131701,1.0,68.6,100.0,33.26,0.015,0.2,2.0,5.0,25.0,OUTLET,50.0,6.2,3.0,7.0,194.4,L
SC_28253,RG_SANTACRUZ,2177082806,1.0,65.3,100.0,8.84,0.015,0.2,2.0,5.0,25.0,OUTLET,50.0,6.2,3.0,7.0,268.3,L
SC_28254,RG_SANTACRUZ,2177083802,1.0,74.4,100.0,4.7,0.015,0.2,2.0,5.0,25.0,OUTLET,50.0,6.2,3.0,7.0,188.6,L
SC_28255,RG_SANTACRUZ,2177083903,1.0,78.5,100.0,3.8,0.015,0.2,2.0,5.0,25.0,OUTLET,50.0,6.2,3.0,7.0,108.5,L
SC_28256,RG_SANTACRUZ,2177084902,1.0,71.9,100.0,8.57,0.015,0.2,2.0,5.0,25.0,OUTLET,50.0,6.2,3.0,7.0,29.8,L
SC_28257,RG_SANTACRUZ,2177094004,1.0,53.7,100.0,9.27,0.015,0.2,2.0,5.0,25.0,OUTLET,50.0,6.2,3.0,7.0,9.3,L
SC_28258,RG_SANTACRUZ,2177094108,1.0,58.7,100.0,8.85,0.015,0.2,2.0,5.0,25.0,OUTLET,50.0,6.2,3.0,7.0,15.9,L
SC_28259,RG_SANTACRUZ,2177094201,1.0,57.9,100.0,12.61,0.015,0.2,2.0,5.0,25.0,OUTLET,50.0,6.2,3.0,7.0,53.5,L
SC_28260,RG_SANTACRUZ,2177093307,1.0,14.9,100.0,4.9,0.015,0.2,2.0,5.0,25.0,OUTLET,50.0,6.2,3.0,7.0,91.6,L
SC_28261,RG_SANTACRUZ,2177093303,1.0,57.0,100.0,6.04,0.015,0.2,2.0,5.0,25.0,OUTLET,50.0,6.2,3.0,7.0,129.7,L
SC_28262,RG_SANTACRUZ,2177092403,1.0,32.2,100.0,4.45,0.015,0.2,2.0,5.0,25.0,OUTLET,50.0,6.2,3.0,7.0,168.2,L
SC_28263,RG_SANTACRUZ,2177092507,1.0,29.8,100.0,5.45,0.015,0.2,2.0,5.0,25.0,OUTLET,50.0,6.2,3.0,7.0,206.9,L
SC_28264,RG_SANTACRUZ,2177093803,1.0,29.8,100.0,7.48,0.015,0.2,2.0,5.0,25.0,OUTLET,50.0,6.2,3.0,7.0,171.7,L
SC_28265,RG_SANTACRUZ,2177093901,1.0,62.8,100.0,9.25,0.015,0.2,2.0,5.0,25.0,OUTLET,50.0,6.2,3.0,7.0,92.1,L
SC_28266,RG_SANTACRUZ,2177094902,1.0,74.4,100.0,10.11,0.015,0.2,2.0,5.0,25.0,OUTLET,50.0,6.2,3.0,7.0,18.3,L
SC_28267,RG_SANTACRUZ,2177104004,1.0,95.0,100.0,13.57,0.015,0.2,2.0,5.0,25.0,OUTLET,50.0,6.2,3.0,7.0,6.6,L
SC_28268,RG_SANTACRUZ,2177104103,1.0,95.0,100.0,7.42,0.015,0.2,2.0,5.0,25.0,OUTLET,50.0,6.2,3.0,7.0,25.7,L
SC_28269,RG_SANTACRUZ,2177104201,1.0,95.0,100.0,10.12,0.015,0.2,2.0,5.0,25.0,OUTLET,50.0,6.2,3.0,7.0,12.6,L
SC_28270,RG_SANTACRUZ,2177104301!,1.0,71.9,100.0,6.8,0.015,0.2,2.0,5.0,25.0,OUTLET,50.0,6.2,3.0,7.0,30.6,L
SC_28271,RG_SANTACRUZ,2177104301!,1.0,76.0,100.0,2.21,0.015,0.2,2.0,5.0,25.0,OUTLET,50.0,6.2,3.0,7.0,70.9,L
SC_28272,RG_SANTACRUZ,2177105501!,1.0,95.0,100.0,5.43,0.015,0.2,2.0,5.0,25.0,OUTLET,50.0,6.2,3.0,7.0,101.9,L
SC_28273,RG_SANTACRUZ,2177105501!,1.0,89.1,100.0,18.47,0.015,0.2,2.0,5.0,25.0,OUTLET,50.0,6.2,3.0,7.0,155.9,L
SC_28274,RG_SANTACRUZ,2177102704,1.0,91.7,100.0,9.3,0.015,0.2,2.0,5.0,25.0,OUTLET,50.0,6.2,3.0,7.0,202.8,L
SC_28275,RG_SANTACRUZ,2177102704,1.0,77.7,100.0,3.99,0.015,0.2,2.0,5.0,25.0,OUTLET,50.0,6.2,3.0,7.0,227.2,L
SC_28276,RG_SANTACRUZ,2177102704,1.0,95.0,100.0,22.97,0.015,0.2,2.0,5.0,25.0,OUTLET,50.0,6.2,3.0,7.0,286.6,L
SC_28277,RG_SANTACRUZ,2177116201,1.0,82.6,100.0,15.13,0.015,0.2,2.0,5.0,25.0,OUTLET,50.0,6.2,3.0,7.0,264.8,L
SC_28278,RG_SANTACRUZ,2177116201,1.0,86.0,100.0,20.51,0.015,0.2,2.0,5.0,25.0,OUTLET,50.0,6.2,3.0,7.0,199.0,L
SC_28279,RG_SANTACRUZ,2177116201,1.0,68.6,100.0,10.44,0.015,0.2,2.0,5.0,25.0,OUTLET,50.0,6.2,3.0,7.0,170.7,L
SC_28280,RG_SANTACRUZ,2177114501,1.0,82.6,100.0,7.28,0.015,0.2,2.0,5.0,25.0,OUTLET,50.0,6.2,3.0,7.0,173.2,L
SC_28281,RG_SANTACRUZ,2177114501,1.0,95.0,100.0,9.46,0.015,0.2,2.0,5.0,25.0,OUTLET,50.0,6.2,3.0,7.0,73.2,L
SC_28282,RG_SANTACRUZ,2177114502,1.0,72.7,100.0,5.46,0.015,0.2,2.0,5.0,25.0,OUTLET,50.0,6.2,3.0,7.0,8.6,L
SC_28283,RG_SANTACRUZ,2177114502,1.0,38.0,100.0,6.39,0.015,0.2,2.0,5.0,25.0,OUTLET,50.0,6.2,3.0,7.0,99.1,L
SC_28284,RG_SANTACRUZ,2177113703,1.0,5.8,100.0,4.9,0.015,0.2,2.0,5.0,25.0,OUTLET,50.0,6.2,3.0,7.0,94.7,L
SC_28285,RG_SANTACRUZ,2177113802,1.0,5.0,100.0,12.67,0.015,0.2,2.0,5.0,25.0,OUTLET,50.0,6.2,3.0,7.0,75.7,L
SC_28286,RG_SANTACRUZ,2177113804,1.0,21.5,100.0,6.47,0.015,0.2,2.0,5.0,25.0,OUTLET,50.0,6.2,3.0,7.0,77.7,L
SC_28287,RG_SANTACRUZ,2177113803,1.0,79.3,100.0,5.33,0.015,0.2,2.0,5.0,25.0,OUTLET,50.0,6.2,3.0,7.0,156.5,L
SC_28288,RG_SANTACRUZ,2177113803,1.0,81.8,100.0,2.65,0.015,0.2,2.0,5.0,25.0,OUTLET,50.0,6.2,3.0,7.0,250.0,L
SC_28289,RG_SANTACRUZ,2177113803,1.0,95.0,100.0,2.14,0.015,0.2,2.0,5.0,25.0,OUTLET,50.0,6.2,3.0,7.0,347.2,L
SC_28290,RG_SANTACRUZ,2177113803,1.0,95.0,100.0,3.25,0.015,0.2,2.0,5.0,25.0,OUTLET,50.0,6.2,3.0,7.0,445.6,L
SC_28291,RG_SANTACRUZ,2177120602,1.0,95.0,100.0,5.09,0.015,0.2,2.0,5.0,25.0,OUTLET,50.0,6.2,3.0,7.0,414.5,L
SC_28292,RG_SANTACRUZ,2177123803,1.0,95.0,100.0,2.95,0.015,0.2,2.0,5.0,25.0,OUTLET,50.0,6.2,3.0,7.0,365.6,L
SC_28293,RG_SANTACRUZ,2177123803,1.0,86.8,100.0,6.68,0.015,0.2,2.0,5.0,25.0,OUTLET,50.0,6.2,3.0,7.0,271.6,L
SC_28294,RG_SANTACRUZ,2177123803,1.0,65.3,100.0,10.48,0.015,0.2,2.0,5.0,25.0,OUTLET,50.0,6.2,3.0,7.0,184.1,L
SC_28295,RG_SANTACRUZ,2177123803,1.0,67.8,100.0,3.66,0.015,0.2,2.0,5.0,25.0,OUTLET,50.0,6.2,3.0,7.0,118.2,L
SC_28296,RG_SANTACRUZ,2177124903,1.0,48.8,100.0,7.82,0.015,0.2,2.0,5.0,25.0,OUTLET,50.0,6.2,3.0,7.0,19.1,L
SC_28297,RG_SANTACRUZ,2177134002,1.0,84.5,100.0,12.92,0.015,0.2,2.0,5.0,25.0,OUTLET,50.0,6.2,3.0,7.0,20.5,L
SC_28298,RG_SANTACRUZ,2177134003,1.0,52.9,100.0,16.52,0.015,0.2,2.0,5.0,25.0,OUTLET,50.0,6.2,3.0,7.0,70.3,L
SC_28299,RG_SANTACRUZ,2177135104,1.0,65.3,100.0,10.49,0.015,0.2,2.0,5.0,25.0,OUTLET,50.0,6.2,3.0,7.0,135.1,L
SC_28300,RG_SANTACRUZ,2177135201,1.0,75.2,100.0,8.32,0.015,0.2,2.0,5.0,25.0,OUTLET,50.0,6.2,3.0,7.0,184.4,L
SC_28301,RG_SANTACRUZ,2177135201,1.0,60.3,100.0,6.86,0.015,0.2,2.0,5.0,25.0,OUTLET,50.0,6.2,3.0,7.0,263.4,L
SC_28302,RG_SANTACRUZ,2177131701,1.0,93.4,100.0,18.79,0.015,0.2,2.0,5.0,25.0,OUTLET,50.0,6.2,3.0,7.0,335.2,L
SC_28303,RG_SANTACRUZ,2177131701,1.0,81.0,100.0,24.78,0.015,0.2,2.0,5.0,25.0,OUTLET,50.0,6.2,3.0,7.0,280.3,L
SC_28304,RG_SANTACRUZ,2177131701,1.0,88.4,100.0,8.6,0.015,0.2,2.0,5.0,25.0,OUTLET,50.0,6.2,3.0,7.0,254.5,L
SC_28305,RG_SANTACRUZ,2177131701,1.0,66.9,100.0,11.79,0.015,0.2,2.0,5.0,25.0,OUTLET,50.0,6.2,3.0,7.0,266.5,L
SC_28331,RG_SANTACRUZ,2177163301,1.0,15.7,100.0,4.98,0.015,0.2,2.0,5.0,25.0,OUTLET,50.0,6.2,3.0,7.0,155.0,L
SC_28526,RG_SANTACRUZ,2177083903,1.0,74.5,100.0,6.49,0.015,0.2,2.0,5.0,25.0,OUTLET,50.0,6.2,3.0,7.0,248.6,L
SC_28527,RG_SANTACRUZ,2177084902,1.0,91.8,100.0,5.17,0.015,0.2,2.0,5.0,25.0,OUTLET,50.0,6.2,3.0,7.0,169.6,L
SC_28528,RG_SANTACRUZ,2177095001,1.0,83.6,100.0,3.96,0.015,0.2,2.0,5.0,25.0,OUTLET,50.0,6.2,3.0,7.0,89.2,L
SC_28529,RG_SANTACRUZ,2177095004,1.0,54.5,100.0,6.4,0.015,0.2,2.0,5.0,25.0,OUTLET,50.0,6.2,3.0,7.0,2.2,L
SC_28530,RG_SANTACRUZ,2177095101,1.0,90.9,100.0,10.6,0.015,0.2,2.0,5.0,25.0,OUTLET,50.0,6.2,3.0,7.0,52.0,L
SC_28531,RG_SANTACRUZ,2177096103,1.0,47.3,100.0,6.32,0.015,0.2,2.0,5.0,25.0,OUTLET,50.0,6.2,3.0,7.0,114.8,L
SC_28532,RG_SANTACRUZ,2177097201,1.0,23.6,100.0,5.94,0.015,0.2,2.0,5.0,25.0,OUTLET,50.0,6.2,3.0,7.0,163.5,L
SC_28533,RG_SANTACRUZ,2177097302,1.0,80.0,100.0,5.67,0.015,0.2,2.0,5.0,25.0,OUTLET,50.0,6.2,3.0,7.0,210.2,L
SC_28534,RG_SANTACRUZ,2177097603,1.0,70.9,100.0,9.1,0.015,0.2,2.0,5.0,25.0,OUTLET,50.0,6.2,3.0,7.0,234.5,L
SC_28535,RG_SANTACRUZ,2177097703,1.0,51.8,100.0,8.29,0.015,0.2,2.0,5.0,25.0,OUTLET,50.0,6.2,3.0,7.0,187.8,L
SC_28536,RG_SANTACRUZ,2177097701,1.0,20.0,100.0,8.01,0.015,0.2,2.0,5.0,25.0,OUTLET,50.0,6.2,3.0,7.0,155.1,L
SC_28537,RG_SANTACRUZ,2177096905,1.0,61.8,100.0,6.48,0.015,0.2,2.0,5.0,25.0,OUTLET,50.0,6.2,3.0,7.0,124.2,L
SC_28538,RG_SANTACRUZ,2177096901,1.0,80.9,100.0,3.59,0.015,0.2,2.0,5.0,25.0,OUTLET,50.0,6.2,3.0,7.0,64.5,L
SC_28539,RG_SANTACRUZ,2177105015,1.0,85.5,100.0,5.28,0.015,0.2,2.0,5.0,25.0,OUTLET,50.0,6.2,3.0,7.0,6.7,L
SC_28540,RG_SANTACRUZ,2177105102!,1.0,54.5,100.0,4.85,0.015,0.2,2.0,5.0,25.0,OUTLET,50.0,6.2,3.0,7.0,16.1,L
SC_28541,RG_SANTACRUZ,2177105202,1.0,47.3,100.0,3.23,0.015,0.2,2.0,5.0,25.0,OUTLET,50.0,6.2,3.0,7.0,16.6,L
SC_28542,RG_SANTACRUZ,2177105315!,1.0,61.8,100.0,2.84,0.015,0.2,2.0,5.0,25.0,OUTLET,50.0,6.2,3.0,7.0,16.3,L
SC_28543,RG_SANTACRUZ,2177105404!,1.0,26.4,100.0,2.97,0.015,0.2,2.0,5.0,25.0,OUTLET,50.0,6.2,3.0,7.0,0.5,L
SC_28544,RG_SANTACRUZ,2177105501!,1.0,95.0,100.0,17.0,0.015,0.2,2.0,5.0,25.0,OUTLET,50.0,6.2,3.0,7.0,19.7,L
SC_28545,RG_SANTACRUZ,2177105501!,1.0,95.0,100.0,17.26,0.015,0.2,2.0,5.0,25.0,OUTLET,50.0,6.2,3.0,7.0,119.7,L
SC_28546,RG_SANTACRUZ,2177105501!,1.0,86.4,100.0,13.61,0.015,0.2,2.0,5.0,25.0,OUTLET,50.0,6.2,3.0,7.0,219.7,L
SC_28547,RG_SANTACRUZ,2177105501!,1.0,56.4,100.0,9.98,0.015,0.2,2.0,5.0,25.0,OUTLET,50.0,6.2,3.0,7.0,319.7,L
SC_28548,RG_SANTACRUZ,2177116202!,1.0,95.0,100.0,11.64,0.015,0.2,2.0,5.0,25.0,OUTLET,50.0,6.2,3.0,7.0,297.2,L
SC_28549,RG_SANTACRUZ,2177116202!,1.0,73.6,100.0,12.65,0.015,0.2,2.0,5.0,25.0,OUTLET,50.0,6.2,3.0,7.0,213.4,L
SC_28550,RG_SANTACRUZ,2177116201,1.0,95.0,100.0,22.41,0.015,0.2,2.0,5.0,25.0,OUTLET,50.0,6.2,3.0,7.0,124.4,L
SC_28551,RG_SANTACRUZ,2177116201,1.0,86.4,100.0,22.99,0.015,0.2,2.0,5.0,25.0,OUTLET,50.0,6.2,3.0,7.0,70.7,L
SC_28552,RG_SANTACRUZ,2177116201,1.0,54.5,100.0,6.6,0.015,0.2,2.0,5.0,25.0,OUTLET,50.0,6.2,3.0,7.0,120.5,L
SC_28553,RG_SANTACRUZ,2177114503,1.0,30.0,100.0,8.25,0.015,0.2,2.0,5.0,25.0,OUTLET,50.0,6.2,3.0,7.0,116.7,L
SC_28554,RG_SANTACRUZ,2177115502,1.0,63.6,100.0,3.94,0.015,0.2,2.0,5.0,25.0,OUTLET,50.0,6.2,3.0,7.0,47.9,L
SC_28555,RG_SANTACRUZ,2177115501,1.0,45.5,100.0,6.95,0.015,0.2,2.0,5.0,25.0,OUTLET,50.0,6.2,3.0,7.0,66.9,L
SC_28556,RG_SANTACRUZ,2177116701,1.0,55.5,100.0,10.17,0.015,0.2,2.0,5.0,25.0,OUTLET,50.0,6.2,3.0,7.0,121.0,L
SC_28557,RG_SANTACRUZ,2177113804,1.0,45.5,100.0,9.22,0.015,0.2,2.0,5.0,25.0,OUTLET,50.0,6.2,3.0,7.0,170.7,L
SC_28558,RG_SANTACRUZ,2177113804,1.0,65.5,100.0,4.56,0.015,0.2,2.0,5.0,25.0,OUTLET,50.0,6.2,3.0,7.0,168.7,L
SC_28559,RG_SANTACRUZ,2177113804,1.0,95.0,100.0,3.47,0.015,0.2,2.0,5.0,25.0,OUTLET,50.0,6.2,3.0,7.0,218.6,L
SC_28560,RG_SANTACRUZ,2177113803,1.0,95.0,100.0,1.86,0.015,0.2,2.0,5.0,25.0,OUTLET,50.0,6.2,3.0,7.0,294.0,L
SC_28561,RG_SANTACRUZ,2177113803,1.0,95.0,100.0,3.89,0.015,0.2,2.0,5.0,25.0,OUTLET,50.0,6.2,3.0,7.0,380.1,L
SC_28562,RG_SANTACRUZ,2177129101,1.0,95.0,100.0,4.14,0.015,0.2,2.0,5.0,25.0,OUTLET,50.0,6.2,3.0,7.0,468.2,L
SC_28563,RG_SANTACRUZ,2177123803,1.0,95.0,100.0,7.73,0.015,0.2,2.0,5.0,25.0,OUTLET,50.0,6.2,3.0,7.0,495.1,L
SC_28564,RG_SANTACRUZ,2177123803,1.0,87.3,100.0,5.32,0.015,0.2,2.0,5.0,25.0,OUTLET,50.0,6.2,3.0,7.0,406.4,L
SC_28565,RG_SANTACRUZ,2177123803,1.0,86.4,100.0,5.65,0.015,0.2,2.0,5.0,25.0,OUTLET,50.0,6.2,3.0,7.0,324.4,L
SC_28566,RG_SANTACRUZ,2177124904,1.0,63.6,100.0,7.43,0.015,0.2,2.0,5.0,25.0,OUTLET,50.0,6.2,3.0,7.0,238.2,L
SC_28567,RG_SANTACRUZ,2177124904,1.0,90.0,100.0,3.93,0.015,0.2,2.0,5.0,25.0,OUTLET,50.0,6.2,3.0,7.0,144.8,L
SC_28568,RG_SANTACRUZ,2177124904,1.0,44.5,100.0,8.43,0.015,0.2,2.0,5.0,25.0,OUTLET,50.0,6.2,3.0,7.0,72.2,L
SC_28569,RG_SANTACRUZ,2177135001,1.0,56.0,100.0,20.87,0.015,0.2,2.0,5.0,25.0,OUTLET,50.0,6.2,3.0,7.0,64.8,L
SC_28570,RG_SANTACRUZ,2177135102,1.0,90.0,100.0,25.11,0.015,0.2,2.0,5.0,25.0,OUTLET,50.0,6.2,3.0,7.0,15.2,L
SC_28571,RG_SANTACRUZ,2177135201,1.0,81.8,100.0,22.12,0.015,0.2,2.0,5.0,25.0,OUTLET,50.0,6.2,3.0,7.0,43.1,L
SC_28572,RG_SANTACRUZ,2177135201,1.0,53.6,100.0,25.22,0.015,0.2,2.0,5.0,25.0,OUTLET,50.0,6.2,3.0,7.0,131.4,L
SC_28573,RG_SANTACRUZ,2177136205,1.0,88.2,100.0,10.22,0.015,0.2,2.0,5.0,25.0,OUTLET,50.0,6.2,3.0,7.0,216.5,L
SC_28574,RG_SANTACRUZ,2177138401,1.0,70.0,100.0,15.4,0.015,0.2,2.0,5.0,25.0,OUTLET,50.0,6.2,3.0,7.0,263.7,L
SC_28575,RG_SANTACRUZ,2177138401,1.0,38.2,100.0,19.5,0.015,0.2,2.0,5.0,25.0,OUTLET,50.0,6.2,3.0,7.0,308.5,L
SC_28576,RG_SANTACRUZ,2177138904,1.0,42.7,100.0,4.3,0.015,0.2,2.0,5.0,25.0,OUTLET,50.0,6.2,3.0,7.0,346.0,L
SC_28577,RG_SANTACRUZ,2177147001,1.0,40.9,100.0,6.7,0.015,0.2,2.0,5.0,25.0,OUTLET,50.0,6.2,3.0,7.0,261.8,L
SC_28578,RG_SANTACRUZ,2177147001,1.0,46.4,100.0,7.32,0.015,0.2,2.0,5.0,25.0,OUTLET,50.0,6.2,3.0,7.0,187.7,L
SC_28584,RG_SANTACRUZ,2177143401,1.0,40.9,100.0,8.76,0.015,0.2,2.0,5.0,25.0,OUTLET,50.0,6.2,3.0,7.0,205.9,L
SC_28602,RG_SANTACRUZ,2177163301,1.0,50.0,100.0,5.63,0.015,0.2,2.0,5.0,25.0,OUTLET,50.0,6.2,3.0,7.0,183.4,L
SC_28603,RG_SANTACRUZ,2177163301,1.0,61.8,100.0,7.29,0.015,0.2,2.0,5.0,25.0,OUTLET,50.0,6.2,3.0,7.0,223.9,L
SC_28801,RG_SANTACRUZ,2177095004,1.0,87.6,100.0,4.84,0.015,0.2,2.0,5.0,25.0,OUTLET,50.0,6.2,3.0,7.0,225.2,L
SC_28802,RG_SANTACRUZ,2177095006,1.0,86.0,100.0,2.46,0.015,0.2,2.0,5.0,25.0,OUTLET,50.0,6.2,3.0,7.0,141.3,L
SC_28803,RG_SANTACRUZ,2177095101,1.0,95.0,100.0,6.24,0.015,0.2,2.0,5.0,25.0,OUTLET,50.0,6.2,3.0,7.0,89.4,L
SC_28804,RG_SANTACRUZ,2177096102,1.0,41.3,100.0,11.39,0.015,0.2,2.0,5.0,25.0,OUTLET,50.0,6.2,3.0,7.0,27.3,L
SC_28805,RG_SANTACRUZ,2177096201,1.0,5.0,100.0,8.25,0.015,0.2,2.0,5.0,25.0,OUTLET,50.0,6.2,3.0,7.0,29.7,L
SC_28806,RG_SANTACRUZ,2177097301,1.0,39.7,100.0,5.38,0.015,0.2,2.0,5.0,25.0,OUTLET,50.0,6.2,3.0,7.0,74.3,L
SC_28807,RG_SANTACRUZ,2177097304,1.0,27.3,100.0,4.8,0.015,0.2,2.0,5.0,25.0,OUTLET,50.0,6.2,3.0,7.0,121.7,L
SC_28808,RG_SANTACRUZ,2177097605,1.0,28.1,100.0,9.8,0.015,0.2,2.0,5.0,25.0,OUTLET,50.0,6.2,3.0,7.0,157.7,L
SC_28809,RG_SANTACRUZ,2177097601,1.0,62.0,100.0,8.94,0.015,0.2,2.0,5.0,25.0,OUTLET,50.0,6.2,3.0,7.0,100.0,L
SC_28810,RG_SANTACRUZ,2177097701,1.0,93.4,100.0,7.24,0.015,0.2,2.0,5.0,25.0,OUTLET,50.0,6.2,3.0,7.0,56.1,L
SC_28811,RG_SANTACRUZ,2177096804!,1.0,77.7,100.0,7.68,0.015,0.2,2.0,5.0,25.0,OUTLET,50.0,6.2,3.0,7.0,49.3,L
SC_28812,RG_SANTACRUZ,2177096904!,1.0,90.9,100.0,5.1,0.015,0.2,2.0,5.0,25.0,OUTLET,50.0,6.2,3.0,7.0,21.0,L
SC_28813,RG_SANTACRUZ,2177095902,1.0,66.9,100.0,3.52,0.015,0.2,2.0,5.0,25.0,OUTLET,50.0,6.2,3.0,7.0,76.1,L
SC_28814,RG_SANTACRUZ,2177105103,1.0,16.5,100.0,2.19,0.015,0.2,2.0,5.0,25.0,OUTLET,50.0,6.2,3.0,7.0,107.2,L
SC_28815,RG_SANTACRUZ,2177105202,1.0,5.0,100.0,2.67,0.015,0.2,2.0,5.0,25.0,OUTLET,50.0,6.2,3.0,7.0,116.4,L
SC_28816,RG_SANTACRUZ,2177106401,1.0,52.1,100.0,3.08,0.015,0.2,2.0,5.0,25.0,OUTLET,50.0,6.2,3.0,7.0,77.4,L
SC_28817,RG_SANTACRUZ,2177106403,1.0,86.0,100.0,2.68,0.015,0.2,2.0,5.0,25.0,OUTLET,50.0,6.2,3.0,7.0,9.8,L
SC_28818,RG_SANTACRUZ,2177107401,1.0,95.0,100.0,21.03,0.015,0.2,2.0,5.0,25.0,OUTLET,50.0,6.2,3.0,7.0,78.4,L
SC_28819,RG_SANTACRUZ,2177105501!,1.0,95.0,100.0,17.65,0.015,0.2,2.0,5.0,25.0,OUTLET,50.0,6.2,3.0,7.0,156.0,L
SC_28820,RG_SANTACRUZ,2177108501!,1.0,95.0,100.0,14.03,0.015,0.2,2.0,5.0,25.0,OUTLET,50.0,6.2,3.0,7.0,232.3,L
SC_28821,RG_SANTACRUZ,2177108503,1.0,84.3,100.0,10.29,0.015,0.2,2.0,5.0,25.0,OUTLET,50.0,6.2,3.0,7.0,309.4,L
SC_28822,RG_SANTACRUZ,2177117101,1.0,95.0,100.0,3.37,0.015,0.2,2.0,5.0,25.0,OUTLET,50.0,6.2,3.0,7.0,248.6,L
SC_28823,RG_SANTACRUZ,2177117101,1.0,95.0,100.0,6.97,0.015,0.2,2.0,5.0,25.0,OUTLET,50.0,6.2,3.0,7.0,161.9,L
SC_28824,RG_SANTACRUZ,2177116202!,1.0,95.0,100.0,27.01,0.015,0.2,2.0,5.0,25.0,OUTLET,50.0,6.2,3.0,7.0,73.7,L
SC_28825,RG_SANTACRUZ,2177116201,1.0,67.8,100.0,10.99,0.015,0.2,2.0,5.0,25.0,OUTLET,50.0,6.2,3.0,7.0,29.4,L
SC_28826,RG_SANTACRUZ,2177116201,1.0,38.0,100.0,5.1,0.015,0.2,2.0,5.0,25.0,OUTLET,50.0,6.2,3.0,7.0,101.9,L
SC_28827,RG_SANTACRUZ,2177115502,1.0,55.4,100.0,8.15,0.015,0.2,2.0,5.0,25.0,OUTLET,50.0,6.2,3.0,7.0,134.1,L
SC_28828,RG_SANTACRUZ,2177116503,1.0,67.8,100.0,5.09,0.015,0.2,2.0,5.0,25.0,OUTLET,50.0,6.2,3.0,7.0,35.7,L
SC_28829,RG_SANTACRUZ,2177116504,1.0,77.7,100.0,4.3,0.015,0.2,2.0,5.0,25.0,OUTLET,50.0,6.2,3.0,7.0,40.1,L
SC_28830,RG_SANTACRUZ,2177116701,1.0,78.5,100.0,8.84,0.015,0.2,2.0,5.0,25.0,OUTLET,50.0,6.2,3.0,7.0,31.3,L
SC_28831,RG_SANTACRUZ,2177117801,1.0,93.4,100.0,7.95,0.015,0.2,2.0,5.0,25.0,OUTLET,50.0,6.2,3.0,7.0,73.1,L
SC_28832,RG_SANTACRUZ,2177117801,1.0,80.2,100.0,4.72,0.015,0.2,2.0,5.0,25.0,OUTLET,50.0,6.2,3.0,7.0,140.5,L
SC_28833,RG_SANTACRUZ,2177117801,1.0,95.0,100.0,2.39,0.015,0.2,2.0,5.0,25.0,OUTLET,50.0,6.2,3.0,7.0,232.6,L
SC_28834,RG_SANTACRUZ,2177129101,1.0,95.0,100.0,3.85,0.015,0.2,2.0,5.0,25.0,OUTLET,50.0,6.2,3.0,7.0,308.0,L
SC_28835,RG_SANTACRUZ,2177129101,1.0,95.0,100.0,7.36,0.015,0.2,2.0,5.0,25.0,OUTLET,50.0,6.2,3.0,7.0,333.8,L
SC_28836,RG_SANTACRUZ,2177129101,1.0,95.0,100.0,7.92,0.015,0.2,2.0,5.0,25.0,OUTLET,50.0,6.2,3.0,7.0,384.7,L
SC_28837,RG_SANTACRUZ,2177129101,1.0,92.6,100.0,5.86,0.015,0.2,2.0,5.0,25.0,OUTLET,50.0,6.2,3.0,7.0,452.3,L
SC_28838,RG_SANTACRUZ,2177124904,1.0,92.6,100.0,2.84,0.015,0.2,2.0,5.0,25.0,OUTLET,50.0,6.2,3.0,7.0,459.9,L
SC_28839,RG_SANTACRUZ,2177124904,1.0,95.0,100.0,10.51,0.015,0.2,2.0,5.0,25.0,OUTLET,50.0,6.2,3.0,7.0,368.4,L
SC_28840,RG_SANTACRUZ,2177124904,1.0,95.0,100.0,7.99,0.015,0.2,2.0,5.0,25.0,OUTLET,50.0,6.2,3.0,7.0,282.8,L
SC_28841,RG_SANTACRUZ,2177124904,1.0,95.0,100.0,3.88,0.015,0.2,2.0,5.0,25.0,OUTLET,50.0,6.2,3.0,7.0,210.3,L
SC_28842,RG_SANTACRUZ,2177124904,1.0,83.5,100.0,4.65,0.015,0.2,2.0,5.0,25.0,OUTLET,50.0,6.2,3.0,7.0,168.7,L
SC_28843,RG_SANTACRUZ,2177135101,1.0,92.7,100.0,25.32,0.015,0.2,2.0,5.0,25.0,OUTLET,50.0,6.2,3.0,7.0,126.4,L
SC_28844,RG_SANTACRUZ,2177136202,1.0,95.0,100.0,18.22,0.015,0.2,2.0,5.0,25.0,OUTLET,50.0,6.2,3.0,7.0,71.8,L
SC_28845,RG_SANTACRUZ,2177136205,1.0,81.8,100.0,23.8,0.015,0.2,2.0,5.0,25.0,OUTLET,50.0,6.2,3.0,7.0,7.1,L
SC_28846,RG_SANTACRUZ,2177136207,1.0,40.5,100.0,17.08,0.015,0.2,2.0,5.0,25.0,OUTLET,50.0,6.2,3.0,7.0,89.2,L
SC_28847,RG_SANTACRUZ,2177138401,1.0,25.6,100.0,14.49,0.015,0.2,2.0,5.0,25.0,OUTLET,50.0,6.2,3.0,7.0,153.3,L
SC_28848,RG_SANTACRUZ,2177138401,1.0,84.3,100.0,29.17,0.015,0.2,2.0,5.0,25.0,OUTLET,50.0,6.2,3.0,7.0,170.8,L
SC_28849,RG_SANTACRUZ,2177138501,1.0,92.6,100.0,28.89,0.015,0.2,2.0,5.0,25.0,OUTLET,50.0,6.2,3.0,7.0,218.2,L
SC_28850,RG_SANTACRUZ,2177139602,1.0,90.1,100.0,10.0,0.015,0.2,2.0,5.0,25.0,OUTLET,50.0,6.2,3.0,7.0,255.6,L
SC_28851,RG_SANTACRUZ,2177138903,1.0,5.8,100.0,6.34,0.015,0.2,2.0,5.0,25.0,OUTLET,50.0,6.2,3.0,7.0,207.1,L
SC_28852,RG_SANTACRUZ,2177147001,1.0,11.6,100.0,3.63,0.015,0.2,2.0,5.0,25.0,OUTLET,50.0,6.2,3.0,7.0,125.6,L
SC_28853,RG_SANTACRUZ,2177147001,1.0,14.0,100.0,5.51,0.015,0.2,2.0,5.0,25.0,OUTLET,50.0,6.2,3.0,7.0,50.0,L
SC_28857,RG_SANTACRUZ,2177145201,1.0,72.7,100.0,16.61,0.015,0.2,2.0,5.0,25.0,OUTLET,50.0,6.2,3.0,7.0,238.0,L
SC_28858,RG_SANTACRUZ,2177143401,1.0,88.4,100.0,7.61,0.015,0.2,2.0,5.0,25.0,OUTLET,50.0,6.2,3.0,7.0,303.2,L
SC_28859,RG_SANTACRUZ,2177143401,1.0,40.5,100.0,12.74,0.015,0.2,2.0,5.0,25.0,OUTLET,50.0,6.2,3.0,7.0,336.8,L
SC_28863,RG_SANTACRUZ,2177155201,1.0,45.5,100.0,22.24,0.015,0.2,2.0,5.0,25.0,OUTLET,50.0,6.2,3.0,7.0,240.4,L
SC_28864,RG_SANTACRUZ,2177155201,1.0,55.4,100.0,18.64,0.015,0.2,2.0,5.0,25.0,OUTLET,50.0,6.2,3.0,7.0,159.1,L
SC_28865,RG_SANTACRUZ,2177155201,1.0,75.2,100.0,31.33,0.015,0.2,2.0,5.0,25.0,OUTLET,50.0,6.2,3.0,7.0,113.5,L
SC_28866,RG_SANTACRUZ,2177155401,1.0,50.4,100.0,10.6,0.015,0.2,2.0,5.0,25.0,OUTLET,50.0,6.2,3.0,7.0,122.8,L
SC_28867,RG_SANTACRUZ,2177155401,1.0,57.0,100.0,11.05,0.015,0.2,2.0,5.0,25.0,OUTLET,50.0,6.2,3.0,7.0,96.3,L
SC_28875,RG_SANTACRUZ,2177164101,1.0,5.0,100.0,5.43,0.015,0.2,2.0,5.0,25.0,OUTLET,50.0,6.2,3.0,7.0,254.3,L
SC_28876,RG_SANTACRUZ,2177163301,1.0,68.6,100.0,6.6,0.015,0.2,2.0,5.0,25.0,OUTLET,50.0,6.2,3.0,7.0,282.4,L
SC_28877,RG_SANTACRUZ,2177163301,1.0,35.5,100.0,4.67,0.015,0.2,2.0,5.0,25.0,OUTLET,50.0,6.2,3.0,7.0,310.2,L
SC_29079,RG_SANTACRUZ,2177096102,1.0,85.1,100.0,3.12,0.015,0.2,2.0,5.0,25.0,OUTLET,50.0,6.2,3.0,7.0,166.7,L
SC_29080,RG_SANTACRUZ,2177096104,1.0,95.0,100.0,10.83,0.015,0.2,2.0,5.0,25.0,OUTLET,50.0,6.2,3.0,7.0,106.0,L
SC_29081,RG_SANTACRUZ,2177097201,1.0,57.9,100.0,13.53,0.015,0.2,2.0,5.0,25.0,OUTLET,50.0,6.2,3.0,7.0,61.7,L
SC_29082,RG_SANTACRUZ,2177097303,1.0,35.5,100.0,9.54,0.015,0.2,2.0,5.0,25.0,OUTLET,50.0,6.2,3.0,7.0,18.3,L
SC_29083,RG_SANTACRUZ,2177097402,1.0,20.7,100.0,8.15,0.015,0.2,2.0,5.0,25.0,OUTLET,50.0,6.2,3.0,7.0,36.7,L
SC_29084,RG_SANTACRUZ,2177098502,1.0,46.3,100.0,6.84,0.015,0.2,2.0,5.0,25.0,OUTLET,50.0,6.2,3.0,7.0,69.1,L
SC_29085,RG_SANTACRUZ,2177097605,1.0,46.3,100.0,7.31,0.015,0.2,2.0,5.0,25.0,OUTLET,50.0,6.2,3.0,7.0,19.1,L
SC_29086,RG_SANTACRUZ,2177097703,1.0,80.2,100.0,13.49,0.015,0.2,2.0,5.0,25.0,OUTLET,50.0,6.2,3.0,7.0,36.8,L
SC_29087,RG_SANTACRUZ,2177097802,1.0,68.6,100.0,6.05,0.015,0.2,2.0,5.0,25.0,OUTLET,50.0,6.2,3.0,7.0,15.2,L
SC_29088,RG_SANTACRUZ,2177097901!,1.0,78.5,100.0,5.25,0.015,0.2,2.0,5.0,25.0,OUTLET,50.0,6.2,3.0,7.0,31.4,L
SC_29089,RG_SANTACRUZ,2177098901,1.0,62.8,100.0,3.84,0.015,0.2,2.0,5.0,25.0,OUTLET,50.0,6.2,3.0,7.0,114.7,L
SC_29090,RG_SANTACRUZ,2177098901,1.0,45.5,100.0,3.04,0.015,0.2,2.0,5.0,25.0,OUTLET,50.0,6.2,3.0,7.0,202.9,L
SC_29091,RG_SANTACRUZ,2177105203!,1.0,31.4,100.0,3.5,0.015,0.2,2.0,5.0,25.0,OUTLET,50.0,6.2,3.0,7.0,216.0,L
SC_29092,RG_SANTACRUZ,2177106403,1.0,17.4,100.0,2.51,0.015,0.2,2.0,5.0,25.0,OUTLET,50.0,6.2,3.0,7.0,141.1,L
SC_29093,RG_SANTACRUZ,2177107401,1.0,91.7,100.0,3.36,0.015,0.2,2.0,5.0,25.0,OUTLET,50.0,6.2,3.0,7.0,63.1,L
SC_29094,RG_SANTACRUZ,2177107502!,1.0,93.4,100.0,34.98,0.015,0.2,2.0,5.0,25.0,OUTLET,50.0,6.2,3.0,7.0,18.9,L
SC_29095,RG_SANTACRUZ,2177108502!,1.0,95.0,100.0,21.5,0.015,0.2,2.0,5.0,25.0,OUTLET,50.0,6.2,3.0,7.0,92.2,L
SC_29096,RG_SANTACRUZ,2177108601,1.0,95.0,100.0,15.8,0.015,0.2,2.0,5.0,25.0,OUTLET,50.0,6.2,3.0,7.0,169.5,L
SC_29097,RG_SANTACRUZ,2177109801!,1.0,90.1,100.0,18.27,0.015,0.2,2.0,5.0,25.0,OUTLET,50.0,6.2,3.0,7.0,213.3,L
SC_29098,RG_SANTACRUZ,2177109902!,1.0,64.5,100.0,7.24,0.015,0.2,2.0,5.0,25.0,OUTLET,50.0,6.2,3.0,7.0,196.1,L
SC_29099,RG_SANTACRUZ,2177118101!,1.0,95.0,100.0,8.64,0.015,0.2,2.0,5.0,25.0,OUTLET,50.0,6.2,3.0,7.0,109.7,L
SC_29100,RG_SANTACRUZ,2177117101,1.0,95.0,100.0,14.64,0.015,0.2,2.0,5.0,25.0,OUTLET,50.0,6.2,3.0,7.0,27.9,L
SC_29101,RG_SANTACRUZ,2177117101,1.0,63.6,100.0,9.27,0.015,0.2,2.0,5.0,25.0,OUTLET,50.0,6.2,3.0,7.0,72.1,L
SC_29102,RG_SANTACRUZ,2177116202!,1.0,52.9,100.0,5.75,0.015,0.2,2.0,5.0,25.0,OUTLET,50.0,6.2,3.0,7.0,150.1,L
SC_29103,RG_SANTACRUZ,2177116503,1.0,79.3,100.0,7.75,0.015,0.2,2.0,5.0,25.0,OUTLET,50.0,6.2,3.0,7.0,172.9,L
SC_29104,RG_SANTACRUZ,2177116503,1.0,81.8,100.0,8.74,0.015,0.2,2.0,5.0,25.0,OUTLET,50.0,6.2,3.0,7.0,113.9,L
SC_29105,RG_SANTACRUZ,2177116702,1.0,91.7,100.0,4.43,0.015,0.2,2.0,5.0,25.0,OUTLET,50.0,6.2,3.0,7.0,106.5,L
SC_29106,RG_SANTACRUZ,2177117803,1.0,84.3,100.0,4.4,0.015,0.2,2.0,5.0,25.0,OUTLET,50.0,6.2,3.0,7.0,75.8,L
SC_29107,RG_SANTACRUZ,2177117804,1.0,95.0,100.0,4.54,0.015,0.2,2.0,5.0,25.0,OUTLET,50.0,6.2,3.0,7.0,30.1,L
SC_29108,RG_SANTACRUZ,2177117804,1.0,95.0,100.0,3.61,0.015,0.2,2.0,5.0,25.0,OUTLET,50.0,6.2,3.0,7.0,106.0,L
SC_29109,RG_SANTACRUZ,2177117804,1.0,95.0,100.0,6.55,0.015,0.2,2.0,5.0,25.0,OUTLET,50.0,6.2,3.0,7.0,203.9,L
SC_29110,RG_SANTACRUZ,2177129101,1.0,82.6,100.0,14.37,0.015,0.2,2.0,5.0,25.0,OUTLET,50.0,6.2,3.0,7.0,208.8,L
SC_29111,RG_SANTACRUZ,2177129101,1.0,95.0,100.0,15.33,0.015,0.2,2.0,5.0,25.0,OUTLET,50.0,6.2,3.0,7.0,245.3,L
SC_29112,RG_SANTACRUZ,2177129101,1.0,95.0,100.0,10.18,0.015,0.2,2.0,5.0,25.0,OUTLET,50.0,6.2,3.0,7.0,311.0,L
SC_29113,RG_SANTACRUZ,2177129101,1.0,87.6,100.0,13.92,0.015,0.2,2.0,5.0,25.0,OUTLET,50.0,6.2,3.0,7.0,391.6,L
SC_29114,RG_SANTACRUZ,2177129101,1.0,82.6,100.0,6.7,0.015,0.2,2.0,5.0,25.0,OUTLET,50.0,6.2,3.0,7.0,479.5,L
SC_29115,RG_SANTACRUZ,2177124904,1.0,83.5,100.0,13.34,0.015,0.2,2.0,5.0,25.0,OUTLET,50.0,6.2,3.0,7.0,423.1,L
SC_29116,RG_SANTACRUZ,2177124904,1.0,95.0,100.0,18.18,0.015,0.2,2.0,5.0,25.0,OUTLET,50.0,6.2,3.0,7.0,351.0,L
SC_29117,RG_SANTACRUZ,2177124904,1.0,88.4,100.0,10.14,0.015,0.2,2.0,5.0,25.0,OUTLET,50.0,6.2,3.0,7.0,295.8,L
SC_29118,RG_SANTACRUZ,2177135101,1.0,95.0,100.0,1.78,0.015,0.2,2.0,5.0,25.0,OUTLET,50.0,6.2,3.0,7.0,265.9,L
SC_29119,RG_SANTACRUZ,2177137204,1.0,95.0,100.0,2.94,0.015,0.2,2.0,5.0,25.0,OUTLET,50.0,6.2,3.0,7.0,196.4,L
SC_29120,RG_SANTACRUZ,2177137205,1.0,95.0,100.0,2.82,0.015,0.2,2.0,5.0,25.0,OUTLET,50.0,6.2,3.0,7.0,96.4,L
SC_29121,RG_SANTACRUZ,2177137205,1.0,94.2,100.0,3.94,0.015,0.2,2.0,5.0,25.0,OUTLET,50.0,6.2,3.0,7.0,3.9,L
SC_29122,RG_SANTACRUZ,2177137301,1.0,95.0,100.0,3.16,0.015,0.2,2.0,5.0,25.0,OUTLET,50.0,6.2,3.0,7.0,47.9,L
SC_29123,RG_SANTACRUZ,2177138401,1.0,86.8,100.0,5.5,0.015,0.2,2.0,5.0,25.0,OUTLET,50.0,6.2,3.0,7.0,56.1,L
SC_29124,RG_SANTACRUZ,2177138401,1.0,83.5,100.0,28.83,0.015,0.2,2.0,5.0,25.0,OUTLET,50.0,6.2,3.0,7.0,93.8,L
SC_29125,RG_SANTACRUZ,2177138502,1.0,87.6,100.0,22.06,0.015,0.2,2.0,5.0,25.0,OUTLET,50.0,6.2,3.0,7.0,126.1,L
SC_29126,RG_SANTACRUZ,2177139602,1.0,95.0,100.0,13.76,0.015,0.2,2.0,5.0,25.0,OUTLET,50.0,6.2,3.0,7.0,158.2,L
SC_29127,RG_SANTACRUZ,2177138904,1.0,89.3,100.0,14.27,0.015,0.2,2.0,5.0,25.0,OUTLET,50.0,6.2,3.0,7.0,127.2,L
SC_29128,RG_SANTACRUZ,2177138901,1.0,52.9,100.0,10.15,0.015,0.2,2.0,5.0,25.0,OUTLET,50.0,6.2,3.0,7.0,69.2,L
SC_29129,RG_SANTACRUZ,2177147003,1.0,47.9,100.0,7.13,0.015,0.2,2.0,5.0,25.0,OUTLET,50.0,6.2,3.0,7.0,12.4,L
SC_29130,RG_SANTACRUZ,2177147003,1.0,25.6,100.0,11.88,0.015,0.2,2.0,5.0,25.0,OUTLET,50.0,6.2,3.0,7.0,87.8,L
SC_29131,RG_SANTACRUZ,2177145101,1.0,24.8,100.0,11.21,0.015,0.2,2.0,5.0,25.0,OUTLET,50.0,6.2,3.0,7.0,172.2,L
SC_29132,RG_SANTACRUZ,2177145101,1.0,38.0,100.0,6.46,0.015,0.2,2.0,5.0,25.0,OUTLET,50.0,6.2,3.0,7.0,219.8,L
SC_29133,RG_SANTACRUZ,2177145201,1.0,58.7,100.0,19.67,0.015,0.2,2.0,5.0,25.0,OUTLET,50.0,6.2,3.0,7.0,288.2,L
SC_29134,RG_SANTACRUZ,2177145201,1.0,90.9,100.0,11.85,0.015,0.2,2.0,5.0,25.0,OUTLET,50.0,6.2,3.0,7.0,371.1,L
SC_29135,RG_SANTACRUZ,2177143401,1.0,57.9,100.0,12.05,0.015,0.2,2.0,5.0,25.0,OUTLET,50.0,6.2,3.0,7.0,427.7,L
SC_29136,RG_SANTACRUZ,2177143801,1.0,27.3,100.0,22.65,0.015,0.2,2.0,5.0,25.0,OUTLET,50.0,6.2,3.0,7.0,441.0,L
SC_29137,RG_SANTACRUZ,2177143801,1.0,42.1,100.0,22.71,0.015,0.2,2.0,5.0,25.0,OUTLET,50.0,6.2,3.0,7.0,416.4,L
SC_29138,RG_SANTACRUZ,2177155201,1.0,66.1,100.0,36.46,0.015,0.2,2.0,5.0,25.0,OUTLET,50.0,6.2,3.0,7.0,377.9,L
SC_29139,RG_SANTACRUZ,2177155201,1.0,88.4,100.0,21.51,0.015,0.2,2.0,5.0,25.0,OUTLET,50.0,6.2,3.0,7.0,300.6,L
SC_29140,RG_SANTACRUZ,2177155201,1.0,90.9,100.0,12.33,0.015,0.2,2.0,5.0,25.0,OUTLET,50.0,6.2,3.0,7.0,240.6,L
SC_29141,RG_SANTACRUZ,2177155201,1.0,59.5,100.0,38.6,0.015,0.2,2.0,5.0,25.0,OUTLET,50.0,6.2,3.0,7.0,213.1,L
SC_29142,RG_SANTACRUZ,2177155401,1.0,86.0,100.0,25.34,0.015,0.2,2.0,5.0,25.0,OUTLET,50.0,6.2,3.0,7.0,209.4,L
SC_29143,RG_SANTACRUZ,2177155401,1.0,89.3,100.0,1.86,0.015,0.2,2.0,5.0,25.0,OUTLET,50.0,6.2,3.0,7.0,195.1,L
SC_29144,RG_SANTACRUZ,2177155601,1.0,60.0,100.0,5.14,0.015,0.2,2.0,5.0,25.0,OUTLET,50.0,6.2,3.0,7.0,172.1,L
SC_29148,RG_SANTACRUZ,2177156901,1.0,38.0,100.0,24.06,0.015,0.2,2.0,5.0,25.0,OUTLET,50.0,6.2,3.0,7.0,93.1,L
SC_29149,RG_SANTACRUZ,2177156901,1.0,60.3,100.0,3.61,0.015,0.2,2.0,5.0,25.0,OUTLET,50.0,6.2,3.0,7.0,141.4,L
SC_29150,RG_SANTACRUZ,2177156901,1.0,63.6,100.0,1.85,0.015,0.2,2.0,5.0,25.0,OUTLET,50.0,6.2,3.0,7.0,226.6,L
SC_29151,RG_SANTACRUZ,2177156901,1.0,66.1,100.0,3.29,0.015,0.2,2.0,5.0,25.0,OUTLET,50.0,6.2,3.0,7.0,320.4,L
SC_29152,RG_SANTACRUZ,2177163301,1.0,32.2,100.0,8.94,0.015,0.2,2.0,5.0,25.0,OUTLET,50.0,6.2,3.0,7.0,381.9,L
SC_29357,RG_SANTACRUZ,2177096201,1.0,78.5,100.0,12.62,0.015,0.2,2.0,5.0,25.0,OUTLET,50.0,6.2,3.0,7.0,194.1,L
SC_29358,RG_SANTACRUZ,2177097301,1.0,76.9,100.0,16.64,0.015,0.2,2.0,5.0,25.0,OUTLET,50.0,6.2,3.0,7.0,149.4,L
SC_29359,RG_SANTACRUZ,2177097304,1.0,81.8,100.0,9.2,0.015,0.2,2.0,5.0,25.0,OUTLET,50.0,6.2,3.0,7.0,102.0,L
SC_29360,RG_SANTACRUZ,2177098406,1.0,57.0,100.0,13.79,0.015,0.2,2.0,5.0,25.0,OUTLET,50.0,6.2,3.0,7.0,25.2,L
SC_29361,RG_SANTACRUZ,2177098503,1.0,42.1,100.0,17.84,0.015,0.2,2.0,5.0,25.0,OUTLET,50.0,6.2,3.0,7.0,29.5,L
SC_29362,RG_SANTACRUZ,2177098602,1.0,95.0,100.0,7.23,0.015,0.2,2.0,5.0,25.0,OUTLET,50.0,6.2,3.0,7.0,20.2,L
SC_29363,RG_SANTACRUZ,2177098603,1.0,86.0,100.0,4.0,0.015,0.2,2.0,5.0,25.0,OUTLET,50.0,6.2,3.0,7.0,93.6,L
SC_29364,RG_SANTACRUZ,2177098802,1.0,53.7,100.0,2.64,0.015,0.2,2.0,5.0,25.0,OUTLET,50.0,6.2,3.0,7.0,38.4,L
SC_29365,RG_SANTACRUZ,2177098901,1.0,18.2,100.0,4.99,0.015,0.2,2.0,5.0,25.0,OUTLET,50.0,6.2,3.0,7.0,30.7,L
SC_29366,RG_SANTACRUZ,2177098901,1.0,5.0,100.0,4.45,0.015,0.2,2.0,5.0,25.0,OUTLET,50.0,6.2,3.0,7.0,94.6,L
SC_29367,RG_SANTACRUZ,2178100001,1.0,24.0,100.0,1.83,0.015,0.2,2.0,5.0,25.0,OUTLET,50.0,6.2,3.0,7.0,169.8,L
SC_29368,RG_SANTACRUZ,2178100001,1.0,24.8,100.0,4.03,0.015,0.2,2.0,5.0,25.0,OUTLET,50.0,6.2,3.0,7.0,230.7,L
SC_29369,RG_SANTACRUZ,2177107501!,1.0,42.1,100.0,4.18,0.015,0.2,2.0,5.0,25.0,OUTLET,50.0,6.2,3.0,7.0,202.9,L
SC_29370,RG_SANTACRUZ,2177107503,1.0,90.1,100.0,5.02,0.015,0.2,2.0,5.0,25.0,OUTLET,50.0,6.2,3.0,7.0,126.1,L
SC_29371,RG_SANTACRUZ,2177108502!,1.0,95.0,100.0,12.84,0.015,0.2,2.0,5.0,25.0,OUTLET,50.0,6.2,3.0,7.0,49.9,L
SC_29372,RG_SANTACRUZ,2177108601,1.0,95.0,100.0,38.03,0.015,0.2,2.0,5.0,25.0,OUTLET,50.0,6.2,3.0,7.0,28.4,L
SC_29373,RG_SANTACRUZ,2177109601,1.0,95.0,100.0,30.32,0.015,0.2,2.0,5.0,25.0,OUTLET,50.0,6.2,3.0,7.0,106.8,L
SC_29374,RG_SANTACRUZ,2177109802,1.0,95.0,100.0,24.85,0.015,0.2,2.0,5.0,25.0,OUTLET,50.0,6.2,3.0,7.0,118.1,L
SC_29375,RG_SANTACRUZ,2177109902!,1.0,91.7,100.0,7.17,0.015,0.2,2.0,5.0,25.0,OUTLET,50.0,6.2,3.0,7.0,96.1,L
SC_29376,RG_SANTACRUZ,2177118001,1.0,78.5,100.0,10.56,0.015,0.2,2.0,5.0,25.0,OUTLET,50.0,6.2,3.0,7.0,59.7,L
SC_29377,RG_SANTACRUZ,2177118101!,1.0,60.3,100.0,17.63,0.015,0.2,2.0,5.0,25.0,OUTLET,50.0,6.2,3.0,7.0,44.1,L
SC_29378,RG_SANTACRUZ,2177118101!,1.0,66.1,100.0,9.54,0.015,0.2,2.0,5.0,25.0,OUTLET,50.0,6.2,3.0,7.0,114.5,L
SC_29379,RG_SANTACRUZ,2178110301,1.0,90.1,100.0,8.82,0.015,0.2,2.0,5.0,25.0,OUTLET,50.0,6.2,3.0,7.0,152.1,L
SC_29380,RG_SANTACRUZ,2178110303,1.0,95.0,100.0,9.3,0.015,0.2,2.0,5.0,25.0,OUTLET,50.0,6.2,3.0,7.0,171.9,L
SC_29381,RG_SANTACRUZ,2178110403,1.0,95.0,100.0,11.27,0.015,0.2,2.0,5.0,25.0,OUTLET,50.0,6.2,3.0,7.0,198.0,L
SC_29382,RG_SANTACRUZ,2177117803,1.0,95.0,100.0,8.21,0.015,0.2,2.0,5.0,25.0,OUTLET,50.0,6.2,3.0,7.0,185.5,L
SC_29383,RG_SANTACRUZ,2177118801,1.0,95.0,100.0,3.33,0.015,0.2,2.0,5.0,25.0,OUTLET,50.0,6.2,3.0,7.0,99.6,L
SC_29384,RG_SANTACRUZ,2177118801,1.0,95.0,100.0,10.11,0.015,0.2,2.0,5.0,25.0,OUTLET,50.0,6.2,3.0,7.0,0.6,L
SC_29385,RG_SANTACRUZ,2177118801,1.0,93.4,100.0,7.27,0.015,0.2,2.0,5.0,25.0,OUTLET,50.0,6.2,3.0,7.0,100.4,L
SC_29386,RG_SANTACRUZ,2177129101,1.0,95.0,100.0,7.19,0.015,0.2,2.0,5.0,25.0,OUTLET,50.0,6.2,3.0,7.0,125.7,L
SC_29387,RG_SANTACRUZ,2177129101,1.0,95.0,100.0,7.69,0.015,0.2,2.0,5.0,25.0,OUTLET,50.0,6.2,3.0,7.0,111.2,L
SC_29388,RG_SANTACRUZ,2177129101,1.0,95.0,100.0,12.31,0.015,0.2,2.0,5.0,25.0,OUTLET,50.0,6.2,3.0,7.0,170.1,L
SC_29389,RG_SANTACRUZ,2177129101,1.0,95.0,100.0,13.78,0.015,0.2,2.0,5.0,25.0,OUTLET,50.0,6.2,3.0,7.0,255.9,L
SC_29390,RG_SANTACRUZ,2177129101,1.0,95.0,100.0,4.78,0.015,0.2,2.0,5.0,25.0,OUTLET,50.0,6.2,3.0,7.0,349.4,L
SC_29391,RG_SANTACRUZ,2177129101,1.0,95.0,100.0,5.21,0.015,0.2,2.0,5.0,25.0,OUTLET,50.0,6.2,3.0,7.0,445.7,L
SC_29392,RG_SANTACRUZ,2177124904,1.0,91.7,100.0,11.08,0.015,0.2,2.0,5.0,25.0,OUTLET,50.0,6.2,3.0,7.0,492.2,L
SC_29393,RG_SANTACRUZ,2177124904,1.0,95.0,100.0,15.24,0.015,0.2,2.0,5.0,25.0,OUTLET,50.0,6.2,3.0,7.0,431.8,L
SC_29394,RG_SANTACRUZ,2177124904,1.0,95.0,100.0,7.57,0.015,0.2,2.0,5.0,25.0,OUTLET,50.0,6.2,3.0,7.0,388.2,L
SC_29395,RG_SANTACRUZ,2177137207,1.0,95.0,100.0,6.4,0.015,0.2,2.0,5.0,25.0,OUTLET,50.0,6.2,3.0,7.0,308.1,L
SC_29396,RG_SANTACRUZ,2177137207,1.0,95.0,100.0,6.84,0.015,0.2,2.0,5.0,25.0,OUTLET,50.0,6.2,3.0,7.0,211.4,L
SC_29397,RG_SANTACRUZ,2177138202,1.0,95.0,100.0,3.42,0.015,0.2,2.0,5.0,25.0,OUTLET,50.0,6.2,3.0,7.0,114.9,L
SC_29398,RG_SANTACRUZ,2177138202,1.0,95.0,100.0,4.67,0.015,0.2,2.0,5.0,25.0,OUTLET,50.0,6.2,3.0,7.0,18.6,L
SC_29399,RG_SANTACRUZ,2177138205,1.0,95.0,100.0,3.71,0.015,0.2,2.0,5.0,25.0,OUTLET,50.0,6.2,3.0,7.0,49.8,L
SC_29400,RG_SANTACRUZ,2177138401,1.0,93.4,100.0,11.22,0.015,0.2,2.0,5.0,25.0,OUTLET,50.0,6.2,3.0,7.0,52.9,L
SC_29401,RG_SANTACRUZ,2177138501,1.0,94.2,100.0,13.48,0.015,0.2,2.0,5.0,25.0,OUTLET,50.0,6.2,3.0,7.0,7.7,L
SC_29402,RG_SANTACRUZ,2177138601,1.0,90.9,100.0,12.78,0.015,0.2,2.0,5.0,25.0,OUTLET,50.0,6.2,3.0,7.0,40.3,L
SC_29403,RG_SANTACRUZ,2177139701,1.0,86.8,100.0,13.71,0.015,0.2,2.0,5.0,25.0,OUTLET,50.0,6.2,3.0,7.0,68.0,L
SC_29404,RG_SANTACRUZ,2177138801,1.0,58.7,100.0,8.1,0.015,0.2,2.0,5.0,25.0,OUTLET,50.0,6.2,3.0,7.0,50.5,L
SC_29405,RG_SANTACRUZ,2177138904,1.0,71.9,100.0,15.99,0.015,0.2,2.0,5.0,25.0,OUTLET,50.0,6.2,3.0,7.0,14.6,L
SC_29406,RG_SANTACRUZ,2177138901,1.0,66.1,100.0,7.59,0.015,0.2,2.0,5.0,25.0,OUTLET,50.0,6.2,3.0,7.0,72.2,L
SC_29407,RG_SANTACRUZ,2177147003,1.0,69.4,100.0,8.1,0.015,0.2,2.0,5.0,25.0,OUTLET,50.0,6.2,3.0,7.0,134.6,L
SC_29408,RG_SANTACRUZ,2177147003,1.0,95.0,100.0,4.72,0.015,0.2,2.0,5.0,25.0,OUTLET,50.0,6.2,3.0,7.0,213.7,L
SC_29409,RG_SANTACRUZ,2177145101,1.0,95.0,100.0,4.93,0.015,0.2,2.0,5.0,25.0,OUTLET,50.0,6.2,3.0,7.0,302.7,L
SC_29410,RG_SANTACRUZ,2177145201,1.0,95.0,100.0,19.48,0.015,0.2,2.0,5.0,25.0,OUTLET,50.0,6.2,3.0,7.0,359.8,L
SC_29411,RG_SANTACRUZ,2177145201,1.0,58.7,100.0,11.36,0.015,0.2,2.0,5.0,25.0,OUTLET,50.0,6.2,3.0,7.0,429.1,L
SC_29412,RG_SANTACRUZ,2177145201,1.0,71.9,100.0,8.32,0.015,0.2,2.0,5.0,25.0,OUTLET,50.0,6.2,3.0,7.0,508.7,L
SC_29413,RG_SANTACRUZ,2177143801,1.0,43.0,100.0,9.0,0.015,0.2,2.0,5.0,25.0,OUTLET,50.0,6.2,3.0,7.0,535.7,L
SC_29414,RG_SANTACRUZ,2177143801,1.0,57.9,100.0,9.45,0.015,0.2,2.0,5.0,25.0,OUTLET,50.0,6.2,3.0,7.0,515.7,L
SC_29415,RG_SANTACRUZ,2177155201,1.0,28.9,100.0,13.79,0.015,0.2,2.0,5.0,25.0,OUTLET,50.0,6.2,3.0,7.0,442.0,L
SC_29416,RG_SANTACRUZ,2177155201,1.0,32.2,100.0,20.31,0.015,0.2,2.0,5.0,25.0,OUTLET,50.0,6.2,3.0,7.0,378.0,L
SC_29417,RG_SANTACRUZ,2177155201,1.0,45.5,100.0,17.39,0.015,0.2,2.0,5.0,25.0,OUTLET,50.0,6.2,3.0,7.0,332.3,L
SC_29418,RG_SANTACRUZ,2177155201,1.0,67.8,100.0,20.14,0.015,0.2,2.0,5.0,25.0,OUTLET,50.0,6.2,3.0,7.0,313.0,L
SC_29419,RG_SANTACRUZ,2177155401,1.0,78.5,100.0,22.76,0.015,0.2,2.0,5.0,25.0,OUTLET,50.0,6.2,3.0,7.0,304.4,L
SC_29420,RG_SANTACRUZ,2177155401,1.0,65.3,100.0,2.7,0.015,0.2,2.0,5.0,25.0,OUTLET,50.0,6.2,3.0,7.0,294.7,L
SC_29421,RG_SANTACRUZ,2177157701,1.0,76.4,100.0,3.57,0.015,0.2,2.0,5.0,25.0,OUTLET,50.0,6.2,3.0,7.0,253.1,L
SC_29423,RG_SANTACRUZ,2177157701,1.0,75.2,100.0,25.51,0.015,0.2,2.0,5.0,25.0,OUTLET,50.0,6.2,3.0,7.0,148.7,L
SC_29424,RG_SANTACRUZ,2177157701,1.0,53.7,100.0,13.68,0.015,0.2,2.0,5.0,25.0,OUTLET,50.0,6.2,3.0,7.0,176.5,L
SC_29425,RG_SANTACRUZ,2177156901,1.0,95.0,100.0,15.64,0.015,0.2,2.0,5.0,25.0,OUTLET,50.0,6.2,3.0,7.0,193.0,L
SC_29426,RG_SANTACRUZ,2177156901,1.0,90.9,100.0,4.22,0.015,0.2,2.0,5.0,25.0,OUTLET,50.0,6.2,3.0,7.0,220.4,L
SC_29427,RG_SANTACRUZ,2177156901,1.0,66.1,100.0,2.12,0.015,0.2,2.0,5.0,25.0,OUTLET,50.0,6.2,3.0,7.0,282.7,L
SC_29428,RG_SANTACRUZ,2177156901,1.0,67.8,100.0,5.02,0.015,0.2,2.0,5.0,25.0,OUTLET,50.0,6.2,3.0,7.0,362.3,L
SC_29638,RG_SANTACRUZ,2177099404,1.0,71.1,100.0,15.28,0.015,0.2,2.0,5.0,25.0,OUTLET,50.0,6.2,3.0,7.0,93.5,L
SC_29639,RG_SANTACRUZ,2177099403,1.0,46.3,100.0,12.79,0.015,0.2,2.0,5.0,25.0,OUTLET,50.0,6.2,3.0,7.0,7.7,L
SC_29640,RG_SANTACRUZ,2177099402,1.0,78.5,100.0,11.79,0.015,0.2,2.0,5.0,25.0,OUTLET,50.0,6.2,3.0,7.0,99.8,L
SC_29641,RG_SANTACRUZ,2177099602,1.0,57.0,100.0,12.56,0.015,0.2,2.0,5.0,25.0,OUTLET,50.0,6.2,3.0,7.0,23.5,L
SC_29642,RG_SANTACRUZ,2177099602,1.0,95.0,100.0,2.81,0.015,0.2,2.0,5.0,25.0,OUTLET,50.0,6.2,3.0,7.0,76.5,L
SC_29643,RG_SANTACRUZ,2177098803,1.0,94.2,100.0,4.43,0.015,0.2,2.0,5.0,25.0,OUTLET,50.0,6.2,3.0,7.0,119.7,L
SC_29644,RG_SANTACRUZ,2177098902,1.0,47.9,100.0,3.01,0.015,0.2,2.0,5.0,25.0,OUTLET,50.0,6.2,3.0,7.0,114.4,L
SC_29645,RG_SANTACRUZ,2178100001,1.0,22.3,100.0,3.27,0.015,0.2,2.0,5.0,25.0,OUTLET,50.0,6.2,3.0,7.0,60.8,L
SC_29646,RG_SANTACRUZ,2178100001,1.0,18.2,100.0,3.88,0.015,0.2,2.0,5.0,25.0,OUTLET,50.0,6.2,3.0,7.0,89.8,L
SC_29647,RG_SANTACRUZ,2178100001,1.0,40.5,100.0,2.54,0.015,0.2,2.0,5.0,25.0,OUTLET,50.0,6.2,3.0,7.0,180.1,L
SC_29648,RG_SANTACRUZ,2178101101!,1.0,77.7,100.0,8.25,0.015,0.2,2.0,5.0,25.0,OUTLET,50.0,6.2,3.0,7.0,246.3,L
SC_29649,RG_SANTACRUZ,2177108502!,1.0,95.0,100.0,3.44,0.015,0.2,2.0,5.0,25.0,OUTLET,50.0,6.2,3.0,7.0,191.0,L
SC_29650,RG_SANTACRUZ,2177108602!,1.0,81.0,100.0,5.71,0.015,0.2,2.0,5.0,25.0,OUTLET,50.0,6.2,3.0,7.0,112.8,L
SC_29651,RG_SANTACRUZ,2177109602!,1.0,35.5,100.0,11.11,0.015,0.2,2.0,5.0,25.0,OUTLET,50.0,6.2,3.0,7.0,35.5,L
SC_29652,RG_SANTACRUZ,2177109701,1.0,95.0,100.0,33.03,0.015,0.2,2.0,5.0,25.0,OUTLET,50.0,6.2,3.0,7.0,46.3,L
SC_29653,RG_SANTACRUZ,2177109803!,1.0,95.0,100.0,26.64,0.015,0.2,2.0,5.0,25.0,OUTLET,50.0,6.2,3.0,7.0,25.3,L
SC_29654,RG_SANTACRUZ,2177109902!,1.0,71.1,100.0,5.97,0.015,0.2,2.0,5.0,25.0,OUTLET,50.0,6.2,3.0,7.0,4.4,L
SC_29655,RG_SANTACRUZ,2177119002,1.0,62.0,100.0,4.68,0.015,0.2,2.0,5.0,25.0,OUTLET,50.0,6.2,3.0,7.0,4.1,L
SC_29656,RG_SANTACRUZ,2177119001,1.0,37.2,100.0,8.74,0.015,0.2,2.0,5.0,25.0,OUTLET,50.0,6.2,3.0,7.0,83.3,L
SC_29657,RG_SANTACRUZ,2178110203!,1.0,32.2,100.0,8.45,0.015,0.2,2.0,5.0,25.0,OUTLET,50.0,6.2,3.0,7.0,72.0,L
SC_29658,RG_SANTACRUZ,2178110301,1.0,92.6,100.0,6.01,0.015,0.2,2.0,5.0,25.0,OUTLET,50.0,6.2,3.0,7.0,52.3,L
SC_29659,RG_SANTACRUZ,2178110401,1.0,86.8,100.0,4.03,0.015,0.2,2.0,5.0,25.0,OUTLET,50.0,6.2,3.0,7.0,77.5,L
SC_29660,RG_SANTACRUZ,2178110501!,1.0,91.7,100.0,9.91,0.015,0.2,2.0,5.0,25.0,OUTLET,50.0,6.2,3.0,7.0,102.7,L
SC_29661,RG_SANTACRUZ,2178110501!,1.0,93.4,100.0,12.08,0.015,0.2,2.0,5.0,25.0,OUTLET,50.0,6.2,3.0,7.0,162.5,L
SC_29662,RG_SANTACRUZ,2177119801,1.0,95.0,100.0,8.01,0.015,0.2,2.0,5.0,25.0,OUTLET,50.0,6.2,3.0,7.0,97.6,L
SC_29663,RG_SANTACRUZ,2177119801,1.0,95.0,100.0,14.8,0.015,0.2,2.0,5.0,25.0,OUTLET,50.0,6.2,3.0,7.0,30.7,L
SC_29664,RG_SANTACRUZ,2178110901,1.0,95.0,100.0,5.6,0.015,0.2,2.0,5.0,25.0,OUTLET,50.0,6.2,3.0,7.0,58.7,L
SC_29665,RG_SANTACRUZ,2177129001,1.0,95.0,100.0,4.12,0.015,0.2,2.0,5.0,25.0,OUTLET,50.0,6.2,3.0,7.0,38.5,L
SC_29666,RG_SANTACRUZ,2177129101,1.0,95.0,100.0,5.37,0.015,0.2,2.0,5.0,25.0,OUTLET,50.0,6.2,3.0,7.0,33.4,L
SC_29667,RG_SANTACRUZ,2177129101,1.0,95.0,100.0,5.25,0.015,0.2,2.0,5.0,25.0,OUTLET,50.0,6.2,3.0,7.0,133.0,L
SC_29668,RG_SANTACRUZ,2177129101,1.0,95.0,100.0,8.07,0.015,0.2,2.0,5.0,25.0,OUTLET,50.0,6.2,3.0,7.0,232.9,L
SC_29669,RG_SANTACRUZ,2177129101,1.0,95.0,100.0,11.95,0.015,0.2,2.0,5.0,25.0,OUTLET,50.0,6.2,3.0,7.0,332.9,L
SC_29670,RG_SANTACRUZ,2177129101,1.0,95.0,100.0,6.24,0.015,0.2,2.0,5.0,25.0,OUTLET,50.0,6.2,3.0,7.0,432.9,L
SC_29671,RG_SANTACRUZ,2178123902,1.0,94.2,100.0,3.86,0.015,0.2,2.0,5.0,25.0,OUTLET,50.0,6.2,3.0,7.0,532.2,L
SC_29672,RG_SANTACRUZ,2178133003,1.0,95.0,100.0,2.32,0.015,0.2,2.0,5.0,25.0,OUTLET,50.0,6.2,3.0,7.0,470.6,L
SC_29673,RG_SANTACRUZ,2178133002,1.0,91.7,100.0,3.63,0.015,0.2,2.0,5.0,25.0,OUTLET,50.0,6.2,3.0,7.0,414.6,L
SC_29674,RG_SANTACRUZ,2177138202,1.0,95.0,100.0,7.84,0.015,0.2,2.0,5.0,25.0,OUTLET,50.0,6.2,3.0,7.0,333.6,L
SC_29675,RG_SANTACRUZ,2177138202,1.0,95.0,100.0,6.23,0.015,0.2,2.0,5.0,25.0,OUTLET,50.0,6.2,3.0,7.0,241.7,L
SC_29676,RG_SANTACRUZ,2177139202,1.0,95.0,100.0,1.9,0.015,0.2,2.0,5.0,25.0,OUTLET,50.0,6.2,3.0,7.0,154.4,L
SC_29677,RG_SANTACRUZ,2177139203,1.0,95.0,100.0,2.64,0.015,0.2,2.0,5.0,25.0,OUTLET,50.0,6.2,3.0,7.0,66.1,L
SC_29678,RG_SANTACRUZ,2177139305,1.0,89.3,100.0,2.85,0.015,0.2,2.0,5.0,25.0,OUTLET,50.0,6.2,3.0,7.0,28.9,L
SC_29679,RG_SANTACRUZ,2177139401,1.0,91.7,100.0,7.14,0.015,0.2,2.0,5.0,25.0,OUTLET,50.0,6.2,3.0,7.0,31.1,L
SC_29680,RG_SANTACRUZ,2177139502,1.0,90.9,100.0,7.49,0.015,0.2,2.0,5.0,25.0,OUTLET,50.0,6.2,3.0,7.0,6.6,L
SC_29681,RG_SANTACRUZ,2177139511,1.0,95.0,100.0,1.64,0.015,0.2,2.0,5.0,25.0,OUTLET,50.0,6.2,3.0,7.0,55.2,L
SC_29682,RG_SANTACRUZ,2177139705,1.0,95.0,100.0,3.44,0.015,0.2,2.0,5.0,25.0,OUTLET,50.0,6.2,3.0,7.0,8.2,L
SC_29683,RG_SANTACRUZ,2177138801,1.0,93.4,100.0,3.86,0.015,0.2,2.0,5.0,25.0,OUTLET,50.0,6.2,3.0,7.0,92.0,L
SC_29684,RG_SANTACRUZ,2177138801,1.0,73.6,100.0,11.27,0.015,0.2,2.0,5.0,25.0,OUTLET,50.0,6.2,3.0,7.0,96.0,L
SC_29685,RG_SANTACRUZ,2178130901,1.0,63.6,100.0,18.53,0.015,0.2,2.0,5.0,25.0,OUTLET,50.0,6.2,3.0,7.0,133.4,L
SC_29686,RG_SANTACRUZ,2178130901,1.0,72.7,100.0,35.53,0.015,0.2,2.0,5.0,25.0,OUTLET,50.0,6.2,3.0,7.0,209.1,L
SC_29687,RG_SANTACRUZ,2177147003,1.0,90.9,100.0,19.8,0.015,0.2,2.0,5.0,25.0,OUTLET,50.0,6.2,3.0,7.0,275.8,L
SC_29688,RG_SANTACRUZ,2178142203,1.0,63.6,100.0,15.31,0.015,0.2,2.0,5.0,25.0,OUTLET,50.0,6.2,3.0,7.0,346.8,L
SC_29689,RG_SANTACRUZ,2178143201,1.0,79.3,100.0,18.86,0.015,0.2,2.0,5.0,25.0,OUTLET,50.0,6.2,3.0,7.0,378.3,L
SC_29690,RG_SANTACRUZ,2178143303,1.0,43.0,100.0,10.92,0.015,0.2,2.0,5.0,25.0,OUTLET,50.0,6.2,3.0,7.0,412.9,L
SC_29691,RG_SANTACRUZ,2178143402,1.0,57.0,100.0,8.61,0.015,0.2,2.0,5.0,25.0,OUTLET,50.0,6.2,3.0,7.0,454.8,L
SC_29692,RG_SANTACRUZ,2178143402,1.0,81.0,100.0,9.19,0.015,0.2,2.0,5.0,25.0,OUTLET,50.0,6.2,3.0,7.0,507.5,L
SC_29693,RG_SANTACRUZ,2178143402,1.0,80.2,100.0,8.33,0.015,0.2,2.0,5.0,25.0,OUTLET,50.0,6.2,3.0,7.0,573.0,L
SC_29694,RG_SANTACRUZ,2177155201,1.0,62.0,100.0,8.25,0.015,0.2,2.0,5.0,25.0,OUTLET,50.0,6.2,3.0,7.0,517.6,L
SC_29695,RG_SANTACRUZ,2177155201,1.0,63.6,100.0,15.64,0.015,0.2,2.0,5.0,25.0,OUTLET,50.0,6.2,3.0,7.0,464.2,L
SC_29696,RG_SANTACRUZ,2177155201,1.0,39.7,100.0,22.56,0.015,0.2,2.0,5.0,25.0,OUTLET,50.0,6.2,3.0,7.0,427.8,L
SC_29697,RG_SANTACRUZ,2177155201,1.0,53.7,100.0,17.07,0.015,0.2,2.0,5.0,25.0,OUTLET,50.0,6.2,3.0,7.0,413.0,L
SC_29698,RG_SANTACRUZ,2177155401,1.0,77.7,100.0,10.77,0.015,0.2,2.0,5.0,25.0,OUTLET,50.0,6.2,3.0,7.0,401.8,L
SC_29699,RG_SANTACRUZ,2177157701,1.0,72.7,100.0,2.67,0.015,0.2,2.0,5.0,25.0,OUTLET,50.0,6.2,3.0,7.0,393.4,L
SC_29700,RG_SANTACRUZ,2177157701,1.0,91.8,100.0,3.02,0.015,0.2,2.0,5.0,25.0,OUTLET,50.0,6.2,3.0,7.0,322.1,L
SC_29701,RG_SANTACRUZ,2177157701,1.0,79.3,100.0,16.8,0.015,0.2,2.0,5.0,25.0,OUTLET,50.0,6.2,3.0,7.0,269.8,L
SC_29702,RG_SANTACRUZ,2177157701,1.0,59.5,100.0,14.47,0.015,0.2,2.0,5.0,25.0,OUTLET,50.0,6.2,3.0,7.0,248.7,L
SC_29703,RG_SANTACRUZ,2177157701,1.0,52.9,100.0,5.0,0.015,0.2,2.0,5.0,25.0,OUTLET,50.0,6.2,3.0,7.0,266.2,L
SC_29704,RG_SANTACRUZ,2177156901,1.0,76.9,100.0,13.26,0.015,0.2,2.0,5.0,25.0,OUTLET,50.0,6.2,3.0,7.0,292.9,L
SC_29705,RG_SANTACRUZ,2177156901,1.0,71.1,100.0,16.68,0.015,0.2,2.0,5.0,25.0,OUTLET,50.0,6.2,3.0,7.0,311.7,L
SC_29706,RG_SANTACRUZ,2177156901,1.0,48.8,100.0,10.01,0.015,0.2,2.0,5.0,25.0,OUTLET,50.0,6.2,3.0,7.0,358.4,L
SC_29707,RG_SANTACRUZ,2177156901,1.0,52.9,100.0,6.34,0.015,0.2,2.0,5.0,25.0,OUTLET,50.0,6.2,3.0,7.0,424.0,L
SC_29917,RG_SANTACRUZ,2178090402,1.0,80.2,100.0,8.46,0.015,0.2,2.0,5.0,25.0,OUTLET,50.0,6.2,3.0,7.0,35.8,L
SC_29918,RG_SANTACRUZ,2178091403,1.0,29.8,100.0,10.51,0.015,0.2,2.0,5.0,25.0,OUTLET,50.0,6.2,3.0,7.0,99.3,L
SC_29919,RG_SANTACRUZ,2178090602,1.0,52.1,100.0,12.83,0.015,0.2,2.0,5.0,25.0,OUTLET,50.0,6.2,3.0,7.0,28.9,L
SC_29920,RG_SANTACRUZ,2178090603,1.0,95.0,100.0,5.26,0.015,0.2,2.0,5.0,25.0,OUTLET,50.0,6.2,3.0,7.0,73.2,L
SC_29921,RG_SANTACRUZ,2178090603,1.0,95.0,100.0,1.7,0.015,0.2,2.0,5.0,25.0,OUTLET,50.0,6.2,3.0,7.0,171.8,L
SC_29922,RG_SANTACRUZ,2178100001,1.0,95.0,100.0,2.32,0.015,0.2,2.0,5.0,25.0,OUTLET,50.0,6.2,3.0,7.0,136.2,L
SC_29923,RG_SANTACRUZ,2178100001,1.0,77.7,100.0,10.63,0.015,0.2,2.0,5.0,25.0,OUTLET,50.0,6.2,3.0,7.0,54.0,L
SC_29924,RG_SANTACRUZ,2178101101!,1.0,28.1,100.0,6.4,0.015,0.2,2.0,5.0,25.0,OUTLET,50.0,6.2,3.0,7.0,77.0,L
SC_29925,RG_SANTACRUZ,2178101101!,1.0,43.0,100.0,3.61,0.015,0.2,2.0,5.0,25.0,OUTLET,50.0,6.2,3.0,7.0,104.9,L
SC_29926,RG_SANTACRUZ,2178101101!,1.0,47.1,100.0,4.87,0.015,0.2,2.0,5.0,25.0,OUTLET,50.0,6.2,3.0,7.0,190.0,L
SC_29927,RG_SANTACRUZ,2177108602!,1.0,95.0,100.0,5.96,0.015,0.2,2.0,5.0,25.0,OUTLET,50.0,6.2,3.0,7.0,252.6,L
SC_29928,RG_SANTACRUZ,2177109602!,1.0,89.3,100.0,5.07,0.015,0.2,2.0,5.0,25.0,OUTLET,50.0,6.2,3.0,7.0,174.4,L
SC_29929,RG_SANTACRUZ,2178100701!,1.0,70.0,100.0,4.75,0.015,0.2,2.0,5.0,25.0,OUTLET,50.0,6.2,3.0,7.0,92.5,L
SC_29930,RG_SANTACRUZ,2178100705,1.0,73.6,100.0,7.23,0.015,0.2,2.0,5.0,25.0,OUTLET,50.0,6.2,3.0,7.0,4.9,L
SC_29931,RG_SANTACRUZ,2178100804!,1.0,9.1,100.0,8.57,0.015,0.2,2.0,5.0,25.0,OUTLET,50.0,6.2,3.0,7.0,11.3,L
SC_29932,RG_SANTACRUZ,2178100902!,1.0,33.1,100.0,4.45,0.015,0.2,2.0,5.0,25.0,OUTLET,50.0,6.2,3.0,7.0,9.4,L
SC_29933,RG_SANTACRUZ,2178110001!,1.0,30.6,100.0,2.49,0.015,0.2,2.0,5.0,25.0,OUTLET,50.0,6.2,3.0,7.0,13.2,L
SC_29934,RG_SANTACRUZ,2178110103!,1.0,16.5,100.0,8.01,0.015,0.2,2.0,5.0,25.0,OUTLET,50.0,6.2,3.0,7.0,11.9,L
SC_29935,RG_SANTACRUZ,2178110204!,1.0,41.3,100.0,6.62,0.015,0.2,2.0,5.0,25.0,OUTLET,50.0,6.2,3.0,7.0,14.1,L
SC_29936,RG_SANTACRUZ,2178110301,1.0,49.6,100.0,5.28,0.015,0.2,2.0,5.0,25.0,OUTLET,50.0,6.2,3.0,7.0,48.2,L
SC_29937,RG_SANTACRUZ,2178110402!,1.0,49.6,100.0,3.64,0.015,0.2,2.0,5.0,25.0,OUTLET,50.0,6.2,3.0,7.0,22.4,L
SC_29938,RG_SANTACRUZ,2178110501!,1.0,83.5,100.0,9.06,0.015,0.2,2.0,5.0,25.0,OUTLET,50.0,6.2,3.0,7.0,29.4,L
SC_29939,RG_SANTACRUZ,2178110501!,1.0,87.6,100.0,15.09,0.015,0.2,2.0,5.0,25.0,OUTLET,50.0,6.2,3.0,7.0,129.4,L
SC_29940,RG_SANTACRUZ,2177119801,1.0,94.2,100.0,10.7,0.015,0.2,2.0,5.0,25.0,OUTLET,50.0,6.2,3.0,7.0,116.4,L
SC_29941,RG_SANTACRUZ,2178110801,1.0,95.0,100.0,10.39,0.015,0.2,2.0,5.0,25.0,OUTLET,50.0,6.2,3.0,7.0,58.6,L
SC_29942,RG_SANTACRUZ,2178110903,1.0,82.6,100.0,10.25,0.015,0.2,2.0,5.0,25.0,OUTLET,50.0,6.2,3.0,7.0,27.3,L
SC_29943,RG_SANTACRUZ,2178110902,1.0,70.2,100.0,7.76,0.015,0.2,2.0,5.0,25.0,OUTLET,50.0,6.2,3.0,7.0,64.9,L
SC_29944,RG_SANTACRUZ,2177129101,1.0,91.7,100.0,6.41,0.015,0.2,2.0,5.0,25.0,OUTLET,50.0,6.2,3.0,7.0,99.3,L
SC_29945,RG_SANTACRUZ,2177129101,1.0,95.0,100.0,4.52,0.015,0.2,2.0,5.0,25.0,OUTLET,50.0,6.2,3.0,7.0,162.6,L
SC_29946,RG_SANTACRUZ,2177129101,1.0,95.0,100.0,8.58,0.015,0.2,2.0,5.0,25.0,OUTLET,50.0,6.2,3.0,7.0,251.0,L
SC_29947,RG_SANTACRUZ,2177129101,1.0,95.0,100.0,25.44,0.015,0.2,2.0,5.0,25.0,OUTLET,50.0,6.2,3.0,7.0,345.8,L
SC_29948,RG_SANTACRUZ,2177129101,1.0,95.0,100.0,32.78,0.015,0.2,2.0,5.0,25.0,OUTLET,50.0,6.2,3.0,7.0,442.9,L
SC_29949,RG_SANTACRUZ,2178123903,1.0,91.7,100.0,15.28,0.015,0.2,2.0,5.0,25.0,OUTLET,50.0,6.2,3.0,7.0,457.5,L
SC_29950,RG_SANTACRUZ,2178123901,1.0,95.0,100.0,11.66,0.015,0.2,2.0,5.0,25.0,OUTLET,50.0,6.2,3.0,7.0,391.3,L
SC_29951,RG_SANTACRUZ,2178133002,1.0,95.0,100.0,3.55,0.015,0.2,2.0,5.0,25.0,OUTLET,50.0,6.2,3.0,7.0,330.4,L
SC_29952,RG_SANTACRUZ,2178132001,1.0,91.7,100.0,5.29,0.015,0.2,2.0,5.0,25.0,OUTLET,50.0,6.2,3.0,7.0,277.1,L
SC_29953,RG_SANTACRUZ,2178132103,1.0,95.0,100.0,8.86,0.015,0.2,2.0,5.0,25.0,OUTLET,50.0,6.2,3.0,7.0,229.6,L
SC_29954,RG_SANTACRUZ,2178132202,1.0,95.0,100.0,4.02,0.015,0.2,2.0,5.0,25.0,OUTLET,50.0,6.2,3.0,7.0,182.5,L
SC_29955,RG_SANTACRUZ,2178131201,1.0,95.0,100.0,2.64,0.015,0.2,2.0,5.0,25.0,OUTLET,50.0,6.2,3.0,7.0,134.8,L
SC_29956,RG_SANTACRUZ,2178131301,1.0,86.8,100.0,6.36,0.015,0.2,2.0,5.0,25.0,OUTLET,50.0,6.2,3.0,7.0,71.4,L
SC_29957,RG_SANTACRUZ,2178130404,1.0,92.6,100.0,4.04,0.015,0.2,2.0,5.0,25.0,OUTLET,50.0,6.2,3.0,7.0,15.4,L
SC_29958,RG_SANTACRUZ,2178130501,1.0,81.0,100.0,2.05,0.015,0.2,2.0,5.0,25.0,OUTLET,50.0,6.2,3.0,7.0,67.0,L
SC_29959,RG_SANTACRUZ,2178130606,1.0,95.0,100.0,2.11,0.015,0.2,2.0,5.0,25.0,OUTLET,50.0,6.2,3.0,7.0,20.3,L
SC_29960,RG_SANTACRUZ,2178130706,1.0,95.0,100.0,2.19,0.015,0.2,2.0,5.0,25.0,OUTLET,50.0,6.2,3.0,7.0,17.5,L
SC_29961,RG_SANTACRUZ,2178130802,1.0,95.0,100.0,1.39,0.015,0.2,2.0,5.0,25.0,OUTLET,50.0,6.2,3.0,7.0,34.3,L
SC_29962,RG_SANTACRUZ,2178130901,1.0,95.0,100.0,4.93,0.015,0.2,2.0,5.0,25.0,OUTLET,50.0,6.2,3.0,7.0,21.5,L
SC_29963,RG_SANTACRUZ,2178130901,1.0,62.8,100.0,6.8,0.015,0.2,2.0,5.0,25.0,OUTLET,50.0,6.2,3.0,7.0,80.0,L
SC_29964,RG_SANTACRUZ,2178131901,1.0,60.3,100.0,7.75,0.015,0.2,2.0,5.0,25.0,OUTLET,50.0,6.2,3.0,7.0,162.5,L
SC_29965,RG_SANTACRUZ,2178142102,1.0,84.3,100.0,12.89,0.015,0.2,2.0,5.0,25.0,OUTLET,50.0,6.2,3.0,7.0,222.7,L
SC_29966,RG_SANTACRUZ,2178142204,1.0,52.9,100.0,18.06,0.015,0.2,2.0,5.0,25.0,OUTLET,50.0,6.2,3.0,7.0,250.6,L
SC_29967,RG_SANTACRUZ,2178143302,1.0,84.3,100.0,20.58,0.015,0.2,2.0,5.0,25.0,OUTLET,50.0,6.2,3.0,7.0,287.7,L
SC_29968,RG_SANTACRUZ,2178143401,1.0,47.9,100.0,6.6,0.015,0.2,2.0,5.0,25.0,OUTLET,50.0,6.2,3.0,7.0,322.3,L
SC_29969,RG_SANTACRUZ,2178143402,1.0,71.1,100.0,4.25,0.015,0.2,2.0,5.0,25.0,OUTLET,50.0,6.2,3.0,7.0,368.1,L
SC_29970,RG_SANTACRUZ,2178143402,1.0,51.2,100.0,5.72,0.015,0.2,2.0,5.0,25.0,OUTLET,50.0,6.2,3.0,7.0,431.6,L
SC_29971,RG_SANTACRUZ,2178143402,1.0,81.8,100.0,8.97,0.015,0.2,2.0,5.0,25.0,OUTLET,50.0,6.2,3.0,7.0,507.0,L
SC_29972,RG_SANTACRUZ,2178143402,1.0,61.2,100.0,24.54,0.015,0.2,2.0,5.0,25.0,OUTLET,50.0,6.2,3.0,7.0,589.7,L
SC_29973,RG_SANTACRUZ,2177155201,1.0,67.8,100.0,27.42,0.015,0.2,2.0,5.0,25.0,OUTLET,50.0,6.2,3.0,7.0,555.0,L
SC_29974,RG_SANTACRUZ,2177155201,1.0,44.6,100.0,28.79,0.015,0.2,2.0,5.0,25.0,OUTLET,50.0,6.2,3.0,7.0,524.9,L
SC_29975,RG_SANTACRUZ,2177155201,1.0,62.0,100.0,16.4,0.015,0.2,2.0,5.0,25.0,OUTLET,50.0,6.2,3.0,7.0,512.9,L
SC_29976,RG_SANTACRUZ,2177155401,1.0,59.5,100.0,7.02,0.015,0.2,2.0,5.0,25.0,OUTLET,50.0,6.2,3.0,7.0,500.2,L
SC_29977,RG_SANTACRUZ,2177157701,1.0,76.9,100.0,5.76,0.015,0.2,2.0,5.0,25.0,OUTLET,50.0,6.2,3.0,7.0,463.1,L
SC_29978,RG_SANTACRUZ,2177157701,1.0,77.3,100.0,5.81,0.015,0.2,2.0,5.0,25.0,OUTLET,50.0,6.2,3.0,7.0,404.3,L
SC_29979,RG_SANTACRUZ,2177157701,1.0,91.7,100.0,15.62,0.015,0.2,2.0,5.0,25.0,OUTLET,50.0,6.2,3.0,7.0,364.1,L
SC_29980,RG_SANTACRUZ,2177157701,1.0,86.0,100.0,16.97,0.015,0.2,2.0,5.0,25.0,OUTLET,50.0,6.2,3.0,7.0,348.7,L
SC_29981,RG_SANTACRUZ,2177157701,1.0,90.9,100.0,16.21,0.015,0.2,2.0,5.0,25.0,OUTLET,50.0,6.2,3.0,7.0,361.4,L
SC_29982,RG_SANTACRUZ,2177156901,1.0,95.0,100.0,14.73,0.015,0.2,2.0,5.0,25.0,OUTLET,50.0,6.2,3.0,7.0,392.9,L
SC_29983,RG_SANTACRUZ,2177156901,1.0,94.2,100.0,19.75,0.015,0.2,2.0,5.0,25.0,OUTLET,50.0,6.2,3.0,7.0,407.1,L
SC_29984,RG_SANTACRUZ,2177156901,1.0,95.0,100.0,15.05,0.015,0.2,2.0,5.0,25.0,OUTLET,50.0,6.2,3.0,7.0,443.9,L
SC_30197,RG_SANTACRUZ,2178091502,1.0,25.6,100.0,24.54,0.015,0.2,2.0,5.0,25.0,OUTLET,50.0,6.2,3.0,7.0,18.1,L
SC_30198,RG_SANTACRUZ,2178091603,1.0,51.2,100.0,14.2,0.015,0.2,2.0,5.0,25.0,OUTLET,50.0,6.2,3.0,7.0,38.4,L
SC_30204,RG_SANTACRUZ,2178101101!,1.0,14.9,100.0,10.32,0.015,0.2,2.0,5.0,25.0,OUTLET,50.0,6.2,3.0,7.0,80.1,L
SC_30205,RG_SANTACRUZ,2178102201!,1.0,46.3,100.0,6.39,0.015,0.2,2.0,5.0,25.0,OUTLET,50.0,6.2,3.0,7.0,140.4,L
SC_30206,RG_SANTACRUZ,2178102201!,1.0,40.5,100.0,4.83,0.015,0.2,2.0,5.0,25.0,OUTLET,50.0,6.2,3.0,7.0,195.0,L
SC_30207,RG_SANTACRUZ,2178100705,1.0,31.4,100.0,4.26,0.015,0.2,2.0,5.0,25.0,OUTLET,50.0,6.2,3.0,7.0,228.1,L
SC_30208,RG_SANTACRUZ,2178100705,1.0,41.8,100.0,2.68,0.015,0.2,2.0,5.0,25.0,OUTLET,50.0,6.2,3.0,7.0,146.3,L
SC_30209,RG_SANTACRUZ,2178101701!,1.0,24.0,100.0,2.18,0.015,0.2,2.0,5.0,25.0,OUTLET,50.0,6.2,3.0,7.0,71.5,L
SC_30210,RG_SANTACRUZ,2178101802!,1.0,51.2,100.0,2.01,0.015,0.2,2.0,5.0,25.0,OUTLET,50.0,6.2,3.0,7.0,12.4,L
SC_30211,RG_SANTACRUZ,2178101804,1.0,12.4,100.0,4.41,0.015,0.2,2.0,5.0,25.0,OUTLET,50.0,6.2,3.0,7.0,82.1,L
SC_30212,RG_SANTACRUZ,2178112002!,1.0,35.5,100.0,9.66,0.015,0.2,2.0,5.0,25.0,OUTLET,50.0,6.2,3.0,7.0,71.7,L
SC_30213,RG_SANTACRUZ,2178111103!,1.0,27.3,100.0,14.21,0.015,0.2,2.0,5.0,25.0,OUTLET,50.0,6.2,3.0,7.0,43.2,L
SC_30214,RG_SANTACRUZ,2178111201!,1.0,28.9,100.0,6.32,0.015,0.2,2.0,5.0,25.0,OUTLET,50.0,6.2,3.0,7.0,31.0,L
SC_30215,RG_SANTACRUZ,2178111302,1.0,18.2,100.0,4.36,0.015,0.2,2.0,5.0,25.0,OUTLET,50.0,6.2,3.0,7.0,23.3,L
SC_30216,RG_SANTACRUZ,2178112401,1.0,56.2,100.0,5.81,0.015,0.2,2.0,5.0,25.0,OUTLET,50.0,6.2,3.0,7.0,53.4,L
SC_30217,RG_SANTACRUZ,2178111503,1.0,81.8,100.0,11.41,0.015,0.2,2.0,5.0,25.0,OUTLET,50.0,6.2,3.0,7.0,26.1,L
SC_30218,RG_SANTACRUZ,2178111504!,1.0,95.0,100.0,10.76,0.015,0.2,2.0,5.0,25.0,OUTLET,50.0,6.2,3.0,7.0,120.1,L
SC_30219,RG_SANTACRUZ,2177119801,1.0,41.3,100.0,11.77,0.015,0.2,2.0,5.0,25.0,OUTLET,50.0,6.2,3.0,7.0,193.8,L
SC_30220,RG_SANTACRUZ,2178110801,1.0,78.5,100.0,16.67,0.015,0.2,2.0,5.0,25.0,OUTLET,50.0,6.2,3.0,7.0,154.0,L
SC_30221,RG_SANTACRUZ,2178110903,1.0,92.6,100.0,7.01,0.015,0.2,2.0,5.0,25.0,OUTLET,50.0,6.2,3.0,7.0,126.6,L
SC_30222,RG_SANTACRUZ,2178110902,1.0,30.6,100.0,4.52,0.015,0.2,2.0,5.0,25.0,OUTLET,50.0,6.2,3.0,7.0,146.8,L
SC_30223,RG_SANTACRUZ,2177129101,1.0,13.2,100.0,3.84,0.015,0.2,2.0,5.0,25.0,OUTLET,50.0,6.2,3.0,7.0,196.5,L
SC_30224,RG_SANTACRUZ,2177129101,1.0,27.3,100.0,10.57,0.015,0.2,2.0,5.0,25.0,OUTLET,50.0,6.2,3.0,7.0,234.9,L
SC_30225,RG_SANTACRUZ,2177129101,1.0,82.6,100.0,10.54,0.015,0.2,2.0,5.0,25.0,OUTLET,50.0,6.2,3.0,7.0,302.9,L
SC_30226,RG_SANTACRUZ,2178124201!,1.0,95.0,100.0,13.72,0.015,0.2,2.0,5.0,25.0,OUTLET,50.0,6.2,3.0,7.0,374.2,L
SC_30227,RG_SANTACRUZ,2178124201!,1.0,95.0,100.0,25.42,0.015,0.2,2.0,5.0,25.0,OUTLET,50.0,6.2,3.0,7.0,436.3,L
SC_30228,RG_SANTACRUZ,2178124901,1.0,95.0,100.0,12.4,0.015,0.2,2.0,5.0,25.0,OUTLET,50.0,6.2,3.0,7.0,387.2,L
SC_30229,RG_SANTACRUZ,2178123903,1.0,95.0,100.0,15.19,0.015,0.2,2.0,5.0,25.0,OUTLET,50.0,6.2,3.0,7.0,316.3,L
SC_30230,RG_SANTACRUZ,2178123901,1.0,95.0,100.0,16.65,0.015,0.2,2.0,5.0,25.0,OUTLET,50.0,6.2,3.0,7.0,250.6,L
SC_30231,RG_SANTACRUZ,2178133002,1.0,95.0,100.0,4.05,0.015,0.2,2.0,5.0,25.0,OUTLET,50.0,6.2,3.0,7.0,191.3,L
SC_30232,RG_SANTACRUZ,2178132104,1.0,95.0,100.0,8.32,0.015,0.2,2.0,5.0,25.0,OUTLET,50.0,6.2,3.0,7.0,141.7,L
SC_30233,RG_SANTACRUZ,2178132101,1.0,95.0,100.0,8.85,0.015,0.2,2.0,5.0,25.0,OUTLET,50.0,6.2,3.0,7.0,94.9,L
SC_30234,RG_SANTACRUZ,2178131202,1.0,87.6,100.0,6.73,0.015,0.2,2.0,5.0,25.0,OUTLET,50.0,6.2,3.0,7.0,48.6,L
SC_30235,RG_SANTACRUZ,2178131303,1.0,90.1,100.0,2.82,0.015,0.2,2.0,5.0,25.0,OUTLET,50.0,6.2,3.0,7.0,14.5,L
SC_30236,RG_SANTACRUZ,2178131403,1.0,92.6,100.0,3.34,0.015,0.2,2.0,5.0,25.0,OUTLET,50.0,6.2,3.0,7.0,14.3,L
SC_30237,RG_SANTACRUZ,2178131606,1.0,95.0,100.0,2.09,0.015,0.2,2.0,5.0,25.0,OUTLET,50.0,6.2,3.0,7.0,73.2,L
SC_30238,RG_SANTACRUZ,2178131604,1.0,84.3,100.0,2.61,0.015,0.2,2.0,5.0,25.0,OUTLET,50.0,6.2,3.0,7.0,20.2,L
SC_30239,RG_SANTACRUZ,2178130711,1.0,95.0,100.0,2.2,0.015,0.2,2.0,5.0,25.0,OUTLET,50.0,6.2,3.0,7.0,93.0,L
SC_30240,RG_SANTACRUZ,2178131803,1.0,95.0,100.0,2.97,0.015,0.2,2.0,5.0,25.0,OUTLET,50.0,6.2,3.0,7.0,27.4,L
SC_30241,RG_SANTACRUZ,2178131806,1.0,95.0,100.0,2.59,0.015,0.2,2.0,5.0,25.0,OUTLET,50.0,6.2,3.0,7.0,57.3,L
SC_30242,RG_SANTACRUZ,2178131901,1.0,95.0,100.0,3.72,0.015,0.2,2.0,5.0,25.0,OUTLET,50.0,6.2,3.0,7.0,44.6,L
SC_30243,RG_SANTACRUZ,2178142101,1.0,95.0,100.0,8.06,0.015,0.2,2.0,5.0,25.0,OUTLET,50.0,6.2,3.0,7.0,111.3,L
SC_30244,RG_SANTACRUZ,2178142102,1.0,95.0,100.0,13.0,0.015,0.2,2.0,5.0,25.0,OUTLET,50.0,6.2,3.0,7.0,128.6,L
SC_30245,RG_SANTACRUZ,2178143201,1.0,95.0,100.0,8.3,0.015,0.2,2.0,5.0,25.0,OUTLET,50.0,6.2,3.0,7.0,156.3,L
SC_30246,RG_SANTACRUZ,2178143303,1.0,94.2,100.0,5.62,0.015,0.2,2.0,5.0,25.0,OUTLET,50.0,6.2,3.0,7.0,190.7,L
SC_30247,RG_SANTACRUZ,2178143402,1.0,86.0,100.0,11.8,0.015,0.2,2.0,5.0,25.0,OUTLET,50.0,6.2,3.0,7.0,231.2,L
SC_30248,RG_SANTACRUZ,2178143402,1.0,41.3,100.0,7.17,0.015,0.2,2.0,5.0,25.0,OUTLET,50.0,6.2,3.0,7.0,290.2,L
SC_30249,RG_SANTACRUZ,2178143402,1.0,54.5,100.0,5.07,0.015,0.2,2.0,5.0,25.0,OUTLET,50.0,6.2,3.0,7.0,367.3,L
SC_30250,RG_SANTACRUZ,2178143402,1.0,89.3,100.0,8.75,0.015,0.2,2.0,5.0,25.0,OUTLET,50.0,6.2,3.0,7.0,453.5,L
SC_30251,RG_SANTACRUZ,2178143402,1.0,82.6,100.0,18.2,0.015,0.2,2.0,5.0,25.0,OUTLET,50.0,6.2,3.0,7.0,544.4,L
SC_30252,RG_SANTACRUZ,2178143402,1.0,28.1,100.0,22.26,0.015,0.2,2.0,5.0,25.0,OUTLET,50.0,6.2,3.0,7.0,638.1,L
SC_30253,RG_SANTACRUZ,2177155201,1.0,35.5,100.0,18.94,0.015,0.2,2.0,5.0,25.0,OUTLET,50.0,6.2,3.0,7.0,623.0,L
SC_30254,RG_SANTACRUZ,2177155201,1.0,79.3,100.0,18.53,0.015,0.2,2.0,5.0,25.0,OUTLET,50.0,6.2,3.0,7.0,612.9,L
SC_30255,RG_SANTACRUZ,2177155401,1.0,82.6,100.0,13.2,0.015,0.2,2.0,5.0,25.0,OUTLET,50.0,6.2,3.0,7.0,599.2,L
SC_30256,RG_SANTACRUZ,2177157701,1.0,82.6,100.0,3.46,0.015,0.2,2.0,5.0,25.0,OUTLET,50.0,6.2,3.0,7.0,542.4,L
SC_30257,RG_SANTACRUZ,2177157701,1.0,93.6,100.0,10.65,0.015,0.2,2.0,5.0,25.0,OUTLET,50.0,6.2,3.0,7.0,493.2,L
SC_30258,RG_SANTACRUZ,2177157701,1.0,94.2,100.0,19.74,0.015,0.2,2.0,5.0,25.0,OUTLET,50.0,6.2,3.0,7.0,460.7,L
SC_30259,RG_SANTACRUZ,2177157701,1.0,57.9,100.0,23.39,0.015,0.2,2.0,5.0,25.0,OUTLET,50.0,6.2,3.0,7.0,448.7,L
SC_30260,RG_SANTACRUZ,2177157701,1.0,92.6,100.0,9.39,0.015,0.2,2.0,5.0,25.0,OUTLET,50.0,6.2,3.0,7.0,458.6,L
SC_30261,RG_SANTACRUZ,2177157701,1.0,92.6,100.0,11.26,0.015,0.2,2.0,5.0,25.0,OUTLET,50.0,6.2,3.0,7.0,489.3,L
SC_30262,RG_SANTACRUZ,2177156901,1.0,90.9,100.0,12.98,0.015,0.2,2.0,5.0,25.0,OUTLET,50.0,6.2,3.0,7.0,504.3,L
SC_30488,RG_SANTACRUZ,2178101701!,1.0,12.7,100.0,1.87,0.015,0.2,2.0,5.0,25.0,OUTLET,50.0,6.2,3.0,7.0,212.9,L
SC_30489,RG_SANTACRUZ,2178101803!,1.0,5.0,100.0,1.15,0.015,0.2,2.0,5.0,25.0,OUTLET,50.0,6.2,3.0,7.0,136.3,L
SC_30490,RG_SANTACRUZ,2178102801,1.0,16.5,100.0,5.16,0.015,0.2,2.0,5.0,25.0,OUTLET,50.0,6.2,3.0,7.0,59.5,L
SC_30491,RG_SANTACRUZ,2178102903,1.0,16.5,100.0,3.21,0.015,0.2,2.0,5.0,25.0,OUTLET,50.0,6.2,3.0,7.0,10.0,L
SC_30492,RG_SANTACRUZ,2178112003,1.0,87.6,100.0,29.76,0.015,0.2,2.0,5.0,25.0,OUTLET,50.0,6.2,3.0,7.0,22.9,L
SC_30493,RG_SANTACRUZ,2178112104!,1.0,68.6,100.0,23.57,0.015,0.2,2.0,5.0,25.0,OUTLET,50.0,6.2,3.0,7.0,23.5,L
SC_30494,RG_SANTACRUZ,2178112105,1.0,59.5,100.0,10.31,0.015,0.2,2.0,5.0,25.0,OUTLET,50.0,6.2,3.0,7.0,74.6,L
SC_30495,RG_SANTACRUZ,2178112401,1.0,42.1,100.0,4.95,0.015,0.2,2.0,5.0,25.0,OUTLET,50.0,6.2,3.0,7.0,97.5,L
SC_30496,RG_SANTACRUZ,2178112402!,1.0,19.8,100.0,2.58,0.015,0.2,2.0,5.0,25.0,OUTLET,50.0,6.2,3.0,7.0,31.9,L
SC_30497,RG_SANTACRUZ,2178112502!,1.0,90.9,100.0,5.03,0.015,0.2,2.0,5.0,25.0,OUTLET,50.0,6.2,3.0,7.0,7.5,L
SC_30498,RG_SANTACRUZ,2178112503,1.0,95.0,100.0,8.29,0.015,0.2,2.0,5.0,25.0,OUTLET,50.0,6.2,3.0,7.0,88.1,L
SC_30499,RG_SANTACRUZ,2178113501!,1.0,95.0,100.0,15.58,0.015,0.2,2.0,5.0,25.0,OUTLET,50.0,6.2,3.0,7.0,181.7,L
SC_30500,RG_SANTACRUZ,2178110903,1.0,95.0,100.0,10.94,0.015,0.2,2.0,5.0,25.0,OUTLET,50.0,6.2,3.0,7.0,250.4,L
SC_30501,RG_SANTACRUZ,2178110903,1.0,95.0,100.0,6.47,0.015,0.2,2.0,5.0,25.0,OUTLET,50.0,6.2,3.0,7.0,226.6,L
SC_30502,RG_SANTACRUZ,2178110902,1.0,9.1,100.0,7.16,0.015,0.2,2.0,5.0,25.0,OUTLET,50.0,6.2,3.0,7.0,242.7,L
SC_30503,RG_SANTACRUZ,2178124202,1.0,5.0,100.0,6.7,0.015,0.2,2.0,5.0,25.0,OUTLET,50.0,6.2,3.0,7.0,229.4,L
SC_30504,RG_SANTACRUZ,2178124201!,1.0,5.0,100.0,5.7,0.015,0.2,2.0,5.0,25.0,OUTLET,50.0,6.2,3.0,7.0,215.2,L
SC_30506,RG_SANTACRUZ,2178124201!,1.0,95.0,100.0,8.45,0.015,0.2,2.0,5.0,25.0,OUTLET,50.0,6.2,3.0,7.0,294.9,L
SC_30507,RG_SANTACRUZ,2178124201!,1.0,88.4,100.0,8.62,0.015,0.2,2.0,5.0,25.0,OUTLET,50.0,6.2,3.0,7.0,370.5,L
SC_30508,RG_SANTACRUZ,2178124902,1.0,95.0,100.0,14.07,0.015,0.2,2.0,5.0,25.0,OUTLET,50.0,6.2,3.0,7.0,324.6,L
SC_30509,RG_SANTACRUZ,2178124901,1.0,72.7,100.0,14.38,0.015,0.2,2.0,5.0,25.0,OUTLET,50.0,6.2,3.0,7.0,246.1,L
SC_30510,RG_SANTACRUZ,2178123903,1.0,64.5,100.0,6.56,0.015,0.2,2.0,5.0,25.0,OUTLET,50.0,6.2,3.0,7.0,175.4,L
SC_30511,RG_SANTACRUZ,2178133003,1.0,87.6,100.0,5.93,0.015,0.2,2.0,5.0,25.0,OUTLET,50.0,6.2,3.0,7.0,111.6,L
SC_30512,RG_SANTACRUZ,2178132001,1.0,90.0,100.0,9.42,0.015,0.2,2.0,5.0,25.0,OUTLET,50.0,6.2,3.0,7.0,58.6,L
SC_30513,RG_SANTACRUZ,2178132103,1.0,93.4,100.0,8.8,0.015,0.2,2.0,5.0,25.0,OUTLET,50.0,6.2,3.0,7.0,6.5,L
SC_30514,RG_SANTACRUZ,2178132202,1.0,95.0,100.0,7.13,0.015,0.2,2.0,5.0,25.0,OUTLET,50.0,6.2,3.0,7.0,41.2,L
SC_30515,RG_SANTACRUZ,2178131201,1.0,90.1,100.0,1.32,0.015,0.2,2.0,5.0,25.0,OUTLET,50.0,6.2,3.0,7.0,88.9,L
SC_30516,RG_SANTACRUZ,2178132405,1.0,80.2,100.0,1.4,0.015,0.2,2.0,5.0,25.0,OUTLET,50.0,6.2,3.0,7.0,13.5,L
SC_30517,RG_SANTACRUZ,2178132501,1.0,95.0,100.0,1.42,0.015,0.2,2.0,5.0,25.0,OUTLET,50.0,6.2,3.0,7.0,43.6,L
SC_30518,RG_SANTACRUZ,2178132602,1.0,91.7,100.0,1.98,0.015,0.2,2.0,5.0,25.0,OUTLET,50.0,6.2,3.0,7.0,30.9,L
SC_30519,RG_SANTACRUZ,2178132605,1.0,81.0,100.0,2.01,0.015,0.2,2.0,5.0,25.0,OUTLET,50.0,6.2,3.0,7.0,55.3,L
SC_30520,RG_SANTACRUZ,2178132901,1.0,95.0,100.0,3.27,0.015,0.2,2.0,5.0,25.0,OUTLET,50.0,6.2,3.0,7.0,80.3,L
SC_30521,RG_SANTACRUZ,2178132902,1.0,95.0,100.0,3.11,0.015,0.2,2.0,5.0,25.0,OUTLET,50.0,6.2,3.0,7.0,8.8,L
SC_30522,RG_SANTACRUZ,2178142001,1.0,93.4,100.0,5.16,0.015,0.2,2.0,5.0,25.0,OUTLET,50.0,6.2,3.0,7.0,21.8,L
SC_30523,RG_SANTACRUZ,2178142101,1.0,95.0,100.0,1.76,0.015,0.2,2.0,5.0,25.0,OUTLET,50.0,6.2,3.0,7.0,17.9,L
SC_30524,RG_SANTACRUZ,2178142203,1.0,95.0,100.0,2.6,0.015,0.2,2.0,5.0,25.0,OUTLET,50.0,6.2,3.0,7.0,32.5,L
SC_30525,RG_SANTACRUZ,2178143301,1.0,95.0,100.0,2.29,0.015,0.2,2.0,5.0,25.0,OUTLET,50.0,6.2,3.0,7.0,65.7,L
SC_30526,RG_SANTACRUZ,2178143401,1.0,95.0,100.0,8.47,0.015,0.2,2.0,5.0,25.0,OUTLET,50.0,6.2,3.0,7.0,99.5,L
SC_30527,RG_SANTACRUZ,2178143402,1.0,82.6,100.0,17.33,0.015,0.2,2.0,5.0,25.0,OUTLET,50.0,6.2,3.0,7.0,148.7,L
SC_30528,RG_SANTACRUZ,2178143402,1.0,66.1,100.0,19.91,0.015,0.2,2.0,5.0,25.0,OUTLET,50.0,6.2,3.0,7.0,229.9,L
SC_30529,RG_SANTACRUZ,2178143402,1.0,84.3,100.0,28.94,0.015,0.2,2.0,5.0,25.0,OUTLET,50.0,6.2,3.0,7.0,321.9,L
SC_30530,RG_SANTACRUZ,2178143402,1.0,59.5,100.0,20.09,0.015,0.2,2.0,5.0,25.0,OUTLET,50.0,6.2,3.0,7.0,417.5,L
SC_30531,RG_SANTACRUZ,2178143402,1.0,31.4,100.0,18.87,0.015,0.2,2.0,5.0,25.0,OUTLET,50.0,6.2,3.0,7.0,514.8,L
SC_30532,RG_SANTACRUZ,2178143402,1.0,44.6,100.0,12.42,0.015,0.2,2.0,5.0,25.0,OUTLET,50.0,6.2,3.0,7.0,613.0,L
SC_30533,RG_SANTACRUZ,2178148801,1.0,28.9,100.0,30.08,0.015,0.2,2.0,5.0,25.0,OUTLET,50.0,6.2,3.0,7.0,692.9,L
SC_30534,RG_SANTACRUZ,2177155201,1.0,69.4,100.0,9.4,0.015,0.2,2.0,5.0,25.0,OUTLET,50.0,6.2,3.0,7.0,712.9,L
SC_30535,RG_SANTACRUZ,2177157701,1.0,86.8,100.0,6.92,0.015,0.2,2.0,5.0,25.0,OUTLET,50.0,6.2,3.0,7.0,681.8,L
SC_30536,RG_SANTACRUZ,2177157701,1.0,86.0,100.0,3.54,0.015,0.2,2.0,5.0,25.0,OUTLET,50.0,6.2,3.0,7.0,627.6,L
SC_30537,RG_SANTACRUZ,2177157701,1.0,95.0,100.0,17.08,0.015,0.2,2.0,5.0,25.0,OUTLET,50.0,6.2,3.0,7.0,585.6,L
SC_30538,RG_SANTACRUZ,2177157701,1.0,65.3,100.0,17.69,0.015,0.2,2.0,5.0,25.0,OUTLET,50.0,6.2,3.0,7.0,558.6,L
SC_30539,RG_SANTACRUZ,2177157701,1.0,83.5,100.0,7.3,0.015,0.2,2.0,5.0,25.0,OUTLET,50.0,6.2,3.0,7.0,548.7,L
SC_30540,RG_SANTACRUZ,2177157701,1.0,43.0,100.0,14.77,0.015,0.2,2.0,5.0,25.0,OUTLET,50.0,6.2,3.0,7.0,556.8,L
SC_30541,RG_SANTACRUZ,2177157701,1.0,74.4,100.0,26.3,0.015,0.2,2.0,5.0,25.0,OUTLET,50.0,6.2,3.0,7.0,582.3,L
SC_30542,RG_SANTACRUZ,2177156901,1.0,95.0,100.0,12.01,0.015,0.2,2.0,5.0,25.0,OUTLET,50.0,6.2,3.0,7.0,602.4,L
SC_30773,RG_SANTACRUZ,2178112004,1.0,93.4,100.0,46.54,0.015,0.2,2.0,5.0,25.0,OUTLET,50.0,6.2,3.0,7.0,118.1,L
SC_30774,RG_SANTACRUZ,2178113103,1.0,95.0,100.0,26.77,0.015,0.2,2.0,5.0,25.0,OUTLET,50.0,6.2,3.0,7.0,52.9,L
SC_30775,RG_SANTACRUZ,2178113103,1.0,33.9,100.0,7.97,0.015,0.2,2.0,5.0,25.0,OUTLET,50.0,6.2,3.0,7.0,55.5,L
SC_30776,RG_SANTACRUZ,2178113103,1.0,77.7,100.0,7.07,0.015,0.2,2.0,5.0,25.0,OUTLET,50.0,6.2,3.0,7.0,152.9,L
SC_30779,RG_SANTACRUZ,2178113504!,1.0,95.0,100.0,7.04,0.015,0.2,2.0,5.0,25.0,OUTLET,50.0,6.2,3.0,7.0,52.9,L
SC_30780,RG_SANTACRUZ,2178113505,1.0,64.5,100.0,8.85,0.015,0.2,2.0,5.0,25.0,OUTLET,50.0,6.2,3.0,7.0,146.7,L
SC_30781,RG_SANTACRUZ,2178114601!,1.0,67.8,100.0,13.69,0.015,0.2,2.0,5.0,25.0,OUTLET,50.0,6.2,3.0,7.0,241.2,L
SC_30782,RG_SANTACRUZ,2178125001!,1.0,95.0,100.0,8.65,0.015,0.2,2.0,5.0,25.0,OUTLET,50.0,6.2,3.0,7.0,225.5,L
SC_30783,RG_SANTACRUZ,2178125001!,1.0,62.0,100.0,9.52,0.015,0.2,2.0,5.0,25.0,OUTLET,50.0,6.2,3.0,7.0,197.1,L
SC_30787,RG_SANTACRUZ,2178124201!,1.0,87.6,100.0,4.88,0.015,0.2,2.0,5.0,25.0,OUTLET,50.0,6.2,3.0,7.0,232.2,L
SC_30788,RG_SANTACRUZ,2178124201!,1.0,87.6,100.0,11.39,0.015,0.2,2.0,5.0,25.0,OUTLET,50.0,6.2,3.0,7.0,322.9,L
SC_30789,RG_SANTACRUZ,2178125801,1.0,83.5,100.0,13.99,0.015,0.2,2.0,5.0,25.0,OUTLET,50.0,6.2,3.0,7.0,265.9,L
SC_30790,RG_SANTACRUZ,2178124801,1.0,84.3,100.0,6.68,0.015,0.2,2.0,5.0,25.0,OUTLET,50.0,6.2,3.0,7.0,184.9,L
SC_30791,RG_SANTACRUZ,2178124901,1.0,82.6,100.0,3.83,0.015,0.2,2.0,5.0,25.0,OUTLET,50.0,6.2,3.0,7.0,105.8,L
SC_30792,RG_SANTACRUZ,2178123902,1.0,95.0,100.0,6.66,0.015,0.2,2.0,5.0,25.0,OUTLET,50.0,6.2,3.0,7.0,35.2,L
SC_30793,RG_SANTACRUZ,2178133003,1.0,95.0,100.0,9.1,0.015,0.2,2.0,5.0,25.0,OUTLET,50.0,6.2,3.0,7.0,29.9,L
SC_30794,RG_SANTACRUZ,2178132104,1.0,95.0,100.0,12.04,0.015,0.2,2.0,5.0,25.0,OUTLET,50.0,6.2,3.0,7.0,83.3,L
SC_30795,RG_SANTACRUZ,2178132101,1.0,95.0,100.0,5.69,0.015,0.2,2.0,5.0,25.0,OUTLET,50.0,6.2,3.0,7.0,130.1,L
SC_30796,RG_SANTACRUZ,2178133404,1.0,95.0,100.0,2.59,0.015,0.2,2.0,5.0,25.0,OUTLET,50.0,6.2,3.0,7.0,126.5,L
SC_30797,RG_SANTACRUZ,2178133403,1.0,95.0,100.0,1.04,0.015,0.2,2.0,5.0,25.0,OUTLET,50.0,6.2,3.0,7.0,30.1,L
SC_30798,RG_SANTACRUZ,2178133401,1.0,95.0,100.0,2.42,0.015,0.2,2.0,5.0,25.0,OUTLET,50.0,6.2,3.0,7.0,46.4,L
SC_30799,RG_SANTACRUZ,2178133601,1.0,84.3,100.0,2.55,0.015,0.2,2.0,5.0,25.0,OUTLET,50.0,6.2,3.0,7.0,61.1,L
SC_30800,RG_SANTACRUZ,2178133702,1.0,95.0,100.0,1.99,0.015,0.2,2.0,5.0,25.0,OUTLET,50.0,6.2,3.0,7.0,24.1,L
SC_30801,RG_SANTACRUZ,2178134801,1.0,95.0,100.0,2.26,0.015,0.2,2.0,5.0,25.0,OUTLET,50.0,6.2,3.0,7.0,63.3,L
SC_30802,RG_SANTACRUZ,2178133901,1.0,95.0,100.0,2.35,0.015,0.2,2.0,5.0,25.0,OUTLET,50.0,6.2,3.0,7.0,41.0,L
SC_30803,RG_SANTACRUZ,2178143004,1.0,95.0,100.0,3.26,0.015,0.2,2.0,5.0,25.0,OUTLET,50.0,6.2,3.0,7.0,10.2,L
SC_30804,RG_SANTACRUZ,2178142104,1.0,95.0,100.0,4.09,0.015,0.2,2.0,5.0,25.0,OUTLET,50.0,6.2,3.0,7.0,68.4,L
SC_30805,RG_SANTACRUZ,2178142204,1.0,95.0,100.0,1.93,0.015,0.2,2.0,5.0,25.0,OUTLET,50.0,6.2,3.0,7.0,66.6,L
SC_30806,RG_SANTACRUZ,2178143302,1.0,95.0,100.0,5.96,0.015,0.2,2.0,5.0,25.0,OUTLET,50.0,6.2,3.0,7.0,29.0,L
SC_30807,RG_SANTACRUZ,2178143402,1.0,95.0,100.0,16.16,0.015,0.2,2.0,5.0,25.0,OUTLET,50.0,6.2,3.0,7.0,7.6,L
SC_30808,RG_SANTACRUZ,2178143402,1.0,95.0,100.0,13.06,0.015,0.2,2.0,5.0,25.0,OUTLET,50.0,6.2,3.0,7.0,103.9,L
SC_30809,RG_SANTACRUZ,2178143402,1.0,92.6,100.0,25.16,0.015,0.2,2.0,5.0,25.0,OUTLET,50.0,6.2,3.0,7.0,203.8,L
SC_30810,RG_SANTACRUZ,2178143402,1.0,95.0,100.0,19.6,0.015,0.2,2.0,5.0,25.0,OUTLET,50.0,6.2,3.0,7.0,303.8,L
SC_30811,RG_SANTACRUZ,2178143402,1.0,70.2,100.0,30.33,0.015,0.2,2.0,5.0,25.0,OUTLET,50.0,6.2,3.0,7.0,403.7,L
SC_30812,RG_SANTACRUZ,2178143402,1.0,62.8,100.0,23.17,0.015,0.2,2.0,5.0,25.0,OUTLET,50.0,6.2,3.0,7.0,503.7,L
SC_30813,RG_SANTACRUZ,2178148801,1.0,48.8,100.0,27.41,0.015,0.2,2.0,5.0,25.0,OUTLET,50.0,6.2,3.0,7.0,558.9,L
SC_30814,RG_SANTACRUZ,2178148801,1.0,31.4,100.0,48.13,0.015,0.2,2.0,5.0,25.0,OUTLET,50.0,6.2,3.0,7.0,606.6,L
SC_30815,RG_SANTACRUZ,2178148801,1.0,41.3,100.0,44.53,0.015,0.2,2.0,5.0,25.0,OUTLET,50.0,6.2,3.0,7.0,666.1,L
SC_30816,RG_SANTACRUZ,2178148801,1.0,52.1,100.0,20.02,0.015,0.2,2.0,5.0,25.0,OUTLET,50.0,6.2,3.0,7.0,734.3,L
SC_30817,RG_SANTACRUZ,2177157701,1.0,68.6,100.0,17.27,0.015,0.2,2.0,5.0,25.0,OUTLET,50.0,6.2,3.0,7.0,716.7,L
SC_30818,RG_SANTACRUZ,2177157701,1.0,95.0,100.0,18.03,0.015,0.2,2.0,5.0,25.0,OUTLET,50.0,6.2,3.0,7.0,680.2,L
SC_30819,RG_SANTACRUZ,2177157701,1.0,94.2,100.0,11.98,0.015,0.2,2.0,5.0,25.0,OUTLET,50.0,6.2,3.0,7.0,657.1,L
SC_30820,RG_SANTACRUZ,2177157701,1.0,95.0,100.0,5.64,0.015,0.2,2.0,5.0,25.0,OUTLET,50.0,6.2,3.0,7.0,648.7,L
SC_30821,RG_SANTACRUZ,2177157701,1.0,95.0,100.0,22.14,0.015,0.2,2.0,5.0,25.0,OUTLET,50.0,6.2,3.0,7.0,655.6,L
SC_30822,RG_SANTACRUZ,2177157701,1.0,88.4,100.0,23.78,0.015,0.2,2.0,5.0,25.0,OUTLET,50.0,6.2,3.0,7.0,677.4,L
SC_31061,RG_SANTACRUZ,2178114602,1.0,62.8,100.0,5.72,0.015,0.2,2.0,5.0,25.0,OUTLET,50.0,6.2,3.0,7.0,20.8,L
SC_31063,RG_SANTACRUZ,2178115901,1.0,77.7,100.0,5.41,0.015,0.2,2.0,5.0,25.0,OUTLET,50.0,6.2,3.0,7.0,197.7,L
SC_31064,RG_SANTACRUZ,2178115901,1.0,95.0,100.0,8.17,0.015,0.2,2.0,5.0,25.0,OUTLET,50.0,6.2,3.0,7.0,135.7,L
SC_31065,RG_SANTACRUZ,2178125001!,1.0,95.0,100.0,10.41,0.015,0.2,2.0,5.0,25.0,OUTLET,50.0,6.2,3.0,7.0,97.4,L
SC_31066,RG_SANTACRUZ,2178124202,1.0,93.4,100.0,4.47,0.015,0.2,2.0,5.0,25.0,OUTLET,50.0,6.2,3.0,7.0,68.3,L
SC_31069,RG_SANTACRUZ,2178124201!,1.0,95.0,100.0,13.71,0.015,0.2,2.0,5.0,25.0,OUTLET,50.0,6.2,3.0,7.0,202.2,L
SC_31070,RG_SANTACRUZ,2178124201!,1.0,49.6,100.0,8.75,0.015,0.2,2.0,5.0,25.0,OUTLET,50.0,6.2,3.0,7.0,302.1,L
SC_31071,RG_SANTACRUZ,2178125801,1.0,59.5,100.0,13.94,0.015,0.2,2.0,5.0,25.0,OUTLET,50.0,6.2,3.0,7.0,213.2,L
SC_31072,RG_SANTACRUZ,2178125801,1.0,93.4,100.0,5.21,0.015,0.2,2.0,5.0,25.0,OUTLET,50.0,6.2,3.0,7.0,125.1,L
SC_31073,RG_SANTACRUZ,2178124802,1.0,95.0,100.0,5.41,0.015,0.2,2.0,5.0,25.0,OUTLET,50.0,6.2,3.0,7.0,46.1,L
SC_31074,RG_SANTACRUZ,2178124902,1.0,85.1,100.0,6.37,0.015,0.2,2.0,5.0,25.0,OUTLET,50.0,6.2,3.0,7.0,36.3,L
SC_31075,RG_SANTACRUZ,2178123902,1.0,82.7,100.0,25.39,0.015,0.2,2.0,5.0,25.0,OUTLET,50.0,6.2,3.0,7.0,108.1,L
SC_31076,RG_SANTACRUZ,2178133001,1.0,90.1,100.0,29.02,0.015,0.2,2.0,5.0,25.0,OUTLET,50.0,6.2,3.0,7.0,163.1,L
SC_31077,RG_SANTACRUZ,2178134402,1.0,85.1,100.0,19.99,0.015,0.2,2.0,5.0,25.0,OUTLET,50.0,6.2,3.0,7.0,215.0,L
SC_31078,RG_SANTACRUZ,2178134402,1.0,95.0,100.0,5.55,0.015,0.2,2.0,5.0,25.0,OUTLET,50.0,6.2,3.0,7.0,115.1,L
SC_31079,RG_SANTACRUZ,2178134402,1.0,86.0,100.0,3.28,0.015,0.2,2.0,5.0,25.0,OUTLET,50.0,6.2,3.0,7.0,16.8,L
SC_31080,RG_SANTACRUZ,2178134402,1.0,95.0,100.0,1.42,0.015,0.2,2.0,5.0,25.0,OUTLET,50.0,6.2,3.0,7.0,85.5,L
SC_31081,RG_SANTACRUZ,2178133707,1.0,95.0,100.0,3.56,0.015,0.2,2.0,5.0,25.0,OUTLET,50.0,6.2,3.0,7.0,143.4,L
SC_31082,RG_SANTACRUZ,2178133707,1.0,95.0,100.0,3.29,0.015,0.2,2.0,5.0,25.0,OUTLET,50.0,6.2,3.0,7.0,68.6,L
SC_31083,RG_SANTACRUZ,2178134806,1.0,95.0,100.0,1.57,0.015,0.2,2.0,5.0,25.0,OUTLET,50.0,6.2,3.0,7.0,4.1,L
SC_31084,RG_SANTACRUZ,2178133901,1.0,95.0,100.0,2.16,0.015,0.2,2.0,5.0,25.0,OUTLET,50.0,6.2,3.0,7.0,63.8,L
SC_31085,RG_SANTACRUZ,2178144001,1.0,95.0,100.0,3.42,0.015,0.2,2.0,5.0,25.0,OUTLET,50.0,6.2,3.0,7.0,61.7,L
SC_31086,RG_SANTACRUZ,2178144102,1.0,95.0,100.0,3.91,0.015,0.2,2.0,5.0,25.0,OUTLET,50.0,6.2,3.0,7.0,26.7,L
SC_31087,RG_SANTACRUZ,2178145102,1.0,95.0,100.0,2.0,0.015,0.2,2.0,5.0,25.0,OUTLET,50.0,6.2,3.0,7.0,114.6,L
SC_31088,RG_SANTACRUZ,2178143303,1.0,95.0,100.0,5.08,0.015,0.2,2.0,5.0,25.0,OUTLET,50.0,6.2,3.0,7.0,125.6,L
SC_31089,RG_SANTACRUZ,2178143402,1.0,86.0,100.0,13.1,0.015,0.2,2.0,5.0,25.0,OUTLET,50.0,6.2,3.0,7.0,93.4,L
SC_31090,RG_SANTACRUZ,2178143402,1.0,92.6,100.0,7.51,0.015,0.2,2.0,5.0,25.0,OUTLET,50.0,6.2,3.0,7.0,139.5,L
SC_31091,RG_SANTACRUZ,2178143402,1.0,42.1,100.0,15.28,0.015,0.2,2.0,5.0,25.0,OUTLET,50.0,6.2,3.0,7.0,224.0,L
SC_31092,RG_SANTACRUZ,2178143402,1.0,95.0,100.0,18.2,0.015,0.2,2.0,5.0,25.0,OUTLET,50.0,6.2,3.0,7.0,317.7,L
SC_31093,RG_SANTACRUZ,2178148801,1.0,94.2,100.0,18.77,0.015,0.2,2.0,5.0,25.0,OUTLET,50.0,6.2,3.0,7.0,411.3,L
SC_31094,RG_SANTACRUZ,2178148801,1.0,95.0,100.0,14.03,0.015,0.2,2.0,5.0,25.0,OUTLET,50.0,6.2,3.0,7.0,429.8,L
SC_31095,RG_SANTACRUZ,2178148801,1.0,72.7,100.0,23.04,0.015,0.2,2.0,5.0,25.0,OUTLET,50.0,6.2,3.0,7.0,469.4,L
SC_31096,RG_SANTACRUZ,2178148801,1.0,72.7,100.0,35.8,0.015,0.2,2.0,5.0,25.0,OUTLET,50.0,6.2,3.0,7.0,525.3,L
SC_31097,RG_SANTACRUZ,2178148801,1.0,55.4,100.0,46.65,0.015,0.2,2.0,5.0,25.0,OUTLET,50.0,6.2,3.0,7.0,592.9,L
SC_31098,RG_SANTACRUZ,2178148801,1.0,49.6,100.0,21.66,0.015,0.2,2.0,5.0,25.0,OUTLET,50.0,6.2,3.0,7.0,668.7,L
SC_31099,RG_SANTACRUZ,2178148801,1.0,55.4,100.0,37.68,0.015,0.2,2.0,5.0,25.0,OUTLET,50.0,6.2,3.0,7.0,750.2,L
SC_31100,RG_SANTACRUZ,2177157701,1.0,81.8,100.0,29.69,0.015,0.2,2.0,5.0,25.0,OUTLET,50.0,6.2,3.0,7.0,776.1,L
SC_31101,RG_SANTACRUZ,2177157701,1.0,66.1,100.0,9.91,0.015,0.2,2.0,5.0,25.0,OUTLET,50.0,6.2,3.0,7.0,755.9,L
SC_31102,RG_SANTACRUZ,2177157701,1.0,68.6,100.0,20.19,0.015,0.2,2.0,5.0,25.0,OUTLET,50.0,6.2,3.0,7.0,748.7,L
SC_31103,RG_SANTACRUZ,2177157701,1.0,73.6,100.0,23.25,0.015,0.2,2.0,5.0,25.0,OUTLET,50.0,6.2,3.0,7.0,754.7,L
SC_31104,RG_SANTACRUZ,2177157701,1.0,90.9,100.0,24.65,0.015,0.2,2.0,5.0,25.0,OUTLET,50.0,6.2,3.0,7.0,773.7,L
SC_31351,RG_SANTACRUZ,2178124201!,1.0,95.0,100.0,15.93,0.015,0.2,2.0,5.0,25.0,OUTLET,50.0,6.2,3.0,7.0,218.8,L
SC_31352,RG_SANTACRUZ,2178125801,1.0,86.8,100.0,11.49,0.015,0.2,2.0,5.0,25.0,OUTLET,50.0,6.2,3.0,7.0,300.1,L
SC_31353,RG_SANTACRUZ,2178125801,1.0,94.2,100.0,5.51,0.015,0.2,2.0,5.0,25.0,OUTLET,50.0,6.2,3.0,7.0,200.5,L
SC_31354,RG_SANTACRUZ,2178125801,1.0,95.0,100.0,5.4,0.015,0.2,2.0,5.0,25.0,OUTLET,50.0,6.2,3.0,7.0,101.9,L
SC_31355,RG_SANTACRUZ,2178125801,1.0,95.0,100.0,4.1,0.015,0.2,2.0,5.0,25.0,OUTLET,50.0,6.2,3.0,7.0,23.8,L
SC_31356,RG_SANTACRUZ,2178125901,1.0,93.4,100.0,7.63,0.015,0.2,2.0,5.0,25.0,OUTLET,50.0,6.2,3.0,7.0,15.0,L
SC_31357,RG_SANTACRUZ,2178125901,1.0,90.9,100.0,25.35,0.015,0.2,2.0,5.0,25.0,OUTLET,50.0,6.2,3.0,7.0,113.7,L
SC_31358,RG_SANTACRUZ,2178125901,1.0,91.7,100.0,17.11,0.015,0.2,2.0,5.0,25.0,OUTLET,50.0,6.2,3.0,7.0,213.6,L
SC_31359,RG_SANTACRUZ,2178135401,1.0,95.0,100.0,33.87,0.015,0.2,2.0,5.0,25.0,OUTLET,50.0,6.2,3.0,7.0,215.1,L
SC_31360,RG_SANTACRUZ,2178135401,1.0,95.0,100.0,13.46,0.015,0.2,2.0,5.0,25.0,OUTLET,50.0,6.2,3.0,7.0,119.2,L
SC_31361,RG_SANTACRUZ,2178135404,1.0,95.0,100.0,5.04,0.015,0.2,2.0,5.0,25.0,OUTLET,50.0,6.2,3.0,7.0,25.2,L
SC_31362,RG_SANTACRUZ,2178135403,1.0,95.0,100.0,4.54,0.015,0.2,2.0,5.0,25.0,OUTLET,50.0,6.2,3.0,7.0,52.7,L
SC_31363,RG_SANTACRUZ,2178136701,1.0,95.0,100.0,2.79,0.015,0.2,2.0,5.0,25.0,OUTLET,50.0,6.2,3.0,7.0,142.3,L
SC_31364,RG_SANTACRUZ,2178136701,1.0,95.0,100.0,1.59,0.015,0.2,2.0,5.0,25.0,OUTLET,50.0,6.2,3.0,7.0,59.8,L
SC_31365,RG_SANTACRUZ,2178135802,1.0,95.0,100.0,1.84,0.015,0.2,2.0,5.0,25.0,OUTLET,50.0,6.2,3.0,7.0,46.6,L
SC_31366,RG_SANTACRUZ,2178135802,1.0,95.0,100.0,2.27,0.015,0.2,2.0,5.0,25.0,OUTLET,50.0,6.2,3.0,7.0,55.6,L
SC_31367,RG_SANTACRUZ,2178144106,1.0,95.0,100.0,2.52,0.015,0.2,2.0,5.0,25.0,OUTLET,50.0,6.2,3.0,7.0,100.5,L
SC_31368,RG_SANTACRUZ,2178145105,1.0,95.0,100.0,2.38,0.015,0.2,2.0,5.0,25.0,OUTLET,50.0,6.2,3.0,7.0,14.9,L
SC_31369,RG_SANTACRUZ,2178146101,1.0,95.0,100.0,2.61,0.015,0.2,2.0,5.0,25.0,OUTLET,50.0,6.2,3.0,7.0,67.1,L
SC_31370,RG_SANTACRUZ,2178146202,1.0,66.1,100.0,8.52,0.015,0.2,2.0,5.0,25.0,OUTLET,50.0,6.2,3.0,7.0,149.4,L
SC_31371,RG_SANTACRUZ,2178143402,1.0,5.0,100.0,8.32,0.015,0.2,2.0,5.0,25.0,OUTLET,50.0,6.2,3.0,7.0,193.4,L
SC_31372,RG_SANTACRUZ,2178143402,1.0,79.3,100.0,9.36,0.015,0.2,2.0,5.0,25.0,OUTLET,50.0,6.2,3.0,7.0,219.4,L
SC_31373,RG_SANTACRUZ,2178143402,1.0,22.3,100.0,13.57,0.015,0.2,2.0,5.0,25.0,OUTLET,50.0,6.2,3.0,7.0,280.8,L
SC_31374,RG_SANTACRUZ,2178148701,1.0,14.9,100.0,19.35,0.015,0.2,2.0,5.0,25.0,OUTLET,50.0,6.2,3.0,7.0,295.7,L
SC_31375,RG_SANTACRUZ,2178148801,1.0,47.9,100.0,10.12,0.015,0.2,2.0,5.0,25.0,OUTLET,50.0,6.2,3.0,7.0,311.6,L
SC_31376,RG_SANTACRUZ,2178148801,1.0,45.5,100.0,5.69,0.015,0.2,2.0,5.0,25.0,OUTLET,50.0,6.2,3.0,7.0,335.7,L
SC_31377,RG_SANTACRUZ,2178148801,1.0,30.6,100.0,15.34,0.015,0.2,2.0,5.0,25.0,OUTLET,50.0,6.2,3.0,7.0,385.1,L
SC_31378,RG_SANTACRUZ,2178148801,1.0,43.0,100.0,16.84,0.015,0.2,2.0,5.0,25.0,OUTLET,50.0,6.2,3.0,7.0,451.6,L
SC_31379,RG_SANTACRUZ,2178148801,1.0,76.9,100.0,40.01,0.015,0.2,2.0,5.0,25.0,OUTLET,50.0,6.2,3.0,7.0,528.7,L
SC_31380,RG_SANTACRUZ,2178148801,1.0,62.8,100.0,41.69,0.015,0.2,2.0,5.0,25.0,OUTLET,50.0,6.2,3.0,7.0,612.5,L
SC_31381,RG_SANTACRUZ,2178148801,1.0,79.3,100.0,36.98,0.015,0.2,2.0,5.0,25.0,OUTLET,50.0,6.2,3.0,7.0,700.5,L
SC_31382,RG_SANTACRUZ,2178148801,1.0,32.7,100.0,37.39,0.015,0.2,2.0,5.0,25.0,OUTLET,50.0,6.2,3.0,7.0,791.4,L
SC_31383,RG_SANTACRUZ,2177157701,1.0,57.9,100.0,10.68,0.015,0.2,2.0,5.0,25.0,OUTLET,50.0,6.2,3.0,7.0,855.1,L
SC_31384,RG_SANTACRUZ,2177157701,1.0,60.3,100.0,14.94,0.015,0.2,2.0,5.0,25.0,OUTLET,50.0,6.2,3.0,7.0,848.6,L
SC_31385,RG_SANTACRUZ,2177157701,1.0,86.8,100.0,15.68,0.015,0.2,2.0,5.0,25.0,OUTLET,50.0,6.2,3.0,7.0,854.0,L
SC_31386,RG_SANTACRUZ,2177157701,1.0,43.0,100.0,17.5,0.015,0.2,2.0,5.0,25.0,OUTLET,50.0,6.2,3.0,7.0,870.8,L
SC_31631,RG_SANTACRUZ,2178125103,1.0,95.0,100.0,27.03,0.015,0.2,2.0,5.0,25.0,OUTLET,50.0,6.2,3.0,7.0,186.4,L
SC_31632,RG_SANTACRUZ,2178124201!,1.0,95.0,100.0,14.69,0.015,0.2,2.0,5.0,25.0,OUTLET,50.0,6.2,3.0,7.0,273.6,L
SC_31633,RG_SANTACRUZ,2178125801,1.0,95.0,100.0,12.67,0.015,0.2,2.0,5.0,25.0,OUTLET,50.0,6.2,3.0,7.0,323.7,L
SC_31634,RG_SANTACRUZ,2178125801,1.0,95.0,100.0,7.41,0.015,0.2,2.0,5.0,25.0,OUTLET,50.0,6.2,3.0,7.0,234.4,L
SC_31635,RG_SANTACRUZ,2178125801,1.0,90.1,100.0,4.92,0.015,0.2,2.0,5.0,25.0,OUTLET,50.0,6.2,3.0,7.0,158.5,L
SC_31636,RG_SANTACRUZ,2178126901,1.0,90.1,100.0,2.91,0.015,0.2,2.0,5.0,25.0,OUTLET,50.0,6.2,3.0,7.0,84.8,L
SC_31637,RG_SANTACRUZ,2178126901,1.0,95.0,100.0,1.83,0.015,0.2,2.0,5.0,25.0,OUTLET,50.0,6.2,3.0,7.0,37.5,L
SC_31638,RG_SANTACRUZ,2178127901,1.0,92.7,100.0,7.56,0.015,0.2,2.0,5.0,25.0,OUTLET,50.0,6.2,3.0,7.0,103.1,L
SC_31639,RG_SANTACRUZ,2178138101,1.0,91.7,100.0,10.14,0.015,0.2,2.0,5.0,25.0,OUTLET,50.0,6.2,3.0,7.0,189.7,L
SC_31640,RG_SANTACRUZ,2178138101,1.0,95.0,100.0,10.79,0.015,0.2,2.0,5.0,25.0,OUTLET,50.0,6.2,3.0,7.0,208.0,L
SC_31641,RG_SANTACRUZ,2178136402,1.0,95.0,100.0,2.53,0.015,0.2,2.0,5.0,25.0,OUTLET,50.0,6.2,3.0,7.0,151.2,L
SC_31642,RG_SANTACRUZ,2178136402,1.0,95.0,100.0,3.47,0.015,0.2,2.0,5.0,25.0,OUTLET,50.0,6.2,3.0,7.0,51.4,L
SC_31643,RG_SANTACRUZ,2178136501,1.0,95.0,100.0,4.29,0.015,0.2,2.0,5.0,25.0,OUTLET,50.0,6.2,3.0,7.0,23.9,L
SC_31644,RG_SANTACRUZ,2178137601,1.0,95.0,100.0,4.02,0.015,0.2,2.0,5.0,25.0,OUTLET,50.0,6.2,3.0,7.0,50.2,L
SC_31645,RG_SANTACRUZ,2178136701,1.0,95.0,100.0,9.81,0.015,0.2,2.0,5.0,25.0,OUTLET,50.0,6.2,3.0,7.0,60.5,L
SC_31646,RG_SANTACRUZ,2178136801,1.0,95.0,100.0,5.46,0.015,0.2,2.0,5.0,25.0,OUTLET,50.0,6.2,3.0,7.0,30.9,L
SC_31647,RG_SANTACRUZ,2178136801,1.0,95.0,100.0,22.17,0.015,0.2,2.0,5.0,25.0,OUTLET,50.0,6.2,3.0,7.0,69.2,L
SC_31648,RG_SANTACRUZ,2178147001,1.0,89.3,100.0,30.31,0.015,0.2,2.0,5.0,25.0,OUTLET,50.0,6.2,3.0,7.0,116.7,L
SC_31649,RG_SANTACRUZ,2178146201,1.0,95.0,100.0,4.05,0.015,0.2,2.0,5.0,25.0,OUTLET,50.0,6.2,3.0,7.0,70.6,L
SC_31650,RG_SANTACRUZ,2178146203,1.0,95.0,100.0,7.8,0.015,0.2,2.0,5.0,25.0,OUTLET,50.0,6.2,3.0,7.0,27.6,L
SC_31651,RG_SANTACRUZ,2178146208,1.0,92.6,100.0,12.57,0.015,0.2,2.0,5.0,25.0,OUTLET,50.0,6.2,3.0,7.0,71.9,L
SC_31652,RG_SANTACRUZ,2178147302,1.0,74.4,100.0,14.63,0.015,0.2,2.0,5.0,25.0,OUTLET,50.0,6.2,3.0,7.0,158.2,L
SC_31653,RG_SANTACRUZ,2178148501,1.0,77.7,100.0,10.34,0.015,0.2,2.0,5.0,25.0,OUTLET,50.0,6.2,3.0,7.0,177.8,L
SC_31654,RG_SANTACRUZ,2178148501,1.0,24.0,100.0,19.93,0.015,0.2,2.0,5.0,25.0,OUTLET,50.0,6.2,3.0,7.0,200.9,L
SC_31655,RG_SANTACRUZ,2178148701,1.0,66.1,100.0,20.69,0.015,0.2,2.0,5.0,25.0,OUTLET,50.0,6.2,3.0,7.0,196.5,L
SC_31656,RG_SANTACRUZ,2178148801,1.0,37.2,100.0,12.75,0.015,0.2,2.0,5.0,25.0,OUTLET,50.0,6.2,3.0,7.0,212.2,L
SC_31657,RG_SANTACRUZ,2178148801,1.0,5.0,100.0,7.16,0.015,0.2,2.0,5.0,25.0,OUTLET,50.0,6.2,3.0,7.0,246.2,L
SC_31658,RG_SANTACRUZ,2178148801,1.0,5.0,100.0,14.39,0.015,0.2,2.0,5.0,25.0,OUTLET,50.0,6.2,3.0,7.0,310.2,L
SC_31659,RG_SANTACRUZ,2178148801,1.0,12.4,100.0,26.38,0.015,0.2,2.0,5.0,25.0,OUTLET,50.0,6.2,3.0,7.0,389.7,L
SC_31660,RG_SANTACRUZ,2178148801,1.0,73.6,100.0,20.85,0.015,0.2,2.0,5.0,25.0,OUTLET,50.0,6.2,3.0,7.0,476.9,L
SC_31661,RG_SANTACRUZ,2178148801,1.0,19.8,100.0,19.66,0.015,0.2,2.0,5.0,25.0,OUTLET,50.0,6.2,3.0,7.0,568.4,L
SC_31662,RG_SANTACRUZ,2178148801,1.0,36.4,100.0,25.22,0.015,0.2,2.0,5.0,25.0,OUTLET,50.0,6.2,3.0,7.0,662.3,L
SC_31663,RG_SANTACRUZ,2178148801,1.0,40.0,100.0,18.54,0.015,0.2,2.0,5.0,25.0,OUTLET,50.0,6.2,3.0,7.0,757.8,L
SC_31666,RG_SANTACRUZ,2177157701,1.0,68.6,100.0,18.78,0.015,0.2,2.0,5.0,25.0,OUTLET,50.0,6.2,3.0,7.0,953.4,L
SC_31667,RG_SANTACRUZ,2177157701,1.0,71.1,100.0,16.64,0.015,0.2,2.0,5.0,25.0,OUTLET,50.0,6.2,3.0,7.0,968.5,L
SC_31912,RG_SANTACRUZ,2178125103,1.0,95.0,100.0,22.43,0.015,0.2,2.0,5.0,25.0,OUTLET,50.0,6.2,3.0,7.0,247.9,L
SC_31913,RG_SANTACRUZ,2178125103,1.0,95.0,100.0,14.79,0.015,0.2,2.0,5.0,25.0,OUTLET,50.0,6.2,3.0,7.0,323.7,L
SC_31914,RG_SANTACRUZ,2178125801,1.0,95.0,100.0,10.92,0.015,0.2,2.0,5.0,25.0,OUTLET,50.0,6.2,3.0,7.0,373.5,L
SC_31915,RG_SANTACRUZ,2178125801,1.0,90.1,100.0,5.96,0.015,0.2,2.0,5.0,25.0,OUTLET,50.0,6.2,3.0,7.0,299.5,L
SC_31916,RG_SANTACRUZ,2178126901,1.0,95.0,100.0,5.34,0.015,0.2,2.0,5.0,25.0,OUTLET,50.0,6.2,3.0,7.0,221.8,L
SC_31917,RG_SANTACRUZ,2178127901,1.0,95.0,100.0,3.15,0.015,0.2,2.0,5.0,25.0,OUTLET,50.0,6.2,3.0,7.0,127.2,L
SC_31918,RG_SANTACRUZ,2178127901,1.0,76.9,100.0,3.78,0.015,0.2,2.0,5.0,25.0,OUTLET,50.0,6.2,3.0,7.0,38.8,L
SC_31919,RG_SANTACRUZ,2178127901,1.0,90.9,100.0,3.6,0.015,0.2,2.0,5.0,25.0,OUTLET,50.0,6.2,3.0,7.0,82.7,L
SC_31920,RG_SANTACRUZ,2178138101,1.0,91.7,100.0,1.36,0.015,0.2,2.0,5.0,25.0,OUTLET,50.0,6.2,3.0,7.0,90.2,L
SC_31921,RG_SANTACRUZ,2178138101,1.0,95.0,100.0,2.75,0.015,0.2,2.0,5.0,25.0,OUTLET,50.0,6.2,3.0,7.0,124.1,L
SC_31922,RG_SANTACRUZ,2178136404,1.0,95.0,100.0,4.25,0.015,0.2,2.0,5.0,25.0,OUTLET,50.0,6.2,3.0,7.0,180.1,L
SC_31923,RG_SANTACRUZ,2178136404,1.0,95.0,100.0,2.93,0.015,0.2,2.0,5.0,25.0,OUTLET,50.0,6.2,3.0,7.0,104.2,L
SC_31924,RG_SANTACRUZ,2178136502,1.0,95.0,100.0,3.31,0.015,0.2,2.0,5.0,25.0,OUTLET,50.0,6.2,3.0,7.0,74.7,L
SC_31925,RG_SANTACRUZ,2178137603,1.0,93.4,100.0,4.86,0.015,0.2,2.0,5.0,25.0,OUTLET,50.0,6.2,3.0,7.0,47.7,L
SC_31926,RG_SANTACRUZ,2178137603,1.0,84.3,100.0,12.11,0.015,0.2,2.0,5.0,25.0,OUTLET,50.0,6.2,3.0,7.0,64.7,L
SC_31927,RG_SANTACRUZ,2178137801,1.0,86.0,100.0,6.04,0.015,0.2,2.0,5.0,25.0,OUTLET,50.0,6.2,3.0,7.0,29.9,L
SC_31928,RG_SANTACRUZ,2178137801,1.0,95.0,100.0,20.28,0.015,0.2,2.0,5.0,25.0,OUTLET,50.0,6.2,3.0,7.0,70.2,L
SC_31929,RG_SANTACRUZ,2178147001,1.0,66.9,100.0,35.1,0.015,0.2,2.0,5.0,25.0,OUTLET,50.0,6.2,3.0,7.0,17.9,L
SC_31930,RG_SANTACRUZ,2178148201,1.0,93.4,100.0,13.06,0.015,0.2,2.0,5.0,25.0,OUTLET,50.0,6.2,3.0,7.0,84.6,L
SC_31931,RG_SANTACRUZ,2178147203,1.0,90.1,100.0,9.04,0.015,0.2,2.0,5.0,25.0,OUTLET,50.0,6.2,3.0,7.0,27.1,L
SC_31932,RG_SANTACRUZ,2178147302,1.0,77.7,100.0,11.84,0.015,0.2,2.0,5.0,25.0,OUTLET,50.0,6.2,3.0,7.0,20.3,L
SC_31933,RG_SANTACRUZ,2178148401,1.0,93.4,100.0,12.81,0.015,0.2,2.0,5.0,25.0,OUTLET,50.0,6.2,3.0,7.0,66.0,L
SC_31934,RG_SANTACRUZ,2178148501,1.0,81.0,100.0,12.94,0.015,0.2,2.0,5.0,25.0,OUTLET,50.0,6.2,3.0,7.0,77.9,L
SC_31935,RG_SANTACRUZ,2178148701,1.0,31.4,100.0,18.21,0.015,0.2,2.0,5.0,25.0,OUTLET,50.0,6.2,3.0,7.0,118.0,L
SC_31936,RG_SANTACRUZ,2178148701,1.0,60.3,100.0,11.31,0.015,0.2,2.0,5.0,25.0,OUTLET,50.0,6.2,3.0,7.0,98.7,L
SC_31937,RG_SANTACRUZ,2178148801,1.0,36.4,100.0,9.67,0.015,0.2,2.0,5.0,25.0,OUTLET,50.0,6.2,3.0,7.0,113.8,L
SC_31938,RG_SANTACRUZ,2178148801,1.0,8.3,100.0,8.67,0.015,0.2,2.0,5.0,25.0,OUTLET,50.0,6.2,3.0,7.0,169.0,L
SC_31939,RG_SANTACRUZ,2178148801,1.0,5.0,100.0,5.55,0.015,0.2,2.0,5.0,25.0,OUTLET,50.0,6.2,3.0,7.0,253.3,L
SC_31940,RG_SANTACRUZ,2178148801,1.0,5.0,100.0,21.23,0.015,0.2,2.0,5.0,25.0,OUTLET,50.0,6.2,3.0,7.0,346.1,L
SC_31941,RG_SANTACRUZ,2178148801,1.0,8.3,100.0,20.26,0.015,0.2,2.0,5.0,25.0,OUTLET,50.0,6.2,3.0,7.0,442.0,L
SC_31942,RG_SANTACRUZ,2178148801,1.0,24.8,100.0,16.81,0.015,0.2,2.0,5.0,25.0,OUTLET,50.0,6.2,3.0,7.0,539.4,L
SC_31943,RG_SANTACRUZ,2178148801,1.0,34.7,100.0,22.06,0.015,0.2,2.0,5.0,25.0,OUTLET,50.0,6.2,3.0,7.0,637.7,L
SC_32193,RG_SANTACRUZ,2179122305,1.0,95.0,100.0,23.9,0.015,0.2,2.0,5.0,25.0,OUTLET,50.0,6.2,3.0,7.0,367.1,L
SC_32194,RG_SANTACRUZ,2179122501,1.0,95.0,100.0,13.56,0.015,0.2,2.0,5.0,25.0,OUTLET,50.0,6.2,3.0,7.0,394.7,L
SC_32195,RG_SANTACRUZ,2178128901,1.0,95.0,100.0,8.39,0.015,0.2,2.0,5.0,25.0,OUTLET,50.0,6.2,3.0,7.0,330.5,L
SC_32196,RG_SANTACRUZ,2178128901,1.0,95.0,100.0,10.93,0.015,0.2,2.0,5.0,25.0,OUTLET,50.0,6.2,3.0,7.0,231.1,L
SC_32197,RG_SANTACRUZ,2178128901,1.0,95.0,100.0,3.43,0.015,0.2,2.0,5.0,25.0,OUTLET,50.0,6.2,3.0,7.0,132.6,L
SC_32198,RG_SANTACRUZ,2178128901,1.0,95.0,100.0,2.93,0.015,0.2,2.0,5.0,25.0,OUTLET,50.0,6.2,3.0,7.0,42.0,L
SC_32199,RG_SANTACRUZ,2178128901,1.0,95.0,100.0,9.62,0.015,0.2,2.0,5.0,25.0,OUTLET,50.0,6.2,3.0,7.0,77.1,L
SC_32200,RG_SANTACRUZ,2178138101,1.0,95.0,100.0,5.97,0.015,0.2,2.0,5.0,25.0,OUTLET,50.0,6.2,3.0,7.0,17.4,L
SC_32201,RG_SANTACRUZ,2178138101,1.0,95.0,100.0,4.22,0.015,0.2,2.0,5.0,25.0,OUTLET,50.0,6.2,3.0,7.0,87.1,L
SC_32202,RG_SANTACRUZ,2178138101,1.0,95.0,100.0,5.44,0.015,0.2,2.0,5.0,25.0,OUTLET,50.0,6.2,3.0,7.0,186.7,L
SC_32203,RG_SANTACRUZ,2178136404,1.0,95.0,100.0,1.56,0.015,0.2,2.0,5.0,25.0,OUTLET,50.0,6.2,3.0,7.0,195.4,L
SC_32204,RG_SANTACRUZ,2178138601,1.0,95.0,100.0,3.7,0.015,0.2,2.0,5.0,25.0,OUTLET,50.0,6.2,3.0,7.0,101.6,L
SC_32205,RG_SANTACRUZ,2178138601,1.0,95.0,100.0,4.17,0.015,0.2,2.0,5.0,25.0,OUTLET,50.0,6.2,3.0,7.0,29.1,L
SC_32206,RG_SANTACRUZ,2178138601,1.0,95.0,100.0,6.7,0.015,0.2,2.0,5.0,25.0,OUTLET,50.0,6.2,3.0,7.0,106.6,L
SC_32207,RG_SANTACRUZ,2178137801,1.0,81.8,100.0,10.78,0.015,0.2,2.0,5.0,25.0,OUTLET,50.0,6.2,3.0,7.0,102.9,L
SC_32208,RG_SANTACRUZ,2178137801,1.0,84.3,100.0,19.81,0.015,0.2,2.0,5.0,25.0,OUTLET,50.0,6.2,3.0,7.0,120.9,L
SC_32209,RG_SANTACRUZ,2178147001,1.0,88.4,100.0,27.33,0.015,0.2,2.0,5.0,25.0,OUTLET,50.0,6.2,3.0,7.0,83.9,L
SC_32210,RG_SANTACRUZ,2178148201,1.0,25.6,100.0,22.74,0.015,0.2,2.0,5.0,25.0,OUTLET,50.0,6.2,3.0,7.0,87.8,L
SC_32211,RG_SANTACRUZ,2178148201,1.0,5.0,100.0,3.74,0.015,0.2,2.0,5.0,25.0,OUTLET,50.0,6.2,3.0,7.0,60.6,L
SC_32212,RG_SANTACRUZ,2178148301,1.0,19.0,100.0,7.61,0.015,0.2,2.0,5.0,25.0,OUTLET,50.0,6.2,3.0,7.0,49.1,L
SC_32213,RG_SANTACRUZ,2178148401,1.0,72.7,100.0,11.98,0.015,0.2,2.0,5.0,25.0,OUTLET,50.0,6.2,3.0,7.0,36.1,L
SC_32214,RG_SANTACRUZ,2178148501,1.0,66.9,100.0,32.89,0.015,0.2,2.0,5.0,25.0,OUTLET,50.0,6.2,3.0,7.0,23.2,L
SC_32215,RG_SANTACRUZ,2178148701,1.0,20.7,100.0,26.13,0.015,0.2,2.0,5.0,25.0,OUTLET,50.0,6.2,3.0,7.0,71.1,L
SC_32216,RG_SANTACRUZ,2178148701,1.0,30.6,100.0,17.66,0.015,0.2,2.0,5.0,25.0,OUTLET,50.0,6.2,3.0,7.0,29.7,L
SC_32217,RG_SANTACRUZ,2178148801,1.0,26.4,100.0,9.87,0.015,0.2,2.0,5.0,25.0,OUTLET,50.0,6.2,3.0,7.0,29.9,L
SC_32218,RG_SANTACRUZ,2178148801,1.0,19.8,100.0,8.15,0.015,0.2,2.0,5.0,25.0,OUTLET,50.0,6.2,3.0,7.0,128.5,L
SC_32219,RG_SANTACRUZ,2178148801,1.0,14.9,100.0,7.79,0.015,0.2,2.0,5.0,25.0,OUTLET,50.0,6.2,3.0,7.0,228.3,L
SC_32220,RG_SANTACRUZ,2178148801,1.0,5.0,100.0,8.56,0.015,0.2,2.0,5.0,25.0,OUTLET,50.0,6.2,3.0,7.0,328.2,L
SC_32221,RG_SANTACRUZ,2178148801,1.0,5.0,100.0,25.5,0.015,0.2,2.0,5.0,25.0,OUTLET,50.0,6.2,3.0,7.0,428.2,L
SC_32222,RG_SANTACRUZ,2178148801,1.0,5.0,100.0,18.38,0.015,0.2,2.0,5.0,25.0,OUTLET,50.0,6.2,3.0,7.0,528.1,L
SC_32223,RG_SANTACRUZ,2178148801,1.0,5.0,100.0,24.56,0.015,0.2,2.0,5.0,25.0,OUTLET,50.0,6.2,3.0,7.0,628.1,L
SC_32473,RG_SANTACRUZ,2179122305,1.0,81.8,100.0,16.35,0.015,0.2,2.0,5.0,25.0,OUTLET,50.0,6.2,3.0,7.0,270.7,L
SC_32474,RG_SANTACRUZ,2179122501,1.0,84.3,100.0,10.66,0.015,0.2,2.0,5.0,25.0,OUTLET,50.0,6.2,3.0,7.0,295.4,L
SC_32475,RG_SANTACRUZ,2179122602,1.0,95.0,100.0,14.97,0.015,0.2,2.0,5.0,25.0,OUTLET,50.0,6.2,3.0,7.0,275.1,L
SC_32476,RG_SANTACRUZ,2179121802,1.0,73.6,100.0,21.04,0.015,0.2,2.0,5.0,25.0,OUTLET,50.0,6.2,3.0,7.0,255.6,L
SC_32477,RG_SANTACRUZ,2178128901,1.0,86.8,100.0,20.78,0.015,0.2,2.0,5.0,25.0,OUTLET,50.0,6.2,3.0,7.0,183.4,L
SC_32478,RG_SANTACRUZ,2178128901,1.0,93.4,100.0,21.62,0.015,0.2,2.0,5.0,25.0,OUTLET,50.0,6.2,3.0,7.0,133.5,L
SC_32479,RG_SANTACRUZ,2178128901,1.0,70.9,100.0,40.38,0.015,0.2,2.0,5.0,25.0,OUTLET,50.0,6.2,3.0,7.0,148.3,L
SC_32480,RG_SANTACRUZ,2178138101,1.0,52.1,100.0,32.82,0.015,0.2,2.0,5.0,25.0,OUTLET,50.0,6.2,3.0,7.0,111.7,L
SC_32481,RG_SANTACRUZ,2178138101,1.0,95.0,100.0,12.63,0.015,0.2,2.0,5.0,25.0,OUTLET,50.0,6.2,3.0,7.0,140.5,L
SC_32482,RG_SANTACRUZ,2178138101,1.0,95.0,100.0,15.9,0.015,0.2,2.0,5.0,25.0,OUTLET,50.0,6.2,3.0,7.0,216.8,L
SC_32483,RG_SANTACRUZ,2179130501,1.0,90.1,100.0,6.17,0.015,0.2,2.0,5.0,25.0,OUTLET,50.0,6.2,3.0,7.0,168.8,L
SC_32484,RG_SANTACRUZ,2178139601,1.0,89.3,100.0,4.01,0.015,0.2,2.0,5.0,25.0,OUTLET,50.0,6.2,3.0,7.0,72.0,L
SC_32485,RG_SANTACRUZ,2178139601,1.0,94.2,100.0,3.5,0.015,0.2,2.0,5.0,25.0,OUTLET,50.0,6.2,3.0,7.0,42.2,L
SC_32486,RG_SANTACRUZ,2178138601,1.0,95.0,100.0,4.33,0.015,0.2,2.0,5.0,25.0,OUTLET,50.0,6.2,3.0,7.0,124.8,L
SC_32487,RG_SANTACRUZ,2178137801,1.0,95.0,100.0,50.09,0.015,0.2,2.0,5.0,25.0,OUTLET,50.0,6.2,3.0,7.0,200.7,L
SC_32488,RG_SANTACRUZ,2178137801,1.0,68.6,100.0,32.45,0.015,0.2,2.0,5.0,25.0,OUTLET,50.0,6.2,3.0,7.0,210.5,L
SC_32489,RG_SANTACRUZ,2178147001,1.0,91.7,100.0,17.73,0.015,0.2,2.0,5.0,25.0,OUTLET,50.0,6.2,3.0,7.0,183.7,L
SC_32490,RG_SANTACRUZ,2178148201,1.0,5.0,100.0,26.28,0.015,0.2,2.0,5.0,25.0,OUTLET,50.0,6.2,3.0,7.0,168.1,L
SC_32491,RG_SANTACRUZ,2178148201,1.0,5.0,100.0,25.1,0.015,0.2,2.0,5.0,25.0,OUTLET,50.0,6.2,3.0,7.0,155.7,L
SC_32492,RG_SANTACRUZ,2178148301,1.0,5.8,100.0,11.88,0.015,0.2,2.0,5.0,25.0,OUTLET,50.0,6.2,3.0,7.0,148.9,L
SC_32493,RG_SANTACRUZ,2178148401,1.0,57.9,100.0,18.62,0.015,0.2,2.0,5.0,25.0,OUTLET,50.0,6.2,3.0,7.0,135.1,L
SC_32494,RG_SANTACRUZ,2178148501,1.0,64.5,100.0,22.17,0.015,0.2,2.0,5.0,25.0,OUTLET,50.0,6.2,3.0,7.0,122.5,L
SC_32495,RG_SANTACRUZ,2178148701,1.0,55.4,100.0,19.6,0.015,0.2,2.0,5.0,25.0,OUTLET,50.0,6.2,3.0,7.0,127.3,L
SC_32496,RG_SANTACRUZ,2178149701,1.0,52.1,100.0,22.36,0.015,0.2,2.0,5.0,25.0,OUTLET,50.0,6.2,3.0,7.0,61.0,L
SC_32497,RG_SANTACRUZ,2178149701,1.0,55.4,100.0,51.87,0.015,0.2,2.0,5.0,25.0,OUTLET,50.0,6.2,3.0,7.0,40.8,L
SC_32498,RG_SANTACRUZ,2178149701,1.0,61.2,100.0,17.81,0.015,0.2,2.0,5.0,25.0,OUTLET,50.0,6.2,3.0,7.0,140.0,L
SC_32499,RG_SANTACRUZ,2178149701,1.0,90.1,100.0,7.04,0.015,0.2,2.0,5.0,25.0,OUTLET,50.0,6.2,3.0,7.0,239.9,L
SC_32500,RG_SANTACRUZ,2178149701,1.0,61.2,100.0,5.78,0.015,0.2,2.0,5.0,25.0,OUTLET,50.0,6.2,3.0,7.0,339.8,L
SC_32501,RG_SANTACRUZ,2178148801,1.0,11.6,100.0,9.26,0.015,0.2,2.0,5.0,25.0,OUTLET,50.0,6.2,3.0,7.0,437.3,L
SC_32502,RG_SANTACRUZ,2178148801,1.0,46.3,100.0,11.74,0.015,0.2,2.0,5.0,25.0,OUTLET,50.0,6.2,3.0,7.0,535.6,L
SC_32759,RG_SANTACRUZ,2178138101,1.0,5.0,100.0,40.17,0.015,0.2,2.0,5.0,25.0,OUTLET,50.0,6.2,3.0,7.0,211.3,L
SC_32760,RG_SANTACRUZ,2178138101,1.0,29.8,100.0,48.92,0.015,0.2,2.0,5.0,25.0,OUTLET,50.0,6.2,3.0,7.0,227.8,L
SC_32761,RG_SANTACRUZ,2179130501,1.0,72.7,100.0,29.77,0.015,0.2,2.0,5.0,25.0,OUTLET,50.0,6.2,3.0,7.0,232.1,L
SC_32762,RG_SANTACRUZ,2179130501,1.0,5.8,100.0,9.42,0.015,0.2,2.0,5.0,25.0,OUTLET,50.0,6.2,3.0,7.0,132.1,L
SC_32763,RG_SANTACRUZ,2179130501,1.0,24.0,100.0,16.47,0.015,0.2,2.0,5.0,25.0,OUTLET,50.0,6.2,3.0,7.0,32.5,L
SC_32764,RG_SANTACRUZ,2179130602,1.0,95.0,100.0,20.73,0.015,0.2,2.0,5.0,25.0,OUTLET,50.0,6.2,3.0,7.0,22.0,L
SC_32765,RG_SANTACRUZ,2179130602,1.0,81.8,100.0,6.21,0.015,0.2,2.0,5.0,25.0,OUTLET,50.0,6.2,3.0,7.0,102.0,L
SC_32766,RG_SANTACRUZ,2179130602,1.0,95.0,100.0,27.0,0.015,0.2,2.0,5.0,25.0,OUTLET,50.0,6.2,3.0,7.0,200.8,L
SC_32767,RG_SANTACRUZ,2179130602,1.0,40.5,100.0,38.19,0.015,0.2,2.0,5.0,25.0,OUTLET,50.0,6.2,3.0,7.0,300.4,L
SC_32768,RG_SANTACRUZ,2178147001,1.0,64.5,100.0,30.32,0.015,0.2,2.0,5.0,25.0,OUTLET,50.0,6.2,3.0,7.0,283.6,L
SC_32769,RG_SANTACRUZ,2178148201,1.0,5.0,100.0,20.5,0.015,0.2,2.0,5.0,25.0,OUTLET,50.0,6.2,3.0,7.0,262.4,L
SC_32770,RG_SANTACRUZ,2178148201,1.0,5.0,100.0,19.75,0.015,0.2,2.0,5.0,25.0,OUTLET,50.0,6.2,3.0,7.0,254.5,L
SC_32771,RG_SANTACRUZ,2178148301,1.0,5.0,100.0,16.0,0.015,0.2,2.0,5.0,25.0,OUTLET,50.0,6.2,3.0,7.0,248.8,L
SC_32772,RG_SANTACRUZ,2179141601,1.0,5.0,100.0,18.85,0.015,0.2,2.0,5.0,25.0,OUTLET,50.0,6.2,3.0,7.0,222.6,L
SC_32773,RG_SANTACRUZ,2179141601,1.0,9.9,100.0,14.28,0.015,0.2,2.0,5.0,25.0,OUTLET,50.0,6.2,3.0,7.0,130.6,L
SC_32774,RG_SANTACRUZ,2179141601,1.0,19.8,100.0,12.03,0.015,0.2,2.0,5.0,25.0,OUTLET,50.0,6.2,3.0,7.0,67.3,L
SC_32775,RG_SANTACRUZ,2179140701,1.0,70.2,100.0,53.49,0.015,0.2,2.0,5.0,25.0,OUTLET,50.0,6.2,3.0,7.0,30.7,L
SC_32776,RG_SANTACRUZ,2179140701,1.0,28.1,100.0,59.96,0.015,0.2,2.0,5.0,25.0,OUTLET,50.0,6.2,3.0,7.0,88.2,L
SC_32777,RG_SANTACRUZ,2178149701,1.0,9.1,100.0,20.19,0.015,0.2,2.0,5.0,25.0,OUTLET,50.0,6.2,3.0,7.0,177.5,L
SC_32778,RG_SANTACRUZ,2178149701,1.0,5.0,100.0,15.26,0.015,0.2,2.0,5.0,25.0,OUTLET,50.0,6.2,3.0,7.0,263.5,L
SC_32779,RG_SANTACRUZ,2178149701,1.0,9.9,100.0,7.69,0.015,0.2,2.0,5.0,25.0,OUTLET,50.0,6.2,3.0,7.0,356.9,L
SC_32780,RG_SANTACRUZ,2178149701,1.0,47.1,100.0,34.47,0.015,0.2,2.0,5.0,25.0,OUTLET,50.0,6.2,3.0,7.0,453.1,L
SC_32781,RG_SANTACRUZ,2178149701,1.0,37.2,100.0,36.67,0.015,0.2,2.0,5.0,25.0,OUTLET,50.0,6.2,3.0,7.0,550.7,L
SC_33039,RG_SANTACRUZ,2179130501,1.0,17.4,100.0,45.75,0.015,0.2,2.0,5.0,25.0,OUTLET,50.0,6.2,3.0,7.0,250.6,L
SC_33040,RG_SANTACRUZ,2179130501,1.0,20.7,100.0,47.91,0.015,0.2,2.0,5.0,25.0,OUTLET,50.0,6.2,3.0,7.0,162.5,L
SC_33041,RG_SANTACRUZ,2179130501,1.0,66.1,100.0,15.77,0.015,0.2,2.0,5.0,25.0,OUTLET,50.0,6.2,3.0,7.0,100.0,L
SC_33042,RG_SANTACRUZ,2179130602,1.0,95.0,100.0,13.68,0.015,0.2,2.0,5.0,25.0,OUTLET,50.0,6.2,3.0,7.0,78.0,L
SC_33043,RG_SANTACRUZ,2179130602,1.0,86.0,100.0,28.87,0.015,0.2,2.0,5.0,25.0,OUTLET,50.0,6.2,3.0,7.0,126.5,L
SC_33044,RG_SANTACRUZ,2179130602,1.0,55.4,100.0,14.29,0.015,0.2,2.0,5.0,25.0,OUTLET,50.0,6.2,3.0,7.0,214.3,L
SC_33045,RG_SANTACRUZ,2179130602,1.0,5.8,100.0,8.15,0.015,0.2,2.0,5.0,25.0,OUTLET,50.0,6.2,3.0,7.0,309.6,L
SC_33046,RG_SANTACRUZ,2178147001,1.0,9.9,100.0,11.32,0.015,0.2,2.0,5.0,25.0,OUTLET,50.0,6.2,3.0,7.0,383.6,L
SC_33047,RG_SANTACRUZ,2178148201,1.0,34.7,100.0,10.22,0.015,0.2,2.0,5.0,25.0,OUTLET,50.0,6.2,3.0,7.0,359.7,L
SC_33048,RG_SANTACRUZ,2178148201,1.0,14.0,100.0,16.47,0.015,0.2,2.0,5.0,25.0,OUTLET,50.0,6.2,3.0,7.0,354.1,L
SC_33049,RG_SANTACRUZ,2179141601,1.0,32.2,100.0,13.77,0.015,0.2,2.0,5.0,25.0,OUTLET,50.0,6.2,3.0,7.0,314.5,L
SC_33050,RG_SANTACRUZ,2179141601,1.0,57.0,100.0,26.13,0.015,0.2,2.0,5.0,25.0,OUTLET,50.0,6.2,3.0,7.0,215.3,L
SC_33051,RG_SANTACRUZ,2179141601,1.0,14.0,100.0,34.03,0.015,0.2,2.0,5.0,25.0,OUTLET,50.0,6.2,3.0,7.0,117.6,L
SC_33052,RG_SANTACRUZ,2179141601,1.0,12.4,100.0,8.96,0.015,0.2,2.0,5.0,25.0,OUTLET,50.0,6.2,3.0,7.0,36.2,L
SC_33053,RG_SANTACRUZ,2179141701,1.0,62.8,100.0,32.79,0.015,0.2,2.0,5.0,25.0,OUTLET,50.0,6.2,3.0,7.0,41.1,L
SC_33054,RG_SANTACRUZ,2179141701,1.0,70.2,100.0,52.91,0.015,0.2,2.0,5.0,25.0,OUTLET,50.0,6.2,3.0,7.0,129.5,L
SC_33055,RG_SANTACRUZ,2179140701,1.0,13.2,100.0,78.06,0.015,0.2,2.0,5.0,25.0,OUTLET,50.0,6.2,3.0,7.0,223.3,L
SC_33056,RG_SANTACRUZ,2179140701,1.0,5.8,100.0,57.42,0.015,0.2,2.0,5.0,25.0,OUTLET,50.0,6.2,3.0,7.0,311.0,L
SC_33057,RG_SANTACRUZ,2178149701,1.0,9.1,100.0,13.87,0.015,0.2,2.0,5.0,25.0,OUTLET,50.0,6.2,3.0,7.0,399.1,L
SC_33058,RG_SANTACRUZ,2179155101,1.0,5.0,100.0,18.87,0.015,0.2,2.0,5.0,25.0,OUTLET,50.0,6.2,3.0,7.0,449.3,L
SC_33316,RG_SANTACRUZ,2179130501,1.0,90.9,100.0,28.2,0.015,0.2,2.0,5.0,25.0,OUTLET,50.0,6.2,3.0,7.0,235.3,L
SC_33317,RG_SANTACRUZ,2179130601,1.0,64.5,100.0,24.86,0.015,0.2,2.0,5.0,25.0,OUTLET,50.0,6.2,3.0,7.0,196.8,L
SC_33318,RG_SANTACRUZ,2179130602,1.0,95.0,100.0,8.88,0.015,0.2,2.0,5.0,25.0,OUTLET,50.0,6.2,3.0,7.0,178.0,L
SC_33319,RG_SANTACRUZ,2179130602,1.0,95.0,100.0,8.8,0.015,0.2,2.0,5.0,25.0,OUTLET,50.0,6.2,3.0,7.0,204.0,L
SC_33320,RG_SANTACRUZ,2179130602,1.0,89.3,100.0,22.76,0.015,0.2,2.0,5.0,25.0,OUTLET,50.0,6.2,3.0,7.0,267.4,L
SC_33321,RG_SANTACRUZ,2179130602,1.0,73.6,100.0,15.65,0.015,0.2,2.0,5.0,25.0,OUTLET,50.0,6.2,3.0,7.0,348.5,L
SC_33322,RG_SANTACRUZ,2179130602,1.0,53.7,100.0,13.09,0.015,0.2,2.0,5.0,25.0,OUTLET,50.0,6.2,3.0,7.0,437.4,L
SC_33323,RG_SANTACRUZ,2178148201,1.0,49.6,100.0,10.76,0.015,0.2,2.0,5.0,25.0,OUTLET,50.0,6.2,3.0,7.0,458.2,L
SC_33324,RG_SANTACRUZ,2179141601,1.0,17.4,100.0,7.24,0.015,0.2,2.0,5.0,25.0,OUTLET,50.0,6.2,3.0,7.0,433.8,L
SC_33325,RG_SANTACRUZ,2179141601,1.0,68.6,100.0,7.97,0.015,0.2,2.0,5.0,25.0,OUTLET,50.0,6.2,3.0,7.0,340.1,L
SC_33326,RG_SANTACRUZ,2179141601,1.0,76.0,100.0,14.41,0.015,0.2,2.0,5.0,25.0,OUTLET,50.0,6.2,3.0,7.0,251.3,L
SC_33327,RG_SANTACRUZ,2179141601,1.0,34.7,100.0,13.94,0.015,0.2,2.0,5.0,25.0,OUTLET,50.0,6.2,3.0,7.0,175.0,L
SC_33328,RG_SANTACRUZ,2179141601,1.0,5.0,100.0,8.01,0.015,0.2,2.0,5.0,25.0,OUTLET,50.0,6.2,3.0,7.0,134.5,L
SC_33329,RG_SANTACRUZ,2179141701,1.0,49.6,100.0,14.79,0.015,0.2,2.0,5.0,25.0,OUTLET,50.0,6.2,3.0,7.0,134.7,L
SC_33330,RG_SANTACRUZ,2179141701,1.0,74.4,100.0,37.72,0.015,0.2,2.0,5.0,25.0,OUTLET,50.0,6.2,3.0,7.0,182.3,L
SC_33331,RG_SANTACRUZ,2179141701,1.0,94.2,100.0,31.84,0.015,0.2,2.0,5.0,25.0,OUTLET,50.0,6.2,3.0,7.0,261.3,L
SC_33332,RG_SANTACRUZ,2179141701,1.0,62.8,100.0,40.46,0.015,0.2,2.0,5.0,25.0,OUTLET,50.0,6.2,3.0,7.0,351.2,L
SC_33333,RG_SANTACRUZ,2179155101,1.0,60.3,100.0,14.54,0.015,0.2,2.0,5.0,25.0,OUTLET,50.0,6.2,3.0,7.0,344.4,L
SC_33334,RG_SANTACRUZ,2179155101,1.0,53.7,100.0,18.74,0.015,0.2,2.0,5.0,25.0,OUTLET,50.0,6.2,3.0,7.0,351.0,L
SC_33593,RG_SANTACRUZ,2179135401,1.0,36.4,100.0,56.18,0.015,0.2,2.0,5.0,25.0,OUTLET,50.0,6.2,3.0,7.0,268.7,L
SC_33594,RG_SANTACRUZ,2179130602,1.0,70.2,100.0,33.66,0.015,0.2,2.0,5.0,25.0,OUTLET,50.0,6.2,3.0,7.0,278.0,L
SC_33595,RG_SANTACRUZ,2179130602,1.0,95.0,100.0,13.11,0.015,0.2,2.0,5.0,25.0,OUTLET,50.0,6.2,3.0,7.0,295.3,L
SC_33596,RG_SANTACRUZ,2179130602,1.0,95.0,100.0,14.41,0.015,0.2,2.0,5.0,25.0,OUTLET,50.0,6.2,3.0,7.0,342.3,L
SC_33597,RG_SANTACRUZ,2179130602,1.0,82.6,100.0,23.78,0.015,0.2,2.0,5.0,25.0,OUTLET,50.0,6.2,3.0,7.0,408.7,L
SC_33598,RG_SANTACRUZ,2179130602,1.0,65.3,100.0,20.27,0.015,0.2,2.0,5.0,25.0,OUTLET,50.0,6.2,3.0,7.0,486.8,L
SC_33599,RG_SANTACRUZ,2178148201,1.0,92.6,100.0,19.58,0.015,0.2,2.0,5.0,25.0,OUTLET,50.0,6.2,3.0,7.0,557.2,L
SC_33600,RG_SANTACRUZ,2179141601,1.0,76.9,100.0,17.76,0.015,0.2,2.0,5.0,25.0,OUTLET,50.0,6.2,3.0,7.0,474.3,L
SC_33601,RG_SANTACRUZ,2179141601,1.0,95.0,100.0,18.47,0.015,0.2,2.0,5.0,25.0,OUTLET,50.0,6.2,3.0,7.0,390.5,L
SC_33602,RG_SANTACRUZ,2179141601,1.0,82.6,100.0,17.7,0.015,0.2,2.0,5.0,25.0,OUTLET,50.0,6.2,3.0,7.0,316.1,L
SC_33603,RG_SANTACRUZ,2179141601,1.0,43.8,100.0,8.29,0.015,0.2,2.0,5.0,25.0,OUTLET,50.0,6.2,3.0,7.0,259.6,L
SC_33604,RG_SANTACRUZ,2179141601,1.0,17.4,100.0,6.17,0.015,0.2,2.0,5.0,25.0,OUTLET,50.0,6.2,3.0,7.0,234.3,L
SC_33605,RG_SANTACRUZ,2179141701,1.0,76.0,100.0,21.21,0.015,0.2,2.0,5.0,25.0,OUTLET,50.0,6.2,3.0,7.0,233.7,L
SC_33606,RG_SANTACRUZ,2179141701,1.0,89.3,100.0,37.08,0.015,0.2,2.0,5.0,25.0,OUTLET,50.0,6.2,3.0,7.0,264.0,L
SC_33607,RG_SANTACRUZ,2179141701,1.0,58.7,100.0,31.58,0.015,0.2,2.0,5.0,25.0,OUTLET,50.0,6.2,3.0,7.0,323.7,L
SC_33608,RG_SANTACRUZ,2179155101,1.0,79.3,100.0,17.1,0.015,0.2,2.0,5.0,25.0,OUTLET,50.0,6.2,3.0,7.0,274.6,L
SC_33609,RG_SANTACRUZ,2179155101,1.0,63.6,100.0,14.73,0.015,0.2,2.0,5.0,25.0,OUTLET,50.0,6.2,3.0,7.0,244.9,L
SC_33869,RG_SANTACRUZ,2179135401,1.0,5.0,100.0,59.69,0.015,0.2,2.0,5.0,25.0,OUTLET,50.0,6.2,3.0,7.0,269.5,L
SC_33870,RG_SANTACRUZ,2179135401,1.0,14.0,100.0,64.02,0.015,0.2,2.0,5.0,25.0,OUTLET,50.0,6.2,3.0,7.0,359.9,L
SC_33871,RG_SANTACRUZ,2179130602,1.0,63.6,100.0,49.29,0.015,0.2,2.0,5.0,25.0,OUTLET,50.0,6.2,3.0,7.0,427.5,L
SC_33872,RG_SANTACRUZ,2179130602,1.0,92.6,100.0,20.55,0.015,0.2,2.0,5.0,25.0,OUTLET,50.0,6.2,3.0,7.0,482.3,L
SC_33873,RG_SANTACRUZ,2179130602,1.0,61.2,100.0,10.58,0.015,0.2,2.0,5.0,25.0,OUTLET,50.0,6.2,3.0,7.0,550.1,L
SC_33874,RG_SANTACRUZ,2179141601,1.0,48.8,100.0,13.93,0.015,0.2,2.0,5.0,25.0,OUTLET,50.0,6.2,3.0,7.0,611.8,L
SC_33875,RG_SANTACRUZ,2179141601,1.0,62.0,100.0,16.35,0.015,0.2,2.0,5.0,25.0,OUTLET,50.0,6.2,3.0,7.0,530.8,L
SC_33876,RG_SANTACRUZ,2179141601,1.0,71.9,100.0,17.37,0.015,0.2,2.0,5.0,25.0,OUTLET,50.0,6.2,3.0,7.0,457.4,L
SC_33877,RG_SANTACRUZ,2179141601,1.0,92.6,100.0,21.87,0.015,0.2,2.0,5.0,25.0,OUTLET,50.0,6.2,3.0,7.0,395.9,L
SC_33878,RG_SANTACRUZ,2179141601,1.0,38.8,100.0,12.26,0.015,0.2,2.0,5.0,25.0,OUTLET,50.0,6.2,3.0,7.0,352.4,L
SC_33879,RG_SANTACRUZ,2179141601,1.0,61.2,100.0,24.25,0.015,0.2,2.0,5.0,25.0,OUTLET,50.0,6.2,3.0,7.0,334.2,L
SC_33880,RG_SANTACRUZ,2179141701,1.0,57.0,100.0,48.71,0.015,0.2,2.0,5.0,25.0,OUTLET,50.0,6.2,3.0,7.0,333.3,L
SC_33881,RG_SANTACRUZ,2179141701,1.0,69.4,100.0,39.89,0.015,0.2,2.0,5.0,25.0,OUTLET,50.0,6.2,3.0,7.0,355.2,L
SC_33882,RG_SANTACRUZ,2179155101,1.0,41.3,100.0,29.59,0.015,0.2,2.0,5.0,25.0,OUTLET,50.0,6.2,3.0,7.0,268.6,L
SC_33883,RG_SANTACRUZ,2179155101,1.0,70.2,100.0,12.25,0.015,0.2,2.0,5.0,25.0,OUTLET,50.0,6.2,3.0,7.0,191.6,L
SC_34144,RG_SANTACRUZ,2179135401,1.0,5.0,100.0,29.27,0.015,0.2,2.0,5.0,25.0,OUTLET,50.0,6.2,3.0,7.0,336.2,L
SC_34145,RG_SANTACRUZ,2179135401,1.0,5.0,100.0,49.96,0.015,0.2,2.0,5.0,25.0,OUTLET,50.0,6.2,3.0,7.0,435.9,L
SC_34146,RG_SANTACRUZ,2179135401,1.0,24.8,100.0,52.74,0.015,0.2,2.0,5.0,25.0,OUTLET,50.0,6.2,3.0,7.0,535.7,L
SC_34147,RG_SANTACRUZ,2179130602,1.0,8.3,100.0,42.07,0.015,0.2,2.0,5.0,25.0,OUTLET,50.0,6.2,3.0,7.0,623.0,L
SC_34148,RG_SANTACRUZ,2179141601,1.0,5.0,100.0,23.87,0.015,0.2,2.0,5.0,25.0,OUTLET,50.0,6.2,3.0,7.0,671.6,L
SC_34149,RG_SANTACRUZ,2179141601,1.0,5.0,100.0,10.24,0.015,0.2,2.0,5.0,25.0,OUTLET,50.0,6.2,3.0,7.0,598.8,L
SC_34150,RG_SANTACRUZ,2179141601,1.0,5.0,100.0,6.94,0.015,0.2,2.0,5.0,25.0,OUTLET,50.0,6.2,3.0,7.0,534.8,L
SC_34151,RG_SANTACRUZ,2179141601,1.0,37.2,100.0,7.99,0.015,0.2,2.0,5.0,25.0,OUTLET,50.0,6.2,3.0,7.0,483.2,L
SC_34152,RG_SANTACRUZ,2179141601,1.0,9.1,100.0,16.59,0.015,0.2,2.0,5.0,25.0,OUTLET,50.0,6.2,3.0,7.0,448.3,L
SC_34153,RG_SANTACRUZ,2179141601,1.0,5.0,100.0,22.39,0.015,0.2,2.0,5.0,25.0,OUTLET,50.0,6.2,3.0,7.0,434.1,L
SC_34155,RG_SANTACRUZ,2179155101,1.0,60.3,100.0,33.98,0.015,0.2,2.0,5.0,25.0,OUTLET,50.0,6.2,3.0,7.0,330.0,L
SC_34418,RG_SANTACRUZ,2179135401,1.0,5.0,100.0,37.12,0.015,0.2,2.0,5.0,25.0,OUTLET,50.0,6.2,3.0,7.0,439.9,L
SC_34419,RG_SANTACRUZ,2179135401,1.0,5.0,100.0,50.64,0.015,0.2,2.0,5.0,25.0,OUTLET,50.0,6.2,3.0,7.0,538.9,L
SC_34420,RG_SANTACRUZ,2179135401,1.0,5.0,100.0,56.33,0.015,0.2,2.0,5.0,25.0,OUTLET,50.0,6.2,3.0,7.0,638.3,L
SC_34421,RG_SANTACRUZ,2180140601,1.0,5.0,100.0,74.24,0.015,0.2,2.0,5.0,25.0,OUTLET,50.0,6.2,3.0,7.0,676.5,L
SC_34422,RG_SANTACRUZ,2180140601,1.0,5.0,100.0,54.35,0.015,0.2,2.0,5.0,25.0,OUTLET,50.0,6.2,3.0,7.0,601.4,L
SC_34423,RG_SANTACRUZ,2180140601,1.0,5.0,100.0,51.81,0.015,0.2,2.0,5.0,25.0,OUTLET,50.0,6.2,3.0,7.0,534.4,L
SC_34424,RG_SANTACRUZ,2180140601,1.0,5.0,100.0,63.97,0.015,0.2,2.0,5.0,25.0,OUTLET,50.0,6.2,3.0,7.0,479.0,L
SC_34694,RG_SANTACRUZ,2180132501,1.0,5.0,100.0,38.36,0.015,0.2,2.0,5.0,25.0,OUTLET,50.0,6.2,3.0,7.0,638.4,L
SC_34695,RG_SANTACRUZ,2180140601,1.0,5.0,100.0,53.19,0.015,0.2,2.0,5.0,25.0,OUTLET,50.0,6.2,3.0,7.0,619.5,L
SC_34696,RG_SANTACRUZ,2180140601,1.0,5.0,100.0,53.73,0.015,0.2,2.0,5.0,25.0,OUTLET,50.0,6.2,3.0,7.0,536.3,L
SC_34697,RG_SANTACRUZ,2180140601,1.0,5.0,100.0,50.61,0.015,0.2,2.0,5.0,25.0,OUTLET,50.0,6.2,3.0,7.0,460.0,L
SC_34698,RG_SANTACRUZ,2180140601,1.0,5.0,100.0,40.48,0.015,0.2,2.0,5.0,25.0,OUTLET,50.0,6.2,3.0,7.0,394.3,L
SC_34969,RG_SANTACRUZ,2180140601,1.0,5.0,100.0,24.88,0.015,0.2,2.0,5.0,25.0,OUTLET,50.0,6.2,3.0,7.0,574.2,L
SC_34970,RG_SANTACRUZ,2180140601,1.0,5.0,100.0,48.06,0.015,0.2,2.0,5.0,25.0,OUTLET,50.0,6.2,3.0,7.0,483.4,L
